g Asphalt
v -171.0242 0 -15.37252
v -153.2313 0 -18.09549
v -152.2266 0 -11.53033
v -171.0997 0 -14.2608
v -171.5994 0 -13.25874
v -172.4136 0 -12.47237
v -173.4324 0 -12.00769
v -174.546 0 -11.97074
v -177.8845 0 5.716969
v -151.8721 0 -10.54136
v -151.195 0 -9.731794
v -150.2923 0 -9.184954
v -149.2611 0 -8.984159
v -147.9468 0 -8.984159
v -147.9468 0 9.015842
v -171.3345 0 6.953219
v -170.3598 0 7.340837
v -169.5748 0 8.043766
v -169.0592 0 8.962695
v -168.8925 0 9.998312
v -149.0567 0 9.253405
v -150.0037 0 9.891248
v -150.6719 0 10.8171
v -168.9358 0 11.33586
v -150.9453 0 11.9187
v 128.9897 0 9.015838
v 128.9897 0 -8.984161
v 129.8107 0 -8.984161
v 158.2529 0 5.794565
v 152.3552 0 6.91403
v 151.3726 0 7.308391
v 150.5848 0 8.023212
v 150.0729 0 8.955713
v 149.918 0 10.00311
v 130.0899 0 9.248652
v 131.0318 0 9.874865
v 131.7018 0 10.78614
v 149.9663 0 11.02392
v 131.9864 0 11.87414
v 130.8622 0 -9.194021
v 131.7769 0 -9.763512
v 132.453 0 -10.60249
v 132.7886 0 -11.62082
v 154.8962 0 -11.88969
v 153.798 0 -11.92057
v 152.7885 0 -12.36691
v 151.9744 0 -13.12889
v 151.4623 0 -14.10666
v 151.3589 0 -15.2004
v 133.4914 0 -17.38048
v 140.9599 0 -90.82583
v 158.9522 0 -91.35197
v 159.1905 0 -90.31146
v 140.9934 0 -89.6807
v 159.7814 0 -89.41628
v 140.8269 0 -88.68179
v 160.6333 0 -88.76453
v 161.6547 0 -88.45432
v 140.3233 0 -87.79902
v 162.8288 0 -88.33781
v 161.0515 0 -70.42578
v 139.5667 0 -87.10915
v 138.6413 0 -86.68892
v 137.6313 0 -86.6151
v 137.8079 0 -77.52681
v 136.5413 0 -77.68135
v 138.9003 0 -77.14361
v 139.7706 0 -76.36903
v 140.3132 0 -75.33804
v 140.4225 0 -74.18555
v 139.9098 0 -69.98384
v 159.9169 0 -70.29643
v 158.9074 0 -69.74781
v 158.1515 0 -68.88267
v 157.7773 0 -67.80378
v -307.6081 0 -25.44175
v -293.7673 0 -36.94964
v -292.0146 0 -34.84166
v -291.2282 0 -34.17571
v -290.2642 0 -33.81169
v -284.6982 0 -32.76115
v -288.0366 0 -15.07342
v -307.0938 0 -24.5205
v -306.9232 0 -23.47668
v -307.1176 0 -22.43965
v -308.1739 0 -19.71427
v -289.0648 0 -15.07242
v -290.0364 0 -14.72261
v -290.8465 0 -14.08225
v -291.3903 0 -13.20958
v 136.6435 0 -144.8439
v 137.174 0 -153.8283
v 137.6543 0 -153.7999
v 158.2234 0 -152.096
v 157.2287 0 -147.779
v 157.3842 0 -142.4608
v 137.7021 0 -144.561
v 138.5926 0 -143.9128
v 139.2141 0 -143.0033
v 139.4653 0 -141.9368
v 138.6849 0 -153.9356
v 139.6112 0 -154.4172
v 140.3342 0 -155.1704
v 140.7546 0 -156.1211
v 158.4601 0 -232.9625
v 178.6293 0 -232.0045
v 177.547 0 -231.573
v 176.6855 0 -230.7888
v 176.1898 0 -229.7426
v 176.0005 0 -228.9209
v 179.7868 0 -231.9924
v 158.5017 0 -233.9284
v 158.2222 0 -234.857
v 157.677 0 -235.6663
v 156.9213 0 -236.2742
v 156.0105 0 -236.5984
v 183.8284 0 -249.5328
v 183.6415 0 -249.5759
v 182.6042 0 -250.064
v 181.8222 0 -250.912
v 181.3848 0 -251.9793
v 181.3812 0 -253.1257
v 160.284 0 -254.1437
v 158.8535 0 -254.3725
v 161.404 0 -254.1989
v 162.4309 0 -254.6653
v 163.2362 0 -255.4548
v 163.6916 0 -256.4796
v 163.778 0 -256.8841
v 137.8311 0 135.478
v 155.8116 0 134.6396
v 156.0385 0 135.5927
v 137.6949 0 136.4488
v 156.5724 0 136.4181
v 157.3339 0 137.0498
v 137.2408 0 137.3212
v 158.2437 0 137.4221
v 136.5416 0 138.022
v 159.2223 0 137.4692
v 160.4645 0 146.3831
v 135.6703 0 138.4782
v 134.6998 0 138.6167
v 134.2959 0 147.6076
v 158.4167 0 146.6684
v 157.4598 0 146.9875
v 156.6595 0 147.6082
v 134.8316 0 147.6317
v 156.0934 0 148.4479
v 135.9671 0 147.94
v 136.9015 0 148.6679
v 155.8385 0 149.4238
v 137.5154 0 149.6809
v 155.6426 0 152.1398
v 137.6892 0 150.8446
v 126.3547 0 290.815
v 146.8091 0 291.4525
v 145.8776 0 291.7186
v 145.0567 0 292.2332
v 144.4339 0 292.9573
v 144.0966 0 293.8521
v 128.6258 0 273.437
v 128.9204 0 272.3859
v 146.8738 0 273.6811
v 127.9706 0 274.3172
v 146.5634 0 277.9835
v 127.0587 0 274.9276
v 125.9941 0 275.1693
v 123.6633 0 275.2205
v 123.861 0 284.2183
v 146.6868 0 279.0474
v 147.171 0 280.0058
v 147.9543 0 280.7363
v 153.4587 0 284.2107
v 124.8797 0 284.4014
v 147.764 0 291.4738
v 148.6548 0 291.8214
v 125.7709 0 284.9358
v 126.455 0 285.7291
v 126.8525 0 286.6891
v 126.8838 0 287.7238
v 126.3547 0 290.815
v 147.764 0 291.4738
v 146.8091 0 291.4525
v 126.3547 0 290.815
v 367.6614 0 -50.96614
v 385.5748 0 -52.72953
v 385.8369 0 -51.81276
v 386.3838 0 -51.02819
v 387.1407 0 -50.43441
v 367.8284 0 -49.26942
v 388.0329 0 -50.09006
v 388.9857 0 -50.05374
v 391.537 0 -32.23924
v 367.7179 0 -48.18893
v 367.2268 0 -47.21396
v 366.439 0 -46.45818
v 365.4386 0 -46.03527
v 379.379 0 -30.49798
v 369.0125 0 -28.39747
v 102.8888 0 404.3332
v 102.9254 0 395.3332
v 105.9186 0 395.3454
v 126.6271 0 395.8883
v 125.6456 0 401.6216
v 103.9137 0 404.5482
v 123.3781 0 411.8694
v 104.7966 0 405.1191
v 105.4588 0 405.9473
v 105.8214 0 406.9342
v 105.8058 0 407.9813
v 106.9415 0 395.1527
v 107.8408 0 394.6196
v 108.5213 0 393.8259
v 108.8877 0 392.8516
v 471.5674 0 -62.90441
v 483.7888 0 -81.49237
v 491.309 0 -76.54798
v 490.9486 0 -75.5881
v 491.0072 0 -74.58138
v 491.4088 0 -73.62114
v 492.0773 0 -72.80074
v 492.9367 0 -72.21352
v 493.9109 0 -71.95282
v 501.572 0 -55.38474
v 494.9237 0 -72.11197
v 470.6664 0 -62.02351
v 469.486 0 -61.58286
v 454.1571 0 -59.38747
v 456.709 0 -41.56927
v 472.9218 0 -43.99773
v 471.8788 0 -43.2949
v 471.2088 0 -42.23039
v 457.7055 0 -41.50941
v 458.6117 0 -41.09452
v 468.4186 0 -34.51745
v 459.3587 0 -40.40933
v 459.8776 0 -39.53854
v 460.0995 0 -38.56687
v 459.9554 0 -37.57904
v 214.4552 0 -422.205
v 219.2859 0 -429.7988
v 220.1705 0 -429.4394
v 221.1267 0 -429.3865
v 239.1191 0 -421.8933
v 222.062 0 -429.6174
v 222.8838 0 -430.1092
v 223.4995 0 -430.839
v 215.5502 0 -421.5085
v 238.8928 0 -421.4982
v 216.3174 0 -420.7781
v 238.5371 0 -420.436
v 216.7848 0 -419.8219
v 238.5877 0 -419.3138
v 216.915 0 -418.7657
v 239.0376 0 -418.2879
v 216.6706 0 -417.735
v 246.7259 0 -407.2943
v 210.4018 0 -403.9554
v 230.2878 0 -398.0458
v 231.2329 0 -397.6743
v 231.9751 0 -396.9786
v 229.2552 0 -398.1037
v 228.2505 0 -397.8586
v 227.389 0 -397.321
v 226.786 0 -396.5016
v 93.61784 0 500.4033
v 105.6218 0 492.1303
v 105.6142 0 493.2092
v 106.0091 0 494.2184
v 106.7171 0 495.0525
v 107.6487 0 495.6062
v 108.7145 0 495.774
v 109.2053 0 504.7606
v 105.0312 0 504.9886
v 104.0908 0 505.2076
v 103.2658 0 505.7157
v 102.6317 0 506.4484
v 86.61711 0 494.7032
v 88.04686 0 488.2415
v 86.2457 0 495.5992
v 85.60571 0 496.3325
v 84.77417 0 496.8383
v 83.82809 0 497.0518
v 79.79095 0 497.2406
v 80.21136 0 506.2308
v 81.27093 0 506.4047
v 82.19557 0 506.9597
v 82.89748 0 507.7916
v 102.2644 0 507.3414
v 100.8639 0 513.7267
v 83.28883 0 508.7965
v 83.28183 0 509.8702
v 321.9829 0 123.874
v 320.7407 0 114.9601
v 325.5173 0 123.3814
v 326.4865 0 123.4103
v 327.3993 0 123.7429
v 328.1599 0 124.3443
v 329.4836 0 125.813
v 321.6826 0 114.6389
v 322.4622 0 114.0148
v 342.8546 0 113.7623
v 323.0195 0 113.1778
v 342.1819 0 112.5178
v 323.2946 0 112.2178
v 323.2277 0 111.2248
v 340.6343 0 106.641
v 58.46021 0 623.0356
v 60.40842 0 614.1534
v 77.99044 0 618.0099
v 77.96853 0 618.9741
v 78.28136 0 619.8851
v 78.86021 0 620.6729
v 79.63633 0 621.2671
v 80.54099 0 621.5979
v 85.00822 0 639.2235
v 81.50545 0 621.5951
v 58.08764 0 623.9364
v 57.4437 0 624.673
v 56.6067 0 625.1794
v 55.65494 0 625.3903
v 56.40424 0 643.3478
v 66.33773 0 642.9333
v 88.68837 0 -266.0602
v 96.6342 0 -270.2869
v 99.39999 0 -265.0875
v 88.98472 0 -264.9903
v 99.95394 0 -264.3552
v 88.84804 0 -263.8831
v 100.7024 0 -263.8205
v 88.34557 0 -262.8737
v 101.5748 0 -263.534
v 102.652 0 -263.3617
v 99.82692 0 -245.6989
v 87.54456 0 -262.0973
v 86.51225 0 -261.6888
v 89.32925 0 -244.0247
v 275.3031 0 -521.282
v 293.311 0 -513.791
v 292.3685 0 -513.5637
v 291.5396 0 -513.0719
v 290.9191 0 -512.3384
v 294.2729 0 -513.7311
v 304.9834 0 -528.4441
v 303.2693 0 -529.5605
v 302.5015 0 -530.3123
v 302.0461 0 -531.2915
v 281.4819 0 -532.0704
v 301.9394 0 -532.3661
v 302.2174 0 -533.4041
v 286.0859 0 -541.381
v 295.1597 0 -513.3612
v 581.6907 0 -107.9949
v 582.316 0 -108.7472
v 597.8167 0 -99.70445
v 580.8583 0 -107.4813
v 560.8979 0 -99.3354
v 596.2603 0 -97.03657
v 567.6992 0 -82.66962
v 568.7703 0 -82.84337
v 569.8182 0 -82.57347
v 588.7938 0 -73.54715
v 570.7386 0 -81.95621
v 571.4272 0 -81.08789
v 571.7797 0 -80.0648
v 571.6918 0 -78.98323
v 314.036 0 -588.9601
v 320.5157 0 -589.775
v 322.7616 0 -571.9159
v 291.3793 0 -585.699
v 293.9436 0 -567.8831
v 321.8239 0 -571.6306
v 321.0237 0 -571.0613
v 320.4467 0 -570.269
v 294.9874 0 -567.8071
v 295.9204 0 -567.3384
v 313.1955 0 -555.6051
v 296.6685 0 -566.5792
v 297.1573 0 -565.6321
v 297.3127 0 -564.5995
v 297.0602 0 -563.5839
v -620.8416 0 174.1097
v -616.4274 0 171.8724
v -608.2897 0 187.9279
v -626.5461 0 178.4209
v -630.5168 0 184.3865
v -632.2921 0 191.313
v -609.1412 0 188.6236
v -609.6681 0 189.5946
v -609.8469 0 190.6962
v -609.6542 0 191.784
v -633.2863 0 204.9391
v -609.0665 0 192.7133
v -603.8093 0 198.0293
v -612.2149 0 203.6187
v -613.3116 0 203.8385
v -614.2883 0 204.3838
v -615.0079 0 205.2041
v -615.3337 0 206.2489
v -611.1349 0 203.7749
v -610.2086 0 204.3578
v 372.9695 0 179.5008
v 380.2036 0 186.0214
v 379.0985 0 186.3661
v 377.4284 0 187.3186
v 381.3642 0 186.1233
v 382.415 0 186.6265
v 373.7565 0 178.8087
v 398.8264 0 178.5682
v 374.2443 0 177.8764
v 374.4128 0 176.8286
v 374.242 0 175.7904
v 373.7117 0 174.8864
v 394.9287 0 171.7341
v 370.6292 0 171.4662
v 394.5502 0 170.504
v 394.7136 0 169.2273
v 397.5128 0 161.4892
v 385.7662 0 160.2693
v 384.804 0 160.0078
v 384 0 159.4155
v 383.1907 0 187.4858
v 386.7791 0 160.2211
v 387.7355 0 159.8841
v 388.5281 0 159.2792
v 389.0496 0 158.4276
v -343.4808 0 71.38544
v -342.2923 0 68.31896
v -325.5088 0 74.82365
v -344.16 0 72.4203
v -345.1951 0 73.09905
v -356.6038 0 77.51507
v -325.6873 0 75.78521
v -325.5349 0 76.75446
v -325.0967 0 77.63951
v -350.1062 0 94.30139
v -324.4184 0 78.34848
v -323.5455 0 78.78951
v -321.6805 0 79.32924
v -325.2632 0 87.89885
v -326.2989 0 88.23292
v -327.1776 0 88.89265
v -327.7874 0 89.79402
v -328.0164 0 90.85297
v -324.1824 0 87.97449
v -328.0164 0 90.85297
v -348.9869 0 94.13771
v -350.1062 0 94.30139
v -348.9869 0 94.13771
v -328.0164 0 90.85297
v -328.0232 0 97.12198
v -347.8871 0 94.42642
v -346.9387 0 95.07706
v -346.2735 0 95.99921
v -346.0233 0 97.10239
v 595.6673 0 -140.3665
v 596.0482 0 -149.3584
v 601.9301 0 -149.1093
v 622.5778 0 -145.9424
v 619.8054 0 -137.2883
v 596.6345 0 -140.1255
v 597.4485 0 -139.5532
v 598.0574 0 -138.7449
v 598.409 0 -137.7959
v 598.4511 0 -136.8016
v 613.6793 0 -126.7873
v 598.1317 0 -135.8575
v 603.0376 0 -149.2946
v 604.0043 0 -149.8786
v 622.9683 0 -150.1787
v 604.7124 0 -150.7584
v 605.0444 0 -151.8311
v -360.564 0 212.005
v -350.7625 0 196.9077
v -349.7952 0 197.2756
v -328.1389 0 203.506
v -327.9612 0 204.4622
v -327.4753 0 205.3082
v -326.7552 0 205.9756
v -325.8747 0 206.3958
v -324.9078 0 206.5004
v -323.5211 0 224.4469
v -348.4124 0 219.894
v -347.6124 0 220.6731
v -347.144 0 221.6904
v -347.0721 0 222.8048
v -347.3536 0 224.9265
v -326.7672 0 224.6977
v -327.7428 0 224.958
v -328.5801 0 225.5295
v -329.1966 0 226.3343
v -329.5099 0 227.2942
v -346.3481 0 195.4061
v -346.1289 0 194.3947
v -328.129 0 194.4143
v -346.9317 0 196.2582
v -347.7724 0 196.8926
v -348.7627 0 197.2512
v 407.8833 0 230.7804
v 423.464 0 221.8941
v 426.4487 0 227.1273
v 430.7204 0 241.9296
v 408.2136 0 231.7233
v 408.2161 0 232.7262
v 407.9076 0 233.6805
v 407.3052 0 234.4775
v 402.4932 0 238.8915
v 410.3897 0 244.838
v 409.4209 0 245.0141
v 408.5768 0 245.5238
v 411.3819 0 244.9673
v 412.2964 0 245.3735
v 413.0318 0 246.0281
v 413.4871 0 246.9028
v 429.3499 0 303.221
v 446.5432 0 298.0522
v 447.0477 0 298.9448
v 447.8572 0 299.5462
v 448.8512 0 299.8548
v 449.9094 0 299.869
v 469.3576 0 303.7712
v 450.9114 0 299.5871
v 451.7367 0 299.0077
v 452.265 0 298.1289
v 440.0439 0 338.794
v 458.2052 0 337.5562
v 458.0658 0 338.7628
v 440.183 0 340.3557
v -178.7464 0 130.0638
v -176.2444 0 121.4186
v -175.1808 0 121.4975
v -154.533 0 122.6592
v -154.3255 0 123.7892
v -153.7032 0 124.7635
v -152.7798 0 125.4592
v -151.6692 0 125.7533
v -150.2837 0 125.8155
v -150.6875 0 134.8065
v -174.5208 0 131.2867
v -173.488 0 131.8353
v -172.7336 0 132.7339
v -172.3722 0 133.8461
v -151.6899 0 134.9577
v -171.7006 0 140.0598
v -152.5811 0 135.4485
v -153.2827 0 136.1957
v -153.7167 0 137.1159
v -153.8048 0 138.1258
v -172.6655 0 119.67
v -172.412 0 118.634
v -154.4214 0 119.2168
v -173.2834 0 120.5448
v -174.1578 0 121.1801
v -607.5106 0 359.5281
v -615.957 0 359.8944
v -607.8059 0 358.6208
v -614.8496 0 363.2965
v -417.5514 0 407.0941
v -413.5836 0 399.0159
v -407.824 0 401.8448
v -406.7709 0 402.1204
v -388.6517 0 410.2148
v -405.6832 0 402.0007
v -404.6978 0 401.525
v -403.9515 0 400.7325
v -416.7597 0 407.7083
v -416.2455 0 408.5663
v -416.0175 0 409.5581
v -416.0848 0 410.5735
v -390.7183 0 413.5493
v -416.4559 0 411.5025
v -417.1398 0 412.2348
v -406.735 0 426.923
v -396.4293 0 419.6227
v -166.181 0 191.1345
v -148.3139 0 189.2036
v -147.062 0 200.7872
v -166.248 0 192.078
v -166.6159 0 192.9524
v -167.2254 0 193.6864
v -168.0173 0 194.2087
v -168.9325 0 194.4479
v -167.5457 0 212.3944
v -144.6302 0 209.6407
v -165.0834 0 212.2041
v -164.0668 0 212.3156
v -163.1429 0 212.7641
v -162.4083 0 213.4817
v -161.9594 0 214.4006
v -143.9406 0 280.0005
v -126.5835 0 275.2329
v -125.706 0 278.4276
v -125.2819 0 279.3145
v -124.5913 0 280.0194
v -143.857 0 280.9501
v -123.7184 0 280.4795
v -122.7473 0 280.6323
v -120.8873 0 289.5935
v -121.0849 0 280.5958
v -144.0865 0 281.8782
v -144.5803 0 282.7036
v -145.2897 0 283.3446
v -146.166 0 283.7199
v -147.3824 0 283.9975
v -145.3799 0 292.7719
v -122.0249 0 289.8732
v -122.9738 0 290.5736
v -123.6122 0 291.5652
v -144.3501 0 292.7454
v -123.8188 0 292.7183
v -123.7309 0 294.8182
v -143.3733 0 293.0849
v -142.545 0 293.7176
v -141.9604 0 294.5707
v -141.7151 0 295.5712
v -515.8536 0 490.5259
v -507.7484 0 474.454
v -506.7142 0 474.7499
v -469.7483 0 474.8164
v -469.1608 0 475.6756
v -468.3478 0 476.2722
v -467.3463 0 476.4918
v -467.2259 0 494.4911
v -511.9839 0 492.4774
v -502.3874 0 494.7263
v -505.6387 0 474.6689
v -504.6604 0 474.2212
v -470.0733 0 473.8092
v -470.0988 0 472.7687
v -469.7879 0 471.8094
v -469.1035 0 471.046
v -479.5264 0 456.3704
v 445.8252 0 404.219
v 463.7542 0 402.6219
v 464.5332 0 411.3675
v 445.6878 0 405.305
v 445.1486 0 406.2635
v 444.3159 0 406.9989
v 443.2981 0 407.4154
v 442.2034 0 407.4175
v 440.3025 0 416.2144
v 463.1879 0 420.8427
v 463.1879 0 420.8427
v 441.8214 0 416.5426
v 440.3025 0 416.2144
v 463.1879 0 420.8427
v 442.7546 0 416.9462
v 441.8214 0 416.5426
v 443.4921 0 417.6516
v 443.9792 0 418.557
v 444.1613 0 419.5612
v 443.9837 0 420.5623
v 460.7594 0 427.0868
v 357.4295 0 -131.9083
v 374.6757 0 -137.0628
v 375.2313 0 -136.0792
v 376.1315 0 -135.3871
v 377.2249 0 -135.0355
v 384.8881 0 -128.4269
v 378.3597 0 -135.0729
v 379.3846 0 -135.5482
v 359.0986 0 -126.3236
v 379.9151 0 -124.5837
v 359.1917 0 -125.2097
v 358.8677 0 -124.1334
v 379.2395 0 -123.841
v 358.1959 0 -123.2322
v 378.8409 0 -122.9172
v 357.2455 0 -122.6437
v 378.764 0 -121.9161
v 354.7068 0 -121.7246
v 379.6911 0 -112.4987
v 358.8269 0 -113.4108
v 357.7708 0 -113.2622
v 359.8684 0 -113.1613
v 360.7826 0 -112.5847
v 361.4566 0 -111.7523
v 361.7776 0 -110.7353
v -111.5847 0 -283.8315
v -111.3502 0 -284.7778
v -102.3651 0 -284.2601
v -102.5292 0 -281.4128
v -112.1219 0 -283.0142
v -112.8831 0 -282.3902
v -113.79 0 -282.0239
v -114.7639 0 -281.9797
v -117.2759 0 -264.1558
v -102.4134 0 -280.4044
v -101.9712 0 -279.4908
v -97.2823 0 -272.959
v -113.9231 0 -263.6833
v -112.7907 0 -263.2764
v -111.9047 0 -262.4622
v -218.41 0 -277.1557
v -218.1399 0 -295.1537
v -214.5401 0 -295.0996
v -201.8344 0 -295.0871
v -200.996 0 -294.3588
v -199.9563 0 -293.9862
v -191.1021 0 -292.7383
v -193.6141 0 -274.9145
v -217.3684 0 -276.9332
v -216.4662 0 -276.3576
v -215.8022 0 -275.5183
v -215.4754 0 -274.5046
v -194.682 0 -274.8412
v -195.6522 0 -274.3784
v -214.8905 0 -269.5042
v -196.4284 0 -273.6203
v -196.914 0 -272.6612
v -197.0124 0 -271.5953
v -213.4379 0 -295.3153
v -212.4874 0 -295.9258
v -202.3775 0 -296.0557
v -211.8036 0 -296.825
v -202.5314 0 -297.1494
v -202.5199 0 -297.329
v -211.5013 0 -297.9067
v -137.6644 0 392.3185
v -119.6802 0 391.5655
v -119.4011 0 392.6559
v -137.5411 0 395.2638
v -118.735 0 393.5712
v -117.7952 0 394.2023
v -116.695 0 394.44
v -116.1158 0 394.4424
v -116.1524 0 403.4423
v -137.6589 0 396.1918
v -138.0579 0 397.0412
v -138.6878 0 397.7368
v -139.4987 0 398.2033
v -144.2001 0 399.9406
v -117.0848 0 403.6069
v -141.0805 0 408.3827
v -117.917 0 404.0641
v -118.5842 0 404.7474
v -139.9831 0 408.2325
v -119.0213 0 405.5904
v -119.1635 0 406.5264
v -119.0489 0 410.6074
v -138.9064 0 408.5143
v -137.9745 0 409.1442
v -137.3116 0 410.0382
v -137.0418 0 411.1125
v -190.0016 0 -135.8996
v -172.474 0 -139.9962
v -171.4891 0 -135.7823
v -189.9805 0 -134.7643
v -171.0167 0 -134.7506
v -190.3866 0 -133.6965
v -170.1985 0 -133.9596
v -169.1515 0 -133.5224
v -191.1369 0 -132.8351
v -163.5551 0 -132.4123
v -192.1482 0 -132.3186
v -165.3062 0 -123.5843
v -193.2364 0 -132.0277
v -189.925 0 -123.4045
v -190.9123 0 -123.333
v -165.3062 0 -123.5843
v -166.425 0 -123.5561
v -189.925 0 -123.4045
v -189.925 0 -123.4045
v -166.425 0 -123.5561
v -167.4511 0 -123.0954
v -188.9684 0 -123.1376
v -188.1313 0 -122.5906
v -168.2727 0 -122.3092
v -187.5029 0 -121.8215
v -168.778 0 -121.3043
v -187.1721 0 -120.8886
v -168.8553 0 -120.1878
v -186.6481 0 -117.4648
v -27.31386 0 625.2576
v -27.18323 0 624.0527
v -18.23567 0 625.0229
v -18.14849 0 626.0314
v -27.68528 0 626.3594
v -17.71642 0 626.9507
v -28.45416 0 627.2417
v -17.01719 0 627.698
v -29.48482 0 627.7961
v -16.1285 0 628.1899
v -30.64155 0 627.9143
v -32.70936 0 645.7673
v -15.12808 0 628.3438
v -14.37883 0 646.3004
v -24.47071 0 646.7216
v -134.35 0 506.0997
v -116.3825 0 505.5953
v -116.1861 0 506.5262
v -134.1069 0 514.7623
v -115.6977 0 507.3459
v -114.9871 0 507.9911
v -114.1241 0 508.3983
v -113.1787 0 508.5042
v -111.9762 0 517.4426
v -112.5912 0 508.4639
v -112.9338 0 517.6947
v -132.413 0 524.1572
v -113.7528 0 518.2572
v -114.3677 0 519.0461
v -114.7131 0 519.9777
v -114.7236 0 520.9679
v -318.0005 0 -300.0188
v -317.9001 0 -300.8728
v -308.9617 0 -299.8224
v -318.3772 0 -298.9271
v -308.8918 0 -298.8392
v -319.1447 0 -298.0543
v -308.4942 0 -297.9336
v -320.1694 0 -297.5061
v -307.8381 0 -297.1846
v -321.3182 0 -297.3881
v -323.3465 0 -279.5136
v -306.9927 0 -296.6713
v -306.0272 0 -296.4727
v -306.2971 0 -278.4855
v -315.5038 0 -278.6237
v 219.3934 0 -64.6367
v 221.1708 0 -82.54874
v 240.3764 0 -80.64303
v 244.7578 0 -72.34515
v 236.429 0 -69.32965
v 235.3893 0 -68.68362
v 234.6884 0 -67.6801
v 220.435 0 -64.29884
v 230.1449 0 -56.96629
v 221.2761 0 -63.58987
v 221.843 0 -62.63417
v 222.0619 0 -61.55612
v 221.8591 0 -60.48009
v 241.6939 0 -80.80756
v 398.3523 0 -599.4977
v 406.2828 0 -600.495
v 418.7184 0 -599.0382
v 400.5901 0 -581.7035
v 416.6317 0 -581.2258
v 401.7088 0 -581.6105
v 402.7202 0 -581.1086
v 415.5474 0 -581.1206
v 414.5772 0 -580.6141
v 403.4987 0 -580.2909
v 413.8189 0 -579.8101
v 403.9185 0 -579.2498
v 413.3701 0 -578.8119
v 404.4663 0 -576.1547
v 413.3286 0 -577.7233
v -405.5667 0 -285.6865
v -405.8229 0 -286.7379
v -383.484 0 -286.3266
v -384.471 0 -286.2611
v -385.3865 0 -285.8769
v -386.1396 0 -285.2299
v -405.7174 0 -284.6196
v -386.6397 0 -284.3765
v -388.8131 0 -278.4354
v -406.412 0 -287.658
v -407.2597 0 -288.3308
v -408.2917 0 -288.6404
v -380.2026 0 -304.0699
v -381.2281 0 -304.3995
v -382.0748 0 -305.074
v -382.6509 0 -305.9905
v -404.1109 0 -306.3599
v -406.8334 0 -306.5812
v -382.2321 0 -286.1846
v -403.1412 0 -306.4614
v -402.2574 0 -306.8805
v -382.8644 0 -307.0463
v -401.5342 0 -307.5483
v -401.0461 0 -308.3959
v -400.8678 0 -309.3545
v -382.8678 0 -309.381
v -549.7658 0 -308.3264
v -534.6782 0 -318.1431
v -534.0703 0 -317.4687
v -533.2891 0 -317.0031
v -532.4067 0 -316.789
v -528.1931 0 -316.4465
v -529.6515 0 -298.5057
v -549.4263 0 -307.8046
v -548.9846 0 -306.6549
v -549.0347 0 -305.4243
v -550.2381 0 -300.7253
v -530.6833 0 -298.3933
v -531.6191 0 -297.9338
v -532.3584 0 -297.1987
v -532.8008 0 -296.2598
v 606.0186 0 -406.9367
v 613.2433 0 -400.0208
v 612.198 0 -400.0118
v 611.2338 0 -399.6017
v 633.8911 0 -397.428
v 613.9224 0 -412.5564
v 614.7406 0 -413.4588
v 615.1446 0 -414.6128
v 615.0678 0 -415.8285
v 633.6497 0 -416.0408
v 632.2935 0 -420.7692
v 614.2567 0 -399.6861
v 615.1248 0 -399.0654
v 615.7343 0 -398.2161
v 615.972 0 -397.1956
v -633.8911 0 308.2758
v -616.1069 0 305.4969
v -615.7697 0 306.4677
v -615.128 0 307.2734
v -614.2571 0 307.8192
v -605.9931 0 311.1253
v -633.644 0 309.8569
v -631.1983 0 325.5087
v -611.3339 0 319.5142
v -610.3391 0 319.3062
v -612.2297 0 320.0329
v -612.9355 0 320.79
v -613.3607 0 321.7131
v -613.4144 0 322.7299
v -609.3361 0 319.4814
v -492.3759 0 259.531
v -492.348 0 259.2767
v -474.4553 0 261.2392
v -492.7242 0 260.6175
v -493.4485 0 261.5037
v -474.3434 0 262.3978
v -494.444 0 262.0613
v -491.702 0 270.6335
v -473.8054 0 263.4344
v -472.9225 0 264.193
v -485.4495 0 268.6335
v -484.2444 0 268.5087
v -483.0863 0 268.8642
v -477.2703 0 272.0731
v -546.451 0 344.6358
v -543.1093 0 336.2828
v -542.024 0 336.463
v -530.3847 0 339.5686
v -530.2235 0 340.7284
v -529.6369 0 341.7464
v -528.7144 0 342.4675
v -537.0493 0 348.3971
v -532.6807 0 350.5428
v -540.9464 0 336.2171
v -540.0007 0 335.6232
v -539.3112 0 334.7594
v -530.0233 0 334.3221
v -539.002 0 333.7036
v -537.1148 0 278.2694
v -530.7156 0 271.9409
v -529.8147 0 272.5567
v -528.7521 0 272.8175
v -524.4613 0 281.1122
v -527.6685 0 272.6888
v -527.2032 0 272.54
v -536.2619 0 279.1319
v -535.5866 0 280.1986
v -535.4021 0 281.4475
v -525.4863 0 281.6967
v -535.519 0 283.1448
v -526.217 0 282.6285
v -526.5402 0 283.7634
v -410.0152 0 -390.6169
v -404.9605 0 -398.0633
v -404.0102 0 -397.6765
v -402.9862 0 -397.6727
v -382.5505 0 -393.6471
v -382.3843 0 -392.6151
v -381.8573 0 -391.7076
v -381.0638 0 -391.0074
v -380.0976 0 -390.5977
v -402.2915 0 -385.3739
v -379.053 0 -390.5613
v -377.5523 0 -381.6872
v -401.5935 0 -384.7049
v -401.1393 0 -383.8492
v -400.9764 0 -382.8961
v -400.9695 0 -378.2048
v -380.4698 0 -381.1938
v -381.4444 0 -380.8296
v -382.2393 0 -380.1512
v -382.7744 0 -379.2534
v -382.9695 0 -378.2314
v -400.5345 0 -399.4242
v -400.2783 0 -400.4177
v -382.2946 0 -399.6511
v -401.1421 0 -398.5999
v -401.9948 0 -397.9983
v -54.53995 0 -101.6134
v -52.78888 0 -110.4414
v -51.81852 0 -110.4303
v -40.25447 0 -110.2026
v -39.71188 0 -109.1716
v -38.84159 0 -108.3971
v -37.7492 0 -108.0139
v -35.14274 0 -107.6958
v -36.23278 0 -98.7621
v -51.65088 0 -101.0404
v -50.55957 0 -100.5711
v -49.72575 0 -99.71924
v -49.28006 0 -98.61812
v -37.31966 0 -98.66129
v -38.29345 0 -98.15714
v -48.41418 0 -93.70247
v -39.05558 0 -97.35355
v -39.50749 0 -96.35445
v -39.55064 0 -95.26376
v -40.36377 0 -111.3551
v -50.10265 0 -111.3159
v -40.29354 0 -111.9307
v -49.51935 0 -112.0953
v -49.22727 0 -113.0207
v -50.89608 0 -110.7413
v -47.57659 0 -156.6732
v -32.2272 0 -154.8164
v -33.32906 0 -154.6531
v -45.03243 0 -151.9626
v -34.30023 0 -154.0949
v -35.02357 0 -153.2397
v -35.38197 0 -152.185
v -35.76038 0 -149.0836
v -44.72553 0 -151.0942
v -44.69413 0 -150.1736
v -29.80668 0 -154.6735
v -29.27612 0 -163.6579
v -30.25796 0 -163.8927
v -31.11119 0 -164.4364
v -31.73888 0 -165.227
v -34.11133 0 -12.50459
v -25.24779 0 -14.06589
v -24.78942 0 -11.46373
v -34.13509 0 -11.47915
v -34.51856 0 -10.52367
v -24.42186 0 -10.49669
v -35.1856 0 -9.728863
v -23.74455 0 -9.708736
v -36.06007 0 -9.185455
v -22.85105 0 -9.178391
v -37.06584 0 -8.984161
v -21.83491 0 -8.984161
v -37.06584 0 9.015837
v -17.50071 0 -8.984161
v -17.50071 0 9.015837
v -17.50071 0 9.015837
v -32.75293 0 9.015837
v -37.06584 0 9.015837
v -17.50071 0 9.015837
v -31.742 0 9.207831
v -32.75293 0 9.015837
v -18.51044 0 9.21901
v -30.85172 0 9.732548
v -19.38708 0 9.76709
v -30.17444 0 10.51308
v -20.0539 0 10.56791
v -29.80254 0 11.47253
v -20.43416 0 11.52932
v -29.30229 0 14.18908
v -20.45111 0 12.55915
v -86.83105 0 -227.5651
v -72.22346 0 -238.0513
v -71.42522 0 -237.2991
v -70.4101 0 -236.8759
v -69.31392 0 -236.8383
v -57.08682 0 -220.5607
v -59.92158 0 -238.3361
v -82.84421 0 -222.0113
v -58.12191 0 -220.1501
v -75.07562 0 -207.6274
v -58.9236 0 -219.3694
v -59.42447 0 -218.3552
v -59.55708 0 -217.2441
v -59.25397 0 -216.1725
v 205.9377 0 -22.93607
v 209.3096 0 -30.88742
v 217.5954 0 -27.37362
v 217.399 0 -26.3829
v 217.5789 0 -25.39085
v 218.067 0 -24.4881
v 218.7955 0 -23.76532
v 219.6966 0 -23.31317
v 220.7025 0 -23.22228
v 222.7732 0 -5.347706
v 205.4106 0 -22.1148
v 204.6495 0 -21.50102
v 203.7352 0 -21.15996
v 207.7601 0 -3.608517
v 207.0908 0 -3.48148
v -130.9463 0 624.0796
v -122.2365 0 608.3268
v -121.1982 0 608.6251
v -97.21848 0 618.0574
v -96.89382 0 618.9489
v -96.30523 0 619.697
v -95.52146 0 620.2373
v -94.61125 0 620.5051
v -96.68225 0 638.3856
v -110.9229 0 635.1506
v -103.1778 0 637.6333
v -120.13 0 608.4849
v -119.1455 0 607.9877
v -118.3587 0 607.2148
v -117.883 0 606.2482
v -117.8324 0 605.1691
v -100.1181 0 601.9752
v -13.54313 0 499.2514
v -13.20009 0 496.5287
v -4.270685 0 497.6538
v -4.1971 0 498.6756
v -3.768559 0 499.6104
v -13.85572 0 500.2231
v -3.06515 0 500.3713
v -14.47867 0 501.037
v -2.166963 0 500.8719
v -1.154084 0 501.0255
v -0.7336864 0 510.0157
v -15.32672 0 501.6126
v -16.3146 0 501.8694
v -19.09154 0 502.0596
v -3.22588 0 510.1323
v -18.47653 0 511.0385
v -4.244712 0 510.3801
v -5.119803 0 510.9663
v -5.758529 0 511.8039
v -17.45828 0 511.1711
v -16.54807 0 511.6546
v -15.82822 0 512.4036
v -6.068268 0 512.8057
v -15.38109 0 513.3322
v -6.34144 0 515.3251
v -15.289 0 514.3549
v 319.2129 0 -256.9543
v 334.5739 0 -266.2003
v 335.2189 0 -265.4634
v 336.0699 0 -264.9717
v 337.0302 0 -264.7624
v 342.0528 0 -256.6901
v 338.0032 0 -264.8731
v 339.4756 0 -265.3131
v 321.0348 0 -253.9274
v 341.0404 0 -256.1286
v 340.3128 0 -255.2187
v 339.9514 0 -254.1111
v 340.0375 0 -252.9567
v 322.8594 0 -247.8225
v 323.4477 0 -198.8905
v 327.4893 0 -216.431
v 328.4992 0 -216.4098
v 354.1893 0 -205.6071
v 356.1887 0 -198.9176
v 336.7416 0 -195.8274
v 337.7012 0 -195.4113
v 338.4659 0 -194.6941
v 338.9424 0 -193.7631
v 329.4451 0 -216.7594
v 330.2494 0 -217.3972
v 330.8345 0 -218.2406
v 331.123 0 -219.2069
v 331.0373 0 -220.2134
v 348.2833 0 -225.3679
v -408.4973 0 -492.1425
v -403.2224 0 -509.3524
v -402.2388 0 -509.2559
v -378.2546 0 -495.608
v -378.6901 0 -485.3919
v -398.7415 0 -489.1523
v -397.8724 0 -488.7064
v -397.1901 0 -488.0024
v -396.7539 0 -487.1244
v -396.6234 0 -486.1563
v -401.2869 0 -509.5161
v -400.4461 0 -510.063
v -399.7961 0 -510.8269
v -399.4162 0 -511.7377
v -399.3861 0 -512.7256
v -381.6926 0 -515.7462
v 491.1766 0 -225.1364
v 499.0762 0 -229.4456
v 502.1947 0 -223.7288
v 491.4937 0 -224.1399
v 491.4489 0 -223.0903
v 506.2578 0 -215.269
v 491.0682 0 -222.1112
v 490.3774 0 -221.3261
v 488.1042 0 -219.5692
v 494.5464 0 -212.908
v 493.6077 0 -212.448
v 495.5916 0 -213.0016
v 496.6215 0 -212.7577
v 497.5138 0 -212.2052
v 498.1464 0 -211.3731
v 527.6956 0 -146.4367
v 537.8332 0 -142.8164
v 536.8272 0 -142.6803
v 535.9196 0 -142.2206
v 535.2147 0 -141.4901
v 538.1255 0 -142.804
v 528.1074 0 -147.3818
v 528.1812 0 -148.4124
v 527.9083 0 -149.4066
v 527.8164 0 -149.5979
v 538.5065 0 -151.796
v 537.4628 0 -152.0404
v 536.5654 0 -152.6317
v 535.9292 0 -153.4945
v 411.3549 0 -437.6818
v 421.1787 0 -452.7649
v 422.0667 0 -452.4143
v 423.0102 0 -452.4131
v 438.7239 0 -434.2538
v 423.9297 0 -452.7087
v 424.7452 0 -453.248
v 425.377 0 -453.9785
v 425.7452 0 -454.8473
v 425.7701 0 -455.8016
v 434.6321 0 -457.3702
v 430.1107 0 -425.4659
v 440.3036 0 -424.9637
v 430.9781 0 -424.5965
v 431.431 0 -423.455
v 451.2387 0 -306.9684
v 460.1113 0 -308.4772
v 460.4624 0 -307.5612
v 461.1136 0 -306.8294
v 452.1289 0 -301.733
v 461.9693 0 -306.3214
v 462.9339 0 -306.0766
v 470.0224 0 -299.2001
v 463.9117 0 -306.1347
v 464.8073 0 -306.5351
v 452.0984 0 -300.6616
v 451.6907 0 -299.6647
v 450.9775 0 -298.8576
v 465.7122 0 -296.1356
v 450.0305 0 -298.3557
v 452.6078 0 -289.7326
v 464.9758 0 -295.3535
v 464.5607 0 -294.3571
v 453.1444 0 -289.893
v 464.4975 0 -293.2795
v 464.8169 0 -292.2539
v 454.1485 0 -290.0007
v 455.1353 0 -289.7682
v 455.9999 0 -289.2386
v 456.6371 0 -288.4553
v 456.916 0 -287.9441
v -412.1678 0 -641.2101
v -398.6143 0 -642.4736
v -396.9458 0 -624.5757
v -425.3264 0 -637.9868
v -421.0497 0 -620.5273
v -397.88 0 -624.3096
v -398.6761 0 -623.7477
v -399.273 0 -622.9696
v -399.6096 0 -622.0551
v -399.6096 0 -622.0551
v -420.0826 0 -620.5819
v -421.0497 0 -620.5273
v -399.6096 0 -622.0551
v -399.6245 0 -621.0837
v -420.0826 0 -620.5819
v -419.1487 0 -620.3137
v -418.3313 0 -619.7772
v -417.7135 0 -619.0272
v -417.3787 0 -618.1184
v 300.38 0 563.8911
v 308.3905 0 559.7883
v 309.3173 0 561.5979
v 310.0258 0 562.4708
v 311.0121 0 563.0238
v 312.1282 0 563.205
v 320.6479 0 579.3353
v 313.2261 0 562.9628
v 300.6596 0 564.8883
v 300.5671 0 565.924
v 300.1509 0 566.8859
v 299.4594 0 567.6622
v 298.5411 0 568.1412
v 303.5225 0 585.4138
v 313.7383 0 582.4675
v 164.1846 0 301.6163
v 168.9851 0 294.011
v 169.9831 0 294.4041
v 171.0582 0 294.4282
v 182.2716 0 298.6242
v 181.4345 0 299.3951
v 180.9662 0 300.4388
v 180.8789 0 301.5929
v 181.185 0 302.6952
v 167.7904 0 303.8923
v 181.8967 0 303.5831
v 176.3173 0 310.6369
v 172.0727 0 294.0801
v 177.8127 0 290.8063
v 151.1923 0 293.4218
v 153.899 0 289.8094
v 151.4974 0 293.6142
v 153.5939 0 289.6169
v 163.7426 0 296.0203
v 166.4482 0 292.4097
v 164.0477 0 296.2128
v 166.1432 0 292.2171
v 258.6701 0 383.2007
v 258.3646 0 376.8531
v 270.2171 0 379.6877
v 269.2141 0 380.0811
v 268.3844 0 380.7843
v 267.8317 0 381.7091
v 267.6597 0 382.7681
v 271.2899 0 379.6916
v 254.8912 0 372.7951
v 260.4745 0 365.7363
v 261.4026 0 366.2172
v 262.4441 0 366.3507
v 276.4176 0 366.7501
v 275.8137 0 367.6117
v 275.5892 0 368.6372
v 275.7105 0 369.7023
v 276.1438 0 370.6829
v 276.8555 0 371.4546
v 277.8119 0 371.8932
v 275.9109 0 380.6902
v 257.2292 0 374.6444
v 258.0323 0 375.6277
v 258.3646 0 376.8531
v 263.473 0 366.1415
v 264.3635 0 365.5942
v 270.3339 0 360.1177
v 275.9109 0 380.6902
v 271.2899 0 379.6916
v 258.3646 0 376.8531
v 263.537 0 484.3334
v 272.5266 0 483.9008
v 272.807 0 489.7266
v 263.3455 0 485.4705
v 262.7339 0 486.4567
v 261.8156 0 487.1661
v 260.7041 0 487.4731
v 261.1949 0 496.4598
v 273.1334 0 490.9499
v 274.6158 0 493.8443
v 263.7716 0 496.3191
v 264.9004 0 496.4856
v 265.8929 0 497.0558
v 266.6053 0 497.9471
v -499.3747 0 -597.7661
v -483.1365 0 -588.0656
v -484.1009 0 -587.7708
v -484.8758 0 -587.0992
v -482.0966 0 -588.0226
v -470.4627 0 -585.0404
v -469.9656 0 -606.2617
v -469.774 0 -607.213
v -469.287 0 -608.0565
v -468.568 0 -608.7135
v -467.6801 0 -609.1053
v -484.0511 0 -618.5946
v -478.783 0 -623.6072
v -472.132 0 -626.547
v -481.095 0 -587.6809
v -480.2458 0 -587.0791
v -479.6628 0 -586.2562
v -479.4601 0 -585.2512
v -563.4539 0 -504.9062
v -561.2116 0 -508.1117
v -546.4622 0 -497.7943
v -566.2565 0 -499.2121
v -567.246 0 -492.9432
v -546.9084 0 -496.7155
v -546.907 0 -495.5404
v -546.4899 0 -494.4418
v -545.6888 0 -493.5926
v -539.5537 0 -489.4279
v -567.2931 0 -479.5734
v -546.6162 0 -482.3606
v -545.5759 0 -482.37
v -547.6187 0 -482.0115
v -548.4728 0 -481.3811
v -549.0679 0 -480.5278
v -549.2934 0 -479.5099
v -544.6085 0 -481.9815
v -565.3555 0 -349.5098
v -547.3698 0 -350.2227
v -547.1201 0 -349.2349
v -564.8574 0 -336.9453
v -546.5236 0 -348.4112
v -545.6835 0 -347.8051
v -544.7033 0 -347.4701
v -543.6863 0 -347.4595
v -537.8276 0 -340.2832
v -543.2213 0 -336.7738
v -563.8792 0 -331.408
v -544.0338 0 -335.9492
v -544.4747 0 -334.8708
v -544.5085 0 -333.7062
v -544.0998 0 -332.6231
v -559.1872 0 -322.8065
v -561.4761 0 -326.3243
v -542.736 0 -347.827
v -495.9439 0 -448.947
v -490.8891 0 -456.3933
v -489.9409 0 -456.0068
v -488.9189 0 -456.0014
v -477.6517 0 -449.1411
v -477.5207 0 -448.1351
v -484.8728 0 -441.4317
v -477.0661 0 -447.2256
v -476.34 0 -446.5171
v -481.3947 0 -439.0707
v -487.9288 0 -456.3242
v -487.0764 0 -456.9224
v -486.4674 0 -457.7432
v -477.2177 0 -458.308
v -486.2076 0 -458.7336
v -446.5666 0 -410.3988
v -435.296 0 -406.7126
v -436.3781 0 -406.2906
v -441.6583 0 -402.8551
v -434.1307 0 -406.7012
v -445.8777 0 -411.0646
v -445.4598 0 -411.9255
v -433.0571 0 -406.2582
v -445.314 0 -412.8852
v -428.0023 0 -413.7046
v -445.4411 0 -413.8476
v -445.842 0 -414.7164
v -446.5178 0 -415.3956
v -432.1267 0 -416.5043
v -441.463 0 -422.842
v -220.5066 0 574.4728
v -211.6072 0 558.8268
v -210.575 0 559.1655
v -199.3997 0 561.8463
v -199.8126 0 562.7485
v -199.8961 0 563.7406
v -199.674 0 564.7181
v -199.1698 0 565.5765
v -198.4074 0 566.2117
v -207.117 0 581.964
v -214.9691 0 577.6224
v -209.4844 0 559.1134
v -208.4734 0 558.701
v -207.68 0 557.959
v -206.7314 0 556.6265
v -356.9024 0 478.6104
v -341.2155 0 472.8138
v -338.1193 0 481.1928
v -359.2404 0 478.6509
v -366.2915 0 493.6444
v -361.5904 0 477.6174
v -363.9791 0 476.3727
v -366.433 0 475.7793
v -339.0278 0 481.7895
v -339.618 0 482.6986
v -339.8782 0 483.778
v -339.7968 0 484.8852
v -339.3622 0 485.8781
v -338.5627 0 486.6145
v -363.4671 0 493.622
v -361.9601 0 494.0143
v -347.4622 0 502.2606
v -368.9677 0 331.8285
v -364.6199 0 323.9483
v -363.5318 0 324.261
v -342.3884 0 324.3499
v -342.2871 0 325.4691
v -341.7565 0 326.4661
v -340.9125 0 327.2355
v -339.8707 0 327.6718
v -336.7445 0 336.4437
v -338.747 0 327.6693
v -365.9774 0 333.4784
v -365.2364 0 334.0842
v -364.7315 0 334.9008
v -364.4871 0 335.8351
v -364.5273 0 336.7943
v -342.7273 0 337.8091
v -364.8767 0 337.6855
v -343.8015 0 338.2952
v -344.6098 0 339.1535
v -349.5769 0 347.1678
v -360.5916 0 322.7773
v -360.1967 0 321.7162
v -342.3531 0 324.0839
v -361.3745 0 323.6033
v -362.4023 0 324.1219
v -256.5725 0 434.9603
v -247.6111 0 434.1284
v -247.2921 0 435.153
v -256.2016 0 438.9559
v -246.6149 0 435.9914
v -245.6945 0 436.5711
v -244.6459 0 436.8199
v -240.4645 0 445.1072
v -243.5841 0 436.6651
v -256.2823 0 439.9246
v -256.6698 0 440.8199
v -257.31 0 441.5561
v -258.1489 0 442.0472
v -249.6289 0 448.4937
v -255.0294 0 450.4893
v -147.8598 0 473.9353
v -138.8291 0 478.1596
v -139.7751 0 478.4768
v -140.528 0 479.1551
v -137.801 0 478.1699
v -117.0924 0 480.3057
v -136.3387 0 457.7527
v -135.9139 0 456.8855
v -135.7838 0 455.9286
v -135.8805 0 452.4841
v -117.8876 0 451.979
v -136.8017 0 478.4739
v -135.942 0 479.0379
v -135.3329 0 479.8281
v -135.0853 0 480.8108
v -242.3641 0 -627.5171
v -239.6344 0 -635.5212
v -238.7697 0 -627.3168
v -240.593 0 -635.5747
v -358.9908 0 -646.1879
v -342.3721 0 -646.7216
v -341.7946 0 -628.735
v -361.2655 0 -645.9758
v -359.595 0 -628.0576
v -342.7927 0 -628.488
v -343.6241 0 -627.8865
v -358.5356 0 -627.9586
v -357.5719 0 -627.501
v -344.234 0 -627.0367
v -356.8256 0 -626.7424
v -344.568 0 -626.0455
v -351.662 0 -619.0491
v -344.5713 0 -625.0193
v -344.1892 0 -624.0647
v -292.6808 0 -531.172
v -285.208 0 -536.1876
v -284.4584 0 -535.427
v -283.4904 0 -534.9696
v -282.4267 0 -534.8735
v -279.9958 0 -526.0675
v -280.8668 0 -535.0253
v -291.7299 0 -529.7552
v -291.3068 0 -528.7875
v -291.2414 0 -527.7333
v -291.6234 0 -524.4822
v -280.9629 0 -525.7897
v -281.7869 0 -525.2052
v -282.3877 0 -524.3931
v -282.6849 0 -523.4318
v -305.6447 0 -405.1636
v -304.9086 0 -411.428
v -295.9702 0 -410.3776
v -295.8914 0 -409.4004
v -295.4733 0 -408.5152
v -294.7962 0 -407.7868
v -293.9405 0 -407.2801
v -292.9867 0 -407.0597
v -289.0882 0 -398.6797
v -292.0151 0 -407.1905
v -305.9172 0 -404.2479
v -306.4655 0 -403.4615
v -307.2232 0 -402.8742
v -308.124 0 -402.5558
v -312.449 0 -401.8244
v -310.9483 0 -392.9503
v -295.9087 0 -396.3341
v -296.8705 0 -395.7748
v -297.5706 0 -394.906
v -297.9126 0 -393.8473
v -309.8639 0 -392.9017
v -298.5302 0 -388.5919
v -308.8717 0 -392.4495
v -308.0737 0 -391.6909
v -307.572 0 -390.7227
v -307.4686 0 -389.6422
v 158.2015 0 -550.9502
v 160.9302 0 -568.6427
v 167.0311 0 -567.7018
v 172.407 0 -550.3895
v 169.8566 0 -568.1085
v 159.2813 0 -550.5327
v 160.1266 0 -549.731
v 171.506 0 -550.0974
v 170.7383 0 -549.5374
v 160.6364 0 -548.6833
v 170.1706 0 -548.7754
v 169.8694 0 -547.8773
v 160.7092 0 -547.528
v 169.604 0 -546.1561
v -17.96935 0 -581.1146
v -18.31187 0 -586.7921
v -6.202073 0 -584.7914
v -7.282999 0 -584.4382
v -8.191447 0 -583.7327
v -8.801109 0 -582.7728
v -8.98568 0 -581.6566
v -5.074974 0 -584.694
v -18.6468 0 -587.9681
v -19.41746 0 -588.9236
v -20.49597 0 -589.4999
v 0.4214115 0 -601.8325
v -11.83795 0 -605.7642
v -15.63365 0 -606.8291
v -92.95455 0 -604.0438
v -92.80755 0 -606.5951
v -81.20984 0 -606.3158
v -82.21638 0 -606.0076
v -83.08054 0 -605.3909
v -83.69925 0 -604.5392
v -83.96946 0 -603.5261
v -92.96509 0 -607.6786
v -80.16397 0 -606.2419
v -93.50446 0 -608.6379
v -94.33427 0 -609.361
v -95.36316 0 -609.7354
v -75.30611 0 -623.5553
v -85.78205 0 -626.4946
v -92.72926 0 -627.5233
v -196.0311 0 -640.0454
v -185.3002 0 -641.1764
v -175.752 0 -639.7626
v -194.1518 0 -622.2157
v -178.3781 0 -622.0273
v -193.1332 0 -622.1218
v -192.2084 0 -621.676
v -178.3781 0 -622.0273
v -179.3524 0 -621.9899
v -192.2084 0 -621.676
v -179.3524 0 -621.9899
v -180.2619 0 -621.6298
v -192.2084 0 -621.676
v -191.462 0 -620.9595
v -181.0276 0 -621.0109
v -181.5704 0 -620.1971
v -190.9788 0 -620.0535
v -181.8113 0 -619.2522
v -190.8436 0 -619.0396
v -181.8621 0 -618.4619
v -202.3626 0 -439.9724
v -202.2309 0 -442.0191
v -193.2495 0 -441.4413
v -193.0918 0 -440.3385
v -192.5387 0 -439.3643
v -202.6726 0 -438.851
v -191.687 0 -438.6365
v -203.3808 0 -437.923
v -190.634 0 -438.2727
v -189.707 0 -438.1549
v -190.8421 0 -429.2267
v -204.3808 0 -437.3281
v -210.3023 0 -435.2917
v -191.8042 0 -429.1725
v -207.3755 0 -426.7809
v -191.8042 0 -429.1725
v -206.4277 0 -426.9144
v -207.3755 0 -426.7809
v -191.8042 0 -429.1725
v -192.6981 0 -428.8047
v -206.4277 0 -426.9144
v -193.4481 0 -428.1856
v -193.9787 0 -427.3777
v -194.2142 0 -426.4433
v -205.4928 0 -426.715
v -204.6469 0 -426.2408
v -194.4246 0 -423.1736
v -203.9663 0 -425.55
v -203.5273 0 -424.7008
v -203.406 0 -423.7514
v -195.8151 0 -544.8408
v -195.5517 0 -545.851
v -186.5702 0 -545.2732
v -186.9797 0 -538.9073
v -196.4117 0 -543.9784
v -197.2541 0 -543.354
v -198.2551 0 -543.0576
v -200.6824 0 -542.8217
v -199.8114 0 -533.8638
v -198.7979 0 -533.7633
v -187.5458 0 -530.1075
v -197.8794 0 -533.3146
v -197.1393 0 -532.5983
v -196.6608 0 -531.6949
v -196.5272 0 -530.6853
v 148.9339 0 -472.3346
v 149.2562 0 -473.2691
v 158.1511 0 -471.8972
v 148.3231 0 -471.5526
v 157.9993 0 -470.9131
v 147.5017 0 -470.9959
v 146.5476 0 -470.7373
v 158.0554 0 -469.7684
v 147.3165 0 -461.7702
v 158.5301 0 -468.7213
v 159.354 0 -467.9246
v 150.6628 0 -462.0571
v 151.6334 0 -461.9802
v 152.5294 0 -461.5993
v 154.5233 0 -460.3309
v -449.0538 0 -166.1606
v -448.549 0 -167.5404
v -431.6447 0 -161.3562
v -449.639 0 -165.2023
v -450.5331 0 -164.5177
v -451.6108 0 -164.2027
v -450.0489 0 -146.2706
v -431.8142 0 -160.4073
v -431.6737 0 -159.4504
v -431.2523 0 -158.5798
v -430.5791 0 -157.89
v -446.878 0 -146.5468
v -445.8229 0 -146.4486
v -444.866 0 -145.9936
v -441.0893 0 -143.2772
v -352.7096 0 -79.79941
v -342.2416 0 -94.35359
v -341.2104 0 -93.61189
v -339.9983 0 -93.10138
v -329.298 0 -86.342
v -330.1717 0 -85.91266
v -330.8388 0 -85.20561
v -331.2689 0 -84.31714
v -331.4312 0 -83.34349
v -331.2952 0 -82.38094
v -330.8301 0 -81.52576
v -344.6153 0 -70.06415
v -338.684 0 -93.14911
v -331.6222 0 -95.03675
v -8.249063 0 128.5167
v 0.6021214 0 126.8868
v 1.229588 0 130.2942
v -8.272762 0 129.5709
v -8.67775 0 130.5491
v 1.583527 0 131.2261
v -9.379389 0 131.3543
v 2.225728 0 131.9935
v -10.29304 0 131.8893
v -11.33408 0 132.057
v 3.073803 0 132.5247
v -11.73794 0 141.0479
v 4.045357 0 132.7478
v 6.175127 0 132.8435
v 5.771259 0 141.8344
v 5.771259 0 141.8344
v -9.25761 0 141.1593
v -11.73794 0 141.0479
v 5.771259 0 141.8344
v -8.187635 0 141.4312
v -9.25761 0 141.1593
v -7.284147 0 142.076
v 4.809116 0 141.9697
v 3.943199 0 142.4172
v -6.651421 0 142.9879
v 3.245036 0 143.1061
v -6.393733 0 144.0614
v 2.786172 0 143.966
v 2.638138 0 144.9263
v -6.357359 0 145.2109
v -2.251825 0 274.9562
v 6.743675 0 274.6715
v 6.748259 0 274.8164
v 7.028618 0 275.9327
v -2.467002 0 276.1005
v 7.714249 0 276.866
v -3.107469 0 277.0821
v 8.68298 0 277.5007
v -4.053269 0 277.7742
v 9.812634 0 277.7208
v 9.987812 0 286.7191
v -5.184449 0 278.0504
v -5.009776 0 287.0486
v 8.870846 0 286.9877
v 7.931849 0 287.6618
v -3.865605 0 287.2758
v -2.889323 0 287.9282
v 7.287336 0 288.6214
v -2.206831 0 288.8836
v 7.053816 0 289.7462
v -1.944031 0 290.0201
v 7.055582 0 289.9368
v -3.940594 0 404.0873
v -4.918259 0 403.8947
v 10.1926 0 403.9561
v 9.140173 0 404.1617
v -3.083747 0 404.6027
v 8.223124 0 404.7276
v -2.419306 0 405.3592
v 7.543646 0 405.564
v -2.018858 0 406.2753
v 7.203934 0 406.5811
v -1.953988 0 407.2697
v 6.975424 0 408.3947
v -4.918259 0 403.8947
v -4.88166 0 394.8947
v -4.012815 0 394.8983
v 10.9884 0 394.9592
v 10.9518 0 403.9592
v 9.867208 0 394.711
v -2.872489 0 394.6505
v 8.916506 0 394.0542
v -1.907836 0 393.9803
v 8.254833 0 393.1069
v -1.242656 0 393.0121
v 8.000727 0 391.9871
v -1.000747 0 391.8705
v 7.998875 0 391.7872
v 10.9518 0 403.9592
v 10.1926 0 403.9561
v -4.918259 0 403.8947
v -102.962 0 -430.3593
v -102.7877 0 -433.3846
v -93.80259 0 -432.8669
v -93.61285 0 -431.7469
v -92.99491 0 -430.7866
v -92.07741 0 -430.0845
v -103.193 0 -429.42
v -90.98899 0 -429.739
v -87.01054 0 -421.3109
v -89.8583 0 -429.8485
v -103.7221 0 -428.6066
v -104.4731 0 -427.9825
v -105.3696 0 -427.6111
v -106.3354 0 -427.5559
v -107.4704 0 -418.6277
v -92.68578 0 -419.4179
v -93.70271 0 -418.8215
v -94.42162 0 -417.8821
v -106.4436 0 -418.4972
v -105.3947 0 -418.136
v -104.5447 0 -417.4136
v -94.73155 0 -416.7447
v -103.9901 0 -416.4458
v -94.84183 0 -414.8308
v -103.8269 0 -415.3485
v -10.69665 0 -460.5695
v -1.712987 0 -461.1115
v -1.387938 0 -459.9821
v -10.58004 0 -458.6367
v -0.647295 0 -459.0594
v 0.3732109 0 -458.4607
v -10.69194 0 -457.6713
v 1.537865 0 -458.3032
v 5.956144 0 -449.649
v 5.187243 0 -458.6161
v -11.10794 0 -456.7892
v -11.77131 0 -456.0741
v -12.62534 0 -455.6102
v -13.18173 0 -455.4247
v -10.33395 0 -446.887
v 5.032347 0 -449.3856
v -9.303143 0 -447.0238
v 4.256792 0 -448.8208
v 3.675823 0 -448.0397
v 3.335785 0 -447.1277
v 3.28301 0 -446.1697
v -8.283115 0 -446.7993
v -7.389044 0 -446.2594
v -6.736106 0 -445.4501
v 3.56385 0 -445.251
v -4.381909 0 -441.0244
v 295.7692 0 -31.91026
v 307.8548 0 -34.3591
v 311.4278 0 -16.72551
v 285.8117 0 -30.75674
v 287.8821 0 -12.88428
v 310.536 0 -16.36723
v 309.8082 0 -15.73512
v 309.2958 0 -14.91171
v 309.05 0 -13.97958
v 309.1224 0 -13.02128
v 288.9364 0 -12.80139
v 289.9007 0 -12.35538
v 290.6673 0 -11.6198
v 291.1284 0 -10.66819
v 291.7159 0 -8.437429
v -471.8546 0 122.1493
v -450.5464 0 113.9014
v -444.0566 0 130.6676
v -487.7622 0 125.8778
v -483.6596 0 143.3816
v -444.9358 0 131.2532
v -445.5179 0 132.1318
v -445.7895 0 133.1735
v -445.7372 0 134.2488
v -445.3477 0 135.228
v -444.6073 0 135.9815
v -482.5448 0 143.3701
v -458.6781 0 148.5408
v -457.7588 0 148.904
v -454.4088 0 151.0789
v -481.5063 0 143.7905
v -480.6586 0 144.5414
v -480.116 0 145.5215
v -479.9929 0 146.6296
v -459.6649 0 148.5293
v -480.2672 0 149.1306
v -460.6236 0 148.8242
v -461.4586 0 149.3801
v -462.0741 0 150.1515
v -462.3745 0 151.0931
v -267.1831 0 309.2092
v -266.7506 0 304.3665
v -257.7863 0 305.1671
v -257.6465 0 306.2592
v -257.1003 0 307.2211
v -256.2584 0 307.9561
v -255.2316 0 308.3676
v -252.1282 0 317.1331
v -254.1307 0 308.3587
v -267.4206 0 310.113
v -267.9261 0 310.9026
v -268.6402 0 311.5099
v -269.5037 0 311.8672
v -272.5326 0 312.5584
v -255.7782 0 317.9661
v -270.5302 0 321.3328
v -256.7506 0 318.4001
v -257.5134 0 319.1504
v -257.9886 0 320.109
v -269.5284 0 321.3003
v -258.0978 0 321.1682
v -257.914 0 323.1483
v -268.5726 0 321.6135
v -267.7523 0 322.2078
v -267.1568 0 323.0183
v -266.8755 0 323.9803
v -257.9023 0 198.6531
v -257.8412 0 196.9519
v -248.847 0 197.2748
v -248.6953 0 198.255
v -248.2194 0 199.1291
v -258.1525 0 199.7019
v -247.4964 0 199.8229
v -258.7608 0 200.5985
v -246.6034 0 200.2624
v -245.6178 0 200.3735
v -244.231 0 218.32
v -259.6317 0 201.2433
v -260.6692 0 201.5366
v -264.0903 0 201.8009
v -262.7036 0 219.7474
v -244.231 0 218.32
v -247.5392 0 218.5756
v -262.7036 0 219.7474
v -247.5392 0 218.5756
v -248.5427 0 218.8504
v -262.7036 0 219.7474
v -249.3956 0 219.4542
v -250.0095 0 220.2998
v -261.6896 0 219.869
v -260.7786 0 220.3387
v -250.2962 0 221.2999
v -260.0526 0 221.0734
v -259.5938 0 221.99
v -250.52 0 223.8059
v -259.4844 0 223.0054
v -254.8703 0 114.1966
v -254.7353 0 110.4356
v -243.1058 0 111.666
v -244.1273 0 111.9816
v -245.0012 0 112.6142
v -245.6199 0 113.4861
v -245.8761 0 114.5195
v -242.0441 0 111.7454
v -254.8746 0 109.4622
v -255.3227 0 108.5829
v -256.0182 0 107.8826
v -256.8994 0 107.4463
v -239.5421 0 103.1001
v -248.7773 0 100.4275
v -254.3975 0 98.80099
v -483.8285 0 -508.9877
v -483.1522 0 -523.2729
v -472.0256 0 -511.3842
v -473.0537 0 -511.0825
v -473.9381 0 -510.4604
v -474.5695 0 -509.5946
v -474.8387 0 -508.5622
v -470.9629 0 -511.2886
v -465.6881 0 -528.4983
v -471.5496 0 -530.2948
v -472.4214 0 -530.7429
v -473.1048 0 -531.4507
v -473.5399 0 -532.333
v -473.6671 0 -533.3051
v -482.6571 0 -533.7306
v 56.43655 0 144.1103
v 56.84042 0 135.1194
v 63.51385 0 135.4191
v 71.92581 0 135.797
v 71.52194 0 144.7879
v 57.48138 0 144.3691
v 58.37167 0 144.9836
v 70.53907 0 144.9313
v 69.65993 0 145.4007
v 59.00886 0 145.8577
v 68.95953 0 146.1194
v 59.29444 0 146.8956
v 68.51282 0 147.0103
v 59.41723 0 148.6316
v 68.3948 0 147.9966
v 68.23438 0 273.2912
v 77.21196 0 272.6562
v 77.26348 0 273.3846
v 68.12912 0 274.2414
v 77.57283 0 274.4648
v 67.71934 0 275.1084
v 78.26282 0 275.3598
v 67.06953 0 275.8213
v 79.21773 0 275.964
v 66.24416 0 276.3094
v 80.32188 0 276.1722
v 80.5195 0 285.1701
v 65.30774 0 276.5021
v 73.37754 0 285.3269
v 65.50536 0 285.4998
v -62.31415 0 279.3051
v -55.1521 0 279.1477
v -54.95448 0 288.1455
v -70.16426 0 279.4775
v -69.96663 0 288.4753
v -56.05022 0 288.4029
v -56.97861 0 289.0507
v -69.02415 0 288.6261
v -68.17912 0 289.076
v -57.62825 0 289.9778
v -67.49883 0 289.7576
v -67.05055 0 290.6035
v -57.88774 0 291.0731
v -66.90161 0 291.5463
v -57.90419 0 291.7613
v -69.29454 0 391.6923
v -69.28743 0 391.3949
v -60.29001 0 391.6099
v -60.06277 0 392.7591
v -69.56279 0 392.8042
v -59.40665 0 393.739
v -70.23306 0 393.7397
v -58.44548 0 394.4222
v -71.1869 0 394.3835
v -72.30589 0 394.6206
v -57.30307 0 394.6815
v -72.34248 0 403.6205
v -57.33966 0 403.6815
v -57.33966 0 403.6815
v -64.98976 0 403.6504
v -72.34248 0 403.6205
vt -13.45313 -1.708984
vt -11.96875 -2.011719
vt -11.88281 -1.282227
vt -13.46094 -1.585938
vt -13.5 -1.474609
vt -13.57031 -1.386719
vt -13.64844 -1.335938
vt -13.74219 -1.331055
vt -14.02344 0.6333008
vt -11.85156 -1.172852
vt -11.79688 -1.083008
vt -11.72656 -1.021484
vt -11.64063 -0.9995117
vt -11.53125 -0.9995117
vt -11.53125 1
vt -13.47656 0.7705078
vt -13.39844 0.8134766
vt -13.32813 0.8916016
vt -13.28906 0.9936523
vt -13.27344 1.108398
vt -11.61719 1.026367
vt -11.70313 1.09668
vt -11.75781 1.199219
vt -13.27344 1.256836
vt -11.78125 1.322266
vt 11.53906 0.9995117
vt 11.53906 -1
vt 11.60938 -1
vt 13.98438 0.6416016
vt 13.49219 0.7661133
vt 13.40625 0.8100586
vt 13.34375 0.8896484
vt 13.29688 0.9931641
vt 13.28906 1.109375
vt 11.63281 1.025391
vt 11.71094 1.094727
vt 11.76563 1.196289
vt 13.28906 1.222656
vt 11.78906 1.317383
vt 11.69531 -1.022461
vt 11.77344 -1.085938
vt 11.82813 -1.179688
vt 11.85938 -1.291992
vt 13.70313 -1.322266
vt 13.60938 -1.326172
vt 13.52344 -1.375
vt 13.46094 -1.459961
vt 13.41406 -1.568359
vt 13.40625 -1.69043
vt 11.91406 -1.932617
vt 12.53906 -10.08594
vt 14.03906 -10.14844
vt 14.0625 -10.03125
vt 12.53906 -9.960938
vt 14.10938 -9.929688
vt 12.53125 -9.851563
vt 14.17969 -9.859375
vt 14.26563 -9.828125
vt 12.48438 -9.75
vt 14.35938 -9.8125
vt 14.21094 -7.824219
vt 12.42188 -9.679688
vt 12.34375 -9.632813
vt 12.26563 -9.625
vt 12.27344 -8.609375
vt 12.17188 -8.632813
vt 12.36719 -8.570313
vt 12.4375 -8.484375
vt 12.48438 -8.367188
vt 12.49219 -8.242188
vt 12.45313 -7.777344
vt 14.11719 -7.808594
vt 14.03906 -7.75
vt 13.96875 -7.652344
vt 13.9375 -7.535156
vt -24.82813 -2.828125
vt -23.67188 -4.105469
vt -23.53125 -3.873047
vt -23.46875 -3.798828
vt -23.39063 -3.757813
vt -22.92188 -3.640625
vt -23.20313 -1.675781
vt -24.78125 -2.724609
vt -24.76563 -2.609375
vt -24.78125 -2.494141
vt -24.875 -2.191406
vt -23.28125 -1.675781
vt -23.35938 -1.636719
vt -23.4375 -1.566406
vt -23.48438 -1.46875
vt 12.17969 -16.09375
vt 12.22656 -17.09375
vt 12.26563 -17.07813
vt 13.97656 -16.89063
vt 13.89844 -16.40625
vt 13.90625 -15.82813
vt 12.26563 -16.0625
vt 12.34375 -15.98438
vt 12.39063 -15.89063
vt 12.41406 -15.76563
vt 12.35156 -17.09375
vt 12.42969 -17.15625
vt 12.48438 -17.23438
vt 12.52344 -17.34375
vt 14 -25.875
vt 15.67969 -25.76563
vt 15.58594 -25.71875
vt 15.51563 -25.64063
vt 15.47656 -25.51563
vt 15.46094 -25.42188
vt 15.77344 -25.76563
vt 14 -25.98438
vt 13.97656 -26.09375
vt 13.92969 -26.17188
vt 13.86719 -26.25
vt 13.79688 -26.28125
vt 16.10938 -27.71875
vt 16.09375 -27.71875
vt 16 -27.78125
vt 15.94531 -27.875
vt 15.90625 -27.98438
vt 15.90625 -28.125
vt 14.14844 -28.23438
vt 14.03125 -28.25
vt 14.24219 -28.23438
vt 14.32813 -28.29688
vt 14.39844 -28.375
vt 14.4375 -28.48438
vt 14.4375 -28.53125
vt 12.28125 15.04688
vt 13.78125 14.95313
vt 13.79688 15.0625
vt 12.26563 15.15625
vt 13.84375 15.14844
vt 13.90625 15.21875
vt 12.22656 15.25
vt 13.97656 15.26563
vt 12.17188 15.32813
vt 14.0625 15.26563
vt 14.16406 16.25
vt 12.10156 15.38281
vt 12.01563 15.39844
vt 11.98438 16.39063
vt 13.99219 16.28125
vt 13.91406 16.32813
vt 13.85156 16.39063
vt 12.03125 16.39063
vt 13.80469 16.48438
vt 12.125 16.42188
vt 12.20313 16.51563
vt 13.78125 16.59375
vt 12.25 16.625
vt 13.76563 16.89063
vt 12.26563 16.75
vt 11.32031 32.28125
vt 13.02344 32.375
vt 12.95313 32.40625
vt 12.88281 32.4375
vt 12.82813 32.53125
vt 12.80469 32.625
vt 11.51563 30.375
vt 11.53906 30.25
vt 13.03125 30.40625
vt 11.46094 30.46875
vt 13.00781 30.875
vt 11.38281 30.53125
vt 11.28906 30.5625
vt 11.10156 30.57813
vt 11.11719 31.5625
vt 13.01563 31
vt 13.05469 31.10938
vt 13.125 31.1875
vt 13.57813 31.5625
vt 11.20313 31.59375
vt 13.10938 32.375
vt 13.17969 32.40625
vt 11.27344 31.65625
vt 11.32813 31.73438
vt 11.36719 31.84375
vt 11.36719 31.95313
vt 11.32031 32.28125
vt 13.10938 32.375
vt 13.02344 32.375
vt 11.32031 32.28125
vt 31.42188 -5.664063
vt 32.90625 -5.859375
vt 32.9375 -5.757813
vt 32.96875 -5.667969
vt 33.03125 -5.605469
vt 31.4375 -5.472656
vt 33.125 -5.566406
vt 33.1875 -5.5625
vt 33.40625 -3.582031
vt 31.4375 -5.355469
vt 31.39063 -5.246094
vt 31.32813 -5.160156
vt 31.25 -5.113281
vt 32.40625 -3.388672
vt 31.54688 -3.15625
vt 9.367188 44.90625
vt 9.367188 43.90625
vt 9.617188 43.90625
vt 11.34375 43.96875
vt 11.26563 44.59375
vt 9.453125 44.9375
vt 11.07813 45.75
vt 9.523438 45
vt 9.578125 45.09375
vt 9.609375 45.1875
vt 9.609375 45.3125
vt 9.703125 43.875
vt 9.78125 43.84375
vt 9.835938 43.75
vt 9.867188 43.625
vt 40.09375 -6.988281
vt 41.09375 -9.054688
vt 41.71875 -8.5
vt 41.6875 -8.398438
vt 41.6875 -8.28125
vt 41.71875 -8.179688
vt 41.78125 -8.085938
vt 41.875 -8.023438
vt 41.9375 -7.996094
vt 42.59375 -6.152344
vt 42.03125 -8.007813
vt 40 -6.890625
vt 39.90625 -6.84375
vt 38.625 -6.597656
vt 38.84375 -4.617188
vt 40.1875 -4.886719
vt 40.09375 -4.808594
vt 40.0625 -4.691406
vt 38.9375 -4.613281
vt 39 -4.566406
vt 39.8125 -3.835938
vt 39.0625 -4.488281
vt 39.09375 -4.394531
vt 39.125 -4.285156
vt 39.125 -4.175781
vt 18.65625 -46.90625
vt 19.0625 -47.75
vt 19.14063 -47.6875
vt 19.21875 -47.6875
vt 20.71875 -46.875
vt 19.29688 -47.71875
vt 19.35938 -47.78125
vt 19.42188 -47.84375
vt 18.75 -46.8125
vt 20.70313 -46.8125
vt 18.8125 -46.75
vt 20.67188 -46.6875
vt 18.85938 -46.625
vt 20.67188 -46.5625
vt 18.85938 -46.53125
vt 20.70313 -46.46875
vt 18.84375 -46.40625
vt 21.34375 -45.25
vt 18.32813 -44.875
vt 19.98438 -44.21875
vt 20.0625 -44.1875
vt 20.125 -44.09375
vt 19.89063 -44.21875
vt 19.8125 -44.1875
vt 19.73438 -44.125
vt 19.6875 -44.03125
vt 8.59375 55.59375
vt 9.59375 54.65625
vt 9.59375 54.78125
vt 9.625 54.90625
vt 9.6875 55
vt 9.765625 55.0625
vt 9.851563 55.0625
vt 9.890625 56.0625
vt 9.546875 56.09375
vt 9.46875 56.125
vt 9.398438 56.1875
vt 9.34375 56.25
vt 8.007813 54.9375
vt 8.132813 54.21875
vt 7.980469 55.0625
vt 7.929688 55.125
vt 7.859375 55.1875
vt 7.78125 55.21875
vt 7.445313 55.21875
vt 7.480469 56.21875
vt 7.566406 56.25
vt 7.644531 56.3125
vt 7.703125 56.40625
vt 9.3125 56.34375
vt 9.195313 57.0625
vt 7.734375 56.5
vt 7.734375 56.625
vt 27.625 13.75781
vt 27.51563 12.76563
vt 27.92188 13.70313
vt 28 13.70313
vt 28.07813 13.74219
vt 28.14063 13.8125
vt 28.25 13.97656
vt 27.59375 12.73438
vt 27.65625 12.66406
vt 29.35938 12.63281
vt 27.70313 12.57031
vt 29.29688 12.5
vt 27.73438 12.46094
vt 27.71875 12.35156
vt 29.17188 11.84375
vt 5.667969 69.1875
vt 5.828125 68.1875
vt 7.292969 68.625
vt 7.292969 68.75
vt 7.320313 68.8125
vt 7.367188 68.9375
vt 7.429688 69
vt 7.507813 69.0625
vt 7.878906 71
vt 7.585938 69.0625
vt 5.636719 69.3125
vt 5.582031 69.375
vt 5.511719 69.4375
vt 5.433594 69.4375
vt 5.496094 71.4375
vt 6.324219 71.375
vt 8.1875 -29.5625
vt 8.84375 -30.03125
vt 9.078125 -29.45313
vt 8.210938 -29.4375
vt 9.125 -29.35938
vt 8.195313 -29.3125
vt 9.1875 -29.3125
vt 8.15625 -29.20313
vt 9.257813 -29.28125
vt 9.34375 -29.25
vt 9.109375 -27.29688
vt 8.085938 -29.10938
vt 8 -29.07813
vt 8.234375 -27.10938
vt 23.73438 -57.90625
vt 25.23438 -57.0625
vt 25.15625 -57.0625
vt 25.07813 -57
vt 25.03125 -56.90625
vt 25.3125 -57.0625
vt 26.20313 -58.6875
vt 26.0625 -58.8125
vt 26 -58.90625
vt 25.95313 -59.03125
vt 24.25 -59.09375
vt 25.95313 -59.125
vt 25.96875 -59.25
vt 24.625 -60.125
vt 25.39063 -57.03125
vt 49.25 -12
vt 49.3125 -12.07813
vt 50.59375 -11.07813
vt 49.1875 -11.9375
vt 47.53125 -11.03125
vt 50.46875 -10.78125
vt 48.09375 -9.179688
vt 48.1875 -9.203125
vt 48.28125 -9.171875
vt 49.84375 -8.171875
vt 48.34375 -9.101563
vt 48.40625 -9.007813
vt 48.4375 -8.890625
vt 48.4375 -8.773438
vt 26.95313 -65.4375
vt 27.5 -65.5
vt 27.6875 -63.53125
vt 25.07813 -65.0625
vt 25.28125 -63.09375
vt 27.60938 -63.5
vt 27.54688 -63.4375
vt 27.5 -63.34375
vt 25.375 -63.0625
vt 25.45313 -63.03125
vt 26.89063 -61.71875
vt 25.51563 -62.9375
vt 25.54688 -62.84375
vt 25.5625 -62.71875
vt 25.54688 -62.59375
vt -50.9375 19.34375
vt -50.5625 19.09375
vt -49.875 20.875
vt -51.40625 19.8125
vt -51.71875 20.48438
vt -51.875 21.25
vt -49.9375 20.95313
vt -50 21.0625
vt -50 21.17188
vt -50 21.29688
vt -51.96875 22.76563
vt -49.9375 21.40625
vt -49.5 22
vt -50.21875 22.60938
vt -50.28125 22.64063
vt -50.375 22.70313
vt -50.4375 22.79688
vt -50.46875 22.90625
vt -50.125 22.625
vt -50.03125 22.70313
vt 31.875 19.9375
vt 32.46875 20.65625
vt 32.375 20.70313
vt 32.21875 20.79688
vt 32.5625 20.67188
vt 32.65625 20.73438
vt 31.9375 19.85938
vt 34.03125 19.82813
vt 31.96875 19.75
vt 31.98438 19.64063
vt 31.96875 19.51563
vt 31.9375 19.42188
vt 33.6875 19.07813
vt 31.67188 19.04688
vt 33.65625 18.9375
vt 33.6875 18.79688
vt 33.90625 17.9375
vt 32.9375 17.79688
vt 32.84375 17.76563
vt 32.78125 17.70313
vt 32.71875 20.82813
vt 33 17.79688
vt 33.09375 17.75
vt 33.15625 17.6875
vt 33.1875 17.59375
vt -27.8125 7.929688
vt -27.71875 7.585938
vt -26.32813 8.304688
vt -27.875 8.039063
vt -27.96875 8.117188
vt -28.90625 8.609375
vt -26.32813 8.414063
vt -26.32813 8.523438
vt -26.28125 8.617188
vt -28.375 10.46875
vt -26.23438 8.703125
vt -26.15625 8.75
vt -26 8.8125
vt -26.29688 9.757813
vt -26.39063 9.796875
vt -26.45313 9.875
vt -26.51563 9.96875
vt -26.53125 10.08594
vt -26.20313 9.765625
vt -26.53125 10.08594
vt -28.28125 10.45313
vt -28.375 10.46875
vt -28.28125 10.45313
vt -26.53125 10.08594
vt -26.53125 10.78906
vt -28.1875 10.48438
vt -28.10938 10.55469
vt -28.04688 10.66406
vt -28.03125 10.78125
vt 50.40625 -15.59375
vt 50.4375 -16.59375
vt 50.9375 -16.5625
vt 52.65625 -16.20313
vt 52.4375 -15.25
vt 50.5 -15.57031
vt 50.5625 -15.5
vt 50.625 -15.41406
vt 50.65625 -15.30469
vt 50.65625 -15.19531
vt 51.90625 -14.08594
vt 50.625 -15.09375
vt 51.03125 -16.57813
vt 51.125 -16.64063
vt 52.6875 -16.6875
vt 51.1875 -16.75
vt 51.1875 -16.85938
vt -29.23438 23.54688
vt -28.42188 21.875
vt -28.34375 21.90625
vt -26.54688 22.60938
vt -26.53125 22.70313
vt -26.48438 22.79688
vt -26.42188 22.875
vt -26.34375 22.92188
vt -26.26563 22.9375
vt -26.15625 24.92188
vt -28.23438 24.42188
vt -28.15625 24.51563
vt -28.125 24.625
vt -28.125 24.75
vt -28.14063 24.98438
vt -26.42188 24.95313
vt -26.5 24.98438
vt -26.57813 25.04688
vt -26.625 25.14063
vt -26.65625 25.25
vt -28.0625 21.70313
vt -28.04688 21.59375
vt -26.54688 21.59375
vt -28.10938 21.79688
vt -28.17188 21.875
vt -28.26563 21.90625
vt 34.78125 25.625
vt 36.0625 24.64063
vt 36.3125 25.23438
vt 36.6875 26.875
vt 34.8125 25.73438
vt 34.8125 25.84375
vt 34.78125 25.95313
vt 34.71875 26.04688
vt 34.3125 26.53125
vt 34.96875 27.1875
vt 34.90625 27.21875
vt 34.84375 27.26563
vt 35.0625 27.20313
vt 35.125 27.25
vt 35.1875 27.32813
vt 35.25 27.42188
vt 36.5625 33.6875
vt 38 33.09375
vt 38.03125 33.1875
vt 38.09375 33.25
vt 38.1875 33.3125
vt 38.28125 33.3125
vt 39.90625 33.75
vt 38.34375 33.28125
vt 38.4375 33.21875
vt 38.46875 33.09375
vt 37.4375 37.625
vt 38.96875 37.5
vt 38.96875 37.625
vt 37.46875 37.8125
vt -14.09375 14.44531
vt -13.88281 13.48438
vt -13.79688 13.49219
vt -12.07813 13.625
vt -12.0625 13.75
vt -12.00781 13.85938
vt -11.92969 13.9375
vt -11.83594 13.96875
vt -11.72656 13.97656
vt -11.75781 14.97656
vt -13.74219 14.57813
vt -13.65625 14.64063
vt -13.59375 14.74219
vt -13.5625 14.86719
vt -11.84375 14.99219
vt -13.50781 15.55469
vt -11.91406 15.04688
vt -11.96875 15.125
vt -12.00781 15.22656
vt -12.01563 15.34375
vt -13.58594 13.28906
vt -13.57031 13.17969
vt -12.07031 13.24219
vt -13.64063 13.39063
vt -13.71094 13.46094
vt -49.8125 39.9375
vt -50.53125 39.96875
vt -49.84375 39.84375
vt -50.4375 40.34375
vt -33.96875 45.21875
vt -33.65625 44.3125
vt -33.1875 44.625
vt -33.09375 44.65625
vt -31.57813 45.5625
vt -33 44.65625
vt -32.90625 44.59375
vt -32.84375 44.5
vt -33.90625 45.28125
vt -33.875 45.375
vt -33.84375 45.5
vt -33.875 45.59375
vt -31.75 45.9375
vt -33.90625 45.71875
vt -33.9375 45.78125
vt -33.09375 47.40625
vt -32.21875 46.59375
vt -13.04688 21.23438
vt -11.55469 21.01563
vt -11.45313 22.29688
vt -13.05469 21.32813
vt -13.08594 21.42188
vt -13.13281 21.51563
vt -13.20313 21.5625
vt -13.27344 21.59375
vt -13.16406 23.59375
vt -11.25 23.28125
vt -12.95313 23.5625
vt -12.875 23.57813
vt -12.79688 23.625
vt -12.73438 23.70313
vt -12.69531 23.8125
vt -11.19531 31.10938
vt -9.75 30.57813
vt -9.671875 30.92188
vt -9.640625 31.03125
vt -9.578125 31.10938
vt -11.1875 31.20313
vt -9.507813 31.15625
vt -9.429688 31.17188
vt -9.273438 32.15625
vt -9.289063 31.17188
vt -11.20313 31.3125
vt -11.25 31.40625
vt -11.30469 31.46875
vt -11.38281 31.51563
vt -11.48438 31.54688
vt -11.3125 32.5
vt -9.367188 32.1875
vt -9.445313 32.28125
vt -9.5 32.375
vt -11.22656 32.5
vt -9.515625 32.5
vt -9.507813 32.75
vt -11.14844 32.5625
vt -11.07813 32.625
vt -11.03125 32.71875
vt -11.00781 32.8125
vt -42.1875 54.5
vt -41.5 52.6875
vt -41.40625 52.71875
vt -38.34375 52.75
vt -38.28125 52.84375
vt -38.21875 52.90625
vt -38.125 52.9375
vt -38.125 54.9375
vt -41.84375 54.6875
vt -41.0625 54.9375
vt -41.3125 52.71875
vt -41.25 52.6875
vt -38.375 52.625
vt -38.375 52.5
vt -38.34375 52.40625
vt -38.28125 52.3125
vt -39.15625 50.6875
vt 37.9375 44.90625
vt 39.4375 44.71875
vt 39.5 45.6875
vt 37.9375 45.03125
vt 37.875 45.125
vt 37.8125 45.21875
vt 37.71875 45.25
vt 37.625 45.25
vt 37.46875 46.21875
vt 39.375 46.75
vt 39.375 46.75
vt 37.59375 46.25
vt 37.46875 46.21875
vt 39.375 46.75
vt 37.6875 46.3125
vt 37.59375 46.25
vt 37.75 46.375
vt 37.78125 46.5
vt 37.78125 46.59375
vt 37.78125 46.71875
vt 39.1875 47.4375
vt 30.57813 -14.65625
vt 32 -15.22656
vt 32.0625 -15.11719
vt 32.125 -15.03906
vt 32.21875 -15
vt 32.84375 -14.26563
vt 32.3125 -15.00781
vt 32.40625 -15.0625
vt 30.71875 -14.03125
vt 32.4375 -13.84375
vt 30.71875 -13.90625
vt 30.6875 -13.78906
vt 32.375 -13.75781
vt 30.64063 -13.6875
vt 32.34375 -13.65625
vt 30.5625 -13.625
vt 32.34375 -13.54688
vt 30.34375 -13.52344
vt 32.4375 -12.5
vt 30.6875 -12.60156
vt 30.60938 -12.58594
vt 30.78125 -12.57031
vt 30.85938 -12.50781
vt 30.90625 -12.41406
vt 30.9375 -12.30469
vt -8.5 -31.53125
vt -8.476563 -31.64063
vt -7.730469 -31.57813
vt -7.746094 -31.26563
vt -8.539063 -31.4375
vt -8.609375 -31.375
vt -8.679688 -31.32813
vt -8.765625 -31.32813
vt -8.96875 -29.34375
vt -7.734375 -31.15625
vt -7.699219 -31.04688
vt -7.308594 -30.32813
vt -8.695313 -29.29688
vt -8.601563 -29.25
vt -8.523438 -29.15625
vt -17.39063 -30.78125
vt -17.375 -32.78125
vt -17.07813 -32.78125
vt -16.01563 -32.78125
vt -15.94531 -32.6875
vt -15.85938 -32.65625
vt -15.125 -32.5
vt -15.33594 -30.54688
vt -17.3125 -30.76563
vt -17.23438 -30.70313
vt -17.17188 -30.60938
vt -17.15625 -30.5
vt -15.42188 -30.53125
vt -15.5 -30.48438
vt -17.10938 -29.9375
vt -15.57031 -30.39063
vt -15.60938 -30.29688
vt -15.61719 -30.17188
vt -16.98438 -32.8125
vt -16.90625 -32.875
vt -16.0625 -32.875
vt -16.84375 -32.96875
vt -16.07813 -33
vt -16.07813 -33.03125
vt -16.8125 -33.09375
vt -10.67188 43.5625
vt -9.171875 43.5
vt -9.148438 43.625
vt -10.66406 43.90625
vt -9.09375 43.71875
vt -9.015625 43.78125
vt -8.921875 43.8125
vt -8.875 43.8125
vt -8.875 44.8125
vt -10.67188 44
vt -10.70313 44.09375
vt -10.75781 44.1875
vt -10.82031 44.21875
vt -11.21875 44.40625
vt -8.953125 44.8125
vt -10.95313 45.34375
vt -9.023438 44.875
vt -9.078125 44.96875
vt -10.86719 45.34375
vt -9.117188 45.0625
vt -9.132813 45.15625
vt -9.117188 45.59375
vt -10.77344 45.375
vt -10.69531 45.4375
vt -10.64063 45.53125
vt -10.61719 45.65625
vt -15.03125 -15.10156
vt -13.57031 -15.55469
vt -13.49219 -15.08594
vt -15.03125 -14.96875
vt -13.45313 -14.96875
vt -15.0625 -14.85156
vt -13.38281 -14.88281
vt -13.29688 -14.83594
vt -15.125 -14.75781
vt -12.82813 -14.71094
vt -15.21094 -14.70313
vt -12.97656 -13.72656
vt -15.30469 -14.66406
vt -15.02344 -13.71094
vt -15.10938 -13.70313
vt -12.97656 -13.72656
vt -13.07031 -13.72656
vt -15.02344 -13.71094
vt -15.02344 -13.71094
vt -13.07031 -13.72656
vt -13.15625 -13.67188
vt -14.94531 -13.67969
vt -14.875 -13.61719
vt -13.21875 -13.58594
vt -14.82813 -13.53125
vt -13.26563 -13.47656
vt -14.79688 -13.42969
vt -13.27344 -13.35156
vt -14.75 -13.04688
vt -1.478516 69.4375
vt -1.467773 69.3125
vt -0.722168 69.4375
vt -0.715332 69.5
vt -1.509766 69.5625
vt -0.6791992 69.625
vt -1.573242 69.6875
vt -0.6206055 69.6875
vt -1.65918 69.75
vt -0.546875 69.75
vt -1.755859 69.75
vt -1.928711 71.75
vt -0.463623 69.8125
vt -0.401123 71.75
vt -1.242188 71.8125
vt -10.39844 56.21875
vt -8.898438 56.15625
vt -8.882813 56.25
vt -10.375 57.1875
vt -8.84375 56.34375
vt -8.78125 56.4375
vt -8.710938 56.46875
vt -8.632813 56.46875
vt -8.53125 57.46875
vt -8.578125 56.46875
vt -8.609375 57.5
vt -10.23438 58.21875
vt -8.679688 57.5625
vt -8.726563 57.65625
vt -8.757813 57.75
vt -8.757813 57.875
vt -25.6875 -33.3125
vt -25.6875 -33.40625
vt -24.9375 -33.3125
vt -25.73438 -33.1875
vt -24.9375 -33.1875
vt -25.79688 -33.09375
vt -24.90625 -33.09375
vt -25.875 -33.03125
vt -24.84375 -33
vt -25.96875 -33.03125
vt -26.14063 -31.04688
vt -24.78125 -32.9375
vt -24.70313 -32.9375
vt -24.71875 -30.9375
vt -25.48438 -30.95313
vt 19.07813 -7.183594
vt 19.21875 -9.171875
vt 20.82813 -8.960938
vt 21.1875 -8.039063
vt 20.48438 -7.703125
vt 20.40625 -7.632813
vt 20.34375 -7.519531
vt 19.15625 -7.144531
vt 19.96875 -6.328125
vt 19.23438 -7.066406
vt 19.28125 -6.960938
vt 19.29688 -6.839844
vt 19.28125 -6.71875
vt 20.9375 -8.976563
vt 33.96875 -66.5625
vt 34.625 -66.6875
vt 35.6875 -66.5
vt 34.15625 -64.625
vt 35.5 -64.5625
vt 34.25 -64.625
vt 34.34375 -64.5625
vt 35.40625 -64.5625
vt 35.34375 -64.5
vt 34.40625 -64.4375
vt 35.28125 -64.375
vt 34.4375 -64.3125
vt 35.21875 -64.3125
vt 34.5 -64
vt 35.21875 -64.1875
vt -33 -31.73438
vt -33 -31.85938
vt -31.15625 -31.8125
vt -31.23438 -31.79688
vt -31.3125 -31.76563
vt -31.375 -31.6875
vt -33 -31.625
vt -31.42188 -31.59375
vt -31.59375 -30.9375
vt -33.0625 -31.95313
vt -33.125 -32.03125
vt -33.21875 -32.0625
vt -30.875 -33.78125
vt -30.96875 -33.8125
vt -31.03125 -33.875
vt -31.07813 -34
vt -32.875 -34.03125
vt -33.09375 -34.0625
vt -31.04688 -31.79688
vt -32.78125 -34.03125
vt -32.71875 -34.09375
vt -31.09375 -34.09375
vt -32.65625 -34.15625
vt -32.59375 -34.25
vt -32.59375 -34.34375
vt -31.09375 -34.375
vt -45 -34.25
vt -43.75 -35.34375
vt -43.6875 -35.25
vt -43.625 -35.21875
vt -43.5625 -35.1875
vt -43.21875 -35.15625
vt -43.3125 -33.15625
vt -44.96875 -34.1875
vt -44.9375 -34.0625
vt -44.9375 -33.9375
vt -45.03125 -33.40625
vt -43.40625 -33.15625
vt -43.5 -33.09375
vt -43.5625 -33
vt -43.59375 -32.90625
vt 51.28125 -45.1875
vt 51.875 -44.4375
vt 51.8125 -44.4375
vt 51.71875 -44.375
vt 53.59375 -44.15625
vt 51.9375 -45.8125
vt 52 -45.9375
vt 52.03125 -46.0625
vt 52.03125 -46.1875
vt 53.59375 -46.21875
vt 53.46875 -46.75
vt 51.96875 -44.40625
vt 52.03125 -44.3125
vt 52.09375 -44.21875
vt 52.125 -44.125
vt -52 34.25
vt -50.53125 33.9375
vt -50.5 34.03125
vt -50.4375 34.125
vt -50.375 34.1875
vt -49.6875 34.5625
vt -52 34.40625
vt -51.78125 36.15625
vt -50.125 35.46875
vt -50.0625 35.46875
vt -50.21875 35.53125
vt -50.25 35.625
vt -50.3125 35.71875
vt -50.3125 35.84375
vt -49.96875 35.46875
vt -40.21875 28.82813
vt -40.21875 28.79688
vt -38.71875 29.01563
vt -40.25 28.95313
vt -40.3125 29.04688
vt -38.71875 29.14063
vt -40.40625 29.10938
vt -40.15625 30.0625
vt -38.65625 29.26563
vt -38.59375 29.34375
vt -39.65625 29.84375
vt -39.53125 29.82813
vt -39.4375 29.85938
vt -38.96875 30.21875
vt -44.71875 38.28125
vt -44.4375 37.34375
vt -44.34375 37.375
vt -43.375 37.71875
vt -43.375 37.84375
vt -43.3125 37.96875
vt -43.25 38.03125
vt -43.9375 38.6875
vt -43.5625 38.9375
vt -44.28125 37.34375
vt -44.1875 37.28125
vt -44.125 37.1875
vt -43.34375 37.125
vt -44.09375 37.0625
vt -43.9375 30.90625
vt -43.40625 30.20313
vt -43.34375 30.28125
vt -43.25 30.29688
vt -42.90625 31.21875
vt -43.15625 30.29688
vt -43.125 30.26563
vt -43.875 31
vt -43.8125 31.125
vt -43.8125 31.26563
vt -42.96875 31.29688
vt -43.8125 31.45313
vt -43.03125 31.39063
vt -43.0625 31.51563
vt -33.34375 -43.375
vt -32.9375 -44.21875
vt -32.84375 -44.1875
vt -32.78125 -44.1875
vt -31.07813 -43.71875
vt -31.0625 -43.625
vt -31.01563 -43.5
vt -30.95313 -43.4375
vt -30.875 -43.375
vt -32.71875 -42.8125
vt -30.78125 -43.375
vt -30.65625 -42.40625
vt -32.65625 -42.71875
vt -32.625 -42.625
vt -32.59375 -42.53125
vt -32.59375 -42
vt -30.90625 -42.34375
vt -30.98438 -42.3125
vt -31.04688 -42.21875
vt -31.09375 -42.125
vt -31.10938 -42
vt -32.5625 -44.375
vt -32.53125 -44.46875
vt -31.04688 -44.40625
vt -32.625 -44.28125
vt -32.6875 -44.21875
vt -3.746094 -11.28906
vt -3.601563 -12.26563
vt -3.519531 -12.26563
vt -2.556641 -12.24219
vt -2.511719 -12.125
vt -2.439453 -12.03906
vt -2.347656 -12
vt -2.130859 -11.96094
vt -2.220703 -10.96875
vt -3.505859 -11.22656
vt -3.416016 -11.17188
vt -3.345703 -11.07813
vt -3.308594 -10.95313
vt -2.3125 -10.96094
vt -2.392578 -10.90625
vt -3.236328 -10.40625
vt -2.457031 -10.8125
vt -2.494141 -10.70313
vt -2.498047 -10.58594
vt -2.566406 -12.36719
vt -3.376953 -12.36719
vt -2.560547 -12.4375
vt -3.328125 -12.45313
vt -3.304688 -12.55469
vt -3.443359 -12.30469
vt -3.166016 -17.40625
vt -1.887695 -17.20313
vt -1.979492 -17.17188
vt -2.955078 -16.875
vt -2.060547 -17.10938
vt -2.121094 -17.01563
vt -2.150391 -16.90625
vt -2.181641 -16.5625
vt -2.929688 -16.78125
vt -2.925781 -16.6875
vt -1.686523 -17.1875
vt -1.642578 -18.17188
vt -1.723633 -18.20313
vt -1.794922 -18.26563
vt -1.847656 -18.35938
vt -2.044922 -1.390625
vt -1.306641 -1.564453
vt -1.268555 -1.275391
vt -2.046875 -1.276367
vt -2.078125 -1.170898
vt -1.237305 -1.167969
vt -2.134766 -1.082031
vt -1.181641 -1.080078
vt -2.207031 -1.021484
vt -1.106445 -1.021484
vt -2.291016 -1
vt -1.022461 -1
vt -2.291016 0.9995117
vt -0.6611328 -1
vt -0.6611328 0.9995117
vt -0.6611328 0.9995117
vt -1.931641 0.9995117
vt -2.291016 0.9995117
vt -0.6611328 0.9995117
vt -1.847656 1.020508
vt -1.931641 0.9995117
vt -0.7451172 1.022461
vt -1.773438 1.079102
vt -0.8183594 1.083008
vt -1.716797 1.166016
vt -0.8740234 1.171875
vt -1.685547 1.272461
vt -0.9057617 1.27832
vt -1.644531 1.574219
vt -0.9067383 1.393555
vt -6.4375 -25.28125
vt -5.21875 -26.4375
vt -5.152344 -26.35938
vt -5.070313 -26.3125
vt -4.976563 -26.3125
vt -3.958984 -24.5
vt -4.195313 -26.46875
vt -6.105469 -24.65625
vt -4.042969 -24.45313
vt -5.457031 -23.0625
vt -4.109375 -24.375
vt -4.152344 -24.25
vt -4.164063 -24.125
vt -4.140625 -24.01563
vt 17.95313 -2.548828
vt 18.23438 -3.433594
vt 18.92188 -3.042969
vt 18.90625 -2.931641
vt 18.92188 -2.822266
vt 18.96875 -2.722656
vt 19.01563 -2.640625
vt 19.09375 -2.591797
vt 19.1875 -2.580078
vt 19.35938 -0.5957031
vt 17.90625 -2.457031
vt 17.84375 -2.390625
vt 17.76563 -2.351563
vt 18.10938 -0.4025879
vt 18.04688 -0.3884277
vt -10.10938 69.3125
vt -9.382813 67.5625
vt -9.296875 67.5625
vt -7.300781 68.625
vt -7.277344 68.75
vt -7.226563 68.8125
vt -7.160156 68.875
vt -7.085938 68.9375
vt -7.257813 70.875
vt -8.445313 70.5625
vt -7.800781 70.8125
vt -9.210938 67.5625
vt -9.125 67.5
vt -9.0625 67.4375
vt -9.023438 67.3125
vt -9.015625 67.1875
vt -7.542969 66.875
vt -0.331543 55.46875
vt -0.3027344 55.15625
vt 0.440918 55.28125
vt 0.4472656 55.40625
vt 0.4829102 55.5
vt -0.3574219 55.5625
vt 0.5415039 55.59375
vt -0.4094238 55.65625
vt 0.6162109 55.625
vt 0.7006836 55.65625
vt 0.7358398 56.65625
vt -0.4799805 55.71875
vt -0.5625 55.75
vt -0.793457 55.78125
vt 0.527832 56.65625
vt -0.7426758 56.75
vt 0.4431152 56.6875
vt 0.3703613 56.75
vt 0.3171387 56.84375
vt -0.6577148 56.78125
vt -0.581543 56.84375
vt -0.5219727 56.90625
vt 0.2912598 56.96875
vt -0.4846191 57.03125
vt 0.2685547 57.25
vt -0.4770508 57.125
vt 27.39063 -28.54688
vt 28.67188 -29.57813
vt 28.71875 -29.48438
vt 28.79688 -29.4375
vt 28.875 -29.40625
vt 29.29688 -28.51563
vt 28.95313 -29.42188
vt 29.07813 -29.46875
vt 27.54688 -28.20313
vt 29.20313 -28.45313
vt 29.15625 -28.35938
vt 29.125 -28.23438
vt 29.125 -28.09375
vt 27.6875 -27.53125
vt 27.75 -22.09375
vt 28.07813 -24.04688
vt 28.17188 -24.04688
vt 30.3125 -22.84375
vt 30.46875 -22.09375
vt 28.84375 -21.75
vt 28.9375 -21.70313
vt 29 -21.625
vt 29.03125 -21.51563
vt 28.25 -24.07813
vt 28.3125 -24.15625
vt 28.35938 -24.25
vt 28.375 -24.34375
vt 28.375 -24.46875
vt 29.8125 -25.03125
vt -33.21875 -54.65625
vt -32.78125 -56.59375
vt -32.71875 -56.5625
vt -30.71875 -55.0625
vt -30.75 -53.90625
vt -32.40625 -54.34375
vt -32.34375 -54.28125
vt -32.28125 -54.21875
vt -32.25 -54.125
vt -32.25 -54
vt -32.625 -56.59375
vt -32.5625 -56.65625
vt -32.5 -56.75
vt -32.46875 -56.84375
vt -32.46875 -56.96875
vt -31 -57.28125
vt 41.71875 -25.01563
vt 42.375 -25.48438
vt 42.625 -24.85938
vt 41.75 -24.89063
vt 41.75 -24.78125
vt 42.96875 -23.90625
vt 41.71875 -24.67188
vt 41.65625 -24.57813
vt 41.46875 -24.39063
vt 42 -23.65625
vt 41.90625 -23.59375
vt 42.09375 -23.65625
vt 42.15625 -23.64063
vt 42.25 -23.57813
vt 42.28125 -23.48438
vt 44.75 -16.26563
vt 45.59375 -15.86719
vt 45.53125 -15.85156
vt 45.4375 -15.79688
vt 45.375 -15.71875
vt 45.625 -15.86719
vt 44.78125 -16.375
vt 44.78125 -16.48438
vt 44.78125 -16.59375
vt 44.78125 -16.60938
vt 45.65625 -16.85938
vt 45.5625 -16.89063
vt 45.5 -16.95313
vt 45.4375 -17.04688
vt 35.0625 -48.625
vt 35.875 -50.28125
vt 35.96875 -50.25
vt 36.03125 -50.25
vt 37.34375 -48.25
vt 36.09375 -50.28125
vt 36.1875 -50.34375
vt 36.21875 -50.4375
vt 36.25 -50.53125
vt 36.25 -50.625
vt 37 -50.8125
vt 36.625 -47.25
vt 37.46875 -47.21875
vt 36.6875 -47.15625
vt 36.71875 -47.03125
vt 38.375 -34.09375
vt 39.125 -34.25
vt 39.15625 -34.15625
vt 39.21875 -34.09375
vt 38.46875 -33.5
vt 39.28125 -34.03125
vt 39.34375 -34
vt 39.9375 -33.21875
vt 39.4375 -34
vt 39.5 -34.03125
vt 38.46875 -33.40625
vt 38.4375 -33.28125
vt 38.375 -33.1875
vt 39.59375 -32.875
vt 38.28125 -33.125
vt 38.5 -32.1875
vt 39.53125 -32.8125
vt 39.5 -32.6875
vt 38.53125 -32.1875
vt 39.5 -32.5625
vt 39.53125 -32.46875
vt 38.625 -32.21875
vt 38.71875 -32.1875
vt 38.78125 -32.125
vt 38.84375 -32.03125
vt 38.84375 -31.98438
vt -33.53125 -71.1875
vt -32.40625 -71.375
vt -32.28125 -69.375
vt -34.625 -70.875
vt -34.28125 -68.9375
vt -32.34375 -69.3125
vt -32.40625 -69.25
vt -32.46875 -69.1875
vt -32.5 -69.0625
vt -32.5 -69.0625
vt -34.1875 -68.9375
vt -34.28125 -68.9375
vt -32.5 -69.0625
vt -32.5 -69
vt -34.1875 -68.9375
vt -34.125 -68.875
vt -34.0625 -68.8125
vt -34 -68.75
vt -33.96875 -68.625
vt 25.82813 62.625
vt 26.48438 62.1875
vt 26.5625 62.375
vt 26.625 62.46875
vt 26.70313 62.53125
vt 26.79688 62.5625
vt 27.51563 64.3125
vt 26.89063 62.53125
vt 25.84375 62.75
vt 25.84375 62.875
vt 25.79688 62.96875
vt 25.75 63.0625
vt 25.67188 63.125
vt 26.07813 65
vt 26.9375 64.6875
vt 14.47656 33.5
vt 14.875 32.65625
vt 14.96094 32.6875
vt 15.04688 32.6875
vt 15.98438 33.15625
vt 15.91406 33.25
vt 15.875 33.375
vt 15.86719 33.5
vt 15.89063 33.625
vt 14.77344 33.75
vt 15.95313 33.71875
vt 15.48438 34.5
vt 15.13281 32.65625
vt 15.60938 32.28125
vt 13.39063 32.59375
vt 13.61719 32.1875
vt 13.41406 32.59375
vt 13.59375 32.15625
vt 14.4375 32.875
vt 14.66406 32.46875
vt 14.46094 32.90625
vt 14.64063 32.4375
vt 22.34375 42.5625
vt 22.3125 41.84375
vt 23.3125 42.15625
vt 23.21875 42.21875
vt 23.15625 42.28125
vt 23.10938 42.40625
vt 23.09375 42.5
vt 23.39063 42.15625
vt 22.03125 41.40625
vt 22.5 40.625
vt 22.57813 40.6875
vt 22.65625 40.6875
vt 23.82813 40.71875
vt 23.78125 40.84375
vt 23.75 40.9375
vt 23.76563 41.0625
vt 23.79688 41.15625
vt 23.85938 41.25
vt 23.9375 41.3125
vt 23.78125 42.28125
vt 22.21875 41.625
vt 22.29688 41.71875
vt 22.3125 41.84375
vt 22.75 40.65625
vt 22.8125 40.59375
vt 23.3125 40
vt 23.78125 42.28125
vt 23.39063 42.15625
vt 22.3125 41.84375
vt 22.75 53.8125
vt 23.5 53.75
vt 23.51563 54.40625
vt 22.73438 53.9375
vt 22.6875 54.03125
vt 22.60938 54.125
vt 22.51563 54.15625
vt 22.5625 55.15625
vt 23.54688 54.53125
vt 23.67188 54.84375
vt 22.76563 55.125
vt 22.85938 55.15625
vt 22.95313 55.21875
vt 23 55.3125
vt -40.8125 -66.375
vt -39.4375 -65.3125
vt -39.53125 -65.25
vt -39.59375 -65.1875
vt -39.375 -65.3125
vt -38.40625 -65
vt -38.34375 -67.3125
vt -38.34375 -67.4375
vt -38.28125 -67.5625
vt -38.25 -67.625
vt -38.15625 -67.625
vt -39.53125 -68.6875
vt -39.09375 -69.25
vt -38.53125 -69.5625
vt -39.28125 -65.25
vt -39.21875 -65.1875
vt -39.15625 -65.125
vt -39.15625 -65
vt -46.15625 -56.09375
vt -45.96875 -56.4375
vt -44.71875 -55.28125
vt -46.375 -55.46875
vt -46.46875 -54.75
vt -44.75 -55.1875
vt -44.75 -55.03125
vt -44.71875 -54.9375
vt -44.65625 -54.84375
vt -44.15625 -54.375
vt -46.46875 -53.28125
vt -44.75 -53.59375
vt -44.65625 -53.59375
vt -44.8125 -53.53125
vt -44.90625 -53.46875
vt -44.9375 -53.375
vt -44.96875 -53.25
vt -44.5625 -53.53125
vt -46.3125 -38.8125
vt -44.8125 -38.90625
vt -44.78125 -38.78125
vt -46.25 -37.4375
vt -44.71875 -38.6875
vt -44.65625 -38.625
vt -44.59375 -38.59375
vt -44.5 -38.59375
vt -44 -37.78125
vt -44.46875 -37.40625
vt -46.1875 -36.8125
vt -44.53125 -37.3125
vt -44.5625 -37.1875
vt -44.5625 -37.0625
vt -44.53125 -36.9375
vt -45.78125 -35.84375
vt -45.96875 -36.25
vt -44.40625 -38.625
vt -40.53125 -49.875
vt -40.09375 -50.6875
vt -40.03125 -50.65625
vt -39.9375 -50.65625
vt -39 -49.90625
vt -38.96875 -49.78125
vt -39.59375 -49.03125
vt -38.9375 -49.6875
vt -38.875 -49.59375
vt -39.3125 -48.78125
vt -39.84375 -50.6875
vt -39.78125 -50.75
vt -39.71875 -50.84375
vt -38.96875 -50.90625
vt -39.71875 -50.96875
vt -36.40625 -45.59375
vt -35.46875 -45.1875
vt -35.5625 -45.125
vt -36 -44.75
vt -35.375 -45.1875
vt -36.34375 -45.65625
vt -36.3125 -45.75
vt -35.28125 -45.125
vt -36.28125 -45.875
vt -34.84375 -45.96875
vt -36.3125 -45.96875
vt -36.34375 -46.0625
vt -36.40625 -46.15625
vt -35.1875 -46.25
vt -35.96875 -46.96875
vt -17.57813 63.8125
vt -16.82813 62.0625
vt -16.75 62.125
vt -15.8125 62.40625
vt -15.85156 62.5
vt -15.85938 62.625
vt -15.83594 62.71875
vt -15.79688 62.8125
vt -15.73438 62.90625
vt -16.45313 64.625
vt -17.10938 64.125
vt -16.65625 62.09375
vt -16.5625 62.0625
vt -16.5 61.96875
vt -16.42188 61.84375
vt -28.9375 53.15625
vt -27.625 52.53125
vt -27.375 53.4375
vt -29.125 53.15625
vt -29.71875 54.84375
vt -29.32813 53.0625
vt -29.53125 52.90625
vt -29.73438 52.84375
vt -27.45313 53.5
vt -27.5 53.625
vt -27.51563 53.75
vt -27.51563 53.84375
vt -27.46875 53.96875
vt -27.40625 54.0625
vt -29.48438 54.84375
vt -29.35938 54.875
vt -28.15625 55.78125
vt -29.9375 36.84375
vt -29.57813 35.96875
vt -29.48438 36
vt -27.73438 36.03125
vt -27.71875 36.15625
vt -27.67188 36.25
vt -27.60938 36.34375
vt -27.51563 36.375
vt -27.25 37.375
vt -27.42188 36.375
vt -29.6875 37.03125
vt -29.625 37.09375
vt -29.59375 37.1875
vt -29.5625 37.3125
vt -29.57813 37.40625
vt -27.75 37.53125
vt -29.59375 37.5
vt -27.84375 37.5625
vt -27.90625 37.65625
vt -28.32813 38.5625
vt -29.25 35.84375
vt -29.21875 35.71875
vt -27.71875 36
vt -29.3125 35.9375
vt -29.39063 36
vt -20.57813 48.3125
vt -19.82813 48.21875
vt -19.79688 48.34375
vt -20.54688 48.75
vt -19.75 48.4375
vt -19.67188 48.5
vt -19.57813 48.53125
vt -19.23438 49.4375
vt -19.5 48.5
vt -20.54688 48.875
vt -20.57813 48.96875
vt -20.64063 49.03125
vt -20.70313 49.09375
vt -20 49.8125
vt -20.45313 50.03125
vt -11.52344 52.65625
vt -10.76563 53.125
vt -10.84375 53.15625
vt -10.90625 53.21875
vt -10.67969 53.125
vt -8.953125 53.34375
vt -10.5625 50.84375
vt -10.52344 50.75
vt -10.51563 50.65625
vt -10.52344 50.25
vt -9.023438 50.1875
vt -10.60156 53.15625
vt -10.53125 53.21875
vt -10.47656 53.28125
vt -10.45313 53.40625
vt -19.39063 -69.6875
vt -19.17188 -70.5625
vt -19.09375 -69.6875
vt -19.25 -70.5625
vt -29.10938 -71.75
vt -27.71875 -71.8125
vt -27.67188 -69.8125
vt -29.29688 -71.75
vt -29.15625 -69.75
vt -27.76563 -69.8125
vt -27.82813 -69.75
vt -29.07813 -69.75
vt -29 -69.6875
vt -27.875 -69.625
vt -28.9375 -69.625
vt -27.90625 -69.5
vt -28.5 -68.75
vt -27.90625 -69.4375
vt -27.875 -69.3125
vt -23.57813 -59
vt -22.96875 -59.5625
vt -22.90625 -59.46875
vt -22.8125 -59.4375
vt -22.73438 -59.40625
vt -22.53125 -58.4375
vt -22.59375 -59.4375
vt -23.5 -58.84375
vt -23.46875 -58.75
vt -23.46875 -58.625
vt -23.5 -58.25
vt -22.60938 -58.40625
vt -22.67188 -58.34375
vt -22.73438 -58.25
vt -22.75 -58.15625
vt -24.67188 -45
vt -24.60938 -45.6875
vt -23.85938 -45.59375
vt -23.85938 -45.46875
vt -23.8125 -45.375
vt -23.76563 -45.28125
vt -23.6875 -45.25
vt -23.60938 -45.21875
vt -23.28125 -44.28125
vt -23.53125 -45.21875
vt -24.6875 -44.90625
vt -24.73438 -44.8125
vt -24.79688 -44.75
vt -24.875 -44.71875
vt -25.23438 -44.625
vt -25.10938 -43.65625
vt -23.85938 -44.03125
vt -23.9375 -43.96875
vt -24 -43.875
vt -24.01563 -43.75
vt -25.01563 -43.65625
vt -24.07813 -43.15625
vt -24.9375 -43.59375
vt -24.875 -43.5
vt -24.82813 -43.40625
vt -24.8125 -43.28125
vt 13.97656 -61.1875
vt 14.20313 -63.15625
vt 14.71094 -63.0625
vt 15.16406 -61.125
vt 14.94531 -63.09375
vt 14.07031 -61.15625
vt 14.14063 -61.0625
vt 15.08594 -61.09375
vt 15.02344 -61.03125
vt 14.17969 -60.9375
vt 14.97656 -60.96875
vt 14.94531 -60.875
vt 14.1875 -60.8125
vt 14.92969 -60.65625
vt -0.7001953 -64.5625
vt -0.7285156 -65.1875
vt 0.2800293 -64.9375
vt 0.1900635 -64.9375
vt 0.1143799 -64.8125
vt 0.06359863 -64.75
vt 0.04821777 -64.625
vt 0.3740234 -64.9375
vt -0.7568359 -65.3125
vt -0.8208008 -65.4375
vt -0.9106445 -65.5
vt 0.8320313 -66.8125
vt -0.1894531 -67.25
vt -0.5053711 -67.375
vt -6.945313 -67.0625
vt -6.933594 -67.375
vt -5.96875 -67.3125
vt -6.050781 -67.3125
vt -6.125 -67.25
vt -6.175781 -67.125
vt -6.199219 -67
vt -6.949219 -67.5
vt -5.882813 -67.3125
vt -6.992188 -67.625
vt -7.0625 -67.6875
vt -7.148438 -67.75
vt -5.476563 -69.25
vt -6.347656 -69.5625
vt -6.929688 -69.6875
vt -15.53125 -71.0625
vt -14.64063 -71.1875
vt -13.84375 -71.0625
vt -15.375 -69.125
vt -14.0625 -69.0625
vt -15.29688 -69.125
vt -15.21875 -69.0625
vt -14.0625 -69.0625
vt -14.14844 -69.0625
vt -15.21875 -69.0625
vt -14.14844 -69.0625
vt -14.21875 -69.0625
vt -15.21875 -69.0625
vt -15.15625 -68.9375
vt -14.28125 -69
vt -14.32813 -68.875
vt -15.11719 -68.875
vt -14.35156 -68.75
vt -15.10156 -68.75
vt -14.35156 -68.6875
vt -16.0625 -48.875
vt -16.04688 -49.09375
vt -15.30469 -49.03125
vt -15.28906 -48.90625
vt -15.24219 -48.8125
vt -16.07813 -48.75
vt -15.17188 -48.71875
vt -16.14063 -48.65625
vt -15.08594 -48.6875
vt -15.00781 -48.65625
vt -15.10156 -47.6875
vt -16.23438 -48.59375
vt -16.71875 -48.34375
vt -15.17969 -47.6875
vt -16.46875 -47.40625
vt -15.17969 -47.6875
vt -16.39063 -47.40625
vt -16.46875 -47.40625
vt -15.17969 -47.6875
vt -15.25781 -47.625
vt -16.39063 -47.40625
vt -15.32031 -47.5625
vt -15.36719 -47.46875
vt -15.38281 -47.375
vt -16.3125 -47.40625
vt -16.25 -47.34375
vt -15.39844 -47
vt -16.1875 -47.28125
vt -16.15625 -47.1875
vt -16.14063 -47.0625
vt -15.51563 -60.53125
vt -15.49219 -60.625
vt -14.75 -60.5625
vt -14.78125 -59.875
vt -15.57031 -60.4375
vt -15.64063 -60.34375
vt -15.71875 -60.3125
vt -15.92188 -60.3125
vt -15.85156 -59.3125
vt -15.76563 -59.28125
vt -14.82813 -58.875
vt -15.6875 -59.25
vt -15.625 -59.15625
vt -15.58594 -59.0625
vt -15.57813 -58.9375
vt 13.20313 -52.46875
vt 13.23438 -52.5625
vt 13.96875 -52.40625
vt 13.15625 -52.375
vt 13.96094 -52.3125
vt 13.08594 -52.3125
vt 13.00781 -52.28125
vt 13.96094 -52.1875
vt 13.07031 -51.28125
vt 14.00781 -52.0625
vt 14.07031 -51.96875
vt 13.35156 -51.3125
vt 13.42969 -51.3125
vt 13.50781 -51.28125
vt 13.67188 -51.125
vt -36.59375 -18.45313
vt -36.5625 -18.60938
vt -35.15625 -17.92188
vt -36.65625 -18.34375
vt -36.71875 -18.28125
vt -36.8125 -18.23438
vt -36.6875 -16.25
vt -35.15625 -17.8125
vt -35.15625 -17.70313
vt -35.125 -17.60938
vt -35.0625 -17.53125
vt -36.4375 -16.28125
vt -36.34375 -16.26563
vt -36.25 -16.21875
vt -35.9375 -15.91406
vt -28.59375 -8.867188
vt -27.71875 -10.48438
vt -27.625 -10.39844
vt -27.53125 -10.34375
vt -26.64063 -9.59375
vt -26.70313 -9.546875
vt -26.76563 -9.46875
vt -26.79688 -9.367188
vt -26.8125 -9.257813
vt -26.79688 -9.148438
vt -26.76563 -9.054688
vt -27.90625 -7.785156
vt -27.42188 -10.35156
vt -26.82813 -10.55469
vt 0.1095581 14.27344
vt 0.847168 14.09375
vt 0.8994141 14.46875
vt 0.107605 14.39063
vt 0.07385254 14.5
vt 0.9287109 14.57813
vt 0.01541138 14.58594
vt 0.9824219 14.66406
vt -0.06069946 14.64844
vt -0.1474609 14.66406
vt 1.052734 14.71875
vt -0.1810303 15.66406
vt 1.133789 14.74219
vt 1.311523 14.75781
vt 1.277344 15.75
vt 1.277344 15.75
vt 0.02555847 15.67969
vt -0.1810303 15.66406
vt 1.277344 15.75
vt 0.1146851 15.71094
vt 0.02555847 15.67969
vt 0.1899414 15.78125
vt 1.197266 15.76563
vt 1.125 15.82031
vt 0.2426758 15.88281
vt 1.067383 15.89844
vt 0.2641602 16
vt 1.02832 15.99219
vt 1.016602 16.09375
vt 0.2670898 16.125
vt 0.609375 30.54688
vt 1.358398 30.51563
vt 1.359375 30.53125
vt 1.381836 30.65625
vt 0.5913086 30.67188
vt 1.439453 30.75
vt 0.5375977 30.78125
vt 1.520508 30.82813
vt 0.4592285 30.85938
vt 1.614258 30.84375
vt 1.628906 31.84375
vt 0.3649902 30.89063
vt 0.3793945 31.89063
vt 1.536133 31.875
vt 1.458008 31.95313
vt 0.4748535 31.90625
vt 0.5561523 31.98438
vt 1.404297 32.0625
vt 0.612793 32.09375
vt 1.384766 32.1875
vt 0.6347656 32.21875
vt 1.384766 32.1875
vt 0.4685059 44.875
vt 0.3869629 44.875
vt 1.645508 44.875
vt 1.558594 44.875
vt 0.5400391 44.9375
vt 1.481445 44.9375
vt 0.5952148 45.03125
vt 1.424805 45.03125
vt 0.628418 45.125
vt 1.396484 45.15625
vt 0.6337891 45.25
vt 1.37793 45.375
vt 0.3869629 44.875
vt 0.3901367 43.875
vt 0.4624023 43.875
vt 1.711914 43.875
vt 1.708984 44.875
vt 1.619141 43.84375
vt 0.5576172 43.84375
vt 1.540039 43.78125
vt 0.6376953 43.75
vt 1.484375 43.65625
vt 0.6933594 43.65625
vt 1.462891 43.53125
vt 0.7133789 43.53125
vt 1.462891 43.5
vt 1.708984 44.875
vt 1.645508 44.875
vt 0.3869629 44.875
vt -7.78125 -47.8125
vt -7.765625 -48.125
vt -7.019531 -48.09375
vt -7.003906 -47.96875
vt -6.949219 -47.84375
vt -6.875 -47.78125
vt -7.800781 -47.6875
vt -6.785156 -47.75
vt -6.453125 -46.8125
vt -6.6875 -47.75
vt -7.84375 -47.59375
vt -7.90625 -47.53125
vt -7.980469 -47.5
vt -8.0625 -47.5
vt -8.15625 -46.5
vt -6.925781 -46.59375
vt -7.007813 -46.53125
vt -7.070313 -46.40625
vt -8.070313 -46.5
vt -7.984375 -46.4375
vt -7.914063 -46.375
vt -7.09375 -46.28125
vt -7.867188 -46.25
vt -7.105469 -46.09375
vt -7.851563 -46.125
vt -0.09429932 -51.15625
vt 0.6538086 -51.21875
vt 0.6811523 -51.09375
vt -0.08459473 -50.9375
vt 0.7426758 -51
vt 0.828125 -50.9375
vt -0.09393311 -50.84375
vt 0.9248047 -50.90625
vt 1.292969 -49.9375
vt 1.228516 -50.9375
vt -0.12854 -50.75
vt -0.1838379 -50.65625
vt -0.2548828 -50.625
vt -0.3012695 -50.59375
vt -0.06408691 -49.625
vt 1.21582 -49.90625
vt 0.02175903 -49.65625
vt 1.151367 -49.84375
vt 1.102539 -49.78125
vt 1.074219 -49.65625
vt 1.070313 -49.5625
vt 0.1067505 -49.625
vt 0.1812744 -49.5625
vt 0.2355957 -49.46875
vt 1.09375 -49.46875
vt 0.4316406 -49
vt 25.4375 -3.546875
vt 26.4375 -3.818359
vt 26.73438 -1.859375
vt 24.60938 -3.417969
vt 24.78125 -1.432617
vt 26.67188 -1.820313
vt 26.60938 -1.75
vt 26.5625 -1.658203
vt 26.54688 -1.554688
vt 26.54688 -1.448242
vt 24.875 -1.423828
vt 24.95313 -1.374023
vt 25.01563 -1.291992
vt 25.04688 -1.186523
vt 25.09375 -0.9389648
vt -38.5 13.57031
vt -36.71875 12.64844
vt -36.1875 14.51563
vt -39.84375 13.98438
vt -39.5 15.92188
vt -36.25 14.57813
vt -36.3125 14.67188
vt -36.34375 14.78906
vt -36.34375 14.91406
vt -36.3125 15.02344
vt -36.25 15.10156
vt -39.40625 15.92188
vt -37.40625 16.5
vt -37.34375 16.53125
vt -37.0625 16.78125
vt -39.3125 15.96875
vt -39.25 16.04688
vt -39.1875 16.15625
vt -39.1875 16.28125
vt -37.5 16.5
vt -39.21875 16.5625
vt -37.5625 16.53125
vt -37.65625 16.59375
vt -37.6875 16.67188
vt -37.71875 16.78125
vt -21.45313 34.34375
vt -21.42188 33.8125
vt -20.67188 33.875
vt -20.67188 34
vt -20.625 34.125
vt -20.54688 34.1875
vt -20.46875 34.25
vt -20.20313 35.21875
vt -20.375 34.25
vt -21.48438 34.4375
vt -21.51563 34.53125
vt -21.57813 34.59375
vt -21.65625 34.625
vt -21.90625 34.71875
vt -20.51563 35.3125
vt -21.73438 35.6875
vt -20.59375 35.375
vt -20.65625 35.4375
vt -20.6875 35.5625
vt -21.65625 35.6875
vt -20.70313 35.65625
vt -20.6875 35.875
vt -21.57813 35.71875
vt -21.51563 35.78125
vt -21.45313 35.875
vt -21.4375 35.96875
vt -20.6875 22.0625
vt -20.6875 21.875
vt -19.9375 21.90625
vt -19.92188 22.01563
vt -19.875 22.10938
vt -20.70313 22.17188
vt -19.8125 22.1875
vt -20.76563 22.28125
vt -19.75 22.23438
vt -19.65625 22.25
vt -19.54688 24.25
vt -20.82813 22.34375
vt -20.92188 22.39063
vt -21.20313 22.40625
vt -21.09375 24.40625
vt -19.54688 24.25
vt -19.82813 24.28125
vt -21.09375 24.40625
vt -19.82813 24.28125
vt -19.90625 24.3125
vt -21.09375 24.40625
vt -19.98438 24.375
vt -20.03125 24.46875
vt -21 24.42188
vt -20.92188 24.46875
vt -20.04688 24.57813
vt -20.85938 24.54688
vt -20.82813 24.65625
vt -20.07813 24.85938
vt -20.8125 24.76563
vt -20.4375 12.67969
vt -20.42188 12.26563
vt -19.45313 12.39844
vt -19.54688 12.4375
vt -19.60938 12.50781
vt -19.65625 12.60156
vt -19.6875 12.71875
vt -19.35938 12.41406
vt -20.4375 12.15625
vt -20.46875 12.0625
vt -20.53125 11.98438
vt -20.60938 11.92969
vt -19.15625 11.45313
vt -19.92188 11.15625
vt -20.39063 10.96875
vt -39.5 -56.53125
vt -39.4375 -58.125
vt -38.53125 -56.8125
vt -38.59375 -56.78125
vt -38.6875 -56.71875
vt -38.75 -56.59375
vt -38.75 -56.5
vt -38.4375 -56.78125
vt -38 -58.71875
vt -38.46875 -58.90625
vt -38.5625 -58.96875
vt -38.625 -59.03125
vt -38.65625 -59.125
vt -38.65625 -59.25
vt -39.40625 -59.28125
vt 5.5 16
vt 5.53125 15.00781
vt 6.089844 15.03906
vt 6.789063 15.08594
vt 6.753906 16.07813
vt 5.585938 16.03125
vt 5.660156 16.09375
vt 6.671875 16.09375
vt 6.601563 16.14063
vt 5.710938 16.20313
vt 6.542969 16.21875
vt 5.734375 16.3125
vt 6.503906 16.32813
vt 5.746094 16.5
vt 6.496094 16.4375
vt 6.480469 30.35938
vt 7.230469 30.28125
vt 7.234375 30.35938
vt 6.472656 30.46875
vt 7.257813 30.48438
vt 6.4375 30.5625
vt 7.316406 30.59375
vt 6.382813 30.64063
vt 7.398438 30.65625
vt 6.316406 30.6875
vt 7.488281 30.67188
vt 7.503906 31.67188
vt 6.238281 30.71875
vt 6.910156 31.6875
vt 6.253906 31.71875
vt -4.394531 31.03125
vt -3.798828 31
vt -3.78125 32
vt -5.046875 31.04688
vt -5.03125 32.03125
vt -3.873047 32.03125
vt -3.951172 32.09375
vt -4.953125 32.0625
vt -4.882813 32.09375
vt -4.003906 32.1875
vt -4.824219 32.1875
vt -4.789063 32.28125
vt -4.023438 32.3125
vt -4.777344 32.375
vt -4.027344 32.40625
vt -4.976563 43.5
vt -4.976563 43.46875
vt -4.226563 43.5
vt -4.207031 43.625
vt -4.996094 43.625
vt -4.152344 43.71875
vt -5.054688 43.71875
vt -4.070313 43.8125
vt -5.132813 43.8125
vt -5.226563 43.84375
vt -3.976563 43.84375
vt -5.230469 44.84375
vt -3.980469 44.84375
vt -3.980469 44.84375
vt -4.617188 44.84375
vt -5.230469 44.84375
vn 0 1 0
vn 0 1 0
vn 0 1 0
vn 0 1 0
vn 0 1 0
vn 0 1 0
vn 0 1 0
vn 0 1 0
vn 0 1 0
vn 0 1 0
vn 0 1 0
vn 0 1 0
vn 0 1 0
vn 0 1 0
vn 0 1 0
vn 0 1 0
vn 0 1 0
vn 0 1 0
vn 0 1 0
vn 0 1 0
vn 0 1 0
vn 0 1 0
vn 0 1 0
vn 0 1 0
vn 0 1 0
vn 0 1 0
vn 0 1 0
vn 0 1 0
vn 0 1 0
vn 0 1 0
vn 0 1 0
vn 0 1 0
vn 0 1 0
vn 0 1 0
vn 0 1 0
vn 0 1 0
vn 0 1 0
vn 0 1 0
vn 0 1 0
vn 0 1 0
vn 0 1 0
vn 0 1 0
vn 0 1 0
vn 0 1 0
vn 0 1 0
vn 0 1 0
vn 0 1 0
vn 0 1 0
vn 0 1 0
vn 0 1 0
vn 0 1 0
vn 0 1 0
vn 0 1 0
vn 0 1 0
vn 0 1 0
vn 0 1 0
vn 0 1 0
vn 0 1 0
vn 0 1 0
vn 0 1 0
vn 0 1 0
vn 0 1 0
vn 0 1 0
vn 0 1 0
vn 0 1 0
vn 0 1 0
vn 0 1 0
vn 0 1 0
vn 0 1 0
vn 0 1 0
vn 0 1 0
vn 0 1 0
vn 0 1 0
vn 0 1 0
vn 0 1 0
vn 0 1 0
vn 0 1 0
vn 0 1 0
vn 0 1 0
vn 0 1 0
vn 0 1 0
vn 0 1 0
vn 0 1 0
vn 0 1 0
vn 0 1 0
vn 0 1 0
vn 0 1 0
vn 0 1 0
vn 0 1 0
vn 0 1 0
vn 0 1 0
vn 0 1 0
vn 0 1 0
vn 0 1 0
vn 0 1 0
vn 0 1 0
vn 0 1 0
vn 0 1 0
vn 0 1 0
vn 0 1 0
vn 0 1 0
vn 0 1 0
vn 0 1 0
vn 0 1 0
vn 0 1 0
vn 0 1 0
vn 0 1 0
vn 0 1 0
vn 0 1 0
vn 0 1 0
vn 0 1 0
vn 0 1 0
vn 0 1 0
vn 0 1 0
vn 0 1 0
vn 0 1 0
vn 0 1 0
vn 0 1 0
vn 0 1 0
vn 0 1 0
vn 0 1 0
vn 0 1 0
vn 0 1 0
vn 0 1 0
vn 0 1 0
vn 0 1 0
vn 0 1 0
vn 0 1 0
vn 0 1 0
vn 0 1 0
vn 0 1 0
vn 0 1 0
vn 0 1 0
vn 0 1 0
vn 0 1 0
vn 0 1 0
vn 0 1 0
vn 0 1 0
vn 0 1 0
vn 0 1 0
vn 0 1 0
vn 0 1 0
vn 0 1 0
vn 0 1 0
vn 0 1 0
vn 0 1 0
vn 0 1 0
vn 0 1 0
vn 0 1 0
vn 0 1 0
vn 0 1 0
vn 0 1 0
vn 0 1 0
vn 0 1 0
vn 0 1 0
vn 0 1 0
vn 0 1 0
vn 0 1 0
vn 0 1 0
vn 0 1 0
vn 0 1 0
vn 0 1 0
vn 0 1 0
vn 0 1 0
vn 0 1 0
vn 0 1 0
vn 0 1 0
vn 0 1 0
vn 0 1 0
vn 0 1 0
vn 0 1 0
vn 0 1 0
vn 0 1 0
vn 0 1 0
vn 0 1 0
vn 0 1 0
vn 0 1 0
vn 0 1 0
vn 0 1 0
vn 0 1 0
vn 0 1 0
vn 0 1 0
vn 0 1 0
vn 0 1 0
vn 0 1 0
vn 0 1 0
vn 0 1 0
vn 0 1 0
vn 0 1 0
vn 0 1 0
vn 0 1 0
vn 0 1 0
vn 0 1 0
vn 0 1 0
vn 0 1 0
vn 0 1 0
vn 0 1 0
vn 0 1 0
vn 0 1 0
vn 0 1 0
vn 0 1 0
vn 0 1 0
vn 0 1 0
vn 0 1 0
vn 0 1 0
vn 0 1 0
vn 0 1 0
vn 0 1 0
vn 0 1 0
vn 0 1 0
vn 0 1 0
vn 0 1 0
vn 0 1 0
vn 0 1 0
vn 0 1 0
vn 0 1 0
vn 0 1 0
vn 0 1 0
vn 0 1 0
vn 0 1 0
vn 0 1 0
vn 0 1 0
vn 0 1 0
vn 0 1 0
vn 0 1 0
vn 0 1 0
vn 0 1 0
vn 0 1 0
vn 0 1 0
vn 0 1 0
vn 0 1 0
vn 0 1 0
vn 0 1 0
vn 0 1 0
vn 0 1 0
vn 0 1 0
vn 0 1 0
vn 0 1 0
vn 0 1 0
vn 0 1 0
vn 0 1 0
vn 0 1 0
vn 0 1 0
vn 0 1 0
vn 0 1 0
vn 0 1 0
vn 0 1 0
vn 0 1 0
vn 0 1 0
vn 0 1 0
vn 0 1 0
vn 0 1 0
vn 0 1 0
vn 0 1 0
vn 0 1 0
vn 0 1 0
vn 0 1 0
vn 0 1 0
vn 0 1 0
vn 0 1 0
vn 0 1 0
vn 0 1 0
vn 0 1 0
vn 0 1 0
vn 0 1 0
vn 0 1 0
vn 0 1 0
vn 0 1 0
vn 0 1 0
vn 0 1 0
vn 0 1 0
vn 0 1 0
vn 0 1 0
vn 0 1 0
vn 0 1 0
vn 0 1 0
vn 0 1 0
vn 0 1 0
vn 0 1 0
vn 0 1 0
vn 0 1 0
vn 0 1 0
vn 0 1 0
vn 0 1 0
vn 0 1 0
vn 0 1 0
vn 0 1 0
vn 0 1 0
vn 0 1 0
vn 0 1 0
vn 0 1 0
vn 0 1 0
vn 0 1 0
vn 0 1 0
vn 0 1 0
vn 0 1 0
vn 0 1 0
vn 0 1 0
vn 0 1 0
vn 0 1 0
vn 0 1 0
vn 0 1 0
vn 0 1 0
vn 0 1 0
vn 0 1 0
vn 0 1 0
vn 0 1 0
vn 0 1 0
vn 0 1 0
vn 0 1 0
vn 0 1 0
vn 0 1 0
vn 0 1 0
vn 0 1 0
vn 0 1 0
vn 0 1 0
vn 0 1 0
vn 0 1 0
vn 0 1 0
vn 0 1 0
vn 0 1 0
vn 0 1 0
vn 0 1 0
vn 0 1 0
vn 0 1 0
vn 0 1 0
vn 0 1 0
vn 0 1 0
vn 0 1 0
vn 0 1 0
vn 0 1 0
vn 0 1 0
vn 0 1 0
vn 0 1 0
vn 0 1 0
vn 0 1 0
vn 0 1 0
vn 0 1 0
vn 0 1 0
vn 0 1 0
vn 0 1 0
vn 0 1 0
vn 0 1 0
vn 0 1 0
vn 0 1 0
vn 0 1 0
vn 0 1 0
vn 0 1 0
vn 0 1 0
vn 0 1 0
vn 0 1 0
vn 0 1 0
vn 0 1 0
vn 0 1 0
vn 0 1 0
vn 0 1 0
vn 0 1 0
vn 0 1 0
vn 0 1 0
vn 0 1 0
vn 0 1 0
vn 0 1 0
vn 0 1 0
vn 0 1 0
vn 0 1 0
vn 0 1 0
vn 0 1 0
vn 0 1 0
vn 0 1 0
vn 0 1 0
vn 0 1 0
vn 0 1 0
vn 0 1 0
vn 0 1 0
vn 0 1 0
vn 0 1 0
vn 0 1 0
vn 0 1 0
vn 0 1 0
vn 0 1 0
vn 0 1 0
vn 0 1 0
vn 0 1 0
vn 0 1 0
vn 0 1 0
vn 0 1 0
vn 0 1 0
vn 0 1 0
vn 0 1 0
vn 0 1 0
vn 0 1 0
vn 0 1 0
vn 0 1 0
vn 0 1 0
vn 0 1 0
vn 0 1 0
vn 0 1 0
vn 0 1 0
vn 0 1 0
vn 0 1 0
vn 0 1 0
vn 0 1 0
vn 0 1 0
vn 0 1 0
vn 0 1 0
vn 0 1 0
vn 0 1 0
vn 0 1 0
vn 0 1 0
vn 0 1 0
vn 0 1 0
vn 0 1 0
vn 0 1 0
vn 0 1 0
vn 0 1 0
vn 0 1 0
vn 0 1 0
vn 0 1 0
vn 0 1 0
vn 0 1 0
vn 0 1 0
vn 0 1 0
vn 0 1 0
vn 0 1 0
vn 0 1 0
vn 0 1 0
vn 0 1 0
vn 0 1 0
vn 0 1 0
vn 0 1 0
vn 0 1 0
vn 0 1 0
vn 0 1 0
vn 0 1 0
vn 0 1 0
vn 0 1 0
vn 0 1 0
vn 0 1 0
vn 0 1 0
vn 0 1 0
vn 0 1 0
vn 0 1 0
vn 0 1 0
vn 0 1 0
vn 0 1 0
vn 0 1 0
vn 0 1 0
vn 0 1 0
vn 0 1 0
vn 0 1 0
vn 0 1 0
vn 0 1 0
vn 0 1 0
vn 0 1 0
vn 0 1 0
vn 0 1 0
vn 0 1 0
vn 0 1 0
vn 0 1 0
vn 0 1 0
vn 0 1 0
vn 0 1 0
vn 0 1 0
vn 0 1 0
vn 0 1 0
vn 0 1 0
vn 0 1 0
vn 0 1 0
vn 0 1 0
vn 0 1 0
vn 0 1 0
vn 0 1 0
vn 0 1 0
vn 0 1 0
vn 0 1 0
vn 0 1 0
vn 0 1 0
vn 0 1 0
vn 0 1 0
vn 0 1 0
vn 0 1 0
vn 0 1 0
vn 0 1 0
vn 0 1 0
vn 0 1 0
vn 0 1 0
vn 0 1 0
vn 0 1 0
vn 0 1 0
vn 0 1 0
vn 0 1 0
vn 0 1 0
vn 0 1 0
vn 0 1 0
vn 0 1 0
vn 0 1 0
vn 0 1 0
vn 0 1 0
vn 0 1 0
vn 0 1 0
vn 0 1 0
vn 0 1 0
vn 0 1 0
vn 0 1 0
vn 0 1 0
vn 0 1 0
vn 0 1 0
vn 0 1 0
vn 0 1 0
vn 0 1 0
vn 0 1 0
vn 0 1 0
vn 0 1 0
vn 0 1 0
vn 0 1 0
vn 0 1 0
vn 0 1 0
vn 0 1 0
vn 0 1 0
vn 0 1 0
vn 0 1 0
vn 0 1 0
vn 0 1 0
vn 0 1 0
vn 0 1 0
vn 0 1 0
vn 0 1 0
vn 0 1 0
vn 0 1 0
vn 0 1 0
vn 0 1 0
vn 0 1 0
vn 0 1 0
vn 0 1 0
vn 0 1 0
vn 0 1 0
vn 0 1 0
vn 0 1 0
vn 0 1 0
vn 0 1 0
vn 0 1 0
vn 0 1 0
vn 0 1 0
vn 0 1 0
vn 0 1 0
vn 0 1 0
vn 0 1 0
vn 0 1 0
vn 0 1 0
vn 0 1 0
vn 0 1 0
vn 0 1 0
vn 0 1 0
vn 0 1 0
vn 0 1 0
vn 0 1 0
vn 0 1 0
vn 0 1 0
vn 0 1 0
vn 0 1 0
vn 0 1 0
vn 0 1 0
vn 0 1 0
vn 0 1 0
vn 0 1 0
vn 0 1 0
vn 0 1 0
vn 0 1 0
vn 0 1 0
vn 0 1 0
vn 0 1 0
vn 0 1 0
vn 0 1 0
vn 0 1 0
vn 0 1 0
vn 0 1 0
vn 0 1 0
vn 0 1 0
vn 0 1 0
vn 0 1 0
vn 0 1 0
vn 0 1 0
vn 0 1 0
vn 0 1 0
vn 0 1 0
vn 0 1 0
vn 0 1 0
vn 0 1 0
vn 0 1 0
vn 0 1 0
vn 0 1 0
vn 0 1 0
vn 0 1 0
vn 0 1 0
vn 0 1 0
vn 0 1 0
vn 0 1 0
vn 0 1 0
vn 0 1 0
vn 0 1 0
vn 0 1 0
vn 0 1 0
vn 0 1 0
vn 0 1 0
vn 0 1 0
vn 0 1 0
vn 0 1 0
vn 0 1 0
vn 0 1 0
vn 0 1 0
vn 0 1 0
vn 0 1 0
vn 0 1 0
vn 0 1 0
vn 0 1 0
vn 0 1 0
vn 0 1 0
vn 0 1 0
vn 0 1 0
vn 0 1 0
vn 0 1 0
vn 0 1 0
vn 0 1 0
vn 0 1 0
vn 0 1 0
vn 0 1 0
vn 0 1 0
vn 0 1 0
vn 0 1 0
vn 0 1 0
vn 0 1 0
vn 0 1 0
vn 0 1 0
vn 0 1 0
vn 0 1 0
vn 0 1 0
vn 0 1 0
vn 0 1 0
vn 0 1 0
vn 0 1 0
vn 0 1 0
vn 0 1 0
vn 0 1 0
vn 0 1 0
vn 0 1 0
vn 0 1 0
vn 0 1 0
vn 0 1 0
vn 0 1 0
vn 0 1 0
vn 0 1 0
vn 0 1 0
vn 0 1 0
vn 0 1 0
vn 0 1 0
vn 0 1 0
vn 0 1 0
vn 0 1 0
vn 0 1 0
vn 0 1 0
vn 0 1 0
vn 0 1 0
vn 0 1 0
vn 0 1 0
vn 0 1 0
vn 0 1 0
vn 0 1 0
vn 0 1 0
vn 0 1 0
vn 0 1 0
vn 0 1 0
vn 0 1 0
vn 0 1 0
vn 0 1 0
vn 0 1 0
vn 0 1 0
vn 0 1 0
vn 0 1 0
vn 0 1 0
vn 0 1 0
vn 0 1 0
vn 0 1 0
vn 0 1 0
vn 0 1 0
vn 0 1 0
vn 0 1 0
vn 0 1 0
vn 0 1 0
vn 0 1 0
vn 0 1 0
vn 0 1 0
vn 0 1 0
vn 0 1 0
vn 0 1 0
vn 0 1 0
vn 0 1 0
vn 0 1 0
vn 0 1 0
vn 0 1 0
vn 0 1 0
vn 0 1 0
vn 0 1 0
vn 0 1 0
vn 0 1 0
vn 0 1 0
vn 0 1 0
vn 0 1 0
vn 0 1 0
vn 0 1 0
vn 0 1 0
vn 0 1 0
vn 0 1 0
vn 0 1 0
vn 0 1 0
vn 0 1 0
vn 0 1 0
vn 0 1 0
vn 0 1 0
vn 0 1 0
vn 0 1 0
vn 0 1 0
vn 0 1 0
vn 0 1 0
vn 0 1 0
vn 0 1 0
vn 0 1 0
vn 0 1 0
vn 0 1 0
vn 0 1 0
vn 0 1 0
vn 0 1 0
vn 0 1 0
vn 0 1 0
vn 0 1 0
vn 0 1 0
vn 0 1 0
vn 0 1 0
vn 0 1 0
vn 0 1 0
vn 0 1 0
vn 0 1 0
vn 0 1 0
vn 0 1 0
vn 0 1 0
vn 0 1 0
vn 0 1 0
vn 0 1 0
vn 0 1 0
vn 0 1 0
vn 0 1 0
vn 0 1 0
vn 0 1 0
vn 0 1 0
vn 0 1 0
vn 0 1 0
vn 0 1 0
vn 0 1 0
vn 0 1 0
vn 0 1 0
vn 0 1 0
vn 0 1 0
vn 0 1 0
vn 0 1 0
vn 0 1 0
vn 0 1 0
vn 0 1 0
vn 0 1 0
vn 0 1 0
vn 0 1 0
vn 0 1 0
vn 0 1 0
vn 0 1 0
vn 0 1 0
vn 0 1 0
vn 0 1 0
vn 0 1 0
vn 0 1 0
vn 0 1 0
vn 0 1 0
vn 0 1 0
vn 0 1 0
vn 0 1 0
vn 0 1 0
vn 0 1 0
vn 0 1 0
vn 0 1 0
vn 0 1 0
vn 0 1 0
vn 0 1 0
vn 0 1 0
vn 0 1 0
vn 0 1 0
vn 0 1 0
vn 0 1 0
vn 0 1 0
vn 0 1 0
vn 0 1 0
vn 0 1 0
vn 0 1 0
vn 0 1 0
vn 0 1 0
vn 0 1 0
vn 0 1 0
vn 0 1 0
vn 0 1 0
vn 0 1 0
vn 0 1 0
vn 0 1 0
vn 0 1 0
vn 0 1 0
vn 0 1 0
vn 0 1 0
vn 0 1 0
vn 0 1 0
vn 0 1 0
vn 0 1 0
vn 0 1 0
vn 0 1 0
vn 0 1 0
vn 0 1 0
vn 0 1 0
vn 0 1 0
vn 0 1 0
vn 0 1 0
vn 0 1 0
vn 0 1 0
vn 0 1 0
vn 0 1 0
vn 0 1 0
vn 0 1 0
vn 0 1 0
vn 0 1 0
vn 0 1 0
vn 0 1 0
vn 0 1 0
vn 0 1 0
vn 0 1 0
vn 0 1 0
vn 0 1 0
vn 0 1 0
vn 0 1 0
vn 0 1 0
vn 0 1 0
vn 0 1 0
vn 0 1 0
vn 0 1 0
vn 0 1 0
vn 0 1 0
vn 0 1 0
vn 0 1 0
vn 0 1 0
vn 0 1 0
vn 0 1 0
vn 0 1 0
vn 0 1 0
vn 0 1 0
vn 0 1 0
vn 0 1 0
vn 0 1 0
vn 0 1 0
vn 0 1 0
vn 0 1 0
vn 0 1 0
vn 0 1 0
vn 0 1 0
vn 0 1 0
vn 0 1 0
vn 0 1 0
vn 0 1 0
vn 0 1 0
vn 0 1 0
vn 0 1 0
vn 0 1 0
vn 0 1 0
vn 0 1 0
vn 0 1 0
vn 0 1 0
vn 0 1 0
vn 0 1 0
vn 0 1 0
vn 0 1 0
vn 0 1 0
vn 0 1 0
vn 0 1 0
vn 0 1 0
vn 0 1 0
vn 0 1 0
vn 0 1 0
vn 0 1 0
vn 0 1 0
vn 0 1 0
vn 0 1 0
vn 0 1 0
vn 0 1 0
vn 0 1 0
vn 0 1 0
vn 0 1 0
vn 0 1 0
vn 0 1 0
vn 0 1 0
vn 0 1 0
vn 0 1 0
vn 0 1 0
vn 0 1 0
vn 0 1 0
vn 0 1 0
vn 0 1 0
vn 0 1 0
vn 0 1 0
vn 0 1 0
vn 0 1 0
vn 0 1 0
vn 0 1 0
vn 0 1 0
vn 0 1 0
vn 0 1 0
vn 0 1 0
vn 0 1 0
vn 0 1 0
vn 0 1 0
vn 0 1 0
vn 0 1 0
vn 0 1 0
vn 0 1 0
vn 0 1 0
vn 0 1 0
vn 0 1 0
vn 0 1 0
vn 0 1 0
vn 0 1 0
vn 0 1 0
vn 0 1 0
vn 0 1 0
vn 0 1 0
vn 0 1 0
vn 0 1 0
vn 0 1 0
vn 0 1 0
vn 0 1 0
vn 0 1 0
vn 0 1 0
vn 0 1 0
vn 0 1 0
vn 0 1 0
vn 0 1 0
vn 0 1 0
vn 0 1 0
vn 0 1 0
vn 0 1 0
vn 0 1 0
vn 0 1 0
vn 0 1 0
vn 0 1 0
vn 0 1 0
vn 0 1 0
vn 0 1 0
vn 0 1 0
vn 0 1 0
vn 0 1 0
vn 0 1 0
vn 0 1 0
vn 0 1 0
vn 0 1 0
vn 0 1 0
vn 0 1 0
vn 0 1 0
vn 0 1 0
vn 0 1 0
vn 0 1 0
vn 0 1 0
vn 0 1 0
vn 0 1 0
vn 0 1 0
vn 0 1 0
vn 0 1 0
vn 0 1 0
vn 0 1 0
vn 0 1 0
vn 0 1 0
vn 0 1 0
vn 0 1 0
vn 0 1 0
vn 0 1 0
vn 0 1 0
vn 0 1 0
vn 0 1 0
vn 0 1 0
vn 0 1 0
vn 0 1 0
vn 0 1 0
vn 0 1 0
vn 0 1 0
vn 0 1 0
vn 0 1 0
vn 0 1 0
vn 0 1 0
vn 0 1 0
vn 0 1 0
vn 0 1 0
vn 0 1 0
vn 0 1 0
vn 0 1 0
vn 0 1 0
vn 0 1 0
vn 0 1 0
vn 0 1 0
vn 0 1 0
vn 0 1 0
vn 0 1 0
vn 0 1 0
vn 0 1 0
vn 0 1 0
vn 0 1 0
vn 0 1 0
vn 0 1 0
vn 0 1 0
vn 0 1 0
vn 0 1 0
vn 0 1 0
vn 0 1 0
vn 0 1 0
vn 0 1 0
vn 0 1 0
vn 0 1 0
vn 0 1 0
vn 0 1 0
vn 0 1 0
vn 0 1 0
vn 0 1 0
vn 0 1 0
vn 0 1 0
vn 0 1 0
vn 0 1 0
vn 0 1 0
vn 0 1 0
vn 0 1 0
vn 0 1 0
vn 0 1 0
vn 0 1 0
vn 0 1 0
vn 0 1 0
vn 0 1 0
vn 0 1 0
vn 0 1 0
vn 0 1 0
vn 0 1 0
vn 0 1 0
vn 0 1 0
vn 0 1 0
vn 0 1 0
vn 0 1 0
vn 0 1 0
vn 0 1 0
vn 0 1 0
vn 0 1 0
vn 0 1 0
vn 0 1 0
vn 0 1 0
vn 0 1 0
vn 0 1 0
vn 0 1 0
vn 0 1 0
vn 0 1 0
vn 0 1 0
vn 0 1 0
vn 0 1 0
vn 0 1 0
vn 0 1 0
vn 0 1 0
vn 0 1 0
vn 0 1 0
vn 0 1 0
vn 0 1 0
vn 0 1 0
vn 0 1 0
vn 0 1 0
vn 0 1 0
vn 0 1 0
vn 0 1 0
vn 0 1 0
vn 0 1 0
vn 0 1 0
vn 0 1 0
vn 0 1 0
vn 0 1 0
vn 0 1 0
vn 0 1 0
vn 0 1 0
vn 0 1 0
vn 0 1 0
vn 0 1 0
vn 0 1 0
vn 0 1 0
vn 0 1 0
vn 0 1 0
vn 0 1 0
vn 0 1 0
vn 0 1 0
vn 0 1 0
vn 0 1 0
vn 0 1 0
vn 0 1 0
vn 0 1 0
vn 0 1 0
vn 0 1 0
vn 0 1 0
vn 0 1 0
vn 0 1 0
vn 0 1 0
vn 0 1 0
vn 0 1 0
vn 0 1 0
vn 0 1 0
vn 0 1 0
vn 0 1 0
vn 0 1 0
vn 0 1 0
vn 0 1 0
vn 0 1 0
vn 0 1 0
vn 0 1 0
vn 0 1 0
vn 0 1 0
vn 0 1 0
vn 0 1 0
vn 0 1 0
vn 0 1 0
vn 0 1 0
vn 0 1 0
vn 0 1 0
vn 0 1 0
vn 0 1 0
vn 0 1 0
vn 0 1 0
vn 0 1 0
vn 0 1 0
vn 0 1 0
vn 0 1 0
vn 0 1 0
vn 0 1 0
vn 0 1 0
vn 0 1 0
vn 0 1 0
vn 0 1 0
vn 0 1 0
vn 0 1 0
vn 0 1 0
vn 0 1 0
vn 0 1 0
vn 0 1 0
vn 0 1 0
vn 0 1 0
vn 0 1 0
vn 0 1 0
vn 0 1 0
vn 0 1 0
vn 0 1 0
vn 0 1 0
vn 0 1 0
vn 0 1 0
vn 0 1 0
vn 0 1 0
vn 0 1 0
vn 0 1 0
vn 0 1 0
vn 0 1 0
vn 0 1 0
vn 0 1 0
vn 0 1 0
vn 0 1 0
vn 0 1 0
vn 0 1 0
vn 0 1 0
vn 0 1 0
vn 0 1 0
vn 0 1 0
vn 0 1 0
vn 0 1 0
vn 0 1 0
vn 0 1 0
vn 0 1 0
vn 0 1 0
vn 0 1 0
vn 0 1 0
vn 0 1 0
vn 0 1 0
vn 0 1 0
vn 0 1 0
vn 0 1 0
vn 0 1 0
vn 0 1 0
vn 0 1 0
vn 0 1 0
vn 0 1 0
vn 0 1 0
vn 0 1 0
vn 0 1 0
vn 0 1 0
vn 0 1 0
vn 0 1 0
vn 0 1 0
vn 0 1 0
vn 0 1 0
vn 0 1 0
vn 0 1 0
vn 0 1 0
vn 0 1 0
vn 0 1 0
vn 0 1 0
vn 0 1 0
vn 0 1 0
vn 0 1 0
vn 0 1 0
vn 0 1 0
vn 0 1 0
vn 0 1 0
vn 0 1 0
vn 0 1 0
vn 0 1 0
vn 0 1 0
vn 0 1 0
vn 0 1 0
vn 0 1 0
vn 0 1 0
vn 0 1 0
vn 0 1 0
vn 0 1 0
vn 0 1 0
vn 0 1 0
vn 0 1 0
vn 0 1 0
vn 0 1 0
vn 0 1 0
vn 0 1 0
vn 0 1 0
vn 0 1 0
vn 0 1 0
vn 0 1 0
vn 0 1 0
vn 0 1 0
vn 0 1 0
vn 0 1 0
vn 0 1 0
vn 0 1 0
vn 0 1 0
vn 0 1 0
vn 0 1 0
vn 0 1 0
vn 0 1 0
vn 0 1 0
vn 0 1 0
vn 0 1 0
vn 0 1 0
vn 0 1 0
vn 0 1 0
vn 0 1 0
vn 0 1 0
vn 0 1 0
vn 0 1 0
vn 0 1 0
vn 0 1 0
vn 0 1 0
vn 0 1 0
vn 0 1 0
vn 0 1 0
vn 0 1 0
vn 0 1 0
vn 0 1 0
vn 0 1 0
vn 0 1 0
vn 0 1 0
vn 0 1 0
vn 0 1 0
vn 0 1 0
vn 0 1 0
vn 0 1 0
vn 0 1 0
vn 0 1 0
vn 0 1 0
vn 0 1 0
vn 0 1 0
vn 0 1 0
vn 0 1 0
vn 0 1 0
vn 0 1 0
vn 0 1 0
vn 0 1 0
vn 0 1 0
vn 0 1 0
vn 0 1 0
vn 0 1 0
vn 0 1 0
vn 0 1 0
vn 0 1 0
vn 0 1 0
vn 0 1 0
vn 0 1 0
vn 0 1 0
vn 0 1 0
vn 0 1 0
vn 0 1 0
vn 0 1 0
vn 0 1 0
vn 0 1 0
vn 0 1 0
vn 0 1 0
vn 0 1 0
vn 0 1 0
vn 0 1 0
vn 0 1 0
vn 0 1 0
vn 0 1 0
vn 0 1 0
vn 0 1 0
vn 0 1 0
vn 0 1 0
vn 0 1 0
vn 0 1 0
vn 0 1 0
vn 0 1 0
vn 0 1 0
vn 0 1 0
vn 0 1 0
vn 0 1 0
vn 0 1 0
vn 0 1 0
vn 0 1 0
vn 0 1 0
vn 0 1 0
vn 0 1 0
vn 0 1 0
vn 0 1 0
vn 0 1 0
vn 0 1 0
vn 0 1 0
vn 0 1 0
vn 0 1 0
vn 0 1 0
vn 0 1 0
vn 0 1 0
vn 0 1 0
vn 0 1 0
vn 0 1 0
vn 0 1 0
vn 0 1 0
vn 0 1 0
vn 0 1 0
vn 0 1 0
vn 0 1 0
vn 0 1 0
vn 0 1 0
vn 0 1 0
vn 0 1 0
vn 0 1 0
vn 0 1 0
vn 0 1 0
vn 0 1 0
vn 0 1 0
vn 0 1 0
vn 0 1 0
vn 0 1 0
vn 0 1 0
vn 0 1 0
vn 0 1 0
vn 0 1 0
vn 0 1 0
vn 0 1 0
vn 0 1 0
vn 0 1 0
vn 0 1 0
vn 0 1 0
vn 0 1 0
vn 0 1 0
vn 0 1 0
vn 0 1 0
vn 0 1 0
vn 0 1 0
vn 0 1 0
vn 0 1 0
vn 0 1 0
vn 0 1 0
vn 0 1 0
vn 0 1 0
vn 0 1 0
vn 0 1 0
vn 0 1 0
vn 0 1 0
vn 0 1 0
vn 0 1 0
vn 0 1 0
vn 0 1 0
vn 0 1 0
vn 0 1 0
vn 0 1 0
vn 0 1 0
vn 0 1 0
vn 0 1 0
vn 0 1 0
vn 0 1 0
vn 0 1 0
vn 0 1 0
vn 0 1 0
vn 0 1 0
vn 0 1 0
vn 0 1 0
vn 0 1 0
vn 0 1 0
vn 0 1 0
vn 0 1 0
vn 0 1 0
vn 0 1 0
vn 0 1 0
vn 0 1 0
vn 0 1 0
vn 0 1 0
vn 0 1 0
vn 0 1 0
vn 0 1 0
vn 0 1 0
vn 0 1 0
vn 0 1 0
vn 0 1 0
vn 0 1 0
vn 0 1 0
vn 0 1 0
vn 0 1 0
vn 0 1 0
vn 0 1 0
vn 0 1 0
vn 0 1 0
vn 0 1 0
vn 0 1 0
vn 0 1 0
vn 0 1 0
vn 0 1 0
vn 0 1 0
vn 0 1 0
vn 0 1 0
vn 0 1 0
vn 0 1 0
vn 0 1 0
vn 0 1 0
vn 0 1 0
vn 0 1 0
vn 0 1 0
vn 0 1 0
vn 0 1 0
vn 0 1 0
vn 0 1 0
vn 0 1 0
vn 0 1 0
vn 0 1 0
vn 0 1 0
vn 0 1 0
vn 0 1 0
vn 0 1 0
vn 0 1 0
vn 0 1 0
vn 0 1 0
vn 0 1 0
vn 0 1 0
vn 0 1 0
vn 0 1 0
vn 0 1 0
vn 0 1 0
vn 0 1 0
vn 0 1 0
vn 0 1 0
vn 0 1 0
vn 0 1 0
vn 0 1 0
vn 0 1 0
vn 0 1 0
vn 0 1 0
vn 0 1 0
vn 0 1 0
vn 0 1 0
vn 0 1 0
vn 0 1 0
vn 0 1 0
vn 0 1 0
vn 0 1 0
vn 0 1 0
vn 0 1 0
vn 0 1 0
vn 0 1 0
vn 0 1 0
vn 0 1 0
vn 0 1 0
vn 0 1 0
vn 0 1 0
vn 0 1 0
vn 0 1 0
vn 0 1 0
vn 0 1 0
vn 0 1 0
vn 0 1 0
vn 0 1 0
vn 0 1 0
vn 0 1 0
vn 0 1 0
vn 0 1 0
vn 0 1 0
vn 0 1 0
vn 0 1 0
vn 0 1 0
vn 0 1 0
vn 0 1 0
vn 0 1 0
vn 0 1 0
vn 0 1 0
vn 0 1 0
vn 0 1 0
vn 0 1 0
vn 0 1 0
vn 0 1 0
vn 0 1 0
vn 0 1 0
vn 0 1 0
vn 0 1 0
vn 0 1 0
vn 0 1 0
vn 0 1 0
vn 0 1 0
vn 0 1 0
vn 0 1 0
vn 0 1 0
vn 0 1 0
vn 0 1 0
vn 0 1 0
vn 0 1 0
vn 0 1 0
vn 0 1 0
vn 0 1 0
vn 0 1 0
vn 0 1 0
vn 0 1 0
vn 0 1 0
vn 0 1 0
vn 0 1 0
vn 0 1 0
vn 0 1 0
vn 0 1 0
vn 0 1 0
vn 0 1 0
vn 0 1 0
vn 0 1 0
vn 0 1 0
vn 0 1 0
vn 0 1 0
vn 0 1 0
vn 0 1 0
vn 0 1 0
vn 0 1 0
vn 0 1 0
vn 0 1 0
vn 0 1 0
vn 0 1 0
vn 0 1 0
vn 0 1 0
vn 0 1 0
vn 0 1 0
vn 0 1 0
vn 0 1 0
vn 0 1 0
vn 0 1 0
vn 0 1 0
vn 0 1 0
vn 0 1 0
vn 0 1 0
vn 0 1 0
vn 0 1 0
vn 0 1 0
vn 0 1 0
vn 0 1 0
vn 0 1 0
vn 0 1 0
vn 0 1 0
vn 0 1 0
vn 0 1 0
vn 0 1 0
vn 0 1 0
vn 0 1 0
vn 0 1 0
vn 0 1 0
vn 0 1 0
vn 0 1 0
vn 0 1 0
vn 0 1 0
vn 0 1 0
vn 0 1 0
vn 0 1 0
vn 0 1 0
vn 0 1 0
vn 0 1 0
vn 0 1 0
vn 0 1 0
vn 0 1 0
vn 0 1 0
vn 0 1 0
vn 0 1 0
vn 0 1 0
vn 0 1 0
vn 0 1 0
vn 0 1 0
vn 0 1 0
vn 0 1 0
vn 0 1 0
vn 0 1 0
vn 0 1 0
vn 0 1 0
vn 0 1 0
vn 0 1 0
vn 0 1 0
vn 0 1 0
vn 0 1 0
vn 0 1 0
vn 0 1 0
vn 0 1 0
vn 0 1 0
vn 0 1 0
vn 0 1 0
vn 0 1 0
vn 0 1 0
vn 0 1 0
vn 0 1 0
vn 0 1 0
vn 0 1 0
vn 0 1 0
vn 0 1 0
vn 0 1 0
vn 0 1 0
vn 0 1 0
vn 0 1 0
vn 0 1 0
vn 0 1 0
vn 0 1 0
vn 0 1 0
vn 0 1 0
vn 0 1 0
vn 0 1 0
vn 0 1 0
vn 0 1 0
vn 0 1 0
vn 0 1 0
vn 0 1 0
vn 0 1 0
vn 0 1 0
vn 0 1 0
vn 0 1 0
vn 0 1 0
vn 0 1 0
vn 0 1 0
vn 0 1 0
vn 0 1 0
vn 0 1 0
vn 0 1 0
vn 0 1 0
vn 0 1 0
vn 0 1 0
vn 0 1 0
vn 0 1 0
vn 0 1 0
vn 0 1 0
vn 0 1 0
vn 0 1 0
vn 0 1 0
vn 0 1 0
vn 0 1 0
vn 0 1 0
vn 0 1 0
vn 0 1 0
vn 0 1 0
vn 0 1 0
vn 0 1 0
vn 0 1 0
vn 0 1 0
vn 0 1 0
vn 0 1 0
vn 0 1 0
vn 0 1 0
vn 0 1 0
vn 0 1 0
vn 0 1 0
vn 0 1 0
vn 0 1 0
vn 0 1 0
vn 0 1 0
vn 0 1 0
vn 0 1 0
vn 0 1 0
vn 0 1 0
vn 0 1 0
vn 0 1 0
vn 0 1 0
vn 0 1 0
vn 0 1 0
vn 0 1 0
vn 0 1 0
vn 0 1 0
vn 0 1 0
vn 0 1 0
vn 0 1 0
vn 0 1 0
vn 0 1 0
vn 0 1 0
vn 0 1 0
vn 0 1 0
vn 0 1 0
vn 0 1 0
vn 0 1 0
vn 0 1 0
vn 0 1 0
vn 0 1 0
vn 0 1 0
vn 0 1 0
vn 0 1 0
vn 0 1 0
vn 0 1 0
vn 0 1 0
vn 0 1 0
vn 0 1 0
vn 0 1 0
vn 0 1 0
vn 0 1 0
vn 0 1 0
vn 0 1 0
vn 0 1 0
vn 0 1 0
vn 0 1 0
vn 0 1 0
vn 0 1 0
vn 0 1 0
vn 0 1 0
vn 0 1 0
vn 0 1 0
vn 0 1 0
vn 0 1 0
vn 0 1 0
vn 0 1 0
vn 0 1 0
vn 0 1 0
vn 0 1 0
vn 0 1 0
vn 0 1 0
vn 0 1 0
vn 0 1 0
vn 0 1 0
vn 0 1 0
vn 0 1 0
vn 0 1 0
vn 0 1 0
vn 0 1 0
vn 0 1 0
vn 0 1 0
vn 0 1 0
vn 0 1 0
vn 0 1 0
vn 0 1 0
vn 0 1 0
vn 0 1 0
vn 0 1 0
vn 0 1 0
vn 0 1 0
vn 0 1 0
vn 0 1 0
vn 0 1 0
vn 0 1 0
vn 0 1 0
vn 0 1 0
vn 0 1 0
vn 0 1 0
vn 0 1 0
vn 0 1 0
vn 0 1 0
vn 0 1 0
vn 0 1 0
vn 0 1 0
vn 0 1 0
vn 0 1 0
vn 0 1 0
vn 0 1 0
vn 0 1 0
vn 0 1 0
vn 0 1 0
vn 0 1 0
vn 0 1 0
vn 0 1 0
vn 0 1 0
vn 0 1 0
vn 0 1 0
vn 0 1 0
vn 0 1 0
vn 0 1 0
vn 0 1 0
vn 0 1 0
vn 0 1 0
vn 0 1 0
vn 0 1 0
vn 0 1 0
vn 0 1 0
vn 0 1 0
vn 0 1 0
vn 0 1 0
vn 0 1 0
vn 0 1 0
vn 0 1 0
vn 0 1 0
vn 0 1 0
vn 0 1 0
vn 0 1 0
vn 0 1 0
vn 0 1 0
vn 0 1 0
vn 0 1 0
vn 0 1 0
vn 0 1 0
vn 0 1 0
vn 0 1 0
vn 0 1 0
vn 0 1 0
vn 0 1 0
vn 0 1 0
vn 0 1 0
vn 0 1 0
vn 0 1 0
vn 0 1 0
vn 0 1 0
vn 0 1 0
vn 0 1 0
vn 0 1 0
vn 0 1 0
vn 0 1 0
vn 0 1 0
vn 0 1 0
vn 0 1 0
vn 0 1 0
vn 0 1 0
vn 0 1 0
vn 0 1 0
vn 0 1 0
vn 0 1 0
vn 0 1 0
vn 0 1 0
vn 0 1 0
vn 0 1 0
vn 0 1 0
vn 0 1 0
vn 0 1 0
vn 0 1 0
vn 0 1 0
vn 0 1 0
vn 0 1 0
vn 0 1 0
vn 0 1 0
vn 0 1 0
vn 0 1 0
vn 0 1 0
vn 0 1 0
vn 0 1 0
vn 0 1 0
vn 0 1 0
vn 0 1 0
vn 0 1 0
vn 0 1 0
vn 0 1 0
vn 0 1 0
vn 0 1 0
vn 0 1 0
vn 0 1 0
vn 0 1 0
vn 0 1 0
vn 0 1 0
vn 0 1 0
vn 0 1 0
vn 0 1 0
vn 0 1 0
vn 0 1 0
vn 0 1 0
vn 0 1 0
vn 0 1 0
vn 0 1 0
vn 0 1 0
vn 0 1 0
vn 0 1 0
vn 0 1 0
vn 0 1 0
vn 0 1 0
vn 0 1 0
vn 0 1 0
vn 0 1 0
vn 0 1 0
vn 0 1 0
vn 0 1 0
vn 0 1 0
vn 0 1 0
vn 0 1 0
vn 0 1 0
vn 0 1 0
vn 0 1 0
vn 0 1 0
vn 0 1 0
vn 0 1 0
vn 0 1 0
vn 0 1 0
vn 0 1 0
vn 0 1 0
vn 0 1 0
vn 0 1 0
vn 0 1 0
vn 0 1 0
vn 0 1 0
vn 0 1 0
vn 0 1 0
vn 0 1 0
vn 0 1 0
vn 0 1 0
vn 0 1 0
vn 0 1 0
vn 0 1 0
vn 0 1 0
vn 0 1 0
vn 0 1 0
vn 0 1 0
vn 0 1 0
vn 0 1 0
vn 0 1 0
vn 0 1 0
vn 0 1 0
vn 0 1 0
vn 0 1 0
vn 0 1 0
vn 0 1 0
vn 0 1 0
vn 0 1 0
vn 0 1 0
vn 0 1 0
vn 0 1 0
vn 0 1 0
vn 0 1 0
vn 0 1 0
vn 0 1 0
vn 0 1 0
vn 0 1 0
vn 0 1 0
vn 0 1 0
vn 0 1 0
vn 0 1 0
vn 0 1 0
vn 0 1 0
vn 0 1 0
vn 0 1 0
vn 0 1 0
vn 0 1 0
vn 0 1 0
vn 0 1 0
vn 0 1 0
vn 0 1 0
vn 0 1 0
vn 0 1 0
vn 0 1 0
vn 0 1 0
vn 0 1 0
vn 0 1 0
vn 0 1 0
vn 0 1 0
vn 0 1 0
vn 0 1 0
vn 0 1 0
vn 0 1 0
vn 0 1 0
vn 0 1 0
vn 0 1 0
vn 0 1 0
vn 0 1 0
vn 0 1 0
vn 0 1 0
vn 0 1 0
vn 0 1 0
vn 0 1 0
vn 0 1 0
vn 0 1 0
vn 0 1 0
vn 0 1 0
vn 0 1 0
vn 0 1 0
vn 0 1 0
vn 0 1 0
vn 0 1 0
vn 0 1 0
vn 0 1 0
vn 0 1 0
vn 0 1 0
vn 0 1 0
vn 0 1 0
vn 0 1 0
vn 0 1 0
vn 0 1 0
vn 0 1 0
vn 0 1 0
vn 0 1 0
vn 0 1 0
vn 0 1 0
vn 0 1 0
vn 0 1 0
vn 0 1 0
vn 0 1 0
vn 0 1 0
vn 0 1 0
vn 0 1 0
vn 0 1 0
vn 0 1 0
vn 0 1 0
vn 0 1 0
vn 0 1 0
vn 0 1 0
vn 0 1 0
vn 0 1 0
vn 0 1 0
vn 0 1 0
vn 0 1 0
vn 0 1 0
vn 0 1 0
vn 0 1 0
vn 0 1 0
vn 0 1 0
vn 0 1 0
vn 0 1 0
vn 0 1 0
vn 0 1 0
vn 0 1 0
vn 0 1 0
vn 0 1 0
vn 0 1 0
vn 0 1 0
vn 0 1 0
vn 0 1 0
vn 0 1 0
vn 0 1 0
vn 0 1 0
vn 0 1 0
vn 0 1 0
vn 0 1 0
vn 0 1 0
vn 0 1 0
g Asphalt_0
f 3/3/3 2/2/2 1/1/1
f 1/1/1 4/4/4 3/3/3
f 4/4/4 5/5/5 3/3/3
f 5/5/5 6/6/6 3/3/3
f 6/6/6 7/7/7 3/3/3
f 7/7/7 8/8/8 3/3/3
f 8/8/8 9/9/9 3/3/3
f 9/9/9 10/10/10 3/3/3
f 9/9/9 11/11/11 10/10/10
f 9/9/9 12/12/12 11/11/11
f 9/9/9 13/13/13 12/12/12
f 9/9/9 14/14/14 13/13/13
f 9/9/9 15/15/15 14/14/14
f 9/9/9 16/16/16 15/15/15
f 16/16/16 17/17/17 15/15/15
f 17/17/17 18/18/18 15/15/15
f 18/18/18 19/19/19 15/15/15
f 19/19/19 20/20/20 15/15/15
f 20/20/20 21/21/21 15/15/15
f 20/20/20 22/22/22 21/21/21
f 20/20/20 23/23/23 22/22/22
f 20/20/20 24/24/24 23/23/23
f 24/24/24 25/25/25 23/23/23
f 28/28/28 27/27/27 26/26/26
f 26/26/26 29/29/29 28/28/28
f 26/26/26 30/30/30 29/29/29
f 26/26/26 31/31/31 30/30/30
f 26/26/26 32/32/32 31/31/31
f 26/26/26 33/33/33 32/32/32
f 26/26/26 34/34/34 33/33/33
f 26/26/26 35/35/35 34/34/34
f 35/35/35 36/36/36 34/34/34
f 36/36/36 37/37/37 34/34/34
f 37/37/37 38/38/38 34/34/34
f 37/37/37 39/39/39 38/38/38
f 40/40/40 28/28/28 29/29/29
f 41/41/41 40/40/40 29/29/29
f 42/42/42 41/41/41 29/29/29
f 43/43/43 42/42/42 29/29/29
f 43/43/43 29/29/29 44/44/44
f 43/43/43 44/44/44 45/45/45
f 43/43/43 45/45/45 46/46/46
f 43/43/43 46/46/46 47/47/47
f 43/43/43 47/47/47 48/48/48
f 43/43/43 48/48/48 49/49/49
f 49/49/49 50/50/50 43/43/43
f 53/53/53 52/52/52 51/51/51
f 51/51/51 54/54/54 53/53/53
f 54/54/54 55/55/55 53/53/53
f 54/54/54 56/56/56 55/55/55
f 56/56/56 57/57/57 55/55/55
f 56/56/56 58/58/58 57/57/57
f 56/56/56 59/59/59 58/58/58
f 59/59/59 60/60/60 58/58/58
f 59/59/59 61/61/61 60/60/60
f 59/59/59 62/62/62 61/61/61
f 62/62/62 63/63/63 61/61/61
f 63/63/63 64/64/64 61/61/61
f 64/64/64 65/65/65 61/61/61
f 64/64/64 66/66/66 65/65/65
f 65/65/65 67/67/67 61/61/61
f 67/67/67 68/68/68 61/61/61
f 68/68/68 69/69/69 61/61/61
f 69/69/69 70/70/70 61/61/61
f 70/70/70 71/71/71 61/61/61
f 71/71/71 72/72/72 61/61/61
f 71/71/71 73/73/73 72/72/72
f 71/71/71 74/74/74 73/73/73
f 71/71/71 75/75/75 74/74/74
f 78/78/78 77/77/77 76/76/76
f 76/76/76 79/79/79 78/78/78
f 76/76/76 80/80/80 79/79/79
f 76/76/76 81/81/81 80/80/80
f 76/76/76 82/82/82 81/81/81
f 76/76/76 83/83/83 82/82/82
f 83/83/83 84/84/84 82/82/82
f 84/84/84 85/85/85 82/82/82
f 85/85/85 86/86/86 82/82/82
f 86/86/86 87/87/87 82/82/82
f 86/86/86 88/88/88 87/87/87
f 86/86/86 89/89/89 88/88/88
f 86/86/86 90/90/90 89/89/89
f 93/93/93 92/92/92 91/91/91
f 91/91/91 94/94/94 93/93/93
f 91/91/91 95/95/95 94/94/94
f 91/91/91 96/96/96 95/95/95
f 91/91/91 97/97/97 96/96/96
f 97/97/97 98/98/98 96/96/96
f 98/98/98 99/99/99 96/96/96
f 99/99/99 100/100/100 96/96/96
f 101/101/101 93/93/93 94/94/94
f 102/102/102 101/101/101 94/94/94
f 103/103/103 102/102/102 94/94/94
f 94/94/94 104/104/104 103/103/103
f 107/107/107 106/106/106 105/105/105
f 105/105/105 108/108/108 107/107/107
f 105/105/105 109/109/109 108/108/108
f 105/105/105 110/110/110 109/109/109
f 105/105/105 106/106/106 111/111/111
f 112/112/112 105/105/105 111/111/111
f 113/113/113 112/112/112 111/111/111
f 114/114/114 113/113/113 111/111/111
f 115/115/115 114/114/114 111/111/111
f 116/116/116 115/115/115 111/111/111
f 116/116/116 111/111/111 117/117/117
f 116/116/116 117/117/117 118/118/118
f 116/116/116 118/118/118 119/119/119
f 116/116/116 119/119/119 120/120/120
f 116/116/116 120/120/120 121/121/121
f 116/116/116 121/121/121 122/122/122
f 116/116/116 122/122/122 123/123/123
f 123/123/123 124/124/124 116/116/116
f 125/125/125 123/123/123 122/122/122
f 126/126/126 125/125/125 122/122/122
f 127/127/127 126/126/126 122/122/122
f 128/128/128 127/127/127 122/122/122
f 122/122/122 129/129/129 128/128/128
f 132/132/132 131/131/131 130/130/130
f 130/130/130 133/133/133 132/132/132
f 133/133/133 134/134/134 132/132/132
f 133/133/133 135/135/135 134/134/134
f 133/133/133 136/136/136 135/135/135
f 136/136/136 137/137/137 135/135/135
f 136/136/136 138/138/138 137/137/137
f 138/138/138 139/139/139 137/137/137
f 138/138/138 140/140/140 139/139/139
f 138/138/138 141/141/141 140/140/140
f 141/141/141 142/142/142 140/140/140
f 142/142/142 143/143/143 140/140/140
f 143/143/143 144/144/144 140/140/140
f 143/143/143 145/145/145 144/144/144
f 143/143/143 146/146/146 145/145/145
f 143/143/143 147/147/147 146/146/146
f 147/147/147 148/148/148 146/146/146
f 147/147/147 149/149/149 148/148/148
f 149/149/149 150/150/150 148/148/148
f 150/150/150 151/151/151 148/148/148
f 150/150/150 152/152/152 151/151/151
f 152/152/152 153/153/153 151/151/151
f 152/152/152 154/154/154 153/153/153
f 157/157/157 156/156/156 155/155/155
f 155/155/155 158/158/158 157/157/157
f 155/155/155 159/159/159 158/158/158
f 155/155/155 160/160/160 159/159/159
f 163/163/163 162/162/162 161/161/161
f 161/161/161 164/164/164 163/163/163
f 164/164/164 165/165/165 163/163/163
f 164/164/164 166/166/166 165/165/165
f 166/166/166 167/167/167 165/165/165
f 167/167/167 168/168/168 165/165/165
f 168/168/168 169/169/169 165/165/165
f 169/169/169 170/170/170 165/165/165
f 169/169/169 171/171/171 170/170/170
f 169/169/169 172/172/172 171/171/171
f 169/169/169 173/173/173 172/172/172
f 169/169/169 174/174/174 173/173/173
f 174/174/174 175/175/175 173/173/173
f 175/175/175 176/176/176 173/173/173
f 174/174/174 177/177/177 175/175/175
f 177/177/177 178/178/178 175/175/175
f 178/178/178 179/179/179 175/175/175
f 179/179/179 180/180/180 175/175/175
f 180/180/180 181/181/181 175/175/175
f 184/184/184 183/183/183 182/182/182
f 187/187/187 186/186/186 185/185/185
f 185/185/185 188/188/188 187/187/187
f 185/185/185 189/189/189 188/188/188
f 185/185/185 190/190/190 189/189/189
f 190/190/190 191/191/191 189/189/189
f 190/190/190 192/192/192 191/191/191
f 190/190/190 193/193/193 192/192/192
f 190/190/190 194/194/194 193/193/193
f 194/194/194 195/195/195 193/193/193
f 195/195/195 196/196/196 193/193/193
f 196/196/196 197/197/197 193/193/193
f 197/197/197 198/198/198 193/193/193
f 197/197/197 199/199/199 198/198/198
f 202/202/202 201/201/201 200/200/200
f 200/200/200 203/203/203 202/202/202
f 200/200/200 204/204/204 203/203/203
f 200/200/200 205/205/205 204/204/204
f 205/205/205 206/206/206 204/204/204
f 205/205/205 207/207/207 206/206/206
f 207/207/207 208/208/208 206/206/206
f 208/208/208 209/209/209 206/206/206
f 209/209/209 210/210/210 206/206/206
f 211/211/211 202/202/202 203/203/203
f 212/212/212 211/211/211 203/203/203
f 213/213/213 212/212/212 203/203/203
f 203/203/203 214/214/214 213/213/213
f 217/217/217 216/216/216 215/215/215
f 215/215/215 218/218/218 217/217/217
f 215/215/215 219/219/219 218/218/218
f 215/215/215 220/220/220 219/219/219
f 215/215/215 221/221/221 220/220/220
f 215/215/215 222/222/222 221/221/221
f 215/215/215 223/223/223 222/222/222
f 223/223/223 215/215/215 224/224/224
f 224/224/224 225/225/225 223/223/223
f 215/215/215 226/226/226 224/224/224
f 226/226/226 227/227/227 224/224/224
f 227/227/227 228/228/228 224/224/224
f 228/228/228 229/229/229 224/224/224
f 229/229/229 230/230/230 224/224/224
f 229/229/229 231/231/231 230/230/230
f 229/229/229 232/232/232 231/231/231
f 229/229/229 233/233/233 232/232/232
f 233/233/233 234/234/234 232/232/232
f 234/234/234 235/235/235 232/232/232
f 234/234/234 236/236/236 235/235/235
f 236/236/236 237/237/237 235/235/235
f 237/237/237 238/238/238 235/235/235
f 238/238/238 239/239/239 235/235/235
f 242/242/242 241/241/241 240/240/240
f 240/240/240 243/243/243 242/242/242
f 243/243/243 240/240/240 244/244/244
f 245/245/245 243/243/243 244/244/244
f 246/246/246 245/245/245 244/244/244
f 244/244/244 247/247/247 246/246/246
f 240/240/240 248/248/248 244/244/244
f 248/248/248 249/249/249 244/244/244
f 248/248/248 250/250/250 249/249/249
f 250/250/250 251/251/251 249/249/249
f 250/250/250 252/252/252 251/251/251
f 252/252/252 253/253/253 251/251/251
f 252/252/252 254/254/254 253/253/253
f 254/254/254 255/255/255 253/253/253
f 254/254/254 256/256/256 255/255/255
f 256/256/256 257/257/257 255/255/255
f 256/256/256 258/258/258 257/257/257
f 258/258/258 259/259/259 257/257/257
f 259/259/259 260/260/260 257/257/257
f 260/260/260 261/261/261 257/257/257
f 258/258/258 262/262/262 259/259/259
f 263/263/263 262/262/262 258/258/258
f 258/258/258 264/264/264 263/263/263
f 258/258/258 265/265/265 264/264/264
f 268/268/268 267/267/267 266/266/266
f 266/266/266 269/269/269 268/268/268
f 266/266/266 270/270/270 269/269/269
f 266/266/266 271/271/271 270/270/270
f 266/266/266 272/272/272 271/271/271
f 266/266/266 273/273/273 272/272/272
f 266/266/266 274/274/274 273/273/273
f 266/266/266 275/275/275 274/274/274
f 266/266/266 276/276/276 275/275/275
f 266/266/266 277/277/277 276/276/276
f 278/278/278 266/266/266 267/267/267
f 267/267/267 279/279/279 278/278/278
f 278/278/278 280/280/280 266/266/266
f 266/266/266 280/280/280 281/281/281
f 281/281/281 282/282/282 266/266/266
f 282/282/282 283/283/283 266/266/266
f 283/283/283 284/284/284 266/266/266
f 284/284/284 285/285/285 266/266/266
f 285/285/285 286/286/286 266/266/266
f 286/286/286 287/287/287 266/266/266
f 287/287/287 288/288/288 266/266/266
f 277/277/277 266/266/266 288/288/288
f 288/288/288 289/289/289 277/277/277
f 288/288/288 290/290/290 289/289/289
f 288/288/288 291/291/291 290/290/290
f 291/291/291 292/292/292 290/290/290
f 295/295/295 294/294/294 293/293/293
f 294/294/294 295/295/295 296/296/296
f 294/294/294 296/296/296 297/297/297
f 294/294/294 297/297/297 298/298/298
f 294/294/294 298/298/298 299/299/299
f 300/300/300 294/294/294 299/299/299
f 301/301/301 300/300/300 299/299/299
f 301/301/301 299/299/299 302/302/302
f 303/303/303 301/301/301 302/302/302
f 303/303/303 302/302/302 304/304/304
f 305/305/305 303/303/303 304/304/304
f 306/306/306 305/305/305 304/304/304
f 304/304/304 307/307/307 306/306/306
f 310/310/310 309/309/309 308/308/308
f 308/308/308 311/311/311 310/310/310
f 308/308/308 312/312/312 311/311/311
f 308/308/308 313/313/313 312/312/312
f 308/308/308 314/314/314 313/313/313
f 308/308/308 315/315/315 314/314/314
f 315/315/315 308/308/308 316/316/316
f 316/316/316 317/317/317 315/315/315
f 308/308/308 318/318/318 316/316/316
f 318/318/318 319/319/319 316/316/316
f 319/319/319 320/320/320 316/316/316
f 320/320/320 321/321/321 316/316/316
f 321/321/321 322/322/322 316/316/316
f 322/322/322 323/323/323 316/316/316
f 326/326/326 325/325/325 324/324/324
f 324/324/324 327/327/327 326/326/326
f 327/327/327 328/328/328 326/326/326
f 327/327/327 329/329/329 328/328/328
f 329/329/329 330/330/330 328/328/328
f 329/329/329 331/331/331 330/330/330
f 331/331/331 332/332/332 330/330/330
f 331/331/331 333/333/333 332/332/332
f 331/331/331 334/334/334 333/333/333
f 331/331/331 335/335/335 334/334/334
f 335/335/335 336/336/336 334/334/334
f 336/336/336 337/337/337 334/334/334
f 340/340/340 339/339/339 338/338/338
f 338/338/338 341/341/341 340/340/340
f 338/338/338 342/342/342 341/341/341
f 338/338/338 339/339/339 343/343/343
f 338/338/338 343/343/343 344/344/344
f 338/338/338 344/344/344 345/345/345
f 338/338/338 345/345/345 346/346/346
f 338/338/338 346/346/346 347/347/347
f 348/348/348 338/338/338 347/347/347
f 348/348/348 347/347/347 349/349/349
f 348/348/348 349/349/349 350/350/350
f 350/350/350 351/351/351 348/348/348
f 343/343/343 352/352/352 344/344/344
f 355/355/355 354/354/354 353/353/353
f 353/353/353 356/356/356 355/355/355
f 356/356/356 357/357/357 355/355/355
f 357/357/357 358/358/358 355/355/355
f 357/357/357 359/359/359 358/358/358
f 359/359/359 360/360/360 358/358/358
f 358/358/358 360/360/360 361/361/361
f 361/361/361 362/362/362 358/358/358
f 361/361/361 363/363/363 362/362/362
f 363/363/363 364/364/364 362/362/362
f 364/364/364 365/365/365 362/362/362
f 365/365/365 366/366/366 362/362/362
f 369/369/369 368/368/368 367/367/367
f 367/367/367 370/370/370 369/369/369
f 370/370/370 371/371/371 369/369/369
f 371/371/371 372/372/372 369/369/369
f 371/371/371 373/373/373 372/372/372
f 371/371/371 374/374/374 373/373/373
f 371/371/371 375/375/375 374/374/374
f 375/375/375 376/376/376 374/374/374
f 376/376/376 377/377/377 374/374/374
f 376/376/376 378/378/378 377/377/377
f 378/378/378 379/379/379 377/377/377
f 379/379/379 380/380/380 377/377/377
f 380/380/380 381/381/381 377/377/377
f 384/384/384 383/383/383 382/382/382
f 382/382/382 385/385/385 384/384/384
f 385/385/385 386/386/386 384/384/384
f 386/386/386 387/387/387 384/384/384
f 387/387/387 388/388/388 384/384/384
f 387/387/387 389/389/389 388/388/388
f 387/387/387 390/390/390 389/389/389
f 387/387/387 391/391/391 390/390/390
f 387/387/387 392/392/392 391/391/391
f 392/392/392 393/393/393 391/391/391
f 392/392/392 394/394/394 393/393/393
f 392/392/392 395/395/395 394/394/394
f 392/392/392 396/396/396 395/395/395
f 392/392/392 397/397/397 396/396/396
f 392/392/392 398/398/398 397/397/397
f 392/392/392 399/399/399 398/398/398
f 394/394/394 395/395/395 400/400/400
f 400/400/400 401/401/401 394/394/394
f 404/404/404 403/403/403 402/402/402
f 402/402/402 405/405/405 404/404/404
f 402/402/402 403/403/403 406/406/406
f 402/402/402 406/406/406 407/407/407
f 408/408/408 402/402/402 407/407/407
f 408/408/408 407/407/407 409/409/409
f 410/410/410 408/408/408 409/409/409
f 411/411/411 410/410/410 409/409/409
f 412/412/412 411/411/411 409/409/409
f 413/413/413 412/412/412 409/409/409
f 413/413/413 409/409/409 414/414/414
f 415/415/415 413/413/413 414/414/414
f 415/415/415 414/414/414 416/416/416
f 415/415/415 416/416/416 417/417/417
f 415/415/415 417/417/417 418/418/418
f 415/415/415 418/418/418 419/419/419
f 415/415/415 419/419/419 420/420/420
f 420/420/420 421/421/421 415/415/415
f 407/407/407 422/422/422 409/409/409
f 423/423/423 419/419/419 418/418/418
f 424/424/424 423/423/423 418/418/418
f 425/425/425 424/424/424 418/418/418
f 418/418/418 426/426/426 425/425/425
f 429/429/429 428/428/428 427/427/427
f 427/427/427 430/430/430 429/429/429
f 430/430/430 431/431/431 429/429/429
f 431/431/431 432/432/432 429/429/429
f 432/432/432 433/433/433 429/429/429
f 432/432/432 434/434/434 433/433/433
f 432/432/432 435/435/435 434/434/434
f 432/432/432 436/436/436 435/435/435
f 436/436/436 437/437/437 435/435/435
f 436/436/436 438/438/438 437/437/437
f 436/436/436 439/439/439 438/438/438
f 436/436/436 440/440/440 439/439/439
f 436/436/436 441/441/441 440/440/440
f 436/436/436 442/442/442 441/441/441
f 436/436/436 443/443/443 442/442/442
f 436/436/436 444/444/444 443/443/443
f 439/439/439 440/440/440 445/445/445
f 448/448/448 447/447/447 446/446/446
f 451/451/451 450/450/450 449/449/449
f 449/449/449 452/452/452 451/451/451
f 452/452/452 453/453/453 451/451/451
f 453/453/453 454/454/454 451/451/451
f 454/454/454 455/455/455 451/451/451
f 458/458/458 457/457/457 456/456/456
f 456/456/456 459/459/459 458/458/458
f 456/456/456 460/460/460 459/459/459
f 456/456/456 461/461/461 460/460/460
f 461/461/461 462/462/462 460/460/460
f 462/462/462 463/463/463 460/460/460
f 463/463/463 464/464/464 460/460/460
f 464/464/464 465/465/465 460/460/460
f 465/465/465 466/466/466 460/460/460
f 465/465/465 467/467/467 466/466/466
f 468/468/468 458/458/458 459/459/459
f 469/469/469 468/468/468 459/459/459
f 469/469/469 459/459/459 470/470/470
f 471/471/471 469/469/469 470/470/470
f 470/470/470 472/472/472 471/471/471
f 475/475/475 474/474/474 473/473/473
f 473/473/473 476/476/476 475/475/475
f 473/473/473 477/477/477 476/476/476
f 473/473/473 478/478/478 477/477/477
f 473/473/473 479/479/479 478/478/478
f 473/473/473 480/480/480 479/479/479
f 473/473/473 481/481/481 480/480/480
f 473/473/473 482/482/482 481/481/481
f 473/473/473 483/483/483 482/482/482
f 483/483/483 484/484/484 482/482/482
f 484/484/484 485/485/485 482/482/482
f 485/485/485 486/486/486 482/482/482
f 486/486/486 487/487/487 482/482/482
f 487/487/487 488/488/488 482/482/482
f 487/487/487 489/489/489 488/488/488
f 487/487/487 490/490/490 489/489/489
f 487/487/487 491/491/491 490/490/490
f 487/487/487 492/492/492 491/491/491
f 495/495/495 494/494/494 493/493/493
f 493/493/493 476/476/476 495/495/495
f 493/493/493 496/496/496 476/476/476
f 496/496/496 497/497/497 476/476/476
f 497/497/497 498/498/498 476/476/476
f 498/498/498 475/475/475 476/476/476
f 501/501/501 500/500/500 499/499/499
f 499/499/499 502/502/502 501/501/501
f 499/499/499 503/503/503 502/502/502
f 503/503/503 504/504/504 502/502/502
f 504/504/504 505/505/505 502/502/502
f 505/505/505 506/506/506 502/502/502
f 506/506/506 507/507/507 502/502/502
f 507/507/507 508/508/508 502/502/502
f 507/507/507 509/509/509 508/508/508
f 507/507/507 510/510/510 509/509/509
f 502/502/502 508/508/508 511/511/511
f 502/502/502 511/511/511 512/512/512
f 502/502/502 512/512/512 513/513/513
f 513/513/513 514/514/514 502/502/502
f 517/517/517 516/516/516 515/515/515
f 515/515/515 518/518/518 517/517/517
f 515/515/515 519/519/519 518/518/518
f 515/515/515 520/520/520 519/519/519
f 520/520/520 515/515/515 521/521/521
f 522/522/522 520/520/520 521/521/521
f 523/523/523 522/522/522 521/521/521
f 521/521/521 524/524/524 523/523/523
f 515/515/515 525/525/525 521/521/521
f 525/525/525 526/526/526 521/521/521
f 525/525/525 527/527/527 526/526/526
f 525/525/525 528/528/528 527/527/527
f 531/531/531 530/530/530 529/529/529
f 529/529/529 532/532/532 531/531/531
f 529/529/529 533/533/533 532/532/532
f 529/529/529 534/534/534 533/533/533
f 529/529/529 535/535/535 534/534/534
f 529/529/529 536/536/536 535/535/535
f 529/529/529 537/537/537 536/536/536
f 529/529/529 538/538/538 537/537/537
f 529/529/529 539/539/539 538/538/538
f 539/539/539 540/540/540 538/538/538
f 540/540/540 541/541/541 538/538/538
f 541/541/541 542/542/542 538/538/538
f 542/542/542 543/543/543 538/538/538
f 542/542/542 544/544/544 543/543/543
f 544/544/544 545/545/545 543/543/543
f 544/544/544 546/546/546 545/545/545
f 544/544/544 547/547/547 546/546/546
f 544/544/544 548/548/548 547/547/547
f 551/551/551 550/550/550 549/549/549
f 549/549/549 532/532/532 551/551/551
f 549/549/549 552/552/552 532/532/532
f 552/552/552 553/553/553 532/532/532
f 553/553/553 531/531/531 532/532/532
f 556/556/556 555/555/555 554/554/554
f 555/555/555 557/557/557 554/554/554
f 560/560/560 559/559/559 558/558/558
f 558/558/558 561/561/561 560/560/560
f 561/561/561 558/558/558 562/562/562
f 563/563/563 561/561/561 562/562/562
f 564/564/564 563/563/563 562/562/562
f 562/562/562 565/565/565 564/564/564
f 558/558/558 566/566/566 562/562/562
f 566/566/566 567/567/567 562/562/562
f 567/567/567 568/568/568 562/562/562
f 568/568/568 569/569/569 562/562/562
f 569/569/569 570/570/570 562/562/562
f 569/569/569 571/571/571 570/570/570
f 571/571/571 572/572/572 570/570/570
f 572/572/572 573/573/573 570/570/570
f 573/573/573 574/574/574 570/570/570
f 577/577/577 576/576/576 575/575/575
f 575/575/575 578/578/578 577/577/577
f 578/578/578 579/579/579 577/577/577
f 579/579/579 580/580/580 577/577/577
f 580/580/580 581/581/581 577/577/577
f 581/581/581 582/582/582 577/577/577
f 582/582/582 583/583/583 577/577/577
f 583/583/583 584/584/584 577/577/577
f 583/583/583 585/585/585 584/584/584
f 584/584/584 585/585/585 586/586/586
f 584/584/584 586/586/586 587/587/587
f 584/584/584 587/587/587 588/588/588
f 588/588/588 589/589/589 584/584/584
f 592/592/592 591/591/591 590/590/590
f 590/590/590 593/593/593 592/592/592
f 590/590/590 594/594/594 593/593/593
f 590/590/590 595/595/595 594/594/594
f 595/595/595 596/596/596 594/594/594
f 595/595/595 597/597/597 596/596/596
f 597/597/597 595/595/595 598/598/598
f 598/598/598 599/599/599 597/597/597
f 595/595/595 600/600/600 598/598/598
f 600/600/600 601/601/601 598/598/598
f 601/601/601 602/602/602 598/598/598
f 602/602/602 603/603/603 598/598/598
f 603/603/603 604/604/604 598/598/598
f 604/604/604 605/605/605 598/598/598
f 605/605/605 606/606/606 598/598/598
f 605/605/605 607/607/607 606/606/606
f 605/605/605 608/608/608 607/607/607
f 605/605/605 609/609/609 608/608/608
f 609/609/609 610/610/610 608/608/608
f 611/611/611 610/610/610 609/609/609
f 609/609/609 612/612/612 611/611/611
f 612/612/612 613/613/613 611/611/611
f 613/613/613 614/614/614 611/611/611
f 614/614/614 615/615/615 611/611/611
f 618/618/618 617/617/617 616/616/616
f 616/616/616 619/619/619 618/618/618
f 616/616/616 620/620/620 619/619/619
f 616/616/616 621/621/621 620/620/620
f 616/616/616 622/622/622 621/621/621
f 616/616/616 623/623/623 622/622/622
f 616/616/616 624/624/624 623/623/623
f 624/624/624 625/625/625 623/623/623
f 626/626/626 618/618/618 619/619/619
f 627/627/627 626/626/626 619/619/619
f 627/627/627 619/619/619 628/628/628
f 627/627/627 628/628/628 629/629/629
f 627/627/627 629/629/629 630/630/630
f 627/627/627 630/630/630 631/631/631
f 631/631/631 632/632/632 627/627/627
f 635/635/635 634/634/634 633/633/633
f 633/633/633 636/636/636 635/635/635
f 636/636/636 637/637/637 635/635/635
f 637/637/637 638/638/638 635/635/635
f 638/638/638 639/639/639 635/635/635
f 639/639/639 640/640/640 635/635/635
f 640/640/640 641/641/641 635/635/635
f 641/641/641 642/642/642 635/635/635
f 645/645/645 644/644/644 643/643/643
f 648/648/648 647/647/647 646/646/646
f 647/647/647 649/649/649 646/646/646
f 649/649/649 650/650/650 646/646/646
f 650/650/650 651/651/651 646/646/646
f 651/651/651 652/652/652 646/646/646
f 652/652/652 653/653/653 646/646/646
f 656/656/656 655/655/655 654/654/654
f 654/654/654 657/657/657 656/656/656
f 654/654/654 658/658/658 657/657/657
f 658/658/658 654/654/654 659/659/659
f 660/660/660 658/658/658 659/659/659
f 659/659/659 661/661/661 660/660/660
f 654/654/654 662/662/662 659/659/659
f 662/662/662 663/663/663 659/659/659
f 662/662/662 664/664/664 663/663/663
f 664/664/664 665/665/665 663/663/663
f 665/665/665 666/666/666 663/663/663
f 665/665/665 667/667/667 666/666/666
f 667/667/667 668/668/668 666/666/666
f 667/667/667 669/669/669 668/668/668
f 669/669/669 670/670/670 668/668/668
f 669/669/669 671/671/671 670/670/670
f 671/671/671 672/672/672 670/670/670
f 671/671/671 673/673/673 672/672/672
f 673/673/673 671/671/671 674/674/674
f 673/673/673 675/675/675 672/672/672
f 675/675/675 676/676/676 672/672/672
f 676/676/676 677/677/677 672/672/672
f 677/677/677 678/678/678 672/672/672
f 681/681/681 680/680/680 679/679/679
f 679/679/679 682/682/682 681/681/681
f 679/679/679 683/683/683 682/682/682
f 683/683/683 684/684/684 682/682/682
f 684/684/684 685/685/685 682/682/682
f 685/685/685 686/686/686 682/682/682
f 686/686/686 687/687/687 682/682/682
f 687/687/687 688/688/688 682/682/682
f 687/687/687 689/689/689 688/688/688
f 687/687/687 690/690/690 689/689/689
f 687/687/687 691/691/691 690/690/690
f 691/691/691 692/692/692 690/690/690
f 692/692/692 693/693/693 690/690/690
f 696/696/696 695/695/695 694/694/694
f 694/694/694 697/697/697 696/696/696
f 694/694/694 698/698/698 697/697/697
f 694/694/694 699/699/699 698/698/698
f 694/694/694 700/700/700 699/699/699
f 694/694/694 701/701/701 700/700/700
f 694/694/694 702/702/702 701/701/701
f 702/702/702 703/703/703 701/701/701
f 703/703/703 704/704/704 701/701/701
f 704/704/704 705/705/705 701/701/701
f 705/705/705 706/706/706 701/701/701
f 705/705/705 707/707/707 706/706/706
f 705/705/705 708/708/708 707/707/707
f 708/708/708 709/709/709 707/707/707
f 708/708/708 710/710/710 709/709/709
f 708/708/708 711/711/711 710/710/710
f 712/712/712 696/696/696 697/697/697
f 713/713/713 712/712/712 697/697/697
f 715/715/715 713/713/713 714/714/714
f 715/715/715 714/714/714 716/716/716
f 715/715/715 716/716/716 717/717/717
f 717/717/717 718/718/718 715/715/715
f 713/713/713 697/697/697 714/714/714
f 721/721/721 720/720/720 719/719/719
f 719/719/719 722/722/722 721/721/721
f 722/722/722 723/723/723 721/721/721
f 722/722/722 724/724/724 723/723/723
f 722/722/722 725/725/725 724/724/724
f 722/722/722 726/726/726 725/725/725
f 722/722/722 727/727/727 726/726/726
f 722/722/722 728/728/728 727/727/727
f 728/728/728 729/729/729 727/727/727
f 729/729/729 730/730/730 727/727/727
f 730/730/730 731/731/731 727/727/727
f 731/731/731 732/732/732 727/727/727
f 732/732/732 733/733/733 727/727/727
f 732/732/732 734/734/734 733/733/733
f 734/734/734 735/735/735 733/733/733
f 734/734/734 736/736/736 735/735/735
f 734/734/734 737/737/737 736/736/736
f 737/737/737 738/738/738 736/736/736
f 737/737/737 739/739/739 738/738/738
f 740/740/740 739/739/739 737/737/737
f 737/737/737 741/741/741 740/740/740
f 741/741/741 742/742/742 740/740/740
f 742/742/742 743/743/743 740/740/740
f 743/743/743 744/744/744 740/740/740
f 747/747/747 746/746/746 745/745/745
f 745/745/745 748/748/748 747/747/747
f 748/748/748 749/749/749 747/747/747
f 748/748/748 750/750/750 749/749/749
f 750/750/750 751/751/751 749/749/749
f 750/750/750 752/752/752 751/751/751
f 750/750/750 753/753/753 752/752/752
f 753/753/753 754/754/754 752/752/752
f 753/753/753 755/755/755 754/754/754
f 755/755/755 756/756/756 754/754/754
f 755/755/755 757/757/757 756/756/756
f 757/757/757 758/758/758 756/756/756
f 757/757/757 759/759/759 758/758/758
f 762/762/762 761/761/761 760/760/760
f 765/765/765 764/764/764 763/763/763
f 763/763/763 766/766/766 765/765/765
f 766/766/766 767/767/767 765/765/765
f 767/767/767 768/768/768 765/765/765
f 767/767/767 769/769/769 768/768/768
f 769/769/769 770/770/770 768/768/768
f 769/769/769 771/771/771 770/770/770
f 771/771/771 772/772/772 770/770/770
f 771/771/771 773/773/773 772/772/772
f 776/776/776 775/775/775 774/774/774
f 774/774/774 777/777/777 776/776/776
f 774/774/774 778/778/778 777/777/777
f 778/778/778 779/779/779 777/777/777
f 778/778/778 780/780/780 779/779/779
f 780/780/780 781/781/781 779/779/779
f 780/780/780 782/782/782 781/781/781
f 782/782/782 783/783/783 781/781/781
f 782/782/782 784/784/784 783/783/783
f 784/784/784 785/785/785 783/783/783
f 785/785/785 786/786/786 783/783/783
f 785/785/785 787/787/787 786/786/786
f 785/785/785 788/788/788 787/787/787
f 791/791/791 790/790/790 789/789/789
f 789/789/789 792/792/792 791/791/791
f 792/792/792 793/793/793 791/791/791
f 792/792/792 794/794/794 793/793/793
f 792/792/792 795/795/795 794/794/794
f 792/792/792 796/796/796 795/795/795
f 796/796/796 792/792/792 797/797/797
f 797/797/797 798/798/798 796/796/796
f 792/792/792 799/799/799 797/797/797
f 792/792/792 800/800/800 799/799/799
f 800/800/800 801/801/801 799/799/799
f 800/800/800 802/802/802 801/801/801
f 800/800/800 803/803/803 802/802/802
f 800/800/800 804/804/804 803/803/803
f 807/807/807 806/806/806 805/805/805
f 805/805/805 808/808/808 807/807/807
f 808/808/808 809/809/809 807/807/807
f 808/808/808 810/810/810 809/809/809
f 810/810/810 811/811/811 809/809/809
f 810/810/810 812/812/812 811/811/811
f 812/812/812 813/813/813 811/811/811
f 812/812/812 814/814/814 813/813/813
f 814/814/814 815/815/815 813/813/813
f 815/815/815 816/816/816 813/813/813
f 815/815/815 817/817/817 816/816/816
f 815/815/815 818/818/818 817/817/817
f 815/815/815 819/819/819 818/818/818
f 822/822/822 821/821/821 820/820/820
f 820/820/820 823/823/823 822/822/822
f 820/820/820 824/824/824 823/823/823
f 820/820/820 825/825/825 824/824/824
f 820/820/820 826/826/826 825/825/825
f 820/820/820 827/827/827 826/826/826
f 827/827/827 828/828/828 826/826/826
f 827/827/827 829/829/829 828/828/828
f 829/829/829 830/830/830 828/828/828
f 830/830/830 831/831/831 828/828/828
f 831/831/831 832/832/832 828/828/828
f 833/833/833 822/822/822 823/823/823
f 836/836/836 835/835/835 834/834/834
f 834/834/834 837/837/837 836/836/836
f 837/837/837 838/838/838 836/836/836
f 837/837/837 839/839/839 838/838/838
f 839/839/839 840/840/840 838/838/838
f 840/840/840 841/841/841 838/838/838
f 840/840/840 842/842/842 841/841/841
f 840/840/840 843/843/843 842/842/842
f 843/843/843 844/844/844 842/842/842
f 843/843/843 845/845/845 844/844/844
f 845/845/845 846/846/846 844/844/844
f 845/845/845 847/847/847 846/846/846
f 847/847/847 848/848/848 846/846/846
f 851/851/851 850/850/850 849/849/849
f 849/849/849 852/852/852 851/851/851
f 849/849/849 853/853/853 852/852/852
f 849/849/849 854/854/854 853/853/853
f 849/849/849 855/855/855 854/854/854
f 855/855/855 856/856/856 854/854/854
f 855/855/855 857/857/857 856/856/856
f 858/858/858 850/850/850 851/851/851
f 859/859/859 858/858/858 851/851/851
f 860/860/860 859/859/859 851/851/851
f 860/860/860 851/851/851 861/861/861
f 860/860/860 861/861/861 862/862/862
f 860/860/860 862/862/862 863/863/863
f 860/860/860 863/863/863 864/864/864
f 860/860/860 864/864/864 865/865/865
f 865/865/865 866/866/866 860/860/860
f 851/851/851 867/867/867 861/861/861
f 868/868/868 865/865/865 864/864/864
f 869/869/869 868/868/868 864/864/864
f 869/869/869 864/864/864 870/870/870
f 871/871/871 869/869/869 870/870/870
f 872/872/872 871/871/871 870/870/870
f 873/873/873 872/872/872 870/870/870
f 870/870/870 874/874/874 873/873/873
f 877/877/877 876/876/876 875/875/875
f 875/875/875 878/878/878 877/877/877
f 875/875/875 879/879/879 878/878/878
f 875/875/875 880/880/880 879/879/879
f 875/875/875 881/881/881 880/880/880
f 875/875/875 882/882/882 881/881/881
f 882/882/882 883/883/883 881/881/881
f 883/883/883 884/884/884 881/881/881
f 884/884/884 885/885/885 881/881/881
f 885/885/885 886/886/886 881/881/881
f 885/885/885 887/887/887 886/886/886
f 885/885/885 888/888/888 887/887/887
f 885/885/885 889/889/889 888/888/888
f 892/892/892 891/891/891 890/890/890
f 890/890/890 893/893/893 892/892/892
f 890/890/890 891/891/891 894/894/894
f 895/895/895 890/890/890 894/894/894
f 896/896/896 895/895/895 894/894/894
f 897/897/897 896/896/896 894/894/894
f 898/898/898 897/897/897 894/894/894
f 898/898/898 894/894/894 899/899/899
f 899/899/899 900/900/900 898/898/898
f 891/891/891 901/901/901 894/894/894
f 901/901/901 902/902/902 894/894/894
f 902/902/902 903/903/903 894/894/894
f 903/903/903 904/904/904 894/894/894
f 907/907/907 906/906/906 905/905/905
f 905/905/905 908/908/908 907/907/907
f 905/905/905 909/909/909 908/908/908
f 905/905/905 910/910/910 909/909/909
f 905/905/905 911/911/911 910/910/910
f 911/911/911 912/912/912 910/910/910
f 912/912/912 913/913/913 910/910/910
f 913/913/913 914/914/914 910/910/910
f 912/912/912 915/915/915 913/913/913
f 912/912/912 916/916/916 915/915/915
f 912/912/912 917/917/917 916/916/916
f 912/912/912 918/918/918 917/917/917
f 910/910/910 914/914/914 919/919/919
f 922/922/922 921/921/921 920/920/920
f 920/920/920 923/923/923 922/922/922
f 923/923/923 924/924/924 922/922/922
f 924/924/924 925/925/925 922/922/922
f 924/924/924 926/926/926 925/925/925
f 926/926/926 927/927/927 925/925/925
f 927/927/927 928/928/928 925/925/925
f 927/927/927 929/929/929 928/928/928
f 927/927/927 930/930/930 929/929/929
f 930/930/930 931/931/931 929/929/929
f 929/929/929 931/931/931 932/932/932
f 932/932/932 933/933/933 929/929/929
f 936/936/936 935/935/935 934/934/934
f 934/934/934 937/937/937 936/936/936
f 934/934/934 938/938/938 937/937/937
f 934/934/934 939/939/939 938/938/938
f 934/934/934 940/940/940 939/939/939
f 934/934/934 941/941/941 940/940/940
f 941/941/941 942/942/942 940/940/940
f 943/943/943 936/936/936 937/937/937
f 944/944/944 943/943/943 937/937/937
f 945/945/945 944/944/944 937/937/937
f 945/945/945 937/937/937 946/946/946
f 946/946/946 947/947/947 945/945/945
f 950/950/950 949/949/949 948/948/948
f 948/948/948 951/951/951 950/950/950
f 951/951/951 948/948/948 952/952/952
f 953/953/953 951/951/951 952/952/952
f 952/952/952 954/954/954 953/953/953
f 948/948/948 955/955/955 952/952/952
f 955/955/955 956/956/956 952/952/952
f 956/956/956 957/957/957 952/952/952
f 957/957/957 958/958/958 952/952/952
f 957/957/957 959/959/959 958/958/958
f 959/959/959 960/960/960 958/958/958
f 959/959/959 961/961/961 960/960/960
f 964/964/964 963/963/963 962/962/962
f 962/962/962 965/965/965 964/964/964
f 962/962/962 966/966/966 965/965/965
f 962/962/962 967/967/967 966/966/966
f 962/962/962 968/968/968 967/967/967
f 962/962/962 969/969/969 968/968/968
f 962/962/962 970/970/970 969/969/969
f 962/962/962 971/971/971 970/970/970
f 971/971/971 972/972/972 970/970/970
f 971/971/971 973/973/973 972/972/972
f 971/971/971 974/974/974 973/973/973
f 974/974/974 975/975/975 973/973/973
f 975/975/975 976/976/976 973/973/973
f 976/976/976 977/977/977 973/973/973
f 977/977/977 978/978/978 973/973/973
f 977/977/977 979/979/979 978/978/978
f 977/977/977 980/980/980 979/979/979
f 977/977/977 981/981/981 980/980/980
f 977/977/977 982/982/982 981/981/981
f 985/985/985 984/984/984 983/983/983
f 983/983/983 966/966/966 985/985/985
f 983/983/983 986/986/986 966/966/966
f 986/986/986 987/987/987 966/966/966
f 987/987/987 965/965/965 966/966/966
f 990/990/990 989/989/989 988/988/988
f 988/988/988 991/991/991 990/990/990
f 988/988/988 992/992/992 991/991/991
f 988/988/988 993/993/993 992/992/992
f 988/988/988 994/994/994 993/993/993
f 988/988/988 995/995/995 994/994/994
f 988/988/988 996/996/996 995/995/995
f 988/988/988 997/997/997 996/996/996
f 997/997/997 998/998/998 996/996/996
f 998/998/998 999/999/999 996/996/996
f 999/999/999 1000/1000/1000 996/996/996
f 1000/1000/1000 1001/1001/1001 996/996/996
f 1000/1000/1000 1002/1002/1002 1001/1001/1001
f 1000/1000/1000 1003/1003/1003 1002/1002/1002
f 1003/1003/1003 1004/1004/1004 1002/1002/1002
f 1003/1003/1003 1005/1005/1005 1004/1004/1004
f 1003/1003/1003 1006/1006/1006 1005/1005/1005
f 1008/1008/1008 991/991/991 1007/1007/1007
f 1008/1008/1008 1007/1007/1007 1009/1009/1009
f 1010/1010/1010 1008/1008/1008 1009/1009/1009
f 1009/1009/1009 1011/1011/1011 1010/1010/1010
f 1008/1008/1008 1012/1012/1012 991/991/991
f 1012/1012/1012 990/990/990 991/991/991
f 1015/1015/1015 1014/1014/1014 1013/1013/1013
f 1013/1013/1013 1016/1016/1016 1015/1015/1015
f 1016/1016/1016 1017/1017/1017 1015/1015/1015
f 1016/1016/1016 1018/1018/1018 1017/1017/1017
f 1016/1016/1016 1019/1019/1019 1018/1018/1018
f 1016/1016/1016 1020/1020/1020 1019/1019/1019
f 1016/1016/1016 1021/1021/1021 1020/1020/1020
f 1021/1021/1021 1022/1022/1022 1020/1020/1020
f 1013/1013/1013 1014/1014/1014 1023/1023/1023
f 1013/1013/1013 1023/1023/1023 1024/1024/1024
f 1013/1013/1013 1024/1024/1024 1025/1025/1025
f 1013/1013/1013 1025/1025/1025 1026/1026/1026
f 1026/1026/1026 1027/1027/1027 1013/1013/1013
f 1030/1030/1030 1029/1029/1029 1028/1028/1028
f 1028/1028/1028 1031/1031/1031 1030/1030/1030
f 1031/1031/1031 1032/1032/1032 1030/1030/1030
f 1032/1032/1032 1033/1033/1033 1030/1030/1030
f 1032/1032/1032 1034/1034/1034 1033/1033/1033
f 1034/1034/1034 1035/1035/1035 1033/1033/1033
f 1034/1034/1034 1036/1036/1036 1035/1035/1035
f 1036/1036/1036 1037/1037/1037 1035/1035/1035
f 1036/1036/1036 1038/1038/1038 1037/1037/1037
f 1038/1038/1038 1039/1039/1039 1037/1037/1037
f 1038/1038/1038 1040/1040/1040 1039/1039/1039
f 1040/1040/1040 1041/1041/1041 1039/1039/1039
f 1040/1040/1040 1042/1042/1042 1041/1041/1041
f 1045/1045/1045 1044/1044/1044 1043/1043/1043
f 1048/1048/1048 1047/1047/1047 1046/1046/1046
f 1047/1047/1047 1049/1049/1049 1046/1046/1046
f 1047/1047/1047 1050/1050/1050 1049/1049/1049
f 1050/1050/1050 1051/1051/1051 1049/1049/1049
f 1050/1050/1050 1052/1052/1052 1051/1051/1051
f 1052/1052/1052 1053/1053/1053 1051/1051/1051
f 1052/1052/1052 1054/1054/1054 1053/1053/1053
f 1054/1054/1054 1055/1055/1055 1053/1053/1053
f 1054/1054/1054 1056/1056/1056 1055/1055/1055
f 1056/1056/1056 1057/1057/1057 1055/1055/1055
f 1060/1060/1060 1059/1059/1059 1058/1058/1058
f 1058/1058/1058 1061/1061/1061 1060/1060/1060
f 1058/1058/1058 1062/1062/1062 1061/1061/1061
f 1062/1062/1062 1058/1058/1058 1063/1063/1063
f 1063/1063/1063 1064/1064/1064 1062/1062/1062
f 1058/1058/1058 1065/1065/1065 1063/1063/1063
f 1065/1065/1065 1066/1066/1066 1063/1063/1063
f 1065/1065/1065 1067/1067/1067 1066/1066/1066
f 1067/1067/1067 1068/1068/1068 1066/1066/1066
f 1067/1067/1067 1069/1069/1069 1068/1068/1068
f 1067/1067/1067 1070/1070/1070 1069/1069/1069
f 1067/1067/1067 1071/1071/1071 1070/1070/1070
f 1074/1074/1074 1073/1073/1073 1072/1072/1072
f 1072/1072/1072 1075/1075/1075 1074/1074/1074
f 1072/1072/1072 1076/1076/1076 1075/1075/1075
f 1072/1072/1072 1077/1077/1077 1076/1076/1076
f 1072/1072/1072 1078/1078/1078 1077/1077/1077
f 1072/1072/1072 1079/1079/1079 1078/1078/1078
f 1072/1072/1072 1080/1080/1080 1079/1079/1079
f 1072/1072/1072 1081/1081/1081 1080/1080/1080
f 1072/1072/1072 1082/1082/1082 1081/1081/1081
f 1082/1082/1082 1083/1083/1083 1081/1081/1081
f 1083/1083/1083 1084/1084/1084 1081/1081/1081
f 1084/1084/1084 1085/1085/1085 1081/1081/1081
f 1084/1084/1084 1086/1086/1086 1085/1085/1085
f 1089/1089/1089 1088/1088/1088 1087/1087/1087
f 1087/1087/1087 1090/1090/1090 1089/1089/1089
f 1087/1087/1087 1091/1091/1091 1090/1090/1090
f 1087/1087/1087 1092/1092/1092 1091/1091/1091
f 1087/1087/1087 1093/1093/1093 1092/1092/1092
f 1087/1087/1087 1094/1094/1094 1093/1093/1093
f 1087/1087/1087 1095/1095/1095 1094/1094/1094
f 1087/1087/1087 1096/1096/1096 1095/1095/1095
f 1096/1096/1096 1097/1097/1097 1095/1095/1095
f 1098/1098/1098 1089/1089/1089 1090/1090/1090
f 1099/1099/1099 1098/1098/1098 1090/1090/1090
f 1100/1100/1100 1099/1099/1099 1090/1090/1090
f 1101/1101/1101 1100/1100/1100 1090/1090/1090
f 1102/1102/1102 1101/1101/1101 1090/1090/1090
f 1090/1090/1090 1103/1103/1103 1102/1102/1102
f 1106/1106/1106 1105/1105/1105 1104/1104/1104
f 1104/1104/1104 1107/1107/1107 1106/1106/1106
f 1104/1104/1104 1108/1108/1108 1107/1107/1107
f 1104/1104/1104 1109/1109/1109 1108/1108/1108
f 1109/1109/1109 1110/1110/1110 1108/1108/1108
f 1109/1109/1109 1111/1111/1111 1110/1110/1110
f 1111/1111/1111 1112/1112/1112 1110/1110/1110
f 1111/1111/1111 1113/1113/1113 1112/1112/1112
f 1111/1111/1111 1114/1114/1114 1113/1113/1113
f 1111/1111/1111 1115/1115/1115 1114/1114/1114
f 1115/1115/1115 1116/1116/1116 1114/1114/1114
f 1116/1116/1116 1117/1117/1117 1114/1114/1114
f 1117/1117/1117 1118/1118/1118 1114/1114/1114
f 1117/1117/1117 1119/1119/1119 1118/1118/1118
f 1119/1119/1119 1120/1120/1120 1118/1118/1118
f 1119/1119/1119 1121/1121/1121 1120/1120/1120
f 1119/1119/1119 1122/1122/1122 1121/1121/1121
f 1119/1119/1119 1123/1123/1123 1122/1122/1122
f 1123/1123/1123 1124/1124/1124 1122/1122/1122
f 1124/1124/1124 1125/1125/1125 1122/1122/1122
f 1125/1125/1125 1126/1126/1126 1122/1122/1122
f 1125/1125/1125 1127/1127/1127 1126/1126/1126
f 1127/1127/1127 1128/1128/1128 1126/1126/1126
f 1127/1127/1127 1129/1129/1129 1128/1128/1128
f 1132/1132/1132 1131/1131/1131 1130/1130/1130
f 1130/1130/1130 1133/1133/1133 1132/1132/1132
f 1130/1130/1130 1134/1134/1134 1133/1133/1133
f 1134/1134/1134 1130/1130/1130 1135/1135/1135
f 1136/1136/1136 1134/1134/1134 1135/1135/1135
f 1135/1135/1135 1137/1137/1137 1136/1136/1136
f 1130/1130/1130 1138/1138/1138 1135/1135/1135
f 1138/1138/1138 1139/1139/1139 1135/1135/1135
f 1138/1138/1138 1140/1140/1140 1139/1139/1139
f 1138/1138/1138 1141/1141/1141 1140/1140/1140
f 1138/1138/1138 1142/1142/1142 1141/1141/1141
f 1138/1138/1138 1143/1143/1143 1142/1142/1142
f 1146/1146/1146 1145/1145/1145 1144/1144/1144
f 1144/1144/1144 1147/1147/1147 1146/1146/1146
f 1144/1144/1144 1148/1148/1148 1147/1147/1147
f 1144/1144/1144 1149/1149/1149 1148/1148/1148
f 1149/1149/1149 1150/1150/1150 1148/1148/1148
f 1150/1150/1150 1151/1151/1151 1148/1148/1148
f 1151/1151/1151 1152/1152/1152 1148/1148/1148
f 1153/1153/1153 1146/1146/1146 1147/1147/1147
f 1154/1154/1154 1153/1153/1153 1147/1147/1147
f 1155/1155/1155 1154/1154/1154 1147/1147/1147
f 1156/1156/1156 1155/1155/1155 1147/1147/1147
f 1157/1157/1157 1156/1156/1156 1147/1147/1147
f 1147/1147/1147 1158/1158/1158 1157/1157/1157
f 1161/1161/1161 1160/1160/1160 1159/1159/1159
f 1159/1159/1159 1162/1162/1162 1161/1161/1161
f 1159/1159/1159 1163/1163/1163 1162/1162/1162
f 1159/1159/1159 1164/1164/1164 1163/1163/1163
f 1164/1164/1164 1165/1165/1165 1163/1163/1163
f 1165/1165/1165 1166/1166/1166 1163/1163/1163
f 1166/1166/1166 1167/1167/1167 1163/1163/1163
f 1167/1167/1167 1168/1168/1168 1163/1163/1163
f 1169/1169/1169 1161/1161/1161 1162/1162/1162
f 1170/1170/1170 1169/1169/1169 1162/1162/1162
f 1171/1171/1171 1170/1170/1170 1162/1162/1162
f 1172/1172/1172 1171/1171/1171 1162/1162/1162
f 1173/1173/1173 1172/1172/1172 1162/1162/1162
f 1162/1162/1162 1174/1174/1174 1173/1173/1173
f 1177/1177/1177 1176/1176/1176 1175/1175/1175
f 1175/1175/1175 1178/1178/1178 1177/1177/1177
f 1178/1178/1178 1179/1179/1179 1177/1177/1177
f 1179/1179/1179 1180/1180/1180 1177/1177/1177
f 1179/1179/1179 1181/1181/1181 1180/1180/1180
f 1181/1181/1181 1182/1182/1182 1180/1180/1180
f 1182/1182/1182 1183/1183/1183 1180/1180/1180
f 1183/1183/1183 1184/1184/1184 1180/1180/1180
f 1183/1183/1183 1185/1185/1185 1184/1184/1184
f 1184/1184/1184 1186/1186/1186 1180/1180/1180
f 1180/1180/1180 1186/1186/1186 1187/1187/1187
f 1180/1180/1180 1187/1187/1187 1188/1188/1188
f 1188/1188/1188 1189/1189/1189 1180/1180/1180
f 1192/1192/1192 1191/1191/1191 1190/1190/1190
f 1190/1190/1190 1193/1193/1193 1192/1192/1192
f 1190/1190/1190 1194/1194/1194 1193/1193/1193
f 1190/1190/1190 1191/1191/1191 1195/1195/1195
f 1196/1196/1196 1190/1190/1190 1195/1195/1195
f 1197/1197/1197 1196/1196/1196 1195/1195/1195
f 1198/1198/1198 1197/1197/1197 1195/1195/1195
f 1199/1199/1199 1198/1198/1198 1195/1195/1195
f 1199/1199/1199 1195/1195/1195 1200/1200/1200
f 1199/1199/1199 1200/1200/1200 1201/1201/1201
f 1199/1199/1199 1201/1201/1201 1202/1202/1202
f 1202/1202/1202 1203/1203/1203 1199/1199/1199
f 1206/1206/1206 1205/1205/1205 1204/1204/1204
f 1204/1204/1204 1207/1207/1207 1206/1206/1206
f 1207/1207/1207 1204/1204/1204 1208/1208/1208
f 1209/1209/1209 1207/1207/1207 1208/1208/1208
f 1210/1210/1210 1209/1209/1209 1208/1208/1208
f 1211/1211/1211 1210/1210/1210 1208/1208/1208
f 1212/1212/1212 1211/1211/1211 1208/1208/1208
f 1213/1213/1213 1212/1212/1212 1208/1208/1208
f 1208/1208/1208 1214/1214/1214 1213/1213/1213
f 1204/1204/1204 1215/1215/1215 1208/1208/1208
f 1215/1215/1215 1216/1216/1216 1208/1208/1208
f 1215/1215/1215 1217/1217/1217 1216/1216/1216
f 1217/1217/1217 1218/1218/1218 1216/1216/1216
f 1221/1221/1221 1220/1220/1220 1219/1219/1219
f 1219/1219/1219 1222/1222/1222 1221/1221/1221
f 1219/1219/1219 1223/1223/1223 1222/1222/1222
f 1223/1223/1223 1224/1224/1224 1222/1222/1222
f 1223/1223/1223 1225/1225/1225 1224/1224/1224
f 1225/1225/1225 1223/1223/1223 1226/1226/1226
f 1227/1227/1227 1225/1225/1225 1226/1226/1226
f 1226/1226/1226 1228/1228/1228 1227/1227/1227
f 1223/1223/1223 1229/1229/1229 1226/1226/1226
f 1229/1229/1229 1230/1230/1230 1226/1226/1226
f 1230/1230/1230 1231/1231/1231 1226/1226/1226
f 1231/1231/1231 1232/1232/1232 1226/1226/1226
f 1231/1231/1231 1233/1233/1233 1232/1232/1232
f 1233/1233/1233 1234/1234/1234 1232/1232/1232
f 1234/1234/1234 1235/1235/1235 1232/1232/1232
f 1234/1234/1234 1236/1236/1236 1235/1235/1235
f 1234/1234/1234 1237/1237/1237 1236/1236/1236
f 1237/1237/1237 1238/1238/1238 1236/1236/1236
f 1237/1237/1237 1239/1239/1239 1238/1238/1238
f 1237/1237/1237 1240/1240/1240 1239/1239/1239
f 1239/1239/1239 1240/1240/1240 1241/1241/1241
f 1239/1239/1239 1241/1241/1241 1242/1242/1242
f 1239/1239/1239 1242/1242/1242 1243/1243/1243
f 1243/1243/1243 1244/1244/1244 1239/1239/1239
f 1247/1247/1247 1246/1246/1246 1245/1245/1245
f 1245/1245/1245 1248/1248/1248 1247/1247/1247
f 1248/1248/1248 1249/1249/1249 1247/1247/1247
f 1249/1249/1249 1250/1250/1250 1247/1247/1247
f 1249/1249/1249 1251/1251/1251 1250/1250/1250
f 1249/1249/1249 1252/1252/1252 1251/1251/1251
f 1249/1249/1249 1253/1253/1253 1252/1252/1252
f 1256/1256/1256 1255/1255/1255 1254/1254/1254
f 1259/1259/1259 1258/1258/1258 1257/1257/1257
f 1258/1258/1258 1259/1259/1259 1260/1260/1260
f 1258/1258/1258 1260/1260/1260 1261/1261/1261
f 1258/1258/1258 1261/1261/1261 1262/1262/1262
f 1262/1262/1262 1263/1263/1263 1258/1258/1258
f 1266/1266/1266 1265/1265/1265 1264/1264/1264
f 1264/1264/1264 1267/1267/1267 1266/1266/1266
f 1264/1264/1264 1268/1268/1268 1267/1267/1267
f 1264/1264/1264 1269/1269/1269 1268/1268/1268
f 1269/1269/1269 1264/1264/1264 1270/1270/1270
f 1270/1270/1270 1271/1271/1271 1269/1269/1269
f 1264/1264/1264 1272/1272/1272 1270/1270/1270
f 1272/1272/1272 1273/1273/1273 1270/1270/1270
f 1273/1273/1273 1274/1274/1274 1270/1270/1270
f 1274/1274/1274 1275/1275/1275 1270/1270/1270
f 1275/1275/1275 1276/1276/1276 1270/1270/1270
f 1276/1276/1276 1277/1277/1277 1270/1270/1270
f 1277/1277/1277 1278/1278/1278 1270/1270/1270
f 1281/1281/1281 1280/1280/1280 1279/1279/1279
f 1279/1279/1279 1282/1282/1282 1281/1281/1281
f 1279/1279/1279 1283/1283/1283 1282/1282/1282
f 1279/1279/1279 1284/1284/1284 1283/1283/1283
f 1279/1279/1279 1285/1285/1285 1284/1284/1284
f 1279/1279/1279 1286/1286/1286 1285/1285/1285
f 1279/1279/1279 1287/1287/1287 1286/1286/1286
f 1279/1279/1279 1288/1288/1288 1287/1287/1287
f 1288/1288/1288 1289/1289/1289 1287/1287/1287
f 1288/1288/1288 1290/1290/1290 1289/1289/1289
f 1291/1291/1291 1282/1282/1282 1283/1283/1283
f 1283/1283/1283 1292/1292/1292 1291/1291/1291
f 1295/1295/1295 1294/1294/1294 1293/1293/1293
f 1294/1294/1294 1296/1296/1296 1293/1293/1293
f 1299/1299/1299 1298/1298/1298 1297/1297/1297
f 1298/1298/1298 1300/1300/1300 1297/1297/1297
f 1303/1303/1303 1302/1302/1302 1301/1301/1301
f 1301/1301/1301 1304/1304/1304 1303/1303/1303
f 1301/1301/1301 1305/1305/1305 1304/1304/1304
f 1301/1301/1301 1306/1306/1306 1305/1305/1305
f 1301/1301/1301 1307/1307/1307 1306/1306/1306
f 1302/1302/1302 1303/1303/1303 1308/1308/1308
f 1311/1311/1311 1310/1310/1310 1309/1309/1309
f 1309/1309/1309 1312/1312/1312 1311/1311/1311
f 1309/1309/1309 1313/1313/1313 1312/1312/1312
f 1309/1309/1309 1314/1314/1314 1313/1313/1313
f 1309/1309/1309 1315/1315/1315 1314/1314/1314
f 1309/1309/1309 1316/1316/1316 1315/1315/1315
f 1309/1309/1309 1317/1317/1317 1316/1316/1316
f 1309/1309/1309 1318/1318/1318 1317/1317/1317
f 1309/1309/1309 1319/1319/1319 1318/1318/1318
f 1309/1309/1309 1320/1320/1320 1319/1319/1319
f 1309/1309/1309 1321/1321/1321 1320/1320/1320
f 1321/1321/1321 1322/1322/1322 1320/1320/1320
f 1322/1322/1322 1323/1323/1323 1320/1320/1320
f 1324/1324/1324 1312/1312/1312 1313/1313/1313
f 1325/1325/1325 1324/1324/1324 1313/1313/1313
f 1313/1313/1313 1326/1326/1326 1325/1325/1325
f 1329/1329/1329 1328/1328/1328 1327/1327/1327
f 1332/1332/1332 1331/1331/1331 1330/1330/1330
f 1330/1330/1330 1333/1333/1333 1332/1332/1332
f 1333/1333/1333 1334/1334/1334 1332/1332/1332
f 1334/1334/1334 1335/1335/1335 1332/1332/1332
f 1335/1335/1335 1336/1336/1336 1332/1332/1332
f 1336/1336/1336 1337/1337/1337 1332/1332/1332
f 1337/1337/1337 1338/1338/1338 1332/1332/1332
f 1337/1337/1337 1339/1339/1339 1338/1338/1338
f 1337/1337/1337 1340/1340/1340 1339/1339/1339
f 1339/1339/1339 1340/1340/1340 1341/1341/1341
f 1339/1339/1339 1341/1341/1341 1342/1342/1342
f 1342/1342/1342 1343/1343/1343 1339/1339/1339
f 1346/1346/1346 1345/1345/1345 1344/1344/1344
f 1344/1344/1344 1347/1347/1347 1346/1346/1346
f 1344/1344/1344 1345/1345/1345 1348/1348/1348
f 1344/1344/1344 1348/1348/1348 1349/1349/1349
f 1344/1344/1344 1349/1349/1349 1350/1350/1350
f 1344/1344/1344 1350/1350/1350 1351/1351/1351
f 1344/1344/1344 1351/1351/1351 1352/1352/1352
f 1344/1344/1344 1352/1352/1352 1353/1353/1353
f 1344/1344/1344 1353/1353/1353 1354/1354/1354
f 1355/1355/1355 1344/1344/1344 1354/1354/1354
f 1356/1356/1356 1355/1355/1355 1354/1354/1354
f 1354/1354/1354 1357/1357/1357 1356/1356/1356
f 1348/1348/1348 1358/1358/1358 1349/1349/1349
f 1358/1358/1358 1359/1359/1359 1349/1349/1349
f 1359/1359/1359 1360/1360/1360 1349/1349/1349
f 1360/1360/1360 1361/1361/1361 1349/1349/1349
f 1364/1364/1364 1363/1363/1363 1362/1362/1362
f 1362/1362/1362 1365/1365/1365 1364/1364/1364
f 1365/1365/1365 1366/1366/1366 1364/1364/1364
f 1366/1366/1366 1367/1367/1367 1364/1364/1364
f 1366/1366/1366 1368/1368/1368 1367/1367/1367
f 1366/1366/1366 1369/1369/1369 1368/1368/1368
f 1366/1366/1366 1370/1370/1370 1369/1369/1369
f 1366/1366/1366 1371/1371/1371 1370/1370/1370
f 1366/1366/1366 1372/1372/1372 1371/1371/1371
f 1372/1372/1372 1373/1373/1373 1371/1371/1371
f 1373/1373/1373 1374/1374/1374 1371/1371/1371
f 1372/1372/1372 1375/1375/1375 1373/1373/1373
f 1372/1372/1372 1376/1376/1376 1375/1375/1375
f 1372/1372/1372 1377/1377/1377 1376/1376/1376
f 1372/1372/1372 1378/1378/1378 1377/1377/1377
f 1371/1371/1371 1374/1374/1374 1379/1379/1379
f 1382/1382/1382 1381/1381/1381 1380/1380/1380
f 1380/1380/1380 1383/1383/1383 1382/1382/1382
f 1383/1383/1383 1384/1384/1384 1382/1382/1382
f 1383/1383/1383 1385/1385/1385 1384/1384/1384
f 1383/1383/1383 1386/1386/1386 1385/1385/1385
f 1383/1383/1383 1387/1387/1387 1386/1386/1386
f 1383/1383/1383 1388/1388/1388 1387/1387/1387
f 1383/1383/1383 1389/1389/1389 1388/1388/1388
f 1383/1383/1383 1390/1390/1390 1389/1389/1389
f 1390/1390/1390 1391/1391/1391 1389/1389/1389
f 1390/1390/1390 1392/1392/1392 1391/1391/1391
f 1390/1390/1390 1393/1393/1393 1392/1392/1392
f 1390/1390/1390 1394/1394/1394 1393/1393/1393
f 1390/1390/1390 1395/1395/1395 1394/1394/1394
f 1390/1390/1390 1396/1396/1396 1395/1395/1395
f 1397/1397/1397 1387/1387/1387 1388/1388/1388
f 1400/1400/1400 1399/1399/1399 1398/1398/1398
f 1398/1398/1398 1401/1401/1401 1400/1400/1400
f 1398/1398/1398 1402/1402/1402 1401/1401/1401
f 1398/1398/1398 1403/1403/1403 1402/1402/1402
f 1398/1398/1398 1404/1404/1404 1403/1403/1403
f 1404/1404/1404 1405/1405/1405 1403/1403/1403
f 1404/1404/1404 1406/1406/1406 1405/1405/1405
f 1404/1404/1404 1407/1407/1407 1406/1406/1406
f 1408/1408/1408 1401/1401/1401 1402/1402/1402
f 1409/1409/1409 1408/1408/1408 1402/1402/1402
f 1410/1410/1410 1409/1409/1409 1402/1402/1402
f 1410/1410/1410 1402/1402/1402 1411/1411/1411
f 1411/1411/1411 1412/1412/1412 1410/1410/1410
f 1415/1415/1415 1414/1414/1414 1413/1413/1413
f 1413/1413/1413 1416/1416/1416 1415/1415/1415
f 1413/1413/1413 1414/1414/1414 1417/1417/1417
f 1418/1418/1418 1413/1413/1413 1417/1417/1417
f 1419/1419/1419 1418/1418/1418 1417/1417/1417
f 1419/1419/1419 1417/1417/1417 1420/1420/1420
f 1421/1421/1421 1419/1419/1419 1420/1420/1420
f 1421/1421/1421 1420/1420/1420 1422/1422/1422
f 1423/1423/1423 1421/1421/1421 1422/1422/1422
f 1424/1424/1424 1423/1423/1423 1422/1422/1422
f 1425/1425/1425 1424/1424/1424 1422/1422/1422
f 1425/1425/1425 1422/1422/1422 1426/1426/1426
f 1426/1426/1426 1427/1427/1427 1425/1425/1425
f 1430/1430/1430 1429/1429/1429 1428/1428/1428
f 1428/1428/1428 1431/1431/1431 1430/1430/1430
f 1428/1428/1428 1432/1432/1432 1431/1431/1431
f 1428/1428/1428 1433/1433/1433 1432/1432/1432
f 1428/1428/1428 1434/1434/1434 1433/1433/1433
f 1428/1428/1428 1435/1435/1435 1434/1434/1434
f 1428/1428/1428 1436/1436/1436 1435/1435/1435
f 1428/1428/1428 1437/1437/1437 1436/1436/1436
f 1428/1428/1428 1438/1438/1438 1437/1437/1437
f 1439/1439/1439 1430/1430/1430 1431/1431/1431
f 1440/1440/1440 1439/1439/1439 1431/1431/1431
f 1441/1441/1441 1440/1440/1440 1431/1431/1431
f 1431/1431/1431 1442/1442/1442 1441/1441/1441
f 1445/1445/1445 1444/1444/1444 1443/1443/1443
f 1443/1443/1443 1446/1446/1446 1445/1445/1445
f 1447/1447/1447 1445/1445/1445 1446/1446/1446
f 1447/1447/1447 1446/1446/1446 1448/1448/1448
f 1447/1447/1447 1448/1448/1448 1449/1449/1449
f 1449/1449/1449 1450/1450/1450 1447/1447/1447
f 1447/1447/1447 1451/1451/1451 1445/1445/1445
f 1447/1447/1447 1452/1452/1452 1451/1451/1451
f 1447/1447/1447 1453/1453/1453 1452/1452/1452
f 1447/1447/1447 1454/1454/1454 1453/1453/1453
f 1447/1447/1447 1455/1455/1455 1454/1454/1454
f 1447/1447/1447 1456/1456/1456 1455/1455/1455
f 1447/1447/1447 1457/1457/1457 1456/1456/1456
f 1456/1456/1456 1457/1457/1457 1458/1458/1458
f 1458/1458/1458 1459/1459/1459 1456/1456/1456
f 1462/1462/1462 1461/1461/1461 1460/1460/1460
f 1460/1460/1460 1463/1463/1463 1462/1462/1462
f 1460/1460/1460 1464/1464/1464 1463/1463/1463
f 1460/1460/1460 1465/1465/1465 1464/1464/1464
f 1460/1460/1460 1466/1466/1466 1465/1465/1465
f 1460/1460/1460 1467/1467/1467 1466/1466/1466
f 1467/1467/1467 1460/1460/1460 1468/1468/1468
f 1468/1468/1468 1469/1469/1469 1467/1467/1467
f 1460/1460/1460 1470/1470/1470 1468/1468/1468
f 1470/1470/1470 1471/1471/1471 1468/1468/1468
f 1471/1471/1471 1472/1472/1472 1468/1468/1468
f 1472/1472/1472 1473/1473/1473 1468/1468/1468
f 1473/1473/1473 1474/1474/1474 1468/1468/1468
f 1474/1474/1474 1475/1475/1475 1468/1468/1468
f 1474/1474/1474 1476/1476/1476 1475/1475/1475
f 1476/1476/1476 1477/1477/1477 1475/1475/1475
f 1476/1476/1476 1478/1478/1478 1477/1477/1477
f 1476/1476/1476 1479/1479/1479 1478/1478/1478
f 1482/1482/1482 1481/1481/1481 1480/1480/1480
f 1480/1480/1480 1483/1483/1483 1482/1482/1482
f 1483/1483/1483 1484/1484/1484 1482/1482/1482
f 1484/1484/1484 1463/1463/1463 1482/1482/1482
f 1484/1484/1484 1462/1462/1462 1463/1463/1463
f 1487/1487/1487 1486/1486/1486 1485/1485/1485
f 1485/1485/1485 1488/1488/1488 1487/1487/1487
f 1488/1488/1488 1489/1489/1489 1487/1487/1487
f 1488/1488/1488 1490/1490/1490 1489/1489/1489
f 1488/1488/1488 1491/1491/1491 1490/1490/1490
f 1491/1491/1491 1488/1488/1488 1492/1492/1492
f 1492/1492/1492 1493/1493/1493 1491/1491/1491
f 1488/1488/1488 1494/1494/1494 1492/1492/1492
f 1494/1494/1494 1495/1495/1495 1492/1492/1492
f 1495/1495/1495 1496/1496/1496 1492/1492/1492
f 1496/1496/1496 1497/1497/1497 1492/1492/1492
f 1497/1497/1497 1498/1498/1498 1492/1492/1492
f 1497/1497/1497 1499/1499/1499 1498/1498/1498
f 1502/1502/1502 1501/1501/1501 1500/1500/1500
f 1500/1500/1500 1503/1503/1503 1502/1502/1502
f 1500/1500/1500 1501/1501/1501 1504/1504/1504
f 1500/1500/1500 1504/1504/1504 1505/1505/1505
f 1506/1506/1506 1500/1500/1500 1505/1505/1505
f 1507/1507/1507 1506/1506/1506 1505/1505/1505
f 1508/1508/1508 1507/1507/1507 1505/1505/1505
f 1509/1509/1509 1508/1508/1508 1505/1505/1505
f 1505/1505/1505 1510/1510/1510 1509/1509/1509
f 1504/1504/1504 1511/1511/1511 1505/1505/1505
f 1511/1511/1511 1512/1512/1512 1505/1505/1505
f 1512/1512/1512 1513/1513/1513 1505/1505/1505
f 1513/1513/1513 1514/1514/1514 1505/1505/1505
f 1517/1517/1517 1516/1516/1516 1515/1515/1515
f 1516/1516/1516 1518/1518/1518 1515/1515/1515
f 1521/1521/1521 1520/1520/1520 1519/1519/1519
f 1519/1519/1519 1522/1522/1522 1521/1521/1521
f 1522/1522/1522 1523/1523/1523 1521/1521/1521
f 1523/1523/1523 1524/1524/1524 1521/1521/1521
f 1523/1523/1523 1525/1525/1525 1524/1524/1524
f 1523/1523/1523 1526/1526/1526 1525/1525/1525
f 1526/1526/1526 1527/1527/1527 1525/1525/1525
f 1527/1527/1527 1528/1528/1528 1525/1525/1525
f 1527/1527/1527 1529/1529/1529 1528/1528/1528
f 1529/1529/1529 1530/1530/1530 1528/1528/1528
f 1529/1529/1529 1531/1531/1531 1530/1530/1530
f 1531/1531/1531 1532/1532/1532 1530/1530/1530
f 1531/1531/1531 1533/1533/1533 1532/1532/1532
f 1536/1536/1536 1535/1535/1535 1534/1534/1534
f 1534/1534/1534 1537/1537/1537 1536/1536/1536
f 1534/1534/1534 1538/1538/1538 1537/1537/1537
f 1538/1538/1538 1534/1534/1534 1539/1539/1539
f 1539/1539/1539 1540/1540/1540 1538/1538/1538
f 1534/1534/1534 1541/1541/1541 1539/1539/1539
f 1541/1541/1541 1542/1542/1542 1539/1539/1539
f 1542/1542/1542 1543/1543/1543 1539/1539/1539
f 1543/1543/1543 1544/1544/1544 1539/1539/1539
f 1544/1544/1544 1545/1545/1545 1539/1539/1539
f 1544/1544/1544 1546/1546/1546 1545/1545/1545
f 1544/1544/1544 1547/1547/1547 1546/1546/1546
f 1544/1544/1544 1548/1548/1548 1547/1547/1547
f 1551/1551/1551 1550/1550/1550 1549/1549/1549
f 1549/1549/1549 1552/1552/1552 1551/1551/1551
f 1549/1549/1549 1553/1553/1553 1552/1552/1552
f 1549/1549/1549 1554/1554/1554 1553/1553/1553
f 1549/1549/1549 1555/1555/1555 1554/1554/1554
f 1549/1549/1549 1556/1556/1556 1555/1555/1555
f 1556/1556/1556 1549/1549/1549 1557/1557/1557
f 1557/1557/1557 1558/1558/1558 1556/1556/1556
f 1549/1549/1549 1559/1559/1559 1557/1557/1557
f 1559/1559/1559 1560/1560/1560 1557/1557/1557
f 1560/1560/1560 1561/1561/1561 1557/1557/1557
f 1561/1561/1561 1562/1562/1562 1557/1557/1557
f 1562/1562/1562 1563/1563/1563 1557/1557/1557
f 1563/1563/1563 1564/1564/1564 1557/1557/1557
f 1564/1564/1564 1565/1565/1565 1557/1557/1557
f 1564/1564/1564 1566/1566/1566 1565/1565/1565
f 1564/1564/1564 1567/1567/1567 1566/1566/1566
f 1564/1564/1564 1568/1568/1568 1567/1567/1567
f 1564/1564/1564 1569/1569/1569 1568/1568/1568
f 1569/1569/1569 1570/1570/1570 1568/1568/1568
f 1569/1569/1569 1571/1571/1571 1570/1570/1570
f 1571/1571/1571 1572/1572/1572 1570/1570/1570
f 1572/1572/1572 1573/1573/1573 1570/1570/1570
f 1573/1573/1573 1574/1574/1574 1570/1570/1570
f 1577/1577/1577 1576/1576/1576 1575/1575/1575
f 1577/1577/1577 1575/1575/1575 1578/1578/1578
f 1578/1578/1578 1579/1579/1579 1577/1577/1577
f 1575/1575/1575 1580/1580/1580 1578/1578/1578
f 1580/1580/1580 1581/1581/1581 1578/1578/1578
f 1581/1581/1581 1582/1582/1582 1578/1578/1578
f 1581/1581/1581 1583/1583/1583 1582/1582/1582
f 1581/1581/1581 1584/1584/1584 1583/1583/1583
f 1584/1584/1584 1585/1585/1585 1583/1583/1583
f 1584/1584/1584 1586/1586/1586 1585/1585/1585
f 1584/1584/1584 1587/1587/1587 1586/1586/1586
f 1587/1587/1587 1588/1588/1588 1586/1586/1586
f 1591/1591/1591 1590/1590/1590 1589/1589/1589
f 1589/1589/1589 1592/1592/1592 1591/1591/1591
f 1589/1589/1589 1593/1593/1593 1592/1592/1592
f 1589/1589/1589 1594/1594/1594 1593/1593/1593
f 1589/1589/1589 1595/1595/1595 1594/1594/1594
f 1590/1590/1590 1591/1591/1591 1596/1596/1596
f 1597/1597/1597 1590/1590/1590 1596/1596/1596
f 1598/1598/1598 1597/1597/1597 1596/1596/1596
f 1599/1599/1599 1598/1598/1598 1596/1596/1596
f 1599/1599/1599 1596/1596/1596 1600/1600/1600
f 1599/1599/1599 1600/1600/1600 1601/1601/1601
f 1601/1601/1601 1602/1602/1602 1599/1599/1599
f 1605/1605/1605 1604/1604/1604 1603/1603/1603
f 1603/1603/1603 1606/1606/1606 1605/1605/1605
f 1603/1603/1603 1607/1607/1607 1606/1606/1606
f 1603/1603/1603 1608/1608/1608 1607/1607/1607
f 1603/1603/1603 1609/1609/1609 1608/1608/1608
f 1610/1610/1610 1604/1604/1604 1605/1605/1605
f 1610/1610/1610 1605/1605/1605 1611/1611/1611
f 1612/1612/1612 1610/1610/1610 1611/1611/1611
f 1613/1613/1613 1612/1612/1612 1611/1611/1611
f 1614/1614/1614 1613/1613/1613 1611/1611/1611
f 1614/1614/1614 1611/1611/1611 1615/1615/1615
f 1614/1614/1614 1615/1615/1615 1616/1616/1616
f 1616/1616/1616 1617/1617/1617 1614/1614/1614
f 1620/1620/1620 1619/1619/1619 1618/1618/1618
f 1618/1618/1618 1621/1621/1621 1620/1620/1620
f 1621/1621/1621 1622/1622/1622 1620/1620/1620
f 1621/1621/1621 1623/1623/1623 1622/1622/1622
f 1623/1623/1623 1624/1624/1624 1622/1622/1622
f 1627/1627/1627 1626/1626/1626 1625/1625/1625
f 1630/1630/1630 1629/1629/1629 1628/1628/1628
f 1630/1630/1630 1631/1631/1631 1629/1629/1629
f 1631/1631/1631 1632/1632/1632 1629/1629/1629
f 1631/1631/1631 1633/1633/1633 1632/1632/1632
f 1631/1631/1631 1634/1634/1634 1633/1633/1633
f 1634/1634/1634 1635/1635/1635 1633/1633/1633
f 1634/1634/1634 1636/1636/1636 1635/1635/1635
f 1636/1636/1636 1637/1637/1637 1635/1635/1635
f 1640/1640/1640 1639/1639/1639 1638/1638/1638
f 1638/1638/1638 1641/1641/1641 1640/1640/1640
f 1638/1638/1638 1642/1642/1642 1641/1641/1641
f 1638/1638/1638 1643/1643/1643 1642/1642/1642
f 1643/1643/1643 1644/1644/1644 1642/1642/1642
f 1643/1643/1643 1645/1645/1645 1644/1644/1644
f 1645/1645/1645 1646/1646/1646 1644/1644/1644
f 1645/1645/1645 1647/1647/1647 1646/1646/1646
f 1645/1645/1645 1648/1648/1648 1647/1647/1647
f 1645/1645/1645 1649/1649/1649 1648/1648/1648
f 1649/1649/1649 1650/1650/1650 1648/1648/1648
f 1650/1650/1650 1651/1651/1651 1648/1648/1648
f 1650/1650/1650 1652/1652/1652 1651/1651/1651
f 1655/1655/1655 1654/1654/1654 1653/1653/1653
f 1658/1658/1658 1657/1657/1657 1656/1656/1656
f 1658/1658/1658 1659/1659/1659 1657/1657/1657
f 1658/1658/1658 1660/1660/1660 1659/1659/1659
f 1661/1661/1661 1660/1660/1660 1658/1658/1658
f 1658/1658/1658 1662/1662/1662 1661/1661/1661
f 1662/1662/1662 1663/1663/1663 1661/1661/1661
f 1663/1663/1663 1664/1664/1664 1661/1661/1661
f 1663/1663/1663 1665/1665/1665 1664/1664/1664
f 1665/1665/1665 1666/1666/1666 1664/1664/1664
f 1666/1666/1666 1667/1667/1667 1664/1664/1664
f 1670/1670/1670 1669/1669/1669 1668/1668/1668
f 1668/1668/1668 1671/1671/1671 1670/1670/1670
f 1668/1668/1668 1672/1672/1672 1671/1671/1671
f 1672/1672/1672 1673/1673/1673 1671/1671/1671
f 1673/1673/1673 1674/1674/1674 1671/1671/1671
f 1674/1674/1674 1675/1675/1675 1671/1671/1671
f 1675/1675/1675 1676/1676/1676 1671/1671/1671
f 1676/1676/1676 1677/1677/1677 1671/1671/1671
f 1677/1677/1677 1678/1678/1678 1671/1671/1671
f 1677/1677/1677 1679/1679/1679 1678/1678/1678
f 1679/1679/1679 1680/1680/1680 1678/1678/1678
f 1680/1680/1680 1681/1681/1681 1678/1678/1678
f 1681/1681/1681 1682/1682/1682 1678/1678/1678
f 1685/1685/1685 1684/1684/1684 1683/1683/1683
f 1683/1683/1683 1686/1686/1686 1685/1685/1685
f 1686/1686/1686 1687/1687/1687 1685/1685/1685
f 1686/1686/1686 1688/1688/1688 1687/1687/1687
f 1688/1688/1688 1689/1689/1689 1687/1687/1687
f 1689/1689/1689 1690/1690/1690 1687/1687/1687
f 1689/1689/1689 1691/1691/1691 1690/1690/1690
f 1691/1691/1691 1692/1692/1692 1690/1690/1690
f 1691/1691/1691 1693/1693/1693 1692/1692/1692
f 1691/1691/1691 1694/1694/1694 1693/1693/1693
f 1693/1693/1693 1694/1694/1694 1695/1695/1695
f 1693/1693/1693 1695/1695/1695 1696/1696/1696
f 1696/1696/1696 1697/1697/1697 1693/1693/1693
f 1700/1700/1700 1699/1699/1699 1698/1698/1698
f 1698/1698/1698 1701/1701/1701 1700/1700/1700
f 1701/1701/1701 1702/1702/1702 1700/1700/1700
f 1702/1702/1702 1703/1703/1703 1700/1700/1700
f 1703/1703/1703 1704/1704/1704 1700/1700/1700
f 1704/1704/1704 1705/1705/1705 1700/1700/1700
f 1704/1704/1704 1706/1706/1706 1705/1705/1705
f 1704/1704/1704 1707/1707/1707 1706/1706/1706
f 1704/1704/1704 1708/1708/1708 1707/1707/1707
f 1704/1704/1704 1709/1709/1709 1708/1708/1708
f 1708/1708/1708 1709/1709/1709 1710/1710/1710
f 1708/1708/1708 1710/1710/1710 1711/1711/1711
f 1711/1711/1711 1712/1712/1712 1708/1708/1708
f 1715/1715/1715 1714/1714/1714 1713/1713/1713
f 1713/1713/1713 1716/1716/1716 1715/1715/1715
f 1713/1713/1713 1717/1717/1717 1716/1716/1716
f 1713/1713/1713 1718/1718/1718 1717/1717/1717
f 1713/1713/1713 1719/1719/1719 1718/1718/1718
f 1713/1713/1713 1720/1720/1720 1719/1719/1719
f 1713/1713/1713 1721/1721/1721 1720/1720/1720
f 1713/1713/1713 1722/1722/1722 1721/1721/1721
f 1713/1713/1713 1723/1723/1723 1722/1722/1722
f 1713/1713/1713 1724/1724/1724 1723/1723/1723
f 1725/1725/1725 1716/1716/1716 1717/1717/1717
f 1717/1717/1717 1726/1726/1726 1725/1725/1725
f 1729/1729/1729 1728/1728/1728 1727/1727/1727
f 1727/1727/1727 1730/1730/1730 1729/1729/1729
f 1730/1730/1730 1731/1731/1731 1729/1729/1729
f 1731/1731/1731 1732/1732/1732 1729/1729/1729
f 1731/1731/1731 1733/1733/1733 1732/1732/1732
f 1733/1733/1733 1734/1734/1734 1732/1732/1732
f 1733/1733/1733 1735/1735/1735 1734/1734/1734
f 1735/1735/1735 1736/1736/1736 1734/1734/1734
f 1736/1736/1736 1737/1737/1737 1734/1734/1734
f 1736/1736/1736 1738/1738/1738 1737/1737/1737
f 1738/1738/1738 1739/1739/1739 1737/1737/1737
f 1738/1738/1738 1740/1740/1740 1739/1739/1739
f 1738/1738/1738 1741/1741/1741 1740/1740/1740
f 1744/1744/1744 1743/1743/1743 1742/1742/1742
f 1747/1747/1747 1746/1746/1746 1745/1745/1745
f 1746/1746/1746 1748/1748/1748 1745/1745/1745
f 1748/1748/1748 1749/1749/1749 1745/1745/1745
f 1748/1748/1748 1750/1750/1750 1749/1749/1749
f 1748/1748/1748 1751/1751/1751 1750/1750/1750
f 1751/1751/1751 1752/1752/1752 1750/1750/1750
f 1751/1751/1751 1753/1753/1753 1752/1752/1752
f 1753/1753/1753 1754/1754/1754 1752/1752/1752
f 1753/1753/1753 1755/1755/1755 1754/1754/1754
f 1753/1753/1753 1756/1756/1756 1755/1755/1755
f 1759/1759/1759 1758/1758/1758 1757/1757/1757
f 1757/1757/1757 1760/1760/1760 1759/1759/1759
f 1757/1757/1757 1761/1761/1761 1760/1760/1760
f 1761/1761/1761 1762/1762/1762 1760/1760/1760
f 1761/1761/1761 1763/1763/1763 1762/1762/1762
f 1763/1763/1763 1764/1764/1764 1762/1762/1762
f 1763/1763/1763 1765/1765/1765 1764/1764/1764
f 1765/1765/1765 1766/1766/1766 1764/1764/1764
f 1765/1765/1765 1767/1767/1767 1766/1766/1766
f 1765/1765/1765 1768/1768/1768 1767/1767/1767
f 1768/1768/1768 1769/1769/1769 1767/1767/1767
f 1769/1769/1769 1770/1770/1770 1767/1767/1767
f 1769/1769/1769 1771/1771/1771 1770/1770/1770
f 1769/1769/1769 1772/1772/1772 1771/1771/1771
f 1772/1772/1772 1773/1773/1773 1771/1771/1771
f 1773/1773/1773 1774/1774/1774 1771/1771/1771
f 1773/1773/1773 1775/1775/1775 1774/1774/1774
f 1775/1775/1775 1776/1776/1776 1774/1774/1774
f 1775/1775/1775 1777/1777/1777 1776/1776/1776
f 1777/1777/1777 1778/1778/1778 1776/1776/1776
f 1781/1781/1781 1780/1780/1780 1779/1779/1779
f 1779/1779/1779 1782/1782/1782 1781/1781/1781
f 1779/1779/1779 1783/1783/1783 1782/1782/1782
f 1783/1783/1783 1784/1784/1784 1782/1782/1782
f 1783/1783/1783 1785/1785/1785 1784/1784/1784
f 1785/1785/1785 1786/1786/1786 1784/1784/1784
f 1785/1785/1785 1787/1787/1787 1786/1786/1786
f 1787/1787/1787 1788/1788/1788 1786/1786/1786
f 1787/1787/1787 1789/1789/1789 1788/1788/1788
f 1789/1789/1789 1790/1790/1790 1788/1788/1788
f 1793/1793/1793 1792/1792/1792 1791/1791/1791
f 1791/1791/1791 1794/1794/1794 1793/1793/1793
f 1791/1791/1791 1795/1795/1795 1794/1794/1794
f 1793/1793/1793 1794/1794/1794 1796/1796/1796
f 1797/1797/1797 1793/1793/1793 1796/1796/1796
f 1797/1797/1797 1796/1796/1796 1798/1798/1798
f 1799/1799/1799 1797/1797/1797 1798/1798/1798
f 1799/1799/1799 1798/1798/1798 1800/1800/1800
f 1801/1801/1801 1799/1799/1799 1800/1800/1800
f 1801/1801/1801 1800/1800/1800 1802/1802/1802
f 1803/1803/1803 1801/1801/1801 1802/1802/1802
f 1802/1802/1802 1804/1804/1804 1803/1803/1803
f 1807/1807/1807 1806/1806/1806 1805/1805/1805
f 1810/1810/1810 1809/1809/1809 1808/1808/1808
f 1808/1808/1808 1811/1811/1811 1810/1810/1810
f 1808/1808/1808 1812/1812/1812 1811/1811/1811
f 1808/1808/1808 1813/1813/1813 1812/1812/1812
f 1808/1808/1808 1814/1814/1814 1813/1813/1813
f 1814/1814/1814 1815/1815/1815 1813/1813/1813
f 1815/1815/1815 1814/1814/1814 1816/1816/1816
f 1816/1816/1816 1817/1817/1817 1815/1815/1815
f 1814/1814/1814 1818/1818/1818 1816/1816/1816
f 1818/1818/1818 1819/1819/1819 1816/1816/1816
f 1819/1819/1819 1820/1820/1820 1816/1816/1816
f 1820/1820/1820 1821/1821/1821 1816/1816/1816
f 1821/1821/1821 1822/1822/1822 1816/1816/1816
f 1822/1822/1822 1823/1823/1823 1816/1816/1816
f 1822/1822/1822 1824/1824/1824 1823/1823/1823
f 1822/1822/1822 1825/1825/1825 1824/1824/1824
f 1822/1822/1822 1826/1826/1826 1825/1825/1825
f 1826/1826/1826 1827/1827/1827 1825/1825/1825
f 1827/1827/1827 1828/1828/1828 1825/1825/1825
f 1828/1828/1828 1829/1829/1829 1825/1825/1825
f 1828/1828/1828 1830/1830/1830 1829/1829/1829
f 1830/1830/1830 1831/1831/1831 1829/1829/1829
f 1830/1830/1830 1832/1832/1832 1831/1831/1831
f 1835/1835/1835 1834/1834/1834 1833/1833/1833
f 1833/1833/1833 1836/1836/1836 1835/1835/1835
f 1836/1836/1836 1837/1837/1837 1835/1835/1835
f 1836/1836/1836 1838/1838/1838 1837/1837/1837
f 1836/1836/1836 1839/1839/1839 1838/1838/1838
f 1839/1839/1839 1840/1840/1840 1838/1838/1838
f 1840/1840/1840 1839/1839/1839 1841/1841/1841
f 1841/1841/1841 1842/1842/1842 1840/1840/1840
f 1839/1839/1839 1843/1843/1843 1841/1841/1841
f 1843/1843/1843 1844/1844/1844 1841/1841/1841
f 1844/1844/1844 1845/1845/1845 1841/1841/1841
f 1845/1845/1845 1846/1846/1846 1841/1841/1841
f 1846/1846/1846 1847/1847/1847 1841/1841/1841
f 1847/1847/1847 1848/1848/1848 1841/1841/1841
f 1847/1847/1847 1849/1849/1849 1848/1848/1848
f 1849/1849/1849 1850/1850/1850 1848/1848/1848
f 1849/1849/1849 1851/1851/1851 1850/1850/1850
f 1849/1849/1849 1852/1852/1852 1851/1851/1851
f 1853/1853/1853 1852/1852/1852 1849/1849/1849
f 1849/1849/1849 1854/1854/1854 1853/1853/1853
f 1854/1854/1854 1855/1855/1855 1853/1853/1853
f 1855/1855/1855 1856/1856/1856 1853/1853/1853
f 1856/1856/1856 1857/1857/1857 1853/1853/1853
f 1856/1856/1856 1858/1858/1858 1857/1857/1857
f 1861/1861/1861 1860/1860/1860 1859/1859/1859
f 1859/1859/1859 1862/1862/1862 1861/1861/1861
f 1862/1862/1862 1863/1863/1863 1861/1861/1861
f 1863/1863/1863 1864/1864/1864 1861/1861/1861
f 1863/1863/1863 1865/1865/1865 1864/1864/1864
f 1863/1863/1863 1866/1866/1866 1865/1865/1865
f 1863/1863/1863 1867/1867/1867 1866/1866/1866
f 1863/1863/1863 1868/1868/1868 1867/1867/1867
f 1863/1863/1863 1869/1869/1869 1868/1868/1868
f 1869/1869/1869 1870/1870/1870 1868/1868/1868
f 1870/1870/1870 1871/1871/1871 1868/1868/1868
f 1871/1871/1871 1872/1872/1872 1868/1868/1868
f 1872/1872/1872 1873/1873/1873 1868/1868/1868
f 1876/1876/1876 1875/1875/1875 1874/1874/1874
f 1874/1874/1874 1877/1877/1877 1876/1876/1876
f 1877/1877/1877 1878/1878/1878 1876/1876/1876
f 1878/1878/1878 1879/1879/1879 1876/1876/1876
f 1878/1878/1878 1880/1880/1880 1879/1879/1879
f 1878/1878/1878 1881/1881/1881 1880/1880/1880
f 1878/1878/1878 1882/1882/1882 1881/1881/1881
f 1878/1878/1878 1883/1883/1883 1882/1882/1882
f 1878/1878/1878 1884/1884/1884 1883/1883/1883
f 1878/1878/1878 1885/1885/1885 1884/1884/1884
f 1884/1884/1884 1885/1885/1885 1886/1886/1886
f 1884/1884/1884 1886/1886/1886 1887/1887/1887
f 1887/1887/1887 1888/1888/1888 1884/1884/1884
f 1885/1885/1885 1889/1889/1889 1886/1886/1886
f 1889/1889/1889 1890/1890/1890 1886/1886/1886
f 1890/1890/1890 1891/1891/1891 1886/1886/1886
f 1891/1891/1891 1892/1892/1892 1886/1886/1886
f 1892/1892/1892 1893/1893/1893 1886/1886/1886
f 1893/1893/1893 1892/1892/1892 1894/1894/1894
f 1894/1894/1894 1895/1895/1895 1893/1893/1893
f 1894/1894/1894 1896/1896/1896 1895/1895/1895
f 1894/1894/1894 1897/1897/1897 1896/1896/1896
f 1894/1894/1894 1898/1898/1898 1897/1897/1897
f 1901/1901/1901 1900/1900/1900 1899/1899/1899
f 1899/1899/1899 1902/1902/1902 1901/1901/1901
f 1899/1899/1899 1903/1903/1903 1902/1902/1902
f 1899/1899/1899 1904/1904/1904 1903/1903/1903
f 1899/1899/1899 1905/1905/1905 1904/1904/1904
f 1905/1905/1905 1899/1899/1899 1906/1906/1906
f 1906/1906/1906 1907/1907/1907 1905/1905/1905
f 1899/1899/1899 1908/1908/1908 1906/1906/1906
f 1908/1908/1908 1909/1909/1909 1906/1906/1906
f 1909/1909/1909 1910/1910/1910 1906/1906/1906
f 1910/1910/1910 1911/1911/1911 1906/1906/1906
f 1911/1911/1911 1912/1912/1912 1906/1906/1906
f 1912/1912/1912 1913/1913/1913 1906/1906/1906
f 1912/1912/1912 1914/1914/1914 1913/1913/1913
f 1914/1914/1914 1915/1915/1915 1913/1913/1913
f 1914/1914/1914 1916/1916/1916 1915/1915/1915
f 1914/1914/1914 1917/1917/1917 1916/1916/1916
f 1914/1914/1914 1918/1918/1918 1917/1917/1917
f 1918/1918/1918 1919/1919/1919 1917/1917/1917
f 1920/1920/1920 1919/1919/1919 1918/1918/1918
f 1918/1918/1918 1921/1921/1921 1920/1920/1920
f 1921/1921/1921 1922/1922/1922 1920/1920/1920
f 1922/1922/1922 1923/1923/1923 1920/1920/1920
f 1923/1923/1923 1924/1924/1924 1920/1920/1920
f 1927/1927/1927 1926/1926/1926 1925/1925/1925
f 1925/1925/1925 1928/1928/1928 1927/1927/1927
f 1925/1925/1925 1929/1929/1929 1928/1928/1928
f 1925/1925/1925 1930/1930/1930 1929/1929/1929
f 1930/1930/1930 1931/1931/1931 1929/1929/1929
f 1930/1930/1930 1932/1932/1932 1931/1931/1931
f 1932/1932/1932 1933/1933/1933 1931/1931/1931
f 1932/1932/1932 1934/1934/1934 1933/1933/1933
f 1932/1932/1932 1935/1935/1935 1934/1934/1934
f 1932/1932/1932 1936/1936/1936 1935/1935/1935
f 1936/1936/1936 1937/1937/1937 1935/1935/1935
f 1937/1937/1937 1938/1938/1938 1935/1935/1935
f 1938/1938/1938 1939/1939/1939 1935/1935/1935
f 1942/1942/1942 1941/1941/1941 1940/1940/1940
f 1945/1945/1945 1944/1944/1944 1943/1943/1943
f 1945/1945/1945 1946/1946/1946 1944/1944/1944
f 1945/1945/1945 1947/1947/1947 1946/1946/1946
f 1945/1945/1945 1948/1948/1948 1947/1947/1947
f 1948/1948/1948 1949/1949/1949 1947/1947/1947
f 1949/1949/1949 1950/1950/1950 1947/1947/1947
f 1949/1949/1949 1951/1951/1951 1950/1950/1950
f 1951/1951/1951 1952/1952/1952 1950/1950/1950
f 1952/1952/1952 1953/1953/1953 1950/1950/1950
f 1952/1952/1952 1954/1954/1954 1953/1953/1953
f 1957/1957/1957 1956/1956/1956 1955/1955/1955
f 1955/1955/1955 1958/1958/1958 1957/1957/1957
f 1955/1955/1955 1959/1959/1959 1958/1958/1958
f 1955/1955/1955 1960/1960/1960 1959/1959/1959
f 1955/1955/1955 1961/1961/1961 1960/1960/1960
f 1956/1956/1956 1957/1957/1957 1962/1962/1962
f 1963/1963/1963 1956/1956/1956 1962/1962/1962
f 1964/1964/1964 1963/1963/1963 1962/1962/1962
f 1965/1965/1965 1964/1964/1964 1962/1962/1962
f 1966/1966/1966 1965/1965/1965 1962/1962/1962
f 1966/1966/1966 1962/1962/1962 1967/1967/1967
f 1966/1966/1966 1967/1967/1967 1968/1968/1968
f 1968/1968/1968 1969/1969/1969 1966/1966/1966
f 1972/1972/1972 1971/1971/1971 1970/1970/1970
f 1970/1970/1970 1973/1973/1973 1972/1972/1972
f 1970/1970/1970 1974/1974/1974 1973/1973/1973
f 1970/1970/1970 1975/1975/1975 1974/1974/1974
f 1970/1970/1970 1976/1976/1976 1975/1975/1975
f 1971/1971/1971 1972/1972/1972 1977/1977/1977
f 1971/1971/1971 1977/1977/1977 1978/1978/1978
f 1971/1971/1971 1978/1978/1978 1979/1979/1979
f 1971/1971/1971 1979/1979/1979 1980/1980/1980
f 1971/1971/1971 1980/1980/1980 1981/1981/1981
f 1971/1971/1971 1981/1981/1981 1982/1982/1982
f 1971/1971/1971 1982/1982/1982 1983/1983/1983
f 1983/1983/1983 1984/1984/1984 1971/1971/1971
f 1987/1987/1987 1986/1986/1986 1985/1985/1985
f 1985/1985/1985 1988/1988/1988 1987/1987/1987
f 1985/1985/1985 1989/1989/1989 1988/1988/1988
f 1985/1985/1985 1990/1990/1990 1989/1989/1989
f 1990/1990/1990 1991/1991/1991 1989/1989/1989
f 1991/1991/1991 1992/1992/1992 1989/1989/1989
f 1991/1991/1991 1993/1993/1993 1992/1992/1992
f 1991/1991/1991 1994/1994/1994 1993/1993/1993
f 1994/1994/1994 1995/1995/1995 1993/1993/1993
f 1994/1994/1994 1996/1996/1996 1995/1995/1995
f 1996/1996/1996 1997/1997/1997 1995/1995/1995
f 1996/1996/1996 1998/1998/1998 1997/1997/1997
f 1998/1998/1998 1999/1999/1999 1997/1997/1997
f 2002/2002/2002 2001/2001/2001 2000/2000/2000
f 2000/2000/2000 2003/2003/2003 2002/2002/2002
f 2003/2003/2003 2004/2004/2004 2002/2002/2002
f 2003/2003/2003 2005/2005/2005 2004/2004/2004
f 2005/2005/2005 2006/2006/2006 2004/2004/2004
f 2005/2005/2005 2007/2007/2007 2006/2006/2006
f 2007/2007/2007 2008/2008/2008 2006/2006/2006
f 2007/2007/2007 2009/2009/2009 2008/2008/2008
f 2009/2009/2009 2010/2010/2010 2008/2008/2008
f 2009/2009/2009 2011/2011/2011 2010/2010/2010
f 2009/2009/2009 2012/2012/2012 2011/2011/2011
f 2012/2012/2012 2013/2013/2013 2011/2011/2011
f 2012/2012/2012 2014/2014/2014 2013/2013/2013
f 2017/2017/2017 2016/2016/2016 2015/2015/2015
f 2015/2015/2015 2018/2018/2018 2017/2017/2017
f 2018/2018/2018 2019/2019/2019 2017/2017/2017
f 2019/2019/2019 2020/2020/2020 2017/2017/2017
f 2019/2019/2019 2021/2021/2021 2020/2020/2020
f 2019/2019/2019 2022/2022/2022 2021/2021/2021
f 2022/2022/2022 2023/2023/2023 2021/2021/2021
f 2023/2023/2023 2024/2024/2024 2021/2021/2021
f 2023/2023/2023 2025/2025/2025 2024/2024/2024
f 2025/2025/2025 2026/2026/2026 2024/2024/2024
f 2026/2026/2026 2027/2027/2027 2024/2024/2024
f 2026/2026/2026 2028/2028/2028 2027/2027/2027
f 2028/2028/2028 2029/2029/2029 2027/2027/2027
f 2032/2032/2032 2031/2031/2031 2030/2030/2030
f 2030/2030/2030 2033/2033/2033 2032/2032/2032
f 2030/2030/2030 2034/2034/2034 2033/2033/2033
f 2034/2034/2034 2035/2035/2035 2033/2033/2033
f 2034/2034/2034 2036/2036/2036 2035/2035/2035
f 2036/2036/2036 2037/2037/2037 2035/2035/2035
f 2036/2036/2036 2038/2038/2038 2037/2037/2037
f 2038/2038/2038 2039/2039/2039 2037/2037/2037
f 2039/2039/2039 2040/2040/2040 2037/2037/2037
f 2039/2039/2039 2041/2041/2041 2040/2040/2040
f 2041/2041/2041 2042/2042/2042 2040/2040/2040
f 2045/2045/2045 2044/2044/2044 2043/2043/2043
