g cheshen
v 0.1723771 0.7417023 -0.5637527
v 0.1350148 0.801096 -0.3787255
v 0.2282758 0.446008 -0.2392414
v 0.2282758 0.446008 -0.2392414
v 0.1887381 0.3338606 -0.3350377
v 0.1605864 0.3617976 0.09440517
v 0.1426201 0.5431292 0.1007056
v 0.2207303 0.4683545 0.2702715
v 0.2207303 0.4683545 0.2702715
v 0.4605758 0.3740983 0.2323091
v 0.4605758 0.5122223 0.1094213
v 0.1426201 0.5431292 0.1007056
v 0.2207303 0.4683545 0.2702715
v 0.4605758 0.4466331 -0.2385113
v 0.2565975 0.8094666 -0.3955066
v 0.1350148 0.801096 -0.3787255
v 0.4605758 0.8068213 -0.4333241
v 0.4605758 0.4673295 0.3053188
v 0.2207303 0.4683545 0.2702715
v 0.4605758 0.3740983 0.2323091
v 0.3579593 1.218203 -0.7086719
v 0.3588243 1.275107 -0.5783384
v 0.3222518 1.103716 -0.5743883
v 0.4605758 1.274217 -0.708517
v 0.4605758 1.331515 -0.5781934
v 0.3222518 1.103716 -0.5743883
v 0.3142614 1.09594 -0.6700444
v 0.1723771 0.7417023 -0.5637527
v 0.1350148 0.801096 -0.3787255
v 0.4605758 1.104091 -0.5724232
v 0.4605758 0.8068213 -0.4333241
v 0.2565975 0.8094666 -0.3955066
v 0.1350148 0.801096 -0.3787255
v 0.4605758 0.3740983 0.2323091
v 0.4605758 0.3285103 -0.4958282
v 0.1605864 0.3617976 0.09440517
v 0.1887381 0.3338606 -0.3350377
v 0.4605758 0.3285103 -0.4958282
v 0.1723771 0.7417023 -0.5637527
v 0.3142614 1.09594 -0.6700444
v 0.1723771 0.7417023 -0.5637527
v 0.3579593 1.218203 -0.7086719
v 0.4605758 1.274217 -0.708517
v 0.7487745 0.7417023 -0.5637527
v 0.7324135 0.3338606 -0.3350377
v 0.692871 0.446008 -0.2392414
v 0.7605603 0.3617976 0.09440517
v 0.692871 0.446008 -0.2392414
v 0.786137 0.801096 -0.3787255
v 0.7785314 0.5431292 0.1007056
v 0.7004215 0.4683545 0.2702715
v 0.4605758 0.3740983 0.2323091
v 0.7004215 0.4683545 0.2702715
v 0.4605758 0.5122223 0.1094213
v 0.7785314 0.5431292 0.1007056
v 0.7004215 0.4683545 0.2702715
v 0.4605758 0.4466331 -0.2385113
v 0.6645541 0.8094666 -0.3955066
v 0.786137 0.801096 -0.3787255
v 0.4605758 0.8068213 -0.4333241
v 0.7004215 0.4683545 0.2702715
v 0.4605758 0.4673295 0.3053188
v 0.4605758 0.3740983 0.2323091
v 0.5988998 1.103716 -0.5743883
v 0.5623274 1.275107 -0.5783384
v 0.5631926 1.218203 -0.7086719
v 0.4605758 1.274217 -0.708517
v 0.4605758 1.331515 -0.5781934
v 0.5988998 1.103716 -0.5743883
v 0.6068904 1.09594 -0.6700444
v 0.7487745 0.7417023 -0.5637527
v 0.786137 0.801096 -0.3787255
v 0.4605758 1.104091 -0.5724232
v 0.4605758 0.8068213 -0.4333241
v 0.6645541 0.8094666 -0.3955066
v 0.786137 0.801096 -0.3787255
v 0.4605758 0.3740983 0.2323091
v 0.7605603 0.3617976 0.09440517
v 0.4605758 0.3285103 -0.4958282
v 0.7324135 0.3338606 -0.3350377
v 0.4605758 0.3285103 -0.4958282
v 0.7487745 0.7417023 -0.5637527
v 0.7487745 0.7417023 -0.5637527
v 0.6068904 1.09594 -0.6700444
v 0.5631926 1.218203 -0.7086719
v 0.4605758 1.274217 -0.708517
v 0.5529869 0.8869317 0.3706331
v 0.5632474 0.970947 0.4107506
v 0.5503366 1.044042 0.2665963
v 0.5529869 0.9492557 0.2249186
v 0.4618008 1.062763 0.2698815
v 0.4617958 0.9920034 0.4208014
v 0.4617958 0.8574448 0.3554571
v 0.4617958 0.9077129 0.1949768
v 0.4617958 1.180501 0.3360009
v 0.4617958 1.157899 0.3108792
v 0.5463414 1.137453 0.3011186
v 0.5619524 1.156284 0.32444
v 0.6082304 1.081604 0.274452
v 0.6352673 1.09012 0.2928481
v 0.6230915 1.031841 0.2478001
v 0.6621039 0.9997389 0.2496903
v 0.6213312 0.9734473 0.2228086
v 0.6552784 0.952956 0.2273538
v 0.5813587 0.8974173 0.1865063
v 0.603435 0.8719256 0.1886613
v 0.5055587 0.8579247 0.16765
v 0.5136392 0.8251426 0.1663249
v 0.4617958 0.8189821 0.1633847
v 0.4617958 0.8537545 0.1654997
v 0.5614123 0.969707 0.2209384
v 0.6230915 1.031841 0.2478001
v 0.5503366 1.044042 0.2665963
v 0.6213312 0.9734473 0.2228086
v 0.4617958 0.8537545 0.1654997
v 0.5055587 0.8579247 0.16765
v 0.4618008 1.062763 0.2698815
v 0.3732603 1.044042 0.2665963
v 0.3603444 0.970947 0.4107506
v 0.37061 0.8869317 0.3706331
v 0.37061 0.9492557 0.2249186
v 0.4618008 1.062763 0.2698815
v 0.4617958 0.9920034 0.4208014
v 0.4617958 0.8574448 0.3554571
v 0.4617958 0.9077129 0.1949768
v 0.3772554 1.137453 0.3011186
v 0.4617958 1.157899 0.3108792
v 0.4617958 1.180501 0.3360009
v 0.3616445 1.156284 0.32444
v 0.3153665 1.081604 0.274452
v 0.2883296 1.09012 0.2928481
v 0.3005054 1.031841 0.2478001
v 0.261493 0.9997389 0.2496903
v 0.3022656 0.9734473 0.2228086
v 0.2683184 0.952956 0.2273538
v 0.3422332 0.8974173 0.1865063
v 0.3201618 0.8719256 0.1886613
v 0.4180331 0.8579247 0.16765
v 0.4099526 0.8251426 0.1663249
v 0.4617958 0.8189821 0.1633847
v 0.4617958 0.8537545 0.1654997
v 0.3732603 1.044042 0.2665963
v 0.3005054 1.031841 0.2478001
v 0.3621845 0.969707 0.2209384
v 0.3022656 0.9734473 0.2228086
v 0.4617958 0.8537545 0.1654997
v 0.4180331 0.8579247 0.16765
v 0.4618008 1.062763 0.2698815
v 0.8365302 1.046012 0.4852157
v 0.8340651 1.042327 0.7456875
v 5.960464E-06 1.080574 0.4855356
v 5.960464E-06 1.024696 1.046502
v 0.8148988 0.9396451 1.056598
v 0.1364348 0.8799462 0.3175197
v 0.817359 0.7965608 0.3169096
v 5.960464E-06 0.8871267 0.3177397
v 5.960464E-06 0.4931412 0.3141394
v 0.1298294 0.4931412 0.3141394
v 0.4729767 0.5925474 1.052372
v 0.1364348 0.8799462 0.3175197
v 0.1298294 0.4931412 0.3141394
v 0.1298294 0.3622377 0.3593423
v 0.818079 0.5964828 0.3614826
v 0.4729767 0.5925474 1.052372
v 0.818079 0.3622377 0.3593423
v 0.817359 0.7965608 0.3169096
v 0.1364348 0.8799462 0.3175197
v 0.7533098 0.6871238 -0.5215447
v 0.7740262 0.9728773 -0.7352086
v 0.7939625 0.4174612 -0.6230013
v 0.8013029 0.4049153 -0.3182316
v 0.1298244 0.5357888 -0.3449383
v 5.960464E-06 0.9722421 -0.7144923
v 0.8013029 0.4049153 -0.3182316
v 0.1298244 0.4050353 -0.323952
v 5.960464E-06 0.5357039 -0.3448083
v 5.960464E-06 0.4931412 0.3141394
v 0.1298294 0.4931412 0.3141394
v 0.9685438 0.5109372 -0.6851104
v 1.012237 0.4415426 -0.6440928
v 0.9916153 0.3535471 -0.569953
v 0.9896502 0.3342907 0.07953429
v 0.818079 0.3622377 0.3593423
v 0.1298294 0.3622377 0.3593423
v 0.4729767 0.5925474 1.052372
v 0.987905 0.3162246 0.7082751
v 0.1298294 0.3622377 0.3593423
v 0.1298244 0.4050353 -0.323952
v 0.1298244 0.5357888 -0.3449383
v 0.1298294 0.3622377 0.3593423
v 0.9888301 0.8290329 -0.8049432
v 0.6278067 1.40836 -1.101452
v 0.9107001 1.029561 -0.7914224
v 0.9888301 0.8290329 -0.8049432
v 1.033683 0.7755344 0.7428973
v 0.9427521 1.032311 0.6993744
v 0.8365302 1.046012 0.4852157
v 0.817359 0.7965608 0.3169096
v 0.818079 0.5964828 0.3614826
v 1.002216 0.4066255 0.7171156
v 0.818079 0.3622377 0.3593423
v 0.987905 0.3162246 0.7082751
v 0.8340651 1.042327 0.7456875
v 0.9888301 0.8290329 -0.8049432
v 0.7740262 0.9728773 -0.7352086
v 0.6278067 1.40836 -1.101452
v -0.8365183 1.046012 0.4852157
v 5.960464E-06 1.080574 0.4855356
v -0.8340583 1.042327 0.7456875
v 5.960464E-06 1.024696 1.046502
v -0.814887 0.9396451 1.056598
v -0.1364279 0.8799462 0.3175197
v -0.8173521 0.7965608 0.3169096
v 5.960464E-06 0.8871267 0.3177397
v 5.960464E-06 0.4931412 0.3141394
v -0.1298175 0.4931412 0.3141394
v -0.1298175 0.4931412 0.3141394
v -0.1364279 0.8799462 0.3175197
v -0.4729698 0.5925474 1.052372
v -0.1298175 0.3622377 0.3593423
v -0.8180671 0.5964828 0.3614826
v -0.8180671 0.3622377 0.3593423
v -0.4729698 0.5925474 1.052372
v -0.8173521 0.7965608 0.3169096
v -0.1364279 0.8799462 0.3175197
v -0.7939556 0.4174612 -0.6230013
v -0.7786946 0.9486806 -0.7336435
v -0.753298 0.6871238 -0.5215447
v -0.801291 0.4049153 -0.3182316
v -0.1298175 0.5357888 -0.3449383
v -0.9685318 0.5109372 -0.6851104
v -1.012225 0.4415426 -0.6440928
v -0.9916034 0.3535471 -0.569953
v -0.801291 0.4049153 -0.3182316
v -0.1298175 0.4050353 -0.323952
v -0.9896433 0.3342907 0.07953429
v -0.8180671 0.3622377 0.3593423
v -0.1298175 0.3622377 0.3593423
v -0.4729698 0.5925474 1.052372
v -0.9878931 0.3162246 0.7082751
v -0.9888182 0.8290329 -0.8049432
v -0.6277947 1.40836 -1.101452
v -0.1298175 0.4050353 -0.323952
v -0.1298175 0.3622377 0.3593423
v -0.1298175 0.4931412 0.3141394
v 5.960464E-06 0.4931412 0.3141394
v 5.960464E-06 0.5357039 -0.3448083
v -0.1298175 0.3622377 0.3593423
v 5.960464E-06 0.9722421 -0.7144923
v -0.7786946 0.9486806 -0.7336435
v -0.1298175 0.5357888 -0.3449383
v -0.8365183 1.046012 0.4852157
v -0.9427402 1.032311 0.6993744
v -1.033676 0.7755344 0.7428973
v -0.8173521 0.7965608 0.3169096
v -0.8180671 0.5964828 0.3614826
v -1.002209 0.4066255 0.7171156
v -0.8180671 0.3622377 0.3593423
v -0.9878931 0.3162246 0.7082751
v -0.8340583 1.042327 0.7456875
v 5.960464E-06 0.9722421 -0.7144923
v 0.6278067 1.40836 -1.101452
v 0.7740262 0.9728773 -0.7352086
v 5.960464E-06 1.428697 -1.107633
v -0.7786946 0.9486806 -0.7336435
v 5.960464E-06 1.428697 -1.107633
v 5.960464E-06 0.9722421 -0.7144923
v 5.960464E-06 1.428697 -1.107633
v -0.7786946 0.9486806 -0.7336435
v -0.6277947 1.40836 -1.101452
v 1.022697 0.8448339 1.210988
v 1.041249 0.6289549 1.135643
v 1.046454 0.7727492 1.263721
v 1.036683 0.6599419 1.059198
v 1.034723 0.7749543 0.7433424
v 1.009291 0.3872292 0.9906583
v 1.006611 0.4005601 0.7166655
v 0.9131002 1.037736 1.131697
v 0.9436972 1.031991 0.6997745
v 0.8652021 1.063693 0.8503392
v 0.9017345 1.012975 1.527788
v 0.9777994 0.9603565 1.527788
v 0.9813696 0.8440988 1.880871
v 0.8506062 0.9414902 1.991724
v 1.036413 0.8503993 1.594432
v 0.8800881 1.001449 0.8938172
v 1.042839 0.8389435 1.39592
v 0.3796556 1.068629 1.483951
v 0.3607345 0.94068 2.202552
v 0.508389 1.085845 1.032246
v 5.960464E-06 1.128692 1.030546
v 5.960464E-06 1.110106 1.344121
v 5.960464E-06 1.087425 1.627345
v 0.2800641 1.073764 1.680108
v 0.3022256 1.054063 1.836103
v 0.2688334 1.030081 1.980153
v 5.960464E-06 0.8452039 2.32699
v 5.960464E-06 1.033831 2.019185
v 5.960464E-06 0.936425 2.284662
v 5.960464E-06 1.079444 1.70847
v 0.3247821 0.8075016 2.409931
v 0.5565622 0.8156819 2.336146
v 0.8690723 0.8363283 2.176975
v 0.9174455 0.8038912 2.144713
v 0.9913253 0.6195743 2.062458
v 5.960464E-06 0.7956157 2.489106
v 1.017642 0.6223245 1.971817
v 0.9811497 0.3400011 2.066833
v 0.9940455 0.3411012 1.996253
v 0.894839 0.570096 2.208117
v 0.8737127 0.3031838 2.207197
v 0.8810282 0.2460101 2.199542
v 0.971099 0.2535806 2.063973
v 0.9798396 0.2544706 1.991589
v 1.017652 0.614764 1.928444
v 1.027333 0.7844551 1.7909
v 0.8991793 0.2204533 2.218243
v 0.9862599 0.228169 2.067383
v 1.000061 0.2321091 1.990363
v 0.986145 0.1961367 2.066948
v 0.8991793 0.1919665 2.217953
v 1.000061 0.198267 1.989858
v 1.000061 0.2321091 1.990363
v 1.009102 0.382869 1.094315
v 0.9881301 0.307199 0.9887333
v 0.9496826 0.1986868 1.08914
v 0.9888902 0.3151846 0.7086852
v 0.9511327 0.2061174 0.7072349
v 0.9500676 0.2006621 0.9877732
v 5.960464E-06 0.8452039 2.32699
v 5.960464E-06 1.061258 1.863265
v 0.3022256 1.054063 1.836103
v 0.1774325 0.878546 2.067123
v 5.960464E-06 1.079444 1.70847
v 0.2800641 1.073764 1.680108
v 5.960464E-06 1.061258 1.863265
v 0.3022256 1.054063 1.836103
v -0.3022137 1.054063 1.836103
v -0.1774206 0.878546 2.067123
v 5.960464E-06 0.8452039 2.32699
v 0.2688334 1.030081 1.980153
v 5.960464E-06 1.033831 2.019185
v 5.960464E-06 1.033831 2.019185
v -0.2688265 1.030081 1.980153
v 5.960464E-06 1.061258 1.863265
v 0.1774325 0.878546 2.067123
v 0.3022256 1.054063 1.836103
v 5.960464E-06 1.079444 1.70847
v -0.1774206 0.878546 2.067123
v -0.2800572 1.073764 1.680108
v -0.3022137 1.054063 1.836103
v 0.8037682 0.5606654 2.274472
v 0.8393304 0.6923089 2.24439
v 0.894839 0.570096 2.208117
v 0.6506631 0.5418093 2.321485
v 0.5713329 0.6132689 2.39655
v 0.6127558 0.4673493 2.367423
v 5.960464E-06 0.5061669 2.550205
v 5.960464E-06 0.5775616 2.55443
v 0.5377059 0.6419806 2.374853
v 5.960464E-06 0.4510884 2.534994
v 0.7179075 0.3091292 2.279392
v 0.6812502 0.2390795 2.32527
v 0.8810282 0.2460101 2.199542
v 0.8737127 0.3031838 2.207197
v 0.6953061 0.2134528 2.355102
v 0.8991793 0.2204533 2.218243
v 0.6492631 0.2387896 2.32925
v 0.8991793 0.1919665 2.217953
v 0.6953061 0.1881812 2.354937
v 0.5237949 0.2123528 2.422566
v 0.5237949 0.1875913 2.422421
v 5.960464E-06 0.6062233 2.464469
v 0.5377059 0.6419806 2.374853
v 5.960464E-06 0.5775616 2.55443
v 0.5054438 0.6567416 2.325195
v 0.8393304 0.6923089 2.24439
v 0.8201091 0.705915 2.147779
v 0.8690723 0.8363283 2.176975
v 0.8471409 0.8178473 2.131678
v 0.5535669 0.816637 2.276157
v 0.8690723 0.8363283 2.176975
v 0.8471409 0.8178473 2.131678
v 0.5565622 0.8156819 2.336146
v 0.3247821 0.8075016 2.409931
v 0.8037682 0.5606654 2.274472
v 0.894839 0.570096 2.208117
v 0.8737127 0.3031838 2.207197
v 0.7179075 0.3091292 2.279392
v 0.6506631 0.5418093 2.321485
v 0.6492631 0.2387896 2.32925
v 0.5237949 0.2123528 2.422566
v 5.960464E-06 0.2277288 2.531219
v 0.6953061 0.2134528 2.355102
v 5.960464E-06 0.2025273 2.568646
v 0.5237949 0.1875913 2.422421
v 5.960464E-06 0.2277288 2.531219
v 5.960464E-06 0.1822808 2.568661
v 0.5237949 0.1875913 2.422421
v 5.960464E-06 0.1822858 2.538714
v 0.5237949 0.1875913 2.422421
v 0.6588087 0.1880562 2.337781
v 0.6953061 0.1881812 2.354937
v 0.5935745 0.4222865 2.366023
v 5.960464E-06 0.4510884 2.534994
v 0.6127558 0.4673493 2.367423
v 5.960464E-06 0.4037952 2.519408
v 0.6492631 0.2387896 2.32925
v 0.6836303 0.2400947 2.306849
v 0.6812502 0.2390795 2.32527
v 0.6836303 0.2400947 2.306849
v 0.6492631 0.2387896 2.32925
v 0.5935745 0.4222865 2.366023
v 0.6127558 0.4673493 2.367423
v 0.6812502 0.2390795 2.32527
v 5.960464E-06 0.4081407 2.393875
v 0.5935745 0.4222865 2.366023
v 0.5214598 0.4061704 2.186501
v 5.960464E-06 0.4037952 2.519408
v 0.5214598 0.4061704 2.186501
v 0.6492631 0.2387896 2.32925
v 0.5486317 0.2773521 2.168345
v 0.5935745 0.4222865 2.366023
v 0.6492631 0.2387896 2.32925
v 5.960464E-06 0.2277288 2.531219
v 5.960464E-06 0.2396245 2.391424
v 0.5486317 0.2773521 2.168345
v 1.000061 0.2321091 1.990363
v 0.9690938 0.198267 1.989858
v 1.000061 0.198267 1.989858
v 1.000061 0.2321091 1.990363
v 0.9798396 0.2544706 1.991589
v 0.986145 0.1961367 2.066948
v 0.8768979 0.1921766 2.197001
v 0.8991793 0.1919665 2.217953
v 0.9571431 0.1963267 2.058238
v 0.9690938 0.198267 1.989858
v 1.000061 0.198267 1.989858
v 0.6953061 0.1881812 2.354937
v 0.8768979 0.1921766 2.197001
v 0.6588087 0.1880562 2.337781
v 0.8991793 0.1919665 2.217953
v 5.960464E-06 1.194617 -2.013852
v 0.4270337 1.149689 -2.202839
v 0.4049072 1.195637 -1.966044
v 5.960464E-06 1.145743 -2.275379
v 5.960464E-06 1.106261 -2.547426
v 0.5224948 1.120472 -2.44351
v 5.960464E-06 1.043802 -2.572023
v 0.388226 1.041937 -2.519429
v 5.960464E-06 0.9326797 -2.590169
v 0.3938265 0.9311695 -2.53334
v 0.755475 1.147309 -2.130894
v 0.7938075 1.135198 -2.323492
v 0.6983312 1.167865 -1.844216
v 0.8522213 1.144028 -2.109553
v 0.9031996 1.154929 -1.796963
v 0.9183055 1.152229 -1.52551
v 0.7606903 1.25335 -1.219485
v 0.9118202 1.116041 -1.228886
v 0.7925375 1.230289 -0.9993358
v 0.9027796 1.08922 -1.009907
v 0.9116101 1.029236 -0.7925124
v 0.9898202 0.8285079 -0.8060483
v 1.020012 0.8174021 -1.118754
v 1.013657 0.4564137 -0.971634
v 1.041999 0.7175157 -1.176452
v 1.015642 0.446043 -1.086026
v 0.8612069 1.107271 -0.740729
v 0.6454978 1.419806 -1.026358
v 0.7185125 1.378983 -0.7674408
v 0.6451128 1.455449 -0.7583451
v 0.7455794 1.365473 0.01529002
v 0.6861005 1.429777 0.02931595
v 0.6880006 1.400695 0.184876
v 0.7677608 1.327485 0.151989
v 0.786112 1.199447 0.5634007
v 0.8617918 1.125812 0.5095272
v 0.8887286 1.059188 0.647331
v 0.8226594 1.124297 0.6883087
v 0.9436972 1.031991 0.6997745
v 0.8800881 1.001449 0.8938172
v 5.960464E-06 1.484261 -0.7596853
v 5.960464E-06 1.460814 -1.072576
v 0.587249 1.408596 -1.226166
v 5.960464E-06 1.422791 -1.264258
v 0.5190697 1.412531 0.2221284
v 5.960464E-06 1.466294 0.06734347
v 5.960464E-06 1.429557 0.2709317
v 0.9807396 0.631115 -2.125739
v 1.001561 0.8701556 -1.926926
v 0.9661887 0.8775611 -2.105052
v 1.016297 0.6199644 -1.973179
v 1.031773 0.7657337 -1.864997
v 0.9440472 0.9522109 -2.094062
v 0.9968807 0.9753075 -1.747979
v 1.039178 0.8569746 -1.705402
v 0.9989158 1.01104 -1.52861
v 1.045209 0.8833714 -1.52877
v 1.007196 0.9624414 -1.305441
v 1.048389 0.8486443 -1.356239
v 0.8977243 1.08428 -2.083286
v 0.817929 1.039191 -2.370025
v 0.8717625 0.9450305 -2.385566
v 0.8093135 0.9255841 -2.401852
v 0.8093135 0.9255841 -2.401852
v 0.8587117 0.8675153 -2.426599
v 0.863957 0.631285 -2.427329
v 0.8602018 0.5752463 -2.423883
v 0.9125102 0.3777585 -2.152811
v 0.9673587 0.4459481 -2.010006
v 0.9281312 0.336761 -2.020932
v 0.9207357 0.2887828 -2.123629
v 0.9349517 0.2753918 -2.032803
v 0.8687873 0.3138344 -2.307211
v 0.8387054 0.4536786 -2.414853
v 0.8101585 0.3727982 -2.427078
v 0.8687873 0.3138344 -2.307211
v 0.7196326 0.4651341 -2.521565
v 0.7847569 0.459399 -2.484422
v 0.7661707 0.5577903 -2.517349
v 0.7258581 0.3647478 -2.455265
v 0.9695139 0.5100923 -0.6860905
v 1.013252 0.4406326 -0.6450379
v 0.9926103 0.3525469 -0.570823
v 0.9886051 0.3525469 -0.9479975
v 0.9573381 0.2382145 -0.9490376
v 0.9578432 0.2408147 -1.083316
v 0.9893101 0.3525469 -1.084791
v 0.9559129 0.2308791 -0.571923
v 0.9908752 0.3355608 0.002094269
v 0.9537679 0.2197883 0.001029015
v 0.9888902 0.3151846 0.7086852
v 0.9511327 0.2061174 0.7072349
v 0.4049072 1.195637 -1.966044
v 0.587249 1.408596 -1.226166
v 5.960464E-06 1.422791 -1.264258
v 0.6983312 1.167865 -1.844216
v 5.960464E-06 1.194617 -2.013852
v 0.7692009 0.8550646 -2.491003
v 0.4193931 0.6294298 -2.625496
v 0.7773314 0.6299798 -2.512044
v 0.4150379 0.8622 -2.593794
v 0.8093135 0.9255841 -2.401852
v 0.5624225 0.9125533 -2.502468
v 0.3211367 0.6752279 -2.613721
v 0.3433533 0.8485692 -2.60589
v 0.7661707 0.5577903 -2.517349
v 0.4193931 0.5592353 -2.616801
v 5.960464E-06 0.6505213 -2.67311
v 5.960464E-06 0.5597353 -2.671364
v 0.2657332 0.6580467 -2.622796
v 0.4104726 0.9130082 -2.540001
v 5.960464E-06 0.8708806 -2.647608
v 0.6344371 0.9257891 -2.459851
v 0.5774484 0.9352398 -2.485392
v 0.5933745 1.043512 -2.466566
v 0.631007 1.038382 -2.452865
v 0.817929 1.039191 -2.370025
v 5.960464E-06 0.8708806 -2.647608
v 5.960464E-06 0.8465941 -2.620531
v 0.3433533 0.8485692 -2.60589
v 0.7847569 0.459399 -2.484422
v 0.8101585 0.3727982 -2.427078
v 0.8387054 0.4536786 -2.414853
v 0.8602018 0.5752463 -2.423883
v 0.863957 0.631285 -2.427329
v 0.8587117 0.8675153 -2.426599
v 0.2657332 0.6580467 -2.622796
v 5.960464E-06 0.8465941 -2.620531
v 5.960464E-06 0.6478362 -2.602675
v 0.3433533 0.8485692 -2.60589
v 0.3211367 0.6752279 -2.613721
v 5.960464E-06 0.6505213 -2.67311
v 0.2657332 0.6580467 -2.622796
v 5.960464E-06 0.6478362 -2.602675
v 0.817929 1.039191 -2.370025
v 0.631007 1.038382 -2.452865
v 0.8093135 0.9255841 -2.401852
v 0.8093135 0.9255841 -2.401852
v 0.6344371 0.9257891 -2.459851
v 5.960464E-06 1.128692 1.030546
v 0.5744133 0.9982688 1.029971
v 0.508389 1.085845 1.032246
v 5.960464E-06 0.9852231 1.09181
v 0.8800881 1.001449 0.8938172
v 0.8652021 1.063693 0.8503392
v 0.5774484 0.9352398 -2.485392
v 0.5933745 1.043512 -2.466566
v 0.388226 1.041937 -2.519429
v 0.3938265 0.9311695 -2.53334
v 0.4104726 0.9130082 -2.540001
v 0.5624225 0.9125533 -2.502468
v 0.8800881 1.001449 0.8938172
v 0.5364757 1.226284 0.6129239
v 0.786112 1.199447 0.5634007
v 0.5744133 0.9982688 1.029971
v 5.960464E-06 1.240144 0.6636372
v 5.960464E-06 0.9852231 1.09181
v 5.960464E-06 1.429557 0.2709317
v 0.5190697 1.412531 0.2221284
v 0.5190697 1.412531 0.2221284
v 0.786112 1.199447 0.5634007
v 0.5364757 1.226284 0.6129239
v 0.6880006 1.400695 0.184876
v 0.3276372 1.135713 -2.420328
v 0.6142609 1.188821 -2.475002
v 0.5797737 1.142723 -2.361649
v 0.3071108 1.189131 -2.566768
v 5.960464E-06 1.136118 -2.452935
v 0.7800065 1.1773 -2.354294
v 0.7367737 1.144893 -2.29094
v 0.8409306 1.146638 -2.200664
v 5.960464E-06 1.187231 -2.59921
v 5.960464E-06 1.187231 -2.59921
v 5.960464E-06 1.143518 -2.569413
v 0.3071108 1.189131 -2.566768
v 5.960464E-06 1.136118 -2.452935
v 5.960464E-06 1.137953 -2.452915
v 5.960464E-06 1.187231 -2.59921
v 5.960464E-06 1.187231 -2.59921
v -0.3276253 1.135713 -2.420328
v -0.3070991 1.189131 -2.566768
v -0.614254 1.188821 -2.475002
v -0.5797617 1.142723 -2.361649
v -0.7799947 1.1773 -2.354294
v -0.7367618 1.144893 -2.29094
v -0.8409185 1.146638 -2.200664
v 5.960464E-06 1.187231 -2.59921
v 0.3071108 1.189131 -2.566768
v 0.4571657 1.112591 -2.474437
v 0.6142609 1.188821 -2.475002
v 0.7765213 1.134673 -2.348408
v 0.5797737 1.142723 -2.361649
v 0.7367737 1.144893 -2.29094
v 0.8409306 1.146638 -2.200664
v 0.7765213 1.134673 -2.348408
v 0.7800065 1.1773 -2.354294
v 5.960464E-06 1.143518 -2.569413
v 0.4571657 1.112591 -2.474437
v 0.4571657 1.112591 -2.474437
v 0.3276372 1.135713 -2.420328
v 0.5797737 1.142723 -2.361649
v 5.960464E-06 1.136118 -2.452935
v 0.4571657 1.112591 -2.474437
v 5.960464E-06 1.143518 -2.569413
v 0.3276372 1.135713 -2.420328
v 5.960464E-06 0.4081407 2.393875
v 0.5486317 0.2773521 2.168345
v 5.960464E-06 0.2396245 2.391424
v 0.5214598 0.4061704 2.186501
v 0.9281312 0.336761 -2.020932
v 0.9349517 0.2753918 -2.032803
v 0.5620625 0.5835218 -2.014327
v 0.5620625 0.2956781 -2.013932
v 0.9673587 0.4459481 -2.010006
v 1.016297 0.6199644 -1.973179
v 0.5620625 0.7883852 -1.887629
v 1.031773 0.7657337 -1.864997
v 1.039178 0.8569746 -1.705402
v 0.5620625 0.9123883 -1.531425
v 1.045209 0.8833714 -1.52877
v 1.048389 0.8486443 -1.356239
v 0.5620625 0.7332816 -1.158386
v 1.041999 0.7175157 -1.176452
v 1.015642 0.446043 -1.086026
v 0.5620625 0.3543072 -1.051119
v 0.9893101 0.3525469 -1.084791
v 0.9578432 0.2408147 -1.083316
v 0.5620625 0.2555556 -1.536896
v 0.5620625 0.2956781 -2.013932
v 5.960464E-06 0.230474 -0.386246
v 0.5620625 0.3543072 -1.051119
v 0.9537679 0.2197883 0.001029015
v 0.5620625 0.2044723 1.062433
v 0.9496826 0.1986868 1.08914
v 0.9578432 0.2408147 -1.083316
v 0.4798572 0.2845926 -2.355794
v 0.7956376 0.2994385 -2.350274
v 0.9349517 0.2753918 -2.032803
v 0.9207357 0.2887828 -2.123629
v 5.960464E-06 0.2994134 -2.423113
v 0.5620625 0.1809158 1.539414
v 0.5620625 0.2640462 2.02408
v 0.3117812 0.184531 2.459929
v 0.6588087 0.1880562 2.337781
v 5.960464E-06 0.1822858 2.538714
v 0.864732 0.2048924 2.218358
v 0.9571431 0.1963267 2.058238
v 0.5620625 0.2956781 -2.013932
v 0.5620625 0.2555556 -1.536896
v 0.5620625 0.5835218 -2.014327
v 0.5620625 0.7883852 -1.887629
v 0.5620625 0.2555556 -1.536896
v 0.5620625 0.9123883 -1.531425
v 0.5620625 0.5835218 -2.014327
v 0.5620625 0.7332816 -1.158386
v 0.5620625 0.3543072 -1.051119
v 1.041249 0.6289549 1.135643
v 0.5620625 0.2044723 1.062433
v 0.5620625 0.7131803 1.183871
v 1.009102 0.382869 1.094315
v 1.046454 0.7727492 1.263721
v 1.042839 0.8389435 1.39592
v 0.5620625 0.8725007 1.587002
v 1.036413 0.8503993 1.594432
v 1.027333 0.7844551 1.7909
v 0.5620625 0.6335852 1.965372
v 1.017652 0.614764 1.928444
v 0.5620625 0.2640462 2.02408
v 0.9940455 0.3411012 1.996253
v 0.9496826 0.1986868 1.08914
v 0.9798396 0.2544706 1.991589
v 0.9690938 0.198267 1.989858
v 0.9571431 0.1963267 2.058238
v 0.5620625 0.8725007 1.587002
v 0.5620625 0.1809158 1.539414
v 0.5620625 0.6335852 1.965372
v 0.5620625 0.7131803 1.183871
v 0.5620625 0.2044723 1.062433
v 0.5620625 0.2640462 2.02408
v 0.5038636 0.4998515 -2.59748
v 0.7196326 0.4651341 -2.521565
v 0.7661707 0.5577903 -2.517349
v 0.4193931 0.5592353 -2.616801
v 0.4356892 0.5061369 -2.615701
v 0.4798572 0.4859407 -2.598085
v 0.4328291 0.4503083 -2.595715
v 0.4798572 0.3597474 -2.525895
v 5.960464E-06 0.3603675 -2.594019
v 5.960464E-06 0.4507933 -2.653193
v 5.960464E-06 0.3312755 -2.549222
v 5.960464E-06 0.5087371 -2.67455
v 5.960464E-06 0.5597353 -2.671364
v 0.4356892 0.5061369 -2.615701
v 0.4798572 0.3306556 -2.481097
v 5.960464E-06 0.3312755 -2.549222
v 5.960464E-06 0.2994134 -2.423113
v 0.4798572 0.3597474 -2.525895
v 0.4798572 0.2845926 -2.355794
v 5.960464E-06 0.5078971 -2.582864
v 0.4356892 0.5061369 -2.615701
v 5.960464E-06 0.5087371 -2.67455
v 0.4356892 0.5061369 -2.615701
v 0.4058073 0.492141 -2.516629
v 0.4058073 0.492141 -2.516629
v 0.4328291 0.4503083 -2.595715
v 5.960464E-06 0.4499583 -2.561497
v 0.4328291 0.4503083 -2.595715
v 0.3952067 0.460494 -2.507279
v 0.4058073 0.492141 -2.516629
v 0.4328291 0.4503083 -2.595715
v 5.960464E-06 0.4507933 -2.653193
v 0.5904593 0.491631 -2.315591
v 0.7258581 0.3647478 -2.455265
v 0.7196326 0.4651341 -2.521565
v 0.7956376 0.2994385 -2.350274
v 0.5038636 0.4998515 -2.59748
v 0.5904593 0.491631 -2.315591
v 0.4798572 0.4859407 -2.598085
v 0.5904593 0.491631 -2.315591
v 0.5904593 0.491631 -2.315591
v 0.4798572 0.3597474 -2.525895
v 0.4798572 0.2845926 -2.355794
v 0.4798572 0.3306556 -2.481097
v 0.7258581 0.3647478 -2.455265
v 0.7956376 0.2994385 -2.350274
v 0.8101585 0.3727982 -2.427078
v 0.8687873 0.3138344 -2.307211
v 0.9207357 0.2887828 -2.123629
v 0.8687873 0.3138344 -2.307211
v 0.3952067 0.460494 -2.507279
v 5.960464E-06 0.5078971 -2.582864
v 5.960464E-06 0.4499583 -2.561497
v 0.4058073 0.492141 -2.516629
v 0.5904593 0.491631 -2.315591
v 0.4798572 0.2845926 -2.355794
v 0.7956376 0.2994385 -2.350274
v 0.5054438 0.6567416 2.325195
v 0.8471409 0.8178473 2.131678
v 0.8201091 0.705915 2.147779
v 0.5535669 0.816637 2.276157
v 5.960464E-06 0.7110553 2.502091
v 0.5054438 0.6567416 2.325195
v 5.960464E-06 0.6062233 2.464469
v 0.3247821 0.8075016 2.409931
v 0.5535669 0.816637 2.276157
v 5.960464E-06 0.7956157 2.489106
v 0.2346861 0.4419878 2.504002
v 5.960464E-06 0.5766416 2.56344
v 0.2346861 0.5766416 2.504002
v 5.960464E-06 0.4419878 2.56344
v 0.4810622 0.4095006 -2.548877
v 0.4969232 0.4436028 -2.566928
v 0.4969232 0.4436028 -2.318506
v 0.4810622 0.4095006 -2.318506
v 0.4969232 0.3754034 -2.535331
v 0.5352206 0.4577289 -2.318506
v 0.5352206 0.4577289 -2.573453
v 0.4969232 0.3754034 -2.318506
v 0.5352206 0.3612776 -2.53099
v 0.5352206 0.3612776 -2.318506
v 0.4969232 0.4436028 -2.566928
v 0.5352206 0.4095006 -2.505269
v 0.5352206 0.4577289 -2.573453
v 0.4810622 0.4095006 -2.548877
v 0.4969232 0.3754034 -2.535331
v 0.5352206 0.3612776 -2.53099
v 0.5735083 0.4436028 -2.566928
v 0.5735083 0.4436028 -2.318506
v 0.5352206 0.4577289 -2.318506
v 0.5893743 0.4095006 -2.548877
v 0.5893743 0.4095006 -2.318506
v 0.5735083 0.3754034 -2.535331
v 0.5352206 0.4577289 -2.573453
v 0.5352206 0.4095006 -2.505269
v 0.5735083 0.3754034 -2.318506
v 0.5352206 0.3612776 -2.53099
v 0.5352206 0.3612776 -2.318506
v 0.5893743 0.4095006 -2.548877
v 0.5352206 0.4095006 -2.505269
v 0.5735083 0.3754034 -2.535331
v 0.5735083 0.4436028 -2.566928
v 0.5352206 0.3612776 -2.53099
v 0.6078403 0.4095006 -2.548877
v 0.6078403 0.4095006 -2.318506
v 0.6237013 0.3754034 -2.535331
v 0.6237013 0.4436028 -2.318506
v 0.6237013 0.4436028 -2.566928
v 0.661994 0.4577289 -2.318506
v 0.661994 0.4577289 -2.573453
v 0.6237013 0.3754034 -2.318506
v 0.661994 0.3612776 -2.53099
v 0.661994 0.3612776 -2.318506
v 0.6237013 0.4436028 -2.566928
v 0.661994 0.4095006 -2.505269
v 0.661994 0.4577289 -2.573453
v 0.6078403 0.4095006 -2.548877
v 0.6237013 0.3754034 -2.535331
v 0.661994 0.3612776 -2.53099
v 0.7002864 0.4436028 -2.566928
v 0.7002864 0.4436028 -2.318506
v 0.661994 0.4577289 -2.318506
v 0.7161474 0.4095006 -2.548877
v 0.7161474 0.4095006 -2.318506
v 0.7002864 0.3754034 -2.535331
v 0.661994 0.4577289 -2.573453
v 0.661994 0.4095006 -2.505269
v 0.7002864 0.3754034 -2.318506
v 0.661994 0.3612776 -2.53099
v 0.661994 0.3612776 -2.318506
v 0.7161474 0.4095006 -2.548877
v 0.661994 0.4095006 -2.505269
v 0.7002864 0.3754034 -2.535331
v 0.7002864 0.4436028 -2.566928
v 0.661994 0.3612776 -2.53099
v 0.8409306 1.146638 -2.200664
v 0.7800065 1.1773 -2.354294
v 0.7765213 1.134673 -2.348408
v -0.1723652 0.7417023 -0.5637527
v -0.2282689 0.446008 -0.2392414
v -0.1350029 0.801096 -0.3787255
v -0.2282689 0.446008 -0.2392414
v -0.1887264 0.3338606 -0.3350377
v -0.1605794 0.3617976 0.09440517
v -0.1426084 0.5431292 0.1007056
v -0.2207184 0.4683545 0.2702715
v -0.2207184 0.4683545 0.2702715
v -0.4605639 0.3740983 0.2323091
v -0.4605639 0.5122223 0.1094213
v -0.1426084 0.5431292 0.1007056
v -0.2207184 0.4683545 0.2702715
v -0.4605639 0.4466331 -0.2385113
v -0.2565906 0.8094666 -0.3955066
v -0.4605639 0.8068213 -0.4333241
v -0.4605639 0.4673295 0.3053188
v -0.2207184 0.4683545 0.2702715
v -0.4605639 0.3740983 0.2323091
v -0.3579473 1.218203 -0.7086719
v -0.3222399 1.103716 -0.5743883
v -0.3588123 1.275107 -0.5783384
v -0.4605639 1.274217 -0.708517
v -0.4605639 1.331515 -0.5781934
v -0.3222399 1.103716 -0.5743883
v -0.3142545 1.09594 -0.6700444
v -0.1723652 0.7417023 -0.5637527
v -0.1350029 0.801096 -0.3787255
v -0.4605639 1.104091 -0.5724232
v -0.4605639 0.8068213 -0.4333241
v -0.2565906 0.8094666 -0.3955066
v -0.1350029 0.801096 -0.3787255
v -0.4605639 0.3740983 0.2323091
v -0.1605794 0.3617976 0.09440517
v -0.4605639 0.3285103 -0.4958282
v -0.1887264 0.3338606 -0.3350377
v -0.4605639 0.3285103 -0.4958282
v -0.1723652 0.7417023 -0.5637527
v -0.4605639 1.274217 -0.708517
v -0.3579473 1.218203 -0.7086719
v -0.3142545 1.09594 -0.6700444
v -0.3142545 1.09594 -0.6700444
v -0.4605639 0.3285103 -0.4958282
v -0.1723652 0.7417023 -0.5637527
v -0.2282689 0.446008 -0.2392414
v -0.2565906 0.8094666 -0.3955066
v -0.1350029 0.801096 -0.3787255
v -0.7487626 0.7417023 -0.5637527
v -0.6928639 0.446008 -0.2392414
v -0.7324016 0.3338606 -0.3350377
v -0.7605534 0.3617976 0.09440517
v -0.6928639 0.446008 -0.2392414
v -0.7861302 0.801096 -0.3787255
v -0.7785196 0.5431292 0.1007056
v -0.7004094 0.4683545 0.2702715
v -0.7004094 0.4683545 0.2702715
v -0.4605639 0.3740983 0.2323091
v -0.4605639 0.5122223 0.1094213
v -0.7785196 0.5431292 0.1007056
v -0.7004094 0.4683545 0.2702715
v -0.4605639 0.4466331 -0.2385113
v -0.6645422 0.8094666 -0.3955066
v -0.7861302 0.801096 -0.3787255
v -0.4605639 0.8068213 -0.4333241
v -0.4605639 0.4673295 0.3053188
v -0.7004094 0.4683545 0.2702715
v -0.4605639 0.3740983 0.2323091
v -0.5988879 1.103716 -0.5743883
v -0.5631807 1.218203 -0.7086719
v -0.5623155 1.275107 -0.5783384
v -0.4605639 1.274217 -0.708517
v -0.4605639 1.331515 -0.5781934
v -0.5988879 1.103716 -0.5743883
v -0.6068785 1.09594 -0.6700444
v -0.7487626 0.7417023 -0.5637527
v -0.7861302 0.801096 -0.3787255
v -0.4605639 1.104091 -0.5724232
v -0.4605639 0.8068213 -0.4333241
v -0.6645422 0.8094666 -0.3955066
v -0.7861302 0.801096 -0.3787255
v -0.4605639 0.3740983 0.2323091
v -0.4605639 0.3285103 -0.4958282
v -0.7605534 0.3617976 0.09440517
v -0.7324016 0.3338606 -0.3350377
v -0.4605639 0.3285103 -0.4958282
v -0.7487626 0.7417023 -0.5637527
v -0.6068785 1.09594 -0.6700444
v -0.7487626 0.7417023 -0.5637527
v -0.5631807 1.218203 -0.7086719
v -0.4605639 1.274217 -0.708517
v -1.022686 0.8448339 1.210988
v -1.041237 0.6289549 1.135643
v -1.036676 0.6599419 1.059198
v -1.046442 0.7727492 1.263721
v -1.034711 0.7749543 0.7433424
v -1.009279 0.3872292 0.9906583
v -1.006604 0.4005601 0.7166655
v -0.9130933 1.037736 1.131697
v -0.9436853 1.031991 0.6997745
v -0.8651903 1.063693 0.8503392
v -0.9017277 1.012975 1.527788
v -0.9777875 0.9603565 1.527788
v -0.9813628 0.8440988 1.880871
v -0.8505993 0.9414902 1.991724
v -1.036401 0.8503993 1.594432
v -0.8800762 1.001449 0.8938172
v -1.042827 0.8389435 1.39592
v -0.3796437 1.068629 1.483951
v -0.3607225 0.94068 2.202552
v -0.5083821 1.085845 1.032246
v 5.960464E-06 1.128692 1.030546
v 5.960464E-06 1.110106 1.344121
v 5.960464E-06 1.087425 1.627345
v -0.2800572 1.073764 1.680108
v -0.3022137 1.054063 1.836103
v -0.2688265 1.030081 1.980153
v 5.960464E-06 1.033831 2.019185
v 5.960464E-06 0.936425 2.284662
v 5.960464E-06 1.079444 1.70847
v -0.3247702 0.8075016 2.409931
v -0.5565503 0.8156819 2.336146
v -0.8690655 0.8363283 2.176975
v -0.9174335 0.8038912 2.144713
v -0.9913185 0.6195743 2.062458
v 5.960464E-06 0.7956157 2.489106
v -1.01763 0.6223245 1.971817
v -0.9811378 0.3400011 2.066833
v -0.9940336 0.3411012 1.996253
v -0.8948321 0.570096 2.208117
v -0.8737059 0.3031838 2.207197
v -0.8810163 0.2460101 2.199542
v -0.971092 0.2535806 2.063973
v -0.9798326 0.2544706 1.991589
v -1.01764 0.614764 1.928444
v -1.027321 0.7844551 1.7909
v -0.8991675 0.2204533 2.218243
v -0.986248 0.228169 2.067383
v -1.000054 0.2321091 1.990363
v -0.9861381 0.1961367 2.066948
v -0.8991675 0.1919665 2.217953
v -1.000054 0.198267 1.989858
v -1.000054 0.2321091 1.990363
v -1.009089 0.382869 1.094315
v -0.9881232 0.307199 0.9887333
v -0.9496758 0.1986868 1.08914
v -0.9888833 0.3151846 0.7086852
v -0.9511209 0.2061174 0.7072349
v -0.9500558 0.2006621 0.9877732
v 5.960464E-06 0.8452039 2.32699
v -0.3022137 1.054063 1.836103
v 5.960464E-06 1.061258 1.863265
v -0.6506512 0.5418093 2.321485
v -0.8393235 0.6923089 2.24439
v -0.5713212 0.6132689 2.39655
v -0.8037562 0.5606654 2.274472
v -0.8948321 0.570096 2.208117
v -0.6127489 0.4673493 2.367423
v 5.960464E-06 0.5061669 2.550205
v 5.960464E-06 0.5775616 2.55443
v -0.537699 0.6419806 2.374853
v 5.960464E-06 0.4510884 2.534994
v -0.7178957 0.3091292 2.279392
v -0.6812382 0.2390795 2.32527
v -0.8810163 0.2460101 2.199542
v -0.8737059 0.3031838 2.207197
v -0.6952991 0.2134528 2.355102
v -0.8991675 0.2204533 2.218243
v -0.6492512 0.2387896 2.32925
v -0.8991675 0.1919665 2.217953
v -0.6952991 0.1881812 2.354937
v -0.523788 0.2123528 2.422566
v -0.523788 0.1875913 2.422421
v 5.960464E-06 0.6062233 2.464469
v -0.537699 0.6419806 2.374853
v -0.5054319 0.6567416 2.325195
v 5.960464E-06 0.5775616 2.55443
v -0.8393235 0.6923089 2.24439
v -0.8200972 0.705915 2.147779
v -0.8690655 0.8363283 2.176975
v -0.8471291 0.8178473 2.131678
v -0.55356 0.816637 2.276157
v -0.8471291 0.8178473 2.131678
v -0.8690655 0.8363283 2.176975
v -0.5565503 0.8156819 2.336146
v -0.3247702 0.8075016 2.409931
v -0.8037562 0.5606654 2.274472
v -0.8737059 0.3031838 2.207197
v -0.8948321 0.570096 2.208117
v -0.7178957 0.3091292 2.279392
v -0.6506512 0.5418093 2.321485
v -0.6492512 0.2387896 2.32925
v -0.523788 0.2123528 2.422566
v -0.6952991 0.2134528 2.355102
v 5.960464E-06 0.2277288 2.531219
v 5.960464E-06 0.2025273 2.568646
v 5.960464E-06 0.2277288 2.531219
v -0.523788 0.1875913 2.422421
v 5.960464E-06 0.1822808 2.568661
v -0.523788 0.1875913 2.422421
v 5.960464E-06 0.1822858 2.538714
v -0.6587968 0.1880562 2.337781
v -0.523788 0.1875913 2.422421
v -0.6952991 0.1881812 2.354937
v -0.5935676 0.4222865 2.366023
v 5.960464E-06 0.4510884 2.534994
v 5.960464E-06 0.4037952 2.519408
v -0.6127489 0.4673493 2.367423
v -0.6492512 0.2387896 2.32925
v -0.6836185 0.2400947 2.306849
v -0.5935676 0.4222865 2.366023
v -0.6127489 0.4673493 2.367423
v -0.6812382 0.2390795 2.32527
v -0.6836185 0.2400947 2.306849
v -0.6492512 0.2387896 2.32925
v -0.6812382 0.2390795 2.32527
v 5.960464E-06 0.4081407 2.393875
v -0.5935676 0.4222865 2.366023
v 5.960464E-06 0.4037952 2.519408
v -0.5214479 0.4061704 2.186501
v -0.5214479 0.4061704 2.186501
v -0.6492512 0.2387896 2.32925
v -0.5935676 0.4222865 2.366023
v -0.5486197 0.2773521 2.168345
v -0.6492512 0.2387896 2.32925
v 5.960464E-06 0.2396245 2.391424
v 5.960464E-06 0.2277288 2.531219
v -0.5486197 0.2773521 2.168345
v -1.000054 0.2321091 1.990363
v -0.9690819 0.198267 1.989858
v -0.9798326 0.2544706 1.991589
v -1.000054 0.2321091 1.990363
v -1.000054 0.198267 1.989858
v -0.9861381 0.1961367 2.066948
v -0.8768909 0.1921766 2.197001
v -0.9571362 0.1963267 2.058238
v -0.8991675 0.1919665 2.217953
v -0.9690819 0.198267 1.989858
v -1.000054 0.198267 1.989858
v -0.6952991 0.1881812 2.354937
v -0.8768909 0.1921766 2.197001
v -0.8991675 0.1919665 2.217953
v -0.6587968 0.1880562 2.337781
v 5.960464E-06 1.194617 -2.013852
v -0.4270217 1.149689 -2.202839
v 5.960464E-06 1.145743 -2.275379
v -0.4049003 1.195637 -1.966044
v 5.960464E-06 1.106261 -2.547426
v -0.5224879 1.120472 -2.44351
v 5.960464E-06 1.043802 -2.572023
v -0.3882194 1.041937 -2.519429
v 5.960464E-06 0.9326797 -2.590169
v -0.3938146 0.9311695 -2.53334
v -0.7554631 1.147309 -2.130894
v -0.7937956 1.135198 -2.323492
v -0.6983244 1.167865 -1.844216
v -0.8522093 1.144028 -2.109553
v -0.9031928 1.154929 -1.796963
v -0.9182937 1.152229 -1.52551
v -0.7606785 1.25335 -1.219485
v -0.9118083 1.116041 -1.228886
v -0.7925305 1.230289 -0.9993358
v -0.9027727 1.08922 -1.009907
v -0.9116032 1.029236 -0.7925124
v -0.9898083 0.8285079 -0.8060483
v -1.02 0.8174021 -1.118754
v -1.013645 0.4564137 -0.971634
v -1.041987 0.7175157 -1.176452
v -1.01563 0.446043 -1.086026
v -0.86044 1.107271 -0.740729
v -0.6454859 1.419806 -1.026358
v -0.7180457 1.378983 -0.7674408
v -0.6451008 1.455449 -0.7583451
v -0.7449675 1.365473 0.01529002
v -0.6860886 1.429777 0.02931595
v -0.6879888 1.400695 0.184876
v -0.7672939 1.327485 0.151989
v -0.7861001 1.199447 0.5634007
v -0.861325 1.125812 0.5095272
v -0.8881118 1.059188 0.647331
v -0.8226476 1.124297 0.6883087
v -0.9436853 1.031991 0.6997745
v -0.8800762 1.001449 0.8938172
v 5.960464E-06 1.484261 -0.7596853
v 5.960464E-06 1.460814 -1.072576
v -0.5872421 1.408596 -1.226166
v 5.960464E-06 1.422791 -1.264258
v -0.5190578 1.412531 0.2221284
v 5.960464E-06 1.466294 0.06734347
v 5.960464E-06 1.429557 0.2709317
v -0.9807277 0.631115 -2.125739
v -1.001554 0.8701556 -1.926926
v -1.016285 0.6199644 -1.973179
v -0.9661767 0.8775611 -2.105052
v -1.031761 0.7657337 -1.864997
v -0.9440403 0.9522109 -2.094062
v -0.9968688 0.9753075 -1.747979
v -1.039166 0.8569746 -1.705402
v -0.998909 1.01104 -1.52861
v -1.045197 0.8833714 -1.52877
v -1.007185 0.9624414 -1.305441
v -1.048377 0.8486443 -1.356239
v -0.8977172 1.08428 -2.083286
v -0.8179171 1.039191 -2.370025
v -0.8717506 0.9450305 -2.385566
v -0.8093066 0.9255841 -2.401852
v -0.8587048 0.8675153 -2.426599
v -0.8093066 0.9255841 -2.401852
v -0.8639452 0.631285 -2.427329
v -0.8601899 0.5752463 -2.423883
v -0.9125032 0.3777585 -2.152811
v -0.9673469 0.4459481 -2.010006
v -0.9281194 0.336761 -2.020932
v -0.9207239 0.2887828 -2.123629
v -0.9349399 0.2753918 -2.032803
v -0.8687754 0.3138344 -2.307211
v -0.8386936 0.4536786 -2.414853
v -0.8101516 0.3727982 -2.427078
v -0.8687754 0.3138344 -2.307211
v -0.7956307 0.2994385 -2.350274
v -0.7258463 0.3647478 -2.455265
v -0.7196207 0.4651341 -2.521565
v -0.78475 0.459399 -2.484422
v -0.7661588 0.5577903 -2.517349
v -0.8687754 0.3138344 -2.307211
v -0.969502 0.5100923 -0.6860905
v -1.01324 0.4406326 -0.6450379
v -0.9921434 0.3525469 -0.570823
v -0.9885933 0.3525469 -0.9479975
v -0.9573312 0.2382145 -0.9490376
v -0.9578311 0.2408147 -1.083316
v -0.9892983 0.3525469 -1.084791
v -0.9559011 0.2308791 -0.571923
v -0.9908683 0.3355608 0.002094269
v -0.9537609 0.2197883 0.001029015
v -0.9888833 0.3151846 0.7086852
v -0.9511209 0.2061174 0.7072349
v -0.4049003 1.195637 -1.966044
v -0.5872421 1.408596 -1.226166
v -0.6983244 1.167865 -1.844216
v 5.960464E-06 1.422791 -1.264258
v 5.960464E-06 1.194617 -2.013852
v -0.7691889 0.8550646 -2.491003
v -0.4193814 0.6294298 -2.625496
v -0.4150259 0.8622 -2.593794
v -0.7773194 0.6299798 -2.512044
v -0.8093066 0.9255841 -2.401852
v -0.5624106 0.9125533 -2.502468
v -0.3211248 0.6752279 -2.613721
v -0.3433414 0.8485692 -2.60589
v -0.7661588 0.5577903 -2.517349
v -0.4193814 0.5592353 -2.616801
v 5.960464E-06 0.6505213 -2.67311
v 5.960464E-06 0.5597353 -2.671364
v -0.2657263 0.6580467 -2.622796
v -0.4104607 0.9130082 -2.540001
v 5.960464E-06 0.8708806 -2.647608
v -0.6344302 0.9257891 -2.459851
v -0.5774364 0.9352398 -2.485392
v -0.5933626 1.043512 -2.466566
v -0.630995 1.038382 -2.452865
v -0.8179171 1.039191 -2.370025
v 5.960464E-06 0.8708806 -2.647608
v -0.3433414 0.8485692 -2.60589
v 5.960464E-06 0.8465941 -2.620531
v -0.78475 0.459399 -2.484422
v -0.8386936 0.4536786 -2.414853
v -0.8101516 0.3727982 -2.427078
v -0.8601899 0.5752463 -2.423883
v -0.8639452 0.631285 -2.427329
v -0.8587048 0.8675153 -2.426599
v -0.2657263 0.6580467 -2.622796
v 5.960464E-06 0.8465941 -2.620531
v -0.3433414 0.8485692 -2.60589
v 5.960464E-06 0.6478362 -2.602675
v -0.3211248 0.6752279 -2.613721
v 5.960464E-06 0.6505213 -2.67311
v 5.960464E-06 0.6478362 -2.602675
v -0.2657263 0.6580467 -2.622796
v -0.8179171 1.039191 -2.370025
v -0.8093066 0.9255841 -2.401852
v -0.630995 1.038382 -2.452865
v -0.8093066 0.9255841 -2.401852
v -0.6344302 0.9257891 -2.459851
v 5.960464E-06 1.128692 1.030546
v -0.5744064 0.9982688 1.029971
v 5.960464E-06 0.9852231 1.09181
v -0.5083821 1.085845 1.032246
v -0.8800762 1.001449 0.8938172
v -0.8651903 1.063693 0.8503392
v -0.5774364 0.9352398 -2.485392
v -0.3882194 1.041937 -2.519429
v -0.5933626 1.043512 -2.466566
v -0.3938146 0.9311695 -2.53334
v -0.4104607 0.9130082 -2.540001
v -0.5624106 0.9125533 -2.502468
v -0.8800762 1.001449 0.8938172
v -0.536464 1.226284 0.6129239
v -0.5744064 0.9982688 1.029971
v -0.7861001 1.199447 0.5634007
v 5.960464E-06 1.240144 0.6636372
v 5.960464E-06 0.9852231 1.09181
v 5.960464E-06 1.429557 0.2709317
v -0.5190578 1.412531 0.2221284
v -0.6879888 1.400695 0.184876
v 5.960464E-06 1.187231 -2.59921
v -0.3070991 1.189131 -2.566768
v 5.960464E-06 1.143518 -2.569413
v -0.3070991 1.189131 -2.566768
v -0.614254 1.188821 -2.475002
v -0.4571538 1.112591 -2.474437
v -0.7765145 1.134673 -2.348408
v -0.5797617 1.142723 -2.361649
v -0.7367618 1.144893 -2.29094
v -0.8409185 1.146638 -2.200664
v -0.7765145 1.134673 -2.348408
v -0.7799947 1.1773 -2.354294
v -0.4571538 1.112591 -2.474437
v 5.960464E-06 1.143518 -2.569413
v -0.4571538 1.112591 -2.474437
v -0.5797617 1.142723 -2.361649
v -0.3276253 1.135713 -2.420328
v 5.960464E-06 1.136118 -2.452935
v -0.4571538 1.112591 -2.474437
v -0.3276253 1.135713 -2.420328
v 5.960464E-06 1.143518 -2.569413
v 5.960464E-06 0.4081407 2.393875
v -0.5486197 0.2773521 2.168345
v -0.5214479 0.4061704 2.186501
v 5.960464E-06 0.2396245 2.391424
v -0.9281194 0.336761 -2.020932
v -0.5620506 0.5835218 -2.014327
v -0.9349399 0.2753918 -2.032803
v -0.5620506 0.2956781 -2.013932
v -0.9673469 0.4459481 -2.010006
v -1.016285 0.6199644 -1.973179
v -0.5620506 0.7883852 -1.887629
v -1.031761 0.7657337 -1.864997
v -1.039166 0.8569746 -1.705402
v -0.5620506 0.9123883 -1.531425
v -1.045197 0.8833714 -1.52877
v -1.048377 0.8486443 -1.356239
v -0.5620506 0.7332816 -1.158386
v -1.041987 0.7175157 -1.176452
v -1.01563 0.446043 -1.086026
v -0.5620506 0.3543072 -1.051119
v -0.9892983 0.3525469 -1.084791
v -0.9578311 0.2408147 -1.083316
v -0.5620506 0.2555556 -1.536896
v -0.5620506 0.2956781 -2.013932
v -0.5620506 0.5835218 -2.014327
v -0.5620506 0.2956781 -2.013932
v -0.5620506 0.2555556 -1.536896
v 5.960464E-06 0.230474 -0.386246
v -0.5620506 0.3543072 -1.051119
v -0.9537609 0.2197883 0.001029015
v -0.5620506 0.2044723 1.062433
v -0.9496758 0.1986868 1.08914
v -0.9578311 0.2408147 -1.083316
v -0.4798503 0.2845926 -2.355794
v -0.7956307 0.2994385 -2.350274
v -0.9349399 0.2753918 -2.032803
v -0.9207239 0.2887828 -2.123629
v 5.960464E-06 0.2994134 -2.423113
v -0.5620506 0.1809158 1.539414
v -0.5620506 0.2640462 2.02408
v -0.3117692 0.184531 2.459929
v -0.6587968 0.1880562 2.337781
v 5.960464E-06 0.1822858 2.538714
v -0.8647201 0.2048924 2.218358
v -0.9571362 0.1963267 2.058238
v -0.5620506 0.7883852 -1.887629
v -0.5620506 0.2555556 -1.536896
v -0.5620506 0.5835218 -2.014327
v -0.5620506 0.9123883 -1.531425
v -0.5620506 0.7332816 -1.158386
v -0.5620506 0.3543072 -1.051119
v -1.041237 0.6289549 1.135643
v -0.5620506 0.2044723 1.062433
v -1.009089 0.382869 1.094315
v -0.5620506 0.7131803 1.183871
v -1.046442 0.7727492 1.263721
v -1.042827 0.8389435 1.39592
v -0.5620506 0.8725007 1.587002
v -1.036401 0.8503993 1.594432
v -1.027321 0.7844551 1.7909
v -0.5620506 0.6335852 1.965372
v -1.01764 0.614764 1.928444
v -0.5620506 0.2640462 2.02408
v -0.9940336 0.3411012 1.996253
v -0.9496758 0.1986868 1.08914
v -0.9798326 0.2544706 1.991589
v -0.9690819 0.198267 1.989858
v -0.9571362 0.1963267 2.058238
v -0.5620506 0.8725007 1.587002
v -0.5620506 0.1809158 1.539414
v -0.5620506 0.7131803 1.183871
v -0.5620506 0.6335852 1.965372
v -0.5620506 0.2044723 1.062433
v -0.5620506 0.2640462 2.02408
v -0.5038517 0.4998515 -2.59748
v -0.7661588 0.5577903 -2.517349
v -0.7196207 0.4651341 -2.521565
v -0.4193814 0.5592353 -2.616801
v -0.4356773 0.5061369 -2.615701
v -0.4798503 0.4859407 -2.598085
v -0.4328222 0.4503083 -2.595715
v -0.4798503 0.3597474 -2.525895
v 5.960464E-06 0.3603675 -2.594019
v 5.960464E-06 0.4507933 -2.653193
v 5.960464E-06 0.3312755 -2.549222
v 5.960464E-06 0.5087371 -2.67455
v -0.4356773 0.5061369 -2.615701
v 5.960464E-06 0.5597353 -2.671364
v -0.4798503 0.3306556 -2.481097
v 5.960464E-06 0.3312755 -2.549222
v -0.4798503 0.3597474 -2.525895
v 5.960464E-06 0.2994134 -2.423113
v -0.4798503 0.2845926 -2.355794
v 5.960464E-06 0.5078971 -2.582864
v -0.4356773 0.5061369 -2.615701
v -0.4057953 0.492141 -2.516629
v -0.4356773 0.5061369 -2.615701
v 5.960464E-06 0.5087371 -2.67455
v -0.4328222 0.4503083 -2.595715
v -0.4057953 0.492141 -2.516629
v 5.960464E-06 0.4499583 -2.561497
v -0.4328222 0.4503083 -2.595715
v 5.960464E-06 0.4507933 -2.653193
v -0.4328222 0.4503083 -2.595715
v -0.3951948 0.460494 -2.507279
v -0.4057953 0.492141 -2.516629
v -0.5904474 0.491631 -2.315591
v -0.7196207 0.4651341 -2.521565
v -0.7258463 0.3647478 -2.455265
v -0.7956307 0.2994385 -2.350274
v -0.5038517 0.4998515 -2.59748
v -0.5904474 0.491631 -2.315591
v -0.5904474 0.491631 -2.315591
v -0.4798503 0.4859407 -2.598085
v -0.5904474 0.491631 -2.315591
v -0.4798503 0.3597474 -2.525895
v -0.4798503 0.2845926 -2.355794
v -0.4798503 0.3306556 -2.481097
v -0.3951948 0.460494 -2.507279
v 5.960464E-06 0.5078971 -2.582864
v -0.4057953 0.492141 -2.516629
v 5.960464E-06 0.4499583 -2.561497
v -0.5904474 0.491631 -2.315591
v -0.7956307 0.2994385 -2.350274
v -0.4798503 0.2845926 -2.355794
v -0.5054319 0.6567416 2.325195
v -0.8471291 0.8178473 2.131678
v -0.55356 0.816637 2.276157
v -0.8200972 0.705915 2.147779
v 5.960464E-06 0.7110553 2.502091
v 5.960464E-06 0.6062233 2.464469
v -0.5054319 0.6567416 2.325195
v -0.3247702 0.8075016 2.409931
v -0.55356 0.816637 2.276157
v 5.960464E-06 0.7956157 2.489106
v -0.2346742 0.4419878 2.504002
v 5.960464E-06 0.5766416 2.56344
v 5.960464E-06 0.4419878 2.56344
v -0.2346742 0.5766416 2.504002
v -0.4810553 0.4095006 -2.548877
v -0.4969163 0.4436028 -2.318506
v -0.4969163 0.4436028 -2.566928
v -0.4810553 0.4095006 -2.318506
v -0.4969163 0.3754034 -2.535331
v -0.5352087 0.4577289 -2.318506
v -0.5352087 0.4577289 -2.573453
v -0.4969163 0.3754034 -2.318506
v -0.5352087 0.3612776 -2.53099
v -0.5352087 0.3612776 -2.318506
v -0.4969163 0.4436028 -2.566928
v -0.5352087 0.4095006 -2.505269
v -0.4810553 0.4095006 -2.548877
v -0.5352087 0.4577289 -2.573453
v -0.4969163 0.3754034 -2.535331
v -0.5352087 0.3612776 -2.53099
v -0.5735013 0.4436028 -2.566928
v -0.5735013 0.4436028 -2.318506
v -0.5893624 0.4095006 -2.548877
v -0.5352087 0.4577289 -2.318506
v -0.5893624 0.4095006 -2.318506
v -0.5735013 0.3754034 -2.535331
v -0.5352087 0.4577289 -2.573453
v -0.5352087 0.4095006 -2.505269
v -0.5735013 0.3754034 -2.318506
v -0.5352087 0.3612776 -2.53099
v -0.5352087 0.3612776 -2.318506
v -0.5893624 0.4095006 -2.548877
v -0.5352087 0.4095006 -2.505269
v -0.5735013 0.4436028 -2.566928
v -0.5735013 0.3754034 -2.535331
v -0.5352087 0.3612776 -2.53099
v -0.6078286 0.4095006 -2.548877
v -0.6078286 0.4095006 -2.318506
v -0.6236897 0.4436028 -2.318506
v -0.6236897 0.3754034 -2.535331
v -0.6236897 0.4436028 -2.566928
v -0.6619871 0.4577289 -2.318506
v -0.6619871 0.4577289 -2.573453
v -0.6236897 0.3754034 -2.318506
v -0.6619871 0.3612776 -2.53099
v -0.6619871 0.3612776 -2.318506
v -0.6236897 0.4436028 -2.566928
v -0.6619871 0.4095006 -2.505269
v -0.6078286 0.4095006 -2.548877
v -0.6619871 0.4577289 -2.573453
v -0.6236897 0.3754034 -2.535331
v -0.6619871 0.3612776 -2.53099
v -0.7002795 0.4436028 -2.566928
v -0.7002795 0.4436028 -2.318506
v -0.7161405 0.4095006 -2.548877
v -0.6619871 0.4577289 -2.318506
v -0.7161405 0.4095006 -2.318506
v -0.7002795 0.3754034 -2.535331
v -0.6619871 0.4577289 -2.573453
v -0.6619871 0.4095006 -2.505269
v -0.7002795 0.3754034 -2.318506
v -0.6619871 0.3612776 -2.53099
v -0.6619871 0.3612776 -2.318506
v -0.7161405 0.4095006 -2.548877
v -0.6619871 0.4095006 -2.505269
v -0.7002795 0.4436028 -2.566928
v -0.7002795 0.3754034 -2.535331
v -0.6619871 0.3612776 -2.53099
v -0.8409185 1.146638 -2.200664
v -0.7765145 1.134673 -2.348408
v -0.7799947 1.1773 -2.354294
v -0.7180457 1.378983 -0.7674408
v -0.8784962 1.09121 -0.2036741
v -0.86044 1.107271 -0.740729
v -0.7449675 1.365473 0.01529002
v -0.7672939 1.327485 0.151989
v -0.8909769 1.074584 0.4887059
v -0.861325 1.125812 0.5095272
v -0.8881118 1.059188 0.647331
v -1.026366 0.7839699 0.4860756
v -0.9107683 1.029261 -0.7890822
v -0.9398301 1.032591 0.4882908
v -0.9889932 0.8283978 -0.802623
v -0.9427302 1.032001 0.6962893
v -1.033701 0.7750795 0.7398572
v -0.9964437 0.4241166 0.4826355
v -1.002214 0.4059553 0.7140455
v -1.009094 0.3955548 0.7123053
v -1.009645 0.4032052 0.4820004
v -0.9879832 0.3152795 0.7052
v -0.9884832 0.3212399 0.4813852
v -0.9921434 0.3525469 -0.570823
v -1.012325 0.4405177 -0.6416075
v -0.968677 0.5098472 -0.6826652
v -0.8784962 1.09121 -0.2036741
v -0.8909769 1.074584 0.4887059
v -0.86044 1.107271 -0.740729
v -0.8881118 1.059188 0.647331
v -0.9407952 1.070579 0.3448164
v -1.110541 1.0977 0.3622825
v -0.9278543 1.063453 0.399585
v -1.116842 1.102161 0.3021238
v -0.9519758 1.042662 0.4631641
v -0.9293144 1.041422 0.4273617
v -0.9451904 1.187226 0.3448114
v -1.110986 1.17266 0.3664329
v -1.09934 1.17624 0.3070741
v -0.9387951 1.183111 0.4025702
v -0.9184988 1.117552 0.3506868
v -0.9008424 1.094185 0.4175062
v -0.9315596 1.152409 0.4692795
v -0.8907619 1.070784 0.5126274
v -1.000439 1.076269 0.4884608
v -0.9205039 1.104596 0.5412142
v -0.9004476 1.044162 0.62976
v -0.925179 1.030921 0.5633957
v -0.9519758 1.042662 0.4631641
v -1.110541 1.0977 0.3622825
v -1.116842 1.102161 0.3021238
v -0.9293144 1.041422 0.4273617
v -0.9008424 1.094185 0.4175062
v -0.9278543 1.063453 0.399585
v -0.9184988 1.117552 0.3506868
v -0.9407952 1.070579 0.3448164
v -0.9184988 1.117552 0.3506868
v -1.116842 1.102161 0.3021238
v -0.9407952 1.070579 0.3448164
v -1.09934 1.17624 0.3070741
v -0.9451904 1.187226 0.3448114
v -0.2346742 0.660497 -2.625831
v 0.2346861 0.7951508 -2.625831
v -0.2346742 0.7951508 -2.625831
v 0.2346861 0.660497 -2.625831
v -0.003684282 1.524703 -1.126329
v -0.0168252 1.466439 -1.123679
v -0.003684282 1.519207 -1.14799
v -0.01736021 1.47686 -1.041023
v -0.02762079 1.47096 -1.030308
v -0.02695584 1.455423 -1.13736
v 0.003691196 1.524703 -1.126329
v 0.003691196 1.519207 -1.14799
v 0.01682711 1.466439 -1.123679
v 0.01736712 1.47686 -1.041023
v 0.02696276 1.455423 -1.13736
v 0.02762771 1.47096 -1.030308
v -0.02695584 1.428517 -1.137555
v 0.02696276 1.428517 -1.137555
v 0.02762771 1.444053 -1.030503
v -0.02762079 1.444053 -1.030503
v -0.02695584 1.455423 -1.13736
v -0.02762079 1.47096 -1.030308
v -0.02762079 1.444053 -1.030503
v -0.02695584 1.428517 -1.137555
v 0.02762771 1.47096 -1.030308
v 0.02696276 1.455423 -1.13736
v 0.02762771 1.444053 -1.030503
v 0.02696276 1.428517 -1.137555
vt 0.8501788 0.4535936
vt 0.8277221 0.4482382
vt 0.8226967 0.4150107
vt 0.8226967 0.4150107
vt 0.8608897 0.4169908
vt 0.839693 0.3608865
vt 0.8250969 0.3701122
vt 0.813621 0.3475805
vt 0.813621 0.3475805
vt 0.8249469 0.3422251
vt 0.80015 0.3697822
vt 0.8250969 0.3701122
vt 0.813621 0.3475805
vt 0.7778733 0.4147256
vt 0.8099458 0.4469781
vt 0.8277221 0.4482382
vt 0.7778733 0.445793
vt 0.7778733 0.3454804
vt 0.813621 0.3475805
vt 0.7974798 0.3295791
vt 0.7970298 0.5488959
vt 0.7942995 0.5427754
vt 0.8038253 0.5154883
vt 0.7778733 0.5497959
vt 0.7778733 0.5414703
vt 0.8038253 0.5154883
vt 0.8202816 0.524999
vt 0.8361828 0.4966769
vt 0.8214967 0.4841359
vt 0.7778733 0.5124731
vt 0.7778733 0.4913965
vt 0.8035403 0.4881862
vt 0.8214967 0.4841359
vt 0.7146885 0.3058923
vt 0.7411955 0.4316619
vt 0.6943769 0.3266989
vt 0.7025976 0.3867935
vt 0.7411955 0.4316619
vt 0.7018926 0.4287967
vt 0.7257894 0.5044775
vt 0.7065879 0.4765753
vt 0.7268844 0.5355749
vt 0.7411955 0.5397902
vt 0.8501788 0.4535936
vt 0.8608897 0.4169908
vt 0.8226967 0.4150107
vt 0.839693 0.3608865
vt 0.8226967 0.4150107
vt 0.8277221 0.4482382
vt 0.8249619 0.3688071
vt 0.813621 0.3475805
vt 0.8249469 0.3422251
vt 0.813621 0.3475805
vt 0.80015 0.3697822
vt 0.8249619 0.3688071
vt 0.813621 0.3475805
vt 0.7778733 0.4147256
vt 0.8099458 0.4469781
vt 0.8277221 0.4482382
vt 0.7778733 0.445793
vt 0.813621 0.3475805
vt 0.7778733 0.3454804
vt 0.7974798 0.3295791
vt 0.8038253 0.5154883
vt 0.7942995 0.5427754
vt 0.7970298 0.5488959
vt 0.7778733 0.5497959
vt 0.7778733 0.5414703
vt 0.8038253 0.5154883
vt 0.8202816 0.524999
vt 0.8361828 0.4966769
vt 0.8214967 0.4841359
vt 0.7778733 0.5124731
vt 0.7778733 0.4913965
vt 0.8035403 0.4881862
vt 0.8214967 0.4841359
vt 0.7146885 0.3058923
vt 0.6943769 0.3266989
vt 0.7411955 0.4316619
vt 0.7025976 0.3867935
vt 0.7411955 0.4316619
vt 0.7018926 0.4287967
vt 0.7065879 0.4765753
vt 0.7257894 0.5044775
vt 0.7268844 0.5355749
vt 0.7411955 0.5397902
vt 0.2369921 0.7090781
vt 0.2528933 0.7090781
vt 0.2528933 0.73467
vt 0.2372021 0.7375953
vt 0.2700846 0.73467
vt 0.2700846 0.7090781
vt 0.2203858 0.7090781
vt 0.2203858 0.73467
vt 0.4110804 0.7554766
vt 0.4110804 0.7673875
vt 0.3822932 0.7673875
vt 0.3822932 0.7554766
vt 0.3500857 0.7673875
vt 0.3500857 0.7554766
vt 0.327134 0.7678375
vt 0.3155981 0.7554766
vt 0.2979867 0.7673875
vt 0.2979867 0.7554766
vt 0.2635891 0.7673875
vt 0.2635891 0.7554766
vt 0.2314717 0.7673875
vt 0.2314717 0.7554766
vt 0.2187957 0.7554766
vt 0.2187957 0.7673875
vt 0.6608344 0.7172987
vt 0.7025076 0.7616871
vt 0.6456982 0.7779933
vt 0.7006325 0.7193239
vt 0.5950244 0.6332923
vt 0.6232715 0.6360975
vt 0.5948893 0.786694
vt 0.2528933 0.73467
vt 0.2528933 0.7090781
vt 0.2369921 0.7090781
vt 0.2367821 0.7375053
vt 0.2700846 0.73467
vt 0.2700846 0.7090781
vt 0.2203858 0.7090781
vt 0.2203858 0.73467
vt 0.3822932 0.7673875
vt 0.4110804 0.7673875
vt 0.4110804 0.7554766
vt 0.3822932 0.7554766
vt 0.3500857 0.7673875
vt 0.3500857 0.7554766
vt 0.327164 0.7690377
vt 0.3155981 0.7554766
vt 0.2979867 0.7673875
vt 0.2979867 0.7554766
vt 0.2635891 0.7673875
vt 0.2635891 0.7554766
vt 0.2314717 0.7673875
vt 0.2314717 0.7554766
vt 0.2187957 0.7554766
vt 0.2187957 0.7673875
vt 0.6456982 0.7779933
vt 0.7028226 0.761192
vt 0.6609544 0.7174787
vt 0.7006325 0.7193239
vt 0.5950244 0.6332923
vt 0.6232715 0.6360975
vt 0.5948893 0.786694
vt 0.07828002 0.4554988
vt 0.07828002 0.4764853
vt 0.01404512 0.4554538
vt 0.03953206 0.5002172
vt 0.07828002 0.5024974
vt 0.02352584 0.432607
vt 0.07828002 0.432592
vt 0.01287503 0.432487
vt 0.01287503 0.4019897
vt 0.02477093 0.4025747
vt 0.1716171 0.5119781
vt 0.1929038 0.4673646
vt 0.2177906 0.4673946
vt 0.2245862 0.4673946
vt 0.1362894 0.4673946
vt 0.1716171 0.5119781
vt 0.1201932 0.4673946
vt 0.1491904 0.4673946
vt 0.1929038 0.4673646
vt 0.1266887 0.6780707
vt 0.1121076 0.6999724
vt 0.1160979 0.6606994
vt 0.1340243 0.6507236
vt 0.1796727 0.6644947
vt 0.2029845 0.7069929
vt 0.1340243 0.6507236
vt 0.1768375 0.6605944
vt 0.2029845 0.6672999
vt 0.2029845 0.6240816
vt 0.1982892 0.6193712
vt 0.103992 0.6641946
vt 0.1074872 0.6471834
vt 0.1120776 0.6451732
vt 0.1323441 0.629392
vt 0.1405798 0.6108956
vt 0.1880884 0.6110906
vt 0.1646866 0.5459706
vt 0.1352843 0.5928792
vt 0.1880884 0.6110906
vt 0.1768375 0.6605944
vt 0.1796727 0.6644947
vt 0.1880884 0.6110906
vt 0.09271111 0.6906117
vt 0.1054321 0.7031526
vt 0.09847155 0.7074879
vt 0.09271111 0.6906117
vt 0.3606765 0.7206889
vt 0.3606765 0.707683
vt 0.3713873 0.7037827
vt 0.3820831 0.7132934
vt 0.3829982 0.7229841
vt 0.367397 0.7369802
vt 0.3862985 0.7335749
vt 0.3692872 0.7408805
vt 0.3590864 0.7022825
vt 0.09271111 0.6906117
vt 0.1121076 0.6999724
vt 0.1054321 0.7031526
vt 0.07828002 0.4554988
vt 0.01404512 0.4554538
vt 0.07828002 0.4764853
vt 0.03953206 0.5002172
vt 0.07828002 0.5024974
vt 0.02324082 0.432502
vt 0.07828002 0.432592
vt 0.01287503 0.432487
vt 0.01287503 0.4019897
vt 0.02477093 0.4025747
vt 0.2177906 0.4673946
vt 0.1929038 0.4673646
vt 0.1716171 0.5119781
vt 0.2245862 0.4673946
vt 0.1362894 0.4673946
vt 0.1201932 0.4673946
vt 0.1716171 0.5119781
vt 0.1491904 0.4673946
vt 0.1929038 0.4673646
vt 0.1160979 0.6606994
vt 0.1117326 0.7000174
vt 0.1266887 0.6780707
vt 0.1340243 0.6507236
vt 0.1796727 0.6644947
vt 0.103992 0.6641946
vt 0.1074872 0.6471834
vt 0.1120776 0.6451732
vt 0.1340243 0.6507236
vt 0.1768375 0.6605944
vt 0.1323441 0.629392
vt 0.1405798 0.6108956
vt 0.1880884 0.6110906
vt 0.1646866 0.5459706
vt 0.1352843 0.5928792
vt 0.09271111 0.6906117
vt 0.08492552 0.7125583
vt 0.1768375 0.6605944
vt 0.1880884 0.6110906
vt 0.1982892 0.6193712
vt 0.2029845 0.6240816
vt 0.2029845 0.6672999
vt 0.1880884 0.6110906
vt 0.2029845 0.7069929
vt 0.1117326 0.7000174
vt 0.1796727 0.6644947
vt 0.3713873 0.7037827
vt 0.3606765 0.707683
vt 0.3606765 0.7206889
vt 0.3820831 0.7132934
vt 0.3829982 0.7229841
vt 0.367397 0.7369802
vt 0.3862985 0.7335749
vt 0.3692872 0.7408805
vt 0.3590864 0.7022825
vt 0.2029845 0.7069929
vt 0.1357044 0.5365349
vt 0.1121076 0.6999724
vt 0.2008094 0.6131757
vt 0.1117326 0.7000174
vt 0.2008094 0.6131757
vt 0.2029845 0.7069929
vt 0.2008094 0.6131757
vt 0.1117326 0.7000174
vt 0.1319391 0.6880915
vt 0.7200889 0.1877884
vt 0.7102332 0.2213309
vt 0.7290746 0.1988742
vt 0.6983823 0.2171756
vt 0.6494935 0.2020995
vt 0.6898766 0.2593888
vt 0.6481884 0.2595388
vt 0.7056728 0.1529707
vt 0.6404778 0.1608763
vt 0.6625745 0.1461452
vt 0.7658724 0.1513206
vt 0.7671925 0.1657817
vt 0.8235818 0.1720822
vt 0.8370378 0.143565
vt 0.7802885 0.183723
vt 0.6622445 0.1493854
vt 0.7482311 0.1889285
vt 0.7586868 0.07104947
vt 0.8698003 0.06909931
vt 0.6899966 0.09086598
vt 0.6892766 0.0125
vt 0.7370702 0.01257501
vt 0.7801985 0.01269502
vt 0.7881941 0.05528326
vt 0.8119859 0.05873352
vt 0.8341876 0.05408317
vt 0.8578894 0.0282662
vt 0.8403981 0.01317505
vt 0.8837364 0.01472017
vt 0.7925295 0.01367009
vt 0.9080682 0.06677414
vt 0.8951973 0.1016818
vt 0.8720655 0.1502855
vt 0.8677002 0.1614914
vt 0.8601996 0.195589
vt 0.9217793 0.0177054
vt 0.8465785 0.2005993
vt 0.8773759 0.2344269
vt 0.8670851 0.2386872
vt 0.8829863 0.1863333
vt 0.904768 0.2295515
vt 0.9063881 0.2371721
vt 0.8829413 0.2465478
vt 0.8705804 0.2530883
vt 0.8407731 0.2040796
vt 0.812931 0.1868433
vt 0.9092833 0.2416875
vt 0.8844714 0.2507331
vt 0.8737906 0.2548735
vt 0.8862866 0.2551285
vt 0.9107984 0.2458728
vt 0.8754858 0.2597938
vt 0.8737906 0.2548735
vt 0.7056728 0.2592838
vt 0.6902816 0.2719748
vt 0.7064979 0.288686
vt 0.6476784 0.2730998
vt 0.6483834 0.2906962
vt 0.6910767 0.2891811
vt 0.5055126 0.6276069
vt 0.4970969 0.6870714
vt 0.4514934 0.6870714
vt 0.4667646 0.6276519
vt 0.4970969 0.6870714
vt 0.4514934 0.6870714
vt 0.5027823 0.6640896
vt 0.4417727 0.6640896
vt 0.5480708 0.6640896
vt 0.4667646 0.6276519
vt 0.8354777 0.04581754
vt 0.8341876 0.05408317
vt 0.8403981 0.01317505
vt 0.8403981 0.01317505
vt 0.8341876 0.05408317
vt 0.5027823 0.6640896
vt 0.4667646 0.6276519
vt 0.5480708 0.6640896
vt 0.4970969 0.6870714
vt 0.4667646 0.6276519
vt 0.4514934 0.6870714
vt 0.4417727 0.6640896
vt 0.9175339 0.1468052
vt 0.8951973 0.1459802
vt 0.9021428 0.1623314
vt 0.9270897 0.1245285
vt 0.9228744 0.1059721
vt 0.9376805 0.117313
vt 0.9661977 0.025581
vt 0.9558769 0.02198072
vt 0.918089 0.1003767
vt 0.9740433 0.02886625
vt 0.957242 0.1468502
vt 0.970578 0.1430999
vt 0.9581721 0.1768825
vt 0.9513165 0.1725772
vt 0.9765785 0.1448851
vt 0.9630774 0.1795827
vt 0.970893 0.1381496
vt 0.9672927 0.1809778
vt 0.9800887 0.1459802
vt 0.9845741 0.1180931
vt 0.9883844 0.1193831
vt 0.4165708 0.7952896
vt 0.3638718 0.7921844
vt 0.4180559 0.7891242
vt 0.3623717 0.7970148
vt 0.3316793 0.7921844
vt 0.3300742 0.7981699
vt 0.3177133 0.7914793
vt 0.3189283 0.7987699
vt 0.2862408 0.7980348
vt 0.3177133 0.7914793
vt 0.3189283 0.7987699
vt 0.2848907 0.7921844
vt 0.2611739 0.7921844
vt 0.2239711 0.9391806
vt 0.2381322 0.9390306
vt 0.2338869 0.9757684
vt 0.2101851 0.9749433
vt 0.2020244 0.9385206
vt 0.9477763 0.2562836
vt 0.9542868 0.236092
vt 0.9546768 0.1854782
vt 0.9511665 0.2565686
vt 0.957197 0.1854782
vt 0.957272 0.236092
vt 0.9546768 0.1854782
vt 0.9582921 0.1854782
vt 0.957272 0.236092
vt 0.9598972 0.1854782
vt 0.957272 0.236092
vt 0.9583821 0.236092
vt 0.957377 0.2456478
vt 0.9339902 0.2453928
vt 0.9403807 0.1854782
vt 0.9302999 0.2457828
vt 0.943786 0.1854782
vt 0.9925847 0.103992
vt 0.9908895 0.1071722
vt 0.9912946 0.1063172
vt 0.9908895 0.1071722
vt 0.9925847 0.103992
vt 0.9805838 0.09437624
vt 0.9769835 0.09479628
vt 0.9910996 0.1064372
vt 0.5735728 0.7001824
vt 0.5211887 0.7158736
vt 0.524879 0.6998824
vt 0.5735728 0.7158736
vt 0.524879 0.6998824
vt 0.5047475 0.7165636
vt 0.5031874 0.6985623
vt 0.5211887 0.7158736
vt 0.5047475 0.7165636
vt 0.4432878 0.7158736
vt 0.4432878 0.7001824
vt 0.5031874 0.6985623
vt 0.8737906 0.2548735
vt 0.8743907 0.262284
vt 0.8754858 0.2597938
vt 0.8737906 0.2548735
vt 0.8705804 0.2530883
vt 0.8862866 0.2551285
vt 0.9114735 0.2505981
vt 0.9107984 0.2458728
vt 0.8883718 0.2597938
vt 0.8743907 0.262284
vt 0.8754858 0.2597938
vt 0.9800887 0.1459802
vt 0.9719881 0.1813979
vt 0.9857742 0.144075
vt 0.9672927 0.1809778
vt 0.9805838 0.7518913
vt 0.9057431 0.7935345
vt 0.904828 0.7530465
vt 0.9805838 0.7959947
vt 0.9805838 0.8353727
vt 0.891747 0.8353727
vt 0.9805838 0.8611897
vt 0.9158838 0.8611897
vt 0.9805838 0.891792
vt 0.9163939 0.891792
vt 0.8501788 0.7904893
vt 0.8374879 0.8282772
vt 0.8546792 0.7413905
vt 0.8201765 0.7879841
vt 0.8058954 0.7364702
vt 0.8045604 0.6913017
vt 0.839288 0.6405228
vt 0.8026702 0.6419629
vt 0.8324925 0.60392
vt 0.8005701 0.6056902
vt 0.7919894 0.5692974
vt 0.7543815 0.5701825
vt 0.747481 0.6219965
vt 0.6887815 0.5929992
vt 0.7284746 0.6312221
vt 0.6847762 0.6122757
vt 0.8096907 0.5604917
vt 0.8718855 0.6098305
vt 0.8617747 0.5658771
vt 0.8779309 0.5659822
vt 0.8688703 0.4356822
vt 0.8861966 0.4362373
vt 0.8888818 0.4105703
vt 0.8689753 0.4108703
vt 0.8795961 0.3394799
vt 0.8570943 0.3415801
vt 0.8572894 0.314578
vt 0.8768809 0.3155981
vt 0.8643399 0.3047673
vt 0.8761908 0.2868859
vt 0.9873943 0.5809833
vt 0.9873943 0.6321972
vt 0.8776909 0.6438831
vt 0.9793537 0.6633096
vt 0.918299 0.4085752
vt 0.9915346 0.445013
vt 0.9873943 0.4114704
vt 0.7225941 0.7988899
vt 0.7573817 0.7600819
vt 0.7627822 0.7901742
vt 0.7166986 0.773133
vt 0.7381353 0.7510813
vt 0.7753831 0.787789
vt 0.7720829 0.7288796
vt 0.7503762 0.7223241
vt 0.7764932 0.6917968
vt 0.7533914 0.6919467
vt 0.7692777 0.6538739
vt 0.747946 0.6623345
vt 0.7974798 0.787789
vt 0.79985 0.8354477
vt 0.7819836 0.8374879
vt 0.7833638 0.8442534
vt 0.7833638 0.8442534
vt 0.7703277 0.8469986
vt 0.7310247 0.852579
vt 0.721574 0.8536291
vt 0.6810259 0.813246
vt 0.6884215 0.7858989
vt 0.6700301 0.7925295
vt 0.6548939 0.8148361
vt 0.642773 0.7967598
vt 0.6618845 0.8370978
vt 0.7010224 0.8564493
vt 0.6740954 0.8671751
vt 0.6618845 0.8370978
vt 0.6701201 0.904528
vt 0.6777707 0.8943872
vt 0.6832161 0.9023228
vt 0.6569341 0.8854315
vt 0.7026876 0.5462857
vt 0.6888716 0.5390701
vt 0.6744704 0.5259891
vt 0.6705701 0.5878989
vt 0.6511737 0.5866838
vt 0.6497936 0.6082704
vt 0.669175 0.6104755
vt 0.6536939 0.524684
vt 0.6773807 0.4313769
vt 0.6573991 0.4302818
vt 0.6809809 0.314683
vt 0.6618845 0.313798
vt 0.3266239 0.5018973
vt 0.3619816 0.3609765
vt 0.2546634 0.3606915
vt 0.3817531 0.4899264
vt 0.2522933 0.5018973
vt 0.8462785 0.9086833
vt 0.9140987 0.9541968
vt 0.8431883 0.9541968
vt 0.9140987 0.9069431
vt 0.8417932 0.8977025
vt 0.8852815 0.8958723
vt 0.9235944 0.9423308
vt 0.9263396 0.9087583
vt 0.8441184 0.9643375
vt 0.9140987 0.9637975
vt 0.9807038 0.9504315
vt 0.9806288 0.9639175
vt 0.9293998 0.9504765
vt 0.9141887 0.8958723
vt 0.9805838 0.905173
vt 0.8699954 0.8910269
vt 0.8810962 0.8904869
vt 0.8801211 0.8623148
vt 0.8778859 0.8640549
vt 0.8403531 0.8639799
vt 0.9805838 0.905173
vt 0.9805388 0.9091783
vt 0.9263396 0.9087583
vt 0.8412831 0.9845741
vt 0.839888 0.9955999
vt 0.8330925 0.9849791
vt 0.8273771 0.9637975
vt 0.8279771 0.9541968
vt 0.8333775 0.9086833
vt 0.5079728 0.774078
vt 0.4766954 0.7949896
vt 0.4766954 0.774078
vt 0.5164934 0.7949896
vt 0.5137482 0.7765382
vt 0.445568 0.7583718
vt 0.4778205 0.7601269
vt 0.445478 0.7623621
vt 0.5329196 0.5071477
vt 0.4298468 0.5080028
vt 0.5297094 0.4523335
vt 0.5297094 0.4523335
vt 0.4306268 0.4632093
vt 0.446288 0.6396828
vt 0.5229589 0.6240666
vt 0.510718 0.6329923
vt 0.445988 0.6240816
vt 0.5629219 0.6314322
vt 0.5615419 0.6344474
vt 0.5344048 0.3769828
vt 0.5345998 0.4247914
vt 0.4314819 0.4247914
vt 0.4314819 0.3734725
vt 0.4400926 0.3645768
vt 0.5221938 0.3645768
vt 0.2431876 0.3105877
vt 0.3028921 0.4163758
vt 0.2431876 0.4163758
vt 0.3028921 0.3105877
vt 0.4177709 0.4163758
vt 0.4177709 0.3105877
vt 0.4177709 0.5094729
vt 0.3028921 0.5094729
vt 0.3028921 0.5094729
vt 0.2431876 0.4163758
vt 0.3028921 0.4163758
vt 0.2431876 0.5094729
vt 0.7102182 0.9408307
vt 0.7240942 0.8851765
vt 0.7404905 0.8995926
vt 0.6873864 0.9274797
vt 0.6879115 0.9814988
vt 0.7552966 0.8674452
vt 0.7630972 0.8795961
vt 0.7845788 0.8689753
vt 0.6597843 0.9738783
vt 0.6597843 0.9738783
vt 0.680966 0.9499214
vt 0.6873864 0.9274797
vt 0.6879115 0.9814988
vt 0.6841912 0.9852791
vt 0.6597843 0.9738783
vt 0.6597843 0.9738783
vt 0.7102182 0.9408307
vt 0.6873864 0.9274797
vt 0.7240942 0.8851765
vt 0.7404905 0.8995926
vt 0.7552966 0.8674452
vt 0.7630972 0.8795961
vt 0.7845788 0.8689753
vt 0.6597843 0.9738783
vt 0.721439 0.9472212
vt 0.747451 0.9319801
vt 0.7497912 0.9128986
vt 0.7847738 0.8972824
vt 0.7782784 0.9207742
vt 0.7989649 0.9040029
vt 0.8235818 0.8941922
vt 0.7847738 0.8972824
vt 0.7832887 0.8966824
vt 0.721394 0.9633924
vt 0.747451 0.9319801
vt 0.747451 0.9319801
vt 0.7574418 0.9534767
vt 0.7782784 0.9207742
vt 0.7458909 0.9882793
vt 0.747451 0.9319801
vt 0.721394 0.9633924
vt 0.7574418 0.9534767
vt 0.5345998 0.9026978
vt 0.2831656 0.8491737
vt 0.5354849 0.8317724
vt 0.2835706 0.8943422
vt 0.07999015 0.7307847
vt 0.08389045 0.7497011
vt 0.02208573 0.7831987
vt 0.02208573 0.7965947
vt 0.07999015 0.7246943
vt 0.07999015 0.7155886
vt 0.02208573 0.7516813
vt 0.07999015 0.7044727
vt 0.07999015 0.6889765
vt 0.02208573 0.6778757
vt 0.07999015 0.6667898
vt 0.07999015 0.6437781
vt 0.02208573 0.6052701
vt 0.07999015 0.6052701
vt 0.07999015 0.5548813
vt 0.02208573 0.537375
vt 0.07969012 0.5389801
vt 0.07999015 0.5198836
vt 0.5586766 0.5629969
vt 0.5987897 0.5630869
vt 0.4623093 0.5982046
vt 0.5187736 0.5629969
vt 0.4298918 0.5302945
vt 0.34098 0.5630869
vt 0.3387899 0.5304894
vt 0.5206787 0.5298894
vt 0.6264368 0.5703475
vt 0.6265268 0.5437955
vt 0.5993147 0.5313445
vt 0.6086304 0.5335047
vt 0.6328872 0.6102955
vt 0.300987 0.5629969
vt 0.2601389 0.5629969
vt 0.2238811 0.5839986
vt 0.2339919 0.5549713
vt 0.2172956 0.6100705
vt 0.2439826 0.537585
vt 0.2573787 0.5298894
vt 0.5987897 0.5630869
vt 0.5586766 0.5629969
vt 0.6008298 0.5630869
vt 0.5879889 0.524999
vt 0.603485 0.4695848
vt 0.5575965 0.4958968
vt 0.6089904 0.5271742
vt 0.5483858 0.4548837
vt 0.5670922 0.4273866
vt 0.08239033 0.7320898
vt 0.01418013 0.8010951
vt 0.01418013 0.721199
vt 0.08239033 0.7698777
vt 0.08239033 0.7037827
vt 0.08239033 0.6788958
vt 0.01418013 0.6540839
vt 0.08239033 0.6539789
vt 0.08239033 0.6249967
vt 0.01418013 0.5848836
vt 0.08239033 0.5879889
vt 0.01418013 0.5277743
vt 0.08239033 0.5435705
vt 0.08239033 0.8010951
vt 0.08239033 0.5290943
vt 0.08239033 0.5196736
vt 0.0793451 0.5187736
vt 0.5575965 0.4958968
vt 0.603485 0.4695848
vt 0.5483858 0.4548837
vt 0.5879889 0.524999
vt 0.6279819 0.5137932
vt 0.5599817 0.4310769
vt 0.2503881 0.6278769
vt 0.2175956 0.629587
vt 0.2121352 0.6229415
vt 0.2687495 0.6214864
vt 0.2643842 0.6278769
vt 0.2543784 0.6340874
vt 0.2670994 0.6409879
vt 0.2543784 0.6609994
vt 0.3439952 0.6609994
vt 0.3439952 0.6409879
vt 0.3439952 0.6706752
vt 0.3432152 0.6278769
vt 0.3432152 0.6210814
vt 0.2690795 0.6278769
vt 0.2543784 0.6706752
vt 0.3439952 0.6706752
vt 0.3439952 0.6976772
vt 0.2543784 0.6609994
vt 0.2554285 0.6906867
vt 0.577278 0.7324948
vt 0.5152933 0.7205989
vt 0.577278 0.7205989
vt 0.5152933 0.7205989
vt 0.5123381 0.7326149
vt 0.5123381 0.7326149
vt 0.5031874 0.7205989
vt 0.4435878 0.7324948
vt 0.5031874 0.7205989
vt 0.5008172 0.7320148
vt 0.5123381 0.7326149
vt 0.5031874 0.7205989
vt 0.4435878 0.7205989
vt 0.4741002 0.800045
vt 0.4972469 0.8119859
vt 0.4879762 0.8174163
vt 0.497712 0.8030902
vt 0.4664946 0.8234768
vt 0.4741002 0.800045
vt 0.4639744 0.8233718
vt 0.4741002 0.800045
vt 0.4741002 0.800045
vt 0.4528885 0.8169963
vt 0.4521835 0.8025502
vt 0.4503834 0.813186
vt 0.6569341 0.8854315
vt 0.6497335 0.8490688
vt 0.6740954 0.8671751
vt 0.6618845 0.8370978
vt 0.6548939 0.8148361
vt 0.6618845 0.8370978
vt 0.4005496 0.8089557
vt 0.3494857 0.8150911
vt 0.3494857 0.8076806
vt 0.4006396 0.8114909
vt 0.641933 0.5584366
vt 0.6264368 0.5703475
vt 0.6265268 0.5437955
vt 0.3723474 0.9270897
vt 0.2473279 0.9849341
vt 0.2611739 0.9401857
vt 0.3574813 0.9889844
vt 0.6339673 0.9506115
vt 0.4252715 0.9272247
vt 0.6419629 0.918239
vt 0.511168 0.9806437
vt 0.3775828 0.9874843
vt 0.6391727 0.9875893
vt 0.5364899 0.3103027
vt 0.4820958 0.340965
vt 0.5364899 0.340965
vt 0.4820958 0.3103027
vt 0.3593864 0.6471834
vt 0.353491 0.6342974
vt 0.431992 0.6342974
vt 0.431992 0.6471834
vt 0.3637968 0.6600993
vt 0.431992 0.6202713
vt 0.3515858 0.6202713
vt 0.431992 0.6600993
vt 0.3648768 0.6740954
vt 0.431992 0.6740954
vt 0.4279867 0.7581768
vt 0.4386975 0.747391
vt 0.4381874 0.7626922
vt 0.4236813 0.747391
vt 0.4271916 0.7363802
vt 0.4386975 0.7307847
vt 0.353491 0.6342974
vt 0.431992 0.6342974
vt 0.431992 0.6202713
vt 0.3593864 0.6471834
vt 0.431992 0.6471834
vt 0.3637968 0.6600993
vt 0.3515858 0.6202713
vt 0.3730375 0.6260167
vt 0.431992 0.6600993
vt 0.3648768 0.6740954
vt 0.431992 0.6740954
vt 0.4236813 0.747391
vt 0.4386975 0.747391
vt 0.4271916 0.7363802
vt 0.4279867 0.7581768
vt 0.4386975 0.7307847
vt 0.3593864 0.6471834
vt 0.431992 0.6471834
vt 0.3637968 0.6600993
vt 0.431992 0.6342974
vt 0.353491 0.6342974
vt 0.431992 0.6202713
vt 0.3515858 0.6202713
vt 0.431992 0.6600993
vt 0.3648768 0.6740954
vt 0.431992 0.6740954
vt 0.4279867 0.7581768
vt 0.4386975 0.747391
vt 0.4381874 0.7626922
vt 0.4236813 0.747391
vt 0.4271916 0.7363802
vt 0.4386975 0.7307847
vt 0.353491 0.6342974
vt 0.431992 0.6342974
vt 0.431992 0.6202713
vt 0.3593864 0.6471834
vt 0.431992 0.6471834
vt 0.3637968 0.6600993
vt 0.3515858 0.6202713
vt 0.3730375 0.6260167
vt 0.431992 0.6600993
vt 0.3648768 0.6740954
vt 0.431992 0.6740954
vt 0.4236813 0.747391
vt 0.4386975 0.747391
vt 0.4271916 0.7363802
vt 0.4279867 0.7581768
vt 0.4386975 0.7307847
vt 0.7845788 0.8689753
vt 0.7552966 0.8674452
vt 0.761282 0.8690503
vt 0.8501788 0.4535936
vt 0.8226967 0.4150107
vt 0.8277221 0.4482382
vt 0.8226967 0.4150107
vt 0.8608897 0.4169908
vt 0.839693 0.3608865
vt 0.8250969 0.3701122
vt 0.813621 0.3475805
vt 0.813621 0.3475805
vt 0.8249469 0.3422251
vt 0.80015 0.3697822
vt 0.8250969 0.3701122
vt 0.813621 0.3475805
vt 0.7778733 0.4147256
vt 0.8099458 0.4469781
vt 0.7778733 0.445793
vt 0.7778733 0.3454804
vt 0.813621 0.3475805
vt 0.7974798 0.3295791
vt 0.7970298 0.5488959
vt 0.8038253 0.5154883
vt 0.7942995 0.5427754
vt 0.7778733 0.5497959
vt 0.7778733 0.5414703
vt 0.8038253 0.5154883
vt 0.8202816 0.524999
vt 0.8361828 0.4966769
vt 0.8214967 0.4841359
vt 0.7778733 0.5124731
vt 0.7778733 0.4913965
vt 0.8035403 0.4881862
vt 0.8214967 0.4841359
vt 0.7146885 0.3058923
vt 0.6943769 0.3266989
vt 0.7411955 0.4316619
vt 0.7025976 0.3867935
vt 0.7411955 0.4316619
vt 0.7018926 0.4287967
vt 0.7411955 0.5397902
vt 0.7268844 0.5355749
vt 0.7257894 0.5044775
vt 0.7257894 0.5044775
vt 0.7411955 0.4316619
vt 0.7065879 0.4765753
vt 0.8226967 0.4150107
vt 0.8099458 0.4469781
vt 0.8277221 0.4482382
vt 0.8501788 0.4535936
vt 0.8226967 0.4150107
vt 0.8608897 0.4169908
vt 0.839693 0.3608865
vt 0.8226967 0.4150107
vt 0.8277221 0.4482382
vt 0.8249619 0.3688071
vt 0.813621 0.3475805
vt 0.813621 0.3475805
vt 0.8249469 0.3422251
vt 0.80015 0.3697822
vt 0.8249619 0.3688071
vt 0.813621 0.3475805
vt 0.7778733 0.4147256
vt 0.8099458 0.4469781
vt 0.8277221 0.4482382
vt 0.7778733 0.445793
vt 0.7778733 0.3454804
vt 0.813621 0.3475805
vt 0.7974798 0.3295791
vt 0.8038253 0.5154883
vt 0.7970298 0.5488959
vt 0.7942995 0.5427754
vt 0.7778733 0.5497959
vt 0.7778733 0.5414703
vt 0.8038253 0.5154883
vt 0.8202816 0.524999
vt 0.8361828 0.4966769
vt 0.8214967 0.4841359
vt 0.7778733 0.5124731
vt 0.7778733 0.4913965
vt 0.8035403 0.4881862
vt 0.8214967 0.4841359
vt 0.7146885 0.3058923
vt 0.7411955 0.4316619
vt 0.6943769 0.3266989
vt 0.7025976 0.3867935
vt 0.7411955 0.4316619
vt 0.7018926 0.4287967
vt 0.7257894 0.5044775
vt 0.7065879 0.4765753
vt 0.7268844 0.5355749
vt 0.7411955 0.5397902
vt 0.7200889 0.1877884
vt 0.7102332 0.2213309
vt 0.6983823 0.2171756
vt 0.7290746 0.1988742
vt 0.6494935 0.2020995
vt 0.6898766 0.2593888
vt 0.6481884 0.2595388
vt 0.7056728 0.1529707
vt 0.6404778 0.1608763
vt 0.6625745 0.1461452
vt 0.7658724 0.1513206
vt 0.7671925 0.1657817
vt 0.8235818 0.1720822
vt 0.8370378 0.143565
vt 0.7802885 0.183723
vt 0.6622445 0.1493854
vt 0.7482311 0.1889285
vt 0.7586868 0.07104947
vt 0.8698003 0.06909931
vt 0.6899966 0.09086598
vt 0.6892766 0.0125
vt 0.7370702 0.01257501
vt 0.7801985 0.01269502
vt 0.7881941 0.05528326
vt 0.8119859 0.05873352
vt 0.8341876 0.05408317
vt 0.8403981 0.01317505
vt 0.8837364 0.01472017
vt 0.7925295 0.01367009
vt 0.9080682 0.06677414
vt 0.8951973 0.1016818
vt 0.8720655 0.1502855
vt 0.8677002 0.1614914
vt 0.8601996 0.195589
vt 0.9217793 0.0177054
vt 0.8465785 0.2005993
vt 0.8773759 0.2344269
vt 0.8670851 0.2386872
vt 0.8829863 0.1863333
vt 0.904768 0.2295515
vt 0.9063881 0.2371721
vt 0.8829413 0.2465478
vt 0.8705804 0.2530883
vt 0.8407731 0.2040796
vt 0.812931 0.1868433
vt 0.9092833 0.2416875
vt 0.8844714 0.2507331
vt 0.8737906 0.2548735
vt 0.8862866 0.2551285
vt 0.9107984 0.2458728
vt 0.8754858 0.2597938
vt 0.8737906 0.2548735
vt 0.7056728 0.2592838
vt 0.6902816 0.2719748
vt 0.7064979 0.288686
vt 0.6476784 0.2730998
vt 0.6483834 0.2906962
vt 0.6910767 0.2891811
vt 0.5055126 0.6276069
vt 0.4514934 0.6870714
vt 0.4970969 0.6870714
vt 0.9270897 0.1245285
vt 0.8951973 0.1459802
vt 0.9228744 0.1059721
vt 0.9175339 0.1468052
vt 0.9021428 0.1623314
vt 0.9376805 0.117313
vt 0.9661977 0.025581
vt 0.9558769 0.02198072
vt 0.918089 0.1003767
vt 0.9740433 0.02886625
vt 0.957242 0.1468502
vt 0.970578 0.1430999
vt 0.9581721 0.1768825
vt 0.9513165 0.1725772
vt 0.9765785 0.1448851
vt 0.9630774 0.1795827
vt 0.970893 0.1381496
vt 0.9672927 0.1809778
vt 0.9800887 0.1459802
vt 0.9845741 0.1180931
vt 0.9883844 0.1193831
vt 0.4165708 0.7952896
vt 0.3638718 0.7921844
vt 0.3623717 0.7970148
vt 0.4180559 0.7891242
vt 0.3316793 0.7921844
vt 0.3300742 0.7981699
vt 0.3177133 0.7914793
vt 0.3189283 0.7987699
vt 0.2862408 0.7980348
vt 0.3189283 0.7987699
vt 0.3177133 0.7914793
vt 0.2848907 0.7921844
vt 0.2611739 0.7921844
vt 0.2239711 0.9391806
vt 0.2338869 0.9757684
vt 0.2381322 0.9390306
vt 0.2101851 0.9749433
vt 0.2020244 0.9385206
vt 0.9477763 0.2562836
vt 0.9542868 0.236092
vt 0.9511665 0.2565686
vt 0.9546768 0.1854782
vt 0.957197 0.1854782
vt 0.9546768 0.1854782
vt 0.957272 0.236092
vt 0.9582921 0.1854782
vt 0.957272 0.236092
vt 0.9598972 0.1854782
vt 0.9583821 0.236092
vt 0.957272 0.236092
vt 0.957377 0.2456478
vt 0.9339902 0.2453928
vt 0.9403807 0.1854782
vt 0.943786 0.1854782
vt 0.9302999 0.2457828
vt 0.9925847 0.103992
vt 0.9908895 0.1071722
vt 0.9805838 0.09437624
vt 0.9769835 0.09479628
vt 0.9910996 0.1064372
vt 0.9908895 0.1071722
vt 0.9925847 0.103992
vt 0.9912946 0.1063172
vt 0.5735728 0.7001824
vt 0.5211887 0.7158736
vt 0.5735728 0.7158736
vt 0.524879 0.6998824
vt 0.524879 0.6998824
vt 0.5047475 0.7165636
vt 0.5211887 0.7158736
vt 0.5031874 0.6985623
vt 0.5047475 0.7165636
vt 0.4432878 0.7001824
vt 0.4432878 0.7158736
vt 0.5031874 0.6985623
vt 0.8737906 0.2548735
vt 0.8743907 0.262284
vt 0.8705804 0.2530883
vt 0.8737906 0.2548735
vt 0.8754858 0.2597938
vt 0.8862866 0.2551285
vt 0.9114735 0.2505981
vt 0.8883718 0.2597938
vt 0.9107984 0.2458728
vt 0.8743907 0.262284
vt 0.8754858 0.2597938
vt 0.9800887 0.1459802
vt 0.9719881 0.1813979
vt 0.9672927 0.1809778
vt 0.9857742 0.144075
vt 0.9805838 0.7518913
vt 0.9057431 0.7935345
vt 0.9805838 0.7959947
vt 0.904828 0.7530465
vt 0.9805838 0.8353727
vt 0.891747 0.8353727
vt 0.9805838 0.8611897
vt 0.9158838 0.8611897
vt 0.9805838 0.891792
vt 0.9163939 0.891792
vt 0.8501788 0.7904893
vt 0.8374879 0.8282772
vt 0.8546792 0.7413905
vt 0.8201765 0.7879841
vt 0.8058954 0.7364702
vt 0.8045604 0.6913017
vt 0.839288 0.6405228
vt 0.8026702 0.6419629
vt 0.8324925 0.60392
vt 0.8005701 0.6056902
vt 0.7919894 0.5692974
vt 0.7543815 0.5701825
vt 0.747481 0.6219965
vt 0.6887815 0.5929992
vt 0.7284746 0.6312221
vt 0.6847762 0.6122757
vt 0.8096907 0.5604917
vt 0.8718855 0.6098305
vt 0.8617747 0.5658771
vt 0.8779309 0.5659822
vt 0.8688703 0.4356822
vt 0.8861966 0.4362373
vt 0.8888818 0.4105703
vt 0.8689753 0.4108703
vt 0.8795961 0.3394799
vt 0.8570943 0.3415801
vt 0.8572894 0.314578
vt 0.8768809 0.3155981
vt 0.8643399 0.3047673
vt 0.8761908 0.2868859
vt 0.9873943 0.5809833
vt 0.9873943 0.6321972
vt 0.8776909 0.6438831
vt 0.9793537 0.6633096
vt 0.918299 0.4085752
vt 0.9915346 0.445013
vt 0.9873943 0.4114704
vt 0.7225941 0.7988899
vt 0.7573817 0.7600819
vt 0.7166986 0.773133
vt 0.7627822 0.7901742
vt 0.7381353 0.7510813
vt 0.7753831 0.787789
vt 0.7720829 0.7288796
vt 0.7503762 0.7223241
vt 0.7764932 0.6917968
vt 0.7533914 0.6919467
vt 0.7692777 0.6538739
vt 0.747946 0.6623345
vt 0.7974798 0.787789
vt 0.79985 0.8354477
vt 0.7819836 0.8374879
vt 0.7833638 0.8442534
vt 0.7703277 0.8469986
vt 0.7833638 0.8442534
vt 0.7310247 0.852579
vt 0.721574 0.8536291
vt 0.6810259 0.813246
vt 0.6884215 0.7858989
vt 0.6700301 0.7925295
vt 0.6548939 0.8148361
vt 0.642773 0.7967598
vt 0.6618845 0.8370978
vt 0.7010224 0.8564493
vt 0.6740954 0.8671751
vt 0.6618845 0.8370978
vt 0.6497335 0.8490688
vt 0.6569341 0.8854315
vt 0.6701201 0.904528
vt 0.6777707 0.8943872
vt 0.6832161 0.9023228
vt 0.6618845 0.8370978
vt 0.7026876 0.5462857
vt 0.6888716 0.5390701
vt 0.6744704 0.5259891
vt 0.6705701 0.5878989
vt 0.6511737 0.5866838
vt 0.6497936 0.6082704
vt 0.669175 0.6104755
vt 0.6536939 0.524684
vt 0.6773807 0.4313769
vt 0.6573991 0.4302818
vt 0.6809809 0.314683
vt 0.6618845 0.313798
vt 0.3266239 0.5018973
vt 0.3619816 0.3609765
vt 0.3817531 0.4899264
vt 0.2546634 0.3606915
vt 0.2522933 0.5018973
vt 0.8462785 0.9086833
vt 0.9140987 0.9541968
vt 0.9140987 0.9069431
vt 0.8431883 0.9541968
vt 0.8417932 0.8977025
vt 0.8852815 0.8958723
vt 0.9235944 0.9423308
vt 0.9263396 0.9087583
vt 0.8441184 0.9643375
vt 0.9140987 0.9637975
vt 0.9807038 0.9504315
vt 0.9806288 0.9639175
vt 0.9293998 0.9504765
vt 0.9141887 0.8958723
vt 0.9805838 0.905173
vt 0.8699954 0.8910269
vt 0.8810962 0.8904869
vt 0.8801211 0.8623148
vt 0.8778859 0.8640549
vt 0.8403531 0.8639799
vt 0.9805838 0.905173
vt 0.9263396 0.9087583
vt 0.9805388 0.9091783
vt 0.8412831 0.9845741
vt 0.8330925 0.9849791
vt 0.839888 0.9955999
vt 0.8273771 0.9637975
vt 0.8279771 0.9541968
vt 0.8333775 0.9086833
vt 0.5079728 0.774078
vt 0.4766954 0.7949896
vt 0.5164934 0.7949896
vt 0.4766954 0.774078
vt 0.5137482 0.7765382
vt 0.445568 0.7583718
vt 0.445478 0.7623621
vt 0.4778205 0.7601269
vt 0.5329196 0.5071477
vt 0.5297094 0.4523335
vt 0.4298468 0.5080028
vt 0.5297094 0.4523335
vt 0.4306268 0.4632093
vt 0.446288 0.6396828
vt 0.5229589 0.6240666
vt 0.445988 0.6240816
vt 0.510718 0.6329923
vt 0.5629219 0.6314322
vt 0.5615419 0.6344474
vt 0.5344048 0.3769828
vt 0.4314819 0.4247914
vt 0.5345998 0.4247914
vt 0.4314819 0.3734725
vt 0.4400926 0.3645768
vt 0.5221938 0.3645768
vt 0.2431876 0.3105877
vt 0.3028921 0.4163758
vt 0.3028921 0.3105877
vt 0.2431876 0.4163758
vt 0.4177709 0.4163758
vt 0.4177709 0.3105877
vt 0.4177709 0.5094729
vt 0.3028921 0.5094729
vt 0.2431876 0.5094729
vt 0.6597843 0.9738783
vt 0.6873864 0.9274797
vt 0.680966 0.9499214
vt 0.721439 0.9472212
vt 0.7497912 0.9128986
vt 0.747451 0.9319801
vt 0.7847738 0.8972824
vt 0.7782784 0.9207742
vt 0.7989649 0.9040029
vt 0.8235818 0.8941922
vt 0.7847738 0.8972824
vt 0.7832887 0.8966824
vt 0.747451 0.9319801
vt 0.721394 0.9633924
vt 0.747451 0.9319801
vt 0.7782784 0.9207742
vt 0.7574418 0.9534767
vt 0.7458909 0.9882793
vt 0.747451 0.9319801
vt 0.7574418 0.9534767
vt 0.721394 0.9633924
vt 0.5345998 0.9026978
vt 0.2831656 0.8491737
vt 0.2835706 0.8943422
vt 0.5354849 0.8317724
vt 0.07999015 0.7307847
vt 0.02208573 0.7831987
vt 0.08389045 0.7497011
vt 0.02208573 0.7965947
vt 0.07999015 0.7246943
vt 0.07999015 0.7155886
vt 0.02208573 0.7516813
vt 0.07999015 0.7044727
vt 0.07999015 0.6889765
vt 0.02208573 0.6778757
vt 0.07999015 0.6667898
vt 0.07999015 0.6437781
vt 0.02208573 0.6052701
vt 0.07999015 0.6052701
vt 0.07999015 0.5548813
vt 0.02208573 0.537375
vt 0.07969012 0.5389801
vt 0.07999015 0.5198836
vt 0.5586766 0.5629969
vt 0.5987897 0.5630869
vt 0.6008298 0.5630869
vt 0.5987897 0.5630869
vt 0.5586766 0.5629969
vt 0.4623093 0.5982046
vt 0.5187736 0.5629969
vt 0.4298918 0.5302945
vt 0.34098 0.5630869
vt 0.3387899 0.5304894
vt 0.5206787 0.5298894
vt 0.6264368 0.5703475
vt 0.6265268 0.5437955
vt 0.5993147 0.5313445
vt 0.6086304 0.5335047
vt 0.6328872 0.6102955
vt 0.300987 0.5629969
vt 0.2601389 0.5629969
vt 0.2238811 0.5839986
vt 0.2339919 0.5549713
vt 0.2172956 0.6100705
vt 0.2439826 0.537585
vt 0.2573787 0.5298894
vt 0.5879889 0.524999
vt 0.603485 0.4695848
vt 0.6089904 0.5271742
vt 0.5575965 0.4958968
vt 0.5483858 0.4548837
vt 0.5670922 0.4273866
vt 0.08239033 0.7320898
vt 0.01418013 0.8010951
vt 0.08239033 0.7698777
vt 0.01418013 0.721199
vt 0.08239033 0.7037827
vt 0.08239033 0.6788958
vt 0.01418013 0.6540839
vt 0.08239033 0.6539789
vt 0.08239033 0.6249967
vt 0.01418013 0.5848836
vt 0.08239033 0.5879889
vt 0.01418013 0.5277743
vt 0.08239033 0.5435705
vt 0.08239033 0.8010951
vt 0.08239033 0.5290943
vt 0.08239033 0.5196736
vt 0.0793451 0.5187736
vt 0.5575965 0.4958968
vt 0.603485 0.4695848
vt 0.5879889 0.524999
vt 0.5483858 0.4548837
vt 0.6279819 0.5137932
vt 0.5599817 0.4310769
vt 0.2503881 0.6278769
vt 0.2121352 0.6229415
vt 0.2175956 0.629587
vt 0.2687495 0.6214864
vt 0.2643842 0.6278769
vt 0.2543784 0.6340874
vt 0.2670994 0.6409879
vt 0.2543784 0.6609994
vt 0.3439952 0.6609994
vt 0.3439952 0.6409879
vt 0.3439952 0.6706752
vt 0.3432152 0.6278769
vt 0.2690795 0.6278769
vt 0.3432152 0.6210814
vt 0.2543784 0.6706752
vt 0.3439952 0.6706752
vt 0.2543784 0.6609994
vt 0.3439952 0.6976772
vt 0.2554285 0.6906867
vt 0.577278 0.7324948
vt 0.5152933 0.7205989
vt 0.5123381 0.7326149
vt 0.5152933 0.7205989
vt 0.577278 0.7205989
vt 0.5031874 0.7205989
vt 0.5123381 0.7326149
vt 0.4435878 0.7324948
vt 0.5031874 0.7205989
vt 0.4435878 0.7205989
vt 0.5031874 0.7205989
vt 0.5008172 0.7320148
vt 0.5123381 0.7326149
vt 0.4741002 0.800045
vt 0.4879762 0.8174163
vt 0.4972469 0.8119859
vt 0.497712 0.8030902
vt 0.4664946 0.8234768
vt 0.4741002 0.800045
vt 0.4741002 0.800045
vt 0.4639744 0.8233718
vt 0.4741002 0.800045
vt 0.4528885 0.8169963
vt 0.4521835 0.8025502
vt 0.4503834 0.813186
vt 0.4005496 0.8089557
vt 0.3494857 0.8150911
vt 0.4006396 0.8114909
vt 0.3494857 0.8076806
vt 0.641933 0.5584366
vt 0.6265268 0.5437955
vt 0.6264368 0.5703475
vt 0.3723474 0.9270897
vt 0.2473279 0.9849341
vt 0.3574813 0.9889844
vt 0.2611739 0.9401857
vt 0.6339673 0.9506115
vt 0.6419629 0.918239
vt 0.4252715 0.9272247
vt 0.511168 0.9806437
vt 0.3775828 0.9874843
vt 0.6391727 0.9875893
vt 0.5364899 0.3103027
vt 0.4820958 0.340965
vt 0.4820958 0.3103027
vt 0.5364899 0.340965
vt 0.3593864 0.6471834
vt 0.431992 0.6342974
vt 0.353491 0.6342974
vt 0.431992 0.6471834
vt 0.3637968 0.6600993
vt 0.431992 0.6202713
vt 0.3515858 0.6202713
vt 0.431992 0.6600993
vt 0.3648768 0.6740954
vt 0.431992 0.6740954
vt 0.4279867 0.7581768
vt 0.4386975 0.747391
vt 0.4236813 0.747391
vt 0.4381874 0.7626922
vt 0.4271916 0.7363802
vt 0.4386975 0.7307847
vt 0.353491 0.6342974
vt 0.431992 0.6342974
vt 0.3593864 0.6471834
vt 0.431992 0.6202713
vt 0.431992 0.6471834
vt 0.3637968 0.6600993
vt 0.3515858 0.6202713
vt 0.3730375 0.6260167
vt 0.431992 0.6600993
vt 0.3648768 0.6740954
vt 0.431992 0.6740954
vt 0.4236813 0.747391
vt 0.4386975 0.747391
vt 0.4279867 0.7581768
vt 0.4271916 0.7363802
vt 0.4386975 0.7307847
vt 0.3593864 0.6471834
vt 0.431992 0.6471834
vt 0.431992 0.6342974
vt 0.3637968 0.6600993
vt 0.353491 0.6342974
vt 0.431992 0.6202713
vt 0.3515858 0.6202713
vt 0.431992 0.6600993
vt 0.3648768 0.6740954
vt 0.431992 0.6740954
vt 0.4279867 0.7581768
vt 0.4386975 0.747391
vt 0.4236813 0.747391
vt 0.4381874 0.7626922
vt 0.4271916 0.7363802
vt 0.4386975 0.7307847
vt 0.353491 0.6342974
vt 0.431992 0.6342974
vt 0.3593864 0.6471834
vt 0.431992 0.6202713
vt 0.431992 0.6471834
vt 0.3637968 0.6600993
vt 0.3515858 0.6202713
vt 0.3730375 0.6260167
vt 0.431992 0.6600993
vt 0.3648768 0.6740954
vt 0.431992 0.6740954
vt 0.4236813 0.747391
vt 0.4386975 0.747391
vt 0.4279867 0.7581768
vt 0.4271916 0.7363802
vt 0.4386975 0.7307847
vt 0.7845788 0.8689753
vt 0.761282 0.8690503
vt 0.7552966 0.8674452
vt 0.550681 0.1430999
vt 0.628987 0.2811855
vt 0.6280719 0.2292815
vt 0.5541763 0.3330894
vt 0.564482 0.366572
vt 0.6318822 0.4491983
vt 0.6173761 0.4540886
vt 0.6299471 0.4709499
vt 0.2517832 0.2067798
vt 0.5183985 0.1655717
vt 0.2517832 0.1655717
vt 0.5204987 0.2067798
vt 0.2078899 0.1655717
vt 0.1979741 0.2067798
vt 0.2517832 0.2701746
vt 0.2029845 0.2730998
vt 0.2032995 0.275095
vt 0.2517832 0.2743749
vt 0.2045746 0.287591
vt 0.2517832 0.287591
vt 0.4707999 0.287591
vt 0.4864911 0.2708947
vt 0.4951918 0.2570786
vt 0.3514808 0.1525957
vt 0.2517832 0.1525957
vt 0.4735301 0.1525957
vt 0.2190807 0.1525957
vt 0.9117885 0.7333949
vt 0.9014227 0.7041277
vt 0.9209992 0.7317748
vt 0.892122 0.7035127
vt 0.9284848 0.721574
vt 0.9256946 0.7283846
vt 0.9144287 0.6705251
vt 0.9010927 0.6929818
vt 0.8939822 0.6870714
vt 0.9213893 0.6785808
vt 0.9245245 0.6643296
vt 0.9350853 0.6739604
vt 0.9303749 0.6875814
vt 0.9455411 0.6901916
vt 0.9271347 0.7090631
vt 0.9408907 0.6983823
vt 0.9545718 0.7115833
vt 0.944146 0.7166237
vt 0.9284848 0.721574
vt 0.9014227 0.7041277
vt 0.892122 0.7035127
vt 0.9256946 0.7283846
vt 0.9251845 0.7392754
vt 0.9209992 0.7317748
vt 0.9140387 0.7428306
vt 0.9117885 0.7333949
vt 0.7124833 0.7016825
vt 0.6464333 0.6376876
vt 0.6921868 0.7052978
vt 0.6743804 0.6266918
vt 0.721679 0.6719952
vt 0.4276866 0.3103027
vt 0.5364899 0.340965
vt 0.4276866 0.340965
vt 0.5364899 0.3103027
vt 0.7837988 0.2473729
vt 0.79988 0.2668744
vt 0.7837988 0.2598988
vt 0.8005701 0.2192758
vt 0.813096 0.2130953
vt 0.8122709 0.274795
vt 0.7746931 0.2473729
vt 0.7746931 0.2598988
vt 0.7585968 0.2668744
vt 0.7578768 0.2192758
vt 0.7461759 0.274795
vt 0.7453958 0.2130953
vt 0.8122709 0.274885
vt 0.7461759 0.274885
vt 0.7453958 0.2131703
vt 0.813096 0.2131703
vt 0.8122709 0.274795
vt 0.813096 0.2130953
vt 0.813096 0.2131703
vt 0.8122709 0.274885
vt 0.7453958 0.2130953
vt 0.7461759 0.274795
vt 0.7453958 0.2131703
vt 0.7461759 0.274885
vn -0.7411708 -0.1215677 -0.6602175
vn -0.7725431 0.3333308 0.540433
vn -0.7568569 0.5921522 0.2766285
vn -0.7568569 0.5921522 0.2766285
vn -0.7254846 -0.6705831 -0.1548882
vn -0.6941123 -0.7019554 0.1595829
vn -0.7019553 0.7019553 0.1204887
vn -0.4431338 0.1529399 0.8833129
vn -0.4431338 0.1529399 0.8833129
vn 0.01176465 -0.8823462 0.4704538
vn 0.01176465 0.9921492 0.124505
vn -0.7019553 0.7019553 0.1204887
vn -0.4431338 0.1529399 0.8833129
vn 0.01176465 0.8823462 0.4704539
vn 0.1215677 0.45882 0.8801736
vn -0.7725431 0.3333308 0.540433
vn 0.01176465 0.4745061 0.8801736
vn 0.01176465 0.3098015 0.9507285
vn -0.4431338 0.1529399 0.8833129
vn 0.01176465 -0.8823462 0.4704538
vn -0.5607799 0.2705861 -0.7825018
vn -0.6470538 0.5686231 0.5079263
vn -0.6548969 0.4274477 0.6232163
vn 0.01176465 0.5764661 -0.8170364
vn 0.01176465 0.8901892 0.4554392
vn -0.6548969 0.4274477 0.6232163
vn -0.7568569 0.08235228 -0.6483716
vn -0.7411708 -0.1215677 -0.6602175
vn -0.7725431 0.3333308 0.540433
vn 0.01176465 0.2235277 0.9746266
vn 0.01176465 0.4745061 0.8801736
vn 0.1215677 0.45882 0.8801736
vn -0.7725431 0.3333308 0.540433
vn 0.01176465 -0.8823462 0.4704538
vn 0.01176465 -0.7882293 -0.6152692
vn -0.6941123 -0.7019554 0.1595829
vn -0.7254846 -0.6705831 -0.1548882
vn 0.01176465 -0.7882293 -0.6152692
vn -0.7411708 -0.1215677 -0.6602175
vn -0.7568569 0.08235228 -0.6483716
vn -0.7411708 -0.1215677 -0.6602175
vn -0.5607799 0.2705861 -0.7825018
vn 0.01176465 0.5764661 -0.8170364
vn 0.756857 -0.1215677 -0.6421751
vn 0.7411708 -0.6705831 -0.03137041
vn 0.7725431 0.5921522 0.2292004
vn 0.7097985 -0.7019554 0.05869107
vn 0.7725431 0.5921522 0.2292004
vn 0.7882293 0.3333308 0.5172864
vn 0.7148765 0.6992507 0
vn 0.45882 0.1529399 0.8752677
vn 0.01176465 -0.8823462 0.4704538
vn 0.45882 0.1529399 0.8752677
vn 0.01176465 0.9921492 0.124505
vn 0.7148765 0.6992507 0
vn 0.45882 0.1529399 0.8752677
vn 0.01176465 0.8823462 0.4704539
vn -0.1058815 0.45882 0.882198
vn 0.7882293 0.3333308 0.5172864
vn 0.01176465 0.4745061 0.8801736
vn 0.45882 0.1529399 0.8752677
vn 0.01176465 0.3098015 0.9507285
vn 0.01176465 -0.8823462 0.4704538
vn 0.6705831 0.4274477 0.6063058
vn 0.6627401 0.5686231 0.4872817
vn 0.5764662 0.2705861 -0.7710187
vn 0.01176465 0.5764661 -0.8170364
vn 0.01176465 0.8901892 0.4554392
vn 0.6705831 0.4274477 0.6063058
vn 0.7725431 0.08235228 -0.6295992
vn 0.756857 -0.1215677 -0.6421751
vn 0.7882293 0.3333308 0.5172864
vn 0.01176465 0.2235277 0.9746266
vn 0.01176465 0.4745061 0.8801736
vn -0.1058815 0.45882 0.882198
vn 0.7882293 0.3333308 0.5172864
vn 0.01176465 -0.8823462 0.4704538
vn 0.7097985 -0.7019554 0.05869107
vn 0.01176465 -0.7882293 -0.6152692
vn 0.7411708 -0.6705831 -0.03137041
vn 0.01176465 -0.7882293 -0.6152692
vn 0.756857 -0.1215677 -0.6421751
vn 0.756857 -0.1215677 -0.6421751
vn 0.7725431 0.08235228 -0.6295992
vn 0.5764662 0.2705861 -0.7710187
vn 0.01176465 0.5764661 -0.8170364
vn 0.8196016 -0.5372508 -0.1990346
vn 0.8352877 0.5215646 0.1739676
vn 0.4431339 0.7411708 -0.50428
vn 0.8509739 -0.5215647 -0.06175552
vn 0.01176465 0.9529338 -0.3029502
vn 0.01176465 0.8980323 0.4397722
vn 0.01176465 -0.9450908 -0.3265959
vn 0.01176465 -0.9686201 -0.2482675
vn 0.01176465 0.7411708 -0.6712134
vn 0.01176465 0.7411708 -0.6712134
vn 0.1999985 0.6941123 -0.6915264
vn 0.1999985 0.6941123 -0.6915264
vn 0.3333308 0.5843092 -0.7399144
vn 0.349017 0.5764661 -0.7388329
vn 0.2549 0.466663 -0.8469071
vn 0.3803893 0.3960754 -0.8357202
vn 0.2313708 0.3490169 -0.908105
vn 0.3333308 0.3098015 -0.890457
vn 0.2784293 0.1607831 -0.9469033
vn 0.2862723 0.1529399 -0.9458634
vn 0.09019542 0.2078415 -0.9739952
vn 0.1294108 0.06666613 -0.9893475
vn 0.01176465 0.05097997 -0.9986304
vn 0.01176465 0.2470568 -0.9689296
vn -0.0901953 0.4823492 -0.8713232
vn 0.2549 0.466663 -0.8469071
vn 0.4431339 0.7411708 -0.50428
vn 0.2313708 0.3490169 -0.908105
vn 0.01176465 0.2470568 -0.9689296
vn 0.09019542 0.2078415 -0.9739952
vn 0.01176465 0.9529338 -0.3029502
vn -0.4274477 0.7411708 -0.5176432
vn -0.8196015 0.5215646 0.2371154
vn -0.8039154 -0.5372508 -0.255111
vn -0.8352877 -0.5215647 -0.1739678
vn 0.01176465 0.9529338 -0.3029502
vn 0.01176465 0.8980323 0.4397722
vn 0.01176465 -0.9450908 -0.3265959
vn 0.01176465 -0.9686201 -0.2482675
vn -0.1843122 0.6941123 -0.6958715
vn 0.01176465 0.7411708 -0.6712134
vn 0.01176465 0.7411708 -0.6712134
vn -0.1843122 0.6941123 -0.6958715
vn -0.3176446 0.5843092 -0.7467829
vn -0.3333308 0.5764661 -0.7460412
vn -0.2392138 0.466663 -0.8514707
vn -0.3647031 0.3960754 -0.8426839
vn -0.2156845 0.3490169 -0.911958
vn -0.3176446 0.3098015 -0.8961724
vn -0.262743 0.1607831 -0.9513753
vn -0.2705861 0.1529399 -0.9504697
vn -0.07450914 0.2078415 -0.9753206
vn -0.1137246 0.06666613 -0.9912731
vn 0.01176465 0.05097997 -0.9986304
vn 0.01176465 0.2470568 -0.9689296
vn -0.4274477 0.7411708 -0.5176432
vn -0.2392138 0.466663 -0.8514707
vn 0.1058816 0.4823492 -0.8695564
vn -0.2156845 0.3490169 -0.911958
vn 0.01176465 0.2470568 -0.9689296
vn -0.07450914 0.2078415 -0.9753206
vn 0.01176465 0.9529338 -0.3029502
vn 0.45882 0.7568569 -0.4654586
vn 0.08235234 0.9843061 0.1560756
vn 0.01176465 0.9215615 -0.3880541
vn 0.01176465 0.9843061 0.176077
vn 0.1058816 0.9372476 0.3321987
vn 0.2235277 0.1843122 -0.9571125
vn 0.3254877 -0.09019542 -0.9412346
vn 0.01176465 0.3568599 -0.9340838
vn 0.01176465 0.7254846 -0.6881378
vn 0.8431308 0.2470568 -0.4775912
vn 0.01176465 -0.01176465 -0.9998616
vn 0.2235277 0.1843122 -0.9571125
vn 0.8431308 0.2470568 -0.4775912
vn 0.7254847 0.6548969 -0.2116178
vn -0.003921509 -0.1215677 -0.9925754
vn 0.01176465 -0.01176465 -0.9998616
vn 0.1843123 0.9450908 -0.2698747
vn 0.3254877 -0.09019542 -0.9412346
vn 0.2235277 0.1843122 -0.9571125
vn 0.6627401 0.4509768 0.5978256
vn 0.3803893 0.5764661 0.7231811
vn 0.6470539 0.5843092 0.4897999
vn 0.3333308 0.9137185 0.2323987
vn 0.2627431 0.670583 0.6937467
vn 0.01176465 0.6470538 0.7623535
vn 0.3333308 0.9137185 0.2323987
vn 0.5999954 0.5921522 0.537923
vn 0.01176465 0.8901892 0.4554392
vn 0.01176465 0.7254846 -0.6881378
vn 0.8431308 0.2470568 -0.4775912
vn 0.1999985 0.3490169 0.915526
vn 0.0274508 0.5843092 0.8110667
vn 0.1999985 0.9058753 0.3733503
vn 0.2627431 0.9607769 0.08873428
vn 0.1843123 0.9450908 -0.2698747
vn 0.7254847 0.6548969 -0.2116178
vn 0.01176465 -0.01176465 -0.9998616
vn 0.9058754 0.1686261 -0.3885292
vn 0.7254847 0.6548969 -0.2116178
vn 0.5999954 0.5921522 0.537923
vn 0.2627431 0.670583 0.6937467
vn 0.7254847 0.6548969 -0.2116178
vn 0.3725462 0.3333308 0.8660831
vn 0.04313695 0.6313677 0.7742829
vn -0.8588169 -0.3725462 0.351629
vn 0.3725462 0.3333308 0.8660831
vn 0.8980324 0.06666613 -0.4348488
vn 0.6627401 0.7019553 -0.260834
vn 0.45882 0.7568569 -0.4654586
vn 0.3254877 -0.09019542 -0.9412346
vn -0.003921509 -0.1215677 -0.9925754
vn 0.8980324 -0.06666619 -0.4348488
vn 0.1843123 0.9450908 -0.2698747
vn 0.9058754 0.1686261 -0.3885292
vn 0.08235234 0.9843061 0.1560756
vn 0.3725462 0.3333308 0.8660831
vn 0.3803893 0.5764661 0.7231811
vn 0.04313695 0.6313677 0.7742829
vn -0.4431338 0.7568569 -0.4804164
vn 0.01176465 0.9215615 -0.3880541
vn -0.06666613 0.9843061 0.1633926
vn 0.01176465 0.9843061 0.176077
vn -0.0901953 0.9372476 0.3367962
vn -0.2078415 0.1843122 -0.9606408
vn -0.3098015 -0.09019542 -0.9465135
vn 0.01176465 0.3568599 -0.9340838
vn 0.01176465 0.7254846 -0.6881378
vn -0.8274446 0.2470568 -0.5042801
vn -0.8274446 0.2470568 -0.5042801
vn -0.2078415 0.1843122 -0.9606408
vn 0.01176465 -0.01176465 -0.9998616
vn -0.7097985 0.6548969 -0.2594152
vn 0.01960772 -0.1215677 -0.9923894
vn -0.1686261 0.9450908 -0.279944
vn 0.01176465 -0.01176465 -0.9998616
vn -0.3098015 -0.09019542 -0.9465135
vn -0.2078415 0.1843122 -0.9606408
vn -0.6313677 0.5843092 0.5098604
vn -0.3960754 0.5529369 0.7330655
vn -0.6392107 0.45882 0.617166
vn -0.3176446 0.9137185 0.2534176
vn -0.2941153 0.670583 0.6810394
vn -0.1764692 0.3490169 0.9203509
vn -0.01176453 0.5843092 0.8114458
vn -0.1843122 0.9058753 0.3813383
vn -0.3176446 0.9137185 0.2534176
vn -0.5843092 0.5921522 0.554922
vn -0.2470568 0.9607769 0.1259787
vn -0.1686261 0.9450908 -0.279944
vn -0.7097985 0.6548969 -0.2594152
vn 0.01176465 -0.01176465 -0.9998616
vn -0.8901892 0.1686261 -0.4232357
vn -0.4901923 0.3960754 0.776425
vn -0.0901953 0.6392107 0.7637241
vn -0.5843092 0.5921522 0.554922
vn -0.7097985 0.6548969 -0.2594152
vn -0.8274446 0.2470568 -0.5042801
vn 0.01176465 0.7254846 -0.6881378
vn 0.01176465 0.8901892 0.4554392
vn -0.7097985 0.6548969 -0.2594152
vn -0.03529382 0.6470538 0.761627
vn -0.03529382 0.6470538 0.761627
vn -0.03529382 0.6470538 0.761627
vn -0.4431338 0.7568569 -0.4804164
vn -0.6470538 0.7019553 -0.2976241
vn -0.8823462 0.06666613 -0.465855
vn -0.3098015 -0.09019542 -0.9465135
vn 0.01960772 -0.1215677 -0.9923894
vn -0.8823462 -0.06666619 -0.465855
vn -0.1686261 0.9450908 -0.279944
vn -0.8901892 0.1686261 -0.4232357
vn -0.06666613 0.9843061 0.1633926
vn 0.01176465 0.6470538 0.7623535
vn 0.04313695 0.6313677 0.7742829
vn 0.3803893 0.5764661 0.7231811
vn -0.003921509 0.6470538 0.7624342
vn -0.3960754 0.5529369 0.7330655
vn -0.003921509 0.6470538 0.7624342
vn 0.01176465 0.6470538 0.7623535
vn -0.003921509 0.6470538 0.7624342
vn -0.3960754 0.5529369 0.7330655
vn -0.0901953 0.6392107 0.7637241
vn 0.9371325 0.348974 0
vn 0.9999924 0.003921509 0
vn 0.9764631 0.1999984 -0.08074903
vn 0.9999309 -0.01176392 0
vn 0.9883265 0.1523506 0
vn 0.9845476 -0.1751172 0
vn 0.9894748 -0.1447058 0
vn 0.5686231 0.8196015 0.0701504
vn 0.722557 0.6913112 0
vn -0.1450969 0.9686199 -0.2017975
vn 0.4039185 0.9137185 0.04436647
vn 0.7148765 0.6992507 0
vn 0.8431308 0.5058784 0.1822563
vn 0.4196047 0.86666 0.2698748
vn 0.8636371 0.5041139 0
vn -0.04313684 0.9137185 0.4040517
vn 0.8823462 0.466663 -0.06075203
vn 0.1215677 0.9843061 0.1279171
vn 0.15294 0.8980323 0.4124891
vn 0.1058816 0.9921492 0.0665506
vn 0.01176465 0.9921492 0.124505
vn 0.01176465 0.9921492 0.124505
vn 0.01176465 0.9921492 0.124505
vn 0.08235234 0.9843061 0.1560756
vn -0.01176453 0.9843061 0.176077
vn -0.08235228 0.9764631 0.1993439
vn 0.01176465 0.9294046 0.3688748
vn 0.01176465 0.9372476 0.3484659
vn 0.01176465 0.874503 0.4848773
vn 0.01176465 0.9607769 0.2770727
vn 0.1372539 0.8196015 0.5562506
vn 0.1921554 0.8352877 0.5151415
vn 0.1999985 0.7411708 0.6408327
vn 0.8039154 0.3725461 0.4636047
vn 0.9215616 0.08235228 0.3793973
vn 0.01176465 0.8196015 0.5728132
vn 0.9921493 0.06666613 0.1058084
vn 0.9294047 -0.09019542 0.3578711
vn 0.9921493 -0.1137246 0.0520239
vn 0.7333277 0.003921509 0.679864
vn 0.6313677 -0.06666619 0.7726127
vn 0.6235247 0.4117615 0.6645822
vn 0.9137185 0.2235277 0.3393432
vn 0.9562001 0.2927142 0
vn 0.9977852 -0.06651904 0
vn 0.9215616 0.3411738 0.1852692
vn 0.6784262 0.3568599 0.6421751
vn 0.9137185 0.2549 0.3164561
vn 0.9450908 0.3176446 0.07684537
vn 0.9529339 -0.01960772 0.3025434
vn 0.7411708 -0.01960772 0.6710301
vn 0.9921493 -0.01176465 0.1245045
vn 0.9450908 0.3176446 0.07684537
vn 0.9784256 -0.2065998 0
vn 0.9539937 -0.2998266 0
vn 0.9463208 -0.3232289 0
vn 0.9561999 -0.2927143 0
vn 0.9430625 -0.3326154 0
vn 0.9405885 -0.3395486 0
vn 0.01176465 0.9294046 0.3688748
vn 0.01176465 0.9921492 0.124505
vn -0.01176453 0.9843061 0.176077
vn -0.08235228 0.5529369 -0.8291435
vn 0.01176465 0.9607769 0.2770727
vn 0.08235234 0.9843061 0.1560756
vn 0.01176465 0.9921492 0.124505
vn -0.01176453 0.9843061 0.176077
vn 0.0274508 0.9843061 0.1743215
vn 0.09803849 0.5529369 -0.8274353
vn 0.01176465 -0.8666601 -0.4987604
vn -0.08235228 -0.858817 -0.5056199
vn 0.01176465 -0.8666601 -0.4987604
vn 0.01176465 -0.8666601 -0.4987604
vn 0.09803849 -0.858817 -0.5028139
vn 0.01176465 0.9921492 0.124505
vn -0.08235228 0.5529369 -0.8291435
vn -0.01176453 0.9843061 0.176077
vn 0.01176465 0.9607769 0.2770727
vn 0.09803849 0.5529369 -0.8274353
vn -0.06666613 0.9843061 0.1633926
vn 0.0274508 0.9843061 0.1743215
vn 0.4352908 0.01176453 0.900213
vn 0.3019585 0.5215646 0.7979921
vn 0.7333277 0.003921509 0.679864
vn 0.56078 -0.06666619 0.8252766
vn 0.3647031 0.2941153 0.8834522
vn 0.5137216 -0.05098003 0.856441
vn 0.01176465 -0.1764693 0.9842358
vn 0.01176465 0.4901923 0.8715349
vn 0.08235234 0.8509738 0.5187114
vn 0.01176465 -0.2941154 0.9556975
vn 0.56078 0.06666613 0.8252766
vn 0.04313695 0.7960722 0.6036623
vn 0.6235247 0.4117615 0.6645822
vn 0.6313677 -0.06666619 0.7726127
vn 0.4039185 0.4274477 0.8087882
vn 0.6784262 0.3568599 0.6421751
vn 0.06666619 0.6862692 0.724286
vn 0.7411708 -0.01960772 0.6710301
vn 0.4745062 -0.01960772 0.8800338
vn 0.2705862 0.5215646 0.8091683
vn 0.3333308 -0.03529388 0.9421491
vn 0.01176465 0.9529338 0.3029502
vn 0.08235234 0.8509738 0.5187114
vn 0.01176465 0.4901923 0.8715349
vn -0.01960766 0.9529338 0.3025438
vn 0.3019585 0.5215646 0.7979921
vn -0.6784261 0.6784261 0.2819147
vn 0.1999985 0.7411708 0.6408327
vn -0.8980323 0.262743 0.3528513
vn 0.3960754 -0.654897 0.6436103
vn 0.1607831 -0.960777 0.2259566
vn 0.3803893 -0.6235247 0.6830234
vn 0.04309721 -0.9990709 0
vn 0.3647031 -0.15294 0.9184775
vn 0.4352908 0.01176453 0.900213
vn 0.7333277 0.003921509 0.679864
vn 0.6313677 -0.06666619 0.7726127
vn 0.56078 0.06666613 0.8252766
vn 0.56078 -0.06666619 0.8252766
vn 0.06666619 0.6862692 0.724286
vn 0.2705862 0.5215646 0.8091683
vn 0.01176465 0.9215615 0.3880541
vn 0.4039185 0.4274477 0.8087882
vn 0.01176465 0.4352907 0.9002131
vn 0.3333308 -0.03529388 0.9421491
vn 0.01176465 0.9215615 0.3880541
vn 0.01176465 -0.6627401 0.7487571
vn 0.3333308 -0.03529388 0.9421491
vn 0.003921568 -0.9999924 0
vn 0.01960411 -0.9998079 0
vn -0.0117638 -0.9999309 0
vn 0.01176392 -0.9999309 0
vn 0.0274508 -0.247057 0.9686121
vn 0.01176465 -0.2941154 0.9556975
vn 0.5137216 -0.05098003 0.856441
vn 0.01176465 -0.3254877 0.9454731
vn 0.06666619 0.6862692 0.724286
vn -0.5294076 0.3960754 0.7502345
vn 0.04313695 0.7960722 0.6036623
vn -0.5294076 0.3960754 0.7502345
vn 0.06666619 0.6862692 0.724286
vn 0.0274508 -0.247057 0.9686121
vn 0.5137216 -0.05098003 0.856441
vn 0.04313695 0.7960722 0.6036623
vn 0.003921568 -0.9999924 0
vn 0.02744067 -0.9996234 0
vn 0.02744067 -0.9996234 0
vn 0.003921568 -0.9999924 0
vn -0.3019584 -0.2392139 0.9228206
vn 0.06666619 0.6862692 0.724286
vn -0.3176446 0.4039184 0.8578764
vn 0.0274508 -0.247057 0.9686121
vn 0.06666619 0.6862692 0.724286
vn 0.01176465 0.9215615 0.3880541
vn 0.01176465 0.7646999 0.6442792
vn -0.3176446 0.4039184 0.8578764
vn -0.01176453 0.02745068 -0.9995539
vn -0.07450914 -0.7019554 -0.7083127
vn 0.01176465 -0.6627401 -0.7487571
vn -0.01176453 0.02745068 -0.9995539
vn -0.05882299 0.05097997 -0.9969658
vn 0.003921568 -0.9999924 0
vn 0.01176392 -0.9999309 0
vn 0.01176392 -0.9999309 0
vn -0.05872193 -0.9982743 0
vn -0.07450914 -0.7019554 -0.7083127
vn 0.01176465 -0.6627401 -0.7487571
vn 0.01176392 -0.9999309 0
vn 0.01176392 -0.9999309 0
vn -0.0117638 -0.9999309 0
vn 0.01176392 -0.9999309 0
vn 0.01176465 0.9686199 -0.248268
vn 0.03529388 0.9843061 -0.1729041
vn 0.08235234 0.9686199 -0.2345068
vn 0.01176465 0.9843061 -0.176077
vn 0.01176465 0.7490138 -0.66245
vn 0.15294 0.8196015 -0.5521437
vn 0.01176465 0.2705861 -0.9626239
vn 0.1764693 0.3490169 -0.9203509
vn 0.01176465 0.4352907 -0.9002131
vn 0.2156847 0.3490169 -0.911958
vn 0.05882311 0.9921492 -0.1103618
vn 0.4745062 0.7803861 -0.4072363
vn 0.1843123 0.9686199 -0.1667463
vn 0.5137216 0.8509738 -0.1092411
vn 0.5663631 0.8241558 0
vn 0.6543337 0.756206 0
vn 0.6705831 0.7411708 -0.03137088
vn 0.8179429 0.5752994 0
vn 0.8078915 0.5893313 0
vn 0.8723059 0.4889607 0
vn 0.8901893 0.4509768 -0.0646755
vn 0.9845476 0.1751171 0
vn 0.9764631 0.2078415 0.05763387
vn 0.9944412 -0.1052938 0
vn 0.9921493 0.08235228 0.09411633
vn 0.9845476 -0.1751172 0
vn 0.8689617 0.4948794 0
vn 0.4823493 0.86666 -0.1274349
vn 0.7842832 0.6204031 0
vn 0.4108528 0.9117017 0
vn 0.73764 0.6751943 0
vn 0.4425083 0.8967644 0
vn 0.5137216 0.8431307 0.1588104
vn 0.7176416 0.6941123 0.05655664
vn 0.5843093 0.7646999 0.2716923
vn 0.756857 0.6392107 0.1362983
vn 0.6913114 0.722557 0
vn 0.6941124 0.7176415 0.05655743
vn 0.722557 0.6913112 0
vn -0.04313684 0.9137185 0.4040517
vn 0.01176465 0.9921492 -0.124505
vn 0.01176465 0.9921492 -0.124505
vn 0.349017 0.9137185 -0.2081003
vn 0.01176465 0.9686199 -0.248268
vn 0.08235234 0.9607769 0.2648127
vn 0.01176465 0.9921492 0.124505
vn 0.01176465 0.9450908 0.3265961
vn 0.9686201 -0.07450926 -0.237115
vn 0.9686201 0.2156845 -0.1235125
vn 0.9686201 0.1764692 -0.175025
vn 0.9843062 -0.03529388 -0.1729035
vn 0.9764631 0.1450969 -0.1595827
vn 0.9294047 0.3333308 -0.158422
vn 0.9319314 0.3626344 0
vn 0.9583629 0.285553 0
vn 0.9087569 0.417326 0
vn 0.9450908 0.3254876 -0.02934465
vn 0.9215616 0.3882322 0
vn 0.960777 0.2705861 -0.06075129
vn 0.8901893 0.4352907 -0.1344807
vn 0.6392108 0.4117615 -0.6495091
vn 0.7097985 0.3254876 -0.6246951
vn 0.1843123 0.2470568 -0.9513106
vn 0.09803849 0.4509768 -0.8871349
vn 0.756857 0.2235277 -0.6141685
vn 0.8431308 -0.04313695 -0.5359753
vn 0.8509739 -0.15294 -0.5024468
vn 0.9686201 -0.1215677 -0.2167866
vn 0.9529339 -0.2627431 -0.1512714
vn 0.9921493 -0.09803849 -0.07764172
vn 0.998703 0.05091424 0
vn 0.9916005 0.1293392 0
vn 0.9372478 0.1686261 -0.3051752
vn 0.8666601 -0.2078416 -0.4535441
vn 0.7647001 -0.2941154 -0.5733498
vn 0.9372478 0.1686261 -0.3051752
vn 0.09019542 -0.5450939 -0.8335091
vn 0.6313677 -0.2392139 -0.7376662
vn 0.5294077 -0.09019542 -0.8435593
vn -0.466663 -0.7097985 -0.5276473
vn 0.9486833 0.3162277 0
vn 0.9999924 0.003921509 0
vn 0.9610823 -0.2762626 0
vn 0.9670746 -0.2544933 0
vn 0.9631258 -0.2690513 0
vn 0.9631258 -0.2690513 0
vn 0.9651236 -0.2617947 0
vn 0.9561999 -0.2927143 0
vn 0.9510053 -0.3091746 0
vn 0.9510053 -0.3091746 0
vn 0.9561999 -0.2927143 0
vn 0.9430625 -0.3326154 0
vn 0.08235234 0.9686199 -0.2345068
vn 0.349017 0.9137185 -0.2081003
vn 0.01176465 0.9686199 -0.248268
vn 0.1843123 0.9686199 -0.1667463
vn 0.01176465 0.9686199 -0.248268
vn 0.4117616 0.2470568 -0.8771632
vn 0.1764693 0.02745068 -0.9839233
vn 0.5294077 0.01960766 -0.8481409
vn 0.145097 0.4431338 -0.8846352
vn 0.3882324 0.6470538 -0.6561989
vn 0.2156847 0.6313677 -0.7448859
vn 0.07450926 0.1686261 -0.9828599
vn 0.1294108 0.3333308 -0.9338862
vn 0.5294077 -0.09019542 -0.8435593
vn 0.1999985 -0.05098003 -0.978469
vn 0.01176465 0.670583 -0.7417412
vn 0.01176465 0.01960766 -0.9997385
vn 0.09803849 0.4117615 -0.9060027
vn 0.1999985 0.5999954 -0.7746006
vn 0.01176465 0.6784261 -0.7345744
vn 0.3019585 0.5137215 -0.8030637
vn 0.3647031 0.2470568 -0.8977497
vn 0.3333308 0.3254876 -0.8848437
vn 0.3647031 0.3019584 -0.8808023
vn 0.6392108 0.4117615 -0.6495091
vn 0.01176465 -0.756857 -0.6534747
vn 0.01176465 -0.756857 -0.6534747
vn 0.04313695 -0.756857 -0.6521555
vn 0.6313677 -0.2392139 -0.7376662
vn 0.7647001 -0.2941154 -0.5733498
vn 0.8666601 -0.2078416 -0.4535441
vn 0.8509739 -0.15294 -0.5024468
vn 0.8431308 -0.04313695 -0.5359753
vn 0.756857 0.2235277 -0.6141685
vn 0.09803849 0.4117615 -0.9060027
vn 0.01176465 -0.03529388 -0.9993077
vn 0.01176465 0.6784261 -0.7345744
vn 0.1294108 0.3333308 -0.9338862
vn 0.07450926 0.1686261 -0.9828599
vn 0.01176465 0.670583 -0.7417412
vn 0.09803849 0.4117615 -0.9060027
vn 0.01176465 0.6784261 -0.7345744
vn 0.6392108 0.4117615 -0.6495091
vn 0.3647031 0.3019584 -0.8808023
vn 0.4039185 0.2156845 -0.8890051
vn 0.3254877 0.06666613 -0.9431932
vn 0.3019585 0.5137215 -0.8030637
vn 0.01176465 -0.3647031 -0.9310495
vn -0.2784292 -0.2313708 -0.9321721
vn -0.1137246 -0.09019542 -0.9894097
vn 0.01176465 -0.4039185 -0.9147193
vn -0.3960754 -0.56078 -0.7270833
vn -0.3960754 -0.5999954 -0.6950753
vn 0.3647031 0.2470568 -0.8977497
vn 0.3333308 0.3254876 -0.8848437
vn 0.1764693 0.3490169 -0.9203509
vn 0.2156847 0.3490169 -0.911958
vn 0.1999985 0.5999954 -0.7746006
vn 0.2156847 0.6313677 -0.7448859
vn -0.04313684 0.9137185 0.4040517
vn 0.1215677 0.8823462 0.4546279
vn 0.5843093 0.7646999 0.2716923
vn 0.1294108 0.86666 0.4818229
vn 0.01176465 0.8823462 0.4704539
vn 0.01176465 0.8588169 0.5121476
vn 0.01176465 0.9450908 0.3265961
vn 0.08235234 0.9607769 0.2648127
vn 0.1764693 0.8823462 0.4362613
vn 0.1843123 0.8901892 0.4166439
vn 0.1921554 0.8901892 0.4130854
vn 0.1686262 0.8823462 0.4393523
vn -0.09803843 0.86666 0.4891717
vn -0.1294107 0.9294046 0.3456298
vn -0.1607831 0.874503 0.4575951
vn -0.05882299 0.9294046 0.3643444
vn 0.01176465 0.9372476 0.3484659
vn -0.1999984 0.9215615 0.3327537
vn -0.2156845 0.9137185 0.3443817
vn -0.262743 0.9137185 0.3099754
vn -0.02745068 0.9372476 0.3475822
vn 0.1058816 -0.5764662 -0.8102319
vn 0.01176465 -0.858817 -0.5121474
vn 0.1372539 -0.654897 -0.7431496
vn 0.01176465 0.9372476 0.3484659
vn 0.01176465 0.003921509 -0.9999231
vn -0.02745068 0.9372476 0.3475822
vn 0.04313695 0.9372476 0.3459857
vn 0.1137246 0.86666 0.4857645
vn 0.07450926 0.9294046 0.3614629
vn 0.145097 0.9294046 0.3393433
vn 0.1764693 0.874503 0.4517777
vn 0.2156847 0.9215615 0.3228073
vn 0.2313708 0.9137185 0.3340451
vn 0.2784293 0.9137185 0.2959657
vn 0.04313695 0.9372476 0.3459857
vn 0.1372539 -0.654897 -0.7431496
vn 0.2078416 -0.7725431 -0.5999825
vn 0.3333308 -0.6156816 -0.7140216
vn 0.552937 -0.756857 -0.3484656
vn -0.05882299 -0.9686201 0.2414849
vn -0.06651898 -0.9977852 0
vn 0.3920446 -0.9199462 0
vn 0.552937 -0.756857 -0.3484656
vn 0.7647001 -0.1607831 -0.6240053
vn 0.01176465 -0.858817 -0.5121474
vn 0.2078416 -0.7725431 -0.5999825
vn -0.04313684 -0.960777 0.2739467
vn -0.09803843 0.86666 0.4891717
vn -0.1607831 0.874503 0.4575951
vn 0.003921568 -0.9999924 0
vn 0.2078416 -0.7725431 -0.5999825
vn 0.01176465 -0.858817 -0.5121474
vn -0.02745068 -0.960777 0.2759602
vn 0.01176465 -0.03529388 0.9993077
vn -0.3176446 0.4039184 0.8578764
vn 0.01176465 0.7646999 0.6442792
vn -0.3019584 -0.2392139 0.9228206
vn -0.08235228 -0.1686262 0.9822338
vn -0.02745068 -0.7960724 0.6045786
vn 0.3019585 -0.2941154 0.9068171
vn 0.3882324 -0.8901893 0.2384087
vn -0.05097997 -0.145097 0.9881032
vn -0.05882299 -0.4352908 0.8983662
vn -0.01960766 -0.7803862 0.6249903
vn -0.06666613 -0.7647001 0.6409286
vn -0.04313684 -0.9529339 0.3000936
vn 0.01176392 -0.9999309 0
vn -0.05091424 -0.998703 0
vn -0.02745068 -0.9294047 -0.3680399
vn -0.003921509 -0.6392108 -0.7690216
vn -0.04313684 -0.6078385 -0.7928881
vn -0.05097997 -0.1999985 -0.978469
vn 0.1294108 -0.9529339 -0.2741711
vn -0.07450914 0.003921509 -0.9972126
vn -0.2392138 -0.654897 -0.7168589
vn 0.1293392 -0.9916005 0
vn 0.3882324 -0.8901893 0.2384087
vn 0.003921568 -0.9999924 0
vn 0.1294108 -0.9529339 -0.2741711
vn -0.0117638 -0.9999309 0
vn 0.05098003 -0.9764631 0.2095729
vn -0.05882299 -0.6470539 0.7601717
vn -0.2392138 -0.654897 -0.7168589
vn 0.02744067 -0.9996234 0
vn 0.2627431 -0.9215616 -0.2858152
vn -0.02745068 -0.7960724 0.6045786
vn 0.2627431 -0.960777 -0.08873361
vn 0.01176392 -0.9999309 0
vn -0.4980353 -0.8666601 0.02934566
vn 0.0274508 -0.9294047 -0.3680399
vn 0.04309721 -0.9990709 0
vn -0.0117638 -0.9999309 0
vn 0.003921568 -0.9999924 0
vn -0.1129971 -0.9935954 0
vn -0.05872193 -0.9982743 0
vn 0.3882324 -0.8901893 0.2384087
vn 0.1293392 -0.9916005 0
vn 0.3019585 -0.2941154 0.9068171
vn 0.9999924 -0.003921568 0
vn 0.9999924 -0.003921568 0
vn 0.9999924 -0.003921568 0
vn 0.9999924 -0.003921568 0
vn 0.9999924 -0.003921568 0
vn 0.9999924 -0.003921568 0
vn 0.01176465 -0.4431339 0.8963783
vn 0.05098003 -0.9764631 0.2095729
vn 0.06666619 -0.6627401 0.7458762
vn -0.01960766 -0.1294108 0.9913972
vn 0.01176465 -0.8196016 0.5728131
vn 0.0274508 -0.9686201 0.2470256
vn 0.0509143 -0.998703 0
vn -0.04309709 -0.9990709 0
vn -0.01960766 -0.8431308 -0.5373508
vn -0.02745068 -0.5215647 -0.8527701
vn -0.06666613 -0.4431339 -0.8939732
vn 0.0274508 -0.9294047 -0.3680399
vn -0.03529382 -0.1294108 -0.9909627
vn -0.05882299 -0.6470539 0.7601717
vn -0.05882299 0.05097997 -0.9969658
vn -0.07450914 -0.7019554 -0.7083127
vn -0.05872193 -0.9982743 0
vn 0.9999924 -0.003921568 0
vn 0.9999924 -0.003921568 0
vn 0.9999924 -0.003921568 0
vn 0.9999924 -0.003921568 0
vn 0.9999924 -0.003921568 0
vn 0.9999924 -0.003921568 0
vn 0.3647031 -0.5137216 -0.7765834
vn 0.09019542 -0.5450939 -0.8335091
vn 0.5294077 -0.09019542 -0.8435593
vn 0.1999985 -0.05098003 -0.978469
vn -0.01176453 -0.35686 -0.9340838
vn 0.45882 -0.4901924 -0.7410773
vn -0.1529399 -0.2235277 -0.9626239
vn 0.7333277 -0.450977 -0.5087733
vn 0.01176465 -0.7097985 -0.7043065
vn 0.01176465 0.4509768 -0.8924581
vn 0.01176465 -0.8509739 -0.5250762
vn 0.01176465 -0.6627401 -0.7487571
vn 0.01176465 0.01960766 -0.9997385
vn -0.01176453 -0.35686 -0.9340838
vn 0.05882311 -0.9137185 -0.4020675
vn 0.01176465 -0.9764631 -0.2153633
vn 0.01176392 -0.9999309 0
vn 0.09019542 -0.8509739 -0.5174053
vn 0.02744067 -0.9996234 0
vn 0.01176465 -0.858817 -0.5121474
vn -0.01176453 -0.35686 -0.9340838
vn 0.01176465 -0.6627401 -0.7487571
vn -0.01176453 -0.35686 -0.9340838
vn -0.5058784 -0.56078 -0.6554485
vn -0.5058784 -0.56078 -0.6554485
vn -0.1529399 -0.2235277 -0.9626239
vn 0.01176465 0.6078384 -0.7939736
vn -0.1529399 -0.2235277 -0.9626239
vn -0.3019584 0.4745061 -0.8268404
vn -0.5058784 -0.56078 -0.6554485
vn -0.1529399 -0.2235277 -0.9626239
vn 0.01176465 0.4509768 -0.8924581
vn 0.1137246 -0.6862693 -0.7184018
vn -0.466663 -0.7097985 -0.5276473
vn 0.09019542 -0.5450939 -0.8335091
vn -0.5529369 -0.4823493 -0.6794115
vn 0.3647031 -0.5137216 -0.7765834
vn 0.1137246 -0.6862693 -0.7184018
vn 0.45882 -0.4901924 -0.7410773
vn 0.1137246 -0.6862693 -0.7184018
vn 0.1137246 -0.6862693 -0.7184018
vn 0.7333277 -0.450977 -0.5087733
vn 0.7019554 -0.2313708 -0.6735919
vn 0.9999924 -0.003921568 0
vn 0.2941154 -0.7333277 -0.6129654
vn 0.2627431 -0.9215616 -0.2858152
vn 0.349017 -0.7254847 -0.5931771
vn 0.3647031 -0.8901893 -0.273047
vn 0.2627431 -0.960777 -0.08873361
vn 0.3647031 -0.8901893 -0.273047
vn -0.3019584 0.4745061 -0.8268404
vn 0.01176465 -0.858817 -0.5121474
vn 0.01176465 0.6078384 -0.7939736
vn -0.5058784 -0.56078 -0.6554485
vn 0.1137246 -0.6862693 -0.7184018
vn 0.7019554 -0.2313708 -0.6735919
vn -0.5529369 -0.4823493 -0.6794115
vn 0.450977 0.03529382 0.8918375
vn 0.3803893 -0.6235247 0.6830234
vn 0.5058785 0.003921509 0.8625958
vn 0.3960754 -0.654897 0.6436103
vn 0.01176465 -0.1215677 0.9925134
vn 0.450977 0.03529382 0.8918375
vn 0.01176465 -0.349017 0.9370426
vn 0.3647031 -0.15294 0.9184775
vn 0.3960754 -0.654897 0.6436103
vn 0.01176465 0.1450969 0.9893475
vn 0.2549 -0.01176465 0.9668959
vn 0.01176465 -0.01176465 0.9998616
vn 0.2549 -0.01176465 0.9668959
vn 0.01176465 -0.01176465 0.9998616
vn -0.6235245 -0.247057 -0.7417412
vn -0.466663 0.2156845 -0.857733
vn -0.670583 0.7333276 0.1120222
vn -0.9999923 -0.003921568 -0.0003442513
vn -0.3411738 -0.5999954 -0.7236062
vn 0.003921568 0.9999923 -0.000345267
vn 0.01176465 0.4274477 -0.9039636
vn -0.6670228 -0.7450373 0
vn 0.01176465 -0.6705831 -0.7417411
vn 0.003921568 -0.9999924 0
vn -0.466663 0.2156845 -0.857733
vn 0.01176465 -0.2392139 -0.9708956
vn 0.01176465 0.4274477 -0.9039636
vn -0.6235245 -0.247057 -0.7417412
vn -0.3411738 -0.5999954 -0.7236062
vn 0.01176465 -0.6705831 -0.7417411
vn 0.4823493 0.2156845 -0.8490108
vn 0.6832916 0.7301457 0
vn 0.003921568 0.9999923 -0.000345267
vn 0.6392108 -0.247057 -0.7282667
vn 0.9999924 -0.003921568 0
vn 0.35686 -0.5999954 -0.7160003
vn 0.01176465 0.4274477 -0.9039636
vn 0.01176465 -0.2392139 -0.9708956
vn 0.6751943 -0.73764 0
vn 0.01176465 -0.6705831 -0.7417411
vn 0.003921568 -0.9999924 0
vn 0.6392108 -0.247057 -0.7282667
vn 0.01176465 -0.2392139 -0.9708956
vn 0.35686 -0.5999954 -0.7160003
vn 0.4823493 0.2156845 -0.8490108
vn 0.01176465 -0.6705831 -0.7417411
vn -0.6235245 -0.247057 -0.7417412
vn -0.9999923 -0.003921568 -0.0003442513
vn -0.3411738 -0.5999954 -0.7236062
vn -0.670583 0.7333276 0.1120222
vn -0.466663 0.2156845 -0.857733
vn 0.003921568 0.9999923 -0.000345267
vn 0.01176465 0.4274477 -0.9039636
vn -0.6670228 -0.7450373 0
vn 0.01176465 -0.6705831 -0.7417411
vn 0.003921568 -0.9999924 0
vn -0.466663 0.2156845 -0.857733
vn 0.01176465 -0.2392139 -0.9708956
vn 0.01176465 0.4274477 -0.9039636
vn -0.6235245 -0.247057 -0.7417412
vn -0.3411738 -0.5999954 -0.7236062
vn 0.01176465 -0.6705831 -0.7417411
vn 0.4823493 0.2156845 -0.8490108
vn 0.6832916 0.7301457 0
vn 0.003921568 0.9999923 -0.000345267
vn 0.6392108 -0.247057 -0.7282667
vn 0.9999924 -0.003921568 0
vn 0.35686 -0.5999954 -0.7160003
vn 0.01176465 0.4274477 -0.9039636
vn 0.01176465 -0.2392139 -0.9708956
vn 0.6751943 -0.73764 0
vn 0.01176465 -0.6705831 -0.7417411
vn 0.003921568 -0.9999924 0
vn 0.6392108 -0.247057 -0.7282667
vn 0.01176465 -0.2392139 -0.9708956
vn 0.35686 -0.5999954 -0.7160003
vn 0.4823493 0.2156845 -0.8490108
vn 0.01176465 -0.6705831 -0.7417411
vn 0.3920446 -0.9199462 0
vn 0.7647001 -0.1607831 -0.6240053
vn 0.552937 -0.756857 -0.3484656
vn 0.9686201 0.003921509 -0.2485151
vn 0.7960724 0.5843092 0.1576438
vn 0.9843062 0.1764692 0
vn 0.7960724 0.5843092 0.1576438
vn 0.7411708 -0.6705831 -0.03137041
vn 0.7097985 -0.7019554 0.05869107
vn 0.7148765 0.6992507 0
vn 0.45882 0.1529399 0.8752677
vn 0.45882 0.1529399 0.8752677
vn 0.01176465 -0.8823462 0.4704538
vn 0.01176465 0.9921492 0.124505
vn 0.7148765 0.6992507 0
vn 0.45882 0.1529399 0.8752677
vn 0.01176465 0.8823462 0.4704539
vn -0.1137246 0.4745061 0.872875
vn 0.01176465 0.4745061 0.8801736
vn 0.01176465 0.3098015 0.9507285
vn 0.45882 0.1529399 0.8752677
vn 0.01176465 -0.8823462 0.4704538
vn 0.5764662 0.2705861 -0.7710187
vn 0.6705831 0.4274477 0.6063058
vn 0.6627401 0.5686231 0.4872817
vn 0.01176465 0.5764661 -0.8170364
vn 0.01176465 0.8901892 0.4554392
vn 0.6705831 0.4274477 0.6063058
vn 0.8196016 0.1215676 -0.5598879
vn 0.9686201 0.003921509 -0.2485151
vn 0.9843062 0.1764692 0
vn 0.01176465 0.2235277 0.9746266
vn 0.01176465 0.4745061 0.8801736
vn -0.1137246 0.4745061 0.872875
vn 0.9843062 0.1764692 0
vn 0.01176465 -0.8823462 0.4704538
vn 0.7097985 -0.7019554 0.05869107
vn -0.01176453 -0.8196016 -0.5728131
vn 0.7411708 -0.6705831 -0.03137041
vn -0.01176453 -0.8196016 -0.5728131
vn 0.9686201 0.003921509 -0.2485151
vn 0.01176465 0.5764661 -0.8170364
vn 0.5764662 0.2705861 -0.7710187
vn 0.8196016 0.1215676 -0.5598879
vn 0.1294108 -0.2549 -0.9582686
vn 0.1294108 -0.2549 -0.9582686
vn 0.1294108 -0.2549 -0.9582686
vn -0.09803843 0.3803892 0.9196154
vn -0.09803843 0.3803892 0.9196154
vn -0.09803843 0.3803892 0.9196154
vn -0.7411708 -0.1215677 -0.6602175
vn -0.7568569 0.5921522 0.2766285
vn -0.7254846 -0.6705831 -0.1548882
vn -0.6941123 -0.7019554 0.1595829
vn -0.7568569 0.5921522 0.2766285
vn -0.7725431 0.3333308 0.540433
vn -0.7019553 0.7019553 0.1204887
vn -0.4431338 0.1529399 0.8833129
vn -0.4431338 0.1529399 0.8833129
vn 0.01176465 -0.8823462 0.4704538
vn 0.01176465 0.9921492 0.124505
vn -0.7019553 0.7019553 0.1204887
vn -0.4431338 0.1529399 0.8833129
vn 0.01176465 0.8823462 0.4704539
vn 0.1215677 0.45882 0.8801736
vn -0.7725431 0.3333308 0.540433
vn 0.01176465 0.4745061 0.8801736
vn 0.01176465 0.3098015 0.9507285
vn -0.4431338 0.1529399 0.8833129
vn 0.01176465 -0.8823462 0.4704538
vn -0.6548969 0.4274477 0.6232163
vn -0.5607799 0.2705861 -0.7825018
vn -0.6470538 0.5686231 0.5079263
vn 0.01176465 0.5764661 -0.8170364
vn 0.01176465 0.8901892 0.4554392
vn -0.6548969 0.4274477 0.6232163
vn -0.7568569 0.08235228 -0.6483716
vn -0.7411708 -0.1215677 -0.6602175
vn -0.7725431 0.3333308 0.540433
vn 0.01176465 0.2235277 0.9746266
vn 0.01176465 0.4745061 0.8801736
vn 0.1215677 0.45882 0.8801736
vn -0.7725431 0.3333308 0.540433
vn 0.01176465 -0.8823462 0.4704538
vn -0.01176453 -0.8196016 -0.5728131
vn -0.6941123 -0.7019554 0.1595829
vn -0.7254846 -0.6705831 -0.1548882
vn -0.01176453 -0.8196016 -0.5728131
vn -0.7411708 -0.1215677 -0.6602175
vn -0.7568569 0.08235228 -0.6483716
vn -0.7411708 -0.1215677 -0.6602175
vn -0.5607799 0.2705861 -0.7825018
vn 0.01176465 0.5764661 -0.8170364
vn -0.9294046 0.3568599 -0.09411716
vn -0.9921492 0.01176453 -0.124505
vn -0.9921492 -0.01960772 -0.1235129
vn -0.9607769 0.1999984 -0.1921154
vn -0.9843061 0.1607831 0.07273465
vn -0.9843061 -0.1764693 -0.000342559
vn -0.9843061 -0.15294 -0.088039
vn -0.5529369 0.8196015 0.150047
vn -0.7097985 0.6941123 0.1199761
vn 0.1607831 0.9686199 -0.1895368
vn -0.3882322 0.9137185 0.1199762
vn -0.7019553 0.7019553 0.1204887
vn -0.8274446 0.5058784 0.2437673
vn -0.4039184 0.86666 0.2928317
vn -0.8509738 0.5058784 0.1411754
vn 0.05882311 0.9137185 0.4020677
vn -0.874503 0.4745061 -0.1004409
vn -0.1058815 0.9843061 0.141176
vn -0.1372538 0.8980323 0.4179705
vn -0.0901953 0.9921492 0.08662968
vn 0.01176465 0.9921492 0.124505
vn 0.01176465 0.9921492 0.124505
vn 0.01176465 0.9921492 0.124505
vn -0.06666613 0.9843061 0.1633926
vn 0.0274508 0.9843061 0.1743215
vn 0.09803849 0.9764631 0.1921154
vn 0.01176465 0.9372476 0.3484659
vn 0.01176465 0.874503 0.4848773
vn 0.01176465 0.9607769 0.2770727
vn -0.1215676 0.8196015 0.5598881
vn -0.1764692 0.8352877 0.5207236
vn -0.1843122 0.7411708 0.6455191
vn -0.7882292 0.3725461 0.4898001
vn -0.9058753 0.08235228 0.4154612
vn 0.01176465 0.8196015 0.5728132
vn -0.9764631 0.06666613 0.2051231
vn -0.9137185 -0.09019542 0.3962113
vn -0.9764631 -0.1137246 0.1832664
vn -0.7176415 0.003921509 0.6964017
vn -0.6156815 -0.06666619 0.78517
vn -0.6078384 0.4117615 0.6789587
vn -0.8980323 0.2235277 0.3789107
vn -0.9450908 0.2941153 0.1424767
vn -0.9921492 -0.07450926 0.1004404
vn -0.9058753 0.3411738 0.2509788
vn -0.66274 0.3568599 0.6583515
vn -0.8980323 0.2549 0.3585581
vn -0.9294046 0.3176446 0.1879068
vn -0.9372476 -0.01960772 0.3481127
vn -0.7254846 -0.01960772 0.687959
vn -0.9764631 -0.01176465 0.2153636
vn -0.9294046 0.3176446 0.1879068
vn -0.9764631 -0.2156847 8.631674E-05
vn -0.9510053 -0.3091746 0
vn -0.9430625 -0.3326155 0
vn -0.9529338 -0.3019585 -0.02717127
vn -0.9372476 -0.3411739 -0.07188372
vn -0.9371324 -0.3489741 0
vn 0.01176465 0.9294046 0.3688748
vn 0.0274508 0.9843061 0.1743215
vn 0.01176465 0.9921492 0.124505
vn -0.5450938 -0.06666619 0.8357203
vn -0.2862723 0.5215646 0.8037528
vn -0.3490169 0.2941153 0.8897659
vn -0.4196045 0.01176453 0.9076308
vn -0.7176415 0.003921509 0.6964017
vn -0.4980353 -0.05098003 0.8656569
vn 0.01176465 -0.1764693 0.9842358
vn 0.01176465 0.4901923 0.8715349
vn -0.06666613 0.8509738 0.5209599
vn 0.01176465 -0.2941154 0.9556975
vn -0.5450938 0.06666613 0.8357203
vn -0.02745068 0.7960722 0.6045787
vn -0.6078384 0.4117615 0.6789587
vn -0.6156815 -0.06666619 0.78517
vn -0.3882322 0.4274477 0.8164338
vn -0.66274 0.3568599 0.6583515
vn -0.05097997 0.6862692 0.7255589
vn -0.7254846 -0.01960772 0.687959
vn -0.45882 -0.01960772 0.8883129
vn -0.2549 0.5215646 0.8142459
vn -0.3176446 -0.03529388 0.9475527
vn 0.01176465 0.9529338 0.3029502
vn -0.06666613 0.8509738 0.5209599
vn 0.03529388 0.9529338 0.3011172
vn 0.01176465 0.4901923 0.8715349
vn -0.2862723 0.5215646 0.8037528
vn 0.6941124 0.6784261 0.2407198
vn -0.1843122 0.7411708 0.6455191
vn 0.9137185 0.262743 0.3099751
vn -0.3803892 -0.654897 0.6530038
vn -0.3647031 -0.6235247 0.6915264
vn -0.1450969 -0.960777 0.2363354
vn -0.02744055 -0.9996234 0
vn -0.3490169 -0.15294 0.9245521
vn -0.4196045 0.01176453 0.9076308
vn -0.6156815 -0.06666619 0.78517
vn -0.7176415 0.003921509 0.6964017
vn -0.5450938 0.06666613 0.8357203
vn -0.5450938 -0.06666619 0.8357203
vn -0.05097997 0.6862692 0.7255589
vn -0.2549 0.5215646 0.8142459
vn -0.3882322 0.4274477 0.8164338
vn 0.01176465 0.9215615 0.3880541
vn 0.01176465 0.4352907 0.9002131
vn 0.01176465 0.9215615 0.3880541
vn -0.3176446 -0.03529388 0.9475527
vn 0.01176465 -0.6627401 0.7487571
vn -0.3176446 -0.03529388 0.9475527
vn 0.003921568 -0.9999924 0
vn 0.02744067 -0.9996234 0
vn -0.003921509 -0.9999924 0
vn -0.003921509 -0.9999924 0
vn -0.01176453 -0.247057 0.9689295
vn 0.01176465 -0.2941154 0.9556975
vn 0.01176465 -0.3254877 0.9454731
vn -0.4980353 -0.05098003 0.8656569
vn -0.05097997 0.6862692 0.7255589
vn 0.5450939 0.3960754 0.738916
vn -0.01176453 -0.247057 0.9689295
vn -0.4980353 -0.05098003 0.8656569
vn -0.02745068 0.7960722 0.6045787
vn 0.5450939 0.3960754 0.738916
vn -0.05097997 0.6862692 0.7255589
vn -0.02745068 0.7960722 0.6045787
vn 0.003921568 -0.9999924 0
vn -0.0117638 -0.9999309 0
vn 0.003921568 -0.9999924 0
vn -0.0117638 -0.9999309 0
vn 0.3176447 -0.2392139 0.9175394
vn -0.05097997 0.6862692 0.7255589
vn -0.01176453 -0.247057 0.9689295
vn 0.3333308 0.4039184 0.851904
vn -0.05097997 0.6862692 0.7255589
vn 0.01176465 0.7646999 0.6442792
vn 0.01176465 0.9215615 0.3880541
vn 0.3333308 0.4039184 0.851904
vn 0.0274508 0.02745068 -0.9992462
vn 0.09019542 -0.7019554 -0.7064866
vn 0.07450926 0.05097997 -0.9959164
vn 0.0274508 0.02745068 -0.9992462
vn 0.01176465 -0.6627401 -0.7487571
vn 0.003921568 -0.9999924 0
vn -0.003921509 -0.9999924 0
vn 0.07430387 -0.9972357 0
vn -0.003921509 -0.9999924 0
vn 0.09019542 -0.7019554 -0.7064866
vn 0.01176465 -0.6627401 -0.7487571
vn -0.003921509 -0.9999924 0
vn -0.003921509 -0.9999924 0
vn -0.003921509 -0.9999924 0
vn 0.02744067 -0.9996234 0
vn 0.01176465 0.9686199 -0.248268
vn -0.01960766 0.9843061 -0.1753769
vn 0.01176465 0.9843061 -0.176077
vn -0.06666613 0.9686199 -0.239439
vn 0.01176465 0.7490138 -0.66245
vn -0.1372538 0.8196015 -0.5562506
vn 0.01176465 0.2705861 -0.9626239
vn -0.1607831 0.3490169 -0.9232205
vn 0.01176465 0.4352907 -0.9002131
vn -0.1999984 0.3490169 -0.915526
vn -0.04313684 0.9921492 -0.1173844
vn -0.45882 0.7803861 -0.4248314
vn -0.1686261 0.9686199 -0.1825942
vn -0.4980353 0.8509738 -0.1667463
vn -0.5529369 0.8274446 -0.09796064
vn -0.6392107 0.7568569 -0.1362985
vn -0.6548969 0.7411708 -0.147567
vn -0.8039154 0.5764661 0.146311
vn -0.7960722 0.5921522 -0.1249989
vn -0.8588169 0.4901923 0.1488123
vn -0.8823462 0.45882 0.1046399
vn -0.9764631 0.1764692 0.1240101
vn -0.9607769 0.2078415 0.1836017
vn -0.9921492 -0.1137246 0.05202504
vn -0.9764631 0.08235228 0.1993439
vn -0.9764631 -0.1843123 0.1120216
vn -0.8588169 0.5058784 -0.08075004
vn -0.466663 0.86666 -0.1764259
vn -0.8039154 0.5921522 -0.05545997
vn -0.3960754 0.9137185 -0.09079012
vn -0.8117584 0.5764661 0.09346203
vn -0.4274477 0.8901892 0.1576443
vn -0.4117615 0.874503 0.2563141
vn -0.8039154 0.5843092 0.1109181
vn -0.4823492 0.8039154 0.3479359
vn -0.8117584 0.5607799 0.1630158
vn -0.6235245 0.7725431 -0.1199764
vn -0.6784261 0.7097985 0.1895365
vn -0.7097985 0.6941123 0.1199761
vn 0.05882311 0.9137185 0.4020677
vn 0.01176465 0.9921492 -0.124505
vn 0.01176465 0.9921492 -0.124505
vn -0.3333308 0.9137185 -0.2323988
vn 0.01176465 0.9686199 -0.248268
vn -0.0901953 0.9450908 0.314115
vn 0.01176465 0.9921492 0.124505
vn 0.01176465 0.9450908 0.3265961
vn -0.9529338 -0.07450926 -0.2938802
vn -0.9529338 0.2156845 -0.2130667
vn -0.9686199 -0.03529388 -0.2460279
vn -0.9529338 0.1764692 -0.2465276
vn -0.9607769 0.1450969 -0.2363357
vn -0.9137185 0.3333308 -0.2323988
vn -0.9215615 0.3647031 -0.1331018
vn -0.9450908 0.2862723 -0.1576439
vn -0.8980323 0.4196045 -0.1321741
vn -0.9372476 0.3333308 -0.1022619
vn -0.9058753 0.3882322 0.1693093
vn -0.9529338 0.2784292 0.1199768
vn -0.874503 0.4352907 -0.213931
vn -0.6235245 0.4117615 -0.6645823
vn -0.6941123 0.3254876 -0.6420794
vn -0.1686261 0.2470568 -0.954216
vn -0.7411708 0.2235277 -0.6330097
vn -0.08235228 0.4509768 -0.8887283
vn -0.8274446 -0.04313695 -0.5598881
vn -0.8352877 -0.15294 -0.5281135
vn -0.9529338 -0.1215677 -0.2777382
vn -0.9372476 -0.2627431 -0.2292007
vn -0.9764631 -0.09803849 -0.1921154
vn -0.9764631 -0.0274508 -0.2139307
vn -0.9764631 0.1294107 -0.1725478
vn -0.7803861 -0.4823493 -0.3979155
vn -0.8509738 -0.2078416 -0.4823333
vn -0.6156815 -0.4745062 -0.6291106
vn -0.7803861 -0.4823493 -0.3979155
vn -0.1372538 -0.7647001 -0.6295993
vn 0.35686 -0.7411708 -0.5686095
vn -0.07450914 -0.5450939 -0.8350575
vn -0.6156815 -0.2392139 -0.7508082
vn -0.5137215 -0.09019542 -0.8532028
vn -0.7803861 -0.4823493 -0.3979155
vn -0.9372476 0.3176446 0.1437665
vn -0.9921492 0.003921509 0.1249981
vn -0.9607769 -0.2705862 -0.06075203
vn -0.9607769 -0.2627431 -0.08873416
vn -0.9604815 -0.2783437 0
vn -0.9604815 -0.2783437 0
vn -0.9607769 -0.2705862 0.06075203
vn -0.9529338 -0.3019585 -0.02717127
vn -0.9450908 -0.3176447 -0.07684591
vn -0.9450908 -0.3176447 -0.07684591
vn -0.9529338 -0.3019585 -0.02717127
vn -0.9372476 -0.3411739 -0.07188372
vn -0.06666613 0.9686199 -0.239439
vn -0.3333308 0.9137185 -0.2323988
vn -0.1686261 0.9686199 -0.1825942
vn 0.01176465 0.9686199 -0.248268
vn 0.01176465 0.9686199 -0.248268
vn -0.3960754 0.2470568 -0.8843569
vn -0.1607831 0.02745068 -0.986608
vn -0.1294107 0.4431338 -0.8870655
vn -0.5137215 0.01960766 -0.857733
vn -0.3725461 0.6470538 -0.6652298
vn -0.1999984 0.6313677 -0.7492499
vn -0.05882299 0.1686261 -0.9839233
vn -0.1137246 0.3333308 -0.935926
vn -0.5137215 -0.09019542 -0.8532028
vn -0.1843122 -0.05098003 -0.9815447
vn 0.01176465 0.670583 -0.7417412
vn 0.01176465 0.01960766 -0.9997385
vn -0.08235228 0.4117615 -0.907563
vn -0.1843122 0.5999954 -0.7784822
vn 0.01176465 0.6784261 -0.7345744
vn -0.2862723 0.5137215 -0.8087882
vn -0.3490169 0.2470568 -0.9039636
vn -0.3176446 0.3254876 -0.8905951
vn -0.3490169 0.3019584 -0.8871349
vn -0.6235245 0.4117615 -0.6645823
vn 0.01176465 -0.756857 -0.6534747
vn -0.02745068 -0.756857 -0.6530038
vn 0.01176465 -0.756857 -0.6534747
vn -0.6156815 -0.2392139 -0.7508082
vn -0.8509738 -0.2078416 -0.4823333
vn -0.6156815 -0.4745062 -0.6291106
vn -0.8352877 -0.15294 -0.5281135
vn -0.8274446 -0.04313695 -0.5598881
vn -0.7411708 0.2235277 -0.6330097
vn -0.08235228 0.4117615 -0.907563
vn 0.01176465 -0.03529388 -0.9993077
vn -0.1137246 0.3333308 -0.935926
vn 0.01176465 0.6784261 -0.7345744
vn -0.05882299 0.1686261 -0.9839233
vn 0.01176465 0.670583 -0.7417412
vn 0.01176465 0.6784261 -0.7345744
vn -0.08235228 0.4117615 -0.907563
vn -0.6235245 0.4117615 -0.6645823
vn -0.3882322 0.2156845 -0.8959665
vn -0.3490169 0.3019584 -0.8871349
vn -0.3098015 0.06666613 -0.9484612
vn -0.2862723 0.5137215 -0.8087882
vn 0.01176465 -0.3647031 -0.9310495
vn 0.2941154 -0.2313708 -0.9273422
vn 0.01176465 -0.4039185 -0.9147193
vn 0.1294108 -0.09019542 -0.9874805
vn 0.4117616 -0.56078 -0.7183161
vn 0.4117616 -0.5999954 -0.6858993
vn -0.3490169 0.2470568 -0.9039636
vn -0.1607831 0.3490169 -0.9232205
vn -0.3176446 0.3254876 -0.8905951
vn -0.1999984 0.3490169 -0.915526
vn -0.1843122 0.5999954 -0.7784822
vn -0.1999984 0.6313677 -0.7492499
vn 0.05882311 0.9137185 0.4020677
vn -0.1215676 0.8823462 0.454628
vn -0.1137246 0.86666 0.4857646
vn -0.4823492 0.8039154 0.3479359
vn 0.01176465 0.8823462 0.4704539
vn 0.01176465 0.8588169 0.5121476
vn 0.01176465 0.9450908 0.3265961
vn -0.0901953 0.9450908 0.314115
vn -0.4117615 0.874503 0.2563141
vn -0.0901953 -0.5764662 -0.8121278
vn -0.1215676 -0.654897 -0.7458762
vn 0.01176465 -0.858817 -0.5121474
vn -0.1215676 -0.654897 -0.7458762
vn -0.3176446 -0.6156816 -0.7211367
vn -0.1921554 -0.7725431 -0.6051887
vn -0.5372508 -0.756857 -0.3721951
vn 0.07450926 -0.9686201 0.237115
vn 0.08207512 -0.9966261 0
vn -0.3787849 -0.9254848 0
vn -0.5372508 -0.756857 -0.3721951
vn -0.7490138 -0.1607831 -0.6427497
vn -0.1921554 -0.7725431 -0.6051887
vn 0.01176465 -0.858817 -0.5121474
vn 0.05882311 -0.960777 0.2710118
vn 0.1764693 0.874503 0.4517777
vn 0.1137246 0.86666 0.4857645
vn 0.003921568 -0.9999924 0
vn -0.1921554 -0.7725431 -0.6051887
vn 0.04313695 -0.960777 0.2739467
vn 0.01176465 -0.858817 -0.5121474
vn 0.01176465 -0.03529388 0.9993077
vn 0.3333308 0.4039184 0.851904
vn 0.3176447 -0.2392139 0.9175394
vn 0.01176465 0.7646999 0.6442792
vn 0.09803849 -0.1686262 0.9807923
vn -0.2862723 -0.2941154 0.9118905
vn 0.04313695 -0.7960724 0.6036622
vn -0.3725461 -0.8901893 0.262245
vn 0.06666619 -0.145097 0.9871689
vn 0.07450926 -0.4352908 0.8972014
vn 0.03529388 -0.7803862 0.624301
vn 0.08235234 -0.7647001 0.6391024
vn 0.05882311 -0.9529339 0.2974169
vn -0.003921509 -0.9999924 0
vn 0.06651904 -0.9977852 0
vn 0.04313695 -0.9294047 -0.3665326
vn 0.01960772 -0.6392108 -0.7687816
vn 0.05882311 -0.6078385 -0.7918789
vn 0.06666619 -0.1999985 -0.9775255
vn -0.1137246 -0.9529339 -0.2810404
vn 0.09019542 0.003921509 -0.9959164
vn 0.2549 -0.654897 -0.7114323
vn -0.12068 -0.9926914 0
vn -0.3725461 -0.8901893 0.262245
vn -0.2862723 -0.2941154 0.9118905
vn -0.3725461 -0.8901893 0.262245
vn -0.12068 -0.9926914 0
vn 0.003921568 -0.9999924 0
vn -0.1137246 -0.9529339 -0.2810404
vn 0.02744067 -0.9996234 0
vn -0.03529382 -0.9764631 0.2127771
vn 0.07450926 -0.6470539 0.7587948
vn 0.2549 -0.654897 -0.7114323
vn -0.0117638 -0.9999309 0
vn -0.003921509 -0.9999924 0
vn 0.04313695 -0.7960724 0.6036622
vn -0.2392138 -0.9686201 -0.06746767
vn 0.01176392 -0.9999309 0
vn 0.5099091 -0.8602283 0
vn -0.01176453 -0.9294047 -0.3688747
vn -0.02744055 -0.9996234 0
vn 0.02744067 -0.9996234 0
vn 0.003921568 -0.9999924 0
vn 0.1283416 -0.9917301 0
vn 0.07430387 -0.9972357 0
vn -0.9999923 -0.003921568 -0.0003442513
vn -0.9999923 -0.003921568 -0.0003442513
vn -0.9999923 -0.003921568 -0.0003442513
vn -0.9999923 -0.003921568 -0.0003442513
vn -0.9999923 -0.003921568 -0.0003442513
vn -0.9999923 -0.003921568 -0.0003442513
vn 0.01176465 -0.4431339 0.8963783
vn -0.03529382 -0.9764631 0.2127771
vn 0.03529388 -0.1294108 0.9909627
vn -0.05097997 -0.6627401 0.7471122
vn 0.01176465 -0.8196016 0.5728131
vn -0.01176453 -0.9686201 0.2482675
vn -0.03527213 -0.9993777 0
vn 0.05872205 -0.9982743 0
vn 0.03529388 -0.8431308 -0.5365489
vn 0.04313695 -0.5215647 -0.8521206
vn 0.08235234 -0.4431339 -0.8926648
vn -0.01176453 -0.9294047 -0.3688747
vn 0.05098003 -0.1294108 -0.9902797
vn 0.07450926 -0.6470539 0.7587948
vn 0.07450926 0.05097997 -0.9959164
vn 0.09019542 -0.7019554 -0.7064866
vn 0.07430387 -0.9972357 0
vn -0.9999923 -0.003921568 -0.0003442513
vn -0.9999923 -0.003921568 -0.0003442513
vn -0.9999923 -0.003921568 -0.0003442513
vn -0.9999923 -0.003921568 -0.0003442513
vn -0.9999923 -0.003921568 -0.0003442513
vn -0.9999923 -0.003921568 -0.0003442513
vn -0.3490169 -0.5137216 -0.7837585
vn -0.5137215 -0.09019542 -0.8532028
vn -0.07450914 -0.5450939 -0.8350575
vn -0.1843122 -0.05098003 -0.9815447
vn 0.0274508 -0.35686 -0.9337544
vn -0.4431338 -0.4901924 -0.7505623
vn 0.1686262 -0.2235277 -0.9600003
vn -0.7176415 -0.450977 -0.5306699
vn 0.01176465 -0.7097985 -0.7043065
vn 0.01176465 0.4509768 -0.8924581
vn 0.01176465 -0.8509739 -0.5250762
vn 0.01176465 -0.6627401 -0.7487571
vn 0.0274508 -0.35686 -0.9337544
vn 0.01176465 0.01960766 -0.9997385
vn -0.04313684 -0.9137185 -0.4040515
vn 0.01176465 -0.9764631 -0.2153633
vn -0.07450914 -0.8509739 -0.519896
vn 0.01176392 -0.9999309 0
vn -0.0117638 -0.9999309 0
vn 0.01176465 -0.858817 -0.5121474
vn 0.0274508 -0.35686 -0.9337544
vn 0.5215647 -0.56078 -0.6430366
vn 0.0274508 -0.35686 -0.9337544
vn 0.01176465 -0.6627401 -0.7487571
vn 0.1686262 -0.2235277 -0.9600003
vn 0.5215647 -0.56078 -0.6430366
vn 0.01176465 0.6078384 -0.7939736
vn 0.1686262 -0.2235277 -0.9600003
vn 0.01176465 0.4509768 -0.8924581
vn 0.1686262 -0.2235277 -0.9600003
vn 0.3176447 0.4745061 -0.820942
vn 0.5215647 -0.56078 -0.6430366
vn -0.09803843 -0.6862693 -0.72071
vn -0.07450914 -0.5450939 -0.8350575
vn 0.35686 -0.7411708 -0.5686095
vn -0.1372538 -0.7647001 -0.6295993
vn -0.3490169 -0.5137216 -0.7837585
vn -0.09803843 -0.6862693 -0.72071
vn -0.09803843 -0.6862693 -0.72071
vn -0.4431338 -0.4901924 -0.7505623
vn -0.09803843 -0.6862693 -0.72071
vn -0.7176415 -0.450977 -0.5306699
vn -0.6862692 -0.2313708 -0.6895667
vn -0.9999923 -0.003921568 -0.0003442513
vn 0.3176447 0.4745061 -0.820942
vn 0.01176465 -0.858817 -0.5121474
vn 0.5215647 -0.56078 -0.6430366
vn 0.01176465 0.6078384 -0.7939736
vn -0.09803843 -0.6862693 -0.72071
vn -0.1372538 -0.7647001 -0.6295993
vn -0.6862692 -0.2313708 -0.6895667
vn -0.4352907 0.03529382 0.8995979
vn -0.3647031 -0.6235247 0.6915264
vn -0.3803892 -0.654897 0.6530038
vn -0.4901923 0.003921509 0.8716055
vn 0.01176465 -0.1215677 0.9925134
vn 0.01176465 -0.349017 0.9370426
vn -0.4352907 0.03529382 0.8995979
vn -0.3490169 -0.15294 0.9245521
vn -0.3803892 -0.654897 0.6530038
vn 0.01176465 0.1450969 0.9893475
vn -0.2392138 -0.01176465 0.9708956
vn 0.01176465 -0.01176465 0.9998616
vn 0.01176465 -0.01176465 0.9998616
vn -0.2392138 -0.01176465 0.9708956
vn 0.6392108 -0.247057 -0.7282667
vn 0.6832916 0.7301457 0
vn 0.4823493 0.2156845 -0.8490108
vn 0.9999924 -0.003921568 0
vn 0.35686 -0.5999954 -0.7160003
vn 0.003921568 0.9999923 -0.000345267
vn 0.01176465 0.4274477 -0.9039636
vn 0.6751943 -0.73764 0
vn 0.01176465 -0.6705831 -0.7417411
vn 0.003921568 -0.9999924 0
vn 0.4823493 0.2156845 -0.8490108
vn 0.01176465 -0.2392139 -0.9708956
vn 0.6392108 -0.247057 -0.7282667
vn 0.01176465 0.4274477 -0.9039636
vn 0.35686 -0.5999954 -0.7160003
vn 0.01176465 -0.6705831 -0.7417411
vn -0.466663 0.2156845 -0.857733
vn -0.670583 0.7333276 0.1120222
vn -0.6235245 -0.247057 -0.7417412
vn 0.003921568 0.9999923 -0.000345267
vn -0.9999923 -0.003921568 -0.0003442513
vn -0.3411738 -0.5999954 -0.7236062
vn 0.01176465 0.4274477 -0.9039636
vn 0.01176465 -0.2392139 -0.9708956
vn -0.6670228 -0.7450373 0
vn 0.01176465 -0.6705831 -0.7417411
vn 0.003921568 -0.9999924 0
vn -0.6235245 -0.247057 -0.7417412
vn 0.01176465 -0.2392139 -0.9708956
vn -0.466663 0.2156845 -0.857733
vn -0.3411738 -0.5999954 -0.7236062
vn 0.01176465 -0.6705831 -0.7417411
vn 0.6392108 -0.247057 -0.7282667
vn 0.9999924 -0.003921568 0
vn 0.6832916 0.7301457 0
vn 0.35686 -0.5999954 -0.7160003
vn 0.4823493 0.2156845 -0.8490108
vn 0.003921568 0.9999923 -0.000345267
vn 0.01176465 0.4274477 -0.9039636
vn 0.6751943 -0.73764 0
vn 0.01176465 -0.6705831 -0.7417411
vn 0.003921568 -0.9999924 0
vn 0.4823493 0.2156845 -0.8490108
vn 0.01176465 -0.2392139 -0.9708956
vn 0.6392108 -0.247057 -0.7282667
vn 0.01176465 0.4274477 -0.9039636
vn 0.35686 -0.5999954 -0.7160003
vn 0.01176465 -0.6705831 -0.7417411
vn -0.466663 0.2156845 -0.857733
vn -0.670583 0.7333276 0.1120222
vn -0.6235245 -0.247057 -0.7417412
vn 0.003921568 0.9999923 -0.000345267
vn -0.9999923 -0.003921568 -0.0003442513
vn -0.3411738 -0.5999954 -0.7236062
vn 0.01176465 0.4274477 -0.9039636
vn 0.01176465 -0.2392139 -0.9708956
vn -0.6670228 -0.7450373 0
vn 0.01176465 -0.6705831 -0.7417411
vn 0.003921568 -0.9999924 0
vn -0.6235245 -0.247057 -0.7417412
vn 0.01176465 -0.2392139 -0.9708956
vn -0.466663 0.2156845 -0.857733
vn -0.3411738 -0.5999954 -0.7236062
vn 0.01176465 -0.6705831 -0.7417411
vn -0.3787849 -0.9254848 0
vn -0.5372508 -0.756857 -0.3721951
vn -0.7490138 -0.1607831 -0.6427497
vn -0.8039154 0.5921522 -0.05545997
vn -0.8431307 0.5294076 -0.09411803
vn -0.8588169 0.5058784 -0.08075004
vn -0.8117584 0.5764661 0.09346203
vn -0.8039154 0.5843092 0.1109181
vn -0.7725431 0.6235245 0.1199764
vn -0.8117584 0.5607799 0.1630158
vn -0.6235245 0.7725431 -0.1199764
vn -0.9843061 0.1215676 -0.1279173
vn -0.8901892 0.4352907 -0.1344813
vn -0.8196015 0.5686231 0.07015082
vn -0.9764631 0.1764692 -0.1240101
vn -0.8274446 0.5529369 -0.09796064
vn -0.9921492 0.1137246 -0.05202518
vn -0.9686199 0.2313707 -0.09079092
vn -0.9686199 0.2392138 -0.0674695
vn -0.9764631 0.1764692 0.1240101
vn -0.9843061 0.1529399 0.08803921
vn -0.9607769 -0.2627431 -0.08873416
vn -0.9607769 -0.2627431 -0.08873416
vn -0.9607769 -0.2705862 -0.06075203
vn -0.9372476 0.3333308 0.1022619
vn -0.9843061 0.1372538 -0.1109185
vn -0.8431307 0.5294076 -0.09411803
vn -0.7725431 0.6235245 0.1199764
vn -0.8588169 0.5058784 -0.08075004
vn -0.6235245 0.7725431 -0.1199764
vn 0.05098003 -0.7254847 -0.6863476
vn -0.1523506 -0.9883265 0
vn -0.2313707 -0.9450908 -0.2308048
vn 0.09019542 -0.6235247 -0.7765834
vn -0.2549 -0.8980324 -0.3585581
vn -0.7254846 -0.5294077 -0.4397722
vn 0.4425083 0.8967644 0
vn -0.7411708 0.5921522 0.316262
vn -0.7019553 0.7097985 -0.05869336
vn 0.4431339 0.8509738 0.2819147
vn 0.9921493 0.02745068 -0.1220092
vn 0.9921493 0.07450914 -0.1004399
vn 0.2156847 0.8823462 0.4182648
vn 0.8509739 0.5137215 0.1092414
vn -0.7490138 -0.1843123 0.6364019
vn 0.09803849 0.7490138 0.6552609
vn -0.5764661 0.5999954 0.5547003
vn -0.874503 0.01176453 0.4848773
vn -0.5133427 -0.8581837 0
vn -0.9294046 -0.05882311 0.3643445
vn -0.9607769 0.2156845 0.1743212
vn 0.8039154 -0.5058785 -0.3127409
vn 0.9921493 0.07450914 -0.1004399
vn 0.8274447 -0.4823493 -0.2875317
vn 0.9921493 0.02745068 -0.1220092
vn 0.8980324 -0.3960754 -0.1914736
vn 0.247057 0.003921509 -0.968993
vn 0.09019542 -0.6235247 -0.7765834
vn 0.05098003 -0.7254847 -0.6863476
vn 0.247057 0.003921509 -0.968993
vn 0.247057 0.003921509 -0.968993
vn 0.01176465 -0.01176465 -0.9998616
vn 0.01176465 -0.01176465 -0.9998616
vn 0.01176465 -0.01176465 -0.9998616
vn 0.01176465 -0.01176465 -0.9998616
vn -0.5450938 0.8274446 0.134938
vn -0.6078384 0.5921522 -0.5290446
vn -0.4980353 0.3882322 -0.7753944
vn -0.3333308 0.8980323 0.2871038
vn -0.6313677 0.4745061 0.6133668
vn -0.6313677 0.3882322 -0.6713051
vn 0.56078 0.8274446 0.02934769
vn 0.5137216 0.3882322 -0.7650921
vn 0.6235247 0.5921522 -0.5104633
vn 0.349017 0.8980323 0.2678155
vn 0.6470539 0.3882322 -0.6561989
vn 0.6470539 0.4745061 0.5967957
vn -0.66274 0.003921509 -0.7488393
vn 0.6784262 0.003921509 -0.7346581
vn 0.7490139 -0.01960772 0.6622641
vn -0.7333276 -0.01960772 0.6795926
vn -0.6313677 0.3882322 -0.6713051
vn -0.6313677 0.4745061 0.6133668
vn -0.7333276 -0.01960772 0.6795926
vn -0.66274 0.003921509 -0.7488393
vn 0.6470539 0.4745061 0.5967957
vn 0.6470539 0.3882322 -0.6561989
vn 0.7490139 -0.01960772 0.6622641
vn 0.6784262 0.003921509 -0.7346581
g cheshen_0
f 3/3/3 2/2/2 1/1/1
f 1/1/1 5/5/5 4/4/4
f 6/6/6 4/4/4 5/5/5
f 6/6/6 7/7/7 3/3/3
f 8/8/8 7/7/7 6/6/6
f 6/6/6 10/10/10 9/9/9
f 4/4/4 12/12/12 11/11/11
f 11/11/11 12/12/12 13/13/13
f 11/11/11 14/14/14 4/4/4
f 4/4/4 14/14/14 15/15/15
f 15/15/15 16/16/16 4/4/4
f 17/17/17 15/15/15 14/14/14
f 11/11/11 19/19/19 18/18/18
f 20/20/20 18/18/18 19/19/19
f 23/23/23 22/22/22 21/21/21
f 24/24/24 21/21/21 22/22/22
f 22/22/22 25/25/25 24/24/24
f 25/25/25 22/22/22 26/26/26
f 21/21/21 27/27/27 26/26/26
f 26/26/26 27/27/27 28/28/28
f 28/28/28 29/29/29 23/23/23
f 25/25/25 26/26/26 30/30/30
f 31/31/31 30/30/30 26/26/26
f 26/26/26 32/32/32 31/31/31
f 33/33/33 32/32/32 26/26/26
f 36/36/36 35/35/35 34/34/34
f 35/35/35 36/36/36 37/37/37
f 37/37/37 39/39/39 38/38/38
f 35/35/35 41/41/41 40/40/40
f 40/40/40 42/42/42 38/38/38
f 35/35/35 42/42/42 43/43/43
f 46/46/46 45/45/45 44/44/44
f 45/45/45 46/46/46 47/47/47
f 44/44/44 49/49/49 48/48/48
f 48/48/48 50/50/50 47/47/47
f 50/50/50 51/51/51 47/47/47
f 53/53/53 52/52/52 47/47/47
f 55/55/55 46/46/46 54/54/54
f 55/55/55 54/54/54 56/56/56
f 54/54/54 46/46/46 57/57/57
f 57/57/57 46/46/46 58/58/58
f 46/46/46 59/59/59 58/58/58
f 57/57/57 58/58/58 60/60/60
f 62/62/62 61/61/61 54/54/54
f 63/63/63 61/61/61 62/62/62
f 66/66/66 65/65/65 64/64/64
f 67/67/67 65/65/65 66/66/66
f 65/65/65 67/67/67 68/68/68
f 69/69/69 65/65/65 68/68/68
f 69/69/69 70/70/70 66/66/66
f 71/71/71 70/70/70 69/69/69
f 64/64/64 72/72/72 71/71/71
f 69/69/69 68/68/68 73/73/73
f 69/69/69 73/73/73 74/74/74
f 74/74/74 75/75/75 69/69/69
f 75/75/75 76/76/76 69/69/69
f 79/79/79 78/78/78 77/77/77
f 78/78/78 79/79/79 80/80/80
f 82/82/82 80/80/80 81/81/81
f 84/84/84 83/83/83 79/79/79
f 85/85/85 84/84/84 81/81/81
f 79/79/79 86/86/86 85/85/85
f 89/89/89 88/88/88 87/87/87
f 87/87/87 90/90/90 89/89/89
f 91/91/91 88/88/88 89/89/89
f 92/92/92 88/88/88 91/91/91
f 90/90/90 87/87/87 93/93/93
f 93/93/93 94/94/94 90/90/90
f 97/97/97 96/96/96 95/95/95
f 95/95/95 98/98/98 97/97/97
f 99/99/99 97/97/97 98/98/98
f 98/98/98 100/100/100 99/99/99
f 99/99/99 100/100/100 101/101/101
f 101/101/101 100/100/100 102/102/102
f 103/103/103 101/101/101 102/102/102
f 104/104/104 103/103/103 102/102/102
f 105/105/105 103/103/103 104/104/104
f 106/106/106 105/105/105 104/104/104
f 107/107/107 105/105/105 106/106/106
f 106/106/106 108/108/108 107/107/107
f 107/107/107 108/108/108 109/109/109
f 109/109/109 110/110/110 107/107/107
f 113/113/113 112/112/112 111/111/111
f 112/112/112 114/114/114 111/111/111
f 111/111/111 115/115/115 113/113/113
f 115/115/115 111/111/111 116/116/116
f 113/113/113 115/115/115 117/117/117
f 120/120/120 119/119/119 118/118/118
f 118/118/118 121/121/121 120/120/120
f 118/118/118 119/119/119 122/122/122
f 119/119/119 123/123/123 122/122/122
f 124/124/124 120/120/120 121/121/121
f 121/121/121 125/125/125 124/124/124
f 128/128/128 127/127/127 126/126/126
f 126/126/126 129/129/129 128/128/128
f 129/129/129 126/126/126 130/130/130
f 130/130/130 131/131/131 129/129/129
f 131/131/131 130/130/130 132/132/132
f 133/133/133 131/131/131 132/132/132
f 133/133/133 132/132/132 134/134/134
f 134/134/134 135/135/135 133/133/133
f 135/135/135 134/134/134 136/136/136
f 136/136/136 137/137/137 135/135/135
f 137/137/137 136/136/136 138/138/138
f 138/138/138 139/139/139 137/137/137
f 140/140/140 139/139/139 138/138/138
f 138/138/138 141/141/141 140/140/140
f 144/144/144 143/143/143 142/142/142
f 144/144/144 145/145/145 143/143/143
f 146/146/146 144/144/144 142/142/142
f 146/146/146 147/147/147 144/144/144
f 148/148/148 146/146/146 142/142/142
f 151/151/151 150/150/150 149/149/149
f 152/152/152 150/150/150 151/151/151
f 153/153/153 150/150/150 152/152/152
f 149/149/149 154/154/154 151/151/151
f 154/154/154 149/149/149 155/155/155
f 154/154/154 156/156/156 151/151/151
f 156/156/156 154/154/154 157/157/157
f 158/158/158 157/157/157 154/154/154
f 161/161/161 160/160/160 159/159/159
f 159/159/159 162/162/162 161/161/161
f 165/165/165 164/164/164 163/163/163
f 164/164/164 166/166/166 163/163/163
f 167/167/167 166/166/166 164/164/164
f 170/170/170 169/169/169 168/168/168
f 168/168/168 171/171/171 170/170/170
f 172/172/172 168/168/168 169/169/169
f 169/169/169 173/173/173 172/172/172
f 172/172/172 174/174/174 168/168/168
f 174/174/174 172/172/172 175/175/175
f 173/173/173 176/176/176 172/172/172
f 172/172/172 176/176/176 177/177/177
f 177/177/177 178/178/178 172/172/172
f 179/179/179 169/169/169 170/170/170
f 180/180/180 179/179/179 170/170/170
f 181/181/181 180/180/180 170/170/170
f 170/170/170 174/174/174 181/181/181
f 174/174/174 182/182/182 181/181/181
f 182/182/182 174/174/174 183/183/183
f 184/184/184 183/183/183 171/171/171
f 185/185/185 183/183/183 184/184/184
f 182/182/182 183/183/183 186/186/186
f 188/188/188 187/187/187 171/171/171
f 188/188/188 189/189/189 178/178/178
f 178/178/178 190/190/190 188/188/188
f 169/169/169 179/179/179 191/191/191
f 194/194/194 193/193/193 192/192/192
f 197/197/197 196/196/196 195/195/195
f 195/195/195 198/198/198 197/197/197
f 199/199/199 198/198/198 195/195/195
f 195/195/195 200/200/200 199/199/199
f 200/200/200 201/201/201 199/199/199
f 201/201/201 200/200/200 202/202/202
f 203/203/203 196/196/196 197/197/197
f 206/206/206 205/205/205 204/204/204
f 209/209/209 208/208/208 207/207/207
f 209/209/209 210/210/210 208/208/208
f 210/210/210 209/209/209 211/211/211
f 208/208/208 212/212/212 207/207/207
f 212/212/212 213/213/213 207/207/207
f 214/214/214 212/212/212 208/208/208
f 215/215/215 212/212/212 214/214/214
f 215/215/215 216/216/216 212/212/212
f 219/219/219 218/218/218 217/217/217
f 220/220/220 219/219/219 217/217/217
f 223/223/223 222/222/222 221/221/221
f 224/224/224 223/223/223 221/221/221
f 224/224/224 225/225/225 223/223/223
f 228/228/228 227/227/227 226/226/226
f 226/226/226 229/229/229 228/228/228
f 227/227/227 228/228/228 230/230/230
f 228/228/228 229/229/229 230/230/230
f 227/227/227 231/231/231 226/226/226
f 231/231/231 232/232/232 226/226/226
f 226/226/226 232/232/232 233/233/233
f 233/233/233 234/234/234 226/226/226
f 234/234/234 235/235/235 230/230/230
f 236/236/236 234/234/234 233/233/233
f 237/237/237 234/234/234 236/236/236
f 229/229/229 237/237/237 238/238/238
f 237/237/237 239/239/239 238/238/238
f 237/237/237 236/236/236 240/240/240
f 241/241/241 231/231/231 227/227/227
f 242/242/242 241/241/241 227/227/227
f 244/244/244 243/243/243 229/229/229
f 230/230/230 243/243/243 245/245/245
f 230/230/230 245/245/245 246/246/246
f 246/246/246 247/247/247 230/230/230
f 248/248/248 245/245/245 243/243/243
f 247/247/247 249/249/249 230/230/230
f 251/251/251 249/249/249 250/250/250
f 254/254/254 253/253/253 252/252/252
f 252/252/252 255/255/255 254/254/254
f 254/254/254 255/255/255 256/256/256
f 256/256/256 257/257/257 254/254/254
f 256/256/256 258/258/258 257/257/257
f 258/258/258 259/259/259 257/257/257
f 253/253/253 260/260/260 252/252/252
f 263/263/263 262/262/262 261/261/261
f 264/264/264 261/261/261 262/262/262
f 267/267/267 266/266/266 265/265/265
f 270/270/270 269/269/269 268/268/268
f 273/273/273 272/272/272 271/271/271
f 274/274/274 271/271/271 272/272/272
f 274/274/274 275/275/275 271/271/271
f 274/274/274 276/276/276 275/275/275
f 274/274/274 272/272/272 276/276/276
f 277/277/277 275/275/275 276/276/276
f 278/278/278 271/271/271 275/275/275
f 275/275/275 279/279/279 278/278/278
f 280/280/280 278/278/278 279/279/279
f 278/278/278 281/281/281 271/271/271
f 282/282/282 271/271/271 281/281/281
f 281/281/281 283/283/283 282/282/282
f 284/284/284 283/283/283 281/281/281
f 285/285/285 282/282/282 283/283/283
f 279/279/279 286/286/286 280/280/280
f 273/273/273 271/271/271 287/287/287
f 282/282/282 287/287/287 271/271/271
f 285/285/285 287/287/287 282/282/282
f 288/288/288 284/284/284 281/281/281
f 281/281/281 278/278/278 288/288/288
f 284/284/284 288/288/288 289/289/289
f 290/290/290 288/288/288 278/278/278
f 290/290/290 278/278/278 280/280/280
f 290/290/290 291/291/291 288/288/288
f 292/292/292 288/288/288 291/291/291
f 292/292/292 293/293/293 288/288/288
f 294/294/294 288/288/288 293/293/293
f 295/295/295 288/288/288 294/294/294
f 289/289/289 288/288/288 295/295/295
f 296/296/296 289/289/289 295/295/295
f 295/295/295 297/297/297 296/296/296
f 296/296/296 298/298/298 289/289/289
f 299/299/299 289/289/289 298/298/298
f 294/294/294 293/293/293 300/300/300
f 299/299/299 301/301/301 289/289/289
f 302/302/302 289/289/289 301/301/301
f 289/289/289 302/302/302 284/284/284
f 302/302/302 303/303/303 284/284/284
f 304/304/304 284/284/284 303/303/303
f 284/284/284 304/304/304 283/283/283
f 305/305/305 283/283/283 304/304/304
f 299/299/299 306/306/306 301/301/301
f 283/283/283 305/305/305 307/307/307
f 305/305/305 308/308/308 307/307/307
f 309/309/309 307/307/307 308/308/308
f 305/305/305 310/310/310 308/308/308
f 304/304/304 310/310/310 305/305/305
f 310/310/310 311/311/311 308/308/308
f 311/311/311 312/312/312 308/308/308
f 313/313/313 308/308/308 312/312/312
f 308/308/308 313/313/313 309/309/309
f 314/314/314 309/309/309 313/313/313
f 309/309/309 315/315/315 307/307/307
f 283/283/283 307/307/307 316/316/316
f 315/315/315 316/316/316 307/307/307
f 312/312/312 317/317/317 313/313/313
f 318/318/318 313/313/313 317/317/317
f 318/318/318 319/319/319 313/313/313
f 314/314/314 313/313/313 319/319/319
f 318/318/318 317/317/317 320/320/320
f 321/321/321 320/320/320 317/317/317
f 320/320/320 322/322/322 318/318/318
f 323/323/323 318/318/318 322/322/322
f 283/283/283 316/316/316 285/285/285
f 326/326/326 325/325/325 324/324/324
f 276/276/276 324/324/324 325/325/325
f 325/325/325 327/327/327 276/276/276
f 327/327/327 325/325/325 328/328/328
f 329/329/329 328/328/328 325/325/325
f 329/329/329 325/325/325 326/326/326
f 277/277/277 276/276/276 327/327/327
f 272/272/272 324/324/324 276/276/276
f 332/332/332 331/331/331 330/330/330
f 335/335/335 334/334/334 333/333/333
f 336/336/336 333/333/333 334/334/334
f 335/335/335 333/333/333 337/337/337
f 339/339/339 338/338/338 336/336/336
f 342/342/342 341/341/341 340/340/340
f 344/344/344 343/343/343 340/340/340
f 347/347/347 346/346/346 345/345/345
f 349/349/349 345/345/345 348/348/348
f 348/348/348 350/350/350 349/349/349
f 349/349/349 350/350/350 351/351/351
f 354/354/354 353/353/353 352/352/352
f 352/352/352 353/353/353 355/355/355
f 353/353/353 356/356/356 355/355/355
f 355/355/355 356/356/356 357/357/357
f 356/356/356 358/358/358 357/357/357
f 358/358/358 356/356/356 359/359/359
f 360/360/360 359/359/359 356/356/356
f 360/360/360 356/356/356 353/353/353
f 361/361/361 357/357/357 358/358/358
f 355/355/355 357/357/357 362/362/362
f 363/363/363 362/362/362 357/357/357
f 362/362/362 363/363/363 364/364/364
f 365/365/365 362/362/362 364/364/364
f 363/363/363 366/366/366 364/364/364
f 367/367/367 364/364/364 366/366/366
f 363/363/363 368/368/368 366/366/366
f 367/367/367 366/366/366 369/369/369
f 370/370/370 369/369/369 366/366/366
f 366/366/366 371/371/371 370/370/370
f 372/372/372 370/370/370 371/371/371
f 375/375/375 374/374/374 373/373/373
f 376/376/376 373/373/373 374/374/374
f 374/374/374 377/377/377 376/376/376
f 378/378/378 376/376/376 377/377/377
f 377/377/377 379/379/379 378/378/378
f 380/380/380 378/378/378 379/379/379
f 383/383/383 382/382/382 381/381/381
f 384/384/384 381/381/381 382/382/382
f 381/381/381 384/384/384 385/385/385
f 388/388/388 387/387/387 386/386/386
f 388/388/388 386/386/386 389/389/389
f 390/390/390 389/389/389 386/386/386
f 393/393/393 392/392/392 391/391/391
f 394/394/394 391/391/391 392/392/392
f 396/396/396 392/392/392 395/395/395
f 397/397/397 395/395/395 392/392/392
f 395/395/395 398/398/398 396/396/396
f 400/400/400 399/399/399 398/398/398
f 400/400/400 402/402/402 401/401/401
f 403/403/403 401/401/401 402/402/402
f 406/406/406 405/405/405 404/404/404
f 407/407/407 404/404/404 405/405/405
f 410/410/410 409/409/409 408/408/408
f 413/413/413 412/412/412 411/411/411
f 413/413/413 411/411/411 414/414/414
f 415/415/415 414/414/414 411/411/411
f 418/418/418 417/417/417 416/416/416
f 419/419/419 416/416/416 417/417/417
f 422/422/422 421/421/421 420/420/420
f 423/423/423 420/420/420 421/421/421
f 426/426/426 425/425/425 424/424/424
f 426/426/426 424/424/424 427/427/427
f 430/430/430 429/429/429 428/428/428
f 432/432/432 431/431/431 429/429/429
f 435/435/435 434/434/434 433/433/433
f 436/436/436 433/433/433 434/434/434
f 436/436/436 437/437/437 433/433/433
f 438/438/438 433/433/433 437/437/437
f 441/441/441 440/440/440 439/439/439
f 442/442/442 439/439/439 440/440/440
f 445/445/445 444/444/444 443/443/443
f 446/446/446 443/443/443 444/444/444
f 446/446/446 444/444/444 447/447/447
f 448/448/448 447/447/447 444/444/444
f 447/447/447 448/448/448 449/449/449
f 450/450/450 449/449/449 448/448/448
f 449/449/449 450/450/450 451/451/451
f 452/452/452 451/451/451 450/450/450
f 444/444/444 453/453/453 448/448/448
f 444/444/444 445/445/445 453/453/453
f 454/454/454 448/448/448 453/453/453
f 455/455/455 453/453/453 445/445/445
f 453/453/453 455/455/455 456/456/456
f 453/453/453 456/456/456 454/454/454
f 457/457/457 456/456/456 455/455/455
f 458/458/458 457/457/457 455/455/455
f 458/458/458 455/455/455 459/459/459
f 458/458/458 459/459/459 460/460/460
f 459/459/459 461/461/461 460/460/460
f 462/462/462 460/460/460 461/461/461
f 462/462/462 461/461/461 463/463/463
f 463/463/463 464/464/464 462/462/462
f 465/465/465 462/462/462 464/464/464
f 462/462/462 465/465/465 460/460/460
f 464/464/464 466/466/466 465/465/465
f 467/467/467 465/465/465 466/466/466
f 466/466/466 468/468/468 467/467/467
f 469/469/469 463/463/463 461/461/461
f 459/459/459 470/470/470 461/461/461
f 461/461/461 470/470/470 471/471/471
f 469/469/469 461/461/461 471/471/471
f 472/472/472 471/471/471 470/470/470
f 473/473/473 471/471/471 472/472/472
f 474/474/474 473/473/473 472/472/472
f 474/474/474 475/475/475 473/473/473
f 476/476/476 473/473/473 475/475/475
f 475/475/475 477/477/477 476/476/476
f 478/478/478 476/476/476 477/477/477
f 478/478/478 477/477/477 479/479/479
f 480/480/480 479/479/479 477/477/477
f 479/479/479 480/480/480 481/481/481
f 482/482/482 481/481/481 480/480/480
f 472/472/472 470/470/470 483/483/483
f 484/484/484 483/483/483 470/470/470
f 470/470/470 485/485/485 484/484/484
f 485/485/485 470/470/470 459/459/459
f 485/485/485 459/459/459 455/455/455
f 486/486/486 484/484/484 485/485/485
f 487/487/487 475/475/475 474/474/474
f 483/483/483 488/488/488 472/472/472
f 474/474/474 472/472/472 488/488/488
f 474/474/474 488/488/488 487/487/487
f 489/489/489 487/487/487 488/488/488
f 492/492/492 491/491/491 490/490/490
f 493/493/493 490/490/490 491/491/491
f 491/491/491 494/494/494 493/493/493
f 492/492/492 495/495/495 491/491/491
f 496/496/496 491/491/491 495/495/495
f 496/496/496 497/497/497 491/491/491
f 494/494/494 491/491/491 497/497/497
f 496/496/496 498/498/498 497/497/497
f 499/499/499 497/497/497 498/498/498
f 498/498/498 500/500/500 499/499/499
f 501/501/501 499/499/499 500/500/500
f 500/500/500 465/465/465 501/501/501
f 500/500/500 460/460/460 465/465/465
f 467/467/467 501/501/501 465/465/465
f 500/500/500 498/498/498 458/458/458
f 498/498/498 496/496/496 458/458/458
f 500/500/500 458/458/458 460/460/460
f 457/457/457 458/458/458 496/496/496
f 495/495/495 502/502/502 496/496/496
f 457/457/457 496/496/496 502/502/502
f 457/457/457 502/502/502 456/456/456
f 456/456/456 502/502/502 454/454/454
f 503/503/503 454/454/454 502/502/502
f 502/502/502 495/495/495 503/503/503
f 504/504/504 503/503/503 495/495/495
f 504/504/504 505/505/505 503/503/503
f 504/504/504 507/507/507 506/506/506
f 507/507/507 504/504/504 492/492/492
f 492/492/492 490/490/490 507/507/507
f 508/508/508 507/507/507 490/490/490
f 509/509/509 508/508/508 490/490/490
f 490/490/490 510/510/510 509/509/509
f 510/510/510 490/490/490 511/511/511
f 512/512/512 510/510/510 511/511/511
f 510/510/510 512/512/512 513/513/513
f 514/514/514 513/513/513 512/512/512
f 513/513/513 515/515/515 510/510/510
f 493/493/493 511/511/511 490/490/490
f 516/516/516 509/509/509 510/510/510
f 516/516/516 510/510/510 517/517/517
f 518/518/518 517/517/517 510/510/510
f 495/495/495 492/492/492 504/504/504
f 520/520/520 517/517/517 519/519/519
f 521/521/521 520/520/520 519/519/519
f 522/522/522 519/519/519 517/517/517
f 464/464/464 523/523/523 466/466/466
f 523/523/523 524/524/524 466/466/466
f 524/524/524 525/525/525 466/466/466
f 526/526/526 466/466/466 525/525/525
f 526/526/526 525/525/525 527/527/527
f 527/527/527 528/528/528 526/526/526
f 529/529/529 526/526/526 528/528/528
f 526/526/526 529/529/529 466/466/466
f 530/530/530 527/527/527 525/525/525
f 525/525/525 531/531/531 530/530/530
f 532/532/532 530/530/530 531/531/531
f 531/531/531 533/533/533 532/532/532
f 534/534/534 532/532/532 533/533/533
f 468/468/468 466/466/466 529/529/529
f 537/537/537 536/536/536 535/535/535
f 538/538/538 535/535/535 536/536/536
f 537/537/537 535/535/535 539/539/539
f 542/542/542 541/541/541 540/540/540
f 543/543/543 540/540/540 541/541/541
f 540/540/540 543/543/543 544/544/544
f 545/545/545 544/544/544 543/543/543
f 541/541/541 546/546/546 543/543/543
f 547/547/547 543/543/543 546/546/546
f 542/542/542 548/548/548 541/541/541
f 549/549/549 541/541/541 548/548/548
f 549/549/549 550/550/550 541/541/541
f 549/549/549 551/551/551 550/550/550
f 552/552/552 541/541/541 550/550/550
f 552/552/552 546/546/546 541/541/541
f 543/543/543 547/547/547 553/553/553
f 553/553/553 545/545/545 543/543/543
f 452/452/452 553/553/553 547/547/547
f 452/452/452 547/547/547 451/451/451
f 451/451/451 547/547/547 554/554/554
f 545/545/545 555/555/555 544/544/544
f 556/556/556 555/555/555 545/545/545
f 555/555/555 556/556/556 557/557/557
f 557/557/557 558/558/558 555/555/555
f 558/558/558 557/557/557 448/448/448
f 448/448/448 454/454/454 558/558/558
f 559/559/559 558/558/558 454/454/454
f 450/450/450 448/448/448 557/557/557
f 562/562/562 561/561/561 560/560/560
f 565/565/565 564/564/564 563/563/563
f 563/563/563 548/548/548 565/565/565
f 566/566/566 565/565/565 548/548/548
f 548/548/548 542/542/542 566/566/566
f 567/567/567 566/566/566 542/542/542
f 567/567/567 542/542/542 568/568/568
f 540/540/540 568/568/568 542/542/542
f 540/540/540 544/544/544 568/568/568
f 571/571/571 570/570/570 569/569/569
f 572/572/572 569/569/569 570/570/570
f 573/573/573 569/569/569 572/572/572
f 576/576/576 575/575/575 574/574/574
f 579/579/579 578/578/578 577/577/577
f 581/581/581 578/578/578 580/580/580
f 584/584/584 583/583/583 582/582/582
f 585/585/585 582/582/582 583/583/583
f 583/583/583 584/584/584 586/586/586
f 587/587/587 586/586/586 584/584/584
f 303/303/303 353/353/353 304/304/304
f 354/354/354 304/304/304 353/353/353
f 590/590/590 589/589/589 588/588/588
f 588/588/588 591/591/591 590/590/590
f 591/591/591 588/588/588 592/592/592
f 593/593/593 592/592/592 588/588/588
f 596/596/596 595/595/595 594/594/594
f 597/597/597 594/594/594 595/595/595
f 595/595/595 598/598/598 597/597/597
f 599/599/599 597/597/597 598/598/598
f 598/598/598 595/595/595 600/600/600
f 601/601/601 600/600/600 595/595/595
f 604/604/604 603/603/603 602/602/602
f 605/605/605 602/602/602 603/603/603
f 608/608/608 607/607/607 606/606/606
f 609/609/609 606/606/606 607/607/607
f 609/609/609 610/610/610 606/606/606
f 607/607/607 608/608/608 611/611/611
f 612/612/612 611/611/611 608/608/608
f 613/613/613 611/611/611 612/612/612
f 610/610/610 609/609/609 614/614/614
f 617/617/617 616/616/616 615/615/615
f 620/620/620 619/619/619 618/618/618
f 619/619/619 621/621/621 618/618/618
f 618/618/618 623/623/623 622/622/622
f 623/623/623 624/624/624 622/622/622
f 625/625/625 622/622/622 624/624/624
f 624/624/624 626/626/626 625/625/625
f 627/627/627 625/625/625 626/626/626
f 626/626/626 628/628/628 627/627/627
f 623/623/623 618/618/618 629/629/629
f 632/632/632 631/631/631 630/630/630
f 631/631/631 632/632/632 633/633/633
f 631/631/631 633/633/633 634/634/634
f 635/635/635 634/634/634 633/633/633
f 635/635/635 633/633/633 636/636/636
f 638/638/638 637/637/637 632/632/632
f 640/640/640 639/639/639 630/630/630
f 643/643/643 642/642/642 641/641/641
f 646/646/646 645/645/645 644/644/644
f 647/647/647 644/644/644 645/645/645
f 650/650/650 649/649/649 648/648/648
f 651/651/651 648/648/648 649/649/649
f 654/654/654 653/653/653 652/652/652
f 654/654/654 655/655/655 653/653/653
f 652/652/652 656/656/656 654/654/654
f 657/657/657 654/654/654 656/656/656
f 654/654/654 657/657/657 658/658/658
f 659/659/659 658/658/658 657/657/657
f 659/659/659 660/660/660 658/658/658
f 661/661/661 658/658/658 660/660/660
f 660/660/660 662/662/662 661/661/661
f 662/662/662 663/663/663 661/661/661
f 664/664/664 661/661/661 663/663/663
f 663/663/663 665/665/665 664/664/664
f 665/665/665 666/666/666 664/664/664
f 667/667/667 664/664/664 666/666/666
f 666/666/666 668/668/668 667/667/667
f 667/667/667 668/668/668 669/669/669
f 672/672/672 671/671/671 670/670/670
f 673/673/673 672/672/672 670/670/670
f 672/672/672 673/673/673 674/674/674
f 672/672/672 674/674/674 675/675/675
f 676/676/676 675/675/675 674/674/674
f 677/677/677 674/674/674 673/673/673
f 671/671/671 672/672/672 678/678/678
f 671/671/671 678/678/678 679/679/679
f 671/671/671 679/679/679 680/680/680
f 681/681/681 680/680/680 679/679/679
f 682/682/682 678/678/678 672/672/672
f 683/683/683 672/672/672 675/675/675
f 684/684/684 672/672/672 683/683/683
f 684/684/684 685/685/685 672/672/672
f 684/684/684 686/686/686 685/685/685
f 687/687/687 672/672/672 685/685/685
f 686/686/686 684/684/684 688/688/688
f 689/689/689 688/688/688 684/684/684
f 692/692/692 691/691/691 690/690/690
f 695/695/695 694/694/694 693/693/693
f 696/696/696 693/693/693 694/694/694
f 695/695/695 697/697/697 694/694/694
f 698/698/698 694/694/694 697/697/697
f 701/701/701 700/700/700 699/699/699
f 702/702/702 699/699/699 700/700/700
f 699/699/699 703/703/703 701/701/701
f 704/704/704 701/701/701 703/703/703
f 701/701/701 704/704/704 705/705/705
f 706/706/706 705/705/705 704/704/704
f 706/706/706 707/707/707 705/705/705
f 705/705/705 707/707/707 708/708/708
f 709/709/709 708/708/708 707/707/707
f 708/708/708 709/709/709 710/710/710
f 711/711/711 710/710/710 709/709/709
f 712/712/712 702/702/702 700/700/700
f 711/711/711 713/713/713 710/710/710
f 710/710/710 713/713/713 714/714/714
f 710/710/710 714/714/714 715/715/715
f 718/718/718 717/717/717 716/716/716
f 719/719/719 716/716/716 717/717/717
f 719/719/719 717/717/717 720/720/720
f 717/717/717 718/718/718 721/721/721
f 724/724/724 723/723/723 722/722/722
f 722/722/722 725/725/725 724/724/724
f 725/725/725 722/722/722 726/726/726
f 727/727/727 726/726/726 722/722/722
f 726/726/726 727/727/727 728/728/728
f 729/729/729 728/728/728 727/727/727
f 728/728/728 729/729/729 730/730/730
f 730/730/730 731/731/731 728/728/728
f 732/732/732 730/730/730 729/729/729
f 734/734/734 725/725/725 733/733/733
f 735/735/735 733/733/733 725/725/725
f 738/738/738 737/737/737 736/736/736
f 739/739/739 736/736/736 737/737/737
f 736/736/736 740/740/740 738/738/738
f 743/743/743 742/742/742 741/741/741
f 745/745/745 741/741/741 744/744/744
f 744/744/744 747/747/747 746/746/746
f 750/750/750 749/749/749 748/748/748
f 750/750/750 751/751/751 749/749/749
f 753/753/753 748/748/748 752/752/752
f 756/756/756 755/755/755 754/754/754
f 755/755/755 757/757/757 754/754/754
f 756/756/756 759/759/759 758/758/758
f 758/758/758 761/761/761 760/760/760
f 763/763/763 760/760/760 762/762/762
f 762/762/762 764/764/764 763/763/763
f 765/765/765 763/763/763 764/764/764
f 768/768/768 767/767/767 766/766/766
f 769/769/769 767/767/767 768/768/768
f 767/767/767 771/771/771 770/770/770
f 774/774/774 773/773/773 772/772/772
f 775/775/775 772/772/772 773/773/773
f 778/778/778 777/777/777 776/776/776
f 781/781/781 780/780/780 779/779/779
f 782/782/782 779/779/779 780/780/780
f 785/785/785 784/784/784 783/783/783
f 783/783/783 784/784/784 786/786/786
f 787/787/787 786/786/786 784/784/784
f 783/783/783 786/786/786 788/788/788
f 791/791/791 790/790/790 789/789/789
f 792/792/792 789/789/789 790/790/790
f 795/795/795 794/794/794 793/793/793
f 795/795/795 793/793/793 796/796/796
f 797/797/797 796/796/796 793/793/793
f 795/795/795 798/798/798 794/794/794
f 799/799/799 794/794/794 798/798/798
f 797/797/797 800/800/800 796/796/796
f 797/797/797 801/801/801 800/800/800
f 802/802/802 800/800/800 801/801/801
f 805/805/805 804/804/804 803/803/803
f 806/806/806 803/803/803 804/804/804
f 806/806/806 804/804/804 807/807/807
f 808/808/808 807/807/807 804/804/804
f 811/811/811 810/810/810 809/809/809
f 812/812/812 809/809/809 810/810/810
f 810/810/810 813/813/813 812/812/812
f 814/814/814 812/812/812 813/813/813
f 811/811/811 809/809/809 815/815/815
f 816/816/816 815/815/815 809/809/809
f 813/813/813 817/817/817 814/814/814
f 814/814/814 817/817/817 818/818/818
f 819/819/819 818/818/818 817/817/817
f 822/822/822 821/821/821 820/820/820
f 823/823/823 820/820/820 821/821/821
f 824/824/824 821/821/821 822/822/822
f 827/827/827 826/826/826 825/825/825
f 828/828/828 825/825/825 826/826/826
f 828/828/828 829/829/829 825/825/825
f 828/828/828 830/830/830 829/829/829
f 831/831/831 829/829/829 830/830/830
f 827/827/827 832/832/832 826/826/826
f 827/827/827 833/833/833 832/832/832
f 834/834/834 832/832/832 833/833/833
f 837/837/837 836/836/836 835/835/835
f 838/838/838 835/835/835 836/836/836
f 838/838/838 836/836/836 839/839/839
f 840/840/840 839/839/839 836/836/836
f 843/843/843 842/842/842 841/841/841
f 844/844/844 841/841/841 842/842/842
f 842/842/842 845/845/845 844/844/844
f 846/846/846 844/844/844 845/845/845
f 843/843/843 841/841/841 847/847/847
f 848/848/848 847/847/847 841/841/841
f 846/846/846 845/845/845 849/849/849
f 846/846/846 849/849/849 850/850/850
f 851/851/851 850/850/850 849/849/849
f 854/854/854 853/853/853 852/852/852
f 855/855/855 852/852/852 853/853/853
f 856/856/856 853/853/853 854/854/854
f 859/859/859 858/858/858 857/857/857
f 862/862/862 861/861/861 860/860/860
f 864/864/864 860/860/860 863/863/863
f 863/863/863 865/865/865 864/864/864
f 866/866/866 865/865/865 861/861/861
f 866/866/866 867/867/867 865/865/865
f 869/869/869 865/865/865 868/868/868
f 871/871/871 863/863/863 870/870/870
f 871/871/871 870/870/870 872/872/872
f 873/873/873 870/870/870 863/863/863
f 873/873/873 863/863/863 874/874/874
f 874/874/874 875/875/875 873/873/873
f 877/877/877 870/870/870 876/876/876
f 876/876/876 878/878/878 877/877/877
f 881/881/881 880/880/880 879/879/879
f 879/879/879 882/882/882 881/881/881
f 883/883/883 881/881/881 882/882/882
f 881/881/881 883/883/883 884/884/884
f 885/885/885 879/879/879 884/884/884
f 885/885/885 884/884/884 886/886/886
f 887/887/887 886/886/886 880/880/880
f 884/884/884 883/883/883 888/888/888
f 888/888/888 889/889/889 884/884/884
f 890/890/890 884/884/884 889/889/889
f 890/890/890 891/891/891 884/884/884
f 894/894/894 893/893/893 892/892/892
f 893/893/893 894/894/894 895/895/895
f 897/897/897 895/895/895 896/896/896
f 899/899/899 894/894/894 898/898/898
f 899/899/899 900/900/900 896/896/896
f 903/903/903 902/902/902 901/901/901
f 906/906/906 905/905/905 904/904/904
f 909/909/909 908/908/908 907/907/907
f 908/908/908 909/909/909 910/910/910
f 912/912/912 907/907/907 911/911/911
f 913/913/913 911/911/911 910/910/910
f 914/914/914 913/913/913 910/910/910
f 916/916/916 915/915/915 910/910/910
f 908/908/908 918/918/918 917/917/917
f 917/917/917 918/918/918 919/919/919
f 908/908/908 917/917/917 920/920/920
f 908/908/908 920/920/920 921/921/921
f 922/922/922 908/908/908 921/921/921
f 921/921/921 920/920/920 923/923/923
f 925/925/925 924/924/924 917/917/917
f 925/925/925 926/926/926 924/924/924
f 929/929/929 928/928/928 927/927/927
f 929/929/929 930/930/930 928/928/928
f 930/930/930 929/929/929 931/931/931
f 929/929/929 932/932/932 931/931/931
f 933/933/933 932/932/932 928/928/928
f 933/933/933 934/934/934 932/932/932
f 935/935/935 927/927/927 934/934/934
f 931/931/931 932/932/932 936/936/936
f 936/936/936 932/932/932 937/937/937
f 938/938/938 937/937/937 932/932/932
f 939/939/939 938/938/938 932/932/932
f 942/942/942 941/941/941 940/940/940
f 941/941/941 942/942/942 943/943/943
f 943/943/943 945/945/945 944/944/944
f 947/947/947 946/946/946 941/941/941
f 946/946/946 948/948/948 944/944/944
f 949/949/949 941/941/941 948/948/948
f 952/952/952 951/951/951 950/950/950
f 953/953/953 950/950/950 951/951/951
f 952/952/952 950/950/950 954/954/954
f 952/952/952 954/954/954 955/955/955
f 951/951/951 952/952/952 955/955/955
f 956/956/956 955/955/955 954/954/954
f 957/957/957 954/954/954 950/950/950
f 954/954/954 957/957/957 958/958/958
f 959/959/959 958/958/958 957/957/957
f 957/957/957 950/950/950 960/960/960
f 961/961/961 960/960/960 950/950/950
f 960/960/960 961/961/961 962/962/962
f 962/962/962 963/963/963 960/960/960
f 964/964/964 962/962/962 961/961/961
f 965/965/965 958/958/958 959/959/959
f 961/961/961 950/950/950 966/966/966
f 953/953/953 966/966/966 950/950/950
f 966/966/966 964/964/964 961/961/961
f 963/963/963 967/967/967 960/960/960
f 960/960/960 967/967/967 957/957/957
f 967/967/967 963/963/963 968/968/968
f 969/969/969 957/957/957 967/967/967
f 957/957/957 969/969/969 959/959/959
f 969/969/969 967/967/967 970/970/970
f 971/971/971 970/970/970 967/967/967
f 971/971/971 967/967/967 972/972/972
f 973/973/973 972/972/972 967/967/967
f 967/967/967 974/974/974 973/973/973
f 967/967/967 968/968/968 974/974/974
f 968/968/968 975/975/975 974/974/974
f 297/297/297 974/974/974 975/975/975
f 975/975/975 968/968/968 976/976/976
f 977/977/977 976/976/976 968/968/968
f 972/972/972 973/973/973 978/978/978
f 977/977/977 968/968/968 979/979/979
f 980/980/980 979/979/979 968/968/968
f 980/980/980 968/968/968 963/963/963
f 981/981/981 980/980/980 963/963/963
f 963/963/963 982/982/982 981/981/981
f 963/963/963 962/962/962 982/982/982
f 983/983/983 982/982/982 962/962/962
f 984/984/984 977/977/977 979/979/979
f 983/983/983 962/962/962 985/985/985
f 983/983/983 985/985/985 986/986/986
f 987/987/987 986/986/986 985/985/985
f 988/988/988 983/983/983 986/986/986
f 988/988/988 982/982/982 983/983/983
f 989/989/989 988/988/988 986/986/986
f 989/989/989 986/986/986 990/990/990
f 991/991/991 990/990/990 986/986/986
f 986/986/986 987/987/987 991/991/991
f 992/992/992 991/991/991 987/987/987
f 993/993/993 987/987/987 985/985/985
f 993/993/993 985/985/985 994/994/994
f 962/962/962 994/994/994 985/985/985
f 990/990/990 991/991/991 995/995/995
f 996/996/996 995/995/995 991/991/991
f 992/992/992 997/997/997 991/991/991
f 996/996/996 991/991/991 997/997/997
f 996/996/996 998/998/998 995/995/995
f 999/999/999 995/995/995 998/998/998
f 998/998/998 996/996/996 1000/1000/1000
f 1001/1001/1001 1000/1000/1000 996/996/996
f 994/994/994 962/962/962 964/964/964
f 955/955/955 1003/1003/1003 1002/1002/1002
f 1004/1004/1004 1002/1002/1002 1003/1003/1003
f 1003/1003/1003 955/955/955 1005/1005/1005
f 1005/1005/1005 1006/1006/1006 1003/1003/1003
f 1007/1007/1007 1003/1003/1003 1006/1006/1006
f 1003/1003/1003 1007/1007/1007 1004/1004/1004
f 956/956/956 1005/1005/1005 955/955/955
f 1002/1002/1002 951/951/951 955/955/955
f 1010/1010/1010 1009/1009/1009 1008/1008/1008
f 1013/1013/1013 1012/1012/1012 1011/1011/1011
f 1012/1012/1012 1014/1014/1014 1011/1011/1011
f 1015/1015/1015 1014/1014/1014 1012/1012/1012
f 1013/1013/1013 1011/1011/1011 1016/1016/1016
f 1013/1013/1013 1016/1016/1016 1017/1017/1017
f 1017/1017/1017 1018/1018/1018 1013/1013/1013
f 1019/1019/1019 1013/1013/1013 1018/1018/1018
f 1013/1013/1013 1019/1019/1019 1012/1012/1012
f 1020/1020/1020 1017/1017/1017 1016/1016/1016
f 1016/1016/1016 1011/1011/1011 1021/1021/1021
f 1021/1021/1021 1022/1022/1022 1016/1016/1016
f 1022/1022/1022 1021/1021/1021 1023/1023/1023
f 1021/1021/1021 1024/1024/1024 1023/1023/1023
f 1022/1022/1022 1023/1023/1023 1025/1025/1025
f 1026/1026/1026 1025/1025/1025 1023/1023/1023
f 1027/1027/1027 1022/1022/1022 1025/1025/1025
f 1026/1026/1026 1028/1028/1028 1025/1025/1025
f 1029/1029/1029 1025/1025/1025 1028/1028/1028
f 1025/1025/1025 1029/1029/1029 1030/1030/1030
f 1031/1031/1031 1030/1030/1030 1029/1029/1029
f 1034/1034/1034 1033/1033/1033 1032/1032/1032
f 1035/1035/1035 1032/1032/1032 1033/1033/1033
f 1033/1033/1033 1034/1034/1034 1036/1036/1036
f 1037/1037/1037 1036/1036/1036 1034/1034/1034
f 1036/1036/1036 1037/1037/1037 1038/1038/1038
f 1039/1039/1039 1038/1038/1038 1037/1037/1037
f 1042/1042/1042 1041/1041/1041 1040/1040/1040
f 1040/1040/1040 1043/1043/1043 1042/1042/1042
f 1043/1043/1043 1040/1040/1040 1044/1044/1044
f 1047/1047/1047 1046/1046/1046 1045/1045/1045
f 1046/1046/1046 1048/1048/1048 1045/1045/1045
f 1049/1049/1049 1045/1045/1045 1048/1048/1048
f 1052/1052/1052 1051/1051/1051 1050/1050/1050
f 1053/1053/1053 1050/1050/1050 1051/1051/1051
f 1055/1055/1055 1051/1051/1051 1054/1054/1054
f 1056/1056/1056 1054/1054/1054 1051/1051/1051
f 1054/1054/1054 1056/1056/1056 1057/1057/1057
f 1059/1059/1059 1057/1057/1057 1058/1058/1058
f 1059/1059/1059 1061/1061/1061 1060/1060/1060
f 1062/1062/1062 1060/1060/1060 1061/1061/1061
f 1065/1065/1065 1064/1064/1064 1063/1063/1063
f 1066/1066/1066 1063/1063/1063 1064/1064/1064
f 1069/1069/1069 1068/1068/1068 1067/1067/1067
f 1069/1069/1069 1070/1070/1070 1068/1068/1068
f 1071/1071/1071 1068/1068/1068 1070/1070/1070
f 1074/1074/1074 1073/1073/1073 1072/1072/1072
f 1077/1077/1077 1076/1076/1076 1075/1075/1075
f 1078/1078/1078 1075/1075/1075 1076/1076/1076
f 1081/1081/1081 1080/1080/1080 1079/1079/1079
f 1082/1082/1082 1079/1079/1079 1080/1080/1080
f 1085/1085/1085 1084/1084/1084 1083/1083/1083
f 1083/1083/1083 1084/1084/1084 1086/1086/1086
f 1089/1089/1089 1088/1088/1088 1087/1087/1087
f 1091/1091/1091 1090/1090/1090 1088/1088/1088
f 1094/1094/1094 1093/1093/1093 1092/1092/1092
f 1095/1095/1095 1092/1092/1092 1093/1093/1093
f 1094/1094/1094 1092/1092/1092 1096/1096/1096
f 1097/1097/1097 1096/1096/1096 1092/1092/1092
f 1100/1100/1100 1099/1099/1099 1098/1098/1098
f 1101/1101/1101 1098/1098/1098 1099/1099/1099
f 1104/1104/1104 1103/1103/1103 1102/1102/1102
f 1105/1105/1105 1102/1102/1102 1103/1103/1103
f 1104/1104/1104 1106/1106/1106 1103/1103/1103
f 1107/1107/1107 1103/1103/1103 1106/1106/1106
f 1106/1106/1106 1108/1108/1108 1107/1107/1107
f 1109/1109/1109 1107/1107/1107 1108/1108/1108
f 1108/1108/1108 1110/1110/1110 1109/1109/1109
f 1111/1111/1111 1109/1109/1109 1110/1110/1110
f 1103/1103/1103 1107/1107/1107 1112/1112/1112
f 1103/1103/1103 1112/1112/1112 1105/1105/1105
f 1113/1113/1113 1112/1112/1112 1107/1107/1107
f 1114/1114/1114 1105/1105/1105 1112/1112/1112
f 1112/1112/1112 1115/1115/1115 1114/1114/1114
f 1115/1115/1115 1112/1112/1112 1113/1113/1113
f 1116/1116/1116 1114/1114/1114 1115/1115/1115
f 1116/1116/1116 1117/1117/1117 1114/1114/1114
f 1114/1114/1114 1117/1117/1117 1118/1118/1118
f 1118/1118/1118 1117/1117/1117 1119/1119/1119
f 1118/1118/1118 1119/1119/1119 1120/1120/1120
f 1121/1121/1121 1120/1120/1120 1119/1119/1119
f 1121/1121/1121 1122/1122/1122 1120/1120/1120
f 1122/1122/1122 1121/1121/1121 1123/1123/1123
f 1124/1124/1124 1123/1123/1123 1121/1121/1121
f 1121/1121/1121 1119/1119/1119 1124/1124/1124
f 1123/1123/1123 1124/1124/1124 1125/1125/1125
f 1126/1126/1126 1125/1125/1125 1124/1124/1124
f 1127/1127/1127 1125/1125/1125 1126/1126/1126
f 1128/1128/1128 1120/1120/1120 1122/1122/1122
f 1129/1129/1129 1118/1118/1118 1120/1120/1120
f 1120/1120/1120 1130/1130/1130 1129/1129/1129
f 1120/1120/1120 1128/1128/1128 1130/1130/1130
f 1131/1131/1131 1129/1129/1129 1130/1130/1130
f 1130/1130/1130 1132/1132/1132 1131/1131/1131
f 1132/1132/1132 1133/1133/1133 1131/1131/1131
f 1133/1133/1133 1132/1132/1132 1134/1134/1134
f 1135/1135/1135 1134/1134/1134 1132/1132/1132
f 1134/1134/1134 1135/1135/1135 1136/1136/1136
f 1137/1137/1137 1136/1136/1136 1135/1135/1135
f 1137/1137/1137 1138/1138/1138 1136/1136/1136
f 1139/1139/1139 1136/1136/1136 1138/1138/1138
f 1138/1138/1138 1140/1140/1140 1139/1139/1139
f 1141/1141/1141 1139/1139/1139 1140/1140/1140
f 1131/1131/1131 1142/1142/1142 1129/1129/1129
f 1143/1143/1143 1129/1129/1129 1142/1142/1142
f 1129/1129/1129 1143/1143/1143 1144/1144/1144
f 1129/1129/1129 1144/1144/1144 1118/1118/1118
f 1118/1118/1118 1144/1144/1144 1114/1114/1114
f 1145/1145/1145 1144/1144/1144 1143/1143/1143
f 1134/1134/1134 1146/1146/1146 1133/1133/1133
f 1142/1142/1142 1131/1131/1131 1147/1147/1147
f 1133/1133/1133 1147/1147/1147 1131/1131/1131
f 1133/1133/1133 1146/1146/1146 1147/1147/1147
f 1148/1148/1148 1147/1147/1147 1146/1146/1146
f 1151/1151/1151 1150/1150/1150 1149/1149/1149
f 1152/1152/1152 1149/1149/1149 1150/1150/1150
f 1153/1153/1153 1150/1150/1150 1151/1151/1151
f 1152/1152/1152 1150/1150/1150 1154/1154/1154
f 1155/1155/1155 1154/1154/1154 1150/1150/1150
f 1153/1153/1153 1156/1156/1156 1150/1150/1150
f 1155/1155/1155 1150/1150/1150 1156/1156/1156
f 1155/1155/1155 1156/1156/1156 1157/1157/1157
f 1158/1158/1158 1157/1157/1157 1156/1156/1156
f 1157/1157/1157 1158/1158/1158 1159/1159/1159
f 1160/1160/1160 1159/1159/1159 1158/1158/1158
f 1159/1159/1159 1160/1160/1160 1124/1124/1124
f 1159/1159/1159 1124/1124/1124 1119/1119/1119
f 1126/1126/1126 1124/1124/1124 1160/1160/1160
f 1157/1157/1157 1159/1159/1159 1117/1117/1117
f 1157/1157/1157 1117/1117/1117 1155/1155/1155
f 1117/1117/1117 1159/1159/1159 1119/1119/1119
f 1116/1116/1116 1155/1155/1155 1117/1117/1117
f 1116/1116/1116 1161/1161/1161 1155/1155/1155
f 1154/1154/1154 1155/1155/1155 1161/1161/1161
f 1161/1161/1161 1116/1116/1116 1115/1115/1115
f 1115/1115/1115 1113/1113/1113 1161/1161/1161
f 1162/1162/1162 1161/1161/1161 1113/1113/1113
f 1161/1161/1161 1162/1162/1162 1154/1154/1154
f 1163/1163/1163 1154/1154/1154 1162/1162/1162
f 1164/1164/1164 1163/1163/1163 1162/1162/1162
f 1163/1163/1163 1166/1166/1166 1165/1165/1165
f 1165/1165/1165 1152/1152/1152 1163/1163/1163
f 1152/1152/1152 1165/1165/1165 1149/1149/1149
f 1167/1167/1167 1149/1149/1149 1165/1165/1165
f 1167/1167/1167 1168/1168/1168 1149/1149/1149
f 1149/1149/1149 1168/1168/1168 1169/1169/1169
f 1169/1169/1169 1170/1170/1170 1149/1149/1149
f 1169/1169/1169 1171/1171/1171 1170/1170/1170
f 1169/1169/1169 1172/1172/1172 1171/1171/1171
f 1173/1173/1173 1171/1171/1171 1172/1172/1172
f 1174/1174/1174 1172/1172/1172 1169/1169/1169
f 1151/1151/1151 1149/1149/1149 1170/1170/1170
f 1175/1175/1175 1169/1169/1169 1168/1168/1168
f 1175/1175/1175 1176/1176/1176 1169/1169/1169
f 1177/1177/1177 1169/1169/1169 1176/1176/1176
f 1178/1178/1178 1174/1174/1174 1176/1176/1176
f 1178/1178/1178 1176/1176/1176 1179/1179/1179
f 1179/1179/1179 1176/1176/1176 1180/1180/1180
f 1181/1181/1181 1180/1180/1180 1176/1176/1176
f 1181/1181/1181 1182/1182/1182 1180/1180/1180
f 1183/1183/1183 1178/1178/1178 1172/1172/1172
f 1184/1184/1184 1123/1123/1123 1125/1125/1125
f 1185/1185/1185 1184/1184/1184 1125/1125/1125
f 1185/1185/1185 1125/1125/1125 1186/1186/1186
f 1187/1187/1187 1186/1186/1186 1125/1125/1125
f 1187/1187/1187 1188/1188/1188 1186/1186/1186
f 1188/1188/1188 1187/1187/1187 1189/1189/1189
f 1190/1190/1190 1189/1189/1189 1187/1187/1187
f 1190/1190/1190 1187/1187/1187 1125/1125/1125
f 1191/1191/1191 1186/1186/1186 1188/1188/1188
f 1186/1186/1186 1191/1191/1191 1192/1192/1192
f 1193/1193/1193 1192/1192/1192 1191/1191/1191
f 1192/1192/1192 1193/1193/1193 1194/1194/1194
f 1195/1195/1195 1194/1194/1194 1193/1193/1193
f 1125/1125/1125 1127/1127/1127 1190/1190/1190
f 1198/1198/1198 1197/1197/1197 1196/1196/1196
f 1199/1199/1199 1196/1196/1196 1197/1197/1197
f 1196/1196/1196 1199/1199/1199 1200/1200/1200
f 1203/1203/1203 1202/1202/1202 1201/1201/1201
f 1204/1204/1204 1201/1201/1201 1202/1202/1202
f 1201/1201/1201 1205/1205/1205 1203/1203/1203
f 1206/1206/1206 1203/1203/1203 1205/1205/1205
f 1207/1207/1207 1202/1202/1202 1203/1203/1203
f 1203/1203/1203 1208/1208/1208 1207/1207/1207
f 1204/1204/1204 1202/1202/1202 1209/1209/1209
f 1210/1210/1210 1209/1209/1209 1202/1202/1202
f 1210/1210/1210 1202/1202/1202 1211/1211/1211
f 1212/1212/1212 1210/1210/1210 1211/1211/1211
f 1213/1213/1213 1211/1211/1211 1202/1202/1202
f 1207/1207/1207 1213/1213/1213 1202/1202/1202
f 1203/1203/1203 1214/1214/1214 1208/1208/1208
f 1206/1206/1206 1214/1214/1214 1203/1203/1203
f 1111/1111/1111 1208/1208/1208 1214/1214/1214
f 1208/1208/1208 1111/1111/1111 1110/1110/1110
f 1208/1208/1208 1110/1110/1110 1215/1215/1215
f 1216/1216/1216 1206/1206/1206 1205/1205/1205
f 1216/1216/1216 1217/1217/1217 1206/1206/1206
f 1217/1217/1217 1216/1216/1216 1218/1218/1218
f 1219/1219/1219 1218/1218/1218 1216/1216/1216
f 1218/1218/1218 1219/1219/1219 1107/1107/1107
f 1107/1107/1107 1219/1219/1219 1113/1113/1113
f 1220/1220/1220 1113/1113/1113 1219/1219/1219
f 1107/1107/1107 1109/1109/1109 1218/1218/1218
f 1223/1223/1223 1222/1222/1222 1221/1221/1221
f 1226/1226/1226 1225/1225/1225 1224/1224/1224
f 1224/1224/1224 1225/1225/1225 1209/1209/1209
f 1227/1227/1227 1209/1209/1209 1225/1225/1225
f 1209/1209/1209 1227/1227/1227 1204/1204/1204
f 1228/1228/1228 1204/1204/1204 1227/1227/1227
f 1228/1228/1228 1229/1229/1229 1204/1204/1204
f 1201/1201/1201 1204/1204/1204 1229/1229/1229
f 1205/1205/1205 1201/1201/1201 1229/1229/1229
f 1232/1232/1232 1231/1231/1231 1230/1230/1230
f 1233/1233/1233 1230/1230/1230 1231/1231/1231
f 1230/1230/1230 1234/1234/1234 1232/1232/1232
f 1237/1237/1237 1236/1236/1236 1235/1235/1235
f 1240/1240/1240 1239/1239/1239 1238/1238/1238
f 1240/1240/1240 1242/1242/1242 1241/1241/1241
f 1245/1245/1245 1244/1244/1244 1243/1243/1243
f 1246/1246/1246 1243/1243/1243 1244/1244/1244
f 1244/1244/1244 1247/1247/1247 1246/1246/1246
f 1248/1248/1248 1246/1246/1246 1247/1247/1247
f 1015/1015/1015 1012/1012/1012 982/982/982
f 981/981/981 982/982/982 1012/1012/1012
f 1251/1251/1251 1250/1250/1250 1249/1249/1249
f 1252/1252/1252 1249/1249/1249 1250/1250/1250
f 1252/1252/1252 1253/1253/1253 1249/1249/1249
f 1254/1254/1254 1249/1249/1249 1253/1253/1253
f 1154/1154/1154 1163/1163/1163 1152/1152/1152
f 1257/1257/1257 1256/1256/1256 1255/1255/1255
f 1258/1258/1258 1255/1255/1255 1256/1256/1256
f 1256/1256/1256 1257/1257/1257 1259/1259/1259
f 1260/1260/1260 1259/1259/1259 1257/1257/1257
f 1259/1259/1259 1261/1261/1261 1256/1256/1256
f 1262/1262/1262 1256/1256/1256 1261/1261/1261
f 1256/1256/1256 1262/1262/1262 1258/1258/1258
f 1263/1263/1263 1258/1258/1258 1262/1262/1262
f 1266/1266/1266 1265/1265/1265 1264/1264/1264
f 1269/1269/1269 1268/1268/1268 1267/1267/1267
f 1269/1269/1269 1270/1270/1270 1268/1268/1268
f 1269/1269/1269 1271/1271/1271 1270/1270/1270
f 1272/1272/1272 1270/1270/1270 1271/1271/1271
f 1270/1270/1270 1272/1272/1272 1273/1273/1273
f 1275/1275/1275 1268/1268/1268 1274/1274/1274
f 1277/1277/1277 1276/1276/1276 1267/1267/1267
f 1280/1280/1280 1279/1279/1279 1278/1278/1278
f 1283/1283/1283 1282/1282/1282 1281/1281/1281
f 1284/1284/1284 1281/1281/1281 1282/1282/1282
f 1287/1287/1287 1286/1286/1286 1285/1285/1285
f 1288/1288/1288 1285/1285/1285 1286/1286/1286
f 1291/1291/1291 1290/1290/1290 1289/1289/1289
f 1292/1292/1292 1290/1290/1290 1291/1291/1291
f 1289/1289/1289 1290/1290/1290 1293/1293/1293
f 1294/1294/1294 1293/1293/1293 1290/1290/1290
f 1290/1290/1290 1295/1295/1295 1294/1294/1294
f 1296/1296/1296 1294/1294/1294 1295/1295/1295
f 1296/1296/1296 1295/1295/1295 1297/1297/1297
f 1298/1298/1298 1297/1297/1297 1295/1295/1295
f 1299/1299/1299 1297/1297/1297 1298/1298/1298
f 1299/1299/1299 1298/1298/1298 1300/1300/1300
f 1301/1301/1301 1300/1300/1300 1298/1298/1298
f 1302/1302/1302 1300/1300/1300 1301/1301/1301
f 1302/1302/1302 1301/1301/1301 1303/1303/1303
f 1304/1304/1304 1303/1303/1303 1301/1301/1301
f 1305/1305/1305 1303/1303/1303 1304/1304/1304
f 1305/1305/1305 1304/1304/1304 1306/1306/1306
f 1309/1309/1309 1308/1308/1308 1307/1307/1307
f 1312/1312/1312 1311/1311/1311 1310/1310/1310
f 1312/1312/1312 1313/1313/1313 1311/1311/1311
f 1312/1312/1312 1314/1314/1314 1313/1313/1313
f 1312/1312/1312 1315/1315/1315 1314/1314/1314
f 1316/1316/1316 1314/1314/1314 1315/1315/1315
f 1317/1317/1317 1313/1313/1313 1314/1314/1314
f 1310/1310/1310 1318/1318/1318 1312/1312/1312
f 1318/1318/1318 1310/1310/1310 1319/1319/1319
f 1310/1310/1310 1320/1320/1320 1319/1319/1319
f 1321/1321/1321 1319/1319/1319 1320/1320/1320
f 1322/1322/1322 1312/1312/1312 1318/1318/1318
f 1312/1312/1312 1323/1323/1323 1315/1315/1315
f 1312/1312/1312 1324/1324/1324 1323/1323/1323
f 1324/1324/1324 1312/1312/1312 1325/1325/1325
f 1326/1326/1326 1324/1324/1324 1325/1325/1325
f 1327/1327/1327 1325/1325/1325 1312/1312/1312
f 1326/1326/1326 1328/1328/1328 1324/1324/1324
f 1329/1329/1329 1324/1324/1324 1328/1328/1328
f 1332/1332/1332 1331/1331/1331 1330/1330/1330
f 1333/1333/1333 1330/1330/1330 1331/1331/1331
f 1333/1333/1333 1331/1331/1331 1334/1334/1334
f 1335/1335/1335 1334/1334/1334 1331/1331/1331
f 1338/1338/1338 1337/1337/1337 1336/1336/1336
f 1339/1339/1339 1336/1336/1336 1337/1337/1337
f 1336/1336/1336 1339/1339/1339 1340/1340/1340
f 1341/1341/1341 1340/1340/1340 1339/1339/1339
f 1339/1339/1339 1342/1342/1342 1341/1341/1341
f 1343/1343/1343 1341/1341/1341 1342/1342/1342
f 1344/1344/1344 1343/1343/1343 1342/1342/1342
f 1342/1342/1342 1345/1345/1345 1344/1344/1344
f 1346/1346/1346 1344/1344/1344 1345/1345/1345
f 1345/1345/1345 1347/1347/1347 1346/1346/1346
f 1348/1348/1348 1346/1346/1346 1347/1347/1347
f 1338/1338/1338 1349/1349/1349 1337/1337/1337
f 1350/1350/1350 1348/1348/1348 1347/1347/1347
f 1350/1350/1350 1347/1347/1347 1351/1351/1351
f 1351/1351/1351 1347/1347/1347 1352/1352/1352
f 1355/1355/1355 1354/1354/1354 1353/1353/1353
f 1356/1356/1356 1353/1353/1353 1354/1354/1354
f 1354/1354/1354 1355/1355/1355 1357/1357/1357
f 1356/1356/1356 1354/1354/1354 1358/1358/1358
f 1361/1361/1361 1360/1360/1360 1359/1359/1359
f 1362/1362/1362 1359/1359/1359 1360/1360/1360
f 1362/1362/1362 1363/1363/1363 1359/1359/1359
f 1364/1364/1364 1359/1359/1359 1363/1363/1363
f 1363/1363/1363 1365/1365/1365 1364/1364/1364
f 1366/1366/1366 1364/1364/1364 1365/1365/1365
f 1365/1365/1365 1367/1367/1367 1366/1366/1366
f 1368/1368/1368 1367/1367/1367 1365/1365/1365
f 1369/1369/1369 1366/1366/1366 1367/1367/1367
f 1371/1371/1371 1362/1362/1362 1370/1370/1370
f 1372/1372/1372 1370/1370/1370 1362/1362/1362
f 1375/1375/1375 1374/1374/1374 1373/1373/1373
f 1376/1376/1376 1373/1373/1373 1374/1374/1374
f 1377/1377/1377 1373/1373/1373 1376/1376/1376
f 1380/1380/1380 1379/1379/1379 1378/1378/1378
f 1382/1382/1382 1378/1378/1378 1381/1381/1381
f 1379/1379/1379 1384/1384/1384 1383/1383/1383
f 1387/1387/1387 1386/1386/1386 1385/1385/1385
f 1389/1389/1389 1385/1385/1385 1388/1388/1388
f 1389/1389/1389 1388/1388/1388 1390/1390/1390
f 1393/1393/1393 1392/1392/1392 1391/1391/1391
f 1394/1394/1394 1393/1393/1393 1391/1391/1391
f 1396/1396/1396 1392/1392/1392 1395/1395/1395
f 1395/1395/1395 1398/1398/1398 1397/1397/1397
f 1400/1400/1400 1399/1399/1399 1398/1398/1398
f 1399/1399/1399 1400/1400/1400 1401/1401/1401
f 1402/1402/1402 1401/1401/1401 1400/1400/1400
f 1405/1405/1405 1404/1404/1404 1403/1403/1403
f 1406/1406/1406 1403/1403/1403 1404/1404/1404
f 1409/1409/1409 1408/1408/1408 1407/1407/1407
f 1412/1412/1412 1411/1411/1411 1410/1410/1410
f 1413/1413/1413 1410/1410/1410 1411/1411/1411
f 1416/1416/1416 1415/1415/1415 1414/1414/1414
f 1414/1414/1414 1417/1417/1417 1416/1416/1416
f 1418/1418/1418 1416/1416/1416 1417/1417/1417
f 1417/1417/1417 1414/1414/1414 1419/1419/1419
f 1422/1422/1422 1421/1421/1421 1420/1420/1420
f 1423/1423/1423 1420/1420/1420 1421/1421/1421
f 1426/1426/1426 1425/1425/1425 1424/1424/1424
f 1425/1425/1425 1427/1427/1427 1424/1424/1424
f 1428/1428/1428 1424/1424/1424 1427/1427/1427
f 1425/1425/1425 1426/1426/1426 1429/1429/1429
f 1430/1430/1430 1429/1429/1429 1426/1426/1426
f 1431/1431/1431 1428/1428/1428 1427/1427/1427
f 1428/1428/1428 1431/1431/1431 1432/1432/1432
f 1433/1433/1433 1432/1432/1432 1431/1431/1431
f 1436/1436/1436 1435/1435/1435 1434/1434/1434
f 1437/1437/1437 1434/1434/1434 1435/1435/1435
f 1436/1436/1436 1438/1438/1438 1435/1435/1435
f 1439/1439/1439 1435/1435/1435 1438/1438/1438
f 1442/1442/1442 1441/1441/1441 1440/1440/1440
f 1443/1443/1443 1440/1440/1440 1441/1441/1441
f 1441/1441/1441 1442/1442/1442 1444/1444/1444
f 1445/1445/1445 1444/1444/1444 1442/1442/1442
f 1443/1443/1443 1446/1446/1446 1440/1440/1440
f 1447/1447/1447 1440/1440/1440 1446/1446/1446
f 1448/1448/1448 1444/1444/1444 1445/1445/1445
f 1445/1445/1445 1449/1449/1449 1448/1448/1448
f 1450/1450/1450 1448/1448/1448 1449/1449/1449
f 1453/1453/1453 1452/1452/1452 1451/1451/1451
f 1454/1454/1454 1451/1451/1451 1452/1452/1452
f 1452/1452/1452 1455/1455/1455 1454/1454/1454
f 1458/1458/1458 1457/1457/1457 1456/1456/1456
f 1459/1459/1459 1456/1456/1456 1457/1457/1457
f 1460/1460/1460 1458/1458/1458 1456/1456/1456
f 1458/1458/1458 1460/1460/1460 1461/1461/1461
f 1462/1462/1462 1461/1461/1461 1460/1460/1460
f 1463/1463/1463 1459/1459/1459 1457/1457/1457
f 1459/1459/1459 1463/1463/1463 1464/1464/1464
f 1465/1465/1465 1464/1464/1464 1463/1463/1463
f 1468/1468/1468 1467/1467/1467 1466/1466/1466
f 1469/1469/1469 1466/1466/1466 1467/1467/1467
f 1468/1468/1468 1470/1470/1470 1467/1467/1467
f 1471/1471/1471 1467/1467/1467 1470/1470/1470
f 1474/1474/1474 1473/1473/1473 1472/1472/1472
f 1475/1475/1475 1472/1472/1472 1473/1473/1473
f 1473/1473/1473 1474/1474/1474 1476/1476/1476
f 1477/1477/1477 1476/1476/1476 1474/1474/1474
f 1475/1475/1475 1478/1478/1478 1472/1472/1472
f 1479/1479/1479 1472/1472/1472 1478/1478/1478
f 1476/1476/1476 1477/1477/1477 1480/1480/1480
f 1477/1477/1477 1481/1481/1481 1480/1480/1480
f 1482/1482/1482 1480/1480/1480 1481/1481/1481
f 1485/1485/1485 1484/1484/1484 1483/1483/1483
f 1486/1486/1486 1483/1483/1483 1484/1484/1484
f 1484/1484/1484 1487/1487/1487 1486/1486/1486
f 1490/1490/1490 1489/1489/1489 1488/1488/1488
f 1493/1493/1493 1492/1492/1492 1491/1491/1491
f 1494/1494/1494 1491/1491/1491 1492/1492/1492
f 1494/1494/1494 1492/1492/1492 1495/1495/1495
f 1496/1496/1496 1495/1495/1495 1492/1492/1492
f 1496/1496/1496 1497/1497/1497 1495/1495/1495
f 1498/1498/1498 1497/1497/1497 1496/1496/1496
f 1501/1501/1501 1500/1500/1500 1499/1499/1499
f 1502/1502/1502 1499/1499/1499 1500/1500/1500
f 1501/1501/1501 1499/1499/1499 1503/1503/1503
f 1504/1504/1504 1503/1503/1503 1499/1499/1499
f 1505/1505/1505 1504/1504/1504 1499/1499/1499
f 1505/1505/1505 1506/1506/1506 1504/1504/1504
f 1506/1506/1506 1505/1505/1505 1507/1507/1507
f 1508/1508/1508 1507/1507/1507 1505/1505/1505
f 1507/1507/1507 1508/1508/1508 1509/1509/1509
f 1510/1510/1510 1509/1509/1509 1508/1508/1508
f 1508/1508/1508 1511/1511/1511 1510/1510/1510
f 1511/1511/1511 1508/1508/1508 1512/1512/1512
f 1508/1508/1508 1505/1505/1505 1512/1512/1512
f 1513/1513/1513 1512/1512/1512 1505/1505/1505
f 1502/1502/1502 1513/1513/1513 1499/1499/1499
f 1505/1505/1505 1499/1499/1499 1513/1513/1513
f 1514/1514/1514 1500/1500/1500 1501/1501/1501
f 1501/1501/1501 1515/1515/1515 1514/1514/1514
f 1516/1516/1516 1500/1500/1500 1514/1514/1514
f 1515/1515/1515 1501/1501/1501 1517/1517/1517
f 1503/1503/1503 1517/1517/1517 1501/1501/1501
f 1520/1520/1520 1519/1519/1519 1518/1518/1518
f 1521/1521/1521 1518/1518/1518 1519/1519/1519
f 1522/1522/1522 1519/1519/1519 1520/1520/1520
f 1522/1522/1522 1520/1520/1520 1523/1523/1523
f 1526/1526/1526 1525/1525/1525 1524/1524/1524
f 1527/1527/1527 1524/1524/1524 1525/1525/1525
f 1528/1528/1528 1524/1524/1524 1527/1527/1527
f 1529/1529/1529 1528/1528/1528 1527/1527/1527
f 1527/1527/1527 1530/1530/1530 1529/1529/1529
f 1531/1531/1531 1529/1529/1529 1530/1530/1530
f 1532/1532/1532 1527/1527/1527 1525/1525/1525
f 1532/1532/1532 1530/1530/1530 1527/1527/1527
f 1533/1533/1533 1530/1530/1530 1532/1532/1532
f 1530/1530/1530 1533/1533/1533 1531/1531/1531
f 1531/1531/1531 1533/1533/1533 1534/1534/1534
f 1532/1532/1532 1535/1535/1535 1533/1533/1533
f 1534/1534/1534 1533/1533/1533 1535/1535/1535
f 1532/1532/1532 1536/1536/1536 1535/1535/1535
f 1537/1537/1537 1536/1536/1536 1532/1532/1532
f 1532/1532/1532 1525/1525/1525 1537/1537/1537
f 1537/1537/1537 1525/1525/1525 1526/1526/1526
f 1538/1538/1538 1537/1537/1537 1526/1526/1526
f 1541/1541/1541 1540/1540/1540 1539/1539/1539
f 1540/1540/1540 1541/1541/1541 1542/1542/1542
f 1543/1543/1543 1542/1542/1542 1541/1541/1541
f 1546/1546/1546 1545/1545/1545 1544/1544/1544
f 1545/1545/1545 1547/1547/1547 1544/1544/1544
f 1548/1548/1548 1544/1544/1544 1547/1547/1547
f 1551/1551/1551 1550/1550/1550 1549/1549/1549
f 1552/1552/1552 1549/1549/1549 1550/1550/1550
f 1555/1555/1555 1554/1554/1554 1553/1553/1553
f 1556/1556/1556 1553/1553/1553 1554/1554/1554
f 1556/1556/1556 1554/1554/1554 1557/1557/1557
f 1554/1554/1554 1558/1558/1558 1557/1557/1557
f 1553/1553/1553 1559/1559/1559 1555/1555/1555
f 1560/1560/1560 1555/1555/1555 1559/1559/1559
f 1560/1560/1560 1561/1561/1561 1555/1555/1555
f 1554/1554/1554 1555/1555/1555 1561/1561/1561
f 1554/1554/1554 1561/1561/1561 1558/1558/1558
f 1560/1560/1560 1559/1559/1559 1561/1561/1561
f 1559/1559/1559 1553/1553/1553 1562/1562/1562
f 1556/1556/1556 1562/1562/1562 1553/1553/1553
f 1562/1562/1562 1561/1561/1561 1559/1559/1559
f 1563/1563/1563 1558/1558/1558 1561/1561/1561
f 1562/1562/1562 1556/1556/1556 1564/1564/1564
f 1557/1557/1557 1564/1564/1564 1556/1556/1556
f 1561/1561/1561 1564/1564/1564 1563/1563/1563
f 1562/1562/1562 1564/1564/1564 1561/1561/1561
f 1558/1558/1558 1563/1563/1563 1565/1565/1565
f 1566/1566/1566 1565/1565/1565 1563/1563/1563
f 1564/1564/1564 1557/1557/1557 1567/1567/1567
f 1568/1568/1568 1567/1567/1567 1557/1557/1557
f 1571/1571/1571 1570/1570/1570 1569/1569/1569
f 1572/1572/1572 1571/1571/1571 1569/1569/1569
f 1575/1575/1575 1574/1574/1574 1573/1573/1573
f 1576/1576/1576 1574/1574/1574 1575/1575/1575
