g DSJ_GTA_diLou_22
v -18.71585 -0.3293362 -9.71472
v -19.48425 -0.3293362 0.7683678
v -18.71585 7.464371 -9.71472
v -19.6489 7.464371 2.908894
v -15.2032 -0.3293362 -7.903505
v -16.02648 -0.3293362 2.85401
v -15.2032 5.762928 -7.903505
v -15.91671 5.762928 1.207451
v -19.6489 -0.3293362 2.579582
v -18.82563 -0.3293362 -8.177931
v -19.48425 5.762928 0.9330254
v -18.82563 5.762928 -8.177931
v -27.55238 -5.927635 3.567518
v -26.50956 -5.927635 -9.82449
v -27.44262 -3.348028 2.360043
v -26.50956 -3.348028 -9.82449
v -11.58077 -1.536814 -7.958391
v -12.29428 -1.536814 1.481876
v -11.58077 5.762928 -7.958391
v -12.29428 5.762928 1.481876
v -15.97159 -1.536814 1.207451
v -15.25808 -1.536814 -8.232817
v -15.97159 5.762928 1.207451
v -15.25808 5.762928 -8.232817
v -16.79487 -5.927635 4.994534
v -11.85519 -5.927635 5.378731
v -16.52044 -6.202063 4.884766
v -12.12962 -6.202063 5.214077
v -16.52044 -6.202063 4.884766
v -11.85519 -5.927635 5.378731
v -22.11874 -5.927635 0.4939423
v -27.66216 -5.927635 0.05485916
v -21.35035 -5.927635 -10.09892
v -26.83887 -5.927635 -10.538
v -21.35035 -5.927635 -10.09892
v -27.66216 -5.927635 0.05485916
v -28.04635 -5.927635 4.116371
v -22.44806 -5.927635 4.555454
v -27.71704 -6.202063 4.061485
v -22.66759 -6.202063 4.445683
v -27.71704 -6.202063 4.061485
v -22.44806 -5.927635 4.555454
v -4.82988 -4.281076 4.006599
v -5.268963 -4.281076 10.04398
v -0.3292866 -4.281076 4.335911
v 4.116421 -4.281076 4.720108
v 3.67734 -4.281076 10.75749
v 18.93545 7.464371 5.817814
v 19.1001 -0.3293362 3.732174
v 19.92338 7.464371 -6.750914
v 19.92338 -0.3293362 -6.750914
v 15.53256 5.762928 3.567518
v 15.3679 -0.3293362 5.268963
v 16.19118 5.762928 -5.488554
v 16.19118 -0.3293362 -5.488554
v 19.81361 5.762928 -5.214127
v 19.81361 -0.3293362 -5.214127
v 19.1001 5.762928 3.841944
v 18.99033 -0.3293362 5.543388
v 27.6622 -3.348028 -5.708094
v 27.6622 -5.927635 -5.708094
v 26.72916 -3.348028 6.531322
v 26.61938 -5.927635 7.683914
v 11.85525 5.762928 3.293091
v 11.85525 -1.536814 3.293091
v 12.56875 5.762928 -6.092291
v 12.56875 -1.536814 -6.092291
v 16.30095 5.762928 -5.817865
v 16.30095 -1.536814 -5.817865
v 15.58744 5.762928 3.622402
v 15.58744 -1.536814 3.622402
v 11.08685 -6.202063 6.970406
v 10.81243 -5.927635 7.080177
v 15.53256 -6.202063 7.354603
v 15.7521 -5.927635 7.464371
v 15.53256 -6.202063 7.354603
v 10.81243 -5.927635 7.080177
v 21.67971 -6.202063 7.793686
v 21.46017 -5.927635 7.903454
v 26.72916 -6.202063 8.177879
v 27.00358 -5.927635 8.342537
v 26.72916 -6.202063 8.177879
v 21.46017 -5.927635 7.903454
v 0.6037636 7.574142 -7.958391
v -0.3841724 7.574142 4.82988
v -7.135059 7.574142 -8.452358
v -8.122997 7.574142 4.171257
v -5.049419 9.00116 2.250271
v -5.323845 9.00116 5.488503
v -8.232765 9.00116 2.030729
v -8.452309 9.00116 5.268963
v -8.452309 2.963779 5.268963
v -5.323845 2.963779 5.488503
v -8.452309 -3.018715 5.268963
v -5.323845 -3.018715 5.488503
v -8.232765 2.963779 2.030729
v -8.452309 2.963779 5.268963
v -8.232765 -3.018715 2.030729
v -8.452309 -3.018715 5.268963
v -5.049419 2.963779 2.250271
v -8.232765 2.963779 2.030729
v -5.049419 -3.018715 2.250271
v -8.232765 -3.018715 2.030729
v -5.323845 2.963779 5.488503
v -5.049419 2.963779 2.250271
v -5.323845 -3.018715 5.488503
v -5.049419 -3.018715 2.250271
v -7.135059 7.574142 -8.452358
v -8.122997 7.574142 4.171257
v -7.135059 5.927586 -8.452358
v -7.135059 5.927586 -8.452358
v -8.122997 7.574142 4.171257
v -8.122997 5.927586 4.171257
v -7.683914 5.927586 3.89683
v -6.750862 5.927586 -8.123047
v -8.122997 5.927586 4.171257
v -8.122997 5.927586 4.171257
v -6.750862 5.927586 -8.123047
v -7.135059 5.927586 -8.452358
v 6.970455 5.927586 4.994534
v -0.3841724 5.927586 4.445683
v -0.3841724 5.927586 4.82988
v 7.354652 5.927586 5.323845
v -0.3841724 5.927586 4.82988
v -0.3841724 5.927586 4.445683
v -7.683914 5.927586 3.89683
v -8.122997 5.927586 4.171257
v -0.3292866 -3.567568 4.335911
v -0.8232536 -3.567568 10.42818
v -4.82988 -3.567568 4.006599
v -5.268963 -3.567568 10.04398
v -5.159191 -3.787109 4.006599
v -5.598274 -3.787109 10.31841
v -5.159191 -4.006651 4.006599
v -5.598274 -4.006651 10.31841
v -0.8232536 -4.281076 10.42818
v -5.268963 -4.281076 10.04398
v -0.8232536 -4.006651 10.7026
v -5.598274 -4.006651 10.31841
v -4.82988 -3.567568 4.006599
v -5.268963 -3.567568 10.04398
v -5.159191 -3.787109 4.006599
v -5.598274 -3.787109 10.31841
v -5.268963 -4.281076 10.04398
v -4.82988 -4.281076 4.006599
v -5.598274 -4.006651 10.31841
v -5.159191 -4.006651 4.006599
v -6.750862 5.927586 -8.123047
v -7.683914 5.927586 3.89683
v -6.750862 -9.001211 -8.123047
v -6.750862 -9.001211 -8.123047
v -7.683914 5.927586 3.89683
v -7.683914 -9.001211 3.89683
v -3.677288 -8.6719 8.452309
v -3.78706 -9.001211 8.562077
v -3.238207 -8.6719 9.385357
v -3.402863 -9.001211 9.385357
v -4.774994 -8.6719 8.342537
v -4.665222 -9.001211 8.507195
v -3.677288 -8.6719 8.452309
v -3.78706 -9.001211 8.562077
v -5.378731 -8.6719 9.220703
v -5.214077 -9.001211 9.220703
v -4.774994 -8.6719 8.342537
v -4.665222 -9.001211 8.507195
v -4.884766 -8.6719 10.20864
v -4.82988 -9.001211 10.04398
v -5.378731 -8.6719 9.220703
v -5.214077 -9.001211 9.220703
v -3.841944 -8.6719 10.26352
v -3.89683 -9.001211 10.09887
v -4.884766 -8.6719 10.20864
v -4.82988 -9.001211 10.04398
v -3.238207 -8.6719 9.385357
v -3.402863 -9.001211 9.385357
v -3.841944 -8.6719 10.26352
v -3.89683 -9.001211 10.09887
v -23.32622 -3.402912 2.360043
v -27.38773 -3.402912 2.030729
v -23.49088 1.866074 4.500568
v -27.55238 1.866074 4.171257
v -22.33828 -3.402912 -10.538
v -23.32622 -3.402912 2.360043
v -22.33828 1.866074 -10.538
v -23.49088 1.866074 4.500568
v -27.38773 -3.402912 2.030729
v -26.45468 -3.402912 -10.81243
v -27.55238 1.866074 4.171257
v -26.45468 1.866074 -10.81243
v -19.48425 -0.3293362 0.7683678
v -27.05842 -0.3293362 0.1646309
v -19.6489 7.464371 2.908894
v -27.22307 7.464371 2.305157
v -27.05842 -0.3293362 0.1646309
v -26.29002 -0.3293362 -10.26357
v -27.22307 7.464371 2.305157
v -26.29002 7.464371 -10.26357
v -15.91671 -9.001211 1.042795
v -22.17363 -9.001211 0.5488281
v -16.08136 -0.2744522 3.128435
v -22.33828 -0.2744522 2.689354
v -15.25808 -9.001211 -8.123047
v -15.91671 -9.001211 1.042795
v -15.25808 -0.2744522 -8.123047
v -16.08136 -0.2744522 3.128435
v -22.17363 -9.001211 0.5488281
v -21.46012 -9.001211 -8.562128
v -22.33828 -0.2744522 2.689354
v -21.46012 -0.2744522 -8.562128
v -16.02648 -0.3293362 2.85401
v -19.6489 -0.3293362 2.579582
v -15.91671 5.762928 1.207451
v -19.48425 5.762928 0.9330254
v -23.43599 -5.927635 3.89683
v -27.55238 -5.927635 3.567518
v -23.32622 -3.348028 2.689354
v -27.44262 -3.348028 2.360043
v -22.39317 -5.927635 -9.495178
v -23.43599 -5.927635 3.89683
v -22.39317 -3.348028 -9.495178
v -23.32622 -3.348028 2.689354
v -22.39317 -5.927635 -9.769606
v -23.43599 -5.927635 3.89683
v -20.19776 -5.927635 -9.60495
v -21.18569 -5.927635 4.061485
v -21.18569 -5.927635 4.061485
v -23.43599 -5.927635 3.89683
v -21.07592 -0.2744522 2.195385
v -23.32622 -0.2744522 2.030729
v -20.19776 -5.927635 -9.60495
v -21.18569 -5.927635 4.061485
v -20.19776 -0.2744522 -9.60495
v -21.07592 -0.2744522 2.195385
v -23.43599 -5.927635 3.89683
v -22.39317 -5.927635 -9.769606
v -23.32622 -0.2744522 2.030729
v -22.39317 -0.2744522 -9.769606
v -12.45893 -5.927635 4.720108
v -16.24602 -5.927635 4.445683
v -12.29428 -1.481928 2.140501
v -16.02648 -1.481928 1.866074
v -11.471 -8.891439 -8.617014
v -12.45893 -5.927635 4.720108
v -11.471 -1.481928 -8.617014
v -12.29428 -1.481928 2.140501
v -16.24602 -5.927635 4.445683
v -15.2032 -8.891439 -8.946325
v -16.02648 -1.481928 1.866074
v -15.2032 -1.481928 -8.946325
v -12.29428 -1.536814 1.481876
v -15.97159 -1.536814 1.207451
v -12.29428 5.762928 1.481876
v -15.97159 5.762928 1.207451
v -7.519257 -9.001211 2.744238
v -12.29428 -9.001211 2.360043
v -7.519257 4.500568 2.744238
v -12.29428 4.500568 2.360043
v -12.29428 -9.001211 2.360043
v -11.471 -9.001211 -8.177931
v -12.29428 4.500568 2.360043
v -11.471 4.500568 -8.177931
v -11.91008 -9.001211 2.634468
v -16.35579 -9.001211 2.305157
v -11.91008 -6.202063 2.634468
v -16.35579 -6.202063 2.305157
v -11.85519 -5.927635 5.378731
v -11.74543 -9.001211 3.951714
v -12.12962 -6.202063 5.214077
v -12.01985 -9.001211 3.89683
v -16.6851 -9.001211 3.567518
v -16.79487 -5.927635 4.994534
v -16.41067 -9.001211 3.567518
v -16.52044 -6.202063 4.884766
v -12.12962 -6.202063 5.214077
v -12.01985 -9.001211 3.89683
v -11.91008 -6.202063 2.634468
v -11.91008 -9.001211 2.634468
v -16.52044 -6.202063 4.884766
v -12.12962 -6.202063 5.214077
v -16.35579 -6.202063 2.305157
v -11.91008 -6.202063 2.634468
v -16.41067 -9.001211 3.567518
v -16.52044 -6.202063 4.884766
v -16.35579 -9.001211 2.305157
v -16.35579 -6.202063 2.305157
v -26.83887 7.409489 -10.86731
v -27.88169 7.409489 2.908894
v -18.05723 7.409489 -10.20869
v -19.10005 7.409489 3.567518
v -19.10005 7.848568 3.567518
v -27.88169 7.848568 2.908894
v -18.05723 7.848568 -10.20869
v -26.83887 7.848568 -10.86731
v -19.10005 7.409489 3.567518
v -27.88169 7.409489 2.908894
v -19.10005 7.848568 3.567518
v -27.88169 7.848568 2.908894
v -18.05723 7.409489 -10.20869
v -19.10005 7.409489 3.567518
v -18.05723 7.848568 -10.20869
v -19.10005 7.848568 3.567518
v -27.88169 7.409489 2.908894
v -26.83887 7.409489 -10.86731
v -27.88169 7.848568 2.908894
v -26.83887 7.848568 -10.86731
v -26.78399 1.81119 -11.19662
v -28.04635 1.81119 4.884766
v -21.84431 1.81119 -10.81243
v -23.10668 1.81119 5.268963
v -23.10668 2.250271 5.268963
v -28.04635 2.250271 4.884766
v -21.84431 2.250271 -10.81243
v -26.78399 2.250271 -11.19662
v -23.10668 1.81119 5.268963
v -28.04635 1.81119 4.884766
v -23.10668 2.250271 5.268963
v -28.04635 2.250271 4.884766
v -21.84431 1.81119 -10.81243
v -23.10668 1.81119 5.268963
v -21.84431 2.250271 -10.81243
v -23.10668 2.250271 5.268963
v -28.04635 1.81119 4.884766
v -26.78399 1.81119 -11.19662
v -28.04635 2.250271 4.884766
v -26.78399 2.250271 -11.19662
v -26.78399 -3.567568 -11.03197
v -27.88169 -3.567568 2.908894
v -21.8992 -3.567568 -10.64777
v -22.94202 -3.567568 3.293091
v -22.94202 -3.128487 3.293091
v -27.88169 -3.128487 2.908894
v -21.8992 -3.128487 -10.64777
v -26.78399 -3.128487 -11.03197
v -22.94202 -3.567568 3.293091
v -27.88169 -3.567568 2.908894
v -22.94202 -3.128487 3.293091
v -27.88169 -3.128487 2.908894
v -21.8992 -3.567568 -10.64777
v -22.94202 -3.567568 3.293091
v -21.8992 -3.128487 -10.64777
v -22.94202 -3.128487 3.293091
v -27.88169 -3.567568 2.908894
v -26.78399 -3.567568 -11.03197
v -27.88169 -3.128487 2.908894
v -26.78399 -3.128487 -11.03197
v -22.39317 -0.384222 -10.31846
v -23.43599 -0.384222 3.238207
v -14.59946 -0.384222 -9.71472
v -15.58739 -0.384222 3.78706
v -15.58739 0.05485916 3.78706
v -23.43599 0.05485916 3.238207
v -14.59946 0.05485916 -9.71472
v -22.39317 0.05485916 -10.31846
v -15.58739 -0.384222 3.78706
v -23.43599 -0.384222 3.238207
v -15.58739 0.05485916 3.78706
v -23.43599 0.05485916 3.238207
v -14.59946 -0.384222 -9.71472
v -15.58739 -0.384222 3.78706
v -14.59946 0.05485916 -9.71472
v -15.58739 0.05485916 3.78706
v -23.43599 -0.384222 3.238207
v -22.39317 -0.384222 -10.31846
v -23.43599 0.05485916 3.238207
v -22.39317 0.05485916 -10.31846
v -15.75205 -1.756353 -9.165867
v -16.63021 -1.756353 2.524698
v -11.0868 -1.756353 -8.78167
v -11.96497 -1.756353 2.908894
v -11.96497 -1.317272 2.908894
v -16.63021 -1.317272 2.524698
v -11.0868 -1.317272 -8.78167
v -15.75205 -1.317272 -9.165867
v -11.96497 -1.756353 2.908894
v -16.63021 -1.756353 2.524698
v -11.96497 -1.317272 2.908894
v -16.63021 -1.317272 2.524698
v -11.0868 -1.756353 -8.78167
v -11.96497 -1.756353 2.908894
v -11.0868 -1.317272 -8.78167
v -11.96497 -1.317272 2.908894
v -16.63021 -1.756353 2.524698
v -15.75205 -1.756353 -9.165867
v -16.63021 -1.317272 2.524698
v -15.75205 -1.317272 -9.165867
v -18.77074 5.762928 -8.946325
v -19.59402 5.762928 1.646534
v -10.97703 5.762928 -8.342588
v -11.74543 5.762928 2.250271
v -11.74543 6.202011 2.250271
v -19.59402 6.202011 1.646534
v -10.97703 6.202011 -8.342588
v -18.77074 6.202011 -8.946325
v -11.74543 5.762928 2.250271
v -19.59402 5.762928 1.646534
v -11.74543 6.202011 2.250271
v -19.59402 6.202011 1.646534
v -10.97703 5.762928 -8.342588
v -11.74543 5.762928 2.250271
v -10.97703 6.202011 -8.342588
v -11.74543 6.202011 2.250271
v -19.59402 5.762928 1.646534
v -18.77074 5.762928 -8.946325
v -19.59402 6.202011 1.646534
v -18.77074 6.202011 -8.946325
v -11.96497 4.500568 -8.397472
v -12.84313 4.500568 2.908894
v -6.69598 4.500568 -8.013275
v -7.574142 4.500568 3.293091
v -7.574142 4.939651 3.293091
v -12.84313 4.939651 2.908894
v -6.69598 4.939651 -8.013275
v -11.96497 4.939651 -8.397472
v -7.574142 4.500568 3.293091
v -12.84313 4.500568 2.908894
v -7.574142 4.939651 3.293091
v -12.84313 4.939651 2.908894
v -6.69598 4.500568 -8.013275
v -7.574142 4.500568 3.293091
v -6.69598 4.939651 -8.013275
v -7.574142 4.939651 3.293091
v -12.84313 4.500568 2.908894
v -11.96497 4.500568 -8.397472
v -12.84313 4.939651 2.908894
v -11.96497 4.939651 -8.397472
v -11.85519 -5.927635 5.378731
v -16.79487 -5.927635 4.994534
v -11.58077 -5.927635 1.317221
v -16.46556 -5.927635 0.9330254
v -11.85519 -5.927635 5.378731
v -11.58077 -5.927635 1.317221
v -11.74543 -9.001211 3.951714
v -11.58077 -9.001211 1.317221
v -16.79487 -5.927635 4.994534
v -16.6851 -9.001211 3.567518
v -16.46556 -5.927635 0.9330254
v -16.46556 -9.001211 0.9330254
v -22.11874 -5.927635 0.4939423
v -21.35035 -5.927635 -10.09892
v -22.11874 -9.001211 0.4939423
v -21.35035 -9.001211 -10.09892
v -27.66216 -5.927635 0.05485916
v -27.66216 -9.001211 0.05485916
v -26.83887 -5.927635 -10.538
v -26.83887 -9.001211 -10.538
v -22.50294 -9.001211 1.866074
v -27.4975 -9.001211 1.481876
v -22.50294 -6.202063 1.866074
v -27.4975 -6.202063 1.481876
v -22.44806 -5.927635 4.555454
v -22.33828 -9.001211 3.128435
v -22.66759 -6.202063 4.445683
v -22.55782 -9.001211 3.128435
v -27.88169 -9.001211 2.689354
v -28.04635 -5.927635 4.116371
v -27.60727 -9.001211 2.744238
v -27.71704 -6.202063 4.061485
v -22.66759 -6.202063 4.445683
v -22.55782 -9.001211 3.128435
v -22.50294 -6.202063 1.866074
v -22.50294 -9.001211 1.866074
v -27.71704 -6.202063 4.061485
v -22.66759 -6.202063 4.445683
v -27.4975 -6.202063 1.481876
v -22.50294 -6.202063 1.866074
v -27.60727 -9.001211 2.744238
v -27.71704 -6.202063 4.061485
v -27.4975 -9.001211 1.481876
v -27.4975 -6.202063 1.481876
v -22.44806 -5.927635 4.555454
v -28.04635 -5.927635 4.116371
v -22.11874 -5.927635 0.4939423
v -27.66216 -5.927635 0.05485916
v -22.44806 -5.927635 4.555454
v -22.11874 -5.927635 0.4939423
v -22.33828 -9.001211 3.128435
v -22.11874 -9.001211 0.4939423
v -28.04635 -5.927635 4.116371
v -27.88169 -9.001211 2.689354
v -27.66216 -5.927635 0.05485916
v -27.66216 -9.001211 0.05485916
v -8.452309 9.00116 5.268963
v -5.323845 9.00116 5.488503
v -8.452309 2.963779 5.268963
v -5.323845 2.963779 5.488503
v -5.323845 -9.001211 5.488503
v -8.452309 -9.001211 5.268963
v -5.323845 -3.018715 5.488503
v -8.452309 -3.018715 5.268963
v -8.232765 9.00116 2.030729
v -8.452309 9.00116 5.268963
v -8.232765 2.963779 2.030729
v -8.452309 2.963779 5.268963
v -8.452309 -9.001211 5.268963
v -8.232765 -9.001211 2.030729
v -8.452309 -3.018715 5.268963
v -8.232765 -3.018715 2.030729
v -5.049419 9.00116 2.250271
v -8.232765 9.00116 2.030729
v -5.049419 2.963779 2.250271
v -8.232765 2.963779 2.030729
v -8.232765 -9.001211 2.030729
v -5.049419 -9.001211 2.250271
v -8.232765 -3.018715 2.030729
v -5.049419 -3.018715 2.250271
v -5.323845 9.00116 5.488503
v -5.049419 9.00116 2.250271
v -5.323845 2.963779 5.488503
v -5.049419 2.963779 2.250271
v -5.049419 -9.001211 2.250271
v -5.323845 -9.001211 5.488503
v -5.049419 -3.018715 2.250271
v -5.323845 -3.018715 5.488503
v -3.402863 -4.226192 9.385357
v -3.78706 -4.226192 8.562077
v -3.402863 -8.342588 9.385357
v -3.78706 -8.342588 8.562077
v -3.78706 -4.226192 8.562077
v -4.665222 -4.226192 8.507195
v -3.78706 -8.342588 8.562077
v -4.665222 -8.342588 8.507195
v -4.665222 -4.226192 8.507195
v -5.214077 -4.226192 9.220703
v -4.665222 -8.342588 8.507195
v -5.214077 -8.342588 9.220703
v -5.214077 -4.226192 9.220703
v -4.82988 -4.226192 10.04398
v -5.214077 -8.342588 9.220703
v -4.82988 -8.342588 10.04398
v -4.82988 -4.226192 10.04398
v -3.89683 -4.226192 10.09887
v -4.82988 -8.342588 10.04398
v -3.89683 -8.342588 10.09887
v -3.89683 -4.226192 10.09887
v -3.402863 -4.226192 9.385357
v -3.89683 -8.342588 10.09887
v -3.402863 -8.342588 9.385357
v -3.402863 -8.342588 9.385357
v -3.78706 -8.342588 8.562077
v -3.238207 -8.6719 9.385357
v -3.677288 -8.6719 8.452309
v -3.78706 -8.342588 8.562077
v -4.665222 -8.342588 8.507195
v -3.677288 -8.6719 8.452309
v -4.774994 -8.6719 8.342537
v -4.665222 -8.342588 8.507195
v -5.214077 -8.342588 9.220703
v -4.774994 -8.6719 8.342537
v -5.378731 -8.6719 9.220703
v -5.214077 -8.342588 9.220703
v -4.82988 -8.342588 10.04398
v -5.378731 -8.6719 9.220703
v -4.884766 -8.6719 10.20864
v -4.82988 -8.342588 10.04398
v -3.89683 -8.342588 10.09887
v -4.884766 -8.6719 10.20864
v -3.841944 -8.6719 10.26352
v -3.89683 -8.342588 10.09887
v -3.402863 -8.342588 9.385357
v -3.841944 -8.6719 10.26352
v -3.238207 -8.6719 9.385357
v -1.975845 -5.323896 4.281025
v -1.975845 -9.001211 4.281025
v -5.268963 -5.323896 4.061485
v -5.268963 -9.001211 4.061485
v -1.317221 -9.001211 5.708042
v -1.975845 -9.001211 4.281025
v -1.317221 -5.323896 5.708042
v -1.975845 -5.323896 4.281025
v -0.4390564 -5.323896 5.817814
v -0.4390564 -9.001211 5.817814
v -1.317221 -5.323896 5.708042
v -1.317221 -9.001211 5.708042
v -0.4390564 -5.323896 5.817814
v -1.317221 -5.323896 5.708042
v -0.3841724 -5.323896 4.445683
v -1.975845 -5.323896 4.281025
v -8.122997 5.927586 4.171257
v -8.122997 7.574142 4.171257
v -0.3841724 5.927586 4.82988
v -0.3841724 7.574142 4.82988
v -5.598274 -4.006651 10.31841
v -5.598274 -3.787109 10.31841
v -0.8232536 -4.006651 10.7026
v -0.8232536 -3.787109 10.7026
v -5.268963 -4.281076 10.04398
v -0.8232536 -4.281076 10.42818
v -0.3292866 -4.281076 4.335911
v 3.67734 -4.281076 10.75749
v -5.598274 -3.787109 10.31841
v -5.268963 -3.567568 10.04398
v -0.8232536 -3.787109 10.7026
v -0.8232536 -3.567568 10.42818
v -0.3841724 -3.567568 4.445683
v -0.3841724 -5.323896 4.445683
v -5.268963 -3.567568 4.061485
v -1.975845 -5.323896 4.281025
v -5.268963 -5.323896 4.061485
v 7.354652 7.574142 5.323845
v -0.3841724 7.574142 4.82988
v 8.287703 7.574142 -7.299767
v 0.6037636 7.574142 -7.958391
v 7.519308 9.00116 6.476437
v 4.335962 9.00116 6.256897
v 7.73885 9.00116 3.238207
v 4.610388 9.00116 3.018665
v 4.335962 -3.018715 6.256897
v 4.335962 2.963779 6.256897
v 7.519308 -3.018715 6.476437
v 7.519308 2.963779 6.476437
v 7.519308 -3.018715 6.476437
v 7.519308 2.963779 6.476437
v 7.73885 -3.018715 3.238207
v 7.73885 2.963779 3.238207
v 7.73885 -3.018715 3.238207
v 7.73885 2.963779 3.238207
v 4.610388 -3.018715 3.018665
v 4.610388 2.963779 3.018665
v 4.610388 -3.018715 3.018665
v 4.610388 2.963779 3.018665
v 4.335962 -3.018715 6.256897
v 4.335962 2.963779 6.256897
v 7.354652 5.927586 5.323845
v 7.354652 7.574142 5.323845
v 8.287703 5.927586 -7.299767
v 8.287703 7.574142 -7.299767
v 8.287703 5.927586 -7.299767
v 7.848619 5.927586 -7.025341
v 7.354652 5.927586 5.323845
v 6.970455 5.927586 4.994534
v 3.67734 -3.567568 10.75749
v -0.8232536 -3.567568 10.42818
v 4.116421 -3.567568 4.720108
v -0.3292866 -3.567568 4.335911
v 3.951765 -4.006651 11.0868
v 3.951765 -3.787109 11.0868
v 4.445732 -4.006651 4.720108
v 4.445732 -3.787109 4.720108
v 3.951765 -4.006651 11.0868
v 3.67734 -4.281076 10.75749
v -0.8232536 -4.006651 10.7026
v -0.8232536 -4.281076 10.42818
v 3.951765 -3.787109 11.0868
v 3.67734 -3.567568 10.75749
v 4.445732 -3.787109 4.720108
v 4.116421 -3.567568 4.720108
v 4.445732 -4.006651 4.720108
v 4.116421 -4.281076 4.720108
v 3.951765 -4.006651 11.0868
v 3.67734 -4.281076 10.75749
v 6.970455 -9.001211 4.994534
v 6.970455 5.927586 4.994534
v 7.848619 -9.001211 -7.025341
v 7.848619 5.927586 -7.025341
v 1.921011 -9.001211 9.769554
v 2.414978 -9.001211 9.056046
v 1.756353 -8.6719 9.769554
v 2.360092 -8.6719 8.891388
v 2.414978 -9.001211 9.056046
v 3.293142 -9.001211 9.110931
v 2.360092 -8.6719 8.891388
v 3.402912 -8.6719 8.946274
v 3.293142 -9.001211 9.110931
v 3.67734 -9.001211 9.934212
v 3.402912 -8.6719 8.946274
v 3.841995 -8.6719 9.934212
v 3.67734 -9.001211 9.934212
v 3.183371 -9.001211 10.64772
v 3.841995 -8.6719 9.934212
v 3.238256 -8.6719 10.81237
v 3.183371 -9.001211 10.64772
v 2.305206 -9.001211 10.59283
v 3.238256 -8.6719 10.81237
v 2.195436 -8.6719 10.75749
v 2.305206 -9.001211 10.59283
v 1.921011 -9.001211 9.769554
v 2.195436 -8.6719 10.75749
v 1.756353 -8.6719 9.769554
v 26.5645 1.866074 8.287651
v 26.72916 -3.402912 6.202011
v 22.50299 1.866074 7.95834
v 22.66764 -3.402912 5.8727
v 22.50299 1.866074 7.95834
v 22.66764 -3.402912 5.8727
v 23.65558 1.866074 -7.025341
v 23.65558 -3.402912 -7.025341
v 27.71709 1.866074 -6.69603
v 27.71709 -3.402912 -6.69603
v 26.5645 1.866074 8.287651
v 26.72916 -3.402912 6.202011
v 26.50961 7.464371 6.421551
v 26.67427 -0.3293362 4.281025
v 18.93545 7.464371 5.817814
v 19.1001 -0.3293362 3.732174
v 27.49755 7.464371 -6.202063
v 27.49755 -0.3293362 -6.202063
v 26.50961 7.464371 6.421551
v 26.67427 -0.3293362 4.281025
v 21.62482 -0.2744522 6.037354
v 21.78948 -9.001211 3.89683
v 15.3679 -0.2744522 5.543388
v 15.53256 -9.001211 3.457747
v 15.3679 -0.2744522 5.543388
v 15.53256 -9.001211 3.457747
v 16.24607 -0.2744522 -5.708094
v 16.24607 -9.001211 -5.708094
v 22.50299 -0.2744522 -5.214127
v 22.50299 -9.001211 -5.214127
v 21.62482 -0.2744522 6.037354
v 21.78948 -9.001211 3.89683
v 19.1001 5.762928 3.841944
v 18.99033 -0.3293362 5.543388
v 15.53256 5.762928 3.567518
v 15.3679 -0.3293362 5.268963
v 26.72916 -3.348028 6.531322
v 26.61938 -5.927635 7.683914
v 22.61276 -3.348028 6.202011
v 22.55787 -5.927635 7.409489
v 22.61276 -3.348028 6.202011
v 22.55787 -5.927635 7.409489
v 23.54581 -3.348028 -6.037405
v 23.54581 -5.927635 -6.037405
v 20.30758 -5.927635 7.244831
v 22.55787 -5.927635 7.409489
v 21.3504 -5.927635 -6.421602
v 23.60069 -5.927635 -6.256947
v 22.66764 -0.2744522 5.543388
v 22.55787 -5.927635 7.409489
v 20.47223 -0.2744522 5.323845
v 20.30758 -5.927635 7.244831
v 20.47223 -0.2744522 5.323845
v 20.30758 -5.927635 7.244831
v 21.3504 -0.2744522 -6.421602
v 21.3504 -5.927635 -6.421602
v 23.60069 -0.2744522 -6.256947
v 23.60069 -5.927635 -6.256947
v 22.66764 -0.2744522 5.543388
v 22.55787 -5.927635 7.409489
v 15.53256 -1.481928 4.281025
v 15.31302 -5.927635 6.860634
v 11.74548 -1.481928 4.006599
v 11.58082 -5.927635 6.586208
v 11.74548 -1.481928 4.006599
v 11.58082 -5.927635 6.586208
v 12.56875 -1.481928 -6.805799
v 12.56875 -9.110981 -6.805799
v 16.35584 -1.481928 -6.531374
v 16.35584 -9.110981 -6.531374
v 15.53256 -1.481928 4.281025
v 15.31302 -5.927635 6.860634
v 15.58744 5.762928 3.622402
v 15.58744 -1.536814 3.622402
v 11.85525 5.762928 3.293091
v 11.85525 -1.536814 3.293091
v 11.74548 4.500568 4.226143
v 11.74548 -9.001211 4.226143
v 6.970455 4.500568 3.841944
v 6.970455 -9.001211 3.841944
v 12.56875 4.500568 -6.366718
v 12.56875 -9.001211 -6.366718
v 11.74548 4.500568 4.226143
v 11.74548 -9.001211 4.226143
v 15.69722 -6.202063 4.774994
v 15.69722 -9.001211 4.774994
v 11.30639 -6.202063 4.390797
v 11.30639 -9.001211 4.390797
v 11.19662 -9.001211 5.708042
v 10.9222 -9.001211 5.65316
v 11.08685 -6.202063 6.970406
v 10.81243 -5.927635 7.080177
v 15.53256 -6.202063 7.354603
v 15.7521 -5.927635 7.464371
v 15.64233 -9.001211 6.037354
v 15.86187 -9.001211 6.037354
v 11.30639 -9.001211 4.390797
v 11.19662 -9.001211 5.708042
v 11.30639 -6.202063 4.390797
v 11.08685 -6.202063 6.970406
v 11.30639 -6.202063 4.390797
v 11.08685 -6.202063 6.970406
v 15.69722 -6.202063 4.774994
v 15.53256 -6.202063 7.354603
v 15.69722 -6.202063 4.774994
v 15.53256 -6.202063 7.354603
v 15.69722 -9.001211 4.774994
v 15.64233 -9.001211 6.037354
v 18.33171 7.409489 6.421551
v 27.05847 7.409489 7.080177
v 19.37453 7.409489 -7.354652
v 28.10129 7.409489 -6.69603
v 28.10129 7.848568 -6.69603
v 27.05847 7.848568 7.080177
v 19.37453 7.848568 -7.354652
v 18.33171 7.848568 6.421551
v 27.05847 7.848568 7.080177
v 27.05847 7.409489 7.080177
v 18.33171 7.848568 6.421551
v 18.33171 7.409489 6.421551
v 18.33171 7.848568 6.421551
v 18.33171 7.409489 6.421551
v 19.37453 7.848568 -7.354652
v 19.37453 7.409489 -7.354652
v 28.10129 7.848568 -6.69603
v 28.10129 7.409489 -6.69603
v 27.05847 7.848568 7.080177
v 27.05847 7.409489 7.080177
v 21.95414 1.81119 8.726734
v 26.89381 1.81119 9.110931
v 23.2165 1.81119 -7.354652
v 28.10129 1.81119 -6.970455
v 28.10129 2.250271 -6.970455
v 26.89381 2.250271 9.110931
v 23.2165 2.250271 -7.354652
v 21.95414 2.250271 8.726734
v 26.89381 2.250271 9.110931
v 26.89381 1.81119 9.110931
v 21.95414 2.250271 8.726734
v 21.95414 1.81119 8.726734
v 21.95414 2.250271 8.726734
v 21.95414 1.81119 8.726734
v 23.2165 2.250271 -7.354652
v 23.2165 1.81119 -7.354652
v 28.10129 2.250271 -6.970455
v 28.10129 1.81119 -6.970455
v 26.89381 2.250271 9.110931
v 26.89381 1.81119 9.110931
v 22.11879 -3.567568 6.750862
v 27.05847 -3.567568 7.080177
v 23.2165 -3.567568 -7.244883
v 28.10129 -3.567568 -6.860685
v 28.10129 -3.128487 -6.860685
v 27.05847 -3.128487 7.080177
v 23.2165 -3.128487 -7.244883
v 22.11879 -3.128487 6.750862
v 27.05847 -3.128487 7.080177
v 27.05847 -3.567568 7.080177
v 22.11879 -3.128487 6.750862
v 22.11879 -3.567568 6.750862
v 22.11879 -3.128487 6.750862
v 22.11879 -3.567568 6.750862
v 23.2165 -3.128487 -7.244883
v 23.2165 -3.567568 -7.244883
v 28.10129 -3.128487 -6.860685
v 28.10129 -3.567568 -6.860685
v 27.05847 -3.128487 7.080177
v 27.05847 -3.567568 7.080177
v 14.81905 -0.384222 6.147125
v 22.61276 -0.384222 6.750862
v 15.86187 -0.384222 -7.409538
v 23.65558 -0.384222 -6.805799
v 23.65558 0.05485916 -6.805799
v 22.61276 0.05485916 6.750862
v 15.86187 0.05485916 -7.409538
v 14.81905 0.05485916 6.147125
v 22.61276 0.05485916 6.750862
v 22.61276 -0.384222 6.750862
v 14.81905 0.05485916 6.147125
v 14.81905 -0.384222 6.147125
v 14.81905 0.05485916 6.147125
v 14.81905 -0.384222 6.147125
v 15.86187 0.05485916 -7.409538
v 15.86187 -0.384222 -7.409538
v 23.65558 0.05485916 -6.805799
v 23.65558 -0.384222 -6.805799
v 22.61276 0.05485916 6.750862
v 22.61276 -0.384222 6.750862
v 11.36128 -1.756353 4.665222
v 16.02653 -1.756353 5.049419
v 12.23944 -1.756353 -7.025341
v 16.90469 -1.756353 -6.641144
v 16.90469 -1.317272 -6.641144
v 16.02653 -1.317272 5.049419
v 12.23944 -1.317272 -7.025341
v 11.36128 -1.317272 4.665222
v 16.02653 -1.317272 5.049419
v 16.02653 -1.756353 5.049419
v 11.36128 -1.317272 4.665222
v 11.36128 -1.756353 4.665222
v 11.36128 -1.317272 4.665222
v 11.36128 -1.756353 4.665222
v 12.23944 -1.317272 -7.025341
v 12.23944 -1.756353 -7.025341
v 16.90469 -1.317272 -6.641144
v 16.90469 -1.756353 -6.641144
v 16.02653 -1.317272 5.049419
v 16.02653 -1.756353 5.049419
v 11.25151 5.762928 4.006599
v 19.04522 5.762928 4.610336
v 12.0199 5.762928 -6.586258
v 19.8685 5.762928 -5.982521
v 19.8685 6.202011 -5.982521
v 19.04522 6.202011 4.610336
v 12.0199 6.202011 -6.586258
v 11.25151 6.202011 4.006599
v 19.04522 6.202011 4.610336
v 19.04522 5.762928 4.610336
v 11.25151 6.202011 4.006599
v 11.25151 5.762928 4.006599
v 11.25151 6.202011 4.006599
v 11.25151 5.762928 4.006599
v 12.0199 6.202011 -6.586258
v 12.0199 5.762928 -6.586258
v 19.8685 6.202011 -5.982521
v 19.8685 5.762928 -5.982521
v 19.04522 6.202011 4.610336
v 19.04522 5.762928 4.610336
v 6.915571 4.500568 4.445683
v 12.18456 4.500568 4.82988
v 7.793736 4.500568 -6.915571
v 13.06272 4.500568 -6.531374
v 13.06272 4.939651 -6.531374
v 12.18456 4.939651 4.82988
v 7.793736 4.939651 -6.915571
v 6.915571 4.939651 4.445683
v 12.18456 4.939651 4.82988
v 12.18456 4.500568 4.82988
v 6.915571 4.939651 4.445683
v 6.915571 4.500568 4.445683
v 6.915571 4.939651 4.445683
v 6.915571 4.500568 4.445683
v 7.793736 4.939651 -6.915571
v 7.793736 4.500568 -6.915571
v 13.06272 4.939651 -6.531374
v 13.06272 4.500568 -6.531374
v 12.18456 4.939651 4.82988
v 12.18456 4.500568 4.82988
v 16.08141 -5.927635 3.402863
v 15.7521 -5.927635 7.464371
v 11.14174 -5.927635 3.073551
v 10.81243 -5.927635 7.080177
v 11.14174 -9.001211 3.073551
v 11.14174 -5.927635 3.073551
v 10.9222 -9.001211 5.65316
v 10.81243 -5.927635 7.080177
v 16.08141 -9.001211 3.402863
v 15.86187 -9.001211 6.037354
v 16.08141 -5.927635 3.402863
v 15.7521 -5.927635 7.464371
v 28.10129 -5.927635 -6.366718
v 27.27801 -5.927635 4.281025
v 22.55787 -5.927635 -6.750914
v 22.55787 -5.927635 -6.750914
v 27.27801 -5.927635 4.281025
v 21.7346 -5.927635 3.841944
v 22.55787 -9.001211 -6.750914
v 22.55787 -5.927635 -6.750914
v 21.7346 -9.001211 3.841944
v 21.7346 -5.927635 3.841944
v 28.10129 -9.001211 -6.366718
v 27.27801 -9.001211 4.281025
v 28.10129 -5.927635 -6.366718
v 27.27801 -5.927635 4.281025
v 26.9487 -6.202063 5.598274
v 26.9487 -9.001211 5.598274
v 21.89925 -6.202063 5.214077
v 21.89925 -9.001211 5.214077
v 21.78948 -9.001211 6.476437
v 21.56994 -9.001211 6.476437
v 21.67971 -6.202063 7.793686
v 21.46017 -5.927635 7.903454
v 26.72916 -6.202063 8.177879
v 27.00358 -5.927635 8.342537
v 26.83893 -9.001211 6.860634
v 27.11335 -9.001211 6.91552
v 21.89925 -9.001211 5.214077
v 21.78948 -9.001211 6.476437
v 21.89925 -6.202063 5.214077
v 21.67971 -6.202063 7.793686
v 21.89925 -6.202063 5.214077
v 21.67971 -6.202063 7.793686
v 26.9487 -6.202063 5.598274
v 26.72916 -6.202063 8.177879
v 26.9487 -6.202063 5.598274
v 26.72916 -6.202063 8.177879
v 26.9487 -9.001211 5.598274
v 26.83893 -9.001211 6.860634
v 27.27801 -5.927635 4.281025
v 27.00358 -5.927635 8.342537
v 21.7346 -5.927635 3.841944
v 21.46017 -5.927635 7.903454
v 21.7346 -9.001211 3.841944
v 21.7346 -5.927635 3.841944
v 21.56994 -9.001211 6.476437
v 21.46017 -5.927635 7.903454
v 27.27801 -9.001211 4.281025
v 27.11335 -9.001211 6.91552
v 27.27801 -5.927635 4.281025
v 27.00358 -5.927635 8.342537
v 4.335962 2.963779 6.256897
v 4.335962 9.00116 6.256897
v 7.519308 2.963779 6.476437
v 7.519308 9.00116 6.476437
v 7.519308 -3.018715 6.476437
v 7.519308 -9.001211 6.476437
v 4.335962 -3.018715 6.256897
v 4.335962 -9.001211 6.256897
v 7.519308 2.963779 6.476437
v 7.519308 9.00116 6.476437
v 7.73885 2.963779 3.238207
v 7.73885 9.00116 3.238207
v 7.73885 -3.018715 3.238207
v 7.73885 -9.001211 3.238207
v 7.519308 -3.018715 6.476437
v 7.519308 -9.001211 6.476437
v 7.73885 2.963779 3.238207
v 7.73885 9.00116 3.238207
v 4.610388 2.963779 3.018665
v 4.610388 9.00116 3.018665
v 4.610388 -3.018715 3.018665
v 4.610388 -9.001211 3.018665
v 7.73885 -3.018715 3.238207
v 7.73885 -9.001211 3.238207
v 4.610388 2.963779 3.018665
v 4.610388 9.00116 3.018665
v 4.335962 2.963779 6.256897
v 4.335962 9.00116 6.256897
v 4.335962 -3.018715 6.256897
v 4.335962 -9.001211 6.256897
v 4.610388 -3.018715 3.018665
v 4.610388 -9.001211 3.018665
v 2.414978 -8.342588 9.056046
v 2.414978 -4.226192 9.056046
v 1.921011 -8.342588 9.769554
v 1.921011 -4.226192 9.769554
v 3.293142 -8.342588 9.110931
v 3.293142 -4.226192 9.110931
v 2.414978 -8.342588 9.056046
v 2.414978 -4.226192 9.056046
v 3.67734 -8.342588 9.934212
v 3.67734 -4.226192 9.934212
v 3.293142 -8.342588 9.110931
v 3.293142 -4.226192 9.110931
v 3.183371 -8.342588 10.64772
v 3.183371 -4.226192 10.64772
v 3.67734 -8.342588 9.934212
v 3.67734 -4.226192 9.934212
v 2.305206 -8.342588 10.59283
v 2.305206 -4.226192 10.59283
v 3.183371 -8.342588 10.64772
v 3.183371 -4.226192 10.64772
v 1.921011 -8.342588 9.769554
v 1.921011 -4.226192 9.769554
v 2.305206 -8.342588 10.59283
v 2.305206 -4.226192 10.59283
v 2.360092 -8.6719 8.891388
v 2.414978 -8.342588 9.056046
v 1.756353 -8.6719 9.769554
v 1.921011 -8.342588 9.769554
v 3.402912 -8.6719 8.946274
v 3.293142 -8.342588 9.110931
v 2.360092 -8.6719 8.891388
v 2.414978 -8.342588 9.056046
v 3.841995 -8.6719 9.934212
v 3.67734 -8.342588 9.934212
v 3.402912 -8.6719 8.946274
v 3.293142 -8.342588 9.110931
v 3.238256 -8.6719 10.81237
v 3.183371 -8.342588 10.64772
v 3.841995 -8.6719 9.934212
v 3.67734 -8.342588 9.934212
v 2.195436 -8.6719 10.75749
v 2.305206 -8.342588 10.59283
v 3.238256 -8.6719 10.81237
v 3.183371 -8.342588 10.64772
v 1.756353 -8.6719 9.769554
v 1.921011 -8.342588 9.769554
v 2.195436 -8.6719 10.75749
v 2.305206 -8.342588 10.59283
v 4.500618 -9.001211 4.82988
v 1.262386 -9.001211 4.555454
v 4.500618 -5.323896 4.82988
v 1.262386 -5.323896 4.555454
v 1.262386 -5.323896 4.555454
v 1.262386 -9.001211 4.555454
v 0.384222 -5.323896 5.8727
v 0.384222 -9.001211 5.8727
v 0.384222 -9.001211 5.8727
v -0.4390564 -9.001211 5.817814
v 0.384222 -5.323896 5.8727
v -0.4390564 -5.323896 5.817814
v 1.262386 -5.323896 4.555454
v 0.384222 -5.323896 5.8727
v -0.3841724 -5.323896 4.445683
v -0.4390564 -5.323896 5.817814
v -0.3841724 7.574142 4.82988
v 7.354652 7.574142 5.323845
v -0.3841724 5.927586 4.82988
v 7.354652 5.927586 5.323845
v -0.8232536 -3.787109 10.7026
v 3.951765 -3.787109 11.0868
v -0.8232536 -4.006651 10.7026
v 3.951765 -4.006651 11.0868
v -0.8232536 -3.567568 10.42818
v 3.67734 -3.567568 10.75749
v -0.8232536 -3.787109 10.7026
v 3.951765 -3.787109 11.0868
v 4.500618 -5.323896 4.82988
v 1.262386 -5.323896 4.555454
v 4.500618 -3.567568 4.82988
v -0.3841724 -5.323896 4.445683
v -0.3841724 -3.567568 4.445683
v 4.665274 -3.567568 4.82988
v -0.3841724 -3.567568 4.445683
v -0.3841724 5.927586 4.445683
v -5.378731 -3.567568 4.061485
v -5.378731 5.927586 4.061485
v 4.665274 5.927586 4.82988
v -6.750862 5.927586 -8.123047
v -6.750862 -9.001211 -8.123047
v 0.5488777 5.927586 -7.574194
v 0.5488777 -9.001211 -7.574194
v 0.5488777 5.927586 -7.574194
v 0.5488777 -9.001211 -7.574194
v 7.848619 5.927586 -7.025341
v 7.848619 -9.001211 -7.025341
v -7.135059 7.574142 -8.452358
v -7.135059 5.927586 -8.452358
v 0.5488777 7.574142 -7.903505
v 0.5488777 5.927586 -7.903505
v 0.5488777 7.574142 -7.903505
v 0.5488777 5.927586 -7.903505
v 8.287703 7.574142 -7.299767
v 8.287703 5.927586 -7.299767
v 7.848619 5.927586 -7.025341
v 8.287703 5.927586 -7.299767
v 0.5488777 5.927586 -7.574194
v 0.5488777 5.927586 -7.903505
v 0.5488777 5.927586 -7.574194
v 0.5488777 5.927586 -7.903505
v -7.135059 5.927586 -8.452358
v -6.750862 5.927586 -8.123047
v -11.471 4.500568 -8.177931
v -11.471 -9.001211 -8.177931
v 0.5488777 4.500568 -7.299767
v 0.5488777 -9.001211 -7.299767
v 19.92338 7.464371 -6.750914
v 19.92338 -0.3293362 -6.750914
v 27.49755 7.464371 -6.202063
v 27.49755 -0.3293362 -6.202063
v 23.65558 1.866074 -7.025341
v 23.65558 -3.402912 -7.025341
v 27.71709 1.866074 -6.69603
v 27.71709 -3.402912 -6.69603
v 23.54581 -3.348028 -6.037405
v 23.54581 -5.927635 -6.037405
v 27.6622 -3.348028 -5.708094
v 27.6622 -5.927635 -5.708094
v 22.55787 -5.927635 -6.750914
v 22.55787 -9.001211 -6.750914
v 28.10129 -5.927635 -6.366718
v 28.10129 -9.001211 -6.366718
v 16.19118 5.762928 -5.488554
v 16.19118 -0.3293362 -5.488554
v 19.81361 5.762928 -5.214127
v 19.81361 -0.3293362 -5.214127
v 12.56875 5.762928 -6.092291
v 12.56875 -1.536814 -6.092291
v 16.30095 5.762928 -5.817865
v 16.30095 -1.536814 -5.817865
v 12.56875 -1.481928 -6.805799
v 12.56875 -9.110981 -6.805799
v 16.35584 -1.481928 -6.531374
v 16.35584 -9.110981 -6.531374
v 21.3504 -5.927635 -6.421602
v 23.60069 -5.927635 -6.256947
v 21.3504 -0.2744522 -6.421602
v 23.60069 -0.2744522 -6.256947
v 16.24607 -0.2744522 -5.708094
v 16.24607 -9.001211 -5.708094
v 22.50299 -0.2744522 -5.214127
v 22.50299 -9.001211 -5.214127
v 19.37453 7.409489 -7.354652
v 28.10129 7.409489 -6.69603
v 19.37453 7.848568 -7.354652
v 28.10129 7.848568 -6.69603
v 12.0199 5.762928 -6.586258
v 19.8685 5.762928 -5.982521
v 12.0199 6.202011 -6.586258
v 19.8685 6.202011 -5.982521
v 7.793736 4.500568 -6.915571
v 13.06272 4.500568 -6.531374
v 7.793736 4.939651 -6.915571
v 13.06272 4.939651 -6.531374
v 23.2165 1.81119 -7.354652
v 28.10129 1.81119 -6.970455
v 23.2165 2.250271 -7.354652
v 28.10129 2.250271 -6.970455
v 15.86187 -0.384222 -7.409538
v 23.65558 -0.384222 -6.805799
v 15.86187 0.05485916 -7.409538
v 23.65558 0.05485916 -6.805799
v 23.2165 -3.567568 -7.244883
v 28.10129 -3.567568 -6.860685
v 23.2165 -3.128487 -7.244883
v 28.10129 -3.128487 -6.860685
v 12.23944 -1.756353 -7.025341
v 16.90469 -1.756353 -6.641144
v 12.23944 -1.317272 -7.025341
v 16.90469 -1.317272 -6.641144
v -18.71585 -0.3293362 -9.71472
v -18.71585 7.464371 -9.71472
v -26.29002 -0.3293362 -10.26357
v -26.29002 7.464371 -10.26357
v -22.33828 -3.402912 -10.538
v -22.33828 1.866074 -10.538
v -26.45468 -3.402912 -10.81243
v -26.45468 1.866074 -10.81243
v -15.25808 -9.001211 -8.123047
v -15.25808 -0.2744522 -8.123047
v -21.46012 -9.001211 -8.562128
v -21.46012 -0.2744522 -8.562128
v -11.471 -8.891439 -8.617014
v -11.471 -1.481928 -8.617014
v -15.2032 -8.891439 -8.946325
v -15.2032 -1.481928 -8.946325
v -11.58077 -1.536814 -7.958391
v -11.58077 5.762928 -7.958391
v -15.25808 -1.536814 -8.232817
v -15.25808 5.762928 -8.232817
v -15.2032 -0.3293362 -7.903505
v -15.2032 5.762928 -7.903505
v -18.82563 -0.3293362 -8.177931
v -18.82563 5.762928 -8.177931
v -22.39317 -5.927635 -9.495178
v -22.39317 -3.348028 -9.495178
v -26.50956 -5.927635 -9.82449
v -26.50956 -3.348028 -9.82449
v -21.35035 -9.001211 -10.09892
v -21.35035 -5.927635 -10.09892
v -26.83887 -9.001211 -10.538
v -26.83887 -5.927635 -10.538
v -20.19776 -0.2744522 -9.60495
v -22.39317 -0.2744522 -9.769606
v -20.19776 -5.927635 -9.60495
v -22.39317 -5.927635 -9.769606
v -26.83887 7.409489 -10.86731
v -18.05723 7.409489 -10.20869
v -26.83887 7.848568 -10.86731
v -18.05723 7.848568 -10.20869
v -26.78399 1.81119 -11.19662
v -21.84431 1.81119 -10.81243
v -26.78399 2.250271 -11.19662
v -21.84431 2.250271 -10.81243
v -26.78399 -3.567568 -11.03197
v -21.8992 -3.567568 -10.64777
v -26.78399 -3.128487 -11.03197
v -21.8992 -3.128487 -10.64777
v -22.39317 -0.384222 -10.31846
v -14.59946 -0.384222 -9.71472
v -22.39317 0.05485916 -10.31846
v -14.59946 0.05485916 -9.71472
v -15.75205 -1.756353 -9.165867
v -11.0868 -1.756353 -8.78167
v -15.75205 -1.317272 -9.165867
v -11.0868 -1.317272 -8.78167
v -18.77074 5.762928 -8.946325
v -10.97703 5.762928 -8.342588
v -18.77074 6.202011 -8.946325
v -10.97703 6.202011 -8.342588
v -11.96497 4.500568 -8.397472
v -6.69598 4.500568 -8.013275
v -11.96497 4.939651 -8.397472
v -6.69598 4.939651 -8.013275
v 0.5488777 4.500568 -7.299767
v 0.5488777 -9.001211 -7.299767
v 12.56875 4.500568 -6.366718
v 12.56875 -9.001211 -6.366718
vt 0.1121073 0.7787734
vt 0.1121073 0.5367223
vt 0.1121073 0.7787734
vt 0.1121073 0.5367223
vt 0.1121073 0.7787734
vt 0.1121073 0.5367223
vt 0.1121073 0.7787734
vt 0.1121073 0.5367223
vt 0.1121073 0.7787734
vt 0.1121073 0.5367223
vt 0.1121073 0.7787734
vt 0.1121073 0.5367223
vt 0.1121073 0.7787734
vt 0.1121073 0.7787734
vt 0.1121073 0.5367223
vt 0.1121073 0.5367223
vt 0.1121073 0.7787734
vt 0.1121073 0.5367223
vt 0.1121073 0.7787734
vt 0.1121073 0.5367223
vt 0.1121073 0.7787734
vt 0.1121073 0.5367223
vt 0.1121073 0.7787734
vt 0.1121073 0.5367223
vt 0.9059528 0.3705686
vt 0.9059528 0.2515944
vt 0.9490297 0.3623635
vt 0.9490297 0.2597995
vt 0.9490297 0.3623635
vt 0.9059528 0.2515944
vt 0.2044149 0.6310812
vt 0.175697 0.6310812
vt 0.190056 0.7274914
vt 0.190056 0.7274914
vt 0.190056 0.7274914
vt 0.175697 0.6310812
vt 0.9059528 0.3705686
vt 0.9059528 0.2515944
vt 0.9490297 0.3623635
vt 0.9490297 0.2597995
vt 0.9490297 0.3623635
vt 0.9059528 0.2515944
vt 0.1736457 0.6290299
vt 0.1736457 0.6290299
vt 0.2044149 0.6290299
vt 0.1736457 0.6290299
vt 0.1736457 0.6290299
vt 0.1121073 0.5367223
vt 0.1121073 0.5367223
vt 0.1121073 0.7787734
vt 0.1121073 0.7787734
vt 0.1121073 0.5367223
vt 0.1121073 0.5367223
vt 0.1121073 0.7787734
vt 0.1121073 0.7787734
vt 0.1121073 0.5367223
vt 0.1121073 0.5367223
vt 0.1121073 0.7787734
vt 0.1121073 0.7787734
vt 0.1121073 0.5367223
vt 0.1121073 0.7787734
vt 0.1121073 0.5367223
vt 0.1121073 0.7787734
vt 0.1121073 0.5367223
vt 0.1121073 0.5367223
vt 0.1121073 0.7787734
vt 0.1121073 0.7787734
vt 0.1121073 0.5367223
vt 0.1121073 0.5367223
vt 0.1121073 0.7787734
vt 0.1121073 0.7787734
vt 0.9490297 0.2597995
vt 0.9059528 0.2515944
vt 0.9490297 0.3623635
vt 0.9059528 0.3705686
vt 0.9490297 0.3623635
vt 0.9059528 0.2515944
vt 0.9490297 0.2597995
vt 0.9059528 0.2515944
vt 0.9490297 0.3623635
vt 0.9059528 0.3705686
vt 0.9490297 0.3623635
vt 0.9059528 0.2515944
vt 0.2023637 0.7295427
vt 0.2023637 0.6290299
vt 0.175697 0.7295427
vt 0.175697 0.6290299
vt 0.03005611 0.7787734
vt 0.03005611 0.7726195
vt 0.02390227 0.7787734
vt 0.02390227 0.7726195
vt 0.001338184 0.7254401
vt 0.08954324 0.7254401
vt 0.001338184 0.5941582
vt 0.08954324 0.5941582
vt 0.001338184 0.7254401
vt 0.08954324 0.7254401
vt 0.001338184 0.5941582
vt 0.08954324 0.5941582
vt 0.001338184 0.7787734
vt 0.08954324 0.7787734
vt 0.001338184 0.5941582
vt 0.08954324 0.5941582
vt 0.001338184 0.7254401
vt 0.08954324 0.7254401
vt 0.001338184 0.5941582
vt 0.08954324 0.5941582
vt 0.2187739 0.731594
vt 0.2187739 0.6290299
vt 0.2064662 0.731594
vt 0.2064662 0.731594
vt 0.2187739 0.6290299
vt 0.2064662 0.6290299
vt 0.1982611 0.6721068
vt 0.2003124 0.7090299
vt 0.2003124 0.6700556
vt 0.2003124 0.6700556
vt 0.2003124 0.7090299
vt 0.2003124 0.7110811
vt 0.1962098 0.717235
vt 0.1982611 0.6803119
vt 0.1818509 0.6803119
vt 0.1818509 0.7192863
vt 0.1818509 0.6803119
vt 0.1982611 0.6803119
vt 0.1982611 0.6433889
vt 0.1859534 0.6413376
vt 0.2044149 0.7295427
vt 0.2044149 0.6290299
vt 0.1736457 0.7295427
vt 0.1736457 0.6290299
vt 0.9387733 0.3705686
vt 0.9387733 0.2515944
vt 0.9162092 0.3705686
vt 0.9162092 0.2515944
vt 0.9510809 0.3705686
vt 0.9510809 0.2515944
vt 0.9387733 0.3705686
vt 0.9387733 0.2515944
vt 0.9510809 0.3705686
vt 0.9510809 0.2515944
vt 0.9387733 0.3705686
vt 0.9387733 0.2515944
vt 0.9059528 0.2515944
vt 0.9059528 0.3705686
vt 0.9162092 0.2515944
vt 0.9162092 0.3705686
vt 0.003389464 0.7644144
vt 0.08749195 0.7644144
vt 0.003389464 0.7418504
vt 0.003389464 0.7418504
vt 0.08749195 0.7644144
vt 0.08749195 0.7418504
vt 0.54903 0.6803119
vt 0.54903 0.6639017
vt 0.5100557 0.6803119
vt 0.5100557 0.6639017
vt 0.54903 0.6803119
vt 0.54903 0.6639017
vt 0.5100557 0.6803119
vt 0.5100557 0.6639017
vt 0.54903 0.6803119
vt 0.54903 0.6639017
vt 0.5100557 0.6803119
vt 0.5100557 0.6639017
vt 0.54903 0.6803119
vt 0.54903 0.6639017
vt 0.5100557 0.6803119
vt 0.5100557 0.6639017
vt 0.54903 0.6803119
vt 0.54903 0.6639017
vt 0.5100557 0.6803119
vt 0.5100557 0.6639017
vt 0.54903 0.6803119
vt 0.54903 0.6639017
vt 0.5100557 0.6803119
vt 0.5100557 0.6639017
vt 0.2228764 0.5367223
vt 0.1121073 0.5367223
vt 0.2228764 0.7787734
vt 0.1121073 0.7787734
vt 0.1121073 0.7787734
vt 0.1121073 0.5367223
vt 0.1121073 0.7787734
vt 0.1121073 0.5367223
vt 0.1121073 0.7787734
vt 0.1121073 0.7787734
vt 0.1121073 0.5367223
vt 0.1121073 0.5367223
vt 0.2392867 0.5367223
vt 0.09159452 0.5367223
vt 0.2392867 0.7787734
vt 0.09159452 0.7787734
vt 0.1121073 0.7787734
vt 0.1121073 0.7787734
vt 0.1121073 0.5367223
vt 0.1121073 0.5367223
vt 0.2392867 0.5367223
vt 0.09159452 0.5367223
vt 0.2392867 0.7787734
vt 0.09159452 0.7787734
vt 0.2392867 0.5367223
vt 0.09159452 0.5367223
vt 0.2392867 0.7787734
vt 0.09159452 0.7787734
vt 0.09159452 0.5367223
vt 0.2392867 0.5367223
vt 0.09159452 0.7787734
vt 0.2392867 0.7787734
vt 0.1982611 0.5367223
vt 0.1121073 0.5367223
vt 0.1982611 0.7787734
vt 0.1121073 0.7787734
vt 0.2228764 0.5367223
vt 0.1121073 0.5367223
vt 0.2228764 0.7787734
vt 0.1121073 0.7787734
vt 0.1121073 0.7787734
vt 0.1121073 0.5367223
vt 0.1121073 0.7787734
vt 0.1121073 0.5367223
vt 0.1346714 0.5367223
vt 0.1346714 0.7808247
vt 0.2003124 0.5367223
vt 0.2003124 0.7808247
vt 0.2003124 0.5367223
vt 0.1346714 0.5367223
vt 0.2003124 0.7808247
vt 0.1346714 0.7808247
vt 0.1121073 0.5367223
vt 0.110056 0.5367223
vt 0.1121073 0.7787734
vt 0.110056 0.7787734
vt 0.1121073 0.5367223
vt 0.110056 0.5367223
vt 0.1121073 0.7787734
vt 0.110056 0.7787734
vt 0.2208252 0.5367223
vt 0.1326201 0.5367223
vt 0.2208252 0.7787734
vt 0.1326201 0.7787734
vt 0.1121073 0.7787734
vt 0.1121073 0.5346711
vt 0.110056 0.7787734
vt 0.110056 0.5346711
vt 0.1121073 0.7787734
vt 0.1121073 0.5346711
vt 0.110056 0.7787734
vt 0.110056 0.5346711
vt 0.1797996 0.5367223
vt 0.09159452 0.5367223
vt 0.1797996 0.7787734
vt 0.09159452 0.7787734
vt 0.2392867 0.5367223
vt 0.0936458 0.5367223
vt 0.2392867 0.7787734
vt 0.0936458 0.7787734
vt 0.1121073 0.5367223
vt 0.1121073 0.5367223
vt 0.1121073 0.7787734
vt 0.1121073 0.7787734
vt 0.2433892 0.922363
vt 0.005440745 0.922363
vt 0.2433892 1.039286
vt 0.005440745 1.039286
vt 0.9059528 0.2515944
vt 0.9059528 0.3705686
vt 0.9490297 0.2597995
vt 0.9490297 0.3705686
vt 0.9059528 0.2515944
vt 0.9059528 0.3705686
vt 0.9490297 0.2515944
vt 0.9490297 0.3623635
vt 0.2044149 0.6290299
vt 0.1880047 0.7295427
vt 0.1736457 0.6290299
vt 0.1736457 0.7295427
vt 0.1736457 0.6290299
vt 0.1736457 0.7295427
vt 0.2044149 0.6290299
vt 0.2044149 0.7295427
vt 0.1880047 0.7295427
vt 0.2044149 0.6290299
vt 0.1736457 0.7295427
vt 0.1736457 0.6290299
vt 0.2044149 0.7295427
vt 0.2044149 0.6290299
vt 0.1736457 0.7295427
vt 0.1736457 0.6290299
vt 0.2044149 0.6290299
vt 0.1736457 0.6290299
vt 0.2044149 0.7295427
vt 0.1736457 0.7295427
vt 0.9510809 0.3726199
vt 0.9510809 0.2536457
vt 0.9039015 0.3726199
vt 0.9039015 0.2536457
vt 0.9039015 0.2536457
vt 0.9039015 0.3726199
vt 0.9510809 0.2536457
vt 0.9510809 0.3726199
vt 0.9039015 0.2536457
vt 0.9039015 0.3726199
vt 0.9510809 0.2536457
vt 0.9510809 0.3726199
vt 0.2044149 0.7295427
vt 0.2044149 0.6290299
vt 0.1736457 0.7295427
vt 0.1736457 0.6290299
vt 0.2044149 0.6290299
vt 0.1736457 0.6290299
vt 0.2044149 0.7295427
vt 0.1736457 0.7295427
vt 0.9510809 0.3726199
vt 0.9510809 0.2536457
vt 0.9039015 0.3726199
vt 0.9039015 0.2536457
vt 0.9039015 0.2536457
vt 0.9039015 0.3726199
vt 0.9510809 0.2536457
vt 0.9510809 0.3726199
vt 0.9039015 0.2536457
vt 0.9039015 0.3726199
vt 0.9510809 0.2536457
vt 0.9510809 0.3726199
vt 0.2044149 0.7295427
vt 0.2044149 0.6290299
vt 0.1736457 0.7295427
vt 0.1736457 0.6290299
vt 0.2044149 0.6290299
vt 0.1736457 0.6290299
vt 0.2044149 0.7295427
vt 0.1736457 0.7295427
vt 0.9510809 0.3726199
vt 0.9510809 0.2536457
vt 0.9039015 0.3726199
vt 0.9039015 0.2536457
vt 0.9039015 0.2536457
vt 0.9039015 0.3726199
vt 0.9510809 0.2536457
vt 0.9510809 0.3726199
vt 0.9039015 0.2536457
vt 0.9039015 0.3726199
vt 0.9510809 0.2536457
vt 0.9510809 0.3726199
vt 0.2044149 0.7295427
vt 0.2044149 0.6290299
vt 0.1736457 0.7295427
vt 0.1736457 0.6290299
vt 0.2044149 0.6290299
vt 0.1736457 0.6290299
vt 0.2044149 0.7295427
vt 0.1736457 0.7295427
vt 0.9059528 0.3131328
vt 0.9059528 0.3726199
vt 0.9531322 0.3131328
vt 0.9531322 0.3726199
vt 0.9531322 0.3726199
vt 0.9531322 0.3131328
vt 0.9059528 0.3726199
vt 0.9059528 0.3131328
vt 0.9059528 0.3131328
vt 0.9059528 0.3726199
vt 0.9531322 0.3131328
vt 0.9531322 0.3726199
vt 0.2044149 0.7295427
vt 0.2044149 0.6290299
vt 0.1736457 0.7295427
vt 0.1736457 0.6290299
vt 0.2044149 0.6290299
vt 0.1736457 0.6290299
vt 0.2044149 0.7295427
vt 0.1736457 0.7295427
vt 0.9941579 0.3726199
vt 0.9941579 0.2536457
vt 0.9469784 0.3726199
vt 0.9469784 0.2536457
vt 0.9469784 0.2536457
vt 0.9469784 0.3726199
vt 0.9941579 0.2536457
vt 0.9941579 0.3726199
vt 0.9941579 0.3726199
vt 0.9941579 0.2536457
vt 0.9469784 0.3726199
vt 0.9469784 0.2536457
vt 0.2044149 0.7295427
vt 0.2044149 0.6290299
vt 0.1736457 0.7295427
vt 0.1736457 0.6290299
vt 0.2044149 0.6290299
vt 0.1736457 0.6290299
vt 0.2044149 0.7295427
vt 0.1736457 0.7295427
vt 0.9059528 0.3131328
vt 0.9059528 0.3726199
vt 0.9531322 0.3131328
vt 0.9531322 0.3726199
vt 0.9531322 0.3726199
vt 0.9531322 0.3131328
vt 0.9059528 0.3726199
vt 0.9059528 0.3131328
vt 0.9059528 0.3131328
vt 0.9059528 0.3726199
vt 0.9531322 0.3131328
vt 0.9531322 0.3726199
vt 0.2044149 0.7295427
vt 0.2044149 0.6290299
vt 0.1736457 0.7295427
vt 0.1736457 0.6290299
vt 0.2044149 0.6290299
vt 0.1736457 0.6290299
vt 0.2044149 0.7295427
vt 0.1736457 0.7295427
vt 0.9941579 0.3726199
vt 0.9941579 0.2536457
vt 0.9469784 0.3726199
vt 0.9469784 0.2536457
vt 0.9941579 0.3726199
vt 0.9941579 0.2536457
vt 0.9469784 0.3726199
vt 0.9469784 0.2536457
vt 0.9469784 0.2536457
vt 0.9469784 0.3726199
vt 0.9941579 0.2536457
vt 0.9941579 0.3726199
vt 0.1162099 0.6290299
vt 0.1162099 0.731594
vt 0.1777483 0.6290299
vt 0.1777483 0.731594
vt 0.1162099 0.731594
vt 0.1777483 0.731594
vt 0.1346714 0.6290299
vt 0.1777483 0.6290299
vt 0.1162099 0.731594
vt 0.1346714 0.6290299
vt 0.1777483 0.731594
vt 0.1777483 0.6290299
vt 0.175697 0.6310812
vt 0.190056 0.7274914
vt 0.2044149 0.6310812
vt 0.2044149 0.7274914
vt 0.2044149 0.6310812
vt 0.175697 0.6310812
vt 0.190056 0.7274914
vt 0.175697 0.7274914
vt 0.2433892 0.9244143
vt 0.003389464 0.9244143
vt 0.2433892 1.041337
vt 0.003389464 1.041337
vt 0.9059528 0.2515944
vt 0.9059528 0.3705686
vt 0.9490297 0.2597995
vt 0.9490297 0.3705686
vt 0.9059528 0.2515944
vt 0.9059528 0.3705686
vt 0.9490297 0.2515944
vt 0.9490297 0.3623635
vt 0.2044149 0.6290299
vt 0.1880047 0.7295427
vt 0.1736457 0.6290299
vt 0.1736457 0.7295427
vt 0.1736457 0.6290299
vt 0.1736457 0.7295427
vt 0.2044149 0.6290299
vt 0.2044149 0.7295427
vt 0.1880047 0.7295427
vt 0.2044149 0.6290299
vt 0.1736457 0.7295427
vt 0.1736457 0.6290299
vt 0.1162099 0.6290299
vt 0.1162099 0.731594
vt 0.1777483 0.6290299
vt 0.1777483 0.731594
vt 0.1162099 0.731594
vt 0.1777483 0.731594
vt 0.1346714 0.6290299
vt 0.1777483 0.6290299
vt 0.1162099 0.731594
vt 0.1346714 0.6290299
vt 0.1777483 0.731594
vt 0.1777483 0.6290299
vt 0.001338184 0.7787734
vt 0.08954324 0.7787734
vt 0.001338184 0.5941582
vt 0.08954324 0.5941582
vt 0.08954324 0.5346711
vt 0.001338184 0.5346711
vt 0.08954324 0.7254401
vt 0.001338184 0.7254401
vt 0.001338184 0.7787734
vt 0.08954324 0.7787734
vt 0.001338184 0.5941582
vt 0.08954324 0.5941582
vt 0.08954324 0.5346711
vt 0.001338184 0.5346711
vt 0.08954324 0.7254401
vt 0.001338184 0.7254401
vt 0.001338184 0.7787734
vt 0.08954324 0.7787734
vt 0.001338184 0.5941582
vt 0.08954324 0.5941582
vt 0.08954324 0.5346711
vt 0.001338184 0.5346711
vt 0.08954324 0.7254401
vt 0.001338184 0.7254401
vt 0.001338184 0.7787734
vt 0.08954324 0.7787734
vt 0.001338184 0.5941582
vt 0.08954324 0.5941582
vt 0.08954324 0.5346711
vt 0.001338184 0.5346711
vt 0.08954324 0.7254401
vt 0.001338184 0.7254401
vt 0.5100557 0.908004
vt 0.54903 0.908004
vt 0.5100557 0.6946709
vt 0.54903 0.6946709
vt 0.5100557 0.908004
vt 0.54903 0.908004
vt 0.5100557 0.6946709
vt 0.54903 0.6946709
vt 0.5100557 0.908004
vt 0.54903 0.908004
vt 0.5100557 0.6946709
vt 0.54903 0.6946709
vt 0.5100557 0.908004
vt 0.54903 0.908004
vt 0.5100557 0.6946709
vt 0.54903 0.6946709
vt 0.5100557 0.908004
vt 0.54903 0.908004
vt 0.5100557 0.6946709
vt 0.54903 0.6946709
vt 0.5100557 0.908004
vt 0.54903 0.908004
vt 0.5100557 0.6946709
vt 0.54903 0.6946709
vt 0.5100557 0.6946709
vt 0.54903 0.6946709
vt 0.5100557 0.6803119
vt 0.54903 0.6803119
vt 0.5100557 0.6946709
vt 0.54903 0.6946709
vt 0.5100557 0.6803119
vt 0.54903 0.6803119
vt 0.5100557 0.6946709
vt 0.54903 0.6946709
vt 0.5100557 0.6803119
vt 0.54903 0.6803119
vt 0.5100557 0.6946709
vt 0.54903 0.6946709
vt 0.5100557 0.6803119
vt 0.54903 0.6803119
vt 0.5100557 0.6946709
vt 0.54903 0.6946709
vt 0.5100557 0.6803119
vt 0.54903 0.6803119
vt 0.5100557 0.6946709
vt 0.54903 0.6946709
vt 0.5100557 0.6803119
vt 0.54903 0.6803119
vt 0.3541584 0.2597995
vt 0.3541584 0.2023637
vt 0.3151841 0.2597995
vt 0.3151841 0.2023637
vt 0.3336456 0.2023637
vt 0.3151841 0.2023637
vt 0.3336456 0.2597995
vt 0.3151841 0.2597995
vt 0.3541584 0.2597995
vt 0.3541584 0.2023637
vt 0.3336456 0.2597995
vt 0.3336456 0.2023637
vt 0.3172354 0.2003124
vt 0.3356969 0.2003124
vt 0.3172354 0.1859534
vt 0.3521071 0.1859534
vt 0.2064662 0.6905683
vt 0.2187739 0.6905683
vt 0.2064662 0.6290299
vt 0.2187739 0.6290299
vt 0.9387733 0.2515944
vt 0.9162092 0.2515944
vt 0.9387733 0.3705686
vt 0.9162092 0.3705686
vt 0.1736457 0.6290299
vt 0.2044149 0.6290299
vt 0.2044149 0.6290299
vt 0.1736457 0.6290299
vt 0.9162092 0.2515944
vt 0.9059528 0.2515944
vt 0.9162092 0.3705686
vt 0.9059528 0.3705686
vt 0.3541584 0.2187739
vt 0.3541584 0.1818509
vt 0.3151841 0.2187739
vt 0.3418507 0.1818509
vt 0.3151841 0.1818509
vt 0.175697 0.6290299
vt 0.2023637 0.6290299
vt 0.175697 0.7295427
vt 0.2023637 0.7295427
vt 0.02390227 0.7726195
vt 0.03005611 0.7726195
vt 0.02390227 0.7787734
vt 0.03005611 0.7787734
vt 0.08954324 0.5941582
vt 0.08954324 0.7254401
vt 0.001338184 0.5941582
vt 0.001338184 0.7254401
vt 0.08954324 0.5941582
vt 0.08954324 0.7254401
vt 0.001338184 0.5941582
vt 0.001338184 0.7254401
vt 0.08954324 0.5941582
vt 0.08954324 0.7787734
vt 0.001338184 0.5941582
vt 0.001338184 0.7787734
vt 0.08954324 0.5941582
vt 0.08954324 0.7254401
vt 0.001338184 0.5941582
vt 0.001338184 0.7254401
vt 0.2064662 0.6290299
vt 0.2187739 0.6290299
vt 0.2064662 0.731594
vt 0.2187739 0.731594
vt 0.1777483 0.7110811
vt 0.1777483 0.7090299
vt 0.1777483 0.6721068
vt 0.1777483 0.6721068
vt 0.1736457 0.6290299
vt 0.2044149 0.6290299
vt 0.1736457 0.7295427
vt 0.2044149 0.7295427
vt 0.9162092 0.2515944
vt 0.9387733 0.2515944
vt 0.9162092 0.3705686
vt 0.9387733 0.3705686
vt 0.9387733 0.2515944
vt 0.9510809 0.2515944
vt 0.9387733 0.3705686
vt 0.9510809 0.3705686
vt 0.9387733 0.2515944
vt 0.9510809 0.2515944
vt 0.9387733 0.3705686
vt 0.9510809 0.3705686
vt 0.9162092 0.3705686
vt 0.9059528 0.3705686
vt 0.9162092 0.2515944
vt 0.9059528 0.2515944
vt 0.08749195 0.7418504
vt 0.08749195 0.7644144
vt 0.003389464 0.7418504
vt 0.003389464 0.7644144
vt 0.5100557 0.6639017
vt 0.54903 0.6639017
vt 0.5100557 0.6803119
vt 0.54903 0.6803119
vt 0.5100557 0.6639017
vt 0.54903 0.6639017
vt 0.5100557 0.6803119
vt 0.54903 0.6803119
vt 0.5100557 0.6639017
vt 0.54903 0.6639017
vt 0.5100557 0.6803119
vt 0.54903 0.6803119
vt 0.5100557 0.6639017
vt 0.54903 0.6639017
vt 0.5100557 0.6803119
vt 0.54903 0.6803119
vt 0.5100557 0.6639017
vt 0.54903 0.6639017
vt 0.5100557 0.6803119
vt 0.54903 0.6803119
vt 0.5100557 0.6639017
vt 0.54903 0.6639017
vt 0.5100557 0.6803119
vt 0.54903 0.6803119
vt 0.1121073 0.7787734
vt 0.1121073 0.5367223
vt 0.2228764 0.7787734
vt 0.2228764 0.5367223
vt 0.1121073 0.5367223
vt 0.1121073 0.5367223
vt 0.1121073 0.7787734
vt 0.1121073 0.7787734
vt 0.1121073 0.5367223
vt 0.1121073 0.7787734
vt 0.1121073 0.5367223
vt 0.1121073 0.7787734
vt 0.09159452 0.7787734
vt 0.09159452 0.5367223
vt 0.2392867 0.7787734
vt 0.2392867 0.5367223
vt 0.1121073 0.5367223
vt 0.1121073 0.7787734
vt 0.1121073 0.5367223
vt 0.1121073 0.7787734
vt 0.09159452 0.7787734
vt 0.09159452 0.5367223
vt 0.2392867 0.7787734
vt 0.2392867 0.5367223
vt 0.09159452 0.7787734
vt 0.09159452 0.5367223
vt 0.2392867 0.7787734
vt 0.2392867 0.5367223
vt 0.2392867 0.7787734
vt 0.2392867 0.5367223
vt 0.09159452 0.7787734
vt 0.09159452 0.5367223
vt 0.1121073 0.7787734
vt 0.1121073 0.5367223
vt 0.1982611 0.7787734
vt 0.1982611 0.5367223
vt 0.1121073 0.7787734
vt 0.1121073 0.5367223
vt 0.2228764 0.7787734
vt 0.2228764 0.5367223
vt 0.1121073 0.5367223
vt 0.1121073 0.5367223
vt 0.1121073 0.7787734
vt 0.1121073 0.7787734
vt 0.2003124 0.7808247
vt 0.1346714 0.7808247
vt 0.2003124 0.5367223
vt 0.1346714 0.5367223
vt 0.1346714 0.7808247
vt 0.1346714 0.5367223
vt 0.2003124 0.7808247
vt 0.2003124 0.5367223
vt 0.110056 0.7787734
vt 0.110056 0.5367223
vt 0.1121073 0.7787734
vt 0.1121073 0.5367223
vt 0.110056 0.7787734
vt 0.110056 0.5367223
vt 0.1121073 0.7787734
vt 0.1121073 0.5367223
vt 0.1326201 0.7787734
vt 0.1326201 0.5367223
vt 0.2208252 0.7787734
vt 0.2208252 0.5367223
vt 0.110056 0.5346711
vt 0.1121073 0.5346711
vt 0.110056 0.7787734
vt 0.1121073 0.7787734
vt 0.110056 0.5346711
vt 0.1121073 0.5346711
vt 0.110056 0.7787734
vt 0.1121073 0.7787734
vt 0.09159452 0.7787734
vt 0.09159452 0.5367223
vt 0.1797996 0.7787734
vt 0.1797996 0.5367223
vt 0.0936458 0.7787734
vt 0.0936458 0.5367223
vt 0.2392867 0.7787734
vt 0.2392867 0.5367223
vt 0.1121073 0.7787734
vt 0.1121073 0.5367223
vt 0.1121073 0.7787734
vt 0.1121073 0.5367223
vt 0.003389464 1.039286
vt 0.003389464 0.922363
vt 0.2433892 1.039286
vt 0.2433892 0.922363
vt 0.9490297 0.3705686
vt 0.9059528 0.3705686
vt 0.9490297 0.2597995
vt 0.9059528 0.2515944
vt 0.9490297 0.3623635
vt 0.9059528 0.3705686
vt 0.9490297 0.2515944
vt 0.9059528 0.2515944
vt 0.1736457 0.7295427
vt 0.1880047 0.7295427
vt 0.1736457 0.6290299
vt 0.2044149 0.6290299
vt 0.2044149 0.7295427
vt 0.1736457 0.7295427
vt 0.2044149 0.6290299
vt 0.1736457 0.6290299
vt 0.1736457 0.6290299
vt 0.2044149 0.6290299
vt 0.1736457 0.7295427
vt 0.1880047 0.7295427
vt 0.1736457 0.6290299
vt 0.2044149 0.6290299
vt 0.1736457 0.7295427
vt 0.2044149 0.7295427
vt 0.1736457 0.7295427
vt 0.1736457 0.6290299
vt 0.2044149 0.7295427
vt 0.2044149 0.6290299
vt 0.9039015 0.2536457
vt 0.9510809 0.2536457
vt 0.9039015 0.3726199
vt 0.9510809 0.3726199
vt 0.9510809 0.3726199
vt 0.9039015 0.3726199
vt 0.9510809 0.2536457
vt 0.9039015 0.2536457
vt 0.9510809 0.3726199
vt 0.9039015 0.3726199
vt 0.9510809 0.2536457
vt 0.9039015 0.2536457
vt 0.1736457 0.6290299
vt 0.2044149 0.6290299
vt 0.1736457 0.7295427
vt 0.2044149 0.7295427
vt 0.1736457 0.7295427
vt 0.1736457 0.6290299
vt 0.2044149 0.7295427
vt 0.2044149 0.6290299
vt 0.9039015 0.2536457
vt 0.9510809 0.2536457
vt 0.9039015 0.3726199
vt 0.9510809 0.3726199
vt 0.9510809 0.3726199
vt 0.9039015 0.3726199
vt 0.9510809 0.2536457
vt 0.9039015 0.2536457
vt 0.9510809 0.3726199
vt 0.9039015 0.3726199
vt 0.9510809 0.2536457
vt 0.9039015 0.2536457
vt 0.1736457 0.6290299
vt 0.2044149 0.6290299
vt 0.1736457 0.7295427
vt 0.2044149 0.7295427
vt 0.1736457 0.7295427
vt 0.1736457 0.6290299
vt 0.2044149 0.7295427
vt 0.2044149 0.6290299
vt 0.9039015 0.2536457
vt 0.9510809 0.2536457
vt 0.9039015 0.3726199
vt 0.9510809 0.3726199
vt 0.9510809 0.3726199
vt 0.9039015 0.3726199
vt 0.9510809 0.2536457
vt 0.9039015 0.2536457
vt 0.9510809 0.3726199
vt 0.9039015 0.3726199
vt 0.9510809 0.2536457
vt 0.9039015 0.2536457
vt 0.1736457 0.6290299
vt 0.2044149 0.6290299
vt 0.1736457 0.7295427
vt 0.2044149 0.7295427
vt 0.1736457 0.7295427
vt 0.1736457 0.6290299
vt 0.2044149 0.7295427
vt 0.2044149 0.6290299
vt 0.9531322 0.3726199
vt 0.9059528 0.3726199
vt 0.9531322 0.3131328
vt 0.9059528 0.3131328
vt 0.9059528 0.3131328
vt 0.9531322 0.3131328
vt 0.9059528 0.3726199
vt 0.9531322 0.3726199
vt 0.9531322 0.3726199
vt 0.9059528 0.3726199
vt 0.9531322 0.3131328
vt 0.9059528 0.3131328
vt 0.1736457 0.6290299
vt 0.2044149 0.6290299
vt 0.1736457 0.7295427
vt 0.2044149 0.7295427
vt 0.1736457 0.7295427
vt 0.1736457 0.6290299
vt 0.2044149 0.7295427
vt 0.2044149 0.6290299
vt 0.9469784 0.2536457
vt 0.9941579 0.2536457
vt 0.9469784 0.3726199
vt 0.9941579 0.3726199
vt 0.9941579 0.3726199
vt 0.9469784 0.3726199
vt 0.9941579 0.2536457
vt 0.9469784 0.2536457
vt 0.9469784 0.2536457
vt 0.9941579 0.2536457
vt 0.9469784 0.3726199
vt 0.9941579 0.3726199
vt 0.1736457 0.6290299
vt 0.2044149 0.6290299
vt 0.1736457 0.7295427
vt 0.2044149 0.7295427
vt 0.1736457 0.7295427
vt 0.1736457 0.6290299
vt 0.2044149 0.7295427
vt 0.2044149 0.6290299
vt 0.9531322 0.3726199
vt 0.9059528 0.3726199
vt 0.9531322 0.3131328
vt 0.9059528 0.3131328
vt 0.9059528 0.3131328
vt 0.9531322 0.3131328
vt 0.9059528 0.3726199
vt 0.9531322 0.3726199
vt 0.9531322 0.3726199
vt 0.9059528 0.3726199
vt 0.9531322 0.3131328
vt 0.9059528 0.3131328
vt 0.1736457 0.6290299
vt 0.2044149 0.6290299
vt 0.1736457 0.7295427
vt 0.2044149 0.7295427
vt 0.1736457 0.7295427
vt 0.1736457 0.6290299
vt 0.2044149 0.7295427
vt 0.2044149 0.6290299
vt 0.9469784 0.2536457
vt 0.9941579 0.2536457
vt 0.9469784 0.3726199
vt 0.9941579 0.3726199
vt 0.9469784 0.2536457
vt 0.9941579 0.2536457
vt 0.9469784 0.3726199
vt 0.9941579 0.3726199
vt 0.9941579 0.3726199
vt 0.9469784 0.3726199
vt 0.9941579 0.2536457
vt 0.9469784 0.2536457
vt 0.1777483 0.731594
vt 0.1162099 0.731594
vt 0.1777483 0.6290299
vt 0.1162099 0.6290299
vt 0.1777483 0.6290299
vt 0.1777483 0.731594
vt 0.1346714 0.6290299
vt 0.1162099 0.731594
vt 0.1777483 0.6290299
vt 0.1346714 0.6290299
vt 0.1777483 0.731594
vt 0.1162099 0.731594
vt 0.190056 0.7274914
vt 0.175697 0.6310812
vt 0.190056 0.7274914
vt 0.190056 0.7274914
vt 0.175697 0.6310812
vt 0.2044149 0.6310812
vt 0.2044149 0.7274914
vt 0.190056 0.7274914
vt 0.2044149 0.6310812
vt 0.175697 0.6310812
vt 0.175697 0.7274914
vt 0.175697 0.6310812
vt 0.190056 0.7274914
vt 0.2044149 0.6310812
vt 0.003389464 1.041337
vt 0.003389464 0.9244143
vt 0.2433892 1.041337
vt 0.2433892 0.9244143
vt 0.9490297 0.3705686
vt 0.9059528 0.3705686
vt 0.9490297 0.2597995
vt 0.9059528 0.2515944
vt 0.9490297 0.3623635
vt 0.9059528 0.3705686
vt 0.9490297 0.2515944
vt 0.9059528 0.2515944
vt 0.1736457 0.7295427
vt 0.1880047 0.7295427
vt 0.1736457 0.6290299
vt 0.2044149 0.6290299
vt 0.2044149 0.7295427
vt 0.1736457 0.7295427
vt 0.2044149 0.6290299
vt 0.1736457 0.6290299
vt 0.1736457 0.6290299
vt 0.2044149 0.6290299
vt 0.1736457 0.7295427
vt 0.1880047 0.7295427
vt 0.1777483 0.731594
vt 0.1162099 0.731594
vt 0.1777483 0.6290299
vt 0.1162099 0.6290299
vt 0.1777483 0.6290299
vt 0.1777483 0.731594
vt 0.1346714 0.6290299
vt 0.1162099 0.731594
vt 0.1777483 0.6290299
vt 0.1346714 0.6290299
vt 0.1777483 0.731594
vt 0.1162099 0.731594
vt 0.08954324 0.5941582
vt 0.08954324 0.7787734
vt 0.001338184 0.5941582
vt 0.001338184 0.7787734
vt 0.001338184 0.7254401
vt 0.001338184 0.5346711
vt 0.08954324 0.7254401
vt 0.08954324 0.5346711
vt 0.08954324 0.5941582
vt 0.08954324 0.7787734
vt 0.001338184 0.5941582
vt 0.001338184 0.7787734
vt 0.001338184 0.7254401
vt 0.001338184 0.5346711
vt 0.08954324 0.7254401
vt 0.08954324 0.5346711
vt 0.08954324 0.5941582
vt 0.08954324 0.7787734
vt 0.001338184 0.5941582
vt 0.001338184 0.7787734
vt 0.001338184 0.7254401
vt 0.001338184 0.5346711
vt 0.08954324 0.7254401
vt 0.08954324 0.5346711
vt 0.08954324 0.5941582
vt 0.08954324 0.7787734
vt 0.001338184 0.5941582
vt 0.001338184 0.7787734
vt 0.001338184 0.7254401
vt 0.001338184 0.5346711
vt 0.08954324 0.7254401
vt 0.08954324 0.5346711
vt 0.54903 0.6946709
vt 0.54903 0.908004
vt 0.5100557 0.6946709
vt 0.5100557 0.908004
vt 0.54903 0.6946709
vt 0.54903 0.908004
vt 0.5100557 0.6946709
vt 0.5100557 0.908004
vt 0.54903 0.6946709
vt 0.54903 0.908004
vt 0.5100557 0.6946709
vt 0.5100557 0.908004
vt 0.54903 0.6946709
vt 0.54903 0.908004
vt 0.5100557 0.6946709
vt 0.5100557 0.908004
vt 0.54903 0.6946709
vt 0.54903 0.908004
vt 0.5100557 0.6946709
vt 0.5100557 0.908004
vt 0.54903 0.6946709
vt 0.54903 0.908004
vt 0.5100557 0.6946709
vt 0.5100557 0.908004
vt 0.54903 0.6803119
vt 0.54903 0.6946709
vt 0.5100557 0.6803119
vt 0.5100557 0.6946709
vt 0.54903 0.6803119
vt 0.54903 0.6946709
vt 0.5100557 0.6803119
vt 0.5100557 0.6946709
vt 0.54903 0.6803119
vt 0.54903 0.6946709
vt 0.5100557 0.6803119
vt 0.5100557 0.6946709
vt 0.54903 0.6803119
vt 0.54903 0.6946709
vt 0.5100557 0.6803119
vt 0.5100557 0.6946709
vt 0.54903 0.6803119
vt 0.54903 0.6946709
vt 0.5100557 0.6803119
vt 0.5100557 0.6946709
vt 0.54903 0.6803119
vt 0.54903 0.6946709
vt 0.5100557 0.6803119
vt 0.5100557 0.6946709
vt 0.3151841 0.2023637
vt 0.3541584 0.2023637
vt 0.3151841 0.2597995
vt 0.3541584 0.2597995
vt 0.3151841 0.2597995
vt 0.3151841 0.2023637
vt 0.3336456 0.2597995
vt 0.3336456 0.2023637
vt 0.3336456 0.2023637
vt 0.3541584 0.2023637
vt 0.3336456 0.2597995
vt 0.3541584 0.2597995
vt 0.3521071 0.1859534
vt 0.3356969 0.2003124
vt 0.3172354 0.1859534
vt 0.3172354 0.2003124
vt 0.2187739 0.6290299
vt 0.2187739 0.6905683
vt 0.2064662 0.6290299
vt 0.2064662 0.6905683
vt 0.9162092 0.3705686
vt 0.9162092 0.2515944
vt 0.9387733 0.3705686
vt 0.9387733 0.2515944
vt 0.9059528 0.3705686
vt 0.9059528 0.2515944
vt 0.9162092 0.3705686
vt 0.9162092 0.2515944
vt 0.3151841 0.1818509
vt 0.3418507 0.1818509
vt 0.3151841 0.2187739
vt 0.3541584 0.1818509
vt 0.3541584 0.2187739
vt 0.2433892 0.7931324
vt 0.1223637 0.7931324
vt 0.1223637 1.047491
vt 0.001338184 0.7931324
vt 0.001338184 1.047491
vt 0.2433892 1.047491
vt 0.1346714 0.5531326
vt 0.1346714 0.7582606
vt 0.1962098 0.5531326
vt 0.1962098 0.7582606
vt 0.1962098 0.5531326
vt 0.1962098 0.7582606
vt 0.1346714 0.5531326
vt 0.1346714 0.7582606
vt 0.2187739 0.7090299
vt 0.2064662 0.7090299
vt 0.2187739 0.651594
vt 0.2064662 0.651594
vt 0.2187739 0.651594
vt 0.2064662 0.651594
vt 0.2187739 0.7090299
vt 0.2064662 0.7090299
vt 0.2351841 1.031081
vt 0.009543305 1.022876
vt 0.2351841 1.031081
vt 0.009543305 1.022876
vt 0.2351841 1.031081
vt 0.009543305 1.022876
vt 0.009543305 1.022876
vt 0.2351841 1.031081
vt 0.09979963 0.5346711
vt 0.09979963 0.7767221
vt 0.2310816 0.5346711
vt 0.2310816 0.7767221
vt 0.1018509 0.54903
vt 0.1018509 0.7644144
vt 0.2310816 0.54903
vt 0.2310816 0.7644144
vt 0.1326201 0.5777479
vt 0.1326201 0.7233889
vt 0.2023637 0.5777479
vt 0.2023637 0.7233889
vt 0.1428765 0.7069786
vt 0.1880047 0.7069786
vt 0.1428765 0.5941582
vt 0.1880047 0.5941582
vt 0.175697 0.6782607
vt 0.2023637 0.6782607
vt 0.175697 0.6290299
vt 0.2023637 0.6290299
vt 0.1346714 0.5654402
vt 0.1346714 0.7336453
vt 0.1962098 0.5654402
vt 0.1962098 0.7336453
vt 0.1326201 0.5551838
vt 0.1326201 0.7582606
vt 0.1962098 0.5551838
vt 0.1962098 0.7582606
vt 0.1326201 0.54903
vt 0.1326201 0.7603119
vt 0.1982611 0.54903
vt 0.1982611 0.7603119
vt 0.1469791 0.7274914
vt 0.1859534 0.7274914
vt 0.1469791 0.5695428
vt 0.1859534 0.5695428
vt 0.1162099 0.5428762
vt 0.1162099 0.7726195
vt 0.2187739 0.5428762
vt 0.2187739 0.7726195
vt 0.9428758 0.3664661
vt 0.9428758 0.2597995
vt 0.9162092 0.3664661
vt 0.9162092 0.2597995
vt 0.9428758 0.3541584
vt 0.9428758 0.2597995
vt 0.9162092 0.3541584
vt 0.9162092 0.2597995
vt 0.9428758 0.3233892
vt 0.9428758 0.2597995
vt 0.9162092 0.3233892
vt 0.9162092 0.2597995
vt 0.9428758 0.3192866
vt 0.9428758 0.2597995
vt 0.9162092 0.3192866
vt 0.9162092 0.2597995
vt 0.9428758 0.3541584
vt 0.9428758 0.2597995
vt 0.9162092 0.3541584
vt 0.9162092 0.2597995
vt 0.9428758 0.3192866
vt 0.9428758 0.2597995
vt 0.9162092 0.3192866
vt 0.9162092 0.2597995
vt 0.9428758 0.3172354
vt 0.9428758 0.2597995
vt 0.9162092 0.3172354
vt 0.9162092 0.2597995
vt 0.2310816 0.7644144
vt 0.2310816 0.54903
vt 0.1018509 0.7644144
vt 0.1018509 0.54903
vt 0.2023637 0.7233889
vt 0.2023637 0.5777479
vt 0.1326201 0.7233889
vt 0.1326201 0.5777479
vt 0.2167226 0.7726195
vt 0.2167226 0.5449275
vt 0.1162099 0.7726195
vt 0.1162099 0.5449275
vt 0.1982611 0.7603119
vt 0.1982611 0.5531326
vt 0.1326201 0.7603119
vt 0.1326201 0.5531326
vt 0.1962098 0.7582606
vt 0.1962098 0.5551838
vt 0.1326201 0.7582606
vt 0.1326201 0.5551838
vt 0.1962098 0.7336453
vt 0.1962098 0.5654402
vt 0.1346714 0.7336453
vt 0.1346714 0.5654402
vt 0.1880047 0.5941582
vt 0.1428765 0.5941582
vt 0.1880047 0.7069786
vt 0.1428765 0.7069786
vt 0.2023637 0.6290299
vt 0.175697 0.6290299
vt 0.2023637 0.6782607
vt 0.175697 0.6782607
vt 0.1859534 0.5695428
vt 0.1469791 0.5695428
vt 0.1859534 0.7274914
vt 0.1469791 0.7274914
vt 0.9428758 0.3664661
vt 0.9428758 0.2597995
vt 0.9162092 0.3664661
vt 0.9162092 0.2597995
vt 0.9428758 0.3192866
vt 0.9428758 0.2597995
vt 0.9162092 0.3192866
vt 0.9162092 0.2597995
vt 0.9428758 0.3192866
vt 0.9428758 0.2597995
vt 0.9162092 0.3192866
vt 0.9162092 0.2597995
vt 0.9428758 0.3541584
vt 0.9428758 0.2597995
vt 0.9162092 0.3541584
vt 0.9162092 0.2597995
vt 0.9428758 0.3172354
vt 0.9428758 0.2597995
vt 0.9162092 0.3172354
vt 0.9162092 0.2597995
vt 0.9428758 0.3541584
vt 0.9428758 0.2597995
vt 0.9162092 0.3541584
vt 0.9162092 0.2597995
vt 0.9428758 0.3233892
vt 0.9428758 0.2597995
vt 0.9162092 0.3233892
vt 0.9162092 0.2597995
vt 0.2310816 0.5346711
vt 0.2310816 0.7767221
vt 0.09979963 0.5346711
vt 0.09979963 0.7767221
vn 0.999874 -0.01587099 -0.000346655
vn 0.999874 -0.01587099 -0.000346655
vn 0.999874 -0.01587099 -0.000346655
vn 0.999874 -0.01587099 -0.000346655
vn 0.999874 -0.01587099 -0.000346655
vn 0.999874 -0.01587099 -0.000346655
vn 0.999874 -0.01587099 -0.000346655
vn 0.999874 -0.01587099 -0.000346655
vn -0.968132 -0.04761302 -0.2458728
vn -0.968132 -0.04761302 -0.2458728
vn -0.968132 -0.04761302 -0.2458728
vn -0.968132 -0.04761302 -0.2458728
vn -0.968132 -0.04761302 -0.2458728
vn -0.968132 -0.04761302 -0.2458728
vn -0.968132 -0.04761302 -0.2458728
vn -0.968132 -0.04761302 -0.2458728
vn 0.999874 -0.01587099 -0.000346655
vn 0.999874 -0.01587099 -0.000346655
vn 0.999874 -0.01587099 -0.000346655
vn 0.999874 -0.01587099 -0.000346655
vn -0.968132 -0.04761302 -0.2458728
vn -0.968132 -0.04761302 -0.2458728
vn -0.968132 -0.04761302 -0.2458728
vn -0.968132 -0.04761302 -0.2458728
vn -0.04761302 -0.4602594 0.8865068
vn -0.04761302 -0.4602594 0.8865068
vn -0.04761302 -0.4602594 0.8865068
vn -0.04761302 -0.4602594 0.8865068
vn -0.04761302 -0.4602594 0.8865068
vn -0.04761302 -0.4602594 0.8865068
vn 0.01587099 0.999874 -0.000345267
vn 0.01587099 0.999874 -0.000345267
vn 0.01587099 0.999874 -0.000345267
vn 0.01587099 0.999874 -0.000345267
vn 0.01587099 0.999874 -0.000345267
vn 0.01587099 0.999874 -0.000345267
vn -0.04761302 -0.4602594 0.8865068
vn -0.04761302 -0.4602594 0.8865068
vn -0.04761302 -0.4602594 0.8865068
vn -0.04761302 -0.4602594 0.8865068
vn -0.04761302 -0.4602594 0.8865068
vn -0.04761302 -0.4602594 0.8865068
vn 0.01587099 -0.999874 -0.000345267
vn 0.01587099 -0.999874 -0.000345267
vn 0.01587099 -0.999874 -0.000345267
vn 0.01587099 -0.999874 -0.000345267
vn 0.01587099 -0.999874 -0.000345267
vn -0.968132 -0.04761302 -0.2458728
vn -0.968132 -0.04761302 -0.2458728
vn -0.968132 -0.04761302 -0.2458728
vn -0.968132 -0.04761302 -0.2458728
vn -0.968132 -0.04761302 -0.2458728
vn -0.968132 -0.04761302 -0.2458728
vn -0.968132 -0.04761302 -0.2458728
vn -0.968132 -0.04761302 -0.2458728
vn 0.999874 -0.01587099 -0.000346655
vn 0.999874 -0.01587099 -0.000346655
vn 0.999874 -0.01587099 -0.000346655
vn 0.999874 -0.01587099 -0.000346655
vn 0.999874 -0.01587099 -0.000346655
vn 0.999874 -0.01587099 -0.000346655
vn 0.999874 -0.01587099 -0.000346655
vn 0.999874 -0.01587099 -0.000346655
vn -0.968132 -0.04761302 -0.2458728
vn -0.968132 -0.04761302 -0.2458728
vn -0.968132 -0.04761302 -0.2458728
vn -0.968132 -0.04761302 -0.2458728
vn 0.999874 -0.01587099 -0.000346655
vn 0.999874 -0.01587099 -0.000346655
vn 0.999874 -0.01587099 -0.000346655
vn 0.999874 -0.01587099 -0.000346655
vn -0.04761302 -0.4602594 0.8865068
vn -0.04761302 -0.4602594 0.8865068
vn -0.04761302 -0.4602594 0.8865068
vn -0.04761302 -0.4602594 0.8865068
vn -0.04761302 -0.4602594 0.8865068
vn -0.04761302 -0.4602594 0.8865068
vn -0.04761302 -0.4602594 0.8865068
vn -0.04761302 -0.4602594 0.8865068
vn -0.04761302 -0.4602594 0.8865068
vn -0.04761302 -0.4602594 0.8865068
vn -0.04761302 -0.4602594 0.8865068
vn -0.04761302 -0.4602594 0.8865068
vn 0.01587099 0.999874 -0.000345267
vn 0.01587099 0.999874 -0.000345267
vn 0.01587099 0.999874 -0.000345267
vn 0.01587099 0.999874 -0.000345267
vn 0.01587099 0.999874 -0.000345267
vn 0.01587099 0.999874 -0.000345267
vn 0.01587099 0.999874 -0.000345267
vn 0.01587099 0.999874 -0.000345267
vn -0.04761302 -0.04761302 0.9977304
vn -0.04761302 -0.04761302 0.9977304
vn -0.04761302 -0.04761302 0.9977304
vn -0.04761302 -0.04761302 0.9977304
vn -0.968132 -0.04761302 -0.2458728
vn -0.968132 -0.04761302 -0.2458728
vn -0.968132 -0.04761302 -0.2458728
vn -0.968132 -0.04761302 -0.2458728
vn 0.1110971 -0.04761302 -0.9926683
vn 0.1110971 -0.04761302 -0.9926683
vn 0.1110971 -0.04761302 -0.9926683
vn 0.1110971 -0.04761302 -0.9926683
vn 0.999874 -0.01587099 -0.000346655
vn 0.999874 -0.01587099 -0.000346655
vn 0.999874 -0.01587099 -0.000346655
vn 0.999874 -0.01587099 -0.000346655
vn -0.968132 -0.04761302 -0.2458728
vn -0.968132 -0.04761302 -0.2458728
vn -0.968132 -0.04761302 -0.2458728
vn -0.968132 -0.04761302 -0.2458728
vn -0.968132 -0.04761302 -0.2458728
vn -0.968132 -0.04761302 -0.2458728
vn 0.01587099 -0.999874 -0.000345267
vn 0.01587099 -0.999874 -0.000345267
vn 0.01587099 -0.999874 -0.000345267
vn 0.01587099 -0.999874 -0.000345267
vn 0.01587099 -0.999874 -0.000345267
vn 0.01587099 -0.999874 -0.000345267
vn 0.01587099 -0.999874 -0.000345267
vn 0.01587099 -0.999874 -0.000345267
vn 0.01587099 -0.999874 -0.000345267
vn 0.01587099 -0.999874 -0.000345267
vn 0.01587099 -0.999874 -0.000345267
vn 0.01587099 -0.999874 -0.000345267
vn 0.01587099 -0.999874 -0.000345267
vn 0.01587099 -0.999874 -0.000345267
vn 0.01587099 0.999874 -0.000345267
vn 0.01587099 0.999874 -0.000345267
vn 0.01587099 0.999874 -0.000345267
vn 0.01587099 0.999874 -0.000345267
vn -0.968132 -0.04761302 -0.2458728
vn -0.968132 -0.04761302 -0.2458728
vn -0.968132 -0.04761302 -0.2458728
vn -0.968132 -0.04761302 -0.2458728
vn -0.04761302 -0.8094218 0.5852943
vn -0.04761302 -0.8094218 0.5852943
vn -0.04761302 -0.8094218 0.5852943
vn -0.04761302 -0.8094218 0.5852943
vn -0.5872276 0.7776798 -0.2244502
vn -0.5872276 0.7776798 -0.2244502
vn -0.5872276 0.7776798 -0.2244502
vn -0.5872276 0.7776798 -0.2244502
vn -0.5724236 -0.819958 0
vn -0.5724236 -0.819958 0
vn -0.5724236 -0.819958 0
vn -0.5724236 -0.819958 0
vn -0.968132 -0.04761302 -0.2458728
vn -0.968132 -0.04761302 -0.2458728
vn -0.968132 -0.04761302 -0.2458728
vn -0.968132 -0.04761302 -0.2458728
vn -0.968132 -0.04761302 -0.2458728
vn -0.968132 -0.04761302 -0.2458728
vn 0.8711522 -0.491013 0
vn 0.8711522 -0.491013 0
vn 0.8711522 -0.491013 0
vn 0.8711522 -0.491013 0
vn 0.1110971 -0.4920015 -0.8634767
vn 0.1110971 -0.4920015 -0.8634767
vn 0.1110971 -0.4920015 -0.8634767
vn 0.1110971 -0.4920015 -0.8634767
vn -0.7141957 -0.4920015 -0.4978544
vn -0.7141957 -0.4920015 -0.4978544
vn -0.7141957 -0.4920015 -0.4978544
vn -0.7141957 -0.4920015 -0.4978544
vn -0.8094218 -0.4920015 0.3205791
vn -0.8094218 -0.4920015 0.3205791
vn -0.8094218 -0.4920015 0.3205791
vn -0.8094218 -0.4920015 0.3205791
vn -0.04761302 -0.4920015 0.8692914
vn -0.04761302 -0.4920015 0.8692914
vn -0.04761302 -0.4920015 0.8692914
vn -0.04761302 -0.4920015 0.8692914
vn 0.7776798 -0.4920015 0.3913422
vn 0.7776798 -0.4920015 0.3913422
vn 0.7776798 -0.4920015 0.3913422
vn 0.7776798 -0.4920015 0.3913422
vn -0.04761302 -0.4285174 0.9022781
vn -0.04761302 -0.4285174 0.9022781
vn -0.04761302 -0.4285174 0.9022781
vn -0.04761302 -0.4285174 0.9022781
vn 0.999874 -0.01587099 -0.000346655
vn 0.999874 -0.01587099 -0.000346655
vn 0.999874 -0.01587099 -0.000346655
vn 0.999874 -0.01587099 -0.000346655
vn -0.968132 -0.04761302 -0.2458728
vn -0.968132 -0.04761302 -0.2458728
vn -0.968132 -0.04761302 -0.2458728
vn -0.968132 -0.04761302 -0.2458728
vn -0.04761302 -0.3015493 0.952261
vn -0.04761302 -0.3015493 0.952261
vn -0.04761302 -0.3015493 0.952261
vn -0.04761302 -0.3015493 0.952261
vn -0.968132 -0.04761302 -0.2458728
vn -0.968132 -0.04761302 -0.2458728
vn -0.968132 -0.04761302 -0.2458728
vn -0.968132 -0.04761302 -0.2458728
vn -0.04761302 -0.2698073 0.9617364
vn -0.04761302 -0.2698073 0.9617364
vn -0.04761302 -0.2698073 0.9617364
vn -0.04761302 -0.2698073 0.9617364
vn 0.999874 -0.01587099 -0.000346655
vn 0.999874 -0.01587099 -0.000346655
vn 0.999874 -0.01587099 -0.000346655
vn 0.999874 -0.01587099 -0.000346655
vn -0.968132 -0.04761302 -0.2458728
vn -0.968132 -0.04761302 -0.2458728
vn -0.968132 -0.04761302 -0.2458728
vn -0.968132 -0.04761302 -0.2458728
vn -0.04761302 0.2380652 0.9700814
vn -0.04761302 0.2380652 0.9700814
vn -0.04761302 0.2380652 0.9700814
vn -0.04761302 0.2380652 0.9700814
vn -0.04761302 0.3967754 0.91668
vn -0.04761302 0.3967754 0.91668
vn -0.04761302 0.3967754 0.91668
vn -0.04761302 0.3967754 0.91668
vn 0.999874 -0.01587099 -0.000346655
vn 0.999874 -0.01587099 -0.000346655
vn 0.999874 -0.01587099 -0.000346655
vn 0.999874 -0.01587099 -0.000346655
vn 0.01587099 -0.999874 -0.000345267
vn 0.01587099 -0.999874 -0.000345267
vn 0.01587099 -0.999874 -0.000345267
vn 0.01587099 -0.999874 -0.000345267
vn -0.04761302 0.3015493 0.952261
vn -0.04761302 0.3015493 0.952261
vn -0.04761302 0.3015493 0.952261
vn -0.04761302 0.3015493 0.952261
vn 0.999874 -0.01587099 -0.000346655
vn 0.999874 -0.01587099 -0.000346655
vn 0.999874 -0.01587099 -0.000346655
vn 0.999874 -0.01587099 -0.000346655
vn -0.968132 -0.04761302 -0.2458728
vn -0.968132 -0.04761302 -0.2458728
vn -0.968132 -0.04761302 -0.2458728
vn -0.968132 -0.04761302 -0.2458728
vn -0.04761302 0.4920015 0.8692914
vn -0.04761302 0.4920015 0.8692914
vn -0.04761302 0.4920015 0.8692914
vn -0.04761302 0.4920015 0.8692914
vn 0.999874 -0.01587099 -0.000346655
vn 0.999874 -0.01587099 -0.000346655
vn 0.999874 -0.01587099 -0.000346655
vn 0.999874 -0.01587099 -0.000346655
vn -0.968132 -0.04761302 -0.2458728
vn -0.968132 -0.04761302 -0.2458728
vn -0.968132 -0.04761302 -0.2458728
vn -0.968132 -0.04761302 -0.2458728
vn -0.04761302 -0.04761302 0.9977304
vn -0.04761302 -0.04761302 0.9977304
vn -0.04761302 -0.04761302 0.9977304
vn -0.04761302 -0.04761302 0.9977304
vn -0.04761302 -0.04761302 0.9977304
vn -0.04761302 -0.04761302 0.9977304
vn -0.04761302 -0.04761302 0.9977304
vn -0.04761302 -0.04761302 0.9977304
vn -0.968132 -0.04761302 -0.2458728
vn -0.968132 -0.04761302 -0.2458728
vn -0.968132 -0.04761302 -0.2458728
vn -0.968132 -0.04761302 -0.2458728
vn -0.04761302 -0.04761302 0.9977304
vn -0.04761302 -0.04761302 0.9977304
vn -0.04761302 -0.04761302 0.9977304
vn -0.04761302 -0.04761302 0.9977304
vn -0.04761302 -0.4602594 0.8865068
vn -0.04761302 -0.4602594 0.8865068
vn -0.04761302 -0.4602594 0.8865068
vn -0.04761302 -0.4602594 0.8865068
vn -0.04761302 -0.4602594 0.8865068
vn -0.07935512 -0.4602594 0.8842308
vn -0.04761302 -0.4602594 0.8865068
vn -0.07935512 -0.4602594 0.8842308
vn -0.968132 -0.04761302 -0.2458728
vn -0.968132 -0.04761302 -0.2458728
vn -0.968132 -0.04761302 -0.2458728
vn -0.968132 -0.04761302 -0.2458728
vn 0.01587099 -0.999874 -0.000345267
vn 0.01587099 -0.999874 -0.000345267
vn 0.01587099 -0.999874 -0.000345267
vn 0.01587099 -0.999874 -0.000345267
vn 0.999874 -0.01587099 -0.000346655
vn 0.999874 -0.01587099 -0.000346655
vn 0.999874 -0.01587099 -0.000346655
vn 0.999874 -0.01587099 -0.000346655
vn 0.01587099 -0.999874 -0.000345267
vn 0.01587099 -0.999874 -0.000345267
vn 0.01587099 -0.999874 -0.000345267
vn 0.01587099 -0.999874 -0.000345267
vn 0.01587099 0.999874 -0.000345267
vn 0.01587099 0.999874 -0.000345267
vn 0.01587099 0.999874 -0.000345267
vn 0.01587099 0.999874 -0.000345267
vn -0.04761302 -0.04761302 0.9977304
vn -0.04761302 -0.04761302 0.9977304
vn -0.04761302 -0.04761302 0.9977304
vn -0.04761302 -0.04761302 0.9977304
vn 0.999874 -0.01587099 -0.000346655
vn 0.999874 -0.01587099 -0.000346655
vn 0.999874 -0.01587099 -0.000346655
vn 0.999874 -0.01587099 -0.000346655
vn -0.968132 -0.04761302 -0.2458728
vn -0.968132 -0.04761302 -0.2458728
vn -0.968132 -0.04761302 -0.2458728
vn -0.968132 -0.04761302 -0.2458728
vn 0.01587099 -0.999874 -0.000345267
vn 0.01587099 -0.999874 -0.000345267
vn 0.01587099 -0.999874 -0.000345267
vn 0.01587099 -0.999874 -0.000345267
vn 0.01587099 0.999874 -0.000345267
vn 0.01587099 0.999874 -0.000345267
vn 0.01587099 0.999874 -0.000345267
vn 0.01587099 0.999874 -0.000345267
vn -0.04761302 -0.04761302 0.9977304
vn -0.04761302 -0.04761302 0.9977304
vn -0.04761302 -0.04761302 0.9977304
vn -0.04761302 -0.04761302 0.9977304
vn 0.999874 -0.01587099 -0.000346655
vn 0.999874 -0.01587099 -0.000346655
vn 0.999874 -0.01587099 -0.000346655
vn 0.999874 -0.01587099 -0.000346655
vn -0.968132 -0.04761302 -0.2458728
vn -0.968132 -0.04761302 -0.2458728
vn -0.968132 -0.04761302 -0.2458728
vn -0.968132 -0.04761302 -0.2458728
vn 0.01587099 -0.999874 -0.000345267
vn 0.01587099 -0.999874 -0.000345267
vn 0.01587099 -0.999874 -0.000345267
vn 0.01587099 -0.999874 -0.000345267
vn 0.01587099 0.999874 -0.000345267
vn 0.01587099 0.999874 -0.000345267
vn 0.01587099 0.999874 -0.000345267
vn 0.01587099 0.999874 -0.000345267
vn -0.04761302 -0.04761302 0.9977304
vn -0.04761302 -0.04761302 0.9977304
vn -0.04761302 -0.04761302 0.9977304
vn -0.04761302 -0.04761302 0.9977304
vn 0.999874 -0.01587099 -0.000346655
vn 0.999874 -0.01587099 -0.000346655
vn 0.999874 -0.01587099 -0.000346655
vn 0.999874 -0.01587099 -0.000346655
vn -0.968132 -0.04761302 -0.2458728
vn -0.968132 -0.04761302 -0.2458728
vn -0.968132 -0.04761302 -0.2458728
vn -0.968132 -0.04761302 -0.2458728
vn 0.01587099 -0.999874 -0.000345267
vn 0.01587099 -0.999874 -0.000345267
vn 0.01587099 -0.999874 -0.000345267
vn 0.01587099 -0.999874 -0.000345267
vn 0.01587099 0.999874 -0.000345267
vn 0.01587099 0.999874 -0.000345267
vn 0.01587099 0.999874 -0.000345267
vn 0.01587099 0.999874 -0.000345267
vn -0.04761302 -0.04761302 0.9977304
vn -0.04761302 -0.04761302 0.9977304
vn -0.04761302 -0.04761302 0.9977304
vn -0.04761302 -0.04761302 0.9977304
vn 0.999874 -0.01587099 -0.000346655
vn 0.999874 -0.01587099 -0.000346655
vn 0.999874 -0.01587099 -0.000346655
vn 0.999874 -0.01587099 -0.000346655
vn -0.968132 -0.04761302 -0.2458728
vn -0.968132 -0.04761302 -0.2458728
vn -0.968132 -0.04761302 -0.2458728
vn -0.968132 -0.04761302 -0.2458728
vn 0.01587099 -0.999874 -0.000345267
vn 0.01587099 -0.999874 -0.000345267
vn 0.01587099 -0.999874 -0.000345267
vn 0.01587099 -0.999874 -0.000345267
vn 0.01587099 0.999874 -0.000345267
vn 0.01587099 0.999874 -0.000345267
vn 0.01587099 0.999874 -0.000345267
vn 0.01587099 0.999874 -0.000345267
vn -0.04761302 -0.04761302 0.9977304
vn -0.04761302 -0.04761302 0.9977304
vn -0.04761302 -0.04761302 0.9977304
vn -0.04761302 -0.04761302 0.9977304
vn 0.999874 -0.01587099 -0.000346655
vn 0.999874 -0.01587099 -0.000346655
vn 0.999874 -0.01587099 -0.000346655
vn 0.999874 -0.01587099 -0.000346655
vn -0.968132 -0.04761302 -0.2458728
vn -0.968132 -0.04761302 -0.2458728
vn -0.968132 -0.04761302 -0.2458728
vn -0.968132 -0.04761302 -0.2458728
vn 0.01587099 -0.999874 -0.000345267
vn 0.01587099 -0.999874 -0.000345267
vn 0.01587099 -0.999874 -0.000345267
vn 0.01587099 -0.999874 -0.000345267
vn 0.01587099 0.999874 -0.000345267
vn 0.01587099 0.999874 -0.000345267
vn 0.01587099 0.999874 -0.000345267
vn 0.01587099 0.999874 -0.000345267
vn -0.04761302 -0.04761302 0.9977304
vn -0.04761302 -0.04761302 0.9977304
vn -0.04761302 -0.04761302 0.9977304
vn -0.04761302 -0.04761302 0.9977304
vn 0.999874 -0.01587099 -0.000346655
vn 0.999874 -0.01587099 -0.000346655
vn 0.999874 -0.01587099 -0.000346655
vn 0.999874 -0.01587099 -0.000346655
vn -0.968132 -0.04761302 -0.2458728
vn -0.968132 -0.04761302 -0.2458728
vn -0.968132 -0.04761302 -0.2458728
vn -0.968132 -0.04761302 -0.2458728
vn 0.01587099 -0.999874 -0.000345267
vn 0.01587099 -0.999874 -0.000345267
vn 0.01587099 -0.999874 -0.000345267
vn 0.01587099 -0.999874 -0.000345267
vn 0.01587099 0.999874 -0.000345267
vn 0.01587099 0.999874 -0.000345267
vn 0.01587099 0.999874 -0.000345267
vn 0.01587099 0.999874 -0.000345267
vn -0.04761302 -0.04761302 0.9977304
vn -0.04761302 -0.04761302 0.9977304
vn -0.04761302 -0.04761302 0.9977304
vn -0.04761302 -0.04761302 0.9977304
vn 0.999874 -0.01587099 -0.000346655
vn 0.999874 -0.01587099 -0.000346655
vn 0.999874 -0.01587099 -0.000346655
vn 0.999874 -0.01587099 -0.000346655
vn -0.968132 -0.04761302 -0.2458728
vn -0.968132 -0.04761302 -0.2458728
vn -0.968132 -0.04761302 -0.2458728
vn -0.968132 -0.04761302 -0.2458728
vn 0.01587099 0.999874 -0.000345267
vn 0.01587099 0.999874 -0.000345267
vn 0.01587099 0.999874 -0.000345267
vn 0.01587099 0.999874 -0.000345267
vn 0.999874 -0.01587099 -0.000346655
vn 0.999874 -0.01587099 -0.000346655
vn 0.999874 -0.01587099 -0.000346655
vn 0.999874 -0.01587099 -0.000346655
vn -0.968132 -0.04761302 -0.2458728
vn -0.968132 -0.04761302 -0.2458728
vn -0.968132 -0.04761302 -0.2458728
vn -0.968132 -0.04761302 -0.2458728
vn 0.999874 -0.01587099 -0.000346655
vn 0.999874 -0.01587099 -0.000346655
vn 0.999874 -0.01587099 -0.000346655
vn 0.999874 -0.01587099 -0.000346655
vn -0.968132 -0.04761302 -0.2458728
vn -0.968132 -0.04761302 -0.2458728
vn -0.968132 -0.04761302 -0.2458728
vn -0.968132 -0.04761302 -0.2458728
vn -0.04761302 -0.04761302 0.9977304
vn -0.04761302 -0.04761302 0.9977304
vn -0.04761302 -0.04761302 0.9977304
vn -0.04761302 -0.04761302 0.9977304
vn -0.04761302 -0.4602594 0.8865068
vn -0.04761302 -0.4602594 0.8865068
vn -0.04761302 -0.4602594 0.8865068
vn -0.04761302 -0.4602594 0.8865068
vn -0.04761302 -0.4602594 0.8865068
vn -0.07935512 -0.4602594 0.8842308
vn -0.04761302 -0.4602594 0.8865068
vn -0.07935512 -0.4602594 0.8842308
vn -0.968132 -0.04761302 -0.2458728
vn -0.968132 -0.04761302 -0.2458728
vn -0.968132 -0.04761302 -0.2458728
vn -0.968132 -0.04761302 -0.2458728
vn 0.01587099 -0.999874 -0.000345267
vn 0.01587099 -0.999874 -0.000345267
vn 0.01587099 -0.999874 -0.000345267
vn 0.01587099 -0.999874 -0.000345267
vn 0.999874 -0.01587099 -0.000346655
vn 0.999874 -0.01587099 -0.000346655
vn 0.999874 -0.01587099 -0.000346655
vn 0.999874 -0.01587099 -0.000346655
vn 0.01587099 0.999874 -0.000345267
vn 0.01587099 0.999874 -0.000345267
vn 0.01587099 0.999874 -0.000345267
vn 0.01587099 0.999874 -0.000345267
vn 0.999874 -0.01587099 -0.000346655
vn 0.999874 -0.01587099 -0.000346655
vn 0.999874 -0.01587099 -0.000346655
vn 0.999874 -0.01587099 -0.000346655
vn -0.968132 -0.04761302 -0.2458728
vn -0.968132 -0.04761302 -0.2458728
vn -0.968132 -0.04761302 -0.2458728
vn -0.968132 -0.04761302 -0.2458728
vn -0.04761302 -0.04761302 0.9977304
vn -0.04761302 -0.04761302 0.9977304
vn -0.04761302 -0.04761302 0.9977304
vn -0.04761302 -0.04761302 0.9977304
vn -0.04761302 -0.04761302 0.9977304
vn -0.04761302 -0.04761302 0.9977304
vn -0.04761302 -0.04761302 0.9977304
vn -0.04761302 -0.04761302 0.9977304
vn -0.968132 -0.04761302 -0.2458728
vn -0.968132 -0.04761302 -0.2458728
vn -0.968132 -0.04761302 -0.2458728
vn -0.968132 -0.04761302 -0.2458728
vn -0.968132 -0.04761302 -0.2458728
vn -0.968132 -0.04761302 -0.2458728
vn -0.968132 -0.04761302 -0.2458728
vn -0.968132 -0.04761302 -0.2458728
vn 0.1110971 -0.04761302 -0.9926683
vn 0.1110971 -0.04761302 -0.9926683
vn 0.1110971 -0.04761302 -0.9926683
vn 0.1110971 -0.04761302 -0.9926683
vn 0.1110971 -0.04761302 -0.9926683
vn 0.1110971 -0.04761302 -0.9926683
vn 0.1110971 -0.04761302 -0.9926683
vn 0.1110971 -0.04761302 -0.9926683
vn 0.999874 -0.01587099 -0.000346655
vn 0.999874 -0.01587099 -0.000346655
vn 0.999874 -0.01587099 -0.000346655
vn 0.999874 -0.01587099 -0.000346655
vn 0.999874 -0.01587099 -0.000346655
vn 0.999874 -0.01587099 -0.000346655
vn 0.999874 -0.01587099 -0.000346655
vn 0.999874 -0.01587099 -0.000346655
vn 0.9363899 -0.04761302 -0.3477167
vn 0.9363899 -0.04761302 -0.3477167
vn 0.9363899 -0.04761302 -0.3477167
vn 0.9363899 -0.04761302 -0.3477167
vn 0.1110971 -0.04761302 -0.9926683
vn 0.1110971 -0.04761302 -0.9926683
vn 0.1110971 -0.04761302 -0.9926683
vn 0.1110971 -0.04761302 -0.9926683
vn -0.8094218 -0.04761302 -0.5852943
vn -0.8094218 -0.04761302 -0.5852943
vn -0.8094218 -0.04761302 -0.5852943
vn -0.8094218 -0.04761302 -0.5852943
vn -0.8729059 -0.04761302 0.4855599
vn -0.8729059 -0.04761302 0.4855599
vn -0.8729059 -0.04761302 0.4855599
vn -0.8729059 -0.04761302 0.4855599
vn -0.04761302 -0.04761302 0.9977304
vn -0.04761302 -0.04761302 0.9977304
vn -0.04761302 -0.04761302 0.9977304
vn -0.04761302 -0.04761302 0.9977304
vn 0.8729059 -0.04761302 0.4855599
vn 0.8729059 -0.04761302 0.4855599
vn 0.8729059 -0.04761302 0.4855599
vn 0.8729059 -0.04761302 0.4855599
vn 0.8729059 0.3967754 -0.2839096
vn 0.8729059 0.3967754 -0.2839096
vn 0.8729059 0.3967754 -0.2839096
vn 0.8729059 0.3967754 -0.2839096
vn 0.1110971 0.3967754 -0.9111678
vn 0.1110971 0.3967754 -0.9111678
vn 0.1110971 0.3967754 -0.9111678
vn 0.1110971 0.3967754 -0.9111678
vn -0.7459378 0.3967754 -0.5349262
vn -0.7459378 0.3967754 -0.5349262
vn -0.7459378 0.3967754 -0.5349262
vn -0.7459378 0.3967754 -0.5349262
vn -0.8094218 0.3967754 0.4329038
vn -0.8094218 0.3967754 0.4329038
vn -0.8094218 0.3967754 0.4329038
vn -0.8094218 0.3967754 0.4329038
vn -0.04761302 0.3967754 0.91668
vn -0.04761302 0.3967754 0.91668
vn -0.04761302 0.3967754 0.91668
vn -0.04761302 0.3967754 0.91668
vn 0.8094218 0.3967754 0.4329038
vn 0.8094218 0.3967754 0.4329038
vn 0.8094218 0.3967754 0.4329038
vn 0.8094218 0.3967754 0.4329038
vn -0.04761302 -0.04761302 0.9977304
vn -0.04761302 -0.04761302 0.9977304
vn -0.04761302 -0.04761302 0.9977304
vn -0.04761302 -0.04761302 0.9977304
vn -0.9046479 -0.04761302 0.4234915
vn -0.9046479 -0.04761302 0.4234915
vn -0.9046479 -0.04761302 0.4234915
vn -0.9046479 -0.04761302 0.4234915
vn -0.04761302 -0.04761302 0.9977304
vn -0.04761302 -0.04761302 0.9977304
vn -0.04761302 -0.04761302 0.9977304
vn -0.04761302 -0.04761302 0.9977304
vn 0.04761302 0.968132 0.2458728
vn 0.04761302 0.968132 0.2458728
vn 0.04761302 0.968132 0.2458728
vn 0.04761302 0.968132 0.2458728
vn -0.07935512 -0.04761302 0.9957087
vn -0.07935512 -0.04761302 0.9957087
vn -0.07935512 -0.04761302 0.9957087
vn -0.07935512 -0.04761302 0.9957087
vn -0.04761302 -0.04761302 0.9977304
vn -0.04761302 -0.04761302 0.9977304
vn -0.04761302 -0.04761302 0.9977304
vn -0.04761302 -0.04761302 0.9977304
vn 0.01587099 -0.999874 -0.000345267
vn 0.01587099 -0.999874 -0.000345267
vn 0.01587099 -0.999874 -0.000345267
vn 0.01587099 -0.999874 -0.000345267
vn -0.04761302 0.7459378 0.6643115
vn -0.04761302 0.7459378 0.6643115
vn -0.04761302 0.7459378 0.6643115
vn -0.04761302 0.7459378 0.6643115
vn -0.04761302 -0.04761302 0.9977304
vn -0.04761302 -0.04761302 0.9977304
vn -0.04761302 -0.04761302 0.9977304
vn -0.04761302 -0.04761302 0.9977304
vn -0.04761302 -0.04761302 0.9977304
vn 0.01587099 0.999874 -0.000345267
vn 0.01587099 0.999874 -0.000345267
vn 0.01587099 0.999874 -0.000345267
vn 0.01587099 0.999874 -0.000345267
vn 0.01587099 0.999874 -0.000345267
vn 0.01587099 0.999874 -0.000345267
vn 0.01587099 0.999874 -0.000345267
vn 0.01587099 0.999874 -0.000345267
vn -0.04761302 -0.04761302 0.9977304
vn -0.04761302 -0.04761302 0.9977304
vn -0.04761302 -0.04761302 0.9977304
vn -0.04761302 -0.04761302 0.9977304
vn 0.999874 -0.01587099 -0.000346655
vn 0.999874 -0.01587099 -0.000346655
vn 0.999874 -0.01587099 -0.000346655
vn 0.999874 -0.01587099 -0.000346655
vn 0.1110971 -0.04761302 -0.9926683
vn 0.1110971 -0.04761302 -0.9926683
vn 0.1110971 -0.04761302 -0.9926683
vn 0.1110971 -0.04761302 -0.9926683
vn -0.968132 -0.04761302 -0.2458728
vn -0.968132 -0.04761302 -0.2458728
vn -0.968132 -0.04761302 -0.2458728
vn -0.968132 -0.04761302 -0.2458728
vn 0.999874 -0.01587099 -0.000346655
vn 0.999874 -0.01587099 -0.000346655
vn 0.999874 -0.01587099 -0.000346655
vn 0.999874 -0.01587099 -0.000346655
vn 0.01587099 -0.999874 -0.000345267
vn 0.01587099 -0.999874 -0.000345267
vn 0.01587099 -0.999874 -0.000345267
vn 0.01587099 -0.999874 -0.000345267
vn 0.01587099 0.999874 -0.000345267
vn 0.01587099 0.999874 -0.000345267
vn 0.01587099 0.999874 -0.000345267
vn 0.01587099 0.999874 -0.000345267
vn 0.999874 -0.01587099 -0.000346655
vn 0.999874 -0.01587099 -0.000346655
vn 0.999874 -0.01587099 -0.000346655
vn 0.999874 -0.01587099 -0.000346655
vn -0.04761302 -0.8094218 0.5852943
vn -0.04761302 -0.8094218 0.5852943
vn -0.04761302 -0.8094218 0.5852943
vn -0.04761302 -0.8094218 0.5852943
vn 0.6417226 0.7669368 0
vn 0.6417226 0.7669368 0
vn 0.6417226 0.7669368 0
vn 0.6417226 0.7669368 0
vn 0.6074501 -0.7943578 0
vn 0.6074501 -0.7943578 0
vn 0.6074501 -0.7943578 0
vn 0.6074501 -0.7943578 0
vn 0.999874 -0.01587099 -0.000346655
vn 0.999874 -0.01587099 -0.000346655
vn 0.999874 -0.01587099 -0.000346655
vn 0.999874 -0.01587099 -0.000346655
vn -0.7141957 -0.4920015 -0.4978544
vn -0.7141957 -0.4920015 -0.4978544
vn -0.7141957 -0.4920015 -0.4978544
vn -0.7141957 -0.4920015 -0.4978544
vn 0.1110971 -0.4920015 -0.8634767
vn 0.1110971 -0.4920015 -0.8634767
vn 0.1110971 -0.4920015 -0.8634767
vn 0.1110971 -0.4920015 -0.8634767
vn 0.8711522 -0.491013 0
vn 0.8711522 -0.491013 0
vn 0.8711522 -0.491013 0
vn 0.8711522 -0.491013 0
vn 0.7776798 -0.4920015 0.3913422
vn 0.7776798 -0.4920015 0.3913422
vn 0.7776798 -0.4920015 0.3913422
vn 0.7776798 -0.4920015 0.3913422
vn -0.04761302 -0.4920015 0.8692914
vn -0.04761302 -0.4920015 0.8692914
vn -0.04761302 -0.4920015 0.8692914
vn -0.04761302 -0.4920015 0.8692914
vn -0.8094218 -0.4920015 0.3205791
vn -0.8094218 -0.4920015 0.3205791
vn -0.8094218 -0.4920015 0.3205791
vn -0.8094218 -0.4920015 0.3205791
vn -0.04761302 -0.4285174 0.9022781
vn -0.04761302 -0.4285174 0.9022781
vn -0.04761302 -0.4285174 0.9022781
vn -0.04761302 -0.4285174 0.9022781
vn -0.968132 -0.04761302 -0.2458728
vn -0.968132 -0.04761302 -0.2458728
vn -0.968132 -0.04761302 -0.2458728
vn -0.968132 -0.04761302 -0.2458728
vn 0.999874 -0.01587099 -0.000346655
vn 0.999874 -0.01587099 -0.000346655
vn 0.999874 -0.01587099 -0.000346655
vn 0.999874 -0.01587099 -0.000346655
vn -0.04761302 -0.3015493 0.952261
vn -0.04761302 -0.3015493 0.952261
vn -0.04761302 -0.3015493 0.952261
vn -0.04761302 -0.3015493 0.952261
vn 0.999874 -0.01587099 -0.000346655
vn 0.999874 -0.01587099 -0.000346655
vn 0.999874 -0.01587099 -0.000346655
vn 0.999874 -0.01587099 -0.000346655
vn -0.04761302 -0.2698073 0.9617364
vn -0.04761302 -0.2698073 0.9617364
vn -0.04761302 -0.2698073 0.9617364
vn -0.04761302 -0.2698073 0.9617364
vn -0.968132 -0.04761302 -0.2458728
vn -0.968132 -0.04761302 -0.2458728
vn -0.968132 -0.04761302 -0.2458728
vn -0.968132 -0.04761302 -0.2458728
vn 0.999874 -0.01587099 -0.000346655
vn 0.999874 -0.01587099 -0.000346655
vn 0.999874 -0.01587099 -0.000346655
vn 0.999874 -0.01587099 -0.000346655
vn -0.04761302 0.2380652 0.9700814
vn -0.04761302 0.2380652 0.9700814
vn -0.04761302 0.2380652 0.9700814
vn -0.04761302 0.2380652 0.9700814
vn -0.04761302 0.3967754 0.91668
vn -0.04761302 0.3967754 0.91668
vn -0.04761302 0.3967754 0.91668
vn -0.04761302 0.3967754 0.91668
vn -0.968132 -0.04761302 -0.2458728
vn -0.968132 -0.04761302 -0.2458728
vn -0.968132 -0.04761302 -0.2458728
vn -0.968132 -0.04761302 -0.2458728
vn 0.01587099 -0.999874 -0.000345267
vn 0.01587099 -0.999874 -0.000345267
vn 0.01587099 -0.999874 -0.000345267
vn 0.01587099 -0.999874 -0.000345267
vn -0.04761302 0.3015493 0.952261
vn -0.04761302 0.3015493 0.952261
vn -0.04761302 0.3015493 0.952261
vn -0.04761302 0.3015493 0.952261
vn -0.968132 -0.04761302 -0.2458728
vn -0.968132 -0.04761302 -0.2458728
vn -0.968132 -0.04761302 -0.2458728
vn -0.968132 -0.04761302 -0.2458728
vn 0.999874 -0.01587099 -0.000346655
vn 0.999874 -0.01587099 -0.000346655
vn 0.999874 -0.01587099 -0.000346655
vn 0.999874 -0.01587099 -0.000346655
vn -0.04761302 0.4920015 0.8692914
vn -0.04761302 0.4920015 0.8692914
vn -0.04761302 0.4920015 0.8692914
vn -0.04761302 0.4920015 0.8692914
vn -0.968132 -0.04761302 -0.2458728
vn -0.968132 -0.04761302 -0.2458728
vn -0.968132 -0.04761302 -0.2458728
vn -0.968132 -0.04761302 -0.2458728
vn 0.999874 -0.01587099 -0.000346655
vn 0.999874 -0.01587099 -0.000346655
vn 0.999874 -0.01587099 -0.000346655
vn 0.999874 -0.01587099 -0.000346655
vn -0.04761302 -0.04761302 0.9977304
vn -0.04761302 -0.04761302 0.9977304
vn -0.04761302 -0.04761302 0.9977304
vn -0.04761302 -0.04761302 0.9977304
vn -0.04761302 -0.04761302 0.9977304
vn -0.04761302 -0.04761302 0.9977304
vn -0.04761302 -0.04761302 0.9977304
vn -0.04761302 -0.04761302 0.9977304
vn 0.999874 -0.01587099 -0.000346655
vn 0.999874 -0.01587099 -0.000346655
vn 0.999874 -0.01587099 -0.000346655
vn 0.999874 -0.01587099 -0.000346655
vn -0.04761302 -0.04761302 0.9977304
vn -0.04761302 -0.04761302 0.9977304
vn -0.04761302 -0.04761302 0.9977304
vn -0.04761302 -0.04761302 0.9977304
vn -0.04761302 -0.4602594 0.8865068
vn -0.04761302 -0.4602594 0.8865068
vn -0.07935512 -0.4602594 0.8842308
vn -0.07935512 -0.4602594 0.8842308
vn -0.04761302 -0.4602594 0.8865068
vn -0.04761302 -0.4602594 0.8865068
vn -0.04761302 -0.4602594 0.8865068
vn -0.04761302 -0.4602594 0.8865068
vn 0.999874 -0.01587099 -0.000346655
vn 0.999874 -0.01587099 -0.000346655
vn 0.999874 -0.01587099 -0.000346655
vn 0.999874 -0.01587099 -0.000346655
vn 0.01587099 -0.999874 -0.000345267
vn 0.01587099 -0.999874 -0.000345267
vn 0.01587099 -0.999874 -0.000345267
vn 0.01587099 -0.999874 -0.000345267
vn -0.968132 -0.04761302 -0.2458728
vn -0.968132 -0.04761302 -0.2458728
vn -0.968132 -0.04761302 -0.2458728
vn -0.968132 -0.04761302 -0.2458728
vn 0.01587099 -0.999874 -0.000345267
vn 0.01587099 -0.999874 -0.000345267
vn 0.01587099 -0.999874 -0.000345267
vn 0.01587099 -0.999874 -0.000345267
vn 0.01587099 0.999874 -0.000345267
vn 0.01587099 0.999874 -0.000345267
vn 0.01587099 0.999874 -0.000345267
vn 0.01587099 0.999874 -0.000345267
vn -0.04761302 -0.04761302 0.9977304
vn -0.04761302 -0.04761302 0.9977304
vn -0.04761302 -0.04761302 0.9977304
vn -0.04761302 -0.04761302 0.9977304
vn -0.968132 -0.04761302 -0.2458728
vn -0.968132 -0.04761302 -0.2458728
vn -0.968132 -0.04761302 -0.2458728
vn -0.968132 -0.04761302 -0.2458728
vn 0.999874 -0.01587099 -0.000346655
vn 0.999874 -0.01587099 -0.000346655
vn 0.999874 -0.01587099 -0.000346655
vn 0.999874 -0.01587099 -0.000346655
vn 0.01587099 -0.999874 -0.000345267
vn 0.01587099 -0.999874 -0.000345267
vn 0.01587099 -0.999874 -0.000345267
vn 0.01587099 -0.999874 -0.000345267
vn 0.01587099 0.999874 -0.000345267
vn 0.01587099 0.999874 -0.000345267
vn 0.01587099 0.999874 -0.000345267
vn 0.01587099 0.999874 -0.000345267
vn -0.04761302 -0.04761302 0.9977304
vn -0.04761302 -0.04761302 0.9977304
vn -0.04761302 -0.04761302 0.9977304
vn -0.04761302 -0.04761302 0.9977304
vn -0.968132 -0.04761302 -0.2458728
vn -0.968132 -0.04761302 -0.2458728
vn -0.968132 -0.04761302 -0.2458728
vn -0.968132 -0.04761302 -0.2458728
vn 0.999874 -0.01587099 -0.000346655
vn 0.999874 -0.01587099 -0.000346655
vn 0.999874 -0.01587099 -0.000346655
vn 0.999874 -0.01587099 -0.000346655
vn 0.01587099 -0.999874 -0.000345267
vn 0.01587099 -0.999874 -0.000345267
vn 0.01587099 -0.999874 -0.000345267
vn 0.01587099 -0.999874 -0.000345267
vn 0.01587099 0.999874 -0.000345267
vn 0.01587099 0.999874 -0.000345267
vn 0.01587099 0.999874 -0.000345267
vn 0.01587099 0.999874 -0.000345267
vn -0.04761302 -0.04761302 0.9977304
vn -0.04761302 -0.04761302 0.9977304
vn -0.04761302 -0.04761302 0.9977304
vn -0.04761302 -0.04761302 0.9977304
vn -0.968132 -0.04761302 -0.2458728
vn -0.968132 -0.04761302 -0.2458728
vn -0.968132 -0.04761302 -0.2458728
vn -0.968132 -0.04761302 -0.2458728
vn 0.999874 -0.01587099 -0.000346655
vn 0.999874 -0.01587099 -0.000346655
vn 0.999874 -0.01587099 -0.000346655
vn 0.999874 -0.01587099 -0.000346655
vn 0.01587099 -0.999874 -0.000345267
vn 0.01587099 -0.999874 -0.000345267
vn 0.01587099 -0.999874 -0.000345267
vn 0.01587099 -0.999874 -0.000345267
vn 0.01587099 0.999874 -0.000345267
vn 0.01587099 0.999874 -0.000345267
vn 0.01587099 0.999874 -0.000345267
vn 0.01587099 0.999874 -0.000345267
vn -0.04761302 -0.04761302 0.9977304
vn -0.04761302 -0.04761302 0.9977304
vn -0.04761302 -0.04761302 0.9977304
vn -0.04761302 -0.04761302 0.9977304
vn -0.968132 -0.04761302 -0.2458728
vn -0.968132 -0.04761302 -0.2458728
vn -0.968132 -0.04761302 -0.2458728
vn -0.968132 -0.04761302 -0.2458728
vn 0.999874 -0.01587099 -0.000346655
vn 0.999874 -0.01587099 -0.000346655
vn 0.999874 -0.01587099 -0.000346655
vn 0.999874 -0.01587099 -0.000346655
vn 0.01587099 -0.999874 -0.000345267
vn 0.01587099 -0.999874 -0.000345267
vn 0.01587099 -0.999874 -0.000345267
vn 0.01587099 -0.999874 -0.000345267
vn 0.01587099 0.999874 -0.000345267
vn 0.01587099 0.999874 -0.000345267
vn 0.01587099 0.999874 -0.000345267
vn 0.01587099 0.999874 -0.000345267
vn -0.04761302 -0.04761302 0.9977304
vn -0.04761302 -0.04761302 0.9977304
vn -0.04761302 -0.04761302 0.9977304
vn -0.04761302 -0.04761302 0.9977304
vn -0.968132 -0.04761302 -0.2458728
vn -0.968132 -0.04761302 -0.2458728
vn -0.968132 -0.04761302 -0.2458728
vn -0.968132 -0.04761302 -0.2458728
vn 0.999874 -0.01587099 -0.000346655
vn 0.999874 -0.01587099 -0.000346655
vn 0.999874 -0.01587099 -0.000346655
vn 0.999874 -0.01587099 -0.000346655
vn 0.01587099 -0.999874 -0.000345267
vn 0.01587099 -0.999874 -0.000345267
vn 0.01587099 -0.999874 -0.000345267
vn 0.01587099 -0.999874 -0.000345267
vn 0.01587099 0.999874 -0.000345267
vn 0.01587099 0.999874 -0.000345267
vn 0.01587099 0.999874 -0.000345267
vn 0.01587099 0.999874 -0.000345267
vn -0.04761302 -0.04761302 0.9977304
vn -0.04761302 -0.04761302 0.9977304
vn -0.04761302 -0.04761302 0.9977304
vn -0.04761302 -0.04761302 0.9977304
vn -0.968132 -0.04761302 -0.2458728
vn -0.968132 -0.04761302 -0.2458728
vn -0.968132 -0.04761302 -0.2458728
vn -0.968132 -0.04761302 -0.2458728
vn 0.999874 -0.01587099 -0.000346655
vn 0.999874 -0.01587099 -0.000346655
vn 0.999874 -0.01587099 -0.000346655
vn 0.999874 -0.01587099 -0.000346655
vn 0.01587099 -0.999874 -0.000345267
vn 0.01587099 -0.999874 -0.000345267
vn 0.01587099 -0.999874 -0.000345267
vn 0.01587099 -0.999874 -0.000345267
vn 0.01587099 0.999874 -0.000345267
vn 0.01587099 0.999874 -0.000345267
vn 0.01587099 0.999874 -0.000345267
vn 0.01587099 0.999874 -0.000345267
vn -0.04761302 -0.04761302 0.9977304
vn -0.04761302 -0.04761302 0.9977304
vn -0.04761302 -0.04761302 0.9977304
vn -0.04761302 -0.04761302 0.9977304
vn -0.968132 -0.04761302 -0.2458728
vn -0.968132 -0.04761302 -0.2458728
vn -0.968132 -0.04761302 -0.2458728
vn -0.968132 -0.04761302 -0.2458728
vn 0.999874 -0.01587099 -0.000346655
vn 0.999874 -0.01587099 -0.000346655
vn 0.999874 -0.01587099 -0.000346655
vn 0.999874 -0.01587099 -0.000346655
vn 0.01587099 0.999874 -0.000345267
vn 0.01587099 0.999874 -0.000345267
vn 0.01587099 0.999874 -0.000345267
vn 0.01587099 0.999874 -0.000345267
vn -0.968132 -0.04761302 -0.2458728
vn -0.968132 -0.04761302 -0.2458728
vn -0.968132 -0.04761302 -0.2458728
vn -0.968132 -0.04761302 -0.2458728
vn 0.999874 -0.01587099 -0.000346655
vn 0.999874 -0.01587099 -0.000346655
vn 0.999874 -0.01587099 -0.000346655
vn 0.999874 -0.01587099 -0.000346655
vn 0.01587099 0.999874 -0.000345267
vn 0.01587099 0.999874 -0.000345267
vn 0.01587099 0.999874 -0.000345267
vn 0.01587099 0.999874 -0.000345267
vn 0.01587099 0.999874 -0.000345267
vn 0.01587099 0.999874 -0.000345267
vn -0.968132 -0.04761302 -0.2458728
vn -0.968132 -0.04761302 -0.2458728
vn -0.968132 -0.04761302 -0.2458728
vn -0.968132 -0.04761302 -0.2458728
vn 0.999874 -0.01587099 -0.000346655
vn 0.999874 -0.01587099 -0.000346655
vn 0.999874 -0.01587099 -0.000346655
vn 0.999874 -0.01587099 -0.000346655
vn -0.04761302 -0.04761302 0.9977304
vn -0.04761302 -0.04761302 0.9977304
vn -0.04761302 -0.04761302 0.9977304
vn -0.04761302 -0.04761302 0.9977304
vn -0.04761302 -0.4602594 0.8865068
vn -0.04761302 -0.4602594 0.8865068
vn -0.07935512 -0.4602594 0.8842308
vn -0.07935512 -0.4602594 0.8842308
vn -0.04761302 -0.4602594 0.8865068
vn -0.04761302 -0.4602594 0.8865068
vn -0.04761302 -0.4602594 0.8865068
vn -0.04761302 -0.4602594 0.8865068
vn 0.999874 -0.01587099 -0.000346655
vn 0.999874 -0.01587099 -0.000346655
vn 0.999874 -0.01587099 -0.000346655
vn 0.999874 -0.01587099 -0.000346655
vn 0.01587099 -0.999874 -0.000345267
vn 0.01587099 -0.999874 -0.000345267
vn 0.01587099 -0.999874 -0.000345267
vn 0.01587099 -0.999874 -0.000345267
vn -0.968132 -0.04761302 -0.2458728
vn -0.968132 -0.04761302 -0.2458728
vn -0.968132 -0.04761302 -0.2458728
vn -0.968132 -0.04761302 -0.2458728
vn 0.01587099 0.999874 -0.000345267
vn 0.01587099 0.999874 -0.000345267
vn 0.01587099 0.999874 -0.000345267
vn 0.01587099 0.999874 -0.000345267
vn -0.968132 -0.04761302 -0.2458728
vn -0.968132 -0.04761302 -0.2458728
vn -0.968132 -0.04761302 -0.2458728
vn -0.968132 -0.04761302 -0.2458728
vn 0.999874 -0.01587099 -0.000346655
vn 0.999874 -0.01587099 -0.000346655
vn 0.999874 -0.01587099 -0.000346655
vn 0.999874 -0.01587099 -0.000346655
vn -0.04761302 -0.04761302 0.9977304
vn -0.04761302 -0.04761302 0.9977304
vn -0.04761302 -0.04761302 0.9977304
vn -0.04761302 -0.04761302 0.9977304
vn -0.04761302 -0.04761302 0.9977304
vn -0.04761302 -0.04761302 0.9977304
vn -0.04761302 -0.04761302 0.9977304
vn -0.04761302 -0.04761302 0.9977304
vn 0.999874 -0.01587099 -0.000346655
vn 0.999874 -0.01587099 -0.000346655
vn 0.999874 -0.01587099 -0.000346655
vn 0.999874 -0.01587099 -0.000346655
vn 0.999874 -0.01587099 -0.000346655
vn 0.999874 -0.01587099 -0.000346655
vn 0.999874 -0.01587099 -0.000346655
vn 0.999874 -0.01587099 -0.000346655
vn 0.1110971 -0.04761302 -0.9926683
vn 0.1110971 -0.04761302 -0.9926683
vn 0.1110971 -0.04761302 -0.9926683
vn 0.1110971 -0.04761302 -0.9926683
vn 0.1110971 -0.04761302 -0.9926683
vn 0.1110971 -0.04761302 -0.9926683
vn 0.1110971 -0.04761302 -0.9926683
vn 0.1110971 -0.04761302 -0.9926683
vn -0.968132 -0.04761302 -0.2458728
vn -0.968132 -0.04761302 -0.2458728
vn -0.968132 -0.04761302 -0.2458728
vn -0.968132 -0.04761302 -0.2458728
vn -0.968132 -0.04761302 -0.2458728
vn -0.968132 -0.04761302 -0.2458728
vn -0.968132 -0.04761302 -0.2458728
vn -0.968132 -0.04761302 -0.2458728
vn -0.8094218 -0.04761302 -0.5852943
vn -0.8094218 -0.04761302 -0.5852943
vn -0.8094218 -0.04761302 -0.5852943
vn -0.8094218 -0.04761302 -0.5852943
vn 0.1110971 -0.04761302 -0.9926683
vn 0.1110971 -0.04761302 -0.9926683
vn 0.1110971 -0.04761302 -0.9926683
vn 0.1110971 -0.04761302 -0.9926683
vn 0.9363899 -0.04761302 -0.3477167
vn 0.9363899 -0.04761302 -0.3477167
vn 0.9363899 -0.04761302 -0.3477167
vn 0.9363899 -0.04761302 -0.3477167
vn 0.8729059 -0.04761302 0.4855599
vn 0.8729059 -0.04761302 0.4855599
vn 0.8729059 -0.04761302 0.4855599
vn 0.8729059 -0.04761302 0.4855599
vn -0.04761302 -0.04761302 0.9977304
vn -0.04761302 -0.04761302 0.9977304
vn -0.04761302 -0.04761302 0.9977304
vn -0.04761302 -0.04761302 0.9977304
vn -0.8729059 -0.04761302 0.4855599
vn -0.8729059 -0.04761302 0.4855599
vn -0.8729059 -0.04761302 0.4855599
vn -0.8729059 -0.04761302 0.4855599
vn -0.7459378 0.3967754 -0.5349262
vn -0.7459378 0.3967754 -0.5349262
vn -0.7459378 0.3967754 -0.5349262
vn -0.7459378 0.3967754 -0.5349262
vn 0.1110971 0.3967754 -0.9111678
vn 0.1110971 0.3967754 -0.9111678
vn 0.1110971 0.3967754 -0.9111678
vn 0.1110971 0.3967754 -0.9111678
vn 0.8729059 0.3967754 -0.2839096
vn 0.8729059 0.3967754 -0.2839096
vn 0.8729059 0.3967754 -0.2839096
vn 0.8729059 0.3967754 -0.2839096
vn 0.8094218 0.3967754 0.4329038
vn 0.8094218 0.3967754 0.4329038
vn 0.8094218 0.3967754 0.4329038
vn 0.8094218 0.3967754 0.4329038
vn -0.04761302 0.3967754 0.91668
vn -0.04761302 0.3967754 0.91668
vn -0.04761302 0.3967754 0.91668
vn -0.04761302 0.3967754 0.91668
vn -0.8094218 0.3967754 0.4329038
vn -0.8094218 0.3967754 0.4329038
vn -0.8094218 0.3967754 0.4329038
vn -0.8094218 0.3967754 0.4329038
vn -0.07935512 -0.04761302 0.9957087
vn -0.07935512 -0.04761302 0.9957087
vn -0.07935512 -0.04761302 0.9957087
vn -0.07935512 -0.04761302 0.9957087
vn 0.8729059 -0.04761302 0.4855599
vn 0.8729059 -0.04761302 0.4855599
vn 0.8729059 -0.04761302 0.4855599
vn 0.8729059 -0.04761302 0.4855599
vn -0.04761302 -0.04761302 0.9977304
vn -0.04761302 -0.04761302 0.9977304
vn -0.04761302 -0.04761302 0.9977304
vn -0.04761302 -0.04761302 0.9977304
vn 0.04761302 0.968132 0.2458728
vn 0.04761302 0.968132 0.2458728
vn 0.04761302 0.968132 0.2458728
vn 0.04761302 0.968132 0.2458728
vn -0.04761302 -0.04761302 0.9977304
vn -0.04761302 -0.04761302 0.9977304
vn -0.04761302 -0.04761302 0.9977304
vn -0.04761302 -0.04761302 0.9977304
vn -0.04761302 -0.04761302 0.9977304
vn -0.04761302 -0.04761302 0.9977304
vn -0.04761302 -0.04761302 0.9977304
vn -0.04761302 -0.04761302 0.9977304
vn -0.04761302 0.7459378 0.6643115
vn -0.04761302 0.7459378 0.6643115
vn -0.04761302 0.7459378 0.6643115
vn -0.04761302 0.7459378 0.6643115
vn -0.07935512 -0.04761302 0.9957087
vn -0.04761302 -0.04761302 0.9977304
vn -0.04761302 -0.04761302 0.9977304
vn -0.04761302 -0.04761302 0.9977304
vn -0.04761302 -0.04761302 0.9977304
vn -0.04761302 -0.04761302 0.9977304
vn -0.04761302 -0.04761302 0.9977304
vn -0.04761302 -0.04761302 0.9977304
vn -0.04761302 -0.04761302 0.9977304
vn -0.04761302 -0.04761302 0.9977304
vn -0.04761302 -0.04761302 0.9977304
vn 0.1110971 -0.04761302 -0.9926683
vn 0.1110971 -0.04761302 -0.9926683
vn 0.1110971 -0.04761302 -0.9926683
vn 0.1110971 -0.04761302 -0.9926683
vn 0.1110971 -0.04761302 -0.9926683
vn 0.1110971 -0.04761302 -0.9926683
vn 0.1110971 -0.04761302 -0.9926683
vn 0.1110971 -0.04761302 -0.9926683
vn 0.1110971 -0.04761302 -0.9926683
vn 0.1110971 -0.04761302 -0.9926683
vn 0.1110971 -0.04761302 -0.9926683
vn 0.1110971 -0.04761302 -0.9926683
vn 0.1110971 -0.04761302 -0.9926683
vn 0.1110971 -0.04761302 -0.9926683
vn 0.1110971 -0.04761302 -0.9926683
vn 0.1110971 -0.04761302 -0.9926683
vn 0.01587099 -0.999874 -0.000345267
vn 0.01587099 -0.999874 -0.000345267
vn 0.01587099 -0.999874 -0.000345267
vn 0.01587099 -0.999874 -0.000345267
vn 0.01587099 -0.999874 -0.000345267
vn 0.01587099 -0.999874 -0.000345267
vn 0.01587099 -0.999874 -0.000345267
vn 0.01587099 -0.999874 -0.000345267
vn 0.1110971 -0.04761302 -0.9926683
vn 0.1110971 -0.04761302 -0.9926683
vn 0.1110971 -0.04761302 -0.9926683
vn 0.1110971 -0.04761302 -0.9926683
vn 0.1110971 -0.04761302 -0.9926683
vn 0.1110971 -0.04761302 -0.9926683
vn 0.1110971 -0.04761302 -0.9926683
vn 0.1110971 -0.04761302 -0.9926683
vn 0.1110971 -0.04761302 -0.9926683
vn 0.1110971 -0.04761302 -0.9926683
vn 0.1110971 -0.04761302 -0.9926683
vn 0.1110971 -0.04761302 -0.9926683
vn 0.1110971 -0.04761302 -0.9926683
vn 0.1110971 -0.04761302 -0.9926683
vn 0.1110971 -0.04761302 -0.9926683
vn 0.1110971 -0.04761302 -0.9926683
vn 0.1110971 -0.04761302 -0.9926683
vn 0.1110971 -0.04761302 -0.9926683
vn 0.1110971 -0.04761302 -0.9926683
vn 0.1110971 -0.04761302 -0.9926683
vn 0.1110971 -0.04761302 -0.9926683
vn 0.1110971 -0.04761302 -0.9926683
vn 0.1110971 -0.04761302 -0.9926683
vn 0.1110971 -0.04761302 -0.9926683
vn 0.1110971 -0.04761302 -0.9926683
vn 0.1110971 -0.04761302 -0.9926683
vn 0.1110971 -0.04761302 -0.9926683
vn 0.1110971 -0.04761302 -0.9926683
vn 0.1110971 -0.04761302 -0.9926683
vn 0.1110971 -0.04761302 -0.9926683
vn 0.1110971 -0.04761302 -0.9926683
vn 0.1110971 -0.04761302 -0.9926683
vn 0.1110971 -0.04761302 -0.9926683
vn 0.1110971 -0.04761302 -0.9926683
vn 0.1110971 -0.04761302 -0.9926683
vn 0.1110971 -0.04761302 -0.9926683
vn 0.1110971 -0.04761302 -0.9926683
vn 0.1110971 -0.04761302 -0.9926683
vn 0.1110971 -0.04761302 -0.9926683
vn 0.1110971 -0.04761302 -0.9926683
vn 0.1110971 -0.04761302 -0.9926683
vn 0.1110971 -0.04761302 -0.9926683
vn 0.1110971 -0.04761302 -0.9926683
vn 0.1110971 -0.04761302 -0.9926683
vn 0.1110971 -0.04761302 -0.9926683
vn 0.1110971 -0.04761302 -0.9926683
vn 0.1110971 -0.04761302 -0.9926683
vn 0.1110971 -0.04761302 -0.9926683
vn 0.1110971 -0.04761302 -0.9926683
vn 0.1110971 -0.04761302 -0.9926683
vn 0.1110971 -0.04761302 -0.9926683
vn 0.1110971 -0.04761302 -0.9926683
vn 0.1110971 -0.04761302 -0.9926683
vn 0.1110971 -0.04761302 -0.9926683
vn 0.1110971 -0.04761302 -0.9926683
vn 0.1110971 -0.04761302 -0.9926683
vn 0.1110971 -0.04761302 -0.9926683
vn 0.1110971 -0.04761302 -0.9926683
vn 0.1110971 -0.04761302 -0.9926683
vn 0.1110971 -0.04761302 -0.9926683
vn 0.1110971 -0.04761302 -0.9926683
vn 0.1110971 -0.04761302 -0.9926683
vn 0.1110971 -0.04761302 -0.9926683
vn 0.1110971 -0.04761302 -0.9926683
vn 0.1110971 -0.04761302 -0.9926683
vn 0.1110971 -0.04761302 -0.9926683
vn 0.1110971 -0.04761302 -0.9926683
vn 0.1110971 -0.04761302 -0.9926683
vn 0.1110971 -0.04761302 -0.9926683
vn 0.1110971 -0.04761302 -0.9926683
vn 0.1110971 -0.04761302 -0.9926683
vn 0.1110971 -0.04761302 -0.9926683
vn 0.1110971 -0.04761302 -0.9926683
vn 0.1110971 -0.04761302 -0.9926683
vn 0.1110971 -0.04761302 -0.9926683
vn 0.1110971 -0.04761302 -0.9926683
vn 0.1110971 -0.04761302 -0.9926683
vn 0.1110971 -0.04761302 -0.9926683
vn 0.1110971 -0.04761302 -0.9926683
vn 0.1110971 -0.04761302 -0.9926683
vn 0.1110971 -0.04761302 -0.9926683
vn 0.1110971 -0.04761302 -0.9926683
vn 0.1110971 -0.04761302 -0.9926683
vn 0.1110971 -0.04761302 -0.9926683
vn 0.1110971 -0.04761302 -0.9926683
vn 0.1110971 -0.04761302 -0.9926683
vn 0.1110971 -0.04761302 -0.9926683
vn 0.1110971 -0.04761302 -0.9926683
vn 0.1110971 -0.04761302 -0.9926683
vn 0.1110971 -0.04761302 -0.9926683
vn 0.1110971 -0.04761302 -0.9926683
vn 0.1110971 -0.04761302 -0.9926683
vn 0.1110971 -0.04761302 -0.9926683
vn 0.1110971 -0.04761302 -0.9926683
vn 0.1110971 -0.04761302 -0.9926683
vn 0.1110971 -0.04761302 -0.9926683
vn 0.1110971 -0.04761302 -0.9926683
vn 0.1110971 -0.04761302 -0.9926683
vn 0.1110971 -0.04761302 -0.9926683
vn 0.1110971 -0.04761302 -0.9926683
vn 0.1110971 -0.04761302 -0.9926683
vn 0.1110971 -0.04761302 -0.9926683
vn 0.1110971 -0.04761302 -0.9926683
vn 0.1110971 -0.04761302 -0.9926683
vn 0.1110971 -0.04761302 -0.9926683
vn 0.1110971 -0.04761302 -0.9926683
vn 0.1110971 -0.04761302 -0.9926683
vn 0.1110971 -0.04761302 -0.9926683
vn 0.1110971 -0.04761302 -0.9926683
vn 0.1110971 -0.04761302 -0.9926683
vn 0.1110971 -0.04761302 -0.9926683
vn 0.1110971 -0.04761302 -0.9926683
vn 0.1110971 -0.04761302 -0.9926683
vn 0.1110971 -0.04761302 -0.9926683
vn 0.1110971 -0.04761302 -0.9926683
vn 0.1110971 -0.04761302 -0.9926683
vn 0.1110971 -0.04761302 -0.9926683
vn 0.1110971 -0.04761302 -0.9926683
vn 0.1110971 -0.04761302 -0.9926683
vn 0.1110971 -0.04761302 -0.9926683
vn 0.1110971 -0.04761302 -0.9926683
vn 0.1110971 -0.04761302 -0.9926683
vn 0.1110971 -0.04761302 -0.9926683
vn 0.1110971 -0.04761302 -0.9926683
vn 0.1110971 -0.04761302 -0.9926683
vn 0.1110971 -0.04761302 -0.9926683
vn 0.1110971 -0.04761302 -0.9926683
vn 0.1110971 -0.04761302 -0.9926683
vn 0.1110971 -0.04761302 -0.9926683
vn 0.1110971 -0.04761302 -0.9926683
vn 0.1110971 -0.04761302 -0.9926683
vn 0.1110971 -0.04761302 -0.9926683
vn 0.1110971 -0.04761302 -0.9926683
vn 0.1110971 -0.04761302 -0.9926683
vn 0.1110971 -0.04761302 -0.9926683
vn 0.1110971 -0.04761302 -0.9926683
g DSJ_GTA_diLou_22_0
f 3/3/3 2/2/2 1/1/1
f 2/2/2 3/3/3 4/4/4
f 7/7/7 6/6/6 5/5/5
f 6/6/6 7/7/7 8/8/8
f 11/11/11 10/10/10 9/9/9
f 10/10/10 11/11/11 12/12/12
f 15/15/15 14/14/14 13/13/13
f 14/14/14 15/15/15 16/16/16
f 19/19/19 18/18/18 17/17/17
f 18/18/18 19/19/19 20/20/20
f 23/23/23 22/22/22 21/21/21
f 22/22/22 23/23/23 24/24/24
f 27/27/27 26/26/26 25/25/25
f 30/30/30 29/29/29 28/28/28
f 33/33/33 32/32/32 31/31/31
f 36/36/36 35/35/35 34/34/34
f 39/39/39 38/38/38 37/37/37
f 42/42/42 41/41/41 40/40/40
f 45/45/45 44/44/44 43/43/43
f 47/47/47 45/45/45 46/46/46
f 50/50/50 49/49/49 48/48/48
f 49/49/49 50/50/50 51/51/51
f 54/54/54 53/53/53 52/52/52
f 53/53/53 54/54/54 55/55/55
f 58/58/58 57/57/57 56/56/56
f 57/57/57 58/58/58 59/59/59
f 62/62/62 61/61/61 60/60/60
f 61/61/61 62/62/62 63/63/63
f 66/66/66 65/65/65 64/64/64
f 65/65/65 66/66/66 67/67/67
f 70/70/70 69/69/69 68/68/68
f 69/69/69 70/70/70 71/71/71
f 74/74/74 73/73/73 72/72/72
f 77/77/77 76/76/76 75/75/75
f 80/80/80 79/79/79 78/78/78
f 83/83/83 82/82/82 81/81/81
f 86/86/86 85/85/85 84/84/84
f 87/87/87 85/85/85 86/86/86
f 90/90/90 89/89/89 88/88/88
f 91/91/91 89/89/89 90/90/90
f 94/94/94 93/93/93 92/92/92
f 95/95/95 93/93/93 94/94/94
f 98/98/98 97/97/97 96/96/96
f 99/99/99 97/97/97 98/98/98
f 102/102/102 101/101/101 100/100/100
f 103/103/103 101/101/101 102/102/102
f 106/106/106 105/105/105 104/104/104
f 107/107/107 105/105/105 106/106/106
f 110/110/110 109/109/109 108/108/108
f 113/113/113 112/112/112 111/111/111
f 116/116/116 115/115/115 114/114/114
f 119/119/119 118/118/118 117/117/117
f 122/122/122 121/121/121 120/120/120
f 122/122/122 120/120/120 123/123/123
f 126/126/126 125/125/125 124/124/124
f 127/127/127 126/126/126 124/124/124
f 130/130/130 129/129/129 128/128/128
f 131/131/131 129/129/129 130/130/130
f 134/134/134 133/133/133 132/132/132
f 135/135/135 133/133/133 134/134/134
f 138/138/138 137/137/137 136/136/136
f 139/139/139 137/137/137 138/138/138
f 142/142/142 141/141/141 140/140/140
f 143/143/143 141/141/141 142/142/142
f 146/146/146 145/145/145 144/144/144
f 147/147/147 145/145/145 146/146/146
f 150/150/150 149/149/149 148/148/148
f 153/153/153 152/152/152 151/151/151
f 156/156/156 155/155/155 154/154/154
f 157/157/157 155/155/155 156/156/156
f 160/160/160 159/159/159 158/158/158
f 161/161/161 159/159/159 160/160/160
f 164/164/164 163/163/163 162/162/162
f 165/165/165 163/163/163 164/164/164
f 168/168/168 167/167/167 166/166/166
f 169/169/169 167/167/167 168/168/168
f 172/172/172 171/171/171 170/170/170
f 173/173/173 171/171/171 172/172/172
f 176/176/176 175/175/175 174/174/174
f 177/177/177 175/175/175 176/176/176
f 180/180/180 179/179/179 178/178/178
f 181/181/181 179/179/179 180/180/180
f 184/184/184 183/183/183 182/182/182
f 185/185/185 183/183/183 184/184/184
f 188/188/188 187/187/187 186/186/186
f 189/189/189 187/187/187 188/188/188
f 192/192/192 191/191/191 190/190/190
f 193/193/193 191/191/191 192/192/192
f 196/196/196 195/195/195 194/194/194
f 197/197/197 195/195/195 196/196/196
f 200/200/200 199/199/199 198/198/198
f 201/201/201 199/199/199 200/200/200
f 204/204/204 203/203/203 202/202/202
f 205/205/205 203/203/203 204/204/204
f 208/208/208 207/207/207 206/206/206
f 209/209/209 207/207/207 208/208/208
f 212/212/212 211/211/211 210/210/210
f 213/213/213 211/211/211 212/212/212
f 216/216/216 215/215/215 214/214/214
f 217/217/217 215/215/215 216/216/216
f 220/220/220 219/219/219 218/218/218
f 221/221/221 219/219/219 220/220/220
f 224/224/224 223/223/223 222/222/222
f 225/225/225 223/223/223 224/224/224
f 228/228/228 227/227/227 226/226/226
f 229/229/229 227/227/227 228/228/228
f 232/232/232 231/231/231 230/230/230
f 233/233/233 231/231/231 232/232/232
f 236/236/236 235/235/235 234/234/234
f 237/237/237 235/235/235 236/236/236
f 240/240/240 239/239/239 238/238/238
f 241/241/241 239/239/239 240/240/240
f 244/244/244 243/243/243 242/242/242
f 245/245/245 243/243/243 244/244/244
f 248/248/248 247/247/247 246/246/246
f 249/249/249 247/247/247 248/248/248
f 252/252/252 251/251/251 250/250/250
f 253/253/253 251/251/251 252/252/252
f 256/256/256 255/255/255 254/254/254
f 257/257/257 255/255/255 256/256/256
f 260/260/260 259/259/259 258/258/258
f 261/261/261 259/259/259 260/260/260
f 264/264/264 263/263/263 262/262/262
f 265/265/265 263/263/263 264/264/264
f 268/268/268 267/267/267 266/266/266
f 269/269/269 267/267/267 268/268/268
f 272/272/272 271/271/271 270/270/270
f 273/273/273 271/271/271 272/272/272
f 276/276/276 275/275/275 274/274/274
f 277/277/277 275/275/275 276/276/276
f 280/280/280 279/279/279 278/278/278
f 281/281/281 279/279/279 280/280/280
f 284/284/284 283/283/283 282/282/282
f 285/285/285 283/283/283 284/284/284
f 288/288/288 287/287/287 286/286/286
f 289/289/289 287/287/287 288/288/288
f 292/292/292 291/291/291 290/290/290
f 293/293/293 291/291/291 292/292/292
f 296/296/296 295/295/295 294/294/294
f 297/297/297 295/295/295 296/296/296
f 300/300/300 299/299/299 298/298/298
f 301/301/301 299/299/299 300/300/300
f 304/304/304 303/303/303 302/302/302
f 305/305/305 303/303/303 304/304/304
f 308/308/308 307/307/307 306/306/306
f 309/309/309 307/307/307 308/308/308
f 312/312/312 311/311/311 310/310/310
f 313/313/313 311/311/311 312/312/312
f 316/316/316 315/315/315 314/314/314
f 317/317/317 315/315/315 316/316/316
f 320/320/320 319/319/319 318/318/318
f 321/321/321 319/319/319 320/320/320
f 324/324/324 323/323/323 322/322/322
f 325/325/325 323/323/323 324/324/324
f 328/328/328 327/327/327 326/326/326
f 329/329/329 327/327/327 328/328/328
f 332/332/332 331/331/331 330/330/330
f 333/333/333 331/331/331 332/332/332
f 336/336/336 335/335/335 334/334/334
f 337/337/337 335/335/335 336/336/336
f 340/340/340 339/339/339 338/338/338
f 341/341/341 339/339/339 340/340/340
f 344/344/344 343/343/343 342/342/342
f 345/345/345 343/343/343 344/344/344
f 348/348/348 347/347/347 346/346/346
f 349/349/349 347/347/347 348/348/348
f 352/352/352 351/351/351 350/350/350
f 353/353/353 351/351/351 352/352/352
f 356/356/356 355/355/355 354/354/354
f 357/357/357 355/355/355 356/356/356
f 360/360/360 359/359/359 358/358/358
f 361/361/361 359/359/359 360/360/360
f 364/364/364 363/363/363 362/362/362
f 365/365/365 363/363/363 364/364/364
f 368/368/368 367/367/367 366/366/366
f 369/369/369 367/367/367 368/368/368
f 372/372/372 371/371/371 370/370/370
f 373/373/373 371/371/371 372/372/372
f 376/376/376 375/375/375 374/374/374
f 377/377/377 375/375/375 376/376/376
f 380/380/380 379/379/379 378/378/378
f 381/381/381 379/379/379 380/380/380
f 384/384/384 383/383/383 382/382/382
f 385/385/385 383/383/383 384/384/384
f 388/388/388 387/387/387 386/386/386
f 389/389/389 387/387/387 388/388/388
f 392/392/392 391/391/391 390/390/390
f 393/393/393 391/391/391 392/392/392
f 396/396/396 395/395/395 394/394/394
f 397/397/397 395/395/395 396/396/396
f 400/400/400 399/399/399 398/398/398
f 401/401/401 399/399/399 400/400/400
f 404/404/404 403/403/403 402/402/402
f 405/405/405 403/403/403 404/404/404
f 408/408/408 407/407/407 406/406/406
f 409/409/409 407/407/407 408/408/408
f 412/412/412 411/411/411 410/410/410
f 413/413/413 411/411/411 412/412/412
f 416/416/416 415/415/415 414/414/414
f 417/417/417 415/415/415 416/416/416
f 420/420/420 419/419/419 418/418/418
f 421/421/421 419/419/419 420/420/420
f 424/424/424 423/423/423 422/422/422
f 425/425/425 423/423/423 424/424/424
f 428/428/428 427/427/427 426/426/426
f 429/429/429 427/427/427 428/428/428
f 432/432/432 431/431/431 430/430/430
f 433/433/433 431/431/431 432/432/432
f 436/436/436 435/435/435 434/434/434
f 437/437/437 435/435/435 436/436/436
f 440/440/440 439/439/439 438/438/438
f 441/441/441 439/439/439 440/440/440
f 444/444/444 443/443/443 442/442/442
f 445/445/445 443/443/443 444/444/444
f 448/448/448 447/447/447 446/446/446
f 449/449/449 447/447/447 448/448/448
f 452/452/452 451/451/451 450/450/450
f 453/453/453 451/451/451 452/452/452
f 456/456/456 455/455/455 454/454/454
f 457/457/457 455/455/455 456/456/456
f 460/460/460 459/459/459 458/458/458
f 461/461/461 459/459/459 460/460/460
f 464/464/464 463/463/463 462/462/462
f 465/465/465 463/463/463 464/464/464
f 468/468/468 467/467/467 466/466/466
f 469/469/469 467/467/467 468/468/468
f 472/472/472 471/471/471 470/470/470
f 473/473/473 471/471/471 472/472/472
f 476/476/476 475/475/475 474/474/474
f 477/477/477 475/475/475 476/476/476
f 480/480/480 479/479/479 478/478/478
f 481/481/481 479/479/479 480/480/480
f 484/484/484 483/483/483 482/482/482
f 485/485/485 483/483/483 484/484/484
f 488/488/488 487/487/487 486/486/486
f 489/489/489 487/487/487 488/488/488
f 492/492/492 491/491/491 490/490/490
f 493/493/493 491/491/491 492/492/492
f 496/496/496 495/495/495 494/494/494
f 497/497/497 495/495/495 496/496/496
f 500/500/500 499/499/499 498/498/498
f 501/501/501 499/499/499 500/500/500
f 504/504/504 503/503/503 502/502/502
f 505/505/505 503/503/503 504/504/504
f 508/508/508 507/507/507 506/506/506
f 509/509/509 507/507/507 508/508/508
f 512/512/512 511/511/511 510/510/510
f 513/513/513 511/511/511 512/512/512
f 516/516/516 515/515/515 514/514/514
f 517/517/517 515/515/515 516/516/516
f 520/520/520 519/519/519 518/518/518
f 521/521/521 519/519/519 520/520/520
f 524/524/524 523/523/523 522/522/522
f 525/525/525 523/523/523 524/524/524
f 528/528/528 527/527/527 526/526/526
f 529/529/529 527/527/527 528/528/528
f 532/532/532 531/531/531 530/530/530
f 533/533/533 531/531/531 532/532/532
f 536/536/536 535/535/535 534/534/534
f 537/537/537 535/535/535 536/536/536
f 540/540/540 539/539/539 538/538/538
f 541/541/541 539/539/539 540/540/540
f 544/544/544 543/543/543 542/542/542
f 545/545/545 543/543/543 544/544/544
f 548/548/548 547/547/547 546/546/546
f 549/549/549 547/547/547 548/548/548
f 552/552/552 551/551/551 550/550/550
f 553/553/553 551/551/551 552/552/552
f 556/556/556 555/555/555 554/554/554
f 557/557/557 555/555/555 556/556/556
f 560/560/560 559/559/559 558/558/558
f 561/561/561 559/559/559 560/560/560
f 564/564/564 563/563/563 562/562/562
f 565/565/565 563/563/563 564/564/564
f 568/568/568 567/567/567 566/566/566
f 569/569/569 567/567/567 568/568/568
f 572/572/572 571/571/571 570/570/570
f 573/573/573 571/571/571 572/572/572
f 576/576/576 575/575/575 574/574/574
f 577/577/577 575/575/575 576/576/576
f 580/580/580 579/579/579 578/578/578
f 581/581/581 579/579/579 580/580/580
f 584/584/584 583/583/583 582/582/582
f 585/585/585 583/583/583 584/584/584
f 588/588/588 587/587/587 586/586/586
f 589/589/589 587/587/587 588/588/588
f 592/592/592 591/591/591 590/590/590
f 593/593/593 591/591/591 592/592/592
f 596/596/596 595/595/595 594/594/594
f 597/597/597 595/595/595 596/596/596
f 598/598/598 597/597/597 596/596/596
f 601/601/601 600/600/600 599/599/599
f 602/602/602 600/600/600 601/601/601
f 605/605/605 604/604/604 603/603/603
f 606/606/606 604/604/604 605/605/605
f 609/609/609 608/608/608 607/607/607
f 610/610/610 608/608/608 609/609/609
f 613/613/613 612/612/612 611/611/611
f 614/614/614 612/612/612 613/613/613
f 617/617/617 616/616/616 615/615/615
f 618/618/618 616/616/616 617/617/617
f 621/621/621 620/620/620 619/619/619
f 622/622/622 620/620/620 621/621/621
f 625/625/625 624/624/624 623/623/623
f 626/626/626 624/624/624 625/625/625
f 629/629/629 628/628/628 627/627/627
f 630/630/630 628/628/628 629/629/629
f 633/633/633 632/632/632 631/631/631
f 634/634/634 632/632/632 633/633/633
f 637/637/637 636/636/636 635/635/635
f 638/638/638 636/636/636 637/637/637
f 641/641/641 640/640/640 639/639/639
f 642/642/642 640/640/640 641/641/641
f 645/645/645 644/644/644 643/643/643
f 646/646/646 644/644/644 645/645/645
f 649/649/649 648/648/648 647/647/647
f 650/650/650 648/648/648 649/649/649
f 653/653/653 652/652/652 651/651/651
f 654/654/654 652/652/652 653/653/653
f 657/657/657 656/656/656 655/655/655
f 658/658/658 656/656/656 657/657/657
f 661/661/661 660/660/660 659/659/659
f 662/662/662 660/660/660 661/661/661
f 665/665/665 664/664/664 663/663/663
f 666/666/666 664/664/664 665/665/665
f 669/669/669 668/668/668 667/667/667
f 670/670/670 668/668/668 669/669/669
f 673/673/673 672/672/672 671/671/671
f 674/674/674 672/672/672 673/673/673
f 677/677/677 676/676/676 675/675/675
f 678/678/678 676/676/676 677/677/677
f 681/681/681 680/680/680 679/679/679
f 682/682/682 680/680/680 681/681/681
f 685/685/685 684/684/684 683/683/683
f 686/686/686 684/684/684 685/685/685
f 689/689/689 688/688/688 687/687/687
f 690/690/690 688/688/688 689/689/689
f 693/693/693 692/692/692 691/691/691
f 694/694/694 692/692/692 693/693/693
f 697/697/697 696/696/696 695/695/695
f 698/698/698 696/696/696 697/697/697
f 701/701/701 700/700/700 699/699/699
f 702/702/702 700/700/700 701/701/701
f 705/705/705 704/704/704 703/703/703
f 706/706/706 704/704/704 705/705/705
f 709/709/709 708/708/708 707/707/707
f 710/710/710 708/708/708 709/709/709
f 713/713/713 712/712/712 711/711/711
f 714/714/714 712/712/712 713/713/713
f 717/717/717 716/716/716 715/715/715
f 718/718/718 716/716/716 717/717/717
f 721/721/721 720/720/720 719/719/719
f 722/722/722 720/720/720 721/721/721
f 725/725/725 724/724/724 723/723/723
f 726/726/726 724/724/724 725/725/725
f 729/729/729 728/728/728 727/727/727
f 730/730/730 728/728/728 729/729/729
f 733/733/733 732/732/732 731/731/731
f 734/734/734 732/732/732 733/733/733
f 737/737/737 736/736/736 735/735/735
f 738/738/738 736/736/736 737/737/737
f 741/741/741 740/740/740 739/739/739
f 742/742/742 740/740/740 741/741/741
f 745/745/745 744/744/744 743/743/743
f 746/746/746 744/744/744 745/745/745
f 749/749/749 748/748/748 747/747/747
f 750/750/750 748/748/748 749/749/749
f 753/753/753 752/752/752 751/751/751
f 754/754/754 752/752/752 753/753/753
f 757/757/757 756/756/756 755/755/755
f 758/758/758 756/756/756 757/757/757
f 761/761/761 760/760/760 759/759/759
f 762/762/762 760/760/760 761/761/761
f 765/765/765 764/764/764 763/763/763
f 766/766/766 764/764/764 765/765/765
f 769/769/769 768/768/768 767/767/767
f 770/770/770 768/768/768 769/769/769
f 773/773/773 772/772/772 771/771/771
f 774/774/774 772/772/772 773/773/773
f 777/777/777 776/776/776 775/775/775
f 778/778/778 776/776/776 777/777/777
f 781/781/781 780/780/780 779/779/779
f 782/782/782 780/780/780 781/781/781
f 785/785/785 784/784/784 783/783/783
f 786/786/786 784/784/784 785/785/785
f 789/789/789 788/788/788 787/787/787
f 790/790/790 788/788/788 789/789/789
f 793/793/793 792/792/792 791/791/791
f 794/794/794 792/792/792 793/793/793
f 797/797/797 796/796/796 795/795/795
f 798/798/798 796/796/796 797/797/797
f 801/801/801 800/800/800 799/799/799
f 802/802/802 800/800/800 801/801/801
f 805/805/805 804/804/804 803/803/803
f 806/806/806 804/804/804 805/805/805
f 809/809/809 808/808/808 807/807/807
f 810/810/810 808/808/808 809/809/809
f 813/813/813 812/812/812 811/811/811
f 814/814/814 812/812/812 813/813/813
f 817/817/817 816/816/816 815/815/815
f 818/818/818 816/816/816 817/817/817
f 821/821/821 820/820/820 819/819/819
f 822/822/822 820/820/820 821/821/821
f 825/825/825 824/824/824 823/823/823
f 826/826/826 824/824/824 825/825/825
f 829/829/829 828/828/828 827/827/827
f 830/830/830 828/828/828 829/829/829
f 833/833/833 832/832/832 831/831/831
f 834/834/834 832/832/832 833/833/833
f 837/837/837 836/836/836 835/835/835
f 838/838/838 836/836/836 837/837/837
f 841/841/841 840/840/840 839/839/839
f 842/842/842 840/840/840 841/841/841
f 845/845/845 844/844/844 843/843/843
f 846/846/846 844/844/844 845/845/845
f 849/849/849 848/848/848 847/847/847
f 850/850/850 848/848/848 849/849/849
f 853/853/853 852/852/852 851/851/851
f 854/854/854 852/852/852 853/853/853
f 857/857/857 856/856/856 855/855/855
f 858/858/858 856/856/856 857/857/857
f 861/861/861 860/860/860 859/859/859
f 862/862/862 860/860/860 861/861/861
f 865/865/865 864/864/864 863/863/863
f 866/866/866 864/864/864 865/865/865
f 869/869/869 868/868/868 867/867/867
f 870/870/870 868/868/868 869/869/869
f 873/873/873 872/872/872 871/871/871
f 874/874/874 872/872/872 873/873/873
f 877/877/877 876/876/876 875/875/875
f 878/878/878 876/876/876 877/877/877
f 881/881/881 880/880/880 879/879/879
f 882/882/882 880/880/880 881/881/881
f 885/885/885 884/884/884 883/883/883
f 886/886/886 884/884/884 885/885/885
f 889/889/889 888/888/888 887/887/887
f 890/890/890 888/888/888 889/889/889
f 893/893/893 892/892/892 891/891/891
f 894/894/894 892/892/892 893/893/893
f 897/897/897 896/896/896 895/895/895
f 898/898/898 896/896/896 897/897/897
f 901/901/901 900/900/900 899/899/899
f 902/902/902 900/900/900 901/901/901
f 905/905/905 904/904/904 903/903/903
f 906/906/906 904/904/904 905/905/905
f 909/909/909 908/908/908 907/907/907
f 910/910/910 908/908/908 909/909/909
f 913/913/913 912/912/912 911/911/911
f 914/914/914 912/912/912 913/913/913
f 917/917/917 916/916/916 915/915/915
f 918/918/918 916/916/916 917/917/917
f 921/921/921 920/920/920 919/919/919
f 922/922/922 920/920/920 921/921/921
f 925/925/925 924/924/924 923/923/923
f 926/926/926 924/924/924 925/925/925
f 929/929/929 928/928/928 927/927/927
f 930/930/930 928/928/928 929/929/929
f 933/933/933 932/932/932 931/931/931
f 934/934/934 932/932/932 933/933/933
f 937/937/937 936/936/936 935/935/935
f 938/938/938 936/936/936 937/937/937
f 941/941/941 940/940/940 939/939/939
f 944/944/944 943/943/943 942/942/942
f 947/947/947 946/946/946 945/945/945
f 948/948/948 946/946/946 947/947/947
f 951/951/951 950/950/950 949/949/949
f 952/952/952 950/950/950 951/951/951
f 955/955/955 954/954/954 953/953/953
f 956/956/956 954/954/954 955/955/955
f 959/959/959 958/958/958 957/957/957
f 960/960/960 958/958/958 959/959/959
f 963/963/963 962/962/962 961/961/961
f 964/964/964 962/962/962 963/963/963
f 967/967/967 966/966/966 965/965/965
f 968/968/968 966/966/966 967/967/967
f 971/971/971 970/970/970 969/969/969
f 972/972/972 970/970/970 971/971/971
f 975/975/975 974/974/974 973/973/973
f 976/976/976 974/974/974 975/975/975
f 979/979/979 978/978/978 977/977/977
f 980/980/980 978/978/978 979/979/979
f 983/983/983 982/982/982 981/981/981
f 984/984/984 982/982/982 983/983/983
f 987/987/987 986/986/986 985/985/985
f 988/988/988 986/986/986 987/987/987
f 991/991/991 990/990/990 989/989/989
f 992/992/992 990/990/990 991/991/991
f 995/995/995 994/994/994 993/993/993
f 996/996/996 994/994/994 995/995/995
f 999/999/999 998/998/998 997/997/997
f 1000/1000/1000 998/998/998 999/999/999
f 1003/1003/1003 1002/1002/1002 1001/1001/1001
f 1004/1004/1004 1002/1002/1002 1003/1003/1003
f 1007/1007/1007 1006/1006/1006 1005/1005/1005
f 1008/1008/1008 1006/1006/1006 1007/1007/1007
f 1011/1011/1011 1010/1010/1010 1009/1009/1009
f 1012/1012/1012 1010/1010/1010 1011/1011/1011
f 1015/1015/1015 1014/1014/1014 1013/1013/1013
f 1016/1016/1016 1014/1014/1014 1015/1015/1015
f 1019/1019/1019 1018/1018/1018 1017/1017/1017
f 1020/1020/1020 1018/1018/1018 1019/1019/1019
f 1023/1023/1023 1022/1022/1022 1021/1021/1021
f 1024/1024/1024 1022/1022/1022 1023/1023/1023
f 1027/1027/1027 1026/1026/1026 1025/1025/1025
f 1028/1028/1028 1026/1026/1026 1027/1027/1027
f 1031/1031/1031 1030/1030/1030 1029/1029/1029
f 1032/1032/1032 1030/1030/1030 1031/1031/1031
f 1035/1035/1035 1034/1034/1034 1033/1033/1033
f 1036/1036/1036 1034/1034/1034 1035/1035/1035
f 1039/1039/1039 1038/1038/1038 1037/1037/1037
f 1040/1040/1040 1038/1038/1038 1039/1039/1039
f 1043/1043/1043 1042/1042/1042 1041/1041/1041
f 1044/1044/1044 1042/1042/1042 1043/1043/1043
f 1047/1047/1047 1046/1046/1046 1045/1045/1045
f 1048/1048/1048 1046/1046/1046 1047/1047/1047
f 1051/1051/1051 1050/1050/1050 1049/1049/1049
f 1052/1052/1052 1050/1050/1050 1051/1051/1051
f 1055/1055/1055 1054/1054/1054 1053/1053/1053
f 1056/1056/1056 1054/1054/1054 1055/1055/1055
f 1059/1059/1059 1058/1058/1058 1057/1057/1057
f 1060/1060/1060 1058/1058/1058 1059/1059/1059
f 1063/1063/1063 1062/1062/1062 1061/1061/1061
f 1064/1064/1064 1062/1062/1062 1063/1063/1063
f 1067/1067/1067 1066/1066/1066 1065/1065/1065
f 1068/1068/1068 1066/1066/1066 1067/1067/1067
f 1071/1071/1071 1070/1070/1070 1069/1069/1069
f 1072/1072/1072 1070/1070/1070 1071/1071/1071
f 1075/1075/1075 1074/1074/1074 1073/1073/1073
f 1076/1076/1076 1074/1074/1074 1075/1075/1075
f 1079/1079/1079 1078/1078/1078 1077/1077/1077
f 1080/1080/1080 1078/1078/1078 1079/1079/1079
f 1083/1083/1083 1082/1082/1082 1081/1081/1081
f 1084/1084/1084 1082/1082/1082 1083/1083/1083
f 1087/1087/1087 1086/1086/1086 1085/1085/1085
f 1088/1088/1088 1086/1086/1086 1087/1087/1087
f 1091/1091/1091 1090/1090/1090 1089/1089/1089
f 1092/1092/1092 1090/1090/1090 1091/1091/1091
f 1095/1095/1095 1094/1094/1094 1093/1093/1093
f 1096/1096/1096 1094/1094/1094 1095/1095/1095
f 1099/1099/1099 1098/1098/1098 1097/1097/1097
f 1100/1100/1100 1098/1098/1098 1099/1099/1099
f 1101/1101/1101 1100/1100/1100 1099/1099/1099
f 1104/1104/1104 1103/1103/1103 1102/1102/1102
f 1105/1105/1105 1103/1103/1103 1104/1104/1104
f 1106/1106/1106 1105/1105/1105 1104/1104/1104
f 1104/1104/1104 1102/1102/1102 1107/1107/1107
f 1110/1110/1110 1109/1109/1109 1108/1108/1108
f 1111/1111/1111 1109/1109/1109 1110/1110/1110
f 1114/1114/1114 1113/1113/1113 1112/1112/1112
f 1115/1115/1115 1113/1113/1113 1114/1114/1114
f 1118/1118/1118 1117/1117/1117 1116/1116/1116
f 1119/1119/1119 1117/1117/1117 1118/1118/1118
f 1122/1122/1122 1121/1121/1121 1120/1120/1120
f 1123/1123/1123 1121/1121/1121 1122/1122/1122
f 1126/1126/1126 1125/1125/1125 1124/1124/1124
f 1127/1127/1127 1125/1125/1125 1126/1126/1126
f 1130/1130/1130 1129/1129/1129 1128/1128/1128
f 1130/1130/1130 1128/1128/1128 1131/1131/1131
f 1134/1134/1134 1133/1133/1133 1132/1132/1132
f 1135/1135/1135 1133/1133/1133 1134/1134/1134
f 1138/1138/1138 1137/1137/1137 1136/1136/1136
f 1139/1139/1139 1137/1137/1137 1138/1138/1138
f 1142/1142/1142 1141/1141/1141 1140/1140/1140
f 1143/1143/1143 1141/1141/1141 1142/1142/1142
f 1146/1146/1146 1145/1145/1145 1144/1144/1144
f 1147/1147/1147 1145/1145/1145 1146/1146/1146
f 1150/1150/1150 1149/1149/1149 1148/1148/1148
f 1151/1151/1151 1149/1149/1149 1150/1150/1150
f 1154/1154/1154 1153/1153/1153 1152/1152/1152
f 1155/1155/1155 1153/1153/1153 1154/1154/1154
f 1158/1158/1158 1157/1157/1157 1156/1156/1156
f 1159/1159/1159 1157/1157/1157 1158/1158/1158
f 1162/1162/1162 1161/1161/1161 1160/1160/1160
f 1163/1163/1163 1161/1161/1161 1162/1162/1162
f 1166/1166/1166 1165/1165/1165 1164/1164/1164
f 1167/1167/1167 1165/1165/1165 1166/1166/1166
f 1170/1170/1170 1169/1169/1169 1168/1168/1168
f 1171/1171/1171 1169/1169/1169 1170/1170/1170
f 1174/1174/1174 1173/1173/1173 1172/1172/1172
f 1175/1175/1175 1173/1173/1173 1174/1174/1174
f 1178/1178/1178 1177/1177/1177 1176/1176/1176
f 1179/1179/1179 1177/1177/1177 1178/1178/1178
f 1182/1182/1182 1181/1181/1181 1180/1180/1180
f 1183/1183/1183 1181/1181/1181 1182/1182/1182
f 1186/1186/1186 1185/1185/1185 1184/1184/1184
f 1187/1187/1187 1185/1185/1185 1186/1186/1186
f 1190/1190/1190 1189/1189/1189 1188/1188/1188
f 1191/1191/1191 1189/1189/1189 1190/1190/1190
f 1194/1194/1194 1193/1193/1193 1192/1192/1192
f 1195/1195/1195 1193/1193/1193 1194/1194/1194
f 1198/1198/1198 1197/1197/1197 1196/1196/1196
f 1199/1199/1199 1197/1197/1197 1198/1198/1198
f 1202/1202/1202 1201/1201/1201 1200/1200/1200
f 1203/1203/1203 1201/1201/1201 1202/1202/1202
f 1206/1206/1206 1205/1205/1205 1204/1204/1204
f 1207/1207/1207 1205/1205/1205 1206/1206/1206
f 1210/1210/1210 1209/1209/1209 1208/1208/1208
f 1211/1211/1211 1209/1209/1209 1210/1210/1210
f 1214/1214/1214 1213/1213/1213 1212/1212/1212
f 1215/1215/1215 1213/1213/1213 1214/1214/1214
f 1218/1218/1218 1217/1217/1217 1216/1216/1216
f 1219/1219/1219 1217/1217/1217 1218/1218/1218
f 1222/1222/1222 1221/1221/1221 1220/1220/1220
f 1223/1223/1223 1221/1221/1221 1222/1222/1222
f 1226/1226/1226 1225/1225/1225 1224/1224/1224
f 1227/1227/1227 1225/1225/1225 1226/1226/1226
f 1230/1230/1230 1229/1229/1229 1228/1228/1228
f 1231/1231/1231 1229/1229/1229 1230/1230/1230
f 1234/1234/1234 1233/1233/1233 1232/1232/1232
f 1235/1235/1235 1233/1233/1233 1234/1234/1234
f 1238/1238/1238 1237/1237/1237 1236/1236/1236
f 1239/1239/1239 1237/1237/1237 1238/1238/1238
f 1242/1242/1242 1241/1241/1241 1240/1240/1240
f 1243/1243/1243 1241/1241/1241 1242/1242/1242
f 1246/1246/1246 1245/1245/1245 1244/1244/1244
f 1247/1247/1247 1245/1245/1245 1246/1246/1246
f 1250/1250/1250 1249/1249/1249 1248/1248/1248
f 1251/1251/1251 1249/1249/1249 1250/1250/1250
f 1254/1254/1254 1253/1253/1253 1252/1252/1252
f 1255/1255/1255 1253/1253/1253 1254/1254/1254
f 1258/1258/1258 1257/1257/1257 1256/1256/1256
f 1259/1259/1259 1257/1257/1257 1258/1258/1258
f 1262/1262/1262 1261/1261/1261 1260/1260/1260
f 1263/1263/1263 1261/1261/1261 1262/1262/1262
f 1266/1266/1266 1265/1265/1265 1264/1264/1264
f 1267/1267/1267 1265/1265/1265 1266/1266/1266
