g DSJ_GTA_diLou_32
v -35.54185 -8.713226 24.59966
v -29.62497 -8.713226 24.27545
v -29.62497 -17.54803 24.27545
v -35.54185 -17.54803 24.43756
v 17.22382 -17.38593 21.19543
v 17.22382 -15.60275 19.97963
v 17.38593 -15.60275 21.19543
v 17.22382 -17.46698 19.97963
v 17.38593 -15.60275 21.19543
v 18.52067 -15.60275 19.89857
v 18.60173 -15.60275 22.24912
v 17.22382 -15.60275 19.97963
v 8.145855 -15.60275 22.57333
v 8.145855 -15.60275 21.51964
v 8.145855 -15.60275 22.57333
v 0.04052734 -15.60275 21.68175
v 8.145855 -15.60275 21.51964
v 0.04052734 -15.60275 22.73544
v 18.52067 -15.60275 19.89857
v 18.92594 -17.54803 22.73544
v 18.60173 -15.60275 22.24912
v 18.76383 -17.14277 19.89857
v 8.145855 -17.54803 23.05965
v 18.60173 -15.60275 22.24912
v 18.92594 -17.54803 22.73544
v 8.145855 -15.60275 22.57333
v 8.145855 -15.60275 22.57333
v 0.04052734 -17.54803 23.30281
v 0.04052734 -15.60275 22.73544
v 8.145855 -17.54803 23.05965
v 20.06068 -17.46698 22.65439
v 20.06068 -15.5217 18.03435
v 20.06068 -15.60275 22.65439
v 20.06068 -17.46698 18.03435
v 20.06068 -17.46698 18.03435
v 13.73853 -15.5217 18.11541
v 20.06068 -15.5217 18.03435
v 13.73853 -17.46698 18.11541
v 19.41226 -10.4964 18.35856
v 10.25324 -10.4964 22.57333
v 19.65542 -10.4964 22.33017
v 10.17219 -10.4964 18.68278
v 20.06068 -11.06377 18.03435
v 20.06068 -11.14482 22.65439
v 10.17219 -11.06377 18.35856
v 13.73853 -17.46698 18.11541
v 10.17219 -15.5217 18.35856
v 13.73853 -15.5217 18.11541
v 10.17219 -17.46698 18.35856
v 0.2836876 -17.46698 23.30281
v 0.2026329 -15.5217 18.60172
v 0.2026329 -17.46698 18.60172
v 0.2836876 -15.60275 23.30281
v 0.2026329 -17.46698 18.60172
v 6.524788 -15.5217 18.35856
v 6.524788 -17.46698 18.35856
v 0.2026329 -15.5217 18.60172
v 10.17219 -15.5217 18.35856
v 10.17219 -17.46698 18.35856
v 0.6079025 -10.4964 18.92594
v 10.25324 -10.4964 22.57333
v 10.17219 -10.4964 18.68278
v 0.6889534 -10.4964 22.81649
v 0.2026329 -11.06377 18.60172
v 0.2836876 -11.14482 23.30281
v 10.17219 -11.06377 18.35856
v 20.06068 -15.5217 18.03435
v 20.06068 -11.14482 22.65439
v 20.06068 -15.60275 22.65439
v 20.06068 -11.06377 18.03435
v 0.2836876 -15.60275 23.30281
v 0.2026329 -11.06377 18.60172
v 0.2026329 -15.5217 18.60172
v 0.2836876 -11.14482 23.30281
v 0.2026329 -15.60275 18.60172
v 9.685867 -15.60275 18.35856
v 9.685867 -15.60275 18.35856
v 0.121582 -15.60275 18.68278
v 9.685867 -15.44065 18.35856
v 0.121582 -15.44065 18.68278
v 0.2026329 -15.44065 18.60172
v 9.685867 -15.44065 18.35856
v 0.121582 -17.54803 18.92594
v 0.6079025 -10.4964 18.92594
v 0.6079025 -17.54803 18.92594
v 0.121582 -10.4964 18.92594
v 0.6079025 -17.54803 18.92594
v 0.6079025 -10.4964 18.35856
v 0.6079025 -17.54803 18.35856
v 0.6079025 -10.4964 18.92594
v 0.2026329 -17.46698 18.60172
v 7.092163 -17.46698 22.81649
v 0.2836876 -17.46698 23.05965
v 0.2026329 -17.46698 18.60172
v 20.22279 -17.46698 22.41123
v 7.092163 -17.46698 22.81649
v 0.2026329 -17.46698 18.60172
v 20.06068 -17.46698 18.03435
v 20.22279 -17.46698 22.41123
v 20.06068 -17.54803 22.41123
v 7.092163 -17.46698 22.81649
v 0.2836876 -17.54803 23.05965
v 0.2836876 -17.46698 23.05965
v 20.06068 -15.60275 18.03435
v 9.685867 -15.60275 18.35856
v 9.685867 -15.60275 18.35856
v 20.06068 -15.44065 18.03435
v 9.685867 -15.44065 18.35856
v 20.06068 -15.44065 18.03435
v 9.685867 -15.44065 18.35856
v 20.06068 -17.54803 18.35856
v 19.57437 -10.4964 18.35856
v 20.06068 -10.4964 18.35856
v 19.57437 -17.54803 18.35856
v 19.57437 -17.54803 18.35856
v 19.57437 -10.4964 17.79119
v 19.57437 -10.4964 18.35856
v 19.57437 -17.54803 17.79119
v 19.89858 -15.5217 18.03435
v 0.2026329 -11.06377 18.60172
v 19.89858 -11.06377 18.03435
v 0.2026329 -15.5217 18.60172
v 19.89858 -15.44065 17.79119
v 20.06068 -15.44065 22.73544
v 20.06068 -15.44065 22.73544
v 20.06068 -15.44065 17.79119
v 19.89858 -15.60275 17.79119
v 20.06068 -15.60275 22.73544
v 0.3647423 -15.44065 23.14071
v 0.121582 -15.44065 18.27751
v 0.2026329 -15.44065 18.27751
v 0.2026329 -15.44065 23.14071
v 0.3647423 -15.60275 23.14071
v 0.2026329 -15.60275 18.27751
v 13.00905 -14.71117 22.24912
v 13.00905 -14.95433 22.16807
v 13.00905 -14.95433 22.24912
v 13.00905 -14.71117 22.16807
v 12.60378 -14.71117 22.33017
v 13.00905 -14.95433 22.24912
v 12.60378 -14.95433 22.33017
v 13.00905 -14.71117 22.24912
v 12.60378 -14.71117 22.33017
v 13.00905 -14.71117 22.16807
v 13.00905 -14.71117 22.24912
v 12.60378 -14.71117 22.24912
v 12.60378 -14.71117 22.33017
v 12.60378 -14.95433 22.24912
v 12.60378 -14.71117 22.24912
v 12.60378 -14.95433 22.33017
v 12.76589 -14.87328 22.24912
v 12.84694 -15.11644 22.24912
v 12.76589 -15.11644 22.24912
v 12.84694 -14.87328 22.24912
v 13.00905 -15.44065 22.41123
v 13.00905 -15.60275 22.00596
v 13.00905 -15.60275 22.41123
v 13.00905 -15.44065 22.00596
v 13.00905 -15.60275 21.51964
v 13.00905 -15.44065 21.51964
v 13.00905 -15.44065 22.00596
v 13.00905 -15.44065 21.6007
v 13.00905 -15.19749 22.00596
v 13.00905 -15.27854 21.6007
v 13.00905 -15.44065 22.41123
v 13.00905 -15.11644 22.41123
v 13.00905 -15.11644 22.16807
v 13.00905 -15.03538 22.33017
v 13.00905 -15.44065 22.41123
v 12.11746 -15.44065 22.41123
v 13.00905 -15.44065 22.41123
v 12.11746 -15.44065 22.41123
v 13.00905 -15.44065 22.41123
v 12.03641 -15.44065 22.49228
v 13.00905 -15.60275 22.41123
v 12.03641 -15.60275 22.49228
v 13.00905 -15.44065 22.41123
v 12.11746 -15.11644 22.41123
v 13.00905 -15.11644 22.41123
v 12.11746 -15.44065 22.41123
v 12.11746 -15.03538 22.41123
v 13.00905 -15.03538 22.33017
v 12.03641 -15.44065 21.51964
v 13.00905 -15.44065 21.6007
v 12.11746 -15.44065 21.6007
v 13.00905 -15.44065 21.51964
v 12.11746 -15.03538 22.41123
v 13.00905 -15.11644 22.16807
v 13.00905 -15.03538 22.33017
v 12.11746 -15.11644 22.16807
v 13.00905 -15.19749 22.00596
v 12.11746 -15.19749 22.00596
v 13.00905 -15.27854 21.6007
v 12.11746 -15.27854 21.6007
v 12.03641 -15.44065 22.49228
v 12.03641 -15.60275 22.00596
v 12.03641 -15.44065 22.00596
v 12.03641 -15.60275 22.49228
v 12.03641 -15.60275 21.51964
v 12.03641 -15.44065 21.51964
v 12.11746 -15.44065 22.00596
v 12.11746 -15.44065 21.6007
v 12.11746 -15.44065 22.41123
v 12.11746 -15.19749 22.00596
v 12.11746 -15.44065 21.6007
v 12.11746 -15.27854 21.6007
v 12.11746 -15.44065 22.00596
v 12.11746 -15.11644 22.41123
v 12.11746 -15.44065 22.41123
v 12.11746 -15.11644 22.16807
v 12.11746 -15.03538 22.41123
v 8.470066 -15.60275 22.24912
v 7.659534 -15.60275 22.00596
v 8.470066 -15.60275 22.00596
v 7.659534 -15.60275 22.24912
v 8.470066 -15.60275 22.24912
v 7.659534 -15.60275 22.24912
v 8.470066 -15.60275 22.24912
v 7.659534 -15.60275 22.24912
v 8.470066 -15.60275 22.24912
v 8.470066 -15.60275 22.00596
v 8.470066 -15.60275 22.00596
v 8.470066 -15.60275 22.24912
v 7.659534 -15.60275 22.00596
v 7.659534 -15.60275 22.24912
v 7.659534 -15.60275 22.00596
v 7.659534 -15.60275 22.24912
v 8.470066 -15.44065 22.33017
v 7.740589 -15.5217 21.92491
v 8.551121 -15.44065 22.08701
v 7.659534 -15.5217 22.08701
v 8.470066 -15.60275 22.33017
v 7.659534 -15.5217 22.08701
v 8.470066 -15.44065 22.33017
v 7.659534 -15.60275 22.08701
v 8.470066 -15.60275 22.33017
v 8.551121 -15.44065 22.08701
v 8.551121 -15.60275 22.08701
v 8.470066 -15.44065 22.33017
v 7.740589 -15.5217 21.92491
v 7.659534 -15.60275 22.08701
v 7.740589 -15.60275 21.92491
v 7.659534 -15.5217 22.08701
v 2.877392 -12.03641 25.97757
v 17.79119 -12.03641 25.89651
v 17.79119 -12.03641 25.65336
v 2.877392 -12.03641 26.30178
v 2.877392 -7.011108 25.97757
v 17.79119 -7.011108 25.89651
v 2.877392 -7.011108 26.30178
v 17.79119 -7.011108 25.65336
v 2.877392 -12.03641 25.97757
v 2.877392 -7.011108 26.30178
v 2.877392 -12.03641 26.30178
v 2.877392 -7.011108 25.97757
v 3.363712 -11.55009 26.30178
v 17.22382 -7.497429 25.89651
v 17.22382 -11.55009 25.89651
v 3.363712 -7.497429 26.30178
v 17.79119 -12.03641 25.89651
v 17.79119 -7.011108 25.65336
v 17.79119 -12.03641 25.65336
v 17.79119 -7.011108 25.89651
v 17.79119 -12.03641 25.65336
v 2.877392 -7.011108 25.97757
v 2.877392 -12.03641 25.97757
v 17.79119 -7.011108 25.65336
v 2.877392 -12.03641 26.30178
v 17.22382 -11.55009 25.89651
v 17.79119 -12.03641 25.89651
v 3.363712 -11.55009 26.30178
v 17.79119 -12.03641 25.89651
v 17.22382 -7.497429 25.89651
v 17.79119 -7.011108 25.89651
v 17.22382 -11.55009 25.89651
v 17.79119 -7.011108 25.89651
v 3.363712 -7.497429 26.30178
v 2.877392 -7.011108 26.30178
v 17.22382 -7.497429 25.89651
v 2.877392 -7.011108 26.30178
v 3.363712 -11.55009 26.30178
v 2.877392 -12.03641 26.30178
v 3.363712 -7.497429 26.30178
v 20.3849 -11.38799 24.51862
v 20.70911 -11.38799 24.51862
v 20.70911 -11.38799 24.51862
v 20.3849 -11.38799 24.59966
v 20.3849 -7.659534 24.51862
v 20.70911 -7.659534 24.51862
v 20.3849 -7.659534 24.59966
v 20.70911 -7.659534 24.51862
v 20.70911 -11.38799 24.51862
v 20.70911 -7.659534 24.51862
v 20.70911 -7.659534 24.51862
v 20.70911 -11.38799 24.51862
v 20.70911 -11.38799 24.51862
v 20.3849 -7.659534 24.59966
v 20.70911 -7.659534 24.51862
v 20.3849 -11.38799 24.59966
v 20.3849 -11.38799 24.59966
v 20.3849 -7.659534 24.51862
v 20.3849 -7.659534 24.59966
v 20.3849 -11.38799 24.51862
v 20.70911 -7.902695 24.51862
v 17.71014 -7.902695 25.81547
v 17.71014 -7.902695 25.81547
v 20.70911 -7.902695 24.51862
v 20.62806 -7.902695 24.43756
v 17.71014 -7.902695 25.73441
v 20.62806 -7.902695 24.43756
v 17.71014 -7.902695 25.73441
v 20.70911 -7.902695 24.51862
v 17.71014 -7.902695 25.73441
v 20.62806 -7.902695 24.43756
v 17.71014 -7.902695 25.81547
v 17.71014 -7.902695 25.81547
v 20.62806 -7.902695 24.43756
v 17.71014 -7.902695 25.73441
v 20.70911 -7.902695 24.51862
v 20.70911 -10.90167 24.51862
v 17.71014 -10.98272 25.81547
v 17.71014 -10.90167 25.81547
v 20.70911 -10.98272 24.51862
v 20.62806 -10.90167 24.43756
v 17.71014 -10.98272 25.73441
v 20.62806 -10.98272 24.43756
v 17.71014 -10.90167 25.73441
v 20.70911 -10.90167 24.51862
v 17.71014 -10.90167 25.73441
v 20.62806 -10.90167 24.43756
v 17.71014 -10.90167 25.81547
v 17.71014 -10.98272 25.81547
v 20.62806 -10.98272 24.43756
v 17.71014 -10.98272 25.73441
v 20.70911 -10.98272 24.51862
v 0.2836876 -11.38799 25.08598
v 0.04052734 -11.38799 25.08598
v 0.2836876 -11.38799 25.08598
v 0.04052734 -11.38799 25.08598
v 0.2836876 -7.659534 25.08598
v 0.04052734 -7.659534 25.08598
v 0.04052734 -7.659534 25.08598
v 0.2836876 -7.659534 25.08598
v 0.04052734 -11.38799 25.08598
v 0.04052734 -7.659534 25.08598
v 0.04052734 -11.38799 25.08598
v 0.04052734 -7.659534 25.08598
v 0.04052734 -11.38799 25.08598
v 0.2836876 -7.659534 25.08598
v 0.2836876 -11.38799 25.08598
v 0.04052734 -7.659534 25.08598
v 0.2836876 -11.38799 25.08598
v 0.2836876 -7.659534 25.08598
v 0.2836876 -11.38799 25.08598
v 0.2836876 -7.659534 25.08598
v 0.04052734 -7.902695 25.08598
v 2.958447 -7.902695 26.13968
v 0.04052734 -7.902695 25.08598
v 2.958447 -7.902695 26.13968
v 0.04052734 -7.902695 25.00493
v 2.958447 -7.902695 26.05862
v 2.958447 -7.902695 26.05862
v 0.04052734 -7.902695 25.00493
v 0.04052734 -7.902695 25.08598
v 2.958447 -7.902695 26.05862
v 2.958447 -7.902695 26.13968
v 0.04052734 -7.902695 25.00493
v 2.958447 -7.902695 26.13968
v 0.04052734 -7.902695 25.00493
v 0.04052734 -7.902695 25.08598
v 2.958447 -7.902695 26.05862
v 0.04052734 -10.90167 25.08598
v 2.958447 -10.98272 26.13968
v 0.04052734 -10.98272 25.08598
v 2.958447 -10.90167 26.13968
v 0.04052734 -10.90167 25.00493
v 2.958447 -10.98272 26.05862
v 2.958447 -10.90167 26.05862
v 0.04052734 -10.98272 25.00493
v 0.04052734 -10.90167 25.08598
v 2.958447 -10.90167 26.05862
v 2.958447 -10.90167 26.13968
v 0.04052734 -10.90167 25.00493
v 2.958447 -10.98272 26.13968
v 0.04052734 -10.98272 25.00493
v 0.04052734 -10.98272 25.08598
v 2.958447 -10.98272 26.05862
v -15.35959 -8.632175 27.76074
v -31.08393 -9.76692 28.08495
v -15.35959 -9.76692 27.76074
v -31.08393 -8.632175 28.08495
v -15.44065 -7.092163 26.05862
v -31.08393 -8.632175 28.08495
v -15.35959 -8.632175 27.76074
v -31.08393 -7.092163 26.46389
v -15.44065 -7.173214 24.68072
v -31.08393 -7.092163 26.46389
v -15.44065 -7.092163 26.05862
v -31.16498 -7.173214 25.16704
v -25.32915 -9.929026 25.00493
v -22.33017 -14.06274 25.4102
v -25.32915 -14.06274 25.00493
v -22.33017 -9.929026 25.4102
v -22.33017 -17.54803 25.4102
v -25.32915 -14.46801 25.00493
v -22.33017 -14.46801 25.4102
v -25.32915 -17.54803 25.00493
v -35.78502 -13.73853 14.54906
v -35.78502 -17.54803 13.98169
v -35.78502 -13.73853 13.98169
v -35.78502 -17.54803 14.54906
v -35.86607 -17.54803 11.55009
v -35.86607 -13.73853 11.55009
v -35.86607 -8.713226 11.46904
v -29.94918 -17.54803 11.30693
v -35.86607 -17.54803 11.46904
v -29.94918 -8.713226 11.30693
v -29.54391 -17.54803 24.35651
v -29.94918 -8.713226 11.30693
v -29.54391 -8.713226 24.35651
v -29.94918 -17.54803 11.30693
v -35.54185 -17.54803 24.51862
v -29.94918 -17.54803 11.30693
v -29.54391 -17.54803 24.35651
v -35.86607 -17.54803 11.46904
v -32.05656 -8.713226 16.33223
v -31.40814 -10.98272 20.30384
v -31.57024 -10.98272 16.33223
v -31.89446 -8.713226 20.30384
v -32.13762 -8.713226 12.52273
v -31.6513 -10.98272 12.44168
v -35.4608 -13.49537 24.84283
v -34.40711 -13.49537 11.38798
v -34.00185 -13.49537 24.76177
v -35.86607 -13.49537 11.46904
v -35.78502 -17.54803 14.54906
v -35.4608 -13.73853 24.84283
v -35.4608 -17.54803 24.84283
v -35.78502 -13.73853 14.54906
v -35.4608 -13.49537 24.84283
v -35.86607 -13.73853 11.46904
v -35.86607 -13.49537 11.46904
v -35.78502 -13.73853 14.54906
v -35.4608 -13.73853 24.84283
v -34.65027 -13.25221 19.41226
v -34.89343 -13.49537 19.49331
v -34.89343 -13.25221 19.49331
v -34.65027 -13.49537 19.41226
v -34.81238 -13.25221 19.1691
v -34.89343 -13.25221 19.49331
v -34.97449 -13.25221 19.3312
v -34.65027 -13.25221 19.41226
v -34.81238 -13.49537 19.1691
v -34.97449 -13.25221 19.3312
v -34.97449 -13.49537 19.3312
v -34.81238 -13.25221 19.1691
v -34.81238 -13.25221 19.1691
v -34.65027 -13.49537 19.41226
v -34.65027 -13.25221 19.41226
v -34.81238 -13.49537 19.1691
v -34.89343 -13.25221 19.49331
v -34.97449 -13.49537 19.3312
v -34.97449 -13.25221 19.3312
v -34.89343 -13.49537 19.49331
v -34.97449 -13.25221 19.81752
v -35.05553 -13.49537 19.65541
v -35.05553 -13.25221 19.65541
v -34.97449 -13.49537 19.81752
v -34.81238 -13.25221 19.65541
v -35.05553 -13.25221 19.65541
v -34.97449 -13.25221 19.49331
v -34.97449 -13.25221 19.81752
v -34.81238 -13.49537 19.65541
v -34.97449 -13.25221 19.49331
v -34.97449 -13.49537 19.49331
v -34.81238 -13.25221 19.65541
v -34.81238 -13.25221 19.65541
v -34.97449 -13.49537 19.81752
v -34.97449 -13.25221 19.81752
v -34.81238 -13.49537 19.65541
v -35.05553 -13.25221 19.65541
v -34.97449 -13.49537 19.49331
v -34.97449 -13.25221 19.49331
v -35.05553 -13.49537 19.65541
v -37.48714 -15.19749 13.0901
v -37.32503 -16.17013 11.7122
v -37.32503 -15.19749 11.7122
v -37.48714 -16.17013 13.0901
v -36.19028 -15.19749 13.25221
v -37.32503 -15.19749 11.7122
v -36.02818 -15.19749 11.8743
v -37.48714 -15.19749 13.0901
v -36.19028 -16.17013 13.25221
v -36.02818 -15.19749 11.8743
v -36.02818 -16.17013 11.8743
v -36.19028 -15.19749 13.25221
v -36.19028 -15.19749 13.25221
v -37.48714 -16.17013 13.0901
v -37.48714 -15.19749 13.0901
v -36.19028 -16.17013 13.25221
v -37.32503 -15.19749 11.7122
v -36.02818 -16.17013 11.8743
v -36.02818 -15.19749 11.8743
v -37.32503 -16.17013 11.7122
v -36.67661 -16.17013 14.06274
v -37.32503 -17.54803 12.76589
v -37.32503 -16.17013 12.76589
v -36.67661 -17.54803 14.06274
v -35.62291 -16.17013 13.41431
v -37.32503 -16.17013 12.76589
v -36.27134 -16.17013 12.11746
v -36.67661 -16.17013 14.06274
v -35.62291 -17.54803 13.41431
v -36.27134 -16.17013 12.11746
v -36.27134 -17.54803 12.11746
v -35.62291 -16.17013 13.41431
v -35.62291 -16.17013 13.41431
v -36.67661 -17.54803 14.06274
v -36.67661 -16.17013 14.06274
v -35.62291 -17.54803 13.41431
v -37.32503 -16.17013 12.76589
v -36.27134 -17.54803 12.11746
v -36.27134 -16.17013 12.11746
v -37.32503 -17.54803 12.76589
v -37.73029 -16.41329 11.30693
v -36.59555 -17.54803 10.82061
v -36.59555 -16.41329 10.82061
v -37.73029 -17.54803 11.30693
v -37.16293 -16.41329 12.36062
v -36.59555 -16.41329 10.82061
v -36.19028 -16.41329 11.8743
v -37.73029 -16.41329 11.30693
v -37.16293 -17.54803 12.36062
v -36.19028 -16.41329 11.8743
v -36.19028 -17.54803 11.8743
v -37.16293 -16.41329 12.36062
v -37.16293 -16.41329 12.36062
v -37.73029 -17.54803 11.30693
v -37.73029 -16.41329 11.30693
v -37.16293 -17.54803 12.36062
v -36.10923 -13.81958 22.33017
v -36.5145 -16.17013 22.33017
v -36.02818 -13.90064 22.41123
v -36.59555 -16.08908 22.33017
v -36.02818 -13.90064 22.41123
v -36.27134 -13.81958 24.59966
v -36.19028 -13.90064 24.68072
v -36.75765 -16.08908 24.59966
v -36.19028 -13.90064 24.68072
v -36.67661 -16.17013 24.59966
v -36.27134 -13.81958 24.59966
v -36.27134 -13.81958 24.59966
v -36.59555 -16.08908 22.33017
v -36.10923 -13.81958 22.33017
v -36.75765 -16.08908 24.59966
v -36.02818 -14.1438 23.70808
v -36.67661 -17.54803 22.81649
v -36.02818 -14.06274 23.46492
v -36.67661 -17.54803 23.05965
v -36.02818 -14.1438 23.62703
v -36.75765 -17.54803 23.95124
v -36.02818 -14.1438 23.46492
v -36.83871 -17.54803 24.11335
v -36.10923 -13.98169 23.62703
v -35.62291 -17.54803 23.46492
v -36.10923 -13.98169 23.46492
v -35.62291 -17.54803 23.70808
v -36.67661 -16.7375 23.95124
v -36.5145 -16.57539 23.05965
v -36.67661 -16.57539 23.95124
v -36.59555 -16.7375 23.05965
v -34.97449 -13.33326 20.30384
v -35.05553 -13.49537 20.14174
v -35.05553 -13.33326 20.14174
v -34.97449 -13.49537 20.30384
v -34.56922 -13.33326 19.97963
v -35.05553 -13.33326 20.14174
v -34.65027 -13.33326 19.81752
v -34.97449 -13.33326 20.30384
v -35.05553 -13.33326 20.14174
v -34.65027 -13.49537 19.81752
v -34.65027 -13.33326 19.81752
v -35.05553 -13.49537 20.14174
v -34.65027 -13.33326 20.46595
v -34.97449 -13.49537 20.30384
v -34.97449 -13.33326 20.30384
v -34.65027 -13.49537 20.46595
v -34.65027 -13.33326 20.46595
v -34.56922 -13.33326 19.97963
v -34.40711 -13.33326 20.14174
v -34.97449 -13.33326 20.30384
v -24.0323 -12.11746 19.81752
v -26.86916 -9.685867 20.62806
v -24.0323 -9.685867 20.547
v -26.86916 -12.11746 19.89857
v -24.0323 -12.11746 19.81752
v -21.92491 -9.685867 20.46595
v -22.00596 -12.11746 19.73647
v -24.0323 -9.685867 20.547
v -16.49434 -14.71117 23.30281
v -22.00596 -17.54803 23.46492
v -22.00596 -14.71117 23.46492
v -16.49434 -17.54803 23.30281
v -16.49434 -14.46801 22.00596
v -22.00596 -14.46801 23.46492
v -22.00596 -14.46801 22.16807
v -16.49434 -14.46801 23.30281
v -22.00596 -14.71117 23.46492
v -22.00596 -17.54803 22.16807
v -22.00596 -14.71117 22.16807
v -22.00596 -17.54803 23.46492
v -16.49434 -14.46801 23.30281
v -22.00596 -14.71117 23.46492
v -22.00596 -14.46801 23.46492
v -16.49434 -14.71117 23.30281
v -22.00596 -14.46801 23.46492
v -22.00596 -14.71117 22.16807
v -22.00596 -14.46801 22.16807
v -22.00596 -14.71117 23.46492
v -17.30487 -14.06274 23.05965
v -17.62909 -14.46801 22.89754
v -17.62909 -14.06274 22.89754
v -17.30487 -14.46801 23.05965
v -17.14277 -14.06274 22.89754
v -17.62909 -14.06274 22.89754
v -17.38593 -14.06274 22.73544
v -17.30487 -14.06274 23.05965
v -17.14277 -14.46801 22.89754
v -17.38593 -14.06274 22.73544
v -17.38593 -14.46801 22.73544
v -17.14277 -14.06274 22.89754
v -17.14277 -14.06274 22.89754
v -17.30487 -14.46801 23.05965
v -17.30487 -14.06274 23.05965
v -17.14277 -14.46801 22.89754
v -17.62909 -14.06274 22.89754
v -17.38593 -14.46801 22.73544
v -17.38593 -14.06274 22.73544
v -17.62909 -14.46801 22.89754
v -17.06171 -14.06274 22.65439
v -17.30487 -14.46801 22.73544
v -17.30487 -14.06274 22.73544
v -17.06171 -14.46801 22.65439
v -17.14277 -14.06274 22.41123
v -17.30487 -14.06274 22.73544
v -17.38593 -14.06274 22.57333
v -17.06171 -14.06274 22.65439
v -17.14277 -14.46801 22.41123
v -17.38593 -14.06274 22.57333
v -17.38593 -14.46801 22.57333
v -17.14277 -14.06274 22.41123
v -17.14277 -14.06274 22.41123
v -17.06171 -14.46801 22.65439
v -17.06171 -14.06274 22.65439
v -17.14277 -14.46801 22.41123
v -17.30487 -14.06274 22.73544
v -17.38593 -14.46801 22.57333
v -17.38593 -14.06274 22.57333
v -17.30487 -14.46801 22.73544
v -18.27751 -13.57642 19.25015
v -18.27751 -12.11746 19.65541
v -16.17012 -12.11746 19.57436
v -16.17012 -17.54803 18.11541
v -18.27751 -17.54803 18.27751
v -26.86916 -17.54803 18.43962
v -29.62497 -12.11746 19.97963
v -26.86916 -12.11746 19.89857
v -29.70602 -17.54803 18.60172
v -24.0323 -12.11746 19.81752
v -26.86916 -17.54803 18.43962
v -26.86916 -12.11746 19.89857
v -26.86916 -17.54803 18.43962
v -24.0323 -12.11746 19.81752
v -24.11335 -17.54803 18.35856
v -22.00596 -12.11746 19.73647
v -24.0323 -13.57642 19.41226
v -24.0323 -12.11746 19.81752
v -24.0323 -13.57642 19.41226
v -22.00596 -12.11746 19.73647
v -22.00596 -13.57642 19.41226
v -18.27751 -13.57642 19.25015
v -20.22279 -12.11746 19.65541
v -18.27751 -12.11746 19.65541
v -22.00596 -13.57642 19.41226
v -22.00596 -12.11746 19.73647
v -24.11335 -17.54803 18.35856
v -24.0323 -12.11746 19.81752
v -24.0323 -13.57642 19.41226
v -22.00596 -13.57642 19.41226
v -24.11335 -17.54803 18.35856
v -24.0323 -13.57642 19.41226
v -24.11335 -17.54803 18.35856
v -22.00596 -13.57642 19.41226
v -22.00596 -17.54803 18.35856
v -22.00596 -17.54803 18.35856
v -18.27751 -13.57642 19.25015
v -18.27751 -17.54803 18.27751
v -22.00596 -13.57642 19.41226
v -29.62497 -12.11746 19.97963
v -26.86916 -9.685867 20.62806
v -26.86916 -12.11746 19.89857
v -29.62497 -9.685867 20.70911
v -22.00596 -12.11746 19.73647
v -21.92491 -9.685867 20.46595
v -22.00596 -9.685867 19.73647
v -21.92491 -6.930054 19.73647
v -21.92491 -6.930054 21.19543
v -18.27751 -9.685867 19.65541
v -20.22279 -12.11746 19.65541
v -20.22279 -9.685867 19.65541
v -18.27751 -12.11746 19.65541
v -15.5217 -17.54803 24.84283
v -31.24603 -17.54803 18.03435
v -15.76486 -17.54803 17.62909
v -31.08393 -17.54803 25.24809
v -16.98066 -14.87328 23.78913
v -17.62909 -15.44065 24.1944
v -17.62909 -14.87328 24.1944
v -16.98066 -15.44065 23.78913
v -17.30487 -14.87328 23.38387
v -17.62909 -14.87328 24.1944
v -17.79119 -14.87328 23.62703
v -16.98066 -14.87328 23.78913
v -17.62909 -14.87328 24.1944
v -17.79119 -15.44065 23.62703
v -17.79119 -14.87328 23.62703
v -17.62909 -15.44065 24.1944
v -16.57539 -16.41329 24.68072
v -17.71014 -17.54803 24.59966
v -17.71014 -16.41329 24.59966
v -16.57539 -17.54803 24.68072
v -16.49434 -16.41329 23.46492
v -17.71014 -16.41329 24.59966
v -17.62909 -16.41329 23.46492
v -16.57539 -16.41329 24.68072
v -16.49434 -16.41329 23.46492
v -16.57539 -17.54803 24.68072
v -16.57539 -16.41329 24.68072
v -16.49434 -17.54803 23.46492
v -17.71014 -16.41329 24.59966
v -17.62909 -17.54803 23.46492
v -17.62909 -16.41329 23.46492
v -17.71014 -17.54803 24.59966
v -16.57539 -15.11644 24.59966
v -17.30487 -15.44065 24.59966
v -17.30487 -15.11644 24.59966
v -16.57539 -15.44065 24.59966
v -16.57539 -15.11644 23.95124
v -17.30487 -15.11644 24.59966
v -17.30487 -15.11644 23.95124
v -16.57539 -15.11644 24.59966
v -16.57539 -15.11644 23.95124
v -16.57539 -15.44065 24.59966
v -16.57539 -15.11644 24.59966
v -16.57539 -15.44065 23.95124
v -17.30487 -15.11644 24.59966
v -17.30487 -15.44065 23.95124
v -17.30487 -15.11644 23.95124
v -17.30487 -15.44065 24.59966
v -24.51862 -12.76589 25.16704
v -24.43756 -11.7122 25.24809
v -22.89754 -11.7122 25.4102
v -23.05965 -12.84694 25.49125
v -16.49434 -13.49537 23.46492
v -16.57539 -15.44065 24.0323
v -16.49434 -13.49537 23.78913
v -16.57539 -15.44065 23.46492
v -16.8996 -13.49537 23.46492
v -16.49434 -13.49537 23.78913
v -16.8996 -13.41432 23.78913
v -16.49434 -13.49537 23.46492
v -16.98066 -15.44065 23.46492
v -16.8996 -13.41432 23.78913
v -16.98066 -15.44065 24.0323
v -16.8996 -13.49537 23.46492
v -16.49434 -13.49537 23.78913
v -16.98066 -15.44065 24.0323
v -16.8996 -13.41432 23.78913
v -16.57539 -15.44065 24.0323
v -21.11438 -14.06274 23.05965
v -21.51964 -14.46801 22.49228
v -21.51964 -14.06274 22.49228
v -21.11438 -14.46801 23.05965
v -20.70911 -14.06274 22.57333
v -21.51964 -14.06274 22.49228
v -21.11438 -14.06274 22.08701
v -21.11438 -14.06274 23.05965
v -20.70911 -14.46801 22.57333
v -21.11438 -14.06274 22.08701
v -21.11438 -14.46801 22.08701
v -20.70911 -14.06274 22.57333
v -20.70911 -14.06274 22.57333
v -21.11438 -14.46801 23.05965
v -21.11438 -14.06274 23.05965
v -20.70911 -14.46801 22.57333
v -21.51964 -14.06274 22.49228
v -21.11438 -14.46801 22.08701
v -21.11438 -14.06274 22.08701
v -21.51964 -14.46801 22.49228
v -16.81855 -17.54803 23.30281
v -16.25118 -8.22691 23.30281
v -16.25118 -17.54803 23.30281
v -16.49434 -8.22691 23.30281
v -17.30487 -17.54803 23.30281
v -16.7375 -8.22691 23.46492
v -17.06171 -17.54803 23.46492
v -16.81855 -8.22691 23.30281
v -17.06171 -17.54803 23.46492
v -16.49434 -8.22691 23.30281
v -16.81855 -17.54803 23.30281
v -16.7375 -8.22691 23.46492
v -21.43859 -14.22485 23.05965
v -21.35754 -14.46801 23.30281
v -21.35754 -14.22485 23.30281
v -21.43859 -14.46801 23.05965
v -21.6007 -14.22485 23.05965
v -21.35754 -14.22485 23.30281
v -21.51964 -14.22485 23.30281
v -21.43859 -14.22485 23.05965
v -21.6007 -14.46801 23.05965
v -21.51964 -14.22485 23.30281
v -21.51964 -14.46801 23.30281
v -21.6007 -14.22485 23.05965
v -21.6007 -14.22485 23.05965
v -21.43859 -14.46801 23.05965
v -21.43859 -14.22485 23.05965
v -21.6007 -14.46801 23.05965
v -21.35754 -14.22485 23.30281
v -21.51964 -14.46801 23.30281
v -21.51964 -14.22485 23.30281
v -21.35754 -14.46801 23.30281
v -21.92491 -8.22691 24.92388
v -25.73441 -9.52376 25.00493
v -25.73441 -8.22691 25.00493
v -21.92491 -9.52376 24.92388
v -25.73441 -8.22691 25.00493
v -30.4355 -9.52376 25.16704
v -30.4355 -8.22691 25.16704
v -25.73441 -9.52376 25.00493
v -25.73441 -9.929026 25.00493
v -25.73441 -9.52376 25.00493
v -25.32915 -9.929026 25.00493
v -21.92491 -9.52376 24.92388
v -22.24912 -9.929026 24.92388
v -25.32915 -17.54803 25.00493
v -25.73441 -14.46801 25.00493
v -25.32915 -14.46801 25.00493
v -25.73441 -17.54803 25.00493
v -25.32915 -14.06274 25.00493
v -25.73441 -14.06274 25.00493
v -25.73441 -9.52376 25.00493
v -30.03024 -9.929026 25.16704
v -30.4355 -9.52376 25.16704
v -25.73441 -9.929026 25.00493
v -25.73441 -14.06274 25.00493
v -30.4355 -14.46801 25.16704
v -30.03024 -14.06274 25.16704
v -25.73441 -14.46801 25.00493
v -25.32915 -17.54803 25.00493
v -25.73441 -17.54803 25.00493
v -25.32915 -17.54803 25.00493
v -30.03024 -9.929026 25.16704
v -30.4355 -14.46801 25.16704
v -30.4355 -9.52376 25.16704
v -30.03024 -14.06274 25.16704
v -25.32915 -9.929026 25.00493
v -25.73441 -14.06274 25.00493
v -25.73441 -9.929026 25.00493
v -25.32915 -14.06274 25.00493
v -21.92491 -9.52376 24.92388
v -22.24912 -17.54803 24.92388
v -22.24912 -9.929026 24.92388
v -21.92491 -17.54803 24.92388
v -21.7628 -7.983749 24.92388
v -21.92491 -17.54803 24.92388
v -21.92491 -7.983749 24.92388
v -21.7628 -17.54803 24.92388
v -21.7628 -17.54803 23.46492
v -21.7628 -7.983749 24.92388
v -21.7628 -7.983749 23.46492
v -21.7628 -17.54803 24.92388
v -25.73441 -14.46801 25.00493
v -30.4355 -14.71117 25.16704
v -30.4355 -14.46801 25.16704
v -25.73441 -14.71117 25.00493
v -25.73441 -14.71117 25.00493
v -30.4355 -17.54803 25.16704
v -30.4355 -14.71117 25.16704
v -25.73441 -17.54803 25.00493
v -21.92491 -7.983749 23.46492
v -21.92491 -17.54803 24.92388
v -21.92491 -17.54803 23.46492
v -21.92491 -7.983749 24.92388
v -22.33017 -14.06274 25.4102
v -25.32915 -14.46801 25.00493
v -25.32915 -14.06274 25.00493
v -22.33017 -14.46801 25.4102
v -22.16807 -17.14277 25.4102
v -22.57333 -17.54803 25.24809
v -22.57333 -17.14277 25.24809
v -22.16807 -17.54803 25.4102
v -22.00596 -17.14277 25.08598
v -22.57333 -17.14277 25.24809
v -22.41123 -17.14277 24.84283
v -22.16807 -17.14277 25.4102
v -22.00596 -17.54803 25.08598
v -22.41123 -17.14277 24.84283
v -22.41123 -17.54803 24.84283
v -22.00596 -17.14277 25.08598
v -22.00596 -17.14277 25.08598
v -22.16807 -17.54803 25.4102
v -22.16807 -17.14277 25.4102
v -22.00596 -17.54803 25.08598
v -22.57333 -17.14277 25.24809
v -22.41123 -17.54803 24.84283
v -22.41123 -17.14277 24.84283
v -22.57333 -17.54803 25.24809
v -16.41328 -15.44065 24.51862
v -17.62909 -16.41329 24.76177
v -17.62909 -15.44065 24.76177
v -16.41328 -16.41329 24.51862
v -16.65644 -15.44065 23.38387
v -17.62909 -15.44065 24.76177
v -17.79119 -15.44065 23.62703
v -16.41328 -15.44065 24.51862
v -16.65644 -15.44065 23.38387
v -16.41328 -16.41329 24.51862
v -16.41328 -15.44065 24.51862
v -16.65644 -16.41329 23.38387
v -17.62909 -15.44065 24.76177
v -17.79119 -16.41329 23.62703
v -17.79119 -15.44065 23.62703
v -17.62909 -16.41329 24.76177
v -15.35959 -8.632175 27.76074
v -31.08393 -9.76692 28.16601
v -31.08393 -8.632175 28.16601
v -15.35959 -9.76692 27.76074
v -15.44065 -7.092163 26.05862
v -31.08393 -8.632175 28.16601
v -31.08393 -7.092163 26.46389
v -15.35959 -8.632175 27.76074
v -15.44065 -7.092163 24.68072
v -31.08393 -7.092163 26.46389
v -31.16498 -7.092163 25.16704
v -15.44065 -7.092163 26.05862
v -16.17012 -17.54803 23.78913
v -16.33223 -6.930054 17.79119
v -16.17012 -6.930054 23.78913
v -16.33223 -17.54803 17.79119
v -30.92182 -17.54803 13.25221
v -30.75971 -17.54803 24.11335
v -31.08393 -17.54803 19.1691
v -30.75971 -6.930054 19.08804
v -16.33223 -6.930054 17.79119
v -30.92182 -6.930054 13.25221
v -16.17012 -6.930054 23.78913
v -24.0323 -6.930054 21.27648
v -26.86916 -9.685867 20.62806
v -26.7881 -6.930054 21.35754
v -24.0323 -9.685867 20.547
v -21.92491 -6.930054 21.19543
v -24.0323 -9.685867 20.547
v -24.0323 -6.930054 21.27648
v -21.92491 -9.685867 20.46595
v -18.27751 -6.930054 19.65541
v -20.22279 -9.685867 19.65541
v -20.22279 -6.930054 19.65541
v -18.27751 -9.685867 19.65541
v -16.17012 -6.930054 19.57436
v -18.27751 -9.685867 19.65541
v -18.27751 -6.930054 19.65541
v -16.17012 -9.685867 19.57436
v -26.86916 -9.685867 20.62806
v -30.92182 -6.930054 21.43859
v -26.7881 -6.930054 21.35754
v -29.62497 -9.685867 20.70911
v -20.22279 -9.685867 19.65541
v -22.00596 -12.11746 19.73647
v -22.00596 -9.685867 19.73647
v -20.22279 -12.11746 19.65541
v -20.22279 -9.685867 19.65541
v -21.92491 -6.930054 19.73647
v -20.22279 -6.930054 19.65541
v -22.00596 -9.685867 19.73647
v -16.17012 -9.685867 19.57436
v -18.27751 -12.11746 19.65541
v -18.27751 -9.685867 19.65541
v -16.17012 -12.11746 19.57436
v -17.71014 -1.175274 29.38181
v -27.8418 -6.119522 29.70602
v -27.8418 -1.175274 29.70602
v -17.71014 -6.119522 29.38181
v -17.71014 -6.119522 29.13865
v -27.8418 -6.119522 29.70602
v -17.71014 -6.119522 29.38181
v -27.8418 -6.119522 29.38181
v -17.71014 -1.175274 29.13865
v -17.71014 -6.119522 29.38181
v -17.71014 -1.175274 29.38181
v -17.71014 -6.119522 29.13865
v -27.8418 -1.175274 29.38181
v -27.8418 -1.175274 29.70602
v -27.8418 -6.119522 29.38181
v -27.8418 -6.119522 29.70602
v -38.94609 -9.76692 24.11335
v -39.18925 -10.73956 12.44168
v -38.94609 -10.73956 24.11335
v -39.18925 -9.76692 12.44168
v -37.24397 -8.145855 24.0323
v -39.18925 -9.76692 12.44168
v -38.94609 -9.76692 24.11335
v -37.56819 -8.145855 12.36062
v -34.40711 -8.145855 23.95124
v -37.56819 -8.145855 12.36062
v -37.24397 -8.145855 24.0323
v -34.81238 -8.145855 12.27957
v -39.02715 -9.76692 24.11335
v -39.35136 -10.73956 12.44168
v -39.35136 -9.76692 12.44168
v -39.02715 -10.73956 24.11335
v -37.24397 -8.0648 24.0323
v -39.35136 -9.76692 12.44168
v -37.56819 -8.0648 12.36062
v -39.02715 -9.76692 24.11335
v -34.40711 -8.0648 23.95124
v -37.56819 -8.0648 12.36062
v -34.81238 -8.0648 12.27957
v -37.24397 -8.0648 24.0323
v -35.54185 -8.713226 24.68072
v -29.54391 -17.54803 24.35651
v -29.54391 -8.713226 24.35651
v -35.54185 -17.54803 24.51862
v -29.54391 -8.713226 24.35651
v -35.86607 -8.713226 11.46904
v -35.54185 -8.713226 24.68072
v -29.94918 -8.713226 11.30693
v -38.54082 -17.54803 -2.06686
v -38.94609 -10.73956 -13.33326
v -38.54082 -10.73956 -2.06686
v -38.94609 -17.54803 -13.33326
v -38.21661 -17.54803 8.389011
v -38.21661 -10.73956 8.389011
v -40.81032 -10.73956 -1.985806
v -38.94609 -10.73956 -13.33326
v -41.13453 -10.73956 -13.25221
v -38.54082 -10.73956 -2.06686
v -38.21661 -10.73956 8.389011
v -40.48611 -10.73956 10.57745
v -41.13453 -8.145855 -13.25221
v -40.81032 -10.73956 -1.985806
v -41.13453 -10.73956 -13.25221
v -40.81032 -8.145855 -1.985806
v -40.324 -8.145855 -6.200577
v -40.81032 -8.145855 -1.985806
v -41.13453 -8.145855 -13.25221
v -40.81032 -10.73956 -1.985806
v -40.48611 -8.22691 10.57745
v -40.48611 -10.73956 10.57745
v -40.81032 -8.145855 -1.985806
v -40.81032 -8.145855 -1.985806
v -39.83768 -8.145855 9.199543
v -40.48611 -8.22691 10.57745
v -39.83768 -8.145855 9.199543
v -40.81032 -8.145855 -1.985806
v -40.324 -8.145855 -6.200577
v -38.21661 -17.54803 8.389011
v -33.75868 -10.73956 8.307961
v -33.75868 -17.54803 8.307961
v -38.21661 -10.73956 8.389011
v -38.94609 -17.54803 -13.33326
v -39.18925 -10.73956 -24.92388
v -38.94609 -10.73956 -13.33326
v -39.18925 -17.54803 -24.92388
v -41.13453 -10.73956 -13.25221
v -39.18925 -10.73956 -24.92388
v -41.37769 -10.73956 -24.92388
v -39.18925 -10.73956 -24.92388
v -41.13453 -10.73956 -13.25221
v -38.94609 -10.73956 -13.33326
v -41.37769 -8.145855 -24.92388
v -41.13453 -10.73956 -13.25221
v -41.37769 -10.73956 -24.92388
v -41.13453 -8.145855 -13.25221
v -40.324 -8.145855 -6.200577
v -41.37769 -8.145855 -24.92388
v -40.81032 -8.145855 -24.92388
v -41.13453 -8.145855 -13.25221
v -40.48611 -8.22691 10.57745
v -36.02818 -10.73956 10.41534
v -40.48611 -10.73956 10.57745
v -36.02818 -8.145855 10.41534
v -36.02818 -10.73956 10.41534
v -38.21661 -10.73956 8.389011
v -40.48611 -10.73956 10.57745
v -33.75868 -10.73956 8.307961
v -39.83768 -8.145855 9.199543
v -36.02818 -8.145855 10.41534
v -40.48611 -8.22691 10.57745
v -35.4608 -8.145855 9.037437
v -33.59658 -17.54803 11.38798
v -33.75868 -12.52273 9.685863
v -33.59658 -10.73956 11.38798
v -33.75868 -17.54803 9.685863
v -33.75868 -10.73956 8.307961
v -33.75868 -17.54803 8.307961
v -33.75868 -17.54803 9.685863
v -35.86607 -10.73956 15.76486
v -33.75868 -10.73956 8.307961
v -36.02818 -10.73956 10.41534
v -33.59658 -10.73956 11.38798
v -33.35342 -10.73956 24.1944
v -35.54185 -10.73956 26.38284
v -36.02818 -8.145855 10.41534
v -35.86607 -10.73956 15.76486
v -36.02818 -10.73956 10.41534
v -35.86607 -8.145855 15.76486
v -35.2987 -8.145855 14.95433
v -36.02818 -8.145855 10.41534
v -35.4608 -8.145855 9.037437
v -35.86607 -8.145855 15.76486
v -35.86607 -10.73956 15.76486
v -35.54185 -8.22691 26.38284
v -35.54185 -10.73956 26.38284
v -35.86607 -8.145855 15.76486
v -35.86607 -8.145855 15.76486
v -35.05553 -8.145855 25.00493
v -35.54185 -8.22691 26.38284
v -35.05553 -8.145855 25.00493
v -35.86607 -8.145855 15.76486
v -35.2987 -8.145855 14.95433
v -21.03332 -10.73956 25.97757
v -35.54185 -8.22691 26.38284
v -21.03332 -8.145855 25.97757
v -35.54185 -10.73956 26.38284
v -33.35342 -10.73956 24.1944
v -21.03332 -10.73956 25.97757
v -26.05862 -10.73956 23.95124
v -35.54185 -10.73956 26.38284
v -16.08907 -10.73956 23.70808
v -2.958443 -10.73956 25.5723
v -6.200573 -10.73956 23.46492
v -21.03332 -8.145855 25.97757
v -35.05553 -8.145855 25.00493
v 1.661594 -8.145855 23.95124
v -35.54185 -8.22691 26.38284
v -6.200573 -17.54803 23.46492
v -7.82164 -12.52273 23.46492
v -6.200573 -10.73956 23.46492
v -7.82164 -17.54803 23.46492
v -14.1438 -12.60378 23.62703
v -16.08907 -11.38799 23.70808
v -16.08907 -17.54803 23.70808
v -14.1438 -17.54803 23.62703
v -16.08907 -10.73956 23.70808
v -14.1438 -17.54803 23.62703
v -7.82164 -12.52273 23.46492
v -7.82164 -17.54803 23.46492
v -14.1438 -12.60378 23.62703
v -2.958443 -10.73956 25.5723
v 0.2836876 -10.73956 23.14071
v -6.200573 -10.73956 23.46492
v -6.200573 -10.73956 23.46492
v 0.2836876 -17.54803 23.14071
v -6.200573 -17.54803 23.46492
v 0.2836876 -10.73956 23.14071
v -2.958443 -8.145855 25.5723
v -21.03332 -10.73956 25.97757
v -21.03332 -8.145855 25.97757
v -2.958443 -10.73956 25.5723
v 1.661594 -8.145855 23.95124
v -2.958443 -8.145855 25.5723
v -21.03332 -8.145855 25.97757
v -2.958443 -8.145855 25.5723
v 15.27854 -8.145855 25.00493
v 28.40917 -17.54803 15.44065
v 28.57128 -12.52273 21.27648
v 28.40917 -12.52273 15.44065
v 28.57128 -17.54803 21.35754
v 30.67866 -10.73956 16.33223
v 30.75972 -8.22691 24.59966
v 30.67866 -8.145855 16.33223
v 30.75972 -10.73956 24.59966
v 28.57128 -10.73956 22.41123
v 30.67866 -10.73956 16.33223
v 28.40917 -10.73956 14.3059
v 30.75972 -10.73956 24.59966
v 30.67866 -8.145855 16.33223
v 30.19234 -8.145855 24.0323
v 30.03024 -8.145855 15.76486
v 30.19234 -8.145855 24.0323
v 30.67866 -8.145855 16.33223
v 30.75972 -8.22691 24.59966
v 28.40917 -12.52273 15.44065
v 28.40917 -17.54803 14.3059
v 28.40917 -17.54803 15.44065
v 28.40917 -10.73956 14.3059
v 28.57128 -12.52273 21.27648
v 28.57128 -10.73956 22.41123
v 28.57128 -17.54803 22.41123
v 28.57128 -17.54803 21.35754
v 21.7628 -17.54803 22.57333
v 26.95021 -12.52273 22.41123
v 27.03127 -17.54803 22.41123
v 21.84386 -12.52273 22.57333
v 15.27854 -10.73956 25.00493
v 30.75972 -8.22691 24.59966
v 30.75972 -10.73956 24.59966
v 15.27854 -8.145855 25.00493
v 28.57128 -10.73956 22.41123
v 15.27854 -10.73956 25.00493
v 30.75972 -10.73956 24.59966
v 20.22279 -10.73956 22.65439
v 10.25324 -10.73956 22.89754
v -2.958443 -10.73956 25.5723
v 0.2836876 -10.73956 23.14071
v 15.27854 -8.145855 25.00493
v 30.19234 -8.145855 24.0323
v 30.75972 -8.22691 24.59966
v 30.19234 -8.145855 24.0323
v 15.27854 -8.145855 25.00493
v 1.661594 -8.145855 23.95124
v 21.84386 -12.52273 22.57333
v 20.22279 -17.54803 22.65439
v 20.22279 -10.73956 22.65439
v 21.7628 -17.54803 22.57333
v 26.95021 -12.52273 22.41123
v 28.57128 -10.73956 22.41123
v 28.57128 -17.54803 22.41123
v 27.03127 -17.54803 22.41123
v -2.958443 -8.145855 25.5723
v 15.27854 -10.73956 25.00493
v -2.958443 -10.73956 25.5723
v 15.27854 -8.145855 25.00493
v 39.02715 -17.54803 5.471096
v 39.02715 -12.52273 3.850029
v 39.02715 -17.54803 3.931084
v 39.02715 -10.73956 5.471096
v 38.78399 -10.73956 -2.634232
v 38.9461 -12.52273 -1.337379
v 38.78399 -17.54803 -2.634232
v 38.9461 -17.54803 -1.418434
v 38.9461 -17.54803 -1.418434
v 39.02715 -12.52273 3.850029
v 38.9461 -12.52273 -1.337379
v 39.02715 -17.54803 3.931084
v 39.02715 -10.73956 5.471096
v 41.13453 -10.73956 1.337379
v 38.78399 -10.73956 -2.634232
v 39.27031 -10.73956 14.06274
v 41.45875 -10.73956 16.08907
v 39.02715 -17.54803 6.767948
v 39.18925 -12.52273 12.92799
v 39.02715 -12.52273 6.767948
v 39.18925 -17.54803 13.00905
v 41.13453 -10.73956 1.337379
v 41.45875 -8.22691 16.08907
v 41.13453 -8.145855 1.337379
v 41.45875 -10.73956 16.08907
v 41.13453 -8.145855 1.337379
v 40.97243 -8.145855 15.5217
v 40.324 -8.145855 -4.903725
v 40.97243 -8.145855 15.5217
v 41.13453 -8.145855 1.337379
v 41.45875 -8.22691 16.08907
v 39.02715 -12.52273 6.767948
v 39.02715 -17.54803 5.471096
v 39.02715 -17.54803 6.767948
v 39.02715 -10.73956 5.471096
v 39.18925 -12.52273 12.92799
v 39.27031 -10.73956 14.06274
v 39.27031 -17.54803 14.06274
v 39.18925 -17.54803 13.00905
v 39.27031 -17.54803 14.06274
v 28.40917 -10.73956 14.3059
v 39.27031 -10.73956 14.06274
v 28.40917 -17.54803 14.3059
v 38.78399 -17.54803 -2.634232
v 38.78399 -12.52273 -4.255299
v 38.78399 -17.54803 -4.174244
v 38.78399 -10.73956 -2.634232
v 38.54083 -10.73956 -11.06377
v 38.62188 -12.52273 -9.847973
v 38.54083 -17.54803 -11.06377
v 38.62188 -17.54803 -9.847973
v 38.62188 -17.54803 -9.847973
v 38.78399 -12.52273 -4.255299
v 38.62188 -12.52273 -9.847973
v 38.78399 -17.54803 -4.174244
v 41.13453 -10.73956 1.337379
v 38.54083 -10.73956 -11.06377
v 38.78399 -10.73956 -2.634232
v 40.72927 -10.73956 -11.14482
v 38.13556 -10.33429 -28.89549
v 40.324 -10.33429 -28.89549
v 40.72927 -8.145855 -11.14482
v 41.13453 -10.73956 1.337379
v 41.13453 -8.145855 1.337379
v 40.72927 -10.73956 -11.14482
v 41.13453 -8.145855 1.337379
v 40.324 -8.145855 -4.903725
v 40.72927 -8.145855 -11.14482
v 38.54083 -17.54803 -11.06377
v 38.54083 -12.52273 -16.57539
v 38.54083 -17.54803 -16.49434
v 38.54083 -10.73956 -11.06377
v 38.13556 -10.33429 -28.89549
v 38.37872 -12.52273 -21.43859
v 38.13556 -17.22382 -28.89549
v 38.37872 -17.54803 -21.43859
v 38.37872 -17.54803 -21.43859
v 38.54083 -12.52273 -16.57539
v 38.37872 -12.52273 -21.43859
v 38.54083 -17.54803 -16.49434
v 40.324 -7.740589 -28.89549
v 40.72927 -10.73956 -11.14482
v 40.72927 -8.145855 -11.14482
v 40.324 -10.33429 -28.89549
v 40.324 -8.145855 -4.903725
v 40.324 -7.740589 -28.89549
v 40.72927 -8.145855 -11.14482
v 39.67558 -7.740589 -28.89549
v 41.45875 -8.22691 16.08907
v 30.67866 -10.73956 16.33223
v 30.67866 -8.145855 16.33223
v 41.45875 -10.73956 16.08907
v 30.67866 -10.73956 16.33223
v 39.27031 -10.73956 14.06274
v 28.40917 -10.73956 14.3059
v 39.27031 -10.73956 14.06274
v 30.67866 -10.73956 16.33223
v 41.45875 -10.73956 16.08907
v 40.97243 -8.145855 15.5217
v 30.67866 -8.145855 16.33223
v 30.03024 -8.145855 15.76486
v 30.67866 -8.145855 16.33223
v 40.97243 -8.145855 15.5217
v 41.45875 -8.22691 16.08907
v 16.17013 4.660561 24.59966
v -9.766918 4.660561 9.280598
v 15.84591 4.660561 8.632172
v -9.442703 4.660561 25.32915
v 30.03024 0.2836838 15.76486
v 40.72927 0.2836838 7.983746
v 40.97243 0.2836838 15.60275
v 15.84591 0.2836838 8.632172
v 16.17013 0.2836838 24.59966
v 30.35445 0.2836838 24.27545
v 14.95433 4.174244 -28.89549
v 39.67558 4.174244 -28.89549
v 40.72927 4.660561 7.983746
v 15.84591 4.660561 8.632172
v 14.95433 8.956387 -28.89549
v -9.766918 8.956387 9.280598
v -11.7122 8.956387 -28.24707
v 15.84591 8.956387 8.632172
v -11.7122 17.38593 -28.24707
v -35.2987 17.38593 10.01008
v -40.97243 17.38593 -24.76177
v -9.766918 17.38593 9.280598
v -39.99979 17.38593 10.01008
v -35.4608 4.660561 10.01008
v -9.442703 4.660561 25.32915
v -35.05553 4.660561 25.97757
v -9.766918 4.660561 9.280598
v -15.84591 -11.22588 25.00493
v -16.33223 -10.73956 25.00493
v -15.84591 -10.73956 25.00493
v -16.33223 -11.22588 25.00493
v -15.92697 -17.54803 24.0323
v -16.25118 -11.22588 24.68072
v -15.92697 -11.22588 24.68072
v -16.25118 -17.54803 24.0323
v -16.33223 -11.22588 25.00493
v -16.41328 -10.73956 23.62703
v -16.33223 -10.73956 25.00493
v -16.41328 -10.73956 23.62703
v -16.33223 -11.22588 25.00493
v -16.33223 -11.22588 23.62703
v -16.25118 -17.54803 24.0323
v -16.33223 -11.22588 23.62703
v -16.25118 -11.22588 24.68072
v -16.33223 -11.22588 23.62703
v -16.25118 -17.54803 24.0323
v -16.33223 -17.54803 23.62703
v -15.92697 -11.22588 24.68072
v -15.92697 -17.54803 23.62703
v -15.92697 -17.54803 24.0323
v -15.92697 -11.22588 24.68072
v -15.84591 -11.22588 23.62703
v -15.84591 -10.73956 25.00493
v -15.84591 -11.22588 23.62703
v -15.84591 -11.22588 25.00493
v -15.84591 -11.22588 23.62703
v -15.84591 -10.73956 25.00493
v -15.84591 -10.73956 23.62703
v -15.84591 -11.22588 25.00493
v -16.25118 -11.22588 24.68072
v -16.33223 -11.22588 25.00493
v -15.92697 -11.22588 24.68072
v -16.33223 -11.22588 23.62703
v -15.84591 -11.22588 23.62703
v -5.795307 -11.22588 24.68072
v -6.362679 -10.73956 24.76177
v -5.795307 -10.73956 24.76177
v -6.362679 -11.22588 24.68072
v -5.876362 -17.54803 23.78913
v -6.281628 -11.22588 24.35651
v -5.876362 -11.22588 24.35651
v -6.281628 -17.54803 23.78913
v -6.362679 -11.22588 24.68072
v -6.362679 -10.73956 23.38387
v -6.362679 -10.73956 24.76177
v -6.362679 -10.73956 23.38387
v -6.362679 -11.22588 24.68072
v -6.362679 -11.22588 23.38387
v -6.281628 -17.54803 23.78913
v -6.362679 -11.22588 23.38387
v -6.281628 -11.22588 24.35651
v -6.362679 -11.22588 23.38387
v -6.281628 -17.54803 23.78913
v -6.281628 -17.54803 23.38387
v -5.876362 -11.22588 24.35651
v -5.957413 -17.54803 23.30281
v -5.876362 -17.54803 23.78913
v -5.876362 -11.22588 24.35651
v -5.876362 -11.22588 23.30281
v -5.795307 -10.73956 24.76177
v -5.876362 -11.22588 23.30281
v -5.795307 -11.22588 24.68072
v -5.876362 -11.22588 23.30281
v -5.795307 -10.73956 24.76177
v -5.876362 -10.73956 23.30281
v -5.795307 -11.22588 24.68072
v -6.281628 -11.22588 24.35651
v -6.362679 -11.22588 24.68072
v -5.876362 -11.22588 24.35651
v -6.362679 -11.22588 23.38387
v -5.876362 -11.22588 23.30281
v 20.547 -11.22588 23.95124
v 19.97963 -10.73956 24.0323
v 20.547 -10.73956 24.0323
v 19.97963 -11.22588 23.95124
v 20.46595 -17.54803 23.05965
v 20.06068 -11.22588 23.62703
v 20.46595 -11.22588 23.62703
v 20.06068 -17.54803 23.05965
v 19.97963 -11.22588 23.95124
v 19.97963 -10.73956 22.57333
v 19.97963 -10.73956 24.0323
v 19.97963 -10.73956 22.57333
v 19.97963 -11.22588 23.95124
v 19.97963 -11.22588 22.57333
v 20.06068 -17.54803 23.05965
v 19.97963 -11.22588 22.57333
v 20.06068 -11.22588 23.62703
v 19.97963 -11.22588 22.57333
v 20.06068 -17.54803 23.05965
v 20.06068 -17.54803 22.57333
v 20.46595 -11.22588 23.62703
v 20.3849 -17.54803 22.49228
v 20.46595 -17.54803 23.05965
v 20.46595 -11.22588 23.62703
v 20.46595 -11.22588 22.49228
v 20.547 -10.73956 24.0323
v 20.46595 -11.22588 22.49228
v 20.547 -11.22588 23.95124
v 20.46595 -11.22588 22.49228
v 20.547 -10.73956 24.0323
v 20.46595 -10.73956 22.49228
v 20.547 -11.22588 23.95124
v 20.06068 -11.22588 23.62703
v 19.97963 -11.22588 23.95124
v 20.46595 -11.22588 23.62703
v 19.97963 -11.22588 22.57333
v 20.46595 -11.22588 22.49228
v 28.57128 -11.22588 23.70808
v 28.16601 -10.73956 23.78913
v 28.57128 -10.73956 23.78913
v 28.16601 -11.22588 23.78913
v 28.57128 -17.54803 22.73544
v 28.24707 -11.22588 23.46492
v 28.57128 -11.22588 23.46492
v 28.24707 -17.54803 22.73544
v 28.16601 -11.22588 23.78913
v 28.08496 -10.73956 22.33017
v 28.16601 -10.73956 23.78913
v 28.08496 -10.73956 22.33017
v 28.16601 -11.22588 23.78913
v 28.16601 -11.22588 22.33017
v 28.24707 -17.54803 22.73544
v 28.16601 -11.22588 22.33017
v 28.24707 -11.22588 23.46492
v 28.16601 -11.22588 22.33017
v 28.24707 -17.54803 22.73544
v 28.16601 -17.54803 22.33017
v 28.57128 -11.22588 23.46492
v 28.57128 -17.54803 22.33017
v 28.57128 -17.54803 22.73544
v 28.57128 -11.22588 23.46492
v 28.57128 -11.22588 22.33017
v 28.57128 -10.73956 23.78913
v 28.57128 -11.22588 22.33017
v 28.57128 -11.22588 23.70808
v 28.57128 -11.22588 22.33017
v 28.57128 -10.73956 23.78913
v 28.57128 -10.73956 22.33017
v 28.57128 -11.22588 23.70808
v 28.24707 -11.22588 23.46492
v 28.16601 -11.22588 23.78913
v 28.57128 -11.22588 23.46492
v 28.16601 -11.22588 22.33017
v 28.57128 -11.22588 22.33017
v 39.43242 -11.22588 15.27854
v 38.78399 -10.73956 15.35959
v 39.43242 -10.73956 15.35959
v 38.78399 -11.22588 15.27854
v 39.27031 -17.54803 14.3059
v 39.02715 -11.22588 14.95433
v 39.27031 -11.22588 14.95433
v 38.9461 -17.54803 14.38696
v 38.78399 -11.22588 15.27854
v 38.78399 -10.73956 13.90063
v 38.78399 -10.73956 15.35959
v 38.78399 -10.73956 13.90063
v 38.78399 -11.22588 15.27854
v 38.9461 -11.22588 13.90063
v 38.9461 -17.54803 14.38696
v 38.9461 -11.22588 13.90063
v 39.02715 -11.22588 14.95433
v 38.9461 -11.22588 13.90063
v 38.9461 -17.54803 14.38696
v 38.9461 -17.54803 13.90063
v 39.27031 -11.22588 14.95433
v 39.27031 -17.54803 13.90063
v 39.27031 -17.54803 14.3059
v 39.27031 -11.22588 14.95433
v 39.27031 -11.22588 13.90063
v 39.43242 -10.73956 15.35959
v 39.27031 -11.22588 13.90063
v 39.43242 -11.22588 15.27854
v 39.27031 -11.22588 13.90063
v 39.43242 -10.73956 15.35959
v 39.43242 -10.73956 13.90063
v 39.43242 -11.22588 15.27854
v 39.02715 -11.22588 14.95433
v 38.78399 -11.22588 15.27854
v 39.27031 -11.22588 14.95433
v 38.9461 -11.22588 13.90063
v 39.27031 -11.22588 13.90063
v 40.56716 -11.22588 13.73853
v 40.56716 -10.73956 14.3059
v 40.56716 -10.73956 13.73853
v 40.56716 -11.22588 14.3059
v 39.67558 -17.54803 13.81958
v 40.324 -11.22588 14.22485
v 40.324 -11.22588 13.81958
v 39.67558 -17.54803 14.22485
v 40.56716 -11.22588 14.3059
v 39.18925 -10.73956 14.3059
v 40.56716 -10.73956 14.3059
v 39.18925 -10.73956 14.3059
v 40.56716 -11.22588 14.3059
v 39.18925 -11.22588 14.3059
v 39.67558 -17.54803 14.22485
v 39.18925 -11.22588 14.3059
v 40.324 -11.22588 14.22485
v 39.18925 -11.22588 14.3059
v 39.67558 -17.54803 14.22485
v 39.18925 -17.54803 14.22485
v 40.324 -11.22588 13.81958
v 39.18925 -17.54803 13.81958
v 39.67558 -17.54803 13.81958
v 40.324 -11.22588 13.81958
v 39.18925 -11.22588 13.81958
v 40.56716 -10.73956 13.73853
v 39.18925 -11.22588 13.81958
v 40.56716 -11.22588 13.73853
v 39.18925 -11.22588 13.81958
v 40.56716 -10.73956 13.73853
v 39.18925 -10.73956 13.73853
v 40.56716 -11.22588 13.73853
v 40.324 -11.22588 14.22485
v 40.56716 -11.22588 14.3059
v 40.324 -11.22588 13.81958
v 39.18925 -11.22588 14.3059
v 39.18925 -11.22588 13.81958
v 39.67558 -11.22588 -24.11335
v 39.67558 -10.73956 -23.46492
v 39.67558 -10.73956 -24.11335
v 39.67558 -11.22588 -23.46492
v 38.78399 -17.54803 -24.0323
v 39.43242 -11.22588 -23.54597
v 39.43242 -11.22588 -24.0323
v 38.78399 -17.54803 -23.54597
v 39.67558 -11.22588 -23.46492
v 38.37872 -10.73956 -23.46492
v 39.67558 -10.73956 -23.46492
v 38.37872 -10.73956 -23.46492
v 39.67558 -11.22588 -23.46492
v 38.37872 -11.22588 -23.46492
v 38.78399 -17.54803 -23.54597
v 38.37872 -11.22588 -23.46492
v 39.43242 -11.22588 -23.54597
v 38.37872 -11.22588 -23.46492
v 38.78399 -17.54803 -23.54597
v 38.37872 -17.54803 -23.54597
v 39.43242 -11.22588 -24.0323
v 38.37872 -17.54803 -24.0323
v 38.78399 -17.54803 -24.0323
v 39.43242 -11.22588 -24.0323
v 38.37872 -11.22588 -24.0323
v 39.67558 -10.73956 -24.11335
v 38.37872 -11.22588 -24.0323
v 39.67558 -11.22588 -24.11335
v 38.37872 -11.22588 -24.0323
v 39.67558 -10.73956 -24.11335
v 38.37872 -10.73956 -24.11335
v 39.67558 -11.22588 -24.11335
v 39.43242 -11.22588 -23.54597
v 39.67558 -11.22588 -23.46492
v 39.43242 -11.22588 -24.0323
v 38.37872 -11.22588 -23.46492
v 38.37872 -11.22588 -24.0323
v -35.4608 4.174244 10.01008
v -35.05553 4.660561 25.97757
v -35.05553 4.174244 25.97757
v -35.4608 4.660561 10.01008
v -35.05553 4.174244 25.97757
v -9.442703 4.660561 25.32915
v -9.442703 4.174244 25.32915
v -9.442703 4.660561 25.32915
v -35.05553 4.174244 25.97757
v -35.05553 4.660561 25.97757
v -9.442703 4.174244 25.32915
v 16.17013 4.660561 24.59966
v 16.17013 4.174244 24.59966
v -9.442703 4.660561 25.32915
v 16.17013 4.174244 24.59966
v 15.84591 4.660561 8.632172
v 15.84591 4.174244 8.632172
v 16.17013 4.660561 24.59966
v 30.35445 -0.04052734 24.27545
v 30.03024 0.2836838 15.76486
v 30.03024 -0.04052734 15.76486
v 30.35445 0.2836838 24.27545
v 30.03024 -0.04052734 15.76486
v 40.97243 0.2836838 15.60275
v 40.97243 -0.04052734 15.60275
v 30.03024 0.2836838 15.76486
v 40.97243 -0.04052734 15.60275
v 40.72927 0.2836838 7.983746
v 40.72927 -0.04052734 7.983746
v 40.97243 0.2836838 15.60275
v 16.17013 -0.04052734 24.59966
v 30.35445 0.2836838 24.27545
v 30.35445 -0.04052734 24.27545
v 16.17013 0.2836838 24.59966
v 15.84591 4.174244 8.632172
v 40.72927 4.660561 7.983746
v 40.72927 4.174244 7.983746
v 15.84591 4.660561 8.632172
v 40.72927 4.174244 7.983746
v 39.67558 4.174244 -28.89549
v 39.67558 3.687923 -28.89549
v 40.72927 4.660561 7.983746
v -9.766918 8.470066 9.280598
v 15.84591 8.956387 8.632172
v 15.84591 8.470066 8.632172
v -9.766918 8.956387 9.280598
v 15.84591 8.470066 8.632172
v 14.95433 8.956387 -28.89549
v 15.19749 8.470066 -20.95227
v 14.95433 8.956387 -28.89549
v 15.84591 8.470066 8.632172
v 15.84591 8.956387 8.632172
v -40.97243 16.8996 -24.76177
v -39.99979 17.38593 10.01008
v -39.99979 16.8996 10.01008
v -40.97243 17.38593 -24.76177
v -39.99979 16.8996 10.01008
v -35.2987 17.38593 10.01008
v -35.2987 16.8996 10.01008
v -39.99979 17.38593 10.01008
v -35.2987 16.8996 10.01008
v -9.766918 17.38593 9.280598
v -9.766918 16.8996 9.280598
v -35.2987 17.38593 10.01008
v -9.766918 16.8996 9.280598
v -11.7122 17.38593 -28.24707
v -11.7122 16.8996 -28.24707
v -9.766918 17.38593 9.280598
v 0.4457932 -11.22588 24.51862
v 0.04052734 -10.73956 24.59966
v 0.4457932 -10.73956 24.59966
v 0.04052734 -11.22588 24.51862
v 0.3647423 -17.54803 23.46492
v 0.04052734 -11.22588 24.1944
v 0.3647423 -11.22588 24.1944
v 0.04052734 -17.54803 23.62703
v 0.04052734 -11.22588 24.51862
v -0.04052734 -10.73956 23.05965
v 0.04052734 -10.73956 24.59966
v -0.04052734 -10.73956 23.05965
v 0.04052734 -11.22588 24.51862
v 0.04052734 -11.22588 23.05965
v 0.04052734 -17.54803 23.62703
v 0.04052734 -11.22588 23.05965
v 0.04052734 -11.22588 24.1944
v 0.04052734 -11.22588 23.05965
v 0.04052734 -17.54803 23.62703
v 0.04052734 -17.54803 23.05965
v 0.3647423 -11.22588 24.1944
v 0.3647423 -17.54803 23.05965
v 0.3647423 -17.54803 23.46492
v 0.3647423 -11.22588 24.1944
v 0.3647423 -11.22588 23.05965
v 0.4457932 -10.73956 24.59966
v 0.3647423 -11.22588 23.05965
v 0.4457932 -11.22588 24.51862
v 0.3647423 -11.22588 23.05965
v 0.4457932 -10.73956 24.59966
v 0.4457932 -10.73956 23.05965
v 0.4457932 -11.22588 24.51862
v 0.04052734 -11.22588 24.1944
v 0.04052734 -11.22588 24.51862
v 0.3647423 -11.22588 24.1944
v 0.04052734 -11.22588 23.05965
v 0.3647423 -11.22588 23.05965
v 15.19749 8.470066 -20.95227
v 14.95433 8.956387 -28.89549
v 14.95433 8.470066 -28.89549
v -35.4608 -3.931084 10.01008
v -35.05553 -0.04052734 25.97757
v -35.05553 -3.931084 25.97757
v -35.4608 -0.04052734 10.01008
v -35.05553 4.174244 25.97757
v -35.4608 4.174244 10.01008
v -0.7700043 -3.931084 25.08598
v -17.9533 -0.04052734 25.5723
v -0.7700043 -0.04052734 25.08598
v -17.9533 -3.931084 25.5723
v -17.9533 4.174244 25.5723
v -0.7700043 4.174244 25.08598
v 30.35445 -3.931084 24.27545
v 30.03024 -0.04052734 15.76486
v 30.03024 -3.931084 15.76486
v 30.35445 -0.04052734 24.27545
v 30.03024 -3.931084 15.76486
v 40.97243 -0.04052734 15.60275
v 40.97243 -3.931084 15.60275
v 30.03024 -0.04052734 15.76486
v 40.97243 -0.04052734 15.60275
v 40.72927 -3.931084 7.983746
v 40.97243 -3.931084 15.60275
v 40.72927 -0.04052734 7.983746
v -39.99979 -3.931084 10.01008
v -35.4608 -0.04052734 10.01008
v -35.4608 -3.931084 10.01008
v -39.99979 -0.04052734 10.01008
v 16.17013 -0.04052734 24.59966
v 30.35445 -3.931084 24.27545
v 16.17013 -3.931084 24.59966
v 30.35445 -0.04052734 24.27545
v 40.72927 -3.931084 7.983746
v 40.324 -0.04052734 -5.633202
v 40.324 -3.931084 -5.633202
v 40.72927 -0.04052734 7.983746
v 40.72927 4.174244 7.983746
v 40.324 4.174244 -5.633202
v -35.2987 12.68483 10.01008
v -39.99979 8.470066 10.01008
v -39.99979 12.68483 10.01008
v -35.2987 8.470066 10.01008
v -22.41123 12.68483 9.685863
v -9.766918 8.470066 9.280598
v -22.41123 8.470066 9.685863
v -9.766918 12.68483 9.280598
v -10.33429 12.68483 -3.201607
v -10.98272 8.470066 -15.68381
v -10.33429 8.470066 -3.201607
v -10.98272 12.68483 -15.68381
v -35.2987 16.8996 10.01008
v -39.99979 12.68483 10.01008
v -39.99979 16.8996 10.01008
v -35.2987 12.68483 10.01008
v -22.41123 16.8996 9.685863
v -9.766918 12.68483 9.280598
v -22.41123 12.68483 9.685863
v -9.766918 16.8996 9.280598
v -10.33429 16.8996 -3.201607
v -10.98272 12.68483 -15.68381
v -10.33429 12.68483 -3.201607
v -10.98272 16.8996 -15.68381
v 15.60275 8.470066 -3.931084
v 15.27854 4.174244 -16.41329
v 15.60275 4.174244 -3.931084
v 15.27854 8.470066 -16.41329
v -35.2987 8.470066 10.01008
v -39.99979 4.174244 10.01008
v -39.99979 8.470066 10.01008
v -35.4608 4.174244 10.01008
v -22.41123 8.470066 9.685863
v -9.766918 4.174244 9.280598
v -22.41123 4.174244 9.685863
v -9.766918 8.470066 9.280598
v 3.039497 8.470066 8.956387
v 15.84591 4.174244 8.632172
v 3.039497 4.174244 8.956387
v 15.84591 8.470066 8.632172
v 15.84591 4.174244 8.632172
v 16.17013 -0.04052734 24.59966
v 16.17013 4.174244 24.59966
v 15.84591 -0.04052734 8.632172
v 28.24707 4.174244 8.307961
v 40.72927 -0.04052734 7.983746
v 28.24707 -0.04052734 8.307961
v 40.72927 4.174244 7.983746
v 40.324 4.174244 -5.633202
v 39.67558 0.1215782 -28.89549
v 40.324 -0.04052734 -5.633202
v 39.67558 3.687923 -28.89549
v 39.67558 -3.525818 -28.89549
v 40.324 -3.931084 -5.633202
v -35.4608 4.174244 10.01008
v -39.99979 -0.04052734 10.01008
v -39.99979 4.174244 10.01008
v -35.4608 -0.04052734 10.01008
v -39.99979 -3.931084 10.01008
v -40.48611 -0.04052734 -7.416374
v -39.99979 -0.04052734 10.01008
v -40.48611 -3.931084 -7.416374
v -40.97243 -0.04052734 -24.76177
v -40.48611 -3.931084 -7.416374
v -40.97243 -3.931084 -24.76177
v -40.48611 -0.04052734 -7.416374
v -40.97243 12.68483 -24.76177
v -40.48611 8.470066 -7.416374
v -40.97243 8.470066 -24.76177
v -40.48611 12.68483 -7.416374
v -39.99979 8.470066 10.01008
v -40.48611 12.68483 -7.416374
v -39.99979 12.68483 10.01008
v -40.48611 8.470066 -7.416374
v -40.97243 16.8996 -24.76177
v -40.48611 12.68483 -7.416374
v -40.97243 12.68483 -24.76177
v -40.48611 16.8996 -7.416374
v -39.99979 12.68483 10.01008
v -40.48611 16.8996 -7.416374
v -39.99979 16.8996 10.01008
v -40.48611 12.68483 -7.416374
v -40.97243 8.470066 -24.76177
v -40.48611 4.174244 -7.416374
v -40.97243 4.174244 -24.76177
v -40.48611 8.470066 -7.416374
v -39.99979 4.174244 10.01008
v -40.48611 8.470066 -7.416374
v -39.99979 8.470066 10.01008
v -40.48611 4.174244 -7.416374
v -40.97243 4.174244 -24.76177
v -40.48611 -0.04052734 -7.416374
v -40.97243 -0.04052734 -24.76177
v -40.48611 4.174244 -7.416374
v -39.99979 -0.04052734 10.01008
v -40.48611 4.174244 -7.416374
v -39.99979 4.174244 10.01008
v -40.48611 -0.04052734 -7.416374
v -35.2987 12.68483 10.01008
v -22.41123 8.470066 9.685863
v -35.2987 8.470066 10.01008
v -22.41123 12.68483 9.685863
v -35.2987 16.8996 10.01008
v -22.41123 12.68483 9.685863
v -35.2987 12.68483 10.01008
v -22.41123 16.8996 9.685863
v -35.2987 8.470066 10.01008
v -22.41123 4.174244 9.685863
v -35.4608 4.174244 10.01008
v -22.41123 8.470066 9.685863
v 16.17013 -3.931084 24.59966
v -0.7700043 -0.04052734 25.08598
v 16.17013 -0.04052734 24.59966
v -0.7700043 -3.931084 25.08598
v -0.7700043 4.174244 25.08598
v 16.17013 4.174244 24.59966
v -35.05553 -0.04052734 25.97757
v -17.9533 -3.931084 25.5723
v -35.05553 -3.931084 25.97757
v -17.9533 -0.04052734 25.5723
v -35.05553 4.174244 25.97757
v -17.9533 4.174244 25.5723
v -9.766918 12.68483 9.280598
v -10.33429 8.470066 -3.201607
v -9.766918 8.470066 9.280598
v -10.33429 12.68483 -3.201607
v -11.7122 8.470066 -28.24707
v -10.98272 12.68483 -15.68381
v -11.7122 12.68483 -28.24707
v -10.98272 8.470066 -15.68381
v -9.766918 16.8996 9.280598
v -10.33429 12.68483 -3.201607
v -9.766918 12.68483 9.280598
v -10.33429 16.8996 -3.201607
v -11.7122 12.68483 -28.24707
v -10.98272 16.8996 -15.68381
v -11.7122 16.8996 -28.24707
v -10.98272 12.68483 -15.68381
v 15.84591 8.470066 8.632172
v 15.60275 4.174244 -3.931084
v 15.84591 4.174244 8.632172
v 15.60275 8.470066 -3.931084
v 14.95433 4.174244 -28.89549
v 15.27854 8.470066 -16.41329
v 14.95433 8.470066 -28.89549
v 15.27854 4.174244 -16.41329
v 15.84591 4.174244 8.632172
v 28.24707 -0.04052734 8.307961
v 15.84591 -0.04052734 8.632172
v 28.24707 4.174244 8.307961
v -9.766918 8.470066 9.280598
v 3.039497 4.174244 8.956387
v -9.766918 4.174244 9.280598
v 3.039497 8.470066 8.956387
v -35.4608 -8.470066 10.01008
v -35.05553 -3.931084 25.97757
v -35.05553 -8.470066 25.97757
v -35.4608 -3.931084 10.01008
v 30.35445 -8.470066 24.27545
v 30.03024 -3.931084 15.76486
v 30.03024 -8.470066 15.76486
v 30.35445 -3.931084 24.27545
v 30.03024 -8.470066 15.76486
v 40.97243 -3.931084 15.60275
v 40.97243 -8.470066 15.60275
v 30.03024 -3.931084 15.76486
v -40.324 -8.470066 -1.661594
v -40.64822 -3.931084 -13.17116
v -40.324 -3.931084 -1.661594
v -40.64822 -8.470066 -13.17116
v -39.99979 -8.470066 10.01008
v -35.4608 -3.931084 10.01008
v -35.4608 -8.470066 10.01008
v -39.99979 -3.931084 10.01008
v -2.310017 -8.470066 25.16704
v -13.33326 -3.931084 25.4102
v -2.310017 -3.931084 25.16704
v -13.33326 -8.470066 25.4102
v -39.99979 -8.470066 10.01008
v -40.324 -3.931084 -1.661594
v -39.99979 -3.931084 10.01008
v -40.324 -8.470066 -1.661594
v -40.97243 -3.931084 -24.76177
v -40.64822 -8.470066 -13.17116
v -40.97243 -8.470066 -24.76177
v -40.64822 -3.931084 -13.17116
v 30.35445 -8.470066 24.27545
v 19.41226 -3.931084 24.51862
v 30.35445 -3.931084 24.27545
v 19.41226 -8.470066 24.51862
v 19.41226 -8.470066 24.51862
v 8.470066 -3.931084 24.84283
v 19.41226 -3.931084 24.51862
v 8.470066 -8.470066 24.84283
v 8.470066 -8.470066 24.84283
v -2.310017 -3.931084 25.16704
v 8.470066 -3.931084 24.84283
v -2.310017 -8.470066 25.16704
v -35.05553 -3.931084 25.97757
v -24.1944 -8.470066 25.73441
v -35.05553 -8.470066 25.97757
v -24.1944 -3.931084 25.73441
v -24.1944 -3.931084 25.73441
v -13.33326 -8.470066 25.4102
v -24.1944 -8.470066 25.73441
v -13.33326 -3.931084 25.4102
v 39.67558 -7.902695 -28.89549
v 40.24295 -3.931084 -10.4964
v 39.67558 -3.525818 -28.89549
v 40.24295 -8.470066 -10.4964
v 40.24295 -8.470066 -10.4964
v 40.48611 -3.931084 2.634232
v 40.24295 -3.931084 -10.4964
v 40.48611 -8.470066 2.634232
v 40.97243 -3.931084 15.60275
v 40.48611 -8.470066 2.634232
v 40.97243 -8.470066 15.60275
v 40.48611 -3.931084 2.634232
v -28.89549 -17.54803 -26.05863
v -17.62909 -10.73956 -27.27443
v -28.89549 -10.73956 -26.05863
v -17.62909 -17.54803 -27.27443
v -39.18925 -17.54803 -24.92388
v -39.18925 -10.73956 -24.92388
v -29.05759 -10.73956 -26.626
v -17.62909 -10.73956 -27.27443
v -17.71014 -10.73956 -27.8418
v -28.89549 -10.73956 -26.05863
v -39.18925 -10.73956 -24.92388
v -41.45875 -10.73956 -24.92388
v -17.71014 -8.145855 -27.8418
v -29.05759 -10.73956 -26.626
v -17.71014 -10.73956 -27.8418
v -29.05759 -8.145855 -26.626
v -24.76177 -8.145855 -26.54495
v -29.05759 -8.145855 -26.626
v -17.71014 -8.145855 -27.8418
v -29.05759 -10.73956 -26.626
v -41.45875 -8.145855 -24.92388
v -41.45875 -10.73956 -24.92388
v -29.05759 -8.145855 -26.626
v -29.05759 -8.145855 -26.626
v -40.08084 -8.145855 -24.76177
v -41.45875 -8.145855 -24.92388
v -40.08084 -8.145855 -24.76177
v -29.05759 -8.145855 -26.626
v -24.76177 -8.145855 -26.54495
v -17.62909 -17.54803 -27.27443
v -11.46904 -10.73956 -28.16601
v -17.62909 -10.73956 -27.27443
v -11.46904 -17.54803 -28.16601
v -17.71014 -10.73956 -27.8418
v -11.46904 -10.73956 -28.16601
v -11.63114 -10.73956 -28.73339
v -17.62909 -10.73956 -27.27443
v -11.63114 -8.145855 -28.73339
v -17.71014 -10.73956 -27.8418
v -11.63114 -10.73956 -28.73339
v -17.71014 -8.145855 -27.8418
v -24.76177 -8.145855 -26.54495
v -11.63114 -8.145855 -28.73339
v -11.63114 -8.145855 -28.16601
v -17.71014 -8.145855 -27.8418
v -11.7122 16.8996 -28.24707
v -40.97243 17.38593 -24.76177
v -40.97243 16.8996 -24.76177
v -11.7122 17.38593 -28.24707
v -40.97243 -3.931084 -24.76177
v -23.62703 -0.04052734 -26.70705
v -40.97243 -0.04052734 -24.76177
v -23.62703 -3.931084 -26.70705
v -11.7122 -0.04052734 -28.24707
v -23.62703 -3.931084 -26.70705
v -11.7122 -3.931084 -28.24707
v -23.62703 -0.04052734 -26.70705
v -11.7122 12.68483 -28.24707
v -23.62703 8.470066 -26.70705
v -11.7122 8.470066 -28.24707
v -23.62703 12.68483 -26.70705
v -40.97243 8.470066 -24.76177
v -23.62703 12.68483 -26.70705
v -40.97243 12.68483 -24.76177
v -23.62703 8.470066 -26.70705
v -11.7122 16.8996 -28.24707
v -23.62703 12.68483 -26.70705
v -11.7122 12.68483 -28.24707
v -23.62703 16.8996 -26.70705
v -40.97243 12.68483 -24.76177
v -23.62703 16.8996 -26.70705
v -40.97243 16.8996 -24.76177
v -23.62703 12.68483 -26.70705
v -11.7122 8.470066 -28.24707
v -23.62703 4.174244 -26.70705
v -11.7122 4.174244 -28.24707
v -23.62703 8.470066 -26.70705
v -40.97243 4.174244 -24.76177
v -23.62703 8.470066 -26.70705
v -40.97243 8.470066 -24.76177
v -23.62703 4.174244 -26.70705
v -11.7122 4.174244 -28.24707
v -23.62703 -0.04052734 -26.70705
v -11.7122 -0.04052734 -28.24707
v -23.62703 4.174244 -26.70705
v -40.97243 -0.04052734 -24.76177
v -23.62703 4.174244 -26.70705
v -40.97243 4.174244 -24.76177
v -23.62703 -0.04052734 -26.70705
v -29.38181 -8.470066 -26.05863
v -17.79119 -3.931084 -27.35548
v -29.38181 -3.931084 -26.05863
v -17.79119 -8.470066 -27.35548
v -40.97243 -8.470066 -24.76177
v -29.38181 -3.931084 -26.05863
v -40.97243 -3.931084 -24.76177
v -29.38181 -8.470066 -26.05863
v -11.7122 -3.931084 -28.24707
v -17.79119 -8.470066 -27.35548
v -11.7122 -8.470066 -28.24707
v -17.79119 -3.931084 -27.35548
v -1.094219 -17.54803 -28.24707
v 10.25324 -10.73956 -28.49022
v -1.094219 -10.73956 -28.24707
v 10.25324 -17.54803 -28.49022
v -11.46904 -17.54803 -28.16601
v -11.46904 -10.73956 -28.16601
v -1.256325 -10.73956 -28.81444
v 10.25324 -10.73956 -28.49022
v 10.09113 -10.73956 -29.0576
v -1.094219 -10.73956 -28.24707
v -11.46904 -10.73956 -28.16601
v -11.63114 -10.73956 -28.73339
v 10.09113 -8.145855 -29.0576
v -1.256325 -10.73956 -28.81444
v 10.09113 -10.73956 -29.0576
v -1.256325 -8.145855 -28.81444
v 2.958447 -8.145855 -28.40917
v -1.256325 -8.145855 -28.81444
v 10.09113 -8.145855 -29.0576
v -1.256325 -10.73956 -28.81444
v -11.63114 -8.145855 -28.73339
v -11.63114 -10.73956 -28.73339
v -1.256325 -8.145855 -28.81444
v -1.256325 -8.145855 -28.81444
v -11.63114 -8.145855 -28.16601
v -11.63114 -8.145855 -28.73339
v -11.63114 -8.145855 -28.16601
v -1.256325 -8.145855 -28.81444
v 2.958447 -8.145855 -28.40917
v 10.25324 -17.54803 -28.49022
v 15.11644 -10.41535 -28.81444
v 10.25324 -10.73956 -28.49022
v 15.11644 -17.06171 -28.81444
v 10.09113 -10.73956 -29.0576
v 15.11644 -10.41535 -28.81444
v 14.95433 -10.41535 -29.46286
v 15.11644 -10.41535 -28.81444
v 10.09113 -10.73956 -29.0576
v 10.25324 -10.73956 -28.49022
v 14.95433 -7.740589 -29.46286
v 10.09113 -10.73956 -29.0576
v 14.95433 -10.41535 -29.46286
v 10.09113 -8.145855 -29.0576
v 2.958447 -8.145855 -28.40917
v 14.95433 -7.740589 -29.46286
v 15.03538 -7.740589 -28.81444
v 14.95433 -7.740589 -29.46286
v 2.958447 -8.145855 -28.40917
v 10.09113 -8.145855 -29.0576
v -11.7122 -3.931084 -28.24707
v 4.174244 -0.04052734 -28.49022
v -11.7122 -0.04052734 -28.24707
v 4.174244 -3.931084 -28.49022
v 14.95433 0.2836838 -28.89549
v 4.174244 -3.931084 -28.49022
v 14.95433 -3.363712 -28.89549
v 4.174244 -0.04052734 -28.49022
v 14.95433 8.956387 -28.89549
v 4.174244 4.498455 -27.8418
v 14.95433 4.660561 -28.89549
v 4.174244 8.794277 -27.8418
v -11.7122 4.174244 -28.24707
v 4.174244 8.794277 -27.8418
v -11.7122 8.956387 -28.24707
v 4.174244 4.498455 -27.8418
v 14.95433 4.660561 -28.89549
v 4.174244 -0.04052734 -28.49022
v 14.95433 0.2836838 -28.89549
v 4.174244 4.498455 -27.8418
v -11.7122 -0.04052734 -28.24707
v 4.174244 4.498455 -27.8418
v -11.7122 4.174244 -28.24707
v 4.174244 -0.04052734 -28.49022
v -1.580536 -8.470066 -28.40917
v 10.01008 -3.606873 -28.57128
v -1.580536 -3.931084 -28.40917
v 10.01008 -8.22691 -28.57128
v -11.7122 -8.470066 -28.24707
v -1.580536 -3.931084 -28.40917
v -11.7122 -3.931084 -28.24707
v -1.580536 -8.470066 -28.40917
v 14.95433 -3.363712 -28.89549
v 10.01008 -8.22691 -28.57128
v 14.95433 -7.983749 -28.89549
v 10.01008 -3.606873 -28.57128
v 25.57231 -17.06171 -28.89549
v 33.75869 -10.41535 -29.2197
v 25.57231 -10.41535 -28.89549
v 33.75869 -17.06171 -29.2197
v 15.11644 -17.06171 -29.0576
v 25.32915 -10.41535 -29.54392
v 33.75869 -10.41535 -29.2197
v 33.75869 -10.41535 -29.86813
v 25.57231 -10.41535 -28.89549
v 15.11644 -10.41535 -29.0576
v 14.95433 -10.41535 -29.46286
v 33.75869 -7.82164 -29.86813
v 25.32915 -10.41535 -29.54392
v 33.75869 -10.41535 -29.86813
v 25.32915 -7.82164 -29.54392
v 31.16498 -7.82164 -28.73339
v 25.32915 -7.82164 -29.54392
v 33.75869 -7.82164 -29.86813
v 15.11644 -17.06171 -29.0576
v 25.57231 -10.41535 -28.89549
v 15.11644 -10.41535 -29.0576
v 25.32915 -10.41535 -29.54392
v 14.95433 -7.740589 -29.46286
v 14.95433 -10.41535 -29.46286
v 25.32915 -7.82164 -29.54392
v 25.32915 -7.82164 -29.54392
v 15.03538 -7.740589 -28.81444
v 14.95433 -7.740589 -29.46286
v 15.03538 -7.740589 -28.81444
v 25.32915 -7.82164 -29.54392
v 31.16498 -7.82164 -28.73339
v 33.75869 -17.06171 -29.2197
v 38.13556 -10.33429 -28.89549
v 33.75869 -10.41535 -29.2197
v 38.13556 -17.22382 -28.89549
v 33.75869 -10.41535 -29.86813
v 38.13556 -10.33429 -28.89549
v 40.324 -10.33429 -28.89549
v 33.75869 -10.41535 -29.2197
v 40.324 -7.740589 -28.89549
v 33.75869 -10.41535 -29.86813
v 40.324 -10.33429 -28.89549
v 33.75869 -7.82164 -29.86813
v 31.16498 -7.82164 -28.73339
v 40.324 -7.740589 -28.89549
v 39.67558 -7.659534 -28.89549
v 40.324 -7.740589 -28.89549
v 31.16498 -7.82164 -28.73339
v 33.75869 -7.82164 -29.86813
v 14.95433 -3.444763 -28.89549
v 33.51553 0.3647385 -29.13865
v 14.95433 0.2836838 -28.89549
v 33.51553 -3.444763 -29.38181
v 39.67558 0.1215782 -28.89549
v 33.51553 -3.444763 -29.38181
v 39.67558 -3.525818 -28.89549
v 33.51553 0.3647385 -29.13865
v 39.67558 4.174244 -28.89549
v 33.51553 0.3647385 -29.13865
v 39.67558 0.1215782 -28.89549
v 33.51553 4.336349 -29.13865
v 14.95433 0.2836838 -28.89549
v 33.51553 4.336349 -29.13865
v 14.95433 4.255295 -28.89549
v 33.51553 0.3647385 -29.13865
v 25.00493 -7.983749 -29.0576
v 33.51553 -3.444763 -29.38181
v 25.00493 -3.444763 -29.0576
v 33.51553 -7.983749 -29.38181
v 14.95433 -7.983749 -28.89549
v 25.00493 -3.444763 -29.0576
v 14.95433 -3.444763 -28.89549
v 25.00493 -7.983749 -29.0576
v 39.67558 -3.525818 -28.89549
v 33.51553 -7.983749 -29.38181
v 39.67558 -7.578484 -28.89549
v 33.51553 -3.444763 -29.38181
vt 0.6223886 0.9237969
vt 0.6223886 0.9962132
vt 0.7319916 0.9962132
vt 0.7319916 0.9237969
vt 0.4012254 0.09003106
vt 0.3855678 0.0645875
vt 0.3855678 0.09198825
vt 0.4012254 0.0626303
vt 0.3816534 0.09785984
vt 0.3699102 0.07437348
vt 0.3699102 0.1174318
vt 0.3816534 0.07437348
vt 0.4638557 0.1174318
vt 0.4638557 0.09785984
vt 0.3738246 0.1448326
vt 0.4755988 0.1213462
vt 0.3738246 0.1213462
vt 0.4755988 0.1448326
vt 0.8924817 0
vt 0.9414117 0.03914393
vt 0.9355401 0
vt 0.8963962 0.03914393
vt 1.000128 0.1037314
vt 0.6497893 0.05675871
vt 0.6419606 0.1037314
vt 0.9981704 0.05480151
vt 0.7124196 0
vt 0.9394545 0.03914393
vt 0.9394545 0
vt 0.7124196 0.04110114
vt 0.3855678 0.04501553
vt 0.3346806 0
vt 0.3855678 0
vt 0.3346806 0.04501553
vt 0.3855678 0
vt 0.3229375 0.04501553
vt 0.3855678 0.04501553
vt 0.3229375 0
vt 0.2563928 0.02935795
vt 0.2720504 0.0606731
vt 0.2563928 0.0606731
vt 0.2720504 0.02935795
vt 0.2505212 0.02348636
vt 0.2505212 0.0606731
vt 0.2720504 0.02348636
vt 0.358167 0
vt 0.3170659 0.04501553
vt 0.358167 0.04501553
vt 0.3170659 0
vt 0.3855678 0.04501553
vt 0.3346806 0
vt 0.3346806 0.04501553
vt 0.3855678 0
vt 0.3855678 0
vt 0.358167 0.04501553
vt 0.358167 0
vt 0.3855678 0.04501553
vt 0.3170659 0.04501553
vt 0.3170659 0
vt 0.2563928 0.02935795
vt 0.2720504 0.0606731
vt 0.2720504 0.02935795
vt 0.2563928 0.0606731
vt 0.2505212 0.02348636
vt 0.2505212 0.0606731
vt 0.2720504 0.02348636
vt 0.2916223 0.08220227
vt 0.3170659 0.1781049
vt 0.3170659 0.08220227
vt 0.2916223 0.1781049
vt 0.2916223 0.08220227
vt 0.3170659 0.1781049
vt 0.3170659 0.08220227
vt 0.2916223 0.1781049
vt 0.248564 0.1174318
vt 0.3503382 0.1213462
vt 0.3503382 0.1174318
vt 0.248564 0.1213462
vt 0.3503382 0.1272178
vt 0.248564 0.1272178
vt 0.248564 0.1311322
vt 0.3503382 0.1311322
vt 0.4912564 0.001957197
vt 0.3914394 0.01565757
vt 0.4912564 0.01565757
vt 0.3914394 0.001957197
vt 0.4912564 0.01565757
vt 0.3914394 0.001957197
vt 0.4912564 0.001957197
vt 0.3914394 0.01565757
vt 0.9903416 0.03718674
vt 0.9668552 0
vt 0.9903416 0
vt 0.9903416 0.03718674
vt 0.9903416 0
vt 0.9668552 0
vt 0.9903416 0.03718674
vt 0.9903416 0.03718674
vt 0.9903416 0
vt 0.9903416 0
vt 0.9668552 0
vt 0.9903416 0
vt 0.9903416 0
vt 0.248564 0.1213462
vt 0.3503382 0.1174318
vt 0.3503382 0.1213462
vt 0.248564 0.1272178
vt 0.3503382 0.1272178
vt 0.248564 0.1311322
vt 0.3503382 0.1311322
vt 0.4912564 0.001957197
vt 0.3914394 0.01565757
vt 0.3914394 0.001957197
vt 0.4912564 0.01565757
vt 0.4912564 0.01565757
vt 0.3914394 0.001957197
vt 0.3914394 0.01565757
vt 0.4912564 0.001957197
vt 0.9922988 0.1272178
vt 0.5088712 0.2348636
vt 0.9922988 0.2348636
vt 0.5088712 0.1272178
vt 0.3503382 0.1272178
vt 0.3033655 0.1311322
vt 0.3033655 0.1272178
vt 0.3503382 0.1311322
vt 0.3503382 0.1213462
vt 0.3033655 0.1213462
vt 0.3503382 0.1272178
vt 0.3033655 0.1311322
vt 0.3033655 0.1272178
vt 0.3503382 0.1311322
vt 0.3503382 0.1213462
vt 0.3033655 0.1213462
vt 0.5029996 0.08415946
vt 0.5049568 0.06850189
vt 0.5029996 0.06850189
vt 0.5049568 0.08415946
vt 0.5245287 0.02740076
vt 0.5147428 0.02740076
vt 0.5147428 0.02740076
vt 0.5245287 0.02740076
vt 0.5029996 0.08415946
vt 0.5049568 0.08415946
vt 0.5029996 0.08415946
vt 0.5049568 0.08415946
vt 0.5029996 0.08415946
vt 0.5049568 0.06850189
vt 0.5049568 0.08415946
vt 0.5029996 0.06850189
vt 0.5147428 0.01565757
vt 0.5127856 0.007828787
vt 0.5147428 0.007828787
vt 0.5127856 0.01565757
vt 0.5088712 0.04892992
vt 0.5127856 0.04501553
vt 0.5088712 0.04501553
vt 0.5127856 0.04892992
vt 0.5186571 0.04501553
vt 0.5186571 0.04892992
vt 0.5127856 0.05480151
vt 0.5167 0.05480151
vt 0.5127856 0.0606731
vt 0.5167 0.05871591
vt 0.5088712 0.05480151
vt 0.5108284 0.0606731
vt 0.5127856 0.0626303
vt 0.5108284 0.0645875
vt 0.5088712 0.07437348
vt 0.5167 0.07828787
vt 0.5167 0.07828787
vt 0.5167 0.07828787
vt 0.5088712 0.07437348
vt 0.5167 0.07437348
vt 0.5088712 0.06850189
vt 0.5167 0.06850189
vt 0.5167 0.07828787
vt 0.5167 0.08807386
vt 0.5167 0.08807386
vt 0.5167 0.07828787
vt 0.5167 0.09394545
vt 0.5167 0.09394545
vt 0.5127856 0.02152917
vt 0.5127856 0.02348636
vt 0.5127856 0.02348636
vt 0.5127856 0.02152917
vt 0.5127856 0.04501553
vt 0.5127856 0.04110114
vt 0.5127856 0.04501553
vt 0.5127856 0.04110114
vt 0.5127856 0.03522954
vt 0.5127856 0.03522954
vt 0.5127856 0.02935795
vt 0.5127856 0.02935795
vt 0.5088712 0.04892992
vt 0.5127856 0.04501553
vt 0.5127856 0.04892992
vt 0.5088712 0.04501553
vt 0.5186571 0.04501553
vt 0.5186571 0.04892992
vt 0.5127856 0.05480151
vt 0.5167 0.05480151
vt 0.5088712 0.05480151
vt 0.5127856 0.0606731
vt 0.5167 0.05480151
vt 0.5167 0.05871591
vt 0.5127856 0.05480151
vt 0.5108284 0.0606731
vt 0.5088712 0.05480151
vt 0.5127856 0.0626303
vt 0.5108284 0.0645875
vt 0.3894822 0.02740076
vt 0.4110113 0.03522954
vt 0.3894822 0.03522954
vt 0.4110113 0.02740076
vt 0.3855678 0.0626303
vt 0.4110113 0.05675871
vt 0.3855678 0.05675871
vt 0.4110113 0.0626303
vt 0.5029996 0.04697273
vt 0.5049568 0.05675871
vt 0.5029996 0.05675871
vt 0.5049568 0.04697273
vt 0.5049568 0.0626303
vt 0.5029996 0.05675871
vt 0.5029996 0.0626303
vt 0.5049568 0.05675871
vt 0.3894822 0.02740076
vt 0.4110113 0.03522954
vt 0.3894822 0.03522954
vt 0.4110113 0.02740076
vt 0.3855678 0.0626303
vt 0.4110113 0.05675871
vt 0.3855678 0.05675871
vt 0.4110113 0.0626303
vt 0.5029996 0.04697273
vt 0.5049568 0.05675871
vt 0.5029996 0.05675871
vt 0.5049568 0.04697273
vt 0.5049568 0.0626303
vt 0.5029996 0.05675871
vt 0.5029996 0.0626303
vt 0.5049568 0.05675871
vt 0.6243458 0.1174318
vt 0.5401863 0.1135174
vt 0.5401863 0.1174318
vt 0.6243458 0.1135174
vt 0.6243458 0.1135174
vt 0.5401863 0.1174318
vt 0.6243458 0.1174318
vt 0.5401863 0.1135174
vt 0.596945 0.1135174
vt 0.5538867 0.1174318
vt 0.596945 0.1174318
vt 0.5538867 0.1135174
vt 0.5362719 0.0645875
vt 0.6282602 0.1135174
vt 0.6282602 0.0645875
vt 0.5362719 0.1135174
vt 0.6028166 0.1135174
vt 0.5617155 0.1174318
vt 0.6028166 0.1174318
vt 0.5617155 0.1135174
vt 0.5675871 0.02935795
vt 0.5773731 0.03914393
vt 0.5773731 0.02935795
vt 0.5675871 0.03914393
vt 0.5421435 0.1135174
vt 0.6243458 0.1174318
vt 0.6282602 0.1135174
vt 0.5441007 0.1174318
vt 0.5675871 0.1135174
vt 0.5773731 0.1174318
vt 0.5773731 0.1135174
vt 0.5715015 0.1174318
vt 0.6282602 0.1174318
vt 0.5441007 0.1135174
vt 0.5421435 0.1174318
vt 0.6243458 0.1135174
vt 0.5773731 0.1174318
vt 0.5715015 0.1174318
vt 0.5675871 0.1174318
vt 0.5773731 0.1174318
vt 0.5773731 0.02935795
vt 0.5773731 0.03131515
vt 0.5773731 0.03131515
vt 0.5773731 0.02935795
vt 0.5773731 0.02935795
vt 0.5773731 0.03131515
vt 0.5773731 0.02935795
vt 0.5773731 0.03131515
vt 0.5773731 0.02935795
vt 0.5773731 0.04697273
vt 0.5773731 0.04697273
vt 0.5773731 0.02935795
vt 0.5793303 0.02935795
vt 0.5773731 0.04697273
vt 0.5793303 0.04697273
vt 0.5773731 0.02935795
vt 0.5773731 0.02935795
vt 0.5773731 0.04697273
vt 0.5773731 0.04697273
vt 0.5773731 0.02935795
vt 0.5793303 0.03131515
vt 0.5793303 0.04697273
vt 0.5793303 0.04697273
vt 0.5793303 0.03131515
vt 0.5793303 0.04697273
vt 0.5793303 0.03131515
vt 0.5793303 0.04697273
vt 0.5793303 0.03131515
vt 0.5793303 0.03131515
vt 0.5793303 0.04697273
vt 0.5793303 0.03131515
vt 0.5793303 0.04697273
vt 0.5793303 0.03131515
vt 0.5793303 0.04697273
vt 0.5793303 0.03131515
vt 0.5793303 0.04697273
vt 0.5793303 0.03131515
vt 0.5793303 0.04697273
vt 0.5793303 0.04697273
vt 0.5793303 0.03131515
vt 0.5793303 0.04697273
vt 0.5793303 0.03131515
vt 0.5793303 0.04697273
vt 0.5793303 0.03131515
vt 0.5793303 0.03131515
vt 0.5793303 0.04697273
vt 0.5793303 0.03131515
vt 0.5793303 0.04697273
vt 0.5793303 0.03131515
vt 0.5793303 0.04697273
vt 0.5793303 0.03131515
vt 0.5793303 0.04697273
vt 0.5773731 0.04501553
vt 0.5773731 0.04697273
vt 0.5773731 0.04501553
vt 0.5773731 0.04697273
vt 0.5773731 0.04501553
vt 0.5773731 0.04697273
vt 0.5773731 0.04697273
vt 0.5773731 0.04501553
vt 0.5773731 0.04697273
vt 0.5773731 0.02935795
vt 0.5773731 0.04697273
vt 0.5773731 0.02935795
vt 0.5793303 0.04697273
vt 0.5773731 0.02935795
vt 0.5773731 0.04697273
vt 0.5793303 0.02935795
vt 0.5773731 0.04697273
vt 0.5773731 0.02935795
vt 0.5773731 0.04697273
vt 0.5773731 0.02935795
vt 0.5793303 0.04697273
vt 0.5793303 0.03131515
vt 0.5793303 0.04697273
vt 0.5793303 0.03131515
vt 0.5793303 0.03131515
vt 0.5793303 0.04697273
vt 0.5793303 0.04697273
vt 0.5793303 0.03131515
vt 0.5793303 0.03131515
vt 0.5793303 0.04697273
vt 0.5793303 0.04697273
vt 0.5793303 0.03131515
vt 0.5793303 0.03131515
vt 0.5793303 0.04697273
vt 0.5793303 0.04697273
vt 0.5793303 0.03131515
vt 0.5793303 0.04697273
vt 0.5793303 0.03131515
vt 0.5793303 0.04697273
vt 0.5793303 0.03131515
vt 0.5793303 0.03131515
vt 0.5793303 0.04697273
vt 0.5793303 0.04697273
vt 0.5793303 0.03131515
vt 0.5793303 0.03131515
vt 0.5793303 0.04697273
vt 0.5793303 0.04697273
vt 0.5793303 0.03131515
vt 0.5793303 0.03131515
vt 0.5793303 0.04697273
vt 0.5793303 0.04697273
vt 0.5793303 0.03131515
vt 0.5127856 0.6478322
vt 0.5499723 0.4990852
vt 0.5499723 0.6478322
vt 0.5127856 0.4990852
vt 0.4990852 0.6478322
vt 0.5499723 0.4990852
vt 0.5499723 0.6478322
vt 0.4990852 0.4990852
vt 0.5304003 0.6478322
vt 0.5499723 0.4990852
vt 0.5499723 0.6478322
vt 0.5304003 0.4990852
vt 0.765264 0.9218397
vt 0.8337659 0.8435518
vt 0.765264 0.8435518
vt 0.8337659 0.9218397
vt 0.7339488 0.8592094
vt 0.7633067 0.8866102
vt 0.7633067 0.8592094
vt 0.7339488 0.8866102
vt 0.8337659 0.9962132
vt 0.8181083 0.9237969
vt 0.8181083 0.9962132
vt 0.8337659 0.9237969
vt 0.765264 0.9237969
vt 0.765264 0.9962132
vt 0.6223886 0.9237969
vt 0.7319916 0.9962132
vt 0.7319916 0.9237969
vt 0.6223886 0.9962132
vt 0.7496064 0.4990852
vt 0.6713185 0.5558439
vt 0.7496064 0.5558439
vt 0.6713185 0.4990852
vt 0.7241628 0.9237969
vt 0.5558439 0.9962132
vt 0.7241628 0.9962132
vt 0.5558439 0.9237969
vt 0.9707696 0.7809215
vt 0.9981704 0.7417776
vt 0.9707696 0.7417776
vt 0.9981704 0.7809215
vt 0.9394545 0.7809215
vt 0.9394545 0.7417776
vt 0.9394545 0.5617155
vt 0.7867931 0.5852019
vt 0.9394545 0.5852019
vt 0.7867931 0.5617155
vt 0.5617155 0.9237969
vt 0.7633067 0.9962132
vt 0.7633067 0.9237969
vt 0.5617155 0.9962132
vt 0.9394545 0.5793303
vt 0.7867931 0.5734587
vt 0.7867931 0.5793303
vt 0.7985363 0.5734587
vt 0.9394545 0.5734587
vt 0.7222056 0.6595753
vt 0.7124196 0.6478322
vt 0.7124196 0.6595753
vt 0.7222056 0.6478322
vt 0.7222056 0.6595753
vt 0.7124196 0.6478322
vt 0.7124196 0.6595753
vt 0.7222056 0.6478322
vt 0.7222056 0.6595753
vt 0.7124196 0.6478322
vt 0.7124196 0.6595753
vt 0.7222056 0.6478322
vt 0.7222056 0.6595753
vt 0.7124196 0.6478322
vt 0.7124196 0.6595753
vt 0.7222056 0.6478322
vt 0.7222056 0.6595753
vt 0.7124196 0.6478322
vt 0.7124196 0.6595753
vt 0.7222056 0.6478322
vt 0.7222056 0.6595753
vt 0.7124196 0.6478322
vt 0.7124196 0.6595753
vt 0.7222056 0.6478322
vt 0.7222056 0.6595753
vt 0.7124196 0.6478322
vt 0.7124196 0.6595753
vt 0.7222056 0.6478322
vt 0.7222056 0.6595753
vt 0.7124196 0.6478322
vt 0.7124196 0.6595753
vt 0.7222056 0.6478322
vt 0.7222056 0.6595753
vt 0.7124196 0.6478322
vt 0.7124196 0.6595753
vt 0.7222056 0.6478322
vt 0.7222056 0.6595753
vt 0.7124196 0.6478322
vt 0.7124196 0.6595753
vt 0.7222056 0.6478322
vt 0.8768242 0.8396375
vt 0.8122367 0.7809215
vt 0.8122367 0.8396375
vt 0.8768242 0.7809215
vt 0.8768242 0.8396375
vt 0.8122367 0.7809215
vt 0.8122367 0.8396375
vt 0.8768242 0.7809215
vt 0.8768242 0.8396375
vt 0.8122367 0.7809215
vt 0.8122367 0.8396375
vt 0.8768242 0.7809215
vt 0.8768242 0.8396375
vt 0.8122367 0.7809215
vt 0.8122367 0.8396375
vt 0.8768242 0.7809215
vt 0.8768242 0.8396375
vt 0.8122367 0.7809215
vt 0.8122367 0.8396375
vt 0.8768242 0.7809215
vt 0.8768242 0.8396375
vt 0.8122367 0.7809215
vt 0.8122367 0.8396375
vt 0.8768242 0.7809215
vt 0.8768242 0.8396375
vt 0.8122367 0.7809215
vt 0.8122367 0.8396375
vt 0.8768242 0.7809215
vt 0.8768242 0.8396375
vt 0.8122367 0.7809215
vt 0.8122367 0.8396375
vt 0.8768242 0.7809215
vt 0.8768242 0.8396375
vt 0.8122367 0.7809215
vt 0.8122367 0.8396375
vt 0.8768242 0.7809215
vt 0.8768242 0.8396375
vt 0.8122367 0.7809215
vt 0.8122367 0.8396375
vt 0.8768242 0.7809215
vt 0.8807386 0.8592094
vt 0.9237969 0.8983533
vt 0.9237969 0.8592094
vt 0.8807386 0.8983533
vt 0.8807386 0.8592094
vt 0.9237969 0.8983533
vt 0.9237969 0.8592094
vt 0.8807386 0.8983533
vt 0.8807386 0.8592094
vt 0.9237969 0.8983533
vt 0.9237969 0.8592094
vt 0.8807386 0.8983533
vt 0.8807386 0.8592094
vt 0.9237969 0.8983533
vt 0.9237969 0.8592094
vt 0.8807386 0.8983533
vt 0.8102795 0.98447
vt 0.8044079 0.9590265
vt 0.8044079 0.98447
vt 0.8102795 0.9590265
vt 0.8102795 0.9590265
vt 0.8044079 0.98447
vt 0.8044079 0.9590265
vt 0.8044079 0.9590265
vt 0.8102795 0.98447
vt 0.8102795 0.9590265
vt 0.8044079 0.98447
vt 0.6478322 0.6400034
vt 0.5558439 0.5617155
vt 0.5558439 0.6400034
vt 0.6478322 0.5617155
vt 0.8983533 0.9707696
vt 0.8924817 0.9218397
vt 0.8924817 0.9707696
vt 0.8983533 0.9218397
vt 0.8983533 0.9707696
vt 0.8924817 0.9218397
vt 0.8924817 0.9707696
vt 0.8983533 0.9218397
vt 0.8983533 0.9707696
vt 0.8924817 0.9218397
vt 0.8924817 0.9707696
vt 0.8983533 0.9218397
vt 0.8983533 0.9707696
vt 0.8924817 0.9218397
vt 0.8924817 0.9707696
vt 0.8983533 0.9218397
vt 0.6987193 0.6654469
vt 0.6713185 0.6419606
vt 0.6713185 0.6654469
vt 0.6987193 0.6419606
vt 0.6987193 0.6419606
vt 0.6713185 0.6654469
vt 0.6987193 0.6654469
vt 0.6713185 0.6419606
vt 0.6987193 0.6654469
vt 0.6713185 0.6419606
vt 0.6713185 0.6654469
vt 0.6987193 0.6419606
vt 0.6987193 0.6654469
vt 0.6713185 0.6419606
vt 0.6713185 0.6654469
vt 0.6987193 0.6419606
vt 0.6713185 0.6419606
vt 0.6987193 0.6654469
vt 0.6987193 0.6419606
vt 0.6713185 0.6654469
vt 0.8709526 0.7182912
vt 0.7104625 0.7730927
vt 0.8709526 0.7730927
vt 0.7104625 0.7182912
vt 0.6693613 0.7319916
vt 0.7045909 0.7515636
vt 0.7045909 0.7319916
vt 0.6693613 0.7515636
vt 0.616517 0.9237969
vt 0.6811045 0.9962132
vt 0.6811045 0.9237969
vt 0.616517 0.9962132
vt 0.9394545 0.5852019
vt 0.7848359 0.5597583
vt 0.7848359 0.5852019
vt 0.9394545 0.5597583
vt 0.6967621 0.9237969
vt 0.7300344 0.9962132
vt 0.7300344 0.9237969
vt 0.6967621 0.9962132
vt 0.9374973 0.5793303
vt 0.7867931 0.5617155
vt 0.7867931 0.5793303
vt 0.9374973 0.5617155
vt 0.9374973 0.5852019
vt 0.7867931 0.5597583
vt 0.7867931 0.5852019
vt 0.9374973 0.5597583
vt 0.9218397 0.8963962
vt 0.8807386 0.8592094
vt 0.8807386 0.8963962
vt 0.9218397 0.8592094
vt 0.6556609 0.7417776
vt 0.5773731 0.7711356
vt 0.6556609 0.7711356
vt 0.5773731 0.7417776
vt 0.9218397 0.8963962
vt 0.8807386 0.8592094
vt 0.8807386 0.8963962
vt 0.9218397 0.8592094
vt 0.9218397 0.8963962
vt 0.8807386 0.8592094
vt 0.8807386 0.8963962
vt 0.9218397 0.8592094
vt 0.9218397 0.8963962
vt 0.8807386 0.8592094
vt 0.8807386 0.8963962
vt 0.9218397 0.8592094
vt 0.9218397 0.8963962
vt 0.8807386 0.8592094
vt 0.8807386 0.8963962
vt 0.9218397 0.8592094
vt 0.6556609 0.7417776
vt 0.5773731 0.7711356
vt 0.6556609 0.7711356
vt 0.5773731 0.7417776
vt 0.9218397 0.8963962
vt 0.8807386 0.8592094
vt 0.8807386 0.8963962
vt 0.9218397 0.8592094
vt 0.9218397 0.8963962
vt 0.8807386 0.8592094
vt 0.8807386 0.8963962
vt 0.9218397 0.8592094
vt 0.9218397 0.8963962
vt 0.8807386 0.8592094
vt 0.8807386 0.8963962
vt 0.9218397 0.8592094
vt 0.8983533 0.7182912
vt 0.8983533 0.7633067
vt 0.9218397 0.7633067
vt 0.9218397 0.6106454
vt 0.8983533 0.6106454
vt 0.8924817 0.6908905
vt 0.7985363 0.7770072
vt 0.8924817 0.7770072
vt 0.7985363 0.6908905
vt 0.9394545 0.9962132
vt 0.8670382 0.8435518
vt 0.8670382 0.9962132
vt 0.8670382 0.8435518
vt 0.9394545 0.9962132
vt 0.9394545 0.8435518
vt 0.7985363 0.7770072
vt 0.8611666 0.6908905
vt 0.8611666 0.7770072
vt 0.8611666 0.6908905
vt 0.7985363 0.7770072
vt 0.7985363 0.6908905
vt 0.7965791 0.645875
vt 0.7515636 0.6889333
vt 0.7965791 0.6889333
vt 0.7104625 0.645875
vt 0.7104625 0.6889333
vt 0.9218397 0.6595753
vt 0.9218397 0.7398204
vt 0.9296685 0.6908905
vt 0.7613496 0.9218397
vt 0.7339488 0.8963962
vt 0.7339488 0.9218397
vt 0.7339488 0.8963962
vt 0.7613496 0.9218397
vt 0.7613496 0.8963962
vt 0.7339488 0.8435518
vt 0.7613496 0.9218397
vt 0.7613496 0.8435518
vt 0.7339488 0.9218397
vt 0.6693613 0.7770072
vt 0.7965791 0.8435518
vt 0.7965791 0.7770072
vt 0.6713185 0.8435518
vt 0.9374973 0.5812874
vt 0.9061821 0.5734587
vt 0.9061821 0.5812874
vt 0.8670382 0.5852019
vt 0.8670382 0.5617155
vt 0.8337659 0.9962132
vt 0.765264 0.9237969
vt 0.765264 0.9962132
vt 0.8337659 0.9237969
vt 0.5617155 0.6419606
vt 0.6674041 0.7319916
vt 0.6674041 0.6419606
vt 0.5617155 0.7319916
vt 0.8729098 0.835723
vt 0.8161511 0.7809215
vt 0.8161511 0.835723
vt 0.8729098 0.7809215
vt 0.8866102 0.7907075
vt 0.8768242 0.7809215
vt 0.8768242 0.7907075
vt 0.8866102 0.7809215
vt 0.8729098 0.835723
vt 0.8161511 0.7809215
vt 0.8161511 0.835723
vt 0.8729098 0.7809215
vt 0.9218397 0.8983533
vt 0.8787814 0.8592094
vt 0.8787814 0.8983533
vt 0.9218397 0.8592094
vt 0.8787814 0.8592094
vt 0.9218397 0.8983533
vt 0.9218397 0.8592094
vt 0.8787814 0.8983533
vt 0.9218397 0.8983533
vt 0.8787814 0.8592094
vt 0.8787814 0.8983533
vt 0.9218397 0.8592094
vt 0.9218397 0.8983533
vt 0.8787814 0.8592094
vt 0.8787814 0.8983533
vt 0.9218397 0.8592094
vt 0.7965791 0.7124196
vt 0.7515636 0.6889333
vt 0.7515636 0.7124196
vt 0.7965791 0.6889333
vt 0.7965791 0.7124196
vt 0.7515636 0.6889333
vt 0.7515636 0.7124196
vt 0.7965791 0.6889333
vt 0.7965791 0.7124196
vt 0.7515636 0.6889333
vt 0.7515636 0.7124196
vt 0.7965791 0.6889333
vt 0.7965791 0.7124196
vt 0.7515636 0.6889333
vt 0.7515636 0.7124196
vt 0.7965791 0.6889333
vt 0.7496064 0.5597583
vt 0.7496064 0.5852019
vt 0.7828788 0.5852019
vt 0.7828788 0.5617155
vt 0.9179253 0.8415946
vt 0.9394545 0.765264
vt 0.9394545 0.8415946
vt 0.9179253 0.765264
vt 0.7476492 0.6595753
vt 0.735906 0.6478322
vt 0.735906 0.6595753
vt 0.7476492 0.6478322
vt 0.9394545 0.765264
vt 0.9179253 0.8415946
vt 0.9179253 0.765264
vt 0.9394545 0.8415946
vt 0.9394545 0.8415946
vt 0.9179253 0.765264
vt 0.9179253 0.8415946
vt 0.9394545 0.765264
vt 0.7965791 0.7124196
vt 0.7515636 0.6889333
vt 0.7515636 0.7124196
vt 0.7965791 0.6889333
vt 0.7965791 0.7124196
vt 0.7515636 0.6889333
vt 0.7515636 0.7124196
vt 0.7965791 0.6889333
vt 0.7965791 0.7124196
vt 0.7515636 0.6889333
vt 0.7515636 0.7124196
vt 0.7965791 0.6889333
vt 0.7965791 0.7124196
vt 0.7515636 0.6889333
vt 0.7515636 0.7124196
vt 0.7965791 0.6889333
vt 0.7965791 0.7124196
vt 0.7515636 0.6889333
vt 0.7515636 0.7124196
vt 0.7965791 0.6889333
vt 0.7633067 0.8435518
vt 0.7496064 0.9218397
vt 0.7496064 0.8435518
vt 0.7633067 0.9218397
vt 0.7633067 0.8435518
vt 0.7496064 0.9218397
vt 0.7496064 0.8435518
vt 0.7633067 0.9218397
vt 0.7633067 0.8435518
vt 0.7496064 0.9218397
vt 0.7496064 0.8435518
vt 0.7633067 0.9218397
vt 0.6869761 0.6595753
vt 0.6732757 0.6478322
vt 0.6732757 0.6595753
vt 0.6869761 0.6478322
vt 0.6869761 0.6595753
vt 0.6732757 0.6478322
vt 0.6732757 0.6595753
vt 0.6869761 0.6478322
vt 0.6869761 0.6595753
vt 0.6732757 0.6478322
vt 0.6732757 0.6595753
vt 0.6869761 0.6478322
vt 0.6869761 0.6595753
vt 0.6732757 0.6478322
vt 0.6732757 0.6595753
vt 0.6869761 0.6478322
vt 0.6869761 0.6595753
vt 0.6732757 0.6478322
vt 0.6732757 0.6595753
vt 0.6869761 0.6478322
vt 0.8455091 0.5852019
vt 0.9355401 0.5617155
vt 0.9355401 0.5852019
vt 0.8455091 0.5617155
vt 0.9355401 0.5852019
vt 0.8455091 0.5617155
vt 0.8455091 0.5852019
vt 0.9355401 0.5617155
vt 0.8474662 0.596945
vt 0.8474662 0.5930306
vt 0.8435518 0.596945
vt 0.8083223 0.5930306
vt 0.8122367 0.596945
vt 0.8415946 0.596945
vt 0.8083223 0.5930306
vt 0.8083223 0.596945
vt 0.8415946 0.5930306
vt 0.8044079 0.5989022
vt 0.8044079 0.5930306
vt 0.8024507 0.5930306
vt 0.8455091 0.596945
vt 0.8494234 0.5930306
vt 0.8024507 0.596945
vt 0.8024507 0.5930306
vt 0.8494234 0.596945
vt 0.8455091 0.5930306
vt 0.8024507 0.596945
vt 0.9394545 0.6028166
vt 0.855295 0.596945
vt 0.855295 0.6028166
vt 0.8044079 0.596945
vt 0.8533378 0.5930306
vt 0.7985363 0.5930306
vt 0.8474662 0.596945
vt 0.8044079 0.596945
vt 0.8474662 0.5930306
vt 0.8044079 0.5930306
vt 0.8474662 0.596945
vt 0.7985363 0.596945
vt 0.8533378 0.5930306
vt 0.8024507 0.5930306
vt 0.8533378 0.596945
vt 0.9355401 0.5617155
vt 0.7867931 0.5715015
vt 0.9355401 0.5715015
vt 0.7867931 0.5617155
vt 0.7867931 0.5617155
vt 0.9355401 0.5812874
vt 0.9355401 0.5617155
vt 0.7867931 0.5812874
vt 0.9394545 0.5793303
vt 0.7848359 0.5656299
vt 0.7848359 0.5793303
vt 0.9394545 0.5656299
vt 0.6693613 0.9962132
vt 0.5715015 0.9237969
vt 0.5715015 0.9962132
vt 0.6693613 0.9237969
vt 0.874867 0.5617155
vt 0.9100965 0.5852019
vt 0.9100965 0.5617155
vt 0.874867 0.5852019
vt 0.8122367 0.5930306
vt 0.8435518 0.596945
vt 0.8435518 0.5930306
vt 0.8122367 0.596945
vt 0.6928477 0.6595753
vt 0.6791473 0.6478322
vt 0.6791473 0.6595753
vt 0.6928477 0.6478322
vt 0.6928477 0.6595753
vt 0.6791473 0.6478322
vt 0.6791473 0.6595753
vt 0.6928477 0.6478322
vt 0.6928477 0.6595753
vt 0.6791473 0.6478322
vt 0.6791473 0.6595753
vt 0.6928477 0.6478322
vt 0.6928477 0.6595753
vt 0.6791473 0.6478322
vt 0.6791473 0.6595753
vt 0.6928477 0.6478322
vt 0.6928477 0.6595753
vt 0.6791473 0.6478322
vt 0.6791473 0.6595753
vt 0.6928477 0.6478322
vt 0.9218397 0.8983533
vt 0.8787814 0.8592094
vt 0.8787814 0.8983533
vt 0.9218397 0.8592094
vt 0.9218397 0.8983533
vt 0.8787814 0.8592094
vt 0.8787814 0.8983533
vt 0.9218397 0.8592094
vt 0.9218397 0.8983533
vt 0.8787814 0.8592094
vt 0.8787814 0.8983533
vt 0.9218397 0.8592094
vt 0.9218397 0.8983533
vt 0.8787814 0.8592094
vt 0.8787814 0.8983533
vt 0.9218397 0.8592094
vt 0.5127856 0.6478322
vt 0.5499723 0.4990852
vt 0.5127856 0.4990852
vt 0.5499723 0.6478322
vt 0.4990852 0.6478322
vt 0.5499723 0.4990852
vt 0.4990852 0.4990852
vt 0.5499723 0.6478322
vt 0.5304003 0.6478322
vt 0.5499723 0.4990852
vt 0.5304003 0.4990852
vt 0.5499723 0.6478322
vt 0.6028166 0.9962132
vt 0.7182912 0.9237969
vt 0.7182912 0.9962132
vt 0.6028166 0.9237969
vt 0.6850189 0.9237969
vt 0.6380461 0.9237969
vt 0.6380461 0.9962132
vt 0.5656299 0.9785984
vt 0.7613496 0.9335829
vt 0.5656299 0.9335829
vt 0.7613496 0.9785984
vt 0.5558439 0.7476492
vt 0.6674041 0.6595753
vt 0.5558439 0.6595753
vt 0.6674041 0.7476492
vt 0.5558439 0.7476492
vt 0.6674041 0.6595753
vt 0.5558439 0.6595753
vt 0.6674041 0.7476492
vt 0.8337659 0.9962132
vt 0.765264 0.9237969
vt 0.765264 0.9962132
vt 0.8337659 0.9237969
vt 0.8337659 0.9962132
vt 0.765264 0.9237969
vt 0.765264 0.9962132
vt 0.8337659 0.9237969
vt 0.6478322 0.5617155
vt 0.5558439 0.6400034
vt 0.6478322 0.6400034
vt 0.5558439 0.5617155
vt 0.8337659 0.9962132
vt 0.765264 0.9237969
vt 0.765264 0.9962132
vt 0.8337659 0.9237969
vt 0.8337659 0.9237969
vt 0.765264 0.9962132
vt 0.8337659 0.9962132
vt 0.765264 0.9237969
vt 0.8083223 0.9472833
vt 0.8102795 0.9433689
vt 0.8083223 0.9433689
vt 0.8102795 0.9472833
vt 0.7319916 0.9179253
vt 0.5558439 0.8455091
vt 0.5558439 0.9179253
vt 0.7319916 0.8455091
vt 0.6869761 0.7809215
vt 0.6869761 0.835723
vt 0.6869761 0.7809215
vt 0.6869761 0.835723
vt 0.7809215 0.7809215
vt 0.6869761 0.7809215
vt 0.7809215 0.7809215
vt 0.6869761 0.7809215
vt 0.7809215 0.835723
vt 0.7809215 0.835723
vt 0.6869761 0.835723
vt 0.6869761 0.835723
vt 0.5127856 0.6478322
vt 0.5499723 0.4990852
vt 0.5499723 0.6478322
vt 0.5127856 0.4990852
vt 0.4990852 0.6478322
vt 0.5499723 0.4990852
vt 0.5499723 0.6478322
vt 0.4990852 0.4990852
vt 0.5304003 0.6478322
vt 0.5499723 0.4990852
vt 0.5499723 0.6478322
vt 0.5304003 0.4990852
vt 0.5127856 0.6478322
vt 0.5499723 0.4990852
vt 0.5127856 0.4990852
vt 0.5499723 0.6478322
vt 0.4990852 0.6478322
vt 0.5499723 0.4990852
vt 0.4990852 0.4990852
vt 0.5499723 0.6478322
vt 0.5304003 0.6478322
vt 0.5499723 0.4990852
vt 0.5304003 0.4990852
vt 0.5499723 0.6478322
vt 0.6223886 0.9237969
vt 0.7319916 0.9962132
vt 0.6223886 0.9962132
vt 0.7319916 0.9237969
vt 0.8983533 0.6713185
vt 0.9237969 0.755478
vt 0.9237969 0.6713185
vt 0.8983533 0.755478
vt 0.3816534 0.2055057
vt 0.2544356 0.2759648
vt 0.3816534 0.2759648
vt 0.2544356 0.2055057
vt 0.4951708 0.2055057
vt 0.4951708 0.2759648
vt 0.4266689 0.1135174
vt 0.4481981 0.1056886
vt 0.4481981 0.1135174
vt 0.4266689 0.1056886
vt 0.4051397 0.1056886
vt 0.4012254 0.1135174
vt 0.001957197 0.04697273
vt 0.2133345 0
vt 0.001957197 0
vt 0.2133345 0.04697273
vt 0.1037314 0.04305833
vt 0.2133345 0.04697273
vt 0.001957197 0.04697273
vt 0.001957197 0
vt 0.228992 0.04697273
vt 0.228992 0
vt 0.001957197 0.04697273
vt 0.001957197 0.04697273
vt 0.2368208 0.04305833
vt 0.228992 0.04697273
vt 0.2368208 0.04305833
vt 0.001957197 0.04697273
vt 0.001957197 0.04305833
vt 0.1741905 0.1761477
vt 0.1996341 0.06654469
vt 0.1996341 0.1761477
vt 0.1741905 0.06654469
vt 0.3816534 0.2055057
vt 0.2505212 0.2759648
vt 0.3816534 0.2759648
vt 0.2505212 0.2055057
vt 0.4110113 0.1135174
vt 0.4423265 0.1056886
vt 0.4423265 0.1135174
vt 0.4423265 0.1056886
vt 0.4110113 0.1135174
vt 0.4110113 0.1056886
vt 0.001957197 0.04697273
vt 0.1820193 0
vt 0.001957197 0
vt 0.1820193 0.04697273
vt 0.1820193 0.04305833
vt 0.001957197 0.04697273
vt 0.001957197 0.04305833
vt 0.1820193 0.04697273
vt 0.001957197 0.04697273
vt 0.09394545 0
vt 0.001957197 0
vt 0.09394545 0.04697273
vt 0.4110113 0.1135174
vt 0.4168829 0.1056886
vt 0.4207973 0.1135174
vt 0.4110113 0.1056886
vt 0.001957197 0.04305833
vt 0.09394545 0.04697273
vt 0.001957197 0.04697273
vt 0.09394545 0.04305833
vt 0.228992 0.1781049
vt 0.1996341 0.09590264
vt 0.228992 0.06850189
vt 0.2152916 0.1781049
vt 0.1741905 0.06850189
vt 0.1741905 0.1781049
vt 0.1820193 0.1781049
vt 0.4286261 0.109603
vt 0.4481981 0.1056886
vt 0.4423265 0.109603
vt 0.4286261 0.1056886
vt 0.4110113 0.1056886
vt 0.4051397 0.109603
vt 0.09394545 0.04697273
vt 0.2152916 0
vt 0.09394545 0
vt 0.2152916 0.04697273
vt 0.2152916 0.04305833
vt 0.09394545 0.04697273
vt 0.09394545 0.04305833
vt 0.2152916 0.04697273
vt 0.001957197 0
vt 0.228992 0.04697273
vt 0.228992 0
vt 0.001957197 0.04697273
vt 0.001957197 0.04697273
vt 0.2368208 0.04305833
vt 0.228992 0.04697273
vt 0.2368208 0.04305833
vt 0.001957197 0.04697273
vt 0.001957197 0.04305833
vt 0.228992 0
vt 0.001957197 0.04697273
vt 0.228992 0.04697273
vt 0.001957197 0
vt 0.4481981 0.1056886
vt 0.4266689 0.1135174
vt 0.4364549 0.1056886
vt 0.4521125 0.1135174
vt 0.4207973 0.1056886
vt 0.4051397 0.1135174
vt 0.4051397 0.1056886
vt 0.228992 0.04697273
vt 0.001957197 0.04305833
vt 0.2368208 0.04305833
vt 0.001957197 0.04697273
vt 0.2309492 0.1781049
vt 0.2231204 0.09590264
vt 0.2309492 0.06654469
vt 0.2231204 0.1781049
vt 0.1839765 0.09590264
vt 0.1741905 0.07633068
vt 0.1741905 0.1781049
vt 0.1839765 0.1781049
vt 0.1741905 0.06654469
vt 0.2720504 0.2015913
vt 0.3796962 0.2798792
vt 0.3796962 0.2015913
vt 0.2720504 0.2798792
vt 0.4442837 0.1056886
vt 0.4384121 0.1135174
vt 0.4540697 0.1135174
vt 0.1741905 0.06654469
vt 0.2309492 0.1781049
vt 0.1741905 0.1781049
vt 0.2309492 0.06654469
vt 0.2231204 0.04697273
vt 0.001957197 0
vt 0.001957197 0.04697273
vt 0.2231204 0
vt 0.1135174 0.04305833
vt 0.2231204 0.04697273
vt 0.001957197 0.04697273
vt 0.001957197 0.04697273
vt 0.2231204 0.04697273
vt 0.4912564 0.2015913
vt 0.3914394 0.2798792
vt 0.4912564 0.2798792
vt 0.3914394 0.2015913
vt 0.1820193 0
vt 0.001957197 0.04697273
vt 0.1820193 0.04697273
vt 0.001957197 0
vt 0.4207973 0.109603
vt 0.4364549 0.1056886
vt 0.4384121 0.109603
vt 0.4168829 0.1056886
vt 0.1820193 0.04697273
vt 0.001957197 0.04305833
vt 0.1820193 0.04305833
vt 0.001957197 0.04305833
vt 0.1820193 0.04697273
vt 0.001957197 0.04697273
vt 0.2231204 0.09394545
vt 0.2309492 0.1781049
vt 0.2231204 0.1781049
vt 0.2309492 0.06654469
vt 0.1820193 0.09394545
vt 0.1741905 0.06654469
vt 0.1741905 0.1781049
vt 0.1820193 0.1781049
vt 0.3796962 0.2015913
vt 0.4951708 0.2798792
vt 0.4951708 0.2015913
vt 0.3796962 0.2798792
vt 0.001957197 0
vt 0.228992 0.04697273
vt 0.228992 0
vt 0.001957197 0.04697273
vt 0.4051397 0.1056886
vt 0.4266689 0.1135174
vt 0.4012254 0.1135174
vt 0.4168829 0.1056886
vt 0.4325405 0.1056886
vt 0.4481981 0.1135174
vt 0.4481981 0.1056886
vt 0.001957197 0.04697273
vt 0.2368208 0.04305833
vt 0.228992 0.04697273
vt 0.2368208 0.04305833
vt 0.001957197 0.04697273
vt 0.001957197 0.04305833
vt 0.1839765 0.09590264
vt 0.1741905 0.1781049
vt 0.1741905 0.06654469
vt 0.1839765 0.1781049
vt 0.2211632 0.09590264
vt 0.2309492 0.06654469
vt 0.2309492 0.1781049
vt 0.2211632 0.1781049
vt 0.001957197 0.04697273
vt 0.2231204 0
vt 0.001957197 0
vt 0.2231204 0.04697273
vt 0.1761477 0.1781049
vt 0.1859337 0.09590264
vt 0.1859337 0.1781049
vt 0.1761477 0.06654469
vt 0.2270348 0.06654469
vt 0.2211632 0.09394545
vt 0.2270348 0.1781049
vt 0.2211632 0.1781049
vt 0.1761477 0.3268519
vt 0.07045908 0.4168829
vt 0.1761477 0.4168829
vt 0.07045908 0.3268519
vt 0.4266689 0.109603
vt 0.4384121 0.1056886
vt 0.4481981 0.109603
vt 0.4051397 0.109603
vt 0.4012254 0.1056886
vt 0.138961 0.3268519
vt 0.03327234 0.4168829
vt 0.138961 0.4168829
vt 0.03327234 0.3268519
vt 0.228992 0
vt 0.001957197 0.04697273
vt 0.228992 0.04697273
vt 0.001957197 0
vt 0.228992 0.04697273
vt 0.001957197 0.04305833
vt 0.2368208 0.04305833
vt 0.001957197 0.04305833
vt 0.228992 0.04697273
vt 0.001957197 0.04697273
vt 0.2192061 0.09394545
vt 0.2270348 0.1781049
vt 0.2192061 0.1781049
vt 0.2270348 0.06654469
vt 0.1820193 0.09394545
vt 0.1741905 0.06654469
vt 0.1741905 0.1781049
vt 0.1820193 0.1781049
vt 0.2309492 0.1781049
vt 0.1741905 0.06654469
vt 0.2309492 0.06654469
vt 0.1741905 0.1781049
vt 0.1781049 0.1781049
vt 0.1859337 0.09590264
vt 0.1859337 0.1781049
vt 0.1781049 0.06654469
vt 0.2270348 0.06654469
vt 0.2192061 0.09394545
vt 0.2270348 0.1781049
vt 0.2211632 0.1781049
vt 0.2466068 0.3268519
vt 0.1428754 0.4168829
vt 0.2466068 0.4168829
vt 0.1428754 0.3268519
vt 0.4012254 0.1056886
vt 0.4207973 0.109603
vt 0.4012254 0.109603
vt 0.4207973 0.1056886
vt 0.4423265 0.109603
vt 0.4423265 0.1056886
vt 0.1918053 0.04697273
vt 0.001957197 0
vt 0.001957197 0.04697273
vt 0.1918053 0
vt 0.001957197 0.04697273
vt 0.09394545 0.04305833
vt 0.1918053 0.04697273
vt 0.1820193 0.1781049
vt 0.1898481 0.09394545
vt 0.1898481 0.1781049
vt 0.1820193 0.06654469
vt 0.2309492 0.06654469
vt 0.2211632 0.09590264
vt 0.2309492 0.1781049
vt 0.2211632 0.1781049
vt 0 0.3268519
vt 0.1037314 0.4168829
vt 0 0.4168829
vt 0.1037314 0.3268519
vt 0.1820193 0.04697273
vt 0.001957197 0
vt 0.001957197 0.04697273
vt 0.1820193 0
vt 0.001957197 0.04305833
vt 0.1820193 0.04697273
vt 0.001957197 0.04697273
vt 0.1820193 0.04305833
vt 0.2466068 0.04697273
vt 0.001957197 0
vt 0.001957197 0.04697273
vt 0.2466068 0
vt 0.4207973 0.1135174
vt 0.4051397 0.1056886
vt 0.4207973 0.1056886
vt 0.4051397 0.1056886
vt 0.4207973 0.1135174
vt 0.4012254 0.1135174
vt 0.2466068 0.04305833
vt 0.001957197 0.04697273
vt 0.001957197 0.04305833
vt 0.001957197 0.04697273
vt 0.2466068 0.04305833
vt 0.2466068 0.04697273
vt 0.4834276 0.109603
vt 0.4325405 0.07437348
vt 0.4325405 0.109603
vt 0.4834276 0.07437348
vt 0.4521125 0.09590264
vt 0.4266689 0.1135174
vt 0.4521125 0.1135174
vt 0.4266689 0.07633068
vt 0.4736416 0.07633068
vt 0.4736416 0.09590264
vt 0.3757818 0.07437348
vt 0.3855678 0.109603
vt 0.4697272 0.109603
vt 0.4697272 0.07437348
vt 0.3640386 0.109603
vt 0.4795132 0.07437348
vt 0.3640386 0.07241628
vt 0.4795132 0.109603
vt 0.3659958 0.1135174
vt 0.4795132 0.07828787
vt 0.3738246 0.07241628
vt 0.4795132 0.1135174
vt 0.4795132 0.07241628
vt 0.4325405 0.07437348
vt 0.4834276 0.109603
vt 0.4834276 0.07437348
vt 0.4325405 0.109603
vt 0.4540697 0.09981704
vt 0.4540697 0.1213462
vt 0.4540697 0.09981704
vt 0.4540697 0.1213462
vt 0.3796962 0.09981704
vt 0.4481981 0.1213462
vt 0.4481981 0.09981704
vt 0.3796962 0.1213462
vt 0.4540697 0.1213462
vt 0.4540697 0.1311322
vt 0.4540697 0.1213462
vt 0.4540697 0.1311322
vt 0.4540697 0.1213462
vt 0.4481981 0.1311322
vt 0.3796962 0.1213462
vt 0.4481981 0.1311322
vt 0.4481981 0.1213462
vt 0.4481981 0.1311322
vt 0.3796962 0.1213462
vt 0.3796962 0.1311322
vt 0.4481981 0.09981704
vt 0.3796962 0.08807386
vt 0.3796962 0.09981704
vt 0.4481981 0.09981704
vt 0.4481981 0.08807386
vt 0.4540697 0.09981704
vt 0.4481981 0.08807386
vt 0.4540697 0.09981704
vt 0.4481981 0.08807386
vt 0.4540697 0.09981704
vt 0.4540697 0.08807386
vt 0.4540697 0.09981704
vt 0.4481981 0.1213462
vt 0.4540697 0.1213462
vt 0.4481981 0.09981704
vt 0.4481981 0.1311322
vt 0.4481981 0.08807386
vt 0.4540697 0.09981704
vt 0.4540697 0.1213462
vt 0.4540697 0.09981704
vt 0.4540697 0.1213462
vt 0.3796962 0.09981704
vt 0.4481981 0.1213462
vt 0.4481981 0.09981704
vt 0.3796962 0.1213462
vt 0.4540697 0.1213462
vt 0.4540697 0.1311322
vt 0.4540697 0.1213462
vt 0.4540697 0.1311322
vt 0.4540697 0.1213462
vt 0.4481981 0.1311322
vt 0.3796962 0.1213462
vt 0.4481981 0.1311322
vt 0.4481981 0.1213462
vt 0.4481981 0.1311322
vt 0.3796962 0.1213462
vt 0.3796962 0.1311322
vt 0.4481981 0.09981704
vt 0.3796962 0.08807386
vt 0.3796962 0.09981704
vt 0.4481981 0.09981704
vt 0.4481981 0.08807386
vt 0.4540697 0.09981704
vt 0.4481981 0.08807386
vt 0.4540697 0.09981704
vt 0.4481981 0.08807386
vt 0.4540697 0.09981704
vt 0.4540697 0.08807386
vt 0.4540697 0.09981704
vt 0.4481981 0.1213462
vt 0.4540697 0.1213462
vt 0.4481981 0.09981704
vt 0.4481981 0.1311322
vt 0.4481981 0.08807386
vt 0.4540697 0.09981704
vt 0.4540697 0.1213462
vt 0.4540697 0.09981704
vt 0.4540697 0.1213462
vt 0.3796962 0.09981704
vt 0.4481981 0.1213462
vt 0.4481981 0.09981704
vt 0.3796962 0.1213462
vt 0.4540697 0.1213462
vt 0.4540697 0.1311322
vt 0.4540697 0.1213462
vt 0.4540697 0.1311322
vt 0.4540697 0.1213462
vt 0.4481981 0.1311322
vt 0.3796962 0.1213462
vt 0.4481981 0.1311322
vt 0.4481981 0.1213462
vt 0.4481981 0.1311322
vt 0.3796962 0.1213462
vt 0.3796962 0.1311322
vt 0.4481981 0.09981704
vt 0.3796962 0.08807386
vt 0.3796962 0.09981704
vt 0.4481981 0.09981704
vt 0.4481981 0.08807386
vt 0.4540697 0.09981704
vt 0.4481981 0.08807386
vt 0.4540697 0.09981704
vt 0.4481981 0.08807386
vt 0.4540697 0.09981704
vt 0.4540697 0.08807386
vt 0.4540697 0.09981704
vt 0.4481981 0.1213462
vt 0.4540697 0.1213462
vt 0.4481981 0.09981704
vt 0.4481981 0.1311322
vt 0.4481981 0.08807386
vt 0.4540697 0.09981704
vt 0.4540697 0.1213462
vt 0.4540697 0.09981704
vt 0.4540697 0.1213462
vt 0.3796962 0.09981704
vt 0.4481981 0.1213462
vt 0.4481981 0.09981704
vt 0.3796962 0.1213462
vt 0.4540697 0.1213462
vt 0.4540697 0.1311322
vt 0.4540697 0.1213462
vt 0.4540697 0.1311322
vt 0.4540697 0.1213462
vt 0.4481981 0.1311322
vt 0.3796962 0.1213462
vt 0.4481981 0.1311322
vt 0.4481981 0.1213462
vt 0.4481981 0.1311322
vt 0.3796962 0.1213462
vt 0.3796962 0.1311322
vt 0.4481981 0.09981704
vt 0.3796962 0.08807386
vt 0.3796962 0.09981704
vt 0.4481981 0.09981704
vt 0.4481981 0.08807386
vt 0.4540697 0.09981704
vt 0.4481981 0.08807386
vt 0.4540697 0.09981704
vt 0.4481981 0.08807386
vt 0.4540697 0.09981704
vt 0.4540697 0.08807386
vt 0.4540697 0.09981704
vt 0.4481981 0.1213462
vt 0.4540697 0.1213462
vt 0.4481981 0.09981704
vt 0.4481981 0.1311322
vt 0.4481981 0.08807386
vt 0.4540697 0.09981704
vt 0.4540697 0.1213462
vt 0.4540697 0.09981704
vt 0.4540697 0.1213462
vt 0.3796962 0.09981704
vt 0.4481981 0.1213462
vt 0.4481981 0.09981704
vt 0.3796962 0.1213462
vt 0.4540697 0.1213462
vt 0.4540697 0.1311322
vt 0.4540697 0.1213462
vt 0.4540697 0.1311322
vt 0.4540697 0.1213462
vt 0.4481981 0.1311322
vt 0.3796962 0.1213462
vt 0.4481981 0.1311322
vt 0.4481981 0.1213462
vt 0.4481981 0.1311322
vt 0.3796962 0.1213462
vt 0.3796962 0.1311322
vt 0.4481981 0.09981704
vt 0.3796962 0.08807386
vt 0.3796962 0.09981704
vt 0.4481981 0.09981704
vt 0.4481981 0.08807386
vt 0.4540697 0.09981704
vt 0.4481981 0.08807386
vt 0.4540697 0.09981704
vt 0.4481981 0.08807386
vt 0.4540697 0.09981704
vt 0.4540697 0.08807386
vt 0.4540697 0.09981704
vt 0.4481981 0.1213462
vt 0.4540697 0.1213462
vt 0.4481981 0.09981704
vt 0.4481981 0.1311322
vt 0.4481981 0.08807386
vt 0.4540697 0.09981704
vt 0.4540697 0.1213462
vt 0.4540697 0.09981704
vt 0.4540697 0.1213462
vt 0.3796962 0.09981704
vt 0.4481981 0.1213462
vt 0.4481981 0.09981704
vt 0.3796962 0.1213462
vt 0.4540697 0.1213462
vt 0.4540697 0.1311322
vt 0.4540697 0.1213462
vt 0.4540697 0.1311322
vt 0.4540697 0.1213462
vt 0.4481981 0.1311322
vt 0.3796962 0.1213462
vt 0.4481981 0.1311322
vt 0.4481981 0.1213462
vt 0.4481981 0.1311322
vt 0.3796962 0.1213462
vt 0.3796962 0.1311322
vt 0.4481981 0.09981704
vt 0.3796962 0.08807386
vt 0.3796962 0.09981704
vt 0.4481981 0.09981704
vt 0.4481981 0.08807386
vt 0.4540697 0.09981704
vt 0.4481981 0.08807386
vt 0.4540697 0.09981704
vt 0.4481981 0.08807386
vt 0.4540697 0.09981704
vt 0.4540697 0.08807386
vt 0.4540697 0.09981704
vt 0.4481981 0.1213462
vt 0.4540697 0.1213462
vt 0.4481981 0.09981704
vt 0.4481981 0.1311322
vt 0.4481981 0.08807386
vt 0.4540697 0.09981704
vt 0.4540697 0.1213462
vt 0.4540697 0.09981704
vt 0.4540697 0.1213462
vt 0.3796962 0.09981704
vt 0.4481981 0.1213462
vt 0.4481981 0.09981704
vt 0.3796962 0.1213462
vt 0.4540697 0.1213462
vt 0.4540697 0.1311322
vt 0.4540697 0.1213462
vt 0.4540697 0.1311322
vt 0.4540697 0.1213462
vt 0.4481981 0.1311322
vt 0.3796962 0.1213462
vt 0.4481981 0.1311322
vt 0.4481981 0.1213462
vt 0.4481981 0.1311322
vt 0.3796962 0.1213462
vt 0.3796962 0.1311322
vt 0.4481981 0.09981704
vt 0.3796962 0.08807386
vt 0.3796962 0.09981704
vt 0.4481981 0.09981704
vt 0.4481981 0.08807386
vt 0.4540697 0.09981704
vt 0.4481981 0.08807386
vt 0.4540697 0.09981704
vt 0.4481981 0.08807386
vt 0.4540697 0.09981704
vt 0.4540697 0.08807386
vt 0.4540697 0.09981704
vt 0.4481981 0.1213462
vt 0.4540697 0.1213462
vt 0.4481981 0.09981704
vt 0.4481981 0.1311322
vt 0.4481981 0.08807386
vt 0.1820193 0.1311322
vt 0.1761477 0.1350466
vt 0.1761477 0.1311322
vt 0.1820193 0.1350466
vt 0.1820193 0.1311322
vt 0.1761477 0.1350466
vt 0.1761477 0.1311322
vt 0.1761477 0.1350466
vt 0.1820193 0.1311322
vt 0.1820193 0.1350466
vt 0.1761477 0.1350466
vt 0.1820193 0.1311322
vt 0.1820193 0.1350466
vt 0.1761477 0.1311322
vt 0.1820193 0.1311322
vt 0.1761477 0.1350466
vt 0.1761477 0.1311322
vt 0.1820193 0.1350466
vt 0.1781049 0.1311322
vt 0.1761477 0.1350466
vt 0.1761477 0.1311322
vt 0.1781049 0.1350466
vt 0.1761477 0.1350466
vt 0.1781049 0.1311322
vt 0.1781049 0.1350466
vt 0.1761477 0.1311322
vt 0.1761477 0.1350466
vt 0.1781049 0.1311322
vt 0.1781049 0.1350466
vt 0.1761477 0.1311322
vt 0.1761477 0.1350466
vt 0.1820193 0.1311322
vt 0.1820193 0.1350466
vt 0.1761477 0.1311322
vt 0.1761477 0.1350466
vt 0.1820193 0.1311322
vt 0.1820193 0.1350466
vt 0.1761477 0.1311322
vt 0.1820193 0.1311322
vt 0.1761477 0.1350466
vt 0.1761477 0.1311322
vt 0.1820193 0.1350466
vt 0.1761477 0.1350466
vt 0.1820193 0.1311322
vt 0.1820193 0.1350466
vt 0.1761477 0.1311322
vt 0.1820193 0.1311322
vt 0.1741905 0.1350466
vt 0.1761477 0.1311322
vt 0.1741905 0.1350466
vt 0.1820193 0.1311322
vt 0.1820193 0.1350466
vt 0.1839765 0.1311322
vt 0.1761477 0.1350466
vt 0.1761477 0.1311322
vt 0.1839765 0.1350466
vt 0.1781049 0.1311322
vt 0.1761477 0.1350466
vt 0.1761477 0.1311322
vt 0.1781049 0.1350466
vt 0.1820193 0.1311322
vt 0.1761477 0.1350466
vt 0.1761477 0.1311322
vt 0.1820193 0.1350466
vt 0.1761477 0.1350466
vt 0.1839765 0.1311322
vt 0.1839765 0.1350466
vt 0.1761477 0.1311322
vt 0.4540697 0.09981704
vt 0.4540697 0.1213462
vt 0.4540697 0.09981704
vt 0.4540697 0.1213462
vt 0.3796962 0.09981704
vt 0.4481981 0.1213462
vt 0.4481981 0.09981704
vt 0.3796962 0.1213462
vt 0.4540697 0.1213462
vt 0.4540697 0.1311322
vt 0.4540697 0.1213462
vt 0.4540697 0.1311322
vt 0.4540697 0.1213462
vt 0.4481981 0.1311322
vt 0.3796962 0.1213462
vt 0.4481981 0.1311322
vt 0.4481981 0.1213462
vt 0.4481981 0.1311322
vt 0.3796962 0.1213462
vt 0.3796962 0.1311322
vt 0.4481981 0.09981704
vt 0.3796962 0.08807386
vt 0.3796962 0.09981704
vt 0.4481981 0.09981704
vt 0.4481981 0.08807386
vt 0.4540697 0.09981704
vt 0.4481981 0.08807386
vt 0.4540697 0.09981704
vt 0.4481981 0.08807386
vt 0.4540697 0.09981704
vt 0.4540697 0.08807386
vt 0.4540697 0.09981704
vt 0.4481981 0.1213462
vt 0.4540697 0.1213462
vt 0.4481981 0.09981704
vt 0.4481981 0.1311322
vt 0.4481981 0.08807386
vt 0.1781049 0.1311322
vt 0.1761477 0.1350466
vt 0.1761477 0.1311322
vt 0 0.2074629
vt 0.2446496 0.2642216
vt 0.2446496 0.2074629
vt 0 0.2642216
vt 0.2446496 0.3268519
vt 0 0.3268519
vt 0.2446496 0.2074629
vt 0 0.2642216
vt 0.2446496 0.2642216
vt 0 0.2074629
vt 0 0.3268519
vt 0.2446496 0.3268519
vt 0 0.2074629
vt 0.1820193 0.2642216
vt 0.1820193 0.2074629
vt 0 0.2642216
vt 0 0.2074629
vt 0.2446496 0.2642216
vt 0.2446496 0.2074629
vt 0 0.2642216
vt 0 0.2642216
vt 0.1820193 0.2074629
vt 0 0.2074629
vt 0.1820193 0.2642216
vt 0.09003106 0.2055057
vt 0.1467898 0.2642216
vt 0.1467898 0.2055057
vt 0.09003106 0.2642216
vt 0 0.2642216
vt 0.2211632 0.2074629
vt 0 0.2074629
vt 0.2211632 0.2642216
vt 0 0.2074629
vt 0.2055057 0.2642216
vt 0.2055057 0.2074629
vt 0 0.2642216
vt 0 0.3229375
vt 0.2055057 0.3229375
vt 0.1467898 0.3033655
vt 0.09003106 0.2446496
vt 0.09003106 0.3033655
vt 0.1467898 0.2446496
vt 0 0.3033655
vt 0.1467898 0.2446496
vt 0 0.2446496
vt 0.1467898 0.3033655
vt 0 0.3033655
vt 0.1467898 0.2446496
vt 0 0.2446496
vt 0.1467898 0.3033655
vt 0.1467898 0.3268519
vt 0.09003106 0.2642216
vt 0.09003106 0.3268519
vt 0.1467898 0.2642216
vt 0 0.3268519
vt 0.1467898 0.2642216
vt 0 0.2642216
vt 0.1467898 0.3268519
vt 0 0.3268519
vt 0.1467898 0.2642216
vt 0 0.2642216
vt 0.1467898 0.3268519
vt 0 0.3268519
vt 0.1467898 0.2642216
vt 0 0.2642216
vt 0.1467898 0.3268519
vt 0.1467898 0.3033655
vt 0.09003106 0.2446496
vt 0.09003106 0.3033655
vt 0.1467898 0.2446496
vt 0 0.3033655
vt 0.1467898 0.2446496
vt 0 0.2446496
vt 0.1467898 0.3033655
vt 0.1467898 0.3268519
vt 0 0.2642216
vt 0.1467898 0.2642216
vt 0 0.3268519
vt 0.2446496 0.3268519
vt 0 0.2642216
vt 0 0.3268519
vt 0.2446496 0.2642216
vt 0.2055057 0.3229375
vt 0 0.2642216
vt 0.2055057 0.2642216
vt 0 0.3229375
vt 0 0.3229375
vt 0.2055057 0.2642216
vt 0 0.2642216
vt 0.2055057 0.3229375
vt 0.2055057 0.2074629
vt 0 0.2074629
vt 0.1467898 0.3033655
vt 0.09003106 0.2446496
vt 0.09003106 0.3033655
vt 0.1467898 0.2446496
vt 0.1467898 0.2055057
vt 0 0.2642216
vt 0.1467898 0.2642216
vt 0 0.2055057
vt 0 0.2642216
vt 0.1467898 0.2055057
vt 0 0.2055057
vt 0.1467898 0.2642216
vt 0 0.3033655
vt 0.1467898 0.2446496
vt 0 0.2446496
vt 0.1467898 0.3033655
vt 0.1467898 0.2446496
vt 0 0.3033655
vt 0.1467898 0.3033655
vt 0 0.2446496
vt 0 0.3268519
vt 0.1467898 0.2642216
vt 0 0.2642216
vt 0.1467898 0.3268519
vt 0.1467898 0.2642216
vt 0 0.3268519
vt 0.1467898 0.3268519
vt 0 0.2642216
vt 0 0.3033655
vt 0.1467898 0.2446496
vt 0 0.2446496
vt 0.1467898 0.3033655
vt 0.1467898 0.2446496
vt 0 0.3033655
vt 0.1467898 0.3033655
vt 0 0.2446496
vt 0 0.3033655
vt 0.1467898 0.2446496
vt 0 0.2446496
vt 0.1467898 0.3033655
vt 0.1467898 0.2446496
vt 0 0.3033655
vt 0.1467898 0.3033655
vt 0 0.2446496
vt 0 0.3033655
vt 0.1467898 0.2446496
vt 0 0.2446496
vt 0.1467898 0.3033655
vt 0 0.3268519
vt 0.1467898 0.2642216
vt 0 0.2642216
vt 0.1467898 0.3268519
vt 0 0.3033655
vt 0.1467898 0.2446496
vt 0 0.2446496
vt 0.1467898 0.3033655
vt 0.2446496 0.2074629
vt 0 0.2642216
vt 0.2446496 0.2642216
vt 0 0.2074629
vt 0 0.3268519
vt 0.2446496 0.3268519
vt 0 0.2642216
vt 0.2446496 0.2074629
vt 0 0.2074629
vt 0.2446496 0.2642216
vt 0 0.3268519
vt 0.2446496 0.3268519
vt 0 0.3033655
vt 0.1467898 0.2446496
vt 0 0.2446496
vt 0.1467898 0.3033655
vt 0.1467898 0.2446496
vt 0 0.3033655
vt 0.1467898 0.3033655
vt 0 0.2446496
vt 0 0.3268519
vt 0.1467898 0.2642216
vt 0 0.2642216
vt 0.1467898 0.3268519
vt 0.1467898 0.2642216
vt 0 0.3268519
vt 0.1467898 0.3268519
vt 0 0.2642216
vt 0 0.3268519
vt 0.1467898 0.2642216
vt 0 0.2642216
vt 0.1467898 0.3268519
vt 0.1467898 0.2642216
vt 0 0.3268519
vt 0.1467898 0.3268519
vt 0 0.2642216
vt 0.2055057 0.3229375
vt 0 0.2642216
vt 0.2055057 0.2642216
vt 0 0.3229375
vt 0.1467898 0.3268519
vt 0 0.2642216
vt 0.1467898 0.2642216
vt 0 0.3268519
vt 0.2270348 0.06654469
vt 0.1761477 0.1820193
vt 0.1761477 0.06654469
vt 0.2270348 0.1820193
vt 0.2270348 0.06654469
vt 0.1761477 0.1820193
vt 0.1761477 0.06654469
vt 0.2270348 0.1820193
vt 0.2270348 0.06654469
vt 0.1761477 0.1820193
vt 0.1761477 0.06654469
vt 0.2270348 0.1820193
vt 0.1761477 0.06654469
vt 0.2270348 0.1820193
vt 0.1761477 0.1820193
vt 0.2270348 0.06654469
vt 0.2270348 0.06654469
vt 0.1937625 0.1820193
vt 0.1937625 0.06654469
vt 0.2270348 0.1820193
vt 0.1761477 0.06654469
vt 0.2270348 0.1820193
vt 0.1761477 0.1820193
vt 0.2270348 0.06654469
vt 0.1761477 0.06654469
vt 0.2270348 0.1820193
vt 0.1761477 0.1820193
vt 0.2270348 0.06654469
vt 0.2270348 0.1820193
vt 0.1761477 0.06654469
vt 0.2270348 0.06654469
vt 0.1761477 0.1820193
vt 0.1761477 0.06654469
vt 0.2270348 0.1820193
vt 0.1761477 0.1820193
vt 0.2270348 0.06654469
vt 0.1761477 0.06654469
vt 0.2270348 0.1820193
vt 0.1761477 0.1820193
vt 0.2270348 0.06654469
vt 0.1761477 0.06654469
vt 0.2270348 0.1820193
vt 0.1761477 0.1820193
vt 0.2270348 0.06654469
vt 0.2270348 0.1820193
vt 0.1761477 0.06654469
vt 0.2270348 0.06654469
vt 0.1761477 0.1820193
vt 0.2270348 0.1820193
vt 0.1761477 0.06654469
vt 0.2270348 0.06654469
vt 0.1761477 0.1820193
vt 0.1761477 0.06654469
vt 0.2270348 0.1820193
vt 0.1761477 0.1820193
vt 0.2270348 0.06654469
vt 0.1761477 0.06654469
vt 0.2270348 0.1820193
vt 0.1761477 0.1820193
vt 0.2270348 0.06654469
vt 0.2270348 0.1820193
vt 0.1761477 0.06654469
vt 0.2270348 0.06654469
vt 0.1761477 0.1820193
vt 0.3816534 0.2055057
vt 0.2544356 0.2759648
vt 0.3816534 0.2759648
vt 0.2544356 0.2055057
vt 0.4951708 0.2055057
vt 0.4951708 0.2759648
vt 0.4266689 0.1135174
vt 0.4481981 0.1056886
vt 0.4481981 0.1135174
vt 0.4266689 0.1056886
vt 0.4051397 0.1056886
vt 0.4012254 0.1135174
vt 0.001957197 0.04697273
vt 0.2133345 0
vt 0.001957197 0
vt 0.2133345 0.04697273
vt 0.1037314 0.04305833
vt 0.2133345 0.04697273
vt 0.001957197 0.04697273
vt 0.001957197 0
vt 0.228992 0.04697273
vt 0.228992 0
vt 0.001957197 0.04697273
vt 0.001957197 0.04697273
vt 0.2368208 0.04305833
vt 0.228992 0.04697273
vt 0.2368208 0.04305833
vt 0.001957197 0.04697273
vt 0.001957197 0.04305833
vt 0.3816534 0.2055057
vt 0.2505212 0.2759648
vt 0.3816534 0.2759648
vt 0.2505212 0.2055057
vt 0.4110113 0.1135174
vt 0.4423265 0.1056886
vt 0.4423265 0.1135174
vt 0.4110113 0.1056886
vt 0.001957197 0.04697273
vt 0.1820193 0
vt 0.001957197 0
vt 0.1820193 0.04697273
vt 0.1820193 0.04305833
vt 0.001957197 0.04697273
vt 0.001957197 0.04305833
vt 0.1820193 0.04697273
vt 0.1839765 0.1311322
vt 0.1761477 0.1350466
vt 0.1761477 0.1311322
vt 0.1839765 0.1350466
vt 0.1467898 0.2055057
vt 0 0.2642216
vt 0.1467898 0.2642216
vt 0 0.2055057
vt 0 0.2642216
vt 0.1467898 0.2055057
vt 0 0.2055057
vt 0.1467898 0.2642216
vt 0 0.3033655
vt 0.1467898 0.2446496
vt 0 0.2446496
vt 0.1467898 0.3033655
vt 0.1467898 0.2446496
vt 0 0.3033655
vt 0.1467898 0.3033655
vt 0 0.2446496
vt 0 0.3268519
vt 0.1467898 0.2642216
vt 0 0.2642216
vt 0.1467898 0.3268519
vt 0.1467898 0.2642216
vt 0 0.3268519
vt 0.1467898 0.3268519
vt 0 0.2642216
vt 0 0.3033655
vt 0.1467898 0.2446496
vt 0 0.2446496
vt 0.1467898 0.3033655
vt 0.1467898 0.2446496
vt 0 0.3033655
vt 0.1467898 0.3033655
vt 0 0.2446496
vt 0 0.3033655
vt 0.1467898 0.2446496
vt 0 0.2446496
vt 0.1467898 0.3033655
vt 0.1467898 0.2446496
vt 0 0.3033655
vt 0.1467898 0.3033655
vt 0 0.2446496
vt 0.1761477 0.06654469
vt 0.2270348 0.1820193
vt 0.1761477 0.1820193
vt 0.2270348 0.06654469
vt 0.1761477 0.06654469
vt 0.2270348 0.1820193
vt 0.1761477 0.1820193
vt 0.2270348 0.06654469
vt 0.2270348 0.1820193
vt 0.1761477 0.06654469
vt 0.2270348 0.06654469
vt 0.1761477 0.1820193
vt 0.3816534 0.2055057
vt 0.2544356 0.2759648
vt 0.3816534 0.2759648
vt 0.2544356 0.2055057
vt 0.4951708 0.2055057
vt 0.4951708 0.2759648
vt 0.4266689 0.1135174
vt 0.4481981 0.1056886
vt 0.4481981 0.1135174
vt 0.4266689 0.1056886
vt 0.4051397 0.1056886
vt 0.4012254 0.1135174
vt 0.001957197 0.04697273
vt 0.2133345 0
vt 0.001957197 0
vt 0.2133345 0.04697273
vt 0.1037314 0.04305833
vt 0.2133345 0.04697273
vt 0.001957197 0.04697273
vt 0.001957197 0
vt 0.228992 0.04697273
vt 0.228992 0
vt 0.001957197 0.04697273
vt 0.001957197 0.04697273
vt 0.2368208 0.04305833
vt 0.228992 0.04697273
vt 0.2368208 0.04305833
vt 0.001957197 0.04697273
vt 0.001957197 0.04305833
vt 0.3816534 0.2055057
vt 0.2505212 0.2759648
vt 0.3816534 0.2759648
vt 0.2505212 0.2055057
vt 0.4110113 0.1135174
vt 0.4423265 0.1056886
vt 0.4423265 0.1135174
vt 0.4423265 0.1056886
vt 0.4110113 0.1135174
vt 0.4110113 0.1056886
vt 0.001957197 0.04697273
vt 0.1820193 0
vt 0.001957197 0
vt 0.1820193 0.04697273
vt 0.1820193 0.04305833
vt 0.001957197 0.04697273
vt 0.001957197 0.04305833
vt 0.001957197 0.04697273
vt 0.1820193 0.04305833
vt 0.1820193 0.04697273
vt 0.1467898 0.2055057
vt 0 0.2642216
vt 0.1467898 0.2642216
vt 0 0.2055057
vt 0 0.2642216
vt 0.1467898 0.2055057
vt 0 0.2055057
vt 0.1467898 0.2642216
vt 0 0.3033655
vt 0.1467898 0.2446496
vt 0 0.2446496
vt 0.1467898 0.3033655
vt 0.1467898 0.2446496
vt 0 0.3033655
vt 0.1467898 0.3033655
vt 0 0.2446496
vt 0 0.3033655
vt 0.1467898 0.2446496
vt 0 0.2446496
vt 0.1467898 0.3033655
vt 0.1467898 0.2446496
vt 0 0.3033655
vt 0.1467898 0.3033655
vt 0 0.2446496
vt 0.1761477 0.06654469
vt 0.2270348 0.1820193
vt 0.1761477 0.1820193
vt 0.2270348 0.06654469
vt 0.1761477 0.06654469
vt 0.2270348 0.1820193
vt 0.1761477 0.1820193
vt 0.2270348 0.06654469
vt 0.2270348 0.1820193
vt 0.1761477 0.06654469
vt 0.2270348 0.06654469
vt 0.1761477 0.1820193
vt 0.3816534 0.2055057
vt 0.2544356 0.2759648
vt 0.3816534 0.2759648
vt 0.2544356 0.2055057
vt 0.4951708 0.2055057
vt 0.4266689 0.1135174
vt 0.4481981 0.1056886
vt 0.4481981 0.1135174
vt 0.4266689 0.1056886
vt 0.4051397 0.1056886
vt 0.4012254 0.1135174
vt 0.001957197 0.04697273
vt 0.2133345 0
vt 0.001957197 0
vt 0.2133345 0.04697273
vt 0.1037314 0.04305833
vt 0.2133345 0.04697273
vt 0.001957197 0.04697273
vt 0.4951708 0.2055057
vt 0.3816534 0.2759648
vt 0.4951708 0.2759648
vt 0.001957197 0
vt 0.228992 0.04697273
vt 0.228992 0
vt 0.001957197 0.04697273
vt 0.001957197 0.04697273
vt 0.2368208 0.04305833
vt 0.228992 0.04697273
vt 0.2368208 0.04305833
vt 0.001957197 0.04697273
vt 0.001957197 0.04305833
vt 0.3816534 0.2055057
vt 0.2505212 0.2759648
vt 0.3816534 0.2759648
vt 0.2505212 0.2055057
vt 0.4110113 0.1135174
vt 0.4423265 0.1056886
vt 0.4423265 0.1135174
vt 0.4110113 0.1056886
vt 0.001957197 0.04697273
vt 0.1820193 0
vt 0.001957197 0
vt 0.1820193 0.04697273
vt 0.1820193 0.04305833
vt 0.001957197 0.04697273
vt 0.001957197 0.04305833
vt 0.001957197 0.04697273
vt 0.1820193 0.04305833
vt 0.1820193 0.04697273
vt 0.1467898 0.2055057
vt 0 0.2642216
vt 0.1467898 0.2642216
vt 0 0.2055057
vt 0 0.2642216
vt 0.1467898 0.2055057
vt 0 0.2055057
vt 0.1467898 0.2642216
vt 0 0.3033655
vt 0.1467898 0.2446496
vt 0 0.2446496
vt 0.1467898 0.3033655
vt 0.1467898 0.2446496
vt 0 0.3033655
vt 0.1467898 0.3033655
vt 0 0.2446496
vt 0.1761477 0.06654469
vt 0.2270348 0.1820193
vt 0.1761477 0.1820193
vt 0.2270348 0.06654469
vt 0.1761477 0.06654469
vt 0.2270348 0.1820193
vt 0.1761477 0.1820193
vt 0.2270348 0.06654469
vt 0.2270348 0.1820193
vt 0.1761477 0.06654469
vt 0.2270348 0.06654469
vt 0.1761477 0.1820193
vn -0.01587105 -0.7459377 -0.6658266
vn -0.5872276 -0.6189696 -0.5215749
vn -0.5872276 0.5554856 -0.5887271
vn -0.01587105 0.6824538 -0.7307565
vn -0.968132 -0.04761302 0.2458728
vn -0.6824538 0.6824538 0.2617513
vn -0.3015493 0.9363899 0.1795602
vn -0.968132 -0.04761302 0.2458728
vn -0.3015493 0.9363899 0.1795602
vn 0.6750134 0.7378055 0
vn 0.5872276 0.6507117 0.4813918
vn -0.6824538 0.6824538 0.2617513
vn 0.07935506 0.7776798 0.623632
vn 0.01587099 0.999874 -0.000345267
vn 0.07935506 0.7776798 0.623632
vn 0.01587099 0.999874 -0.000345267
vn 0.01587099 0.999874 -0.000345267
vn 0.07935506 0.7776798 0.623632
vn 0.6750134 0.7378055 0
vn 0.6824536 0.2698073 0.6793092
vn 0.5872276 0.6507117 0.4813918
vn 0.9899495 0.1414214 0
vn 0.07935506 0.2380652 0.9680019
vn 0.5872276 0.6507117 0.4813918
vn 0.6824536 0.2698073 0.6793092
vn 0.07935506 0.7776798 0.623632
vn 0.07935506 0.7776798 0.623632
vn 0.07935506 0.2380652 0.9680019
vn 0.07935506 0.7776798 0.623632
vn 0.07935506 0.2380652 0.9680019
vn -0.968132 -0.04761302 0.2458728
vn -0.8729059 -0.04761302 0.4855599
vn -0.968132 -0.04761302 0.2458728
vn -0.6824538 -0.04761302 0.7293764
vn -0.6824538 -0.04761302 0.7293764
vn 0.07935506 -0.04761302 0.9957087
vn -0.8729059 -0.04761302 0.4855599
vn 0.07935506 -0.04761302 0.9957087
vn -0.2698073 -0.9046479 0.329873
vn 0.01587099 -0.999874 -0.000345267
vn -0.4280864 -0.9037378 0
vn 0.04761302 -0.9046479 0.4234917
vn -0.8411639 -0.4920015 0.2244502
vn -0.9363899 -0.3332914 0.109958
vn 0.07935506 -0.5554855 0.827731
vn 0.07935506 -0.04761302 0.9957087
vn 0.07935506 -0.04761302 0.9957087
vn 0.07935506 -0.04761302 0.9957087
vn 0.07935506 -0.04761302 0.9957087
vn 0.999874 -0.01587099 -0.000346655
vn 0.968132 -0.04761302 0.245873
vn 0.7776798 -0.04761302 0.626855
vn 0.999874 -0.01587099 -0.000346655
vn 0.7776798 -0.04761302 0.626855
vn 0.07935506 -0.04761302 0.9957087
vn 0.07935506 -0.04761302 0.9957087
vn 0.968132 -0.04761302 0.245873
vn 0.07935506 -0.04761302 0.9957087
vn 0.07935506 -0.04761302 0.9957087
vn 0.3967754 -0.9046479 0.155504
vn 0.01587099 -0.999874 -0.000345267
vn 0.04761302 -0.9046479 0.4234917
vn 0.5368755 -0.8436615 0
vn 0.891278 -0.4534572 0
vn 0.9728062 -0.2316205 0
vn 0.07935506 -0.5554855 0.827731
vn -0.8729059 -0.04761302 0.4855599
vn -0.9363899 -0.3332914 0.109958
vn -0.968132 -0.04761302 0.2458728
vn -0.8411639 -0.4920015 0.2244502
vn 0.999874 -0.01587099 -0.000346655
vn 0.891278 -0.4534572 0
vn 0.968132 -0.04761302 0.245873
vn 0.9728062 -0.2316205 0
vn 0.01587099 -0.999874 -0.000345267
vn 0.07935506 -0.7459377 0.6612713
vn 0.01587099 -0.999874 -0.000345267
vn 0.07935506 -0.6507117 0.7551669
vn 0.07935506 0.6824538 0.7266083
vn 0.07935506 0.5872276 0.8055225
vn 0.01587099 0.999874 -0.000345267
vn 0.01587099 0.999874 -0.000345267
vn 0.07935506 -0.04761302 0.9957087
vn 0.7776798 -0.04761302 0.626855
vn 0.7776798 -0.04761302 0.626855
vn 0.07935506 -0.04761302 0.9957087
vn 0.7776798 -0.04761302 0.626855
vn 0.999874 -0.01587099 -0.000346655
vn 0.999874 -0.01587099 -0.000346655
vn 0.7776798 -0.04761302 0.626855
vn 0.01587099 0.999874 -0.000345267
vn 0.07935506 0.6824538 0.7266083
vn 0.07935506 0.6824538 0.7266083
vn 0.01587099 0.999874 -0.000345267
vn 0.04761302 0.8411639 0.5386802
vn 0.07935506 0.6824538 0.7266083
vn 0.01587099 0.999874 -0.000345267
vn 0.01587099 0.999874 -0.000345267
vn 0.04761302 0.8411639 0.5386802
vn 0.07935506 -0.04761302 0.9957087
vn 0.07935506 0.6824538 0.7266083
vn 0.07935506 -0.04761302 0.9957087
vn 0.07935506 0.6824538 0.7266083
vn 0.07935506 -0.04761302 0.9957087
vn 0.01587099 -0.999874 -0.000345267
vn 0.07935506 -0.7459377 0.6612713
vn 0.07935506 0.7141957 0.6954331
vn 0.07935506 0.6824538 0.7266083
vn 0.01587099 0.999874 -0.000345267
vn 0.01587099 0.999874 -0.000345267
vn 0.07935506 -0.04761302 0.9957087
vn -0.6824538 -0.04761302 0.7293764
vn 0.07935506 -0.04761302 0.9957087
vn -0.6824538 -0.04761302 0.7293764
vn -0.6824538 -0.04761302 0.7293764
vn -0.968132 -0.04761302 0.2458728
vn -0.6824538 -0.04761302 0.7293764
vn -0.968132 -0.04761302 0.2458728
vn 0.07935506 -0.04761302 0.9957087
vn 0.07935506 -0.04761302 0.9957087
vn 0.07935506 -0.04761302 0.9957087
vn 0.07935506 -0.04761302 0.9957087
vn -0.7459378 0.6189697 0.2458725
vn 0.01587099 0.999874 -0.000345267
vn -0.6507117 0.7459378 0.1419545
vn 0.01587099 0.999874 -0.000345267
vn -0.968132 -0.04761302 0.2458728
vn -0.968132 -0.04761302 0.2458728
vn 0.7378054 0.6750135 0
vn 0.01587099 0.999874 -0.000345267
vn 0.6824536 0.7141957 -0.1555042
vn 0.01587099 0.999874 -0.000345267
vn 0.999874 -0.01587099 -0.000346655
vn 0.999874 -0.01587099 -0.000346655
vn 0.7776798 0.5554856 0.2943635
vn 0.9988682 -0.04756513 0
vn 0.9363899 -0.04761302 0.3477167
vn 0.7141957 0.6824538 -0.1555036
vn -0.3650334 0.5554856 0.7471187
vn 0.9363899 -0.04761302 0.3477167
vn -0.4602594 -0.04761302 0.8865068
vn 0.7776798 0.5554856 0.2943635
vn -0.3650334 0.5554856 0.7471187
vn 0.7141957 0.6824538 -0.1555036
vn 0.7776798 0.5554856 0.2943635
vn -0.6507117 0.6824538 0.3329132
vn -0.3650334 0.5554856 0.7471187
vn -0.9363899 -0.04761302 0.3477167
vn -0.6507117 0.6824538 0.3329132
vn -0.4602594 -0.04761302 0.8865068
vn 0.07935506 -0.04761302 0.9957087
vn 0.07935506 -0.04761302 0.9957087
vn 0.07935506 -0.04761302 0.9957087
vn 0.07935506 -0.04761302 0.9957087
vn 0.6507117 0.5554856 0.5176969
vn 0.999874 -0.01587099 -0.000346655
vn 0.7776798 -0.04761302 0.626855
vn 0.7378054 0.6750135 0
vn 0.999874 -0.01587099 -0.000346655
vn 0.7378054 0.6750135 0
vn 0.7141957 0.6824538 -0.1555036
vn 0.3632082 0.931708 0
vn 0.8094218 0.5872276 -0.000422864
vn 0.7669368 0.6417226 0
vn 0.3332914 0.9046479 0.2655728
vn 0.7459377 0.1110971 0.6566843
vn 0.6507117 0.6507117 -0.3913422
vn 0.6189696 0.7141957 0.3268044
vn 0.6507117 0.5554856 0.5176969
vn -0.2698073 0.9046479 0.3298728
vn 0.3332914 0.9046479 0.2655728
vn -0.2698073 0.9046479 0.3298728
vn 0.6507117 0.5554856 0.5176969
vn -0.5554856 0.5554856 0.6187661
vn 0.7776798 -0.04761302 0.626855
vn -0.6824538 -0.04761302 0.7293764
vn 0.3332914 0.9046479 0.2655728
vn -0.6507117 0.1110971 0.7511536
vn 0.7459377 0.1110971 0.6566843
vn -0.2698073 0.9046479 0.3298728
vn -0.5237435 0.7141957 0.464346
vn 0.6189696 0.7141957 0.3268044
vn -0.6824538 0.6824538 0.2617513
vn 0.3632082 0.931708 0
vn -0.3015493 0.9363899 0.1795602
vn 0.7378054 0.6750135 0
vn -0.5237435 0.7141957 0.464346
vn 0.6507117 0.6507117 -0.3913422
vn 0.6189696 0.7141957 0.3268044
vn -0.6189697 0.6507117 -0.4398305
vn 0.8094218 0.5872276 -0.000422864
vn -0.7459378 0.5872276 -0.3142301
vn 0.7669368 0.6417226 0
vn -0.7459378 0.6507117 -0.1419546
vn -0.5554856 0.5554856 0.6187661
vn -0.968132 -0.04761302 0.2458728
vn -0.6824538 0.6824538 0.2617513
vn -0.6824538 -0.04761302 0.7293764
vn -0.968132 -0.04761302 0.2458728
vn -0.6824538 0.6824538 0.2617513
vn -0.6824538 0.7141957 0.1555036
vn -0.3015493 0.9363899 0.1795602
vn -0.2698073 0.9046479 0.3298728
vn -0.7459378 0.5872276 -0.3142301
vn -0.3015493 0.9363899 0.1795602
vn -0.7459378 0.6507117 -0.1419546
vn -0.6824538 0.7141957 0.1555036
vn -0.6507117 0.1110971 0.7511536
vn -0.2698073 0.9046479 0.3298728
vn -0.6189697 0.6507117 -0.4398305
vn -0.5237435 0.7141957 0.464346
vn 0.6507117 0.5554856 0.5176969
vn -0.6824538 0.6824538 0.2617513
vn 0.7378054 0.6750135 0
vn -0.5554856 0.5554856 0.6187661
vn 0.7776798 -0.04761302 0.626855
vn -0.5554856 0.5554856 0.6187661
vn 0.6507117 0.5554856 0.5176969
vn -0.6824538 -0.04761302 0.7293764
vn 0.7776798 -0.04761302 0.626855
vn 0.7378054 0.6750135 0
vn 0.999874 -0.01587099 -0.000346655
vn 0.6507117 0.5554856 0.5176969
vn -0.6824538 0.6824538 0.2617513
vn -0.6824538 -0.04761302 0.7293764
vn -0.968132 -0.04761302 0.2458728
vn -0.5554856 0.5554856 0.6187661
vn 0.4602594 0.5554856 0.6925294
vn -0.6507117 0.6824538 -0.3329132
vn 0.7141957 0.6824538 0.1555036
vn -0.6824538 0.5554856 0.4750712
vn 0.5237435 -0.04761302 0.8505444
vn -0.6824538 0.5554856 0.4750712
vn 0.4602594 0.5554856 0.6925294
vn -0.8411639 -0.04761302 0.5386802
vn 0.5237435 -0.04761302 0.8505444
vn 0.7141957 0.6824538 0.1555036
vn 0.9988682 -0.04756513 0
vn 0.4602594 0.5554856 0.6925294
vn -0.6507117 0.6824538 -0.3329132
vn -0.8411639 -0.04761302 0.5386802
vn -0.9363899 -0.04761302 -0.3477167
vn -0.6824538 0.5554856 0.4750712
vn -0.5872276 -0.6189696 -0.5215749
vn 0.6507117 -0.6189696 0.4398306
vn 0.6189696 -0.6189696 -0.4834803
vn -0.5554856 -0.6189696 0.5552588
vn -0.5872276 0.5554856 -0.5887271
vn 0.6507117 0.5554856 0.5176969
vn -0.5554856 0.5554856 0.6187661
vn 0.6189696 0.5554856 -0.5552588
vn -0.5872276 -0.6189696 -0.5215749
vn -0.5554856 0.5554856 0.6187661
vn -0.5554856 -0.6189696 0.5552588
vn -0.5872276 0.5554856 -0.5887271
vn 0.07935506 -0.04761302 0.9957087
vn 0.07935506 -0.04761302 0.9957087
vn 0.07935506 -0.04761302 0.9957087
vn 0.07935506 -0.04761302 0.9957087
vn 0.6507117 -0.6189696 0.4398306
vn 0.6189696 0.5554856 -0.5552588
vn 0.6189696 -0.6189696 -0.4834803
vn 0.6507117 0.5554856 0.5176969
vn 0.6189696 -0.6189696 -0.4834803
vn -0.5872276 0.5554856 -0.5887271
vn -0.5872276 -0.6189696 -0.5215749
vn 0.6189696 0.5554856 -0.5552588
vn -0.5554856 -0.6189696 0.5552588
vn 0.07935506 -0.04761302 0.9957087
vn 0.6507117 -0.6189696 0.4398306
vn 0.07935506 -0.04761302 0.9957087
vn 0.6507117 -0.6189696 0.4398306
vn 0.07935506 -0.04761302 0.9957087
vn 0.6507117 0.5554856 0.5176969
vn 0.07935506 -0.04761302 0.9957087
vn 0.6507117 0.5554856 0.5176969
vn 0.07935506 -0.04761302 0.9957087
vn -0.5554856 0.5554856 0.6187661
vn 0.07935506 -0.04761302 0.9957087
vn -0.5554856 0.5554856 0.6187661
vn 0.07935506 -0.04761302 0.9957087
vn -0.5554856 -0.6189696 0.5552588
vn 0.07935506 -0.04761302 0.9957087
vn -0.6750135 -0.7378054 0
vn 0.6507117 -0.6189696 0.4398306
vn 0.7071068 -0.7071068 0
vn -0.5554856 -0.6189696 0.5552588
vn -0.6824538 0.6824538 0.2617513
vn 0.6507117 0.5554856 0.5176969
vn -0.5554856 0.5554856 0.6187661
vn 0.7378054 0.6750135 0
vn 0.7071068 -0.7071068 0
vn 0.6507117 0.5554856 0.5176969
vn 0.7378054 0.6750135 0
vn 0.6507117 -0.6189696 0.4398306
vn 0.6507117 -0.6189696 0.4398306
vn -0.5554856 0.5554856 0.6187661
vn 0.6507117 0.5554856 0.5176969
vn -0.5554856 -0.6189696 0.5552588
vn -0.5554856 -0.6189696 0.5552588
vn -0.6824538 0.6824538 0.2617513
vn -0.5554856 0.5554856 0.6187661
vn -0.6750135 -0.7378054 0
vn 0.3332914 0.7141957 0.6155009
vn 0.3332914 -0.7459377 0.5766227
vn 0.3332914 0.6824538 0.6505181
vn 0.3332914 -0.7776798 0.5330394
vn -0.2698073 0.6824538 -0.6793091
vn -0.2698073 -0.7776798 -0.5678188
vn -0.2698073 -0.7459377 -0.6089178
vn -0.2698073 0.7141957 -0.6458549
vn 0.3332914 0.7141957 0.6155009
vn -0.2698073 0.7141957 -0.6458549
vn -0.2698073 0.6824538 -0.6793091
vn 0.3332914 0.6824538 0.6505181
vn 0.3332914 -0.7459377 0.5766227
vn -0.2698073 -0.7459377 -0.6089178
vn -0.2698073 -0.7776798 -0.5678188
vn 0.3332914 -0.7776798 0.5330394
vn 0.3332914 0.7141957 0.6155009
vn 0.3332914 -0.7459377 0.5766227
vn 0.3332914 0.6824538 0.6505181
vn 0.3332914 -0.7776798 0.5330394
vn -0.2698073 0.6824538 -0.6793091
vn -0.2698073 -0.7776798 -0.5678188
vn -0.2698073 -0.7459377 -0.6089178
vn -0.2698073 0.7141957 -0.6458549
vn 0.3332914 0.7141957 0.6155009
vn -0.2698073 0.7141957 -0.6458549
vn -0.2698073 0.6824538 -0.6793091
vn 0.3332914 0.6824538 0.6505181
vn 0.3332914 -0.7459377 0.5766227
vn -0.2698073 -0.7459377 -0.6089178
vn -0.2698073 -0.7776798 -0.5678188
vn 0.3332914 -0.7776798 0.5330394
vn 0.7071068 -0.7071068 0
vn -0.5554856 -0.6189696 0.5552588
vn 0.6507117 -0.6189696 0.4398306
vn -0.6750135 -0.7378054 0
vn 0.7378054 0.6750135 0
vn -0.5554856 0.5554856 0.6187661
vn -0.6824538 0.6824538 0.2617513
vn 0.6507117 0.5554856 0.5176969
vn -0.6750135 -0.7378054 0
vn -0.5554856 0.5554856 0.6187661
vn -0.5554856 -0.6189696 0.5552588
vn -0.6824538 0.6824538 0.2617513
vn -0.5554856 -0.6189696 0.5552588
vn 0.6507117 0.5554856 0.5176969
vn 0.6507117 -0.6189696 0.4398306
vn -0.5554856 0.5554856 0.6187661
vn 0.6507117 -0.6189696 0.4398306
vn 0.7378054 0.6750135 0
vn 0.7071068 -0.7071068 0
vn 0.6507117 0.5554856 0.5176969
vn -0.2380652 0.7141957 0.6582168
vn -0.2380652 -0.7459377 0.6220143
vn -0.2380652 -0.7776798 0.5818411
vn -0.2380652 0.6824538 0.6910729
vn 0.3015493 0.6824538 -0.6658264
vn 0.3015493 -0.7776798 -0.5516177
vn 0.3015493 0.7141957 -0.6316585
vn 0.3015493 -0.7459377 -0.5938391
vn -0.2380652 0.7141957 0.6582168
vn 0.3015493 0.7141957 -0.6316585
vn -0.2380652 0.6824538 0.6910729
vn 0.3015493 0.6824538 -0.6658264
vn -0.2380652 -0.7459377 0.6220143
vn 0.3015493 -0.7459377 -0.5938391
vn -0.2380652 -0.7776798 0.5818411
vn 0.3015493 -0.7776798 -0.5516177
vn -0.2380652 0.7141957 0.6582168
vn -0.2380652 -0.7459377 0.6220143
vn -0.2380652 -0.7776798 0.5818411
vn -0.2380652 0.6824538 0.6910729
vn 0.3015493 0.6824538 -0.6658264
vn 0.3015493 -0.7776798 -0.5516177
vn 0.3015493 0.7141957 -0.6316585
vn 0.3015493 -0.7459377 -0.5938391
vn -0.2380652 0.7141957 0.6582168
vn 0.3015493 0.7141957 -0.6316585
vn -0.2380652 0.6824538 0.6910729
vn 0.3015493 0.6824538 -0.6658264
vn -0.2380652 -0.7459377 0.6220143
vn 0.3015493 -0.7459377 -0.5938391
vn -0.2380652 -0.7776798 0.5818411
vn 0.3015493 -0.7776798 -0.5516177
vn -0.01587105 -0.4285174 -0.9033942
vn -0.01587105 -0.04761302 -0.9987398
vn -0.01587105 -0.04761302 -0.9987398
vn -0.01587105 -0.4285174 -0.9033942
vn 0.04761302 -0.968132 -0.245873
vn -0.01587105 -0.4285174 -0.9033942
vn -0.01587105 -0.4285174 -0.9033942
vn 0.04761302 -0.968132 -0.245873
vn 0.01587099 -0.999874 -0.000345267
vn 0.04761302 -0.968132 -0.245873
vn 0.04761302 -0.968132 -0.245873
vn 0.01587099 -0.999874 -0.000345267
vn -0.1110971 -0.04761302 0.9926683
vn -0.1110971 -0.04761302 0.9926683
vn -0.1110971 -0.04761302 0.9926683
vn -0.1110971 -0.04761302 0.9926683
vn -0.1110971 -0.04761302 0.9926683
vn -0.1110971 -0.04761302 0.9926683
vn -0.1110971 -0.04761302 0.9926683
vn -0.1110971 -0.04761302 0.9926683
vn -0.968132 -0.04761302 0.2458728
vn -0.968132 -0.04761302 0.2458728
vn -0.968132 -0.04761302 0.2458728
vn -0.968132 -0.04761302 0.2458728
vn -0.968132 -0.04761302 0.2458728
vn -0.968132 -0.04761302 0.2458728
vn 0.07935506 -0.7459377 0.6612713
vn -0.5554856 0.5554856 0.6187661
vn 0.07935506 0.6824538 0.7266083
vn -0.5554856 -0.6189696 0.5552588
vn -0.5872276 0.5554856 -0.5887271
vn -0.5554856 -0.6189696 0.5552588
vn -0.5872276 -0.6189696 -0.5215749
vn -0.5554856 0.5554856 0.6187661
vn -0.01587105 0.6824538 -0.7307565
vn -0.5554856 0.5554856 0.6187661
vn -0.5872276 0.5554856 -0.5887271
vn 0.07935506 0.6824538 0.7266083
vn -0.968132 -0.2380652 0.07775189
vn -0.968132 -0.2380652 0.07775189
vn -0.968132 -0.2380652 0.07775189
vn -0.968132 -0.2380652 0.07775189
vn -0.968132 -0.2380652 0.07775189
vn -0.968132 -0.2380652 0.07775189
vn -0.6824538 0.6824538 0.2617513
vn 0.01587099 0.999874 -0.000345267
vn 0.01587099 0.999874 -0.000345267
vn -0.6824538 0.6824538 0.2617513
vn -0.968132 -0.04761302 0.2458728
vn -0.968132 -0.04761302 0.2458728
vn -0.968132 -0.04761302 0.2458728
vn -0.968132 -0.04761302 0.2458728
vn -0.6824538 0.6824538 0.2617513
vn -0.968132 -0.04761302 0.2458728
vn -0.6824538 0.6824538 0.2617513
vn -0.968132 -0.04761302 0.2458728
vn -0.968132 -0.04761302 0.2458728
vn 0.8344646 0.5510616 0
vn -0.2698073 -0.04761302 0.9617364
vn -0.2063233 0.5554856 0.8055225
vn 0.9988682 -0.04756513 0
vn 0.2698073 0.5554856 -0.7865366
vn -0.2063233 0.5554856 0.8055225
vn -0.7776798 0.5554856 -0.2943635
vn 0.8344646 0.5510616 0
vn 0.3332914 -0.04761302 -0.9416209
vn -0.7776798 0.5554856 -0.2943635
vn -0.9363899 -0.04761302 -0.3477167
vn 0.2698073 0.5554856 -0.7865366
vn 0.2698073 0.5554856 -0.7865366
vn 0.9988682 -0.04756513 0
vn 0.8344646 0.5510616 0
vn 0.3332914 -0.04761302 -0.9416209
vn -0.2063233 0.5554856 0.8055225
vn -0.9363899 -0.04761302 -0.3477167
vn -0.7776798 0.5554856 -0.2943635
vn -0.2698073 -0.04761302 0.9617364
vn 0.07935506 0.5554856 0.827731
vn -0.968132 -0.04761302 0.2458728
vn -0.8094218 0.5554856 0.1904525
vn 0.07935506 -0.04761302 0.9957087
vn 0.8411638 0.5237435 -0.1346707
vn -0.8094218 0.5554856 0.1904525
vn -0.01587105 0.5554856 -0.8313747
vn 0.07935506 0.5554856 0.827731
vn 0.999874 -0.01587099 -0.000346655
vn -0.01587105 0.5554856 -0.8313747
vn -0.01587105 -0.04761302 -0.9987398
vn 0.8411638 0.5237435 -0.1346707
vn 0.8411638 0.5237435 -0.1346707
vn 0.07935506 -0.04761302 0.9957087
vn 0.07935506 0.5554856 0.827731
vn 0.999874 -0.01587099 -0.000346655
vn -0.8094218 0.5554856 0.1904525
vn -0.01587105 -0.04761302 -0.9987398
vn -0.01587105 0.5554856 -0.8313747
vn -0.968132 -0.04761302 0.2458728
vn -0.6189697 0.5554856 0.5552588
vn -0.6189697 -0.04761302 -0.7839704
vn -0.4920015 0.5554856 -0.6703508
vn -0.7776798 -0.04761302 0.626855
vn 0.5554855 0.5554856 0.6187662
vn -0.4920015 0.5554856 -0.6703508
vn 0.6824536 0.5554856 -0.4750714
vn -0.6189697 0.5554856 0.5552588
vn 0.6824536 -0.04761302 0.7293765
vn 0.6824536 0.5554856 -0.4750714
vn 0.8411638 -0.04761302 -0.5386803
vn 0.5554855 0.5554856 0.6187662
vn 0.5554855 0.5554856 0.6187662
vn -0.7776798 -0.04761302 0.626855
vn -0.6189697 0.5554856 0.5552588
vn 0.6824536 -0.04761302 0.7293765
vn -0.4920015 0.5554856 -0.6703508
vn 0.8411638 -0.04761302 -0.5386803
vn 0.6824536 0.5554856 -0.4750714
vn -0.6189697 -0.04761302 -0.7839704
vn -0.2063233 0.5554856 0.8055225
vn -0.9363899 -0.04761302 -0.3477167
vn -0.7776798 0.5554856 -0.2943635
vn -0.2380652 -0.04761302 0.9700814
vn 0.8344646 0.5510616 0
vn -0.7776798 0.5554856 -0.2943635
vn 0.2698073 0.5554856 -0.7865366
vn -0.2063233 0.5554856 0.8055225
vn 0.9988682 -0.04756513 0
vn 0.2698073 0.5554856 -0.7865366
vn 0.3015493 -0.04761302 -0.952261
vn 0.8344646 0.5510616 0
vn 0.8344646 0.5510616 0
vn -0.2380652 -0.04761302 0.9700814
vn -0.2063233 0.5554856 0.8055225
vn 0.9988682 -0.04756513 0
vn -0.7776798 0.5554856 -0.2943635
vn 0.3015493 -0.04761302 -0.952261
vn 0.2698073 0.5554856 -0.7865366
vn -0.9363899 -0.04761302 -0.3477167
vn -0.7459378 0.5554856 -0.3674405
vn -0.3967754 -0.04761302 -0.91668
vn -0.2698073 0.6824538 -0.6793091
vn -0.9046479 -0.04761302 -0.4234915
vn -0.2698073 0.5554856 0.7865366
vn -0.2698073 0.6824538 -0.6793091
vn 0.3332914 0.6824538 0.6505181
vn -0.7459378 0.5554856 -0.3674405
vn -0.3332913 -0.04761302 0.9416209
vn 0.3332914 0.6824538 0.6505181
vn 0.4602594 -0.04761302 0.8865068
vn -0.2698073 0.5554856 0.7865366
vn -0.2698073 0.5554856 0.7865366
vn -0.9046479 -0.04761302 -0.4234915
vn -0.7459378 0.5554856 -0.3674405
vn -0.3332913 -0.04761302 0.9416209
vn -0.3015493 0.6824538 -0.6658264
vn 0.2698073 -0.07935506 -0.9596389
vn 0.3650333 0.6824538 -0.6332515
vn -0.5554856 0.1428392 -0.8191659
vn 0.3650333 0.6824538 -0.6332515
vn -0.4920015 0.7141957 0.4978544
vn 0.04761302 0.6507117 0.7578307
vn -0.7776798 0.1745812 0.6039334
vn 0.04761302 0.6507117 0.7578307
vn -0.2063233 0.01587105 0.9783552
vn -0.4920015 0.7141957 0.4978544
vn -0.4920015 0.7141957 0.4978544
vn -0.5554856 0.1428392 -0.8191659
vn -0.3015493 0.6824538 -0.6658264
vn -0.7776798 0.1745812 0.6039334
vn -0.968132 0.2063233 -0.1419547
vn -0.968132 0.2063233 -0.1419547
vn -0.968132 0.2063233 -0.1419547
vn -0.968132 0.2063233 -0.1419547
vn -0.968132 0.2063233 -0.1419547
vn -0.968132 0.2063233 -0.1419547
vn -0.968132 0.2063233 -0.1419547
vn -0.968132 0.2063233 -0.1419547
vn -0.968132 -0.1745812 -0.1795601
vn -0.968132 -0.1745812 -0.1795601
vn -0.968132 -0.1745812 -0.1795601
vn -0.968132 -0.1745812 -0.1795601
vn -0.9363899 0.2698073 -0.2244502
vn -0.9363899 0.2698073 -0.2244502
vn -0.9363899 0.2698073 -0.2244502
vn -0.9363899 0.2698073 -0.2244502
vn -0.4920015 0.6824538 0.5405473
vn -0.968132 -0.04761302 -0.2458728
vn -0.8094218 0.5554856 -0.1904525
vn -0.7141957 -0.04761302 0.6983248
vn 0.04761302 0.968132 -0.2458728
vn -0.8094218 0.5554856 -0.1904525
vn -0.4602594 0.6824538 -0.5678188
vn -0.4920015 0.6824538 0.5405473
vn -0.8094218 0.5554856 -0.1904525
vn -0.6824538 -0.04761302 -0.7293764
vn -0.4602594 0.6824538 -0.5678188
vn -0.968132 -0.04761302 -0.2458728
vn -0.4920015 0.6824538 0.5405473
vn -0.7141957 -0.04761302 0.6983248
vn -0.4920015 0.6824538 0.5405473
vn -0.7141957 -0.04761302 0.6983248
vn -0.4920015 0.6824538 0.5405473
vn 0.04761302 0.968132 -0.2458728
vn 0.04761302 0.968132 0.2458728
vn -0.4920015 0.6824538 0.5405473
vn 0.07935506 -0.3332914 0.9394784
vn 0.07935506 -0.3332914 0.9394784
vn 0.07935506 -0.3332914 0.9394784
vn 0.07935506 -0.3332914 0.9394784
vn 0.07935506 -0.3332914 0.9394784
vn 0.07935506 -0.3332914 0.9394784
vn 0.07935506 -0.3332914 0.9394784
vn 0.07935506 -0.3332914 0.9394784
vn 0.07935506 -0.04761302 0.9957087
vn -0.6824538 -0.04761302 0.7293764
vn -0.6824538 -0.04761302 0.7293764
vn 0.07935506 -0.04761302 0.9957087
vn 0.01587099 0.999874 -0.000345267
vn -0.5554856 0.5554856 0.6187661
vn -0.6824538 0.6824538 0.2617513
vn 0.07935506 0.6824538 0.7266083
vn -0.6824538 -0.04761302 0.7293764
vn -0.968132 -0.04761302 0.2458728
vn -0.968132 -0.04761302 0.2458728
vn -0.6824538 -0.04761302 0.7293764
vn 0.07935506 0.6824538 0.7266083
vn -0.6824538 -0.04761302 0.7293764
vn -0.5554856 0.5554856 0.6187661
vn 0.07935506 -0.04761302 0.9957087
vn -0.5554856 0.5554856 0.6187661
vn -0.968132 -0.04761302 0.2458728
vn -0.6824538 0.6824538 0.2617513
vn -0.6824538 -0.04761302 0.7293764
vn 0.07935506 0.5554856 0.827731
vn -0.968132 -0.04761302 0.2458728
vn -0.8094218 0.5554856 0.1904525
vn 0.07935506 -0.04761302 0.9957087
vn 0.8411638 0.5237435 -0.1346707
vn -0.8094218 0.5554856 0.1904525
vn -0.01587105 0.5554856 -0.8313747
vn 0.07935506 0.5554856 0.827731
vn 0.999874 -0.01587099 -0.000346655
vn -0.01587105 0.5554856 -0.8313747
vn -0.01587105 -0.04761302 -0.9987398
vn 0.8411638 0.5237435 -0.1346707
vn 0.8411638 0.5237435 -0.1346707
vn 0.07935506 -0.04761302 0.9957087
vn 0.07935506 0.5554856 0.827731
vn 0.999874 -0.01587099 -0.000346655
vn -0.8094218 0.5554856 0.1904525
vn -0.01587105 -0.04761302 -0.9987398
vn -0.01587105 0.5554856 -0.8313747
vn -0.968132 -0.04761302 0.2458728
vn 0.8344646 0.5510616 0
vn -0.2698073 -0.04761302 0.9617364
vn -0.2063233 0.5554856 0.8055225
vn 0.9988682 -0.04756513 0
vn 0.2698073 0.5554856 -0.7865366
vn -0.2063233 0.5554856 0.8055225
vn -0.7776798 0.5554856 -0.2943635
vn 0.8344646 0.5510616 0
vn 0.3332914 -0.04761302 -0.9416209
vn -0.7776798 0.5554856 -0.2943635
vn -0.9363899 -0.04761302 -0.3477167
vn 0.2698073 0.5554856 -0.7865366
vn 0.2698073 0.5554856 -0.7865366
vn 0.9988682 -0.04756513 0
vn 0.8344646 0.5510616 0
vn 0.3332914 -0.04761302 -0.9416209
vn -0.2063233 0.5554856 0.8055225
vn -0.9363899 -0.04761302 -0.3477167
vn -0.7776798 0.5554856 -0.2943635
vn -0.2698073 -0.04761302 0.9617364
vn 0.07935506 -0.3015493 0.9501425
vn 0.07935506 -0.1745812 0.9814398
vn 0.07935506 -0.1745812 0.9814398
vn 0.07935506 -0.2698073 0.9596389
vn 0.07935506 -0.2698073 0.9596389
vn 0.07935506 -0.3015493 0.9501425
vn 0.07935506 -0.3015493 0.9501425
vn 0.07935506 -0.3015493 0.9501425
vn 0.07935506 -0.3015493 0.9501425
vn 0.07935506 -0.3015493 0.9501425
vn 0.07935506 -0.3015493 0.9501425
vn 0.07935506 -0.3015493 0.9501425
vn 0.07935506 -0.3015493 0.9501425
vn 0.07935506 -0.3015493 0.9501425
vn 0.07935506 -0.3015493 0.9501425
vn 0.1428391 -0.2063232 0.9680019
vn 0.7776798 -0.2063232 0.5938391
vn 0.07935506 -0.3015493 0.9501425
vn 0.7776798 -0.2063232 0.5938391
vn 0.1428391 -0.2063232 0.9680019
vn 0.07935506 -0.3015493 0.9501425
vn 0.07935506 -0.3015493 0.9501425
vn 0.07935506 -0.1745812 0.9814398
vn 0.07935506 -0.1745812 0.9814398
vn 0.07935506 -0.3015493 0.9501425
vn 0.1428391 -0.2063232 0.9680019
vn 0.07935506 -0.3015493 0.9501425
vn 0.07935506 -0.3015493 0.9501425
vn 0.7776798 -0.2063232 0.5938391
vn 0.07935506 -0.3015493 0.9501425
vn 0.07935506 -0.3015493 0.9501425
vn 0.7776798 -0.2063232 0.5938391
vn 0.07935506 -0.3015493 0.9501425
vn 0.07935506 -0.3015493 0.9501425
vn 0.07935506 -0.3015493 0.9501425
vn 0.07935506 -0.3015493 0.9501425
vn 0.07935506 -0.3015493 0.9501425
vn 0.07935506 -0.2698073 0.9596389
vn 0.07935506 -0.3015493 0.9501425
vn 0.07935506 -0.3015493 0.9501425
vn 0.07935506 -0.3332914 0.9394784
vn 0.07935506 -0.3015493 0.9501425
vn 0.07935506 -0.3332914 0.9394784
vn 0.1428391 -0.2063232 0.9680019
vn 0.9363899 -0.1745812 0.304459
vn 0.7776798 -0.04761302 0.626855
vn 0.7776798 -0.04761302 0.626855
vn 0.7141957 -0.2698073 0.6458549
vn 0.07935506 -0.04761302 0.9957087
vn 0.07935506 -0.1745812 0.9814398
vn 0.07935506 -0.04761302 0.9957087
vn 0.07935506 -0.1745812 0.9814398
vn 0.01587099 0.999874 -0.000345267
vn 0.01587099 0.999874 -0.000345267
vn 0.01587099 0.999874 -0.000345267
vn 0.01587099 0.999874 -0.000345267
vn 0.3967754 0.6824538 0.6138617
vn -0.2698073 -0.04761302 0.9617364
vn -0.2063233 0.5554856 0.8055225
vn 0.5237435 -0.04761302 0.8505444
vn 0.01587099 0.999874 -0.000345267
vn -0.2063233 0.5554856 0.8055225
vn -0.6189697 0.6824538 0.3887588
vn 0.3967754 0.6824538 0.6138617
vn -0.2063233 0.5554856 0.8055225
vn -0.8729059 -0.04761302 0.4855599
vn -0.6189697 0.6824538 0.3887588
vn -0.2698073 -0.04761302 0.9617364
vn 0.5872276 0.5554856 0.5887271
vn -0.7141957 -0.04761302 0.6983248
vn -0.5872276 0.5554856 0.5887271
vn 0.7141957 -0.04761302 0.6983248
vn 0.7378054 0.6750135 0
vn -0.5872276 0.5554856 0.5887271
vn -0.6824538 0.6824538 -0.2617513
vn 0.5872276 0.5554856 0.5887271
vn 0.7378054 0.6750135 0
vn 0.7141957 -0.04761302 0.6983248
vn 0.5872276 0.5554856 0.5887271
vn 0.999874 -0.01587099 -0.000346655
vn -0.5872276 0.5554856 0.5887271
vn -0.968132 -0.04761302 -0.2458728
vn -0.6824538 0.6824538 -0.2617513
vn -0.7141957 -0.04761302 0.6983248
vn 0.6189696 0.5554856 0.5552588
vn -0.6824538 -0.04761302 0.7293764
vn -0.5554856 0.5554856 0.6187661
vn 0.7459377 -0.04761302 0.6643116
vn 0.7378054 0.6750135 0
vn -0.5554856 0.5554856 0.6187661
vn -0.6824538 0.6824538 0.2617513
vn 0.6189696 0.5554856 0.5552588
vn 0.7378054 0.6750135 0
vn 0.7459377 -0.04761302 0.6643116
vn 0.6189696 0.5554856 0.5552588
vn 0.999874 -0.01587099 -0.000346655
vn -0.5554856 0.5554856 0.6187661
vn -0.968132 -0.04761302 0.2458728
vn -0.6824538 0.6824538 0.2617513
vn -0.6824538 -0.04761302 0.7293764
vn -0.1110971 -0.04761302 0.9926683
vn -0.04761302 -0.1428391 0.9886
vn -0.1428392 0.01587105 0.9896187
vn -0.2063233 0.1110971 0.9721565
vn 0.7669368 0.6417226 0
vn 0.7459377 -0.04761302 0.6643116
vn 0.6507117 0.5554856 0.5176969
vn 0.9988682 -0.04756513 0
vn -0.6507117 0.7141957 -0.2578737
vn 0.6507117 0.5554856 0.5176969
vn -0.5554856 0.6189697 0.5552588
vn 0.7669368 0.6417226 0
vn -0.968132 0.01587105 -0.249937
vn -0.5554856 0.6189697 0.5552588
vn -0.6824538 0.04761302 0.7293764
vn -0.6507117 0.7141957 -0.2578737
vn 0.6507117 0.5554856 0.5176969
vn -0.6824538 0.04761302 0.7293764
vn -0.5554856 0.6189697 0.5552588
vn 0.7459377 -0.04761302 0.6643116
vn -0.01587105 0.5554856 0.8313747
vn -0.968132 -0.04761302 -0.2458728
vn -0.8094218 0.5554856 -0.1904525
vn -0.01587105 -0.04761302 0.9987398
vn 0.8411638 0.5237435 -0.1346707
vn -0.8094218 0.5554856 -0.1904525
vn 0.07935506 0.5554856 -0.827731
vn -0.01587105 0.5554856 0.8313747
vn 0.999874 -0.01587099 -0.000346655
vn 0.07935506 0.5554856 -0.827731
vn 0.07935506 -0.04761302 -0.9957087
vn 0.8411638 0.5237435 -0.1346707
vn 0.8411638 0.5237435 -0.1346707
vn -0.01587105 -0.04761302 0.9987398
vn -0.01587105 0.5554856 0.8313747
vn 0.999874 -0.01587099 -0.000346655
vn -0.8094218 0.5554856 -0.1904525
vn 0.07935506 -0.04761302 -0.9957087
vn 0.07935506 0.5554856 -0.827731
vn -0.968132 -0.04761302 -0.2458728
vn 0.3332914 -0.04761302 0.9416209
vn 0.07935506 -0.04761302 0.9957087
vn 0.07935506 -0.04761302 0.9957087
vn 0.3967754 -0.04761302 0.91668
vn -0.6189697 0.01587105 0.7852545
vn -0.07935512 -0.04761302 0.9957087
vn -0.07935512 -0.04761302 0.9957087
vn -0.7776798 0.01587105 0.6284602
vn -0.07935512 -0.04761302 0.9957087
vn 0.3967754 -0.04761302 0.91668
vn 0.3332914 -0.04761302 0.9416209
vn -0.07935512 -0.04761302 0.9957087
vn 0.3967754 0.5554856 -0.7307565
vn 0.9363899 -0.04761302 0.3477167
vn 0.7776798 0.5554856 0.2943635
vn 0.4920015 -0.04761302 -0.8692914
vn -0.7141957 0.5554856 -0.4258641
vn 0.7776798 0.5554856 0.2943635
vn -0.3332913 0.5554856 0.7618088
vn 0.3967754 0.5554856 -0.7307565
vn -0.8729059 -0.04761302 -0.4855599
vn -0.3332913 0.5554856 0.7618088
vn -0.4285175 -0.04761302 0.9022781
vn -0.7141957 0.5554856 -0.4258641
vn -0.7141957 0.5554856 -0.4258641
vn 0.4920015 -0.04761302 -0.8692914
vn 0.3967754 0.5554856 -0.7307565
vn -0.8729059 -0.04761302 -0.4855599
vn 0.7776798 0.5554856 0.2943635
vn -0.4285175 -0.04761302 0.9022781
vn -0.3332913 0.5554856 0.7618088
vn 0.9363899 -0.04761302 0.3477167
vn 0.07935506 -0.04761302 0.9957087
vn 0.07935506 -0.04761302 0.9957087
vn 0.07935506 -0.04761302 0.9957087
vn 0.07935506 -0.04761302 0.9957087
vn 0.07935506 -0.04761302 0.9957087
vn 0.07935506 -0.04761302 0.9957087
vn 0.07935506 -0.04761302 0.9957087
vn 0.07935506 -0.04761302 0.9957087
vn 0.07935506 -0.04761302 0.9957087
vn 0.07935506 -0.04761302 0.9957087
vn 0.07935506 -0.04761302 0.9957087
vn 0.07935506 -0.04761302 0.9957087
vn 0.07935506 -0.04761302 0.9957087
vn 0.04761302 -0.9363899 0.3477167
vn 0.07935506 -0.04761302 0.9957087
vn 0.07935506 -0.04761302 0.9957087
vn 0.07935506 -0.04761302 0.9957087
vn 0.07935506 -0.04761302 0.9957087
vn 0.07935506 -0.04761302 0.9957087
vn 0.07935506 -0.04761302 0.9957087
vn 0.07935506 -0.04761302 0.9957087
vn 0.07935506 -0.04761302 0.9957087
vn 0.07935506 -0.04761302 0.9957087
vn 0.07935506 -0.04761302 0.9957087
vn 0.07935506 -0.04761302 0.9957087
vn 0.07935506 -0.04761302 0.9957087
vn 0.07935506 -0.04761302 0.9957087
vn 0.01587099 -0.999874 -0.000345267
vn 0.07935506 -0.04761302 0.9957087
vn 0.04761302 -0.9363899 0.3477167
vn 0.07935506 -0.04761302 0.9957087
vn 0.07935506 -0.04761302 0.9957087
vn 0.07935506 -0.04761302 0.9957087
vn 0.07935506 -0.04761302 0.9957087
vn 0.07935506 -0.04761302 0.9957087
vn 0.07935506 -0.04761302 0.9957087
vn 0.07935506 -0.04761302 0.9957087
vn 0.07935506 -0.04761302 0.9957087
vn 0.07935506 -0.04761302 0.9957087
vn 0.07935506 -0.04761302 0.9957087
vn 0.07935506 -0.04761302 0.9957087
vn 0.07935506 -0.04761302 0.9957087
vn 0.7776798 -0.04761302 0.626855
vn -0.6824538 -0.04761302 0.7293764
vn -0.6824538 -0.04761302 0.7293764
vn 0.7776798 -0.04761302 0.626855
vn 0.999874 -0.01587099 -0.000346655
vn 0.7776798 -0.04761302 0.626855
vn 0.999874 -0.01587099 -0.000346655
vn 0.7776798 -0.04761302 0.626855
vn 0.07935506 -0.04761302 0.9957087
vn 0.07935506 -0.04761302 0.9957087
vn 0.07935506 -0.04761302 0.9957087
vn 0.07935506 -0.04761302 0.9957087
vn 0.07935506 -0.04761302 0.9957087
vn 0.07935506 -0.04761302 0.9957087
vn 0.07935506 -0.04761302 0.9957087
vn 0.07935506 -0.04761302 0.9957087
vn -0.968132 -0.04761302 0.2458728
vn -0.6824538 -0.04761302 0.7293764
vn -0.968132 -0.04761302 0.2458728
vn -0.6824538 -0.04761302 0.7293764
vn -0.1110971 -0.04761302 0.9926683
vn -0.1110971 -0.04761302 0.9926683
vn -0.1110971 -0.04761302 0.9926683
vn -0.1110971 -0.04761302 0.9926683
vn 0.3332914 0.5554856 0.7618088
vn -0.9363899 -0.04761302 0.3477167
vn -0.7459378 0.5554856 0.3674405
vn 0.3967754 -0.04761302 0.91668
vn 0.8094218 0.5554856 -0.1904525
vn -0.7459378 0.5554856 0.3674405
vn -0.2698073 0.5554856 -0.7865366
vn 0.3332914 0.5554856 0.7618088
vn 0.9988682 -0.04756513 0
vn -0.2698073 0.5554856 -0.7865366
vn -0.3332913 -0.04761302 -0.9416209
vn 0.8094218 0.5554856 -0.1904525
vn 0.8094218 0.5554856 -0.1904525
vn 0.3967754 -0.04761302 0.91668
vn 0.3332914 0.5554856 0.7618088
vn 0.9988682 -0.04756513 0
vn -0.7459378 0.5554856 0.3674405
vn -0.3332913 -0.04761302 -0.9416209
vn -0.2698073 0.5554856 -0.7865366
vn -0.9363899 -0.04761302 0.3477167
vn 0.7459377 0.5554856 0.3674407
vn -0.5237435 -0.04761302 0.8505444
vn -0.4285175 0.5554856 0.7126068
vn 0.9046479 -0.04761302 0.4234917
vn 0.7378054 0.6750135 0
vn -0.4285175 0.5554856 0.7126068
vn -0.6824538 0.6824538 0.2617513
vn 0.7459377 0.5554856 0.3674407
vn 0.7378054 0.6750135 0
vn 0.9046479 -0.04761302 0.4234917
vn 0.7459377 0.5554856 0.3674407
vn 0.999874 -0.01587099 -0.000346655
vn -0.4285175 0.5554856 0.7126068
vn -0.968132 -0.04761302 0.2458728
vn -0.6824538 0.6824538 0.2617513
vn -0.5237435 -0.04761302 0.8505444
vn 0.07935506 0.3650334 0.9276063
vn 0.07935506 -0.04761302 0.9957087
vn 0.07935506 0.3650334 0.9276063
vn 0.07935506 -0.04761302 0.9957087
vn 0.04761302 0.9046479 0.4234915
vn 0.07935506 0.3650334 0.9276063
vn 0.04761302 0.9046479 0.4234915
vn 0.07935506 0.3650334 0.9276063
vn 0.01587099 0.999874 -0.000345267
vn 0.04761302 0.9046479 0.4234915
vn 0.01587099 0.999874 -0.000345267
vn 0.04761302 0.9046479 0.4234915
vn -0.968132 -0.04761302 0.2458728
vn -0.6750135 -0.7378054 0
vn -0.6750135 -0.7378054 0
vn -0.968132 -0.04761302 0.2458728
vn 0.999874 -0.01587099 -0.000346655
vn 0.01587099 0.999874 -0.000345267
vn 0.7943578 0.6074502 0
vn 0.6915715 -0.722308 0
vn -0.6750135 -0.7378054 0
vn 0.6915715 -0.722308 0
vn -0.6750135 -0.7378054 0
vn 0.07935506 -0.3332914 0.9394784
vn 0.07935506 -0.3332914 0.9394784
vn 0.07935506 -0.3332914 0.9394784
vn 0.07935506 -0.3332914 0.9394784
vn 0.7141957 -0.2698073 0.6458549
vn 0.07935506 -0.3332914 0.9394784
vn 0.07935506 -0.3332914 0.9394784
vn 0.9363899 -0.1745812 0.304459
vn 0.07935506 -0.04761302 0.9957087
vn 0.07935506 -0.04761302 0.9957087
vn 0.07935506 -0.04761302 0.9957087
vn 0.07935506 -0.04761302 0.9957087
vn 0.07935506 -0.04761302 0.9957087
vn 0.07935506 -0.04761302 0.9957087
vn 0.07935506 -0.04761302 0.9957087
vn 0.07935506 -0.04761302 0.9957087
vn 0.07935506 -0.3332914 0.9394784
vn 0.07935506 -0.3332914 0.9394784
vn 0.07935506 -0.3332914 0.9394784
vn 0.07935506 -0.3332914 0.9394784
vn 0.07935506 -0.04761302 0.9957087
vn 0.1428391 -0.2063232 0.9680019
vn 0.7776798 -0.04761302 0.626855
vn 0.07935506 -0.1745812 0.9814398
vn 0.07935506 -0.04761302 0.9957087
vn 0.7776798 -0.04761302 0.626855
vn 0.07935506 -0.04761302 0.9957087
vn 0.7776798 -0.04761302 0.626855
vn 0.07935506 -0.04761302 0.9957087
vn 0.07935506 -0.1745812 0.9814398
vn 0.07935506 -0.04761302 0.9957087
vn 0.07935506 -0.1745812 0.9814398
vn 0.6507117 0.5554856 0.5176969
vn -0.5554856 -0.6189696 0.5552588
vn -0.5554856 0.5554856 0.6187661
vn 0.6507117 -0.6189696 0.4398306
vn 0.7071068 -0.7071068 0
vn -0.5554856 -0.6189696 0.5552588
vn 0.6507117 -0.6189696 0.4398306
vn -0.6750135 -0.7378054 0
vn 0.7378054 0.6750135 0
vn 0.6507117 -0.6189696 0.4398306
vn 0.6507117 0.5554856 0.5176969
vn 0.7071068 -0.7071068 0
vn -0.6824538 0.6824538 0.2617513
vn -0.5554856 0.5554856 0.6187661
vn -0.6750135 -0.7378054 0
vn -0.5554856 -0.6189696 0.5552588
vn 0.9207517 -0.390149 0
vn 0.999874 -0.01587099 -0.000346655
vn 0.999874 -0.01587099 -0.000346655
vn 0.9207517 -0.390149 0
vn 0.390149 -0.9207517 0
vn 0.9207517 -0.390149 0
vn 0.9207517 -0.390149 0
vn 0.390149 -0.9207517 0
vn 0.01587099 -0.999874 -0.000345267
vn 0.390149 -0.9207517 0
vn 0.390149 -0.9207517 0
vn 0.01587099 -0.999874 -0.000345267
vn -0.9046479 0.3650334 0.2199152
vn -0.968132 -0.04761302 0.2458728
vn -0.9046479 0.3650334 0.2199152
vn -0.968132 -0.04761302 0.2458728
vn -0.3650334 0.9046479 0.2199152
vn -0.9046479 0.3650334 0.2199152
vn -0.3650334 0.9046479 0.2199152
vn -0.9046479 0.3650334 0.2199152
vn 0.01587099 0.999874 -0.000345267
vn -0.3650334 0.9046479 0.2199152
vn 0.01587099 0.999874 -0.000345267
vn -0.3650334 0.9046479 0.2199152
vn 0.07935506 0.6824538 0.7266083
vn 0.6507117 -0.6189696 0.4398306
vn 0.6507117 0.5554856 0.5176969
vn 0.07935506 -0.7459377 0.6612713
vn -0.5872276 -0.6189696 -0.5215749
vn 0.07935506 -0.7459377 0.6612713
vn -0.01587105 -0.7459377 -0.6658266
vn -0.5554856 -0.6189696 0.5552588
vn -0.968132 -0.04761302 0.2458728
vn -0.968132 -0.04761302 0.2458728
vn -0.968132 -0.04761302 0.2458728
vn -0.968132 -0.04761302 0.2458728
vn -0.968132 -0.04761302 0.2458728
vn -0.968132 -0.04761302 0.2458728
vn 0.01587099 -0.999874 -0.000345267
vn 0.01587099 -0.999874 -0.000345267
vn 0.01587099 -0.999874 -0.000345267
vn 0.01587099 -0.999874 -0.000345267
vn 0.01587099 -0.999874 -0.000345267
vn 0.01587099 -0.999874 -0.000345267
vn -0.968132 -0.04761302 0.2458728
vn -0.968132 -0.04761302 0.2458728
vn -0.968132 -0.04761302 0.2458728
vn -0.968132 -0.04761302 0.2458728
vn 0.01587099 0.999874 -0.000345267
vn 0.01587099 0.999874 -0.000345267
vn 0.01587099 0.999874 -0.000345267
vn -0.968132 -0.04761302 0.2458728
vn -0.968132 -0.04761302 0.2458728
vn -0.968132 -0.04761302 0.2458728
vn -0.968132 -0.04761302 0.2458728
vn -0.04761302 0.968132 0.2458728
vn -0.04761302 0.968132 0.2458728
vn -0.04761302 0.968132 0.2458728
vn 0.01587099 0.999874 -0.000345267
vn 0.01587099 0.999874 -0.000345267
vn 0.01587099 0.999874 -0.000345267
vn 0.07935506 -0.04761302 0.9957087
vn 0.07935506 -0.04761302 0.9957087
vn 0.07935506 -0.04761302 0.9957087
vn 0.07935506 -0.04761302 0.9957087
vn -0.968132 -0.04761302 0.2458728
vn -0.968132 -0.04761302 0.2458728
vn -0.968132 -0.04761302 0.2458728
vn -0.968132 -0.04761302 0.2458728
vn 0.01587099 -0.999874 -0.000345267
vn 0.01587099 -0.999874 -0.000345267
vn 0.01587099 -0.999874 -0.000345267
vn 0.01587099 -0.999874 -0.000345267
vn 0.01587099 -0.999874 -0.000345267
vn 0.01587099 -0.999874 -0.000345267
vn -0.968132 -0.04761302 0.2458728
vn -0.968132 -0.04761302 0.2458728
vn -0.968132 -0.04761302 0.2458728
vn -0.968132 -0.04761302 0.2458728
vn 0.01587099 0.999874 -0.000345267
vn 0.01587099 0.999874 -0.000345267
vn 0.01587099 0.999874 -0.000345267
vn 0.01587099 0.999874 -0.000345267
vn 0.07935506 -0.04761302 0.9957087
vn 0.07935506 -0.04761302 0.9957087
vn 0.07935506 -0.04761302 0.9957087
vn 0.07935506 -0.04761302 0.9957087
vn 0.01587099 -0.999874 -0.000345267
vn 0.01587099 -0.999874 -0.000345267
vn 0.01587099 -0.999874 -0.000345267
vn 0.01587099 -0.999874 -0.000345267
vn 0.04761302 0.968132 0.2458728
vn 0.04761302 0.968132 0.2458728
vn 0.04761302 0.968132 0.2458728
vn 0.04761302 0.968132 0.2458728
vn -0.968132 -0.04761302 0.2458728
vn -0.968132 -0.04761302 0.2458728
vn -0.968132 -0.04761302 0.2458728
vn -0.968132 -0.04761302 0.2458728
vn -0.968132 -0.04761302 0.2458728
vn -0.968132 -0.04761302 0.2458728
vn -0.968132 -0.04761302 0.2458728
vn 0.01587099 -0.999874 -0.000345267
vn 0.01587099 -0.999874 -0.000345267
vn 0.01587099 -0.999874 -0.000345267
vn 0.01587099 -0.999874 -0.000345267
vn 0.01587099 -0.999874 -0.000345267
vn 0.01587099 -0.999874 -0.000345267
vn -0.968132 -0.04761302 0.2458728
vn -0.968132 -0.04761302 0.2458728
vn -0.968132 -0.04761302 0.2458728
vn -0.968132 -0.04761302 0.2458728
vn -0.01587105 0.968132 0.249937
vn -0.01587105 0.968132 0.249937
vn -0.01587105 0.968132 0.249937
vn 0.04761302 0.968132 -0.2458728
vn -0.968132 -0.04761302 0.2458728
vn -0.968132 -0.04761302 0.2458728
vn -0.968132 -0.04761302 0.2458728
vn -0.968132 -0.04761302 0.2458728
vn -0.04761302 0.968132 0.2458728
vn -0.04761302 0.968132 0.2458728
vn -0.04761302 0.968132 0.2458728
vn 0.01587099 0.999874 -0.000345267
vn 0.01587099 0.999874 -0.000345267
vn 0.01587099 0.999874 -0.000345267
vn 0.07935506 -0.04761302 0.9957087
vn 0.07935506 -0.04761302 0.9957087
vn 0.07935506 -0.04761302 0.9957087
vn 0.07935506 -0.04761302 0.9957087
vn 0.01587099 -0.999874 -0.000345267
vn 0.01587099 -0.999874 -0.000345267
vn 0.01587099 -0.999874 -0.000345267
vn 0.01587099 -0.999874 -0.000345267
vn 0.01587099 -0.999874 -0.000345267
vn 0.01587099 -0.999874 -0.000345267
vn 0.01587099 -0.999874 -0.000345267
vn 0.01587099 0.999874 -0.000345267
vn 0.01587099 0.999874 -0.000345267
vn 0.01587099 0.999874 -0.000345267
vn 0.04761302 0.968132 0.2458728
vn 0.07935506 -0.04761302 0.9957087
vn 0.07935506 -0.04761302 0.9957087
vn 0.07935506 -0.04761302 0.9957087
vn 0.07935506 -0.04761302 0.9957087
vn 0.07935506 -0.04761302 0.9957087
vn 0.07935506 -0.04761302 0.9957087
vn 0.07935506 -0.04761302 0.9957087
vn 0.07935506 -0.04761302 0.9957087
vn 0.07935506 -0.04761302 0.9957087
vn 0.07935506 -0.04761302 0.9957087
vn 0.07935506 -0.04761302 0.9957087
vn 0.07935506 -0.04761302 0.9957087
vn 0.07935506 -0.04761302 0.9957087
vn 0.01587099 -0.999874 -0.000345267
vn 0.01587099 -0.999874 -0.000345267
vn 0.01587099 -0.999874 -0.000345267
vn 0.07935506 -0.04761302 0.9957087
vn 0.07935506 -0.04761302 0.9957087
vn 0.07935506 -0.04761302 0.9957087
vn 0.07935506 -0.04761302 0.9957087
vn 0.07935506 -0.04761302 0.9957087
vn 0.07935506 -0.04761302 0.9957087
vn 0.07935506 -0.04761302 0.9957087
vn 0.07935506 -0.04761302 0.9957087
vn 0.01587099 0.999874 -0.000345267
vn 0.01587099 0.999874 -0.000345267
vn 0.01587099 0.999874 -0.000345267
vn 0.01587099 0.999874 -0.000345267
vn 0.01587099 0.999874 -0.000345267
vn 0.999874 -0.01587099 -0.000346655
vn 0.999874 -0.01587099 -0.000346655
vn 0.999874 -0.01587099 -0.000346655
vn 0.999874 -0.01587099 -0.000346655
vn 0.999874 -0.01587099 -0.000346655
vn 0.999874 -0.01587099 -0.000346655
vn 0.999874 -0.01587099 -0.000346655
vn 0.999874 -0.01587099 -0.000346655
vn 0.01587099 -0.999874 -0.000345267
vn 0.01587099 -0.999874 -0.000345267
vn 0.01587099 -0.999874 -0.000345267
vn 0.01587099 -0.999874 -0.000345267
vn 0.07935506 0.968132 -0.2375357
vn 0.07935506 0.968132 -0.2375357
vn 0.07935506 0.968132 -0.2375357
vn 0.1428391 0.968132 0.2057119
vn 0.1428391 0.968132 0.2057119
vn 0.1428391 0.968132 0.2057119
vn 0.999874 -0.01587099 -0.000346655
vn 0.999874 -0.01587099 -0.000346655
vn 0.999874 -0.01587099 -0.000346655
vn 0.999874 -0.01587099 -0.000346655
vn 0.999874 -0.01587099 -0.000346655
vn 0.999874 -0.01587099 -0.000346655
vn 0.999874 -0.01587099 -0.000346655
vn 0.999874 -0.01587099 -0.000346655
vn 0.07935506 -0.04761302 0.9957087
vn 0.07935506 -0.04761302 0.9957087
vn 0.07935506 -0.04761302 0.9957087
vn 0.07935506 -0.04761302 0.9957087
vn 0.07935506 -0.04761302 0.9957087
vn 0.07935506 -0.04761302 0.9957087
vn 0.07935506 -0.04761302 0.9957087
vn 0.07935506 -0.04761302 0.9957087
vn 0.01587099 -0.999874 -0.000345267
vn 0.01587099 -0.999874 -0.000345267
vn 0.01587099 -0.999874 -0.000345267
vn 0.01587099 -0.999874 -0.000345267
vn 0.01587099 -0.999874 -0.000345267
vn 0.01587099 -0.999874 -0.000345267
vn 0.01587099 -0.999874 -0.000345267
vn 0.04761302 0.968132 0.2458728
vn 0.04761302 0.968132 0.2458728
vn 0.04761302 0.968132 0.2458728
vn 0.01587099 0.999874 -0.000345267
vn 0.01587099 0.999874 -0.000345267
vn 0.01587099 0.999874 -0.000345267
vn 0.07935506 -0.04761302 0.9957087
vn 0.07935506 -0.04761302 0.9957087
vn 0.07935506 -0.04761302 0.9957087
vn 0.07935506 -0.04761302 0.9957087
vn 0.07935506 -0.04761302 0.9957087
vn 0.07935506 -0.04761302 0.9957087
vn 0.07935506 -0.04761302 0.9957087
vn 0.07935506 -0.04761302 0.9957087
vn 0.07935506 -0.04761302 0.9957087
vn 0.07935506 -0.04761302 0.9957087
vn 0.07935506 -0.04761302 0.9957087
vn 0.07935506 -0.04761302 0.9957087
vn 0.999874 -0.01587099 -0.000346655
vn 0.999874 -0.01587099 -0.000346655
vn 0.999874 -0.01587099 -0.000346655
vn 0.999874 -0.01587099 -0.000346655
vn 0.999874 -0.01587099 -0.000346655
vn 0.999874 -0.01587099 -0.000346655
vn 0.999874 -0.01587099 -0.000346655
vn 0.999874 -0.01587099 -0.000346655
vn 0.999874 -0.01587099 -0.000346655
vn 0.999874 -0.01587099 -0.000346655
vn 0.999874 -0.01587099 -0.000346655
vn 0.999874 -0.01587099 -0.000346655
vn 0.01587099 -0.999874 -0.000345267
vn 0.01587099 -0.999874 -0.000345267
vn 0.01587099 -0.999874 -0.000345267
vn 0.01587099 -0.999874 -0.000345267
vn 0.01587099 -0.999874 -0.000345267
vn 0.999874 -0.01587099 -0.000346655
vn 0.999874 -0.01587099 -0.000346655
vn 0.999874 -0.01587099 -0.000346655
vn 0.999874 -0.01587099 -0.000346655
vn 0.999874 -0.01587099 -0.000346655
vn 0.999874 -0.01587099 -0.000346655
vn 0.999874 -0.01587099 -0.000346655
vn 0.999874 -0.01587099 -0.000346655
vn 0.01587099 0.999874 -0.000345267
vn 0.01587099 0.999874 -0.000345267
vn 0.01587099 0.999874 -0.000345267
vn 0.1428391 0.968132 0.2057119
vn 0.1428391 0.968132 0.2057119
vn 0.1428391 0.968132 0.2057119
vn 0.999874 -0.01587099 -0.000346655
vn 0.999874 -0.01587099 -0.000346655
vn 0.999874 -0.01587099 -0.000346655
vn 0.999874 -0.01587099 -0.000346655
vn 0.999874 -0.01587099 -0.000346655
vn 0.999874 -0.01587099 -0.000346655
vn 0.999874 -0.01587099 -0.000346655
vn 0.999874 -0.01587099 -0.000346655
vn 0.07935506 -0.04761302 0.9957087
vn 0.07935506 -0.04761302 0.9957087
vn 0.07935506 -0.04761302 0.9957087
vn 0.07935506 -0.04761302 0.9957087
vn 0.999874 -0.01587099 -0.000346655
vn 0.999874 -0.01587099 -0.000346655
vn 0.999874 -0.01587099 -0.000346655
vn 0.999874 -0.01587099 -0.000346655
vn 0.999874 -0.01587099 -0.000346655
vn 0.999874 -0.01587099 -0.000346655
vn 0.999874 -0.01587099 -0.000346655
vn 0.999874 -0.01587099 -0.000346655
vn 0.999874 -0.01587099 -0.000346655
vn 0.999874 -0.01587099 -0.000346655
vn 0.999874 -0.01587099 -0.000346655
vn 0.999874 -0.01587099 -0.000346655
vn 0.01587099 -0.999874 -0.000345267
vn 0.01587099 -0.999874 -0.000345267
vn 0.01587099 -0.999874 -0.000345267
vn 0.01587099 -0.999874 -0.000345267
vn 0.01587099 -0.999874 -0.000345267
vn 0.01587099 -0.999874 -0.000345267
vn 0.999874 -0.01587099 -0.000346655
vn 0.999874 -0.01587099 -0.000346655
vn 0.999874 -0.01587099 -0.000346655
vn 0.999874 -0.01587099 -0.000346655
vn 0.01587099 0.999874 -0.000345267
vn 0.01587099 0.999874 -0.000345267
vn 0.01587099 0.999874 -0.000345267
vn 0.999874 -0.01587099 -0.000346655
vn 0.999874 -0.01587099 -0.000346655
vn 0.999874 -0.01587099 -0.000346655
vn 0.999874 -0.01587099 -0.000346655
vn 0.999874 -0.01587099 -0.000346655
vn 0.999874 -0.01587099 -0.000346655
vn 0.999874 -0.01587099 -0.000346655
vn 0.999874 -0.01587099 -0.000346655
vn 0.999874 -0.01587099 -0.000346655
vn 0.999874 -0.01587099 -0.000346655
vn 0.999874 -0.01587099 -0.000346655
vn 0.999874 -0.01587099 -0.000346655
vn 0.999874 -0.01587099 -0.000346655
vn 0.999874 -0.01587099 -0.000346655
vn 0.999874 -0.01587099 -0.000346655
vn 0.999874 -0.01587099 -0.000346655
vn 0.01587099 0.999874 -0.000345267
vn 0.01587099 0.999874 -0.000345267
vn 0.01587099 0.999874 -0.000345267
vn 0.01587099 0.999874 -0.000345267
vn 0.07935506 -0.04761302 0.9957087
vn 0.07935506 -0.04761302 0.9957087
vn 0.07935506 -0.04761302 0.9957087
vn 0.07935506 -0.04761302 0.9957087
vn 0.01587099 -0.999874 -0.000345267
vn 0.01587099 -0.999874 -0.000345267
vn 0.01587099 -0.999874 -0.000345267
vn 0.01587099 -0.999874 -0.000345267
vn 0.01587099 -0.999874 -0.000345267
vn 0.01587099 -0.999874 -0.000345267
vn 0.04761302 0.968132 0.2458728
vn 0.04761302 0.968132 0.2458728
vn 0.04761302 0.968132 0.2458728
vn 0.04761302 0.968132 0.2458728
vn 0.04761302 0.968132 0.2458728
vn 0.04761302 0.968132 0.2458728
vn 0.01587099 0.999874 -0.000345267
vn 0.01587099 0.999874 -0.000345267
vn 0.01587099 0.999874 -0.000345267
vn 0.01587099 0.999874 -0.000345267
vn 0.01587099 0.999874 -0.000345267
vn 0.01587099 0.999874 -0.000345267
vn 0.01587099 0.999874 -0.000345267
vn 0.01587099 0.999874 -0.000345267
vn 0.01587099 0.999874 -0.000345267
vn 0.01587099 0.999874 -0.000345267
vn 0.01587099 0.999874 -0.000345267
vn 0.01587099 0.999874 -0.000345267
vn 0.01587099 0.999874 -0.000345267
vn 0.01587099 0.999874 -0.000345267
vn 0.01587099 0.999874 -0.000345267
vn 0.01587099 0.999874 -0.000345267
vn 0.01587099 0.999874 -0.000345267
vn 0.01587099 0.999874 -0.000345267
vn 0.01587099 0.999874 -0.000345267
vn 0.01587099 0.999874 -0.000345267
vn 0.01587099 0.999874 -0.000345267
vn 0.01587099 0.999874 -0.000345267
vn 0.01587099 0.999874 -0.000345267
vn 0.01587099 0.999874 -0.000345267
vn 0.01587099 0.999874 -0.000345267
vn 0.01587099 0.999874 -0.000345267
vn 0.01587099 0.999874 -0.000345267
vn 0.07935506 -0.1428391 0.9865596
vn 0.07935506 -0.1428391 0.9865596
vn 0.07935506 -0.1428391 0.9865596
vn 0.07935506 -0.1428391 0.9865596
vn 0.07935506 -0.1428391 0.9865596
vn 0.07935506 -0.1428391 0.9865596
vn 0.07935506 -0.1428391 0.9865596
vn 0.07935506 -0.1428391 0.9865596
vn -0.968132 -0.04761302 0.2458728
vn -0.968132 -0.04761302 0.2458728
vn -0.968132 -0.04761302 0.2458728
vn -0.968132 -0.1745812 -0.1795601
vn -0.968132 -0.1745812 -0.1795601
vn -0.968132 -0.1745812 -0.1795601
vn -0.968132 -0.04761302 0.2458728
vn -0.968132 -0.04761302 0.2458728
vn -0.968132 -0.04761302 0.2458728
vn -0.968132 -0.04761302 0.2458728
vn -0.968132 -0.04761302 0.2458728
vn -0.968132 -0.04761302 0.2458728
vn 0.999874 -0.01587099 -0.000346655
vn 0.999874 -0.01587099 -0.000346655
vn 0.999874 -0.01587099 -0.000346655
vn 0.999874 -0.01587099 -0.000346655
vn 0.999874 -0.01587099 -0.000346655
vn 0.999874 -0.01587099 -0.000346655
vn 0.999874 -0.01587099 -0.000346655
vn 0.999874 -0.01587099 -0.000346655
vn 0.9938838 -0.1104315 0
vn 0.9938838 -0.1104315 0
vn 0.9938838 -0.1104315 0
vn 0.01587099 -0.999874 -0.000345267
vn 0.01587099 -0.999874 -0.000345267
vn 0.01587099 -0.999874 -0.000345267
vn 0.01587099 -0.999874 -0.000345267
vn 0.01587099 -0.999874 -0.000345267
vn 0.01587099 -0.999874 -0.000345267
vn 0.07935506 -0.1428391 0.9865596
vn 0.07935506 -0.1428391 0.9865596
vn 0.07935506 -0.1428391 0.9865596
vn 0.07935506 -0.1428391 0.9865596
vn 0.07935506 -0.1428391 0.9865596
vn 0.07935506 -0.1428391 0.9865596
vn 0.07935506 -0.1428391 0.9865596
vn 0.07935506 -0.1428391 0.9865596
vn -0.968132 -0.04761302 0.2458728
vn -0.968132 -0.04761302 0.2458728
vn -0.968132 -0.04761302 0.2458728
vn -0.968132 -0.1745812 -0.1795601
vn -0.968132 -0.1745812 -0.1795601
vn -0.968132 -0.1745812 -0.1795601
vn -0.968132 -0.04761302 0.2458728
vn -0.968132 -0.04761302 0.2458728
vn -0.968132 -0.04761302 0.2458728
vn -0.968132 -0.04761302 0.2458728
vn -0.968132 -0.04761302 0.2458728
vn -0.968132 -0.04761302 0.2458728
vn 0.999874 -0.01587099 -0.000346655
vn 0.999874 -0.01587099 -0.000346655
vn 0.999874 -0.01587099 -0.000346655
vn 0.999874 -0.01587099 -0.000346655
vn 0.999874 -0.01587099 -0.000346655
vn 0.999874 -0.01587099 -0.000346655
vn 0.999874 -0.01587099 -0.000346655
vn 0.999874 -0.01587099 -0.000346655
vn 0.9938838 -0.1104315 0
vn 0.9938838 -0.1104315 0
vn 0.9938838 -0.1104315 0
vn 0.01587099 -0.999874 -0.000345267
vn 0.01587099 -0.999874 -0.000345267
vn 0.01587099 -0.999874 -0.000345267
vn 0.01587099 -0.999874 -0.000345267
vn 0.01587099 -0.999874 -0.000345267
vn 0.01587099 -0.999874 -0.000345267
vn 0.07935506 -0.1428391 0.9865596
vn 0.07935506 -0.1428391 0.9865596
vn 0.07935506 -0.1428391 0.9865596
vn 0.07935506 -0.1428391 0.9865596
vn 0.07935506 -0.1428391 0.9865596
vn 0.07935506 -0.1428391 0.9865596
vn 0.07935506 -0.1428391 0.9865596
vn 0.07935506 -0.1428391 0.9865596
vn -0.968132 -0.04761302 0.2458728
vn -0.968132 -0.04761302 0.2458728
vn -0.968132 -0.04761302 0.2458728
vn -0.968132 -0.1745812 -0.1795601
vn -0.968132 -0.1745812 -0.1795601
vn -0.968132 -0.1745812 -0.1795601
vn -0.968132 -0.04761302 0.2458728
vn -0.968132 -0.04761302 0.2458728
vn -0.968132 -0.04761302 0.2458728
vn -0.968132 -0.04761302 0.2458728
vn -0.968132 -0.04761302 0.2458728
vn -0.968132 -0.04761302 0.2458728
vn 0.999874 -0.01587099 -0.000346655
vn 0.999874 -0.01587099 -0.000346655
vn 0.999874 -0.01587099 -0.000346655
vn 0.999874 -0.01587099 -0.000346655
vn 0.999874 -0.01587099 -0.000346655
vn 0.999874 -0.01587099 -0.000346655
vn 0.999874 -0.01587099 -0.000346655
vn 0.999874 -0.01587099 -0.000346655
vn 0.9938838 -0.1104315 0
vn 0.9938838 -0.1104315 0
vn 0.9938838 -0.1104315 0
vn 0.01587099 -0.999874 -0.000345267
vn 0.01587099 -0.999874 -0.000345267
vn 0.01587099 -0.999874 -0.000345267
vn 0.01587099 -0.999874 -0.000345267
vn 0.01587099 -0.999874 -0.000345267
vn 0.01587099 -0.999874 -0.000345267
vn 0.07935506 -0.1428391 0.9865596
vn 0.07935506 -0.1428391 0.9865596
vn 0.07935506 -0.1428391 0.9865596
vn 0.07935506 -0.1428391 0.9865596
vn 0.07935506 -0.1428391 0.9865596
vn 0.07935506 -0.1428391 0.9865596
vn 0.07935506 -0.1428391 0.9865596
vn 0.07935506 -0.1428391 0.9865596
vn -0.968132 -0.04761302 0.2458728
vn -0.968132 -0.04761302 0.2458728
vn -0.968132 -0.04761302 0.2458728
vn -0.968132 -0.1745812 -0.1795601
vn -0.968132 -0.1745812 -0.1795601
vn -0.968132 -0.1745812 -0.1795601
vn -0.968132 -0.04761302 0.2458728
vn -0.968132 -0.04761302 0.2458728
vn -0.968132 -0.04761302 0.2458728
vn -0.968132 -0.04761302 0.2458728
vn -0.968132 -0.04761302 0.2458728
vn -0.968132 -0.04761302 0.2458728
vn 0.999874 -0.01587099 -0.000346655
vn 0.999874 -0.01587099 -0.000346655
vn 0.999874 -0.01587099 -0.000346655
vn 0.999874 -0.01587099 -0.000346655
vn 0.999874 -0.01587099 -0.000346655
vn 0.999874 -0.01587099 -0.000346655
vn 0.999874 -0.01587099 -0.000346655
vn 0.999874 -0.01587099 -0.000346655
vn 0.9938838 -0.1104315 0
vn 0.9938838 -0.1104315 0
vn 0.9938838 -0.1104315 0
vn 0.01587099 -0.999874 -0.000345267
vn 0.01587099 -0.999874 -0.000345267
vn 0.01587099 -0.999874 -0.000345267
vn 0.01587099 -0.999874 -0.000345267
vn 0.01587099 -0.999874 -0.000345267
vn 0.01587099 -0.999874 -0.000345267
vn 0.07935506 -0.1428391 0.9865596
vn 0.07935506 -0.1428391 0.9865596
vn 0.07935506 -0.1428391 0.9865596
vn 0.07935506 -0.1428391 0.9865596
vn 0.07935506 -0.1428391 0.9865596
vn 0.07935506 -0.1428391 0.9865596
vn 0.07935506 -0.1428391 0.9865596
vn 0.07935506 -0.1428391 0.9865596
vn -0.968132 -0.04761302 0.2458728
vn -0.968132 -0.04761302 0.2458728
vn -0.968132 -0.04761302 0.2458728
vn -0.968132 -0.1745812 -0.1795601
vn -0.968132 -0.1745812 -0.1795601
vn -0.968132 -0.1745812 -0.1795601
vn -0.968132 -0.04761302 0.2458728
vn -0.968132 -0.04761302 0.2458728
vn -0.968132 -0.04761302 0.2458728
vn -0.968132 -0.04761302 0.2458728
vn -0.968132 -0.04761302 0.2458728
vn -0.968132 -0.04761302 0.2458728
vn 0.999874 -0.01587099 -0.000346655
vn 0.999874 -0.01587099 -0.000346655
vn 0.999874 -0.01587099 -0.000346655
vn 0.999874 -0.01587099 -0.000346655
vn 0.999874 -0.01587099 -0.000346655
vn 0.999874 -0.01587099 -0.000346655
vn 0.999874 -0.01587099 -0.000346655
vn 0.999874 -0.01587099 -0.000346655
vn 0.9938838 -0.1104315 0
vn 0.9938838 -0.1104315 0
vn 0.9938838 -0.1104315 0
vn 0.01587099 -0.999874 -0.000345267
vn 0.01587099 -0.999874 -0.000345267
vn 0.01587099 -0.999874 -0.000345267
vn 0.01587099 -0.999874 -0.000345267
vn 0.01587099 -0.999874 -0.000345267
vn 0.01587099 -0.999874 -0.000345267
vn 0.9938838 -0.1104315 0
vn 0.9938838 -0.1104315 0
vn 0.9938838 -0.1104315 0
vn 0.9938838 -0.1104315 0
vn 0.9938838 -0.1104315 0
vn 0.9938838 -0.1104315 0
vn 0.9938838 -0.1104315 0
vn 0.9938838 -0.1104315 0
vn 0.07935506 -0.04761302 0.9957087
vn 0.07935506 -0.04761302 0.9957087
vn 0.07935506 -0.04761302 0.9957087
vn 0.04761302 -0.1745812 0.9834909
vn 0.04761302 -0.1745812 0.9834909
vn 0.04761302 -0.1745812 0.9834909
vn 0.1110971 -0.04761302 0.9926683
vn 0.1110971 -0.04761302 0.9926683
vn 0.1110971 -0.04761302 0.9926683
vn 0.07935506 -0.04761302 0.9957087
vn 0.07935506 -0.04761302 0.9957087
vn 0.07935506 -0.04761302 0.9957087
vn -0.01587105 -0.04761302 -0.9987398
vn -0.01587105 -0.04761302 -0.9987398
vn -0.01587105 -0.04761302 -0.9987398
vn 0.04761302 -0.04761302 -0.9977304
vn 0.04761302 -0.04761302 -0.9977304
vn -0.04761302 -0.04761302 -0.9977304
vn -0.04761302 -0.04761302 -0.9977304
vn -0.04761302 -0.04761302 -0.9977304
vn -0.01587105 -0.1428391 -0.9896187
vn -0.01587105 -0.1428391 -0.9896187
vn -0.01587105 -0.1428391 -0.9896187
vn 0.01587099 -0.999874 -0.000345267
vn 0.01587099 -0.999874 -0.000345267
vn 0.01587099 -0.999874 -0.000345267
vn 0.01587099 -0.999874 -0.000345267
vn 0.01587099 -0.999874 -0.000345267
vn 0.01587099 -0.999874 -0.000345267
vn 0.9938838 -0.1104315 0
vn 0.9938838 -0.1104315 0
vn 0.9938838 -0.1104315 0
vn 0.9938838 -0.1104315 0
vn 0.9938838 -0.1104315 0
vn 0.9938838 -0.1104315 0
vn 0.9938838 -0.1104315 0
vn 0.9938838 -0.1104315 0
vn 0.07935506 -0.04761302 0.9957087
vn 0.07935506 -0.04761302 0.9957087
vn 0.07935506 -0.04761302 0.9957087
vn 0.04761302 -0.1745812 0.9834909
vn 0.04761302 -0.1745812 0.9834909
vn 0.04761302 -0.1745812 0.9834909
vn 0.1110971 -0.04761302 0.9926683
vn 0.1110971 -0.04761302 0.9926683
vn 0.1110971 -0.04761302 0.9926683
vn 0.07935506 -0.04761302 0.9957087
vn 0.07935506 -0.04761302 0.9957087
vn 0.07935506 -0.04761302 0.9957087
vn -0.01587105 -0.04761302 -0.9987398
vn -0.01587105 -0.04761302 -0.9987398
vn -0.01587105 -0.04761302 -0.9987398
vn 0.04761302 -0.04761302 -0.9977304
vn 0.04761302 -0.04761302 -0.9977304
vn -0.04761302 -0.04761302 -0.9977304
vn -0.04761302 -0.04761302 -0.9977304
vn -0.04761302 -0.04761302 -0.9977304
vn -0.01587105 -0.1428391 -0.9896187
vn -0.01587105 -0.1428391 -0.9896187
vn -0.01587105 -0.1428391 -0.9896187
vn 0.01587099 -0.999874 -0.000345267
vn 0.01587099 -0.999874 -0.000345267
vn 0.01587099 -0.999874 -0.000345267
vn 0.01587099 -0.999874 -0.000345267
vn 0.01587099 -0.999874 -0.000345267
vn 0.01587099 -0.999874 -0.000345267
vn -0.968132 -0.04761302 0.2458728
vn -0.968132 -0.04761302 0.2458728
vn -0.968132 -0.04761302 0.2458728
vn -0.968132 -0.04761302 0.2458728
vn 0.07935506 -0.04761302 0.9957087
vn 0.07935506 -0.04761302 0.9957087
vn 0.07935506 -0.04761302 0.9957087
vn 0.07935506 -0.04761302 0.9957087
vn 0.07935506 -0.04761302 0.9957087
vn 0.07935506 -0.04761302 0.9957087
vn 0.07935506 -0.04761302 0.9957087
vn 0.07935506 -0.04761302 0.9957087
vn 0.07935506 -0.04761302 0.9957087
vn 0.07935506 -0.04761302 0.9957087
vn 0.999874 -0.01587099 -0.000346655
vn 0.999874 -0.01587099 -0.000346655
vn 0.999874 -0.01587099 -0.000346655
vn 0.999874 -0.01587099 -0.000346655
vn 0.999874 -0.01587099 -0.000346655
vn 0.999874 -0.01587099 -0.000346655
vn 0.999874 -0.01587099 -0.000346655
vn 0.999874 -0.01587099 -0.000346655
vn 0.04761302 -0.04761302 0.9977304
vn 0.04761302 -0.04761302 0.9977304
vn 0.04761302 -0.04761302 0.9977304
vn 0.04761302 -0.04761302 0.9977304
vn 0.999874 -0.01587099 -0.000346655
vn 0.999874 -0.01587099 -0.000346655
vn 0.999874 -0.01587099 -0.000346655
vn 0.999874 -0.01587099 -0.000346655
vn 0.07935506 -0.04761302 0.9957087
vn 0.07935506 -0.04761302 0.9957087
vn 0.07935506 -0.04761302 0.9957087
vn 0.07935506 -0.04761302 0.9957087
vn 0.07935506 -0.04761302 0.9957087
vn 0.07935506 -0.04761302 0.9957087
vn 0.07935506 -0.04761302 0.9957087
vn 0.07935506 -0.04761302 0.9957087
vn 0.999874 -0.01587099 -0.000346655
vn 0.999874 -0.01587099 -0.000346655
vn 0.999874 -0.01587099 -0.000346655
vn 0.999874 -0.01587099 -0.000346655
vn 0.07935506 -0.04761302 0.9957087
vn 0.07935506 -0.04761302 0.9957087
vn 0.07935506 -0.04761302 0.9957087
vn 0.07935506 -0.04761302 0.9957087
vn 0.9850967 0.172001 0
vn 0.9850967 0.172001 0
vn 0.9850967 0.172001 0
vn 0.999874 -0.01587099 -0.000346655
vn 0.999874 -0.01587099 -0.000346655
vn 0.999874 -0.01587099 -0.000346655
vn -0.968132 -0.04761302 0.2458728
vn -0.968132 -0.04761302 0.2458728
vn -0.968132 -0.04761302 0.2458728
vn -0.968132 -0.04761302 0.2458728
vn 0.04761302 -0.04761302 0.9977304
vn 0.04761302 -0.04761302 0.9977304
vn 0.04761302 -0.04761302 0.9977304
vn 0.04761302 -0.04761302 0.9977304
vn 0.07935506 -0.04761302 0.9957087
vn 0.07935506 -0.04761302 0.9957087
vn 0.07935506 -0.04761302 0.9957087
vn 0.07935506 -0.04761302 0.9957087
vn 0.999874 -0.01587099 -0.000346655
vn 0.999874 -0.01587099 -0.000346655
vn 0.999874 -0.01587099 -0.000346655
vn 0.999874 -0.01587099 -0.000346655
vn 0.07935506 -0.1428391 0.9865596
vn 0.07935506 -0.1428391 0.9865596
vn 0.07935506 -0.1428391 0.9865596
vn 0.07935506 -0.1428391 0.9865596
vn 0.07935506 -0.1428391 0.9865596
vn 0.07935506 -0.1428391 0.9865596
vn 0.07935506 -0.1428391 0.9865596
vn 0.07935506 -0.1428391 0.9865596
vn -0.968132 -0.04761302 0.2458728
vn -0.968132 -0.04761302 0.2458728
vn -0.968132 -0.04761302 0.2458728
vn -0.968132 -0.1745812 -0.1795601
vn -0.968132 -0.1745812 -0.1795601
vn -0.968132 -0.1745812 -0.1795601
vn -0.968132 -0.04761302 0.2458728
vn -0.968132 -0.04761302 0.2458728
vn -0.968132 -0.04761302 0.2458728
vn -0.968132 -0.04761302 0.2458728
vn -0.968132 -0.04761302 0.2458728
vn -0.968132 -0.04761302 0.2458728
vn 0.999874 -0.01587099 -0.000346655
vn 0.999874 -0.01587099 -0.000346655
vn 0.999874 -0.01587099 -0.000346655
vn 0.999874 -0.01587099 -0.000346655
vn 0.999874 -0.01587099 -0.000346655
vn 0.999874 -0.01587099 -0.000346655
vn 0.999874 -0.01587099 -0.000346655
vn 0.999874 -0.01587099 -0.000346655
vn 0.9938838 -0.1104315 0
vn 0.9938838 -0.1104315 0
vn 0.9938838 -0.1104315 0
vn 0.01587099 -0.999874 -0.000345267
vn 0.01587099 -0.999874 -0.000345267
vn 0.01587099 -0.999874 -0.000345267
vn 0.01587099 -0.999874 -0.000345267
vn 0.01587099 -0.999874 -0.000345267
vn 0.01587099 -0.999874 -0.000345267
vn 0.999874 -0.01587099 -0.000346655
vn 0.999874 -0.01587099 -0.000346655
vn 0.999874 -0.01587099 -0.000346655
vn -0.968132 -0.04761302 0.2458728
vn -0.968132 -0.04761302 0.2458728
vn -0.968132 -0.04761302 0.2458728
vn -0.968132 -0.04761302 0.2458728
vn -0.968132 -0.04761302 0.2458728
vn -0.968132 -0.04761302 0.2458728
vn 0.07935506 -0.04761302 0.9957087
vn 0.07935506 -0.04761302 0.9957087
vn 0.07935506 -0.04761302 0.9957087
vn 0.07935506 -0.04761302 0.9957087
vn 0.07935506 -0.04761302 0.9957087
vn 0.07935506 -0.04761302 0.9957087
vn 0.999874 -0.01587099 -0.000346655
vn 0.999874 -0.01587099 -0.000346655
vn 0.999874 -0.01587099 -0.000346655
vn 0.999874 -0.01587099 -0.000346655
vn 0.04761302 -0.04761302 0.9977304
vn 0.04761302 -0.04761302 0.9977304
vn 0.04761302 -0.04761302 0.9977304
vn 0.04761302 -0.04761302 0.9977304
vn 0.999874 -0.01587099 -0.000346655
vn 0.999874 -0.01587099 -0.000346655
vn 0.999874 -0.01587099 -0.000346655
vn 0.999874 -0.01587099 -0.000346655
vn 0.04761302 -0.04761302 0.9977304
vn 0.04761302 -0.04761302 0.9977304
vn 0.04761302 -0.04761302 0.9977304
vn 0.04761302 -0.04761302 0.9977304
vn 0.07935506 -0.04761302 0.9957087
vn 0.07935506 -0.04761302 0.9957087
vn 0.07935506 -0.04761302 0.9957087
vn 0.07935506 -0.04761302 0.9957087
vn 0.999874 -0.01587099 -0.000346655
vn 0.999874 -0.01587099 -0.000346655
vn 0.999874 -0.01587099 -0.000346655
vn 0.999874 -0.01587099 -0.000346655
vn 0.999874 -0.01587099 -0.000346655
vn 0.999874 -0.01587099 -0.000346655
vn 0.04761302 -0.04761302 0.9977304
vn 0.04761302 -0.04761302 0.9977304
vn 0.04761302 -0.04761302 0.9977304
vn 0.04761302 -0.04761302 0.9977304
vn 0.07935506 -0.04761302 0.9957087
vn 0.07935506 -0.04761302 0.9957087
vn 0.07935506 -0.04761302 0.9957087
vn 0.07935506 -0.04761302 0.9957087
vn 0.999874 -0.01587099 -0.000346655
vn 0.999874 -0.01587099 -0.000346655
vn 0.999874 -0.01587099 -0.000346655
vn 0.999874 -0.01587099 -0.000346655
vn 0.04761302 -0.04761302 0.9977304
vn 0.04761302 -0.04761302 0.9977304
vn 0.04761302 -0.04761302 0.9977304
vn 0.04761302 -0.04761302 0.9977304
vn 0.07935506 -0.04761302 0.9957087
vn 0.07935506 -0.04761302 0.9957087
vn 0.07935506 -0.04761302 0.9957087
vn 0.07935506 -0.04761302 0.9957087
vn 0.999874 -0.01587099 -0.000346655
vn 0.999874 -0.01587099 -0.000346655
vn 0.999874 -0.01587099 -0.000346655
vn 0.999874 -0.01587099 -0.000346655
vn 0.999874 -0.01587099 -0.000346655
vn 0.999874 -0.01587099 -0.000346655
vn 0.999874 -0.01587099 -0.000346655
vn 0.999874 -0.01587099 -0.000346655
vn 0.04761302 -0.04761302 0.9977304
vn 0.04761302 -0.04761302 0.9977304
vn 0.04761302 -0.04761302 0.9977304
vn 0.04761302 -0.04761302 0.9977304
vn 0.07935506 -0.04761302 0.9957087
vn 0.07935506 -0.04761302 0.9957087
vn 0.07935506 -0.04761302 0.9957087
vn 0.07935506 -0.04761302 0.9957087
vn 0.07935506 -0.04761302 0.9957087
vn 0.07935506 -0.04761302 0.9957087
vn 0.07935506 -0.04761302 0.9957087
vn 0.07935506 -0.04761302 0.9957087
vn 0.999874 -0.01587099 -0.000346655
vn 0.999874 -0.01587099 -0.000346655
vn 0.999874 -0.01587099 -0.000346655
vn 0.999874 -0.01587099 -0.000346655
vn 0.07935506 -0.04761302 0.9957087
vn 0.07935506 -0.04761302 0.9957087
vn 0.07935506 -0.04761302 0.9957087
vn 0.07935506 -0.04761302 0.9957087
vn 0.999874 -0.01587099 -0.000346655
vn 0.999874 -0.01587099 -0.000346655
vn 0.999874 -0.01587099 -0.000346655
vn 0.999874 -0.01587099 -0.000346655
vn 0.999874 -0.01587099 -0.000346655
vn 0.999874 -0.01587099 -0.000346655
vn 0.04761302 -0.04761302 0.9977304
vn 0.04761302 -0.04761302 0.9977304
vn 0.04761302 -0.04761302 0.9977304
vn 0.04761302 -0.04761302 0.9977304
vn -0.968132 -0.04761302 0.2458728
vn -0.968132 -0.04761302 0.2458728
vn -0.968132 -0.04761302 0.2458728
vn -0.968132 -0.04761302 0.2458728
vn -0.968132 -0.04761302 0.2458728
vn -0.968132 -0.04761302 0.2458728
vn -0.968132 -0.04761302 0.2458728
vn -0.968132 -0.04761302 0.2458728
vn -0.968132 -0.04761302 0.2458728
vn -0.968132 -0.04761302 0.2458728
vn -0.968132 -0.04761302 0.2458728
vn -0.968132 -0.04761302 0.2458728
vn -0.968132 -0.04761302 0.2458728
vn -0.968132 -0.04761302 0.2458728
vn -0.968132 -0.04761302 0.2458728
vn -0.968132 -0.04761302 0.2458728
vn -0.968132 -0.04761302 0.2458728
vn -0.968132 -0.04761302 0.2458728
vn -0.968132 -0.04761302 0.2458728
vn -0.968132 -0.04761302 0.2458728
vn -0.968132 -0.04761302 0.2458728
vn -0.968132 -0.04761302 0.2458728
vn -0.968132 -0.04761302 0.2458728
vn -0.968132 -0.04761302 0.2458728
vn -0.968132 -0.04761302 0.2458728
vn -0.968132 -0.04761302 0.2458728
vn -0.968132 -0.04761302 0.2458728
vn -0.968132 -0.04761302 0.2458728
vn -0.968132 -0.04761302 0.2458728
vn -0.968132 -0.04761302 0.2458728
vn -0.968132 -0.04761302 0.2458728
vn -0.968132 -0.04761302 0.2458728
vn -0.968132 -0.04761302 0.2458728
vn -0.968132 -0.04761302 0.2458728
vn -0.968132 -0.04761302 0.2458728
vn -0.968132 -0.04761302 0.2458728
vn -0.968132 -0.04761302 0.2458728
vn -0.968132 -0.04761302 0.2458728
vn -0.968132 -0.04761302 0.2458728
vn -0.968132 -0.04761302 0.2458728
vn 0.07935506 -0.04761302 0.9957087
vn 0.07935506 -0.04761302 0.9957087
vn 0.07935506 -0.04761302 0.9957087
vn 0.07935506 -0.04761302 0.9957087
vn 0.07935506 -0.04761302 0.9957087
vn 0.07935506 -0.04761302 0.9957087
vn 0.07935506 -0.04761302 0.9957087
vn 0.07935506 -0.04761302 0.9957087
vn 0.07935506 -0.04761302 0.9957087
vn 0.07935506 -0.04761302 0.9957087
vn 0.07935506 -0.04761302 0.9957087
vn 0.07935506 -0.04761302 0.9957087
vn 0.07935506 -0.04761302 0.9957087
vn 0.07935506 -0.04761302 0.9957087
vn 0.07935506 -0.04761302 0.9957087
vn 0.07935506 -0.04761302 0.9957087
vn 0.07935506 -0.04761302 0.9957087
vn 0.07935506 -0.04761302 0.9957087
vn 0.07935506 -0.04761302 0.9957087
vn 0.07935506 -0.04761302 0.9957087
vn 0.07935506 -0.04761302 0.9957087
vn 0.07935506 -0.04761302 0.9957087
vn 0.07935506 -0.04761302 0.9957087
vn 0.07935506 -0.04761302 0.9957087
vn 0.999874 -0.01587099 -0.000346655
vn 0.999874 -0.01587099 -0.000346655
vn 0.999874 -0.01587099 -0.000346655
vn 0.999874 -0.01587099 -0.000346655
vn 0.999874 -0.01587099 -0.000346655
vn 0.999874 -0.01587099 -0.000346655
vn 0.999874 -0.01587099 -0.000346655
vn 0.999874 -0.01587099 -0.000346655
vn 0.999874 -0.01587099 -0.000346655
vn 0.999874 -0.01587099 -0.000346655
vn 0.999874 -0.01587099 -0.000346655
vn 0.999874 -0.01587099 -0.000346655
vn 0.999874 -0.01587099 -0.000346655
vn 0.999874 -0.01587099 -0.000346655
vn 0.999874 -0.01587099 -0.000346655
vn 0.999874 -0.01587099 -0.000346655
vn 0.999874 -0.01587099 -0.000346655
vn 0.999874 -0.01587099 -0.000346655
vn 0.999874 -0.01587099 -0.000346655
vn 0.999874 -0.01587099 -0.000346655
vn 0.999874 -0.01587099 -0.000346655
vn 0.999874 -0.01587099 -0.000346655
vn 0.999874 -0.01587099 -0.000346655
vn 0.999874 -0.01587099 -0.000346655
vn 0.07935506 -0.04761302 0.9957087
vn 0.07935506 -0.04761302 0.9957087
vn 0.07935506 -0.04761302 0.9957087
vn 0.07935506 -0.04761302 0.9957087
vn 0.07935506 -0.04761302 0.9957087
vn 0.07935506 -0.04761302 0.9957087
vn 0.07935506 -0.04761302 0.9957087
vn 0.07935506 -0.04761302 0.9957087
vn -0.968132 -0.04761302 0.2458728
vn -0.968132 -0.04761302 0.2458728
vn -0.968132 -0.04761302 0.2458728
vn -0.968132 -0.04761302 0.2458728
vn 0.999874 -0.01587099 -0.000346655
vn 0.999874 -0.01587099 -0.000346655
vn 0.999874 -0.01587099 -0.000346655
vn 0.999874 -0.01587099 -0.000346655
vn 0.04761302 -0.04761302 0.9977304
vn 0.04761302 -0.04761302 0.9977304
vn 0.04761302 -0.04761302 0.9977304
vn 0.04761302 -0.04761302 0.9977304
vn -0.968132 -0.04761302 0.2458728
vn -0.968132 -0.04761302 0.2458728
vn -0.968132 -0.04761302 0.2458728
vn -0.968132 -0.04761302 0.2458728
vn 0.04761302 -0.04761302 0.9977304
vn 0.04761302 -0.04761302 0.9977304
vn 0.04761302 -0.04761302 0.9977304
vn 0.04761302 -0.04761302 0.9977304
vn 0.07935506 -0.04761302 0.9957087
vn 0.07935506 -0.04761302 0.9957087
vn 0.07935506 -0.04761302 0.9957087
vn 0.07935506 -0.04761302 0.9957087
vn -0.968132 -0.04761302 0.2458728
vn -0.968132 -0.04761302 0.2458728
vn -0.968132 -0.04761302 0.2458728
vn -0.968132 -0.04761302 0.2458728
vn -0.968132 -0.04761302 0.2458728
vn -0.968132 -0.04761302 0.2458728
vn -0.968132 -0.04761302 0.2458728
vn -0.968132 -0.04761302 0.2458728
vn 0.07935506 -0.04761302 0.9957087
vn 0.07935506 -0.04761302 0.9957087
vn 0.07935506 -0.04761302 0.9957087
vn 0.07935506 -0.04761302 0.9957087
vn 0.07935506 -0.04761302 0.9957087
vn 0.07935506 -0.04761302 0.9957087
vn 0.07935506 -0.04761302 0.9957087
vn 0.07935506 -0.04761302 0.9957087
vn 0.07935506 -0.04761302 0.9957087
vn 0.07935506 -0.04761302 0.9957087
vn 0.07935506 -0.04761302 0.9957087
vn 0.07935506 -0.04761302 0.9957087
vn 0.07935506 -0.04761302 0.9957087
vn 0.07935506 -0.04761302 0.9957087
vn 0.07935506 -0.04761302 0.9957087
vn 0.07935506 -0.04761302 0.9957087
vn 0.07935506 -0.04761302 0.9957087
vn 0.07935506 -0.04761302 0.9957087
vn 0.07935506 -0.04761302 0.9957087
vn 0.07935506 -0.04761302 0.9957087
vn 0.999874 -0.01587099 -0.000346655
vn 0.999874 -0.01587099 -0.000346655
vn 0.999874 -0.01587099 -0.000346655
vn 0.999874 -0.01587099 -0.000346655
vn 0.999874 -0.01587099 -0.000346655
vn 0.999874 -0.01587099 -0.000346655
vn 0.999874 -0.01587099 -0.000346655
vn 0.999874 -0.01587099 -0.000346655
vn 0.999874 -0.01587099 -0.000346655
vn 0.999874 -0.01587099 -0.000346655
vn 0.999874 -0.01587099 -0.000346655
vn 0.999874 -0.01587099 -0.000346655
vn -0.07935512 -0.04761302 -0.9957087
vn -0.07935512 -0.04761302 -0.9957087
vn -0.07935512 -0.04761302 -0.9957087
vn -0.07935512 -0.04761302 -0.9957087
vn -0.07935512 -0.04761302 -0.9957087
vn -0.07935512 -0.04761302 -0.9957087
vn 0.01587099 -0.999874 -0.000345267
vn 0.01587099 -0.999874 -0.000345267
vn 0.01587099 -0.999874 -0.000345267
vn 0.01587099 -0.999874 -0.000345267
vn 0.01587099 -0.999874 -0.000345267
vn 0.01587099 -0.999874 -0.000345267
vn -0.07935512 -0.04761302 -0.9957087
vn -0.07935512 -0.04761302 -0.9957087
vn -0.07935512 -0.04761302 -0.9957087
vn -0.07935512 -0.04761302 -0.9957087
vn 0.01587099 0.999874 -0.000345267
vn 0.01587099 0.999874 -0.000345267
vn 0.01587099 0.999874 -0.000345267
vn -0.07935512 -0.04761302 -0.9957087
vn -0.07935512 -0.04761302 -0.9957087
vn -0.07935512 -0.04761302 -0.9957087
vn -0.07935512 -0.04761302 -0.9957087
vn 0.04761302 0.968132 -0.2458728
vn 0.04761302 0.968132 -0.2458728
vn 0.04761302 0.968132 -0.2458728
vn 0.01587099 0.999874 -0.000345267
vn 0.01587099 0.999874 -0.000345267
vn 0.01587099 0.999874 -0.000345267
vn -0.07935512 -0.04761302 -0.9957087
vn -0.07935512 -0.04761302 -0.9957087
vn -0.07935512 -0.04761302 -0.9957087
vn -0.07935512 -0.04761302 -0.9957087
vn 0.01587099 -0.999874 -0.000345267
vn 0.01587099 -0.999874 -0.000345267
vn 0.01587099 -0.999874 -0.000345267
vn 0.01587099 -0.999874 -0.000345267
vn -0.07935512 -0.04761302 -0.9957087
vn -0.07935512 -0.04761302 -0.9957087
vn -0.07935512 -0.04761302 -0.9957087
vn -0.07935512 -0.04761302 -0.9957087
vn 0.01587099 0.999874 -0.000345267
vn 0.01587099 0.999874 -0.000345267
vn 0.01587099 0.999874 -0.000345267
vn 0.01587099 0.999874 -0.000345267
vn -0.07935512 -0.04761302 -0.9957087
vn -0.07935512 -0.04761302 -0.9957087
vn -0.07935512 -0.04761302 -0.9957087
vn -0.07935512 -0.04761302 -0.9957087
vn -0.07935512 -0.04761302 -0.9957087
vn -0.07935512 -0.04761302 -0.9957087
vn -0.07935512 -0.04761302 -0.9957087
vn -0.07935512 -0.04761302 -0.9957087
vn -0.07935512 -0.04761302 -0.9957087
vn -0.07935512 -0.04761302 -0.9957087
vn -0.07935512 -0.04761302 -0.9957087
vn -0.07935512 -0.04761302 -0.9957087
vn -0.07935512 -0.04761302 -0.9957087
vn -0.07935512 -0.04761302 -0.9957087
vn -0.07935512 -0.04761302 -0.9957087
vn -0.07935512 -0.04761302 -0.9957087
vn -0.07935512 -0.04761302 -0.9957087
vn -0.07935512 -0.04761302 -0.9957087
vn -0.07935512 -0.04761302 -0.9957087
vn -0.07935512 -0.04761302 -0.9957087
vn -0.07935512 -0.04761302 -0.9957087
vn -0.07935512 -0.04761302 -0.9957087
vn -0.07935512 -0.04761302 -0.9957087
vn -0.07935512 -0.04761302 -0.9957087
vn -0.07935512 -0.04761302 -0.9957087
vn -0.07935512 -0.04761302 -0.9957087
vn -0.07935512 -0.04761302 -0.9957087
vn -0.07935512 -0.04761302 -0.9957087
vn -0.07935512 -0.04761302 -0.9957087
vn -0.07935512 -0.04761302 -0.9957087
vn -0.07935512 -0.04761302 -0.9957087
vn -0.07935512 -0.04761302 -0.9957087
vn -0.07935512 -0.04761302 -0.9957087
vn -0.07935512 -0.04761302 -0.9957087
vn -0.07935512 -0.04761302 -0.9957087
vn -0.07935512 -0.04761302 -0.9957087
vn -0.07935512 -0.04761302 -0.9957087
vn -0.07935512 -0.04761302 -0.9957087
vn -0.07935512 -0.04761302 -0.9957087
vn -0.07935512 -0.04761302 -0.9957087
vn -0.07935512 -0.04761302 -0.9957087
vn -0.07935512 -0.04761302 -0.9957087
vn -0.07935512 -0.04761302 -0.9957087
vn -0.07935512 -0.04761302 -0.9957087
vn -0.07935512 -0.04761302 -0.9957087
vn -0.07935512 -0.04761302 -0.9957087
vn -0.07935512 -0.04761302 -0.9957087
vn -0.07935512 -0.04761302 -0.9957087
vn -0.07935512 -0.04761302 -0.9957087
vn -0.07935512 -0.04761302 -0.9957087
vn -0.07935512 -0.04761302 -0.9957087
vn -0.07935512 -0.04761302 -0.9957087
vn -0.07935512 -0.04761302 -0.9957087
vn -0.07935512 -0.04761302 -0.9957087
vn -0.07935512 -0.04761302 -0.9957087
vn -0.07935512 -0.04761302 -0.9957087
vn 0.04761302 -0.04761302 -0.9977304
vn 0.04761302 -0.04761302 -0.9977304
vn 0.04761302 -0.04761302 -0.9977304
vn 0.04761302 -0.04761302 -0.9977304
vn 0.04761302 -0.04761302 -0.9977304
vn 0.04761302 -0.04761302 -0.9977304
vn 0.01587099 -0.999874 -0.000345267
vn 0.01587099 -0.999874 -0.000345267
vn 0.01587099 -0.999874 -0.000345267
vn 0.01587099 -0.999874 -0.000345267
vn 0.01587099 -0.999874 -0.000345267
vn 0.01587099 -0.999874 -0.000345267
vn 0.04761302 -0.04761302 -0.9977304
vn 0.04761302 -0.04761302 -0.9977304
vn 0.04761302 -0.04761302 -0.9977304
vn 0.04761302 -0.04761302 -0.9977304
vn 0.01587099 0.999874 -0.000345267
vn 0.01587099 0.999874 -0.000345267
vn 0.01587099 0.999874 -0.000345267
vn 0.04761302 -0.04761302 -0.9977304
vn 0.04761302 -0.04761302 -0.9977304
vn 0.04761302 -0.04761302 -0.9977304
vn 0.04761302 -0.04761302 -0.9977304
vn 0.04761302 0.968132 -0.2458728
vn 0.04761302 0.968132 -0.2458728
vn 0.04761302 0.968132 -0.2458728
vn 0.01587099 0.999874 -0.000345267
vn 0.01587099 0.999874 -0.000345267
vn 0.01587099 0.999874 -0.000345267
vn 0.04761302 -0.04761302 -0.9977304
vn 0.04761302 -0.04761302 -0.9977304
vn 0.04761302 -0.04761302 -0.9977304
vn 0.04761302 -0.04761302 -0.9977304
vn 0.01587099 -0.999874 -0.000345267
vn 0.01587099 -0.999874 -0.000345267
vn 0.01587099 -0.999874 -0.000345267
vn 0.01587099 -0.999874 -0.000345267
vn 0.01587099 -0.999874 -0.000345267
vn 0.01587099 -0.999874 -0.000345267
vn 0.04761302 -0.04761302 -0.9977304
vn 0.04761302 -0.04761302 -0.9977304
vn 0.04761302 -0.04761302 -0.9977304
vn 0.04761302 -0.04761302 -0.9977304
vn 0.01587099 0.999874 -0.000345267
vn 0.01587099 0.999874 -0.000345267
vn 0.01587099 0.999874 -0.000345267
vn 0.01587099 0.999874 -0.000345267
vn 0.01587099 0.999874 -0.000345267
vn 0.01587099 0.999874 -0.000345267
vn 0.04761302 -0.04761302 -0.9977304
vn 0.04761302 -0.04761302 -0.9977304
vn 0.04761302 -0.04761302 -0.9977304
vn 0.04761302 -0.04761302 -0.9977304
vn 0.04761302 -0.04761302 -0.9977304
vn 0.04761302 -0.04761302 -0.9977304
vn 0.04761302 -0.04761302 -0.9977304
vn 0.04761302 -0.04761302 -0.9977304
vn 0.04761302 -0.04761302 -0.9977304
vn 0.04761302 -0.04761302 -0.9977304
vn 0.04761302 -0.04761302 -0.9977304
vn 0.04761302 -0.04761302 -0.9977304
vn 0.04761302 -0.04761302 -0.9977304
vn 0.04761302 -0.04761302 -0.9977304
vn 0.04761302 -0.04761302 -0.9977304
vn 0.04761302 -0.04761302 -0.9977304
vn 0.04761302 -0.04761302 -0.9977304
vn 0.04761302 -0.04761302 -0.9977304
vn 0.04761302 -0.04761302 -0.9977304
vn 0.04761302 -0.04761302 -0.9977304
vn 0.04761302 -0.04761302 -0.9977304
vn 0.04761302 -0.04761302 -0.9977304
vn 0.04761302 -0.04761302 -0.9977304
vn 0.04761302 -0.04761302 -0.9977304
vn 0.04761302 -0.04761302 -0.9977304
vn 0.04761302 -0.04761302 -0.9977304
vn 0.04761302 -0.04761302 -0.9977304
vn 0.04761302 -0.04761302 -0.9977304
vn 0.04761302 -0.04761302 -0.9977304
vn 0.04761302 -0.04761302 -0.9977304
vn 0.04761302 -0.04761302 -0.9977304
vn 0.04761302 -0.04761302 -0.9977304
vn 0.04761302 -0.04761302 -0.9977304
vn 0.04761302 -0.04761302 -0.9977304
vn 0.04761302 -0.04761302 -0.9977304
vn 0.04761302 -0.04761302 -0.9977304
vn 0.04761302 -0.04761302 -0.9977304
vn 0.04761302 -0.04761302 -0.9977304
vn 0.04761302 -0.04761302 -0.9977304
vn 0.04761302 -0.04761302 -0.9977304
vn 0.04761302 -0.04761302 -0.9977304
vn 0.01587099 -0.999874 -0.000345267
vn 0.01587099 -0.999874 -0.000345267
vn 0.01587099 -0.999874 -0.000345267
vn 0.01587099 -0.999874 -0.000345267
vn 0.01587099 -0.999874 -0.000345267
vn 0.01587099 -0.999874 -0.000345267
vn 0.04761302 -0.04761302 -0.9977304
vn 0.04761302 -0.04761302 -0.9977304
vn 0.04761302 -0.04761302 -0.9977304
vn 0.04761302 -0.04761302 -0.9977304
vn 0.01587099 0.999874 -0.000345267
vn 0.01587099 0.999874 -0.000345267
vn 0.01587099 0.999874 -0.000345267
vn 0.04761302 -0.04761302 -0.9977304
vn 0.04761302 -0.04761302 -0.9977304
vn 0.04761302 -0.04761302 -0.9977304
vn 0.04761302 -0.04761302 -0.9977304
vn 0.04761302 -0.04761302 -0.9977304
vn 0.04761302 -0.04761302 -0.9977304
vn 0.04761302 -0.04761302 -0.9977304
vn 0.04761302 0.968132 -0.2458728
vn 0.04761302 0.968132 -0.2458728
vn 0.04761302 0.968132 -0.2458728
vn 0.01587099 0.999874 -0.000345267
vn 0.01587099 0.999874 -0.000345267
vn 0.01587099 0.999874 -0.000345267
vn 0.04761302 -0.04761302 -0.9977304
vn 0.04761302 -0.04761302 -0.9977304
vn 0.04761302 -0.04761302 -0.9977304
vn 0.04761302 -0.04761302 -0.9977304
vn 0.01587099 -0.999874 -0.000345267
vn 0.01587099 -0.999874 -0.000345267
vn 0.01587099 -0.999874 -0.000345267
vn 0.01587099 -0.999874 -0.000345267
vn 0.04761302 -0.04761302 -0.9977304
vn 0.04761302 -0.04761302 -0.9977304
vn 0.04761302 -0.04761302 -0.9977304
vn 0.04761302 -0.04761302 -0.9977304
vn 0.01587099 0.999874 -0.000345267
vn 0.01587099 0.999874 -0.000345267
vn 0.01587099 0.999874 -0.000345267
vn 0.01587099 0.999874 -0.000345267
vn 0.01587099 0.999874 -0.000345267
vn 0.01587099 0.999874 -0.000345267
vn 0.04761302 -0.04761302 -0.9977304
vn 0.04761302 -0.04761302 -0.9977304
vn 0.04761302 -0.04761302 -0.9977304
vn 0.04761302 -0.04761302 -0.9977304
vn 0.04761302 -0.04761302 -0.9977304
vn 0.04761302 -0.04761302 -0.9977304
vn 0.04761302 -0.04761302 -0.9977304
vn 0.04761302 -0.04761302 -0.9977304
vn 0.04761302 -0.04761302 -0.9977304
vn 0.04761302 -0.04761302 -0.9977304
vn 0.04761302 -0.04761302 -0.9977304
vn 0.04761302 -0.04761302 -0.9977304
vn 0.04761302 -0.04761302 -0.9977304
vn 0.04761302 -0.04761302 -0.9977304
vn 0.04761302 -0.04761302 -0.9977304
vn 0.04761302 -0.04761302 -0.9977304
vn 0.04761302 -0.04761302 -0.9977304
vn 0.04761302 -0.04761302 -0.9977304
vn 0.04761302 -0.04761302 -0.9977304
vn 0.04761302 -0.04761302 -0.9977304
vn 0.04761302 -0.04761302 -0.9977304
vn 0.04761302 -0.04761302 -0.9977304
vn 0.04761302 -0.04761302 -0.9977304
vn 0.04761302 -0.04761302 -0.9977304
vn 0.04761302 -0.04761302 -0.9977304
vn 0.04761302 -0.04761302 -0.9977304
vn 0.04761302 -0.04761302 -0.9977304
vn 0.04761302 -0.04761302 -0.9977304
g DSJ_GTA_diLou_32_0
f 3/3/3 2/2/2 1/1/1
f 1/1/1 4/4/4 3/3/3
f 7/7/7 6/6/6 5/5/5
f 8/8/8 5/5/5 6/6/6
f 11/11/11 10/10/10 9/9/9
f 12/12/12 9/9/9 10/10/10
f 11/11/11 9/9/9 13/13/13
f 14/14/14 13/13/13 9/9/9
f 17/17/17 16/16/16 15/15/15
f 18/18/18 15/15/15 16/16/16
f 21/21/21 20/20/20 19/19/19
f 22/22/22 19/19/19 20/20/20
f 25/25/25 24/24/24 23/23/23
f 23/23/23 24/24/24 26/26/26
f 29/29/29 28/28/28 27/27/27
f 30/30/30 27/27/27 28/28/28
f 33/33/33 32/32/32 31/31/31
f 34/34/34 31/31/31 32/32/32
f 37/37/37 36/36/36 35/35/35
f 38/38/38 35/35/35 36/36/36
f 41/41/41 40/40/40 39/39/39
f 42/42/42 39/39/39 40/40/40
f 39/39/39 43/43/43 41/41/41
f 39/39/39 42/42/42 43/43/43
f 44/44/44 41/41/41 43/43/43
f 45/45/45 43/43/43 42/42/42
f 48/48/48 47/47/47 46/46/46
f 49/49/49 46/46/46 47/47/47
f 52/52/52 51/51/51 50/50/50
f 53/53/53 50/50/50 51/51/51
f 56/56/56 55/55/55 54/54/54
f 57/57/57 54/54/54 55/55/55
f 55/55/55 56/56/56 58/58/58
f 59/59/59 58/58/58 56/56/56
f 62/62/62 61/61/61 60/60/60
f 63/63/63 60/60/60 61/61/61
f 60/60/60 63/63/63 64/64/64
f 60/60/60 64/64/64 62/62/62
f 65/65/65 64/64/64 63/63/63
f 66/66/66 62/62/62 64/64/64
f 69/69/69 68/68/68 67/67/67
f 70/70/70 67/67/67 68/68/68
f 73/73/73 72/72/72 71/71/71
f 74/74/74 71/71/71 72/72/72
f 77/77/77 76/76/76 75/75/75
f 78/78/78 75/75/75 76/76/76
f 76/76/76 79/79/79 78/78/78
f 80/80/80 78/78/78 79/79/79
f 80/80/80 79/79/79 81/81/81
f 82/82/82 81/81/81 79/79/79
f 85/85/85 84/84/84 83/83/83
f 86/86/86 83/83/83 84/84/84
f 89/89/89 88/88/88 87/87/87
f 90/90/90 87/87/87 88/88/88
f 93/93/93 92/92/92 91/91/91
f 96/96/96 95/95/95 94/94/94
f 99/99/99 98/98/98 97/97/97
f 99/99/99 101/101/101 100/100/100
f 102/102/102 100/100/100 101/101/101
f 103/103/103 102/102/102 101/101/101
f 106/106/106 105/105/105 104/104/104
f 104/104/104 107/107/107 106/106/106
f 108/108/108 106/106/106 107/107/107
f 107/107/107 109/109/109 108/108/108
f 110/110/110 108/108/108 109/109/109
f 113/113/113 112/112/112 111/111/111
f 114/114/114 111/111/111 112/112/112
f 117/117/117 116/116/116 115/115/115
f 118/118/118 115/115/115 116/116/116
f 121/121/121 120/120/120 119/119/119
f 122/122/122 119/119/119 120/120/120
f 125/125/125 124/124/124 123/123/123
f 126/126/126 123/123/123 124/124/124
f 123/123/123 127/127/127 125/125/125
f 128/128/128 125/125/125 127/127/127
f 131/131/131 130/130/130 129/129/129
f 132/132/132 129/129/129 130/130/130
f 129/129/129 133/133/133 131/131/131
f 134/134/134 131/131/131 133/133/133
f 137/137/137 136/136/136 135/135/135
f 138/138/138 135/135/135 136/136/136
f 141/141/141 140/140/140 139/139/139
f 142/142/142 139/139/139 140/140/140
f 145/145/145 144/144/144 143/143/143
f 146/146/146 143/143/143 144/144/144
f 149/149/149 148/148/148 147/147/147
f 150/150/150 147/147/147 148/148/148
f 153/153/153 152/152/152 151/151/151
f 154/154/154 151/151/151 152/152/152
f 157/157/157 156/156/156 155/155/155
f 158/158/158 155/155/155 156/156/156
f 156/156/156 159/159/159 158/158/158
f 160/160/160 158/158/158 159/159/159
f 158/158/158 160/160/160 161/161/161
f 162/162/162 161/161/161 160/160/160
f 161/161/161 162/162/162 163/163/163
f 164/164/164 163/163/163 162/162/162
f 161/161/161 165/165/165 158/158/158
f 155/155/155 158/158/158 165/165/165
f 165/165/165 161/161/161 166/166/166
f 163/163/163 166/166/166 161/161/161
f 167/167/167 166/166/166 163/163/163
f 167/167/167 168/168/168 166/166/166
f 171/171/171 170/170/170 169/169/169
f 174/174/174 173/173/173 172/172/172
f 175/175/175 173/173/173 174/174/174
f 176/176/176 175/175/175 174/174/174
f 179/179/179 178/178/178 177/177/177
f 180/180/180 177/177/177 178/178/178
f 178/178/178 179/179/179 181/181/181
f 182/182/182 181/181/181 179/179/179
f 185/185/185 184/184/184 183/183/183
f 186/186/186 183/183/183 184/184/184
f 189/189/189 188/188/188 187/187/187
f 190/190/190 187/187/187 188/188/188
f 188/188/188 191/191/191 190/190/190
f 192/192/192 190/190/190 191/191/191
f 191/191/191 193/193/193 192/192/192
f 194/194/194 192/192/192 193/193/193
f 197/197/197 196/196/196 195/195/195
f 198/198/198 195/195/195 196/196/196
f 196/196/196 197/197/197 199/199/199
f 200/200/200 199/199/199 197/197/197
f 197/197/197 201/201/201 200/200/200
f 202/202/202 200/200/200 201/201/201
f 195/195/195 203/203/203 197/197/197
f 201/201/201 197/197/197 203/203/203
f 206/206/206 205/205/205 204/204/204
f 207/207/207 204/204/204 205/205/205
f 204/204/204 207/207/207 208/208/208
f 209/209/209 208/208/208 207/207/207
f 204/204/204 208/208/208 210/210/210
f 211/211/211 210/210/210 208/208/208
f 214/214/214 213/213/213 212/212/212
f 215/215/215 212/212/212 213/213/213
f 218/218/218 217/217/217 216/216/216
f 219/219/219 216/216/216 217/217/217
f 222/222/222 221/221/221 220/220/220
f 223/223/223 220/220/220 221/221/221
f 226/226/226 225/225/225 224/224/224
f 227/227/227 224/224/224 225/225/225
f 230/230/230 229/229/229 228/228/228
f 231/231/231 228/228/228 229/229/229
f 234/234/234 233/233/233 232/232/232
f 235/235/235 232/232/232 233/233/233
f 238/238/238 237/237/237 236/236/236
f 239/239/239 236/236/236 237/237/237
f 242/242/242 241/241/241 240/240/240
f 243/243/243 240/240/240 241/241/241
f 246/246/246 245/245/245 244/244/244
f 247/247/247 244/244/244 245/245/245
f 250/250/250 249/249/249 248/248/248
f 251/251/251 248/248/248 249/249/249
f 254/254/254 253/253/253 252/252/252
f 255/255/255 252/252/252 253/253/253
f 258/258/258 257/257/257 256/256/256
f 259/259/259 256/256/256 257/257/257
f 262/262/262 261/261/261 260/260/260
f 263/263/263 260/260/260 261/261/261
f 266/266/266 265/265/265 264/264/264
f 267/267/267 264/264/264 265/265/265
f 270/270/270 269/269/269 268/268/268
f 271/271/271 268/268/268 269/269/269
f 274/274/274 273/273/273 272/272/272
f 275/275/275 272/272/272 273/273/273
f 278/278/278 277/277/277 276/276/276
f 279/279/279 276/276/276 277/277/277
f 282/282/282 281/281/281 280/280/280
f 283/283/283 280/280/280 281/281/281
f 286/286/286 285/285/285 284/284/284
f 287/287/287 284/284/284 285/285/285
f 290/290/290 289/289/289 288/288/288
f 291/291/291 288/288/288 289/289/289
f 294/294/294 293/293/293 292/292/292
f 295/295/295 292/292/292 293/293/293
f 298/298/298 297/297/297 296/296/296
f 299/299/299 296/296/296 297/297/297
f 302/302/302 301/301/301 300/300/300
f 303/303/303 300/300/300 301/301/301
f 306/306/306 305/305/305 304/304/304
f 307/307/307 304/304/304 305/305/305
f 310/310/310 309/309/309 308/308/308
f 311/311/311 308/308/308 309/309/309
f 314/314/314 313/313/313 312/312/312
f 315/315/315 312/312/312 313/313/313
f 318/318/318 317/317/317 316/316/316
f 319/319/319 316/316/316 317/317/317
f 322/322/322 321/321/321 320/320/320
f 323/323/323 320/320/320 321/321/321
f 326/326/326 325/325/325 324/324/324
f 327/327/327 324/324/324 325/325/325
f 330/330/330 329/329/329 328/328/328
f 331/331/331 328/328/328 329/329/329
f 334/334/334 333/333/333 332/332/332
f 335/335/335 332/332/332 333/333/333
f 338/338/338 337/337/337 336/336/336
f 339/339/339 336/336/336 337/337/337
f 342/342/342 341/341/341 340/340/340
f 343/343/343 340/340/340 341/341/341
f 346/346/346 345/345/345 344/344/344
f 347/347/347 344/344/344 345/345/345
f 350/350/350 349/349/349 348/348/348
f 351/351/351 348/348/348 349/349/349
f 354/354/354 353/353/353 352/352/352
f 355/355/355 352/352/352 353/353/353
f 358/358/358 357/357/357 356/356/356
f 359/359/359 356/356/356 357/357/357
f 362/362/362 361/361/361 360/360/360
f 363/363/363 360/360/360 361/361/361
f 366/366/366 365/365/365 364/364/364
f 367/367/367 364/364/364 365/365/365
f 370/370/370 369/369/369 368/368/368
f 371/371/371 368/368/368 369/369/369
f 374/374/374 373/373/373 372/372/372
f 375/375/375 372/372/372 373/373/373
f 378/378/378 377/377/377 376/376/376
f 379/379/379 376/376/376 377/377/377
f 382/382/382 381/381/381 380/380/380
f 383/383/383 380/380/380 381/381/381
f 386/386/386 385/385/385 384/384/384
f 387/387/387 384/384/384 385/385/385
f 390/390/390 389/389/389 388/388/388
f 391/391/391 388/388/388 389/389/389
f 394/394/394 393/393/393 392/392/392
f 395/395/395 392/392/392 393/393/393
f 398/398/398 397/397/397 396/396/396
f 399/399/399 396/396/396 397/397/397
f 402/402/402 401/401/401 400/400/400
f 403/403/403 400/400/400 401/401/401
f 406/406/406 405/405/405 404/404/404
f 407/407/407 404/404/404 405/405/405
f 410/410/410 409/409/409 408/408/408
f 411/411/411 408/408/408 409/409/409
f 409/409/409 410/410/410 412/412/412
f 413/413/413 412/412/412 410/410/410
f 416/416/416 415/415/415 414/414/414
f 417/417/417 414/414/414 415/415/415
f 420/420/420 419/419/419 418/418/418
f 421/421/421 418/418/418 419/419/419
f 424/424/424 423/423/423 422/422/422
f 425/425/425 422/422/422 423/423/423
f 428/428/428 427/427/427 426/426/426
f 429/429/429 426/426/426 427/427/427
f 426/426/426 430/430/430 428/428/428
f 431/431/431 428/428/428 430/430/430
f 434/434/434 433/433/433 432/432/432
f 435/435/435 432/432/432 433/433/433
f 438/438/438 437/437/437 436/436/436
f 439/439/439 436/436/436 437/437/437
f 442/442/442 441/441/441 440/440/440
f 441/441/441 443/443/443 440/440/440
f 443/443/443 444/444/444 440/440/440
f 447/447/447 446/446/446 445/445/445
f 448/448/448 445/445/445 446/446/446
f 451/451/451 450/450/450 449/449/449
f 452/452/452 449/449/449 450/450/450
f 455/455/455 454/454/454 453/453/453
f 456/456/456 453/453/453 454/454/454
f 459/459/459 458/458/458 457/457/457
f 460/460/460 457/457/457 458/458/458
f 463/463/463 462/462/462 461/461/461
f 464/464/464 461/461/461 462/462/462
f 467/467/467 466/466/466 465/465/465
f 468/468/468 465/465/465 466/466/466
f 471/471/471 470/470/470 469/469/469
f 472/472/472 469/469/469 470/470/470
f 475/475/475 474/474/474 473/473/473
f 476/476/476 473/473/473 474/474/474
f 479/479/479 478/478/478 477/477/477
f 480/480/480 477/477/477 478/478/478
f 483/483/483 482/482/482 481/481/481
f 484/484/484 481/481/481 482/482/482
f 487/487/487 486/486/486 485/485/485
f 488/488/488 485/485/485 486/486/486
f 491/491/491 490/490/490 489/489/489
f 492/492/492 489/489/489 490/490/490
f 495/495/495 494/494/494 493/493/493
f 496/496/496 493/493/493 494/494/494
f 499/499/499 498/498/498 497/497/497
f 500/500/500 497/497/497 498/498/498
f 503/503/503 502/502/502 501/501/501
f 504/504/504 501/501/501 502/502/502
f 507/507/507 506/506/506 505/505/505
f 508/508/508 505/505/505 506/506/506
f 511/511/511 510/510/510 509/509/509
f 512/512/512 509/509/509 510/510/510
f 515/515/515 514/514/514 513/513/513
f 516/516/516 513/513/513 514/514/514
f 519/519/519 518/518/518 517/517/517
f 520/520/520 517/517/517 518/518/518
f 523/523/523 522/522/522 521/521/521
f 524/524/524 521/521/521 522/522/522
f 527/527/527 526/526/526 525/525/525
f 528/528/528 525/525/525 526/526/526
f 531/531/531 530/530/530 529/529/529
f 532/532/532 529/529/529 530/530/530
f 535/535/535 534/534/534 533/533/533
f 536/536/536 533/533/533 534/534/534
f 539/539/539 538/538/538 537/537/537
f 540/540/540 537/537/537 538/538/538
f 543/543/543 542/542/542 541/541/541
f 544/544/544 541/541/541 542/542/542
f 541/541/541 546/546/546 545/545/545
f 547/547/547 545/545/545 546/546/546
f 550/550/550 549/549/549 548/548/548
f 551/551/551 548/548/548 549/549/549
f 554/554/554 553/553/553 552/552/552
f 555/555/555 552/552/552 553/553/553
f 558/558/558 557/557/557 556/556/556
f 559/559/559 556/556/556 557/557/557
f 562/562/562 561/561/561 560/560/560
f 563/563/563 560/560/560 561/561/561
f 566/566/566 565/565/565 564/564/564
f 567/567/567 564/564/564 565/565/565
f 570/570/570 569/569/569 568/568/568
f 571/571/571 568/568/568 569/569/569
f 574/574/574 573/573/573 572/572/572
f 575/575/575 572/572/572 573/573/573
f 578/578/578 577/577/577 576/576/576
f 579/579/579 576/576/576 577/577/577
f 582/582/582 581/581/581 580/580/580
f 583/583/583 580/580/580 581/581/581
f 586/586/586 585/585/585 584/584/584
f 587/587/587 584/584/584 585/585/585
f 590/590/590 589/589/589 588/588/588
f 591/591/591 588/588/588 589/589/589
f 594/594/594 593/593/593 592/592/592
f 595/595/595 592/592/592 593/593/593
f 598/598/598 597/597/597 596/596/596
f 599/599/599 596/596/596 597/597/597
f 602/602/602 601/601/601 600/600/600
f 603/603/603 600/600/600 601/601/601
f 606/606/606 605/605/605 604/604/604
f 607/607/607 604/604/604 605/605/605
f 610/610/610 609/609/609 608/608/608
f 611/611/611 608/608/608 609/609/609
f 614/614/614 613/613/613 612/612/612
f 615/615/615 612/612/612 613/613/613
f 618/618/618 617/617/617 616/616/616
f 619/619/619 616/616/616 617/617/617
f 622/622/622 621/621/621 620/620/620
f 623/623/623 620/620/620 621/621/621
f 626/626/626 625/625/625 624/624/624
f 627/627/627 624/624/624 625/625/625
f 630/630/630 629/629/629 628/628/628
f 631/631/631 628/628/628 629/629/629
f 634/634/634 633/633/633 632/632/632
f 635/635/635 632/632/632 633/633/633
f 638/638/638 637/637/637 636/636/636
f 639/639/639 636/636/636 637/637/637
f 642/642/642 641/641/641 640/640/640
f 643/643/643 640/640/640 641/641/641
f 646/646/646 645/645/645 644/644/644
f 647/647/647 644/644/644 645/645/645
f 650/650/650 649/649/649 648/648/648
f 651/651/651 648/648/648 649/649/649
f 654/654/654 653/653/653 652/652/652
f 655/655/655 652/652/652 653/653/653
f 658/658/658 657/657/657 656/656/656
f 659/659/659 656/656/656 657/657/657
f 662/662/662 661/661/661 660/660/660
f 662/662/662 660/660/660 663/663/663
f 663/663/663 660/660/660 664/664/664
f 667/667/667 666/666/666 665/665/665
f 668/668/668 665/665/665 666/666/666
f 671/671/671 670/670/670 669/669/669
f 674/674/674 673/673/673 672/672/672
f 677/677/677 676/676/676 675/675/675
f 680/680/680 679/679/679 678/678/678
f 683/683/683 682/682/682 681/681/681
f 681/681/681 682/682/682 684/684/684
f 682/682/682 685/685/685 684/684/684
f 688/688/688 687/687/687 686/686/686
f 691/691/691 690/690/690 689/689/689
f 694/694/694 693/693/693 692/692/692
f 697/697/697 696/696/696 695/695/695
f 698/698/698 695/695/695 696/696/696
f 701/701/701 700/700/700 699/699/699
f 702/702/702 699/699/699 700/700/700
f 705/705/705 704/704/704 703/703/703
f 705/705/705 706/706/706 704/704/704
f 707/707/707 704/704/704 706/706/706
f 710/710/710 709/709/709 708/708/708
f 711/711/711 708/708/708 709/709/709
f 714/714/714 713/713/713 712/712/712
f 715/715/715 712/712/712 713/713/713
f 718/718/718 717/717/717 716/716/716
f 719/719/719 716/716/716 717/717/717
f 722/722/722 721/721/721 720/720/720
f 723/723/723 720/720/720 721/721/721
f 726/726/726 725/725/725 724/724/724
f 727/727/727 724/724/724 725/725/725
f 730/730/730 729/729/729 728/728/728
f 731/731/731 728/728/728 729/729/729
f 734/734/734 733/733/733 732/732/732
f 735/735/735 732/732/732 733/733/733
f 738/738/738 737/737/737 736/736/736
f 739/739/739 736/736/736 737/737/737
f 742/742/742 741/741/741 740/740/740
f 743/743/743 740/740/740 741/741/741
f 746/746/746 745/745/745 744/744/744
f 747/747/747 744/744/744 745/745/745
f 750/750/750 749/749/749 748/748/748
f 751/751/751 748/748/748 749/749/749
f 754/754/754 753/753/753 752/752/752
f 755/755/755 752/752/752 753/753/753
f 758/758/758 757/757/757 756/756/756
f 759/759/759 756/756/756 757/757/757
f 762/762/762 761/761/761 760/760/760
f 760/760/760 763/763/763 762/762/762
f 766/766/766 765/765/765 764/764/764
f 767/767/767 764/764/764 765/765/765
f 770/770/770 769/769/769 768/768/768
f 771/771/771 768/768/768 769/769/769
f 774/774/774 773/773/773 772/772/772
f 775/775/775 772/772/772 773/773/773
f 778/778/778 777/777/777 776/776/776
f 779/779/779 776/776/776 777/777/777
f 782/782/782 781/781/781 780/780/780
f 783/783/783 780/780/780 781/781/781
f 786/786/786 785/785/785 784/784/784
f 787/787/787 784/784/784 785/785/785
f 790/790/790 789/789/789 788/788/788
f 791/791/791 788/788/788 789/789/789
f 794/794/794 793/793/793 792/792/792
f 795/795/795 792/792/792 793/793/793
f 798/798/798 797/797/797 796/796/796
f 799/799/799 796/796/796 797/797/797
f 802/802/802 801/801/801 800/800/800
f 803/803/803 800/800/800 801/801/801
f 806/806/806 805/805/805 804/804/804
f 807/807/807 804/804/804 805/805/805
f 810/810/810 809/809/809 808/808/808
f 811/811/811 808/808/808 809/809/809
f 814/814/814 813/813/813 812/812/812
f 815/815/815 812/812/812 813/813/813
f 818/818/818 817/817/817 816/816/816
f 819/819/819 816/816/816 817/817/817
f 822/822/822 821/821/821 820/820/820
f 823/823/823 820/820/820 821/821/821
f 826/826/826 825/825/825 824/824/824
f 827/827/827 824/824/824 825/825/825
f 830/830/830 829/829/829 828/828/828
f 831/831/831 828/828/828 829/829/829
f 834/834/834 833/833/833 832/832/832
f 835/835/835 832/832/832 833/833/833
f 838/838/838 837/837/837 836/836/836
f 839/839/839 836/836/836 837/837/837
f 842/842/842 841/841/841 840/840/840
f 841/841/841 842/842/842 843/843/843
f 844/844/844 843/843/843 842/842/842
f 847/847/847 846/846/846 845/845/845
f 848/848/848 845/845/845 846/846/846
f 847/847/847 849/849/849 846/846/846
f 850/850/850 846/846/846 849/849/849
f 853/853/853 852/852/852 851/851/851
f 854/854/854 851/851/851 852/852/852
f 857/857/857 856/856/856 855/855/855
f 858/858/858 855/855/855 856/856/856
f 861/861/861 860/860/860 859/859/859
f 864/864/864 863/863/863 862/862/862
f 865/865/865 862/862/862 863/863/863
f 868/868/868 867/867/867 866/866/866
f 869/869/869 866/866/866 867/867/867
f 872/872/872 871/871/871 870/870/870
f 873/873/873 870/870/870 871/871/871
f 876/876/876 875/875/875 874/874/874
f 877/877/877 874/874/874 875/875/875
f 880/880/880 879/879/879 878/878/878
f 881/881/881 878/878/878 879/879/879
f 884/884/884 883/883/883 882/882/882
f 885/885/885 882/882/882 883/883/883
f 888/888/888 887/887/887 886/886/886
f 889/889/889 886/886/886 887/887/887
f 892/892/892 891/891/891 890/890/890
f 893/893/893 890/890/890 891/891/891
f 896/896/896 895/895/895 894/894/894
f 897/897/897 894/894/894 895/895/895
f 900/900/900 899/899/899 898/898/898
f 901/901/901 898/898/898 899/899/899
f 904/904/904 903/903/903 902/902/902
f 905/905/905 902/902/902 903/903/903
f 908/908/908 907/907/907 906/906/906
f 909/909/909 906/906/906 907/907/907
f 912/912/912 911/911/911 910/910/910
f 913/913/913 910/910/910 911/911/911
f 916/916/916 915/915/915 914/914/914
f 917/917/917 914/914/914 915/915/915
f 920/920/920 919/919/919 918/918/918
f 921/921/921 918/918/918 919/919/919
f 924/924/924 923/923/923 922/922/922
f 925/925/925 922/922/922 923/923/923
f 928/928/928 927/927/927 926/926/926
f 929/929/929 926/926/926 927/927/927
f 932/932/932 931/931/931 930/930/930
f 933/933/933 930/930/930 931/931/931
f 936/936/936 935/935/935 934/934/934
f 937/937/937 934/934/934 935/935/935
f 940/940/940 939/939/939 938/938/938
f 941/941/941 938/938/938 939/939/939
f 944/944/944 943/943/943 942/942/942
f 945/945/945 942/942/942 943/943/943
f 948/948/948 947/947/947 946/946/946
f 949/949/949 946/946/946 947/947/947
f 952/952/952 951/951/951 950/950/950
f 955/955/955 954/954/954 953/953/953
f 956/956/956 953/953/953 954/954/954
f 959/959/959 958/958/958 957/957/957
f 960/960/960 957/957/957 958/958/958
f 963/963/963 962/962/962 961/961/961
f 964/964/964 961/961/961 962/962/962
f 967/967/967 966/966/966 965/965/965
f 968/968/968 965/965/965 966/966/966
f 971/971/971 970/970/970 969/969/969
f 972/972/972 969/969/969 970/970/970
f 975/975/975 974/974/974 973/973/973
f 976/976/976 973/973/973 974/974/974
f 979/979/979 978/978/978 977/977/977
f 980/980/980 977/977/977 978/978/978
f 983/983/983 982/982/982 981/981/981
f 984/984/984 981/981/981 982/982/982
f 987/987/987 986/986/986 985/985/985
f 988/988/988 985/985/985 986/986/986
f 991/991/991 990/990/990 989/989/989
f 992/992/992 989/989/989 990/990/990
f 995/995/995 994/994/994 993/993/993
f 996/996/996 993/993/993 994/994/994
f 999/999/999 998/998/998 997/997/997
f 1000/1000/1000 997/997/997 998/998/998
f 997/997/997 1001/1001/1001 999/999/999
f 1002/1002/1002 999/999/999 1001/1001/1001
f 1001/1001/1001 1003/1003/1003 1002/1002/1002
f 1004/1004/1004 1002/1002/1002 1003/1003/1003
f 1007/1007/1007 1006/1006/1006 1005/1005/1005
f 1008/1008/1008 1005/1005/1005 1006/1006/1006
f 1011/1011/1011 1010/1010/1010 1009/1009/1009
f 1012/1012/1012 1009/1009/1009 1010/1010/1010
f 1015/1015/1015 1014/1014/1014 1013/1013/1013
f 1016/1016/1016 1013/1013/1013 1014/1014/1014
f 1019/1019/1019 1018/1018/1018 1017/1017/1017
f 1020/1020/1020 1017/1017/1017 1018/1018/1018
f 1023/1023/1023 1022/1022/1022 1021/1021/1021
f 1024/1024/1024 1021/1021/1021 1022/1022/1022
f 1027/1027/1027 1026/1026/1026 1025/1025/1025
f 1028/1028/1028 1025/1025/1025 1026/1026/1026
f 1031/1031/1031 1030/1030/1030 1029/1029/1029
f 1032/1032/1032 1029/1029/1029 1030/1030/1030
f 1035/1035/1035 1034/1034/1034 1033/1033/1033
f 1036/1036/1036 1033/1033/1033 1034/1034/1034
f 1039/1039/1039 1038/1038/1038 1037/1037/1037
f 1040/1040/1040 1037/1037/1037 1038/1038/1038
f 1037/1037/1037 1041/1041/1041 1039/1039/1039
f 1042/1042/1042 1039/1039/1039 1041/1041/1041
f 1045/1045/1045 1044/1044/1044 1043/1043/1043
f 1046/1046/1046 1043/1043/1043 1044/1044/1044
f 1046/1046/1046 1047/1047/1047 1043/1043/1043
f 1048/1048/1048 1043/1043/1043 1047/1047/1047
f 1051/1051/1051 1050/1050/1050 1049/1049/1049
f 1052/1052/1052 1049/1049/1049 1050/1050/1050
f 1055/1055/1055 1054/1054/1054 1053/1053/1053
f 1058/1058/1058 1057/1057/1057 1056/1056/1056
f 1059/1059/1059 1056/1056/1056 1057/1057/1057
f 1062/1062/1062 1061/1061/1061 1060/1060/1060
f 1065/1065/1065 1064/1064/1064 1063/1063/1063
f 1068/1068/1068 1067/1067/1067 1066/1066/1066
f 1069/1069/1069 1066/1066/1066 1067/1067/1067
f 1072/1072/1072 1071/1071/1071 1070/1070/1070
f 1073/1073/1073 1070/1070/1070 1071/1071/1071
f 1076/1076/1076 1075/1075/1075 1074/1074/1074
f 1079/1079/1079 1078/1078/1078 1077/1077/1077
f 1082/1082/1082 1081/1081/1081 1080/1080/1080
f 1083/1083/1083 1080/1080/1080 1081/1081/1081
f 1086/1086/1086 1085/1085/1085 1084/1084/1084
f 1087/1087/1087 1084/1084/1084 1085/1085/1085
f 1090/1090/1090 1089/1089/1089 1088/1088/1088
f 1091/1091/1091 1088/1088/1088 1089/1089/1089
f 1094/1094/1094 1093/1093/1093 1092/1092/1092
f 1095/1095/1095 1092/1092/1092 1093/1093/1093
f 1098/1098/1098 1097/1097/1097 1096/1096/1096
f 1099/1099/1099 1096/1096/1096 1097/1097/1097
f 1102/1102/1102 1101/1101/1101 1100/1100/1100
f 1103/1103/1103 1100/1100/1100 1101/1101/1101
f 1102/1102/1102 1104/1104/1104 1101/1101/1101
f 1104/1104/1104 1105/1105/1105 1101/1101/1101
f 1106/1106/1106 1101/1101/1101 1105/1105/1105
f 1109/1109/1109 1108/1108/1108 1107/1107/1107
f 1110/1110/1110 1107/1107/1107 1108/1108/1108
f 1110/1110/1110 1111/1111/1111 1107/1107/1107
f 1112/1112/1112 1107/1107/1107 1111/1111/1111
f 1115/1115/1115 1114/1114/1114 1113/1113/1113
f 1116/1116/1116 1113/1113/1113 1114/1114/1114
f 1119/1119/1119 1118/1118/1118 1117/1117/1117
f 1120/1120/1120 1117/1117/1117 1118/1118/1118
f 1123/1123/1123 1122/1122/1122 1121/1121/1121
f 1124/1124/1124 1121/1121/1121 1122/1122/1122
f 1127/1127/1127 1126/1126/1126 1125/1125/1125
f 1130/1130/1130 1129/1129/1129 1128/1128/1128
f 1133/1133/1133 1132/1132/1132 1131/1131/1131
f 1134/1134/1134 1131/1131/1131 1132/1132/1132
f 1137/1137/1137 1136/1136/1136 1135/1135/1135
f 1138/1138/1138 1135/1135/1135 1136/1136/1136
f 1139/1139/1139 1136/1136/1136 1137/1137/1137
f 1136/1136/1136 1139/1139/1139 1140/1140/1140
f 1141/1141/1141 1140/1140/1140 1139/1139/1139
f 1144/1144/1144 1143/1143/1143 1142/1142/1142
f 1145/1145/1145 1142/1142/1142 1143/1143/1143
f 1148/1148/1148 1147/1147/1147 1146/1146/1146
f 1149/1149/1149 1146/1146/1146 1147/1147/1147
f 1150/1150/1150 1147/1147/1147 1148/1148/1148
f 1151/1151/1151 1150/1150/1150 1148/1148/1148
f 1151/1151/1151 1152/1152/1152 1150/1150/1150
f 1153/1153/1153 1150/1150/1150 1152/1152/1152
f 1154/1154/1154 1151/1151/1151 1148/1148/1148
f 1157/1157/1157 1156/1156/1156 1155/1155/1155
f 1158/1158/1158 1155/1155/1155 1156/1156/1156
f 1161/1161/1161 1160/1160/1160 1159/1159/1159
f 1164/1164/1164 1163/1163/1163 1162/1162/1162
f 1165/1165/1165 1162/1162/1162 1163/1163/1163
f 1168/1168/1168 1167/1167/1167 1166/1166/1166
f 1169/1169/1169 1166/1166/1166 1167/1167/1167
f 1172/1172/1172 1171/1171/1171 1170/1170/1170
f 1174/1174/1174 1170/1170/1170 1173/1173/1173
f 1177/1177/1177 1176/1176/1176 1175/1175/1175
f 1178/1178/1178 1175/1175/1175 1176/1176/1176
f 1181/1181/1181 1180/1180/1180 1179/1179/1179
f 1182/1182/1182 1179/1179/1179 1180/1180/1180
f 1185/1185/1185 1184/1184/1184 1183/1183/1183
f 1186/1186/1186 1183/1183/1183 1184/1184/1184
f 1189/1189/1189 1188/1188/1188 1187/1187/1187
f 1192/1192/1192 1191/1191/1191 1190/1190/1190
f 1195/1195/1195 1194/1194/1194 1193/1193/1193
f 1196/1196/1196 1193/1193/1193 1194/1194/1194
f 1193/1193/1193 1196/1196/1196 1197/1197/1197
f 1198/1198/1198 1197/1197/1197 1196/1196/1196
f 1198/1198/1198 1199/1199/1199 1197/1197/1197
f 1200/1200/1200 1197/1197/1197 1199/1199/1199
f 1203/1203/1203 1202/1202/1202 1201/1201/1201
f 1204/1204/1204 1201/1201/1201 1202/1202/1202
f 1207/1207/1207 1206/1206/1206 1205/1205/1205
f 1208/1208/1208 1205/1205/1205 1206/1206/1206
f 1211/1211/1211 1210/1210/1210 1209/1209/1209
f 1212/1212/1212 1209/1209/1209 1210/1210/1210
f 1213/1213/1213 1212/1212/1212 1210/1210/1210
f 1210/1210/1210 1214/1214/1214 1213/1213/1213
f 1215/1215/1215 1213/1213/1213 1214/1214/1214
f 1218/1218/1218 1217/1217/1217 1216/1216/1216
f 1221/1221/1221 1220/1220/1220 1219/1219/1219
f 1224/1224/1224 1223/1223/1223 1222/1222/1222
f 1225/1225/1225 1222/1222/1222 1223/1223/1223
f 1222/1222/1222 1226/1226/1226 1224/1224/1224
f 1227/1227/1227 1224/1224/1224 1226/1226/1226
f 1227/1227/1227 1226/1226/1226 1228/1228/1228
f 1229/1229/1229 1228/1228/1228 1226/1226/1226
f 1232/1232/1232 1231/1231/1231 1230/1230/1230
f 1233/1233/1233 1230/1230/1230 1231/1231/1231
f 1236/1236/1236 1235/1235/1235 1234/1234/1234
f 1237/1237/1237 1234/1234/1234 1235/1235/1235
f 1237/1237/1237 1235/1235/1235 1238/1238/1238
f 1239/1239/1239 1238/1238/1238 1235/1235/1235
f 1238/1238/1238 1239/1239/1239 1240/1240/1240
f 1241/1241/1241 1240/1240/1240 1239/1239/1239
f 1244/1244/1244 1243/1243/1243 1242/1242/1242
f 1245/1245/1245 1242/1242/1242 1243/1243/1243
f 1248/1248/1248 1247/1247/1247 1246/1246/1246
f 1246/1246/1246 1247/1247/1247 1249/1249/1249
f 1250/1250/1250 1249/1249/1249 1247/1247/1247
f 1253/1253/1253 1252/1252/1252 1251/1251/1251
f 1254/1254/1254 1251/1251/1251 1252/1252/1252
f 1257/1257/1257 1256/1256/1256 1255/1255/1255
f 1258/1258/1258 1255/1255/1255 1256/1256/1256
f 1261/1261/1261 1260/1260/1260 1259/1259/1259
f 1264/1264/1264 1263/1263/1263 1262/1262/1262
f 1267/1267/1267 1266/1266/1266 1265/1265/1265
f 1268/1268/1268 1265/1265/1265 1266/1266/1266
f 1265/1265/1265 1268/1268/1268 1269/1269/1269
f 1270/1270/1270 1269/1269/1269 1268/1268/1268
f 1270/1270/1270 1271/1271/1271 1269/1269/1269
f 1272/1272/1272 1269/1269/1269 1271/1271/1271
f 1275/1275/1275 1274/1274/1274 1273/1273/1273
f 1276/1276/1276 1273/1273/1273 1274/1274/1274
f 1279/1279/1279 1278/1278/1278 1277/1277/1277
f 1280/1280/1280 1277/1277/1277 1278/1278/1278
f 1280/1280/1280 1278/1278/1278 1281/1281/1281
f 1282/1282/1282 1281/1281/1281 1278/1278/1278
f 1281/1281/1281 1282/1282/1282 1283/1283/1283
f 1284/1284/1284 1283/1283/1283 1282/1282/1282
f 1287/1287/1287 1286/1286/1286 1285/1285/1285
f 1288/1288/1288 1285/1285/1285 1286/1286/1286
f 1291/1291/1291 1290/1290/1290 1289/1289/1289
f 1292/1292/1292 1289/1289/1289 1290/1290/1290
f 1290/1290/1290 1293/1293/1293 1292/1292/1292
f 1294/1294/1294 1292/1292/1292 1293/1293/1293
f 1297/1297/1297 1296/1296/1296 1295/1295/1295
f 1298/1298/1298 1295/1295/1295 1296/1296/1296
f 1301/1301/1301 1300/1300/1300 1299/1299/1299
f 1304/1304/1304 1303/1303/1303 1302/1302/1302
f 1305/1305/1305 1302/1302/1302 1303/1303/1303
f 1305/1305/1305 1303/1303/1303 1306/1306/1306
f 1307/1307/1307 1306/1306/1306 1303/1303/1303
f 1306/1306/1306 1307/1307/1307 1308/1308/1308
f 1309/1309/1309 1308/1308/1308 1307/1307/1307
f 1312/1312/1312 1311/1311/1311 1310/1310/1310
f 1313/1313/1313 1310/1310/1310 1311/1311/1311
f 1316/1316/1316 1315/1315/1315 1314/1314/1314
f 1317/1317/1317 1314/1314/1314 1315/1315/1315
f 1320/1320/1320 1319/1319/1319 1318/1318/1318
f 1321/1321/1321 1318/1318/1318 1319/1319/1319
f 1324/1324/1324 1323/1323/1323 1322/1322/1322
f 1325/1325/1325 1322/1322/1322 1323/1323/1323
f 1328/1328/1328 1327/1327/1327 1326/1326/1326
f 1331/1331/1331 1330/1330/1330 1329/1329/1329
f 1334/1334/1334 1333/1333/1333 1332/1332/1332
f 1337/1337/1337 1336/1336/1336 1335/1335/1335
f 1340/1340/1340 1339/1339/1339 1338/1338/1338
f 1341/1341/1341 1338/1338/1338 1339/1339/1339
f 1344/1344/1344 1343/1343/1343 1342/1342/1342
f 1345/1345/1345 1342/1342/1342 1343/1343/1343
f 1345/1345/1345 1346/1346/1346 1342/1342/1342
f 1347/1347/1347 1342/1342/1342 1346/1346/1346
f 1350/1350/1350 1349/1349/1349 1348/1348/1348
f 1351/1351/1351 1350/1350/1350 1348/1348/1348
f 1354/1354/1354 1353/1353/1353 1352/1352/1352
f 1355/1355/1355 1352/1352/1352 1353/1353/1353
f 1358/1358/1358 1357/1357/1357 1356/1356/1356
f 1359/1359/1359 1356/1356/1356 1357/1357/1357
f 1360/1360/1360 1357/1357/1357 1358/1358/1358
f 1363/1363/1363 1362/1362/1362 1361/1361/1361
f 1364/1364/1364 1361/1361/1361 1362/1362/1362
f 1367/1367/1367 1366/1366/1366 1365/1365/1365
f 1368/1368/1368 1365/1365/1365 1366/1366/1366
f 1371/1371/1371 1370/1370/1370 1369/1369/1369
f 1372/1372/1372 1369/1369/1369 1370/1370/1370
f 1375/1375/1375 1374/1374/1374 1373/1373/1373
f 1378/1378/1378 1377/1377/1377 1376/1376/1376
f 1381/1381/1381 1380/1380/1380 1379/1379/1379
f 1384/1384/1384 1383/1383/1383 1382/1382/1382
f 1387/1387/1387 1386/1386/1386 1385/1385/1385
f 1389/1389/1389 1388/1388/1388 1386/1386/1386
f 1392/1392/1392 1391/1391/1391 1390/1390/1390
f 1395/1395/1395 1394/1394/1394 1393/1393/1393
f 1398/1398/1398 1397/1397/1397 1396/1396/1396
f 1399/1399/1399 1396/1396/1396 1397/1397/1397
f 1398/1398/1398 1400/1400/1400 1397/1397/1397
f 1401/1401/1401 1396/1396/1396 1399/1399/1399
f 1404/1404/1404 1403/1403/1403 1402/1402/1402
f 1405/1405/1405 1402/1402/1402 1403/1403/1403
f 1408/1408/1408 1407/1407/1407 1406/1406/1406
f 1409/1409/1409 1406/1406/1406 1407/1407/1407
f 1412/1412/1412 1411/1411/1411 1410/1410/1410
f 1415/1415/1415 1414/1414/1414 1413/1413/1413
f 1418/1418/1418 1417/1417/1417 1416/1416/1416
f 1421/1421/1421 1420/1420/1420 1419/1419/1419
f 1424/1424/1424 1423/1423/1423 1422/1422/1422
f 1426/1426/1426 1425/1425/1425 1423/1423/1423
f 1429/1429/1429 1428/1428/1428 1427/1427/1427
f 1432/1432/1432 1431/1431/1431 1430/1430/1430
f 1435/1435/1435 1434/1434/1434 1433/1433/1433
f 1436/1436/1436 1433/1433/1433 1434/1434/1434
f 1435/1435/1435 1437/1437/1437 1434/1434/1434
f 1438/1438/1438 1433/1433/1433 1436/1436/1436
f 1441/1441/1441 1440/1440/1440 1439/1439/1439
f 1442/1442/1442 1439/1439/1439 1440/1440/1440
f 1445/1445/1445 1444/1444/1444 1443/1443/1443
f 1446/1446/1446 1443/1443/1443 1444/1444/1444
f 1449/1449/1449 1448/1448/1448 1447/1447/1447
f 1452/1452/1452 1451/1451/1451 1450/1450/1450
f 1455/1455/1455 1454/1454/1454 1453/1453/1453
f 1458/1458/1458 1457/1457/1457 1456/1456/1456
f 1461/1461/1461 1460/1460/1460 1459/1459/1459
f 1463/1463/1463 1462/1462/1462 1460/1460/1460
f 1466/1466/1466 1465/1465/1465 1464/1464/1464
f 1469/1469/1469 1468/1468/1468 1467/1467/1467
f 1472/1472/1472 1471/1471/1471 1470/1470/1470
f 1473/1473/1473 1470/1470/1470 1471/1471/1471
f 1472/1472/1472 1474/1474/1474 1471/1471/1471
f 1475/1475/1475 1470/1470/1470 1473/1473/1473
f 1478/1478/1478 1477/1477/1477 1476/1476/1476
f 1479/1479/1479 1476/1476/1476 1477/1477/1477
f 1482/1482/1482 1481/1481/1481 1480/1480/1480
f 1483/1483/1483 1480/1480/1480 1481/1481/1481
f 1486/1486/1486 1485/1485/1485 1484/1484/1484
f 1489/1489/1489 1488/1488/1488 1487/1487/1487
f 1492/1492/1492 1491/1491/1491 1490/1490/1490
f 1495/1495/1495 1494/1494/1494 1493/1493/1493
f 1498/1498/1498 1497/1497/1497 1496/1496/1496
f 1500/1500/1500 1499/1499/1499 1497/1497/1497
f 1503/1503/1503 1502/1502/1502 1501/1501/1501
f 1506/1506/1506 1505/1505/1505 1504/1504/1504
f 1509/1509/1509 1508/1508/1508 1507/1507/1507
f 1510/1510/1510 1507/1507/1507 1508/1508/1508
f 1509/1509/1509 1511/1511/1511 1508/1508/1508
f 1512/1512/1512 1507/1507/1507 1510/1510/1510
f 1515/1515/1515 1514/1514/1514 1513/1513/1513
f 1516/1516/1516 1513/1513/1513 1514/1514/1514
f 1519/1519/1519 1518/1518/1518 1517/1517/1517
f 1520/1520/1520 1517/1517/1517 1518/1518/1518
f 1523/1523/1523 1522/1522/1522 1521/1521/1521
f 1526/1526/1526 1525/1525/1525 1524/1524/1524
f 1529/1529/1529 1528/1528/1528 1527/1527/1527
f 1532/1532/1532 1531/1531/1531 1530/1530/1530
f 1535/1535/1535 1534/1534/1534 1533/1533/1533
f 1537/1537/1537 1536/1536/1536 1534/1534/1534
f 1540/1540/1540 1539/1539/1539 1538/1538/1538
f 1543/1543/1543 1542/1542/1542 1541/1541/1541
f 1546/1546/1546 1545/1545/1545 1544/1544/1544
f 1547/1547/1547 1544/1544/1544 1545/1545/1545
f 1546/1546/1546 1548/1548/1548 1545/1545/1545
f 1549/1549/1549 1544/1544/1544 1547/1547/1547
f 1552/1552/1552 1551/1551/1551 1550/1550/1550
f 1553/1553/1553 1550/1550/1550 1551/1551/1551
f 1556/1556/1556 1555/1555/1555 1554/1554/1554
f 1557/1557/1557 1554/1554/1554 1555/1555/1555
f 1560/1560/1560 1559/1559/1559 1558/1558/1558
f 1563/1563/1563 1562/1562/1562 1561/1561/1561
f 1566/1566/1566 1565/1565/1565 1564/1564/1564
f 1569/1569/1569 1568/1568/1568 1567/1567/1567
f 1572/1572/1572 1571/1571/1571 1570/1570/1570
f 1574/1574/1574 1573/1573/1573 1571/1571/1571
f 1577/1577/1577 1576/1576/1576 1575/1575/1575
f 1580/1580/1580 1579/1579/1579 1578/1578/1578
f 1583/1583/1583 1582/1582/1582 1581/1581/1581
f 1584/1584/1584 1581/1581/1581 1582/1582/1582
f 1583/1583/1583 1585/1585/1585 1582/1582/1582
f 1586/1586/1586 1581/1581/1581 1584/1584/1584
f 1589/1589/1589 1588/1588/1588 1587/1587/1587
f 1590/1590/1590 1587/1587/1587 1588/1588/1588
f 1593/1593/1593 1592/1592/1592 1591/1591/1591
f 1594/1594/1594 1591/1591/1591 1592/1592/1592
f 1597/1597/1597 1596/1596/1596 1595/1595/1595
f 1600/1600/1600 1599/1599/1599 1598/1598/1598
f 1603/1603/1603 1602/1602/1602 1601/1601/1601
f 1606/1606/1606 1605/1605/1605 1604/1604/1604
f 1609/1609/1609 1608/1608/1608 1607/1607/1607
f 1611/1611/1611 1610/1610/1610 1608/1608/1608
f 1614/1614/1614 1613/1613/1613 1612/1612/1612
f 1617/1617/1617 1616/1616/1616 1615/1615/1615
f 1620/1620/1620 1619/1619/1619 1618/1618/1618
f 1621/1621/1621 1618/1618/1618 1619/1619/1619
f 1620/1620/1620 1622/1622/1622 1619/1619/1619
f 1623/1623/1623 1618/1618/1618 1621/1621/1621
f 1626/1626/1626 1625/1625/1625 1624/1624/1624
f 1627/1627/1627 1624/1624/1624 1625/1625/1625
f 1630/1630/1630 1629/1629/1629 1628/1628/1628
f 1633/1633/1633 1632/1632/1632 1631/1631/1631
f 1636/1636/1636 1635/1635/1635 1634/1634/1634
f 1637/1637/1637 1634/1634/1634 1635/1635/1635
f 1640/1640/1640 1639/1639/1639 1638/1638/1638
f 1641/1641/1641 1638/1638/1638 1639/1639/1639
f 1644/1644/1644 1643/1643/1643 1642/1642/1642
f 1645/1645/1645 1642/1642/1642 1643/1643/1643
f 1648/1648/1648 1647/1647/1647 1646/1646/1646
f 1649/1649/1649 1646/1646/1646 1647/1647/1647
f 1652/1652/1652 1651/1651/1651 1650/1650/1650
f 1653/1653/1653 1650/1650/1650 1651/1651/1651
f 1656/1656/1656 1655/1655/1655 1654/1654/1654
f 1657/1657/1657 1654/1654/1654 1655/1655/1655
f 1660/1660/1660 1659/1659/1659 1658/1658/1658
f 1661/1661/1661 1658/1658/1658 1659/1659/1659
f 1664/1664/1664 1663/1663/1663 1662/1662/1662
f 1665/1665/1665 1662/1662/1662 1663/1663/1663
f 1668/1668/1668 1667/1667/1667 1666/1666/1666
f 1669/1669/1669 1666/1666/1666 1667/1667/1667
f 1672/1672/1672 1671/1671/1671 1670/1670/1670
f 1675/1675/1675 1674/1674/1674 1673/1673/1673
f 1678/1678/1678 1677/1677/1677 1676/1676/1676
f 1679/1679/1679 1676/1676/1676 1677/1677/1677
f 1682/1682/1682 1681/1681/1681 1680/1680/1680
f 1683/1683/1683 1680/1680/1680 1681/1681/1681
f 1686/1686/1686 1685/1685/1685 1684/1684/1684
f 1687/1687/1687 1684/1684/1684 1685/1685/1685
f 1690/1690/1690 1689/1689/1689 1688/1688/1688
f 1691/1691/1691 1688/1688/1688 1689/1689/1689
f 1694/1694/1694 1693/1693/1693 1692/1692/1692
f 1695/1695/1695 1692/1692/1692 1693/1693/1693
f 1698/1698/1698 1697/1697/1697 1696/1696/1696
f 1699/1699/1699 1696/1696/1696 1697/1697/1697
f 1702/1702/1702 1701/1701/1701 1700/1700/1700
f 1705/1705/1705 1704/1704/1704 1703/1703/1703
f 1708/1708/1708 1707/1707/1707 1706/1706/1706
f 1711/1711/1711 1710/1710/1710 1709/1709/1709
f 1714/1714/1714 1713/1713/1713 1712/1712/1712
f 1716/1716/1716 1715/1715/1715 1713/1713/1713
f 1719/1719/1719 1718/1718/1718 1717/1717/1717
f 1722/1722/1722 1721/1721/1721 1720/1720/1720
f 1725/1725/1725 1724/1724/1724 1723/1723/1723
f 1726/1726/1726 1723/1723/1723 1724/1724/1724
f 1725/1725/1725 1727/1727/1727 1724/1724/1724
f 1728/1728/1728 1723/1723/1723 1726/1726/1726
f 1731/1731/1731 1730/1730/1730 1729/1729/1729
f 1734/1734/1734 1733/1733/1733 1732/1732/1732
f 1735/1735/1735 1732/1732/1732 1733/1733/1733
f 1733/1733/1733 1736/1736/1736 1735/1735/1735
f 1737/1737/1737 1735/1735/1735 1736/1736/1736
f 1740/1740/1740 1739/1739/1739 1738/1738/1738
f 1741/1741/1741 1738/1738/1738 1739/1739/1739
f 1739/1739/1739 1740/1740/1740 1742/1742/1742
f 1743/1743/1743 1742/1742/1742 1740/1740/1740
f 1746/1746/1746 1745/1745/1745 1744/1744/1744
f 1747/1747/1747 1744/1744/1744 1745/1745/1745
f 1750/1750/1750 1749/1749/1749 1748/1748/1748
f 1751/1751/1751 1748/1748/1748 1749/1749/1749
f 1754/1754/1754 1753/1753/1753 1752/1752/1752
f 1755/1755/1755 1752/1752/1752 1753/1753/1753
f 1758/1758/1758 1757/1757/1757 1756/1756/1756
f 1759/1759/1759 1756/1756/1756 1757/1757/1757
f 1762/1762/1762 1761/1761/1761 1760/1760/1760
f 1763/1763/1763 1760/1760/1760 1761/1761/1761
f 1766/1766/1766 1765/1765/1765 1764/1764/1764
f 1767/1767/1767 1764/1764/1764 1765/1765/1765
f 1767/1767/1767 1765/1765/1765 1768/1768/1768
f 1769/1769/1769 1768/1768/1768 1765/1765/1765
f 1772/1772/1772 1771/1771/1771 1770/1770/1770
f 1773/1773/1773 1770/1770/1770 1771/1771/1771
f 1776/1776/1776 1775/1775/1775 1774/1774/1774
f 1777/1777/1777 1774/1774/1774 1775/1775/1775
f 1780/1780/1780 1779/1779/1779 1778/1778/1778
f 1781/1781/1781 1778/1778/1778 1779/1779/1779
f 1784/1784/1784 1783/1783/1783 1782/1782/1782
f 1785/1785/1785 1782/1782/1782 1783/1783/1783
f 1788/1788/1788 1787/1787/1787 1786/1786/1786
f 1789/1789/1789 1786/1786/1786 1787/1787/1787
f 1792/1792/1792 1791/1791/1791 1790/1790/1790
f 1793/1793/1793 1790/1790/1790 1791/1791/1791
f 1796/1796/1796 1795/1795/1795 1794/1794/1794
f 1797/1797/1797 1794/1794/1794 1795/1795/1795
f 1800/1800/1800 1799/1799/1799 1798/1798/1798
f 1801/1801/1801 1798/1798/1798 1799/1799/1799
f 1804/1804/1804 1803/1803/1803 1802/1802/1802
f 1805/1805/1805 1802/1802/1802 1803/1803/1803
f 1808/1808/1808 1807/1807/1807 1806/1806/1806
f 1809/1809/1809 1806/1806/1806 1807/1807/1807
f 1812/1812/1812 1811/1811/1811 1810/1810/1810
f 1813/1813/1813 1810/1810/1810 1811/1811/1811
f 1816/1816/1816 1815/1815/1815 1814/1814/1814
f 1817/1817/1817 1814/1814/1814 1815/1815/1815
f 1820/1820/1820 1819/1819/1819 1818/1818/1818
f 1821/1821/1821 1818/1818/1818 1819/1819/1819
f 1819/1819/1819 1820/1820/1820 1822/1822/1822
f 1823/1823/1823 1822/1822/1822 1820/1820/1820
f 1826/1826/1826 1825/1825/1825 1824/1824/1824
f 1827/1827/1827 1824/1824/1824 1825/1825/1825
f 1830/1830/1830 1829/1829/1829 1828/1828/1828
f 1831/1831/1831 1828/1828/1828 1829/1829/1829
f 1834/1834/1834 1833/1833/1833 1832/1832/1832
f 1835/1835/1835 1832/1832/1832 1833/1833/1833
f 1838/1838/1838 1837/1837/1837 1836/1836/1836
f 1839/1839/1839 1836/1836/1836 1837/1837/1837
f 1842/1842/1842 1841/1841/1841 1840/1840/1840
f 1843/1843/1843 1840/1840/1840 1841/1841/1841
f 1846/1846/1846 1845/1845/1845 1844/1844/1844
f 1847/1847/1847 1844/1844/1844 1845/1845/1845
f 1850/1850/1850 1849/1849/1849 1848/1848/1848
f 1851/1851/1851 1848/1848/1848 1849/1849/1849
f 1854/1854/1854 1853/1853/1853 1852/1852/1852
f 1855/1855/1855 1852/1852/1852 1853/1853/1853
f 1858/1858/1858 1857/1857/1857 1856/1856/1856
f 1859/1859/1859 1856/1856/1856 1857/1857/1857
f 1862/1862/1862 1861/1861/1861 1860/1860/1860
f 1863/1863/1863 1860/1860/1860 1861/1861/1861
f 1866/1866/1866 1865/1865/1865 1864/1864/1864
f 1867/1867/1867 1864/1864/1864 1865/1865/1865
f 1870/1870/1870 1869/1869/1869 1868/1868/1868
f 1871/1871/1871 1868/1868/1868 1869/1869/1869
f 1874/1874/1874 1873/1873/1873 1872/1872/1872
f 1875/1875/1875 1872/1872/1872 1873/1873/1873
f 1878/1878/1878 1877/1877/1877 1876/1876/1876
f 1879/1879/1879 1876/1876/1876 1877/1877/1877
f 1882/1882/1882 1881/1881/1881 1880/1880/1880
f 1883/1883/1883 1880/1880/1880 1881/1881/1881
f 1881/1881/1881 1882/1882/1882 1884/1884/1884
f 1885/1885/1885 1884/1884/1884 1882/1882/1882
f 1888/1888/1888 1887/1887/1887 1886/1886/1886
f 1889/1889/1889 1886/1886/1886 1887/1887/1887
f 1886/1886/1886 1889/1889/1889 1890/1890/1890
f 1891/1891/1891 1890/1890/1890 1889/1889/1889
f 1894/1894/1894 1893/1893/1893 1892/1892/1892
f 1895/1895/1895 1892/1892/1892 1893/1893/1893
f 1898/1898/1898 1897/1897/1897 1896/1896/1896
f 1899/1899/1899 1896/1896/1896 1897/1897/1897
f 1902/1902/1902 1901/1901/1901 1900/1900/1900
f 1903/1903/1903 1900/1900/1900 1901/1901/1901
f 1906/1906/1906 1905/1905/1905 1904/1904/1904
f 1907/1907/1907 1904/1904/1904 1905/1905/1905
f 1910/1910/1910 1909/1909/1909 1908/1908/1908
f 1911/1911/1911 1908/1908/1908 1909/1909/1909
f 1914/1914/1914 1913/1913/1913 1912/1912/1912
f 1915/1915/1915 1912/1912/1912 1913/1913/1913
f 1918/1918/1918 1917/1917/1917 1916/1916/1916
f 1919/1919/1919 1916/1916/1916 1917/1917/1917
f 1922/1922/1922 1921/1921/1921 1920/1920/1920
f 1923/1923/1923 1920/1920/1920 1921/1921/1921
f 1926/1926/1926 1925/1925/1925 1924/1924/1924
f 1927/1927/1927 1924/1924/1924 1925/1925/1925
f 1930/1930/1930 1929/1929/1929 1928/1928/1928
f 1931/1931/1931 1928/1928/1928 1929/1929/1929
f 1934/1934/1934 1933/1933/1933 1932/1932/1932
f 1935/1935/1935 1932/1932/1932 1933/1933/1933
f 1938/1938/1938 1937/1937/1937 1936/1936/1936
f 1939/1939/1939 1936/1936/1936 1937/1937/1937
f 1942/1942/1942 1941/1941/1941 1940/1940/1940
f 1943/1943/1943 1940/1940/1940 1941/1941/1941
f 1946/1946/1946 1945/1945/1945 1944/1944/1944
f 1947/1947/1947 1944/1944/1944 1945/1945/1945
f 1950/1950/1950 1949/1949/1949 1948/1948/1948
f 1951/1951/1951 1948/1948/1948 1949/1949/1949
f 1954/1954/1954 1953/1953/1953 1952/1952/1952
f 1955/1955/1955 1952/1952/1952 1953/1953/1953
f 1958/1958/1958 1957/1957/1957 1956/1956/1956
f 1959/1959/1959 1956/1956/1956 1957/1957/1957
f 1962/1962/1962 1961/1961/1961 1960/1960/1960
f 1963/1963/1963 1960/1960/1960 1961/1961/1961
f 1966/1966/1966 1965/1965/1965 1964/1964/1964
f 1967/1967/1967 1964/1964/1964 1965/1965/1965
f 1970/1970/1970 1969/1969/1969 1968/1968/1968
f 1971/1971/1971 1968/1968/1968 1969/1969/1969
f 1974/1974/1974 1973/1973/1973 1972/1972/1972
f 1975/1975/1975 1972/1972/1972 1973/1973/1973
f 1978/1978/1978 1977/1977/1977 1976/1976/1976
f 1979/1979/1979 1976/1976/1976 1977/1977/1977
f 1982/1982/1982 1981/1981/1981 1980/1980/1980
f 1983/1983/1983 1980/1980/1980 1981/1981/1981
f 1986/1986/1986 1985/1985/1985 1984/1984/1984
f 1987/1987/1987 1984/1984/1984 1985/1985/1985
f 1990/1990/1990 1989/1989/1989 1988/1988/1988
f 1991/1991/1991 1988/1988/1988 1989/1989/1989
f 1988/1988/1988 1992/1992/1992 1990/1990/1990
f 1993/1993/1993 1990/1990/1990 1992/1992/1992
f 1996/1996/1996 1995/1995/1995 1994/1994/1994
f 1997/1997/1997 1994/1994/1994 1995/1995/1995
f 1997/1997/1997 1998/1998/1998 1994/1994/1994
f 1999/1999/1999 1994/1994/1994 1998/1998/1998
f 2002/2002/2002 2001/2001/2001 2000/2000/2000
f 2003/2003/2003 2000/2000/2000 2001/2001/2001
f 2006/2006/2006 2005/2005/2005 2004/2004/2004
f 2009/2009/2009 2008/2008/2008 2007/2007/2007
f 2010/2010/2010 2007/2007/2007 2008/2008/2008
f 2013/2013/2013 2012/2012/2012 2011/2011/2011
f 2016/2016/2016 2015/2015/2015 2014/2014/2014
f 2019/2019/2019 2018/2018/2018 2017/2017/2017
f 2020/2020/2020 2017/2017/2017 2018/2018/2018
f 2023/2023/2023 2022/2022/2022 2021/2021/2021
f 2024/2024/2024 2021/2021/2021 2022/2022/2022
f 2027/2027/2027 2026/2026/2026 2025/2025/2025
f 2028/2028/2028 2025/2025/2025 2026/2026/2026
f 2031/2031/2031 2030/2030/2030 2029/2029/2029
f 2032/2032/2032 2029/2029/2029 2030/2030/2030
f 2035/2035/2035 2034/2034/2034 2033/2033/2033
f 2036/2036/2036 2033/2033/2033 2034/2034/2034
f 2039/2039/2039 2038/2038/2038 2037/2037/2037
f 2040/2040/2040 2037/2037/2037 2038/2038/2038
f 2043/2043/2043 2042/2042/2042 2041/2041/2041
f 2044/2044/2044 2041/2041/2041 2042/2042/2042
f 2047/2047/2047 2046/2046/2046 2045/2045/2045
f 2048/2048/2048 2045/2045/2045 2046/2046/2046
f 2051/2051/2051 2050/2050/2050 2049/2049/2049
f 2052/2052/2052 2049/2049/2049 2050/2050/2050
f 2055/2055/2055 2054/2054/2054 2053/2053/2053
f 2056/2056/2056 2053/2053/2053 2054/2054/2054
f 2059/2059/2059 2058/2058/2058 2057/2057/2057
f 2060/2060/2060 2057/2057/2057 2058/2058/2058
f 2063/2063/2063 2062/2062/2062 2061/2061/2061
f 2064/2064/2064 2061/2061/2061 2062/2062/2062
f 2067/2067/2067 2066/2066/2066 2065/2065/2065
f 2068/2068/2068 2065/2065/2065 2066/2066/2066
f 2071/2071/2071 2070/2070/2070 2069/2069/2069
f 2072/2072/2072 2069/2069/2069 2070/2070/2070
f 2075/2075/2075 2074/2074/2074 2073/2073/2073
f 2076/2076/2076 2073/2073/2073 2074/2074/2074
f 2079/2079/2079 2078/2078/2078 2077/2077/2077
f 2080/2080/2080 2077/2077/2077 2078/2078/2078
f 2083/2083/2083 2082/2082/2082 2081/2081/2081
f 2084/2084/2084 2081/2081/2081 2082/2082/2082
f 2087/2087/2087 2086/2086/2086 2085/2085/2085
f 2088/2088/2088 2085/2085/2085 2086/2086/2086
f 2091/2091/2091 2090/2090/2090 2089/2089/2089
f 2092/2092/2092 2089/2089/2089 2090/2090/2090
f 2089/2089/2089 2093/2093/2093 2091/2091/2091
f 2094/2094/2094 2091/2091/2091 2093/2093/2093
f 2097/2097/2097 2096/2096/2096 2095/2095/2095
f 2098/2098/2098 2095/2095/2095 2096/2096/2096
f 2098/2098/2098 2099/2099/2099 2095/2095/2095
f 2100/2100/2100 2095/2095/2095 2099/2099/2099
f 2103/2103/2103 2102/2102/2102 2101/2101/2101
f 2104/2104/2104 2101/2101/2101 2102/2102/2102
f 2107/2107/2107 2106/2106/2106 2105/2105/2105
f 2110/2110/2110 2109/2109/2109 2108/2108/2108
f 2111/2111/2111 2108/2108/2108 2109/2109/2109
f 2114/2114/2114 2113/2113/2113 2112/2112/2112
f 2117/2117/2117 2116/2116/2116 2115/2115/2115
f 2120/2120/2120 2119/2119/2119 2118/2118/2118
f 2121/2121/2121 2118/2118/2118 2119/2119/2119
f 2124/2124/2124 2123/2123/2123 2122/2122/2122
f 2127/2127/2127 2126/2126/2126 2125/2125/2125
f 2130/2130/2130 2129/2129/2129 2128/2128/2128
f 2131/2131/2131 2128/2128/2128 2129/2129/2129
f 2134/2134/2134 2133/2133/2133 2132/2132/2132
f 2137/2137/2137 2136/2136/2136 2135/2135/2135
f 2140/2140/2140 2139/2139/2139 2138/2138/2138
f 2141/2141/2141 2138/2138/2138 2139/2139/2139
f 2144/2144/2144 2143/2143/2143 2142/2142/2142
f 2145/2145/2145 2142/2142/2142 2143/2143/2143
f 2148/2148/2148 2147/2147/2147 2146/2146/2146
f 2149/2149/2149 2146/2146/2146 2147/2147/2147
f 2152/2152/2152 2151/2151/2151 2150/2150/2150
f 2153/2153/2153 2150/2150/2150 2151/2151/2151
f 2156/2156/2156 2155/2155/2155 2154/2154/2154
f 2157/2157/2157 2154/2154/2154 2155/2155/2155
f 2160/2160/2160 2159/2159/2159 2158/2158/2158
f 2161/2161/2161 2158/2158/2158 2159/2159/2159
f 2164/2164/2164 2163/2163/2163 2162/2162/2162
f 2165/2165/2165 2162/2162/2162 2163/2163/2163
f 2168/2168/2168 2167/2167/2167 2166/2166/2166
f 2169/2169/2169 2166/2166/2166 2167/2167/2167
f 2172/2172/2172 2171/2171/2171 2170/2170/2170
f 2173/2173/2173 2170/2170/2170 2171/2171/2171
f 2176/2176/2176 2175/2175/2175 2174/2174/2174
f 2177/2177/2177 2174/2174/2174 2175/2175/2175
f 2174/2174/2174 2178/2178/2178 2176/2176/2176
f 2181/2181/2181 2180/2180/2180 2179/2179/2179
f 2182/2182/2182 2179/2179/2179 2180/2180/2180
f 2182/2182/2182 2183/2183/2183 2179/2179/2179
f 2184/2184/2184 2179/2179/2179 2183/2183/2183
f 2187/2187/2187 2186/2186/2186 2185/2185/2185
f 2188/2188/2188 2185/2185/2185 2186/2186/2186
f 2191/2191/2191 2190/2190/2190 2189/2189/2189
f 2194/2194/2194 2193/2193/2193 2192/2192/2192
f 2197/2197/2197 2196/2196/2196 2195/2195/2195
f 2198/2198/2198 2195/2195/2195 2196/2196/2196
f 2201/2201/2201 2200/2200/2200 2199/2199/2199
f 2204/2204/2204 2203/2203/2203 2202/2202/2202
f 2207/2207/2207 2206/2206/2206 2205/2205/2205
f 2208/2208/2208 2205/2205/2205 2206/2206/2206
f 2211/2211/2211 2210/2210/2210 2209/2209/2209
f 2212/2212/2212 2209/2209/2209 2210/2210/2210
f 2215/2215/2215 2214/2214/2214 2213/2213/2213
f 2216/2216/2216 2213/2213/2213 2214/2214/2214
f 2219/2219/2219 2218/2218/2218 2217/2217/2217
f 2222/2222/2222 2221/2221/2221 2220/2220/2220
f 2225/2225/2225 2224/2224/2224 2223/2223/2223
f 2226/2226/2226 2223/2223/2223 2224/2224/2224
f 2229/2229/2229 2228/2228/2228 2227/2227/2227
f 2230/2230/2230 2227/2227/2227 2228/2228/2228
f 2233/2233/2233 2232/2232/2232 2231/2231/2231
f 2234/2234/2234 2231/2231/2231 2232/2232/2232
f 2237/2237/2237 2236/2236/2236 2235/2235/2235
f 2238/2238/2238 2235/2235/2235 2236/2236/2236
f 2241/2241/2241 2240/2240/2240 2239/2239/2239
f 2242/2242/2242 2239/2239/2239 2240/2240/2240
f 2245/2245/2245 2244/2244/2244 2243/2243/2243
f 2246/2246/2246 2243/2243/2243 2244/2244/2244
f 2249/2249/2249 2248/2248/2248 2247/2247/2247
f 2250/2250/2250 2247/2247/2247 2248/2248/2248
