g DSJ_GTA_gaoLou_21
v 0.05119324 27.69452 -21.44918
v -15.61337 27.69452 -1.07502
v -15.61337 27.69452 -21.44918
v 0.05119324 27.69452 -1.07502
v -15.61337 25.74925 -21.44918
v 0.05119324 27.69452 -21.44918
v -15.61337 27.69452 -21.44918
v 0.05119324 25.74925 -21.44918
v 0.05119324 25.74925 19.19675
v -15.61337 27.69452 19.19675
v 0.05119324 27.69452 19.19675
v -15.61337 25.74925 19.19675
v -15.61337 27.69452 -1.07502
v -15.61337 25.74925 -21.44918
v -15.61337 27.69452 -21.44918
v -15.61337 25.74925 -1.07502
v 0.05119324 27.69452 -1.07502
v -15.61337 27.69452 19.19675
v -15.61337 27.69452 -1.07502
v 0.05119324 27.69452 -1.07502
v 0.05119324 27.69452 19.19675
v -15.61337 27.69452 19.19675
v -15.61337 27.69452 19.19675
v -15.61337 25.74925 -1.07502
v -15.61337 27.69452 -1.07502
v -15.61337 25.74925 19.19675
v 0.05119324 27.69452 -21.44918
v 15.92051 27.69452 -1.07502
v 0.05119324 27.69452 -1.07502
v 15.92051 27.69452 -21.44918
v 15.92051 25.74925 -21.44918
v 0.05119324 27.69452 -21.44918
v 0.05119324 25.74925 -21.44918
v 15.92051 27.69452 -21.44918
v 0.05119324 25.74925 19.19675
v 15.92051 27.69452 19.19675
v 15.92051 25.74925 19.19675
v 0.05119324 27.69452 19.19675
v 15.92051 27.69452 -1.07502
v 15.92051 25.74925 -21.44918
v 15.92051 25.74925 -1.07502
v 15.92051 27.69452 -21.44918
v 0.05119324 27.69452 -1.07502
v 15.92051 27.69452 19.19675
v 0.05119324 27.69452 19.19675
v 0.05119324 27.69452 -1.07502
v 15.92051 27.69452 -1.07502
v 15.92051 27.69452 19.19675
v 15.92051 27.69452 19.19675
v 15.92051 25.74925 -1.07502
v 15.92051 25.74925 19.19675
v 15.92051 27.69452 -1.07502
v 18.17293 25.74925 14.48715
v 34.86131 25.74925 -4.760799
v 34.86131 25.74925 14.48715
v 18.17293 25.74925 -4.760799
v 18.17293 25.74925 -24.3159
v 0.05119324 25.74925 -21.44918
v 0.05119324 25.74925 -24.3159
v 15.92051 25.74925 -21.44918
v 0.05119324 25.74925 21.96109
v 15.92051 25.74925 19.19675
v 18.17293 25.74925 21.96109
v 0.05119324 25.74925 19.19675
v 15.92051 25.74925 19.19675
v 18.17293 25.74925 14.48715
v 18.17293 25.74925 21.96109
v 15.92051 25.74925 14.48715
v 18.17293 25.74925 -4.760799
v 34.86131 25.74925 -24.3159
v 34.86131 25.74925 -4.760799
v 18.17293 25.74925 -24.3159
v 15.92051 25.74925 -4.760799
v 18.17293 25.74925 -24.3159
v 18.17293 25.74925 -4.760799
v 15.92051 25.74925 -21.44918
v 34.86131 25.74925 -4.760799
v 51.85685 25.74925 14.48715
v 34.86131 25.74925 14.48715
v 51.85685 25.74925 -4.760799
v 34.86131 25.74925 -24.3159
v 51.85685 25.74925 -4.760799
v 34.86131 25.74925 -4.760799
v 51.85685 25.74925 -24.3159
v 15.92051 25.74925 14.48715
v 18.17293 25.74925 -4.760799
v 18.17293 25.74925 14.48715
v 15.92051 25.74925 -4.760799
v -17.96816 25.74925 14.48715
v -34.65655 25.74925 -4.760799
v -17.96816 25.74925 -4.760799
v -34.65655 25.74925 14.48715
v -17.96816 25.74925 -24.3159
v 0.05119324 25.74925 -21.44918
v -15.61337 25.74925 -21.44918
v 0.05119324 25.74925 -24.3159
v 0.05119324 25.74925 21.96109
v -15.61337 25.74925 19.19675
v 0.05119324 25.74925 19.19675
v -17.96816 25.74925 21.96109
v -15.61337 25.74925 19.19675
v -17.96816 25.74925 14.48715
v -15.61337 25.74925 14.48715
v -17.96816 25.74925 21.96109
v -17.96816 25.74925 -4.760799
v -34.65655 25.74925 -24.3159
v -17.96816 25.74925 -24.3159
v -34.65655 25.74925 -4.760799
v -15.61337 25.74925 -4.760799
v -17.96816 25.74925 -24.3159
v -15.61337 25.74925 -21.44918
v -17.96816 25.74925 -4.760799
v -34.65655 25.74925 -4.760799
v -51.65208 25.74925 14.48715
v -51.65208 25.74925 -4.760799
v -34.65655 25.74925 14.48715
v -34.65655 25.74925 -24.3159
v -51.65208 25.74925 -4.760799
v -51.65208 25.74925 -24.3159
v -34.65655 25.74925 -4.760799
v -15.61337 25.74925 14.48715
v -17.96816 25.74925 -4.760799
v -15.61337 25.74925 -4.760799
v -17.96816 25.74925 14.48715
v 51.85685 22.37062 -4.760799
v 51.85685 18.58246 14.48715
v 51.85685 22.37062 14.48715
v 51.85685 18.58246 -4.760799
v 52.36876 24.41827 -5.067947
v 52.36876 24.41827 15.51098
v 51.85685 25.74925 -4.760799
v 51.85685 25.74925 14.48715
v 18.17293 22.37062 -24.3159
v 34.86131 18.58246 -24.3159
v 34.86131 22.37062 -24.3159
v 18.17293 18.58246 -24.3159
v 18.17293 24.41827 -25.74925
v 34.86131 24.41827 -25.74925
v 34.86131 22.37062 14.48715
v 18.17293 18.58246 14.48715
v 18.17293 22.37062 14.48715
v 34.86131 18.58246 14.48715
v 34.86131 24.41827 15.51098
v 19.29914 24.41827 15.51098
v 34.86131 25.74925 14.48715
v 18.17293 25.74925 14.48715
v 0.05119324 22.37062 -24.3159
v 18.17293 18.58246 -24.3159
v 18.17293 22.37062 -24.3159
v 0.05119324 18.58246 -24.3159
v 0.05119324 24.41827 -25.74925
v 18.17293 24.41827 -25.74925
v 18.17293 22.37062 21.96109
v 0.05119324 18.58246 21.96109
v 0.05119324 22.37062 21.96109
v 18.17293 18.58246 21.96109
v 19.29914 24.41827 23.39445
v 0.05119324 24.41827 23.39445
v 18.17293 25.74925 21.96109
v 0.05119324 25.74925 21.96109
v 18.17293 22.37062 14.48715
v 18.17293 18.58246 21.96109
v 18.17293 22.37062 21.96109
v 18.17293 18.58246 14.48715
v 19.29914 24.41827 15.51098
v 19.29914 24.41827 23.39445
v 18.17293 25.74925 14.48715
v 18.17293 25.74925 21.96109
v 51.85685 22.37062 -24.3159
v 51.85685 18.58246 -4.760799
v 51.85685 22.37062 -4.760799
v 51.85685 18.58246 -24.3159
v 52.36876 24.41827 -25.74925
v 52.36876 24.41827 -5.067947
v 51.85685 25.74925 -24.3159
v 51.85685 25.74925 -4.760799
v 51.85685 22.37062 14.48715
v 34.86131 18.58246 14.48715
v 34.86131 22.37062 14.48715
v 51.85685 18.58246 14.48715
v 52.36876 24.41827 15.51098
v 34.86131 24.41827 15.51098
v 51.85685 25.74925 14.48715
v 34.86131 25.74925 14.48715
v 34.86131 18.58246 -24.3159
v 51.85685 22.37062 -24.3159
v 34.86131 22.37062 -24.3159
v 51.85685 18.58246 -24.3159
v 34.86131 24.41827 -25.74925
v 52.36876 24.41827 -25.74925
v 0.05119324 25.74925 -24.3159
v 18.17293 24.41827 -25.74925
v 18.17293 25.74925 -24.3159
v 0.05119324 24.41827 -25.74925
v 18.17293 25.74925 -24.3159
v 34.86131 24.41827 -25.74925
v 34.86131 25.74925 -24.3159
v 18.17293 24.41827 -25.74925
v 52.36876 24.41827 -25.74925
v 34.86131 25.74925 -24.3159
v 34.86131 24.41827 -25.74925
v 51.85685 25.74925 -24.3159
v -51.65208 22.37062 -4.760799
v -51.65208 18.58246 14.48715
v -51.65208 18.58246 -4.760799
v -51.65208 22.37062 14.48715
v -52.36876 24.41827 -5.067947
v -52.26637 24.41827 15.51098
v -51.65208 25.74925 -4.760799
v -51.65208 25.74925 14.48715
v -17.96816 22.37062 -24.3159
v -34.65655 18.58246 -24.3159
v -17.96816 18.58246 -24.3159
v -34.65655 22.37062 -24.3159
v -17.96816 24.41827 -25.74925
v -34.65655 24.41827 -25.74925
v -34.65655 22.37062 14.48715
v -17.96816 18.58246 14.48715
v -34.65655 18.58246 14.48715
v -17.96816 22.37062 14.48715
v -34.65655 24.41827 15.51098
v -19.09438 24.41827 15.51098
v -34.65655 25.74925 14.48715
v -17.96816 25.74925 14.48715
v 0.05119324 22.37062 -24.3159
v -17.96816 18.58246 -24.3159
v 0.05119324 18.58246 -24.3159
v -17.96816 22.37062 -24.3159
v 0.05119324 24.41827 -25.74925
v -17.96816 24.41827 -25.74925
v -17.96816 22.37062 21.96109
v 0.05119324 18.58246 21.96109
v -17.96816 18.58246 21.96109
v 0.05119324 22.37062 21.96109
v -19.09438 24.41827 23.39445
v 0.05119324 24.41827 23.39445
v -17.96816 25.74925 21.96109
v 0.05119324 25.74925 21.96109
v -17.96816 22.37062 14.48715
v -17.96816 18.58246 21.96109
v -17.96816 18.58246 14.48715
v -17.96816 22.37062 21.96109
v -19.09438 24.41827 15.51098
v -19.09438 24.41827 23.39445
v -17.96816 25.74925 14.48715
v -17.96816 25.74925 21.96109
v -51.65208 22.37062 -24.3159
v -51.65208 18.58246 -4.760799
v -51.65208 18.58246 -24.3159
v -51.65208 22.37062 -4.760799
v -52.26637 24.41827 -25.74925
v -52.36876 24.41827 -5.067947
v -51.65208 25.74925 -24.3159
v -51.65208 25.74925 -4.760799
v -51.65208 22.37062 14.48715
v -34.65655 18.58246 14.48715
v -51.65208 18.58246 14.48715
v -34.65655 22.37062 14.48715
v -52.26637 24.41827 15.51098
v -34.65655 24.41827 15.51098
v -51.65208 25.74925 14.48715
v -34.65655 25.74925 14.48715
v -34.65655 18.58246 -24.3159
v -51.65208 22.37062 -24.3159
v -51.65208 18.58246 -24.3159
v -34.65655 22.37062 -24.3159
v -34.65655 24.41827 -25.74925
v -52.26637 24.41827 -25.74925
v 0.05119324 25.74925 -24.3159
v -17.96816 24.41827 -25.74925
v 0.05119324 24.41827 -25.74925
v -17.96816 25.74925 -24.3159
v -17.96816 25.74925 -24.3159
v -34.65655 24.41827 -25.74925
v -17.96816 24.41827 -25.74925
v -34.65655 25.74925 -24.3159
v -52.26637 24.41827 -25.74925
v -34.65655 25.74925 -24.3159
v -51.65208 25.74925 -24.3159
v -34.65655 24.41827 -25.74925
v 18.17293 18.58246 14.48715
v 15.51098 18.58246 18.78722
v 18.17293 18.58246 21.96109
v 15.51098 18.58246 12.54188
v 34.86131 18.58246 14.48715
v 15.51098 18.58246 12.54188
v 18.17293 18.58246 14.48715
v 34.86131 18.58246 12.54188
v 51.85685 18.58246 -4.760799
v 49.60443 18.58246 12.54188
v 51.85685 18.58246 14.48715
v 49.60443 18.58246 -4.760799
v 18.17293 18.58246 -24.3159
v 34.86131 18.58246 -21.85871
v 34.86131 18.58246 -24.3159
v 17.25149 18.58246 -21.85871
v 0.05119324 18.58246 -24.3159
v 17.25149 18.58246 -21.85871
v 18.17293 18.58246 -24.3159
v 0.05119324 18.58246 -21.85871
v 18.17293 18.58246 21.96109
v 0.05119324 18.58246 18.78722
v 0.05119324 18.58246 21.96109
v 15.51098 18.58246 18.78722
v 51.85685 18.58246 -24.3159
v 49.60443 18.58246 -4.760799
v 51.85685 18.58246 -4.760799
v 49.60443 18.58246 -21.85871
v 51.85685 18.58246 14.48715
v 34.86131 18.58246 12.54188
v 34.86131 18.58246 14.48715
v 49.60443 18.58246 12.54188
v 34.86131 18.58246 -21.85871
v 51.85685 18.58246 -24.3159
v 34.86131 18.58246 -24.3159
v 49.60443 18.58246 -21.85871
v -17.96816 18.58246 14.48715
v -15.20383 18.58246 18.78722
v -15.20383 18.58246 12.54188
v -17.96816 18.58246 21.96109
v -34.65655 18.58246 14.48715
v -15.20383 18.58246 12.54188
v -34.65655 18.58246 12.54188
v -17.96816 18.58246 14.48715
v -51.65208 18.58246 -4.760799
v -49.39966 18.58246 12.54188
v -49.39966 18.58246 -4.760799
v -51.65208 18.58246 14.48715
v -17.96816 18.58246 -24.3159
v -34.65655 18.58246 -21.85871
v -17.1491 18.58246 -21.85871
v -34.65655 18.58246 -24.3159
v 0.05119324 18.58246 -24.3159
v -17.1491 18.58246 -21.85871
v 0.05119324 18.58246 -21.85871
v -17.96816 18.58246 -24.3159
v -17.96816 18.58246 21.96109
v 0.05119324 18.58246 18.78722
v -15.20383 18.58246 18.78722
v 0.05119324 18.58246 21.96109
v -51.65208 18.58246 -24.3159
v -49.39966 18.58246 -4.760799
v -49.39966 18.58246 -21.85871
v -51.65208 18.58246 -4.760799
v -51.65208 18.58246 14.48715
v -34.65655 18.58246 12.54188
v -49.39966 18.58246 12.54188
v -34.65655 18.58246 14.48715
v -34.65655 18.58246 -21.85871
v -51.65208 18.58246 -24.3159
v -49.39966 18.58246 -21.85871
v -34.65655 18.58246 -24.3159
v 15.51098 1.689312 12.54188
v 15.51098 18.58246 18.78722
v 15.51098 18.58246 12.54188
v 15.51098 1.689312 18.78722
v 49.60443 18.58246 12.54188
v 32.60889 1.689312 12.54188
v 32.60889 18.58246 12.54188
v 49.60443 1.689312 12.54188
v 49.60443 1.689312 12.54188
v 49.60443 18.58246 -4.556034
v 49.60443 1.689312 -4.556034
v 49.60443 18.58246 12.54188
v 17.25149 1.689312 -21.85871
v 33.42796 18.58246 -21.85871
v 17.25149 18.58246 -21.85871
v 33.42796 1.689312 -21.85871
v 0.05119324 1.689312 -21.85871
v 17.25149 18.58246 -21.85871
v 0.05119324 18.58246 -21.85871
v 17.25149 1.689312 -21.85871
v 15.51098 18.58246 18.78722
v 0.05119324 1.689312 18.78722
v 0.05119324 18.58246 18.78722
v 15.51098 1.689312 18.78722
v 49.60443 18.58246 -4.556034
v 49.60443 1.689312 -21.85871
v 49.60443 1.689312 -4.556034
v 49.60443 18.58246 -21.85871
v 32.60889 18.58246 12.54188
v 15.51098 1.689312 12.54188
v 15.51098 18.58246 12.54188
v 32.60889 1.689312 12.54188
v 33.42796 1.689312 -21.85871
v 49.60443 18.58246 -21.85871
v 33.42796 18.58246 -21.85871
v 49.60443 1.689312 -21.85871
v -15.20383 1.689312 12.54188
v -15.20383 18.58246 18.78722
v -15.20383 1.689312 18.78722
v -15.20383 18.58246 12.54188
v -49.39966 18.58246 12.54188
v -32.40413 1.689312 12.54188
v -49.39966 1.689312 12.54188
v -32.40413 18.58246 12.54188
v -49.39966 1.689312 12.54188
v -49.39966 18.58246 -4.556034
v -49.39966 18.58246 12.54188
v -49.39966 1.689312 -4.556034
v -17.1491 1.689312 -21.85871
v -33.22319 18.58246 -21.85871
v -33.22319 1.689312 -21.85871
v -17.1491 18.58246 -21.85871
v 0.05119324 1.689312 -21.85871
v -17.1491 18.58246 -21.85871
v -17.1491 1.689312 -21.85871
v 0.05119324 18.58246 -21.85871
v -15.20383 18.58246 18.78722
v 0.05119324 1.689312 18.78722
v -15.20383 1.689312 18.78722
v 0.05119324 18.58246 18.78722
v -49.39966 18.58246 -4.556034
v -49.39966 1.689312 -21.85871
v -49.39966 18.58246 -21.85871
v -49.39966 1.689312 -4.556034
v -32.40413 18.58246 12.54188
v -15.20383 1.689312 12.54188
v -32.40413 1.689312 12.54188
v -15.20383 18.58246 12.54188
v -33.22319 1.689312 -21.85871
v -49.39966 18.58246 -21.85871
v -49.39966 1.689312 -21.85871
v -33.22319 18.58246 -21.85871
v 18.17293 1.689312 14.89668
v 34.86131 1.689312 -4.351265
v 34.86131 1.689312 14.89668
v 18.17293 1.689312 -4.351265
v 18.17293 1.689312 -23.90636
v 0.05119324 1.689312 -21.03965
v 0.05119324 1.689312 -23.90636
v 14.18001 1.689312 -21.03965
v 0.05119324 1.689312 22.26824
v 14.18001 1.689312 18.78722
v 18.17293 1.689312 22.26824
v 0.05119324 1.689312 18.78722
v 14.18001 1.689312 18.78722
v 18.17293 1.689312 14.89668
v 18.17293 1.689312 22.26824
v 14.18001 1.689312 14.89668
v 18.17293 1.689312 -4.351265
v 34.86131 1.689312 -23.90636
v 34.86131 1.689312 -4.351265
v 18.17293 1.689312 -23.90636
v 14.18001 1.689312 -4.351265
v 18.17293 1.689312 -23.90636
v 18.17293 1.689312 -4.351265
v 14.18001 1.689312 -21.03965
v 34.86131 1.689312 -4.351265
v 51.85685 1.689312 14.89668
v 34.86131 1.689312 14.89668
v 51.85685 1.689312 -4.351265
v 34.86131 1.689312 -23.90636
v 51.85685 1.689312 -4.351265
v 34.86131 1.689312 -4.351265
v 51.85685 1.689312 -23.90636
v 14.18001 1.689312 14.89668
v 18.17293 1.689312 -4.351265
v 18.17293 1.689312 14.89668
v 14.18001 1.689312 -4.351265
v -17.96816 1.689312 14.89668
v -34.65655 1.689312 -4.351265
v -17.96816 1.689312 -4.351265
v -34.65655 1.689312 14.89668
v -17.96816 1.689312 -23.90636
v 0.05119324 1.689312 -21.03965
v -13.97524 1.689312 -21.03965
v 0.05119324 1.689312 -23.90636
v 0.05119324 1.689312 22.26824
v -13.97524 1.689312 18.78722
v 0.05119324 1.689312 18.78722
v -17.96816 1.689312 22.26824
v -13.97524 1.689312 18.78722
v -17.96816 1.689312 14.89668
v -13.97524 1.689312 14.89668
v -17.96816 1.689312 22.26824
v -17.96816 1.689312 -4.351265
v -34.65655 1.689312 -23.90636
v -17.96816 1.689312 -23.90636
v -34.65655 1.689312 -4.351265
v -13.97524 1.689312 -4.351265
v -17.96816 1.689312 -23.90636
v -13.97524 1.689312 -21.03965
v -17.96816 1.689312 -4.351265
v -34.65655 1.689312 -4.351265
v -51.65208 1.689312 14.89668
v -51.65208 1.689312 -4.351265
v -34.65655 1.689312 14.89668
v -34.65655 1.689312 -23.90636
v -51.65208 1.689312 -4.351265
v -51.65208 1.689312 -23.90636
v -34.65655 1.689312 -4.351265
v -13.97524 1.689312 14.89668
v -17.96816 1.689312 -4.351265
v -13.97524 1.689312 -4.351265
v -17.96816 1.689312 14.89668
v 51.85685 1.689312 -4.351265
v 51.85685 -2.303612 14.89668
v 51.85685 1.689312 14.89668
v 51.85685 -2.303612 -4.351265
v 18.17293 1.689312 -23.90636
v 34.86131 -2.303612 -23.90636
v 34.86131 1.689312 -23.90636
v 18.17293 -2.303612 -23.90636
v 34.86131 1.689312 14.89668
v 18.17293 -2.303612 14.89668
v 18.17293 1.689312 14.89668
v 34.86131 -2.303612 14.89668
v 0.05119324 1.689312 -23.90636
v 18.17293 -2.303612 -23.90636
v 18.17293 1.689312 -23.90636
v 0.05119324 -2.303612 -23.90636
v 18.17293 1.689312 22.26824
v 0.05119324 -2.303612 22.26824
v 0.05119324 1.689312 22.26824
v 18.17293 -2.303612 22.26824
v 18.17293 1.689312 14.89668
v 18.17293 -2.303612 22.26824
v 18.17293 1.689312 22.26824
v 18.17293 -2.303612 14.89668
v 51.85685 1.689312 -23.90636
v 51.85685 -2.303612 -4.351265
v 51.85685 1.689312 -4.351265
v 51.85685 -2.303612 -23.90636
v 51.85685 1.689312 14.89668
v 34.86131 -2.303612 14.89668
v 34.86131 1.689312 14.89668
v 51.85685 -2.303612 14.89668
v 34.86131 -2.303612 -23.90636
v 51.85685 1.689312 -23.90636
v 34.86131 1.689312 -23.90636
v 51.85685 -2.303612 -23.90636
v -51.65208 1.689312 -4.351265
v -51.65208 -2.303612 14.89668
v -51.65208 -2.303612 -4.351265
v -51.65208 1.689312 14.89668
v -17.96816 1.689312 -23.90636
v -34.65655 -2.303612 -23.90636
v -17.96816 -2.303612 -23.90636
v -34.65655 1.689312 -23.90636
v -34.65655 1.689312 14.89668
v -17.96816 -2.303612 14.89668
v -34.65655 -2.303612 14.89668
v -17.96816 1.689312 14.89668
v 0.05119324 1.689312 -23.90636
v -17.96816 -2.303612 -23.90636
v 0.05119324 -2.303612 -23.90636
v -17.96816 1.689312 -23.90636
v -17.96816 1.689312 22.26824
v 0.05119324 -2.303612 22.26824
v -17.96816 -2.303612 22.26824
v 0.05119324 1.689312 22.26824
v -17.96816 1.689312 14.89668
v -17.96816 -2.303612 22.26824
v -17.96816 -2.303612 14.89668
v -17.96816 1.689312 22.26824
v -51.65208 1.689312 -23.90636
v -51.65208 -2.303612 -4.351265
v -51.65208 -2.303612 -23.90636
v -51.65208 1.689312 -4.351265
v -51.65208 1.689312 14.89668
v -34.65655 -2.303612 14.89668
v -51.65208 -2.303612 14.89668
v -34.65655 1.689312 14.89668
v -34.65655 -2.303612 -23.90636
v -51.65208 1.689312 -23.90636
v -51.65208 -2.303612 -23.90636
v -34.65655 1.689312 -23.90636
v 18.17293 -2.303612 14.89668
v 15.51098 -2.303612 19.09438
v 18.17293 -2.303612 22.26824
v 15.51098 -2.303612 12.95141
v 34.86131 -2.303612 14.89668
v 15.51098 -2.303612 12.95141
v 18.17293 -2.303612 14.89668
v 34.86131 -2.303612 12.95141
v 51.85685 -2.303612 -4.351265
v 49.60443 -2.303612 12.95141
v 51.85685 -2.303612 14.89668
v 49.60443 -2.303612 -4.351265
v 18.17293 -2.303612 -23.90636
v 34.86131 -2.303612 -21.44918
v 34.86131 -2.303612 -23.90636
v 17.25149 -2.303612 -21.44918
v 0.05119324 -2.303612 -23.90636
v 17.25149 -2.303612 -21.44918
v 18.17293 -2.303612 -23.90636
v 0.05119324 -2.303612 -21.44918
v 18.17293 -2.303612 22.26824
v 0.05119324 -2.303612 19.09438
v 0.05119324 -2.303612 22.26824
v 15.51098 -2.303612 19.09438
v 51.85685 -2.303612 -23.90636
v 49.60443 -2.303612 -4.351265
v 51.85685 -2.303612 -4.351265
v 49.60443 -2.303612 -21.44918
v 51.85685 -2.303612 14.89668
v 34.86131 -2.303612 12.95141
v 34.86131 -2.303612 14.89668
v 49.60443 -2.303612 12.95141
v 34.86131 -2.303612 -21.44918
v 51.85685 -2.303612 -23.90636
v 34.86131 -2.303612 -23.90636
v 49.60443 -2.303612 -21.44918
v -17.96816 -2.303612 14.89668
v -15.20383 -2.303612 19.09438
v -15.20383 -2.303612 12.95141
v -17.96816 -2.303612 22.26824
v -34.65655 -2.303612 14.89668
v -15.20383 -2.303612 12.95141
v -34.65655 -2.303612 12.95141
v -17.96816 -2.303612 14.89668
v -51.65208 -2.303612 -4.351265
v -49.39966 -2.303612 12.95141
v -49.39966 -2.303612 -4.351265
v -51.65208 -2.303612 14.89668
v -17.96816 -2.303612 -23.90636
v -34.65655 -2.303612 -21.44918
v -17.1491 -2.303612 -21.44918
v -34.65655 -2.303612 -23.90636
v 0.05119324 -2.303612 -23.90636
v -17.1491 -2.303612 -21.44918
v 0.05119324 -2.303612 -21.44918
v -17.96816 -2.303612 -23.90636
v -17.96816 -2.303612 22.26824
v 0.05119324 -2.303612 19.09438
v -15.20383 -2.303612 19.09438
v 0.05119324 -2.303612 22.26824
v -51.65208 -2.303612 -23.90636
v -49.39966 -2.303612 -4.351265
v -49.39966 -2.303612 -21.44918
v -51.65208 -2.303612 -4.351265
v -51.65208 -2.303612 14.89668
v -34.65655 -2.303612 12.95141
v -49.39966 -2.303612 12.95141
v -34.65655 -2.303612 14.89668
v -34.65655 -2.303612 -21.44918
v -51.65208 -2.303612 -23.90636
v -49.39966 -2.303612 -21.44918
v -34.65655 -2.303612 -23.90636
v 15.51098 -19.09438 12.95141
v 15.51098 -2.303612 19.09438
v 15.51098 -2.303612 12.95141
v 15.51098 -19.09438 19.09438
v 49.60443 -2.303612 12.95141
v 32.60889 -19.09438 12.95141
v 32.60889 -2.303612 12.95141
v 49.60443 -2.303612 12.95141
v 49.60443 -19.09438 12.95141
v 32.60889 -19.09438 12.95141
v 49.60443 -19.09438 12.95141
v 49.60443 -2.303612 -4.248882
v 49.60443 -19.09438 -4.248882
v 49.60443 -19.09438 12.95141
v 49.60443 -2.303612 12.95141
v 49.60443 -2.303612 -4.248882
v 17.25149 -19.09438 -21.44918
v 33.42796 -2.303612 -21.44918
v 17.25149 -2.303612 -21.44918
v 33.42796 -19.09438 -21.44918
v 0.05119324 -19.09438 -21.44918
v 17.25149 -2.303612 -21.44918
v 0.05119324 -2.303612 -21.44918
v 17.25149 -19.09438 -21.44918
v 15.51098 -2.303612 19.09438
v 0.05119324 -19.09438 19.09438
v 0.05119324 -2.303612 19.09438
v 15.51098 -19.09438 19.09438
v 49.60443 -2.303612 -4.248882
v 49.60443 -19.09438 -21.44918
v 49.60443 -19.09438 -4.248882
v 49.60443 -2.303612 -21.44918
v 32.60889 -2.303612 12.95141
v 15.51098 -19.09438 12.95141
v 15.51098 -2.303612 12.95141
v 32.60889 -19.09438 12.95141
v 33.42796 -19.09438 -21.44918
v 49.60443 -2.303612 -21.44918
v 33.42796 -2.303612 -21.44918
v 49.60443 -19.09438 -21.44918
v -15.20383 -19.09438 12.95141
v -15.20383 -2.303612 19.09438
v -15.20383 -19.09438 19.09438
v -15.20383 -2.303612 12.95141
v -49.39966 -2.303612 12.95141
v -32.40413 -19.09438 12.95141
v -49.39966 -19.09438 12.95141
v -32.40413 -2.303612 12.95141
v -49.39966 -19.09438 12.95141
v -49.39966 -2.303612 -4.248882
v -49.39966 -2.303612 12.95141
v -49.39966 -19.09438 -4.248882
v -17.1491 -19.09438 -21.44918
v -33.22319 -2.303612 -21.44918
v -33.22319 -19.09438 -21.44918
v -17.1491 -2.303612 -21.44918
v 0.05119324 -19.09438 -21.44918
v -17.1491 -2.303612 -21.44918
v -17.1491 -19.09438 -21.44918
v 0.05119324 -2.303612 -21.44918
v -15.20383 -2.303612 19.09438
v 0.05119324 -19.09438 19.09438
v -15.20383 -19.09438 19.09438
v 0.05119324 -2.303612 19.09438
v -49.39966 -2.303612 -4.248882
v -49.39966 -19.09438 -21.44918
v -49.39966 -2.303612 -21.44918
v -49.39966 -19.09438 -4.248882
v -32.40413 -2.303612 12.95141
v -15.20383 -19.09438 12.95141
v -32.40413 -19.09438 12.95141
v -15.20383 -2.303612 12.95141
v -33.22319 -19.09438 -21.44918
v -49.39966 -2.303612 -21.44918
v -49.39966 -19.09438 -21.44918
v -33.22319 -2.303612 -21.44918
v -15.4086 -19.40153 20.1182
v -16.22766 -3.327438 20.1182
v -16.22766 -19.40153 20.1182
v -15.4086 -3.327438 20.1182
v -16.22766 -19.40153 20.1182
v -16.63719 -3.327438 20.83488
v -16.63719 -19.40153 20.83488
v -16.22766 -3.327438 20.1182
v -16.63719 -19.40153 20.83488
v -16.22766 -3.327438 21.55156
v -16.22766 -19.40153 21.55156
v -16.63719 -3.327438 20.83488
v -16.22766 -19.40153 21.55156
v -15.4086 -3.327438 21.55156
v -15.4086 -19.40153 21.55156
v -16.22766 -3.327438 21.55156
v -15.4086 -3.327438 21.55156
v -15.10145 -19.40153 20.83488
v -15.4086 -19.40153 21.55156
v -15.10145 -3.327438 20.83488
v -15.10145 -19.40153 20.83488
v -15.4086 -3.327438 20.1182
v -15.4086 -19.40153 20.1182
v -15.10145 -3.327438 20.83488
v -16.22766 -3.327438 21.55156
v -15.30621 -1.996464 21.85871
v -15.4086 -3.327438 21.55156
v -16.43243 -1.996464 21.85871
v -16.63719 -3.327438 20.83488
v -16.43243 -1.996464 21.85871
v -16.22766 -3.327438 21.55156
v -17.1491 -1.996464 20.83488
v -16.22766 -3.327438 20.1182
v -17.1491 -1.996464 20.83488
v -16.63719 -3.327438 20.83488
v -16.43243 -1.996464 19.81105
v -15.4086 -3.327438 20.1182
v -16.43243 -1.996464 19.81105
v -16.22766 -3.327438 20.1182
v -15.30621 -1.996464 19.81105
v -15.10145 -3.327438 20.83488
v -15.30621 -1.996464 19.81105
v -15.4086 -3.327438 20.1182
v -14.69192 -1.996464 20.83488
v -15.4086 -3.327438 21.55156
v -14.69192 -1.996464 20.83488
v -15.10145 -3.327438 20.83488
v -15.30621 -1.996464 21.85871
v -5.375092 -19.40153 20.1182
v -6.194153 -3.327438 20.1182
v -6.194153 -19.40153 20.1182
v -5.375092 -3.327438 20.1182
v -6.194153 -19.40153 20.1182
v -6.501301 -3.327438 20.83488
v -6.501301 -19.40153 20.83488
v -6.194153 -3.327438 20.1182
v -6.501301 -19.40153 20.83488
v -6.194153 -3.327438 21.55156
v -6.194153 -19.40153 21.55156
v -6.501301 -3.327438 20.83488
v -6.194153 -19.40153 21.55156
v -5.375092 -3.327438 21.55156
v -5.375092 -19.40153 21.55156
v -6.194153 -3.327438 21.55156
v -5.375092 -3.327438 21.55156
v -4.965561 -19.40153 20.83488
v -5.375092 -19.40153 21.55156
v -4.965561 -3.327438 20.83488
v -4.965561 -19.40153 20.83488
v -5.375092 -3.327438 20.1182
v -5.375092 -19.40153 20.1182
v -4.965561 -3.327438 20.83488
v -6.194153 -3.327438 21.55156
v -5.170326 -1.996464 21.85871
v -5.375092 -3.327438 21.55156
v -6.296535 -1.996464 21.85871
v -6.501301 -3.327438 20.83488
v -6.296535 -1.996464 21.85871
v -6.194153 -3.327438 21.55156
v -6.808449 -1.996464 20.83488
v -6.194153 -3.327438 20.1182
v -6.808449 -1.996464 20.83488
v -6.501301 -3.327438 20.83488
v -6.296535 -1.996464 19.81105
v -5.375092 -3.327438 20.1182
v -6.296535 -1.996464 19.81105
v -6.194153 -3.327438 20.1182
v -5.170326 -1.996464 19.81105
v -4.965561 -3.327438 20.83488
v -5.170326 -1.996464 19.81105
v -5.375092 -3.327438 20.1182
v -4.55603 -1.996464 20.83488
v -5.375092 -3.327438 21.55156
v -4.55603 -1.996464 20.83488
v -4.965561 -3.327438 20.83488
v -5.170326 -1.996464 21.85871
v 6.603687 -19.40153 20.1182
v 5.784626 -3.327438 20.1182
v 5.784626 -19.40153 20.1182
v 6.603687 -3.327438 20.1182
v 5.784626 -19.40153 20.1182
v 5.375095 -3.327438 20.83488
v 5.375095 -19.40153 20.83488
v 5.784626 -3.327438 20.1182
v 5.375095 -19.40153 20.83488
v 5.784626 -3.327438 21.55156
v 5.784626 -19.40153 21.55156
v 5.375095 -3.327438 20.83488
v 5.784626 -19.40153 21.55156
v 6.603687 -3.327438 21.55156
v 6.603687 -19.40153 21.55156
v 5.784626 -3.327438 21.55156
v 6.603687 -3.327438 21.55156
v 6.808453 -19.40153 20.83488
v 6.603687 -19.40153 21.55156
v 6.808453 -3.327438 20.83488
v 6.808453 -19.40153 20.83488
v 6.603687 -3.327438 20.1182
v 6.603687 -19.40153 20.1182
v 6.808453 -3.327438 20.83488
v 5.784626 -3.327438 21.55156
v 6.603687 -1.996464 21.85871
v 6.603687 -3.327438 21.55156
v 5.579861 -1.996464 21.85871
v 5.375095 -3.327438 20.83488
v 5.579861 -1.996464 21.85871
v 5.784626 -3.327438 21.55156
v 4.965565 -1.996464 20.83488
v 5.784626 -3.327438 20.1182
v 4.965565 -1.996464 20.83488
v 5.375095 -3.327438 20.83488
v 5.579861 -1.996464 19.81105
v 6.603687 -3.327438 20.1182
v 5.579861 -1.996464 19.81105
v 5.784626 -3.327438 20.1182
v 6.603687 -1.996464 19.81105
v 6.808453 -3.327438 20.83488
v 6.603687 -1.996464 19.81105
v 6.603687 -3.327438 20.1182
v 7.217983 -1.996464 20.83488
v 6.603687 -3.327438 21.55156
v 7.217983 -1.996464 20.83488
v 6.808453 -3.327438 20.83488
v 6.603687 -1.996464 21.85871
v 16.43243 -19.40153 20.1182
v 15.71575 -3.327438 20.1182
v 15.71575 -19.40153 20.1182
v 16.43243 -3.327438 20.1182
v 15.71575 -19.40153 20.1182
v 15.30622 -3.327438 20.83488
v 15.30622 -19.40153 20.83488
v 15.71575 -3.327438 20.1182
v 15.30622 -19.40153 20.83488
v 15.71575 -3.327438 21.55156
v 15.71575 -19.40153 21.55156
v 15.30622 -3.327438 20.83488
v 15.71575 -19.40153 21.55156
v 16.43243 -3.327438 21.55156
v 16.43243 -19.40153 21.55156
v 15.71575 -3.327438 21.55156
v 16.43243 -3.327438 21.55156
v 16.73957 -19.40153 20.83488
v 16.43243 -19.40153 21.55156
v 16.73957 -3.327438 20.83488
v 16.73957 -19.40153 20.83488
v 16.43243 -3.327438 20.1182
v 16.43243 -19.40153 20.1182
v 16.73957 -3.327438 20.83488
v 15.71575 -3.327438 21.55156
v 16.53481 -1.996464 21.85871
v 16.43243 -3.327438 21.55156
v 15.51098 -1.996464 21.85871
v 15.30622 -3.327438 20.83488
v 15.51098 -1.996464 21.85871
v 15.71575 -3.327438 21.55156
v 14.89669 -1.996464 20.83488
v 15.71575 -3.327438 20.1182
v 14.89669 -1.996464 20.83488
v 15.30622 -3.327438 20.83488
v 15.51098 -1.996464 19.81105
v 16.43243 -3.327438 20.1182
v 15.51098 -1.996464 19.81105
v 15.71575 -3.327438 20.1182
v 16.53481 -1.996464 19.81105
v 16.73957 -3.327438 20.83488
v 16.53481 -1.996464 19.81105
v 16.43243 -3.327438 20.1182
v 17.14911 -1.996464 20.83488
v 16.43243 -3.327438 21.55156
v 17.14911 -1.996464 20.83488
v 16.73957 -3.327438 20.83488
v 16.53481 -1.996464 21.85871
v -49.91157 -19.40153 -8.753723
v -49.91157 -1.48455 -7.422749
v -49.91157 -19.40153 -7.422749
v -49.91157 -1.48455 -8.753723
v -49.91157 -19.40153 -7.422749
v -49.29727 -1.48455 -7.422749
v -49.29727 -19.40153 -7.422749
v -49.91157 -1.48455 -7.422749
v -49.29727 -19.40153 -8.753723
v -49.91157 -1.48455 -8.753723
v -49.91157 -19.40153 -8.753723
v -49.29727 -1.48455 -8.753723
v -49.91157 -19.40153 -0.8702545
v -49.91157 -1.48455 0.3583374
v -49.91157 -19.40153 0.3583374
v -49.91157 -1.48455 -0.8702545
v -49.91157 -19.40153 0.3583374
v -49.29727 -1.48455 0.3583374
v -49.29727 -19.40153 0.3583374
v -49.91157 -1.48455 0.3583374
v -49.29727 -19.40153 -0.8702545
v -49.91157 -1.48455 -0.8702545
v -49.91157 -19.40153 -0.8702545
v -49.29727 -1.48455 -0.8702545
v -49.91157 -19.40153 8.344189
v -49.91157 -1.48455 9.777546
v -49.91157 -19.40153 9.777546
v -49.91157 -1.48455 8.344189
v -49.91157 -19.40153 9.777546
v -49.29727 -1.48455 9.777546
v -49.29727 -19.40153 9.777546
v -49.91157 -1.48455 9.777546
v -49.29727 -19.40153 8.344189
v -49.91157 -1.48455 8.344189
v -49.91157 -19.40153 8.344189
v -49.29727 -1.48455 8.344189
v -46.12341 -19.40153 13.36094
v -44.9972 -1.48455 13.36094
v -44.9972 -19.40153 13.36094
v -46.12341 -1.48455 13.36094
v -44.9972 -19.40153 13.36094
v -44.9972 -1.48455 12.84903
v -44.9972 -19.40153 12.84903
v -44.9972 -1.48455 13.36094
v -46.12341 -19.40153 12.84903
v -46.12341 -1.48455 13.36094
v -46.12341 -19.40153 13.36094
v -46.12341 -1.48455 12.84903
v -36.80659 -19.40153 13.36094
v -35.47561 -1.48455 13.36094
v -35.47561 -19.40153 13.36094
v -36.80659 -1.48455 13.36094
v -35.47561 -19.40153 13.36094
v -35.47561 -1.48455 12.84903
v -35.47561 -19.40153 12.84903
v -35.47561 -1.48455 13.36094
v -36.80659 -19.40153 12.84903
v -36.80659 -1.48455 13.36094
v -36.80659 -19.40153 13.36094
v -36.80659 -1.48455 12.84903
v -29.33265 -19.40153 13.36094
v -28.00167 -1.48455 13.36094
v -28.00167 -19.40153 13.36094
v -29.33265 -1.48455 13.36094
v -28.00167 -19.40153 13.36094
v -28.00167 -1.48455 12.84903
v -28.00167 -19.40153 12.84903
v -28.00167 -1.48455 13.36094
v -29.33265 -19.40153 12.84903
v -29.33265 -1.48455 13.36094
v -29.33265 -19.40153 13.36094
v -29.33265 -1.48455 12.84903
v -19.70867 -19.40153 13.36094
v -18.48008 -1.48455 13.36094
v -18.48008 -19.40153 13.36094
v -19.70867 -1.48455 13.36094
v -18.48008 -19.40153 13.36094
v -18.48008 -1.48455 12.84903
v -18.48008 -19.40153 12.84903
v -18.48008 -1.48455 13.36094
v -19.70867 -19.40153 12.84903
v -19.70867 -1.48455 13.36094
v -19.70867 -19.40153 13.36094
v -19.70867 -1.48455 12.84903
v 18.68484 -19.40153 13.36094
v 19.91344 -1.48455 13.36094
v 19.91344 -19.40153 13.36094
v 18.68484 -1.48455 13.36094
v 19.91344 -19.40153 13.36094
v 19.91344 -1.48455 12.84903
v 19.91344 -19.40153 12.84903
v 19.91344 -1.48455 13.36094
v 18.68484 -19.40153 12.84903
v 18.68484 -1.48455 13.36094
v 18.68484 -19.40153 13.36094
v 18.68484 -1.48455 12.84903
v 28.00167 -19.40153 13.36094
v 29.33265 -1.48455 13.36094
v 29.33265 -19.40153 13.36094
v 28.00167 -1.48455 13.36094
v 29.33265 -19.40153 13.36094
v 29.33265 -1.48455 12.84903
v 29.33265 -19.40153 12.84903
v 29.33265 -1.48455 13.36094
v 28.00167 -19.40153 12.84903
v 28.00167 -1.48455 13.36094
v 28.00167 -19.40153 13.36094
v 28.00167 -1.48455 12.84903
v 35.37323 -19.40153 13.36094
v 36.80659 -1.48455 13.36094
v 36.80659 -19.40153 13.36094
v 35.37323 -1.48455 13.36094
v 36.80659 -19.40153 13.36094
v 36.80659 -1.48455 12.84903
v 36.80659 -19.40153 12.84903
v 36.80659 -1.48455 13.36094
v 35.37323 -19.40153 12.84903
v 35.37323 -1.48455 13.36094
v 35.37323 -19.40153 13.36094
v 35.37323 -1.48455 12.84903
v 45.09959 -19.40153 13.36094
v 46.32818 -1.48455 13.36094
v 46.32818 -19.40153 13.36094
v 45.09959 -1.48455 13.36094
v 46.32818 -19.40153 13.36094
v 46.32818 -1.48455 12.84903
v 46.32818 -19.40153 12.84903
v 46.32818 -1.48455 13.36094
v 45.09959 -19.40153 12.84903
v 45.09959 -1.48455 13.36094
v 45.09959 -19.40153 13.36094
v 45.09959 -1.48455 12.84903
v 50.11634 -19.40153 9.982311
v 50.11634 -1.48455 8.548954
v 50.11634 -19.40153 8.548954
v 50.11634 -1.48455 9.982311
v 50.11634 -19.40153 8.548954
v 49.50204 -1.48455 8.548954
v 49.50204 -19.40153 8.548954
v 50.11634 -1.48455 8.548954
v 49.50204 -19.40153 9.982311
v 50.11634 -1.48455 9.982311
v 50.11634 -19.40153 9.982311
v 49.50204 -1.48455 9.982311
v 50.11634 -19.40153 0.3583374
v 50.11634 -1.48455 -0.8702545
v 50.11634 -19.40153 -0.8702545
v 50.11634 -1.48455 0.3583374
v 50.11634 -19.40153 -0.8702545
v 49.50204 -1.48455 -0.8702545
v 49.50204 -19.40153 -0.8702545
v 50.11634 -1.48455 -0.8702545
v 49.50204 -19.40153 0.3583374
v 50.11634 -1.48455 0.3583374
v 50.11634 -19.40153 0.3583374
v 49.50204 -1.48455 0.3583374
v 50.11634 -19.40153 -7.320366
v 50.11634 -1.48455 -8.753723
v 50.11634 -19.40153 -8.753723
v 50.11634 -1.48455 -7.320366
v 50.11634 -19.40153 -8.753723
v 49.50204 -1.48455 -8.753723
v 49.50204 -19.40153 -8.753723
v 50.11634 -1.48455 -8.753723
v 49.50204 -19.40153 -7.320366
v 50.11634 -1.48455 -7.320366
v 50.11634 -19.40153 -7.320366
v 49.50204 -1.48455 -7.320366
v 50.11634 -19.40153 -16.84196
v 50.11634 -1.48455 -18.17293
v 50.11634 -19.40153 -18.17293
v 50.11634 -1.48455 -16.84196
v 50.11634 -19.40153 -18.17293
v 49.50204 -1.48455 -18.17293
v 49.50204 -19.40153 -18.17293
v 50.11634 -1.48455 -18.17293
v 49.50204 -19.40153 -16.84196
v 50.11634 -1.48455 -16.84196
v 50.11634 -19.40153 -16.84196
v 49.50204 -1.48455 -16.84196
v 47.14724 -19.40153 -21.96109
v 45.91865 -1.48455 -21.96109
v 45.91865 -19.40153 -21.96109
v 47.14724 -1.48455 -21.96109
v 45.91865 -19.40153 -21.96109
v 45.91865 -1.48455 -21.3468
v 45.91865 -19.40153 -21.3468
v 45.91865 -1.48455 -21.96109
v 47.14724 -19.40153 -21.3468
v 47.14724 -1.48455 -21.96109
v 47.14724 -19.40153 -21.96109
v 47.14724 -1.48455 -21.3468
v 37.9328 -19.40153 -21.96109
v 36.7042 -1.48455 -21.96109
v 36.7042 -19.40153 -21.96109
v 37.9328 -1.48455 -21.96109
v 36.7042 -19.40153 -21.96109
v 36.7042 -1.48455 -21.3468
v 36.7042 -19.40153 -21.3468
v 36.7042 -1.48455 -21.96109
v 37.9328 -19.40153 -21.3468
v 37.9328 -1.48455 -21.96109
v 37.9328 -19.40153 -21.96109
v 37.9328 -1.48455 -21.3468
v 31.17554 -19.40153 -21.96109
v 29.84456 -1.48455 -21.96109
v 29.84456 -19.40153 -21.96109
v 31.17554 -1.48455 -21.96109
v 29.84456 -19.40153 -21.96109
v 29.84456 -1.48455 -21.3468
v 29.84456 -19.40153 -21.3468
v 29.84456 -1.48455 -21.96109
v 31.17554 -19.40153 -21.3468
v 31.17554 -1.48455 -21.96109
v 31.17554 -19.40153 -21.96109
v 31.17554 -1.48455 -21.3468
v 21.85871 -19.40153 -21.96109
v 20.52773 -1.48455 -21.96109
v 20.52773 -19.40153 -21.96109
v 21.85871 -1.48455 -21.96109
v 20.52773 -19.40153 -21.96109
v 20.52773 -1.48455 -21.3468
v 20.52773 -19.40153 -21.3468
v 20.52773 -1.48455 -21.96109
v 21.85871 -19.40153 -21.3468
v 21.85871 -1.48455 -21.96109
v 21.85871 -19.40153 -21.96109
v 21.85871 -1.48455 -21.3468
v 13.97524 -19.40153 -21.96109
v 12.74665 -1.48455 -21.96109
v 12.74665 -19.40153 -21.96109
v 13.97524 -1.48455 -21.96109
v 12.74665 -19.40153 -21.96109
v 12.74665 -1.48455 -21.3468
v 12.74665 -19.40153 -21.3468
v 12.74665 -1.48455 -21.96109
v 13.97524 -19.40153 -21.3468
v 13.97524 -1.48455 -21.96109
v 13.97524 -19.40153 -21.96109
v 13.97524 -1.48455 -21.3468
v 4.658417 -19.40153 -21.96109
v 3.327438 -1.48455 -21.96109
v 3.327438 -19.40153 -21.96109
v 4.658417 -1.48455 -21.96109
v 3.327438 -19.40153 -21.96109
v 3.327438 -1.48455 -21.3468
v 3.327438 -19.40153 -21.3468
v 3.327438 -1.48455 -21.96109
v 4.658417 -19.40153 -21.3468
v 4.658417 -1.48455 -21.96109
v 4.658417 -19.40153 -21.96109
v 4.658417 -1.48455 -21.3468
v -3.122673 -19.40153 -21.96109
v -4.55603 -1.48455 -21.96109
v -4.55603 -19.40153 -21.96109
v -3.122673 -1.48455 -21.96109
v -4.55603 -19.40153 -21.96109
v -4.55603 -1.48455 -21.3468
v -4.55603 -19.40153 -21.3468
v -4.55603 -1.48455 -21.96109
v -3.122673 -19.40153 -21.3468
v -3.122673 -1.48455 -21.96109
v -3.122673 -19.40153 -21.96109
v -3.122673 -1.48455 -21.3468
v -12.74664 -19.40153 -21.96109
v -13.97524 -1.48455 -21.96109
v -13.97524 -19.40153 -21.96109
v -12.74664 -1.48455 -21.96109
v -13.97524 -19.40153 -21.96109
v -13.97524 -1.48455 -21.3468
v -13.97524 -19.40153 -21.3468
v -13.97524 -1.48455 -21.96109
v -12.74664 -19.40153 -21.3468
v -12.74664 -1.48455 -21.96109
v -12.74664 -19.40153 -21.96109
v -12.74664 -1.48455 -21.3468
v -20.32297 -19.40153 -21.96109
v -21.65395 -1.48455 -21.96109
v -21.65395 -19.40153 -21.96109
v -20.32297 -1.48455 -21.96109
v -21.65395 -19.40153 -21.96109
v -21.65395 -1.48455 -21.3468
v -21.65395 -19.40153 -21.3468
v -21.65395 -1.48455 -21.96109
v -20.32297 -19.40153 -21.3468
v -20.32297 -1.48455 -21.96109
v -20.32297 -19.40153 -21.96109
v -20.32297 -1.48455 -21.3468
v -29.74218 -19.40153 -21.96109
v -31.07315 -1.48455 -21.96109
v -31.07315 -19.40153 -21.96109
v -29.74218 -1.48455 -21.96109
v -31.07315 -19.40153 -21.96109
v -31.07315 -1.48455 -21.3468
v -31.07315 -19.40153 -21.3468
v -31.07315 -1.48455 -21.96109
v -29.74218 -19.40153 -21.3468
v -29.74218 -1.48455 -21.96109
v -29.74218 -19.40153 -21.96109
v -29.74218 -1.48455 -21.3468
v -36.29467 -19.40153 -21.96109
v -37.72803 -1.48455 -21.96109
v -37.72803 -19.40153 -21.96109
v -36.29467 -1.48455 -21.96109
v -37.72803 -19.40153 -21.96109
v -37.72803 -1.48455 -21.3468
v -37.72803 -19.40153 -21.3468
v -37.72803 -1.48455 -21.96109
v -36.29467 -19.40153 -21.3468
v -36.29467 -1.48455 -21.96109
v -36.29467 -19.40153 -21.96109
v -36.29467 -1.48455 -21.3468
v -45.81626 -19.40153 -21.96109
v -47.04485 -1.48455 -21.96109
v -47.04485 -19.40153 -21.96109
v -45.81626 -1.48455 -21.96109
v -47.04485 -19.40153 -21.96109
v -47.04485 -1.48455 -21.3468
v -47.04485 -19.40153 -21.3468
v -47.04485 -1.48455 -21.96109
v -45.81626 -19.40153 -21.3468
v -45.81626 -1.48455 -21.96109
v -45.81626 -19.40153 -21.96109
v -45.81626 -1.48455 -21.3468
v -49.91157 -19.40153 -18.17293
v -49.91157 -1.48455 -16.84196
v -49.91157 -19.40153 -16.84196
v -49.91157 -1.48455 -18.17293
v -49.91157 -19.40153 -16.84196
v -49.29727 -1.48455 -16.84196
v -49.29727 -19.40153 -16.84196
v -49.91157 -1.48455 -16.84196
v -49.29727 -19.40153 -18.17293
v -49.91157 -1.48455 -18.17293
v -49.91157 -19.40153 -18.17293
v -49.29727 -1.48455 -18.17293
v 15.61337 -19.09438 22.26824
v 22.26824 -22.37062 29.43503
v 15.61337 -22.37062 29.43503
v 22.26824 -19.09438 22.26824
v 0.05119324 -23.29207 -38.13756
v 11.51805 -27.69452 -45.30435
v 11.51805 -23.29207 -38.13756
v 0.05119324 -27.69452 -45.30435
v 22.26824 -19.09438 22.26824
v 15.51098 -19.09438 12.95141
v 22.26824 -19.09438 14.89668
v 15.51098 -19.09438 19.09438
v 22.26824 -19.09438 12.95141
v 15.61337 -19.09438 22.26824
v 51.85685 -19.09438 14.89668
v 49.60443 -19.09438 -4.248882
v 51.85685 -19.09438 -4.453648
v 49.60443 -19.09438 12.95141
v 51.85685 -19.09438 -23.90636
v 18.07055 -19.09438 -21.44918
v 18.17293 -19.09438 -23.90636
v 49.60443 -19.09438 -21.44918
v 11.51805 -19.09438 -23.90636
v 0.05119324 -19.09438 -21.44918
v 0.05119324 -19.09438 -23.90636
v 11.41567 -19.09438 -21.44918
v 11.51805 -19.09438 -31.07315
v 0.05119324 -19.09438 -31.07315
v 22.26824 -25.33972 39.05901
v 15.61337 -22.57539 32.91604
v 22.26824 -22.57539 32.91604
v 15.61337 -25.33972 39.05901
v 22.26824 -27.89929 45.09959
v 15.61337 -27.89929 45.09959
v 49.60443 -19.09438 -4.248882
v 51.85685 -19.09438 -23.90636
v 51.85685 -19.09438 -4.453648
v 49.60443 -19.09438 -21.44918
v 22.26824 -22.37062 29.43503
v 15.61337 -22.57539 32.91604
v 15.61337 -22.37062 29.43503
v 22.26824 -22.57539 32.91604
v 0.05119324 -19.09438 22.26824
v 15.51098 -19.09438 19.09438
v 15.61337 -19.09438 22.26824
v 0.05119324 -19.09438 19.09438
v 0.05119324 -19.09438 22.26824
v 15.61337 -22.37062 29.43503
v 0.05119324 -22.37062 29.43503
v 15.61337 -19.09438 22.26824
v 15.61337 -22.57539 32.91604
v 0.05119324 -22.37062 29.43503
v 15.61337 -22.37062 29.43503
v 0.05119324 -22.57539 32.91604
v 15.61337 -25.33972 39.05901
v 0.05119324 -22.57539 32.91604
v 15.61337 -22.57539 32.91604
v 0.05119324 -25.33972 39.05901
v 22.26824 -19.09438 14.89668
v 49.60443 -19.09438 12.95141
v 51.85685 -19.09438 14.89668
v 22.26824 -19.09438 12.95141
v 0.05119324 -19.09438 -31.07315
v 11.51805 -23.29207 -38.13756
v 11.51805 -19.09438 -31.07315
v 0.05119324 -23.29207 -38.13756
v 15.61337 -27.89929 45.09959
v 0.05119324 -25.33972 39.05901
v 15.61337 -25.33972 39.05901
v 0.05119324 -27.89929 45.09959
v 18.17293 -19.09438 -23.90636
v 11.41567 -19.09438 -21.44918
v 11.51805 -19.09438 -23.90636
v 18.07055 -19.09438 -21.44918
v 11.51805 -19.09438 -31.07315
v 18.17293 -19.09438 -31.07315
v 11.51805 -23.29207 -38.13756
v 18.17293 -19.09438 -31.07315
v 11.51805 -19.09438 -31.07315
v 18.17293 -23.29207 -38.13756
v 11.51805 -27.69452 -45.30435
v 18.17293 -23.29207 -38.13756
v 11.51805 -23.29207 -38.13756
v 18.17293 -27.69452 -45.30435
v -15.30621 -19.09438 22.26824
v -21.96109 -22.37062 29.43503
v -21.96109 -19.09438 22.26824
v -15.30621 -22.37062 29.43503
v 0.05119324 -23.29207 -38.13756
v -11.31329 -27.69452 -45.30435
v 0.05119324 -27.69452 -45.30435
v -11.31329 -23.29207 -38.13756
v -21.96109 -19.09438 22.26824
v -15.20383 -19.09438 12.95141
v -15.20383 -19.09438 19.09438
v -21.96109 -19.09438 14.89668
v -21.96109 -19.09438 12.95141
v -15.30621 -19.09438 22.26824
v -51.65208 -19.09438 14.89668
v -49.39966 -19.09438 -4.248882
v -49.39966 -19.09438 12.95141
v -51.65208 -19.09438 -4.453648
v -51.65208 -19.09438 -23.90636
v -17.86578 -19.09438 -21.44918
v -49.39966 -19.09438 -21.44918
v -17.96816 -19.09438 -23.90636
v -11.31329 -19.09438 -23.90636
v 0.05119324 -19.09438 -21.44918
v -11.21091 -19.09438 -21.44918
v 0.05119324 -19.09438 -23.90636
v -11.31329 -19.09438 -31.07315
v 0.05119324 -19.09438 -31.07315
v -21.96109 -25.33972 39.05901
v -15.30621 -22.57539 32.91604
v -15.30621 -25.33972 39.05901
v -21.96109 -22.57539 32.91604
v -21.96109 -27.89929 45.09959
v -15.30621 -27.89929 45.09959
v -49.39966 -19.09438 -4.248882
v -51.65208 -19.09438 -23.90636
v -49.39966 -19.09438 -21.44918
v -51.65208 -19.09438 -4.453648
v -21.96109 -22.37062 29.43503
v -15.30621 -22.57539 32.91604
v -21.96109 -22.57539 32.91604
v -15.30621 -22.37062 29.43503
v 0.05119324 -19.09438 22.26824
v -15.20383 -19.09438 19.09438
v 0.05119324 -19.09438 19.09438
v -15.30621 -19.09438 22.26824
v 0.05119324 -19.09438 22.26824
v -15.30621 -22.37062 29.43503
v -15.30621 -19.09438 22.26824
v 0.05119324 -22.37062 29.43503
v -15.30621 -22.57539 32.91604
v 0.05119324 -22.37062 29.43503
v 0.05119324 -22.57539 32.91604
v -15.30621 -22.37062 29.43503
v -15.30621 -25.33972 39.05901
v 0.05119324 -22.57539 32.91604
v 0.05119324 -25.33972 39.05901
v -15.30621 -22.57539 32.91604
v -21.96109 -19.09438 14.89668
v -49.39966 -19.09438 12.95141
v -21.96109 -19.09438 12.95141
v -51.65208 -19.09438 14.89668
v 0.05119324 -19.09438 -31.07315
v -11.31329 -23.29207 -38.13756
v 0.05119324 -23.29207 -38.13756
v -11.31329 -19.09438 -31.07315
v -15.30621 -27.89929 45.09959
v 0.05119324 -25.33972 39.05901
v 0.05119324 -27.89929 45.09959
v -15.30621 -25.33972 39.05901
v -17.96816 -19.09438 -23.90636
v -11.21091 -19.09438 -21.44918
v -17.86578 -19.09438 -21.44918
v -11.31329 -19.09438 -23.90636
v -11.31329 -19.09438 -31.07315
v -17.96816 -19.09438 -31.07315
v -11.31329 -23.29207 -38.13756
v -17.96816 -19.09438 -31.07315
v -17.96816 -23.29207 -38.13756
v -11.31329 -19.09438 -31.07315
v -11.31329 -27.69452 -45.30435
v -17.96816 -23.29207 -38.13756
v -17.96816 -27.69452 -45.30435
v -11.31329 -23.29207 -38.13756
v 51.85685 -27.69452 -4.453648
v 51.85685 -19.09438 14.89668
v 51.85685 -19.09438 -4.453648
v 51.85685 -27.69452 14.89668
v 51.85685 -27.69452 -23.90636
v 51.85685 -19.09438 -23.90636
v 18.17293 -19.09438 -23.90636
v 51.85685 -27.69452 -23.90636
v 51.85685 -19.09438 -23.90636
v 18.17293 -27.69452 -23.90636
v 51.85685 -19.09438 14.89668
v 22.26824 -27.69452 14.89668
v 22.26824 -19.09438 14.89668
v 51.85685 -27.69452 14.89668
v 22.26824 -19.09438 14.89668
v 22.26824 -27.69452 22.26824
v 22.26824 -19.09438 22.26824
v 22.26824 -27.69452 14.89668
v 22.26824 -27.69452 29.23026
v 22.26824 -22.37062 29.43503
v 22.26824 -22.57539 32.91604
v 22.26824 -27.89929 45.09959
v 18.17293 -19.09438 -23.90636
v 18.17293 -27.69452 -45.30435
v 18.17293 -27.69452 -23.90636
v 18.17293 -19.09438 -31.07315
v -51.65208 -27.69452 -4.453648
v -51.65208 -19.09438 14.89668
v -51.65208 -27.69452 14.89668
v -51.65208 -19.09438 -4.453648
v -51.65208 -27.69452 -23.90636
v -51.65208 -19.09438 -23.90636
v -17.96816 -19.09438 -23.90636
v -51.65208 -27.69452 -23.90636
v -17.96816 -27.69452 -23.90636
v -51.65208 -19.09438 -23.90636
v -51.65208 -19.09438 14.89668
v -21.96109 -27.69452 14.89668
v -51.65208 -27.69452 14.89668
v -21.96109 -19.09438 14.89668
v -21.96109 -19.09438 14.89668
v -21.96109 -27.69452 22.26824
v -21.96109 -27.69452 14.89668
v -21.96109 -19.09438 22.26824
v -21.96109 -27.69452 29.23026
v -21.96109 -22.37062 29.43503
v -21.96109 -22.57539 32.91604
v -21.96109 -27.89929 45.09959
v -17.96816 -19.09438 -23.90636
v -17.96816 -27.69452 -45.30435
v -17.96816 -19.09438 -31.07315
v -17.96816 -27.69452 -23.90636
vt 0.7798343 0.4899898
vt 0.9678416 0.247147
vt 0.9678416 0.4899898
vt 0.7798343 0.247147
vt 0.7759175 0.2158124
vt 0.9639248 0.2432302
vt 0.7759175 0.2432302
vt 0.9639248 0.2158124
vt 0.9639248 0.2158124
vt 0.7759175 0.2432302
vt 0.9639248 0.2432302
vt 0.7759175 0.2158124
vt 0.9952593 0.2432302
vt 0.7524166 0.2158124
vt 0.7524166 0.2432302
vt 0.9952593 0.2158124
vt 0.7798343 0.247147
vt 0.9678416 0.4899898
vt 0.9678416 0.247147
vt 0.7798343 0.247147
vt 0.7798343 0.4899898
vt 0.9678416 0.4899898
vt 0.7524166 0.2432302
vt 0.9952593 0.2158124
vt 0.9952593 0.2432302
vt 0.7524166 0.2158124
vt 0.7798343 0.4899898
vt 0.9678416 0.247147
vt 0.7798343 0.247147
vt 0.9678416 0.4899898
vt 0.7759175 0.2158124
vt 0.9639248 0.2432302
vt 0.9639248 0.2158124
vt 0.7759175 0.2432302
vt 0.9639248 0.2158124
vt 0.7759175 0.2432302
vt 0.7759175 0.2158124
vt 0.9639248 0.2432302
vt 0.9952593 0.2432302
vt 0.7524166 0.2158124
vt 0.9952593 0.2158124
vt 0.7524166 0.2432302
vt 0.7798343 0.247147
vt 0.9678416 0.4899898
vt 0.7798343 0.4899898
vt 0.7798343 0.247147
vt 0.9678416 0.247147
vt 0.9678416 0.4899898
vt 0.7524166 0.2432302
vt 0.9952593 0.2158124
vt 0.7524166 0.2158124
vt 0.9952593 0.2432302
vt 0.7720007 0.2549806
vt 0.9717584 0.4860729
vt 0.9717584 0.2549806
vt 0.7720007 0.4860729
vt 0.9874257 0.4860729
vt 0.7720007 0.4508215
vt 0.7720007 0.4860729
vt 0.960008 0.4508215
vt 0.7720007 0.4508215
vt 0.960008 0.4860729
vt 0.9874257 0.4508215
vt 0.7720007 0.4860729
vt 0.7720007 0.2863152
vt 0.7994184 0.3450675
vt 0.7994184 0.2549806
vt 0.7720007 0.3450675
vt 0.7720007 0.2549806
vt 0.9717584 0.4860729
vt 0.9717584 0.2549806
vt 0.7720007 0.4860729
vt 0.7720007 0.2549806
vt 0.7994184 0.4860729
vt 0.7994184 0.2549806
vt 0.7720007 0.4508215
vt 0.9717584 0.4860729
vt 0.7720007 0.2549806
vt 0.9717584 0.2549806
vt 0.7720007 0.4860729
vt 0.9717584 0.4860729
vt 0.7720007 0.2549806
vt 0.9717584 0.2549806
vt 0.7720007 0.4860729
vt 0.7720007 0.2549806
vt 0.7994184 0.4860729
vt 0.7994184 0.2549806
vt 0.7720007 0.4860729
vt 0.7720007 0.2549806
vt 0.9717584 0.4860729
vt 0.7720007 0.4860729
vt 0.9717584 0.2549806
vt 0.9874257 0.4860729
vt 0.7720007 0.4508215
vt 0.960008 0.4508215
vt 0.7720007 0.4860729
vt 0.7720007 0.4508215
vt 0.960008 0.4860729
vt 0.7720007 0.4860729
vt 0.9874257 0.4508215
vt 0.7720007 0.2863152
vt 0.7994184 0.3450675
vt 0.7720007 0.3450675
vt 0.7994184 0.2549806
vt 0.7720007 0.2549806
vt 0.9717584 0.4860729
vt 0.7720007 0.4860729
vt 0.9717584 0.2549806
vt 0.7720007 0.2549806
vt 0.7994184 0.4860729
vt 0.7720007 0.4508215
vt 0.7994184 0.2549806
vt 0.9717584 0.4860729
vt 0.7720007 0.2549806
vt 0.7720007 0.4860729
vt 0.9717584 0.2549806
vt 0.9717584 0.4860729
vt 0.7720007 0.2549806
vt 0.7720007 0.4860729
vt 0.9717584 0.2549806
vt 0.7720007 0.2549806
vt 0.7994184 0.4860729
vt 0.7720007 0.4860729
vt 0.7994184 0.2549806
vt 0.7524166 0.1962284
vt 0.9952593 0.1453097
vt 0.9952593 0.1962284
vt 0.7484998 0.1453097
vt 0.7484998 0.2158124
vt 0.9952593 0.2158124
vt 0.7484998 0.2393134
vt 0.9952593 0.2393134
vt 0.7524166 0.1962284
vt 0.9639248 0.1453097
vt 0.9639248 0.1962284
vt 0.7484998 0.1453097
vt 0.7524166 0.2236461
vt 0.9639248 0.2158124
vt 0.9952593 0.1962284
vt 0.7798343 0.1492265
vt 0.7798343 0.1962284
vt 0.9952593 0.1453097
vt 0.9952593 0.2158124
vt 0.7955016 0.2236461
vt 0.9952593 0.2393134
vt 0.7837511 0.2393134
vt 0.9795921 0.1962284
vt 0.7484998 0.1453097
vt 0.7524166 0.1962284
vt 0.9795921 0.1453097
vt 0.9795921 0.2158124
vt 0.7524166 0.2236461
vt 0.7524166 0.1962284
vt 0.9795921 0.1492265
vt 0.9795921 0.1962284
vt 0.7524166 0.1492265
vt 0.7524166 0.2236461
vt 0.9795921 0.2236461
vt 0.7524166 0.2393134
vt 0.9795921 0.2393134
vt 0.7524166 0.1962284
vt 0.8464202 0.1492265
vt 0.8425034 0.1962284
vt 0.7524166 0.1492265
vt 0.7641671 0.2236461
vt 0.850337 0.2236461
vt 0.7524166 0.2393134
vt 0.8464202 0.2393134
vt 0.9952593 0.1962284
vt 0.7484998 0.1453097
vt 0.7524166 0.1962284
vt 0.9952593 0.1453097
vt 0.9952593 0.2158124
vt 0.7484998 0.2158124
vt 0.9952593 0.2393134
vt 0.7484998 0.2393134
vt 0.7837511 0.1962284
vt 0.9952593 0.1453097
vt 0.9952593 0.1962284
vt 0.7798343 0.1453097
vt 0.7837511 0.2158124
vt 0.9952593 0.2158124
vt 0.7798343 0.2393134
vt 0.9952593 0.2393134
vt 0.9639248 0.1453097
vt 0.7524166 0.1962284
vt 0.9639248 0.1962284
vt 0.7484998 0.1453097
vt 0.9639248 0.2158124
vt 0.7484998 0.2158124
vt 0.9795921 0.2393134
vt 0.7524166 0.2236461
vt 0.7524166 0.2393134
vt 0.9795921 0.2158124
vt 0.7524166 0.2393134
vt 0.9639248 0.2158124
vt 0.9639248 0.2393134
vt 0.7524166 0.2236461
vt 0.7484998 0.2158124
vt 0.9639248 0.2393134
vt 0.9639248 0.2158124
vt 0.7484998 0.2393134
vt 0.7524166 0.1962284
vt 0.9952593 0.1453097
vt 0.7524166 0.1453097
vt 0.9952593 0.1962284
vt 0.7484998 0.2158124
vt 0.9952593 0.2158124
vt 0.7484998 0.2393134
vt 0.9952593 0.2393134
vt 0.7524166 0.1962284
vt 0.9639248 0.1453097
vt 0.7484998 0.1453097
vt 0.9639248 0.1962284
vt 0.7524166 0.2236461
vt 0.9639248 0.2158124
vt 0.9952593 0.1962284
vt 0.7798343 0.1492265
vt 0.9952593 0.1453097
vt 0.7798343 0.1962284
vt 0.9952593 0.2158124
vt 0.7955016 0.2236461
vt 0.9952593 0.2393134
vt 0.7837511 0.2393134
vt 0.9795921 0.1962284
vt 0.7484998 0.1453097
vt 0.9795921 0.1453097
vt 0.7524166 0.1962284
vt 0.9795921 0.2158124
vt 0.7524166 0.2236461
vt 0.7524166 0.1962284
vt 0.9795921 0.1492265
vt 0.7524166 0.1492265
vt 0.9795921 0.1962284
vt 0.7524166 0.2236461
vt 0.9795921 0.2236461
vt 0.7524166 0.2393134
vt 0.9795921 0.2393134
vt 0.7524166 0.1962284
vt 0.8464202 0.1492265
vt 0.7524166 0.1492265
vt 0.8425034 0.1962284
vt 0.7641671 0.2236461
vt 0.850337 0.2236461
vt 0.7524166 0.2393134
vt 0.8464202 0.2393134
vt 0.9952593 0.1962284
vt 0.7524166 0.1453097
vt 0.9991761 0.1453097
vt 0.7524166 0.1962284
vt 0.9952593 0.2236461
vt 0.7484998 0.2158124
vt 0.9952593 0.2393134
vt 0.7484998 0.2393134
vt 0.7837511 0.1962284
vt 0.9952593 0.1453097
vt 0.7798343 0.1453097
vt 0.9952593 0.1962284
vt 0.7837511 0.2158124
vt 0.9952593 0.2158124
vt 0.7798343 0.2393134
vt 0.9952593 0.2393134
vt 0.9639248 0.1453097
vt 0.7524166 0.1962284
vt 0.7484998 0.1453097
vt 0.9639248 0.1962284
vt 0.9639248 0.2158124
vt 0.7484998 0.2158124
vt 0.9795921 0.2393134
vt 0.7524166 0.2236461
vt 0.9795921 0.2158124
vt 0.7524166 0.2393134
vt 0.7524166 0.2393134
vt 0.9639248 0.2158124
vt 0.7524166 0.2236461
vt 0.9639248 0.2393134
vt 0.7484998 0.2158124
vt 0.9639248 0.2393134
vt 0.7484998 0.2393134
vt 0.9639248 0.2158124
vt 0.7955016 0.1492265
vt 0.8111688 0.1335593
vt 0.8229193 0.1492265
vt 0.7876679 0.1335593
vt 0.8229193 0.1335593
vt 0.7524166 0.1453097
vt 0.7641671 0.1335593
vt 0.8229193 0.1453097
vt 0.7524166 0.1492265
vt 0.8150857 0.1374761
vt 0.8150857 0.1492265
vt 0.7524166 0.1374761
vt 0.7524166 0.1492265
vt 0.8150857 0.1335593
vt 0.8150857 0.1492265
vt 0.7524166 0.1335593
vt 0.7524166 0.1492265
vt 0.8150857 0.1335593
vt 0.8150857 0.1492265
vt 0.7524166 0.1335593
vt 0.8150857 0.1335593
vt 0.7524166 0.1492265
vt 0.7524166 0.1335593
vt 0.8033352 0.1492265
vt 0.8229193 0.1492265
vt 0.7524166 0.1374761
vt 0.7524166 0.1492265
vt 0.8111688 0.1374761
vt 0.8150857 0.1335593
vt 0.7602502 0.1453097
vt 0.7602502 0.1335593
vt 0.8033352 0.1453097
vt 0.7602502 0.1335593
vt 0.8150857 0.1492265
vt 0.7602502 0.1492265
vt 0.8033352 0.1335593
vt 0.7955016 0.1492265
vt 0.8111688 0.1335593
vt 0.7876679 0.1335593
vt 0.8229193 0.1492265
vt 0.8229193 0.1335593
vt 0.7524166 0.1453097
vt 0.8229193 0.1453097
vt 0.7641671 0.1335593
vt 0.7524166 0.1492265
vt 0.8150857 0.1374761
vt 0.7524166 0.1374761
vt 0.8229193 0.1492265
vt 0.7524166 0.1492265
vt 0.8150857 0.1335593
vt 0.7524166 0.1335593
vt 0.8150857 0.1492265
vt 0.7524166 0.1492265
vt 0.8150857 0.1335593
vt 0.7524166 0.1335593
vt 0.8150857 0.1492265
vt 0.8150857 0.1335593
vt 0.7524166 0.1492265
vt 0.8033352 0.1492265
vt 0.7524166 0.1335593
vt 0.8229193 0.1492265
vt 0.7524166 0.1374761
vt 0.8150857 0.1374761
vt 0.7524166 0.1492265
vt 0.8150857 0.1335593
vt 0.7602502 0.1453097
vt 0.8033352 0.1453097
vt 0.7602502 0.1335593
vt 0.7602502 0.1335593
vt 0.8150857 0.1492265
vt 0.8033352 0.1335593
vt 0.7602502 0.1492265
vt 0.03563881 0.5017402
vt 0.1218088 0.7406662
vt 0.03563881 0.7406662
vt 0.1218088 0.5017402
vt 0.2432302 0.7406662
vt 0.0003874367 0.5017402
vt 0.0003874367 0.7406662
vt 0.2432302 0.5017402
vt 0.2432302 0.5095738
vt 0.0003874367 0.7406662
vt 0.0003874367 0.5017402
vt 0.2432302 0.7484998
vt 0.0003874367 0.5017402
vt 0.2314797 0.7484998
vt 0.0003874367 0.7484998
vt 0.2314797 0.5017402
vt 0.0003874367 0.5017402
vt 0.247147 0.7484998
vt 0.0003874367 0.7484998
vt 0.247147 0.5017402
vt 0.0003874367 0.7406662
vt 0.2158124 0.5017402
vt 0.2158124 0.7406662
vt 0.0003874367 0.5017402
vt 0.0003874367 0.7406662
vt 0.247147 0.5017402
vt 0.0003874367 0.5017402
vt 0.247147 0.7484998
vt 0.0003874367 0.7406662
vt 0.2432302 0.5017402
vt 0.2432302 0.7406662
vt 0.0003874367 0.5017402
vt 0.0003874367 0.5017402
vt 0.2314797 0.7484998
vt 0.0003874367 0.7484998
vt 0.2314797 0.5017402
vt 0.03563881 0.5017402
vt 0.1218088 0.7406662
vt 0.1218088 0.5017402
vt 0.03563881 0.7406662
vt 0.2432302 0.7406662
vt 0.0003874367 0.5017402
vt 0.2432302 0.5017402
vt 0.0003874367 0.7406662
vt 0.2432302 0.5017402
vt 0.0003874367 0.7406662
vt 0.2432302 0.7406662
vt 0.0003874367 0.5017402
vt 0.0003874367 0.5017402
vt 0.2314797 0.7484998
vt 0.2314797 0.5017402
vt 0.0003874367 0.7484998
vt 0.0003874367 0.5017402
vt 0.247147 0.7484998
vt 0.247147 0.5017402
vt 0.0003874367 0.7484998
vt 0.0003874367 0.7406662
vt 0.2158124 0.5017402
vt 0.0003874367 0.5017402
vt 0.2158124 0.7406662
vt 0.0003874367 0.7406662
vt 0.2432302 0.5017402
vt 0.2432302 0.7406662
vt 0.0003874367 0.5017402
vt 0.0003874367 0.7406662
vt 0.2432302 0.5017402
vt 0.0003874367 0.5017402
vt 0.2432302 0.7406662
vt 0.0003874367 0.5017402
vt 0.2314797 0.7484998
vt 0.2314797 0.5017402
vt 0.0003874367 0.7484998
vt 0.7720007 0.2549806
vt 0.9717584 0.4860729
vt 0.9717584 0.2549806
vt 0.7720007 0.4860729
vt 0.9874257 0.4860729
vt 0.7720007 0.4508215
vt 0.7720007 0.4860729
vt 0.9404239 0.4508215
vt 0.7720007 0.4508215
vt 0.9404239 0.4939066
vt 0.9874257 0.4508215
vt 0.7720007 0.4939066
vt 0.7524166 0.2980656
vt 0.7994184 0.3450675
vt 0.7994184 0.2549806
vt 0.7524166 0.3450675
vt 0.7720007 0.2549806
vt 0.9717584 0.4860729
vt 0.9717584 0.2549806
vt 0.7720007 0.4860729
vt 0.7524166 0.2549806
vt 0.7994184 0.4860729
vt 0.7994184 0.2549806
vt 0.7524166 0.4508215
vt 0.7720007 0.4860729
vt 0.9717584 0.2549806
vt 0.7720007 0.2549806
vt 0.9717584 0.4860729
vt 0.7720007 0.4860729
vt 0.9717584 0.2549806
vt 0.7720007 0.2549806
vt 0.9717584 0.4860729
vt 0.7524166 0.2549806
vt 0.7994184 0.4860729
vt 0.7994184 0.2549806
vt 0.7524166 0.4860729
vt 0.7720007 0.2549806
vt 0.9717584 0.4860729
vt 0.7720007 0.4860729
vt 0.9717584 0.2549806
vt 0.9874257 0.4860729
vt 0.7720007 0.4508215
vt 0.9404239 0.4508215
vt 0.7720007 0.4860729
vt 0.7720007 0.4508215
vt 0.9404239 0.4939066
vt 0.7720007 0.4939066
vt 0.9874257 0.4508215
vt 0.7524166 0.2980656
vt 0.7994184 0.3450675
vt 0.7524166 0.3450675
vt 0.7994184 0.2549806
vt 0.7720007 0.2549806
vt 0.9717584 0.4860729
vt 0.7720007 0.4860729
vt 0.9717584 0.2549806
vt 0.7524166 0.2549806
vt 0.7994184 0.4860729
vt 0.7524166 0.4508215
vt 0.7994184 0.2549806
vt 0.7720007 0.4860729
vt 0.9717584 0.2549806
vt 0.9717584 0.4860729
vt 0.7720007 0.2549806
vt 0.7720007 0.4860729
vt 0.9717584 0.2549806
vt 0.9717584 0.4860729
vt 0.7720007 0.2549806
vt 0.7524166 0.2549806
vt 0.7994184 0.4860729
vt 0.7524166 0.4860729
vt 0.7994184 0.2549806
vt 0.7524166 0.1844779
vt 0.9952593 0.1374761
vt 0.9952593 0.1844779
vt 0.7524166 0.1374761
vt 0.7524166 0.1844779
vt 0.9639248 0.1374761
vt 0.9639248 0.1844779
vt 0.7524166 0.1374761
vt 0.9952593 0.1844779
vt 0.7837511 0.1374761
vt 0.7837511 0.1923115
vt 0.9952593 0.1374761
vt 0.9795921 0.1844779
vt 0.7524166 0.1374761
vt 0.7524166 0.1844779
vt 0.9795921 0.1374761
vt 0.7524166 0.1923115
vt 0.9795921 0.1374761
vt 0.9795921 0.1923115
vt 0.7524166 0.1374761
vt 0.7524166 0.1923115
vt 0.8464202 0.1374761
vt 0.8425034 0.1923115
vt 0.7524166 0.1374761
vt 0.7524166 0.1844779
vt 0.9952593 0.1374761
vt 0.9952593 0.1844779
vt 0.7484998 0.1374761
vt 0.7837511 0.1844779
vt 0.9952593 0.1374761
vt 0.9952593 0.1844779
vt 0.7837511 0.1374761
vt 0.9639248 0.1374761
vt 0.7524166 0.1844779
vt 0.9639248 0.1844779
vt 0.7524166 0.1374761
vt 0.7524166 0.1844779
vt 0.9952593 0.1374761
vt 0.7524166 0.1374761
vt 0.9952593 0.1844779
vt 0.7524166 0.1844779
vt 0.9639248 0.1374761
vt 0.7524166 0.1374761
vt 0.9639248 0.1844779
vt 0.9952593 0.1844779
vt 0.7837511 0.1374761
vt 0.9952593 0.1374761
vt 0.7837511 0.1923115
vt 0.9795921 0.1844779
vt 0.7524166 0.1374761
vt 0.9795921 0.1374761
vt 0.7524166 0.1844779
vt 0.7524166 0.1923115
vt 0.9795921 0.1374761
vt 0.7524166 0.1374761
vt 0.9795921 0.1923115
vt 0.7524166 0.1923115
vt 0.8464202 0.1374761
vt 0.7524166 0.1374761
vt 0.8425034 0.1923115
vt 0.7524166 0.1844779
vt 0.9952593 0.1374761
vt 0.7484998 0.1374761
vt 0.9952593 0.1844779
vt 0.7837511 0.1844779
vt 0.9952593 0.1374761
vt 0.7837511 0.1374761
vt 0.9952593 0.1844779
vt 0.9639248 0.1374761
vt 0.7524166 0.1844779
vt 0.7524166 0.1374761
vt 0.9639248 0.1844779
vt 0.7955016 0.1492265
vt 0.8111688 0.1335593
vt 0.8229193 0.1492265
vt 0.7876679 0.1335593
vt 0.8229193 0.1335593
vt 0.7524166 0.1453097
vt 0.7641671 0.1335593
vt 0.8229193 0.1453097
vt 0.7524166 0.1492265
vt 0.8150857 0.1374761
vt 0.8229193 0.1492265
vt 0.7524166 0.1374761
vt 0.7524166 0.1492265
vt 0.8150857 0.1335593
vt 0.8150857 0.1492265
vt 0.7524166 0.1335593
vt 0.7524166 0.1492265
vt 0.8150857 0.1335593
vt 0.8150857 0.1492265
vt 0.7524166 0.1335593
vt 0.8150857 0.1335593
vt 0.7524166 0.1492265
vt 0.7524166 0.1335593
vt 0.8033352 0.1492265
vt 0.7524166 0.1492265
vt 0.8229193 0.1374761
vt 0.8229193 0.1492265
vt 0.7641671 0.1374761
vt 0.8150857 0.1335593
vt 0.7602502 0.1453097
vt 0.7602502 0.1335593
vt 0.8033352 0.1453097
vt 0.7602502 0.1335593
vt 0.8150857 0.1492265
vt 0.7602502 0.1492265
vt 0.8033352 0.1335593
vt 0.7955016 0.1492265
vt 0.8111688 0.1335593
vt 0.7876679 0.1335593
vt 0.8229193 0.1492265
vt 0.8229193 0.1335593
vt 0.7524166 0.1453097
vt 0.8229193 0.1453097
vt 0.7641671 0.1335593
vt 0.7524166 0.1492265
vt 0.8150857 0.1374761
vt 0.7524166 0.1374761
vt 0.8229193 0.1492265
vt 0.7524166 0.1492265
vt 0.8150857 0.1335593
vt 0.7524166 0.1335593
vt 0.8150857 0.1492265
vt 0.7524166 0.1492265
vt 0.8150857 0.1335593
vt 0.7524166 0.1335593
vt 0.8150857 0.1492265
vt 0.8150857 0.1335593
vt 0.7524166 0.1492265
vt 0.8033352 0.1492265
vt 0.7524166 0.1335593
vt 0.7524166 0.1492265
vt 0.8229193 0.1374761
vt 0.7641671 0.1374761
vt 0.8229193 0.1492265
vt 0.8150857 0.1335593
vt 0.7602502 0.1453097
vt 0.8033352 0.1453097
vt 0.7602502 0.1335593
vt 0.7602502 0.1335593
vt 0.8150857 0.1492265
vt 0.8033352 0.1335593
vt 0.7602502 0.1492265
vt 0.07872381 0.4899898
vt 0.1688106 0.7289157
vt 0.07872381 0.7289157
vt 0.1688106 0.4899898
vt 0.2432302 0.7289157
vt 0.0003874367 0.4899898
vt 0.0003874367 0.7289157
vt 0.2432302 0.7289157
vt 0.2432302 0.4899898
vt 0.0003874367 0.4899898
vt 0.2432302 0.4899898
vt 0.0003874367 0.7289157
vt 0.0003874367 0.4899898
vt 0.2432302 0.4899898
vt 0.2432302 0.7289157
vt 0.0003874367 0.7289157
vt 0.2393134 0.4860729
vt 0.008221074 0.7289157
vt 0.2393134 0.7289157
vt 0.008221074 0.4899898
vt 0.0003874367 0.4860729
vt 0.247147 0.7289157
vt 0.0003874367 0.7289157
vt 0.247147 0.4860729
vt 0.0003874367 0.7289157
vt 0.2158124 0.4899898
vt 0.2158124 0.7289157
vt 0.0003874367 0.4899898
vt 0.0003874367 0.7289157
vt 0.2432302 0.4899898
vt 0.0003874367 0.4899898
vt 0.2432302 0.7289157
vt 0.0003874367 0.7289157
vt 0.2432302 0.4899898
vt 0.2432302 0.7289157
vt 0.0003874367 0.4899898
vt 0.0003874367 0.4899898
vt 0.2314797 0.7289157
vt 0.0003874367 0.7289157
vt 0.2314797 0.4899898
vt 0.07872381 0.4899898
vt 0.1688106 0.7289157
vt 0.1688106 0.4899898
vt 0.07872381 0.7289157
vt 0.2432302 0.7289157
vt 0.0003874367 0.4899898
vt 0.2432302 0.4899898
vt 0.0003874367 0.7289157
vt 0.2432302 0.4899898
vt 0.0003874367 0.7289157
vt 0.2432302 0.7289157
vt 0.0003874367 0.4899898
vt 0.2393134 0.4860729
vt 0.008221074 0.7289157
vt 0.008221074 0.4899898
vt 0.2393134 0.7289157
vt 0.0003874367 0.4860729
vt 0.247147 0.7289157
vt 0.247147 0.4860729
vt 0.0003874367 0.7289157
vt 0.0003874367 0.7289157
vt 0.2158124 0.4899898
vt 0.0003874367 0.4899898
vt 0.2158124 0.7289157
vt 0.0003874367 0.7289157
vt 0.2432302 0.4860729
vt 0.247147 0.7289157
vt 0.0003874367 0.4899898
vt 0.0003874367 0.7289157
vt 0.2432302 0.4899898
vt 0.0003874367 0.4899898
vt 0.2432302 0.7289157
vt 0.0003874367 0.4899898
vt 0.2314797 0.7289157
vt 0.2314797 0.4899898
vt 0.0003874367 0.7289157
vt 0.9717584 0.247147
vt 0.9795921 0.4077366
vt 0.9795921 0.247147
vt 0.9717584 0.4077366
vt 0.9795921 0.247147
vt 0.9717584 0.4077366
vt 0.9717584 0.247147
vt 0.9795921 0.4077366
vt 0.9717584 0.247147
vt 0.9795921 0.4077366
vt 0.9795921 0.247147
vt 0.9717584 0.4077366
vt 0.9795921 0.247147
vt 0.9717584 0.4077366
vt 0.9717584 0.247147
vt 0.9795921 0.4077366
vt 0.9717584 0.4077366
vt 0.9795921 0.247147
vt 0.9717584 0.247147
vt 0.9795921 0.4077366
vt 0.9795921 0.247147
vt 0.9717584 0.4077366
vt 0.9717584 0.247147
vt 0.9795921 0.4077366
vt 0.9795921 0.4077366
vt 0.9717584 0.3920693
vt 0.9717584 0.4077366
vt 0.9795921 0.3920693
vt 0.9717584 0.4077366
vt 0.9795921 0.3920693
vt 0.9795921 0.4077366
vt 0.9717584 0.3920693
vt 0.9795921 0.4077366
vt 0.9717584 0.3920693
vt 0.9717584 0.4077366
vt 0.9795921 0.3920693
vt 0.9717584 0.4077366
vt 0.9795921 0.3920693
vt 0.9795921 0.4077366
vt 0.9717584 0.3920693
vt 0.9795921 0.4077366
vt 0.9717584 0.3920693
vt 0.9717584 0.4077366
vt 0.9795921 0.3920693
vt 0.9717584 0.4077366
vt 0.9795921 0.3920693
vt 0.9795921 0.4077366
vt 0.9717584 0.3920693
vt 0.9717584 0.247147
vt 0.9795921 0.4077366
vt 0.9795921 0.247147
vt 0.9717584 0.4077366
vt 0.9795921 0.247147
vt 0.9717584 0.4077366
vt 0.9717584 0.247147
vt 0.9795921 0.4077366
vt 0.9717584 0.247147
vt 0.9795921 0.4077366
vt 0.9795921 0.247147
vt 0.9717584 0.4077366
vt 0.9795921 0.247147
vt 0.9717584 0.4077366
vt 0.9717584 0.247147
vt 0.9795921 0.4077366
vt 0.9717584 0.4077366
vt 0.9795921 0.247147
vt 0.9717584 0.247147
vt 0.9795921 0.4077366
vt 0.9795921 0.247147
vt 0.9717584 0.4077366
vt 0.9717584 0.247147
vt 0.9795921 0.4077366
vt 0.9795921 0.4077366
vt 0.9717584 0.3920693
vt 0.9717584 0.4077366
vt 0.9795921 0.3920693
vt 0.9717584 0.4077366
vt 0.9795921 0.3920693
vt 0.9795921 0.4077366
vt 0.9717584 0.3920693
vt 0.9795921 0.4077366
vt 0.9717584 0.3920693
vt 0.9717584 0.4077366
vt 0.9795921 0.3920693
vt 0.9717584 0.4077366
vt 0.9795921 0.3920693
vt 0.9795921 0.4077366
vt 0.9717584 0.3920693
vt 0.9795921 0.4077366
vt 0.9717584 0.3920693
vt 0.9717584 0.4077366
vt 0.9795921 0.3920693
vt 0.9717584 0.4077366
vt 0.9795921 0.3920693
vt 0.9795921 0.4077366
vt 0.9717584 0.3920693
vt 0.9717584 0.247147
vt 0.9795921 0.4077366
vt 0.9795921 0.247147
vt 0.9717584 0.4077366
vt 0.9795921 0.247147
vt 0.9717584 0.4077366
vt 0.9717584 0.247147
vt 0.9795921 0.4077366
vt 0.9717584 0.247147
vt 0.9795921 0.4077366
vt 0.9795921 0.247147
vt 0.9717584 0.4077366
vt 0.9795921 0.247147
vt 0.9717584 0.4077366
vt 0.9717584 0.247147
vt 0.9795921 0.4077366
vt 0.9717584 0.4077366
vt 0.9795921 0.247147
vt 0.9717584 0.247147
vt 0.9795921 0.4077366
vt 0.9795921 0.247147
vt 0.9717584 0.4077366
vt 0.9717584 0.247147
vt 0.9795921 0.4077366
vt 0.9795921 0.4077366
vt 0.9717584 0.3920693
vt 0.9717584 0.4077366
vt 0.9795921 0.3920693
vt 0.9717584 0.4077366
vt 0.9795921 0.3920693
vt 0.9795921 0.4077366
vt 0.9717584 0.3920693
vt 0.9795921 0.4077366
vt 0.9717584 0.3920693
vt 0.9717584 0.4077366
vt 0.9795921 0.3920693
vt 0.9717584 0.4077366
vt 0.9795921 0.3920693
vt 0.9795921 0.4077366
vt 0.9717584 0.3920693
vt 0.9795921 0.4077366
vt 0.9717584 0.3920693
vt 0.9717584 0.4077366
vt 0.9795921 0.3920693
vt 0.9717584 0.4077366
vt 0.9795921 0.3920693
vt 0.9795921 0.4077366
vt 0.9717584 0.3920693
vt 0.9717584 0.247147
vt 0.9795921 0.4077366
vt 0.9795921 0.247147
vt 0.9717584 0.4077366
vt 0.9795921 0.247147
vt 0.9717584 0.4077366
vt 0.9717584 0.247147
vt 0.9795921 0.4077366
vt 0.9717584 0.247147
vt 0.9795921 0.4077366
vt 0.9795921 0.247147
vt 0.9717584 0.4077366
vt 0.9795921 0.247147
vt 0.9717584 0.4077366
vt 0.9717584 0.247147
vt 0.9795921 0.4077366
vt 0.9717584 0.4077366
vt 0.9795921 0.247147
vt 0.9717584 0.247147
vt 0.9795921 0.4077366
vt 0.9795921 0.247147
vt 0.9717584 0.4077366
vt 0.9717584 0.247147
vt 0.9795921 0.4077366
vt 0.9795921 0.4077366
vt 0.9717584 0.3920693
vt 0.9717584 0.4077366
vt 0.9795921 0.3920693
vt 0.9717584 0.4077366
vt 0.9795921 0.3920693
vt 0.9795921 0.4077366
vt 0.9717584 0.3920693
vt 0.9795921 0.4077366
vt 0.9717584 0.3920693
vt 0.9717584 0.4077366
vt 0.9795921 0.3920693
vt 0.9717584 0.4077366
vt 0.9795921 0.3920693
vt 0.9795921 0.4077366
vt 0.9717584 0.3920693
vt 0.9795921 0.4077366
vt 0.9717584 0.3920693
vt 0.9717584 0.4077366
vt 0.9795921 0.3920693
vt 0.9717584 0.4077366
vt 0.9795921 0.3920693
vt 0.9795921 0.4077366
vt 0.9717584 0.3920693
vt 0.04738926 0.4899898
vt 0.06305654 0.7328325
vt 0.06305654 0.4899898
vt 0.04738926 0.7328325
vt 0.06305654 0.4899898
vt 0.07089017 0.7328325
vt 0.07089017 0.4899898
vt 0.06305654 0.7328325
vt 0.03563881 0.4899898
vt 0.04738926 0.7328325
vt 0.04738926 0.4899898
vt 0.03563881 0.7328325
vt 0.04738926 0.4899898
vt 0.06305654 0.7328325
vt 0.06305654 0.4899898
vt 0.04738926 0.7328325
vt 0.06305654 0.4899898
vt 0.07089017 0.7328325
vt 0.07089017 0.4899898
vt 0.06305654 0.7328325
vt 0.03563881 0.4899898
vt 0.04738926 0.7328325
vt 0.04738926 0.4899898
vt 0.03563881 0.7328325
vt 0.04738926 0.4899898
vt 0.06305654 0.7328325
vt 0.06305654 0.4899898
vt 0.04738926 0.7328325
vt 0.06305654 0.4899898
vt 0.07089017 0.7328325
vt 0.07089017 0.4899898
vt 0.06305654 0.7328325
vt 0.03563881 0.4899898
vt 0.04738926 0.7328325
vt 0.04738926 0.4899898
vt 0.03563881 0.7328325
vt 0.04738926 0.4899898
vt 0.06305654 0.7328325
vt 0.06305654 0.4899898
vt 0.04738926 0.7328325
vt 0.06305654 0.4899898
vt 0.07089017 0.7328325
vt 0.07089017 0.4899898
vt 0.06305654 0.7328325
vt 0.03563881 0.4899898
vt 0.04738926 0.7328325
vt 0.04738926 0.4899898
vt 0.03563881 0.7328325
vt 0.04738926 0.4899898
vt 0.06305654 0.7328325
vt 0.06305654 0.4899898
vt 0.04738926 0.7328325
vt 0.06305654 0.4899898
vt 0.07089017 0.7328325
vt 0.07089017 0.4899898
vt 0.06305654 0.7328325
vt 0.03563881 0.4899898
vt 0.04738926 0.7328325
vt 0.04738926 0.4899898
vt 0.03563881 0.7328325
vt 0.04738926 0.4899898
vt 0.06305654 0.7328325
vt 0.06305654 0.4899898
vt 0.04738926 0.7328325
vt 0.06305654 0.4899898
vt 0.07089017 0.7328325
vt 0.07089017 0.4899898
vt 0.06305654 0.7328325
vt 0.03563881 0.4899898
vt 0.04738926 0.7328325
vt 0.04738926 0.4899898
vt 0.03563881 0.7328325
vt 0.04738926 0.4899898
vt 0.06305654 0.7328325
vt 0.06305654 0.4899898
vt 0.04738926 0.7328325
vt 0.06305654 0.4899898
vt 0.07089017 0.7328325
vt 0.07089017 0.4899898
vt 0.06305654 0.7328325
vt 0.03563881 0.4899898
vt 0.04738926 0.7328325
vt 0.04738926 0.4899898
vt 0.03563881 0.7328325
vt 0.04738926 0.4899898
vt 0.06305654 0.7328325
vt 0.06305654 0.4899898
vt 0.04738926 0.7328325
vt 0.06305654 0.4899898
vt 0.07089017 0.7328325
vt 0.07089017 0.4899898
vt 0.06305654 0.7328325
vt 0.03563881 0.4899898
vt 0.04738926 0.7328325
vt 0.04738926 0.4899898
vt 0.03563881 0.7328325
vt 0.04738926 0.4899898
vt 0.06305654 0.7328325
vt 0.06305654 0.4899898
vt 0.04738926 0.7328325
vt 0.06305654 0.4899898
vt 0.07089017 0.7328325
vt 0.07089017 0.4899898
vt 0.06305654 0.7328325
vt 0.03563881 0.4899898
vt 0.04738926 0.7328325
vt 0.04738926 0.4899898
vt 0.03563881 0.7328325
vt 0.04738926 0.4899898
vt 0.06305654 0.7328325
vt 0.06305654 0.4899898
vt 0.04738926 0.7328325
vt 0.06305654 0.4899898
vt 0.07089017 0.7328325
vt 0.07089017 0.4899898
vt 0.06305654 0.7328325
vt 0.03563881 0.4899898
vt 0.04738926 0.7328325
vt 0.04738926 0.4899898
vt 0.03563881 0.7328325
vt 0.04738926 0.4899898
vt 0.06305654 0.7328325
vt 0.06305654 0.4899898
vt 0.04738926 0.7328325
vt 0.06305654 0.4899898
vt 0.07089017 0.7328325
vt 0.07089017 0.4899898
vt 0.06305654 0.7328325
vt 0.03563881 0.4899898
vt 0.04738926 0.7328325
vt 0.04738926 0.4899898
vt 0.03563881 0.7328325
vt 0.04738926 0.4899898
vt 0.06305654 0.7328325
vt 0.06305654 0.4899898
vt 0.04738926 0.7328325
vt 0.06305654 0.4899898
vt 0.07089017 0.7328325
vt 0.07089017 0.4899898
vt 0.06305654 0.7328325
vt 0.03563881 0.4899898
vt 0.04738926 0.7328325
vt 0.04738926 0.4899898
vt 0.03563881 0.7328325
vt 0.04738926 0.4899898
vt 0.06305654 0.7328325
vt 0.06305654 0.4899898
vt 0.04738926 0.7328325
vt 0.06305654 0.4899898
vt 0.07089017 0.7328325
vt 0.07089017 0.4899898
vt 0.06305654 0.7328325
vt 0.03563881 0.4899898
vt 0.04738926 0.7328325
vt 0.04738926 0.4899898
vt 0.03563881 0.7328325
vt 0.04738926 0.4899898
vt 0.06305654 0.7328325
vt 0.06305654 0.4899898
vt 0.04738926 0.7328325
vt 0.06305654 0.4899898
vt 0.07089017 0.7328325
vt 0.07089017 0.4899898
vt 0.06305654 0.7328325
vt 0.03563881 0.4899898
vt 0.04738926 0.7328325
vt 0.04738926 0.4899898
vt 0.03563881 0.7328325
vt 0.04738926 0.4899898
vt 0.06305654 0.7328325
vt 0.06305654 0.4899898
vt 0.04738926 0.7328325
vt 0.06305654 0.4899898
vt 0.07089017 0.7328325
vt 0.07089017 0.4899898
vt 0.06305654 0.7328325
vt 0.03563881 0.4899898
vt 0.04738926 0.7328325
vt 0.04738926 0.4899898
vt 0.03563881 0.7328325
vt 0.04738926 0.4899898
vt 0.06305654 0.7328325
vt 0.06305654 0.4899898
vt 0.04738926 0.7328325
vt 0.06305654 0.4899898
vt 0.07089017 0.7328325
vt 0.07089017 0.4899898
vt 0.06305654 0.7328325
vt 0.03563881 0.4899898
vt 0.04738926 0.7328325
vt 0.04738926 0.4899898
vt 0.03563881 0.7328325
vt 0.04738926 0.4899898
vt 0.06305654 0.7328325
vt 0.06305654 0.4899898
vt 0.04738926 0.7328325
vt 0.06305654 0.4899898
vt 0.07089017 0.7328325
vt 0.07089017 0.4899898
vt 0.06305654 0.7328325
vt 0.03563881 0.4899898
vt 0.04738926 0.7328325
vt 0.04738926 0.4899898
vt 0.03563881 0.7328325
vt 0.04738926 0.4899898
vt 0.06305654 0.7328325
vt 0.06305654 0.4899898
vt 0.04738926 0.7328325
vt 0.06305654 0.4899898
vt 0.07089017 0.7328325
vt 0.07089017 0.4899898
vt 0.06305654 0.7328325
vt 0.03563881 0.4899898
vt 0.04738926 0.7328325
vt 0.04738926 0.4899898
vt 0.03563881 0.7328325
vt 0.04738926 0.4899898
vt 0.06305654 0.7328325
vt 0.06305654 0.4899898
vt 0.04738926 0.7328325
vt 0.06305654 0.4899898
vt 0.07089017 0.7328325
vt 0.07089017 0.4899898
vt 0.06305654 0.7328325
vt 0.03563881 0.4899898
vt 0.04738926 0.7328325
vt 0.04738926 0.4899898
vt 0.03563881 0.7328325
vt 0.04738926 0.4899898
vt 0.06305654 0.7328325
vt 0.06305654 0.4899898
vt 0.04738926 0.7328325
vt 0.06305654 0.4899898
vt 0.07089017 0.7328325
vt 0.07089017 0.4899898
vt 0.06305654 0.7328325
vt 0.03563881 0.4899898
vt 0.04738926 0.7328325
vt 0.04738926 0.4899898
vt 0.03563881 0.7328325
vt 0.04738926 0.4899898
vt 0.06305654 0.7328325
vt 0.06305654 0.4899898
vt 0.04738926 0.7328325
vt 0.06305654 0.4899898
vt 0.07089017 0.7328325
vt 0.07089017 0.4899898
vt 0.06305654 0.7328325
vt 0.03563881 0.4899898
vt 0.04738926 0.7328325
vt 0.04738926 0.4899898
vt 0.03563881 0.7328325
vt 0.04738926 0.4899898
vt 0.06305654 0.7328325
vt 0.06305654 0.4899898
vt 0.04738926 0.7328325
vt 0.06305654 0.4899898
vt 0.07089017 0.7328325
vt 0.07089017 0.4899898
vt 0.06305654 0.7328325
vt 0.03563881 0.4899898
vt 0.04738926 0.7328325
vt 0.04738926 0.4899898
vt 0.03563881 0.7328325
vt 0.04738926 0.4899898
vt 0.06305654 0.7328325
vt 0.06305654 0.4899898
vt 0.04738926 0.7328325
vt 0.06305654 0.4899898
vt 0.07089017 0.7328325
vt 0.07089017 0.4899898
vt 0.06305654 0.7328325
vt 0.03563881 0.4899898
vt 0.04738926 0.7328325
vt 0.04738926 0.4899898
vt 0.03563881 0.7328325
vt 0.04738926 0.4899898
vt 0.06305654 0.7328325
vt 0.06305654 0.4899898
vt 0.04738926 0.7328325
vt 0.06305654 0.4899898
vt 0.07089017 0.7328325
vt 0.07089017 0.4899898
vt 0.06305654 0.7328325
vt 0.03563881 0.4899898
vt 0.04738926 0.7328325
vt 0.04738926 0.4899898
vt 0.03563881 0.7328325
vt 0.04738926 0.4899898
vt 0.06305654 0.7328325
vt 0.06305654 0.4899898
vt 0.04738926 0.7328325
vt 0.06305654 0.4899898
vt 0.07089017 0.7328325
vt 0.07089017 0.4899898
vt 0.06305654 0.7328325
vt 0.03563881 0.4899898
vt 0.04738926 0.7328325
vt 0.04738926 0.4899898
vt 0.03563881 0.7328325
vt 0.04738926 0.4899898
vt 0.06305654 0.7328325
vt 0.06305654 0.4899898
vt 0.04738926 0.7328325
vt 0.06305654 0.4899898
vt 0.07089017 0.7328325
vt 0.07089017 0.4899898
vt 0.06305654 0.7328325
vt 0.03563881 0.4899898
vt 0.04738926 0.7328325
vt 0.04738926 0.4899898
vt 0.03563881 0.7328325
vt 0.04738926 0.4899898
vt 0.06305654 0.7328325
vt 0.06305654 0.4899898
vt 0.04738926 0.7328325
vt 0.06305654 0.4899898
vt 0.07089017 0.7328325
vt 0.07089017 0.4899898
vt 0.06305654 0.7328325
vt 0.03563881 0.4899898
vt 0.04738926 0.7328325
vt 0.04738926 0.4899898
vt 0.03563881 0.7328325
vt 0.04738926 0.4899898
vt 0.06305654 0.7328325
vt 0.06305654 0.4899898
vt 0.04738926 0.7328325
vt 0.06305654 0.4899898
vt 0.07089017 0.7328325
vt 0.07089017 0.4899898
vt 0.06305654 0.7328325
vt 0.03563881 0.4899898
vt 0.04738926 0.7328325
vt 0.04738926 0.4899898
vt 0.03563881 0.7328325
vt 0.8738379 0.2588975
vt 0.9286734 0.3098161
vt 0.9286734 0.2588975
vt 0.8738379 0.3098161
vt 0.7837511 0.07089017
vt 0.8895052 0.008221074
vt 0.8895052 0.07089017
vt 0.7837511 0.008221074
vt 0.8738379 0.3098161
vt 0.8033352 0.2588975
vt 0.8229193 0.3098161
vt 0.850337 0.2588975
vt 0.8033352 0.3098161
vt 0.8738379 0.2588975
vt 0.9639248 0.2745647
vt 0.8268362 0.2549806
vt 0.8229193 0.2745647
vt 0.9482575 0.2549806
vt 0.9913425 0.2784815
vt 0.7484998 0.2588975
vt 0.7484998 0.2784815
vt 0.9756752 0.2588975
vt 0.916923 0.08655745
vt 0.8033352 0.1100584
vt 0.8033352 0.08655745
vt 0.916923 0.1100584
vt 0.916923 0.01605471
vt 0.8033352 0.01605471
vt 0.8777548 0.3098161
vt 0.8385866 0.2588975
vt 0.8385866 0.3098161
vt 0.8777548 0.2588975
vt 0.9286734 0.3098161
vt 0.9286734 0.2588975
vt 0.9639248 0.2549806
vt 0.8268362 0.2745647
vt 0.9639248 0.2745647
vt 0.8425034 0.2549806
vt 0.8111688 0.3098161
vt 0.8385866 0.2588975
vt 0.8111688 0.2588975
vt 0.8385866 0.3098161
vt 0.7837511 0.1100584
vt 0.9286734 0.07872381
vt 0.9286734 0.1100584
vt 0.7837511 0.07872381
vt 0.7837511 0.1100584
vt 0.9286734 0.03955562
vt 0.7837511 0.03955562
vt 0.9286734 0.1100584
vt 0.9678416 0.07089017
vt 0.7759175 0.09439109
vt 0.9678416 0.09439109
vt 0.7759175 0.07089017
vt 0.9286734 0.04347244
vt 0.7837511 0.1022247
vt 0.9286734 0.1022247
vt 0.7837511 0.04347244
vt 0.7798343 0.2588975
vt 0.9756752 0.2745647
vt 0.9913425 0.2588975
vt 0.7798343 0.2745647
vt 0.7837511 0.1061415
vt 0.8895052 0.04347244
vt 0.8895052 0.1061415
vt 0.7837511 0.04347244
vt 0.9286734 0.1022247
vt 0.7837511 0.04347244
vt 0.9286734 0.04347244
vt 0.7837511 0.1022247
vt 0.936507 0.2784815
vt 0.8738379 0.2549806
vt 0.8738379 0.2784815
vt 0.936507 0.2549806
vt 0.8738379 0.3450675
vt 0.936507 0.3450675
vt 0.8111688 0.2980656
vt 0.8738379 0.3685684
vt 0.8111688 0.3685684
vt 0.8738379 0.2980656
vt 0.8111688 0.3685684
vt 0.8738379 0.2980656
vt 0.8111688 0.2980656
vt 0.8738379 0.3685684
vt 0.8738379 0.2588975
vt 0.9286734 0.3098161
vt 0.8738379 0.3098161
vt 0.9286734 0.2588975
vt 0.7837511 0.07089017
vt 0.8895052 0.008221074
vt 0.7837511 0.008221074
vt 0.8895052 0.07089017
vt 0.8738379 0.3098161
vt 0.8033352 0.2588975
vt 0.850337 0.2588975
vt 0.8229193 0.3098161
vt 0.8033352 0.3098161
vt 0.8738379 0.2588975
vt 0.9639248 0.2745647
vt 0.8268362 0.2549806
vt 0.9482575 0.2549806
vt 0.8229193 0.2745647
vt 0.9913425 0.2784815
vt 0.7484998 0.2588975
vt 0.9756752 0.2588975
vt 0.7484998 0.2784815
vt 0.916923 0.08655745
vt 0.8033352 0.1100584
vt 0.916923 0.1100584
vt 0.8033352 0.08655745
vt 0.916923 0.01605471
vt 0.8033352 0.01605471
vt 0.8777548 0.3098161
vt 0.8385866 0.2588975
vt 0.8777548 0.2588975
vt 0.8385866 0.3098161
vt 0.9286734 0.3098161
vt 0.9286734 0.2588975
vt 0.9639248 0.2549806
vt 0.8268362 0.2745647
vt 0.8425034 0.2549806
vt 0.9639248 0.2745647
vt 0.8111688 0.3098161
vt 0.8385866 0.2588975
vt 0.8385866 0.3098161
vt 0.8111688 0.2588975
vt 0.7837511 0.1100584
vt 0.9286734 0.07872381
vt 0.7837511 0.07872381
vt 0.9286734 0.1100584
vt 0.7837511 0.1100584
vt 0.9286734 0.03955562
vt 0.9286734 0.1100584
vt 0.7837511 0.03955562
vt 0.9678416 0.07089017
vt 0.7759175 0.09439109
vt 0.7759175 0.07089017
vt 0.9678416 0.09439109
vt 0.9286734 0.04347244
vt 0.7837511 0.1022247
vt 0.7837511 0.04347244
vt 0.9286734 0.1022247
vt 0.7798343 0.2588975
vt 0.9756752 0.2745647
vt 0.7798343 0.2745647
vt 0.9913425 0.2588975
vt 0.7837511 0.1061415
vt 0.8895052 0.04347244
vt 0.7837511 0.04347244
vt 0.8895052 0.1061415
vt 0.9286734 0.1022247
vt 0.7837511 0.04347244
vt 0.7837511 0.1022247
vt 0.9286734 0.04347244
vt 0.936507 0.2784815
vt 0.8738379 0.2549806
vt 0.936507 0.2549806
vt 0.8738379 0.2784815
vt 0.8738379 0.3450675
vt 0.936507 0.3450675
vt 0.8111688 0.2980656
vt 0.8738379 0.3685684
vt 0.8738379 0.2980656
vt 0.8111688 0.3685684
vt 0.8111688 0.3685684
vt 0.8738379 0.2980656
vt 0.8738379 0.3685684
vt 0.8111688 0.2980656
vt 0.8738379 0.3372338
vt 0.7524166 0.3920693
vt 0.8738379 0.3920693
vt 0.7524166 0.3372338
vt 0.9952593 0.3372338
vt 0.9952593 0.3920693
vt 0.9952593 0.3920693
vt 0.7524166 0.3294002
vt 0.7524166 0.3920693
vt 0.9952593 0.3294002
vt 0.9952593 0.3999029
vt 0.7524166 0.3294002
vt 0.7524166 0.3999029
vt 0.9952593 0.3294002
vt 0.9952593 0.3920693
vt 0.9286734 0.3294002
vt 0.936507 0.3999029
vt 0.9913425 0.3294002
vt 0.8777548 0.3294002
vt 0.8777548 0.3724852
vt 0.850337 0.3724852
vt 0.7524166 0.3294002
vt 0.9952593 0.3098161
vt 0.7524166 0.4116534
vt 0.9952593 0.4116534
vt 0.9130061 0.3098161
vt 0.8738379 0.3372338
vt 0.7524166 0.3920693
vt 0.7524166 0.3372338
vt 0.8738379 0.3920693
vt 0.9952593 0.3372338
vt 0.9952593 0.3920693
vt 0.9952593 0.3920693
vt 0.7524166 0.3294002
vt 0.9952593 0.3294002
vt 0.7524166 0.3920693
vt 0.9952593 0.3999029
vt 0.7524166 0.3294002
vt 0.9952593 0.3294002
vt 0.7524166 0.3999029
vt 0.9952593 0.3920693
vt 0.9286734 0.3294002
vt 0.9913425 0.3294002
vt 0.936507 0.3999029
vt 0.8777548 0.3294002
vt 0.8777548 0.3724852
vt 0.850337 0.3724852
vt 0.7524166 0.3294002
vt 0.9952593 0.3098161
vt 0.7524166 0.4116534
vt 0.9130061 0.3098161
vt 0.9952593 0.4116534
vn 0.01587099 0.999874 -0.000345267
vn 0.01587099 0.999874 -0.000345267
vn 0.01587099 0.999874 -0.000345267
vn 0.01587099 0.999874 -0.000345267
vn 0.04761302 -0.04761302 -0.9977304
vn 0.04761302 -0.04761302 -0.9977304
vn 0.04761302 -0.04761302 -0.9977304
vn 0.04761302 -0.04761302 -0.9977304
vn 0.04761302 -0.04761302 0.9977304
vn 0.04761302 -0.04761302 0.9977304
vn 0.04761302 -0.04761302 0.9977304
vn 0.04761302 -0.04761302 0.9977304
vn -0.999874 -0.01587099 -0.000346655
vn -0.999874 -0.01587099 -0.000346655
vn -0.999874 -0.01587099 -0.000346655
vn -0.999874 -0.01587099 -0.000346655
vn 0.01587099 0.999874 -0.000345267
vn 0.01587099 0.999874 -0.000345267
vn 0.01587099 0.999874 -0.000345267
vn 0.01587099 0.999874 -0.000345267
vn 0.01587099 0.999874 -0.000345267
vn 0.01587099 0.999874 -0.000345267
vn -0.999874 -0.01587099 -0.000346655
vn -0.999874 -0.01587099 -0.000346655
vn -0.999874 -0.01587099 -0.000346655
vn -0.999874 -0.01587099 -0.000346655
vn 0.01587099 0.999874 -0.000345267
vn 0.01587099 0.999874 -0.000345267
vn 0.01587099 0.999874 -0.000345267
vn 0.01587099 0.999874 -0.000345267
vn 0.04761302 -0.04761302 -0.9977304
vn 0.04761302 -0.04761302 -0.9977304
vn 0.04761302 -0.04761302 -0.9977304
vn 0.04761302 -0.04761302 -0.9977304
vn 0.04761302 -0.04761302 0.9977304
vn 0.04761302 -0.04761302 0.9977304
vn 0.04761302 -0.04761302 0.9977304
vn 0.04761302 -0.04761302 0.9977304
vn 0.999874 -0.01587099 -0.000346655
vn 0.999874 -0.01587099 -0.000346655
vn 0.999874 -0.01587099 -0.000346655
vn 0.999874 -0.01587099 -0.000346655
vn 0.01587099 0.999874 -0.000345267
vn 0.01587099 0.999874 -0.000345267
vn 0.01587099 0.999874 -0.000345267
vn 0.01587099 0.999874 -0.000345267
vn 0.01587099 0.999874 -0.000345267
vn 0.01587099 0.999874 -0.000345267
vn 0.999874 -0.01587099 -0.000346655
vn 0.999874 -0.01587099 -0.000346655
vn 0.999874 -0.01587099 -0.000346655
vn 0.999874 -0.01587099 -0.000346655
vn 0.01587099 0.999874 -0.000345267
vn 0.01587099 0.999874 -0.000345267
vn 0.01587099 0.999874 -0.000345267
vn 0.01587099 0.999874 -0.000345267
vn 0.01587099 0.999874 -0.000345267
vn 0.01587099 0.999874 -0.000345267
vn 0.01587099 0.999874 -0.000345267
vn 0.01587099 0.999874 -0.000345267
vn 0.01587099 0.999874 -0.000345267
vn 0.01587099 0.999874 -0.000345267
vn 0.01587099 0.999874 -0.000345267
vn 0.01587099 0.999874 -0.000345267
vn 0.01587099 0.999874 -0.000345267
vn 0.01587099 0.999874 -0.000345267
vn 0.01587099 0.999874 -0.000345267
vn 0.01587099 0.999874 -0.000345267
vn 0.01587099 0.999874 -0.000345267
vn 0.01587099 0.999874 -0.000345267
vn 0.01587099 0.999874 -0.000345267
vn 0.01587099 0.999874 -0.000345267
vn 0.01587099 0.999874 -0.000345267
vn 0.01587099 0.999874 -0.000345267
vn 0.01587099 0.999874 -0.000345267
vn 0.01587099 0.999874 -0.000345267
vn 0.01587099 0.999874 -0.000345267
vn 0.01587099 0.999874 -0.000345267
vn 0.01587099 0.999874 -0.000345267
vn 0.01587099 0.999874 -0.000345267
vn 0.01587099 0.999874 -0.000345267
vn 0.01587099 0.999874 -0.000345267
vn 0.01587099 0.999874 -0.000345267
vn 0.01587099 0.999874 -0.000345267
vn 0.01587099 0.999874 -0.000345267
vn 0.01587099 0.999874 -0.000345267
vn 0.01587099 0.999874 -0.000345267
vn 0.01587099 0.999874 -0.000345267
vn 0.01587099 0.999874 -0.000345267
vn 0.01587099 0.999874 -0.000345267
vn 0.01587099 0.999874 -0.000345267
vn 0.01587099 0.999874 -0.000345267
vn 0.01587099 0.999874 -0.000345267
vn 0.01587099 0.999874 -0.000345267
vn 0.01587099 0.999874 -0.000345267
vn 0.01587099 0.999874 -0.000345267
vn 0.01587099 0.999874 -0.000345267
vn 0.01587099 0.999874 -0.000345267
vn 0.01587099 0.999874 -0.000345267
vn 0.01587099 0.999874 -0.000345267
vn 0.01587099 0.999874 -0.000345267
vn 0.01587099 0.999874 -0.000345267
vn 0.01587099 0.999874 -0.000345267
vn 0.01587099 0.999874 -0.000345267
vn 0.01587099 0.999874 -0.000345267
vn 0.01587099 0.999874 -0.000345267
vn 0.01587099 0.999874 -0.000345267
vn 0.01587099 0.999874 -0.000345267
vn 0.01587099 0.999874 -0.000345267
vn 0.01587099 0.999874 -0.000345267
vn 0.01587099 0.999874 -0.000345267
vn 0.01587099 0.999874 -0.000345267
vn 0.01587099 0.999874 -0.000345267
vn 0.01587099 0.999874 -0.000345267
vn 0.01587099 0.999874 -0.000345267
vn 0.01587099 0.999874 -0.000345267
vn 0.01587099 0.999874 -0.000345267
vn 0.01587099 0.999874 -0.000345267
vn 0.01587099 0.999874 -0.000345267
vn 0.01587099 0.999874 -0.000345267
vn 0.01587099 0.999874 -0.000345267
vn 0.01587099 0.999874 -0.000345267
vn 0.01587099 0.999874 -0.000345267
vn 0.01587099 0.999874 -0.000345267
vn 0.9899495 -0.1414213 0
vn 0.999874 -0.01587099 -0.000346655
vn 0.9899495 -0.1414213 0
vn 0.999874 -0.01587099 -0.000346655
vn 0.999874 -0.01587099 -0.000346655
vn 0.9988682 -0.04756513 0
vn 0.9046479 0.3967754 -0.155504
vn 0.9046479 0.3967754 -0.155504
vn 0.04761302 -0.3015493 -0.952261
vn 0.04761302 -0.04761302 -0.9977304
vn 0.04761302 -0.3015493 -0.952261
vn 0.04761302 -0.04761302 -0.9977304
vn 0.04761302 -0.04761302 -0.9977304
vn 0.04761302 -0.04761302 -0.9977304
vn 0.04761302 -0.2063232 0.9773248
vn 0.04761302 -0.04761302 0.9977304
vn 0.04761302 -0.1745812 0.9834909
vn 0.04761302 -0.04761302 0.9977304
vn 0.04761302 -0.04761302 0.9977304
vn 0.04761302 0.01587105 0.9987398
vn 0.04761302 0.5872276 0.8080203
vn 0.04761302 0.5872276 0.8080203
vn 0.04761302 -0.3015493 -0.952261
vn 0.04761302 -0.04761302 -0.9977304
vn 0.04761302 -0.3015493 -0.952261
vn 0.04761302 -0.04761302 -0.9977304
vn 0.04761302 -0.04761302 -0.9977304
vn 0.04761302 -0.04761302 -0.9977304
vn 0.04761302 -0.3332914 0.9416209
vn 0.04761302 -0.04761302 0.9977304
vn 0.04761302 -0.3015493 0.952261
vn 0.04761302 -0.04761302 0.9977304
vn 0.04761302 -0.07935506 0.9957087
vn 0.04761302 -0.04761302 0.9977304
vn 0.04761302 0.7459378 0.6643115
vn 0.04761302 0.7459378 0.6643115
vn 0.9850967 -0.172001 0
vn 0.999874 -0.01587099 -0.000346655
vn 0.9728062 -0.2316205 0
vn 0.999874 -0.01587099 -0.000346655
vn 0.999874 -0.01587099 -0.000346655
vn 0.9988682 -0.04756513 0
vn 0.7776798 0.6189697 -0.1099576
vn 0.7776798 0.6189697 -0.1099576
vn 0.9899495 -0.1414213 0
vn 0.999874 -0.01587099 -0.000346655
vn 0.9899495 -0.1414213 0
vn 0.999874 -0.01587099 -0.000346655
vn 0.9988682 -0.04756513 0
vn 0.999874 -0.01587099 -0.000346655
vn 0.9046479 0.3967754 -0.155504
vn 0.9046479 0.3967754 -0.155504
vn 0.04761302 -0.2380652 0.9700814
vn 0.04761302 -0.04761302 0.9977304
vn 0.04761302 -0.2063232 0.9773248
vn 0.04761302 -0.04761302 0.9977304
vn 0.04761302 -0.07935506 0.9957087
vn 0.04761302 -0.04761302 0.9977304
vn 0.04761302 0.5872276 0.8080203
vn 0.04761302 0.5872276 0.8080203
vn 0.04761302 -0.04761302 -0.9977304
vn 0.04761302 -0.3332914 -0.9416209
vn 0.04761302 -0.3015493 -0.952261
vn 0.04761302 -0.04761302 -0.9977304
vn 0.04761302 -0.04761302 -0.9977304
vn 0.04761302 -0.07935506 -0.9957087
vn 0.04761302 0.7459378 -0.6643115
vn 0.04761302 -0.04761302 -0.9977304
vn 0.04761302 0.7459378 -0.6643115
vn 0.04761302 -0.04761302 -0.9977304
vn 0.04761302 0.7459378 -0.6643115
vn 0.04761302 -0.04761302 -0.9977304
vn 0.04761302 0.7459378 -0.6643115
vn 0.04761302 -0.04761302 -0.9977304
vn 0.04761302 -0.07935506 -0.9957087
vn 0.04761302 0.7459378 -0.6643115
vn 0.04761302 -0.04761302 -0.9977304
vn 0.04761302 0.7459378 -0.6643115
vn -0.968132 -0.1745812 -0.1795601
vn -0.999874 -0.01587099 -0.000346655
vn -0.999874 -0.01587099 -0.000346655
vn -0.968132 -0.1745812 -0.1795601
vn -0.999874 -0.01587099 -0.000346655
vn -0.968132 -0.07935506 -0.2375357
vn -0.8729059 0.4285175 -0.2332556
vn -0.8729059 0.4285175 -0.2332556
vn 0.04761302 -0.3015493 -0.952261
vn 0.04761302 -0.04761302 -0.9977304
vn 0.04761302 -0.04761302 -0.9977304
vn 0.04761302 -0.3015493 -0.952261
vn 0.04761302 -0.04761302 -0.9977304
vn 0.04761302 -0.04761302 -0.9977304
vn 0.04761302 -0.2063232 0.9773248
vn 0.04761302 -0.04761302 0.9977304
vn 0.04761302 -0.04761302 0.9977304
vn 0.04761302 -0.1745812 0.9834909
vn 0.04761302 -0.04761302 0.9977304
vn 0.04761302 0.01587105 0.9987398
vn 0.04761302 0.5872276 0.8080203
vn 0.04761302 0.5872276 0.8080203
vn 0.04761302 -0.3015493 -0.952261
vn 0.04761302 -0.04761302 -0.9977304
vn 0.04761302 -0.04761302 -0.9977304
vn 0.04761302 -0.3015493 -0.952261
vn 0.04761302 -0.04761302 -0.9977304
vn 0.04761302 -0.04761302 -0.9977304
vn 0.04761302 -0.3332914 0.9416209
vn 0.04761302 -0.04761302 0.9977304
vn 0.04761302 -0.04761302 0.9977304
vn 0.04761302 -0.3015493 0.952261
vn 0.04761302 -0.07935506 0.9957087
vn 0.04761302 -0.04761302 0.9977304
vn 0.04761302 0.7459378 0.6643115
vn 0.04761302 0.7459378 0.6643115
vn -0.968132 -0.2063232 -0.1419548
vn -0.999874 -0.01587099 -0.000346655
vn -0.999874 -0.01587099 -0.000346655
vn -0.9632913 -0.2684582 0
vn -0.968132 0.01587105 -0.249937
vn -0.968132 -0.07935506 -0.2375357
vn -0.7459378 0.6507117 -0.1419546
vn -0.7459378 0.6507117 -0.1419546
vn -0.968132 -0.1745812 -0.1795601
vn -0.999874 -0.01587099 -0.000346655
vn -0.999874 -0.01587099 -0.000346655
vn -0.968132 -0.1745812 -0.1795601
vn -0.968132 -0.07935506 -0.2375357
vn -0.999874 -0.01587099 -0.000346655
vn -0.8729059 0.4285175 -0.2332556
vn -0.8729059 0.4285175 -0.2332556
vn 0.04761302 -0.2380652 0.9700814
vn 0.04761302 -0.04761302 0.9977304
vn 0.04761302 -0.04761302 0.9977304
vn 0.04761302 -0.2063232 0.9773248
vn 0.04761302 -0.07935506 0.9957087
vn 0.04761302 -0.04761302 0.9977304
vn 0.04761302 0.5872276 0.8080203
vn 0.04761302 0.5872276 0.8080203
vn 0.04761302 -0.04761302 -0.9977304
vn 0.04761302 -0.3332914 -0.9416209
vn 0.04761302 -0.04761302 -0.9977304
vn 0.04761302 -0.3015493 -0.952261
vn 0.04761302 -0.04761302 -0.9977304
vn 0.04761302 -0.07935506 -0.9957087
vn 0.04761302 0.7459378 -0.6643115
vn 0.04761302 -0.04761302 -0.9977304
vn 0.04761302 -0.04761302 -0.9977304
vn 0.04761302 0.7459378 -0.6643115
vn 0.04761302 0.7459378 -0.6643115
vn 0.04761302 -0.04761302 -0.9977304
vn 0.04761302 -0.04761302 -0.9977304
vn 0.04761302 0.7459378 -0.6643115
vn 0.04761302 -0.07935506 -0.9957087
vn 0.04761302 0.7459378 -0.6643115
vn 0.04761302 0.7459378 -0.6643115
vn 0.04761302 -0.04761302 -0.9977304
vn 0.01587099 -0.999874 -0.000345267
vn 0.01587099 -0.999874 -0.000345267
vn 0.01587099 -0.999874 -0.000345267
vn 0.01587099 -0.999874 -0.000345267
vn 0.01587099 -0.999874 -0.000345267
vn 0.01587099 -0.999874 -0.000345267
vn 0.01587099 -0.999874 -0.000345267
vn 0.01587099 -0.999874 -0.000345267
vn 0.01587099 -0.999874 -0.000345267
vn 0.01587099 -0.999874 -0.000345267
vn 0.01587099 -0.999874 -0.000345267
vn 0.01587099 -0.999874 -0.000345267
vn 0.01587099 -0.999874 -0.000345267
vn 0.01587099 -0.999874 -0.000345267
vn 0.01587099 -0.999874 -0.000345267
vn 0.01587099 -0.999874 -0.000345267
vn 0.01587099 -0.999874 -0.000345267
vn 0.01587099 -0.999874 -0.000345267
vn 0.01587099 -0.999874 -0.000345267
vn 0.01587099 -0.999874 -0.000345267
vn 0.01587099 -0.999874 -0.000345267
vn 0.01587099 -0.999874 -0.000345267
vn 0.01587099 -0.999874 -0.000345267
vn 0.01587099 -0.999874 -0.000345267
vn 0.01587099 -0.999874 -0.000345267
vn 0.01587099 -0.999874 -0.000345267
vn 0.01587099 -0.999874 -0.000345267
vn 0.01587099 -0.999874 -0.000345267
vn 0.01587099 -0.999874 -0.000345267
vn 0.01587099 -0.999874 -0.000345267
vn 0.01587099 -0.999874 -0.000345267
vn 0.01587099 -0.999874 -0.000345267
vn 0.01587099 -0.999874 -0.000345267
vn 0.01587099 -0.999874 -0.000345267
vn 0.01587099 -0.999874 -0.000345267
vn 0.01587099 -0.999874 -0.000345267
vn 0.01587099 -0.999874 -0.000345267
vn 0.01587099 -0.999874 -0.000345267
vn 0.01587099 -0.999874 -0.000345267
vn 0.01587099 -0.999874 -0.000345267
vn 0.01587099 -0.999874 -0.000345267
vn 0.01587099 -0.999874 -0.000345267
vn 0.01587099 -0.999874 -0.000345267
vn 0.01587099 -0.999874 -0.000345267
vn 0.01587099 -0.999874 -0.000345267
vn 0.01587099 -0.999874 -0.000345267
vn 0.01587099 -0.999874 -0.000345267
vn 0.01587099 -0.999874 -0.000345267
vn 0.01587099 -0.999874 -0.000345267
vn 0.01587099 -0.999874 -0.000345267
vn 0.01587099 -0.999874 -0.000345267
vn 0.01587099 -0.999874 -0.000345267
vn 0.01587099 -0.999874 -0.000345267
vn 0.01587099 -0.999874 -0.000345267
vn 0.01587099 -0.999874 -0.000345267
vn 0.01587099 -0.999874 -0.000345267
vn 0.01587099 -0.999874 -0.000345267
vn 0.01587099 -0.999874 -0.000345267
vn 0.01587099 -0.999874 -0.000345267
vn 0.01587099 -0.999874 -0.000345267
vn 0.01587099 -0.999874 -0.000345267
vn 0.01587099 -0.999874 -0.000345267
vn 0.01587099 -0.999874 -0.000345267
vn 0.01587099 -0.999874 -0.000345267
vn 0.01587099 -0.999874 -0.000345267
vn 0.01587099 -0.999874 -0.000345267
vn 0.01587099 -0.999874 -0.000345267
vn 0.01587099 -0.999874 -0.000345267
vn 0.01587099 -0.999874 -0.000345267
vn 0.01587099 -0.999874 -0.000345267
vn 0.01587099 -0.999874 -0.000345267
vn 0.01587099 -0.999874 -0.000345267
vn 0.999874 -0.01587099 -0.000346655
vn 0.999874 -0.01587099 -0.000346655
vn 0.999874 -0.01587099 -0.000346655
vn 0.999874 -0.01587099 -0.000346655
vn 0.04761302 -0.04761302 0.9977304
vn 0.04761302 -0.04761302 0.9977304
vn 0.04761302 -0.04761302 0.9977304
vn 0.04761302 -0.04761302 0.9977304
vn 0.999874 -0.01587099 -0.000346655
vn 0.999874 -0.01587099 -0.000346655
vn 0.999874 -0.01587099 -0.000346655
vn 0.999874 -0.01587099 -0.000346655
vn 0.04761302 -0.04761302 -0.9977304
vn 0.04761302 -0.04761302 -0.9977304
vn 0.04761302 -0.04761302 -0.9977304
vn 0.04761302 -0.04761302 -0.9977304
vn 0.04761302 -0.04761302 -0.9977304
vn 0.04761302 -0.04761302 -0.9977304
vn 0.04761302 -0.04761302 -0.9977304
vn 0.04761302 -0.04761302 -0.9977304
vn 0.04761302 -0.04761302 0.9977304
vn 0.04761302 -0.04761302 0.9977304
vn 0.04761302 -0.04761302 0.9977304
vn 0.04761302 -0.04761302 0.9977304
vn 0.999874 -0.01587099 -0.000346655
vn 0.999874 -0.01587099 -0.000346655
vn 0.999874 -0.01587099 -0.000346655
vn 0.999874 -0.01587099 -0.000346655
vn 0.04761302 -0.04761302 0.9977304
vn 0.04761302 -0.04761302 0.9977304
vn 0.04761302 -0.04761302 0.9977304
vn 0.04761302 -0.04761302 0.9977304
vn 0.04761302 -0.04761302 -0.9977304
vn 0.04761302 -0.04761302 -0.9977304
vn 0.04761302 -0.04761302 -0.9977304
vn 0.04761302 -0.04761302 -0.9977304
vn -0.999874 -0.01587099 -0.000346655
vn -0.999874 -0.01587099 -0.000346655
vn -0.999874 -0.01587099 -0.000346655
vn -0.999874 -0.01587099 -0.000346655
vn 0.04761302 -0.04761302 0.9977304
vn 0.04761302 -0.04761302 0.9977304
vn 0.04761302 -0.04761302 0.9977304
vn 0.04761302 -0.04761302 0.9977304
vn -0.999874 -0.01587099 -0.000346655
vn -0.999874 -0.01587099 -0.000346655
vn -0.999874 -0.01587099 -0.000346655
vn -0.999874 -0.01587099 -0.000346655
vn 0.04761302 -0.04761302 -0.9977304
vn 0.04761302 -0.04761302 -0.9977304
vn 0.04761302 -0.04761302 -0.9977304
vn 0.04761302 -0.04761302 -0.9977304
vn 0.04761302 -0.04761302 -0.9977304
vn 0.04761302 -0.04761302 -0.9977304
vn 0.04761302 -0.04761302 -0.9977304
vn 0.04761302 -0.04761302 -0.9977304
vn 0.04761302 -0.04761302 0.9977304
vn 0.04761302 -0.04761302 0.9977304
vn 0.04761302 -0.04761302 0.9977304
vn 0.04761302 -0.04761302 0.9977304
vn -0.999874 -0.01587099 -0.000346655
vn -0.999874 -0.01587099 -0.000346655
vn -0.999874 -0.01587099 -0.000346655
vn -0.999874 -0.01587099 -0.000346655
vn 0.04761302 -0.04761302 0.9977304
vn 0.04761302 -0.04761302 0.9977304
vn 0.04761302 -0.04761302 0.9977304
vn 0.04761302 -0.04761302 0.9977304
vn 0.04761302 -0.04761302 -0.9977304
vn 0.04761302 -0.04761302 -0.9977304
vn 0.04761302 -0.04761302 -0.9977304
vn 0.04761302 -0.04761302 -0.9977304
vn 0.01587099 0.999874 -0.000345267
vn 0.01587099 0.999874 -0.000345267
vn 0.01587099 0.999874 -0.000345267
vn 0.01587099 0.999874 -0.000345267
vn 0.01587099 0.999874 -0.000345267
vn 0.01587099 0.999874 -0.000345267
vn 0.01587099 0.999874 -0.000345267
vn 0.01587099 0.999874 -0.000345267
vn 0.01587099 0.999874 -0.000345267
vn 0.01587099 0.999874 -0.000345267
vn 0.01587099 0.999874 -0.000345267
vn 0.01587099 0.999874 -0.000345267
vn 0.01587099 0.999874 -0.000345267
vn 0.01587099 0.999874 -0.000345267
vn 0.01587099 0.999874 -0.000345267
vn 0.01587099 0.999874 -0.000345267
vn 0.01587099 0.999874 -0.000345267
vn 0.01587099 0.999874 -0.000345267
vn 0.01587099 0.999874 -0.000345267
vn 0.01587099 0.999874 -0.000345267
vn 0.01587099 0.999874 -0.000345267
vn 0.01587099 0.999874 -0.000345267
vn 0.01587099 0.999874 -0.000345267
vn 0.01587099 0.999874 -0.000345267
vn 0.01587099 0.999874 -0.000345267
vn 0.01587099 0.999874 -0.000345267
vn 0.01587099 0.999874 -0.000345267
vn 0.01587099 0.999874 -0.000345267
vn 0.01587099 0.999874 -0.000345267
vn 0.01587099 0.999874 -0.000345267
vn 0.01587099 0.999874 -0.000345267
vn 0.01587099 0.999874 -0.000345267
vn 0.01587099 0.999874 -0.000345267
vn 0.01587099 0.999874 -0.000345267
vn 0.01587099 0.999874 -0.000345267
vn 0.01587099 0.999874 -0.000345267
vn 0.01587099 0.999874 -0.000345267
vn 0.01587099 0.999874 -0.000345267
vn 0.01587099 0.999874 -0.000345267
vn 0.01587099 0.999874 -0.000345267
vn 0.01587099 0.999874 -0.000345267
vn 0.01587099 0.999874 -0.000345267
vn 0.01587099 0.999874 -0.000345267
vn 0.01587099 0.999874 -0.000345267
vn 0.01587099 0.999874 -0.000345267
vn 0.01587099 0.999874 -0.000345267
vn 0.01587099 0.999874 -0.000345267
vn 0.01587099 0.999874 -0.000345267
vn 0.01587099 0.999874 -0.000345267
vn 0.01587099 0.999874 -0.000345267
vn 0.01587099 0.999874 -0.000345267
vn 0.01587099 0.999874 -0.000345267
vn 0.01587099 0.999874 -0.000345267
vn 0.01587099 0.999874 -0.000345267
vn 0.01587099 0.999874 -0.000345267
vn 0.01587099 0.999874 -0.000345267
vn 0.01587099 0.999874 -0.000345267
vn 0.01587099 0.999874 -0.000345267
vn 0.01587099 0.999874 -0.000345267
vn 0.01587099 0.999874 -0.000345267
vn 0.01587099 0.999874 -0.000345267
vn 0.01587099 0.999874 -0.000345267
vn 0.01587099 0.999874 -0.000345267
vn 0.01587099 0.999874 -0.000345267
vn 0.01587099 0.999874 -0.000345267
vn 0.01587099 0.999874 -0.000345267
vn 0.01587099 0.999874 -0.000345267
vn 0.01587099 0.999874 -0.000345267
vn 0.01587099 0.999874 -0.000345267
vn 0.01587099 0.999874 -0.000345267
vn 0.01587099 0.999874 -0.000345267
vn 0.01587099 0.999874 -0.000345267
vn 0.999874 -0.01587099 -0.000346655
vn 0.999874 -0.01587099 -0.000346655
vn 0.999874 -0.01587099 -0.000346655
vn 0.999874 -0.01587099 -0.000346655
vn 0.04761302 -0.04761302 -0.9977304
vn 0.04761302 -0.04761302 -0.9977304
vn 0.04761302 -0.04761302 -0.9977304
vn 0.04761302 -0.04761302 -0.9977304
vn 0.04761302 -0.04761302 0.9977304
vn 0.04761302 -0.04761302 0.9977304
vn 0.04761302 -0.04761302 0.9977304
vn 0.04761302 -0.04761302 0.9977304
vn 0.04761302 -0.04761302 -0.9977304
vn 0.04761302 -0.04761302 -0.9977304
vn 0.04761302 -0.04761302 -0.9977304
vn 0.04761302 -0.04761302 -0.9977304
vn 0.04761302 -0.04761302 0.9977304
vn 0.04761302 -0.04761302 0.9977304
vn 0.04761302 -0.04761302 0.9977304
vn 0.04761302 -0.04761302 0.9977304
vn 0.999874 -0.01587099 -0.000346655
vn 0.999874 -0.01587099 -0.000346655
vn 0.999874 -0.01587099 -0.000346655
vn 0.999874 -0.01587099 -0.000346655
vn 0.999874 -0.01587099 -0.000346655
vn 0.999874 -0.01587099 -0.000346655
vn 0.999874 -0.01587099 -0.000346655
vn 0.999874 -0.01587099 -0.000346655
vn 0.04761302 -0.04761302 0.9977304
vn 0.04761302 -0.04761302 0.9977304
vn 0.04761302 -0.04761302 0.9977304
vn 0.04761302 -0.04761302 0.9977304
vn 0.04761302 -0.04761302 -0.9977304
vn 0.04761302 -0.04761302 -0.9977304
vn 0.04761302 -0.04761302 -0.9977304
vn 0.04761302 -0.04761302 -0.9977304
vn -0.999874 -0.01587099 -0.000346655
vn -0.999874 -0.01587099 -0.000346655
vn -0.999874 -0.01587099 -0.000346655
vn -0.999874 -0.01587099 -0.000346655
vn 0.04761302 -0.04761302 -0.9977304
vn 0.04761302 -0.04761302 -0.9977304
vn 0.04761302 -0.04761302 -0.9977304
vn 0.04761302 -0.04761302 -0.9977304
vn 0.04761302 -0.04761302 0.9977304
vn 0.04761302 -0.04761302 0.9977304
vn 0.04761302 -0.04761302 0.9977304
vn 0.04761302 -0.04761302 0.9977304
vn 0.04761302 -0.04761302 -0.9977304
vn 0.04761302 -0.04761302 -0.9977304
vn 0.04761302 -0.04761302 -0.9977304
vn 0.04761302 -0.04761302 -0.9977304
vn 0.04761302 -0.04761302 0.9977304
vn 0.04761302 -0.04761302 0.9977304
vn 0.04761302 -0.04761302 0.9977304
vn 0.04761302 -0.04761302 0.9977304
vn -0.999874 -0.01587099 -0.000346655
vn -0.999874 -0.01587099 -0.000346655
vn -0.999874 -0.01587099 -0.000346655
vn -0.999874 -0.01587099 -0.000346655
vn -0.999874 -0.01587099 -0.000346655
vn -0.999874 -0.01587099 -0.000346655
vn -0.999874 -0.01587099 -0.000346655
vn -0.999874 -0.01587099 -0.000346655
vn 0.04761302 -0.04761302 0.9977304
vn 0.04761302 -0.04761302 0.9977304
vn 0.04761302 -0.04761302 0.9977304
vn 0.04761302 -0.04761302 0.9977304
vn 0.04761302 -0.04761302 -0.9977304
vn 0.04761302 -0.04761302 -0.9977304
vn 0.04761302 -0.04761302 -0.9977304
vn 0.04761302 -0.04761302 -0.9977304
vn 0.01587099 -0.999874 -0.000345267
vn 0.01587099 -0.999874 -0.000345267
vn 0.01587099 -0.999874 -0.000345267
vn 0.01587099 -0.999874 -0.000345267
vn 0.01587099 -0.999874 -0.000345267
vn 0.01587099 -0.999874 -0.000345267
vn 0.01587099 -0.999874 -0.000345267
vn 0.01587099 -0.999874 -0.000345267
vn 0.01587099 -0.999874 -0.000345267
vn 0.01587099 -0.999874 -0.000345267
vn 0.01587099 -0.999874 -0.000345267
vn 0.01587099 -0.999874 -0.000345267
vn 0.01587099 -0.999874 -0.000345267
vn 0.01587099 -0.999874 -0.000345267
vn 0.01587099 -0.999874 -0.000345267
vn 0.01587099 -0.999874 -0.000345267
vn 0.01587099 -0.999874 -0.000345267
vn 0.01587099 -0.999874 -0.000345267
vn 0.01587099 -0.999874 -0.000345267
vn 0.01587099 -0.999874 -0.000345267
vn 0.01587099 -0.999874 -0.000345267
vn 0.01587099 -0.999874 -0.000345267
vn 0.01587099 -0.999874 -0.000345267
vn 0.01587099 -0.999874 -0.000345267
vn 0.01587099 -0.999874 -0.000345267
vn 0.01587099 -0.999874 -0.000345267
vn 0.01587099 -0.999874 -0.000345267
vn 0.01587099 -0.999874 -0.000345267
vn 0.01587099 -0.999874 -0.000345267
vn 0.01587099 -0.999874 -0.000345267
vn 0.01587099 -0.999874 -0.000345267
vn 0.01587099 -0.999874 -0.000345267
vn 0.01587099 -0.999874 -0.000345267
vn 0.01587099 -0.999874 -0.000345267
vn 0.01587099 -0.999874 -0.000345267
vn 0.01587099 -0.999874 -0.000345267
vn 0.01587099 -0.999874 -0.000345267
vn 0.01587099 -0.999874 -0.000345267
vn 0.01587099 -0.999874 -0.000345267
vn 0.01587099 -0.999874 -0.000345267
vn 0.01587099 -0.999874 -0.000345267
vn 0.01587099 -0.999874 -0.000345267
vn 0.01587099 -0.999874 -0.000345267
vn 0.01587099 -0.999874 -0.000345267
vn 0.01587099 -0.999874 -0.000345267
vn 0.01587099 -0.999874 -0.000345267
vn 0.01587099 -0.999874 -0.000345267
vn 0.01587099 -0.999874 -0.000345267
vn 0.01587099 -0.999874 -0.000345267
vn 0.01587099 -0.999874 -0.000345267
vn 0.01587099 -0.999874 -0.000345267
vn 0.01587099 -0.999874 -0.000345267
vn 0.01587099 -0.999874 -0.000345267
vn 0.01587099 -0.999874 -0.000345267
vn 0.01587099 -0.999874 -0.000345267
vn 0.01587099 -0.999874 -0.000345267
vn 0.01587099 -0.999874 -0.000345267
vn 0.01587099 -0.999874 -0.000345267
vn 0.01587099 -0.999874 -0.000345267
vn 0.01587099 -0.999874 -0.000345267
vn 0.01587099 -0.999874 -0.000345267
vn 0.01587099 -0.999874 -0.000345267
vn 0.01587099 -0.999874 -0.000345267
vn 0.01587099 -0.999874 -0.000345267
vn 0.01587099 -0.999874 -0.000345267
vn 0.01587099 -0.999874 -0.000345267
vn 0.01587099 -0.999874 -0.000345267
vn 0.01587099 -0.999874 -0.000345267
vn 0.01587099 -0.999874 -0.000345267
vn 0.01587099 -0.999874 -0.000345267
vn 0.01587099 -0.999874 -0.000345267
vn 0.01587099 -0.999874 -0.000345267
vn 0.999874 -0.01587099 -0.000346655
vn 0.999874 -0.01587099 -0.000346655
vn 0.999874 -0.01587099 -0.000346655
vn 0.999874 -0.01587099 -0.000346655
vn 0.04761302 -0.04761302 0.9977304
vn 0.04761302 -0.04761302 0.9977304
vn 0.04761302 -0.04761302 0.9977304
vn 0.04761302 -0.04761302 0.9977304
vn 0.04761302 -0.04761302 0.9977304
vn 0.04761302 -0.04761302 0.9977304
vn 0.999874 -0.01587099 -0.000346655
vn 0.999874 -0.01587099 -0.000346655
vn 0.999874 -0.01587099 -0.000346655
vn 0.999874 -0.01587099 -0.000346655
vn 0.999874 -0.01587099 -0.000346655
vn 0.999874 -0.01587099 -0.000346655
vn 0.04761302 -0.04761302 -0.9977304
vn 0.04761302 -0.04761302 -0.9977304
vn 0.04761302 -0.04761302 -0.9977304
vn 0.04761302 -0.04761302 -0.9977304
vn 0.04761302 -0.04761302 -0.9977304
vn 0.04761302 -0.04761302 -0.9977304
vn 0.04761302 -0.04761302 -0.9977304
vn 0.04761302 -0.04761302 -0.9977304
vn 0.04761302 -0.04761302 0.9977304
vn 0.04761302 -0.04761302 0.9977304
vn 0.04761302 -0.04761302 0.9977304
vn 0.04761302 -0.04761302 0.9977304
vn 0.999874 -0.01587099 -0.000346655
vn 0.999874 -0.01587099 -0.000346655
vn 0.999874 -0.01587099 -0.000346655
vn 0.999874 -0.01587099 -0.000346655
vn 0.04761302 -0.04761302 0.9977304
vn 0.04761302 -0.04761302 0.9977304
vn 0.04761302 -0.04761302 0.9977304
vn 0.04761302 -0.04761302 0.9977304
vn 0.04761302 -0.04761302 -0.9977304
vn 0.04761302 -0.04761302 -0.9977304
vn 0.04761302 -0.04761302 -0.9977304
vn 0.04761302 -0.04761302 -0.9977304
vn -0.999874 -0.01587099 -0.000346655
vn -0.999874 -0.01587099 -0.000346655
vn -0.999874 -0.01587099 -0.000346655
vn -0.999874 -0.01587099 -0.000346655
vn 0.04761302 -0.04761302 0.9977304
vn 0.04761302 -0.04761302 0.9977304
vn 0.04761302 -0.04761302 0.9977304
vn 0.04761302 -0.04761302 0.9977304
vn -0.999874 -0.01587099 -0.000346655
vn -0.999874 -0.01587099 -0.000346655
vn -0.999874 -0.01587099 -0.000346655
vn -0.999874 -0.01587099 -0.000346655
vn 0.04761302 -0.04761302 -0.9977304
vn 0.04761302 -0.04761302 -0.9977304
vn 0.04761302 -0.04761302 -0.9977304
vn 0.04761302 -0.04761302 -0.9977304
vn 0.04761302 -0.04761302 -0.9977304
vn 0.04761302 -0.04761302 -0.9977304
vn 0.04761302 -0.04761302 -0.9977304
vn 0.04761302 -0.04761302 -0.9977304
vn 0.04761302 -0.04761302 0.9977304
vn 0.04761302 -0.04761302 0.9977304
vn 0.04761302 -0.04761302 0.9977304
vn 0.04761302 -0.04761302 0.9977304
vn -0.999874 -0.01587099 -0.000346655
vn -0.999874 -0.01587099 -0.000346655
vn -0.999874 -0.01587099 -0.000346655
vn -0.999874 -0.01587099 -0.000346655
vn 0.04761302 -0.04761302 0.9977304
vn 0.04761302 -0.04761302 0.9977304
vn 0.04761302 -0.04761302 0.9977304
vn 0.04761302 -0.04761302 0.9977304
vn 0.04761302 -0.04761302 -0.9977304
vn 0.04761302 -0.04761302 -0.9977304
vn 0.04761302 -0.04761302 -0.9977304
vn 0.04761302 -0.04761302 -0.9977304
vn 0.5554855 -0.04761302 -0.8301619
vn -0.4920015 -0.07935506 -0.8669702
vn -0.4920015 -0.04761302 -0.8692914
vn 0.5554855 -0.07935506 -0.827731
vn -0.4920015 -0.04761302 -0.8692914
vn -0.968132 -0.07935506 -0.2375357
vn -0.999874 -0.01587099 -0.000346655
vn -0.4920015 -0.07935506 -0.8669702
vn -0.999874 -0.01587099 -0.000346655
vn -0.4920015 -0.07935506 0.8669702
vn -0.4920015 -0.04761302 0.8692914
vn -0.968132 -0.07935506 -0.2375357
vn -0.4920015 -0.04761302 0.8692914
vn 0.5554855 -0.07935506 0.827731
vn 0.5554855 -0.04761302 0.8301619
vn -0.4920015 -0.07935506 0.8669702
vn 0.5554855 -0.07935506 0.827731
vn 0.999874 -0.01587099 -0.000346655
vn 0.5554855 -0.04761302 0.8301619
vn 0.9988682 -0.04756513 0
vn 0.999874 -0.01587099 -0.000346655
vn 0.5554855 -0.07935506 -0.827731
vn 0.5554855 -0.04761302 -0.8301619
vn 0.9988682 -0.04756513 0
vn -0.4920015 -0.07935506 0.8669702
vn 0.5237435 -0.3015493 0.7967187
vn 0.5554855 -0.07935506 0.827731
vn -0.4602594 -0.3015493 0.8350025
vn -0.968132 -0.07935506 -0.2375357
vn -0.4602594 -0.3015493 0.8350025
vn -0.4920015 -0.07935506 0.8669702
vn -0.9363899 -0.2698073 -0.2244503
vn -0.4920015 -0.07935506 -0.8669702
vn -0.9363899 -0.2698073 -0.2244503
vn -0.968132 -0.07935506 -0.2375357
vn -0.4602594 -0.3015493 -0.8350025
vn 0.5554855 -0.07935506 -0.827731
vn -0.4602594 -0.3015493 -0.8350025
vn -0.4920015 -0.07935506 -0.8669702
vn 0.5237435 -0.3015493 -0.7967187
vn 0.9988682 -0.04756513 0
vn 0.5237435 -0.3015493 -0.7967187
vn 0.5554855 -0.07935506 -0.827731
vn 0.9632913 -0.2684582 0
vn 0.5554855 -0.07935506 0.827731
vn 0.9632913 -0.2684582 0
vn 0.9988682 -0.04756513 0
vn 0.5237435 -0.3015493 0.7967187
vn 0.5554855 -0.04761302 -0.8301619
vn -0.4920015 -0.07935506 -0.8669702
vn -0.4920015 -0.04761302 -0.8692914
vn 0.5554855 -0.07935506 -0.827731
vn -0.4920015 -0.04761302 -0.8692914
vn -0.968132 -0.07935506 -0.2375357
vn -0.999874 -0.01587099 -0.000346655
vn -0.4920015 -0.07935506 -0.8669702
vn -0.999874 -0.01587099 -0.000346655
vn -0.4920015 -0.07935506 0.8669702
vn -0.4920015 -0.04761302 0.8692914
vn -0.968132 -0.07935506 -0.2375357
vn -0.4920015 -0.04761302 0.8692914
vn 0.5554855 -0.07935506 0.827731
vn 0.5554855 -0.04761302 0.8301619
vn -0.4920015 -0.07935506 0.8669702
vn 0.5554855 -0.07935506 0.827731
vn 0.999874 -0.01587099 -0.000346655
vn 0.5554855 -0.04761302 0.8301619
vn 0.9988682 -0.04756513 0
vn 0.999874 -0.01587099 -0.000346655
vn 0.5554855 -0.07935506 -0.827731
vn 0.5554855 -0.04761302 -0.8301619
vn 0.9988682 -0.04756513 0
vn -0.4920015 -0.07935506 0.8669702
vn 0.5237435 -0.3015493 0.7967187
vn 0.5554855 -0.07935506 0.827731
vn -0.4602594 -0.3015493 0.8350025
vn -0.968132 -0.07935506 -0.2375357
vn -0.4602594 -0.3015493 0.8350025
vn -0.4920015 -0.07935506 0.8669702
vn -0.9363899 -0.2698073 -0.2244503
vn -0.4920015 -0.07935506 -0.8669702
vn -0.9363899 -0.2698073 -0.2244503
vn -0.968132 -0.07935506 -0.2375357
vn -0.4602594 -0.3015493 -0.8350025
vn 0.5554855 -0.07935506 -0.827731
vn -0.4602594 -0.3015493 -0.8350025
vn -0.4920015 -0.07935506 -0.8669702
vn 0.5237435 -0.3015493 -0.7967187
vn 0.9988682 -0.04756513 0
vn 0.5237435 -0.3015493 -0.7967187
vn 0.5554855 -0.07935506 -0.827731
vn 0.9632913 -0.2684582 0
vn 0.5554855 -0.07935506 0.827731
vn 0.9632913 -0.2684582 0
vn 0.9988682 -0.04756513 0
vn 0.5237435 -0.3015493 0.7967187
vn 0.5554855 -0.04761302 -0.8301619
vn -0.4920015 -0.07935506 -0.8669702
vn -0.4920015 -0.04761302 -0.8692914
vn 0.5554855 -0.07935506 -0.827731
vn -0.4920015 -0.04761302 -0.8692914
vn -0.968132 -0.07935506 -0.2375357
vn -0.999874 -0.01587099 -0.000346655
vn -0.4920015 -0.07935506 -0.8669702
vn -0.999874 -0.01587099 -0.000346655
vn -0.4920015 -0.07935506 0.8669702
vn -0.4920015 -0.04761302 0.8692914
vn -0.968132 -0.07935506 -0.2375357
vn -0.4920015 -0.04761302 0.8692914
vn 0.5554855 -0.07935506 0.827731
vn 0.5554855 -0.04761302 0.8301619
vn -0.4920015 -0.07935506 0.8669702
vn 0.5554855 -0.07935506 0.827731
vn 0.999874 -0.01587099 -0.000346655
vn 0.5554855 -0.04761302 0.8301619
vn 0.9988682 -0.04756513 0
vn 0.999874 -0.01587099 -0.000346655
vn 0.5554855 -0.07935506 -0.827731
vn 0.5554855 -0.04761302 -0.8301619
vn 0.9988682 -0.04756513 0
vn -0.4920015 -0.07935506 0.8669702
vn 0.5237435 -0.3015493 0.7967187
vn 0.5554855 -0.07935506 0.827731
vn -0.4602594 -0.3015493 0.8350025
vn -0.968132 -0.07935506 -0.2375357
vn -0.4602594 -0.3015493 0.8350025
vn -0.4920015 -0.07935506 0.8669702
vn -0.9363899 -0.2698073 -0.2244503
vn -0.4920015 -0.07935506 -0.8669702
vn -0.9363899 -0.2698073 -0.2244503
vn -0.968132 -0.07935506 -0.2375357
vn -0.4602594 -0.3015493 -0.8350025
vn 0.5554855 -0.07935506 -0.827731
vn -0.4602594 -0.3015493 -0.8350025
vn -0.4920015 -0.07935506 -0.8669702
vn 0.5237435 -0.3015493 -0.7967187
vn 0.9988682 -0.04756513 0
vn 0.5237435 -0.3015493 -0.7967187
vn 0.5554855 -0.07935506 -0.827731
vn 0.9632913 -0.2684582 0
vn 0.5554855 -0.07935506 0.827731
vn 0.9632913 -0.2684582 0
vn 0.9988682 -0.04756513 0
vn 0.5237435 -0.3015493 0.7967187
vn 0.5554855 -0.04761302 -0.8301619
vn -0.4920015 -0.07935506 -0.8669702
vn -0.4920015 -0.04761302 -0.8692914
vn 0.5554855 -0.07935506 -0.827731
vn -0.4920015 -0.04761302 -0.8692914
vn -0.968132 -0.07935506 -0.2375357
vn -0.999874 -0.01587099 -0.000346655
vn -0.4920015 -0.07935506 -0.8669702
vn -0.999874 -0.01587099 -0.000346655
vn -0.4920015 -0.07935506 0.8669702
vn -0.4920015 -0.04761302 0.8692914
vn -0.968132 -0.07935506 -0.2375357
vn -0.4920015 -0.04761302 0.8692914
vn 0.5554855 -0.07935506 0.827731
vn 0.5554855 -0.04761302 0.8301619
vn -0.4920015 -0.07935506 0.8669702
vn 0.5554855 -0.07935506 0.827731
vn 0.999874 -0.01587099 -0.000346655
vn 0.5554855 -0.04761302 0.8301619
vn 0.9988682 -0.04756513 0
vn 0.999874 -0.01587099 -0.000346655
vn 0.5554855 -0.07935506 -0.827731
vn 0.5554855 -0.04761302 -0.8301619
vn 0.9988682 -0.04756513 0
vn -0.4920015 -0.07935506 0.8669702
vn 0.5237435 -0.3015493 0.7967187
vn 0.5554855 -0.07935506 0.827731
vn -0.4602594 -0.3015493 0.8350025
vn -0.968132 -0.07935506 -0.2375357
vn -0.4602594 -0.3015493 0.8350025
vn -0.4920015 -0.07935506 0.8669702
vn -0.9363899 -0.2698073 -0.2244503
vn -0.4920015 -0.07935506 -0.8669702
vn -0.9363899 -0.2698073 -0.2244503
vn -0.968132 -0.07935506 -0.2375357
vn -0.4602594 -0.3015493 -0.8350025
vn 0.5554855 -0.07935506 -0.827731
vn -0.4602594 -0.3015493 -0.8350025
vn -0.4920015 -0.07935506 -0.8669702
vn 0.5237435 -0.3015493 -0.7967187
vn 0.9988682 -0.04756513 0
vn 0.5237435 -0.3015493 -0.7967187
vn 0.5554855 -0.07935506 -0.827731
vn 0.9632913 -0.2684582 0
vn 0.5554855 -0.07935506 0.827731
vn 0.9632913 -0.2684582 0
vn 0.9988682 -0.04756513 0
vn 0.5237435 -0.3015493 0.7967187
vn -0.999874 -0.01587099 -0.000346655
vn -0.999874 -0.01587099 -0.000346655
vn -0.999874 -0.01587099 -0.000346655
vn -0.999874 -0.01587099 -0.000346655
vn 0.04761302 -0.04761302 0.9977304
vn 0.04761302 -0.04761302 0.9977304
vn 0.04761302 -0.04761302 0.9977304
vn 0.04761302 -0.04761302 0.9977304
vn 0.04761302 -0.04761302 -0.9977304
vn 0.04761302 -0.04761302 -0.9977304
vn 0.04761302 -0.04761302 -0.9977304
vn 0.04761302 -0.04761302 -0.9977304
vn -0.999874 -0.01587099 -0.000346655
vn -0.999874 -0.01587099 -0.000346655
vn -0.999874 -0.01587099 -0.000346655
vn -0.999874 -0.01587099 -0.000346655
vn 0.04761302 -0.04761302 0.9977304
vn 0.04761302 -0.04761302 0.9977304
vn 0.04761302 -0.04761302 0.9977304
vn 0.04761302 -0.04761302 0.9977304
vn 0.04761302 -0.04761302 -0.9977304
vn 0.04761302 -0.04761302 -0.9977304
vn 0.04761302 -0.04761302 -0.9977304
vn 0.04761302 -0.04761302 -0.9977304
vn -0.999874 -0.01587099 -0.000346655
vn -0.999874 -0.01587099 -0.000346655
vn -0.999874 -0.01587099 -0.000346655
vn -0.999874 -0.01587099 -0.000346655
vn 0.04761302 -0.04761302 0.9977304
vn 0.04761302 -0.04761302 0.9977304
vn 0.04761302 -0.04761302 0.9977304
vn 0.04761302 -0.04761302 0.9977304
vn 0.04761302 -0.04761302 -0.9977304
vn 0.04761302 -0.04761302 -0.9977304
vn 0.04761302 -0.04761302 -0.9977304
vn 0.04761302 -0.04761302 -0.9977304
vn 0.04761302 -0.04761302 0.9977304
vn 0.04761302 -0.04761302 0.9977304
vn 0.04761302 -0.04761302 0.9977304
vn 0.04761302 -0.04761302 0.9977304
vn 0.999874 -0.01587099 -0.000346655
vn 0.999874 -0.01587099 -0.000346655
vn 0.999874 -0.01587099 -0.000346655
vn 0.999874 -0.01587099 -0.000346655
vn -0.999874 -0.01587099 -0.000346655
vn -0.999874 -0.01587099 -0.000346655
vn -0.999874 -0.01587099 -0.000346655
vn -0.999874 -0.01587099 -0.000346655
vn 0.04761302 -0.04761302 0.9977304
vn 0.04761302 -0.04761302 0.9977304
vn 0.04761302 -0.04761302 0.9977304
vn 0.04761302 -0.04761302 0.9977304
vn 0.999874 -0.01587099 -0.000346655
vn 0.999874 -0.01587099 -0.000346655
vn 0.999874 -0.01587099 -0.000346655
vn 0.999874 -0.01587099 -0.000346655
vn -0.999874 -0.01587099 -0.000346655
vn -0.999874 -0.01587099 -0.000346655
vn -0.999874 -0.01587099 -0.000346655
vn -0.999874 -0.01587099 -0.000346655
vn 0.04761302 -0.04761302 0.9977304
vn 0.04761302 -0.04761302 0.9977304
vn 0.04761302 -0.04761302 0.9977304
vn 0.04761302 -0.04761302 0.9977304
vn 0.999874 -0.01587099 -0.000346655
vn 0.999874 -0.01587099 -0.000346655
vn 0.999874 -0.01587099 -0.000346655
vn 0.999874 -0.01587099 -0.000346655
vn -0.999874 -0.01587099 -0.000346655
vn -0.999874 -0.01587099 -0.000346655
vn -0.999874 -0.01587099 -0.000346655
vn -0.999874 -0.01587099 -0.000346655
vn 0.04761302 -0.04761302 0.9977304
vn 0.04761302 -0.04761302 0.9977304
vn 0.04761302 -0.04761302 0.9977304
vn 0.04761302 -0.04761302 0.9977304
vn 0.999874 -0.01587099 -0.000346655
vn 0.999874 -0.01587099 -0.000346655
vn 0.999874 -0.01587099 -0.000346655
vn 0.999874 -0.01587099 -0.000346655
vn -0.999874 -0.01587099 -0.000346655
vn -0.999874 -0.01587099 -0.000346655
vn -0.999874 -0.01587099 -0.000346655
vn -0.999874 -0.01587099 -0.000346655
vn 0.04761302 -0.04761302 0.9977304
vn 0.04761302 -0.04761302 0.9977304
vn 0.04761302 -0.04761302 0.9977304
vn 0.04761302 -0.04761302 0.9977304
vn 0.999874 -0.01587099 -0.000346655
vn 0.999874 -0.01587099 -0.000346655
vn 0.999874 -0.01587099 -0.000346655
vn 0.999874 -0.01587099 -0.000346655
vn -0.999874 -0.01587099 -0.000346655
vn -0.999874 -0.01587099 -0.000346655
vn -0.999874 -0.01587099 -0.000346655
vn -0.999874 -0.01587099 -0.000346655
vn 0.04761302 -0.04761302 0.9977304
vn 0.04761302 -0.04761302 0.9977304
vn 0.04761302 -0.04761302 0.9977304
vn 0.04761302 -0.04761302 0.9977304
vn 0.999874 -0.01587099 -0.000346655
vn 0.999874 -0.01587099 -0.000346655
vn 0.999874 -0.01587099 -0.000346655
vn 0.999874 -0.01587099 -0.000346655
vn -0.999874 -0.01587099 -0.000346655
vn -0.999874 -0.01587099 -0.000346655
vn -0.999874 -0.01587099 -0.000346655
vn -0.999874 -0.01587099 -0.000346655
vn 0.04761302 -0.04761302 0.9977304
vn 0.04761302 -0.04761302 0.9977304
vn 0.04761302 -0.04761302 0.9977304
vn 0.04761302 -0.04761302 0.9977304
vn 0.999874 -0.01587099 -0.000346655
vn 0.999874 -0.01587099 -0.000346655
vn 0.999874 -0.01587099 -0.000346655
vn 0.999874 -0.01587099 -0.000346655
vn -0.999874 -0.01587099 -0.000346655
vn -0.999874 -0.01587099 -0.000346655
vn -0.999874 -0.01587099 -0.000346655
vn -0.999874 -0.01587099 -0.000346655
vn 0.04761302 -0.04761302 0.9977304
vn 0.04761302 -0.04761302 0.9977304
vn 0.04761302 -0.04761302 0.9977304
vn 0.04761302 -0.04761302 0.9977304
vn 0.999874 -0.01587099 -0.000346655
vn 0.999874 -0.01587099 -0.000346655
vn 0.999874 -0.01587099 -0.000346655
vn 0.999874 -0.01587099 -0.000346655
vn -0.999874 -0.01587099 -0.000346655
vn -0.999874 -0.01587099 -0.000346655
vn -0.999874 -0.01587099 -0.000346655
vn -0.999874 -0.01587099 -0.000346655
vn 0.999874 -0.01587099 -0.000346655
vn 0.999874 -0.01587099 -0.000346655
vn 0.999874 -0.01587099 -0.000346655
vn 0.999874 -0.01587099 -0.000346655
vn 0.04761302 -0.04761302 -0.9977304
vn 0.04761302 -0.04761302 -0.9977304
vn 0.04761302 -0.04761302 -0.9977304
vn 0.04761302 -0.04761302 -0.9977304
vn 0.04761302 -0.04761302 0.9977304
vn 0.04761302 -0.04761302 0.9977304
vn 0.04761302 -0.04761302 0.9977304
vn 0.04761302 -0.04761302 0.9977304
vn 0.999874 -0.01587099 -0.000346655
vn 0.999874 -0.01587099 -0.000346655
vn 0.999874 -0.01587099 -0.000346655
vn 0.999874 -0.01587099 -0.000346655
vn 0.04761302 -0.04761302 -0.9977304
vn 0.04761302 -0.04761302 -0.9977304
vn 0.04761302 -0.04761302 -0.9977304
vn 0.04761302 -0.04761302 -0.9977304
vn 0.04761302 -0.04761302 0.9977304
vn 0.04761302 -0.04761302 0.9977304
vn 0.04761302 -0.04761302 0.9977304
vn 0.04761302 -0.04761302 0.9977304
vn 0.999874 -0.01587099 -0.000346655
vn 0.999874 -0.01587099 -0.000346655
vn 0.999874 -0.01587099 -0.000346655
vn 0.999874 -0.01587099 -0.000346655
vn 0.04761302 -0.04761302 -0.9977304
vn 0.04761302 -0.04761302 -0.9977304
vn 0.04761302 -0.04761302 -0.9977304
vn 0.04761302 -0.04761302 -0.9977304
vn 0.04761302 -0.04761302 0.9977304
vn 0.04761302 -0.04761302 0.9977304
vn 0.04761302 -0.04761302 0.9977304
vn 0.04761302 -0.04761302 0.9977304
vn 0.999874 -0.01587099 -0.000346655
vn 0.999874 -0.01587099 -0.000346655
vn 0.999874 -0.01587099 -0.000346655
vn 0.999874 -0.01587099 -0.000346655
vn 0.04761302 -0.04761302 -0.9977304
vn 0.04761302 -0.04761302 -0.9977304
vn 0.04761302 -0.04761302 -0.9977304
vn 0.04761302 -0.04761302 -0.9977304
vn 0.04761302 -0.04761302 0.9977304
vn 0.04761302 -0.04761302 0.9977304
vn 0.04761302 -0.04761302 0.9977304
vn 0.04761302 -0.04761302 0.9977304
vn 0.04761302 -0.04761302 -0.9977304
vn 0.04761302 -0.04761302 -0.9977304
vn 0.04761302 -0.04761302 -0.9977304
vn 0.04761302 -0.04761302 -0.9977304
vn -0.999874 -0.01587099 -0.000346655
vn -0.999874 -0.01587099 -0.000346655
vn -0.999874 -0.01587099 -0.000346655
vn -0.999874 -0.01587099 -0.000346655
vn 0.999874 -0.01587099 -0.000346655
vn 0.999874 -0.01587099 -0.000346655
vn 0.999874 -0.01587099 -0.000346655
vn 0.999874 -0.01587099 -0.000346655
vn 0.04761302 -0.04761302 -0.9977304
vn 0.04761302 -0.04761302 -0.9977304
vn 0.04761302 -0.04761302 -0.9977304
vn 0.04761302 -0.04761302 -0.9977304
vn -0.999874 -0.01587099 -0.000346655
vn -0.999874 -0.01587099 -0.000346655
vn -0.999874 -0.01587099 -0.000346655
vn -0.999874 -0.01587099 -0.000346655
vn 0.999874 -0.01587099 -0.000346655
vn 0.999874 -0.01587099 -0.000346655
vn 0.999874 -0.01587099 -0.000346655
vn 0.999874 -0.01587099 -0.000346655
vn 0.04761302 -0.04761302 -0.9977304
vn 0.04761302 -0.04761302 -0.9977304
vn 0.04761302 -0.04761302 -0.9977304
vn 0.04761302 -0.04761302 -0.9977304
vn -0.999874 -0.01587099 -0.000346655
vn -0.999874 -0.01587099 -0.000346655
vn -0.999874 -0.01587099 -0.000346655
vn -0.999874 -0.01587099 -0.000346655
vn 0.999874 -0.01587099 -0.000346655
vn 0.999874 -0.01587099 -0.000346655
vn 0.999874 -0.01587099 -0.000346655
vn 0.999874 -0.01587099 -0.000346655
vn 0.04761302 -0.04761302 -0.9977304
vn 0.04761302 -0.04761302 -0.9977304
vn 0.04761302 -0.04761302 -0.9977304
vn 0.04761302 -0.04761302 -0.9977304
vn -0.999874 -0.01587099 -0.000346655
vn -0.999874 -0.01587099 -0.000346655
vn -0.999874 -0.01587099 -0.000346655
vn -0.999874 -0.01587099 -0.000346655
vn 0.999874 -0.01587099 -0.000346655
vn 0.999874 -0.01587099 -0.000346655
vn 0.999874 -0.01587099 -0.000346655
vn 0.999874 -0.01587099 -0.000346655
vn 0.04761302 -0.04761302 -0.9977304
vn 0.04761302 -0.04761302 -0.9977304
vn 0.04761302 -0.04761302 -0.9977304
vn 0.04761302 -0.04761302 -0.9977304
vn -0.999874 -0.01587099 -0.000346655
vn -0.999874 -0.01587099 -0.000346655
vn -0.999874 -0.01587099 -0.000346655
vn -0.999874 -0.01587099 -0.000346655
vn 0.999874 -0.01587099 -0.000346655
vn 0.999874 -0.01587099 -0.000346655
vn 0.999874 -0.01587099 -0.000346655
vn 0.999874 -0.01587099 -0.000346655
vn 0.04761302 -0.04761302 -0.9977304
vn 0.04761302 -0.04761302 -0.9977304
vn 0.04761302 -0.04761302 -0.9977304
vn 0.04761302 -0.04761302 -0.9977304
vn -0.999874 -0.01587099 -0.000346655
vn -0.999874 -0.01587099 -0.000346655
vn -0.999874 -0.01587099 -0.000346655
vn -0.999874 -0.01587099 -0.000346655
vn 0.999874 -0.01587099 -0.000346655
vn 0.999874 -0.01587099 -0.000346655
vn 0.999874 -0.01587099 -0.000346655
vn 0.999874 -0.01587099 -0.000346655
vn 0.04761302 -0.04761302 -0.9977304
vn 0.04761302 -0.04761302 -0.9977304
vn 0.04761302 -0.04761302 -0.9977304
vn 0.04761302 -0.04761302 -0.9977304
vn -0.999874 -0.01587099 -0.000346655
vn -0.999874 -0.01587099 -0.000346655
vn -0.999874 -0.01587099 -0.000346655
vn -0.999874 -0.01587099 -0.000346655
vn 0.999874 -0.01587099 -0.000346655
vn 0.999874 -0.01587099 -0.000346655
vn 0.999874 -0.01587099 -0.000346655
vn 0.999874 -0.01587099 -0.000346655
vn 0.04761302 -0.04761302 -0.9977304
vn 0.04761302 -0.04761302 -0.9977304
vn 0.04761302 -0.04761302 -0.9977304
vn 0.04761302 -0.04761302 -0.9977304
vn -0.999874 -0.01587099 -0.000346655
vn -0.999874 -0.01587099 -0.000346655
vn -0.999874 -0.01587099 -0.000346655
vn -0.999874 -0.01587099 -0.000346655
vn 0.999874 -0.01587099 -0.000346655
vn 0.999874 -0.01587099 -0.000346655
vn 0.999874 -0.01587099 -0.000346655
vn 0.999874 -0.01587099 -0.000346655
vn 0.04761302 -0.04761302 -0.9977304
vn 0.04761302 -0.04761302 -0.9977304
vn 0.04761302 -0.04761302 -0.9977304
vn 0.04761302 -0.04761302 -0.9977304
vn -0.999874 -0.01587099 -0.000346655
vn -0.999874 -0.01587099 -0.000346655
vn -0.999874 -0.01587099 -0.000346655
vn -0.999874 -0.01587099 -0.000346655
vn 0.999874 -0.01587099 -0.000346655
vn 0.999874 -0.01587099 -0.000346655
vn 0.999874 -0.01587099 -0.000346655
vn 0.999874 -0.01587099 -0.000346655
vn 0.04761302 -0.04761302 -0.9977304
vn 0.04761302 -0.04761302 -0.9977304
vn 0.04761302 -0.04761302 -0.9977304
vn 0.04761302 -0.04761302 -0.9977304
vn -0.999874 -0.01587099 -0.000346655
vn -0.999874 -0.01587099 -0.000346655
vn -0.999874 -0.01587099 -0.000346655
vn -0.999874 -0.01587099 -0.000346655
vn 0.999874 -0.01587099 -0.000346655
vn 0.999874 -0.01587099 -0.000346655
vn 0.999874 -0.01587099 -0.000346655
vn 0.999874 -0.01587099 -0.000346655
vn 0.04761302 -0.04761302 -0.9977304
vn 0.04761302 -0.04761302 -0.9977304
vn 0.04761302 -0.04761302 -0.9977304
vn 0.04761302 -0.04761302 -0.9977304
vn -0.999874 -0.01587099 -0.000346655
vn -0.999874 -0.01587099 -0.000346655
vn -0.999874 -0.01587099 -0.000346655
vn -0.999874 -0.01587099 -0.000346655
vn 0.999874 -0.01587099 -0.000346655
vn 0.999874 -0.01587099 -0.000346655
vn 0.999874 -0.01587099 -0.000346655
vn 0.999874 -0.01587099 -0.000346655
vn 0.04761302 -0.04761302 -0.9977304
vn 0.04761302 -0.04761302 -0.9977304
vn 0.04761302 -0.04761302 -0.9977304
vn 0.04761302 -0.04761302 -0.9977304
vn -0.999874 -0.01587099 -0.000346655
vn -0.999874 -0.01587099 -0.000346655
vn -0.999874 -0.01587099 -0.000346655
vn -0.999874 -0.01587099 -0.000346655
vn 0.999874 -0.01587099 -0.000346655
vn 0.999874 -0.01587099 -0.000346655
vn 0.999874 -0.01587099 -0.000346655
vn 0.999874 -0.01587099 -0.000346655
vn -0.999874 -0.01587099 -0.000346655
vn -0.999874 -0.01587099 -0.000346655
vn -0.999874 -0.01587099 -0.000346655
vn -0.999874 -0.01587099 -0.000346655
vn 0.04761302 -0.04761302 0.9977304
vn 0.04761302 -0.04761302 0.9977304
vn 0.04761302 -0.04761302 0.9977304
vn 0.04761302 -0.04761302 0.9977304
vn 0.04761302 -0.04761302 -0.9977304
vn 0.04761302 -0.04761302 -0.9977304
vn 0.04761302 -0.04761302 -0.9977304
vn 0.04761302 -0.04761302 -0.9977304
vn 0.04761302 0.9046479 0.4234915
vn 0.04761302 0.9046479 0.4234915
vn 0.04761302 0.9046479 0.4234915
vn 0.04761302 0.9046479 0.4234915
vn 0.04761302 0.8411639 -0.5386802
vn 0.04761302 0.8411639 -0.5386802
vn 0.04761302 0.8411639 -0.5386802
vn 0.04761302 0.8411639 -0.5386802
vn 0.01587099 0.999874 -0.000345267
vn 0.01587099 0.999874 -0.000345267
vn 0.01587099 0.999874 -0.000345267
vn 0.01587099 0.999874 -0.000345267
vn 0.01587099 0.999874 -0.000345267
vn 0.01587099 0.999874 -0.000345267
vn 0.01587099 0.999874 -0.000345267
vn 0.01587099 0.999874 -0.000345267
vn 0.01587099 0.999874 -0.000345267
vn 0.01587099 0.999874 -0.000345267
vn 0.01587099 0.999874 -0.000345267
vn 0.01587099 0.999874 -0.000345267
vn 0.01587099 0.999874 -0.000345267
vn 0.01587099 0.999874 -0.000345267
vn 0.01587099 0.999874 -0.000345267
vn 0.01587099 0.999874 -0.000345267
vn 0.01587099 0.999874 -0.000345267
vn 0.01587099 0.999874 -0.000345267
vn 0.01587099 0.999874 -0.000345267
vn 0.01587099 0.999874 -0.000345267
vn 0.04761302 0.9046479 0.4234915
vn 0.04761302 0.9046479 0.4234915
vn 0.04761302 0.9046479 0.4234915
vn 0.04761302 0.9046479 0.4234915
vn 0.04761302 0.9046479 0.4234915
vn 0.04761302 0.9046479 0.4234915
vn 0.01587099 0.999874 -0.000345267
vn 0.01587099 0.999874 -0.000345267
vn 0.01587099 0.999874 -0.000345267
vn 0.01587099 0.999874 -0.000345267
vn 0.04761302 0.968132 0.2458728
vn 0.04761302 0.968132 0.2458728
vn 0.04761302 0.968132 0.2458728
vn 0.04761302 0.968132 0.2458728
vn 0.01587099 0.999874 -0.000345267
vn 0.01587099 0.999874 -0.000345267
vn 0.01587099 0.999874 -0.000345267
vn 0.01587099 0.999874 -0.000345267
vn 0.04761302 0.9046479 0.4234915
vn 0.04761302 0.9046479 0.4234915
vn 0.04761302 0.9046479 0.4234915
vn 0.04761302 0.9046479 0.4234915
vn 0.04761302 0.968132 0.2458728
vn 0.04761302 0.968132 0.2458728
vn 0.04761302 0.968132 0.2458728
vn 0.04761302 0.968132 0.2458728
vn 0.04761302 0.9046479 0.4234915
vn 0.04761302 0.9046479 0.4234915
vn 0.04761302 0.9046479 0.4234915
vn 0.04761302 0.9046479 0.4234915
vn 0.01587099 0.999874 -0.000345267
vn 0.01587099 0.999874 -0.000345267
vn 0.01587099 0.999874 -0.000345267
vn 0.01587099 0.999874 -0.000345267
vn 0.04761302 0.8411639 -0.5386802
vn 0.04761302 0.8411639 -0.5386802
vn 0.04761302 0.8411639 -0.5386802
vn 0.04761302 0.8411639 -0.5386802
vn 0.04761302 0.9046479 0.4234915
vn 0.04761302 0.9046479 0.4234915
vn 0.04761302 0.9046479 0.4234915
vn 0.04761302 0.9046479 0.4234915
vn 0.01587099 0.999874 -0.000345267
vn 0.01587099 0.999874 -0.000345267
vn 0.01587099 0.999874 -0.000345267
vn 0.01587099 0.999874 -0.000345267
vn 0.01587099 0.999874 -0.000345267
vn 0.01587099 0.999874 -0.000345267
vn 0.04761302 0.8411639 -0.5386802
vn 0.04761302 0.8411639 -0.5386802
vn 0.04761302 0.8411639 -0.5386802
vn 0.04761302 0.8411639 -0.5386802
vn 0.04761302 0.8411639 -0.5386802
vn 0.04761302 0.8411639 -0.5386802
vn 0.04761302 0.8411639 -0.5386802
vn 0.04761302 0.8411639 -0.5386802
vn 0.04761302 0.9046479 0.4234915
vn 0.04761302 0.9046479 0.4234915
vn 0.04761302 0.9046479 0.4234915
vn 0.04761302 0.9046479 0.4234915
vn 0.04761302 0.8411639 -0.5386802
vn 0.04761302 0.8411639 -0.5386802
vn 0.04761302 0.8411639 -0.5386802
vn 0.04761302 0.8411639 -0.5386802
vn 0.01587099 0.999874 -0.000345267
vn 0.01587099 0.999874 -0.000345267
vn 0.01587099 0.999874 -0.000345267
vn 0.01587099 0.999874 -0.000345267
vn 0.01587099 0.999874 -0.000345267
vn 0.01587099 0.999874 -0.000345267
vn 0.01587099 0.999874 -0.000345267
vn 0.01587099 0.999874 -0.000345267
vn 0.01587099 0.999874 -0.000345267
vn 0.01587099 0.999874 -0.000345267
vn 0.01587099 0.999874 -0.000345267
vn 0.01587099 0.999874 -0.000345267
vn 0.01587099 0.999874 -0.000345267
vn 0.01587099 0.999874 -0.000345267
vn 0.01587099 0.999874 -0.000345267
vn 0.01587099 0.999874 -0.000345267
vn 0.01587099 0.999874 -0.000345267
vn 0.01587099 0.999874 -0.000345267
vn 0.01587099 0.999874 -0.000345267
vn 0.01587099 0.999874 -0.000345267
vn 0.04761302 0.9046479 0.4234915
vn 0.04761302 0.9046479 0.4234915
vn 0.04761302 0.9046479 0.4234915
vn 0.04761302 0.9046479 0.4234915
vn 0.04761302 0.9046479 0.4234915
vn 0.04761302 0.9046479 0.4234915
vn 0.01587099 0.999874 -0.000345267
vn 0.01587099 0.999874 -0.000345267
vn 0.01587099 0.999874 -0.000345267
vn 0.01587099 0.999874 -0.000345267
vn 0.04761302 0.968132 0.2458728
vn 0.04761302 0.968132 0.2458728
vn 0.04761302 0.968132 0.2458728
vn 0.04761302 0.968132 0.2458728
vn 0.01587099 0.999874 -0.000345267
vn 0.01587099 0.999874 -0.000345267
vn 0.01587099 0.999874 -0.000345267
vn 0.01587099 0.999874 -0.000345267
vn 0.04761302 0.9046479 0.4234915
vn 0.04761302 0.9046479 0.4234915
vn 0.04761302 0.9046479 0.4234915
vn 0.04761302 0.9046479 0.4234915
vn 0.04761302 0.968132 0.2458728
vn 0.04761302 0.968132 0.2458728
vn 0.04761302 0.968132 0.2458728
vn 0.04761302 0.968132 0.2458728
vn 0.04761302 0.9046479 0.4234915
vn 0.04761302 0.9046479 0.4234915
vn 0.04761302 0.9046479 0.4234915
vn 0.04761302 0.9046479 0.4234915
vn 0.01587099 0.999874 -0.000345267
vn 0.01587099 0.999874 -0.000345267
vn 0.01587099 0.999874 -0.000345267
vn 0.01587099 0.999874 -0.000345267
vn 0.04761302 0.8411639 -0.5386802
vn 0.04761302 0.8411639 -0.5386802
vn 0.04761302 0.8411639 -0.5386802
vn 0.04761302 0.8411639 -0.5386802
vn 0.04761302 0.9046479 0.4234915
vn 0.04761302 0.9046479 0.4234915
vn 0.04761302 0.9046479 0.4234915
vn 0.04761302 0.9046479 0.4234915
vn 0.01587099 0.999874 -0.000345267
vn 0.01587099 0.999874 -0.000345267
vn 0.01587099 0.999874 -0.000345267
vn 0.01587099 0.999874 -0.000345267
vn 0.01587099 0.999874 -0.000345267
vn 0.01587099 0.999874 -0.000345267
vn 0.04761302 0.8411639 -0.5386802
vn 0.04761302 0.8411639 -0.5386802
vn 0.04761302 0.8411639 -0.5386802
vn 0.04761302 0.8411639 -0.5386802
vn 0.04761302 0.8411639 -0.5386802
vn 0.04761302 0.8411639 -0.5386802
vn 0.04761302 0.8411639 -0.5386802
vn 0.04761302 0.8411639 -0.5386802
vn 0.999874 -0.01587099 -0.000346655
vn 0.999874 -0.01587099 -0.000346655
vn 0.999874 -0.01587099 -0.000346655
vn 0.999874 -0.01587099 -0.000346655
vn 0.999874 -0.01587099 -0.000346655
vn 0.999874 -0.01587099 -0.000346655
vn 0.04761302 -0.04761302 -0.9977304
vn 0.04761302 -0.04761302 -0.9977304
vn 0.04761302 -0.04761302 -0.9977304
vn 0.04761302 -0.04761302 -0.9977304
vn 0.04761302 -0.04761302 0.9977304
vn 0.04761302 -0.04761302 0.9977304
vn 0.04761302 -0.04761302 0.9977304
vn 0.04761302 -0.04761302 0.9977304
vn 0.999874 -0.01587099 -0.000346655
vn 0.999874 -0.01587099 -0.000346655
vn 0.999874 -0.01587099 -0.000346655
vn 0.999874 -0.01587099 -0.000346655
vn 0.999874 -0.01587099 -0.000346655
vn 0.999874 -0.01587099 -0.000346655
vn 0.999874 -0.01587099 -0.000346655
vn 0.999874 -0.01587099 -0.000346655
vn 0.999874 -0.01587099 -0.000346655
vn 0.999874 -0.01587099 -0.000346655
vn 0.999874 -0.01587099 -0.000346655
vn 0.999874 -0.01587099 -0.000346655
vn -0.999874 -0.01587099 -0.000346655
vn -0.999874 -0.01587099 -0.000346655
vn -0.999874 -0.01587099 -0.000346655
vn -0.999874 -0.01587099 -0.000346655
vn -0.999874 -0.01587099 -0.000346655
vn -0.999874 -0.01587099 -0.000346655
vn 0.04761302 -0.04761302 -0.9977304
vn 0.04761302 -0.04761302 -0.9977304
vn 0.04761302 -0.04761302 -0.9977304
vn 0.04761302 -0.04761302 -0.9977304
vn 0.04761302 -0.04761302 0.9977304
vn 0.04761302 -0.04761302 0.9977304
vn 0.04761302 -0.04761302 0.9977304
vn 0.04761302 -0.04761302 0.9977304
vn -0.999874 -0.01587099 -0.000346655
vn -0.999874 -0.01587099 -0.000346655
vn -0.999874 -0.01587099 -0.000346655
vn -0.999874 -0.01587099 -0.000346655
vn -0.999874 -0.01587099 -0.000346655
vn -0.999874 -0.01587099 -0.000346655
vn -0.999874 -0.01587099 -0.000346655
vn -0.999874 -0.01587099 -0.000346655
vn -0.999874 -0.01587099 -0.000346655
vn -0.999874 -0.01587099 -0.000346655
vn -0.999874 -0.01587099 -0.000346655
vn -0.999874 -0.01587099 -0.000346655
g DSJ_GTA_gaoLou_21_0
f 3/3/3 2/2/2 1/1/1
f 2/2/2 4/4/4 1/1/1
f 7/7/7 6/6/6 5/5/5
f 6/6/6 8/8/8 5/5/5
f 11/11/11 10/10/10 9/9/9
f 10/10/10 12/12/12 9/9/9
f 15/15/15 14/14/14 13/13/13
f 14/14/14 16/16/16 13/13/13
f 19/19/19 18/18/18 17/17/17
f 22/22/22 21/21/21 20/20/20
f 25/25/25 24/24/24 23/23/23
f 24/24/24 26/26/26 23/23/23
f 29/29/29 28/28/28 27/27/27
f 28/28/28 30/30/30 27/27/27
f 33/33/33 32/32/32 31/31/31
f 32/32/32 34/34/34 31/31/31
f 37/37/37 36/36/36 35/35/35
f 36/36/36 38/38/38 35/35/35
f 41/41/41 40/40/40 39/39/39
f 40/40/40 42/42/42 39/39/39
f 45/45/45 44/44/44 43/43/43
f 48/48/48 47/47/47 46/46/46
f 51/51/51 50/50/50 49/49/49
f 50/50/50 52/52/52 49/49/49
f 55/55/55 54/54/54 53/53/53
f 54/54/54 56/56/56 53/53/53
f 59/59/59 58/58/58 57/57/57
f 58/58/58 60/60/60 57/57/57
f 63/63/63 62/62/62 61/61/61
f 62/62/62 64/64/64 61/61/61
f 67/67/67 66/66/66 65/65/65
f 66/66/66 68/68/68 65/65/65
f 71/71/71 70/70/70 69/69/69
f 70/70/70 72/72/72 69/69/69
f 75/75/75 74/74/74 73/73/73
f 74/74/74 76/76/76 73/73/73
f 79/79/79 78/78/78 77/77/77
f 78/78/78 80/80/80 77/77/77
f 83/83/83 82/82/82 81/81/81
f 82/82/82 84/84/84 81/81/81
f 87/87/87 86/86/86 85/85/85
f 86/86/86 88/88/88 85/85/85
f 91/91/91 90/90/90 89/89/89
f 90/90/90 92/92/92 89/89/89
f 95/95/95 94/94/94 93/93/93
f 94/94/94 96/96/96 93/93/93
f 99/99/99 98/98/98 97/97/97
f 98/98/98 100/100/100 97/97/97
f 103/103/103 102/102/102 101/101/101
f 102/102/102 104/104/104 101/101/101
f 107/107/107 106/106/106 105/105/105
f 106/106/106 108/108/108 105/105/105
f 111/111/111 110/110/110 109/109/109
f 110/110/110 112/112/112 109/109/109
f 115/115/115 114/114/114 113/113/113
f 114/114/114 116/116/116 113/113/113
f 119/119/119 118/118/118 117/117/117
f 118/118/118 120/120/120 117/117/117
f 123/123/123 122/122/122 121/121/121
f 122/122/122 124/124/124 121/121/121
f 127/127/127 126/126/126 125/125/125
f 126/126/126 128/128/128 125/125/125
f 127/127/127 125/125/125 129/129/129
f 130/130/130 127/127/127 129/129/129
f 130/130/130 129/129/129 131/131/131
f 132/132/132 130/130/130 131/131/131
f 135/135/135 134/134/134 133/133/133
f 134/134/134 136/136/136 133/133/133
f 135/135/135 133/133/133 137/137/137
f 138/138/138 135/135/135 137/137/137
f 141/141/141 140/140/140 139/139/139
f 140/140/140 142/142/142 139/139/139
f 141/141/141 139/139/139 143/143/143
f 144/144/144 141/141/141 143/143/143
f 144/144/144 143/143/143 145/145/145
f 146/146/146 144/144/144 145/145/145
f 149/149/149 148/148/148 147/147/147
f 148/148/148 150/150/150 147/147/147
f 149/149/149 147/147/147 151/151/151
f 152/152/152 149/149/149 151/151/151
f 155/155/155 154/154/154 153/153/153
f 154/154/154 156/156/156 153/153/153
f 155/155/155 153/153/153 157/157/157
f 158/158/158 155/155/155 157/157/157
f 158/158/158 157/157/157 159/159/159
f 160/160/160 158/158/158 159/159/159
f 163/163/163 162/162/162 161/161/161
f 162/162/162 164/164/164 161/161/161
f 163/163/163 161/161/161 165/165/165
f 166/166/166 163/163/163 165/165/165
f 166/166/166 165/165/165 167/167/167
f 168/168/168 166/166/166 167/167/167
f 171/171/171 170/170/170 169/169/169
f 170/170/170 172/172/172 169/169/169
f 171/171/171 169/169/169 173/173/173
f 174/174/174 171/171/171 173/173/173
f 174/174/174 173/173/173 175/175/175
f 176/176/176 174/174/174 175/175/175
f 179/179/179 178/178/178 177/177/177
f 178/178/178 180/180/180 177/177/177
f 179/179/179 177/177/177 181/181/181
f 182/182/182 179/179/179 181/181/181
f 182/182/182 181/181/181 183/183/183
f 184/184/184 182/182/182 183/183/183
f 187/187/187 186/186/186 185/185/185
f 186/186/186 188/188/188 185/185/185
f 187/187/187 189/189/189 186/186/186
f 189/189/189 190/190/190 186/186/186
f 193/193/193 192/192/192 191/191/191
f 192/192/192 194/194/194 191/191/191
f 197/197/197 196/196/196 195/195/195
f 196/196/196 198/198/198 195/195/195
f 201/201/201 200/200/200 199/199/199
f 200/200/200 202/202/202 199/199/199
f 205/205/205 204/204/204 203/203/203
f 204/204/204 206/206/206 203/203/203
f 203/203/203 206/206/206 207/207/207
f 206/206/206 208/208/208 207/207/207
f 207/207/207 208/208/208 209/209/209
f 208/208/208 210/210/210 209/209/209
f 213/213/213 212/212/212 211/211/211
f 212/212/212 214/214/214 211/211/211
f 211/211/211 214/214/214 215/215/215
f 214/214/214 216/216/216 215/215/215
f 219/219/219 218/218/218 217/217/217
f 218/218/218 220/220/220 217/217/217
f 217/217/217 220/220/220 221/221/221
f 220/220/220 222/222/222 221/221/221
f 221/221/221 222/222/222 223/223/223
f 222/222/222 224/224/224 223/223/223
f 227/227/227 226/226/226 225/225/225
f 226/226/226 228/228/228 225/225/225
f 225/225/225 228/228/228 229/229/229
f 228/228/228 230/230/230 229/229/229
f 233/233/233 232/232/232 231/231/231
f 232/232/232 234/234/234 231/231/231
f 231/231/231 234/234/234 235/235/235
f 234/234/234 236/236/236 235/235/235
f 235/235/235 236/236/236 237/237/237
f 236/236/236 238/238/238 237/237/237
f 241/241/241 240/240/240 239/239/239
f 240/240/240 242/242/242 239/239/239
f 239/239/239 242/242/242 243/243/243
f 242/242/242 244/244/244 243/243/243
f 243/243/243 244/244/244 245/245/245
f 244/244/244 246/246/246 245/245/245
f 249/249/249 248/248/248 247/247/247
f 248/248/248 250/250/250 247/247/247
f 247/247/247 250/250/250 251/251/251
f 250/250/250 252/252/252 251/251/251
f 251/251/251 252/252/252 253/253/253
f 252/252/252 254/254/254 253/253/253
f 257/257/257 256/256/256 255/255/255
f 256/256/256 258/258/258 255/255/255
f 255/255/255 258/258/258 259/259/259
f 258/258/258 260/260/260 259/259/259
f 259/259/259 260/260/260 261/261/261
f 260/260/260 262/262/262 261/261/261
f 265/265/265 264/264/264 263/263/263
f 264/264/264 266/266/266 263/263/263
f 267/267/267 266/266/266 264/264/264
f 268/268/268 267/267/267 264/264/264
f 271/271/271 270/270/270 269/269/269
f 270/270/270 272/272/272 269/269/269
f 275/275/275 274/274/274 273/273/273
f 274/274/274 276/276/276 273/273/273
f 279/279/279 278/278/278 277/277/277
f 278/278/278 280/280/280 277/277/277
f 283/283/283 282/282/282 281/281/281
f 282/282/282 284/284/284 281/281/281
f 287/287/287 286/286/286 285/285/285
f 286/286/286 288/288/288 285/285/285
f 291/291/291 290/290/290 289/289/289
f 290/290/290 292/292/292 289/289/289
f 295/295/295 294/294/294 293/293/293
f 294/294/294 296/296/296 293/293/293
f 299/299/299 298/298/298 297/297/297
f 298/298/298 300/300/300 297/297/297
f 303/303/303 302/302/302 301/301/301
f 302/302/302 304/304/304 301/301/301
f 307/307/307 306/306/306 305/305/305
f 306/306/306 308/308/308 305/305/305
f 311/311/311 310/310/310 309/309/309
f 310/310/310 312/312/312 309/309/309
f 315/315/315 314/314/314 313/313/313
f 314/314/314 316/316/316 313/313/313
f 319/319/319 318/318/318 317/317/317
f 318/318/318 320/320/320 317/317/317
f 323/323/323 322/322/322 321/321/321
f 322/322/322 324/324/324 321/321/321
f 327/327/327 326/326/326 325/325/325
f 326/326/326 328/328/328 325/325/325
f 331/331/331 330/330/330 329/329/329
f 330/330/330 332/332/332 329/329/329
f 335/335/335 334/334/334 333/333/333
f 334/334/334 336/336/336 333/333/333
f 339/339/339 338/338/338 337/337/337
f 338/338/338 340/340/340 337/337/337
f 343/343/343 342/342/342 341/341/341
f 342/342/342 344/344/344 341/341/341
f 347/347/347 346/346/346 345/345/345
f 346/346/346 348/348/348 345/345/345
f 351/351/351 350/350/350 349/349/349
f 350/350/350 352/352/352 349/349/349
f 355/355/355 354/354/354 353/353/353
f 354/354/354 356/356/356 353/353/353
f 359/359/359 358/358/358 357/357/357
f 358/358/358 360/360/360 357/357/357
f 363/363/363 362/362/362 361/361/361
f 362/362/362 364/364/364 361/361/361
f 367/367/367 366/366/366 365/365/365
f 366/366/366 368/368/368 365/365/365
f 371/371/371 370/370/370 369/369/369
f 370/370/370 372/372/372 369/369/369
f 375/375/375 374/374/374 373/373/373
f 374/374/374 376/376/376 373/373/373
f 379/379/379 378/378/378 377/377/377
f 378/378/378 380/380/380 377/377/377
f 383/383/383 382/382/382 381/381/381
f 382/382/382 384/384/384 381/381/381
f 387/387/387 386/386/386 385/385/385
f 386/386/386 388/388/388 385/385/385
f 391/391/391 390/390/390 389/389/389
f 390/390/390 392/392/392 389/389/389
f 395/395/395 394/394/394 393/393/393
f 394/394/394 396/396/396 393/393/393
f 399/399/399 398/398/398 397/397/397
f 398/398/398 400/400/400 397/397/397
f 403/403/403 402/402/402 401/401/401
f 402/402/402 404/404/404 401/401/401
f 407/407/407 406/406/406 405/405/405
f 406/406/406 408/408/408 405/405/405
f 411/411/411 410/410/410 409/409/409
f 410/410/410 412/412/412 409/409/409
f 415/415/415 414/414/414 413/413/413
f 414/414/414 416/416/416 413/413/413
f 419/419/419 418/418/418 417/417/417
f 418/418/418 420/420/420 417/417/417
f 423/423/423 422/422/422 421/421/421
f 422/422/422 424/424/424 421/421/421
f 427/427/427 426/426/426 425/425/425
f 426/426/426 428/428/428 425/425/425
f 431/431/431 430/430/430 429/429/429
f 430/430/430 432/432/432 429/429/429
f 435/435/435 434/434/434 433/433/433
f 434/434/434 436/436/436 433/433/433
f 439/439/439 438/438/438 437/437/437
f 438/438/438 440/440/440 437/437/437
f 443/443/443 442/442/442 441/441/441
f 442/442/442 444/444/444 441/441/441
f 447/447/447 446/446/446 445/445/445
f 446/446/446 448/448/448 445/445/445
f 451/451/451 450/450/450 449/449/449
f 450/450/450 452/452/452 449/449/449
f 455/455/455 454/454/454 453/453/453
f 454/454/454 456/456/456 453/453/453
f 459/459/459 458/458/458 457/457/457
f 458/458/458 460/460/460 457/457/457
f 463/463/463 462/462/462 461/461/461
f 462/462/462 464/464/464 461/461/461
f 467/467/467 466/466/466 465/465/465
f 466/466/466 468/468/468 465/465/465
f 471/471/471 470/470/470 469/469/469
f 470/470/470 472/472/472 469/469/469
f 475/475/475 474/474/474 473/473/473
f 474/474/474 476/476/476 473/473/473
f 479/479/479 478/478/478 477/477/477
f 478/478/478 480/480/480 477/477/477
f 483/483/483 482/482/482 481/481/481
f 482/482/482 484/484/484 481/481/481
f 487/487/487 486/486/486 485/485/485
f 486/486/486 488/488/488 485/485/485
f 491/491/491 490/490/490 489/489/489
f 490/490/490 492/492/492 489/489/489
f 495/495/495 494/494/494 493/493/493
f 494/494/494 496/496/496 493/493/493
f 499/499/499 498/498/498 497/497/497
f 498/498/498 500/500/500 497/497/497
f 503/503/503 502/502/502 501/501/501
f 502/502/502 504/504/504 501/501/501
f 507/507/507 506/506/506 505/505/505
f 506/506/506 508/508/508 505/505/505
f 511/511/511 510/510/510 509/509/509
f 510/510/510 512/512/512 509/509/509
f 515/515/515 514/514/514 513/513/513
f 514/514/514 516/516/516 513/513/513
f 519/519/519 518/518/518 517/517/517
f 518/518/518 520/520/520 517/517/517
f 523/523/523 522/522/522 521/521/521
f 522/522/522 524/524/524 521/521/521
f 527/527/527 526/526/526 525/525/525
f 526/526/526 528/528/528 525/525/525
f 531/531/531 530/530/530 529/529/529
f 530/530/530 532/532/532 529/529/529
f 535/535/535 534/534/534 533/533/533
f 534/534/534 536/536/536 533/533/533
f 539/539/539 538/538/538 537/537/537
f 538/538/538 540/540/540 537/537/537
f 543/543/543 542/542/542 541/541/541
f 542/542/542 544/544/544 541/541/541
f 547/547/547 546/546/546 545/545/545
f 546/546/546 548/548/548 545/545/545
f 551/551/551 550/550/550 549/549/549
f 550/550/550 552/552/552 549/549/549
f 555/555/555 554/554/554 553/553/553
f 554/554/554 556/556/556 553/553/553
f 559/559/559 558/558/558 557/557/557
f 558/558/558 560/560/560 557/557/557
f 563/563/563 562/562/562 561/561/561
f 562/562/562 564/564/564 561/561/561
f 567/567/567 566/566/566 565/565/565
f 566/566/566 568/568/568 565/565/565
f 571/571/571 570/570/570 569/569/569
f 570/570/570 572/572/572 569/569/569
f 575/575/575 574/574/574 573/573/573
f 574/574/574 576/576/576 573/573/573
f 579/579/579 578/578/578 577/577/577
f 578/578/578 580/580/580 577/577/577
f 583/583/583 582/582/582 581/581/581
f 582/582/582 584/584/584 581/581/581
f 587/587/587 586/586/586 585/585/585
f 586/586/586 588/588/588 585/585/585
f 591/591/591 590/590/590 589/589/589
f 590/590/590 592/592/592 589/589/589
f 595/595/595 594/594/594 593/593/593
f 594/594/594 596/596/596 593/593/593
f 599/599/599 598/598/598 597/597/597
f 598/598/598 600/600/600 597/597/597
f 603/603/603 602/602/602 601/601/601
f 602/602/602 604/604/604 601/601/601
f 607/607/607 606/606/606 605/605/605
f 606/606/606 608/608/608 605/605/605
f 611/611/611 610/610/610 609/609/609
f 610/610/610 612/612/612 609/609/609
f 615/615/615 614/614/614 613/613/613
f 614/614/614 616/616/616 613/613/613
f 619/619/619 618/618/618 617/617/617
f 618/618/618 620/620/620 617/617/617
f 623/623/623 622/622/622 621/621/621
f 622/622/622 624/624/624 621/621/621
f 627/627/627 626/626/626 625/625/625
f 626/626/626 628/628/628 625/625/625
f 631/631/631 630/630/630 629/629/629
f 630/630/630 632/632/632 629/629/629
f 635/635/635 634/634/634 633/633/633
f 634/634/634 636/636/636 633/633/633
f 639/639/639 638/638/638 637/637/637
f 638/638/638 640/640/640 637/637/637
f 643/643/643 642/642/642 641/641/641
f 642/642/642 644/644/644 641/641/641
f 647/647/647 646/646/646 645/645/645
f 650/650/650 649/649/649 648/648/648
f 653/653/653 652/652/652 651/651/651
f 656/656/656 655/655/655 654/654/654
f 659/659/659 658/658/658 657/657/657
f 658/658/658 660/660/660 657/657/657
f 663/663/663 662/662/662 661/661/661
f 662/662/662 664/664/664 661/661/661
f 667/667/667 666/666/666 665/665/665
f 666/666/666 668/668/668 665/665/665
f 671/671/671 670/670/670 669/669/669
f 670/670/670 672/672/672 669/669/669
f 675/675/675 674/674/674 673/673/673
f 674/674/674 676/676/676 673/673/673
f 679/679/679 678/678/678 677/677/677
f 678/678/678 680/680/680 677/677/677
f 683/683/683 682/682/682 681/681/681
f 682/682/682 684/684/684 681/681/681
f 687/687/687 686/686/686 685/685/685
f 686/686/686 688/688/688 685/685/685
f 691/691/691 690/690/690 689/689/689
f 690/690/690 692/692/692 689/689/689
f 695/695/695 694/694/694 693/693/693
f 694/694/694 696/696/696 693/693/693
f 699/699/699 698/698/698 697/697/697
f 698/698/698 700/700/700 697/697/697
f 703/703/703 702/702/702 701/701/701
f 702/702/702 704/704/704 701/701/701
f 707/707/707 706/706/706 705/705/705
f 706/706/706 708/708/708 705/705/705
f 711/711/711 710/710/710 709/709/709
f 710/710/710 712/712/712 709/709/709
f 715/715/715 714/714/714 713/713/713
f 714/714/714 716/716/716 713/713/713
f 719/719/719 718/718/718 717/717/717
f 718/718/718 720/720/720 717/717/717
f 723/723/723 722/722/722 721/721/721
f 722/722/722 724/724/724 721/721/721
f 727/727/727 726/726/726 725/725/725
f 726/726/726 728/728/728 725/725/725
f 731/731/731 730/730/730 729/729/729
f 730/730/730 732/732/732 729/729/729
f 735/735/735 734/734/734 733/733/733
f 734/734/734 736/736/736 733/733/733
f 739/739/739 738/738/738 737/737/737
f 738/738/738 740/740/740 737/737/737
f 743/743/743 742/742/742 741/741/741
f 742/742/742 744/744/744 741/741/741
f 747/747/747 746/746/746 745/745/745
f 746/746/746 748/748/748 745/745/745
f 751/751/751 750/750/750 749/749/749
f 750/750/750 752/752/752 749/749/749
f 755/755/755 754/754/754 753/753/753
f 754/754/754 756/756/756 753/753/753
f 759/759/759 758/758/758 757/757/757
f 758/758/758 760/760/760 757/757/757
f 763/763/763 762/762/762 761/761/761
f 762/762/762 764/764/764 761/761/761
f 767/767/767 766/766/766 765/765/765
f 766/766/766 768/768/768 765/765/765
f 771/771/771 770/770/770 769/769/769
f 770/770/770 772/772/772 769/769/769
f 775/775/775 774/774/774 773/773/773
f 774/774/774 776/776/776 773/773/773
f 779/779/779 778/778/778 777/777/777
f 778/778/778 780/780/780 777/777/777
f 783/783/783 782/782/782 781/781/781
f 782/782/782 784/784/784 781/781/781
f 787/787/787 786/786/786 785/785/785
f 786/786/786 788/788/788 785/785/785
f 791/791/791 790/790/790 789/789/789
f 790/790/790 792/792/792 789/789/789
f 795/795/795 794/794/794 793/793/793
f 794/794/794 796/796/796 793/793/793
f 799/799/799 798/798/798 797/797/797
f 798/798/798 800/800/800 797/797/797
f 803/803/803 802/802/802 801/801/801
f 802/802/802 804/804/804 801/801/801
f 807/807/807 806/806/806 805/805/805
f 806/806/806 808/808/808 805/805/805
f 811/811/811 810/810/810 809/809/809
f 810/810/810 812/812/812 809/809/809
f 815/815/815 814/814/814 813/813/813
f 814/814/814 816/816/816 813/813/813
f 819/819/819 818/818/818 817/817/817
f 818/818/818 820/820/820 817/817/817
f 823/823/823 822/822/822 821/821/821
f 822/822/822 824/824/824 821/821/821
f 827/827/827 826/826/826 825/825/825
f 826/826/826 828/828/828 825/825/825
f 831/831/831 830/830/830 829/829/829
f 830/830/830 832/832/832 829/829/829
f 835/835/835 834/834/834 833/833/833
f 834/834/834 836/836/836 833/833/833
f 839/839/839 838/838/838 837/837/837
f 838/838/838 840/840/840 837/837/837
f 843/843/843 842/842/842 841/841/841
f 842/842/842 844/844/844 841/841/841
f 847/847/847 846/846/846 845/845/845
f 846/846/846 848/848/848 845/845/845
f 851/851/851 850/850/850 849/849/849
f 850/850/850 852/852/852 849/849/849
f 855/855/855 854/854/854 853/853/853
f 854/854/854 856/856/856 853/853/853
f 859/859/859 858/858/858 857/857/857
f 858/858/858 860/860/860 857/857/857
f 863/863/863 862/862/862 861/861/861
f 862/862/862 864/864/864 861/861/861
f 867/867/867 866/866/866 865/865/865
f 866/866/866 868/868/868 865/865/865
f 871/871/871 870/870/870 869/869/869
f 870/870/870 872/872/872 869/869/869
f 875/875/875 874/874/874 873/873/873
f 874/874/874 876/876/876 873/873/873
f 879/879/879 878/878/878 877/877/877
f 878/878/878 880/880/880 877/877/877
f 883/883/883 882/882/882 881/881/881
f 882/882/882 884/884/884 881/881/881
f 887/887/887 886/886/886 885/885/885
f 886/886/886 888/888/888 885/885/885
f 891/891/891 890/890/890 889/889/889
f 890/890/890 892/892/892 889/889/889
f 895/895/895 894/894/894 893/893/893
f 894/894/894 896/896/896 893/893/893
f 899/899/899 898/898/898 897/897/897
f 898/898/898 900/900/900 897/897/897
f 903/903/903 902/902/902 901/901/901
f 902/902/902 904/904/904 901/901/901
f 907/907/907 906/906/906 905/905/905
f 906/906/906 908/908/908 905/905/905
f 911/911/911 910/910/910 909/909/909
f 910/910/910 912/912/912 909/909/909
f 915/915/915 914/914/914 913/913/913
f 914/914/914 916/916/916 913/913/913
f 919/919/919 918/918/918 917/917/917
f 918/918/918 920/920/920 917/917/917
f 923/923/923 922/922/922 921/921/921
f 922/922/922 924/924/924 921/921/921
f 927/927/927 926/926/926 925/925/925
f 926/926/926 928/928/928 925/925/925
f 931/931/931 930/930/930 929/929/929
f 930/930/930 932/932/932 929/929/929
f 935/935/935 934/934/934 933/933/933
f 934/934/934 936/936/936 933/933/933
f 939/939/939 938/938/938 937/937/937
f 938/938/938 940/940/940 937/937/937
f 943/943/943 942/942/942 941/941/941
f 942/942/942 944/944/944 941/941/941
f 947/947/947 946/946/946 945/945/945
f 946/946/946 948/948/948 945/945/945
f 951/951/951 950/950/950 949/949/949
f 950/950/950 952/952/952 949/949/949
f 955/955/955 954/954/954 953/953/953
f 954/954/954 956/956/956 953/953/953
f 959/959/959 958/958/958 957/957/957
f 958/958/958 960/960/960 957/957/957
f 963/963/963 962/962/962 961/961/961
f 962/962/962 964/964/964 961/961/961
f 967/967/967 966/966/966 965/965/965
f 966/966/966 968/968/968 965/965/965
f 971/971/971 970/970/970 969/969/969
f 970/970/970 972/972/972 969/969/969
f 975/975/975 974/974/974 973/973/973
f 974/974/974 976/976/976 973/973/973
f 979/979/979 978/978/978 977/977/977
f 978/978/978 980/980/980 977/977/977
f 983/983/983 982/982/982 981/981/981
f 982/982/982 984/984/984 981/981/981
f 987/987/987 986/986/986 985/985/985
f 986/986/986 988/988/988 985/985/985
f 991/991/991 990/990/990 989/989/989
f 990/990/990 992/992/992 989/989/989
f 995/995/995 994/994/994 993/993/993
f 994/994/994 996/996/996 993/993/993
f 999/999/999 998/998/998 997/997/997
f 998/998/998 1000/1000/1000 997/997/997
f 1003/1003/1003 1002/1002/1002 1001/1001/1001
f 1002/1002/1002 1004/1004/1004 1001/1001/1001
f 1007/1007/1007 1006/1006/1006 1005/1005/1005
f 1006/1006/1006 1008/1008/1008 1005/1005/1005
f 1011/1011/1011 1010/1010/1010 1009/1009/1009
f 1010/1010/1010 1012/1012/1012 1009/1009/1009
f 1015/1015/1015 1014/1014/1014 1013/1013/1013
f 1014/1014/1014 1016/1016/1016 1013/1013/1013
f 1019/1019/1019 1018/1018/1018 1017/1017/1017
f 1018/1018/1018 1020/1020/1020 1017/1017/1017
f 1023/1023/1023 1022/1022/1022 1021/1021/1021
f 1022/1022/1022 1024/1024/1024 1021/1021/1021
f 1027/1027/1027 1026/1026/1026 1025/1025/1025
f 1026/1026/1026 1028/1028/1028 1025/1025/1025
f 1031/1031/1031 1030/1030/1030 1029/1029/1029
f 1030/1030/1030 1032/1032/1032 1029/1029/1029
f 1035/1035/1035 1034/1034/1034 1033/1033/1033
f 1034/1034/1034 1036/1036/1036 1033/1033/1033
f 1039/1039/1039 1038/1038/1038 1037/1037/1037
f 1038/1038/1038 1040/1040/1040 1037/1037/1037
f 1043/1043/1043 1042/1042/1042 1041/1041/1041
f 1042/1042/1042 1044/1044/1044 1041/1041/1041
f 1047/1047/1047 1046/1046/1046 1045/1045/1045
f 1046/1046/1046 1048/1048/1048 1045/1045/1045
f 1051/1051/1051 1050/1050/1050 1049/1049/1049
f 1050/1050/1050 1052/1052/1052 1049/1049/1049
f 1055/1055/1055 1054/1054/1054 1053/1053/1053
f 1054/1054/1054 1056/1056/1056 1053/1053/1053
f 1059/1059/1059 1058/1058/1058 1057/1057/1057
f 1058/1058/1058 1060/1060/1060 1057/1057/1057
f 1063/1063/1063 1062/1062/1062 1061/1061/1061
f 1062/1062/1062 1064/1064/1064 1061/1061/1061
f 1067/1067/1067 1066/1066/1066 1065/1065/1065
f 1066/1066/1066 1068/1068/1068 1065/1065/1065
f 1071/1071/1071 1070/1070/1070 1069/1069/1069
f 1070/1070/1070 1072/1072/1072 1069/1069/1069
f 1075/1075/1075 1074/1074/1074 1073/1073/1073
f 1074/1074/1074 1076/1076/1076 1073/1073/1073
f 1079/1079/1079 1078/1078/1078 1077/1077/1077
f 1078/1078/1078 1080/1080/1080 1077/1077/1077
f 1083/1083/1083 1082/1082/1082 1081/1081/1081
f 1082/1082/1082 1084/1084/1084 1081/1081/1081
f 1087/1087/1087 1086/1086/1086 1085/1085/1085
f 1086/1086/1086 1088/1088/1088 1085/1085/1085
f 1091/1091/1091 1090/1090/1090 1089/1089/1089
f 1090/1090/1090 1092/1092/1092 1089/1089/1089
f 1095/1095/1095 1094/1094/1094 1093/1093/1093
f 1094/1094/1094 1096/1096/1096 1093/1093/1093
f 1099/1099/1099 1098/1098/1098 1097/1097/1097
f 1098/1098/1098 1100/1100/1100 1097/1097/1097
f 1103/1103/1103 1102/1102/1102 1101/1101/1101
f 1102/1102/1102 1104/1104/1104 1101/1101/1101
f 1107/1107/1107 1106/1106/1106 1105/1105/1105
f 1106/1106/1106 1108/1108/1108 1105/1105/1105
f 1111/1111/1111 1110/1110/1110 1109/1109/1109
f 1110/1110/1110 1112/1112/1112 1109/1109/1109
f 1115/1115/1115 1114/1114/1114 1113/1113/1113
f 1114/1114/1114 1116/1116/1116 1113/1113/1113
f 1119/1119/1119 1118/1118/1118 1117/1117/1117
f 1118/1118/1118 1120/1120/1120 1117/1117/1117
f 1123/1123/1123 1122/1122/1122 1121/1121/1121
f 1122/1122/1122 1124/1124/1124 1121/1121/1121
f 1127/1127/1127 1126/1126/1126 1125/1125/1125
f 1126/1126/1126 1128/1128/1128 1125/1125/1125
f 1131/1131/1131 1130/1130/1130 1129/1129/1129
f 1130/1130/1130 1132/1132/1132 1129/1129/1129
f 1135/1135/1135 1134/1134/1134 1133/1133/1133
f 1134/1134/1134 1136/1136/1136 1133/1133/1133
f 1139/1139/1139 1138/1138/1138 1137/1137/1137
f 1138/1138/1138 1140/1140/1140 1137/1137/1137
f 1143/1143/1143 1142/1142/1142 1141/1141/1141
f 1142/1142/1142 1144/1144/1144 1141/1141/1141
f 1147/1147/1147 1146/1146/1146 1145/1145/1145
f 1146/1146/1146 1148/1148/1148 1145/1145/1145
f 1151/1151/1151 1150/1150/1150 1149/1149/1149
f 1150/1150/1150 1152/1152/1152 1149/1149/1149
f 1155/1155/1155 1154/1154/1154 1153/1153/1153
f 1154/1154/1154 1156/1156/1156 1153/1153/1153
f 1159/1159/1159 1158/1158/1158 1157/1157/1157
f 1158/1158/1158 1160/1160/1160 1157/1157/1157
f 1163/1163/1163 1162/1162/1162 1161/1161/1161
f 1162/1162/1162 1164/1164/1164 1161/1161/1161
f 1167/1167/1167 1166/1166/1166 1165/1165/1165
f 1166/1166/1166 1168/1168/1168 1165/1165/1165
f 1171/1171/1171 1170/1170/1170 1169/1169/1169
f 1170/1170/1170 1172/1172/1172 1169/1169/1169
f 1175/1175/1175 1174/1174/1174 1173/1173/1173
f 1174/1174/1174 1176/1176/1176 1173/1173/1173
f 1179/1179/1179 1178/1178/1178 1177/1177/1177
f 1178/1178/1178 1180/1180/1180 1177/1177/1177
f 1183/1183/1183 1182/1182/1182 1181/1181/1181
f 1182/1182/1182 1184/1184/1184 1181/1181/1181
f 1187/1187/1187 1186/1186/1186 1185/1185/1185
f 1186/1186/1186 1188/1188/1188 1185/1185/1185
f 1191/1191/1191 1190/1190/1190 1189/1189/1189
f 1190/1190/1190 1192/1192/1192 1189/1189/1189
f 1195/1195/1195 1194/1194/1194 1193/1193/1193
f 1194/1194/1194 1196/1196/1196 1193/1193/1193
f 1199/1199/1199 1198/1198/1198 1197/1197/1197
f 1198/1198/1198 1200/1200/1200 1197/1197/1197
f 1203/1203/1203 1202/1202/1202 1201/1201/1201
f 1202/1202/1202 1204/1204/1204 1201/1201/1201
f 1207/1207/1207 1206/1206/1206 1205/1205/1205
f 1206/1206/1206 1208/1208/1208 1205/1205/1205
f 1211/1211/1211 1210/1210/1210 1209/1209/1209
f 1210/1210/1210 1212/1212/1212 1209/1209/1209
f 1215/1215/1215 1214/1214/1214 1213/1213/1213
f 1214/1214/1214 1216/1216/1216 1213/1213/1213
f 1219/1219/1219 1218/1218/1218 1217/1217/1217
f 1218/1218/1218 1220/1220/1220 1217/1217/1217
f 1223/1223/1223 1222/1222/1222 1221/1221/1221
f 1222/1222/1222 1224/1224/1224 1221/1221/1221
f 1227/1227/1227 1226/1226/1226 1225/1225/1225
f 1226/1226/1226 1228/1228/1228 1225/1225/1225
f 1231/1231/1231 1230/1230/1230 1229/1229/1229
f 1230/1230/1230 1232/1232/1232 1229/1229/1229
f 1235/1235/1235 1234/1234/1234 1233/1233/1233
f 1234/1234/1234 1236/1236/1236 1233/1233/1233
f 1239/1239/1239 1238/1238/1238 1237/1237/1237
f 1238/1238/1238 1240/1240/1240 1237/1237/1237
f 1243/1243/1243 1242/1242/1242 1241/1241/1241
f 1242/1242/1242 1244/1244/1244 1241/1241/1241
f 1247/1247/1247 1246/1246/1246 1245/1245/1245
f 1246/1246/1246 1248/1248/1248 1245/1245/1245
f 1251/1251/1251 1250/1250/1250 1249/1249/1249
f 1250/1250/1250 1252/1252/1252 1249/1249/1249
f 1255/1255/1255 1254/1254/1254 1253/1253/1253
f 1254/1254/1254 1256/1256/1256 1253/1253/1253
f 1257/1257/1257 1254/1254/1254 1255/1255/1255
f 1258/1258/1258 1253/1253/1253 1256/1256/1256
f 1261/1261/1261 1260/1260/1260 1259/1259/1259
f 1260/1260/1260 1262/1262/1262 1259/1259/1259
f 1265/1265/1265 1264/1264/1264 1263/1263/1263
f 1264/1264/1264 1266/1266/1266 1263/1263/1263
f 1269/1269/1269 1268/1268/1268 1267/1267/1267
f 1268/1268/1268 1270/1270/1270 1267/1267/1267
f 1267/1267/1267 1271/1271/1271 1269/1269/1269
f 1271/1271/1271 1272/1272/1272 1269/1269/1269
f 1275/1275/1275 1274/1274/1274 1273/1273/1273
f 1274/1274/1274 1276/1276/1276 1273/1273/1273
f 1273/1273/1273 1276/1276/1276 1277/1277/1277
f 1276/1276/1276 1278/1278/1278 1277/1277/1277
f 1281/1281/1281 1280/1280/1280 1279/1279/1279
f 1280/1280/1280 1282/1282/1282 1279/1279/1279
f 1285/1285/1285 1284/1284/1284 1283/1283/1283
f 1284/1284/1284 1286/1286/1286 1283/1283/1283
f 1289/1289/1289 1288/1288/1288 1287/1287/1287
f 1288/1288/1288 1290/1290/1290 1287/1287/1287
f 1293/1293/1293 1292/1292/1292 1291/1291/1291
f 1292/1292/1292 1294/1294/1294 1291/1291/1291
f 1297/1297/1297 1296/1296/1296 1295/1295/1295
f 1296/1296/1296 1298/1298/1298 1295/1295/1295
f 1301/1301/1301 1300/1300/1300 1299/1299/1299
f 1300/1300/1300 1302/1302/1302 1299/1299/1299
f 1305/1305/1305 1304/1304/1304 1303/1303/1303
f 1304/1304/1304 1306/1306/1306 1303/1303/1303
f 1309/1309/1309 1308/1308/1308 1307/1307/1307
f 1308/1308/1308 1310/1310/1310 1307/1307/1307
f 1313/1313/1313 1312/1312/1312 1311/1311/1311
f 1312/1312/1312 1314/1314/1314 1311/1311/1311
f 1317/1317/1317 1316/1316/1316 1315/1315/1315
f 1316/1316/1316 1318/1318/1318 1315/1315/1315
f 1317/1317/1317 1315/1315/1315 1319/1319/1319
f 1315/1315/1315 1320/1320/1320 1319/1319/1319
f 1323/1323/1323 1322/1322/1322 1321/1321/1321
f 1322/1322/1322 1324/1324/1324 1321/1321/1321
f 1327/1327/1327 1326/1326/1326 1325/1325/1325
f 1326/1326/1326 1328/1328/1328 1325/1325/1325
f 1331/1331/1331 1330/1330/1330 1329/1329/1329
f 1330/1330/1330 1332/1332/1332 1329/1329/1329
f 1335/1335/1335 1334/1334/1334 1333/1333/1333
f 1334/1334/1334 1336/1336/1336 1333/1333/1333
f 1339/1339/1339 1338/1338/1338 1337/1337/1337
f 1338/1338/1338 1340/1340/1340 1337/1337/1337
f 1338/1338/1338 1341/1341/1341 1340/1340/1340
f 1337/1337/1337 1342/1342/1342 1339/1339/1339
f 1345/1345/1345 1344/1344/1344 1343/1343/1343
f 1344/1344/1344 1346/1346/1346 1343/1343/1343
f 1349/1349/1349 1348/1348/1348 1347/1347/1347
f 1348/1348/1348 1350/1350/1350 1347/1347/1347
f 1353/1353/1353 1352/1352/1352 1351/1351/1351
f 1352/1352/1352 1354/1354/1354 1351/1351/1351
f 1355/1355/1355 1351/1351/1351 1354/1354/1354
f 1356/1356/1356 1355/1355/1355 1354/1354/1354
f 1359/1359/1359 1358/1358/1358 1357/1357/1357
f 1358/1358/1358 1360/1360/1360 1357/1357/1357
f 1359/1359/1359 1357/1357/1357 1361/1361/1361
f 1362/1362/1362 1359/1359/1359 1361/1361/1361
f 1365/1365/1365 1364/1364/1364 1363/1363/1363
f 1364/1364/1364 1366/1366/1366 1363/1363/1363
f 1369/1369/1369 1368/1368/1368 1367/1367/1367
f 1368/1368/1368 1370/1370/1370 1367/1367/1367
f 1373/1373/1373 1372/1372/1372 1371/1371/1371
f 1372/1372/1372 1374/1374/1374 1371/1371/1371
f 1377/1377/1377 1376/1376/1376 1375/1375/1375
f 1376/1376/1376 1378/1378/1378 1375/1375/1375
f 1381/1381/1381 1380/1380/1380 1379/1379/1379
f 1380/1380/1380 1382/1382/1382 1379/1379/1379
f 1385/1385/1385 1384/1384/1384 1383/1383/1383
f 1384/1384/1384 1386/1386/1386 1383/1383/1383
f 1389/1389/1389 1388/1388/1388 1387/1387/1387
f 1388/1388/1388 1390/1390/1390 1387/1387/1387
f 1393/1393/1393 1392/1392/1392 1391/1391/1391
f 1392/1392/1392 1394/1394/1394 1391/1391/1391
f 1397/1397/1397 1396/1396/1396 1395/1395/1395
f 1396/1396/1396 1398/1398/1398 1395/1395/1395
f 1401/1401/1401 1400/1400/1400 1399/1399/1399
f 1400/1400/1400 1402/1402/1402 1399/1399/1399
f 1399/1399/1399 1402/1402/1402 1403/1403/1403
f 1404/1404/1404 1399/1399/1399 1403/1403/1403
f 1407/1407/1407 1406/1406/1406 1405/1405/1405
f 1406/1406/1406 1408/1408/1408 1405/1405/1405
f 1411/1411/1411 1410/1410/1410 1409/1409/1409
f 1410/1410/1410 1412/1412/1412 1409/1409/1409
f 1415/1415/1415 1414/1414/1414 1413/1413/1413
f 1414/1414/1414 1416/1416/1416 1413/1413/1413
f 1415/1415/1415 1413/1413/1413 1417/1417/1417
f 1418/1418/1418 1415/1415/1415 1417/1417/1417
f 1421/1421/1421 1420/1420/1420 1419/1419/1419
f 1420/1420/1420 1422/1422/1422 1419/1419/1419
f 1425/1425/1425 1424/1424/1424 1423/1423/1423
f 1424/1424/1424 1426/1426/1426 1423/1423/1423
f 1429/1429/1429 1428/1428/1428 1427/1427/1427
f 1428/1428/1428 1430/1430/1430 1427/1427/1427
f 1431/1431/1431 1428/1428/1428 1429/1429/1429
f 1432/1432/1432 1431/1431/1431 1429/1429/1429
f 1432/1432/1432 1433/1433/1433 1431/1431/1431
f 1433/1433/1433 1434/1434/1434 1431/1431/1431
f 1437/1437/1437 1436/1436/1436 1435/1435/1435
f 1436/1436/1436 1438/1438/1438 1435/1435/1435
f 1441/1441/1441 1440/1440/1440 1439/1439/1439
f 1440/1440/1440 1442/1442/1442 1439/1439/1439
f 1439/1439/1439 1442/1442/1442 1443/1443/1443
f 1442/1442/1442 1444/1444/1444 1443/1443/1443
f 1447/1447/1447 1446/1446/1446 1445/1445/1445
f 1446/1446/1446 1448/1448/1448 1445/1445/1445
f 1451/1451/1451 1450/1450/1450 1449/1449/1449
f 1450/1450/1450 1452/1452/1452 1449/1449/1449
f 1455/1455/1455 1454/1454/1454 1453/1453/1453
f 1454/1454/1454 1456/1456/1456 1453/1453/1453
f 1454/1454/1454 1457/1457/1457 1456/1456/1456
f 1457/1457/1457 1458/1458/1458 1456/1456/1456
f 1459/1459/1459 1458/1458/1458 1457/1457/1457
f 1460/1460/1460 1459/1459/1459 1457/1457/1457
f 1463/1463/1463 1462/1462/1462 1461/1461/1461
f 1462/1462/1462 1464/1464/1464 1461/1461/1461
