g DSJ_GTA_gaoLou_25
v 2.219212 -27.25864 21.98278
v 3.726601 -28.84978 6.238926
v 3.726601 -28.84978 21.98278
v 2.219212 -27.25864 6.238926
v 3.726601 -28.84978 21.98278
v 4.480297 -31.02712 6.238926
v 4.480297 -31.02712 21.98278
v 3.726601 -28.84978 6.238926
v -4.480301 -31.02712 21.98278
v -3.894096 -28.84978 6.238926
v -3.894096 -28.84978 21.98278
v -4.480301 -31.02712 6.238926
v -3.894096 -28.84978 21.98278
v -2.219215 -27.25864 6.238926
v -2.219215 -27.25864 21.98278
v -3.894096 -28.84978 6.238926
v -2.219215 -27.25864 21.98278
v 0.04187012 -26.67244 6.238926
v 0.04187012 -26.67244 21.98278
v -2.219215 -27.25864 6.238926
v 0.04187012 -26.67244 21.98278
v 2.219212 -27.25864 6.238926
v 2.219212 -27.25864 21.98278
v 0.04187012 -26.67244 6.238926
v 3.726601 -28.84978 21.98278
v 0.04187012 -31.02712 21.98278
v 2.219212 -27.25864 21.98278
v 4.480297 -31.02712 21.98278
v 0.04187012 -26.67244 21.98278
v -2.219215 -27.25864 21.98278
v -3.894096 -28.84978 21.98278
v -4.480301 -31.02712 21.98278
v 0.04187012 -31.02712 22.31776
v 4.982761 -32.03205 22.31776
v 0.04187012 -32.03205 22.31776
v 4.982761 -31.02712 22.31776
v -4.899021 -31.02712 22.31776
v -4.899021 -32.03205 22.31776
v 0.04187012 -32.03205 20.64288
v 4.982761 -32.03205 22.31776
v 4.982761 -32.03205 20.64288
v 0.04187012 -32.03205 22.31776
v -4.899021 -32.03205 20.64288
v -4.899021 -32.03205 22.31776
v 4.982761 -32.03205 20.64288
v 4.982761 -31.02712 22.31776
v 4.982761 -31.02712 20.64288
v 4.982761 -32.03205 22.31776
v 4.982761 -31.02712 20.64288
v 0.04187012 -31.02712 22.31776
v 0.04187012 -31.02712 20.64288
v 4.982761 -31.02712 22.31776
v -4.899021 -31.02712 22.31776
v -4.899021 -31.02712 20.64288
v -4.899021 -31.02712 20.64288
v -4.899021 -32.03205 22.31776
v -4.899021 -32.03205 20.64288
v -4.899021 -31.02712 22.31776
v -15.95322 6.238926 0.7955704
v -15.95322 -25.835 -22.4015
v -15.95322 6.238926 -22.4015
v -15.95322 -25.835 0.7955704
v -15.95322 38.31284 -22.4015
v -6.741386 38.31284 0.7955704
v -15.95322 38.31284 0.7955704
v -6.741386 38.31284 -22.4015
v 15.70198 6.238926 -22.4015
v 15.70198 -25.835 0.7955704
v 15.70198 6.238926 0.7955704
v 15.70198 -25.835 -22.4015
v -6.741386 -25.835 0.7955704
v -15.95322 6.238926 0.7955704
v -6.741386 6.238926 0.7955704
v -15.95322 -25.835 0.7955704
v -15.95322 -25.835 -22.4015
v -6.741386 6.238926 -22.4015
v -15.95322 6.238926 -22.4015
v -6.741386 -25.835 -22.4015
v 6.406406 38.31284 -22.4015
v 15.70198 38.31284 0.7955704
v 6.406406 38.31284 0.7955704
v 15.70198 38.31284 -22.4015
v 6.406406 6.238926 -22.4015
v 15.70198 -25.835 -22.4015
v 15.70198 6.238926 -22.4015
v 6.406406 -25.835 -22.4015
v 15.70198 -25.835 0.7955704
v 6.406406 6.238926 0.7955704
v 15.70198 6.238926 0.7955704
v 6.406406 -25.835 0.7955704
v 6.406406 -25.835 -24.07638
v -6.741386 6.238926 -24.07638
v -6.741386 -25.835 -24.07638
v 6.406406 6.238926 -24.07638
v 6.406406 6.238926 2.386703
v -6.741386 -25.835 2.386703
v -6.741386 6.238926 2.386703
v 6.406406 -25.835 2.386703
v -6.741386 42.83502 -24.07638
v 6.406406 42.83502 2.386703
v -6.741386 42.83502 2.386703
v 6.406406 42.83502 -24.07638
v -6.741386 -25.835 -22.4015
v -6.741386 6.238926 -24.07638
v -6.741386 6.238926 -22.4015
v -6.741386 -25.835 -24.07638
v -6.741386 6.238926 0.7955704
v -6.741386 -25.835 2.386703
v -6.741386 -25.835 0.7955704
v -6.741386 6.238926 2.386703
v -6.741386 38.31284 -22.4015
v -6.741386 42.83502 2.386703
v -6.741386 38.31284 0.7955704
v -6.741386 42.83502 -24.07638
v -6.741386 6.238926 2.386703
v -6.741386 6.238926 0.7955704
v -6.741386 6.238926 -24.07638
v -6.741386 6.238926 -22.4015
v 6.406406 38.31284 0.7955704
v 6.406406 42.83502 -24.07638
v 6.406406 38.31284 -22.4015
v 6.406406 42.83502 2.386703
v 6.406406 6.238926 -24.07638
v 6.406406 6.238926 -22.4015
v 6.406406 6.238926 2.386703
v 6.406406 6.238926 0.7955704
v 6.406406 6.238926 -22.4015
v 6.406406 -25.835 -24.07638
v 6.406406 -25.835 -22.4015
v 6.406406 6.238926 -24.07638
v 6.406406 -25.835 0.7955704
v 6.406406 6.238926 2.386703
v 6.406406 6.238926 0.7955704
v 6.406406 -25.835 2.386703
v -15.95322 6.238926 0.7955704
v -6.741386 38.31284 0.7955704
v -6.741386 6.238926 0.7955704
v -15.95322 38.31284 0.7955704
v -15.95322 38.31284 0.7955704
v -15.95322 6.238926 -22.4015
v -15.95322 38.31284 -22.4015
v -15.95322 6.238926 0.7955704
v -6.741386 6.238926 -22.4015
v -15.95322 38.31284 -22.4015
v -15.95322 6.238926 -22.4015
v -6.741386 38.31284 -22.4015
v -6.741386 6.238926 -24.07638
v 6.406406 42.83502 -24.07638
v -6.741386 42.83502 -24.07638
v 6.406406 6.238926 -24.07638
v 6.406406 38.31284 -22.4015
v 15.70198 6.238926 -22.4015
v 15.70198 38.31284 -22.4015
v 6.406406 6.238926 -22.4015
v 15.70198 38.31284 -22.4015
v 15.70198 6.238926 0.7955704
v 15.70198 38.31284 0.7955704
v 15.70198 6.238926 -22.4015
v 6.406406 6.238926 0.7955704
v 15.70198 38.31284 0.7955704
v 15.70198 6.238926 0.7955704
v 6.406406 38.31284 0.7955704
v 6.406406 42.83502 2.386703
v -6.741386 6.238926 2.386703
v -6.741386 42.83502 2.386703
v 6.406406 6.238926 2.386703
v -9.756168 -41.6626 7.327595
v -1.465523 -35.04683 7.327595
v -1.465523 -41.6626 7.327595
v -9.756168 -35.04683 7.327595
v 0.4605904 -41.6626 7.327595
v 8.751236 -35.04683 7.327595
v 8.751236 -41.6626 7.327595
v 0.4605904 -35.04683 7.327595
v -5.485229 -34.46062 7.578827
v -0.3768501 -34.46062 6.490158
v -0.3768501 -34.46062 7.578827
v -5.485229 -34.46062 6.490158
v -1.549263 -35.71678 7.578827
v -5.485229 -34.46062 7.578827
v -0.3768501 -34.46062 7.578827
v -1.549263 -35.71678 7.578827
v -5.485229 -35.71678 7.578827
v -1.549263 -35.71678 6.490158
v -5.485229 -35.71678 7.578827
v -1.549263 -35.71678 7.578827
v -5.485229 -35.71678 6.490158
v -0.3768501 -34.46062 7.578827
v -0.3768501 -41.49511 6.490158
v -0.3768501 -41.49511 7.578827
v -0.3768501 -34.46062 6.490158
v -1.549263 -35.71678 7.578827
v -0.3768501 -41.49511 7.578827
v -1.549263 -41.49511 7.578827
v -0.3768501 -34.46062 7.578827
v -1.549263 -35.71678 7.578827
v -1.549263 -41.49511 6.490158
v -1.549263 -35.71678 6.490158
v -1.549263 -41.49511 7.578827
v -5.485229 -34.46062 7.578827
v -10.67735 -34.46062 6.490158
v -5.485229 -34.46062 6.490158
v -10.67735 -34.46062 7.578827
v -9.504936 -35.71678 7.578827
v -5.485229 -34.46062 7.578827
v -5.485229 -35.71678 7.578827
v -9.504936 -35.71678 7.578827
v -10.67735 -34.46062 7.578827
v -9.504936 -35.71678 6.490158
v -5.485229 -35.71678 7.578827
v -5.485229 -35.71678 6.490158
v -9.504936 -35.71678 7.578827
v -10.67735 -34.46062 7.578827
v -10.67735 -41.49511 6.490158
v -10.67735 -34.46062 6.490158
v -10.67735 -41.49511 7.578827
v -9.504936 -35.71678 7.578827
v -10.67735 -41.49511 7.578827
v -10.67735 -34.46062 7.578827
v -9.504936 -41.49511 7.578827
v -9.504936 -35.71678 7.578827
v -9.504936 -41.49511 6.490158
v -9.504936 -41.49511 7.578827
v -9.504936 -35.71678 6.490158
v 4.731529 -34.46062 7.578827
v 9.839909 -34.46062 6.490158
v 9.839909 -34.46062 7.578827
v 4.731529 -34.46062 6.490158
v 8.583752 -35.71678 7.578827
v 4.731529 -34.46062 7.578827
v 9.839909 -34.46062 7.578827
v 8.583752 -35.71678 7.578827
v 4.731529 -35.71678 7.578827
v 8.583752 -35.71678 6.490158
v 4.731529 -35.71678 7.578827
v 8.583752 -35.71678 7.578827
v 4.731529 -35.71678 6.490158
v 9.839909 -34.46062 7.578827
v 9.839909 -41.49511 6.490158
v 9.839909 -41.49511 7.578827
v 9.839909 -34.46062 6.490158
v 8.583752 -35.71678 7.578827
v 9.839909 -41.49511 7.578827
v 8.583752 -41.49511 7.578827
v 9.839909 -34.46062 7.578827
v 8.583752 -35.71678 7.578827
v 8.583752 -41.49511 6.490158
v 8.583752 -35.71678 6.490158
v 8.583752 -41.49511 7.578827
v 4.731529 -34.46062 7.578827
v -0.3768501 -34.46062 6.490158
v 4.731529 -34.46062 6.490158
v -0.3768501 -34.46062 7.578827
v 0.7118225 -35.71678 7.578827
v 4.731529 -34.46062 7.578827
v 4.731529 -35.71678 7.578827
v 0.7118225 -35.71678 7.578827
v -0.3768501 -34.46062 7.578827
v 0.7118225 -35.71678 6.490158
v 4.731529 -35.71678 7.578827
v 4.731529 -35.71678 6.490158
v 0.7118225 -35.71678 7.578827
v -0.3768501 -34.46062 7.578827
v -0.3768501 -41.49511 6.490158
v -0.3768501 -34.46062 6.490158
v -0.3768501 -41.49511 7.578827
v 0.7118225 -35.71678 7.578827
v -0.3768501 -41.49511 7.578827
v -0.3768501 -34.46062 7.578827
v 0.7118225 -41.49511 7.578827
v 0.7118225 -35.71678 7.578827
v 0.7118225 -41.49511 6.490158
v 0.7118225 -41.49511 7.578827
v 0.7118225 -35.71678 6.490158
v -6.071438 -21.06159 5.150253
v -7.327595 -20.05667 5.150253
v -6.992619 -19.80544 5.150253
v -6.908875 -20.97785 5.150253
v -7.076363 -22.23401 5.150253
v -8.332523 -22.06652 5.150253
v -8.332523 -22.31775 5.150253
v -6.741386 -23.57391 5.150253
v -5.820206 -23.49017 5.150253
v -6.908875 -24.74633 5.150253
v -7.160107 -24.32761 5.150253
v -8.332523 -24.91381 5.150253
v -8.332523 -24.66258 5.150253
v -10.67735 -24.91381 5.150253
v -9.253704 -24.57884 5.150253
v -10.67735 -24.74633 5.150253
v -10.0074 -23.99263 5.150253
v -9.253704 -22.31775 5.150253
v -10.0074 -20.55913 5.150253
v -9.253704 -21.98278 5.150253
v -9.253704 -19.88918 5.150253
v -10.67735 -19.72169 5.150253
v -8.332523 -19.80544 5.150253
v -8.332523 -19.63795 5.150253
v -10.67735 -19.63795 5.150253
v -5.820206 -23.49017 5.150253
v -7.076363 -22.23401 4.815277
v -5.820206 -23.49017 4.815277
v -7.076363 -22.23401 5.150253
v -7.076363 -22.23401 5.150253
v -6.071438 -21.06159 4.815277
v -7.076363 -22.23401 4.815277
v -6.071438 -21.06159 5.150253
v -6.071438 -21.06159 5.150253
v -6.992619 -19.80544 4.815277
v -6.071438 -21.06159 4.815277
v -6.992619 -19.80544 5.150253
v -7.327595 -20.05667 5.150253
v -6.908875 -20.97785 4.815277
v -7.327595 -20.05667 4.815277
v -6.908875 -20.97785 5.150253
v -6.908875 -20.97785 5.150253
v -8.332523 -22.06652 4.815277
v -6.908875 -20.97785 4.815277
v -6.908875 -20.97785 5.150253
v -8.332523 -22.06652 5.150253
v -8.332523 -22.06652 4.815277
v -8.332523 -24.91381 5.150253
v -6.908875 -24.74633 4.815277
v -8.332523 -24.91381 4.815277
v -6.908875 -24.74633 5.150253
v -8.332523 -24.66258 4.815277
v -7.160107 -24.32761 5.150253
v -8.332523 -24.66258 5.150253
v -7.160107 -24.32761 4.815277
v -10.0074 -20.55913 5.150253
v -10.0074 -23.99263 4.815277
v -10.0074 -20.55913 4.815277
v -10.0074 -23.99263 5.150253
v -10.67735 -24.74633 4.815277
v -10.0074 -23.99263 5.150253
v -10.67735 -24.74633 5.150253
v -10.0074 -23.99263 4.815277
v -10.67735 -24.74633 5.150253
v -10.67735 -24.91381 4.815277
v -10.67735 -24.74633 4.815277
v -10.67735 -24.91381 5.150253
v -8.332523 -24.91381 4.815277
v -10.67735 -24.91381 5.150253
v -8.332523 -24.91381 5.150253
v -10.67735 -24.91381 4.815277
v -8.332523 -24.66258 5.150253
v -9.253704 -24.57884 4.815277
v -8.332523 -24.66258 4.815277
v -9.253704 -24.57884 5.150253
v -9.253704 -24.57884 5.150253
v -9.253704 -22.31775 4.815277
v -9.253704 -24.57884 4.815277
v -9.253704 -22.31775 5.150253
v -8.332523 -22.31775 4.815277
v -9.253704 -22.31775 5.150253
v -8.332523 -22.31775 5.150253
v -9.253704 -22.31775 4.815277
v -10.67735 -19.63795 5.150253
v -10.67735 -19.72169 4.815277
v -10.67735 -19.63795 4.815277
v -10.67735 -19.72169 5.150253
v -10.0074 -20.55913 4.815277
v -10.67735 -19.72169 5.150253
v -10.0074 -20.55913 5.150253
v -10.67735 -19.72169 4.815277
v -9.253704 -21.98278 4.815277
v -8.332523 -22.06652 5.150253
v -9.253704 -21.98278 5.150253
v -8.332523 -22.06652 4.815277
v -9.253704 -21.98278 5.150253
v -9.253704 -19.88918 4.815277
v -9.253704 -21.98278 4.815277
v -9.253704 -19.88918 5.150253
v -8.332523 -19.80544 4.815277
v -9.253704 -19.88918 5.150253
v -8.332523 -19.80544 5.150253
v -9.253704 -19.88918 4.815277
v -10.67735 -19.63795 4.815277
v -8.332523 -19.63795 5.150253
v -10.67735 -19.63795 5.150253
v -8.332523 -19.63795 4.815277
v -6.992619 -19.80544 5.150253
v -8.332523 -19.63795 4.815277
v -6.992619 -19.80544 4.815277
v -8.332523 -19.63795 5.150253
v -8.332523 -19.80544 5.150253
v -7.327595 -20.05667 4.815277
v -8.332523 -19.80544 4.815277
v -7.327595 -20.05667 5.150253
v -6.908875 -24.74633 5.150253
v -5.820206 -23.49017 4.815277
v -6.908875 -24.74633 4.815277
v -5.820206 -23.49017 5.150253
v -8.332523 -22.31775 5.150253
v -6.741386 -23.57391 4.815277
v -8.332523 -22.31775 4.815277
v -6.741386 -23.57391 5.150253
v -6.741386 -23.57391 5.150253
v -7.160107 -24.32761 4.815277
v -6.741386 -23.57391 4.815277
v -7.160107 -24.32761 5.150253
v -5.317741 -24.74633 5.150253
v -3.726608 -24.91381 5.150253
v -5.317741 -24.91381 5.150253
v -3.726608 -24.74633 5.150253
v -4.312813 -24.49509 5.150253
v -2.554192 -19.38672 5.150253
v -3.810352 -23.07145 5.150253
v -3.726608 -22.82022 5.150253
v -2.805424 -20.72662 5.150253
v -1.716751 -23.07145 5.150253
v -1.800495 -22.82022 5.150253
v -2.386703 -19.38672 5.150253
v -1.214291 -24.49509 5.150253
v 0.2931023 -24.74633 5.150253
v 0.2931023 -24.91381 5.150253
v -1.716751 -24.74633 5.150253
v -1.716751 -24.91381 5.150253
v -3.726608 -22.82022 5.150253
v -2.805424 -20.72662 4.815277
v -3.726608 -22.82022 4.815277
v -2.805424 -20.72662 5.150253
v -2.386703 -19.38672 5.150253
v -2.554192 -19.38672 4.815277
v -2.386703 -19.38672 4.815277
v -2.554192 -19.38672 5.150253
v -5.317741 -24.74633 4.815277
v -2.554192 -19.38672 5.150253
v -5.317741 -24.74633 5.150253
v -2.554192 -19.38672 4.815277
v -1.800495 -22.82022 5.150253
v -3.726608 -22.82022 4.815277
v -1.800495 -22.82022 4.815277
v -3.726608 -22.82022 5.150253
v -5.317741 -24.74633 5.150253
v -5.317741 -24.91381 4.815277
v -5.317741 -24.74633 4.815277
v -5.317741 -24.91381 5.150253
v -5.317741 -24.91381 5.150253
v -3.726608 -24.91381 4.815277
v -5.317741 -24.91381 4.815277
v -3.726608 -24.91381 5.150253
v -3.726608 -24.91381 5.150253
v -3.726608 -24.74633 4.815277
v -3.726608 -24.91381 4.815277
v -3.726608 -24.74633 5.150253
v -3.726608 -24.74633 5.150253
v -4.312813 -24.49509 4.815277
v -3.726608 -24.74633 4.815277
v -4.312813 -24.49509 5.150253
v -4.312813 -24.49509 5.150253
v -3.810352 -23.07145 4.815277
v -4.312813 -24.49509 4.815277
v -3.810352 -23.07145 5.150253
v -1.716751 -23.07145 4.815277
v -3.810352 -23.07145 5.150253
v -1.716751 -23.07145 5.150253
v -3.810352 -23.07145 4.815277
v -1.716751 -23.07145 5.150253
v -1.214291 -24.49509 4.815277
v -1.716751 -23.07145 4.815277
v -1.214291 -24.49509 5.150253
v -1.214291 -24.49509 5.150253
v -1.716751 -24.74633 4.815277
v -1.214291 -24.49509 4.815277
v -1.716751 -24.74633 5.150253
v -1.716751 -24.74633 5.150253
v -1.716751 -24.91381 4.815277
v -1.716751 -24.74633 4.815277
v -1.716751 -24.91381 5.150253
v -1.716751 -24.91381 5.150253
v 0.2931023 -24.91381 4.815277
v -1.716751 -24.91381 4.815277
v 0.2931023 -24.91381 5.150253
v 0.2931023 -24.91381 5.150253
v 0.2931023 -24.74633 4.815277
v 0.2931023 -24.91381 4.815277
v 0.2931023 -24.74633 5.150253
v -2.386703 -19.38672 4.815277
v 0.2931023 -24.74633 5.150253
v -2.386703 -19.38672 5.150253
v 0.2931023 -24.74633 4.815277
v -2.805424 -20.72662 5.150253
v -1.800495 -22.82022 4.815277
v -2.805424 -20.72662 4.815277
v -1.800495 -22.82022 5.150253
v 5.066505 -21.39657 5.150253
v 5.401482 -20.72662 5.150253
v 5.401482 -21.39657 5.150253
v 4.480297 -19.72169 5.150253
v 5.98769 -19.72169 5.150253
v 4.312809 -19.63795 5.150253
v 6.155174 -19.63795 5.150253
v 6.155174 -19.72169 5.150253
v 4.312809 -19.72169 5.150253
v 5.317738 -24.99756 5.150253
v 5.401482 -24.99756 5.150253
v 5.066505 -23.57391 5.150253
v 1.800491 -20.72662 5.150253
v 1.800491 -19.63795 5.150253
v 1.381771 -20.22416 5.150253
v 1.381771 -23.57391 5.150253
v 1.800491 -23.99263 5.150253
v 2.302956 -24.74633 5.150253
v 2.302956 -24.91381 5.150253
v 0.7118225 -24.74633 5.150253
v 0.5443344 -24.91381 5.150253
v 0.5443344 -24.74633 5.150253
v 0.2931023 -19.72169 5.150253
v 0.2931023 -19.63795 5.150253
v 2.554188 -24.91381 5.150253
v 2.554188 -24.74633 5.150253
v 5.401482 -21.39657 5.150253
v 5.401482 -20.72662 4.815277
v 5.401482 -21.39657 4.815277
v 5.401482 -20.72662 5.150253
v 5.401482 -20.72662 5.150253
v 5.98769 -19.72169 4.815277
v 5.401482 -20.72662 4.815277
v 5.98769 -19.72169 5.150253
v 5.98769 -19.72169 5.150253
v 6.155174 -19.72169 4.815277
v 5.98769 -19.72169 4.815277
v 6.155174 -19.72169 5.150253
v 6.155174 -19.72169 5.150253
v 6.155174 -19.63795 4.815277
v 6.155174 -19.72169 4.815277
v 6.155174 -19.63795 5.150253
v 6.155174 -19.63795 5.150253
v 4.312809 -19.63795 4.815277
v 6.155174 -19.63795 4.815277
v 4.312809 -19.63795 5.150253
v 4.312809 -19.63795 5.150253
v 4.312809 -19.72169 4.815277
v 4.312809 -19.63795 4.815277
v 4.312809 -19.72169 5.150253
v 4.312809 -19.72169 5.150253
v 4.480297 -19.72169 4.815277
v 4.312809 -19.72169 4.815277
v 4.480297 -19.72169 5.150253
v 4.480297 -19.72169 5.150253
v 5.066505 -21.39657 4.815277
v 4.480297 -19.72169 4.815277
v 5.066505 -21.39657 5.150253
v 5.317738 -24.99756 5.150253
v 5.401482 -24.99756 4.815277
v 5.317738 -24.99756 4.815277
v 5.401482 -24.99756 5.150253
v 5.401482 -21.39657 4.815277
v 5.401482 -24.99756 5.150253
v 5.401482 -21.39657 5.150253
v 5.401482 -24.99756 4.815277
v 5.066505 -21.39657 5.150253
v 5.066505 -23.57391 4.815277
v 5.066505 -21.39657 4.815277
v 5.066505 -23.57391 5.150253
v 1.800491 -19.63795 4.815277
v 5.066505 -23.57391 5.150253
v 1.800491 -19.63795 5.150253
v 5.066505 -23.57391 4.815277
v 1.381771 -20.22416 5.150253
v 1.381771 -23.57391 4.815277
v 1.381771 -20.22416 4.815277
v 1.381771 -23.57391 5.150253
v 1.381771 -23.57391 5.150253
v 0.7118225 -24.74633 4.815277
v 1.381771 -23.57391 4.815277
v 0.7118225 -24.74633 5.150253
v 0.7118225 -24.74633 5.150253
v 0.5443344 -24.74633 4.815277
v 0.7118225 -24.74633 4.815277
v 0.5443344 -24.74633 5.150253
v 0.5443344 -24.74633 5.150253
v 0.5443344 -24.91381 4.815277
v 0.5443344 -24.74633 4.815277
v 0.5443344 -24.91381 5.150253
v 0.5443344 -24.91381 5.150253
v 2.302956 -24.91381 4.815277
v 0.5443344 -24.91381 4.815277
v 2.302956 -24.91381 5.150253
v 2.302956 -24.74633 5.150253
v 1.800491 -23.99263 4.815277
v 2.302956 -24.74633 4.815277
v 1.800491 -23.99263 5.150253
v 1.800491 -20.72662 4.815277
v 1.800491 -23.99263 5.150253
v 1.800491 -20.72662 5.150253
v 1.800491 -23.99263 4.815277
v 2.302956 -24.91381 5.150253
v 2.554188 -24.91381 4.815277
v 2.302956 -24.91381 4.815277
v 2.554188 -24.91381 5.150253
v 2.554188 -24.91381 5.150253
v 2.554188 -24.74633 4.815277
v 2.554188 -24.91381 4.815277
v 2.554188 -24.74633 5.150253
v 2.302956 -24.74633 4.815277
v 2.554188 -24.74633 5.150253
v 2.302956 -24.74633 5.150253
v 2.554188 -24.74633 4.815277
v 0.2931023 -19.72169 5.150253
v 1.381771 -20.22416 4.815277
v 0.2931023 -19.72169 4.815277
v 1.381771 -20.22416 5.150253
v 1.800491 -19.63795 5.150253
v 0.2931023 -19.63795 4.815277
v 1.800491 -19.63795 4.815277
v 0.2931023 -19.63795 5.150253
v 0.2931023 -19.63795 5.150253
v 0.2931023 -19.72169 4.815277
v 0.2931023 -19.63795 4.815277
v 0.2931023 -19.72169 5.150253
v 5.317738 -24.99756 4.815277
v 1.800491 -20.72662 5.150253
v 5.317738 -24.99756 5.150253
v 5.317738 -24.99756 4.815277
v 1.800491 -20.72662 4.815277
v 1.800491 -20.72662 5.150253
v 11.43104 -19.72169 5.150253
v 9.504932 -19.63795 5.150253
v 11.43104 -19.63795 5.150253
v 9.588676 -19.72169 5.150253
v 9.504932 -19.72169 5.150253
v 10.09114 -19.88918 5.150253
v 8.667492 -21.98278 5.150253
v 7.997543 -22.23401 5.150253
v 7.997543 -22.31775 5.150253
v 10.09114 -24.57884 5.150253
v 12.26848 -24.74633 5.150253
v 12.26848 -24.91381 5.150253
v 9.588676 -24.74633 5.150253
v 9.588676 -24.91381 5.150253
v 8.33252 -19.80544 5.150253
v 6.406406 -19.63795 5.150253
v 8.33252 -19.63795 5.150253
v 7.997543 -21.14534 5.150253
v 6.573895 -19.72169 5.150253
v 6.406406 -19.72169 5.150253
v 7.243847 -20.64288 5.150253
v 7.243847 -23.99263 5.150253
v 7.997543 -22.23401 5.150253
v 7.997543 -23.99263 5.150253
v 8.33252 -24.74633 5.150253
v 8.33252 -24.91381 5.150253
v 6.573895 -24.74633 5.150253
v 6.406406 -24.91381 5.150253
v 6.406406 -24.74633 5.150253
v 8.667492 -24.74633 5.150253
v 8.667492 -24.91381 5.150253
v 8.500008 -19.72169 5.150253
v 8.667492 -19.63795 5.150253
v 8.667492 -19.72169 5.150253
v 7.997543 -22.23401 5.150253
v 7.997543 -22.31775 5.150253
v 7.997543 -23.99263 5.150253
v 11.43104 -19.72169 5.150253
v 11.43104 -19.63795 4.815277
v 11.43104 -19.72169 4.815277
v 11.43104 -19.63795 5.150253
v 9.504932 -19.63795 4.815277
v 11.43104 -19.63795 5.150253
v 9.504932 -19.63795 5.150253
v 11.43104 -19.63795 4.815277
v 8.667492 -21.98278 5.150253
v 11.43104 -19.72169 4.815277
v 8.667492 -21.98278 4.815277
v 11.43104 -19.72169 5.150253
v 9.588676 -24.91381 5.150253
v 12.26848 -24.91381 4.815277
v 9.588676 -24.91381 4.815277
v 12.26848 -24.91381 5.150253
v 12.26848 -24.91381 5.150253
v 12.26848 -24.74633 4.815277
v 12.26848 -24.91381 4.815277
v 12.26848 -24.74633 5.150253
v 8.667492 -21.98278 4.815277
v 12.26848 -24.74633 5.150253
v 8.667492 -21.98278 5.150253
v 8.667492 -21.98278 4.815277
v 12.26848 -24.74633 4.815277
v 12.26848 -24.74633 5.150253
v 7.243847 -23.99263 5.150253
v 6.573895 -24.74633 4.815277
v 7.243847 -23.99263 4.815277
v 6.573895 -24.74633 5.150253
v 6.573895 -24.74633 5.150253
v 6.406406 -24.74633 4.815277
v 6.573895 -24.74633 4.815277
v 6.406406 -24.74633 5.150253
v 6.406406 -24.74633 5.150253
v 6.406406 -24.91381 4.815277
v 6.406406 -24.74633 4.815277
v 6.406406 -24.91381 5.150253
v 6.406406 -24.91381 5.150253
v 8.33252 -24.91381 4.815277
v 6.406406 -24.91381 4.815277
v 8.33252 -24.91381 5.150253
v 8.33252 -24.74633 5.150253
v 7.997543 -23.99263 4.815277
v 8.33252 -24.74633 4.815277
v 7.997543 -23.99263 5.150253
v 7.997543 -22.31775 4.815277
v 7.997543 -23.99263 5.150253
v 7.997543 -22.31775 5.150253
v 7.997543 -23.99263 4.815277
v 8.33252 -24.91381 5.150253
v 8.667492 -24.91381 4.815277
v 8.33252 -24.91381 4.815277
v 8.667492 -24.91381 5.150253
v 8.667492 -24.91381 5.150253
v 8.667492 -24.74633 4.815277
v 8.667492 -24.91381 4.815277
v 8.667492 -24.74633 5.150253
v 8.33252 -24.74633 4.815277
v 8.667492 -24.74633 5.150253
v 8.33252 -24.74633 5.150253
v 8.667492 -24.74633 4.815277
v 7.997543 -22.23401 5.150253
v 7.997543 -21.14534 4.815277
v 7.997543 -22.23401 4.815277
v 7.997543 -21.14534 5.150253
v 7.997543 -21.14534 5.150253
v 8.33252 -19.80544 4.815277
v 7.997543 -21.14534 4.815277
v 8.33252 -19.80544 5.150253
v 8.33252 -19.63795 5.150253
v 6.406406 -19.63795 4.815277
v 8.33252 -19.63795 4.815277
v 6.406406 -19.63795 5.150253
v 6.406406 -19.63795 5.150253
v 6.406406 -19.72169 4.815277
v 6.406406 -19.63795 4.815277
v 6.406406 -19.72169 5.150253
v 6.406406 -19.72169 5.150253
v 6.573895 -19.72169 4.815277
v 6.406406 -19.72169 4.815277
v 6.573895 -19.72169 5.150253
v 6.573895 -19.72169 5.150253
v 7.243847 -20.64288 4.815277
v 6.573895 -19.72169 4.815277
v 7.243847 -20.64288 5.150253
v 7.243847 -23.99263 4.815277
v 7.243847 -20.64288 5.150253
v 7.243847 -23.99263 5.150253
v 7.243847 -20.64288 4.815277
v 10.09114 -19.88918 5.150253
v 7.997543 -22.23401 4.815277
v 10.09114 -19.88918 4.815277
v 7.997543 -22.23401 5.150253
v 10.09114 -24.57884 4.815277
v 7.997543 -22.31775 5.150253
v 10.09114 -24.57884 5.150253
v 7.997543 -22.31775 4.815277
v 9.504932 -19.63795 5.150253
v 9.504932 -19.72169 4.815277
v 9.504932 -19.63795 4.815277
v 9.504932 -19.72169 5.150253
v 9.504932 -19.72169 5.150253
v 9.588676 -19.72169 4.815277
v 9.504932 -19.72169 4.815277
v 9.588676 -19.72169 5.150253
v 9.588676 -19.72169 5.150253
v 10.09114 -19.88918 4.815277
v 9.588676 -19.72169 4.815277
v 10.09114 -19.88918 5.150253
v 10.09114 -24.57884 5.150253
v 9.588676 -24.74633 4.815277
v 10.09114 -24.57884 4.815277
v 9.588676 -24.74633 5.150253
v 9.588676 -24.74633 5.150253
v 9.588676 -24.91381 4.815277
v 9.588676 -24.74633 4.815277
v 9.588676 -24.91381 5.150253
v 8.33252 -19.80544 5.150253
v 8.500008 -19.72169 4.815277
v 8.33252 -19.80544 4.815277
v 8.500008 -19.72169 5.150253
v 8.500008 -19.72169 5.150253
v 8.667492 -19.72169 4.815277
v 8.500008 -19.72169 4.815277
v 8.667492 -19.72169 5.150253
v 8.667492 -19.72169 5.150253
v 8.667492 -19.63795 4.815277
v 8.667492 -19.72169 4.815277
v 8.667492 -19.63795 5.150253
v 8.667492 -19.63795 5.150253
v 8.33252 -19.63795 4.815277
v 8.667492 -19.63795 4.815277
v 8.33252 -19.63795 5.150253
v -10.50986 -32.19954 6.573902
v 0.04187012 -32.19954 11.68228
v 0.04187012 -32.19954 6.573902
v -10.50986 -32.19954 11.68228
v -21.0616 -32.19954 6.573902
v -20.97786 -32.19954 9.923656
v -10.50986 -32.19954 6.573902
v -19.13549 -32.19954 11.68228
v -10.50986 -32.19954 11.68228
v 0.04187012 -32.19954 11.68228
v -10.50986 -32.19954 11.68228
v -10.50986 -32.19954 18.88426
v -8.6675 -32.19954 20.72662
v 0.04187012 -32.19954 20.72662
v -8.6675 -30.35717 20.72662
v 0.04187012 -32.19954 20.72662
v -8.6675 -32.19954 20.72662
v 0.04187012 -30.35717 20.72662
v -8.6675 -32.19954 20.72662
v -10.50986 -30.35717 18.88426
v -8.6675 -30.35717 20.72662
v -10.50986 -32.19954 18.88426
v -10.50986 -32.19954 11.68228
v -10.50986 -30.35717 18.88426
v -10.50986 -32.19954 18.88426
v -10.50986 -30.35717 11.68228
v -19.13549 -30.35717 11.68228
v -10.50986 -32.19954 11.68228
v -19.13549 -32.19954 11.68228
v -10.50986 -30.35717 11.68228
v -20.97786 -30.35717 9.923656
v -19.13549 -32.19954 11.68228
v -20.97786 -32.19954 9.923656
v -19.13549 -30.35717 11.68228
v -21.0616 -30.35717 6.573902
v -20.97786 -32.19954 9.923656
v -21.0616 -32.19954 6.573902
v -20.97786 -30.35717 9.923656
v -8.6675 -30.35717 20.72662
v 0.04187012 -30.35717 11.68228
v 0.04187012 -30.35717 20.72662
v -10.50986 -30.35717 18.88426
v -10.50986 -30.35717 11.68228
v -10.50986 -30.35717 6.573902
v 0.04187012 -30.35717 11.68228
v -10.50986 -30.35717 11.68228
v 0.04187012 -30.35717 6.573902
v -19.13549 -30.35717 11.68228
v -10.50986 -30.35717 6.573902
v -10.50986 -30.35717 11.68228
v -20.97786 -30.35717 9.923656
v -21.0616 -30.35717 6.573902
v 10.59361 -32.19954 6.573902
v 0.04187012 -32.19954 11.68228
v 10.59361 -32.19954 11.68228
v 0.04187012 -32.19954 6.573902
v 21.14534 -32.19954 6.573902
v 10.59361 -32.19954 6.573902
v 21.14534 -32.19954 9.923656
v 19.21923 -32.19954 11.68228
v 10.59361 -32.19954 11.68228
v 0.04187012 -32.19954 11.68228
v 10.59361 -32.19954 18.88426
v 10.59361 -32.19954 11.68228
v 8.751236 -32.19954 20.72662
v 0.04187012 -32.19954 20.72662
v 8.751236 -30.35717 20.72662
v 0.04187012 -32.19954 20.72662
v 0.04187012 -30.35717 20.72662
v 8.751236 -32.19954 20.72662
v 8.751236 -32.19954 20.72662
v 10.59361 -30.35717 18.88426
v 10.59361 -32.19954 18.88426
v 8.751236 -30.35717 20.72662
v 10.59361 -32.19954 11.68228
v 10.59361 -30.35717 18.88426
v 10.59361 -30.35717 11.68228
v 10.59361 -32.19954 18.88426
v 19.21923 -30.35717 11.68228
v 10.59361 -32.19954 11.68228
v 10.59361 -30.35717 11.68228
v 19.21923 -32.19954 11.68228
v 21.14534 -30.35717 9.923656
v 19.21923 -32.19954 11.68228
v 19.21923 -30.35717 11.68228
v 21.14534 -32.19954 9.923656
v 21.14534 -30.35717 6.573902
v 21.14534 -32.19954 9.923656
v 21.14534 -30.35717 9.923656
v 21.14534 -32.19954 6.573902
v 8.751236 -30.35717 20.72662
v 0.04187012 -30.35717 20.72662
v 0.04187012 -30.35717 11.68228
v 10.59361 -30.35717 18.88426
v 10.59361 -30.35717 11.68228
v 10.59361 -30.35717 6.573902
v 0.04187012 -30.35717 11.68228
v 0.04187012 -30.35717 6.573902
v 10.59361 -30.35717 11.68228
v 19.21923 -30.35717 11.68228
v 10.59361 -30.35717 11.68228
v 10.59361 -30.35717 6.573902
v 21.14534 -30.35717 9.923656
v 21.14534 -30.35717 6.573902
v 23.82514 -33.87441 -10.25863
v 23.82514 -25.24879 -19.21923
v 23.82514 -33.87441 -19.21923
v 23.82514 -25.24879 -10.25863
v 0.04187012 -25.24879 -28.43106
v 12.01725 -33.87441 -28.43106
v 12.01725 -25.24879 -28.43106
v 0.04187012 -33.87441 -28.43106
v 12.01725 -25.24879 -10.25863
v 0.04187012 -25.24879 -19.21923
v 12.01725 -25.24879 -19.21923
v 0.04187012 -25.24879 -10.25863
v 12.01725 -25.24879 -28.43106
v 23.82514 -33.87441 -28.43106
v 23.82514 -25.24879 -28.43106
v 12.01725 -33.87441 -28.43106
v 23.82514 -25.24879 -10.25863
v 12.01725 -25.24879 -19.21923
v 23.82514 -25.24879 -19.21923
v 12.01725 -25.24879 -10.25863
v 12.01725 -25.24879 -19.21923
v 0.04187012 -25.24879 -28.43106
v 12.01725 -25.24879 -28.43106
v 0.04187012 -25.24879 -19.21923
v 23.82514 -25.24879 -19.21923
v 12.01725 -25.24879 -28.43106
v 23.82514 -25.24879 -28.43106
v 12.01725 -25.24879 -19.21923
v 23.82514 -33.87441 -19.21923
v 23.82514 -25.24879 -28.43106
v 23.82514 -33.87441 -28.43106
v 23.82514 -25.24879 -19.21923
v 23.82514 -33.87441 -10.25863
v 23.82514 -25.24879 -1.046795
v 23.82514 -25.24879 -10.25863
v 23.82514 -33.87441 -1.046795
v 0.04187012 -25.24879 7.997547
v 12.01725 -33.87441 7.997547
v 0.04187012 -33.87441 7.997547
v 12.01725 -25.24879 7.997547
v 12.01725 -25.24879 -10.25863
v 0.04187012 -25.24879 -1.046795
v 0.04187012 -25.24879 -10.25863
v 12.01725 -25.24879 -1.046795
v 12.01725 -25.24879 7.997547
v 23.82514 -33.87441 7.997547
v 12.01725 -33.87441 7.997547
v 23.82514 -25.24879 7.997547
v 23.82514 -25.24879 -10.25863
v 12.01725 -25.24879 -1.046795
v 12.01725 -25.24879 -10.25863
v 23.82514 -25.24879 -1.046795
v 12.01725 -25.24879 -1.046795
v 0.04187012 -25.24879 7.997547
v 0.04187012 -25.24879 -1.046795
v 12.01725 -25.24879 7.997547
v 23.82514 -25.24879 -1.046795
v 12.01725 -25.24879 7.997547
v 12.01725 -25.24879 -1.046795
v 23.82514 -25.24879 7.997547
v 23.82514 -33.87441 -1.046795
v 23.82514 -25.24879 7.997547
v 23.82514 -25.24879 -1.046795
v 23.82514 -33.87441 7.997547
v -23.7414 -33.87441 -10.25863
v -23.7414 -25.24879 -19.21923
v -23.7414 -25.24879 -10.25863
v -23.7414 -33.87441 -19.21923
v 0.04187012 -25.24879 -28.43106
v -11.76602 -33.87441 -28.43106
v 0.04187012 -33.87441 -28.43106
v -11.76602 -25.24879 -28.43106
v -11.76602 -25.24879 -10.25863
v 0.04187012 -25.24879 -19.21923
v 0.04187012 -25.24879 -10.25863
v -11.76602 -25.24879 -19.21923
v -11.76602 -25.24879 -28.43106
v -23.7414 -33.87441 -28.43106
v -11.76602 -33.87441 -28.43106
v -23.7414 -25.24879 -28.43106
v -23.7414 -25.24879 -10.25863
v -11.76602 -25.24879 -19.21923
v -11.76602 -25.24879 -10.25863
v -23.7414 -25.24879 -19.21923
v -11.76602 -25.24879 -19.21923
v 0.04187012 -25.24879 -28.43106
v 0.04187012 -25.24879 -19.21923
v -11.76602 -25.24879 -28.43106
v -23.7414 -25.24879 -19.21923
v -11.76602 -25.24879 -28.43106
v -11.76602 -25.24879 -19.21923
v -23.7414 -25.24879 -28.43106
v -23.7414 -33.87441 -19.21923
v -23.7414 -25.24879 -28.43106
v -23.7414 -25.24879 -19.21923
v -23.7414 -33.87441 -28.43106
v -23.7414 -33.87441 -10.25863
v -23.7414 -25.24879 -1.046795
v -23.7414 -33.87441 -1.046795
v -23.7414 -25.24879 -10.25863
v 0.04187012 -25.24879 7.997547
v -11.76602 -33.87441 7.997547
v -11.76602 -25.24879 7.997547
v 0.04187012 -33.87441 7.997547
v -11.76602 -25.24879 -10.25863
v 0.04187012 -25.24879 -1.046795
v -11.76602 -25.24879 -1.046795
v 0.04187012 -25.24879 -10.25863
v -11.76602 -25.24879 7.997547
v -23.7414 -33.87441 7.997547
v -23.7414 -25.24879 7.997547
v -11.76602 -33.87441 7.997547
v -23.7414 -25.24879 -10.25863
v -11.76602 -25.24879 -1.046795
v -23.7414 -25.24879 -1.046795
v -11.76602 -25.24879 -10.25863
v -11.76602 -25.24879 -1.046795
v 0.04187012 -25.24879 7.997547
v -11.76602 -25.24879 7.997547
v 0.04187012 -25.24879 -1.046795
v -23.7414 -25.24879 -1.046795
v -11.76602 -25.24879 7.997547
v -23.7414 -25.24879 7.997547
v -11.76602 -25.24879 -1.046795
v -23.7414 -33.87441 -1.046795
v -23.7414 -25.24879 7.997547
v -23.7414 -33.87441 7.997547
v -23.7414 -25.24879 -1.046795
v 22.15026 -33.87441 -10.25863
v 23.82514 -33.87441 -19.21923
v 22.15026 -33.87441 -18.63302
v 23.82514 -33.87441 -10.25863
v 23.82514 -33.87441 -28.43106
v 22.15026 -33.87441 -27.09116
v 11.01232 -33.87441 -27.09116
v 0.04187012 -33.87441 -28.43106
v 0.04187012 -33.87441 -27.09116
v 12.01725 -33.87441 -28.43106
v 22.15026 -33.87441 -27.09116
v 23.82514 -33.87441 -28.43106
v 22.15026 -33.87441 -1.800491
v 23.82514 -33.87441 -10.25863
v 22.15026 -33.87441 -10.25863
v 23.82514 -33.87441 -1.046795
v 22.15026 -33.87441 6.573902
v 23.82514 -33.87441 7.997547
v 0.04187012 -33.87441 6.573902
v 12.01725 -33.87441 7.997547
v 11.01232 -33.87441 6.573902
v 0.04187012 -33.87441 7.997547
v 23.82514 -33.87441 7.997547
v 22.15026 -33.87441 6.573902
v -21.89904 -33.87441 -18.63302
v -23.7414 -33.87441 -10.25863
v -21.89904 -33.87441 -10.25863
v -23.7414 -33.87441 -19.21923
v -21.89904 -33.87441 -27.09116
v -23.7414 -33.87441 -28.43106
v 0.04187012 -33.87441 -27.09116
v -11.76602 -33.87441 -28.43106
v -10.84484 -33.87441 -27.09116
v 0.04187012 -33.87441 -28.43106
v -23.7414 -33.87441 -28.43106
v -21.89904 -33.87441 -27.09116
v -21.89904 -33.87441 -10.25863
v -23.7414 -33.87441 -1.046795
v -21.89904 -33.87441 -1.800491
v -23.7414 -33.87441 -10.25863
v -23.7414 -33.87441 7.997547
v -21.89904 -33.87441 6.573902
v -10.84484 -33.87441 6.573902
v 0.04187012 -33.87441 7.997547
v 0.04187012 -33.87441 6.573902
v -11.76602 -33.87441 7.997547
v -21.89904 -33.87441 6.573902
v -23.7414 -33.87441 7.997547
v 20.22416 -42.41629 -9.504932
v 20.22416 -33.87441 -18.04681
v 20.22416 -42.41629 -18.04681
v 20.22416 -33.87441 -9.504932
v -1.716751 -42.41629 -26.33746
v 9.337444 -33.87441 -26.33746
v -1.716751 -33.87441 -26.33746
v 9.337444 -42.41629 -26.33746
v 9.337444 -42.41629 -26.33746
v 20.22416 -33.87441 -26.33746
v 9.337444 -33.87441 -26.33746
v 20.22416 -42.41629 -26.33746
v 20.22416 -42.41629 -18.04681
v 20.22416 -33.87441 -26.33746
v 20.22416 -42.41629 -26.33746
v 20.22416 -33.87441 -18.04681
v 20.22416 -42.41629 -9.504932
v 20.22416 -33.87441 -1.130539
v 20.22416 -33.87441 -9.504932
v 20.22416 -42.41629 -1.130539
v -1.716751 -42.41629 7.243851
v 9.337444 -33.87441 7.243851
v 9.337444 -42.41629 7.243851
v -1.716751 -33.87441 7.243851
v 9.337444 -42.41629 7.243851
v 20.22416 -33.87441 7.243851
v 20.22416 -42.41629 7.243851
v 9.337444 -33.87441 7.243851
v 20.22416 -42.41629 -1.130539
v 20.22416 -33.87441 7.243851
v 20.22416 -33.87441 -1.130539
v 20.22416 -42.41629 7.243851
v -23.7414 -42.41629 -9.504932
v -23.7414 -33.87441 -18.04681
v -23.7414 -33.87441 -9.504932
v -23.7414 -42.41629 -18.04681
v -1.716751 -42.41629 -26.33746
v -12.68721 -33.87441 -26.33746
v -12.68721 -42.41629 -26.33746
v -1.716751 -33.87441 -26.33746
v -12.68721 -42.41629 -26.33746
v -23.7414 -33.87441 -26.33746
v -23.7414 -42.41629 -26.33746
v -12.68721 -33.87441 -26.33746
v -23.7414 -42.41629 -18.04681
v -23.7414 -33.87441 -26.33746
v -23.7414 -33.87441 -18.04681
v -23.7414 -42.41629 -26.33746
v -23.7414 -42.41629 -9.504932
v -23.7414 -33.87441 -1.130539
v -23.7414 -42.41629 -1.130539
v -23.7414 -33.87441 -9.504932
v -1.716751 -42.41629 7.243851
v -12.68721 -33.87441 7.243851
v -1.716751 -33.87441 7.243851
v -12.68721 -42.41629 7.243851
v -12.68721 -42.41629 7.243851
v -23.7414 -33.87441 7.243851
v -12.68721 -33.87441 7.243851
v -23.7414 -42.41629 7.243851
v -23.7414 -42.41629 -1.130539
v -23.7414 -33.87441 7.243851
v -23.7414 -42.41629 7.243851
v -23.7414 -33.87441 -1.130539
v -8.583755 -42.08132 19.05175
v -8.583755 -32.86949 18.29805
v -8.583755 -42.08132 18.29805
v -8.583755 -32.86949 19.05175
v -8.583755 -42.08132 18.29805
v -9.253704 -32.86949 17.87933
v -9.253704 -42.08132 17.87933
v -8.583755 -32.86949 18.29805
v -9.253704 -42.08132 17.87933
v -9.923656 -32.86949 18.29805
v -9.923656 -42.08132 18.29805
v -9.253704 -32.86949 17.87933
v -9.923656 -42.08132 18.29805
v -9.923656 -32.86949 19.05175
v -9.923656 -42.08132 19.05175
v -9.923656 -32.86949 18.29805
v -9.923656 -42.08132 19.05175
v -9.253704 -32.86949 19.55421
v -9.253704 -42.08132 19.55421
v -9.923656 -32.86949 19.05175
v -9.253704 -42.08132 19.55421
v -8.583755 -32.86949 19.05175
v -8.583755 -42.08132 19.05175
v -9.253704 -32.86949 19.55421
v -10.34238 -41.41137 17.54435
v -10.34238 -40.49018 19.80544
v -10.34238 -41.41137 19.80544
v -10.34238 -40.49018 17.54435
v -10.34238 -40.49018 17.54435
v -8.081291 -40.49018 19.80544
v -10.34238 -40.49018 19.80544
v -8.081291 -40.49018 17.54435
v -8.081291 -40.49018 17.54435
v -8.081291 -41.41137 19.80544
v -8.081291 -40.49018 19.80544
v -8.081291 -41.41137 17.54435
v -10.34238 -41.41137 19.80544
v -8.081291 -40.49018 19.80544
v -8.081291 -41.41137 19.80544
v -10.34238 -40.49018 19.80544
v -8.081291 -41.41137 17.54435
v -10.34238 -40.49018 17.54435
v -10.34238 -41.41137 17.54435
v -8.081291 -40.49018 17.54435
v 6.238918 -42.08132 19.05175
v 6.238918 -32.86949 18.29805
v 6.238918 -42.08132 18.29805
v 6.238918 -32.86949 19.05175
v 6.238918 -42.08132 18.29805
v 5.56897 -32.86949 17.87933
v 5.56897 -42.08132 17.87933
v 6.238918 -32.86949 18.29805
v 5.56897 -42.08132 17.87933
v 4.899017 -32.86949 18.29805
v 4.899017 -42.08132 18.29805
v 5.56897 -32.86949 17.87933
v 4.899017 -42.08132 18.29805
v 4.899017 -32.86949 19.05175
v 4.899017 -42.08132 19.05175
v 4.899017 -32.86949 18.29805
v 4.899017 -42.08132 19.05175
v 5.56897 -32.86949 19.55421
v 5.56897 -42.08132 19.55421
v 4.899017 -32.86949 19.05175
v 5.56897 -42.08132 19.55421
v 6.238918 -32.86949 19.05175
v 6.238918 -42.08132 19.05175
v 5.56897 -32.86949 19.55421
v 4.564041 -41.41137 17.54435
v 4.564041 -40.49018 19.80544
v 4.564041 -41.41137 19.80544
v 4.564041 -40.49018 17.54435
v 4.564041 -40.49018 17.54435
v 6.657639 -40.49018 19.80544
v 4.564041 -40.49018 19.80544
v 6.657639 -40.49018 17.54435
v 6.657639 -40.49018 17.54435
v 6.657639 -41.41137 19.80544
v 6.657639 -40.49018 19.80544
v 6.657639 -41.41137 17.54435
v 4.564041 -41.41137 19.80544
v 6.657639 -40.49018 19.80544
v 6.657639 -41.41137 19.80544
v 4.564041 -40.49018 19.80544
v 6.657639 -41.41137 17.54435
v 4.564041 -40.49018 17.54435
v 4.564041 -41.41137 17.54435
v 6.657639 -40.49018 17.54435
v -7.997547 -41.41137 17.54435
v -7.997547 -40.49018 19.80544
v -7.997547 -41.41137 19.80544
v -7.997547 -40.49018 17.54435
v -7.997547 -40.49018 17.54435
v -5.820206 -40.49018 19.80544
v -7.997547 -40.49018 19.80544
v -5.820206 -40.49018 17.54435
v -5.820206 -40.49018 17.54435
v -5.820206 -41.41137 19.80544
v -5.820206 -40.49018 19.80544
v -5.820206 -41.41137 17.54435
v -7.997547 -41.41137 19.80544
v -5.820206 -40.49018 19.80544
v -5.820206 -41.41137 19.80544
v -7.997547 -40.49018 19.80544
v -5.820206 -41.41137 17.54435
v -7.997547 -40.49018 17.54435
v -7.997547 -41.41137 17.54435
v -5.820206 -40.49018 17.54435
v -6.155182 -42.08132 19.05175
v -6.155182 -32.86949 18.29805
v -6.155182 -42.08132 18.29805
v -6.155182 -32.86949 19.05175
v -6.155182 -42.08132 18.29805
v -6.908875 -32.86949 17.87933
v -6.908875 -42.08132 17.87933
v -6.155182 -32.86949 18.29805
v -6.908875 -42.08132 17.87933
v -7.578827 -32.86949 18.29805
v -7.578827 -42.08132 18.29805
v -6.908875 -32.86949 17.87933
v -7.578827 -42.08132 18.29805
v -7.578827 -32.86949 19.05175
v -7.578827 -42.08132 19.05175
v -7.578827 -32.86949 18.29805
v -7.578827 -42.08132 19.05175
v -6.908875 -32.86949 19.55421
v -6.908875 -42.08132 19.55421
v -7.578827 -32.86949 19.05175
v -6.908875 -42.08132 19.55421
v -6.155182 -32.86949 19.05175
v -6.155182 -42.08132 19.05175
v -6.908875 -32.86949 19.55421
v 2.302956 -41.41137 17.54435
v 2.302956 -40.49018 19.80544
v 2.302956 -41.41137 19.80544
v 2.302956 -40.49018 17.54435
v 2.302956 -40.49018 17.54435
v 4.396553 -40.49018 19.80544
v 2.302956 -40.49018 19.80544
v 4.396553 -40.49018 17.54435
v 4.396553 -40.49018 17.54435
v 4.396553 -41.41137 19.80544
v 4.396553 -40.49018 19.80544
v 4.396553 -41.41137 17.54435
v 2.302956 -41.41137 19.80544
v 4.396553 -40.49018 19.80544
v 4.396553 -41.41137 19.80544
v 2.302956 -40.49018 19.80544
v 4.396553 -41.41137 17.54435
v 2.302956 -40.49018 17.54435
v 2.302956 -41.41137 17.54435
v 4.396553 -40.49018 17.54435
v 3.977833 -42.08132 19.05175
v 3.977833 -32.86949 18.29805
v 3.977833 -42.08132 18.29805
v 3.977833 -32.86949 19.05175
v 3.977833 -42.08132 18.29805
v 3.22414 -32.86949 17.87933
v 3.22414 -42.08132 17.87933
v 3.977833 -32.86949 18.29805
v 3.22414 -42.08132 17.87933
v 2.637932 -32.86949 18.29805
v 2.637932 -42.08132 18.29805
v 3.22414 -32.86949 17.87933
v 2.637932 -42.08132 18.29805
v 2.637932 -32.86949 19.05175
v 2.637932 -42.08132 19.05175
v 2.637932 -32.86949 18.29805
v 2.637932 -42.08132 19.05175
v 3.22414 -32.86949 19.55421
v 3.22414 -42.08132 19.55421
v 2.637932 -32.86949 19.05175
v 3.22414 -42.08132 19.55421
v 3.977833 -32.86949 19.05175
v 3.977833 -42.08132 19.05175
v 3.22414 -32.86949 19.55421
v -1.716751 -41.41137 23.65766
v -20.72662 -42.83501 28.17983
v -17.71184 -41.41137 23.65766
v -1.716751 -42.83501 28.17983
v -20.72662 -42.83501 6.908875
v -17.71184 -41.41137 23.65766
v -20.72662 -42.83501 28.17983
v -17.71184 -41.41137 6.908875
v -17.71184 -41.41137 6.908875
v -1.716751 -41.41137 23.65766
v -17.71184 -41.41137 23.65766
v -1.716751 -41.41137 6.908875
v -1.716751 -41.41137 23.65766
v 17.12563 -42.83501 28.17983
v -1.716751 -42.83501 28.17983
v 14.11085 -41.41137 23.65766
v 17.12563 -42.83501 6.908875
v 14.11085 -41.41137 23.65766
v 14.11085 -41.41137 6.908875
v 17.12563 -42.83501 28.17983
v 14.11085 -41.41137 6.908875
v -1.716751 -41.41137 23.65766
v -1.716751 -41.41137 6.908875
v 14.11085 -41.41137 23.65766
v -10.34238 -32.11579 19.80544
v -10.34238 -33.20446 17.54435
v -10.34238 -32.11579 17.54435
v -10.34238 -33.20446 19.80544
v -10.34238 -33.20446 19.80544
v -8.081291 -33.20446 17.54435
v -10.34238 -33.20446 17.54435
v -8.081291 -33.20446 19.80544
v -8.081291 -33.20446 19.80544
v -8.081291 -32.11579 17.54435
v -8.081291 -33.20446 17.54435
v -8.081291 -32.11579 19.80544
v -10.34238 -32.11579 17.54435
v -8.081291 -33.20446 17.54435
v -8.081291 -32.11579 17.54435
v -10.34238 -33.20446 17.54435
v -8.081291 -32.11579 19.80544
v -10.34238 -33.20446 19.80544
v -10.34238 -32.11579 19.80544
v -8.081291 -33.20446 19.80544
v -7.997547 -32.11579 19.80544
v -7.997547 -33.20446 17.54435
v -7.997547 -32.11579 17.54435
v -7.997547 -33.20446 19.80544
v -7.997547 -33.20446 19.80544
v -5.820206 -33.20446 17.54435
v -7.997547 -33.20446 17.54435
v -5.820206 -33.20446 19.80544
v -5.820206 -33.20446 19.80544
v -5.820206 -32.11579 17.54435
v -5.820206 -33.20446 17.54435
v -5.820206 -32.11579 19.80544
v -7.997547 -32.11579 17.54435
v -5.820206 -33.20446 17.54435
v -5.820206 -32.11579 17.54435
v -7.997547 -33.20446 17.54435
v -5.820206 -32.11579 19.80544
v -7.997547 -33.20446 19.80544
v -7.997547 -32.11579 19.80544
v -5.820206 -33.20446 19.80544
v 2.302956 -32.11579 19.80544
v 2.302956 -33.20446 17.54435
v 2.302956 -32.11579 17.54435
v 2.302956 -33.20446 19.80544
v 2.302956 -33.20446 19.80544
v 4.396553 -33.20446 17.54435
v 2.302956 -33.20446 17.54435
v 4.396553 -33.20446 19.80544
v 4.396553 -33.20446 19.80544
v 4.396553 -32.11579 17.54435
v 4.396553 -33.20446 17.54435
v 4.396553 -32.11579 19.80544
v 2.302956 -32.11579 17.54435
v 4.396553 -33.20446 17.54435
v 4.396553 -32.11579 17.54435
v 2.302956 -33.20446 17.54435
v 4.396553 -32.11579 19.80544
v 2.302956 -33.20446 19.80544
v 2.302956 -32.11579 19.80544
v 4.396553 -33.20446 19.80544
v 4.564041 -32.11579 19.80544
v 4.564041 -33.20446 17.54435
v 4.564041 -32.11579 17.54435
v 4.564041 -33.20446 19.80544
v 4.564041 -33.20446 19.80544
v 6.657639 -33.20446 17.54435
v 4.564041 -33.20446 17.54435
v 6.657639 -33.20446 19.80544
v 6.657639 -33.20446 19.80544
v 6.657639 -32.11579 17.54435
v 6.657639 -33.20446 17.54435
v 6.657639 -32.11579 19.80544
v 4.564041 -32.11579 17.54435
v 6.657639 -33.20446 17.54435
v 6.657639 -32.11579 17.54435
v 4.564041 -33.20446 17.54435
v 6.657639 -32.11579 19.80544
v 4.564041 -33.20446 19.80544
v 4.564041 -32.11579 19.80544
v 6.657639 -33.20446 19.80544
vt 0.3899829 0.752667
vt 0.4211815 0.9944564
vt 0.4211815 0.752667
vt 0.3899829 0.9944564
vt 0.4211815 0.752667
vt 0.3899829 0.9944564
vt 0.3899829 0.752667
vt 0.4211815 0.9944564
vt 0.3899829 0.752667
vt 0.4211815 0.9944564
vt 0.4211815 0.752667
vt 0.3899829 0.9944564
vt 0.4211815 0.752667
vt 0.3899829 0.9944564
vt 0.3899829 0.752667
vt 0.4211815 0.9944564
vt 0.3899829 0.752667
vt 0.4211815 0.9944564
vt 0.4211815 0.752667
vt 0.3899829 0.9944564
vt 0.4211815 0.752667
vt 0.3899829 0.9944564
vt 0.3899829 0.752667
vt 0.4211815 0.9944564
vt 0.4601798 0.8462629
vt 0.3704838 0.7916653
vt 0.4211815 0.8852612
vt 0.4757791 0.7916653
vt 0.3704838 0.9008605
vt 0.3158861 0.8852612
vt 0.2768879 0.8462629
vt 0.2651884 0.7916653
vt 0.3743836 0.9476584
vt 0.4913784 0.9203596
vt 0.3743836 0.9203596
vt 0.4913784 0.9476584
vt 0.2573887 0.9476584
vt 0.2573887 0.9203596
vt 0.3665839 0.9476584
vt 0.3002868 0.9203596
vt 0.3002868 0.9476584
vt 0.3665839 0.9203596
vt 0.432881 0.9476584
vt 0.432881 0.9203596
vt 0.4484803 0.9203596
vt 0.4913784 0.9476584
vt 0.4484803 0.9476584
vt 0.4913784 0.9203596
vt 0.432881 0.9476584
vt 0.3665839 0.9203596
vt 0.3665839 0.9476584
vt 0.432881 0.9203596
vt 0.3002868 0.9203596
vt 0.3002868 0.9476584
vt 0.3002868 0.9476584
vt 0.2573887 0.9203596
vt 0.3002868 0.9203596
vt 0.2573887 0.9476584
vt 0.9515582 0.7604666
vt 0.7799658 0.9944564
vt 0.7799658 0.7604666
vt 0.9515582 0.9944564
vt 0.8930608 0.8969606
vt 0.8306636 0.8735617
vt 0.8306636 0.8969606
vt 0.8930608 0.8735617
vt 0.7799658 0.7604666
vt 0.9515582 0.9944564
vt 0.9515582 0.7604666
vt 0.7799658 0.9944564
vt 0.8969606 0.9944564
vt 0.8306636 0.7604666
vt 0.8969606 0.7604666
vt 0.8306636 0.9944564
vt 0.8969606 0.9944564
vt 0.8306636 0.7604666
vt 0.8969606 0.7604666
vt 0.8306636 0.9944564
vt 0.8930608 0.8969606
vt 0.8306636 0.8735617
vt 0.8306636 0.8969606
vt 0.8930608 0.8735617
vt 0.8969606 0.7604666
vt 0.8306636 0.9944564
vt 0.8306636 0.7604666
vt 0.8969606 0.9944564
vt 0.8969606 0.9944564
vt 0.8306636 0.7604666
vt 0.8969606 0.7604666
vt 0.8306636 0.9944564
vt 0.5849743 0.2222902
vt 0.6590711 0.01949914
vt 0.6590711 0.2222902
vt 0.5849743 0.01949914
vt 0.6590711 0.01949914
vt 0.5849743 0.2222902
vt 0.5849743 0.01949914
vt 0.6590711 0.2222902
vt 0.6590711 0.03119863
vt 0.592774 0.159893
vt 0.6590711 0.159893
vt 0.592774 0.03119863
vt 0.5576755 0.1988913
vt 0.5498759 0.01949914
vt 0.5576755 0.01949914
vt 0.5498759 0.1988913
vt 0.6863699 0.01949914
vt 0.6941695 0.1988913
vt 0.6863699 0.1988913
vt 0.6941695 0.01949914
vt 0.5576755 0.1988913
vt 0.6941695 0.2222902
vt 0.6863699 0.1988913
vt 0.5498759 0.2222902
vt 0.6941695 0.01949914
vt 0.6863699 0.01949914
vt 0.5498759 0.01949914
vt 0.5576755 0.01949914
vt 0.5576755 0.1988913
vt 0.6941695 0.2222902
vt 0.6863699 0.1988913
vt 0.5498759 0.2222902
vt 0.6941695 0.01949914
vt 0.6863699 0.01949914
vt 0.5498759 0.01949914
vt 0.5576755 0.01949914
vt 0.6863699 0.01949914
vt 0.6941695 0.1988913
vt 0.6863699 0.1988913
vt 0.6941695 0.01949914
vt 0.5576755 0.1988913
vt 0.5498759 0.01949914
vt 0.5576755 0.01949914
vt 0.5498759 0.1988913
vt 0.8306636 0.7604666
vt 0.8969606 0.9944564
vt 0.8969606 0.7604666
vt 0.8306636 0.9944564
vt 0.9515582 0.9944564
vt 0.7799658 0.7604666
vt 0.7799658 0.9944564
vt 0.9515582 0.7604666
vt 0.8306636 0.7604666
vt 0.8969606 0.9944564
vt 0.8969606 0.7604666
vt 0.8306636 0.9944564
vt 0.6590711 0.01949914
vt 0.5849743 0.2222902
vt 0.6590711 0.2222902
vt 0.5849743 0.01949914
vt 0.8969606 0.9944564
vt 0.8306636 0.7604666
vt 0.8306636 0.9944564
vt 0.8969606 0.7604666
vt 0.7799658 0.9944564
vt 0.9515582 0.7604666
vt 0.9515582 0.9944564
vt 0.7799658 0.7604666
vt 0.8306636 0.7604666
vt 0.8969606 0.9944564
vt 0.8969606 0.7604666
vt 0.8306636 0.9944564
vt 0.6590711 0.2222902
vt 0.5849743 0.01949914
vt 0.5849743 0.2222902
vt 0.6590711 0.01949914
vt 0.4991781 0.7604666
vt 0.7370676 0.9476584
vt 0.7370676 0.7604666
vt 0.4991781 0.9476584
vt 0.4991781 0.7604666
vt 0.7370676 0.9476584
vt 0.7370676 0.7604666
vt 0.4991781 0.9476584
vt 0.3860831 0.7877654
vt 0.3509846 0.9593579
vt 0.3860831 0.9593579
vt 0.3509846 0.7877654
vt 0.3470848 0.7994649
vt 0.3860831 0.9320591
vt 0.3860831 0.7643664
vt 0.3470848 0.7994649
vt 0.3509846 0.9320591
vt 0.3509846 0.8072646
vt 0.3860831 0.9398587
vt 0.3860831 0.8072646
vt 0.3509846 0.9398587
vt 0.3860831 0.7565668
vt 0.3470848 0.9944564
vt 0.3860831 0.9944564
vt 0.3470848 0.7565668
vt 0.3470848 0.7994649
vt 0.3860831 0.978857
vt 0.3509846 0.978857
vt 0.3860831 0.7643664
vt 0.3509846 0.7760659
vt 0.3860831 0.9710574
vt 0.3860831 0.7760659
vt 0.3509846 0.9710574
vt 0.3860831 0.7877654
vt 0.3509846 0.9593579
vt 0.3509846 0.7877654
vt 0.3860831 0.9593579
vt 0.3470848 0.7994649
vt 0.3860831 0.9320591
vt 0.3509846 0.9320591
vt 0.3470848 0.7994649
vt 0.3860831 0.7643664
vt 0.3509846 0.8072646
vt 0.3860831 0.9398587
vt 0.3509846 0.9398587
vt 0.3860831 0.8072646
vt 0.3860831 0.7565668
vt 0.3470848 0.9944564
vt 0.3470848 0.7565668
vt 0.3860831 0.9944564
vt 0.3470848 0.7994649
vt 0.3860831 0.978857
vt 0.3860831 0.7643664
vt 0.3509846 0.978857
vt 0.3509846 0.7760659
vt 0.3860831 0.9710574
vt 0.3509846 0.9710574
vt 0.3860831 0.7760659
vt 0.3860831 0.7877654
vt 0.3509846 0.9593579
vt 0.3860831 0.9593579
vt 0.3509846 0.7877654
vt 0.3470848 0.7994649
vt 0.3860831 0.9320591
vt 0.3860831 0.7643664
vt 0.3470848 0.7994649
vt 0.3509846 0.9320591
vt 0.3509846 0.8072646
vt 0.3860831 0.9398587
vt 0.3860831 0.8072646
vt 0.3509846 0.9398587
vt 0.3860831 0.7565668
vt 0.3470848 0.9944564
vt 0.3860831 0.9944564
vt 0.3470848 0.7565668
vt 0.3470848 0.7994649
vt 0.3860831 0.978857
vt 0.3509846 0.978857
vt 0.3860831 0.7643664
vt 0.3509846 0.7760659
vt 0.3860831 0.9710574
vt 0.3860831 0.7760659
vt 0.3509846 0.9710574
vt 0.3860831 0.7877654
vt 0.3509846 0.9593579
vt 0.3509846 0.7877654
vt 0.3860831 0.9593579
vt 0.3470848 0.7994649
vt 0.3860831 0.9320591
vt 0.3509846 0.9320591
vt 0.3470848 0.7994649
vt 0.3860831 0.7643664
vt 0.3509846 0.8072646
vt 0.3860831 0.9398587
vt 0.3509846 0.9398587
vt 0.3860831 0.8072646
vt 0.3860831 0.7565668
vt 0.3470848 0.9944564
vt 0.3470848 0.7565668
vt 0.3860831 0.9944564
vt 0.3470848 0.7994649
vt 0.3860831 0.978857
vt 0.3860831 0.7643664
vt 0.3509846 0.978857
vt 0.3509846 0.7760659
vt 0.3860831 0.9710574
vt 0.3509846 0.9710574
vt 0.3860831 0.7760659
vt 0.3002868 0.8189641
vt 0.3392851 0.7877654
vt 0.3314855 0.7799658
vt 0.3275856 0.8150643
vt 0.3314855 0.8579624
vt 0.3704838 0.8540625
vt 0.3704838 0.8618622
vt 0.319786 0.9047603
vt 0.2885873 0.9008605
vt 0.3236858 0.9398587
vt 0.3353853 0.9320591
vt 0.3704838 0.9515582
vt 0.3704838 0.9398587
vt 0.4523802 0.9515582
vt 0.4016824 0.9359589
vt 0.4523802 0.9437586
vt 0.4250813 0.9164598
vt 0.4016824 0.8618622
vt 0.4250813 0.8033648
vt 0.4016824 0.8501627
vt 0.4016824 0.7799658
vt 0.4523802 0.7760659
vt 0.3704838 0.7799658
vt 0.3704838 0.7682663
vt 0.4523802 0.7682663
vt 0.3548844 0.9086601
vt 0.3860831 0.8735617
vt 0.3548844 0.8735617
vt 0.3860831 0.9086601
vt 0.3548844 0.9086601
vt 0.3860831 0.8735617
vt 0.3548844 0.8735617
vt 0.3860831 0.9086601
vt 0.3548844 0.9086601
vt 0.3860831 0.8735617
vt 0.3548844 0.8735617
vt 0.3860831 0.9086601
vt 0.3548844 0.9086601
vt 0.3860831 0.8735617
vt 0.3548844 0.8735617
vt 0.3860831 0.9086601
vt 0.3548844 0.9086601
vt 0.3860831 0.8735617
vt 0.3548844 0.8735617
vt 0.3548844 0.9086601
vt 0.3860831 0.9086601
vt 0.3860831 0.8735617
vt 0.3548844 0.9086601
vt 0.3860831 0.8735617
vt 0.3548844 0.8735617
vt 0.3860831 0.9086601
vt 0.3860831 0.8735617
vt 0.3548844 0.9086601
vt 0.3860831 0.9086601
vt 0.3548844 0.8735617
vt 0.3548844 0.9086601
vt 0.3860831 0.8735617
vt 0.3548844 0.8735617
vt 0.3860831 0.9086601
vt 0.3860831 0.8735617
vt 0.3548844 0.9086601
vt 0.3860831 0.9086601
vt 0.3548844 0.8735617
vt 0.3548844 0.9086601
vt 0.3860831 0.8735617
vt 0.3548844 0.8735617
vt 0.3860831 0.9086601
vt 0.3860831 0.8735617
vt 0.3548844 0.9086601
vt 0.3860831 0.9086601
vt 0.3548844 0.8735617
vt 0.3548844 0.9086601
vt 0.3860831 0.8735617
vt 0.3548844 0.8735617
vt 0.3860831 0.9086601
vt 0.3548844 0.9086601
vt 0.3860831 0.8735617
vt 0.3548844 0.8735617
vt 0.3860831 0.9086601
vt 0.3860831 0.8735617
vt 0.3548844 0.9086601
vt 0.3860831 0.9086601
vt 0.3548844 0.8735617
vt 0.3548844 0.9086601
vt 0.3860831 0.8735617
vt 0.3548844 0.8735617
vt 0.3860831 0.9086601
vt 0.3860831 0.8735617
vt 0.3548844 0.9086601
vt 0.3860831 0.9086601
vt 0.3548844 0.8735617
vt 0.3860831 0.8735617
vt 0.3548844 0.9086601
vt 0.3860831 0.9086601
vt 0.3548844 0.8735617
vt 0.3548844 0.9086601
vt 0.3860831 0.8735617
vt 0.3548844 0.8735617
vt 0.3860831 0.9086601
vt 0.3860831 0.8735617
vt 0.3548844 0.9086601
vt 0.3860831 0.9086601
vt 0.3548844 0.8735617
vt 0.3860831 0.8735617
vt 0.3548844 0.9086601
vt 0.3860831 0.9086601
vt 0.3548844 0.8735617
vt 0.3548844 0.9086601
vt 0.3860831 0.8735617
vt 0.3548844 0.8735617
vt 0.3860831 0.9086601
vt 0.3548844 0.9086601
vt 0.3860831 0.8735617
vt 0.3548844 0.8735617
vt 0.3860831 0.9086601
vt 0.3548844 0.9086601
vt 0.3860831 0.8735617
vt 0.3548844 0.8735617
vt 0.3860831 0.9086601
vt 0.3548844 0.9086601
vt 0.3860831 0.8735617
vt 0.3548844 0.8735617
vt 0.3860831 0.9086601
vt 0.3548844 0.9086601
vt 0.3860831 0.8735617
vt 0.3548844 0.8735617
vt 0.3860831 0.9086601
vt 0.2651884 0.7721661
vt 0.3314855 0.7643664
vt 0.2651884 0.7643664
vt 0.3314855 0.7682663
vt 0.3041866 0.7838656
vt 0.3743836 0.9749572
vt 0.3275856 0.8345634
vt 0.3314855 0.8462629
vt 0.3704838 0.9281593
vt 0.4055822 0.8306636
vt 0.4016824 0.8423631
vt 0.3821832 0.9749572
vt 0.4250813 0.7799658
vt 0.4835788 0.7682663
vt 0.4835788 0.7604666
vt 0.4016824 0.7682663
vt 0.4016824 0.7643664
vt 0.3548844 0.9086601
vt 0.3860831 0.8735617
vt 0.3548844 0.8735617
vt 0.3860831 0.9086601
vt 0.3548844 0.9086601
vt 0.3860831 0.8735617
vt 0.3548844 0.8735617
vt 0.3860831 0.9086601
vt 0.3860831 0.8735617
vt 0.3548844 0.9086601
vt 0.3860831 0.9086601
vt 0.3548844 0.8735617
vt 0.3548844 0.9086601
vt 0.3860831 0.8735617
vt 0.3548844 0.8735617
vt 0.3860831 0.9086601
vt 0.3548844 0.9086601
vt 0.3860831 0.8735617
vt 0.3548844 0.8735617
vt 0.3860831 0.9086601
vt 0.3548844 0.9086601
vt 0.3860831 0.8735617
vt 0.3548844 0.8735617
vt 0.3860831 0.9086601
vt 0.3548844 0.9086601
vt 0.3860831 0.8735617
vt 0.3548844 0.8735617
vt 0.3860831 0.9086601
vt 0.3548844 0.9086601
vt 0.3860831 0.8735617
vt 0.3548844 0.8735617
vt 0.3860831 0.9086601
vt 0.3548844 0.9086601
vt 0.3860831 0.8735617
vt 0.3548844 0.8735617
vt 0.3860831 0.9086601
vt 0.3860831 0.8735617
vt 0.3548844 0.9086601
vt 0.3860831 0.9086601
vt 0.3548844 0.8735617
vt 0.3548844 0.9086601
vt 0.3860831 0.8735617
vt 0.3548844 0.8735617
vt 0.3860831 0.9086601
vt 0.3548844 0.9086601
vt 0.3860831 0.8735617
vt 0.3548844 0.8735617
vt 0.3860831 0.9086601
vt 0.3548844 0.9086601
vt 0.3860831 0.8735617
vt 0.3548844 0.8735617
vt 0.3860831 0.9086601
vt 0.3548844 0.9086601
vt 0.3860831 0.8735617
vt 0.3548844 0.8735617
vt 0.3860831 0.9086601
vt 0.3548844 0.9086601
vt 0.3860831 0.8735617
vt 0.3548844 0.8735617
vt 0.3860831 0.9086601
vt 0.3860831 0.8735617
vt 0.3548844 0.9086601
vt 0.3860831 0.9086601
vt 0.3548844 0.8735617
vt 0.3548844 0.9086601
vt 0.3860831 0.8735617
vt 0.3548844 0.8735617
vt 0.3860831 0.9086601
vt 0.3119863 0.8228639
vt 0.3002868 0.7994649
vt 0.3002868 0.8228639
vt 0.3275856 0.7682663
vt 0.2807877 0.7721661
vt 0.3314855 0.7643664
vt 0.2768879 0.7682663
vt 0.2768879 0.7721661
vt 0.3353853 0.7682663
vt 0.3080865 0.9359589
vt 0.3041866 0.9359589
vt 0.3158861 0.8930608
vt 0.4133818 0.7955651
vt 0.4133818 0.7604666
vt 0.4250813 0.7838656
vt 0.4289812 0.889161
vt 0.4172817 0.8969606
vt 0.4016824 0.9242594
vt 0.4016824 0.9281593
vt 0.4484803 0.9242594
vt 0.4523802 0.9281593
vt 0.4523802 0.9242594
vt 0.45628 0.7643664
vt 0.45628 0.7604666
vt 0.3938827 0.9320591
vt 0.3938827 0.9242594
vt 0.3548844 0.9086601
vt 0.3860831 0.8735617
vt 0.3548844 0.8735617
vt 0.3860831 0.9086601
vt 0.3548844 0.9086601
vt 0.3860831 0.8735617
vt 0.3548844 0.8735617
vt 0.3860831 0.9086601
vt 0.3548844 0.9086601
vt 0.3860831 0.8735617
vt 0.3548844 0.8735617
vt 0.3860831 0.9086601
vt 0.3548844 0.9086601
vt 0.3860831 0.8735617
vt 0.3548844 0.8735617
vt 0.3860831 0.9086601
vt 0.3548844 0.9086601
vt 0.3860831 0.8735617
vt 0.3548844 0.8735617
vt 0.3860831 0.9086601
vt 0.3548844 0.9086601
vt 0.3860831 0.8735617
vt 0.3548844 0.8735617
vt 0.3860831 0.9086601
vt 0.3548844 0.9086601
vt 0.3860831 0.8735617
vt 0.3548844 0.8735617
vt 0.3860831 0.9086601
vt 0.3548844 0.9086601
vt 0.3860831 0.8735617
vt 0.3548844 0.8735617
vt 0.3860831 0.9086601
vt 0.3548844 0.9086601
vt 0.3860831 0.8735617
vt 0.3548844 0.8735617
vt 0.3860831 0.9086601
vt 0.3860831 0.8735617
vt 0.3548844 0.9086601
vt 0.3860831 0.9086601
vt 0.3548844 0.8735617
vt 0.3548844 0.9086601
vt 0.3860831 0.8735617
vt 0.3548844 0.8735617
vt 0.3860831 0.9086601
vt 0.3860831 0.8735617
vt 0.3548844 0.9086601
vt 0.3860831 0.9086601
vt 0.3548844 0.8735617
vt 0.3548844 0.9086601
vt 0.3860831 0.8735617
vt 0.3548844 0.8735617
vt 0.3860831 0.9086601
vt 0.3548844 0.9086601
vt 0.3860831 0.8735617
vt 0.3548844 0.8735617
vt 0.3860831 0.9086601
vt 0.3548844 0.9086601
vt 0.3860831 0.8735617
vt 0.3548844 0.8735617
vt 0.3860831 0.9086601
vt 0.3548844 0.9086601
vt 0.3860831 0.8735617
vt 0.3548844 0.8735617
vt 0.3860831 0.9086601
vt 0.3548844 0.9086601
vt 0.3860831 0.8735617
vt 0.3548844 0.8735617
vt 0.3860831 0.9086601
vt 0.3548844 0.9086601
vt 0.3860831 0.8735617
vt 0.3548844 0.8735617
vt 0.3860831 0.9086601
vt 0.3860831 0.8735617
vt 0.3548844 0.9086601
vt 0.3860831 0.9086601
vt 0.3548844 0.8735617
vt 0.3548844 0.9086601
vt 0.3860831 0.8735617
vt 0.3548844 0.8735617
vt 0.3860831 0.9086601
vt 0.3548844 0.9086601
vt 0.3860831 0.8735617
vt 0.3548844 0.8735617
vt 0.3860831 0.9086601
vt 0.3860831 0.8735617
vt 0.3548844 0.9086601
vt 0.3860831 0.9086601
vt 0.3548844 0.8735617
vt 0.3548844 0.9086601
vt 0.3860831 0.8735617
vt 0.3548844 0.8735617
vt 0.3860831 0.9086601
vt 0.3548844 0.9086601
vt 0.3860831 0.8735617
vt 0.3548844 0.8735617
vt 0.3860831 0.9086601
vt 0.3548844 0.9086601
vt 0.3860831 0.8735617
vt 0.3548844 0.8735617
vt 0.3860831 0.9086601
vt 0.3860831 0.8735617
vt 0.3548844 0.9086601
vt 0.3860831 0.9086601
vt 0.3860831 0.8735617
vt 0.3548844 0.8735617
vt 0.3548844 0.9086601
vt 0.4445805 0.9203596
vt 0.3860831 0.9281593
vt 0.4445805 0.9242594
vt 0.3860831 0.9203596
vt 0.3821832 0.9203596
vt 0.3977825 0.9125599
vt 0.3587843 0.8540625
vt 0.3353853 0.8501627
vt 0.3353853 0.8462629
vt 0.3977825 0.7760659
vt 0.4601798 0.7643664
vt 0.4601798 0.7604666
vt 0.3860831 0.7682663
vt 0.3860831 0.7643664
vt 0.3470848 0.9203596
vt 0.2885873 0.9281593
vt 0.3470848 0.9281593
vt 0.3353853 0.8813613
vt 0.2924872 0.9242594
vt 0.2885873 0.9242594
vt 0.3119863 0.8969606
vt 0.3080865 0.7955651
vt 0.3353853 0.8501627
vt 0.3314855 0.7955651
vt 0.3431849 0.7682663
vt 0.3431849 0.7643664
vt 0.2924872 0.7682663
vt 0.2846875 0.7643664
vt 0.2846875 0.7682663
vt 0.3548844 0.7682663
vt 0.3548844 0.7643664
vt 0.3548844 0.9242594
vt 0.3587843 0.9281593
vt 0.3587843 0.9242594
vt 0.3353853 0.8501627
vt 0.3353853 0.8462629
vt 0.3314855 0.7955651
vt 0.3548844 0.9086601
vt 0.3860831 0.8735617
vt 0.3548844 0.8735617
vt 0.3860831 0.9086601
vt 0.3860831 0.8735617
vt 0.3548844 0.9086601
vt 0.3860831 0.9086601
vt 0.3548844 0.8735617
vt 0.3548844 0.9086601
vt 0.3860831 0.8735617
vt 0.3548844 0.8735617
vt 0.3860831 0.9086601
vt 0.3548844 0.9086601
vt 0.3860831 0.8735617
vt 0.3548844 0.8735617
vt 0.3860831 0.9086601
vt 0.3548844 0.9086601
vt 0.3860831 0.8735617
vt 0.3548844 0.8735617
vt 0.3860831 0.9086601
vt 0.3860831 0.8735617
vt 0.3548844 0.9086601
vt 0.3860831 0.9086601
vt 0.3860831 0.8735617
vt 0.3548844 0.8735617
vt 0.3548844 0.9086601
vt 0.3548844 0.9086601
vt 0.3860831 0.8735617
vt 0.3548844 0.8735617
vt 0.3860831 0.9086601
vt 0.3548844 0.9086601
vt 0.3860831 0.8735617
vt 0.3548844 0.8735617
vt 0.3860831 0.9086601
vt 0.3548844 0.9086601
vt 0.3860831 0.8735617
vt 0.3548844 0.8735617
vt 0.3860831 0.9086601
vt 0.3548844 0.9086601
vt 0.3860831 0.8735617
vt 0.3548844 0.8735617
vt 0.3860831 0.9086601
vt 0.3548844 0.9086601
vt 0.3860831 0.8735617
vt 0.3548844 0.8735617
vt 0.3860831 0.9086601
vt 0.3860831 0.8735617
vt 0.3548844 0.9086601
vt 0.3860831 0.9086601
vt 0.3548844 0.8735617
vt 0.3548844 0.9086601
vt 0.3860831 0.8735617
vt 0.3548844 0.8735617
vt 0.3860831 0.9086601
vt 0.3548844 0.9086601
vt 0.3860831 0.8735617
vt 0.3548844 0.8735617
vt 0.3860831 0.9086601
vt 0.3860831 0.8735617
vt 0.3548844 0.9086601
vt 0.3860831 0.9086601
vt 0.3548844 0.8735617
vt 0.3548844 0.9086601
vt 0.3860831 0.8735617
vt 0.3548844 0.8735617
vt 0.3860831 0.9086601
vt 0.3548844 0.9086601
vt 0.3860831 0.8735617
vt 0.3548844 0.8735617
vt 0.3860831 0.9086601
vt 0.3548844 0.9086601
vt 0.3860831 0.8735617
vt 0.3548844 0.8735617
vt 0.3860831 0.9086601
vt 0.3548844 0.9086601
vt 0.3860831 0.8735617
vt 0.3548844 0.8735617
vt 0.3860831 0.9086601
vt 0.3548844 0.9086601
vt 0.3860831 0.8735617
vt 0.3548844 0.8735617
vt 0.3860831 0.9086601
vt 0.3548844 0.9086601
vt 0.3860831 0.8735617
vt 0.3548844 0.8735617
vt 0.3860831 0.9086601
vt 0.3860831 0.8735617
vt 0.3548844 0.9086601
vt 0.3860831 0.9086601
vt 0.3548844 0.8735617
vt 0.3548844 0.9086601
vt 0.3860831 0.8735617
vt 0.3548844 0.8735617
vt 0.3860831 0.9086601
vt 0.3860831 0.8735617
vt 0.3548844 0.9086601
vt 0.3860831 0.9086601
vt 0.3548844 0.8735617
vt 0.3548844 0.9086601
vt 0.3860831 0.8735617
vt 0.3548844 0.8735617
vt 0.3860831 0.9086601
vt 0.3548844 0.9086601
vt 0.3860831 0.8735617
vt 0.3548844 0.8735617
vt 0.3860831 0.9086601
vt 0.3548844 0.9086601
vt 0.3860831 0.8735617
vt 0.3548844 0.8735617
vt 0.3860831 0.9086601
vt 0.3548844 0.9086601
vt 0.3860831 0.8735617
vt 0.3548844 0.8735617
vt 0.3860831 0.9086601
vt 0.3548844 0.9086601
vt 0.3860831 0.8735617
vt 0.3548844 0.8735617
vt 0.3860831 0.9086601
vt 0.3548844 0.9086601
vt 0.3860831 0.8735617
vt 0.3548844 0.8735617
vt 0.3860831 0.9086601
vt 0.3548844 0.9086601
vt 0.3860831 0.8735617
vt 0.3548844 0.8735617
vt 0.3860831 0.9086601
vt 0.3548844 0.9086601
vt 0.3860831 0.8735617
vt 0.3548844 0.8735617
vt 0.3860831 0.9086601
vt 0.3548844 0.9086601
vt 0.3860831 0.8735617
vt 0.3548844 0.8735617
vt 0.3860831 0.9086601
vt 0.4913784 0.8618622
vt 0.249589 0.978857
vt 0.249589 0.8618622
vt 0.4913784 0.978857
vt 0.249589 0.8579624
vt 0.249589 0.9359589
vt 0.4913784 0.8618622
vt 0.2924872 0.978857
vt 0.4913784 0.978857
vt 0.249589 0.978857
vt 0.4913784 0.978857
vt 0.4913784 0.8150643
vt 0.4484803 0.7721661
vt 0.249589 0.7721661
vt 0.4367808 0.8930608
vt 0.2534889 0.8501627
vt 0.4367808 0.8501627
vt 0.2534889 0.8930608
vt 0.4874786 0.8930608
vt 0.4250813 0.8501627
vt 0.4874786 0.8501627
vt 0.4250813 0.8930608
vt 0.2534889 0.8930608
vt 0.4874786 0.8501627
vt 0.4874786 0.8930608
vt 0.2534889 0.8501627
vt 0.4874786 0.8930608
vt 0.3041866 0.8501627
vt 0.4874786 0.8501627
vt 0.3041866 0.8930608
vt 0.2534889 0.8501627
vt 0.3158861 0.8930608
vt 0.2534889 0.8930608
vt 0.3158861 0.8501627
vt 0.2534889 0.8501627
vt 0.3626841 0.8930608
vt 0.2534889 0.8930608
vt 0.3626841 0.8501627
vt 0.4484803 0.7721661
vt 0.249589 0.978857
vt 0.249589 0.7721661
vt 0.4913784 0.8150643
vt 0.4913784 0.978857
vt 0.4913784 0.8618622
vt 0.249589 0.978857
vt 0.4913784 0.978857
vt 0.249589 0.8618622
vt 0.2924872 0.978857
vt 0.4913784 0.8618622
vt 0.4913784 0.978857
vt 0.249589 0.9359589
vt 0.249589 0.8579624
vt 0.4913784 0.8618622
vt 0.249589 0.978857
vt 0.4913784 0.978857
vt 0.249589 0.8618622
vt 0.249589 0.8579624
vt 0.4913784 0.8618622
vt 0.249589 0.9359589
vt 0.2924872 0.978857
vt 0.4913784 0.978857
vt 0.249589 0.978857
vt 0.4913784 0.8150643
vt 0.4913784 0.978857
vt 0.4484803 0.7721661
vt 0.249589 0.7721661
vt 0.4367808 0.8930608
vt 0.2534889 0.8501627
vt 0.2534889 0.8930608
vt 0.4367808 0.8501627
vt 0.4874786 0.8930608
vt 0.4250813 0.8501627
vt 0.4250813 0.8930608
vt 0.4874786 0.8501627
vt 0.2534889 0.8930608
vt 0.4874786 0.8501627
vt 0.2534889 0.8501627
vt 0.4874786 0.8930608
vt 0.4874786 0.8930608
vt 0.3041866 0.8501627
vt 0.3041866 0.8930608
vt 0.4874786 0.8501627
vt 0.2534889 0.8501627
vt 0.3158861 0.8930608
vt 0.3158861 0.8501627
vt 0.2534889 0.8930608
vt 0.2534889 0.8501627
vt 0.3626841 0.8930608
vt 0.3626841 0.8501627
vt 0.2534889 0.8930608
vt 0.4484803 0.7721661
vt 0.249589 0.7721661
vt 0.249589 0.978857
vt 0.4913784 0.8150643
vt 0.4913784 0.978857
vt 0.4913784 0.8618622
vt 0.249589 0.978857
vt 0.249589 0.8618622
vt 0.4913784 0.978857
vt 0.2924872 0.978857
vt 0.4913784 0.978857
vt 0.4913784 0.8618622
vt 0.249589 0.9359589
vt 0.249589 0.8579624
vt 0.2573887 0.752667
vt 0.4835788 0.9944564
vt 0.4835788 0.752667
vt 0.2573887 0.9944564
vt 0.249589 0.9632577
vt 0.4874786 0.7799658
vt 0.4874786 0.9632577
vt 0.249589 0.7799658
vt 0.479679 0.7877654
vt 0.2573887 0.955458
vt 0.479679 0.955458
vt 0.2573887 0.7877654
vt 0.4874786 0.9632577
vt 0.249589 0.7799658
vt 0.249589 0.9632577
vt 0.4874786 0.7799658
vt 0.2573887 0.7877654
vt 0.479679 0.955458
vt 0.2573887 0.955458
vt 0.479679 0.7877654
vt 0.479679 0.955458
vt 0.2573887 0.7877654
vt 0.479679 0.7877654
vt 0.2573887 0.955458
vt 0.2573887 0.955458
vt 0.479679 0.7877654
vt 0.2573887 0.7877654
vt 0.479679 0.955458
vt 0.4835788 0.752667
vt 0.2573887 0.9944564
vt 0.2573887 0.752667
vt 0.4835788 0.9944564
vt 0.2573887 0.752667
vt 0.4835788 0.9944564
vt 0.2573887 0.9944564
vt 0.4835788 0.752667
vt 0.249589 0.9632577
vt 0.4874786 0.7799658
vt 0.249589 0.7799658
vt 0.4874786 0.9632577
vt 0.479679 0.7877654
vt 0.2573887 0.955458
vt 0.2573887 0.7877654
vt 0.479679 0.955458
vt 0.4874786 0.9632577
vt 0.249589 0.7799658
vt 0.4874786 0.7799658
vt 0.249589 0.9632577
vt 0.2573887 0.7877654
vt 0.479679 0.955458
vt 0.479679 0.7877654
vt 0.2573887 0.955458
vt 0.479679 0.955458
vt 0.2573887 0.7877654
vt 0.2573887 0.955458
vt 0.479679 0.7877654
vt 0.2573887 0.955458
vt 0.479679 0.7877654
vt 0.479679 0.955458
vt 0.2573887 0.7877654
vt 0.4835788 0.752667
vt 0.2573887 0.9944564
vt 0.4835788 0.9944564
vt 0.2573887 0.752667
vt 0.2573887 0.752667
vt 0.4835788 0.9944564
vt 0.2573887 0.9944564
vt 0.4835788 0.752667
vt 0.249589 0.9632577
vt 0.4874786 0.7799658
vt 0.249589 0.7799658
vt 0.4874786 0.9632577
vt 0.479679 0.7877654
vt 0.2573887 0.955458
vt 0.2573887 0.7877654
vt 0.479679 0.955458
vt 0.4874786 0.9632577
vt 0.249589 0.7799658
vt 0.4874786 0.7799658
vt 0.249589 0.9632577
vt 0.2573887 0.7877654
vt 0.479679 0.955458
vt 0.479679 0.7877654
vt 0.2573887 0.955458
vt 0.479679 0.955458
vt 0.2573887 0.7877654
vt 0.2573887 0.955458
vt 0.479679 0.7877654
vt 0.2573887 0.955458
vt 0.479679 0.7877654
vt 0.479679 0.955458
vt 0.2573887 0.7877654
vt 0.4835788 0.752667
vt 0.2573887 0.9944564
vt 0.4835788 0.9944564
vt 0.2573887 0.752667
vt 0.2573887 0.752667
vt 0.4835788 0.9944564
vt 0.4835788 0.752667
vt 0.2573887 0.9944564
vt 0.249589 0.9632577
vt 0.4874786 0.7799658
vt 0.4874786 0.9632577
vt 0.249589 0.7799658
vt 0.479679 0.7877654
vt 0.2573887 0.955458
vt 0.479679 0.955458
vt 0.2573887 0.7877654
vt 0.4874786 0.9632577
vt 0.249589 0.7799658
vt 0.249589 0.9632577
vt 0.4874786 0.7799658
vt 0.2573887 0.7877654
vt 0.479679 0.955458
vt 0.2573887 0.955458
vt 0.479679 0.7877654
vt 0.479679 0.955458
vt 0.2573887 0.7877654
vt 0.479679 0.7877654
vt 0.2573887 0.955458
vt 0.2573887 0.955458
vt 0.479679 0.7877654
vt 0.2573887 0.7877654
vt 0.479679 0.955458
vt 0.4835788 0.752667
vt 0.2573887 0.9944564
vt 0.2573887 0.752667
vt 0.4835788 0.9944564
vt 0.2651884 0.8111644
vt 0.3704838 0.7877654
vt 0.3626841 0.8111644
vt 0.2651884 0.7877654
vt 0.479679 0.7877654
vt 0.4601798 0.8111644
vt 0.3626841 0.8072646
vt 0.2651884 0.7916653
vt 0.2651884 0.8072646
vt 0.3704838 0.7916653
vt 0.4601798 0.8072646
vt 0.4757791 0.7916653
vt 0.3626841 0.8111644
vt 0.2651884 0.7877654
vt 0.2651884 0.8111644
vt 0.3704838 0.7877654
vt 0.4601798 0.8111644
vt 0.479679 0.7877654
vt 0.2651884 0.8033648
vt 0.3704838 0.7916653
vt 0.3626841 0.8033648
vt 0.2651884 0.7916653
vt 0.4757791 0.7916653
vt 0.4601798 0.8033648
vt 0.3626841 0.8111644
vt 0.2651884 0.7877654
vt 0.2651884 0.8111644
vt 0.3704838 0.7877654
vt 0.4601798 0.8111644
vt 0.479679 0.7877654
vt 0.2651884 0.8072646
vt 0.3704838 0.7916653
vt 0.3626841 0.8072646
vt 0.2651884 0.7916653
vt 0.4757791 0.7916653
vt 0.4601798 0.8072646
vt 0.2651884 0.8111644
vt 0.3704838 0.7877654
vt 0.3626841 0.8111644
vt 0.2651884 0.7877654
vt 0.479679 0.7877654
vt 0.4601798 0.8111644
vt 0.3626841 0.8033648
vt 0.2651884 0.7916653
vt 0.2651884 0.8033648
vt 0.3704838 0.7916653
vt 0.4601798 0.8033648
vt 0.4757791 0.7916653
vt 0.7838656 0.2807877
vt 0.9437586 0.4484803
vt 0.9437586 0.2807877
vt 0.7838656 0.4484803
vt 0.7565668 0.2807877
vt 0.9710574 0.4484803
vt 0.7565668 0.4484803
vt 0.9710574 0.2807877
vt 0.9710574 0.2807877
vt 0.7565668 0.4484803
vt 0.9710574 0.4484803
vt 0.7565668 0.2807877
vt 0.9437586 0.2807877
vt 0.7838656 0.4484803
vt 0.7838656 0.2807877
vt 0.9437586 0.4484803
vt 0.7838656 0.2807877
vt 0.9437586 0.4484803
vt 0.7838656 0.4484803
vt 0.9437586 0.2807877
vt 0.7565668 0.2807877
vt 0.9710574 0.4484803
vt 0.9710574 0.2807877
vt 0.7565668 0.4484803
vt 0.9710574 0.2807877
vt 0.7565668 0.4484803
vt 0.7565668 0.2807877
vt 0.9710574 0.4484803
vt 0.9437586 0.2807877
vt 0.7838656 0.4484803
vt 0.9437586 0.4484803
vt 0.7838656 0.2807877
vt 0.7838656 0.2807877
vt 0.9437586 0.4484803
vt 0.7838656 0.4484803
vt 0.9437586 0.2807877
vt 0.7565668 0.2807877
vt 0.9710574 0.4484803
vt 0.9710574 0.2807877
vt 0.7565668 0.4484803
vt 0.9710574 0.2807877
vt 0.7565668 0.4484803
vt 0.7565668 0.2807877
vt 0.9710574 0.4484803
vt 0.9437586 0.2807877
vt 0.7838656 0.4484803
vt 0.9437586 0.4484803
vt 0.7838656 0.2807877
vt 0.7838656 0.2807877
vt 0.9437586 0.4484803
vt 0.9437586 0.2807877
vt 0.7838656 0.4484803
vt 0.7565668 0.2807877
vt 0.9710574 0.4484803
vt 0.7565668 0.4484803
vt 0.9710574 0.2807877
vt 0.9710574 0.2807877
vt 0.7565668 0.4484803
vt 0.9710574 0.4484803
vt 0.7565668 0.2807877
vt 0.9437586 0.2807877
vt 0.7838656 0.4484803
vt 0.7838656 0.2807877
vt 0.9437586 0.4484803
vt 0.9359589 0.2612885
vt 0.8618622 0.4835788
vt 0.8618622 0.2612885
vt 0.9359589 0.4835788
vt 0.8618622 0.2612885
vt 0.9359589 0.4835788
vt 0.9359589 0.2612885
vt 0.8618622 0.4835788
vt 0.9359589 0.2612885
vt 0.8618622 0.4835788
vt 0.8618622 0.2612885
vt 0.9359589 0.4835788
vt 0.8618622 0.2612885
vt 0.9359589 0.4835788
vt 0.9359589 0.2612885
vt 0.8618622 0.4835788
vt 0.9359589 0.2612885
vt 0.8618622 0.4835788
vt 0.8618622 0.2612885
vt 0.9359589 0.4835788
vt 0.8618622 0.2612885
vt 0.9359589 0.4835788
vt 0.9359589 0.2612885
vt 0.8618622 0.4835788
vt 0.8267637 0.3587843
vt 0.9047603 0.3938827
vt 0.9047603 0.3587843
vt 0.8267637 0.3938827
vt 0.8267637 0.3158861
vt 0.9047603 0.3938827
vt 0.9047603 0.3158861
vt 0.8267637 0.3938827
vt 0.9047603 0.3938827
vt 0.8267637 0.3587843
vt 0.8267637 0.3938827
vt 0.9047603 0.3587843
vt 0.9047603 0.3587843
vt 0.8267637 0.3938827
vt 0.8267637 0.3587843
vt 0.9047603 0.3938827
vt 0.9047603 0.3587843
vt 0.8267637 0.3938827
vt 0.8267637 0.3587843
vt 0.9047603 0.3938827
vt 0.9359589 0.2612885
vt 0.8618622 0.4835788
vt 0.8618622 0.2612885
vt 0.9359589 0.4835788
vt 0.8618622 0.2612885
vt 0.9359589 0.4835788
vt 0.9359589 0.2612885
vt 0.8618622 0.4835788
vt 0.9359589 0.2612885
vt 0.8618622 0.4835788
vt 0.8618622 0.2612885
vt 0.9359589 0.4835788
vt 0.8618622 0.2612885
vt 0.9359589 0.4835788
vt 0.9359589 0.2612885
vt 0.8618622 0.4835788
vt 0.9359589 0.2612885
vt 0.8618622 0.4835788
vt 0.8618622 0.2612885
vt 0.9359589 0.4835788
vt 0.8618622 0.2612885
vt 0.9359589 0.4835788
vt 0.9359589 0.2612885
vt 0.8618622 0.4835788
vt 0.8267637 0.3587843
vt 0.9047603 0.3938827
vt 0.9047603 0.3587843
vt 0.8267637 0.3938827
vt 0.8267637 0.3158861
vt 0.9047603 0.3938827
vt 0.9047603 0.3158861
vt 0.8267637 0.3938827
vt 0.9047603 0.3938827
vt 0.8267637 0.3587843
vt 0.8267637 0.3938827
vt 0.9047603 0.3587843
vt 0.9047603 0.3587843
vt 0.8267637 0.3938827
vt 0.8267637 0.3587843
vt 0.9047603 0.3938827
vt 0.9047603 0.3587843
vt 0.8267637 0.3938827
vt 0.8267637 0.3587843
vt 0.9047603 0.3938827
vt 0.8267637 0.3587843
vt 0.9047603 0.3938827
vt 0.9047603 0.3587843
vt 0.8267637 0.3938827
vt 0.8267637 0.3158861
vt 0.9047603 0.3938827
vt 0.9047603 0.3158861
vt 0.8267637 0.3938827
vt 0.9047603 0.3938827
vt 0.8267637 0.3587843
vt 0.8267637 0.3938827
vt 0.9047603 0.3587843
vt 0.9047603 0.3587843
vt 0.8267637 0.3938827
vt 0.8267637 0.3587843
vt 0.9047603 0.3938827
vt 0.9047603 0.3587843
vt 0.8267637 0.3938827
vt 0.8267637 0.3587843
vt 0.9047603 0.3938827
vt 0.9359589 0.2612885
vt 0.8618622 0.4835788
vt 0.8618622 0.2612885
vt 0.9359589 0.4835788
vt 0.8618622 0.2612885
vt 0.9359589 0.4835788
vt 0.9359589 0.2612885
vt 0.8618622 0.4835788
vt 0.9359589 0.2612885
vt 0.8618622 0.4835788
vt 0.8618622 0.2612885
vt 0.9359589 0.4835788
vt 0.8618622 0.2612885
vt 0.9359589 0.4835788
vt 0.9359589 0.2612885
vt 0.8618622 0.4835788
vt 0.9359589 0.2612885
vt 0.8618622 0.4835788
vt 0.8618622 0.2612885
vt 0.9359589 0.4835788
vt 0.8618622 0.2612885
vt 0.9359589 0.4835788
vt 0.9359589 0.2612885
vt 0.8618622 0.4835788
vt 0.8267637 0.3587843
vt 0.9047603 0.3938827
vt 0.9047603 0.3587843
vt 0.8267637 0.3938827
vt 0.8267637 0.3158861
vt 0.9047603 0.3938827
vt 0.9047603 0.3158861
vt 0.8267637 0.3938827
vt 0.9047603 0.3938827
vt 0.8267637 0.3587843
vt 0.8267637 0.3938827
vt 0.9047603 0.3587843
vt 0.9047603 0.3587843
vt 0.8267637 0.3938827
vt 0.8267637 0.3587843
vt 0.9047603 0.3938827
vt 0.9047603 0.3587843
vt 0.8267637 0.3938827
vt 0.8267637 0.3587843
vt 0.9047603 0.3938827
vt 0.9359589 0.2612885
vt 0.8618622 0.4835788
vt 0.8618622 0.2612885
vt 0.9359589 0.4835788
vt 0.8618622 0.2612885
vt 0.9359589 0.4835788
vt 0.9359589 0.2612885
vt 0.8618622 0.4835788
vt 0.9359589 0.2612885
vt 0.8618622 0.4835788
vt 0.8618622 0.2612885
vt 0.9359589 0.4835788
vt 0.8618622 0.2612885
vt 0.9359589 0.4835788
vt 0.9359589 0.2612885
vt 0.8618622 0.4835788
vt 0.9359589 0.2612885
vt 0.8618622 0.4835788
vt 0.8618622 0.2612885
vt 0.9359589 0.4835788
vt 0.8618622 0.2612885
vt 0.9359589 0.4835788
vt 0.9359589 0.2612885
vt 0.8618622 0.4835788
vt 0.8072646 0.08579624
vt 0.9359589 0.003899829
vt 0.9164598 0.08579624
vt 0.8072646 0.003899829
vt 0.7682663 0.003899829
vt 0.9320591 0.08579624
vt 0.978857 0.003899829
vt 0.7682663 0.08579624
vt 0.7838656 0.3119863
vt 0.9632577 0.4952783
vt 0.7838656 0.4952783
vt 0.9632577 0.3119863
vt 0.8072646 0.08579624
vt 0.9359589 0.003899829
vt 0.8072646 0.003899829
vt 0.9164598 0.08579624
vt 0.7682663 0.003899829
vt 0.9320591 0.08579624
vt 0.7682663 0.08579624
vt 0.978857 0.003899829
vt 0.7838656 0.3119863
vt 0.9632577 0.4952783
vt 0.9632577 0.3119863
vt 0.7838656 0.4952783
vt 0.8267637 0.3587843
vt 0.9047603 0.3938827
vt 0.9047603 0.3587843
vt 0.8267637 0.3938827
vt 0.8267637 0.3158861
vt 0.9047603 0.3938827
vt 0.9047603 0.3158861
vt 0.8267637 0.3938827
vt 0.9047603 0.3938827
vt 0.8267637 0.3587843
vt 0.8267637 0.3938827
vt 0.9047603 0.3587843
vt 0.9047603 0.3587843
vt 0.8267637 0.3938827
vt 0.8267637 0.3587843
vt 0.9047603 0.3938827
vt 0.9047603 0.3587843
vt 0.8267637 0.3938827
vt 0.8267637 0.3587843
vt 0.9047603 0.3938827
vt 0.8267637 0.3587843
vt 0.9047603 0.3938827
vt 0.9047603 0.3587843
vt 0.8267637 0.3938827
vt 0.8267637 0.3158861
vt 0.9047603 0.3938827
vt 0.9047603 0.3158861
vt 0.8267637 0.3938827
vt 0.9047603 0.3938827
vt 0.8267637 0.3587843
vt 0.8267637 0.3938827
vt 0.9047603 0.3587843
vt 0.9047603 0.3587843
vt 0.8267637 0.3938827
vt 0.8267637 0.3587843
vt 0.9047603 0.3938827
vt 0.9047603 0.3587843
vt 0.8267637 0.3938827
vt 0.8267637 0.3587843
vt 0.9047603 0.3938827
vt 0.8267637 0.3587843
vt 0.9047603 0.3938827
vt 0.9047603 0.3587843
vt 0.8267637 0.3938827
vt 0.8267637 0.3158861
vt 0.9047603 0.3938827
vt 0.9047603 0.3158861
vt 0.8267637 0.3938827
vt 0.9047603 0.3938827
vt 0.8267637 0.3587843
vt 0.8267637 0.3938827
vt 0.9047603 0.3587843
vt 0.9047603 0.3587843
vt 0.8267637 0.3938827
vt 0.8267637 0.3587843
vt 0.9047603 0.3938827
vt 0.9047603 0.3587843
vt 0.8267637 0.3938827
vt 0.8267637 0.3587843
vt 0.9047603 0.3938827
vt 0.8267637 0.3587843
vt 0.9047603 0.3938827
vt 0.9047603 0.3587843
vt 0.8267637 0.3938827
vt 0.8267637 0.3158861
vt 0.9047603 0.3938827
vt 0.9047603 0.3158861
vt 0.8267637 0.3938827
vt 0.9047603 0.3938827
vt 0.8267637 0.3587843
vt 0.8267637 0.3938827
vt 0.9047603 0.3587843
vt 0.9047603 0.3587843
vt 0.8267637 0.3938827
vt 0.8267637 0.3587843
vt 0.9047603 0.3938827
vt 0.9047603 0.3587843
vt 0.8267637 0.3938827
vt 0.8267637 0.3587843
vt 0.9047603 0.3938827
vn 0.5510615 0.8344646 0
vn 0.8729059 0.4602594 -0.1618537
vn 0.8729059 0.4602594 -0.1618537
vn 0.5510615 0.8344646 0
vn 0.8729059 0.4602594 -0.1618537
vn 0.9728062 0.2316205 0
vn 0.9728062 0.2316205 0
vn 0.8729059 0.4602594 -0.1618537
vn -0.9363899 0.2380652 -0.2578737
vn -0.8411639 0.4920015 -0.2244501
vn -0.8411639 0.4920015 -0.2244501
vn -0.9363899 0.2380652 -0.2578737
vn -0.8411639 0.4920015 -0.2244501
vn -0.4920015 0.8411639 -0.2244501
vn -0.4920015 0.8411639 -0.2244501
vn -0.8411639 0.4920015 -0.2244501
vn -0.4920015 0.8411639 -0.2244501
vn 0.01587099 0.999874 -0.000345267
vn 0.01587099 0.999874 -0.000345267
vn -0.4920015 0.8411639 -0.2244501
vn 0.01587099 0.999874 -0.000345267
vn 0.5510615 0.8344646 0
vn 0.5510615 0.8344646 0
vn 0.01587099 0.999874 -0.000345267
vn 0.04761302 -0.04761302 0.9977304
vn 0.04761302 -0.04761302 0.9977304
vn 0.04761302 -0.04761302 0.9977304
vn 0.04761302 -0.04761302 0.9977304
vn 0.04761302 -0.04761302 0.9977304
vn 0.04761302 -0.04761302 0.9977304
vn 0.04761302 -0.04761302 0.9977304
vn 0.04761302 -0.04761302 0.9977304
vn 0.04761302 -0.04761302 0.9977304
vn 0.04761302 -0.04761302 0.9977304
vn 0.04761302 -0.04761302 0.9977304
vn 0.04761302 -0.04761302 0.9977304
vn 0.04761302 -0.04761302 0.9977304
vn 0.04761302 -0.04761302 0.9977304
vn 0.01587099 -0.999874 -0.000345267
vn 0.01587099 -0.999874 -0.000345267
vn 0.01587099 -0.999874 -0.000345267
vn 0.01587099 -0.999874 -0.000345267
vn 0.01587099 -0.999874 -0.000345267
vn 0.01587099 -0.999874 -0.000345267
vn 0.999874 -0.01587099 -0.000346655
vn 0.999874 -0.01587099 -0.000346655
vn 0.999874 -0.01587099 -0.000346655
vn 0.999874 -0.01587099 -0.000346655
vn 0.01587099 0.999874 -0.000345267
vn 0.01587099 0.999874 -0.000345267
vn 0.01587099 0.999874 -0.000345267
vn 0.01587099 0.999874 -0.000345267
vn 0.01587099 0.999874 -0.000345267
vn 0.01587099 0.999874 -0.000345267
vn -0.999874 -0.01587099 -0.000346655
vn -0.999874 -0.01587099 -0.000346655
vn -0.999874 -0.01587099 -0.000346655
vn -0.999874 -0.01587099 -0.000346655
vn -0.999874 -0.01587099 -0.000346655
vn -0.999874 -0.01587099 -0.000346655
vn -0.999874 -0.01587099 -0.000346655
vn -0.999874 -0.01587099 -0.000346655
vn 0.01587099 0.999874 -0.000345267
vn 0.01587099 0.999874 -0.000345267
vn 0.01587099 0.999874 -0.000345267
vn 0.01587099 0.999874 -0.000345267
vn 0.999874 -0.01587099 -0.000346655
vn 0.999874 -0.01587099 -0.000346655
vn 0.999874 -0.01587099 -0.000346655
vn 0.999874 -0.01587099 -0.000346655
vn 0.04761302 -0.04761302 0.9977304
vn 0.04761302 -0.04761302 0.9977304
vn 0.04761302 -0.04761302 0.9977304
vn 0.04761302 -0.04761302 0.9977304
vn 0.04761302 -0.04761302 -0.9977304
vn 0.04761302 -0.04761302 -0.9977304
vn 0.04761302 -0.04761302 -0.9977304
vn 0.04761302 -0.04761302 -0.9977304
vn 0.01587099 0.999874 -0.000345267
vn 0.01587099 0.999874 -0.000345267
vn 0.01587099 0.999874 -0.000345267
vn 0.01587099 0.999874 -0.000345267
vn 0.04761302 -0.04761302 -0.9977304
vn 0.04761302 -0.04761302 -0.9977304
vn 0.04761302 -0.04761302 -0.9977304
vn 0.04761302 -0.04761302 -0.9977304
vn 0.04761302 -0.04761302 0.9977304
vn 0.04761302 -0.04761302 0.9977304
vn 0.04761302 -0.04761302 0.9977304
vn 0.04761302 -0.04761302 0.9977304
vn 0.04761302 -0.04761302 -0.9977304
vn 0.04761302 -0.04761302 -0.9977304
vn 0.04761302 -0.04761302 -0.9977304
vn 0.04761302 -0.04761302 -0.9977304
vn 0.04761302 -0.04761302 0.9977304
vn 0.04761302 -0.04761302 0.9977304
vn 0.04761302 -0.04761302 0.9977304
vn 0.04761302 -0.04761302 0.9977304
vn 0.01587099 0.999874 -0.000345267
vn 0.01587099 0.999874 -0.000345267
vn 0.01587099 0.999874 -0.000345267
vn 0.01587099 0.999874 -0.000345267
vn -0.999874 -0.01587099 -0.000346655
vn -0.999874 -0.01587099 -0.000346655
vn -0.999874 -0.01587099 -0.000346655
vn -0.999874 -0.01587099 -0.000346655
vn -0.999874 -0.01587099 -0.000346655
vn -0.999874 -0.01587099 -0.000346655
vn -0.999874 -0.01587099 -0.000346655
vn -0.999874 -0.01587099 -0.000346655
vn -0.999874 -0.01587099 -0.000346655
vn -0.999874 -0.01587099 -0.000346655
vn -0.999874 -0.01587099 -0.000346655
vn -0.999874 -0.01587099 -0.000346655
vn -0.999874 -0.01587099 -0.000346655
vn -0.999874 -0.01587099 -0.000346655
vn -0.999874 -0.01587099 -0.000346655
vn -0.999874 -0.01587099 -0.000346655
vn 0.999874 -0.01587099 -0.000346655
vn 0.999874 -0.01587099 -0.000346655
vn 0.999874 -0.01587099 -0.000346655
vn 0.999874 -0.01587099 -0.000346655
vn 0.999874 -0.01587099 -0.000346655
vn 0.999874 -0.01587099 -0.000346655
vn 0.999874 -0.01587099 -0.000346655
vn 0.999874 -0.01587099 -0.000346655
vn 0.999874 -0.01587099 -0.000346655
vn 0.999874 -0.01587099 -0.000346655
vn 0.999874 -0.01587099 -0.000346655
vn 0.999874 -0.01587099 -0.000346655
vn 0.999874 -0.01587099 -0.000346655
vn 0.999874 -0.01587099 -0.000346655
vn 0.999874 -0.01587099 -0.000346655
vn 0.999874 -0.01587099 -0.000346655
vn 0.04761302 -0.04761302 0.9977304
vn 0.04761302 -0.04761302 0.9977304
vn 0.04761302 -0.04761302 0.9977304
vn 0.04761302 -0.04761302 0.9977304
vn -0.999874 -0.01587099 -0.000346655
vn -0.999874 -0.01587099 -0.000346655
vn -0.999874 -0.01587099 -0.000346655
vn -0.999874 -0.01587099 -0.000346655
vn 0.04761302 -0.04761302 -0.9977304
vn 0.04761302 -0.04761302 -0.9977304
vn 0.04761302 -0.04761302 -0.9977304
vn 0.04761302 -0.04761302 -0.9977304
vn 0.04761302 -0.04761302 -0.9977304
vn 0.04761302 -0.04761302 -0.9977304
vn 0.04761302 -0.04761302 -0.9977304
vn 0.04761302 -0.04761302 -0.9977304
vn 0.04761302 -0.04761302 -0.9977304
vn 0.04761302 -0.04761302 -0.9977304
vn 0.04761302 -0.04761302 -0.9977304
vn 0.04761302 -0.04761302 -0.9977304
vn 0.999874 -0.01587099 -0.000346655
vn 0.999874 -0.01587099 -0.000346655
vn 0.999874 -0.01587099 -0.000346655
vn 0.999874 -0.01587099 -0.000346655
vn 0.04761302 -0.04761302 0.9977304
vn 0.04761302 -0.04761302 0.9977304
vn 0.04761302 -0.04761302 0.9977304
vn 0.04761302 -0.04761302 0.9977304
vn 0.04761302 -0.04761302 0.9977304
vn 0.04761302 -0.04761302 0.9977304
vn 0.04761302 -0.04761302 0.9977304
vn 0.04761302 -0.04761302 0.9977304
vn 0.04761302 -0.04761302 0.9977304
vn 0.04761302 -0.04761302 0.9977304
vn 0.04761302 -0.04761302 0.9977304
vn 0.04761302 -0.04761302 0.9977304
vn 0.04761302 -0.04761302 0.9977304
vn 0.04761302 -0.04761302 0.9977304
vn 0.04761302 -0.04761302 0.9977304
vn 0.04761302 -0.04761302 0.9977304
vn 0.01587099 0.999874 -0.000345267
vn 0.01587099 0.999874 -0.000345267
vn 0.01587099 0.999874 -0.000345267
vn 0.01587099 0.999874 -0.000345267
vn 0.04761302 -0.04761302 0.9977304
vn 0.04761302 -0.04761302 0.9977304
vn 0.04761302 -0.04761302 0.9977304
vn 0.04761302 -0.04761302 0.9977304
vn 0.04761302 -0.04761302 0.9977304
vn 0.01587099 -0.999874 -0.000345267
vn 0.01587099 -0.999874 -0.000345267
vn 0.01587099 -0.999874 -0.000345267
vn 0.01587099 -0.999874 -0.000345267
vn 0.999874 -0.01587099 -0.000346655
vn 0.999874 -0.01587099 -0.000346655
vn 0.999874 -0.01587099 -0.000346655
vn 0.999874 -0.01587099 -0.000346655
vn 0.04761302 -0.04761302 0.9977304
vn 0.04761302 -0.04761302 0.9977304
vn 0.04761302 -0.04761302 0.9977304
vn 0.04761302 -0.04761302 0.9977304
vn -0.999874 -0.01587099 -0.000346655
vn -0.999874 -0.01587099 -0.000346655
vn -0.999874 -0.01587099 -0.000346655
vn -0.999874 -0.01587099 -0.000346655
vn 0.01587099 0.999874 -0.000345267
vn 0.01587099 0.999874 -0.000345267
vn 0.01587099 0.999874 -0.000345267
vn 0.01587099 0.999874 -0.000345267
vn 0.04761302 -0.04761302 0.9977304
vn 0.04761302 -0.04761302 0.9977304
vn 0.04761302 -0.04761302 0.9977304
vn 0.04761302 -0.04761302 0.9977304
vn 0.04761302 -0.04761302 0.9977304
vn 0.01587099 -0.999874 -0.000345267
vn 0.01587099 -0.999874 -0.000345267
vn 0.01587099 -0.999874 -0.000345267
vn 0.01587099 -0.999874 -0.000345267
vn -0.999874 -0.01587099 -0.000346655
vn -0.999874 -0.01587099 -0.000346655
vn -0.999874 -0.01587099 -0.000346655
vn -0.999874 -0.01587099 -0.000346655
vn 0.04761302 -0.04761302 0.9977304
vn 0.04761302 -0.04761302 0.9977304
vn 0.04761302 -0.04761302 0.9977304
vn 0.04761302 -0.04761302 0.9977304
vn 0.999874 -0.01587099 -0.000346655
vn 0.999874 -0.01587099 -0.000346655
vn 0.999874 -0.01587099 -0.000346655
vn 0.999874 -0.01587099 -0.000346655
vn 0.01587099 0.999874 -0.000345267
vn 0.01587099 0.999874 -0.000345267
vn 0.01587099 0.999874 -0.000345267
vn 0.01587099 0.999874 -0.000345267
vn 0.04761302 -0.04761302 0.9977304
vn 0.04761302 -0.04761302 0.9977304
vn 0.04761302 -0.04761302 0.9977304
vn 0.04761302 -0.04761302 0.9977304
vn 0.04761302 -0.04761302 0.9977304
vn 0.01587099 -0.999874 -0.000345267
vn 0.01587099 -0.999874 -0.000345267
vn 0.01587099 -0.999874 -0.000345267
vn 0.01587099 -0.999874 -0.000345267
vn 0.999874 -0.01587099 -0.000346655
vn 0.999874 -0.01587099 -0.000346655
vn 0.999874 -0.01587099 -0.000346655
vn 0.999874 -0.01587099 -0.000346655
vn 0.04761302 -0.04761302 0.9977304
vn 0.04761302 -0.04761302 0.9977304
vn 0.04761302 -0.04761302 0.9977304
vn 0.04761302 -0.04761302 0.9977304
vn -0.999874 -0.01587099 -0.000346655
vn -0.999874 -0.01587099 -0.000346655
vn -0.999874 -0.01587099 -0.000346655
vn -0.999874 -0.01587099 -0.000346655
vn 0.01587099 0.999874 -0.000345267
vn 0.01587099 0.999874 -0.000345267
vn 0.01587099 0.999874 -0.000345267
vn 0.01587099 0.999874 -0.000345267
vn 0.04761302 -0.04761302 0.9977304
vn 0.04761302 -0.04761302 0.9977304
vn 0.04761302 -0.04761302 0.9977304
vn 0.04761302 -0.04761302 0.9977304
vn 0.04761302 -0.04761302 0.9977304
vn 0.01587099 -0.999874 -0.000345267
vn 0.01587099 -0.999874 -0.000345267
vn 0.01587099 -0.999874 -0.000345267
vn 0.01587099 -0.999874 -0.000345267
vn -0.999874 -0.01587099 -0.000346655
vn -0.999874 -0.01587099 -0.000346655
vn -0.999874 -0.01587099 -0.000346655
vn -0.999874 -0.01587099 -0.000346655
vn 0.04761302 -0.04761302 0.9977304
vn 0.04761302 -0.04761302 0.9977304
vn 0.04761302 -0.04761302 0.9977304
vn 0.04761302 -0.04761302 0.9977304
vn 0.999874 -0.01587099 -0.000346655
vn 0.999874 -0.01587099 -0.000346655
vn 0.999874 -0.01587099 -0.000346655
vn 0.999874 -0.01587099 -0.000346655
vn 0.04761302 -0.04761302 0.9977304
vn 0.04761302 -0.04761302 0.9977304
vn 0.04761302 -0.04761302 0.9977304
vn 0.04761302 -0.04761302 0.9977304
vn 0.04761302 -0.04761302 0.9977304
vn 0.04761302 -0.04761302 0.9977304
vn 0.04761302 -0.04761302 0.9977304
vn 0.04761302 -0.04761302 0.9977304
vn 0.04761302 -0.04761302 0.9977304
vn 0.04761302 -0.04761302 0.9977304
vn 0.04761302 -0.04761302 0.9977304
vn 0.04761302 -0.04761302 0.9977304
vn 0.04761302 -0.04761302 0.9977304
vn 0.04761302 -0.04761302 0.9977304
vn 0.04761302 -0.04761302 0.9977304
vn 0.04761302 -0.04761302 0.9977304
vn 0.04761302 -0.04761302 0.9977304
vn 0.04761302 -0.04761302 0.9977304
vn 0.04761302 -0.04761302 0.9977304
vn 0.04761302 -0.04761302 0.9977304
vn 0.04761302 -0.04761302 0.9977304
vn 0.04761302 -0.04761302 0.9977304
vn 0.04761302 -0.04761302 0.9977304
vn 0.04761302 -0.04761302 0.9977304
vn 0.04761302 -0.04761302 0.9977304
vn 0.7943578 0.6074502 0
vn 0.2698073 0.9363899 -0.2244502
vn 0.7943578 0.6074502 0
vn 0.2698073 0.9363899 -0.2244502
vn 0.7669368 -0.6417226 0
vn 0.7669368 -0.6417226 0
vn 0.7669368 -0.6417226 0
vn 0.7669368 -0.6417226 0
vn 0.819958 0.5724236 0
vn 0.819958 0.5724236 0
vn 0.819958 0.5724236 0
vn 0.819958 0.5724236 0
vn -0.8729059 -0.4285174 -0.2332557
vn -0.8729059 -0.4285174 -0.2332557
vn -0.8729059 -0.4285174 -0.2332557
vn -0.8729059 -0.4285174 -0.2332557
vn -0.6189697 0.7776798 -0.1099576
vn -0.6189697 0.7776798 -0.1099576
vn -0.6189697 0.7776798 -0.1099576
vn -0.6189697 0.7776798 -0.1099576
vn -0.6189697 0.7776798 -0.1099576
vn -0.6189697 0.7776798 -0.1099576
vn 0.172001 -0.9850967 0
vn 0.2020915 -0.9793667 0
vn 0.172001 -0.9850967 0
vn 0.2020915 -0.9793667 0
vn 0.1745812 0.968132 -0.1795601
vn -0.2380652 0.968132 -0.07775179
vn 0.1745812 0.968132 -0.1795601
vn -0.2380652 0.968132 -0.07775179
vn -0.999874 -0.01587099 -0.000346655
vn -0.968132 -0.04761302 -0.2458728
vn -0.999874 -0.01587099 -0.000346655
vn -0.968132 -0.04761302 -0.2458728
vn 0.04761302 0.968132 -0.2458728
vn -0.7776798 0.5872276 -0.2244502
vn 0.04761302 0.968132 -0.2458728
vn -0.7776798 0.5872276 -0.2244502
vn -0.999874 -0.01587099 -0.000346655
vn -0.999874 -0.01587099 -0.000346655
vn -0.999874 -0.01587099 -0.000346655
vn -0.999874 -0.01587099 -0.000346655
vn 0.172001 -0.9850967 0
vn 0.01587099 -0.999874 -0.000345267
vn 0.172001 -0.9850967 0
vn 0.01587099 -0.999874 -0.000345267
vn 0.1745812 0.968132 -0.1795601
vn 0.1745812 0.968132 -0.1795601
vn 0.1745812 0.968132 -0.1795601
vn 0.1745812 0.968132 -0.1795601
vn 0.999874 -0.01587099 -0.000346655
vn 0.999874 -0.01587099 -0.000346655
vn 0.999874 -0.01587099 -0.000346655
vn 0.999874 -0.01587099 -0.000346655
vn 0.01587099 -0.999874 -0.000345267
vn 0.07911628 -0.9968654 0
vn 0.01587099 -0.999874 -0.000345267
vn 0.07911628 -0.9968654 0
vn -0.999874 -0.01587099 -0.000346655
vn -0.999874 -0.01587099 -0.000346655
vn -0.999874 -0.01587099 -0.000346655
vn -0.999874 -0.01587099 -0.000346655
vn -0.7669368 -0.6417226 0
vn 0.01587099 -0.999874 -0.000345267
vn -0.7669368 -0.6417226 0
vn 0.01587099 -0.999874 -0.000345267
vn 0.1110971 0.968132 -0.2244501
vn 0.04761302 0.968132 -0.2458728
vn 0.1110971 0.968132 -0.2244501
vn 0.04761302 0.968132 -0.2458728
vn 0.999874 -0.01587099 -0.000346655
vn 0.999874 -0.01587099 -0.000346655
vn 0.999874 -0.01587099 -0.000346655
vn 0.999874 -0.01587099 -0.000346655
vn -0.172001 -0.9850967 0
vn 0.1414213 -0.9899495 0
vn -0.172001 -0.9850967 0
vn 0.1414213 -0.9899495 0
vn 0.01587099 0.999874 -0.000345267
vn 0.2063232 0.968132 -0.1419547
vn 0.01587099 0.999874 -0.000345267
vn 0.2063232 0.968132 -0.1419547
vn 0.2380652 0.968132 -0.07775179
vn 0.2063232 0.968132 -0.1419547
vn 0.2380652 0.968132 -0.07775179
vn 0.2063232 0.968132 -0.1419547
vn -0.172001 -0.9850967 0
vn -0.2316205 -0.9728062 0
vn -0.172001 -0.9850967 0
vn -0.2316205 -0.9728062 0
vn 0.7516258 -0.6595899 0
vn 0.7516258 -0.6595899 0
vn 0.7516258 -0.6595899 0
vn 0.7516258 -0.6595899 0
vn -0.6074502 -0.7943578 0
vn -0.6074502 -0.7943578 0
vn -0.6074502 -0.7943578 0
vn -0.6074502 -0.7943578 0
vn -0.8729059 0.4285175 -0.2332556
vn -0.8729059 0.4285175 -0.2332556
vn -0.8729059 0.4285175 -0.2332556
vn -0.8729059 0.4285175 -0.2332556
vn 0.04761302 -0.04761302 0.9977304
vn 0.04761302 -0.04761302 0.9977304
vn 0.04761302 -0.04761302 0.9977304
vn 0.04761302 -0.04761302 0.9977304
vn 0.04761302 -0.04761302 0.9977304
vn 0.04761302 -0.04761302 0.9977304
vn 0.04761302 -0.04761302 0.9977304
vn 0.04761302 -0.04761302 0.9977304
vn 0.04761302 -0.04761302 0.9977304
vn 0.04761302 -0.04761302 0.9977304
vn 0.04761302 -0.04761302 0.9977304
vn 0.04761302 -0.04761302 0.9977304
vn 0.04761302 -0.04761302 0.9977304
vn 0.04761302 -0.04761302 0.9977304
vn 0.04761302 -0.04761302 0.9977304
vn 0.04761302 -0.04761302 0.9977304
vn 0.04761302 -0.04761302 0.9977304
vn 0.9207517 -0.390149 0
vn 0.9207517 -0.390149 0
vn 0.9207517 -0.390149 0
vn 0.9207517 -0.390149 0
vn 0.01587099 0.999874 -0.000345267
vn 0.01587099 0.999874 -0.000345267
vn 0.01587099 0.999874 -0.000345267
vn 0.01587099 0.999874 -0.000345267
vn -0.8411639 0.4920015 -0.2244501
vn -0.9046479 0.3650334 -0.2199152
vn -0.8411639 0.4920015 -0.2244501
vn -0.9046479 0.3650334 -0.2199152
vn 0.01587099 0.999874 -0.000345267
vn 0.01587099 0.999874 -0.000345267
vn 0.01587099 0.999874 -0.000345267
vn 0.01587099 0.999874 -0.000345267
vn -0.999874 -0.01587099 -0.000346655
vn -0.999874 -0.01587099 -0.000346655
vn -0.999874 -0.01587099 -0.000346655
vn -0.999874 -0.01587099 -0.000346655
vn 0.01587099 -0.999874 -0.000345267
vn 0.01587099 -0.999874 -0.000345267
vn 0.01587099 -0.999874 -0.000345267
vn 0.01587099 -0.999874 -0.000345267
vn 0.999874 -0.01587099 -0.000346655
vn 0.999874 -0.01587099 -0.000346655
vn 0.999874 -0.01587099 -0.000346655
vn 0.999874 -0.01587099 -0.000346655
vn 0.4920015 0.8411639 -0.2244502
vn 0.4920015 0.8411639 -0.2244502
vn 0.4920015 0.8411639 -0.2244502
vn 0.4920015 0.8411639 -0.2244502
vn 0.931708 -0.3632082 0
vn 0.931708 -0.3632082 0
vn 0.931708 -0.3632082 0
vn 0.931708 -0.3632082 0
vn 0.01587099 -0.999874 -0.000345267
vn 0.01587099 -0.999874 -0.000345267
vn 0.01587099 -0.999874 -0.000345267
vn 0.01587099 -0.999874 -0.000345267
vn -0.9046479 -0.3650333 -0.2199153
vn -0.9046479 -0.3650333 -0.2199153
vn -0.9046479 -0.3650333 -0.2199153
vn -0.9046479 -0.3650333 -0.2199153
vn -0.4920015 0.8411639 -0.2244501
vn -0.4920015 0.8411639 -0.2244501
vn -0.4920015 0.8411639 -0.2244501
vn -0.4920015 0.8411639 -0.2244501
vn -0.999874 -0.01587099 -0.000346655
vn -0.999874 -0.01587099 -0.000346655
vn -0.999874 -0.01587099 -0.000346655
vn -0.999874 -0.01587099 -0.000346655
vn 0.01587099 -0.999874 -0.000345267
vn 0.01587099 -0.999874 -0.000345267
vn 0.01587099 -0.999874 -0.000345267
vn 0.01587099 -0.999874 -0.000345267
vn 0.999874 -0.01587099 -0.000346655
vn 0.999874 -0.01587099 -0.000346655
vn 0.999874 -0.01587099 -0.000346655
vn 0.999874 -0.01587099 -0.000346655
vn 0.9363899 0.3332913 -0.1099582
vn 0.8711522 0.4910131 0
vn 0.9363899 0.3332913 -0.1099582
vn 0.8711522 0.4910131 0
vn -0.9037378 -0.4280863 0
vn -0.9037378 -0.4280863 0
vn -0.9037378 -0.4280863 0
vn -0.9037378 -0.4280863 0
vn 0.04761302 -0.04761302 0.9977304
vn 0.04761302 -0.04761302 0.9977304
vn 0.04761302 -0.04761302 0.9977304
vn 0.04761302 -0.04761302 0.9977304
vn 0.04761302 -0.04761302 0.9977304
vn 0.04761302 -0.04761302 0.9977304
vn 0.04761302 -0.04761302 0.9977304
vn 0.04761302 -0.04761302 0.9977304
vn 0.04761302 -0.04761302 0.9977304
vn 0.04761302 -0.04761302 0.9977304
vn 0.04761302 -0.04761302 0.9977304
vn 0.04761302 -0.04761302 0.9977304
vn 0.04761302 -0.04761302 0.9977304
vn 0.04761302 -0.04761302 0.9977304
vn 0.04761302 -0.04761302 0.9977304
vn 0.04761302 -0.04761302 0.9977304
vn 0.04761302 -0.04761302 0.9977304
vn 0.04761302 -0.04761302 0.9977304
vn 0.04761302 -0.04761302 0.9977304
vn 0.04761302 -0.04761302 0.9977304
vn 0.04761302 -0.04761302 0.9977304
vn 0.04761302 -0.04761302 0.9977304
vn 0.04761302 -0.04761302 0.9977304
vn 0.04761302 -0.04761302 0.9977304
vn 0.04761302 -0.04761302 0.9977304
vn 0.04761302 -0.04761302 0.9977304
vn 0.999874 -0.01587099 -0.000346655
vn 0.999874 -0.01587099 -0.000346655
vn 0.999874 -0.01587099 -0.000346655
vn 0.999874 -0.01587099 -0.000346655
vn 0.8344646 -0.5510616 0
vn 0.8344646 -0.5510616 0
vn 0.8344646 -0.5510616 0
vn 0.8344646 -0.5510616 0
vn 0.01587099 -0.999874 -0.000345267
vn 0.01587099 -0.999874 -0.000345267
vn 0.01587099 -0.999874 -0.000345267
vn 0.01587099 -0.999874 -0.000345267
vn 0.999874 -0.01587099 -0.000346655
vn 0.999874 -0.01587099 -0.000346655
vn 0.999874 -0.01587099 -0.000346655
vn 0.999874 -0.01587099 -0.000346655
vn 0.01587099 0.999874 -0.000345267
vn 0.01587099 0.999874 -0.000345267
vn 0.01587099 0.999874 -0.000345267
vn 0.01587099 0.999874 -0.000345267
vn -0.999874 -0.01587099 -0.000346655
vn -0.999874 -0.01587099 -0.000346655
vn -0.999874 -0.01587099 -0.000346655
vn -0.999874 -0.01587099 -0.000346655
vn 0.01587099 -0.999874 -0.000345267
vn 0.01587099 -0.999874 -0.000345267
vn 0.01587099 -0.999874 -0.000345267
vn 0.01587099 -0.999874 -0.000345267
vn -0.9046479 -0.3650333 -0.2199153
vn -0.968132 -0.2063232 -0.1419548
vn -0.9046479 -0.3650333 -0.2199153
vn -0.968132 -0.2063232 -0.1419548
vn 0.01587099 -0.999874 -0.000345267
vn 0.01587099 -0.999874 -0.000345267
vn 0.01587099 -0.999874 -0.000345267
vn 0.01587099 -0.999874 -0.000345267
vn 0.999874 -0.01587099 -0.000346655
vn 0.999874 -0.01587099 -0.000346655
vn 0.999874 -0.01587099 -0.000346655
vn 0.999874 -0.01587099 -0.000346655
vn -0.968132 -0.2063232 -0.1419548
vn -0.999874 -0.01587099 -0.000346655
vn -0.968132 -0.2063232 -0.1419548
vn -0.999874 -0.01587099 -0.000346655
vn 0.7943578 0.6074502 0
vn 0.7943578 0.6074502 0
vn 0.7943578 0.6074502 0
vn 0.7943578 0.6074502 0
vn -0.999874 -0.01587099 -0.000346655
vn -0.9046479 0.3332913 -0.2655729
vn -0.999874 -0.01587099 -0.000346655
vn -0.9046479 0.3332913 -0.2655729
vn -0.9046479 0.3332913 -0.2655729
vn -0.8729059 0.4602594 -0.1618537
vn -0.9046479 0.3332913 -0.2655729
vn -0.8729059 0.4602594 -0.1618537
vn 0.04761302 0.968132 -0.2458728
vn 0.04761302 0.968132 -0.2458728
vn 0.04761302 0.968132 -0.2458728
vn 0.04761302 0.968132 -0.2458728
vn -0.999874 -0.01587099 -0.000346655
vn -0.999874 -0.01587099 -0.000346655
vn -0.999874 -0.01587099 -0.000346655
vn -0.999874 -0.01587099 -0.000346655
vn 0.01587099 -0.999874 -0.000345267
vn 0.01587099 -0.999874 -0.000345267
vn 0.01587099 -0.999874 -0.000345267
vn 0.01587099 -0.999874 -0.000345267
vn 0.857493 0.5144958 0
vn 0.857493 0.5144958 0
vn 0.857493 0.5144958 0
vn 0.857493 0.5144958 0
vn 0.999874 -0.01587099 -0.000346655
vn 0.999874 -0.01587099 -0.000346655
vn 0.999874 -0.01587099 -0.000346655
vn 0.999874 -0.01587099 -0.000346655
vn 0.01587099 -0.999874 -0.000345267
vn 0.01587099 -0.999874 -0.000345267
vn 0.01587099 -0.999874 -0.000345267
vn 0.01587099 -0.999874 -0.000345267
vn 0.999874 -0.01587099 -0.000346655
vn 0.999874 -0.01587099 -0.000346655
vn 0.999874 -0.01587099 -0.000346655
vn 0.999874 -0.01587099 -0.000346655
vn 0.07935506 0.968132 -0.2375357
vn 0.04761302 0.968132 -0.2458728
vn 0.07935506 0.968132 -0.2375357
vn 0.04761302 0.968132 -0.2458728
vn -0.4280864 -0.9037378 0
vn -0.4280864 -0.9037378 0
vn -0.4280864 -0.9037378 0
vn -0.4280864 -0.9037378 0
vn 0.01587099 0.999874 -0.000345267
vn 0.01587099 0.999874 -0.000345267
vn 0.01587099 0.999874 -0.000345267
vn 0.01587099 0.999874 -0.000345267
vn -0.999874 -0.01587099 -0.000346655
vn -0.999874 -0.01587099 -0.000346655
vn -0.999874 -0.01587099 -0.000346655
vn -0.999874 -0.01587099 -0.000346655
vn -0.7378055 -0.6750134 0
vn -0.7378055 -0.6750134 0
vn -0.7378055 -0.6750134 0
vn -0.7378055 -0.6750134 0
vn -0.7378055 -0.6750134 0
vn -0.7378055 -0.6750134 0
vn 0.04761302 -0.04761302 0.9977304
vn 0.04761302 -0.04761302 0.9977304
vn 0.04761302 -0.04761302 0.9977304
vn 0.04761302 -0.04761302 0.9977304
vn 0.04761302 -0.04761302 0.9977304
vn 0.04761302 -0.04761302 0.9977304
vn 0.04761302 -0.04761302 0.9977304
vn 0.04761302 -0.04761302 0.9977304
vn 0.04761302 -0.04761302 0.9977304
vn 0.04761302 -0.04761302 0.9977304
vn 0.04761302 -0.04761302 0.9977304
vn 0.04761302 -0.04761302 0.9977304
vn 0.04761302 -0.04761302 0.9977304
vn 0.04761302 -0.04761302 0.9977304
vn 0.04761302 -0.04761302 0.9977304
vn 0.04761302 -0.04761302 0.9977304
vn 0.04761302 -0.04761302 0.9977304
vn 0.04761302 -0.04761302 0.9977304
vn 0.04761302 -0.04761302 0.9977304
vn 0.04761302 -0.04761302 0.9977304
vn 0.04761302 -0.04761302 0.9977304
vn 0.04761302 -0.04761302 0.9977304
vn 0.04761302 -0.04761302 0.9977304
vn 0.04761302 -0.04761302 0.9977304
vn 0.04761302 -0.04761302 0.9977304
vn 0.04761302 -0.04761302 0.9977304
vn 0.04761302 -0.04761302 0.9977304
vn 0.04761302 -0.04761302 0.9977304
vn 0.04761302 -0.04761302 0.9977304
vn 0.04761302 -0.04761302 0.9977304
vn 0.04761302 -0.04761302 0.9977304
vn 0.04761302 -0.04761302 0.9977304
vn 0.04761302 -0.04761302 0.9977304
vn 0.04761302 -0.04761302 0.9977304
vn 0.04761302 -0.04761302 0.9977304
vn 0.04761302 -0.04761302 0.9977304
vn 0.04761302 -0.04761302 0.9977304
vn 0.999874 -0.01587099 -0.000346655
vn 0.999874 -0.01587099 -0.000346655
vn 0.999874 -0.01587099 -0.000346655
vn 0.999874 -0.01587099 -0.000346655
vn 0.01587099 0.999874 -0.000345267
vn 0.01587099 0.999874 -0.000345267
vn 0.01587099 0.999874 -0.000345267
vn 0.01587099 0.999874 -0.000345267
vn 0.7071068 -0.7071068 0
vn 0.4777719 -0.8784839 0
vn 0.7071068 -0.7071068 0
vn 0.4777719 -0.8784839 0
vn 0.01587099 -0.999874 -0.000345267
vn 0.01587099 -0.999874 -0.000345267
vn 0.01587099 -0.999874 -0.000345267
vn 0.01587099 -0.999874 -0.000345267
vn 0.999874 -0.01587099 -0.000346655
vn 0.999874 -0.01587099 -0.000346655
vn 0.999874 -0.01587099 -0.000346655
vn 0.999874 -0.01587099 -0.000346655
vn 0.7378054 0.6750135 0
vn 0.5872276 0.8094218 -0.000422864
vn 0.7378054 0.6750135 0
vn 0.7378054 0.6750135 0
vn 0.5872276 0.8094218 -0.000422864
vn 0.5872276 0.8094218 -0.000422864
vn -0.7776798 0.5872276 -0.2244502
vn -0.7776798 0.5872276 -0.2244502
vn -0.7776798 0.5872276 -0.2244502
vn -0.7776798 0.5872276 -0.2244502
vn 0.04761302 0.968132 -0.2458728
vn 0.04761302 0.968132 -0.2458728
vn 0.04761302 0.968132 -0.2458728
vn 0.04761302 0.968132 -0.2458728
vn -0.999874 -0.01587099 -0.000346655
vn -0.999874 -0.01587099 -0.000346655
vn -0.999874 -0.01587099 -0.000346655
vn -0.999874 -0.01587099 -0.000346655
vn 0.01587099 -0.999874 -0.000345267
vn 0.01587099 -0.999874 -0.000345267
vn 0.01587099 -0.999874 -0.000345267
vn 0.01587099 -0.999874 -0.000345267
vn 0.9046479 0.3967754 -0.155504
vn 0.9793667 0.2020916 0
vn 0.9046479 0.3967754 -0.155504
vn 0.9793667 0.2020916 0
vn 0.999874 -0.01587099 -0.000346655
vn 0.9793667 0.2020916 0
vn 0.999874 -0.01587099 -0.000346655
vn 0.9793667 0.2020916 0
vn 0.01587099 -0.999874 -0.000345267
vn 0.01587099 -0.999874 -0.000345267
vn 0.01587099 -0.999874 -0.000345267
vn 0.01587099 -0.999874 -0.000345267
vn 0.999874 -0.01587099 -0.000346655
vn 0.999874 -0.01587099 -0.000346655
vn 0.999874 -0.01587099 -0.000346655
vn 0.999874 -0.01587099 -0.000346655
vn 0.1428391 0.968132 -0.2057119
vn 0.04761302 0.968132 -0.2458728
vn 0.1428391 0.968132 -0.2057119
vn 0.04761302 0.968132 -0.2458728
vn 0.999874 -0.01587099 -0.000346655
vn 0.9632913 -0.2684582 0
vn 0.999874 -0.01587099 -0.000346655
vn 0.9632913 -0.2684582 0
vn 0.9632913 -0.2684582 0
vn 0.954758 -0.2973836 0
vn 0.9632913 -0.2684582 0
vn 0.954758 -0.2973836 0
vn 0.01587099 0.999874 -0.000345267
vn 0.01587099 0.999874 -0.000345267
vn 0.01587099 0.999874 -0.000345267
vn 0.01587099 0.999874 -0.000345267
vn -0.999874 -0.01587099 -0.000346655
vn -0.999874 -0.01587099 -0.000346655
vn -0.999874 -0.01587099 -0.000346655
vn -0.999874 -0.01587099 -0.000346655
vn 0.01587099 -0.999874 -0.000345267
vn 0.01587099 -0.999874 -0.000345267
vn 0.01587099 -0.999874 -0.000345267
vn 0.01587099 -0.999874 -0.000345267
vn -0.7943578 -0.6074501 0
vn -0.7943578 -0.6074501 0
vn -0.7943578 -0.6074501 0
vn -0.7943578 -0.6074501 0
vn -0.968132 -0.04761302 -0.2458728
vn -0.968132 -0.04761302 -0.2458728
vn -0.968132 -0.04761302 -0.2458728
vn -0.968132 -0.04761302 -0.2458728
vn -0.7459378 0.6189697 -0.2458725
vn -0.6507117 0.7141957 -0.2578737
vn -0.7459378 0.6189697 -0.2458725
vn -0.6507117 0.7141957 -0.2578737
vn -0.7071068 -0.7071068 0
vn -0.6750135 -0.7378054 0
vn -0.7071068 -0.7071068 0
vn -0.6750135 -0.7378054 0
vn -0.999874 -0.01587099 -0.000346655
vn -0.999874 -0.01587099 -0.000346655
vn -0.999874 -0.01587099 -0.000346655
vn -0.999874 -0.01587099 -0.000346655
vn 0.01587099 -0.999874 -0.000345267
vn 0.01587099 -0.999874 -0.000345267
vn 0.01587099 -0.999874 -0.000345267
vn 0.01587099 -0.999874 -0.000345267
vn -0.4602594 -0.8729059 -0.1618538
vn -0.4602594 -0.8729059 -0.1618538
vn -0.4602594 -0.8729059 -0.1618538
vn -0.4602594 -0.8729059 -0.1618538
vn -0.4920015 0.8411639 -0.2244501
vn -0.4920015 0.8411639 -0.2244501
vn -0.4920015 0.8411639 -0.2244501
vn -0.4920015 0.8411639 -0.2244501
vn -0.999874 -0.01587099 -0.000346655
vn -0.999874 -0.01587099 -0.000346655
vn -0.999874 -0.01587099 -0.000346655
vn -0.999874 -0.01587099 -0.000346655
vn 0.1104315 -0.9938838 0
vn 0.07911628 -0.9968654 0
vn 0.1104315 -0.9938838 0
vn 0.07911628 -0.9968654 0
vn 0.07911628 -0.9968654 0
vn 0.01587099 -0.999874 -0.000345267
vn 0.07911628 -0.9968654 0
vn 0.01587099 -0.999874 -0.000345267
vn 0.999874 -0.01587099 -0.000346655
vn 0.999874 -0.01587099 -0.000346655
vn 0.999874 -0.01587099 -0.000346655
vn 0.999874 -0.01587099 -0.000346655
vn 0.01587099 0.999874 -0.000345267
vn 0.01587099 0.999874 -0.000345267
vn 0.01587099 0.999874 -0.000345267
vn 0.01587099 0.999874 -0.000345267
vn 0.01587099 -0.999874 -0.000345267
vn 0.01587099 -0.999874 -0.000345267
vn 0.01587099 -0.999874 -0.000345267
vn 0.01587099 -0.999874 -0.000345267
vn 0.01587099 -0.999874 -0.000345267
vn 0.01587099 -0.999874 -0.000345267
vn 0.01587099 -0.999874 -0.000345267
vn 0.01587099 -0.999874 -0.000345267
vn 0.01587099 -0.999874 -0.000345267
vn 0.01587099 -0.999874 -0.000345267
vn 0.01587099 -0.999874 -0.000345267
vn 0.01587099 -0.999874 -0.000345267
vn 0.01587099 -0.999874 -0.000345267
vn 0.01587099 -0.999874 -0.000345267
vn 0.04761302 -0.04761302 0.9977304
vn 0.04761302 -0.04761302 0.9977304
vn 0.04761302 -0.04761302 0.9977304
vn 0.04761302 -0.04761302 0.9977304
vn -0.6824538 -0.04761302 0.7293764
vn -0.6824538 -0.04761302 0.7293764
vn -0.6824538 -0.04761302 0.7293764
vn -0.6824538 -0.04761302 0.7293764
vn -0.999874 -0.01587099 -0.000346655
vn -0.999874 -0.01587099 -0.000346655
vn -0.999874 -0.01587099 -0.000346655
vn -0.999874 -0.01587099 -0.000346655
vn 0.04761302 -0.04761302 0.9977304
vn 0.04761302 -0.04761302 0.9977304
vn 0.04761302 -0.04761302 0.9977304
vn 0.04761302 -0.04761302 0.9977304
vn -0.6824538 -0.04761302 0.7293764
vn -0.6824538 -0.04761302 0.7293764
vn -0.6824538 -0.04761302 0.7293764
vn -0.6824538 -0.04761302 0.7293764
vn -0.968132 -0.04761302 0.2458728
vn -0.968132 -0.04761302 0.2458728
vn -0.968132 -0.04761302 0.2458728
vn -0.968132 -0.04761302 0.2458728
vn 0.01587099 0.999874 -0.000345267
vn 0.01587099 0.999874 -0.000345267
vn 0.01587099 0.999874 -0.000345267
vn 0.01587099 0.999874 -0.000345267
vn 0.01587099 0.999874 -0.000345267
vn 0.01587099 0.999874 -0.000345267
vn 0.01587099 0.999874 -0.000345267
vn 0.01587099 0.999874 -0.000345267
vn 0.01587099 0.999874 -0.000345267
vn 0.01587099 0.999874 -0.000345267
vn 0.01587099 0.999874 -0.000345267
vn 0.01587099 0.999874 -0.000345267
vn 0.01587099 0.999874 -0.000345267
vn 0.01587099 0.999874 -0.000345267
vn 0.01587099 -0.999874 -0.000345267
vn 0.01587099 -0.999874 -0.000345267
vn 0.01587099 -0.999874 -0.000345267
vn 0.01587099 -0.999874 -0.000345267
vn 0.01587099 -0.999874 -0.000345267
vn 0.01587099 -0.999874 -0.000345267
vn 0.01587099 -0.999874 -0.000345267
vn 0.01587099 -0.999874 -0.000345267
vn 0.01587099 -0.999874 -0.000345267
vn 0.01587099 -0.999874 -0.000345267
vn 0.01587099 -0.999874 -0.000345267
vn 0.01587099 -0.999874 -0.000345267
vn 0.01587099 -0.999874 -0.000345267
vn 0.01587099 -0.999874 -0.000345267
vn 0.04761302 -0.04761302 0.9977304
vn 0.04761302 -0.04761302 0.9977304
vn 0.04761302 -0.04761302 0.9977304
vn 0.04761302 -0.04761302 0.9977304
vn 0.7459377 -0.04761302 0.6643116
vn 0.7459377 -0.04761302 0.6643116
vn 0.7459377 -0.04761302 0.6643116
vn 0.7459377 -0.04761302 0.6643116
vn 0.999874 -0.01587099 -0.000346655
vn 0.999874 -0.01587099 -0.000346655
vn 0.999874 -0.01587099 -0.000346655
vn 0.999874 -0.01587099 -0.000346655
vn 0.04761302 -0.04761302 0.9977304
vn 0.04761302 -0.04761302 0.9977304
vn 0.04761302 -0.04761302 0.9977304
vn 0.04761302 -0.04761302 0.9977304
vn 0.7459377 -0.04761302 0.6643116
vn 0.7459377 -0.04761302 0.6643116
vn 0.7459377 -0.04761302 0.6643116
vn 0.7459377 -0.04761302 0.6643116
vn 0.999874 -0.01587099 -0.000346655
vn 0.999874 -0.01587099 -0.000346655
vn 0.999874 -0.01587099 -0.000346655
vn 0.999874 -0.01587099 -0.000346655
vn 0.01587099 0.999874 -0.000345267
vn 0.01587099 0.999874 -0.000345267
vn 0.01587099 0.999874 -0.000345267
vn 0.01587099 0.999874 -0.000345267
vn 0.01587099 0.999874 -0.000345267
vn 0.01587099 0.999874 -0.000345267
vn 0.01587099 0.999874 -0.000345267
vn 0.01587099 0.999874 -0.000345267
vn 0.01587099 0.999874 -0.000345267
vn 0.01587099 0.999874 -0.000345267
vn 0.01587099 0.999874 -0.000345267
vn 0.01587099 0.999874 -0.000345267
vn 0.01587099 0.999874 -0.000345267
vn 0.01587099 0.999874 -0.000345267
vn 0.999874 -0.01587099 -0.000346655
vn 0.999874 -0.01587099 -0.000346655
vn 0.999874 -0.01587099 -0.000346655
vn 0.999874 -0.01587099 -0.000346655
vn 0.04761302 -0.04761302 -0.9977304
vn 0.04761302 -0.04761302 -0.9977304
vn 0.04761302 -0.04761302 -0.9977304
vn 0.04761302 -0.04761302 -0.9977304
vn 0.01587099 0.999874 -0.000345267
vn 0.01587099 0.999874 -0.000345267
vn 0.01587099 0.999874 -0.000345267
vn 0.01587099 0.999874 -0.000345267
vn 0.04761302 -0.04761302 -0.9977304
vn 0.04761302 -0.04761302 -0.9977304
vn 0.04761302 -0.04761302 -0.9977304
vn 0.04761302 -0.04761302 -0.9977304
vn 0.01587099 0.999874 -0.000345267
vn 0.01587099 0.999874 -0.000345267
vn 0.01587099 0.999874 -0.000345267
vn 0.01587099 0.999874 -0.000345267
vn 0.01587099 0.999874 -0.000345267
vn 0.01587099 0.999874 -0.000345267
vn 0.01587099 0.999874 -0.000345267
vn 0.01587099 0.999874 -0.000345267
vn 0.01587099 0.999874 -0.000345267
vn 0.01587099 0.999874 -0.000345267
vn 0.01587099 0.999874 -0.000345267
vn 0.01587099 0.999874 -0.000345267
vn 0.999874 -0.01587099 -0.000346655
vn 0.999874 -0.01587099 -0.000346655
vn 0.999874 -0.01587099 -0.000346655
vn 0.999874 -0.01587099 -0.000346655
vn 0.999874 -0.01587099 -0.000346655
vn 0.999874 -0.01587099 -0.000346655
vn 0.999874 -0.01587099 -0.000346655
vn 0.999874 -0.01587099 -0.000346655
vn 0.04761302 -0.04761302 0.9977304
vn 0.04761302 -0.04761302 0.9977304
vn 0.04761302 -0.04761302 0.9977304
vn 0.04761302 -0.04761302 0.9977304
vn 0.01587099 0.999874 -0.000345267
vn 0.01587099 0.999874 -0.000345267
vn 0.01587099 0.999874 -0.000345267
vn 0.01587099 0.999874 -0.000345267
vn 0.04761302 -0.04761302 0.9977304
vn 0.04761302 -0.04761302 0.9977304
vn 0.04761302 -0.04761302 0.9977304
vn 0.04761302 -0.04761302 0.9977304
vn 0.01587099 0.999874 -0.000345267
vn 0.01587099 0.999874 -0.000345267
vn 0.01587099 0.999874 -0.000345267
vn 0.01587099 0.999874 -0.000345267
vn 0.01587099 0.999874 -0.000345267
vn 0.01587099 0.999874 -0.000345267
vn 0.01587099 0.999874 -0.000345267
vn 0.01587099 0.999874 -0.000345267
vn 0.01587099 0.999874 -0.000345267
vn 0.01587099 0.999874 -0.000345267
vn 0.01587099 0.999874 -0.000345267
vn 0.01587099 0.999874 -0.000345267
vn 0.999874 -0.01587099 -0.000346655
vn 0.999874 -0.01587099 -0.000346655
vn 0.999874 -0.01587099 -0.000346655
vn 0.999874 -0.01587099 -0.000346655
vn -0.999874 -0.01587099 -0.000346655
vn -0.999874 -0.01587099 -0.000346655
vn -0.999874 -0.01587099 -0.000346655
vn -0.999874 -0.01587099 -0.000346655
vn 0.04761302 -0.04761302 -0.9977304
vn 0.04761302 -0.04761302 -0.9977304
vn 0.04761302 -0.04761302 -0.9977304
vn 0.04761302 -0.04761302 -0.9977304
vn 0.01587099 0.999874 -0.000345267
vn 0.01587099 0.999874 -0.000345267
vn 0.01587099 0.999874 -0.000345267
vn 0.01587099 0.999874 -0.000345267
vn 0.04761302 -0.04761302 -0.9977304
vn 0.04761302 -0.04761302 -0.9977304
vn 0.04761302 -0.04761302 -0.9977304
vn 0.04761302 -0.04761302 -0.9977304
vn 0.01587099 0.999874 -0.000345267
vn 0.01587099 0.999874 -0.000345267
vn 0.01587099 0.999874 -0.000345267
vn 0.01587099 0.999874 -0.000345267
vn 0.01587099 0.999874 -0.000345267
vn 0.01587099 0.999874 -0.000345267
vn 0.01587099 0.999874 -0.000345267
vn 0.01587099 0.999874 -0.000345267
vn 0.01587099 0.999874 -0.000345267
vn 0.01587099 0.999874 -0.000345267
vn 0.01587099 0.999874 -0.000345267
vn 0.01587099 0.999874 -0.000345267
vn -0.999874 -0.01587099 -0.000346655
vn -0.999874 -0.01587099 -0.000346655
vn -0.999874 -0.01587099 -0.000346655
vn -0.999874 -0.01587099 -0.000346655
vn -0.999874 -0.01587099 -0.000346655
vn -0.999874 -0.01587099 -0.000346655
vn -0.999874 -0.01587099 -0.000346655
vn -0.999874 -0.01587099 -0.000346655
vn 0.04761302 -0.04761302 0.9977304
vn 0.04761302 -0.04761302 0.9977304
vn 0.04761302 -0.04761302 0.9977304
vn 0.04761302 -0.04761302 0.9977304
vn 0.01587099 0.999874 -0.000345267
vn 0.01587099 0.999874 -0.000345267
vn 0.01587099 0.999874 -0.000345267
vn 0.01587099 0.999874 -0.000345267
vn 0.04761302 -0.04761302 0.9977304
vn 0.04761302 -0.04761302 0.9977304
vn 0.04761302 -0.04761302 0.9977304
vn 0.04761302 -0.04761302 0.9977304
vn 0.01587099 0.999874 -0.000345267
vn 0.01587099 0.999874 -0.000345267
vn 0.01587099 0.999874 -0.000345267
vn 0.01587099 0.999874 -0.000345267
vn 0.01587099 0.999874 -0.000345267
vn 0.01587099 0.999874 -0.000345267
vn 0.01587099 0.999874 -0.000345267
vn 0.01587099 0.999874 -0.000345267
vn 0.01587099 0.999874 -0.000345267
vn 0.01587099 0.999874 -0.000345267
vn 0.01587099 0.999874 -0.000345267
vn 0.01587099 0.999874 -0.000345267
vn -0.999874 -0.01587099 -0.000346655
vn -0.999874 -0.01587099 -0.000346655
vn -0.999874 -0.01587099 -0.000346655
vn -0.999874 -0.01587099 -0.000346655
vn 0.01587099 -0.999874 -0.000345267
vn 0.01587099 -0.999874 -0.000345267
vn 0.01587099 -0.999874 -0.000345267
vn 0.01587099 -0.999874 -0.000345267
vn 0.01587099 -0.999874 -0.000345267
vn 0.01587099 -0.999874 -0.000345267
vn 0.01587099 -0.999874 -0.000345267
vn 0.01587099 -0.999874 -0.000345267
vn 0.01587099 -0.999874 -0.000345267
vn 0.01587099 -0.999874 -0.000345267
vn 0.01587099 -0.999874 -0.000345267
vn 0.01587099 -0.999874 -0.000345267
vn 0.01587099 -0.999874 -0.000345267
vn 0.01587099 -0.999874 -0.000345267
vn 0.01587099 -0.999874 -0.000345267
vn 0.01587099 -0.999874 -0.000345267
vn 0.01587099 -0.999874 -0.000345267
vn 0.01587099 -0.999874 -0.000345267
vn 0.01587099 -0.999874 -0.000345267
vn 0.01587099 -0.999874 -0.000345267
vn 0.01587099 -0.999874 -0.000345267
vn 0.01587099 -0.999874 -0.000345267
vn 0.01587099 -0.999874 -0.000345267
vn 0.01587099 -0.999874 -0.000345267
vn 0.01587099 -0.999874 -0.000345267
vn 0.01587099 -0.999874 -0.000345267
vn 0.01587099 -0.999874 -0.000345267
vn 0.01587099 -0.999874 -0.000345267
vn 0.01587099 -0.999874 -0.000345267
vn 0.01587099 -0.999874 -0.000345267
vn 0.01587099 -0.999874 -0.000345267
vn 0.01587099 -0.999874 -0.000345267
vn 0.01587099 -0.999874 -0.000345267
vn 0.01587099 -0.999874 -0.000345267
vn 0.01587099 -0.999874 -0.000345267
vn 0.01587099 -0.999874 -0.000345267
vn 0.01587099 -0.999874 -0.000345267
vn 0.01587099 -0.999874 -0.000345267
vn 0.01587099 -0.999874 -0.000345267
vn 0.01587099 -0.999874 -0.000345267
vn 0.01587099 -0.999874 -0.000345267
vn 0.01587099 -0.999874 -0.000345267
vn 0.01587099 -0.999874 -0.000345267
vn 0.01587099 -0.999874 -0.000345267
vn 0.01587099 -0.999874 -0.000345267
vn 0.01587099 -0.999874 -0.000345267
vn 0.01587099 -0.999874 -0.000345267
vn 0.01587099 -0.999874 -0.000345267
vn 0.999874 -0.01587099 -0.000346655
vn 0.999874 -0.01587099 -0.000346655
vn 0.999874 -0.01587099 -0.000346655
vn 0.999874 -0.01587099 -0.000346655
vn 0.04761302 -0.04761302 -0.9977304
vn 0.04761302 -0.04761302 -0.9977304
vn 0.04761302 -0.04761302 -0.9977304
vn 0.04761302 -0.04761302 -0.9977304
vn 0.04761302 -0.04761302 -0.9977304
vn 0.04761302 -0.04761302 -0.9977304
vn 0.04761302 -0.04761302 -0.9977304
vn 0.04761302 -0.04761302 -0.9977304
vn 0.999874 -0.01587099 -0.000346655
vn 0.999874 -0.01587099 -0.000346655
vn 0.999874 -0.01587099 -0.000346655
vn 0.999874 -0.01587099 -0.000346655
vn 0.999874 -0.01587099 -0.000346655
vn 0.999874 -0.01587099 -0.000346655
vn 0.999874 -0.01587099 -0.000346655
vn 0.999874 -0.01587099 -0.000346655
vn 0.04761302 -0.04761302 0.9977304
vn 0.04761302 -0.04761302 0.9977304
vn 0.04761302 -0.04761302 0.9977304
vn 0.04761302 -0.04761302 0.9977304
vn 0.04761302 -0.04761302 0.9977304
vn 0.04761302 -0.04761302 0.9977304
vn 0.04761302 -0.04761302 0.9977304
vn 0.04761302 -0.04761302 0.9977304
vn 0.999874 -0.01587099 -0.000346655
vn 0.999874 -0.01587099 -0.000346655
vn 0.999874 -0.01587099 -0.000346655
vn 0.999874 -0.01587099 -0.000346655
vn -0.999874 -0.01587099 -0.000346655
vn -0.999874 -0.01587099 -0.000346655
vn -0.999874 -0.01587099 -0.000346655
vn -0.999874 -0.01587099 -0.000346655
vn 0.04761302 -0.04761302 -0.9977304
vn 0.04761302 -0.04761302 -0.9977304
vn 0.04761302 -0.04761302 -0.9977304
vn 0.04761302 -0.04761302 -0.9977304
vn 0.04761302 -0.04761302 -0.9977304
vn 0.04761302 -0.04761302 -0.9977304
vn 0.04761302 -0.04761302 -0.9977304
vn 0.04761302 -0.04761302 -0.9977304
vn -0.999874 -0.01587099 -0.000346655
vn -0.999874 -0.01587099 -0.000346655
vn -0.999874 -0.01587099 -0.000346655
vn -0.999874 -0.01587099 -0.000346655
vn -0.999874 -0.01587099 -0.000346655
vn -0.999874 -0.01587099 -0.000346655
vn -0.999874 -0.01587099 -0.000346655
vn -0.999874 -0.01587099 -0.000346655
vn 0.04761302 -0.04761302 0.9977304
vn 0.04761302 -0.04761302 0.9977304
vn 0.04761302 -0.04761302 0.9977304
vn 0.04761302 -0.04761302 0.9977304
vn 0.04761302 -0.04761302 0.9977304
vn 0.04761302 -0.04761302 0.9977304
vn 0.04761302 -0.04761302 0.9977304
vn 0.04761302 -0.04761302 0.9977304
vn -0.999874 -0.01587099 -0.000346655
vn -0.999874 -0.01587099 -0.000346655
vn -0.999874 -0.01587099 -0.000346655
vn -0.999874 -0.01587099 -0.000346655
vn 0.9046479 -0.04761302 0.4234917
vn 0.9046479 -0.04761302 -0.4234917
vn 0.9046479 -0.04761302 -0.4234917
vn 0.9046479 -0.04761302 0.4234917
vn 0.9046479 -0.04761302 -0.4234917
vn 0.04761302 -0.04761302 -0.9977304
vn 0.04761302 -0.04761302 -0.9977304
vn 0.9046479 -0.04761302 -0.4234917
vn 0.04761302 -0.04761302 -0.9977304
vn -0.8411639 -0.04761302 -0.5386802
vn -0.8411639 -0.04761302 -0.5386802
vn 0.04761302 -0.04761302 -0.9977304
vn -0.8411639 -0.04761302 -0.5386802
vn -0.8411639 -0.04761302 0.5386802
vn -0.8411639 -0.04761302 0.5386802
vn -0.8411639 -0.04761302 -0.5386802
vn -0.8411639 -0.04761302 0.5386802
vn 0.04761302 -0.04761302 0.9977304
vn 0.04761302 -0.04761302 0.9977304
vn -0.8411639 -0.04761302 0.5386802
vn 0.04761302 -0.04761302 0.9977304
vn 0.9046479 -0.04761302 0.4234917
vn 0.9046479 -0.04761302 0.4234917
vn 0.04761302 -0.04761302 0.9977304
vn -0.999874 -0.01587099 -0.000346655
vn -0.999874 -0.01587099 -0.000346655
vn -0.999874 -0.01587099 -0.000346655
vn -0.999874 -0.01587099 -0.000346655
vn 0.01587099 0.999874 -0.000345267
vn 0.01587099 0.999874 -0.000345267
vn 0.01587099 0.999874 -0.000345267
vn 0.01587099 0.999874 -0.000345267
vn 0.999874 -0.01587099 -0.000346655
vn 0.999874 -0.01587099 -0.000346655
vn 0.999874 -0.01587099 -0.000346655
vn 0.999874 -0.01587099 -0.000346655
vn 0.04761302 -0.04761302 0.9977304
vn 0.04761302 -0.04761302 0.9977304
vn 0.04761302 -0.04761302 0.9977304
vn 0.04761302 -0.04761302 0.9977304
vn 0.04761302 -0.04761302 -0.9977304
vn 0.04761302 -0.04761302 -0.9977304
vn 0.04761302 -0.04761302 -0.9977304
vn 0.04761302 -0.04761302 -0.9977304
vn 0.9046479 -0.04761302 0.4234917
vn 0.9046479 -0.04761302 -0.4234917
vn 0.9046479 -0.04761302 -0.4234917
vn 0.9046479 -0.04761302 0.4234917
vn 0.9046479 -0.04761302 -0.4234917
vn 0.04761302 -0.04761302 -0.9977304
vn 0.04761302 -0.04761302 -0.9977304
vn 0.9046479 -0.04761302 -0.4234917
vn 0.04761302 -0.04761302 -0.9977304
vn -0.8411639 -0.04761302 -0.5386802
vn -0.8411639 -0.04761302 -0.5386802
vn 0.04761302 -0.04761302 -0.9977304
vn -0.8411639 -0.04761302 -0.5386802
vn -0.8411639 -0.04761302 0.5386802
vn -0.8411639 -0.04761302 0.5386802
vn -0.8411639 -0.04761302 -0.5386802
vn -0.8411639 -0.04761302 0.5386802
vn 0.04761302 -0.04761302 0.9977304
vn 0.04761302 -0.04761302 0.9977304
vn -0.8411639 -0.04761302 0.5386802
vn 0.04761302 -0.04761302 0.9977304
vn 0.9046479 -0.04761302 0.4234917
vn 0.9046479 -0.04761302 0.4234917
vn 0.04761302 -0.04761302 0.9977304
vn -0.999874 -0.01587099 -0.000346655
vn -0.999874 -0.01587099 -0.000346655
vn -0.999874 -0.01587099 -0.000346655
vn -0.999874 -0.01587099 -0.000346655
vn 0.01587099 0.999874 -0.000345267
vn 0.01587099 0.999874 -0.000345267
vn 0.01587099 0.999874 -0.000345267
vn 0.01587099 0.999874 -0.000345267
vn 0.999874 -0.01587099 -0.000346655
vn 0.999874 -0.01587099 -0.000346655
vn 0.999874 -0.01587099 -0.000346655
vn 0.999874 -0.01587099 -0.000346655
vn 0.04761302 -0.04761302 0.9977304
vn 0.04761302 -0.04761302 0.9977304
vn 0.04761302 -0.04761302 0.9977304
vn 0.04761302 -0.04761302 0.9977304
vn 0.04761302 -0.04761302 -0.9977304
vn 0.04761302 -0.04761302 -0.9977304
vn 0.04761302 -0.04761302 -0.9977304
vn 0.04761302 -0.04761302 -0.9977304
vn -0.999874 -0.01587099 -0.000346655
vn -0.999874 -0.01587099 -0.000346655
vn -0.999874 -0.01587099 -0.000346655
vn -0.999874 -0.01587099 -0.000346655
vn 0.01587099 0.999874 -0.000345267
vn 0.01587099 0.999874 -0.000345267
vn 0.01587099 0.999874 -0.000345267
vn 0.01587099 0.999874 -0.000345267
vn 0.999874 -0.01587099 -0.000346655
vn 0.999874 -0.01587099 -0.000346655
vn 0.999874 -0.01587099 -0.000346655
vn 0.999874 -0.01587099 -0.000346655
vn 0.04761302 -0.04761302 0.9977304
vn 0.04761302 -0.04761302 0.9977304
vn 0.04761302 -0.04761302 0.9977304
vn 0.04761302 -0.04761302 0.9977304
vn 0.04761302 -0.04761302 -0.9977304
vn 0.04761302 -0.04761302 -0.9977304
vn 0.04761302 -0.04761302 -0.9977304
vn 0.04761302 -0.04761302 -0.9977304
vn 0.9046479 -0.04761302 0.4234917
vn 0.9046479 -0.04761302 -0.4234917
vn 0.9046479 -0.04761302 -0.4234917
vn 0.9046479 -0.04761302 0.4234917
vn 0.9046479 -0.04761302 -0.4234917
vn 0.04761302 -0.04761302 -0.9977304
vn 0.04761302 -0.04761302 -0.9977304
vn 0.9046479 -0.04761302 -0.4234917
vn 0.04761302 -0.04761302 -0.9977304
vn -0.8411639 -0.04761302 -0.5386802
vn -0.8411639 -0.04761302 -0.5386802
vn 0.04761302 -0.04761302 -0.9977304
vn -0.8411639 -0.04761302 -0.5386802
vn -0.8411639 -0.04761302 0.5386802
vn -0.8411639 -0.04761302 0.5386802
vn -0.8411639 -0.04761302 -0.5386802
vn -0.8411639 -0.04761302 0.5386802
vn 0.04761302 -0.04761302 0.9977304
vn 0.04761302 -0.04761302 0.9977304
vn -0.8411639 -0.04761302 0.5386802
vn 0.04761302 -0.04761302 0.9977304
vn 0.9046479 -0.04761302 0.4234917
vn 0.9046479 -0.04761302 0.4234917
vn 0.04761302 -0.04761302 0.9977304
vn -0.999874 -0.01587099 -0.000346655
vn -0.999874 -0.01587099 -0.000346655
vn -0.999874 -0.01587099 -0.000346655
vn -0.999874 -0.01587099 -0.000346655
vn 0.01587099 0.999874 -0.000345267
vn 0.01587099 0.999874 -0.000345267
vn 0.01587099 0.999874 -0.000345267
vn 0.01587099 0.999874 -0.000345267
vn 0.999874 -0.01587099 -0.000346655
vn 0.999874 -0.01587099 -0.000346655
vn 0.999874 -0.01587099 -0.000346655
vn 0.999874 -0.01587099 -0.000346655
vn 0.04761302 -0.04761302 0.9977304
vn 0.04761302 -0.04761302 0.9977304
vn 0.04761302 -0.04761302 0.9977304
vn 0.04761302 -0.04761302 0.9977304
vn 0.04761302 -0.04761302 -0.9977304
vn 0.04761302 -0.04761302 -0.9977304
vn 0.04761302 -0.04761302 -0.9977304
vn 0.04761302 -0.04761302 -0.9977304
vn 0.9046479 -0.04761302 0.4234917
vn 0.9046479 -0.04761302 -0.4234917
vn 0.9046479 -0.04761302 -0.4234917
vn 0.9046479 -0.04761302 0.4234917
vn 0.9046479 -0.04761302 -0.4234917
vn 0.04761302 -0.04761302 -0.9977304
vn 0.04761302 -0.04761302 -0.9977304
vn 0.9046479 -0.04761302 -0.4234917
vn 0.04761302 -0.04761302 -0.9977304
vn -0.8411639 -0.04761302 -0.5386802
vn -0.8411639 -0.04761302 -0.5386802
vn 0.04761302 -0.04761302 -0.9977304
vn -0.8411639 -0.04761302 -0.5386802
vn -0.8411639 -0.04761302 0.5386802
vn -0.8411639 -0.04761302 0.5386802
vn -0.8411639 -0.04761302 -0.5386802
vn -0.8411639 -0.04761302 0.5386802
vn 0.04761302 -0.04761302 0.9977304
vn 0.04761302 -0.04761302 0.9977304
vn -0.8411639 -0.04761302 0.5386802
vn 0.04761302 -0.04761302 0.9977304
vn 0.9046479 -0.04761302 0.4234917
vn 0.9046479 -0.04761302 0.4234917
vn 0.04761302 -0.04761302 0.9977304
vn 0.04761302 0.9363899 0.3477167
vn 0.04761302 0.9363899 0.3477167
vn 0.04761302 0.9363899 0.3477167
vn 0.04761302 0.9363899 0.3477167
vn -0.4602594 0.8729059 -0.1618538
vn -0.4602594 0.8729059 -0.1618538
vn -0.4602594 0.8729059 -0.1618538
vn -0.4602594 0.8729059 -0.1618538
vn 0.01587099 0.999874 -0.000345267
vn 0.01587099 0.999874 -0.000345267
vn 0.01587099 0.999874 -0.000345267
vn 0.01587099 0.999874 -0.000345267
vn 0.04761302 0.9363899 0.3477167
vn 0.04761302 0.9363899 0.3477167
vn 0.04761302 0.9363899 0.3477167
vn 0.04761302 0.9363899 0.3477167
vn 0.4920015 0.8411639 -0.2244502
vn 0.4920015 0.8411639 -0.2244502
vn 0.4920015 0.8411639 -0.2244502
vn 0.4920015 0.8411639 -0.2244502
vn 0.01587099 0.999874 -0.000345267
vn 0.01587099 0.999874 -0.000345267
vn 0.01587099 0.999874 -0.000345267
vn 0.01587099 0.999874 -0.000345267
vn -0.999874 -0.01587099 -0.000346655
vn -0.999874 -0.01587099 -0.000346655
vn -0.999874 -0.01587099 -0.000346655
vn -0.999874 -0.01587099 -0.000346655
vn 0.01587099 -0.999874 -0.000345267
vn 0.01587099 -0.999874 -0.000345267
vn 0.01587099 -0.999874 -0.000345267
vn 0.01587099 -0.999874 -0.000345267
vn 0.999874 -0.01587099 -0.000346655
vn 0.999874 -0.01587099 -0.000346655
vn 0.999874 -0.01587099 -0.000346655
vn 0.999874 -0.01587099 -0.000346655
vn 0.04761302 -0.04761302 -0.9977304
vn 0.04761302 -0.04761302 -0.9977304
vn 0.04761302 -0.04761302 -0.9977304
vn 0.04761302 -0.04761302 -0.9977304
vn 0.04761302 -0.04761302 0.9977304
vn 0.04761302 -0.04761302 0.9977304
vn 0.04761302 -0.04761302 0.9977304
vn 0.04761302 -0.04761302 0.9977304
vn -0.999874 -0.01587099 -0.000346655
vn -0.999874 -0.01587099 -0.000346655
vn -0.999874 -0.01587099 -0.000346655
vn -0.999874 -0.01587099 -0.000346655
vn 0.01587099 -0.999874 -0.000345267
vn 0.01587099 -0.999874 -0.000345267
vn 0.01587099 -0.999874 -0.000345267
vn 0.01587099 -0.999874 -0.000345267
vn 0.999874 -0.01587099 -0.000346655
vn 0.999874 -0.01587099 -0.000346655
vn 0.999874 -0.01587099 -0.000346655
vn 0.999874 -0.01587099 -0.000346655
vn 0.04761302 -0.04761302 -0.9977304
vn 0.04761302 -0.04761302 -0.9977304
vn 0.04761302 -0.04761302 -0.9977304
vn 0.04761302 -0.04761302 -0.9977304
vn 0.04761302 -0.04761302 0.9977304
vn 0.04761302 -0.04761302 0.9977304
vn 0.04761302 -0.04761302 0.9977304
vn 0.04761302 -0.04761302 0.9977304
vn -0.999874 -0.01587099 -0.000346655
vn -0.999874 -0.01587099 -0.000346655
vn -0.999874 -0.01587099 -0.000346655
vn -0.999874 -0.01587099 -0.000346655
vn 0.01587099 -0.999874 -0.000345267
vn 0.01587099 -0.999874 -0.000345267
vn 0.01587099 -0.999874 -0.000345267
vn 0.01587099 -0.999874 -0.000345267
vn 0.999874 -0.01587099 -0.000346655
vn 0.999874 -0.01587099 -0.000346655
vn 0.999874 -0.01587099 -0.000346655
vn 0.999874 -0.01587099 -0.000346655
vn 0.04761302 -0.04761302 -0.9977304
vn 0.04761302 -0.04761302 -0.9977304
vn 0.04761302 -0.04761302 -0.9977304
vn 0.04761302 -0.04761302 -0.9977304
vn 0.04761302 -0.04761302 0.9977304
vn 0.04761302 -0.04761302 0.9977304
vn 0.04761302 -0.04761302 0.9977304
vn 0.04761302 -0.04761302 0.9977304
vn -0.999874 -0.01587099 -0.000346655
vn -0.999874 -0.01587099 -0.000346655
vn -0.999874 -0.01587099 -0.000346655
vn -0.999874 -0.01587099 -0.000346655
vn 0.01587099 -0.999874 -0.000345267
vn 0.01587099 -0.999874 -0.000345267
vn 0.01587099 -0.999874 -0.000345267
vn 0.01587099 -0.999874 -0.000345267
vn 0.999874 -0.01587099 -0.000346655
vn 0.999874 -0.01587099 -0.000346655
vn 0.999874 -0.01587099 -0.000346655
vn 0.999874 -0.01587099 -0.000346655
vn 0.04761302 -0.04761302 -0.9977304
vn 0.04761302 -0.04761302 -0.9977304
vn 0.04761302 -0.04761302 -0.9977304
vn 0.04761302 -0.04761302 -0.9977304
vn 0.04761302 -0.04761302 0.9977304
vn 0.04761302 -0.04761302 0.9977304
vn 0.04761302 -0.04761302 0.9977304
vn 0.04761302 -0.04761302 0.9977304
g DSJ_GTA_gaoLou_25_0
f 3/3/3 2/2/2 1/1/1
f 2/2/2 4/4/4 1/1/1
f 7/7/7 6/6/6 5/5/5
f 6/6/6 8/8/8 5/5/5
f 11/11/11 10/10/10 9/9/9
f 10/10/10 12/12/12 9/9/9
f 15/15/15 14/14/14 13/13/13
f 14/14/14 16/16/16 13/13/13
f 19/19/19 18/18/18 17/17/17
f 18/18/18 20/20/20 17/17/17
f 23/23/23 22/22/22 21/21/21
f 22/22/22 24/24/24 21/21/21
f 27/27/27 26/26/26 25/25/25
f 25/25/25 26/26/26 28/28/28
f 29/29/29 26/26/26 27/27/27
f 30/30/30 26/26/26 29/29/29
f 31/31/31 26/26/26 30/30/30
f 32/32/32 26/26/26 31/31/31
f 35/35/35 34/34/34 33/33/33
f 34/34/34 36/36/36 33/33/33
f 35/35/35 33/33/33 37/37/37
f 38/38/38 35/35/35 37/37/37
f 41/41/41 40/40/40 39/39/39
f 40/40/40 42/42/42 39/39/39
f 39/39/39 42/42/42 43/43/43
f 42/42/42 44/44/44 43/43/43
f 47/47/47 46/46/46 45/45/45
f 46/46/46 48/48/48 45/45/45
f 51/51/51 50/50/50 49/49/49
f 50/50/50 52/52/52 49/49/49
f 53/53/53 50/50/50 51/51/51
f 54/54/54 53/53/53 51/51/51
f 57/57/57 56/56/56 55/55/55
f 56/56/56 58/58/58 55/55/55
f 61/61/61 60/60/60 59/59/59
f 60/60/60 62/62/62 59/59/59
f 65/65/65 64/64/64 63/63/63
f 64/64/64 66/66/66 63/63/63
f 69/69/69 68/68/68 67/67/67
f 68/68/68 70/70/70 67/67/67
f 73/73/73 72/72/72 71/71/71
f 72/72/72 74/74/74 71/71/71
f 77/77/77 76/76/76 75/75/75
f 76/76/76 78/78/78 75/75/75
f 81/81/81 80/80/80 79/79/79
f 80/80/80 82/82/82 79/79/79
f 85/85/85 84/84/84 83/83/83
f 84/84/84 86/86/86 83/83/83
f 89/89/89 88/88/88 87/87/87
f 88/88/88 90/90/90 87/87/87
f 93/93/93 92/92/92 91/91/91
f 92/92/92 94/94/94 91/91/91
f 97/97/97 96/96/96 95/95/95
f 96/96/96 98/98/98 95/95/95
f 101/101/101 100/100/100 99/99/99
f 100/100/100 102/102/102 99/99/99
f 105/105/105 104/104/104 103/103/103
f 104/104/104 106/106/106 103/103/103
f 109/109/109 108/108/108 107/107/107
f 108/108/108 110/110/110 107/107/107
f 113/113/113 112/112/112 111/111/111
f 112/112/112 114/114/114 111/111/111
f 115/115/115 112/112/112 113/113/113
f 116/116/116 115/115/115 113/113/113
f 111/111/111 114/114/114 117/117/117
f 118/118/118 111/111/111 117/117/117
f 121/121/121 120/120/120 119/119/119
f 120/120/120 122/122/122 119/119/119
f 123/123/123 120/120/120 121/121/121
f 124/124/124 123/123/123 121/121/121
f 119/119/119 122/122/122 125/125/125
f 126/126/126 119/119/119 125/125/125
f 129/129/129 128/128/128 127/127/127
f 128/128/128 130/130/130 127/127/127
f 133/133/133 132/132/132 131/131/131
f 132/132/132 134/134/134 131/131/131
f 137/137/137 136/136/136 135/135/135
f 136/136/136 138/138/138 135/135/135
f 141/141/141 140/140/140 139/139/139
f 140/140/140 142/142/142 139/139/139
f 145/145/145 144/144/144 143/143/143
f 144/144/144 146/146/146 143/143/143
f 149/149/149 148/148/148 147/147/147
f 148/148/148 150/150/150 147/147/147
f 153/153/153 152/152/152 151/151/151
f 152/152/152 154/154/154 151/151/151
f 157/157/157 156/156/156 155/155/155
f 156/156/156 158/158/158 155/155/155
f 161/161/161 160/160/160 159/159/159
f 160/160/160 162/162/162 159/159/159
f 165/165/165 164/164/164 163/163/163
f 164/164/164 166/166/166 163/163/163
f 169/169/169 168/168/168 167/167/167
f 168/168/168 170/170/170 167/167/167
f 173/173/173 172/172/172 171/171/171
f 172/172/172 174/174/174 171/171/171
f 177/177/177 176/176/176 175/175/175
f 176/176/176 178/178/178 175/175/175
f 181/181/181 180/180/180 179/179/179
f 180/180/180 183/183/183 182/182/182
f 186/186/186 185/185/185 184/184/184
f 185/185/185 187/187/187 184/184/184
f 190/190/190 189/189/189 188/188/188
f 189/189/189 191/191/191 188/188/188
f 194/194/194 193/193/193 192/192/192
f 193/193/193 195/195/195 192/192/192
f 198/198/198 197/197/197 196/196/196
f 197/197/197 199/199/199 196/196/196
f 202/202/202 201/201/201 200/200/200
f 201/201/201 203/203/203 200/200/200
f 206/206/206 205/205/205 204/204/204
f 205/205/205 208/208/208 207/207/207
f 211/211/211 210/210/210 209/209/209
f 210/210/210 212/212/212 209/209/209
f 215/215/215 214/214/214 213/213/213
f 214/214/214 216/216/216 213/213/213
f 219/219/219 218/218/218 217/217/217
f 218/218/218 220/220/220 217/217/217
f 223/223/223 222/222/222 221/221/221
f 222/222/222 224/224/224 221/221/221
f 227/227/227 226/226/226 225/225/225
f 226/226/226 228/228/228 225/225/225
f 231/231/231 230/230/230 229/229/229
f 230/230/230 233/233/233 232/232/232
f 236/236/236 235/235/235 234/234/234
f 235/235/235 237/237/237 234/234/234
f 240/240/240 239/239/239 238/238/238
f 239/239/239 241/241/241 238/238/238
f 244/244/244 243/243/243 242/242/242
f 243/243/243 245/245/245 242/242/242
f 248/248/248 247/247/247 246/246/246
f 247/247/247 249/249/249 246/246/246
f 252/252/252 251/251/251 250/250/250
f 251/251/251 253/253/253 250/250/250
f 256/256/256 255/255/255 254/254/254
f 255/255/255 258/258/258 257/257/257
f 261/261/261 260/260/260 259/259/259
f 260/260/260 262/262/262 259/259/259
f 265/265/265 264/264/264 263/263/263
f 264/264/264 266/266/266 263/263/263
f 269/269/269 268/268/268 267/267/267
f 268/268/268 270/270/270 267/267/267
f 273/273/273 272/272/272 271/271/271
f 272/272/272 274/274/274 271/271/271
f 277/277/277 276/276/276 275/275/275
f 276/276/276 278/278/278 275/275/275
f 278/278/278 279/279/279 275/275/275
f 278/278/278 280/280/280 279/279/279
f 280/280/280 281/281/281 279/279/279
f 281/281/281 282/282/282 279/279/279
f 282/282/282 283/283/283 279/279/279
f 283/283/283 282/282/282 284/284/284
f 282/282/282 285/285/285 284/284/284
f 284/284/284 285/285/285 286/286/286
f 285/285/285 287/287/287 286/286/286
f 286/286/286 287/287/287 288/288/288
f 287/287/287 289/289/289 288/288/288
f 288/288/288 289/289/289 290/290/290
f 289/289/289 291/291/291 290/290/290
f 289/289/289 292/292/292 291/291/291
f 292/292/292 293/293/293 291/291/291
f 293/293/293 292/292/292 294/294/294
f 292/292/292 281/281/281 294/294/294
f 281/281/281 280/280/280 294/294/294
f 295/295/295 293/293/293 294/294/294
f 293/293/293 295/295/295 296/296/296
f 296/296/296 295/295/295 297/297/297
f 296/296/296 297/297/297 298/298/298
f 299/299/299 296/296/296 298/298/298
f 298/298/298 297/297/297 276/276/276
f 277/277/277 298/298/298 276/276/276
f 302/302/302 301/301/301 300/300/300
f 301/301/301 303/303/303 300/300/300
f 306/306/306 305/305/305 304/304/304
f 305/305/305 307/307/307 304/304/304
f 310/310/310 309/309/309 308/308/308
f 309/309/309 311/311/311 308/308/308
f 314/314/314 313/313/313 312/312/312
f 313/313/313 315/315/315 312/312/312
f 318/318/318 317/317/317 316/316/316
f 321/321/321 320/320/320 319/319/319
f 324/324/324 323/323/323 322/322/322
f 323/323/323 325/325/325 322/322/322
f 328/328/328 327/327/327 326/326/326
f 327/327/327 329/329/329 326/326/326
f 332/332/332 331/331/331 330/330/330
f 331/331/331 333/333/333 330/330/330
f 336/336/336 335/335/335 334/334/334
f 335/335/335 337/337/337 334/334/334
f 340/340/340 339/339/339 338/338/338
f 339/339/339 341/341/341 338/338/338
f 344/344/344 343/343/343 342/342/342
f 343/343/343 345/345/345 342/342/342
f 348/348/348 347/347/347 346/346/346
f 347/347/347 349/349/349 346/346/346
f 352/352/352 351/351/351 350/350/350
f 351/351/351 353/353/353 350/350/350
f 356/356/356 355/355/355 354/354/354
f 355/355/355 357/357/357 354/354/354
f 360/360/360 359/359/359 358/358/358
f 359/359/359 361/361/361 358/358/358
f 364/364/364 363/363/363 362/362/362
f 363/363/363 365/365/365 362/362/362
f 368/368/368 367/367/367 366/366/366
f 367/367/367 369/369/369 366/366/366
f 372/372/372 371/371/371 370/370/370
f 371/371/371 373/373/373 370/370/370
f 376/376/376 375/375/375 374/374/374
f 375/375/375 377/377/377 374/374/374
f 380/380/380 379/379/379 378/378/378
f 379/379/379 381/381/381 378/378/378
f 384/384/384 383/383/383 382/382/382
f 383/383/383 385/385/385 382/382/382
f 388/388/388 387/387/387 386/386/386
f 387/387/387 389/389/389 386/386/386
f 392/392/392 391/391/391 390/390/390
f 391/391/391 393/393/393 390/390/390
f 396/396/396 395/395/395 394/394/394
f 395/395/395 397/397/397 394/394/394
f 400/400/400 399/399/399 398/398/398
f 399/399/399 401/401/401 398/398/398
f 404/404/404 403/403/403 402/402/402
f 403/403/403 405/405/405 402/402/402
f 406/406/406 402/402/402 405/405/405
f 402/402/402 406/406/406 407/407/407
f 406/406/406 408/408/408 407/407/407
f 409/409/409 407/407/407 408/408/408
f 410/410/410 407/407/407 409/409/409
f 408/408/408 411/411/411 409/409/409
f 411/411/411 412/412/412 409/409/409
f 413/413/413 412/412/412 411/411/411
f 407/407/407 410/410/410 413/413/413
f 410/410/410 412/412/412 413/413/413
f 413/413/413 411/411/411 414/414/414
f 415/415/415 413/413/413 414/414/414
f 416/416/416 415/415/415 414/414/414
f 417/417/417 416/416/416 414/414/414
f 416/416/416 417/417/417 418/418/418
f 421/421/421 420/420/420 419/419/419
f 420/420/420 422/422/422 419/419/419
f 425/425/425 424/424/424 423/423/423
f 424/424/424 426/426/426 423/423/423
f 429/429/429 428/428/428 427/427/427
f 428/428/428 430/430/430 427/427/427
f 433/433/433 432/432/432 431/431/431
f 432/432/432 434/434/434 431/431/431
f 437/437/437 436/436/436 435/435/435
f 436/436/436 438/438/438 435/435/435
f 441/441/441 440/440/440 439/439/439
f 440/440/440 442/442/442 439/439/439
f 445/445/445 444/444/444 443/443/443
f 444/444/444 446/446/446 443/443/443
f 449/449/449 448/448/448 447/447/447
f 448/448/448 450/450/450 447/447/447
f 453/453/453 452/452/452 451/451/451
f 452/452/452 454/454/454 451/451/451
f 457/457/457 456/456/456 455/455/455
f 456/456/456 458/458/458 455/455/455
f 461/461/461 460/460/460 459/459/459
f 460/460/460 462/462/462 459/459/459
f 465/465/465 464/464/464 463/463/463
f 464/464/464 466/466/466 463/463/463
f 469/469/469 468/468/468 467/467/467
f 468/468/468 470/470/470 467/467/467
f 473/473/473 472/472/472 471/471/471
f 472/472/472 474/474/474 471/471/471
f 477/477/477 476/476/476 475/475/475
f 476/476/476 478/478/478 475/475/475
f 481/481/481 480/480/480 479/479/479
f 480/480/480 482/482/482 479/479/479
f 485/485/485 484/484/484 483/483/483
f 484/484/484 486/486/486 483/483/483
f 489/489/489 488/488/488 487/487/487
f 488/488/488 490/490/490 487/487/487
f 491/491/491 490/490/490 488/488/488
f 492/492/492 490/490/490 491/491/491
f 493/493/493 492/492/492 491/491/491
f 493/493/493 491/491/491 494/494/494
f 490/490/490 492/492/492 495/495/495
f 489/489/489 487/487/487 496/496/496
f 497/497/497 489/489/489 496/496/496
f 498/498/498 496/496/496 487/487/487
f 496/496/496 498/498/498 499/499/499
f 498/498/498 500/500/500 499/499/499
f 500/500/500 501/501/501 499/499/499
f 499/499/499 501/501/501 502/502/502
f 503/503/503 499/499/499 502/502/502
f 503/503/503 502/502/502 504/504/504
f 505/505/505 504/504/504 502/502/502
f 506/506/506 505/505/505 502/502/502
f 507/507/507 505/505/505 506/506/506
f 508/508/508 507/507/507 506/506/506
f 509/509/509 501/501/501 500/500/500
f 510/510/510 509/509/509 500/500/500
f 505/505/505 511/511/511 504/504/504
f 511/511/511 512/512/512 504/504/504
f 515/515/515 514/514/514 513/513/513
f 514/514/514 516/516/516 513/513/513
f 519/519/519 518/518/518 517/517/517
f 518/518/518 520/520/520 517/517/517
f 523/523/523 522/522/522 521/521/521
f 522/522/522 524/524/524 521/521/521
f 527/527/527 526/526/526 525/525/525
f 526/526/526 528/528/528 525/525/525
f 531/531/531 530/530/530 529/529/529
f 530/530/530 532/532/532 529/529/529
f 535/535/535 534/534/534 533/533/533
f 534/534/534 536/536/536 533/533/533
f 539/539/539 538/538/538 537/537/537
f 538/538/538 540/540/540 537/537/537
f 543/543/543 542/542/542 541/541/541
f 542/542/542 544/544/544 541/541/541
f 547/547/547 546/546/546 545/545/545
f 546/546/546 548/548/548 545/545/545
f 551/551/551 550/550/550 549/549/549
f 550/550/550 552/552/552 549/549/549
f 555/555/555 554/554/554 553/553/553
f 554/554/554 556/556/556 553/553/553
f 559/559/559 558/558/558 557/557/557
f 558/558/558 560/560/560 557/557/557
f 563/563/563 562/562/562 561/561/561
f 562/562/562 564/564/564 561/561/561
f 567/567/567 566/566/566 565/565/565
f 566/566/566 568/568/568 565/565/565
f 571/571/571 570/570/570 569/569/569
f 570/570/570 572/572/572 569/569/569
f 575/575/575 574/574/574 573/573/573
f 574/574/574 576/576/576 573/573/573
f 579/579/579 578/578/578 577/577/577
f 578/578/578 580/580/580 577/577/577
f 583/583/583 582/582/582 581/581/581
f 582/582/582 584/584/584 581/581/581
f 587/587/587 586/586/586 585/585/585
f 586/586/586 588/588/588 585/585/585
f 591/591/591 590/590/590 589/589/589
f 590/590/590 592/592/592 589/589/589
f 595/595/595 594/594/594 593/593/593
f 594/594/594 596/596/596 593/593/593
f 599/599/599 598/598/598 597/597/597
f 598/598/598 600/600/600 597/597/597
f 603/603/603 602/602/602 601/601/601
f 602/602/602 604/604/604 601/601/601
f 607/607/607 606/606/606 605/605/605
f 606/606/606 608/608/608 605/605/605
f 611/611/611 610/610/610 609/609/609
f 610/610/610 612/612/612 609/609/609
f 615/615/615 614/614/614 613/613/613
f 618/618/618 617/617/617 616/616/616
f 621/621/621 620/620/620 619/619/619
f 620/620/620 622/622/622 619/619/619
f 622/622/622 620/620/620 623/623/623
f 624/624/624 619/619/619 622/622/622
f 619/619/619 624/624/624 625/625/625
f 624/624/624 626/626/626 625/625/625
f 627/627/627 625/625/625 626/626/626
f 625/625/625 627/627/627 628/628/628
f 629/629/629 625/625/625 628/628/628
f 630/630/630 629/629/629 628/628/628
f 631/631/631 630/630/630 628/628/628
f 630/630/630 631/631/631 632/632/632
f 635/635/635 634/634/634 633/633/633
f 634/634/634 636/636/636 633/633/633
f 637/637/637 636/636/636 634/634/634
f 637/637/637 634/634/634 638/638/638
f 639/639/639 636/636/636 637/637/637
f 639/639/639 640/640/640 636/636/636
f 640/640/640 641/641/641 636/636/636
f 640/640/640 642/642/642 641/641/641
f 642/642/642 640/640/640 643/643/643
f 644/644/644 643/643/643 640/640/640
f 645/645/645 644/644/644 640/640/640
f 646/646/646 644/644/644 645/645/645
f 647/647/647 646/646/646 645/645/645
f 648/648/648 643/643/643 644/644/644
f 649/649/649 648/648/648 644/644/644
f 633/633/633 650/650/650 635/635/635
f 650/650/650 651/651/651 635/635/635
f 652/652/652 651/651/651 650/650/650
f 655/655/655 654/654/654 653/653/653
f 658/658/658 657/657/657 656/656/656
f 657/657/657 659/659/659 656/656/656
f 662/662/662 661/661/661 660/660/660
f 661/661/661 663/663/663 660/660/660
f 666/666/666 665/665/665 664/664/664
f 665/665/665 667/667/667 664/664/664
f 670/670/670 669/669/669 668/668/668
f 669/669/669 671/671/671 668/668/668
f 674/674/674 673/673/673 672/672/672
f 673/673/673 675/675/675 672/672/672
f 678/678/678 677/677/677 676/676/676
f 681/681/681 680/680/680 679/679/679
f 684/684/684 683/683/683 682/682/682
f 683/683/683 685/685/685 682/682/682
f 688/688/688 687/687/687 686/686/686
f 687/687/687 689/689/689 686/686/686
f 692/692/692 691/691/691 690/690/690
f 691/691/691 693/693/693 690/690/690
f 696/696/696 695/695/695 694/694/694
f 695/695/695 697/697/697 694/694/694
f 700/700/700 699/699/699 698/698/698
f 699/699/699 701/701/701 698/698/698
f 704/704/704 703/703/703 702/702/702
f 703/703/703 705/705/705 702/702/702
f 708/708/708 707/707/707 706/706/706
f 707/707/707 709/709/709 706/706/706
f 712/712/712 711/711/711 710/710/710
f 711/711/711 713/713/713 710/710/710
f 716/716/716 715/715/715 714/714/714
f 715/715/715 717/717/717 714/714/714
f 720/720/720 719/719/719 718/718/718
f 719/719/719 721/721/721 718/718/718
f 724/724/724 723/723/723 722/722/722
f 723/723/723 725/725/725 722/722/722
f 728/728/728 727/727/727 726/726/726
f 727/727/727 729/729/729 726/726/726
f 732/732/732 731/731/731 730/730/730
f 731/731/731 733/733/733 730/730/730
f 736/736/736 735/735/735 734/734/734
f 735/735/735 737/737/737 734/734/734
f 740/740/740 739/739/739 738/738/738
f 739/739/739 741/741/741 738/738/738
f 744/744/744 743/743/743 742/742/742
f 743/743/743 745/745/745 742/742/742
f 748/748/748 747/747/747 746/746/746
f 747/747/747 749/749/749 746/746/746
f 752/752/752 751/751/751 750/750/750
f 751/751/751 753/753/753 750/750/750
f 756/756/756 755/755/755 754/754/754
f 755/755/755 757/757/757 754/754/754
f 760/760/760 759/759/759 758/758/758
f 759/759/759 761/761/761 758/758/758
f 764/764/764 763/763/763 762/762/762
f 763/763/763 765/765/765 762/762/762
f 768/768/768 767/767/767 766/766/766
f 767/767/767 769/769/769 766/766/766
f 772/772/772 771/771/771 770/770/770
f 771/771/771 773/773/773 770/770/770
f 776/776/776 775/775/775 774/774/774
f 775/775/775 777/777/777 774/774/774
f 780/780/780 779/779/779 778/778/778
f 779/779/779 781/781/781 778/778/778
f 784/784/784 783/783/783 782/782/782
f 783/783/783 785/785/785 782/782/782
f 788/788/788 787/787/787 786/786/786
f 787/787/787 789/789/789 786/786/786
f 792/792/792 791/791/791 790/790/790
f 791/791/791 793/793/793 790/790/790
f 796/796/796 795/795/795 794/794/794
f 797/797/797 795/795/795 796/796/796
f 798/798/798 797/797/797 796/796/796
f 801/801/801 800/800/800 799/799/799
f 802/802/802 801/801/801 799/799/799
f 803/803/803 802/802/802 799/799/799
f 806/806/806 805/805/805 804/804/804
f 805/805/805 807/807/807 804/804/804
f 810/810/810 809/809/809 808/808/808
f 809/809/809 811/811/811 808/808/808
f 814/814/814 813/813/813 812/812/812
f 813/813/813 815/815/815 812/812/812
f 818/818/818 817/817/817 816/816/816
f 817/817/817 819/819/819 816/816/816
f 822/822/822 821/821/821 820/820/820
f 821/821/821 823/823/823 820/820/820
f 826/826/826 825/825/825 824/824/824
f 825/825/825 827/827/827 824/824/824
f 830/830/830 829/829/829 828/828/828
f 828/828/828 829/829/829 831/831/831
f 832/832/832 831/831/831 829/829/829
f 835/835/835 834/834/834 833/833/833
f 834/834/834 836/836/836 833/833/833
f 839/839/839 838/838/838 837/837/837
f 837/837/837 838/838/838 840/840/840
f 841/841/841 840/840/840 838/838/838
f 844/844/844 843/843/843 842/842/842
f 843/843/843 845/845/845 842/842/842
f 848/848/848 847/847/847 846/846/846
f 848/848/848 849/849/849 847/847/847
f 849/849/849 850/850/850 847/847/847
f 853/853/853 852/852/852 851/851/851
f 852/852/852 854/854/854 851/851/851
f 854/854/854 855/855/855 851/851/851
f 858/858/858 857/857/857 856/856/856
f 857/857/857 859/859/859 856/856/856
f 862/862/862 861/861/861 860/860/860
f 861/861/861 863/863/863 860/860/860
f 866/866/866 865/865/865 864/864/864
f 865/865/865 867/867/867 864/864/864
f 870/870/870 869/869/869 868/868/868
f 869/869/869 871/871/871 868/868/868
f 874/874/874 873/873/873 872/872/872
f 873/873/873 875/875/875 872/872/872
f 878/878/878 877/877/877 876/876/876
f 877/877/877 879/879/879 876/876/876
f 882/882/882 881/881/881 880/880/880
f 882/882/882 880/880/880 883/883/883
f 883/883/883 884/884/884 882/882/882
f 887/887/887 886/886/886 885/885/885
f 886/886/886 888/888/888 885/885/885
f 891/891/891 890/890/890 889/889/889
f 891/891/891 889/889/889 892/892/892
f 892/892/892 893/893/893 891/891/891
f 896/896/896 895/895/895 894/894/894
f 895/895/895 897/897/897 894/894/894
f 900/900/900 899/899/899 898/898/898
f 899/899/899 901/901/901 898/898/898
f 904/904/904 903/903/903 902/902/902
f 903/903/903 905/905/905 902/902/902
f 908/908/908 907/907/907 906/906/906
f 907/907/907 909/909/909 906/906/906
f 912/912/912 911/911/911 910/910/910
f 911/911/911 913/913/913 910/910/910
f 916/916/916 915/915/915 914/914/914
f 915/915/915 917/917/917 914/914/914
f 920/920/920 919/919/919 918/918/918
f 919/919/919 921/921/921 918/918/918
f 924/924/924 923/923/923 922/922/922
f 923/923/923 925/925/925 922/922/922
f 928/928/928 927/927/927 926/926/926
f 927/927/927 929/929/929 926/926/926
f 932/932/932 931/931/931 930/930/930
f 931/931/931 933/933/933 930/930/930
f 936/936/936 935/935/935 934/934/934
f 935/935/935 937/937/937 934/934/934
f 940/940/940 939/939/939 938/938/938
f 939/939/939 941/941/941 938/938/938
f 944/944/944 943/943/943 942/942/942
f 943/943/943 945/945/945 942/942/942
f 948/948/948 947/947/947 946/946/946
f 947/947/947 949/949/949 946/946/946
f 952/952/952 951/951/951 950/950/950
f 951/951/951 953/953/953 950/950/950
f 956/956/956 955/955/955 954/954/954
f 955/955/955 957/957/957 954/954/954
f 960/960/960 959/959/959 958/958/958
f 959/959/959 961/961/961 958/958/958
f 964/964/964 963/963/963 962/962/962
f 963/963/963 965/965/965 962/962/962
f 968/968/968 967/967/967 966/966/966
f 967/967/967 969/969/969 966/966/966
f 972/972/972 971/971/971 970/970/970
f 971/971/971 973/973/973 970/970/970
f 976/976/976 975/975/975 974/974/974
f 975/975/975 977/977/977 974/974/974
f 980/980/980 979/979/979 978/978/978
f 979/979/979 981/981/981 978/978/978
f 984/984/984 983/983/983 982/982/982
f 983/983/983 985/985/985 982/982/982
f 988/988/988 987/987/987 986/986/986
f 987/987/987 989/989/989 986/986/986
f 992/992/992 991/991/991 990/990/990
f 991/991/991 993/993/993 990/990/990
f 996/996/996 995/995/995 994/994/994
f 995/995/995 997/997/997 994/994/994
f 1000/1000/1000 999/999/999 998/998/998
f 999/999/999 1001/1001/1001 998/998/998
f 1004/1004/1004 1003/1003/1003 1002/1002/1002
f 1003/1003/1003 1005/1005/1005 1002/1002/1002
f 1008/1008/1008 1007/1007/1007 1006/1006/1006
f 1007/1007/1007 1009/1009/1009 1006/1006/1006
f 1012/1012/1012 1011/1011/1011 1010/1010/1010
f 1011/1011/1011 1013/1013/1013 1010/1010/1010
f 1016/1016/1016 1015/1015/1015 1014/1014/1014
f 1015/1015/1015 1017/1017/1017 1014/1014/1014
f 1020/1020/1020 1019/1019/1019 1018/1018/1018
f 1019/1019/1019 1021/1021/1021 1018/1018/1018
f 1024/1024/1024 1023/1023/1023 1022/1022/1022
f 1023/1023/1023 1025/1025/1025 1022/1022/1022
f 1026/1026/1026 1023/1023/1023 1024/1024/1024
f 1027/1027/1027 1026/1026/1026 1024/1024/1024
f 1030/1030/1030 1029/1029/1029 1028/1028/1028
f 1029/1029/1029 1031/1031/1031 1028/1028/1028
f 1028/1028/1028 1031/1031/1031 1032/1032/1032
f 1031/1031/1031 1033/1033/1033 1032/1032/1032
f 1036/1036/1036 1035/1035/1035 1034/1034/1034
f 1035/1035/1035 1037/1037/1037 1034/1034/1034
f 1034/1034/1034 1037/1037/1037 1038/1038/1038
f 1037/1037/1037 1039/1039/1039 1038/1038/1038
f 1042/1042/1042 1041/1041/1041 1040/1040/1040
f 1041/1041/1041 1043/1043/1043 1040/1040/1040
f 1044/1044/1044 1041/1041/1041 1042/1042/1042
f 1045/1045/1045 1044/1044/1044 1042/1042/1042
f 1048/1048/1048 1047/1047/1047 1046/1046/1046
f 1047/1047/1047 1049/1049/1049 1046/1046/1046
f 1046/1046/1046 1049/1049/1049 1050/1050/1050
f 1049/1049/1049 1051/1051/1051 1050/1050/1050
f 1054/1054/1054 1053/1053/1053 1052/1052/1052
f 1053/1053/1053 1055/1055/1055 1052/1052/1052
f 1056/1056/1056 1053/1053/1053 1054/1054/1054
f 1057/1057/1057 1056/1056/1056 1054/1054/1054
f 1060/1060/1060 1059/1059/1059 1058/1058/1058
f 1059/1059/1059 1061/1061/1061 1058/1058/1058
f 1062/1062/1062 1059/1059/1059 1060/1060/1060
f 1063/1063/1063 1062/1062/1062 1060/1060/1060
f 1066/1066/1066 1065/1065/1065 1064/1064/1064
f 1065/1065/1065 1067/1067/1067 1064/1064/1064
f 1064/1064/1064 1067/1067/1067 1068/1068/1068
f 1067/1067/1067 1069/1069/1069 1068/1068/1068
f 1072/1072/1072 1071/1071/1071 1070/1070/1070
f 1071/1071/1071 1073/1073/1073 1070/1070/1070
f 1076/1076/1076 1075/1075/1075 1074/1074/1074
f 1075/1075/1075 1077/1077/1077 1074/1074/1074
f 1080/1080/1080 1079/1079/1079 1078/1078/1078
f 1079/1079/1079 1081/1081/1081 1078/1078/1078
f 1084/1084/1084 1083/1083/1083 1082/1082/1082
f 1083/1083/1083 1085/1085/1085 1082/1082/1082
f 1088/1088/1088 1087/1087/1087 1086/1086/1086
f 1087/1087/1087 1089/1089/1089 1086/1086/1086
f 1092/1092/1092 1091/1091/1091 1090/1090/1090
f 1091/1091/1091 1093/1093/1093 1090/1090/1090
f 1096/1096/1096 1095/1095/1095 1094/1094/1094
f 1095/1095/1095 1097/1097/1097 1094/1094/1094
f 1100/1100/1100 1099/1099/1099 1098/1098/1098
f 1099/1099/1099 1101/1101/1101 1098/1098/1098
f 1104/1104/1104 1103/1103/1103 1102/1102/1102
f 1103/1103/1103 1105/1105/1105 1102/1102/1102
f 1108/1108/1108 1107/1107/1107 1106/1106/1106
f 1107/1107/1107 1109/1109/1109 1106/1106/1106
f 1112/1112/1112 1111/1111/1111 1110/1110/1110
f 1111/1111/1111 1113/1113/1113 1110/1110/1110
f 1116/1116/1116 1115/1115/1115 1114/1114/1114
f 1115/1115/1115 1117/1117/1117 1114/1114/1114
f 1120/1120/1120 1119/1119/1119 1118/1118/1118
f 1119/1119/1119 1121/1121/1121 1118/1118/1118
f 1124/1124/1124 1123/1123/1123 1122/1122/1122
f 1123/1123/1123 1125/1125/1125 1122/1122/1122
f 1128/1128/1128 1127/1127/1127 1126/1126/1126
f 1127/1127/1127 1129/1129/1129 1126/1126/1126
f 1132/1132/1132 1131/1131/1131 1130/1130/1130
f 1131/1131/1131 1133/1133/1133 1130/1130/1130
f 1136/1136/1136 1135/1135/1135 1134/1134/1134
f 1135/1135/1135 1137/1137/1137 1134/1134/1134
f 1140/1140/1140 1139/1139/1139 1138/1138/1138
f 1139/1139/1139 1141/1141/1141 1138/1138/1138
f 1144/1144/1144 1143/1143/1143 1142/1142/1142
f 1143/1143/1143 1145/1145/1145 1142/1142/1142
f 1148/1148/1148 1147/1147/1147 1146/1146/1146
f 1147/1147/1147 1149/1149/1149 1146/1146/1146
f 1152/1152/1152 1151/1151/1151 1150/1150/1150
f 1151/1151/1151 1153/1153/1153 1150/1150/1150
f 1156/1156/1156 1155/1155/1155 1154/1154/1154
f 1155/1155/1155 1157/1157/1157 1154/1154/1154
f 1160/1160/1160 1159/1159/1159 1158/1158/1158
f 1159/1159/1159 1161/1161/1161 1158/1158/1158
f 1164/1164/1164 1163/1163/1163 1162/1162/1162
f 1163/1163/1163 1165/1165/1165 1162/1162/1162
f 1168/1168/1168 1167/1167/1167 1166/1166/1166
f 1167/1167/1167 1169/1169/1169 1166/1166/1166
f 1172/1172/1172 1171/1171/1171 1170/1170/1170
f 1171/1171/1171 1173/1173/1173 1170/1170/1170
f 1176/1176/1176 1175/1175/1175 1174/1174/1174
f 1175/1175/1175 1177/1177/1177 1174/1174/1174
f 1180/1180/1180 1179/1179/1179 1178/1178/1178
f 1179/1179/1179 1181/1181/1181 1178/1178/1178
f 1184/1184/1184 1183/1183/1183 1182/1182/1182
f 1183/1183/1183 1185/1185/1185 1182/1182/1182
f 1188/1188/1188 1187/1187/1187 1186/1186/1186
f 1187/1187/1187 1189/1189/1189 1186/1186/1186
f 1192/1192/1192 1191/1191/1191 1190/1190/1190
f 1191/1191/1191 1193/1193/1193 1190/1190/1190
f 1196/1196/1196 1195/1195/1195 1194/1194/1194
f 1195/1195/1195 1197/1197/1197 1194/1194/1194
f 1200/1200/1200 1199/1199/1199 1198/1198/1198
f 1199/1199/1199 1201/1201/1201 1198/1198/1198
f 1204/1204/1204 1203/1203/1203 1202/1202/1202
f 1203/1203/1203 1205/1205/1205 1202/1202/1202
f 1208/1208/1208 1207/1207/1207 1206/1206/1206
f 1207/1207/1207 1209/1209/1209 1206/1206/1206
f 1212/1212/1212 1211/1211/1211 1210/1210/1210
f 1211/1211/1211 1213/1213/1213 1210/1210/1210
f 1216/1216/1216 1215/1215/1215 1214/1214/1214
f 1215/1215/1215 1217/1217/1217 1214/1214/1214
f 1220/1220/1220 1219/1219/1219 1218/1218/1218
f 1219/1219/1219 1221/1221/1221 1218/1218/1218
f 1224/1224/1224 1223/1223/1223 1222/1222/1222
f 1223/1223/1223 1225/1225/1225 1222/1222/1222
f 1228/1228/1228 1227/1227/1227 1226/1226/1226
f 1227/1227/1227 1229/1229/1229 1226/1226/1226
f 1232/1232/1232 1231/1231/1231 1230/1230/1230
f 1231/1231/1231 1233/1233/1233 1230/1230/1230
f 1236/1236/1236 1235/1235/1235 1234/1234/1234
f 1235/1235/1235 1237/1237/1237 1234/1234/1234
f 1240/1240/1240 1239/1239/1239 1238/1238/1238
f 1239/1239/1239 1241/1241/1241 1238/1238/1238
f 1244/1244/1244 1243/1243/1243 1242/1242/1242
f 1243/1243/1243 1245/1245/1245 1242/1242/1242
f 1248/1248/1248 1247/1247/1247 1246/1246/1246
f 1247/1247/1247 1249/1249/1249 1246/1246/1246
f 1252/1252/1252 1251/1251/1251 1250/1250/1250
f 1251/1251/1251 1253/1253/1253 1250/1250/1250
f 1256/1256/1256 1255/1255/1255 1254/1254/1254
f 1255/1255/1255 1257/1257/1257 1254/1254/1254
f 1260/1260/1260 1259/1259/1259 1258/1258/1258
f 1259/1259/1259 1261/1261/1261 1258/1258/1258
f 1264/1264/1264 1263/1263/1263 1262/1262/1262
f 1263/1263/1263 1265/1265/1265 1262/1262/1262
f 1268/1268/1268 1267/1267/1267 1266/1266/1266
f 1267/1267/1267 1269/1269/1269 1266/1266/1266
f 1272/1272/1272 1271/1271/1271 1270/1270/1270
f 1271/1271/1271 1273/1273/1273 1270/1270/1270
f 1276/1276/1276 1275/1275/1275 1274/1274/1274
f 1275/1275/1275 1277/1277/1277 1274/1274/1274
f 1280/1280/1280 1279/1279/1279 1278/1278/1278
f 1279/1279/1279 1281/1281/1281 1278/1278/1278
f 1284/1284/1284 1283/1283/1283 1282/1282/1282
f 1283/1283/1283 1285/1285/1285 1282/1282/1282
f 1288/1288/1288 1287/1287/1287 1286/1286/1286
f 1287/1287/1287 1289/1289/1289 1286/1286/1286
f 1292/1292/1292 1291/1291/1291 1290/1290/1290
f 1291/1291/1291 1293/1293/1293 1290/1290/1290
f 1296/1296/1296 1295/1295/1295 1294/1294/1294
f 1295/1295/1295 1297/1297/1297 1294/1294/1294
f 1300/1300/1300 1299/1299/1299 1298/1298/1298
f 1299/1299/1299 1301/1301/1301 1298/1298/1298
f 1304/1304/1304 1303/1303/1303 1302/1302/1302
f 1303/1303/1303 1305/1305/1305 1302/1302/1302
f 1308/1308/1308 1307/1307/1307 1306/1306/1306
f 1307/1307/1307 1309/1309/1309 1306/1306/1306
f 1312/1312/1312 1311/1311/1311 1310/1310/1310
f 1311/1311/1311 1313/1313/1313 1310/1310/1310
f 1316/1316/1316 1315/1315/1315 1314/1314/1314
f 1315/1315/1315 1317/1317/1317 1314/1314/1314
f 1320/1320/1320 1319/1319/1319 1318/1318/1318
f 1319/1319/1319 1321/1321/1321 1318/1318/1318
f 1324/1324/1324 1323/1323/1323 1322/1322/1322
f 1323/1323/1323 1325/1325/1325 1322/1322/1322
f 1328/1328/1328 1327/1327/1327 1326/1326/1326
f 1327/1327/1327 1329/1329/1329 1326/1326/1326
f 1332/1332/1332 1331/1331/1331 1330/1330/1330
f 1331/1331/1331 1333/1333/1333 1330/1330/1330
f 1336/1336/1336 1335/1335/1335 1334/1334/1334
f 1335/1335/1335 1337/1337/1337 1334/1334/1334
f 1340/1340/1340 1339/1339/1339 1338/1338/1338
f 1339/1339/1339 1341/1341/1341 1338/1338/1338
f 1344/1344/1344 1343/1343/1343 1342/1342/1342
f 1343/1343/1343 1345/1345/1345 1342/1342/1342
f 1348/1348/1348 1347/1347/1347 1346/1346/1346
f 1347/1347/1347 1349/1349/1349 1346/1346/1346
f 1352/1352/1352 1351/1351/1351 1350/1350/1350
f 1351/1351/1351 1353/1353/1353 1350/1350/1350
f 1356/1356/1356 1355/1355/1355 1354/1354/1354
f 1355/1355/1355 1357/1357/1357 1354/1354/1354
f 1360/1360/1360 1359/1359/1359 1358/1358/1358
f 1359/1359/1359 1361/1361/1361 1358/1358/1358
f 1364/1364/1364 1363/1363/1363 1362/1362/1362
f 1363/1363/1363 1365/1365/1365 1362/1362/1362
f 1368/1368/1368 1367/1367/1367 1366/1366/1366
f 1367/1367/1367 1369/1369/1369 1366/1366/1366
f 1372/1372/1372 1371/1371/1371 1370/1370/1370
f 1371/1371/1371 1373/1373/1373 1370/1370/1370
f 1376/1376/1376 1375/1375/1375 1374/1374/1374
f 1375/1375/1375 1377/1377/1377 1374/1374/1374
f 1380/1380/1380 1379/1379/1379 1378/1378/1378
f 1379/1379/1379 1381/1381/1381 1378/1378/1378
f 1384/1384/1384 1383/1383/1383 1382/1382/1382
f 1383/1383/1383 1385/1385/1385 1382/1382/1382
f 1388/1388/1388 1387/1387/1387 1386/1386/1386
f 1387/1387/1387 1389/1389/1389 1386/1386/1386
f 1392/1392/1392 1391/1391/1391 1390/1390/1390
f 1391/1391/1391 1393/1393/1393 1390/1390/1390
f 1396/1396/1396 1395/1395/1395 1394/1394/1394
f 1395/1395/1395 1397/1397/1397 1394/1394/1394
f 1400/1400/1400 1399/1399/1399 1398/1398/1398
f 1399/1399/1399 1401/1401/1401 1398/1398/1398
f 1404/1404/1404 1403/1403/1403 1402/1402/1402
f 1403/1403/1403 1405/1405/1405 1402/1402/1402
f 1408/1408/1408 1407/1407/1407 1406/1406/1406
f 1407/1407/1407 1409/1409/1409 1406/1406/1406
f 1412/1412/1412 1411/1411/1411 1410/1410/1410
f 1411/1411/1411 1413/1413/1413 1410/1410/1410
