g maLuYa
v -167.3624 0 12.0129
v -170.3174 0 10.5783
v -167.3189 0 10.6754
v -170.3607 0 11.9158
v -167.4856 0 9.6398
v -168.0013 0 8.7209
v -170.8384 0 119.3111
v -173.8369 0 119.2139
v -171.0919 0 120.347
v -173.8452 0 119.47
v -171.7098 0 121.2219
v -173.8535 0 119.7271
v -172.5844 0 121.8572
v -173.8619 0 119.9866
v -168.0013 0 8.7209
v -170.3174 0 10.5783
v -168.7863 0 8.0179
v -169.761 0 7.6303
v -176.8673 0 9.342
v -176.3109 0 6.3941
v -287.0194 0 -11.4484
v -286.463 0 -14.3963
v -287.4912 0 -14.3953
v -288.4628 0 -14.0455
v -289.2729 0 -13.4052
v -289.8167 0 -12.5325
v -321.138 0 76.5848
v -323.9352 0 75.5007
v -321.2104 0 76.7714
v -324.1138 0 76.4623
v -321.2828 0 76.9586
v -323.9613 0 77.4316
v -321.3558 0 77.1471
v -323.5231 0 78.3166
v -321.4284 0 77.3343
v -322.8448 0 79.0256
v -321.5007 0 77.5209
v -321.972 0 79.4666
v -319.5509 0 78.0852
v -320.1069 0 80.0063
v -252.2679 0 97.5569
v -252.8239 0 99.4781
v -246.6478 0 99.1834
v -247.2038 0 101.1045
v -237.4126 0 101.8561
v -237.9686 0 103.7772
v -174.1148 0 120.1745
v -174.6708 0 122.0957
v -173.8703 0 120.2453
v -173.6072 0 122.1746
v -173.8619 0 119.9866
v -172.5844 0 121.8572
v -146.3732 0 9.6929
v -146.3732 0 12.6929
v -147.4831 0 9.9305
v -148.4301 0 10.5683
v -149.0983 0 11.4942
v -149.3717 0 12.5958
v -35.49234 0 9.6929
v -35.49224 0 12.6929
v -31.17934 0 9.6929
v -31.17934 0 12.6929
v -30.16845 0 9.8849
v -30.93654 0 12.6929
v -29.27814 0 10.4096
v -30.69275 0 12.6929
v -28.60094 0 11.1902
v -30.44884 0 12.6929
v -28.22894 0 12.1496
v -30.20605 0 12.6929
v -28.19564 0 12.3307
v -30.16254 0 12.6929
v -27.72874 0 14.8662
v -29.69564 0 15.2284
v -6.675545 0 129.1938
v -8.642445 0 129.556
v -6.699244 0 130.248
v -8.551744 0 130.0485
v -7.104245 0 131.2262
v -8.460645 0 130.5431
v -7.805845 0 132.0314
v -8.414744 0 130.7925
v -8.668144 0 130.7811
v -8.719444 0 132.5664
v -9.170444 0 130.7586
v -9.760545 0 132.7341
v -9.670745 0 130.7361
v -148.7101 0 126.4926
v -148.6203 0 124.4946
v -150.0956 0 126.4304
v -149.9933 0 124.4329
v -151.2062 0 126.1362
v -149.9852 0 124.1838
v -152.1295 0 125.4406
v -149.9771 0 123.9332
v -152.7519 0 124.4663
v -149.969 0 123.6825
v -152.9594 0 123.3362
v -149.961 0 123.4334
v -152.8479 0 119.8939
v -149.8494 0 119.9911
v -151.6577 0 -17.4184
v -147.6875 0 -11.3071
v -150.653 0 -10.8532
v -148.6922 0 -17.8722
v -150.2985 0 -9.8643
v -149.6214 0 -9.0547
v -148.7188 0 -8.5079
v -147.6875 0 -8.3071
v -146.3732 0 -11.3071
v -146.3732 0 -8.3071
v -35.49224 0 -11.3071
v -35.49224 0 -8.3071
v -35.25484 0 -11.3071
v -34.48655 0 -8.5084
v -35.01665 0 -11.3071
v -33.61205 0 -9.0518
v -34.77644 0 -11.3071
v -32.94505 0 -9.8466
v -34.53815 0 -11.3071
v -32.56155 0 -10.8021
v -34.47694 0 -11.3071
v -34.50745 0 -11.4805
v -32.53774 0 -11.8275
v -48.81034 0 -92.6784
v -46.84064 0 -93.0254
v -49.67614 0 -97.5941
v -47.70654 0 -97.941
v -49.75525 0 -98.043
v -48.15224 0 -99.0422
v -49.79494 0 -98.2683
v -50.01934 0 -98.3128
v -48.98605 0 -99.8941
v -50.46645 0 -98.4015
v -50.07734 0 -100.3633
v -53.35555 0 -98.9745
v -52.96645 0 -100.9363
v -164.1217 0 -120.9454
v -163.7327 0 -122.9072
v -164.4 0 -121.0006
v -164.8514 0 -122.879
v -164.4772 0 -121.0159
v -164.4459 0 -120.8118
v -165.8775 0 -122.4183
v -164.4023 0 -120.5269
v -166.6991 0 -121.6321
v -164.3592 0 -120.245
v -167.2044 0 -120.6272
v -164.3163 0 -119.9645
v -167.2817 0 -119.5107
v -172.9725 0 -11.2936
v -172.416 0 -14.2416
v -171.8588 0 -11.3306
v -170.84 0 -11.7953
v -283.1246 0 -32.0841
v -282.5682 0 -35.032
v -288.6906 0 -33.1346
v -288.1342 0 -36.0825
v -289.6546 0 -33.4986
v -170.84 0 -11.7953
v -172.416 0 -14.2416
v -170.0259 0 -12.5816
v -169.5261 0 -13.5837
v -169.4506 0 -14.6954
v -188.04 0 -116.3339
v -185.0745 0 -116.7877
v -188.564 0 -119.7576
v -185.5985 0 -120.2115
v -188.5976 0 -119.9775
v -185.9294 0 -121.1444
v -188.6314 0 -120.1981
v -186.5577 0 -121.9135
v -188.6655 0 -120.4202
v -187.3949 0 -122.4605
v -188.6991 0 -120.6407
v -188.3514 0 -122.7274
v 133.56 0 12.5512
v 130.5632 0 12.6929
v 133.2754 0 11.4632
v 132.6054 0 10.552
v 131.6635 0 9.9257
v 130.5632 0 9.6929
v -15.92715 0 12.6929
v -15.92715 0 9.6929
v -16.16644 0 12.6929
v -16.93684 0 9.8961
v -16.40664 0 12.6929
v -17.81355 0 10.4442
v -16.64864 0 12.6929
v -18.48034 0 11.245
v -16.94394 0 12.6929
v -18.86065 0 12.2064
v -16.91064 0 12.874
v -18.87754 0 13.2362
v 4.142555 0 127.2016
v 2.175655 0 127.5639
v 4.770055 0 130.609
v 2.803155 0 130.9713
v 4.841955 0 130.9994
v 3.157055 0 131.9032
v 4.914055 0 131.3913
v 3.799255 0 132.6706
v 5.312156 0 131.4091
v 4.647355 0 133.2018
v 5.708655 0 131.427
v 5.618956 0 133.4249
v 7.838455 0 131.5226
v 7.748655 0 133.5206
v 58.50375 0 133.7985
v 58.41396 0 135.7964
v 65.17715 0 134.0982
v 65.08736 0 136.0962
v 73.58916 0 134.4761
v 73.49935 0 136.4741
v 136.3631 0 137.2958
v 136.2734 0 139.2938
v 136.4554 0 137.2999
v 137.2439 0 139.1553
v 136.4495 0 137.1738
v 136.4391 0 136.9548
v 138.1151 0 138.6991
v 136.4286 0 136.7342
v 138.8143 0 137.9982
v 136.4183 0 136.5152
v 139.2684 0 137.1259
v 136.408 0 136.2968
v 139.4046 0 136.1551
v 159.8265 0 6.4717
v 154.4882 0 10.5385
v 153.9288 0 7.5911
v 160.3858 0 9.419
v 152.9462 0 7.9855
v 152.1584 0 8.7003
v 151.6465 0 9.6328
v 151.4916 0 10.6802
v 154.5365 0 11.5593
v 151.5397 0 11.701
v 208.6644 0 -2.8044
v 209.2234 0 0.1411
v 209.2272 0 -2.9112
v 209.7863 0 0.0342
v 209.3336 0 -2.9314
v 224.3468 0 -4.6706
v 224.6918 0 -1.6925
v 160.3818 0 135.175
v 157.3851 0 135.3167
v 160.3921 0 135.3932
v 157.6121 0 136.2699
v 160.4024 0 135.612
v 158.146 0 137.0952
v 160.4129 0 135.8324
v 158.9075 0 137.7269
v 160.4232 0 136.0513
v 159.8172 0 138.0992
v 160.4292 0 136.178
v 160.5198 0 136.1654
v 160.7959 0 138.1463
v 322.0381 0 113.6563
v 322.3143 0 115.6372
v 322.1566 0 113.6398
v 323.2562 0 115.316
v 322.1299 0 113.5383
v 322.0724 0 113.3204
v 324.0358 0 114.6919
v 322.0146 0 113.101
v 324.593 0 113.8549
v 321.9574 0 112.8831
v 324.8682 0 112.8949
v 321.9001 0 112.6659
v 324.8013 0 111.9019
v 290.3884 0 -6.9964
v 293.2895 0 -7.7604
v 289.8008 0 -9.2271
v 292.702 0 -9.9911
v 292.2408 0 -10.9427
v 291.4742 0 -11.6783
v 290.5099 0 -12.1243
v 289.4557 0 -12.2072
v 152.9324 0 -14.5233
v 155.9104 0 -14.16
v 153.0359 0 -13.4296
v 153.548 0 -12.4518
v 154.3621 0 -11.6898
v 155.3716 0 -11.2435
v 156.4698 0 -11.2126
v 204.7493 0 -23.4302
v 205.3088 0 -20.4829
v 205.0697 0 -23.4911
v 206.2231 0 -20.8239
v 205.3909 0 -23.552
v 206.9842 0 -21.4377
v 205.7113 0 -23.6129
v 207.5113 0 -22.259
v 159.3509 0 -67.1267
v 162.3288 0 -66.7634
v 159.7251 0 -68.2056
v 160.481 0 -69.0707
v 161.4904 0 -69.6193
v 162.625 0 -69.7487
v 220.9669 0 -63.9596
v 220.6708 0 -60.9743
v 222.0086 0 -63.6217
v 220.94 0 -60.9476
v 222.8497 0 -62.9128
v 221.2104 0 -60.9207
v 223.4165 0 -61.9571
v 221.4837 0 -60.8936
v 130.5632 0 -8.3071
v 131.3843 0 -11.3071
v 131.3843 0 -8.3071
v 130.5632 0 -11.3071
v 132.4358 0 -8.5169
v 133.3504 0 -9.0864
v 134.0266 0 -9.9254
v 134.3622 0 -10.9437
v 132.0871 0 -17.0667
v 135.065 0 -16.7034
v -15.92715 0 -8.3071
v -15.92715 0 -11.3071
v -20.26134 0 -8.3071
v -20.26134 0 -11.3071
v -21.27755 0 -8.5013
v -20.50434 0 -11.3071
v -22.17104 0 -9.0316
v -20.74834 0 -11.3071
v -22.84834 0 -9.8196
v -20.99244 0 -11.3071
v -23.21585 0 -10.7866
v -21.23534 0 -11.3071
v -23.24644 0 -10.9601
v -21.27674 0 -11.3071
v -23.67424 0 -13.3888
v -21.70454 0 -13.7357
v -37.97704 0 -94.5867
v -36.00745 0 -94.9336
v -37.93394 0 -95.6774
v -36.10065 0 -95.4629
v -37.48204 0 -96.6765
v -36.19434 0 -95.9947
v -36.71994 0 -97.48
v -36.24165 0 -96.2632
v -35.97095 0 -96.2302
v -35.74615 0 -97.9842
v -35.43494 0 -96.1648
v -34.65924 0 -98.085
v -34.90144 0 -96.0997
v 138.1149 0 -77.0043
v 137.8727 0 -75.019
v 139.3815 0 -76.8497
v 139.1393 0 -74.8644
v 140.4739 0 -76.4665
v 139.1091 0 -74.6171
v 141.3442 0 -75.6919
v 139.0787 0 -74.3681
v 141.8867 0 -74.6609
v 139.0482 0 -74.1192
v 141.996 0 -73.5085
v 139.0181 0 -73.8718
v 141.4834 0 -69.3067
v 138.5055 0 -69.6701
v 140.2149 0 -86.0118
v 139.5977 0 -87.9049
v 139.5955 0 -87.9849
v 139.2048 0 -85.938
v 139.4471 0 -87.9233
v 139.5887 0 -88.2174
v 141.1403 0 -86.4321
v 139.5818 0 -88.4517
v 141.8969 0 -87.1219
v 139.575 0 -88.6842
v 142.4005 0 -88.0047
v 139.5682 0 -88.9159
v 142.567 0 -89.0036
v 139.5347 0 -90.0611
v 142.5335 0 -90.1487
v 138.0402 0 -141.172
v 141.0388 0 -141.2597
v 138.033 0 -141.4173
v 140.7877 0 -142.3262
v 138.0258 0 -141.6639
v 140.1662 0 -143.2357
v 138.0186 0 -141.9104
v 139.2756 0 -143.8839
v 138.0108 0 -142.1755
v 138.2171 0 -144.1668
v 138.1288 0 -144.172
v -27.73324 0 -151.9634
v -27.61535 0 -153.9599
v -28.35105 0 -151.9999
v -28.23314 0 -153.9964
v -30.77155 0 -152.1429
v -30.65364 0 -154.1393
v -31.23915 0 -152.1705
v -31.75554 0 -153.976
v -31.70934 0 -152.1982
v -32.72665 0 -153.4178
v -31.76645 0 -151.7307
v -33.45004 0 -152.5626
v -31.82314 0 -151.2657
v -33.80844 0 -151.5079
v -32.20155 0 -148.1643
v -34.18684 0 -148.4065
v -32.37244 0 -146.7639
v -34.35774 0 -147.0061
v -36.73475 0 -111.0114
v -38.71994 0 -111.2536
v -36.80495 0 -110.4358
v -38.79025 0 -110.678
v -36.86535 0 -109.9411
v -38.68095 0 -109.5255
v -36.92604 0 -109.4432
v -38.13834 0 -108.4946
v -36.42815 0 -109.3824
v -37.26804 0 -107.72
v -35.93344 0 -109.322
v -36.17564 0 -107.3368
v -33.32694 0 -109.004
v -33.56915 0 -107.0188
v 160.5258 0 -90.6749
v 163.5245 0 -90.7626
v 160.7641 0 -89.6344
v 161.3549 0 -88.7392
v 162.2068 0 -88.0874
v 163.2283 0 -87.7772
v 164.6986 0 -90.6461
v 164.4024 0 -87.6607
v 158.9577 0 -141.7837
v 161.932 0 -141.8707
v 158.8135 0 -146.7195
v 161.7877 0 -146.8065
v 158.8023 0 -147.1019
v 158.8882 0 -147.4746
v 159.797 0 -151.4189
v 162.6965 0 -150.7508
v 223.0406 0 -84.857
v 222.7444 0 -81.8716
v 242.2462 0 -82.9513
v 241.95 0 -79.9659
v 243.1419 0 -82.8624
v 243.2675 0 -80.1305
v 244.5518 0 -82.7225
v 245.2327 0 -80.842
v 177.5741 0 -228.2438
v 180.4975 0 -227.5702
v 177.7634 0 -229.0655
v 180.6868 0 -228.3919
v 178.259 0 -230.1117
v 179.1207 0 -230.896
v 180.2028 0 -231.3274
v 181.3604 0 -231.3153
v 325.0212 0 -198.2134
v 324.3477 0 -195.29
v 338.3152 0 -195.1503
v 337.6415 0 -192.2269
v 339.2747 0 -194.7342
v 340.0394 0 -194.017
v 340.516 0 -193.086
v 359.003 0 -131.2312
v 356.1287 0 -130.3721
v 360.6721 0 -125.6465
v 357.7978 0 -124.7874
v 360.7653 0 -124.5326
v 357.8693 0 -124.5482
v 360.4413 0 -123.4563
v 357.9412 0 -124.3076
v 359.7693 0 -122.5551
v 358.0131 0 -124.0671
v -292.1938 0 -36.2725
v -288.1342 0 -36.0825
v -290.441 0 -34.1646
v -289.8869 0 -38.1905
v -289.6546 0 -33.4986
v -329.2565 0 -80.8487
v -326.9499 0 -82.7666
v -329.7216 0 -81.7039
v -327.1156 0 -82.9661
v -329.8576 0 -82.6664
v -327.2813 0 -83.1653
v -306.6003 0 -19.0372
v -308.3413 0 -22.8467
v -305.544 0 -21.7626
v -309.3976 0 -20.1213
v -305.3496 0 -22.7996
v -305.5202 0 -23.8434
v -340.7188 0 68.996
v -343.5161 0 67.9119
v -341.9073 0 72.0625
v -344.7046 0 70.9784
v -305.5202 0 -23.8434
v -308.3413 0 -22.8467
v -306.0345 0 -24.7647
v -345.33 0 -67.4845
v -343.0417 0 -69.3871
v -353.1817 0 -76.928
v -351.136 0 -79.1223
v -177.4505 0 -3.7432
v -281.985 0 -21.9468
v -281.7068 0 -23.4208
v -177.7287 0 -2.2692
v 138.7476 0 -153.1512
v 139.177 0 -155.1292
v 139.0591 0 -153.1328
v 138.8656 0 -155.1477
v 139.2279 0 -153.1228
v 139.2404 0 -155.4047
v 140.2584 0 -153.2585
v 139.2953 0 -155.6427
v 141.1848 0 -153.7401
v 139.3501 0 -155.8807
v 141.9077 0 -154.4933
v 139.4046 0 -156.1176
v 142.3282 0 -155.444
v -27.08475 0 -162.9443
v -26.96684 0 -164.9408
v 157.1103 0 -232.959
v 160.0337 0 -232.2854
v 160.0753 0 -233.2513
v 159.7958 0 -234.1799
v 159.2505 0 -234.9892
v 158.4949 0 -235.597
v 157.5841 0 -235.9213
v 101.3998 0 -242.0217
v 101.8677 0 -244.947
v 101.4005 0 -245.0217
v 152.1908 0 -93.4324
v 149.3399 0 -138.5012
v 150.8365 0 -138.545
v 150.6888 0 -93.3885
v 160.427 0 -253.6954
v 162.3314 0 -256.4289
v 161.8576 0 -253.4666
v 160.9008 0 -256.6577
v 162.9776 0 -253.5218
v 104.7018 0 -262.6655
v 105.1756 0 -265.6278
v 104.2256 0 -262.6846
v 104.6995 0 -265.647
v 103.1484 0 -262.8569
v 103.6222 0 -265.8192
v 102.276 0 -263.1434
v 103.2985 0 -265.871
v 101.5275 0 -263.6781
v 102.9744 0 -265.9229
v 100.9736 0 -264.4104
v 102.6507 0 -265.9746
v 162.9776 0 -253.5218
v 162.3314 0 -256.4289
v 164.0045 0 -253.9882
v 164.8098 0 -254.7777
v 165.2652 0 -255.8026
v 162.4176 0 -256.8334
v 165.3516 0 -256.207
v 180.4916 0 -341.1484
v 183.3406 0 -340.2086
v 209.2447 0 -404.5206
v 211.9754 0 -403.2783
v 215.5135 0 -418.3001
v 218.2442 0 -417.0579
v 215.6145 0 -418.5221
v 218.4886 0 -418.0886
v 215.716 0 -418.745
v 218.3584 0 -419.1448
v 215.8174 0 -418.968
v 217.891 0 -420.101
v 215.9318 0 -419.2193
v 217.1237 0 -420.8314
v 182.9548 0 -252.4486
v 185.8887 0 -251.8222
v 182.9583 0 -251.3022
v 183.3958 0 -250.2349
v 184.1777 0 -249.3869
v 185.2151 0 -248.8988
v 186.0756 0 -251.7791
v 185.402 0 -248.8557
v 200.4344 0 -334.5694
v 203.2834 0 -333.6296
v 228.3596 0 -395.8245
v 231.0903 0 -394.5822
v 228.9626 0 -396.6439
v 229.8241 0 -397.1815
v 329.7365 0 -218.6772
v 329.0629 0 -215.7538
v 330.0728 0 -215.7327
v 175.5124 0 -257.1023
v 191.1752 0 -337.624
v 192.5998 0 -337.154
v 174.0468 0 -257.4211
v 162.0381 0 147.0602
v 160.4779 0 149.2969
v 160.2018 0 147.3161
v 162.3141 0 149.041
v 160.4742 0 149.3481
v 159.9902 0 147.3455
v 160.4568 0 149.5898
v 159.0334 0 147.6646
v 160.4393 0 149.8325
v 158.2331 0 148.2853
v 160.4218 0 150.0751
v 157.6669 0 149.125
v 160.4043 0 150.3168
v 157.412 0 150.1009
v 323.5565 0 124.5511
v 323.8326 0 126.5319
v 326.4204 0 124.1519
v 326.6966 0 126.1328
v 327.0909 0 124.0585
v 326.8491 0 126.302
v 328.0601 0 124.0874
v 327.0676 0 126.5445
v 157.412 0 150.1009
v 160.2084 0 153.0328
v 157.2162 0 152.8169
v 160.4043 0 150.3168
v 151.4396 0 274.574
v 148.4474 0 274.3582
v 151.1292 0 278.8765
v 148.1369 0 278.6606
v 151.1058 0 279.1995
v 148.2604 0 279.7245
v 151.0825 0 279.5232
v 148.7446 0 280.6829
v 139.2628 0 151.5217
v 136.2885 0 151.0571
v 139.089 0 150.358
v 136.2706 0 151.3058
v 136.3065 0 150.8069
v 138.4751 0 149.345
v 136.3246 0 150.5566
v 137.5406 0 148.6171
v 136.3426 0 150.308
v 136.4052 0 148.3088
v 135.7796 0 150.2827
v 135.8695 0 148.2847
v 130.494 0 273.063
v 127.5018 0 272.8471
v 130.1994 0 274.1141
v 127.4837 0 273.0969
v 129.5442 0 274.9944
v 127.4657 0 273.348
v 128.6322 0 275.6047
v 127.4474 0 273.5992
v 127.5677 0 275.8464
v 127.4295 0 273.849
v 125.2369 0 275.8976
v 125.193 0 273.8981
v 73.00575 0 147.463
v 73.09546 0 145.465
v 72.55865 0 147.4429
v 72.11266 0 145.6084
v 72.11005 0 147.4228
v 71.23345 0 146.0778
v 71.88416 0 147.4126
v 71.90015 0 147.6382
v 70.53306 0 146.7965
v 71.93176 0 148.0861
v 70.08636 0 147.6874
v 71.96336 0 148.5326
v 69.96835 0 148.6736
v 81.89545 0 276.8493
v 81.85146 0 274.8497
v 80.79125 0 276.6411
v 81.37675 0 274.8601
v 79.83636 0 276.0368
v 80.89925 0 274.8706
v 79.14635 0 275.1418
v 80.86555 0 274.3942
v 78.83706 0 274.0616
v 80.83205 0 273.9205
v 78.78545 0 273.3333
v 80.78056 0 273.1922
v 127.9282 0 291.4921
v 125.5004 0 287.8947
v 128.4574 0 288.4009
v 124.9712 0 290.986
v 125.5412 0 287.6566
v 128.4261 0 287.3662
v 125.582 0 287.4177
v 128.0285 0 286.4062
v 125.6233 0 287.1767
v 127.3445 0 285.6129
v 125.6723 0 286.8907
v 126.4533 0 285.0786
v 125.4785 0 286.895
v 125.4346 0 284.8954
v 110.4613 0 393.5287
v 107.5044 0 393.0225
v 110.0949 0 394.5029
v 107.4633 0 393.2622
v 109.4144 0 395.2966
v 107.4221 0 393.5029
v 108.515 0 395.8298
v 107.3809 0 393.7437
v 107.4922 0 396.0225
v 107.3333 0 394.0219
v 107.3252 0 396.0218
v 104.499 0 396.0103
v 104.5071 0 394.0103
v 12.56195 0 395.6364
v 12.57006 0 393.6363
v 11.44076 0 395.3881
v 12.07825 0 393.6343
v 10.49006 0 394.7314
v 11.58335 0 393.6323
v 9.828356 0 393.784
v 11.57875 0 393.1375
v 9.574255 0 392.6642
v 11.57416 0 392.6457
v 9.572454 0 392.4643
v 11.57236 0 392.4457
v 8.629156 0 290.6139
v 10.62906 0 290.5953
v 8.627356 0 290.4233
v 10.62725 0 290.4047
v 8.860855 0 289.2985
v 10.62276 0 289.9126
v 9.505356 0 288.3389
v 10.61815 0 289.4174
v 10.44436 0 287.6648
v 11.11325 0 289.4066
v 11.56136 0 287.3962
v 11.60526 0 289.3958
v 67.07896 0 286.1769
v 67.12286 0 288.1765
v 74.95106 0 286.004
v 74.99506 0 288.0036
v 82.09306 0 285.8472
v 82.13696 0 287.8467
v 150.2283 0 292.4984
v 148.9506 0 294.0569
v 149.3376 0 292.1508
v 149.1609 0 294.1897
v 148.8098 0 293.9681
v 148.3827 0 292.1295
v 148.796 0 294.0488
v 148.7534 0 294.2971
v 147.4512 0 292.3957
v 148.711 0 294.5454
v 146.6302 0 292.9103
v 148.6691 0 294.7903
v 146.0075 0 293.6344
v 165.7581 0 302.2934
v 164.6922 0 303.9823
v 169.364 0 304.5694
v 168.2083 0 306.2017
v 177.8909 0 311.314
v 176.6519 0 312.8804
v 256.4647 0 373.4721
v 255.224 0 375.0408
v 258.8028 0 375.3215
v 257.562 0 376.8901
v 259.6059 0 376.3048
v 257.9186 0 377.1722
v 259.9381 0 377.5302
v 257.9405 0 377.6263
v 146.0075 0 293.6344
v 148.6272 0 295.0353
v 145.6701 0 294.5292
v 148.6691 0 294.7903
v 131.1568 0 397.0715
v 128.2007 0 396.5654
v 130.1631 0 402.8761
v 127.2192 0 402.2987
v 127.88 0 413.1945
v 124.9517 0 412.5465
v 110.1245 0 493.4555
v 107.1954 0 492.8074
v 110.0678 0 493.7115
v 107.1878 0 493.8863
v 110.0109 0 493.9688
v 107.5827 0 494.8955
v 109.9535 0 494.2285
v 108.2907 0 495.7296
v 109.9002 0 494.4692
v 109.2223 0 496.2832
v 110.179 0 494.454
v 110.2881 0 496.451
v 150.1283 0 492.2722
v 150.2374 0 494.2693
v 262.1685 0 486.1532
v 262.2776 0 488.1502
v 262.663 0 486.1261
v 263.3891 0 487.8432
v 263.1606 0 486.099
v 264.3073 0 487.1337
v 263.1367 0 485.6013
v 264.9191 0 486.1476
v 263.1129 0 485.1067
v 265.1106 0 485.0105
v 258.2459 0 383.9739
v 260.2437 0 383.8778
v 257.9405 0 377.6263
v 259.9381 0 377.5302
v 148.7446 0 280.6829
v 151.0592 0 279.8463
v 149.5279 0 281.4134
v 151.0825 0 279.5232
v 151.0476 0 280.0075
v 149.9799 0 281.6988
v 156.0998 0 283.1965
v 155.0323 0 284.8878
v 171.6263 0 292.9968
v 170.5587 0 294.6881
v 171.9644 0 293.2103
v 171.5567 0 295.0812
v 172.1339 0 293.3173
v 172.3081 0 293.218
v 172.6318 0 295.1052
v 147.2756 0 155.1075
v 140.4346 0 270.7723
v 138.9385 0 270.6644
v 148.7717 0 155.2155
v 387.1483 0 -52.0524
v 390.1339 0 -52.3464
v 387.4105 0 -51.1357
v 387.9574 0 -50.3511
v 388.7141 0 -49.7573
v 389.6064 0 -49.413
v 390.5593 0 -49.3766
v 455.3053 0 -61.6801
v 455.7307 0 -58.7104
v 470.6342 0 -63.8755
v 471.0596 0 -60.9058
v 471.2948 0 -63.9701
v 472.24 0 -61.3464
v 471.9554 0 -64.0647
v 473.141 0 -62.2273
v 381.2646 0 -111.8216
v 384.2502 0 -112.1155
v 380.3375 0 -121.239
v 383.3231 0 -121.5329
v 380.4144 0 -122.2401
v 383.2912 0 -121.8568
v 380.813 0 -123.1639
v 383.2592 0 -122.1813
v 381.4886 0 -123.9066
v 383.2274 0 -122.5052
v 381.9845 0 -124.2898
v 383.2075 0 -122.7074
v 386.4617 0 -127.7498
v 387.6846 0 -126.1674
v 495.1812 0 -211.771
v 496.4041 0 -210.1885
v 496.1198 0 -212.2309
v 496.7938 0 -210.4895
v 497.1652 0 -212.3245
v 497.1848 0 -210.7918
v 498.1949 0 -212.0806
v 497.382 0 -210.9442
v 497.49 0 -210.7195
v 367.0121 0 -45.3582
v 366.4164 0 -48.2984
v 368.0125 0 -45.7811
v 368.8004 0 -46.5368
v 369.2914 0 -47.5118
v 369.4019 0 -48.5923
v 366.2494 0 -49.9951
v 369.235 0 -50.289
v 360.3656 0 -109.7643
v 363.3512 0 -110.0582
v 360.3405 0 -110.0192
v 363.0302 0 -111.0753
v 360.3152 0 -110.2752
v 362.3561 0 -111.9076
v 360.2899 0 -110.5336
v 361.442 0 -112.4842
v 360.2645 0 -110.7912
v 360.4005 0 -112.7337
v 360.0251 0 -110.7045
v 359.3443 0 -112.5851
v 248.9774 0 -70.499
v 248.2966 0 -72.3796
v 247.0123 0 -69.7875
v 246.3314 0 -71.6681
v 238.2734 0 -66.6236
v 238.0025 0 -68.6525
v 236.9628 0 -68.0065
v 236.2619 0 -67.003
v 233.5597 0 -55.5084
v 231.7185 0 -56.2892
v 221.0103 0 -25.9157
v 219.169 0 -26.6965
v 220.899 0 -25.6534
v 218.9725 0 -25.7058
v 220.7886 0 -25.3929
v 219.1524 0 -24.7138
v 221.0777 0 -25.4264
v 219.6405 0 -23.811
v 221.3652 0 -25.4597
v 220.369 0 -23.0882
v 221.6478 0 -25.4925
v 221.2702 0 -22.6361
v 221.9309 0 -25.5253
v 222.2761 0 -22.5452
v 287.0403 0 -33.0571
v 287.3853 0 -30.0796
v 296.8719 0 -34.196
v 297.3427 0 -31.2332
v 308.8331 0 -36.6196
v 309.4283 0 -33.682
v 393.1106 0 -31.5621
v 381.4633 0 -26.8647
v 380.9525 0 -29.8209
v 393.5358 0 -28.5937
v 371.1816 0 -24.7814
v 370.5861 0 -27.7204
v 458.2826 0 -40.8922
v 458.7079 0 -37.9225
v 459.2791 0 -40.8323
v 458.9814 0 -37.9616
v 460.1852 0 -40.4174
v 459.2545 0 -38.0008
v 460.9323 0 -39.7322
v 459.5322 0 -38.0405
v 461.4511 0 -38.8614
v 459.8293 0 -38.0831
v 461.6731 0 -37.8898
v 459.7422 0 -37.8421
v 461.529 0 -36.9019
v 459.6483 0 -37.5823
v 313.5972 0 -13.1082
v 313.0013 0 -16.0484
v 107.3793 0 408.6584
v 104.5036 0 407.769
v 107.395 0 407.6113
v 104.4502 0 408.0103
v 104.5571 0 407.5269
v 107.0324 0 406.6244
v 104.6112 0 407.2826
v 106.3702 0 405.7963
v 104.6713 0 407.0111
v 105.4873 0 405.2254
v 104.4543 0 407.0103
v 104.4624 0 405.0103
v 89.62045 0 488.9186
v 86.69125 0 488.2705
v 88.19066 0 495.3803
v 85.26145 0 494.7322
v 87.81925 0 496.2763
v 85.20926 0 494.9682
v 87.17925 0 497.0096
v 85.15685 0 495.205
v 86.34776 0 497.5154
v 85.10445 0 495.4419
v 85.40166 0 497.7289
v 85.05225 0 495.6779
v 85.13106 0 497.7416
v 85.03766 0 495.7438
v 81.36446 0 497.9177
v 81.27106 0 495.9199
v 0.4194555 0 501.7026
v 0.3260555 0 499.7048
v -0.5934448 0 501.549
v -0.1471448 0 499.7268
v -1.491645 0 501.0484
v -0.6220446 0 499.7491
v -2.195045 0 500.2874
v -0.861445 0 499.7603
v -0.8314447 0 499.5226
v -2.623545 0 499.3527
v -0.7720447 0 499.0509
v -2.697145 0 498.3309
v -0.7128448 0 498.5809
v 8.548956 0 409.0718
v 10.53325 0 409.3218
v 8.777454 0 407.2581
v 10.76175 0 407.5081
v 9.117155 0 406.241
v 10.81696 0 407.0699
v 9.796656 0 405.4046
v 10.87246 0 406.6295
v 10.71375 0 404.8388
v 11.31635 0 406.6313
v 11.76616 0 404.6331
v 11.75805 0 406.6331
v 12.52535 0 404.6362
v 12.51715 0 406.6362
v 135.5536 0 295.8411
v 120.5764 0 392.2166
v 119.098 0 391.9635
v 137.0323 0 296.0942
v 503.1456 0 -54.7076
v 474.3615 0 -40.0391
v 474.4955 0 -43.3207
v 504.2535 0 -51.9198
v 569.2726 0 -81.9925
v 570.4064 0 -79.2149
v 570.3438 0 -82.1663
v 571.3918 0 -81.8964
v 572.3121 0 -81.2791
v 573.0007 0 -80.4108
v 474.4955 0 -43.3207
v 474.3615 0 -40.0391
v 473.4524 0 -42.6178
v 472.7823 0 -41.5533
v 472.4807 0 -40.7195
v 471.873 0 -33.16
v 469.9922 0 -33.8404
v 400.967 0 162.8466
v 399.0865 0 162.1662
v 398.4576 0 169.784
v 396.5768 0 169.1037
v 398.6193 0 170.0676
v 396.2872 0 169.9044
v 492.8826 0 -75.8709
v 494.3058 0 -74.3951
v 492.5222 0 -74.911
v 494.5536 0 -74.7721
v 494.062 0 -74.0243
v 492.5807 0 -73.9043
v 493.769 0 -73.5788
v 492.9824 0 -72.944
v 494.132 0 -73.723
v 493.6508 0 -72.1237
v 494.5576 0 -73.8922
v 494.5103 0 -71.5364
v 494.9699 0 -74.0561
v 495.4843 0 -71.2757
v 536.7883 0 -140.813
v 538.4493 0 -139.699
v 537.4932 0 -141.5435
v 538.6575 0 -140.0094
v 538.4008 0 -142.0032
v 538.7618 0 -140.1649
v 538.9487 0 -140.1569
v 495.4843 0 -71.2757
v 495.3893 0 -74.2227
v 496.4973 0 -71.4349
v 494.9699 0 -74.0561
v 561.3378 0 -101.4359
v 562.4714 0 -98.6583
v 581.2983 0 -109.5818
v 582.4319 0 -106.8042
v 583.2643 0 -107.3179
v 473.141 0 -62.2273
v 483.6913 0 -81.914
v 485.3624 0 -80.8153
v 471.9554 0 -64.0647
v 527.6082 0 -146.8736
v 529.2692 0 -145.7596
v 527.8204 0 -147.1899
v 529.681 0 -146.7047
v 394.9109 0 -40.1523
v 453.9305 0 -50.1185
v 454.1432 0 -48.6336
v 394.6982 0 -41.637
v 233.5487 0 -396.3015
v 231.0903 0 -394.5822
v 232.8065 0 -396.9973
v 231.8614 0 -397.3688
v 230.8288 0 -397.4266
v 229.8241 0 -397.1815
v 254.1675 0 -366.8274
v 251.6516 0 -365.1932
v 288.02 0 -310.5762
v 285.4498 0 -309.0291
v 320.7865 0 -256.2772
v 318.2365 0 -254.7423
v 322.4144 0 -253.5725
v 319.8643 0 -252.0376
v 322.6084 0 -253.2503
v 322.7161 0 -252.8899
v 324.433 0 -247.1454
v 321.5813 0 -246.2932
v 332.6109 0 -219.5363
v 329.7365 0 -218.6772
v 332.6964 0 -218.5298
v 332.4081 0 -217.5635
v 331.823 0 -216.7201
v 331.0188 0 -216.0823
v 330.0728 0 -215.7327
v 240.6927 0 -421.2162
v 243.0697 0 -419.3301
v 240.4664 0 -420.8211
v 243.2959 0 -419.7252
v 240.1107 0 -419.7589
v 292.4926 0 -511.6613
v 295.0959 0 -510.1703
v 293.1133 0 -512.3948
v 293.942 0 -512.8866
v 294.8846 0 -513.1139
v 295.8465 0 -513.054
v 296.7332 0 -512.6841
v 412.9285 0 -437.0047
v 411.2912 0 -434.4909
v 431.6843 0 -424.7888
v 430.047 0 -422.275
v 432.5515 0 -423.9194
v 430.4615 0 -422.0051
v 433.0045 0 -422.7779
v 430.8759 0 -421.7351
v 433.1594 0 -421.8673
v 431.1877 0 -421.5321
v 240.1107 0 -419.7589
v 243.0697 0 -419.3301
v 240.1613 0 -418.6367
v 240.6112 0 -417.6108
v 250.7578 0 -408.3365
v 248.2995 0 -406.6172
v 271.7784 0 -378.2665
v 269.2625 0 -376.6324
v 306.0121 0 -321.4059
v 303.4417 0 -319.8588
v 338.7177 0 -267.0703
v 336.1474 0 -265.5232
v 338.8425 0 -266.8632
v 336.7924 0 -264.7863
v 338.9676 0 -266.6552
v 337.6435 0 -264.2946
v 339.0927 0 -266.4473
v 338.6038 0 -264.0853
v 339.2175 0 -266.2401
v 339.5768 0 -264.196
v 221.744 0 -428.7623
v 221.9722 0 -430.7842
v 222.0529 0 -430.9251
v 220.8595 0 -429.1216
v 221.933 0 -430.8091
v 222.1571 0 -431.1069
v 222.7003 0 -428.7094
v 222.2617 0 -431.2898
v 223.6356 0 -428.9403
v 222.3659 0 -431.4716
v 224.4574 0 -429.4321
v 222.4698 0 -431.6529
v 225.073 0 -430.1619
v 274.2746 0 -522.0951
v 276.8766 0 -520.6049
v 280.4081 0 -532.8044
v 283.0555 0 -531.3934
v 284.9716 0 -542.0331
v 287.6595 0 -540.7039
v 295.9445 0 -564.2366
v 298.6338 0 -562.9068
v 298.8863 0 -563.9224
v 298.7309 0 -564.955
v 298.2421 0 -565.9022
v 297.494 0 -566.6613
v 296.5609 0 -567.1301
v 295.5172 0 -567.2061
v 217.1237 0 -420.8314
v 215.9318 0 -419.2193
v 217.0052 0 -420.9068
v 214.9553 0 -419.8405
v 216.0288 0 -421.528
v 155.0234 0 -457.9664
v 156.0968 0 -459.6538
v 153.0294 0 -459.2347
v 154.103 0 -460.9222
v 152.7442 0 -459.4162
v 153.207 0 -461.3031
v 192.5998 0 -337.154
v 218.2411 0 -397.128
v 219.6093 0 -396.5134
v 191.1752 0 -337.624
v 84.85535 0 510.5474
v 81.98065 0 509.651
v 84.86236 0 509.4737
v 81.92506 0 509.9046
v 82.03655 0 509.3962
v 84.47105 0 508.4688
v 82.09296 0 509.1391
v 83.76906 0 507.6368
v 82.14686 0 508.8932
v 82.84445 0 507.0818
v 81.87826 0 508.9058
v 81.78486 0 506.9079
v 0.9332552 0 512.6908
v 0.8398552 0 510.6928
v -1.558945 0 512.8073
v -1.652345 0 510.8093
v -1.985445 0 512.8273
v -2.671145 0 511.0572
v -2.414145 0 512.8473
v -3.546245 0 511.6434
v -2.460345 0 513.2737
v -4.184945 0 512.481
v -2.506345 0 513.6983
v -4.494745 0 513.4827
v -2.779545 0 516.2177
v -4.767845 0 516.0022
v -14.67374 0 625.9156
v -16.66214 0 625.7001
v -14.69004 0 626.0656
v -16.57494 0 626.7085
v -14.60944 0 626.0623
v -14.37724 0 626.0526
v -16.14285 0 627.6279
v -14.14324 0 626.0428
v -15.44364 0 628.3751
v -13.91105 0 626.0331
v -14.55494 0 628.8671
v -13.67964 0 626.0235
v -13.55454 0 629.0209
v 57.10336 0 623.0699
v 57.22845 0 626.0673
v 58.18025 0 625.8565
v 59.01726 0 625.35
v 59.66116 0 624.6135
v 60.03375 0 623.7126
v 59.05155 0 614.1877
v 61.98196 0 614.8305
v 110.7789 0 505.4377
v 106.9907 0 507.6476
v 106.8816 0 505.6505
v 110.888 0 507.4347
v 106.9758 0 507.7153
v 106.6048 0 505.6656
v 106.9241 0 507.9514
v 105.6644 0 505.8847
v 106.8721 0 508.1883
v 104.8394 0 506.3928
v 150.7281 0 503.2559
v 150.8372 0 505.2529
v 262.7683 0 497.1369
v 262.8774 0 499.1339
v 265.3452 0 496.9962
v 265.4543 0 498.9932
v 266.474 0 497.1627
v 265.8862 0 498.9696
v 267.4665 0 497.7328
v 266.1028 0 498.9578
v 266.2016 0 499.1508
v 268.1789 0 498.6241
v 266.3987 0 499.5358
v 104.8394 0 506.3928
v 106.8201 0 508.4252
v 104.2053 0 507.1255
v 106.8721 0 508.1883
v 106.7684 0 508.6613
v 103.838 0 508.0185
v 105.3678 0 515.0465
v 102.4375 0 514.4037
v 82.49426 0 619.3297
v 79.56396 0 618.6869
v 79.54205 0 619.6512
v 79.85486 0 620.5622
v 114.7852 0 413.3696
v 99.78825 0 488.0959
v 98.32355 0 487.7718
v 116.2497 0 413.6936
v 342.2079 0 107.3181
v 346.6566 0 112.4309
v 343.7555 0 113.1949
v 345.1089 0 106.5541
v 344.4281 0 114.4394
v 310.696 0 -12.3442
v 313.5972 0 -13.1082
v 310.6236 0 -13.3025
v 310.8694 0 -14.2346
v 311.3817 0 -15.058
v 312.1096 0 -15.6902
v 313.0013 0 -16.0484
v 331.0572 0 126.4901
v 327.5049 0 127.0298
v 329.7335 0 125.0213
v 328.8288 0 128.4986
v 327.2865 0 126.7874
v 328.9729 0 124.42
v 327.0676 0 126.5445
v 328.0601 0 124.0874
v 372.2028 0 172.1432
v 369.9742 0 174.1517
v 375.2852 0 175.5635
v 373.0569 0 177.572
v 375.8156 0 176.4675
v 373.2224 0 177.7557
v 86.58176 0 639.9006
v 68.26716 0 646.5892
v 67.91125 0 643.6104
v 87.16466 0 642.8343
v 189.2216 0 619.5251
v 189.9303 0 622.4402
v 305.0961 0 586.0909
v 305.9253 0 588.9658
v 315.3119 0 583.1447
v 316.3495 0 585.9595
v 322.2215 0 580.0125
v 323.4568 0 582.7377
v 392.2103 0 548.3116
v 393.4489 0 551.0441
v 400.6927 0 541.3004
v 403.1432 0 543.0313
v 67.91125 0 643.6104
v 58.10246 0 647.0134
v 57.97775 0 644.0249
v 68.26716 0 646.5892
v -12.68054 0 649.9657
v -12.80524 0 646.9775
v -23.00755 0 650.3966
v -22.89714 0 647.3986
v -31.47994 0 649.4153
v -31.13585 0 646.4445
v -95.45384 0 642.0427
v -95.10874 0 639.0627
v -101.9493 0 641.2903
v -101.6042 0 638.3104
v -106.6552 0 640.7454
v -105.4768 0 637.069
v -110.8009 0 638.4531
v -109.3493 0 635.8277
v -130.8242 0 627.3821
v -129.3727 0 624.7567
v -146.7305 0 618.5873
v -145.2789 0 615.962
v 79.85486 0 620.5622
v 82.49426 0 619.3297
v 80.43375 0 621.35
v 81.20985 0 621.9442
v 82.11456 0 622.2751
v 83.07896 0 622.2722
v 184.2612 0 599.1194
v 184.9698 0 602.0345
v 299.2834 0 565.9359
v 300.1147 0 568.8183
v 299.5157 0 565.8689
v 301.033 0 568.3394
v 299.749 0 565.8016
v 301.7244 0 567.5629
v 299.9841 0 565.7338
v 302.1407 0 566.601
v 300.2624 0 565.6535
v 302.2332 0 565.5654
v 98.20776 0 -269.6098
v 102.3842 0 -266.0173
v 100.6184 0 -265.078
v 99.97346 0 -270.5491
v 102.6507 0 -265.9746
v 100.9736 0 -264.4104
v 5.137355 0 -444.5739
v 6.903055 0 -445.5132
v 4.856555 0 -445.4926
v 6.667055 0 -445.957
v 4.909355 0 -446.4506
v 6.431255 0 -446.4002
v 5.249355 0 -447.3626
v 6.192155 0 -446.8498
v 5.830356 0 -448.1437
v 6.699656 0 -446.8933
v 6.605855 0 -448.7085
v 7.199756 0 -446.9362
v 7.529655 0 -448.9719
v 7.700555 0 -446.9791
v 148.8901 0 -461.0931
v 149.0609 0 -459.1004
v 152.2364 0 -461.38
v 152.4073 0 -459.3873
v 153.207 0 -461.3031
v 152.7442 0 -459.4162
v 88.08575 0 -261.0117
v 87.88856 0 -264.0181
v 89.11806 0 -261.4202
v 87.61336 0 -263.9742
v 88.16515 0 -264.0622
v 89.91916 0 -262.1967
v 88.44476 0 -264.1068
v 90.42155 0 -263.206
v 88.65746 0 -264.1407
v 90.55826 0 -264.3132
v 88.49625 0 -264.4439
v 90.26196 0 -265.3831
v -58.34805 0 -237.659
v -58.82045 0 -240.6216
v -67.74034 0 -236.1612
v -68.21284 0 -239.1237
v -68.83655 0 -236.1988
v -69.85165 0 -236.622
v -70.64995 0 -237.3743
v -4.574045 0 -439.408
v -2.808345 0 -440.3473
v -6.928245 0 -443.8337
v -5.162545 0 -444.773
v -7.126445 0 -444.2062
v -5.815545 0 -445.5823
v -7.325445 0 -444.5803
v -6.709545 0 -446.1222
v -7.727345 0 -444.4462
v -7.729645 0 -446.3468
v -8.127544 0 -444.3127
v -8.760445 0 -446.21
v -84.80415 0 -418.7366
v -85.43694 0 -420.6339
v -90.47935 0 -416.8436
v -91.11224 0 -418.7408
v -90.90755 0 -416.7008
v -92.12914 0 -418.1444
v -91.12234 0 -416.6292
v -91.13535 0 -416.4031
v -92.84805 0 -417.205
v -91.16135 0 -415.9525
v -93.15804 0 -416.0675
v -91.27155 0 -414.0387
v -93.26824 0 -414.1537
v -98.79485 0 -283.468
v -100.7915 0 -283.583
v -98.88785 0 -281.8548
v -100.8845 0 -281.9698
v 101.4005 0 -245.0217
v 91.36935 0 -240.4221
v 90.90276 0 -243.3476
v 101.3998 0 -242.0217
v -55.04084 0 -216.9211
v -55.51324 0 -219.8836
v -56.54834 0 -219.473
v -57.35004 0 -218.6923
v -57.85094 0 -217.6781
v -57.98354 0 -216.567
v -57.68045 0 -215.4954
v -27.52575 0 -165.9756
v -30.16534 0 -164.5499
v -27.37115 0 -165.6893
v -29.53765 0 -163.7592
v -27.21625 0 -165.4025
v -28.68444 0 -163.2156
v -27.06165 0 -165.1163
v -27.70255 0 -162.9808
v -26.96684 0 -164.9408
v -27.08475 0 -162.9443
v 156.1622 0 -246.0257
v 105.6533 0 -252.6368
v 105.8902 0 -254.118
v 155.9253 0 -244.5446
v 303.791 0 -532.727
v 306.4802 0 -531.3972
v 303.513 0 -531.6891
v 303.6197 0 -530.6144
v 304.075 0 -529.6353
v 304.8429 0 -528.8835
v 308.1942 0 -530.2809
v 306.5569 0 -527.767
v 314.769 0 -554.928
v 317.4583 0 -553.5983
v 322.0204 0 -569.5919
v 324.7094 0 -568.262
v 322.5973 0 -570.3842
v 424.3896 0 -454.6016
v 422.7523 0 -452.0877
v 235.0247 0 -427.9195
v 282.5428 0 -513.9025
v 283.8444 0 -513.1571
v 233.723 0 -428.6651
v 573.2654 0 -78.3061
v 570.4064 0 -79.2149
v 573.3533 0 -79.3877
v 573.0007 0 -80.4108
v 453.8385 0 298.806
v 450.9897 0 297.8658
v 453.3102 0 299.6848
v 452.485 0 300.2643
v 451.4829 0 300.5461
v 450.4247 0 300.5319
v 599.3901 0 -99.0274
v 600.5757 0 -95.1419
v 597.9999 0 -96.6444
v 601.9659 0 -97.5248
v 597.8337 0 -96.3595
v 615.2529 0 -126.1101
v 617.8442 0 -124.5984
v 621.379 0 -136.6112
v 623.9703 0 -135.0994
v 622.7651 0 -140.9382
v 626.6503 0 -139.6936
v 624.1514 0 -145.2652
v 627.1387 0 -144.9898
v 597.8337 0 -96.3595
v 593.2092 0 -71.9668
v 590.3674 0 -72.8701
v 600.5757 0 -95.1419
v 473.78 0 305.3887
v 470.9312 0 304.4483
v 462.6276 0 339.1737
v 459.7787 0 338.2333
v 459.6393 0 339.4399
v 583.2643 0 -107.3179
v 581.2983 0 -109.5818
v 583.8895 0 -108.0701
v 597.1138 0 -136.692
v 599.7051 0 -135.1804
v 597.2524 0 -136.9297
v 600.0247 0 -136.1245
v 597.3909 0 -137.1671
v 599.9825 0 -137.1187
v 597.5317 0 -137.4085
v 599.631 0 -138.0677
v 597.6837 0 -137.6688
v 599.022 0 -138.8761
v 597.431 0 -137.6795
v 598.2079 0 -139.4484
v 597.1561 0 -137.6912
v 597.2408 0 -139.6893
v 502.8719 0 -63.5187
v 562.8157 0 -89.8756
v 563.382 0 -88.4866
v 502.3173 0 -64.9124
v 324.3351 0 -571.2387
v 324.7094 0 -568.262
v 323.3976 0 -570.9534
v 322.5973 0 -570.3842
v 402.1637 0 -581.0264
v 402.538 0 -578.0499
v 403.2823 0 -580.9334
v 402.7856 0 -578.0811
v 404.2938 0 -580.4316
v 403.0347 0 -578.1124
v 405.0721 0 -579.6139
v 403.2838 0 -578.1437
v 405.4921 0 -578.5728
v 403.5313 0 -578.1749
v 406.0399 0 -575.4775
v 404.0706 0 -575.1289
v 427.3437 0 -455.1245
v 425.3743 0 -454.7758
v 292.9529 0 -585.0219
v 315.2086 0 -591.2561
v 315.6096 0 -588.283
v 292.5255 0 -587.9911
v 321.715 0 -592.0743
v 322.0893 0 -589.0978
v 399.5543 0 -601.7754
v 399.9258 0 -598.8206
v 407.8437 0 -602.8179
v 407.8564 0 -599.8179
v 171.4302 0 -567.4314
v 171.0075 0 -570.3684
v 169.0424 0 -567.0877
v 168.6198 0 -570.0247
v 297.727 0 -539.0723
v 304.6996 0 -556.5606
v 306.0443 0 -555.8956
v 296.3826 0 -539.7372
v -631.7128 0 205.6162
v -633.7106 0 191.7718
v -630.7186 0 191.9901
v -634.7048 0 205.3979
v -631.6818 0 183.8558
v -628.9434 0 185.0636
v -627.1439 0 177.0379
v -624.9727 0 179.0979
v -620.6245 0 172.1109
v -619.2681 0 174.7868
v -616.21 0 169.8735
v -614.8538 0 172.5494
v -557.6489 0 140.288
v -556.621 0 143.1064
v -636.9863 0 278.6963
v -639.9836 0 278.8195
v -632.3176 0 308.9529
v -635.2816 0 309.416
v -632.0706 0 310.534
v -635.0345 0 310.9971
v -629.6248 0 326.1858
v -632.5889 0 326.6489
v -624.0167 0 362.0766
v -626.9808 0 362.5396
v -621.9495 0 368.4272
v -624.6182 0 369.7974
v -577.6213 0 454.754
v -580.2899 0 456.1245
v -573.7285 0 460.058
v -575.8409 0 462.1861
v -568.3961 0 463.912
v -569.7471 0 466.5907
v -608.6351 0 205.0349
v -610.3134 0 206.1818
v -609.5613 0 204.452
v -610.0571 0 206.4411
v -610.569 0 205.9233
v -610.6414 0 204.2957
v -610.6713 0 205.8198
v -610.6879 0 206.0464
v -611.738 0 204.5155
v -610.715 0 206.4181
v -612.7147 0 205.0608
v -610.7413 0 206.7807
v -613.4343 0 205.8811
v -535.5413 0 278.9465
v -536.9633 0 280.3528
v -534.6884 0 279.809
v -536.1105 0 281.2154
v -534.0131 0 280.8757
v -535.7927 0 281.5366
v -613.4343 0 205.8811
v -610.7679 0 207.1443
v -613.7601 0 206.926
v -610.7413 0 206.7807
v -616.004 0 277.8338
v -619.0013 0 277.957
v -611.5693 0 305.7109
v -614.5333 0 306.174
v -611.519 0 306.0318
v -614.1962 0 307.1448
v -611.4689 0 306.3535
v -613.5543 0 307.9506
v -606.7161 0 188.605
v -605.5463 0 191.3755
v -607.5677 0 189.3008
v -605.3599 0 191.2809
v -605.7338 0 191.4704
v -608.0947 0 190.2717
v -550.4545 0 160.0172
v -549.4268 0 162.8357
v -608.0947 0 190.2717
v -605.923 0 191.5663
v -608.2734 0 191.3734
v -605.7338 0 191.4704
v -606.1102 0 191.6613
v -608.0807 0 192.4612
v -606.2966 0 191.7558
v -607.493 0 193.3905
v -600.8137 0 197.3
v -602.2357 0 198.7064
v -527.72 0 271.2117
v -529.142 0 272.618
v -527.4326 0 271.5023
v -528.2413 0 273.2338
v -527.2886 0 271.6479
v -527.0936 0 271.5855
v -527.1785 0 273.4946
v -553.7949 0 150.8569
v -607.7739 0 179.8917
v -608.4443 0 178.5502
v -553.2808 0 152.2667
v 374.5431 0 180.1779
v 373.7421 0 178.3323
v 375.3302 0 179.4858
v 373.5522 0 178.4406
v 373.5565 0 178.1263
v 375.8178 0 178.5534
v 373.3888 0 177.9402
v 375.9865 0 177.5057
v 373.2224 0 177.7557
v 375.8156 0 176.4675
v 179.3864 0 291.4834
v 178.3955 0 289.7461
v 173.6463 0 294.7571
v 172.6555 0 293.0199
v 172.6318 0 295.1052
v 172.3081 0 293.218
v 384.7643 0 188.1629
v 382.0349 0 189.4328
v 383.9886 0 187.3036
v 382.1584 0 189.6492
v 381.9106 0 189.2149
v 382.9377 0 186.8004
v 409.4568 0 231.4575
v 406.8509 0 232.9438
v 409.7872 0 232.4003
v 406.9777 0 233.166
v 409.7896 0 233.4032
v 407.1049 0 233.3892
v 409.4811 0 234.3576
v 407.2323 0 233.6124
v 382.9377 0 186.8004
v 381.7863 0 188.997
v 381.7772 0 186.6985
v 381.9106 0 189.2149
v 381.6628 0 188.7805
v 380.672 0 187.0432
v 379.9928 0 189.733
v 379.002 0 187.9957
v 184.836 0 301.0386
v 183.8451 0 299.3013
v 184.3241 0 301.3306
v 183.0079 0 300.0721
v 183.8094 0 301.6241
v 182.5397 0 301.1158
v 396.2872 0 169.9044
v 398.8638 0 170.4963
v 396.1237 0 171.1811
v 398.6193 0 170.0676
v 399.1082 0 170.9249
v 396.5023 0 172.4112
v 403.006 0 177.759
v 400.4 0 179.2453
v 427.6252 0 221.0954
v 425.0376 0 222.5712
v 430.6099 0 226.3286
v 428.0222 0 227.8044
v 430.7859 0 226.6372
v 435.1561 0 241.7807
v 432.2939 0 242.6067
v 450.9897 0 297.8658
v 448.1168 0 298.7293
v 448.6212 0 299.6219
v 449.4308 0 300.2233
v 450.4247 0 300.5319
v 385.5735 0 160.0926
v 387.9872 0 158.2896
v 386.3776 0 160.6849
v 387.8021 0 158.0841
v 388.1721 0 158.4947
v 387.3397 0 160.9464
v 388.3602 0 158.7033
v 388.3526 0 160.8982
v 388.5609 0 158.9261
v 389.3091 0 160.5611
v 388.6483 0 158.6844
v 390.1017 0 159.9563
v 388.7425 0 158.4243
v 390.6232 0 159.1047
v 344.4281 0 114.4394
v 346.6566 0 112.4309
v 339.194 0 123.1954
v 377.4369 0 163.3873
v 376.3225 0 164.3915
v 340.3083 0 122.1911
v -355.0302 0 78.1922
v -344.7046 0 70.9784
v -343.6216 0 73.7762
v -356.1132 0 75.3945
v -342.5865 0 73.0974
v -341.9073 0 72.0625
v -448.9729 0 114.5785
v -450.0531 0 111.7876
v -470.281 0 122.8264
v -471.1669 0 119.9602
v -486.1887 0 126.5548
v -486.8716 0 123.6411
v -344.4497 0 97.7795
v -347.4497 0 97.7762
v -344.7 0 96.6763
v -345.3651 0 95.7542
v -344.5554 0 195.0718
v -347.5554 0 195.0686
v -344.7745 0 196.0832
v -345.3582 0 196.9353
v -346.1989 0 197.5697
v -347.1891 0 197.9283
v -345.3651 0 95.7542
v -347.4497 0 97.7762
v -346.3135 0 95.1035
v -347.4133 0 94.8148
v -348.5327 0 94.9785
v -441.4001 0 134.1424
v -442.483 0 131.3446
v -443.3622 0 131.9303
v -443.9443 0 132.8089
v -444.2159 0 133.8506
v -322.6089 0 88.6516
v -323.4417 0 90.4926
v -323.6896 0 88.576
v -323.1649 0 90.5728
v -323.442 0 90.7347
v -324.7253 0 88.91
v -323.4422 0 91.003
v -325.6042 0 89.5698
v -323.4427 0 91.2688
v -326.214 0 90.4711
v -323.4428 0 91.5333
v -326.4428 0 91.5301
v -323.4497 0 97.8024
v -326.4496 0 97.7991
v -323.5555 0 195.0947
v -326.5555 0 195.0914
v -323.5653 0 204.1864
v -326.5653 0 204.1831
v -326.3878 0 205.1393
v -325.9019 0 205.9854
v -325.1816 0 206.6527
v -324.3011 0 207.0729
v -323.3343 0 207.1775
v -262.7479 0 199.4869
v -262.5168 0 202.478
v -259.3268 0 199.2225
v -259.0956 0 202.2137
v -259.0829 0 199.2037
v -258.0582 0 201.9204
v -258.8378 0 199.1848
v -257.1873 0 201.2756
v -258.5928 0 199.1659
v -256.5789 0 200.3789
v -258.3234 0 199.145
v -256.3286 0 199.3302
v -256.3246 0 199.2168
v -258.2664 0 197.5573
v -256.2676 0 197.629
v -255.2954 0 114.802
v -253.2967 0 114.8737
v -255.1604 0 111.041
v -253.1617 0 111.1127
v -255.1464 0 110.6519
v -253.301 0 110.1393
v -255.1324 0 110.2614
v -253.7491 0 109.26
v -255.5078 0 110.1527
v -254.4446 0 108.5596
v -255.8819 0 110.0445
v -255.3259 0 108.1233
v -299.9919 0 -13.2586
v -330.5435 0 69.7222
v -331.9422 0 69.1801
v -298.5934 0 -12.7165
v 624.5419 0 -149.5016
v 627.1387 0 -144.9898
v 624.1514 0 -145.2652
v 627.5292 0 -149.2262
v 632.0552 0 -230.9985
v 635.0425 0 -230.7231
v 636.9861 0 -284.6185
v 639.9836 0 -284.5001
v 635.4645 0 -396.7509
v 638.4377 0 -396.7895
v 635.2233 0 -415.3637
v 638.1913 0 -415.8006
v 597.6216 0 -148.6813
v 603.5386 0 -150.4324
v 603.5035 0 -148.4321
v 597.7064 0 -150.6795
v 540.0801 0 -151.1189
v 540.1647 0 -153.1171
v 603.5035 0 -148.4321
v 603.5615 0 -150.681
v 604.6111 0 -148.6175
v 603.5386 0 -150.4324
v 603.5845 0 -150.931
v 605.5779 0 -149.2015
v 603.6075 0 -151.1809
v 606.2859 0 -150.0813
v 603.6304 0 -151.4295
v 606.618 0 -151.1541
v 611.1437 0 -232.9263
v 614.1312 0 -232.6509
v 616.0024 0 -285.4474
v 619.0001 0 -285.329
v 614.5457 0 -396.4796
v 617.5455 0 -396.5186
v 614.5416 0 -396.7958
v 617.3077 0 -397.539
v 614.5375 0 -397.1112
v 616.6984 0 -398.3883
v 614.5333 0 -397.4333
v 615.8303 0 -399.009
v 614.53 0 -397.6954
v 614.817 0 -399.3437
v 614.2239 0 -397.4779
v 613.7715 0 -399.3347
v 593.8008 0 -105.7612
v 605.3165 0 -128.4337
v 606.6138 0 -127.6769
v 592.5068 0 -106.5161
v -349.1889 0 197.5847
v -347.5554 0 195.0686
v -348.2216 0 197.9527
v -347.1891 0 197.9283
v -443.0338 0 136.6586
v -441.4001 0 134.1424
v -443.774 0 135.9051
v -444.1636 0 134.9259
v -444.2159 0 133.8506
v -345.7801 0 225.6036
v -348.4724 0 223.0874
v -345.4985 0 223.4819
v -348.7541 0 225.209
v -358.6231 0 322.3933
v -361.5971 0 321.9987
v -359.0182 0 323.4544
v -361.6354 0 322.2874
v -345.4985 0 223.4819
v -348.4724 0 223.0874
v -345.5704 0 222.3675
v -346.0388 0 221.3502
v -346.839 0 220.5711
v -360.6241 0 215.1983
v -358.9904 0 212.6821
v -454.4688 0 154.2721
v -452.8352 0 151.7559
v -457.8188 0 152.0972
v -456.1852 0 149.5811
v -457.1044 0 149.2178
v -458.0913 0 149.2064
v -459.05 0 149.5013
v -459.885 0 150.0571
v -460.5005 0 150.8286
v -321.9475 0 225.124
v -324.9626 0 228.3659
v -325.1936 0 225.3748
v -321.7164 0 228.1151
v -326.1693 0 225.6351
v -327.0065 0 226.2066
v -327.6231 0 227.0114
v -261.1301 0 220.4245
v -260.8989 0 223.4156
v -260.116 0 220.5461
v -260.6641 0 223.3975
v -259.205 0 221.0158
v -260.4285 0 223.3793
v -258.4791 0 221.7505
v -260.1912 0 223.3609
v -258.0203 0 222.6671
v -259.9556 0 223.3427
v -327.6231 0 227.0114
v -324.9626 0 228.3659
v -327.9364 0 227.9713
v -337.8056 0 325.1555
v -340.7795 0 324.761
v -337.8409 0 325.4216
v -340.8148 0 325.027
v -337.8786 0 325.7054
v -340.7135 0 326.1461
v -337.9164 0 325.9907
v -340.183 0 327.1432
v -337.9547 0 326.2791
v -339.339 0 327.9126
v -336.2029 0 100.7885
v -334.8022 0 192.0824
v -336.3022 0 192.0808
v -334.7029 0 100.7901
v 404.0667 0 239.5686
v 407.3589 0 233.8347
v 408.8788 0 235.1546
v 402.7148 0 238.0947
v 407.2323 0 233.6124
v 409.4811 0 234.3576
v 271.9074 0 360.7948
v 270.5555 0 359.3209
v 265.937 0 366.2712
v 264.5851 0 364.7974
v 265.0466 0 366.8186
v 264.2719 0 365.0847
v 264.0175 0 367.0278
v 263.9572 0 365.3734
v 415.0607 0 247.5799
v 412.1041 0 248.1544
v 414.6053 0 246.7052
v 412.1783 0 248.4117
v 412.03 0 247.8975
v 413.8698 0 246.0506
v 411.9546 0 247.6364
v 412.9554 0 245.6444
v 411.8687 0 247.3387
v 411.9632 0 245.5151
v 430.9234 0 303.8981
v 428.0652 0 304.7573
v 441.6175 0 339.4712
v 438.6718 0 340.039
v 441.6445 0 339.7741
v 441.7566 0 341.0328
v 438.7838 0 341.2976
v 447.3987 0 404.8961
v 444.4108 0 405.1622
v 447.2614 0 405.9821
v 444.4347 0 405.4315
v 446.7222 0 406.9406
v 444.4587 0 405.7021
v 445.8896 0 407.676
v 444.4832 0 405.9755
v 444.8716 0 408.0925
v 444.5035 0 406.2054
v 411.9632 0 245.5151
v 411.6996 0 247.4938
v 410.9944 0 245.6912
v 411.8687 0 247.3387
v 411.5023 0 247.6748
v 410.1504 0 246.201
v 279.3432 0 368.901
v 277.9912 0 367.4272
v 279.142 0 369.1882
v 277.3873 0 368.2888
v 279.0672 0 369.5301
v 277.1628 0 369.3143
v 279.1075 0 369.8851
v 277.2841 0 370.3795
v 393.4142 0 186.6831
v 416.4131 0 224.0365
v 415.1121 0 224.7785
v 394.7193 0 185.9388
v -623.7028 0 209.2121
v -627.2443 0 278.2958
v -628.7432 0 278.3575
v -622.2065 0 209.3142
v 423.7708 0 248.1891
v 439.425 0 298.2105
v 437.9876 0 298.6418
v 425.2112 0 247.7726
v -150.1163 0 135.6348
v -149.3573 0 137.4746
v -149.3488 0 137.5527
v -149.1139 0 135.4836
v -149.2038 0 137.4815
v -149.3238 0 137.7844
v -151.0075 0 136.1256
v -149.2986 0 138.0179
v -151.7092 0 136.8728
v -149.2735 0 138.2496
v -152.1431 0 137.793
v -149.2486 0 138.4805
v -152.2312 0 138.8029
v -143.7672 0 189.5593
v -146.7403 0 189.8806
v -142.5412 0 200.904
v -145.4884 0 201.4643
v -140.173 0 209.5257
v -143.0566 0 210.3178
v -122.1171 0 275.1154
v -125.0099 0 275.91
v -121.2395 0 278.3101
v -124.1324 0 279.1047
v -121.1755 0 278.5433
v -123.7083 0 279.9916
v -121.1112 0 278.7774
v -123.0177 0 280.6965
v -121.0469 0 279.0115
v -122.1448 0 281.1566
v -120.9828 0 279.2447
v -121.1737 0 281.3094
v -120.9665 0 279.3043
v -120.9226 0 281.3039
v -119.5553 0 279.2733
v -119.5114 0 281.2729
v -68.63464 0 278.155
v -68.59074 0 280.1546
v -60.78455 0 277.9826
v -60.74065 0 279.9821
v -53.62244 0 277.8253
v -53.57854 0 279.8248
v -3.654845 0 276.7279
v -3.610945 0 278.7274
v -3.151745 0 276.7169
v -2.479745 0 278.4512
v -2.645345 0 276.7057
v -1.533945 0 277.7591
v -2.661345 0 276.1995
v -0.8934445 0 276.7776
v -2.677245 0 275.6965
v -0.6782446 0 275.6333
v -6.782845 0 145.9513
v -4.783845 0 145.888
v -6.819145 0 144.8018
v -4.820145 0 144.7385
v -6.833745 0 144.3401
v -5.077845 0 143.6651
v -6.848445 0 143.876
v -5.710645 0 142.7531
v -7.312345 0 143.8551
v -6.614045 0 142.1083
v -7.773845 0 143.8344
v -7.684045 0 141.8364
v -10.25414 0 143.723
v -10.16434 0 141.725
v -170.127 0 140.7369
v -173.7813 0 134.8455
v -170.7986 0 134.5231
v -173.1097 0 141.0592
v -173.8158 0 134.5251
v -171.16 0 133.411
v -173.8506 0 134.2036
v -171.9146 0 132.5123
v -173.8852 0 133.8832
v -172.9473 0 131.9637
v -173.8973 0 133.7708
v -173.3413 0 131.8497
v -177.7287 0 132.662
v -177.1729 0 130.7408
v -164.6074 0 191.8116
v -167.59 0 192.1339
v -164.6744 0 192.7551
v -165.0423 0 193.6295
v -165.6518 0 194.3635
v -166.4438 0 194.8858
v -167.3589 0 195.125
v -244.0443 0 201.0506
v -244.2753 0 198.0595
v -245.0299 0 200.9395
v -244.4979 0 198.0767
v -245.9229 0 200.5
v -244.7212 0 198.0939
v -246.6458 0 199.8062
v -244.946 0 198.1113
v -247.1218 0 198.9321
v -245.1693 0 198.1286
v -245.2788 0 198.1371
v -247.2734 0 197.9519
v -245.2747 0 198.0237
v -244.3026 0 115.1966
v -242.3038 0 115.2683
v -244.0464 0 114.1632
v -242.2855 0 114.7581
v -243.4276 0 113.2913
v -242.2672 0 114.2458
v -242.5537 0 112.6587
v -242.2578 0 113.9873
v -242.0094 0 114.0592
v -241.5322 0 112.3431
v -241.5169 0 114.2017
v -240.4706 0 112.4225
v -241.0266 0 114.3436
v -613.2761 0 363.9736
v -615.8654 0 360.8031
v -614.3834 0 360.5715
v -614.6105 0 364.6588
v -606.2324 0 359.298
v -603.2682 0 358.835
v -605.9371 0 360.2052
v -558.9401 0 445.1614
v -561.6088 0 446.5319
v -561.0527 0 447.2896
v -560.291 0 447.8401
v -504.8239 0 472.4524
v -506.1748 0 475.1311
v -505.1405 0 475.427
v -504.065 0 475.3459
v -503.0869 0 474.8982
v -479.69 0 454.6016
v -477.9529 0 457.0474
v -449.7505 0 433.4508
v -448.0164 0 435.8988
v -417.3002 0 410.4638
v -415.5663 0 412.9119
v -417.0726 0 410.3026
v -414.8824 0 412.1796
v -416.8453 0 410.1416
v -414.5112 0 411.2507
v -416.6141 0 409.9778
v -414.4439 0 410.2352
v -416.3716 0 409.806
v -414.6719 0 409.2434
v -416.6091 0 409.6893
v -415.1862 0 408.3854
v -416.8596 0 409.5663
v -415.9778 0 407.7712
v -531.9882 0 353.0137
v -531.1071 0 351.2199
v -536.2886 0 350.9016
v -535.4756 0 349.0742
v -545.6198 0 347.1685
v -544.8773 0 345.313
v -608.5054 0 322.0153
v -607.7626 0 320.1584
v -608.7758 0 321.907
v -608.7654 0 319.9832
v -609.0563 0 321.7948
v -609.7603 0 320.1912
v -609.0123 0 322.0761
v -610.6561 0 320.71
v -387.0782 0 410.8919
v -386.5948 0 415.8069
v -389.1447 0 414.2264
v -384.5283 0 412.4724
v -389.1553 0 419.9383
v -392.0002 0 417.2632
v -393.1216 0 422.7478
v -394.8557 0 420.2998
v -403.4275 0 430.0482
v -405.1614 0 427.6002
v -435.8777 0 453.035
v -437.6116 0 450.587
v -465.7928 0 474.169
v -467.5299 0 471.723
v -468.2142 0 472.4865
v -468.5251 0 473.4458
v -468.4998 0 474.4863
v -468.1747 0 475.4935
v -348.0034 0 347.8449
v -343.0363 0 339.8306
v -345.4533 0 349.4253
v -340.4862 0 341.411
v -342.2279 0 338.9723
v -340.2253 0 340.99
v -341.1537 0 338.4862
v -339.9644 0 340.5689
v -340.1909 0 338.2664
v -339.7458 0 340.2162
v -412.01 0 399.693
v -405.4572 0 400.6832
v -406.2505 0 402.5218
v -411.1284 0 397.8978
v -405.3253 0 400.4703
v -405.1974 0 402.7975
v -405.1927 0 400.2562
v -404.1096 0 402.6778
v -405.0599 0 400.0421
v -403.1242 0 402.202
v -404.9279 0 399.8292
v -402.3779 0 401.4095
v -527.1407 0 343.1446
v -526.259 0 341.3495
v -528.0632 0 342.4235
v -526.6606 0 341.1523
v -528.65 0 341.4055
v -526.8621 0 341.0533
v -526.8466 0 340.8295
v -365.8531 0 336.7821
v -363.3031 0 338.3625
v -365.748 0 336.6124
v -362.9539 0 337.4714
v -365.6425 0 336.4422
v -362.9135 0 336.5122
v -365.5363 0 336.271
v -363.1581 0 335.5779
v -365.4308 0 336.1008
v -363.6629 0 334.7613
v -365.3257 0 335.9311
v -364.4039 0 334.1554
v -368.3604 0 334.2567
v -367.3941 0 332.5056
v -476.2979 0 274.7027
v -475.3318 0 272.9515
v -476.6629 0 274.5013
v -475.6967 0 272.7502
v -482.4789 0 271.2924
v -481.5126 0 269.5412
v -482.8561 0 271.0842
v -482.6708 0 269.1857
v -160.3858 0 215.0777
v -163.2787 0 215.8723
v -160.8347 0 214.1588
v -161.5694 0 213.4412
v -162.4932 0 212.9927
v -163.5098 0 212.8813
v -165.741 0 216.0626
v -165.9722 0 213.0715
v -142.3671 0 280.6776
v -145.2598 0 281.4722
v -142.2834 0 281.6271
v -145.207 0 281.6646
v -142.5129 0 282.5553
v -145.1539 0 281.8577
v -143.0067 0 283.3806
v -145.1006 0 282.0519
v -143.7161 0 284.0216
v -145.0476 0 282.245
v -144.9948 0 282.4374
v -144.5924 0 284.3969
v -145.8088 0 284.6746
v -146.2538 0 282.7247
v -252.5571 0 309.0358
v -253.002 0 307.0859
v -253.6581 0 309.0447
v -253.5358 0 307.2077
v -254.685 0 308.6332
v -254.0721 0 307.3301
v -255.5268 0 307.8982
v -254.3429 0 307.3919
v -254.3182 0 307.1152
v -256.0731 0 306.9362
v -254.2693 0 306.5674
v -256.2127 0 305.8441
v -254.2206 0 306.0221
v -248.9464 0 224.483
v -246.9544 0 224.6609
v -248.7375 0 222.144
v -246.7455 0 222.3219
v -248.7226 0 221.977
v -246.7065 0 222.3189
v -248.4359 0 220.9769
v -246.4639 0 222.3002
v -247.8219 0 220.1313
v -246.2204 0 222.2814
v -246.9691 0 219.5275
v -245.9769 0 222.2626
v -245.9656 0 219.2527
v -245.7345 0 222.2438
v -242.6574 0 218.9971
v -242.4263 0 221.9882
v -161.6039 0 142.8332
v -155.2502 0 187.7828
v -156.7405 0 187.9439
v -160.1115 0 142.672
v -140.1415 0 296.2483
v -143.1489 0 296.1346
v -140.3869 0 295.2477
v -143.1389 0 296.3738
v -143.159 0 295.8946
v -140.9715 0 294.3947
v -143.1691 0 295.6526
v -141.7997 0 293.762
v -143.1814 0 295.3578
v -142.7766 0 293.4225
v -136.0909 0 392.9956
v -139.0883 0 393.1211
v -135.9675 0 395.9409
v -138.965 0 396.0664
v -136.0853 0 396.8689
v -138.9548 0 396.3076
v -136.4843 0 397.7183
v -138.9447 0 396.5497
v -137.1142 0 398.4139
v -138.9346 0 396.7917
v -137.9251 0 398.8803
v -138.9245 0 397.033
v -142.7766 0 293.4225
v -143.3615 0 295.3989
v -143.8064 0 293.449
v -143.1814 0 295.3578
v -250.1096 0 319.7601
v -250.5546 0 317.8102
v -253.7596 0 320.593
v -254.2047 0 318.6432
v -254.1857 0 320.6902
v -255.177 0 319.0772
v -254.6138 0 320.788
v -255.9398 0 319.8275
v -254.5732 0 321.2253
v -256.4149 0 320.7861
v -254.5329 0 321.6604
v -256.5244 0 321.8453
v -254.349 0 323.6405
v -256.3405 0 323.8254
v -244.0461 0 434.6206
v -246.0376 0 434.8055
v -243.998 0 435.1371
v -245.7186 0 435.83
v -243.95 0 435.6559
v -245.0414 0 436.6684
v -243.9256 0 435.9177
v -243.679 0 435.8265
v -244.1209 0 437.2482
v -119.2897 0 292.2706
v -120.4514 0 290.5503
v -119.3137 0 290.2706
v -119.2793 0 292.5196
v -119.2688 0 292.7703
v -121.4002 0 291.2507
v -119.2583 0 293.0209
v -122.0386 0 292.2422
v -119.2478 0 293.2699
v -122.2452 0 293.3954
v -119.1599 0 295.3698
v -122.1573 0 295.4953
v -115.1092 0 392.1171
v -118.1066 0 392.2426
v -115.0989 0 392.3639
v -117.8275 0 393.3329
v -115.0885 0 392.6121
v -117.1614 0 394.2482
v -115.0781 0 392.8604
v -116.2216 0 394.8793
v -115.0674 0 393.1172
v -115.1214 0 395.117
v -115.0755 0 395.1172
v -114.5341 0 393.1194
v -114.5423 0 395.1194
v -70.72424 0 393.2977
v -70.73235 0 395.2977
v -70.23555 0 393.2997
v -69.61334 0 395.0606
v -69.74384 0 393.3017
v -68.65955 0 394.4167
v -69.73204 0 392.8101
v -67.98924 0 393.4812
v -69.72044 0 392.3215
v -67.72105 0 392.3693
v -69.71335 0 392.0242
v -67.71384 0 392.072
v -67.32755 0 292.1756
v -65.32805 0 292.2234
v -67.31754 0 291.7582
v -65.47704 0 291.2806
v -67.30754 0 291.3396
v -65.92525 0 290.4347
v -67.30254 0 291.129
v -67.51315 0 291.1337
v -66.60555 0 289.7531
v -67.93175 0 291.1429
v -67.45065 0 289.3032
v -68.34914 0 291.152
v -68.39304 0 289.1524
v -151.6487 0 215.7889
v -133.7599 0 275.2023
v -135.2074 0 275.5999
v -150.2033 0 215.3919
v -465.6523 0 495.1682
v -500.7937 0 498.4034
v -500.8138 0 495.4035
v -465.6322 0 498.1682
v -366.2343 0 494.3334
v -366.2105 0 497.3333
v -364.718 0 494.3214
v -364.6942 0 497.3214
v -361.8936 0 494.2991
v -361.8698 0 497.299
v -360.3865 0 494.6913
v -500.8138 0 495.4035
v -506.5877 0 498.4421
v -505.612 0 494.279
v -500.7937 0 498.4034
v -511.7611 0 495.8332
v -510.4102 0 493.1545
v -515.6309 0 493.8817
v -514.2799 0 491.203
v -569.7471 0 466.5907
v -568.3961 0 463.912
v -468.1747 0 475.4935
v -465.7928 0 474.169
v -467.5872 0 476.3527
v -466.7742 0 476.9493
v -465.7727 0 477.1689
v -366.3994 0 473.5132
v -366.3759 0 476.4684
v -364.9948 0 473.8529
v -364.8596 0 476.4564
v -363.4001 0 474.2386
v -362.7214 0 474.5922
v -362.4055 0 477.0498
v -360.4805 0 475.7599
v -360.0168 0 478.2946
v -358.2046 0 476.7608
v -357.6667 0 479.328
v -357.6082 0 477.023
v -356.0316 0 476.9957
v -355.3289 0 479.2875
v -354.7507 0 476.9735
v -354.0678 0 478.8215
v -340.3249 0 471.6428
v -339.6419 0 473.4908
v -257.2686 0 440.8483
v -256.5753 0 442.7243
v -256.9091 0 440.7155
v -255.7363 0 442.2332
v -256.5485 0 440.5822
v -255.0961 0 441.497
v -256.584 0 440.1993
v -254.7086 0 440.6017
v -256.6194 0 439.8178
v -254.6281 0 439.6329
v -256.9904 0 435.8223
v -254.9989 0 435.6374
v -267.2935 0 324.8423
v -265.3019 0 324.6574
v -267.3354 0 324.3893
v -265.5833 0 323.6954
v -267.3777 0 323.9348
v -266.1787 0 322.8849
v -267.399 0 323.7059
v -267.623 0 323.757
v -266.9991 0 322.2906
v -268.0681 0 323.8586
v -267.9548 0 321.9774
v -268.5117 0 323.9598
v -268.9566 0 322.0099
v -334.726 0 339.0706
v -335.171 0 337.1208
v -339.7458 0 340.2162
v -340.1909 0 338.2664
v 443.7769 0 408.0946
v 444.5035 0 406.2054
v 444.8716 0 408.0925
v 444.1993 0 406.1397
v 279.3855 0 372.5703
v 279.808 0 370.6154
v 278.429 0 372.1317
v 279.4892 0 370.4691
v 277.7175 0 371.36
v 279.252 0 370.2119
v 277.2841 0 370.3795
v 279.1075 0 369.8851
v 445.5573 0 421.2394
v 442.8459 0 419.9344
v 445.7349 0 420.2383
v 442.7613 0 420.152
v 442.931 0 419.7159
v 445.5528 0 419.2342
v 443.0165 0 419.4958
v 445.0656 0 418.3286
v 443.1014 0 419.2773
v 444.3282 0 417.6233
v 423.683 0 477.6669
v 421.0403 0 476.2473
v 385.9908 0 530.9156
v 383.5405 0 529.1848
v 444.3282 0 417.6233
v 442.9724 0 419.1746
v 443.395 0 417.2197
v 443.1284 0 419.2083
v 443.1014 0 419.2773
v 441.4536 0 418.8464
v 441.8761 0 416.8915
v 277.062 0 383.3221
v 277.4845 0 381.3672
v 272.441 0 382.3235
v 272.8635 0 380.3687
v 271.9341 0 382.2141
v 271.7906 0 380.3647
v 271.4251 0 382.104
v 270.7876 0 380.7582
v 271.1684 0 382.0485
v 271.181 0 382.311
v 269.9579 0 381.4613
v 271.206 0 382.8311
v 269.4052 0 382.3863
v 271.2309 0 383.3491
v 269.2332 0 383.4452
v 465.3277 0 403.299
v 469.0949 0 411.7784
v 466.1068 0 412.0446
v 468.3159 0 403.0328
v 459.6393 0 339.4399
v 462.6276 0 339.1737
v 466.1068 0 412.0446
v 469.5933 0 417.3727
v 465.4341 0 416.7822
v 469.0949 0 411.7784
v 467.5575 0 422.6072
v 464.7614 0 421.5197
v 465.129 0 428.8513
v 462.3331 0 427.7639
v 442.183 0 487.6044
v 439.5402 0 486.1848
v 403.1432 0 543.0313
v 400.6927 0 541.3004
v 450.2169 0 343.2911
v 456.8461 0 401.0427
v 455.3503 0 401.1759
v 451.7093 0 343.1581
v 376.2493 0 -136.3857
v 379.2067 0 -136.9672
v 376.8048 0 -135.4021
v 379.1237 0 -137.2448
v 379.2901 0 -136.6882
v 377.7052 0 -134.7101
v 379.3745 0 -136.4059
v 378.7985 0 -134.3584
v 357.7623 0 -198.2404
v 360.6366 0 -199.0995
v 355.7628 0 -204.93
v 358.6373 0 -205.7891
v 349.8568 0 -224.6908
v 352.7311 0 -225.5498
v 341.6111 0 -252.2796
v 344.4854 0 -253.1387
v 341.5248 0 -253.4341
v 344.4141 0 -253.3774
v 341.8864 0 -254.5416
v 344.3423 0 -253.6177
v 342.614 0 -255.4515
v 344.2704 0 -253.858
v 378.7985 0 -134.3584
v 379.5059 0 -136.2764
v 379.9333 0 -134.3958
v 379.4305 0 -136.2181
v 379.3745 0 -136.4059
v 379.7352 0 -136.4535
v 380.9582 0 -134.8711
v 488.4547 0 -220.4747
v 489.6776 0 -218.8921
v 490.728 0 -222.2315
v 491.951 0 -220.649
v 491.0645 0 -222.4916
v 492.6418 0 -221.4341
v 491.4027 0 -222.753
v 493.0226 0 -222.4132
v 491.1981 0 -223.1281
v 493.0673 0 -223.4628
v 490.9944 0 -223.5016
v 492.7502 0 -224.4594
v 456.7338 0 -286.3092
v 458.4896 0 -287.267
v 456.455 0 -286.8204
v 458.2107 0 -287.7782
v 456.2614 0 -287.1754
v 457.5735 0 -288.5615
v 456.0669 0 -287.5317
v 456.7087 0 -289.091
v 455.6779 0 -287.4155
v 455.722 0 -289.3235
v 455.2906 0 -287.2997
v 454.718 0 -289.2159
v 356.2804 0 -121.0475
v 358.0846 0 -123.8279
v 358.8191 0 -121.9666
v 355.5995 0 -122.9281
v 358.0131 0 -124.0671
v 359.7693 0 -122.5551
v 245.2327 0 -80.842
v 244.5518 0 -82.7225
v 378.6442 0 -54.2298
v 371.8555 0 -107.8808
v 373.3483 0 -108.0278
v 377.1514 0 -54.0828
v -570.2822 0 450.9855
v -566.8622 0 453.1416
v -567.9188 0 454.2058
v -568.9478 0 450.3003
v -567.9188 0 454.2058
v -564.0059 0 455.2063
v -564.6813 0 456.5458
v -566.8622 0 453.1416
v -614.6105 0 364.6588
v -568.9478 0 450.3003
v -570.2822 0 450.9855
v -613.2761 0 363.9736
v 452.1605 0 427.0217
v 432.2724 0 482.2808
v 430.9509 0 481.5709
v 453.555 0 427.5735
v -110.3311 0 -261.7851
v -112.7682 0 -260.0356
v -111.2171 0 -262.5993
v -85.25755 0 -226.888
v -87.68964 0 -225.1421
v -81.27065 0 -221.3342
v -83.81415 0 -219.7434
v -73.50204 0 -206.9503
v -76.13634 0 -205.5276
v -46.00304 0 -155.9962
v -48.64264 0 -154.5705
v -43.45884 0 -151.2855
v -46.09855 0 -149.8599
v -43.15194 0 -150.4171
v -45.86584 0 -149.4291
v -43.12054 0 -149.4965
v -45.63314 0 -148.9982
v -43.29144 0 -148.0961
v -45.27674 0 -148.3383
v -111.2171 0 -262.5993
v -112.7682 0 -260.0356
v -112.3495 0 -263.0062
v -116.121 0 -260.5081
v -115.7023 0 -263.4787
v -192.4592 0 -271.2667
v -192.0405 0 -274.2374
v -193.1084 0 -274.164
v -194.0786 0 -273.7012
v -194.8548 0 -272.9431
v -195.3403 0 -271.9841
v -195.4388 0 -270.9182
v -186.2676 0 -218.1671
v -189.2228 0 -217.6507
v -167.9791 0 -140.0018
v -170.9005 0 -139.3191
v -166.9942 0 -135.7879
v -169.9155 0 -135.1052
v -166.9208 0 -135.4737
v -169.4431 0 -134.0735
v -166.8471 0 -135.1586
v -168.6249 0 -133.2825
v -166.7737 0 -134.8444
v -167.5779 0 -132.8453
v -166.7444 0 -134.7189
v -167.1335 0 -132.7571
v -161.5923 0 -133.697
v -161.9816 0 -131.7352
v -50.82624 0 -111.7261
v -51.21534 0 -109.7643
v -50.40485 0 -111.6425
v -50.24495 0 -109.7532
v -49.98214 0 -111.5587
v -49.32254 0 -110.0642
v -49.76944 0 -111.5165
v -49.74324 0 -111.7317
v -48.52914 0 -110.6388
v -49.69104 0 -112.1595
v -47.94585 0 -111.4182
v -49.63905 0 -112.5859
v -47.65374 0 -112.3436
v -45.27674 0 -148.3383
v -43.29144 0 -148.0961
v -100.8845 0 -281.9698
v -98.53694 0 -281.3659
v -100.9556 0 -280.7357
v -98.88785 0 -281.8548
v -98.24874 0 -280.9645
v -100.8399 0 -279.7273
v -97.96065 0 -280.5631
v -100.3976 0 -278.8137
v -93.27164 0 -274.0313
v -95.70875 0 -272.2819
v -68.21284 0 -239.1237
v -70.64995 0 -237.3743
v -113.1903 0 -281.3026
v -112.5572 0 -284.2431
v -112.2164 0 -281.3468
v -112.7716 0 -284.2733
v -112.3421 0 -284.2127
v -111.3095 0 -281.7131
v -112.1257 0 -284.1823
v -110.5483 0 -282.3371
v -111.9106 0 -284.1519
v -110.0111 0 -283.1544
v -111.7781 0 -284.1332
v -111.7733 0 -284.2158
v -109.7766 0 -284.1007
v -189.5285 0 -292.0612
v -189.1098 0 -295.0319
v -198.3828 0 -293.3091
v -197.9641 0 -296.2798
v -199.4225 0 -293.6817
v -198.2074 0 -296.3141
v -200.2608 0 -294.41
v -198.4522 0 -296.3485
v -200.8039 0 -295.3786
v -198.6969 0 -296.3831
v -200.9578 0 -296.4724
v -198.9571 0 -296.4197
v -200.953 0 -296.5481
v -200.9464 0 -296.6519
v -198.9504 0 -296.5235
v -192.851 0 -422.4965
v -190.8551 0 -422.3681
v -192.6407 0 -425.7662
v -190.6449 0 -425.6378
v -192.4052 0 -426.7006
v -190.6176 0 -426.0613
v -191.8745 0 -427.5085
v -190.5902 0 -426.4861
v -191.1245 0 -428.1276
v -190.5765 0 -426.6998
v -190.364 0 -426.6728
v -190.2307 0 -428.4955
v -189.9417 0 -426.6191
v -189.2685 0 -428.5496
v -189.5208 0 -426.5656
v -105.8969 0 -417.9506
v -106.1491 0 -415.9666
v -104.87 0 -417.8201
v -105.1222 0 -415.8361
v -103.8211 0 -417.4589
v -104.6605 0 -415.7774
v -102.9711 0 -416.7365
v -104.1963 0 -415.7184
v -102.4165 0 -415.7687
v -104.2232 0 -415.2512
v -102.2533 0 -414.6714
v -104.25 0 -414.7865
v -216.5663 0 -294.4766
v -212.9215 0 -297.4222
v -212.9665 0 -294.4225
v -216.5213 0 -297.4763
v -212.6747 0 -297.4185
v -211.8642 0 -294.6382
v -212.4264 0 -297.4148
v -210.9138 0 -295.2487
v -212.1781 0 -297.4111
v -210.23 0 -296.1479
v -211.9204 0 -297.4072
v -209.9277 0 -297.2296
v -209.9247 0 -297.2789
v -203.8283 0 -423.2027
v -201.8324 0 -423.0743
v -203.7963 0 -423.7001
v -201.9538 0 -424.0237
v -203.7643 0 -424.1968
v -202.3927 0 -424.8729
v -203.7319 0 -424.7008
v -203.0733 0 -425.5637
v -204.2094 0 -424.5365
v -203.9191 0 -426.0379
v -204.6801 0 -424.3747
v -204.8541 0 -426.2374
v -205.1514 0 -424.2126
v -205.8019 0 -426.1039
v -286.8643 0 -396.1113
v -287.5146 0 -398.0027
v -293.6848 0 -393.7657
v -294.3351 0 -395.6571
v -294.0807 0 -393.6295
v -295.2969 0 -395.0977
v -294.2794 0 -393.5613
v -294.3038 0 -393.3528
v -295.9969 0 -394.2289
v -294.3528 0 -392.9368
v -296.3391 0 -393.1702
v -294.9703 0 -387.6814
v -296.9566 0 -387.9148
v -305.4019 0 -298.9119
v -307.3882 0 -299.1454
v -305.4138 0 -298.8103
v -307.3184 0 -298.1621
v -305.2953 0 -298.8085
v -305.0739 0 -298.8052
v -306.9207 0 -297.2565
v -304.851 0 -298.8018
v -306.2646 0 -296.5075
v -304.6295 0 -298.7985
v -305.4193 0 -295.9942
v -304.4086 0 -298.7952
v -304.4536 0 -295.7956
v -213.3169 0 -268.8271
v -216.8815 0 -273.479
v -213.9017 0 -273.8275
v -216.2966 0 -268.4785
v -214.2286 0 -274.8412
v -214.8926 0 -275.6805
v -215.7948 0 -276.2561
v -216.8364 0 -276.4786
v -206.9541 0 -214.5519
v -209.9093 0 -214.0354
v -188.428 0 -135.2225
v -191.3493 0 -134.5398
v -188.407 0 -134.0872
v -191.2925 0 -134.2969
v -188.813 0 -133.0194
v -191.2354 0 -134.0526
v -189.5633 0 -132.158
v -191.1783 0 -133.8083
v -190.5746 0 -131.6415
v -191.1216 0 -133.5655
v -191.6628 0 -131.3506
v -192.1794 0 -133.2828
v -330.0486 0 -94.3597
v -330.565 0 -96.2918
v -336.3195 0 -92.6835
v -336.8359 0 -94.6156
v -337.1104 0 -92.472
v -337.0849 0 -94.7947
v -117.3123 0 -273.552
v -187.9185 0 -281.988
v -187.7092 0 -283.4733
v -117.5216 0 -272.0667
v -142.6265 0 400.6176
v -138.9211 0 397.1162
v -138.2278 0 398.9922
v -143.3197 0 398.7416
v -138.9245 0 397.033
v -137.9251 0 398.8803
v -242.0105 0 437.3422
v -242.7038 0 435.4662
v -243.0723 0 437.4969
v -243.1903 0 435.646
v -244.1209 0 437.2482
v -243.679 0 435.8265
v -135.4682 0 411.7896
v -138.4748 0 411.5965
v -135.738 0 410.7153
v -138.467 0 411.8737
v -138.4827 0 411.318
v -136.401 0 409.8213
v -138.4905 0 411.0365
v -137.3328 0 409.1914
v -138.4967 0 410.8186
v -138.4095 0 408.9096
v -134.3069 0 453.1612
v -137.3057 0 453.2453
v -134.2102 0 456.6057
v -137.209 0 456.6898
v -134.3405 0 457.5626
v -137.1953 0 457.1819
v -134.7651 0 458.4298
v -137.1814 0 457.6739
v -135.5332 0 459.5086
v -137.1626 0 458.3487
v -138.4095 0 408.9096
v -138.8138 0 410.9357
v -139.5069 0 409.0597
v -138.4967 0 410.8186
v -238.1977 0 447.6603
v -238.8909 0 445.7843
v -247.362 0 451.0468
v -248.0553 0 449.1707
v -252.7625 0 453.0424
v -253.4558 0 451.1663
v -335.8525 0 483.7459
v -336.5457 0 481.8699
v -336.1863 0 483.8693
v -337.4543 0 482.4666
v -336.5193 0 483.9923
v -338.0443 0 483.3757
v -115.5112 0 404.2839
v -114.6191 0 406.1192
v -114.6142 0 406.2929
v -114.5789 0 404.1194
v -114.587 0 406.1193
v -114.6085 0 406.4993
v -116.3434 0 404.7412
v -114.6026 0 406.707
v -117.0106 0 405.4245
v -114.5968 0 406.9135
v -117.4477 0 406.2674
v -114.591 0 407.1193
v -117.5899 0 407.2035
v -114.4765 0 411.2003
v -117.4753 0 411.2845
v -113.3152 0 452.5719
v -116.314 0 452.6561
v -112.52 0 480.8986
v -115.5188 0 480.9828
v -111.8101 0 506.1883
v -114.8089 0 506.2724
v -111.8042 0 506.3958
v -114.6125 0 507.2033
v -111.7984 0 506.6039
v -114.1241 0 508.0231
v -111.7925 0 506.8134
v -113.4135 0 508.6682
v -111.7867 0 507.0215
v -112.5506 0 509.0754
v -111.782 0 507.1887
v -111.7418 0 507.186
v -111.6051 0 509.1813
v -111.1543 0 507.1457
v -111.0176 0 509.141
v -17.65464 0 500.7414
v -17.51794 0 502.7367
v -14.87774 0 500.5511
v -14.74104 0 502.5465
v -14.46815 0 500.5231
v -13.75315 0 502.2897
v -14.05674 0 500.4949
v -12.90514 0 501.7141
v -14.00525 0 500.0859
v -12.28214 0 500.9001
v -13.95395 0 499.6785
v -11.96954 0 499.9285
v -13.61084 0 496.9558
v -11.62654 0 497.2058
v -2.364745 0 407.6968
v -0.3804445 0 407.9468
v -2.308444 0 407.2502
v -0.4453449 0 406.9524
v -2.252045 0 406.8021
v -0.8457446 0 406.0363
v -2.223645 0 406.5764
v -2.451045 0 406.5755
v -1.510245 0 405.2798
v -2.902745 0 406.5737
v -2.367045 0 404.7644
v -3.352845 0 406.5718
v -3.344745 0 404.5718
v -55.77425 0 406.3585
v -55.76614 0 404.3586
v -63.42434 0 406.3274
v -63.41624 0 404.3275
v -70.77705 0 406.2975
v -70.76894 0 404.2976
v -131.7733 0 298.9006
v -126.4749 0 389.5903
v -127.9736 0 389.6531
v -130.2746 0 298.8378
v -188.3514 0 -122.7274
v -188.8223 0 -120.7237
v -189.3387 0 -122.6559
v -188.7162 0 -120.7521
v -188.6991 0 -120.6407
v -327.208 0 -83.7327
v -327.7245 0 -85.6649
v -327.4586 0 -83.6657
v -328.5981 0 -85.2356
v -327.6539 0 -83.6135
v -329.2653 0 -84.5285
v -327.4494 0 -83.3676
v -329.6953 0 -83.64
v -327.2813 0 -83.1653
v -329.8576 0 -82.6664
v -29.06804 0 628.5914
v -28.47535 0 625.6401
v -27.91125 0 628.4732
v -28.72285 0 625.6115
v -28.22614 0 625.6689
v -26.88064 0 627.9188
v -27.97705 0 625.6978
v -26.11174 0 627.0365
v -27.72944 0 625.7264
v -25.74035 0 625.9347
v -27.59805 0 624.5143
v -25.60964 0 624.7299
v -93.03774 0 621.1821
v -92.69254 0 618.2021
v -93.94794 0 620.9144
v -94.73164 0 620.374
v -95.32024 0 619.6259
v -95.64494 0 618.7344
v -98.54455 0 602.6523
v -95.59215 0 602.1199
v -113.15 0 521.6449
v -110.1976 0 521.1127
v -113.1395 0 520.6547
v -110.2371 0 520.8936
v -112.7941 0 519.7232
v -110.2768 0 520.6738
v -112.1792 0 518.9342
v -110.3167 0 520.4525
v -111.3602 0 518.3717
v -110.3563 0 520.2327
v -110.3762 0 520.1224
v -110.4026 0 518.1197
v -110.266 0 520.1149
v -16.90294 0 511.7156
v -16.76624 0 513.7112
v -15.88474 0 511.8482
v -16.29165 0 513.6786
v -14.97454 0 512.3317
v -15.81524 0 513.6461
v -14.25464 0 513.0806
v -15.57514 0 513.6296
v -15.60104 0 513.8687
v -13.80754 0 514.0093
v -15.65254 0 514.3434
v -13.71544 0 515.032
v -15.70384 0 514.8164
v 54.57446 0 634.4218
v -10.15125 0 638.6235
v -10.21375 0 637.1249
v 54.63696 0 635.9205
v -130.8394 0 524.8344
v -135.5173 0 515.7485
v -132.5332 0 515.4394
v -133.7834 0 525.3652
v -135.7668 0 506.8608
v -132.7764 0 506.7769
v -136.5105 0 481.5721
v -133.5117 0 481.4879
v -136.5224 0 481.1477
v -133.7593 0 480.5052
v -136.5342 0 480.73
v -134.3684 0 479.715
v -136.5462 0 480.2995
v -135.2281 0 479.151
v -136.5571 0 479.9133
v -136.2274 0 478.847
v -116.2588 0 605.8461
v -119.2112 0 606.3783
v -116.3094 0 606.9252
v -116.7851 0 607.892
v -319.7447 0 -296.711
v -319.1588 0 -299.6637
v -318.5959 0 -296.829
v -319.4064 0 -299.6918
v -318.9096 0 -299.6354
v -317.5711 0 -297.3772
v -318.6606 0 -299.6072
v -316.8037 0 -298.25
v -318.4128 0 -299.579
v -316.427 0 -299.3417
v -318.313 0 -300.4291
v -316.3266 0 -300.1957
v -307.8813 0 -389.1985
v -305.8951 0 -388.9651
v -307.8193 0 -389.7261
v -305.9984 0 -390.0457
v -307.757 0 -390.2562
v -306.5002 0 -391.0139
v -307.7256 0 -390.5238
v -307.9913 0 -390.4788
v -307.2982 0 -391.7725
v -308.5175 0 -390.3898
v -308.2903 0 -392.2246
v -309.0414 0 -390.3012
v -309.3748 0 -392.2733
v -375.6452 0 -379.0382
v -375.9788 0 -381.0102
v -378.3976 0 -378.5728
v -378.731 0 -380.5448
v -378.8962 0 -380.5168
v -378.3972 0 -378.2904
v -379.8709 0 -380.1526
v -378.3968 0 -378.0462
v -380.6658 0 -379.4741
v -378.3963 0 -377.802
v -381.201 0 -378.5764
v -378.3961 0 -377.5588
v -381.3961 0 -377.5544
v -378.2943 0 -308.7084
v -381.2943 0 -308.704
v -378.2908 0 -306.3737
v -381.2908 0 -306.3692
v -381.0773 0 -305.3134
v -380.5013 0 -304.3969
v -379.6545 0 -303.7225
v -378.6291 0 -303.3928
v -304.7236 0 -277.8084
v -314.1221 0 -274.9528
v -313.9302 0 -277.9466
v -304.7686 0 -274.8124
v -322.1107 0 -275.8593
v -321.7729 0 -278.8365
v -380.9969 0 -282.5267
v -380.6585 0 -285.5075
v -382.2487 0 -282.6687
v -381.9104 0 -285.6496
v -382.8974 0 -285.5841
v 223.4326 0 -59.803
v 221.7131 0 -60.8708
v 223.6355 0 -60.879
v 221.5914 0 -60.5838
v 221.4837 0 -60.8936
v 223.4165 0 -61.9571
v 210.8831 0 -30.2103
v 209.042 0 -30.9912
v 207.7719 0 -22.8736
v 205.9306 0 -23.6545
v 207.5113 0 -22.259
v 205.7113 0 -23.6129
v 166.425 0 -77.6621
v 218.9444 0 -73.9582
v 218.7962 0 -72.4655
v 166.5731 0 -79.1548
v 418.2053 0 -580.5487
v 417.5904 0 -577.6002
v 417.1209 0 -580.4435
v 417.8561 0 -577.5691
v 417.3234 0 -577.6315
v 416.1508 0 -579.9371
v 417.0537 0 -577.6631
v 415.3925 0 -579.133
v 499.8672 0 -570.9821
v 499.5182 0 -568.0024
v 500.7992 0 -570.7136
v 415.3925 0 -579.133
v 416.8192 0 -577.6906
v 414.9437 0 -578.1348
v 417.0537 0 -577.6631
v 416.8715 0 -577.3948
v 414.9022 0 -577.0462
v 438.175 0 -457.0417
v 436.2057 0 -456.6931
v 442.2681 0 -433.9186
v 440.2975 0 -433.5767
v 443.8488 0 -424.6219
v 441.8772 0 -424.2866
v 444.0038 0 -423.7114
v 442.032 0 -423.3761
v 463.6566 0 -308.1353
v 461.6848 0 -307.8001
v 463.7453 0 -307.6142
v 462.0359 0 -306.8841
v 463.8336 0 -307.0936
v 462.6872 0 -306.1523
v 463.9236 0 -306.5649
v 463.5428 0 -305.6443
v 464.3607 0 -306.8757
v 464.5074 0 -305.3995
v 407.8564 0 -599.8179
v 420.6385 0 -601.319
v 420.292 0 -598.3611
v 407.8437 0 -602.8179
v 502.3104 0 -591.8396
v 501.9615 0 -588.8599
v 509.7654 0 -589.6913
v 508.4846 0 -586.9802
v 516.1589 0 -585.2965
v 514.079 0 -583.1346
v 326.2827 0 -579.796
v 397.9747 0 -590.2933
v 398.1615 0 -588.8075
v 326.0952 0 -581.2867
v -404.1439 0 -283.9425
v -406.9612 0 -284.9732
v -403.993 0 -285.0094
v -404.2494 0 -286.0609
v -404.8384 0 -286.9809
v -405.6862 0 -287.6538
v -406.7182 0 -287.9634
v -528.321 0 -294.8384
v -528.0779 0 -297.8286
v -529.1099 0 -297.7162
v -530.0455 0 -297.2567
v -382.8974 0 -285.5841
v -382.2487 0 -282.6687
v -383.813 0 -285.1998
v -384.5661 0 -284.5529
v -385.0661 0 -283.6994
v -384.4221 0 -276.7277
v -387.2395 0 -277.7584
v -427.2538 0 -159.6484
v -430.0711 0 -160.6791
v -430.2406 0 -159.7302
v -430.1002 0 -158.7733
v -429.6787 0 -157.9027
v -429.0054 0 -157.2129
v -339.2032 0 -96.3628
v -340.955 0 -93.9274
v -338.9164 0 -96.1119
v -340.668 0 -93.6765
v -337.8851 0 -95.3702
v -339.6368 0 -92.9348
v -337.485 0 -95.0825
v -338.4247 0 -92.4243
v -337.0849 0 -94.7947
v -337.1104 0 -92.472
v -405.2599 0 -305.9042
v -402.2943 0 -308.673
v -402.5374 0 -305.6828
v -405.0168 0 -308.8943
v -401.5677 0 -305.7843
v -400.684 0 -306.2034
v -399.9606 0 -306.8712
v -399.4725 0 -307.7188
v -399.2943 0 -308.6774
v -526.6196 0 -315.7694
v -526.3765 0 -318.7595
v -530.8331 0 -316.1119
v -530.59 0 -319.1021
v -402.3961 0 -377.5233
v -399.3961 0 -377.5278
v -402.403 0 -382.2146
v -399.403 0 -382.2191
v -402.4034 0 -382.541
v -399.5659 0 -383.1721
v -402.4039 0 -382.8681
v -400.02 0 -384.0277
v -533.1046 0 -317.4659
v -530.59 0 -319.1021
v -532.4968 0 -316.7916
v -531.7155 0 -316.3259
v -530.8331 0 -316.1119
v -542.5262 0 -331.946
v -540.0117 0 -333.5822
v -542.9351 0 -333.0291
v -540.1476 0 -333.791
v -542.9011 0 -334.1937
v -540.2844 0 -334.0012
v -542.4603 0 -335.2722
v -540.4211 0 -334.2115
v -540.5571 0 -334.4203
v -541.6478 0 -336.0967
v -536.254 0 -339.6061
v -535.1633 0 -337.9297
v -440.0847 0 -402.178
v -438.994 0 -400.5016
v -434.8045 0 -405.6136
v -433.7137 0 -403.9372
v -433.7224 0 -406.0355
v -433.3427 0 -404.1786
v -548.6644 0 -300.0482
v -550.3672 0 -305.4915
v -547.4611 0 -304.7472
v -551.5706 0 -300.7924
v -547.4108 0 -305.9778
v -577.0181 0 -189.3318
v -579.9243 0 -190.0761
v -547.4108 0 -305.9778
v -550.3672 0 -305.4915
v -547.8527 0 -307.1275
v -550.7067 0 -306.0132
v -548.1921 0 -307.6493
v -560.1282 0 -320.4933
v -557.6136 0 -322.1294
v -562.4171 0 -324.0112
v -559.9025 0 -325.6472
v -566.02 0 -329.5485
v -562.3057 0 -330.7309
v -566.2816 0 -336.1494
v -563.2839 0 -336.2682
v -566.7795 0 -348.7139
v -563.7819 0 -348.8327
v -568.9799 0 -404.2894
v -565.9805 0 -404.3435
v -568.7194 0 -478.907
v -565.7195 0 -478.8964
v -568.6724 0 -492.2767
v -565.6724 0 -492.2661
v -530.0455 0 -297.2567
v -528.321 0 -294.8384
v -530.7849 0 -296.5216
v -531.2272 0 -295.5827
v -556.6741 0 -184.1218
v -559.5803 0 -184.8661
v -559.6429 0 -183.8254
v -408.9185 0 -297.9244
v -524.4194 0 -305.8084
v -524.2979 0 -307.3035
v -409.0399 0 -296.4293
v 633.8671 0 -420.0921
v 638.0815 0 -416.1835
v 635.2233 0 -415.3637
v 636.7253 0 -420.9119
v 638.1913 0 -415.8006
v 616.6108 0 -480.5451
v 619.4944 0 -481.3722
v 610.9855 0 -489.8875
v 613.0656 0 -492.0491
v 514.079 0 -583.1346
v 516.1589 0 -585.2965
v 607.5922 0 -406.2596
v 614.0499 0 -413.3051
v 615.496 0 -411.8792
v 606.4332 0 -407.8896
v 466.3808 0 -305.858
v 465.222 0 -307.488
v 465.4853 0 -305.4576
v 464.791 0 -307.1817
v 464.5074 0 -305.3995
v 464.3607 0 -306.8757
v 615.496 0 -411.8792
v 613.9526 0 -413.6444
v 616.3141 0 -412.7817
v 614.0499 0 -413.3051
v 613.855 0 -413.985
v 616.7181 0 -413.9357
v 613.7576 0 -414.3243
v 616.6414 0 -415.1514
v 596.4246 0 -474.7552
v 599.3082 0 -475.5823
v 598.5046 0 -476.917
v 499.5182 0 -568.0024
v 501.5984 0 -570.1642
v 500.7992 0 -570.7136
v 613.7715 0 -399.3347
v 613.9664 0 -397.2947
v 612.8074 0 -398.9247
v 614.2239 0 -397.4779
v 472.7549 0 -296.893
v 471.5959 0 -298.523
v 468.4446 0 -293.8284
v 467.2856 0 -295.4584
v 468.0836 0 -293.5718
v 466.5493 0 -294.6764
v 628.7432 0 -284.9441
v 625.7966 0 -393.6263
v 627.2933 0 -393.6436
v 627.2427 0 -285.0034
v 500.8271 0 -579.1754
v 504.9622 0 -579.5249
v 504.3215 0 -578.169
v 501.0018 0 -580.6667
v 504.3215 0 -578.169
v 508.3586 0 -577.1899
v 507.3185 0 -576.109
v 504.9622 0 -579.5249
v 422.1413 0 -588.3635
v 501.0018 0 -580.6667
v 500.8271 0 -579.1754
v 422.3155 0 -589.8506
v -564.6813 0 456.5458
v -512.5684 0 481.1465
v -513.2438 0 482.4858
v -564.0059 0 455.2063
v -610.6561 0 320.71
v -608.9667 0 322.3687
v -611.3619 0 321.467
v -609.0123 0 322.0761
v -608.9219 0 322.6559
v -611.787 0 322.3901
v -608.8768 0 322.9438
v -611.8408 0 323.4069
v -603.2682 0 358.835
v -606.2324 0 359.298
v -613.5543 0 307.9506
v -611.4186 0 306.6744
v -612.6835 0 308.4962
v -611.4689 0 306.3535
v -611.3898 0 306.8597
v -612.1326 0 308.7166
v -603.6766 0 309.9454
v -604.4196 0 311.8024
v -540.7927 0 335.103
v -541.5356 0 336.9599
v -540.2853 0 335.306
v -540.4503 0 337.14
v -539.7756 0 335.51
v -539.3729 0 336.8941
v -539.5181 0 335.613
v -539.499 0 335.3362
v -538.4271 0 336.3003
v -628.7432 0 278.3575
v -623.1464 0 304.4922
v -624.6306 0 304.7066
v -627.2443 0 278.2958
v -621.0106 0 327.8762
v -614.3834 0 360.5715
v -615.8654 0 360.8031
v -619.5286 0 327.6446
v -482.6708 0 269.1857
v -483.2666 0 271.2155
v -483.8759 0 269.3105
v -482.8561 0 271.0842
v -489.5193 0 273.2155
v -490.1284 0 271.3105
v -489.9434 0 273.3512
v -490.5526 0 271.4463
v -522.2786 0 283.6942
v -522.8878 0 281.7893
v -522.7089 0 283.8319
v -523.9128 0 282.3739
v -522.9249 0 283.9009
v -522.9404 0 284.1271
v -524.6434 0 283.3056
v -522.9716 0 284.5779
v -524.9667 0 284.4405
v -526.4545 0 335.1367
v -528.4496 0 334.9992
v -526.8159 0 340.3832
v -528.8112 0 340.2458
v -526.8466 0 340.8295
v -528.65 0 341.4055
v -472.8817 0 261.9163
v -469.9348 0 262.5638
v -472.7698 0 263.0749
v -469.8997 0 262.2434
v -469.97 0 262.8852
v -472.2319 0 264.1116
v -470.0052 0 263.2056
v -471.3489 0 264.8701
v -460.8009 0 151.7702
v -457.8188 0 152.0972
v -460.5005 0 150.8286
v -471.3489 0 264.8701
v -470.0177 0 263.3203
v -470.9839 0 265.0714
v -470.0052 0 263.2056
v -362.0802 0 322.8743
v -363.0464 0 324.6254
v -361.8253 0 323.015
v -361.9583 0 324.9381
v -361.7383 0 323.0629
v -361.7128 0 322.8711
v -360.8287 0 324.799
v -361.674 0 322.5776
v -359.8009 0 324.2804
v -361.6354 0 322.2874
v -359.0182 0 323.4544
v -493.2944 0 262.8741
v -493.89 0 260.844
v -492.8705 0 262.7384
v -493.9037 0 260.9691
v -525.6296 0 273.2171
v -526.2391 0 271.3122
v -526.095 0 273.3659
v -526.7042 0 271.461
v -527.1785 0 273.4946
v -527.0936 0 271.5855
v -492.8705 0 262.7384
v -493.8549 0 260.5233
v -491.875 0 262.1808
v -493.89 0 260.844
v -493.8195 0 260.2017
v -491.1506 0 261.2946
v -493.7843 0 259.881
v -490.8022 0 260.2081
v -493.7565 0 259.6267
v -490.7744 0 259.9538
v -481.6758 0 149.4807
v -478.6936 0 149.8077
v -481.4015 0 146.9796
v -478.4193 0 147.3066
v -478.5424 0 146.1986
v -479.0851 0 145.2185
v -479.9328 0 144.4675
v -480.9713 0 144.0472
v -538.4271 0 336.3003
v -539.4612 0 334.7884
v -537.7374 0 335.4365
v -539.499 0 335.3362
v -539.4238 0 334.2432
v -537.4285 0 334.3807
v -535.9407 0 283.6845
v -533.9456 0 283.8219
v -535.8237 0 281.9872
v -533.8286 0 282.1247
v -535.7927 0 281.5366
v -534.0131 0 280.8757
v -413.2453 0 421.3781
v -442.3806 0 443.8549
v -443.2477 0 442.6309
v -412.3784 0 422.6021
v -469.8569 0 463.2658
v -470.7253 0 462.0428
v -380.721 0 -398.974
v -377.9796 0 -392.8422
v -380.977 0 -392.97
v -377.7238 0 -398.8463
v -377.9901 0 -392.5963
v -380.8107 0 -391.938
v -378.0006 0 -392.3494
v -380.2838 0 -391.0305
v -378.0112 0 -392.1004
v -379.4902 0 -390.3303
v -378.0231 0 -391.8206
v -378.524 0 -389.9205
v -377.8128 0 -391.8562
v -377.4794 0 -389.8842
v -377.1165 0 -484.7148
v -374.136 0 -484.5878
v -376.681 0 -494.931
v -373.687 0 -495.1206
v -380.119 0 -515.0691
v -377.1783 0 -515.5712
v -398.0511 0 -620.4067
v -395.0938 0 -620.9116
v -398.036 0 -621.378
v -397.6996 0 -622.2925
v -397.1026 0 -623.0706
v -396.3065 0 -623.6325
v -395.3723 0 -623.8986
v -358.0215 0 -627.3806
v -357.743 0 -624.3936
v -356.962 0 -627.2815
v -357.4205 0 -624.4236
v -355.9984 0 -626.8239
v -357.097 0 -624.4537
v -355.2521 0 -626.0654
v -356.7745 0 -624.4838
v -403.3869 0 -397.3862
v -402.0175 0 -398.8738
v -402.4366 0 -396.9994
v -402.2636 0 -399.0409
v -401.7521 0 -398.6937
v -401.4127 0 -396.9955
v -401.7401 0 -398.9721
v -400.4211 0 -397.3211
v -401.7274 0 -399.2745
v -399.5685 0 -397.9228
v -401.7146 0 -399.5711
v -398.9609 0 -398.7471
v -401.7021 0 -399.8683
v -398.7047 0 -399.7405
v -398.0471 0 -485.6071
v -395.0498 0 -485.4792
v -395.1804 0 -486.4473
v -395.6165 0 -487.3253
v -396.2989 0 -488.0293
v -397.1679 0 -488.4753
v -407.8029 0 -488.5972
v -406.9237 0 -491.4655
v -470.2686 0 -507.743
v -469.3893 0 -510.6115
v -470.5137 0 -507.8181
v -470.4521 0 -510.7071
v -470.7599 0 -507.8935
v -471.4803 0 -510.4054
v -471.0081 0 -507.9697
v -472.3645 0 -509.7832
v -471.2553 0 -508.0454
v -472.9959 0 -508.9175
v -471.2675 0 -507.7904
v -473.2651 0 -507.8851
v -473.6463 0 -457.5364
v -475.6441 0 -457.6309
v -474.0802 0 -448.3695
v -476.0782 0 -448.4641
v -474.0979 0 -447.9965
v -475.9471 0 -447.458
v -474.1068 0 -447.8096
v -473.9521 0 -447.7045
v -475.4926 0 -446.5486
v -473.6432 0 -447.4948
v -474.7664 0 -445.84
v -438.7661 0 -423.8196
v -439.8894 0 -422.1649
v -429.4298 0 -417.482
v -430.5531 0 -415.8272
v -425.3055 0 -414.6823
v -426.4287 0 -413.0275
v -400.02 0 -384.0277
v -402.4044 0 -383.1945
v -400.718 0 -384.6967
v -402.4039 0 -382.8681
v -402.4048 0 -383.4244
v -401.2814 0 -385.0792
v -409.5649 0 -388.285
v -408.4417 0 -389.9398
v -432.6068 0 -403.9263
v -431.4836 0 -405.5811
v -432.9729 0 -404.175
v -432.5572 0 -406.0241
v -433.1566 0 -404.2997
v -433.3427 0 -404.1786
v -433.7224 0 -406.0355
v -389.5487 0 -311.6918
v -391.1415 0 -374.5399
v -389.6415 0 -374.5422
v -391.0487 0 -311.6896
v -197.3496 0 -216.2304
v -204.774 0 -266.8035
v -203.2847 0 -266.9825
v -198.8273 0 -215.9722
v -143.3732 0 1.4429
v -38.49224 0 -0.0571
v -38.49224 0 1.4429
v -143.3732 0 -0.0571
v -12.92715 0 1.4429
v 127.5632 0 -0.0571
v 127.5632 0 1.4429
v -12.92715 0 -0.0571
v -79.09474 0 -235.005
v -101.8794 0 -264.1592
v -100.6604 0 -265.0343
v -80.31274 0 -234.1307
v 161.2354 0 -2.1931
v 203.8994 0 -11.8207
v 204.1791 0 -10.3473
v 160.9556 0 -3.667
v -120.6628 0 609.0039
v -119.2112 0 606.3783
v -119.6245 0 609.3022
v -118.5563 0 609.162
v -117.5719 0 608.6647
v -116.7851 0 607.892
v -136.5692 0 600.2094
v -135.1176 0 597.584
v -196.8338 0 566.8887
v -195.3822 0 564.2634
v -197.5962 0 566.2537
v -195.5777 0 564.1553
v -198.1003 0 565.3951
v -195.7739 0 564.0468
v -198.3226 0 564.4177
v -195.9715 0 563.9376
v -198.2392 0 563.4256
v -196.1676 0 563.8292
v -196.2631 0 563.7764
v -197.8261 0 562.5234
v -196.1968 0 563.6833
v -138.9544 0 479.8322
v -137.3252 0 480.9921
v -138.2014 0 479.1538
v -137.0789 0 480.6463
v -137.2555 0 478.8367
v -136.8365 0 480.3058
v -136.2274 0 478.847
v -136.5571 0 479.9133
v -32.99584 0 636.4289
v -91.17934 0 631.2125
v -91.00665 0 629.7214
v -33.16824 0 637.9179
v -569.0276 0 -187.2855
v -567.8035 0 -183.0107
v -569.296 0 -182.8616
v -567.5706 0 -186.9124
v -569.296 0 -182.8616
v -566.6829 0 -179.2482
v -568.025 0 -178.5947
v -567.8035 0 -183.0107
v -568.025 0 -178.5947
v -564.4122 0 -176.0459
v -565.4498 0 -174.9631
v -566.6829 0 -179.2482
v -565.4498 0 -174.9631
v -561.197 0 -173.8232
v -561.8018 0 -172.4462
v -564.4122 0 -176.0459
v -565.1182 0 -164.8943
v -573.1877 0 -166.8872
v -571.1235 0 -169.0415
v -566.3245 0 -162.1476
v -514.0522 0 -142.4687
v -515.2584 0 -139.7219
v -571.1235 0 -169.0415
v -578.0339 0 -173.7212
v -575.3638 0 -175.0212
v -573.1877 0 -166.8872
v -580.4252 0 -181.7505
v -577.4564 0 -182.0469
v -577.4564 0 -182.0469
v -579.9243 0 -190.0761
v -577.0181 0 -189.3318
v -580.4252 0 -181.7505
v -559.6429 0 -183.8254
v -556.6741 0 -184.1218
v -559.3441 0 -182.8217
v -558.7383 0 -181.9675
v -557.8804 0 -181.375
v -505.6083 0 -161.6963
v -506.8146 0 -158.9495
v -505.3481 0 -158.7076
v -450.2976 0 -166.5143
v -450.0372 0 -163.5256
v -448.9595 0 -163.8406
v -541.4166 0 -295.0953
v -567.5706 0 -186.9124
v -569.0276 0 -187.2855
v -539.9636 0 -294.7231
v 343.6263 0 -256.013
v 344.2704 0 -253.858
v 342.614 0 -255.4515
v 454.1812 0 -289.0555
v 344.1991 0 -254.0968
v 454.754 0 -287.1393
v 454.718 0 -289.2159
v 455.2906 0 -287.2997
v 343.6263 0 -256.013
v 344.1991 0 -254.0968
v 344.2704 0 -253.858
v 339.5768 0 -264.196
v 339.2502 0 -266.1857
v 339.8228 0 -264.2695
v 339.2175 0 -266.2401
v 340.4763 0 -266.5522
v 341.0492 0 -264.636
v 451.0313 0 -299.5949
v 451.6039 0 -297.6786
v 451.454 0 -299.7213
v 452.5511 0 -298.1805
v 451.8791 0 -299.8483
v 453.2643 0 -298.9876
v 451.8048 0 -300.2855
v 453.672 0 -299.9845
v 451.7307 0 -300.7206
v 453.7025 0 -301.0559
v 450.8405 0 -305.9561
v 452.8122 0 -306.2913
v 431.1877 0 -421.5321
v 433.1594 0 -421.8673
v 608.6812 0 -478.2707
v 604.225 0 -482.8618
v 605.2651 0 -483.9426
v 607.2377 0 -477.8568
v 625.1484 0 -420.7124
v 607.2377 0 -477.8568
v 608.6812 0 -478.2707
v 623.7095 0 -420.2997
v 262.3441 0 -372.1384
v 242.0276 0 -398.5729
v 243.2592 0 -399.429
v 261.0861 0 -371.3213
v 341.098 0 -225.2041
v 333.1601 0 -246.6227
v 334.5951 0 -247.0515
v 339.6586 0 -224.7738
v 327.5598 0 -263.8557
v 295.0878 0 -314.8304
v 296.3741 0 -315.6047
v 326.2771 0 -263.0836
v 261.0861 0 -371.3213
v 262.3441 0 -372.1384
v -401.649 0 -508.6754
v -400.7697 0 -511.5436
v -400.6653 0 -508.5788
v -399.7133 0 -508.8389
v -398.8726 0 -509.3859
v -398.2225 0 -510.1497
v -397.8427 0 -511.0606
v -397.8125 0 -512.0485
v -418.7625 0 -616.9364
v -415.8051 0 -617.4413
v -416.14 0 -618.3502
v -416.7578 0 -619.1002
v -417.5753 0 -619.6366
v -418.509 0 -619.9048
v -419.4761 0 -619.8502
v -465.3929 0 -605.5144
v -466.1067 0 -608.4282
v -465.644 0 -605.4529
v -466.9945 0 -608.0365
v -465.8958 0 -605.3911
v -467.7135 0 -607.3795
v -466.1479 0 -605.3294
v -468.2004 0 -606.5359
v -466.3988 0 -605.2679
v -468.3921 0 -605.5847
v -466.8896 0 -584.3165
v -468.8891 0 -584.3633
v -470.0836 0 -532.7885
v -472.0815 0 -532.8831
v -470.0233 0 -532.77
v -472.0935 0 -532.6279
v -469.7921 0 -532.6991
v -471.9663 0 -531.6559
v -469.5602 0 -532.628
v -471.5313 0 -530.7736
v -469.328 0 -532.5569
v -470.8478 0 -530.0658
v -469.0968 0 -532.486
v -469.976 0 -529.6177
v -463.2354 0 -530.6895
v -464.1145 0 -527.8212
v -388.8356 0 -402.3226
v -386.9584 0 -482.1316
v -385.4617 0 -482.0677
v -390.3362 0 -402.3866
v 392.7292 0 535.6753
v 388.8044 0 540.7977
v 388.185 0 539.431
v 393.9543 0 536.5406
v 384.7791 0 531.9172
v 383.5405 0 529.1848
v 385.9908 0 530.9156
v 314.7996 0 563.6398
v 313.5609 0 560.9075
v 313.7018 0 563.8821
v 313.3337 0 561.0106
v 312.5855 0 563.7009
v 313.105 0 561.1141
v 311.5994 0 563.148
v 312.8765 0 561.2178
v 310.8909 0 562.2751
v 312.6492 0 561.3209
v 430.9509 0 481.5709
v 393.9543 0 536.5406
v 392.7292 0 535.6753
v 432.2724 0 482.2808
v 507.3185 0 -576.109
v 605.2651 0 -483.9426
v 604.225 0 -482.8618
v 508.3586 0 -577.1899
v 616.6022 0 -153.2463
v 622.3464 0 -231.8935
v 623.84 0 -231.7558
v 615.1085 0 -153.384
v 627.2427 0 -285.0034
v 628.7432 0 -284.9441
v 499.7199 0 -210.696
v 497.7039 0 -210.274
v 499.0873 0 -211.5281
v 497.9171 0 -209.8302
v 497.49 0 -210.7195
v 498.1949 0 -212.0806
v 529.39 0 -148.9208
v 527.587 0 -148.055
v 529.4819 0 -148.7295
v 527.6791 0 -147.8636
v 529.7548 0 -147.7353
v 527.8439 0 -147.5204
v 529.681 0 -146.7047
v 527.9266 0 -147.3483
v 527.8204 0 -147.1899
v 500.6497 0 -228.7685
v 505.548 0 -223.9638
v 503.7682 0 -223.0517
v 502.405 0 -229.7259
v 509.6337 0 -215.4575
v 507.8314 0 -214.5919
v 539.3055 0 -153.6833
v 537.5027 0 -152.8174
v 539.4786 0 -153.3231
v 538.139 0 -151.9546
v 539.5654 0 -153.1425
v 539.7654 0 -153.134
v 539.0364 0 -151.3632
v 540.1647 0 -153.1171
v 540.0801 0 -151.1189
v 466.3904 0 -291.5768
v 468.1462 0 -292.5345
v 466.071 0 -292.6023
v 467.9341 0 -292.9232
v 466.1342 0 -293.6799
v 467.7211 0 -293.3139
v 466.5493 0 -294.6764
v 468.0836 0 -293.5718
v 539.699 0 -142.1269
v 539.3221 0 -140.1411
v 539.4067 0 -142.1393
v 539.6144 0 -140.1287
v 538.9487 0 -140.1569
v 538.4008 0 -142.0032
v 597.2408 0 -139.6893
v 597.1561 0 -137.6912
v 422.7523 0 -452.0877
v 424.6646 0 -454.4224
v 423.6402 0 -451.7371
v 424.3896 0 -454.6016
v 424.9366 0 -454.2453
v 424.5837 0 -451.736
v 425.2148 0 -454.064
v 425.5031 0 -452.0315
v 425.5374 0 -453.8539
v 426.3187 0 -452.5709
v 425.4881 0 -454.1329
v 426.9505 0 -453.3013
v 425.4315 0 -454.4525
v 427.3187 0 -454.1701
v 425.3743 0 -454.7758
v 427.3437 0 -455.1245
v -423.7528 0 -637.3098
v -411.0917 0 -643.4913
v -410.5942 0 -640.533
v -424.4646 0 -640.2157
v -397.3185 0 -644.7755
v -397.0408 0 -641.7965
v -470.5584 0 -625.8699
v -471.2722 0 -628.7838
v -477.2094 0 -622.9301
v -478.8732 0 -625.424
v -482.4775 0 -617.9175
v -484.894 0 -619.6954
v -359.9702 0 -648.2844
v -359.692 0 -645.2987
v -357.6047 0 -648.5049
v -357.4172 0 -645.5107
v -340.8948 0 -649.0415
v -340.7986 0 -646.0444
v -295.9857 0 -650.3966
v -296.2617 0 -647.4094
v -388.7317 0 -516.6422
v -407.1646 0 -615.8429
v -405.6833 0 -616.0905
v -390.2083 0 -516.3902
v 309.9641 0 560.4655
v 312.6492 0 561.3209
v 310.8909 0 562.2751
v 311.7441 0 559.5537
v 276.1894 0 494.5214
v 277.9695 0 493.6096
v 274.707 0 491.627
v 276.4871 0 490.7152
v 302.2332 0 565.5654
v 300.1735 0 565.4799
v 301.9536 0 564.5682
v 300.2624 0 565.6535
v 266.3987 0 499.5358
v 268.1789 0 498.6241
v 388.185 0 539.431
v 321.5526 0 571.2706
v 320.9337 0 569.9053
v 388.8044 0 540.7977
v 299.5161 0 577.5658
v 187.2729 0 611.5092
v 186.9184 0 610.0505
v 299.9298 0 579.0066
v 186.9184 0 610.0505
v 87.91985 0 631.237
v 87.62595 0 629.7672
v 187.2729 0 611.5092
v 182.5397 0 301.1158
v 183.7841 0 301.9584
v 182.4525 0 302.27
v 183.5491 0 301.7725
v 183.8094 0 301.6241
v 184.2489 0 302.326
v 182.7586 0 303.3722
v 184.7111 0 302.6915
v 183.4703 0 304.2602
v 263.2888 0 364.8447
v 262.0481 0 366.4134
v 263.6223 0 365.1085
v 262.9762 0 366.8942
v 263.9572 0 365.3734
v 264.0175 0 367.0278
v 274.1002 0 484.5779
v 276.3885 0 490.5231
v 274.3806 0 490.4036
v 276.0979 0 484.4818
v 276.4871 0 490.7152
v 274.707 0 491.627
v 269.2332 0 383.4452
v 271.2309 0 383.3491
v -497.8011 0 -597.089
v -484.894 0 -619.6954
v -482.4775 0 -617.9175
v -500.2176 0 -598.8668
v -559.6381 0 -507.4346
v -562.0963 0 -509.1542
v -561.8804 0 -504.2291
v -564.3386 0 -505.9486
v -564.6829 0 -498.535
v -568.6459 0 -499.7911
v -477.8865 0 -584.5741
v -479.8752 0 -585.0721
v -478.0892 0 -585.5792
v -479.8858 0 -584.621
v -479.865 0 -585.5157
v -478.6722 0 -586.402
v -479.8524 0 -586.0489
v -479.5215 0 -587.0038
v -481.0713 0 -533.3087
v -483.0689 0 -533.4032
v -481.0836 0 -533.0535
v -483.0814 0 -533.1481
v -481.5786 0 -522.5958
v -483.5764 0 -522.6903
v -482.2549 0 -508.3106
v -484.2527 0 -508.4052
v -484.634 0 -458.0565
v -486.6317 0 -458.1511
v -484.8939 0 -457.0661
v -486.7184 0 -457.8209
v -485.5029 0 -456.2453
v -486.9214 0 -457.5473
v -486.3553 0 -455.6471
v -487.2054 0 -457.3479
v -487.3453 0 -455.3243
v -487.5354 0 -457.2403
v -479.5215 0 -587.0038
v -480.0838 0 -585.7342
v -480.523 0 -587.3455
v -479.8524 0 -586.0489
v -480.3553 0 -585.3653
v -481.563 0 -587.3884
v -480.6183 0 -585.0078
v -482.5273 0 -587.0936
v -480.8857 0 -584.6443
v -483.3022 0 -586.4221
v -542.4304 0 -495.3976
v -544.8885 0 -497.1172
v -542.5731 0 -495.1934
v -545.3347 0 -496.0384
v -542.7169 0 -494.9879
v -545.3334 0 -494.8633
v -542.8607 0 -494.7823
v -544.9163 0 -493.7647
v -543.0037 0 -494.5781
v -544.1152 0 -492.9155
v -536.8569 0 -490.4056
v -537.9802 0 -488.7508
v -488.1922 0 -457.371
v -489.3156 0 -455.7162
v -487.8762 0 -457.2421
v -488.3673 0 -455.3297
v -487.5354 0 -457.2403
v -487.3453 0 -455.3243
v -424.7072 0 -628.5949
v -465.2333 0 -617.1348
v -465.6036 0 -618.5894
v -424.3497 0 -627.1391
v -565.6724 0 -492.2661
v -568.6459 0 -499.7911
v -564.6829 0 -498.535
v -568.6724 0 -492.2767
v -543.035 0 -481.3044
v -544.416 0 -479.8247
v -544.0023 0 -481.693
v -544.1583 0 -479.6497
v -494.3703 0 -448.2699
v -495.4937 0 -446.6152
v -483.2993 0 -440.7547
v -484.4226 0 -439.0999
v -479.8211 0 -438.3936
v -480.9445 0 -436.7389
v -444.9442 0 -414.7185
v -446.0675 0 -413.0637
v -444.2684 0 -414.0393
v -445.6542 0 -412.7831
v -443.8676 0 -413.1705
v -445.2415 0 -412.5029
v -443.7404 0 -412.208
v -444.8226 0 -412.2187
v -544.0023 0 -481.693
v -544.7158 0 -480.0281
v -545.0427 0 -481.6836
v -544.416 0 -479.8247
v -544.7166 0 -479.7621
v -546.0452 0 -481.3345
v -544.7178 0 -479.4448
v -546.8992 0 -480.7041
v -544.7189 0 -479.1339
v -547.4944 0 -479.8508
v -544.72 0 -478.8223
v -547.7198 0 -478.8329
v -544.9838 0 -404.7225
v -547.9833 0 -404.6684
v -542.7985 0 -349.6645
v -545.7963 0 -349.5457
v -542.7869 0 -349.3729
v -545.5466 0 -348.5578
v -542.7753 0 -349.0819
v -544.9501 0 -347.7341
v -542.7637 0 -348.7855
v -544.1099 0 -347.128
v -542.7523 0 -348.5016
v -543.1298 0 -346.793
v -492.8593 0 -589.73
v -549.9459 0 -504.3152
v -551.1743 0 -505.1758
v -491.6505 0 -588.8419
v -557.4802 0 -475.8666
v -556.2319 0 -404.5195
v -557.7318 0 -404.4924
v -555.9802 0 -475.8626
v -543.1298 0 -346.793
v -542.4977 0 -348.6672
v -542.1127 0 -346.7824
v -542.7523 0 -348.5016
v -542.2532 0 -348.8263
v -541.1624 0 -347.1499
v -446.0838 0 -411.3981
v -444.9931 0 -409.7217
v -445.665 0 -411.6706
v -444.3041 0 -410.3875
v -445.2469 0 -411.9427
v -443.8862 0 -411.2484
v -444.8226 0 -412.2187
v -443.7404 0 -412.208
v -557.7318 0 -404.4924
v -554.1584 0 -352.2157
v -555.6573 0 -352.158
v -556.2319 0 -404.5195
v -549.0624 0 -324.1141
v -541.6558 0 -315.4812
v -542.9133 0 -314.6632
v -547.8051 0 -324.9322
v -210.0336 0 559.5038
v -208.3374 0 557.0172
v -209.0015 0 559.8426
v -208.5503 0 556.8961
v -208.1234 0 557.1389
v -207.9108 0 559.7904
v -207.9095 0 557.2607
v -206.8998 0 559.3782
v -207.6767 0 557.393
v -206.1064 0 558.636
v -206.0473 0 558.553
v -206.7871 0 556.1437
v -205.1579 0 557.3036
v -147.9155 0 473.4524
v -146.2862 0 474.6123
v -137.1626 0 458.3487
v -135.5332 0 459.5086
v -336.9891 0 487.2916
v -335.5059 0 484.6839
v -337.7886 0 486.5552
v -335.8152 0 484.5079
v -338.2232 0 485.5623
v -336.1237 0 484.3324
v -338.3047 0 484.455
v -336.4398 0 484.1527
v -338.0443 0 483.3757
v -336.6421 0 484.0376
v -336.5193 0 483.9923
v -205.5434 0 582.6411
v -214.863 0 580.9161
v -213.3955 0 578.2996
v -206.995 0 585.2664
v -220.4162 0 577.7574
v -218.933 0 575.1498
v -145.2789 0 615.962
v -146.7305 0 618.5873
v -347.3719 0 505.5453
v -345.8886 0 502.9377
v -361.8698 0 497.299
v -360.3865 0 494.6913
v -367.7944 0 484.665
v -462.7076 0 486.898
v -462.7177 0 485.3927
v -367.7827 0 486.1596
v -339.339 0 327.9126
v -337.8976 0 326.4602
v -338.2971 0 328.3488
v -337.9812 0 326.4793
v -337.9547 0 326.2791
v -337.6184 0 326.3965
v -337.1734 0 328.3464
v -271.4041 0 311.2856
v -270.959 0 313.2355
v -268.3752 0 310.5944
v -267.9301 0 312.5443
v -268.0212 0 310.5136
v -267.0667 0 312.187
v -267.6664 0 310.4326
v -266.3525 0 311.5797
v -267.6339 0 310.0699
v -265.847 0 310.7901
v -357.8712 0 345.2586
v -392.5101 0 403.9959
v -393.7852 0 403.2057
v -356.5961 0 346.0488
v -127.2803 0 614.7723
v -141.287 0 608.7421
v -140.5612 0 607.4293
v -128.0061 0 616.0851
v -198.9261 0 576.8729
v -198.2003 0 575.5602
v -127.1373 0 414.5569
v -124.6449 0 449.8888
v -126.1443 0 449.9309
v -125.6379 0 414.5148
v -125.1797 0 484.2552
v -123.129 0 503.5048
v -124.6276 0 503.5469
v -123.6795 0 484.213
v -241.1126 0 -625.3749
v -237.1962 0 -626.6403
v -237.0387 0 -625.1472
v -240.7905 0 -626.84
v -236.174 0 -616.9434
v -243.5279 0 -614.3873
v -242.8837 0 -617.3173
v -235.8596 0 -613.9599
v -298.1938 0 -626.4984
v -297.9178 0 -629.4857
v -340.1248 0 -625.0594
v -340.221 0 -628.0579
v -340.4239 0 -625.0498
v -341.2191 0 -627.8109
v -340.7225 0 -625.0402
v -342.0504 0 -627.2093
v -341.0269 0 -625.0305
v -342.6604 0 -626.3596
v -341.3037 0 -625.0216
v -342.9944 0 -625.3683
v -192.5783 0 -621.5386
v -192.2638 0 -618.5552
v -191.5596 0 -621.4447
v -192.0289 0 -618.5799
v -190.6348 0 -620.9989
v -191.7932 0 -618.6048
v -189.8884 0 -620.2823
v -191.5555 0 -618.6298
v -189.4052 0 -619.3764
v -191.3198 0 -618.6547
v -191.2549 0 -618.6615
v -189.2701 0 -618.3625
v -191.2659 0 -618.4909
v -193.9781 0 -545.1739
v -195.9739 0 -545.3023
v -194.2415 0 -544.1637
v -196.0013 0 -544.8788
v -194.8382 0 -543.3013
v -196.0286 0 -544.4535
v -195.6805 0 -542.6769
v -196.4527 0 -544.4122
v -196.6815 0 -542.3806
v -196.8751 0 -544.3711
v -199.1088 0 -542.1445
v -199.3023 0 -544.1351
v -279.2932 0 -534.3481
v -279.4868 0 -536.3389
v -280.8531 0 -534.1965
v -281.0466 0 -536.1871
v -281.9168 0 -534.2925
v -281.4427 0 -536.1486
v -282.8849 0 -534.7499
v -281.6411 0 -536.1293
v -281.7521 0 -536.2949
v -239.0194 0 -634.8976
v -238.3754 0 -637.8276
v -238.0609 0 -634.8442
v -194.7695 0 -642.3282
v -194.4576 0 -639.3683
v -183.6637 0 -643.4987
v -183.7265 0 -640.4993
v -240.7905 0 -626.84
v -297.1588 0 -637.7006
v -297.0206 0 -639.1945
v -241.1126 0 -625.3749
v -296.2617 0 -647.4094
v -238.3754 0 -637.8276
v -239.0194 0 -634.8976
v -295.9857 0 -650.3966
v -350.0884 0 -618.372
v -356.6096 0 -624.4991
v -354.9489 0 -625.6138
v -351.7491 0 -617.2574
v -356.7745 0 -624.4838
v -355.2521 0 -626.0654
v -291.1072 0 -530.4949
v -292.7679 0 -529.3804
v -290.1563 0 -529.0781
v -291.817 0 -527.9636
v -289.7332 0 -528.1104
v -291.6109 0 -527.6566
v -342.9944 0 -625.3683
v -341.1219 0 -624.7507
v -342.9977 0 -624.3422
v -341.3037 0 -625.0216
v -340.955 0 -624.5021
v -342.6156 0 -623.3876
v -281.9738 0 -536.6251
v -283.6344 0 -535.5106
v -281.7521 0 -536.2949
v -282.8849 0 -534.7499
v -297.0206 0 -639.1945
v -337.4937 0 -636.3981
v -337.5289 0 -637.8972
v -297.1588 0 -637.7006
v -361.9133 0 -636.8075
v -393.1499 0 -632.3804
v -393.2892 0 -633.8732
v -361.774 0 -635.3132
v -290.0498 0 -523.8051
v -291.6541 0 -527.2896
v -289.6678 0 -527.0562
v -292.0361 0 -524.0385
v -291.6109 0 -527.6566
v -289.7332 0 -528.1104
v -303.3351 0 -410.7509
v -305.3214 0 -410.9843
v -304.0711 0 -404.4865
v -306.0576 0 -404.72
v -304.3437 0 -403.5708
v -306.1013 0 -404.3484
v -304.8919 0 -402.7844
v -306.1451 0 -403.9756
v -305.6497 0 -402.1971
v -306.515 0 -403.913
v -306.5504 0 -401.8787
v -306.8839 0 -403.8506
v -310.8755 0 -401.1473
v -311.209 0 -403.1193
v -278.4221 0 -525.3904
v -278.6289 0 -523.3608
v -279.3893 0 -525.1125
v -278.2286 0 -523.3998
v -279.0309 0 -523.3218
v -280.2133 0 -524.5281
v -279.078 0 -522.9207
v -280.8141 0 -523.7159
v -279.125 0 -522.5212
v -281.1114 0 -522.7546
v -292.4103 0 -409.467
v -294.3966 0 -409.7004
v -292.472 0 -408.9428
v -294.3178 0 -408.7233
v -292.5334 0 -408.4192
v -293.8997 0 -407.8381
v -292.5959 0 -407.8874
v -293.2227 0 -407.1097
v -292.0896 0 -408.0615
v -292.3669 0 -406.603
v -291.5912 0 -408.2329
v -291.4131 0 -406.3826
v -291.0919 0 -408.4046
v -290.4416 0 -406.5134
v -209.3792 0 -436.5058
v -208.7287 0 -434.6146
v -203.4576 0 -438.5423
v -202.8073 0 -436.651
v -203.0381 0 -438.6866
v -201.8073 0 -437.2459
v -202.8277 0 -438.7589
v -202.8133 0 -438.981
v -201.099 0 -438.1739
v -202.7849 0 -439.4238
v -200.789 0 -439.2954
v -202.6532 0 -441.4704
v -200.6573 0 -441.342
v -196.9495 0 -530.1366
v -194.9536 0 -530.0082
v -196.9194 0 -530.6042
v -195.0872 0 -531.0179
v -196.8893 0 -531.0735
v -195.5658 0 -531.9211
v -196.874 0 -531.3099
v -197.1098 0 -531.287
v -196.3058 0 -532.6375
v -197.5779 0 -531.2415
v -197.2243 0 -533.0862
v -198.0443 0 -531.1961
v -198.2378 0 -533.1867
v 162.5038 0 -567.9657
v 168.6198 0 -570.0247
v 168.1674 0 -567.092
v 162.9561 0 -570.8982
v 168.6047 0 -567.0246
v 169.0424 0 -567.0877
v 52.06516 0 -585.0701
v 52.75396 0 -587.9899
v 160.3061 0 -547.1557
v 162.21 0 -548.0062
v 162.2828 0 -546.8509
v 160.0598 0 -547.1937
v 159.812 0 -547.2319
v 161.7001 0 -549.0539
v 159.5641 0 -547.2701
v 160.8549 0 -549.8556
v 159.3177 0 -547.3081
v 159.7751 0 -550.2731
v 47.24316 0 -564.6312
v 47.93206 0 -567.551
v -4.417545 0 -581.1603
v -3.501445 0 -584.0169
v -4.694345 0 -581.2491
v -4.628545 0 -584.1143
v -4.972645 0 -581.3384
v -5.709445 0 -583.7612
v -5.254145 0 -581.4286
v -6.617845 0 -583.0556
v -5.439145 0 -581.488
v -5.433245 0 -581.3903
v -7.227545 0 -582.0957
v -5.415745 0 -581.1
v -7.412145 0 -580.9795
v 1.856956 0 -460.5549
v -0.1394448 0 -460.4344
v 1.887755 0 -460.0447
v 0.1855555 0 -459.305
v 1.918655 0 -459.5311
v 0.9262552 0 -458.3823
v 2.431355 0 -459.575
v 1.946755 0 -457.7836
v 2.940556 0 -459.6187
v 3.111355 0 -457.6261
v 6.589955 0 -459.9316
v 6.760756 0 -457.939
v 147.9503 0 -472.053
v 148.1212 0 -470.0602
v 148.341 0 -472.0865
v 149.0753 0 -470.3188
v 148.7334 0 -472.1201
v 149.8967 0 -470.8755
v 148.7934 0 -472.5092
v 150.5075 0 -471.6575
v 148.8531 0 -472.8969
v 150.8298 0 -472.592
v 173.9806 0 -549.7124
v 174.169 0 -546.7085
v 173.0796 0 -549.4203
v 174.4081 0 -546.7429
v 173.9291 0 -546.674
v 172.3119 0 -548.8602
v 173.6893 0 -546.6395
v 171.7442 0 -548.0982
v 295.5172 0 -567.2061
v 295.9445 0 -564.2366
v 171.7442 0 -548.0982
v 173.4501 0 -546.605
v 171.4431 0 -547.2002
v 173.6893 0 -546.6395
v 173.3732 0 -546.5939
v 171.3966 0 -546.8987
v 173.1542 0 -545.1742
v 171.1776 0 -545.479
v 161.7012 0 -470.9153
v 159.7247 0 -471.2201
v 161.5495 0 -469.9312
v 159.5729 0 -470.2361
v 161.4832 0 -469.5013
v 159.629 0 -469.0914
v 161.45 0 -469.2856
v 161.634 0 -469.1685
v 160.1037 0 -468.0443
v 291.1587 0 -576.4296
v 175.7812 0 -558.2601
v 175.5681 0 -559.7409
v 291.373 0 -574.941
v 158.2903 0 -560.317
v 49.82616 0 -575.5796
v 50.17105 0 -577.0415
v 158.0592 0 -558.8389
v -14.06014 0 -606.152
v -9.400945 0 -607.9601
v -10.26444 0 -605.0869
v -13.24974 0 -609.04
v 2.910955 0 -604.0116
v 1.994955 0 -601.1554
v 52.75396 0 -587.9899
v 52.06516 0 -585.0701
v -73.73254 0 -622.8782
v -72.92374 0 -625.7608
v -84.20854 0 -625.8176
v -83.58234 0 -628.7515
v -16.39574 0 -580.4375
v -18.71384 0 -585.6483
v -16.71745 0 -585.7687
v -18.39215 0 -580.3171
v -18.80174 0 -585.673
v -16.73835 0 -586.115
v -19.11174 0 -585.76
v -17.07325 0 -587.291
v -19.42295 0 -585.8473
v -17.84394 0 -588.2465
v -19.73294 0 -585.9343
v -18.92244 0 -588.8228
v -79.40085 0 -602.6764
v -78.59045 0 -605.5649
v -79.63934 0 -602.7433
v -79.63625 0 -605.6387
v -79.87865 0 -602.8104
v -80.64285 0 -605.3304
v -80.12005 0 -602.8782
v -81.50694 0 -604.7137
v -80.38664 0 -602.953
v -82.12575 0 -603.862
v -80.39925 0 -602.7339
v -82.39594 0 -602.849
v -90.23235 0 -432.0748
v -92.22904 0 -432.1898
v -90.26614 0 -431.4888
v -92.03934 0 -431.0698
v -90.30004 0 -430.8997
v -91.42134 0 -430.1095
v -90.31725 0 -430.6017
v -90.03404 0 -430.6962
v -90.50385 0 -429.4073
v -89.47434 0 -430.8829
v -89.41544 0 -429.0618
v -88.91754 0 -431.0686
v -88.28474 0 -429.1714
v -12.24104 0 -456.6448
v -11.60814 0 -454.7476
v -11.68464 0 -456.8303
v -11.05174 0 -454.9331
v -11.32125 0 -456.9515
v -10.19774 0 -455.397
v -10.95665 0 -457.0732
v -9.534345 0 -456.1121
v -10.97974 0 -457.4568
v -9.118345 0 -456.9942
v -11.00284 0 -457.8392
v -9.006445 0 -457.9597
v -11.11944 0 -459.772
v -9.123145 0 -459.8925
v 50.17105 0 -577.0415
v 1.877655 0 -590.955
v 2.329355 0 -592.3851
v 49.82616 0 -575.5796
v -91.15575 0 -626.8463
v -83.58234 0 -628.7515
v -84.20854 0 -625.8176
v -90.71715 0 -629.808
v -174.1785 0 -639.0855
v -173.7424 0 -642.0297
v -183.7265 0 -640.4993
v -183.6637 0 -643.4987
v -91.38104 0 -603.3667
v -93.23585 0 -605.9435
v -91.23405 0 -605.918
v -93.37775 0 -603.4818
v -93.48344 0 -605.9802
v -91.39155 0 -607.0015
v -93.73244 0 -606.0171
v -91.93095 0 -607.9608
v -93.98135 0 -606.0539
v -92.76074 0 -608.6839
v -94.22904 0 -606.0906
v -93.78964 0 -609.0582
v -177.2439 0 -618.3826
v -176.8046 0 -621.3502
v -177.4581 0 -618.4143
v -177.7788 0 -621.3127
v -177.6731 0 -618.4462
v -178.6883 0 -620.9527
v -177.8895 0 -618.4781
v -179.454 0 -620.3338
v -178.1043 0 -618.5099
v -179.9968 0 -619.5201
v -178.2365 0 -618.5296
v -178.2419 0 -618.4468
v -180.2377 0 -618.5752
v -178.2927 0 -617.6564
v -180.2885 0 -617.7848
v -183.0007 0 -544.4677
v -184.9966 0 -544.5961
v -183.4102 0 -538.1018
v -185.4061 0 -538.2303
v -183.9763 0 -529.3021
v -185.9722 0 -529.4305
v -189.68 0 -440.6358
v -191.6759 0 -440.7642
v -189.7101 0 -440.1682
v -191.5183 0 -439.6613
v -189.7403 0 -439.6981
v -190.9651 0 -438.6872
v -189.273 0 -439.6386
v -190.1134 0 -437.9594
v -188.8082 0 -439.5796
v -189.0604 0 -437.5956
v -187.8812 0 -439.4618
v -188.1335 0 -437.4778
v -104.5096 0 -428.8628
v -104.7618 0 -426.8788
v -104.0857 0 -428.8089
v -103.796 0 -426.934
v -103.6606 0 -428.7549
v -102.8995 0 -427.3053
v -103.4467 0 -428.7276
v -103.4343 0 -428.9429
v -102.1485 0 -427.9294
v -103.4097 0 -429.3708
v -101.6194 0 -428.7428
v -103.3851 0 -429.7973
v -101.3884 0 -429.6822
v -103.2108 0 -432.8226
v -101.2141 0 -432.7075
v -19.17715 0 -599.0199
v -73.47544 0 -612.6896
v -73.07034 0 -614.1332
v -19.58254 0 -597.5751
v -95.33044 0 -619.1337
v -172.6333 0 -629.0385
v -172.4139 0 -630.5203
v -95.55045 0 -617.6478
v -196.5801 0 -630.8859
v -237.0387 0 -625.1472
v -237.1962 0 -626.6403
v -196.4232 0 -629.3969
v 160.1037 0 -468.0443
v 162.0011 0 -468.935
v 160.9276 0 -467.2475
v 161.634 0 -469.1685
v -448.9595 0 -163.8406
v -450.2976 0 -166.5143
v -448.0654 0 -164.5253
v -447.4803 0 -165.4836
v -449.7928 0 -167.894
v -446.9754 0 -166.8633
v -406.9612 0 -284.9732
v -404.1439 0 -283.9425
v -439.5158 0 -142.6001
v -445.0442 0 -142.881
v -443.2924 0 -145.3164
v -441.2675 0 -140.1646
v -444.2494 0 -145.7715
v -351.444 0 -79.3438
v -353.1817 0 -76.928
v -351.136 0 -79.1223
v -444.2494 0 -145.7715
v -445.0442 0 -142.881
v -445.3044 0 -145.8697
v -448.2151 0 -142.6048
v -448.4753 0 -145.5935
v -503.5258 0 -137.7868
v -503.786 0 -140.7755
v -432.2625 0 -147.5468
v -347.8987 0 -88.7583
v -348.7745 0 -87.5405
v -431.3867 0 -148.7645
v -334.8083 0 -72.3312
v -300.4529 0 -33.3069
v -301.6085 0 -32.3462
v -333.657 0 -73.2885
v -510.735 0 -150.0224
v -504.6321 0 -150.4888
v -504.502 0 -148.9944
v -510.1318 0 -151.3958
v -503.786 0 -140.7755
v -515.2584 0 -139.7219
v -514.0522 0 -142.4687
v -503.5258 0 -137.7868
v -561.8018 0 -172.4462
v -510.1318 0 -151.3958
v -510.735 0 -150.0224
v -561.197 0 -173.8232
v -504.502 0 -148.9944
v -452.3101 0 -155.0463
v -452.1799 0 -153.552
v -504.6321 0 -150.4888
v -179.6163 0 -140.3612
v -198.8273 0 -215.9722
v -197.3496 0 -216.2304
v -181.0777 0 -140.0229
v -176.4657 0 -115.0703
v -160.2666 0 -19.1358
v -161.7493 0 -18.9089
v -174.9829 0 -115.2972
v -376.7476 0 -293.3668
v -323.6552 0 -288.8567
v -323.8242 0 -287.3667
v -376.5783 0 -294.8576
v -301.6003 0 -286.0071
v -219.6898 0 -286.2729
v -219.7123 0 -284.7727
v -301.5778 0 -287.5065
v 303.7495 0 -517.9598
v 415.7359 0 -446.812
v 414.9173 0 -445.5551
v 304.5683 0 -519.2167
v 149.3092 0 -65.3296
v 145.1065 0 -18.5004
v 143.6176 0 -18.6821
v 150.7982 0 -65.148
v 167.3967 0 -227.5102
v 152.4669 0 -156.1864
v 151.0081 0 -156.5226
v 168.8612 0 -227.1728
v 186.1362 0 -238.681
v 324.287 0 -208.3881
v 323.9503 0 -206.9264
v 186.473 0 -240.1427
v 7.344855 0 142.5115
v 6.825055 0 144.4902
v 6.382655 0 142.6468
v 7.255055 0 144.5095
v 6.393655 0 144.4708
v 5.516755 0 143.0942
v 6.176556 0 144.4611
v 6.183455 0 144.6783
v 4.818555 0 143.7832
v 6.197055 0 145.1099
v 4.359756 0 144.6431
v 6.210655 0 145.5401
v 4.211656 0 145.6034
v 10.31626 0 275.2853
v 8.317255 0 275.3486
v 10.32076 0 275.4303
v 8.321754 0 275.4936
v 10.33645 0 275.9237
v 8.602156 0 276.6098
v 10.35216 0 276.4201
v 9.287756 0 277.5431
v 10.84875 0 276.4092
v 10.25656 0 278.1778
v 11.34225 0 276.3984
v 11.38616 0 278.3979
v 66.83736 0 275.1797
v 66.88126 0 277.1792
v 67.25596 0 275.1705
v 67.81776 0 276.9865
v 67.67576 0 275.1612
v 68.64306 0 276.4984
v 67.88696 0 275.1566
v 67.87206 0 274.9459
v 69.29285 0 275.7855
v 67.84245 0 274.527
v 69.70265 0 274.9185
v 67.81286 0 274.1094
v 69.80795 0 273.9683
v 58.99576 0 149.4498
v 60.99075 0 149.3087
v 58.87296 0 147.7138
v 60.86796 0 147.5727
v 58.84165 0 147.2707
v 60.58235 0 146.5348
v 58.81016 0 146.8253
v 59.94525 0 145.6607
v 58.36416 0 146.8053
v 59.05495 0 145.0461
v 57.92036 0 146.7853
v 58.01006 0 144.7874
v -0.3704448 0 290.6972
v -2.375045 0 290.211
v -0.6332445 0 289.5607
v -2.370445 0 290.7158
v -2.379745 0 289.7031
v -1.315745 0 288.6053
v -2.887745 0 289.7142
v -2.292045 0 287.9529
v -3.392345 0 289.7253
v -3.436245 0 287.7257
v 0.5727549 0 392.5476
v -1.427145 0 392.5661
v 0.3308554 0 393.6892
v -1.422445 0 393.0711
v -0.3343449 0 394.6574
v -1.417745 0 393.5796
v -1.298945 0 395.3276
v -1.926045 0 393.5775
v -2.439245 0 395.5754
v -2.431145 0 393.5755
v -3.308145 0 395.5718
v -3.299945 0 393.5719
v -53.33704 0 290.8221
v -53.38094 0 288.8226
v -53.81314 0 290.8326
v -54.47665 0 289.08
v -54.29195 0 290.8431
v -55.40504 0 289.7278
v -54.30334 0 291.3218
v -56.05474 0 290.6549
v -54.31474 0 291.7979
v -56.31424 0 291.7502
v -54.33125 0 292.4861
v -56.33065 0 292.4384
v -55.72955 0 395.3586
v -55.72134 0 393.3586
v -56.87194 0 395.0993
v -56.22974 0 393.3565
v -57.83315 0 394.416
v -56.74144 0 393.3545
v -58.48925 0 393.4362
v -56.72915 0 392.8429
v -58.71645 0 392.2869
v -56.71704 0 392.3347
v 141.9424 0 15.1582
v 149.0023 0 132.7043
v 147.504 0 132.7742
v 143.4408 0 15.0874
v -158.4641 0 15.3028
v -160.9964 0 116.6284
v -161.746 0 116.6041
v -157.7145 0 15.3271
v -159.2137 0 15.2785
v -162.4957 0 116.5798
v -339.2021 0 497.2498
v -216.7202 0 565.1917
v -217.4618 0 566.4955
v -338.4604 0 495.946
v -397.4268 0 -278.2907
v -436.7883 0 -166.3309
v -438.1969 0 -166.8462
v -396.018 0 -277.7754
v -337.9963 0 229.6627
v -348.5632 0 320.7018
v -350.0502 0 320.5045
v -336.5094 0 229.86
v -64.82565 0 -208.2268
v -38.84924 0 -163.2695
v -40.16964 0 -162.5563
v -63.50644 0 -208.9393
v -53.84985 0 -228.502
v 86.41415 0 -252.4445
v 86.64966 0 -250.9677
v -54.08675 0 -229.9878
v 464.0037 0 299.0024
v 580.1971 0 -72.9548
v 581.6243 0 -72.5009
v 462.5771 0 298.5317
v 390.6232 0 159.1047
v 459.6483 0 -37.5823
v 461.529 0 -36.9019
v 388.7425 0 158.4243
v 333.4659 0 106.5179
v 302.0315 0 -6.9602
v 303.482 0 -7.3422
v 332.0154 0 106.8999
v 226.3779 0 -13.2077
v 285.3541 0 -21.5435
v 285.5266 0 -20.0535
v 226.2052 0 -14.6979
v 314.304 0 -24.7263
v 365.71 0 -36.6784
v 366.0078 0 -35.2081
v 314.006 0 -26.1963
v -480.9713 0 144.0472
v -481.4015 0 146.9796
v -482.0861 0 144.0587
v -549.4268 0 162.8357
v -550.4545 0 160.0172
v -553.2808 0 152.2667
v -487.2329 0 135.2621
v -486.8836 0 136.7198
v -553.7949 0 150.8569
v -445.8266 0 146.4699
v -356.1975 0 202.8708
v -357.0143 0 204.1289
v -445.0099 0 145.2118
v -442.6599 0 122.5774
v -354.8499 0 86.9687
v -354.3081 0 88.3684
v -443.201 0 121.1793
v 349.2795 0 -192.5741
v 367.4857 0 -136.8976
v 366.0485 0 -136.4681
v 350.7168 0 -193.0036
v -122.2004 0 526.3251
v -107.1949 0 601.1636
v -108.6721 0 601.4299
v -120.7252 0 526.0591
v 92.27106 0 515.2452
v 72.14835 0 613.989
v 70.68316 0 613.6677
v 93.73625 0 515.5665
v -470.8199 0 153.6893
v -480.7554 0 258.0347
v -482.2466 0 257.8711
v -469.3289 0 153.8529
v -265.847 0 310.7901
v -267.6017 0 309.7084
v -265.6096 0 309.8864
v -267.6339 0 310.0699
v -267.1692 0 304.8657
v -265.177 0 305.0437
v -259.9028 0 223.5045
v -257.9108 0 223.6824
v -259.8879 0 223.3375
v -258.0203 0 222.6671
v -259.9556 0 223.3427
v -169.7144 0 203.5816
v -240.3019 0 210.5405
v -240.4175 0 209.045
v -169.5988 0 205.0772
v -264.8723 0 210.9346
v -319.592 0 216.6674
v -319.7076 0 215.1718
v -264.7567 0 212.4301
v -406.9348 0 -501.6666
v -464.1035 0 -517.6201
v -463.6638 0 -519.0543
v -407.3745 0 -500.2325
vt 72.125 22.35938
vt 70.875 24.53125
vt 72.6875 23.15625
vt 70.3125 23.73438
vt 73.0625 23.875
vt 73.125 24.65625
vt 23.57813 -41.625
vt 21.79688 -40.28125
vt 22.98438 -42.15625
vt 21.67188 -40.40625
vt 22.21875 -42.40625
vt 21.5625 -40.5625
vt 21.40625 -42.4375
vt 21.4375 -40.71875
vt 65.375 29.4375
vt 63.21875 28.82813
vt 65 30.15625
vt 64.4375 30.71875
vt 58.96875 31.60938
vt 60.21875 33.5
vt -12.11719 78.5625
vt -10.85938 80.4375
vt -11.57813 80.75
vt -12.35156 80.8125
vt -13.09375 80.5625
vt -13.72656 80.125
vt -61.65625 28.01563
vt -63.25 29.59375
vt -61.75 27.90625
vt -63.6875 28.98438
vt -61.84375 27.79688
vt -63.84375 28.26563
vt -61.96875 27.70313
vt -63.8125 27.53125
vt -62.0625 27.59375
vt -63.53125 26.82813
vt -62.15625 27.48438
vt -63.0625 26.26563
vt -60.96875 26.53125
vt -61.90625 25.34375
vt -19.51563 -6.8125
vt -20.46875 -7.996094
vt -16.0625 -9.59375
vt -17 -10.78125
vt -10.36719 -14.17188
vt -11.32031 -15.35938
vt 28.625 -45.53125
vt 27.67188 -46.71875
vt 28.76563 -45.65625
vt 28.39063 -47.09375
vt 28.85938 -45.5
vt 29.1875 -47.15625
vt -33.03125 87.375
vt -34.34375 85.5625
vt -33.78125 87.75
vt -34.65625 87.75
vt -35.46875 87.5
vt -36.125 86.9375
vt 34.90625 37.46875
vt 33.5625 35.625
vt 37.5625 35.53125
vt 36.21875 33.6875
vt 38.09375 34.9375
vt 36.34375 33.5625
vt 38.375 34.21875
vt 36.5 33.46875
vt 38.4375 33.4375
vt 36.65625 33.375
vt 38.25 32.6875
vt 36.8125 33.25
vt 38.1875 32.5625
vt 36.84375 33.21875
vt 37.34375 30.84375
vt 36 31.5
vt -0.4013672 -47.53125
vt -1.75 -46.90625
vt -0.8833008 -48.15625
vt -1.914063 -47.21875
vt -1.564453 -48.59375
vt -2.078125 -47.5625
vt -2.349609 -48.75
vt -2.162109 -47.71875
vt -2.310547 -47.625
vt -3.146484 -48.6875
vt -2.607422 -47.375
vt -3.857422 -48.3125
vt -2.904297 -47.125
vt -86.1875 18.01563
vt -85.25 19.20313
vt -87 18.67188
vt -86.0625 19.84375
vt -87.5625 19.34375
vt -85.9375 20
vt -87.8125 20.1875
vt -85.875 20.14063
vt -87.75 21.04688
vt -85.75 20.29688
vt -87.375 21.82813
vt -85.625 20.4375
vt -85.8125 23.85938
vt -84 22.46875
vt -60 18.92188
vt -61.15625 13.57813
vt -62.96875 14.92188
vt -58.1875 17.54688
vt -63.3125 14.21875
vt -63.375 13.42188
vt -63.1875 12.64844
vt -62.75 11.98438
vt -60.4375 12.86719
vt -62.0625 11.27344
vt -1.414063 -47.34375
vt -3.042969 -48.9375
vt -1.288086 -47.46875
vt -2.396484 -49.375
vt -1.162109 -47.59375
vt -1.636719 -49.5625
vt -1.033203 -47.71875
vt -0.8554688 -49.5
vt -0.9106445 -47.84375
vt -0.1403809 -49.1875
vt -0.878418 -47.90625
vt -0.8027344 -47.78125
vt 0.416748 -48.65625
vt 34.9375 2.494141
vt 36.15625 1.626953
vt 37.125 5.539063
vt 38.34375 4.671875
vt 37.3125 5.820313
vt 38.6875 5.488281
vt 37.40625 5.964844
vt 37.3125 6.109375
vt 38.71875 6.386719
vt 37.125 6.394531
vt 38.375 7.226563
vt 35.875 8.257813
vt 37.15625 9.09375
vt -11.32813 79.875
vt -10.0625 80.75
vt -11.44531 80.0625
vt -10.67188 81.3125
vt -11.48438 80.125
vt -11.57813 80
vt -11.46875 81.625
vt -11.70313 79.8125
vt -12.32031 81.625
vt -11.83594 79.6875
vt -13.125 81.375
vt -11.96094 79.5
vt -13.75781 80.875
vt 9.695313 66.0625
vt 8.515625 68
vt 10.30469 66.625
vt 10.63281 67.4375
vt -62.46875 20.84375
vt -63.6875 22.76563
vt -66.125 18.54688
vt -67.3125 20.48438
vt -66.8125 18.26563
vt -50.34375 6.5
vt -49.5625 8.539063
vt -49.53125 6.34375
vt -48.6875 6.488281
vt -48 6.933594
vt 5.738281 62.53125
vt 7.304688 60.9375
vt 7.589844 64.3125
vt 9.164063 62.75
vt 7.707031 64.4375
vt 9.59375 63.34375
vt 7.824219 64.5625
vt 9.789063 64.0625
vt 7.945313 64.6875
vt 9.75 64.8125
vt 8.0625 64.8125
vt 9.5 65.5
vt 54.15625 30.51563
vt 52.1875 31.64063
vt 54.40625 31.32813
vt 54.34375 32.1875
vt 54 32.96875
vt 53.40625 33.5625
vt -41.9375 91.1875
vt -40.71875 93.125
vt -42.09375 91.3125
vt -41.4375 93.375
vt -42.25 91.375
vt -42.21875 93.375
vt -42.40625 91.5
vt -42.96875 93.1875
vt -42.59375 91.625
vt -43.59375 92.6875
vt -42.625 91.5
vt -44.03125 92.0625
vt -74.875 10.67188
vt -76.25 11.22656
vt -75.8125 8.265625
vt -77.1875 8.820313
vt -75.9375 7.988281
vt -77.375 8.085938
vt -76 7.707031
vt -77.25 7.339844
vt -75.75 7.535156
vt -76.9375 6.660156
vt -75.5 7.367188
vt -76.375 6.121094
vt -74.1875 6.441406
vt -75.0625 5.195313
vt -42.5625 -15.60156
vt -43.4375 -16.84375
vt -38.375 -18.5
vt -39.25 -19.75
vt -33.125 -22.15625
vt -34 -23.40625
vt 6.054688 -49.46875
vt 5.1875 -50.71875
vt 6.113281 -49.5
vt 5.867188 -51.03125
vt 6.164063 -49.4375
vt 6.246094 -49.28125
vt 6.609375 -51.0625
vt 6.328125 -49.15625
vt 7.335938 -50.90625
vt 6.410156 -49
vt 7.96875 -50.53125
vt 6.488281 -48.875
vt 8.4375 -49.96875
vt -47.21875 37
vt -49.625 32.5
vt -50.9375 34.34375
vt -45.90625 35.1875
vt -51.5 33.78125
vt -51.8125 33.03125
vt -51.84375 32.21875
vt -51.625 31.46875
vt -49.28125 31.84375
vt -51.25 30.79688
vt -16.5 59
vt -15.1875 57.125
vt -16.15625 59.25
vt -14.82813 57.375
vt -16.07813 59.28125
vt -6.289063 65.25
vt -5.097656 63.34375
vt -6.191406 -50.09375
vt -8.179688 -51.125
vt -6.113281 -50.25
vt -7.726563 -51.71875
vt -6.039063 -50.375
vt -7.101563 -52.125
vt -5.957031 -50.53125
vt -6.382813 -52.3125
vt -5.882813 -50.6875
vt -5.640625 -52.28125
vt -5.835938 -50.75
vt -5.777344 -50.71875
vt -4.953125 -52
vt 98.4375 16.40625
vt 99.25 15.13281
vt 98.5 16.45313
vt 99.8125 15.65625
vt 98.4375 16.51563
vt 98.375 16.64063
vt 100.125 16.32813
vt 98.25 16.78125
vt 100.25 17.07813
vt 98.125 16.90625
vt 100.125 17.82813
vt 98 17.03125
vt 99.75 18.46875
vt 38.5 88.0625
vt 40.21875 89.5
vt 37.40625 89.375
vt 39.125 90.8125
vt 38.5 91.3125
vt 37.75 91.5625
vt 36.9375 91.5625
vt 36.1875 91.3125
vt 26.0625 -52.5
vt 27.85938 -51.09375
vt 26.71875 -53.03125
vt 27.5 -53.28125
vt 28.34375 -53.25
vt 29.125 -52.9375
vt 29.75 -52.375
vt 49.125 -19.875
vt 51 -21.15625
vt 49.28125 -19.67188
vt 51.3125 -20.48438
vt 49.40625 -19.46875
vt 51.40625 -19.75
vt 49.5625 -19.26563
vt 51.21875 -19.03125
vt 1.640625 -21.28125
vt 3.410156 -19.89063
vt 1.264648 -20.51563
vt 1.194336 -19.65625
vt 1.427734 -18.8125
vt 1.958984 -18.14063
vt 36.3125 10.25781
vt 37.78125 8.5
vt 37.0625 10.63281
vt 37.9375 8.625
vt 37.90625 10.70313
vt 38.09375 8.757813
vt 38.71875 10.5
vt 38.25 8.898438
vt -48.875 -0.4455566
vt -47.78125 -2.503906
vt -49.34375 -0.8696289
vt -47.3125 -2.068359
vt -49.8125 -1.530273
vt -50 -2.318359
vt -49.9375 -3.125
vt -49.59375 -3.849609
vt -45.1875 -6.003906
vt -47 -7.339844
vt 31.67188 76.4375
vt 33.25 74.8125
vt 34.0625 78.75
vt 35.625 77.0625
vt 34.71875 79.125
vt 35.75 77.1875
vt 35.46875 79.3125
vt 35.90625 77.3125
vt 36.25 79.25
vt 36.03125 77.5
vt 36.96875 78.9375
vt 36.15625 77.625
vt 37.0625 78.8125
vt 36.1875 77.625
vt 38.5625 77.75
vt 37.6875 76.5625
vt 88.375 41.3125
vt 87.5 40.125
vt 88.875 40.71875
vt 87.8125 39.875
vt 89.1875 39.9375
vt 88.125 39.625
vt 89.1875 39.09375
vt 88.3125 39.5
vt 88.125 39.375
vt 88.9375 38.3125
vt 87.8125 39.15625
vt 88.375 37.6875
vt 87.4375 38.90625
vt -17.53125 -41.59375
vt -18.45313 -40.375
vt -18.3125 -42.1875
vt -19.21875 -40.96875
vt -19.10938 -42.53125
vt -19.32813 -40.8125
vt -19.98438 -42.5625
vt -19.45313 -40.65625
vt -20.82813 -42.28125
vt -19.5625 -40.5
vt -21.48438 -41.71875
vt -19.67188 -40.375
vt -23.375 -39.15625
vt -21.5625 -37.8125
vt 78.5625 48.375
vt 77.1875 49.03125
vt 77.1875 49.0625
vt 78.0625 47.78125
vt 77.125 48.9375
vt 77.0625 49.1875
vt 78.8125 49.09375
vt 76.9375 49.3125
vt 78.875 49.875
vt 76.8125 49.40625
vt 78.625 50.59375
vt 76.625 49.53125
vt 78.1875 51.21875
vt 76 50.125
vt 77.5625 51.78125
vt 47.6875 75.8125
vt 49.1875 77.4375
vt 47.5625 75.9375
vt 48.5 77.875
vt 47.40625 76.0625
vt 47.6875 78
vt 47.28125 76.125
vt 46.875 77.875
vt 47.125 76.3125
vt 46.15625 77.4375
vt 46.09375 77.375
vt -45.5 -9.4375
vt -46.53125 -8.328125
vt -45.84375 -9.757813
vt -46.875 -8.640625
vt -47.21875 -11.00781
vt -48.21875 -9.898438
vt -47.46875 -11.25
vt -48.71875 -10.58594
vt -47.71875 -11.49219
vt -48.9375 -11.40625
vt -47.5 -11.76563
vt -48.84375 -12.24219
vt -47.28125 -12.03906
vt -48.46875 -12.98438
vt -45.8125 -13.85938
vt -47 -14.80469
vt -45.15625 -14.67969
vt -46.3125 -15.625
vt -28.1875 -35.59375
vt -29.34375 -36.5625
vt -27.90625 -35.9375
vt -29.07813 -36.875
vt -27.67188 -36.21875
vt -28.39063 -37.4375
vt -27.4375 -36.53125
vt -27.54688 -37.6875
vt -27.14063 -36.28125
vt -26.67188 -37.59375
vt -26.85938 -36.03125
vt -25.89063 -37.21875
vt -25.3125 -34.75
vt -24.34375 -35.9375
vt -109.625 17.125
vt -107.8125 15.76563
vt -110 16.40625
vt -110.0625 15.59375
vt -109.875 14.8125
vt -109.375 14.14063
vt -107.1875 15.15625
vt -108.75 13.51563
vt -86.75 47.78125
vt -84.9375 46.4375
vt -84.5625 50.75
vt -82.75 49.40625
vt -84.375 50.96875
vt -84.125 51.15625
vt -81.75 53.03125
vt -80.375 51.28125
vt -75.125 -15.85938
vt -76.75 -17.5
vt -64.625 -26.0625
vt -66.1875 -27.70313
vt -64.125 -26.54688
vt -65.375 -28.23438
vt -63.375 -27.29688
vt -63.875 -28.73438
vt -35.40625 89.5625
vt -34 87.8125
vt -34.90625 89.9375
vt -33.5 88.1875
vt -34.125 90.3125
vt -33.25 90.375
vt -32.40625 90.125
vt -31.73438 89.625
vt 38.3125 2.203125
vt 36.53125 0.7773438
vt 44.78125 -5.886719
vt 43 -7.3125
vt 45.15625 -6.589844
vt 45.25 -7.371094
vt 45.09375 -8.140625
vt 27.29688 -53.09375
vt 25.20313 -52.25
vt 25.6875 -57.15625
vt 23.59375 -56.3125
vt 25.21875 -57.84375
vt 23.51563 -56.5
vt 24.53125 -58.34375
vt 23.45313 -56.65625
vt 23.70313 -58.5625
vt 23.375 -56.84375
vt 5.488281 -30.85938
vt 8.523438 -31.25
vt 6.667969 -32.53125
vt 7.339844 -29.5625
vt 7.210938 -33.09375
vt -19.51563 4.917969
vt -17.67188 6.210938
vt -19.8125 5.589844
vt -17.78125 6.371094
vt -19.85938 6.328125
vt -17.89063 6.527344
vt 23.82813 45.5625
vt 22.46875 48.40625
vt 24.59375 47.625
vt 21.6875 46.34375
vt 24.71875 48.40625
vt 24.57813 49.1875
vt -1.419922 -20.60938
vt -3.521484 -19.79688
vt -2.310547 -22.90625
vt -4.414063 -22.09375
vt 38.46875 41.375
vt 36.75 39.90625
vt 37.84375 41.875
vt -1.222656 61.375
vt -0.125 63.3125
vt -9.296875 65.875
vt -8.445313 68
vt 55.5625 65.0625
vt 10.35156 -1.473633
vt 9.421875 -0.8217773
vt 56.5 64.375
vt 26.23438 -52.78125
vt 27.125 -51.53125
vt 26.45313 -52.875
vt 26.90625 -51.4375
vt 26.5625 -52.9375
vt 27.25 -51.34375
vt 27.32813 -53.15625
vt 27.35938 -51.21875
vt 28.10938 -53.0625
vt 27.46875 -51.0625
vt 28.82813 -52.75
vt 27.5625 -50.90625
vt 29.39063 -52.21875
vt -87.1875 2.726563
vt -86.5 4.089844
vt 62.21875 -3.121094
vt 64 -4.4375
vt 64.3125 -3.783203
vt 64.4375 -3.052734
vt 64.25 -2.328125
vt 63.9375 -1.680664
vt 63.40625 -1.182617
vt 25.75 19.5
vt 26.9375 21.42188
vt 26.64063 21.60938
vt 46.8125 50.59375
vt 65.25 78.9375
vt 66.1875 78.25
vt 45.90625 51.3125
vt 80.625 18.71875
vt 83 19.54688
vt 81.375 17.95313
vt 82.1875 20.3125
vt 82.125 17.48438
vt 50.0625 48.8125
vt 51.65625 50.4375
vt 49.78125 49.03125
vt 51.375 50.65625
vt 49.1875 49.625
vt 50.78125 51.25
vt 48.78125 50.1875
vt 50.59375 51.40625
vt 48.53125 50.84375
vt 50.40625 51.59375
vt 48.53125 51.53125
vt 50.25 51.75
vt -108.5 -27.5625
vt -108.8125 -25.34375
vt -107.6875 -27.28125
vt -107.0625 -26.75
vt -106.625 -26.01563
vt -108.6875 -25.04688
vt -106.5625 -25.71875
vt -89.25 36.5
vt -87.1875 35.59375
vt -63.125 81.6875
vt -61.1875 80.5625
vt -57.4375 91.5625
vt -55.5 90.4375
vt -57.375 91.6875
vt -55.25 91.1875
vt -57.28125 91.875
vt -55.25 92
vt -57.1875 92
vt -55.53125 92.75
vt -57.0625 92.1875
vt -56.0625 93.3125
vt -116.375 12.21094
vt -114.4375 10.95313
vt -116.6875 11.40625
vt -116.6875 10.53125
vt -116.375 9.71875
vt -115.75 9.070313
vt -114.375 10.86719
vt -115.625 8.992188
vt -81.375 64.4375
vt -79.6875 63
vt -44.78125 99.25
vt -43.21875 97.625
vt -44.125 99.625
vt -43.40625 99.75
vt -21.875 -52.3125
vt -23.15625 -54.21875
vt -22.45313 -54.5
vt 30.82813 27.76563
vt 65.0625 78.625
vt 66 77.9375
vt 29.89063 28.42188
vt 6.003906 -30.10938
vt 5.21875 -32
vt 4.6875 -30.60938
vt 6.539063 -31.51563
vt 5.226563 -32.03125
vt 4.535156 -30.65625
vt 5.253906 -32.21875
vt 3.882813 -31.0625
vt 5.277344 -32.40625
vt 3.396484 -31.64063
vt 5.304688 -32.59375
vt 3.123047 -32.34375
vt 5.332031 -32.78125
vt 3.103516 -33.09375
vt 121.9375 13.75781
vt 122.5 12.33594
vt 124 14.53906
vt 124.5 13.125
vt 124.5 14.71875
vt 124.6875 13.02344
vt 125.1875 14.85938
vt 124.875 12.88281
vt -39 55.15625
vt -36 54.71875
vt -37.875 53.46875
vt -37.15625 56.40625
vt 15.10938 -20.75
vt 13.25 -22.01563
vt 16.92188 -23.42188
vt 15.0625 -24.6875
vt 17.0625 -23.625
vt 15.625 -25.25
vt 17.1875 -23.8125
vt 16.35938 -25.59375
vt 72.6875 7.511719
vt 71.625 9.539063
vt 73.3125 8.140625
vt 71.5 9.445313
vt 71.8125 9.640625
vt 73.625 8.960938
vt 71.9375 9.742188
vt 73.6875 9.859375
vt 72.125 9.835938
vt 73.375 10.6875
vt 71.875 10.1875
vt 73.125 11.03125
vt -4.679688 -40.6875
vt -5.867188 -38.78125
vt -5.433594 -41
vt -6.023438 -38.90625
vt -6.257813 -41
vt -6.183594 -39
vt -7.035156 -40.6875
vt -6.347656 -39.09375
vt -7.660156 -40.15625
vt -6.503906 -39.1875
vt -8.734375 -38.75
vt -7.53125 -37.8125
vt 45.4375 49.96875
vt 46.71875 50.8125
vt 45.25 50.25
vt 46.15625 51.34375
vt 45.0625 50.5625
vt 45.5 51.6875
vt 44.96875 50.6875
vt 44.84375 50.59375
vt 44.75 51.78125
vt 44.59375 50.375
vt 44 51.65625
vt 44.3125 50.15625
vt 43.34375 51.3125
vt -28.75 -12.5625
vt -27.54688 -11.64063
vt -29.10938 -11.78906
vt -27.76563 -11.35156
vt -29.17188 -10.9375
vt -27.98438 -11.0625
vt -28.9375 -10.11719
vt -27.71875 -10.83594
vt -28.42188 -9.453125
vt -27.45313 -10.60156
vt -28 -9.101563
vt -27.03125 -10.24219
vt 46.59375 14.03125
vt 46.15625 17.26563
vt 47.96875 15.92188
vt 44.75 15.38281
vt 46.25 17.40625
vt 48.3125 16.625
vt 46.375 17.54688
vt 48.375 17.39063
vt 46.46875 17.6875
vt 48.15625 18.15625
vt 46.59375 17.875
vt 47.75 18.82813
vt 46.46875 17.9375
vt 47.125 19.29688
vt 0.3024902 -48.125
vt -1.499023 -46.78125
vt -0.2692871 -48.625
vt -1.607422 -46.90625
vt -0.9902344 -48.9375
vt -1.716797 -47.0625
vt -1.776367 -49
vt -1.825195 -47.21875
vt -2.53125 -48.78125
vt -1.953125 -47.375
vt -2.644531 -48.71875
vt -4.558594 -47.75
vt -3.867188 -46.40625
vt -66.8125 -16
vt -66.125 -14.64063
vt -67.5 -15.44531
vt -66.4375 -14.46875
vt -67.9375 -14.67969
vt -66.8125 -14.30469
vt -68.0625 -13.8125
vt -66.625 -13.96875
vt -67.8125 -12.97656
vt -66.5 -13.64063
vt -67.75 -12.84375
vt -66.4375 -13.50781
vt -34.0625 55.5
vt -32.71875 54.8125
vt -34 55.625
vt -32.65625 54.96875
vt -33.46875 56.28125
vt -32.5 55.28125
vt -32.71875 56.71875
vt -32.3125 55.625
vt -31.84375 56.84375
vt -32 55.4375
vt -31 56.65625
vt -31.65625 55.28125
vt 7.089844 38.4375
vt 6.433594 37.0625
vt 12.48438 35.84375
vt 11.83594 34.46875
vt 17.39063 33.5
vt 16.73438 32.125
vt -75.8125 38.28125
vt -76.875 37.21875
vt -76.4375 38.625
vt -76.75 37.125
vt -77 37.3125
vt -77.1875 38.71875
vt -77 37.25
vt -77.0625 37.0625
vt -77.875 38.5625
vt -77.125 36.875
vt -78.5625 38.25
vt -77.1875 36.6875
vt -79.0625 37.75
vt -64.75 29.9375
vt -65.625 28.73438
vt -62.15625 27.98438
vt -63.15625 26.82813
vt -56.15625 22.375
vt -57.1875 21.26563
vt -0.9345703 -29.39063
vt -1.967773 -30.5
vt 0.7075195 -30.9375
vt -0.3254395 -32.03125
vt 1.245117 -31.73438
vt -0.07537842 -32.25
vt 1.407227 -32.65625
vt -0.08843994 -32.59375
vt -5.582031 140
vt -4.265625 138.25
vt -6.09375 139.5
vt -4.15625 138.375
vt -49.3125 75.1875
vt -51.125 76.5
vt -51.875 71.5625
vt -53.65625 72.9375
vt -56.78125 65.375
vt -58.53125 66.75
vt -94.9375 17.10938
vt -96.6875 18.5
vt -95.0625 16.95313
vt -97.0625 17.78125
vt -95.1875 16.8125
vt -97.125 16.96875
vt -95.3125 16.64063
vt -96.9375 16.17188
vt -95.375 16.5
vt -96.4375 15.49219
vt -95.1875 16.42188
vt -95.8125 15.02344
vt -67.125 4.746094
vt -67.6875 3.34375
vt 11.64063 -28.01563
vt 11.05469 -29.42188
vt 11.99219 -28.17188
vt 11.92188 -29.57813
vt 12.33594 -28.3125
vt 12.77344 -29.39063
vt 12.48438 -27.96875
vt 13.51563 -28.92188
vt 12.63281 -27.625
vt 14.00781 -28.21875
vt 42.0625 42.15625
vt 43.4375 41.5625
vt 43.90625 46.53125
vt 45.28125 45.96875
vt -1.56543 -29.125
vt 0.2758789 -28.89063
vt -1.114258 -29.79688
vt 0.3464355 -28.65625
vt 0.2407227 -29.01563
vt -0.8286133 -30.07813
vt 3.4375 -32.1875
vt 2.367188 -33.28125
vt 13.26563 -42.03125
vt 12.19531 -43.09375
vt 13.48438 -42.25
vt 12.86719 -43.5625
vt 13.59375 -42.34375
vt 13.73438 -42.3125
vt 13.64844 -43.75
vt 10.44531 -1.34375
vt 59.21875 70.3125
vt 60.15625 69.625
vt 9.515625 -0.6914063
vt -23.23438 -51.9375
vt -21.48438 -50.46875
vt -22.67188 -52.40625
vt -22 -52.65625
vt -21.26563 -52.6875
vt -20.5625 -52.53125
vt -19.9375 -52.15625
vt 15.36719 -16.625
vt 16.90625 -18.29688
vt 24.03125 -8.65625
vt 25.57813 -10.34375
vt 24.40625 -8.320313
vt 26.125 -9.554688
vt 24.78125 -7.984375
vt 26.29688 -8.625
vt -52.25 -17.64063
vt -50.53125 -16.1875
vt -56.8125 -12.23438
vt -55.09375 -10.78125
vt -57.21875 -11.58594
vt -55.25 -10.59375
vt -57.34375 -10.84375
vt -55.40625 -10.40625
vt -57.25 -10.09375
vt -55.5625 -10.22656
vt -57.09375 -9.640625
vt -55.65625 -10.10938
vt -55.78125 -5.578125
vt -54.34375 -6.050781
vt -23.29688 93.0625
vt -21.875 92.5625
vt -22.90625 93.75
vt -21.75 92.9375
vt -22.29688 94.25
vt -21.64063 93.3125
vt -21.5625 94.5625
vt -21.57813 93.5
vt -21.40625 93.375
vt -15.84375 -46.15625
vt -14.75781 -44.1875
vt -15.0625 -46.40625
vt -14.23438 -46.375
vt -13.47656 -46.0625
vt -12.89063 -45.5
vt -14.01563 -43.15625
vt -12.17188 -44.4375
vt 11.61719 -6.257813
vt 13.46094 -7.539063
vt 11.72656 -6.097656
vt 13.78125 -6.8125
vt 11.83594 -5.9375
vt 13.80469 -6.007813
vt 11.9375 -5.777344
vt 13.55469 -5.230469
vt 12.04688 -5.617188
vt 13.07813 -4.574219
vt 11.86719 -5.550781
vt 12.40625 -4.132813
vt -71.875 26.42188
vt -71.3125 27.82813
vt -73.3125 26.98438
vt -72.8125 28.40625
vt -79.9375 29.5
vt -79.0625 30.79688
vt -80 30.9375
vt -80.875 30.70313
vt -88.0625 25.51563
vt -88.75 26.85938
vt -109.6875 14.875
vt -110.375 16.21875
vt -109.875 14.78125
vt -110.9375 15.75781
vt -110.0625 14.6875
vt -111.3125 15.10156
vt -109.875 14.5625
vt -111.5 14.34375
vt -109.6875 14.4375
vt -111.4375 13.57813
vt -109.5 14.32031
vt -111.125 12.86719
vt -109.3125 14.20313
vt -110.625 12.3125
vt -68 -13.66406
vt -69.3125 -15.55469
vt -61.78125 -17.85938
vt -63 -19.8125
vt -53.6875 -22.39063
vt -54.8125 -24.39063
vt -5.109375 56.71875
vt -13.91406 60.34375
vt -12.625 62.21875
vt -6.429688 54.90625
vt -20.60938 64.6875
vt -19.375 66.625
vt 35.28125 27.17188
vt 33.9375 25.32813
vt 35.78125 26.60938
vt 34.09375 25.20313
vt 36.0625 25.90625
vt 34.28125 25.07813
vt 36.09375 25.14063
vt 34.4375 24.95313
vt 35.9375 24.39063
vt 34.625 24.82813
vt 35.53125 23.75
vt 34.46875 24.75
vt 34.9375 23.29688
vt 34.28125 24.65625
vt -58.09375 89
vt -56.84375 90.875
vt 40.84375 4.941406
vt 39.1875 6.519531
vt 41.21875 5.640625
vt 39.09375 6.378906
vt 39.3125 6.660156
vt 41.28125 6.425781
vt 39.4375 6.804688
vt 41.125 7.207031
vt 39.5625 6.96875
vt 40.71875 7.894531
vt 39.40625 7.039063
vt 40.125 8.390625
vt 1.720703 -42.5625
vt -0.01269531 -41.125
vt -1.427734 -46.375
vt -3.167969 -44.96875
vt -1.976563 -46.875
vt -3.283203 -45.09375
vt -2.654297 -47.125
vt -3.400391 -45.21875
vt -3.386719 -47.1875
vt -3.517578 -45.375
vt -4.097656 -47
vt -3.634766 -45.5
vt -4.285156 -46.9375
vt -3.666016 -45.5625
vt -6.898438 -45.75
vt -6.277344 -44.375
vt -63.125 -20.54688
vt -62.5 -19.15625
vt -63.75 -20.09375
vt -62.8125 -19.01563
vt -64.1875 -19.45313
vt -63.15625 -18.875
vt -64.375 -18.70313
vt -63.3125 -18.79688
vt -63.21875 -18.65625
vt -64.375 -17.92188
vt -63.03125 -18.35938
vt -64.0625 -17.21875
vt -62.84375 -18.0625
vt -26.34375 38.53125
vt -25.10938 37.6875
vt -25.57813 39.65625
vt -24.32813 38.8125
vt -25 40.21875
vt -24.14063 39.09375
vt -24.26563 40.5625
vt -23.95313 39.375
vt -23.45313 40.625
vt -23.65625 39.21875
vt -22.67188 40.40625
vt -23.35938 39.0625
vt -22.15625 40.15625
vt -22.84375 38.78125
vt 10.44531 -1.34375
vt 51.375 59.09375
vt 52.3125 58.4375
vt 9.515625 -0.6914063
vt 20.54688 -40.6875
vt 3.791016 -58.5625
vt 3.041016 -56.1875
vt 22.04688 -42.375
vt 60.6875 -4.164063
vt 62.21875 -5.855469
vt 61.40625 -3.771484
vt 62.21875 -3.695313
vt 63.03125 -3.898438
vt 63.75 -4.339844
vt 25.65625 133.625
vt 24.39063 131.5
vt 24.70313 133.5
vt 23.875 133
vt 23.39063 132.625
vt 20.32813 127.875
vt 19.32813 128.875
vt -95.5 23
vt -96.5 24.10938
vt -99.5625 19.29688
vt -100.5625 20.40625
vt -99.5625 19.04688
vt -101.0625 19.96875
vt 11.20313 -17.71875
vt 12.17969 -18.92188
vt 10.86719 -18.40625
vt 12.39063 -18.65625
vt 11.96875 -19.17188
vt 10.84375 -19.15625
vt 11.71875 -19.48438
vt 11.08594 -19.90625
vt 12.00781 -19.40625
vt 11.53125 -20.5625
vt 12.33594 -19.29688
vt 12.14063 -21.0625
vt 12.66406 -19.20313
vt 12.85156 -21.32813
vt 48.90625 27.60938
vt 50.0625 26.65625
vt 49.46875 28.10938
vt 50.25 26.875
vt 50.1875 28.39063
vt 50.34375 26.98438
vt 50.46875 26.96875
vt 14.40625 5.1875
vt 16.03125 6.71875
vt 14.99219 4.691406
vt 15.71875 6.875
vt 64.5625 -17.20313
vt 63.5625 -19.23438
vt 79.1875 -24.5
vt 78.1875 -26.53125
vt 78.875 -26.73438
vt 55.125 5.371094
vt 41.21875 14.80469
vt 42.1875 15.96875
vt 53.65625 4.628906
vt -3.912109 52.71875
vt -2.949219 53.875
vt -4.128906 52.90625
vt -3.626953 54.25
vt 52.25 60.34375
vt 27.20313 22.57813
vt 26.23438 23.17188
vt 53.1875 59.6875
vt -90.6875 69.375
vt -91.875 67.4375
vt -91.375 69.625
vt -92.125 69.625
vt -92.875 69.375
vt -93.5 68.875
vt -67.6875 55.03125
vt -68.9375 53.1875
vt -27.76563 26.09375
vt -29.09375 24.26563
vt 10.85156 -1.816406
vt 9.539063 -3.626953
vt 12.78125 -3.210938
vt 11.46875 -5.019531
vt 13.00781 -3.380859
vt 13.1875 -3.599609
vt 16.03125 -7.066406
vt 14.32031 -8.484375
vt 29.70313 -23.73438
vt 27.96875 -25.15625
vt 30.0625 -24.40625
vt 30.15625 -25.15625
vt 30 -25.92188
vt 29.625 -26.59375
vt 29.0625 -27.10938
vt -104.25 26.71875
vt -102.5625 25.15625
vt -104.4375 26.4375
vt -102.375 25.42188
vt -104.75 25.67188
vt -58.8125 90.5
vt -56.96875 89.1875
vt -58.28125 91
vt -57.625 91.3125
vt -56.90625 91.4375
vt -56.21875 91.3125
vt -55.5625 91
vt 27.25 26.51563
vt 25.84375 24.73438
vt 40.59375 16.125
vt 39.21875 14.32813
vt 41.1875 15.40625
vt 39.5 14.10156
vt 41.46875 14.51563
vt 39.8125 13.875
vt 41.5 13.82031
vt 40.03125 13.70313
vt -73.375 101.25
vt -71.125 101.5
vt -73.125 100.4375
vt -72.625 99.8125
vt -63.4375 95.0625
vt -64.875 93.3125
vt -42.28125 77.3125
vt -43.78125 75.625
vt -6.363281 42.75
vt -7.925781 41.125
vt 27.96875 9.6875
vt 26.40625 8.070313
vt 28.10938 9.5625
vt 27.01563 7.660156
vt 28.23438 9.4375
vt 27.73438 7.464844
vt 28.375 9.3125
vt 28.46875 7.496094
vt 28.5 9.1875
vt 29.15625 7.761719
vt 26.76563 -53.625
vt 27.07813 -52.125
vt 27.15625 -52
vt 26.125 -53.28125
vt 27.04688 -52.09375
vt 27.25 -51.875
vt 27.48438 -53.71875
vt 27.34375 -51.75
vt 28.20313 -53.59375
vt 27.42188 -51.625
vt 28.84375 -53.3125
vt 27.51563 -51.5
vt 29.35938 -52.8125
vt 72.9375 12.28125
vt 74.75 10.97656
vt 78.3125 19.82813
vt 80.1875 18.57813
vt 82.375 26.39063
vt 84.3125 25.20313
vt 92.1875 42.15625
vt 94.125 40.96875
vt 94.375 41.6875
vt 94.375 42.5
vt 94.0625 43.25
vt 93.5625 43.875
vt 92.875 44.28125
vt 92.125 44.4375
vt -73.5 -13.84375
vt -74.5 -14.94531
vt -73.5625 -13.77344
vt -75.1875 -14.40625
vt -74.25 -13.22656
vt -117.25 19.09375
vt -116.3125 20.28125
vt -118.625 20.21875
vt -117.6875 21.39063
vt -118.875 20.375
vt -118.375 21.76563
vt 66 77.9375
vt 36.9375 38.5
vt 37.875 37.84375
vt 65.0625 78.625
vt 52.5625 21.42188
vt 50.90625 23.01563
vt 52.9375 22.14063
vt 50.78125 22.85938
vt 51.03125 23.15625
vt 53 22.95313
vt 51.15625 23.3125
vt 52.8125 23.75
vt 51.28125 23.45313
vt 52.375 24.4375
vt 51.09375 23.53125
vt 51.71875 24.92188
vt -5.117188 48.75
vt -4.492188 50.125
vt -6.84375 49.53125
vt -6.222656 50.90625
vt -7.140625 49.65625
vt -6.996094 51.09375
vt -7.4375 49.78125
vt -7.789063 51
vt -7.613281 49.53125
vt -8.5 50.65625
vt -7.789063 49.25
vt -9.046875 50.09375
vt -8.828125 47.65625
vt -10.08594 48.5
vt -53.875 -21.5
vt -55.125 -20.6875
vt -53.9375 -21.59375
vt -55.4375 -21.39063
vt -53.875 -21.625
vt -53.71875 -21.6875
vt -55.4375 -22.15625
vt -53.5625 -21.76563
vt -55.21875 -22.89063
vt -53.40625 -21.82813
vt -54.8125 -23.53125
vt -53.25 -21.90625
vt -54.1875 -23.98438
vt -4.1875 -44.1875
vt -5.128906 -46.28125
vt -4.414063 -46.4375
vt -3.679688 -46.375
vt -3 -46.09375
vt -2.449219 -45.625
vt 0.1307373 -38.9375
vt 1.866211 -40.375
vt -72 30.96875
vt -75.25 31.75
vt -74.25 32.90625
vt -72.9375 29.82813
vt -75.25 31.71875
vt -74.4375 33.03125
vt -75.4375 31.625
vt -75.0625 33.40625
vt -75.5625 31.51563
vt -75.75 33.5625
vt -48.875 11.23438
vt -49.84375 10.07813
vt 16.03125 -44.125
vt 15.05469 -45.28125
vt 17.53125 -45.40625
vt 16.54688 -46.5625
vt 18.0625 -46.09375
vt 16.79688 -46.78125
vt 18.29688 -46.90625
vt 16.92188 -46.875
vt 16.875 -47.03125
vt 18.23438 -47.75
vt 16.78125 -47.34375
vt -23.75 76.625
vt -24.01563 74.5
vt -24.48438 76.6875
vt -23.85938 74.5625
vt -24.1875 74.4375
vt -25.17188 76.4375
vt -28.59375 72.3125
vt -29.57813 74.3125
vt -100.375 37.1875
vt -101.375 39.21875
vt -101.9375 38.78125
vt -102.3125 38.15625
vt 10.44531 -1.34375
vt 42.25 46.0625
vt 43.1875 45.40625
vt 9.515625 -0.6914063
vt -89.5625 30.5
vt -91.0625 25.64063
vt -92.6875 27.17188
vt -87.9375 28.95313
vt -93.25 26.25
vt -26.125 98
vt -24.48438 96.4375
vt -25.54688 98.4375
vt -24.84375 98.6875
vt -24.10938 98.6875
vt -23.40625 98.4375
vt -22.82813 98
vt -27.3125 3.558594
vt -30 3.121094
vt -28.32813 4.652344
vt -28.98438 2.021484
vt -30.15625 3.302734
vt -28.90625 5.097656
vt -30.32813 3.484375
vt -29.59375 5.34375
vt 4.140625 -30.42188
vt 2.482422 -31.96875
vt 6.496094 -32.96875
vt 4.832031 -34.5
vt 6.902344 -33.65625
vt 4.960938 -34.625
vt -35.84375 -12.23438
vt -47.15625 -21.82813
vt -48.1875 -19.79688
vt -34.65625 -14.17969
vt 31.95313 29.28125
vt 33.21875 27.375
vt 105.75 83.4375
vt 107.125 81.625
vt 112.25 88.25
vt 113.75 86.5
vt 116.375 92.25
vt 118 90.625
vt 158 133
vt 159.5 131.375
vt 162.125 140.25
vt 164.375 139.625
vt 48.4375 93.5
vt 46.03125 85.9375
vt 44.15625 87.25
vt 50.40625 92.3125
vt 15.63281 41.5
vt 13.75781 42.78125
vt 11.20313 35
vt 9.421875 36.4375
vt 6.757813 30.29688
vt 5.101563 31.85938
vt -26.73438 -5.398438
vt -28.40625 -3.835938
vt -30.14063 -9.015625
vt -31.79688 -7.460938
vt -32.59375 -11.64063
vt -34.3125 -9.265625
vt -35.84375 -13.13281
vt -36.8125 -11.07031
vt -51.59375 -20.39063
vt -52.5625 -18.3125
vt -64.125 -26.14063
vt -65.0625 -24.07813
vt -102.75 38.40625
vt -100.625 37.6875
vt -102.8125 37.65625
vt -102.75 36.9375
vt -102.375 36.28125
vt -101.875 35.78125
vt -34.125 -4.644531
vt -35.28125 -6.617188
vt 46.34375 -46.90625
vt 45.28125 -48.90625
vt 46.5 -47
vt 46.03125 -49.125
vt 46.65625 -47.0625
vt 46.8125 -49.0625
vt 46.8125 -47.15625
vt 47.5625 -48.75
vt 47.03125 -47.25
vt 48.125 -48.25
vt 18.375 -65.6875
vt 22.45313 -66.4375
vt 21.67188 -67.6875
vt 19.15625 -64.4375
vt 22.64063 -66.3125
vt 22.15625 -68
vt -108.9375 11.3125
vt -108.125 12.59375
vt -109.4375 11.79688
vt -108.4375 12.78906
vt -109.8125 12.4375
vt -108.8125 12.98438
vt -109.9375 13.16406
vt -109.125 13.1875
vt -109.8125 13.89063
vt -108.8125 13.40625
vt -109.5625 14.55469
vt -108.5 13.625
vt -109.0625 15.08594
vt -108.1875 13.84375
vt -20.95313 77.3125
vt -20.07813 76.0625
vt -18.85938 78.8125
vt -17.98438 77.5625
vt -18.20313 79.125
vt -17.78125 77.6875
vt 82.0625 16.6875
vt 80.625 18.45313
vt 82.5 17.39063
vt 80.5 18.29688
vt 80.75 18.59375
vt 82.6875 18.21875
vt 80.9375 18.75
vt 82.5625 19.04688
vt 81.0625 18.85938
vt 82.125 19.79688
vt 80.8125 18.96875
vt 81.5 20.3125
vt 1.106445 -61.71875
vt -0.4794922 -60.0625
vt -4.097656 -66.75
vt -5.683594 -65.125
vt -4.789063 -67.1875
vt -5.59375 -67.375
vt -6.410156 -67.25
vt -52.375 85.25
vt -51.71875 86.5625
vt -55.75 86.875
vt -55.09375 88.25
vt -56.03125 87.0625
vt -55.84375 88.4375
vt -56.34375 87.1875
vt -56.625 88.375
vt -56.53125 86.9375
vt -57.34375 88.125
vt -56.71875 86.6875
vt -57.9375 87.5625
vt -93.375 37.4375
vt -94.5625 38.34375
vt -96.0625 33.8125
vt -97.3125 34.71875
vt -96.25 33.53125
vt -97.625 33.90625
vt -96.375 33.40625
vt -96.3125 33.25
vt -97.6875 33
vt -96.125 32.96875
vt -97.375 32.15625
vt -95.375 31.75
vt -96.625 30.95313
vt -43.78125 -51.40625
vt -45.0625 -52.1875
vt -43.15625 -52.40625
vt -44.40625 -53.21875
vt -3.164063 71.875
vt -9.3125 66.1875
vt -10.34375 68.1875
vt -2.447266 69.75
vt -109.4375 14.51563
vt -110.5 16.54688
vt -111.125 15.99219
vt -111.5625 15.24219
vt -111.625 14.39063
vt -111.5 13.5625
vt -111 12.86719
vt -77.625 -15.0625
vt -79.125 -16.70313
vt -77.4375 -15.22656
vt -78.5 -17.125
vt -77.25 -15.39844
vt -77.75 -17.3125
vt -77.0625 -15.5625
vt -77 -17.25
vt -76.9375 -15.66406
vt -76.5625 -17.125
vt 44.03125 46.625
vt 65.25 78.9375
vt 66.1875 78.25
vt 43.09375 47.28125
vt -39.84375 38.71875
vt -37.875 37.53125
vt -40.125 37.96875
vt -40.09375 37.15625
vt -39.8125 36.40625
vt -39.28125 35.78125
vt -36.6875 36.59375
vt -38.0625 34.8125
vt -30 54.5
vt -28.07813 53.3125
vt -23.5 64.875
vt -21.57813 63.71875
vt -23.01563 65.4375
vt 46.125 -27.84375
vt 44.71875 -29.64063
vt 26.76563 21.95313
vt 68.125 83.0625
vt 69.0625 82.375
vt 25.82813 22.59375
vt 47.125 124
vt 45.21875 125.1875
vt 47.40625 124.75
vt 47.34375 125.5625
vt -109.125 -127.8125
vt -111.0625 -126.5625
vt -109.6875 -128.25
vt -110.375 -128.625
vt -111.1875 -128.625
vt -111.9375 -128.375
vt -33.03125 38.84375
vt -30.20313 37.71875
vt -32.28125 36.90625
vt -30.96875 39.65625
vt -32.1875 36.6875
vt -41.625 60.8125
vt -39.5 61.625
vt -44.9375 69.3125
vt -42.84375 70.125
vt -46.84375 72.125
vt -44.3125 73.8125
vt -48.75 74.9375
vt -47.21875 76.5625
vt -101.125 150.875
vt -88.4375 137.25
vt -90.1875 136
vt -99.125 152
vt 86.625 -102.0625
vt 84.75 -103.375
vt 102.0625 -123.8125
vt 100.25 -125.125
vt 100.9375 -125.6875
vt 81.75 -0.5854492
vt 80.4375 1.259766
vt 82.3125 -0.05957031
vt 94.3125 20.34375
vt 96.125 19.01563
vt 94.4375 20.51563
vt 96.4375 19.70313
vt 94.5 20.67188
vt 96.5 20.45313
vt 94.625 20.84375
vt 96.25 21.1875
vt 94.75 21.03125
vt 95.875 21.84375
vt 94.5625 21.04688
vt 95.3125 22.32813
vt 94.375 21.07813
vt 94.5625 22.57813
vt 39.5 40.15625
vt 67 81.4375
vt 67.9375 80.8125
vt 38.59375 40.8125
vt 87 36.21875
vt 85.1875 37.65625
vt 87.3125 36.875
vt 87.4375 37.59375
vt 49.625 -10.25
vt 47.84375 -8.820313
vt 48.96875 -10.78906
vt 47.71875 -8.96875
vt 48.125 -11.03906
vt 47.59375 -9.117188
vt 47.28125 -11.00781
vt 47.46875 -9.273438
vt 46.53125 -10.66406
vt 47.375 -9.421875
vt 44.59375 -9.296875
vt 45.46875 -8.078125
vt -29.71875 44
vt -28.85938 45.21875
vt 14.74219 15.39844
vt 28.96875 25.70313
vt 30.03125 23.6875
vt 13.65625 17.39063
vt 33.375 28
vt 34.4375 25.98438
vt 86.3125 55.46875
vt 87.375 53.46875
vt 91.9375 58.40625
vt 92.75 56.28125
vt -67.25 -29.1875
vt -68.3125 -27.20313
vt -68.8125 -30.0625
vt -69.9375 -28.07813
vt 67.9375 80.8125
vt 58.96875 69.9375
vt 59.90625 69.25
vt 67 81.4375
vt -2.755859 -34.4375
vt -7.753906 -25.26563
vt -5.59375 -24.64063
vt -4.910156 -35.0625
vt -8.375 -19.15625
vt -6.132813 -19.3125
vt -6.933594 -13.17188
vt -4.863281 -14.07031
vt -3.582031 -8
vt -1.927734 -9.546875
vt -1.025391 -5.265625
vt 0.6362305 -6.816406
vt 32.96875 31.04688
vt 34.4375 29.3125
vt 12.59375 -87.0625
vt 10.52344 -87.9375
vt 23.79688 -107.0625
vt 21.84375 -108.125
vt 24.39063 -108.125
vt 22.42188 -109.1875
vt 30.21875 -118.4375
vt 28.26563 -119.5
vt 43.59375 -142.125
vt 41.625 -143.125
vt 46.71875 -146
vt 45.21875 -147.625
vt 100.8125 -194.75
vt 99.3125 -196.375
vt 105 -197.375
vt 104.0625 -199.5
vt 109.8125 -198.75
vt 109.5625 -201
vt -68.125 27.85938
vt -69.5 27.10938
vt -68.8125 28.35938
vt -69.3125 26.90625
vt -69.625 27.32813
vt -69.5625 28.54688
vt -69.6875 27.40625
vt -69.75 27.25
vt -70.4375 28.46875
vt -69.8125 26.96875
vt -71.1875 28.125
vt -69.875 26.70313
vt -71.8125 27.5625
vt -17.85938 -32.28125
vt -19.01563 -33.25
vt -17.26563 -32.96875
vt -18.42188 -33.9375
vt -16.82813 -33.8125
vt -18.21875 -34.1875
vt -42.03125 38.21875
vt -39.84375 37.9375
vt -42.03125 37.40625
vt -39.90625 38.1875
vt -27.6875 -13.6875
vt -29.79688 -14.45313
vt -18.17188 -32.53125
vt -20.1875 -33.53125
vt -18.0625 -32.75
vt -19.73438 -34.15625
vt -17.95313 -32.96875
vt -19.09375 -34.59375
vt -38.3125 64.125
vt -37.21875 62.15625
vt -38.90625 63.5625
vt -37.09375 62.25
vt -37.375 62.09375
vt -39.21875 62.8125
vt 2.203125 89.5625
vt 3.175781 87.5
vt -73.5 33.5
vt -71.9375 32.40625
vt -73.75 32.6875
vt -71.8125 32.4375
vt -72.125 32.34375
vt -73.625 31.875
vt -72.25 32.28125
vt -73.25 31.14063
vt -68.5 27.78125
vt -69.625 26.8125
vt -18.21875 -32.34375
vt -19.375 -33.3125
vt -18.01563 -32.59375
vt -18.73438 -33.84375
vt -17.92188 -32.71875
vt -17.76563 -32.6875
vt -17.96875 -34.125
vt 68.125 83.0625
vt 42.4375 44.34375
vt 41.53125 45.03125
vt 69.0625 82.375
vt 32.71875 143
vt 31.84375 144.25
vt 33.1875 143.625
vt 31.71875 144.125
vt 31.67188 144.25
vt 33.40625 144.375
vt 31.51563 144.375
vt 33.34375 145.125
vt 31.35938 144.5
vt 33.03125 145.875
vt -93.25 28.67188
vt -94.3125 29.78125
vt -97 25.29688
vt -98 26.42188
vt -97.6875 24.875
vt -98.25 26.21875
vt -51.90625 18.15625
vt -53.5625 16.57813
vt -52.6875 18.57813
vt -53.40625 16.45313
vt -53.6875 16.70313
vt -53.5625 18.67188
vt -23.5625 -6.261719
vt -25.03125 -7.96875
vt -23.09375 -6.84375
vt -24.89063 -8.085938
vt -22.82813 -7.558594
vt -24.75 -8.210938
vt -22.8125 -8.3125
vt -24.59375 -8.335938
vt 26.15625 128.375
vt 25.625 126.5625
vt 25.28125 128.25
vt 25.75 126.4375
vt 25.5 126.6875
vt 24.51563 127.875
vt 24.39063 125.75
vt 23.40625 126.875
vt -104.5625 14.79688
vt -105.5625 15.94531
vt -104.9375 14.50781
vt -106.0625 15.25
vt -105.25 14.21875
vt -106.3125 14.40625
vt -72.5 4.335938
vt -70.8125 5.382813
vt -71.875 3.566406
vt -71.125 5.480469
vt -70.4375 5.285156
vt -71.0625 3.111328
vt -64.75 3.734375
vt -65.3125 1.55957
vt -28.64063 -6.136719
vt -29.23438 -8.296875
vt -24.26563 -7.328125
vt -24.85938 -9.484375
vt -24.01563 -7.398438
vt -13.6875 -13.11719
vt -14.76563 -15.07031
vt 24.39063 -34.46875
vt 23.32813 -36.4375
vt 24.0625 -36.65625
vt 24.79688 -36.53125
vt 25.5 -36.1875
vt -77.8125 11.71094
vt -76.25 13.35156
vt -77.1875 11.375
vt -76.4375 13.48438
vt -76.125 13.21875
vt -76.4375 11.29688
vt -75.9375 13.08594
vt -75.6875 11.45313
vt -75.75 12.94531
vt -75 11.8125
vt -75.6875 13.13281
vt -74.5 12.35938
vt -75.6875 13.33594
vt -74.1875 13.04688
vt -114.125 40.53125
vt -112.6875 42.3125
vt 68.125 83.0625
vt 45.15625 48.21875
vt 44.21875 48.875
vt 69.0625 82.375
vt 161.125 128.25
vt 166.625 136.125
vt 168.125 134.375
vt 159.625 130
vt 168.625 135.125
vt 168.875 136
vt 103.6875 77.875
vt 102.1875 79.5625
vt 90.625 66.375
vt 89.25 68.1875
vt 80.3125 59.59375
vt 79.0625 61.46875
vt 49.09375 29.60938
vt 47.21875 30.9375
vt 49.40625 30.39063
vt 49.40625 31.25
vt 6.671875 -29.53125
vt 4.84375 -28.21875
vt 6.113281 -30.0625
vt 5.382813 -30.32813
vt 4.585938 -30.34375
vt 3.816406 -30.125
vt 1.709961 -16.14063
vt -0.4379883 -15.71875
vt 1.696289 -15.28125
vt 1.395508 -14.46875
vt 0.8393555 -13.83594
vt -63.65625 27.26563
vt -62.375 29.15625
vt -63.125 29.4375
vt -63.9375 29.42188
vt -64.6875 29.14063
vt -2.097656 55.71875
vt -3.302734 54.78125
vt -2.794922 56.15625
vt -3.144531 54.625
vt -3.388672 54.625
vt -3.605469 56.28125
vt -3.484375 54.4375
vt -4.425781 56.15625
vt -3.582031 54.28125
vt -5.148438 55.78125
vt -3.677734 54.09375
vt -5.667969 55.15625
vt -5.882813 49.96875
vt -7.863281 51
vt -39.96875 -14.33594
vt -41.9375 -13.28906
vt -43.15625 -20.34375
vt -45.125 -19.29688
vt -45.375 -19.98438
vt -45.34375 -20.71875
vt -45.09375 -21.42188
vt -44.65625 -22.01563
vt -44.0625 -22.4375
vt -0.6118164 -38.84375
vt -1.522461 -40.9375
vt 1.773438 -39.90625
vt 0.8706055 -41.96875
vt 1.942383 -39.96875
vt 1.670898 -42.15625
vt 2.111328 -40.0625
vt 2.480469 -42.03125
vt 2.283203 -40.125
vt 3.203125 -41.65625
vt 2.472656 -40.21875
vt 3.738281 -41.03125
vt 3.78125 -40.96875
vt 3.074219 -39.1875
vt 4.371094 -39.9375
vt 34 14.48438
vt 35.3125 13.73438
vt 35.40625 16.92188
vt 36.71875 16.17188
vt 35.5625 17.17188
vt 36.96875 16.85938
vt 35.6875 17.42188
vt 36.96875 17.60938
vt 35.46875 17.625
vt 36.75 18.32813
vt 35.25 17.82813
vt 36.3125 18.9375
vt 68.125 83.0625
vt 31 28.01563
vt 30.0625 28.65625
vt 69.0625 82.375
vt 56.25 -91
vt 59.6875 -92.8125
vt 57.6875 -93.8125
vt 58.25 -90
vt 28.53125 -36.375
vt 30.53125 -35.375
vt 10.28906 -0.4733887
vt 12.23438 0.6479492
vt -35.4375 69.875
vt -33.5625 71.0625
vt -43.03125 81.5
vt -41.34375 83
vt -58 -63.1875
vt -53.5 -64.5
vt -54.34375 -65.75
vt -57.15625 -61.9375
vt -93.875 -38.0625
vt -93 -36.8125
vt -61.5 -72.125
vt -60.0625 -71.1875
vt -60.90625 -72.75
vt -60.21875 -71.3125
vt -59.90625 -71.125
vt -60.125 -73.0625
vt -59.71875 -71
vt -59.28125 -73.125
vt -59.5625 -70.9375
vt -58.46875 -72.875
vt -6.089844 -41.09375
vt -4.996094 -43.0625
vt 28.375 -21.875
vt 29.57813 -23.78125
vt 96.1875 26.10938
vt 97.5 24.26563
vt 96.375 26.25
vt 98 24.84375
vt 96.5625 26.375
vt 98.25 25.57813
vt 96.75 26.51563
vt 98.3125 26.39063
vt 96.9375 26.64063
vt 98.0625 27.17188
vt 96.625 26.73438
vt 97.625 27.8125
vt 58.15625 66.75
vt 68.125 83.0625
vt 69.0625 82.375
vt 57.21875 67.4375
vt 56.125 27.76563
vt 57.53125 29.5625
vt 56.8125 27.45313
vt 57.59375 27.39063
vt -10.75781 79.6875
vt -9.367188 81.4375
vt -11.27344 80.3125
vt -11.5 81.0625
vt -11.46094 81.875
vt 46.5625 42.375
vt 45.28125 44.8125
vt 47.28125 43.8125
vt 44.53125 43.40625
vt 13.46875 -22.76563
vt 11.46094 -21.75
vt 12.92969 -23.40625
vt 11.36719 -21.9375
vt 57.125 8.242188
vt 54.9375 8.742188
vt 57.15625 9.085938
vt 56.875 9.882813
vt 56.3125 10.52344
vt 46.25 15.45313
vt 47.65625 17.25
vt -20.625 67.375
vt -19.23438 69.125
vt -23.01563 69.1875
vt -21.625 71
vt -22.28125 71.3125
vt -23.01563 71.375
vt -23.76563 71.25
vt -24.42188 70.875
vt -24.9375 70.375
vt -16.29688 -4.683594
vt -18.07813 -7.53125
vt -18.6875 -5.351563
vt -15.6875 -6.839844
vt -19.375 -5.691406
vt -19.90625 -6.242188
vt -20.23438 -6.929688
vt 28.28125 8.039063
vt 28.90625 5.84375
vt 29.0625 8.09375
vt 29.09375 5.894531
vt 29.8125 7.882813
vt 29.26563 5.945313
vt 30.45313 7.445313
vt 29.4375 5.996094
vt 30.9375 6.835938
vt 29.60938 6.046875
vt -62.34375 27.76563
vt -60.1875 28.29688
vt -62.0625 27.0625
vt -20.4375 -33
vt -22.32813 -34.21875
vt -20.32813 -33.15625
vt -22.21875 -34.40625
vt -20.20313 -33.34375
vt -21.60938 -35
vt -20.09375 -33.53125
vt -20.8125 -35.3125
vt -19.96875 -33.71875
vt -19.95313 -35.3125
vt 10.44531 -1.34375
vt 48.6875 55.25
vt 49.625 54.59375
vt 9.515625 -0.6914063
vt 66.5625 48.03125
vt 68.1875 52.75
vt 69.5 51.96875
vt 65.375 48.9375
vt 68.0625 52.875
vt 69.875 52.65625
vt -13.96875 -60.71875
vt -15.17969 -59.84375
vt -17.60938 -65.625
vt -18.82813 -64.75
vt -18.1875 -66.1875
vt -19.01563 -65
vt -18.92188 -66.5
vt -19.20313 -65.25
vt 69.75 87.5
vt 67.6875 88.5
vt 69.8125 88.25
vt 67.625 88.3125
vt 67.75 88.6875
vt 69.6875 89
vt 67.8125 88.875
vt 69.3125 89.625
vt 67.875 89.125
vt 68.75 90.1875
vt 54 46.625
vt 51.875 47.375
vt 44.46875 20.46875
vt 42.4375 21.45313
vt 44.34375 20.28125
vt 43.84375 19.46875
vt 41.96875 20.65625
vt 18.51563 -21.25
vt 16.60938 -20.0625
vt 17.95313 -21.84375
vt 16.5 -20.23438
vt 17.1875 -22.17188
vt 16.39063 -20.40625
vt 16.35938 -22.23438
vt 16.28125 -20.57813
vt 15.5625 -22.03125
vt 16.1875 -20.71875
vt 86.0625 14.11719
vt 85.5625 12.6875
vt 85.3125 14.125
vt 85.6875 12.78125
vt 85.375 12.58594
vt 84.625 13.875
vt -30.75 -56.9375
vt -31.53125 -55.625
vt -30.95313 -57.09375
vt -32.09375 -56.1875
vt -31.04688 -57.34375
vt -32.40625 -56.90625
vt -31.07813 -57.59375
vt -32.46875 -57.71875
vt 68.125 83.0625
vt 50.21875 55.46875
vt 49.28125 56.125
vt 69.0625 82.375
vt 38.40625 40.5625
vt 69.0625 82.375
vt 68.125 83.0625
vt 39.34375 39.90625
vt 68.125 83.0625
vt 46.625 50.34375
vt 45.6875 50.96875
vt 69.0625 82.375
vt -28.0625 104.875
vt -28.45313 103.4375
vt -28.48438 103.375
vt -27.39063 104.5
vt -28.35938 103.375
vt -28.5625 103.25
vt -28.82813 105
vt -28.65625 103.0625
vt -29.57813 104.875
vt -28.75 102.9375
vt -30.26563 104.5
vt -28.84375 102.75
vt -30.76563 103.9375
vt -48.65625 69.8125
vt -50.59375 71
vt -53.0625 62.53125
vt -55.0625 63.53125
vt -55.53125 56.3125
vt -57.625 57.125
vt -74.3125 8.953125
vt -76.375 9.78125
vt -75.1875 6.640625
vt -77.3125 7.476563
vt -75.3125 6.46875
vt -77.4375 6.753906
vt -75.375 6.300781
vt -77.375 6.019531
vt -75.4375 6.128906
vt -77.0625 5.34375
vt -75.5 5.960938
vt -76.5625 4.808594
vt -75.5 5.917969
vt -76.375 4.695313
vt -74.625 5.292969
vt -75.5 4.0625
vt -43.3125 -17.48438
vt -44.21875 -18.71875
vt -38.46875 -21
vt -39.375 -22.21875
vt -34.0625 -24.20313
vt -34.96875 -25.42188
vt -3.353516 -46.5625
vt -4.246094 -47.78125
vt -3.042969 -46.78125
vt -3.4375 -48.125
vt -2.732422 -47
vt -2.550781 -48.15625
vt -2.509766 -46.6875
vt -1.72168 -47.84375
vt -2.292969 -46.40625
vt -1.073242 -47.25
vt 54 32.71875
vt 55.21875 31.875
vt 54.5 33.4375
vt 55.71875 32.5625
vt 54.6875 33.71875
vt 56.03125 33.3125
vt 54.875 34
vt 56.09375 34.15625
vt 54.625 34.21875
vt 55.84375 34.96875
vt 54.34375 34.4375
vt 55.3125 35.625
vt 52.875 35.65625
vt 53.84375 36.8125
vt 29.73438 3.041016
vt 30.84375 8.125
vt 32.625 6.734375
vt 27.95313 4.457031
vt 31 8.3125
vt 33 7.515625
vt 31.14063 8.507813
vt 33.0625 8.390625
vt 31.29688 8.695313
vt 32.8125 9.234375
vt 31.34375 8.765625
vt 32.65625 9.507813
vt 29.84375 11.39063
vt 31.15625 12.14063
vt 5.980469 -27.15625
vt 4.214844 -25.76563
vt 5.453125 -27.625
vt 4.792969 -27.92188
vt 4.078125 -28
vt 3.375 -27.85938
vt 2.748047 -27.51563
vt -42 10.14844
vt -40.53125 11.89063
vt -42.46875 10.73438
vt -40.65625 12
vt -42.71875 11.45313
vt -40.78125 12.10938
vt -42.71875 12.20313
vt -40.90625 12.21875
vt -42.53125 12.92188
vt -41.0625 12.32813
vt -41.125 12.38281
vt -42.09375 13.52344
vt -41.0625 12.4375
vt 2.855469 56.15625
vt 3.884766 55.0625
vt 3.533203 56.5625
vt 4.160156 55.34375
vt 4.324219 56.71875
vt 4.445313 55.59375
vt 5.128906 56.59375
vt 4.585938 55.71875
vt 4.683594 55.5625
vt 5.847656 56.21875
vt 4.871094 55.21875
vt 6.382813 55.625
vt 5.066406 54.875
vt 20.34375 14.78125
vt 19.625 11.78125
vt 18.8125 12.57813
vt 21.375 14.27344
vt -54.5625 61.21875
vt -52.28125 61.34375
vt -54.375 60.5
vt -24.65625 -6.019531
vt -26.73438 -6.875
vt -26.375 -7.484375
vt -25.84375 -7.953125
vt 14.46875 -30.10938
vt 13.27344 -32.03125
vt 14.02344 -32.3125
vt 14.82813 -32.34375
vt 15.59375 -32.0625
vt 34.71875 -18.5625
vt 35.84375 -20.53125
vt 58.84375 -4.894531
vt 59.96875 -6.867188
vt 85 9.96875
vt 86.0625 7.996094
vt 85.125 10.07031
vt 86.6875 8.5
vt 85.3125 10.17188
vt 87 9.171875
vt 85.5 10.27344
vt 87.125 9.929688
vt 85.6875 10.38281
vt 87 10.6875
vt 85.5625 10.48438
vt 86.6875 11.375
vt 85.375 10.59375
vt 86.125 11.89063
vt 2.072266 60.71875
vt 2.853516 62.03125
vt -1.038086 62.59375
vt -0.3051758 63.9375
vt -7.847656 66
vt -7.164063 67.375
vt -53.75 89.125
vt -53.0625 90.5
vt -53.9375 89.25
vt -53.8125 90.6875
vt -54.15625 89.3125
vt -54.5625 90.625
vt -54.125 89.125
vt -55.28125 90.25
vt 11.55469 14.25781
vt 11.57031 10.55469
vt 9.78125 11.92969
vt 13.375 12.90625
vt 9.34375 7.648438
vt 7.414063 9.867188
vt 6.15625 5.828125
vt 5.039063 7.804688
vt -2.142578 1.111328
vt -3.263672 3.083984
vt -28.28125 -13.75
vt -29.40625 -11.78125
vt -52.375 -27.40625
vt -53.5 -25.4375
vt -54.0625 -25.95313
vt -54.375 -26.67188
vt -54.4375 -27.45313
vt -54.25 -28.23438
vt 45.46875 58.53125
vt 49.78125 64.125
vt 47.25 57.15625
vt 51.5625 62.78125
vt 50.4375 64.6875
vt 51.8125 63.0625
vt 51.28125 65
vt 52.03125 63.375
vt 52.03125 65.125
vt 52.21875 63.625
vt 31.76563 -20.4375
vt 36.65625 -21.625
vt 35.9375 -22.96875
vt 32.5625 -19.15625
vt 36.78125 -21.46875
vt 36.71875 -23.23438
vt 36.875 -21.32813
vt 37.53125 -23.21875
vt 37 -21.17188
vt 38.3125 -22.9375
vt 37.125 -21.03125
vt 38.90625 -22.39063
vt -51.53125 29.67188
vt -50.75 30.96875
vt -52.15625 30.28125
vt -51.03125 31.14063
vt -52.53125 31.09375
vt -51.1875 31.23438
vt -51.15625 31.40625
vt 71 23.21875
vt 72.8125 21.84375
vt 71.125 23.32813
vt 73.125 22.48438
vt 71.1875 23.45313
vt 73.25 23.20313
vt 71.3125 23.57813
vt 73.125 23.92188
vt 71.375 23.6875
vt 72.8125 24.57813
vt 71.4375 23.8125
vt 72.25 25.07813
vt 69.3125 25.26563
vt 70.125 26.51563
vt -8.34375 77.125
vt -7.507813 78.375
vt -8.609375 77.3125
vt -7.769531 78.5625
vt -12.79688 80.0625
vt -11.95313 81.375
vt -13.07031 80.25
vt -12.79688 81.6875
vt 48.09375 12.97656
vt 46.09375 14.03906
vt 48.3125 13.72656
vt 48.28125 14.5
vt 48 15.21875
vt 47.5 15.8125
vt 44.59375 15.1875
vt 46.03125 16.96875
vt 24.8125 -32.3125
vt 22.8125 -31.29688
vt 24.375 -32.875
vt 22.73438 -31.42188
vt 23.78125 -33.28125
vt 22.67188 -31.5625
vt 23.07813 -33.5
vt 22.60938 -31.6875
vt 22.35938 -33.46875
vt 22.53125 -31.82813
vt 22.46875 -31.95313
vt 21.67188 -33.25
vt 20.85938 -32.75
vt 21.625 -31.45313
vt -51.09375 8.984375
vt -50.3125 10.29688
vt -51.6875 9.546875
vt -50.6875 10.50781
vt -52.0625 10.30469
vt -51.03125 10.71875
vt -52.15625 11.14063
vt -51.21875 10.82031
vt -51.09375 10.96094
vt -51.96875 11.95313
vt -50.78125 11.24219
vt -51.46875 12.625
vt -50.46875 11.51563
vt -6.085938 53.53125
vt -5.082031 52.4375
vt -4.777344 54.71875
vt -3.769531 53.59375
vt -4.683594 54.8125
vt -3.748047 53.59375
vt -4.015625 55.21875
vt -3.603516 53.46875
vt -3.242188 55.375
vt -3.458984 53.34375
vt -2.458984 55.25
vt -3.314453 53.21875
vt -1.758789 54.90625
vt -3.171875 53.125
vt 0.2149658 53.34375
vt -1.203125 51.53125
vt 68.125 83.0625
vt 49.59375 54.5625
vt 48.625 55.1875
vt 69.0625 82.375
vt -56.6875 13.91406
vt -58.09375 12.10938
vt -57.4375 14.19531
vt -57.96875 12.00781
vt -58.25 12.20313
vt -58.1875 14.21094
vt -58.40625 12.30469
vt -58.96875 13.97656
vt -58.59375 12.42188
vt -59.59375 13.53125
vt 3.769531 -25.98438
vt 2.533203 -27.84375
vt 5.609375 -27.1875
vt 4.363281 -29.07813
vt 6.128906 -27.65625
vt 4.515625 -29.17188
vt 6.46875 -28.28125
vt 4.664063 -29.28125
vt 6.609375 -28.96875
vt 4.816406 -29.375
vt 6.535156 -29.67188
vt 4.964844 -29.46875
vt 0.1392822 89.375
vt 0.5092773 87.875
vt -0.527832 89
vt 0.6103516 88
vt -60.28125 31.10938
vt -61.3125 32.21875
vt -62.375 29.17188
vt -63.40625 30.26563
vt -62.625 28.9375
vt -63.875 29.60938
vt -62.84375 28.71875
vt -64.0625 28.84375
vt -62.65625 28.45313
vt -64 28.03125
vt -62.46875 28.1875
vt -63.6875 27.3125
vt -61.625 26.96875
vt -62.84375 26.09375
vt -12.86719 -40.6875
vt -14.07813 -41.5625
vt -12.64063 -41
vt -13.49219 -42.09375
vt -12.40625 -41.3125
vt -12.72656 -42.375
vt -12.28906 -41.46875
vt -12.16406 -41.3125
vt -11.90625 -42.40625
vt -4.410156 52.53125
vt -4.535156 54.09375
vt -3.6875 53.84375
vt -4.5 52.375
vt -4.585938 52.1875
vt -5.417969 54
vt -4.675781 52.03125
vt -6.207031 53.59375
vt -4.761719 51.875
vt -6.769531 52.90625
vt -5.492188 50.46875
vt -7.488281 51.5
vt -38.65625 -13.92188
vt -40.65625 -12.89063
vt -38.75 -14.08594
vt -40.875 -13.70313
vt -38.8125 -14.25
vt -40.78125 -14.54688
vt -38.90625 -14.41406
vt -40.40625 -15.3125
vt -39 -14.58594
vt -39.78125 -15.88281
vt -39.75 -15.89844
vt -38.625 -14.78906
vt -39.40625 -16.09375
vt -9.773438 -31.40625
vt -10.53125 -32.71875
vt -9.445313 -31.59375
vt -9.703125 -32.96875
vt -9.125 -31.78125
vt -8.835938 -32.90625
vt -8.929688 -31.46875
vt -8.046875 -32.5625
vt -8.742188 -31.15625
vt -7.464844 -31.9375
vt -8.625 -30.96875
vt -7.347656 -31.75
vt 29.95313 33
vt 31.23438 32.25
vt 30.10938 33.28125
vt 31.48438 32.90625
vt 30.26563 33.5625
vt 31.51563 33.625
vt 30.34375 33.6875
vt 30.20313 33.75
vt 31.3125 34.3125
vt 29.92188 33.90625
vt 30.9375 34.9375
vt 29.64063 34.0625
vt 30.35938 35.40625
vt 10.44531 -1.34375
vt 36.1875 37.375
vt 37.09375 36.75
vt 9.515625 -0.6914063
vt -39.59375 -4.605469
vt -63.78125 -16.23438
vt -64.5625 -14.10938
vt -38.78125 -6.738281
vt 31.01563 22.35938
vt 31.82813 20.21875
vt 32.09375 22.76563
vt 32.90625 20.64063
vt 34.09375 23.53125
vt 34.90625 21.42188
vt 35.25 23.65625
vt 12.59375 -30.10938
vt 7.765625 -31.23438
vt 9.273438 -28.35938
vt 12.03125 -32.3125
vt 4.460938 -28.34375
vt 5.957031 -26.625
vt 1.986328 -26.1875
vt 3.480469 -24.46875
vt -32.65625 3.974609
vt -31.15625 5.6875
vt -87.6875 -27.48438
vt -86.375 -25.9375
vt -87.0625 -27.9375
vt -86.375 -28.17188
vt -85.5625 -28.07813
vt -15.41406 0.1139526
vt -14.64063 -1.994141
vt -14.32813 0.2319336
vt -13.55469 -1.59375
vt -13.08594 0.3647461
vt -12.51563 0.2890625
vt -11.64844 -1.375977
vt -10.61719 0.04608154
vt -9.625 -1.637695
vt -8.734375 -0.07397461
vt -7.6875 -1.762695
vt -8.242188 -0.1057739
vt -7.121094 0.3232422
vt -6.03125 -1.132813
vt -6.207031 0.6679688
vt -5.25 -0.4799805
vt 2.765625 8.132813
vt 3.722656 6.984375
vt 54.40625 51.1875
vt 55.375 50
vt 54.625 51.375
vt 55.84375 50.5625
vt 54.84375 51.53125
vt 56.09375 51.25
vt 54.71875 51.8125
vt 56.15625 52
vt 54.59375 52.0625
vt 55.96875 52.6875
vt 53.3125 54.78125
vt 54.6875 55.40625
vt 17.85938 130.25
vt 19.20313 130.875
vt 17.70313 130.5
vt 18.76563 131.5
vt 17.5625 130.875
vt 18.14063 131.875
vt 17.48438 131
vt 17.34375 130.875
vt 17.40625 132.125
vt 17.04688 130.75
vt 16.64063 132.125
vt 16.75 130.5
vt 15.94531 131.75
vt -26.79688 102.875
vt -27.60938 104.125
vt -30.09375 100.75
vt -30.90625 102.0625
vt 36.75 -48.90625
vt 37.875 -47.875
vt 37.46875 -49.28125
vt 37.6875 -47.71875
vt -63.34375 30.51563
vt -62.40625 31.71875
vt -63.84375 31.14063
vt -62.5625 31.92188
vt -64.0625 31.90625
vt -62.65625 32.15625
vt -64 32.71875
vt -62.65625 32.4375
vt 34.15625 12.70313
vt 32.1875 13.86719
vt 34.34375 13.4375
vt 32.125 13.71094
vt 32.28125 14.02344
vt 34.28125 14.20313
vt 32.34375 14.17969
vt 33.96875 14.91406
vt 32.4375 14.33594
vt 33.46875 15.49219
vt 13.72656 -27.82813
vt 11.85938 -26.57813
vt -18.45313 -64.875
vt -20.15625 -63.375
vt 46.9375 -48.0625
vt 45.625 -48.90625
vt 46.34375 -47.59375
vt 45.75 -48.96875
vt 45.71875 -49
vt 44.59375 -48.375
vt 45.3125 -47.03125
vt -67.875 12.26563
vt -67.125 13.60156
vt -71.0625 13.96875
vt -70.3125 15.30469
vt -71.375 14.15625
vt -71.0625 15.53125
vt -71.75 14.35156
vt -71.875 15.46094
vt -71.875 14.44531
vt -71.9375 14.25781
vt -72.625 15.13281
vt -72.0625 13.875
vt -73.25 14.57813
vt -72.125 13.5
vt -73.625 13.85156
vt -69.125 -22.39063
vt -63.34375 -26.25
vt -65.125 -27.60938
vt -67.3125 -21.03125
vt -98.25 15.70313
vt -96.5 17.0625
vt 47.09375 54.78125
vt 48.25 50.1875
vt 45.46875 51.625
vt 49.28125 54.25
vt 45.53125 46.96875
vt 43.84375 48.4375
vt 42.28125 43.15625
vt 40.5625 44.625
vt 11.44531 7.277344
vt 9.929688 8.9375
vt -30.10938 -22.25
vt -31.40625 -20.40625
vt 68.125 83.0625
vt 44.1875 46.84375
vt 43.25 47.5
vt 69.0625 82.375
vt 49.8125 -19.35938
vt 51.8125 -18.26563
vt 50.4375 -19.9375
vt 51.6875 -18.09375
vt 51.9375 -18.45313
vt 51.25 -20.21875
vt 52.0625 -18.625
vt 52.125 -20.23438
vt 22.53125 20.5625
vt 24.39063 21.84375
vt 19.57813 24.89063
vt 21.4375 26.15625
vt 10.86719 37.625
vt 12.71875 38.90625
vt -1.298828 55.4375
vt 0.5571289 56.71875
vt -1.629883 56.25
vt 0.4528809 56.875
vt -1.625 57.125
vt 0.3483887 57.03125
vt -1.308594 57.9375
vt 0.2446289 57.1875
vt -3.935547 -47.15625
vt -3.357422 -45.71875
vt -3.078125 -47.15625
vt -3.416016 -45.75
vt -3.455078 -45.625
vt -3.177734 -45.59375
vt -2.296875 -46.8125
vt 81.1875 14.98438
vt 82.0625 13.75781
vt 82.9375 16.25
vt 83.8125 15.02344
vt 83.1875 16.4375
vt 84.375 15.60156
vt 83.4375 16.625
vt 84.6875 16.32813
vt 83.3125 16.90625
vt 84.6875 17.125
vt 83.125 17.1875
vt 84.5 17.875
vt 58.40625 64.875
vt 59.75 65.5625
vt 58.21875 65.25
vt 59.53125 65.9375
vt 58.0625 65.5
vt 59.0625 66.5
vt 57.90625 65.75
vt 58.4375 66.9375
vt 57.625 65.6875
vt 57.6875 67.125
vt 57.3125 65.625
vt 56.9375 67.0625
vt 33.625 15.07031
vt 36.125 14.875
vt 35.15625 13.71094
vt 34.625 16.20313
vt 36.25 15.00781
vt 35.90625 13.29688
vt -33.5 74.4375
vt -32.5 75.5625
vt 45.9375 49.34375
vt 68.125 83.0625
vt 69.0625 82.375
vt 45 49.96875
vt 14.375 4.261719
vt 15.0625 7.230469
vt 16.07813 6.714844
vt 13.53906 5.058594
vt 16.71875 7.625
vt 14.16406 5.949219
vt 14.99219 5.144531
vt 15.69531 8.125
vt 13.33594 2.783203
vt 54.1875 63.125
vt 55.125 62.46875
vt 12.40625 3.435547
vt 39.71875 42.4375
vt 65.875 77.8125
vt 64.9375 78.4375
vt 40.65625 41.78125
vt 61.125 39.34375
vt 58.9375 39.96875
vt 61.1875 40.25
vt 52.78125 8.125
vt 50.59375 8.703125
vt 51.46875 3.158203
vt 49.3125 3.875
vt 46.78125 -8.203125
vt 44.71875 -7.347656
vt 30.29688 -48.40625
vt 28.20313 -47.5625
vt 28.76563 -52.125
vt 26.67188 -51.28125
vt 28.40625 -52.71875
vt 26.53125 -51.625
vt 27.875 -53.1875
vt 26.39063 -51.96875
vt 26.96875 -53.75
vt 26.1875 -52.46875
vt 56.03125 19.95313
vt 53.9375 19.09375
vt 55.5 20.71875
vt 52.09375 20.875
vt 53.65625 22.5
vt 10.03125 61.71875
vt 11.625 63.34375
vt 10.9375 63.78125
vt 10.14063 63.90625
vt 9.328125 63.78125
vt 8.609375 63.40625
vt 8.078125 62.8125
vt -9.664063 26.90625
vt -11.67969 27.90625
vt -33.03125 -28.45313
vt -35.09375 -27.57813
vt -34.28125 -31.45313
vt -36.375 -30.5625
vt -34.375 -31.67188
vt -36.53125 -31.40625
vt -34.46875 -31.89063
vt -36.40625 -32.25
vt -34.5625 -32.125
vt -35.9375 -32.96875
vt -34.59375 -32.1875
vt -35.71875 -33.21875
vt -31.90625 -35.125
vt -33 -36.15625
vt 26.28125 -98.1875
vt 25.15625 -99.25
vt 26.5 -98.4375
vt 25.75 -99.6875
vt 26.71875 -98.6875
vt 26.45313 -99.875
vt 26.82813 -98.8125
vt 26.9375 -98.6875
vt 27.1875 -99.875
vt 27.17188 -98.4375
vt 27.89063 -99.6875
vt 27.39063 -98.25
vt 28.46875 -99.25
vt 45.875 -78.625
vt 46.96875 -79.625
vt 8.445313 64.4375
vt 10.16406 63.84375
vt 8.304688 63.53125
vt 9.929688 64.1875
vt 10.35156 63.53125
vt 8.320313 62.78125
vt 10.53906 63.21875
vt 8.601563 62.0625
vt 13.64063 58
vt 11.70313 56.84375
vt 30.23438 30.28125
vt 28.29688 29.125
vt -28.29688 -46.09375
vt -26.4375 -44.84375
vt -27.75 -46.59375
vt -26.54688 -44.71875
vt -26.34375 -44.96875
vt -27.0625 -46.875
vt -26.23438 -45.09375
vt -26.3125 -46.90625
vt -26.125 -45.21875
vt -25.60938 -46.75
vt -26.0625 -45.3125
vt -26.01563 -45.25
vt -24.98438 -46.34375
vt -65.0625 -0.4821777
vt -63.28125 0.9477539
vt -69.3125 4.8125
vt -67.5 6.242188
vt -69.6875 5.5625
vt -67.625 6.386719
vt -69.75 6.398438
vt -67.75 6.535156
vt -69.5625 7.210938
vt -67.875 6.679688
vt -69.0625 7.886719
vt -68 6.832031
vt -69.0625 7.925781
vt -69 7.980469
vt -67.9375 6.882813
vt 0.02108765 72.3125
vt 1.041016 71.1875
vt 1.81543 73.9375
vt 2.837891 72.875
vt 2.423828 74.375
vt 3.070313 73.0625
vt 3.132813 74.5
vt 3.306641 73.3125
vt 3.865234 74.5
vt 3.423828 73.375
vt 3.527344 73.25
vt 4.546875 74.1875
vt 3.732422 73
vt 5.105469 73.75
vt 3.935547 72.75
vt 45.8125 24.51563
vt 44.65625 23.54688
vt 46.3125 23.92188
vt 45.15625 22.95313
vt 46.71875 23.17188
vt 45.375 22.67188
vt 46.8125 22.32813
vt 45.59375 22.40625
vt 46.59375 21.51563
vt 45.34375 22.17188
vt 46.125 20.84375
vt 45.09375 21.92188
vt -31.48438 -33.65625
vt -28.0625 -34.59375
vt -29.92188 -35.90625
vt -29.64063 -32.34375
vt -27.95313 -34.75
vt -29.29688 -36.46875
vt -27.84375 -34.90625
vt -28.5 -36.78125
vt -27.73438 -35.0625
vt -27.64063 -36.8125
vt -27.625 -35.21875
vt -26.85938 -36.5
vt -26.82813 -36.5
vt 52.1875 15
vt 53 13.73438
vt 52.5 15.20313
vt 53.5 14.22656
vt 52.8125 15.39844
vt 53.84375 14.86719
vt 53.125 15.60938
vt 53.96875 15.58594
vt 52.8125 15.82813
vt 53.875 16.3125
vt 52.5 16.04688
vt 53.5625 16.96875
vt 52.1875 16.26563
vt 53.0625 17.5
vt -1.280273 54.25
vt -0.4020996 55.46875
vt -5.742188 57.40625
vt -4.863281 58.65625
vt -6 57.59375
vt -5.632813 59
vt -6.125 57.6875
vt -6.265625 57.625
vt -6.476563 59.03125
vt -6.539063 57.46875
vt -7.269531 58.78125
vt -10 55.53125
vt -10.72656 56.84375
vt -68.4375 22.98438
vt -69.125 24.29688
vt -68.5 22.95313
vt -69.6875 23.82813
vt -68.4375 22.875
vt -68.3125 22.75
vt -70.0625 23.1875
vt -68.25 22.60938
vt -70.25 22.45313
vt -68.125 22.46875
vt -70.1875 21.70313
vt -68 22.32813
vt -69.875 21.01563
vt -37.875 92.125
vt -42.25 92.4375
vt -40.96875 94.25
vt -39.1875 90.25
vt -41.71875 94.5625
vt -42.5 94.625
vt -43.28125 94.4375
vt -43.9375 93.9375
vt -4.296875 68.8125
vt -5.46875 66.875
vt 49.4375 39.96875
vt 48.375 37.96875
vt 50.09375 39.40625
vt 48.53125 37.875
vt 50.5 38.65625
vt 48.6875 37.8125
vt 50.59375 37.78125
vt 48.875 37.71875
vt 50.375 36.96875
vt 49.03125 37.625
vt 50 36.1875
vt 48.65625 36.875
vt 0.8945313 -60.875
vt -0.4609375 -60.1875
vt -1.329102 -65.25
vt -2.683594 -64.5625
vt -1.610352 -65.8125
vt -2.910156 -64.625
vt 40.4375 43.5
vt 10.35156 -1.473633
vt 9.421875 -0.8217773
vt 41.375 42.84375
vt 1.819336 87.1875
vt 3.525391 90.625
vt 4.515625 89.5
vt 0.8291016 88.3125
vt 3.5 90.6875
vt 4.699219 89.6875
vt -59.09375 34.6875
vt -60.09375 35.84375
vt -59.8125 34.3125
vt -60.375 35.59375
vt -60.625 34.21875
vt -60.6875 35.3125
vt 24.48438 31.25
vt 22.60938 32.5625
vt 24.73438 32.03125
vt 22.51563 32.375
vt 22.71875 32.71875
vt 24.65625 32.875
vt 22.8125 32.90625
vt 24.29688 33.65625
vt 22.90625 33.0625
vt 23.70313 34.25
vt 9.125 4.363281
vt 7.179688 5.476563
vt 7.855469 2.126953
vt 5.898438 3.244141
vt 7.402344 1.55957
vt 5.714844 2.923828
vt 6.785156 1.166992
vt 5.53125 2.603516
vt 5.863281 0.7788086
vt 5.277344 2.166016
vt 67.5625 72.9375
vt 67.75 71.375
vt 66.8125 72.5625
vt 68 71.5625
vt 5.589844 20.4375
vt 4.625 21.60938
vt -0.1456299 15.73438
vt -1.107422 16.90625
vt -3.525391 12.96875
vt -4.484375 14.14063
vt -55.53125 -29.625
vt -56.5 -28.45313
vt -55.75 -29.79688
vt -57 -29.10938
vt -55.9375 -29.95313
vt -57.1875 -29.90625
vt -38.21875 52.71875
vt -38.25 51.1875
vt -38.28125 51.09375
vt -37.53125 52.53125
vt -38.21875 51.1875
vt -38.34375 50.9375
vt -38.9375 52.71875
vt -38.4375 50.8125
vt -39.625 52.46875
vt -38.5 50.65625
vt -40.1875 52.0625
vt -38.5625 50.53125
vt -40.59375 51.46875
vt -39.875 47.75
vt -41.90625 48.71875
vt -53.03125 19.73438
vt -55.0625 20.6875
vt -62.03125 0.5532227
vt -64.0625 1.506836
vt -70.0625 -16.57813
vt -72.125 -15.625
vt -70.125 -16.71875
vt -72.3125 -16.3125
vt -70.1875 -16.85938
vt -72.25 -17.03125
vt -70.25 -17
vt -72 -17.70313
vt -70.3125 -17.14063
vt -71.5625 -18.26563
vt -70.375 -17.26563
vt -70.375 -17.26563
vt -70.9375 -18.67188
vt -69.9375 -17.4375
vt -70.5 -18.84375
vt -4.328125 -45.21875
vt -4.921875 -46.59375
vt -2.382813 -46.03125
vt -2.974609 -47.4375
vt -2.097656 -46.15625
vt -2.21875 -47.59375
vt -1.810547 -46.28125
vt -1.450195 -47.5
vt -1.635742 -46.03125
vt -0.7539063 -47.15625
vt -1.459961 -45.78125
vt -0.217041 -46.625
vt -0.3056641 -44.0625
vt 0.934082 -44.90625
vt 37.40625 11.67188
vt 38.65625 10.83594
vt 37.59375 11.95313
vt 38.9375 11.52344
vt 37.78125 12.23438
vt 39 12.27344
vt 37.875 12.375
vt 37.71875 12.45313
vt 38.8125 13.00781
vt 37.40625 12.60156
vt 38.40625 13.64844
vt 37.125 12.75781
vt 37.8125 14.11719
vt 1.609375 30.85938
vt 2.300781 32.21875
vt -3.572266 33.5
vt -2.880859 34.84375
vt -8.554688 36.03125
vt -7.863281 37.40625
vt 2.691406 -12.42188
vt 40.75 43.90625
vt 41.65625 43.25
vt 1.759766 -11.76563
vt 28.96875 63.53125
vt 29.35938 62.03125
vt 28.32813 63.15625
vt 29.42188 62.09375
vt 29.46875 62.03125
vt -50.4375 -11.91406
vt -51.46875 -10.79688
vt -50.59375 -12.04688
vt -51.90625 -11.39844
vt -50.6875 -12.14844
vt -52.09375 -12.10938
vt -50.46875 -12.23438
vt -52.0625 -12.85156
vt -50.28125 -12.30469
vt -51.84375 -13.55469
vt -4.480469 -44.9375
vt -3.082031 -43.1875
vt -3.662109 -45.28125
vt -3.242188 -43.0625
vt -2.921875 -43.28125
vt -2.777344 -45.25
vt -2.761719 -43.375
vt -1.958008 -44.90625
vt -2.603516 -43.5
vt -1.336914 -44.3125
vt -2.095703 -42.71875
vt -0.8422852 -43.53125
vt -45.40625 -18.09375
vt -44.15625 -16.1875
vt -45.9375 -17.59375
vt -46.28125 -16.96875
vt -46.40625 -16.26563
vt -46.3125 -15.55469
vt -42.875 -3.828125
vt -40.71875 -4.460938
vt -25.46875 55.25
vt -23.3125 54.625
vt -25.125 55.9375
vt -23.26563 54.78125
vt -24.57813 56.4375
vt -23.21875 54.9375
vt -23.90625 56.75
vt -23.17188 55.09375
vt -23.15625 56.875
vt -23.10938 55.28125
vt -23.09375 55.34375
vt -22.42188 56.71875
vt -23.01563 55.3125
vt 43.1875 28.9375
vt 42.59375 27.54688
vt 43.84375 28.5
vt 42.9375 27.40625
vt 44.28125 27.85938
vt 43.28125 27.26563
vt 44.5 27.10938
vt 43.4375 27.1875
vt 43.34375 27.04688
vt 44.5 26.34375
vt 43.15625 26.73438
vt 44.21875 25.625
vt 42.96875 26.4375
vt 30.04688 28.625
vt 2.691406 -12.42188
vt 1.759766 -11.76563
vt 30.96875 27.96875
vt -23.25 12.89063
vt -21.25 20.28125
vt -19.45313 18.95313
vt -25.15625 14.10938
vt -16.90625 25.3125
vt -15.21875 23.85938
vt -4.550781 39.65625
vt -2.849609 38.1875
vt -4.34375 39.875
vt -2.486328 38.84375
vt -4.140625 40.125
vt -2.419922 39.59375
vt -3.931641 40.375
vt -2.613281 40.34375
vt -3.744141 40.59375
vt -3.017578 41.03125
vt -56.03125 -39.25
vt -57.9375 -38.0625
vt -56.59375 -39.84375
vt -57.34375 -40.125
vt -4.710938 -24.4375
vt -2.773438 -23.29688
vt -4.070313 -25.03125
vt -2.884766 -23.14063
vt -2.660156 -23.45313
vt -3.244141 -25.34375
vt -2.548828 -23.60938
vt -2.367188 -25.32813
vt -2.4375 -23.76563
vt -1.570313 -24.98438
vt -1.907227 -23.39063
vt -1.044922 -24.625
vt 52.75 15.14844
vt 53.59375 13.92188
vt 53.0625 15.375
vt 54.15625 14.51563
vt 53.375 15.60938
vt 54.4375 15.28906
vt 53.5625 15.72656
vt 53.40625 15.85156
vt 54.46875 16.10938
vt 53.0625 16.09375
vt 54.21875 16.90625
vt 52.75 16.34375
vt 53.6875 17.54688
vt 12.60156 48.34375
vt 13.55469 49.53125
vt 10.95313 49.6875
vt 11.89063 50.84375
vt 11.78906 50.9375
vt 10.78906 49.53125
vt 11.09375 51.28125
vt 10.65625 49.40625
vt 10.3125 51.40625
vt 10.51563 49.28125
vt 9.539063 51.25
vt 10.38281 49.15625
vt 8.882813 50.84375
vt -27.84375 14.66406
vt -29.34375 16.32813
vt -29.125 13.48438
vt -30.64063 15.15625
vt -31.125 14.50781
vt -31.34375 13.72656
vt -31.29688 12.90625
vt -30.96875 12.15625
vt -89 44.59375
vt -92.125 37.8125
vt -93.75 39.4375
vt -87.3125 43.0625
vt -96.6875 33.71875
vt -98.1875 35.40625
vt -130.125 3.537109
vt -131.625 5.230469
vt -130.75 2.896484
vt -132.375 4.589844
vt -132.75 3.998047
vt 32.90625 4.117188
vt 31.89063 2.992188
vt 32.125 4.414063
vt 32.0625 2.865234
vt 31.84375 2.822266
vt 31.29688 4.398438
vt 53.03125 -9.148438
vt 52.1875 -10.39844
vt 58 -12.4375
vt 57.1875 -13.69531
vt 58.4375 -12.71094
vt 57.1875 -13.85938
vt 65.25 78.9375
vt 43.3125 45.59375
vt 42.34375 46.21875
vt 66.25 78.3125
vt -30.23438 -43.0625
vt -28.95313 -44.90625
vt -30.75 -43.71875
vt -28.79688 -44.78125
vt -29.10938 -45.0625
vt -30.98438 -44.5
vt -29.28125 -45.1875
vt -30.9375 -45.34375
vt 17.59375 -2.849609
vt 19.0625 -4.59375
vt 18.23438 -2.480469
vt 170.375 72.75
vt 171.875 72.4375
vt 170.625 71.9375
vt 172.125 72.5625
vt -165.625 82.4375
vt -166.75 81.375
vt -100.3125 18.39063
vt -101.375 17.32813
vt -87.75 6.097656
vt -88.8125 5.03125
vt -82.75 1.120117
vt -83.8125 0.06079102
vt -82.25 0.6337891
vt -83.3125 -0.4279785
vt -20.03125 -61.1875
vt -21.09375 -62.25
vt -19.75 -61.46875
vt -20.48438 -62.6875
vt -19.46875 -61.75
vt -19.76563 -62.84375
vt -19.17188 -62.03125
vt -19.01563 -62.78125
vt -19.04688 -61.65625
vt -18.3125 -62.5
vt -25.70313 -0.28125
vt -18.40625 6.234375
vt -17.32813 4.246094
vt -27.03125 1.580078
vt 36.5 36.0625
vt 37.59375 34.0625
vt 42.0625 38
vt 42.46875 35.75
vt 47.9375 38.09375
vt 47.59375 35.84375
vt 67.9375 80.8125
vt 35.4375 36.34375
vt 36.375 35.6875
vt 67 81.4375
vt 33.8125 -46.25
vt 32.375 -44.5
vt 34.3125 -45.625
vt 34.5625 -44.875
vt 34.53125 -44.03125
vt 34.25 -43.25
vt 33.71875 -42.65625
vt -42.53125 9.875
vt -41.1875 11.71875
vt -41.90625 12.04688
vt -42.6875 12.10938
vt 39.375 88.0625
vt 39.15625 85.875
vt 38.625 88
vt 37.9375 87.75
vt 37.375 87.25
vt 36.1875 82.125
vt 34.4375 83.5625
vt -21.92188 9
vt -23.6875 10.39844
vt -24.03125 9.757813
vt -24.17188 9.03125
vt -24.0625 8.304688
vt -23.75 7.644531
vt 27.04688 -56.78125
vt 25.21875 -58.125
vt 27.1875 -57.03125
vt 25.375 -58.375
vt 27.76563 -57.78125
vt 25.9375 -59.125
vt 27.98438 -58.09375
vt 26.6875 -59.78125
vt 28.21875 -58.40625
vt 27.65625 -60.0625
vt 14.39844 49.03125
vt 14.90625 52.0625
vt 16.14063 50.15625
vt 13.17188 50.90625
vt 16.67188 50.65625
vt 17 51.3125
vt 17.125 52.0625
vt 17.01563 52.78125
vt 16.67188 53.4375
vt -62.9375 -1.833984
vt -64.1875 0.07189941
vt -65.625 -3.603516
vt -66.875 -1.704102
vt -16.76563 92.625
vt -15 94
vt -18.9375 95.375
vt -17.15625 96.8125
vt -19.09375 95.625
vt -17.6875 97.3125
vt -19.23438 95.8125
vt -18.35938 97.5625
vt -15.90625 -7.828125
vt -14.5 -6.058594
vt -15.30469 -8.164063
vt -14.64063 -8.320313
vt -13.96094 -8.265625
vt -26.07813 0.2128906
vt -24.6875 1.980469
vt -26.64063 0.8896484
vt -24.82813 2.095703
vt -26.89063 1.732422
vt -24.98438 2.210938
vt -26.82813 2.609375
vt -25.125 2.328125
vt -25.26563 2.445313
vt -26.4375 3.398438
vt -23.35938 7.167969
vt -22.1875 6.210938
vt 31.46875 74.4375
vt 32.625 73.5
vt 34.46875 78.1875
vt 35.65625 77.1875
vt 35.15625 78.6875
vt 35.875 77.5
vt 26.95313 46.5
vt 26.48438 50.75
vt 28.51563 49.78125
vt 24.92188 47.46875
vt 28.73438 50.6875
vt -10.07813 -30.65625
vt -12.10156 -29.6875
vt 3.861328 -42.65625
vt 1.913086 -43.78125
vt 3.244141 -41.9375
vt 1.536133 -43.5
vt 2.865234 -41.6875
vt -8.953125 -35.84375
vt -7.628906 -34.03125
vt -11.5 -33.96875
vt -10.17188 -32.15625
vt -15.5 -31.0625
vt -13.21094 -29.25
vt -17.42188 -26.5
vt -15.35938 -25.625
vt -21.0625 -17.8125
vt -19 -16.95313
vt -37.125 20.54688
vt -35.0625 21.375
vt -56.4375 72.9375
vt -54.34375 73.6875
vt -59.90625 82.3125
vt -57.78125 83.0625
vt 22.85938 60.53125
vt 23.17188 58.3125
vt 22.10938 60.3125
vt 21.5 59.8125
vt -33.8125 -5.496094
vt -35.5 -4
vt -35.90625 -4.671875
vt 52.84375 61.1875
vt 3.273438 -11.58594
vt 2.341797 -10.9375
vt 53.75 60.53125
vt 50.03125 -31.34375
vt 54.03125 -32.96875
vt 52.21875 -34.28125
vt 51.8125 -30
vt 54.1875 -33.1875
vt 21.95313 6.457031
vt 23.75 7.800781
vt 15.5 11.51563
vt 16.39063 13.60156
vt -77.875 51.15625
vt -77 53.25
vt 38.0625 2.714844
vt 42.21875 8.632813
vt 43.4375 7.707031
vt 37.03125 3.822266
vt -57.8125 -86.5625
vt -58.84375 -85.4375
vt -58.4375 -86.9375
vt -59.125 -85.75
vt -59.15625 -87.125
vt -59.4375 -86
vt 42.5625 8.664063
vt 41.1875 9.804688
vt 43.0625 9.4375
vt 41.3125 9.5625
vt 41.09375 10.03906
vt 43.21875 10.35156
vt 40.96875 10.28125
vt 43 11.24219
vt 20.85938 52.84375
vt 22.89063 53.8125
vt 22.14063 54.71875
vt -62.875 110.125
vt -61.59375 112
vt -62.25 112.3125
vt 89.1875 11.8125
vt 87.8125 11.17188
vt 88.6875 12.39844
vt 88 11.03125
vt -18.54688 87.6875
vt -17.65625 88.9375
vt -21.78125 90.0625
vt -20.90625 91.25
vt -22.0625 90.25
vt -21.64063 91.625
vt 69.0625 82.375
vt 21.53125 16.46875
vt 22.45313 15.8125
vt 68.125 83.0625
vt 66.1875 80.3125
vt 65.4375 77.25
vt 64.625 78
vt 67.25 79.8125
vt 62.3125 74.6875
vt 61.53125 71.625
vt 60.71875 72.4375
vt 63.34375 74.1875
vt 33.59375 33.6875
vt 69.0625 82.375
vt 68.125 83.0625
vt 34.53125 33.0625
vt 13.46875 2.972656
vt 37.5625 39.375
vt 38.5 38.71875
vt 12.53906 3.625
vt 14.82031 26.90625
vt 15.15625 25.15625
vt 14.05469 26.75
vt 15.25781 25.35938
vt 15.0625 24.96875
vt 13.40625 26.34375
vt 14.96875 24.76563
vt 12.94531 25.75
vt 3.228516 0.2476807
vt 1.177734 1.243164
vt -69.0625 26.21875
vt -67.375 27.03125
vt -68.5 25.75
vt -67.4375 27.28125
vt -67.375 26.89063
vt -68.0625 25.53125
vt -61.78125 24.0625
vt -62.46875 22.70313
vt -15.88281 0.9438477
vt -16.5625 -0.4106445
vt -15.50781 0.7573242
vt -15.75781 -0.6162109
vt -15.14063 0.5644531
vt -14.92969 -0.5048828
vt -14.95313 0.4667969
vt -14.91406 0.671875
vt -14.17969 -0.1260986
vt 68.125 83.0625
vt 57.5625 65.9375
vt 56.65625 66.625
vt 69.0625 82.375
vt 13.33594 2.783203
vt 26.70313 23.85938
vt 27.64063 23.20313
vt 12.40625 3.435547
vt -45.90625 48.4375
vt -45.15625 47.03125
vt -46.5 47.75
vt -45 47.3125
vt -47.5625 42.65625
vt -48.875 43.375
vt -47.71875 42.34375
vt -49.0625 43.09375
vt -60.125 19.76563
vt -61.46875 20.5
vt -60.3125 19.46875
vt -61.71875 19.64063
vt -60.375 19.3125
vt -60.28125 19.1875
vt -61.625 18.75
vt -60.0625 18.92188
vt -61.21875 17.96875
vt -35.8125 -10.22656
vt -36.96875 -11.17969
vt -33.3125 -13.25
vt -34.46875 -14.20313
vt -33.09375 -13.5
vt -33.78125 -14.75781
vt -25.71875 -6.003906
vt -23.82813 -7.230469
vt -25.95313 -6.847656
vt -23.71875 -7.015625
vt -23.92188 -7.445313
vt -25.84375 -7.722656
vt -24.03125 -7.660156
vt -25.42188 -8.5
vt 11.53906 68
vt 13.54688 67
vt 11.99219 68.625
vt -59.375 25.09375
vt -58.25 26.17188
vt -59.09375 24.90625
vt -58.25 26.26563
vt 19.39063 -25.70313
vt 18.54688 -26.95313
vt 19.57813 -25.82813
vt 19.34375 -27.26563
vt 19.64063 -25.85938
vt 19.67188 -25.71875
vt 20.20313 -27.23438
vt 19.73438 -25.5
vt 21.01563 -26.90625
vt 19.78125 -25.29688
vt 21.65625 -26.34375
vt 51.28125 17.10938
vt 50.21875 18.3125
vt 51.53125 17.34375
vt 50.25 18.21875
vt 32.5 -0.5263672
vt 31.46875 0.5825195
vt 32.21875 -0.7792969
vt 31.1875 0.3259277
vt 31.53125 -1.217773
vt 30.96875 0.1117554
vt -30.90625 -9.078125
vt -31.48438 -7.339844
vt -30.10938 -8.726563
vt -31.53125 -7.578125
vt -31.42188 -7.101563
vt -29.51563 -8.109375
vt -31.375 -6.867188
vt -29.17188 -7.324219
vt -31.34375 -6.683594
vt -29.14063 -7.132813
vt -14.65625 74.5
vt -12.45313 74.0625
vt -14.28906 76.375
vt -12.07813 75.875
vt -12.08594 76.75
vt -12.42188 77.5
vt -13.00781 78.125
vt -13.75781 78.5
vt -28.76563 -24.625
vt -30.04688 -24.14063
vt -28.71875 -23.78125
vt -29.84375 -24.5
vt -30.26563 -23.79688
vt -28.98438 -23.01563
vt -50.03125 8.546875
vt -48.75 9.328125
vt -50.71875 9.632813
vt -49.4375 10.42188
vt -50.875 9.921875
vt -50.09375 11.10156
vt 42.65625 46.65625
vt 27.65625 23.23438
vt 26.73438 23.89063
vt 43.59375 46
vt 13.08594 2.427734
vt 12.15625 3.080078
vt 9.1875 -27.5
vt 14.02344 -28.90625
vt 12.49219 -30.5625
vt 10.74219 -25.82813
vt 14.16406 -29.03125
vt 13.15625 -30.96875
vt 14.29688 -29.14063
vt 13.9375 -31.10938
vt 14.4375 -29.26563
vt 14.72656 -30.98438
vt 14.58594 -29.42188
vt 15.4375 -30.64063
vt 14.67188 -29.28125
vt 15.97656 -30.0625
vt -37.84375 16.20313
vt -36.3125 17.82813
vt -43.4375 21.40625
vt -42.09375 23.20313
vt -56.59375 29.1875
vt -55.46875 31.10938
vt -125.4375 69.875
vt -124.25 71.8125
vt -126 70.375
vt -126.3125 71
vt -126.5 71.75
vt -126.4375 72.5
vt -126.125 73.125
vt -109.6875 96.5
vt -107.8125 95.125
vt -109.125 97
vt -107.6875 95.375
vt -108.375 97.375
vt -107.5625 95.5625
vt -107.5625 97.4375
vt -107.375 95.75
vt 9.546875 -31.71875
vt 10.98438 -31.21875
vt 10.04688 -32.3125
vt 10.875 -31.03125
vt 11.10156 -31.4375
vt 10.73438 -32.6875
vt 11.21094 -31.26563
vt 11.50781 -32.8125
vt 11.32813 -31.0625
vt 12.28906 -32.71875
vt 11.44531 -30.875
vt 12.98438 -32.375
vt 11.55469 -30.6875
vt 13.49219 -31.8125
vt 43.96875 24.71875
vt 45.90625 23.57813
vt 46.1875 24.26563
vt 46.1875 25.01563
vt 46 25.71875
vt 45.5625 26.32813
vt 38.4375 30.15625
vt 40.0625 31.78125
vt 3.154297 65
vt 4.753906 66.625
vt 3.015625 65.125
vt 4.074219 67.0625
vt 2.876953 65.3125
vt 3.279297 67.1875
vt 2.736328 65.4375
vt 2.46875 67.125
vt 2.597656 65.5625
vt 1.745117 66.75
vt 2.498047 65.375
vt 1.209961 66.1875
vt -16.67188 33.03125
vt -17.95313 33.78125
vt -20.15625 27.125
vt -21.45313 27.875
vt -20.29688 26.875
vt -21.71875 27.17188
vt -20.375 26.75
vt -20.29688 26.625
vt -21.73438 26.40625
vt -20.17188 26.39063
vt -21.5 25.67188
vt -4.996094 -1.657227
vt -6.328125 -2.376953
vt -0.9375 -9.164063
vt -2.267578 -9.882813
vt 0.859375 -12.48438
vt -0.4716797 -13.20313
vt 13.89063 -23.92188
vt 12.00781 -24.21875
vt 13.46094 -23.32813
vt 11.96094 -24.45313
vt 12.03906 -24.04688
vt 13.09375 -22.96875
vt 7.347656 -19.48438
vt 8.398438 -18.40625
vt -7.75 -4.785156
vt -6.691406 -3.703125
vt -7.988281 -4.550781
vt -7.429688 -3.230469
vt -8.109375 -4.433594
vt -8.265625 -4.496094
vt -8.289063 -3.0625
vt 29.34375 27.625
vt 3.273438 -11.58594
vt 2.341797 -10.9375
vt 30.25 26.95313
vt 69.0625 82.375
vt 46.125 51.59375
vt 47.0625 50.96875
vt 68.125 83.0625
vt 68.125 83.0625
vt 23.40625 17.15625
vt 22.46875 17.8125
vt 69.0625 82.375
vt 2.691406 -12.42188
vt 63 75.6875
vt 63.9375 75.0625
vt 1.759766 -11.76563
vt 50.1875 55.40625
vt 65.25 78.9375
vt 66.1875 78.25
vt 49.28125 56.09375
vt 52.25 60.34375
vt 34.21875 32.625
vt 33.21875 33.1875
vt 53.1875 59.6875
vt -1.789063 -48.4375
vt -0.5239258 -46.5625
vt -1.03418 -48.71875
vt -0.2261963 -48.6875
vt 0.5493164 -48.375
vt 1.194336 -47.875
vt -13.24219 -40.78125
vt -11.97656 -38.875
vt -56.59375 -11.77344
vt -55.3125 -9.882813
vt -57.125 -11.24219
vt -55.46875 -9.796875
vt -57.4375 -10.55469
vt -55.59375 -9.703125
vt -57.5625 -9.804688
vt -55.75 -9.609375
vt -57.40625 -9.0625
vt -55.875 -9.515625
vt -55.96875 -9.46875
vt -57.03125 -8.414063
vt -55.90625 -9.40625
vt -6.804688 49.09375
vt -5.671875 48.09375
vt -6.195313 49.53125
vt -5.460938 48.34375
vt -5.460938 49.71875
vt -5.25 48.5625
vt -4.6875 49.625
vt -5.007813 48.84375
vt 29.65625 28.07813
vt 5.117188 -8.953125
vt 4.1875 -8.296875
vt 30.59375 27.42188
vt 18.625 12.32813
vt 17.76563 9.117188
vt 16.73438 9.617188
vt 19.45313 11.51563
vt 20.26563 14.66406
vt 19.375 11.42188
vt 18.35938 11.92969
vt 21.0625 13.82813
vt 21.90625 17
vt 21.03125 13.78125
vt 19.98438 14.26563
vt 22.73438 16.20313
vt 23.48438 19.25
vt 22.60938 16.03125
vt 21.5625 16.51563
vt 24.3125 18.45313
vt -3.181641 -4.136719
vt -5.4375 -10
vt -6.855469 -8.25
vt -1.231445 -5.308594
vt 18.5625 32.125
vt 20.51563 30.96875
vt 7.433594 9.882813
vt 1.321289 11.32813
vt 2.851563 12.95313
vt 6.554688 7.8125
vt -2.478516 16.32813
vt -0.4746094 17.3125
vt -2.855469 16.625
vt -1.324219 22.71875
vt 0.2443848 21.10938
vt -4.875 17.57813
vt -31.21875 18.8125
vt -29.20313 17.84375
vt -31.42188 18.04688
vt -31.375 17.25
vt -31.0625 16.53125
vt -4.785156 -16.70313
vt -6.644531 -18.01563
vt -5.800781 -18.73438
vt 33 -35.53125
vt 31.96875 -37.59375
vt 32.78125 -37.8125
vt 58.46875 69.1875
vt 11.51563 0.1842041
vt 10.58594 0.8359375
vt 59.40625 68.5625
vt -93.5625 33.15625
vt -92.6875 31.6875
vt -94.1875 32.5625
vt -17.79688 77.125
vt -92.8125 31.84375
vt -17.03125 75.8125
vt -17.4375 77.375
vt -16.67188 76.0625
vt -93.5625 33.15625
vt -92.8125 31.84375
vt -92.6875 31.6875
vt 12.11719 -36.15625
vt 11.375 -34.84375
vt 12.27344 -36.0625
vt 11.33594 -34.8125
vt 12.16406 -34.25
vt 13.0625 -35.5
vt 82.875 17.42188
vt 83.8125 16.1875
vt 83.1875 17.60938
vt 84.375 16.79688
vt 83.4375 17.8125
vt 84.625 17.54688
vt 83.3125 18.09375
vt 84.6875 18.35938
vt 83.125 18.39063
vt 84.4375 19.125
vt 81.1875 21.84375
vt 82.4375 22.57813
vt 37.875 98.125
vt 39.15625 98.875
vt 36.78125 36.25
vt 38.53125 40.75
vt 39.625 40.34375
vt 36 37.15625
vt 10.6875 -1.001953
vt 35.46875 36.375
vt 36.40625 35.71875
vt 9.75 -0.3508301
vt 69.0625 82.375
vt 53.78125 62.5625
vt 54.71875 61.90625
vt 68.125 83.0625
vt 59.28125 68.375
vt 68.125 83.0625
vt 69.0625 82.375
vt 58.375 69.0625
vt 14.32031 4.195313
vt 39.4375 42.03125
vt 40.34375 41.375
vt 13.39063 4.847656
vt 67.875 82.625
vt 68.75 82
vt 9.890625 -35.15625
vt 11.6875 -33.8125
vt 10.45313 -35.65625
vt 11.14844 -35.9375
vt 11.90625 -35.96875
vt 12.64063 -35.78125
vt 13.26563 -35.375
vt 13.71094 -34.78125
vt 46.5 38.1875
vt 48.53125 37.21875
vt 48.71875 37.90625
vt 48.6875 38.65625
vt 48.4375 39.34375
vt 47.96875 39.90625
vt 47.375 40.3125
vt 12.71094 51.9375
vt 13.5625 54.03125
vt 12.52344 52
vt 12.84375 54.1875
vt 12.34375 52.09375
vt 12.10938 54.09375
vt 12.16406 52.15625
vt 11.4375 53.78125
vt 11.98438 52.21875
vt 10.91406 53.28125
vt 2.544922 39.71875
vt 1.351563 40.625
vt -21.875 9.804688
vt -23.04688 10.73438
vt -21.84375 9.765625
vt -23.17188 10.58594
vt -21.73438 9.625
vt -23.53125 9.9375
vt -21.625 9.476563
vt -23.65625 9.203125
vt -21.51563 9.335938
vt -23.54688 8.46875
vt -21.40625 9.1875
vt -23.20313 7.808594
vt -18.54688 5.503906
vt -20.35938 4.117188
vt 36.53125 37.90625
vt 3.273438 -11.58594
vt 2.341797 -10.9375
vt 37.46875 37.25
vt 35.6875 36.71875
vt 33.90625 32.15625
vt 33.15625 33.0625
vt 36.8125 36.28125
vt 62.40625 0.463623
vt 61.25 2.423828
vt 63.21875 1.320313
vt 12.14844 -29.03125
vt 10.99219 -27.07813
vt 11.33594 -29.29688
vt 10.82813 -27.17188
vt 10.48438 -29.25
vt 10.66406 -27.26563
vt 9.703125 -28.92188
vt 10.5 -27.35938
vt 9.101563 -28.32813
vt 10.33594 -27.46875
vt 64.9375 78.4375
vt 37.28125 36.96875
vt 36.3125 37.59375
vt 65.875 77.8125
vt 68.125 83.0625
vt 10.90625 -0.6865234
vt 9.976563 -0.02799988
vt 69.0625 82.375
vt 12.36719 1.395508
vt 45.28125 50.375
vt 46.1875 49.71875
vt 11.42969 2.046875
vt 68.125 83.0625
vt 69.0625 82.375
vt 7.136719 87.6875
vt 5.804688 86.875
vt 6.488281 88.125
vt 6.066406 86.625
vt 5.539063 87.125
vt 5.71875 88.3125
vt 43.21875 51.0625
vt 42.15625 50
vt 43.34375 50.9375
vt 42.28125 49.875
vt 43.78125 50.28125
vt 42.46875 49.6875
vt 43.96875 49.53125
vt 42.5625 49.5625
vt 42.53125 49.4375
vt -56.28125 26.34375
vt -57.125 21.26563
vt -58.4375 21.96875
vt -54.9375 25.6875
vt -60.59375 15.10156
vt -61.90625 15.84375
vt -85.875 -29.67188
vt -87.1875 -28.9375
vt -86.0625 -29.9375
vt -87.4375 -29.70313
vt -86.125 -30.0625
vt -86 -30.20313
vt -87.4375 -30.5
vt -85.875 -30.45313
vt -87.125 -31.26563
vt -32.3125 74.4375
vt -30.96875 73.75
vt -31.82813 75.0625
vt -30.82813 74.0625
vt -31.125 75.5
vt -30.67188 74.375
vt -30.32813 75.625
vt -30.35938 74.25
vt 55.0625 37.5
vt 54.03125 36.375
vt 54.875 37.625
vt 54.21875 36.25
vt 53.8125 36.5625
vt 54.1875 37.9375
vt 91.25 12.85938
vt 90.375 11.60156
vt -31.21875 36.5
vt -29.15625 37.5
vt -30.71875 36
vt -29.28125 37.71875
vt -29.01563 37.28125
vt -30.07813 35.6875
vt -28.89063 37.0625
vt -29.35938 35.59375
vt -28.73438 36.8125
vt -28.625 35.6875
vt -28.67188 37
vt -27.95313 35.96875
vt -28.60938 37.25
vt -27.42188 36.4375
vt -28.54688 37.46875
vt -27.09375 37.09375
vt -10.3125 7.8125
vt -2.917969 15.55469
vt -1.78418 13.57031
vt -11.58594 9.695313
vt 6.558594 20.09375
vt 7.542969 18.04688
vt -40.6875 -12.625
vt -41.9375 -10.73438
vt -44.65625 -16.4375
vt -46.46875 -15.10938
vt -47.09375 -21.35938
vt -49.25 -20.71875
vt 32.25 32.46875
vt 33.21875 30.42188
vt 33.875 33.25
vt 34.8125 31.17188
vt 45.65625 38.0625
vt 46.5 35.9375
vt 77.25 50.9375
vt 77.875 48.75
vt 45.71875 51.03125
vt 3.273438 -11.58594
vt 2.341797 -10.9375
vt 46.65625 50.375
vt 11.71094 -18.26563
vt 13.80469 -18.625
vt 12.59375 -19.53125
vt 12.9375 -17.40625
vt -20.26563 27.21875
vt -19.03125 28.09375
vt -21.67188 29.21875
vt -20.4375 30.07813
vt 13.77344 -26.8125
vt 12.85156 -25.5625
vt 14.21875 -26.17188
vt 12.78906 -25.70313
vt 35.34375 25.28125
vt 36.71875 24.67188
vt 33.125 33.0625
vt 66.1875 78.25
vt 65.25 78.9375
vt 34.0625 32.40625
vt 55.25 64.625
vt 5.117188 -8.953125
vt 4.1875 -8.296875
vt 56.1875 63.96875
vt 4.1875 -8.296875
vt 49.25 54.0625
vt 48.3125 54.71875
vt 5.117188 -8.953125
vt -42.8125 9.65625
vt -41.875 9.070313
vt -42.84375 8.789063
vt -42.03125 9.203125
vt -41.84375 9.320313
vt -41.5 8.820313
vt -42.5625 7.96875
vt -41.125 8.570313
vt -42 7.328125
vt 20.9375 -34.75
vt 20.07813 -36
vt 21.20313 -34.9375
vt 20.79688 -36.3125
vt 21.46875 -35.125
vt 21.57813 -36.375
vt 13.9375 -24.09375
vt 10.98438 -27.84375
vt 10.29688 -26.5
vt 14.76563 -25.34375
vt 10.89844 -27.98438
vt 9.632813 -27.1875
vt 77.1875 17.60938
vt 78 16.35938
vt 26.6875 41.5
vt 39.9375 55.90625
vt 41.40625 54.21875
vt 25.21875 43.1875
vt -33.625 -13.92188
vt -35.15625 -12.25
vt -35.8125 -15.89844
vt -37.3125 -14.23438
vt -38.78125 -19.59375
vt -41.46875 -18.03125
vt 31.73438 73.625
vt 30.73438 74.8125
vt 32.0625 74.3125
vt 30.53125 74.5625
vt 30.9375 75.0625
vt 32.0625 75.0625
vt 31.1875 75.375
vt 31.8125 75.8125
vt 7.15625 44.09375
vt 5.992188 45.03125
vt 7.035156 43.9375
vt 5.871094 44.875
vt 2.119141 37.84375
vt 0.9516602 38.78125
vt -4.597656 29.53125
vt -5.765625 30.46875
vt -28.23438 0.2359619
vt -29.40625 1.174805
vt -28.82813 -0.2512207
vt -29.59375 1.014648
vt -29.5625 -0.4802246
vt -29.84375 0.9423828
vt -30.34375 -0.4624023
vt -30.10938 0.9516602
vt -31.09375 -0.215332
vt -30.35938 1.037109
vt 31.4375 72.25
vt 30.92188 71.3125
vt 30.70313 72.5625
vt 31.10938 71.5625
vt 30.6875 71.0625
vt 29.92188 72.6875
vt 30.45313 70.8125
vt 29.17188 72.5
vt 30.23438 70.5625
vt 28.54688 72.0625
vt -22.46875 8.367188
vt -24.1875 9.835938
vt -22.59375 8.21875
vt -24.60938 9.054688
vt -22.71875 8.078125
vt -24.6875 8.171875
vt -22.84375 7.941406
vt -24.45313 7.316406
vt -22.95313 7.796875
vt -23.90625 6.617188
vt -18.59375 4.269531
vt -19.54688 3.095703
vt 16 -23.71875
vt 15.04688 -24.90625
vt 16.21875 -23.84375
vt 15.73438 -25.25
vt 16.48438 -23.875
vt 16.5 -25.32813
vt 20.71875 15.32031
vt 3.273438 -11.58594
vt 2.341797 -10.9375
vt 21.65625 14.65625
vt -38.375 -22.84375
vt -43.46875 -19.5625
vt -40.5 -18.60938
vt -40.1875 -24.15625
vt -22.79688 7.042969
vt -24.07813 6.226563
vt -23.4375 7.511719
vt -23.92188 6.050781
vt 7.003906 -25.98438
vt 5.878906 -27
vt 13.78906 -33.5
vt 12.66406 -34.5
vt 15.91406 -35.84375
vt 14.79688 -36.875
vt 37.28125 -59.53125
vt 36.15625 -60.53125
vt 37.65625 -60.15625
vt 36.40625 -60.8125
vt 37.78125 -60.875
vt 36.65625 -61.09375
vt 37.6875 -61.59375
vt 36.90625 -61.375
vt -30.35938 30.09375
vt -30.10938 28.75
vt -31.01563 29.64063
vt -29.82813 28.75
vt -30 28.57813
vt -31.48438 29
vt -29.85938 28.375
vt -31.75 28.23438
vt -29.73438 28.1875
vt -31.76563 27.45313
vt -29.60938 27.98438
vt -31.46875 26.73438
vt 1.351563 -17.98438
vt -0.4819336 -19.28125
vt 25.85938 -51.125
vt 24.04688 -52.46875
vt 25.98438 -51.3125
vt 24.625 -52.96875
vt 26.125 -51.46875
vt 25.34375 -53.25
vt 26.25 -51.65625
vt 26.125 -53.25
vt 26.39063 -51.8125
vt 26.875 -53.0625
vt 46.65625 52.375
vt 3.273438 -11.58594
vt 2.341797 -10.9375
vt 47.59375 51.71875
vt 32.90625 32.6875
vt 3.273438 -11.58594
vt 2.341797 -10.9375
vt 33.8125 32.03125
vt -43.59375 -1.774414
vt -43.375 -0.2958984
vt -42.84375 -1.649414
vt -43.53125 -0.4550781
vt -43.21875 -0.1453857
vt -42.1875 -1.256836
vt 20.59375 58.71875
vt 21.625 57.625
vt 20.875 59
vt 22.04688 58.21875
vt 21.14063 59.25
vt 22.25 58.90625
vt 21.42188 59.5
vt 22.23438 59.625
vt 2.341797 -10.9375
vt 25.78125 20.5625
vt 24.84375 21.20313
vt 3.273438 -11.58594
vt 3.273438 -11.58594
vt 7.214844 -3.978516
vt 8.140625 -4.628906
vt 2.341797 -10.9375
vt 5.835938 -4.144531
vt 7.277344 -2.378906
vt 6.59375 -4.464844
vt 7.125 -2.273438
vt 7.429688 -2.482422
vt 7.414063 -4.492188
vt 7.585938 -2.589844
vt 8.203125 -4.253906
vt 7.753906 -2.705078
vt 8.84375 -3.753906
vt 8.898438 -3.695313
vt 8.515625 -1.836914
vt 9.648438 -2.826172
vt 58.75 55.65625
vt 59.875 54.6875
vt 67.9375 66.125
vt 69.0625 65.1875
vt -85.3125 58.46875
vt -84.0625 60.34375
vt -85.875 59.09375
vt -84.25 60.5
vt -86.125 59.875
vt -84.5 60.65625
vt -86.125 60.71875
vt -84.6875 60.8125
vt -85.875 61.5
vt -84.875 60.90625
vt -84.75 60.9375
vt 43.46875 30.71875
vt 38.15625 25.875
vt 37.25 27.96875
vt 44.375 28.64063
vt 33.71875 23.96875
vt 32.8125 26.0625
vt 91.125 51.84375
vt 92.0625 49.78125
vt -67.9375 -19.625
vt -68.8125 -17.53125
vt -79.5625 -24.59375
vt -80.4375 -22.5
vt 53.53125 62.1875
vt 13.08594 2.427734
vt 12.15625 3.080078
vt 54.46875 61.53125
vt -21.75 -14.73438
vt -20.89063 -13.4375
vt -20.90625 -14.89844
vt -20.95313 -13.46875
vt -20.96875 -13.3125
vt -20.70313 -13.34375
vt -20.07813 -14.73438
vt 26.35938 7.808594
vt 26.98438 6.421875
vt 28.51563 8.773438
vt 29.14063 7.390625
vt 28.76563 8.882813
vt 29.73438 7.789063
vt 29.03125 8.992188
vt 30.17188 8.34375
vt 29 9.265625
vt 30.42188 9
vt 38.90625 41.28125
vt 10.44531 -1.34375
vt 9.515625 -0.6914063
vt 39.84375 40.625
vt 42.53125 46.4375
vt 36.84375 36.375
vt 35.9375 37.03125
vt 43.4375 45.78125
vt 8.234375 -4.503906
vt 7.300781 -3.853516
vt 8.234375 -4.503906
vt 22.48438 17.82813
vt 23.40625 17.17188
vt 7.300781 -3.853516
vt 8.234375 -4.503906
vt 15.5625 7.945313
vt 16.48438 7.292969
vt 7.300781 -3.853516
vt 23.9375 19.89063
vt 23.20313 16.875
vt 22.15625 17.35938
vt 24.78125 19.125
vt 26.48438 29.09375
vt 21.29688 31.92188
vt 23.28125 33.0625
vt 25 27.42188
vt 0.06634521 68.8125
vt 1.885742 70.1875
vt -22.15625 91.6875
vt -20.53125 93.25
vt -22.3125 91.8125
vt -21.17188 93.6875
vt -22.48438 92
vt -21.9375 93.875
vt -22.64063 92.1875
vt -22.71875 93.75
vt -22.78125 92.3125
vt -23.4375 93.4375
vt 51.34375 6.890625
vt 49.8125 5.1875
vt 51.8125 6.265625
vt 49.9375 5.066406
vt 52.03125 5.515625
vt 50.09375 4.945313
vt 52 4.734375
vt 50.21875 4.824219
vt 51.71875 4.007813
vt 50.375 4.707031
vt 50.40625 4.675781
vt 51.21875 3.425781
vt 50.3125 4.59375
vt 8.304688 -30.73438
vt 7.371094 -29.5625
vt 7.609375 -31.09375
vt 7.121094 -29.76563
vt 6.828125 -31.20313
vt 6.871094 -29.95313
vt 6.050781 -31.04688
vt 6.632813 -29.73438
vt 5.375 -30.64063
vt 6.394531 -29.51563
vt 4.003906 -29.39063
vt 5.027344 -28.26563
vt -41.3125 11.8125
vt -40.28125 12.9375
vt -42.1875 12.61719
vt -41.15625 13.74219
vt -42.65625 13.25781
vt -41.375 13.94531
vt -42.90625 14.03125
vt -41.5 14.04688
vt -41.46875 14.1875
vt -7.109375 7.433594
vt -7.433594 9.6875
vt -6.421875 7.648438
vt 22.45313 24.42188
vt 23.45313 22.39063
vt 30.0625 28.20313
vt 30.8125 26.04688
vt 3.761719 -10.89063
vt 27.89063 25.54688
vt 28.8125 24.89063
vt 2.830078 -10.23438
vt -4.851563 -2.005859
vt 22.65625 33.0625
vt 24.375 31.57813
vt -6.742188 -0.7304688
vt -79.75 51.625
vt -84.25 56.625
vt -82.9375 57.34375
vt -81.0625 50.875
vt -84.375 56.625
vt -83.125 57.71875
vt -41.125 -17.95313
vt -42.4375 -18.67188
vt -40.5 -19.0625
vt -41.8125 -19.79688
vt -40.25 -19.82813
vt -41.6875 -20.03125
vt -62.46875 63.5625
vt -61.09375 62.96875
vt -62.53125 62.78125
vt -61.21875 63.1875
vt -61 62.78125
vt -62.3125 62.03125
vt -22.34375 -6.792969
vt -23.65625 -7.523438
vt -22.1875 -7.054688
vt -23.14063 -8.140625
vt 28.8125 24.89063
vt 10.28906 0.416748
vt 11.22656 -0.223877
vt 27.89063 25.54688
vt 16.57813 9.40625
vt 3.761719 -10.89063
vt 2.830078 -10.23438
vt 17.51563 8.75
vt -17.1875 85.5
vt -19.95313 86.3125
vt -18.84375 87.3125
vt -18.28125 84.5
vt -20.14063 86.5
vt -19.48438 87.8125
vt 40.625 22.98438
vt 39.53125 21.96875
vt 43.84375 19.51563
vt 42.71875 18.5
vt 44.21875 18.90625
vt 42.9375 18.28125
vt 44.40625 18.21875
vt 43.125 18.07813
vt 44.375 17.48438
vt 42.96875 17.82813
vt 44.125 16.8125
vt 42.8125 17.59375
vt 42.40625 13.96094
vt 41.09375 14.74219
vt 5.261719 56.5
vt 4.101563 55.5
vt 4.589844 56.84375
vt 4.34375 55.3125
vt 3.857422 55.6875
vt 3.833984 56.96875
vt 3.625 55.5
vt 3.085938 56.8125
vt 3.390625 55.3125
vt 2.431641 56.46875
vt -62 0.7124023
vt -62.9375 1.861328
vt -62.28125 0.4580078
vt -63.40625 1.289063
vt -62.59375 0.2042236
vt -63.625 0.5888672
vt -62.90625 -0.05657959
vt -63.625 -0.161377
vt -62.53125 -0.2224121
vt -63.4375 -0.8823242
vt -62.15625 -0.3886719
vt -63.03125 -1.498047
vt -61.78125 -0.5546875
vt -62.40625 -1.93457
vt -2.162109 -27.89063
vt -2.794922 -29.26563
vt 2.152344 -29.875
vt 1.523438 -31.25
vt 2.458984 -30.01563
vt 2.382813 -31.4375
vt 2.609375 -30.07813
vt 2.732422 -29.96875
vt 3.253906 -31.29688
vt 2.976563 -29.75
vt 4 -30.84375
vt 4.105469 -28.70313
vt 5.125 -29.79688
vt 52.75 16.57813
vt 53.78125 15.47656
vt 53.03125 16.8125
vt 54.21875 16.09375
vt 53.28125 17.04688
vt 54.4375 16.82813
vt 53.40625 17.17188
vt 53.25 17.28125
vt 54.40625 17.60938
vt 52.96875 17.5
vt 54.125 18.32813
vt 52.6875 17.71875
vt 53.625 18.92188
vt 42.21875 39.25
vt 43.6875 43.9375
vt 45.28125 42.3125
vt 40.625 40.84375
vt 45.53125 42.5625
vt 45.6875 42.875
vt -17.82813 -20.8125
vt -19.29688 -19.07813
vt 28.5625 -5.695313
vt 30.09375 -6.023438
vt 29.64063 -6.765625
vt 28.42188 -5.566406
vt 28.28125 -5.433594
vt 30.25 -5.160156
vt 28.15625 -5.304688
vt 30.09375 -4.289063
vt 28.01563 -5.171875
vt 29.60938 -3.550781
vt -33.3125 55.375
vt -31.59375 56.875
vt -57.8125 88.5
vt -55.96875 89.8125
vt -57.9375 88.6875
vt -56.625 90.375
vt -58.0625 88.8125
vt -57.4375 90.625
vt -58.21875 89
vt -58.3125 90.625
vt -58.28125 89.125
vt -58.34375 89.0625
vt -59.125 90.3125
vt -58.4375 88.875
vt -59.71875 89.6875
vt -107 12.71094
vt -108.25 13.50781
vt -107.1875 12.38281
vt -108.5625 12.67969
vt -107.375 12.05469
vt -108.5 11.78906
vt -107.0625 11.85938
vt -108.125 10.97656
vt -106.75 11.65625
vt -107.5 10.35938
vt -104.3125 10.21875
vt -105.125 8.914063
vt -12.0625 -45.625
vt -12.84375 -46.90625
vt -11.80469 -45.78125
vt -12.14844 -47.1875
vt -11.54688 -45.9375
vt -11.39844 -47.21875
vt -11.33594 -45.71875
vt -10.67969 -47
vt -11.13281 -45.53125
vt -10.07031 -46.59375
vt 5.898438 65.375
vt 4.574219 63.5
vt 5.226563 65.625
vt 4.730469 63.40625
vt 4.417969 63.59375
vt 4.503906 65.625
vt 4.261719 63.6875
vt 3.810547 65.4375
vt 86.0625 17.59375
vt 84.9375 15.63281
vt -76.75 56.65625
vt -76.1875 55.03125
vt -77.3125 56.1875
vt -76.0625 54.96875
vt -76.25 55.0625
vt -77.4375 56
vt -76.9375 54.21875
vt -78.125 55.15625
vt -111.9375 10.21094
vt -113.125 11.14844
vt -112.4375 9.625
vt -113.5625 10.5625
vt -112.625 9.375
vt -114 9.789063
vt -112.6875 9.242188
vt -112.625 9.101563
vt -114.0625 8.921875
vt 53.71875 62.46875
vt 3.761719 -10.89063
vt 2.830078 -10.23438
vt 54.65625 61.8125
vt 19.29688 13.27344
vt 67.9375 80.8125
vt 67 81.4375
vt 20.20313 12.60156
vt 8.4375 16.28125
vt 9.3125 19.98438
vt 10.73438 18.20313
vt 6.980469 18.03125
vt 17.07813 25.98438
vt 18.46875 24.17188
vt 48.5625 50.25
vt 50.09375 48.53125
vt -27.73438 -13.8125
vt -29.1875 -12.0625
vt -34.09375 -19.09375
vt -35.65625 -17.4375
vt 43.125 18.51563
vt 44.71875 22.48438
vt 45.84375 21.46875
vt 42.03125 19.54688
vt 44.6875 22.54688
vt 46 21.65625
vt 44.5625 22.75
vt 46.46875 22.4375
vt 44.46875 22.96875
vt 46.59375 23.35938
vt 44.34375 23.1875
vt 46.34375 24.26563
vt 22 64.5625
vt 24 65.6875
vt 21.90625 64.75
vt 23.48438 66.25
vt 21.8125 64.9375
vt 22.79688 66.6875
vt 21.73438 65.125
vt 22 66.8125
vt 21.625 65.3125
vt 21.21875 66.6875
vt 21.5 65.1875
vt 20.53125 66.3125
vt -75.8125 -17.73438
vt -76.8125 -16.59375
vt -76.1875 -18.01563
vt -77.3125 -17.26563
vt -76.5 -18.3125
vt -77.5 -18.10938
vt -76.6875 -18.45313
vt -76.4375 -18.5625
vt -77.4375 -18.96875
vt -76.0625 -18.76563
vt -77.0625 -19.75
vt -75.6875 -18.96875
vt -76.375 -20.3125
vt -21.53125 -47.84375
vt -22.25 -49.15625
vt -21.14063 -48.03125
vt -21.84375 -49.375
vt -20.89063 -48.1875
vt -21.14063 -49.59375
vt -20.64063 -48.3125
vt -20.40625 -49.59375
vt -20.4375 -48.09375
vt -19.71875 -49.375
vt -20.23438 -47.90625
vt -19.14063 -48.90625
vt -19.25 -46.84375
vt -18.15625 -47.84375
vt 67 81.4375
vt 46.0625 49.5
vt 45.125 50.15625
vt 67.9375 80.8125
vt 30.0625 39.28125
vt 31.39063 45.0625
vt 33.15625 43.625
vt 28.20313 40.59375
vt -7.007813 -12.625
vt -8.84375 -11.3125
vt -11.28906 -18.59375
vt -13.28906 -17.5
vt 54.0625 20.57813
vt 54.375 22.9375
vt 55.46875 21.90625
vt 53.03125 21.6875
vt 54.25 23.09375
vt 55.9375 22.57813
vt 54.125 23.23438
vt 56.125 23.375
vt 54 23.39063
vt 56.0625 24.21875
vt 53.90625 23.53125
vt 55.6875 24.95313
vt 14.24219 73.5
vt 16.03125 74.9375
vt 14.14063 73.625
vt 15.46875 75.375
vt 14.03906 73.75
vt 14.77344 75.6875
vt 13.9375 73.875
vt 14.03906 75.6875
vt 13.83594 74
vt 13.32031 75.5625
vt 13.77344 74.125
vt 13.72656 74.0625
vt 12.70313 75.125
vt 13.28906 73.625
vt 12.26563 74.75
vt -26.84375 36.25
vt -27.875 37.34375
vt -30.34375 33
vt -31.35938 34.09375
vt -35.15625 28.51563
vt -36.1875 29.60938
vt -83.8125 -16.8125
vt -84.8125 -15.71875
vt -84.0625 -17.04688
vt -85.3125 -16.39063
vt -84.3125 -17.29688
vt -85.5 -17.21875
vt -84.0625 -17.5625
vt -85.375 -18.0625
vt -83.8125 -17.84375
vt -85 -18.79688
vt -83.375 -18.375
vt -84.5625 -19.34375
vt -42.65625 -67.625
vt -43.84375 -68.5625
vt -42.46875 -67.875
vt -43.28125 -69.0625
vt -42.25 -68.125
vt -42.59375 -69.3125
vt -42.15625 -68.25
vt -42.03125 -68.125
vt -41.84375 -69.375
vt -41.8125 -67.875
vt -41.15625 -69.1875
vt -41.5625 -67.6875
vt -40.53125 -68.75
vt -39.90625 -66.125
vt -38.90625 -67.25
vt 36.8125 38.28125
vt 13.36719 2.822266
vt 12.42969 3.466797
vt 37.75 37.625
vt 36.8125 38.28125
vt 3.761719 -10.89063
vt 2.830078 -10.23438
vt 37.71875 37.625
vt 11.01563 -0.527832
vt 27.89063 25.54688
vt 28.8125 24.89063
vt 10.07813 0.1130981
vt -17.20313 -20.0625
vt -15.71875 -19.51563
vt -16.625 -20.71875
vt -15.98438 -19.3125
vt -38.59375 -2.330078
vt -38.5625 -0.06414795
vt -37.78125 -2.173828
vt -37.0625 -1.733398
vt -37.75 0.6679688
vt -36.25 -0.9921875
vt 31.1875 63.71875
vt 32.71875 62.0625
vt -66.375 -20.125
vt -68.375 -23.79688
vt -69.4375 -21.79688
vt -65.25 -22.125
vt -70.0625 -22.29688
vt 5.757813 18.84375
vt 6.824219 16.875
vt 6.007813 18.98438
vt -28.34375 -2.712891
vt -28.14063 -4.976563
vt -29.125 -2.923828
vt -30.32813 -6.019531
vt -31.29688 -3.958984
vt -68.4375 -24.07813
vt -69.4375 -22.01563
vt 3.273438 -11.58594
vt 46.90625 52.71875
vt 47.84375 52.0625
vt 2.341797 -10.9375
vt 10.35156 -1.473633
vt 31.95313 31.35938
vt 32.875 30.70313
vt 9.421875 -0.8217773
vt 12.99219 2.294922
vt 14.65625 6.65625
vt 15.74219 6.226563
vt 12.22656 3.183594
vt 23.09375 39.09375
vt 18.32813 31.75
vt 17.25 33.75
vt 25 37.84375
vt 34.75 35.34375
vt 11.51563 0.1842041
vt 10.58594 0.8359375
vt 35.6875 34.6875
vt 11.51563 0.1842041
vt 33.4375 33.46875
vt 34.375 32.8125
vt 10.58594 0.8359375
vt 35.65625 34.65625
vt 68.125 83.0625
vt 69.0625 82.375
vt 34.71875 35.28125
vt 10.35156 -1.473633
vt 51.09375 58.6875
vt 52 58.03125
vt 9.421875 -0.8217773
vt 3.273438 -11.58594
vt 25.5625 22.23438
vt 26.45313 21.51563
vt 2.341797 -10.9375
vt 10.35156 -1.473633
vt 44.96875 49.9375
vt 45.8125 49.1875
vt 9.421875 -0.8217773
vt 68.125 83.0625
vt 11.53125 0.2114258
vt 10.60156 0.8632813
vt 69.0625 82.375
vt 65.3125 78.9375
vt 46.0625 49.53125
vt 45.1875 50.25
vt 66.1875 78.25
vt 65.25 78.9375
vt 34.875 33.5625
vt 33.9375 34.21875
vt 66.1875 78.25
vt 65.875 79.75
vt 5.140625 -8.921875
vt 4.210938 -8.265625
vt 66.75 79.125
vt 51.5625 49.6875
vt 50.15625 49.125
vt 51.0625 50.21875
vt 50.3125 48.875
vt 49.96875 49.40625
vt 50.40625 50.5625
vt 49.875 49.53125
vt 49.75 49.4375
vt 49.6875 50.6875
vt 49.46875 49.25
vt 48.9375 50.5625
vt 49.21875 49.0625
vt 48.3125 50.21875
vt -27.3125 -10.70313
vt -28.23438 -9.523438
vt -27.40625 -10.76563
vt -28.32813 -9.585938
vt -27.6875 -10.99219
vt -28.875 -10.25
vt -27.98438 -11.22656
vt -29.14063 -11.08594
vt -27.75 -11.52344
vt -29.09375 -11.96094
vt -27.51563 -11.82813
vt -28.73438 -12.75
vt -1.899414 -45.375
vt -3.107422 -46.28125
vt -1.707031 -45.625
vt -2.568359 -46.78125
vt -1.515625 -45.875
vt -1.902344 -47.0625
vt -1.420898 -46
vt -1.298828 -45.90625
vt -1.179688 -47.125
vt -1.056641 -45.6875
vt -0.4711914 -47
vt -0.8173828 -45.5
vt 0.1494141 -46.65625
vt 70.5 14.89844
vt 71.5 13.75781
vt 71.5 15.75
vt 72.5 14.60156
vt 71.75 15.96094
vt 73 15.23438
vt 72 16.17188
vt 73.25 16
vt 71.8125 16.45313
vt 73.25 16.82813
vt 71.625 16.73438
vt 72.9375 17.57813
vt 32.71875 32.9375
vt 31.54688 33.96875
vt 32.9375 33.78125
vt 31.375 33.625
vt 31.71875 34.3125
vt 32.8125 34.65625
vt 31.375 34.5
vt 32.40625 35.4375
vt 31.03125 34.65625
vt 31.71875 36
vt -2.859375 -34.4375
vt -4.183594 -33.75
vt -3.417969 -35.125
vt -4.367188 -34.0625
vt -4.207031 -35.5
vt -4.546875 -34.40625
vt -5.089844 -35.59375
vt -4.886719 -34.21875
vt -5.941406 -35.34375
vt -5.222656 -34.03125
vt -6.527344 -35.0625
vt -5.796875 -33.71875
vt -2.775391 51.96875
vt -2.082031 53.3125
vt -3.091797 52.15625
vt -2.912109 53.53125
vt -3.416016 52.3125
vt -3.763672 53.4375
vt -3.59375 52
vt -4.527344 53.0625
vt -3.771484 51.6875
vt -5.089844 52.4375
vt -4.035156 51.25
vt -5.335938 52
vt -41.53125 -15.98438
vt -40.78125 -14.64844
vt -42.1875 -15.39063
vt -41.125 -14.47656
vt -42.59375 -14.59375
vt -41.46875 -14.28906
vt -42.6875 -13.71094
vt -41.28125 -13.95313
vt -42.40625 -12.875
vt -41.09375 -13.61719
vt 65.25 78.9375
vt 15.70313 6.160156
vt 14.79688 6.851563
vt 66.1875 78.25
vt 68.625 82.75
vt 25.78125 20.54688
vt 25.3125 20.875
vt 69.0625 82.375
vt 68.125 83.0625
vt 24.82813 21.1875
vt 8.234375 -4.503906
vt 68.125 83.0625
vt 69.0625 82.375
vt 7.300781 -3.853516
vt 3.273438 -11.58594
vt 53.375 61.9375
vt 54.28125 61.28125
vt 2.341797 -10.9375
vt 10.44531 -1.34375
vt 48.8125 55.4375
vt 49.75 54.78125
vt 9.515625 -0.6914063
vt 68.125 83.0625
vt 46.71875 50.46875
vt 45.78125 51.09375
vt 69.0625 82.375
vt 65.25 78.9375
vt 4.296875 -10.125
vt 3.353516 -9.492188
vt 66.1875 78.25
vt -74.1875 -122.1875
vt 92.3125 117.5625
vt 93.25 116.9375
vt -75.125 -121.5625
vt -93.8125 18.125
vt 3.060547 140.75
vt 4.226563 139.75
vt -94.9375 19.0625
vt 16.23438 6.921875
vt 65.875 79.75
vt 66.75 79.125
vt 15.3125 7.585938
vt 52.25 60.34375
vt 27.29688 22.71875
vt 26.34375 23.34375
vt 53.1875 59.6875
vt 52.25 60.34375
vt 30.21875 26.89063
vt 29.28125 27.54688
vt 53.1875 59.6875
vt -15.64844 -21.21875
vt -17.51563 -22.45313
vt -16.20313 -20.59375
vt -60.9375 8.0625
vt -59.875 10.0625
vt 69.0625 82.375
vt 38.4375 40.625
vt 39.375 39.96875
vt 68.125 83.0625
vt 10.44531 -1.34375
vt 55.46875 64.9375
vt 56.40625 64.25
vt 9.515625 -0.6914063
vt 27.90625 23.59375
vt 68.125 83.0625
vt 69.0625 82.375
vt 27 24.28125
vt 68.125 83.0625
vt 43.96875 46.53125
vt 43.03125 47.1875
vt 69.0625 82.375
vt 8.234375 -4.503906
vt 40.0625 42.9375
vt 41 42.3125
vt 7.300781 -3.853516
vt 2.691406 -12.42188
vt 45.03125 50.03125
vt 45.96875 49.40625
vt 1.759766 -11.76563
vt 10.44531 -1.34375
vt 54.46875 63.53125
vt 55.40625 62.875
vt 9.515625 -0.6914063
vt 48.5 6.574219
vt 47.03125 6.148438
vt 48.125 7.160156
vt 47.1875 5.949219
vt 44.5625 8.828125
vt 45.65625 9.84375
vt 3.244141 53.84375
vt 4.347656 54.875
vt 3.160156 53.9375
vt 3.730469 55.3125
vt 3.128906 53.90625
vt 40.4375 43.46875
vt 10.44531 -1.34375
vt 9.515625 -0.6914063
vt 41.34375 42.8125
vt 33.5 33.5625
vt 10.44531 -1.34375
vt 9.515625 -0.6914063
vt 34.4375 32.90625
vt 28.1875 25.98438
vt 3.273438 -11.58594
vt 2.341797 -10.9375
vt 29.125 25.32813
vn 0 1 0
vn 0 1 0
vn 0 1 0
vn 0 1 0
vn 0 1 0
vn 0 1 0
vn 0 1 0
vn 0 1 0
vn 0 1 0
vn 0 1 0
vn 0 1 0
vn 0 1 0
vn 0 1 0
vn 0 1 0
vn 0 1 0
vn 0 1 0
vn 0 1 0
vn 0 1 0
vn 0 1 0
vn 0 1 0
vn 0 1 0
vn 0 1 0
vn 0 1 0
vn 0 1 0
vn 0 1 0
vn 0 1 0
vn 0 1 0
vn 0 1 0
vn 0 1 0
vn 0 1 0
vn 0 1 0
vn 0 1 0
vn 0 1 0
vn 0 1 0
vn 0 1 0
vn 0 1 0
vn 0 1 0
vn 0 1 0
vn 0 1 0
vn 0 1 0
vn 0 1 0
vn 0 1 0
vn 0 1 0
vn 0 1 0
vn 0 1 0
vn 0 1 0
vn 0 1 0
vn 0 1 0
vn 0 1 0
vn 0 1 0
vn 0 1 0
vn 0 1 0
vn 0 1 0
vn 0 1 0
vn 0 1 0
vn 0 1 0
vn 0 1 0
vn 0 1 0
vn 0 1 0
vn 0 1 0
vn 0 1 0
vn 0 1 0
vn 0 1 0
vn 0 1 0
vn 0 1 0
vn 0 1 0
vn 0 1 0
vn 0 1 0
vn 0 1 0
vn 0 1 0
vn 0 1 0
vn 0 1 0
vn 0 1 0
vn 0 1 0
vn 0 1 0
vn 0 1 0
vn 0 1 0
vn 0 1 0
vn 0 1 0
vn 0 1 0
vn 0 1 0
vn 0 1 0
vn 0 1 0
vn 0 1 0
vn 0 1 0
vn 0 1 0
vn 0 1 0
vn 0 1 0
vn 0 1 0
vn 0 1 0
vn 0 1 0
vn 0 1 0
vn 0 1 0
vn 0 1 0
vn 0 1 0
vn 0 1 0
vn 0 1 0
vn 0 1 0
vn 0 1 0
vn 0 1 0
vn 0 1 0
vn 0 1 0
vn 0 1 0
vn 0 1 0
vn 0 1 0
vn 0 1 0
vn 0 1 0
vn 0 1 0
vn 0 1 0
vn 0 1 0
vn 0 1 0
vn 0 1 0
vn 0 1 0
vn 0 1 0
vn 0 1 0
vn 0 1 0
vn 0 1 0
vn 0 1 0
vn 0 1 0
vn 0 1 0
vn 0 1 0
vn 0 1 0
vn 0 1 0
vn 0 1 0
vn 0 1 0
vn 0 1 0
vn 0 1 0
vn 0 1 0
vn 0 1 0
vn 0 1 0
vn 0 1 0
vn 0 1 0
vn 0 1 0
vn 0 1 0
vn 0 1 0
vn 0 1 0
vn 0 1 0
vn 0 1 0
vn 0 1 0
vn 0 1 0
vn 0 1 0
vn 0 1 0
vn 0 1 0
vn 0 1 0
vn 0 1 0
vn 0 1 0
vn 0 1 0
vn 0 1 0
vn 0 1 0
vn 0 1 0
vn 0 1 0
vn 0 1 0
vn 0 1 0
vn 0 1 0
vn 0 1 0
vn 0 1 0
vn 0 1 0
vn 0 1 0
vn 0 1 0
vn 0 1 0
vn 0 1 0
vn 0 1 0
vn 0 1 0
vn 0 1 0
vn 0 1 0
vn 0 1 0
vn 0 1 0
vn 0 1 0
vn 0 1 0
vn 0 1 0
vn 0 1 0
vn 0 1 0
vn 0 1 0
vn 0 1 0
vn 0 1 0
vn 0 1 0
vn 0 1 0
vn 0 1 0
vn 0 1 0
vn 0 1 0
vn 0 1 0
vn 0 1 0
vn 0 1 0
vn 0 1 0
vn 0 1 0
vn 0 1 0
vn 0 1 0
vn 0 1 0
vn 0 1 0
vn 0 1 0
vn 0 1 0
vn 0 1 0
vn 0 1 0
vn 0 1 0
vn 0 1 0
vn 0 1 0
vn 0 1 0
vn 0 1 0
vn 0 1 0
vn 0 1 0
vn 0 1 0
vn 0 1 0
vn 0 1 0
vn 0 1 0
vn 0 1 0
vn 0 1 0
vn 0 1 0
vn 0 1 0
vn 0 1 0
vn 0 1 0
vn 0 1 0
vn 0 1 0
vn 0 1 0
vn 0 1 0
vn 0 1 0
vn 0 1 0
vn 0 1 0
vn 0 1 0
vn 0 1 0
vn 0 1 0
vn 0 1 0
vn 0 1 0
vn 0 1 0
vn 0 1 0
vn 0 1 0
vn 0 1 0
vn 0 1 0
vn 0 1 0
vn 0 1 0
vn 0 1 0
vn 0 1 0
vn 0 1 0
vn 0 1 0
vn 0 1 0
vn 0 1 0
vn 0 1 0
vn 0 1 0
vn 0 1 0
vn 0 1 0
vn 0 1 0
vn 0 1 0
vn 0 1 0
vn 0 1 0
vn 0 1 0
vn 0 1 0
vn 0 1 0
vn 0 1 0
vn 0 1 0
vn 0 1 0
vn 0 1 0
vn 0 1 0
vn 0 1 0
vn 0 1 0
vn 0 1 0
vn 0 1 0
vn 0 1 0
vn 0 1 0
vn 0 1 0
vn 0 1 0
vn 0 1 0
vn 0 1 0
vn 0 1 0
vn 0 1 0
vn 0 1 0
vn 0 1 0
vn 0 1 0
vn 0 1 0
vn 0 1 0
vn 0 1 0
vn 0 1 0
vn 0 1 0
vn 0 1 0
vn 0 1 0
vn 0 1 0
vn 0 1 0
vn 0 1 0
vn 0 1 0
vn 0 1 0
vn 0 1 0
vn 0 1 0
vn 0 1 0
vn 0 1 0
vn 0 1 0
vn 0 1 0
vn 0 1 0
vn 0 1 0
vn 0 1 0
vn 0 1 0
vn 0 1 0
vn 0 1 0
vn 0 1 0
vn 0 1 0
vn 0 1 0
vn 0 1 0
vn 0 1 0
vn 0 1 0
vn 0 1 0
vn 0 1 0
vn 0 1 0
vn 0 1 0
vn 0 1 0
vn 0 1 0
vn 0 1 0
vn 0 1 0
vn 0 1 0
vn 0 1 0
vn 0 1 0
vn 0 1 0
vn 0 1 0
vn 0 1 0
vn 0 1 0
vn 0 1 0
vn 0 1 0
vn 0 1 0
vn 0 1 0
vn 0 1 0
vn 0 1 0
vn 0 1 0
vn 0 1 0
vn 0 1 0
vn 0 1 0
vn 0 1 0
vn 0 1 0
vn 0 1 0
vn 0 1 0
vn 0 1 0
vn 0 1 0
vn 0 1 0
vn 0 1 0
vn 0 1 0
vn 0 1 0
vn 0 1 0
vn 0 1 0
vn 0 1 0
vn 0 1 0
vn 0 1 0
vn 0 1 0
vn 0 1 0
vn 0 1 0
vn 0 1 0
vn 0 1 0
vn 0 1 0
vn 0 1 0
vn 0 1 0
vn 0 1 0
vn 0 1 0
vn 0 1 0
vn 0 1 0
vn 0 1 0
vn 0 1 0
vn 0 1 0
vn 0 1 0
vn 0 1 0
vn 0 1 0
vn 0 1 0
vn 0 1 0
vn 0 1 0
vn 0 1 0
vn 0 1 0
vn 0 1 0
vn 0 1 0
vn 0 1 0
vn 0 1 0
vn 0 1 0
vn 0 1 0
vn 0 1 0
vn 0 1 0
vn 0 1 0
vn 0 1 0
vn 0 1 0
vn 0 1 0
vn 0 1 0
vn 0 1 0
vn 0 1 0
vn 0 1 0
vn 0 1 0
vn 0 1 0
vn 0 1 0
vn 0 1 0
vn 0 1 0
vn 0 1 0
vn 0 1 0
vn 0 1 0
vn 0 1 0
vn 0 1 0
vn 0 1 0
vn 0 1 0
vn 0 1 0
vn 0 1 0
vn 0 1 0
vn 0 1 0
vn 0 1 0
vn 0 1 0
vn 0 1 0
vn 0 1 0
vn 0 1 0
vn 0 1 0
vn 0 1 0
vn 0 1 0
vn 0 1 0
vn 0 1 0
vn 0 1 0
vn 0 1 0
vn 0 1 0
vn 0 1 0
vn 0 1 0
vn 0 1 0
vn 0 1 0
vn 0 1 0
vn 0 1 0
vn 0 1 0
vn 0 1 0
vn 0 1 0
vn 0 1 0
vn 0 1 0
vn 0 1 0
vn 0 1 0
vn 0 1 0
vn 0 1 0
vn 0 1 0
vn 0 1 0
vn 0 1 0
vn 0 1 0
vn 0 1 0
vn 0 1 0
vn 0 1 0
vn 0 1 0
vn 0 1 0
vn 0 1 0
vn 0 1 0
vn 0 1 0
vn 0 1 0
vn 0 1 0
vn 0 1 0
vn 0 1 0
vn 0 1 0
vn 0 1 0
vn 0 1 0
vn 0 1 0
vn 0 1 0
vn 0 1 0
vn 0 1 0
vn 0 1 0
vn 0 1 0
vn 0 1 0
vn 0 1 0
vn 0 1 0
vn 0 1 0
vn 0 1 0
vn 0 1 0
vn 0 1 0
vn 0 1 0
vn 0 1 0
vn 0 1 0
vn 0 1 0
vn 0 1 0
vn 0 1 0
vn 0 1 0
vn 0 1 0
vn 0 1 0
vn 0 1 0
vn 0 1 0
vn 0 1 0
vn 0 1 0
vn 0 1 0
vn 0 1 0
vn 0 1 0
vn 0 1 0
vn 0 1 0
vn 0 1 0
vn 0 1 0
vn 0 1 0
vn 0 1 0
vn 0 1 0
vn 0 1 0
vn 0 1 0
vn 0 1 0
vn 0 1 0
vn 0 1 0
vn 0 1 0
vn 0 1 0
vn 0 1 0
vn 0 1 0
vn 0 1 0
vn 0 1 0
vn 0 1 0
vn 0 1 0
vn 0 1 0
vn 0 1 0
vn 0 1 0
vn 0 1 0
vn 0 1 0
vn 0 1 0
vn 0 1 0
vn 0 1 0
vn 0 1 0
vn 0 1 0
vn 0 1 0
vn 0 1 0
vn 0 1 0
vn 0 1 0
vn 0 1 0
vn 0 1 0
vn 0 1 0
vn 0 1 0
vn 0 1 0
vn 0 1 0
vn 0 1 0
vn 0 1 0
vn 0 1 0
vn 0 1 0
vn 0 1 0
vn 0 1 0
vn 0 1 0
vn 0 1 0
vn 0 1 0
vn 0 1 0
vn 0 1 0
vn 0 1 0
vn 0 1 0
vn 0 1 0
vn 0 1 0
vn 0 1 0
vn 0 1 0
vn 0 1 0
vn 0 1 0
vn 0 1 0
vn 0 1 0
vn 0 1 0
vn 0 1 0
vn 0 1 0
vn 0 1 0
vn 0 1 0
vn 0 1 0
vn 0 1 0
vn 0 1 0
vn 0 1 0
vn 0 1 0
vn 0 1 0
vn 0 1 0
vn 0 1 0
vn 0 1 0
vn 0 1 0
vn 0 1 0
vn 0 1 0
vn 0 1 0
vn 0 1 0
vn 0 1 0
vn 0 1 0
vn 0 1 0
vn 0 1 0
vn 0 1 0
vn 0 1 0
vn 0 1 0
vn 0 1 0
vn 0 1 0
vn 0 1 0
vn 0 1 0
vn 0 1 0
vn 0 1 0
vn 0 1 0
vn 0 1 0
vn 0 1 0
vn 0 1 0
vn 0 1 0
vn 0 1 0
vn 0 1 0
vn 0 1 0
vn 0 1 0
vn 0 1 0
vn 0 1 0
vn 0 1 0
vn 0 1 0
vn 0 1 0
vn 0 1 0
vn 0 1 0
vn 0 1 0
vn 0 1 0
vn 0 1 0
vn 0 1 0
vn 0 1 0
vn 0 1 0
vn 0 1 0
vn 0 1 0
vn 0 1 0
vn 0 1 0
vn 0 1 0
vn 0 1 0
vn 0 1 0
vn 0 1 0
vn 0 1 0
vn 0 1 0
vn 0 1 0
vn 0 1 0
vn 0 1 0
vn 0 1 0
vn 0 1 0
vn 0 1 0
vn 0 1 0
vn 0 1 0
vn 0 1 0
vn 0 1 0
vn 0 1 0
vn 0 1 0
vn 0 1 0
vn 0 1 0
vn 0 1 0
vn 0 1 0
vn 0 1 0
vn 0 1 0
vn 0 1 0
vn 0 1 0
vn 0 1 0
vn 0 1 0
vn 0 1 0
vn 0 1 0
vn 0 1 0
vn 0 1 0
vn 0 1 0
vn 0 1 0
vn 0 1 0
vn 0 1 0
vn 0 1 0
vn 0 1 0
vn 0 1 0
vn 0 1 0
vn 0 1 0
vn 0 1 0
vn 0 1 0
vn 0 1 0
vn 0 1 0
vn 0 1 0
vn 0 1 0
vn 0 1 0
vn 0 1 0
vn 0 1 0
vn 0 1 0
vn 0 1 0
vn 0 1 0
vn 0 1 0
vn 0 1 0
vn 0 1 0
vn 0 1 0
vn 0 1 0
vn 0 1 0
vn 0 1 0
vn 0 1 0
vn 0 1 0
vn 0 1 0
vn 0 1 0
vn 0 1 0
vn 0 1 0
vn 0 1 0
vn 0 1 0
vn 0 1 0
vn 0 1 0
vn 0 1 0
vn 0 1 0
vn 0 1 0
vn 0 1 0
vn 0 1 0
vn 0 1 0
vn 0 1 0
vn 0 1 0
vn 0 1 0
vn 0 1 0
vn 0 1 0
vn 0 1 0
vn 0 1 0
vn 0 1 0
vn 0 1 0
vn 0 1 0
vn 0 1 0
vn 0 1 0
vn 0 1 0
vn 0 1 0
vn 0 1 0
vn 0 1 0
vn 0 1 0
vn 0 1 0
vn 0 1 0
vn 0 1 0
vn 0 1 0
vn 0 1 0
vn 0 1 0
vn 0 1 0
vn 0 1 0
vn 0 1 0
vn 0 1 0
vn 0 1 0
vn 0 1 0
vn 0 1 0
vn 0 1 0
vn 0 1 0
vn 0 1 0
vn 0 1 0
vn 0 1 0
vn 0 1 0
vn 0 1 0
vn 0 1 0
vn 0 1 0
vn 0 1 0
vn 0 1 0
vn 0 1 0
vn 0 1 0
vn 0 1 0
vn 0 1 0
vn 0 1 0
vn 0 1 0
vn 0 1 0
vn 0 1 0
vn 0 1 0
vn 0 1 0
vn 0 1 0
vn 0 1 0
vn 0 1 0
vn 0 1 0
vn 0 1 0
vn 0 1 0
vn 0 1 0
vn 0 1 0
vn 0 1 0
vn 0 1 0
vn 0 1 0
vn 0 1 0
vn 0 1 0
vn 0 1 0
vn 0 1 0
vn 0 1 0
vn 0 1 0
vn 0 1 0
vn 0 1 0
vn 0 1 0
vn 0 1 0
vn 0 1 0
vn 0 1 0
vn 0 1 0
vn 0 1 0
vn 0 1 0
vn 0 1 0
vn 0 1 0
vn 0 1 0
vn 0 1 0
vn 0 1 0
vn 0 1 0
vn 0 1 0
vn 0 1 0
vn 0 1 0
vn 0 1 0
vn 0 1 0
vn 0 1 0
vn 0 1 0
vn 0 1 0
vn 0 1 0
vn 0 1 0
vn 0 1 0
vn 0 1 0
vn 0 1 0
vn 0 1 0
vn 0 1 0
vn 0 1 0
vn 0 1 0
vn 0 1 0
vn 0 1 0
vn 0 1 0
vn 0 1 0
vn 0 1 0
vn 0 1 0
vn 0 1 0
vn 0 1 0
vn 0 1 0
vn 0 1 0
vn 0 1 0
vn 0 1 0
vn 0 1 0
vn 0 1 0
vn 0 1 0
vn 0 1 0
vn 0 1 0
vn 0 1 0
vn 0 1 0
vn 0 1 0
vn 0 1 0
vn 0 1 0
vn 0 1 0
vn 0 1 0
vn 0 1 0
vn 0 1 0
vn 0 1 0
vn 0 1 0
vn 0 1 0
vn 0 1 0
vn 0 1 0
vn 0 1 0
vn 0 1 0
vn 0 1 0
vn 0 1 0
vn 0 1 0
vn 0 1 0
vn 0 1 0
vn 0 1 0
vn 0 1 0
vn 0 1 0
vn 0 1 0
vn 0 1 0
vn 0 1 0
vn 0 1 0
vn 0 1 0
vn 0 1 0
vn 0 1 0
vn 0 1 0
vn 0 1 0
vn 0 1 0
vn 0 1 0
vn 0 1 0
vn 0 1 0
vn 0 1 0
vn 0 1 0
vn 0 1 0
vn 0 1 0
vn 0 1 0
vn 0 1 0
vn 0 1 0
vn 0 1 0
vn 0 1 0
vn 0 1 0
vn 0 1 0
vn 0 1 0
vn 0 1 0
vn 0 1 0
vn 0 1 0
vn 0 1 0
vn 0 1 0
vn 0 1 0
vn 0 1 0
vn 0 1 0
vn 0 1 0
vn 0 1 0
vn 0 1 0
vn 0 1 0
vn 0 1 0
vn 0 1 0
vn 0 1 0
vn 0 1 0
vn 0 1 0
vn 0 1 0
vn 0 1 0
vn 0 1 0
vn 0 1 0
vn 0 1 0
vn 0 1 0
vn 0 1 0
vn 0 1 0
vn 0 1 0
vn 0 1 0
vn 0 1 0
vn 0 1 0
vn 0 1 0
vn 0 1 0
vn 0 1 0
vn 0 1 0
vn 0 1 0
vn 0 1 0
vn 0 1 0
vn 0 1 0
vn 0 1 0
vn 0 1 0
vn 0 1 0
vn 0 1 0
vn 0 1 0
vn 0 1 0
vn 0 1 0
vn 0 1 0
vn 0 1 0
vn 0 1 0
vn 0 1 0
vn 0 1 0
vn 0 1 0
vn 0 1 0
vn 0 1 0
vn 0 1 0
vn 0 1 0
vn 0 1 0
vn 0 1 0
vn 0 1 0
vn 0 1 0
vn 0 1 0
vn 0 1 0
vn 0 1 0
vn 0 1 0
vn 0 1 0
vn 0 1 0
vn 0 1 0
vn 0 1 0
vn 0 1 0
vn 0 1 0
vn 0 1 0
vn 0 1 0
vn 0 1 0
vn 0 1 0
vn 0 1 0
vn 0 1 0
vn 0 1 0
vn 0 1 0
vn 0 1 0
vn 0 1 0
vn 0 1 0
vn 0 1 0
vn 0 1 0
vn 0 1 0
vn 0 1 0
vn 0 1 0
vn 0 1 0
vn 0 1 0
vn 0 1 0
vn 0 1 0
vn 0 1 0
vn 0 1 0
vn 0 1 0
vn 0 1 0
vn 0 1 0
vn 0 1 0
vn 0 1 0
vn 0 1 0
vn 0 1 0
vn 0 1 0
vn 0 1 0
vn 0 1 0
vn 0 1 0
vn 0 1 0
vn 0 1 0
vn 0 1 0
vn 0 1 0
vn 0 1 0
vn 0 1 0
vn 0 1 0
vn 0 1 0
vn 0 1 0
vn 0 1 0
vn 0 1 0
vn 0 1 0
vn 0 1 0
vn 0 1 0
vn 0 1 0
vn 0 1 0
vn 0 1 0
vn 0 1 0
vn 0 1 0
vn 0 1 0
vn 0 1 0
vn 0 1 0
vn 0 1 0
vn 0 1 0
vn 0 1 0
vn 0 1 0
vn 0 1 0
vn 0 1 0
vn 0 1 0
vn 0 1 0
vn 0 1 0
vn 0 1 0
vn 0 1 0
vn 0 1 0
vn 0 1 0
vn 0 1 0
vn 0 1 0
vn 0 1 0
vn 0 1 0
vn 0 1 0
vn 0 1 0
vn 0 1 0
vn 0 1 0
vn 0 1 0
vn 0 1 0
vn 0 1 0
vn 0 1 0
vn 0 1 0
vn 0 1 0
vn 0 1 0
vn 0 1 0
vn 0 1 0
vn 0 1 0
vn 0 1 0
vn 0 1 0
vn 0 1 0
vn 0 1 0
vn 0 1 0
vn 0 1 0
vn 0 1 0
vn 0 1 0
vn 0 1 0
vn 0 1 0
vn 0 1 0
vn 0 1 0
vn 0 1 0
vn 0 1 0
vn 0 1 0
vn 0 1 0
vn 0 1 0
vn 0 1 0
vn 0 1 0
vn 0 1 0
vn 0 1 0
vn 0 1 0
vn 0 1 0
vn 0 1 0
vn 0 1 0
vn 0 1 0
vn 0 1 0
vn 0 1 0
vn 0 1 0
vn 0 1 0
vn 0 1 0
vn 0 1 0
vn 0 1 0
vn 0 1 0
vn 0 1 0
vn 0 1 0
vn 0 1 0
vn 0 1 0
vn 0 1 0
vn 0 1 0
vn 0 1 0
vn 0 1 0
vn 0 1 0
vn 0 1 0
vn 0 1 0
vn 0 1 0
vn 0 1 0
vn 0 1 0
vn 0 1 0
vn 0 1 0
vn 0 1 0
vn 0 1 0
vn 0 1 0
vn 0 1 0
vn 0 1 0
vn 0 1 0
vn 0 1 0
vn 0 1 0
vn 0 1 0
vn 0 1 0
vn 0 1 0
vn 0 1 0
vn 0 1 0
vn 0 1 0
vn 0 1 0
vn 0 1 0
vn 0 1 0
vn 0 1 0
vn 0 1 0
vn 0 1 0
vn 0 1 0
vn 0 1 0
vn 0 1 0
vn 0 1 0
vn 0 1 0
vn 0 1 0
vn 0 1 0
vn 0 1 0
vn 0 1 0
vn 0 1 0
vn 0 1 0
vn 0 1 0
vn 0 1 0
vn 0 1 0
vn 0 1 0
vn 0 1 0
vn 0 1 0
vn 0 1 0
vn 0 1 0
vn 0 1 0
vn 0 1 0
vn 0 1 0
vn 0 1 0
vn 0 1 0
vn 0 1 0
vn 0 1 0
vn 0 1 0
vn 0 1 0
vn 0 1 0
vn 0 1 0
vn 0 1 0
vn 0 1 0
vn 0 1 0
vn 0 1 0
vn 0 1 0
vn 0 1 0
vn 0 1 0
vn 0 1 0
vn 0 1 0
vn 0 1 0
vn 0 1 0
vn 0 1 0
vn 0 1 0
vn 0 1 0
vn 0 1 0
vn 0 1 0
vn 0 1 0
vn 0 1 0
vn 0 1 0
vn 0 1 0
vn 0 1 0
vn 0 1 0
vn 0 1 0
vn 0 1 0
vn 0 1 0
vn 0 1 0
vn 0 1 0
vn 0 1 0
vn 0 1 0
vn 0 1 0
vn 0 1 0
vn 0 1 0
vn 0 1 0
vn 0 1 0
vn 0 1 0
vn 0 1 0
vn 0 1 0
vn 0 1 0
vn 0 1 0
vn 0 1 0
vn 0 1 0
vn 0 1 0
vn 0 1 0
vn 0 1 0
vn 0 1 0
vn 0 1 0
vn 0 1 0
vn 0 1 0
vn 0 1 0
vn 0 1 0
vn 0 1 0
vn 0 1 0
vn 0 1 0
vn 0 1 0
vn 0 1 0
vn 0 1 0
vn 0 1 0
vn 0 1 0
vn 0 1 0
vn 0 1 0
vn 0 1 0
vn 0 1 0
vn 0 1 0
vn 0 1 0
vn 0 1 0
vn 0 1 0
vn 0 1 0
vn 0 1 0
vn 0 1 0
vn 0 1 0
vn 0 1 0
vn 0 1 0
vn 0 1 0
vn 0 1 0
vn 0 1 0
vn 0 1 0
vn 0 1 0
vn 0 1 0
vn 0 1 0
vn 0 1 0
vn 0 1 0
vn 0 1 0
vn 0 1 0
vn 0 1 0
vn 0 1 0
vn 0 1 0
vn 0 1 0
vn 0 1 0
vn 0 1 0
vn 0 1 0
vn 0 1 0
vn 0 1 0
vn 0 1 0
vn 0 1 0
vn 0 1 0
vn 0 1 0
vn 0 1 0
vn 0 1 0
vn 0 1 0
vn 0 1 0
vn 0 1 0
vn 0 1 0
vn 0 1 0
vn 0 1 0
vn 0 1 0
vn 0 1 0
vn 0 1 0
vn 0 1 0
vn 0 1 0
vn 0 1 0
vn 0 1 0
vn 0 1 0
vn 0 1 0
vn 0 1 0
vn 0 1 0
vn 0 1 0
vn 0 1 0
vn 0 1 0
vn 0 1 0
vn 0 1 0
vn 0 1 0
vn 0 1 0
vn 0 1 0
vn 0 1 0
vn 0 1 0
vn 0 1 0
vn 0 1 0
vn 0 1 0
vn 0 1 0
vn 0 1 0
vn 0 1 0
vn 0 1 0
vn 0 1 0
vn 0 1 0
vn 0 1 0
vn 0 1 0
vn 0 1 0
vn 0 1 0
vn 0 1 0
vn 0 1 0
vn 0 1 0
vn 0 1 0
vn 0 1 0
vn 0 1 0
vn 0 1 0
vn 0 1 0
vn 0 1 0
vn 0 1 0
vn 0 1 0
vn 0 1 0
vn 0 1 0
vn 0 1 0
vn 0 1 0
vn 0 1 0
vn 0 1 0
vn 0 1 0
vn 0 1 0
vn 0 1 0
vn 0 1 0
vn 0 1 0
vn 0 1 0
vn 0 1 0
vn 0 1 0
vn 0 1 0
vn 0 1 0
vn 0 1 0
vn 0 1 0
vn 0 1 0
vn 0 1 0
vn 0 1 0
vn 0 1 0
vn 0 1 0
vn 0 1 0
vn 0 1 0
vn 0 1 0
vn 0 1 0
vn 0 1 0
vn 0 1 0
vn 0 1 0
vn 0 1 0
vn 0 1 0
vn 0 1 0
vn 0 1 0
vn 0 1 0
vn 0 1 0
vn 0 1 0
vn 0 1 0
vn 0 1 0
vn 0 1 0
vn 0 1 0
vn 0 1 0
vn 0 1 0
vn 0 1 0
vn 0 1 0
vn 0 1 0
vn 0 1 0
vn 0 1 0
vn 0 1 0
vn 0 1 0
vn 0 1 0
vn 0 1 0
vn 0 1 0
vn 0 1 0
vn 0 1 0
vn 0 1 0
vn 0 1 0
vn 0 1 0
vn 0 1 0
vn 0 1 0
vn 0 1 0
vn 0 1 0
vn 0 1 0
vn 0 1 0
vn 0 1 0
vn 0 1 0
vn 0 1 0
vn 0 1 0
vn 0 1 0
vn 0 1 0
vn 0 1 0
vn 0 1 0
vn 0 1 0
vn 0 1 0
vn 0 1 0
vn 0 1 0
vn 0 1 0
vn 0 1 0
vn 0 1 0
vn 0 1 0
vn 0 1 0
vn 0 1 0
vn 0 1 0
vn 0 1 0
vn 0 1 0
vn 0 1 0
vn 0 1 0
vn 0 1 0
vn 0 1 0
vn 0 1 0
vn 0 1 0
vn 0 1 0
vn 0 1 0
vn 0 1 0
vn 0 1 0
vn 0 1 0
vn 0 1 0
vn 0 1 0
vn 0 1 0
vn 0 1 0
vn 0 1 0
vn 0 1 0
vn 0 1 0
vn 0 1 0
vn 0 1 0
vn 0 1 0
vn 0 1 0
vn 0 1 0
vn 0 1 0
vn 0 1 0
vn 0 1 0
vn 0 1 0
vn 0 1 0
vn 0 1 0
vn 0 1 0
vn 0 1 0
vn 0 1 0
vn 0 1 0
vn 0 1 0
vn 0 1 0
vn 0 1 0
vn 0 1 0
vn 0 1 0
vn 0 1 0
vn 0 1 0
vn 0 1 0
vn 0 1 0
vn 0 1 0
vn 0 1 0
vn 0 1 0
vn 0 1 0
vn 0 1 0
vn 0 1 0
vn 0 1 0
vn 0 1 0
vn 0 1 0
vn 0 1 0
vn 0 1 0
vn 0 1 0
vn 0 1 0
vn 0 1 0
vn 0 1 0
vn 0 1 0
vn 0 1 0
vn 0 1 0
vn 0 1 0
vn 0 1 0
vn 0 1 0
vn 0 1 0
vn 0 1 0
vn 0 1 0
vn 0 1 0
vn 0 1 0
vn 0 1 0
vn 0 1 0
vn 0 1 0
vn 0 1 0
vn 0 1 0
vn 0 1 0
vn 0 1 0
vn 0 1 0
vn 0 1 0
vn 0 1 0
vn 0 1 0
vn 0 1 0
vn 0 1 0
vn 0 1 0
vn 0 1 0
vn 0 1 0
vn 0 1 0
vn 0 1 0
vn 0 1 0
vn 0 1 0
vn 0 1 0
vn 0 1 0
vn 0 1 0
vn 0 1 0
vn 0 1 0
vn 0 1 0
vn 0 1 0
vn 0 1 0
vn 0 1 0
vn 0 1 0
vn 0 1 0
vn 0 1 0
vn 0 1 0
vn 0 1 0
vn 0 1 0
vn 0 1 0
vn 0 1 0
vn 0 1 0
vn 0 1 0
vn 0 1 0
vn 0 1 0
vn 0 1 0
vn 0 1 0
vn 0 1 0
vn 0 1 0
vn 0 1 0
vn 0 1 0
vn 0 1 0
vn 0 1 0
vn 0 1 0
vn 0 1 0
vn 0 1 0
vn 0 1 0
vn 0 1 0
vn 0 1 0
vn 0 1 0
vn 0 1 0
vn 0 1 0
vn 0 1 0
vn 0 1 0
vn 0 1 0
vn 0 1 0
vn 0 1 0
vn 0 1 0
vn 0 1 0
vn 0 1 0
vn 0 1 0
vn 0 1 0
vn 0 1 0
vn 0 1 0
vn 0 1 0
vn 0 1 0
vn 0 1 0
vn 0 1 0
vn 0 1 0
vn 0 1 0
vn 0 1 0
vn 0 1 0
vn 0 1 0
vn 0 1 0
vn 0 1 0
vn 0 1 0
vn 0 1 0
vn 0 1 0
vn 0 1 0
vn 0 1 0
vn 0 1 0
vn 0 1 0
vn 0 1 0
vn 0 1 0
vn 0 1 0
vn 0 1 0
vn 0 1 0
vn 0 1 0
vn 0 1 0
vn 0 1 0
vn 0 1 0
vn 0 1 0
vn 0 1 0
vn 0 1 0
vn 0 1 0
vn 0 1 0
vn 0 1 0
vn 0 1 0
vn 0 1 0
vn 0 1 0
vn 0 1 0
vn 0 1 0
vn 0 1 0
vn 0 1 0
vn 0 1 0
vn 0 1 0
vn 0 1 0
vn 0 1 0
vn 0 1 0
vn 0 1 0
vn 0 1 0
vn 0 1 0
vn 0 1 0
vn 0 1 0
vn 0 1 0
vn 0 1 0
vn 0 1 0
vn 0 1 0
vn 0 1 0
vn 0 1 0
vn 0 1 0
vn 0 1 0
vn 0 1 0
vn 0 1 0
vn 0 1 0
vn 0 1 0
vn 0 1 0
vn 0 1 0
vn 0 1 0
vn 0 1 0
vn 0 1 0
vn 0 1 0
vn 0 1 0
vn 0 1 0
vn 0 1 0
vn 0 1 0
vn 0 1 0
vn 0 1 0
vn 0 1 0
vn 0 1 0
vn 0 1 0
vn 0 1 0
vn 0 1 0
vn 0 1 0
vn 0 1 0
vn 0 1 0
vn 0 1 0
vn 0 1 0
vn 0 1 0
vn 0 1 0
vn 0 1 0
vn 0 1 0
vn 0 1 0
vn 0 1 0
vn 0 1 0
vn 0 1 0
vn 0 1 0
vn 0 1 0
vn 0 1 0
vn 0 1 0
vn 0 1 0
vn 0 1 0
vn 0 1 0
vn 0 1 0
vn 0 1 0
vn 0 1 0
vn 0 1 0
vn 0 1 0
vn 0 1 0
vn 0 1 0
vn 0 1 0
vn 0 1 0
vn 0 1 0
vn 0 1 0
vn 0 1 0
vn 0 1 0
vn 0 1 0
vn 0 1 0
vn 0 1 0
vn 0 1 0
vn 0 1 0
vn 0 1 0
vn 0 1 0
vn 0 1 0
vn 0 1 0
vn 0 1 0
vn 0 1 0
vn 0 1 0
vn 0 1 0
vn 0 1 0
vn 0 1 0
vn 0 1 0
vn 0 1 0
vn 0 1 0
vn 0 1 0
vn 0 1 0
vn 0 1 0
vn 0 1 0
vn 0 1 0
vn 0 1 0
vn 0 1 0
vn 0 1 0
vn 0 1 0
vn 0 1 0
vn 0 1 0
vn 0 1 0
vn 0 1 0
vn 0 1 0
vn 0 1 0
vn 0 1 0
vn 0 1 0
vn 0 1 0
vn 0 1 0
vn 0 1 0
vn 0 1 0
vn 0 1 0
vn 0 1 0
vn 0 1 0
vn 0 1 0
vn 0 1 0
vn 0 1 0
vn 0 1 0
vn 0 1 0
vn 0 1 0
vn 0 1 0
vn 0 1 0
vn 0 1 0
vn 0 1 0
vn 0 1 0
vn 0 1 0
vn 0 1 0
vn 0 1 0
vn 0 1 0
vn 0 1 0
vn 0 1 0
vn 0 1 0
vn 0 1 0
vn 0 1 0
vn 0 1 0
vn 0 1 0
vn 0 1 0
vn 0 1 0
vn 0 1 0
vn 0 1 0
vn 0 1 0
vn 0 1 0
vn 0 1 0
vn 0 1 0
vn 0 1 0
vn 0 1 0
vn 0 1 0
vn 0 1 0
vn 0 1 0
vn 0 1 0
vn 0 1 0
vn 0 1 0
vn 0 1 0
vn 0 1 0
vn 0 1 0
vn 0 1 0
vn 0 1 0
vn 0 1 0
vn 0 1 0
vn 0 1 0
vn 0 1 0
vn 0 1 0
vn 0 1 0
vn 0 1 0
vn 0 1 0
vn 0 1 0
vn 0 1 0
vn 0 1 0
vn 0 1 0
vn 0 1 0
vn 0 1 0
vn 0 1 0
vn 0 1 0
vn 0 1 0
vn 0 1 0
vn 0 1 0
vn 0 1 0
vn 0 1 0
vn 0 1 0
vn 0 1 0
vn 0 1 0
vn 0 1 0
vn 0 1 0
vn 0 1 0
vn 0 1 0
vn 0 1 0
vn 0 1 0
vn 0 1 0
vn 0 1 0
vn 0 1 0
vn 0 1 0
vn 0 1 0
vn 0 1 0
vn 0 1 0
vn 0 1 0
vn 0 1 0
vn 0 1 0
vn 0 1 0
vn 0 1 0
vn 0 1 0
vn 0 1 0
vn 0 1 0
vn 0 1 0
vn 0 1 0
vn 0 1 0
vn 0 1 0
vn 0 1 0
vn 0 1 0
vn 0 1 0
vn 0 1 0
vn 0 1 0
vn 0 1 0
vn 0 1 0
vn 0 1 0
vn 0 1 0
vn 0 1 0
vn 0 1 0
vn 0 1 0
vn 0 1 0
vn 0 1 0
vn 0 1 0
vn 0 1 0
vn 0 1 0
vn 0 1 0
vn 0 1 0
vn 0 1 0
vn 0 1 0
vn 0 1 0
vn 0 1 0
vn 0 1 0
vn 0 1 0
vn 0 1 0
vn 0 1 0
vn 0 1 0
vn 0 1 0
vn 0 1 0
vn 0 1 0
vn 0 1 0
vn 0 1 0
vn 0 1 0
vn 0 1 0
vn 0 1 0
vn 0 1 0
vn 0 1 0
vn 0 1 0
vn 0 1 0
vn 0 1 0
vn 0 1 0
vn 0 1 0
vn 0 1 0
vn 0 1 0
vn 0 1 0
vn 0 1 0
vn 0 1 0
vn 0 1 0
vn 0 1 0
vn 0 1 0
vn 0 1 0
vn 0 1 0
vn 0 1 0
vn 0 1 0
vn 0 1 0
vn 0 1 0
vn 0 1 0
vn 0 1 0
vn 0 1 0
vn 0 1 0
vn 0 1 0
vn 0 1 0
vn 0 1 0
vn 0 1 0
vn 0 1 0
vn 0 1 0
vn 0 1 0
vn 0 1 0
vn 0 1 0
vn 0 1 0
vn 0 1 0
vn 0 1 0
vn 0 1 0
vn 0 1 0
vn 0 1 0
vn 0 1 0
vn 0 1 0
vn 0 1 0
vn 0 1 0
vn 0 1 0
vn 0 1 0
vn 0 1 0
vn 0 1 0
vn 0 1 0
vn 0 1 0
vn 0 1 0
vn 0 1 0
vn 0 1 0
vn 0 1 0
vn 0 1 0
vn 0 1 0
vn 0 1 0
vn 0 1 0
vn 0 1 0
vn 0 1 0
vn 0 1 0
vn 0 1 0
vn 0 1 0
vn 0 1 0
vn 0 1 0
vn 0 1 0
vn 0 1 0
vn 0 1 0
vn 0 1 0
vn 0 1 0
vn 0 1 0
vn 0 1 0
vn 0 1 0
vn 0 1 0
vn 0 1 0
vn 0 1 0
vn 0 1 0
vn 0 1 0
vn 0 1 0
vn 0 1 0
vn 0 1 0
vn 0 1 0
vn 0 1 0
vn 0 1 0
vn 0 1 0
vn 0 1 0
vn 0 1 0
vn 0 1 0
vn 0 1 0
vn 0 1 0
vn 0 1 0
vn 0 1 0
vn 0 1 0
vn 0 1 0
vn 0 1 0
vn 0 1 0
vn 0 1 0
vn 0 1 0
vn 0 1 0
vn 0 1 0
vn 0 1 0
vn 0 1 0
vn 0 1 0
vn 0 1 0
vn 0 1 0
vn 0 1 0
vn 0 1 0
vn 0 1 0
vn 0 1 0
vn 0 1 0
vn 0 1 0
vn 0 1 0
vn 0 1 0
vn 0 1 0
vn 0 1 0
vn 0 1 0
vn 0 1 0
vn 0 1 0
vn 0 1 0
vn 0 1 0
vn 0 1 0
vn 0 1 0
vn 0 1 0
vn 0 1 0
vn 0 1 0
vn 0 1 0
vn 0 1 0
vn 0 1 0
vn 0 1 0
vn 0 1 0
vn 0 1 0
vn 0 1 0
vn 0 1 0
vn 0 1 0
vn 0 1 0
vn 0 1 0
vn 0 1 0
vn 0 1 0
vn 0 1 0
vn 0 1 0
vn 0 1 0
vn 0 1 0
vn 0 1 0
vn 0 1 0
vn 0 1 0
vn 0 1 0
vn 0 1 0
vn 0 1 0
vn 0 1 0
vn 0 1 0
vn 0 1 0
vn 0 1 0
vn 0 1 0
vn 0 1 0
vn 0 1 0
vn 0 1 0
vn 0 1 0
vn 0 1 0
vn 0 1 0
vn 0 1 0
vn 0 1 0
vn 0 1 0
vn 0 1 0
vn 0 1 0
vn 0 1 0
vn 0 1 0
vn 0 1 0
vn 0 1 0
vn 0 1 0
vn 0 1 0
vn 0 1 0
vn 0 1 0
vn 0 1 0
vn 0 1 0
vn 0 1 0
vn 0 1 0
vn 0 1 0
vn 0 1 0
vn 0 1 0
vn 0 1 0
vn 0 1 0
vn 0 1 0
vn 0 1 0
vn 0 1 0
vn 0 1 0
vn 0 1 0
vn 0 1 0
vn 0 1 0
vn 0 1 0
vn 0 1 0
vn 0 1 0
vn 0 1 0
vn 0 1 0
vn 0 1 0
vn 0 1 0
vn 0 1 0
vn 0 1 0
vn 0 1 0
vn 0 1 0
vn 0 1 0
vn 0 1 0
vn 0 1 0
vn 0 1 0
vn 0 1 0
vn 0 1 0
vn 0 1 0
vn 0 1 0
vn 0 1 0
vn 0 1 0
vn 0 1 0
vn 0 1 0
vn 0 1 0
vn 0 1 0
vn 0 1 0
vn 0 1 0
vn 0 1 0
vn 0 1 0
vn 0 1 0
vn 0 1 0
vn 0 1 0
vn 0 1 0
vn 0 1 0
vn 0 1 0
vn 0 1 0
vn 0 1 0
vn 0 1 0
vn 0 1 0
vn 0 1 0
vn 0 1 0
vn 0 1 0
vn 0 1 0
vn 0 1 0
vn 0 1 0
vn 0 1 0
vn 0 1 0
vn 0 1 0
vn 0 1 0
vn 0 1 0
vn 0 1 0
vn 0 1 0
vn 0 1 0
vn 0 1 0
vn 0 1 0
vn 0 1 0
vn 0 1 0
vn 0 1 0
vn 0 1 0
vn 0 1 0
vn 0 1 0
vn 0 1 0
vn 0 1 0
vn 0 1 0
vn 0 1 0
vn 0 1 0
vn 0 1 0
vn 0 1 0
vn 0 1 0
vn 0 1 0
vn 0 1 0
vn 0 1 0
vn 0 1 0
vn 0 1 0
vn 0 1 0
vn 0 1 0
vn 0 1 0
vn 0 1 0
vn 0 1 0
vn 0 1 0
vn 0 1 0
vn 0 1 0
vn 0 1 0
vn 0 1 0
vn 0 1 0
vn 0 1 0
vn 0 1 0
vn 0 1 0
vn 0 1 0
vn 0 1 0
vn 0 1 0
vn 0 1 0
vn 0 1 0
vn 0 1 0
vn 0 1 0
vn 0 1 0
vn 0 1 0
vn 0 1 0
vn 0 1 0
vn 0 1 0
vn 0 1 0
vn 0 1 0
vn 0 1 0
vn 0 1 0
vn 0 1 0
vn 0 1 0
vn 0 1 0
vn 0 1 0
vn 0 1 0
vn 0 1 0
vn 0 1 0
vn 0 1 0
vn 0 1 0
vn 0 1 0
vn 0 1 0
vn 0 1 0
vn 0 1 0
vn 0 1 0
vn 0 1 0
vn 0 1 0
vn 0 1 0
vn 0 1 0
vn 0 1 0
vn 0 1 0
vn 0 1 0
vn 0 1 0
vn 0 1 0
vn 0 1 0
vn 0 1 0
vn 0 1 0
vn 0 1 0
vn 0 1 0
vn 0 1 0
vn 0 1 0
vn 0 1 0
vn 0 1 0
vn 0 1 0
vn 0 1 0
vn 0 1 0
vn 0 1 0
vn 0 1 0
vn 0 1 0
vn 0 1 0
vn 0 1 0
vn 0 1 0
vn 0 1 0
vn 0 1 0
vn 0 1 0
vn 0 1 0
vn 0 1 0
vn 0 1 0
vn 0 1 0
vn 0 1 0
vn 0 1 0
vn 0 1 0
vn 0 1 0
vn 0 1 0
vn 0 1 0
vn 0 1 0
vn 0 1 0
vn 0 1 0
vn 0 1 0
vn 0 1 0
vn 0 1 0
vn 0 1 0
vn 0 1 0
vn 0 1 0
vn 0 1 0
vn 0 1 0
vn 0 1 0
vn 0 1 0
vn 0 1 0
vn 0 1 0
vn 0 1 0
vn 0 1 0
vn 0 1 0
vn 0 1 0
vn 0 1 0
vn 0 1 0
vn 0 1 0
vn 0 1 0
vn 0 1 0
vn 0 1 0
vn 0 1 0
vn 0 1 0
vn 0 1 0
vn 0 1 0
vn 0 1 0
vn 0 1 0
vn 0 1 0
vn 0 1 0
vn 0 1 0
vn 0 1 0
vn 0 1 0
vn 0 1 0
vn 0 1 0
vn 0 1 0
vn 0 1 0
vn 0 1 0
vn 0 1 0
vn 0 1 0
vn 0 1 0
vn 0 1 0
vn 0 1 0
vn 0 1 0
vn 0 1 0
vn 0 1 0
vn 0 1 0
vn 0 1 0
vn 0 1 0
vn 0 1 0
vn 0 1 0
vn 0 1 0
vn 0 1 0
vn 0 1 0
vn 0 1 0
vn 0 1 0
vn 0 1 0
vn 0 1 0
vn 0 1 0
vn 0 1 0
vn 0 1 0
vn 0 1 0
vn 0 1 0
vn 0 1 0
vn 0 1 0
vn 0 1 0
vn 0 1 0
vn 0 1 0
vn 0 1 0
vn 0 1 0
vn 0 1 0
vn 0 1 0
vn 0 1 0
vn 0 1 0
vn 0 1 0
vn 0 1 0
vn 0 1 0
vn 0 1 0
vn 0 1 0
vn 0 1 0
vn 0 1 0
vn 0 1 0
vn 0 1 0
vn 0 1 0
vn 0 1 0
vn 0 1 0
vn 0 1 0
vn 0 1 0
vn 0 1 0
vn 0 1 0
vn 0 1 0
vn 0 1 0
vn 0 1 0
vn 0 1 0
vn 0 1 0
vn 0 1 0
vn 0 1 0
vn 0 1 0
vn 0 1 0
vn 0 1 0
vn 0 1 0
vn 0 1 0
vn 0 1 0
vn 0 1 0
vn 0 1 0
vn 0 1 0
vn 0 1 0
vn 0 1 0
vn 0 1 0
vn 0 1 0
vn 0 1 0
vn 0 1 0
vn 0 1 0
vn 0 1 0
vn 0 1 0
vn 0 1 0
vn 0 1 0
vn 0 1 0
vn 0 1 0
vn 0 1 0
vn 0 1 0
vn 0 1 0
vn 0 1 0
vn 0 1 0
vn 0 1 0
vn 0 1 0
vn 0 1 0
vn 0 1 0
vn 0 1 0
vn 0 1 0
vn 0 1 0
vn 0 1 0
vn 0 1 0
vn 0 1 0
vn 0 1 0
vn 0 1 0
vn 0 1 0
vn 0 1 0
vn 0 1 0
vn 0 1 0
vn 0 1 0
vn 0 1 0
vn 0 1 0
vn 0 1 0
vn 0 1 0
vn 0 1 0
vn 0 1 0
vn 0 1 0
vn 0 1 0
vn 0 1 0
vn 0 1 0
vn 0 1 0
vn 0 1 0
vn 0 1 0
vn 0 1 0
vn 0 1 0
vn 0 1 0
vn 0 1 0
vn 0 1 0
vn 0 1 0
vn 0 1 0
vn 0 1 0
vn 0 1 0
vn 0 1 0
vn 0 1 0
vn 0 1 0
vn 0 1 0
vn 0 1 0
vn 0 1 0
vn 0 1 0
vn 0 1 0
vn 0 1 0
vn 0 1 0
vn 0 1 0
vn 0 1 0
vn 0 1 0
vn 0 1 0
vn 0 1 0
vn 0 1 0
vn 0 1 0
vn 0 1 0
vn 0 1 0
vn 0 1 0
vn 0 1 0
vn 0 1 0
vn 0 1 0
vn 0 1 0
vn 0 1 0
vn 0 1 0
vn 0 1 0
vn 0 1 0
vn 0 1 0
vn 0 1 0
vn 0 1 0
vn 0 1 0
vn 0 1 0
vn 0 1 0
vn 0 1 0
vn 0 1 0
vn 0 1 0
vn 0 1 0
vn 0 1 0
vn 0 1 0
vn 0 1 0
vn 0 1 0
vn 0 1 0
vn 0 1 0
vn 0 1 0
vn 0 1 0
vn 0 1 0
vn 0 1 0
vn 0 1 0
vn 0 1 0
vn 0 1 0
vn 0 1 0
vn 0 1 0
vn 0 1 0
vn 0 1 0
vn 0 1 0
vn 0 1 0
vn 0 1 0
vn 0 1 0
vn 0 1 0
vn 0 1 0
vn 0 1 0
vn 0 1 0
vn 0 1 0
vn 0 1 0
vn 0 1 0
vn 0 1 0
vn 0 1 0
vn 0 1 0
vn 0 1 0
vn 0 1 0
vn 0 1 0
vn 0 1 0
vn 0 1 0
vn 0 1 0
vn 0 1 0
vn 0 1 0
vn 0 1 0
vn 0 1 0
vn 0 1 0
vn 0 1 0
vn 0 1 0
vn 0 1 0
vn 0 1 0
vn 0 1 0
vn 0 1 0
vn 0 1 0
vn 0 1 0
vn 0 1 0
vn 0 1 0
vn 0 1 0
vn 0 1 0
vn 0 1 0
vn 0 1 0
vn 0 1 0
vn 0 1 0
vn 0 1 0
vn 0 1 0
vn 0 1 0
vn 0 1 0
vn 0 1 0
vn 0 1 0
vn 0 1 0
vn 0 1 0
vn 0 1 0
vn 0 1 0
vn 0 1 0
vn 0 1 0
vn 0 1 0
vn 0 1 0
vn 0 1 0
vn 0 1 0
vn 0 1 0
vn 0 1 0
vn 0 1 0
vn 0 1 0
vn 0 1 0
vn 0 1 0
vn 0 1 0
vn 0 1 0
vn 0 1 0
vn 0 1 0
vn 0 1 0
vn 0 1 0
vn 0 1 0
vn 0 1 0
vn 0 1 0
vn 0 1 0
vn 0 1 0
vn 0 1 0
vn 0 1 0
vn 0 1 0
vn 0 1 0
vn 0 1 0
vn 0 1 0
vn 0 1 0
vn 0 1 0
vn 0 1 0
vn 0 1 0
vn 0 1 0
vn 0 1 0
vn 0 1 0
vn 0 1 0
vn 0 1 0
vn 0 1 0
vn 0 1 0
vn 0 1 0
vn 0 1 0
vn 0 1 0
vn 0 1 0
vn 0 1 0
vn 0 1 0
vn 0 1 0
vn 0 1 0
vn 0 1 0
vn 0 1 0
vn 0 1 0
vn 0 1 0
vn 0 1 0
vn 0 1 0
vn 0 1 0
vn 0 1 0
vn 0 1 0
vn 0 1 0
vn 0 1 0
vn 0 1 0
vn 0 1 0
vn 0 1 0
vn 0 1 0
vn 0 1 0
vn 0 1 0
vn 0 1 0
vn 0 1 0
vn 0 1 0
vn 0 1 0
vn 0 1 0
vn 0 1 0
vn 0 1 0
vn 0 1 0
vn 0 1 0
vn 0 1 0
vn 0 1 0
vn 0 1 0
vn 0 1 0
vn 0 1 0
vn 0 1 0
vn 0 1 0
vn 0 1 0
vn 0 1 0
vn 0 1 0
vn 0 1 0
vn 0 1 0
vn 0 1 0
vn 0 1 0
vn 0 1 0
vn 0 1 0
vn 0 1 0
vn 0 1 0
vn 0 1 0
vn 0 1 0
vn 0 1 0
vn 0 1 0
vn 0 1 0
vn 0 1 0
vn 0 1 0
vn 0 1 0
vn 0 1 0
vn 0 1 0
vn 0 1 0
vn 0 1 0
vn 0 1 0
vn 0 1 0
vn 0 1 0
vn 0 1 0
vn 0 1 0
vn 0 1 0
vn 0 1 0
vn 0 1 0
vn 0 1 0
vn 0 1 0
vn 0 1 0
vn 0 1 0
vn 0 1 0
vn 0 1 0
vn 0 1 0
vn 0 1 0
vn 0 1 0
vn 0 1 0
vn 0 1 0
vn 0 1 0
vn 0 1 0
vn 0 1 0
vn 0 1 0
vn 0 1 0
vn 0 1 0
vn 0 1 0
vn 0 1 0
vn 0 1 0
vn 0 1 0
vn 0 1 0
vn 0 1 0
vn 0 1 0
vn 0 1 0
vn 0 1 0
vn 0 1 0
vn 0 1 0
vn 0 1 0
vn 0 1 0
vn 0 1 0
vn 0 1 0
vn 0 1 0
vn 0 1 0
vn 0 1 0
vn 0 1 0
vn 0 1 0
vn 0 1 0
vn 0 1 0
vn 0 1 0
vn 0 1 0
vn 0 1 0
vn 0 1 0
vn 0 1 0
vn 0 1 0
vn 0 1 0
vn 0 1 0
vn 0 1 0
vn 0 1 0
vn 0 1 0
vn 0 1 0
vn 0 1 0
vn 0 1 0
vn 0 1 0
vn 0 1 0
vn 0 1 0
vn 0 1 0
vn 0 1 0
vn 0 1 0
vn 0 1 0
vn 0 1 0
vn 0 1 0
vn 0 1 0
vn 0 1 0
vn 0 1 0
vn 0 1 0
vn 0 1 0
vn 0 1 0
vn 0 1 0
vn 0 1 0
vn 0 1 0
vn 0 1 0
vn 0 1 0
vn 0 1 0
vn 0 1 0
vn 0 1 0
vn 0 1 0
vn 0 1 0
vn 0 1 0
vn 0 1 0
vn 0 1 0
vn 0 1 0
vn 0 1 0
vn 0 1 0
vn 0 1 0
vn 0 1 0
vn 0 1 0
vn 0 1 0
vn 0 1 0
vn 0 1 0
vn 0 1 0
vn 0 1 0
vn 0 1 0
vn 0 1 0
vn 0 1 0
vn 0 1 0
vn 0 1 0
vn 0 1 0
vn 0 1 0
vn 0 1 0
vn 0 1 0
vn 0 1 0
vn 0 1 0
vn 0 1 0
vn 0 1 0
vn 0 1 0
vn 0 1 0
vn 0 1 0
vn 0 1 0
vn 0 1 0
vn 0 1 0
vn 0 1 0
vn 0 1 0
vn 0 1 0
vn 0 1 0
vn 0 1 0
vn 0 1 0
vn 0 1 0
vn 0 1 0
vn 0 1 0
vn 0 1 0
vn 0 1 0
vn 0 1 0
vn 0 1 0
vn 0 1 0
vn 0 1 0
vn 0 1 0
vn 0 1 0
vn 0 1 0
vn 0 1 0
vn 0 1 0
vn 0 1 0
vn 0 1 0
vn 0 1 0
vn 0 1 0
vn 0 1 0
vn 0 1 0
vn 0 1 0
vn 0 1 0
vn 0 1 0
vn 0 1 0
vn 0 1 0
vn 0 1 0
vn 0 1 0
vn 0 1 0
vn 0 1 0
vn 0 1 0
vn 0 1 0
vn 0 1 0
vn 0 1 0
vn 0 1 0
vn 0 1 0
vn 0 1 0
vn 0 1 0
vn 0 1 0
vn 0 1 0
vn 0 1 0
vn 0 1 0
vn 0 1 0
vn 0 1 0
vn 0 1 0
vn 0 1 0
vn 0 1 0
vn 0 1 0
vn 0 1 0
vn 0 1 0
vn 0 1 0
vn 0 1 0
vn 0 1 0
vn 0 1 0
vn 0 1 0
vn 0 1 0
vn 0 1 0
vn 0 1 0
vn 0 1 0
vn 0 1 0
vn 0 1 0
vn 0 1 0
vn 0 1 0
vn 0 1 0
vn 0 1 0
vn 0 1 0
vn 0 1 0
vn 0 1 0
vn 0 1 0
vn 0 1 0
vn 0 1 0
vn 0 1 0
vn 0 1 0
vn 0 1 0
vn 0 1 0
vn 0 1 0
vn 0 1 0
vn 0 1 0
vn 0 1 0
vn 0 1 0
vn 0 1 0
vn 0 1 0
vn 0 1 0
vn 0 1 0
vn 0 1 0
vn 0 1 0
vn 0 1 0
vn 0 1 0
vn 0 1 0
vn 0 1 0
vn 0 1 0
vn 0 1 0
vn 0 1 0
vn 0 1 0
vn 0 1 0
vn 0 1 0
vn 0 1 0
vn 0 1 0
vn 0 1 0
vn 0 1 0
vn 0 1 0
vn 0 1 0
vn 0 1 0
vn 0 1 0
vn 0 1 0
vn 0 1 0
vn 0 1 0
vn 0 1 0
vn 0 1 0
vn 0 1 0
vn 0 1 0
vn 0 1 0
vn 0 1 0
vn 0 1 0
vn 0 1 0
vn 0 1 0
vn 0 1 0
vn 0 1 0
vn 0 1 0
vn 0 1 0
vn 0 1 0
vn 0 1 0
vn 0 1 0
vn 0 1 0
vn 0 1 0
vn 0 1 0
vn 0 1 0
vn 0 1 0
vn 0 1 0
vn 0 1 0
vn 0 1 0
vn 0 1 0
vn 0 1 0
vn 0 1 0
vn 0 1 0
vn 0 1 0
vn 0 1 0
vn 0 1 0
vn 0 1 0
vn 0 1 0
vn 0 1 0
vn 0 1 0
vn 0 1 0
vn 0 1 0
vn 0 1 0
vn 0 1 0
vn 0 1 0
vn 0 1 0
vn 0 1 0
vn 0 1 0
vn 0 1 0
vn 0 1 0
vn 0 1 0
vn 0 1 0
vn 0 1 0
vn 0 1 0
vn 0 1 0
vn 0 1 0
vn 0 1 0
vn 0 1 0
vn 0 1 0
vn 0 1 0
vn 0 1 0
vn 0 1 0
vn 0 1 0
vn 0 1 0
vn 0 1 0
vn 0 1 0
vn 0 1 0
vn 0 1 0
vn 0 1 0
vn 0 1 0
vn 0 1 0
vn 0 1 0
vn 0 1 0
vn 0 1 0
vn 0 1 0
vn 0 1 0
vn 0 1 0
vn 0 1 0
vn 0 1 0
vn 0 1 0
vn 0 1 0
vn 0 1 0
vn 0 1 0
vn 0 1 0
vn 0 1 0
vn 0 1 0
vn 0 1 0
vn 0 1 0
vn 0 1 0
vn 0 1 0
vn 0 1 0
vn 0 1 0
vn 0 1 0
vn 0 1 0
vn 0 1 0
vn 0 1 0
vn 0 1 0
vn 0 1 0
vn 0 1 0
vn 0 1 0
vn 0 1 0
vn 0 1 0
vn 0 1 0
vn 0 1 0
vn 0 1 0
vn 0 1 0
vn 0 1 0
vn 0 1 0
vn 0 1 0
vn 0 1 0
vn 0 1 0
vn 0 1 0
vn 0 1 0
vn 0 1 0
vn 0 1 0
vn 0 1 0
vn 0 1 0
vn 0 1 0
vn 0 1 0
vn 0 1 0
vn 0 1 0
vn 0 1 0
vn 0 1 0
vn 0 1 0
vn 0 1 0
vn 0 1 0
vn 0 1 0
vn 0 1 0
vn 0 1 0
vn 0 1 0
vn 0 1 0
vn 0 1 0
vn 0 1 0
vn 0 1 0
vn 0 1 0
vn 0 1 0
vn 0 1 0
vn 0 1 0
vn 0 1 0
vn 0 1 0
vn 0 1 0
vn 0 1 0
vn 0 1 0
vn 0 1 0
vn 0 1 0
vn 0 1 0
vn 0 1 0
vn 0 1 0
vn 0 1 0
vn 0 1 0
vn 0 1 0
vn 0 1 0
vn 0 1 0
vn 0 1 0
vn 0 1 0
vn 0 1 0
vn 0 1 0
vn 0 1 0
vn 0 1 0
vn 0 1 0
vn 0 1 0
vn 0 1 0
vn 0 1 0
vn 0 1 0
vn 0 1 0
vn 0 1 0
vn 0 1 0
vn 0 1 0
vn 0 1 0
vn 0 1 0
vn 0 1 0
vn 0 1 0
vn 0 1 0
vn 0 1 0
vn 0 1 0
vn 0 1 0
vn 0 1 0
vn 0 1 0
vn 0 1 0
vn 0 1 0
vn 0 1 0
vn 0 1 0
vn 0 1 0
vn 0 1 0
vn 0 1 0
vn 0 1 0
vn 0 1 0
vn 0 1 0
vn 0 1 0
vn 0 1 0
vn 0 1 0
vn 0 1 0
vn 0 1 0
vn 0 1 0
vn 0 1 0
vn 0 1 0
vn 0 1 0
vn 0 1 0
vn 0 1 0
vn 0 1 0
vn 0 1 0
vn 0 1 0
vn 0 1 0
vn 0 1 0
vn 0 1 0
vn 0 1 0
vn 0 1 0
vn 0 1 0
vn 0 1 0
vn 0 1 0
vn 0 1 0
vn 0 1 0
vn 0 1 0
vn 0 1 0
vn 0 1 0
vn 0 1 0
vn 0 1 0
vn 0 1 0
vn 0 1 0
vn 0 1 0
vn 0 1 0
vn 0 1 0
vn 0 1 0
vn 0 1 0
vn 0 1 0
vn 0 1 0
vn 0 1 0
vn 0 1 0
vn 0 1 0
vn 0 1 0
vn 0 1 0
vn 0 1 0
vn 0 1 0
vn 0 1 0
vn 0 1 0
vn 0 1 0
vn 0 1 0
vn 0 1 0
vn 0 1 0
vn 0 1 0
vn 0 1 0
vn 0 1 0
vn 0 1 0
vn 0 1 0
vn 0 1 0
vn 0 1 0
vn 0 1 0
vn 0 1 0
vn 0 1 0
vn 0 1 0
vn 0 1 0
vn 0 1 0
vn 0 1 0
vn 0 1 0
vn 0 1 0
vn 0 1 0
vn 0 1 0
vn 0 1 0
vn 0 1 0
vn 0 1 0
vn 0 1 0
vn 0 1 0
vn 0 1 0
vn 0 1 0
vn 0 1 0
vn 0 1 0
vn 0 1 0
vn 0 1 0
vn 0 1 0
vn 0 1 0
vn 0 1 0
vn 0 1 0
vn 0 1 0
vn 0 1 0
vn 0 1 0
vn 0 1 0
vn 0 1 0
vn 0 1 0
vn 0 1 0
vn 0 1 0
vn 0 1 0
vn 0 1 0
vn 0 1 0
vn 0 1 0
vn 0 1 0
vn 0 1 0
vn 0 1 0
vn 0 1 0
vn 0 1 0
vn 0 1 0
vn 0 1 0
vn 0 1 0
vn 0 1 0
vn 0 1 0
vn 0 1 0
vn 0 1 0
vn 0 1 0
vn 0 1 0
vn 0 1 0
vn 0 1 0
vn 0 1 0
vn 0 1 0
vn 0 1 0
vn 0 1 0
vn 0 1 0
vn 0 1 0
vn 0 1 0
vn 0 1 0
vn 0 1 0
vn 0 1 0
vn 0 1 0
vn 0 1 0
vn 0 1 0
vn 0 1 0
vn 0 1 0
vn 0 1 0
vn 0 1 0
vn 0 1 0
vn 0 1 0
vn 0 1 0
vn 0 1 0
vn 0 1 0
vn 0 1 0
vn 0 1 0
vn 0 1 0
vn 0 1 0
vn 0 1 0
vn 0 1 0
vn 0 1 0
vn 0 1 0
vn 0 1 0
vn 0 1 0
vn 0 1 0
vn 0 1 0
vn 0 1 0
vn 0 1 0
vn 0 1 0
vn 0 1 0
vn 0 1 0
vn 0 1 0
vn 0 1 0
vn 0 1 0
vn 0 1 0
vn 0 1 0
vn 0 1 0
vn 0 1 0
vn 0 1 0
vn 0 1 0
vn 0 1 0
vn 0 1 0
vn 0 1 0
vn 0 1 0
vn 0 1 0
vn 0 1 0
vn 0 1 0
vn 0 1 0
vn 0 1 0
vn 0 1 0
vn 0 1 0
vn 0 1 0
vn 0 1 0
vn 0 1 0
vn 0 1 0
vn 0 1 0
vn 0 1 0
vn 0 1 0
vn 0 1 0
vn 0 1 0
vn 0 1 0
vn 0 1 0
vn 0 1 0
vn 0 1 0
vn 0 1 0
vn 0 1 0
vn 0 1 0
vn 0 1 0
vn 0 1 0
vn 0 1 0
vn 0 1 0
vn 0 1 0
vn 0 1 0
vn 0 1 0
vn 0 1 0
vn 0 1 0
vn 0 1 0
vn 0 1 0
vn 0 1 0
vn 0 1 0
vn 0 1 0
vn 0 1 0
vn 0 1 0
vn 0 1 0
vn 0 1 0
vn 0 1 0
vn 0 1 0
vn 0 1 0
vn 0 1 0
vn 0 1 0
vn 0 1 0
vn 0 1 0
vn 0 1 0
vn 0 1 0
vn 0 1 0
vn 0 1 0
vn 0 1 0
vn 0 1 0
vn 0 1 0
vn 0 1 0
vn 0 1 0
vn 0 1 0
vn 0 1 0
vn 0 1 0
vn 0 1 0
vn 0 1 0
vn 0 1 0
vn 0 1 0
vn 0 1 0
vn 0 1 0
vn 0 1 0
vn 0 1 0
vn 0 1 0
vn 0 1 0
vn 0 1 0
vn 0 1 0
vn 0 1 0
vn 0 1 0
vn 0 1 0
vn 0 1 0
vn 0 1 0
vn 0 1 0
vn 0 1 0
vn 0 1 0
vn 0 1 0
vn 0 1 0
vn 0 1 0
vn 0 1 0
vn 0 1 0
vn 0 1 0
vn 0 1 0
vn 0 1 0
vn 0 1 0
vn 0 1 0
vn 0 1 0
vn 0 1 0
vn 0 1 0
vn 0 1 0
vn 0 1 0
vn 0 1 0
vn 0 1 0
vn 0 1 0
vn 0 1 0
vn 0 1 0
vn 0 1 0
vn 0 1 0
vn 0 1 0
vn 0 1 0
vn 0 1 0
vn 0 1 0
vn 0 1 0
vn 0 1 0
vn 0 1 0
vn 0 1 0
vn 0 1 0
vn 0 1 0
vn 0 1 0
vn 0 1 0
vn 0 1 0
vn 0 1 0
vn 0 1 0
vn 0 1 0
vn 0 1 0
vn 0 1 0
vn 0 1 0
vn 0 1 0
vn 0 1 0
vn 0 1 0
vn 0 1 0
vn 0 1 0
vn 0 1 0
vn 0 1 0
vn 0 1 0
vn 0 1 0
vn 0 1 0
vn 0 1 0
vn 0 1 0
vn 0 1 0
vn 0 1 0
vn 0 1 0
vn 0 1 0
vn 0 1 0
vn 0 1 0
vn 0 1 0
vn 0 1 0
vn 0 1 0
vn 0 1 0
vn 0 1 0
vn 0 1 0
vn 0 1 0
vn 0 1 0
vn 0 1 0
vn 0 1 0
vn 0 1 0
vn 0 1 0
vn 0 1 0
vn 0 1 0
vn 0 1 0
vn 0 1 0
vn 0 1 0
vn 0 1 0
vn 0 1 0
vn 0 1 0
vn 0 1 0
vn 0 1 0
vn 0 1 0
vn 0 1 0
vn 0 1 0
vn 0 1 0
vn 0 1 0
vn 0 1 0
vn 0 1 0
vn 0 1 0
vn 0 1 0
vn 0 1 0
vn 0 1 0
vn 0 1 0
vn 0 1 0
vn 0 1 0
vn 0 1 0
vn 0 1 0
vn 0 1 0
vn 0 1 0
vn 0 1 0
vn 0 1 0
vn 0 1 0
vn 0 1 0
vn 0 1 0
vn 0 1 0
vn 0 1 0
vn 0 1 0
vn 0 1 0
vn 0 1 0
vn 0 1 0
vn 0 1 0
vn 0 1 0
vn 0 1 0
vn 0 1 0
vn 0 1 0
vn 0 1 0
vn 0 1 0
vn 0 1 0
vn 0 1 0
vn 0 1 0
vn 0 1 0
vn 0 1 0
vn 0 1 0
vn 0 1 0
vn 0 1 0
vn 0 1 0
vn 0 1 0
vn 0 1 0
vn 0 1 0
vn 0 1 0
vn 0 1 0
vn 0 1 0
vn 0 1 0
vn 0 1 0
vn 0 1 0
vn 0 1 0
vn 0 1 0
vn 0 1 0
vn 0 1 0
vn 0 1 0
vn 0 1 0
vn 0 1 0
vn 0 1 0
vn 0 1 0
vn 0 1 0
vn 0 1 0
vn 0 1 0
vn 0 1 0
vn 0 1 0
vn 0 1 0
vn 0 1 0
vn 0 1 0
vn 0 1 0
vn 0 1 0
vn 0 1 0
vn 0 1 0
vn 0 1 0
vn 0 1 0
vn 0 1 0
vn 0 1 0
vn 0 1 0
vn 0 1 0
vn 0 1 0
vn 0 1 0
vn 0 1 0
vn 0 1 0
vn 0 1 0
vn 0 1 0
vn 0 1 0
vn 0 1 0
vn 0 1 0
vn 0 1 0
vn 0 1 0
vn 0 1 0
vn 0 1 0
vn 0 1 0
vn 0 1 0
vn 0 1 0
vn 0 1 0
vn 0 1 0
vn 0 1 0
vn 0 1 0
vn 0 1 0
vn 0 1 0
vn 0 1 0
vn 0 1 0
vn 0 1 0
vn 0 1 0
vn 0 1 0
vn 0 1 0
vn 0 1 0
vn 0 1 0
vn 0 1 0
vn 0 1 0
vn 0 1 0
vn 0 1 0
vn 0 1 0
vn 0 1 0
vn 0 1 0
vn 0 1 0
vn 0 1 0
vn 0 1 0
vn 0 1 0
vn 0 1 0
vn 0 1 0
vn 0 1 0
vn 0 1 0
vn 0 1 0
vn 0 1 0
vn 0 1 0
vn 0 1 0
vn 0 1 0
vn 0 1 0
vn 0 1 0
vn 0 1 0
vn 0 1 0
vn 0 1 0
vn 0 1 0
vn 0 1 0
vn 0 1 0
vn 0 1 0
vn 0 1 0
vn 0 1 0
vn 0 1 0
vn 0 1 0
vn 0 1 0
vn 0 1 0
vn 0 1 0
vn 0 1 0
vn 0 1 0
vn 0 1 0
vn 0 1 0
vn 0 1 0
vn 0 1 0
vn 0 1 0
vn 0 1 0
vn 0 1 0
vn 0 1 0
vn 0 1 0
vn 0 1 0
vn 0 1 0
vn 0 1 0
vn 0 1 0
vn 0 1 0
vn 0 1 0
vn 0 1 0
vn 0 1 0
vn 0 1 0
vn 0 1 0
vn 0 1 0
vn 0 1 0
vn 0 1 0
vn 0 1 0
vn 0 1 0
vn 0 1 0
vn 0 1 0
vn 0 1 0
vn 0 1 0
vn 0 1 0
vn 0 1 0
vn 0 1 0
vn 0 1 0
vn 0 1 0
vn 0 1 0
vn 0 1 0
vn 0 1 0
vn 0 1 0
vn 0 1 0
vn 0 1 0
vn 0 1 0
vn 0 1 0
vn 0 1 0
vn 0 1 0
vn 0 1 0
vn 0 1 0
vn 0 1 0
vn 0 1 0
vn 0 1 0
vn 0 1 0
vn 0 1 0
vn 0 1 0
vn 0 1 0
vn 0 1 0
vn 0 1 0
vn 0 1 0
vn 0 1 0
vn 0 1 0
vn 0 1 0
vn 0 1 0
vn 0 1 0
vn 0 1 0
vn 0 1 0
vn 0 1 0
vn 0 1 0
vn 0 1 0
vn 0 1 0
vn 0 1 0
vn 0 1 0
vn 0 1 0
vn 0 1 0
vn 0 1 0
vn 0 1 0
vn 0 1 0
vn 0 1 0
vn 0 1 0
vn 0 1 0
vn 0 1 0
vn 0 1 0
vn 0 1 0
vn 0 1 0
vn 0 1 0
vn 0 1 0
vn 0 1 0
vn 0 1 0
vn 0 1 0
vn 0 1 0
vn 0 1 0
vn 0 1 0
vn 0 1 0
vn 0 1 0
vn 0 1 0
vn 0 1 0
vn 0 1 0
vn 0 1 0
vn 0 1 0
vn 0 1 0
vn 0 1 0
vn 0 1 0
vn 0 1 0
vn 0 1 0
vn 0 1 0
vn 0 1 0
vn 0 1 0
vn 0 1 0
vn 0 1 0
vn 0 1 0
vn 0 1 0
vn 0 1 0
vn 0 1 0
vn 0 1 0
vn 0 1 0
vn 0 1 0
vn 0 1 0
vn 0 1 0
vn 0 1 0
vn 0 1 0
vn 0 1 0
vn 0 1 0
vn 0 1 0
vn 0 1 0
vn 0 1 0
vn 0 1 0
vn 0 1 0
vn 0 1 0
vn 0 1 0
vn 0 1 0
vn 0 1 0
vn 0 1 0
vn 0 1 0
vn 0 1 0
vn 0 1 0
vn 0 1 0
vn 0 1 0
vn 0 1 0
vn 0 1 0
vn 0 1 0
vn 0 1 0
vn 0 1 0
vn 0 1 0
vn 0 1 0
vn 0 1 0
vn 0 1 0
vn 0 1 0
vn 0 1 0
vn 0 1 0
vn 0 1 0
vn 0 1 0
vn 0 1 0
vn 0 1 0
vn 0 1 0
vn 0 1 0
vn 0 1 0
vn 0 1 0
vn 0 1 0
vn 0 1 0
vn 0 1 0
vn 0 1 0
vn 0 1 0
vn 0 1 0
vn 0 1 0
vn 0 1 0
vn 0 1 0
vn 0 1 0
vn 0 1 0
vn 0 1 0
vn 0 1 0
vn 0 1 0
vn 0 1 0
vn 0 1 0
vn 0 1 0
vn 0 1 0
vn 0 1 0
vn 0 1 0
vn 0 1 0
vn 0 1 0
vn 0 1 0
vn 0 1 0
vn 0 1 0
vn 0 1 0
vn 0 1 0
vn 0 1 0
vn 0 1 0
vn 0 1 0
vn 0 1 0
vn 0 1 0
vn 0 1 0
vn 0 1 0
vn 0 1 0
vn 0 1 0
vn 0 1 0
vn 0 1 0
vn 0 1 0
vn 0 1 0
vn 0 1 0
vn 0 1 0
vn 0 1 0
vn 0 1 0
vn 0 1 0
vn 0 1 0
vn 0 1 0
vn 0 1 0
vn 0 1 0
vn 0 1 0
vn 0 1 0
vn 0 1 0
vn 0 1 0
vn 0 1 0
vn 0 1 0
vn 0 1 0
vn 0 1 0
vn 0 1 0
vn 0 1 0
vn 0 1 0
vn 0 1 0
vn 0 1 0
vn 0 1 0
vn 0 1 0
vn 0 1 0
vn 0 1 0
vn 0 1 0
vn 0 1 0
vn 0 1 0
vn 0 1 0
vn 0 1 0
vn 0 1 0
vn 0 1 0
vn 0 1 0
vn 0 1 0
vn 0 1 0
vn 0 1 0
vn 0 1 0
vn 0 1 0
vn 0 1 0
vn 0 1 0
vn 0 1 0
vn 0 1 0
vn 0 1 0
vn 0 1 0
vn 0 1 0
vn 0 1 0
vn 0 1 0
vn 0 1 0
vn 0 1 0
vn 0 1 0
vn 0 1 0
vn 0 1 0
vn 0 1 0
vn 0 1 0
vn 0 1 0
vn 0 1 0
vn 0 1 0
vn 0 1 0
vn 0 1 0
vn 0 1 0
vn 0 1 0
vn 0 1 0
vn 0 1 0
vn 0 1 0
vn 0 1 0
vn 0 1 0
vn 0 1 0
vn 0 1 0
vn 0 1 0
vn 0 1 0
vn 0 1 0
vn 0 1 0
vn 0 1 0
vn 0 1 0
vn 0 1 0
vn 0 1 0
vn 0 1 0
vn 0 1 0
vn 0 1 0
vn 0 1 0
vn 0 1 0
vn 0 1 0
vn 0 1 0
vn 0 1 0
vn 0 1 0
vn 0 1 0
vn 0 1 0
vn 0 1 0
vn 0 1 0
vn 0 1 0
vn 0 1 0
vn 0 1 0
vn 0 1 0
vn 0 1 0
vn 0 1 0
vn 0 1 0
vn 0 1 0
vn 0 1 0
vn 0 1 0
vn 0 1 0
vn 0 1 0
vn 0 1 0
vn 0 1 0
vn 0 1 0
vn 0 1 0
vn 0 1 0
vn 0 1 0
vn 0 1 0
vn 0 1 0
vn 0 1 0
vn 0 1 0
vn 0 1 0
vn 0 1 0
vn 0 1 0
vn 0 1 0
vn 0 1 0
vn 0 1 0
vn 0 1 0
vn 0 1 0
vn 0 1 0
vn 0 1 0
vn 0 1 0
vn 0 1 0
vn 0 1 0
vn 0 1 0
vn 0 1 0
vn 0 1 0
vn 0 1 0
vn 0 1 0
vn 0 1 0
vn 0 1 0
vn 0 1 0
vn 0 1 0
vn 0 1 0
vn 0 1 0
vn 0 1 0
vn 0 1 0
vn 0 1 0
vn 0 1 0
vn 0 1 0
vn 0 1 0
vn 0 1 0
vn 0 1 0
vn 0 1 0
vn 0 1 0
vn 0 1 0
vn 0 1 0
vn 0 1 0
vn 0 1 0
vn 0 1 0
vn 0 1 0
vn 0 1 0
vn 0 1 0
vn 0 1 0
vn 0 1 0
vn 0 1 0
vn 0 1 0
vn 0 1 0
vn 0 1 0
vn 0 1 0
vn 0 1 0
vn 0 1 0
vn 0 1 0
vn 0 1 0
vn 0 1 0
vn 0 1 0
vn 0 1 0
vn 0 1 0
vn 0 1 0
vn 0 1 0
vn 0 1 0
vn 0 1 0
vn 0 1 0
vn 0 1 0
vn 0 1 0
vn 0 1 0
vn 0 1 0
vn 0 1 0
vn 0 1 0
vn 0 1 0
vn 0 1 0
vn 0 1 0
vn 0 1 0
vn 0 1 0
vn 0 1 0
vn 0 1 0
vn 0 1 0
vn 0 1 0
vn 0 1 0
vn 0 1 0
vn 0 1 0
vn 0 1 0
vn 0 1 0
vn 0 1 0
vn 0 1 0
vn 0 1 0
vn 0 1 0
vn 0 1 0
vn 0 1 0
vn 0 1 0
vn 0 1 0
vn 0 1 0
vn 0 1 0
vn 0 1 0
vn 0 1 0
vn 0 1 0
vn 0 1 0
vn 0 1 0
vn 0 1 0
vn 0 1 0
vn 0 1 0
vn 0 1 0
vn 0 1 0
vn 0 1 0
vn 0 1 0
vn 0 1 0
vn 0 1 0
vn 0 1 0
vn 0 1 0
vn 0 1 0
vn 0 1 0
vn 0 1 0
vn 0 1 0
vn 0 1 0
vn 0 1 0
vn 0 1 0
vn 0 1 0
vn 0 1 0
vn 0 1 0
vn 0 1 0
vn 0 1 0
vn 0 1 0
vn 0 1 0
vn 0 1 0
vn 0 1 0
vn 0 1 0
vn 0 1 0
vn 0 1 0
vn 0 1 0
vn 0 1 0
vn 0 1 0
vn 0 1 0
vn 0 1 0
vn 0 1 0
vn 0 1 0
vn 0 1 0
vn 0 1 0
vn 0 1 0
vn 0 1 0
vn 0 1 0
vn 0 1 0
vn 0 1 0
vn 0 1 0
vn 0 1 0
vn 0 1 0
vn 0 1 0
vn 0 1 0
vn 0 1 0
vn 0 1 0
vn 0 1 0
vn 0 1 0
vn 0 1 0
vn 0 1 0
vn 0 1 0
vn 0 1 0
vn 0 1 0
vn 0 1 0
vn 0 1 0
vn 0 1 0
vn 0 1 0
vn 0 1 0
vn 0 1 0
vn 0 1 0
vn 0 1 0
vn 0 1 0
vn 0 1 0
vn 0 1 0
vn 0 1 0
vn 0 1 0
vn 0 1 0
vn 0 1 0
vn 0 1 0
vn 0 1 0
vn 0 1 0
vn 0 1 0
vn 0 1 0
vn 0 1 0
vn 0 1 0
vn 0 1 0
vn 0 1 0
vn 0 1 0
vn 0 1 0
vn 0 1 0
vn 0 1 0
vn 0 1 0
vn 0 1 0
vn 0 1 0
vn 0 1 0
vn 0 1 0
vn 0 1 0
vn 0 1 0
vn 0 1 0
vn 0 1 0
vn 0 1 0
vn 0 1 0
vn 0 1 0
vn 0 1 0
vn 0 1 0
vn 0 1 0
vn 0 1 0
vn 0 1 0
vn 0 1 0
vn 0 1 0
vn 0 1 0
vn 0 1 0
vn 0 1 0
vn 0 1 0
vn 0 1 0
vn 0 1 0
vn 0 1 0
vn 0 1 0
vn 0 1 0
vn 0 1 0
vn 0 1 0
vn 0 1 0
vn 0 1 0
vn 0 1 0
vn 0 1 0
vn 0 1 0
vn 0 1 0
vn 0 1 0
vn 0 1 0
vn 0 1 0
vn 0 1 0
vn 0 1 0
vn 0 1 0
vn 0 1 0
vn 0 1 0
vn 0 1 0
vn 0 1 0
vn 0 1 0
vn 0 1 0
vn 0 1 0
vn 0 1 0
vn 0 1 0
vn 0 1 0
vn 0 1 0
vn 0 1 0
vn 0 1 0
vn 0 1 0
vn 0 1 0
vn 0 1 0
vn 0 1 0
vn 0 1 0
vn 0 1 0
vn 0 1 0
vn 0 1 0
vn 0 1 0
vn 0 1 0
vn 0 1 0
vn 0 1 0
vn 0 1 0
vn 0 1 0
vn 0 1 0
vn 0 1 0
vn 0 1 0
vn 0 1 0
vn 0 1 0
vn 0 1 0
vn 0 1 0
vn 0 1 0
vn 0 1 0
vn 0 1 0
vn 0 1 0
vn 0 1 0
vn 0 1 0
vn 0 1 0
vn 0 1 0
vn 0 1 0
vn 0 1 0
vn 0 1 0
vn 0 1 0
vn 0 1 0
vn 0 1 0
vn 0 1 0
vn 0 1 0
vn 0 1 0
vn 0 1 0
vn 0 1 0
vn 0 1 0
vn 0 1 0
vn 0 1 0
vn 0 1 0
vn 0 1 0
vn 0 1 0
vn 0 1 0
vn 0 1 0
vn 0 1 0
vn 0 1 0
vn 0 1 0
vn 0 1 0
vn 0 1 0
vn 0 1 0
vn 0 1 0
vn 0 1 0
vn 0 1 0
vn 0 1 0
vn 0 1 0
vn 0 1 0
vn 0 1 0
vn 0 1 0
vn 0 1 0
vn 0 1 0
vn 0 1 0
vn 0 1 0
vn 0 1 0
vn 0 1 0
vn 0 1 0
vn 0 1 0
vn 0 1 0
vn 0 1 0
vn 0 1 0
vn 0 1 0
vn 0 1 0
vn 0 1 0
vn 0 1 0
vn 0 1 0
vn 0 1 0
vn 0 1 0
vn 0 1 0
vn 0 1 0
vn 0 1 0
vn 0 1 0
vn 0 1 0
vn 0 1 0
vn 0 1 0
vn 0 1 0
vn 0 1 0
vn 0 1 0
vn 0 1 0
vn 0 1 0
vn 0 1 0
vn 0 1 0
vn 0 1 0
vn 0 1 0
vn 0 1 0
vn 0 1 0
vn 0 1 0
vn 0 1 0
vn 0 1 0
vn 0 1 0
vn 0 1 0
vn 0 1 0
vn 0 1 0
vn 0 1 0
vn 0 1 0
vn 0 1 0
vn 0 1 0
vn 0 1 0
vn 0 1 0
vn 0 1 0
vn 0 1 0
vn 0 1 0
vn 0 1 0
vn 0 1 0
vn 0 1 0
vn 0 1 0
vn 0 1 0
vn 0 1 0
vn 0 1 0
vn 0 1 0
vn 0 1 0
vn 0 1 0
vn 0 1 0
vn 0 1 0
vn 0 1 0
vn 0 1 0
vn 0 1 0
vn 0 1 0
vn 0 1 0
vn 0 1 0
vn 0 1 0
vn 0 1 0
vn 0 1 0
vn 0 1 0
vn 0 1 0
vn 0 1 0
vn 0 1 0
vn 0 1 0
vn 0 1 0
vn 0 1 0
vn 0 1 0
vn 0 1 0
vn 0 1 0
vn 0 1 0
vn 0 1 0
vn 0 1 0
vn 0 1 0
vn 0 1 0
vn 0 1 0
vn 0 1 0
vn 0 1 0
vn 0 1 0
vn 0 1 0
vn 0 1 0
vn 0 1 0
vn 0 1 0
vn 0 1 0
vn 0 1 0
vn 0 1 0
vn 0 1 0
vn 0 1 0
vn 0 1 0
vn 0 1 0
vn 0 1 0
vn 0 1 0
vn 0 1 0
vn 0 1 0
vn 0 1 0
vn 0 1 0
vn 0 1 0
vn 0 1 0
vn 0 1 0
vn 0 1 0
vn 0 1 0
vn 0 1 0
vn 0 1 0
vn 0 1 0
vn 0 1 0
vn 0 1 0
vn 0 1 0
vn 0 1 0
vn 0 1 0
vn 0 1 0
vn 0 1 0
vn 0 1 0
vn 0 1 0
vn 0 1 0
vn 0 1 0
vn 0 1 0
vn 0 1 0
vn 0 1 0
vn 0 1 0
vn 0 1 0
vn 0 1 0
vn 0 1 0
vn 0 1 0
vn 0 1 0
vn 0 1 0
vn 0 1 0
vn 0 1 0
vn 0 1 0
vn 0 1 0
vn 0 1 0
vn 0 1 0
vn 0 1 0
vn 0 1 0
vn 0 1 0
vn 0 1 0
vn 0 1 0
vn 0 1 0
vn 0 1 0
vn 0 1 0
vn 0 1 0
vn 0 1 0
vn 0 1 0
vn 0 1 0
vn 0 1 0
vn 0 1 0
vn 0 1 0
vn 0 1 0
vn 0 1 0
vn 0 1 0
vn 0 1 0
vn 0 1 0
vn 0 1 0
vn 0 1 0
vn 0 1 0
vn 0 1 0
vn 0 1 0
vn 0 1 0
vn 0 1 0
vn 0 1 0
vn 0 1 0
vn 0 1 0
vn 0 1 0
vn 0 1 0
vn 0 1 0
vn 0 1 0
vn 0 1 0
vn 0 1 0
vn 0 1 0
vn 0 1 0
vn 0 1 0
vn 0 1 0
vn 0 1 0
vn 0 1 0
vn 0 1 0
vn 0 1 0
vn 0 1 0
vn 0 1 0
vn 0 1 0
vn 0 1 0
vn 0 1 0
vn 0 1 0
vn 0 1 0
vn 0 1 0
vn 0 1 0
vn 0 1 0
vn 0 1 0
vn 0 1 0
vn 0 1 0
vn 0 1 0
vn 0 1 0
vn 0 1 0
vn 0 1 0
vn 0 1 0
vn 0 1 0
vn 0 1 0
vn 0 1 0
vn 0 1 0
vn 0 1 0
vn 0 1 0
vn 0 1 0
vn 0 1 0
vn 0 1 0
vn 0 1 0
vn 0 1 0
vn 0 1 0
vn 0 1 0
vn 0 1 0
vn 0 1 0
vn 0 1 0
vn 0 1 0
vn 0 1 0
vn 0 1 0
vn 0 1 0
vn 0 1 0
vn 0 1 0
vn 0 1 0
vn 0 1 0
vn 0 1 0
vn 0 1 0
vn 0 1 0
vn 0 1 0
vn 0 1 0
vn 0 1 0
vn 0 1 0
vn 0 1 0
vn 0 1 0
vn 0 1 0
vn 0 1 0
vn 0 1 0
vn 0 1 0
vn 0 1 0
vn 0 1 0
vn 0 1 0
vn 0 1 0
vn 0 1 0
vn 0 1 0
vn 0 1 0
vn 0 1 0
vn 0 1 0
vn 0 1 0
vn 0 1 0
vn 0 1 0
vn 0 1 0
vn 0 1 0
vn 0 1 0
vn 0 1 0
vn 0 1 0
vn 0 1 0
vn 0 1 0
vn 0 1 0
vn 0 1 0
vn 0 1 0
vn 0 1 0
vn 0 1 0
vn 0 1 0
vn 0 1 0
vn 0 1 0
vn 0 1 0
vn 0 1 0
vn 0 1 0
vn 0 1 0
vn 0 1 0
vn 0 1 0
vn 0 1 0
vn 0 1 0
vn 0 1 0
vn 0 1 0
vn 0 1 0
vn 0 1 0
vn 0 1 0
vn 0 1 0
vn 0 1 0
vn 0 1 0
vn 0 1 0
vn 0 1 0
vn 0 1 0
vn 0 1 0
vn 0 1 0
vn 0 1 0
vn 0 1 0
vn 0 1 0
vn 0 1 0
vn 0 1 0
vn 0 1 0
vn 0 1 0
vn 0 1 0
vn 0 1 0
vn 0 1 0
vn 0 1 0
vn 0 1 0
vn 0 1 0
vn 0 1 0
vn 0 1 0
vn 0 1 0
vn 0 1 0
vn 0 1 0
vn 0 1 0
vn 0 1 0
vn 0 1 0
vn 0 1 0
vn 0 1 0
vn 0 1 0
vn 0 1 0
vn 0 1 0
vn 0 1 0
vn 0 1 0
vn 0 1 0
vn 0 1 0
vn 0 1 0
vn 0 1 0
vn 0 1 0
vn 0 1 0
vn 0 1 0
vn 0 1 0
vn 0 1 0
vn 0 1 0
vn 0 1 0
vn 0 1 0
vn 0 1 0
vn 0 1 0
vn 0 1 0
vn 0 1 0
vn 0 1 0
vn 0 1 0
vn 0 1 0
vn 0 1 0
vn 0 1 0
vn 0 1 0
vn 0 1 0
vn 0 1 0
vn 0 1 0
vn 0 1 0
vn 0 1 0
vn 0 1 0
vn 0 1 0
vn 0 1 0
vn 0 1 0
vn 0 1 0
vn 0 1 0
vn 0 1 0
vn 0 1 0
vn 0 1 0
vn 0 1 0
vn 0 1 0
vn 0 1 0
vn 0 1 0
vn 0 1 0
vn 0 1 0
vn 0 1 0
vn 0 1 0
vn 0 1 0
vn 0 1 0
vn 0 1 0
vn 0 1 0
vn 0 1 0
vn 0 1 0
vn 0 1 0
vn 0 1 0
vn 0 1 0
vn 0 1 0
vn 0 1 0
vn 0 1 0
vn 0 1 0
vn 0 1 0
vn 0 1 0
vn 0 1 0
vn 0 1 0
vn 0 1 0
vn 0 1 0
vn 0 1 0
vn 0 1 0
vn 0 1 0
vn 0 1 0
vn 0 1 0
vn 0 1 0
vn 0 1 0
vn 0 1 0
vn 0 1 0
vn 0 1 0
vn 0 1 0
vn 0 1 0
vn 0 1 0
vn 0 1 0
vn 0 1 0
vn 0 1 0
vn 0 1 0
vn 0 1 0
vn 0 1 0
vn 0 1 0
vn 0 1 0
vn 0 1 0
vn 0 1 0
vn 0 1 0
vn 0 1 0
vn 0 1 0
vn 0 1 0
vn 0 1 0
vn 0 1 0
vn 0 1 0
vn 0 1 0
vn 0 1 0
vn 0 1 0
vn 0 1 0
vn 0 1 0
vn 0 1 0
vn 0 1 0
vn 0 1 0
vn 0 1 0
vn 0 1 0
vn 0 1 0
vn 0 1 0
vn 0 1 0
vn 0 1 0
vn 0 1 0
vn 0 1 0
vn 0 1 0
vn 0 1 0
vn 0 1 0
vn 0 1 0
vn 0 1 0
vn 0 1 0
vn 0 1 0
vn 0 1 0
vn 0 1 0
vn 0 1 0
vn 0 1 0
vn 0 1 0
vn 0 1 0
vn 0 1 0
vn 0 1 0
vn 0 1 0
vn 0 1 0
vn 0 1 0
vn 0 1 0
vn 0 1 0
vn 0 1 0
vn 0 1 0
vn 0 1 0
vn 0 1 0
vn 0 1 0
vn 0 1 0
vn 0 1 0
vn 0 1 0
vn 0 1 0
vn 0 1 0
vn 0 1 0
vn 0 1 0
vn 0 1 0
vn 0 1 0
vn 0 1 0
vn 0 1 0
vn 0 1 0
vn 0 1 0
vn 0 1 0
vn 0 1 0
vn 0 1 0
vn 0 1 0
vn 0 1 0
vn 0 1 0
vn 0 1 0
vn 0 1 0
vn 0 1 0
vn 0 1 0
vn 0 1 0
vn 0 1 0
vn 0 1 0
vn 0 1 0
vn 0 1 0
vn 0 1 0
vn 0 1 0
vn 0 1 0
vn 0 1 0
vn 0 1 0
vn 0 1 0
vn 0 1 0
vn 0 1 0
vn 0 1 0
vn 0 1 0
vn 0 1 0
vn 0 1 0
vn 0 1 0
vn 0 1 0
vn 0 1 0
vn 0 1 0
vn 0 1 0
vn 0 1 0
vn 0 1 0
vn 0 1 0
vn 0 1 0
vn 0 1 0
vn 0 1 0
vn 0 1 0
vn 0 1 0
vn 0 1 0
vn 0 1 0
vn 0 1 0
vn 0 1 0
vn 0 1 0
vn 0 1 0
vn 0 1 0
vn 0 1 0
vn 0 1 0
vn 0 1 0
vn 0 1 0
vn 0 1 0
vn 0 1 0
vn 0 1 0
vn 0 1 0
vn 0 1 0
vn 0 1 0
vn 0 1 0
vn 0 1 0
vn 0 1 0
vn 0 1 0
vn 0 1 0
vn 0 1 0
vn 0 1 0
vn 0 1 0
vn 0 1 0
vn 0 1 0
vn 0 1 0
vn 0 1 0
vn 0 1 0
vn 0 1 0
vn 0 1 0
vn 0 1 0
vn 0 1 0
vn 0 1 0
vn 0 1 0
vn 0 1 0
vn 0 1 0
vn 0 1 0
vn 0 1 0
vn 0 1 0
vn 0 1 0
vn 0 1 0
vn 0 1 0
vn 0 1 0
vn 0 1 0
vn 0 1 0
vn 0 1 0
vn 0 1 0
vn 0 1 0
vn 0 1 0
vn 0 1 0
vn 0 1 0
vn 0 1 0
vn 0 1 0
vn 0 1 0
vn 0 1 0
vn 0 1 0
vn 0 1 0
vn 0 1 0
vn 0 1 0
vn 0 1 0
vn 0 1 0
vn 0 1 0
vn 0 1 0
vn 0 1 0
vn 0 1 0
vn 0 1 0
vn 0 1 0
vn 0 1 0
vn 0 1 0
vn 0 1 0
vn 0 1 0
vn 0 1 0
vn 0 1 0
vn 0 1 0
vn 0 1 0
vn 0 1 0
vn 0 1 0
vn 0 1 0
vn 0 1 0
vn 0 1 0
vn 0 1 0
vn 0 1 0
vn 0 1 0
vn 0 1 0
vn 0 1 0
vn 0 1 0
vn 0 1 0
vn 0 1 0
vn 0 1 0
vn 0 1 0
vn 0 1 0
vn 0 1 0
vn 0 1 0
vn 0 1 0
vn 0 1 0
vn 0 1 0
vn 0 1 0
vn 0 1 0
vn 0 1 0
vn 0 1 0
vn 0 1 0
vn 0 1 0
vn 0 1 0
vn 0 1 0
vn 0 1 0
vn 0 1 0
vn 0 1 0
vn 0 1 0
vn 0 1 0
vn 0 1 0
vn 0 1 0
vn 0 1 0
vn 0 1 0
vn 0 1 0
vn 0 1 0
vn 0 1 0
vn 0 1 0
vn 0 1 0
vn 0 1 0
vn 0 1 0
vn 0 1 0
vn 0 1 0
vn 0 1 0
vn 0 1 0
vn 0 1 0
vn 0 1 0
vn 0 1 0
vn 0 1 0
vn 0 1 0
vn 0 1 0
vn 0 1 0
vn 0 1 0
vn 0 1 0
vn 0 1 0
vn 0 1 0
vn 0 1 0
vn 0 1 0
vn 0 1 0
vn 0 1 0
vn 0 1 0
vn 0 1 0
vn 0 1 0
vn 0 1 0
vn 0 1 0
vn 0 1 0
vn 0 1 0
vn 0 1 0
vn 0 1 0
vn 0 1 0
vn 0 1 0
vn 0 1 0
vn 0 1 0
vn 0 1 0
vn 0 1 0
vn 0 1 0
vn 0 1 0
vn 0 1 0
vn 0 1 0
vn 0 1 0
vn 0 1 0
vn 0 1 0
vn 0 1 0
vn 0 1 0
vn 0 1 0
vn 0 1 0
vn 0 1 0
vn 0 1 0
vn 0 1 0
vn 0 1 0
vn 0 1 0
vn 0 1 0
vn 0 1 0
vn 0 1 0
vn 0 1 0
vn 0 1 0
vn 0 1 0
vn 0 1 0
vn 0 1 0
vn 0 1 0
vn 0 1 0
vn 0 1 0
vn 0 1 0
vn 0 1 0
vn 0 1 0
vn 0 1 0
vn 0 1 0
vn 0 1 0
vn 0 1 0
vn 0 1 0
vn 0 1 0
vn 0 1 0
vn 0 1 0
vn 0 1 0
vn 0 1 0
vn 0 1 0
vn 0 1 0
vn 0 1 0
vn 0 1 0
vn 0 1 0
vn 0 1 0
vn 0 1 0
vn 0 1 0
vn 0 1 0
vn 0 1 0
vn 0 1 0
vn 0 1 0
vn 0 1 0
vn 0 1 0
vn 0 1 0
vn 0 1 0
vn 0 1 0
vn 0 1 0
vn 0 1 0
vn 0 1 0
vn 0 1 0
vn 0 1 0
vn 0 1 0
vn 0 1 0
vn 0 1 0
vn 0 1 0
vn 0 1 0
vn 0 1 0
vn 0 1 0
vn 0 1 0
vn 0 1 0
vn 0 1 0
vn 0 1 0
vn 0 1 0
vn 0 1 0
vn 0 1 0
vn 0 1 0
vn 0 1 0
vn 0 1 0
vn 0 1 0
vn 0 1 0
vn 0 1 0
vn 0 1 0
vn 0 1 0
vn 0 1 0
vn 0 1 0
vn 0 1 0
vn 0 1 0
vn 0 1 0
vn 0 1 0
vn 0 1 0
vn 0 1 0
vn 0 1 0
vn 0 1 0
vn 0 1 0
vn 0 1 0
vn 0 1 0
vn 0 1 0
vn 0 1 0
vn 0 1 0
vn 0 1 0
vn 0 1 0
vn 0 1 0
vn 0 1 0
vn 0 1 0
vn 0 1 0
vn 0 1 0
vn 0 1 0
vn 0 1 0
vn 0 1 0
vn 0 1 0
vn 0 1 0
vn 0 1 0
vn 0 1 0
vn 0 1 0
vn 0 1 0
vn 0 1 0
vn 0 1 0
vn 0 1 0
vn 0 1 0
vn 0 1 0
vn 0 1 0
vn 0 1 0
vn 0 1 0
vn 0 1 0
vn 0 1 0
vn 0 1 0
vn 0 1 0
vn 0 1 0
vn 0 1 0
vn 0 1 0
vn 0 1 0
vn 0 1 0
vn 0 1 0
vn 0 1 0
vn 0 1 0
vn 0 1 0
vn 0 1 0
vn 0 1 0
vn 0 1 0
vn 0 1 0
vn 0 1 0
vn 0 1 0
vn 0 1 0
vn 0 1 0
vn 0 1 0
vn 0 1 0
vn 0 1 0
vn 0 1 0
vn 0 1 0
vn 0 1 0
vn 0 1 0
vn 0 1 0
vn 0 1 0
vn 0 1 0
vn 0 1 0
vn 0 1 0
vn 0 1 0
vn 0 1 0
vn 0 1 0
vn 0 1 0
vn 0 1 0
vn 0 1 0
vn 0 1 0
vn 0 1 0
vn 0 1 0
vn 0 1 0
vn 0 1 0
vn 0 1 0
vn 0 1 0
vn 0 1 0
vn 0 1 0
vn 0 1 0
vn 0 1 0
vn 0 1 0
vn 0 1 0
vn 0 1 0
vn 0 1 0
vn 0 1 0
vn 0 1 0
vn 0 1 0
vn 0 1 0
vn 0 1 0
vn 0 1 0
vn 0 1 0
vn 0 1 0
vn 0 1 0
vn 0 1 0
vn 0 1 0
vn 0 1 0
vn 0 1 0
vn 0 1 0
vn 0 1 0
vn 0 1 0
vn 0 1 0
vn 0 1 0
vn 0 1 0
vn 0 1 0
vn 0 1 0
vn 0 1 0
vn 0 1 0
vn 0 1 0
vn 0 1 0
vn 0 1 0
g maLuYa_0
f 3/3/3 2/2/2 1/1/1
f 2/2/2 4/4/4 1/1/1
f 5/5/5 2/2/2 3/3/3
f 6/6/6 2/2/2 5/5/5
f 1/1/1 4/4/4 7/7/7
f 4/4/4 8/8/8 7/7/7
f 7/7/7 8/8/8 9/9/9
f 8/8/8 10/10/10 9/9/9
f 9/9/9 10/10/10 11/11/11
f 10/10/10 12/12/12 11/11/11
f 11/11/11 12/12/12 13/13/13
f 12/12/12 14/14/14 13/13/13
f 17/17/17 16/16/16 15/15/15
f 18/18/18 16/16/16 17/17/17
f 19/19/19 16/16/16 18/18/18
f 20/20/20 19/19/19 18/18/18
f 21/21/21 19/19/19 20/20/20
f 22/22/22 21/21/21 20/20/20
f 23/23/23 21/21/21 22/22/22
f 24/24/24 21/21/21 23/23/23
f 25/25/25 21/21/21 24/24/24
f 26/26/26 21/21/21 25/25/25
f 27/27/27 21/21/21 26/26/26
f 28/28/28 27/27/27 26/26/26
f 29/29/29 27/27/27 28/28/28
f 30/30/30 29/29/29 28/28/28
f 31/31/31 29/29/29 30/30/30
f 32/32/32 31/31/31 30/30/30
f 33/33/33 31/31/31 32/32/32
f 34/34/34 33/33/33 32/32/32
f 35/35/35 33/33/33 34/34/34
f 36/36/36 35/35/35 34/34/34
f 35/35/35 36/36/36 37/37/37
f 36/36/36 38/38/38 37/37/37
f 39/39/39 37/37/37 38/38/38
f 40/40/40 39/39/39 38/38/38
f 41/41/41 39/39/39 40/40/40
f 42/42/42 41/41/41 40/40/40
f 43/43/43 41/41/41 42/42/42
f 44/44/44 43/43/43 42/42/42
f 45/45/45 43/43/43 44/44/44
f 46/46/46 45/45/45 44/44/44
f 47/47/47 45/45/45 46/46/46
f 48/48/48 47/47/47 46/46/46
f 49/49/49 47/47/47 48/48/48
f 50/50/50 49/49/49 48/48/48
f 51/51/51 49/49/49 50/50/50
f 52/52/52 51/51/51 50/50/50
f 55/55/55 54/54/54 53/53/53
f 56/56/56 54/54/54 55/55/55
f 57/57/57 54/54/54 56/56/56
f 58/58/58 54/54/54 57/57/57
f 53/53/53 54/54/54 59/59/59
f 54/54/54 60/60/60 59/59/59
f 59/59/59 60/60/60 61/61/61
f 60/60/60 62/62/62 61/61/61
f 61/61/61 62/62/62 63/63/63
f 62/62/62 64/64/64 63/63/63
f 63/63/63 64/64/64 65/65/65
f 64/64/64 66/66/66 65/65/65
f 65/65/65 66/66/66 67/67/67
f 66/66/66 68/68/68 67/67/67
f 67/67/67 68/68/68 69/69/69
f 68/68/68 70/70/70 69/69/69
f 69/69/69 70/70/70 71/71/71
f 70/70/70 72/72/72 71/71/71
f 71/71/71 72/72/72 73/73/73
f 72/72/72 74/74/74 73/73/73
f 73/73/73 74/74/74 75/75/75
f 74/74/74 76/76/76 75/75/75
f 75/75/75 76/76/76 77/77/77
f 76/76/76 78/78/78 77/77/77
f 77/77/77 78/78/78 79/79/79
f 78/78/78 80/80/80 79/79/79
f 79/79/79 80/80/80 81/81/81
f 80/80/80 82/82/82 81/81/81
f 82/82/82 83/83/83 81/81/81
f 81/81/81 83/83/83 84/84/84
f 83/83/83 85/85/85 84/84/84
f 84/84/84 85/85/85 86/86/86
f 85/85/85 87/87/87 86/86/86
f 86/86/86 87/87/87 88/88/88
f 87/87/87 89/89/89 88/88/88
f 88/88/88 89/89/89 90/90/90
f 89/89/89 91/91/91 90/90/90
f 90/90/90 91/91/91 92/92/92
f 91/91/91 93/93/93 92/92/92
f 92/92/92 93/93/93 94/94/94
f 93/93/93 95/95/95 94/94/94
f 94/94/94 95/95/95 96/96/96
f 95/95/95 97/97/97 96/96/96
f 96/96/96 97/97/97 98/98/98
f 97/97/97 99/99/99 98/98/98
f 98/98/98 99/99/99 100/100/100
f 99/99/99 101/101/101 100/100/100
f 100/100/100 101/101/101 58/58/58
f 101/101/101 54/54/54 58/58/58
f 104/104/104 103/103/103 102/102/102
f 103/103/103 105/105/105 102/102/102
f 106/106/106 103/103/103 104/104/104
f 107/107/107 103/103/103 106/106/106
f 108/108/108 103/103/103 107/107/107
f 109/109/109 103/103/103 108/108/108
f 110/110/110 103/103/103 109/109/109
f 111/111/111 110/110/110 109/109/109
f 112/112/112 110/110/110 111/111/111
f 113/113/113 112/112/112 111/111/111
f 114/114/114 112/112/112 113/113/113
f 115/115/115 114/114/114 113/113/113
f 116/116/116 114/114/114 115/115/115
f 117/117/117 116/116/116 115/115/115
f 118/118/118 116/116/116 117/117/117
f 119/119/119 118/118/118 117/117/117
f 120/120/120 118/118/118 119/119/119
f 121/121/121 120/120/120 119/119/119
f 122/122/122 120/120/120 121/121/121
f 123/123/123 122/122/122 121/121/121
f 124/124/124 123/123/123 121/121/121
f 125/125/125 123/123/123 124/124/124
f 126/126/126 125/125/125 124/124/124
f 127/127/127 125/125/125 126/126/126
f 128/128/128 127/127/127 126/126/126
f 129/129/129 127/127/127 128/128/128
f 130/130/130 129/129/129 128/128/128
f 131/131/131 129/129/129 130/130/130
f 132/132/132 131/131/131 130/130/130
f 133/133/133 132/132/132 130/130/130
f 134/134/134 132/132/132 133/133/133
f 135/135/135 134/134/134 133/133/133
f 136/136/136 134/134/134 135/135/135
f 137/137/137 136/136/136 135/135/135
f 138/138/138 136/136/136 137/137/137
f 139/139/139 138/138/138 137/137/137
f 140/140/140 138/138/138 139/139/139
f 141/141/141 140/140/140 139/139/139
f 142/142/142 140/140/140 141/141/141
f 143/143/143 142/142/142 141/141/141
f 144/144/144 143/143/143 141/141/141
f 145/145/145 143/143/143 144/144/144
f 146/146/146 145/145/145 144/144/144
f 147/147/147 145/145/145 146/146/146
f 148/148/148 147/147/147 146/146/146
f 149/149/149 147/147/147 148/148/148
f 150/150/150 149/149/149 148/148/148
f 105/105/105 149/149/149 150/150/150
f 102/102/102 105/105/105 150/150/150
f 153/153/153 152/152/152 151/151/151
f 154/154/154 152/152/152 153/153/153
f 151/151/151 152/152/152 155/155/155
f 152/152/152 156/156/156 155/155/155
f 155/155/155 156/156/156 157/157/157
f 156/156/156 158/158/158 157/157/157
f 157/157/157 158/158/158 159/159/159
f 162/162/162 161/161/161 160/160/160
f 163/163/163 161/161/161 162/162/162
f 164/164/164 161/161/161 163/163/163
f 165/165/165 161/161/161 164/164/164
f 166/166/166 165/165/165 164/164/164
f 167/167/167 165/165/165 166/166/166
f 168/168/168 167/167/167 166/166/166
f 169/169/169 167/167/167 168/168/168
f 170/170/170 169/169/169 168/168/168
f 171/171/171 169/169/169 170/170/170
f 172/172/172 171/171/171 170/170/170
f 173/173/173 171/171/171 172/172/172
f 174/174/174 173/173/173 172/172/172
f 175/175/175 173/173/173 174/174/174
f 176/176/176 175/175/175 174/174/174
f 179/179/179 178/178/178 177/177/177
f 180/180/180 178/178/178 179/179/179
f 181/181/181 178/178/178 180/180/180
f 182/182/182 178/178/178 181/181/181
f 183/183/183 178/178/178 182/182/182
f 184/184/184 183/183/183 182/182/182
f 185/185/185 183/183/183 184/184/184
f 186/186/186 185/185/185 184/184/184
f 187/187/187 185/185/185 186/186/186
f 188/188/188 187/187/187 186/186/186
f 189/189/189 187/187/187 188/188/188
f 190/190/190 189/189/189 188/188/188
f 191/191/191 189/189/189 190/190/190
f 192/192/192 191/191/191 190/190/190
f 193/193/193 191/191/191 192/192/192
f 194/194/194 193/193/193 192/192/192
f 195/195/195 193/193/193 194/194/194
f 196/196/196 195/195/195 194/194/194
f 197/197/197 195/195/195 196/196/196
f 198/198/198 197/197/197 196/196/196
f 199/199/199 197/197/197 198/198/198
f 200/200/200 199/199/199 198/198/198
f 201/201/201 199/199/199 200/200/200
f 202/202/202 201/201/201 200/200/200
f 203/203/203 201/201/201 202/202/202
f 204/204/204 203/203/203 202/202/202
f 205/205/205 203/203/203 204/204/204
f 206/206/206 205/205/205 204/204/204
f 207/207/207 205/205/205 206/206/206
f 208/208/208 207/207/207 206/206/206
f 209/209/209 207/207/207 208/208/208
f 210/210/210 209/209/209 208/208/208
f 211/211/211 209/209/209 210/210/210
f 212/212/212 211/211/211 210/210/210
f 213/213/213 211/211/211 212/212/212
f 214/214/214 213/213/213 212/212/212
f 215/215/215 213/213/213 214/214/214
f 216/216/216 215/215/215 214/214/214
f 217/217/217 215/215/215 216/216/216
f 217/217/217 216/216/216 218/218/218
f 219/219/219 217/217/217 218/218/218
f 220/220/220 219/219/219 218/218/218
f 221/221/221 220/220/220 218/218/218
f 222/222/222 220/220/220 221/221/221
f 223/223/223 222/222/222 221/221/221
f 224/224/224 222/222/222 223/223/223
f 225/225/225 224/224/224 223/223/223
f 226/226/226 224/224/224 225/225/225
f 227/227/227 226/226/226 225/225/225
f 178/178/178 226/226/226 227/227/227
f 177/177/177 178/178/178 227/227/227
f 230/230/230 229/229/229 228/228/228
f 229/229/229 231/231/231 228/228/228
f 232/232/232 229/229/229 230/230/230
f 233/233/233 229/229/229 232/232/232
f 234/234/234 229/229/229 233/233/233
f 235/235/235 229/229/229 234/234/234
f 236/236/236 229/229/229 235/235/235
f 237/237/237 236/236/236 235/235/235
f 228/228/228 231/231/231 238/238/238
f 231/231/231 239/239/239 238/238/238
f 238/238/238 239/239/239 240/240/240
f 239/239/239 241/241/241 240/240/240
f 240/240/240 241/241/241 242/242/242
f 242/242/242 241/241/241 243/243/243
f 241/241/241 244/244/244 243/243/243
f 245/245/245 236/236/236 237/237/237
f 246/246/246 245/245/245 237/237/237
f 247/247/247 245/245/245 246/246/246
f 248/248/248 247/247/247 246/246/246
f 249/249/249 247/247/247 248/248/248
f 250/250/250 249/249/249 248/248/248
f 251/251/251 249/249/249 250/250/250
f 252/252/252 251/251/251 250/250/250
f 253/253/253 251/251/251 252/252/252
f 254/254/254 253/253/253 252/252/252
f 255/255/255 253/253/253 254/254/254
f 256/256/256 255/255/255 254/254/254
f 257/257/257 256/256/256 254/254/254
f 258/258/258 256/256/256 257/257/257
f 259/259/259 258/258/258 257/257/257
f 260/260/260 258/258/258 259/259/259
f 260/260/260 259/259/259 261/261/261
f 262/262/262 260/260/260 261/261/261
f 263/263/263 262/262/262 261/261/261
f 264/264/264 263/263/263 261/261/261
f 265/265/265 263/263/263 264/264/264
f 266/266/266 265/265/265 264/264/264
f 267/267/267 265/265/265 266/266/266
f 268/268/268 267/267/267 266/266/266
f 269/269/269 267/267/267 268/268/268
f 270/270/270 269/269/269 268/268/268
f 271/271/271 269/269/269 270/270/270
f 272/272/272 271/271/271 270/270/270
f 273/273/273 271/271/271 272/272/272
f 274/274/274 273/273/273 272/272/272
f 275/275/275 273/273/273 274/274/274
f 276/276/276 273/273/273 275/275/275
f 277/277/277 273/273/273 276/276/276
f 278/278/278 273/273/273 277/277/277
f 244/244/244 273/273/273 278/278/278
f 243/243/243 244/244/244 278/278/278
f 281/281/281 280/280/280 279/279/279
f 282/282/282 280/280/280 281/281/281
f 283/283/283 280/280/280 282/282/282
f 284/284/284 280/280/280 283/283/283
f 285/285/285 280/280/280 284/284/284
f 286/286/286 280/280/280 285/285/285
f 287/287/287 286/286/286 285/285/285
f 288/288/288 286/286/286 287/287/287
f 289/289/289 288/288/288 287/287/287
f 290/290/290 288/288/288 289/289/289
f 291/291/291 290/290/290 289/289/289
f 292/292/292 290/290/290 291/291/291
f 293/293/293 292/292/292 291/291/291
f 279/279/279 280/280/280 294/294/294
f 280/280/280 295/295/295 294/294/294
f 294/294/294 295/295/295 296/296/296
f 296/296/296 295/295/295 297/297/297
f 297/297/297 295/295/295 298/298/298
f 298/298/298 295/295/295 299/299/299
f 299/299/299 295/295/295 300/300/300
f 295/295/295 301/301/301 300/300/300
f 300/300/300 301/301/301 302/302/302
f 301/301/301 303/303/303 302/302/302
f 302/302/302 303/303/303 304/304/304
f 303/303/303 305/305/305 304/304/304
f 304/304/304 305/305/305 306/306/306
f 305/305/305 307/307/307 306/306/306
f 310/310/310 309/309/309 308/308/308
f 309/309/309 311/311/311 308/308/308
f 312/312/312 309/309/309 310/310/310
f 313/313/313 309/309/309 312/312/312
f 314/314/314 309/309/309 313/313/313
f 315/315/315 309/309/309 314/314/314
f 316/316/316 309/309/309 315/315/315
f 317/317/317 316/316/316 315/315/315
f 308/308/308 311/311/311 318/318/318
f 311/311/311 319/319/319 318/318/318
f 318/318/318 319/319/319 320/320/320
f 319/319/319 321/321/321 320/320/320
f 320/320/320 321/321/321 322/322/322
f 321/321/321 323/323/323 322/322/322
f 322/322/322 323/323/323 324/324/324
f 323/323/323 325/325/325 324/324/324
f 324/324/324 325/325/325 326/326/326
f 325/325/325 327/327/327 326/326/326
f 326/326/326 327/327/327 328/328/328
f 327/327/327 329/329/329 328/328/328
f 328/328/328 329/329/329 330/330/330
f 329/329/329 331/331/331 330/330/330
f 330/330/330 331/331/331 332/332/332
f 331/331/331 333/333/333 332/332/332
f 332/332/332 333/333/333 334/334/334
f 333/333/333 335/335/335 334/334/334
f 334/334/334 335/335/335 336/336/336
f 335/335/335 337/337/337 336/336/336
f 336/336/336 337/337/337 338/338/338
f 337/337/337 339/339/339 338/338/338
f 338/338/338 339/339/339 340/340/340
f 339/339/339 341/341/341 340/340/340
f 341/341/341 342/342/342 340/340/340
f 340/340/340 342/342/342 343/343/343
f 342/342/342 344/344/344 343/343/343
f 343/343/343 344/344/344 345/345/345
f 344/344/344 346/346/346 345/345/345
f 345/345/345 346/346/346 347/347/347
f 346/346/346 348/348/348 347/347/347
f 347/347/347 348/348/348 349/349/349
f 348/348/348 350/350/350 349/349/349
f 349/349/349 350/350/350 351/351/351
f 350/350/350 352/352/352 351/351/351
f 351/351/351 352/352/352 353/353/353
f 352/352/352 354/354/354 353/353/353
f 353/353/353 354/354/354 355/355/355
f 354/354/354 356/356/356 355/355/355
f 355/355/355 356/356/356 357/357/357
f 356/356/356 358/358/358 357/357/357
f 357/357/357 358/358/358 359/359/359
f 358/358/358 360/360/360 359/359/359
f 359/359/359 360/360/360 317/317/317
f 360/360/360 316/316/316 317/317/317
f 363/363/363 362/362/362 361/361/361
f 362/362/362 364/364/364 361/361/361
f 362/362/362 365/365/365 364/364/364
f 366/366/366 363/363/363 361/361/361
f 367/367/367 366/366/366 361/361/361
f 368/368/368 366/366/366 367/367/367
f 369/369/369 368/368/368 367/367/367
f 370/370/370 368/368/368 369/369/369
f 371/371/371 370/370/370 369/369/369
f 372/372/372 370/370/370 371/371/371
f 373/373/373 372/372/372 371/371/371
f 374/374/374 372/372/372 373/373/373
f 375/375/375 374/374/374 373/373/373
f 376/376/376 374/374/374 375/375/375
f 377/377/377 376/376/376 375/375/375
f 378/378/378 376/376/376 377/377/377
f 379/379/379 378/378/378 377/377/377
f 380/380/380 378/378/378 379/379/379
f 381/381/381 380/380/380 379/379/379
f 382/382/382 380/380/380 381/381/381
f 383/383/383 382/382/382 381/381/381
f 384/384/384 382/382/382 383/383/383
f 385/385/385 384/384/384 383/383/383
f 386/386/386 384/384/384 385/385/385
f 387/387/387 384/384/384 386/386/386
f 388/388/388 387/387/387 386/386/386
f 389/389/389 387/387/387 388/388/388
f 390/390/390 389/389/389 388/388/388
f 391/391/391 389/389/389 390/390/390
f 392/392/392 391/391/391 390/390/390
f 393/393/393 391/391/391 392/392/392
f 394/394/394 393/393/393 392/392/392
f 395/395/395 393/393/393 394/394/394
f 396/396/396 395/395/395 394/394/394
f 397/397/397 395/395/395 396/396/396
f 398/398/398 397/397/397 396/396/396
f 399/399/399 397/397/397 398/398/398
f 400/400/400 399/399/399 398/398/398
f 401/401/401 399/399/399 400/400/400
f 402/402/402 401/401/401 400/400/400
f 403/403/403 401/401/401 402/402/402
f 404/404/404 403/403/403 402/402/402
f 405/405/405 403/403/403 404/404/404
f 406/406/406 405/405/405 404/404/404
f 407/407/407 405/405/405 406/406/406
f 408/408/408 407/407/407 406/406/406
f 409/409/409 407/407/407 408/408/408
f 410/410/410 409/409/409 408/408/408
f 411/411/411 409/409/409 410/410/410
f 412/412/412 411/411/411 410/410/410
f 413/413/413 411/411/411 412/412/412
f 414/414/414 413/413/413 412/412/412
f 415/415/415 413/413/413 414/414/414
f 416/416/416 415/415/415 414/414/414
f 417/417/417 415/415/415 416/416/416
f 418/418/418 417/417/417 416/416/416
f 365/365/365 417/417/417 418/418/418
f 364/364/364 365/365/365 418/418/418
f 421/421/421 420/420/420 419/419/419
f 422/422/422 420/420/420 421/421/421
f 423/423/423 420/420/420 422/422/422
f 424/424/424 420/420/420 423/423/423
f 425/425/425 420/420/420 424/424/424
f 426/426/426 425/425/425 424/424/424
f 419/419/419 420/420/420 427/427/427
f 420/420/420 428/428/428 427/427/427
f 427/427/427 428/428/428 429/429/429
f 428/428/428 430/430/430 429/429/429
f 429/429/429 430/430/430 431/431/431
f 431/431/431 430/430/430 432/432/432
f 432/432/432 430/430/430 433/433/433
f 430/430/430 434/434/434 433/433/433
f 435/435/435 425/425/425 426/426/426
f 436/436/436 435/435/435 426/426/426
f 437/437/437 435/435/435 436/436/436
f 438/438/438 437/437/437 436/436/436
f 439/439/439 437/437/437 438/438/438
f 440/440/440 439/439/439 438/438/438
f 441/441/441 439/439/439 440/440/440
f 442/442/442 441/441/441 440/440/440
f 433/433/433 434/434/434 443/443/443
f 434/434/434 444/444/444 443/443/443
f 443/443/443 444/444/444 445/445/445
f 444/444/444 446/446/446 445/445/445
f 445/445/445 446/446/446 447/447/447
f 447/447/447 446/446/446 448/448/448
f 448/448/448 446/446/446 449/449/449
f 449/449/449 446/446/446 450/450/450
f 450/450/450 446/446/446 451/451/451
f 446/446/446 452/452/452 451/451/451
f 451/451/451 452/452/452 453/453/453
f 452/452/452 454/454/454 453/453/453
f 453/453/453 454/454/454 455/455/455
f 455/455/455 454/454/454 456/456/456
f 456/456/456 454/454/454 457/457/457
f 457/457/457 454/454/454 458/458/458
f 454/454/454 459/459/459 458/458/458
f 458/458/458 459/459/459 460/460/460
f 459/459/459 461/461/461 460/460/460
f 460/460/460 461/461/461 462/462/462
f 461/461/461 463/463/463 462/462/462
f 462/462/462 463/463/463 464/464/464
f 463/463/463 465/465/465 464/464/464
f 464/464/464 465/465/465 466/466/466
f 465/465/465 467/467/467 466/466/466
f 470/470/470 469/469/469 468/468/468
f 469/469/469 471/471/471 468/468/468
f 472/472/472 469/469/469 470/470/470
f 468/468/468 471/471/471 473/473/473
f 471/471/471 474/474/474 473/473/473
f 473/473/473 474/474/474 475/475/475
f 474/474/474 476/476/476 475/475/475
f 475/475/475 476/476/476 477/477/477
f 476/476/476 478/478/478 477/477/477
f 481/481/481 480/480/480 479/479/479
f 480/480/480 482/482/482 479/479/479
f 483/483/483 480/480/480 481/481/481
f 484/484/484 480/480/480 483/483/483
f 479/479/479 482/482/482 485/485/485
f 482/482/482 486/486/486 485/485/485
f 485/485/485 486/486/486 487/487/487
f 486/486/486 488/488/488 487/487/487
f 491/491/491 490/490/490 489/489/489
f 492/492/492 490/490/490 491/491/491
f 493/493/493 492/492/492 491/491/491
f 494/494/494 492/492/492 493/493/493
f 495/495/495 494/494/494 493/493/493
f 498/498/498 497/497/497 496/496/496
f 497/497/497 499/499/499 496/496/496
f 502/502/502 501/501/501 500/500/500
f 501/501/501 503/503/503 500/500/500
f 504/504/504 501/501/501 502/502/502
f 505/505/505 501/501/501 504/504/504
f 506/506/506 505/505/505 504/504/504
f 507/507/507 505/505/505 506/506/506
f 508/508/508 507/507/507 506/506/506
f 509/509/509 507/507/507 508/508/508
f 510/510/510 509/509/509 508/508/508
f 511/511/511 509/509/509 510/510/510
f 512/512/512 511/511/511 510/510/510
f 500/500/500 503/503/503 513/513/513
f 503/503/503 514/514/514 513/513/513
f 515/515/515 511/511/511 512/512/512
f 516/516/516 515/515/515 512/512/512
f 517/517/517 515/515/515 516/516/516
f 518/518/518 515/515/515 517/517/517
f 519/519/519 515/515/515 518/518/518
f 520/520/520 515/515/515 519/519/519
f 521/521/521 515/515/515 520/520/520
f 522/522/522 515/515/515 521/521/521
f 523/523/523 522/522/522 521/521/521
f 524/524/524 522/522/522 523/523/523
f 527/527/527 526/526/526 525/525/525
f 526/526/526 528/528/528 525/525/525
f 531/531/531 530/530/530 529/529/529
f 530/530/530 532/532/532 529/529/529
f 533/533/533 530/530/530 531/531/531
f 529/529/529 532/532/532 534/534/534
f 532/532/532 535/535/535 534/534/534
f 534/534/534 535/535/535 536/536/536
f 535/535/535 537/537/537 536/536/536
f 536/536/536 537/537/537 538/538/538
f 537/537/537 539/539/539 538/538/538
f 538/538/538 539/539/539 540/540/540
f 539/539/539 541/541/541 540/540/540
f 540/540/540 541/541/541 542/542/542
f 541/541/541 543/543/543 542/542/542
f 542/542/542 543/543/543 544/544/544
f 543/543/543 545/545/545 544/544/544
f 548/548/548 547/547/547 546/546/546
f 549/549/549 547/547/547 548/548/548
f 550/550/550 547/547/547 549/549/549
f 551/551/551 547/547/547 550/550/550
f 552/552/552 551/551/551 550/550/550
f 553/553/553 551/551/551 552/552/552
f 554/554/554 553/553/553 552/552/552
f 555/555/555 553/553/553 554/554/554
f 556/556/556 555/555/555 554/554/554
f 557/557/557 555/555/555 556/556/556
f 558/558/558 557/557/557 556/556/556
f 559/559/559 557/557/557 558/558/558
f 560/560/560 559/559/559 558/558/558
f 561/561/561 559/559/559 560/560/560
f 562/562/562 561/561/561 560/560/560
f 563/563/563 561/561/561 562/562/562
f 564/564/564 563/563/563 562/562/562
f 565/565/565 563/563/563 564/564/564
f 566/566/566 565/565/565 564/564/564
f 569/569/569 568/568/568 567/567/567
f 570/570/570 568/568/568 569/569/569
f 571/571/571 568/568/568 570/570/570
f 572/572/572 568/568/568 571/571/571
f 573/573/573 568/568/568 572/572/572
f 574/574/574 573/573/573 572/572/572
f 567/567/567 568/568/568 575/575/575
f 568/568/568 576/576/576 575/575/575
f 575/575/575 576/576/576 577/577/577
f 576/576/576 578/578/578 577/577/577
f 577/577/577 578/578/578 579/579/579
f 579/579/579 578/578/578 580/580/580
f 581/581/581 573/573/573 574/574/574
f 582/582/582 581/581/581 574/574/574
f 583/583/583 581/581/581 582/582/582
f 586/586/586 585/585/585 584/584/584
f 585/585/585 587/587/587 584/584/584
f 590/590/590 589/589/589 588/588/588
f 589/589/589 591/591/591 588/588/588
f 592/592/592 589/589/589 590/590/590
f 593/593/593 592/592/592 590/590/590
f 594/594/594 592/592/592 593/593/593
f 595/595/595 594/594/594 593/593/593
f 596/596/596 594/594/594 595/595/595
f 597/597/597 596/596/596 595/595/595
f 598/598/598 596/596/596 597/597/597
f 599/599/599 598/598/598 597/597/597
f 600/600/600 598/598/598 599/599/599
f 601/601/601 600/600/600 599/599/599
f 588/588/588 591/591/591 602/602/602
f 591/591/591 603/603/603 602/602/602
f 602/602/602 603/603/603 604/604/604
f 603/603/603 605/605/605 604/604/604
f 604/604/604 605/605/605 606/606/606
f 605/605/605 607/607/607 606/606/606
f 606/606/606 607/607/607 608/608/608
f 607/607/607 609/609/609 608/608/608
f 612/612/612 611/611/611 610/610/610
f 611/611/611 613/613/613 610/610/610
f 614/614/614 611/611/611 612/612/612
f 615/615/615 614/614/614 612/612/612
f 616/616/616 614/614/614 615/615/615
f 617/617/617 616/616/616 615/615/615
f 618/618/618 616/616/616 617/617/617
f 619/619/619 618/618/618 617/617/617
f 620/620/620 618/618/618 619/619/619
f 621/621/621 620/620/620 619/619/619
f 624/624/624 623/623/623 622/622/622
f 623/623/623 625/625/625 622/622/622
f 626/626/626 623/623/623 624/624/624
f 627/627/627 626/626/626 624/624/624
f 628/628/628 626/626/626 627/627/627
f 629/629/629 628/628/628 627/627/627
f 628/628/628 629/629/629 630/630/630
f 629/629/629 631/631/631 630/630/630
f 632/632/632 630/630/630 631/631/631
f 633/633/633 632/632/632 631/631/631
f 622/622/622 625/625/625 634/634/634
f 625/625/625 635/635/635 634/634/634
f 634/634/634 635/635/635 636/636/636
f 635/635/635 637/637/637 636/636/636
f 636/636/636 637/637/637 638/638/638
f 637/637/637 639/639/639 638/638/638
f 638/638/638 639/639/639 640/640/640
f 639/639/639 641/641/641 640/640/640
f 640/640/640 641/641/641 642/642/642
f 641/641/641 643/643/643 642/642/642
f 642/642/642 643/643/643 644/644/644
f 643/643/643 645/645/645 644/644/644
f 646/646/646 632/632/632 633/633/633
f 647/647/647 646/646/646 633/633/633
f 648/648/648 646/646/646 647/647/647
f 649/649/649 648/648/648 647/647/647
f 650/650/650 648/648/648 649/649/649
f 651/651/651 650/650/650 649/649/649
f 652/652/652 650/650/650 651/651/651
f 653/653/653 652/652/652 651/651/651
f 654/654/654 653/653/653 651/651/651
f 655/655/655 653/653/653 654/654/654
f 656/656/656 655/655/655 654/654/654
f 657/657/657 655/655/655 656/656/656
f 658/658/658 657/657/657 656/656/656
f 644/644/644 645/645/645 659/659/659
f 645/645/645 660/660/660 659/659/659
f 659/659/659 660/660/660 661/661/661
f 660/660/660 662/662/662 661/661/661
f 661/661/661 662/662/662 663/663/663
f 662/662/662 664/664/664 663/663/663
f 663/663/663 664/664/664 665/665/665
f 664/664/664 666/666/666 665/665/665
f 665/665/665 666/666/666 667/667/667
f 666/666/666 668/668/668 667/667/667
f 667/667/667 668/668/668 669/669/669
f 668/668/668 670/670/670 669/669/669
f 669/669/669 670/670/670 658/658/658
f 670/670/670 657/657/657 658/658/658
f 673/673/673 672/672/672 671/671/671
f 672/672/672 674/674/674 671/671/671
f 675/675/675 672/672/672 673/673/673
f 676/676/676 675/675/675 673/673/673
f 677/677/677 675/675/675 676/676/676
f 678/678/678 677/677/677 676/676/676
f 679/679/679 677/677/677 678/678/678
f 680/680/680 679/679/679 678/678/678
f 681/681/681 679/679/679 680/680/680
f 682/682/682 681/681/681 680/680/680
f 683/683/683 681/681/681 682/682/682
f 684/684/684 683/683/683 682/682/682
f 671/671/671 674/674/674 685/685/685
f 674/674/674 686/686/686 685/685/685
f 685/685/685 686/686/686 687/687/687
f 686/686/686 688/688/688 687/687/687
f 687/687/687 688/688/688 689/689/689
f 688/688/688 690/690/690 689/689/689
f 689/689/689 690/690/690 691/691/691
f 690/690/690 692/692/692 691/691/691
f 691/691/691 692/692/692 693/693/693
f 692/692/692 694/694/694 693/693/693
f 693/693/693 694/694/694 695/695/695
f 695/695/695 694/694/694 696/696/696
f 694/694/694 697/697/697 696/696/696
f 696/696/696 697/697/697 698/698/698
f 697/697/697 699/699/699 698/698/698
f 698/698/698 699/699/699 700/700/700
f 699/699/699 701/701/701 700/700/700
f 700/700/700 701/701/701 702/702/702
f 701/701/701 703/703/703 702/702/702
f 702/702/702 703/703/703 704/704/704
f 703/703/703 705/705/705 704/704/704
f 704/704/704 705/705/705 706/706/706
f 705/705/705 707/707/707 706/706/706
f 706/706/706 707/707/707 708/708/708
f 707/707/707 709/709/709 708/708/708
f 708/708/708 709/709/709 710/710/710
f 709/709/709 711/711/711 710/710/710
f 710/710/710 711/711/711 712/712/712
f 711/711/711 713/713/713 712/712/712
f 712/712/712 713/713/713 714/714/714
f 713/713/713 715/715/715 714/714/714
f 714/714/714 715/715/715 716/716/716
f 715/715/715 717/717/717 716/716/716
f 716/716/716 717/717/717 718/718/718
f 717/717/717 719/719/719 718/718/718
f 718/718/718 719/719/719 720/720/720
f 719/719/719 721/721/721 720/720/720
f 720/720/720 721/721/721 722/722/722
f 721/721/721 723/723/723 722/722/722
f 722/722/722 723/723/723 724/724/724
f 723/723/723 725/725/725 724/724/724
f 724/724/724 725/725/725 726/726/726
f 725/725/725 727/727/727 726/726/726
f 726/726/726 727/727/727 684/684/684
f 727/727/727 683/683/683 684/684/684
f 730/730/730 729/729/729 728/728/728
f 729/729/729 731/731/731 728/728/728
f 732/732/732 729/729/729 730/730/730
f 732/732/732 730/730/730 733/733/733
f 734/734/734 732/732/732 733/733/733
f 735/735/735 734/734/734 733/733/733
f 736/736/736 735/735/735 733/733/733
f 737/737/737 735/735/735 736/736/736
f 738/738/738 737/737/737 736/736/736
f 739/739/739 737/737/737 738/738/738
f 740/740/740 739/739/739 738/738/738
f 728/728/728 731/731/731 741/741/741
f 731/731/731 742/742/742 741/741/741
f 741/741/741 742/742/742 743/743/743
f 742/742/742 744/744/744 743/743/743
f 743/743/743 744/744/744 745/745/745
f 744/744/744 746/746/746 745/745/745
f 745/745/745 746/746/746 747/747/747
f 746/746/746 748/748/748 747/747/747
f 747/747/747 748/748/748 749/749/749
f 748/748/748 750/750/750 749/749/749
f 749/749/749 750/750/750 751/751/751
f 750/750/750 752/752/752 751/751/751
f 751/751/751 752/752/752 753/753/753
f 752/752/752 754/754/754 753/753/753
f 757/757/757 756/756/756 755/755/755
f 756/756/756 758/758/758 755/755/755
f 759/759/759 756/756/756 757/757/757
f 760/760/760 759/759/759 757/757/757
f 761/761/761 759/759/759 760/760/760
f 762/762/762 761/761/761 760/760/760
f 763/763/763 761/761/761 762/762/762
f 764/764/764 763/763/763 762/762/762
f 765/765/765 763/763/763 764/764/764
f 766/766/766 765/765/765 764/764/764
f 767/767/767 765/765/765 766/766/766
f 768/768/768 767/767/767 766/766/766
f 769/769/769 767/767/767 768/768/768
f 770/770/770 769/769/769 768/768/768
f 771/771/771 769/769/769 770/770/770
f 772/772/772 771/771/771 770/770/770
f 773/773/773 771/771/771 772/772/772
f 774/774/774 773/773/773 772/772/772
f 775/775/775 773/773/773 774/774/774
f 776/776/776 775/775/775 774/774/774
f 777/777/777 775/775/775 776/776/776
f 778/778/778 777/777/777 776/776/776
f 779/779/779 777/777/777 778/778/778
f 780/780/780 779/779/779 778/778/778
f 781/781/781 779/779/779 780/780/780
f 782/782/782 781/781/781 780/780/780
f 783/783/783 781/781/781 782/782/782
f 784/784/784 783/783/783 782/782/782
f 785/785/785 783/783/783 784/784/784
f 786/786/786 785/785/785 784/784/784
f 787/787/787 785/785/785 786/786/786
f 788/788/788 787/787/787 786/786/786
f 789/789/789 787/787/787 788/788/788
f 790/790/790 789/789/789 788/788/788
f 791/791/791 789/789/789 790/790/790
f 792/792/792 791/791/791 790/790/790
f 795/795/795 794/794/794 793/793/793
f 794/794/794 796/796/796 793/793/793
f 797/797/797 794/794/794 795/795/795
f 798/798/798 797/797/797 795/795/795
f 799/799/799 797/797/797 798/798/798
f 800/800/800 799/799/799 798/798/798
f 801/801/801 799/799/799 800/800/800
f 802/802/802 801/801/801 800/800/800
f 803/803/803 801/801/801 802/802/802
f 804/804/804 803/803/803 802/802/802
f 805/805/805 803/803/803 804/804/804
f 806/806/806 805/805/805 804/804/804
f 807/807/807 806/806/806 804/804/804
f 810/810/810 809/809/809 808/808/808
f 809/809/809 811/811/811 808/808/808
f 814/814/814 813/813/813 812/812/812
f 815/815/815 813/813/813 814/814/814
f 816/816/816 813/813/813 815/815/815
f 817/817/817 813/813/813 816/816/816
f 818/818/818 813/813/813 817/817/817
f 819/819/819 813/813/813 818/818/818
f 820/820/820 819/819/819 818/818/818
f 821/821/821 819/819/819 820/820/820
f 822/822/822 821/821/821 820/820/820
f 823/823/823 821/821/821 822/822/822
f 824/824/824 823/823/823 822/822/822
f 825/825/825 823/823/823 824/824/824
f 826/826/826 825/825/825 824/824/824
f 812/812/812 813/813/813 827/827/827
f 813/813/813 828/828/828 827/827/827
f 827/827/827 828/828/828 829/829/829
f 828/828/828 830/830/830 829/829/829
f 829/829/829 830/830/830 831/831/831
f 830/830/830 832/832/832 831/831/831
f 831/831/831 832/832/832 833/833/833
f 832/832/832 834/834/834 833/833/833
f 833/833/833 834/834/834 835/835/835
f 834/834/834 836/836/836 835/835/835
f 835/835/835 836/836/836 837/837/837
f 836/836/836 838/838/838 837/837/837
f 837/837/837 838/838/838 839/839/839
f 838/838/838 840/840/840 839/839/839
f 839/839/839 840/840/840 841/841/841
f 840/840/840 842/842/842 841/841/841
f 841/841/841 842/842/842 843/843/843
f 842/842/842 844/844/844 843/843/843
f 843/843/843 844/844/844 845/845/845
f 844/844/844 846/846/846 845/845/845
f 845/845/845 846/846/846 847/847/847
f 846/846/846 848/848/848 847/847/847
f 848/848/848 849/849/849 847/847/847
f 852/852/852 851/851/851 850/850/850
f 853/853/853 851/851/851 852/852/852
f 854/854/854 851/851/851 853/853/853
f 855/855/855 851/851/851 854/854/854
f 856/856/856 851/851/851 855/855/855
f 857/857/857 856/856/856 855/855/855
f 858/858/858 856/856/856 857/857/857
f 859/859/859 858/858/858 857/857/857
f 860/860/860 858/858/858 859/859/859
f 861/861/861 860/860/860 859/859/859
f 862/862/862 860/860/860 861/861/861
f 863/863/863 862/862/862 861/861/861
f 864/864/864 862/862/862 863/863/863
f 865/865/865 864/864/864 863/863/863
f 866/866/866 864/864/864 865/865/865
f 867/867/867 866/866/866 865/865/865
f 868/868/868 866/866/866 867/867/867
f 869/869/869 868/868/868 867/867/867
f 870/870/870 868/868/868 869/869/869
f 871/871/871 870/870/870 869/869/869
f 872/872/872 870/870/870 871/871/871
f 873/873/873 872/872/872 871/871/871
f 874/874/874 872/872/872 873/873/873
f 875/875/875 874/874/874 873/873/873
f 876/876/876 874/874/874 875/875/875
f 877/877/877 874/874/874 876/876/876
f 878/878/878 874/874/874 877/877/877
f 879/879/879 878/878/878 877/877/877
f 880/880/880 878/878/878 879/879/879
f 881/881/881 880/880/880 879/879/879
f 882/882/882 880/880/880 881/881/881
f 883/883/883 882/882/882 881/881/881
f 884/884/884 882/882/882 883/883/883
f 885/885/885 884/884/884 883/883/883
f 886/886/886 884/884/884 885/885/885
f 887/887/887 886/886/886 885/885/885
f 888/888/888 886/886/886 887/887/887
f 889/889/889 888/888/888 887/887/887
f 890/890/890 888/888/888 889/889/889
f 891/891/891 890/890/890 889/889/889
f 892/892/892 890/890/890 891/891/891
f 893/893/893 892/892/892 891/891/891
f 894/894/894 892/892/892 893/893/893
f 895/895/895 894/894/894 893/893/893
f 896/896/896 894/894/894 895/895/895
f 897/897/897 896/896/896 895/895/895
f 898/898/898 896/896/896 897/897/897
f 899/899/899 898/898/898 897/897/897
f 851/851/851 898/898/898 899/899/899
f 850/850/850 851/851/851 899/899/899
f 902/902/902 901/901/901 900/900/900
f 901/901/901 903/903/903 900/900/900
f 904/904/904 901/901/901 902/902/902
f 905/905/905 904/904/904 902/902/902
f 900/900/900 903/903/903 906/906/906
f 903/903/903 907/907/907 906/906/906
f 906/906/906 907/907/907 908/908/908
f 907/907/907 909/909/909 908/908/908
f 908/908/908 909/909/909 910/910/910
f 909/909/909 911/911/911 910/910/910
f 910/910/910 911/911/911 912/912/912
f 911/911/911 913/913/913 912/912/912
f 912/912/912 913/913/913 914/914/914
f 913/913/913 915/915/915 914/914/914
f 914/914/914 915/915/915 916/916/916
f 915/915/915 917/917/917 916/916/916
f 916/916/916 917/917/917 918/918/918
f 917/917/917 919/919/919 918/918/918
f 920/920/920 904/904/904 905/905/905
f 921/921/921 920/920/920 905/905/905
f 924/924/924 923/923/923 922/922/922
f 923/923/923 925/925/925 922/922/922
f 926/926/926 923/923/923 924/924/924
f 927/927/927 926/926/926 924/924/924
f 928/928/928 926/926/926 927/927/927
f 929/929/929 928/928/928 927/927/927
f 930/930/930 928/928/928 929/929/929
f 931/931/931 930/930/930 929/929/929
f 932/932/932 930/930/930 931/931/931
f 933/933/933 932/932/932 931/931/931
f 922/922/922 925/925/925 934/934/934
f 925/925/925 935/935/935 934/934/934
f 934/934/934 935/935/935 936/936/936
f 935/935/935 937/937/937 936/936/936
f 936/936/936 937/937/937 938/938/938
f 937/937/937 939/939/939 938/938/938
f 938/938/938 939/939/939 940/940/940
f 939/939/939 941/941/941 940/940/940
f 940/940/940 941/941/941 942/942/942
f 941/941/941 943/943/943 942/942/942
f 942/942/942 943/943/943 944/944/944
f 943/943/943 945/945/945 944/944/944
f 944/944/944 945/945/945 946/946/946
f 945/945/945 947/947/947 946/946/946
f 946/946/946 947/947/947 948/948/948
f 947/947/947 949/949/949 948/948/948
f 948/948/948 949/949/949 950/950/950
f 949/949/949 951/951/951 950/950/950
f 950/950/950 951/951/951 952/952/952
f 951/951/951 953/953/953 952/952/952
f 952/952/952 953/953/953 954/954/954
f 953/953/953 955/955/955 954/954/954
f 954/954/954 955/955/955 956/956/956
f 955/955/955 957/957/957 956/956/956
f 957/957/957 958/958/958 956/956/956
f 956/956/956 958/958/958 959/959/959
f 958/958/958 960/960/960 959/959/959
f 959/959/959 960/960/960 961/961/961
f 960/960/960 962/962/962 961/961/961
f 961/961/961 962/962/962 963/963/963
f 962/962/962 964/964/964 963/963/963
f 963/963/963 964/964/964 965/965/965
f 964/964/964 966/966/966 965/965/965
f 965/965/965 966/966/966 967/967/967
f 966/966/966 968/968/968 967/967/967
f 967/967/967 968/968/968 969/969/969
f 968/968/968 970/970/970 969/969/969
f 969/969/969 970/970/970 971/971/971
f 970/970/970 972/972/972 971/971/971
f 971/971/971 972/972/972 973/973/973
f 972/972/972 974/974/974 973/973/973
f 973/973/973 974/974/974 975/975/975
f 974/974/974 976/976/976 975/975/975
f 975/975/975 976/976/976 933/933/933
f 976/976/976 932/932/932 933/933/933
f 979/979/979 978/978/978 977/977/977
f 978/978/978 980/980/980 977/977/977
f 983/983/983 982/982/982 981/981/981
f 982/982/982 984/984/984 981/981/981
f 981/981/981 984/984/984 985/985/985
f 984/984/984 986/986/986 985/985/985
f 985/985/985 986/986/986 987/987/987
f 987/987/987 986/986/986 988/988/988
f 988/988/988 986/986/986 989/989/989
f 989/989/989 986/986/986 990/990/990
f 993/993/993 992/992/992 991/991/991
f 994/994/994 992/992/992 993/993/993
f 995/995/995 992/992/992 994/994/994
f 996/996/996 992/992/992 995/995/995
f 997/997/997 996/996/996 995/995/995
f 998/998/998 996/996/996 997/997/997
f 999/999/999 998/998/998 997/997/997
f 1000/1000/1000 998/998/998 999/999/999
f 1001/1001/1001 1000/1000/1000 999/999/999
f 1002/1002/1002 1000/1000/1000 1001/1001/1001
f 1003/1003/1003 1002/1002/1002 1001/1001/1001
f 1006/1006/1006 1005/1005/1005 1004/1004/1004
f 1005/1005/1005 1007/1007/1007 1004/1004/1004
f 1008/1008/1008 1005/1005/1005 1006/1006/1006
f 1009/1009/1009 1008/1008/1008 1006/1006/1006
f 1010/1010/1010 1008/1008/1008 1009/1009/1009
f 1011/1011/1011 1010/1010/1010 1009/1009/1009
f 1012/1012/1012 1010/1010/1010 1011/1011/1011
f 1013/1013/1013 1012/1012/1012 1011/1011/1011
f 1014/1014/1014 1012/1012/1012 1013/1013/1013
f 1015/1015/1015 1014/1014/1014 1013/1013/1013
f 1016/1016/1016 1014/1014/1014 1015/1015/1015
f 1017/1017/1017 1016/1016/1016 1015/1015/1015
f 1004/1004/1004 1007/1007/1007 1018/1018/1018
f 1007/1007/1007 1019/1019/1019 1018/1018/1018
f 1018/1018/1018 1019/1019/1019 1020/1020/1020
f 1019/1019/1019 1021/1021/1021 1020/1020/1020
f 1020/1020/1020 1021/1021/1021 1022/1022/1022
f 1021/1021/1021 1023/1023/1023 1022/1022/1022
f 1023/1023/1023 1024/1024/1024 1022/1022/1022
f 1027/1027/1027 1026/1026/1026 1025/1025/1025
f 1026/1026/1026 1028/1028/1028 1025/1025/1025
f 1029/1029/1029 1026/1026/1026 1027/1027/1027
f 1030/1030/1030 1029/1029/1029 1027/1027/1027
f 1031/1031/1031 1029/1029/1029 1030/1030/1030
f 1032/1032/1032 1031/1031/1031 1030/1030/1030
f 1033/1033/1033 1031/1031/1031 1032/1032/1032
f 1036/1036/1036 1035/1035/1035 1034/1034/1034
f 1035/1035/1035 1037/1037/1037 1034/1034/1034
f 1038/1038/1038 1035/1035/1035 1036/1036/1036
f 1039/1039/1039 1038/1038/1038 1036/1036/1036
f 1040/1040/1040 1038/1038/1038 1039/1039/1039
f 1041/1041/1041 1040/1040/1040 1039/1039/1039
f 1044/1044/1044 1043/1043/1043 1042/1042/1042
f 1043/1043/1043 1045/1045/1045 1042/1042/1042
f 1048/1048/1048 1047/1047/1047 1046/1046/1046
f 1049/1049/1049 1047/1047/1047 1048/1048/1048
f 1050/1050/1050 1047/1047/1047 1049/1049/1049
f 1051/1051/1051 1047/1047/1047 1050/1050/1050
f 1046/1046/1046 1047/1047/1047 1052/1052/1052
f 1047/1047/1047 1053/1053/1053 1052/1052/1052
f 1052/1052/1052 1053/1053/1053 1054/1054/1054
f 1053/1053/1053 1055/1055/1055 1054/1054/1054
f 1054/1054/1054 1055/1055/1055 1056/1056/1056
f 1055/1055/1055 1057/1057/1057 1056/1056/1056
f 1056/1056/1056 1057/1057/1057 1058/1058/1058
f 1057/1057/1057 1059/1059/1059 1058/1058/1058
f 1058/1058/1058 1059/1059/1059 1060/1060/1060
f 1060/1060/1060 1059/1059/1059 1061/1061/1061
f 1061/1061/1061 1059/1059/1059 1062/1062/1062
f 1059/1059/1059 1063/1063/1063 1062/1062/1062
f 1062/1062/1062 1063/1063/1063 1064/1064/1064
f 1063/1063/1063 1065/1065/1065 1064/1064/1064
f 1064/1064/1064 1065/1065/1065 1066/1066/1066
f 1066/1066/1066 1065/1065/1065 1067/1067/1067
f 1067/1067/1067 1065/1065/1065 1068/1068/1068
f 1068/1068/1068 1065/1065/1065 1069/1069/1069
f 1069/1069/1069 1065/1065/1065 1070/1070/1070
f 1073/1073/1073 1072/1072/1072 1071/1071/1071
f 1072/1072/1072 1074/1074/1074 1071/1071/1071
f 1075/1075/1075 1072/1072/1072 1073/1073/1073
f 1071/1071/1071 1074/1074/1074 1076/1076/1076
f 1074/1074/1074 1077/1077/1077 1076/1076/1076
f 1076/1076/1076 1077/1077/1077 1078/1078/1078
f 1078/1078/1078 1077/1077/1077 1079/1079/1079
f 1079/1079/1079 1077/1077/1077 1080/1080/1080
f 1080/1080/1080 1077/1077/1077 1081/1081/1081
f 1081/1081/1081 1077/1077/1077 1082/1082/1082
f 1082/1082/1082 1077/1077/1077 1083/1083/1083
f 1077/1077/1077 1084/1084/1084 1083/1083/1083
f 1083/1083/1083 1084/1084/1084 1085/1085/1085
f 1084/1084/1084 1086/1086/1086 1085/1085/1085
f 1085/1085/1085 1086/1086/1086 1087/1087/1087
f 1086/1086/1086 1088/1088/1088 1087/1087/1087
f 1087/1087/1087 1088/1088/1088 1089/1089/1089
f 1088/1088/1088 1090/1090/1090 1089/1089/1089
f 1089/1089/1089 1090/1090/1090 1091/1091/1091
f 1090/1090/1090 1092/1092/1092 1091/1091/1091
f 1095/1095/1095 1094/1094/1094 1093/1093/1093
f 1096/1096/1096 1094/1094/1094 1095/1095/1095
f 1097/1097/1097 1094/1094/1094 1096/1096/1096
f 1098/1098/1098 1097/1097/1097 1096/1096/1096
f 1099/1099/1099 1097/1097/1097 1098/1098/1098
f 1100/1100/1100 1099/1099/1099 1098/1098/1098
f 1101/1101/1101 1099/1099/1099 1100/1100/1100
f 1102/1102/1102 1101/1101/1101 1100/1100/1100
f 1103/1103/1103 1101/1101/1101 1102/1102/1102
f 1104/1104/1104 1103/1103/1103 1102/1102/1102
f 1105/1105/1105 1103/1103/1103 1104/1104/1104
f 1106/1106/1106 1105/1105/1105 1104/1104/1104
f 1107/1107/1107 1105/1105/1105 1106/1106/1106
f 1108/1108/1108 1107/1107/1107 1106/1106/1106
f 1109/1109/1109 1107/1107/1107 1108/1108/1108
f 1110/1110/1110 1109/1109/1109 1108/1108/1108
f 1111/1111/1111 1109/1109/1109 1110/1110/1110
f 1112/1112/1112 1111/1111/1111 1110/1110/1110
f 1115/1115/1115 1114/1114/1114 1113/1113/1113
f 1114/1114/1114 1116/1116/1116 1113/1113/1113
f 1114/1114/1114 1117/1117/1117 1116/1116/1116
f 1118/1118/1118 1115/1115/1115 1113/1113/1113
f 1119/1119/1119 1118/1118/1118 1113/1113/1113
f 1120/1120/1120 1118/1118/1118 1119/1119/1119
f 1121/1121/1121 1120/1120/1120 1119/1119/1119
f 1122/1122/1122 1120/1120/1120 1121/1121/1121
f 1123/1123/1123 1122/1122/1122 1121/1121/1121
f 1124/1124/1124 1122/1122/1122 1123/1123/1123
f 1125/1125/1125 1124/1124/1124 1123/1123/1123
f 1126/1126/1126 1124/1124/1124 1125/1125/1125
f 1127/1127/1127 1126/1126/1126 1125/1125/1125
f 1128/1128/1128 1126/1126/1126 1127/1127/1127
f 1129/1129/1129 1128/1128/1128 1127/1127/1127
f 1130/1130/1130 1128/1128/1128 1129/1129/1129
f 1131/1131/1131 1130/1130/1130 1129/1129/1129
f 1132/1132/1132 1130/1130/1130 1131/1131/1131
f 1133/1133/1133 1132/1132/1132 1131/1131/1131
f 1134/1134/1134 1132/1132/1132 1133/1133/1133
f 1135/1135/1135 1132/1132/1132 1134/1134/1134
f 1136/1136/1136 1132/1132/1132 1135/1135/1135
f 1137/1137/1137 1132/1132/1132 1136/1136/1136
f 1138/1138/1138 1132/1132/1132 1137/1137/1137
f 1139/1139/1139 1132/1132/1132 1138/1138/1138
f 1142/1142/1142 1141/1141/1141 1140/1140/1140
f 1143/1143/1143 1141/1141/1141 1142/1142/1142
f 1144/1144/1144 1143/1143/1143 1142/1142/1142
f 1145/1145/1145 1143/1143/1143 1144/1144/1144
f 1146/1146/1146 1145/1145/1145 1144/1144/1144
f 1147/1147/1147 1145/1145/1145 1146/1146/1146
f 1148/1148/1148 1147/1147/1147 1146/1146/1146
f 1149/1149/1149 1147/1147/1147 1148/1148/1148
f 1150/1150/1150 1149/1149/1149 1148/1148/1148
f 1153/1153/1153 1152/1152/1152 1151/1151/1151
f 1152/1152/1152 1154/1154/1154 1151/1151/1151
f 1157/1157/1157 1156/1156/1156 1155/1155/1155
f 1156/1156/1156 1158/1158/1158 1155/1155/1155
f 1159/1159/1159 1156/1156/1156 1157/1157/1157
f 1160/1160/1160 1159/1159/1159 1157/1157/1157
f 1161/1161/1161 1159/1159/1159 1160/1160/1160
f 1162/1162/1162 1161/1161/1161 1160/1160/1160
f 1163/1163/1163 1161/1161/1161 1162/1162/1162
f 1164/1164/1164 1163/1163/1163 1162/1162/1162
f 1165/1165/1165 1163/1163/1163 1164/1164/1164
f 1166/1166/1166 1165/1165/1165 1164/1164/1164
f 1167/1167/1167 1165/1165/1165 1166/1166/1166
f 1168/1168/1168 1167/1167/1167 1166/1166/1166
f 1169/1169/1169 1167/1167/1167 1168/1168/1168
f 1170/1170/1170 1169/1169/1169 1168/1168/1168
f 1171/1171/1171 1169/1169/1169 1170/1170/1170
f 1172/1172/1172 1171/1171/1171 1170/1170/1170
f 1173/1173/1173 1171/1171/1171 1172/1172/1172
f 1174/1174/1174 1173/1173/1173 1172/1172/1172
f 1175/1175/1175 1173/1173/1173 1174/1174/1174
f 1176/1176/1176 1175/1175/1175 1174/1174/1174
f 1177/1177/1177 1175/1175/1175 1176/1176/1176
f 1178/1178/1178 1177/1177/1177 1176/1176/1176
f 1179/1179/1179 1177/1177/1177 1178/1178/1178
f 1180/1180/1180 1179/1179/1179 1178/1178/1178
f 1181/1181/1181 1179/1179/1179 1180/1180/1180
f 1182/1182/1182 1181/1181/1181 1180/1180/1180
f 1183/1183/1183 1181/1181/1181 1182/1182/1182
f 1183/1183/1183 1182/1182/1182 1184/1184/1184
f 1185/1185/1185 1183/1183/1183 1184/1184/1184
f 1186/1186/1186 1185/1185/1185 1184/1184/1184
f 1187/1187/1187 1186/1186/1186 1184/1184/1184
f 1188/1188/1188 1186/1186/1186 1187/1187/1187
f 1189/1189/1189 1188/1188/1188 1187/1187/1187
f 1190/1190/1190 1188/1188/1188 1189/1189/1189
f 1191/1191/1191 1190/1190/1190 1189/1189/1189
f 1192/1192/1192 1190/1190/1190 1191/1191/1191
f 1193/1193/1193 1192/1192/1192 1191/1191/1191
f 1194/1194/1194 1192/1192/1192 1193/1193/1193
f 1195/1195/1195 1194/1194/1194 1193/1193/1193
f 1196/1196/1196 1194/1194/1194 1195/1195/1195
f 1197/1197/1197 1194/1194/1194 1196/1196/1196
f 1198/1198/1198 1194/1194/1194 1197/1197/1197
f 1199/1199/1199 1194/1194/1194 1198/1198/1198
f 1200/1200/1200 1194/1194/1194 1199/1199/1199
f 1201/1201/1201 1200/1200/1200 1199/1199/1199
f 1158/1158/1158 1200/1200/1200 1201/1201/1201
f 1155/1155/1155 1158/1158/1158 1201/1201/1201
f 1204/1204/1204 1203/1203/1203 1202/1202/1202
f 1203/1203/1203 1205/1205/1205 1202/1202/1202
f 1206/1206/1206 1203/1203/1203 1204/1204/1204
f 1207/1207/1207 1206/1206/1206 1204/1204/1204
f 1208/1208/1208 1206/1206/1206 1207/1207/1207
f 1209/1209/1209 1208/1208/1208 1207/1207/1207
f 1210/1210/1210 1208/1208/1208 1209/1209/1209
f 1211/1211/1211 1210/1210/1210 1209/1209/1209
f 1202/1202/1202 1205/1205/1205 1212/1212/1212
f 1205/1205/1205 1213/1213/1213 1212/1212/1212
f 1212/1212/1212 1213/1213/1213 1214/1214/1214
f 1213/1213/1213 1215/1215/1215 1214/1214/1214
f 1214/1214/1214 1215/1215/1215 1216/1216/1216
f 1215/1215/1215 1217/1217/1217 1216/1216/1216
f 1216/1216/1216 1217/1217/1217 1218/1218/1218
f 1217/1217/1217 1219/1219/1219 1218/1218/1218
f 1218/1218/1218 1219/1219/1219 1220/1220/1220
f 1219/1219/1219 1221/1221/1221 1220/1220/1220
f 1221/1221/1221 1222/1222/1222 1220/1220/1220
f 1220/1220/1220 1222/1222/1222 1223/1223/1223
f 1222/1222/1222 1224/1224/1224 1223/1223/1223
f 1227/1227/1227 1226/1226/1226 1225/1225/1225
f 1226/1226/1226 1228/1228/1228 1225/1225/1225
f 1229/1229/1229 1226/1226/1226 1227/1227/1227
f 1230/1230/1230 1229/1229/1229 1227/1227/1227
f 1231/1231/1231 1229/1229/1229 1230/1230/1230
f 1232/1232/1232 1231/1231/1231 1230/1230/1230
f 1233/1233/1233 1231/1231/1231 1232/1232/1232
f 1234/1234/1234 1233/1233/1233 1232/1232/1232
f 1235/1235/1235 1233/1233/1233 1234/1234/1234
f 1236/1236/1236 1233/1233/1233 1235/1235/1235
f 1239/1239/1239 1238/1238/1238 1237/1237/1237
f 1238/1238/1238 1240/1240/1240 1237/1237/1237
f 1243/1243/1243 1242/1242/1242 1241/1241/1241
f 1242/1242/1242 1244/1244/1244 1241/1241/1241
f 1245/1245/1245 1242/1242/1242 1243/1243/1243
f 1241/1241/1241 1244/1244/1244 1246/1246/1246
f 1244/1244/1244 1247/1247/1247 1246/1246/1246
f 1246/1246/1246 1247/1247/1247 1248/1248/1248
f 1248/1248/1248 1247/1247/1247 1249/1249/1249
f 1249/1249/1249 1247/1247/1247 1250/1250/1250
f 1250/1250/1250 1247/1247/1247 1251/1251/1251
f 1251/1251/1251 1247/1247/1247 1252/1252/1252
f 1255/1255/1255 1254/1254/1254 1253/1253/1253
f 1254/1254/1254 1256/1256/1256 1253/1253/1253
f 1257/1257/1257 1254/1254/1254 1255/1255/1255
f 1258/1258/1258 1257/1257/1257 1255/1255/1255
f 1259/1259/1259 1257/1257/1257 1258/1258/1258
f 1260/1260/1260 1259/1259/1259 1258/1258/1258
f 1253/1253/1253 1256/1256/1256 1261/1261/1261
f 1256/1256/1256 1262/1262/1262 1261/1261/1261
f 1261/1261/1261 1262/1262/1262 1263/1263/1263
f 1262/1262/1262 1264/1264/1264 1263/1263/1263
f 1263/1263/1263 1264/1264/1264 1265/1265/1265
f 1264/1264/1264 1266/1266/1266 1265/1265/1265
f 1269/1269/1269 1268/1268/1268 1267/1267/1267
f 1268/1268/1268 1270/1270/1270 1267/1267/1267
f 1267/1267/1267 1270/1270/1270 1271/1271/1271
f 1270/1270/1270 1272/1272/1272 1271/1271/1271
f 1271/1271/1271 1272/1272/1272 1273/1273/1273
f 1272/1272/1272 1274/1274/1274 1273/1273/1273
f 1273/1273/1273 1274/1274/1274 1275/1275/1275
f 1274/1274/1274 1276/1276/1276 1275/1275/1275
f 1275/1275/1275 1276/1276/1276 1277/1277/1277
f 1276/1276/1276 1278/1278/1278 1277/1277/1277
f 1277/1277/1277 1278/1278/1278 1279/1279/1279
f 1278/1278/1278 1280/1280/1280 1279/1279/1279
f 1279/1279/1279 1280/1280/1280 1281/1281/1281
f 1280/1280/1280 1282/1282/1282 1281/1281/1281
f 1285/1285/1285 1284/1284/1284 1283/1283/1283
f 1284/1284/1284 1286/1286/1286 1283/1283/1283
f 1287/1287/1287 1284/1284/1284 1285/1285/1285
f 1288/1288/1288 1287/1287/1287 1285/1285/1285
f 1289/1289/1289 1287/1287/1287 1288/1288/1288
f 1290/1290/1290 1289/1289/1289 1288/1288/1288
f 1291/1291/1291 1289/1289/1289 1290/1290/1290
f 1292/1292/1292 1291/1291/1291 1290/1290/1290
f 1293/1293/1293 1291/1291/1291 1292/1292/1292
f 1294/1294/1294 1293/1293/1293 1292/1292/1292
f 1295/1295/1295 1293/1293/1293 1294/1294/1294
f 1296/1296/1296 1295/1295/1295 1294/1294/1294
f 1297/1297/1297 1295/1295/1295 1296/1296/1296
f 1298/1298/1298 1297/1297/1297 1296/1296/1296
f 1299/1299/1299 1297/1297/1297 1298/1298/1298
f 1300/1300/1300 1299/1299/1299 1298/1298/1298
f 1301/1301/1301 1299/1299/1299 1300/1300/1300
f 1302/1302/1302 1301/1301/1301 1300/1300/1300
f 1303/1303/1303 1301/1301/1301 1302/1302/1302
f 1304/1304/1304 1303/1303/1303 1302/1302/1302
f 1307/1307/1307 1306/1306/1306 1305/1305/1305
f 1308/1308/1308 1306/1306/1306 1307/1307/1307
f 1309/1309/1309 1306/1306/1306 1308/1308/1308
f 1310/1310/1310 1306/1306/1306 1309/1309/1309
f 1311/1311/1311 1306/1306/1306 1310/1310/1310
f 1312/1312/1312 1311/1311/1311 1310/1310/1310
f 1313/1313/1313 1311/1311/1311 1312/1312/1312
f 1314/1314/1314 1313/1313/1313 1312/1312/1312
f 1315/1315/1315 1313/1313/1313 1314/1314/1314
f 1316/1316/1316 1315/1315/1315 1314/1314/1314
f 1317/1317/1317 1315/1315/1315 1316/1316/1316
f 1318/1318/1318 1317/1317/1317 1316/1316/1316
f 1319/1319/1319 1317/1317/1317 1318/1318/1318
f 1320/1320/1320 1319/1319/1319 1318/1318/1318
f 1321/1321/1321 1319/1319/1319 1320/1320/1320
f 1322/1322/1322 1321/1321/1321 1320/1320/1320
f 1325/1325/1325 1324/1324/1324 1323/1323/1323
f 1324/1324/1324 1326/1326/1326 1323/1323/1323
f 1327/1327/1327 1324/1324/1324 1325/1325/1325
f 1328/1328/1328 1327/1327/1327 1325/1325/1325
f 1323/1323/1323 1326/1326/1326 1329/1329/1329
f 1326/1326/1326 1330/1330/1330 1329/1329/1329
f 1329/1329/1329 1330/1330/1330 1331/1331/1331
f 1330/1330/1330 1332/1332/1332 1331/1331/1331
f 1331/1331/1331 1332/1332/1332 1333/1333/1333
f 1332/1332/1332 1334/1334/1334 1333/1333/1333
f 1333/1333/1333 1334/1334/1334 1335/1335/1335
f 1334/1334/1334 1336/1336/1336 1335/1335/1335
f 1335/1335/1335 1336/1336/1336 1337/1337/1337
f 1336/1336/1336 1338/1338/1338 1337/1337/1337
f 1337/1337/1337 1338/1338/1338 1339/1339/1339
f 1338/1338/1338 1340/1340/1340 1339/1339/1339
f 1339/1339/1339 1340/1340/1340 1341/1341/1341
f 1340/1340/1340 1342/1342/1342 1341/1341/1341
f 1341/1341/1341 1342/1342/1342 1343/1343/1343
f 1342/1342/1342 1344/1344/1344 1343/1343/1343
f 1343/1343/1343 1344/1344/1344 1345/1345/1345
f 1344/1344/1344 1346/1346/1346 1345/1345/1345
f 1345/1345/1345 1346/1346/1346 1347/1347/1347
f 1346/1346/1346 1348/1348/1348 1347/1347/1347
f 1351/1351/1351 1350/1350/1350 1349/1349/1349
f 1350/1350/1350 1352/1352/1352 1349/1349/1349
f 1353/1353/1353 1350/1350/1350 1351/1351/1351
f 1354/1354/1354 1353/1353/1353 1351/1351/1351
f 1355/1355/1355 1353/1353/1353 1354/1354/1354
f 1356/1356/1356 1355/1355/1355 1354/1354/1354
f 1357/1357/1357 1355/1355/1355 1356/1356/1356
f 1358/1358/1358 1357/1357/1357 1356/1356/1356
f 1359/1359/1359 1357/1357/1357 1358/1358/1358
f 1360/1360/1360 1359/1359/1359 1358/1358/1358
f 1349/1349/1349 1352/1352/1352 1361/1361/1361
f 1352/1352/1352 1362/1362/1362 1361/1361/1361
f 1361/1361/1361 1362/1362/1362 1363/1363/1363
f 1362/1362/1362 1364/1364/1364 1363/1363/1363
f 1363/1363/1363 1364/1364/1364 1365/1365/1365
f 1365/1365/1365 1364/1364/1364 1366/1366/1366
f 1366/1366/1366 1364/1364/1364 1367/1367/1367
f 1368/1368/1368 1359/1359/1359 1360/1360/1360
f 1369/1369/1369 1368/1368/1368 1360/1360/1360
f 1370/1370/1370 1368/1368/1368 1369/1369/1369
f 1371/1371/1371 1370/1370/1370 1369/1369/1369
f 1372/1372/1372 1370/1370/1370 1371/1371/1371
f 1373/1373/1373 1372/1372/1372 1371/1371/1371
f 1374/1374/1374 1372/1372/1372 1373/1373/1373
f 1375/1375/1375 1374/1374/1374 1373/1373/1373
f 1376/1376/1376 1374/1374/1374 1375/1375/1375
f 1377/1377/1377 1376/1376/1376 1375/1375/1375
f 1378/1378/1378 1376/1376/1376 1377/1377/1377
f 1379/1379/1379 1378/1378/1378 1377/1377/1377
f 1380/1380/1380 1378/1378/1378 1379/1379/1379
f 1381/1381/1381 1380/1380/1380 1379/1379/1379
f 1382/1382/1382 1380/1380/1380 1381/1381/1381
f 1383/1383/1383 1382/1382/1382 1381/1381/1381
f 1384/1384/1384 1382/1382/1382 1383/1383/1383
f 1385/1385/1385 1384/1384/1384 1383/1383/1383
f 1386/1386/1386 1384/1384/1384 1385/1385/1385
f 1387/1387/1387 1386/1386/1386 1385/1385/1385
f 1388/1388/1388 1387/1387/1387 1385/1385/1385
f 1389/1389/1389 1387/1387/1387 1388/1388/1388
f 1390/1390/1390 1389/1389/1389 1388/1388/1388
f 1391/1391/1391 1389/1389/1389 1390/1390/1390
f 1392/1392/1392 1391/1391/1391 1390/1390/1390
f 1393/1393/1393 1391/1391/1391 1392/1392/1392
f 1394/1394/1394 1393/1393/1393 1392/1392/1392
f 1395/1395/1395 1393/1393/1393 1394/1394/1394
f 1396/1396/1396 1395/1395/1395 1394/1394/1394
f 1399/1399/1399 1398/1398/1398 1397/1397/1397
f 1398/1398/1398 1400/1400/1400 1397/1397/1397
f 1401/1401/1401 1398/1398/1398 1399/1399/1399
f 1402/1402/1402 1401/1401/1401 1399/1399/1399
f 1403/1403/1403 1401/1401/1401 1402/1402/1402
f 1404/1404/1404 1401/1401/1401 1403/1403/1403
f 1405/1405/1405 1401/1401/1401 1404/1404/1404
f 1406/1406/1406 1401/1401/1401 1405/1405/1405
f 1407/1407/1407 1401/1401/1401 1406/1406/1406
f 1408/1408/1408 1401/1401/1401 1407/1407/1407
f 1409/1409/1409 1408/1408/1408 1407/1407/1407
f 1410/1410/1410 1408/1408/1408 1409/1409/1409
f 1411/1411/1411 1410/1410/1410 1409/1409/1409
f 1412/1412/1412 1410/1410/1410 1411/1411/1411
f 1413/1413/1413 1412/1412/1412 1411/1411/1411
f 1414/1414/1414 1412/1412/1412 1413/1413/1413
f 1415/1415/1415 1414/1414/1414 1413/1413/1413
f 1416/1416/1416 1414/1414/1414 1415/1415/1415
f 1417/1417/1417 1416/1416/1416 1415/1415/1415
f 1420/1420/1420 1419/1419/1419 1418/1418/1418
f 1419/1419/1419 1421/1421/1421 1418/1418/1418
f 1424/1424/1424 1423/1423/1423 1422/1422/1422
f 1425/1425/1425 1423/1423/1423 1424/1424/1424
f 1426/1426/1426 1423/1423/1423 1425/1425/1425
f 1427/1427/1427 1423/1423/1423 1426/1426/1426
f 1428/1428/1428 1423/1423/1423 1427/1427/1427
f 1429/1429/1429 1428/1428/1428 1427/1427/1427
f 1422/1422/1422 1423/1423/1423 1430/1430/1430
f 1423/1423/1423 1431/1431/1431 1430/1430/1430
f 1430/1430/1430 1431/1431/1431 1432/1432/1432
f 1431/1431/1431 1433/1433/1433 1432/1432/1432
f 1432/1432/1432 1433/1433/1433 1434/1434/1434
f 1435/1435/1435 1428/1428/1428 1429/1429/1429
f 1436/1436/1436 1435/1435/1435 1429/1429/1429
f 1439/1439/1439 1438/1438/1438 1437/1437/1437
f 1438/1438/1438 1440/1440/1440 1437/1437/1437
f 1443/1443/1443 1442/1442/1442 1441/1441/1441
f 1444/1444/1444 1442/1442/1442 1443/1443/1443
f 1441/1441/1441 1442/1442/1442 1445/1445/1445
f 1442/1442/1442 1446/1446/1446 1445/1445/1445
f 1445/1445/1445 1446/1446/1446 1447/1447/1447
f 1447/1447/1447 1446/1446/1446 1448/1448/1448
f 1448/1448/1448 1446/1446/1446 1449/1449/1449
f 1449/1449/1449 1446/1446/1446 1450/1450/1450
f 1453/1453/1453 1452/1452/1452 1451/1451/1451
f 1452/1452/1452 1454/1454/1454 1451/1451/1451
f 1455/1455/1455 1452/1452/1452 1453/1453/1453
f 1451/1451/1451 1454/1454/1454 1456/1456/1456
f 1454/1454/1454 1457/1457/1457 1456/1456/1456
f 1456/1456/1456 1457/1457/1457 1458/1458/1458
f 1457/1457/1457 1459/1459/1459 1458/1458/1458
f 1458/1458/1458 1459/1459/1459 1460/1460/1460
f 1459/1459/1459 1461/1461/1461 1460/1460/1460
f 1460/1460/1460 1461/1461/1461 1462/1462/1462
f 1461/1461/1461 1463/1463/1463 1462/1462/1462
f 1466/1466/1466 1465/1465/1465 1464/1464/1464
f 1465/1465/1465 1467/1467/1467 1464/1464/1464
f 1468/1468/1468 1465/1465/1465 1466/1466/1466
f 1469/1469/1469 1468/1468/1468 1466/1466/1466
f 1470/1470/1470 1468/1468/1468 1469/1469/1469
f 1471/1471/1471 1470/1470/1470 1469/1469/1469
f 1472/1472/1472 1470/1470/1470 1471/1471/1471
f 1475/1475/1475 1474/1474/1474 1473/1473/1473
f 1476/1476/1476 1474/1474/1474 1475/1475/1475
f 1477/1477/1477 1476/1476/1476 1475/1475/1475
f 1478/1478/1478 1476/1476/1476 1477/1477/1477
f 1479/1479/1479 1478/1478/1478 1477/1477/1477
f 1480/1480/1480 1478/1478/1478 1479/1479/1479
f 1481/1481/1481 1480/1480/1480 1479/1479/1479
f 1482/1482/1482 1480/1480/1480 1481/1481/1481
f 1483/1483/1483 1482/1482/1482 1481/1481/1481
f 1484/1484/1484 1482/1482/1482 1483/1483/1483
f 1485/1485/1485 1484/1484/1484 1483/1483/1483
f 1486/1486/1486 1484/1484/1484 1485/1485/1485
f 1487/1487/1487 1486/1486/1486 1485/1485/1485
f 1488/1488/1488 1486/1486/1486 1487/1487/1487
f 1489/1489/1489 1488/1488/1488 1487/1487/1487
f 1492/1492/1492 1491/1491/1491 1490/1490/1490
f 1491/1491/1491 1493/1493/1493 1490/1490/1490
f 1496/1496/1496 1495/1495/1495 1494/1494/1494
f 1497/1497/1497 1495/1495/1495 1496/1496/1496
f 1494/1494/1494 1495/1495/1495 1498/1498/1498
f 1495/1495/1495 1499/1499/1499 1498/1498/1498
f 1498/1498/1498 1499/1499/1499 1500/1500/1500
f 1499/1499/1499 1501/1501/1501 1500/1500/1500
f 1500/1500/1500 1501/1501/1501 1502/1502/1502
f 1501/1501/1501 1503/1503/1503 1502/1502/1502
f 1502/1502/1502 1503/1503/1503 1504/1504/1504
f 1503/1503/1503 1505/1505/1505 1504/1504/1504
f 1504/1504/1504 1505/1505/1505 1506/1506/1506
f 1505/1505/1505 1507/1507/1507 1506/1506/1506
f 1506/1506/1506 1507/1507/1507 1508/1508/1508
f 1507/1507/1507 1509/1509/1509 1508/1508/1508
f 1508/1508/1508 1509/1509/1509 1510/1510/1510
f 1509/1509/1509 1511/1511/1511 1510/1510/1510
f 1514/1514/1514 1513/1513/1513 1512/1512/1512
f 1513/1513/1513 1515/1515/1515 1512/1512/1512
f 1516/1516/1516 1513/1513/1513 1514/1514/1514
f 1517/1517/1517 1516/1516/1516 1514/1514/1514
f 1518/1518/1518 1516/1516/1516 1517/1517/1517
f 1519/1519/1519 1518/1518/1518 1517/1517/1517
f 1520/1520/1520 1518/1518/1518 1519/1519/1519
f 1521/1521/1521 1520/1520/1520 1519/1519/1519
f 1512/1512/1512 1515/1515/1515 1522/1522/1522
f 1515/1515/1515 1523/1523/1523 1522/1522/1522
f 1522/1522/1522 1523/1523/1523 1524/1524/1524
f 1523/1523/1523 1525/1525/1525 1524/1524/1524
f 1528/1528/1528 1527/1527/1527 1526/1526/1526
f 1527/1527/1527 1529/1529/1529 1526/1526/1526
f 1532/1532/1532 1531/1531/1531 1530/1530/1530
f 1531/1531/1531 1533/1533/1533 1530/1530/1530
f 1534/1534/1534 1531/1531/1531 1532/1532/1532
f 1535/1535/1535 1534/1534/1534 1532/1532/1532
f 1536/1536/1536 1534/1534/1534 1535/1535/1535
f 1537/1537/1537 1536/1536/1536 1535/1535/1535
f 1538/1538/1538 1536/1536/1536 1537/1537/1537
f 1539/1539/1539 1538/1538/1538 1537/1537/1537
f 1540/1540/1540 1538/1538/1538 1539/1539/1539
f 1541/1541/1541 1540/1540/1540 1539/1539/1539
f 1542/1542/1542 1540/1540/1540 1541/1541/1541
f 1543/1543/1543 1542/1542/1542 1541/1541/1541
f 1530/1530/1530 1533/1533/1533 1544/1544/1544
f 1533/1533/1533 1545/1545/1545 1544/1544/1544
f 1544/1544/1544 1545/1545/1545 1546/1546/1546
f 1545/1545/1545 1547/1547/1547 1546/1546/1546
f 1546/1546/1546 1547/1547/1547 1548/1548/1548
f 1547/1547/1547 1549/1549/1549 1548/1548/1548
f 1548/1548/1548 1549/1549/1549 1550/1550/1550
f 1549/1549/1549 1551/1551/1551 1550/1550/1550
f 1550/1550/1550 1551/1551/1551 1552/1552/1552
f 1551/1551/1551 1553/1553/1553 1552/1552/1552
f 1552/1552/1552 1553/1553/1553 1554/1554/1554
f 1553/1553/1553 1555/1555/1555 1554/1554/1554
f 1554/1554/1554 1555/1555/1555 1556/1556/1556
f 1555/1555/1555 1557/1557/1557 1556/1556/1556
f 1556/1556/1556 1557/1557/1557 1558/1558/1558
f 1557/1557/1557 1559/1559/1559 1558/1558/1558
f 1558/1558/1558 1559/1559/1559 1560/1560/1560
f 1559/1559/1559 1561/1561/1561 1560/1560/1560
f 1564/1564/1564 1563/1563/1563 1562/1562/1562
f 1563/1563/1563 1565/1565/1565 1562/1562/1562
f 1566/1566/1566 1563/1563/1563 1564/1564/1564
f 1567/1567/1567 1566/1566/1566 1564/1564/1564
f 1568/1568/1568 1566/1566/1566 1567/1567/1567
f 1569/1569/1569 1568/1568/1568 1567/1567/1567
f 1570/1570/1570 1569/1569/1569 1567/1567/1567
f 1571/1571/1571 1569/1569/1569 1570/1570/1570
f 1572/1572/1572 1571/1571/1571 1570/1570/1570
f 1573/1573/1573 1571/1571/1571 1572/1572/1572
f 1574/1574/1574 1573/1573/1573 1572/1572/1572
f 1562/1562/1562 1565/1565/1565 1575/1575/1575
f 1565/1565/1565 1576/1576/1576 1575/1575/1575
f 1575/1575/1575 1576/1576/1576 1577/1577/1577
f 1576/1576/1576 1578/1578/1578 1577/1577/1577
f 1577/1577/1577 1578/1578/1578 1579/1579/1579
f 1578/1578/1578 1580/1580/1580 1579/1579/1579
f 1583/1583/1583 1582/1582/1582 1581/1581/1581
f 1582/1582/1582 1584/1584/1584 1581/1581/1581
f 1585/1585/1585 1582/1582/1582 1583/1583/1583
f 1586/1586/1586 1585/1585/1585 1583/1583/1583
f 1587/1587/1587 1585/1585/1585 1586/1586/1586
f 1588/1588/1588 1587/1587/1587 1586/1586/1586
f 1589/1589/1589 1587/1587/1587 1588/1588/1588
f 1590/1590/1590 1589/1589/1589 1588/1588/1588
f 1591/1591/1591 1589/1589/1589 1590/1590/1590
f 1592/1592/1592 1591/1591/1591 1590/1590/1590
f 1595/1595/1595 1594/1594/1594 1593/1593/1593
f 1594/1594/1594 1596/1596/1596 1593/1593/1593
f 1597/1597/1597 1594/1594/1594 1595/1595/1595
f 1598/1598/1598 1597/1597/1597 1595/1595/1595
f 1593/1593/1593 1596/1596/1596 1599/1599/1599
f 1596/1596/1596 1600/1600/1600 1599/1599/1599
f 1603/1603/1603 1602/1602/1602 1601/1601/1601
f 1602/1602/1602 1604/1604/1604 1601/1601/1601
f 1605/1605/1605 1602/1602/1602 1603/1603/1603
f 1606/1606/1606 1605/1605/1605 1603/1603/1603
f 1605/1605/1605 1606/1606/1606 1607/1607/1607
f 1606/1606/1606 1608/1608/1608 1607/1607/1607
f 1609/1609/1609 1607/1607/1607 1608/1608/1608
f 1610/1610/1610 1609/1609/1609 1608/1608/1608
f 1611/1611/1611 1609/1609/1609 1610/1610/1610
f 1612/1612/1612 1611/1611/1611 1610/1610/1610
f 1613/1613/1613 1611/1611/1611 1612/1612/1612
f 1614/1614/1614 1613/1613/1613 1612/1612/1612
f 1615/1615/1615 1613/1613/1613 1614/1614/1614
f 1616/1616/1616 1615/1615/1615 1614/1614/1614
f 1617/1617/1617 1616/1616/1616 1614/1614/1614
f 1620/1620/1620 1619/1619/1619 1618/1618/1618
f 1619/1619/1619 1621/1621/1621 1618/1618/1618
f 1624/1624/1624 1623/1623/1623 1622/1622/1622
f 1623/1623/1623 1625/1625/1625 1622/1622/1622
f 1626/1626/1626 1623/1623/1623 1624/1624/1624
f 1627/1627/1627 1626/1626/1626 1624/1624/1624
f 1628/1628/1628 1626/1626/1626 1627/1627/1627
f 1629/1629/1629 1628/1628/1628 1627/1627/1627
f 1630/1630/1630 1628/1628/1628 1629/1629/1629
f 1631/1631/1631 1630/1630/1630 1629/1629/1629
f 1622/1622/1622 1625/1625/1625 1632/1632/1632
f 1625/1625/1625 1633/1633/1633 1632/1632/1632
f 1632/1632/1632 1633/1633/1633 1634/1634/1634
f 1633/1633/1633 1635/1635/1635 1634/1634/1634
f 1634/1634/1634 1635/1635/1635 1636/1636/1636
f 1635/1635/1635 1637/1637/1637 1636/1636/1636
f 1640/1640/1640 1639/1639/1639 1638/1638/1638
f 1639/1639/1639 1641/1641/1641 1638/1638/1638
f 1642/1642/1642 1639/1639/1639 1640/1640/1640
f 1643/1643/1643 1642/1642/1642 1640/1640/1640
f 1638/1638/1638 1641/1641/1641 1644/1644/1644
f 1641/1641/1641 1645/1645/1645 1644/1644/1644
f 1644/1644/1644 1645/1645/1645 1646/1646/1646
f 1645/1645/1645 1647/1647/1647 1646/1646/1646
f 1646/1646/1646 1647/1647/1647 1648/1648/1648
f 1647/1647/1647 1649/1649/1649 1648/1648/1648
f 1648/1648/1648 1649/1649/1649 1650/1650/1650
f 1649/1649/1649 1651/1651/1651 1650/1650/1650
f 1654/1654/1654 1653/1653/1653 1652/1652/1652
f 1653/1653/1653 1655/1655/1655 1652/1652/1652
f 1656/1656/1656 1653/1653/1653 1654/1654/1654
f 1657/1657/1657 1656/1656/1656 1654/1654/1654
f 1658/1658/1658 1656/1656/1656 1657/1657/1657
f 1659/1659/1659 1658/1658/1658 1657/1657/1657
f 1660/1660/1660 1658/1658/1658 1659/1659/1659
f 1661/1661/1661 1660/1660/1660 1659/1659/1659
f 1662/1662/1662 1660/1660/1660 1661/1661/1661
f 1663/1663/1663 1662/1662/1662 1661/1661/1661
f 1664/1664/1664 1662/1662/1662 1663/1663/1663
f 1665/1665/1665 1664/1664/1664 1663/1663/1663
f 1668/1668/1668 1667/1667/1667 1666/1666/1666
f 1667/1667/1667 1669/1669/1669 1666/1666/1666
f 1670/1670/1670 1667/1667/1667 1668/1668/1668
f 1671/1671/1671 1670/1670/1670 1668/1668/1668
f 1672/1672/1672 1670/1670/1670 1671/1671/1671
f 1673/1673/1673 1672/1672/1672 1671/1671/1671
f 1674/1674/1674 1672/1672/1672 1673/1673/1673
f 1675/1675/1675 1674/1674/1674 1673/1673/1673
f 1676/1676/1676 1674/1674/1674 1675/1675/1675
f 1677/1677/1677 1676/1676/1676 1675/1675/1675
f 1678/1678/1678 1676/1676/1676 1677/1677/1677
f 1679/1679/1679 1678/1678/1678 1677/1677/1677
f 1680/1680/1680 1679/1679/1679 1677/1677/1677
f 1681/1681/1681 1679/1679/1679 1680/1680/1680
f 1682/1682/1682 1681/1681/1681 1680/1680/1680
f 1683/1683/1683 1681/1681/1681 1682/1682/1682
f 1684/1684/1684 1681/1681/1681 1683/1683/1683
f 1685/1685/1685 1681/1681/1681 1684/1684/1684
f 1688/1688/1688 1687/1687/1687 1686/1686/1686
f 1687/1687/1687 1689/1689/1689 1686/1686/1686
f 1690/1690/1690 1687/1687/1687 1688/1688/1688
f 1691/1691/1691 1690/1690/1690 1688/1688/1688
f 1692/1692/1692 1690/1690/1690 1691/1691/1691
f 1693/1693/1693 1692/1692/1692 1691/1691/1691
f 1694/1694/1694 1692/1692/1692 1693/1693/1693
f 1695/1695/1695 1694/1694/1694 1693/1693/1693
f 1696/1696/1696 1694/1694/1694 1695/1695/1695
f 1697/1697/1697 1696/1696/1696 1695/1695/1695
f 1698/1698/1698 1696/1696/1696 1697/1697/1697
f 1699/1699/1699 1698/1698/1698 1697/1697/1697
f 1686/1686/1686 1689/1689/1689 1700/1700/1700
f 1689/1689/1689 1701/1701/1701 1700/1700/1700
f 1704/1704/1704 1703/1703/1703 1702/1702/1702
f 1703/1703/1703 1705/1705/1705 1702/1702/1702
f 1708/1708/1708 1707/1707/1707 1706/1706/1706
f 1707/1707/1707 1709/1709/1709 1706/1706/1706
f 1710/1710/1710 1707/1707/1707 1708/1708/1708
f 1711/1711/1711 1707/1707/1707 1710/1710/1710
f 1706/1706/1706 1709/1709/1709 1712/1712/1712
f 1709/1709/1709 1713/1713/1713 1712/1712/1712
f 1712/1712/1712 1713/1713/1713 1714/1714/1714
f 1713/1713/1713 1715/1715/1715 1714/1714/1714
f 1714/1714/1714 1715/1715/1715 1716/1716/1716
f 1715/1715/1715 1717/1717/1717 1716/1716/1716
f 1716/1716/1716 1717/1717/1717 1543/1543/1543
f 1717/1717/1717 1542/1542/1542 1543/1543/1543
f 1720/1720/1720 1719/1719/1719 1718/1718/1718
f 1721/1721/1721 1719/1719/1719 1720/1720/1720
f 1718/1718/1718 1719/1719/1719 1722/1722/1722
f 1719/1719/1719 1723/1723/1723 1722/1722/1722
f 1722/1722/1722 1723/1723/1723 1724/1724/1724
f 1724/1724/1724 1723/1723/1723 1725/1725/1725
f 1725/1725/1725 1723/1723/1723 1726/1726/1726
f 1726/1726/1726 1723/1723/1723 1727/1727/1727
f 1730/1730/1730 1729/1729/1729 1728/1728/1728
f 1731/1731/1731 1729/1729/1729 1730/1730/1730
f 1732/1732/1732 1729/1729/1729 1731/1731/1731
f 1733/1733/1733 1729/1729/1729 1732/1732/1732
f 1734/1734/1734 1733/1733/1733 1732/1732/1732
f 1735/1735/1735 1733/1733/1733 1734/1734/1734
f 1736/1736/1736 1733/1733/1733 1735/1735/1735
f 1737/1737/1737 1733/1733/1733 1736/1736/1736
f 1740/1740/1740 1739/1739/1739 1738/1738/1738
f 1739/1739/1739 1741/1741/1741 1738/1738/1738
f 1742/1742/1742 1739/1739/1739 1740/1740/1740
f 1743/1743/1743 1742/1742/1742 1740/1740/1740
f 1744/1744/1744 1742/1742/1742 1743/1743/1743
f 1745/1745/1745 1744/1744/1744 1743/1743/1743
f 1746/1746/1746 1744/1744/1744 1745/1745/1745
f 1747/1747/1747 1746/1746/1746 1745/1745/1745
f 1748/1748/1748 1746/1746/1746 1747/1747/1747
f 1749/1749/1749 1748/1748/1748 1747/1747/1747
f 1750/1750/1750 1748/1748/1748 1749/1749/1749
f 1751/1751/1751 1750/1750/1750 1749/1749/1749
f 1752/1752/1752 1750/1750/1750 1751/1751/1751
f 1753/1753/1753 1752/1752/1752 1751/1751/1751
f 1754/1754/1754 1752/1752/1752 1753/1753/1753
f 1755/1755/1755 1754/1754/1754 1753/1753/1753
f 1756/1756/1756 1754/1754/1754 1755/1755/1755
f 1757/1757/1757 1754/1754/1754 1756/1756/1756
f 1758/1758/1758 1754/1754/1754 1757/1757/1757
f 1759/1759/1759 1754/1754/1754 1758/1758/1758
f 1760/1760/1760 1754/1754/1754 1759/1759/1759
f 1761/1761/1761 1754/1754/1754 1760/1760/1760
f 1762/1762/1762 1761/1761/1761 1760/1760/1760
f 1763/1763/1763 1761/1761/1761 1762/1762/1762
f 1764/1764/1764 1763/1763/1763 1762/1762/1762
f 1765/1765/1765 1763/1763/1763 1764/1764/1764
f 1766/1766/1766 1765/1765/1765 1764/1764/1764
f 1767/1767/1767 1765/1765/1765 1766/1766/1766
f 1768/1768/1768 1767/1767/1767 1766/1766/1766
f 1769/1769/1769 1767/1767/1767 1768/1768/1768
f 1770/1770/1770 1769/1769/1769 1768/1768/1768
f 1771/1771/1771 1769/1769/1769 1770/1770/1770
f 1772/1772/1772 1771/1771/1771 1770/1770/1770
f 1773/1773/1773 1771/1771/1771 1772/1772/1772
f 1774/1774/1774 1771/1771/1771 1773/1773/1773
f 1775/1775/1775 1774/1774/1774 1773/1773/1773
f 1776/1776/1776 1774/1774/1774 1775/1775/1775
f 1777/1777/1777 1776/1776/1776 1775/1775/1775
f 1778/1778/1778 1776/1776/1776 1777/1777/1777
f 1779/1779/1779 1778/1778/1778 1777/1777/1777
f 1780/1780/1780 1778/1778/1778 1779/1779/1779
f 1781/1781/1781 1780/1780/1780 1779/1779/1779
f 1782/1782/1782 1780/1780/1780 1781/1781/1781
f 1783/1783/1783 1782/1782/1782 1781/1781/1781
f 1784/1784/1784 1782/1782/1782 1783/1783/1783
f 1785/1785/1785 1784/1784/1784 1783/1783/1783
f 1786/1786/1786 1784/1784/1784 1785/1785/1785
f 1787/1787/1787 1786/1786/1786 1785/1785/1785
f 1741/1741/1741 1786/1786/1786 1787/1787/1787
f 1738/1738/1738 1741/1741/1741 1787/1787/1787
f 1790/1790/1790 1789/1789/1789 1788/1788/1788
f 1789/1789/1789 1791/1791/1791 1788/1788/1788
f 1794/1794/1794 1793/1793/1793 1792/1792/1792
f 1793/1793/1793 1795/1795/1795 1792/1792/1792
f 1792/1792/1792 1795/1795/1795 1796/1796/1796
f 1795/1795/1795 1797/1797/1797 1796/1796/1796
f 1796/1796/1796 1797/1797/1797 1798/1798/1798
f 1797/1797/1797 1799/1799/1799 1798/1798/1798
f 1798/1798/1798 1799/1799/1799 1800/1800/1800
f 1799/1799/1799 1801/1801/1801 1800/1800/1800
f 1800/1800/1800 1801/1801/1801 1802/1802/1802
f 1801/1801/1801 1803/1803/1803 1802/1802/1802
f 1806/1806/1806 1805/1805/1805 1804/1804/1804
f 1805/1805/1805 1807/1807/1807 1804/1804/1804
f 1804/1804/1804 1807/1807/1807 1808/1808/1808
f 1807/1807/1807 1809/1809/1809 1808/1808/1808
f 1812/1812/1812 1811/1811/1811 1810/1810/1810
f 1811/1811/1811 1813/1813/1813 1810/1810/1810
f 1814/1814/1814 1811/1811/1811 1812/1812/1812
f 1815/1815/1815 1814/1814/1814 1812/1812/1812
f 1816/1816/1816 1814/1814/1814 1815/1815/1815
f 1817/1817/1817 1816/1816/1816 1815/1815/1815
f 1818/1818/1818 1816/1816/1816 1817/1817/1817
f 1819/1819/1819 1818/1818/1818 1817/1817/1817
f 1820/1820/1820 1818/1818/1818 1819/1819/1819
f 1821/1821/1821 1820/1820/1820 1819/1819/1819
f 1822/1822/1822 1820/1820/1820 1821/1821/1821
f 1823/1823/1823 1822/1822/1822 1821/1821/1821
f 1824/1824/1824 1822/1822/1822 1823/1823/1823
f 1825/1825/1825 1824/1824/1824 1823/1823/1823
f 1826/1826/1826 1824/1824/1824 1825/1825/1825
f 1827/1827/1827 1826/1826/1826 1825/1825/1825
f 1828/1828/1828 1826/1826/1826 1827/1827/1827
f 1829/1829/1829 1828/1828/1828 1827/1827/1827
f 1830/1830/1830 1828/1828/1828 1829/1829/1829
f 1831/1831/1831 1830/1830/1830 1829/1829/1829
f 1832/1832/1832 1830/1830/1830 1831/1831/1831
f 1833/1833/1833 1832/1832/1832 1831/1831/1831
f 1834/1834/1834 1832/1832/1832 1833/1833/1833
f 1835/1835/1835 1834/1834/1834 1833/1833/1833
f 1838/1838/1838 1837/1837/1837 1836/1836/1836
f 1837/1837/1837 1839/1839/1839 1836/1836/1836
f 1842/1842/1842 1841/1841/1841 1840/1840/1840
f 1843/1843/1843 1841/1841/1841 1842/1842/1842
f 1840/1840/1840 1841/1841/1841 1844/1844/1844
f 1841/1841/1841 1845/1845/1845 1844/1844/1844
f 1844/1844/1844 1845/1845/1845 1846/1846/1846
f 1846/1846/1846 1845/1845/1845 1847/1847/1847
f 1847/1847/1847 1845/1845/1845 1848/1848/1848
f 1851/1851/1851 1850/1850/1850 1849/1849/1849
f 1850/1850/1850 1852/1852/1852 1849/1849/1849
f 1849/1849/1849 1852/1852/1852 1853/1853/1853
f 1852/1852/1852 1854/1854/1854 1853/1853/1853
f 1853/1853/1853 1854/1854/1854 1855/1855/1855
f 1854/1854/1854 1856/1856/1856 1855/1855/1855
f 1859/1859/1859 1858/1858/1858 1857/1857/1857
f 1860/1860/1860 1858/1858/1858 1859/1859/1859
f 1861/1861/1861 1858/1858/1858 1860/1860/1860
f 1862/1862/1862 1858/1858/1858 1861/1861/1861
f 1863/1863/1863 1862/1862/1862 1861/1861/1861
f 1864/1864/1864 1862/1862/1862 1863/1863/1863
f 1865/1865/1865 1864/1864/1864 1863/1863/1863
f 1866/1866/1866 1864/1864/1864 1865/1865/1865
f 1867/1867/1867 1866/1866/1866 1865/1865/1865
f 1868/1868/1868 1866/1866/1866 1867/1867/1867
f 1869/1869/1869 1866/1866/1866 1868/1868/1868
f 1870/1870/1870 1866/1866/1866 1869/1869/1869
f 1871/1871/1871 1866/1866/1866 1870/1870/1870
f 1872/1872/1872 1866/1866/1866 1871/1871/1871
f 1875/1875/1875 1874/1874/1874 1873/1873/1873
f 1874/1874/1874 1876/1876/1876 1873/1873/1873
f 1877/1877/1877 1874/1874/1874 1875/1875/1875
f 1878/1878/1878 1874/1874/1874 1877/1877/1877
f 1879/1879/1879 1874/1874/1874 1878/1878/1878
f 1873/1873/1873 1876/1876/1876 1880/1880/1880
f 1876/1876/1876 1881/1881/1881 1880/1880/1880
f 1880/1880/1880 1881/1881/1881 1882/1882/1882
f 1881/1881/1881 1883/1883/1883 1882/1882/1882
f 1882/1882/1882 1883/1883/1883 1884/1884/1884
f 1883/1883/1883 1885/1885/1885 1884/1884/1884
f 1884/1884/1884 1885/1885/1885 1886/1886/1886
f 1885/1885/1885 1887/1887/1887 1886/1886/1886
f 1886/1886/1886 1887/1887/1887 1888/1888/1888
f 1887/1887/1887 1889/1889/1889 1888/1888/1888
f 1892/1892/1892 1891/1891/1891 1890/1890/1890
f 1893/1893/1893 1891/1891/1891 1892/1892/1892
f 1894/1894/1894 1893/1893/1893 1892/1892/1892
f 1895/1895/1895 1893/1893/1893 1894/1894/1894
f 1896/1896/1896 1895/1895/1895 1894/1894/1894
f 1897/1897/1897 1895/1895/1895 1896/1896/1896
f 1898/1898/1898 1897/1897/1897 1896/1896/1896
f 1899/1899/1899 1897/1897/1897 1898/1898/1898
f 1900/1900/1900 1899/1899/1899 1898/1898/1898
f 1901/1901/1901 1899/1899/1899 1900/1900/1900
f 1902/1902/1902 1901/1901/1901 1900/1900/1900
f 1905/1905/1905 1904/1904/1904 1903/1903/1903
f 1904/1904/1904 1906/1906/1906 1903/1903/1903
f 1909/1909/1909 1908/1908/1908 1907/1907/1907
f 1908/1908/1908 1910/1910/1910 1907/1907/1907
f 1911/1911/1911 1908/1908/1908 1909/1909/1909
f 1912/1912/1912 1911/1911/1911 1909/1909/1909
f 1907/1907/1907 1910/1910/1910 1913/1913/1913
f 1910/1910/1910 1914/1914/1914 1913/1913/1913
f 1913/1913/1913 1914/1914/1914 1915/1915/1915
f 1914/1914/1914 1916/1916/1916 1915/1915/1915
f 1915/1915/1915 1916/1916/1916 1917/1917/1917
f 1916/1916/1916 1918/1918/1918 1917/1917/1917
f 1917/1917/1917 1918/1918/1918 1919/1919/1919
f 1918/1918/1918 1920/1920/1920 1919/1919/1919
f 1923/1923/1923 1922/1922/1922 1921/1921/1921
f 1922/1922/1922 1924/1924/1924 1921/1921/1921
f 1925/1925/1925 1922/1922/1922 1923/1923/1923
f 1926/1926/1926 1925/1925/1925 1923/1923/1923
f 1927/1927/1927 1925/1925/1925 1926/1926/1926
f 1928/1928/1928 1927/1927/1927 1926/1926/1926
f 1929/1929/1929 1927/1927/1927 1928/1928/1928
f 1930/1930/1930 1929/1929/1929 1928/1928/1928
f 1921/1921/1921 1924/1924/1924 1931/1931/1931
f 1924/1924/1924 1932/1932/1932 1931/1931/1931
f 1931/1931/1931 1932/1932/1932 1933/1933/1933
f 1932/1932/1932 1934/1934/1934 1933/1933/1933
f 1933/1933/1933 1934/1934/1934 1935/1935/1935
f 1935/1935/1935 1934/1934/1934 1936/1936/1936
f 1934/1934/1934 1937/1937/1937 1936/1936/1936
f 1936/1936/1936 1937/1937/1937 1938/1938/1938
f 1937/1937/1937 1939/1939/1939 1938/1938/1938
f 1938/1938/1938 1939/1939/1939 1940/1940/1940
f 1939/1939/1939 1941/1941/1941 1940/1940/1940
f 1940/1940/1940 1941/1941/1941 1942/1942/1942
f 1941/1941/1941 1943/1943/1943 1942/1942/1942
f 1942/1942/1942 1943/1943/1943 1944/1944/1944
f 1943/1943/1943 1945/1945/1945 1944/1944/1944
f 1944/1944/1944 1945/1945/1945 1946/1946/1946
f 1945/1945/1945 1947/1947/1947 1946/1946/1946
f 1950/1950/1950 1949/1949/1949 1948/1948/1948
f 1949/1949/1949 1951/1951/1951 1948/1948/1948
f 1952/1952/1952 1949/1949/1949 1950/1950/1950
f 1953/1953/1953 1952/1952/1952 1950/1950/1950
f 1954/1954/1954 1952/1952/1952 1953/1953/1953
f 1955/1955/1955 1954/1954/1954 1953/1953/1953
f 1956/1956/1956 1954/1954/1954 1955/1955/1955
f 1957/1957/1957 1956/1956/1956 1955/1955/1955
f 1958/1958/1958 1956/1956/1956 1957/1957/1957
f 1959/1959/1959 1958/1958/1958 1957/1957/1957
f 1960/1960/1960 1958/1958/1958 1959/1959/1959
f 1961/1961/1961 1960/1960/1960 1959/1959/1959
f 1964/1964/1964 1963/1963/1963 1962/1962/1962
f 1963/1963/1963 1965/1965/1965 1962/1962/1962
f 1968/1968/1968 1967/1967/1967 1966/1966/1966
f 1967/1967/1967 1969/1969/1969 1966/1966/1966
f 1972/1972/1972 1971/1971/1971 1970/1970/1970
f 1971/1971/1971 1973/1973/1973 1970/1970/1970
f 1976/1976/1976 1975/1975/1975 1974/1974/1974
f 1975/1975/1975 1977/1977/1977 1974/1974/1974
f 1975/1975/1975 1978/1978/1978 1977/1977/1977
f 1979/1979/1979 1976/1976/1976 1974/1974/1974
f 1980/1980/1980 1979/1979/1979 1974/1974/1974
f 1981/1981/1981 1979/1979/1979 1980/1980/1980
f 1982/1982/1982 1981/1981/1981 1980/1980/1980
f 1983/1983/1983 1981/1981/1981 1982/1982/1982
f 1984/1984/1984 1983/1983/1983 1982/1982/1982
f 1985/1985/1985 1983/1983/1983 1984/1984/1984
f 1986/1986/1986 1985/1985/1985 1984/1984/1984
f 1987/1987/1987 1985/1985/1985 1986/1986/1986
f 1988/1988/1988 1987/1987/1987 1986/1986/1986
f 1989/1989/1989 1987/1987/1987 1988/1988/1988
f 1990/1990/1990 1989/1989/1989 1988/1988/1988
f 1991/1991/1991 1989/1989/1989 1990/1990/1990
f 1992/1992/1992 1991/1991/1991 1990/1990/1990
f 1993/1993/1993 1991/1991/1991 1992/1992/1992
f 1994/1994/1994 1993/1993/1993 1992/1992/1992
f 1995/1995/1995 1993/1993/1993 1994/1994/1994
f 1996/1996/1996 1995/1995/1995 1994/1994/1994
f 1997/1997/1997 1995/1995/1995 1996/1996/1996
f 1998/1998/1998 1997/1997/1997 1996/1996/1996
f 1999/1999/1999 1997/1997/1997 1998/1998/1998
f 2000/2000/2000 1999/1999/1999 1998/1998/1998
f 2001/2001/2001 1999/1999/1999 2000/2000/2000
f 2002/2002/2002 2001/2001/2001 2000/2000/2000
f 2003/2003/2003 2001/2001/2001 2002/2002/2002
f 2004/2004/2004 2003/2003/2003 2002/2002/2002
f 2005/2005/2005 2003/2003/2003 2004/2004/2004
f 2006/2006/2006 2005/2005/2005 2004/2004/2004
f 2007/2007/2007 2005/2005/2005 2006/2006/2006
f 2008/2008/2008 2007/2007/2007 2006/2006/2006
f 2009/2009/2009 2007/2007/2007 2008/2008/2008
f 2010/2010/2010 2009/2009/2009 2008/2008/2008
f 2011/2011/2011 2009/2009/2009 2010/2010/2010
f 2012/2012/2012 2011/2011/2011 2010/2010/2010
f 2013/2013/2013 2011/2011/2011 2012/2012/2012
f 2014/2014/2014 2013/2013/2013 2012/2012/2012
f 2015/2015/2015 2013/2013/2013 2014/2014/2014
f 2016/2016/2016 2015/2015/2015 2014/2014/2014
f 2017/2017/2017 2015/2015/2015 2016/2016/2016
f 2018/2018/2018 2017/2017/2017 2016/2016/2016
f 2019/2019/2019 2017/2017/2017 2018/2018/2018
f 2020/2020/2020 2019/2019/2019 2018/2018/2018
f 2021/2021/2021 2019/2019/2019 2020/2020/2020
f 2022/2022/2022 2021/2021/2021 2020/2020/2020
f 2023/2023/2023 2021/2021/2021 2022/2022/2022
f 2024/2024/2024 2023/2023/2023 2022/2022/2022
f 2025/2025/2025 2023/2023/2023 2024/2024/2024
f 2026/2026/2026 2025/2025/2025 2024/2024/2024
f 2027/2027/2027 2025/2025/2025 2026/2026/2026
f 2028/2028/2028 2027/2027/2027 2026/2026/2026
f 2029/2029/2029 2027/2027/2027 2028/2028/2028
f 2030/2030/2030 2029/2029/2029 2028/2028/2028
f 2031/2031/2031 2029/2029/2029 2030/2030/2030
f 2032/2032/2032 2031/2031/2031 2030/2030/2030
f 2033/2033/2033 2031/2031/2031 2032/2032/2032
f 2034/2034/2034 2033/2033/2033 2032/2032/2032
f 2035/2035/2035 2033/2033/2033 2034/2034/2034
f 2036/2036/2036 2035/2035/2035 2034/2034/2034
f 2037/2037/2037 2035/2035/2035 2036/2036/2036
f 2038/2038/2038 2037/2037/2037 2036/2036/2036
f 1978/1978/1978 2037/2037/2037 2038/2038/2038
f 1977/1977/1977 1978/1978/1978 2038/2038/2038
f 2041/2041/2041 2040/2040/2040 2039/2039/2039
f 2040/2040/2040 2042/2042/2042 2039/2039/2039
f 2043/2043/2043 2040/2040/2040 2041/2041/2041
f 2044/2044/2044 2043/2043/2043 2041/2041/2041
f 2045/2045/2045 2043/2043/2043 2044/2044/2044
f 2046/2046/2046 2045/2045/2045 2044/2044/2044
f 2047/2047/2047 2045/2045/2045 2046/2046/2046
f 2048/2048/2048 2047/2047/2047 2046/2046/2046
f 2049/2049/2049 2047/2047/2047 2048/2048/2048
f 2050/2050/2050 2049/2049/2049 2048/2048/2048
f 2051/2051/2051 2049/2049/2049 2050/2050/2050
f 2052/2052/2052 2051/2051/2051 2050/2050/2050
f 2039/2039/2039 2042/2042/2042 2053/2053/2053
f 2042/2042/2042 2054/2054/2054 2053/2053/2053
f 2053/2053/2053 2054/2054/2054 2055/2055/2055
f 2055/2055/2055 2054/2054/2054 2056/2056/2056
f 2056/2056/2056 2054/2054/2054 2057/2057/2057
f 2057/2057/2057 2054/2054/2054 2058/2058/2058
f 2058/2058/2058 2054/2054/2054 2059/2059/2059
f 2059/2059/2059 2054/2054/2054 2060/2060/2060
f 2054/2054/2054 2061/2061/2061 2060/2060/2060
f 2060/2060/2060 2061/2061/2061 2062/2062/2062
f 2061/2061/2061 2063/2063/2063 2062/2062/2062
f 2062/2062/2062 2063/2063/2063 2064/2064/2064
f 2063/2063/2063 2065/2065/2065 2064/2064/2064
f 2064/2064/2064 2065/2065/2065 2066/2066/2066
f 2065/2065/2065 2067/2067/2067 2066/2066/2066
f 2066/2066/2066 2067/2067/2067 2068/2068/2068
f 2067/2067/2067 2069/2069/2069 2068/2068/2068
f 2069/2069/2069 2070/2070/2070 2068/2068/2068
f 2070/2070/2070 2071/2071/2071 2068/2068/2068
f 2070/2070/2070 2072/2072/2072 2071/2071/2071
f 2071/2071/2071 2072/2072/2072 2073/2073/2073
f 2072/2072/2072 2074/2074/2074 2073/2073/2073
f 2073/2073/2073 2074/2074/2074 2075/2075/2075
f 2074/2074/2074 2076/2076/2076 2075/2075/2075
f 2075/2075/2075 2076/2076/2076 2077/2077/2077
f 2076/2076/2076 2078/2078/2078 2077/2077/2077
f 2077/2077/2077 2078/2078/2078 2079/2079/2079
f 2078/2078/2078 2080/2080/2080 2079/2079/2079
f 2080/2080/2080 2081/2081/2081 2079/2079/2079
f 2079/2079/2079 2081/2081/2081 2082/2082/2082
f 2081/2081/2081 2083/2083/2083 2082/2082/2082
f 2082/2082/2082 2083/2083/2083 2084/2084/2084
f 2083/2083/2083 2085/2085/2085 2084/2084/2084
f 2084/2084/2084 2085/2085/2085 2052/2052/2052
f 2085/2085/2085 2051/2051/2051 2052/2052/2052
f 2088/2088/2088 2087/2087/2087 2086/2086/2086
f 2087/2087/2087 2089/2089/2089 2086/2086/2086
f 2092/2092/2092 2091/2091/2091 2090/2090/2090
f 2093/2093/2093 2091/2091/2091 2092/2092/2092
f 2094/2094/2094 2093/2093/2093 2092/2092/2092
f 2095/2095/2095 2093/2093/2093 2094/2094/2094
f 2096/2096/2096 2093/2093/2093 2095/2095/2095
f 2097/2097/2097 2093/2093/2093 2096/2096/2096
f 2098/2098/2098 2097/2097/2097 2096/2096/2096
f 2099/2099/2099 2097/2097/2097 2098/2098/2098
f 2100/2100/2100 2097/2097/2097 2099/2099/2099
f 2101/2101/2101 2097/2097/2097 2100/2100/2100
f 2102/2102/2102 2097/2097/2097 2101/2101/2101
f 2103/2103/2103 2102/2102/2102 2101/2101/2101
f 2104/2104/2104 2102/2102/2102 2103/2103/2103
f 2105/2105/2105 2104/2104/2104 2103/2103/2103
f 2106/2106/2106 2104/2104/2104 2105/2105/2105
f 2107/2107/2107 2106/2106/2106 2105/2105/2105
f 2108/2108/2108 2106/2106/2106 2107/2107/2107
f 2109/2109/2109 2108/2108/2108 2107/2107/2107
f 2110/2110/2110 2108/2108/2108 2109/2109/2109
f 2111/2111/2111 2110/2110/2110 2109/2109/2109
f 2112/2112/2112 2110/2110/2110 2111/2111/2111
f 2113/2113/2113 2112/2112/2112 2111/2111/2111
f 2114/2114/2114 2112/2112/2112 2113/2113/2113
f 2115/2115/2115 2114/2114/2114 2113/2113/2113
f 2116/2116/2116 2114/2114/2114 2115/2115/2115
f 2117/2117/2117 2116/2116/2116 2115/2115/2115
f 2118/2118/2118 2116/2116/2116 2117/2117/2117
f 2119/2119/2119 2118/2118/2118 2117/2117/2117
f 2120/2120/2120 2118/2118/2118 2119/2119/2119
f 2121/2121/2121 2120/2120/2120 2119/2119/2119
f 2122/2122/2122 2120/2120/2120 2121/2121/2121
f 2123/2123/2123 2122/2122/2122 2121/2121/2121
f 2124/2124/2124 2122/2122/2122 2123/2123/2123
f 2125/2125/2125 2124/2124/2124 2123/2123/2123
f 2126/2126/2126 2124/2124/2124 2125/2125/2125
f 2127/2127/2127 2126/2126/2126 2125/2125/2125
f 2128/2128/2128 2126/2126/2126 2127/2127/2127
f 2129/2129/2129 2128/2128/2128 2127/2127/2127
f 2130/2130/2130 2128/2128/2128 2129/2129/2129
f 2131/2131/2131 2130/2130/2130 2129/2129/2129
f 2132/2132/2132 2130/2130/2130 2131/2131/2131
f 2133/2133/2133 2132/2132/2132 2131/2131/2131
f 2136/2136/2136 2135/2135/2135 2134/2134/2134
f 2135/2135/2135 2137/2137/2137 2134/2134/2134
f 2138/2138/2138 2135/2135/2135 2136/2136/2136
f 2139/2139/2139 2138/2138/2138 2136/2136/2136
f 2140/2140/2140 2138/2138/2138 2139/2139/2139
f 2141/2141/2141 2140/2140/2140 2139/2139/2139
f 2142/2142/2142 2140/2140/2140 2141/2141/2141
f 2143/2143/2143 2142/2142/2142 2141/2141/2141
f 2144/2144/2144 2142/2142/2142 2143/2143/2143
f 2145/2145/2145 2144/2144/2144 2143/2143/2143
f 2146/2146/2146 2144/2144/2144 2145/2145/2145
f 2147/2147/2147 2146/2146/2146 2145/2145/2145
f 2148/2148/2148 2146/2146/2146 2147/2147/2147
f 2149/2149/2149 2146/2146/2146 2148/2148/2148
f 2150/2150/2150 2146/2146/2146 2149/2149/2149
f 2151/2151/2151 2146/2146/2146 2150/2150/2150
f 2134/2134/2134 2137/2137/2137 2152/2152/2152
f 2152/2152/2152 2154/2154/2154 2153/2153/2153
f 2154/2154/2154 2155/2155/2155 2153/2153/2153
f 2153/2153/2153 2155/2155/2155 2156/2156/2156
f 2155/2155/2155 2157/2157/2157 2156/2156/2156
f 2156/2156/2156 2157/2157/2157 2158/2158/2158
f 2157/2157/2157 2159/2159/2159 2158/2158/2158
f 2158/2158/2158 2159/2159/2159 2160/2160/2160
f 2159/2159/2159 2161/2161/2161 2160/2160/2160
f 2137/2137/2137 2154/2154/2154 2152/2152/2152
f 2164/2164/2164 2163/2163/2163 2162/2162/2162
f 2163/2163/2163 2165/2165/2165 2162/2162/2162
f 2166/2166/2166 2163/2163/2163 2164/2164/2164
f 2167/2167/2167 2166/2166/2166 2164/2164/2164
f 2168/2168/2168 2166/2166/2166 2167/2167/2167
f 2169/2169/2169 2168/2168/2168 2167/2167/2167
f 2170/2170/2170 2168/2168/2168 2169/2169/2169
f 2171/2171/2171 2170/2170/2170 2169/2169/2169
f 2172/2172/2172 2170/2170/2170 2171/2171/2171
f 2173/2173/2173 2172/2172/2172 2171/2171/2171
f 2162/2162/2162 2165/2165/2165 2174/2174/2174
f 2165/2165/2165 2175/2175/2175 2174/2174/2174
f 2174/2174/2174 2175/2175/2175 2176/2176/2176
f 2175/2175/2175 2177/2177/2177 2176/2176/2176
f 2176/2176/2176 2177/2177/2177 2178/2178/2178
f 2177/2177/2177 2179/2179/2179 2178/2178/2178
f 2179/2179/2179 2180/2180/2180 2178/2178/2178
f 2181/2181/2181 2172/2172/2172 2173/2173/2173
f 2182/2182/2182 2181/2181/2181 2173/2173/2173
f 2183/2183/2183 2181/2181/2181 2182/2182/2182
f 2184/2184/2184 2183/2183/2183 2182/2182/2182
f 2185/2185/2185 2183/2183/2183 2184/2184/2184
f 2186/2186/2186 2185/2185/2185 2184/2184/2184
f 2187/2187/2187 2185/2185/2185 2186/2186/2186
f 2188/2188/2188 2187/2187/2187 2186/2186/2186
f 2189/2189/2189 2187/2187/2187 2188/2188/2188
f 2190/2190/2190 2189/2189/2189 2188/2188/2188
f 2189/2189/2189 2190/2190/2190 2191/2191/2191
f 2190/2190/2190 2192/2192/2192 2191/2191/2191
f 2193/2193/2193 2191/2191/2191 2192/2192/2192
f 2194/2194/2194 2193/2193/2193 2192/2192/2192
f 2195/2195/2195 2193/2193/2193 2194/2194/2194
f 2196/2196/2196 2195/2195/2195 2194/2194/2194
f 2197/2197/2197 2195/2195/2195 2196/2196/2196
f 2198/2198/2198 2197/2197/2197 2196/2196/2196
f 2199/2199/2199 2197/2197/2197 2198/2198/2198
f 2200/2200/2200 2199/2199/2199 2198/2198/2198
f 2201/2201/2201 2199/2199/2199 2200/2200/2200
f 2202/2202/2202 2201/2201/2201 2200/2200/2200
f 2205/2205/2205 2204/2204/2204 2203/2203/2203
f 2206/2206/2206 2204/2204/2204 2205/2205/2205
f 2207/2207/2207 2204/2204/2204 2206/2206/2206
f 2208/2208/2208 2204/2204/2204 2207/2207/2207
f 2209/2209/2209 2204/2204/2204 2208/2208/2208
f 2210/2210/2210 2209/2209/2209 2208/2208/2208
f 2203/2203/2203 2204/2204/2204 2211/2211/2211
f 2204/2204/2204 2212/2212/2212 2211/2211/2211
f 2211/2211/2211 2212/2212/2212 2213/2213/2213
f 2212/2212/2212 2214/2214/2214 2213/2213/2213
f 2213/2213/2213 2214/2214/2214 2215/2215/2215
f 2214/2214/2214 2216/2216/2216 2215/2215/2215
f 2215/2215/2215 2216/2216/2216 2217/2217/2217
f 2216/2216/2216 2218/2218/2218 2217/2217/2217
f 2217/2217/2217 2218/2218/2218 2219/2219/2219
f 2218/2218/2218 2220/2220/2220 2219/2219/2219
f 2219/2219/2219 2220/2220/2220 2221/2221/2221
f 2222/2222/2222 2219/2219/2219 2221/2221/2221
f 2222/2222/2222 2221/2221/2221 2223/2223/2223
f 2221/2221/2221 2224/2224/2224 2223/2223/2223
f 2223/2223/2223 2224/2224/2224 2225/2225/2225
f 2224/2224/2224 2226/2226/2226 2225/2225/2225
f 2225/2225/2225 2226/2226/2226 2227/2227/2227
f 2226/2226/2226 2228/2228/2228 2227/2227/2227
f 2227/2227/2227 2228/2228/2228 2229/2229/2229
f 2228/2228/2228 2230/2230/2230 2229/2229/2229
f 2229/2229/2229 2230/2230/2230 2231/2231/2231
f 2230/2230/2230 2232/2232/2232 2231/2231/2231
f 2232/2232/2232 2233/2233/2233 2231/2231/2231
f 2231/2231/2231 2233/2233/2233 2234/2234/2234
f 2233/2233/2233 2235/2235/2235 2234/2234/2234
f 2234/2234/2234 2235/2235/2235 2236/2236/2236
f 2235/2235/2235 2237/2237/2237 2236/2236/2236
f 2236/2236/2236 2237/2237/2237 2238/2238/2238
f 2237/2237/2237 2239/2239/2239 2238/2238/2238
f 2238/2238/2238 2239/2239/2239 2240/2240/2240
f 2239/2239/2239 2241/2241/2241 2240/2240/2240
f 2240/2240/2240 2241/2241/2241 2242/2242/2242
f 2241/2241/2241 2243/2243/2243 2242/2242/2242
f 2242/2242/2242 2243/2243/2243 2244/2244/2244
f 2243/2243/2243 2245/2245/2245 2244/2244/2244
f 2244/2244/2244 2245/2245/2245 2246/2246/2246
f 2245/2245/2245 2247/2247/2247 2246/2246/2246
f 2246/2246/2246 2247/2247/2247 2248/2248/2248
f 2247/2247/2247 2249/2249/2249 2248/2248/2248
f 2248/2248/2248 2249/2249/2249 2250/2250/2250
f 2249/2249/2249 2251/2251/2251 2250/2250/2250
f 2250/2250/2250 2251/2251/2251 2252/2252/2252
f 2251/2251/2251 2253/2253/2253 2252/2252/2252
f 2252/2252/2252 2253/2253/2253 2210/2210/2210
f 2253/2253/2253 2209/2209/2209 2210/2210/2210
f 2256/2256/2256 2255/2255/2255 2254/2254/2254
f 2255/2255/2255 2257/2257/2257 2254/2254/2254
f 2260/2260/2260 2259/2259/2259 2258/2258/2258
f 2259/2259/2259 2261/2261/2261 2258/2258/2258
f 2262/2262/2262 2259/2259/2259 2260/2260/2260
f 2263/2263/2263 2262/2262/2262 2260/2260/2260
f 2264/2264/2264 2262/2262/2262 2263/2263/2263
f 2265/2265/2265 2264/2264/2264 2263/2263/2263
f 2266/2266/2266 2264/2264/2264 2265/2265/2265
f 2267/2267/2267 2266/2266/2266 2265/2265/2265
f 2258/2258/2258 2261/2261/2261 2268/2268/2268
f 2261/2261/2261 2269/2269/2269 2268/2268/2268
f 2268/2268/2268 2269/2269/2269 2270/2270/2270
f 2269/2269/2269 2271/2271/2271 2270/2270/2270
f 2270/2270/2270 2271/2271/2271 2272/2272/2272
f 2271/2271/2271 2273/2273/2273 2272/2272/2272
f 2272/2272/2272 2273/2273/2273 2274/2274/2274
f 2273/2273/2273 2275/2275/2275 2274/2274/2274
f 2274/2274/2274 2275/2275/2275 2276/2276/2276
f 2275/2275/2275 2277/2277/2277 2276/2276/2276
f 2276/2276/2276 2277/2277/2277 2278/2278/2278
f 2277/2277/2277 2279/2279/2279 2278/2278/2278
f 2282/2282/2282 2281/2281/2281 2280/2280/2280
f 2281/2281/2281 2283/2283/2283 2280/2280/2280
f 2284/2284/2284 2281/2281/2281 2282/2282/2282
f 2285/2285/2285 2284/2284/2284 2282/2282/2282
f 2286/2286/2286 2284/2284/2284 2285/2285/2285
f 2287/2287/2287 2286/2286/2286 2285/2285/2285
f 2288/2288/2288 2286/2286/2286 2287/2287/2287
f 2289/2289/2289 2288/2288/2288 2287/2287/2287
f 2290/2290/2290 2288/2288/2288 2289/2289/2289
f 2291/2291/2291 2290/2290/2290 2289/2289/2289
f 2292/2292/2292 2290/2290/2290 2291/2291/2291
f 2293/2293/2293 2292/2292/2292 2291/2291/2291
f 2294/2294/2294 2292/2292/2292 2293/2293/2293
f 2295/2295/2295 2294/2294/2294 2293/2293/2293
f 2296/2296/2296 2294/2294/2294 2295/2295/2295
f 2297/2297/2297 2296/2296/2296 2295/2295/2295
f 2298/2298/2298 2296/2296/2296 2297/2297/2297
f 2299/2299/2299 2298/2298/2298 2297/2297/2297
f 2300/2300/2300 2298/2298/2298 2299/2299/2299
f 2301/2301/2301 2300/2300/2300 2299/2299/2299
f 2302/2302/2302 2300/2300/2300 2301/2301/2301
f 2303/2303/2303 2302/2302/2302 2301/2301/2301
f 2304/2304/2304 2302/2302/2302 2303/2303/2303
f 2305/2305/2305 2304/2304/2304 2303/2303/2303
f 2306/2306/2306 2305/2305/2305 2303/2303/2303
f 2309/2309/2309 2308/2308/2308 2307/2307/2307
f 2308/2308/2308 2310/2310/2310 2307/2307/2307
f 2311/2311/2311 2310/2310/2310 2308/2308/2308
f 2312/2312/2312 2311/2311/2311 2308/2308/2308
f 2313/2313/2313 2311/2311/2311 2312/2312/2312
f 2314/2314/2314 2313/2313/2313 2312/2312/2312
f 2315/2315/2315 2313/2313/2313 2314/2314/2314
f 2316/2316/2316 2315/2315/2315 2314/2314/2314
f 2317/2317/2317 2315/2315/2315 2316/2316/2316
f 2318/2318/2318 2317/2317/2317 2316/2316/2316
f 2319/2319/2319 2317/2317/2317 2318/2318/2318
f 2320/2320/2320 2319/2319/2319 2318/2318/2318
f 2321/2321/2321 2319/2319/2319 2320/2320/2320
f 2322/2322/2322 2321/2321/2321 2320/2320/2320
f 2323/2323/2323 2321/2321/2321 2322/2322/2322
f 2324/2324/2324 2323/2323/2323 2322/2322/2322
f 2325/2325/2325 2323/2323/2323 2324/2324/2324
f 2326/2326/2326 2325/2325/2325 2324/2324/2324
f 2327/2327/2327 2325/2325/2325 2326/2326/2326
f 2328/2328/2328 2327/2327/2327 2326/2326/2326
f 2329/2329/2329 2327/2327/2327 2328/2328/2328
f 2330/2330/2330 2327/2327/2327 2329/2329/2329
f 2331/2331/2331 2330/2330/2330 2329/2329/2329
f 2332/2332/2332 2330/2330/2330 2331/2331/2331
f 2333/2333/2333 2332/2332/2332 2331/2331/2331
f 2334/2334/2334 2332/2332/2332 2333/2333/2333
f 2335/2335/2335 2334/2334/2334 2333/2333/2333
f 2336/2336/2336 2334/2334/2334 2335/2335/2335
f 2337/2337/2337 2336/2336/2336 2335/2335/2335
f 2338/2338/2338 2336/2336/2336 2337/2337/2337
f 2339/2339/2339 2338/2338/2338 2337/2337/2337
f 2340/2340/2340 2338/2338/2338 2339/2339/2339
f 2341/2341/2341 2340/2340/2340 2339/2339/2339
f 2342/2342/2342 2340/2340/2340 2341/2341/2341
f 2343/2343/2343 2342/2342/2342 2341/2341/2341
f 2344/2344/2344 2342/2342/2342 2343/2343/2343
f 2345/2345/2345 2344/2344/2344 2343/2343/2343
f 2346/2346/2346 2344/2344/2344 2345/2345/2345
f 2347/2347/2347 2346/2346/2346 2345/2345/2345
f 2348/2348/2348 2346/2346/2346 2347/2347/2347
f 2349/2349/2349 2348/2348/2348 2347/2347/2347
f 2350/2350/2350 2348/2348/2348 2349/2349/2349
f 2351/2351/2351 2350/2350/2350 2349/2349/2349
f 2352/2352/2352 2351/2351/2351 2349/2349/2349
f 2353/2353/2353 2351/2351/2351 2352/2352/2352
f 2354/2354/2354 2353/2353/2353 2352/2352/2352
f 2355/2355/2355 2353/2353/2353 2354/2354/2354
f 2356/2356/2356 2355/2355/2355 2354/2354/2354
f 2307/2307/2307 2355/2355/2355 2356/2356/2356
f 2309/2309/2309 2307/2307/2307 2356/2356/2356
f 2359/2359/2359 2358/2358/2358 2357/2357/2357
f 2358/2358/2358 2360/2360/2360 2357/2357/2357
f 2363/2363/2363 2362/2362/2362 2361/2361/2361
f 2362/2362/2362 2364/2364/2364 2361/2361/2361
f 2361/2361/2361 2364/2364/2364 2365/2365/2365
f 2364/2364/2364 2366/2366/2366 2365/2365/2365
f 2365/2365/2365 2366/2366/2366 2367/2367/2367
f 2366/2366/2366 2368/2368/2368 2367/2367/2367
f 2367/2367/2367 2368/2368/2368 2369/2369/2369
f 2368/2368/2368 2370/2370/2370 2369/2369/2369
f 2369/2369/2369 2370/2370/2370 2371/2371/2371
f 2374/2374/2374 2373/2373/2373 2372/2372/2372
f 2373/2373/2373 2375/2375/2375 2372/2372/2372
f 2376/2376/2376 2373/2373/2373 2374/2374/2374
f 2377/2377/2377 2376/2376/2376 2374/2374/2374
f 2378/2378/2378 2376/2376/2376 2377/2377/2377
f 2379/2379/2379 2378/2378/2378 2377/2377/2377
f 2380/2380/2380 2378/2378/2378 2379/2379/2379
f 2381/2381/2381 2380/2380/2380 2379/2379/2379
f 2384/2384/2384 2383/2383/2383 2382/2382/2382
f 2385/2385/2385 2383/2383/2383 2384/2384/2384
f 2386/2386/2386 2383/2383/2383 2385/2385/2385
f 2387/2387/2387 2383/2383/2383 2386/2386/2386
f 2388/2388/2388 2387/2387/2387 2386/2386/2386
f 2389/2389/2389 2387/2387/2387 2388/2388/2388
f 2390/2390/2390 2389/2389/2389 2388/2388/2388
f 2391/2391/2391 2389/2389/2389 2390/2390/2390
f 2392/2392/2392 2391/2391/2391 2390/2390/2390
f 2393/2393/2393 2392/2392/2392 2390/2390/2390
f 2394/2394/2394 2392/2392/2392 2393/2393/2393
f 2395/2395/2395 2394/2394/2394 2393/2393/2393
f 2396/2396/2396 2394/2394/2394 2395/2395/2395
f 2397/2397/2397 2396/2396/2396 2395/2395/2395
f 2398/2398/2398 2396/2396/2396 2397/2397/2397
f 2399/2399/2399 2398/2398/2398 2397/2397/2397
f 2400/2400/2400 2399/2399/2399 2397/2397/2397
f 2401/2401/2401 2399/2399/2399 2400/2400/2400
f 2402/2402/2402 2401/2401/2401 2400/2400/2400
f 2403/2403/2403 2401/2401/2401 2402/2402/2402
f 2404/2404/2404 2403/2403/2403 2402/2402/2402
f 2405/2405/2405 2403/2403/2403 2404/2404/2404
f 2406/2406/2406 2405/2405/2405 2404/2404/2404
f 2407/2407/2407 2405/2405/2405 2406/2406/2406
f 2408/2408/2408 2407/2407/2407 2406/2406/2406
f 2409/2409/2409 2407/2407/2407 2408/2408/2408
f 2410/2410/2410 2409/2409/2409 2408/2408/2408
f 2411/2411/2411 2409/2409/2409 2410/2410/2410
f 2412/2412/2412 2411/2411/2411 2410/2410/2410
f 2413/2413/2413 2411/2411/2411 2412/2412/2412
f 2414/2414/2414 2413/2413/2413 2412/2412/2412
f 2415/2415/2415 2413/2413/2413 2414/2414/2414
f 2416/2416/2416 2415/2415/2415 2414/2414/2414
f 2417/2417/2417 2415/2415/2415 2416/2416/2416
f 2418/2418/2418 2417/2417/2417 2416/2416/2416
f 2419/2419/2419 2417/2417/2417 2418/2418/2418
f 2420/2420/2420 2419/2419/2419 2418/2418/2418
f 2421/2421/2421 2419/2419/2419 2420/2420/2420
f 2422/2422/2422 2421/2421/2421 2420/2420/2420
f 2423/2423/2423 2421/2421/2421 2422/2422/2422
f 2424/2424/2424 2423/2423/2423 2422/2422/2422
f 2425/2425/2425 2424/2424/2424 2422/2422/2422
f 2426/2426/2426 2424/2424/2424 2425/2425/2425
f 2427/2427/2427 2426/2426/2426 2425/2425/2425
f 2428/2428/2428 2426/2426/2426 2427/2427/2427
f 2429/2429/2429 2428/2428/2428 2427/2427/2427
f 2430/2430/2430 2428/2428/2428 2429/2429/2429
f 2431/2431/2431 2430/2430/2430 2429/2429/2429
f 2432/2432/2432 2430/2430/2430 2431/2431/2431
f 2433/2433/2433 2432/2432/2432 2431/2431/2431
f 2436/2436/2436 2435/2435/2435 2434/2434/2434
f 2435/2435/2435 2437/2437/2437 2434/2434/2434
f 2434/2434/2434 2437/2437/2437 2438/2438/2438
f 2437/2437/2437 2439/2439/2439 2438/2438/2438
f 2438/2438/2438 2439/2439/2439 2440/2440/2440
f 2439/2439/2439 2441/2441/2441 2440/2440/2440
f 2440/2440/2440 2441/2441/2441 2442/2442/2442
f 2441/2441/2441 2443/2443/2443 2442/2442/2442
f 2442/2442/2442 2443/2443/2443 2444/2444/2444
f 2443/2443/2443 2445/2445/2445 2444/2444/2444
f 2448/2448/2448 2447/2447/2447 2446/2446/2446
f 2447/2447/2447 2449/2449/2449 2446/2446/2446
f 2450/2450/2450 2447/2447/2447 2448/2448/2448
f 2451/2451/2451 2450/2450/2450 2448/2448/2448
f 2452/2452/2452 2450/2450/2450 2451/2451/2451
f 2453/2453/2453 2452/2452/2452 2451/2451/2451
f 2454/2454/2454 2452/2452/2452 2453/2453/2453
f 2455/2455/2455 2454/2454/2454 2453/2453/2453
f 2446/2446/2446 2449/2449/2449 2456/2456/2456
f 2449/2449/2449 2457/2457/2457 2456/2456/2456
f 2456/2456/2456 2457/2457/2457 2458/2458/2458
f 2457/2457/2457 2459/2459/2459 2458/2458/2458
f 2462/2462/2462 2461/2461/2461 2460/2460/2460
f 2461/2461/2461 2463/2463/2463 2460/2460/2460
f 2463/2463/2463 2464/2464/2464 2460/2460/2460
f 2465/2465/2465 2461/2461/2461 2462/2462/2462
f 2466/2466/2466 2465/2465/2465 2462/2462/2462
f 2467/2467/2467 2465/2465/2465 2466/2466/2466
f 2468/2468/2468 2467/2467/2467 2466/2466/2466
f 2469/2469/2469 2467/2467/2467 2468/2468/2468
f 2470/2470/2470 2469/2469/2469 2468/2468/2468
f 2471/2471/2471 2469/2469/2469 2470/2470/2470
f 2472/2472/2472 2471/2471/2471 2470/2470/2470
f 2473/2473/2473 2471/2471/2471 2472/2472/2472
f 2474/2474/2474 2473/2473/2473 2472/2472/2472
f 2475/2475/2475 2473/2473/2473 2474/2474/2474
f 2476/2476/2476 2475/2475/2475 2474/2474/2474
f 2477/2477/2477 2476/2476/2476 2474/2474/2474
f 2478/2478/2478 2476/2476/2476 2477/2477/2477
f 2479/2479/2479 2478/2478/2478 2477/2477/2477
f 2480/2480/2480 2478/2478/2478 2479/2479/2479
f 2481/2481/2481 2480/2480/2480 2479/2479/2479
f 2484/2484/2484 2483/2483/2483 2482/2482/2482
f 2483/2483/2483 2485/2485/2485 2482/2482/2482
f 2482/2482/2482 2485/2485/2485 2486/2486/2486
f 2485/2485/2485 2487/2487/2487 2486/2486/2486
f 2490/2490/2490 2489/2489/2489 2488/2488/2488
f 2489/2489/2489 2491/2491/2491 2488/2488/2488
f 2492/2492/2492 2489/2489/2489 2490/2490/2490
f 2493/2493/2493 2492/2492/2492 2490/2490/2490
f 2494/2494/2494 2492/2492/2492 2493/2493/2493
f 2495/2495/2495 2494/2494/2494 2493/2493/2493
f 2496/2496/2496 2494/2494/2494 2495/2495/2495
f 2497/2497/2497 2496/2496/2496 2495/2495/2495
f 2498/2498/2498 2496/2496/2496 2497/2497/2497
f 2499/2499/2499 2498/2498/2498 2497/2497/2497
f 2502/2502/2502 2501/2501/2501 2500/2500/2500
f 2501/2501/2501 2503/2503/2503 2500/2500/2500
f 2506/2506/2506 2505/2505/2505 2504/2504/2504
f 2505/2505/2505 2507/2507/2507 2504/2504/2504
f 2508/2508/2508 2505/2505/2505 2506/2506/2506
f 2509/2509/2509 2508/2508/2508 2506/2506/2506
f 2510/2510/2510 2508/2508/2508 2509/2509/2509
f 2511/2511/2511 2510/2510/2510 2509/2509/2509
f 2504/2504/2504 2507/2507/2507 2512/2512/2512
f 2507/2507/2507 2513/2513/2513 2512/2512/2512
f 2512/2512/2512 2513/2513/2513 2514/2514/2514
f 2513/2513/2513 2515/2515/2515 2514/2514/2514
f 2514/2514/2514 2515/2515/2515 2516/2516/2516
f 2515/2515/2515 2517/2517/2517 2516/2516/2516
f 2516/2516/2516 2517/2517/2517 2518/2518/2518
f 2517/2517/2517 2519/2519/2519 2518/2518/2518
f 2518/2518/2518 2519/2519/2519 2520/2520/2520
f 2519/2519/2519 2521/2521/2521 2520/2520/2520
f 2520/2520/2520 2521/2521/2521 2522/2522/2522
f 2521/2521/2521 2523/2523/2523 2522/2522/2522
f 2522/2522/2522 2523/2523/2523 2524/2524/2524
f 2523/2523/2523 2525/2525/2525 2524/2524/2524
f 2528/2528/2528 2527/2527/2527 2526/2526/2526
f 2527/2527/2527 2529/2529/2529 2526/2526/2526
f 2529/2529/2529 2530/2530/2530 2526/2526/2526
f 2531/2531/2531 2527/2527/2527 2528/2528/2528
f 2532/2532/2532 2531/2531/2531 2528/2528/2528
f 2533/2533/2533 2531/2531/2531 2532/2532/2532
f 2534/2534/2534 2533/2533/2533 2532/2532/2532
f 2535/2535/2535 2533/2533/2533 2534/2534/2534
f 2536/2536/2536 2535/2535/2535 2534/2534/2534
f 2537/2537/2537 2535/2535/2535 2536/2536/2536
f 2538/2538/2538 2537/2537/2537 2536/2536/2536
f 2539/2539/2539 2537/2537/2537 2538/2538/2538
f 2540/2540/2540 2539/2539/2539 2538/2538/2538
f 2541/2541/2541 2539/2539/2539 2540/2540/2540
f 2542/2542/2542 2541/2541/2541 2540/2540/2540
f 2543/2543/2543 2541/2541/2541 2542/2542/2542
f 2544/2544/2544 2543/2543/2543 2542/2542/2542
f 2545/2545/2545 2543/2543/2543 2544/2544/2544
f 2546/2546/2546 2545/2545/2545 2544/2544/2544
f 2547/2547/2547 2545/2545/2545 2546/2546/2546
f 2548/2548/2548 2547/2547/2547 2546/2546/2546
f 2549/2549/2549 2547/2547/2547 2548/2548/2548
f 2550/2550/2550 2549/2549/2549 2548/2548/2548
f 2551/2551/2551 2549/2549/2549 2550/2550/2550
f 2552/2552/2552 2551/2551/2551 2550/2550/2550
f 2553/2553/2553 2551/2551/2551 2552/2552/2552
f 2554/2554/2554 2553/2553/2553 2552/2552/2552
f 2555/2555/2555 2553/2553/2553 2554/2554/2554
f 2556/2556/2556 2555/2555/2555 2554/2554/2554
f 2559/2559/2559 2558/2558/2558 2557/2557/2557
f 2558/2558/2558 2560/2560/2560 2557/2557/2557
f 2561/2561/2561 2558/2558/2558 2559/2559/2559
f 2562/2562/2562 2561/2561/2561 2559/2559/2559
f 2557/2557/2557 2560/2560/2560 2563/2563/2563
f 2560/2560/2560 2564/2564/2564 2563/2563/2563
f 2567/2567/2567 2566/2566/2566 2565/2565/2565
f 2566/2566/2566 2568/2568/2568 2565/2565/2565
f 2571/2571/2571 2570/2570/2570 2569/2569/2569
f 2570/2570/2570 2572/2572/2572 2569/2569/2569
f 2575/2575/2575 2574/2574/2574 2573/2573/2573
f 2574/2574/2574 2576/2576/2576 2573/2573/2573
f 2579/2579/2579 2578/2578/2578 2577/2577/2577
f 2578/2578/2578 2580/2580/2580 2577/2577/2577
f 2583/2583/2583 2582/2582/2582 2581/2581/2581
f 2582/2582/2582 2584/2584/2584 2581/2581/2581
f 2587/2587/2587 2586/2586/2586 2585/2585/2585
f 2585/2585/2585 2586/2586/2586 2588/2588/2588
f 2586/2586/2586 2589/2589/2589 2588/2588/2588
f 2588/2588/2588 2589/2589/2589 2590/2590/2590
f 2589/2589/2589 2591/2591/2591 2590/2590/2590
f 2590/2590/2590 2591/2591/2591 2592/2592/2592
f 2591/2591/2591 2593/2593/2593 2592/2592/2592
f 2592/2592/2592 2593/2593/2593 2594/2594/2594
f 2593/2593/2593 2595/2595/2595 2594/2594/2594
f 2594/2594/2594 2595/2595/2595 2596/2596/2596
f 2595/2595/2595 2597/2597/2597 2596/2596/2596
f 2596/2596/2596 2597/2597/2597 2598/2598/2598
f 2597/2597/2597 2599/2599/2599 2598/2598/2598
f 2598/2598/2598 2599/2599/2599 2600/2600/2600
f 2599/2599/2599 2601/2601/2601 2600/2600/2600
f 2600/2600/2600 2601/2601/2601 2602/2602/2602
f 2601/2601/2601 2603/2603/2603 2602/2602/2602
f 2606/2606/2606 2605/2605/2605 2604/2604/2604
f 2607/2607/2607 2605/2605/2605 2606/2606/2606
f 2608/2608/2608 2607/2607/2607 2606/2606/2606
f 2609/2609/2609 2607/2607/2607 2608/2608/2608
f 2610/2610/2610 2609/2609/2609 2608/2608/2608
f 2611/2611/2611 2609/2609/2609 2610/2610/2610
f 2612/2612/2612 2609/2609/2609 2611/2611/2611
f 2613/2613/2613 2609/2609/2609 2612/2612/2612
f 2614/2614/2614 2609/2609/2609 2613/2613/2613
f 2615/2615/2615 2609/2609/2609 2614/2614/2614
f 2616/2616/2616 2609/2609/2609 2615/2615/2615
f 2617/2617/2617 2616/2616/2616 2615/2615/2615
f 2618/2618/2618 2616/2616/2616 2617/2617/2617
f 2619/2619/2619 2618/2618/2618 2617/2617/2617
f 2620/2620/2620 2618/2618/2618 2619/2619/2619
f 2621/2621/2621 2620/2620/2620 2619/2619/2619
f 2622/2622/2622 2620/2620/2620 2621/2621/2621
f 2623/2623/2623 2622/2622/2622 2621/2621/2621
f 2624/2624/2624 2622/2622/2622 2623/2623/2623
f 2625/2625/2625 2624/2624/2624 2623/2623/2623
f 2626/2626/2626 2624/2624/2624 2625/2625/2625
f 2627/2627/2627 2626/2626/2626 2625/2625/2625
f 2628/2628/2628 2626/2626/2626 2627/2627/2627
f 2629/2629/2629 2628/2628/2628 2627/2627/2627
f 2630/2630/2630 2628/2628/2628 2629/2629/2629
f 2631/2631/2631 2630/2630/2630 2629/2629/2629
f 2632/2632/2632 2630/2630/2630 2631/2631/2631
f 2633/2633/2633 2632/2632/2632 2631/2631/2631
f 2634/2634/2634 2632/2632/2632 2633/2633/2633
f 2635/2635/2635 2634/2634/2634 2633/2633/2633
f 2636/2636/2636 2634/2634/2634 2635/2635/2635
f 2637/2637/2637 2636/2636/2636 2635/2635/2635
f 2638/2638/2638 2636/2636/2636 2637/2637/2637
f 2639/2639/2639 2638/2638/2638 2637/2637/2637
f 2640/2640/2640 2639/2639/2639 2637/2637/2637
f 2641/2641/2641 2639/2639/2639 2640/2640/2640
f 2642/2642/2642 2641/2641/2641 2640/2640/2640
f 2643/2643/2643 2641/2641/2641 2642/2642/2642
f 2644/2644/2644 2643/2643/2643 2642/2642/2642
f 2645/2645/2645 2643/2643/2643 2644/2644/2644
f 2646/2646/2646 2645/2645/2645 2644/2644/2644
f 2649/2649/2649 2648/2648/2648 2647/2647/2647
f 2648/2648/2648 2650/2650/2650 2647/2647/2647
f 2651/2651/2651 2648/2648/2648 2649/2649/2649
f 2652/2652/2652 2651/2651/2651 2649/2649/2649
f 2653/2653/2653 2651/2651/2651 2652/2652/2652
f 2654/2654/2654 2653/2653/2653 2652/2652/2652
f 2655/2655/2655 2653/2653/2653 2654/2654/2654
f 2656/2656/2656 2655/2655/2655 2654/2654/2654
f 2657/2657/2657 2655/2655/2655 2656/2656/2656
f 2658/2658/2658 2657/2657/2657 2656/2656/2656
f 2661/2661/2661 2660/2660/2660 2659/2659/2659
f 2660/2660/2660 2662/2662/2662 2659/2659/2659
f 2663/2663/2663 2660/2660/2660 2661/2661/2661
f 2664/2664/2664 2663/2663/2663 2661/2661/2661
f 2665/2665/2665 2663/2663/2663 2664/2664/2664
f 2666/2666/2666 2665/2665/2665 2664/2664/2664
f 2667/2667/2667 2665/2665/2665 2666/2666/2666
f 2668/2668/2668 2667/2667/2667 2666/2666/2666
f 2669/2669/2669 2667/2667/2667 2668/2668/2668
f 2670/2670/2670 2669/2669/2669 2668/2668/2668
f 2671/2671/2671 2670/2670/2670 2668/2668/2668
f 2659/2659/2659 2662/2662/2662 2672/2672/2672
f 2662/2662/2662 2673/2673/2673 2672/2672/2672
f 2672/2672/2672 2673/2673/2673 2674/2674/2674
f 2673/2673/2673 2675/2675/2675 2674/2674/2674
f 2674/2674/2674 2675/2675/2675 2676/2676/2676
f 2675/2675/2675 2677/2677/2677 2676/2676/2676
f 2676/2676/2676 2677/2677/2677 2678/2678/2678
f 2677/2677/2677 2679/2679/2679 2678/2678/2678
f 2678/2678/2678 2679/2679/2679 2680/2680/2680
f 2679/2679/2679 2681/2681/2681 2680/2680/2680
f 2680/2680/2680 2681/2681/2681 2682/2682/2682
f 2681/2681/2681 2683/2683/2683 2682/2682/2682
f 2682/2682/2682 2683/2683/2683 2684/2684/2684
f 2684/2684/2684 2683/2683/2683 2685/2685/2685
f 2683/2683/2683 2686/2686/2686 2685/2685/2685
f 2685/2685/2685 2686/2686/2686 2687/2687/2687
f 2686/2686/2686 2688/2688/2688 2687/2687/2687
f 2687/2687/2687 2688/2688/2688 2689/2689/2689
f 2688/2688/2688 2690/2690/2690 2689/2689/2689
f 2689/2689/2689 2690/2690/2690 2691/2691/2691
f 2690/2690/2690 2692/2692/2692 2691/2691/2691
f 2691/2691/2691 2692/2692/2692 2693/2693/2693
f 2692/2692/2692 2694/2694/2694 2693/2693/2693
f 2693/2693/2693 2694/2694/2694 2695/2695/2695
f 2694/2694/2694 2696/2696/2696 2695/2695/2695
f 2696/2696/2696 2697/2697/2697 2695/2695/2695
f 2695/2695/2695 2697/2697/2697 2698/2698/2698
f 2697/2697/2697 2699/2699/2699 2698/2698/2698
f 2698/2698/2698 2699/2699/2699 2700/2700/2700
f 2699/2699/2699 2701/2701/2701 2700/2700/2700
f 2700/2700/2700 2701/2701/2701 2702/2702/2702
f 2701/2701/2701 2703/2703/2703 2702/2702/2702
f 2702/2702/2702 2703/2703/2703 2704/2704/2704
f 2703/2703/2703 2705/2705/2705 2704/2704/2704
f 2704/2704/2704 2705/2705/2705 2706/2706/2706
f 2705/2705/2705 2707/2707/2707 2706/2706/2706
f 2706/2706/2706 2707/2707/2707 2708/2708/2708
f 2707/2707/2707 2709/2709/2709 2708/2708/2708
f 2708/2708/2708 2709/2709/2709 2710/2710/2710
f 2709/2709/2709 2711/2711/2711 2710/2710/2710
f 2710/2710/2710 2711/2711/2711 2712/2712/2712
f 2711/2711/2711 2713/2713/2713 2712/2712/2712
f 2712/2712/2712 2713/2713/2713 2671/2671/2671
f 2713/2713/2713 2670/2670/2670 2671/2671/2671
f 2716/2716/2716 2715/2715/2715 2714/2714/2714
f 2715/2715/2715 2717/2717/2717 2714/2714/2714
f 2718/2718/2718 2715/2715/2715 2716/2716/2716
f 2719/2719/2719 2718/2718/2718 2716/2716/2716
f 2720/2720/2720 2718/2718/2718 2719/2719/2719
f 2721/2721/2721 2720/2720/2720 2719/2719/2719
f 2722/2722/2722 2720/2720/2720 2721/2721/2721
f 2723/2723/2723 2722/2722/2722 2721/2721/2721
f 2724/2724/2724 2722/2722/2722 2723/2723/2723
f 2725/2725/2725 2724/2724/2724 2723/2723/2723
f 2726/2726/2726 2724/2724/2724 2725/2725/2725
f 2727/2727/2727 2724/2724/2724 2726/2726/2726
f 2728/2728/2728 2727/2727/2727 2726/2726/2726
f 2729/2729/2729 2727/2727/2727 2728/2728/2728
f 2730/2730/2730 2729/2729/2729 2728/2728/2728
f 2731/2731/2731 2729/2729/2729 2730/2730/2730
f 2732/2732/2732 2731/2731/2731 2730/2730/2730
f 2733/2733/2733 2731/2731/2731 2732/2732/2732
f 2734/2734/2734 2733/2733/2733 2732/2732/2732
f 2735/2735/2735 2733/2733/2733 2734/2734/2734
f 2736/2736/2736 2735/2735/2735 2734/2734/2734
f 2737/2737/2737 2735/2735/2735 2736/2736/2736
f 2738/2738/2738 2737/2737/2737 2736/2736/2736
f 2739/2739/2739 2737/2737/2737 2738/2738/2738
f 2740/2740/2740 2739/2739/2739 2738/2738/2738
f 2741/2741/2741 2739/2739/2739 2740/2740/2740
f 2742/2742/2742 2741/2741/2741 2740/2740/2740
f 2743/2743/2743 2741/2741/2741 2742/2742/2742
f 2744/2744/2744 2743/2743/2743 2742/2742/2742
f 2745/2745/2745 2743/2743/2743 2744/2744/2744
f 2746/2746/2746 2745/2745/2745 2744/2744/2744
f 2747/2747/2747 2745/2745/2745 2746/2746/2746
f 2748/2748/2748 2747/2747/2747 2746/2746/2746
f 2749/2749/2749 2748/2748/2748 2746/2746/2746
f 2750/2750/2750 2748/2748/2748 2749/2749/2749
f 2751/2751/2751 2750/2750/2750 2749/2749/2749
f 2752/2752/2752 2750/2750/2750 2751/2751/2751
f 2753/2753/2753 2752/2752/2752 2751/2751/2751
f 2754/2754/2754 2752/2752/2752 2753/2753/2753
f 2755/2755/2755 2754/2754/2754 2753/2753/2753
f 2756/2756/2756 2754/2754/2754 2755/2755/2755
f 2756/2756/2756 2755/2755/2755 2757/2757/2757
f 2758/2758/2758 2756/2756/2756 2757/2757/2757
f 2759/2759/2759 2758/2758/2758 2757/2757/2757
f 2760/2760/2760 2759/2759/2759 2757/2757/2757
f 2761/2761/2761 2759/2759/2759 2760/2760/2760
f 2762/2762/2762 2761/2761/2761 2760/2760/2760
f 2763/2763/2763 2761/2761/2761 2762/2762/2762
f 2764/2764/2764 2763/2763/2763 2762/2762/2762
f 2765/2765/2765 2763/2763/2763 2764/2764/2764
f 2766/2766/2766 2765/2765/2765 2764/2764/2764
f 2717/2717/2717 2765/2765/2765 2766/2766/2766
f 2714/2714/2714 2717/2717/2717 2766/2766/2766
f 2769/2769/2769 2768/2768/2768 2767/2767/2767
f 2768/2768/2768 2770/2770/2770 2767/2767/2767
f 2771/2771/2771 2768/2768/2768 2769/2769/2769
f 2772/2772/2772 2768/2768/2768 2771/2771/2771
f 2773/2773/2773 2768/2768/2768 2772/2772/2772
f 2774/2774/2774 2768/2768/2768 2773/2773/2773
f 2767/2767/2767 2770/2770/2770 2775/2775/2775
f 2770/2770/2770 2776/2776/2776 2775/2775/2775
f 2775/2775/2775 2776/2776/2776 2777/2777/2777
f 2776/2776/2776 2778/2778/2778 2777/2777/2777
f 2777/2777/2777 2778/2778/2778 2779/2779/2779
f 2778/2778/2778 2780/2780/2780 2779/2779/2779
f 2779/2779/2779 2780/2780/2780 2781/2781/2781
f 2780/2780/2780 2782/2782/2782 2781/2781/2781
f 2781/2781/2781 2782/2782/2782 2783/2783/2783
f 2782/2782/2782 2784/2784/2784 2783/2783/2783
f 2783/2783/2783 2784/2784/2784 2785/2785/2785
f 2784/2784/2784 2786/2786/2786 2785/2785/2785
f 2785/2785/2785 2786/2786/2786 2787/2787/2787
f 2786/2786/2786 2788/2788/2788 2787/2787/2787
f 2787/2787/2787 2788/2788/2788 2789/2789/2789
f 2788/2788/2788 2790/2790/2790 2789/2789/2789
f 2789/2789/2789 2790/2790/2790 2791/2791/2791
f 2790/2790/2790 2792/2792/2792 2791/2791/2791
f 2791/2791/2791 2792/2792/2792 2793/2793/2793
f 2792/2792/2792 2794/2794/2794 2793/2793/2793
f 2797/2797/2797 2796/2796/2796 2795/2795/2795
f 2796/2796/2796 2798/2798/2798 2795/2795/2795
f 2801/2801/2801 2800/2800/2800 2799/2799/2799
f 2800/2800/2800 2802/2802/2802 2799/2799/2799
f 2803/2803/2803 2800/2800/2800 2801/2801/2801
f 2804/2804/2804 2803/2803/2803 2801/2801/2801
f 2799/2799/2799 2802/2802/2802 2805/2805/2805
f 2802/2802/2802 2806/2806/2806 2805/2805/2805
f 2805/2805/2805 2806/2806/2806 2807/2807/2807
f 2806/2806/2806 2808/2808/2808 2807/2807/2807
f 2807/2807/2807 2808/2808/2808 2809/2809/2809
f 2808/2808/2808 2810/2810/2810 2809/2809/2809
f 2813/2813/2813 2812/2812/2812 2811/2811/2811
f 2812/2812/2812 2814/2814/2814 2811/2811/2811
f 2815/2815/2815 2812/2812/2812 2813/2813/2813
f 2816/2816/2816 2815/2815/2815 2813/2813/2813
f 2817/2817/2817 2815/2815/2815 2816/2816/2816
f 2818/2818/2818 2817/2817/2817 2816/2816/2816
f 2819/2819/2819 2817/2817/2817 2818/2818/2818
f 2820/2820/2820 2819/2819/2819 2818/2818/2818
f 2811/2811/2811 2814/2814/2814 2821/2821/2821
f 2814/2814/2814 2822/2822/2822 2821/2821/2821
f 2821/2821/2821 2822/2822/2822 2823/2823/2823
f 2822/2822/2822 2824/2824/2824 2823/2823/2823
f 2823/2823/2823 2824/2824/2824 2825/2825/2825
f 2824/2824/2824 2826/2826/2826 2825/2825/2825
f 2825/2825/2825 2826/2826/2826 2827/2827/2827
f 2826/2826/2826 2828/2828/2828 2827/2827/2827
f 2827/2827/2827 2828/2828/2828 2829/2829/2829
f 2828/2828/2828 2830/2830/2830 2829/2829/2829
f 2833/2833/2833 2832/2832/2832 2831/2831/2831
f 2832/2832/2832 2834/2834/2834 2831/2831/2831
f 2835/2835/2835 2832/2832/2832 2833/2833/2833
f 2836/2836/2836 2835/2835/2835 2833/2833/2833
f 2837/2837/2837 2835/2835/2835 2836/2836/2836
f 2838/2838/2838 2837/2837/2837 2836/2836/2836
f 2839/2839/2839 2837/2837/2837 2838/2838/2838
f 2840/2840/2840 2839/2839/2839 2838/2838/2838
f 2841/2841/2841 2839/2839/2839 2840/2840/2840
f 2842/2842/2842 2841/2841/2841 2840/2840/2840
f 2843/2843/2843 2841/2841/2841 2842/2842/2842
f 2844/2844/2844 2843/2843/2843 2842/2842/2842
f 2845/2845/2845 2843/2843/2843 2844/2844/2844
f 2846/2846/2846 2845/2845/2845 2844/2844/2844
f 2849/2849/2849 2848/2848/2848 2847/2847/2847
f 2848/2848/2848 2850/2850/2850 2847/2847/2847
f 2848/2848/2848 2851/2851/2851 2850/2850/2850
f 2852/2852/2852 2849/2849/2849 2847/2847/2847
f 2853/2853/2853 2852/2852/2852 2847/2847/2847
f 2854/2854/2854 2852/2852/2852 2853/2853/2853
f 2855/2855/2855 2854/2854/2854 2853/2853/2853
f 2856/2856/2856 2854/2854/2854 2855/2855/2855
f 2857/2857/2857 2856/2856/2856 2855/2855/2855
f 2858/2858/2858 2856/2856/2856 2857/2857/2857
f 2859/2859/2859 2858/2858/2858 2857/2857/2857
f 2860/2860/2860 2858/2858/2858 2859/2859/2859
f 2861/2861/2861 2860/2860/2860 2859/2859/2859
f 2862/2862/2862 2860/2860/2860 2861/2861/2861
f 2863/2863/2863 2862/2862/2862 2861/2861/2861
f 2864/2864/2864 2862/2862/2862 2863/2863/2863
f 2865/2865/2865 2864/2864/2864 2863/2863/2863
f 2866/2866/2866 2864/2864/2864 2865/2865/2865
f 2867/2867/2867 2866/2866/2866 2865/2865/2865
f 2868/2868/2868 2866/2866/2866 2867/2867/2867
f 2869/2869/2869 2868/2868/2868 2867/2867/2867
f 2870/2870/2870 2868/2868/2868 2869/2869/2869
f 2871/2871/2871 2870/2870/2870 2869/2869/2869
f 2872/2872/2872 2870/2870/2870 2871/2871/2871
f 2873/2873/2873 2872/2872/2872 2871/2871/2871
f 2874/2874/2874 2872/2872/2872 2873/2873/2873
f 2875/2875/2875 2874/2874/2874 2873/2873/2873
f 2876/2876/2876 2874/2874/2874 2875/2875/2875
f 2877/2877/2877 2876/2876/2876 2875/2875/2875
f 2878/2878/2878 2877/2877/2877 2875/2875/2875
f 2879/2879/2879 2877/2877/2877 2878/2878/2878
f 2880/2880/2880 2879/2879/2879 2878/2878/2878
f 2881/2881/2881 2879/2879/2879 2880/2880/2880
f 2882/2882/2882 2881/2881/2881 2880/2880/2880
f 2883/2883/2883 2881/2881/2881 2882/2882/2882
f 2884/2884/2884 2883/2883/2883 2882/2882/2882
f 2885/2885/2885 2883/2883/2883 2884/2884/2884
f 2886/2886/2886 2885/2885/2885 2884/2884/2884
f 2887/2887/2887 2885/2885/2885 2886/2886/2886
f 2888/2888/2888 2887/2887/2887 2886/2886/2886
f 2889/2889/2889 2887/2887/2887 2888/2888/2888
f 2890/2890/2890 2889/2889/2889 2888/2888/2888
f 2891/2891/2891 2889/2889/2889 2890/2890/2890
f 2892/2892/2892 2891/2891/2891 2890/2890/2890
f 2893/2893/2893 2891/2891/2891 2892/2892/2892
f 2894/2894/2894 2893/2893/2893 2892/2892/2892
f 2895/2895/2895 2893/2893/2893 2894/2894/2894
f 2896/2896/2896 2895/2895/2895 2894/2894/2894
f 2897/2897/2897 2895/2895/2895 2896/2896/2896
f 2898/2898/2898 2897/2897/2897 2896/2896/2896
f 2899/2899/2899 2897/2897/2897 2898/2898/2898
f 2900/2900/2900 2899/2899/2899 2898/2898/2898
f 2901/2901/2901 2899/2899/2899 2900/2900/2900
f 2902/2902/2902 2901/2901/2901 2900/2900/2900
f 2903/2903/2903 2902/2902/2902 2900/2900/2900
f 2904/2904/2904 2902/2902/2902 2903/2903/2903
f 2905/2905/2905 2904/2904/2904 2903/2903/2903
f 2906/2906/2906 2904/2904/2904 2905/2905/2905
f 2907/2907/2907 2906/2906/2906 2905/2905/2905
f 2908/2908/2908 2906/2906/2906 2907/2907/2907
f 2909/2909/2909 2908/2908/2908 2907/2907/2907
f 2910/2910/2910 2908/2908/2908 2909/2909/2909
f 2911/2911/2911 2910/2910/2910 2909/2909/2909
f 2912/2912/2912 2910/2910/2910 2911/2911/2911
f 2913/2913/2913 2912/2912/2912 2911/2911/2911
f 2851/2851/2851 2912/2912/2912 2913/2913/2913
f 2850/2850/2850 2851/2851/2851 2913/2913/2913
f 2916/2916/2916 2915/2915/2915 2914/2914/2914
f 2915/2915/2915 2917/2917/2917 2914/2914/2914
f 2920/2920/2920 2919/2919/2919 2918/2918/2918
f 2919/2919/2919 2921/2921/2921 2918/2918/2918
f 2921/2921/2921 2922/2922/2922 2918/2918/2918
f 2923/2923/2923 2919/2919/2919 2920/2920/2920
f 2924/2924/2924 2923/2923/2923 2920/2920/2920
f 2925/2925/2925 2923/2923/2923 2924/2924/2924
f 2926/2926/2926 2925/2925/2925 2924/2924/2924
f 2927/2927/2927 2925/2925/2925 2926/2926/2926
f 2928/2928/2928 2927/2927/2927 2926/2926/2926
f 2929/2929/2929 2927/2927/2927 2928/2928/2928
f 2930/2930/2930 2929/2929/2929 2928/2928/2928
f 2931/2931/2931 2929/2929/2929 2930/2930/2930
f 2932/2932/2932 2931/2931/2931 2930/2930/2930
f 2935/2935/2935 2934/2934/2934 2933/2933/2933
f 2934/2934/2934 2936/2936/2936 2933/2933/2933
f 2937/2937/2937 2934/2934/2934 2935/2935/2935
f 2938/2938/2938 2937/2937/2937 2935/2935/2935
f 2939/2939/2939 2937/2937/2937 2938/2938/2938
f 2940/2940/2940 2939/2939/2939 2938/2938/2938
f 2939/2939/2939 2940/2940/2940 2941/2941/2941
f 2940/2940/2940 2942/2942/2942 2941/2941/2941
f 2943/2943/2943 2941/2941/2941 2942/2942/2942
f 2944/2944/2944 2943/2943/2943 2942/2942/2942
f 2933/2933/2933 2936/2936/2936 2945/2945/2945
f 2936/2936/2936 2946/2946/2946 2945/2945/2945
f 2945/2945/2945 2946/2946/2946 2947/2947/2947
f 2947/2947/2947 2946/2946/2946 2948/2948/2948
f 2948/2948/2948 2946/2946/2946 2949/2949/2949
f 2949/2949/2949 2946/2946/2946 2950/2950/2950
f 2950/2950/2950 2946/2946/2946 2951/2951/2951
f 2946/2946/2946 2952/2952/2952 2951/2951/2951
f 2951/2951/2951 2952/2952/2952 2953/2953/2953
f 2952/2952/2952 2954/2954/2954 2953/2953/2953
f 2953/2953/2953 2954/2954/2954 2955/2955/2955
f 2954/2954/2954 2956/2956/2956 2955/2955/2955
f 2955/2955/2955 2956/2956/2956 2957/2957/2957
f 2956/2956/2956 2958/2958/2958 2957/2957/2957
f 2957/2957/2957 2958/2958/2958 2959/2959/2959
f 2958/2958/2958 2960/2960/2960 2959/2959/2959
f 2959/2959/2959 2960/2960/2960 2961/2961/2961
f 2960/2960/2960 2962/2962/2962 2961/2961/2961
f 2962/2962/2962 2963/2963/2963 2961/2961/2961
f 2963/2963/2963 2964/2964/2964 2961/2961/2961
f 2963/2963/2963 2965/2965/2965 2964/2964/2964
f 2964/2964/2964 2965/2965/2965 2966/2966/2966
f 2965/2965/2965 2967/2967/2967 2966/2966/2966
f 2966/2966/2966 2967/2967/2967 2968/2968/2968
f 2967/2967/2967 2969/2969/2969 2968/2968/2968
f 2968/2968/2968 2969/2969/2969 2970/2970/2970
f 2969/2969/2969 2971/2971/2971 2970/2970/2970
f 2970/2970/2970 2971/2971/2971 2972/2972/2972
f 2971/2971/2971 2973/2973/2973 2972/2972/2972
f 2973/2973/2973 2974/2974/2974 2972/2972/2972
f 2972/2972/2972 2974/2974/2974 2975/2975/2975
f 2974/2974/2974 2976/2976/2976 2975/2975/2975
f 2975/2975/2975 2976/2976/2976 2977/2977/2977
f 2976/2976/2976 2978/2978/2978 2977/2977/2977
f 2977/2977/2977 2978/2978/2978 2944/2944/2944
f 2978/2978/2978 2943/2943/2943 2944/2944/2944
f 2981/2981/2981 2980/2980/2980 2979/2979/2979
f 2980/2980/2980 2982/2982/2982 2979/2979/2979
f 2985/2985/2985 2984/2984/2984 2983/2983/2983
f 2984/2984/2984 2986/2986/2986 2983/2983/2983
f 2987/2987/2987 2984/2984/2984 2985/2985/2985
f 2988/2988/2988 2987/2987/2987 2985/2985/2985
f 2989/2989/2989 2987/2987/2987 2988/2988/2988
f 2990/2990/2990 2989/2989/2989 2988/2988/2988
f 2991/2991/2991 2989/2989/2989 2990/2990/2990
f 2992/2992/2992 2991/2991/2991 2990/2990/2990
f 2993/2993/2993 2991/2991/2991 2992/2992/2992
f 2994/2994/2994 2993/2993/2993 2992/2992/2992
f 2995/2995/2995 2993/2993/2993 2994/2994/2994
f 2996/2996/2996 2995/2995/2995 2994/2994/2994
f 2997/2997/2997 2995/2995/2995 2996/2996/2996
f 2998/2998/2998 2997/2997/2997 2996/2996/2996
f 2983/2983/2983 2986/2986/2986 2999/2999/2999
f 2986/2986/2986 3000/3000/3000 2999/2999/2999
f 2999/2999/2999 3000/3000/3000 3001/3001/3001
f 3001/3001/3001 3000/3000/3000 3002/3002/3002
f 3005/3005/3005 3004/3004/3004 3003/3003/3003
f 3004/3004/3004 3006/3006/3006 3003/3003/3003
f 3007/3007/3007 3004/3004/3004 3005/3005/3005
f 3008/3008/3008 3007/3007/3007 3005/3005/3005
f 3009/3009/3009 3007/3007/3007 3008/3008/3008
f 3010/3010/3010 3009/3009/3009 3008/3008/3008
f 3011/3011/3011 3009/3009/3009 3010/3010/3010
f 3012/3012/3012 3011/3011/3011 3010/3010/3010
f 3013/3013/3013 3011/3011/3011 3012/3012/3012
f 3014/3014/3014 3013/3013/3013 3012/3012/3012
f 3015/3015/3015 3013/3013/3013 3014/3014/3014
f 3016/3016/3016 3015/3015/3015 3014/3014/3014
f 3017/3017/3017 3015/3015/3015 3016/3016/3016
f 3018/3018/3018 3017/3017/3017 3016/3016/3016
f 3019/3019/3019 3017/3017/3017 3018/3018/3018
f 3020/3020/3020 3019/3019/3019 3018/3018/3018
f 3021/3021/3021 3019/3019/3019 3020/3020/3020
f 3022/3022/3022 3021/3021/3021 3020/3020/3020
f 3023/3023/3023 3022/3022/3022 3020/3020/3020
f 3024/3024/3024 3022/3022/3022 3023/3023/3023
f 3025/3025/3025 3024/3024/3024 3023/3023/3023
f 3026/3026/3026 3024/3024/3024 3025/3025/3025
f 3027/3027/3027 3026/3026/3026 3025/3025/3025
f 3028/3028/3028 3026/3026/3026 3027/3027/3027
f 3029/3029/3029 3028/3028/3028 3027/3027/3027
f 3030/3030/3030 3028/3028/3028 3029/3029/3029
f 3031/3031/3031 3030/3030/3030 3029/3029/3029
f 3032/3032/3032 3030/3030/3030 3031/3031/3031
f 3033/3033/3033 3030/3030/3030 3032/3032/3032
f 3034/3034/3034 3033/3033/3033 3032/3032/3032
f 3035/3035/3035 3033/3033/3033 3034/3034/3034
f 3036/3036/3036 3035/3035/3035 3034/3034/3034
f 3037/3037/3037 3035/3035/3035 3036/3036/3036
f 3038/3038/3038 3037/3037/3037 3036/3036/3036
f 3039/3039/3039 3037/3037/3037 3038/3038/3038
f 3040/3040/3040 3039/3039/3039 3038/3038/3038
f 3041/3041/3041 3039/3039/3039 3040/3040/3040
f 3042/3042/3042 3041/3041/3041 3040/3040/3040
f 3043/3043/3043 3041/3041/3041 3042/3042/3042
f 3044/3044/3044 3043/3043/3043 3042/3042/3042
f 3045/3045/3045 3043/3043/3043 3044/3044/3044
f 3046/3046/3046 3043/3043/3043 3045/3045/3045
f 3047/3047/3047 3043/3043/3043 3046/3046/3046
f 3048/3048/3048 3043/3043/3043 3047/3047/3047
f 3006/3006/3006 3043/3043/3043 3048/3048/3048
f 3003/3003/3003 3006/3006/3006 3048/3048/3048
f 3051/3051/3051 3050/3050/3050 3049/3049/3049
f 3050/3050/3050 3052/3052/3052 3049/3049/3049
f 3053/3053/3053 3050/3050/3050 3051/3051/3051
f 3054/3054/3054 3053/3053/3053 3051/3051/3051
f 3055/3055/3055 3053/3053/3053 3054/3054/3054
f 3056/3056/3056 3055/3055/3055 3054/3054/3054
f 3057/3057/3057 3055/3055/3055 3056/3056/3056
f 3058/3058/3058 3057/3057/3057 3056/3056/3056
f 3059/3059/3059 3057/3057/3057 3058/3058/3058
f 3049/3049/3049 3052/3052/3052 2774/2774/2774
f 3052/3052/3052 2768/2768/2768 2774/2774/2774
f 3062/3062/3062 3061/3061/3061 3060/3060/3060
f 3061/3061/3061 3063/3063/3063 3060/3060/3060
f 3064/3064/3064 3061/3061/3061 3062/3062/3062
f 3065/3065/3065 3064/3064/3064 3062/3062/3062
f 3060/3060/3060 3063/3063/3063 3066/3066/3066
f 3063/3063/3063 3067/3067/3067 3066/3066/3066
f 3066/3066/3066 3067/3067/3067 3068/3068/3068
f 3067/3067/3067 3069/3069/3069 3068/3068/3068
f 3068/3068/3068 3069/3069/3069 3070/3070/3070
f 3069/3069/3069 3071/3071/3071 3070/3070/3070
f 3074/3074/3074 3073/3073/3073 3072/3072/3072
f 3073/3073/3073 3075/3075/3075 3072/3072/3072
f 3078/3078/3078 3077/3077/3077 3076/3076/3076
f 3077/3077/3077 3079/3079/3079 3076/3076/3076
f 3080/3080/3080 3077/3077/3077 3078/3078/3078
f 3081/3081/3081 3080/3080/3080 3078/3078/3078
f 3082/3082/3082 3080/3080/3080 3081/3081/3081
f 3083/3083/3083 3082/3082/3082 3081/3081/3081
f 3076/3076/3076 3079/3079/3079 3084/3084/3084
f 3079/3079/3079 3085/3085/3085 3084/3084/3084
f 3084/3084/3084 3085/3085/3085 3086/3086/3086
f 3089/3089/3089 3088/3088/3088 3087/3087/3087
f 3088/3088/3088 3090/3090/3090 3087/3087/3087
f 3091/3091/3091 3088/3088/3088 3089/3089/3089
f 3092/3092/3092 3091/3091/3091 3089/3089/3089
f 3093/3093/3093 3091/3091/3091 3092/3092/3092
f 3094/3094/3094 3093/3093/3093 3092/3092/3092
f 3095/3095/3095 3093/3093/3093 3094/3094/3094
f 3096/3096/3096 3095/3095/3095 3094/3094/3094
f 3097/3097/3097 3095/3095/3095 3096/3096/3096
f 3098/3098/3098 3097/3097/3097 3096/3096/3096
f 3099/3099/3099 3097/3097/3097 3098/3098/3098
f 3100/3100/3100 3099/3099/3099 3098/3098/3098
f 3101/3101/3101 3099/3099/3099 3100/3100/3100
f 3102/3102/3102 3101/3101/3101 3100/3100/3100
f 3103/3103/3103 3101/3101/3101 3102/3102/3102
f 3104/3104/3104 3103/3103/3103 3102/3102/3102
f 3105/3105/3105 3103/3103/3103 3104/3104/3104
f 3106/3106/3106 3105/3105/3105 3104/3104/3104
f 3107/3107/3107 3105/3105/3105 3106/3106/3106
f 3108/3108/3108 3107/3107/3107 3106/3106/3106
f 3109/3109/3109 3107/3107/3107 3108/3108/3108
f 3110/3110/3110 3109/3109/3109 3108/3108/3108
f 3113/3113/3113 3112/3112/3112 3111/3111/3111
f 3112/3112/3112 3114/3114/3114 3111/3111/3111
f 3115/3115/3115 3112/3112/3112 3113/3113/3113
f 3116/3116/3116 3115/3115/3115 3113/3113/3113
f 3117/3117/3117 3115/3115/3115 3116/3116/3116
f 3118/3118/3118 3117/3117/3117 3116/3116/3116
f 3119/3119/3119 3117/3117/3117 3118/3118/3118
f 3120/3120/3120 3119/3119/3119 3118/3118/3118
f 3123/3123/3123 3122/3122/3122 3121/3121/3121
f 3122/3122/3122 3124/3124/3124 3121/3121/3121
f 3127/3127/3127 3126/3126/3126 3125/3125/3125
f 3128/3128/3128 3126/3126/3126 3127/3127/3127
f 3129/3129/3129 3126/3126/3126 3128/3128/3128
f 3130/3130/3130 3126/3126/3126 3129/3129/3129
f 3131/3131/3131 3126/3126/3126 3130/3130/3130
f 3132/3132/3132 3126/3126/3126 3131/3131/3131
f 3133/3133/3133 3132/3132/3132 3131/3131/3131
f 3134/3134/3134 3132/3132/3132 3133/3133/3133
f 3135/3135/3135 3132/3132/3132 3134/3134/3134
f 3138/3138/3138 3137/3137/3137 3136/3136/3136
f 3139/3139/3139 3137/3137/3137 3138/3138/3138
f 3140/3140/3140 3137/3137/3137 3139/3139/3139
f 3141/3141/3141 3137/3137/3137 3140/3140/3140
f 3142/3142/3142 3141/3141/3141 3140/3140/3140
f 3143/3143/3143 3141/3141/3141 3142/3142/3142
f 3144/3144/3144 3143/3143/3143 3142/3142/3142
f 3145/3145/3145 3143/3143/3143 3144/3144/3144
f 3146/3146/3146 3143/3143/3143 3145/3145/3145
f 3147/3147/3147 3143/3143/3143 3146/3146/3146
f 3148/3148/3148 3143/3143/3143 3147/3147/3147
f 3149/3149/3149 3143/3143/3143 3148/3148/3148
f 3150/3150/3150 3149/3149/3149 3148/3148/3148
f 3151/3151/3151 3149/3149/3149 3150/3150/3150
f 3152/3152/3152 3151/3151/3151 3150/3150/3150
f 3153/3153/3153 3151/3151/3151 3152/3152/3152
f 3154/3154/3154 3153/3153/3153 3152/3152/3152
f 3155/3155/3155 3153/3153/3153 3154/3154/3154
f 3156/3156/3156 3155/3155/3155 3154/3154/3154
f 3157/3157/3157 3155/3155/3155 3156/3156/3156
f 3158/3158/3158 3157/3157/3157 3156/3156/3156
f 3161/3161/3161 3160/3160/3160 3159/3159/3159
f 3160/3160/3160 3162/3162/3162 3159/3159/3159
f 3163/3163/3163 3160/3160/3160 3161/3161/3161
f 3164/3164/3164 3160/3160/3160 3163/3163/3163
f 3165/3165/3165 3160/3160/3160 3164/3164/3164
f 3166/3166/3166 3160/3160/3160 3165/3165/3165
f 3167/3167/3167 3160/3160/3160 3166/3166/3166
f 3159/3159/3159 3162/3162/3162 3168/3168/3168
f 3162/3162/3162 3169/3169/3169 3168/3168/3168
f 3168/3168/3168 3169/3169/3169 3170/3170/3170
f 3169/3169/3169 3171/3171/3171 3170/3170/3170
f 3172/3172/3172 3160/3160/3160 3167/3167/3167
f 3173/3173/3173 3172/3172/3172 3167/3167/3167
f 3174/3174/3174 3172/3172/3172 3173/3173/3173
f 3175/3175/3175 3174/3174/3174 3173/3173/3173
f 3176/3176/3176 3174/3174/3174 3175/3175/3175
f 3177/3177/3177 3176/3176/3176 3175/3175/3175
f 3178/3178/3178 3176/3176/3176 3177/3177/3177
f 3179/3179/3179 3178/3178/3178 3177/3177/3177
f 3182/3182/3182 3181/3181/3181 3180/3180/3180
f 3183/3183/3183 3181/3181/3181 3182/3182/3182
f 3184/3184/3184 3181/3181/3181 3183/3183/3183
f 3180/3180/3180 3181/3181/3181 3185/3185/3185
f 3181/3181/3181 3186/3186/3186 3185/3185/3185
f 3185/3185/3185 3186/3186/3186 3187/3187/3187
f 3186/3186/3186 3188/3188/3188 3187/3187/3187
f 3187/3187/3187 3188/3188/3188 3189/3189/3189
f 3188/3188/3188 3190/3190/3190 3189/3189/3189
f 3189/3189/3189 3190/3190/3190 3191/3191/3191
f 3190/3190/3190 3192/3192/3192 3191/3191/3191
f 3191/3191/3191 3192/3192/3192 3193/3193/3193
f 3194/3194/3194 3191/3191/3191 3193/3193/3193
f 3194/3194/3194 3193/3193/3193 3195/3195/3195
f 3193/3193/3193 3196/3196/3196 3195/3195/3195
f 3195/3195/3195 3196/3196/3196 3197/3197/3197
f 3196/3196/3196 3198/3198/3198 3197/3197/3197
f 3197/3197/3197 3198/3198/3198 3199/3199/3199
f 3198/3198/3198 3200/3200/3200 3199/3199/3199
f 3199/3199/3199 3200/3200/3200 3201/3201/3201
f 3200/3200/3200 3202/3202/3202 3201/3201/3201
f 3205/3205/3205 3204/3204/3204 3203/3203/3203
f 3204/3204/3204 3206/3206/3206 3203/3203/3203
f 3207/3207/3207 3204/3204/3204 3205/3205/3205
f 3203/3203/3203 3206/3206/3206 3208/3208/3208
f 3206/3206/3206 3209/3209/3209 3208/3208/3208
f 3212/3212/3212 3211/3211/3211 3210/3210/3210
f 3213/3213/3213 3211/3211/3211 3212/3212/3212
f 3214/3214/3214 3213/3213/3213 3212/3212/3212
f 3215/3215/3215 3213/3213/3213 3214/3214/3214
f 3216/3216/3216 3215/3215/3215 3214/3214/3214
f 3217/3217/3217 3215/3215/3215 3216/3216/3216
f 3218/3218/3218 3217/3217/3217 3216/3216/3216
f 3219/3219/3219 3217/3217/3217 3218/3218/3218
f 3220/3220/3220 3219/3219/3219 3218/3218/3218
f 3221/3221/3221 3219/3219/3219 3220/3220/3220
f 3222/3222/3222 3221/3221/3221 3220/3220/3220
f 3223/3223/3223 3221/3221/3221 3222/3222/3222
f 3224/3224/3224 3223/3223/3223 3222/3222/3222
f 3225/3225/3225 3223/3223/3223 3224/3224/3224
f 3226/3226/3226 3225/3225/3225 3224/3224/3224
f 3227/3227/3227 3225/3225/3225 3226/3226/3226
f 3228/3228/3228 3227/3227/3227 3226/3226/3226
f 3229/3229/3229 3227/3227/3227 3228/3228/3228
f 3230/3230/3230 3229/3229/3229 3228/3228/3228
f 3233/3233/3233 3232/3232/3232 3231/3231/3231
f 3234/3234/3234 3232/3232/3232 3233/3233/3233
f 3235/3235/3235 3232/3232/3232 3234/3234/3234
f 3236/3236/3236 3235/3235/3235 3234/3234/3234
f 3237/3237/3237 3235/3235/3235 3236/3236/3236
f 3240/3240/3240 3239/3239/3239 3238/3238/3238
f 3239/3239/3239 3241/3241/3241 3238/3238/3238
f 3244/3244/3244 3243/3243/3243 3242/3242/3242
f 3243/3243/3243 3245/3245/3245 3242/3242/3242
f 3246/3246/3246 3243/3243/3243 3244/3244/3244
f 3242/3242/3242 3245/3245/3245 3247/3247/3247
f 3245/3245/3245 3248/3248/3248 3247/3247/3247
f 3247/3247/3247 3248/3248/3248 3249/3249/3249
f 3248/3248/3248 3250/3250/3250 3249/3249/3249
f 3249/3249/3249 3250/3250/3250 3251/3251/3251
f 3250/3250/3250 3252/3252/3252 3251/3251/3251
f 3255/3255/3255 3254/3254/3254 3253/3253/3253
f 3254/3254/3254 3256/3256/3256 3253/3253/3253
f 3253/3253/3253 3256/3256/3256 3257/3257/3257
f 3256/3256/3256 3258/3258/3258 3257/3257/3257
f 3257/3257/3257 3258/3258/3258 3259/3259/3259
f 3258/3258/3258 3260/3260/3260 3259/3259/3259
f 3259/3259/3259 3260/3260/3260 3261/3261/3261
f 3260/3260/3260 3262/3262/3262 3261/3261/3261
f 3265/3265/3265 3264/3264/3264 3263/3263/3263
f 3264/3264/3264 3266/3266/3266 3263/3263/3263
f 3267/3267/3267 3264/3264/3264 3265/3265/3265
f 3268/3268/3268 3267/3267/3267 3265/3265/3265
f 3269/3269/3269 3267/3267/3267 3268/3268/3268
f 3270/3270/3270 3269/3269/3269 3268/3268/3268
f 3271/3271/3271 3269/3269/3269 3270/3270/3270
f 3272/3272/3272 3271/3271/3271 3270/3270/3270
f 3273/3273/3273 3271/3271/3271 3272/3272/3272
f 3274/3274/3274 3271/3271/3271 3273/3273/3273
f 3275/3275/3275 3274/3274/3274 3273/3273/3273
f 3276/3276/3276 3274/3274/3274 3275/3275/3275
f 3279/3279/3279 3278/3278/3278 3277/3277/3277
f 3278/3278/3278 3280/3280/3280 3277/3277/3277
f 3281/3281/3281 3278/3278/3278 3279/3279/3279
f 3282/3282/3282 3281/3281/3281 3279/3279/3279
f 3283/3283/3283 3281/3281/3281 3282/3282/3282
f 3284/3284/3284 3283/3283/3283 3282/3282/3282
f 3285/3285/3285 3283/3283/3283 3284/3284/3284
f 3286/3286/3286 3285/3285/3285 3284/3284/3284
f 3289/3289/3289 3288/3288/3288 3287/3287/3287
f 3288/3288/3288 3290/3290/3290 3287/3287/3287
f 3293/3293/3293 3292/3292/3292 3291/3291/3291
f 3292/3292/3292 3294/3294/3294 3291/3291/3291
f 3297/3297/3297 3296/3296/3296 3295/3295/3295
f 3296/3296/3296 3298/3298/3298 3295/3295/3295
f 3301/3301/3301 3300/3300/3300 3299/3299/3299
f 3300/3300/3300 3302/3302/3302 3299/3299/3299
f 3305/3305/3305 3304/3304/3304 3303/3303/3303
f 3304/3304/3304 3306/3306/3306 3303/3303/3303
f 3309/3309/3309 3308/3308/3308 3307/3307/3307
f 3308/3308/3308 3310/3310/3310 3307/3307/3307
f 3311/3311/3311 3308/3308/3308 3309/3309/3309
f 3312/3312/3312 3311/3311/3311 3309/3309/3309
f 3313/3313/3313 3311/3311/3311 3312/3312/3312
f 3314/3314/3314 3313/3313/3313 3312/3312/3312
f 3315/3315/3315 3313/3313/3313 3314/3314/3314
f 3316/3316/3316 3315/3315/3315 3314/3314/3314
f 3319/3319/3319 3318/3318/3318 3317/3317/3317
f 3318/3318/3318 3320/3320/3320 3317/3317/3317
f 3321/3321/3321 3318/3318/3318 3319/3319/3319
f 3322/3322/3322 3321/3321/3321 3319/3319/3319
f 3323/3323/3323 3321/3321/3321 3322/3322/3322
f 3324/3324/3324 3323/3323/3323 3322/3322/3322
f 3325/3325/3325 3323/3323/3323 3324/3324/3324
f 3326/3326/3326 3325/3325/3325 3324/3324/3324
f 3327/3327/3327 3325/3325/3325 3326/3326/3326
f 3328/3328/3328 3327/3327/3327 3326/3326/3326
f 3329/3329/3329 3327/3327/3327 3328/3328/3328
f 3330/3330/3330 3329/3329/3329 3328/3328/3328
f 3331/3331/3331 3329/3329/3329 3330/3330/3330
f 3332/3332/3332 3331/3331/3331 3330/3330/3330
f 3333/3333/3333 3332/3332/3332 3330/3330/3330
f 3336/3336/3336 3335/3335/3335 3334/3334/3334
f 3335/3335/3335 3337/3337/3337 3334/3334/3334
f 3340/3340/3340 3339/3339/3339 3338/3338/3338
f 3339/3339/3339 3341/3341/3341 3338/3338/3338
f 3344/3344/3344 3343/3343/3343 3342/3342/3342
f 3343/3343/3343 3345/3345/3345 3342/3342/3342
f 3346/3346/3346 3343/3343/3343 3344/3344/3344
f 3347/3347/3347 3346/3346/3346 3344/3344/3344
f 3348/3348/3348 3346/3346/3346 3347/3347/3347
f 3349/3349/3349 3348/3348/3348 3347/3347/3347
f 3350/3350/3350 3348/3348/3348 3349/3349/3349
f 3351/3351/3351 3350/3350/3350 3349/3349/3349
f 3352/3352/3352 3350/3350/3350 3351/3351/3351
f 3353/3353/3353 3352/3352/3352 3351/3351/3351
f 3354/3354/3354 3352/3352/3352 3353/3353/3353
f 3355/3355/3355 3354/3354/3354 3353/3353/3353
f 3356/3356/3356 3355/3355/3355 3353/3353/3353
f 3357/3357/3357 3355/3355/3355 3356/3356/3356
f 3358/3358/3358 3357/3357/3357 3356/3356/3356
f 3359/3359/3359 3357/3357/3357 3358/3358/3358
f 3360/3360/3360 3359/3359/3359 3358/3358/3358
f 3361/3361/3361 3359/3359/3359 3360/3360/3360
f 3362/3362/3362 3361/3361/3361 3360/3360/3360
f 3363/3363/3363 3361/3361/3361 3362/3362/3362
f 3364/3364/3364 3363/3363/3363 3362/3362/3362
f 3367/3367/3367 3366/3366/3366 3365/3365/3365
f 3366/3366/3366 3368/3368/3368 3365/3365/3365
f 3369/3369/3369 3366/3366/3366 3367/3367/3367
f 3370/3370/3370 3369/3369/3369 3367/3367/3367
f 3371/3371/3371 3369/3369/3369 3370/3370/3370
f 3372/3372/3372 3371/3371/3371 3370/3370/3370
f 3365/3365/3365 3368/3368/3368 3373/3373/3373
f 3368/3368/3368 3374/3374/3374 3373/3373/3373
f 3373/3373/3373 3374/3374/3374 3375/3375/3375
f 3378/3378/3378 3377/3377/3377 3376/3376/3376
f 3377/3377/3377 3379/3379/3379 3376/3376/3376
f 3380/3380/3380 3377/3377/3377 3378/3378/3378
f 3381/3381/3381 3380/3380/3380 3378/3378/3378
f 3382/3382/3382 3380/3380/3380 3381/3381/3381
f 3383/3383/3383 3382/3382/3382 3381/3381/3381
f 3384/3384/3384 3382/3382/3382 3383/3383/3383
f 3385/3385/3385 3384/3384/3384 3383/3383/3383
f 3386/3386/3386 3385/3385/3385 3383/3383/3383
f 3387/3387/3387 3385/3385/3385 3386/3386/3386
f 3388/3388/3388 3387/3387/3387 3386/3386/3386
f 3389/3389/3389 3387/3387/3387 3388/3388/3388
f 3390/3390/3390 3389/3389/3389 3388/3388/3388
f 3393/3393/3393 3392/3392/3392 3391/3391/3391
f 3392/3392/3392 3394/3394/3394 3391/3391/3391
f 3391/3391/3391 3394/3394/3394 3395/3395/3395
f 3394/3394/3394 3396/3396/3396 3395/3395/3395
f 3395/3395/3395 3396/3396/3396 3397/3397/3397
f 3396/3396/3396 3398/3398/3398 3397/3397/3397
f 3397/3397/3397 3398/3398/3398 3399/3399/3399
f 3398/3398/3398 3400/3400/3400 3399/3399/3399
f 3403/3403/3403 3402/3402/3402 3401/3401/3401
f 3402/3402/3402 3404/3404/3404 3401/3401/3401
f 3405/3405/3405 3402/3402/3402 3403/3403/3403
f 3406/3406/3406 3405/3405/3405 3403/3403/3403
f 3407/3407/3407 3405/3405/3405 3406/3406/3406
f 3408/3408/3408 3407/3407/3407 3406/3406/3406
f 3409/3409/3409 3407/3407/3407 3408/3408/3408
f 3410/3410/3410 3409/3409/3409 3408/3408/3408
f 3411/3411/3411 3409/3409/3409 3410/3410/3410
f 3412/3412/3412 3411/3411/3411 3410/3410/3410
f 3413/3413/3413 3411/3411/3411 3412/3412/3412
f 3414/3414/3414 3413/3413/3413 3412/3412/3412
f 3415/3415/3415 3413/3413/3413 3414/3414/3414
f 3416/3416/3416 3413/3413/3413 3415/3415/3415
f 3417/3417/3417 3413/3413/3413 3416/3416/3416
f 3418/3418/3418 3413/3413/3413 3417/3417/3417
f 3421/3421/3421 3420/3420/3420 3419/3419/3419
f 3420/3420/3420 3422/3422/3422 3419/3419/3419
f 3423/3423/3423 3420/3420/3420 3421/3421/3421
f 3424/3424/3424 3423/3423/3423 3421/3421/3421
f 3425/3425/3425 3423/3423/3423 3424/3424/3424
f 3426/3426/3426 3425/3425/3425 3424/3424/3424
f 3427/3427/3427 3425/3425/3425 3426/3426/3426
f 3428/3428/3428 3427/3427/3427 3426/3426/3426
f 3429/3429/3429 3427/3427/3427 3428/3428/3428
f 3430/3430/3430 3429/3429/3429 3428/3428/3428
f 3433/3433/3433 3432/3432/3432 3431/3431/3431
f 3432/3432/3432 3434/3434/3434 3431/3431/3431
f 3435/3435/3435 3432/3432/3432 3433/3433/3433
f 3436/3436/3436 3435/3435/3435 3433/3433/3433
f 3439/3439/3439 3438/3438/3438 3437/3437/3437
f 3438/3438/3438 3440/3440/3440 3437/3437/3437
f 3441/3441/3441 3438/3438/3438 3439/3439/3439
f 3442/3442/3442 3441/3441/3441 3439/3439/3439
f 3443/3443/3443 3441/3441/3441 3442/3442/3442
f 3444/3444/3444 3443/3443/3443 3442/3442/3442
f 3445/3445/3445 3443/3443/3443 3444/3444/3444
f 3446/3446/3446 3445/3445/3445 3444/3444/3444
f 3447/3447/3447 3445/3445/3445 3446/3446/3446
f 3448/3448/3448 3447/3447/3447 3446/3446/3446
f 3449/3449/3449 3447/3447/3447 3448/3448/3448
f 3450/3450/3450 3449/3449/3449 3448/3448/3448
f 3437/3437/3437 3440/3440/3440 3451/3451/3451
f 3440/3440/3440 3452/3452/3452 3451/3451/3451
f 3451/3451/3451 3452/3452/3452 3453/3453/3453
f 3452/3452/3452 3454/3454/3454 3453/3453/3453
f 3453/3453/3453 3454/3454/3454 3455/3455/3455
f 3454/3454/3454 3456/3456/3456 3455/3455/3455
f 3455/3455/3455 3456/3456/3456 3457/3457/3457
f 3456/3456/3456 3458/3458/3458 3457/3457/3457
f 3457/3457/3457 3458/3458/3458 3459/3459/3459
f 3459/3459/3459 3458/3458/3458 3460/3460/3460
f 3460/3460/3460 3458/3458/3458 3461/3461/3461
f 3461/3461/3461 3458/3458/3458 3462/3462/3462
f 3462/3462/3462 3458/3458/3458 3463/3463/3463
f 3463/3463/3463 3458/3458/3458 3464/3464/3464
f 3458/3458/3458 3465/3465/3465 3464/3464/3464
f 3464/3464/3464 3465/3465/3465 3466/3466/3466
f 3465/3465/3465 3467/3467/3467 3466/3466/3466
f 3466/3466/3466 3467/3467/3467 3468/3468/3468
f 3467/3467/3467 3469/3469/3469 3468/3468/3468
f 3468/3468/3468 3469/3469/3469 3470/3470/3470
f 3469/3469/3469 3471/3471/3471 3470/3470/3470
f 3474/3474/3474 3473/3473/3473 3472/3472/3472
f 3473/3473/3473 3475/3475/3475 3472/3472/3472
f 3476/3476/3476 3473/3473/3473 3474/3474/3474
f 3477/3477/3477 3476/3476/3476 3474/3474/3474
f 3478/3478/3478 3476/3476/3476 3477/3477/3477
f 3479/3479/3479 3478/3478/3478 3477/3477/3477
f 3480/3480/3480 3478/3478/3478 3479/3479/3479
f 3481/3481/3481 3480/3480/3480 3479/3479/3479
f 3482/3482/3482 3480/3480/3480 3481/3481/3481
f 3483/3483/3483 3482/3482/3482 3481/3481/3481
f 3484/3484/3484 3482/3482/3482 3483/3483/3483
f 3485/3485/3485 3484/3484/3484 3483/3483/3483
f 3486/3486/3486 3484/3484/3484 3485/3485/3485
f 3487/3487/3487 3486/3486/3486 3485/3485/3485
f 3488/3488/3488 3486/3486/3486 3487/3487/3487
f 3489/3489/3489 3486/3486/3486 3488/3488/3488
f 3490/3490/3490 3486/3486/3486 3489/3489/3489
f 3491/3491/3491 3486/3486/3486 3490/3490/3490
f 3492/3492/3492 3486/3486/3486 3491/3491/3491
f 3493/3493/3493 3492/3492/3492 3491/3491/3491
f 3494/3494/3494 3492/3492/3492 3493/3493/3493
f 3495/3495/3495 3494/3494/3494 3493/3493/3493
f 3496/3496/3496 3494/3494/3494 3495/3495/3495
f 3497/3497/3497 3496/3496/3496 3495/3495/3495
f 3498/3498/3498 3496/3496/3496 3497/3497/3497
f 3499/3499/3499 3498/3498/3498 3497/3497/3497
f 3500/3500/3500 3498/3498/3498 3499/3499/3499
f 3501/3501/3501 3500/3500/3500 3499/3499/3499
f 3502/3502/3502 3500/3500/3500 3501/3501/3501
f 3503/3503/3503 3502/3502/3502 3501/3501/3501
f 3504/3504/3504 3502/3502/3502 3503/3503/3503
f 3505/3505/3505 3504/3504/3504 3503/3503/3503
f 3506/3506/3506 3504/3504/3504 3505/3505/3505
f 3507/3507/3507 3506/3506/3506 3505/3505/3505
f 3508/3508/3508 3506/3506/3506 3507/3507/3507
f 3509/3509/3509 3508/3508/3508 3507/3507/3507
f 3510/3510/3510 3508/3508/3508 3509/3509/3509
f 3511/3511/3511 3510/3510/3510 3509/3509/3509
f 3512/3512/3512 3510/3510/3510 3511/3511/3511
f 3513/3513/3513 3512/3512/3512 3511/3511/3511
f 3514/3514/3514 3513/3513/3513 3511/3511/3511
f 3515/3515/3515 3513/3513/3513 3514/3514/3514
f 3516/3516/3516 3515/3515/3515 3514/3514/3514
f 3517/3517/3517 3515/3515/3515 3516/3516/3516
f 3518/3518/3518 3517/3517/3517 3516/3516/3516
f 3519/3519/3519 3517/3517/3517 3518/3518/3518
f 3520/3520/3520 3519/3519/3519 3518/3518/3518
f 3521/3521/3521 3519/3519/3519 3520/3520/3520
f 3522/3522/3522 3521/3521/3521 3520/3520/3520
f 3475/3475/3475 3521/3521/3521 3522/3522/3522
f 3472/3472/3472 3475/3475/3475 3522/3522/3522
f 3525/3525/3525 3524/3524/3524 3523/3523/3523
f 3524/3524/3524 3526/3526/3526 3523/3523/3523
f 3527/3527/3527 3524/3524/3524 3525/3525/3525
f 3528/3528/3528 3527/3527/3527 3525/3525/3525
f 3529/3529/3529 3527/3527/3527 3528/3528/3528
f 3530/3530/3530 3529/3529/3529 3528/3528/3528
f 3531/3531/3531 3529/3529/3529 3530/3530/3530
f 3532/3532/3532 3531/3531/3531 3530/3530/3530
f 3533/3533/3533 3531/3531/3531 3532/3532/3532
f 3534/3534/3534 3533/3533/3533 3532/3532/3532
f 3535/3535/3535 3533/3533/3533 3534/3534/3534
f 3536/3536/3536 3535/3535/3535 3534/3534/3534
f 3537/3537/3537 3536/3536/3536 3534/3534/3534
f 3540/3540/3540 3539/3539/3539 3538/3538/3538
f 3539/3539/3539 3541/3541/3541 3538/3538/3538
f 3544/3544/3544 3543/3543/3543 3542/3542/3542
f 3543/3543/3543 3545/3545/3545 3542/3542/3542
f 3548/3548/3548 3547/3547/3547 3546/3546/3546
f 3547/3547/3547 3549/3549/3549 3546/3546/3546
f 3552/3552/3552 3551/3551/3551 3550/3550/3550
f 3551/3551/3551 3553/3553/3553 3550/3550/3550
f 3556/3556/3556 3555/3555/3555 3554/3554/3554
f 3555/3555/3555 3557/3557/3557 3554/3554/3554
f 3560/3560/3560 3559/3559/3559 3558/3558/3558
f 3559/3559/3559 3561/3561/3561 3558/3558/3558
f 3564/3564/3564 3563/3563/3563 3562/3562/3562
f 3565/3565/3565 3563/3563/3563 3564/3564/3564
f 3566/3566/3566 3563/3563/3563 3565/3565/3565
f 3567/3567/3567 3563/3563/3563 3566/3566/3566
f 3562/3562/3562 3563/3563/3563 3568/3568/3568
f 3563/3563/3563 3569/3569/3569 3568/3568/3568
f 3568/3568/3568 3569/3569/3569 3570/3570/3570
f 3569/3569/3569 3571/3571/3571 3570/3570/3570
f 3570/3570/3570 3571/3571/3571 3572/3572/3572
f 3571/3571/3571 3573/3573/3573 3572/3572/3572
f 3572/3572/3572 3573/3573/3573 3574/3574/3574
f 3573/3573/3573 3575/3575/3575 3574/3574/3574
f 3574/3574/3574 3575/3575/3575 3576/3576/3576
f 3575/3575/3575 3577/3577/3577 3576/3576/3576
f 3576/3576/3576 3577/3577/3577 3578/3578/3578
f 3577/3577/3577 3579/3579/3579 3578/3578/3578
f 3579/3579/3579 3580/3580/3580 3578/3578/3578
f 3580/3580/3580 3581/3581/3581 3578/3578/3578
f 3580/3580/3580 3582/3582/3582 3581/3581/3581
f 3581/3581/3581 3582/3582/3582 3583/3583/3583
f 3582/3582/3582 3584/3584/3584 3583/3583/3583
f 3583/3583/3583 3584/3584/3584 3585/3585/3585
f 3584/3584/3584 3586/3586/3586 3585/3585/3585
f 3585/3585/3585 3586/3586/3586 3587/3587/3587
f 3586/3586/3586 3588/3588/3588 3587/3587/3587
f 3587/3587/3587 3588/3588/3588 3589/3589/3589
f 3588/3588/3588 3590/3590/3590 3589/3589/3589
f 3593/3593/3593 3592/3592/3592 3591/3591/3591
f 3592/3592/3592 3594/3594/3594 3591/3591/3591
f 3597/3597/3597 3596/3596/3596 3595/3595/3595
f 3596/3596/3596 3598/3598/3598 3595/3595/3595
f 3601/3601/3601 3600/3600/3600 3599/3599/3599
f 3600/3600/3600 3602/3602/3602 3599/3599/3599
f 3605/3605/3605 3604/3604/3604 3603/3603/3603
f 3604/3604/3604 3606/3606/3606 3603/3603/3603
f 3609/3609/3609 3608/3608/3608 3607/3607/3607
f 3608/3608/3608 3610/3610/3610 3607/3607/3607
f 3613/3613/3613 3612/3612/3612 3611/3611/3611
f 3612/3612/3612 3614/3614/3614 3611/3611/3611
f 3611/3611/3611 3614/3614/3614 3615/3615/3615
f 3614/3614/3614 3616/3616/3616 3615/3615/3615
f 3619/3619/3619 3618/3618/3618 3617/3617/3617
f 3618/3618/3618 3620/3620/3620 3617/3617/3617
f 3621/3621/3621 3618/3618/3618 3619/3619/3619
f 3622/3622/3622 3621/3621/3621 3619/3619/3619
f 3625/3625/3625 3624/3624/3624 3623/3623/3623
f 3624/3624/3624 3626/3626/3626 3623/3623/3623
f 3629/3629/3629 3628/3628/3628 3627/3627/3627
f 3630/3630/3630 3628/3628/3628 3629/3629/3629
f 3631/3631/3631 3628/3628/3628 3630/3630/3630
f 3632/3632/3632 3628/3628/3628 3631/3631/3631
f 3633/3633/3633 3632/3632/3632 3631/3631/3631
f 3634/3634/3634 3632/3632/3632 3633/3633/3633
f 3635/3635/3635 3632/3632/3632 3634/3634/3634
f 3636/3636/3636 3635/3635/3635 3634/3634/3634
f 3637/3637/3637 3635/3635/3635 3636/3636/3636
f 3640/3640/3640 3639/3639/3639 3638/3638/3638
f 3639/3639/3639 3641/3641/3641 3638/3638/3638
f 3644/3644/3644 3643/3643/3643 3642/3642/3642
f 3642/3642/3642 3646/3646/3646 3645/3645/3645
f 3646/3646/3646 3647/3647/3647 3645/3645/3645
f 3645/3645/3645 3647/3647/3647 3648/3648/3648
f 3647/3647/3647 3649/3649/3649 3648/3648/3648
f 3652/3652/3652 3651/3651/3651 3650/3650/3650
f 3655/3655/3655 3654/3654/3654 3653/3653/3653
f 3654/3654/3654 3656/3656/3656 3653/3653/3653
f 3657/3657/3657 3654/3654/3654 3655/3655/3655
f 3658/3658/3658 3657/3657/3657 3655/3655/3655
f 3659/3659/3659 3657/3657/3657 3658/3658/3658
f 3660/3660/3660 3659/3659/3659 3658/3658/3658
f 3661/3661/3661 3659/3659/3659 3660/3660/3660
f 3662/3662/3662 3661/3661/3661 3660/3660/3660
f 3663/3663/3663 3661/3661/3661 3662/3662/3662
f 3664/3664/3664 3663/3663/3663 3662/3662/3662
f 3665/3665/3665 3663/3663/3663 3664/3664/3664
f 3666/3666/3666 3665/3665/3665 3664/3664/3664
f 3667/3667/3667 3665/3665/3665 3666/3666/3666
f 3668/3668/3668 3667/3667/3667 3666/3666/3666
f 3669/3669/3669 3667/3667/3667 3668/3668/3668
f 3670/3670/3670 3669/3669/3669 3668/3668/3668
f 3671/3671/3671 3669/3669/3669 3670/3670/3670
f 3672/3672/3672 3671/3671/3671 3670/3670/3670
f 3675/3675/3675 3674/3674/3674 3673/3673/3673
f 3674/3674/3674 3676/3676/3676 3673/3673/3673
f 3679/3679/3679 3678/3678/3678 3677/3677/3677
f 3678/3678/3678 3680/3680/3680 3677/3677/3677
f 3683/3683/3683 3682/3682/3682 3681/3681/3681
f 3682/3682/3682 3684/3684/3684 3681/3681/3681
f 3687/3687/3687 3686/3686/3686 3685/3685/3685
f 3686/3686/3686 3688/3688/3688 3685/3685/3685
f 3691/3691/3691 3690/3690/3690 3689/3689/3689
f 3690/3690/3690 3692/3692/3692 3689/3689/3689
f 3693/3693/3693 3690/3690/3690 3691/3691/3691
f 3694/3694/3694 3693/3693/3693 3691/3691/3691
f 3697/3697/3697 3696/3696/3696 3695/3695/3695
f 3698/3698/3698 3696/3696/3696 3697/3697/3697
f 3699/3699/3699 3696/3696/3696 3698/3698/3698
f 3700/3700/3700 3696/3696/3696 3699/3699/3699
f 3701/3701/3701 3696/3696/3696 3700/3700/3700
f 3702/3702/3702 3696/3696/3696 3701/3701/3701
f 3703/3703/3703 3696/3696/3696 3702/3702/3702
f 3704/3704/3704 3703/3703/3703 3702/3702/3702
f 3705/3705/3705 3703/3703/3703 3704/3704/3704
f 3706/3706/3706 3703/3703/3703 3705/3705/3705
f 3707/3707/3707 3703/3703/3703 3706/3706/3706
f 3708/3708/3708 3703/3703/3703 3707/3707/3707
f 3709/3709/3709 3703/3703/3703 3708/3708/3708
f 3710/3710/3710 3703/3703/3703 3709/3709/3709
f 3711/3711/3711 3710/3710/3710 3709/3709/3709
f 3712/3712/3712 3710/3710/3710 3711/3711/3711
f 3713/3713/3713 3712/3712/3712 3711/3711/3711
f 3714/3714/3714 3712/3712/3712 3713/3713/3713
f 3715/3715/3715 3714/3714/3714 3713/3713/3713
f 3716/3716/3716 3714/3714/3714 3715/3715/3715
f 3717/3717/3717 3716/3716/3716 3715/3715/3715
f 3718/3718/3718 3716/3716/3716 3717/3717/3717
f 3719/3719/3719 3718/3718/3718 3717/3717/3717
f 3720/3720/3720 3718/3718/3718 3719/3719/3719
f 3721/3721/3721 3720/3720/3720 3719/3719/3719
f 3722/3722/3722 3720/3720/3720 3721/3721/3721
f 3723/3723/3723 3722/3722/3722 3721/3721/3721
f 3724/3724/3724 3722/3722/3722 3723/3723/3723
f 3725/3725/3725 3724/3724/3724 3723/3723/3723
f 3726/3726/3726 3724/3724/3724 3725/3725/3725
f 3727/3727/3727 3726/3726/3726 3725/3725/3725
f 3728/3728/3728 3726/3726/3726 3727/3727/3727
f 3729/3729/3729 3728/3728/3728 3727/3727/3727
f 3730/3730/3730 3728/3728/3728 3729/3729/3729
f 3731/3731/3731 3730/3730/3730 3729/3729/3729
f 3732/3732/3732 3730/3730/3730 3731/3731/3731
f 3733/3733/3733 3732/3732/3732 3731/3731/3731
f 3734/3734/3734 3732/3732/3732 3733/3733/3733
f 3735/3735/3735 3734/3734/3734 3733/3733/3733
f 3696/3696/3696 3734/3734/3734 3735/3735/3735
f 3695/3695/3695 3696/3696/3696 3735/3735/3735
f 3738/3738/3738 3737/3737/3737 3736/3736/3736
f 3737/3737/3737 3739/3739/3739 3736/3736/3736
f 3742/3742/3742 3741/3741/3741 3740/3740/3740
f 3741/3741/3741 3743/3743/3743 3740/3740/3740
f 3746/3746/3746 3745/3745/3745 3744/3744/3744
f 3744/3744/3744 3745/3745/3745 3747/3747/3747
f 3745/3745/3745 3748/3748/3748 3747/3747/3747
f 3747/3747/3747 3748/3748/3748 3749/3749/3749
f 3748/3748/3748 3750/3750/3750 3749/3749/3749
f 3749/3749/3749 3750/3750/3750 3751/3751/3751
f 3750/3750/3750 3752/3752/3752 3751/3751/3751
f 3751/3751/3751 3752/3752/3752 3753/3753/3753
f 3752/3752/3752 3754/3754/3754 3753/3753/3753
f 3753/3753/3753 3754/3754/3754 3755/3755/3755
f 3754/3754/3754 3756/3756/3756 3755/3755/3755
f 3759/3759/3759 3758/3758/3758 3757/3757/3757
f 3758/3758/3758 3760/3760/3760 3757/3757/3757
f 3763/3763/3763 3762/3762/3762 3761/3761/3761
f 3762/3762/3762 3764/3764/3764 3761/3761/3761
f 3767/3767/3767 3766/3766/3766 3765/3765/3765
f 3766/3766/3766 3768/3768/3768 3765/3765/3765
f 3769/3769/3769 3766/3766/3766 3767/3767/3767
f 3770/3770/3770 3769/3769/3769 3767/3767/3767
f 3773/3773/3773 3772/3772/3772 3771/3771/3771
f 3772/3772/3772 3774/3774/3774 3771/3771/3771
f 3775/3775/3775 3772/3772/3772 3773/3773/3773
f 3776/3776/3776 3775/3775/3775 3773/3773/3773
f 3771/3771/3771 3774/3774/3774 3777/3777/3777
f 3774/3774/3774 3778/3778/3778 3777/3777/3777
f 3777/3777/3777 3778/3778/3778 3779/3779/3779
f 3778/3778/3778 3780/3780/3780 3779/3779/3779
f 3779/3779/3779 3780/3780/3780 3781/3781/3781
f 3780/3780/3780 3782/3782/3782 3781/3781/3781
f 3781/3781/3781 3782/3782/3782 3783/3783/3783
f 3782/3782/3782 3784/3784/3784 3783/3783/3783
f 3784/3784/3784 3785/3785/3785 3783/3783/3783
f 3788/3788/3788 3787/3787/3787 3786/3786/3786
f 3787/3787/3787 3789/3789/3789 3786/3786/3786
f 3790/3790/3790 3787/3787/3787 3788/3788/3788
f 3791/3791/3791 3790/3790/3790 3788/3788/3788
f 3792/3792/3792 3790/3790/3790 3791/3791/3791
f 3793/3793/3793 3792/3792/3792 3791/3791/3791
f 3794/3794/3794 3792/3792/3792 3793/3793/3793
f 3795/3795/3795 3794/3794/3794 3793/3793/3793
f 3796/3796/3796 3794/3794/3794 3795/3795/3795
f 3797/3797/3797 3796/3796/3796 3795/3795/3795
f 3798/3798/3798 3797/3797/3797 3795/3795/3795
f 3799/3799/3799 3797/3797/3797 3798/3798/3798
f 3800/3800/3800 3799/3799/3799 3798/3798/3798
f 3786/3786/3786 3789/3789/3789 3801/3801/3801
f 3789/3789/3789 3802/3802/3802 3801/3801/3801
f 3801/3801/3801 3802/3802/3802 3803/3803/3803
f 3802/3802/3802 3804/3804/3804 3803/3803/3803
f 3803/3803/3803 3804/3804/3804 3805/3805/3805
f 3804/3804/3804 3806/3806/3806 3805/3805/3805
f 3805/3805/3805 3806/3806/3806 3807/3807/3807
f 3806/3806/3806 3808/3808/3808 3807/3807/3807
f 3811/3811/3811 3810/3810/3810 3809/3809/3809
f 3810/3810/3810 3812/3812/3812 3809/3809/3809
f 3813/3813/3813 3810/3810/3810 3811/3811/3811
f 3814/3814/3814 3813/3813/3813 3811/3811/3811
f 3809/3809/3809 3812/3812/3812 3815/3815/3815
f 3812/3812/3812 3816/3816/3816 3815/3815/3815
f 3819/3819/3819 3818/3818/3818 3817/3817/3817
f 3818/3818/3818 3820/3820/3820 3817/3817/3817
f 3821/3821/3821 3818/3818/3818 3819/3819/3819
f 3822/3822/3822 3821/3821/3821 3819/3819/3819
f 3823/3823/3823 3821/3821/3821 3822/3822/3822
f 3824/3824/3824 3823/3823/3823 3822/3822/3822
f 3825/3825/3825 3823/3823/3823 3824/3824/3824
f 3826/3826/3826 3825/3825/3825 3824/3824/3824
f 3827/3827/3827 3825/3825/3825 3826/3826/3826
f 3828/3828/3828 3827/3827/3827 3826/3826/3826
f 3829/3829/3829 3827/3827/3827 3828/3828/3828
f 3830/3830/3830 3829/3829/3829 3828/3828/3828
f 3831/3831/3831 3829/3829/3829 3830/3830/3830
f 3832/3832/3832 3831/3831/3831 3830/3830/3830
f 3835/3835/3835 3834/3834/3834 3833/3833/3833
f 3834/3834/3834 3836/3836/3836 3833/3833/3833
f 3837/3837/3837 3834/3834/3834 3835/3835/3835
f 3838/3838/3838 3837/3837/3837 3835/3835/3835
f 3833/3833/3833 3836/3836/3836 3839/3839/3839
f 3836/3836/3836 3840/3840/3840 3839/3839/3839
f 3839/3839/3839 3840/3840/3840 3841/3841/3841
f 3840/3840/3840 3842/3842/3842 3841/3841/3841
f 3841/3841/3841 3842/3842/3842 3843/3843/3843
f 3842/3842/3842 3844/3844/3844 3843/3843/3843
f 3845/3845/3845 3837/3837/3837 3838/3838/3838
f 3846/3846/3846 3845/3845/3845 3838/3838/3838
f 3847/3847/3847 3845/3845/3845 3846/3846/3846
f 3848/3848/3848 3847/3847/3847 3846/3846/3846
f 3849/3849/3849 3847/3847/3847 3848/3848/3848
f 3850/3850/3850 3849/3849/3849 3848/3848/3848
f 3851/3851/3851 3849/3849/3849 3850/3850/3850
f 3852/3852/3852 3851/3851/3851 3850/3850/3850
f 3855/3855/3855 3854/3854/3854 3853/3853/3853
f 3854/3854/3854 3856/3856/3856 3853/3853/3853
f 3859/3859/3859 3858/3858/3858 3857/3857/3857
f 3858/3858/3858 3860/3860/3860 3857/3857/3857
f 3857/3857/3857 3860/3860/3860 3861/3861/3861
f 3860/3860/3860 3862/3862/3862 3861/3861/3861
f 3861/3861/3861 3862/3862/3862 3863/3863/3863
f 3862/3862/3862 3864/3864/3864 3863/3863/3863
f 3867/3867/3867 3866/3866/3866 3865/3865/3865
f 3866/3866/3866 3868/3868/3868 3865/3865/3865
f 3869/3869/3869 3866/3866/3866 3867/3867/3867
f 3870/3870/3870 3869/3869/3869 3867/3867/3867
f 3873/3873/3873 3872/3872/3872 3871/3871/3871
f 3872/3872/3872 3874/3874/3874 3871/3871/3871
f 3877/3877/3877 3876/3876/3876 3875/3875/3875
f 3876/3876/3876 3878/3878/3878 3875/3875/3875
f 3881/3881/3881 3880/3880/3880 3879/3879/3879
f 3880/3880/3880 3882/3882/3882 3879/3879/3879
f 3885/3885/3885 3884/3884/3884 3883/3883/3883
f 3884/3884/3884 3886/3886/3886 3883/3883/3883
f 3886/3886/3886 3887/3887/3887 3883/3883/3883
f 3888/3888/3888 3884/3884/3884 3885/3885/3885
f 3889/3889/3889 3888/3888/3888 3885/3885/3885
f 3890/3890/3890 3888/3888/3888 3889/3889/3889
f 3891/3891/3891 3890/3890/3890 3889/3889/3889
f 3892/3892/3892 3890/3890/3890 3891/3891/3891
f 3893/3893/3893 3892/3892/3892 3891/3891/3891
f 3894/3894/3894 3892/3892/3892 3893/3893/3893
f 3895/3895/3895 3894/3894/3894 3893/3893/3893
f 3896/3896/3896 3894/3894/3894 3895/3895/3895
f 3897/3897/3897 3896/3896/3896 3895/3895/3895
f 3900/3900/3900 3899/3899/3899 3898/3898/3898
f 3899/3899/3899 3901/3901/3901 3898/3898/3898
f 3902/3902/3902 3899/3899/3899 3900/3900/3900
f 3903/3903/3903 3902/3902/3902 3900/3900/3900
f 3898/3898/3898 3901/3901/3901 3904/3904/3904
f 3901/3901/3901 3905/3905/3905 3904/3904/3904
f 3908/3908/3908 3907/3907/3907 3906/3906/3906
f 3907/3907/3907 3909/3909/3909 3906/3906/3906
f 3906/3906/3906 3909/3909/3909 3910/3910/3910
f 3909/3909/3909 3911/3911/3911 3910/3910/3910
f 3910/3910/3910 3911/3911/3911 3912/3912/3912
f 3911/3911/3911 3913/3913/3913 3912/3912/3912
f 3912/3912/3912 3913/3913/3913 3914/3914/3914
f 3913/3913/3913 3915/3915/3915 3914/3914/3914
f 3918/3918/3918 3917/3917/3917 3916/3916/3916
f 3917/3917/3917 3919/3919/3919 3916/3916/3916
f 3920/3920/3920 3917/3917/3917 3918/3918/3918
f 3921/3921/3921 3920/3920/3920 3918/3918/3918
f 3922/3922/3922 3920/3920/3920 3921/3921/3921
f 3923/3923/3923 3922/3922/3922 3921/3921/3921
f 3916/3916/3916 3919/3919/3919 3924/3924/3924
f 3919/3919/3919 3925/3925/3925 3924/3924/3924
f 3924/3924/3924 3925/3925/3925 3926/3926/3926
f 3925/3925/3925 3927/3927/3927 3926/3926/3926
f 3926/3926/3926 3927/3927/3927 3928/3928/3928
f 3927/3927/3927 3929/3929/3929 3928/3928/3928
f 3928/3928/3928 3929/3929/3929 3930/3930/3930
f 3929/3929/3929 3931/3931/3931 3930/3930/3930
f 3930/3930/3930 3931/3931/3931 3932/3932/3932
f 3931/3931/3931 3933/3933/3933 3932/3932/3932
f 3932/3932/3932 3933/3933/3933 3934/3934/3934
f 3933/3933/3933 3935/3935/3935 3934/3934/3934
f 3934/3934/3934 3935/3935/3935 3936/3936/3936
f 3935/3935/3935 3937/3937/3937 3936/3936/3936
f 3936/3936/3936 3937/3937/3937 3938/3938/3938
f 3937/3937/3937 3939/3939/3939 3938/3938/3938
f 3938/3938/3938 3939/3939/3939 3940/3940/3940
f 3939/3939/3939 3941/3941/3941 3940/3940/3940
f 3944/3944/3944 3943/3943/3943 3942/3942/3942
f 3943/3943/3943 3945/3945/3945 3942/3942/3942
f 3946/3946/3946 3943/3943/3943 3944/3944/3944
f 3947/3947/3947 3946/3946/3946 3944/3944/3944
f 3948/3948/3948 3946/3946/3946 3947/3947/3947
f 3949/3949/3949 3948/3948/3948 3947/3947/3947
f 3950/3950/3950 3948/3948/3948 3949/3949/3949
f 3951/3951/3951 3950/3950/3950 3949/3949/3949
f 3952/3952/3952 3950/3950/3950 3951/3951/3951
f 3953/3953/3953 3952/3952/3952 3951/3951/3951
f 3954/3954/3954 3952/3952/3952 3953/3953/3953
f 3955/3955/3955 3954/3954/3954 3953/3953/3953
f 3956/3956/3956 3954/3954/3954 3955/3955/3955
f 3957/3957/3957 3956/3956/3956 3955/3955/3955
f 3958/3958/3958 3956/3956/3956 3957/3957/3957
f 3959/3959/3959 3958/3958/3958 3957/3957/3957
f 3958/3958/3958 3959/3959/3959 3960/3960/3960
f 3959/3959/3959 3961/3961/3961 3960/3960/3960
f 3962/3962/3962 3960/3960/3960 3961/3961/3961
f 3963/3963/3963 3962/3962/3962 3961/3961/3961
f 3964/3964/3964 3962/3962/3962 3963/3963/3963
f 3965/3965/3965 3964/3964/3964 3963/3963/3963
f 3966/3966/3966 3964/3964/3964 3965/3965/3965
f 3967/3967/3967 3966/3966/3966 3965/3965/3965
f 3968/3968/3968 3966/3966/3966 3967/3967/3967
f 3969/3969/3969 3968/3968/3968 3967/3967/3967
f 3972/3972/3972 3971/3971/3971 3970/3970/3970
f 3971/3971/3971 3973/3973/3973 3970/3970/3970
f 3976/3976/3976 3975/3975/3975 3974/3974/3974
f 3975/3975/3975 3977/3977/3977 3974/3974/3974
f 3980/3980/3980 3979/3979/3979 3978/3978/3978
f 3979/3979/3979 3981/3981/3981 3978/3978/3978
f 3978/3978/3978 3981/3981/3981 3982/3982/3982
f 3981/3981/3981 3983/3983/3983 3982/3982/3982
f 3982/3982/3982 3983/3983/3983 3984/3984/3984
f 3983/3983/3983 3985/3985/3985 3984/3984/3984
f 3984/3984/3984 3985/3985/3985 3986/3986/3986
f 3985/3985/3985 3987/3987/3987 3986/3986/3986
f 3986/3986/3986 3987/3987/3987 3988/3988/3988
f 3987/3987/3987 3989/3989/3989 3988/3988/3988
f 3988/3988/3988 3989/3989/3989 3990/3990/3990
f 3989/3989/3989 3991/3991/3991 3990/3990/3990
f 3990/3990/3990 3991/3991/3991 3992/3992/3992
f 3991/3991/3991 3993/3993/3993 3992/3992/3992
f 3992/3992/3992 3993/3993/3993 3994/3994/3994
f 3993/3993/3993 3995/3995/3995 3994/3994/3994
f 3998/3998/3998 3997/3997/3997 3996/3996/3996
f 3997/3997/3997 3999/3999/3999 3996/3996/3996
f 4000/4000/4000 3997/3997/3997 3998/3998/3998
f 4001/4001/4001 4000/4000/4000 3998/3998/3998
f 4002/4002/4002 4000/4000/4000 4001/4001/4001
f 4003/4003/4003 4002/4002/4002 4001/4001/4001
f 4004/4004/4004 4002/4002/4002 4003/4003/4003
f 4005/4005/4005 4004/4004/4004 4003/4003/4003
f 4006/4006/4006 4004/4004/4004 4005/4005/4005
f 4007/4007/4007 4006/4006/4006 4005/4005/4005
f 4008/4008/4008 4006/4006/4006 4007/4007/4007
f 4009/4009/4009 4008/4008/4008 4007/4007/4007
f 4010/4010/4010 4008/4008/4008 4009/4009/4009
f 4011/4011/4011 4010/4010/4010 4009/4009/4009
f 4012/4012/4012 4010/4010/4010 4011/4011/4011
f 4013/4013/4013 4012/4012/4012 4011/4011/4011
f 4014/4014/4014 4012/4012/4012 4013/4013/4013
f 4015/4015/4015 4014/4014/4014 4013/4013/4013
f 4016/4016/4016 4014/4014/4014 4015/4015/4015
f 4017/4017/4017 4016/4016/4016 4015/4015/4015
f 4018/4018/4018 4016/4016/4016 4017/4017/4017
f 4019/4019/4019 4018/4018/4018 4017/4017/4017
f 4022/4022/4022 4021/4021/4021 4020/4020/4020
f 4021/4021/4021 4023/4023/4023 4020/4020/4020
f 4026/4026/4026 4025/4025/4025 4024/4024/4024
f 4025/4025/4025 4027/4027/4027 4024/4024/4024
f 4030/4030/4030 4029/4029/4029 4028/4028/4028
f 4029/4029/4029 4031/4031/4031 4028/4028/4028
f 4032/4032/4032 4029/4029/4029 4030/4030/4030
f 4033/4033/4033 4032/4032/4032 4030/4030/4030
f 4034/4034/4034 4032/4032/4032 4033/4033/4033
f 4035/4035/4035 4034/4034/4034 4033/4033/4033
f 4036/4036/4036 4034/4034/4034 4035/4035/4035
f 4037/4037/4037 4036/4036/4036 4035/4035/4035
f 4038/4038/4038 4036/4036/4036 4037/4037/4037
f 4039/4039/4039 4038/4038/4038 4037/4037/4037
f 4040/4040/4040 4038/4038/4038 4039/4039/4039
f 4041/4041/4041 4040/4040/4040 4039/4039/4039
f 4044/4044/4044 4043/4043/4043 4042/4042/4042
f 4043/4043/4043 4045/4045/4045 4042/4042/4042
f 4048/4048/4048 4047/4047/4047 4046/4046/4046
f 4047/4047/4047 4049/4049/4049 4046/4046/4046
f 4052/4052/4052 4051/4051/4051 4050/4050/4050
f 4051/4051/4051 4053/4053/4053 4050/4050/4050
f 4054/4054/4054 4051/4051/4051 4052/4052/4052
f 4055/4055/4055 4054/4054/4054 4052/4052/4052
f 4056/4056/4056 4054/4054/4054 4055/4055/4055
f 4057/4057/4057 4056/4056/4056 4055/4055/4055
f 4058/4058/4058 4056/4056/4056 4057/4057/4057
f 4059/4059/4059 4058/4058/4058 4057/4057/4057
f 4060/4060/4060 4058/4058/4058 4059/4059/4059
f 4061/4061/4061 4058/4058/4058 4060/4060/4060
f 4062/4062/4062 4061/4061/4061 4060/4060/4060
f 4063/4063/4063 4061/4061/4061 4062/4062/4062
f 4064/4064/4064 4063/4063/4063 4062/4062/4062
f 4065/4065/4065 4063/4063/4063 4064/4064/4064
f 4066/4066/4066 4065/4065/4065 4064/4064/4064
f 4050/4050/4050 4053/4053/4053 4067/4067/4067
f 4053/4053/4053 4068/4068/4068 4067/4067/4067
f 4067/4067/4067 4068/4068/4068 4069/4069/4069
f 4068/4068/4068 4070/4070/4070 4069/4069/4069
f 4069/4069/4069 4070/4070/4070 4071/4071/4071
f 4070/4070/4070 4072/4072/4072 4071/4071/4071
f 4071/4071/4071 4072/4072/4072 4073/4073/4073
f 4072/4072/4072 4074/4074/4074 4073/4073/4073
f 4073/4073/4073 4074/4074/4074 4075/4075/4075
f 4074/4074/4074 4076/4076/4076 4075/4075/4075
f 4076/4076/4076 4077/4077/4077 4075/4075/4075
f 4080/4080/4080 4079/4079/4079 4078/4078/4078
f 4079/4079/4079 4081/4081/4081 4078/4078/4078
f 4082/4082/4082 4079/4079/4079 4080/4080/4080
f 4083/4083/4083 4082/4082/4082 4080/4080/4080
f 4078/4078/4078 4081/4081/4081 4084/4084/4084
f 4081/4081/4081 4085/4085/4085 4084/4084/4084
f 4086/4086/4086 4082/4082/4082 4083/4083/4083
f 4087/4087/4087 4086/4086/4086 4083/4083/4083
f 4088/4088/4088 4086/4086/4086 4087/4087/4087
f 4089/4089/4089 4088/4088/4088 4087/4087/4087
f 4092/4092/4092 4091/4091/4091 4090/4090/4090
f 4091/4091/4091 4093/4093/4093 4090/4090/4090
f 4096/4096/4096 4095/4095/4095 4094/4094/4094
f 4095/4095/4095 4097/4097/4097 4094/4094/4094
f 4097/4097/4097 4098/4098/4098 4094/4094/4094
f 4099/4099/4099 4095/4095/4095 4096/4096/4096
f 4100/4100/4100 4099/4099/4099 4096/4096/4096
f 4101/4101/4101 4099/4099/4099 4100/4100/4100
f 4102/4102/4102 4101/4101/4101 4100/4100/4100
f 4103/4103/4103 4101/4101/4101 4102/4102/4102
f 4104/4104/4104 4103/4103/4103 4102/4102/4102
f 4105/4105/4105 4103/4103/4103 4104/4104/4104
f 4106/4106/4106 4105/4105/4105 4104/4104/4104
f 4107/4107/4107 4105/4105/4105 4106/4106/4106
f 4108/4108/4108 4107/4107/4107 4106/4106/4106
f 4109/4109/4109 4107/4107/4107 4108/4108/4108
f 4110/4110/4110 4109/4109/4109 4108/4108/4108
f 4113/4113/4113 4112/4112/4112 4111/4111/4111
f 4112/4112/4112 4114/4114/4114 4111/4111/4111
f 4117/4117/4117 4116/4116/4116 4115/4115/4115
f 4116/4116/4116 4118/4118/4118 4115/4115/4115
f 4119/4119/4119 4116/4116/4116 4117/4117/4117
f 4120/4120/4120 4119/4119/4119 4117/4117/4117
f 4123/4123/4123 4122/4122/4122 4121/4121/4121
f 4122/4122/4122 4124/4124/4124 4121/4121/4121
f 4127/4127/4127 4126/4126/4126 4125/4125/4125
f 4126/4126/4126 4128/4128/4128 4125/4125/4125
f 4131/4131/4131 4130/4130/4130 4129/4129/4129
f 4130/4130/4130 4132/4132/4132 4129/4129/4129
f 4135/4135/4135 4134/4134/4134 4133/4133/4133
f 4134/4134/4134 4136/4136/4136 4133/4133/4133
f 4137/4137/4137 4134/4134/4134 4135/4135/4135
f 4138/4138/4138 4137/4137/4137 4135/4135/4135
f 4139/4139/4139 4137/4137/4137 4138/4138/4138
f 4140/4140/4140 4139/4139/4139 4138/4138/4138
f 4141/4141/4141 4139/4139/4139 4140/4140/4140
f 4142/4142/4142 4141/4141/4141 4140/4140/4140
f 4143/4143/4143 4141/4141/4141 4142/4142/4142
f 4144/4144/4144 4143/4143/4143 4142/4142/4142
f 4145/4145/4145 4143/4143/4143 4144/4144/4144
f 4146/4146/4146 4145/4145/4145 4144/4144/4144
f 4147/4147/4147 4145/4145/4145 4146/4146/4146
f 4148/4148/4148 4147/4147/4147 4146/4146/4146
f 4133/4133/4133 4136/4136/4136 4149/4149/4149
f 4136/4136/4136 4150/4150/4150 4149/4149/4149
f 4149/4149/4149 4150/4150/4150 4151/4151/4151
f 4150/4150/4150 4152/4152/4152 4151/4151/4151
f 4151/4151/4151 4152/4152/4152 4153/4153/4153
f 4152/4152/4152 4154/4154/4154 4153/4153/4153
f 4153/4153/4153 4154/4154/4154 4155/4155/4155
f 4154/4154/4154 4156/4156/4156 4155/4155/4155
f 4155/4155/4155 4156/4156/4156 4157/4157/4157
f 4156/4156/4156 4158/4158/4158 4157/4157/4157
f 4158/4158/4158 4159/4159/4159 4157/4157/4157
f 4159/4159/4159 4160/4160/4160 4157/4157/4157
f 4159/4159/4159 4161/4161/4161 4160/4160/4160
f 4160/4160/4160 4161/4161/4161 4162/4162/4162
f 4161/4161/4161 4163/4163/4163 4162/4162/4162
f 4162/4162/4162 4163/4163/4163 4164/4164/4164
f 4163/4163/4163 4165/4165/4165 4164/4164/4164
f 4164/4164/4164 4165/4165/4165 4166/4166/4166
f 4165/4165/4165 4167/4167/4167 4166/4166/4166
f 4166/4166/4166 4167/4167/4167 4168/4168/4168
f 4167/4167/4167 4169/4169/4169 4168/4168/4168
f 4168/4168/4168 4169/4169/4169 4170/4170/4170
f 4169/4169/4169 4171/4171/4171 4170/4170/4170
f 4170/4170/4170 4171/4171/4171 4172/4172/4172
f 4171/4171/4171 4173/4173/4173 4172/4172/4172
f 4172/4172/4172 4173/4173/4173 4174/4174/4174
f 4173/4173/4173 4175/4175/4175 4174/4174/4174
f 4174/4174/4174 4175/4175/4175 4176/4176/4176
f 4175/4175/4175 4177/4177/4177 4176/4176/4176
f 4176/4176/4176 4177/4177/4177 4178/4178/4178
f 4177/4177/4177 4179/4179/4179 4178/4178/4178
f 4178/4178/4178 4179/4179/4179 4180/4180/4180
f 4179/4179/4179 4181/4181/4181 4180/4180/4180
f 4181/4181/4181 4182/4182/4182 4180/4180/4180
f 4185/4185/4185 4184/4184/4184 4183/4183/4183
f 4186/4186/4186 4184/4184/4184 4185/4185/4185
f 4187/4187/4187 4186/4186/4186 4185/4185/4185
f 4188/4188/4188 4186/4186/4186 4187/4187/4187
f 4189/4189/4189 4188/4188/4188 4187/4187/4187
f 4192/4192/4192 4191/4191/4191 4190/4190/4190
f 4191/4191/4191 4193/4193/4193 4190/4190/4190
f 4196/4196/4196 4195/4195/4195 4194/4194/4194
f 4195/4195/4195 4197/4197/4197 4194/4194/4194
f 4200/4200/4200 4199/4199/4199 4198/4198/4198
f 4199/4199/4199 4201/4201/4201 4198/4198/4198
f 4202/4202/4202 4199/4199/4199 4200/4200/4200
f 4203/4203/4203 4202/4202/4202 4200/4200/4200
f 4198/4198/4198 4201/4201/4201 4204/4204/4204
f 4201/4201/4201 4205/4205/4205 4204/4204/4204
f 4204/4204/4204 4205/4205/4205 4206/4206/4206
f 4205/4205/4205 4207/4207/4207 4206/4206/4206
f 4206/4206/4206 4207/4207/4207 4208/4208/4208
f 4207/4207/4207 4209/4209/4209 4208/4208/4208
f 4212/4212/4212 4211/4211/4211 4210/4210/4210
f 4211/4211/4211 4213/4213/4213 4210/4210/4210
f 4214/4214/4214 4211/4211/4211 4212/4212/4212
f 4215/4215/4215 4214/4214/4214 4212/4212/4212
f 4216/4216/4216 4214/4214/4214 4215/4215/4215
f 4217/4217/4217 4216/4216/4216 4215/4215/4215
f 4218/4218/4218 4216/4216/4216 4217/4217/4217
f 4219/4219/4219 4218/4218/4218 4217/4217/4217
f 4222/4222/4222 4221/4221/4221 4220/4220/4220
f 4221/4221/4221 4223/4223/4223 4220/4220/4220
f 4226/4226/4226 4225/4225/4225 4224/4224/4224
f 4225/4225/4225 4227/4227/4227 4224/4224/4224
f 4230/4230/4230 4229/4229/4229 4228/4228/4228
f 4229/4229/4229 4231/4231/4231 4228/4228/4228
f 4232/4232/4232 4229/4229/4229 4230/4230/4230
f 4233/4233/4233 4232/4232/4232 4230/4230/4230
f 4228/4228/4228 4231/4231/4231 4234/4234/4234
f 4231/4231/4231 4235/4235/4235 4234/4234/4234
f 4234/4234/4234 4235/4235/4235 4236/4236/4236
f 4235/4235/4235 4237/4237/4237 4236/4236/4236
f 4236/4236/4236 4237/4237/4237 4238/4238/4238
f 4237/4237/4237 4239/4239/4239 4238/4238/4238
f 4238/4238/4238 4239/4239/4239 4240/4240/4240
f 4239/4239/4239 4241/4241/4241 4240/4240/4240
f 4240/4240/4240 4241/4241/4241 4242/4242/4242
f 4241/4241/4241 4243/4243/4243 4242/4242/4242
f 4242/4242/4242 4243/4243/4243 4244/4244/4244
f 4243/4243/4243 4245/4245/4245 4244/4244/4244
f 4244/4244/4244 4245/4245/4245 4246/4246/4246
f 4245/4245/4245 4247/4247/4247 4246/4246/4246
f 4246/4246/4246 4247/4247/4247 3450/3450/3450
f 4247/4247/4247 3449/3449/3449 3450/3450/3450
f 4250/4250/4250 4249/4249/4249 4248/4248/4248
f 4249/4249/4249 4251/4251/4251 4248/4248/4248
f 4252/4252/4252 4249/4249/4249 4250/4250/4250
f 4253/4253/4253 4252/4252/4252 4250/4250/4250
f 4254/4254/4254 4252/4252/4252 4253/4253/4253
f 4255/4255/4255 4254/4254/4254 4253/4253/4253
f 4256/4256/4256 4254/4254/4254 4255/4255/4255
f 4257/4257/4257 4256/4256/4256 4255/4255/4255
f 4258/4258/4258 4256/4256/4256 4257/4257/4257
f 4259/4259/4259 4258/4258/4258 4257/4257/4257
f 4260/4260/4260 4258/4258/4258 4259/4259/4259
f 4261/4261/4261 4260/4260/4260 4259/4259/4259
f 4262/4262/4262 4260/4260/4260 4261/4261/4261
f 4263/4263/4263 4262/4262/4262 4261/4261/4261
f 4264/4264/4264 4262/4262/4262 4263/4263/4263
f 4265/4265/4265 4264/4264/4264 4263/4263/4263
f 4266/4266/4266 4264/4264/4264 4265/4265/4265
f 4267/4267/4267 4266/4266/4266 4265/4265/4265
f 4268/4268/4268 4266/4266/4266 4267/4267/4267
f 4269/4269/4269 4268/4268/4268 4267/4267/4267
f 4270/4270/4270 4268/4268/4268 4269/4269/4269
f 4271/4271/4271 4270/4270/4270 4269/4269/4269
f 4272/4272/4272 4270/4270/4270 4271/4271/4271
f 4273/4273/4273 4272/4272/4272 4271/4271/4271
f 4274/4274/4274 4272/4272/4272 4273/4273/4273
f 4275/4275/4275 4274/4274/4274 4273/4273/4273
f 4276/4276/4276 4274/4274/4274 4275/4275/4275
f 4277/4277/4277 4276/4276/4276 4275/4275/4275
f 4278/4278/4278 4276/4276/4276 4277/4277/4277
f 4279/4279/4279 4278/4278/4278 4277/4277/4277
f 4280/4280/4280 4279/4279/4279 4277/4277/4277
f 4281/4281/4281 4279/4279/4279 4280/4280/4280
f 4282/4282/4282 4281/4281/4281 4280/4280/4280
f 4283/4283/4283 4281/4281/4281 4282/4282/4282
f 4284/4284/4284 4283/4283/4283 4282/4282/4282
f 4285/4285/4285 4283/4283/4283 4284/4284/4284
f 4286/4286/4286 4285/4285/4285 4284/4284/4284
f 4287/4287/4287 4285/4285/4285 4286/4286/4286
f 4288/4288/4288 4287/4287/4287 4286/4286/4286
f 4289/4289/4289 4287/4287/4287 4288/4288/4288
f 4290/4290/4290 4289/4289/4289 4288/4288/4288
f 4291/4291/4291 4289/4289/4289 4290/4290/4290
f 4292/4292/4292 4291/4291/4291 4290/4290/4290
f 4293/4293/4293 4292/4292/4292 4290/4290/4290
f 4294/4294/4294 4292/4292/4292 4293/4293/4293
f 4295/4295/4295 4294/4294/4294 4293/4293/4293
f 4296/4296/4296 4294/4294/4294 4295/4295/4295
f 4297/4297/4297 4296/4296/4296 4295/4295/4295
f 4251/4251/4251 4296/4296/4296 4297/4297/4297
f 4248/4248/4248 4251/4251/4251 4297/4297/4297
f 4300/4300/4300 4299/4299/4299 4298/4298/4298
f 4299/4299/4299 4301/4301/4301 4298/4298/4298
f 4302/4302/4302 4299/4299/4299 4300/4300/4300
f 4303/4303/4303 4299/4299/4299 4302/4302/4302
f 4298/4298/4298 4301/4301/4301 4304/4304/4304
f 4301/4301/4301 4305/4305/4305 4304/4304/4304
f 4308/4308/4308 4307/4307/4307 4306/4306/4306
f 4307/4307/4307 4309/4309/4309 4306/4306/4306
f 4310/4310/4310 4309/4309/4309 4307/4307/4307
f 4311/4311/4311 4310/4310/4310 4307/4307/4307
f 4312/4312/4312 4310/4310/4310 4311/4311/4311
f 4313/4313/4313 4312/4312/4312 4311/4311/4311
f 4314/4314/4314 4312/4312/4312 4313/4313/4313
f 4315/4315/4315 4314/4314/4314 4313/4313/4313
f 4316/4316/4316 4314/4314/4314 4315/4315/4315
f 4317/4317/4317 4316/4316/4316 4315/4315/4315
f 4318/4318/4318 4316/4316/4316 4317/4317/4317
f 4319/4319/4319 4318/4318/4318 4317/4317/4317
f 4320/4320/4320 4318/4318/4318 4319/4319/4319
f 4321/4321/4321 4320/4320/4320 4319/4319/4319
f 4322/4322/4322 4320/4320/4320 4321/4321/4321
f 4323/4323/4323 4322/4322/4322 4321/4321/4321
f 4324/4324/4324 4322/4322/4322 4323/4323/4323
f 4325/4325/4325 4324/4324/4324 4323/4323/4323
f 4326/4326/4326 4324/4324/4324 4325/4325/4325
f 4327/4327/4327 4326/4326/4326 4325/4325/4325
f 4328/4328/4328 4327/4327/4327 4325/4325/4325
f 4329/4329/4329 4327/4327/4327 4328/4328/4328
f 4330/4330/4330 4329/4329/4329 4328/4328/4328
f 4331/4331/4331 4329/4329/4329 4330/4330/4330
f 4332/4332/4332 4331/4331/4331 4330/4330/4330
f 4333/4333/4333 4331/4331/4331 4332/4332/4332
f 4334/4334/4334 4333/4333/4333 4332/4332/4332
f 4335/4335/4335 4333/4333/4333 4334/4334/4334
f 4336/4336/4336 4335/4335/4335 4334/4334/4334
f 4337/4337/4337 4335/4335/4335 4336/4336/4336
f 4338/4338/4338 4337/4337/4337 4336/4336/4336
f 4339/4339/4339 4337/4337/4337 4338/4338/4338
f 4340/4340/4340 4339/4339/4339 4338/4338/4338
f 4341/4341/4341 4339/4339/4339 4340/4340/4340
f 4342/4342/4342 4341/4341/4341 4340/4340/4340
f 4343/4343/4343 4341/4341/4341 4342/4342/4342
f 4344/4344/4344 4343/4343/4343 4342/4342/4342
f 4345/4345/4345 4343/4343/4343 4344/4344/4344
f 4346/4346/4346 4345/4345/4345 4344/4344/4344
f 4347/4347/4347 4345/4345/4345 4346/4346/4346
f 4348/4348/4348 4347/4347/4347 4346/4346/4346
f 4349/4349/4349 4347/4347/4347 4348/4348/4348
f 4350/4350/4350 4349/4349/4349 4348/4348/4348
f 4351/4351/4351 4349/4349/4349 4350/4350/4350
f 4352/4352/4352 4351/4351/4351 4350/4350/4350
f 4306/4306/4306 4351/4351/4351 4352/4352/4352
f 4308/4308/4308 4306/4306/4306 4352/4352/4352
f 4355/4355/4355 4354/4354/4354 4353/4353/4353
f 4354/4354/4354 4356/4356/4356 4353/4353/4353
f 4357/4357/4357 4354/4354/4354 4355/4355/4355
f 4358/4358/4358 4357/4357/4357 4355/4355/4355
f 4359/4359/4359 4357/4357/4357 4358/4358/4358
f 4360/4360/4360 4359/4359/4359 4358/4358/4358
f 4353/4353/4353 4356/4356/4356 4361/4361/4361
f 4356/4356/4356 4362/4362/4362 4361/4361/4361
f 4365/4365/4365 4364/4364/4364 4363/4363/4363
f 4364/4364/4364 4366/4366/4366 4363/4363/4363
f 4367/4367/4367 4364/4364/4364 4365/4365/4365
f 4368/4368/4368 4367/4367/4367 4365/4365/4365
f 4369/4369/4369 4367/4367/4367 4368/4368/4368
f 4370/4370/4370 4369/4369/4369 4368/4368/4368
f 4371/4371/4371 4369/4369/4369 4370/4370/4370
f 4372/4372/4372 4371/4371/4371 4370/4370/4370
f 4373/4373/4373 4371/4371/4371 4372/4372/4372
f 4374/4374/4374 4373/4373/4373 4372/4372/4372
f 4375/4375/4375 4373/4373/4373 4374/4374/4374
f 4376/4376/4376 4375/4375/4375 4374/4374/4374
f 4377/4377/4377 4375/4375/4375 4376/4376/4376
f 4378/4378/4378 4377/4377/4377 4376/4376/4376
f 4379/4379/4379 4378/4378/4378 4376/4376/4376
f 4382/4382/4382 4381/4381/4381 4380/4380/4380
f 4381/4381/4381 4383/4383/4383 4380/4380/4380
f 4386/4386/4386 4385/4385/4385 4384/4384/4384
f 4385/4385/4385 4387/4387/4387 4384/4384/4384
f 4390/4390/4390 4389/4389/4389 4388/4388/4388
f 4389/4389/4389 4391/4391/4391 4388/4388/4388
f 4392/4392/4392 4389/4389/4389 4390/4390/4390
f 4393/4393/4393 4392/4392/4392 4390/4390/4390
f 4394/4394/4394 4392/4392/4392 4393/4393/4393
f 4395/4395/4395 4394/4394/4394 4393/4393/4393
f 4388/4388/4388 4391/4391/4391 4396/4396/4396
f 4391/4391/4391 4397/4397/4397 4396/4396/4396
f 4396/4396/4396 4397/4397/4397 4398/4398/4398
f 4397/4397/4397 4399/4399/4399 4398/4398/4398
f 4402/4402/4402 4401/4401/4401 4400/4400/4400
f 4401/4401/4401 4403/4403/4403 4400/4400/4400
f 4404/4404/4404 4401/4401/4401 4402/4402/4402
f 4405/4405/4405 4404/4404/4404 4402/4402/4402
f 4406/4406/4406 4404/4404/4404 4405/4405/4405
f 4407/4407/4407 4406/4406/4406 4405/4405/4405
f 4408/4408/4408 4406/4406/4406 4407/4407/4407
f 4409/4409/4409 4408/4408/4408 4407/4407/4407
f 4410/4410/4410 4408/4408/4408 4409/4409/4409
f 4411/4411/4411 4410/4410/4410 4409/4409/4409
f 4412/4412/4412 4410/4410/4410 4411/4411/4411
f 4413/4413/4413 4412/4412/4412 4411/4411/4411
f 4414/4414/4414 4412/4412/4412 4413/4413/4413
f 4415/4415/4415 4414/4414/4414 4413/4413/4413
f 4416/4416/4416 4414/4414/4414 4415/4415/4415
f 4417/4417/4417 4416/4416/4416 4415/4415/4415
f 4418/4418/4418 4416/4416/4416 4417/4417/4417
f 4419/4419/4419 4418/4418/4418 4417/4417/4417
f 4420/4420/4420 4418/4418/4418 4419/4419/4419
f 4421/4421/4421 4420/4420/4420 4419/4419/4419
f 4422/4422/4422 4420/4420/4420 4421/4421/4421
f 4423/4423/4423 4422/4422/4422 4421/4421/4421
f 4424/4424/4424 4422/4422/4422 4423/4423/4423
f 4425/4425/4425 4424/4424/4424 4423/4423/4423
f 4426/4426/4426 4424/4424/4424 4425/4425/4425
f 4427/4427/4427 4426/4426/4426 4425/4425/4425
f 4428/4428/4428 4426/4426/4426 4427/4427/4427
f 4429/4429/4429 4428/4428/4428 4427/4427/4427
f 4430/4430/4430 4428/4428/4428 4429/4429/4429
f 4431/4431/4431 4430/4430/4430 4429/4429/4429
f 4432/4432/4432 4431/4431/4431 4429/4429/4429
f 4433/4433/4433 4431/4431/4431 4432/4432/4432
f 4434/4434/4434 4433/4433/4433 4432/4432/4432
f 4435/4435/4435 4433/4433/4433 4434/4434/4434
f 4436/4436/4436 4435/4435/4435 4434/4434/4434
f 4437/4437/4437 4435/4435/4435 4436/4436/4436
f 4438/4438/4438 4437/4437/4437 4436/4436/4436
f 4439/4439/4439 4437/4437/4437 4438/4438/4438
f 4440/4440/4440 4439/4439/4439 4438/4438/4438
f 4441/4441/4441 4439/4439/4439 4440/4440/4440
f 4442/4442/4442 4441/4441/4441 4440/4440/4440
f 4443/4443/4443 4441/4441/4441 4442/4442/4442
f 4444/4444/4444 4443/4443/4443 4442/4442/4442
f 4445/4445/4445 4443/4443/4443 4444/4444/4444
f 4446/4446/4446 4445/4445/4445 4444/4444/4444
f 4447/4447/4447 4445/4445/4445 4446/4446/4446
f 4448/4448/4448 4447/4447/4447 4446/4446/4446
f 4449/4449/4449 4447/4447/4447 4448/4448/4448
f 4450/4450/4450 4449/4449/4449 4448/4448/4448
f 4403/4403/4403 4449/4449/4449 4450/4450/4450
f 4400/4400/4400 4403/4403/4403 4450/4450/4450
f 4453/4453/4453 4452/4452/4452 4451/4451/4451
f 4452/4452/4452 4454/4454/4454 4451/4451/4451
f 4457/4457/4457 4456/4456/4456 4455/4455/4455
f 4456/4456/4456 4458/4458/4458 4455/4455/4455
f 4455/4455/4455 4458/4458/4458 4459/4459/4459
f 4458/4458/4458 4460/4460/4460 4459/4459/4459
f 4459/4459/4459 4460/4460/4460 4461/4461/4461
f 4460/4460/4460 4462/4462/4462 4461/4461/4461
f 4465/4465/4465 4464/4464/4464 4463/4463/4463
f 4464/4464/4464 4466/4466/4466 4463/4463/4463
f 4467/4467/4467 4464/4464/4464 4465/4465/4465
f 4468/4468/4468 4467/4467/4467 4465/4465/4465
f 4469/4469/4469 4467/4467/4467 4468/4468/4468
f 4470/4470/4470 4469/4469/4469 4468/4468/4468
f 4471/4471/4471 4469/4469/4469 4470/4470/4470
f 4472/4472/4472 4471/4471/4471 4470/4470/4470
f 4473/4473/4473 4471/4471/4471 4472/4472/4472
f 4474/4474/4474 4473/4473/4473 4472/4472/4472
f 4475/4475/4475 4473/4473/4473 4474/4474/4474
f 4476/4476/4476 4475/4475/4475 4474/4474/4474
f 4477/4477/4477 4475/4475/4475 4476/4476/4476
f 4478/4478/4478 4477/4477/4477 4476/4476/4476
f 4479/4479/4479 4477/4477/4477 4478/4478/4478
f 4480/4480/4480 4479/4479/4479 4478/4478/4478
f 4481/4481/4481 4479/4479/4479 4480/4480/4480
f 4482/4482/4482 4481/4481/4481 4480/4480/4480
f 4483/4483/4483 4481/4481/4481 4482/4482/4482
f 4484/4484/4484 4483/4483/4483 4482/4482/4482
f 4485/4485/4485 4483/4483/4483 4484/4484/4484
f 4486/4486/4486 4485/4485/4485 4484/4484/4484
f 4487/4487/4487 4486/4486/4486 4484/4484/4484
f 4488/4488/4488 4486/4486/4486 4487/4487/4487
f 4489/4489/4489 4488/4488/4488 4487/4487/4487
f 4490/4490/4490 4488/4488/4488 4489/4489/4489
f 4491/4491/4491 4490/4490/4490 4489/4489/4489
f 4492/4492/4492 4490/4490/4490 4491/4491/4491
f 4493/4493/4493 4492/4492/4492 4491/4491/4491
f 4494/4494/4494 4492/4492/4492 4493/4493/4493
f 4495/4495/4495 4494/4494/4494 4493/4493/4493
f 4496/4496/4496 4494/4494/4494 4495/4495/4495
f 4497/4497/4497 4496/4496/4496 4495/4495/4495
f 4498/4498/4498 4496/4496/4496 4497/4497/4497
f 4499/4499/4499 4498/4498/4498 4497/4497/4497
f 4500/4500/4500 4498/4498/4498 4499/4499/4499
f 4501/4501/4501 4500/4500/4500 4499/4499/4499
f 4502/4502/4502 4500/4500/4500 4501/4501/4501
f 4503/4503/4503 4502/4502/4502 4501/4501/4501
f 4504/4504/4504 4502/4502/4502 4503/4503/4503
f 4505/4505/4505 4504/4504/4504 4503/4503/4503
f 4506/4506/4506 4504/4504/4504 4505/4505/4505
f 4507/4507/4507 4506/4506/4506 4505/4505/4505
f 4508/4508/4508 4506/4506/4506 4507/4507/4507
f 4509/4509/4509 4508/4508/4508 4507/4507/4507
f 4510/4510/4510 4508/4508/4508 4509/4509/4509
f 4511/4511/4511 4510/4510/4510 4509/4509/4509
f 4512/4512/4512 4510/4510/4510 4511/4511/4511
f 4513/4513/4513 4512/4512/4512 4511/4511/4511
f 4514/4514/4514 4512/4512/4512 4513/4513/4513
f 4515/4515/4515 4514/4514/4514 4513/4513/4513
f 4516/4516/4516 4515/4515/4515 4513/4513/4513
f 4517/4517/4517 4515/4515/4515 4516/4516/4516
f 4518/4518/4518 4517/4517/4517 4516/4516/4516
f 4519/4519/4519 4517/4517/4517 4518/4518/4518
f 4520/4520/4520 4519/4519/4519 4518/4518/4518
f 4521/4521/4521 4519/4519/4519 4520/4520/4520
f 4522/4522/4522 4521/4521/4521 4520/4520/4520
f 4466/4466/4466 4521/4521/4521 4522/4522/4522
f 4463/4463/4463 4466/4466/4466 4522/4522/4522
f 4525/4525/4525 4524/4524/4524 4523/4523/4523
f 4524/4524/4524 4526/4526/4526 4523/4523/4523
f 4529/4529/4529 4528/4528/4528 4527/4527/4527
f 4528/4528/4528 4530/4530/4530 4527/4527/4527
f 4533/4533/4533 4532/4532/4532 4531/4531/4531
f 4532/4532/4532 4534/4534/4534 4531/4531/4531
f 4537/4537/4537 4536/4536/4536 4535/4535/4535
f 4536/4536/4536 4538/4538/4538 4535/4535/4535
f 1117/1117/1117 4536/4536/4536 4537/4537/4537
f 1116/1116/1116 1117/1117/1117 4537/4537/4537
f 4541/4541/4541 4540/4540/4540 4539/4539/4539
f 4542/4542/4542 4540/4540/4540 4541/4541/4541
f 4543/4543/4543 4540/4540/4540 4542/4542/4542
f 4544/4544/4544 4543/4543/4543 4542/4542/4542
f 4545/4545/4545 4543/4543/4543 4544/4544/4544
f 4546/4546/4546 4545/4545/4545 4544/4544/4544
f 4549/4549/4549 4548/4548/4548 4547/4547/4547
f 4548/4548/4548 4550/4550/4550 4547/4547/4547
f 4551/4551/4551 4548/4548/4548 4549/4549/4549
f 4547/4547/4547 4550/4550/4550 4552/4552/4552
f 4550/4550/4550 4553/4553/4553 4552/4552/4552
f 4552/4552/4552 4553/4553/4553 4554/4554/4554
f 4557/4557/4557 4556/4556/4556 4555/4555/4555
f 4558/4558/4558 4556/4556/4556 4557/4557/4557
f 4559/4559/4559 4558/4558/4558 4557/4557/4557
f 4560/4560/4560 4558/4558/4558 4559/4559/4559
f 4561/4561/4561 4560/4560/4560 4559/4559/4559
f 4564/4564/4564 4563/4563/4563 4562/4562/4562
f 4563/4563/4563 4565/4565/4565 4562/4562/4562
f 4568/4568/4568 4567/4567/4567 4566/4566/4566
f 4567/4567/4567 4569/4569/4569 4566/4566/4566
f 4572/4572/4572 4571/4571/4571 4570/4570/4570
f 4571/4571/4571 4573/4573/4573 4570/4570/4570
f 4576/4576/4576 4575/4575/4575 4574/4574/4574
f 4575/4575/4575 4577/4577/4577 4574/4574/4574
f 4580/4580/4580 4579/4579/4579 4578/4578/4578
f 4579/4579/4579 4581/4581/4581 4578/4578/4578
f 4584/4584/4584 4583/4583/4583 4582/4582/4582
f 4583/4583/4583 4585/4585/4585 4582/4582/4582
f 4588/4588/4588 4587/4587/4587 4586/4586/4586
f 4587/4587/4587 4589/4589/4589 4586/4586/4586
f 4592/4592/4592 4591/4591/4591 4590/4590/4590
f 4591/4591/4591 4593/4593/4593 4590/4590/4590
f 4596/4596/4596 4595/4595/4595 4594/4594/4594
f 4595/4595/4595 4597/4597/4597 4594/4594/4594
f 4600/4600/4600 4599/4599/4599 4598/4598/4598
f 4599/4599/4599 4601/4601/4601 4598/4598/4598
f 4604/4604/4604 4603/4603/4603 4602/4602/4602
f 4603/4603/4603 4605/4605/4605 4602/4602/4602
f 4608/4608/4608 4607/4607/4607 4606/4606/4606
f 4607/4607/4607 4609/4609/4609 4606/4606/4606
f 4612/4612/4612 4611/4611/4611 4610/4610/4610
f 4611/4611/4611 4613/4613/4613 4610/4610/4610
f 4616/4616/4616 4615/4615/4615 4614/4614/4614
f 4615/4615/4615 4617/4617/4617 4614/4614/4614
f 4620/4620/4620 4619/4619/4619 4618/4618/4618
f 4619/4619/4619 4621/4621/4621 4618/4618/4618
f 4622/4622/4622 4619/4619/4619 4620/4620/4620
f 4623/4623/4623 4622/4622/4622 4620/4620/4620
f 4624/4624/4624 4622/4622/4622 4623/4623/4623
f 4625/4625/4625 4624/4624/4624 4623/4623/4623
f 4626/4626/4626 4625/4625/4625 4623/4623/4623
f 4627/4627/4627 4625/4625/4625 4626/4626/4626
f 4628/4628/4628 4627/4627/4627 4626/4626/4626
f 4629/4629/4629 4627/4627/4627 4628/4628/4628
f 4630/4630/4630 4629/4629/4629 4628/4628/4628
f 4631/4631/4631 4629/4629/4629 4630/4630/4630
f 4632/4632/4632 4631/4631/4631 4630/4630/4630
f 4633/4633/4633 4631/4631/4631 4632/4632/4632
f 4634/4634/4634 4633/4633/4633 4632/4632/4632
f 4635/4635/4635 4633/4633/4633 4634/4634/4634
f 4636/4636/4636 4635/4635/4635 4634/4634/4634
f 4637/4637/4637 4635/4635/4635 4636/4636/4636
f 4638/4638/4638 4637/4637/4637 4636/4636/4636
f 4639/4639/4639 4637/4637/4637 4638/4638/4638
f 4640/4640/4640 4639/4639/4639 4638/4638/4638
f 4641/4641/4641 4639/4639/4639 4640/4640/4640
f 4642/4642/4642 4641/4641/4641 4640/4640/4640
f 4643/4643/4643 4641/4641/4641 4642/4642/4642
f 4644/4644/4644 4643/4643/4643 4642/4642/4642
f 4645/4645/4645 4643/4643/4643 4644/4644/4644
f 4646/4646/4646 4645/4645/4645 4644/4644/4644
f 4647/4647/4647 4645/4645/4645 4646/4646/4646
f 4648/4648/4648 4647/4647/4647 4646/4646/4646
f 4649/4649/4649 4647/4647/4647 4648/4648/4648
f 4650/4650/4650 4649/4649/4649 4648/4648/4648
f 4651/4651/4651 4650/4650/4650 4648/4648/4648
f 4652/4652/4652 4650/4650/4650 4651/4651/4651
f 4653/4653/4653 4652/4652/4652 4651/4651/4651
f 4654/4654/4654 4652/4652/4652 4653/4653/4653
f 4655/4655/4655 4654/4654/4654 4653/4653/4653
f 4656/4656/4656 4654/4654/4654 4655/4655/4655
f 4657/4657/4657 4656/4656/4656 4655/4655/4655
f 4658/4658/4658 4656/4656/4656 4657/4657/4657
f 4659/4659/4659 4658/4658/4658 4657/4657/4657
f 4660/4660/4660 4658/4658/4658 4659/4659/4659
f 4661/4661/4661 4660/4660/4660 4659/4659/4659
f 4662/4662/4662 4660/4660/4660 4661/4661/4661
f 4663/4663/4663 4662/4662/4662 4661/4661/4661
f 4664/4664/4664 4662/4662/4662 4663/4663/4663
f 4665/4665/4665 4664/4664/4664 4663/4663/4663
f 4666/4666/4666 4664/4664/4664 4665/4665/4665
f 4667/4667/4667 4666/4666/4666 4665/4665/4665
f 4621/4621/4621 4666/4666/4666 4667/4667/4667
f 4618/4618/4618 4621/4621/4621 4667/4667/4667
f 4670/4670/4670 4669/4669/4669 4668/4668/4668
f 4669/4669/4669 4671/4671/4671 4668/4668/4668
f 4672/4672/4672 4669/4669/4669 4670/4670/4670
f 4673/4673/4673 4672/4672/4672 4670/4670/4670
f 4674/4674/4674 4672/4672/4672 4673/4673/4673
f 4675/4675/4675 4674/4674/4674 4673/4673/4673
f 4676/4676/4676 4674/4674/4674 4675/4675/4675
f 4677/4677/4677 4676/4676/4676 4675/4675/4675
f 4668/4668/4668 4671/4671/4671 4678/4678/4678
f 4671/4671/4671 4679/4679/4679 4678/4678/4678
f 4678/4678/4678 4679/4679/4679 4680/4680/4680
f 4679/4679/4679 4681/4681/4681 4680/4680/4680
f 4680/4680/4680 4681/4681/4681 4682/4682/4682
f 4681/4681/4681 4683/4683/4683 4682/4682/4682
f 4682/4682/4682 4683/4683/4683 4684/4684/4684
f 4683/4683/4683 4685/4685/4685 4684/4684/4684
f 4684/4684/4684 4685/4685/4685 4686/4686/4686
f 4685/4685/4685 4687/4687/4687 4686/4686/4686
f 4686/4686/4686 4687/4687/4687 4688/4688/4688
f 4687/4687/4687 4689/4689/4689 4688/4688/4688
f 4690/4690/4690 4676/4676/4676 4677/4677/4677
f 4691/4691/4691 4690/4690/4690 4677/4677/4677
f 4692/4692/4692 4690/4690/4690 4691/4691/4691
f 4693/4693/4693 4692/4692/4692 4691/4691/4691
f 4694/4694/4694 4692/4692/4692 4693/4693/4693
f 4695/4695/4695 4694/4694/4694 4693/4693/4693
f 4696/4696/4696 4694/4694/4694 4695/4695/4695
f 4697/4697/4697 4696/4696/4696 4695/4695/4695
f 4698/4698/4698 4696/4696/4696 4697/4697/4697
f 4699/4699/4699 4698/4698/4698 4697/4697/4697
f 4700/4700/4700 4698/4698/4698 4699/4699/4699
f 4701/4701/4701 4700/4700/4700 4699/4699/4699
f 4688/4688/4688 4689/4689/4689 4702/4702/4702
f 4689/4689/4689 4703/4703/4703 4702/4702/4702
f 4702/4702/4702 4703/4703/4703 4704/4704/4704
f 4703/4703/4703 4705/4705/4705 4704/4704/4704
f 4704/4704/4704 4705/4705/4705 4706/4706/4706
f 4705/4705/4705 4707/4707/4707 4706/4706/4706
f 4706/4706/4706 4707/4707/4707 4708/4708/4708
f 4707/4707/4707 4709/4709/4709 4708/4708/4708
f 4708/4708/4708 4709/4709/4709 4710/4710/4710
f 4709/4709/4709 4711/4711/4711 4710/4710/4710
f 4710/4710/4710 4711/4711/4711 4701/4701/4701
f 4711/4711/4711 4700/4700/4700 4701/4701/4701
f 4714/4714/4714 4713/4713/4713 4712/4712/4712
f 4713/4713/4713 4715/4715/4715 4712/4712/4712
f 4718/4718/4718 4717/4717/4717 4716/4716/4716
f 4717/4717/4717 4719/4719/4719 4716/4716/4716
f 4718/4718/4718 4716/4716/4716 4720/4720/4720
f 4721/4721/4721 4718/4718/4718 4720/4720/4720
f 4724/4724/4724 4723/4723/4723 4722/4722/4722
f 4723/4723/4723 4725/4725/4725 4722/4722/4722
f 4728/4728/4728 4727/4727/4727 4726/4726/4726
f 4727/4727/4727 4729/4729/4729 4726/4726/4726
f 4732/4732/4732 4731/4731/4731 4730/4730/4730
f 4731/4731/4731 4733/4733/4733 4730/4730/4730
f 4736/4736/4736 4735/4735/4735 4734/4734/4734
f 4735/4735/4735 4737/4737/4737 4734/4734/4734
f 4740/4740/4740 4739/4739/4739 4738/4738/4738
f 4739/4739/4739 4741/4741/4741 4738/4738/4738
f 4744/4744/4744 4743/4743/4743 4742/4742/4742
f 4743/4743/4743 4745/4745/4745 4742/4742/4742
f 4748/4748/4748 4747/4747/4747 4746/4746/4746
f 4747/4747/4747 4749/4749/4749 4746/4746/4746
f 4752/4752/4752 4751/4751/4751 4750/4750/4750
f 4751/4751/4751 4753/4753/4753 4750/4750/4750
f 4756/4756/4756 4755/4755/4755 4754/4754/4754
f 4755/4755/4755 4757/4757/4757 4754/4754/4754
f 4760/4760/4760 4759/4759/4759 4758/4758/4758
f 4759/4759/4759 4761/4761/4761 4758/4758/4758
f 4764/4764/4764 4763/4763/4763 4762/4762/4762
f 4765/4765/4765 4763/4763/4763 4764/4764/4764
f 4766/4766/4766 4765/4765/4765 4764/4764/4764
f 4769/4769/4769 4768/4768/4768 4767/4767/4767
f 4768/4768/4768 4770/4770/4770 4767/4767/4767
f 4773/4773/4773 4772/4772/4772 4771/4771/4771
f 4772/4772/4772 4774/4774/4774 4771/4771/4771
f 4777/4777/4777 4776/4776/4776 4775/4775/4775
f 4776/4776/4776 4778/4778/4778 4775/4775/4775
f 4781/4781/4781 4780/4780/4780 4779/4779/4779
f 4780/4780/4780 4782/4782/4782 4779/4779/4779
f 4785/4785/4785 4784/4784/4784 4783/4783/4783
f 4784/4784/4784 4786/4786/4786 4783/4783/4783
f 4789/4789/4789 4788/4788/4788 4787/4787/4787
f 4788/4788/4788 4790/4790/4790 4787/4787/4787
f 4793/4793/4793 4792/4792/4792 4791/4791/4791
f 4792/4792/4792 4794/4794/4794 4791/4791/4791
f 4797/4797/4797 4796/4796/4796 4795/4795/4795
f 4796/4796/4796 4798/4798/4798 4795/4795/4795
f 4799/4799/4799 4796/4796/4796 4797/4797/4797
f 4800/4800/4800 4799/4799/4799 4797/4797/4797
f 4801/4801/4801 4799/4799/4799 4800/4800/4800
f 4802/4802/4802 4801/4801/4801 4800/4800/4800
f 4803/4803/4803 4801/4801/4801 4802/4802/4802
f 4803/4803/4803 4802/4802/4802 4804/4804/4804
f 4805/4805/4805 4803/4803/4803 4804/4804/4804
f 4808/4808/4808 4807/4807/4807 4806/4806/4806
f 4807/4807/4807 4809/4809/4809 4806/4806/4806
f 4812/4812/4812 4811/4811/4811 4810/4810/4810
f 4811/4811/4811 4813/4813/4813 4810/4810/4810
f 4816/4816/4816 4815/4815/4815 4814/4814/4814
f 4815/4815/4815 4817/4817/4817 4814/4814/4814
