g mx_qingJieChe1_cheshen
v 0.7794385 1.896085 1.100993
v -0.002439499 2.023757 1.018717
v 0.9365625 1.965685 0.977613
v -0.002439499 1.979507 1.104757
v -0.002439499 1.923042 1.837193
v 0.7193556 1.820383 1.856318
v -0.002439499 1.862093 2.267461
v 0.6671829 1.760131 2.291091
v -0.002439499 1.743939 2.598317
v 0.6456532 1.659933 2.575653
v -0.002439499 1.265409 2.624206
v 0.5799856 1.260937 2.599205
v 0.7143435 1.062428 2.594654
v -0.002439499 1.045359 2.61697
v 0.8104072 1.625289 2.294744
v 0.8732882 1.685732 1.871544
v 0.8568149 1.373227 2.26491
v 0.9211569 1.458783 1.790201
v 1.282992 1.274398 2.240751
v 1.290162 1.36445 1.803887
v 0.9521589 1.438804 1.35663
v 1.28097 1.343875 1.39443
v 0.991971 1.359809 1.171931
v 1.283004 1.272455 1.205663
v 1.345278 1.232114 1.388621
v 1.290229 1.204629 1.116061
v 0.9992414 1.205057 1.053248
v 0.9738798 1.730062 1.098633
v 1.016928 1.531665 1.00303
v 1.001444 1.731556 1.009076
v 0.9992414 1.205057 1.053248
v 1.344312 0.8004756 0.9668927
v 1.345278 1.253397 1.790617
v 1.345278 1.13468 1.197461
v 1.345278 0.7540793 1.045213
v 1.013309 1.730579 0.9719605
v 1.001713 1.530125 0.925261
v 1.001747 1.001165 0.904428
v 1.001702 1.893489 0.9250693
v 1.003286 0.9927154 0.9464641
v 0.9956007 0.8067689 0.9253278
v 0.9992414 1.205057 1.053248
v 1.003286 0.9927154 0.9464641
v 1.016928 1.531665 1.00303
v 0.9956007 0.8067689 0.9253278
v 1.345278 1.15848 2.183567
v 1.263631 1.114342 2.505805
v 0.7749887 1.152334 2.570292
v 0.714591 1.06599 2.57391
v 0.7574816 1.544734 2.567809
v 1.345278 0.8315349 2.392211
v 0.7144675 0.8464341 2.575843
v -0.002439499 0.8543448 2.600003
v 1.259766 0.8560081 2.505962
v -0.002439499 2.851133 -0.7053318
v 0.8838396 2.767936 0.7327628
v -0.002439499 2.825278 0.765327
v 0.9196062 2.7786 -0.7053318
v 0.9226851 2.344433 0.8696609
v 0.9365625 1.965685 0.977613
v -0.002439499 2.023757 1.018717
v 1.001702 1.893489 0.9250693
v 0.9495187 2.340815 0.8106341
v 0.8869858 2.680604 0.7852054
v 0.9238648 2.636611 0.740191
v 0.9043803 2.693762 0.7326732
v 0.8838396 2.767936 0.7327628
v -0.002439499 2.825278 0.765327
v 1.001713 0.9693542 -0.5853343
v 1.001713 1.923031 -0.5746369
v 1.001713 1.922245 -0.7053318
v 1.001713 0.8219495 -0.7053318
v 1.001713 0.8154206 0.8744588
v 1.001747 1.001165 0.904428
v 0.9536085 2.64959 -0.5854468
v 0.9196062 2.7786 -0.7053318
v 0.9503837 2.69365 -0.5832891
v 0.9407086 2.711774 -0.5543318
v 0.9043803 2.693762 0.7326732
v 0.8838396 2.767936 0.7327628
v 0.9196062 2.7786 -0.7053318
v -0.002439499 1.922727 -0.7053318
v 1.001713 1.922245 -0.7053318
v -0.002439499 2.851133 -0.7053318
v 1.001713 0.8219495 -0.7053318
v -0.002439499 0.8219495 -0.7053318
v 1.001713 0.8219495 -0.7053318
v 0.7146025 0.7823291 0.9217887
v 1.001713 0.8154206 0.8744588
v -0.002439499 0.8083978 0.9217887
v -0.002439499 0.8219495 -0.7053318
v 0.9956007 0.8067689 0.9253278
v 0.9956007 0.8067689 0.9253278
v 1.001713 0.8154206 0.8744588
v 1.177794 1.280758 -2.086468
v 1.220067 1.496415 -0.774899
v 1.234596 1.546228 -2.086603
v 1.178794 1.281747 -0.774899
v 1.31095 2.412415 -2.086603
v 1.285554 2.349276 -0.774899
v 1.273498 3.698634 -2.079613
v 1.262834 3.596885 -0.7737865
v 0.8726926 3.823149 -2.078759
v 0.868434 3.720805 -0.7723594
v 1.285554 2.349276 -0.774899
v 0.8832889 2.349276 -0.774899
v 1.220067 1.496415 -0.774899
v 0.839263 1.496415 -0.774899
v 1.178794 1.281747 -0.774899
v 1.207178 1.62457 -5.091117
v 1.196818 2.534402 -4.655028
v 1.284015 3.878838 -4.112269
v 1.332929 1.543115 -5.126513
v 1.360695 1.462682 -2.098637
v 1.281386 1.35436 -5.198102
v 1.320782 1.289804 -2.086603
v 1.177794 1.280758 -2.086468
v 1.147882 1.345583 -5.201911
v -0.002439499 1.275904 -0.774899
v -0.002439499 1.496415 -0.774899
v -0.002439499 2.349276 -0.774899
v -0.002439499 3.721029 -0.7716966
v -0.002439499 3.823227 -2.078422
v -0.002439499 3.999409 -4.059872
v 0.8796258 3.999308 -4.059906
v 1.177794 1.280758 -2.086468
v 1.360695 1.462682 -2.098637
v 1.320782 1.289804 -2.086603
v 1.03839 3.167202 -6.32786
v -0.002439499 2.724349 -7.027125
v 1.037053 2.724899 -7.026383
v -0.002439499 3.167202 -6.32786
v 1.037053 2.637173 -7.161753
v -0.002439499 2.40355 -7.368869
v 1.037053 2.406561 -7.371735
v -0.002439499 1.978046 -7.552602
v 1.03839 1.978046 -7.552602
v 1.03839 1.975496 -7.5355
v -0.002439499 1.975496 -7.5355
v 1.123453 4.013342 -4.829479
v -0.002439499 3.948305 -5.034393
v 1.123464 3.942629 -5.026898
v -0.002439499 4.021556 -4.829614
v 1.123453 3.91174 -4.456025
v -0.002439499 3.917706 -4.456351
v 1.123453 4.051188 -4.319543
v -0.002439499 4.060212 -4.317891
v -0.002439499 3.666733 -3.921176
v 1.123453 3.660193 -3.926345
v 1.117025 4.005892 -5.028595
v 1.043132 3.144829 -6.355716
v 1.11789 3.89394 -4.985907
v 1.042469 3.559803 -6.349187
v -0.002439499 4.006803 -5.028056
v -0.002439499 3.895559 -4.983435
v 1.11789 3.89394 -4.985907
v -0.002439499 3.570254 -6.328759
v 1.043132 3.144829 -6.355716
v -0.002439499 3.144188 -6.358952
v -0.1529226 1.742186 -4.535829
v -0.171587 0.370995 -4.228514
v -0.1701484 0.370995 -4.552616
v -0.1542149 1.742186 -4.245425
v 0.1626515 0.370995 -4.553807
v 0.161202 0.370995 -4.229716
v 0.161202 0.370995 -4.229716
v -0.171587 0.370995 -4.228514
v 0.1439757 1.742186 -4.246492
v 0.1626515 0.370995 -4.553807
v 0.1452794 1.742186 -4.536907
v 0.161202 0.370995 -4.229716
v -0.1701484 0.370995 -4.552616
v 0.1452794 1.742186 -4.536907
v 0.1626515 0.370995 -4.553807
v 1.169355 4.018917 -4.777397
v 1.169355 3.936877 -4.841379
v 1.169355 3.935 -4.789454
v 1.169355 4.021445 -4.847335
v 1.169355 4.009207 -4.916037
v 1.169355 3.927785 -4.892417
v 1.169355 3.983003 -4.980097
v 1.169355 3.907469 -4.941802
v 1.094642 2.82049 -7.082264
v 1.094642 2.74762 -7.039059
v 1.094642 2.556662 -7.289515
v 1.094642 2.615374 -7.350868
v 1.094642 2.341646 -7.542185
v 1.094642 2.304194 -7.465978
v 1.094642 2.008633 -7.558423
v 1.094653 2.021196 -7.642417
v 1.094653 0.6577687 -7.645755
v 1.094642 0.6584315 -7.561086
v 1.049683 0.6577687 -7.645755
v 1.049537 0.6584544 -7.558041
v 1.124239 3.90475 -4.94042
v 1.124239 3.924853 -4.891562
v 1.049537 2.744991 -7.037497
v 1.049537 2.55455 -7.287313
v 1.049537 2.302845 -7.463236
v 1.049672 2.341646 -7.542185
v 1.049672 2.615374 -7.350868
v 1.049537 2.302845 -7.463236
v 1.049537 2.55455 -7.287313
v 1.049672 2.82049 -7.082264
v 1.049537 2.744991 -7.037497
v 1.124385 3.983003 -4.980097
v 1.124239 3.90475 -4.94042
v 1.049537 2.008183 -7.5554
v 1.049672 2.021196 -7.642417
v 1.049683 0.6577687 -7.645755
v 1.049537 0.6584544 -7.558041
v 1.094642 2.82049 -7.082264
v 1.124385 3.983003 -4.980097
v 1.169355 4.009207 -4.916037
v 1.124385 4.009207 -4.916037
v 1.124374 4.021445 -4.847335
v 1.124374 4.018917 -4.777397
v 1.124374 3.874838 -4.094234
v 1.169355 3.874838 -4.094234
v 1.169355 3.792799 -4.115157
v 1.124239 3.931977 -4.789892
v 1.124239 3.789843 -4.11591
v 1.124239 3.933832 -4.841166
v 1.049537 2.008183 -7.5554
v 1.049537 0.6584544 -7.558041
v 1.049683 0.6577687 -7.645755
v 1.094653 0.6577687 -7.645755
v -0.002439499 0.6442065 -7.56539
v 1.039503 0.4963412 -7.309269
v 1.039503 0.6442065 -7.56539
v -0.002439499 0.2631664 -6.688426
v 1.039503 0.2631664 -6.688426
v 1.039503 0.8661885 -5.563905
v -0.002439499 0.8661885 -5.563916
v 1.039503 0.6584659 -7.55658
v -0.002439499 0.6584659 -7.55658
v -0.002439499 0.8753695 -5.577939
v 1.039503 0.2794938 -6.687257
v 1.039503 0.8753695 -5.577939
v -0.002439499 0.2794938 -6.687257
v -0.002439499 2.609486 -4.602845
v 1.039941 1.506742 -5.276524
v 1.039503 2.609486 -4.602845
v 1.039503 0.8753695 -5.577939
v 1.039503 1.500932 -5.266209
v 1.039941 1.506742 -5.276524
v 1.039503 0.8661885 -5.563905
v -0.002439499 1.468177 -5.158402
v 1.039503 0.8661885 -5.563905
v -0.002439499 0.8661885 -5.563916
v 1.039503 1.500932 -5.266209
v 0.6997023 1.218215 -0.7141867
v 0.6997023 0.5162301 -3.770648
v 0.6997023 0.4510007 -0.7141867
v 0.6997023 1.230103 -3.770648
v -0.002439499 1.218215 -0.7141867
v 0.6997023 0.4510007 -0.7141867
v -0.002439499 0.4510007 -0.7141867
v 0.6997023 1.218215 -0.7141867
v -0.002439499 0.4510007 -0.7141867
v 0.6997023 0.5162301 -3.770648
v -0.002439499 0.5162301 -3.770648
v 0.6997023 0.4510007 -0.7141867
v 0.6997023 1.230103 -3.770648
v -0.002439499 0.5162301 -3.770648
v 0.6997023 0.5162301 -3.770648
v -0.002439499 1.230103 -3.770648
v -0.002439499 0.6727929 -4.429338
v 0.7101974 0.4708562 -4.429338
v 0.7101974 0.6727929 -4.429338
v -0.002439499 0.4708562 -4.429338
v -0.002439499 0.6728711 -4.210939
v 0.7101974 0.6728711 -4.210939
v 0.7101974 0.4709687 -4.210872
v -0.002439499 0.4709687 -4.210872
v -0.002439499 0.4708562 -4.429338
v 0.7101974 0.4708562 -4.429338
v 1.345278 0.8315349 2.392211
v 0.7208834 1.158558 2.15879
v 0.7208834 0.8505473 2.391257
v 1.345278 1.15848 2.183567
v 0.7208834 1.253476 1.789662
v 1.345278 1.253397 1.790617
v 0.7208834 1.232205 1.361045
v 1.345278 1.232114 1.388621
v 0.7208834 1.134849 1.128534
v 1.345278 1.13468 1.197461
v 0.7208834 0.8604465 0.9663758
v 1.345278 0.7540793 1.045213
v 0.7208834 1.253476 1.789662
v 0.7208834 0.8604465 0.9663758
v 0.7208834 1.158558 2.15879
v 0.7208834 1.134849 1.128534
v 0.7208834 0.8505473 2.391257
v 0.7208834 1.232205 1.361045
v 0.7208834 0.6802535 2.484466
v 0.7208834 0.5335011 0.1911387
v -0.002439499 0.6802535 2.484466
v -0.002439499 0.5335011 0.1904759
v 0.7208834 0.8524127 2.497029
v 0.7208834 0.5335011 0.1911387
v -0.002439499 0.8575816 0.1859365
v -0.002439499 0.5335011 0.1904759
v 0.7208834 0.8809991 0.1845655
v -0.002439499 0.8575816 0.1859365
v -0.7257743 0.5335011 0.1911278
v -0.7257743 0.8809991 0.1845655
v 0.7208834 0.5335011 0.1911387
v 0.7208834 0.8604465 0.9663758
v 0.7208834 0.8809991 0.1845655
v 1.12606 3.766268 -1.042121
v 1.170187 3.64672 -1.183985
v 1.168816 3.76619 -1.041986
v 1.127442 3.646799 -1.18412
v 1.167253 3.779797 -0.9668231
v 1.124498 3.779876 -0.9669466
v 1.165062 3.74475 -0.8994026
v 1.122306 3.744829 -0.8995371
v 1.16086 3.614089 -0.8147893
v 1.118104 3.614167 -0.8149242
v 1.124498 3.779876 -0.9669466
v 1.122498 3.700926 -0.9383154
v 1.124104 3.753818 -0.9688792
v 1.122306 3.744829 -0.8995371
v 1.118104 3.614167 -0.8149242
v 1.123048 3.672486 -0.9813747
v 1.127442 3.646799 -1.18412
v 1.124475 3.712432 -1.013523
v 1.12606 3.766268 -1.042121
v 1.168816 3.76619 -1.041986
v 1.166861 3.75375 -0.9687448
v 1.167253 3.779797 -0.9668231
v 1.167231 3.712354 -1.013388
v 1.170187 3.64672 -1.183985
v 1.165793 3.672408 -0.9812398
v 1.165254 3.700848 -0.9381919
v 1.165062 3.74475 -0.8994026
v 1.16086 3.614089 -0.8147893
v 0.6790266 1.017189 2.695841
v 1.19675 1.027998 2.618891
v 1.197368 0.8288941 2.617599
v 0.5758729 0.8072066 2.704471
v 0.6404958 0.6941876 2.700482
v 1.174434 0.7009177 2.619824
v 1.243911 0.8316131 2.601744
v 1.174434 0.7009177 2.619824
v 1.234573 0.7023568 2.60598
v 1.249979 1.064383 2.604059
v 1.19675 1.027998 2.618891
v 0.5050139 1.043326 2.683885
v 0.608201 1.094217 2.663389
v 1.21174 1.106128 2.58635
v 0.5758729 0.8072066 2.704471
v 0.457325 0.8060384 2.71173
v 0.5733333 0.6357789 2.708212
v -0.002439499 1.036381 2.688076
v -0.002439499 1.069642 2.656209
v 0.9380794 1.104296 2.505085
v 0.5700636 1.092441 2.497612
v 0.5679622 1.069911 2.635432
v 0.5090928 1.092542 2.498422
v 0.4732246 1.069822 2.652837
v -0.002439499 1.092643 2.498422
v 1.241596 1.107465 2.564584
v 1.31958 1.118454 2.423259
v 1.274408 1.065698 2.581069
v 1.274194 0.8357263 2.577652
v 1.34457 1.075058 2.440114
v 1.312714 0.7042441 2.519974
v 1.30923 0.6549706 2.519974
v 1.229618 0.6499705 2.60598
v 0.5733333 0.6357789 2.708212
v 0.6404958 0.6941876 2.700482
v 1.371022 0.7042441 2.424124
v 0.5253186 0.6356997 2.421023
v 0.477304 0.6356215 2.629466
v -0.002439499 0.6321492 2.420551
v 1.229618 0.6499705 2.420269
v 0.5253186 0.6356997 2.421023
v -0.002439499 0.6321492 2.629466
v -0.002439499 0.8048139 2.707561
v -0.002439499 0.6321492 2.420551
v 0.2720079 0.9108329 2.454182
v 1.229618 0.6499705 2.420269
v 0.5253186 0.6356997 2.421023
v -0.002439499 0.6321492 2.420551
v 0.608201 1.094217 2.663389
v 0.5050139 1.043326 2.683885
v 1.371022 0.7042441 2.424124
v 1.229618 0.6499705 2.420269
v 1.048807 0.1490459 -7.228174
v 1.031974 0.4963412 -7.309269
v 1.031974 0.263515 -6.947647
v 1.048807 0.1467423 -5.769875
v 1.039503 0.2628069 -6.429204
v 1.031974 0.4177403 -5.954731
v 1.048807 0.9544873 -5.639146
v 1.048807 0.8786616 -5.579681
v 1.069921 0.9544873 -5.639146
v 1.069921 0.1467423 -5.769875
v 1.069921 0.8786616 -5.579681
v 1.052863 0.4177403 -5.954731
v 1.060482 0.2628069 -6.429204
v 1.069921 0.1490459 -7.228174
v 1.052863 0.263515 -6.947647
v 1.052863 0.4963412 -7.309269
v 1.054279 0.9024158 -7.594268
v -0.002439499 0.9086528 -7.609437
v 1.05429 0.9086528 -7.609437
v -0.002439499 0.9024158 -7.594268
v 1.054279 0.8873591 -7.587919
v -0.002439499 0.8873591 -7.587919
v 1.054279 0.8303771 -7.587919
v -0.002439499 0.8303771 -7.587919
v 1.054279 0.6648707 -7.587919
v -0.002439499 0.6648707 -7.587919
v -0.002439499 0.9022479 -7.622776
v 1.05429 0.9022479 -7.622776
v -0.002439499 0.8879209 -7.62608
v 1.05429 0.8879209 -7.62608
v -0.002439499 0.8302426 -7.613753
v 1.05429 0.8302426 -7.613753
v -0.002439499 0.6688933 -7.608561
v 1.054279 0.6688933 -7.608561
v -0.002439499 0.6648707 -7.587919
v 1.054279 0.6648707 -7.587919
v 0.5700636 1.092441 2.497612
v 0.2720079 0.9108329 2.454182
v 0.9380794 1.104296 2.505085
v 0.5090928 1.092542 2.498422
v -0.002439499 1.092643 2.498422
v 1.31958 1.118454 2.423259
v 1.177794 1.280758 -2.086468
v -0.002439499 1.275904 -0.774899
v 1.178794 1.281747 -0.774899
v -0.002439499 1.280758 -2.086535
v 1.147882 1.345583 -5.201911
v -0.002439499 1.345583 -5.201911
v -0.002439499 2.023757 1.018717
v -0.7843175 1.896085 1.100993
v -0.9414525 1.965685 0.977613
v -0.002439499 1.979507 1.104757
v -0.002439499 1.923042 1.837193
v -0.7242455 1.820383 1.856318
v -0.002439499 1.862093 2.267461
v -0.6720729 1.760131 2.291091
v -0.002439499 1.743939 2.598317
v -0.6505437 1.659933 2.575653
v -0.002439499 1.265409 2.624206
v -0.5848756 1.260937 2.599205
v -0.719234 1.062428 2.594642
v -0.002439499 1.045359 2.61697
v -0.8152976 1.625289 2.294744
v -0.8781781 1.685732 1.871533
v -0.8617053 1.36699 2.249032
v -0.9260468 1.442737 1.790201
v -1.287883 1.319177 2.240739
v -1.295052 1.384284 1.791302
v -0.9795346 1.438804 1.35663
v -1.286051 1.379373 1.394419
v -0.996861 1.359809 1.171931
v -1.287579 1.316604 1.190213
v -1.350169 1.232114 1.388621
v -1.29512 1.204629 1.11605
v -1.004132 1.205057 1.053248
v -0.9787698 1.730062 1.098633
v -1.021819 1.531665 1.00303
v -1.006334 1.731556 1.009076
v -1.004132 1.205057 1.053248
v -1.349202 0.8004756 0.9668927
v -1.350169 1.253397 1.790617
v -1.350169 1.13468 1.197461
v -1.350169 0.7540793 1.045202
v -1.0182 1.730579 0.9719605
v -1.006604 1.530125 0.925261
v -1.006604 1.001165 0.904428
v -1.006592 1.893489 0.9250579
v -1.008176 0.9927154 0.9464641
v -1.000491 0.8067689 0.9253278
v -1.004132 1.205057 1.053248
v -1.008176 0.9927154 0.9464641
v -1.021819 1.531665 1.00303
v -1.000491 0.8067689 0.9253278
v -1.350169 1.15848 2.183567
v -1.268522 1.114342 2.505793
v -0.7798791 1.152334 2.570292
v -0.719481 1.06599 2.57391
v -0.7623725 1.544734 2.567809
v -1.350169 0.8315349 2.392211
v -0.719358 0.8464341 2.575843
v -0.002439499 0.8543448 2.600003
v -1.264657 0.8560081 2.505962
v -0.8887181 2.767936 0.7327628
v -0.002439499 2.851133 -0.7053318
v -0.002439499 2.825278 0.765327
v -0.9244962 2.7786 -0.7053318
v -0.8887181 2.767936 0.7327628
v -0.9275756 2.344433 0.8696609
v -0.8918757 2.680604 0.7852054
v -0.002439499 2.023757 1.018717
v -0.002439499 2.825278 0.765327
v -0.9414525 1.965685 0.977613
v -0.9092593 2.693762 0.7326732
v -1.006592 1.893489 0.9250579
v -0.9544091 2.340815 0.8106341
v -0.9287553 2.636611 0.740191
v -1.006604 0.9693542 -0.5853343
v -1.006604 1.922245 -0.7053318
v -1.006604 1.923031 -0.5746479
v -1.006604 0.8219495 -0.7053318
v -1.006604 0.8154206 0.8744588
v -1.006604 1.001165 0.904428
v -0.958488 2.64959 -0.5854468
v -0.9244962 2.7786 -0.7053318
v -0.9552741 2.69365 -0.5832891
v -0.9455991 2.711774 -0.5543318
v -0.9092593 2.693762 0.7326732
v -0.8887181 2.767936 0.7327628
v -0.9287553 2.636611 0.740191
v -1.006604 1.530125 0.925261
v -0.9544091 2.340815 0.8106341
v -0.9092593 2.693762 0.7326732
v -0.9164395 2.771835 -0.6961064
v -0.8810105 2.761273 0.7118182
v -1.006592 1.893489 0.9250579
v -0.002439499 1.922727 -0.7053318
v -0.9244962 2.7786 -0.7053318
v -1.006604 1.922245 -0.7053318
v -0.002439499 2.851133 -0.7053318
v -1.006604 0.8219495 -0.7053318
v -0.002439499 0.8219495 -0.7053318
v -0.7194924 0.7823291 0.9217887
v -1.006604 0.8219495 -0.7053318
v -1.006604 0.8154206 0.8744588
v -0.002439499 0.8083978 0.9217887
v -0.002439499 0.8219495 -0.7053318
v -1.000491 0.8067689 0.9253278
v -1.000491 0.8067689 0.9253278
v -1.006604 0.8154206 0.8744588
v -1.182673 1.280758 -2.086468
v -1.224957 1.496415 -0.774899
v -1.183672 1.281747 -0.774899
v -1.239486 1.546228 -2.086603
v -1.315829 2.412415 -2.086603
v -1.290445 2.349276 -0.774899
v -1.278376 3.698634 -2.079625
v -1.267725 3.596885 -0.7737865
v -0.8775716 3.823149 -2.078759
v -0.8733239 3.720805 -0.7723594
v -1.290445 2.349276 -0.774899
v -0.8881679 2.349276 -0.774899
v -1.224957 1.496415 -0.774899
v -0.8441539 1.496415 -0.774899
v -1.183672 1.281747 -0.774899
v -1.212057 1.62457 -5.091117
v -1.201697 2.534402 -4.655028
v -1.288894 3.878838 -4.112269
v -1.337808 1.543115 -5.126513
v -1.365585 1.462682 -2.098637
v -1.286265 1.35436 -5.198102
v -1.325661 1.289804 -2.086603
v -1.182673 1.280758 -2.086468
v -1.152761 1.345583 -5.201911
v -0.8845048 3.999308 -4.059906
v -0.002439499 1.275904 -0.774899
v -0.002439499 1.496415 -0.774899
v -0.002439499 2.349276 -0.774899
v -0.002439499 3.721029 -0.7716966
v -0.002439499 3.823227 -2.078422
v -0.002439499 3.999409 -4.059872
v -1.365585 1.462682 -2.098637
v -1.182673 1.280758 -2.086468
v -1.325661 1.289804 -2.086603
v -1.04327 3.167202 -6.32786
v -0.002439499 2.724349 -7.027125
v -0.002439499 3.167202 -6.32786
v -1.041921 2.724899 -7.026395
v -1.041921 2.637173 -7.161753
v -0.002439499 2.40355 -7.368869
v -1.041921 2.406561 -7.371735
v -0.002439499 1.978046 -7.552602
v -1.04327 1.978046 -7.552602
v -1.04327 1.975496 -7.535511
v -0.002439499 1.975496 -7.5355
v -1.128343 4.013342 -4.829479
v -0.002439499 3.948305 -5.034393
v -0.002439499 4.021556 -4.829614
v -1.128343 3.942629 -5.026898
v -1.128343 3.91174 -4.456036
v -0.002439499 3.917706 -4.456351
v -1.128343 4.083011 -4.337735
v -0.002439499 4.060212 -4.317891
v -0.002439499 3.666733 -3.921176
v -1.128343 3.660193 -3.926345
v -1.121904 4.005892 -5.028595
v -1.048011 3.144829 -6.355716
v -1.047348 3.559803 -6.349187
v -1.12277 3.89394 -4.985907
v -0.002439499 4.006803 -5.028056
v -0.002439499 3.895559 -4.983435
v -1.12277 3.89394 -4.985907
v -0.002439499 3.570254 -6.328759
v -1.048011 3.144829 -6.355716
v -0.002439499 3.144188 -6.358952
v -1.174234 4.018917 -4.777397
v -1.174234 3.936877 -4.841379
v -1.174234 4.021445 -4.847346
v -1.174234 3.935 -4.789454
v -1.174234 4.009207 -4.916037
v -1.174234 3.927785 -4.892417
v -1.174234 3.983003 -4.980108
v -1.174234 3.907469 -4.941802
v -1.09952 2.82049 -7.082275
v -1.09952 2.74762 -7.039059
v -1.09952 2.556662 -7.289515
v -1.09952 2.615374 -7.350868
v -1.09952 2.341646 -7.542185
v -1.09952 2.304194 -7.465978
v -1.09952 2.008633 -7.558423
v -1.09952 2.021196 -7.642417
v -1.09952 0.6577687 -7.645755
v -1.09952 0.6584315 -7.561086
v -1.054551 0.6577687 -7.645755
v -1.054416 0.6584544 -7.558041
v -1.129118 3.90475 -4.94042
v -1.129118 3.924853 -4.891562
v -1.054416 2.744991 -7.037497
v -1.054405 2.55455 -7.287313
v -1.054405 2.302845 -7.463236
v -1.054551 2.341646 -7.542185
v -1.054551 2.615374 -7.350868
v -1.054405 2.302845 -7.463236
v -1.054405 2.55455 -7.287313
v -1.054551 2.82049 -7.082275
v -1.054416 2.744991 -7.037497
v -1.129264 3.983003 -4.980108
v -1.129118 3.90475 -4.94042
v -1.054405 2.008183 -7.5554
v -1.054551 2.021196 -7.642417
v -1.054551 0.6577687 -7.645755
v -1.054416 0.6584544 -7.558041
v -1.09952 2.82049 -7.082275
v -1.129264 3.983003 -4.980108
v -1.174234 4.009207 -4.916037
v -1.129264 4.009207 -4.916037
v -1.129264 4.021445 -4.847346
v -1.129264 4.018917 -4.777397
v -1.129264 3.874838 -4.094234
v -1.174234 3.874838 -4.094234
v -1.174234 3.792799 -4.115157
v -1.129118 3.931977 -4.789892
v -1.129118 3.789843 -4.11591
v -1.129118 3.933832 -4.841166
v -1.054405 2.008183 -7.5554
v -1.054416 0.6584544 -7.558041
v -1.054551 0.6577687 -7.645755
v -1.09952 0.6577687 -7.645755
v -0.002439499 0.2631664 -6.688426
v -1.044382 0.4963412 -7.309269
v -1.044382 0.2631664 -6.688426
v -0.002439499 0.6442065 -7.56539
v -1.044382 0.6442065 -7.56539
v -0.002439499 0.8661885 -5.563916
v -1.044382 0.8661885 -5.563916
v -1.044382 0.6584659 -7.55658
v -0.002439499 0.6584659 -7.55658
v -0.002439499 0.2794938 -6.687257
v -1.044382 0.8753695 -5.577939
v -1.044382 0.2794938 -6.687268
v -0.002439499 0.8753695 -5.577939
v -0.002439499 2.609486 -4.602845
v -1.04482 1.506742 -5.276524
v -1.044382 2.609486 -4.602845
v -1.044382 0.8753695 -5.577939
v -1.044382 1.500932 -5.266209
v -1.044382 0.8661885 -5.563916
v -1.04482 1.506742 -5.276524
v -0.002439499 1.468177 -5.158402
v -1.044382 0.8661885 -5.563916
v -1.044382 1.500932 -5.266209
v -0.002439499 0.8661885 -5.563916
v -0.7045817 1.230103 -3.770648
v -0.7045922 0.4510007 -0.7141867
v -0.7045817 0.5162301 -3.770648
v -0.7045922 1.218215 -0.7141867
v -0.002439499 1.218215 -0.7141867
v -0.7045922 0.4510007 -0.7141867
v -0.7045922 1.218215 -0.7141867
v -0.002439499 0.4510007 -0.7141867
v -0.7045817 0.5162301 -3.770648
v -0.002439499 0.4510007 -0.7141867
v -0.002439499 0.5162301 -3.770648
v -0.7045922 0.4510007 -0.7141867
v -0.7045817 1.230103 -3.770648
v -0.002439499 0.5162301 -3.770648
v -0.002439499 1.230103 -3.770648
v -0.7045817 0.5162301 -3.770648
v -0.002439499 0.6727929 -4.429338
v -0.7150769 0.4708562 -4.429338
v -0.002439499 0.4708562 -4.429338
v -0.7150769 0.6727929 -4.429338
v -0.7150769 0.6728711 -4.210939
v -0.002439499 0.6728711 -4.210939
v -0.7150769 0.4709687 -4.210872
v -0.002439499 0.4709687 -4.210872
v -0.002439499 0.4708562 -4.429338
v -0.7150769 0.4708562 -4.429338
v -1.350169 0.8315349 2.392211
v -0.7257743 1.158558 2.158779
v -1.350169 1.15848 2.183567
v -0.7257743 0.8505473 2.391257
v -0.7257743 1.253476 1.789662
v -1.350169 1.253397 1.790617
v -0.7257743 1.232205 1.361045
v -1.350169 1.232114 1.388621
v -0.7257743 1.134849 1.128534
v -1.350169 1.13468 1.197461
v -0.7257743 0.8604465 0.9663644
v -1.350169 0.7540793 1.045202
v -0.7257743 1.253476 1.789662
v -0.7257743 0.8604465 0.9663644
v -0.7257743 1.134849 1.128534
v -0.7257743 1.158558 2.158779
v -0.7257743 0.8505473 2.391257
v -0.7257743 1.232205 1.361045
v -0.7257743 0.6802535 2.484455
v -0.7257743 0.5335011 0.1911278
v -0.002439499 0.6802535 2.484466
v -0.002439499 0.5335011 0.1904759
v -0.7257743 0.8524127 2.497029
v -0.7257743 0.5335011 0.1911278
v -0.7257743 0.8809991 0.1845655
v -0.7257743 0.8604465 0.9663644
v -1.130949 3.766268 -1.042121
v -1.175077 3.64672 -1.183997
v -1.132321 3.646799 -1.18412
v -1.173695 3.76619 -1.041986
v -1.172144 3.779797 -0.9668231
v -1.129388 3.779876 -0.9669466
v -1.169941 3.74475 -0.8994026
v -1.127197 3.744829 -0.8995371
v -1.165739 3.614089 -0.8147893
v -1.122994 3.614167 -0.8149242
v -1.129388 3.779876 -0.9669466
v -1.127377 3.700926 -0.9383268
v -1.127197 3.744829 -0.8995371
v -1.128994 3.753818 -0.9688792
v -1.122994 3.614167 -0.8149242
v -1.127927 3.672486 -0.9813747
v -1.132321 3.646799 -1.18412
v -1.129365 3.712432 -1.013523
v -1.130949 3.766268 -1.042121
v -1.173695 3.76619 -1.041986
v -1.171751 3.75375 -0.9687448
v -1.172122 3.712354 -1.013388
v -1.172144 3.779797 -0.9668231
v -1.175077 3.64672 -1.183997
v -1.170683 3.672408 -0.9812398
v -1.170132 3.700848 -0.9381919
v -1.169941 3.74475 -0.8994026
v -1.165739 3.614089 -0.8147893
v -0.6839166 1.017189 2.695841
v -1.202259 0.8288941 2.617599
v -1.201641 1.027998 2.618891
v -0.5807633 0.8072066 2.704471
v -0.6453862 0.6941876 2.700482
v -1.179325 0.7009177 2.619824
v -1.179325 0.7009177 2.619824
v -1.248802 0.8316131 2.601744
v -1.239463 0.7023568 2.60598
v -1.254869 1.064383 2.604059
v -1.201641 1.027998 2.618891
v -0.5099044 1.043326 2.683885
v -0.613091 1.094217 2.663389
v -1.21663 1.106128 2.586339
v -0.5807633 0.8072066 2.704471
v -0.4622149 0.8060384 2.71173
v -0.5782237 0.6357789 2.708212
v -0.002439499 1.036381 2.688076
v -0.002439499 1.069642 2.656209
v -0.9429698 1.104296 2.505085
v -0.5749536 1.092441 2.497612
v -0.5728526 1.069911 2.635432
v -0.5139832 1.092542 2.498422
v -0.4781156 1.069822 2.652837
v -0.002439499 1.092643 2.498422
v -1.246486 1.107465 2.564584
v -1.32447 1.118454 2.423259
v -1.279298 1.065698 2.581069
v -1.279085 0.8357263 2.577652
v -1.34946 1.075058 2.440114
v -1.317605 0.7042441 2.519974
v -1.314121 0.6549706 2.519974
v -1.234508 0.6499705 2.60598
v -0.5782237 0.6357789 2.708212
v -0.6453862 0.6941876 2.700482
v -1.375912 0.7042441 2.424124
v -0.5302091 0.6356997 2.421023
v -0.4821944 0.6356215 2.629466
v -0.002439499 0.6321492 2.420551
v -1.234508 0.6499705 2.420269
v -0.5302091 0.6356997 2.421023
v -0.002439499 0.6321492 2.629466
v -0.002439499 0.8048139 2.707561
v -0.002439499 0.6321492 2.420551
v -0.5302091 0.6356997 2.421023
v -0.2768869 0.9108329 2.454182
v -0.002439499 0.6321492 2.420551
v -1.375912 0.7042441 2.424124
v -0.5099044 1.043326 2.683885
v -0.613091 1.094217 2.663389
v -1.234508 0.6499705 2.420269
v -1.375912 0.7042441 2.424124
v -1.053686 0.1490459 -7.228174
v -1.036853 0.263515 -6.947647
v -1.036853 0.4963412 -7.309269
v -1.053686 0.1467423 -5.769875
v -1.044382 0.2628069 -6.429204
v -1.036853 0.4177403 -5.954731
v -1.053686 0.9544873 -5.639146
v -1.053686 0.8786616 -5.579692
v -1.0748 0.9544873 -5.639146
v -1.0748 0.1467423 -5.769875
v -1.057743 0.4177403 -5.954731
v -1.0748 0.8786616 -5.579692
v -1.065361 0.2628069 -6.429204
v -1.074789 0.1490459 -7.228174
v -1.057743 0.263515 -6.947647
v -1.057743 0.4963412 -7.309269
v -1.059158 0.9024158 -7.594268
v -0.002439499 0.9086528 -7.609437
v -0.002439499 0.9024158 -7.594268
v -1.059158 0.9086528 -7.609437
v -1.059158 0.8873591 -7.587919
v -0.002439499 0.8873591 -7.587919
v -1.059158 0.8303771 -7.587919
v -0.002439499 0.8303771 -7.587919
v -1.059158 0.6648707 -7.587919
v -0.002439499 0.6648707 -7.587919
v -0.002439499 0.9022479 -7.622776
v -1.059158 0.9022479 -7.622776
v -0.002439499 0.8879209 -7.62608
v -1.059158 0.8879209 -7.62608
v -0.002439499 0.8302426 -7.613753
v -1.059158 0.8302426 -7.613753
v -0.002439499 0.6688933 -7.608561
v -1.059158 0.6688933 -7.608561
v -0.002439499 0.6648707 -7.587919
v -1.059158 0.6648707 -7.587919
v -0.5749536 1.092441 2.497612
v -0.9429698 1.104296 2.505085
v -0.2768869 0.9108329 2.454182
v -0.5139832 1.092542 2.498422
v -0.002439499 1.092643 2.498422
v -0.2768869 0.9108329 2.454182
v -1.32447 1.118454 2.423259
v -1.182673 1.280758 -2.086468
v -0.002439499 1.275904 -0.774899
v -0.002439499 1.280758 -2.086535
v -1.183672 1.281747 -0.774899
v -1.152761 1.345583 -5.201911
v -0.002439499 1.345583 -5.201911
v 1.041166 2.758576 -7.045553
v 1.041166 2.47124 -7.411895
v 1.041166 0.8753695 -5.577939
v 1.041166 0.2450528 -5.889861
v 1.039783 0.2610316 -6.946512
v 1.038851 2.00552 -7.587986
v 1.03839 0.6583304 -7.573817
v 1.115868 3.805148 -4.112
v 1.041166 0.8753695 -5.349743
v 1.115868 3.946237 -4.869359
v 1.036233 2.758576 -7.045553
v 1.036233 0.8753695 -5.577939
v 1.036233 2.47124 -7.411895
v 1.036233 0.2450528 -5.889861
v 1.034851 0.2610316 -6.946512
v 1.033929 2.00552 -7.587986
v 1.033457 0.6583304 -7.573817
v 1.110935 3.805148 -4.112
v 1.110935 3.946237 -4.869359
v 1.036233 0.8753695 -5.349743
v -1.046045 2.758576 -7.045553
v -1.046045 0.8753695 -5.577939
v -1.046045 2.47124 -7.411895
v -1.046045 0.2450528 -5.889873
v -1.044652 0.2610316 -6.946512
v -1.04373 2.00552 -7.587986
v -1.04327 0.6583304 -7.573817
v -1.120747 3.805148 -4.112011
v -1.120747 3.946237 -4.869359
v -1.046045 0.8753695 -5.349743
v -1.041111 2.758576 -7.045553
v -1.041111 2.47124 -7.411895
v -1.041111 0.8753695 -5.577939
v -1.041111 0.2450528 -5.889873
v -1.03973 0.2610316 -6.946512
v -1.038797 2.00552 -7.587986
v -1.038336 0.6583304 -7.573817
v -1.115825 3.805148 -4.112011
v -1.041111 0.8753695 -5.349743
v -1.115814 3.946237 -4.869359
v 1.08491 4.071088 -4.323993
v 1.22428 3.962473 -4.217142
v 1.08491 3.960081 -4.211737
v 1.22428 3.962473 -4.217142
v 1.08491 4.071088 -4.323993
v 1.225168 4.062863 -4.32451
v 1.118565 0.5767627 -7.590908
v 1.08491 3.960081 -4.211737
v 1.010759 0.5757852 -7.588324
v 1.011399 0.6842875 -7.699602
v 1.118565 0.6824107 -7.697714
v 1.225168 4.062863 -4.32451
v 1.22428 3.962473 -4.217142
v 1.118565 0.5767627 -7.590908
v 1.118565 0.6824107 -7.697714
v 1.011399 0.6842875 -7.699602
v 1.010759 0.5757852 -7.588324
v 1.118565 0.5767627 -7.590908
v -1.08979 4.071088 -4.323993
v -1.22916 3.962473 -4.217142
v -1.230047 4.062863 -4.32451
v -1.123433 0.5767627 -7.590908
v -1.08979 3.960081 -4.211737
v -1.015626 0.5757852 -7.588324
v -1.016267 0.6842875 -7.699602
v -1.123433 0.6824107 -7.697714
v -1.230047 4.062863 -4.32451
v -1.22916 3.962473 -4.217142
v -1.123433 0.5767627 -7.590908
v -1.22916 3.962473 -4.217142
v -1.08979 4.071088 -4.323993
v -1.08979 3.960081 -4.211737
v -1.123433 0.6824107 -7.697714
v -1.015626 0.5757852 -7.588324
v -1.016267 0.6842875 -7.699602
v -1.123433 0.5767627 -7.590908
v 1.369595 0.5016675 -1.314467
v 1.308219 0.5016675 -0.9291348
v 1.308219 0.5016675 -1.314467
v 1.369595 0.5016675 -0.9291348
v 1.231573 0.8922133 -0.9291348
v 1.292948 0.8922133 -1.314467
v 1.292948 0.8922133 -0.9291348
v 1.231584 0.8922133 -1.314467
v 1.150938 1.08262 -1.332401
v 1.118868 1.279118 -1.328007
v 1.127835 1.074542 -1.328007
v 1.136308 1.27904 -1.309422
v 1.144196 1.080261 -1.309422
v 1.328513 0.7720361 -1.328007
v 1.352189 0.7783732 -1.332401
v 1.144196 1.080261 -1.309422
v 1.136308 1.27904 -1.309422
v 1.345278 0.7765193 -1.309422
v 1.362324 0.4558101 -1.332401
v 1.337693 0.4554734 -1.328007
v 1.345278 0.7765193 -1.309422
v 1.144196 1.080261 -1.309422
v 1.355133 0.455709 -1.309422
v 1.355133 0.455709 -1.309422
v 1.345278 0.7765193 -1.309422
v 1.150938 1.08262 -1.332401
v 1.143488 1.279006 -1.332401
v 1.150938 1.08262 -1.332401
v 1.136308 1.27904 -1.309422
v 1.355133 0.455709 -1.309422
v 1.362324 0.4558101 -1.332401
v 1.337693 0.4554734 -1.328007
v 1.150938 1.08262 -0.9369445
v 1.118868 1.279118 -0.9325624
v 1.127835 1.074542 -0.9325624
v 1.144196 1.080261 -0.9139652
v 1.328513 0.7720361 -0.9325624
v 1.352189 0.7783732 -0.9369445
v 1.144196 1.080261 -0.9139652
v 1.345278 0.7765193 -0.9139652
v 1.362324 0.4558101 -0.9369445
v 1.337693 0.4554734 -0.9325624
v 1.345278 0.7765193 -0.9139652
v 1.144196 1.080261 -0.9139652
v 1.136308 1.27904 -0.9139652
v 1.355133 0.455709 -0.9139652
v 1.355133 0.455709 -0.9139652
v 1.345278 0.7765193 -0.9139652
v 1.150938 1.08262 -0.9369445
v 1.143488 1.279006 -0.9369445
v 1.150938 1.08262 -0.9369445
v 1.136308 1.27904 -0.9139652
v 1.136308 1.27904 -0.9139652
v 1.144196 1.080261 -0.9139652
v 1.337693 0.4554734 -0.9325624
v 1.355133 0.455709 -0.9139652
v 1.362324 0.4558101 -0.9369445
v -1.374485 0.5016675 -1.314714
v -1.31311 0.5016675 -0.9235277
v -1.374485 0.5016675 -0.9235277
v -1.31311 0.5016675 -1.314714
v -1.236463 0.8922133 -0.9235277
v -1.297839 0.8922133 -1.314714
v -1.236463 0.8922133 -1.314714
v -1.297839 0.8922133 -0.9235277
v -1.155828 1.08262 -1.332401
v -1.123747 1.279118 -1.328007
v -1.148378 1.279006 -1.332401
v -1.155828 1.08262 -1.332401
v -1.132725 1.074542 -1.328007
v -1.333392 0.7720361 -1.328007
v -1.357068 0.7783732 -1.332401
v -1.149086 1.080261 -1.309422
v -1.350157 0.7765193 -1.309422
v -1.367203 0.4558101 -1.332401
v -1.342583 0.4554734 -1.328007
v -1.350157 0.7765193 -1.309422
v -1.149086 1.080261 -1.309422
v -1.360023 0.455709 -1.309422
v -1.360023 0.455709 -1.309422
v -1.350157 0.7765193 -1.309422
v -1.132725 1.074542 -1.328007
v -1.141186 1.27904 -1.309422
v -1.132725 1.074542 -1.328007
v -1.149086 1.080261 -1.309422
v -1.333392 0.7720361 -1.328007
v -1.141186 1.27904 -1.309422
v -1.155828 1.08262 -1.332401
v -1.141186 1.27904 -1.309422
v -1.149086 1.080261 -1.309422
v -1.360023 0.455709 -1.309422
v -1.342583 0.4554734 -1.328007
v -1.367203 0.4558101 -1.332401
v -1.155828 1.08262 -0.9369445
v -1.123747 1.279118 -0.9325624
v -1.148378 1.279006 -0.9369445
v -1.149086 1.080261 -0.9139767
v -1.141186 1.27904 -0.9139767
v -1.149086 1.080261 -0.9139767
v -1.132725 1.074542 -0.9325624
v -1.333392 0.7720361 -0.9325624
v -1.141186 1.27904 -0.9139767
v -1.155828 1.08262 -0.9369445
v -1.333392 0.7720361 -0.9325624
v -1.350157 0.7765193 -0.9139767
v -1.342583 0.4554734 -0.9325624
v -1.367203 0.4558101 -0.9369445
v -1.357068 0.7783732 -0.9369445
v -1.155828 1.08262 -0.9369445
v -1.132725 1.074542 -0.9325624
v -1.123747 1.279118 -0.9325624
v -1.149086 1.080261 -0.9139767
v -1.350157 0.7765193 -0.9139767
v -1.360023 0.455709 -0.9139767
v -1.360023 0.455709 -0.9139767
v -1.350157 0.7765193 -0.9139767
v -1.141186 1.27904 -0.9139767
v -1.149086 1.080261 -0.9139767
v -1.342583 0.4554734 -0.9325624
v -1.367203 0.4558101 -0.9369445
v -1.360023 0.455709 -0.9139767
v 0.8019347 0.8909774 0.2054543
v 1.254811 0.8909774 -0.622427
v 0.8019347 0.8909774 -0.6791053
v 1.254811 0.8909774 0.1487651
v 0.8019347 0.9050345 0.2054434
v 1.254811 0.9050345 -0.622427
v 1.254811 0.9050345 0.1487651
v 0.8019347 0.9050345 -0.6791053
v 0.8019347 0.8909774 0.2054543
v 1.254811 0.8909774 0.1487651
v 1.254811 0.8909774 -0.622427
v 0.8019347 0.8909774 -0.6791053
v 1.254811 0.9050345 -0.622427
v 0.8019347 0.9050345 -0.6791053
v -1.25969 0.8909774 -0.622427
v -0.8068252 0.8909774 0.2054434
v -0.8068252 0.8909774 -0.6791053
v -1.25969 0.8909774 0.1487651
v -1.25969 0.9050345 -0.622427
v -0.8068252 0.9050345 0.2054434
v -1.25969 0.9050345 0.1487651
v -0.8068252 0.9050345 -0.6791053
v -0.8068252 0.8909774 0.2054434
v -1.25969 0.8909774 0.1487651
v -1.25969 0.8909774 -0.622427
v -0.8068252 0.8909774 -0.6791053
v -1.25969 0.9050345 -0.622427
v -0.8068252 0.9050345 -0.6791053
v -1.118174 1.94692 0.8261523
v -1.293333 2.493646 0.7067389
v -1.129241 2.498343 0.8098474
v -1.285781 1.941055 0.7208524
v -1.112836 1.961528 0.8054204
v -1.121174 2.489017 0.7933068
v -1.282882 2.490309 0.6915355
v -1.275826 1.950864 0.7051883
v -1.121174 2.489017 0.7933068
v -1.112836 1.961528 0.8054204
v -1.118174 1.94692 0.8261523
v -1.275826 1.950864 0.7051883
v -1.285781 1.941055 0.7208524
v -1.112836 1.961528 0.8054204
v -1.293333 2.493646 0.7067389
v -1.121174 2.489017 0.7933068
v -1.129241 2.498343 0.8098474
v -1.282882 2.490309 0.6915355
v -1.13558 2.65485 0.8049932
v -0.8847966 2.65295 0.5294785
v -1.122837 2.640163 0.8033977
v -0.8873477 2.669558 0.5271525
v -1.105555 1.873207 0.8174319
v -1.105555 1.873207 0.8174319
v -1.118376 1.852587 0.8139825
v -0.9641957 1.881545 0.7404151
v -1.118376 1.852587 0.8139825
v -0.965117 1.820944 0.77389
v -1.117421 1.856408 0.828815
v -0.9648929 1.837182 0.8988767
v -1.118376 1.852587 0.8139825
v -1.13558 2.65485 0.8049932
v -0.8922019 2.656871 0.5170283
v -1.136007 2.643803 0.7918801
v -0.8873477 2.669558 0.5271525
v -1.105555 1.873207 0.8174319
v -1.105555 1.873207 0.8174319
v -1.117421 1.856408 0.828815
v -0.9648929 1.837182 0.8988767
v -0.9639716 1.897782 0.8654017
v -0.9641957 1.881545 0.7404151
v -1.122837 2.640163 0.8033977
v -1.136007 2.643803 0.7918801
v -0.8922019 2.656871 0.5170283
v -0.8847966 2.65295 0.5294785
v 1.151376 0.8928876 -5.55396
v -0.002439499 0.799027 -5.59575
v 1.271621 0.8104091 -5.565972
v -0.002439499 0.8827739 -5.558016
v -0.002439499 0.7420669 -5.466527
v 1.273756 0.7576194 -5.43648
v -0.002439499 0.8135333 -5.400904
v 1.151421 0.8236575 -5.396847
v 1.316748 3.884265 -4.006587
v 1.310871 3.950529 -4.131169
v 1.165433 3.918965 -4.168195
v 1.151376 0.8928876 -5.55396
v 1.172569 3.838398 -4.016734
v 1.25671 3.965508 -3.961786
v 1.252192 4.029939 -4.087379
v 1.152207 3.865939 -4.001553
v 1.157815 4.075202 -4.061985
v 1.160309 4.01177 -3.935829
v 1.115407 3.882862 -3.992047
v 1.146713 3.944271 -4.154239
v 1.165433 3.918965 -4.168195
v 1.112384 3.95998 -4.145418
v -0.002439499 0.8827739 -5.558016
v 1.151421 0.8236575 -5.396847
v 1.151376 0.8928876 -5.55396
v 1.165433 3.918965 -4.168195
v 1.172569 3.838398 -4.016734
v 1.152207 3.865939 -4.001553
v 1.146713 3.944271 -4.154239
v 1.112384 3.95998 -4.145418
v 1.115407 3.882862 -3.992047
v -0.002439499 0.8827739 -5.558016
v -1.2765 0.8104091 -5.565983
v -0.002439499 0.799027 -5.59575
v -1.2765 0.8104091 -5.565983
v -1.156255 0.8928876 -5.55396
v -0.002439499 0.7420669 -5.466527
v -1.278635 0.7576194 -5.436491
v -0.002439499 0.8135333 -5.400904
v -1.1563 0.8236575 -5.396847
v -1.321627 3.884265 -4.006587
v -1.31575 3.950529 -4.131169
v -1.170312 3.918965 -4.168195
v -1.156255 0.8928876 -5.55396
v -1.177448 3.838398 -4.016745
v -1.261589 3.965508 -3.961786
v -1.257072 4.029939 -4.087379
v -1.170312 3.918965 -4.168195
v -1.151592 3.944271 -4.154239
v -1.157087 3.865939 -4.001553
v -1.162694 4.075202 -4.061985
v -1.117263 3.95998 -4.145418
v -1.165188 4.01177 -3.93584
v -1.120286 3.882862 -3.992047
v -1.1563 0.8236575 -5.396847
v -0.002439499 0.8827739 -5.558016
v -1.156255 0.8928876 -5.55396
v -1.170312 3.918965 -4.168195
v -1.177448 3.838398 -4.016745
v -1.157087 3.865939 -4.001553
v -1.151592 3.944271 -4.154239
v -1.117263 3.95998 -4.145418
v -1.120286 3.882862 -3.992047
v -1.162694 4.075202 -4.061985
v 1.112384 3.95998 -4.145418
v 1.157815 4.075202 -4.061985
v -1.117263 3.95998 -4.145418
v -1.165188 4.01177 -3.93584
v 1.160309 4.01177 -3.935829
v -1.120286 3.882862 -3.992047
v 1.115407 3.882862 -3.992047
v 1.112384 3.95998 -4.145418
v -1.117263 3.95998 -4.145418
v 0.8677149 0.7076602 0.2238717
v 1.008231 0.8765044 0.2238717
v 0.9861503 0.4998355 0.2238717
v 1.213504 0.773025 0.2238717
v 1.199863 0.5402322 0.2238717
v 0.8677149 0.7076602 -0.7016797
v 1.008231 0.8765044 0.2238717
v 0.8677149 0.7076602 0.2238717
v 1.008231 0.8765044 -0.7016797
v 1.213504 0.773025 0.2238717
v 1.213504 0.773025 -0.7016797
v 1.199863 0.5402322 0.2238717
v 1.199863 0.5402322 -0.7016797
v 0.9861503 0.4998355 -0.7016797
v 0.9861503 0.4998355 0.2238717
v 0.8677149 0.7076602 -0.7016797
v 0.8677149 0.7076602 0.2238717
v 0.8677149 0.7076602 -0.7016797
v 0.9861503 0.4998355 -0.7016797
v 1.008231 0.8765044 -0.7016797
v 1.213504 0.773025 -0.7016797
v 1.199863 0.5402322 -0.7016797
v -0.8725934 0.7076602 0.2238717
v -0.9910293 0.4998355 0.2238717
v -1.01311 0.8765044 0.2238603
v -1.218395 0.773025 0.2238603
v -1.204742 0.5402322 0.2238603
v -0.8725934 0.7076602 -0.7016797
v -1.01311 0.8765044 0.2238603
v -1.01311 0.8765044 -0.7016797
v -0.8725934 0.7076602 0.2238717
v -1.218395 0.773025 0.2238603
v -1.218395 0.773025 -0.7016797
v -1.204742 0.5402322 0.2238603
v -1.204742 0.5402322 -0.7016797
v -0.9910293 0.4998355 -0.7016797
v -0.9910293 0.4998355 0.2238717
v -0.8725934 0.7076602 -0.7016797
v -0.8725934 0.7076602 0.2238717
v -0.8725934 0.7076602 -0.7016797
v -1.01311 0.8765044 -0.7016797
v -0.9910293 0.4998355 -0.7016797
v -1.218395 0.773025 -0.7016797
v -1.204742 0.5402322 -0.7016797
vt 0.2184521 0.3146375
vt 0.2677314 0.3922751
vt 0.2289731 0.2942606
vt 0.2575883 0.3966588
vt 0.1954148 0.4264531
vt 0.1555681 0.3525795
vt 0.1612367 0.4424463
vt 0.1234458 0.373561
vt 0.1232342 0.4548719
vt 0.09176192 0.389146
vt 0.08382583 0.4643045
vt 0.06675947 0.3890704
vt 0.03636047 0.3663354
vt 0.04836286 0.4653475
vt 0.1133027 0.3569935
vt 0.1440494 0.3363445
vt 0.09835266 0.3304492
vt 0.1321528 0.3064444
vt 0.0837049 0.2940792
vt 0.1146783 0.2796129
vt 0.1609041 0.2786303
vt 0.1387436 0.2597046
vt 0.1723623 0.2608686
vt 0.1544948 0.2468104
vt 0.1306714 0.2461302
vt 0.1573669 0.2322533
vt 0.1810694 0.2348836
vt 0.2045299 0.2947595
vt 0.2010683 0.2686837
vt 0.2183916 0.2836489
vt 0.1810694 0.2348836
vt 0.1588483 0.1814926
vt 0.1016178 0.2624407
vt 0.1505343 0.223894
vt 0.1561727 0.1780612
vt 0.2239847 0.2814268
vt 0.2221254 0.2608081
vt 0.1940694 0.2270684
vt 0.2365917 0.2866873
vt 0.189731 0.2318452
vt 0.1868136 0.1849391
vt 0.1810694 0.2348836
vt 0.189731 0.2318452
vt 0.2010683 0.2686837
vt 0.1868136 0.1849391
vt 0.06654784 0.2687896
vt 0.04861984 0.3055072
vt 0.05233846 0.3543179
vt 0.03756978 0.3561772
vt 0.0866677 0.3767506
vt 0.02444878 0.2774664
vt 0.01037546 0.3517179
vt 0.016422 0.4611906
vt 0.01971737 0.2981002
vt 0.3736215 0.9867863
vt 0.2139323 0.8952114
vt 0.2107428 0.9870281
vt 0.3733191 0.8909486
vt 0.1182609 0.5211571
vt 0.1206795 0.4695952
vt 0.01120686 0.4695952
vt 0.1273912 0.4695952
vt 0.1243981 0.5223362
vt 0.1137411 0.5618201
vt 0.1204074 0.5579504
vt 0.1177469 0.5649795
vt 0.114376 0.5741249
vt 0.01120686 0.5799145
vt 0.02998137 0.61181
vt 0.03162906 0.7592247
vt 0.0113429 0.7590433
vt 0.01132779 0.5890296
vt 0.2578604 0.5894529
vt 0.2617151 0.6154227
vt 0.02989067 0.8723101
vt 0.01123709 0.8927021
vt 0.03020812 0.8791578
vt 0.03471279 0.8821055
vt 0.2145823 0.879959
vt 0.2142195 0.8917195
vt 0.9284069 0.1289633
vt 0.9834909 0.07663044
vt 0.9284069 0.07661533
vt 0.9834607 0.1289633
vt 0.9284069 0.0120836
vt 0.9834909 0.01209872
vt 0.8067958 0.360047
vt 0.7899714 0.4874628
vt 0.8065237 0.4804337
vt 0.7357187 0.4874628
vt 0.7357187 0.360047
vt 0.8067958 0.4874628
vt 0.1868136 0.1849391
vt 0.1894438 0.1845915
vt 0.7186977 0.3386725
vt 0.6061564 0.3144712
vt 0.7228245 0.3136095
vt 0.6061564 0.3330492
vt 0.7288408 0.2278696
vt 0.6058239 0.2281719
vt 0.7281606 0.1226295
vt 0.6061564 0.1226295
vt 0.7283873 0.08381072
vt 0.6066552 0.08381072
vt 0.4852558 0.1226295
vt 0.4852558 0.08381072
vt 0.3994402 0.1226295
vt 0.3994402 0.08381072
vt 0.3809983 0.1226295
vt 0.9930444 0.3137758
vt 0.9589722 0.2278545
vt 0.9066545 0.1183667
vt 0.9969747 0.3275619
vt 0.7270117 0.3254003
vt 0.9962038 0.3453539
vt 0.7237768 0.3387027
vt 0.723807 0.3515516
vt 0.9962794 0.3573714
vt 0.3814518 0.009544057
vt 0.3998635 0.009528941
vt 0.4852558 0.009105682
vt 0.6071541 0.009256845
vt 0.7276617 0.00824405
vt 0.9098138 0.00824405
vt 0.9105092 0.08381072
vt 0.7186977 0.3386725
vt 0.7270117 0.3254003
vt 0.7237768 0.3387027
vt 0.5172874 0.7878248
vt 0.4478277 0.7391048
vt 0.5171967 0.7389839
vt 0.4478277 0.787855
vt 0.5171513 0.7278431
vt 0.4476916 0.7065592
vt 0.5170757 0.706393
vt 0.447616 0.6742707
vt 0.5170304 0.6849882
vt 0.5170909 0.6730312
vt 0.447616 0.6730312
vt 0.1011492 0.9285128
vt 0.006324273 0.914122
vt 0.1011492 0.914122
vt 0.006324273 0.9285128
vt 0.1011492 0.9563722
vt 0.006324273 0.9563722
vt 0.1011492 0.971428
vt 0.006324273 0.971428
vt 0.006324273 0.992591
vt 0.1011492 0.992591
vt 0.4243973 0.3317492
vt 0.5653574 0.2918722
vt 0.4243973 0.3196863
vt 0.5653272 0.3313259
vt 0.4244729 0.4324392
vt 0.412788 0.4324392
vt 0.4124252 0.3316736
vt 0.5654027 0.4324392
vt 0.6008204 0.331598
vt 0.6008959 0.4324392
vt 0.2478232 0.5542166
vt 0.2217172 0.4541765
vt 0.2478232 0.4541765
vt 0.2217172 0.5542166
vt 0.2478232 0.4259543
vt 0.2217172 0.4256973
vt 0.1956264 0.4541765
vt 0.2217172 0.4541765
vt 0.1956264 0.5542166
vt 0.1616297 0.4541765
vt 0.1616297 0.5542166
vt 0.1956264 0.4541765
vt 0.2478232 0.4541765
vt 0.2738687 0.5542166
vt 0.2738687 0.4541765
vt 0.3170258 0.6312798
vt 0.3261259 0.6249007
vt 0.3261259 0.6312798
vt 0.3170258 0.6249007
vt 0.3170258 0.6182798
vt 0.3261259 0.6182798
vt 0.3170258 0.6098902
vt 0.3261259 0.6098902
vt 0.3170258 0.4633975
vt 0.3261259 0.4633975
vt 0.3261259 0.4354927
vt 0.3170258 0.4354927
vt 0.3170258 0.4080414
vt 0.3261259 0.4080414
vt 0.3261259 0.3742715
vt 0.3170258 0.3742715
vt 0.3170258 0.2376348
vt 0.3261259 0.2376348
vt 0.3170258 0.2317394
vt 0.3261259 0.2317394
vt 0.3308271 0.6098902
vt 0.3308271 0.6182798
vt 0.3308271 0.4633975
vt 0.3308271 0.4354927
vt 0.3308271 0.4080414
vt 0.3124154 0.4080414
vt 0.3124154 0.4354927
vt 0.3041316 0.4080414
vt 0.3041316 0.4354927
vt 0.3124154 0.4633975
vt 0.3041316 0.4633975
vt 0.3120374 0.6098902
vt 0.3041316 0.6098902
vt 0.3041316 0.3742715
vt 0.3124154 0.3742715
vt 0.3124154 0.2376348
vt 0.3041316 0.2376348
vt 0.3170258 0.4633975
vt 0.3120374 0.6098902
vt 0.3170258 0.6182798
vt 0.3120374 0.6182798
vt 0.3120374 0.6249007
vt 0.3120374 0.6312798
vt 0.3120374 0.6934685
vt 0.3170258 0.6934685
vt 0.3261259 0.6934685
vt 0.3308271 0.6312798
vt 0.3308271 0.6934685
vt 0.3308271 0.6249007
vt 0.3308271 0.3742715
vt 0.3308271 0.2376348
vt 0.3124154 0.2376348
vt 0.3170258 0.2376348
vt 0.8967533 0.6022413
vt 0.9683595 0.5831493
vt 0.9683595 0.6014855
vt 0.8967533 0.5391607
vt 0.9683595 0.5384049
vt 0.9683595 0.4478579
vt 0.8967533 0.4486288
vt 0.9683595 0.6026495
vt 0.8967533 0.6034204
vt 0.7592398 0.6260193
vt 0.848124 0.512435
vt 0.848124 0.6260193
vt 0.7592398 0.512435
vt 0.7592398 0.7986481
vt 0.848124 0.6894476
vt 0.848124 0.7986481
vt 0.848124 0.6260193
vt 0.8495751 0.6894476
vt 0.848124 0.6894476
vt 0.8495751 0.6260193
vt 0.8012632 0.5708295
vt 0.7834411 0.5311793
vt 0.7834713 0.5708597
vt 0.8012481 0.5311491
vt 0.9654874 0.6691161
vt 0.9274546 0.9937851
vt 0.9234487 0.6691161
vt 0.9614513 0.9937851
vt 0.8577077 0.5809877
vt 0.8887567 0.6037681
vt 0.8577077 0.6037681
vt 0.8887567 0.5809877
vt 0.8533391 0.9324732
vt 0.9130336 0.6094971
vt 0.8549263 0.6094971
vt 0.9105394 0.9324732
vt 0.8878951 0.4056682
vt 0.8563473 0.3872262
vt 0.8878951 0.3872262
vt 0.8563473 0.4056682
vt 0.1396354 0.905808
vt 0.1242772 0.9879805
vt 0.1396354 0.9879805
vt 0.1242772 0.905808
vt 0.1731333 0.905808
vt 0.1731333 0.9879805
vt 0.1884915 0.9879805
vt 0.1884915 0.905808
vt 0.2041067 0.905808
vt 0.2041067 0.9879805
vt 0.3754959 0.1338307
vt 0.3986391 0.1690065
vt 0.3768564 0.1692484
vt 0.3982763 0.1336191
vt 0.4182752 0.1688251
vt 0.4179275 0.1334075
vt 0.4374125 0.1686135
vt 0.4370648 0.133211
vt 0.4550684 0.1684321
vt 0.4547056 0.1330447
vt 0.4734348 0.1683263
vt 0.481779 0.1327273
vt 0.4176857 0.2782524
vt 0.4631254 0.2564999
vt 0.40071 0.2678372
vt 0.4535114 0.2725838
vt 0.3848832 0.2524034
vt 0.4370346 0.2794768
vt 0.3844146 0.2304998
vt 0.4645615 0.2301371
vt 0.376675 0.1807519
vt 0.4643196 0.1803589
vt 0.3774006 0.2525395
vt 0.203623 0.1021317
vt 0.05371405 0.007805675
vt 0.09753637 0.007609163
vt 0.05094776 0.1027213
vt 0.05371405 0.007805675
vt 0.203623 0.1021317
vt 0.05094776 0.1027213
vt 0.203623 0.1021317
vt 0.2030183 0.1459389
vt 0.09737009 0.1494913
vt 0.422795 0.7307908
vt 0.4220996 0.8320251
vt 0.4151612 0.7313048
vt 0.4297183 0.8314959
vt 0.4184113 0.6880115
vt 0.4253345 0.6904755
vt 0.4462405 0.6539846
vt 0.4493091 0.6606509
vt 0.5317084 0.6482706
vt 0.53192 0.6559195
vt 0.2443767 0.8429995
vt 0.2569232 0.8534298
vt 0.2492744 0.84436
vt 0.2463569 0.8576322
vt 0.2646477 0.8816369
vt 0.2649349 0.8474286
vt 0.2829536 0.8121168
vt 0.2597651 0.8389332
vt 0.2518139 0.830196
vt 0.2518139 0.830196
vt 0.2492744 0.84436
vt 0.2443767 0.8429995
vt 0.2597651 0.8389332
vt 0.2829536 0.8121168
vt 0.2649349 0.8474286
vt 0.2569232 0.8534298
vt 0.2463569 0.8576322
vt 0.2646477 0.8816369
vt 0.2845559 0.0919282
vt 0.2876699 0.1362191
vt 0.3062932 0.1401494
vt 0.3060967 0.08207233
vt 0.3183107 0.08813399
vt 0.3184468 0.1321377
vt 0.3063084 0.1467099
vt 0.3249015 0.1368087
vt 0.3256271 0.151275
vt 0.2764687 0.1468157
vt 0.2816838 0.1439134
vt 0.2761966 0.07032692
vt 0.2712384 0.08468747
vt 0.2714349 0.1432331
vt 0.3060665 0.07371299
vt 0.3060212 0.06254201
vt 0.3307061 0.07697812
vt 0.2760001 0.01205337
vt 0.2709965 0.01209872
vt 0.2594476 0.1288121
vt 0.2510732 0.08322118
vt 0.2712233 0.07851999
vt 0.2510279 0.0738188
vt 0.2711931 0.06733389
vt 0.2508162 0.01214407
vt 0.27145 0.1474808
vt 0.2698326 0.1767763
vt 0.2764838 0.1514262
vt 0.3063235 0.1513355
vt 0.275078 0.173874
vt 0.3275317 0.1586065
vt 0.3301015 0.1571099
vt 0.3309329 0.1403912
vt 0.3307061 0.07697812
vt 0.3246898 0.08319095
vt 0.3265945 0.1760356
vt 0.3629645 0.07430252
vt 0.3367527 0.06594318
vt 0.3627377 0.01175104
vt 0.3631912 0.1401796
vt 0.3629645 0.07430252
vt 0.3365562 0.01185686
vt 0.3058549 0.01196267
vt 0.3627377 0.01175104
vt 0.2950315 0.1135143
vt 0.3631912 0.1401796
vt 0.3629645 0.07430252
vt 0.3627377 0.01175104
vt 0.2712384 0.08468747
vt 0.2761966 0.07032692
vt 0.3265945 0.1760356
vt 0.3631912 0.1401796
vt 0.3638412 0.1859973
vt 0.3703564 0.2170614
vt 0.3379469 0.1951276
vt 0.2383755 0.1856194
vt 0.2976316 0.1982567
vt 0.2438476 0.2095335
vt 0.2033206 0.2320115
vt 0.2022927 0.2231382
vt 0.2033206 0.2320115
vt 0.2383755 0.1856194
vt 0.2022927 0.2231382
vt 0.2438476 0.2095335
vt 0.2976316 0.1982567
vt 0.3638412 0.1859973
vt 0.3379469 0.1951276
vt 0.3703564 0.2170614
vt 0.4718929 0.2470825
vt 0.5887575 0.2506802
vt 0.4718476 0.2489569
vt 0.5887877 0.2488209
vt 0.471908 0.2452232
vt 0.5888029 0.2469464
vt 0.4719987 0.2387231
vt 0.5889087 0.2404464
vt 0.4722708 0.2198579
vt 0.5891808 0.2216114
vt 0.5887122 0.2523732
vt 0.4718325 0.2506499
vt 0.5887122 0.254036
vt 0.4718173 0.2523127
vt 0.5886064 0.2607779
vt 0.4716964 0.2590244
vt 0.5883343 0.2791594
vt 0.4714243 0.2774361
vt 0.5882889 0.2815629
vt 0.4714092 0.2798245
vt 0.2510732 0.08322118
vt 0.2950315 0.1135143
vt 0.2594476 0.1288121
vt 0.2510279 0.0738188
vt 0.2508162 0.01214407
vt 0.2698326 0.1767763
vt 0.6918813 0.4229008
vt 0.7281606 0.3905669
vt 0.7281606 0.422931
vt 0.6918813 0.3909902
vt 0.6084995 0.4221148
vt 0.6084995 0.3909902
vt 0.2677314 0.3922751
vt 0.2184521 0.3146375
vt 0.2289731 0.2942606
vt 0.2575883 0.3966588
vt 0.1954148 0.4264531
vt 0.1555681 0.3525795
vt 0.1612367 0.4424463
vt 0.1234458 0.373561
vt 0.1232342 0.4548719
vt 0.09176192 0.389146
vt 0.08382583 0.4643045
vt 0.06675947 0.3890704
vt 0.03636047 0.3663354
vt 0.04836286 0.4653475
vt 0.1133027 0.3569935
vt 0.1440494 0.3363445
vt 0.09835266 0.3304492
vt 0.1321528 0.3064444
vt 0.0837049 0.2940792
vt 0.1146783 0.2796129
vt 0.1609041 0.2786303
vt 0.1387436 0.2597046
vt 0.1723623 0.2608686
vt 0.1544948 0.2468104
vt 0.1306714 0.2461302
vt 0.1573669 0.2322533
vt 0.1810694 0.2348836
vt 0.2045299 0.2947595
vt 0.2010683 0.2686837
vt 0.2183916 0.2836489
vt 0.1810694 0.2348836
vt 0.1588483 0.1814926
vt 0.1016178 0.2624407
vt 0.1505343 0.223894
vt 0.1561727 0.1780612
vt 0.2239847 0.2814268
vt 0.2221254 0.2608081
vt 0.1940694 0.2270684
vt 0.2365917 0.2866873
vt 0.189731 0.2318452
vt 0.1868136 0.1849391
vt 0.1810694 0.2348836
vt 0.189731 0.2318452
vt 0.2010683 0.2686837
vt 0.1868136 0.1849391
vt 0.06654784 0.2687896
vt 0.04861984 0.3055072
vt 0.05233846 0.3543179
vt 0.03756978 0.3561772
vt 0.0866677 0.3767506
vt 0.02444878 0.2774664
vt 0.01037546 0.3517179
vt 0.016422 0.4611906
vt 0.01971737 0.2981002
vt 0.2139323 0.8952114
vt 0.3736215 0.9867863
vt 0.2107428 0.9870281
vt 0.3733191 0.8909486
vt 0.114376 0.5741249
vt 0.1182609 0.5211571
vt 0.1137411 0.5618201
vt 0.01120686 0.4695952
vt 0.01120686 0.5799145
vt 0.1206795 0.4695952
vt 0.1177469 0.5649795
vt 0.1273912 0.4695952
vt 0.1243981 0.5223362
vt 0.1204074 0.5579504
vt 0.02998137 0.61181
vt 0.0113429 0.7590433
vt 0.03162906 0.7592247
vt 0.01132779 0.5890296
vt 0.2578604 0.5894529
vt 0.2617151 0.6154227
vt 0.02989067 0.8723101
vt 0.01123709 0.8927021
vt 0.03020812 0.8791578
vt 0.03471279 0.8821055
vt 0.2145823 0.879959
vt 0.2142195 0.8917195
vt 0.2179835 0.870859
vt 0.2644965 0.6985778
vt 0.2372569 0.823968
vt 0.2145823 0.879959
vt 0.01123709 0.8927021
vt 0.2142195 0.8917195
vt 0.2644209 0.7553549
vt 0.9834909 0.07663044
vt 0.9284069 0.1289633
vt 0.9284069 0.07661533
vt 0.9834607 0.1289633
vt 0.9284069 0.0120836
vt 0.9834909 0.01209872
vt 0.7899714 0.4874628
vt 0.8067958 0.360047
vt 0.8065237 0.4804337
vt 0.7357187 0.4874628
vt 0.7357187 0.360047
vt 0.8067958 0.4874628
vt 0.1868136 0.1849391
vt 0.1894438 0.1845915
vt 0.7186977 0.3386725
vt 0.6061564 0.3144712
vt 0.6061564 0.3330492
vt 0.7228245 0.3136095
vt 0.7288408 0.2278696
vt 0.6058239 0.2281719
vt 0.7281606 0.1226295
vt 0.6061564 0.1226295
vt 0.7283873 0.08381072
vt 0.6066552 0.08381072
vt 0.4852558 0.1226295
vt 0.4852558 0.08381072
vt 0.3994402 0.1226295
vt 0.3994402 0.08381072
vt 0.3809983 0.1226295
vt 0.9930444 0.3137758
vt 0.9589722 0.2278545
vt 0.9066545 0.1183667
vt 0.9969747 0.3275619
vt 0.7270117 0.3254003
vt 0.9962038 0.3453539
vt 0.7237768 0.3387027
vt 0.723807 0.3515516
vt 0.9962794 0.3573714
vt 0.9105092 0.08381072
vt 0.3814518 0.009544057
vt 0.3998635 0.009528941
vt 0.4852558 0.009105682
vt 0.6071541 0.009256845
vt 0.7276617 0.00824405
vt 0.9098138 0.00824405
vt 0.7270117 0.3254003
vt 0.7186977 0.3386725
vt 0.7237768 0.3387027
vt 0.5172874 0.7878248
vt 0.4478277 0.7391048
vt 0.4478277 0.787855
vt 0.5171967 0.7389839
vt 0.5171513 0.7278431
vt 0.4476916 0.7065592
vt 0.5170757 0.706393
vt 0.447616 0.6742707
vt 0.5170304 0.6849882
vt 0.5170909 0.6730312
vt 0.447616 0.6730312
vt 0.1011492 0.9285128
vt 0.006324273 0.914122
vt 0.006324273 0.9285128
vt 0.1011492 0.914122
vt 0.1011492 0.9563722
vt 0.006324273 0.9563722
vt 0.1011492 0.971428
vt 0.006324273 0.971428
vt 0.006324273 0.992591
vt 0.1011492 0.992591
vt 0.4243973 0.3317492
vt 0.5653574 0.2918722
vt 0.5653272 0.3313259
vt 0.4243973 0.3196863
vt 0.4244729 0.4324392
vt 0.412788 0.4324392
vt 0.4124252 0.3316736
vt 0.5654027 0.4324392
vt 0.6008204 0.331598
vt 0.6008959 0.4324392
vt 0.3170258 0.6312798
vt 0.3261259 0.6249007
vt 0.3170258 0.6249007
vt 0.3261259 0.6312798
vt 0.3170258 0.6182798
vt 0.3261259 0.6182798
vt 0.3170258 0.6098902
vt 0.3261259 0.6098902
vt 0.3170258 0.4633975
vt 0.3261259 0.4633975
vt 0.3261259 0.4354927
vt 0.3170258 0.4354927
vt 0.3170258 0.4080414
vt 0.3261259 0.4080414
vt 0.3261259 0.3742715
vt 0.3170258 0.3742715
vt 0.3170258 0.2376348
vt 0.3261259 0.2376348
vt 0.3170258 0.2317394
vt 0.3261259 0.2317394
vt 0.3308271 0.6098902
vt 0.3308271 0.6182798
vt 0.3308271 0.4633975
vt 0.3308271 0.4354927
vt 0.3308271 0.4080414
vt 0.3124154 0.4080414
vt 0.3124154 0.4354927
vt 0.3041316 0.4080414
vt 0.3041316 0.4354927
vt 0.3124154 0.4633975
vt 0.3041316 0.4633975
vt 0.3120374 0.6098902
vt 0.3041316 0.6098902
vt 0.3041316 0.3742715
vt 0.3124154 0.3742715
vt 0.3124154 0.2376348
vt 0.3041316 0.2376348
vt 0.3170258 0.4633975
vt 0.3120374 0.6098902
vt 0.3170258 0.6182798
vt 0.3120374 0.6182798
vt 0.3120374 0.6249007
vt 0.3120374 0.6312798
vt 0.3120374 0.6934685
vt 0.3170258 0.6934685
vt 0.3261259 0.6934685
vt 0.3308271 0.6312798
vt 0.3308271 0.6934685
vt 0.3308271 0.6249007
vt 0.3308271 0.3742715
vt 0.3308271 0.2376348
vt 0.3124154 0.2376348
vt 0.3170258 0.2376348
vt 0.8967533 0.5391607
vt 0.9683595 0.5831493
vt 0.9683595 0.5384049
vt 0.8967533 0.6022413
vt 0.9683595 0.6014855
vt 0.8967533 0.4486288
vt 0.9683595 0.4478579
vt 0.9683595 0.6026495
vt 0.8967533 0.6034204
vt 0.7592398 0.512435
vt 0.848124 0.6260193
vt 0.848124 0.512435
vt 0.7592398 0.6260193
vt 0.7592398 0.7986481
vt 0.848124 0.6894476
vt 0.848124 0.7986481
vt 0.848124 0.6260193
vt 0.8495751 0.6894476
vt 0.8495751 0.6260193
vt 0.848124 0.6894476
vt 0.8012632 0.5708295
vt 0.7834411 0.5311793
vt 0.8012481 0.5311491
vt 0.7834713 0.5708597
vt 0.9614513 0.9937851
vt 0.9234487 0.6691161
vt 0.9274546 0.9937851
vt 0.9654874 0.6691161
vt 0.8577077 0.5809877
vt 0.8887567 0.6037681
vt 0.8887567 0.5809877
vt 0.8577077 0.6037681
vt 0.9130336 0.6094971
vt 0.8533391 0.9324732
vt 0.8549263 0.6094971
vt 0.9105394 0.9324732
vt 0.8878951 0.4056682
vt 0.8563473 0.3872262
vt 0.8563473 0.4056682
vt 0.8878951 0.3872262
vt 0.1396354 0.905808
vt 0.1242772 0.9879805
vt 0.1242772 0.905808
vt 0.1396354 0.9879805
vt 0.1731333 0.9879805
vt 0.1731333 0.905808
vt 0.1884915 0.9879805
vt 0.1884915 0.905808
vt 0.2041067 0.905808
vt 0.2041067 0.9879805
vt 0.3754959 0.1338307
vt 0.3986391 0.1690065
vt 0.3982763 0.1336191
vt 0.3768564 0.1692484
vt 0.4182752 0.1688251
vt 0.4179275 0.1334075
vt 0.4374125 0.1686135
vt 0.4370648 0.133211
vt 0.4550684 0.1684321
vt 0.4547056 0.1330447
vt 0.4772441 0.1683263
vt 0.481779 0.1327273
vt 0.4176857 0.2782524
vt 0.465015 0.253129
vt 0.4535114 0.2725838
vt 0.40071 0.2678372
vt 0.3848832 0.2524034
vt 0.4370346 0.2794768
vt 0.3844146 0.2304998
vt 0.4645615 0.2301371
vt 0.376675 0.1807519
vt 0.4643196 0.1803589
vt 0.3774006 0.2525395
vt 0.203623 0.1021317
vt 0.09737009 0.1494913
vt 0.2030183 0.1459389
vt 0.422795 0.7307908
vt 0.4220996 0.8320251
vt 0.4297183 0.8314959
vt 0.4151612 0.7313048
vt 0.4184113 0.6880115
vt 0.4253345 0.6904755
vt 0.4462405 0.6539846
vt 0.4493091 0.6606509
vt 0.5317084 0.6482706
vt 0.53192 0.6559195
vt 0.2443767 0.8429995
vt 0.2569232 0.8534298
vt 0.2463569 0.8576322
vt 0.2492744 0.84436
vt 0.2646477 0.8816369
vt 0.2649349 0.8474286
vt 0.2829536 0.8121168
vt 0.2597651 0.8389332
vt 0.2518139 0.830196
vt 0.2518139 0.830196
vt 0.2492744 0.84436
vt 0.2597651 0.8389332
vt 0.2443767 0.8429995
vt 0.2829536 0.8121168
vt 0.2649349 0.8474286
vt 0.2569232 0.8534298
vt 0.2463569 0.8576322
vt 0.2646477 0.8816369
vt 0.2845559 0.0919282
vt 0.3062932 0.1401494
vt 0.2876699 0.1362191
vt 0.3060967 0.08207233
vt 0.3183107 0.08813399
vt 0.3184468 0.1321377
vt 0.3249015 0.1368087
vt 0.3063084 0.1467099
vt 0.3247654 0.1466494
vt 0.2764687 0.1468157
vt 0.2816838 0.1439134
vt 0.2761966 0.07032692
vt 0.2712384 0.08468747
vt 0.2714349 0.1432331
vt 0.3060665 0.07371299
vt 0.3060212 0.06254201
vt 0.3307061 0.07697812
vt 0.2760001 0.01205337
vt 0.2709965 0.01209872
vt 0.2594476 0.1288121
vt 0.2510732 0.08322118
vt 0.2712233 0.07851999
vt 0.2510279 0.0738188
vt 0.2711931 0.06733389
vt 0.2508162 0.01214407
vt 0.27145 0.1474808
vt 0.2698326 0.1767763
vt 0.2764838 0.1514262
vt 0.3063235 0.1513355
vt 0.275078 0.173874
vt 0.3238131 0.1661344
vt 0.3301015 0.1571099
vt 0.3309329 0.1403912
vt 0.3307061 0.07697812
vt 0.3246898 0.08319095
vt 0.3247049 0.175824
vt 0.3629645 0.07430252
vt 0.3367527 0.06594318
vt 0.3627377 0.01175104
vt 0.3631912 0.1401796
vt 0.3629645 0.07430252
vt 0.3365562 0.01185686
vt 0.3058549 0.01196267
vt 0.3627377 0.01175104
vt 0.3629645 0.07430252
vt 0.2950315 0.1135143
vt 0.3627377 0.01175104
vt 0.3247049 0.175824
vt 0.2761966 0.07032692
vt 0.2712384 0.08468747
vt 0.3631912 0.1401796
vt 0.3247049 0.175824
vt 0.3638412 0.1859973
vt 0.3379469 0.1951276
vt 0.3703564 0.2170614
vt 0.2383755 0.1856194
vt 0.2976316 0.1982567
vt 0.2438476 0.2095335
vt 0.2033206 0.2320115
vt 0.2022927 0.2231382
vt 0.2033206 0.2320115
vt 0.2383755 0.1856194
vt 0.2438476 0.2095335
vt 0.2022927 0.2231382
vt 0.2976316 0.1982567
vt 0.3638412 0.1859973
vt 0.3379469 0.1951276
vt 0.3703564 0.2170614
vt 0.4718929 0.2470825
vt 0.5887575 0.2506802
vt 0.5887877 0.2488209
vt 0.4718476 0.2489569
vt 0.471908 0.2452232
vt 0.5888029 0.2469464
vt 0.4719987 0.2387231
vt 0.5889087 0.2404464
vt 0.4722708 0.2198579
vt 0.5891808 0.2216114
vt 0.5887122 0.2523732
vt 0.4718325 0.2506499
vt 0.5887122 0.254036
vt 0.4718173 0.2523127
vt 0.5886064 0.2607779
vt 0.4716964 0.2590244
vt 0.5883343 0.2791594
vt 0.4714243 0.2774361
vt 0.5882889 0.2815629
vt 0.4714092 0.2798245
vt 0.2510732 0.08322118
vt 0.2594476 0.1288121
vt 0.2950315 0.1135143
vt 0.2510279 0.0738188
vt 0.2508162 0.01214407
vt 0.2950315 0.1135143
vt 0.2698326 0.1767763
vt 0.6918813 0.4229008
vt 0.7281606 0.3905669
vt 0.6918813 0.3909902
vt 0.7281606 0.422931
vt 0.6084995 0.4221148
vt 0.6084995 0.3909902
vt 0.5220792 0.6405764
vt 0.4892767 0.6364345
vt 0.5362282 0.481779
vt 0.4997221 0.4558696
vt 0.4368532 0.4939023
vt 0.4614929 0.6142135
vt 0.4164915 0.5371805
vt 0.7220535 0.5991727
vt 0.5501957 0.4734197
vt 0.6864092 0.6326705
vt 0.5220792 0.6405764
vt 0.5362282 0.481779
vt 0.4892767 0.6364043
vt 0.4997221 0.4558696
vt 0.4369741 0.4937512
vt 0.4614778 0.6142285
vt 0.4164915 0.5371805
vt 0.7220535 0.5991727
vt 0.6864092 0.6326705
vt 0.5501957 0.4734197
vt 0.5220792 0.6405764
vt 0.5362282 0.481779
vt 0.4892767 0.6364043
vt 0.4997221 0.4558696
vt 0.4369741 0.4937512
vt 0.4614778 0.6142285
vt 0.4164915 0.5371805
vt 0.7220535 0.5991727
vt 0.6864092 0.6326705
vt 0.5501957 0.4734197
vt 0.5220792 0.6405764
vt 0.4892767 0.6364345
vt 0.5362282 0.481779
vt 0.4997221 0.4558696
vt 0.4368532 0.4939023
vt 0.4614929 0.6142135
vt 0.4164915 0.5371805
vt 0.7220535 0.5991727
vt 0.5501957 0.4734197
vt 0.6864092 0.6326705
vt 0.7330885 0.8653868
vt 0.739906 0.8899509
vt 0.7329676 0.8805334
vt 0.739906 0.8899509
vt 0.7330885 0.8653868
vt 0.7046546 0.8550321
vt 0.3154386 0.8864288
vt 0.7329676 0.8805334
vt 0.3155142 0.8770717
vt 0.3156503 0.8619403
vt 0.3157258 0.8518426
vt 0.7046546 0.8550321
vt 0.7047604 0.8406413
vt 0.3158468 0.8374215
vt 0.3054618 0.8618345
vt 0.3156503 0.8619403
vt 0.3155142 0.8770717
vt 0.305356 0.8769811
vt 0.7330885 0.8653868
vt 0.739906 0.8899509
vt 0.7046546 0.8550321
vt 0.3154386 0.8864288
vt 0.7329676 0.8805334
vt 0.3155142 0.8770717
vt 0.3156503 0.8619403
vt 0.3157258 0.8518426
vt 0.7046546 0.8550321
vt 0.7047604 0.8406413
vt 0.3158468 0.8374215
vt 0.739906 0.8899509
vt 0.7330885 0.8653868
vt 0.7329676 0.8805334
vt 0.3054618 0.8618345
vt 0.3155142 0.8770717
vt 0.3156503 0.8619403
vt 0.305356 0.8769811
vt 0.3585051 0.7065442
vt 0.3142596 0.6986685
vt 0.3585051 0.6986685
vt 0.3142596 0.7065442
vt 0.3142596 0.6986685
vt 0.3585051 0.7065442
vt 0.3142596 0.7065442
vt 0.3585051 0.6986685
vt 0.7250919 0.6338043
vt 0.7302768 0.6661533
vt 0.7303524 0.6216053
vt 0.7267245 0.6665765
vt 0.7267245 0.6216053
vt 0.7303524 0.5666271
vt 0.7250919 0.5774202
vt 0.7267245 0.6216053
vt 0.7267245 0.6665765
vt 0.7267245 0.5666271
vt 0.7250919 0.5177711
vt 0.7303524 0.5177711
vt 0.7267245 0.5666271
vt 0.7267245 0.6216053
vt 0.7267245 0.5177711
vt 0.7267245 0.5177711
vt 0.7267245 0.5666271
vt 0.7250919 0.6338043
vt 0.7250164 0.6643997
vt 0.7250919 0.6338043
vt 0.7267245 0.6665765
vt 0.7267245 0.5177711
vt 0.7250919 0.5177711
vt 0.7303524 0.5177711
vt 0.7250919 0.6338043
vt 0.7302768 0.6661533
vt 0.7318036 0.6216053
vt 0.7267245 0.6216053
vt 0.7303524 0.5666271
vt 0.7250919 0.5774202
vt 0.7267245 0.6216053
vt 0.7267245 0.5666271
vt 0.7250919 0.5177711
vt 0.7303524 0.5177711
vt 0.7267245 0.5666271
vt 0.7267245 0.6216053
vt 0.7267245 0.6665765
vt 0.7267245 0.5177711
vt 0.7267245 0.5177711
vt 0.7267245 0.5666271
vt 0.7250919 0.6338043
vt 0.7250164 0.6643997
vt 0.7250919 0.6338043
vt 0.7267245 0.6665765
vt 0.7267245 0.6665765
vt 0.7267245 0.6216053
vt 0.7303524 0.5177711
vt 0.7267245 0.5177711
vt 0.7250919 0.5177711
vt 0.3585051 0.7065442
vt 0.3142596 0.6986685
vt 0.3142596 0.7065442
vt 0.3585051 0.6986685
vt 0.3142596 0.6986685
vt 0.3585051 0.7065442
vt 0.3585051 0.6986685
vt 0.3142596 0.7065442
vt 0.7250919 0.6338043
vt 0.7302768 0.6661533
vt 0.7250164 0.6643997
vt 0.7250919 0.6338043
vt 0.7303524 0.6256565
vt 0.7318036 0.5666271
vt 0.7250919 0.5774202
vt 0.7267245 0.6216053
vt 0.7267245 0.5666271
vt 0.7250919 0.5177711
vt 0.7303524 0.5177711
vt 0.7267245 0.5666271
vt 0.7267245 0.6216053
vt 0.7267245 0.5177711
vt 0.7267245 0.5177711
vt 0.7267245 0.5666271
vt 0.7303524 0.6256565
vt 0.7267245 0.6665765
vt 0.7303524 0.6256565
vt 0.7267245 0.6216053
vt 0.7318036 0.5666271
vt 0.7267245 0.6665765
vt 0.7250919 0.6338043
vt 0.7267245 0.6665765
vt 0.7267245 0.6216053
vt 0.7267245 0.5177711
vt 0.7303524 0.5177711
vt 0.7250919 0.5177711
vt 0.7250919 0.6338043
vt 0.7302768 0.6661533
vt 0.7250164 0.6643997
vt 0.7267245 0.6216053
vt 0.7267245 0.6665765
vt 0.7267245 0.6216053
vt 0.7303524 0.6256565
vt 0.7303524 0.5666271
vt 0.7267245 0.6665765
vt 0.7250919 0.6338043
vt 0.7303524 0.5666271
vt 0.7267245 0.5666271
vt 0.7303524 0.5177711
vt 0.7250919 0.5177711
vt 0.7250919 0.5774202
vt 0.7250919 0.6338043
vt 0.7303524 0.6256565
vt 0.7302768 0.6661533
vt 0.7267245 0.6216053
vt 0.7267245 0.5666271
vt 0.7267245 0.5177711
vt 0.7267245 0.5177711
vt 0.7267245 0.5666271
vt 0.7267245 0.6665765
vt 0.7267245 0.6216053
vt 0.7303524 0.5177711
vt 0.7250919 0.5177711
vt 0.7267245 0.5177711
vt 0.647152 0.8319797
vt 0.5048769 0.7943097
vt 0.4946279 0.8319495
vt 0.6361624 0.7944307
vt 0.4946279 0.8319495
vt 0.6361624 0.7944307
vt 0.5048769 0.7943097
vt 0.647152 0.8319797
vt 0.4922546 0.8317832
vt 0.5040303 0.7925109
vt 0.6370089 0.7926469
vt 0.6494799 0.8318738
vt 0.6361624 0.7944307
vt 0.647152 0.8319797
vt 0.5048769 0.7943097
vt 0.647152 0.8319797
vt 0.4946279 0.8319495
vt 0.6361624 0.7944307
vt 0.6361624 0.7944307
vt 0.4946279 0.8319495
vt 0.5048769 0.7943097
vt 0.647152 0.8319797
vt 0.4922546 0.8317832
vt 0.5040303 0.7925109
vt 0.6370089 0.7926469
vt 0.6494799 0.8318738
vt 0.6361624 0.7944307
vt 0.647152 0.8319797
vt 0.6575823 0.831375
vt 0.7267699 0.7848166
vt 0.7262408 0.8311029
vt 0.6579753 0.7841213
vt 0.6594869 0.8364844
vt 0.7251524 0.8355925
vt 0.7264221 0.7803422
vt 0.6581416 0.7786039
vt 0.7261652 0.7347361
vt 0.6583683 0.7354617
vt 0.6575823 0.831375
vt 0.6533497 0.7840457
vt 0.6579753 0.7841213
vt 0.6523671 0.8297576
vt 0.7267699 0.7848166
vt 0.7308362 0.8305285
vt 0.7262408 0.8311029
vt 0.7312292 0.7849225
vt 0.7405559 0.5907226
vt 0.7460432 0.5234246
vt 0.7460432 0.5907226
vt 0.7405559 0.5234246
vt 0.7480688 0.8249657
vt 0.7350385 0.8249657
vt 0.7386816 0.8249657
vt 0.7350385 0.8421983
vt 0.7386816 0.8249657
vt 0.7386816 0.8421983
vt 0.7424002 0.8249657
vt 0.7424002 0.8421983
vt 0.7386816 0.8249657
vt 0.7405559 0.5907226
vt 0.7350385 0.5234246
vt 0.7350385 0.5907226
vt 0.7405559 0.5234246
vt 0.7350385 0.8249657
vt 0.7480688 0.8249657
vt 0.7424002 0.8249657
vt 0.7424002 0.8421983
vt 0.7460432 0.8421983
vt 0.7500641 0.8421983
vt 0.7460432 0.5907226
vt 0.7500641 0.5907226
vt 0.7500641 0.5234246
vt 0.7460432 0.5234246
vt 0.3570993 0.3648691
vt 0.3672877 0.2835129
vt 0.3672877 0.3660029
vt 0.3559354 0.283528
vt 0.3776727 0.2835129
vt 0.3776727 0.3660029
vt 0.3880878 0.2835129
vt 0.3880878 0.3658668
vt 0.3776727 0.5917959
vt 0.3672877 0.5917959
vt 0.3564796 0.590511
vt 0.3567516 0.3658517
vt 0.3880878 0.5917959
vt 0.3776727 0.5960889
vt 0.3672877 0.5960889
vt 0.3880878 0.5960889
vt 0.3672877 0.6009413
vt 0.3776727 0.6009413
vt 0.3880878 0.6009413
vt 0.3567819 0.5951366
vt 0.3567819 0.5917808
vt 0.3567516 0.6000041
vt 0.3966588 0.2835129
vt 0.3880878 0.3658668
vt 0.3966588 0.3660029
vt 0.3966588 0.5917959
vt 0.3880878 0.5917959
vt 0.3880878 0.5960889
vt 0.3966588 0.5960889
vt 0.3966588 0.6009413
vt 0.3880878 0.6009413
vt 0.3559354 0.283528
vt 0.3672877 0.3642342
vt 0.3672877 0.2835129
vt 0.3672877 0.3642342
vt 0.3570993 0.3631156
vt 0.3776727 0.2835129
vt 0.3776727 0.3642342
vt 0.3880878 0.2835129
vt 0.3880878 0.3658668
vt 0.3776727 0.5917959
vt 0.3672877 0.5917959
vt 0.3564796 0.5904959
vt 0.3567516 0.3640831
vt 0.3880878 0.5917959
vt 0.3776727 0.5960889
vt 0.3672877 0.5960889
vt 0.3567819 0.5917808
vt 0.3567819 0.5951366
vt 0.3880878 0.5960889
vt 0.3672877 0.6009413
vt 0.3567516 0.6000041
vt 0.3776727 0.6009413
vt 0.3880878 0.6009413
vt 0.3880878 0.3658668
vt 0.3966588 0.2835129
vt 0.3966588 0.3642342
vt 0.3966588 0.5917959
vt 0.3880878 0.5917959
vt 0.3880878 0.5960889
vt 0.3966588 0.5960889
vt 0.3966588 0.6009413
vt 0.3880878 0.6009413
vt 0.3672877 0.6009413
vt 0.3567819 0.6009413
vt 0.3672877 0.6009413
vt 0.3567819 0.6009413
vt 0.3776727 0.6009413
vt 0.3776727 0.6009413
vt 0.3880878 0.6009413
vt 0.3880878 0.6009413
vt 0.3966588 0.6009413
vt 0.3966588 0.6009413
vt 0.2845106 0.8038935
vt 0.2965281 0.788762
vt 0.2732035 0.7952772
vt 0.2837396 0.7732375
vt 0.2638012 0.7788306
vt 0.361861 0.8065691
vt 0.3018339 0.7912109
vt 0.3019397 0.8069924
vt 0.36174 0.7907725
vt 0.3016979 0.774991
vt 0.3616191 0.7745678
vt 0.3015921 0.7584991
vt 0.3615284 0.7580758
vt 0.3613923 0.7424455
vt 0.3014862 0.742899
vt 0.3613168 0.7298838
vt 0.3013955 0.730292
vt 0.2845106 0.8038935
vt 0.2642849 0.7977563
vt 0.2965281 0.788762
vt 0.2837396 0.7732375
vt 0.2638012 0.7788306
vt 0.2845106 0.8038935
vt 0.2732035 0.7952772
vt 0.2965281 0.788762
vt 0.2837396 0.7732375
vt 0.2638012 0.7788306
vt 0.361861 0.8065691
vt 0.3018339 0.7912109
vt 0.36174 0.7907725
vt 0.3019397 0.8069924
vt 0.3016979 0.774991
vt 0.3616191 0.7745678
vt 0.3015921 0.7584991
vt 0.3615284 0.7580758
vt 0.3613923 0.7424455
vt 0.3014862 0.742899
vt 0.3613168 0.7298838
vt 0.3013955 0.730292
vt 0.2845106 0.8038935
vt 0.2965281 0.788762
vt 0.2642849 0.7977563
vt 0.2837396 0.7732375
vt 0.2638012 0.7788306
vn 0.3176447 0.8431307 0.4338577
vn 0.01176465 0.6313677 0.7753944
vn 0.5294077 0.3725461 0.7621922
vn 0.01176465 0.9607769 0.2770727
vn 0.01176465 0.9921492 0.124505
vn 0.4196047 0.8980323 0.1321737
vn 0.01176465 0.9686199 0.248268
vn 0.4196047 0.874503 0.243262
vn 0.01176465 0.6156815 0.7879073
vn 0.3333308 0.5764661 0.7460412
vn 0.01176465 0.01176453 0.9998616
vn 0.09803849 0.02745068 0.994804
vn 0.6392108 -0.15294 0.7536703
vn 0.01176465 -0.07450926 0.9971509
vn 0.8666601 0.45882 0.1959198
vn 0.8745031 0.4823492 0.05082877
vn 0.7490139 0.5686231 0.3400677
vn 0.756206 0.6543336 0
vn 0.6235247 0.7254846 0.2913574
vn 0.6289735 0.7774267 0
vn 0.8274447 0.5607799 -0.02934617
vn 0.6156816 0.7803861 -0.1092414
vn 0.8666601 0.4823492 -0.1274349
vn 0.6235247 0.6941123 -0.3597571
vn 0.9130087 -0.4079401 0
vn 0.5999954 0.4901923 -0.6322317
vn 0.8431308 0.2705861 -0.464665
vn 0.8980324 0.3411738 0.2777379
vn 0.9998079 0.01960405 0
vn 0.9529339 0.1764692 0.2465271
vn 0.8431308 0.2705861 -0.464665
vn 0.8196016 0.2784292 -0.5007299
vn 0.8856788 -0.4642986 0
vn 0.9294047 -0.3098016 0.200574
vn 0.6627401 -0.2156847 0.7171163
vn 0.995957 0.08983131 0
vn 0.9921493 -0.01176465 -0.1245045
vn 0.9998079 -0.01960411 0
vn 0.8117585 0.2078415 0.5457563
vn 0.9990709 -0.04309721 0
vn 0.7254847 -0.450977 -0.5198959
vn 0.8431308 0.2705861 -0.464665
vn 0.9990709 -0.04309721 0
vn 0.9998079 0.01960405 0
vn 0.7254847 -0.450977 -0.5198959
vn 0.9450908 -0.2784293 -0.1711153
vn 0.5686231 0.3803892 0.729364
vn 0.3411739 0.1686261 0.9247516
vn 0.7803862 -0.2627431 0.5674182
vn 0.6705831 0.2549 0.6966665
vn 0.9058754 -0.3882324 -0.1693083
vn 0.1215677 -0.05098003 0.9912731
vn 0.01176465 -0.09803849 0.9951131
vn 0.5294077 -0.01960772 0.8481409
vn 0.01176465 0.7254846 -0.6881378
vn 0.5372508 0.6941123 0.4791343
vn 0.01176465 0.7960722 0.6050873
vn 0.5372508 0.5921522 -0.6005974
vn 0.552937 0.2862723 0.7825017
vn 0.5294077 0.3725461 0.7621922
vn 0.01176465 0.6313677 0.7753944
vn 0.8117585 0.2078415 0.5457563
vn 0.9058754 0.1921554 0.3774467
vn -0.3568599 0.4117615 0.8385126
vn 0.8666601 0.2313707 0.4420045
vn 0.9372478 0.2862723 0.1990348
vn 0.5372508 0.6941123 0.4791343
vn 0.01176465 0.7960722 0.6050873
vn 0.9999924 -0.003921568 0
vn 0.9998079 0.01960405 0
vn 0.7254847 0.01960766 -0.687959
vn 0.5921524 -0.5843093 -0.5549219
vn 0.766624 -0.6420962 0
vn 0.9998079 -0.01960411 0
vn 0.9921493 0.08235228 -0.09411633
vn 0.5372508 0.5921522 -0.6005974
vn 0.9730572 0.2305637 0
vn 0.9294047 0.3647031 -0.05655624
vn 0.9372478 0.2862723 0.1990348
vn 0.5372508 0.6941123 0.4791343
vn 0.5372508 0.5921522 -0.6005974
vn 0.01176465 -0.01176465 -0.9998616
vn 0.7254847 0.01960766 -0.687959
vn 0.01176465 0.7254846 -0.6881378
vn 0.5921524 -0.5843093 -0.5549219
vn 0.01176465 -0.7176416 -0.6963133
vn 0.5921524 -0.5843093 -0.5549219
vn 0.03527218 -0.9993777 0
vn 0.766624 -0.6420962 0
vn 0.003921568 -0.9999924 0
vn 0.01176465 -0.7176416 -0.6963133
vn 0.7254847 -0.450977 -0.5198959
vn 0.7254847 -0.450977 -0.5198959
vn 0.766624 -0.6420962 0
vn 0.6078385 -0.6705831 0.4252654
vn 0.7254847 -0.1137246 0.6787773
vn 0.9843062 0.1058815 0.1411751
vn 0.6627401 -0.1372539 0.7361637
vn 0.9996234 -0.02744067 0
vn 0.7254847 -0.03529388 0.6873327
vn 0.8078915 0.5893313 0
vn 0.654897 0.4509768 0.6064073
vn 0.1607831 0.9843061 0.07273465
vn 0.1215677 0.7019553 0.7017692
vn 0.7254847 -0.03529388 0.6873327
vn 0.01176465 -0.01176465 0.9998616
vn 0.7254847 -0.1137246 0.6787773
vn 0.01176465 -0.01176465 0.9998616
vn 0.6627401 -0.1372539 0.7361637
vn 0.8241559 0.566363 0
vn 0.9999924 0.003921509 0
vn 0.8774481 0.4796715 0
vn 0.9730572 0.2305637 0
vn 0.7882293 0.2862723 0.544741
vn 0.5573959 -0.830247 0
vn 0.5372508 -0.6078385 0.5847169
vn 0.6078385 -0.6705831 0.4252654
vn 0.06651904 -0.9977852 0
vn 0.01176465 -0.01176465 0.9998616
vn 0.01176465 -0.01176465 0.9998616
vn 0.01176465 -0.01176465 0.9998616
vn 0.01176465 0.670583 0.7417412
vn 0.01176465 0.9921492 0.124505
vn 0.01176465 0.9921492 0.124505
vn 0.1686262 0.9764631 0.1344807
vn 0.6078385 -0.6705831 0.4252654
vn 0.7882293 0.2862723 0.544741
vn 0.5372508 -0.6078385 0.5847169
vn 0.01176465 0.8431307 -0.53758
vn 0.01176465 0.7882292 -0.6152693
vn 0.01176465 0.8352877 -0.5496873
vn 0.01176465 0.8431307 -0.53758
vn -0.003921509 0.7568569 -0.6535688
vn 0.01176465 0.5686231 -0.8225141
vn 0.01176465 0.5372508 -0.8433405
vn 0.01176465 -0.4980354 -0.8670769
vn 0.01176465 -0.5058785 -0.8625245
vn 0.01176392 -0.9999309 0
vn 0.01176392 -0.9999309 0
vn 0.01960772 0.9921492 -0.123513
vn 0.01176465 0.9372476 -0.3484659
vn 0.01960772 0.9372476 -0.3481127
vn 0.01176465 0.9921492 -0.124505
vn 0.01960772 0.9607769 -0.2766283
vn 0.01960772 0.9607769 -0.2766283
vn 0.01960772 0.9921492 -0.123513
vn 0.0274508 0.9921492 -0.1220098
vn 0.01176465 0.7019553 0.7121239
vn 0.01960772 0.7019553 0.7119511
vn 0.6078385 0.7254846 0.3228072
vn 0.5450939 0.01960766 -0.8381457
vn 0.7647001 0.2313707 0.6014162
vn 0.5843093 0.466663 -0.663934
vn 0.01176465 0.9058753 0.423381
vn 0.01176465 0.3647031 0.9310496
vn 0.7647001 0.2313707 0.6014162
vn 0.01176465 0.6078384 -0.7939736
vn 0.5450939 0.01960766 -0.8381457
vn 0.01176465 0.06666613 -0.997706
vn -0.7019553 0.01176453 -0.7121239
vn -0.5764661 -0.5843093 0.5712
vn -0.5764661 -0.5843093 -0.5712
vn -0.7019553 0.01176453 0.7121239
vn 0.5921524 -0.5843093 -0.5549219
vn 0.5921524 -0.5843093 0.5549219
vn 0.5921524 -0.5843093 0.5549219
vn -0.5764661 -0.5843093 0.5712
vn 0.7176416 0.01176453 0.6963133
vn 0.5921524 -0.5843093 -0.5549219
vn 0.7176416 0.01176453 -0.6963133
vn 0.5921524 -0.5843093 0.5549219
vn -0.5764661 -0.5843093 -0.5712
vn 0.7176416 0.01176453 -0.6963133
vn 0.5921524 -0.5843093 -0.5549219
vn 0.6992508 0.7148764 0
vn 0.7523352 -0.6587806 0
vn 0.7523352 -0.6587806 0
vn 0.6913114 0.722557 0
vn 0.6941124 0.6941123 -0.1908301
vn 0.7647001 -0.6392108 0.08150696
vn 0.7097985 0.6392107 -0.2959658
vn 0.756857 -0.6156816 0.2193256
vn 0.7019554 0.5999954 -0.3837501
vn 0.756857 -0.5764662 0.3079842
vn 0.7803862 -0.45882 0.4248312
vn 0.6862693 0.5058784 -0.5226102
vn 0.6862693 0.3254876 -0.6504555
vn 0.7803862 -0.2941154 0.5518093
vn 0.7725431 -0.1058816 0.626072
vn 0.6862693 0.1058815 -0.7195997
vn 0.5921524 -0.5921524 -0.5465448
vn 0.6078385 -0.5921524 0.5290444
vn -0.5686231 -0.5921524 -0.5709846
vn -0.5529369 -0.5843093 0.5940062
vn -0.3960754 -0.8274447 0.3980699
vn 0.08235234 -0.9686201 0.2345063
vn -0.7019553 -0.5999954 0.3837502
vn -0.7176415 -0.4901924 0.4946738
vn -0.7176415 -0.3176447 0.619752
vn -0.670583 0.3254876 -0.6666155
vn -0.670583 0.5058784 -0.5425914
vn -0.7176415 -0.3176447 0.619752
vn -0.7176415 -0.4901924 0.4946738
vn -0.6862692 0.6078384 -0.3994585
vn -0.7019553 -0.5999954 0.3837502
vn -0.4352907 0.8117584 -0.3893203
vn -0.3960754 -0.8274447 0.3980699
vn -0.7176415 -0.1137246 0.6870643
vn -0.670583 0.1058815 -0.7342395
vn -0.5686231 -0.5921524 -0.5709846
vn -0.5529369 -0.5843093 0.5940062
vn 0.7019554 0.5999954 -0.3837501
vn -0.4352907 0.8117584 -0.3893203
vn 0.6941124 0.6941123 -0.1908301
vn 0.01176465 0.9529338 -0.3029502
vn 0.01176465 0.9921492 -0.124505
vn 0.01176465 0.9921492 0.124505
vn 0.01176465 0.9764631 0.2153636
vn 0.7097985 0.6941123 0.1199758
vn 0.7450372 -0.6670228 0
vn 0.08207512 -0.9966261 0
vn 0.08235234 -0.9843062 -0.1560748
vn 0.07430387 -0.9972357 0
vn -0.7176415 -0.1137246 0.6870643
vn -0.5529369 -0.5843093 0.5940062
vn -0.5686231 -0.5921524 -0.5709846
vn 0.5921524 -0.5921524 -0.5465448
vn 0.01176465 -0.3019585 -0.9532484
vn -0.003921509 -0.9137185 -0.4063288
vn 0.01176465 -0.2549 -0.9668959
vn 0.003921568 -0.9999924 0
vn 0.003921568 -0.9999924 0
vn 0.4666631 -0.6470539 0.6029484
vn 0.01176465 -0.756857 0.6534747
vn 0.01176465 0.5215646 -0.8531307
vn 0.01176465 0.5215646 -0.8531307
vn 0.01176465 0.7097985 -0.7043065
vn 0.01176465 0.874503 -0.4848773
vn 0.4901924 0.6156815 -0.6169665
vn 0.01176465 0.874503 -0.4848773
vn 0.01176465 0.4980353 -0.8670769
vn 0.3725462 0.4196045 -0.8277327
vn 0.01176465 0.5137215 -0.8578764
vn 0.4901924 0.6156815 -0.6169665
vn 0.756857 -0.2941154 0.583664
vn 0.3725462 0.4196045 -0.8277327
vn 0.4666631 -0.6470539 0.6029484
vn 0.01176465 -0.5215647 0.8531306
vn 0.4666631 -0.6470539 0.6029484
vn 0.01176465 -0.756857 0.6534747
vn 0.756857 -0.2941154 0.583664
vn 0.7176416 -0.01176465 0.6963133
vn 0.5921524 -0.5843093 -0.5549219
vn 0.5843093 -0.5921524 0.5549219
vn 0.7176416 -0.01176465 -0.6963133
vn 0.01176465 -0.01176465 0.9998616
vn 0.5843093 -0.5921524 0.5549219
vn 0.01176465 -0.7254847 0.6881378
vn 0.7176416 -0.01176465 0.6963133
vn 0.01176465 -0.7254847 0.6881378
vn 0.5921524 -0.5843093 -0.5549219
vn 0.01176465 -0.7097985 -0.7043065
vn 0.5843093 -0.5921524 0.5549219
vn 0.7176416 -0.01176465 -0.6963133
vn 0.01176465 -0.7097985 -0.7043065
vn 0.5921524 -0.5843093 -0.5549219
vn 0.01176465 -0.01176465 -0.9998616
vn 0.01176465 0.7019553 -0.7121239
vn 0.01176465 -0.7176416 -0.6963133
vn 0.01176465 0.7019553 -0.7121239
vn 0.01176465 -0.7176416 -0.6963133
vn 0.01176465 0.7019553 0.7121239
vn 0.01176465 0.7019553 0.7121239
vn 0.01176465 -0.7176416 0.6963133
vn 0.01176465 -0.7176416 0.6963133
vn 0.01176465 -0.7176416 -0.6963133
vn 0.01176465 -0.7176416 -0.6963133
vn 0.9058754 -0.3882324 -0.1693083
vn 0.654897 -0.6470539 -0.3904244
vn 0.9450908 -0.2313708 -0.2308048
vn 0.9450908 -0.2784293 -0.1711153
vn 0.6751943 -0.73764 0
vn 0.8856788 -0.4642986 0
vn 0.6751943 -0.73764 0
vn 0.9130087 -0.4079401 0
vn 0.6313677 -0.5921524 0.5007298
vn 0.9294047 -0.3098016 0.200574
vn 0.9372478 -0.1843123 0.2959656
vn 0.6627401 -0.2156847 0.7171163
vn 0.6751943 -0.73764 0
vn 0.9372478 -0.1843123 0.2959656
vn 0.654897 -0.6470539 -0.3904244
vn 0.6313677 -0.5921524 0.5007298
vn 0.9450908 -0.2313708 -0.2308048
vn 0.6751943 -0.73764 0
vn 0.73764 -0.6751943 0
vn 0.5843093 -0.6156816 -0.5286955
vn 0.003921568 -0.9999924 0
vn 0.01176465 -0.7490139 -0.6624498
vn 0.9999924 -0.003921568 0
vn 0.5843093 -0.6156816 -0.5286955
vn 0.01176465 -0.0274508 -0.9995539
vn 0.01176465 -0.7490139 -0.6624498
vn 0.7176416 -0.0274508 -0.6958714
vn 0.01176465 -0.0274508 -0.9995539
vn -0.5686231 -0.6156816 -0.5455309
vn -0.7019553 -0.0274508 -0.7116918
vn 0.5843093 -0.6156816 -0.5286955
vn 0.9372478 -0.1843123 0.2959656
vn 0.7176416 -0.0274508 -0.6958714
vn -0.6392107 0.6862692 -0.3470509
vn 0.4666631 0.6784261 -0.5674183
vn 0.6784262 0.6784261 -0.2819146
vn -0.4352907 0.6784261 -0.5918277
vn 0.654897 0.7490138 0.1004407
vn -0.6313677 0.7646999 0.1288755
vn 0.6627401 0.5450938 0.5134671
vn -0.6548969 0.5686231 0.497773
vn 0.5058785 0.45882 0.7304595
vn -0.5058784 0.4745061 0.7203686
vn -0.6313677 0.7646999 0.1288755
vn -0.9921492 0.01176453 -0.124505
vn -0.9921492 0.01176453 -0.124505
vn -0.6548969 0.5686231 0.497773
vn -0.5058784 0.4745061 0.7203686
vn -0.9921492 0.01176453 -0.124505
vn -0.4352907 0.6784261 -0.5918277
vn -0.9921492 0.01176453 -0.124505
vn -0.6392107 0.6862692 -0.3470509
vn 0.6784262 0.6784261 -0.2819146
vn 0.9998079 -0.01960411 0
vn 0.654897 0.7490138 0.1004407
vn 0.9998079 -0.01960411 0
vn 0.4666631 0.6784261 -0.5674183
vn 0.9998079 -0.01960411 0
vn 0.9998079 -0.01960411 0
vn 0.6627401 0.5450938 0.5134671
vn 0.5058785 0.45882 0.7304595
vn 0.09019542 0.4039184 0.9103377
vn 0.1843123 0.1058815 0.9771479
vn 0.2549 -0.0274508 0.9665777
vn 0.09019542 0.03529382 0.9952985
vn 0.145097 -0.01176465 0.9893475
vn 0.1921554 -0.05098003 0.9800395
vn 0.4901924 -0.03529388 0.8708994
vn 0.1921554 -0.05098003 0.9800395
vn 0.5137216 -0.04313695 0.8568718
vn 0.450977 0.3098015 0.8370441
vn 0.1843123 0.1058815 0.9771479
vn 0.01176465 0.4901923 0.8715349
vn -0.1294107 0.7882292 0.6016208
vn 0.145097 0.8352877 0.530322
vn 0.09019542 0.03529382 0.9952985
vn -0.03529382 -0.1137246 0.9928852
vn -0.09803843 -0.6941124 0.7131595
vn 0.01176465 0.4117615 0.9112157
vn 0.01176465 0.8823462 0.4704539
vn -0.08235228 0.9372476 -0.3387994
vn -0.03529382 0.7960722 -0.6041716
vn -0.3254876 0.9372476 0.1249988
vn 0.01176465 0.8352877 -0.5496873
vn 0.03529388 0.9058753 0.4220713
vn 0.01176465 0.9764631 -0.2153636
vn 0.3333308 0.8823462 0.3321985
vn 0.5137216 0.5999954 -0.6132664
vn 0.756857 0.3176446 0.5712
vn 0.7725431 -0.01960772 0.6346595
vn 0.9058754 0.0901953 -0.413829
vn 0.8980324 0.2941153 0.3271606
vn 0.6470539 -0.7176416 0.2575107
vn 0.3803893 -0.6705831 0.6368848
vn -0.09803843 -0.6941124 0.7131595
vn 0.145097 -0.01176465 0.9893475
vn 0.8901893 0.1529399 -0.4291531
vn 0.01960772 -0.6784262 -0.7344068
vn -0.1372538 -0.9137185 0.3824655
vn 0.01176465 -0.8980324 -0.4397721
vn 0.09803849 -0.6941124 -0.7131595
vn 0.01960772 -0.6784262 -0.7344068
vn 0.01176465 -0.8509739 0.5250762
vn 0.01176465 -0.1843123 0.9827973
vn 0.01176465 -0.8980324 -0.4397721
vn 0.01176465 0.1764692 -0.9842358
vn 0.09803849 -0.6941124 -0.7131595
vn 0.01960772 -0.6784262 -0.7344068
vn 0.01176465 -0.8980324 -0.4397721
vn -0.1294107 0.7882292 0.6016208
vn 0.01176465 0.4901923 0.8715349
vn 0.8901893 0.1529399 -0.4291531
vn 0.09803849 -0.6941124 -0.7131595
vn -0.9921492 -0.09019542 -0.0866296
vn -0.9921492 -0.06666619 -0.1058089
vn -0.9916004 -0.1293392 0
vn -0.9921492 -0.05098003 0.1141969
vn -0.9921492 -0.01960772 0.1235129
vn -0.9921492 -0.04313695 0.1173844
vn -0.9921492 -0.01176465 0.124505
vn -0.9999923 -0.003921568 -0.0003442513
vn 0.9999924 -0.003921568 0
vn 0.9996234 0.02744055 0
vn 0.9999924 -0.003921568 0
vn 0.9998079 0.01960405 0
vn 0.9972357 0.07430375 0
vn 0.9977852 0.06651898 0
vn 0.9905663 0.1370348 0
vn 0.9990709 0.04309709 0
vn 0.01176465 0.7097985 0.7043065
vn 0.01176465 0.9921492 -0.124505
vn 0.01176465 0.9921492 -0.124505
vn 0.01176465 0.7097985 0.7043065
vn 0.01176465 0.1921554 0.981294
vn 0.01176465 0.1921554 0.981294
vn 0.01176465 -0.01176465 0.9998616
vn 0.01176465 -0.01176465 0.9998616
vn 0.01176465 -0.7803862 0.6251872
vn 0.01176465 -0.7803862 0.6251872
vn 0.01176465 0.6235245 -0.7817153
vn 0.01176465 0.6235245 -0.7817153
vn 0.01176465 0.003921509 -0.9999231
vn 0.01176465 0.003921509 -0.9999231
vn 0.01176465 -0.1294108 -0.9915212
vn 0.01176465 -0.1294108 -0.9915212
vn 0.01176465 -0.6627401 -0.7487571
vn 0.01176465 -0.6627401 -0.7487571
vn 0.01176465 -0.7803862 0.6251872
vn 0.01176465 -0.7803862 0.6251872
vn -0.03529382 0.7960722 -0.6041716
vn 0.01176465 0.1764692 -0.9842358
vn -0.08235228 0.9372476 -0.3387994
vn 0.01176465 0.8352877 -0.5496873
vn 0.01176465 0.9764631 -0.2153636
vn 0.5137216 0.5999954 -0.6132664
vn 0.003921568 -0.9999924 0
vn 0.003921568 -0.9999924 0
vn 0.01176392 -0.9999309 0
vn 0.003921568 -0.9999924 0
vn 0.003921568 -0.9999924 0
vn 0.003921568 -0.9999924 0
vn 0.01176465 0.6313677 0.7753944
vn -0.3019584 0.8431307 0.4449177
vn -0.5137215 0.3725461 0.7728516
vn 0.01176465 0.9607769 0.2770727
vn 0.01176465 0.9921492 0.124505
vn -0.4039184 0.8980323 0.1743212
vn 0.01176465 0.9686199 0.248268
vn -0.4039184 0.874503 0.268504
vn 0.01176465 0.6156815 0.7879073
vn -0.3176446 0.5764661 0.7528538
vn 0.01176465 0.01176453 0.9998616
vn -0.08235228 0.02745068 0.9962252
vn -0.6235245 -0.15294 0.7666984
vn 0.01176465 -0.07450926 0.9971509
vn -0.8509738 0.4509768 0.2691902
vn -0.8588169 0.4745061 0.1930738
vn -0.7097985 0.5921522 0.3814995
vn -0.7097985 0.6862692 0.1588105
vn -0.5764661 0.7333276 0.3604406
vn -0.6078384 0.7882292 0.0960584
vn -0.7803861 0.6235245 -0.04706028
vn -0.5999954 0.7882292 -0.136749
vn -0.8431307 0.4509768 -0.2928319
vn -0.5607799 0.66274 -0.4962878
vn -0.874503 -0.4745062 0.1004407
vn -0.5764661 0.4039184 -0.7103075
vn -0.8274446 0.2705861 -0.4920555
vn -0.8823462 0.3568599 0.3067838
vn -0.9921492 0.01960766 0.1235129
vn -0.9372476 0.1764692 0.3007084
vn -0.8274446 0.2705861 -0.4920555
vn -0.8039154 0.2784292 -0.5255448
vn -0.8636371 -0.504114 0
vn -0.8980323 -0.35686 0.2572719
vn -0.6470538 -0.2156847 0.7313012
vn -0.9921492 0.09803843 0.07764255
vn -0.9921492 -0.01176465 -0.124505
vn -0.9921492 -0.0274508 -0.1220096
vn -0.9372476 0.1372538 0.3205125
vn -0.9921492 -0.05098003 0.1141969
vn -0.7097985 -0.450977 -0.5411154
vn -0.8274446 0.2705861 -0.4920555
vn -0.9921492 -0.05098003 0.1141969
vn -0.9921492 0.01960766 0.1235129
vn -0.7097985 -0.450977 -0.5411154
vn -0.9137185 -0.3333308 -0.2323987
vn -0.5450938 0.3647031 0.7548937
vn -0.3333308 0.1764692 0.9261475
vn -0.7646999 -0.2627431 0.5883877
vn -0.6548969 0.2549 0.7114325
vn -0.8901892 -0.3882324 -0.238409
vn -0.1058815 -0.05098003 0.9930711
vn 0.01176465 -0.09803849 0.9951131
vn -0.5137215 -0.01960772 0.857733
vn -0.5215646 0.6941123 0.4961638
vn 0.01176465 0.7254846 -0.6881378
vn 0.01176465 0.7960722 0.6050873
vn -0.5215646 0.5921522 -0.6142688
vn -0.5215646 0.6941123 0.4961638
vn -0.5372508 0.2862723 0.7933536
vn 0.3725462 0.4117615 0.8316621
vn 0.01176465 0.6313677 0.7753944
vn 0.01176465 0.7960722 0.6050873
vn -0.5137215 0.3725461 0.7728516
vn -0.9215615 0.2862723 0.2622453
vn -0.9372476 0.1372538 0.3205125
vn -0.9607769 0.1450969 0.2363357
vn -0.9372476 0.2156845 0.2739472
vn -0.9999923 -0.003921568 -0.0003442513
vn -0.7097985 0.01960766 -0.7041318
vn -0.9921492 0.03529382 0.119976
vn -0.5764661 -0.5843093 -0.5712
vn -0.7568569 -0.6470539 -0.09213487
vn -0.9921492 -0.0274508 -0.1220096
vn -0.9921492 0.07450914 -0.1004405
vn -0.5215646 0.5921522 -0.6142688
vn -0.9686199 0.2156845 -0.1235134
vn -0.8980323 0.4196045 0.1321741
vn -0.9215615 0.2862723 0.2622453
vn -0.5215646 0.6941123 0.4961638
vn -0.9372476 0.2156845 0.2739472
vn -0.9921492 -0.01176465 -0.124505
vn -0.9607769 0.1450969 0.2363357
vn -0.9294046 0.3568599 0.09411716
vn -0.86666 0.4823492 0.1274353
vn -0.9137185 0.3882322 0.1199763
vn -0.9372476 0.1372538 0.3205125
vn 0.01176465 -0.01176465 -0.9998616
vn -0.5215646 0.5921522 -0.6142688
vn -0.7097985 0.01960766 -0.7041318
vn 0.01176465 0.7254846 -0.6881378
vn -0.5764661 -0.5843093 -0.5712
vn 0.01176465 -0.7176416 -0.6963133
vn -0.01960405 -0.9998079 0
vn -0.5764661 -0.5843093 -0.5712
vn -0.7568569 -0.6470539 -0.09213487
vn 0.003921568 -0.9999924 0
vn 0.01176465 -0.7176416 -0.6963133
vn -0.7097985 -0.450977 -0.5411154
vn -0.7097985 -0.450977 -0.5411154
vn -0.7568569 -0.6470539 -0.09213487
vn -0.5921522 -0.6705831 0.446849
vn -0.7097985 -0.1137246 0.6951639
vn -0.6470538 -0.1372539 0.7499885
vn -0.9686199 0.1058815 0.2248655
vn -0.9921492 -0.03529388 -0.119976
vn -0.7097985 -0.03529388 0.7035201
vn -0.7960722 0.5921522 0.1249989
vn -0.6392107 0.4509768 0.6229202
vn -0.1450969 0.9843061 0.1004409
vn -0.1058815 0.7019553 0.7043067
vn -0.7097985 -0.03529388 0.7035201
vn 0.01176465 -0.01176465 0.9998616
vn -0.7097985 -0.1137246 0.6951639
vn 0.01176465 -0.01176465 0.9998616
vn -0.6470538 -0.1372539 0.7499885
vn -0.8117584 0.5686231 -0.1331019
vn -0.9921492 0.003921509 -0.1249981
vn -0.86666 0.4823492 0.1274353
vn -0.9686199 0.2392138 -0.0674695
vn -0.7725431 0.2862723 0.5667675
vn -0.5450938 -0.8352877 -0.07188273
vn -0.5215646 -0.6078385 0.5987509
vn -0.5921522 -0.6705831 0.446849
vn -0.05091424 -0.998703 0
vn -0.1529399 0.9764631 0.1520831
vn 0.01176465 -0.01176465 0.9998616
vn 0.01176465 -0.01176465 0.9998616
vn 0.01176465 -0.01176465 0.9998616
vn 0.01176465 0.670583 0.7417412
vn 0.01176465 0.9921492 0.124505
vn 0.01176465 0.9921492 0.124505
vn -0.7725431 0.2862723 0.5667675
vn -0.5921522 -0.6705831 0.446849
vn -0.5215646 -0.6078385 0.5987509
vn 0.01176465 0.8431307 -0.53758
vn 0.01176465 0.7882292 -0.6152693
vn 0.01176465 0.8431307 -0.53758
vn 0.01176465 0.8352877 -0.5496873
vn 0.01960772 0.7568569 -0.6532864
vn 0.01176465 0.5686231 -0.8225141
vn 0.01176465 0.5372508 -0.8433405
vn 0.01176465 -0.4980354 -0.8670769
vn 0.01176465 -0.5058785 -0.8625245
vn 0.01176392 -0.9999309 0
vn 0.01176392 -0.9999309 0
vn -0.003921509 0.9921492 -0.1249981
vn 0.01176465 0.9372476 -0.3484659
vn 0.01176465 0.9921492 -0.124505
vn -0.003921509 0.9372476 -0.3486424
vn -0.003921509 0.9372476 -0.3486424
vn 0.01960772 0.9607769 -0.2766283
vn 0.01176465 0.9921492 -0.124505
vn 0.0274508 0.9921492 -0.1220098
vn 0.01176465 0.7019553 0.7121239
vn -0.003921509 0.6941123 0.7198561
vn -0.5921522 0.7254846 0.3507533
vn -0.5294076 0.01960766 -0.848141
vn -0.5686231 0.466663 -0.6774167
vn -0.7490138 0.2313707 0.6208429
vn 0.01176465 0.9058753 0.423381
vn 0.01176465 0.3647031 0.9310496
vn -0.7490138 0.2313707 0.6208429
vn 0.01176465 0.6078384 -0.7939736
vn -0.5294076 0.01960766 -0.848141
vn 0.01176465 0.06666613 -0.997706
vn -0.6862692 0.7176415 0.1184286
vn -0.7411708 -0.6627401 -0.1069651
vn -0.6784261 0.7254846 -0.1158017
vn -0.7411708 -0.6627401 -0.1069651
vn -0.6784261 0.6941123 -0.2407199
vn -0.7490138 -0.6392108 0.1743213
vn -0.6941123 0.6392107 -0.3310858
vn -0.7411708 -0.6156816 0.2675856
vn -0.6862692 0.5999954 -0.4111449
vn -0.7411708 -0.5764662 0.3440242
vn -0.7646999 -0.45882 0.452458
vn -0.670583 0.5058784 -0.5425914
vn -0.670583 0.3254876 -0.6666155
vn -0.7646999 -0.2941154 0.57335
vn -0.7568569 -0.1058816 0.6449471
vn -0.670583 0.1058815 -0.7342395
vn -0.5764661 -0.5921524 -0.5630652
vn -0.5921522 -0.5921524 0.5465449
vn 0.5843093 -0.5921524 -0.5549219
vn 0.5686231 -0.5843093 0.5790081
vn 0.4117616 -0.8274447 0.3818216
vn -0.06666613 -0.9686201 0.2394385
vn 0.7176416 -0.5999954 0.3535478
vn 0.7333277 -0.4901924 0.4711071
vn 0.7333277 -0.3176447 0.6011093
vn 0.6862693 0.3254876 -0.6504555
vn 0.6862693 0.5058784 -0.5226102
vn 0.7333277 -0.3176447 0.6011093
vn 0.7333277 -0.4901924 0.4711071
vn 0.7019554 0.6078384 -0.3712021
vn 0.7176416 -0.5999954 0.3535478
vn 0.450977 0.8117584 -0.3710365
vn 0.4117616 -0.8274447 0.3818216
vn 0.7333277 -0.1137246 0.6702963
vn 0.6862693 0.1058815 -0.7195997
vn 0.5843093 -0.5921524 -0.5549219
vn 0.5686231 -0.5843093 0.5790081
vn -0.6862692 0.5999954 -0.4111449
vn 0.450977 0.8117584 -0.3710365
vn -0.6784261 0.6941123 -0.2407199
vn 0.01176465 0.9529338 -0.3029502
vn 0.01176465 0.9921492 -0.124505
vn 0.01176465 0.9921492 0.124505
vn 0.01176465 0.9764631 0.2153636
vn -0.6941123 0.6941123 0.1908305
vn -0.7333276 -0.6705831 -0.1120216
vn -0.06651898 -0.9977852 0
vn -0.06666613 -0.9843062 -0.1633919
vn -0.05872193 -0.9982743 0
vn 0.7333277 -0.1137246 0.6702963
vn 0.5686231 -0.5843093 0.5790081
vn 0.5843093 -0.5921524 -0.5549219
vn -0.5764661 -0.5921524 -0.5630652
vn 0.003921568 -0.9999924 0
vn 0.01960772 -0.9137185 -0.4058744
vn 0.003921568 -0.9999924 0
vn 0.01176465 -0.3019585 -0.9532484
vn 0.01176465 -0.2549 -0.9668959
vn 0.01176465 -0.756857 0.6534747
vn -0.4509768 -0.6470539 0.6147692
vn 0.01176465 0.5215646 -0.8531307
vn 0.01176465 0.5215646 -0.8531307
vn 0.01176465 0.874503 -0.4848773
vn -0.4745061 0.6156815 -0.6291106
vn 0.01176465 0.874503 -0.4848773
vn 0.01176465 0.7097985 -0.7043065
vn 0.01176465 0.4980353 -0.8670769
vn -0.3568599 0.4196045 -0.8346155
vn 0.01176465 0.5137215 -0.8578764
vn -0.4745061 0.6156815 -0.6291106
vn -0.7411708 -0.2941154 0.6034583
vn -0.4509768 -0.6470539 0.6147692
vn -0.3568599 0.4196045 -0.8346155
vn 0.01176465 -0.5215647 0.8531306
vn -0.4509768 -0.6470539 0.6147692
vn -0.7411708 -0.2941154 0.6034583
vn 0.01176465 -0.756857 0.6534747
vn -0.7019553 -0.01176465 -0.7121239
vn -0.5686231 -0.5921524 0.5709846
vn -0.5764661 -0.5843093 -0.5712
vn -0.7019553 -0.01176465 0.7121239
vn 0.01176465 -0.01176465 0.9998616
vn -0.5686231 -0.5921524 0.5709846
vn -0.7019553 -0.01176465 0.7121239
vn 0.01176465 -0.7254847 0.6881378
vn -0.5764661 -0.5843093 -0.5712
vn 0.01176465 -0.7254847 0.6881378
vn 0.01176465 -0.7097985 -0.7043065
vn -0.5686231 -0.5921524 0.5709846
vn -0.7019553 -0.01176465 -0.7121239
vn 0.01176465 -0.7097985 -0.7043065
vn 0.01176465 -0.01176465 -0.9998616
vn -0.5764661 -0.5843093 -0.5712
vn 0.01176465 0.7019553 -0.7121239
vn 0.01176465 -0.7176416 -0.6963133
vn 0.01176465 -0.7176416 -0.6963133
vn 0.01176465 0.7019553 -0.7121239
vn 0.01176465 0.7019553 0.7121239
vn 0.01176465 0.7019553 0.7121239
vn 0.01176465 -0.7176416 0.6963133
vn 0.01176465 -0.7176416 0.6963133
vn 0.01176465 -0.7176416 -0.6963133
vn 0.01176465 -0.7176416 -0.6963133
vn -0.8901892 -0.3882324 -0.238409
vn -0.6392107 -0.6470539 -0.4156091
vn -0.9137185 -0.3333308 -0.2323987
vn -0.9294046 -0.2313708 -0.2875319
vn -0.6670228 -0.7450373 0
vn -0.8636371 -0.504114 0
vn -0.66274 -0.7411708 0.1069651
vn -0.874503 -0.4745062 0.1004407
vn -0.6156815 -0.5921524 0.519896
vn -0.8980323 -0.35686 0.2572719
vn -0.9215615 -0.1843123 0.3416919
vn -0.6470538 -0.2156847 0.7313012
vn -0.6670228 -0.7450373 0
vn -0.9215615 -0.1843123 0.3416919
vn -0.6156815 -0.5921524 0.519896
vn -0.6392107 -0.6470539 -0.4156091
vn -0.9294046 -0.2313708 -0.2875319
vn -0.66274 -0.7411708 0.1069651
vn -0.7301457 -0.6832916 0
vn -0.5686231 -0.6156816 -0.5455309
vn 0.003921568 -0.9999924 0
vn 0.01176465 -0.7490139 -0.6624498
vn -0.9999923 -0.003921568 -0.0003442513
vn -0.5686231 -0.6156816 -0.5455309
vn -0.7019553 -0.0274508 -0.7116918
vn -0.9215615 -0.1843123 0.3416919
vn 0.654897 0.6862692 -0.3164563
vn -0.4509768 0.6784261 -0.5799637
vn 0.450977 0.6784261 -0.5799636
vn -0.66274 0.6784261 -0.3170389
vn -0.6392107 0.7490138 0.1743217
vn 0.6459423 0.7633862 0
vn -0.6470538 0.5450938 0.5330986
vn 0.6705831 0.5686231 0.4764305
vn -0.4901923 0.45882 0.7410774
vn 0.5215647 0.4745061 0.7090939
vn 0.6459423 0.7633862 0
vn 0.9999924 0.003921509 0
vn 0.6705831 0.5686231 0.4764305
vn 0.9999924 0.003921509 0
vn 0.5215647 0.4745061 0.7090939
vn 0.9999924 0.003921509 0
vn 0.450977 0.6784261 -0.5799636
vn 0.9999924 0.003921509 0
vn 0.654897 0.6862692 -0.3164563
vn -0.66274 0.6784261 -0.3170389
vn -0.9921492 -0.0274508 0.1220096
vn -0.9921492 -0.0274508 0.1220096
vn -0.6392107 0.7490138 0.1743217
vn -0.4509768 0.6784261 -0.5799637
vn -0.9921492 -0.0274508 0.1220096
vn -0.9921492 -0.0274508 0.1220096
vn -0.6470538 0.5450938 0.5330986
vn -0.4901923 0.45882 0.7410774
vn -0.07450914 0.4039184 0.9117556
vn -0.2392138 -0.0274508 0.9705788
vn -0.1686261 0.1058815 0.9799767
vn -0.07450914 0.03529382 0.9965956
vn -0.1294107 -0.01176465 0.9915213
vn -0.1764692 -0.05098003 0.9829851
vn -0.1764692 -0.05098003 0.9829851
vn -0.4745061 -0.03529388 0.8795443
vn -0.4980353 -0.04313695 0.8660831
vn -0.4352907 0.3098015 0.8453077
vn -0.1686261 0.1058815 0.9799767
vn 0.01176465 0.4901923 0.8715349
vn 0.145097 0.7882292 0.5980314
vn -0.1294107 0.8352877 0.5343663
vn -0.07450914 0.03529382 0.9965956
vn 0.05098003 -0.1137246 0.9922035
vn 0.1137246 -0.6941124 0.7108268
vn 0.01176465 0.4117615 0.9112157
vn 0.01176465 0.8823462 0.4704539
vn 0.09803849 0.9372476 -0.3345973
vn 0.05098003 0.7960722 -0.6030506
vn 0.3411739 0.9372476 0.07188356
vn 0.01176465 0.8352877 -0.5496873
vn -0.01960766 0.9058753 0.4230903
vn 0.01176465 0.9764631 -0.2153636
vn -0.3176446 0.8823462 0.3472279
vn -0.4980353 0.5999954 -0.6260722
vn -0.7411708 0.3176446 0.5914117
vn -0.7568569 -0.01960772 0.6532864
vn -0.8901892 0.0901953 -0.4465736
vn -0.8823462 0.2941153 0.3673711
vn -0.6313677 -0.7176416 0.2938799
vn -0.3647031 -0.6705831 0.6459953
vn 0.1137246 -0.6941124 0.7108268
vn -0.1294107 -0.01176465 0.9915213
vn -0.874503 0.1529399 -0.4602758
vn -0.003921509 -0.6784262 -0.7346581
vn 0.15294 -0.9137185 0.3764675
vn 0.01176465 -0.8980324 -0.4397721
vn -0.08235228 -0.6941124 -0.7151406
vn -0.003921509 -0.6784262 -0.7346581
vn 0.01176465 -0.8509739 0.5250762
vn 0.01176465 -0.1843123 0.9827973
vn 0.01176465 -0.8980324 -0.4397721
vn -0.003921509 -0.6784262 -0.7346581
vn 0.01176465 0.1764692 -0.9842358
vn 0.01176465 -0.8980324 -0.4397721
vn -0.874503 0.1529399 -0.4602758
vn 0.01176465 0.4901923 0.8715349
vn 0.145097 0.7882292 0.5980314
vn -0.08235228 -0.6941124 -0.7151406
vn -0.874503 0.1529399 -0.4602758
vn 0.9966261 -0.08207512 0
vn 0.9926914 -0.1206802 0
vn 0.9982743 -0.05872205 0
vn 0.9990709 -0.04309721 0
vn 0.9999309 -0.01176392 0
vn 0.9993777 -0.03527218 0
vn 0.9999924 -0.003921568 0
vn 0.9999924 -0.003921568 0
vn -0.9921492 -0.01176465 -0.124505
vn -0.9921492 0.03529382 -0.119976
vn -0.9921492 0.02745068 -0.1220097
vn -0.9999923 -0.003921568 -0.0003442513
vn -0.9921492 0.08235228 -0.09411696
vn -0.9921492 0.07450914 0.1004405
vn -0.9843061 0.1450969 -0.1004411
vn -0.9921492 0.05097997 0.1141969
vn 0.01176465 0.7097985 0.7043065
vn 0.01176465 0.9921492 -0.124505
vn 0.01176465 0.7097985 0.7043065
vn 0.01176465 0.9921492 -0.124505
vn 0.01176465 0.1921554 0.981294
vn 0.01176465 0.1921554 0.981294
vn 0.01176465 -0.01176465 0.9998616
vn 0.01176465 -0.01176465 0.9998616
vn 0.01176465 -0.7803862 0.6251872
vn 0.01176465 -0.7803862 0.6251872
vn 0.01176465 0.6235245 -0.7817153
vn 0.01176465 0.6235245 -0.7817153
vn 0.01176465 0.003921509 -0.9999231
vn 0.01176465 0.003921509 -0.9999231
vn 0.01176465 -0.1294108 -0.9915212
vn 0.01176465 -0.1294108 -0.9915212
vn 0.01176465 -0.6627401 -0.7487571
vn 0.01176465 -0.6627401 -0.7487571
vn 0.01176465 -0.7803862 0.6251872
vn 0.01176465 -0.7803862 0.6251872
vn 0.05098003 0.7960722 -0.6030506
vn 0.09803849 0.9372476 -0.3345973
vn 0.01176465 0.1764692 -0.9842358
vn 0.01176465 0.8352877 -0.5496873
vn 0.01176465 0.9764631 -0.2153636
vn 0.01176465 0.1764692 -0.9842358
vn -0.4980353 0.5999954 -0.6260722
vn 0.003921568 -0.9999924 0
vn 0.003921568 -0.9999924 0
vn 0.003921568 -0.9999924 0
vn -0.003921509 -0.9999924 0
vn 0.003921568 -0.9999924 0
vn 0.003921568 -0.9999924 0
vn 0.9999309 -0.01176392 0
vn 0.9999924 -0.003921568 0
vn 0.9999309 -0.01176392 0
vn 0.9999924 -0.003921568 0
vn 0.9999924 -0.003921568 0
vn 0.9999924 -0.003921568 0
vn 0.9999924 -0.003921568 0
vn 0.9993777 -0.03527218 0
vn 0.9996234 -0.02744067 0
vn 0.998703 -0.0509143 0
vn -0.9921492 0.003921509 0.1249981
vn -0.9921492 0.003921509 0.1249981
vn -0.9921492 -0.01176465 0.124505
vn -0.9921492 -0.01176465 0.124505
vn -0.9921492 -0.01176465 0.124505
vn -0.9921492 -0.01176465 0.124505
vn -0.9921492 -0.01176465 0.124505
vn -0.9921492 0.02745068 0.1220097
vn -0.9921492 0.04313684 0.1173845
vn -0.9921492 0.01960766 -0.1235129
vn -0.9921492 -0.01960772 -0.1235129
vn -0.9921492 -0.01960772 -0.1235129
vn -0.9921492 -0.01176465 -0.124505
vn -0.9921492 -0.01176465 -0.124505
vn -0.9921492 -0.01176465 -0.124505
vn -0.9921492 -0.01176465 -0.124505
vn -0.9921492 -0.01176465 -0.124505
vn -0.9921492 -0.04313695 -0.1173844
vn -0.9921492 -0.05882311 -0.1103619
vn -0.9921492 -0.03529388 -0.119976
vn 0.9999924 0.003921509 0
vn 0.9999924 -0.003921568 0
vn 0.9999924 0.003921509 0
vn 0.9999924 -0.003921568 0
vn 0.9999924 -0.003921568 0
vn 0.9999924 -0.003921568 0
vn 0.9999924 -0.003921568 0
vn 0.9998079 0.01960405 0
vn 0.9999309 0.0117638 0
vn 0.9993777 0.03527213 0
vn -0.5529369 0.8274446 -0.09796064
vn 0.6078385 0.003921509 0.794051
vn -0.5529369 -0.01176465 0.8331401
vn 0.6078385 0.003921509 0.794051
vn -0.5529369 0.8274446 -0.09796064
vn 0.6156816 0.7803861 -0.1092414
vn 0.5752995 -0.8179428 0
vn -0.5529369 -0.01176465 0.8331401
vn -0.5686231 -0.8196016 -0.07014997
vn -0.5686231 -0.01176465 -0.8225141
vn 0.5843093 -0.0274508 -0.8110667
vn 0.6156816 0.7803861 -0.1092414
vn 0.6078385 0.003921509 0.794051
vn 0.5752995 -0.8179428 0
vn 0.5843093 -0.0274508 -0.8110667
vn -0.5686231 -0.01176465 -0.8225141
vn -0.5686231 -0.8196016 -0.07014997
vn 0.5752995 -0.8179428 0
vn 0.5663631 0.8241558 0
vn -0.5921522 0.003921509 0.8058166
vn -0.6078384 0.7882292 -0.0960584
vn -0.566363 -0.8241559 0
vn 0.5686231 -0.01176465 0.8225141
vn 0.5805008 -0.8142596 0
vn 0.5843093 -0.01176465 -0.8114458
vn -0.5686231 -0.0274508 -0.82214
vn -0.6078384 0.7882292 -0.0960584
vn -0.5921522 0.003921509 0.8058166
vn -0.566363 -0.8241559 0
vn -0.5921522 0.003921509 0.8058166
vn 0.5663631 0.8241558 0
vn 0.5686231 -0.01176465 0.8225141
vn -0.5686231 -0.0274508 -0.82214
vn 0.5805008 -0.8142596 0
vn 0.5843093 -0.01176465 -0.8114458
vn -0.566363 -0.8241559 0
vn 0.003921568 0.9999923 -0.000345267
vn 0.003921568 0.9999923 -0.000345267
vn 0.003921568 0.9999923 -0.000345267
vn 0.003921568 0.9999923 -0.000345267
vn 0.003921568 0.9999923 -0.000345267
vn 0.003921568 0.9999923 -0.000345267
vn 0.003921568 0.9999923 -0.000345267
vn 0.003921568 0.9999923 -0.000345267
vn 0.6470539 0.1999984 -0.7357458
vn -0.9450908 -0.05098003 -0.3228071
vn -0.9058753 -0.3098016 -0.2888129
vn 0.2078416 -0.01176465 0.9780918
vn 0.08235234 0.01960766 0.9964104
vn -0.874503 -0.3019585 -0.3795596
vn 0.7803862 0.2392138 -0.5777318
vn 0.08235234 0.01960766 0.9964104
vn 0.2078416 -0.01176465 0.9780918
vn 0.349017 0.1137246 0.9301903
vn 0.6470539 -0.552937 -0.524959
vn -0.7725431 -0.5843093 -0.2485153
vn 0.349017 0.1137246 0.9301903
vn 0.08235234 0.01960766 0.9964104
vn 0.2156847 -0.56078 0.7993785
vn 0.2156847 -0.56078 0.7993785
vn 0.349017 0.1137246 0.9301903
vn 0.6470539 0.1999984 -0.7357458
vn 0.7490139 0.02745068 -0.6619854
vn 0.6470539 0.1999984 -0.7357458
vn 0.2078416 -0.01176465 0.9780918
vn 0.2156847 -0.56078 0.7993785
vn 0.6470539 -0.552937 -0.524959
vn -0.7725431 -0.5843093 -0.2485153
vn 0.6470539 0.1999984 -0.7357458
vn -0.9450908 -0.05098003 -0.3228071
vn -0.9058753 -0.3098016 -0.2888129
vn 0.08235234 0.01960766 0.9964104
vn -0.874503 -0.3019585 -0.3795596
vn 0.7803862 0.2392138 -0.5777318
vn 0.08235234 0.01960766 0.9964104
vn 0.349017 0.1137246 0.9301903
vn 0.6470539 -0.552937 -0.524959
vn -0.7725431 -0.5843093 -0.2485153
vn 0.349017 0.1137246 0.9301903
vn 0.08235234 0.01960766 0.9964104
vn 0.2156847 0.003921509 0.9764552
vn 0.2156847 -0.56078 0.7993785
vn 0.2156847 -0.56078 0.7993785
vn 0.349017 0.1137246 0.9301903
vn 0.6470539 0.1999984 -0.7357458
vn 0.7490139 0.02745068 -0.6619854
vn 0.6470539 0.1999984 -0.7357458
vn 0.2156847 0.003921509 0.9764552
vn 0.2156847 0.003921509 0.9764552
vn 0.08235234 0.01960766 0.9964104
vn -0.7725431 -0.5843093 -0.2485153
vn 0.2156847 -0.56078 0.7993785
vn 0.6470539 -0.552937 -0.524959
vn 0.003921568 0.9999923 -0.000345267
vn 0.003921568 0.9999923 -0.000345267
vn 0.003921568 0.9999923 -0.000345267
vn 0.003921568 0.9999923 -0.000345267
vn 0.003921568 0.9999923 -0.000345267
vn 0.003921568 0.9999923 -0.000345267
vn 0.003921568 0.9999923 -0.000345267
vn 0.003921568 0.9999923 -0.000345267
vn -0.6313677 0.1999984 -0.7492499
vn 0.960777 -0.05098003 -0.2725961
vn -0.7333276 0.02745068 -0.679321
vn -0.6313677 0.1999984 -0.7492499
vn 0.9215616 -0.3098016 -0.2339812
vn 0.8901893 -0.3019585 -0.3411511
vn -0.7646999 0.2392138 -0.59834
vn -0.06666613 0.01960766 0.9975827
vn -0.3333308 0.1137246 0.935926
vn -0.6313677 -0.552937 -0.5437238
vn 0.7882293 -0.5843093 -0.1930732
vn -0.3333308 0.1137246 0.935926
vn -0.06666613 0.01960766 0.9975827
vn -0.1999984 -0.56078 0.8034466
vn -0.1999984 -0.56078 0.8034466
vn -0.3333308 0.1137246 0.935926
vn 0.9215616 -0.3098016 -0.2339812
vn -0.1921554 -0.01176465 0.981294
vn 0.9215616 -0.3098016 -0.2339812
vn -0.06666613 0.01960766 0.9975827
vn 0.8901893 -0.3019585 -0.3411511
vn -0.1921554 -0.01176465 0.981294
vn -0.6313677 0.1999984 -0.7492499
vn -0.1921554 -0.01176465 0.981294
vn -0.06666613 0.01960766 0.9975827
vn -0.1999984 -0.56078 0.8034466
vn 0.7882293 -0.5843093 -0.1930732
vn -0.6313677 -0.552937 -0.5437238
vn -0.6313677 0.1999984 -0.7492499
vn 0.960777 -0.05098003 -0.2725961
vn -0.7333276 0.02745068 -0.679321
vn -0.06666613 0.01960766 0.9975827
vn -0.1999984 0.003921509 0.9797884
vn -0.06666613 0.01960766 0.9975827
vn 0.9215616 -0.3098016 -0.2339812
vn 0.8901893 -0.3019585 -0.3411511
vn -0.1999984 0.003921509 0.9797884
vn -0.6313677 0.1999984 -0.7492499
vn 0.8901893 -0.3019585 -0.3411511
vn -0.3333308 0.1137246 0.935926
vn 0.7882293 -0.5843093 -0.1930732
vn -0.6313677 -0.552937 -0.5437238
vn -0.7646999 0.2392138 -0.59834
vn -0.6313677 0.1999984 -0.7492499
vn 0.9215616 -0.3098016 -0.2339812
vn 0.960777 -0.05098003 -0.2725961
vn -0.06666613 0.01960766 0.9975827
vn -0.3333308 0.1137246 0.935926
vn -0.1999984 -0.56078 0.8034466
vn -0.1999984 -0.56078 0.8034466
vn -0.3333308 0.1137246 0.935926
vn -0.1999984 0.003921509 0.9797884
vn -0.06666613 0.01960766 0.9975827
vn 0.7882293 -0.5843093 -0.1930732
vn -0.6313677 -0.552937 -0.5437238
vn -0.1999984 -0.56078 0.8034466
vn 0.1058816 -0.6862693 0.7195996
vn 0.6235247 -0.5921524 -0.5104631
vn 0.1058816 -0.6862693 -0.7195996
vn 0.6235247 -0.5921524 0.5104631
vn 0.1058816 0.670583 0.7342394
vn 0.6235247 0.5764661 -0.5281135
vn 0.6235247 0.5764661 0.5281135
vn 0.1058816 0.670583 -0.7342394
vn 0.1058816 -0.6862693 0.7195996
vn 0.6235247 -0.5921524 0.5104631
vn 0.6235247 -0.5921524 -0.5104631
vn 0.1058816 -0.6862693 -0.7195996
vn 0.6235247 0.5764661 -0.5281135
vn 0.1058816 0.670583 -0.7342394
vn -0.6078384 -0.5921524 -0.5290445
vn -0.0901953 -0.6862693 0.7217335
vn -0.0901953 -0.6862693 -0.7217335
vn -0.6078384 -0.5921524 0.5290445
vn -0.6078384 0.5764661 -0.5460947
vn -0.0901953 0.670583 0.7363309
vn -0.6078384 0.5764661 0.5460947
vn -0.0901953 0.670583 -0.7363309
vn -0.0901953 -0.6862693 0.7217335
vn -0.6078384 -0.5921524 0.5290445
vn -0.6078384 -0.5921524 -0.5290445
vn -0.0901953 -0.6862693 -0.7217335
vn -0.6078384 0.5764661 -0.5460947
vn -0.0901953 0.670583 -0.7363309
vn 0.3647031 -0.7019554 0.6117599
vn -0.7646999 0.6235245 0.1626382
vn 0.2784293 0.7097985 0.6470419
vn -0.6832914 -0.7301458 0
vn 0.8666601 -0.349017 -0.3564934
vn 0.858817 0.4196045 -0.29388
vn -0.1450969 0.5058784 -0.850314
vn -0.1372538 -0.4431339 -0.8858858
vn 0.858817 0.4196045 -0.29388
vn 0.8666601 -0.349017 -0.3564934
vn 0.3647031 -0.7019554 0.6117599
vn -0.1372538 -0.4431339 -0.8858858
vn -0.6832914 -0.7301458 0
vn 0.8666601 -0.349017 -0.3564934
vn -0.7646999 0.6235245 0.1626382
vn 0.858817 0.4196045 -0.29388
vn 0.2784293 0.7097985 0.6470419
vn -0.1450969 0.5058784 -0.850314
vn -0.4352907 0.7176415 0.5436108
vn 0.4666631 -0.8196016 0.3323835
vn 0.8039154 -0.145097 0.5767727
vn 0.03529388 0.9921492 0.1199759
vn 0.2235277 0.9372476 -0.2675859
vn 0.2235277 0.9372476 -0.2675859
vn -0.7176415 -0.5686231 -0.4020678
vn -0.3803892 0.3882322 -0.8393925
vn -0.7176415 -0.5686231 -0.4020678
vn -0.2941153 -0.8431308 -0.4501406
vn -0.6313677 -0.35686 0.6884953
vn -0.4431338 -0.3725462 0.8153782
vn -0.7176415 -0.5686231 -0.4020678
vn -0.4352907 0.7176415 0.5436108
vn -0.7097985 -0.2784293 -0.6470419
vn -0.7882292 -0.09019542 -0.608736
vn 0.03529388 0.9921492 0.1199759
vn 0.2235277 0.9372476 -0.2675859
vn 0.2235277 0.9372476 -0.2675859
vn -0.6313677 -0.35686 0.6884953
vn -0.4431338 -0.3725462 0.8153782
vn -0.3019584 0.8196015 0.4869029
vn -0.3803892 0.3882322 -0.8393925
vn 0.8039154 -0.145097 0.5767727
vn -0.7882292 -0.09019542 -0.608736
vn -0.7097985 -0.2784293 -0.6470419
vn 0.4666631 -0.8196016 0.3323835
vn -0.2235277 0.5764661 -0.7859531
vn -0.003921509 -0.3725462 -0.9280053
vn 0.6078385 -0.3411739 -0.7170305
vn -0.003921509 0.9294046 -0.3690416
vn 0.01176465 -0.9921493 0.1245045
vn 0.6078385 -0.7647001 0.2139304
vn 0.01176465 0.1999984 0.9797256
vn -0.2862723 -0.1607831 0.9445618
vn 0.7803862 -0.09019542 0.6187586
vn 0.756857 0.4745061 -0.4494568
vn -0.5450938 0.2156845 -0.8101561
vn -0.2235277 0.5764661 -0.7859531
vn -0.5607799 -0.5137216 0.6493196
vn 0.552937 0.2078415 0.8068845
vn 0.5372508 0.7960722 -0.2786225
vn -0.3882322 -0.7803862 0.4901766
vn 0.1999985 0.9607769 -0.1921152
vn 0.2078416 0.3725461 0.9044397
vn -0.1372538 -0.8980324 0.4179704
vn -0.4039184 -0.01176465 -0.9147193
vn -0.5450938 0.2156845 -0.8101561
vn -0.1450969 -0.145097 -0.9787204
vn -0.003921509 0.9294046 -0.3690416
vn -0.2862723 -0.1607831 0.9445618
vn -0.2235277 0.5764661 -0.7859531
vn -0.5450938 0.2156845 -0.8101561
vn -0.5607799 -0.5137216 0.6493196
vn -0.3882322 -0.7803862 0.4901766
vn -0.4039184 -0.01176465 -0.9147193
vn -0.1450969 -0.145097 -0.9787204
vn -0.1372538 -0.8980324 0.4179704
vn -0.003921509 0.9294046 -0.3690416
vn -0.5921522 -0.3411739 -0.7300385
vn -0.003921509 -0.3725462 -0.9280053
vn -0.5921522 -0.3411739 -0.7300385
vn 0.2549 0.5607799 -0.7877511
vn 0.01176465 -0.9921493 0.1245045
vn -0.5921522 -0.7647001 0.2541449
vn 0.01176465 0.1999984 0.9797256
vn 0.3019585 -0.1607831 0.9396648
vn -0.7646999 -0.09019542 0.638043
vn -0.7411708 0.4745061 -0.4748787
vn 0.56078 0.2156845 -0.7993785
vn 0.2549 0.5607799 -0.7877511
vn 0.5764662 -0.5137216 0.6354343
vn -0.5372508 0.2078415 0.8174127
vn -0.5215646 0.7960722 -0.3069843
vn 0.56078 0.2156845 -0.7993785
vn 0.4196047 -0.01960772 -0.9074951
vn 0.4039185 -0.7803862 0.4773334
vn -0.1843122 0.9607769 -0.2072117
vn 0.1607831 -0.145097 -0.9762662
vn -0.1921554 0.3725461 0.9079018
vn 0.15294 -0.8980324 0.4124891
vn 0.3019585 -0.1607831 0.9396648
vn -0.003921509 0.9294046 -0.3690416
vn 0.2549 0.5607799 -0.7877511
vn 0.56078 0.2156845 -0.7993785
vn 0.5764662 -0.5137216 0.6354343
vn 0.4039185 -0.7803862 0.4773334
vn 0.4196047 -0.01960772 -0.9074951
vn 0.1607831 -0.145097 -0.9762662
vn 0.15294 -0.8980324 0.4124891
vn -0.1843122 0.9607769 -0.2072117
vn -0.1450969 -0.145097 -0.9787204
vn 0.1999985 0.9607769 -0.1921152
vn 0.1607831 -0.145097 -0.9762662
vn -0.1921554 0.3725461 0.9079018
vn 0.2078416 0.3725461 0.9044397
vn 0.15294 -0.8980324 0.4124891
vn -0.1372538 -0.8980324 0.4179704
vn -0.1450969 -0.145097 -0.9787204
vn 0.1607831 -0.145097 -0.9762662
vn -0.7960722 0.06666613 0.6015186
vn -0.1607831 0.7882292 0.5940064
vn -0.3333308 -0.7411708 0.5827147
vn 0.7019554 0.3960754 0.5919315
vn 0.6156816 -0.5450939 0.569042
vn -0.7960722 0.06666613 -0.6015186
vn -0.1607831 0.7882292 0.5940064
vn -0.7960722 0.06666613 0.6015186
vn -0.1607831 0.7882292 -0.5940064
vn 0.7019554 0.3960754 0.5919315
vn 0.7019554 0.3960754 -0.5919315
vn 0.6156816 -0.5450939 0.569042
vn 0.6156816 -0.5450939 -0.569042
vn -0.3333308 -0.7411708 -0.5827147
vn -0.3333308 -0.7411708 0.5827147
vn -0.7960722 0.06666613 -0.6015186
vn -0.7960722 0.06666613 0.6015186
vn -0.7960722 0.06666613 -0.6015186
vn -0.3333308 -0.7411708 -0.5827147
vn -0.1607831 0.7882292 -0.5940064
vn 0.7019554 0.3960754 -0.5919315
vn 0.6156816 -0.5450939 -0.569042
vn 0.8117585 0.06666613 0.5801756
vn 0.349017 -0.7411708 0.5734571
vn 0.1764693 0.7882292 0.5895365
vn -0.6862692 0.3960754 0.6100483
vn -0.5999954 -0.5450939 0.5855581
vn 0.8117585 0.06666613 -0.5801756
vn 0.1764693 0.7882292 0.5895365
vn 0.1764693 0.7882292 -0.5895365
vn 0.8117585 0.06666613 0.5801756
vn -0.6862692 0.3960754 0.6100483
vn -0.6862692 0.3960754 -0.6100483
vn -0.5999954 -0.5450939 0.5855581
vn -0.5999954 -0.5450939 -0.5855581
vn 0.349017 -0.7411708 -0.5734571
vn 0.349017 -0.7411708 0.5734571
vn 0.8117585 0.06666613 -0.5801756
vn 0.8117585 0.06666613 0.5801756
vn 0.8117585 0.06666613 -0.5801756
vn 0.1764693 0.7882292 -0.5895365
vn 0.349017 -0.7411708 -0.5734571
vn -0.6862692 0.3960754 -0.6100483
vn -0.5999954 -0.5450939 -0.5855581
g mx_qingJieChe1_cheshen_0
f 3/3/3 2/2/2 1/1/1
f 4/4/4 1/1/1 2/2/2
f 4/4/4 5/5/5 1/1/1
f 6/6/6 1/1/1 5/5/5
f 5/5/5 7/7/7 6/6/6
f 8/8/8 6/6/6 7/7/7
f 7/7/7 9/9/9 8/8/8
f 10/10/10 8/8/8 9/9/9
f 9/9/9 11/11/11 10/10/10
f 12/12/12 10/10/10 11/11/11
f 12/12/12 11/11/11 13/13/13
f 14/14/14 13/13/13 11/11/11
f 8/8/8 15/15/15 6/6/6
f 8/8/8 10/10/10 15/15/15
f 16/16/16 6/6/6 15/15/15
f 6/6/6 16/16/16 1/1/1
f 16/16/16 15/15/15 17/17/17
f 16/16/16 17/17/17 18/18/18
f 17/17/17 19/19/19 18/18/18
f 20/20/20 18/18/18 19/19/19
f 18/18/18 20/20/20 21/21/21
f 18/18/18 21/21/21 16/16/16
f 22/22/22 21/21/21 20/20/20
f 21/21/21 22/22/22 23/23/23
f 24/24/24 23/23/23 22/22/22
f 22/22/22 25/25/25 24/24/24
f 24/24/24 26/26/26 23/23/23
f 27/27/27 23/23/23 26/26/26
f 28/28/28 16/16/16 21/21/21
f 28/28/28 1/1/1 16/16/16
f 3/3/3 1/1/1 28/28/28
f 23/23/23 29/29/29 21/21/21
f 28/28/28 21/21/21 29/29/29
f 28/28/28 29/29/29 30/30/30
f 3/3/3 28/28/28 30/30/30
f 31/31/31 29/29/29 23/23/23
f 26/26/26 32/32/32 27/27/27
f 25/25/25 22/22/22 33/33/33
f 20/20/20 33/33/33 22/22/22
f 25/25/25 34/34/34 24/24/24
f 26/26/26 24/24/24 34/34/34
f 32/32/32 26/26/26 35/35/35
f 34/34/34 35/35/35 26/26/26
f 30/30/30 29/29/29 36/36/36
f 30/30/30 36/36/36 3/3/3
f 37/37/37 36/36/36 29/29/29
f 29/29/29 38/38/38 37/37/37
f 39/39/39 3/3/3 36/36/36
f 37/37/37 39/39/39 36/36/36
f 40/40/40 38/38/38 29/29/29
f 38/38/38 40/40/40 41/41/41
f 41/41/41 43/43/43 42/42/42
f 44/44/44 42/42/42 43/43/43
f 45/45/45 42/42/42 32/32/32
f 20/20/20 19/19/19 33/33/33
f 46/46/46 33/33/33 19/19/19
f 19/19/19 47/47/47 46/46/46
f 19/19/19 17/17/17 47/47/47
f 48/48/48 47/47/47 17/17/17
f 47/47/47 48/48/48 49/49/49
f 17/17/17 50/50/50 48/48/48
f 50/50/50 17/17/17 15/15/15
f 50/50/50 15/15/15 10/10/10
f 50/50/50 12/12/12 48/48/48
f 12/12/12 50/50/50 10/10/10
f 13/13/13 49/49/49 48/48/48
f 13/13/13 48/48/48 12/12/12
f 51/51/51 46/46/46 47/47/47
f 49/49/49 13/13/13 52/52/52
f 52/52/52 13/13/13 53/53/53
f 14/14/14 53/53/53 13/13/13
f 52/52/52 54/54/54 49/49/49
f 47/47/47 49/49/49 54/54/54
f 47/47/47 54/54/54 51/51/51
f 57/57/57 56/56/56 55/55/55
f 58/58/58 55/55/55 56/56/56
f 61/61/61 60/60/60 59/59/59
f 60/60/60 62/62/62 59/59/59
f 63/63/63 59/59/59 62/62/62
f 59/59/59 63/63/63 64/64/64
f 65/65/65 64/64/64 63/63/63
f 66/66/66 64/64/64 65/65/65
f 66/66/66 67/67/67 64/64/64
f 61/61/61 59/59/59 67/67/67
f 59/59/59 64/64/64 67/67/67
f 68/68/68 61/61/61 67/67/67
f 71/71/71 70/70/70 69/69/69
f 72/72/72 71/71/71 69/69/69
f 72/72/72 69/69/69 73/73/73
f 74/74/74 73/73/73 69/69/69
f 70/70/70 71/71/71 75/75/75
f 75/75/75 71/71/71 76/76/76
f 77/77/77 75/75/75 76/76/76
f 76/76/76 78/78/78 77/77/77
f 78/78/78 76/76/76 79/79/79
f 80/80/80 79/79/79 76/76/76
f 83/83/83 82/82/82 81/81/81
f 84/84/84 81/81/81 82/82/82
f 83/83/83 85/85/85 82/82/82
f 86/86/86 82/82/82 85/85/85
f 89/89/89 88/88/88 87/87/87
f 88/88/88 90/90/90 87/87/87
f 90/90/90 91/91/91 87/87/87
f 88/88/88 89/89/89 92/92/92
f 94/94/94 38/38/38 93/93/93
f 97/97/97 96/96/96 95/95/95
f 98/98/98 95/95/95 96/96/96
f 97/97/97 99/99/99 96/96/96
f 100/100/100 96/96/96 99/99/99
f 99/99/99 101/101/101 100/100/100
f 102/102/102 100/100/100 101/101/101
f 101/101/101 103/103/103 102/102/102
f 104/104/104 102/102/102 103/103/103
f 102/102/102 104/104/104 105/105/105
f 106/106/106 105/105/105 104/104/104
f 105/105/105 106/106/106 107/107/107
f 108/108/108 107/107/107 106/106/106
f 107/107/107 108/108/108 109/109/109
f 97/97/97 110/110/110 99/99/99
f 111/111/111 99/99/99 110/110/110
f 99/99/99 111/111/111 101/101/101
f 112/112/112 101/101/101 111/111/111
f 101/101/101 112/112/112 103/103/103
f 110/110/110 97/97/97 113/113/113
f 114/114/114 113/113/113 97/97/97
f 113/113/113 114/114/114 115/115/115
f 116/116/116 115/115/115 114/114/114
f 116/116/116 117/117/117 115/115/115
f 118/118/118 115/115/115 117/117/117
f 97/97/97 95/95/95 114/114/114
f 109/109/109 108/108/108 119/119/119
f 120/120/120 119/119/119 108/108/108
f 120/120/120 108/108/108 121/121/121
f 106/106/106 121/121/121 108/108/108
f 121/121/121 106/106/106 122/122/122
f 104/104/104 122/122/122 106/106/106
f 122/122/122 104/104/104 123/123/123
f 103/103/103 123/123/123 104/104/104
f 123/123/123 103/103/103 124/124/124
f 125/125/125 124/124/124 103/103/103
f 125/125/125 103/103/103 112/112/112
f 128/128/128 127/127/127 126/126/126
f 131/131/131 130/130/130 129/129/129
f 132/132/132 129/129/129 130/130/130
f 131/131/131 133/133/133 130/130/130
f 130/130/130 133/133/133 134/134/134
f 133/133/133 135/135/135 134/134/134
f 134/134/134 135/135/135 136/136/136
f 137/137/137 136/136/136 135/135/135
f 137/137/137 138/138/138 136/136/136
f 139/139/139 136/136/136 138/138/138
f 142/142/142 141/141/141 140/140/140
f 143/143/143 140/140/140 141/141/141
f 140/140/140 143/143/143 144/144/144
f 145/145/145 144/144/144 143/143/143
f 144/144/144 145/145/145 146/146/146
f 147/147/147 146/146/146 145/145/145
f 147/147/147 148/148/148 146/146/146
f 149/149/149 146/146/146 148/148/148
f 152/152/152 151/151/151 150/150/150
f 153/153/153 150/150/150 151/151/151
f 150/150/150 153/153/153 154/154/154
f 154/154/154 155/155/155 150/150/150
f 156/156/156 150/150/150 155/155/155
f 157/157/157 154/154/154 153/153/153
f 153/153/153 158/158/158 157/157/157
f 159/159/159 157/157/157 158/158/158
f 162/162/162 161/161/161 160/160/160
f 163/163/163 160/160/160 161/161/161
f 162/162/162 164/164/164 161/161/161
f 161/161/161 164/164/164 165/165/165
f 167/167/167 166/166/166 163/163/163
f 168/168/168 163/163/163 166/166/166
f 170/170/170 168/168/168 169/169/169
f 171/171/171 169/169/169 168/168/168
f 160/160/160 173/173/173 172/172/172
f 174/174/174 172/172/172 173/173/173
f 177/177/177 176/176/176 175/175/175
f 178/178/178 175/175/175 176/176/176
f 178/178/178 176/176/176 179/179/179
f 180/180/180 179/179/179 176/176/176
f 179/179/179 180/180/180 181/181/181
f 182/182/182 181/181/181 180/180/180
f 181/181/181 182/182/182 183/183/183
f 184/184/184 183/183/183 182/182/182
f 184/184/184 185/185/185 183/183/183
f 186/186/186 183/183/183 185/185/185
f 186/186/186 185/185/185 187/187/187
f 188/188/188 187/187/187 185/185/185
f 188/188/188 189/189/189 187/187/187
f 190/190/190 187/187/187 189/189/189
f 190/190/190 189/189/189 191/191/191
f 192/192/192 191/191/191 189/189/189
f 191/191/191 192/192/192 193/193/193
f 194/194/194 193/193/193 192/192/192
f 182/182/182 180/180/180 195/195/195
f 196/196/196 195/195/195 180/180/180
f 195/195/195 197/197/197 182/182/182
f 184/184/184 182/182/182 197/197/197
f 197/197/197 198/198/198 184/184/184
f 185/185/185 184/184/184 198/198/198
f 198/198/198 199/199/199 185/185/185
f 188/188/188 185/185/185 199/199/199
f 187/187/187 200/200/200 186/186/186
f 201/201/201 186/186/186 200/200/200
f 200/200/200 202/202/202 201/201/201
f 203/203/203 201/201/201 202/202/202
f 201/201/201 203/203/203 204/204/204
f 205/205/205 204/204/204 203/203/203
f 204/204/204 205/205/205 206/206/206
f 207/207/207 206/206/206 205/205/205
f 202/202/202 200/200/200 208/208/208
f 209/209/209 208/208/208 200/200/200
f 209/209/209 210/210/210 208/208/208
f 211/211/211 208/208/208 210/210/210
f 201/201/201 204/204/204 186/186/186
f 212/212/212 186/186/186 204/204/204
f 212/212/212 204/204/204 181/181/181
f 213/213/213 181/181/181 204/204/204
f 181/181/181 213/213/213 214/214/214
f 215/215/215 214/214/214 213/213/213
f 214/214/214 215/215/215 178/178/178
f 216/216/216 178/178/178 215/215/215
f 178/178/178 216/216/216 175/175/175
f 217/217/217 175/175/175 216/216/216
f 217/217/217 218/218/218 175/175/175
f 219/219/219 175/175/175 218/218/218
f 175/175/175 219/219/219 177/177/177
f 220/220/220 177/177/177 219/219/219
f 177/177/177 220/220/220 221/221/221
f 222/222/222 221/221/221 220/220/220
f 221/221/221 223/223/223 177/177/177
f 176/176/176 177/177/177 223/223/223
f 223/223/223 196/196/196 176/176/176
f 180/180/180 176/176/176 196/196/196
f 199/199/199 224/224/224 188/188/188
f 189/189/189 188/188/188 224/224/224
f 224/224/224 225/225/225 189/189/189
f 192/192/192 189/189/189 225/225/225
f 200/200/200 187/187/187 209/209/209
f 190/190/190 209/209/209 187/187/187
f 209/209/209 190/190/190 226/226/226
f 227/227/227 226/226/226 190/190/190
f 230/230/230 229/229/229 228/228/228
f 229/229/229 231/231/231 228/228/228
f 232/232/232 231/231/231 229/229/229
f 232/232/232 233/233/233 231/231/231
f 234/234/234 231/231/231 233/233/233
f 230/230/230 228/228/228 235/235/235
f 236/236/236 235/235/235 228/228/228
f 239/239/239 238/238/238 237/237/237
f 240/240/240 237/237/237 238/238/238
f 237/237/237 241/241/241 239/239/239
f 241/241/241 242/242/242 239/239/239
f 243/243/243 242/242/242 241/241/241
f 246/246/246 245/245/245 244/244/244
f 247/247/247 244/244/244 245/245/245
f 250/250/250 249/249/249 248/248/248
f 251/251/251 248/248/248 249/249/249
f 254/254/254 253/253/253 252/252/252
f 255/255/255 252/252/252 253/253/253
f 258/258/258 257/257/257 256/256/256
f 259/259/259 256/256/256 257/257/257
f 262/262/262 261/261/261 260/260/260
f 263/263/263 260/260/260 261/261/261
f 266/266/266 265/265/265 264/264/264
f 267/267/267 264/264/264 265/265/265
f 270/270/270 269/269/269 268/268/268
f 271/271/271 268/268/268 269/269/269
f 268/268/268 272/272/272 270/270/270
f 273/273/273 270/270/270 272/272/272
f 273/273/273 272/272/272 274/274/274
f 275/275/275 274/274/274 272/272/272
f 275/275/275 276/276/276 274/274/274
f 277/277/277 274/274/274 276/276/276
f 280/280/280 279/279/279 278/278/278
f 281/281/281 278/278/278 279/279/279
f 279/279/279 282/282/282 281/281/281
f 283/283/283 281/281/281 282/282/282
f 282/282/282 284/284/284 283/283/283
f 285/285/285 283/283/283 284/284/284
f 284/284/284 286/286/286 285/285/285
f 287/287/287 285/285/285 286/286/286
f 286/286/286 288/288/288 287/287/287
f 289/289/289 287/287/287 288/288/288
f 292/292/292 291/291/291 290/290/290
f 293/293/293 290/290/290 291/291/291
f 292/292/292 294/294/294 291/291/291
f 293/293/293 295/295/295 290/290/290
f 294/294/294 296/296/296 291/291/291
f 297/297/297 291/291/291 296/296/296
f 296/296/296 298/298/298 297/297/297
f 299/299/299 297/297/297 298/298/298
f 300/300/300 296/296/296 294/294/294
f 303/303/303 302/302/302 301/301/301
f 304/304/304 301/301/301 302/302/302
f 303/303/303 306/306/306 305/305/305
f 307/307/307 305/305/305 306/306/306
f 310/310/310 309/309/309 308/308/308
f 313/313/313 312/312/312 311/311/311
f 314/314/314 311/311/311 312/312/312
f 313/313/313 311/311/311 315/315/315
f 316/316/316 315/315/315 311/311/311
f 315/315/315 316/316/316 317/317/317
f 318/318/318 317/317/317 316/316/316
f 317/317/317 318/318/318 319/319/319
f 320/320/320 319/319/319 318/318/318
f 323/323/323 322/322/322 321/321/321
f 324/324/324 321/321/321 322/322/322
f 325/325/325 324/324/324 322/322/322
f 325/325/325 322/322/322 326/326/326
f 326/326/326 327/327/327 325/325/325
f 323/323/323 321/321/321 328/328/328
f 326/326/326 328/328/328 327/327/327
f 329/329/329 328/328/328 321/321/321
f 328/328/328 329/329/329 327/327/327
f 332/332/332 331/331/331 330/330/330
f 333/333/333 330/330/330 331/331/331
f 333/333/333 334/334/334 330/330/330
f 334/334/334 333/333/333 335/335/335
f 331/331/331 332/332/332 336/336/336
f 337/337/337 336/336/336 332/332/332
f 336/336/336 337/337/337 338/338/338
f 335/335/335 336/336/336 338/338/338
f 335/335/335 338/338/338 334/334/334
f 341/341/341 340/340/340 339/339/339
f 339/339/339 342/342/342 341/341/341
f 341/341/341 342/342/342 343/343/343
f 343/343/343 344/344/344 341/341/341
f 341/341/341 346/346/346 345/345/345
f 347/347/347 345/345/345 346/346/346
f 345/345/345 348/348/348 341/341/341
f 349/349/349 341/341/341 348/348/348
f 350/350/350 339/339/339 349/349/349
f 349/349/349 348/348/348 350/350/350
f 351/351/351 350/350/350 348/348/348
f 348/348/348 352/352/352 351/351/351
f 353/353/353 339/339/339 350/350/350
f 350/350/350 354/354/354 353/353/353
f 355/355/355 353/353/353 354/354/354
f 356/356/356 354/354/354 350/350/350
f 356/356/356 350/350/350 357/357/357
f 351/351/351 352/352/352 358/358/358
f 358/358/358 359/359/359 351/351/351
f 351/351/351 359/359/359 360/360/360
f 360/360/360 359/359/359 361/361/361
f 357/357/357 362/362/362 361/361/361
f 350/350/350 362/362/362 357/357/357
f 360/360/360 362/362/362 350/350/350
f 361/361/361 362/362/362 360/360/360
f 361/361/361 363/363/363 357/357/357
f 352/352/352 364/364/364 358/358/358
f 364/364/364 365/365/365 358/358/358
f 366/366/366 365/365/365 364/364/364
f 366/366/366 364/364/364 348/348/348
f 364/364/364 352/352/352 348/348/348
f 348/348/348 367/367/367 366/366/366
f 368/368/368 366/366/366 367/367/367
f 366/366/366 368/368/368 365/365/365
f 367/367/367 369/369/369 368/368/368
f 367/367/367 347/347/347 369/369/369
f 370/370/370 369/369/369 347/347/347
f 347/347/347 371/371/371 370/370/370
f 371/371/371 347/347/347 346/346/346
f 372/372/372 371/371/371 346/346/346
f 346/346/346 373/373/373 372/372/372
f 370/370/370 374/374/374 369/369/369
f 371/371/371 372/372/372 375/375/375
f 376/376/376 375/375/375 372/372/372
f 377/377/377 375/375/375 376/376/376
f 371/371/371 378/378/378 370/370/370
f 379/379/379 378/378/378 371/371/371
f 367/367/367 345/345/345 347/347/347
f 348/348/348 345/345/345 367/367/367
f 376/376/376 372/372/372 354/354/354
f 380/380/380 376/376/376 354/354/354
f 354/354/354 381/381/381 380/380/380
f 376/376/376 380/380/380 382/382/382
f 356/356/356 381/381/381 354/354/354
f 355/355/355 373/373/373 353/353/353
f 374/374/374 383/383/383 369/369/369
f 369/369/369 383/383/383 368/368/368
f 384/384/384 383/383/383 374/374/374
f 385/385/385 383/383/383 384/384/384
f 386/386/386 383/383/383 385/385/385
f 368/368/368 383/383/383 365/365/365
f 388/388/388 387/387/387 360/360/360
f 390/390/390 389/389/389 370/370/370
f 393/393/393 392/392/392 391/391/391
f 391/391/391 394/394/394 393/393/393
f 395/395/395 393/393/393 394/394/394
f 394/394/394 396/396/396 395/395/395
f 396/396/396 394/394/394 397/397/397
f 398/398/398 397/397/397 394/394/394
f 401/401/401 400/400/400 399/399/399
f 402/402/402 399/399/399 400/400/400
f 403/403/403 402/402/402 400/400/400
f 400/400/400 404/404/404 403/403/403
f 405/405/405 403/403/403 404/404/404
f 406/406/406 405/405/405 404/404/404
f 409/409/409 408/408/408 407/407/407
f 410/410/410 407/407/407 408/408/408
f 407/407/407 410/410/410 411/411/411
f 412/412/412 411/411/411 410/410/410
f 411/411/411 412/412/412 413/413/413
f 414/414/414 413/413/413 412/412/412
f 413/413/413 414/414/414 415/415/415
f 416/416/416 415/415/415 414/414/414
f 408/408/408 409/409/409 417/417/417
f 418/418/418 417/417/417 409/409/409
f 417/417/417 418/418/418 419/419/419
f 420/420/420 419/419/419 418/418/418
f 419/419/419 420/420/420 421/421/421
f 422/422/422 421/421/421 420/420/420
f 421/421/421 422/422/422 423/423/423
f 424/424/424 423/423/423 422/422/422
f 423/423/423 424/424/424 425/425/425
f 426/426/426 425/425/425 424/424/424
f 429/429/429 428/428/428 427/427/427
f 427/427/427 428/428/428 430/430/430
f 430/430/430 428/428/428 431/431/431
f 432/432/432 428/428/428 429/429/429
f 435/435/435 434/434/434 433/433/433
f 436/436/436 433/433/433 434/434/434
f 433/433/433 436/436/436 437/437/437
f 438/438/438 437/437/437 436/436/436
f 441/441/441 440/440/440 439/439/439
f 442/442/442 439/439/439 440/440/440
f 442/442/442 440/440/440 443/443/443
f 444/444/444 443/443/443 440/440/440
f 443/443/443 444/444/444 445/445/445
f 446/446/446 445/445/445 444/444/444
f 445/445/445 446/446/446 447/447/447
f 448/448/448 447/447/447 446/446/446
f 447/447/447 448/448/448 449/449/449
f 450/450/450 449/449/449 448/448/448
f 450/450/450 451/451/451 449/449/449
f 452/452/452 449/449/449 451/451/451
f 446/446/446 444/444/444 453/453/453
f 446/446/446 453/453/453 448/448/448
f 454/454/454 453/453/453 444/444/444
f 444/444/444 440/440/440 454/454/454
f 453/453/453 454/454/454 455/455/455
f 455/455/455 454/454/454 456/456/456
f 455/455/455 456/456/456 457/457/457
f 458/458/458 457/457/457 456/456/456
f 456/456/456 459/459/459 458/458/458
f 456/456/456 454/454/454 459/459/459
f 460/460/460 458/458/458 459/459/459
f 459/459/459 461/461/461 460/460/460
f 462/462/462 460/460/460 461/461/461
f 463/463/463 460/460/460 462/462/462
f 462/462/462 461/461/461 464/464/464
f 465/465/465 464/464/464 461/461/461
f 466/466/466 459/459/459 454/454/454
f 466/466/466 454/454/454 440/440/440
f 440/440/440 441/441/441 466/466/466
f 466/466/466 467/467/467 459/459/459
f 461/461/461 459/459/459 467/467/467
f 467/467/467 466/466/466 468/468/468
f 466/466/466 441/441/441 468/468/468
f 467/467/467 469/469/469 461/461/461
f 464/464/464 465/465/465 470/470/470
f 458/458/458 460/460/460 471/471/471
f 463/463/463 471/471/471 460/460/460
f 464/464/464 472/472/472 462/462/462
f 463/463/463 462/462/462 472/472/472
f 472/472/472 464/464/464 473/473/473
f 470/470/470 473/473/473 464/464/464
f 468/468/468 474/474/474 467/467/467
f 474/474/474 468/468/468 441/441/441
f 475/475/475 467/467/467 474/474/474
f 476/476/476 467/467/467 475/475/475
f 441/441/441 477/477/477 474/474/474
f 477/477/477 475/475/475 474/474/474
f 478/478/478 467/467/467 476/476/476
f 478/478/478 476/476/476 479/479/479
f 481/481/481 479/479/479 480/480/480
f 480/480/480 482/482/482 481/481/481
f 483/483/483 470/470/470 480/480/480
f 484/484/484 457/457/457 471/471/471
f 458/458/458 471/471/471 457/457/457
f 457/457/457 484/484/484 485/485/485
f 457/457/457 485/485/485 455/455/455
f 486/486/486 455/455/455 485/485/485
f 486/486/486 485/485/485 487/487/487
f 488/488/488 455/455/455 486/486/486
f 455/455/455 488/488/488 453/453/453
f 488/488/488 448/448/448 453/453/453
f 450/450/450 488/488/488 486/486/486
f 488/488/488 450/450/450 448/448/448
f 487/487/487 451/451/451 486/486/486
f 486/486/486 451/451/451 450/450/450
f 489/489/489 485/485/485 484/484/484
f 451/451/451 487/487/487 490/490/490
f 490/490/490 491/491/491 451/451/451
f 452/452/452 451/451/451 491/491/491
f 485/485/485 492/492/492 487/487/487
f 490/490/490 487/487/487 492/492/492
f 492/492/492 485/485/485 489/489/489
f 495/495/495 494/494/494 493/493/493
f 496/496/496 493/493/493 494/494/494
f 499/499/499 498/498/498 497/497/497
f 498/498/498 500/500/500 497/497/497
f 500/500/500 501/501/501 497/497/497
f 502/502/502 500/500/500 498/498/498
f 497/497/497 503/503/503 499/499/499
f 502/502/502 498/498/498 504/504/504
f 505/505/505 504/504/504 498/498/498
f 498/498/498 499/499/499 505/505/505
f 506/506/506 505/505/505 499/499/499
f 499/499/499 503/503/503 506/506/506
f 509/509/509 508/508/508 507/507/507
f 508/508/508 510/510/510 507/507/507
f 510/510/510 511/511/511 507/507/507
f 512/512/512 507/507/507 511/511/511
f 508/508/508 509/509/509 513/513/513
f 508/508/508 513/513/513 514/514/514
f 513/513/513 515/515/515 514/514/514
f 516/516/516 514/514/514 515/515/515
f 516/516/516 517/517/517 514/514/514
f 518/518/518 514/514/514 517/517/517
f 513/513/513 519/519/519 515/515/515
f 515/515/515 519/519/519 516/516/516
f 512/512/512 520/520/520 507/507/507
f 521/521/521 513/513/513 509/509/509
f 519/519/519 513/513/513 521/521/521
f 522/522/522 516/516/516 519/519/519
f 516/516/516 522/522/522 523/523/523
f 524/524/524 523/523/523 522/522/522
f 525/525/525 521/521/521 509/509/509
f 520/520/520 525/525/525 507/507/507
f 525/525/525 509/509/509 507/507/507
f 528/528/528 527/527/527 526/526/526
f 529/529/529 526/526/526 527/527/527
f 528/528/528 526/526/526 530/530/530
f 531/531/531 530/530/530 526/526/526
f 534/534/534 533/533/533 532/532/532
f 532/532/532 533/533/533 535/535/535
f 535/535/535 533/533/533 536/536/536
f 534/534/534 532/532/532 537/537/537
f 476/476/476 539/539/539 538/538/538
f 542/542/542 541/541/541 540/540/540
f 543/543/543 540/540/540 541/541/541
f 543/543/543 541/541/541 544/544/544
f 545/545/545 544/544/544 541/541/541
f 544/544/544 545/545/545 546/546/546
f 547/547/547 546/546/546 545/545/545
f 546/546/546 547/547/547 548/548/548
f 549/549/549 548/548/548 547/547/547
f 547/547/547 550/550/550 549/549/549
f 551/551/551 549/549/549 550/550/550
f 550/550/550 552/552/552 551/551/551
f 553/553/553 551/551/551 552/552/552
f 553/553/553 552/552/552 554/554/554
f 543/543/543 544/544/544 555/555/555
f 556/556/556 555/555/555 544/544/544
f 544/544/544 546/546/546 556/556/556
f 557/557/557 556/556/556 546/546/546
f 546/546/546 548/548/548 557/557/557
f 555/555/555 558/558/558 543/543/543
f 559/559/559 543/543/543 558/558/558
f 558/558/558 560/560/560 559/559/559
f 561/561/561 559/559/559 560/560/560
f 561/561/561 560/560/560 562/562/562
f 563/563/563 562/562/562 560/560/560
f 564/564/564 557/557/557 548/548/548
f 554/554/554 565/565/565 553/553/553
f 566/566/566 553/553/553 565/565/565
f 566/566/566 567/567/567 553/553/553
f 551/551/551 553/553/553 567/567/567
f 567/567/567 568/568/568 551/551/551
f 549/549/549 551/551/551 568/568/568
f 568/568/568 569/569/569 549/549/549
f 548/548/548 549/549/549 569/569/569
f 564/564/564 548/548/548 570/570/570
f 569/569/569 570/570/570 548/548/548
f 543/543/543 559/559/559 540/540/540
f 573/573/573 572/572/572 571/571/571
f 576/576/576 575/575/575 574/574/574
f 577/577/577 574/574/574 575/575/575
f 577/577/577 575/575/575 578/578/578
f 578/578/578 575/575/575 579/579/579
f 580/580/580 578/578/578 579/579/579
f 579/579/579 581/581/581 580/580/580
f 582/582/582 580/580/580 581/581/581
f 582/582/582 581/581/581 583/583/583
f 584/584/584 583/583/583 581/581/581
f 587/587/587 586/586/586 585/585/585
f 588/588/588 585/585/585 586/586/586
f 585/585/585 589/589/589 587/587/587
f 590/590/590 587/587/587 589/589/589
f 589/589/589 591/591/591 590/590/590
f 592/592/592 590/590/590 591/591/591
f 592/592/592 591/591/591 593/593/593
f 594/594/594 593/593/593 591/591/591
f 597/597/597 596/596/596 595/595/595
f 598/598/598 595/595/595 596/596/596
f 595/595/595 599/599/599 597/597/597
f 599/599/599 595/595/595 600/600/600
f 601/601/601 600/600/600 595/595/595
f 602/602/602 597/597/597 599/599/599
f 597/597/597 602/602/602 603/603/603
f 604/604/604 603/603/603 602/602/602
f 607/607/607 606/606/606 605/605/605
f 608/608/608 605/605/605 606/606/606
f 607/607/607 609/609/609 606/606/606
f 610/610/610 606/606/606 609/609/609
f 609/609/609 611/611/611 610/610/610
f 612/612/612 610/610/610 611/611/611
f 611/611/611 613/613/613 612/612/612
f 614/614/614 612/612/612 613/613/613
f 614/614/614 613/613/613 615/615/615
f 616/616/616 615/615/615 613/613/613
f 616/616/616 617/617/617 615/615/615
f 618/618/618 615/615/615 617/617/617
f 618/618/618 617/617/617 619/619/619
f 620/620/620 619/619/619 617/617/617
f 620/620/620 621/621/621 619/619/619
f 622/622/622 619/619/619 621/621/621
f 621/621/621 623/623/623 622/622/622
f 624/624/624 622/622/622 623/623/623
f 612/612/612 625/625/625 610/610/610
f 626/626/626 610/610/610 625/625/625
f 614/614/614 627/627/627 612/612/612
f 625/625/625 612/612/612 627/627/627
f 615/615/615 628/628/628 614/614/614
f 627/627/627 614/614/614 628/628/628
f 618/618/618 629/629/629 615/615/615
f 628/628/628 615/615/615 629/629/629
f 617/617/617 616/616/616 630/630/630
f 631/631/631 630/630/630 616/616/616
f 630/630/630 631/631/631 632/632/632
f 633/633/633 632/632/632 631/631/631
f 631/631/631 634/634/634 633/633/633
f 635/635/635 633/633/633 634/634/634
f 634/634/634 636/636/636 635/635/635
f 637/637/637 635/635/635 636/636/636
f 632/632/632 638/638/638 630/630/630
f 639/639/639 630/630/630 638/638/638
f 639/639/639 638/638/638 640/640/640
f 641/641/641 640/640/640 638/638/638
f 631/631/631 616/616/616 634/634/634
f 642/642/642 634/634/634 616/616/616
f 642/642/642 611/611/611 634/634/634
f 643/643/643 634/634/634 611/611/611
f 611/611/611 644/644/644 643/643/643
f 645/645/645 643/643/643 644/644/644
f 644/644/644 607/607/607 645/645/645
f 646/646/646 645/645/645 607/607/607
f 607/607/607 605/605/605 646/646/646
f 647/647/647 646/646/646 605/605/605
f 647/647/647 605/605/605 648/648/648
f 649/649/649 648/648/648 605/605/605
f 605/605/605 608/608/608 649/649/649
f 650/650/650 649/649/649 608/608/608
f 608/608/608 651/651/651 650/650/650
f 652/652/652 650/650/650 651/651/651
f 651/651/651 608/608/608 653/653/653
f 606/606/606 653/653/653 608/608/608
f 653/653/653 606/606/606 626/626/626
f 610/610/610 626/626/626 606/606/606
f 619/619/619 654/654/654 618/618/618
f 629/629/629 618/618/618 654/654/654
f 654/654/654 619/619/619 655/655/655
f 622/622/622 655/655/655 619/619/619
f 620/620/620 617/617/617 639/639/639
f 630/630/630 639/639/639 617/617/617
f 639/639/639 656/656/656 620/620/620
f 657/657/657 620/620/620 656/656/656
f 660/660/660 659/659/659 658/658/658
f 658/658/658 659/659/659 661/661/661
f 659/659/659 662/662/662 661/661/661
f 658/658/658 663/663/663 660/660/660
f 664/664/664 660/660/660 663/663/663
f 662/662/662 665/665/665 661/661/661
f 666/666/666 661/661/661 665/665/665
f 669/669/669 668/668/668 667/667/667
f 670/670/670 667/667/667 668/668/668
f 671/671/671 670/670/670 668/668/668
f 672/672/672 671/671/671 668/668/668
f 673/673/673 671/671/671 672/672/672
f 676/676/676 675/675/675 674/674/674
f 677/677/677 674/674/674 675/675/675
f 680/680/680 679/679/679 678/678/678
f 681/681/681 678/678/678 679/679/679
f 684/684/684 683/683/683 682/682/682
f 685/685/685 682/682/682 683/683/683
f 688/688/688 687/687/687 686/686/686
f 689/689/689 686/686/686 687/687/687
f 692/692/692 691/691/691 690/690/690
f 693/693/693 690/690/690 691/691/691
f 696/696/696 695/695/695 694/694/694
f 697/697/697 694/694/694 695/695/695
f 700/700/700 699/699/699 698/698/698
f 701/701/701 698/698/698 699/699/699
f 701/701/701 702/702/702 698/698/698
f 703/703/703 698/698/698 702/702/702
f 702/702/702 704/704/704 703/703/703
f 705/705/705 703/703/703 704/704/704
f 705/705/705 704/704/704 706/706/706
f 707/707/707 706/706/706 704/704/704
f 710/710/710 709/709/709 708/708/708
f 711/711/711 708/708/708 709/709/709
f 709/709/709 710/710/710 712/712/712
f 713/713/713 712/712/712 710/710/710
f 712/712/712 713/713/713 714/714/714
f 715/715/715 714/714/714 713/713/713
f 714/714/714 715/715/715 716/716/716
f 717/717/717 716/716/716 715/715/715
f 716/716/716 717/717/717 718/718/718
f 719/719/719 718/718/718 717/717/717
f 722/722/722 721/721/721 720/720/720
f 723/723/723 720/720/720 721/721/721
f 724/724/724 723/723/723 721/721/721
f 725/725/725 722/722/722 720/720/720
f 724/724/724 721/721/721 726/726/726
f 727/727/727 726/726/726 721/721/721
f 726/726/726 727/727/727 728/728/728
f 729/729/729 728/728/728 727/727/727
f 726/726/726 730/730/730 724/724/724
f 733/733/733 732/732/732 731/731/731
f 736/736/736 735/735/735 734/734/734
f 737/737/737 734/734/734 735/735/735
f 737/737/737 738/738/738 734/734/734
f 739/739/739 734/734/734 738/738/738
f 738/738/738 740/740/740 739/739/739
f 741/741/741 739/739/739 740/740/740
f 740/740/740 742/742/742 741/741/741
f 743/743/743 741/741/741 742/742/742
f 746/746/746 745/745/745 744/744/744
f 747/747/747 744/744/744 745/745/745
f 746/746/746 748/748/748 745/745/745
f 745/745/745 748/748/748 749/749/749
f 750/750/750 749/749/749 748/748/748
f 747/747/747 751/751/751 744/744/744
f 751/751/751 749/749/749 750/750/750
f 752/752/752 744/744/744 751/751/751
f 752/752/752 751/751/751 750/750/750
f 755/755/755 754/754/754 753/753/753
f 756/756/756 753/753/753 754/754/754
f 757/757/757 755/755/755 753/753/753
f 755/755/755 757/757/757 758/758/758
f 754/754/754 759/759/759 756/756/756
f 760/760/760 756/756/756 759/759/759
f 760/760/760 759/759/759 761/761/761
f 759/759/759 758/758/758 761/761/761
f 761/761/761 758/758/758 757/757/757
f 764/764/764 763/763/763 762/762/762
f 765/765/765 762/762/762 763/763/763
f 765/765/765 763/763/763 766/766/766
f 767/767/767 766/766/766 763/763/763
f 763/763/763 769/769/769 768/768/768
f 770/770/770 768/768/768 769/769/769
f 769/769/769 763/763/763 771/771/771
f 772/772/772 771/771/771 763/763/763
f 762/762/762 773/773/773 772/772/772
f 771/771/771 772/772/772 773/773/773
f 773/773/773 774/774/774 771/771/771
f 775/775/775 771/771/771 774/774/774
f 762/762/762 776/776/776 773/773/773
f 777/777/777 773/773/773 776/776/776
f 776/776/776 778/778/778 777/777/777
f 777/777/777 779/779/779 773/773/773
f 773/773/773 779/779/779 780/780/780
f 775/775/775 774/774/774 781/781/781
f 782/782/782 781/781/781 774/774/774
f 782/782/782 774/774/774 783/783/783
f 782/782/782 783/783/783 784/784/784
f 785/785/785 780/780/780 784/784/784
f 785/785/785 773/773/773 780/780/780
f 785/785/785 783/783/783 773/773/773
f 785/785/785 784/784/784 783/783/783
f 786/786/786 784/784/784 780/780/780
f 787/787/787 775/775/775 781/781/781
f 788/788/788 787/787/787 781/781/781
f 788/788/788 789/789/789 787/787/787
f 787/787/787 789/789/789 771/771/771
f 775/775/775 787/787/787 771/771/771
f 790/790/790 771/771/771 789/789/789
f 789/789/789 791/791/791 790/790/790
f 791/791/791 789/789/789 788/788/788
f 792/792/792 790/790/790 791/791/791
f 770/770/770 790/790/790 792/792/792
f 792/792/792 793/793/793 770/770/770
f 794/794/794 770/770/770 793/793/793
f 770/770/770 794/794/794 768/768/768
f 794/794/794 795/795/795 768/768/768
f 796/796/796 768/768/768 795/795/795
f 797/797/797 793/793/793 792/792/792
f 795/795/795 794/794/794 798/798/798
f 798/798/798 799/799/799 795/795/795
f 798/798/798 800/800/800 799/799/799
f 801/801/801 794/794/794 793/793/793
f 801/801/801 802/802/802 794/794/794
f 769/769/769 790/790/790 770/770/770
f 769/769/769 771/771/771 790/790/790
f 795/795/795 799/799/799 777/777/777
f 799/799/799 803/803/803 777/777/777
f 804/804/804 777/777/777 803/803/803
f 803/803/803 799/799/799 805/805/805
f 804/804/804 779/779/779 777/777/777
f 796/796/796 778/778/778 776/776/776
f 807/807/807 806/806/806 801/801/801
f 807/807/807 808/808/808 806/806/806
f 807/807/807 801/801/801 809/809/809
f 807/807/807 809/809/809 792/792/792
f 807/807/807 792/792/792 791/791/791
f 807/807/807 791/791/791 788/788/788
f 811/811/811 810/810/810 783/783/783
f 813/813/813 812/812/812 793/793/793
f 816/816/816 815/815/815 814/814/814
f 814/814/814 815/815/815 817/817/817
f 818/818/818 817/817/817 815/815/815
f 819/819/819 817/817/817 818/818/818
f 819/819/819 820/820/820 817/817/817
f 821/821/821 817/817/817 820/820/820
f 824/824/824 823/823/823 822/822/822
f 825/825/825 822/822/822 823/823/823
f 824/824/824 826/826/826 823/823/823
f 823/823/823 826/826/826 827/827/827
f 828/828/828 827/827/827 826/826/826
f 828/828/828 829/829/829 827/827/827
f 832/832/832 831/831/831 830/830/830
f 833/833/833 830/830/830 831/831/831
f 830/830/830 834/834/834 832/832/832
f 835/835/835 832/832/832 834/834/834
f 834/834/834 836/836/836 835/835/835
f 837/837/837 835/835/835 836/836/836
f 836/836/836 838/838/838 837/837/837
f 839/839/839 837/837/837 838/838/838
f 831/831/831 840/840/840 833/833/833
f 841/841/841 833/833/833 840/840/840
f 840/840/840 842/842/842 841/841/841
f 843/843/843 841/841/841 842/842/842
f 842/842/842 844/844/844 843/843/843
f 845/845/845 843/843/843 844/844/844
f 844/844/844 846/846/846 845/845/845
f 847/847/847 845/845/845 846/846/846
f 846/846/846 848/848/848 847/847/847
f 849/849/849 847/847/847 848/848/848
f 852/852/852 851/851/851 850/850/850
f 852/852/852 850/850/850 853/853/853
f 855/855/855 853/853/853 854/854/854
f 855/855/855 856/856/856 851/851/851
f 859/859/859 858/858/858 857/857/857
f 860/860/860 857/857/857 858/858/858
f 857/857/857 861/861/861 859/859/859
f 862/862/862 859/859/859 861/861/861
f 865/865/865 864/864/864 863/863/863
f 866/866/866 864/864/864 865/865/865
f 866/866/866 867/867/867 864/864/864
f 867/867/867 868/868/868 864/864/864
f 869/869/869 868/868/868 867/867/867
f 865/865/865 863/863/863 870/870/870
f 871/871/871 865/865/865 870/870/870
f 863/863/863 872/872/872 870/870/870
f 875/875/875 874/874/874 873/873/873
f 875/875/875 876/876/876 874/874/874
f 877/877/877 876/876/876 875/875/875
f 878/878/878 877/877/877 875/875/875
f 878/878/878 879/879/879 877/877/877
f 873/873/873 874/874/874 880/880/880
f 881/881/881 873/873/873 880/880/880
f 874/874/874 882/882/882 880/880/880
f 885/885/885 884/884/884 883/883/883
f 885/885/885 886/886/886 884/884/884
f 887/887/887 886/886/886 885/885/885
f 888/888/888 887/887/887 885/885/885
f 888/888/888 889/889/889 887/887/887
f 883/883/883 884/884/884 890/890/890
f 891/891/891 883/883/883 890/890/890
f 884/884/884 892/892/892 890/890/890
f 895/895/895 894/894/894 893/893/893
f 896/896/896 894/894/894 895/895/895
f 896/896/896 897/897/897 894/894/894
f 897/897/897 898/898/898 894/894/894
f 899/899/899 898/898/898 897/897/897
f 895/895/895 893/893/893 900/900/900
f 901/901/901 895/895/895 900/900/900
f 893/893/893 902/902/902 900/900/900
f 905/905/905 904/904/904 903/903/903
f 908/908/908 907/907/907 906/906/906
f 906/906/906 910/910/910 909/909/909
f 910/910/910 911/911/911 909/909/909
f 911/911/911 910/910/910 912/912/912
f 907/907/907 912/912/912 910/910/910
f 912/912/912 907/907/907 913/913/913
f 914/914/914 913/913/913 907/907/907
f 914/914/914 915/915/915 913/913/913
f 916/916/916 913/913/913 915/915/915
f 919/919/919 918/918/918 917/917/917
f 919/919/919 917/917/917 920/920/920
f 923/923/923 922/922/922 921/921/921
f 925/925/925 922/922/922 924/924/924
f 926/926/926 925/925/925 924/924/924
f 921/921/921 925/925/925 927/927/927
f 926/926/926 927/927/927 925/925/925
f 927/927/927 928/928/928 921/921/921
f 929/929/929 921/921/921 928/928/928
f 929/929/929 928/928/928 930/930/930
f 931/931/931 930/930/930 928/928/928
f 934/934/934 933/933/933 932/932/932
f 937/937/937 936/936/936 935/935/935
f 935/935/935 936/936/936 938/938/938
f 941/941/941 940/940/940 939/939/939
f 942/942/942 939/939/939 940/940/940
f 945/945/945 944/944/944 943/943/943
f 946/946/946 943/943/943 944/944/944
f 949/949/949 948/948/948 947/947/947
f 948/948/948 949/949/949 950/950/950
f 951/951/951 950/950/950 949/949/949
f 949/949/949 947/947/947 952/952/952
f 949/949/949 952/952/952 951/951/951
f 953/953/953 952/952/952 947/947/947
f 947/947/947 954/954/954 953/953/953
f 954/954/954 947/947/947 955/955/955
f 956/956/956 953/953/953 954/954/954
f 953/953/953 957/957/957 952/952/952
f 958/958/958 952/952/952 957/957/957
f 952/952/952 958/958/958 959/959/959
f 959/959/959 960/960/960 952/952/952
f 961/961/961 959/959/959 958/958/958
f 957/957/957 953/953/953 962/962/962
f 963/963/963 962/962/962 953/953/953
f 965/965/965 964/964/964 948/948/948
f 965/965/965 967/967/967 966/966/966
f 970/970/970 969/969/969 968/968/968
f 973/973/973 972/972/972 971/971/971
f 973/973/973 974/974/974 972/972/972
f 973/973/973 971/971/971 975/975/975
f 973/973/973 975/975/975 974/974/974
f 976/976/976 975/975/975 971/971/971
f 971/971/971 977/977/977 976/976/976
f 978/978/978 976/976/976 977/977/977
f 976/976/976 979/979/979 975/975/975
f 980/980/980 975/975/975 979/979/979
f 975/975/975 980/980/980 981/981/981
f 981/981/981 982/982/982 975/975/975
f 983/983/983 972/972/972 982/982/982
f 984/984/984 981/981/981 980/980/980
f 979/979/979 976/976/976 985/985/985
f 986/986/986 985/985/985 976/976/976
f 988/988/988 987/987/987 972/972/972
f 988/988/988 990/990/990 989/989/989
f 992/992/992 971/971/971 991/991/991
f 995/995/995 994/994/994 993/993/993
f 998/998/998 997/997/997 996/996/996
f 999/999/999 996/996/996 997/997/997
f 1002/1002/1002 1001/1001/1001 1000/1000/1000
f 1003/1003/1003 1000/1000/1000 1001/1001/1001
f 1006/1006/1006 1005/1005/1005 1004/1004/1004
f 1008/1008/1008 1007/1007/1007 1005/1005/1005
f 1008/1008/1008 1009/1009/1009 1007/1007/1007
f 1010/1010/1010 1007/1007/1007 1009/1009/1009
f 1007/1007/1007 1010/1010/1010 1011/1011/1011
f 1012/1012/1012 1011/1011/1011 1010/1010/1010
f 1010/1010/1010 1009/1009/1009 1013/1013/1013
f 1014/1014/1014 1013/1013/1013 1009/1009/1009
f 1009/1009/1009 1015/1015/1015 1014/1014/1014
f 1015/1015/1015 1009/1009/1009 1016/1016/1016
f 1017/1017/1017 1014/1014/1014 1015/1015/1015
f 1013/1013/1013 1018/1018/1018 1010/1010/1010
f 1019/1019/1019 1010/1010/1010 1018/1018/1018
f 1005/1005/1005 1021/1021/1021 1020/1020/1020
f 1023/1023/1023 1022/1022/1022 1021/1021/1021
f 1022/1022/1022 1023/1023/1023 1024/1024/1024
f 1006/1006/1006 1026/1026/1026 1025/1025/1025
f 1028/1028/1028 1027/1027/1027 1007/1007/1007
f 1031/1031/1031 1030/1030/1030 1029/1029/1029
f 1034/1034/1034 1033/1033/1033 1032/1032/1032
f 1036/1036/1036 1035/1035/1035 1033/1033/1033
f 1038/1038/1038 1033/1033/1033 1037/1037/1037
f 1038/1038/1038 1037/1037/1037 1039/1039/1039
f 1034/1034/1034 1041/1041/1041 1040/1040/1040
f 1043/1043/1043 1042/1042/1042 1035/1035/1035
f 1042/1042/1042 1043/1043/1043 1044/1044/1044
f 1044/1044/1044 1045/1045/1045 1042/1042/1042
f 1046/1046/1046 1042/1042/1042 1045/1045/1045
f 1046/1046/1046 1047/1047/1047 1042/1042/1042
f 1048/1048/1048 1042/1042/1042 1047/1047/1047
f 1048/1048/1048 1047/1047/1047 1049/1049/1049
f 1047/1047/1047 1046/1046/1046 1050/1050/1050
f 1051/1051/1051 1050/1050/1050 1046/1046/1046
f 1052/1052/1052 1044/1044/1044 1043/1043/1043
f 1045/1045/1045 1053/1053/1053 1046/1046/1046
f 1054/1054/1054 1046/1046/1046 1053/1053/1053
f 1056/1056/1056 1055/1055/1055 1047/1047/1047
f 1059/1059/1059 1058/1058/1058 1057/1057/1057
f 1062/1062/1062 1061/1061/1061 1060/1060/1060
f 1063/1063/1063 1060/1060/1060 1061/1061/1061
f 1066/1066/1066 1065/1065/1065 1064/1064/1064
f 1067/1067/1067 1064/1064/1064 1065/1065/1065
f 1064/1064/1064 1068/1068/1068 1066/1066/1066
f 1069/1069/1069 1066/1066/1066 1068/1068/1068
f 1066/1066/1066 1069/1069/1069 1065/1065/1065
f 1070/1070/1070 1065/1065/1065 1069/1069/1069
f 1070/1070/1070 1071/1071/1071 1065/1065/1065
f 1073/1073/1073 1072/1072/1072 1071/1071/1071
f 1076/1076/1076 1075/1075/1075 1074/1074/1074
f 1077/1077/1077 1074/1074/1074 1075/1075/1075
f 1080/1080/1080 1079/1079/1079 1078/1078/1078
f 1081/1081/1081 1078/1078/1078 1079/1079/1079
f 1079/1079/1079 1080/1080/1080 1082/1082/1082
f 1083/1083/1083 1082/1082/1082 1080/1080/1080
f 1080/1080/1080 1078/1078/1078 1083/1083/1083
f 1084/1084/1084 1083/1083/1083 1078/1078/1078
f 1084/1084/1084 1078/1078/1078 1085/1085/1085
f 1087/1087/1087 1085/1085/1085 1086/1086/1086
f 1090/1090/1090 1089/1089/1089 1088/1088/1088
f 1091/1091/1091 1088/1088/1088 1089/1089/1089
f 1088/1088/1088 1092/1092/1092 1090/1090/1090
f 1093/1093/1093 1090/1090/1090 1092/1092/1092
f 1089/1089/1089 1094/1094/1094 1091/1091/1091
f 1095/1095/1095 1091/1091/1091 1094/1094/1094
f 1094/1094/1094 1096/1096/1096 1095/1095/1095
f 1097/1097/1097 1095/1095/1095 1096/1096/1096
f 1100/1100/1100 1099/1099/1099 1098/1098/1098
f 1101/1101/1101 1098/1098/1098 1099/1099/1099
f 1104/1104/1104 1103/1103/1103 1102/1102/1102
f 1105/1105/1105 1102/1102/1102 1103/1103/1103
f 1108/1108/1108 1107/1107/1107 1106/1106/1106
f 1109/1109/1109 1106/1106/1106 1107/1107/1107
f 1108/1108/1108 1106/1106/1106 1110/1110/1110
f 1112/1112/1112 1106/1106/1106 1111/1111/1111
f 1111/1111/1111 1113/1113/1113 1112/1112/1112
f 1115/1115/1115 1114/1114/1114 1113/1113/1113
f 1117/1117/1117 1116/1116/1116 1115/1115/1115
f 1118/1118/1118 1115/1115/1115 1116/1116/1116
f 1116/1116/1116 1119/1119/1119 1118/1118/1118
f 1121/1121/1121 1119/1119/1119 1120/1120/1120
f 1122/1122/1122 1120/1120/1120 1119/1119/1119
f 1121/1121/1121 1123/1123/1123 1119/1119/1119
f 1125/1125/1125 1124/1124/1124 1119/1119/1119
f 1125/1125/1125 1126/1126/1126 1124/1124/1124
f 1127/1127/1127 1124/1124/1124 1126/1126/1126
f 1127/1127/1127 1128/1128/1128 1124/1124/1124
f 1130/1130/1130 1129/1129/1129 1124/1124/1124
f 1130/1130/1130 1131/1131/1131 1129/1129/1129
f 1132/1132/1132 1129/1129/1129 1131/1131/1131
f 1135/1135/1135 1134/1134/1134 1133/1133/1133
f 1136/1136/1136 1133/1133/1133 1134/1134/1134
f 1134/1134/1134 1135/1135/1135 1137/1137/1137
f 1138/1138/1138 1137/1137/1137 1135/1135/1135
f 1137/1137/1137 1138/1138/1138 1139/1139/1139
f 1140/1140/1140 1139/1139/1139 1138/1138/1138
f 1138/1138/1138 1135/1135/1135 1141/1141/1141
f 1138/1138/1138 1141/1141/1141 1140/1140/1140
f 1142/1142/1142 1141/1141/1141 1135/1135/1135
f 1142/1142/1142 1135/1135/1135 1143/1143/1143
f 1144/1144/1144 1143/1143/1143 1135/1135/1135
f 1145/1145/1145 1140/1140/1140 1141/1141/1141
f 1141/1141/1141 1142/1142/1142 1146/1146/1146
f 1141/1141/1141 1146/1146/1146 1145/1145/1145
f 1147/1147/1147 1146/1146/1146 1142/1142/1142
f 1148/1148/1148 1145/1145/1145 1146/1146/1146
f 1147/1147/1147 1149/1149/1149 1146/1146/1146
f 1150/1150/1150 1146/1146/1146 1149/1149/1149
f 1146/1146/1146 1150/1150/1150 1148/1148/1148
f 1151/1151/1151 1148/1148/1148 1150/1150/1150
f 1147/1147/1147 1142/1142/1142 1152/1152/1152
f 1153/1153/1153 1152/1152/1152 1142/1142/1142
f 1152/1152/1152 1154/1154/1154 1147/1147/1147
f 1149/1149/1149 1147/1147/1147 1154/1154/1154
f 1139/1139/1139 1156/1156/1156 1155/1155/1155
f 1157/1157/1157 1155/1155/1155 1156/1156/1156
f 1157/1157/1157 1156/1156/1156 1158/1158/1158
f 1159/1159/1159 1158/1158/1158 1156/1156/1156
f 1159/1159/1159 1160/1160/1160 1158/1158/1158
f 1161/1161/1161 1158/1158/1158 1160/1160/1160
f 1161/1161/1161 1160/1160/1160 1162/1162/1162
f 1163/1163/1163 1162/1162/1162 1160/1160/1160
f 1166/1166/1166 1165/1165/1165 1164/1164/1164
f 1168/1168/1168 1164/1164/1164 1167/1167/1167
f 1166/1166/1166 1169/1169/1169 1167/1167/1167
f 1170/1170/1170 1167/1167/1167 1169/1169/1169
f 1169/1169/1169 1171/1171/1171 1170/1170/1170
f 1172/1172/1172 1170/1170/1170 1171/1171/1171
f 1170/1170/1170 1173/1173/1173 1167/1167/1167
f 1170/1170/1170 1172/1172/1172 1173/1173/1173
f 1174/1174/1174 1167/1167/1167 1173/1173/1173
f 1174/1174/1174 1175/1175/1175 1167/1167/1167
f 1176/1176/1176 1167/1167/1167 1175/1175/1175
f 1177/1177/1177 1173/1173/1173 1172/1172/1172
f 1173/1173/1173 1178/1178/1178 1174/1174/1174
f 1173/1173/1173 1177/1177/1177 1178/1178/1178
f 1179/1179/1179 1174/1174/1174 1178/1178/1178
f 1174/1174/1174 1179/1179/1179 1180/1180/1180
f 1181/1181/1181 1180/1180/1180 1179/1179/1179
f 1182/1182/1182 1178/1178/1178 1177/1177/1177
f 1179/1179/1179 1183/1183/1183 1181/1181/1181
f 1179/1179/1179 1178/1178/1178 1183/1183/1183
f 1184/1184/1184 1181/1181/1181 1183/1183/1183
f 1185/1185/1185 1183/1183/1183 1178/1178/1178
f 1178/1178/1178 1182/1182/1182 1185/1185/1185
f 1186/1186/1186 1185/1185/1185 1182/1182/1182
f 1171/1171/1171 1188/1188/1188 1187/1187/1187
f 1189/1189/1189 1187/1187/1187 1188/1188/1188
f 1189/1189/1189 1190/1190/1190 1187/1187/1187
f 1191/1191/1191 1187/1187/1187 1190/1190/1190
f 1191/1191/1191 1190/1190/1190 1192/1192/1192
f 1193/1193/1193 1192/1192/1192 1190/1190/1190
f 1193/1193/1193 1194/1194/1194 1192/1192/1192
f 1195/1195/1195 1192/1192/1192 1194/1194/1194
f 1198/1198/1198 1197/1197/1197 1196/1196/1196
f 1199/1199/1199 1196/1196/1196 1197/1197/1197
f 1196/1196/1196 1200/1200/1200 1198/1198/1198
f 1201/1201/1201 1198/1198/1198 1200/1200/1200
f 1200/1200/1200 1202/1202/1202 1201/1201/1201
f 1203/1203/1203 1201/1201/1201 1202/1202/1202
f 1203/1203/1203 1202/1202/1202 1204/1204/1204
f 1205/1205/1205 1204/1204/1204 1202/1202/1202
f 1208/1208/1208 1207/1207/1207 1206/1206/1206
f 1208/1208/1208 1209/1209/1209 1207/1207/1207
f 1208/1208/1208 1210/1210/1210 1209/1209/1209
f 1213/1213/1213 1212/1212/1212 1211/1211/1211
f 1214/1214/1214 1211/1211/1211 1212/1212/1212
f 1212/1212/1212 1215/1215/1215 1214/1214/1214
f 1216/1216/1216 1214/1214/1214 1215/1215/1215
f 1215/1215/1215 1217/1217/1217 1216/1216/1216
f 1218/1218/1218 1216/1216/1216 1217/1217/1217
f 1218/1218/1218 1217/1217/1217 1219/1219/1219
f 1220/1220/1220 1219/1219/1219 1217/1217/1217
f 1219/1219/1219 1220/1220/1220 1221/1221/1221
f 1222/1222/1222 1221/1221/1221 1220/1220/1220
f 1225/1225/1225 1224/1224/1224 1223/1223/1223
f 1226/1226/1226 1224/1224/1224 1225/1225/1225
f 1227/1227/1227 1224/1224/1224 1226/1226/1226
f 1230/1230/1230 1229/1229/1229 1228/1228/1228
f 1231/1231/1231 1229/1229/1229 1230/1230/1230
f 1232/1232/1232 1229/1229/1229 1231/1231/1231
f 1235/1235/1235 1234/1234/1234 1233/1233/1233
f 1236/1236/1236 1233/1233/1233 1234/1234/1234
f 1234/1234/1234 1235/1235/1235 1237/1237/1237
f 1238/1238/1238 1237/1237/1237 1235/1235/1235
f 1237/1237/1237 1238/1238/1238 1239/1239/1239
f 1240/1240/1240 1239/1239/1239 1238/1238/1238
f 1240/1240/1240 1241/1241/1241 1239/1239/1239
f 1242/1242/1242 1239/1239/1239 1241/1241/1241
f 1241/1241/1241 1243/1243/1243 1242/1242/1242
f 1244/1244/1244 1242/1242/1242 1243/1243/1243
f 1247/1247/1247 1246/1246/1246 1245/1245/1245
f 1247/1247/1247 1248/1248/1248 1246/1246/1246
f 1247/1247/1247 1249/1249/1249 1248/1248/1248
