g NPC_Nv_005
v 0.007389002 0.001394186 0.9064072
v 0.008526001 -0.004109817 0.9283473
v 0.03082849 -0.0577317 0.9064413
v 0.029369 -0.07540182 0.9375474
v 0 -0.004828815 0.9283634
v 0 -0.07898082 0.9331363
v 0.1200138 -0.09107635 0.9187699
v 0.05397358 -0.1008288 0.9629567
v 0 -0.1017378 0.9545333
v 0 -0.1102528 0.9994233
v 0.0750035 -0.1036378 1.009229
v 0 -0.1254198 1.079495
v 0.1151136 -0.0877154 1.090109
v 0.1524321 -0.08053082 0.9799004
v 0.193875 -0.01909181 0.9933774
v 0.1907084 -0.01910282 0.9271584
v 0.1641012 0.1014046 0.9975234
v 0.1640314 0.07256119 0.9263034
v 0.063682 0.1178529 0.9513984
v 0.06156619 0.08040579 0.9135154
v 0 0.05775032 0.948923
v 0.008526001 -0.004109817 0.9283473
v 0 -0.004828815 0.9283634
v 0.007389002 0.001394186 0.9064072
v 0.06194765 0.1407863 0.9952459
v 0.06041921 0.1449889 1.068164
v 0.1572417 0.09803811 1.062583
v 0.060208 0.1219944 1.114857
v 0 0.1144359 1.111737
v 0.1325798 0.07848073 1.114302
v 0.172158 -0.01189334 1.112151
v 0 0.1313145 0.9964873
v 0 0.09721414 0.9657914
v 0 0.1385152 1.060306
v 0.1871525 -0.01864733 1.054941
v 0.143416 -0.07999682 1.031519
v 0.077576 0.08700923 0.548897
v 0.120786 0.04952472 0.627417
v 0.052884 0.07007172 0.6275861
v 0.024966 0.03021523 0.554453
v 0.050635 0.0851102 0.8056616
v 0.0125785 0.01730623 0.6185945
v 0.008804998 0.0084412 0.8066456
v 0.007389002 0.001394186 0.9064072
v 0.06156619 0.08040579 0.9135154
v 0.142109 0.0686532 0.8055446
v 0.1680355 -0.0144333 0.8084786
v 0.1640314 0.07256119 0.9263034
v 0.1907084 -0.01910282 0.9271584
v 0.1039269 -0.08533086 0.8103741
v 0.1200138 -0.09107635 0.9187699
v 0.03082849 -0.0577317 0.9064413
v 0.022996 -0.0459288 0.8063176
v 0.008804998 0.0084412 0.8066456
v 0.0125785 0.01730623 0.6185945
v 0.007389002 0.001394186 0.9064072
v 0.1301035 0.002418723 0.622148
v 0.06581133 -0.04172602 0.6161058
v 0.130905 0.008873234 0.54254
v 0.0615515 -0.03927476 0.5555961
v 0.0612825 -0.02126077 0.5244865
v 0.137633 0.02653425 0.432343
v 0.054894 -0.0001927495 0.4235381
v 0.015943 0.04561925 0.432783
v 0.024966 0.03021523 0.554453
v 0.066173 0.006283278 0.191452
v 0.036988 0.03725227 0.194741
v 0.09625399 0.03300127 0.193211
v 0.034895 0.07026027 0.197814
v 0.134728 0.07564824 0.444464
v 0.09826399 0.07003627 0.196905
v 0.069503 0.08457027 0.199358
v 0.076234 0.1050652 0.377209
v 0.034895 0.07026027 0.197814
v 0.015943 0.04561925 0.432783
v 0.079285 0.1065822 0.470039
v 0.130387 0.06115123 0.547283
v 0.065232 0.0716723 0.000919038
v 0.056327 0.0544683 0.0003140363
v 0.072581 0.0568883 0.0002270365
v 0.030508 0.000201292 0.04225703
v 0.109118 -0.0246987 0.004314027
v 0.105865 -0.00264071 0.04225703
v 0.018029 -0.0318307 0.005287026
v 0.036949 0.04268129 0.08938403
v 0.102717 0.04295729 0.07437704
v 0.035129 0.05947628 0.08814903
v 0.087396 0.05187429 0.07755804
v 0.017176 -0.0796857 0.00102902
v 0.102752 -0.0820197 -0.00013798
v 0.080759 -0.1420377 0.01055101
v 0.037242 -0.1434647 0.01055101
v 0.06444 -0.03657071 0.129844
v 0.08628999 -0.0947497 0.05902102
v 0.029995 -0.09570071 0.06126902
v 0.078708 -0.1533667 0.04605301
v 0.080759 -0.1420377 0.01055101
v 0.021819 -0.01349271 0.102117
v 0.018029 -0.0318307 0.005287026
v 0.017176 -0.0796857 0.00102902
v 0.041491 -0.1548367 0.04752301
v 0.029995 -0.09570071 0.06126902
v 0.037242 -0.1434647 0.01055101
v 0.080759 -0.1420377 0.01055101
v 0.102752 -0.0820197 -0.00013798
v 0.109118 -0.0246987 0.004314027
v 0.066173 0.006283278 0.191452
v 0.036988 0.03725227 0.194741
v 0.099574 -0.01720972 0.100302
v 0.105865 -0.00264071 0.04225703
v 0.030508 0.000201292 0.04225703
v 0.031866 0.02590628 0.119096
v 0.027936 0.07093928 0.138857
v 0.034895 0.07026027 0.197814
v 0.065005 0.09748428 0.146261
v 0.069503 0.08457027 0.199358
v 0.09625399 0.03300127 0.193211
v 0.101809 0.03552528 0.12389
v 0.09826399 0.07003627 0.196905
v 0.101346 0.07674528 0.133746
v 0.065005 0.09748428 0.146261
v 0.069503 0.08457027 0.199358
v 0.102717 0.04295729 0.07437704
v 0.09954999 0.07093828 0.09026704
v 0.065348 0.09804229 0.09214704
v 0.07305574 0.07677329 0.03974007
v 0.078892 0.05654329 0.03988503
v 0.065232 0.0716723 0.000919038
v 0.072581 0.0568883 0.0002270365
v 0.087396 0.05187429 0.07755804
v 0.102717 0.04295729 0.07437704
v 0.080759 -0.1420377 0.01055101
v 0.078708 -0.1533667 0.04605301
v 0.07305574 0.07677329 0.03974007
v 0.035129 0.05947628 0.08814903
v 0.050015 0.05377629 0.03988803
v 0.065348 0.09804229 0.09214704
v 0.056327 0.0544683 0.0003140363
v 0.065232 0.0716723 0.000919038
v 0.036949 0.04268129 0.08938403
v 0.056327 0.0544683 0.0003140363
v 0.078892 0.05654329 0.03988503
v 0.072581 0.0568883 0.0002270365
v 0.050015 0.05377629 0.03988803
v 0.087396 0.05187429 0.07755804
v 0.035129 0.05947628 0.08814903
v 0.08070347 -0.1022918 1.193997
v 0 -0.1254198 1.079495
v 0 -0.1282368 1.185913
v 0.1151136 -0.0877154 1.090109
v 0.1243109 -0.01778885 1.21775
v 0.172158 -0.01189334 1.112151
v 0.08847568 -0.08114535 1.289654
v 0.1253728 -0.006251859 1.308574
v 0.1482172 0.01446807 1.38836
v 0 -0.1282499 1.279796
v 0.1011689 -0.07905408 1.341059
v 0.0512 -0.133626 1.342087
v 0 -0.1337899 1.347259
v 0.01788822 -0.145142 1.383219
v 0.05021189 -0.1729225 1.395174
v 0.04910265 -0.1735526 1.44167
v 0.1086358 -0.1754421 1.442649
v 0 -0.1326999 1.379633
v 0 -0.1324784 1.428182
v 0 -0.1188771 1.448857
v 0.04719954 -0.151159 1.466234
v 0 -0.1012364 1.477302
v 0.06143459 -0.1094954 1.496852
v 0.09352617 -0.151288 1.47482
v 0.05645 -0.08555577 1.517692
v 0.1057415 -0.1717421 1.39596
v 0.1478233 -0.1166577 1.465695
v 0.1254248 -0.09747138 1.493296
v 0.1436494 -0.07560966 1.461343
v 0.1558053 -0.1281403 1.429972
v 0.142983 -0.1380838 1.388847
v 0.1018265 -0.1278193 1.360832
v 0.1514798 -0.06295706 1.394449
v 0.1568916 -0.03065878 1.465682
v 0.149989 -0.0477769 1.506838
v 0.1111664 -0.0788661 1.518561
v 0.142566 -0.02998789 1.554105
v 0.1649417 -0.02229187 1.486004
v 0.057664 -0.05719889 1.552838
v 0.08571475 -0.02054789 1.591972
v 0.0453935 -0.008334394 1.61181
v 0.118591 0.0401671 1.610869
v 0.1822799 0.0428561 1.591197
v 0.186271 -0.02039588 1.525066
v 0.2088238 0.04710011 1.562517
v 0.159252 -0.00892787 1.414735
v 0.153453 0.03778712 1.467154
v 0.155352 0.03835712 1.46708
v 0.057903 0.03618511 1.63155
v 0.043037 0.0262511 1.663145
v 0.03912188 -0.0100459 1.667988
v 0.04147135 -0.02158638 1.685109
v 0.049754 0.0163021 1.703136
v 0 -0.03969777 1.64208
v 0 -0.03210652 1.60126
v 0 -0.05262188 1.553182
v 0 -0.07282688 1.511677
v 0 -0.03969777 1.64208
v 0 -0.05105002 1.657099
v 0 -0.03969777 1.64208
v -0.04147135 -0.02158638 1.685109
v -0.049754 0.0163021 1.703136
v -0.043037 0.0262511 1.663145
v -0.03912188 -0.0100459 1.667988
v -0.0453935 -0.008334394 1.61181
v -0.057903 0.03618511 1.63155
v -0.118591 0.0401671 1.610869
v -0.08571475 -0.02054789 1.591972
v -0.057664 -0.05719889 1.552838
v -0.142566 -0.02998789 1.554105
v -0.1822799 0.0428561 1.591197
v -0.186271 -0.02039588 1.525066
v -0.2088238 0.04710011 1.562517
v -0.149989 -0.0477769 1.506838
v -0.1111664 -0.0788661 1.518561
v -0.1254248 -0.09747138 1.493296
v -0.05645 -0.08555577 1.517692
v -0.06143459 -0.1094954 1.496852
v 0 -0.1012364 1.477302
v -0.04719954 -0.151159 1.466234
v 0 -0.1188771 1.448857
v -0.04910265 -0.1735526 1.44167
v -0.09352617 -0.151288 1.47482
v 0 -0.1324784 1.428182
v -0.1478233 -0.1166577 1.465695
v -0.1086358 -0.1754421 1.442649
v -0.05021189 -0.1729225 1.395174
v -0.01788822 -0.145142 1.383219
v 0 -0.1326999 1.379633
v -0.0512 -0.133626 1.342087
v 0 -0.1337899 1.347259
v 0 -0.1282499 1.279796
v -0.1057415 -0.1717421 1.39596
v -0.1558053 -0.1281403 1.429972
v -0.1436494 -0.07560966 1.461343
v -0.142983 -0.1380838 1.388847
v -0.1018265 -0.1278193 1.360832
v -0.1514798 -0.06295706 1.394449
v -0.1568916 -0.03065878 1.465682
v -0.1649417 -0.02229187 1.486004
v -0.1011689 -0.07905408 1.341059
v -0.08847568 -0.08114535 1.289654
v -0.1482172 0.01446807 1.38836
v -0.159252 -0.00892787 1.414735
v -0.1253728 -0.006251859 1.308574
v -0.1243109 -0.01778885 1.21775
v -0.153453 0.03778712 1.467154
v -0.155352 0.03835712 1.46708
v -0.08070347 -0.1022918 1.193997
v -0.1151136 -0.0877154 1.090109
v -0.172158 -0.01189334 1.112151
v 0 -0.1254198 1.079495
v 0 -0.1282368 1.185913
v 0.1325798 0.07848073 1.114302
v 0.172158 -0.01189334 1.112151
v 0.1243109 -0.01778885 1.21775
v 0.1017041 0.05537166 1.205677
v 0.05550282 0.06752115 1.199986
v 0.060208 0.1219944 1.114857
v 0 0.07080916 1.199119
v 0 0.1144359 1.111737
v 0.08408691 0.04395115 1.298371
v 0.1253728 -0.006251859 1.308574
v 0 0.06031714 1.29912
v 0 0.08097914 1.373244
v 0.1118742 0.06615913 1.37659
v 0.1482172 0.01446807 1.38836
v 0.062595 0.1246651 1.486633
v 0 0.1177151 1.484742
v 0.137207 0.1107041 1.489988
v 0 0.1217086 1.542661
v 0.061248 0.1269916 1.542485
v 0 0.1079601 1.599217
v 0.153453 0.03778712 1.467154
v 0.156385 0.1077671 1.489064
v 0.155352 0.03835712 1.46708
v 0.134675 0.1164936 1.546059
v 0.1198045 0.1048276 1.583426
v 0.16237 0.1014406 1.550328
v 0.1822799 0.0428561 1.591197
v 0.118591 0.0401671 1.610869
v 0.041967 0.0744601 1.627128
v 0 0.0823551 1.63015
v 0 0.0658371 1.650256
v 0.026329 0.06181009 1.649854
v 0.057413 0.1105371 1.595496
v 0.057903 0.03618511 1.63155
v 0.043037 0.0262511 1.663145
v 0 0.0561891 1.682423
v 0 0.05932609 1.712536
v 0.032842 0.04512109 1.709988
v 0.049754 0.0163021 1.703136
v 0.185789 0.09413812 1.533229
v 0.178549 0.1009621 1.487177
v 0.2088238 0.04710011 1.562517
v -0.043037 0.0262511 1.663145
v -0.032842 0.04512109 1.709988
v 0 0.0561891 1.682423
v -0.049754 0.0163021 1.703136
v -0.026329 0.06181009 1.649854
v -0.057903 0.03618511 1.63155
v -0.118591 0.0401671 1.610869
v -0.041967 0.0744601 1.627128
v 0 0.0658371 1.650256
v 0 0.0823551 1.63015
v 0 0.1079601 1.599217
v -0.1198045 0.1048276 1.583426
v -0.1822799 0.0428561 1.591197
v -0.057413 0.1105371 1.595496
v -0.16237 0.1014406 1.550328
v -0.134675 0.1164936 1.546059
v -0.061248 0.1269916 1.542485
v 0 0.1217086 1.542661
v -0.185789 0.09413812 1.533229
v -0.156385 0.1077671 1.489064
v -0.178549 0.1009621 1.487177
v -0.2088238 0.04710011 1.562517
v -0.137207 0.1107041 1.489988
v -0.062595 0.1246651 1.486633
v -0.1118742 0.06615913 1.37659
v 0 0.08097914 1.373244
v -0.08408691 0.04395115 1.298371
v 0 0.06031714 1.29912
v -0.1482172 0.01446807 1.38836
v 0 0.1177151 1.484742
v -0.153453 0.03778712 1.467154
v -0.155352 0.03835712 1.46708
v -0.05550282 0.06752115 1.199986
v -0.1017041 0.05537166 1.205677
v 0 0.07080916 1.199119
v -0.060208 0.1219944 1.114857
v -0.1325798 0.07848073 1.114302
v -0.1243109 -0.01778885 1.21775
v -0.172158 -0.01189334 1.112151
v -0.1253728 -0.006251859 1.308574
v 0 0.1144359 1.111737
v 0.04147135 -0.02158638 1.685109
v 0.056301 0.01591309 1.719331
v 0.049754 0.0163021 1.703136
v 0.04147135 -0.02158638 1.685109
v 0.0678853 -0.01245751 1.737384
v 0.05648157 -0.02818888 1.696318
v 0.06720306 -0.02494309 1.732376
v 0.02112392 -0.06569213 1.666175
v 0.07307143 -0.01424053 1.735634
v 0.067137 0.005164089 1.758409
v 0.08374399 0.0008970833 1.758622
v 0 -0.05105002 1.657099
v 0.06979199 0.003850083 1.776332
v 0.07952099 0.007058082 1.78509
v 0.0774595 -0.01216892 1.786701
v 0 -0.06926626 1.659597
v -0.02112392 -0.06569213 1.666175
v -0.04147135 -0.02158638 1.685109
v -0.05648157 -0.02818888 1.696318
v -0.0678853 -0.01245751 1.737384
v -0.06720306 -0.02494309 1.732376
v -0.07307143 -0.01424053 1.735634
v -0.067137 0.005164089 1.758409
v -0.08374399 0.0008970833 1.758622
v -0.06979199 0.003850083 1.776332
v -0.07952099 0.007058082 1.78509
v -0.0774595 -0.01216892 1.786701
v -0.056301 0.01591309 1.719331
v -0.04147135 -0.02158638 1.685109
v -0.049754 0.0163021 1.703136
v 0.2314858 0.0247829 1.401459
v 0.2842329 0.08206453 1.320571
v 0.2217185 0.06339242 1.393597
v 0.2993238 0.04898029 1.322066
v 0.2632102 0.01946305 1.430159
v 0.3357174 0.03767402 1.352225
v 0.2832388 0.06306804 1.447918
v 0.3461336 0.076323 1.382133
v 0.2556605 0.1006717 1.421826
v 0.3179168 0.1101023 1.354322
v 0.2217185 0.06339242 1.393597
v 0.2842329 0.08206453 1.320571
v 0.3678843 0.07481267 1.368289
v 0.3603644 0.03791207 1.33266
v 0.3678843 0.07481267 1.368289
v 0.3412517 0.1085724 1.335852
v 0.3884864 0.07064182 1.353865
v 0.3613855 0.1063886 1.318324
v 0.3884864 0.07064182 1.353865
v 0.3124649 0.08253802 1.297959
v 0.3331755 0.08198074 1.276503
v 0.3318976 0.0484878 1.298484
v 0.4286147 0.09877679 1.26759
v 0.3969744 0.07159059 1.236581
v 0.5088395 0.0670317 1.201383
v 0.5227698 0.04288901 1.220765
v 0.4531578 0.06572723 1.294456
v 0.5065058 0.01445865 1.209379
v 0.4273258 0.02530594 1.276217
v 0.4904698 0.04839528 1.182608
v 0.3960381 0.04515319 1.244731
v 0.3331755 0.08198074 1.276503
v 0.3969744 0.07159059 1.236581
v 0.4904698 0.04839528 1.182608
v 0.3124649 0.08253802 1.297959
v 0.5139711 0.02885938 1.154262
v 0.5065058 0.01445865 1.209379
v 0.5335662 0.00190064 1.181179
v 0.4904698 0.04839528 1.182608
v 0.5335662 0.00190064 1.181179
v 0.5217465 0.005139165 1.121832
v 0.5395194 -0.01623983 1.13431
v 0.5668554 -0.02261084 1.090541
v 0.5502884 -0.00566483 1.07672
v 0.5869794 -0.0008738279 1.053329
v 0.5916795 -0.01360783 1.065036
v 0.5592604 -0.01738084 1.144329
v 0.6061604 -0.02956183 1.123613
v 0.5616474 -0.004920836 1.126977
v 0.5922495 -0.01387784 1.116898
v 0.6061604 -0.02956183 1.123613
v 0.5616474 -0.004920836 1.126977
v 0.633339 -0.02812384 1.094363
v 0.624914 -0.01370383 1.085291
v 0.655484 -0.01618483 1.049337
v 0.659175 -0.02354982 1.05447
v 0.5888704 0.004206171 1.070548
v 0.5916795 -0.01360783 1.065036
v 0.5635085 0.003648167 1.091085
v 0.5616474 -0.004920836 1.126977
v 0.5227698 0.04288901 1.220765
v 0.5572827 0.03714113 1.19394
v 0.5065058 0.01445865 1.209379
v 0.5234974 0.06502304 1.187728
v 0.5088395 0.0670317 1.201383
v 0.553 0.06695648 1.182022
v 0.6209415 0.06357132 1.137634
v 0.6170844 -0.008672838 1.128805
v 0.6061604 -0.02956183 1.123613
v 0.633339 -0.02812384 1.094363
v 0.640595 -0.00907833 1.099783
v 0.659175 -0.02354982 1.05447
v 0.6631062 -0.006076856 1.055442
v 0.6249714 0.03131316 1.13506
v 0.645655 0.02808117 1.103588
v 0.642068 0.05811732 1.105947
v 0.640595 -0.00907833 1.099783
v 0.663327 0.05156333 1.065007
v 0.67103 0.02531217 1.053657
v 0.6631062 -0.006076856 1.055442
v 0.5242414 0.04846823 1.155351
v 0.5088395 0.0670317 1.201383
v 0.4904698 0.04839528 1.182608
v 0.5234974 0.06502304 1.187728
v 0.5139711 0.02885938 1.154262
v 0.5217465 0.005139165 1.121832
v 0.5502884 -0.00566483 1.07672
v 0.5635085 0.003648167 1.091085
v 0.5869794 -0.0008738279 1.053329
v 0.553 0.06695648 1.182022
v 0.6057114 0.04071616 1.125527
v 0.6209415 0.06357132 1.137634
v 0.6364878 0.03257322 1.095682
v 0.642068 0.05811732 1.105947
v 0.663327 0.05156333 1.065007
v 0.67103 0.02531217 1.053657
v 0.6631062 -0.006076856 1.055442
v 0.5985844 0.005772452 1.117147
v 0.5616474 -0.004920836 1.126977
v 0.5922495 -0.01387784 1.116898
v 0.5242414 0.04846823 1.155351
v 0.624914 -0.01370383 1.085291
v 0.6631062 -0.006076856 1.055442
v 0.655484 -0.01618483 1.049337
v 0.5869794 -0.0008738279 1.053329
v 0.5888704 0.004206171 1.070548
v 0.5916795 -0.01360783 1.065036
v 0.5869794 -0.0008738279 1.053329
v 0.655484 -0.01618483 1.049337
v 0.659175 -0.02354982 1.05447
v 0.6631062 -0.006076856 1.055442
v 0.1649417 -0.02229187 1.486004
v 0.1804922 0.006887965 1.459423
v 0.155352 0.03835712 1.46708
v 0.1694111 0.0492705 1.45316
v 0.207741 -0.003530812 1.50527
v 0.2300815 0.04552099 1.521819
v 0.2078044 0.09562793 1.484473
v 0.185789 0.09413812 1.533229
v 0.186271 -0.02039588 1.525066
v 0.2088238 0.04710011 1.562517
v 0.2078044 0.09562793 1.484473
v 0.178549 0.1009621 1.487177
v 0.1694111 0.0492705 1.45316
v 0.2078044 0.09562793 1.484473
v 0.155352 0.03835712 1.46708
v 0.2078044 0.09562793 1.484473
v 0.06720306 -0.02494309 1.732376
v 0.0455183 -0.06741382 1.693534
v 0.06532826 -0.06605418 1.753604
v 0.05648157 -0.02818888 1.696318
v 0.02112392 -0.06569213 1.666175
v 0.072154 -0.02397087 1.759534
v 0.072199 -0.02536692 1.78231
v 0.069234 -0.03737592 1.782111
v 0.06565449 -0.06999992 1.785942
v 0.066321 -0.04329592 1.813076
v 0.057682 -0.08596492 1.810593
v 0.055534 -0.07642692 1.831835
v 0.058849 -0.08672592 1.797545
v 0.040091 -0.1001339 1.801154
v 0.0360185 -0.1032924 1.817009
v 0.050308 -0.08794292 1.832895
v 0.026095 -0.1065969 1.830196
v 0 -0.1136329 1.811957
v 0.011955 -0.112533 1.799205
v 0 -0.11439 1.798015
v 0 -0.1158689 1.780721
v 0.006758001 -0.1156309 1.781245
v 0.017045 -0.1151549 1.786819
v 0 -0.1107879 1.832577
v 0.032622 -0.09003993 1.851642
v 0.047007 -0.07643093 1.850401
v 0 -0.09685893 1.851088
v 0.032516 -0.06642891 1.871645
v 0.04288 -0.1047366 1.791968
v 0.034917 -0.1077539 1.778817
v 0.0160215 -0.1076829 1.776111
v 0.0057105 -0.1105529 1.768719
v 0 -0.1153378 1.771625
v 0.011997 -0.0978399 1.766504
v 0.02216595 -0.09632482 1.769721
v 0.0477695 -0.09945091 1.781323
v 0.0563295 -0.09139641 1.77753
v 0.061086 -0.08706591 1.787779
v 0.0582065 -0.08151191 1.767761
v 0.03565325 -0.09968303 1.774811
v 0.04319973 -0.09482441 1.772736
v 0.04860703 -0.08930208 1.768403
v 0.02380356 -0.09460142 1.763972
v 0.01180462 -0.1057362 1.749145
v 0.02849 -0.0966409 1.756643
v 0.04020963 -0.09329424 1.764016
v 0.04425 -0.09198291 1.757833
v 0.04346349 -0.0961235 1.741096
v 0.04677286 -0.08489984 1.712746
v 0.02522929 -0.1003414 1.719827
v 0.01897055 -0.1072724 1.704944
v 0.02115888 -0.1011583 1.700689
v 0.0299995 -0.0930084 1.692112
v 0.01027425 -0.1081284 1.692088
v 0.0169265 -0.0997184 1.679589
v 0.01529251 -0.09327535 1.663454
v 0 -0.1039146 1.687031
v 0 -0.1035524 1.678517
v 0.007472499 -0.1173575 1.712325
v 0.0125395 -0.1103319 1.72227
v 0.01582624 -0.1044389 1.731226
v 0.0161476 -0.1126654 1.733309
v 0.01016438 -0.1190812 1.728863
v 0 -0.1164803 1.720937
v 0 -0.1252351 1.728806
v 0.008347 -0.1276224 1.733258
v 0 -0.1335237 1.732461
v 0 -0.1335237 1.738755
v 0.008633 -0.1271884 1.739018
v 0 -0.1235978 1.755149
v 0.0063855 -0.11949 1.752801
v 0 -0.1189561 1.708301
v 0 -0.1153378 1.771625
v 0 -0.1161069 1.703724
v 0.0078775 -0.1135589 1.704923
v 0.006282 -0.1087249 1.702066
v 0 -0.1101539 1.70178
v 0.010854 -0.1097729 1.69916
v 0.006282 -0.1087249 1.702066
v 0 -0.1121059 1.699208
v 0 -0.1101539 1.70178
v 0 -0.1118679 1.690969
v 0.07307143 -0.01424053 1.735634
v 0.078494 -0.01114479 1.759951
v 0.08374399 0.0008970833 1.758622
v 0.06720306 -0.02494309 1.732376
v 0.072154 -0.02397087 1.759534
v 0.0774595 -0.01216892 1.786701
v 0.072199 -0.02536692 1.78231
v 0.07952099 0.007058082 1.78509
v 0.047007 -0.07643093 1.850401
v 0.050308 -0.08794292 1.832895
v 0 -0.06926626 1.659597
v 0 -0.09810884 1.661014
v 0 -0.06926626 1.659597
v -0.01529251 -0.09327535 1.663454
v -0.02112392 -0.06569213 1.666175
v -0.0455183 -0.06741382 1.693534
v -0.05648157 -0.02818888 1.696318
v -0.06720306 -0.02494309 1.732376
v -0.06532826 -0.06605418 1.753604
v -0.0169265 -0.0997184 1.679589
v -0.0299995 -0.0930084 1.692112
v -0.01027425 -0.1081284 1.692088
v -0.02115888 -0.1011583 1.700689
v 0 -0.1039146 1.687031
v 0 -0.1035524 1.678517
v -0.04677286 -0.08489984 1.712746
v -0.04346349 -0.0961235 1.741096
v -0.0582065 -0.08151191 1.767761
v -0.06565449 -0.06999992 1.785942
v -0.069234 -0.03737592 1.782111
v -0.072199 -0.02536692 1.78231
v -0.066321 -0.04329592 1.813076
v -0.072154 -0.02397087 1.759534
v -0.057682 -0.08596492 1.810593
v -0.055534 -0.07642692 1.831835
v -0.058849 -0.08672592 1.797545
v -0.040091 -0.1001339 1.801154
v -0.044175 -0.09847693 1.820348
v -0.050308 -0.08794292 1.832895
v -0.026095 -0.1065969 1.830196
v -0.027862 -0.1081079 1.813671
v 0 -0.1136329 1.811957
v -0.011955 -0.112533 1.799205
v 0 -0.11439 1.798015
v 0 -0.1158689 1.780721
v -0.006758001 -0.1156309 1.781245
v -0.017045 -0.1151549 1.786819
v 0 -0.1107879 1.832577
v -0.032622 -0.09003993 1.851642
v -0.047007 -0.07643093 1.850401
v -0.050308 -0.08794292 1.832895
v 0 -0.09685893 1.851088
v -0.04288 -0.1047366 1.791968
v -0.034917 -0.1077539 1.778817
v -0.0160215 -0.1076829 1.776111
v -0.0057105 -0.1105529 1.768719
v 0 -0.1153378 1.771625
v -0.011997 -0.0978399 1.766504
v -0.02153792 -0.1005685 1.770501
v -0.0477695 -0.09945091 1.781323
v -0.061086 -0.08706591 1.787779
v -0.0563295 -0.09139641 1.77753
v -0.03329691 -0.1005412 1.774302
v -0.04252826 -0.09473696 1.770946
v -0.04737002 -0.08618721 1.769286
v -0.02115486 -0.09718537 1.764535
v -0.01180462 -0.1057362 1.749145
v -0.02849 -0.0966409 1.756643
v -0.03037829 -0.09516479 1.762267
v -0.04347563 -0.091735 1.76459
v -0.04425 -0.09198291 1.757833
v -0.01582624 -0.1044389 1.731226
v -0.02522929 -0.1003414 1.719827
v -0.0125395 -0.1103319 1.72227
v -0.0161476 -0.1126654 1.733309
v -0.01016438 -0.1190812 1.728863
v 0 -0.1164803 1.720937
v 0 -0.1252351 1.728806
v -0.008347 -0.1276224 1.733258
v 0 -0.1335237 1.732461
v 0 -0.1335237 1.738755
v -0.008633 -0.1271884 1.739018
v 0 -0.1235978 1.755149
v -0.0063855 -0.11949 1.752801
v -0.007472499 -0.1173575 1.712325
v -0.01897055 -0.1072724 1.704944
v 0 -0.1189561 1.708301
v 0 -0.1153378 1.771625
v -0.0078775 -0.1135589 1.704923
v 0 -0.1161069 1.703724
v -0.006282 -0.1087249 1.702066
v -0.02115888 -0.1011583 1.700689
v 0 -0.1101539 1.70178
v -0.006282 -0.1087249 1.702066
v -0.010854 -0.1097729 1.69916
v 0 -0.1121059 1.699208
v 0 -0.1101539 1.70178
v 0 -0.1118679 1.690969
v 0.050308 -0.08794292 1.832895
v 0.047007 -0.07643093 1.850401
v 0.05852024 0.03109409 1.740626
v 0.0678853 -0.01245751 1.737384
v 0.067137 0.005164089 1.758409
v 0.056301 0.01591309 1.719331
v 0.03565325 -0.09968303 1.774811
v 0.03597648 -0.09783945 1.768716
v 0.02216595 -0.09632482 1.769721
v 0.04860703 -0.08930208 1.768403
v 0.04020963 -0.09329424 1.764016
v 0.04319973 -0.09482441 1.772736
v 0.02380356 -0.09460142 1.763972
v 0.07525503 -0.006827593 1.738785
v 0.07913344 0.009242625 1.725227
v 0.07695095 0.0008141565 1.725227
v 0.07650226 -0.002613363 1.746262
v 0.07186319 -0.0221111 1.738785
v 0.0712399 -0.02632533 1.746262
v 0.07047924 -0.02975284 1.725227
v 0.06829675 -0.0381813 1.725227
v 0.07217516 -0.02211109 1.711669
v 0.07092793 -0.02632532 1.704192
v 0.07556699 -0.006827593 1.711669
v 0.07619029 -0.002613358 1.704192
v -0.007389002 0.001394186 0.9064072
v -0.03082849 -0.0577317 0.9064413
v -0.008526001 -0.004109817 0.9283473
v -0.029369 -0.07540182 0.9375474
v 0 -0.004828815 0.9283634
v 0 -0.07898082 0.9331363
v -0.1200138 -0.09107635 0.9187699
v -0.05397358 -0.1008288 0.9629567
v 0 -0.1017378 0.9545333
v 0 -0.1102528 0.9994233
v -0.0750035 -0.1036378 1.009229
v 0 -0.1254198 1.079495
v -0.1151136 -0.0877154 1.090109
v -0.1524321 -0.08053082 0.9799004
v -0.193875 -0.01909181 0.9933774
v -0.1907084 -0.01910282 0.9271584
v -0.1641012 0.1014046 0.9975234
v -0.1640314 0.07256119 0.9263034
v -0.063682 0.1178529 0.9513984
v -0.06156619 0.08040579 0.9135154
v 0 0.05775032 0.948923
v -0.008526001 -0.004109817 0.9283473
v 0 -0.004828815 0.9283634
v -0.007389002 0.001394186 0.9064072
v -0.06194765 0.1407863 0.9952459
v -0.06041921 0.1449889 1.068164
v -0.1572417 0.09803811 1.062583
v -0.060208 0.1219944 1.114857
v 0 0.1144359 1.111737
v -0.1325798 0.07848073 1.114302
v -0.172158 -0.01189334 1.112151
v 0 0.1313145 0.9964873
v 0 0.09721414 0.9657914
v 0 0.1385152 1.060306
v -0.1871525 -0.01864733 1.054941
v -0.143416 -0.07999682 1.031519
v -0.077576 0.08700923 0.548897
v -0.052884 0.07007172 0.6275861
v -0.120786 0.04952472 0.627417
v -0.024966 0.03021523 0.554453
v -0.050635 0.0851102 0.8056616
v -0.0125785 0.01730623 0.6185945
v -0.008804998 0.0084412 0.8066456
v -0.007389002 0.001394186 0.9064072
v -0.06156619 0.08040579 0.9135154
v -0.142109 0.0686532 0.8055446
v -0.1680355 -0.0144333 0.8084786
v -0.1640314 0.07256119 0.9263034
v -0.1907084 -0.01910282 0.9271584
v -0.1039269 -0.08533086 0.8103741
v -0.1200138 -0.09107635 0.9187699
v -0.03082849 -0.0577317 0.9064413
v -0.022996 -0.0459288 0.8063176
v -0.008804998 0.0084412 0.8066456
v -0.0125785 0.01730623 0.6185945
v -0.007389002 0.001394186 0.9064072
v -0.1301035 0.002418723 0.622148
v -0.06581133 -0.04172602 0.6161058
v -0.130905 0.008873234 0.54254
v -0.0615515 -0.03927476 0.5555961
v -0.0612825 -0.02126077 0.5244865
v -0.137633 0.02653425 0.432343
v -0.054894 -0.0001927495 0.4235381
v -0.015943 0.04561925 0.432783
v -0.024966 0.03021523 0.554453
v -0.066173 0.006283278 0.191452
v -0.036988 0.03725227 0.194741
v -0.09625399 0.03300127 0.193211
v -0.034895 0.07026027 0.197814
v -0.134728 0.07564824 0.444464
v -0.09826399 0.07003627 0.196905
v -0.069503 0.08457027 0.199358
v -0.076234 0.1050652 0.377209
v -0.034895 0.07026027 0.197814
v -0.015943 0.04561925 0.432783
v -0.079285 0.1065822 0.470039
v -0.130387 0.06115123 0.547283
v -0.065232 0.0716723 0.000919038
v -0.072581 0.0568883 0.0002270365
v -0.056327 0.0544683 0.0003140363
v -0.030508 0.000201292 0.04225703
v -0.109118 -0.0246987 0.004314027
v -0.018029 -0.0318307 0.005287026
v -0.105865 -0.00264071 0.04225703
v -0.036949 0.04268129 0.08938403
v -0.102717 0.04295729 0.07437704
v -0.035129 0.05947628 0.08814903
v -0.087396 0.05187429 0.07755804
v -0.017176 -0.0796857 0.00102902
v -0.102752 -0.0820197 -0.00013798
v -0.080759 -0.1420377 0.01055101
v -0.037242 -0.1434647 0.01055101
v -0.06444 -0.03657071 0.129844
v -0.029995 -0.09570071 0.06126902
v -0.08628999 -0.0947497 0.05902102
v -0.078708 -0.1533667 0.04605301
v -0.080759 -0.1420377 0.01055101
v -0.021819 -0.01349271 0.102117
v -0.018029 -0.0318307 0.005287026
v -0.017176 -0.0796857 0.00102902
v -0.041491 -0.1548367 0.04752301
v -0.029995 -0.09570071 0.06126902
v -0.037242 -0.1434647 0.01055101
v -0.080759 -0.1420377 0.01055101
v -0.102752 -0.0820197 -0.00013798
v -0.109118 -0.0246987 0.004314027
v -0.066173 0.006283278 0.191452
v -0.036988 0.03725227 0.194741
v -0.099574 -0.01720972 0.100302
v -0.105865 -0.00264071 0.04225703
v -0.030508 0.000201292 0.04225703
v -0.031866 0.02590628 0.119096
v -0.027936 0.07093928 0.138857
v -0.034895 0.07026027 0.197814
v -0.065005 0.09748428 0.146261
v -0.069503 0.08457027 0.199358
v -0.09625399 0.03300127 0.193211
v -0.101809 0.03552528 0.12389
v -0.09826399 0.07003627 0.196905
v -0.101346 0.07674528 0.133746
v -0.065005 0.09748428 0.146261
v -0.069503 0.08457027 0.199358
v -0.102717 0.04295729 0.07437704
v -0.09954999 0.07093828 0.09026704
v -0.065348 0.09804229 0.09214704
v -0.07305574 0.07677329 0.03974007
v -0.078892 0.05654329 0.03988503
v -0.065232 0.0716723 0.000919038
v -0.072581 0.0568883 0.0002270365
v -0.087396 0.05187429 0.07755804
v -0.102717 0.04295729 0.07437704
v -0.080759 -0.1420377 0.01055101
v -0.078708 -0.1533667 0.04605301
v -0.07305574 0.07677329 0.03974007
v -0.035129 0.05947628 0.08814903
v -0.065348 0.09804229 0.09214704
v -0.050015 0.05377629 0.03988803
v -0.056327 0.0544683 0.0003140363
v -0.065232 0.0716723 0.000919038
v -0.036949 0.04268129 0.08938403
v -0.056327 0.0544683 0.0003140363
v -0.078892 0.05654329 0.03988503
v -0.050015 0.05377629 0.03988803
v -0.072581 0.0568883 0.0002270365
v -0.087396 0.05187429 0.07755804
v -0.035129 0.05947628 0.08814903
v 0 -0.03210652 1.60126
v 0 -0.05262188 1.553182
v 0 -0.03969777 1.64208
v 0 -0.07282688 1.511677
v 0 -0.03969777 1.64208
v -0.2314858 0.0247829 1.401459
v -0.2842329 0.08206453 1.320571
v -0.2993238 0.04898029 1.322066
v -0.2217185 0.06339242 1.393597
v -0.2632102 0.01946305 1.430159
v -0.3357174 0.03767402 1.352225
v -0.2832388 0.06306804 1.447918
v -0.3461336 0.076323 1.382133
v -0.2556605 0.1006717 1.421826
v -0.3179168 0.1101023 1.354322
v -0.2217185 0.06339242 1.393597
v -0.2842329 0.08206453 1.320571
v -0.3678843 0.07481267 1.368289
v -0.3603644 0.03791207 1.33266
v -0.3678843 0.07481267 1.368289
v -0.3412517 0.1085724 1.335852
v -0.3884864 0.07064182 1.353865
v -0.3613855 0.1063886 1.318324
v -0.3884864 0.07064182 1.353865
v -0.3124649 0.08253802 1.297959
v -0.3331755 0.08198074 1.276503
v -0.3318976 0.0484878 1.298484
v -0.4286147 0.09877679 1.26759
v -0.3969744 0.07159059 1.236581
v -0.5088395 0.0670317 1.201383
v -0.5227698 0.04288901 1.220765
v -0.4531578 0.06572723 1.294456
v -0.5065058 0.01445865 1.209379
v -0.4273258 0.02530594 1.276217
v -0.4904698 0.04839528 1.182608
v -0.3960381 0.04515319 1.244731
v -0.3331755 0.08198074 1.276503
v -0.3969744 0.07159059 1.236581
v -0.4904698 0.04839528 1.182608
v -0.3124649 0.08253802 1.297959
v -0.5139711 0.02885938 1.154262
v -0.5065058 0.01445865 1.209379
v -0.4904698 0.04839528 1.182608
v -0.5335662 0.00190064 1.181179
v -0.5217465 0.005139165 1.121832
v -0.5395194 -0.01623983 1.13431
v -0.5335662 0.00190064 1.181179
v -0.5668554 -0.02261084 1.090541
v -0.5502884 -0.00566483 1.07672
v -0.5869794 -0.0008738279 1.053329
v -0.5916795 -0.01360783 1.065036
v -0.5592604 -0.01738084 1.144329
v -0.6061604 -0.02956183 1.123613
v -0.5616474 -0.004920836 1.126977
v -0.5922495 -0.01387784 1.116898
v -0.6061604 -0.02956183 1.123613
v -0.5616474 -0.004920836 1.126977
v -0.633339 -0.02812384 1.094363
v -0.624914 -0.01370383 1.085291
v -0.655484 -0.01618483 1.049337
v -0.659175 -0.02354982 1.05447
v -0.5227698 0.04288901 1.220765
v -0.5065058 0.01445865 1.209379
v -0.5572827 0.03714113 1.19394
v -0.5234974 0.06502304 1.187728
v -0.5088395 0.0670317 1.201383
v -0.553 0.06695648 1.182022
v -0.6209415 0.06357132 1.137634
v -0.6170844 -0.008672838 1.128805
v -0.6061604 -0.02956183 1.123613
v -0.633339 -0.02812384 1.094363
v -0.640595 -0.00907833 1.099783
v -0.659175 -0.02354982 1.05447
v -0.6631062 -0.006076856 1.055442
v -0.6249714 0.03131316 1.13506
v -0.645655 0.02808117 1.103588
v -0.642068 0.05811732 1.105947
v -0.640595 -0.00907833 1.099783
v -0.663327 0.05156333 1.065007
v -0.67103 0.02531217 1.053657
v -0.6631062 -0.006076856 1.055442
v -0.5242414 0.04846823 1.155351
v -0.5088395 0.0670317 1.201383
v -0.5234974 0.06502304 1.187728
v -0.4904698 0.04839528 1.182608
v -0.5139711 0.02885938 1.154262
v -0.5217465 0.005139165 1.121832
v -0.5502884 -0.00566483 1.07672
v -0.5635085 0.003648167 1.091085
v -0.5869794 -0.0008738279 1.053329
v -0.553 0.06695648 1.182022
v -0.6057114 0.04071616 1.125527
v -0.6209415 0.06357132 1.137634
v -0.6364878 0.03257322 1.095682
v -0.642068 0.05811732 1.105947
v -0.663327 0.05156333 1.065007
v -0.67103 0.02531217 1.053657
v -0.6631062 -0.006076856 1.055442
v -0.5985844 0.005772452 1.117147
v -0.5616474 -0.004920836 1.126977
v -0.5922495 -0.01387784 1.116898
v -0.5242414 0.04846823 1.155351
v -0.624914 -0.01370383 1.085291
v -0.6631062 -0.006076856 1.055442
v -0.655484 -0.01618483 1.049337
v -0.5869794 -0.0008738279 1.053329
v -0.5888704 0.004206171 1.070548
v -0.5916795 -0.01360783 1.065036
v -0.5869794 -0.0008738279 1.053329
v -0.5888704 0.004206171 1.070548
v -0.5635085 0.003648167 1.091085
v -0.5916795 -0.01360783 1.065036
v -0.5616474 -0.004920836 1.126977
v -0.655484 -0.01618483 1.049337
v -0.6631062 -0.006076856 1.055442
v -0.659175 -0.02354982 1.05447
v -0.1649417 -0.02229187 1.486004
v -0.155352 0.03835712 1.46708
v -0.1804922 0.006887965 1.459423
v -0.1694111 0.0492705 1.45316
v -0.207741 -0.003530812 1.50527
v -0.2300815 0.04552099 1.521819
v -0.2078044 0.09562793 1.484473
v -0.185789 0.09413812 1.533229
v -0.186271 -0.02039588 1.525066
v -0.2088238 0.04710011 1.562517
v -0.2078044 0.09562793 1.484473
v -0.178549 0.1009621 1.487177
v -0.2078044 0.09562793 1.484473
v -0.1694111 0.0492705 1.45316
v -0.155352 0.03835712 1.46708
v -0.2078044 0.09562793 1.484473
v -0.07307143 -0.01424053 1.735634
v -0.08374399 0.0008970833 1.758622
v -0.078494 -0.01114479 1.759951
v -0.06720306 -0.02494309 1.732376
v -0.072154 -0.02397087 1.759534
v -0.0774595 -0.01216892 1.786701
v -0.072199 -0.02536692 1.78231
v -0.07952099 0.007058082 1.78509
v 0 -0.06926626 1.659597
v 0 -0.09810884 1.661014
v -0.050308 -0.08794292 1.832895
v -0.05852024 0.03109409 1.740626
v -0.0678853 -0.01245751 1.737384
v -0.056301 0.01591309 1.719331
v -0.067137 0.005164089 1.758409
v -0.04347563 -0.091735 1.76459
v -0.04737002 -0.08618721 1.769286
v -0.04252826 -0.09473696 1.770946
v -0.03037829 -0.09516479 1.762267
v -0.03329691 -0.1005412 1.774302
v -0.02153792 -0.1005685 1.770501
v -0.02115486 -0.09718537 1.764535
v -0.07525503 -0.006827593 1.738785
v -0.07882147 0.009242625 1.725227
v -0.07650226 -0.002613363 1.746262
v -0.07695095 0.0008141565 1.725227
v -0.07186319 -0.0221111 1.738785
v -0.0712399 -0.02632533 1.746262
v -0.07047924 -0.02975284 1.725227
v -0.06829675 -0.0381813 1.725227
v -0.07217516 -0.02211109 1.711669
v -0.07092793 -0.02632532 1.704192
v -0.07556699 -0.006827593 1.711669
v -0.07619029 -0.002613358 1.704192
v 0.05896175 0.04241155 1.699398
v 0.0505175 0.08152172 1.763313
v 0.039408 0.0665595 1.714241
v 0.03051345 0.0492446 1.683176
v 0 0.1023021 1.772162
v 0.06631654 0.07641129 1.81059
v 0.001485 0.110068 1.814588
v 0.09208118 0.02644389 1.775634
v 0.081304 0.0305855 1.739089
v 0.09404951 0.009118528 1.799432
v 0.08848289 -0.01589495 1.837777
v 0.05961447 0.03831199 1.869404
v 0.009654002 0.07162714 1.878626
v 0.011484 0.04191207 1.898345
v 0.006161929 0.09691778 1.852658
v 0.05958937 -0.03365333 1.880184
v 0.03821946 -0.03766715 1.896268
v 0.01910214 -0.03546252 1.897854
v 0.03432075 -0.074094 1.877191
v 0.06000457 -0.06476576 1.872082
v 0.07706106 -0.05136834 1.828012
v 0.07839115 0.009664997 1.734007
v 0.06743219 0.01759649 1.70429
v 0.08575209 0.003870263 1.772633
v 0.09058571 -0.02844853 1.794265
v -0.01468564 -0.03792145 1.902901
v -0.064054 0.04726809 1.859554
v -0.05090552 0.02433355 1.890139
v -0.06107786 -0.02786388 1.881022
v -0.095258 -0.01629345 1.832949
v 0.0217966 -0.07629645 1.880799
v 0.02225922 -0.05000005 1.88662
v 0.02501444 -0.07099635 1.875424
v -0.01357087 -0.07628071 1.893049
v -0.05455584 -0.07254064 1.874169
v -0.08748154 -0.05888138 1.826329
v -0.06444917 0.07641128 1.808832
v -0.09568098 0.009118528 1.799432
v -0.089105 -0.025929 1.794265
v -0.05208603 0.07871777 1.760909
v -0.0004021323 0.08206835 1.72277
v -0.039408 0.06724126 1.710358
v -0.09120464 0.02843851 1.775634
v -0.077637 0.0489379 1.739331
v -0.04471481 0.05192177 1.694577
v -0.007519887 0.06020751 1.68364
v -0.08587848 0.00578001 1.772774
v -0.07260456 0.02484251 1.726614
v 0.08298831 0.03172923 1.674391
v 0.06893349 -0.000828886 1.675416
v 0.09310336 0.001941171 1.632488
v 0.07058097 0.02210974 1.6195
v 0.07562157 -0.03172711 1.637318
v 0.04347451 0.01048703 1.67307
v 0.04882471 0.01967901 1.703887
v 0.05127724 -0.01724111 1.625377
v 0.05169916 0.02929449 1.733931
v 0.05127724 -0.01724111 1.625377
v 0.07305841 -0.01169161 1.613736
v 0.07305841 -0.01169161 1.613736
v 0.07562157 -0.03172711 1.637318
v 0.06893349 -0.000828886 1.675416
v 0.07562157 -0.03172711 1.637318
v 0.06743219 0.01759649 1.70429
v 0.06027216 0.02044502 1.798109
v 0.08575209 0.003870263 1.772633
v 0.07706106 -0.05136834 1.828012
v 0.09058571 -0.02844853 1.794265
v 0.04347451 0.01048703 1.67307
v 0.05386205 0.02325798 1.701656
v 0.05948989 -0.003234 1.711069
v 0.071343 0.006571006 1.756098
v 0.082648 0.02136102 1.774708
v 0.075423 -0.0007839727 1.787068
v 0.085435 -0.02682698 1.797641
v 0.067608 -0.01573999 1.780685
v 0.07078 -0.042259 1.785705
v 0.08091 -0.05630696 1.803624
v 0.08140357 -0.03826973 1.814457
v 0.078343 -0.04742795 1.838604
v 0.075016 -0.07298395 1.828655
v 0.05664127 -0.08146016 1.860123
v 0.06000457 -0.06476576 1.872082
v 0.06242 -0.08859795 1.820328
v 0.068739 -0.07179098 1.795184
v 0.04449173 -0.09416268 1.847588
v 0.04449173 -0.09416268 1.847588
v 0.03432075 -0.074094 1.877191
v 0.03311507 -0.09084421 1.860566
v 0.02501444 -0.07099635 1.875424
v 0.02897466 -0.08837944 1.857575
v 0.07078 -0.042259 1.785705
v 0.06129 -0.06066294 1.806869
v 0.067608 -0.01573999 1.780685
v 0.06242 -0.08859795 1.820328
v 0.04158913 -0.08056736 1.844732
v 0.04449173 -0.09416268 1.847588
v 0.03138382 -0.07727559 1.861552
v 0.04449173 -0.09416268 1.847588
v 0.04449173 -0.09416268 1.847588
v 0.03311507 -0.09084421 1.860566
v -0.04074351 -0.09915888 1.86332
v -0.00724346 -0.09702612 1.879881
v -0.027624 -0.1173292 1.847258
v -0.07103167 -0.09079006 1.811926
v -0.07873704 -0.07969078 1.818131
v -0.08748154 -0.05888138 1.826329
v -0.05455584 -0.07254064 1.874169
v -0.01357087 -0.07628071 1.893049
v 0.0217966 -0.07629645 1.880799
v 0.0251471 -0.0933762 1.868659
v 0.02897466 -0.08837944 1.857575
v 0.009838076 -0.1081013 1.8606
v 0.02501444 -0.07099635 1.875424
v -0.08323421 -0.05630696 1.803624
v -0.0881208 -0.03389595 1.814457
v -0.08739819 -0.02682698 1.797641
v -0.07579649 -0.07179098 1.795184
v -0.07368802 -0.042259 1.785705
v -0.067608 -0.01573999 1.780685
v -0.075423 -0.0007839727 1.787068
v -0.08548796 0.02136102 1.774708
v -0.071343 0.0035815 1.756098
v -0.06549656 0.04105371 1.724309
v -0.06656753 -0.003848615 1.730509
v -0.05485053 0.001365466 1.697621
v -0.05246503 0.04808217 1.698535
v -0.04471481 0.05192177 1.694577
v -0.02635834 -0.09945682 1.841347
v -0.07103167 -0.09079006 1.811926
v -0.027624 -0.1173292 1.847258
v -0.06129 -0.06066294 1.806869
v -0.07579649 -0.07179098 1.795184
v -0.07368802 -0.042259 1.785705
v -0.067608 -0.01573999 1.780685
v 0.02897466 -0.08837944 1.857575
v -0.027624 -0.1173292 1.847258
v 0.009838076 -0.1081013 1.8606
v 0.01065063 -0.1158764 1.858438
v 0.03245563 -0.09973142 1.854559
v 0.02288364 -0.1087975 1.843727
v 0.02483067 -0.1002754 1.86958
v 0.00441864 -0.1184605 1.82477
v -0.01223133 -0.1253015 1.839657
v 0.0014785 -0.1110244 1.863832
v 0.01276649 -0.09145043 1.86678
v 0.02614963 -0.06931943 1.869398
v 0.03384064 -0.07860243 1.860371
v -0.01456936 -0.1202645 1.807773
v -0.03426933 -0.1258714 1.81456
v -0.03714836 -0.1203054 1.793932
v -0.04893936 -0.1178314 1.795302
v -0.05490135 -0.1118815 1.787076
v -0.06244034 -0.1104195 1.79296
v -0.05106334 -0.1143645 1.813814
v -0.02495735 -0.1185365 1.84812
v -0.06585235 -0.1000385 1.778217
v -0.02979133 -0.1001945 1.813517
v -0.01163937 -0.09863146 1.837255
v -0.04630436 -0.1050815 1.794392
v 0.01222164 -0.09325144 1.854016
v 0.02279465 -0.07330544 1.864308
v 0.02760265 -0.06416544 1.866743
v 0.04893454 -0.02517263 1.67798
vt 0.3345 0.5531918
vt 0.3259 0.5783918
vt 0.3485 0.5894918
vt 0.3366 0.6307918
vt 0.3218 0.5813919
vt 0.317 0.6420919
vt 0.4179 0.6014918
vt 0.37745 0.6552918
vt 0.322 0.6605918
vt 0.328 0.6941919
vt 0.3855 0.6893919
vt 0.3368 0.7476919
vt 0.4145 0.7404919
vt 0.4389 0.6565918
vt 0.50265 0.6606418
vt 0.5029 0.5989918
vt 0.5972 0.6652418
vt 0.5789 0.5963919
vt 0.6715 0.6225919
vt 0.6723713 0.5683858
vt 0.7275 0.5822418
vt 0.7165 0.5340918
vt 0.7275 0.5379918
vt 0.6987 0.5248919
vt 0.67905 0.6601918
vt 0.6819 0.7128418
vt 0.5951 0.7137918
vt 0.6727 0.7550918
vt 0.7275 0.7460918
vt 0.595 0.7560919
vt 0.5134 0.7540919
vt 0.7275 0.6515918
vt 0.7275 0.6158919
vt 0.7275 0.7061918
vt 0.5048 0.7078919
vt 0.4389 0.6971918
vt 0.4917275 0.2455191
vt 0.4474737 0.1996382
vt 0.4514516 0.2582664
vt 0.4888344 0.3102498
vt 0.3409304 0.2608882
vt 0.4587745 0.3102498
vt 0.3501518 0.3102498
vt 0.2811721 0.3102498
vt 0.2660291 0.2696123
vt 0.3327034 0.208724
vt 0.3256066 0.1591815
vt 0.2463658 0.2097184
vt 0.2409866 0.1537572
vt 0.326149 0.09969443
vt 0.2431564 0.09413446
vt 0.261554 0.03975531
vt 0.3381278 0.04771103
vt 0.3452699 0.01733464
vt 0.4563335 0.01742506
vt 0.2724027 0.01733464
vt 0.4469765 0.1589103
vt 0.4503215 0.09049564
vt 0.4872975 0.1542092
vt 0.4802458 0.0839186
vt 0.4973326 0.07975994
vt 0.5441629 0.154842
vt 0.5509433 0.07379316
vt 0.5517569 0.01742506
vt 0.4894673 0.01742506
vt 0.6667532 0.1231096
vt 0.6667532 0.1013217
vt 0.6667532 0.1437221
vt 0.6667532 0.01751546
vt 0.5398234 0.1936262
vt 0.6667532 0.163069
vt 0.6667532 0.1800653
vt 0.5765281 0.2418125
vt 0.6667532 0.3102498
vt 0.5527514 0.3102498
vt 0.531506 0.2423549
vt 0.4881112 0.1964288
vt 0.3455935 0.9674494
vt 0.3537935 0.9711493
vt 0.3537935 0.9638494
vt 0.4330935 0.9859493
vt 0.4558935 0.9498493
vt 0.4330935 0.9498493
vt 0.4558935 0.9863493
vt 0.4077936 0.9857493
vt 0.4077936 0.9498493
vt 0.3916935 0.9855493
vt 0.3916935 0.9499493
vt 0.4810936 0.9863493
vt 0.4810936 0.9498493
vt 0.5119935 0.9513493
vt 0.5120935 0.9856493
vt 0.1007977 0.8928378
vt 0.08829819 0.9377379
vt 0.1128982 0.9397377
vt 0.09439848 0.9632378
vt 0.08879863 0.9741379
vt 0.1252978 0.8978375
vt 0.1474982 0.9408373
vt 0.1345984 0.9575374
vt 0.1044985 0.9606378
vt 0.1128982 0.9397377
vt 0.1110986 0.9763377
vt 0.08879863 0.9741379
vt 0.06649838 0.9562382
vt 0.0513982 0.9345382
vt 0.1026969 0.8191378
vt 0.1185969 0.8191376
vt 0.0788977 0.8965381
vt 0.05469798 0.9154383
vt 0.145498 0.9135373
vt 0.1342976 0.8788374
vt 0.1437973 0.8574374
vt 0.1287969 0.8191375
vt 0.1563971 0.8407373
vt 0.1399969 0.8192374
vt 0.08819692 0.819138
vt 0.06859748 0.8706382
vt 0.07719694 0.8192381
vt 0.05829726 0.8535383
vt 0.04929714 0.8350384
vt 0.06829689 0.8192381
vt 0.05369763 0.8879384
vt 0.0456975 0.8686386
vt 0.03239726 0.8539385
vt 0.02149762 0.8789387
vt 0.0285977 0.8875387
vt 0.01099779 0.8938388
vt 0.01559786 0.9000388
vt 0.04399751 0.8811385
vt 0.05369763 0.8879384
vt 0.08879863 0.9741379
vt 0.09439848 0.9632378
vt 0.1799977 0.8873369
vt 0.1564976 0.8771372
vt 0.1707978 0.8957371
vt 0.1720974 0.8609371
vt 0.1823979 0.9100369
vt 0.1885978 0.9038368
vt 0.1418977 0.8913374
vt 0.3537935 0.9711493
vt 0.3726935 0.9608493
vt 0.3537935 0.9638494
vt 0.3726935 0.9738494
vt 0.3916935 0.9499493
vt 0.3916935 0.9855493
vt 0.1101063 0.1235649
vt 0.0246059 0.02271471
vt 0.02997717 0.1206014
vt 0.1163342 0.02623381
vt 0.2092355 0.1467169
vt 0.2262136 0.0524419
vt 0.137171 0.214043
vt 0.2190828 0.2261746
vt 0.2510222 0.3036616
vt 0.03442235 0.2057082
vt 0.1411874 0.2599082
vt 0.06913513 0.2633648
vt 0.02386503 0.2593283
vt 0.02323993 0.305123
vt 0.05025833 0.3136429
vt 0.04965637 0.3475375
vt 0.08137463 0.3461947
vt 0.01284467 0.298131
vt 0.01127033 0.3486025
vt 0.01291413 0.3780055
vt 0.05368483 0.3718471
vt 0.02224439 0.4110666
vt 0.07748508 0.4175029
vt 0.08470853 0.371384
vt 0.08577353 0.4447759
vt 0.08415288 0.313967
vt 0.1238123 0.3707126
vt 0.1443481 0.3988423
vt 0.1971347 0.3737918
vt 0.1226315 0.3479542
vt 0.1244953 0.317162
vt 0.1124678 0.2854206
vt 0.1931989 0.3148468
vt 0.2263989 0.3846733
vt 0.1954678 0.4242633
vt 0.1468485 0.4299124
vt 0.1869247 0.4732761
vt 0.2194532 0.4043525
vt 0.1000352 0.4808468
vt 0.1427738 0.5205756
vt 0.1083236 0.5545628
vt 0.1856976 0.5631753
vt 0.2241763 0.5369673
vt 0.2288993 0.4499157
vt 0.2479765 0.52428
vt 0.2337149 0.3313774
vt 0.2745551 0.3811079
vt 0.2739068 0.3836083
vt 0.1394399 0.596329
vt 0.108694 0.6150359
vt 0.08387505 0.5873461
vt 0.05882457 0.611239
vt 0.07544772 0.6346688
vt 0.04748009 0.5600267
vt 0.06100087 0.5333555
vt 0.04942485 0.4951084
vt 0.03257019 0.4564908
vt 0.04748009 0.5600267
vt 0.03340366 0.5703988
vt 0.04748009 0.5600267
vt 0.05882457 0.611239
vt 0.07544772 0.6346688
vt 0.108694 0.6150359
vt 0.08387505 0.5873461
vt 0.1083236 0.5545628
vt 0.1394399 0.596329
vt 0.1856976 0.5631753
vt 0.1427738 0.5205756
vt 0.1000352 0.4808468
vt 0.1869247 0.4732761
vt 0.2241763 0.5369673
vt 0.2288993 0.4499157
vt 0.2479765 0.52428
vt 0.1954678 0.4242633
vt 0.1468485 0.4299124
vt 0.1443481 0.3988423
vt 0.08577353 0.4447759
vt 0.07748508 0.4175029
vt 0.02224439 0.4110666
vt 0.05368483 0.3718471
vt 0.01291413 0.3780055
vt 0.04965637 0.3475375
vt 0.08470853 0.371384
vt 0.01127033 0.3486025
vt 0.1238123 0.3707126
vt 0.08137463 0.3461947
vt 0.05025833 0.3136429
vt 0.02323993 0.305123
vt 0.01284467 0.298131
vt 0.06913513 0.2633648
vt 0.02386503 0.2593283
vt 0.03442235 0.2057082
vt 0.08415288 0.313967
vt 0.1226315 0.3479542
vt 0.1971347 0.3737918
vt 0.1244953 0.317162
vt 0.1124678 0.2854206
vt 0.1931989 0.3148468
vt 0.2263989 0.3846733
vt 0.2194532 0.4043525
vt 0.1411874 0.2599082
vt 0.137171 0.214043
vt 0.2510222 0.3036616
vt 0.2337149 0.3313774
vt 0.2190828 0.2261746
vt 0.2092355 0.1467169
vt 0.2745551 0.3811079
vt 0.2739068 0.3836083
vt 0.1101063 0.1235649
vt 0.1163342 0.02623381
vt 0.2262136 0.0524419
vt 0.0246059 0.02271471
vt 0.02997717 0.1206014
vt 0.2124632 0.843192
vt 0.2264648 0.7661082
vt 0.3052423 0.7902456
vt 0.2895811 0.8522373
vt 0.2942345 0.884315
vt 0.2191622 0.9106641
vt 0.3050883 0.940345
vt 0.2300951 0.9593337
vt 0.3822714 0.8499929
vt 0.3821503 0.8036542
vt 0.3883226 0.926702
vt 0.4463859 0.9314743
vt 0.4532118 0.842492
vt 0.4535992 0.7970619
vt 0.5533171 0.8908721
vt 0.5447083 0.9435978
vt 0.5617021 0.8261449
vt 0.5940323 0.9499528
vt 0.5986885 0.8984007
vt 0.6439818 0.9545788
vt 0.5157109 0.7769039
vt 0.568167 0.8091469
vt 0.5164533 0.7755703
vt 0.6096371 0.837365
vt 0.6402177 0.8545978
vt 0.6201124 0.8147867
vt 0.6789338 0.7945022
vt 0.6974865 0.849195
vt 0.6822876 0.921777
vt 0.6753439 0.9576139
vt 0.6960899 0.960512
vt 0.7022368 0.9385229
vt 0.6447812 0.906398
vt 0.7124599 0.9021424
vt 0.7342952 0.9231101
vt 0.7226706 0.9686605
vt 0.7455001 0.9871823
vt 0.7619062 0.9617427
vt 0.7684341 0.9324301
vt 0.6130084 0.7907738
vt 0.5732196 0.7896079
vt 0.6554429 0.7700033
vt 0.7342952 0.9231101
vt 0.7619062 0.9617427
vt 0.7226706 0.9686605
vt 0.7684341 0.9324301
vt 0.7022368 0.9385229
vt 0.7124599 0.9021424
vt 0.6974865 0.849195
vt 0.6822876 0.921777
vt 0.6960899 0.960512
vt 0.6753439 0.9576139
vt 0.6439818 0.9545788
vt 0.6402177 0.8545978
vt 0.6789338 0.7945022
vt 0.6447812 0.906398
vt 0.6201124 0.8147867
vt 0.6096371 0.837365
vt 0.5986885 0.8984007
vt 0.5940323 0.9499528
vt 0.6130084 0.7907738
vt 0.568167 0.8091469
vt 0.5732196 0.7896079
vt 0.6554429 0.7700033
vt 0.5617021 0.8261449
vt 0.5533171 0.8908721
vt 0.4532118 0.842492
vt 0.4463859 0.9314743
vt 0.3822714 0.8499929
vt 0.3883226 0.926702
vt 0.4535992 0.7970619
vt 0.5447083 0.9435978
vt 0.5157109 0.7769039
vt 0.5164533 0.7755703
vt 0.2942345 0.884315
vt 0.2895811 0.8522373
vt 0.3050883 0.940345
vt 0.2191622 0.9106641
vt 0.2124632 0.843192
vt 0.3052423 0.7902456
vt 0.2264648 0.7661082
vt 0.3821503 0.8036542
vt 0.2300951 0.9593337
vt 0.9062 0.5121
vt 0.8591 0.5224
vt 0.8782 0.5363
vt 0.91995 0.5118999
vt 0.8501 0.4911
vt 0.92105 0.48565
vt 0.8694 0.4795
vt 0.9728 0.48285
vt 0.8484 0.4765
vt 0.8338 0.5108
vt 0.81335 0.4912
vt 0.9837 0.5224
vt 0.8094 0.5147
vt 0.7926 0.5068
vt 0.78965 0.52335
vt 0.9973 0.5055
vt 0.9728 0.48285
vt 0.91995 0.5118999
vt 0.92105 0.48565
vt 0.8501 0.4911
vt 0.8694 0.4795
vt 0.8484 0.4765
vt 0.8338 0.5108
vt 0.81335 0.4912
vt 0.8094 0.5147
vt 0.7926 0.5068
vt 0.78965 0.52335
vt 0.8591 0.5224
vt 0.9062 0.5121
vt 0.8782 0.5363
vt 0.7771 0.6952
vt 0.7456 0.7783
vt 0.7397 0.7058
vt 0.7777 0.7804
vt 0.8147 0.6883
vt 0.82385 0.7738
vt 0.8635 0.6896
vt 0.8729 0.7595
vt 0.9181499 0.68785
vt 0.9253 0.7561
vt 0.9769 0.6798
vt 0.9781 0.7557
vt 0.8746 0.782
vt 0.82695 0.8032
vt 0.8746 0.782
vt 0.92635 0.78025
vt 0.8736 0.8049
vt 0.9278 0.80385
vt 0.8736 0.8049
vt 0.9836 0.7824
vt 0.9862 0.8111
vt 0.7781 0.8103
vt 0.92505 0.8702
vt 0.9744 0.8809
vt 0.91775 0.9837
vt 0.8811 0.9837
vt 0.876 0.8693
vt 0.84495 0.9837
vt 0.8318 0.87525
vt 0.952 0.9837
vt 0.787 0.8841
vt 0.745 0.8273
vt 0.7638 0.8922
vt 0.7991 0.9837
vt 0.7434 0.8019
vt 0.6735567 0.4820543
vt 0.7068567 0.4988542
vt 0.7024066 0.4734042
vt 0.6762568 0.5074543
vt 0.7024066 0.4734042
vt 0.6670566 0.4478543
vt 0.6842566 0.4454542
vt 0.6792564 0.4160543
vt 0.6639564 0.4171543
vt 0.6655564 0.3921543
vt 0.6753564 0.3954543
vt 0.6951566 0.4473542
vt 0.7058564 0.4192541
vt 0.6918565 0.4340543
vt 0.6942564 0.4220543
vt 0.7058564 0.4192541
vt 0.6918565 0.4340543
vt 0.7055564 0.3882542
vt 0.6949563 0.3868543
vt 0.6984562 0.3599542
vt 0.7039562 0.3612543
vt 0.6861564 0.3950542
vt 0.6753564 0.3954543
vt 0.6922565 0.4127542
vt 0.6918565 0.4340543
vt 0.7306567 0.4996541
vt 0.7335566 0.472454
vt 0.7068567 0.4988542
vt 0.7586566 0.482754
vt 0.7598568 0.495304
vt 0.7536566 0.474454
vt 0.7619565 0.441654
vt 0.7191565 0.4298542
vt 0.7058564 0.4192541
vt 0.7055564 0.3882542
vt 0.7158563 0.3875542
vt 0.7039562 0.3612543
vt 0.7117562 0.3599542
vt 0.7419565 0.4346541
vt 0.7461563 0.404454
vt 0.7651564 0.410554
vt 0.7266564 0.4001541
vt 0.7666563 0.383954
vt 0.7508563 0.372854
vt 0.7349563 0.3729541
vt 0.849073 0.5495595
vt 0.8572729 0.5608595
vt 0.8603728 0.5555595
vt 0.8517728 0.5616595
vt 0.8545728 0.5459595
vt 0.8551729 0.5367595
vt 0.8496729 0.5249596
vt 0.8447729 0.5272595
vt 0.8468729 0.5146595
vt 0.8437729 0.5607595
vt 0.826073 0.5494595
vt 0.8243728 0.5582595
vt 0.8103729 0.5459595
vt 0.8113729 0.5555595
vt 0.7995729 0.5538595
vt 0.795873 0.5461595
vt 0.7970729 0.5391595
vt 0.8247729 0.5396595
vt 0.8357729 0.5346595
vt 0.825873 0.5350595
vt 0.849073 0.5495595
vt 0.8105729 0.5312595
vt 0.7983729 0.5292596
vt 0.8010729 0.5272595
vt 0.8468729 0.5146595
vt 0.8448729 0.5182595
vt 0.8413729 0.5159595
vt 0.8468729 0.5146595
vt 0.6907563 0.3745543
vt 0.6939563 0.3756542
vt 0.6887563 0.3772542
vt 0.7635 0.5896
vt 0.7666 0.6255
vt 0.7406 0.6227
vt 0.7407 0.638
vt 0.8047 0.6062
vt 0.8526 0.6089
vt 0.91085 0.6216
vt 0.8957 0.5806
vt 0.79725 0.581
vt 0.8552 0.5724
vt 0.91085 0.6216
vt 0.9244 0.6018
vt 0.9721 0.6095
vt 0.91085 0.6216
vt 0.98 0.5923
vt 0.91085 0.6216
vt 0.7712 0.1691
vt 0.866225 0.11795
vt 0.84035 0.23535
vt 0.82225 0.0912
vt 0.914 0.0462
vt 0.759 0.2318
vt 0.7569 0.2792
vt 0.7922 0.2856
vt 0.8308 0.30325
vt 0.7732 0.3698
vt 0.8604 0.3704
vt 0.8209 0.395
vt 0.857 0.3401
vt 0.90175 0.35425
vt 0.91225 0.3806
vt 0.8947 0.4194
vt 0.9339 0.3988
vt 0.9909 0.3687
vt 0.9643 0.3476
vt 0.9909 0.3467
vt 0.9909 0.2989
vt 0.9744 0.3017
vt 0.9515 0.312
vt 0.9907 0.4025
vt 0.9489 0.4346
vt 0.8911 0.437
vt 0.9882 0.4387
vt 0.9479 0.4704
vt 0.8940001 0.32285
vt 0.9129 0.3066
vt 0.95495 0.294
vt 0.9766999 0.273175
vt 0.99105 0.2792
vt 0.9622 0.27015
vt 0.9408257 0.2833158
vt 0.8825 0.30435
vt 0.8643 0.2913
vt 0.8548 0.3097
vt 0.8589 0.2689
vt 0.9117046 0.2948119
vt 0.8914547 0.2872787
vt 0.8780524 0.276179
vt 0.934675 0.2663815
vt 0.9554 0.22875
vt 0.9249 0.24815
vt 0.8975593 0.2673323
vt 0.8893 0.2491
vt 0.9013125 0.208875
vt 0.88345 0.14845
vt 0.935525 0.16825
vt 0.9482 0.13865
vt 0.9446334 0.12535
vt 0.9207 0.11195
vt 0.96645 0.107775
vt 0.9502 0.0834
vt 0.9393 0.0546
vt 0.98035 0.0956
vt 0.9915 0.0793
vt 0.97425 0.15025
vt 0.95935 0.1757
vt 0.9476 0.19675
vt 0.9553 0.2002
vt 0.9676625 0.19005
vt 0.9869 0.171775
vt 0.9912 0.18765
vt 0.97165 0.1983
vt 0.9912 0.1977
vt 0.9912 0.2105
vt 0.9725 0.2087
vt 0.9912 0.239025
vt 0.9768375 0.2348375
vt 0.9914 0.1475
vt 0.99105 0.2792
vt 0.9913 0.1359
vt 0.97405 0.13495
vt 0.9779 0.1269
vt 0.9912 0.1265
vt 0.9686 0.1188
vt 0.9784 0.1214
vt 0.9912 0.1173
vt 0.9912 0.12
vt 0.9912 0.1061
vt 0.8438 0.015
vt 0.807 0.0527
vt 0.78265 0.03765
vt 0.8758 0.0287
vt 0.8194 0.0786
vt 0.75165 0.098
vt 0.7811 0.1106
vt 0.7466 0.0704
vt 0.8911 0.437
vt 0.8947 0.4194
vt 0.9916 0.0311
vt 0.9916 0.0506
vt 0.9916 0.0311
vt 0.9393 0.0546
vt 0.914 0.0462
vt 0.866225 0.11795
vt 0.82225 0.0912
vt 0.7712 0.1691
vt 0.84035 0.23535
vt 0.9502 0.0834
vt 0.9207 0.11195
vt 0.96645 0.107775
vt 0.94065 0.123575
vt 0.98035 0.0956
vt 0.9915 0.0793
vt 0.88345 0.14845
vt 0.9013125 0.208875
vt 0.8589 0.2689
vt 0.8308 0.30325
vt 0.7922 0.2856
vt 0.7569 0.2792
vt 0.7732 0.3698
vt 0.759 0.2318
vt 0.8604 0.3704
vt 0.8209 0.395
vt 0.857 0.3401
vt 0.90175 0.35425
vt 0.8946 0.3881
vt 0.8947 0.4194
vt 0.9339 0.3988
vt 0.9299 0.3731
vt 0.9909 0.3687
vt 0.9643 0.3476
vt 0.9909 0.3467
vt 0.9909 0.2989
vt 0.9744 0.3017
vt 0.9515 0.312
vt 0.9907 0.4025
vt 0.9489 0.4346
vt 0.8911 0.437
vt 0.8947 0.4194
vt 0.9882 0.4387
vt 0.8940001 0.32285
vt 0.9129 0.3066
vt 0.95495 0.294
vt 0.9766999 0.273175
vt 0.99105 0.2792
vt 0.9622 0.27015
vt 0.9399738 0.2897695
vt 0.8825 0.30435
vt 0.8548 0.3097
vt 0.8643 0.2913
vt 0.9154394 0.2949788
vt 0.8933052 0.2868593
vt 0.8846667 0.2749333
vt 0.94115 0.2698375
vt 0.9554 0.22875
vt 0.9249 0.24815
vt 0.9210385 0.2655303
vt 0.8956023 0.2683266
vt 0.8893 0.2491
vt 0.9476 0.19675
vt 0.935525 0.16825
vt 0.95935 0.1757
vt 0.9553 0.2002
vt 0.9676625 0.19005
vt 0.9869 0.171775
vt 0.9912 0.18765
vt 0.97165 0.1983
vt 0.9912 0.1977
vt 0.9912 0.2105
vt 0.9725 0.2087
vt 0.9912 0.239025
vt 0.9768375 0.2348375
vt 0.97425 0.15025
vt 0.9482 0.13865
vt 0.9914 0.1475
vt 0.99105 0.2792
vt 0.97405 0.13495
vt 0.9913 0.1359
vt 0.9779 0.1269
vt 0.9526 0.1289
vt 0.9912 0.1265
vt 0.9784 0.1214
vt 0.9686 0.1188
vt 0.9912 0.1173
vt 0.9912 0.12
vt 0.9912 0.1061
vt 0.8947 0.4194
vt 0.8911 0.437
vt 0.8591 0.5224
vt 0.8501 0.4911
vt 0.8501 0.4911
vt 0.8591 0.5224
vt 0.933797 0.5641251
vt 0.9370418 0.5481465
vt 0.9575462 0.5581247
vt 0.9096783 0.5470213
vt 0.9339091 0.5269883
vt 0.9201 0.5629
vt 0.9661661 0.5330397
vt 0.2391312 0.6237457
vt 0.2733327 0.6363006
vt 0.2658762 0.6235746
vt 0.2318384 0.6365665
vt 0.2256099 0.6006695
vt 0.2108607 0.6007643
vt 0.2388335 0.5774215
vt 0.2313769 0.5646957
vt 0.2655786 0.5772502
vt 0.2728713 0.5644297
vt 0.2790998 0.6003267
vt 0.2938491 0.6002319
vt 0.3345 0.5531918
vt 0.3485 0.5894918
vt 0.3259 0.5783918
vt 0.3366 0.6307918
vt 0.3218 0.5813919
vt 0.317 0.6420919
vt 0.4179 0.6014918
vt 0.37745 0.6552918
vt 0.322 0.6605918
vt 0.328 0.6941919
vt 0.3855 0.6893919
vt 0.3368 0.7476919
vt 0.4145 0.7404919
vt 0.4389 0.6565918
vt 0.50265 0.6606418
vt 0.5029 0.5989918
vt 0.5972 0.6652418
vt 0.5789 0.5963919
vt 0.6715 0.6225919
vt 0.6723713 0.5683858
vt 0.7275 0.5822418
vt 0.7165 0.5340918
vt 0.7275 0.5379918
vt 0.6987 0.5248919
vt 0.67905 0.6601918
vt 0.6819 0.7128418
vt 0.5951 0.7137918
vt 0.6727 0.7550918
vt 0.7275 0.7460918
vt 0.595 0.7560919
vt 0.5134 0.7540919
vt 0.7275 0.6515918
vt 0.7275 0.6158919
vt 0.7275 0.7061918
vt 0.5048 0.7078919
vt 0.4389 0.6971918
vt 0.4917275 0.2455191
vt 0.4514516 0.2582664
vt 0.4474737 0.1996382
vt 0.4888344 0.3102498
vt 0.3409304 0.2608882
vt 0.4587745 0.3102498
vt 0.3501518 0.3102498
vt 0.2811721 0.3102498
vt 0.2660291 0.2696123
vt 0.3327034 0.208724
vt 0.3256066 0.1591815
vt 0.2463658 0.2097184
vt 0.2409866 0.1537572
vt 0.326149 0.09969443
vt 0.2431564 0.09413446
vt 0.261554 0.03975531
vt 0.3381278 0.04771103
vt 0.3452699 0.01733464
vt 0.4563335 0.01742506
vt 0.2724027 0.01733464
vt 0.4469765 0.1589103
vt 0.4503215 0.09049564
vt 0.4872975 0.1542092
vt 0.4802458 0.0839186
vt 0.4973326 0.07975994
vt 0.5441629 0.154842
vt 0.5509433 0.07379316
vt 0.5517569 0.01742506
vt 0.4894673 0.01742506
vt 0.6667532 0.1231096
vt 0.6667532 0.1013217
vt 0.6667532 0.1437221
vt 0.6667532 0.01751546
vt 0.5398234 0.1936262
vt 0.6667532 0.163069
vt 0.6667532 0.1800653
vt 0.5765281 0.2418125
vt 0.6667532 0.3102498
vt 0.5527514 0.3102498
vt 0.531506 0.2423549
vt 0.4881112 0.1964288
vt 0.3455935 0.9674494
vt 0.3537935 0.9638494
vt 0.3537935 0.9711493
vt 0.4330935 0.9859493
vt 0.4558935 0.9498493
vt 0.4558935 0.9863493
vt 0.4330935 0.9498493
vt 0.4077936 0.9857493
vt 0.4077936 0.9498493
vt 0.3916935 0.9855493
vt 0.3916935 0.9499493
vt 0.4810936 0.9863493
vt 0.4810936 0.9498493
vt 0.5119935 0.9513493
vt 0.5120935 0.9856493
vt 0.1007977 0.8928378
vt 0.1128982 0.9397377
vt 0.08829819 0.9377379
vt 0.09439848 0.9632378
vt 0.08879863 0.9741379
vt 0.1252978 0.8978375
vt 0.1474982 0.9408373
vt 0.1345984 0.9575374
vt 0.1044985 0.9606378
vt 0.1128982 0.9397377
vt 0.1110986 0.9763377
vt 0.08879863 0.9741379
vt 0.06649838 0.9562382
vt 0.0513982 0.9345382
vt 0.1026969 0.8191378
vt 0.1185969 0.8191376
vt 0.0788977 0.8965381
vt 0.05469798 0.9154383
vt 0.145498 0.9135373
vt 0.1342976 0.8788374
vt 0.1437973 0.8574374
vt 0.1287969 0.8191375
vt 0.1563971 0.8407373
vt 0.1399969 0.8192374
vt 0.08819692 0.819138
vt 0.06859748 0.8706382
vt 0.07719694 0.8192381
vt 0.05829726 0.8535383
vt 0.04929714 0.8350384
vt 0.06829689 0.8192381
vt 0.05369763 0.8879384
vt 0.0456975 0.8686386
vt 0.03239726 0.8539385
vt 0.02149762 0.8789387
vt 0.0285977 0.8875387
vt 0.01099779 0.8938388
vt 0.01559786 0.9000388
vt 0.04399751 0.8811385
vt 0.05369763 0.8879384
vt 0.08879863 0.9741379
vt 0.09439848 0.9632378
vt 0.1799977 0.8873369
vt 0.1564976 0.8771372
vt 0.1720974 0.8609371
vt 0.1707978 0.8957371
vt 0.1823979 0.9100369
vt 0.1885978 0.9038368
vt 0.1418977 0.8913374
vt 0.3537935 0.9711493
vt 0.3726935 0.9608493
vt 0.3726935 0.9738494
vt 0.3537935 0.9638494
vt 0.3916935 0.9499493
vt 0.3916935 0.9855493
vt 0.06100087 0.5333555
vt 0.04942485 0.4951084
vt 0.04748009 0.5600267
vt 0.03257019 0.4564908
vt 0.04748009 0.5600267
vt 0.7771 0.6952
vt 0.7456 0.7783
vt 0.7777 0.7804
vt 0.7397 0.7058
vt 0.8147 0.6883
vt 0.82385 0.7738
vt 0.8635 0.6896
vt 0.8729 0.7595
vt 0.9181499 0.68785
vt 0.9253 0.7561
vt 0.9769 0.6798
vt 0.9781 0.7557
vt 0.8746 0.782
vt 0.82695 0.8032
vt 0.8746 0.782
vt 0.92635 0.78025
vt 0.8736 0.8049
vt 0.9278 0.80385
vt 0.8736 0.8049
vt 0.9836 0.7824
vt 0.9862 0.8111
vt 0.7781 0.8103
vt 0.92505 0.8702
vt 0.9744 0.8809
vt 0.91775 0.9837
vt 0.8811 0.9837
vt 0.876 0.8693
vt 0.84495 0.9837
vt 0.8318 0.87525
vt 0.952 0.9837
vt 0.787 0.8841
vt 0.745 0.8273
vt 0.7638 0.8922
vt 0.7991 0.9837
vt 0.7434 0.8019
vt 0.6735567 0.4820543
vt 0.7068567 0.4988542
vt 0.6762568 0.5074543
vt 0.7024066 0.4734042
vt 0.6670566 0.4478543
vt 0.6842566 0.4454542
vt 0.7024066 0.4734042
vt 0.6792564 0.4160543
vt 0.6639564 0.4171543
vt 0.6655564 0.3921543
vt 0.6753564 0.3954543
vt 0.6951566 0.4473542
vt 0.7058564 0.4192541
vt 0.6918565 0.4340543
vt 0.6942564 0.4220543
vt 0.7058564 0.4192541
vt 0.6918565 0.4340543
vt 0.7055564 0.3882542
vt 0.6949563 0.3868543
vt 0.6984562 0.3599542
vt 0.7039562 0.3612543
vt 0.7306567 0.4996541
vt 0.7068567 0.4988542
vt 0.7335566 0.472454
vt 0.7586566 0.482754
vt 0.7598568 0.495304
vt 0.7536566 0.474454
vt 0.7619565 0.441654
vt 0.7191565 0.4298542
vt 0.7058564 0.4192541
vt 0.7055564 0.3882542
vt 0.7158563 0.3875542
vt 0.7039562 0.3612543
vt 0.7117562 0.3599542
vt 0.7419565 0.4346541
vt 0.7461563 0.404454
vt 0.7651564 0.410554
vt 0.7266564 0.4001541
vt 0.7666563 0.383954
vt 0.7508563 0.372854
vt 0.7349563 0.3729541
vt 0.849073 0.5495595
vt 0.8572729 0.5608595
vt 0.8517728 0.5616595
vt 0.8603728 0.5555595
vt 0.8545728 0.5459595
vt 0.8551729 0.5367595
vt 0.8496729 0.5249596
vt 0.8447729 0.5272595
vt 0.8468729 0.5146595
vt 0.8437729 0.5607595
vt 0.826073 0.5494595
vt 0.8243728 0.5582595
vt 0.8103729 0.5459595
vt 0.8113729 0.5555595
vt 0.7995729 0.5538595
vt 0.795873 0.5461595
vt 0.7970729 0.5391595
vt 0.8247729 0.5396595
vt 0.8357729 0.5346595
vt 0.825873 0.5350595
vt 0.849073 0.5495595
vt 0.8105729 0.5312595
vt 0.7983729 0.5292596
vt 0.8010729 0.5272595
vt 0.8468729 0.5146595
vt 0.8448729 0.5182595
vt 0.8413729 0.5159595
vt 0.8468729 0.5146595
vt 0.6861564 0.3950542
vt 0.6922565 0.4127542
vt 0.6753564 0.3954543
vt 0.6918565 0.4340543
vt 0.6907563 0.3745543
vt 0.6887563 0.3772542
vt 0.6939563 0.3756542
vt 0.7635 0.5896
vt 0.7406 0.6227
vt 0.7666 0.6255
vt 0.7407 0.638
vt 0.8047 0.6062
vt 0.8526 0.6089
vt 0.91085 0.6216
vt 0.8957 0.5806
vt 0.79725 0.581
vt 0.8552 0.5724
vt 0.91085 0.6216
vt 0.9244 0.6018
vt 0.91085 0.6216
vt 0.9721 0.6095
vt 0.98 0.5923
vt 0.91085 0.6216
vt 0.8438 0.015
vt 0.78265 0.03765
vt 0.807 0.0527
vt 0.8758 0.0287
vt 0.8194 0.0786
vt 0.75165 0.098
vt 0.7811 0.1106
vt 0.7466 0.0704
vt 0.9916 0.0311
vt 0.9916 0.0506
vt 0.8947 0.4194
vt 0.8591 0.5224
vt 0.8501 0.4911
vt 0.8591 0.5224
vt 0.8501 0.4911
vt 0.9110507 0.541303
vt 0.9109831 0.5528556
vt 0.9170789 0.5481669
vt 0.9524156 0.5293425
vt 0.9483457 0.5586344
vt 0.9567099 0.5549797
vt 0.974775 0.5397
vt 0.2391312 0.6237457
vt 0.2733327 0.6363006
vt 0.2318384 0.6365665
vt 0.2658762 0.6235746
vt 0.2256099 0.6006695
vt 0.2108607 0.6007643
vt 0.2388335 0.5774215
vt 0.2313769 0.5646957
vt 0.2655786 0.5772502
vt 0.2728713 0.5644297
vt 0.2790998 0.6003267
vt 0.2938491 0.6002319
vt 0.3449861 0.4373981
vt 0.4081053 0.4400826
vt 0.3711658 0.4662513
vt 0.3411095 0.4810458
vt 0.4358858 0.4795008
vt 0.4365177 0.4172233
vt 0.4632505 0.4658847
vt 0.4018089 0.3798244
vt 0.3696844 0.3990961
vt 0.4304268 0.3627535
vt 0.4736703 0.3471157
vt 0.4846305 0.4001232
vt 0.4934013 0.4429977
vt 0.5084957 0.431411
vt 0.4787751 0.4548453
vt 0.5252805 0.3557921
vt 0.5513282 0.3748945
vt 0.5606254 0.3912862
vt 0.5693244 0.3469387
vt 0.5314585 0.3300816
vt 0.4748243 0.3258737
vt 0.3614111 0.381759
vt 0.3314856 0.3980736
vt 0.3991019 0.3609894
vt 0.4375634 0.3436375
vt 0.5752067 0.4227116
vt 0.5217605 0.4985808
vt 0.5348457 0.4728807
vt 0.5762288 0.4761433
vt 0.5676873 0.5303214
vt 0.5944295 0.3770078
vt 0.5707776 0.3797116
vt 0.5853494 0.3652582
vt 0.6036818 0.4151075
vt 0.6104341 0.4690169
vt 0.6018231 0.5286978
vt 0.4891548 0.5166798
vt 0.5325336 0.5562537
vt 0.5644922 0.5633685
vt 0.4514285 0.5265421
vt 0.3979531 0.4995537
vt 0.4095728 0.540581
vt 0.4985776 0.5653039
vt 0.457688 0.5626228
vt 0.4086633 0.5636222
vt 0.3698608 0.5246636
vt 0.5134215 0.5758704
vt 0.4595121 0.5851848
vt 0.3175167 0.4342878
vt 0.301021 0.4061762
vt 0.2889762 0.440828
vt 0.2866484 0.4651766
vt 0.2763074 0.4197812
vt 0.2895437 0.3882035
vt 0.319518 0.3777217
vt 0.2596797 0.4196301
vt 0.3440023 0.3606043
vt 0.2800189 0.5033813
vt 0.2665689 0.4421926
vt 0.2652129 0.4866192
vt 0.2763074 0.4197812
vt 0.301021 0.4061762
vt 0.2763074 0.4197812
vt 0.3314856 0.3980736
vt 0.3992405 0.32078
vt 0.3991019 0.3609894
vt 0.4748243 0.3258737
vt 0.4375634 0.3436375
vt 0.3188596 0.5094796
vt 0.1568987 0.637694
vt 0.1695558 0.6600505
vt 0.1352993 0.6854298
vt 0.1113952 0.6923917
vt 0.1220056 0.7107649
vt 0.1261488 0.7383137
vt 0.1361824 0.714522
vt 0.1474359 0.7319593
vt 0.1451264 0.7532986
vt 0.1282688 0.7589025
vt 0.1344785 0.7833788
vt 0.1557771 0.7757474
vt 0.170401 0.8065738
vt 0.1579795 0.8132759
vt 0.1717781 0.7732809
vt 0.1605561 0.7538704
vt 0.1866594 0.796622
vt 0.1866594 0.796622
vt 0.1791075 0.828242
vt 0.1941469 0.8124732
vt 0.1825965 0.8335536
vt 0.196963 0.8189668
vt 0.1474359 0.7319593
vt 0.1683867 0.7503687
vt 0.1361824 0.714522
vt 0.1717781 0.7732809
vt 0.1971798 0.7836156
vt 0.1866594 0.796622
vt 0.2091024 0.803206
vt 0.1866594 0.796622
vt 0.1866594 0.796622
vt 0.1941469 0.8124732
vt 0.7052519 0.1130141
vt 0.7118577 0.08053473
vt 0.7250317 0.1154385
vt 0.7163444 0.1626571
vt 0.7058452 0.1650468
vt 0.6890576 0.1717544
vt 0.6797054 0.1194594
vt 0.6908575 0.07547036
vt 0.7120554 0.05225256
vt 0.7275947 0.06347409
vt 0.7287968 0.06265005
vt 0.7301015 0.07957426
vt 0.7175383 0.0468649
vt 0.7024063 0.1868176
vt 0.6842515 0.1968615
vt 0.6944486 0.2097745
vt 0.7174859 0.180416
vt 0.7169197 0.2062211
vt 0.7212889 0.2282782
vt 0.7024561 0.2370738
vt 0.6912382 0.2564776
vt 0.7176194 0.2597183
vt 0.7020487 0.3024713
vt 0.7338164 0.277868
vt 0.7411233 0.3030572
vt 0.7053415 0.3231731
vt 0.7078848 0.3370053
vt 0.7338276 0.1210995
vt 0.7163444 0.1626571
vt 0.7250317 0.1154385
vt 0.7373561 0.1759408
vt 0.7174859 0.180416
vt 0.7169197 0.2062211
vt 0.7212889 0.2282782
vt 0.7287968 0.06265005
vt 0.7250317 0.1154385
vt 0.7301015 0.07957426
vt 0.2707533 0.7025777
vt 0.2855006 0.718533
vt 0.2719896 0.717168
vt 0.2878159 0.7106385
vt 0.2468815 0.7152615
vt 0.2430824 0.6980088
vt 0.274356 0.6947962
vt 0.2942305 0.702129
vt 0.3140548 0.7123729
vt 0.3047425 0.7210345
vt 0.2222524 0.7137315
vt 0.2150322 0.6977348
vt 0.1971165 0.7112435
vt 0.1928858 0.6987991
vt 0.1798063 0.7016761
vt 0.1824611 0.6897681
vt 0.2034879 0.6854266
vt 0.2420527 0.6838639
vt 0.1641477 0.6960675
vt 0.2181526 0.7367082
vt 0.2471464 0.7388178
vt 0.1949695 0.7290627
vt 0.2771438 0.7318263
vt 0.3023436 0.7325282
vt 0.3136704 0.7303796
vt 0.2041371 0.6493213
vn -0.9916032 0.118197 0.052465
vn -0.6524166 0.08084071 -0.7535366
vn -0.726963 -0.6611832 -0.185369
vn -0.1644097 -0.6406762 -0.7500023
vn 0 0.09166116 -0.9957903
vn 0 -0.407617 -0.913153
vn 0.3026348 -0.9421123 -0.1443488
vn 0.04065716 -0.9439481 -0.3275805
vn 0 -0.856262 -0.5165417
vn 0 -0.985779 -0.1680465
vn 0.2286153 -0.9711481 -0.06787127
vn 0 -0.9985406 -0.05400482
vn 0.5566702 -0.8192147 0.1378603
vn 0.6334817 -0.768087 -0.0935048
vn 0.9804381 -0.1966566 0.008196885
vn 0.9623593 -0.2448905 -0.1178697
vn 0.729628 0.6772243 -0.09492195
vn 0.7080398 0.6635138 -0.2417213
vn -0.04508042 0.7907436 -0.6104853
vn -0.3768611 0.8356953 -0.3994859
vn 0 0.3873747 -0.9219223
vn -0.6524166 0.08084071 -0.7535366
vn 0 0.09166116 -0.9957903
vn -0.9916032 0.118197 0.052465
vn 0.1073963 0.9587637 -0.2631314
vn 0.1414705 0.9668956 0.2123656
vn 0.7408564 0.6107807 0.2794258
vn 0.1746113 0.8608608 0.4779431
vn 0 0.8983377 0.4393057
vn 0.6509545 0.583415 0.48568
vn 0.9203558 -0.1550747 0.3590223
vn 0 0.9174389 -0.3978767
vn 0 0.5251356 -0.8510185
vn 0 0.9873545 0.1585285
vn 0.9550847 -0.2186723 0.1999892
vn 0.5802528 -0.8025733 0.1385026
vn -0.1426198 0.9760297 0.164395
vn 0.7550072 0.6556554 0.008955889
vn -0.3573729 0.9339253 0.008249131
vn -0.9952627 0.08340117 -0.0499624
vn -0.4161241 0.9092425 -0.01090551
vn -0.9860407 -0.04334002 -0.1607655
vn -0.9934831 0.1139476 0.002654558
vn -0.9916032 0.118197 0.052465
vn -0.3768611 0.8356953 -0.3994859
vn 0.6343861 0.76183 -0.131032
vn 0.953554 -0.2253698 -0.1998579
vn 0.7080398 0.6635138 -0.2417213
vn 0.9623593 -0.2448905 -0.1178697
vn 0.1818146 -0.9703088 -0.1595124
vn 0.3026348 -0.9421123 -0.1443488
vn -0.726963 -0.6611832 -0.185369
vn -0.7751731 -0.6294775 -0.05352346
vn -0.9934831 0.1139476 0.002654558
vn -0.9860407 -0.04334002 -0.1607655
vn -0.9916032 0.118197 0.052465
vn 0.9227983 -0.356378 -0.146417
vn -0.1498269 -0.967659 -0.2029483
vn 0.867848 -0.4946892 -0.04606936
vn -0.2479115 -0.9422027 -0.2253751
vn -0.2835588 -0.9150738 -0.2867652
vn 0.8640538 -0.4928804 -0.1023721
vn -0.312196 -0.9419001 -0.1239261
vn -0.9982028 0.05769058 -0.01621958
vn -0.9952627 0.08340117 -0.0499624
vn -0.03444598 -0.9572868 0.2870809
vn -0.9341418 -0.3317944 0.1314981
vn 0.921845 -0.3860138 0.03457005
vn -0.8703039 0.4857943 0.0810859
vn 0.8497307 0.5272167 0.0004450119
vn 0.8679973 0.4965352 -0.005785075
vn 0.05234878 0.9966543 0.06276836
vn -0.08835193 0.994611 -0.05424825
vn -0.8703039 0.4857943 0.0810859
vn -0.9982028 0.05769058 -0.01621958
vn -0.1088313 0.9845317 0.137306
vn 0.8452681 0.5153755 0.1411027
vn -0.06837959 0.8327174 -0.5494598
vn -0.6856251 -0.4507202 -0.5716375
vn 0.6794109 -0.3815759 -0.6267381
vn -0.5649877 0.7007856 -0.4355326
vn 0.6928228 0.3524796 -0.6290903
vn 0.7763034 0.5221979 -0.3530758
vn -0.6912886 0.3421351 -0.6364461
vn -0.7939751 0.2156568 -0.5684151
vn 0.6955267 0.3473952 -0.628935
vn -0.8874546 0.1310636 -0.4418671
vn 0.2769707 -0.2997743 -0.9129199
vn -0.7673687 -0.09419166 -0.6342502
vn 0.7526066 -0.1812836 -0.633024
vn 0.5483907 -0.5943758 -0.5882047
vn -0.5092625 -0.6161003 -0.6008928
vn 0.04494665 -0.7323076 0.6794891
vn 0.7033127 -0.426737 0.5685479
vn -0.7078335 -0.3937203 0.5864776
vn 0.5380217 -0.7378014 0.407654
vn 0.5483907 -0.5943758 -0.5882047
vn -0.9593673 -0.1207602 0.2550123
vn -0.6912886 0.3421351 -0.6364461
vn -0.7673687 -0.09419166 -0.6342502
vn -0.4379157 -0.7808062 0.4456136
vn -0.7078335 -0.3937203 0.5864776
vn -0.5092625 -0.6161003 -0.6008928
vn 0.5483907 -0.5943758 -0.5882047
vn 0.7526066 -0.1812836 -0.633024
vn 0.6928228 0.3524796 -0.6290903
vn -0.03444598 -0.9572868 0.2870809
vn -0.9341418 -0.3317944 0.1314981
vn 0.92077 -0.2852288 0.2661335
vn 0.7763034 0.5221979 -0.3530758
vn -0.5649877 0.7007856 -0.4355326
vn -0.9915819 0.1274689 -0.02273886
vn -0.8977869 0.4362962 -0.06020246
vn -0.8703039 0.4857943 0.0810859
vn -0.05643066 0.997695 0.03768551
vn 0.05234878 0.9966543 0.06276836
vn 0.921845 -0.3860138 0.03457005
vn 0.9983524 -0.03661928 0.04417663
vn 0.8679973 0.4965352 -0.005785075
vn 0.8442337 0.5359375 -0.006357073
vn -0.05643066 0.997695 0.03768551
vn 0.05234878 0.9966543 0.06276836
vn 0.6955267 0.3473952 -0.628935
vn 0.8500944 0.4706468 -0.2362861
vn -0.1245544 0.9773521 -0.171082
vn 0.2096532 0.8714489 -0.4434213
vn 0.7652819 -0.5715209 -0.2961546
vn -0.06837959 0.8327174 -0.5494598
vn 0.6794109 -0.3815759 -0.6267381
vn 0.2769707 -0.2997743 -0.9129199
vn 0.6955267 0.3473952 -0.628935
vn 0.5483907 -0.5943758 -0.5882047
vn 0.5380217 -0.7378014 0.407654
vn 0.2096532 0.8714489 -0.4434213
vn -0.8874546 0.1310636 -0.4418671
vn -0.8520038 -0.4473276 -0.272007
vn -0.1245544 0.9773521 -0.171082
vn -0.6856251 -0.4507202 -0.5716375
vn -0.06837959 0.8327174 -0.5494598
vn -0.7939751 0.2156568 -0.5684151
vn -0.6856251 -0.4507202 -0.5716375
vn 0.7652819 -0.5715209 -0.2961546
vn 0.6794109 -0.3815759 -0.6267381
vn -0.8520038 -0.4473276 -0.272007
vn 0.2769707 -0.2997743 -0.9129199
vn -0.8874546 0.1310636 -0.4418671
vn 0.5770583 -0.8091766 0.1106215
vn 0 -0.9985406 -0.05400482
vn 0 -0.9995084 0.03135259
vn 0.5566702 -0.8192147 0.1378603
vn 0.9740647 -0.08964394 0.2077547
vn 0.9203558 -0.1550747 0.3590223
vn 0.7519062 -0.6520622 -0.097222
vn 0.9802142 0.08032689 -0.1809079
vn 0.9084448 0.2237858 -0.3530552
vn 0 -0.9869924 -0.1607671
vn 0.8009071 -0.3838723 -0.459554
vn 0.2188538 -0.8342756 -0.5060505
vn 0 -0.9891222 -0.1470963
vn -0.4888463 -0.8522894 -0.186097
vn -0.2896242 -0.9125255 -0.2888164
vn -0.3508067 -0.8868325 0.3007702
vn 0.3630346 -0.8884122 0.2809441
vn 0 -0.9997898 0.02050597
vn 0 -0.9645394 0.2639388
vn 0 -0.833766 0.5521179
vn -0.3549237 -0.6400028 0.6814877
vn 0 -0.7256551 0.6880586
vn -0.09806106 -0.5735386 0.8132881
vn 0.1473698 -0.6243788 0.7670941
vn -0.08675686 -0.7376704 0.6695638
vn 0.3449958 -0.8574824 -0.3817091
vn 0.8228911 -0.2545073 0.5080122
vn 0.5510858 -0.4697369 0.6896749
vn 0.9708684 -0.1432521 0.1920761
vn 0.9379539 -0.3405181 0.06549606
vn 0.7449533 -0.4298559 -0.510165
vn 0.4665705 -0.3828467 -0.7973332
vn 0.9189564 -0.06998264 -0.3881001
vn 0.9803241 -0.1880263 -0.06008935
vn 0.7499961 -0.634532 0.1867484
vn 0.3083193 -0.69633 0.6481233
vn 0.4213456 -0.6707429 0.6103867
vn 0.754164 -0.5290126 -0.3890789
vn 0.02915649 -0.7825661 0.6218844
vn 0.2682994 -0.6285396 0.7300366
vn 0.4893388 -0.7170577 0.4963625
vn 0.3556087 -0.07897955 0.9312919
vn 0.5641754 -0.01916573 0.8254325
vn 0.6435862 -0.7376247 0.2042221
vn 0.8031036 0.08262345 0.5900829
vn 0.9872875 0.0549035 -0.1491609
vn 0.7054037 0.1404918 -0.6947429
vn -0.3785231 0.0174651 -0.9254271
vn 0.5792798 -0.2420429 0.7783636
vn 0.9457023 0.2670933 0.1852254
vn 0.9057513 -0.3829984 -0.181457
vn 0.8205754 -0.04479026 -0.5697804
vn 0.9667721 0.1176162 -0.2269763
vn 0 -0.9542483 -0.2990154
vn 0 -0.9868184 0.1618309
vn 0 -0.8668734 0.4985283
vn 0 -0.8151157 0.5792983
vn 0 -0.9542483 -0.2990154
vn 0 -0.3290358 -0.9443175
vn 0 -0.9542483 -0.2990154
vn -0.8205754 -0.04479027 -0.5697804
vn -0.9667721 0.1176162 -0.2269763
vn -0.9457023 0.2670933 0.1852254
vn -0.9057513 -0.3829985 -0.1814571
vn -0.4893387 -0.7170577 0.4963626
vn -0.5792798 -0.2420429 0.7783636
vn -0.3556087 -0.07897955 0.9312919
vn -0.2682994 -0.6285396 0.7300366
vn -0.02915649 -0.7825661 0.6218844
vn -0.4213456 -0.6707429 0.6103868
vn -0.5641753 -0.01916573 0.8254325
vn -0.6435862 -0.7376247 0.204222
vn -0.8031036 0.08262345 0.5900829
vn -0.749996 -0.6345321 0.1867484
vn -0.3083194 -0.69633 0.6481233
vn -0.5510858 -0.4697369 0.6896749
vn 0.08675685 -0.7376704 0.6695638
vn 0.09806105 -0.5735386 0.8132881
vn 0 -0.7256551 0.6880586
vn 0.3549237 -0.6400028 0.6814877
vn 0 -0.833766 0.5521179
vn 0.3508067 -0.8868325 0.3007702
vn -0.1473698 -0.6243788 0.7670941
vn 0 -0.9645394 0.2639388
vn -0.8228911 -0.2545072 0.5080122
vn -0.3630346 -0.8884122 0.2809441
vn 0.2896242 -0.9125255 -0.2888164
vn 0.4888463 -0.8522894 -0.186097
vn 0 -0.9997898 0.02050597
vn -0.2188538 -0.8342756 -0.5060506
vn 0 -0.9891222 -0.1470963
vn 0 -0.9869924 -0.1607671
vn -0.3449958 -0.8574824 -0.3817089
vn -0.9379539 -0.3405181 0.06549606
vn -0.9708684 -0.1432521 0.1920761
vn -0.7449533 -0.429856 -0.510165
vn -0.4665705 -0.3828467 -0.7973332
vn -0.9189564 -0.06998263 -0.3881
vn -0.9803241 -0.1880263 -0.06008934
vn -0.754164 -0.5290125 -0.3890789
vn -0.8009071 -0.3838723 -0.459554
vn -0.7519062 -0.6520622 -0.097222
vn -0.9084449 0.2237857 -0.3530551
vn -0.9872875 0.05490349 -0.1491609
vn -0.9802142 0.08032686 -0.1809079
vn -0.9740647 -0.08964394 0.2077547
vn -0.7054037 0.1404918 -0.6947429
vn 0.3785231 0.01746509 -0.9254271
vn -0.5770583 -0.8091766 0.1106215
vn -0.5566702 -0.8192147 0.1378602
vn -0.9203558 -0.1550747 0.3590223
vn 0 -0.9985406 -0.05400482
vn 0 -0.9995084 0.03135259
vn 0.6509545 0.583415 0.48568
vn 0.9203558 -0.1550747 0.3590223
vn 0.9740647 -0.08964394 0.2077547
vn 0.6238697 0.7185253 0.3074217
vn 0.1779126 0.9304579 0.320305
vn 0.1746113 0.8608608 0.4779431
vn 0 0.9479461 0.3184309
vn 0 0.8983377 0.4393057
vn 0.5358243 0.8360339 -0.1180663
vn 0.9802142 0.08032689 -0.1809079
vn 0 0.9981659 -0.06053757
vn 0 0.9395849 -0.3423162
vn 0.5256015 0.7430798 -0.4142168
vn 0.9084448 0.2237858 -0.3530552
vn 0.06056346 0.9753243 -0.2123077
vn 0 0.9805366 -0.1963363
vn 0.2794849 0.8821853 -0.3789949
vn 0 0.9958013 0.09154183
vn 0.0430721 0.9921064 0.11777
vn 0 0.8598308 0.5105791
vn 0.7054037 0.1404918 -0.6947429
vn 0.1835179 0.7995192 -0.5719181
vn -0.3785231 0.0174651 -0.9254271
vn 0.2835215 0.9443552 0.1667601
vn 0.3005162 0.7140763 0.6322856
vn 0.4987597 0.7824908 0.3727558
vn 0.5641754 -0.01916573 0.8254325
vn 0.3556087 -0.07897955 0.9312919
vn 0.2567951 0.6551712 0.7104977
vn 0 0.7714602 0.6362775
vn 0 0.8877783 0.4602715
vn 0.4017108 0.6940565 0.5974227
vn 0.09746434 0.8208761 0.5627283
vn 0.5792798 -0.2420429 0.7783636
vn 0.9457023 0.2670933 0.1852254
vn 0 0.9828218 0.184557
vn 0 0.9791712 -0.2030361
vn 0.5519091 0.808199 -0.2054524
vn 0.9667721 0.1176162 -0.2269763
vn 0.5366774 0.7814962 0.3181839
vn 0.1117439 0.8629881 -0.4927119
vn 0.8031036 0.08262345 0.5900829
vn -0.9457023 0.2670933 0.1852254
vn -0.5519091 0.808199 -0.2054524
vn 0 0.9828218 0.184557
vn -0.9667721 0.1176162 -0.2269763
vn -0.4017108 0.6940565 0.5974227
vn -0.5792798 -0.2420429 0.7783636
vn -0.3556087 -0.07897955 0.9312919
vn -0.2567951 0.6551712 0.7104977
vn 0 0.8877783 0.4602715
vn 0 0.7714602 0.6362775
vn 0 0.8598308 0.5105791
vn -0.3005162 0.7140763 0.6322856
vn -0.5641753 -0.01916573 0.8254325
vn -0.09746434 0.8208761 0.5627283
vn -0.4987597 0.7824908 0.3727558
vn -0.2835215 0.9443552 0.1667601
vn -0.04307209 0.9921064 0.11777
vn 0 0.9958013 0.09154183
vn -0.5366775 0.7814962 0.318184
vn -0.1835179 0.7995192 -0.571918
vn -0.1117439 0.8629881 -0.4927119
vn -0.8031036 0.08262345 0.5900829
vn -0.2794848 0.8821853 -0.3789949
vn -0.06056344 0.9753243 -0.2123077
vn -0.5256015 0.7430798 -0.4142168
vn 0 0.9395849 -0.3423162
vn -0.5358243 0.8360339 -0.1180663
vn 0 0.9981659 -0.06053757
vn -0.9084449 0.2237857 -0.3530551
vn 0 0.9805366 -0.1963363
vn -0.7054037 0.1404918 -0.6947429
vn 0.3785231 0.01746509 -0.9254271
vn -0.1779126 0.9304579 0.320305
vn -0.6238697 0.7185253 0.3074217
vn 0 0.9479461 0.3184309
vn -0.1746113 0.8608608 0.4779431
vn -0.6509545 0.583415 0.48568
vn -0.9740647 -0.08964394 0.2077547
vn -0.9203558 -0.1550747 0.3590223
vn -0.9802142 0.08032686 -0.1809079
vn 0 0.8983377 0.4393057
vn 0.8205754 -0.04479026 -0.5697804
vn 0.9258806 0.1138186 -0.3602643
vn 0.9667721 0.1176162 -0.2269763
vn 0.8205754 -0.04479026 -0.5697804
vn 0.583563 0.4858082 -0.6507262
vn 0.8351014 0.1906537 -0.5160009
vn 0.9425556 -0.1287721 -0.3082318
vn 0.5506929 -0.01288666 -0.8346085
vn 0.6133682 0.1804428 -0.7689082
vn 0.5968021 0.7511998 -0.282004
vn 0.8526717 0.4490245 -0.2670728
vn 0 -0.3290358 -0.9443175
vn -0.2758383 0.9470144 0.1645505
vn 0.2921539 0.6829431 0.6695035
vn 0.9127531 -0.2930905 0.2845693
vn 0 -0.0585256 -0.9982858
vn -0.5506929 -0.01288665 -0.8346085
vn -0.8205754 -0.04479027 -0.5697804
vn -0.8351014 0.1906537 -0.5160009
vn -0.583563 0.4858082 -0.6507262
vn -0.9425556 -0.1287721 -0.3082318
vn -0.6133682 0.1804427 -0.7689082
vn -0.5968021 0.7511998 -0.282004
vn -0.8526717 0.4490245 -0.2670728
vn 0.2758383 0.9470144 0.1645505
vn -0.2921539 0.6829431 0.6695035
vn -0.9127531 -0.2930905 0.2845693
vn -0.9258806 0.1138186 -0.3602643
vn -0.8205754 -0.04479027 -0.5697804
vn -0.9667721 0.1176162 -0.2269763
vn -0.3608133 -0.757306 -0.5443355
vn -0.6710554 0.3717906 -0.6414487
vn -0.74509 0.2857661 -0.602643
vn -0.4287766 -0.7027482 -0.5677107
vn 0.4496036 -0.8856675 0.1159728
vn 0.2530849 -0.9484161 0.1909321
vn 0.7638158 0.1198692 0.6342057
vn 0.6394442 0.1535807 0.7533419
vn -0.06106834 0.9946932 0.08280117
vn -0.007651013 0.9979857 0.06297512
vn -0.74509 0.2857661 -0.602643
vn -0.6710554 0.3717906 -0.6414487
vn 0.5863378 0.1037224 0.8033988
vn 0.1245946 -0.952552 0.2777067
vn 0.5863378 0.1037224 0.8033988
vn 0.1031361 0.994165 0.03160703
vn 0.6134596 0.04186088 0.7886159
vn 0.1241088 0.9919769 0.02405796
vn 0.6134596 0.04186088 0.7886159
vn -0.6032599 0.3738109 -0.7045161
vn -0.5909328 0.3469161 -0.7283183
vn -0.4462967 -0.7536818 -0.482476
vn 0.2211726 0.9739827 -0.0494012
vn -0.4283594 0.3663774 -0.8259998
vn 0.225476 0.9732553 -0.04398592
vn 0.6790336 0.08078253 0.7296489
vn 0.7015692 0.1322619 0.7002196
vn -0.03107394 -0.9732477 0.2276473
vn 0.1008052 -0.9640532 0.2458456
vn -0.6277965 0.1648826 -0.7607137
vn -0.4757197 -0.6311955 -0.6126035
vn -0.5909328 0.3469161 -0.7283183
vn -0.4283594 0.3663774 -0.8259998
vn -0.6277965 0.1648826 -0.7607137
vn -0.6032599 0.3738109 -0.7045161
vn -0.9081064 -0.09603115 -0.4075791
vn -0.03107394 -0.9732477 0.2276473
vn -0.1655836 -0.8624228 0.4783399
vn -0.6277965 0.1648826 -0.7607137
vn -0.1655836 -0.8624228 0.4783399
vn -0.9222077 -0.1769696 -0.3438236
vn -0.3853793 -0.9227463 0.004696273
vn 0.3193977 -0.9465963 0.04405066
vn -0.6643508 -0.02398018 -0.7470362
vn 0.2197119 0.2283016 -0.9484751
vn 0.6826112 -0.7010923 -0.2061835
vn -0.1153567 -0.9928576 0.03044317
vn 0.07109661 -0.9796254 0.1878278
vn 0.5013919 -0.4618724 -0.7316283
vn -0.5244987 -0.3374438 -0.7816858
vn 0.07109661 -0.9796254 0.1878278
vn 0.5013919 -0.4618724 -0.7316283
vn 0.1872161 -0.9815909 0.03780841
vn -0.6927034 -0.1728742 -0.7001975
vn -0.1889498 -0.02093821 -0.9817635
vn 0.4506733 -0.8245503 -0.3420677
vn 0.6283217 0.7452842 0.223077
vn 0.6826112 -0.7010923 -0.2061835
vn 0.5588829 0.8281356 -0.04291147
vn 0.5013919 -0.4618724 -0.7316283
vn 0.6790336 0.08078253 0.7296489
vn 0.5272489 -0.03964492 0.8487856
vn -0.03107394 -0.9732477 0.2276473
vn 0.06873698 0.9973313 0.02460871
vn 0.225476 0.9732553 -0.04398592
vn 0.1686799 0.9277851 0.3328091
vn 0.4039731 0.9069429 0.1194164
vn 0.6221271 -0.3726189 0.6885586
vn 0.07109661 -0.9796254 0.1878278
vn 0.1872161 -0.9815909 0.03780841
vn 0.80123 -0.2996616 0.5179125
vn 0.4506733 -0.8245503 -0.3420677
vn 0.7305641 0.3794674 -0.5676976
vn 0.744351 -0.08915284 0.6618107
vn 0.8636293 -0.05494263 0.5011246
vn 0.2418361 0.9700702 -0.02188835
vn 0.80123 -0.2996616 0.5179125
vn 0.3494784 0.7515611 -0.5594826
vn 0.5945408 0.1172469 -0.7954712
vn 0.7305641 0.3794674 -0.5676976
vn -0.3495162 0.6954812 -0.6278091
vn 0.225476 0.9732553 -0.04398592
vn -0.6277965 0.1648826 -0.7607137
vn 0.06873698 0.9973313 0.02460871
vn -0.9081064 -0.09603115 -0.4075791
vn -0.9222077 -0.1769696 -0.3438236
vn -0.6643508 -0.02398018 -0.7470362
vn 0.5588829 0.8281356 -0.04291147
vn 0.2197119 0.2283016 -0.9484751
vn 0.1686799 0.9277851 0.3328091
vn -0.4315421 0.5115925 -0.7429969
vn 0.4039731 0.9069429 0.1194164
vn -0.6942711 0.3299519 -0.6396244
vn 0.2418361 0.9700702 -0.02188835
vn 0.3494784 0.7515611 -0.5594826
vn 0.5945408 0.1172469 -0.7954712
vn 0.7305641 0.3794674 -0.5676976
vn -0.4995931 0.2568854 -0.8272948
vn 0.5013919 -0.4618724 -0.7316283
vn -0.5244987 -0.3374438 -0.7816858
vn -0.3495162 0.6954812 -0.6278091
vn -0.6927034 -0.1728742 -0.7001975
vn 0.7305641 0.3794674 -0.5676976
vn -0.1889498 -0.02093821 -0.9817635
vn 0.2197119 0.2283016 -0.9484751
vn 0.6283217 0.7452842 0.223077
vn 0.6826112 -0.7010923 -0.2061835
vn 0.2197119 0.2283016 -0.9484751
vn -0.1889498 -0.02093821 -0.9817635
vn 0.4506733 -0.8245503 -0.3420677
vn 0.7305641 0.3794674 -0.5676976
vn 0.754164 -0.5290126 -0.3890789
vn -0.309794 -0.6983583 -0.6452312
vn -0.3785231 0.0174651 -0.9254271
vn -0.7122934 0.2291577 -0.6634189
vn 0.6007248 -0.7954558 0.07987444
vn 0.860892 0.03210898 0.5077736
vn 0.23915 0.9708135 -0.01812205
vn 0.5366774 0.7814962 0.3181839
vn 0.6435862 -0.7376247 0.2042221
vn 0.8031036 0.08262345 0.5900829
vn 0.23915 0.9708135 -0.01812205
vn 0.1117439 0.8629881 -0.4927119
vn -0.7122934 0.2291577 -0.6634189
vn 0.23915 0.9708135 -0.01812205
vn -0.3785231 0.0174651 -0.9254271
vn 0.23915 0.9708135 -0.01812205
vn 0.9425556 -0.1287721 -0.3082318
vn 0.8334712 -0.2682407 -0.4830868
vn 0.9371598 -0.3167164 -0.1463636
vn 0.8351014 0.1906537 -0.5160009
vn 0.5506929 -0.01288666 -0.8346085
vn 0.9513285 -0.297586 -0.08010451
vn 0.9620259 -0.2726632 0.0126901
vn 0.9787204 -0.1944197 0.06563079
vn 0.974063 -0.2249075 0.02485929
vn 0.977176 -0.1715831 0.1252455
vn 0.8382577 -0.524386 0.1494762
vn 0.9087256 -0.3102679 0.279198
vn 0.8238354 -0.5391123 0.1750805
vn 0.5117177 -0.8241134 0.2428626
vn 0.4961939 -0.8651469 0.07288569
vn 0.7080045 -0.6058937 0.3627982
vn 0.3473288 -0.889064 0.2982078
vn 0.0172835 -0.9948624 0.09974994
vn 0.2082731 -0.9647366 0.1609519
vn 0 -0.9974909 0.07079486
vn 0 -0.9994497 0.03316971
vn 0.2034975 -0.9696031 -0.1358629
vn 0.1966642 -0.9773423 -0.07826454
vn 0 -0.9257243 0.378199
vn 0.4175569 -0.700831 0.5783443
vn 0.6266585 -0.5755895 0.5253531
vn 0.02021437 -0.776316 0.6300198
vn 0.3419563 -0.6065387 0.717758
vn 0.5225909 -0.825299 0.2139633
vn 0.3627047 -0.774736 -0.5179087
vn 0.3234656 -0.6858391 -0.6519162
vn 0.760964 -0.642223 -0.09210554
vn 0 -0.9999924 -0.003914821
vn 0.6125954 -0.7689875 -0.1827163
vn 0.1305025 -0.821435 -0.55517
vn 0.5585073 -0.7575735 -0.337864
vn 0.6839763 -0.6548184 -0.3215421
vn 0.8817146 -0.4709013 0.02883264
vn 0.8098328 -0.5552252 -0.1894623
vn 0.2919226 -0.6993629 -0.6524361
vn 0.3535708 -0.7529854 -0.554978
vn 0.520099 -0.8002356 -0.2985298
vn 0.1442458 -0.9887905 0.038554
vn 0.7413023 -0.6129186 0.273499
vn 0.2515343 -0.9195417 0.3019497
vn 0.3546552 -0.921832 -0.1563503
vn 0.4145263 -0.902298 0.1184326
vn 0.5650654 -0.8247485 -0.02215863
vn 0.7897609 -0.5486667 -0.2743039
vn 0.5462203 -0.837483 0.01629535
vn 0.5359557 -0.7398193 -0.4067172
vn 0.5890229 -0.7406618 -0.3232217
vn 0.6949795 -0.622382 -0.3600612
vn 0.3847117 -0.8308496 -0.4021018
vn 0.5131787 -0.7894247 -0.3368328
vn 0.5127442 -0.4505737 -0.7308056
vn 0 -0.8411142 -0.5408577
vn 0 -0.9849258 -0.1729775
vn 0.4160889 -0.9093008 0.006484375
vn 0.698795 -0.7143373 -0.03752008
vn 0.7638189 -0.6451055 0.02048345
vn 0.9721614 -0.2331906 -0.02289825
vn 0.6010414 -0.5287619 -0.5992996
vn 0 -0.9693551 -0.2456636
vn 0 -0.5337666 -0.8456318
vn 0.6632228 -0.6305953 -0.4030943
vn 0 -0.8732059 -0.4873516
vn 0 -0.9688047 0.2478254
vn 0.7573645 -0.6095021 0.2343207
vn 0 -0.8643711 0.5028545
vn 0.7875679 -0.5041738 0.354324
vn 0 -0.9626117 -0.2708852
vn 0 -0.9999924 -0.003914821
vn 0 -0.6589918 -0.7521501
vn 0.3358769 -0.6691875 -0.6628535
vn 0.3160855 -0.9232676 -0.2183273
vn 0 -0.962726 -0.2704786
vn 0.4585898 -0.849012 0.2624388
vn 0.3160855 -0.9232676 -0.2183273
vn 0 -0.9574136 0.2887199
vn 0 -0.962726 -0.2704786
vn 0 -0.8371975 -0.5469007
vn 0.6133682 0.1804428 -0.7689082
vn 0.9046375 -0.4218293 -0.06075509
vn 0.8526717 0.4490245 -0.2670728
vn 0.9425556 -0.1287721 -0.3082318
vn 0.9513285 -0.297586 -0.08010451
vn 0.9127531 -0.2930905 0.2845693
vn 0.9620259 -0.2726632 0.0126901
vn 0.2921539 0.6829431 0.6695035
vn 0.6266585 -0.5755895 0.5253531
vn 0.7080045 -0.6058937 0.3627982
vn 0 -0.0585256 -0.9982858
vn 0 -0.6286613 -0.7776793
vn 0 -0.0585256 -0.9982858
vn -0.5127442 -0.4505736 -0.7308055
vn -0.5506929 -0.01288665 -0.8346085
vn -0.8334712 -0.2682407 -0.4830868
vn -0.8351014 0.1906537 -0.5160009
vn -0.9425556 -0.1287721 -0.3082318
vn -0.9371598 -0.3167164 -0.1463636
vn -0.5131787 -0.7894247 -0.3368328
vn -0.6949795 -0.622382 -0.3600612
vn -0.3847117 -0.8308496 -0.4021018
vn -0.5890229 -0.7406618 -0.3232217
vn 0 -0.8411142 -0.5408577
vn 0 -0.9849258 -0.1729775
vn -0.7897608 -0.5486667 -0.274304
vn -0.5650654 -0.8247485 -0.02215863
vn -0.7718987 -0.6096395 -0.1803111
vn -0.974063 -0.2249075 0.02485928
vn -0.9787204 -0.1944197 0.06563079
vn -0.9620258 -0.2726632 0.0126901
vn -0.977176 -0.1715831 0.1252455
vn -0.9513285 -0.297586 -0.08010451
vn -0.8505191 -0.5079222 0.1364999
vn -0.930714 -0.289165 0.2239531
vn -0.8238354 -0.5391123 0.1750805
vn -0.5197409 -0.8257278 0.2191866
vn -0.605223 -0.7829809 0.1436877
vn -0.6703588 -0.6357447 0.3826849
vn -0.3342752 -0.8788092 0.3405208
vn -0.3663732 -0.9304075 0.01060817
vn 0.0172835 -0.9948624 0.09974994
vn -0.1959698 -0.9718665 0.1306572
vn 0 -0.9974909 0.07079486
vn 0 -0.9994497 0.03316971
vn -0.2034975 -0.9696031 -0.1358629
vn -0.1966642 -0.9773423 -0.07826453
vn 0 -0.9257243 0.378199
vn -0.5063912 -0.7480444 0.4289493
vn -0.5629581 -0.6924689 0.4511818
vn -0.6703588 -0.6357447 0.3826849
vn 0.02021437 -0.776316 0.6300198
vn -0.5225909 -0.825299 0.2139633
vn -0.3790336 -0.7764722 -0.503413
vn -0.2948023 -0.7186444 -0.629795
vn -0.760964 -0.642223 -0.09210554
vn 0 -0.9999924 -0.003914821
vn -0.5093806 -0.8389665 -0.1914853
vn -0.09983313 -0.7656164 -0.6355036
vn -0.5600848 -0.7648612 -0.3182644
vn -0.8817146 -0.4709013 0.02883264
vn -0.6698827 -0.6412213 -0.3742893
vn -0.3139735 -0.671378 -0.6713212
vn -0.4592568 -0.7410317 -0.4898522
vn -0.5660769 -0.7727706 -0.2870236
vn -0.1531847 -0.9823601 -0.1072516
vn -0.7370915 -0.6222541 0.2636212
vn -0.3026276 -0.9240608 0.2335129
vn -0.2374701 -0.9660169 -0.1020748
vn -0.6066886 -0.7929855 -0.05570473
vn -0.417359 -0.8919731 0.1737682
vn -0.7638189 -0.6451055 0.02048345
vn -0.5462203 -0.837483 0.01629535
vn -0.698795 -0.7143373 -0.0375201
vn -0.9721614 -0.2331906 -0.02289825
vn -0.6010414 -0.5287619 -0.5992997
vn 0 -0.9693551 -0.2456636
vn 0 -0.5337666 -0.8456318
vn -0.6632228 -0.6305953 -0.4030943
vn 0 -0.8732059 -0.4873516
vn 0 -0.9688047 0.2478254
vn -0.7573645 -0.6095021 0.2343207
vn 0 -0.8643711 0.5028545
vn -0.7875679 -0.5041738 0.354324
vn -0.4160889 -0.9093008 0.006484392
vn -0.5359557 -0.7398193 -0.4067172
vn 0 -0.9626117 -0.2708852
vn 0 -0.9999924 -0.003914821
vn -0.3358769 -0.6691875 -0.6628535
vn 0 -0.6589918 -0.7521501
vn -0.3160855 -0.9232676 -0.2183273
vn -0.5890229 -0.7406618 -0.3232217
vn 0 -0.962726 -0.2704786
vn -0.3160855 -0.9232676 -0.2183273
vn -0.4585898 -0.849012 0.2624388
vn 0 -0.9574136 0.2887199
vn 0 -0.962726 -0.2704786
vn 0 -0.8371975 -0.5469007
vn 0.7080045 -0.6058937 0.3627982
vn 0.6266585 -0.5755895 0.5253531
vn 0.9521652 0.2204967 -0.2115719
vn 0.583563 0.4858082 -0.6507262
vn 0.5968021 0.7511998 -0.282004
vn 0.9258806 0.1138186 -0.3602643
vn 0.2919226 -0.6993629 -0.6524361
vn 0.2078902 -0.8914851 -0.4025369
vn 0.1305025 -0.821435 -0.55517
vn 0.520099 -0.8002356 -0.2985298
vn 0.3546552 -0.921832 -0.1563503
vn 0.3535708 -0.7529854 -0.554978
vn 0.1442458 -0.9887905 0.038554
vn 0.9718684 -0.2335432 -0.03048477
vn 0.9680465 -0.2506673 -0.007195105
vn 0.9699273 -0.2432475 -0.008467528
vn 0.9718319 -0.2337081 -0.03038571
vn 0.9815865 -0.1893858 -0.02491651
vn 0.9785305 -0.2048739 -0.0224692
vn 0.9699271 -0.2432482 -0.00846766
vn 0.9680464 -0.250668 -0.007195091
vn 0.9718684 -0.2335433 -0.0304848
vn 0.9718319 -0.2337082 -0.03038576
vn 0.9815865 -0.1893857 -0.02491704
vn 0.9785306 -0.2048734 -0.02246961
vn 0.9916032 0.118197 0.05246504
vn 0.726963 -0.6611832 -0.185369
vn 0.6524165 0.08084073 -0.7535366
vn 0.1644097 -0.6406762 -0.7500023
vn 0 0.09166116 -0.9957903
vn 0 -0.407617 -0.913153
vn -0.3026348 -0.9421123 -0.1443488
vn -0.04065716 -0.9439481 -0.3275805
vn 0 -0.856262 -0.5165417
vn 0 -0.985779 -0.1680465
vn -0.2286152 -0.9711481 -0.06787127
vn 0 -0.9985406 -0.05400482
vn -0.5566702 -0.8192147 0.1378602
vn -0.6334817 -0.768087 -0.0935048
vn -0.9804381 -0.1966565 0.008196878
vn -0.9623593 -0.2448905 -0.1178697
vn -0.729628 0.6772243 -0.09492195
vn -0.7080398 0.6635137 -0.2417213
vn 0.04508041 0.7907436 -0.6104853
vn 0.3768611 0.8356953 -0.3994859
vn 0 0.3873747 -0.9219223
vn 0.6524165 0.08084073 -0.7535366
vn 0 0.09166116 -0.9957903
vn 0.9916032 0.118197 0.05246504
vn -0.1073963 0.9587637 -0.2631314
vn -0.1414705 0.9668956 0.2123656
vn -0.7408564 0.6107807 0.2794258
vn -0.1746113 0.8608608 0.4779431
vn 0 0.8983377 0.4393057
vn -0.6509545 0.583415 0.48568
vn -0.9203558 -0.1550747 0.3590223
vn 0 0.9174389 -0.3978767
vn 0 0.5251356 -0.8510185
vn 0 0.9873545 0.1585285
vn -0.9550847 -0.2186723 0.1999892
vn -0.5802528 -0.8025732 0.1385025
vn 0.1426198 0.9760297 0.164395
vn 0.3573729 0.9339253 0.008249124
vn -0.7550071 0.6556554 0.008955888
vn 0.9952627 0.08340118 -0.04996241
vn 0.4161241 0.9092425 -0.01090552
vn 0.9860407 -0.04334002 -0.1607655
vn 0.9934831 0.1139476 0.002654556
vn 0.9916032 0.118197 0.05246504
vn 0.3768611 0.8356953 -0.3994859
vn -0.6343861 0.76183 -0.131032
vn -0.953554 -0.2253698 -0.1998579
vn -0.7080398 0.6635137 -0.2417213
vn -0.9623593 -0.2448905 -0.1178697
vn -0.1818146 -0.9703088 -0.1595124
vn -0.3026348 -0.9421123 -0.1443488
vn 0.726963 -0.6611832 -0.185369
vn 0.7751731 -0.6294775 -0.05352347
vn 0.9934831 0.1139476 0.002654556
vn 0.9860407 -0.04334002 -0.1607655
vn 0.9916032 0.118197 0.05246504
vn -0.9227983 -0.3563781 -0.146417
vn 0.1498269 -0.967659 -0.2029483
vn -0.867848 -0.4946892 -0.04606936
vn 0.2479115 -0.9422027 -0.2253751
vn 0.2835588 -0.9150738 -0.2867652
vn -0.8640538 -0.4928804 -0.1023721
vn 0.312196 -0.9419001 -0.1239261
vn 0.9982028 0.05769058 -0.01621957
vn 0.9952627 0.08340118 -0.04996241
vn 0.03444596 -0.9572868 0.2870808
vn 0.9341418 -0.3317944 0.1314981
vn -0.921845 -0.3860138 0.03457005
vn 0.8703039 0.4857943 0.0810859
vn -0.8497307 0.5272167 0.0004450119
vn -0.8679972 0.4965353 -0.005785075
vn -0.05234878 0.9966543 0.06276836
vn 0.08835192 0.994611 -0.05424825
vn 0.8703039 0.4857943 0.0810859
vn 0.9982028 0.05769058 -0.01621957
vn 0.1088313 0.9845317 0.137306
vn -0.8452681 0.5153755 0.1411027
vn 0.06837959 0.8327174 -0.5494596
vn -0.6794109 -0.3815759 -0.6267381
vn 0.6856251 -0.4507202 -0.5716375
vn 0.5649877 0.7007856 -0.4355326
vn -0.6928228 0.3524796 -0.6290903
vn 0.6912886 0.3421351 -0.6364461
vn -0.7763034 0.522198 -0.3530758
vn 0.7939751 0.2156568 -0.5684151
vn -0.6955267 0.3473951 -0.628935
vn 0.8874546 0.1310636 -0.4418672
vn -0.2769707 -0.2997743 -0.9129199
vn 0.7673687 -0.09419166 -0.6342502
vn -0.7526066 -0.1812836 -0.633024
vn -0.5483909 -0.5943758 -0.5882047
vn 0.5092625 -0.6161003 -0.6008928
vn -0.04494667 -0.7323075 0.6794891
vn 0.7078336 -0.3937203 0.5864776
vn -0.7033128 -0.426737 0.5685479
vn -0.5380217 -0.7378014 0.407654
vn -0.5483909 -0.5943758 -0.5882047
vn 0.9593673 -0.1207602 0.2550123
vn 0.6912886 0.3421351 -0.6364461
vn 0.7673687 -0.09419166 -0.6342502
vn 0.4379158 -0.7808062 0.4456137
vn 0.7078336 -0.3937203 0.5864776
vn 0.5092625 -0.6161003 -0.6008928
vn -0.5483909 -0.5943758 -0.5882047
vn -0.7526066 -0.1812836 -0.633024
vn -0.6928228 0.3524796 -0.6290903
vn 0.03444596 -0.9572868 0.2870808
vn 0.9341418 -0.3317944 0.1314981
vn -0.92077 -0.2852288 0.2661336
vn -0.7763034 0.522198 -0.3530758
vn 0.5649877 0.7007856 -0.4355326
vn 0.9915819 0.1274689 -0.02273886
vn 0.8977869 0.4362962 -0.06020246
vn 0.8703039 0.4857943 0.0810859
vn 0.05643066 0.997695 0.03768552
vn -0.05234878 0.9966543 0.06276836
vn -0.921845 -0.3860138 0.03457005
vn -0.9983524 -0.03661928 0.04417663
vn -0.8679972 0.4965353 -0.005785075
vn -0.8442337 0.5359375 -0.006357073
vn 0.05643066 0.997695 0.03768552
vn -0.05234878 0.9966543 0.06276836
vn -0.6955267 0.3473951 -0.628935
vn -0.8500944 0.4706468 -0.2362861
vn 0.1245544 0.9773521 -0.171082
vn -0.2096531 0.8714489 -0.4434213
vn -0.7652819 -0.5715209 -0.2961546
vn 0.06837959 0.8327174 -0.5494596
vn -0.6794109 -0.3815759 -0.6267381
vn -0.2769707 -0.2997743 -0.9129199
vn -0.6955267 0.3473951 -0.628935
vn -0.5483909 -0.5943758 -0.5882047
vn -0.5380217 -0.7378014 0.407654
vn -0.2096531 0.8714489 -0.4434213
vn 0.8874546 0.1310636 -0.4418672
vn 0.1245544 0.9773521 -0.171082
vn 0.8520036 -0.4473275 -0.272007
vn 0.6856251 -0.4507202 -0.5716375
vn 0.06837959 0.8327174 -0.5494596
vn 0.7939751 0.2156568 -0.5684151
vn 0.6856251 -0.4507202 -0.5716375
vn -0.7652819 -0.5715209 -0.2961546
vn 0.8520036 -0.4473275 -0.272007
vn -0.6794109 -0.3815759 -0.6267381
vn -0.2769707 -0.2997743 -0.9129199
vn 0.8874546 0.1310636 -0.4418672
vn 0 -0.9868184 0.1618309
vn 0 -0.8668734 0.4985283
vn 0 -0.9542483 -0.2990154
vn 0 -0.8151157 0.5792983
vn 0 -0.9542483 -0.2990154
vn 0.3608133 -0.757306 -0.5443355
vn 0.6710554 0.3717906 -0.6414487
vn 0.4287766 -0.7027482 -0.5677107
vn 0.74509 0.2857661 -0.602643
vn -0.4496036 -0.8856675 0.1159728
vn -0.2530849 -0.9484161 0.1909321
vn -0.7638158 0.1198692 0.6342057
vn -0.6394442 0.1535807 0.7533419
vn 0.06106834 0.9946932 0.08280116
vn 0.007651013 0.9979857 0.06297512
vn 0.74509 0.2857661 -0.602643
vn 0.6710554 0.3717906 -0.6414487
vn -0.5863377 0.1037224 0.8033988
vn -0.1245946 -0.952552 0.2777067
vn -0.5863377 0.1037224 0.8033988
vn -0.1031361 0.994165 0.03160703
vn -0.6134596 0.04186088 0.7886159
vn -0.1241088 0.9919769 0.02405796
vn -0.6134596 0.04186088 0.7886159
vn 0.6032599 0.3738109 -0.7045161
vn 0.5909328 0.3469161 -0.7283183
vn 0.4462967 -0.7536818 -0.4824759
vn -0.2211726 0.9739827 -0.0494012
vn 0.4283595 0.3663774 -0.8259999
vn -0.225476 0.9732553 -0.04398592
vn -0.6790336 0.08078253 0.7296489
vn -0.7015693 0.1322619 0.7002196
vn 0.03107393 -0.9732477 0.2276473
vn -0.1008052 -0.9640532 0.2458456
vn 0.6277965 0.1648826 -0.7607137
vn 0.4757197 -0.6311955 -0.6126035
vn 0.5909328 0.3469161 -0.7283183
vn 0.4283595 0.3663774 -0.8259999
vn 0.6277965 0.1648826 -0.7607137
vn 0.6032599 0.3738109 -0.7045161
vn 0.9081064 -0.0960311 -0.4075792
vn 0.03107393 -0.9732477 0.2276473
vn 0.6277965 0.1648826 -0.7607137
vn 0.1655836 -0.8624228 0.4783399
vn 0.9222077 -0.1769696 -0.3438236
vn 0.3853793 -0.9227463 0.004696255
vn 0.1655836 -0.8624228 0.4783399
vn -0.3193977 -0.9465963 0.04405062
vn 0.6643508 -0.02398018 -0.7470362
vn -0.2197117 0.2283016 -0.9484751
vn -0.682611 -0.7010923 -0.2061835
vn 0.1153567 -0.9928576 0.03044317
vn -0.07109662 -0.9796254 0.1878278
vn -0.5013919 -0.4618724 -0.7316283
vn 0.5244987 -0.3374438 -0.7816858
vn -0.07109662 -0.9796254 0.1878278
vn -0.5013919 -0.4618724 -0.7316283
vn -0.187216 -0.9815909 0.03780844
vn 0.6927034 -0.1728742 -0.7001975
vn 0.1889497 -0.02093826 -0.9817635
vn -0.4506734 -0.8245503 -0.3420678
vn -0.6790336 0.08078253 0.7296489
vn 0.03107393 -0.9732477 0.2276473
vn -0.5272489 -0.03964492 0.8487856
vn -0.06873699 0.9973313 0.02460872
vn -0.225476 0.9732553 -0.04398592
vn -0.1686799 0.9277851 0.3328091
vn -0.403973 0.9069429 0.1194163
vn -0.6221271 -0.3726189 0.6885587
vn -0.07109662 -0.9796254 0.1878278
vn -0.187216 -0.9815909 0.03780844
vn -0.80123 -0.2996617 0.5179125
vn -0.4506734 -0.8245503 -0.3420678
vn -0.7305641 0.3794674 -0.5676976
vn -0.744351 -0.08915285 0.6618107
vn -0.8636293 -0.05494263 0.5011246
vn -0.2418361 0.9700702 -0.02188839
vn -0.80123 -0.2996617 0.5179125
vn -0.3494779 0.751561 -0.5594831
vn -0.5945405 0.1172471 -0.7954714
vn -0.7305641 0.3794674 -0.5676976
vn 0.3495162 0.6954812 -0.6278091
vn -0.225476 0.9732553 -0.04398592
vn -0.06873699 0.9973313 0.02460872
vn 0.6277965 0.1648826 -0.7607137
vn 0.9081064 -0.0960311 -0.4075792
vn 0.9222077 -0.1769696 -0.3438236
vn 0.6643508 -0.02398018 -0.7470362
vn -0.5588829 0.8281356 -0.04291149
vn -0.2197117 0.2283016 -0.9484751
vn -0.1686799 0.9277851 0.3328091
vn 0.4315421 0.5115925 -0.7429969
vn -0.403973 0.9069429 0.1194163
vn 0.6942711 0.3299519 -0.6396244
vn -0.2418361 0.9700702 -0.02188839
vn -0.3494779 0.751561 -0.5594831
vn -0.5945405 0.1172471 -0.7954714
vn -0.7305641 0.3794674 -0.5676976
vn 0.4995931 0.2568854 -0.8272948
vn -0.5013919 -0.4618724 -0.7316283
vn 0.5244987 -0.3374438 -0.7816858
vn 0.3495162 0.6954812 -0.6278091
vn 0.6927034 -0.1728742 -0.7001975
vn -0.7305641 0.3794674 -0.5676976
vn 0.1889497 -0.02093826 -0.9817635
vn -0.2197117 0.2283016 -0.9484751
vn -0.6283217 0.7452842 0.223077
vn -0.682611 -0.7010923 -0.2061835
vn -0.2197117 0.2283016 -0.9484751
vn -0.6283217 0.7452842 0.223077
vn -0.5588829 0.8281356 -0.04291149
vn -0.682611 -0.7010923 -0.2061835
vn -0.5013919 -0.4618724 -0.7316283
vn 0.1889497 -0.02093826 -0.9817635
vn -0.7305641 0.3794674 -0.5676976
vn -0.4506734 -0.8245503 -0.3420678
vn -0.754164 -0.5290125 -0.3890789
vn 0.3785231 0.01746509 -0.9254271
vn 0.309794 -0.6983582 -0.6452312
vn 0.7122934 0.2291577 -0.663419
vn -0.6007248 -0.7954558 0.07987446
vn -0.860892 0.03210898 0.5077735
vn -0.23915 0.9708135 -0.01812201
vn -0.5366775 0.7814962 0.318184
vn -0.6435862 -0.7376247 0.204222
vn -0.8031036 0.08262345 0.5900829
vn -0.23915 0.9708135 -0.01812201
vn -0.1117439 0.8629881 -0.4927119
vn -0.23915 0.9708135 -0.01812201
vn 0.7122934 0.2291577 -0.663419
vn 0.3785231 0.01746509 -0.9254271
vn -0.23915 0.9708135 -0.01812201
vn -0.6133682 0.1804427 -0.7689082
vn -0.8526717 0.4490245 -0.2670728
vn -0.9046375 -0.4218293 -0.06075509
vn -0.9425556 -0.1287721 -0.3082318
vn -0.9513285 -0.297586 -0.08010451
vn -0.9127531 -0.2930905 0.2845693
vn -0.9620258 -0.2726632 0.0126901
vn -0.2921539 0.6829431 0.6695035
vn 0 -0.0585256 -0.9982858
vn 0 -0.6286613 -0.7776793
vn -0.6703588 -0.6357447 0.3826849
vn -0.9521652 0.2204967 -0.2115719
vn -0.583563 0.4858082 -0.6507262
vn -0.9258806 0.1138186 -0.3602643
vn -0.5968021 0.7511998 -0.282004
vn -0.6066886 -0.7929855 -0.05570473
vn -0.5660769 -0.7727706 -0.2870236
vn -0.4592568 -0.7410317 -0.4898522
vn -0.2374701 -0.9660169 -0.1020748
vn -0.3139735 -0.671378 -0.6713212
vn -0.09983313 -0.7656164 -0.6355036
vn -0.1531847 -0.9823601 -0.1072516
vn -0.9736902 -0.2256526 -0.0317518
vn -0.9756775 -0.2191881 -0.003150445
vn -0.973157 -0.2276101 -0.03404377
vn -0.9772534 -0.2120738 -0.0007829921
vn -0.9815865 -0.1893858 -0.02491651
vn -0.9785305 -0.2048739 -0.02246919
vn -0.9699271 -0.2432482 -0.00846766
vn -0.9680464 -0.250668 -0.007195092
vn -0.9718684 -0.2335433 -0.0304848
vn -0.9718319 -0.2337082 -0.03038576
vn -0.9815865 -0.1893857 -0.02491704
vn -0.9792726 -0.2015501 -0.02006769
vn 0.6748233 0.715773 -0.179673
vn 0.5588725 0.8014337 -0.212992
vn 0.4143833 0.8003548 -0.4332652
vn 0.1174266 0.8643044 -0.4890696
vn -0.01284587 0.9722234 -0.2337019
vn 0.725384 0.6721454 0.1484546
vn -0.009565414 0.9965975 0.08186521
vn 0.9674579 0.2162818 -0.1313297
vn 0.9133649 0.2813119 -0.2943265
vn 0.9867531 0.1210172 0.1080418
vn 0.9428253 -0.03675855 0.331254
vn 0.7045228 0.3701046 0.6055329
vn 0.06188364 0.6800754 0.7305257
vn 0.1172398 0.3654141 0.9234324
vn 0.01266471 0.829833 0.5578681
vn 0.6963603 -0.07988824 0.7132323
vn 0.3586472 -0.211546 0.9091868
vn 0.1372691 -0.1991538 0.9703066
vn 0.04088084 -0.6030468 0.7966576
vn 0.6506325 -0.3742893 0.6607457
vn 0.8410274 -0.5381129 0.05574515
vn 0.3782673 -0.8660006 -0.3270427
vn 0.6300662 -0.7296341 0.265802
vn 0.2824028 -0.7847727 -0.5517068
vn 0.3712958 -0.7007346 -0.6091884
vn -0.125457 -0.1458552 0.981319
vn -0.6820538 0.5391629 0.4940706
vn -0.5087364 0.311332 0.8026578
vn -0.667093 -0.1089722 0.7369613
vn -0.9629148 -0.002482567 0.2697939
vn 0.6421788 -0.3013598 0.7048324
vn 0.9134533 -0.1032181 0.3936358
vn 0.4075745 -0.4930687 0.7686132
vn -0.08210617 -0.3943276 0.9152947
vn -0.6348267 -0.389998 0.6670058
vn -0.9418395 -0.2994477 0.1525439
vn -0.6910409 0.7076737 0.1471744
vn -0.9930958 0.1170148 -0.008252982
vn -0.9728764 -0.1551758 -0.1715577
vn -0.5478302 0.8150903 -0.1884405
vn 0.006188484 0.911844 -0.4104904
vn -0.4151264 0.8053338 -0.4232112
vn -0.9650148 0.1983486 -0.1714767
vn -0.8618999 0.4086533 -0.3002183
vn -0.5551303 0.507183 -0.6592388
vn -0.01104054 0.85152 -0.5242059
vn -0.9288392 -0.1400797 -0.3429802
vn -0.8927156 0.04991534 -0.4478474
vn 0.8595515 0.4874855 0.1533919
vn 0.267426 -0.7787808 0.5674363
vn 0.9766759 0.0001083395 -0.214719
vn 0.0412524 0.6205018 -0.7831193
vn 0.2440799 -0.9667293 0.07654751
vn -0.6938321 -0.6676695 0.2698416
vn -0.1124111 -0.945087 0.3068785
vn -0.7551777 -0.5023397 -0.4211432
vn -0.5158614 -0.855407 0.04653765
vn -0.7551777 -0.5023397 -0.4211432
vn 0.1767668 -0.2905839 -0.94038
vn 0.1767668 -0.2905839 -0.94038
vn 0.2440799 -0.9667293 0.07654751
vn 0.267426 -0.7787808 0.5674363
vn 0.2440799 -0.9667293 0.07654751
vn 0.6300662 -0.7296341 0.265802
vn -0.7071404 -0.6345797 -0.3118668
vn 0.2824028 -0.7847727 -0.5517068
vn 0.8410274 -0.5381129 0.05574515
vn 0.3712958 -0.7007346 -0.6091884
vn -0.6938321 -0.6676695 0.2698416
vn 0.9465428 0.04795595 -0.3189934
vn 0.9459347 0.09025086 -0.3115483
vn 0.9179746 -0.2556853 -0.3032285
vn 0.8226019 -0.4074706 -0.396603
vn 0.4956299 -0.4332814 -0.7527405
vn 0.7771432 -0.161429 -0.6082672
vn 0.711891 -0.2014262 -0.6727843
vn -0.03744967 -0.288217 -0.9568325
vn 0.9238892 -0.2915077 -0.2478954
vn 0.9872546 -0.1009225 0.1230575
vn 0.9441652 -0.2246393 0.2410169
vn 0.8716602 -0.4672821 0.1478382
vn 0.5810252 -0.6620834 0.4733448
vn 0.6506325 -0.3742893 0.6607457
vn 0.03427299 -0.9210159 -0.3880142
vn -0.03375719 -0.64117 -0.766656
vn -0.2364727 -0.9650685 -0.1127986
vn -0.2364727 -0.9650685 -0.1127986
vn 0.04088084 -0.6030468 0.7966576
vn -0.4425544 -0.8413084 0.3103963
vn 0.4075745 -0.4930687 0.7686132
vn 0.4195801 -0.8877271 0.1894551
vn -0.03744967 -0.288217 -0.9568325
vn -0.8644016 -0.1881526 -0.4662707
vn 0.711891 -0.2014262 -0.6727843
vn 0.03427299 -0.9210159 -0.3880142
vn -0.8065175 -0.2846091 -0.518196
vn -0.2364727 -0.9650685 -0.1127986
vn -0.8065006 -0.1539776 -0.5708308
vn -0.2364727 -0.9650685 -0.1127986
vn -0.2364727 -0.9650685 -0.1127986
vn -0.4425544 -0.8413084 0.3103963
vn -0.5244592 -0.6482689 0.5519872
vn 0.007872518 -0.6586877 0.7523752
vn -0.04007267 -0.9731219 -0.2267772
vn -0.3076088 -0.7981018 -0.5180833
vn -0.8654359 -0.4992941 0.04154704
vn -0.9418395 -0.2994477 0.1525439
vn -0.6348267 -0.389998 0.6670058
vn -0.08210617 -0.3943276 0.9152947
vn 0.6421788 -0.3013598 0.7048324
vn 0.7393234 -0.5196868 0.4281664
vn 0.4195801 -0.8877271 0.1894551
vn 0.4355745 -0.8983203 -0.05740741
vn 0.4075745 -0.4930687 0.7686132
vn -0.9160349 -0.2122649 -0.3403286
vn -0.9792101 -0.1448844 -0.1419723
vn -0.7591828 -0.1464562 -0.6341861
vn -0.2133189 -0.542266 -0.8126763
vn -0.06809559 -0.2887557 -0.954978
vn -0.6969064 -0.2003366 -0.6886121
vn -0.5239272 -0.4400373 -0.7292923
vn -0.7876901 -0.4273883 -0.4437157
vn -0.9241146 -0.2564796 -0.2832496
vn -0.9289142 -0.02661639 -0.3693373
vn -0.9661723 -0.01252434 -0.2575934
vn -0.9033256 0.007821483 -0.4288843
vn -0.6705512 0.04871619 -0.740262
vn -0.5551303 0.507183 -0.6592388
vn 0.4176283 -0.3104671 -0.8539302
vn -0.3076088 -0.7981018 -0.5180833
vn -0.04007267 -0.9731219 -0.2267772
vn 0.6596004 -0.2950434 -0.6912863
vn -0.2133189 -0.542266 -0.8126763
vn -0.06809559 -0.2887557 -0.954978
vn -0.6969064 -0.2003366 -0.6886121
vn 0.4195801 -0.8877271 0.1894551
vn -0.04007267 -0.9731219 -0.2267772
vn 0.4355745 -0.8983203 -0.05740741
vn 0.2871587 -0.8671774 0.40687
vn 0.9136637 -0.1534204 -0.376405
vn 0.7889361 -0.2088833 -0.5778821
vn 0.4125373 -0.3709973 0.83197
vn 0.7196144 -0.3117132 -0.6204757
vn 0.0507769 -0.9801371 0.1917111
vn -0.06461325 -0.6772339 0.7329252
vn -0.2244112 0.00235512 0.9744917
vn 0.4651793 -0.01461549 0.8850958
vn 0.7474249 0.3243873 -0.5797663
vn 0.607052 -0.3450941 -0.7158198
vn -0.2102339 -0.9775096 0.01663291
vn 0.1958466 -0.6529346 -0.731656
vn -0.3582235 -0.9047856 -0.2303018
vn -0.414381 -0.8260708 -0.3819626
vn -0.4881406 -0.835097 -0.2536373
vn -0.5593036 -0.8029159 0.2061687
vn -0.2517522 -0.8768578 0.4095624
vn -0.4817995 -0.7650843 -0.4272179
vn 0.5328835 0.6165737 -0.5795448
vn 0.4333016 0.7025139 -0.5645564
vn 0.5233096 0.4637488 -0.7149014
vn 0.2413561 0.5682392 -0.7866712
vn -0.09898463 0.3381768 -0.9358624
vn -0.1691821 0.3358523 -0.9265963
vn 0.9345642 0.07495061 -0.3478107
g NPC_Nv_005_0
f 3/3/3 2/2/2 1/1/1
f 4/4/4 2/2/2 3/3/3
f 2/2/2 4/4/4 5/5/5
f 6/6/6 5/5/5 4/4/4
f 3/3/3 7/7/7 4/4/4
f 4/4/4 7/7/7 8/8/8
f 4/4/4 8/8/8 9/9/9
f 6/6/6 4/4/4 9/9/9
f 9/9/9 8/8/8 10/10/10
f 11/11/11 10/10/10 8/8/8
f 10/10/10 11/11/11 12/12/12
f 13/13/13 12/12/12 11/11/11
f 8/8/8 14/14/14 11/11/11
f 14/14/14 8/8/8 7/7/7
f 14/14/14 7/7/7 15/15/15
f 16/16/16 15/15/15 7/7/7
f 15/15/15 16/16/16 17/17/17
f 18/18/18 17/17/17 16/16/16
f 17/17/17 18/18/18 19/19/19
f 20/20/20 19/19/19 18/18/18
f 19/19/19 20/20/20 21/21/21
f 21/21/21 20/20/20 22/22/22
f 22/22/22 23/23/23 21/21/21
f 20/20/20 24/24/24 22/22/22
f 25/25/25 17/17/17 19/19/19
f 25/25/25 26/26/26 17/17/17
f 27/27/27 17/17/17 26/26/26
f 17/17/17 27/27/27 15/15/15
f 26/26/26 28/28/28 27/27/27
f 26/26/26 29/29/29 28/28/28
f 30/30/30 27/27/27 28/28/28
f 27/27/27 30/30/30 31/31/31
f 25/25/25 19/19/19 32/32/32
f 33/33/33 32/32/32 19/19/19
f 33/33/33 19/19/19 21/21/21
f 32/32/32 34/34/34 25/25/25
f 26/26/26 25/25/25 34/34/34
f 34/34/34 29/29/29 26/26/26
f 35/35/35 27/27/27 31/31/31
f 13/13/13 35/35/35 31/31/31
f 13/13/13 36/36/36 35/35/35
f 35/35/35 15/15/15 27/27/27
f 36/36/36 14/14/14 35/35/35
f 14/14/14 15/15/15 35/35/35
f 36/36/36 11/11/11 14/14/14
f 11/11/11 36/36/36 13/13/13
f 39/39/39 38/38/38 37/37/37
f 40/40/40 39/39/39 37/37/37
f 41/41/41 38/38/38 39/39/39
f 40/40/40 42/42/42 39/39/39
f 41/41/41 39/39/39 42/42/42
f 43/43/43 41/41/41 42/42/42
f 43/43/43 44/44/44 41/41/41
f 45/45/45 41/41/41 44/44/44
f 41/41/41 45/45/45 46/46/46
f 41/41/41 46/46/46 38/38/38
f 46/46/46 47/47/47 38/38/38
f 48/48/48 46/46/46 45/45/45
f 46/46/46 48/48/48 47/47/47
f 49/49/49 47/47/47 48/48/48
f 47/47/47 49/49/49 50/50/50
f 51/51/51 50/50/50 49/49/49
f 52/52/52 50/50/50 51/51/51
f 53/53/53 50/50/50 52/52/52
f 53/53/53 52/52/52 54/54/54
f 55/55/55 53/53/53 54/54/54
f 56/56/56 54/54/54 52/52/52
f 47/47/47 50/50/50 57/57/57
f 58/58/58 57/57/57 50/50/50
f 58/58/58 50/50/50 53/53/53
f 55/55/55 58/58/58 53/53/53
f 59/59/59 57/57/57 58/58/58
f 57/57/57 59/59/59 38/38/38
f 47/47/47 57/57/57 38/38/38
f 58/58/58 60/60/60 59/59/59
f 60/60/60 61/61/61 59/59/59
f 59/59/59 61/61/61 62/62/62
f 63/63/63 62/62/62 61/61/61
f 63/63/63 61/61/61 64/64/64
f 65/65/65 64/64/64 61/61/61
f 60/60/60 58/58/58 65/65/65
f 60/60/60 65/65/65 61/61/61
f 58/58/58 55/55/55 65/65/65
f 63/63/63 66/66/66 62/62/62
f 67/67/67 66/66/66 63/63/63
f 68/68/68 62/62/62 66/66/66
f 67/67/67 63/63/63 69/69/69
f 64/64/64 69/69/69 63/63/63
f 62/62/62 68/68/68 70/70/70
f 62/62/62 70/70/70 59/59/59
f 71/71/71 70/70/70 68/68/68
f 71/71/71 72/72/72 70/70/70
f 73/73/73 70/70/70 72/72/72
f 72/72/72 74/74/74 73/73/73
f 75/75/75 73/73/73 74/74/74
f 73/73/73 76/76/76 70/70/70
f 75/75/75 76/76/76 73/73/73
f 75/75/75 37/37/37 76/76/76
f 70/70/70 76/76/76 37/37/37
f 77/77/77 70/70/70 37/37/37
f 77/77/77 59/59/59 70/70/70
f 59/59/59 77/77/77 38/38/38
f 38/38/38 77/77/77 37/37/37
f 75/75/75 40/40/40 37/37/37
f 80/80/80 79/79/79 78/78/78
f 83/83/83 82/82/82 81/81/81
f 84/84/84 81/81/81 82/82/82
f 81/81/81 85/85/85 83/83/83
f 86/86/86 83/83/83 85/85/85
f 85/85/85 87/87/87 86/86/86
f 88/88/88 86/86/86 87/87/87
f 84/84/84 82/82/82 89/89/89
f 90/90/90 89/89/89 82/82/82
f 90/90/90 91/91/91 89/89/89
f 92/92/92 89/89/89 91/91/91
f 95/95/95 94/94/94 93/93/93
f 94/94/94 95/95/95 96/96/96
f 96/96/96 97/97/97 94/94/94
f 93/93/93 98/98/98 95/95/95
f 98/98/98 99/99/99 95/95/95
f 100/100/100 95/95/95 99/99/99
f 95/95/95 100/100/100 101/101/101
f 101/101/101 96/96/96 102/102/102
f 103/103/103 101/101/101 100/100/100
f 103/103/103 104/104/104 101/101/101
f 105/105/105 94/94/94 104/104/104
f 106/106/106 94/94/94 105/105/105
f 93/93/93 107/107/107 98/98/98
f 108/108/108 98/98/98 107/107/107
f 94/94/94 106/106/106 109/109/109
f 110/110/110 109/109/109 106/106/106
f 99/99/99 98/98/98 111/111/111
f 98/98/98 108/108/108 112/112/112
f 112/112/112 108/108/108 113/113/113
f 114/114/114 113/113/113 108/108/108
f 113/113/113 114/114/114 115/115/115
f 116/116/116 115/115/115 114/114/114
f 93/93/93 109/109/109 107/107/107
f 117/117/117 107/107/107 109/109/109
f 118/118/118 117/117/117 109/109/109
f 117/117/117 118/118/118 119/119/119
f 120/120/120 119/119/119 118/118/118
f 120/120/120 121/121/121 119/119/119
f 122/122/122 119/119/119 121/121/121
f 93/93/93 94/94/94 109/109/109
f 110/110/110 123/123/123 109/109/109
f 118/118/118 123/123/123 120/120/120
f 118/118/118 109/109/109 123/123/123
f 124/124/124 120/120/120 123/123/123
f 120/120/120 124/124/124 121/121/121
f 125/125/125 121/121/121 124/124/124
f 125/125/125 124/124/124 126/126/126
f 127/127/127 126/126/126 124/124/124
f 126/126/126 127/127/127 128/128/128
f 129/129/129 128/128/128 127/127/127
f 130/130/130 127/127/127 124/124/124
f 130/130/130 124/124/124 131/131/131
f 133/133/133 101/101/101 132/132/132
f 136/136/136 135/135/135 134/134/134
f 137/137/137 134/134/134 135/135/135
f 136/136/136 134/134/134 138/138/138
f 139/139/139 138/138/138 134/134/134
f 137/137/137 135/135/135 115/115/115
f 113/113/113 115/115/115 135/135/135
f 135/135/135 140/140/140 113/113/113
f 112/112/112 113/113/113 140/140/140
f 112/112/112 140/140/140 98/98/98
f 111/111/111 98/98/98 140/140/140
f 143/143/143 142/142/142 141/141/141
f 144/144/144 141/141/141 142/142/142
f 142/142/142 145/145/145 144/144/144
f 146/146/146 144/144/144 145/145/145
f 149/149/149 148/148/148 147/147/147
f 148/148/148 150/150/150 147/147/147
f 147/147/147 150/150/150 151/151/151
f 150/150/150 152/152/152 151/151/151
f 151/151/151 153/153/153 147/147/147
f 149/149/149 147/147/147 153/153/153
f 154/154/154 153/153/153 151/151/151
f 153/153/153 154/154/154 155/155/155
f 149/149/149 153/153/153 156/156/156
f 157/157/157 153/153/153 155/155/155
f 157/157/157 158/158/158 153/153/153
f 156/156/156 153/153/153 158/158/158
f 156/156/156 158/158/158 159/159/159
f 158/158/158 160/160/160 159/159/159
f 158/158/158 161/161/161 160/160/160
f 162/162/162 160/160/160 161/161/161
f 163/163/163 162/162/162 161/161/161
f 164/164/164 159/159/159 160/160/160
f 160/160/160 165/165/165 164/164/164
f 165/165/165 160/160/160 162/162/162
f 165/165/165 162/162/162 166/166/166
f 167/167/167 166/166/166 162/162/162
f 166/166/166 167/167/167 168/168/168
f 169/169/169 168/168/168 167/167/167
f 170/170/170 167/167/167 162/162/162
f 170/170/170 169/169/169 167/167/167
f 163/163/163 170/170/170 162/162/162
f 171/171/171 168/168/168 169/169/169
f 158/158/158 172/172/172 161/161/161
f 172/172/172 163/163/163 161/161/161
f 163/163/163 173/173/173 170/170/170
f 174/174/174 170/170/170 173/173/173
f 171/171/171 169/169/169 174/174/174
f 169/169/169 170/170/170 174/174/174
f 174/174/174 173/173/173 175/175/175
f 173/173/173 176/176/176 175/175/175
f 176/176/176 173/173/173 163/163/163
f 163/163/163 172/172/172 176/176/176
f 172/172/172 177/177/177 176/176/176
f 172/172/172 178/178/178 177/177/177
f 176/176/176 179/179/179 175/175/175
f 178/178/178 179/179/179 177/177/177
f 177/177/177 179/179/179 176/176/176
f 179/179/179 180/180/180 175/175/175
f 175/175/175 180/180/180 181/181/181
f 181/181/181 174/174/174 175/175/175
f 182/182/182 174/174/174 181/181/181
f 171/171/171 174/174/174 182/182/182
f 183/183/183 182/182/182 181/181/181
f 184/184/184 181/181/181 180/180/180
f 185/185/185 171/171/171 182/182/182
f 183/183/183 185/185/185 182/182/182
f 183/183/183 186/186/186 185/185/185
f 186/186/186 187/187/187 185/185/185
f 188/188/188 186/186/186 183/183/183
f 188/188/188 187/187/187 186/186/186
f 188/188/188 183/183/183 189/189/189
f 183/183/183 190/190/190 189/189/189
f 181/181/181 190/190/190 183/183/183
f 184/184/184 190/190/190 181/181/181
f 191/191/191 189/189/189 190/190/190
f 157/157/157 179/179/179 178/178/178
f 157/157/157 178/178/178 158/158/158
f 155/155/155 179/179/179 157/157/157
f 155/155/155 192/192/192 179/179/179
f 155/155/155 193/193/193 192/192/192
f 184/184/184 193/193/193 194/194/194
f 195/195/195 187/187/187 188/188/188
f 195/195/195 196/196/196 187/187/187
f 197/197/197 187/187/187 196/196/196
f 198/198/198 197/197/197 196/196/196
f 198/198/198 196/196/196 199/199/199
f 187/187/187 197/197/197 200/200/200
f 201/201/201 187/187/187 200/200/200
f 201/201/201 202/202/202 187/187/187
f 202/202/202 185/185/185 187/187/187
f 203/203/203 185/185/185 202/202/202
f 171/171/171 185/185/185 203/203/203
f 171/171/171 203/203/203 168/168/168
f 204/204/204 197/197/197 198/198/198
f 206/206/206 198/198/198 205/205/205
f 207/207/207 206/206/206 205/205/205
f 209/209/209 207/207/207 208/208/208
f 210/210/210 207/207/207 209/209/209
f 210/210/210 209/209/209 211/211/211
f 212/212/212 211/211/211 209/209/209
f 211/211/211 212/212/212 213/213/213
f 211/211/211 213/213/213 214/214/214
f 211/211/211 214/214/214 215/215/215
f 214/214/214 213/213/213 216/216/216
f 214/214/214 216/216/216 215/215/215
f 216/216/216 213/213/213 217/217/217
f 216/216/216 217/217/217 218/218/218
f 219/219/219 218/218/218 217/217/217
f 218/218/218 220/220/220 216/216/216
f 221/221/221 216/216/216 220/220/220
f 215/215/215 216/216/216 221/221/221
f 222/222/222 221/221/221 220/220/220
f 223/223/223 215/215/215 221/221/221
f 222/222/222 223/223/223 221/221/221
f 224/224/224 223/223/223 222/222/222
f 225/225/225 223/223/223 224/224/224
f 225/225/225 224/224/224 226/226/226
f 226/226/226 227/227/227 225/225/225
f 226/226/226 228/228/228 227/227/227
f 226/226/226 229/229/229 228/228/228
f 224/224/224 229/229/229 226/226/226
f 229/229/229 224/224/224 222/222/222
f 230/230/230 227/227/227 228/228/228
f 229/229/229 222/222/222 231/231/231
f 231/231/231 232/232/232 229/229/229
f 229/229/229 232/232/232 228/228/228
f 228/228/228 232/232/232 233/233/233
f 234/234/234 228/228/228 233/233/233
f 234/234/234 230/230/230 228/228/228
f 230/230/230 234/234/234 235/235/235
f 233/233/233 236/236/236 234/234/234
f 235/235/235 234/234/234 237/237/237
f 236/236/236 237/237/237 234/234/234
f 236/236/236 238/238/238 237/237/237
f 239/239/239 236/236/236 233/233/233
f 232/232/232 239/239/239 233/233/233
f 231/231/231 240/240/240 232/232/232
f 239/239/239 232/232/232 240/240/240
f 240/240/240 231/231/231 241/241/241
f 231/231/231 222/222/222 241/241/241
f 242/242/242 239/239/239 240/240/240
f 243/243/243 239/239/239 242/242/242
f 239/239/239 243/243/243 236/236/236
f 244/244/244 240/240/240 241/241/241
f 244/244/244 243/243/243 242/242/242
f 244/244/244 242/242/242 240/240/240
f 245/245/245 244/244/244 241/241/241
f 245/245/245 241/241/241 220/220/220
f 222/222/222 220/220/220 241/241/241
f 220/220/220 246/246/246 245/245/245
f 243/243/243 247/247/247 236/236/236
f 244/244/244 247/247/247 243/243/243
f 236/236/236 247/247/247 248/248/248
f 248/248/248 238/238/238 236/236/236
f 244/244/244 249/249/249 247/247/247
f 248/248/248 247/247/247 249/249/249
f 250/250/250 249/249/249 244/244/244
f 245/245/245 250/250/250 244/244/244
f 251/251/251 248/248/248 249/249/249
f 248/248/248 251/251/251 252/252/252
f 253/253/253 249/249/249 250/250/250
f 253/253/253 245/245/245 246/246/246
f 250/250/250 245/245/245 253/253/253
f 253/253/253 246/246/246 254/254/254
f 218/218/218 246/246/246 220/220/220
f 248/248/248 252/252/252 255/255/255
f 256/256/256 255/255/255 252/252/252
f 257/257/257 256/256/256 252/252/252
f 256/256/256 258/258/258 255/255/255
f 258/258/258 259/259/259 255/255/255
f 255/255/255 259/259/259 248/248/248
f 248/248/248 259/259/259 238/238/238
f 262/262/262 261/261/261 260/260/260
f 262/262/262 260/260/260 263/263/263
f 263/263/263 260/260/260 264/264/264
f 260/260/260 265/265/265 264/264/264
f 264/264/264 265/265/265 266/266/266
f 267/267/267 266/266/266 265/265/265
f 263/263/263 264/264/264 268/268/268
f 263/263/263 268/268/268 262/262/262
f 268/268/268 269/269/269 262/262/262
f 270/270/270 268/268/268 264/264/264
f 266/266/266 270/270/270 264/264/264
f 270/270/270 271/271/271 268/268/268
f 272/272/272 268/268/268 271/271/271
f 273/273/273 268/268/268 272/272/272
f 269/269/269 268/268/268 273/273/273
f 272/272/272 271/271/271 274/274/274
f 271/271/271 275/275/275 274/274/274
f 276/276/276 272/272/272 274/274/274
f 276/276/276 273/273/273 272/272/272
f 277/277/277 274/274/274 275/275/275
f 278/278/278 276/276/276 274/274/274
f 277/277/277 278/278/278 274/274/274
f 279/279/279 278/278/278 277/277/277
f 280/280/280 273/273/273 276/276/276
f 276/276/276 281/281/281 280/280/280
f 281/281/281 282/282/282 280/280/280
f 276/276/276 283/283/283 281/281/281
f 278/278/278 283/283/283 276/276/276
f 278/278/278 284/284/284 283/283/283
f 284/284/284 285/285/285 283/283/283
f 285/285/285 281/281/281 283/283/283
f 286/286/286 285/285/285 284/284/284
f 284/284/284 287/287/287 286/286/286
f 287/287/287 284/284/284 288/288/288
f 288/288/288 279/279/279 289/289/289
f 289/289/289 290/290/290 288/288/288
f 291/291/291 288/288/288 290/290/290
f 288/288/288 291/291/291 287/287/287
f 292/292/292 288/288/288 284/284/284
f 288/288/288 292/292/292 279/279/279
f 292/292/292 284/284/284 278/278/278
f 279/279/279 292/292/292 278/278/278
f 293/293/293 287/287/287 291/291/291
f 291/291/291 294/294/294 293/293/293
f 290/290/290 295/295/295 291/291/291
f 295/295/295 294/294/294 291/291/291
f 295/295/295 296/296/296 294/294/294
f 297/297/297 294/294/294 296/296/296
f 298/298/298 294/294/294 297/297/297
f 299/299/299 285/285/285 286/286/286
f 285/285/285 299/299/299 281/281/281
f 300/300/300 281/281/281 299/299/299
f 301/301/301 299/299/299 286/286/286
f 300/300/300 282/282/282 281/281/281
f 303/303/303 296/296/296 302/302/302
f 304/304/304 302/302/302 296/296/296
f 302/302/302 305/305/305 303/303/303
f 302/302/302 304/304/304 306/306/306
f 302/302/302 306/306/306 307/307/307
f 307/307/307 306/306/306 308/308/308
f 309/309/309 308/308/308 306/306/306
f 306/306/306 310/310/310 309/309/309
f 304/304/304 310/310/310 306/306/306
f 311/311/311 309/309/309 310/310/310
f 312/312/312 309/309/309 311/311/311
f 308/308/308 309/309/309 313/313/313
f 308/308/308 313/313/313 314/314/314
f 315/315/315 313/313/313 309/309/309
f 315/315/315 309/309/309 312/312/312
f 316/316/316 314/314/314 313/313/313
f 316/316/316 313/313/313 317/317/317
f 313/313/313 318/318/318 317/317/317
f 313/313/313 315/315/315 318/318/318
f 315/315/315 312/312/312 318/318/318
f 318/318/318 312/312/312 319/319/319
f 316/316/316 320/320/320 314/314/314
f 316/316/316 321/321/321 320/320/320
f 316/316/316 317/317/317 321/321/321
f 322/322/322 320/320/320 321/321/321
f 320/320/320 323/323/323 314/314/314
f 324/324/324 321/321/321 317/317/317
f 317/317/317 318/318/318 324/324/324
f 324/324/324 318/318/318 325/325/325
f 318/318/318 319/319/319 325/325/325
f 326/326/326 324/324/324 325/325/325
f 327/327/327 326/326/326 325/325/325
f 326/326/326 327/327/327 328/328/328
f 329/329/329 328/328/328 327/327/327
f 328/328/328 330/330/330 326/326/326
f 330/330/330 324/324/324 326/326/326
f 331/331/331 327/327/327 325/325/325
f 325/325/325 319/319/319 331/331/331
f 321/321/321 324/324/324 332/332/332
f 330/330/330 332/332/332 324/324/324
f 333/333/333 321/321/321 332/332/332
f 333/333/333 322/322/322 321/321/321
f 328/328/328 329/329/329 334/334/334
f 334/334/334 335/335/335 328/328/328
f 329/329/329 336/336/336 334/334/334
f 334/334/334 336/336/336 337/337/337
f 337/337/337 338/338/338 334/334/334
f 338/338/338 335/335/335 334/334/334
f 338/338/338 339/339/339 335/335/335
f 328/328/328 335/335/335 339/339/339
f 340/340/340 339/339/339 338/338/338
f 341/341/341 328/328/328 339/339/339
f 328/328/328 341/341/341 330/330/330
f 342/342/342 337/337/337 336/336/336
f 345/345/345 344/344/344 343/343/343
f 344/344/344 347/347/347 346/346/346
f 348/348/348 346/346/346 347/347/347
f 348/348/348 347/347/347 349/349/349
f 350/350/350 346/346/346 348/348/348
f 347/347/347 351/351/351 349/349/349
f 347/347/347 352/352/352 351/351/351
f 353/353/353 351/351/351 352/352/352
f 350/350/350 354/354/354 346/346/346
f 353/353/353 352/352/352 355/355/355
f 353/353/353 355/355/355 356/356/356
f 355/355/355 357/357/357 356/356/356
f 358/358/358 354/354/354 350/350/350
f 354/354/354 358/358/358 359/359/359
f 354/354/354 359/359/359 360/360/360
f 360/360/360 359/359/359 361/361/361
f 360/360/360 361/361/361 362/362/362
f 362/362/362 361/361/361 363/363/363
f 364/364/364 362/362/362 363/363/363
f 362/362/362 364/364/364 365/365/365
f 366/366/366 365/365/365 364/364/364
f 365/365/365 366/366/366 367/367/367
f 367/367/367 366/366/366 368/368/368
f 369/369/369 367/367/367 368/368/368
f 362/362/362 370/370/370 360/360/360
f 370/370/370 372/372/372 371/371/371
f 375/375/375 374/374/374 373/373/373
f 376/376/376 373/373/373 374/374/374
f 373/373/373 376/376/376 377/377/377
f 378/378/378 377/377/377 376/376/376
f 377/377/377 378/378/378 379/379/379
f 380/380/380 379/379/379 378/378/378
f 379/379/379 380/380/380 381/381/381
f 382/382/382 381/381/381 380/380/380
f 381/381/381 382/382/382 383/383/383
f 384/384/384 383/383/383 382/382/382
f 380/380/380 378/378/378 385/385/385
f 386/386/386 385/385/385 378/378/378
f 380/380/380 387/387/387 382/382/382
f 388/388/388 382/382/382 387/387/387
f 382/382/382 388/388/388 384/384/384
f 387/387/387 389/389/389 388/388/388
f 390/390/390 388/388/388 389/389/389
f 386/386/386 391/391/391 385/385/385
f 392/392/392 384/384/384 388/388/388
f 388/388/388 390/390/390 392/392/392
f 393/393/393 392/392/392 390/390/390
f 386/386/386 378/378/378 394/394/394
f 376/376/376 394/394/394 378/378/378
f 390/390/390 395/395/395 393/393/393
f 396/396/396 393/393/393 395/395/395
f 395/395/395 397/397/397 396/396/396
f 397/397/397 395/395/395 398/398/398
f 399/399/399 398/398/398 395/395/395
f 389/389/389 399/399/399 390/390/390
f 395/395/395 390/390/390 399/399/399
f 398/398/398 399/399/399 400/400/400
f 401/401/401 400/400/400 399/399/399
f 399/399/399 389/389/389 401/401/401
f 402/402/402 396/396/396 397/397/397
f 401/401/401 403/403/403 400/400/400
f 403/403/403 401/401/401 394/394/394
f 394/394/394 404/404/404 403/403/403
f 405/405/405 403/403/403 404/404/404
f 405/405/405 406/406/406 403/403/403
f 406/406/406 400/400/400 403/403/403
f 407/407/407 404/404/404 394/394/394
f 394/394/394 376/376/376 407/407/407
f 374/374/374 407/407/407 376/376/376
f 386/386/386 394/394/394 401/401/401
f 386/386/386 401/401/401 391/391/391
f 410/410/410 409/409/409 408/408/408
f 411/411/411 408/408/408 409/409/409
f 408/408/408 413/413/413 412/412/412
f 414/414/414 410/410/410 413/413/413
f 414/414/414 413/413/413 415/415/415
f 416/416/416 415/415/415 413/413/413
f 416/416/416 417/417/417 415/415/415
f 418/418/418 415/415/415 417/417/417
f 412/412/412 414/414/414 419/419/419
f 419/419/419 420/420/420 412/412/412
f 421/421/421 419/419/419 414/414/414
f 422/422/422 419/419/419 421/421/421
f 423/423/423 419/419/419 422/422/422
f 415/415/415 424/424/424 414/414/414
f 422/422/422 425/425/425 423/423/423
f 426/426/426 425/425/425 422/422/422
f 426/426/426 427/427/427 425/425/425
f 428/428/428 425/425/425 427/427/427
f 430/430/430 429/429/429 415/415/415
f 431/431/431 415/415/415 429/429/429
f 431/431/431 432/432/432 415/415/415
f 434/434/434 433/433/433 412/412/412
f 435/435/435 412/412/412 433/433/433
f 434/434/434 436/436/436 433/433/433
f 437/437/437 433/433/433 436/436/436
f 434/434/434 438/438/438 436/436/436
f 439/439/439 438/438/438 434/434/434
f 434/434/434 412/412/412 440/440/440
f 440/440/440 412/412/412 441/441/441
f 441/441/441 442/442/442 440/440/440
f 443/443/443 440/440/440 442/442/442
f 442/442/442 444/444/444 443/443/443
f 445/445/445 443/443/443 444/444/444
f 446/446/446 434/434/434 440/440/440
f 446/446/446 439/439/439 434/434/434
f 446/446/446 447/447/447 439/439/439
f 448/448/448 439/439/439 447/447/447
f 440/440/440 449/449/449 446/446/446
f 447/447/447 446/446/446 449/449/449
f 448/448/448 447/447/447 450/450/450
f 447/447/447 451/451/451 450/450/450
f 447/447/447 452/452/452 451/451/451
f 449/449/449 452/452/452 447/447/447
f 455/455/455 454/454/454 453/453/453
f 456/456/456 453/453/453 454/454/454
f 457/457/457 455/455/455 453/453/453
f 453/453/453 458/458/458 457/457/457
f 453/453/453 459/459/459 458/458/458
f 460/460/460 459/459/459 453/453/453
f 459/459/459 460/460/460 461/461/461
f 453/453/453 456/456/456 462/462/462
f 463/463/463 453/453/453 462/462/462
f 463/463/463 462/462/462 464/464/464
f 463/463/463 464/464/464 465/465/465
f 466/466/466 465/465/465 464/464/464
f 465/465/465 466/466/466 467/467/467
f 468/468/468 465/465/465 467/467/467
f 469/469/469 465/465/465 468/468/468
f 463/463/463 465/465/465 470/470/470
f 463/463/463 470/470/470 471/471/471
f 471/471/471 470/470/470 472/472/472
f 473/473/473 471/471/471 460/460/460
f 474/474/474 472/472/472 470/470/470
f 465/465/465 474/474/474 470/470/470
f 471/471/471 453/453/453 463/463/463
f 475/475/475 474/474/474 465/465/465
f 476/476/476 474/474/474 475/475/475
f 478/478/478 477/477/477 460/460/460
f 480/480/480 478/478/478 479/479/479
f 483/483/483 482/482/482 481/481/481
f 486/486/486 485/485/485 484/484/484
f 486/486/486 487/487/487 485/485/485
f 487/487/487 375/375/375 485/485/485
f 373/373/373 485/485/485 375/375/375
f 485/485/485 373/373/373 488/488/488
f 377/377/377 488/488/488 373/373/373
f 488/488/488 377/377/377 489/489/489
f 379/379/379 489/489/489 377/377/377
f 489/489/489 379/379/379 490/490/490
f 490/490/490 491/491/491 489/489/489
f 488/488/488 489/489/489 492/492/492
f 485/485/485 492/492/492 484/484/484
f 488/488/488 492/492/492 485/485/485
f 493/493/493 492/492/492 489/489/489
f 489/489/489 491/491/491 493/493/493
f 381/381/381 494/494/494 379/379/379
f 494/494/494 495/495/495 491/491/491
f 497/497/497 496/496/496 495/495/495
f 496/496/496 498/498/498 495/495/495
f 383/383/383 496/496/496 381/381/381
f 499/499/499 381/381/381 496/496/496
f 180/180/180 193/193/193 184/184/184
f 180/180/180 192/192/192 193/193/193
f 192/192/192 180/180/180 179/179/179
f 178/178/178 172/172/172 158/158/158
f 502/502/502 501/501/501 500/500/500
f 503/503/503 500/500/500 501/501/501
f 501/501/501 504/504/504 503/503/503
f 505/505/505 502/502/502 500/500/500
f 505/505/505 506/506/506 502/502/502
f 507/507/507 502/502/502 506/506/506
f 507/507/507 508/508/508 502/502/502
f 507/507/507 506/506/506 509/509/509
f 508/508/508 507/507/507 509/509/509
f 509/509/509 510/510/510 508/508/508
f 510/510/510 509/509/509 511/511/511
f 508/508/508 510/510/510 512/512/512
f 512/512/512 510/510/510 513/513/513
f 514/514/514 513/513/513 510/510/510
f 510/510/510 515/515/515 514/514/514
f 515/515/515 516/516/516 514/514/514
f 514/514/514 516/516/516 517/517/517
f 518/518/518 514/514/514 517/517/517
f 513/513/513 514/514/514 518/518/518
f 518/518/518 517/517/517 519/519/519
f 519/519/519 520/520/520 518/518/518
f 521/521/521 518/518/518 520/520/520
f 522/522/522 518/518/518 521/521/521
f 523/523/523 517/517/517 516/516/516
f 516/516/516 524/524/524 523/523/523
f 524/524/524 516/516/516 525/525/525
f 526/526/526 523/523/523 524/524/524
f 526/526/526 524/524/524 527/527/527
f 524/524/524 525/525/525 527/527/527
f 513/513/513 518/518/518 528/528/528
f 522/522/522 528/528/528 518/518/518
f 528/528/528 522/522/522 529/529/529
f 530/530/530 529/529/529 522/522/522
f 522/522/522 521/521/521 530/530/530
f 521/521/521 531/531/531 530/530/530
f 531/531/531 521/521/521 532/532/532
f 520/520/520 532/532/532 521/521/521
f 530/530/530 531/531/531 533/533/533
f 534/534/534 530/530/530 533/533/533
f 530/530/530 534/534/534 529/529/529
f 528/528/528 529/529/529 535/535/535
f 535/535/535 536/536/536 528/528/528
f 537/537/537 528/528/528 536/536/536
f 537/537/537 512/512/512 528/528/528
f 512/512/512 537/537/537 508/508/508
f 537/537/537 538/538/538 508/508/508
f 536/536/536 538/538/538 537/537/537
f 508/508/508 538/538/538 502/502/502
f 513/513/513 528/528/528 512/512/512
f 529/529/529 539/539/539 535/535/535
f 539/539/539 529/529/529 534/534/534
f 540/540/540 535/535/535 539/539/539
f 535/535/535 540/540/540 536/536/536
f 541/541/541 538/538/538 536/536/536
f 541/541/541 536/536/536 540/540/540
f 534/534/534 533/533/533 542/542/542
f 533/533/533 543/543/543 542/542/542
f 544/544/544 542/542/542 543/543/543
f 542/542/542 544/544/544 545/545/545
f 546/546/546 545/545/545 544/544/544
f 545/545/545 546/546/546 541/541/541
f 538/538/538 541/541/541 546/546/546
f 502/502/502 538/538/538 547/547/547
f 546/546/546 547/547/547 538/538/538
f 544/544/544 547/547/547 546/546/546
f 547/547/547 544/544/544 543/543/543
f 548/548/548 502/502/502 547/547/547
f 549/549/549 548/548/548 547/547/547
f 549/549/549 550/550/550 548/548/548
f 551/551/551 548/548/548 550/550/550
f 548/548/548 551/551/551 552/552/552
f 551/551/551 553/553/553 552/552/552
f 554/554/554 552/552/552 553/553/553
f 501/501/501 552/552/552 554/554/554
f 548/548/548 552/552/552 501/501/501
f 555/555/555 501/501/501 554/554/554
f 556/556/556 554/554/554 553/553/553
f 557/557/557 554/554/554 556/556/556
f 550/550/550 549/549/549 558/558/558
f 559/559/559 558/558/558 549/549/549
f 549/549/549 560/560/560 559/559/559
f 547/547/547 560/560/560 549/549/549
f 559/559/559 560/560/560 561/561/561
f 561/561/561 562/562/562 559/559/559
f 562/562/562 563/563/563 559/559/559
f 558/558/558 559/559/559 563/563/563
f 563/563/563 562/562/562 564/564/564
f 562/562/562 565/565/565 564/564/564
f 562/562/562 561/561/561 565/565/565
f 566/566/566 564/564/564 565/565/565
f 566/566/566 565/565/565 567/567/567
f 568/568/568 567/567/567 565/565/565
f 568/568/568 565/565/565 561/561/561
f 567/567/567 568/568/568 569/569/569
f 570/570/570 569/569/569 568/568/568
f 569/569/569 570/570/570 532/532/532
f 558/558/558 563/563/563 571/571/571
f 543/543/543 561/561/561 560/560/560
f 568/568/568 543/543/543 570/570/570
f 568/568/568 561/561/561 543/543/543
f 570/570/570 543/543/543 531/531/531
f 531/531/531 572/572/572 570/570/570
f 533/533/533 531/531/531 543/543/543
f 571/571/571 573/573/573 558/558/558
f 573/573/573 574/574/574 558/558/558
f 550/550/550 558/558/558 574/574/574
f 574/574/574 575/575/575 550/550/550
f 551/551/551 550/550/550 575/575/575
f 573/573/573 576/576/576 574/574/574
f 575/575/575 574/574/574 576/576/576
f 578/578/578 577/577/577 551/551/551
f 577/577/577 578/578/578 579/579/579
f 580/580/580 579/579/579 578/578/578
f 579/579/579 581/581/581 577/577/577
f 553/553/553 577/577/577 581/581/581
f 551/551/551 577/577/577 553/553/553
f 553/553/553 581/581/581 556/556/556
f 584/584/584 583/583/583 582/582/582
f 582/582/582 583/583/583 585/585/585
f 583/583/583 586/586/586 585/585/585
f 584/584/584 587/587/587 583/583/583
f 587/587/587 586/586/586 583/583/583
f 587/587/587 588/588/588 586/586/586
f 584/584/584 589/589/589 587/587/587
f 591/591/591 590/590/590 516/516/516
f 593/593/593 592/592/592 555/555/555
f 555/555/555 554/554/554 593/593/593
f 557/557/557 593/593/593 554/554/554
f 504/504/504 555/555/555 594/594/594
f 555/555/555 504/504/504 501/501/501
f 501/501/501 502/502/502 548/548/548
f 596/596/596 594/594/594 595/595/595
f 596/596/596 595/595/595 597/597/597
f 596/596/596 597/597/597 598/598/598
f 599/599/599 598/598/598 597/597/597
f 597/597/597 600/600/600 599/599/599
f 597/597/597 595/595/595 601/601/601
f 597/597/597 601/601/601 602/602/602
f 601/601/601 603/603/603 602/602/602
f 604/604/604 602/602/602 603/603/603
f 601/601/601 605/605/605 603/603/603
f 606/606/606 605/605/605 601/601/601
f 604/604/604 607/607/607 602/602/602
f 602/602/602 607/607/607 597/597/597
f 600/600/600 597/597/597 607/607/607
f 600/600/600 607/607/607 608/608/608
f 600/600/600 608/608/608 609/609/609
f 609/609/609 610/610/610 600/600/600
f 610/610/610 611/611/611 600/600/600
f 611/611/611 612/612/612 600/600/600
f 612/612/612 611/611/611 613/613/613
f 611/611/611 610/610/610 613/613/613
f 614/614/614 600/600/600 612/612/612
f 600/600/600 614/614/614 599/599/599
f 615/615/615 613/613/613 610/610/610
f 613/613/613 615/615/615 616/616/616
f 615/615/615 610/610/610 617/617/617
f 617/617/617 618/618/618 615/615/615
f 619/619/619 615/615/615 618/618/618
f 620/620/620 615/615/615 619/619/619
f 621/621/621 620/620/620 619/619/619
f 622/622/622 619/619/619 618/618/618
f 622/622/622 621/621/621 619/619/619
f 622/622/622 623/623/623 621/621/621
f 622/622/622 624/624/624 623/623/623
f 622/622/622 618/618/618 624/624/624
f 623/623/623 624/624/624 625/625/625
f 625/625/625 624/624/624 626/626/626
f 627/627/627 626/626/626 624/624/624
f 624/624/624 628/628/628 627/627/627
f 629/629/629 621/621/621 623/623/623
f 621/621/621 629/629/629 630/630/630
f 630/630/630 631/631/631 621/621/621
f 632/632/632 621/621/621 631/631/631
f 633/633/633 630/630/630 629/629/629
f 628/628/628 624/624/624 634/634/634
f 618/618/618 634/634/634 624/624/624
f 634/634/634 635/635/635 628/628/628
f 636/636/636 628/628/628 635/635/635
f 627/627/627 628/628/628 636/636/636
f 637/637/637 627/627/627 636/636/636
f 626/626/626 627/627/627 638/638/638
f 637/637/637 638/638/638 627/627/627
f 637/637/637 636/636/636 639/639/639
f 636/636/636 640/640/640 639/639/639
f 636/636/636 635/635/635 640/640/640
f 635/635/635 634/634/634 641/641/641
f 618/618/618 617/617/617 634/634/634
f 642/642/642 634/634/634 617/617/617
f 642/642/642 617/617/617 610/610/610
f 609/609/609 642/642/642 610/610/610
f 641/641/641 634/634/634 643/643/643
f 642/642/642 643/643/643 634/634/634
f 609/609/609 643/643/643 642/642/642
f 635/635/635 641/641/641 644/644/644
f 644/644/644 640/640/640 635/635/635
f 645/645/645 644/644/644 641/641/641
f 641/641/641 643/643/643 645/645/645
f 609/609/609 646/646/646 643/643/643
f 646/646/646 645/645/645 643/643/643
f 639/639/639 640/640/640 647/647/647
f 639/639/639 647/647/647 648/648/648
f 637/637/637 639/639/639 648/648/648
f 649/649/649 648/648/648 647/647/647
f 647/647/647 650/650/650 649/649/649
f 650/650/650 651/651/651 649/649/649
f 652/652/652 649/649/649 651/651/651
f 609/609/609 652/652/652 646/646/646
f 651/651/651 646/646/646 652/652/652
f 652/652/652 609/609/609 608/608/608
f 608/608/608 649/649/649 652/652/652
f 649/649/649 608/608/608 648/648/648
f 648/648/648 608/608/608 653/653/653
f 653/653/653 608/608/608 654/654/654
f 653/653/653 654/654/654 655/655/655
f 653/653/653 655/655/655 656/656/656
f 656/656/656 648/648/648 653/653/653
f 657/657/657 656/656/656 655/655/655
f 658/658/658 657/657/657 655/655/655
f 657/657/657 658/658/658 659/659/659
f 657/657/657 659/659/659 660/660/660
f 657/657/657 660/660/660 656/656/656
f 661/661/661 660/660/660 659/659/659
f 661/661/661 662/662/662 660/660/660
f 663/663/663 660/660/660 662/662/662
f 663/663/663 656/656/656 660/660/660
f 662/662/662 664/664/664 663/663/663
f 665/665/665 663/663/663 664/664/664
f 664/664/664 638/638/638 665/665/665
f 655/655/655 654/654/654 666/666/666
f 655/655/655 666/666/666 658/658/658
f 667/667/667 666/666/666 654/654/654
f 654/654/654 607/607/607 667/667/667
f 604/604/604 667/667/667 607/607/607
f 658/658/658 666/666/666 668/668/668
f 648/648/648 663/663/663 665/665/665
f 648/648/648 665/665/665 637/637/637
f 637/637/637 665/665/665 669/669/669
f 656/656/656 663/663/663 648/648/648
f 666/666/666 667/667/667 670/670/670
f 670/670/670 671/671/671 666/666/666
f 671/671/671 668/668/668 666/666/666
f 670/670/670 667/667/667 672/672/672
f 673/673/673 672/672/672 667/667/667
f 672/672/672 674/674/674 670/670/670
f 671/671/671 670/670/670 674/674/674
f 676/676/676 675/675/675 604/604/604
f 676/676/676 677/677/677 675/675/675
f 678/678/678 675/675/675 677/677/677
f 677/677/677 676/676/676 679/679/679
f 603/603/603 679/679/679 676/676/676
f 679/679/679 603/603/603 605/605/605
f 676/676/676 604/604/604 603/603/603
f 511/511/511 680/680/680 510/510/510
f 680/680/680 511/511/511 681/681/681
f 684/684/684 683/683/683 682/682/682
f 685/685/685 682/682/682 683/683/683
f 688/688/688 687/687/687 686/686/686
f 687/687/687 689/689/689 686/686/686
f 689/689/689 687/687/687 690/690/690
f 691/691/691 686/686/686 689/689/689
f 690/690/690 687/687/687 692/692/692
f 692/692/692 687/687/687 688/688/688
f 547/547/547 543/543/543 560/560/560
f 695/695/695 694/694/694 693/693/693
f 696/696/696 693/693/693 694/694/694
f 693/693/693 696/696/696 697/697/697
f 698/698/698 697/697/697 696/696/696
f 697/697/697 698/698/698 699/699/699
f 700/700/700 699/699/699 698/698/698
f 699/699/699 700/700/700 701/701/701
f 702/702/702 701/701/701 700/700/700
f 701/701/701 702/702/702 703/703/703
f 704/704/704 703/703/703 702/702/702
f 694/694/694 695/695/695 704/704/704
f 703/703/703 704/704/704 695/695/695
f 707/707/707 706/706/706 705/705/705
f 707/707/707 708/708/708 706/706/706
f 707/707/707 709/709/709 708/708/708
f 710/710/710 708/708/708 709/709/709
f 711/711/711 706/706/706 708/708/708
f 711/711/711 708/708/708 712/712/712
f 712/712/712 708/708/708 713/713/713
f 708/708/708 710/710/710 713/713/713
f 713/713/713 714/714/714 712/712/712
f 715/715/715 712/712/712 714/714/714
f 714/714/714 716/716/716 715/715/715
f 717/717/717 715/715/715 716/716/716
f 712/712/712 715/715/715 718/718/718
f 712/712/712 718/718/718 711/711/711
f 718/718/718 719/719/719 711/711/711
f 720/720/720 711/711/711 719/719/719
f 719/719/719 721/721/721 720/720/720
f 722/722/722 720/720/720 721/721/721
f 722/722/722 721/721/721 723/723/723
f 723/723/723 724/724/724 722/722/722
f 724/724/724 723/723/723 725/725/725
f 724/724/724 725/725/725 726/726/726
f 727/727/727 726/726/726 725/725/725
f 728/728/728 724/724/724 726/726/726
f 721/721/721 729/729/729 723/723/723
f 729/729/729 721/721/721 730/730/730
f 731/731/731 730/730/730 721/721/721
f 721/721/721 719/719/719 731/731/731
f 730/730/730 731/731/731 732/732/732
f 733/733/733 730/730/730 732/732/732
f 734/734/734 732/732/732 731/731/731
f 734/734/734 731/731/731 735/735/735
f 729/729/729 736/736/736 723/723/723
f 737/737/737 723/723/723 736/736/736
f 723/723/723 737/737/737 725/725/725
f 730/730/730 738/738/738 729/729/729
f 736/736/736 729/729/729 738/738/738
f 733/733/733 738/738/738 730/730/730
f 731/731/731 739/739/739 735/735/735
f 739/739/739 717/717/717 735/735/735
f 740/740/740 717/717/717 739/739/739
f 739/739/739 731/731/731 719/719/719
f 718/718/718 740/740/740 739/739/739
f 719/719/719 718/718/718 739/739/739
f 740/740/740 718/718/718 715/715/715
f 740/740/740 715/715/715 717/717/717
f 743/743/743 742/742/742 741/741/741
f 742/742/742 744/744/744 741/741/741
f 743/743/743 745/745/745 742/742/742
f 746/746/746 744/744/744 742/742/742
f 742/742/742 745/745/745 746/746/746
f 745/745/745 747/747/747 746/746/746
f 747/747/747 745/745/745 748/748/748
f 749/749/749 748/748/748 745/745/745
f 745/745/745 750/750/750 749/749/749
f 750/750/750 745/745/745 743/743/743
f 751/751/751 750/750/750 743/743/743
f 752/752/752 749/749/749 750/750/750
f 750/750/750 751/751/751 752/752/752
f 753/753/753 752/752/752 751/751/751
f 751/751/751 754/754/754 753/753/753
f 755/755/755 753/753/753 754/754/754
f 754/754/754 756/756/756 755/755/755
f 754/754/754 757/757/757 756/756/756
f 757/757/757 758/758/758 756/756/756
f 757/757/757 759/759/759 758/758/758
f 760/760/760 756/756/756 758/758/758
f 754/754/754 751/751/751 761/761/761
f 761/761/761 762/762/762 754/754/754
f 754/754/754 762/762/762 757/757/757
f 762/762/762 759/759/759 757/757/757
f 761/761/761 763/763/763 762/762/762
f 763/763/763 761/761/761 743/743/743
f 761/761/761 751/751/751 743/743/743
f 764/764/764 762/762/762 763/763/763
f 765/765/765 764/764/764 763/763/763
f 763/763/763 766/766/766 765/765/765
f 767/767/767 765/765/765 766/766/766
f 767/767/767 768/768/768 765/765/765
f 769/769/769 765/765/765 768/768/768
f 762/762/762 764/764/764 769/769/769
f 769/769/769 764/764/764 765/765/765
f 759/759/759 762/762/762 769/769/769
f 767/767/767 766/766/766 770/770/770
f 770/770/770 771/771/771 767/767/767
f 772/772/772 770/770/770 766/766/766
f 768/768/768 767/767/767 773/773/773
f 771/771/771 773/773/773 767/767/767
f 766/766/766 774/774/774 772/772/772
f 766/766/766 763/763/763 774/774/774
f 775/775/775 772/772/772 774/774/774
f 775/775/775 774/774/774 776/776/776
f 777/777/777 776/776/776 774/774/774
f 776/776/776 777/777/777 778/778/778
f 779/779/779 778/778/778 777/777/777
f 780/780/780 777/777/777 774/774/774
f 780/780/780 779/779/779 777/777/777
f 741/741/741 779/779/779 780/780/780
f 780/780/780 774/774/774 741/741/741
f 774/774/774 781/781/781 741/741/741
f 781/781/781 774/774/774 763/763/763
f 781/781/781 763/763/763 743/743/743
f 781/781/781 743/743/743 741/741/741
f 744/744/744 779/779/779 741/741/741
f 784/784/784 783/783/783 782/782/782
f 787/787/787 786/786/786 785/785/785
f 788/788/788 785/785/785 786/786/786
f 785/785/785 788/788/788 789/789/789
f 790/790/790 789/789/789 788/788/788
f 789/789/789 790/790/790 791/791/791
f 792/792/792 791/791/791 790/790/790
f 787/787/787 793/793/793 786/786/786
f 794/794/794 786/786/786 793/793/793
f 794/794/794 793/793/793 795/795/795
f 796/796/796 795/795/795 793/793/793
f 799/799/799 798/798/798 797/797/797
f 799/799/799 800/800/800 798/798/798
f 800/800/800 799/799/799 801/801/801
f 802/802/802 797/797/797 798/798/798
f 802/802/802 798/798/798 803/803/803
f 804/804/804 803/803/803 798/798/798
f 798/798/798 805/805/805 804/804/804
f 805/805/805 806/806/806 800/800/800
f 807/807/807 804/804/804 805/805/805
f 807/807/807 805/805/805 808/808/808
f 809/809/809 808/808/808 799/799/799
f 799/799/799 810/810/810 809/809/809
f 797/797/797 802/802/802 811/811/811
f 812/812/812 811/811/811 802/802/802
f 799/799/799 813/813/813 810/810/810
f 814/814/814 810/810/810 813/813/813
f 802/802/802 803/803/803 815/815/815
f 812/812/812 802/802/802 816/816/816
f 816/816/816 817/817/817 812/812/812
f 818/818/818 812/812/812 817/817/817
f 817/817/817 819/819/819 818/818/818
f 820/820/820 818/818/818 819/819/819
f 821/821/821 813/813/813 811/811/811
f 821/821/821 822/822/822 813/813/813
f 821/821/821 823/823/823 822/822/822
f 824/824/824 822/822/822 823/823/823
f 824/824/824 823/823/823 825/825/825
f 826/826/826 825/825/825 823/823/823
f 797/797/797 811/811/811 813/813/813
f 799/799/799 797/797/797 813/813/813
f 822/822/822 827/827/827 813/813/813
f 822/822/822 824/824/824 827/827/827
f 814/814/814 813/813/813 827/827/827
f 828/828/828 827/827/827 824/824/824
f 824/824/824 825/825/825 828/828/828
f 829/829/829 828/828/828 825/825/825
f 829/829/829 830/830/830 828/828/828
f 831/831/831 828/828/828 830/830/830
f 830/830/830 832/832/832 831/831/831
f 833/833/833 831/831/831 832/832/832
f 831/831/831 834/834/834 828/828/828
f 828/828/828 834/834/834 835/835/835
f 837/837/837 836/836/836 805/805/805
f 840/840/840 839/839/839 838/838/838
f 841/841/841 838/838/838 839/839/839
f 841/841/841 842/842/842 838/838/838
f 843/843/843 838/838/838 842/842/842
f 840/840/840 819/819/819 839/839/839
f 817/817/817 839/839/839 819/819/819
f 839/839/839 817/817/817 844/844/844
f 816/816/816 844/844/844 817/817/817
f 816/816/816 802/802/802 844/844/844
f 815/815/815 844/844/844 802/802/802
f 847/847/847 846/846/846 845/845/845
f 848/848/848 845/845/845 846/846/846
f 846/846/846 847/847/847 849/849/849
f 850/850/850 849/849/849 847/847/847
f 852/852/852 851/851/851 211/211/211
f 211/211/211 851/851/851 853/853/853
f 215/215/215 852/852/852 211/211/211
f 215/215/215 854/854/854 852/852/852
f 215/215/215 223/223/223 854/854/854
f 854/854/854 223/223/223 225/225/225
f 210/210/210 211/211/211 853/853/853
f 210/210/210 855/855/855 207/207/207
f 858/858/858 857/857/857 856/856/856
f 859/859/859 856/856/856 857/857/857
f 856/856/856 860/860/860 858/858/858
f 861/861/861 858/858/858 860/860/860
f 860/860/860 862/862/862 861/861/861
f 863/863/863 861/861/861 862/862/862
f 862/862/862 864/864/864 863/863/863
f 865/865/865 863/863/863 864/864/864
f 864/864/864 866/866/866 865/865/865
f 867/867/867 865/865/865 866/866/866
f 863/863/863 868/868/868 861/861/861
f 869/869/869 861/861/861 868/868/868
f 863/863/863 865/865/865 870/870/870
f 871/871/871 870/870/870 865/865/865
f 865/865/865 867/867/867 871/871/871
f 870/870/870 871/871/871 872/872/872
f 873/873/873 872/872/872 871/871/871
f 874/874/874 869/869/869 868/868/868
f 875/875/875 871/871/871 867/867/867
f 871/871/871 875/875/875 873/873/873
f 876/876/876 873/873/873 875/875/875
f 869/869/869 877/877/877 861/861/861
f 873/873/873 876/876/876 878/878/878
f 879/879/879 878/878/878 876/876/876
f 878/878/878 879/879/879 880/880/880
f 880/880/880 881/881/881 878/878/878
f 882/882/882 878/878/878 881/881/881
f 878/878/878 882/882/882 873/873/873
f 872/872/872 873/873/873 882/882/882
f 881/881/881 883/883/883 882/882/882
f 884/884/884 882/882/882 883/883/883
f 869/869/869 884/884/884 877/877/877
f 882/882/882 884/884/884 872/872/872
f 869/869/869 874/874/874 884/884/884
f 885/885/885 880/880/880 879/879/879
f 886/886/886 884/884/884 883/883/883
f 886/886/886 877/877/877 884/884/884
f 877/877/877 886/886/886 887/887/887
f 888/888/888 887/887/887 886/886/886
f 889/889/889 888/888/888 886/886/886
f 883/883/883 889/889/889 886/886/886
f 887/887/887 890/890/890 877/877/877
f 877/877/877 890/890/890 858/858/858
f 858/858/858 861/861/861 877/877/877
f 857/857/857 858/858/858 890/890/890
f 893/893/893 892/892/892 891/891/891
f 894/894/894 891/891/891 892/892/892
f 896/896/896 895/895/895 894/894/894
f 891/891/891 897/897/897 895/895/895
f 896/896/896 898/898/898 895/895/895
f 899/899/899 895/895/895 898/898/898
f 899/899/899 898/898/898 900/900/900
f 901/901/901 900/900/900 898/898/898
f 896/896/896 897/897/897 902/902/902
f 903/903/903 902/902/902 897/897/897
f 902/902/902 904/904/904 896/896/896
f 902/902/902 905/905/905 904/904/904
f 902/902/902 906/906/906 905/905/905
f 907/907/907 898/898/898 896/896/896
f 908/908/908 905/905/905 906/906/906
f 908/908/908 909/909/909 905/905/905
f 909/909/909 908/908/908 910/910/910
f 911/911/911 910/910/910 908/908/908
f 913/913/913 912/912/912 897/897/897
f 914/914/914 897/897/897 912/912/912
f 914/914/914 912/912/912 915/915/915
f 916/916/916 915/915/915 912/912/912
f 917/917/917 914/914/914 915/915/915
f 917/917/917 918/918/918 914/914/914
f 897/897/897 914/914/914 919/919/919
f 897/897/897 919/919/919 920/920/920
f 920/920/920 919/919/919 921/921/921
f 922/922/922 921/921/921 919/919/919
f 921/921/921 922/922/922 923/923/923
f 924/924/924 923/923/923 922/922/922
f 914/914/914 925/925/925 919/919/919
f 918/918/918 925/925/925 914/914/914
f 925/925/925 918/918/918 926/926/926
f 927/927/927 926/926/926 918/918/918
f 926/926/926 928/928/928 925/925/925
f 919/919/919 925/925/925 928/928/928
f 926/926/926 927/927/927 929/929/929
f 930/930/930 926/926/926 929/929/929
f 931/931/931 926/926/926 930/930/930
f 931/931/931 928/928/928 926/926/926
f 934/934/934 933/933/933 932/932/932
f 935/935/935 932/932/932 933/933/933
f 935/935/935 936/936/936 932/932/932
f 937/937/937 932/932/932 936/936/936
f 938/938/938 932/932/932 937/937/937
f 938/938/938 939/939/939 932/932/932
f 938/938/938 940/940/940 939/939/939
f 934/934/934 932/932/932 941/941/941
f 932/932/932 942/942/942 941/941/941
f 941/941/941 942/942/942 943/943/943
f 942/942/942 944/944/944 943/943/943
f 945/945/945 943/943/943 944/944/944
f 945/945/945 944/944/944 946/946/946
f 944/944/944 947/947/947 946/946/946
f 944/944/944 948/948/948 947/947/947
f 944/944/944 942/942/942 949/949/949
f 949/949/949 942/942/942 950/950/950
f 949/949/949 950/950/950 951/951/951
f 950/950/950 952/952/952 939/939/939
f 951/951/951 953/953/953 949/949/949
f 953/953/953 944/944/944 949/949/949
f 932/932/932 950/950/950 942/942/942
f 953/953/953 954/954/954 944/944/944
f 953/953/953 955/955/955 954/954/954
f 957/957/957 939/939/939 956/956/956
f 957/957/957 959/959/959 958/958/958
f 961/961/961 960/960/960 898/898/898
f 962/962/962 898/898/898 960/960/960
f 963/963/963 961/961/961 898/898/898
f 966/966/966 965/965/965 964/964/964
f 969/969/969 968/968/968 967/967/967
f 970/970/970 968/968/968 969/969/969
f 970/970/970 969/969/969 859/859/859
f 856/856/856 859/859/859 969/969/969
f 969/969/969 971/971/971 856/856/856
f 860/860/860 856/856/856 971/971/971
f 971/971/971 972/972/972 860/860/860
f 862/862/862 860/860/860 972/972/972
f 972/972/972 973/973/973 862/862/862
f 974/974/974 973/973/973 972/972/972
f 971/971/971 975/975/975 972/972/972
f 975/975/975 969/969/969 967/967/967
f 975/975/975 971/971/971 969/969/969
f 976/976/976 972/972/972 975/975/975
f 974/974/974 972/972/972 976/976/976
f 864/864/864 862/862/862 977/977/977
f 978/978/978 977/977/977 974/974/974
f 980/980/980 979/979/979 978/978/978
f 981/981/981 980/980/980 978/978/978
f 982/982/982 980/980/980 864/864/864
f 866/866/866 864/864/864 980/980/980
f 985/985/985 984/984/984 983/983/983
f 985/985/985 983/983/983 986/986/986
f 987/987/987 985/985/985 986/986/986
f 988/988/988 984/984/984 985/985/985
f 987/987/987 988/988/988 985/985/985
f 989/989/989 988/988/988 987/987/987
f 990/990/990 984/984/984 988/988/988
f 992/992/992 595/595/595 991/991/991
f 595/595/595 992/992/992 601/601/601
f 606/606/606 601/601/601 992/992/992
f 607/607/607 654/654/654 608/608/608
f 993/993/993 616/616/616 615/615/615
f 996/996/996 995/995/995 994/994/994
f 997/997/997 994/994/994 995/995/995
f 1000/1000/1000 999/999/999 998/998/998
f 998/998/998 1001/1001/1001 1000/1000/1000
f 1002/1002/1002 1000/1000/1000 1001/1001/1001
f 1002/1002/1002 1001/1001/1001 1003/1003/1003
f 1004/1004/1004 1003/1003/1003 1001/1001/1001
f 1007/1007/1007 1006/1006/1006 1005/1005/1005
f 1008/1008/1008 1005/1005/1005 1006/1006/1006
f 1005/1005/1005 1009/1009/1009 1007/1007/1007
f 1010/1010/1010 1007/1007/1007 1009/1009/1009
f 1009/1009/1009 1011/1011/1011 1010/1010/1010
f 1012/1012/1012 1010/1010/1010 1011/1011/1011
f 1011/1011/1011 1013/1013/1013 1012/1012/1012
f 1014/1014/1014 1012/1012/1012 1013/1013/1013
f 1013/1013/1013 1015/1015/1015 1014/1014/1014
f 1016/1016/1016 1014/1014/1014 1015/1015/1015
f 1015/1015/1015 1008/1008/1008 1016/1016/1016
f 1006/1006/1006 1016/1016/1016 1008/1008/1008
f 1008/1008/1008 1006/1006/1006 1016/1016/1016
f 1019/1019/1019 1018/1018/1018 1017/1017/1017
f 1017/1017/1017 1020/1020/1020 1019/1019/1019
f 1019/1019/1019 1021/1021/1021 1018/1018/1018
f 1018/1018/1018 1021/1021/1021 1022/1022/1022
f 1023/1023/1023 1022/1022/1022 1021/1021/1021
f 1022/1022/1022 1024/1024/1024 1018/1018/1018
f 1025/1025/1025 1018/1018/1018 1024/1024/1024
f 1018/1018/1018 1025/1025/1025 1017/1017/1017
f 1022/1022/1022 1026/1026/1026 1024/1024/1024
f 1026/1026/1026 1022/1022/1022 1027/1027/1027
f 1028/1028/1028 1027/1027/1027 1022/1022/1022
f 1028/1028/1028 1022/1022/1022 1029/1029/1029
f 1029/1029/1029 1030/1030/1030 1028/1028/1028
f 1031/1031/1031 1029/1029/1029 1022/1022/1022
f 1022/1022/1022 1023/1023/1023 1031/1031/1031
f 1028/1028/1028 1032/1032/1032 1027/1027/1027
f 1033/1033/1033 1032/1032/1032 1028/1028/1028
f 1033/1033/1033 1028/1028/1028 1030/1030/1030
f 1034/1034/1034 1033/1033/1033 1030/1030/1030
f 1033/1033/1033 1034/1034/1034 1035/1035/1035
f 1033/1033/1033 1035/1035/1035 1032/1032/1032
f 1036/1036/1036 1032/1032/1032 1035/1035/1035
f 1032/1032/1032 1036/1036/1036 1027/1027/1027
f 1037/1037/1037 1027/1027/1027 1036/1036/1036
f 1025/1025/1025 1024/1024/1024 1038/1038/1038
f 1025/1025/1025 1038/1038/1038 1039/1039/1039
f 1040/1040/1040 1038/1038/1038 1024/1024/1024
f 1026/1026/1026 1027/1027/1027 1041/1041/1041
f 1037/1037/1037 1041/1041/1041 1027/1027/1027
f 1030/1030/1030 1042/1042/1042 1034/1034/1034
f 1029/1029/1029 1043/1043/1043 1030/1030/1030
f 1044/1044/1044 1030/1030/1030 1043/1043/1043
f 1044/1044/1044 1042/1042/1042 1030/1030/1030
f 1044/1044/1044 1045/1045/1045 1042/1042/1042
f 1046/1046/1046 1044/1044/1044 1043/1043/1043
f 1046/1046/1046 1045/1045/1045 1044/1044/1044
f 1034/1034/1034 1042/1042/1042 1047/1047/1047
f 1034/1034/1034 1047/1047/1047 1048/1048/1048
f 1049/1049/1049 1048/1048/1048 1047/1047/1047
f 1034/1034/1034 1049/1049/1049 1035/1035/1035
f 1050/1050/1050 1047/1047/1047 1042/1042/1042
f 1042/1042/1042 1045/1045/1045 1050/1050/1050
f 1051/1051/1051 1050/1050/1050 1045/1045/1045
f 1051/1051/1051 1045/1045/1045 1046/1046/1046
f 1051/1051/1051 1046/1046/1046 1052/1052/1052
f 1043/1043/1043 1053/1053/1053 1046/1046/1046
f 1054/1054/1054 1046/1046/1046 1053/1053/1053
f 1043/1043/1043 1029/1029/1029 1053/1053/1053
f 1031/1031/1031 1053/1053/1053 1029/1029/1029
f 1023/1023/1023 1053/1053/1053 1031/1031/1031
f 1023/1023/1023 1021/1021/1021 1053/1053/1053
f 1052/1052/1052 1046/1046/1046 1055/1055/1055
f 1046/1046/1046 1054/1054/1054 1055/1055/1055
f 1021/1021/1021 1056/1056/1056 1053/1053/1053
f 1021/1021/1021 1057/1057/1057 1056/1056/1056
f 1058/1058/1058 1056/1056/1056 1057/1057/1057
f 1053/1053/1053 1056/1056/1056 1059/1059/1059
f 1053/1053/1053 1059/1059/1059 1054/1054/1054
f 1060/1060/1060 1059/1059/1059 1056/1056/1056
f 1056/1056/1056 1058/1058/1058 1060/1060/1060
f 1060/1060/1060 1058/1058/1058 1061/1061/1061
f 1062/1062/1062 1061/1061/1061 1058/1058/1058
f 1062/1062/1062 1058/1058/1058 1057/1057/1057
f 1019/1019/1019 1062/1062/1062 1057/1057/1057
f 1019/1019/1019 1057/1057/1057 1021/1021/1021
f 1063/1063/1063 1054/1054/1054 1059/1059/1059
f 1063/1063/1063 1059/1059/1059 1060/1060/1060
f 1063/1063/1063 1055/1055/1055 1054/1054/1054
f 1061/1061/1061 1064/1064/1064 1060/1060/1060
f 1064/1064/1064 1063/1063/1063 1060/1060/1060
f 1019/1019/1019 1020/1020/1020 1062/1062/1062
f 1017/1017/1017 1065/1065/1065 1020/1020/1020
f 1017/1017/1017 1039/1039/1039 1065/1065/1065
f 1017/1017/1017 1025/1025/1025 1039/1039/1039
f 1039/1039/1039 1066/1066/1066 1065/1065/1065
f 1067/1067/1067 1065/1065/1065 1066/1066/1066
f 1067/1067/1067 1068/1068/1068 1065/1065/1065
f 1068/1068/1068 1020/1020/1020 1065/1065/1065
f 1069/1069/1069 1067/1067/1067 1066/1066/1066
f 1070/1070/1070 1066/1066/1066 1039/1039/1039
f 1071/1071/1071 1070/1070/1070 1039/1039/1039
f 1070/1070/1070 1072/1072/1072 1066/1066/1066
f 1073/1073/1073 1071/1071/1071 1039/1039/1039
f 1074/1074/1074 1020/1020/1020 1068/1068/1068
f 1067/1067/1067 1075/1075/1075 1068/1068/1068
f 1076/1076/1076 1074/1074/1074 1068/1068/1068
f 1075/1075/1075 1077/1077/1077 1072/1072/1072
f 1072/1072/1072 1077/1077/1077 1078/1078/1078
f 1067/1067/1067 1079/1079/1079 1075/1075/1075
f 1038/1038/1038 1073/1073/1073 1080/1080/1080
f 1073/1073/1073 1038/1038/1038 1081/1081/1081
f 1082/1082/1082 1081/1081/1081 1038/1038/1038
f 1041/1041/1041 1081/1081/1081 1082/1082/1082
f 1082/1082/1082 1024/1024/1024 1041/1041/1041
f 1041/1041/1041 1083/1083/1083 1081/1081/1081
f 1026/1026/1026 1084/1084/1084 1024/1024/1024
f 1074/1074/1074 1085/1085/1085 1020/1020/1020
f 1088/1088/1088 1087/1087/1087 1086/1086/1086
f 1089/1089/1089 1088/1088/1088 1086/1086/1086
f 1089/1089/1089 1090/1090/1090 1088/1088/1088
f 1089/1089/1089 1091/1091/1091 1090/1090/1090
f 1090/1090/1090 1091/1091/1091 1092/1092/1092
f 1092/1092/1092 1088/1088/1088 1090/1090/1090
f 1093/1093/1093 1092/1092/1092 1091/1091/1091
f 1091/1091/1091 1094/1094/1094 1093/1093/1093
f 1094/1094/1094 1091/1091/1091 1095/1095/1095
f 1095/1095/1095 1096/1096/1096 1094/1094/1094
f 1097/1097/1097 1094/1094/1094 1096/1096/1096
f 1097/1097/1097 1096/1096/1096 1098/1098/1098
f 1099/1099/1099 1098/1098/1098 1096/1096/1096
f 1097/1097/1097 1100/1100/1100 1094/1094/1094
f 1101/1101/1101 1094/1094/1094 1100/1100/1100
f 1101/1101/1101 1093/1093/1093 1094/1094/1094
f 1100/1100/1100 1097/1097/1097 1102/1102/1102
f 1098/1098/1098 1103/1103/1103 1097/1097/1097
f 1098/1098/1098 1104/1104/1104 1103/1103/1103
f 1099/1099/1099 1104/1104/1104 1098/1098/1098
f 1105/1105/1105 1102/1102/1102 1104/1104/1104
f 1104/1104/1104 1106/1106/1106 1105/1105/1105
f 1107/1107/1107 1105/1105/1105 1106/1106/1106
f 1101/1101/1101 1109/1109/1109 1108/1108/1108
f 1110/1110/1110 1108/1108/1108 1109/1109/1109
f 1111/1111/1111 1109/1109/1109 1101/1101/1101
f 1109/1109/1109 1111/1111/1111 1112/1112/1112
f 1113/1113/1113 1112/1112/1112 1111/1111/1111
f 1112/1112/1112 1115/1115/1115 1114/1114/1114
f 1117/1117/1117 1114/1114/1114 1116/1116/1116
f 1120/1120/1120 1119/1119/1119 1118/1118/1118
f 1121/1121/1121 1120/1120/1120 1118/1118/1118
f 1121/1121/1121 1118/1118/1118 1122/1122/1122
f 1122/1122/1122 1118/1118/1118 1123/1123/1123
f 1124/1124/1124 1123/1123/1123 1118/1118/1118
f 1118/1118/1118 1119/1119/1119 1124/1124/1124
f 1125/1125/1125 1124/1124/1124 1119/1119/1119
f 1119/1119/1119 1126/1126/1126 1125/1125/1125
f 1119/1119/1119 1127/1127/1127 1126/1126/1126
f 1127/1127/1127 1128/1128/1128 1126/1126/1126
f 1127/1127/1127 1129/1129/1129 1128/1128/1128
f 1119/1119/1119 1120/1120/1120 1129/1129/1129
f 1119/1119/1119 1129/1129/1129 1127/1127/1127
f 1130/1130/1130 1126/1126/1126 1128/1128/1128
f 1122/1122/1122 1123/1123/1123 1131/1131/1131
f 1122/1122/1122 1131/1131/1131 1121/1121/1121
f 1132/1132/1132 1131/1131/1131 1123/1123/1123
f 1133/1133/1133 1131/1131/1131 1132/1132/1132
f 1134/1134/1134 1121/1121/1121 1131/1131/1131
f 1133/1133/1133 1135/1135/1135 1131/1131/1131
f 1134/1134/1134 1131/1131/1131 1135/1135/1135
f 1135/1135/1135 1133/1133/1133 1136/1136/1136
f 1137/1137/1137 1136/1136/1136 1133/1133/1133
f 1133/1133/1133 1138/1138/1138 1137/1137/1137
f 1139/1139/1139 1137/1137/1137 1138/1138/1138
f 1136/1136/1136 1137/1137/1137 1139/1139/1139
f 1140/1140/1140 1139/1139/1139 1138/1138/1138
f 1141/1141/1141 1139/1139/1139 1140/1140/1140
f 1141/1141/1141 1140/1140/1140 1142/1142/1142
f 1143/1143/1143 1142/1142/1142 1140/1140/1140
f 1142/1142/1142 1143/1143/1143 1144/1144/1144
f 1147/1147/1147 1146/1146/1146 1145/1145/1145
f 1148/1148/1148 1145/1145/1145 1146/1146/1146
f 1148/1148/1148 1146/1146/1146 1149/1149/1149
f 1149/1149/1149 1150/1150/1150 1148/1148/1148
f 1151/1151/1151 1148/1148/1148 1150/1150/1150
f 1145/1145/1145 1128/1128/1128 1147/1147/1147
f 1154/1154/1154 1153/1153/1153 1152/1152/1152
f 1157/1157/1157 1156/1156/1156 1155/1155/1155
f 1158/1158/1158 1155/1155/1155 1156/1156/1156
f 1157/1157/1157 1155/1155/1155 1159/1159/1159
f 1160/1160/1160 1159/1159/1159 1155/1155/1155
f 1155/1155/1155 1158/1158/1158 1161/1161/1161
f 1155/1155/1155 1161/1161/1161 1160/1160/1160
f 1162/1162/1162 1161/1161/1161 1158/1158/1158
f 1158/1158/1158 1163/1163/1163 1162/1162/1162
f 1158/1158/1158 1164/1164/1164 1163/1163/1163
f 1156/1156/1156 1164/1164/1164 1158/1158/1158
f 1159/1159/1159 1160/1160/1160 1165/1165/1165
f 1166/1166/1166 1165/1165/1165 1160/1160/1160
f 1165/1165/1165 1166/1166/1166 1167/1167/1167
f 1168/1168/1168 1167/1167/1167 1166/1166/1166
f 1169/1169/1169 1167/1167/1167 1168/1168/1168
f 1169/1169/1169 1168/1168/1168 1170/1170/1170
f 1170/1170/1170 1168/1168/1168 1166/1166/1166
f 1166/1166/1166 1171/1171/1171 1170/1170/1170
f 1172/1172/1172 1171/1171/1171 1166/1166/1166
f 1160/1160/1160 1172/1172/1172 1166/1166/1166
f 1172/1172/1172 1160/1160/1160 1161/1161/1161
f 1169/1169/1169 1170/1170/1170 1173/1173/1173
f 1165/1165/1165 1174/1174/1174 1159/1159/1159
f 1175/1175/1175 1159/1159/1159 1174/1174/1174
f 1174/1174/1174 1165/1165/1165 1176/1176/1176
f 1167/1167/1167 1176/1176/1176 1165/1165/1165
f 1177/1177/1177 1157/1157/1157 1175/1175/1175
f 1157/1157/1157 1177/1177/1177 1156/1156/1156
f 1178/1178/1178 1156/1156/1156 1177/1177/1177
f 1159/1159/1159 1175/1175/1175 1157/1157/1157
f 1156/1156/1156 1178/1178/1178 1164/1164/1164
f 1179/1179/1179 1164/1164/1164 1178/1178/1178
f 1086/1086/1086 1087/1087/1087 1180/1180/1180
