g NPC_Nv_004
v 0.004973134 -0.006233196 0.9282386
v 0 -0.01223711 0.9501842
v 0.02747164 -0.08224403 0.9282728
v 0.03012409 -0.08650889 0.9593788
v 0.1199467 -0.1028937 0.9406013
v 0.1063347 -0.1024791 0.99326
v 0.1974336 -0.02764742 1.015209
v 0.194824 -0.02765894 0.9489899
v 0 -0.1140382 0.9763648
v 0 -0.1229391 1.021255
v 0.1091058 -0.1036682 1.042206
v 0 -0.1387932 1.093157
v 0.1122696 -0.0993804 1.103771
v 0.1897421 -0.02718278 1.076773
v 0.1730501 -0.02012276 1.138075
v 0.1554695 0.09478979 1.084415
v 0.1359607 0.07434624 1.136134
v 0.06905544 0.123286 1.136689
v 0.06806512 0.1473224 1.087658
v 0 0.115385 1.133569
v 0 0.1405555 1.082138
v 0.06478374 0.1485353 1.017077
v 0.166474 0.08845288 1.019355
v 0.1561753 0.06815845 0.9481348
v 0.05797705 0.104151 0.9559417
v 0 0.1330284 1.018319
v -0.0004819012 0.07349593 0.9800931
v 0 -0.01223711 0.9501842
v 0 -0.01223711 0.9501842
v 0 -0.09025005 0.9549678
v 0 -0.01223711 0.9501842
v 0.004973134 -0.006233196 0.9282386
v 0.05797705 0.104151 0.9559417
v -0.05797705 0.104151 0.9559417
v -0.004973134 -0.006233196 0.9282386
v 0.077576 0.08458264 0.5486786
v 0.120786 0.04709815 0.6271986
v 0.052884 0.06764515 0.6273676
v 0.024966 0.02778865 0.5542346
v 0.04799 0.08587493 0.7962366
v 0.0125785 0.01487965 0.6183761
v 0.002521957 0.007211761 0.808978
v 0.1465441 0.06933915 0.7985104
v 0.1705967 -0.008093805 0.7988113
v 0.0777595 0.1033971 0.4224862
v 0.134728 0.07322165 0.4219385
v 0.130387 0.05872465 0.5470646
v 0.130905 0.006446643 0.5423216
v 0.1301035 -7.853508E-06 0.6219296
v 0.09582701 -0.04492185 0.6127446
v 0.1000919 -0.08587313 0.7940238
v 0.015943 0.04319264 0.4102575
v 0.05797705 0.104151 0.9559417
v 0.1561753 0.06815845 0.9481348
v 0.194824 -0.02765894 0.9489899
v 0.1199467 -0.1028937 0.9406013
v 0.02747164 -0.08224403 0.9282728
v 0.03160421 0.06988553 0.1978245
v 0.06975815 0.08566173 0.1995267
v 0.101466 0.06963858 0.1968224
v 0.1320219 0.02410765 0.3975436
v 0.083509 -0.03347935 0.5218576
v 0.080409 -0.01559236 0.3995725
v 0.087538 -0.04464335 0.5540956
v 0.029379 0.01035365 0.4024525
v 0.039056 -0.01389535 0.5266786
v 0.015943 0.04319264 0.4102575
v 0.024966 0.02778865 0.5542346
v 0.035565 -0.03875936 0.5566596
v 0.041948 -0.04338335 0.6190301
v 0.0125785 0.01487965 0.6183761
v 0.06608696 -0.0006465435 0.1908107
v 0.03391166 0.03349554 0.1944366
v 0.09925004 0.02880898 0.1927499
v 0.03160421 0.06988553 0.1978245
v 0.002521957 0.007211761 0.808978
v 0.02037804 -0.05447011 0.8006493
v 0.004973134 -0.006233196 0.9282386
v 0.065232 0.06924563 0.0007006193
v 0.056327 0.05204162 9.561978E-05
v 0.072581 0.05446163 8.620044E-06
v 0.030508 -0.002225365 0.04203862
v 0.109118 -0.02712537 0.004095622
v 0.105865 -0.005067368 0.04203863
v 0.018029 -0.03425737 0.005068622
v 0.036949 0.04025463 0.08916561
v 0.102717 0.04053063 0.07415862
v 0.035129 0.05704963 0.08793062
v 0.087396 0.04944763 0.07733963
v 0.017176 -0.08211236 0.0008106242
v 0.102752 -0.08444637 -0.0003563755
v 0.080759 -0.1444644 0.01033263
v 0.037242 -0.1458914 0.01033263
v 0.06444 -0.03899736 0.1296256
v 0.08628999 -0.09717638 0.05880263
v 0.029995 -0.09812738 0.06105062
v 0.078708 -0.1557934 0.04583463
v 0.080759 -0.1444644 0.01033263
v 0.02567352 -0.01591936 0.1018986
v 0.018029 -0.03425737 0.005068622
v 0.017176 -0.08211236 0.0008106242
v 0.041491 -0.1572634 0.04730462
v 0.029995 -0.09812738 0.06105062
v 0.037242 -0.1458914 0.01033263
v 0.080759 -0.1444644 0.01033263
v 0.102752 -0.08444637 -0.0003563755
v 0.109118 -0.02712537 0.004095622
v 0.06608696 -0.0006465435 0.1908107
v 0.03391166 0.03349554 0.1944366
v 0.099574 -0.01963637 0.1000836
v 0.105865 -0.005067368 0.04203863
v 0.030508 -0.002225365 0.04203862
v 0.031866 0.02347963 0.1188776
v 0.027936 0.06851263 0.1386386
v 0.03160421 0.06988553 0.1978245
v 0.065005 0.09505764 0.1460426
v 0.06975815 0.08566173 0.1995267
v 0.09925004 0.02880898 0.1927499
v 0.101809 0.03309863 0.1236716
v 0.101466 0.06963858 0.1968224
v 0.101346 0.07431863 0.1335276
v 0.065005 0.09505764 0.1460426
v 0.06975815 0.08566173 0.1995267
v 0.102717 0.04053063 0.07415862
v 0.09954999 0.06851163 0.09004862
v 0.065348 0.09561563 0.09192862
v 0.07305574 0.07434662 0.03952165
v 0.078892 0.05411663 0.03966662
v 0.065232 0.06924563 0.0007006193
v 0.072581 0.05446163 8.620044E-06
v 0.087396 0.04944763 0.07733963
v 0.102717 0.04053063 0.07415862
v 0.080759 -0.1444644 0.01033263
v 0.078708 -0.1557934 0.04583463
v 0.07305574 0.07434662 0.03952165
v 0.035129 0.05704963 0.08793062
v 0.050015 0.05134963 0.03966962
v 0.065348 0.09561563 0.09192862
v 0.056327 0.05204162 9.561978E-05
v 0.065232 0.06924563 0.0007006193
v 0.036949 0.04025463 0.08916561
v 0.056327 0.05204162 9.561978E-05
v 0.078892 0.05411663 0.03966662
v 0.072581 0.05446163 8.620044E-06
v 0.050015 0.05134963 0.03966962
v 0.087396 0.04944763 0.07733963
v 0.035129 0.05704963 0.08793062
v 0.004973134 -0.006233196 0.9282386
v 0.08482899 -0.1102881 1.187742
v 0 -0.1387932 1.093157
v 0 -0.1426941 1.179659
v 0.1122696 -0.0993804 1.103771
v 0.1474868 -0.02135273 1.214147
v 0.1730501 -0.02012276 1.138075
v 0.1120456 -0.05643333 1.2871
v 0.1286286 -0.002648029 1.296083
v 0.1454372 1.767158E-05 1.348261
v 0.07318345 -0.1107103 1.270643
v 0 -0.1355576 1.266441
v 0.125678 -0.06595933 1.340235
v 0.09756306 -0.1158689 1.35481
v 0.0512 -0.1360525 1.351425
v 0 -0.1362163 1.34704
v 0 -0.1502757 1.381805
v 0.0461588 -0.1831004 1.390572
v 0.04910265 -0.1815418 1.433898
v 0.114438 -0.1774206 1.395742
v 0.1086358 -0.1778686 1.433801
v 0.1355584 -0.1370777 1.396244
v 0.1452548 -0.1305667 1.436528
v 0.1321603 -0.06622462 1.374787
v 0.1563435 -0.01135432 1.414516
v 0.1569065 -0.06597066 1.414912
v 0.1523176 -0.08154747 1.461124
v 0.1632025 -0.03308523 1.458562
v 0.149989 -0.05020334 1.506619
v 0.1372727 -0.1190842 1.465477
v 0.09352617 -0.1537144 1.468584
v 0.04719954 -0.1535854 1.466015
v 0 -0.1213036 1.448638
v 0 -0.1033073 1.476659
v 0.0589423 -0.09995202 1.507053
v 0.1254248 -0.09989782 1.493078
v 0.1111664 -0.08129253 1.518342
v 0.1127641 -0.05591431 1.548839
v 0.1666126 -0.02471832 1.485785
v 0.057664 -0.05962532 1.552619
v 0.08571475 -0.02297432 1.591753
v 0.0453935 -0.01076082 1.611592
v 0 -0.05504832 1.552963
v 0 -0.03805131 1.601041
v 0 -0.07525332 1.511458
v 0 -0.0475903 1.634109
v 0.0338045 -0.01247232 1.654411
v 0.043037 0.02382468 1.662926
v 0.04147135 -0.03030737 1.685228
v 0 -0.06493481 1.651993
v 0 -0.0475903 1.634109
v 0.049754 0.01387568 1.702917
v 0.057903 0.03375869 1.631331
v 0.118591 0.03774068 1.61065
v 0.135209 -0.007809744 1.584644
v 0.1710088 -0.01270436 1.561539
v 0.2104422 0.04255167 1.565216
v 0.1952126 -0.009732422 1.538112
v 0.182145 -0.02482132 1.515641
v 0.160347 -0.03539432 1.532648
v 0.1683864 0.04010278 1.600142
v -0.0338045 -0.01247232 1.654411
v -0.04147135 -0.03030737 1.685228
v -0.043037 0.02382468 1.662926
v -0.0530275 0.01368118 1.713484
v -0.0453935 -0.01076082 1.611592
v 0 -0.0475903 1.634109
v 0 -0.03805131 1.601041
v 0 -0.05504832 1.552963
v -0.057664 -0.05962532 1.552619
v -0.08571475 -0.02297432 1.591753
v 0 -0.07525332 1.511458
v -0.1127641 -0.05591431 1.548839
v -0.1111664 -0.08129253 1.518342
v -0.149989 -0.05020334 1.506619
v -0.1254248 -0.09989782 1.493078
v -0.0589423 -0.09995202 1.507053
v -0.1523176 -0.08154747 1.461124
v -0.1632025 -0.03308523 1.458562
v -0.1569065 -0.06597066 1.414912
v -0.1372727 -0.1190842 1.465477
v -0.09352617 -0.1537144 1.468584
v -0.04719954 -0.1535854 1.466015
v 0 -0.1033073 1.476659
v 0 -0.1213036 1.448638
v -0.04910265 -0.1815418 1.433898
v 0 -0.1349048 1.427963
v -0.1086358 -0.1778686 1.433801
v -0.1452548 -0.1305667 1.436528
v -0.1666126 -0.02471832 1.485785
v -0.1355584 -0.1370777 1.396244
v -0.114438 -0.1774206 1.395742
v -0.0461588 -0.1831004 1.390572
v 0 -0.1502757 1.381805
v -0.0512 -0.1360525 1.351425
v 0 -0.1362163 1.34704
v 0 -0.1355576 1.266441
v -0.09756306 -0.1158689 1.35485
v -0.07318345 -0.1107103 1.270643
v -0.125678 -0.06595933 1.340235
v -0.1321603 -0.06622462 1.374787
v -0.1454372 1.767158E-05 1.348261
v -0.1563435 -0.01135432 1.414516
v -0.1469625 0.04633468 1.418004
v -0.1570833 0.0376462 1.447994
v 0 -0.1426941 1.179659
v -0.1120456 -0.05643333 1.2871
v -0.1286286 -0.002648029 1.296083
v -0.1474868 -0.02135273 1.214147
v -0.08482899 -0.1102881 1.187742
v 0 -0.1387932 1.093157
v -0.1122696 -0.0993804 1.103771
v -0.1730501 -0.02012276 1.138075
v -0.182145 -0.02482132 1.515641
v -0.160347 -0.03539432 1.532648
v -0.1710088 -0.01270436 1.561539
v -0.1952126 -0.009732422 1.538112
v -0.2104422 0.04255167 1.565216
v -0.135209 -0.007809744 1.584644
v -0.1683864 0.04010278 1.600142
v -0.118591 0.03774068 1.61065
v -0.057903 0.03375869 1.631331
v 0.1359607 0.07434624 1.136134
v 0.1730501 -0.02012276 1.138075
v 0.1474868 -0.02135273 1.214147
v 0.1233871 0.04552791 1.199423
v 0.1286286 -0.002648029 1.296083
v 0.06491248 0.08335425 1.194592
v 0.06905544 0.123286 1.136689
v 0 0.08681472 1.193725
v 0 0.115385 1.133569
v 0.09185731 0.0587731 1.285016
v 0 0.0751391 1.285764
v 0.1031022 0.06373267 1.376371
v 0 0.07855267 1.373025
v 0.1454372 1.767158E-05 1.348261
v 0.08486796 0.1188882 1.46468
v 0 0.1155715 1.473368
v 0.1469625 0.04633468 1.418004
v 0.08919607 0.1172691 1.538236
v 0 0.1146667 1.542442
v 0.0774745 0.1033237 1.591628
v 0 0.1015807 1.598998
v 0.041967 0.07203368 1.626909
v 0 0.07992868 1.629931
v 0 0.06341068 1.650037
v 0.026329 0.05938368 1.649635
v 0.118591 0.03774068 1.61065
v 0.142073 0.09835968 1.578436
v 0.1503209 0.110736 1.530153
v 0.057903 0.03375869 1.631331
v 0.043037 0.02382468 1.662926
v 0 0.05376268 1.68255
v 2.502441E-05 0.04742968 1.715558
v 0.049754 0.01387568 1.702917
v 0.1486242 0.1082456 1.48206
v 0.1875467 0.09646143 1.52985
v 0.178549 0.1032854 1.486958
v 0.1687524 0.09846339 1.560012
v 0.2104422 0.04255167 1.565216
v 0.1683864 0.04010278 1.600142
v 0.1596874 0.03708748 1.454131
v 0.1570833 0.0376462 1.447994
v 0.04147135 -0.03030737 1.685228
v 0.056301 0.01348668 1.724051
v 0.049754 0.01387568 1.702917
v 0.04147135 -0.03030737 1.685228
v 0.07045933 -0.01488392 1.742104
v 0.06977709 -0.0273695 1.730086
v 0.04935326 -0.04411565 1.696267
v 0.01794412 -0.09887327 1.663237
v 0.07564545 -0.01666694 1.733344
v 0.067137 0.002737689 1.763129
v 0.08374399 -0.001529317 1.763343
v 0 -0.06493481 1.651993
v 0.06979199 0.001423688 1.781052
v 0.07952099 0.004631686 1.78981
v 0.0774595 -0.01459531 1.791421
v 0 -0.1041636 1.658334
v -0.01794412 -0.09968214 1.663237
v -0.04147135 -0.03030737 1.685228
v -0.04935326 -0.04411565 1.696267
v -0.06977709 -0.0273695 1.730086
v -0.07045933 -0.01488392 1.742104
v -0.07564545 -0.01666694 1.733344
v -0.067137 0.002737689 1.763129
v -0.08374399 -0.001529317 1.763343
v -0.06979199 0.001423688 1.781052
v -0.07952099 0.004631686 1.78981
v -0.0774595 -0.01459531 1.791421
v -0.0530275 0.01368118 1.713484
v 0 -0.1349048 1.427963
v 0.2213489 0.01711667 1.395562
v 0.2858594 0.08019267 1.324437
v 0.2088519 0.06258567 1.385503
v 0.3020343 0.04473167 1.32604
v 0.268389 0.01085167 1.429048
v 0.3356295 0.03261317 1.353475
v 0.294015 0.06220368 1.451771
v 0.346794 0.07403868 1.385531
v 0.2587295 0.1064882 1.418386
v 0.31655 0.1102447 1.355722
v 0.2088519 0.06258567 1.385503
v 0.2858594 0.08019267 1.324437
v 0.3704862 0.07529368 1.364962
v 0.362716 0.03344618 1.333121
v 0.341041 0.1135792 1.336741
v 0.3970672 0.07056367 1.346699
v 0.3704862 0.07529368 1.364962
v 0.3970672 0.07056367 1.346699
v 0.3068147 0.08405466 1.306803
v 0.363874 0.1111027 1.316864
v 0.3970672 0.07056367 1.346699
v 0.333511 0.08342267 1.275401
v 0.4294581 0.09923308 1.267617
v 0.4090971 0.07288973 1.219213
v 0.5110412 0.07046385 1.194396
v 0.5276393 0.04053767 1.217503
v 0.450574 0.0590742 1.298868
v 0.5084817 0.009356665 1.203166
v 0.4280723 0.02023597 1.276893
v 0.488963 0.04657667 1.170834
v 0.488963 0.04657667 1.170834
v 0.4078858 0.03868836 1.229756
v 0.4090971 0.07288973 1.219213
v 0.333511 0.08342267 1.275401
v 0.3308109 0.04543966 1.300878
v 0.3068147 0.08405466 1.306803
v 0.4280723 0.02023597 1.276893
v 0.5084817 0.009356665 1.203166
v 0.510401 0.01241515 1.144225
v 0.5084817 0.009356665 1.203166
v 0.5381601 -0.004416332 1.172237
v 0.5276393 0.04053767 1.217503
v 0.5581144 0.03423367 1.187196
v 0.5401937 0.06768983 1.183176
v 0.5594742 0.06693366 1.173162
v 0.5110412 0.07046385 1.194396
v 0.5084817 0.009356665 1.203166
v 0.488963 0.04657667 1.170834
v 0.5110412 0.07046385 1.194396
v 0.5279332 0.04665666 1.143911
v 0.5401937 0.06768983 1.183176
v 0.488963 0.04657667 1.170834
v 0.510401 0.01241515 1.144225
v 0.5594742 0.06693366 1.173162
v 0.5381601 -0.004416332 1.172237
v 0.5253582 0.002712664 1.11344
v 0.510401 0.01241515 1.144225
v 0.5381601 -0.004416332 1.172237
v 0.5431312 -0.01866633 1.125918
v 0.5704672 -0.02503733 1.082149
v 0.5539002 -0.00809134 1.068328
v 0.5905912 -0.003300342 1.044937
v 0.5952912 -0.01603433 1.056644
v 0.5628722 -0.01980733 1.135937
v 0.6097721 -0.03198833 1.115221
v 0.5652592 -0.007347336 1.118585
v 0.5958612 -0.01630433 1.108506
v 0.6097721 -0.03198833 1.115221
v 0.5652592 -0.007347336 1.118585
v 0.6436422 -0.03055033 1.07106
v 0.6352172 -0.01613034 1.061988
v 0.6657872 -0.01861134 1.026034
v 0.6694782 -0.02597634 1.031167
v 0.5924821 0.001779661 1.062156
v 0.5952912 -0.01603433 1.056644
v 0.5671202 0.001221662 1.082693
v 0.5652592 -0.007347336 1.118585
v 0.6436422 -0.03055033 1.07106
v 0.6206962 -0.01109933 1.120413
v 0.6508982 -0.01150484 1.076479
v 0.6097721 -0.03198833 1.115221
v 0.6694782 -0.02597634 1.031167
v 0.6734094 -0.008503365 1.032139
v 0.5581144 0.03423367 1.187196
v 0.6285832 0.02888666 1.126668
v 0.6508982 -0.01150484 1.076479
v 0.6559582 0.02565466 1.080285
v 0.6245532 0.06588166 1.129242
v 0.6523712 0.06042767 1.082644
v 0.5594742 0.06693366 1.173162
v 0.6736302 0.05387366 1.041704
v 0.6813332 0.02288566 1.030354
v 0.6734094 -0.008503365 1.032139
v 0.6657872 -0.01861134 1.026034
v 0.5905912 -0.003300342 1.044937
v 0.5671202 0.001221662 1.082693
v 0.5539002 -0.00809134 1.068328
v 0.5279332 0.04665666 1.143911
v 0.5253582 0.002712664 1.11344
v 0.510401 0.01241515 1.144225
v 0.5905912 -0.003300342 1.044937
v 0.5924821 0.001779661 1.062156
v 0.5652592 -0.007347336 1.118585
v 0.5279332 0.04665666 1.143911
v 0.6093232 0.03828966 1.117135
v 0.6021962 0.003345952 1.108755
v 0.5958612 -0.01630433 1.108506
v 0.6352172 -0.01613034 1.061988
v 0.5594742 0.06693366 1.173162
v 0.6245532 0.06588166 1.129242
v 0.646791 0.03014672 1.072379
v 0.6523712 0.06042767 1.082644
v 0.6736302 0.05387366 1.041704
v 0.6813332 0.02288566 1.030354
v 0.6734094 -0.008503365 1.032139
v 0.6734094 -0.008503365 1.032139
v 0.6657872 -0.01861134 1.026034
v 0.5952912 -0.01603433 1.056644
v 0.5905912 -0.003300342 1.044937
v 0.1596874 0.03708748 1.454131
v 0.1570833 0.0376462 1.447994
v 0.1666126 -0.02471832 1.485785
v 0.1666126 -0.02471832 1.485785
v 0.1775329 0.001686678 1.446959
v 0.1596874 0.03708748 1.454131
v 0.167658 0.05289238 1.436603
v 0.2150618 -0.00963932 1.48763
v 0.2405138 0.04368368 1.508364
v 0.207781 0.09815367 1.482614
v 0.1875467 0.09646143 1.52985
v 0.1952126 -0.009732422 1.538112
v 0.2104422 0.04255167 1.565216
v 0.182145 -0.02482132 1.515641
v 0.207781 0.09815367 1.482614
v 0.178549 0.1032854 1.486958
v 0.167658 0.05289238 1.436603
v 0.207781 0.09815367 1.482614
v 0.1596874 0.03708748 1.454131
v 0.1570833 0.0376462 1.447994
v 0.1469625 0.04633468 1.418004
v 0.06977709 -0.0273695 1.730086
v 0.06070631 -0.05916915 1.71074
v 0.06678054 -0.07012685 1.749085
v 0.04935326 -0.04411565 1.696267
v 0.04137807 -0.08051132 1.683932
v 0.01794412 -0.09887327 1.663237
v 0.0169265 -0.1032263 1.678401
v 0.0299995 -0.09543481 1.696832
v 0.01069025 -0.1055993 1.695438
v 0.02506856 -0.1036134 1.706244
v 0 -0.1085736 1.674384
v 0 -0.1078884 1.692103
v 0.04890641 -0.09140142 1.722131
v 0.04346349 -0.09854991 1.741079
v 0.06645 -0.06683431 1.769561
v 0.05508 -0.08319931 1.776828
v 0.063091 -0.08204782 1.786932
v 0.06646 -0.06543431 1.794967
v 0.069234 -0.03980233 1.786831
v 0.072199 -0.02779333 1.78703
v 0.066321 -0.04572231 1.822433
v 0.072154 -0.02639727 1.764254
v 0.057682 -0.0883913 1.81995
v 0.052921 -0.0846113 1.841722
v 0.0360185 -0.1057188 1.826367
v 0.026095 -0.1090233 1.839553
v 0 -0.1160593 1.821314
v 0.011955 -0.1143353 1.808562
v 0 -0.1161923 1.807372
v 0 -0.1182953 1.78875
v 0.006758 -0.1180573 1.789274
v 0.017045 -0.1175813 1.793274
v 0 -0.1132143 1.841934
v 0.040091 -0.1025603 1.810511
v 0.04288 -0.1063796 1.798963
v 0.034917 -0.1101803 1.789111
v 0.019998 -0.1126863 1.787559
v 0.012045 -0.1075323 1.782987
v 0.03156509 -0.09669296 1.777806
v 0.005178049 -0.1121753 1.776749
v 0 -0.1160093 1.779654
v 0.013378 -0.09762032 1.774557
v 0.049822 -0.1023023 1.792987
v 0.045717 -0.1014523 1.787983
v 0.058849 -0.08915231 1.806902
v 0.061086 -0.08949232 1.795808
v 0.059087 -0.09312733 1.789661
v 0.053572 -0.09451832 1.785454
v 0.03879575 -0.1004799 1.783479
v 0.03637 -0.09673831 1.765267
v 0.01289367 -0.1080615 1.753234
v 0.01969006 -0.1084846 1.738029
v 0.02522525 -0.1033232 1.724547
v 0.012272 -0.1128893 1.730551
v 0.01151319 -0.1270272 1.735509
v 0.012807 -0.1126273 1.722295
v 0.010997 -0.1179105 1.71478
v 0 -0.1185973 1.719881
v 0 -0.1213825 1.714815
v 0 -0.119216 1.726406
v 0.0063855 -0.1219164 1.756326
v 0 -0.127403 1.758352
v 0 -0.1375419 1.739764
v 0 -0.1160093 1.779654
v 0.0078775 -0.1159853 1.708301
v 0 -0.1185333 1.708238
v 0.006282 -0.1133017 1.707138
v 0.01068375 -0.1122231 1.702152
v 0 -0.1158874 1.701485
v 0 -0.1147307 1.706852
v 0 -0.1133893 1.695524
v -0.01151319 -0.1270272 1.736247
v 0 -0.1375419 1.739764
v -0.0063855 -0.1219164 1.756326
v 0 -0.1160093 1.779654
v -0.005178049 -0.1121753 1.776749
v -0.01289916 -0.1080615 1.753234
v -0.013378 -0.09762032 1.774557
v -0.012045 -0.1075323 1.782987
v -0.006758 -0.1180573 1.789274
v -0.019998 -0.1126863 1.787559
v -0.0228005 -0.09926432 1.781844
v -0.017045 -0.1175813 1.793274
v -0.011955 -0.1143353 1.808562
v 0 -0.1182953 1.78875
v 0 -0.1161923 1.807372
v 0 -0.1160593 1.821314
v -0.0360185 -0.1057188 1.826367
v -0.026095 -0.1090233 1.839553
v -0.052921 -0.0846113 1.841722
v -0.057682 -0.0883913 1.81995
v -0.066321 -0.04572231 1.822433
v -0.06646 -0.06543431 1.794967
v -0.069234 -0.03980233 1.786831
v -0.06645 -0.06683431 1.769561
v -0.072199 -0.02779333 1.78703
v -0.072154 -0.02639727 1.764254
v 0 -0.1132143 1.841934
v -0.040091 -0.1025603 1.810511
v -0.04288 -0.1063796 1.798963
v -0.058849 -0.08915231 1.806902
v -0.063091 -0.08204782 1.786932
v -0.061086 -0.08949232 1.795808
v -0.059087 -0.09312733 1.789661
v -0.049822 -0.1023023 1.792987
v -0.040317 -0.1058163 1.788547
v -0.053572 -0.09451832 1.785454
v -0.05508 -0.08319931 1.776828
v -0.04136402 -0.09600177 1.776738
v -0.03637 -0.09673831 1.765267
v -0.020864 -0.09729907 1.77475
v -0.04346349 -0.09854991 1.741079
v -0.06678054 -0.07012685 1.749085
v -0.04890641 -0.09140142 1.722131
v -0.02522525 -0.1033232 1.724547
v -0.02587545 -0.1025289 1.705855
v -0.0299995 -0.09543481 1.696832
v -0.01069025 -0.1055993 1.695438
v -0.0169265 -0.1032263 1.678401
v -0.04137807 -0.08051132 1.683932
v -0.01794412 -0.09968214 1.663237
v -0.04935326 -0.04411565 1.696267
v 0 -0.1085736 1.674384
v 0 -0.1078884 1.692103
v -0.010997 -0.1179105 1.71478
v -0.012807 -0.1126273 1.721682
v 0 -0.1185973 1.719881
v 0 -0.1213825 1.714815
v -0.012272 -0.1128893 1.72866
v 0 -0.119216 1.726406
v -0.01969006 -0.1084846 1.738029
v 0 -0.1133893 1.695524
v 0 -0.1041636 1.658334
v 0 -0.1270308 1.732611
v 0 -0.1375419 1.739764
v 0 -0.1185333 1.708238
v -0.0078775 -0.1159853 1.708301
v -0.006282 -0.1133017 1.707138
v -0.01068375 -0.1122231 1.702152
v 0 -0.1158874 1.701485
v 0 -0.1147307 1.706852
v 0.07564545 -0.01666694 1.733344
v 0.078494 -0.01357119 1.764671
v 0.08374399 -0.001529317 1.763343
v 0.06977709 -0.0273695 1.730086
v 0.072154 -0.02639727 1.764254
v 0.0774595 -0.01459531 1.791421
v 0.072199 -0.02779333 1.78703
v 0.07952099 0.004631686 1.78981
v 0 -0.1270308 1.732611
v 0 -0.1375419 1.739764
v 0 -0.1041636 1.658334
v 0.06357877 -0.1010305 1.773246
v 0.03347611 -0.1141772 1.766877
v 0.06230017 -0.1028885 1.793967
v 0.07015349 -0.09546607 1.77871
v 0.06620516 -0.09302528 1.76002
v 0.03665309 -0.1159956 1.795468
v 0.006977809 -0.1194438 1.786016
v 0 -0.1222947 1.791994
v 0 -0.120169 1.786904
v 0.01192185 -0.1152256 1.760532
v 0.02257902 -0.1100915 1.746914
v 0.04075268 -0.1016271 1.745662
v 0.05691033 -0.09591546 1.751871
v 0.07251637 -0.02744146 1.790037
v 0.06947596 -0.06167688 1.792187
v 0.07066374 -0.0278856 1.796952
v 0.07132164 -0.06127077 1.78579
v 0.06832974 -0.09610578 1.788852
v 0.06938731 -0.09435856 1.781635
v 0.06327707 -0.09924713 1.788158
v 0.06327863 -0.09713892 1.780071
v 0.067137 0.002737689 1.763129
v 0.056301 0.01348668 1.724051
v 0.07045933 -0.01488392 1.742104
v -0.004973134 -0.006233196 0.9282386
v -0.02747164 -0.08224403 0.9282728
v 0 -0.01223711 0.9501842
v -0.03012409 -0.08650889 0.9593788
v -0.1199467 -0.1028937 0.9406013
v -0.1063347 -0.1024791 0.99326
v -0.1974336 -0.02764742 1.015209
v -0.194824 -0.02765894 0.9489899
v 0 -0.1140382 0.9763648
v 0 -0.1229391 1.021255
v -0.1091058 -0.1036682 1.042206
v 0 -0.1387932 1.093157
v -0.1122696 -0.0993804 1.103771
v -0.1897421 -0.02718278 1.076773
v -0.1730501 -0.02012276 1.138075
v -0.1554695 0.09478979 1.084415
v -0.1359607 0.07434624 1.136134
v -0.06905544 0.123286 1.136689
v -0.06806512 0.1473224 1.087658
v 0 0.115385 1.133569
v 0 0.1405555 1.082138
v -0.06478374 0.1485353 1.017077
v -0.166474 0.08845288 1.019355
v -0.1561753 0.06815845 0.9481348
v -0.05797705 0.104151 0.9559417
v 0 0.1330284 1.018319
v -0.0004819012 0.07349593 0.9800931
v 0 -0.01223711 0.9501842
v 0 -0.09025005 0.9549678
v 0 -0.01223711 0.9501842
v -0.077576 0.08458264 0.5486786
v -0.052884 0.06764515 0.6273676
v -0.120786 0.04709815 0.6271986
v -0.024966 0.02778865 0.5542346
v -0.04799 0.08587493 0.7962366
v -0.0125785 0.01487965 0.6183761
v -0.002521957 0.007211761 0.808978
v -0.1465441 0.06933915 0.7985104
v -0.1705967 -0.008093805 0.7988113
v -0.0777595 0.1033971 0.4224862
v -0.134728 0.07322165 0.4219385
v -0.130387 0.05872465 0.5470646
v -0.130905 0.006446643 0.5423216
v -0.1301035 -7.853508E-06 0.6219296
v -0.09582701 -0.04492185 0.6127446
v -0.1000919 -0.08587313 0.7940238
v -0.015943 0.04319264 0.4102575
v -0.05797705 0.104151 0.9559417
v -0.1561753 0.06815845 0.9481348
v -0.194824 -0.02765894 0.9489899
v -0.1199467 -0.1028937 0.9406013
v -0.02747164 -0.08224403 0.9282728
v -0.03160421 0.06988553 0.1978245
v -0.06975815 0.08566173 0.1995267
v -0.101466 0.06963858 0.1968224
v -0.1320219 0.02410765 0.3975436
v -0.083509 -0.03347935 0.5218576
v -0.080409 -0.01559236 0.3995725
v -0.087538 -0.04464335 0.5540956
v -0.029379 0.01035365 0.4024525
v -0.039056 -0.01389535 0.5266786
v -0.015943 0.04319264 0.4102575
v -0.024966 0.02778865 0.5542346
v -0.035565 -0.03875936 0.5566596
v -0.041948 -0.04338335 0.6190301
v -0.0125785 0.01487965 0.6183761
v -0.06608696 -0.0006465435 0.1908107
v -0.03391166 0.03349554 0.1944366
v -0.09925004 0.02880898 0.1927499
v -0.03160421 0.06988553 0.1978245
v -0.002521957 0.007211761 0.808978
v -0.02037804 -0.05447011 0.8006493
v -0.004973134 -0.006233196 0.9282386
v -0.065232 0.06924563 0.0007006193
v -0.072581 0.05446163 8.620044E-06
v -0.056327 0.05204162 9.561978E-05
v -0.030508 -0.002225365 0.04203862
v -0.109118 -0.02712537 0.004095622
v -0.018029 -0.03425737 0.005068622
v -0.105865 -0.005067368 0.04203863
v -0.036949 0.04025463 0.08916561
v -0.102717 0.04053063 0.07415862
v -0.035129 0.05704963 0.08793062
v -0.087396 0.04944763 0.07733963
v -0.017176 -0.08211236 0.0008106242
v -0.102752 -0.08444637 -0.0003563755
v -0.080759 -0.1444644 0.01033263
v -0.037242 -0.1458914 0.01033263
v -0.06444 -0.03899736 0.1296256
v -0.029995 -0.09812738 0.06105062
v -0.08628999 -0.09717638 0.05880263
v -0.078708 -0.1557934 0.04583463
v -0.080759 -0.1444644 0.01033263
v -0.02567352 -0.01591936 0.1018986
v -0.018029 -0.03425737 0.005068622
v -0.017176 -0.08211236 0.0008106242
v -0.041491 -0.1572634 0.04730462
v -0.029995 -0.09812738 0.06105062
v -0.037242 -0.1458914 0.01033263
v -0.080759 -0.1444644 0.01033263
v -0.102752 -0.08444637 -0.0003563755
v -0.109118 -0.02712537 0.004095622
v -0.06608696 -0.0006465435 0.1908107
v -0.03391166 0.03349554 0.1944366
v -0.099574 -0.01963637 0.1000836
v -0.105865 -0.005067368 0.04203863
v -0.030508 -0.002225365 0.04203862
v -0.031866 0.02347963 0.1188776
v -0.027936 0.06851263 0.1386386
v -0.03160421 0.06988553 0.1978245
v -0.065005 0.09505764 0.1460426
v -0.06975815 0.08566173 0.1995267
v -0.09925004 0.02880898 0.1927499
v -0.101809 0.03309863 0.1236716
v -0.101466 0.06963858 0.1968224
v -0.101346 0.07431863 0.1335276
v -0.065005 0.09505764 0.1460426
v -0.06975815 0.08566173 0.1995267
v -0.102717 0.04053063 0.07415862
v -0.09954999 0.06851163 0.09004862
v -0.065348 0.09561563 0.09192862
v -0.07305574 0.07434662 0.03952165
v -0.078892 0.05411663 0.03966662
v -0.065232 0.06924563 0.0007006193
v -0.072581 0.05446163 8.620044E-06
v -0.087396 0.04944763 0.07733963
v -0.102717 0.04053063 0.07415862
v -0.080759 -0.1444644 0.01033263
v -0.078708 -0.1557934 0.04583463
v -0.07305574 0.07434662 0.03952165
v -0.035129 0.05704963 0.08793062
v -0.065348 0.09561563 0.09192862
v -0.050015 0.05134963 0.03966962
v -0.056327 0.05204162 9.561978E-05
v -0.065232 0.06924563 0.0007006193
v -0.036949 0.04025463 0.08916561
v -0.056327 0.05204162 9.561978E-05
v -0.078892 0.05411663 0.03966662
v -0.050015 0.05134963 0.03966962
v -0.072581 0.05446163 8.620044E-06
v -0.087396 0.04944763 0.07733963
v -0.035129 0.05704963 0.08793062
v -0.004973134 -0.006233196 0.9282386
v -0.1359607 0.07434624 1.136134
v -0.1474868 -0.02135273 1.214147
v -0.1730501 -0.02012276 1.138075
v -0.1233871 0.04552791 1.199423
v -0.1286286 -0.002648029 1.296083
v -0.06491248 0.08335425 1.194592
v -0.06905544 0.123286 1.136689
v 0 0.08681472 1.193725
v 0 0.115385 1.133569
v -0.09185731 0.0587731 1.285016
v 0 0.0751391 1.285764
v -0.1031022 0.06373267 1.376371
v 0 0.07855267 1.373025
v -0.1454372 1.767158E-05 1.348261
v -0.08486796 0.1188882 1.46468
v 0 0.1155715 1.473368
v -0.1469625 0.04633468 1.418004
v -0.08919607 0.1172691 1.538236
v 0 0.1146667 1.542442
v -0.0774745 0.1033237 1.591628
v 0 0.1015807 1.598998
v -0.041967 0.07203368 1.626909
v 0 0.07992868 1.629931
v 0 0.06341068 1.650037
v -0.026329 0.05938368 1.649635
v -0.118591 0.03774068 1.61065
v -0.142073 0.09835968 1.578436
v -0.1503209 0.110736 1.530153
v -0.057903 0.03375869 1.631331
v -0.043037 0.02382468 1.662926
v 0 0.05376268 1.68255
v 2.502441E-05 0.04742968 1.715558
v -0.0530275 0.01368118 1.713484
v -0.1486242 0.1082456 1.48206
v -0.1875467 0.09646143 1.52985
v -0.178549 0.1032854 1.486958
v -0.1687524 0.09846339 1.560012
v -0.2104422 0.04255167 1.565216
v -0.1683864 0.04010278 1.600142
v -0.1596874 0.03708748 1.454131
v -0.1570833 0.0376462 1.447994
v -0.2213489 0.01711667 1.395562
v -0.2858594 0.08019267 1.324437
v -0.3020343 0.04473167 1.32604
v -0.2088519 0.06258567 1.385503
v -0.268389 0.01085167 1.429048
v -0.3356295 0.03261317 1.353475
v -0.294015 0.06220368 1.451771
v -0.346794 0.07403868 1.385531
v -0.2587295 0.1064882 1.418386
v -0.31655 0.1102447 1.355722
v -0.2088519 0.06258567 1.385503
v -0.2858594 0.08019267 1.324437
v -0.3704862 0.07529368 1.364962
v -0.362716 0.03344618 1.333121
v -0.3704862 0.07529368 1.364962
v -0.341041 0.1135792 1.336741
v -0.3970672 0.07056367 1.346699
v -0.3970672 0.07056367 1.346699
v -0.3068147 0.08405466 1.306803
v -0.363874 0.1111027 1.316864
v -0.3970672 0.07056367 1.346699
v -0.333511 0.08342267 1.275401
v -0.4294581 0.09923308 1.267617
v -0.4090971 0.07288973 1.219213
v -0.5110412 0.07046385 1.194396
v -0.5276393 0.04053767 1.217503
v -0.450574 0.0590742 1.298868
v -0.5084817 0.009356665 1.203166
v -0.4280723 0.02023597 1.276893
v -0.488963 0.04657667 1.170834
v -0.488963 0.04657667 1.170834
v -0.4078858 0.03868836 1.229756
v -0.4090971 0.07288973 1.219213
v -0.333511 0.08342267 1.275401
v -0.3308109 0.04543966 1.300878
v -0.3068147 0.08405466 1.306803
v -0.4280723 0.02023597 1.276893
v -0.5084817 0.009356665 1.203166
v -0.510401 0.01241515 1.144225
v -0.5084817 0.009356665 1.203166
v -0.488963 0.04657667 1.170834
v -0.5084817 0.009356665 1.203166
v -0.5381601 -0.004416332 1.172237
v -0.5276393 0.04053767 1.217503
v -0.5581144 0.03423367 1.187196
v -0.5401937 0.06768983 1.183176
v -0.5594742 0.06693366 1.173162
v -0.5110412 0.07046385 1.194396
v -0.5110412 0.07046385 1.194396
v -0.5279332 0.04665666 1.143911
v -0.488963 0.04657667 1.170834
v -0.5401937 0.06768983 1.183176
v -0.510401 0.01241515 1.144225
v -0.5594742 0.06693366 1.173162
v -0.5381601 -0.004416332 1.172237
v -0.5253582 0.002712664 1.11344
v -0.5431312 -0.01866633 1.125918
v -0.5704672 -0.02503733 1.082149
v -0.5539002 -0.00809134 1.068328
v -0.5905912 -0.003300342 1.044937
v -0.5952912 -0.01603433 1.056644
v -0.5652592 -0.007347336 1.118585
v -0.5381601 -0.004416332 1.172237
v -0.510401 0.01241515 1.144225
v -0.5628722 -0.01980733 1.135937
v -0.6097721 -0.03198833 1.115221
v -0.5652592 -0.007347336 1.118585
v -0.5958612 -0.01630433 1.108506
v -0.6097721 -0.03198833 1.115221
v -0.6436422 -0.03055033 1.07106
v -0.6352172 -0.01613034 1.061988
v -0.6657872 -0.01861134 1.026034
v -0.6694782 -0.02597634 1.031167
v -0.6097721 -0.03198833 1.115221
v -0.6206962 -0.01109933 1.120413
v -0.6436422 -0.03055033 1.07106
v -0.6508982 -0.01150484 1.076479
v -0.6694782 -0.02597634 1.031167
v -0.6734094 -0.008503365 1.032139
v -0.6657872 -0.01861134 1.026034
v -0.6508982 -0.01150484 1.076479
v -0.6285832 0.02888666 1.126668
v -0.6559582 0.02565466 1.080285
v -0.6245532 0.06588166 1.129242
v -0.6523712 0.06042767 1.082644
v -0.6736302 0.05387366 1.041704
v -0.6813332 0.02288566 1.030354
v -0.6734094 -0.008503365 1.032139
v -0.5581144 0.03423367 1.187196
v -0.5594742 0.06693366 1.173162
v -0.5905912 -0.003300342 1.044937
v -0.5671202 0.001221662 1.082693
v -0.5924821 0.001779661 1.062156
v -0.5905912 -0.003300342 1.044937
v -0.5539002 -0.00809134 1.068328
v -0.5279332 0.04665666 1.143911
v -0.5253582 0.002712664 1.11344
v -0.510401 0.01241515 1.144225
v -0.5279332 0.04665666 1.143911
v -0.5652592 -0.007347336 1.118585
v -0.6093232 0.03828966 1.117135
v -0.6021962 0.003345952 1.108755
v -0.5958612 -0.01630433 1.108506
v -0.6352172 -0.01613034 1.061988
v -0.5594742 0.06693366 1.173162
v -0.6245532 0.06588166 1.129242
v -0.646791 0.03014672 1.072379
v -0.6523712 0.06042767 1.082644
v -0.6736302 0.05387366 1.041704
v -0.6813332 0.02288566 1.030354
v -0.6734094 -0.008503365 1.032139
v -0.6734094 -0.008503365 1.032139
v -0.6657872 -0.01861134 1.026034
v -0.5924821 0.001779661 1.062156
v -0.5671202 0.001221662 1.082693
v -0.5952912 -0.01603433 1.056644
v -0.5652592 -0.007347336 1.118585
v -0.5952912 -0.01603433 1.056644
v -0.5905912 -0.003300342 1.044937
v -0.1596874 0.03708748 1.454131
v -0.1666126 -0.02471832 1.485785
v -0.1570833 0.0376462 1.447994
v -0.1666126 -0.02471832 1.485785
v -0.1596874 0.03708748 1.454131
v -0.1775329 0.001686678 1.446959
v -0.167658 0.05289238 1.436603
v -0.2150618 -0.00963932 1.48763
v -0.2405138 0.04368368 1.508364
v -0.207781 0.09815367 1.482614
v -0.1875467 0.09646143 1.52985
v -0.1952126 -0.009732422 1.538112
v -0.2104422 0.04255167 1.565216
v -0.182145 -0.02482132 1.515641
v -0.207781 0.09815367 1.482614
v -0.178549 0.1032854 1.486958
v -0.207781 0.09815367 1.482614
v -0.167658 0.05289238 1.436603
v -0.1596874 0.03708748 1.454131
v -0.06977709 -0.0273695 1.730086
v -0.06070631 -0.05916915 1.71074
v -0.07564545 -0.01666694 1.733344
v -0.08374399 -0.001529317 1.763343
v -0.078494 -0.01357119 1.764671
v -0.06977709 -0.0273695 1.730086
v -0.072154 -0.02639727 1.764254
v -0.0774595 -0.01459531 1.791421
v -0.072199 -0.02779333 1.78703
v -0.07952099 0.004631686 1.78981
v 0 -0.1160093 1.779654
v -0.06357877 -0.1010305 1.773246
v -0.06230017 -0.1028885 1.793967
v -0.03347611 -0.1141772 1.766877
v -0.07015349 -0.09546607 1.77871
v -0.06620516 -0.09302528 1.76002
v -0.03665309 -0.1159956 1.795468
v -0.006977809 -0.1194438 1.786016
v 0 -0.1222947 1.791994
v 0 -0.120169 1.786904
v -0.01192185 -0.1152256 1.760532
v -0.02257902 -0.1100915 1.746914
v -0.04075268 -0.1016271 1.745662
v -0.05691033 -0.09591546 1.751871
v -0.07251637 -0.02744146 1.790037
v -0.07117888 -0.06167688 1.792187
v -0.07132164 -0.06127077 1.78579
v -0.07236666 -0.0278856 1.796952
v -0.07003267 -0.09610578 1.788852
v -0.07000208 -0.09579898 1.781635
v -0.06327707 -0.09924713 1.788158
v -0.06327863 -0.09713892 1.780071
v -0.067137 0.002737689 1.763129
v -0.07045933 -0.01488392 1.742104
v -0.0530275 0.01368118 1.713484
v -0.03600154 -0.02514485 1.651522
v -0.064937 -0.0003688526 1.666309
v -0.04752043 -0.02072686 1.669751
v -0.05804892 -0.01147883 1.697643
v -0.069405 0.01330917 1.690327
v -0.07349828 0.02083118 1.723735
v -0.06485 -0.005660815 1.727797
v -0.071343 0.004144187 1.760818
v -0.08793303 0.0189342 1.779428
v -0.075423 -0.003210797 1.791788
v -0.08739819 -0.02925378 1.806998
v -0.067608 -0.01816682 1.785405
v -0.07368802 -0.04468583 1.790425
v -0.08323421 -0.05873378 1.812981
v -0.0881208 -0.03632278 1.823814
v -0.07873704 -0.08211761 1.827489
v -0.06645494 -0.0932169 1.828778
v -0.07579649 -0.07421778 1.804541
v -0.06645494 -0.0932169 1.828778
v -0.06129 -0.06308977 1.816226
v -0.07368802 -0.04468583 1.790425
v -0.06645494 -0.0932169 1.828778
v -0.02635834 -0.1018836 1.850704
v -0.02635834 -0.1018836 1.850704
v -0.06645494 -0.0932169 1.828778
v -0.027624 -0.1023817 1.856615
v -0.07368802 -0.04468583 1.790425
v -0.06129 -0.06308977 1.816226
v -0.067608 -0.01816682 1.785405
v -0.07579649 -0.07421778 1.804541
v -0.06645494 -0.0932169 1.828778
v -0.06129 -0.06308977 1.816226
v 0.04219462 0.06450558 1.902679
v 0.09225079 -0.005117104 1.822212
v 0.05403661 0.01076423 1.920787
v 0.06947258 0.07265952 1.808514
v -0.006382625 0.09884301 1.891178
v -0.005667763 0.1028149 1.801625
v 0.07809272 -0.07823351 1.830802
v 0.04177594 -0.04371955 1.933087
v -0.004819978 -0.1245061 1.837601
v -0.00638262 -0.07768558 1.933368
v -0.05346135 0.07092201 1.901633
v -0.005667763 0.1028149 1.801625
v -0.006382625 0.09884301 1.891178
v -0.07287636 0.0754029 1.80742
v -0.06614072 0.01076421 1.920787
v -0.1006257 -0.005117104 1.822212
v -0.05388004 -0.04371958 1.933087
v -0.07985092 -0.07869053 1.833029
v -0.00638262 -0.07768558 1.933368
v -0.004819978 -0.1245061 1.837601
v 0.04219462 0.06450558 1.902679
v 0.05403661 0.01076423 1.920787
v -0.006382625 0.09884301 1.891178
v -0.00638262 -0.07768558 1.933368
v 0.04177594 -0.04371955 1.933087
v -0.06614072 0.01076421 1.920787
v -0.05346135 0.07092201 1.901633
v -0.05388004 -0.04371958 1.933087
v 0.03864183 0.132768 1.789979
v -0.004252399 -0.005742597 1.850347
v -0.04854007 0.132768 1.789979
v -0.1190717 0.07828496 1.798862
v 0.1091735 0.07828499 1.798862
v -0.1354221 -0.009870525 1.813236
v -0.1190717 -0.09802602 1.827609
v -0.04854009 -0.1525091 1.836493
v 0.03864185 -0.1525091 1.836493
v 0.1091735 -0.09802597 1.827609
v 0.1255238 -0.009870525 1.813236
v 0.03864183 0.132768 1.789979
v -0.04854007 0.132768 1.789979
v -0.004252399 -0.005742602 1.795981
v -0.1190717 0.07828496 1.798862
v 0.1091735 0.07828499 1.798862
v -0.1354221 -0.009870525 1.813236
v -0.1190717 -0.09802602 1.827609
v -0.04854009 -0.1525091 1.836493
v 0.03864185 -0.1525091 1.836493
v 0.1091735 -0.09802597 1.827609
v 0.1255238 -0.009870525 1.813236
v 0.065014 0.03830002 1.693209
v 0.0505175 0.07110403 1.768033
v 0.039408 0.06124252 1.705084
v 0.081304 0.02815853 1.743809
v 0.059294 0.05308701 1.640671
v 0.0343785 0.06868502 1.644923
v -0.0004021323 0.07579403 1.711377
v -0.0004021323 0.07579403 1.711377
v -0.0001706874 0.07634501 1.646965
v 0 0.09736264 1.78114
v 0.0889555 0.02601154 1.780355
v 0.0595565 0.07837054 1.80188
v 0 0.09736264 1.78114
v 0.001485 0.1001086 1.798799
v -0.0343785 0.06868502 1.644923
v 0.087899 0.006691546 1.814651
v -0.039408 0.06124252 1.705084
v -0.059294 0.05308701 1.640671
v -0.065014 0.03830002 1.693209
v -0.077637 0.03276704 1.747845
v -0.0004021323 0.07579403 1.711377
v -0.05208603 0.07110403 1.765629
v 0 0.09736264 1.78114
v -0.09120464 0.02601154 1.780355
v -0.06132835 0.07837054 1.803002
v -0.09461408 0.006691546 1.819916
v 0 0.09736264 1.78114
v 0.001485 0.1001086 1.798799
v 0.060349 0.03396601 1.670798
v 0.075133 0.007274022 1.677769
v 0.065014 0.03830002 1.693209
v 0.081304 0.02815853 1.743809
v 0.086864 0.007202034 1.738802
v 0.0889555 0.02601154 1.780355
v 0.06723 -0.001176991 1.645401
v 0.089258 0.003353043 1.777494
v 0.087899 0.006691546 1.814651
v 0.089105 -0.02835597 1.803622
v 0.08198473 -0.04950579 1.831833
v 0.064937 -0.0003690004 1.666309
v 0.040545 -0.02514499 1.649575
v 0.050726 -0.020727 1.669751
v 0.057228 -0.01147898 1.697643
v 0.069405 0.01330902 1.690327
v 0.07464208 0.02083102 1.720379
v 0.06485 -0.005660968 1.727797
v 0.071343 0.00414403 1.760818
v 0.082648 0.01893404 1.779428
v 0.075423 -0.003210955 1.791788
v 0.085435 -0.02925394 1.806998
v 0.067608 -0.01816698 1.785405
v 0.07078 -0.04468598 1.790425
v 0.08091 -0.05873394 1.812981
v 0.085344 -0.03632294 1.823814
v 0.075016 -0.07541094 1.838012
v 0.06242 -0.09102493 1.829685
v 0.068739 -0.07421795 1.804541
v 0.05600436 -0.06308994 1.827245
v 0.05600436 -0.06308994 1.827245
v 0.07078 -0.04468598 1.790425
v 0.067608 -0.01816698 1.785405
v 0.068739 -0.07421795 1.804541
v 0.05600436 -0.06308994 1.827245
v 0.06242 -0.09102493 1.829685
v -0.060349 0.03396601 1.673966
v -0.075133 0.007274022 1.680937
v -0.06723 -0.001176991 1.648569
v -0.065014 0.03830002 1.693209
v -0.077637 0.03276704 1.747845
v -0.086864 0.007202034 1.738802
v -0.09120464 0.02601154 1.780355
v -0.089258 0.003353043 1.777494
v -0.09461408 0.006691546 1.819916
v -0.089105 -0.02835597 1.803622
v -0.08748154 -0.06130837 1.828955
vt 0.3345 0.5531918
vt 0.32385 0.5798919
vt 0.3485 0.5894918
vt 0.3366 0.6307918
vt 0.4179 0.6014918
vt 0.408175 0.6559418
vt 0.50265 0.6606418
vt 0.5029 0.5989918
vt 0.3257462 0.6605918
vt 0.3317462 0.6941919
vt 0.4122 0.6932918
vt 0.3405462 0.7476919
vt 0.4145 0.7404919
vt 0.5048 0.7078919
vt 0.5134 0.7540919
vt 0.5951 0.7137918
vt 0.595 0.7560919
vt 0.6727 0.7550918
vt 0.6819 0.7128418
vt 0.7275 0.7460918
vt 0.7275 0.7061918
vt 0.67905 0.6601918
vt 0.5972 0.6652418
vt 0.5789 0.5963919
vt 0.6719356 0.5954888
vt 0.7275 0.6515918
vt 0.7276918 0.5995699
vt 0.722 0.5360419
vt 0.32385 0.5798919
vt 0.3207462 0.6420919
vt 0.722 0.5360419
vt 0.6987 0.5248919
vt 0.6719356 0.5954888
vt 0.6719356 0.5954888
vt 0.6987 0.5248919
vt 0.4917275 0.2455191
vt 0.4474737 0.1996382
vt 0.4514516 0.2582664
vt 0.4888344 0.3102498
vt 0.3409304 0.2608882
vt 0.4587745 0.3102498
vt 0.3501518 0.3102498
vt 0.3327034 0.208724
vt 0.3256066 0.1591815
vt 0.5540171 0.2420837
vt 0.5398234 0.1936262
vt 0.4881112 0.1964288
vt 0.4872975 0.1542092
vt 0.4469765 0.1589103
vt 0.4509544 0.111854
vt 0.326149 0.09969443
vt 0.5527514 0.3102498
vt 0.2660291 0.2696123
vt 0.2463658 0.2097184
vt 0.2409866 0.1537572
vt 0.2431564 0.09413446
vt 0.261554 0.03975531
vt 0.6667532 0.3102498
vt 0.6667532 0.1800653
vt 0.6667532 0.163069
vt 0.5441629 0.154842
vt 0.4961573 0.1010505
vt 0.5490447 0.09833837
vt 0.4801554 0.1027682
vt 0.5528418 0.04924795
vt 0.4985079 0.05846934
vt 0.5517569 0.01742506
vt 0.4894673 0.01742506
vt 0.4803362 0.06506897
vt 0.4496887 0.06913725
vt 0.4563335 0.01742506
vt 0.6667532 0.1231096
vt 0.6667532 0.1013217
vt 0.6667532 0.1437221
vt 0.6667532 0.01751546
vt 0.3452699 0.01733464
vt 0.3381278 0.04771103
vt 0.2724027 0.01733464
vt 0.3455935 0.9674494
vt 0.3537935 0.9711493
vt 0.3537935 0.9638494
vt 0.4330935 0.9859493
vt 0.4558935 0.9498493
vt 0.4330935 0.9498493
vt 0.4558935 0.9863493
vt 0.4077936 0.9857493
vt 0.4077936 0.9498493
vt 0.3916935 0.9855493
vt 0.3916935 0.9499493
vt 0.4810936 0.9863493
vt 0.4810936 0.9498493
vt 0.5119935 0.9513493
vt 0.5120935 0.9856493
vt 0.5716735 0.5042306
vt 0.5591739 0.5491307
vt 0.583774 0.5511305
vt 0.5652742 0.5746306
vt 0.5596744 0.5855307
vt 0.5961736 0.5092303
vt 0.6183739 0.5522301
vt 0.6054741 0.5689302
vt 0.5753742 0.5720306
vt 0.583774 0.5511305
vt 0.5819744 0.5877305
vt 0.5596744 0.5855307
vt 0.5373741 0.5676309
vt 0.522274 0.545931
vt 0.5735727 0.431701
vt 0.5894727 0.4317009
vt 0.5497735 0.5079309
vt 0.5255737 0.5268311
vt 0.6163737 0.5249301
vt 0.6051733 0.4902302
vt 0.6146731 0.4688302
vt 0.5996727 0.4317008
vt 0.6272729 0.45213
vt 0.6108727 0.4318007
vt 0.5590727 0.4317012
vt 0.5394732 0.482031
vt 0.5480727 0.4318014
vt 0.529173 0.4649311
vt 0.5201729 0.4464311
vt 0.5391726 0.4318014
vt 0.5245734 0.4993312
vt 0.5165733 0.4800313
vt 0.503273 0.4653313
vt 0.4923734 0.4903315
vt 0.4994735 0.4989315
vt 0.4818735 0.5052316
vt 0.4864736 0.5114316
vt 0.5148733 0.4925313
vt 0.5245734 0.4993312
vt 0.5596744 0.5855307
vt 0.5652742 0.5746306
vt 0.6508734 0.4987297
vt 0.6273733 0.48853
vt 0.6416735 0.5071298
vt 0.6429731 0.4723298
vt 0.6532737 0.5214297
vt 0.6594736 0.5152296
vt 0.6127734 0.5027302
vt 0.3537935 0.9711493
vt 0.3726935 0.9608493
vt 0.3537935 0.9638494
vt 0.3726935 0.9738494
vt 0.3916935 0.9499493
vt 0.3916935 0.9855493
vt 0.2811721 0.3102498
vt 0.1101063 0.1235649
vt 0.0246059 0.02271471
vt 0.02997717 0.1206014
vt 0.1163342 0.02623381
vt 0.2092355 0.1467169
vt 0.2262136 0.0524419
vt 0.1715749 0.2186733
vt 0.2190828 0.2261746
vt 0.2349188 0.2747012
vt 0.1027671 0.2094126
vt 0.03442235 0.2057082
vt 0.170834 0.2705339
vt 0.1139148 0.273671
vt 0.06743713 0.2698393
vt 0.02386503 0.2593283
vt 0.0180423 0.301627
vt 0.05025833 0.3136429
vt 0.04965637 0.3475375
vt 0.08415288 0.313967
vt 0.08137463 0.3461947
vt 0.1244953 0.317162
vt 0.1226315 0.3479542
vt 0.18667 0.2971124
vt 0.2337149 0.3313774
vt 0.1997277 0.3325813
vt 0.1971347 0.3737918
vt 0.2278679 0.3782934
vt 0.1954678 0.4242633
vt 0.1238123 0.3707126
vt 0.08470853 0.371384
vt 0.05368483 0.3718471
vt 0.01291413 0.3780055
vt 0.0173171 0.4144589
vt 0.08162931 0.4311394
vt 0.1443481 0.3988423
vt 0.1468485 0.4299124
vt 0.1611102 0.4621399
vt 0.2197797 0.4043013
vt 0.1000352 0.4808468
vt 0.1427738 0.5205756
vt 0.1083236 0.5545628
vt 0.04942485 0.4951084
vt 0.06100087 0.5333555
vt 0.03257019 0.4564908
vt 0.04748009 0.5600267
vt 0.08387505 0.5873461
vt 0.108694 0.6150359
vt 0.05882457 0.611239
vt 0.03340366 0.5703988
vt 0.04748009 0.5600267
vt 0.07544772 0.6346688
vt 0.1394399 0.596329
vt 0.1856976 0.5631753
vt 0.177224 0.5002019
vt 0.2078772 0.4787168
vt 0.2360764 0.5306237
vt 0.2315849 0.4585283
vt 0.2262136 0.4413031
vt 0.2014873 0.4520456
vt 0.2104326 0.5471931
vt 0.08387505 0.5873461
vt 0.05882457 0.611239
vt 0.108694 0.6150359
vt 0.07544772 0.6346688
vt 0.1083236 0.5545628
vt 0.04748009 0.5600267
vt 0.06100087 0.5333555
vt 0.04942485 0.4951084
vt 0.1000352 0.4808468
vt 0.1427738 0.5205756
vt 0.03257019 0.4564908
vt 0.1611102 0.4621399
vt 0.1468485 0.4299124
vt 0.1954678 0.4242633
vt 0.1443481 0.3988423
vt 0.08162931 0.4311394
vt 0.1971347 0.3737918
vt 0.2278679 0.3782934
vt 0.1997277 0.3325813
vt 0.1238123 0.3707126
vt 0.08470853 0.371384
vt 0.05368483 0.3718471
vt 0.0173171 0.4144589
vt 0.01291413 0.3780055
vt 0.04965637 0.3475375
vt 0.01127033 0.3486025
vt 0.08137463 0.3461947
vt 0.1226315 0.3479542
vt 0.2197797 0.4043013
vt 0.1244953 0.317162
vt 0.08415288 0.313967
vt 0.05025833 0.3136429
vt 0.0180423 0.301627
vt 0.06743713 0.2698393
vt 0.02386503 0.2593283
vt 0.03442235 0.2057082
vt 0.1139185 0.2736899
vt 0.1027671 0.2094126
vt 0.170834 0.2705339
vt 0.18667 0.2971124
vt 0.2349188 0.2747012
vt 0.2337149 0.3313774
vt 0.2612195 0.3289695
vt 0.2773539 0.3830355
vt 0.02997717 0.1206014
vt 0.1715749 0.2186733
vt 0.2190828 0.2261746
vt 0.2092355 0.1467169
vt 0.1101063 0.1235649
vt 0.0246059 0.02271471
vt 0.1163342 0.02623381
vt 0.2262136 0.0524419
vt 0.2262136 0.4413031
vt 0.2014873 0.4520456
vt 0.2078772 0.4787168
vt 0.2315849 0.4585283
vt 0.2360764 0.5306237
vt 0.177224 0.5002019
vt 0.2104326 0.5471931
vt 0.1856976 0.5631753
vt 0.1394399 0.596329
vt 0.2124632 0.843192
vt 0.2264648 0.7661082
vt 0.3052423 0.7902456
vt 0.2895811 0.8522373
vt 0.3821503 0.8036542
vt 0.2942345 0.884315
vt 0.2191622 0.9106641
vt 0.3050883 0.9384719
vt 0.2300951 0.9574606
vt 0.3822714 0.8499929
vt 0.3883226 0.9248288
vt 0.4532118 0.842492
vt 0.4463859 0.9296012
vt 0.4239395 0.7933218
vt 0.5586002 0.8570973
vt 0.5447083 0.9417247
vt 0.4773833 0.7977453
vt 0.6018236 0.8669559
vt 0.5940323 0.9480797
vt 0.6434013 0.8896923
vt 0.6439818 0.9527057
vt 0.6822876 0.921777
vt 0.6753439 0.9557407
vt 0.6960899 0.9586388
vt 0.7022368 0.9385229
vt 0.6974865 0.849195
vt 0.6384141 0.8362089
vt 0.6135032 0.8135739
vt 0.7124599 0.9021424
vt 0.7342952 0.9231101
vt 0.7226706 0.9667873
vt 0.7537031 0.9725894
vt 0.7684341 0.9324301
vt 0.5687522 0.8110604
vt 0.6130084 0.7907738
vt 0.5732196 0.7896079
vt 0.6267216 0.8159996
vt 0.6671883 0.7822528
vt 0.6826108 0.8163277
vt 0.5164533 0.7755703
vt 0.5192625 0.7775245
vt 0.9062 0.5121
vt 0.8591 0.5224
vt 0.8782 0.5363
vt 0.91995 0.5118999
vt 0.8501 0.4911
vt 0.8694 0.4795
vt 0.92105 0.48565
vt 0.9728 0.48285
vt 0.8484 0.4765
vt 0.8338 0.5108
vt 0.81335 0.4912
vt 0.9837 0.5224
vt 0.8094 0.5147
vt 0.7926 0.5068
vt 0.78965 0.52335
vt 0.9973 0.5055
vt 0.9728 0.48285
vt 0.91995 0.5118999
vt 0.92105 0.48565
vt 0.8694 0.4795
vt 0.8501 0.4911
vt 0.8484 0.4765
vt 0.8338 0.5108
vt 0.81335 0.4912
vt 0.8094 0.5147
vt 0.7926 0.5068
vt 0.78965 0.52335
vt 0.8591 0.5224
vt 0.01127033 0.3486025
vt 0.7771 0.6952
vt 0.7456 0.7783
vt 0.7397 0.7058
vt 0.7777 0.7804
vt 0.8147 0.6883
vt 0.82385 0.7738
vt 0.8635 0.6896
vt 0.8729 0.7595
vt 0.9181499 0.68785
vt 0.9253 0.7561
vt 0.9769 0.6798
vt 0.9781 0.7557
vt 0.8746 0.782
vt 0.82695 0.8032
vt 0.92635 0.78025
vt 0.8736 0.8049
vt 0.8746 0.782
vt 0.8736 0.8049
vt 0.9836 0.7824
vt 0.9278 0.80385
vt 0.8736 0.8049
vt 0.9862 0.8111
vt 0.92505 0.8702
vt 0.9744 0.8809
vt 0.91775 0.9837
vt 0.8811 0.9837
vt 0.876 0.8693
vt 0.84495 0.9837
vt 0.8318 0.87525
vt 0.952 0.9837
vt 0.7991 0.9837
vt 0.787 0.8841
vt 0.7638 0.8922
vt 0.745 0.8273
vt 0.7781 0.8103
vt 0.7434 0.8019
vt 0.8318 0.87525
vt 0.84495 0.9837
vt 0.7836722 0.4391949
vt 0.8169723 0.4559949
vt 0.8125222 0.4305449
vt 0.8407723 0.4567948
vt 0.8436722 0.4295947
vt 0.8687721 0.4398947
vt 0.8637722 0.4315947
vt 0.8699723 0.4524446
vt 0.8169723 0.4559949
vt 0.7863723 0.464595
vt 0.7689167 0.5608595
vt 0.7607168 0.5495595
vt 0.7634166 0.5616595
vt 0.7720166 0.5555595
vt 0.7662166 0.5459595
vt 0.7554168 0.5607595
vt 0.7024066 0.4734042
vt 0.6670566 0.4478543
vt 0.6735567 0.4820543
vt 0.7024066 0.4734042
vt 0.6842566 0.4454542
vt 0.6792564 0.4160543
vt 0.6639564 0.4171543
vt 0.6655564 0.3921543
vt 0.6753564 0.3954543
vt 0.6951566 0.4473542
vt 0.7058564 0.4192541
vt 0.6918565 0.4340543
vt 0.6942564 0.4220543
vt 0.7058564 0.4192541
vt 0.6918565 0.4340543
vt 0.7055564 0.3882542
vt 0.6949563 0.3868543
vt 0.6984562 0.3599542
vt 0.7039562 0.3612543
vt 0.6861564 0.3950542
vt 0.6753564 0.3954543
vt 0.6922565 0.4127542
vt 0.6918565 0.4340543
vt 0.7055564 0.3882542
vt 0.7191565 0.4298542
vt 0.7158563 0.3875542
vt 0.7058564 0.4192541
vt 0.7039562 0.3612543
vt 0.7117562 0.3599542
vt 0.7335566 0.472454
vt 0.7419565 0.4346541
vt 0.7266564 0.4001541
vt 0.7461563 0.404454
vt 0.7619565 0.441654
vt 0.7651564 0.410554
vt 0.7536566 0.474454
vt 0.7666563 0.383954
vt 0.7508563 0.372854
vt 0.7349563 0.3729541
vt 0.6984562 0.3599542
vt 0.8468729 0.5146595
vt 0.8447729 0.5272595
vt 0.8496729 0.5249596
vt 0.849073 0.5495595
vt 0.8551729 0.5367595
vt 0.8545728 0.5459595
vt 0.8468729 0.5146595
vt 0.8448729 0.5182595
vt 0.8357729 0.5346595
vt 0.849073 0.5495595
vt 0.826073 0.5494595
vt 0.8247729 0.5396595
vt 0.825873 0.5350595
vt 0.8105729 0.5312595
vt 0.8437729 0.5607595
vt 0.8243728 0.5582595
vt 0.8103729 0.5459595
vt 0.8113729 0.5555595
vt 0.7995729 0.5538595
vt 0.795873 0.5461595
vt 0.7970729 0.5391595
vt 0.7983729 0.5292596
vt 0.8010729 0.5272595
vt 0.8413729 0.5159595
vt 0.8468729 0.5146595
vt 0.2739068 0.3836083
vt 0.2773539 0.3830355
vt 0.2197797 0.4043013
vt 0.7643806 0.5903342
vt 0.7666 0.6255
vt 0.7406 0.6227
vt 0.7407 0.638
vt 0.8047 0.6062
vt 0.8526 0.6089
vt 0.91085 0.6216
vt 0.8957 0.5806
vt 0.8023 0.5773
vt 0.8552 0.5724
vt 0.7922 0.5847
vt 0.91085 0.6216
vt 0.9244 0.6018
vt 0.9721 0.6095
vt 0.91085 0.6216
vt 0.98 0.5923
vt 0.2773539 0.3830355
vt 0.2612195 0.3289695
vt 0.7712 0.1691
vt 0.84385 0.15025
vt 0.8472 0.2161
vt 0.82225 0.0912
vt 0.8886 0.08565
vt 0.9271875 0.055925
vt 0.9502 0.0834
vt 0.9207 0.11195
vt 0.967575 0.099975
vt 0.9405067 0.1281502
vt 0.9861802 0.0793
vt 0.9861802 0.09436108
vt 0.88345 0.14845
vt 0.9013125 0.208875
vt 0.8335 0.2546
vt 0.8632 0.2625
vt 0.84895 0.2845
vt 0.8183 0.3128
vt 0.7922 0.2856
vt 0.7569 0.2792
vt 0.7732 0.3698
vt 0.759 0.2318
vt 0.8604 0.3704
vt 0.8578 0.4072
vt 0.91225 0.3806
vt 0.9339 0.3988
vt 0.9861802 0.3687
vt 0.9643 0.3476
vt 0.9861802 0.3467
vt 0.9861802 0.2989
vt 0.9744 0.3017
vt 0.9515 0.312
vt 0.9861802 0.4025
vt 0.90175 0.35425
vt 0.8940001 0.32285
vt 0.9129 0.3066
vt 0.9458 0.3012
vt 0.9641 0.2868
vt 0.9189844 0.2750917
vt 0.9766999 0.273175
vt 0.9861802 0.2792
vt 0.9585 0.2697
vt 0.8789 0.309
vt 0.8861 0.2997
vt 0.857 0.3401
vt 0.8548 0.3097
vt 0.8584 0.296
vt 0.8702 0.2866
vt 0.902275 0.28915
vt 0.9071 0.248625
vt 0.954375 0.2260375
vt 0.9492 0.1975333
vt 0.935525 0.16825
vt 0.9577 0.1806
vt 0.9658375 0.19955
vt 0.961 0.1708
vt 0.9661 0.1501
vt 0.9861802 0.16735
vt 0.9861802 0.1475
vt 0.9861802 0.1762
vt 0.9768375 0.2348375
vt 0.9861802 0.239025
vt 0.9861802 0.2041
vt 0.9861802 0.2792
vt 0.9750118 0.1309114
vt 0.9861802 0.1317109
vt 0.97815 0.12415
vt 0.967925 0.1154
vt 0.9861802 0.1135
vt 0.9861802 0.12325
vt 0.9861802 0.1025
vt 0.9658375 0.19955
vt 0.9861802 0.2041
vt 0.9768375 0.2348375
vt 0.9861802 0.2792
vt 0.9766999 0.273175
vt 0.954375 0.2260375
vt 0.9659 0.2706
vt 0.9641 0.2868
vt 0.9744 0.3017
vt 0.9458 0.3012
vt 0.937 0.2871
vt 0.9515 0.312
vt 0.9643 0.3476
vt 0.9861802 0.2989
vt 0.9861802 0.3467
vt 0.9861802 0.3687
vt 0.91225 0.3806
vt 0.9339 0.3988
vt 0.8578 0.4072
vt 0.8604 0.3704
vt 0.7732 0.3698
vt 0.8183 0.3128
vt 0.7922 0.2856
vt 0.8335 0.2546
vt 0.7569 0.2792
vt 0.759 0.2318
vt 0.9861802 0.4025
vt 0.90175 0.35425
vt 0.8940001 0.32285
vt 0.857 0.3401
vt 0.84895 0.2845
vt 0.8548 0.3097
vt 0.8584 0.296
vt 0.8789 0.309
vt 0.8995 0.30315
vt 0.8702 0.2866
vt 0.8632 0.2625
vt 0.8979958 0.2725375
vt 0.9071 0.248625
vt 0.94175 0.268825
vt 0.9013125 0.208875
vt 0.8472 0.2161
vt 0.88345 0.14845
vt 0.935525 0.16825
vt 0.9405067 0.1281502
vt 0.9207 0.11195
vt 0.967575 0.099975
vt 0.9502 0.0834
vt 0.8886 0.08565
vt 0.9271875 0.055925
vt 0.82225 0.0912
vt 0.9861802 0.0793
vt 0.9861802 0.09436108
vt 0.9661 0.1501
vt 0.961 0.1708
vt 0.9861802 0.16735
vt 0.9861802 0.1475
vt 0.9577 0.1806
vt 0.9861802 0.1762
vt 0.9492 0.1975333
vt 0.9861802 0.1025
vt 0.9861802 0.04755
vt 0.9861802 0.188775
vt 0.9861802 0.2041
vt 0.9861802 0.1317109
vt 0.9750118 0.1309114
vt 0.97815 0.12415
vt 0.967925 0.1154
vt 0.9861802 0.1135
vt 0.9861802 0.12325
vt 0.8438 0.015
vt 0.807 0.0527
vt 0.78265 0.03765
vt 0.8758 0.0287
vt 0.8194 0.0786
vt 0.75165 0.098
vt 0.7811 0.1106
vt 0.7466 0.0704
vt 0.9861802 0.188775
vt 0.9861802 0.2041
vt 0.9861802 0.04755
vt 0.05394231 0.9599618
vt 0.0626616 0.9164371
vt 0.03289722 0.9548911
vt 0.03561132 0.971871
vt 0.07860576 0.9637592
vt 0.03346364 0.9179094
vt 0.0569195 0.878124
vt 0.03160773 0.8751623
vt 0.05359934 0.8683811
vt 0.07419889 0.88274
vt 0.09277843 0.8971921
vt 0.09118082 0.9244229
vt 0.08462702 0.9486295
vt 0.02049737 0.9274644
vt 0.01400594 0.8825039
vt 0.01400571 0.9274644
vt 0.02049749 0.8825039
vt 0.01400612 0.835197
vt 0.02049766 0.835197
vt 0.01400618 0.8214754
vt 0.02049772 0.8214754
vt 0.8501 0.4911
vt 0.8591 0.5224
vt 0.8501 0.4911
vt 0.3345 0.5531918
vt 0.3485 0.5894918
vt 0.32385 0.5798919
vt 0.3366 0.6307918
vt 0.4179 0.6014918
vt 0.408175 0.6559418
vt 0.50265 0.6606418
vt 0.5029 0.5989918
vt 0.3257462 0.6605918
vt 0.3317462 0.6941919
vt 0.4122 0.6932918
vt 0.3405462 0.7476919
vt 0.4145 0.7404919
vt 0.5048 0.7078919
vt 0.5134 0.7540919
vt 0.5951 0.7137918
vt 0.595 0.7560919
vt 0.6727 0.7550918
vt 0.6819 0.7128418
vt 0.7275 0.7460918
vt 0.7275 0.7061918
vt 0.67905 0.6601918
vt 0.5972 0.6652418
vt 0.5789 0.5963919
vt 0.6719356 0.5954888
vt 0.7275 0.6515918
vt 0.7276918 0.5995699
vt 0.722 0.5360419
vt 0.3207462 0.6420919
vt 0.32385 0.5798919
vt 0.4917275 0.2455191
vt 0.4514516 0.2582664
vt 0.4474737 0.1996382
vt 0.4888344 0.3102498
vt 0.3409304 0.2608882
vt 0.4587745 0.3102498
vt 0.3501518 0.3102498
vt 0.3327034 0.208724
vt 0.3256066 0.1591815
vt 0.5540171 0.2420837
vt 0.5398234 0.1936262
vt 0.4881112 0.1964288
vt 0.4872975 0.1542092
vt 0.4469765 0.1589103
vt 0.4509544 0.111854
vt 0.326149 0.09969443
vt 0.5527514 0.3102498
vt 0.2660291 0.2696123
vt 0.2463658 0.2097184
vt 0.2409866 0.1537572
vt 0.2431564 0.09413446
vt 0.261554 0.03975531
vt 0.6667532 0.3102498
vt 0.6667532 0.1800653
vt 0.6667532 0.163069
vt 0.5441629 0.154842
vt 0.4961573 0.1010505
vt 0.5490447 0.09833837
vt 0.4801554 0.1027682
vt 0.5528418 0.04924795
vt 0.4985079 0.05846934
vt 0.5517569 0.01742506
vt 0.4894673 0.01742506
vt 0.4803362 0.06506897
vt 0.4496887 0.06913725
vt 0.4563335 0.01742506
vt 0.6667532 0.1231096
vt 0.6667532 0.1013217
vt 0.6667532 0.1437221
vt 0.6667532 0.01751546
vt 0.3452699 0.01733464
vt 0.3381278 0.04771103
vt 0.2724027 0.01733464
vt 0.3455935 0.9674494
vt 0.3537935 0.9638494
vt 0.3537935 0.9711493
vt 0.4330935 0.9859493
vt 0.4558935 0.9498493
vt 0.4558935 0.9863493
vt 0.4330935 0.9498493
vt 0.4077936 0.9857493
vt 0.4077936 0.9498493
vt 0.3916935 0.9855493
vt 0.3916935 0.9499493
vt 0.4810936 0.9863493
vt 0.4810936 0.9498493
vt 0.5119935 0.9513493
vt 0.5120935 0.9856493
vt 0.5716735 0.5042306
vt 0.583774 0.5511305
vt 0.5591739 0.5491307
vt 0.5652742 0.5746306
vt 0.5596744 0.5855307
vt 0.5961736 0.5092303
vt 0.6183739 0.5522301
vt 0.6054741 0.5689302
vt 0.5753742 0.5720306
vt 0.583774 0.5511305
vt 0.5819744 0.5877305
vt 0.5596744 0.5855307
vt 0.5373741 0.5676309
vt 0.522274 0.545931
vt 0.5735727 0.431701
vt 0.5894727 0.4317009
vt 0.5497735 0.5079309
vt 0.5255737 0.5268311
vt 0.6163737 0.5249301
vt 0.6051733 0.4902302
vt 0.6146731 0.4688302
vt 0.5996727 0.4317008
vt 0.6272729 0.45213
vt 0.6108727 0.4318007
vt 0.5590727 0.4317012
vt 0.5394732 0.482031
vt 0.5480727 0.4318014
vt 0.529173 0.4649311
vt 0.5201729 0.4464311
vt 0.5391726 0.4318014
vt 0.5245734 0.4993312
vt 0.5165733 0.4800313
vt 0.503273 0.4653313
vt 0.4923734 0.4903315
vt 0.4994735 0.4989315
vt 0.4818735 0.5052316
vt 0.4864736 0.5114316
vt 0.5148733 0.4925313
vt 0.5245734 0.4993312
vt 0.5596744 0.5855307
vt 0.5652742 0.5746306
vt 0.6508734 0.4987297
vt 0.6273733 0.48853
vt 0.6429731 0.4723298
vt 0.6416735 0.5071298
vt 0.6532737 0.5214297
vt 0.6594736 0.5152296
vt 0.6127734 0.5027302
vt 0.3537935 0.9711493
vt 0.3726935 0.9608493
vt 0.3726935 0.9738494
vt 0.3537935 0.9638494
vt 0.3916935 0.9499493
vt 0.3916935 0.9855493
vt 0.2811721 0.3102498
vt 0.2124632 0.843192
vt 0.3052423 0.7902456
vt 0.2264648 0.7661082
vt 0.2895811 0.8522373
vt 0.3821503 0.8036542
vt 0.2942345 0.884315
vt 0.2191622 0.9106641
vt 0.3050883 0.9384719
vt 0.2300951 0.9574606
vt 0.3822714 0.8499929
vt 0.3883226 0.9248288
vt 0.4532118 0.842492
vt 0.4463859 0.9296012
vt 0.4239395 0.7933218
vt 0.5586002 0.8570973
vt 0.5447083 0.9417247
vt 0.4773833 0.7977453
vt 0.6018236 0.8669559
vt 0.5940323 0.9480797
vt 0.6434013 0.8896923
vt 0.6439818 0.9527057
vt 0.6822876 0.921777
vt 0.6753439 0.9557407
vt 0.6960899 0.9586388
vt 0.7022368 0.9385229
vt 0.6974865 0.849195
vt 0.6384141 0.8362089
vt 0.6135032 0.8135739
vt 0.7124599 0.9021424
vt 0.7342952 0.9231101
vt 0.7226706 0.9667873
vt 0.7537031 0.9725894
vt 0.7684341 0.9324301
vt 0.5687522 0.8110604
vt 0.6130084 0.7907738
vt 0.5732196 0.7896079
vt 0.6267216 0.8159996
vt 0.6671883 0.7822528
vt 0.6826108 0.8163277
vt 0.5164533 0.7755703
vt 0.5192625 0.7775245
vt 0.7771 0.6952
vt 0.7456 0.7783
vt 0.7777 0.7804
vt 0.7397 0.7058
vt 0.8147 0.6883
vt 0.82385 0.7738
vt 0.8635 0.6896
vt 0.8729 0.7595
vt 0.9181499 0.68785
vt 0.9253 0.7561
vt 0.9769 0.6798
vt 0.9781 0.7557
vt 0.8746 0.782
vt 0.82695 0.8032
vt 0.8746 0.782
vt 0.92635 0.78025
vt 0.8736 0.8049
vt 0.8736 0.8049
vt 0.9836 0.7824
vt 0.9278 0.80385
vt 0.8736 0.8049
vt 0.9862 0.8111
vt 0.92505 0.8702
vt 0.9744 0.8809
vt 0.91775 0.9837
vt 0.8811 0.9837
vt 0.876 0.8693
vt 0.84495 0.9837
vt 0.8318 0.87525
vt 0.952 0.9837
vt 0.7991 0.9837
vt 0.787 0.8841
vt 0.7638 0.8922
vt 0.745 0.8273
vt 0.7781 0.8103
vt 0.7434 0.8019
vt 0.8318 0.87525
vt 0.84495 0.9837
vt 0.7836722 0.4391949
vt 0.8169723 0.4559949
vt 0.7863723 0.464595
vt 0.8169723 0.4559949
vt 0.8125222 0.4305449
vt 0.8407723 0.4567948
vt 0.8436722 0.4295947
vt 0.8687721 0.4398947
vt 0.8637722 0.4315947
vt 0.8699723 0.4524446
vt 0.7689167 0.5608595
vt 0.7607168 0.5495595
vt 0.7720166 0.5555595
vt 0.7634166 0.5616595
vt 0.7662166 0.5459595
vt 0.7554168 0.5607595
vt 0.7024066 0.4734042
vt 0.6670566 0.4478543
vt 0.6842566 0.4454542
vt 0.6792564 0.4160543
vt 0.6639564 0.4171543
vt 0.6655564 0.3921543
vt 0.6753564 0.3954543
vt 0.6918565 0.4340543
vt 0.7024066 0.4734042
vt 0.6735567 0.4820543
vt 0.6951566 0.4473542
vt 0.7058564 0.4192541
vt 0.6918565 0.4340543
vt 0.6942564 0.4220543
vt 0.7058564 0.4192541
vt 0.7055564 0.3882542
vt 0.6949563 0.3868543
vt 0.6984562 0.3599542
vt 0.7039562 0.3612543
vt 0.7058564 0.4192541
vt 0.7191565 0.4298542
vt 0.7055564 0.3882542
vt 0.7158563 0.3875542
vt 0.7039562 0.3612543
vt 0.7117562 0.3599542
vt 0.6984562 0.3599542
vt 0.7266564 0.4001541
vt 0.7419565 0.4346541
vt 0.7461563 0.404454
vt 0.7619565 0.441654
vt 0.7651564 0.410554
vt 0.7666563 0.383954
vt 0.7508563 0.372854
vt 0.7349563 0.3729541
vt 0.7335566 0.472454
vt 0.7536566 0.474454
vt 0.8468729 0.5146595
vt 0.8447729 0.5272595
vt 0.8448729 0.5182595
vt 0.8468729 0.5146595
vt 0.8496729 0.5249596
vt 0.849073 0.5495595
vt 0.8551729 0.5367595
vt 0.8545728 0.5459595
vt 0.849073 0.5495595
vt 0.8357729 0.5346595
vt 0.826073 0.5494595
vt 0.8247729 0.5396595
vt 0.825873 0.5350595
vt 0.8105729 0.5312595
vt 0.8437729 0.5607595
vt 0.8243728 0.5582595
vt 0.8103729 0.5459595
vt 0.8113729 0.5555595
vt 0.7995729 0.5538595
vt 0.795873 0.5461595
vt 0.7970729 0.5391595
vt 0.7983729 0.5292596
vt 0.8010729 0.5272595
vt 0.6861564 0.3950542
vt 0.6922565 0.4127542
vt 0.6753564 0.3954543
vt 0.6918565 0.4340543
vt 0.8413729 0.5159595
vt 0.8468729 0.5146595
vt 0.2739068 0.3836083
vt 0.2197797 0.4043013
vt 0.2773539 0.3830355
vt 0.7643806 0.5903342
vt 0.7406 0.6227
vt 0.7666 0.6255
vt 0.7407 0.638
vt 0.8047 0.6062
vt 0.8526 0.6089
vt 0.91085 0.6216
vt 0.8957 0.5806
vt 0.8023 0.5773
vt 0.8552 0.5724
vt 0.7922 0.5847
vt 0.91085 0.6216
vt 0.9244 0.6018
vt 0.91085 0.6216
vt 0.9721 0.6095
vt 0.98 0.5923
vt 0.7712 0.1691
vt 0.84385 0.15025
vt 0.8438 0.015
vt 0.78265 0.03765
vt 0.807 0.0527
vt 0.8758 0.0287
vt 0.8194 0.0786
vt 0.75165 0.098
vt 0.7811 0.1106
vt 0.7466 0.0704
vt 0.9861802 0.2792
vt 0.05394231 0.9599618
vt 0.03289722 0.9548911
vt 0.0626616 0.9164371
vt 0.03561132 0.971871
vt 0.07860576 0.9637592
vt 0.03346364 0.9179094
vt 0.0569195 0.878124
vt 0.03160773 0.8751623
vt 0.05359934 0.8683811
vt 0.07419889 0.88274
vt 0.09277843 0.8971921
vt 0.09118082 0.9244229
vt 0.08462702 0.9486295
vt 0.02049737 0.9274644
vt 0.01400594 0.8825039
vt 0.02049749 0.8825039
vt 0.01400571 0.9274644
vt 0.01400612 0.835197
vt 0.02049766 0.835197
vt 0.01400618 0.8214754
vt 0.02049772 0.8214754
vt 0.8501 0.4911
vt 0.8501 0.4911
vt 0.8591 0.5224
vt 0.2607385 0.5346313
vt 0.3815685 0.5185084
vt 0.2607385 0.5185084
vt 0.2607385 0.4917881
vt 0.3815685 0.4990344
vt 0.3815685 0.4775674
vt 0.2607385 0.4690532
vt 0.2607385 0.4561007
vt 0.3815685 0.4497602
vt 0.3204288 0.4401591
vt 0.3571126 0.4257574
vt 0.2645427 0.4415178
vt 0.2913536 0.4281122
vt 0.3310264 0.4148881
vt 0.3814779 0.4148881
vt 0.3341966 0.3840012
vt 0.2898138 0.3849976
vt 0.2889985 0.4148881
vt 0.2898138 0.3849976
vt 0.2893609 0.3999428
vt 0.2913536 0.4281122
vt 0.2898138 0.3849976
vt 0.2955201 0.3561034
vt 0.2955201 0.3561034
vt 0.2898138 0.3849976
vt 0.2955201 0.3561034
vt 0.2913536 0.4281122
vt 0.2893609 0.3999428
vt 0.2913536 0.4281122
vt 0.2889985 0.4148881
vt 0.2898138 0.3849976
vt 0.2893609 0.3999428
vt 0.5016336 0.4234598
vt 0.5468459 0.3298028
vt 0.5470089 0.42497
vt 0.4861305 0.3298028
vt 0.474663 0.4203162
vt 0.4488568 0.3298028
vt 0.6107578 0.3298028
vt 0.5951936 0.4234598
vt 0.6508235 0.3298028
vt 0.6249734 0.4203162
vt 0.5016336 0.4234598
vt 0.4488568 0.3298028
vt 0.474663 0.4203162
vt 0.4861305 0.3298028
vt 0.5470089 0.42497
vt 0.5468459 0.3298028
vt 0.5951936 0.4234598
vt 0.6107578 0.3298028
vt 0.6249734 0.4203162
vt 0.6508235 0.3298028
vt 0.1024445 0.7492042
vt 0.1127375 0.7114059
vt 0.06203838 0.7756484
vt 0.06203838 0.6421741
vt 0.1024445 0.6686183
vt 0.0118466 0.7114059
vt 0.0221396 0.7541934
vt 0.0221396 0.6686183
vt 0.293624 0.6380391
vt 0.2165527 0.6612857
vt 0.2936242 0.6845318
vt 0.2641856 0.7221454
vt 0.2641852 0.6004257
vt 0.2165529 0.7308649
vt 0.1689201 0.7221457
vt 0.1394813 0.6845323
vt 0.1394812 0.6380396
vt 0.1689196 0.6004261
vt 0.2165524 0.5917065
vt 0.4859028 0.4501641
vt 0.4859033 0.4794736
vt 0.4385741 0.4648163
vt 0.4673453 0.5031859
vt 0.4673438 0.4264524
vt 0.437317 0.5086833
vt 0.4072887 0.5031871
vt 0.3887297 0.4794753
vt 0.3887292 0.4501658
vt 0.4072873 0.4264534
vt 0.4373154 0.4209561
vt 0.1626941 0.7675532
vt 0.1184313 0.8336595
vt 0.1099807 0.8103906
vt 0.1722888 0.7929327
vt 0.1493669 0.7460588
vt 0.09486011 0.7782
vt 0.07592699 0.8345317
vt 0.07592699 0.8345317
vt 0.05943115 0.8004658
vt 0.08393498 0.857479
vt 0.174313 0.8178138
vt 0.1305949 0.8569585
vt 0.08393498 0.857479
vt 0.1001578 0.8925327
vt 0.09486011 0.7782
vt 0.1859164 0.8311229
vt 0.1099807 0.8103906
vt 0.1493669 0.7460588
vt 0.1626941 0.7675532
vt 0.1722888 0.7929327
vt 0.07592699 0.8345317
vt 0.1184313 0.8336595
vt 0.08393498 0.857479
vt 0.174313 0.8178138
vt 0.1305949 0.8569585
vt 0.1859164 0.8311229
vt 0.08393498 0.857479
vt 0.1001578 0.8925327
vt 0.7292228 0.1151397
vt 0.676688 0.1369689
vt 0.7704355 0.136516
vt 0.748561 0.1532276
vt 0.676688 0.153001
vt 0.7487422 0.1739697
vt 0.6797676 0.1155021
vt 0.676688 0.1741056
vt 0.749014 0.2006447
vt 0.676688 0.1975651
vt 0.6767333 0.2292671
vt 0.3815685 0.5185084
vt 0.2607385 0.5346313
vt 0.2607385 0.5185084
vt 0.2607385 0.4917881
vt 0.3815685 0.4990344
vt 0.3815685 0.4775674
vt 0.2607385 0.4690532
vt 0.2607385 0.4561007
vt 0.3815685 0.4497602
vt 0.3204288 0.4401591
vt 0.3571126 0.4257574
vt 0.2645427 0.4415178
vt 0.2913536 0.4281122
vt 0.3310264 0.4148881
vt 0.3814779 0.4148881
vt 0.3341966 0.3840012
vt 0.2898138 0.3849976
vt 0.2889985 0.4148881
vt 0.2893609 0.3999428
vt 0.2893609 0.3999428
vt 0.2913536 0.4281122
vt 0.2913536 0.4281122
vt 0.2889985 0.4148881
vt 0.2893609 0.3999428
vt 0.2898138 0.3849976
vt 0.7711601 0.1147775
vt 0.676688 0.1369689
vt 0.6797676 0.1155021
vt 0.7261432 0.1371501
vt 0.7266866 0.1531822
vt 0.676688 0.153001
vt 0.7487422 0.1739697
vt 0.676688 0.1741056
vt 0.749014 0.2006447
vt 0.676688 0.1975651
vt 0.676688 0.2202094
vn -0.9900594 0.1134758 -0.0830996
vn -0.000167436 0.1182936 -0.9929786
vn -0.6703136 -0.7380307 -0.07739627
vn -0.1608341 -0.7776072 -0.6078317
vn 0.3167227 -0.9467199 -0.05837882
vn 0.3312021 -0.94275 -0.03908486
vn 0.9554868 -0.2889931 0.05939796
vn 0.9664485 -0.2266459 -0.1208676
vn 0 -0.8612139 -0.5082427
vn 0 -0.9833217 -0.1818752
vn 0.4827548 -0.8750902 -0.0341308
vn 0 -0.9964216 -0.08452297
vn 0.5691721 -0.8174006 0.08887804
vn 0.9448634 -0.279053 0.1713552
vn 0.9333123 -0.1769733 0.3124237
vn 0.7558433 0.6091405 0.2401017
vn 0.6919919 0.5616475 0.4535407
vn 0.2245239 0.8460106 0.4835856
vn 0.2024832 0.9535659 0.2229634
vn 0 0.9005139 0.4348271
vn 0 0.9808019 0.1950073
vn 0.1548467 0.9389189 -0.3073331
vn 0.7716249 0.6257213 -0.1143142
vn 0.6991774 0.6927173 -0.1769002
vn -0.207394 0.8557833 -0.4739438
vn -0.0002733878 0.8948175 -0.446432
vn 0.005914708 0.4203234 -0.907355
vn -0.000167436 0.1182936 -0.9929786
vn -0.000167436 0.1182936 -0.9929786
vn 0 -0.3969549 -0.9178381
vn -0.000167436 0.1182936 -0.9929786
vn -0.9900594 0.1134758 -0.0830996
vn -0.207394 0.8557833 -0.4739438
vn 0.2092817 0.8555973 -0.4734496
vn 0.9900594 0.1134758 -0.08309961
vn -0.1451983 0.9803761 0.1333426
vn 0.75246 0.6585795 -0.008768149
vn -0.3547201 0.9349496 -0.006556757
vn -0.9705428 0.2381139 -0.0367223
vn -0.4344425 0.8973044 -0.07813171
vn -0.9898396 0.06048101 -0.1286843
vn -0.9921601 0.1240967 -0.01477482
vn 0.662726 0.7365536 -0.1352148
vn 0.9650159 -0.1853875 -0.1854071
vn -0.1264735 0.9902416 0.05853276
vn 0.8593071 0.5113127 -0.01227432
vn 0.8444523 0.5191851 0.1317092
vn 0.9314795 -0.3621451 -0.03459719
vn 0.9665685 -0.2315902 -0.1100522
vn 0.4467984 -0.8863603 -0.1213946
vn 0.2289893 -0.9543902 -0.1915808
vn -0.9799643 0.1986112 0.01495477
vn -0.207394 0.8557833 -0.4739438
vn 0.6991774 0.6927173 -0.1769002
vn 0.9664485 -0.2266459 -0.1208676
vn 0.3167227 -0.9467199 -0.05837882
vn -0.6703136 -0.7380307 -0.07739627
vn -0.8604811 0.5084804 0.031936
vn 0.04608825 0.9981129 0.04057572
vn 0.8633111 0.5030199 -0.04080445
vn 0.9012317 -0.4190241 -0.1104543
vn 0.1914317 -0.9381204 -0.2885897
vn 0.0955468 -0.9889732 -0.1131492
vn 0.3318767 -0.9215975 -0.2012857
vn -0.7603194 -0.6454842 -0.07255688
vn -0.7777683 -0.5744899 -0.255025
vn -0.9799643 0.1986112 0.01495477
vn -0.9705428 0.2381139 -0.0367223
vn -0.6886333 -0.6947882 -0.2074936
vn -0.5803706 -0.8059745 -0.1165128
vn -0.9898396 0.06048101 -0.1286843
vn -0.03546197 -0.9689419 0.2447322
vn -0.9383063 -0.3394175 0.06615873
vn 0.9217659 -0.387533 0.01287687
vn -0.8604811 0.5084804 0.031936
vn -0.9921601 0.1240967 -0.01477482
vn -0.763115 -0.6361866 -0.113675
vn -0.9900594 0.1134758 -0.0830996
vn -0.0683798 0.8327172 -0.5494599
vn -0.685625 -0.4507204 -0.5716375
vn 0.6794109 -0.3815759 -0.626738
vn -0.5920227 0.6896687 -0.4169729
vn 0.6928228 0.3524795 -0.6290904
vn 0.7763034 0.5221979 -0.353076
vn -0.6978382 0.3463358 -0.6269557
vn -0.8004319 0.1950906 -0.5667879
vn 0.6955267 0.3473951 -0.628935
vn -0.8874547 0.1310636 -0.441867
vn 0.2769704 -0.2997744 -0.9129199
vn -0.7673686 -0.09419177 -0.6342502
vn 0.7526066 -0.1812837 -0.633024
vn 0.5483909 -0.5943758 -0.5882047
vn -0.5092625 -0.6161003 -0.6008928
vn 0.02154768 -0.7480771 0.6632619
vn 0.7033128 -0.4267369 0.568548
vn -0.7109098 -0.3818109 0.5906163
vn 0.5380216 -0.7378014 0.4076541
vn 0.5483909 -0.5943758 -0.5882047
vn -0.9583629 -0.1396408 0.2490803
vn -0.6978382 0.3463358 -0.6269557
vn -0.7673686 -0.09419177 -0.6342502
vn -0.4379157 -0.7808061 0.4456137
vn -0.7109098 -0.3818109 0.5906163
vn -0.5092625 -0.6161003 -0.6008928
vn 0.5483909 -0.5943758 -0.5882047
vn 0.7526066 -0.1812837 -0.633024
vn 0.6928228 0.3524795 -0.6290904
vn -0.03546197 -0.9689419 0.2447322
vn -0.9383063 -0.3394175 0.06615873
vn 0.9224566 -0.2885745 0.2565123
vn 0.7763034 0.5221979 -0.353076
vn -0.5920227 0.6896687 -0.4169729
vn -0.995445 0.08123105 -0.04990675
vn -0.8932305 0.4400733 -0.09205887
vn -0.8604811 0.5084804 0.031936
vn -0.05714431 0.9983634 0.002213056
vn 0.04608825 0.9981129 0.04057572
vn 0.9217659 -0.387533 0.01287687
vn 0.9993773 -0.02884464 0.02032563
vn 0.8633111 0.5030199 -0.04080445
vn 0.8404443 0.5407844 -0.03472239
vn -0.05714431 0.9983634 0.002213056
vn 0.04608825 0.9981129 0.04057572
vn 0.6955267 0.3473951 -0.628935
vn 0.8500944 0.4706467 -0.2362862
vn -0.1245544 0.9773521 -0.1710822
vn 0.2096533 0.8714487 -0.4434214
vn 0.7652819 -0.5715209 -0.2961545
vn -0.0683798 0.8327172 -0.5494599
vn 0.6794109 -0.3815759 -0.626738
vn 0.2769704 -0.2997744 -0.9129199
vn 0.6955267 0.3473951 -0.628935
vn 0.5483909 -0.5943758 -0.5882047
vn 0.5380216 -0.7378014 0.4076541
vn 0.2096533 0.8714487 -0.4434214
vn -0.8874547 0.1310636 -0.441867
vn -0.8520038 -0.4473276 -0.2720069
vn -0.1245544 0.9773521 -0.1710822
vn -0.685625 -0.4507204 -0.5716375
vn -0.0683798 0.8327172 -0.5494599
vn -0.8004319 0.1950906 -0.5667879
vn -0.685625 -0.4507204 -0.5716375
vn 0.7652819 -0.5715209 -0.2961545
vn 0.6794109 -0.3815759 -0.626738
vn -0.8520038 -0.4473276 -0.2720069
vn 0.2769704 -0.2997744 -0.9129199
vn -0.8874547 0.1310636 -0.441867
vn -0.9900594 0.1134758 -0.0830996
vn 0.57761 -0.8130272 0.07316698
vn 0 -0.9964216 -0.08452297
vn 0 -0.999979 0.006490651
vn 0.5691721 -0.8174006 0.08887804
vn 0.9615459 -0.1489189 0.2307654
vn 0.9333123 -0.1769733 0.3124237
vn 0.8891605 -0.4523529 -0.06906869
vn 0.9865214 0.1594347 -0.03682498
vn 0.9429496 0.1721983 -0.2849451
vn 0.5848346 -0.8082682 -0.06834444
vn 0 -0.99966 -0.02607313
vn 0.8884667 -0.3950345 -0.2336125
vn 0.6282617 -0.553067 -0.5471783
vn 0.1548546 -0.8588338 -0.4882874
vn 0 -0.9826952 -0.1852303
vn 0 -0.9494114 -0.314035
vn -0.2192486 -0.9053158 -0.3637767
vn -0.29114 -0.8937849 0.3411539
vn 0.5085447 -0.7716087 -0.3821025
vn 0.4118887 -0.8529705 0.3206072
vn 0.8324289 -0.3183648 -0.4535482
vn 0.8994411 -0.4166423 0.1319655
vn 0.8907079 -0.2429823 -0.3841863
vn 0.9784358 0.02464334 -0.2050762
vn 0.9558277 -0.1050805 -0.274502
vn 0.9330555 -0.2772008 0.2292755
vn 0.9936901 -0.1069906 -0.03365896
vn 0.7279698 -0.6367475 0.2541901
vn 0.7239347 -0.454836 0.5186932
vn 0.21257 -0.6618572 0.7188594
vn -0.3151327 -0.6662488 0.6758727
vn 0 -0.8285214 0.5599575
vn 0 -0.7305867 0.6828199
vn -0.0879062 -0.6725707 0.7347933
vn 0.5293079 -0.5385634 0.6555781
vn 0.3424878 -0.6891847 0.6385347
vn 0.3144498 -0.7435076 0.5901845
vn 0.7665501 -0.5899242 -0.2537529
vn -0.007462968 -0.7799265 0.6258267
vn 0.2107318 -0.6167889 0.7583954
vn 0.5004421 -0.6958983 0.5150565
vn 0 -0.872485 0.4886408
vn 0 -0.9969904 0.07752456
vn 0 -0.8127034 0.5826776
vn 0 -0.92363 -0.3832853
vn 0.8963521 -0.42587 -0.1232384
vn 0.9373918 0.255444 0.2367379
vn 0.8601911 -0.1029087 -0.4994807
vn -0.0001921644 -0.2838196 -0.9588777
vn 0 -0.92363 -0.3832853
vn 0.9612902 0.2231243 -0.1616683
vn 0.5792799 -0.2420429 0.7783636
vn 0.2869207 -0.01925515 0.9577608
vn 0.3337336 -0.534821 0.7762657
vn 0.5042383 -0.6047843 0.616425
vn 0.7732627 0.03685252 0.633014
vn 0.6344871 -0.661518 0.3997748
vn 0.5405549 -0.8402687 0.04182024
vn 0.5310255 -0.7807015 0.3294193
vn 0.4731318 -0.03506779 0.8802935
vn -0.8963521 -0.42587 -0.1232384
vn -0.8577342 -0.1082433 -0.5025688
vn -0.939808 0.2583396 0.2236551
vn -0.9148938 0.3257492 -0.2384466
vn -0.5004421 -0.6958983 0.5150564
vn 0 -0.92363 -0.3832853
vn 0 -0.9969904 0.07752456
vn 0 -0.872485 0.4886408
vn 0.007462965 -0.7799266 0.6258266
vn -0.2107318 -0.6167889 0.7583954
vn 0 -0.8127034 0.5826776
vn -0.3144498 -0.7435076 0.5901845
vn -0.3424879 -0.6891847 0.6385347
vn -0.7279698 -0.6367475 0.2541902
vn -0.5293079 -0.5385634 0.6555781
vn 0.08790617 -0.6725707 0.7347934
vn -0.9330555 -0.2772009 0.2292755
vn -0.9936901 -0.1069906 -0.03365897
vn -0.9558277 -0.1050805 -0.2745019
vn -0.7239347 -0.4548361 0.5186933
vn -0.21257 -0.6618572 0.7188594
vn 0.3151327 -0.6662488 0.6758727
vn 0 -0.7305867 0.6828199
vn 0 -0.8285214 0.5599575
vn 0.29114 -0.8937849 0.3411539
vn 0 -0.8907967 0.4544022
vn -0.4118887 -0.8529705 0.3206072
vn -0.8994411 -0.4166423 0.1319655
vn -0.7665501 -0.5899242 -0.253753
vn -0.8323336 -0.3183649 -0.4537231
vn -0.5085613 -0.7715518 -0.3821953
vn 0.2192486 -0.9053158 -0.3637767
vn 0 -0.9494114 -0.314035
vn -0.1549966 -0.8588163 -0.4882731
vn 0 -0.9826952 -0.1852303
vn 0 -0.99966 -0.02607313
vn -0.6282436 -0.5528868 -0.5473813
vn -0.5848392 -0.8082665 -0.06832536
vn -0.888448 -0.395084 -0.2335997
vn -0.890678 -0.2430562 -0.3842087
vn -0.9429496 0.1721984 -0.2849452
vn -0.9784358 0.02464334 -0.2050762
vn -0.8168057 0.4564452 -0.3528261
vn -0.9484785 0.1518781 -0.278068
vn 0 -0.999979 0.006490651
vn -0.8891605 -0.452353 -0.06906869
vn -0.9865214 0.1594347 -0.03682497
vn -0.9615459 -0.1489189 0.2307654
vn -0.57761 -0.8130272 0.07316698
vn 0 -0.9964216 -0.08452297
vn -0.5691721 -0.8174006 0.08887805
vn -0.9333123 -0.1769733 0.3124237
vn -0.540555 -0.8402687 0.04182024
vn -0.5310255 -0.7807015 0.3294193
vn -0.5042383 -0.6047843 0.616425
vn -0.6344871 -0.6615181 0.3997747
vn -0.7732627 0.03685251 0.633014
vn -0.3337336 -0.5348209 0.7762657
vn -0.4731318 -0.0350678 0.8802935
vn -0.2869206 -0.01925513 0.9577608
vn -0.5792799 -0.2420429 0.7783636
vn 0.6919919 0.5616475 0.4535407
vn 0.9333123 -0.1769733 0.3124237
vn 0.9615459 -0.1489189 0.2307654
vn 0.7470762 0.6023522 0.2811566
vn 0.9865214 0.1594347 -0.03682498
vn 0.2911108 0.887227 0.3578866
vn 0.2245239 0.8460106 0.4835856
vn 0 0.9461651 0.3236844
vn 0 0.9005139 0.4348271
vn 0.5498123 0.833246 0.05837477
vn 0 0.9974848 0.07088041
vn 0.4890839 0.8102644 -0.3229064
vn 0 0.9674316 -0.2531326
vn 0.9429496 0.1721983 -0.2849451
vn 0.1475646 0.9507509 -0.2725753
vn 0 0.9877647 -0.155952
vn 0.8168057 0.4564452 -0.3528261
vn 0.06158237 0.9886412 0.1370991
vn 0 0.9917418 0.1282512
vn 0.1550581 0.7998161 0.5798717
vn 0 0.8908703 0.4542578
vn 0.2660627 0.6854608 0.6777566
vn 0 0.7973679 0.6034936
vn 0 0.8884392 0.4589944
vn 0.4024063 0.6947604 0.5961351
vn 0.2869207 -0.01925515 0.9577608
vn 0.2759205 0.7256219 0.6303498
vn 0.2257972 0.9706333 0.08298501
vn 0.5792799 -0.2420429 0.7783636
vn 0.9373918 0.255444 0.2367379
vn -0.0001973078 0.9340982 0.3570162
vn -0.0273008 0.9888313 0.1465175
vn 0.9612902 0.2231243 -0.1616683
vn 0.3098558 0.8583238 -0.4089861
vn 0.5468157 0.7982593 0.2525364
vn 0.1042382 0.928808 -0.3555981
vn 0.4690056 0.7489454 0.4680969
vn 0.7732627 0.03685252 0.633014
vn 0.4731318 -0.03506779 0.8802935
vn 0.1205752 0.0303986 -0.9922387
vn 0.9484783 0.1518781 -0.278068
vn 0.8601911 -0.1029087 -0.4994807
vn 0.9242237 0.1340877 -0.3575349
vn 0.9612902 0.2231243 -0.1616683
vn 0.8601911 -0.1029087 -0.4994807
vn 0.1161124 0.6730403 -0.7304347
vn 0.913227 0.09730738 -0.3956614
vn 0.8050375 0.02944142 -0.5924929
vn 0.5766301 -0.515889 -0.6335269
vn 0.4337525 0.2674718 -0.8604171
vn 0.4425796 0.8637505 -0.240953
vn 0.8636729 0.4640795 -0.1967219
vn -0.0001921644 -0.2838196 -0.9588777
vn -0.2758382 0.9470145 0.1645504
vn 0.2921539 0.6829431 0.6695034
vn 0.9127532 -0.2930903 0.2845692
vn 0.006701258 -0.6768732 -0.7360692
vn -0.5674024 -0.543198 -0.6188623
vn -0.8577342 -0.1082433 -0.5025688
vn -0.8051434 0.02943487 -0.5923492
vn -0.913227 0.09730738 -0.3956614
vn -0.1186967 0.6812518 -0.7223622
vn -0.4337525 0.2674719 -0.8604171
vn -0.428971 0.8692783 -0.24564
vn -0.8636729 0.4640795 -0.1967219
vn 0.2758382 0.9470145 0.1645504
vn -0.2921539 0.6829432 0.6695033
vn -0.9127532 -0.2930903 0.2845692
vn -0.9148938 0.3257492 -0.2384466
vn 0 -0.8907967 0.4544022
vn -0.3334884 -0.7369428 -0.5879632
vn -0.6349616 0.3391799 -0.6941043
vn -0.6989778 0.2918768 -0.6528691
vn -0.4009055 -0.6937006 -0.5983763
vn 0.4481391 -0.8873608 0.1084537
vn 0.2852614 -0.9458368 0.1549796
vn 0.7537296 0.1182722 0.6464545
vn 0.7153234 0.1502925 0.6824402
vn -0.0277191 0.9964012 0.08010206
vn -0.03429553 0.9970203 0.06909614
vn -0.6989778 0.2918768 -0.6528691
vn -0.6349616 0.3391799 -0.6941043
vn 0.6085449 0.1347259 0.7819987
vn 0.1555532 -0.9352317 0.3180326
vn 0.04266204 0.9957443 0.08168968
vn 0.6325831 0.08199467 0.7701398
vn 0.6085449 0.1347259 0.7819987
vn 0.6325831 0.08199467 0.7701398
vn -0.6538632 0.3809263 -0.6537262
vn 0.1403638 0.9900399 0.01091417
vn 0.6325831 0.08199467 0.7701398
vn -0.6233494 0.3539251 -0.6972607
vn 0.2659701 0.9632499 0.03754325
vn -0.4448637 0.4359193 -0.7823494
vn 0.1678877 0.984255 -0.05528016
vn 0.6740996 0.01990647 0.7383723
vn 0.6874633 0.04131769 0.7250428
vn -0.1000496 -0.9523284 0.2882026
vn 0.1119194 -0.9675285 0.2266337
vn -0.664284 0.1561452 -0.7309893
vn -0.664284 0.1561452 -0.7309893
vn -0.4467162 -0.6726086 -0.589951
vn -0.4448637 0.4359193 -0.7823494
vn -0.6233494 0.3539251 -0.6972607
vn -0.4938749 -0.7262373 -0.4781914
vn -0.6538632 0.3809263 -0.6537262
vn 0.1119194 -0.9675285 0.2266337
vn -0.1000496 -0.9523284 0.2882026
vn -0.8478543 -0.3777671 -0.3720688
vn -0.1000496 -0.9523284 0.2882026
vn -0.02871143 -0.8817871 0.470773
vn 0.6740996 0.01990647 0.7383723
vn 0.607493 -0.09967098 0.7880469
vn 0.2587815 0.9422838 0.2124463
vn 0.2678915 0.9266165 0.2638487
vn 0.1678877 0.984255 -0.05528016
vn -0.1000496 -0.9523284 0.2882026
vn -0.664284 0.1561452 -0.7309893
vn 0.1678877 0.984255 -0.05528016
vn -0.3260504 0.6807677 -0.6559319
vn 0.2587815 0.9422838 0.2124463
vn -0.664284 0.1561452 -0.7309893
vn -0.8478543 -0.3777671 -0.3720688
vn 0.2678915 0.9266165 0.2638487
vn -0.02871143 -0.8817871 0.470773
vn -0.8913171 -0.210606 -0.4014958
vn -0.8478543 -0.3777671 -0.3720688
vn -0.02871143 -0.8817871 0.470773
vn -0.3814856 -0.9241861 -0.01867817
vn 0.3193977 -0.9465963 0.04405086
vn -0.6598192 -0.02912747 -0.7508597
vn 0.2197116 0.2283012 -0.9484754
vn 0.6826112 -0.7010923 -0.2061834
vn -0.1325006 -0.9905879 -0.03433804
vn 0.09250424 -0.9753807 0.2001881
vn 0.4964865 -0.4722111 -0.7283666
vn -0.5576247 -0.3414837 -0.7566001
vn 0.09250424 -0.9753807 0.2001881
vn 0.4964865 -0.4722111 -0.7283666
vn 0.1661 -0.9859163 0.01948957
vn -0.72965 -0.1657303 -0.6634338
vn -0.1889498 -0.02093844 -0.9817635
vn 0.4506733 -0.8245503 -0.3420677
vn 0.6283218 0.7452841 0.2230768
vn 0.6826112 -0.7010923 -0.2061834
vn 0.5701481 0.8202422 -0.04619552
vn 0.4964865 -0.4722111 -0.7283666
vn 0.1661 -0.9859163 0.01948957
vn 0.6535995 -0.3746582 0.6576008
vn 0.8209103 -0.2975034 0.4874403
vn 0.09250424 -0.9753807 0.2001881
vn 0.4506733 -0.8245503 -0.3420677
vn 0.7305642 0.3794672 -0.5676976
vn 0.607493 -0.09967098 0.7880469
vn 0.7593486 -0.09351641 0.6439288
vn 0.8209103 -0.2975034 0.4874403
vn 0.8751274 -0.05731158 0.4804867
vn 0.3675083 0.9219765 0.1220526
vn 0.1886304 0.9815864 -0.03011204
vn 0.2678915 0.9266165 0.2638487
vn 0.3521902 0.744818 -0.5667523
vn 0.5948436 0.09322905 -0.7984169
vn 0.7305642 0.3794672 -0.5676976
vn -0.1889498 -0.02093844 -0.9817635
vn 0.2197116 0.2283012 -0.9484754
vn 0.5701481 0.8202422 -0.04619552
vn -0.6598192 -0.02912747 -0.7508597
vn -0.3260504 0.6807677 -0.6559319
vn -0.8913171 -0.210606 -0.4014958
vn -0.8478543 -0.3777671 -0.3720688
vn 0.2197116 0.2283012 -0.9484754
vn 0.6283218 0.7452841 0.2230768
vn 0.4964865 -0.4722111 -0.7283666
vn -0.3260504 0.6807677 -0.6559319
vn -0.4908673 0.4828657 -0.7251828
vn -0.5470369 0.2626722 -0.7948295
vn -0.5576247 -0.3414837 -0.7566001
vn -0.72965 -0.1657303 -0.6634338
vn 0.2678915 0.9266165 0.2638487
vn 0.3675083 0.9219765 0.1220526
vn -0.7381305 0.2963983 -0.6060622
vn 0.1886304 0.9815864 -0.03011204
vn 0.3521902 0.744818 -0.5667523
vn 0.5948436 0.09322905 -0.7984169
vn 0.7305642 0.3794672 -0.5676976
vn 0.7305642 0.3794672 -0.5676976
vn -0.1889498 -0.02093844 -0.9817635
vn 0.6826112 -0.7010923 -0.2061834
vn 0.2197116 0.2283012 -0.9484754
vn 0.1205752 0.0303986 -0.9922387
vn 0.9484783 0.1518781 -0.278068
vn 0.7665501 -0.5899242 -0.2537529
vn 0.7665501 -0.5899242 -0.2537529
vn -0.4719701 -0.6994662 -0.5366483
vn 0.1205752 0.0303986 -0.9922387
vn -0.8215181 0.2756573 -0.4991204
vn 0.4871641 -0.8724465 0.03883757
vn 0.8320422 0.01524723 0.554503
vn 0.2420348 0.9695975 0.03605641
vn 0.5468157 0.7982593 0.2525364
vn 0.6344871 -0.661518 0.3997748
vn 0.7732627 0.03685252 0.633014
vn 0.5405549 -0.8402687 0.04182024
vn 0.2420348 0.9695975 0.03605641
vn 0.1042382 0.928808 -0.3555981
vn -0.8215181 0.2756573 -0.4991204
vn 0.2420348 0.9695975 0.03605641
vn 0.1205752 0.0303986 -0.9922387
vn 0.9484783 0.1518781 -0.278068
vn 0.8168057 0.4564452 -0.3528261
vn 0.913227 0.09730738 -0.3956614
vn 0.900893 -0.155686 -0.4051587
vn 0.9166691 -0.3979253 -0.03705895
vn 0.8050375 0.02944142 -0.5924929
vn 0.7658715 -0.2876892 -0.5750442
vn 0.5766301 -0.515889 -0.6335269
vn 0.4915772 -0.862584 -0.1195849
vn 0.587998 -0.7632437 -0.2678014
vn 0.4428951 -0.8270514 -0.3461647
vn 0.5549433 -0.7858862 -0.2728017
vn 0 -0.9889719 -0.1481036
vn 0 -0.910557 -0.4133835
vn 0.7147543 -0.6704651 -0.1990048
vn 0.5609236 -0.8278337 0.007485718
vn 0.9417704 -0.3360507 -0.01176649
vn 0.6721566 -0.6718158 -0.3112381
vn 0.9074807 -0.3647717 -0.2083756
vn 0.9837339 -0.1646221 0.07188333
vn 0.9742103 -0.1947769 0.1139133
vn 0.9642761 -0.2643516 0.01702318
vn 0.976254 -0.1729169 0.1304914
vn 0.9579923 -0.2857471 -0.02448014
vn 0.8349003 -0.5220376 0.1744081
vn 0.8143368 -0.5123324 0.2727104
vn 0.5116571 -0.8531776 0.1014637
vn 0.3762687 -0.9204153 0.1061017
vn 0 -0.9971517 0.0754228
vn 0.2202679 -0.9653777 0.1397419
vn 0 -0.9979184 0.0644883
vn 0 -0.9985825 -0.05322683
vn 0.1859539 -0.9610362 -0.2045253
vn 0.2169132 -0.9706895 -0.1034918
vn 0 -0.9906155 0.1366783
vn 0.5078684 -0.8436415 0.1741802
vn 0.4998359 -0.8416362 0.2044809
vn 0.3690521 -0.8256124 -0.4268074
vn 0.1677344 -0.6826752 -0.71121
vn 0.4284322 -0.6019313 -0.6738876
vn 0.2672504 -0.8586254 -0.437424
vn 0.7685339 -0.6382648 -0.04442548
vn 0 -0.9937119 -0.1119667
vn 0.5061444 -0.8481956 -0.1561473
vn 0.661095 -0.7497745 -0.02813272
vn 0.431946 -0.6675139 -0.6065045
vn 0.8334096 -0.528517 0.1615493
vn 0.8824948 -0.4567048 0.1123551
vn 0.7627441 -0.6057702 -0.2264153
vn 0.4705387 -0.6315566 -0.616222
vn 0.3362239 -0.5693308 -0.7502105
vn 0.3701119 -0.9054624 0.2077375
vn 0.6920026 -0.6557001 0.3019763
vn 0.6265211 -0.7791817 0.01863513
vn 0.5197738 -0.8528941 -0.04905779
vn 0.6483781 -0.6629301 -0.3743386
vn 0.7269023 -0.6035937 -0.327548
vn 0.4828538 -0.8439264 0.2337531
vn 0.4582997 -0.888544 0.02123509
vn -0.001575361 -0.9601439 0.2795018
vn 0 -0.999024 0.04416981
vn 0.01429015 -0.8347093 -0.5505053
vn 0.7880067 -0.530799 0.3119262
vn 0.001853097 -0.8843511 0.4668186
vn -0.0001377161 -0.9934557 -0.1142179
vn 0 -0.9937119 -0.1119667
vn 0.2794684 -0.646933 -0.7094894
vn 0 -0.7201303 -0.6938389
vn 0.2845683 -0.7898807 -0.5432398
vn 0.4834656 -0.8438116 -0.2329011
vn 0 -0.9924723 -0.1224698
vn 0 -0.8586424 -0.5125751
vn 0 -0.7545016 -0.6562982
vn -0.7318131 -0.6213487 -0.2799558
vn -0.0001377161 -0.9934557 -0.1142179
vn -0.7872642 -0.5286118 0.3174659
vn 0 -0.9937119 -0.1119667
vn -0.7685177 -0.6382878 -0.04437479
vn -0.6926137 -0.6539338 0.3043958
vn -0.5319801 -0.8410486 -0.09815446
vn -0.4881625 -0.5587118 -0.6704764
vn -0.1859539 -0.9610362 -0.2045253
vn -0.2343347 -0.6411946 -0.7307234
vn -0.1729999 -0.7429816 -0.6465673
vn -0.2317329 -0.9666586 -0.108954
vn -0.2202679 -0.9653777 0.1397419
vn 0 -0.9985825 -0.05322683
vn 0 -0.9979184 0.0644883
vn 0 -0.9971517 0.0754228
vn -0.5116571 -0.8531776 0.1014637
vn -0.3762687 -0.9204153 0.1061017
vn -0.8143369 -0.5123324 0.2727104
vn -0.8349004 -0.5220376 0.1744082
vn -0.976254 -0.1729169 0.1304914
vn -0.9837339 -0.1646221 0.07188333
vn -0.9742103 -0.1947769 0.1139133
vn -0.9417704 -0.3360507 -0.01176648
vn -0.9642761 -0.2643515 0.01702318
vn -0.9579923 -0.2857471 -0.02448015
vn 0 -0.9906155 0.1366783
vn -0.5078684 -0.8436415 0.1741802
vn -0.491289 -0.8565656 0.1578941
vn -0.8334096 -0.528517 0.1615493
vn -0.9074807 -0.3647717 -0.2083756
vn -0.8824948 -0.4567048 0.1123551
vn -0.7627441 -0.6057701 -0.2264153
vn -0.648248 -0.7611535 -0.0204904
vn -0.3383316 -0.8172457 -0.4665204
vn -0.5374337 -0.6318774 -0.5584764
vn -0.7053504 -0.6345952 -0.3158635
vn -0.3849999 -0.8258402 -0.412023
vn -0.3481002 -0.926739 0.141354
vn -0.05564938 -0.9897328 -0.1316516
vn -0.5609333 -0.8278273 0.007478519
vn -0.9166691 -0.3979253 -0.03705896
vn -0.7130387 -0.6719536 -0.2001351
vn -0.5227144 -0.8504463 -0.05925151
vn -0.5522519 -0.7885304 -0.2706244
vn -0.5852798 -0.767211 -0.2623639
vn -0.4444854 -0.8265162 -0.3454038
vn -0.4869158 -0.8670859 -0.1052383
vn -0.7655037 -0.2859527 -0.5763984
vn -0.5674024 -0.543198 -0.6188623
vn -0.8051434 0.02943487 -0.5923492
vn 0 -0.9889719 -0.1481036
vn 0 -0.910557 -0.4133835
vn -0.4620021 -0.8863442 0.03078899
vn -0.4736828 -0.8411789 0.2608497
vn -0.001575361 -0.9601439 0.2795018
vn 0 -0.999024 0.04416981
vn -0.6283561 -0.7139121 -0.3090277
vn 0.01429015 -0.8347093 -0.5505053
vn -0.6362529 -0.7710593 0.02549365
vn 0 -0.7545016 -0.6562982
vn 0.006701258 -0.6768732 -0.7360692
vn -0.02453305 -0.5955294 -0.8029588
vn -0.0001377161 -0.9934557 -0.1142179
vn 0 -0.7201303 -0.6938389
vn -0.2818008 -0.6472643 -0.7082635
vn -0.2870581 -0.7878076 -0.5449376
vn -0.4936358 -0.8416666 -0.2189084
vn 0 -0.9924723 -0.1224698
vn 0 -0.8586424 -0.5125751
vn 0.4337525 0.2674718 -0.8604171
vn 0.9064609 -0.4221332 -0.01148809
vn 0.8636729 0.4640795 -0.1967219
vn 0.913227 0.09730738 -0.3956614
vn 0.9579923 -0.2857471 -0.02448014
vn 0.9127532 -0.2930903 0.2845692
vn 0.9642761 -0.2643516 0.01702318
vn 0.2921539 0.6829431 0.6695034
vn -0.02453305 -0.5955294 -0.8029588
vn -0.0001377161 -0.9934557 -0.1142179
vn 0.006701258 -0.6768732 -0.7360692
vn 0.5635371 -0.8007715 -0.2029558
vn 0.2923845 -0.9321575 -0.2135269
vn 0.4834099 -0.8727927 -0.06743753
vn 0.6933288 -0.7123564 -0.1088279
vn 0.529659 -0.7876742 -0.3146916
vn 0.3118685 -0.9441501 -0.1063885
vn 0.1421507 -0.9673633 -0.2097654
vn 0 -0.9487804 -0.3159363
vn 0 -0.9227539 -0.3853897
vn 0.1058326 -0.9743661 -0.1985201
vn 0.2565948 -0.9097835 -0.3262716
vn 0.4063523 -0.8406863 -0.3579445
vn 0.4684002 -0.8359865 -0.2858809
vn 0.9641159 -0.06953178 0.2562149
vn 0.9602841 -0.06351905 0.271698
vn 0.9646937 -0.06972359 0.2539777
vn 0.9626117 -0.0642253 0.2631612
vn 0.8359424 -0.5488172 -0.0002619085
vn 0.8562549 -0.515854 -0.02687674
vn 0.4968343 -0.8506137 -0.1720815
vn 0.4507791 -0.8637884 -0.2250949
vn 0.4425796 0.8637505 -0.240953
vn 0.9242237 0.1340877 -0.3575349
vn 0.1161124 0.6730403 -0.7304347
vn 0.9900594 0.1134758 -0.08309961
vn 0.6703135 -0.7380309 -0.07739627
vn -0.000167436 0.1182936 -0.9929786
vn 0.1608341 -0.7776072 -0.6078318
vn -0.3167227 -0.9467199 -0.05837882
vn -0.3312021 -0.94275 -0.03908486
vn -0.9554868 -0.2889931 0.05939796
vn -0.9664485 -0.2266459 -0.1208676
vn 0 -0.8612139 -0.5082427
vn 0 -0.9833217 -0.1818752
vn -0.4827548 -0.8750902 -0.0341308
vn 0 -0.9964216 -0.08452297
vn -0.5691721 -0.8174006 0.08887805
vn -0.9448634 -0.2790529 0.1713552
vn -0.9333123 -0.1769733 0.3124237
vn -0.7558432 0.6091405 0.2401017
vn -0.6919919 0.5616475 0.4535407
vn -0.2245239 0.8460106 0.4835856
vn -0.2024832 0.9535659 0.2229634
vn 0 0.9005139 0.4348271
vn 0 0.9808019 0.1950073
vn -0.1548467 0.9389189 -0.3073331
vn -0.7716249 0.6257213 -0.1143142
vn -0.6991774 0.6927173 -0.1769002
vn 0.2092817 0.8555973 -0.4734496
vn -0.0002733878 0.8948175 -0.446432
vn 0.005914708 0.4203234 -0.907355
vn -0.000167436 0.1182936 -0.9929786
vn 0 -0.3969549 -0.9178381
vn -0.000167436 0.1182936 -0.9929786
vn 0.1451983 0.9803761 0.1333425
vn 0.3547202 0.9349496 -0.006556763
vn -0.75246 0.6585795 -0.008768151
vn 0.9705428 0.2381139 -0.03672229
vn 0.4344425 0.8973044 -0.07813171
vn 0.9898396 0.06048101 -0.1286843
vn 0.9921601 0.1240967 -0.01477483
vn -0.662726 0.7365536 -0.1352149
vn -0.9650159 -0.1853875 -0.1854071
vn 0.1264735 0.9902416 0.05853276
vn -0.8593071 0.5113127 -0.01227432
vn -0.8444523 0.5191851 0.1317092
vn -0.9314795 -0.3621451 -0.03459718
vn -0.9665685 -0.2315902 -0.1100522
vn -0.4467984 -0.8863603 -0.1213946
vn -0.2289892 -0.9543902 -0.1915808
vn 0.9799643 0.1986112 0.01495477
vn 0.2092817 0.8555973 -0.4734496
vn -0.6991774 0.6927173 -0.1769002
vn -0.9664485 -0.2266459 -0.1208676
vn -0.3167227 -0.9467199 -0.05837882
vn 0.6703135 -0.7380309 -0.07739627
vn 0.8604811 0.5084804 0.031936
vn -0.04608825 0.9981129 0.04057572
vn -0.8633111 0.5030199 -0.04080444
vn -0.9012317 -0.4190241 -0.1104543
vn -0.1914317 -0.9381204 -0.2885897
vn -0.0955468 -0.9889732 -0.1131492
vn -0.3318766 -0.9215975 -0.2012857
vn 0.7603193 -0.6454844 -0.07255688
vn 0.7777683 -0.5744899 -0.255025
vn 0.9799643 0.1986112 0.01495477
vn 0.9705428 0.2381139 -0.03672229
vn 0.6886333 -0.6947882 -0.2074936
vn 0.5803706 -0.8059745 -0.1165128
vn 0.9898396 0.06048101 -0.1286843
vn 0.03546197 -0.9689419 0.2447322
vn 0.9383063 -0.3394175 0.06615874
vn -0.9217659 -0.387533 0.01287687
vn 0.8604811 0.5084804 0.031936
vn 0.9921601 0.1240967 -0.01477483
vn 0.763115 -0.6361866 -0.113675
vn 0.9900594 0.1134758 -0.08309961
vn 0.0683798 0.8327172 -0.5494598
vn -0.6794109 -0.3815759 -0.626738
vn 0.685625 -0.4507205 -0.5716376
vn 0.5920227 0.6896687 -0.4169729
vn -0.6928228 0.3524795 -0.6290903
vn 0.6978382 0.3463358 -0.6269557
vn -0.7763034 0.5221979 -0.353076
vn 0.8004319 0.1950906 -0.5667879
vn -0.6955267 0.3473951 -0.628935
vn 0.8874547 0.1310636 -0.441867
vn -0.2769704 -0.2997744 -0.9129199
vn 0.7673686 -0.09419178 -0.6342502
vn -0.7526066 -0.1812837 -0.633024
vn -0.5483909 -0.5943758 -0.5882046
vn 0.5092625 -0.6161003 -0.6008928
vn -0.02154765 -0.7480771 0.6632619
vn 0.7109099 -0.3818109 0.5906162
vn -0.7033128 -0.4267369 0.568548
vn -0.5380216 -0.7378014 0.4076541
vn -0.5483909 -0.5943758 -0.5882046
vn 0.9583629 -0.1396408 0.2490803
vn 0.6978382 0.3463358 -0.6269557
vn 0.7673686 -0.09419178 -0.6342502
vn 0.4379157 -0.7808061 0.4456137
vn 0.7109099 -0.3818109 0.5906162
vn 0.5092625 -0.6161003 -0.6008928
vn -0.5483909 -0.5943758 -0.5882046
vn -0.7526066 -0.1812837 -0.633024
vn -0.6928228 0.3524795 -0.6290903
vn 0.03546197 -0.9689419 0.2447322
vn 0.9383063 -0.3394175 0.06615874
vn -0.9224566 -0.2885745 0.2565123
vn -0.7763034 0.5221979 -0.353076
vn 0.5920227 0.6896687 -0.4169729
vn 0.995445 0.08123106 -0.04990675
vn 0.8932305 0.4400733 -0.09205887
vn 0.8604811 0.5084804 0.031936
vn 0.05714431 0.9983634 0.002213056
vn -0.04608825 0.9981129 0.04057572
vn -0.9217659 -0.387533 0.01287687
vn -0.9993773 -0.02884464 0.02032563
vn -0.8633111 0.5030199 -0.04080444
vn -0.8404443 0.5407844 -0.03472239
vn 0.05714431 0.9983634 0.002213056
vn -0.04608825 0.9981129 0.04057572
vn -0.6955267 0.3473951 -0.628935
vn -0.8500944 0.4706468 -0.2362861
vn 0.1245544 0.9773521 -0.1710822
vn -0.2096533 0.8714487 -0.4434214
vn -0.7652819 -0.5715209 -0.2961545
vn 0.0683798 0.8327172 -0.5494598
vn -0.6794109 -0.3815759 -0.626738
vn -0.2769704 -0.2997744 -0.9129199
vn -0.6955267 0.3473951 -0.628935
vn -0.5483909 -0.5943758 -0.5882046
vn -0.5380216 -0.7378014 0.4076541
vn -0.2096533 0.8714487 -0.4434214
vn 0.8874547 0.1310636 -0.441867
vn 0.1245544 0.9773521 -0.1710822
vn 0.8520038 -0.4473276 -0.2720069
vn 0.685625 -0.4507205 -0.5716376
vn 0.0683798 0.8327172 -0.5494598
vn 0.8004319 0.1950906 -0.5667879
vn 0.685625 -0.4507205 -0.5716376
vn -0.7652819 -0.5715209 -0.2961545
vn 0.8520038 -0.4473276 -0.2720069
vn -0.6794109 -0.3815759 -0.626738
vn -0.2769704 -0.2997744 -0.9129199
vn 0.8874547 0.1310636 -0.441867
vn 0.9900594 0.1134758 -0.08309961
vn -0.6919919 0.5616475 0.4535407
vn -0.9615459 -0.1489189 0.2307654
vn -0.9333123 -0.1769733 0.3124237
vn -0.7470762 0.6023522 0.2811566
vn -0.9865214 0.1594347 -0.03682497
vn -0.2911107 0.887227 0.3578866
vn -0.2245239 0.8460106 0.4835856
vn 0 0.9461651 0.3236844
vn 0 0.9005139 0.4348271
vn -0.5498123 0.833246 0.05837478
vn 0 0.9974848 0.07088041
vn -0.489084 0.8102644 -0.3229064
vn 0 0.9674316 -0.2531326
vn -0.9429496 0.1721984 -0.2849452
vn -0.1475646 0.9507509 -0.2725753
vn 0 0.9877647 -0.155952
vn -0.8168057 0.4564452 -0.3528261
vn -0.06158237 0.9886412 0.1370991
vn 0 0.9917418 0.1282512
vn -0.1550581 0.7998161 0.5798717
vn 0 0.8908703 0.4542578
vn -0.2660626 0.6854609 0.6777566
vn 0 0.7973679 0.6034936
vn 0 0.8884392 0.4589944
vn -0.4024063 0.6947604 0.5961351
vn -0.2869206 -0.01925513 0.9577608
vn -0.2759205 0.7256219 0.6303498
vn -0.2257972 0.9706333 0.082985
vn -0.5792799 -0.2420429 0.7783636
vn -0.939808 0.2583396 0.2236551
vn -0.0001973078 0.9340982 0.3570162
vn -0.0273008 0.9888313 0.1465175
vn -0.9148938 0.3257492 -0.2384466
vn -0.3098558 0.8583238 -0.4089861
vn -0.5468156 0.7982593 0.2525364
vn -0.1042382 0.928808 -0.3555981
vn -0.4690056 0.7489454 0.4680969
vn -0.7732627 0.03685251 0.633014
vn -0.4731318 -0.0350678 0.8802935
vn -0.1205751 0.03039856 -0.9922387
vn -0.9484785 0.1518781 -0.278068
vn 0.3334884 -0.7369428 -0.5879632
vn 0.6349616 0.3391799 -0.6941043
vn 0.4009055 -0.6937006 -0.5983763
vn 0.6989778 0.2918768 -0.6528691
vn -0.4481391 -0.8873608 0.1084537
vn -0.2852614 -0.9458368 0.1549796
vn -0.7537296 0.1182722 0.6464545
vn -0.7153234 0.1502925 0.6824402
vn 0.0277191 0.9964012 0.08010206
vn 0.03429553 0.9970203 0.06909614
vn 0.6989778 0.2918768 -0.6528691
vn 0.6349616 0.3391799 -0.6941043
vn -0.6085448 0.1347259 0.7819988
vn -0.1555532 -0.9352317 0.3180326
vn -0.6085448 0.1347259 0.7819988
vn -0.04266205 0.9957443 0.08168968
vn -0.6325832 0.08199465 0.7701398
vn -0.6325832 0.08199465 0.7701398
vn 0.6538632 0.3809263 -0.6537263
vn -0.1403638 0.9900399 0.01091417
vn -0.6325832 0.08199465 0.7701398
vn 0.6233494 0.3539251 -0.6972607
vn -0.2659701 0.9632499 0.03754325
vn 0.4448638 0.4359193 -0.7823494
vn -0.1678877 0.984255 -0.05528016
vn -0.6740997 0.01990648 0.7383722
vn -0.6874633 0.04131769 0.7250427
vn 0.1000496 -0.9523284 0.2882026
vn -0.1119194 -0.9675285 0.2266337
vn 0.6642841 0.1561452 -0.7309893
vn 0.6642841 0.1561452 -0.7309893
vn 0.4467162 -0.6726086 -0.589951
vn 0.4448638 0.4359193 -0.7823494
vn 0.6233494 0.3539251 -0.6972607
vn 0.4938749 -0.7262373 -0.4781914
vn 0.6538632 0.3809263 -0.6537263
vn -0.1119194 -0.9675285 0.2266337
vn 0.1000496 -0.9523284 0.2882026
vn 0.8478543 -0.3777671 -0.3720688
vn 0.1000496 -0.9523284 0.2882026
vn 0.6642841 0.1561452 -0.7309893
vn 0.1000496 -0.9523284 0.2882026
vn 0.02871143 -0.8817871 0.470773
vn -0.6740997 0.01990648 0.7383722
vn -0.607493 -0.09967098 0.7880469
vn -0.2587814 0.9422838 0.2124462
vn -0.2678915 0.9266165 0.2638487
vn -0.1678877 0.984255 -0.05528016
vn -0.1678877 0.984255 -0.05528016
vn 0.3260504 0.6807677 -0.6559319
vn 0.6642841 0.1561452 -0.7309893
vn -0.2587814 0.9422838 0.2124462
vn 0.8478543 -0.3777671 -0.3720688
vn -0.2678915 0.9266165 0.2638487
vn 0.02871143 -0.8817871 0.470773
vn 0.8913171 -0.210606 -0.4014958
vn 0.3814856 -0.924186 -0.01867819
vn -0.3193977 -0.9465963 0.04405091
vn 0.6598192 -0.02912749 -0.7508597
vn -0.2197117 0.2283012 -0.9484752
vn -0.6826112 -0.7010923 -0.2061834
vn -0.4964864 -0.4722111 -0.7283666
vn 0.02871143 -0.8817871 0.470773
vn 0.8478543 -0.3777671 -0.3720688
vn 0.1325006 -0.9905879 -0.03433804
vn -0.09250421 -0.9753808 0.2001881
vn -0.4964864 -0.4722111 -0.7283666
vn 0.5576247 -0.3414837 -0.7566001
vn -0.09250421 -0.9753808 0.2001881
vn -0.1661 -0.9859163 0.0194896
vn 0.72965 -0.1657303 -0.6634338
vn 0.1889498 -0.02093843 -0.9817635
vn -0.4506733 -0.8245503 -0.3420677
vn -0.09250421 -0.9753808 0.2001881
vn -0.6535996 -0.3746582 0.6576008
vn -0.1661 -0.9859163 0.0194896
vn -0.8209103 -0.2975034 0.4874403
vn -0.4506733 -0.8245503 -0.3420677
vn -0.7305641 0.3794674 -0.5676978
vn 0.1889498 -0.02093843 -0.9817635
vn -0.8209103 -0.2975034 0.4874403
vn -0.7593487 -0.09351641 0.6439288
vn -0.8751274 -0.05731158 0.4804867
vn -0.3675084 0.9219765 0.1220526
vn -0.1886305 0.9815863 -0.03011203
vn -0.3521906 0.7448179 -0.5667521
vn -0.5948434 0.09322935 -0.7984169
vn -0.7305641 0.3794674 -0.5676978
vn -0.607493 -0.09967098 0.7880469
vn -0.2678915 0.9266165 0.2638487
vn -0.2197117 0.2283012 -0.9484752
vn -0.5701481 0.8202422 -0.0461955
vn -0.6283218 0.7452841 0.2230768
vn -0.2197117 0.2283012 -0.9484752
vn 0.6598192 -0.02912749 -0.7508597
vn 0.3260504 0.6807677 -0.6559319
vn 0.8913171 -0.210606 -0.4014958
vn 0.8478543 -0.3777671 -0.3720688
vn 0.3260504 0.6807677 -0.6559319
vn -0.4964864 -0.4722111 -0.7283666
vn 0.4908673 0.4828657 -0.7251828
vn 0.5470369 0.2626722 -0.7948295
vn 0.5576247 -0.3414837 -0.7566001
vn 0.72965 -0.1657303 -0.6634338
vn -0.2678915 0.9266165 0.2638487
vn -0.3675084 0.9219765 0.1220526
vn 0.7381305 0.2963983 -0.6060623
vn -0.1886305 0.9815863 -0.03011203
vn -0.3521906 0.7448179 -0.5667521
vn -0.5948434 0.09322935 -0.7984169
vn -0.7305641 0.3794674 -0.5676978
vn -0.7305641 0.3794674 -0.5676978
vn 0.1889498 -0.02093843 -0.9817635
vn -0.6283218 0.7452841 0.2230768
vn -0.5701481 0.8202422 -0.0461955
vn -0.6826112 -0.7010923 -0.2061834
vn -0.4964864 -0.4722111 -0.7283666
vn -0.6826112 -0.7010923 -0.2061834
vn -0.2197117 0.2283012 -0.9484752
vn -0.1205751 0.03039856 -0.9922387
vn -0.7665501 -0.5899242 -0.253753
vn -0.9484785 0.1518781 -0.278068
vn -0.7665501 -0.5899242 -0.253753
vn -0.1205751 0.03039856 -0.9922387
vn 0.4719701 -0.6994662 -0.5366483
vn 0.8215181 0.2756573 -0.4991204
vn -0.4871641 -0.8724465 0.03883758
vn -0.8320422 0.01524724 0.554503
vn -0.2420348 0.9695973 0.03605641
vn -0.5468156 0.7982593 0.2525364
vn -0.6344871 -0.6615181 0.3997747
vn -0.7732627 0.03685251 0.633014
vn -0.540555 -0.8402687 0.04182024
vn -0.2420348 0.9695973 0.03605641
vn -0.1042382 0.928808 -0.3555981
vn -0.2420348 0.9695973 0.03605641
vn 0.8215181 0.2756573 -0.4991204
vn -0.1205751 0.03039856 -0.9922387
vn -0.913227 0.09730738 -0.3956614
vn -0.900893 -0.155686 -0.4051587
vn -0.4337525 0.2674719 -0.8604171
vn -0.8636729 0.4640795 -0.1967219
vn -0.9064609 -0.4221332 -0.01148809
vn -0.913227 0.09730738 -0.3956614
vn -0.9579923 -0.2857471 -0.02448015
vn -0.9127532 -0.2930903 0.2845692
vn -0.9642761 -0.2643515 0.01702318
vn -0.2921539 0.6829432 0.6695033
vn 0 -0.9937119 -0.1119667
vn -0.5635372 -0.8007714 -0.2029558
vn -0.48341 -0.8727926 -0.0674375
vn -0.2923845 -0.9321575 -0.2135269
vn -0.6933288 -0.7123564 -0.1088279
vn -0.529659 -0.7876742 -0.3146916
vn -0.3118685 -0.9441501 -0.1063885
vn -0.1421507 -0.9673633 -0.2097654
vn 0 -0.9487804 -0.3159363
vn 0 -0.9227539 -0.3853897
vn -0.1058326 -0.9743661 -0.1985201
vn -0.2565948 -0.9097835 -0.3262716
vn -0.4063523 -0.8406863 -0.3579445
vn -0.4684002 -0.8359865 -0.2858809
vn -0.9990985 -0.03782117 0.01928003
vn -0.9991334 -0.03654185 0.019931
vn -0.999163 -0.03659901 0.01827049
vn -0.9990999 -0.03782624 0.01920008
vn -0.8479048 -0.5295902 -0.02432451
vn -0.7658367 -0.6347691 -0.1027733
vn -0.339711 -0.9298554 -0.1412991
vn -0.2439177 -0.9384437 -0.2445969
vn -0.428971 0.8692783 -0.24564
vn -0.1186967 0.6812518 -0.7223622
vn -0.9148938 0.3257492 -0.2384466
vn -0.7034264 -0.6502977 -0.286887
vn -0.818101 -0.5711068 -0.0674369
vn -0.7268149 -0.6561323 -0.2030527
vn -0.8862907 -0.4617316 -0.03595364
vn -0.9109531 -0.4121337 0.01761653
vn -0.9123557 -0.3941527 -0.1106823
vn -0.9379596 -0.3248056 -0.1213802
vn -0.831788 -0.5168844 -0.2023839
vn -0.6900656 -0.6138508 -0.3834015
vn -0.5813985 -0.462456 -0.6694103
vn -0.8204625 -0.1578849 -0.5494667
vn -0.7271836 -0.2104824 -0.6533768
vn -0.08143649 -0.3240418 -0.9425312
vn -0.9376599 -0.24772 -0.2437801
vn -0.9812619 -0.1716202 -0.08758753
vn -0.5381773 -0.5166382 -0.6659205
vn 0.1885505 -0.5599607 -0.8067791
vn -0.2371066 -0.66856 -0.704846
vn 0.1885505 -0.5599607 -0.8067791
vn 0.6693072 -0.3623408 -0.6486424
vn -0.08143649 -0.3240418 -0.9425312
vn 0.1885505 -0.5599607 -0.8067791
vn -0.03710042 -0.9506857 -0.3079289
vn -0.03710042 -0.9506857 -0.3079289
vn 0.1885505 -0.5599607 -0.8067791
vn -0.1495095 -0.9820763 -0.1147739
vn -0.08143649 -0.3240418 -0.9425312
vn 0.6693072 -0.3623408 -0.6486424
vn -0.7271836 -0.2104824 -0.6533768
vn -0.2371066 -0.66856 -0.704846
vn 0.1885505 -0.5599607 -0.8067791
vn 0.6693072 -0.3623408 -0.6486424
vn 0.5224352 0.5420069 0.6582477
vn 0.9346153 0.08669306 0.3449326
vn 0.5626442 0.1958664 0.8031611
vn 0.7218395 0.6569553 0.2176178
vn -0.01403757 0.8548892 0.5186206
vn -0.02314604 0.997026 0.07350726
vn 0.7590107 -0.4841758 0.4352889
vn 0.4631773 -0.21117 0.8607404
vn 0.005372808 -0.8916677 0.4526586
vn 0.0032995 -0.5761687 0.8173242
vn -0.5341891 0.5785422 0.6163854
vn -0.02314604 0.997026 0.07350726
vn -0.01403757 0.8548892 0.5186206
vn -0.6963287 0.6905355 0.1956708
vn -0.5802458 0.2005272 0.7893692
vn -0.949177 0.08635211 0.3026655
vn -0.4791943 -0.2075851 0.8528078
vn -0.7635086 -0.5277853 0.3721523
vn 0.0032995 -0.5761687 0.8173242
vn 0.005372808 -0.8916677 0.4526586
vn 0.5224352 0.5420069 0.6582477
vn 0.5626442 0.1958664 0.8031611
vn -0.01403757 0.8548892 0.5186206
vn 0.0032995 -0.5761687 0.8173242
vn 0.4631773 -0.21117 0.8607404
vn -0.5802458 0.2005272 0.7893692
vn -0.5341891 0.5785422 0.6163854
vn -0.4791943 -0.2075851 0.8528078
vn 0.319354 0.9252027 -0.2049708
vn 0.001414055 0.1579636 0.987444
vn -0.3206745 0.9247907 -0.2047683
vn -0.8445428 0.5165802 -0.1410402
vn 0.8440009 0.5173211 -0.1415682
vn -0.9976149 -0.01173371 -0.06802089
vn -0.8435386 -0.5364021 0.02674997
vn -0.3200776 -0.9427719 0.0934421
vn 0.3187703 -0.9432248 0.09333984
vn 0.8429877 -0.537284 0.02641446
vn 0.9975677 -0.0118509 -0.06869107
vn 0.319354 0.9252027 -0.2049708
vn -0.3206745 0.9247907 -0.2047683
vn 0.0006622792 -0.1559921 -0.9877581
vn -0.8445428 0.5165802 -0.1410402
vn 0.8440009 0.5173211 -0.1415682
vn -0.9976149 -0.01173371 -0.06802089
vn -0.8435386 -0.5364021 0.02674997
vn -0.3200776 -0.9427719 0.0934421
vn 0.3187703 -0.9432248 0.09333984
vn 0.8429877 -0.537284 0.02641446
vn 0.9975677 -0.0118509 -0.06869107
vn 0.8019083 0.5848481 -0.122048
vn 0.5728946 0.779013 -0.2548146
vn 0.4878753 0.8699288 -0.07212121
vn 0.8705776 0.4657847 -0.1585536
vn 0.5927237 0.8012679 0.08153857
vn 0.4054358 0.9128183 0.04883306
vn -0.0002587918 0.9933721 -0.1149426
vn -0.0002587918 0.9933721 -0.1149426
vn -0.0005670987 0.9999633 0.00855175
vn 0.00132656 0.971643 -0.2364489
vn 0.9451611 0.3265623 -0.00526
vn 0.6554689 0.7240258 -0.214819
vn 0.00132656 0.971643 -0.2364489
vn 0.02754216 0.9873964 -0.1558516
vn -0.4068351 0.9122422 0.0479515
vn 0.9841251 0.1178588 0.1326908
vn -0.5223566 0.8509627 -0.05482807
vn -0.5927237 0.8012679 0.08153857
vn -0.8061872 0.5842478 -0.09336372
vn -0.8201469 0.530457 -0.2144164
vn -0.0002587918 0.9933721 -0.1149426
vn -0.5771816 0.7708673 -0.2694902
vn 0.00132656 0.971643 -0.2364489
vn -0.9478021 0.3045628 -0.0944064
vn -0.6513079 0.7313688 -0.2022318
vn -0.9970452 0.06790468 -0.03591463
vn 0.00132656 0.971643 -0.2364489
vn 0.02754216 0.9873964 -0.1558516
vn 0.8686081 0.4074665 -0.2819417
vn 0.8820994 0.390548 -0.2633875
vn 0.8019083 0.5848481 -0.122048
vn 0.8705776 0.4657847 -0.1585536
vn 0.9548036 0.2496087 -0.1613861
vn 0.9451611 0.3265623 -0.00526
vn 0.8629091 0.3959217 -0.3140603
vn 0.999843 0.01738693 -0.003407945
vn 0.9841251 0.1178588 0.1326908
vn 0.9875675 -0.01524897 0.1564539
vn 0.9749761 -0.03550719 0.2194559
vn 0.8492772 -0.5266896 -0.03641863
vn 0.7702135 -0.5818232 -0.2612525
vn 0.7976766 -0.5829504 -0.1545344
vn 0.8877904 -0.4594761 -0.02664347
vn 0.8985409 -0.4388012 0.008820133
vn 0.9068063 -0.4098533 -0.09860243
vn 0.9204593 -0.3729517 -0.1168829
vn 0.8862702 -0.4378861 -0.1509337
vn 0.8223954 -0.482429 -0.3015429
vn 0.5850875 -0.4439313 -0.6786734
vn 0.8383992 -0.1737379 -0.5166254
vn 0.7206681 -0.2376923 -0.6512602
vn -0.02646832 -0.3249869 -0.9453481
vn 0.9123926 -0.3313764 -0.2402695
vn 0.9823154 -0.186534 -0.01617059
vn 0.868965 -0.4811042 -0.1159241
vn 0.1966473 -0.833744 -0.5159466
vn -0.03141838 -0.6765822 -0.7356965
vn -0.8903561 -0.1969111 -0.4104776
vn -0.8903561 -0.1969111 -0.4104776
vn -0.02646832 -0.3249869 -0.9453481
vn 0.7206681 -0.2376923 -0.6512602
vn -0.03141838 -0.6765822 -0.7356965
vn -0.8903561 -0.1969111 -0.4104776
vn 0.1966473 -0.833744 -0.5159466
vn -0.8645378 0.3990625 -0.3054888
vn -0.8836519 0.389499 -0.259711
vn -0.8629091 0.3959217 -0.3140603
vn -0.8061872 0.5842478 -0.09336372
vn -0.8201469 0.530457 -0.2144164
vn -0.9250089 0.3267061 -0.193963
vn -0.9478021 0.3045628 -0.0944064
vn -0.9918991 -0.08039864 -0.09834677
vn -0.9970452 0.06790468 -0.03591463
vn -0.9891298 -0.1102434 -0.09730668
vn -0.9895512 -0.1153026 -0.08656664
g NPC_Nv_004_0
f 3/3/3 2/2/2 1/1/1
f 4/4/4 2/2/2 3/3/3
f 3/3/3 5/5/5 4/4/4
f 4/4/4 5/5/5 6/6/6
f 6/6/6 5/5/5 7/7/7
f 8/8/8 7/7/7 5/5/5
f 4/4/4 6/6/6 9/9/9
f 9/9/9 6/6/6 10/10/10
f 11/11/11 10/10/10 6/6/6
f 10/10/10 11/11/11 12/12/12
f 13/13/13 12/12/12 11/11/11
f 13/13/13 11/11/11 14/14/14
f 11/11/11 6/6/6 14/14/14
f 7/7/7 14/14/14 6/6/6
f 13/13/13 14/14/14 15/15/15
f 14/14/14 16/16/16 15/15/15
f 14/14/14 7/7/7 16/16/16
f 16/16/16 17/17/17 15/15/15
f 17/17/17 16/16/16 18/18/18
f 19/19/19 18/18/18 16/16/16
f 19/19/19 20/20/20 18/18/18
f 21/21/21 20/20/20 19/19/19
f 19/19/19 22/22/22 21/21/21
f 22/22/22 19/19/19 23/23/23
f 19/19/19 16/16/16 23/23/23
f 24/24/24 23/23/23 8/8/8
f 23/23/23 24/24/24 25/25/25
f 22/22/22 23/23/23 25/25/25
f 26/26/26 21/21/21 22/22/22
f 26/26/26 22/22/22 25/25/25
f 27/27/27 26/26/26 25/25/25
f 27/27/27 25/25/25 28/28/28
f 23/23/23 16/16/16 7/7/7
f 23/23/23 7/7/7 8/8/8
f 30/30/30 29/29/29 4/4/4
f 30/30/30 4/4/4 9/9/9
f 33/33/33 32/32/32 31/31/31
f 35/35/35 34/34/34 31/31/31
f 38/38/38 37/37/37 36/36/36
f 39/39/39 38/38/38 36/36/36
f 38/38/38 40/40/40 37/37/37
f 38/38/38 41/41/41 40/40/40
f 39/39/39 41/41/41 38/38/38
f 42/42/42 40/40/40 41/41/41
f 43/43/43 37/37/37 40/40/40
f 43/43/43 44/44/44 37/37/37
f 36/36/36 45/45/45 39/39/39
f 45/45/45 36/36/36 46/46/46
f 47/47/47 46/46/46 36/36/36
f 37/37/37 47/47/47 36/36/36
f 47/47/47 37/37/37 48/48/48
f 47/47/47 48/48/48 46/46/46
f 49/49/49 48/48/48 37/37/37
f 44/44/44 49/49/49 37/37/37
f 48/48/48 49/49/49 50/50/50
f 50/50/50 49/49/49 51/51/51
f 44/44/44 51/51/51 49/49/49
f 52/52/52 39/39/39 45/45/45
f 40/40/40 53/53/53 43/43/43
f 54/54/54 43/43/43 53/53/53
f 43/43/43 54/54/54 44/44/44
f 55/55/55 44/44/44 54/54/54
f 44/44/44 55/55/55 51/51/51
f 56/56/56 51/51/51 55/55/55
f 57/57/57 51/51/51 56/56/56
f 52/52/52 45/45/45 58/58/58
f 59/59/59 58/58/58 45/45/45
f 46/46/46 60/60/60 45/45/45
f 59/59/59 45/45/45 60/60/60
f 46/46/46 61/61/61 60/60/60
f 61/61/61 46/46/46 48/48/48
f 48/48/48 62/62/62 61/61/61
f 63/63/63 61/61/61 62/62/62
f 64/64/64 62/62/62 48/48/48
f 63/63/63 62/62/62 65/65/65
f 66/66/66 65/65/65 62/62/62
f 65/65/65 66/66/66 67/67/67
f 68/68/68 67/67/67 66/66/66
f 66/66/66 62/62/62 69/69/69
f 64/64/64 69/69/69 62/62/62
f 69/69/69 68/68/68 66/66/66
f 69/69/69 70/70/70 68/68/68
f 69/69/69 64/64/64 70/70/70
f 71/71/71 68/68/68 70/70/70
f 63/63/63 65/65/65 72/72/72
f 63/63/63 72/72/72 61/61/61
f 73/73/73 72/72/72 65/65/65
f 74/74/74 61/61/61 72/72/72
f 74/74/74 60/60/60 61/61/61
f 73/73/73 65/65/65 75/75/75
f 67/67/67 75/75/75 65/65/65
f 50/50/50 70/70/70 64/64/64
f 50/50/50 64/64/64 48/48/48
f 71/71/71 70/70/70 76/76/76
f 77/77/77 76/76/76 70/70/70
f 77/77/77 70/70/70 51/51/51
f 70/70/70 50/50/50 51/51/51
f 77/77/77 57/57/57 76/76/76
f 77/77/77 51/51/51 57/57/57
f 78/78/78 76/76/76 57/57/57
f 81/81/81 80/80/80 79/79/79
f 84/84/84 83/83/83 82/82/82
f 85/85/85 82/82/82 83/83/83
f 82/82/82 86/86/86 84/84/84
f 87/87/87 84/84/84 86/86/86
f 86/86/86 88/88/88 87/87/87
f 89/89/89 87/87/87 88/88/88
f 85/85/85 83/83/83 90/90/90
f 91/91/91 90/90/90 83/83/83
f 91/91/91 92/92/92 90/90/90
f 93/93/93 90/90/90 92/92/92
f 96/96/96 95/95/95 94/94/94
f 95/95/95 96/96/96 97/97/97
f 97/97/97 98/98/98 95/95/95
f 94/94/94 99/99/99 96/96/96
f 99/99/99 100/100/100 96/96/96
f 101/101/101 96/96/96 100/100/100
f 96/96/96 101/101/101 102/102/102
f 102/102/102 97/97/97 103/103/103
f 104/104/104 102/102/102 101/101/101
f 104/104/104 105/105/105 102/102/102
f 106/106/106 95/95/95 105/105/105
f 107/107/107 95/95/95 106/106/106
f 94/94/94 108/108/108 99/99/99
f 109/109/109 99/99/99 108/108/108
f 95/95/95 107/107/107 110/110/110
f 111/111/111 110/110/110 107/107/107
f 100/100/100 99/99/99 112/112/112
f 99/99/99 109/109/109 113/113/113
f 113/113/113 109/109/109 114/114/114
f 115/115/115 114/114/114 109/109/109
f 114/114/114 115/115/115 116/116/116
f 117/117/117 116/116/116 115/115/115
f 94/94/94 110/110/110 108/108/108
f 118/118/118 108/108/108 110/110/110
f 119/119/119 118/118/118 110/110/110
f 118/118/118 119/119/119 120/120/120
f 121/121/121 120/120/120 119/119/119
f 121/121/121 122/122/122 120/120/120
f 123/123/123 120/120/120 122/122/122
f 94/94/94 95/95/95 110/110/110
f 111/111/111 124/124/124 110/110/110
f 119/119/119 124/124/124 121/121/121
f 119/119/119 110/110/110 124/124/124
f 125/125/125 121/121/121 124/124/124
f 121/121/121 125/125/125 122/122/122
f 126/126/126 122/122/122 125/125/125
f 126/126/126 125/125/125 127/127/127
f 128/128/128 127/127/127 125/125/125
f 127/127/127 128/128/128 129/129/129
f 130/130/130 129/129/129 128/128/128
f 131/131/131 128/128/128 125/125/125
f 131/131/131 125/125/125 132/132/132
f 134/134/134 102/102/102 133/133/133
f 137/137/137 136/136/136 135/135/135
f 138/138/138 135/135/135 136/136/136
f 137/137/137 135/135/135 139/139/139
f 140/140/140 139/139/139 135/135/135
f 138/138/138 136/136/136 116/116/116
f 114/114/114 116/116/116 136/136/136
f 136/136/136 141/141/141 114/114/114
f 113/113/113 114/114/114 141/141/141
f 113/113/113 141/141/141 99/99/99
f 112/112/112 99/99/99 141/141/141
f 144/144/144 143/143/143 142/142/142
f 145/145/145 142/142/142 143/143/143
f 143/143/143 146/146/146 145/145/145
f 147/147/147 145/145/145 146/146/146
f 42/42/42 148/148/148 40/40/40
f 53/53/53 40/40/40 148/148/148
f 151/151/151 150/150/150 149/149/149
f 150/150/150 152/152/152 149/149/149
f 149/149/149 152/152/152 153/153/153
f 152/152/152 154/154/154 153/153/153
f 153/153/153 155/155/155 149/149/149
f 156/156/156 155/155/155 153/153/153
f 155/155/155 156/156/156 157/157/157
f 155/155/155 158/158/158 149/149/149
f 151/151/151 149/149/149 158/158/158
f 151/151/151 158/158/158 159/159/159
f 160/160/160 155/155/155 157/157/157
f 158/158/158 155/155/155 160/160/160
f 161/161/161 158/158/158 160/160/160
f 161/161/161 162/162/162 158/158/158
f 159/159/159 158/158/158 162/162/162
f 159/159/159 162/162/162 163/163/163
f 162/162/162 164/164/164 163/163/163
f 162/162/162 165/165/165 164/164/164
f 166/166/166 164/164/164 165/165/165
f 162/162/162 167/167/167 165/165/165
f 161/161/161 167/167/167 162/162/162
f 167/167/167 168/168/168 165/165/165
f 168/168/168 166/166/166 165/165/165
f 167/167/167 161/161/161 169/169/169
f 167/167/167 169/169/169 170/170/170
f 168/168/168 167/167/167 170/170/170
f 161/161/161 171/171/171 169/169/169
f 157/157/157 171/171/171 160/160/160
f 160/160/160 171/171/171 161/161/161
f 157/157/157 172/172/172 171/171/171
f 171/171/171 172/172/172 173/173/173
f 169/169/169 173/173/173 170/170/170
f 171/171/171 173/173/173 169/169/169
f 170/170/170 173/173/173 174/174/174
f 173/173/173 175/175/175 174/174/174
f 172/172/172 175/175/175 173/173/173
f 174/174/174 175/175/175 176/176/176
f 177/177/177 170/170/170 174/174/174
f 170/170/170 177/177/177 168/168/168
f 168/168/168 177/177/177 178/178/178
f 168/168/168 178/178/178 166/166/166
f 178/178/178 179/179/179 166/166/166
f 179/179/179 180/180/180 166/166/166
f 180/180/180 179/179/179 181/181/181
f 182/182/182 181/181/181 179/179/179
f 178/178/178 182/182/182 179/179/179
f 183/183/183 178/178/178 177/177/177
f 183/183/183 177/177/177 174/174/174
f 176/176/176 183/183/183 174/174/174
f 182/182/182 178/178/178 183/183/183
f 184/184/184 183/183/183 176/176/176
f 182/182/182 183/183/183 184/184/184
f 185/185/185 184/184/184 176/176/176
f 186/186/186 176/176/176 175/175/175
f 185/185/185 187/187/187 184/184/184
f 182/182/182 184/184/184 187/187/187
f 185/185/185 188/188/188 187/187/187
f 188/188/188 189/189/189 187/187/187
f 187/187/187 189/189/189 190/190/190
f 191/191/191 190/190/190 189/189/189
f 192/192/192 187/187/187 190/190/190
f 182/182/182 192/192/192 181/181/181
f 182/182/182 187/187/187 192/192/192
f 191/191/191 189/189/189 193/193/193
f 194/194/194 193/193/193 189/189/189
f 194/194/194 189/189/189 195/195/195
f 196/196/196 194/194/194 195/195/195
f 196/196/196 197/197/197 194/194/194
f 198/198/198 194/194/194 197/197/197
f 196/196/196 195/195/195 199/199/199
f 200/200/200 195/195/195 189/189/189
f 201/201/201 189/189/189 188/188/188
f 200/200/200 189/189/189 201/201/201
f 201/201/201 188/188/188 202/202/202
f 202/202/202 188/188/188 185/185/185
f 203/203/203 202/202/202 185/185/185
f 202/202/202 203/203/203 204/204/204
f 204/204/204 203/203/203 205/205/205
f 205/205/205 203/203/203 206/206/206
f 207/207/207 206/206/206 203/203/203
f 207/207/207 203/203/203 185/185/185
f 208/208/208 202/202/202 204/204/204
f 208/208/208 201/201/201 202/202/202
f 176/176/176 206/206/206 207/207/207
f 207/207/207 185/185/185 176/176/176
f 186/186/186 206/206/206 176/176/176
f 198/198/198 197/197/197 209/209/209
f 210/210/210 209/209/209 197/197/197
f 209/209/209 210/210/210 211/211/211
f 211/211/211 210/210/210 212/212/212
f 209/209/209 211/211/211 213/213/213
f 209/209/209 213/213/213 214/214/214
f 215/215/215 214/214/214 213/213/213
f 215/215/215 213/213/213 216/216/216
f 217/217/217 216/216/216 213/213/213
f 213/213/213 218/218/218 217/217/217
f 217/217/217 219/219/219 216/216/216
f 218/218/218 220/220/220 217/217/217
f 220/220/220 221/221/221 217/217/217
f 221/221/221 220/220/220 222/222/222
f 223/223/223 221/221/221 222/222/222
f 224/224/224 217/217/217 221/221/221
f 223/223/223 224/224/224 221/221/221
f 217/217/217 224/224/224 219/219/219
f 223/223/223 222/222/222 225/225/225
f 226/226/226 225/225/225 222/222/222
f 226/226/226 227/227/227 225/225/225
f 228/228/228 223/223/223 225/225/225
f 229/229/229 223/223/223 228/228/228
f 229/229/229 224/224/224 223/223/223
f 224/224/224 229/229/229 230/230/230
f 231/231/231 224/224/224 230/230/230
f 219/219/219 224/224/224 231/231/231
f 230/230/230 232/232/232 231/231/231
f 230/230/230 229/229/229 233/233/233
f 230/230/230 233/233/233 232/232/232
f 234/234/234 232/232/232 233/233/233
f 228/228/228 235/235/235 229/229/229
f 229/229/229 235/235/235 233/233/233
f 236/236/236 228/228/228 225/225/225
f 227/227/227 236/236/236 225/225/225
f 228/228/228 236/236/236 235/235/235
f 222/222/222 237/237/237 226/226/226
f 227/227/227 238/238/238 236/236/236
f 238/238/238 239/239/239 236/236/236
f 239/239/239 235/235/235 236/236/236
f 235/235/235 239/239/239 240/240/240
f 233/233/233 235/235/235 240/240/240
f 241/241/241 233/233/233 240/240/240
f 241/241/241 234/234/234 233/233/233
f 240/240/240 242/242/242 241/241/241
f 239/239/239 242/242/242 240/240/240
f 241/241/241 242/242/242 243/243/243
f 242/242/242 244/244/244 243/243/243
f 245/245/245 239/239/239 238/238/238
f 239/239/239 245/245/245 242/242/242
f 242/242/242 245/245/245 246/246/246
f 246/246/246 244/244/244 242/242/242
f 246/246/246 245/245/245 247/247/247
f 248/248/248 245/245/245 238/238/238
f 248/248/248 247/247/247 245/245/245
f 248/248/248 249/249/249 247/247/247
f 250/250/250 249/249/249 248/248/248
f 250/250/250 248/248/248 227/227/227
f 227/227/227 248/248/248 238/238/238
f 249/249/249 250/250/250 251/251/251
f 251/251/251 250/250/250 252/252/252
f 226/226/226 252/252/252 250/250/250
f 226/226/226 250/250/250 227/227/227
f 246/246/246 253/253/253 244/244/244
f 252/252/252 226/226/226 237/237/237
f 254/254/254 247/247/247 249/249/249
f 254/254/254 246/246/246 247/247/247
f 255/255/255 254/254/254 249/249/249
f 254/254/254 255/255/255 256/256/256
f 246/246/246 254/254/254 257/257/257
f 254/254/254 256/256/256 257/257/257
f 257/257/257 253/253/253 246/246/246
f 258/258/258 253/253/253 257/257/257
f 259/259/259 257/257/257 256/256/256
f 259/259/259 258/258/258 257/257/257
f 260/260/260 259/259/259 256/256/256
f 261/261/261 237/237/237 222/222/222
f 261/261/261 222/222/222 262/262/262
f 262/262/262 263/263/263 261/261/261
f 264/264/264 261/261/261 263/263/263
f 263/263/263 265/265/265 264/264/264
f 263/263/263 266/266/266 265/265/265
f 266/266/266 263/263/263 220/220/220
f 263/263/263 262/262/262 220/220/220
f 220/220/220 262/262/262 222/222/222
f 266/266/266 267/267/267 265/265/265
f 218/218/218 266/266/266 220/220/220
f 218/218/218 268/268/268 266/266/266
f 268/268/268 267/267/267 266/266/266
f 213/213/213 268/268/268 218/218/218
f 213/213/213 269/269/269 268/268/268
f 269/269/269 213/213/213 211/211/211
f 272/272/272 271/271/271 270/270/270
f 272/272/272 270/270/270 273/273/273
f 273/273/273 274/274/274 272/272/272
f 273/273/273 270/270/270 275/275/275
f 270/270/270 276/276/276 275/275/275
f 275/275/275 276/276/276 277/277/277
f 278/278/278 277/277/277 276/276/276
f 273/273/273 275/275/275 279/279/279
f 273/273/273 279/279/279 274/274/274
f 280/280/280 279/279/279 275/275/275
f 277/277/277 280/280/280 275/275/275
f 274/274/274 279/279/279 281/281/281
f 281/281/281 279/279/279 282/282/282
f 279/279/279 280/280/280 282/282/282
f 283/283/283 274/274/274 281/281/281
f 281/281/281 282/282/282 284/284/284
f 282/282/282 285/285/285 284/284/284
f 284/284/284 286/286/286 281/281/281
f 283/283/283 281/281/281 286/286/286
f 284/284/284 285/285/285 287/287/287
f 288/288/288 287/287/287 285/285/285
f 287/287/287 288/288/288 289/289/289
f 290/290/290 289/289/289 288/288/288
f 291/291/291 289/289/289 290/290/290
f 291/291/291 290/290/290 292/292/292
f 292/292/292 293/293/293 291/291/291
f 294/294/294 291/291/291 293/293/293
f 295/295/295 289/289/289 291/291/291
f 291/291/291 294/294/294 295/295/295
f 287/287/287 289/289/289 296/296/296
f 296/296/296 289/289/289 295/295/295
f 287/287/287 296/296/296 297/297/297
f 298/298/298 295/295/295 294/294/294
f 294/294/294 299/299/299 298/298/298
f 293/293/293 300/300/300 294/294/294
f 300/300/300 299/299/299 294/294/294
f 299/299/299 300/300/300 301/301/301
f 302/302/302 299/299/299 301/301/301
f 297/297/297 303/303/303 287/287/287
f 297/297/297 304/304/304 303/303/303
f 305/305/305 303/303/303 304/304/304
f 304/304/304 297/297/297 306/306/306
f 296/296/296 306/306/306 297/297/297
f 307/307/307 306/306/306 296/296/296
f 304/304/304 306/306/306 307/307/307
f 296/296/296 308/308/308 307/307/307
f 296/296/296 295/295/295 308/308/308
f 305/305/305 309/309/309 303/303/303
f 303/303/303 309/309/309 310/310/310
f 286/286/286 303/303/303 310/310/310
f 286/286/286 284/284/284 303/303/303
f 284/284/284 287/287/287 303/303/303
f 313/313/313 312/312/312 311/311/311
f 312/312/312 315/315/315 314/314/314
f 315/315/315 316/316/316 314/314/314
f 317/317/317 314/314/314 316/316/316
f 318/318/318 314/314/314 317/317/317
f 315/315/315 319/319/319 316/316/316
f 315/315/315 320/320/320 319/319/319
f 321/321/321 319/319/319 320/320/320
f 318/318/318 322/322/322 314/314/314
f 321/321/321 320/320/320 323/323/323
f 321/321/321 323/323/323 324/324/324
f 323/323/323 325/325/325 324/324/324
f 326/326/326 322/322/322 318/318/318
f 322/322/322 326/326/326 327/327/327
f 322/322/322 327/327/327 328/328/328
f 328/328/328 327/327/327 329/329/329
f 328/328/328 329/329/329 330/330/330
f 330/330/330 331/331/331 328/328/328
f 332/332/332 331/331/331 330/330/330
f 331/331/331 332/332/332 333/333/333
f 334/334/334 333/333/333 332/332/332
f 333/333/333 334/334/334 335/335/335
f 335/335/335 334/334/334 336/336/336
f 337/337/337 335/335/335 336/336/336
f 331/331/331 338/338/338 328/328/328
f 339/339/339 166/166/166 180/180/180
f 339/339/339 164/164/164 166/166/166
f 342/342/342 341/341/341 340/340/340
f 343/343/343 340/340/340 341/341/341
f 340/340/340 343/343/343 344/344/344
f 345/345/345 344/344/344 343/343/343
f 344/344/344 345/345/345 346/346/346
f 347/347/347 346/346/346 345/345/345
f 346/346/346 347/347/347 348/348/348
f 349/349/349 348/348/348 347/347/347
f 348/348/348 349/349/349 350/350/350
f 351/351/351 350/350/350 349/349/349
f 347/347/347 345/345/345 352/352/352
f 353/353/353 352/352/352 345/345/345
f 354/354/354 349/349/349 352/352/352
f 349/349/349 354/354/354 351/351/351
f 352/352/352 355/355/355 354/354/354
f 347/347/347 356/356/356 349/349/349
f 353/353/353 357/357/357 352/352/352
f 358/358/358 351/351/351 354/354/354
f 354/354/354 359/359/359 358/358/358
f 359/359/359 354/354/354 360/360/360
f 361/361/361 358/358/358 359/359/359
f 359/359/359 362/362/362 361/361/361
f 363/363/363 361/361/361 362/362/362
f 362/362/362 364/364/364 363/363/363
f 364/364/364 362/362/362 365/365/365
f 366/366/366 365/365/365 362/362/362
f 360/360/360 366/366/366 359/359/359
f 362/362/362 359/359/359 366/366/366
f 365/365/365 366/366/366 367/367/367
f 368/368/368 367/367/367 366/366/366
f 353/353/353 368/368/368 357/357/357
f 366/366/366 355/355/355 368/368/368
f 369/369/369 363/363/363 364/364/364
f 371/371/371 370/370/370 368/368/368
f 372/372/372 370/370/370 371/371/371
f 372/372/372 371/371/371 373/373/373
f 374/374/374 373/373/373 371/371/371
f 371/371/371 368/368/368 374/374/374
f 375/375/375 373/373/373 374/374/374
f 374/374/374 343/343/343 375/375/375
f 343/343/343 374/374/374 345/345/345
f 353/353/353 345/345/345 374/374/374
f 353/353/353 374/374/374 368/368/368
f 341/341/341 375/375/375 343/343/343
f 377/377/377 376/376/376 370/370/370
f 380/380/380 379/379/379 378/378/378
f 379/379/379 380/380/380 381/381/381
f 382/382/382 381/381/381 380/380/380
f 383/383/383 381/381/381 382/382/382
f 382/382/382 384/384/384 383/383/383
f 383/383/383 385/385/385 381/381/381
f 387/387/387 378/378/378 386/386/386
f 390/390/390 389/389/389 388/388/388
f 391/391/391 388/388/388 389/389/389
f 392/392/392 391/391/391 389/389/389
f 389/389/389 390/390/390 393/393/393
f 396/396/396 395/395/395 394/394/394
f 398/398/398 397/397/397 395/395/395
f 398/398/398 395/395/395 399/399/399
f 400/400/400 399/399/399 395/395/395
f 400/400/400 401/401/401 399/399/399
f 402/402/402 399/399/399 401/401/401
f 394/394/394 398/398/398 403/403/403
f 403/403/403 404/404/404 394/394/394
f 405/405/405 403/403/403 398/398/398
f 406/406/406 403/403/403 405/405/405
f 407/407/407 403/403/403 406/406/406
f 399/399/399 408/408/408 398/398/398
f 406/406/406 409/409/409 407/407/407
f 410/410/410 409/409/409 406/406/406
f 410/410/410 411/411/411 409/409/409
f 412/412/412 409/409/409 411/411/411
f 414/414/414 413/413/413 399/399/399
f 415/415/415 399/399/399 413/413/413
f 415/415/415 416/416/416 399/399/399
f 419/419/419 418/418/418 417/417/417
f 420/420/420 417/417/417 418/418/418
f 417/417/417 421/421/421 419/419/419
f 422/422/422 419/419/419 421/421/421
f 418/418/418 394/394/394 420/420/420
f 423/423/423 394/394/394 418/418/418
f 424/424/424 423/423/423 418/418/418
f 418/418/418 425/425/425 424/424/424
f 426/426/426 424/424/424 425/425/425
f 424/424/424 426/426/426 427/427/427
f 424/424/424 427/427/427 423/423/423
f 428/428/428 427/427/427 426/426/426
f 427/427/427 429/429/429 423/423/423
f 428/428/428 426/426/426 430/430/430
f 426/426/426 431/431/431 430/430/430
f 426/426/426 432/432/432 431/431/431
f 425/425/425 432/432/432 426/426/426
f 422/422/422 421/421/421 433/433/433
f 436/436/436 435/435/435 434/434/434
f 435/435/435 436/436/436 437/437/437
f 437/437/437 436/436/436 438/438/438
f 437/437/437 438/438/438 439/439/439
f 441/441/441 440/440/440 435/435/435
f 443/443/443 442/442/442 435/435/435
f 442/442/442 437/437/437 444/444/444
f 444/444/444 445/445/445 442/442/442
f 442/442/442 445/445/445 446/446/446
f 447/447/447 446/446/446 445/445/445
f 444/444/444 437/437/437 448/448/448
f 444/444/444 448/448/448 449/449/449
f 444/444/444 449/449/449 450/450/450
f 450/450/450 447/447/447 445/445/445
f 444/444/444 450/450/450 445/445/445
f 451/451/451 450/450/450 449/449/449
f 450/450/450 451/451/451 452/452/452
f 453/453/453 450/450/450 452/452/452
f 454/454/454 450/450/450 453/453/453
f 455/455/455 447/447/447 450/450/450
f 456/456/456 447/447/447 455/455/455
f 458/458/458 441/441/441 457/457/457
f 461/461/461 460/460/460 459/459/459
f 464/464/464 463/463/463 462/462/462
f 464/464/464 465/465/465 463/463/463
f 465/465/465 342/342/342 463/463/463
f 340/340/340 463/463/463 342/342/342
f 463/463/463 340/340/340 466/466/466
f 344/344/344 466/466/466 340/340/340
f 466/466/466 344/344/344 467/467/467
f 346/346/346 467/467/467 344/344/344
f 467/467/467 346/346/346 468/468/468
f 468/468/468 469/469/469 467/467/467
f 466/466/466 467/467/467 470/470/470
f 471/471/471 470/470/470 467/467/467
f 467/467/467 469/469/469 471/471/471
f 463/463/463 472/472/472 462/462/462
f 470/470/470 472/472/472 466/466/466
f 466/466/466 472/472/472 463/463/463
f 348/348/348 473/473/473 346/346/346
f 473/473/473 474/474/474 469/469/469
f 476/476/476 475/475/475 474/474/474
f 476/476/476 348/348/348 475/475/475
f 475/475/475 477/477/477 474/474/474
f 350/350/350 475/475/475 348/348/348
f 479/479/479 478/478/478 172/172/172
f 175/175/175 172/172/172 478/478/478
f 172/172/172 157/157/157 479/479/479
f 175/175/175 478/478/478 186/186/186
f 482/482/482 481/481/481 480/480/480
f 483/483/483 480/480/480 481/481/481
f 481/481/481 484/484/484 483/483/483
f 484/484/484 485/485/485 483/483/483
f 485/485/485 484/484/484 486/486/486
f 484/484/484 487/487/487 486/486/486
f 486/486/486 487/487/487 488/488/488
f 489/489/489 488/488/488 487/487/487
f 486/486/486 488/488/488 490/490/490
f 491/491/491 490/490/490 488/488/488
f 492/492/492 489/489/489 487/487/487
f 492/492/492 487/487/487 484/484/484
f 484/484/484 481/481/481 492/492/492
f 481/481/481 482/482/482 492/492/492
f 492/492/492 482/482/482 493/493/493
f 482/482/482 494/494/494 493/493/493
f 494/494/494 495/495/495 493/493/493
f 494/494/494 496/496/496 495/495/495
f 497/497/497 496/496/496 494/494/494
f 498/498/498 497/497/497 494/494/494
f 498/498/498 494/494/494 499/499/499
f 498/498/498 499/499/499 500/500/500
f 497/497/497 498/498/498 500/500/500
f 501/501/501 499/499/499 494/494/494
f 500/500/500 502/502/502 497/497/497
f 502/502/502 500/500/500 503/503/503
f 502/502/502 503/503/503 504/504/504
f 503/503/503 505/505/505 504/504/504
f 504/504/504 505/505/505 506/506/506
f 507/507/507 504/504/504 506/506/506
f 507/507/507 506/506/506 508/508/508
f 508/508/508 509/509/509 507/507/507
f 510/510/510 507/507/507 509/509/509
f 511/511/511 507/507/507 510/510/510
f 512/512/512 506/506/506 505/505/505
f 513/513/513 504/504/504 507/507/507
f 504/504/504 513/513/513 502/502/502
f 513/513/513 507/507/507 514/514/514
f 511/511/511 514/514/514 507/507/507
f 514/514/514 511/511/511 515/515/515
f 511/511/511 510/510/510 516/516/516
f 511/511/511 516/516/516 515/515/515
f 517/517/517 516/516/516 510/510/510
f 517/517/517 518/518/518 516/516/516
f 516/516/516 518/518/518 515/515/515
f 510/510/510 519/519/519 517/517/517
f 519/519/519 510/510/510 520/520/520
f 509/509/509 520/520/520 510/510/510
f 517/517/517 519/519/519 521/521/521
f 518/518/518 517/517/517 521/521/521
f 514/514/514 515/515/515 522/522/522
f 522/522/522 515/515/515 523/523/523
f 513/513/513 514/514/514 524/524/524
f 524/524/524 502/502/502 513/513/513
f 497/497/497 502/502/502 524/524/524
f 524/524/524 525/525/525 497/497/497
f 525/525/525 524/524/524 514/514/514
f 496/496/496 497/497/497 525/525/525
f 525/525/525 514/514/514 526/526/526
f 522/522/522 526/526/526 514/514/514
f 526/526/526 496/496/496 525/525/525
f 526/526/526 522/522/522 527/527/527
f 523/523/523 527/527/527 522/522/522
f 527/527/527 495/495/495 526/526/526
f 496/496/496 526/526/526 495/495/495
f 518/518/518 495/495/495 527/527/527
f 518/518/518 527/527/527 528/528/528
f 523/523/523 528/528/528 527/527/527
f 523/523/523 515/515/515 528/528/528
f 528/528/528 515/515/515 518/518/518
f 521/521/521 529/529/529 518/518/518
f 529/529/529 521/521/521 530/530/530
f 529/529/529 495/495/495 518/518/518
f 529/529/529 493/493/493 495/495/495
f 493/493/493 529/529/529 530/530/530
f 493/493/493 530/530/530 531/531/531
f 493/493/493 531/531/531 532/532/532
f 532/532/532 531/531/531 533/533/533
f 531/531/531 534/534/534 533/533/533
f 534/534/534 531/531/531 530/530/530
f 533/533/533 535/535/535 532/532/532
f 535/535/535 536/536/536 532/532/532
f 489/489/489 532/532/532 536/536/536
f 532/532/532 489/489/489 492/492/492
f 532/532/532 492/492/492 493/493/493
f 535/535/535 537/537/537 536/536/536
f 535/535/535 533/533/533 537/537/537
f 538/538/538 536/536/536 537/537/537
f 539/539/539 537/537/537 533/533/533
f 533/533/533 534/534/534 539/539/539
f 534/534/534 530/530/530 540/540/540
f 540/540/540 541/541/541 534/534/534
f 542/542/542 534/534/534 541/541/541
f 541/541/541 540/540/540 543/543/543
f 519/519/519 543/543/543 540/540/540
f 540/540/540 530/530/530 519/519/519
f 521/521/521 519/519/519 530/530/530
f 489/489/489 536/536/536 544/544/544
f 545/545/545 544/544/544 536/536/536
f 538/538/538 545/545/545 536/536/536
f 544/544/544 546/546/546 489/489/489
f 546/546/546 547/547/547 489/489/489
f 547/547/547 546/546/546 548/548/548
f 549/549/549 548/548/548 546/546/546
f 545/545/545 549/549/549 544/544/544
f 546/546/546 544/544/544 549/549/549
f 548/548/548 550/550/550 547/547/547
f 488/488/488 547/547/547 550/550/550
f 488/488/488 550/550/550 491/491/491
f 488/488/488 489/489/489 547/547/547
f 552/552/552 541/541/541 551/551/551
f 553/553/553 551/551/551 541/541/541
f 541/541/541 554/554/554 553/553/553
f 555/555/555 553/553/553 554/554/554
f 556/556/556 553/553/553 555/555/555
f 556/556/556 551/551/551 553/553/553
f 555/555/555 557/557/557 556/556/556
f 557/557/557 555/555/555 558/558/558
f 555/555/555 559/559/559 558/558/558
f 558/558/558 559/559/559 560/560/560
f 561/561/561 558/558/558 560/560/560
f 558/558/558 561/561/561 557/557/557
f 562/562/562 560/560/560 559/559/559
f 563/563/563 562/562/562 559/559/559
f 559/559/559 564/564/564 563/563/563
f 565/565/565 563/563/563 564/564/564
f 566/566/566 563/563/563 565/565/565
f 567/567/567 563/563/563 566/566/566
f 567/567/567 566/566/566 568/568/568
f 568/568/568 569/569/569 567/567/567
f 569/569/569 570/570/570 567/567/567
f 571/571/571 570/570/570 569/569/569
f 570/570/570 571/571/571 572/572/572
f 573/573/573 572/572/572 571/571/571
f 572/572/572 573/573/573 574/574/574
f 575/575/575 573/573/573 571/571/571
f 573/573/573 575/575/575 574/574/574
f 576/576/576 574/574/574 575/575/575
f 577/577/577 568/568/568 566/566/566
f 567/567/567 578/578/578 563/563/563
f 567/567/567 570/570/570 578/578/578
f 578/578/578 579/579/579 563/563/563
f 580/580/580 578/578/578 570/570/570
f 570/570/570 572/572/572 580/580/580
f 578/578/578 580/580/580 579/579/579
f 581/581/581 572/572/572 574/574/574
f 580/580/580 572/572/572 582/582/582
f 581/581/581 582/582/582 572/572/572
f 582/582/582 579/579/579 580/580/580
f 582/582/582 583/583/583 579/579/579
f 581/581/581 583/583/583 582/582/582
f 584/584/584 579/579/579 583/583/583
f 585/585/585 579/579/579 584/584/584
f 585/585/585 584/584/584 586/586/586
f 583/583/583 586/586/586 584/584/584
f 581/581/581 587/587/587 583/583/583
f 586/586/586 583/583/583 587/587/587
f 581/581/581 574/574/574 587/587/587
f 587/587/587 588/588/588 586/586/586
f 585/585/585 586/586/586 588/588/588
f 588/588/588 561/561/561 585/585/585
f 560/560/560 585/585/585 561/561/561
f 560/560/560 562/562/562 585/585/585
f 562/562/562 579/579/579 585/585/585
f 562/562/562 563/563/563 579/579/579
f 589/589/589 588/588/588 587/587/587
f 590/590/590 588/588/588 589/589/589
f 588/588/588 590/590/590 561/561/561
f 589/589/589 557/557/557 590/590/590
f 557/557/557 561/561/561 590/590/590
f 557/557/557 589/589/589 556/556/556
f 589/589/589 587/587/587 591/591/591
f 589/589/589 591/591/591 556/556/556
f 574/574/574 591/591/591 587/587/587
f 574/574/574 592/592/592 591/591/591
f 592/592/592 593/593/593 591/591/591
f 593/593/593 594/594/594 591/591/591
f 595/595/595 594/594/594 593/593/593
f 595/595/595 593/593/593 596/596/596
f 595/595/595 596/596/596 597/597/597
f 598/598/598 597/597/597 596/596/596
f 599/599/599 598/598/598 596/596/596
f 596/596/596 593/593/593 599/599/599
f 599/599/599 600/600/600 598/598/598
f 600/600/600 599/599/599 601/601/601
f 598/598/598 602/602/602 597/597/597
f 603/603/603 597/597/597 602/602/602
f 595/595/595 604/604/604 594/594/594
f 605/605/605 594/594/594 604/604/604
f 605/605/605 604/604/604 606/606/606
f 607/607/607 606/606/606 604/604/604
f 605/605/605 608/608/608 594/594/594
f 605/605/605 606/606/606 608/608/608
f 609/609/609 608/608/608 606/606/606
f 610/610/610 594/594/594 608/608/608
f 551/551/551 610/610/610 608/608/608
f 608/608/608 609/609/609 551/551/551
f 551/551/551 556/556/556 610/610/610
f 611/611/611 597/597/597 603/603/603
f 600/600/600 612/612/612 598/598/598
f 602/602/602 598/598/598 612/612/612
f 613/613/613 551/551/551 609/609/609
f 613/613/613 614/614/614 551/551/551
f 615/615/615 607/607/607 604/604/604
f 616/616/616 615/615/615 604/604/604
f 604/604/604 595/595/595 616/616/616
f 617/617/617 616/616/616 595/595/595
f 618/618/618 617/617/617 595/595/595
f 618/618/618 619/619/619 617/617/617
f 619/619/619 618/618/618 611/611/611
f 620/620/620 617/617/617 619/619/619
f 617/617/617 620/620/620 616/616/616
f 615/615/615 616/616/616 620/620/620
f 597/597/597 611/611/611 618/618/618
f 595/595/595 597/597/597 618/618/618
f 556/556/556 591/591/591 610/610/610
f 610/610/610 591/591/591 594/594/594
f 623/623/623 622/622/622 621/621/621
f 621/621/621 622/622/622 624/624/624
f 622/622/622 625/625/625 624/624/624
f 623/623/623 626/626/626 622/622/622
f 626/626/626 625/625/625 622/622/622
f 626/626/626 627/627/627 625/625/625
f 623/623/623 628/628/628 626/626/626
f 630/630/630 629/629/629 534/534/534
f 629/629/629 539/539/539 534/534/534
f 490/490/490 631/631/631 486/486/486
f 485/485/485 486/486/486 631/631/631
f 501/501/501 482/482/482 480/480/480
f 494/494/494 482/482/482 501/501/501
f 634/634/634 633/633/633 632/632/632
f 634/634/634 632/632/632 635/635/635
f 636/636/636 632/632/632 633/633/633
f 636/636/636 635/635/635 632/632/632
f 637/637/637 633/633/633 634/634/634
f 633/633/633 637/637/637 638/638/638
f 638/638/638 637/637/637 639/639/639
f 639/639/639 640/640/640 638/638/638
f 641/641/641 633/633/633 638/638/638
f 641/641/641 642/642/642 633/633/633
f 643/643/643 633/633/633 642/642/642
f 643/643/643 644/644/644 633/633/633
f 644/644/644 636/636/636 633/633/633
f 647/647/647 646/646/646 645/645/645
f 648/648/648 645/645/645 646/646/646
f 646/646/646 649/649/649 648/648/648
f 650/650/650 648/648/648 649/649/649
f 649/649/649 651/651/651 650/650/650
f 652/652/652 650/650/650 651/651/651
f 655/655/655 654/654/654 653/653/653
f 658/658/658 657/657/657 656/656/656
f 658/658/658 659/659/659 657/657/657
f 660/660/660 657/657/657 659/659/659
f 660/660/660 659/659/659 661/661/661
f 661/661/661 662/662/662 660/660/660
f 663/663/663 660/660/660 662/662/662
f 661/661/661 659/659/659 664/664/664
f 664/664/664 665/665/665 661/661/661
f 666/666/666 661/661/661 665/665/665
f 665/665/665 667/667/667 666/666/666
f 668/668/668 666/666/666 667/667/667
f 666/666/666 668/668/668 669/669/669
f 662/662/662 661/661/661 669/669/669
f 666/666/666 669/669/669 661/661/661
f 669/669/669 668/668/668 670/670/670
f 671/671/671 669/669/669 670/670/670
f 669/669/669 671/671/671 662/662/662
f 672/672/672 671/671/671 670/670/670
f 672/672/672 673/673/673 671/671/671
f 674/674/674 671/671/671 673/673/673
f 675/675/675 674/674/674 673/673/673
f 675/675/675 676/676/676 674/674/674
f 674/674/674 676/676/676 677/677/677
f 674/674/674 677/677/677 678/678/678
f 671/671/671 674/674/674 678/678/678
f 678/678/678 679/679/679 663/663/663
f 679/679/679 678/678/678 680/680/680
f 678/678/678 677/677/677 680/680/680
f 681/681/681 677/677/677 676/676/676
f 677/677/677 681/681/681 680/680/680
f 681/681/681 682/682/682 680/680/680
f 680/680/680 682/682/682 683/683/683
f 678/678/678 662/662/662 671/671/671
f 662/662/662 678/678/678 663/663/663
f 685/685/685 684/684/684 659/659/659
f 659/659/659 684/684/684 664/664/664
f 688/688/688 687/687/687 686/686/686
f 687/687/687 689/689/689 686/686/686
f 687/687/687 688/688/688 690/690/690
f 687/687/687 690/690/690 691/691/691
f 691/691/691 689/689/689 687/687/687
f 692/692/692 691/691/691 690/690/690
f 693/693/693 690/690/690 688/688/688
f 694/694/694 693/693/693 688/688/688
f 686/686/686 689/689/689 695/695/695
f 695/695/695 696/696/696 686/686/686
f 697/697/697 686/686/686 696/696/696
f 697/697/697 688/688/688 686/686/686
f 697/697/697 698/698/698 688/688/688
f 697/697/697 696/696/696 698/698/698
f 699/699/699 688/688/688 698/698/698
f 699/699/699 694/694/694 688/688/688
f 699/699/699 698/698/698 700/700/700
f 699/699/699 700/700/700 701/701/701
f 701/701/701 694/694/694 699/699/699
f 702/702/702 695/695/695 689/689/689
f 690/690/690 693/693/693 703/703/703
f 704/704/704 703/703/703 693/693/693
f 693/693/693 694/694/694 704/704/704
f 705/705/705 704/704/704 694/694/694
f 694/694/694 701/701/701 705/705/705
f 706/706/706 705/705/705 701/701/701
f 701/701/701 707/707/707 706/706/706
f 702/702/702 708/708/708 695/695/695
f 709/709/709 695/695/695 708/708/708
f 709/709/709 710/710/710 695/695/695
f 696/696/696 695/695/695 710/710/710
f 696/696/696 710/710/710 711/711/711
f 711/711/711 698/698/698 696/696/696
f 698/698/698 711/711/711 712/712/712
f 713/713/713 712/712/712 711/711/711
f 712/712/712 714/714/714 698/698/698
f 713/713/713 715/715/715 712/712/712
f 716/716/716 712/712/712 715/715/715
f 715/715/715 717/717/717 716/716/716
f 718/718/718 716/716/716 717/717/717
f 714/714/714 712/712/712 719/719/719
f 716/716/716 719/719/719 712/712/712
f 718/718/718 719/719/719 716/716/716
f 719/719/719 718/718/718 720/720/720
f 719/719/719 720/720/720 714/714/714
f 721/721/721 720/720/720 718/718/718
f 713/713/713 722/722/722 715/715/715
f 713/713/713 711/711/711 722/722/722
f 723/723/723 715/715/715 722/722/722
f 724/724/724 722/722/722 711/711/711
f 724/724/724 711/711/711 710/710/710
f 717/717/717 715/715/715 725/725/725
f 723/723/723 725/725/725 715/715/715
f 700/700/700 714/714/714 720/720/720
f 714/714/714 700/700/700 698/698/698
f 721/721/721 726/726/726 720/720/720
f 727/727/727 720/720/720 726/726/726
f 720/720/720 727/727/727 701/701/701
f 700/700/700 720/720/720 701/701/701
f 727/727/727 726/726/726 707/707/707
f 701/701/701 727/727/727 707/707/707
f 728/728/728 707/707/707 726/726/726
f 731/731/731 730/730/730 729/729/729
f 734/734/734 733/733/733 732/732/732
f 735/735/735 732/732/732 733/733/733
f 732/732/732 735/735/735 736/736/736
f 737/737/737 736/736/736 735/735/735
f 736/736/736 737/737/737 738/738/738
f 739/739/739 738/738/738 737/737/737
f 734/734/734 740/740/740 733/733/733
f 741/741/741 733/733/733 740/740/740
f 741/741/741 740/740/740 742/742/742
f 743/743/743 742/742/742 740/740/740
f 746/746/746 745/745/745 744/744/744
f 746/746/746 747/747/747 745/745/745
f 747/747/747 746/746/746 748/748/748
f 749/749/749 744/744/744 745/745/745
f 749/749/749 745/745/745 750/750/750
f 751/751/751 750/750/750 745/745/745
f 745/745/745 752/752/752 751/751/751
f 752/752/752 753/753/753 747/747/747
f 754/754/754 751/751/751 752/752/752
f 754/754/754 752/752/752 755/755/755
f 756/756/756 755/755/755 746/746/746
f 746/746/746 757/757/757 756/756/756
f 744/744/744 749/749/749 758/758/758
f 759/759/759 758/758/758 749/749/749
f 746/746/746 760/760/760 757/757/757
f 761/761/761 757/757/757 760/760/760
f 749/749/749 750/750/750 762/762/762
f 759/759/759 749/749/749 763/763/763
f 763/763/763 764/764/764 759/759/759
f 765/765/765 759/759/759 764/764/764
f 764/764/764 766/766/766 765/765/765
f 767/767/767 765/765/765 766/766/766
f 768/768/768 760/760/760 758/758/758
f 768/768/768 769/769/769 760/760/760
f 768/768/768 770/770/770 769/769/769
f 771/771/771 769/769/769 770/770/770
f 771/771/771 770/770/770 772/772/772
f 773/773/773 772/772/772 770/770/770
f 744/744/744 758/758/758 760/760/760
f 746/746/746 744/744/744 760/760/760
f 769/769/769 774/774/774 760/760/760
f 769/769/769 771/771/771 774/774/774
f 761/761/761 760/760/760 774/774/774
f 775/775/775 774/774/774 771/771/771
f 771/771/771 772/772/772 775/775/775
f 776/776/776 775/775/775 772/772/772
f 776/776/776 777/777/777 775/775/775
f 778/778/778 775/775/775 777/777/777
f 777/777/777 779/779/779 778/778/778
f 780/780/780 778/778/778 779/779/779
f 778/778/778 781/781/781 775/775/775
f 775/775/775 781/781/781 782/782/782
f 784/784/784 783/783/783 752/752/752
f 787/787/787 786/786/786 785/785/785
f 788/788/788 785/785/785 786/786/786
f 788/788/788 789/789/789 785/785/785
f 790/790/790 785/785/785 789/789/789
f 787/787/787 766/766/766 786/786/786
f 764/764/764 786/786/786 766/766/766
f 786/786/786 764/764/764 791/791/791
f 763/763/763 791/791/791 764/764/764
f 763/763/763 749/749/749 791/791/791
f 762/762/762 791/791/791 749/749/749
f 794/794/794 793/793/793 792/792/792
f 795/795/795 792/792/792 793/793/793
f 793/793/793 794/794/794 796/796/796
f 797/797/797 796/796/796 794/794/794
f 703/703/703 798/798/798 690/690/690
f 692/692/692 690/690/690 798/798/798
f 801/801/801 800/800/800 799/799/799
f 799/799/799 800/800/800 802/802/802
f 803/803/803 802/802/802 800/800/800
f 799/799/799 802/802/802 804/804/804
f 805/805/805 799/799/799 804/804/804
f 804/804/804 806/806/806 805/805/805
f 807/807/807 805/805/805 806/806/806
f 804/804/804 802/802/802 808/808/808
f 808/808/808 802/802/802 803/803/803
f 808/808/808 809/809/809 804/804/804
f 809/809/809 806/806/806 804/804/804
f 808/808/808 803/803/803 810/810/810
f 808/808/808 810/810/810 811/811/811
f 809/809/809 808/808/808 811/811/811
f 803/803/803 812/812/812 810/810/810
f 811/811/811 810/810/810 813/813/813
f 814/814/814 811/811/811 813/813/813
f 815/815/815 813/813/813 810/810/810
f 810/810/810 812/812/812 815/815/815
f 813/813/813 816/816/816 814/814/814
f 817/817/817 814/814/814 816/816/816
f 816/816/816 818/818/818 817/817/817
f 819/819/819 817/817/817 818/818/818
f 818/818/818 820/820/820 819/819/819
f 819/819/819 820/820/820 821/821/821
f 821/821/821 820/820/820 822/822/822
f 823/823/823 822/822/822 820/820/820
f 818/818/818 824/824/824 820/820/820
f 820/820/820 824/824/824 823/823/823
f 818/818/818 816/816/816 825/825/825
f 818/818/818 825/825/825 824/824/824
f 825/825/825 816/816/816 826/826/826
f 827/827/827 823/823/823 824/824/824
f 828/828/828 823/823/823 827/827/827
f 829/829/829 822/822/822 823/823/823
f 828/828/828 829/829/829 823/823/823
f 828/828/828 830/830/830 829/829/829
f 828/828/828 831/831/831 830/830/830
f 826/826/826 816/816/816 832/832/832
f 826/826/826 832/832/832 833/833/833
f 834/834/834 833/833/833 832/832/832
f 826/826/826 833/833/833 835/835/835
f 835/835/835 825/825/825 826/826/826
f 835/835/835 836/836/836 825/825/825
f 835/835/835 833/833/833 836/836/836
f 837/837/837 825/825/825 836/836/836
f 824/824/824 825/825/825 837/837/837
f 813/813/813 832/832/832 816/816/816
f 838/838/838 834/834/834 832/832/832
f 838/838/838 832/832/832 839/839/839
f 832/832/832 815/815/815 839/839/839
f 813/813/813 815/815/815 832/832/832
f 842/842/842 841/841/841 840/840/840
f 843/843/843 840/840/840 841/841/841
f 840/840/840 844/844/844 842/842/842
f 845/845/845 842/842/842 844/844/844
f 844/844/844 846/846/846 845/845/845
f 847/847/847 845/845/845 846/846/846
f 846/846/846 848/848/848 847/847/847
f 849/849/849 847/847/847 848/848/848
f 848/848/848 850/850/850 849/849/849
f 851/851/851 849/849/849 850/850/850
f 847/847/847 852/852/852 845/845/845
f 853/853/853 845/845/845 852/852/852
f 847/847/847 849/849/849 854/854/854
f 855/855/855 852/852/852 849/849/849
f 849/849/849 851/851/851 855/855/855
f 852/852/852 855/855/855 856/856/856
f 857/857/857 853/853/853 852/852/852
f 858/858/858 855/855/855 851/851/851
f 855/855/855 858/858/858 859/859/859
f 859/859/859 860/860/860 855/855/855
f 861/861/861 859/859/859 858/858/858
f 859/859/859 861/861/861 862/862/862
f 863/863/863 862/862/862 861/861/861
f 862/862/862 863/863/863 864/864/864
f 864/864/864 865/865/865 862/862/862
f 866/866/866 862/862/862 865/865/865
f 862/862/862 866/866/866 859/859/859
f 860/860/860 859/859/859 866/866/866
f 865/865/865 867/867/867 866/866/866
f 868/868/868 866/866/866 867/867/867
f 866/866/866 868/868/868 856/856/856
f 853/853/853 857/857/857 868/868/868
f 869/869/869 864/864/864 863/863/863
f 871/871/871 868/868/868 870/870/870
f 870/870/870 872/872/872 871/871/871
f 872/872/872 873/873/873 871/871/871
f 874/874/874 871/871/871 873/873/873
f 871/871/871 874/874/874 868/868/868
f 873/873/873 875/875/875 874/874/874
f 874/874/874 875/875/875 842/842/842
f 842/842/842 845/845/845 874/874/874
f 853/853/853 874/874/874 845/845/845
f 853/853/853 868/868/868 874/874/874
f 841/841/841 842/842/842 875/875/875
f 877/877/877 870/870/870 876/876/876
f 880/880/880 879/879/879 878/878/878
f 882/882/882 878/878/878 881/881/881
f 881/881/881 883/883/883 882/882/882
f 884/884/884 882/882/882 883/883/883
f 884/884/884 883/883/883 885/885/885
f 886/886/886 884/884/884 885/885/885
f 887/887/887 885/885/885 883/883/883
f 890/890/890 889/889/889 888/888/888
f 891/891/891 888/888/888 889/889/889
f 890/890/890 892/892/892 889/889/889
f 891/891/891 889/889/889 893/893/893
f 896/896/896 895/895/895 894/894/894
f 896/896/896 897/897/897 895/895/895
f 898/898/898 895/895/895 897/897/897
f 898/898/898 897/897/897 899/899/899
f 900/900/900 899/899/899 897/897/897
f 901/901/901 897/897/897 896/896/896
f 903/903/903 902/902/902 895/895/895
f 896/896/896 902/902/902 904/904/904
f 905/905/905 904/904/904 902/902/902
f 904/904/904 906/906/906 896/896/896
f 904/904/904 907/907/907 906/906/906
f 904/904/904 908/908/908 907/907/907
f 909/909/909 907/907/907 908/908/908
f 909/909/909 910/910/910 907/907/907
f 910/910/910 909/909/909 911/911/911
f 912/912/912 911/911/911 909/909/909
f 902/902/902 914/914/914 913/913/913
f 913/913/913 914/914/914 915/915/915
f 916/916/916 915/915/915 914/914/914
f 915/915/915 916/916/916 917/917/917
f 918/918/918 917/917/917 916/916/916
f 917/917/917 918/918/918 919/919/919
f 914/914/914 921/921/921 920/920/920
f 922/922/922 920/920/920 921/921/921
f 921/921/921 923/923/923 922/922/922
f 924/924/924 922/922/922 923/923/923
f 922/922/922 924/924/924 925/925/925
f 926/926/926 922/922/922 925/925/925
f 927/927/927 922/922/922 926/926/926
f 927/927/927 920/920/920 922/922/922
f 928/928/928 921/921/921 914/914/914
f 923/923/923 921/921/921 928/928/928
f 929/929/929 923/923/923 928/928/928
f 902/902/902 928/928/928 914/914/914
f 932/932/932 931/931/931 930/930/930
f 934/934/934 933/933/933 931/931/931
f 934/934/934 931/931/931 935/935/935
f 934/934/934 935/935/935 936/936/936
f 936/936/936 935/935/935 937/937/937
f 939/939/939 938/938/938 931/931/931
f 935/935/935 939/939/939 940/940/940
f 941/941/941 940/940/940 939/939/939
f 941/941/941 939/939/939 942/942/942
f 942/942/942 943/943/943 941/941/941
f 935/935/935 940/940/940 944/944/944
f 944/944/944 940/940/940 945/945/945
f 940/940/940 946/946/946 945/945/945
f 943/943/943 946/946/946 941/941/941
f 946/946/946 940/940/940 941/941/941
f 947/947/947 945/945/945 946/946/946
f 947/947/947 946/946/946 948/948/948
f 946/946/946 949/949/949 948/948/948
f 946/946/946 950/950/950 949/949/949
f 943/943/943 951/951/951 946/946/946
f 943/943/943 952/952/952 951/951/951
f 954/954/954 953/953/953 897/897/897
f 955/955/955 897/897/897 953/953/953
f 956/956/956 954/954/954 897/897/897
f 932/932/932 958/958/958 957/957/957
f 961/961/961 960/960/960 959/959/959
f 964/964/964 963/963/963 962/962/962
f 965/965/965 963/963/963 964/964/964
f 965/965/965 964/964/964 843/843/843
f 840/840/840 843/843/843 964/964/964
f 964/964/964 966/966/966 840/840/840
f 844/844/844 840/840/840 966/966/966
f 966/966/966 967/967/967 844/844/844
f 846/846/846 844/844/844 967/967/967
f 967/967/967 968/968/968 846/846/846
f 969/969/969 968/968/968 967/967/967
f 966/966/966 970/970/970 967/967/967
f 971/971/971 967/967/967 970/970/970
f 969/969/969 967/967/967 971/971/971
f 972/972/972 964/964/964 962/962/962
f 972/972/972 970/970/970 966/966/966
f 972/972/972 966/966/966 964/964/964
f 848/848/848 846/846/846 973/973/973
f 974/974/974 973/973/973 969/969/969
f 976/976/976 975/975/975 974/974/974
f 975/975/975 976/976/976 848/848/848
f 977/977/977 976/976/976 974/974/974
f 850/850/850 848/848/848 976/976/976
f 979/979/979 592/592/592 978/978/978
f 978/978/978 601/601/601 979/979/979
f 599/599/599 979/979/979 601/601/601
f 979/979/979 599/599/599 593/593/593
f 592/592/592 979/979/979 593/593/593
f 592/592/592 576/576/576 978/978/978
f 592/592/592 574/574/574 576/576/576
f 982/982/982 981/981/981 980/980/980
f 982/982/982 980/980/980 983/983/983
f 984/984/984 982/982/982 983/983/983
f 985/985/985 981/981/981 982/982/982
f 984/984/984 985/985/985 982/982/982
f 986/986/986 985/985/985 984/984/984
f 987/987/987 981/981/981 985/985/985
f 564/564/564 559/559/559 988/988/988
f 555/555/555 988/988/988 559/559/559
f 991/991/991 990/990/990 989/989/989
f 989/989/989 990/990/990 992/992/992
f 989/989/989 993/993/993 991/991/991
f 992/992/992 993/993/993 989/989/989
f 991/991/991 994/994/994 990/990/990
f 994/994/994 991/991/991 995/995/995
f 994/994/994 995/995/995 996/996/996
f 997/997/997 996/996/996 995/995/995
f 991/991/991 998/998/998 995/995/995
f 999/999/999 998/998/998 991/991/991
f 991/991/991 1000/1000/1000 999/999/999
f 1001/1001/1001 1000/1000/1000 991/991/991
f 993/993/993 1001/1001/1001 991/991/991
f 1004/1004/1004 1003/1003/1003 1002/1002/1002
f 1005/1005/1005 1002/1002/1002 1003/1003/1003
f 1003/1003/1003 1004/1004/1004 1006/1006/1006
f 1007/1007/1007 1006/1006/1006 1004/1004/1004
f 1006/1006/1006 1007/1007/1007 1008/1008/1008
f 1009/1009/1009 1008/1008/1008 1007/1007/1007
f 1012/1012/1012 1011/1011/1011 1010/1010/1010
f 1015/1015/1015 1014/1014/1014 1013/1013/1013
f 1015/1015/1015 1016/1016/1016 1014/1014/1014
f 1017/1017/1017 1014/1014/1014 1016/1016/1016
f 1017/1017/1017 1016/1016/1016 1018/1018/1018
f 1019/1019/1019 1018/1018/1018 1016/1016/1016
f 1019/1019/1019 1020/1020/1020 1018/1018/1018
f 1018/1018/1018 1020/1020/1020 1021/1021/1021
f 1020/1020/1020 1022/1022/1022 1021/1021/1021
f 1023/1023/1023 1021/1021/1021 1022/1022/1022
f 1022/1022/1022 1024/1024/1024 1023/1023/1023
f 1024/1024/1024 1022/1022/1022 1020/1020/1020
f 1025/1025/1025 1023/1023/1023 1024/1024/1024
f 1023/1023/1023 1025/1025/1025 1026/1026/1026
f 1023/1023/1023 1026/1026/1026 1027/1027/1027
f 1028/1028/1028 1027/1027/1027 1026/1026/1026
f 1028/1028/1028 1026/1026/1026 1029/1029/1029
f 1030/1030/1030 1026/1026/1026 1025/1025/1025
f 1030/1030/1030 1031/1031/1031 1026/1026/1026
f 1030/1030/1030 1033/1033/1033 1032/1032/1032
f 1032/1032/1032 1035/1035/1035 1034/1034/1034
f 1038/1038/1038 1037/1037/1037 1036/1036/1036
f 1041/1041/1041 1040/1040/1040 1039/1039/1039
f 1044/1044/1044 1043/1043/1043 1042/1042/1042
f 1047/1047/1047 1046/1046/1046 1045/1045/1045
f 1048/1048/1048 1045/1045/1045 1046/1046/1046
f 1045/1045/1045 1048/1048/1048 1049/1049/1049
f 1050/1050/1050 1049/1049/1049 1048/1048/1048
f 1046/1046/1046 1047/1047/1047 1051/1051/1051
f 1052/1052/1052 1051/1051/1051 1047/1047/1047
f 1051/1051/1051 1052/1052/1052 1053/1053/1053
f 1054/1054/1054 1053/1053/1053 1052/1052/1052
f 1057/1057/1057 1056/1056/1056 1055/1055/1055
f 1058/1058/1058 1055/1055/1055 1056/1056/1056
f 1055/1055/1055 1058/1058/1058 1059/1059/1059
f 1060/1060/1060 1059/1059/1059 1058/1058/1058
f 1059/1059/1059 1060/1060/1060 1061/1061/1061
f 1062/1062/1062 1061/1061/1061 1060/1060/1060
f 1061/1061/1061 1062/1062/1062 1063/1063/1063
f 1064/1064/1064 1063/1063/1063 1062/1062/1062
f 1067/1067/1067 1066/1066/1066 1065/1065/1065
f 1067/1067/1067 1068/1068/1068 1066/1066/1066
f 1068/1068/1068 1069/1069/1069 1066/1066/1066
f 1070/1070/1070 1068/1068/1068 1067/1067/1067
f 1071/1071/1071 1070/1070/1070 1067/1067/1067
f 1070/1070/1070 1072/1072/1072 1068/1068/1068
f 1075/1075/1075 1074/1074/1074 1073/1073/1073
f 1076/1076/1076 1074/1074/1074 1075/1075/1075
f 1073/1073/1073 1074/1074/1074 1077/1077/1077
f 1076/1076/1076 1078/1078/1078 1074/1074/1074
f 1079/1079/1079 1074/1074/1074 1078/1078/1078
f 1080/1080/1080 1074/1074/1074 1079/1079/1079
f 1080/1080/1080 1081/1081/1081 1074/1074/1074
f 1082/1082/1082 1074/1074/1074 1081/1081/1081
f 1082/1082/1082 1083/1083/1083 1074/1074/1074
f 1083/1083/1083 1077/1077/1077 1074/1074/1074
f 1086/1086/1086 1085/1085/1085 1084/1084/1084
f 1086/1086/1086 1087/1087/1087 1085/1085/1085
f 1086/1086/1086 1084/1084/1084 1088/1088/1088
f 1089/1089/1089 1087/1087/1087 1086/1086/1086
f 1086/1086/1086 1090/1090/1090 1089/1089/1089
f 1086/1086/1086 1091/1091/1091 1090/1090/1090
f 1092/1092/1092 1091/1091/1091 1086/1086/1086
f 1086/1086/1086 1093/1093/1093 1092/1092/1092
f 1094/1094/1094 1093/1093/1093 1086/1086/1086
f 1088/1088/1088 1094/1094/1094 1086/1086/1086
f 1097/1097/1097 1096/1096/1096 1095/1095/1095
f 1098/1098/1098 1095/1095/1095 1096/1096/1096
f 1095/1095/1095 1099/1099/1099 1097/1097/1097
f 1100/1100/1100 1097/1097/1097 1099/1099/1099
f 1097/1097/1097 1100/1100/1100 1101/1101/1101
f 1097/1097/1097 1102/1102/1102 1096/1096/1096
f 1103/1103/1103 1102/1102/1102 1100/1100/1100
f 1104/1104/1104 1096/1096/1096 1102/1102/1102
f 1098/1098/1098 1096/1096/1096 1105/1105/1105
f 1106/1106/1106 1105/1105/1105 1096/1096/1096
f 1096/1096/1096 1107/1107/1107 1106/1106/1106
f 1108/1108/1108 1106/1106/1106 1107/1107/1107
f 1103/1103/1103 1109/1109/1109 1102/1102/1102
f 1110/1110/1110 1105/1105/1105 1106/1106/1106
f 1109/1109/1109 1112/1112/1112 1111/1111/1111
f 1113/1113/1113 1111/1111/1111 1112/1112/1112
f 1114/1114/1114 1111/1111/1111 1113/1113/1113
f 1111/1111/1111 1115/1115/1115 1109/1109/1109
f 1111/1111/1111 1116/1116/1116 1115/1115/1115
f 1116/1116/1116 1111/1111/1111 1114/1114/1114
f 1117/1117/1117 1115/1115/1115 1116/1116/1116
f 1114/1114/1114 1118/1118/1118 1116/1116/1116
f 1119/1119/1119 1116/1116/1116 1118/1118/1118
f 1119/1119/1119 1118/1118/1118 1120/1120/1120
f 1121/1121/1121 1116/1116/1116 1119/1119/1119
f 1122/1122/1122 1121/1121/1121 1119/1119/1119
f 1125/1125/1125 1124/1124/1124 1123/1123/1123
f 1125/1125/1125 1126/1126/1126 1124/1124/1124
f 1126/1126/1126 1127/1127/1127 1124/1124/1124
f 1126/1126/1126 1128/1128/1128 1127/1127/1127
f 1124/1124/1124 1129/1129/1129 1123/1123/1123
f 1128/1128/1128 1130/1130/1130 1127/1127/1127
f 1131/1131/1131 1130/1130/1130 1128/1128/1128
f 1131/1131/1131 1132/1132/1132 1130/1130/1130
f 1131/1131/1131 1133/1133/1133 1132/1132/1132
f 1136/1136/1136 1135/1135/1135 1134/1134/1134
f 1136/1136/1136 1134/1134/1134 1137/1137/1137
f 1138/1138/1138 1137/1137/1137 1134/1134/1134
f 1138/1138/1138 1139/1139/1139 1137/1137/1137
f 1140/1140/1140 1137/1137/1137 1139/1139/1139
f 1141/1141/1141 1140/1140/1140 1139/1139/1139
f 1142/1142/1142 1141/1141/1141 1139/1139/1139
f 1142/1142/1142 1143/1143/1143 1141/1141/1141
f 1142/1142/1142 1144/1144/1144 1143/1143/1143
f 1143/1143/1143 1144/1144/1144 1145/1145/1145
f 1145/1145/1145 1141/1141/1141 1143/1143/1143
f 1146/1146/1146 1145/1145/1145 1144/1144/1144
f 1144/1144/1144 1147/1147/1147 1146/1146/1146
f 1147/1147/1147 1144/1144/1144 1148/1148/1148
f 1148/1148/1148 1149/1149/1149 1147/1147/1147
f 1149/1149/1149 1150/1150/1150 1147/1147/1147
f 1151/1151/1151 1147/1147/1147 1150/1150/1150
f 1151/1151/1151 1146/1146/1146 1147/1147/1147
f 1151/1151/1151 1152/1152/1152 1146/1146/1146
f 1155/1155/1155 1154/1154/1154 1153/1153/1153
f 1158/1158/1158 1157/1157/1157 1156/1156/1156
f 1161/1161/1161 1160/1160/1160 1159/1159/1159
f 1160/1160/1160 1162/1162/1162 1159/1159/1159
f 1163/1163/1163 1162/1162/1162 1160/1160/1160
f 1164/1164/1164 1163/1163/1163 1160/1160/1160
f 1165/1165/1165 1163/1163/1163 1164/1164/1164
f 1166/1166/1166 1165/1165/1165 1164/1164/1164
f 1166/1166/1166 1167/1167/1167 1165/1165/1165
f 1166/1166/1166 1168/1168/1168 1167/1167/1167
f 1169/1169/1169 1167/1167/1167 1168/1168/1168
