g NPC_Nan_047
v 0.1439324 -0.0737927 1.608628
v 0.1808287 -0.03657204 1.599837
v 0.1540065 -0.1149608 1.499021
v 0.06146008 -0.1529813 1.495361
v 0.1830723 -0.05383021 1.507134
v 0.1711186 -0.06304502 1.390262
v 0.09658074 -0.131372 1.393635
v 0.09737319 -0.1268377 1.265764
v 0.1676343 -0.06881756 1.282463
v 0.1152356 -0.1295791 1.172185
v 0.1777084 0.01306295 1.284154
v 0.1846671 0.01822132 1.389913
v 0.06082863 -0.09404984 1.611079
v 0.08356217 -0.005478024 1.682626
v 0.141825 -0.001285434 1.677822
v 0.2141094 -0.01750606 1.590372
v 0.1780402 0.002860069 1.666296
v 0.177171 0.07838356 1.706055
v 0.1300942 0.07142979 1.721256
v 0.2434352 0.01577955 1.648196
v 0.2581005 0.09227878 1.672616
v 0.2815969 0.02484328 1.579423
v 0.2335097 -0.02029449 1.530833
v 0.2997243 0.09689981 1.597888
v 0.1911058 -0.01861298 1.500406
v 0.1973341 0.0730865 1.488271
v 0.2003157 0.07168978 1.489559
v 0.3194564 0.03286445 1.508551
v 0.256377 0.01573253 1.455444
v 0.2018733 0.01149786 1.495319
v 0.2350351 0.09695429 1.432522
v 0.3413381 0.1032271 1.526641
v 0.3829495 0.1062483 1.455397
v 0.357316 0.03758204 1.437678
v 0.2991126 0.01687413 1.396265
v 0.268343 0.1011072 1.374653
v 0.1682757 0.171564 1.467491
v 0.09373781 0.133796 1.376911
v 0.1747416 0.0892179 1.397377
v 0.09342331 0.1877573 1.46236
v 2.682209E-06 0.1847559 1.461932
v 2.682209E-06 0.1320155 1.374537
v 2.682209E-06 0.1286178 1.287708
v 0.1016029 0.114215 1.286569
v 0.09881446 0.2224966 1.544355
v 0.1910192 0.1974005 1.536299
v 2.682209E-06 0.139732 1.183995
v 0.1173035 0.1276471 1.181016
v 0.1854101 0.0185284 1.225414
v 2.682209E-06 0.2206789 1.54645
v 0.1929681 0.1470276 1.500497
v 0.1973341 0.0730865 1.488271
v 0.1777084 0.01306295 1.284154
v 0.1846671 0.01822132 1.389913
v 2.682209E-06 0.2031507 1.669919
v 0.1128657 0.2018729 1.670605
v 0.2413773 0.1729706 1.647173
v 0.176012 0.1427409 1.712093
v 0.2581005 0.09227878 1.672616
v 0.177171 0.07838356 1.706055
v 0.1300942 0.07142979 1.721256
v 0.124812 0.1368247 1.732013
v 0.07245791 0.09233081 1.740584
v 0.05585098 0.1313865 1.752015
v 0.1199359 0.1592066 1.722853
v 0.02838248 0.167988 1.731077
v 2.682209E-06 0.1417131 1.755319
v 2.682209E-06 0.1679831 1.730436
v 0.2298792 0.1879381 1.5149
v 0.1929681 0.1470276 1.500497
v 0.2003157 0.07168978 1.489559
v 0.1910192 0.1974005 1.536299
v 0.2413773 0.1729706 1.647173
v 0.2350351 0.09695429 1.432522
v 0.2638533 0.1864498 1.457029
v 0.3197115 0.1760315 1.508011
v 0.2836176 0.172344 1.578683
v 0.2997243 0.09689981 1.597888
v 0.2581005 0.09227878 1.672616
v 0.3413381 0.1032271 1.526641
v 0.3829495 0.1062483 1.455397
v 0.3558029 0.1764178 1.437339
v 0.2978273 0.1830843 1.399157
v 0.268343 0.1011072 1.374653
v 0.1929681 0.1470276 1.500497
v 0.1973341 0.0730865 1.488271
v 0.2003157 0.07168978 1.489559
v 0.1854101 0.0185284 1.225414
v 0.1835453 -0.06866896 1.185994
v 0.1937754 0.02412266 1.191345
v 2.682209E-06 -0.149435 1.167433
v 2.682209E-06 -0.1494945 1.26152
v 2.682209E-06 -0.1555543 1.393612
v 2.682209E-06 -0.1556459 1.495039
v 2.682209E-06 -0.09579819 1.612776
v 0.04048228 -0.0137617 1.687277
v 2.682209E-06 -0.01874918 1.687532
v 0.07646477 0.05224741 1.722033
v 2.682209E-06 -0.01276863 1.723556
v 0.05916196 0.03652209 1.744499
v 0.07245791 0.09233081 1.740584
v 0.06420642 0.07717258 1.768751
v 0.05725265 0.02860993 1.788349
v 0.0630995 0.06591976 1.81373
v 0.03358549 0.006071985 1.728816
v 2.682209E-06 -0.01667643 1.746361
v 0.0347172 0.0008615851 1.765036
v -0.04047698 -0.0137617 1.687277
v -0.06082326 -0.09404984 1.611079
v -0.08355433 -0.005478024 1.682626
v -0.1439271 -0.0737927 1.608628
v -0.1418197 -0.001285434 1.677822
v -0.06145471 -0.1529813 1.495361
v -0.1540012 -0.1149608 1.499024
v -0.1808233 -0.03657204 1.599837
v -0.183067 -0.05383021 1.507137
v -0.1711133 -0.06304502 1.390262
v -0.09657788 -0.131372 1.393635
v -0.09736782 -0.1268377 1.265764
v -0.1676314 -0.06881756 1.282463
v -0.1152303 -0.1295791 1.172185
v -0.177703 0.01306295 1.284154
v -0.1846642 0.01822132 1.389913
v -0.214104 -0.01750606 1.590372
v -0.1780349 0.002860069 1.666299
v -0.1771656 0.07838356 1.706055
v -0.1300888 0.07142979 1.721256
v -0.2434298 0.01577955 1.648196
v -0.2580952 0.09227878 1.672616
v -0.281594 0.02480614 1.579423
v -0.2335043 -0.02029449 1.530833
v -0.2997189 0.09715486 1.597888
v -0.1973312 0.0730865 1.488271
v -0.3194511 0.0328694 1.508551
v -0.2563716 0.01573497 1.455446
v -0.1854072 0.0185284 1.225414
v -0.2018704 0.01149786 1.495319
v -0.191103 -0.01861298 1.500408
v -0.2003128 0.07168978 1.489559
v -0.2350298 0.09695923 1.432524
v -0.1835424 -0.06866896 1.185994
v -0.1937701 0.02412266 1.191345
v -0.3413327 0.1032295 1.526641
v -0.3829466 0.1062533 1.455397
v -0.3573107 0.03758699 1.43768
v -0.2991073 0.01687908 1.396265
v -0.2683377 0.1011097 1.374653
v 0.0630995 0.06591976 1.81373
v 0.03806782 0.1078184 1.78515
v 0.06420642 0.07717258 1.768751
v 0.04630935 0.1070655 1.825137
v 2.682209E-06 0.119096 1.789939
v 2.682209E-06 0.1259384 1.826709
v 0.06420642 0.07717258 1.768751
v 0.03806782 0.1078184 1.78515
v 0.07245791 0.09233081 1.740584
v 0.05585098 0.1313865 1.752015
v 2.682209E-06 0.119096 1.789939
v 2.682209E-06 0.1417131 1.755319
v 0.1937754 0.02412266 1.191345
v 0.01090139 0.002409339 0.9318386
v 2.682209E-06 -0.08339378 0.9530392
v 0.04075718 -0.09812355 0.945028
v 2.682209E-06 -0.138779 1.040927
v 0.1327811 -0.12633 1.044877
v 0.1434892 -0.1264142 0.9700077
v 0.1228729 -0.1299803 1.119576
v 0.2178586 -0.06280482 0.9941083
v 0.2065612 -0.07188088 1.063587
v 0.2225787 0.03540772 1.067108
v 0.2087727 0.02808493 1.130435
v 0.195603 -0.06943667 1.12525
v 0.1937754 0.02412266 1.191345
v 0.1361639 0.1583424 1.120292
v 0.1173035 0.1276471 1.181016
v 0.1461588 0.1546599 1.039927
v 0.1378702 0.1271196 0.9661073
v 0.03658444 0.1015456 0.9537821
v 0.1835453 -0.06866896 1.185994
v 0.2271973 0.04220057 0.9898166
v 0.1152356 -0.1295791 1.172185
v 2.682209E-06 0.1624012 1.11949
v 2.682209E-06 0.1440757 1.037468
v 2.682209E-06 0.06041461 0.9632718
v 0.01090139 0.002409339 0.9318386
v 2.682209E-06 0.139732 1.183995
v 0.1528178 0.1299626 0.8407432
v 0.06195045 0.09759319 0.8359514
v 0.02591842 -0.006141722 0.8309688
v 0.2340941 0.05528104 0.8510948
v 0.21877 -0.0558064 0.8980528
v 0.1621218 -0.08222243 0.8342525
v 0.06524903 -0.07584316 0.8226753
v 0.02591842 -0.006141722 0.8309688
v 0.08140025 0.07611519 0.6970364
v 0.1658612 0.1140614 0.7077841
v 0.05485052 -0.0290041 0.6760363
v 0.05986035 -0.02083433 0.6194351
v 0.09645692 0.08583021 0.6002181
v 0.07423347 -0.002001166 0.5619351
v 0.07667279 0.03440231 0.447767
v 0.1094903 0.1014317 0.5057426
v 0.1819753 -0.06746292 0.7347772
v 0.09166998 -0.05700004 0.7215356
v 0.1905808 -0.06557095 0.6830248
v 0.1094557 -0.06347835 0.6745183
v 0.194714 -0.06265867 0.6247867
v 0.2297356 0.02173787 0.7193688
v 0.2397998 0.0516035 0.6105523
v 0.1983246 -0.04828304 0.5690771
v 0.2680929 0.06830454 0.4348846
v 0.2178785 -0.01691419 0.4279358
v 0.2861163 0.0859887 0.2375532
v 0.1999962 0.1568317 0.4143006
v 0.2311372 0.1474114 0.1837381
v 0.141664 0.1181178 0.1914546
v 0.1547569 0.1130486 0.08861613
v 0.2415828 0.1572825 0.09297216
v 0.1179151 0.1054881 0.411267
v 0.1162733 0.051346 0.1838099
v 0.1122986 0.05391896 0.1119243
v 0.1342992 0.0150094 0.05314636
v 0.1585161 0.101184 0.03318143
v 0.2282101 0.1332512 0.03418434
v 0.2906804 0.07682836 0.0512048
v 0.3145407 0.09198159 0.1150644
v 0.2406715 -0.006825209 0.2331873
v 0.2720205 -0.02693874 0.1454129
v 0.2637716 -0.04048973 0.08510953
v 0.2111971 -0.06490976 0.09517127
v 0.2014375 -0.04946679 0.1549076
v 0.1577806 -0.02773613 0.07524842
v 0.1409805 -0.008704841 0.1427929
v 0.1122986 0.05391896 0.1119243
v 0.1162733 0.051346 0.1838099
v 0.1348068 -0.01454669 0.2177493
v 0.07667279 0.03440231 0.447767
v 0.1223826 -0.0006985664 0.4311056
v 0.07423347 -0.002001166 0.5619351
v 0.1169295 -0.04245603 0.5624675
v 0.1098321 -0.06246054 0.6170108
v 0.05485052 -0.0290041 0.6760363
v 0.05986035 -0.02083433 0.6194351
v 2.682209E-06 -0.08339378 0.9530392
v 0.01090139 0.002409339 0.9318386
v 2.682209E-06 0.002409339 0.9318386
v -0.01089853 0.002409339 0.9318386
v 2.682209E-06 0.002409339 0.9318386
v 2.682209E-06 0.06041461 0.9632718
v 2.682209E-06 -0.1473029 1.118754
v 2.682209E-06 -0.149435 1.167433
v -0.12287 -0.1299803 1.119576
v -0.1327757 -0.12633 1.044875
v -0.04075432 -0.09812355 0.945028
v -0.01089853 0.002409339 0.9318386
v -0.1434863 -0.1264142 0.9700077
v -0.2178558 -0.06280482 0.9941083
v -0.2065558 -0.07188088 1.063587
v -0.2225758 0.03540772 1.067108
v -0.2087673 0.02808493 1.130435
v -0.1955976 -0.06943667 1.12525
v -0.1937701 0.02412266 1.191345
v -0.1835424 -0.06866896 1.185994
v -0.2271944 0.04220057 0.9898191
v -0.1152303 -0.1295791 1.172185
v 0.1731047 0.1098837 0.6120976
v 0.1854893 0.1451257 0.5101481
v 0.1342992 0.0150094 0.05314636
v 0.2529595 -0.1595116 0.01004666
v 0.282367 -0.1208002 0.001832366
v 0.1688156 -0.136045 0.001762986
v 0.2888255 -0.01784283 0.001859605
v 0.155792 -0.04081416 0.001787782
v 0.2755024 0.04892403 0.01902121
v 0.1615051 0.04654664 0.01047754
v 0.2790957 0.04974622 0.00180757
v 0.1622109 0.04691321 0.001750648
v 0.2664684 0.1020433 0.001802623
v 0.1658364 0.09683293 0.001753092
v 0.2184902 0.1192322 0.001775384
v 0.2181434 -0.1693926 0.01128489
v 0.1917373 -0.1629489 0.01012838
v 0.2790957 0.04974622 0.00180757
v 0.2632639 0.1042845 0.03966469
v 0.2664684 0.1020433 0.001802623
v 0.2755024 0.04892403 0.01902121
v 0.2130247 0.122615 0.03539038
v 0.2184902 0.1192322 0.001775384
v 0.2802943 0.02455848 0.05425328
v 0.2888255 -0.01784283 0.001859605
v 0.2888701 -0.05626458 0.04031599
v 0.2115363 -0.05890197 0.06876516
v 0.2567459 0.01660424 0.09253138
v 0.2022052 -0.01329362 0.1031899
v 0.2519739 0.09948272 0.08601838
v 0.2075914 0.1225234 0.07914633
v 0.1625923 -0.002687097 0.09382159
v 0.282367 -0.1208002 0.001832366
v 0.2746579 -0.1198145 0.04519701
v 0.2174079 -0.1153124 0.06183612
v 0.2191018 -0.1568965 0.04951835
v 0.1706333 -0.1346681 0.04469925
v 0.2529595 -0.1595116 0.01004666
v 0.2181434 -0.1693926 0.01128489
v 0.1917373 -0.1629489 0.01012838
v 0.1688156 -0.136045 0.001762986
v 0.155792 -0.04081416 0.001787782
v 0.1535137 -0.04649258 0.0402838
v 0.1615051 0.04654664 0.01047754
v 0.153011 0.0438028 0.0467943
v 0.1605195 0.09934652 0.0319556
v 0.1622109 0.04691321 0.001750648
v 0.1658364 0.09683293 0.001753092
v 0.2184902 0.1192322 0.001775384
v 0.2130247 0.122615 0.03539038
v 0.2075914 0.1225234 0.07914633
v 0.1568668 0.09472799 0.07878476
v 0.1499823 0.02812457 0.07924044
v 0.2115363 -0.05890197 0.06876516
v -0.1682703 0.171564 1.467491
v -0.1747388 0.0892179 1.397377
v -0.09373248 0.133796 1.376911
v -0.09341794 0.1877573 1.46236
v 2.682209E-06 0.1847559 1.461932
v 2.682209E-06 0.1320155 1.374537
v 2.682209E-06 0.1286178 1.287708
v -0.1016001 0.114215 1.286569
v -0.09881163 0.2224966 1.544355
v -0.1910138 0.1974253 1.536299
v 2.682209E-06 0.139732 1.183995
v -0.1173006 0.1276471 1.181016
v -0.1854072 0.0185284 1.225414
v 2.682209E-06 0.2206789 1.54645
v -0.1929628 0.1470276 1.500497
v -0.1973312 0.0730865 1.488271
v -0.177703 0.01306295 1.284154
v -0.1846642 0.01822132 1.389913
v 2.682209E-06 0.2031507 1.669919
v -0.1128603 0.2018729 1.670605
v -0.2413744 0.1729706 1.647176
v -0.1760067 0.1427409 1.712093
v -0.2580952 0.09227878 1.672616
v -0.1771656 0.07838356 1.706055
v -0.1300888 0.07142979 1.721256
v -0.1248066 0.1368247 1.732013
v -0.07245004 0.09233081 1.740584
v -0.05584562 0.1313865 1.752015
v -0.1199281 0.1592066 1.722853
v -0.02837467 0.167988 1.731077
v 2.682209E-06 0.1417131 1.755319
v 2.682209E-06 0.1679831 1.730436
v -0.2298738 0.1878737 1.514903
v -0.2003128 0.07168978 1.489559
v -0.1929628 0.1470276 1.500497
v -0.1910138 0.1974253 1.536299
v -0.2413744 0.1729706 1.647176
v -0.2350298 0.09695923 1.432524
v -0.2638479 0.1864547 1.457031
v -0.3197061 0.1760364 1.508013
v -0.2836123 0.1723341 1.578686
v -0.2997189 0.09715486 1.597888
v -0.2580952 0.09227878 1.672616
v -0.3413327 0.1032295 1.526641
v -0.3829466 0.1062533 1.455397
v -0.3558 0.1764227 1.437341
v -0.297822 0.1830893 1.39916
v -0.2683377 0.1011097 1.374653
v -0.1929628 0.1470276 1.500497
v -0.2003128 0.07168978 1.489559
v -0.1973312 0.0730865 1.488271
v -0.07645941 0.05224741 1.722033
v -0.07245004 0.09233081 1.740584
v -0.0591566 0.03652209 1.744499
v -0.06419861 0.07717258 1.768751
v -0.05724728 0.02860993 1.788349
v -0.06309414 0.06591976 1.81373
v -0.03358012 0.006071985 1.728816
v -0.03471184 0.0008615851 1.765036
v -0.06309414 0.06591976 1.81373
v -0.06419861 0.07717258 1.768751
v -0.03806245 0.1078184 1.78515
v -0.04630399 0.1070655 1.825137
v 2.682209E-06 0.119096 1.789939
v 2.682209E-06 0.1259384 1.826709
v -0.06419861 0.07717258 1.768751
v -0.07245004 0.09233081 1.740584
v -0.03806245 0.1078184 1.78515
v -0.05584562 0.1313865 1.752015
v 2.682209E-06 0.119096 1.789939
v 2.682209E-06 0.1417131 1.755319
v -0.1937701 0.02412266 1.191345
v -0.2225758 0.03540772 1.067108
v -0.1378673 0.1271196 0.9661098
v -0.1461559 0.1546599 1.039927
v -0.136161 0.1583424 1.120292
v -0.2087673 0.02808493 1.130435
v -0.1937701 0.02412266 1.191345
v -0.1173006 0.1276471 1.181016
v -0.2271944 0.04220057 0.9898191
v 2.682209E-06 0.1624012 1.11949
v 2.682209E-06 0.1440757 1.037468
v -0.03658152 0.101548 0.9537821
v 2.682209E-06 0.06041461 0.9632718
v -0.01089853 0.002409339 0.9318386
v 2.682209E-06 0.139732 1.183995
v -0.152815 0.129965 0.8407457
v -0.06194752 0.09759569 0.8359514
v -0.02591556 -0.006139278 0.8309688
v -0.2340887 0.05528349 0.8510972
v -0.2187671 -0.05580395 0.8980528
v -0.1621189 -0.08221748 0.8342525
v -0.1434863 -0.1264142 0.9700077
v -0.04075432 -0.09812355 0.945028
v -0.06524616 -0.07584071 0.8226753
v -0.01089853 0.002409339 0.9318386
v -0.02591556 -0.006139278 0.8309688
v -0.2178558 -0.06280482 0.9941083
v -0.08139986 0.07612014 0.6970364
v -0.1658583 0.1140664 0.7077866
v -0.05484766 -0.02899915 0.6760363
v -0.05985743 -0.02082694 0.6194351
v -0.09645402 0.08583516 0.6002206
v -0.07423061 -0.001996219 0.5619351
v -0.07667238 0.0344097 0.447767
v -0.1094899 0.1014366 0.505745
v -0.1819749 -0.06746048 0.7347772
v -0.09166962 -0.0569976 0.7215332
v -0.190578 -0.065566 0.6830248
v -0.1094528 -0.0634734 0.6745183
v -0.1947111 -0.06265372 0.6247843
v -0.2297327 0.02174282 0.7193688
v -0.2397969 0.0516085 0.6105548
v -0.1983218 -0.04827809 0.5690771
v -0.2680925 0.06831193 0.4348871
v -0.2178756 -0.01690924 0.4279358
v -0.2861134 0.08599609 0.2375557
v -0.1999958 0.1568392 0.4143031
v -0.2311369 0.1474189 0.1837406
v -0.1416636 0.1181252 0.1914571
v -0.1547565 0.113056 0.08861613
v -0.2415799 0.1572924 0.09297216
v -0.1179147 0.1054955 0.4112694
v -0.1162729 0.05135339 0.1838099
v -0.1122982 0.05392641 0.1119243
v -0.1342987 0.0150193 0.05314881
v -0.1585157 0.1011915 0.03318143
v -0.2282097 0.1332611 0.03418434
v -0.29068 0.07683581 0.0512073
v -0.3145403 0.09199154 0.1150668
v -0.2406711 -0.006815314 0.2331873
v -0.2720201 -0.02692884 0.1454129
v -0.2637712 -0.04047984 0.08510953
v -0.2111967 -0.06490231 0.09517127
v -0.2014371 -0.04945683 0.1549076
v -0.1577802 -0.02772623 0.07524842
v -0.1409777 -0.008694947 0.1427954
v -0.1122982 0.05392641 0.1119243
v -0.1162729 0.05135339 0.1838099
v -0.1348064 -0.0145368 0.2177493
v -0.07667238 0.0344097 0.447767
v -0.1223797 -0.0006911159 0.4311056
v -0.07423061 -0.001996219 0.5619351
v -0.1169266 -0.04245108 0.5624675
v -0.1098292 -0.06245315 0.6170108
v -0.05484766 -0.02899915 0.6760363
v -0.05985743 -0.02082694 0.6194351
v 2.682209E-06 0.002409339 0.9318386
v 2.682209E-06 0.06041461 0.9632718
v -0.1731018 0.1098886 0.6121001
v -0.1854889 0.1451306 0.5101506
v -0.1342987 0.0150193 0.05314881
v -0.2529591 -0.1595042 0.01004666
v -0.218143 -0.1693827 0.01128489
v -0.2823666 -0.1207903 0.001832366
v -0.1917369 -0.1629415 0.01012838
v -0.1688151 -0.1360351 0.001762986
v -0.2888252 -0.01783293 0.001862049
v -0.1557916 -0.04080427 0.001787782
v -0.275502 0.04893148 0.01902121
v -0.1615047 0.04655659 0.01048005
v -0.2790953 0.04975611 0.001810074
v -0.1622105 0.0469206 0.001750648
v -0.2664704 0.1020532 0.001802623
v -0.165836 0.09684038 0.001753092
v -0.2184898 0.1192396 0.001777887
v -0.2790953 0.04975611 0.001810074
v -0.2632635 0.1042919 0.03966469
v -0.275502 0.04893148 0.01902121
v -0.2664704 0.1020532 0.001802623
v -0.2130243 0.1226249 0.03539038
v -0.2184898 0.1192396 0.001777887
v -0.2802939 0.02456838 0.05425328
v -0.2888252 -0.01783293 0.001862049
v -0.2888697 -0.05625463 0.04031849
v -0.2115359 -0.05889201 0.06876516
v -0.2567455 0.01661164 0.09253138
v -0.2022048 -0.01328373 0.1031924
v -0.2519735 0.09949261 0.08602089
v -0.207591 0.1225333 0.07914633
v -0.1625919 -0.002679706 0.09382409
v -0.2823666 -0.1207903 0.001832366
v -0.2746575 -0.1198047 0.04519951
v -0.2174051 -0.115305 0.06183857
v -0.2191014 -0.1568866 0.04951835
v -0.1706328 -0.1346607 0.04469925
v -0.2529591 -0.1595042 0.01004666
v -0.218143 -0.1693827 0.01128489
v -0.1917369 -0.1629415 0.01012838
v -0.1688151 -0.1360351 0.001762986
v -0.1557916 -0.04080427 0.001787782
v -0.1535133 -0.04648513 0.04028624
v -0.1615047 0.04655659 0.01048005
v -0.1530082 0.04381269 0.0467943
v -0.1605191 0.09935391 0.03195804
v -0.1622105 0.0469206 0.001750648
v -0.165836 0.09684038 0.001753092
v -0.2184898 0.1192396 0.001777887
v -0.2130243 0.1226249 0.03539038
v -0.207591 0.1225333 0.07914633
v -0.1568664 0.09473789 0.07878721
v -0.149982 0.02813196 0.07924044
v -0.2115359 -0.05889201 0.06876516
v -0.1981979 -0.09947816 1.069443
v -0.1796173 -0.1662896 1.069956
v -0.1518046 -0.1468596 1.062784
v -0.2173432 -0.1277614 1.075375
v -0.1861328 -0.1157284 1.22055
v -0.1653952 -0.08627385 1.213532
v -0.1473916 -0.1537143 1.222895
v -0.1186824 -0.1310303 1.216598
v -0.1518046 -0.1468596 1.062784
v -0.1186824 -0.1310303 1.216598
v -0.1653952 -0.08627385 1.213532
v -0.1518046 -0.1468596 1.062784
v -0.1981979 -0.09947816 1.069443
v -0.2247427 -0.03469491 1.072408
v -0.2414214 -0.1011299 1.074993
v -0.2113873 -0.09981248 1.067581
v -0.2522855 -0.04817903 1.078921
v -0.2243589 -0.04588836 1.222638
v -0.1912739 -0.03227544 1.219002
v -0.2122715 -0.09869313 1.226461
v -0.1769972 -0.09686059 1.22107
v 0.2239234 -0.03440267 1.112536
v 0.1975594 -0.02510124 1.108472
v 0.2028168 -0.1004118 1.11451
v 0.1764504 -0.09111279 1.110446
v 0.1732459 -0.06731439 1.309704
v 0.1647815 -0.0713039 1.308944
v 0.1626765 -0.06358486 1.308077
v 0.1691722 -0.05890197 1.308532
v 0.1729809 -0.06542236 1.22425
v 0.182109 -0.06365418 1.22527
v 0.1691722 -0.05890197 1.308532
v 0.1647815 -0.0713039 1.308944
v 0.1758313 -0.08138788 1.225857
v 0.1732459 -0.06731439 1.309704
v 0.1865269 -0.07518691 1.226729
v 0.1758313 -0.08138788 1.225857
v 0.1732459 -0.06731439 1.309704
v 0.182109 -0.06365418 1.22527
v 0.1732459 -0.06731439 1.309704
v 0.1691722 -0.05890197 1.308532
v 0.1698408 -0.07428795 1.224545
v 0.1626765 -0.06358486 1.308077
v 0.1758313 -0.08138788 1.225857
v 0.1729809 -0.06542236 1.22425
v 0.1626765 -0.06358486 1.308077
v 0.1698408 -0.07428795 1.224545
v 0.2028168 -0.1004118 1.11451
v 0.1877379 -0.09138024 1.232095
v 0.2239234 -0.03440267 1.112536
v 0.2093348 -0.02397943 1.230074
v 0.1829683 -0.01468045 1.226011
v 0.2093348 -0.02397943 1.230074
v 0.1613689 -0.08207878 1.228031
v 0.1877379 -0.09138024 1.232095
v 0.1613689 -0.08207878 1.228031
v 0.1877379 -0.09138024 1.232095
v 0.1764504 -0.09111279 1.110446
v 0.2028168 -0.1004118 1.11451
v 0.2093348 -0.02397943 1.230074
v 0.1829683 -0.01468045 1.226011
v 0.2239234 -0.03440267 1.112536
v 0.1975594 -0.02510124 1.108472
v 0.159212 -0.0418815 1.662797
v 0.1428354 -0.02619582 1.649863
v 0.1298812 -0.04020745 1.667802
v 0.1713737 -0.01932371 1.653159
v 0.1726491 -0.03038591 1.66466
v 0.1180414 -0.01627773 1.66226
v 0.1193168 -0.02733994 1.67376
v 0.1742043 0.02093053 1.721409
v 0.1568643 0.03667319 1.708638
v 0.1840084 0.02050954 1.712241
v 0.1429493 0.02271354 1.726743
v 0.1306762 0.02355552 1.721342
v 0.1294008 0.03461772 1.709844
v 0.1827331 0.03157175 1.700741
v 0.1298812 -0.04020745 1.667802
v 0.1429493 0.02271354 1.726743
v 0.159212 -0.0418815 1.662797
v 0.1742043 0.02093053 1.721409
v 0.1840084 0.02050954 1.712241
v 0.1726491 -0.03038591 1.66466
v 0.1827331 0.03157175 1.700741
v 0.1713737 -0.01932371 1.653159
v 0.1429493 0.02271354 1.726743
v 0.1298812 -0.04020745 1.667802
v 0.1306762 0.02355552 1.721342
v 0.1193168 -0.02733994 1.67376
v 0.1294008 0.03461772 1.709844
v 0.1306762 0.02355552 1.721342
v 0.1180414 -0.01627773 1.66226
v 0.1193168 -0.02733994 1.67376
v -0.2446631 0.048087 1.19667
v -0.2268848 -0.02946717 1.240198
v -0.2316692 0.02183694 1.243662
v -0.2798258 -0.02123058 1.018409
v -0.2842215 0.04506576 1.023689
v -0.2640287 0.1116345 1.137028
v -0.2524886 0.09792256 1.170848
v -0.2268848 -0.02946717 1.240198
v -0.2392372 -0.01774377 1.008598
v -0.1861774 -0.02674556 1.230736
v -0.2798258 -0.02123058 1.018409
v -0.1861774 -0.02674556 1.230736
v -0.1998274 0.0513311 1.186128
v -0.1867915 0.02486312 1.233232
v -0.2392372 -0.01774377 1.008598
v -0.2434843 0.04854268 1.013835
v -0.219193 0.1151288 1.126359
v -0.2117093 0.1009834 1.161207
v -0.2117093 0.1009834 1.161207
v -0.2640287 0.1116345 1.137028
v -0.2524886 0.09792256 1.170848
v -0.219193 0.1151288 1.126359
v -0.2842215 0.04506576 1.023689
v -0.2434843 0.04854268 1.013835
v -0.2356489 0.01958334 1.142476
v -0.2434843 0.04854268 1.013835
v -0.2798258 -0.02123058 1.018409
v -0.2842215 0.04506576 1.023689
v -0.2392372 -0.01774377 1.008598
v -0.2356489 0.01958334 1.142476
v -0.2446631 0.048087 1.19667
v -0.2316692 0.02183694 1.243662
v -0.2268848 -0.02946717 1.240198
v -0.1861774 -0.02674556 1.230736
v -0.1867915 0.02486312 1.233232
v -0.1998274 0.0513311 1.186128
v -0.2524886 0.09792256 1.170848
v -0.2117093 0.1009834 1.161207
v 0.3829495 0.1062483 1.455397
v 0.3558029 0.1764178 1.437339
v 0.357316 0.03758204 1.437678
v 0.2978273 0.1830843 1.399157
v 0.268343 0.1011072 1.374653
v 0.2991126 0.01687413 1.396265
v -0.3829466 0.1062533 1.455397
v -0.3573107 0.03758699 1.43768
v -0.3558 0.1764227 1.437341
v -0.2991073 0.01687908 1.396265
v -0.2683377 0.1011097 1.374653
v -0.297822 0.1830893 1.39916
v 0.04793632 -0.0397889 1.770244
v 0.05923873 -0.007810831 1.789654
v 0.03162163 -0.02422208 1.760173
v 0.03452402 -0.05576926 1.759672
v 0.0190959 -0.06731683 1.748429
v 2.682209E-06 -0.01667643 1.746361
v 0.0347172 0.0008615851 1.765036
v 0.04136145 -0.05966717 1.78147
v 0.02055454 -0.07657373 1.765385
v 2.682209E-06 -0.08463696 1.764071
v 2.682209E-06 -0.08736596 1.782688
v 0.01669872 -0.08176926 1.78619
v 0.0298807 -0.07440436 1.795734
v 0.04992741 -0.06549668 1.808763
v 0.03037351 -0.08185592 1.818772
v 0.04961288 -0.07049161 1.840265
v 0.02131724 -0.08351016 1.836493
v 0.03924161 -0.07088536 1.869002
v 0.0214386 -0.08639768 1.824092
v 0.01801866 -0.09473085 1.827992
v 0.01414305 -0.08958235 1.815228
v 0.0186848 -0.08533281 1.802173
v 0.007243752 -0.09271753 1.803064
v 2.682209E-06 -0.09425288 1.814919
v 2.682209E-06 -0.08865619 1.793428
v 0.01292711 -0.08466914 1.793342
v 0.01292711 -0.08466914 1.793342
v 2.682209E-06 -0.08865619 1.793428
v 2.682209E-06 -0.0942851 1.801152
v 0.01467794 -0.09856683 1.819513
v 2.682209E-06 -0.1107657 1.821568
v 0.05895644 -0.06000644 1.878556
v 0.06634855 -0.05222058 1.844052
v 0.0739066 -0.0160895 1.853551
v 0.06227732 -0.04118562 1.807188
v 0.0736317 -0.02402151 1.898669
v 0.06330007 -0.0701226 1.898734
v 0.0663783 -0.04475164 1.932713
v 0.03866959 -0.07543206 1.935429
v 0.0365324 -0.08655369 1.899315
v 0.008831143 -0.08969876 1.899684
v 2.682209E-06 -0.08336654 1.936229
v 0.03118581 -0.07243311 1.884242
v 0.014413 -0.07322556 1.87443
v 0.01159483 -0.09852719 1.851837
v 0.006471097 -0.08734366 1.882681
v 2.682209E-06 -0.09086266 1.899731
v 2.682209E-06 -0.08853236 1.883018
v 2.682209E-06 -0.1016524 1.858667
v 0.008122861 -0.1038292 1.838462
v 2.682209E-06 -0.108688 1.843643
v 0.007783592 -0.1125289 1.832576
v 2.682209E-06 -0.108688 1.843643
v 2.682209E-06 -0.1107657 1.821568
v 2.682209E-06 -0.108688 1.843643
v 2.682209E-06 -0.1155601 1.832781
v 0.04397899 0.1268175 1.864655
v 0.07208645 0.09145659 1.868088
v 0.04546487 0.1223599 1.917978
v 0.04630935 0.1070655 1.825137
v 2.682209E-06 0.1406631 1.916378
v 2.682209E-06 0.1388752 1.867543
v 2.682209E-06 0.1259384 1.826709
v 0.0630995 0.06591976 1.81373
v 0.07838646 0.06556314 1.854559
v 0.08397573 0.04401821 1.891232
v 0.08154637 0.03478366 1.920528
v 0.09270018 0.05282193 1.889095
v 0.06906271 0.0465318 1.823312
v 0.05725265 0.02860993 1.788349
v 0.07044703 0.02072996 1.811175
v 0.08091241 0.04721284 1.832192
v 0.08802965 0.06419116 1.860347
v 0.08163801 0.03340673 1.886104
v 0.08030072 0.0128153 1.884823
v 0.0795157 -0.005507767 1.924077
v 0.08802965 0.06419116 1.860347
v 0.07838646 0.06556314 1.854559
v 2.682209E-06 -0.07216322 1.745057
v 2.682209E-06 -0.01667643 1.746361
v 0.04546487 0.1223599 1.917978
v 0.0885497 0.04366904 1.945231
v 0.04865944 0.1274713 1.936142
v 0.08154637 0.03478366 1.920528
v 2.682209E-06 0.1406631 1.916378
v 2.682209E-06 0.146458 1.930885
v 0.08367115 -0.008576035 1.953435
v 0.0795157 -0.005507767 1.924077
v 0.06449866 0.1413071 1.958896
v 2.682209E-06 0.161745 1.95456
v 0.1041437 0.05353016 1.975121
v 0.1089455 -0.009806812 1.992067
v 0.08664533 -0.05839181 2.006555
v 0.06609845 -0.04981345 1.960032
v 0.03325361 -0.07948351 1.965359
v 0.06793839 -0.055269 1.934402
v 0.0315721 -0.08507776 1.938237
v 0.04659909 -0.0859544 2.015707
v 2.682209E-06 -0.08464932 1.967207
v 2.682209E-06 -0.1034132 2.019665
v 2.682209E-06 -0.09034261 1.938517
v 0.06793839 -0.055269 1.934402
v 0.0319857 -0.1257728 1.902451
v 0.0315721 -0.08507776 1.938237
v 0.06656647 -0.09420586 1.902453
v 2.682209E-06 -0.1351882 1.902896
v 2.682209E-06 -0.09034261 1.938517
v 0.0795157 -0.005507767 1.924077
v 0.04659909 -0.0859544 2.015707
v 2.682209E-06 0.03512293 1.991235
v 0.08664533 -0.05839181 2.006555
v 0.1089455 -0.009806812 1.992067
v 2.682209E-06 -0.1034132 2.019665
v 0.1041437 0.05353016 1.975121
v 0.06449866 0.1413071 1.958896
v 2.682209E-06 0.161745 1.95456
v -0.04793102 -0.0397889 1.770244
v -0.03161633 -0.02422208 1.760175
v -0.05923337 -0.007810831 1.789654
v -0.03451866 -0.05576926 1.759672
v -0.01909053 -0.06731683 1.748429
v -0.03471184 0.0008615851 1.765036
v -0.04135609 -0.05966717 1.78147
v -0.02054918 -0.07657373 1.765385
v 2.682209E-06 -0.08463696 1.764071
v 2.682209E-06 -0.08736596 1.782688
v -0.01669335 -0.08176926 1.78619
v -0.02987289 -0.07440436 1.795734
v -0.04992205 -0.06549668 1.808763
v -0.03036821 -0.08185592 1.818772
v -0.04960752 -0.07049161 1.840265
v -0.02130944 -0.08351016 1.836493
v -0.03923625 -0.07088536 1.869002
v -0.02143079 -0.08639768 1.824092
v -0.0180133 -0.09473085 1.827992
v -0.01413524 -0.08958235 1.815228
v -0.01867944 -0.08533281 1.802173
v -0.007235885 -0.09271753 1.803064
v 2.682209E-06 -0.09425288 1.814919
v 2.682209E-06 -0.08865619 1.793428
v -0.01292181 -0.08466914 1.793342
v -0.01292181 -0.08466914 1.793342
v 2.682209E-06 -0.08865619 1.793428
v 2.682209E-06 -0.0942851 1.801152
v -0.01467264 -0.09856683 1.819513
v 2.682209E-06 -0.1107657 1.821568
v -0.05895108 -0.06000644 1.878556
v -0.03118044 -0.07243311 1.884242
v -0.06329226 -0.0701226 1.898734
v -0.07362634 -0.02402151 1.898669
v -0.07389879 -0.0160895 1.853551
v -0.06634074 -0.05222058 1.844054
v -0.06227195 -0.04118562 1.807188
v -0.06637293 -0.04475164 1.932713
v -0.03866422 -0.07543206 1.935429
v -0.03652704 -0.08655369 1.899315
v -0.008823276 -0.08969876 1.899684
v 2.682209E-06 -0.08336654 1.936229
v -0.08029538 0.0128153 1.884826
v -0.07044166 0.02072996 1.811175
v -0.081541 0.03478366 1.920528
v -0.07950789 -0.005507767 1.924077
v -0.08396792 0.04401821 1.891232
v -0.07208109 0.09145659 1.868088
v -0.07837862 0.06556314 1.854559
v -0.08163261 0.03340673 1.886104
v -0.09269238 0.05282193 1.889095
v -0.06309414 0.06591976 1.81373
v -0.06905735 0.0465318 1.823312
v -0.08090705 0.04721284 1.832192
v -0.08802432 0.06419116 1.860347
v -0.05724728 0.02860993 1.788349
v -0.08802432 0.06419116 1.860347
v -0.07837862 0.06556314 1.854559
v -0.04630399 0.1070655 1.825137
v -0.04397368 0.1268175 1.864655
v -0.04545707 0.1223599 1.917978
v 2.682209E-06 0.1406631 1.916378
v 2.682209E-06 0.1388752 1.867543
v 2.682209E-06 0.1259384 1.826709
v -0.01440763 -0.07322556 1.87443
v -0.006463289 -0.08734366 1.882681
v -0.01158696 -0.09852719 1.851837
v 2.682209E-06 -0.1016524 1.858667
v -0.008117497 -0.1038292 1.838462
v 2.682209E-06 -0.108688 1.843643
v 2.682209E-06 -0.08853236 1.883018
v 2.682209E-06 -0.09086266 1.899731
v -0.007778227 -0.1125289 1.832576
v 2.682209E-06 -0.108688 1.843643
v 2.682209E-06 -0.1107657 1.821568
v 2.682209E-06 -0.108688 1.843643
v 2.682209E-06 -0.1155601 1.832781
v 2.682209E-06 -0.07216322 1.745057
v 2.682209E-06 -0.01667643 1.746361
v -0.04545707 0.1223599 1.917978
v -0.08854437 0.04366904 1.945231
v -0.081541 0.03478366 1.920528
v -0.04865164 0.1274713 1.936142
v 2.682209E-06 0.1406631 1.916378
v 2.682209E-06 0.146458 1.930885
v -0.08366579 -0.008576035 1.953435
v -0.07950789 -0.005507767 1.924077
v -0.0644933 0.1413071 1.958896
v 2.682209E-06 0.161745 1.95456
v -0.1041384 0.05353016 1.975121
v -0.1089377 -0.009806812 1.992067
v -0.08664 -0.05839181 2.006559
v -0.06609058 -0.04981345 1.960032
v -0.03324825 -0.07948351 1.965359
v -0.06793308 -0.055269 1.934402
v -0.0315643 -0.08507776 1.938237
v -0.04659122 -0.0859544 2.015707
v 2.682209E-06 -0.08464932 1.967207
v 2.682209E-06 -0.1034132 2.019665
v 2.682209E-06 -0.09034261 1.938517
v -0.06793308 -0.055269 1.934402
v -0.03197789 -0.1257728 1.902451
v -0.06655866 -0.09420586 1.902453
v -0.0315643 -0.08507776 1.938237
v 2.682209E-06 -0.1351882 1.902896
v 2.682209E-06 -0.09034261 1.938517
v -0.07950789 -0.005507767 1.924077
v -0.04659122 -0.0859544 2.015707
v -0.08664 -0.05839181 2.006559
v 2.682209E-06 0.03512293 1.991235
v -0.1089377 -0.009806812 1.992067
v 2.682209E-06 -0.1034132 2.019665
v -0.1041384 0.05353016 1.975121
v -0.0644933 0.1413071 1.958896
v 2.682209E-06 0.161745 1.95456
v -0.505599 -0.06938219 1.060977
v -0.5035608 -0.04311228 1.053996
v -0.5060422 -0.04725534 1.045378
v -0.5316237 -0.1425432 0.8492969
v -0.5486614 -0.1654501 0.8014325
v -0.5439562 -0.1737857 0.8042111
v -0.5316237 -0.1425432 0.8492969
v -0.5365964 -0.1418894 0.8503023
v -0.5486614 -0.1654501 0.8014325
v -0.4823057 -0.04622513 1.049067
v -0.5223222 -0.1139974 0.9081491
v -0.4926819 -0.04454362 1.051799
v -0.5316237 -0.1425432 0.8492969
v -0.5445258 -0.1900534 0.8122248
v -0.4907948 -0.07831463 1.057143
v -0.484366 -0.07255697 1.055915
v -0.5160074 -0.1258744 0.9603942
v -0.5439562 -0.1737857 0.8042111
v -0.5316237 -0.1425432 0.8492969
v -0.4823057 -0.04622513 1.049067
v -0.5544167 -0.1961899 0.8178141
v -0.5160074 -0.1258744 0.9603942
v -0.5670835 -0.1945208 0.8203747
v -0.5315791 -0.1251785 0.964193
v -0.5764495 -0.1857147 0.8186066
v -0.5409499 -0.116506 0.9624917
v -0.5114705 -0.07554102 1.061346
v -0.4907801 -0.07850283 1.057317
v -0.5315791 -0.1251785 0.964193
v -0.5409499 -0.116506 0.9624917
v -0.5162922 -0.06834453 1.062373
v -0.4944847 -0.04877335 1.043052
v -0.4926819 -0.04454362 1.051799
v -0.4947026 -0.07081848 1.058775
v -0.484366 -0.07255697 1.055915
v -0.4907948 -0.07831463 1.057143
v -0.4947026 -0.07081848 1.058775
v -0.4823057 -0.04622513 1.049067
v -0.4926819 -0.04454362 1.051799
v -0.5114705 -0.07554102 1.061346
v -0.505599 -0.06938219 1.060977
v -0.5162922 -0.06834453 1.062373
v -0.5142267 -0.04200286 1.055548
v -0.5035608 -0.04311228 1.053996
v -0.5706397 -0.1625552 0.8058727
v -0.5635522 -0.1383382 0.8557455
v -0.5758848 -0.1695808 0.8106597
v -0.5440305 -0.1038837 0.9090257
v -0.5585622 -0.1389623 0.8548045
v -0.5442906 -0.111105 0.9125844
v -0.5703772 -0.1553364 0.8023141
v -0.5327752 -0.09740537 0.902909
v -0.5591219 -0.1488556 0.7961949
v -0.5635522 -0.1383382 0.8557455
v -0.5706397 -0.1625552 0.8058727
v -0.5585622 -0.1389623 0.8548045
v -0.5142267 -0.04200286 1.055548
v -0.5442906 -0.111105 0.9125844
v -0.5035608 -0.04311228 1.053996
v -0.5585622 -0.1389623 0.8548045
v -0.5190831 -0.06398606 0.9538193
v -0.5043706 -0.06859469 0.9607112
v -0.5021493 -0.03123283 0.947071
v -0.4848341 -0.04572242 1.050249
v -0.5324433 -0.1276846 0.849906
v -0.5328569 -0.1395096 0.8557281
v -0.5021493 -0.03123283 0.947071
v -0.4983281 -0.01203066 0.9545524
v -0.4816791 -0.02789462 1.055095
v -0.481387 -0.02024001 1.051455
v -0.4836999 0.001470804 1.024212
v -0.4722959 0.09564674 1.021431
v -0.4725536 0.1118054 1.009031
v -0.4887865 0.08570635 0.9393273
v -0.5309624 -0.06509054 0.9660825
v -0.5190831 -0.06398606 0.9538193
v -0.5287907 -0.02772379 0.9524524
v -0.5114284 -0.04221827 1.05562
v -0.5590327 -0.124183 0.855275
v -0.5594488 -0.1360079 0.861097
v -0.5287907 -0.02772379 0.9524524
v -0.5249695 -0.008521557 0.9599336
v -0.508271 -0.02439296 1.060464
v -0.5079787 -0.01673585 1.056826
v -0.5102918 0.004972458 1.029583
v -0.4988878 0.09914839 1.026802
v -0.4991453 0.115307 1.014403
v -0.5154279 0.08921546 0.944706
v -0.5021493 -0.03123283 0.947071
v -0.5287907 -0.02772379 0.9524524
v -0.5190831 -0.06398606 0.9538193
v -0.4983281 -0.01203066 0.9545524
v -0.5249695 -0.008521557 0.9599336
v -0.4887865 0.08570635 0.9393273
v -0.5154279 0.08921546 0.944706
v -0.5620466 -0.1924679 0.810157
v -0.5709493 -0.1763884 0.8047534
v -0.5712959 -0.1862793 0.8096245
v -0.5613531 -0.1726837 0.8004147
v -0.5524455 -0.1887631 0.8058183
v -0.5521012 -0.1788723 0.8009471
v -0.5620466 -0.1924679 0.810157
v -0.5273617 -0.1004687 0.9876001
v -0.5181099 -0.1066573 0.9881327
v -0.5712959 -0.1862793 0.8096245
v -0.527015 -0.0905779 0.9827266
v -0.5709493 -0.1763884 0.8047534
v -0.5613531 -0.1726837 0.8004147
v -0.5174164 -0.08687314 0.9783904
v -0.5524455 -0.1887631 0.8058183
v -0.5620466 -0.1924679 0.810157
v -0.5181099 -0.1066573 0.9881327
v -0.5085112 -0.1029526 0.9837939
v -0.5521012 -0.1788723 0.8009471
v -0.5081645 -0.09306175 0.9789228
v -0.5613531 -0.1726837 0.8004147
v -0.5174164 -0.08687314 0.9783904
v -0.5574256 -0.1851575 0.8401737
v -0.553852 -0.185628 0.8394507
v -0.5564275 -0.1926932 0.8405427
v -0.5604492 -0.2019154 0.8251814
v -0.5576261 -0.1946001 0.8208973
v -0.5627374 -0.1939265 0.8219299
v -0.5576261 -0.1946001 0.8208973
v -0.5564275 -0.1926932 0.8405427
v -0.553852 -0.185628 0.8394507
v -0.5604492 -0.2019154 0.8251814
v -0.5627374 -0.1939265 0.8219299
v -0.5574256 -0.1851575 0.8401737
v -0.5231047 -0.03110409 0.9442628
v -0.5197715 -0.02011621 0.9547083
v -0.5219632 -0.04532617 0.960097
v -0.5290334 -0.03866959 0.9175199
v -0.5291447 -0.04227525 0.9193698
v -0.532587 -0.05092043 0.906735
v -0.5318614 -0.05172777 0.9111951
v -0.5350981 -0.07774505 0.9115022
v -0.5330971 -0.07408738 0.9197759
v -0.5371758 -0.09232375 0.9102417
v -0.5301006 -0.076648 0.9376457
v -0.5169905 -0.04387498 0.9169131
v -0.5231047 -0.03110409 0.9442628
v -0.5109505 -0.03270632 0.9418061
v -0.5291447 -0.04227525 0.9193698
v -0.5219632 -0.04532617 0.960097
v -0.5098063 -0.04692841 0.9576429
v -0.5169905 -0.04387498 0.9169131
v -0.5318614 -0.05172777 0.9111951
v -0.5291447 -0.04227525 0.9193698
v -0.5197071 -0.0533275 0.9087409
v -0.5330971 -0.07408738 0.9197759
v -0.5209429 -0.07568961 0.9173217
v -0.5301006 -0.076648 0.9376457
v -0.5179464 -0.07824776 0.9351892
v -0.5209429 -0.07568961 0.9173217
v -0.5250215 -0.09392354 0.9077875
v -0.5179464 -0.07824776 0.9351892
v -0.5229438 -0.07934484 0.9090455
v -0.5197071 -0.0533275 0.9087409
v -0.5204327 -0.05252022 0.904281
v -0.5169905 -0.04387498 0.9169131
v -0.516879 -0.04027182 0.9150657
v -0.5109505 -0.03270632 0.9418061
v -0.5076172 -0.02171844 0.9522542
v -0.5098063 -0.04692841 0.9576429
v -0.5229438 -0.07934484 0.9090455
v -0.5371758 -0.09232375 0.9102417
v -0.5250215 -0.09392354 0.9077875
v -0.5350981 -0.07774505 0.9115022
v -0.5204327 -0.05252022 0.904281
v -0.532587 -0.05092043 0.906735
v -0.532587 -0.05092043 0.906735
v -0.5204327 -0.05252022 0.904281
v -0.516879 -0.04027182 0.9150657
v -0.5290334 -0.03866959 0.9175199
v -0.5076172 -0.02171844 0.9522542
v -0.5197715 -0.02011621 0.9547083
v -0.5157028 -0.04447675 0.9357216
v -0.524447 -0.03763193 0.9300184
v -0.5238453 -0.04427373 0.9377869
v -0.5163342 -0.03870177 0.9283815
v -0.5163069 -0.06170028 0.9442058
v -0.5244172 -0.06063294 0.9458427
v -0.5255787 -0.06991214 0.9459171
v -0.5163069 -0.06170028 0.9442058
v -0.5244172 -0.06063294 0.9458427
v -0.5174659 -0.07097948 0.9442776
v -0.5120921 -0.06048685 0.9660429
v -0.5163069 -0.06170028 0.9442058
v -0.5174659 -0.07097948 0.9442776
v -0.5157028 -0.04447675 0.9357216
v -0.5109629 -0.02820915 0.9501442
v -0.5163342 -0.03870177 0.9283815
v -0.5190756 -0.02713931 0.9517837
v -0.5238453 -0.04427373 0.9377869
v -0.524447 -0.03763193 0.9300184
v -0.5202073 -0.05941951 0.9676798
v -0.5244172 -0.06063294 0.9458427
v -0.5255787 -0.06991214 0.9459171
v -0.4903838 -0.04860747 1.018838
v -0.4866592 0.08467615 0.9494063
v -0.5009779 -0.06495434 0.9742795
v -0.4747129 0.09050071 1.008392
v -0.4757605 0.1003123 0.9961439
v -0.4958988 -0.07145739 1.054989
v -0.4929543 -0.03897417 1.048703
v -0.493722 -0.0396651 1.045048
v -0.4944006 -0.05629921 1.05272
v -0.4933653 -0.05143058 1.057849
v -0.4914387 -0.05639583 1.06872
v -0.4911465 -0.05356771 1.071249
v -0.491352 -0.05944926 1.074144
v -0.4915552 -0.0597043 1.07035
v -0.4925086 -0.06558084 1.072096
v -0.4949701 -0.06632626 1.056492
v -0.4922064 -0.06315148 1.069198
v -0.5050814 -0.06499398 1.058535
v -0.4944006 -0.05629921 1.05272
v -0.4949701 -0.06632626 1.056492
v -0.5045143 -0.05496693 1.054763
v -0.4922064 -0.06315148 1.069198
v -0.5023201 -0.0618192 1.071241
v -0.4915552 -0.0597043 1.07035
v -0.5016689 -0.05837196 1.072393
v -0.4914387 -0.05639583 1.06872
v -0.5015524 -0.05506349 1.070763
v -0.5045143 -0.05496693 1.054763
v -0.4944006 -0.05629921 1.05272
v -0.503068 -0.03764182 1.050746
v -0.5060125 -0.07012755 1.057032
v -0.5038357 -0.03833276 1.047089
v -0.5045143 -0.05496693 1.054763
v -0.5050814 -0.06499398 1.058535
v -0.5016094 -0.06438226 1.073933
v -0.5023201 -0.0618192 1.071241
v -0.5004554 -0.05824816 1.075981
v -0.5016689 -0.05837196 1.072393
v -0.5002498 -0.05236912 1.073086
v -0.5024663 -0.05023199 1.059686
v -0.5015524 -0.05506349 1.070763
v -0.493722 -0.0396651 1.045048
v -0.503068 -0.03764182 1.050746
v -0.5038357 -0.03833276 1.047089
v -0.4929543 -0.03897417 1.048703
v -0.5024663 -0.05023199 1.059686
v -0.4933653 -0.05143058 1.057849
v -0.5002498 -0.05236912 1.073086
v -0.4911465 -0.05356771 1.071249
v -0.5004554 -0.05824816 1.075981
v -0.491352 -0.05944926 1.074144
v -0.5016094 -0.06438226 1.073933
v -0.4925086 -0.06558084 1.072096
v -0.4958988 -0.07145739 1.054989
v -0.5060125 -0.07012755 1.057032
v -0.4947026 -0.07081848 1.058775
v -0.5060422 -0.04725534 1.045378
v -0.4944847 -0.04877335 1.043052
v -0.505599 -0.06938219 1.060977
v -0.5316237 -0.1425432 0.8492969
v -0.5484212 -0.1582288 0.7978789
v -0.5486614 -0.1654501 0.8014325
v -0.5316237 -0.1425432 0.8492969
v -0.522077 -0.1067762 0.9045929
v -0.5484212 -0.1582288 0.7978789
v -0.5591219 -0.1488556 0.7961949
v -0.5484212 -0.1582288 0.7978789
v -0.5327752 -0.09740537 0.902909
v -0.5316237 -0.1425432 0.8492969
v -0.5223222 -0.1139974 0.9081491
v -0.5703772 -0.1553364 0.8023141
v -0.5484212 -0.1582288 0.7978789
v -0.5591219 -0.1488556 0.7961949
v -0.5486614 -0.1654501 0.8014325
v -0.5706397 -0.1625552 0.8058727
v -0.5439562 -0.1737857 0.8042111
v -0.5758848 -0.1695808 0.8106597
v -0.5445258 -0.1900534 0.8122248
v -0.5764495 -0.1857147 0.8186066
v -0.5544167 -0.1961899 0.8178141
v -0.5670835 -0.1945208 0.8203747
v -0.5764495 -0.1857147 0.8186066
v -0.5407295 -0.1102135 0.9593913
v -0.5409499 -0.116506 0.9624917
v -0.5758848 -0.1695808 0.8106597
v -0.5407295 -0.1102135 0.9593913
v -0.5635522 -0.1383382 0.8557455
v -0.5162922 -0.06834453 1.062373
v -0.5142267 -0.04200286 1.055548
v -0.5407295 -0.1102135 0.9593913
v -0.5409499 -0.116506 0.9624917
v -0.5217651 -0.08783647 1.025576
v -0.4988036 -0.09717259 1.026988
v -0.4971072 -0.09108308 1.020596
v -0.5194545 -0.09445348 1.031158
v -0.4971072 -0.09108308 1.020596
v -0.4927909 -0.09165514 1.055585
v -0.4907948 -0.07831463 1.057143
v -0.4988036 -0.09717259 1.026988
v -0.5134392 -0.08893603 1.059756
v -0.5217651 -0.08783647 1.025576
v -0.5114705 -0.07554102 1.061346
v -0.5194545 -0.09445348 1.031158
v -0.4907948 -0.07831463 1.057143
v -0.5134392 -0.08893603 1.059756
v -0.5114705 -0.07554102 1.061346
v -0.4927909 -0.09165514 1.055585
v -0.4927909 -0.09165514 1.055585
v -0.5194545 -0.09445348 1.031158
v -0.5134392 -0.08893603 1.059756
v -0.4988036 -0.09717259 1.026988
v -0.5190831 -0.06398606 0.9538193
v -0.5324433 -0.1276846 0.849906
v -0.5043706 -0.06859469 0.9607112
v -0.5455114 -0.1194357 0.8493909
v -0.5455114 -0.1194357 0.8493909
v -0.5309624 -0.06509054 0.9660825
v -0.5590327 -0.124183 0.855275
v -0.5190831 -0.06398606 0.9538193
v -0.5328569 -0.1395096 0.8557281
v -0.5590327 -0.124183 0.855275
v -0.5594488 -0.1360079 0.861097
v -0.5455114 -0.1194357 0.8493909
v -0.5324433 -0.1276846 0.849906
v -0.5114284 -0.04221827 1.05562
v -0.4816791 -0.02789462 1.055095
v -0.4848341 -0.04572242 1.050249
v -0.508271 -0.02439296 1.060464
v -0.4816791 -0.02789462 1.055095
v -0.5079787 -0.01673585 1.056826
v -0.481387 -0.02024001 1.051455
v -0.508271 -0.02439296 1.060464
v -0.4836999 0.001470804 1.024212
v -0.5102918 0.004972458 1.029583
v -0.4722959 0.09564674 1.021431
v -0.4988878 0.09914839 1.026802
v -0.4991453 0.115307 1.014403
v -0.4725536 0.1118054 1.009031
v -0.4887865 0.08570635 0.9393273
v -0.4991453 0.115307 1.014403
v -0.5154279 0.08921546 0.944706
v -0.4725536 0.1118054 1.009031
v -0.5140311 0.08828187 0.9549337
v -0.5182188 -0.04493988 1.024459
v -0.5283473 -0.06134868 0.9798068
v -0.5025504 0.0941658 1.014014
v -0.5035756 0.1039774 1.00176
v 0.3409221 0.1006268 1.508353
v 0.3489804 0.1614453 1.398469
v 0.3935832 0.1114042 1.412077
v 0.2941994 0.170514 1.482345
v 0.2454931 0.07480514 1.442472
v 0.3029387 0.09402221 1.3513
v 0.362566 0.1708755 1.375673
v 0.3771299 0.1593577 1.345996
v 0.3180325 0.09261066 1.332472
v 0.3081862 0.03873605 1.480869
v 0.3619123 0.04972142 1.382669
v 0.4095463 0.1114265 1.386891
v 0.3957675 0.03351074 1.337559
v 0.4445505 0.1095122 1.355374
v 0.3180325 0.09261066 1.332472
v 0.3029387 0.09402221 1.3513
v 0.3280793 0.08847255 1.288508
v 0.3954777 0.1566609 1.312881
v 0.3280793 0.08847255 1.288508
v 0.2454931 0.07480514 1.442472
v 0.467814 0.1048194 1.314634
v 0.4189666 0.02561343 1.299075
v 0.5018921 0.07816315 1.182012
v 0.4664173 0.01842195 1.176116
v 0.425378 0.05016965 1.149806
v 0.3493592 0.08474553 1.25229
v 0.4109653 0.1440212 1.279013
v 0.4556152 0.1134695 1.155101
v 0.4463583 0.0260939 1.096642
v 0.4940443 0.004511833 1.112377
v 0.5212132 0.05679166 1.106124
v 0.4985935 0.09367549 1.090993
v 0.4688591 0.07962179 1.079483
v 0.425378 0.05016965 1.149806
v 0.4463583 0.0260939 1.096642
v 0.3493592 0.08474553 1.25229
v 0.4940443 0.004511833 1.112377
v 0.4443078 0.01349384 1.076625
v 0.4463583 0.0260939 1.096642
v 0.4993984 -0.008209527 1.090667
v 0.5353684 0.04816872 1.07666
v 0.5212132 0.05679166 1.106124
v 0.5092843 0.09059232 1.063084
v 0.4985935 0.09367549 1.090993
v 0.4452711 -0.02101266 1.054196
v 0.4961493 -0.03758985 1.06509
v 0.4505385 -0.04883283 1.020953
v 0.479587 -0.06421143 1.032867
v 0.556101 -0.03870177 1.015106
v 0.5356334 0.07461941 0.9823651
v 0.5160176 -0.03526944 1.022726
v 0.4896115 -0.02200568 1.044954
v 0.5666011 -0.04910767 0.9610109
v 0.5717297 -0.003068507 0.9509417
v 0.5635254 0.0122878 0.9993261
v 0.5770516 -0.01687455 0.8979537
v 0.5733493 -0.05534828 0.9102936
v 0.5524062 0.05541474 0.9373536
v 0.5717297 -0.003068507 0.9509417
v 0.5661652 0.03796339 0.9021165
v 0.5770516 -0.01687455 0.8979537
v 0.479587 -0.06421143 1.032867
v 0.4616081 -0.06815386 0.9826449
v 0.4831084 -0.07847807 0.9884099
v 0.4764493 -0.03152508 1.013219
v 0.4795448 -0.05728978 0.9779323
v 0.4961493 -0.03758985 1.06509
v 0.479587 -0.06421143 1.032867
v 0.4688591 0.07962179 1.079483
v 0.5092843 0.09059232 1.063084
v 0.4985935 0.09367549 1.090993
v 0.4737921 0.07697946 1.052247
v 0.4443078 0.01349384 1.076625
v 0.4463583 0.0260939 1.096642
v 0.5356334 0.07461941 0.9823651
v 0.4691117 0.004348397 1.04823
v 0.4452711 -0.02101266 1.054196
v 0.4505385 -0.04883283 1.020953
v 0.4764493 -0.03152508 1.013219
v 0.4616081 -0.06815386 0.9826449
v 0.4795448 -0.05728978 0.9779323
v 0.4896115 -0.02200568 1.044954
v 0.4831084 -0.07847807 0.9884099
v 0.5227386 0.005002201 0.998702
v 0.5524062 0.05541474 0.9373536
v 0.5526241 -0.006651878 0.9499486
v 0.5661652 0.03796339 0.9021165
v 0.5770516 -0.01687455 0.8979537
v 0.4896115 -0.02200568 1.044954
v 0.5160176 -0.03526944 1.022726
v 0.4896115 -0.02200568 1.044954
v 0.5456852 -0.04781002 0.9503869
v 0.5733493 -0.05534828 0.9102936
v 0.5638399 -0.05038059 0.9113486
v 0.5456852 -0.04781002 0.9503869
v 0.5666011 -0.04910767 0.9610109
v 0.5638399 -0.05038059 0.9113486
v 0.5770516 -0.01687455 0.8979537
v 0.5456852 -0.04781002 0.9503869
v 0.5770516 -0.01687455 0.8979537
v 0.5526241 -0.006651878 0.9499486
v 0.5638399 -0.05038059 0.9113486
v 0.5227386 0.005002201 0.998702
v -0.3409167 0.1006268 1.508353
v -0.3489775 0.1614453 1.398469
v -0.2941965 0.170514 1.482345
v -0.3935804 0.1114042 1.412077
v -0.2454902 0.07480514 1.442472
v -0.3029358 0.09402221 1.3513
v -0.3625631 0.1708755 1.375673
v -0.377127 0.1593577 1.345996
v -0.3180296 0.09261066 1.332472
v -0.3081834 0.03873605 1.480869
v -0.3619094 0.04972142 1.382669
v -0.4095434 0.1114265 1.386891
v -0.3957645 0.03351074 1.337559
v -0.4445476 0.1095122 1.355374
v -0.3180296 0.09261066 1.332472
v -0.3029358 0.09402221 1.3513
v -0.328074 0.08847255 1.288508
v -0.3954748 0.1566609 1.312881
v -0.328074 0.08847255 1.288508
v -0.2454902 0.07480514 1.442472
v -0.4678087 0.1048194 1.314634
v -0.4189612 0.02561343 1.299075
v -0.5018893 0.07816315 1.182012
v -0.4664145 0.01842195 1.176116
v -0.4253752 0.05016965 1.149806
v -0.3493539 0.08474553 1.25229
v -0.4109623 0.1440212 1.279013
v -0.4556122 0.1134695 1.155101
v -0.4463554 0.0260939 1.096642
v -0.494039 0.004511833 1.112377
v -0.5212103 0.05679166 1.106124
v -0.4985906 0.09367549 1.090993
v -0.4688562 0.07962179 1.079483
v -0.4253752 0.05016965 1.149806
v -0.4463554 0.0260939 1.096642
v -0.3493539 0.08474553 1.25229
v -0.494039 0.004511833 1.112377
v -0.444305 0.01349384 1.076625
v -0.4993954 -0.008209527 1.090667
v -0.4463554 0.0260939 1.096642
v -0.5353655 0.04816872 1.07666
v -0.5212103 0.05679166 1.106124
v -0.5092813 0.09059232 1.063084
v -0.4985906 0.09367549 1.090993
v -0.4452683 -0.02101266 1.054196
v -0.4961464 -0.03758985 1.06509
v -0.4505356 -0.04883283 1.020953
v -0.479584 -0.06421143 1.032867
v -0.5560982 -0.03870177 1.015106
v -0.5356305 0.07461941 0.9823651
v -0.5160123 -0.03526944 1.022726
v -0.4896087 -0.02200568 1.044954
v -0.5665982 -0.04910767 0.9610109
v -0.571722 -0.003068507 0.9509417
v -0.56352 0.0122878 0.9993261
v -0.5770487 -0.01687455 0.8979537
v -0.5733439 -0.05534828 0.9102936
v -0.5524034 0.05541474 0.9373536
v -0.571722 -0.003068507 0.9509417
v -0.5661599 0.03796339 0.9021165
v -0.5770487 -0.01687455 0.8979537
v -0.4616027 -0.06815386 0.9826449
v -0.479584 -0.06421143 1.032867
v -0.4831031 -0.07847807 0.9884099
v -0.4764464 -0.03152508 1.013219
v -0.4795395 -0.05728978 0.9779323
v -0.4961464 -0.03758985 1.06509
v -0.479584 -0.06421143 1.032867
v -0.4688562 0.07962179 1.079483
v -0.5092813 0.09059232 1.063084
v -0.4737868 0.07697946 1.052247
v -0.4985906 0.09367549 1.090993
v -0.444305 0.01349384 1.076625
v -0.4463554 0.0260939 1.096642
v -0.5356305 0.07461941 0.9823651
v -0.4691088 0.004348397 1.04823
v -0.4452683 -0.02101266 1.054196
v -0.4505356 -0.04883283 1.020953
v -0.4764464 -0.03152508 1.013219
v -0.4616027 -0.06815386 0.9826449
v -0.4795395 -0.05728978 0.9779323
v -0.4896087 -0.02200568 1.044954
v -0.4831031 -0.07847807 0.9884099
v -0.5227358 0.005002201 0.998702
v -0.5524034 0.05541474 0.9373536
v -0.5526163 -0.006651878 0.9499486
v -0.5661599 0.03796339 0.9021165
v -0.5770487 -0.01687455 0.8979537
v -0.4896087 -0.02200568 1.044954
v -0.5160123 -0.03526944 1.022726
v -0.4896087 -0.02200568 1.044954
v -0.5456824 -0.04781002 0.9503869
v -0.5733439 -0.05534828 0.9102936
v -0.5638345 -0.05038059 0.9113486
v -0.5456824 -0.04781002 0.9503869
v -0.5665982 -0.04910767 0.9610109
v -0.5638345 -0.05038059 0.9113486
v -0.5770487 -0.01687455 0.8979537
v -0.5456824 -0.04781002 0.9503869
v -0.5770487 -0.01687455 0.8979537
v -0.5638345 -0.05038059 0.9113486
v -0.5526163 -0.006651878 0.9499486
v -0.5227358 0.005002201 0.998702
v 0.08116996 0.05224985 1.748667
v 0.1266371 -0.02800608 1.666581
v 0.1200795 0.04813653 1.722006
v 0.06261659 -0.02303839 1.688844
v 0.04048228 -0.0137617 1.687277
v 0.06335211 0.0414601 1.735136
v 0.07644248 0.09233081 1.775061
v 0.06397861 0.07950294 1.761636
v 0.03827584 0.1097624 1.777607
v 0.05220819 0.1180212 1.787411
v 2.682209E-06 0.1221766 1.783515
v 2.682209E-06 0.1417131 1.79482
v 0.04372889 0.1601551 1.751797
v 0.09389877 0.132439 1.749152
v 0.1114814 0.08901238 1.741699
v 2.682209E-06 -0.09579819 1.612776
v 2.682209E-06 0.1417131 1.79482
v 2.682209E-06 0.171517 1.752293
v 0.07008052 -0.0546326 1.659244
v 2.682209E-06 -0.09579819 1.612776
v -0.1266317 -0.02800608 1.666581
v -0.0811621 0.05224985 1.748667
v -0.1200717 0.04813653 1.722006
v -0.06260878 -0.02303839 1.688844
v -0.04047698 -0.0137617 1.687277
v -0.06334424 0.0414601 1.735136
v -0.07643712 0.09233081 1.775061
v -0.06397325 0.07950294 1.761636
v -0.03827047 0.1097624 1.777607
v -0.05220282 0.1180212 1.787411
v 2.682209E-06 0.1221766 1.783515
v 2.682209E-06 0.1417131 1.79482
v -0.04372352 0.1601551 1.751797
v -0.09389341 0.132439 1.749152
v -0.111476 0.08901238 1.741699
v 2.682209E-06 -0.09579819 1.612776
v -0.07007271 -0.0546326 1.659244
v 2.682209E-06 0.1417131 1.79482
v 2.682209E-06 0.171517 1.752293
vt 0.3614938 0.7023889
vt 0.329997 0.703176
vt 0.3579975 0.6364893
vt 0.4144829 0.6304805
vt 0.3178735 0.6461911
vt 0.3294824 0.5736924
vt 0.3878749 0.5735714
vt 0.3885862 0.4994986
vt 0.3347798 0.5077928
vt 0.3817753 0.4458889
vt 0.2867854 0.5083982
vt 0.2819874 0.566488
vt 0.4111834 0.7034787
vt 0.3899938 0.7651858
vt 0.3549705 0.7576786
vt 0.3061739 0.7020711
vt 0.3327819 0.7495812
vt 0.3233828 0.7956837
vt 0.3513834 0.8064753
vt 0.2958817 0.7436935
vt 0.278582 0.7796856
vt 0.2609946 0.7160865
vt 0.2770836 0.6705894
vt 0.2382763 0.7568765
vt 0.28898 0.6387899
vt 0.2597989 0.5966983
vt 0.2492798 0.6055979
vt 0.2195992 0.6966829
vt 0.230194 0.6493847
vt 0.2694705 0.6335833
vt 0.2230955 0.5992713
vt 0.1998778 0.7365799
vt 0.1571807 0.7178876
vt 0.1758881 0.6796858
vt 0.1861953 0.6428764
vt 0.1870883 0.5923998
vt 0.8777782 0.4206885
vt 0.8268778 0.3444816
vt 0.8993916 0.3519736
vt 0.8196885 0.4196744
vt 0.7557867 0.4164959
vt 0.7557867 0.3410761
vt 0.7557867 0.2782793
vt 0.8354899 0.2730727
vt 0.8222918 0.4859827
vt 0.9138762 0.4868908
vt 0.7557867 0.189283
vt 0.8329774 0.189283
vt 0.9243802 0.2104726
vt 0.7557867 0.4874811
vt 0.9157833 0.4394867
vt 0.9423913 0.4148765
vt 0.931176 0.255894
vt 0.9509883 0.3312986
vt 0.7557867 0.5836818
vt 0.8316757 0.5815932
vt 0.9501861 0.5627949
vt 0.8915969 0.6171917
vt 0.9570727 0.629073
vt 0.9191887 0.6650953
vt 0.8824702 0.6871778
vt 0.8523961 0.6389715
vt 0.8488998 0.6973943
vt 0.8128927 0.6587989
vt 0.8420738 0.6102748
vt 0.7829851 0.6191744
vt 0.7557867 0.6501869
vt 0.7557867 0.6179787
vt 0.4625833 0.2518831
vt 0.4318887 0.2375801
vt 0.3666853 0.2602984
vt 0.4522912 0.1952766
vt 0.5070966 0.1785822
vt 0.3620841 0.2997716
vt 0.4257739 0.2943985
vt 0.4873903 0.2945952
vt 0.4994986 0.2360968
vt 0.5555754 0.2465857
vt 0.5688794 0.1848937
vt 0.5418778 0.3056895
vt 0.5274991 0.3608884
vt 0.4752971 0.3487801
vt 0.4228982 0.3446784
vt 0.3559845 0.3439973
vt 0.4318887 0.2375801
vt 0.3666853 0.2602984
vt 0.3666853 0.2602984
vt 0.2811701 0.4756906
vt 0.329997 0.4500966
vt 0.2759938 0.4556816
vt 0.448689 0.4421959
vt 0.4481744 0.4963807
vt 0.4474781 0.5716794
vt 0.4468727 0.6303898
vt 0.4462976 0.705295
vt 0.4185846 0.7681978
vt 0.445677 0.766775
vt 0.3855743 0.8062936
vt 0.4455711 0.7875863
vt 0.4040849 0.8128927
vt 0.3762963 0.8310703
vt 0.3910987 0.8377904
vt 0.4189933 0.8344758
vt 0.4063703 0.8584957
vt 0.4228982 0.7953961
vt 0.4454803 0.7999821
vt 0.4303903 0.8152841
vt 0.4728905 0.7686821
vt 0.4813815 0.7040841
vt 0.5014814 0.7661847
vt 0.5309954 0.7038722
vt 0.5365804 0.7592981
vt 0.4792928 0.6309952
vt 0.5355966 0.6380785
vt 0.5623863 0.705295
vt 0.5754936 0.6485825
vt 0.5653831 0.5758719
vt 0.5070966 0.5744946
vt 0.5077928 0.5004824
vt 0.5614781 0.5097756
vt 0.5154967 0.4470998
vt 0.6094877 0.511395
vt 0.6129991 0.5696816
vt 0.5862851 0.7045987
vt 0.55889 0.751579
vt 0.5666999 0.8015865
vt 0.5392745 0.8080796
vt 0.5958961 0.7462968
vt 0.6157992 0.7883733
vt 0.6311919 0.719386
vt 0.61589 0.673677
vt 0.6532745 0.7604938
vt 0.6339768 0.604493
vt 0.6729808 0.7005727
vt 0.6630974 0.6531988
vt 0.6155873 0.4786723
vt 0.6240934 0.6367769
vt 0.604493 0.6416959
vt 0.6425889 0.6095785
vt 0.6710889 0.6031762
vt 0.5671842 0.4521853
vt 0.6211722 0.4587843
vt 0.6919758 0.7407875
vt 0.7349907 0.7227764
vt 0.7168887 0.6842719
vt 0.7071717 0.647296
vt 0.707081 0.5967891
vt 0.7264845 0.796274
vt 0.6771733 0.8905979
vt 0.7198704 0.8726927
vt 0.6321757 0.8103802
vt 0.5725724 0.8796853
vt 0.5735714 0.8034784
vt 0.4941861 0.8384715
vt 0.4814875 0.8383808
vt 0.4936715 0.8435722
vt 0.4834853 0.8440716
vt 0.4733749 0.8366704
vt 0.4732992 0.8419981
vt 0.916979 0.189283
vt 0.3301938 0.3289829
vt 0.324185 0.3548796
vt 0.3076723 0.3507779
vt 0.3202952 0.3910987
vt 0.2754943 0.3902965
vt 0.2767808 0.3548796
vt 0.2731786 0.4169954
vt 0.2361725 0.3575889
vt 0.2390936 0.3921885
vt 0.2007708 0.3932782
vt 0.2021935 0.4176916
vt 0.2383823 0.4158754
vt 0.2023902 0.4417721
vt 0.1474789 0.4168895
vt 0.1508844 0.4422867
vt 0.1495827 0.3885862
vt 0.1503849 0.3592992
vt 0.1105939 0.3557726
vt 0.2386698 0.4389872
vt 0.1976983 0.35827
vt 0.2733754 0.4377764
vt 0.09839474 0.4251988
vt 0.09719905 0.3917798
vt 0.08618046 0.3553942
vt 0.08327445 0.3370804
vt 0.1052965 0.4527756
vt 0.1575894 0.3110929
vt 0.1244882 0.3093826
vt 0.08327445 0.3020721
vt 0.1963966 0.3126972
vt 0.2360968 0.3304965
vt 0.2547891 0.3071879
vt 0.2991813 0.2999835
vt 0.3301938 0.2968958
vt 0.1252753 0.2562875
vt 0.1635982 0.2588756
vt 0.08327445 0.2467976
vt 0.08327445 0.2302999
vt 0.1256991 0.2201744
vt 0.08327445 0.2115926
vt 0.08327445 0.1692739
vt 0.1219909 0.1864829
vt 0.2582702 0.268971
vt 0.3024808 0.2630833
vt 0.2584973 0.2503847
vt 0.2987726 0.2474787
vt 0.2590724 0.2298762
vt 0.2112899 0.2620844
vt 0.2044941 0.2200987
vt 0.2573924 0.2094736
vt 0.2032832 0.1540931
vt 0.2518831 0.155092
vt 0.1944895 0.08159442
vt 0.1568931 0.1485838
vt 0.1557883 0.06338651
vt 0.1156794 0.06998555
vt 0.116981 0.03187456
vt 0.155092 0.03139023
vt 0.1173746 0.1523828
vt 0.08327445 0.06919851
vt 0.08327445 0.04159151
vt 0.08327445 0.01577047
vt 0.1213703 0.01068497
vt 0.1528823 0.008687096
vt 0.1897824 0.01189581
vt 0.190176 0.03658168
vt 0.2442851 0.08109496
vt 0.2371866 0.04628349
vt 0.2372925 0.02288412
vt 0.257574 0.02748529
vt 0.266398 0.0509906
vt 0.281488 0.02538147
vt 0.2975921 0.05009761
vt 0.3301938 0.04469427
vt 0.3301938 0.06948609
vt 0.2954882 0.07847653
vt 0.3301938 0.1652933
vt 0.3020721 0.1581797
vt 0.3301938 0.2064919
vt 0.3006948 0.2085806
vt 0.3000743 0.228287
vt 0.3301938 0.2471911
vt 0.3301938 0.2277875
vt 0.324185 0.3548796
vt 0.3301938 0.3289829
vt 0.3278932 0.3389874
vt 0.3301938 0.3289829
vt 0.08327445 0.3391993
vt 0.08618046 0.3553942
vt 0.3184941 0.420189
vt 0.3169957 0.438291
vt 0.3746919 0.415497
vt 0.3723913 0.388783
vt 0.3528969 0.3510807
vt 0.3301938 0.3289829
vt 0.3710897 0.3533964
vt 0.411698 0.3560753
vt 0.408792 0.3907809
vt 0.4469787 0.3918706
vt 0.445677 0.4161781
vt 0.4094882 0.4144829
vt 0.4454803 0.4375493
vt 0.4091855 0.4374737
vt 0.4501874 0.3568926
vt 0.3744951 0.4363839
vt 0.1630835 0.2218998
vt 0.1582705 0.1822904
vt 0.3301938 0.02058354
vt 0.3313895 0.8602666
vt 0.3270002 0.8552719
vt 0.3424837 0.8559076
vt 0.3248056 0.8413624
vt 0.3431194 0.8427548
vt 0.3257591 0.8318271
vt 0.3412275 0.8310249
vt 0.3252747 0.829466
vt 0.3412275 0.8297838
vt 0.3270002 0.8222767
vt 0.3405918 0.8230485
vt 0.333569 0.8199307
vt 0.3362328 0.8612201
vt 0.3396685 0.8599638
vt 0.1580283 0.5375339
vt 0.1535785 0.5136502
vt 0.1444064 0.5236548
vt 0.1627052 0.5332052
vt 0.1404561 0.49965
vt 0.1325403 0.509488
vt 0.178219 0.5302386
vt 0.17666 0.5549397
vt 0.1961544 0.5536683
vt 0.2225355 0.5336139
vt 0.1910689 0.5196741
vt 0.2140748 0.5149065
vt 0.1655203 0.5013754
vt 0.1523071 0.488253
vt 0.2255323 0.5055376
vt 0.2083233 0.5797315
vt 0.214998 0.5657615
vt 0.2301637 0.5513526
vt 0.2374136 0.5647474
vt 0.2487652 0.5514283
vt 0.2289529 0.5823499
vt 0.2451932 0.5775217
vt 0.2555004 0.5685767
vt 0.2635071 0.5542737
vt 0.2609189 0.5167076
vt 0.2469641 0.5199012
vt 0.2549253 0.4856043
vt 0.2416213 0.4876324
vt 0.2460711 0.4673056
vt 0.2580886 0.4851805
vt 0.2569686 0.4670028
vt 0.2581946 0.4462219
vt 0.2456624 0.4467365
vt 0.2294978 0.4481592
vt 0.2293767 0.4692883
vt 0.2302999 0.4938228
vt 0.2225355 0.5336139
vt 0.8777782 0.4206885
vt 0.8993916 0.3519736
vt 0.8268778 0.3444816
vt 0.8196885 0.4196744
vt 0.7557867 0.4164959
vt 0.7557867 0.3410761
vt 0.7557867 0.2782793
vt 0.8354899 0.2730727
vt 0.8222918 0.4859827
vt 0.9138762 0.4868908
vt 0.7557867 0.189283
vt 0.8329774 0.189283
vt 0.9243802 0.2104726
vt 0.7557867 0.4874811
vt 0.9157833 0.4394867
vt 0.9423913 0.4148765
vt 0.931176 0.255894
vt 0.9509883 0.3312986
vt 0.7557867 0.5836818
vt 0.8316757 0.5815932
vt 0.9501861 0.5627949
vt 0.8915969 0.6171917
vt 0.9570727 0.629073
vt 0.9191887 0.6650953
vt 0.8824702 0.6871778
vt 0.8523961 0.6389715
vt 0.8488998 0.6973943
vt 0.8128927 0.6587989
vt 0.8420738 0.6102748
vt 0.7829851 0.6191744
vt 0.7557867 0.6501869
vt 0.7557867 0.6179787
vt 0.4625833 0.2518831
vt 0.3666853 0.2602984
vt 0.4318887 0.2375801
vt 0.4522912 0.1952766
vt 0.5070966 0.1785822
vt 0.3620841 0.2997716
vt 0.4257739 0.2943985
vt 0.4873903 0.2945952
vt 0.4994986 0.2360968
vt 0.5555754 0.2465857
vt 0.5688794 0.1848937
vt 0.5418778 0.3056895
vt 0.5274991 0.3608884
vt 0.4752971 0.3487801
vt 0.4228982 0.3446784
vt 0.3559845 0.3439973
vt 0.4318887 0.2375801
vt 0.3666853 0.2602984
vt 0.3666853 0.2602984
vt 0.5051744 0.8073834
vt 0.5140892 0.8322812
vt 0.4865881 0.8135889
vt 0.4991808 0.8387894
vt 0.4712862 0.8349752
vt 0.4834853 0.8590708
vt 0.4680926 0.7957745
vt 0.4601919 0.8155717
vt 0.7262726 0.7964708
vt 0.7198704 0.8726927
vt 0.6767798 0.8906736
vt 0.6318882 0.8104861
vt 0.5725724 0.8796853
vt 0.5732989 0.8034784
vt 0.4941861 0.8384715
vt 0.4936715 0.8435722
vt 0.4814875 0.8383808
vt 0.4834853 0.8440716
vt 0.4733749 0.8366704
vt 0.4732992 0.8419981
vt 0.916979 0.189283
vt 0.2007708 0.3932782
vt 0.1503849 0.3592992
vt 0.1495827 0.3885862
vt 0.1474789 0.4168895
vt 0.2021935 0.4176916
vt 0.2023902 0.4417721
vt 0.1508844 0.4422867
vt 0.1976983 0.35827
vt 0.09839474 0.4251988
vt 0.09719905 0.3917798
vt 0.1105939 0.3557726
vt 0.08618046 0.3553942
vt 0.08327445 0.3370804
vt 0.1052965 0.4527756
vt 0.1575894 0.3110929
vt 0.1244882 0.3093826
vt 0.08327445 0.3020721
vt 0.1963966 0.3126972
vt 0.2360968 0.3304965
vt 0.2547891 0.3071879
vt 0.2767808 0.3548796
vt 0.3076723 0.3507779
vt 0.2991813 0.2999835
vt 0.3301938 0.3289829
vt 0.3301938 0.2968958
vt 0.2361725 0.3575889
vt 0.1252753 0.2562875
vt 0.1635982 0.2588756
vt 0.08327445 0.2467976
vt 0.08327445 0.2302999
vt 0.1256991 0.2201744
vt 0.08327445 0.2115926
vt 0.08327445 0.1692739
vt 0.1219909 0.1864829
vt 0.2582702 0.268971
vt 0.3024808 0.2630833
vt 0.2584973 0.2503847
vt 0.2987726 0.2474787
vt 0.2590724 0.2298762
vt 0.2112899 0.2620844
vt 0.2044941 0.2200987
vt 0.2573924 0.2094736
vt 0.2032832 0.1540931
vt 0.2518831 0.155092
vt 0.1944895 0.08159442
vt 0.1568931 0.1485838
vt 0.1557883 0.06338651
vt 0.1156794 0.06998555
vt 0.116981 0.03187456
vt 0.155092 0.03139023
vt 0.1173746 0.1523828
vt 0.08327445 0.06919851
vt 0.08327445 0.04159151
vt 0.08327445 0.01577047
vt 0.1213703 0.01068497
vt 0.1528823 0.008687096
vt 0.1897824 0.01189581
vt 0.190176 0.03658168
vt 0.2442851 0.08109496
vt 0.2371866 0.04628349
vt 0.2372925 0.02288412
vt 0.257574 0.02748529
vt 0.266398 0.0509906
vt 0.281488 0.02538147
vt 0.2975921 0.05009761
vt 0.3301938 0.04469427
vt 0.3301938 0.06948609
vt 0.2954882 0.07847653
vt 0.3301938 0.1652933
vt 0.3020721 0.1581797
vt 0.3301938 0.2064919
vt 0.3006948 0.2085806
vt 0.3000743 0.228287
vt 0.3301938 0.2471911
vt 0.3301938 0.2277875
vt 0.08327445 0.3391993
vt 0.08618046 0.3553942
vt 0.1630835 0.2218998
vt 0.1582705 0.1822904
vt 0.3301938 0.02058354
vt 0.3313895 0.8602666
vt 0.3362328 0.8612201
vt 0.3270002 0.8552719
vt 0.3396685 0.8599638
vt 0.3424837 0.8559076
vt 0.3248056 0.8413624
vt 0.3431194 0.8427548
vt 0.3257591 0.8318271
vt 0.3412275 0.8310249
vt 0.3252747 0.829466
vt 0.3412275 0.8297838
vt 0.3270002 0.8222767
vt 0.3405918 0.8230485
vt 0.333569 0.8199307
vt 0.1580283 0.5375339
vt 0.1535785 0.5136502
vt 0.1627052 0.5332052
vt 0.1444064 0.5236548
vt 0.1404561 0.49965
vt 0.1325403 0.509488
vt 0.178219 0.5302386
vt 0.17666 0.5549397
vt 0.1961544 0.5536683
vt 0.2225355 0.5336139
vt 0.1910689 0.5196741
vt 0.2140748 0.5149065
vt 0.1655203 0.5013754
vt 0.1523071 0.488253
vt 0.2255323 0.5055376
vt 0.2083233 0.5797315
vt 0.214998 0.5657615
vt 0.2301637 0.5513526
vt 0.2374136 0.5647474
vt 0.2487652 0.5514283
vt 0.2289529 0.5823499
vt 0.2451932 0.5775217
vt 0.2555004 0.5685767
vt 0.2635071 0.5542737
vt 0.2609189 0.5167076
vt 0.2469641 0.5199012
vt 0.2549253 0.4856043
vt 0.2416213 0.4876324
vt 0.2460711 0.4673056
vt 0.2580886 0.4851805
vt 0.2569686 0.4670028
vt 0.2581946 0.4462219
vt 0.2456624 0.4467365
vt 0.2294978 0.4481592
vt 0.2293767 0.4692883
vt 0.2302999 0.4938228
vt 0.2225355 0.5336139
vt 0.06187297 0.6405759
vt 0.01489262 0.6534713
vt 0.007370314 0.6391985
vt 0.05477446 0.6556962
vt 0.0545777 0.7642928
vt 0.06199406 0.7822888
vt 0.01639103 0.7631879
vt 0.008777908 0.7827883
vt 0.007370314 0.6391985
vt 0.03617302 0.6925812
vt 0.03617302 0.6925812
vt 0.03617302 0.6925812
vt 0.03617302 0.6925812
vt 0.06187297 0.6405759
vt 0.01489262 0.6534713
vt 0.007370314 0.6391985
vt 0.05477446 0.6556962
vt 0.0545777 0.7642928
vt 0.06199406 0.7822888
vt 0.01639103 0.7631879
vt 0.008777908 0.7827883
vt 0.07573701 0.5965772
vt 0.08512098 0.575766
vt 0.02592634 0.5938831
vt 0.01244068 0.575766
vt 0.9738276 0.3292857
vt 0.9645496 0.3278024
vt 0.9738276 0.3266975
vt 0.9831208 0.3277116
vt 0.9739336 0.2457835
vt 0.9836202 0.2440127
vt 0.9831208 0.3277116
vt 0.9645496 0.3278024
vt 0.9643377 0.2440127
vt 0.9738276 0.3292857
vt 0.9739336 0.2457835
vt 0.9643377 0.2440127
vt 0.9738276 0.3292857
vt 0.9836202 0.2440127
vt 0.9738276 0.3292857
vt 0.9831208 0.3277116
vt 0.9739336 0.2457835
vt 0.9738276 0.3266975
vt 0.9643377 0.2440127
vt 0.9739336 0.2457835
vt 0.9738276 0.3266975
vt 0.9739336 0.2457835
vt 0.0902973 0.6720878
vt 0.0902973 0.7829851
vt 0.1270915 0.6720878
vt 0.1270915 0.7829851
vt 0.08059549 0.6069753
vt 0.08059549 0.6253648
vt 0.015271 0.6069753
vt 0.02379225 0.6253648
vt 0.06677685 0.7732832
vt 0.0902973 0.7829851
vt 0.06677685 0.6837724
vt 0.0902973 0.6720878
vt 0.1390939 0.777279
vt 0.1535785 0.777279
vt 0.1390939 0.6838783
vt 0.1535785 0.6838783
vt 0.07573701 0.5965772
vt 0.05494095 0.575766
vt 0.02592634 0.5938831
vt 0.08512098 0.575766
vt 0.08512098 0.5951696
vt 0.01244068 0.575766
vt 0.01201689 0.5889792
vt 0.08059549 0.6253648
vt 0.04797865 0.6069753
vt 0.08908646 0.6220652
vt 0.02379225 0.6253648
vt 0.00668922 0.6221712
vt 0.00668922 0.6069753
vt 0.08908646 0.6069753
vt 0.0902973 0.6720878
vt 0.0902973 0.7829851
vt 0.1270915 0.6720878
vt 0.1270915 0.7829851
vt 0.1390939 0.777279
vt 0.1390939 0.6838783
vt 0.1535785 0.777279
vt 0.1535785 0.6838783
vt 0.0902973 0.7829851
vt 0.0902973 0.6720878
vt 0.0902973 0.7829851
vt 0.0902973 0.6720878
vt 0.06677685 0.7732832
vt 0.0902973 0.7829851
vt 0.06677685 0.6837724
vt 0.0902973 0.6720878
vt 0.9147692 0.1722405
vt 0.9907641 0.2198262
vt 0.9498834 0.2198262
vt 0.9907641 0.0169359
vt 0.9159649 0.0169359
vt 0.8648828 0.1322224
vt 0.8648828 0.15933
vt 0.9907641 0.2198262
vt 0.9907641 0.0169359
vt 0.9907641 0.2198262
vt 0.9907641 0.0169359
vt 0.8941699 0.01153255
vt 0.8809566 0.04092555
vt 0.8938823 0.03102698
vt 0.8395613 0.0123196
vt 0.8395613 0.04361965
vt 0.863672 0.06523304
vt 0.871164 0.06571737
vt 0.8212172 0.01636075
vt 0.8035087 0.05217117
vt 0.8212172 0.05206522
vt 0.8035087 0.01636075
vt 0.7440265 0.05217117
vt 0.7440265 0.01636075
vt 0.8245167 0.03416001
vt 0.7440265 0.01636075
vt 0.7440265 0.05217117
vt 0.7440265 0.05217117
vt 0.7440265 0.01636075
vt 0.4531237 0.8628547
vt 0.449915 0.8737371
vt 0.4403342 0.8759317
vt 0.4340379 0.8689543
vt 0.4328422 0.861432
vt 0.4372163 0.8531529
vt 0.4471149 0.8525475
vt 0.4577248 0.8762496
vt 0.4551215 0.8476436
vt 0.1346744 0.6633396
vt 0.1165724 0.6537285
vt 0.1524736 0.6538497
vt 0.1148772 0.633326
vt 0.1359609 0.6203398
vt 0.157771 0.6318427
vt 0.1346744 0.6633396
vt 0.1524736 0.6538497
vt 0.1165724 0.6537285
vt 0.157771 0.6318427
vt 0.1359609 0.6203398
vt 0.1148772 0.633326
vt 0.8917936 0.7452827
vt 0.83048 0.7788834
vt 0.8919753 0.7109708
vt 0.926484 0.7217926
vt 0.9613863 0.7093967
vt 0.9877976 0.6593892
vt 0.874176 0.7021922
vt 0.9155865 0.7632788
vt 0.9603722 0.7434968
vt 0.9884939 0.7396826
vt 0.9867987 0.7620831
vt 0.9638836 0.7683945
vt 0.9438746 0.7802758
vt 0.9077918 0.8107889
vt 0.9419978 0.8235934
vt 0.9110762 0.8500804
vt 0.9564824 0.848582
vt 0.9318874 0.8956985
vt 0.9555743 0.8312822
vt 0.9602966 0.8356866
vt 0.9674859 0.8176906
vt 0.9601755 0.7934739
vt 0.9784742 0.7947907
vt 0.9849976 0.8170852
vt 0.9871922 0.7778844
vt 0.9691962 0.7782779
vt 0.97018 0.783091
vt 0.9870711 0.7824856
vt 0.9871922 0.7912944
vt 0.9659875 0.8227761
vt 0.9833781 0.8274984
vt 0.8974845 0.9080793
vt 0.8734949 0.8544848
vt 0.8359742 0.8727987
vt 0.870483 0.8030849
vt 0.8438749 0.9381837
vt 0.8899925 0.9332798
vt 0.87239 0.9784742
vt 0.9293749 0.9801996
vt 0.9332798 0.9345966
vt 0.9763855 0.9348993
vt 0.9886906 0.9814861
vt 0.943799 0.9165703
vt 0.9676978 0.9043711
vt 0.976885 0.8673953
vt 0.9799877 0.9108794
vt 0.9888874 0.9345966
vt 0.9887965 0.9110762
vt 0.9883879 0.8794885
vt 0.9779747 0.851594
vt 0.9880852 0.8584957
vt 0.9785802 0.8441927
vt 0.9880852 0.8584957
vt 0.9833781 0.8274984
vt 0.9880852 0.8584957
vt 0.9881911 0.843996
vt 0.6266967 0.8892812
vt 0.6771733 0.8905979
vt 0.6373823 0.9773996
vt 0.6321757 0.8103802
vt 0.5726935 0.9765974
vt 0.5727843 0.8796853
vt 0.5735714 0.8034784
vt 0.7264845 0.796274
vt 0.7198704 0.8726927
vt 0.7530775 0.9247737
vt 0.7646712 0.9727984
vt 0.7402729 0.920672
vt 0.7514883 0.8273773
vt 0.7856792 0.7475985
vt 0.7863905 0.8159955
vt 0.7489909 0.8426943
vt 0.7213839 0.8827881
vt 0.7723752 0.9134827
vt 0.7959713 0.914194
vt 0.8285881 0.9863749
vt 0.7213839 0.8827881
vt 0.7198704 0.8726927
vt 0.9883879 0.7077771
vt 0.9877976 0.6593892
vt 0.7445865 0.174874
vt 0.633886 0.1223844
vt 0.7505953 0.1367933
vt 0.631979 0.174874
vt 0.8019952 0.174874
vt 0.8091996 0.1485838
vt 0.5452984 0.1199779
vt 0.5545915 0.174874
vt 0.7765828 0.07847653
vt 0.8319936 0.1156794
vt 0.6555902 0.02857504
vt 0.5469936 0.01189581
vt 0.4690915 0.01189581
vt 0.4798831 0.1186762
vt 0.4123791 0.1203714
vt 0.4845751 0.174874
vt 0.4223836 0.174874
vt 0.4013908 0.01189581
vt 0.3572862 0.1181919
vt 0.3560753 0.01189581
vt 0.3572862 0.174874
vt 0.7285732 0.3764476
vt 0.6251832 0.5208396
vt 0.7267873 0.4741316
vt 0.6344914 0.4247448
vt 0.6409845 0.5879349
vt 0.7489909 0.5416508
vt 0.7400761 0.2789301
vt 0.5335987 0.8324931
vt 0.561796 0.9097745
vt 0.5082923 0.8501712
vt 0.4938834 0.8815772
vt 0.5628858 0.8216712
vt 0.4962748 0.9284819
vt 0.5202947 0.9783834
vt 0.5603732 0.9919901
vt 0.8917936 0.7452827
vt 0.8919753 0.7109708
vt 0.83048 0.7788834
vt 0.926484 0.7217926
vt 0.9613863 0.7093967
vt 0.874176 0.7021922
vt 0.9155865 0.7632788
vt 0.9603722 0.7434968
vt 0.9884939 0.7396826
vt 0.9867987 0.7620831
vt 0.9638836 0.7683945
vt 0.9438746 0.7802758
vt 0.9077918 0.8107889
vt 0.9419978 0.8235934
vt 0.9110762 0.8500804
vt 0.9564824 0.848582
vt 0.9318874 0.8956985
vt 0.9555743 0.8312822
vt 0.9602966 0.8356866
vt 0.9674859 0.8176906
vt 0.9601755 0.7934739
vt 0.9784742 0.7947907
vt 0.9849976 0.8170852
vt 0.9871922 0.7778844
vt 0.9691962 0.7782779
vt 0.97018 0.783091
vt 0.9870711 0.7824856
vt 0.9871922 0.7912944
vt 0.9659875 0.8227761
vt 0.9833781 0.8274984
vt 0.8974845 0.9080793
vt 0.943799 0.9165703
vt 0.8899925 0.9332798
vt 0.8438749 0.9381837
vt 0.8359742 0.8727987
vt 0.8734949 0.8544848
vt 0.870483 0.8030849
vt 0.87239 0.9784742
vt 0.9293749 0.9801996
vt 0.9332798 0.9345966
vt 0.9763855 0.9348993
vt 0.9886906 0.9814861
vt 0.7959713 0.914194
vt 0.7863905 0.8159955
vt 0.7646712 0.9727984
vt 0.8285881 0.9863749
vt 0.7530775 0.9247737
vt 0.6771733 0.8905979
vt 0.7198704 0.8726927
vt 0.7723752 0.9134827
vt 0.7402729 0.920672
vt 0.7262726 0.7964708
vt 0.7514883 0.8273773
vt 0.7489909 0.8426943
vt 0.7213839 0.8827881
vt 0.7856792 0.7475985
vt 0.7213839 0.8827881
vt 0.7198704 0.8726927
vt 0.6321757 0.8103802
vt 0.6266967 0.8892812
vt 0.6373823 0.9773996
vt 0.5726935 0.9765974
vt 0.5727843 0.8796853
vt 0.5735714 0.8034784
vt 0.9676978 0.9043711
vt 0.9799877 0.9108794
vt 0.976885 0.8673953
vt 0.9883879 0.8794885
vt 0.9779747 0.851594
vt 0.9880852 0.8584957
vt 0.9887965 0.9110762
vt 0.9888874 0.9345966
vt 0.9785802 0.8441927
vt 0.9880852 0.8584957
vt 0.9833781 0.8274984
vt 0.9880852 0.8584957
vt 0.9881911 0.843996
vt 0.9883879 0.7077771
vt 0.9877976 0.6593892
vt 0.7445865 0.174874
vt 0.633886 0.1223844
vt 0.631979 0.174874
vt 0.7505953 0.1367933
vt 0.8019952 0.174874
vt 0.8091996 0.1485838
vt 0.5452984 0.1199779
vt 0.5545915 0.174874
vt 0.7765828 0.07847653
vt 0.8319936 0.1156794
vt 0.6555902 0.02857504
vt 0.5469936 0.01189581
vt 0.4690915 0.01189581
vt 0.4798831 0.1186762
vt 0.4123791 0.1203714
vt 0.4845751 0.174874
vt 0.4223836 0.174874
vt 0.4013908 0.01189581
vt 0.3572862 0.1181919
vt 0.3560753 0.01189581
vt 0.3572862 0.174874
vt 0.7285732 0.3764476
vt 0.6251832 0.5208396
vt 0.6344914 0.4247448
vt 0.7267873 0.4741316
vt 0.6409845 0.5879349
vt 0.7489909 0.5416508
vt 0.7400761 0.2789301
vt 0.5335987 0.8324931
vt 0.5082923 0.8501712
vt 0.561796 0.9097745
vt 0.4938834 0.8815772
vt 0.5628858 0.8216712
vt 0.4962748 0.9284819
vt 0.5202947 0.9783834
vt 0.5603732 0.9919901
vt 0.1599051 0.5955328
vt 0.1672761 0.5742222
vt 0.157105 0.5742222
vt 0.964928 0.4898573
vt 0.964928 0.5242753
vt 0.9713454 0.5242753
vt 0.964928 0.4898573
vt 0.9741303 0.5170557
vt 0.964928 0.5242753
vt 0.9713454 0.398954
vt 0.9741303 0.4828648
vt 0.9741303 0.3985605
vt 0.9713454 0.5170557
vt 0.04310505 0.1872548
vt 0.05320038 0.01707212
vt 0.04310505 0.01545263
vt 0.05080898 0.07187748
vt 0.02948317 0.1872548
vt 0.02308088 0.1528671
vt 0.02308088 0.01207743
vt 0.05320038 0.1872548
vt 0.05080898 0.1012705
vt 0.06290218 0.1872548
vt 0.06290218 0.1022694
vt 0.07298237 0.1872548
vt 0.07298237 0.1022694
vt 0.06290218 0.01707212
vt 0.05320038 0.01707212
vt 0.06290218 0.07187748
vt 0.07298237 0.07505592
vt 0.07298237 0.01555858
vt 0.157105 0.5742222
vt 0.1672761 0.5742222
vt 0.1599051 0.5955328
vt 0.5710589 0.2773711
vt 0.5817748 0.2893887
vt 0.5912647 0.2774771
vt 0.5710589 0.225169
vt 0.5910376 0.2249723
vt 0.6215053 0.2893887
vt 0.6121364 0.2774771
vt 0.6322211 0.2773711
vt 0.6322211 0.225169
vt 0.6120002 0.2249723
vt 0.964928 0.5242753
vt 0.9650491 0.4901752
vt 0.9713454 0.5242753
vt 0.9605387 0.4490522
vt 0.964928 0.4897514
vt 0.964928 0.4490522
vt 0.9605387 0.5242753
vt 0.9522445 0.4490522
vt 0.9522445 0.5242753
vt 0.9650491 0.4901752
vt 0.964928 0.5242753
vt 0.9741303 0.5170557
vt 0.9713454 0.398954
vt 0.9741303 0.4828648
vt 0.9741303 0.3985605
vt 0.9741303 0.5170557
vt 0.07074232 0.5446173
vt 0.07395104 0.5444054
vt 0.07475321 0.5387296
vt 0.1190395 0.5543342
vt 0.01074551 0.5476141
vt 0.01074551 0.5547127
vt 0.07643325 0.5251077
vt 0.08374365 0.515406
vt 0.1239433 0.5466303
vt 0.1256385 0.5426194
vt 0.1175411 0.5275294
vt 0.1379587 0.478309
vt 0.1358549 0.4674115
vt 0.09745635 0.4678202
vt 0.07395104 0.5444054
vt 0.07074232 0.5446173
vt 0.07475321 0.5387296
vt 0.1190395 0.5543342
vt 0.01074551 0.5476141
vt 0.01074551 0.5547127
vt 0.07643325 0.5251077
vt 0.08374365 0.515406
vt 0.1239433 0.5466303
vt 0.1256385 0.5426194
vt 0.1175411 0.5275294
vt 0.1379587 0.478309
vt 0.1358549 0.4674115
vt 0.09745635 0.4678202
vt 0.02401928 0.3309202
vt 0.01720834 0.3309202
vt 0.02073489 0.3150281
vt 0.02401928 0.3355366
vt 0.01720834 0.3355366
vt 0.02401928 0.3737384
vt 0.01720834 0.3737384
vt 0.0999537 0.5187054
vt 0.09303681 0.506809
vt 0.09303681 0.5147249
vt 0.0999537 0.5028132
vt 0.1067495 0.5147249
vt 0.1067495 0.506809
vt 0.1590424 0.4862097
vt 0.2223236 0.4786117
vt 0.2223236 0.4862097
vt 0.1590424 0.4786117
vt 0.2223236 0.4706202
vt 0.1590424 0.4706202
vt 0.1590424 0.4629314
vt 0.2223236 0.4629314
vt 0.1590424 0.4786117
vt 0.1590424 0.4862097
vt 0.2223236 0.4862097
vt 0.2223236 0.4786117
vt 0.1590424 0.4706202
vt 0.2223236 0.4706202
vt 0.1590424 0.4629314
vt 0.2223236 0.4629314
vt 0.04729756 0.3498093
vt 0.05129331 0.3498093
vt 0.04931057 0.3582094
vt 0.04430075 0.3578916
vt 0.04628349 0.3512926
vt 0.04228773 0.3512926
vt 0.05139926 0.3553942
vt 0.06309894 0.360283
vt 0.06648927 0.3553942
vt 0.05139926 0.3619025
vt 0.05139926 0.3553942
vt 0.06648927 0.3553942
vt 0.04251477 0.4650806
vt 0.04592024 0.4568621
vt 0.03231349 0.4604644
vt 0.04572348 0.4800799
vt 0.0435137 0.4800799
vt 0.04221206 0.4884649
vt 0.0408196 0.4864821
vt 0.02781827 0.4926725
vt 0.02771232 0.4876778
vt 0.02209708 0.4969861
vt 0.02332305 0.4793836
vt 0.3600105 0.2034951
vt 0.3751157 0.1944895
vt 0.3751157 0.2034951
vt 0.3600105 0.1944895
vt 0.3845148 0.1944895
vt 0.3845299 0.2034951
vt 0.3600105 0.2034951
vt 0.3668064 0.1944895
vt 0.3600105 0.1944895
vt 0.3668064 0.2034951
vt 0.3799288 0.1944895
vt 0.3799288 0.2034951
vt 0.3845148 0.1944895
vt 0.3845299 0.2034951
vt 0.02771232 0.4876778
vt 0.02209708 0.4969861
vt 0.02332305 0.4793836
vt 0.02781827 0.4926725
vt 0.0408196 0.4864821
vt 0.04221206 0.4884649
vt 0.0435137 0.4800799
vt 0.04572348 0.4800799
vt 0.04251477 0.4650806
vt 0.04592024 0.4568621
vt 0.03231349 0.4604644
vt 0.3771136 0.1945955
vt 0.3846208 0.2036011
vt 0.3846208 0.1945955
vt 0.3771136 0.2036011
vt 0.3623263 0.1945955
vt 0.3623263 0.2036011
vt 0.3601014 0.2036011
vt 0.3601014 0.1945955
vt 0.369228 0.1945955
vt 0.369228 0.2036011
vt 0.3846208 0.1945955
vt 0.3846208 0.2036011
vt 0.03702061 0.465565
vt 0.04160664 0.4700602
vt 0.03702061 0.4700602
vt 0.04160664 0.465565
vt 0.02790908 0.465565
vt 0.02790908 0.4700602
vt 0.10401 0.5688189
vt 0.1085052 0.5642328
vt 0.10401 0.5642328
vt 0.1085052 0.5688189
vt 0.02332305 0.465565
vt 0.02790908 0.4767652
vt 0.02332305 0.478975
vt 0.03702061 0.4767652
vt 0.04160664 0.465565
vt 0.04160664 0.478975
vt 0.04160664 0.465565
vt 0.03702061 0.4767652
vt 0.04160664 0.478975
vt 0.02332305 0.465565
vt 0.02790908 0.4767652
vt 0.02332305 0.478975
vt 0.07066665 0.531056
vt 0.06426436 0.4491885
vt 0.04416453 0.5301176
vt 0.09571578 0.4585724
vt 0.09170489 0.4510955
vt 0.04068338 0.3664885
vt 0.05289767 0.322505
vt 0.04788784 0.3213093
vt 0.04760027 0.3466006
vt 0.05350308 0.3416059
vt 0.06718551 0.3543045
vt 0.07080287 0.3523823
vt 0.07158991 0.3629922
vt 0.06741253 0.3612062
vt 0.06550547 0.369001
vt 0.04578402 0.3604949
vt 0.06379517 0.365308
vt 0.02745502 0.289979
vt 0.01322772 0.3046906
vt 0.01322772 0.289979
vt 0.02745502 0.3046906
vt 0.01322772 0.2697883
vt 0.02745502 0.2697883
vt 0.01322772 0.262493
vt 0.02745502 0.262493
vt 0.01322772 0.2551826
vt 0.02745502 0.2551826
vt 0.02745502 0.2298762
vt 0.01322772 0.2298762
vt 0.05289767 0.322505
vt 0.04068338 0.3664885
vt 0.04788784 0.3213093
vt 0.04760027 0.3466006
vt 0.04578402 0.3604949
vt 0.06550547 0.369001
vt 0.06379517 0.365308
vt 0.07158991 0.3629922
vt 0.06741253 0.3612062
vt 0.07080287 0.3523823
vt 0.05350308 0.3416059
vt 0.06718551 0.3543045
vt 0.01322772 0.2144834
vt 0.02745502 0.2198868
vt 0.02745502 0.2144834
vt 0.01322772 0.2198868
vt 0.02703123 0.2419845
vt 0.01363638 0.2419845
vt 0.02703123 0.2618876
vt 0.01363638 0.2618876
vt 0.02703123 0.2706813
vt 0.01363638 0.2706813
vt 0.02703123 0.279702
vt 0.01363638 0.279702
vt 0.01322772 0.3046906
vt 0.02745502 0.3046906
vt 0.6095029 0.2831529
vt 0.5937923 0.2419845
vt 0.6095029 0.2419845
vt 0.5937923 0.2831529
vt 0.02308088 0.1528671
vt 0.01870675 0.1872548
vt 0.02308088 0.1872548
vt 0.02308088 0.1528671
vt 0.01870675 0.1120772
vt 0.01870675 0.1872548
vt 0.01038226 0.1872548
vt 0.01870675 0.1872548
vt 0.01038226 0.1120772
vt 0.02308088 0.1528671
vt 0.02308088 0.1120772
vt 0.01551317 0.5123486
vt 0.02922587 0.5123486
vt 0.02243006 0.5055376
vt 0.02922587 0.5158449
vt 0.01551317 0.5158449
vt 0.03220754 0.5211422
vt 0.01241041 0.5211422
vt 0.03220754 0.5322365
vt 0.01241041 0.5321457
vt 0.02630473 0.5373372
vt 0.01840404 0.5373372
vt 0.0429991 0.1872548
vt 0.03789846 0.08655884
vt 0.04310505 0.1022694
vt 0.02948317 0.1872548
vt 0.03789846 0.08655884
vt 0.02320197 0.1531698
vt 0.04310505 0.01545263
vt 0.02308088 0.01207743
vt 0.03789846 0.08655884
vt 0.04310505 0.07505592
vt 0.08245715 0.4331449
vt 0.09126596 0.4081412
vt 0.08245715 0.4070363
vt 0.09126596 0.4107445
vt 0.02523011 0.3815483
vt 0.06633792 0.4033433
vt 0.07614567 0.3854532
vt 0.02881721 0.3919463
vt 0.06633792 0.4033433
vt 0.02523011 0.3815483
vt 0.07614567 0.3854532
vt 0.02881721 0.3919463
vt 0.0710299 0.4106537
vt 0.03013399 0.4336444
vt 0.03013399 0.4106537
vt 0.0710299 0.4336444
vt 0.1694858 0.5735411
vt 0.1174805 0.5992259
vt 0.1694858 0.5992259
vt 0.1174805 0.5735411
vt 0.2183278 0.4572102
vt 0.1678209 0.4493095
vt 0.2183278 0.4493095
vt 0.1678209 0.4572102
vt 0.1678209 0.4572102
vt 0.2183278 0.4493095
vt 0.1678209 0.4493095
vt 0.2183278 0.4572102
vt 0.02910478 0.5187357
vt 0.01561912 0.5123486
vt 0.01561912 0.5187357
vt 0.02243006 0.5086555
vt 0.02910478 0.5123486
vt 0.6271811 0.2836069
vt 0.5761898 0.2719224
vt 0.5761898 0.2836069
vt 0.6271811 0.2719224
vt 0.04749432 0.3046149
vt 0.06170648 0.2999986
vt 0.04749432 0.2999986
vt 0.06170648 0.3046149
vt 0.04749432 0.2812912
vt 0.06170648 0.2812912
vt 0.04749432 0.2299972
vt 0.06170648 0.2299972
vt 0.06170648 0.2181916
vt 0.04749432 0.2181916
vt 0.3536083 0.2283021
vt 0.3845905 0.2364147
vt 0.3536083 0.2340989
vt 0.3845905 0.2260923
vt 0.06426436 0.4491885
vt 0.07066665 0.531056
vt 0.04416453 0.5301176
vt 0.09571578 0.4585724
vt 0.09170489 0.4510955
vt 0.3047965 0.8898714
vt 0.2430894 0.9396973
vt 0.2315865 0.8958802
vt 0.3021781 0.9445708
vt 0.2870881 0.9937761
vt 0.2260772 0.993095
vt 0.2254717 0.9380929
vt 0.1992723 0.9364734
vt 0.2062952 0.993095
vt 0.2996807 0.8470836
vt 0.2242761 0.8486879
vt 0.2112899 0.8962737
vt 0.182472 0.8497777
vt 0.182472 0.89697
vt 0.2164813 0.7898868
vt 0.2299821 0.7898868
vt 0.1833801 0.7897809
vt 0.174874 0.9360799
vt 0.1721951 0.9928831
vt 0.2887833 0.7979843
vt 0.1537904 0.8975905
vt 0.1510811 0.8504891
vt 0.06099512 0.8959861
vt 0.05768046 0.8498837
vt 0.05539501 0.7904922
vt 0.1502941 0.7896901
vt 0.1503849 0.9356712
vt 0.05489554 0.9377751
vt 0.006371376 0.7911885
vt 0.005493521 0.8514729
vt 0.005372438 0.8937764
vt 0.005296761 0.9236839
vt 0.005175677 0.9461904
vt 0.03927578 0.9925956
vt 0.0051 0.9924745
vt 0.1381706 0.9927923
vt 0.3214757 0.9445708
vt 0.3125913 0.9752958
vt 0.306083 0.9669713
vt 0.3320706 0.9496866
vt 0.3373831 0.9148903
vt 0.3217785 0.9156773
vt 0.3318738 0.8915969
vt 0.3181762 0.8945786
vt 0.324185 0.9817737
vt 0.3455865 0.9627787
vt 0.3431799 0.9907793
vt 0.3557726 0.9814861
vt 0.3782941 0.9427698
vt 0.3718919 0.8851795
vt 0.3691978 0.9587982
vt 0.3561813 0.9679702
vt 0.4040849 0.9447827
vt 0.4040849 0.9326895
vt 0.3786876 0.9177812
vt 0.4279989 0.9367761
vt 0.4275751 0.9460995
vt 0.3961993 0.8865719
vt 0.4024957 0.9155865
vt 0.415497 0.8886757
vt 0.4278929 0.9115
vt 0.3557726 0.9814861
vt 0.3617965 0.997
vt 0.37168 0.9908853
vt 0.3722854 0.9753714
vt 0.3819872 0.9862841
vt 0.3455865 0.9627787
vt 0.3557726 0.9814861
vt 0.4605703 0.9928831
vt 0.4748733 0.9855727
vt 0.4728905 0.9928831
vt 0.4613876 0.9855727
vt 0.4372769 0.9855727
vt 0.4397742 0.9928831
vt 0.4763868 0.9512758
vt 0.4403796 0.9736914
vt 0.4300724 0.9813954
vt 0.4214906 0.9761736
vt 0.4275751 0.9677734
vt 0.4161781 0.9707703
vt 0.4206885 0.9647918
vt 0.4346887 0.963581
vt 0.414377 0.9646707
vt 0.4510955 0.9481731
vt 0.4758722 0.9334766
vt 0.460873 0.9286786
vt 0.4760841 0.9191887
vt 0.4669726 0.9092902
vt 0.4346887 0.963581
vt 0.4342952 0.951185
vt 0.4346887 0.963581
vt 0.439971 0.9250916
vt 0.4369893 0.9064901
vt 0.4414845 0.9063993
vt 0.439971 0.9250916
vt 0.4308897 0.9230937
vt 0.4414845 0.9063993
vt 0.439184 0.8998911
vt 0.439971 0.9250916
vt 0.4538956 0.9071712
vt 0.4474781 0.9240775
vt 0.4414845 0.9063993
vt 0.4446932 0.9476888
vt 0.3047965 0.8898714
vt 0.2430894 0.9396973
vt 0.3021781 0.9445708
vt 0.2315865 0.8958802
vt 0.2870881 0.9937761
vt 0.2260772 0.993095
vt 0.2254717 0.9380929
vt 0.1992723 0.9364734
vt 0.2062952 0.993095
vt 0.2996807 0.8470836
vt 0.2242761 0.8486879
vt 0.2112899 0.8962737
vt 0.182472 0.8497777
vt 0.182472 0.89697
vt 0.2164813 0.7898868
vt 0.2299821 0.7898868
vt 0.1833801 0.7897809
vt 0.174874 0.9360799
vt 0.1721951 0.9928831
vt 0.2887833 0.7979843
vt 0.1537904 0.8975905
vt 0.1510811 0.8504891
vt 0.06099512 0.8959861
vt 0.05768046 0.8498837
vt 0.05539501 0.7904922
vt 0.1502941 0.7896901
vt 0.1503849 0.9356712
vt 0.05489554 0.9377751
vt 0.006371376 0.7911885
vt 0.005493521 0.8514729
vt 0.005372438 0.8937764
vt 0.005296761 0.9236839
vt 0.005175677 0.9461904
vt 0.03927578 0.9925956
vt 0.0051 0.9924745
vt 0.1381706 0.9927923
vt 0.3214757 0.9445708
vt 0.3125913 0.9752958
vt 0.3320706 0.9496866
vt 0.306083 0.9669713
vt 0.3373831 0.9148903
vt 0.3217785 0.9156773
vt 0.3318738 0.8915969
vt 0.3181762 0.8945786
vt 0.324185 0.9817737
vt 0.3455865 0.9627787
vt 0.3431799 0.9907793
vt 0.3557726 0.9814861
vt 0.3782941 0.9427698
vt 0.3718919 0.8851795
vt 0.3691978 0.9587982
vt 0.3561813 0.9679702
vt 0.4040849 0.9447827
vt 0.4040849 0.9326895
vt 0.3786876 0.9177812
vt 0.4279989 0.9367761
vt 0.4275751 0.9460995
vt 0.3961993 0.8865719
vt 0.4024957 0.9155865
vt 0.415497 0.8886757
vt 0.4278929 0.9115
vt 0.3617965 0.997
vt 0.3557726 0.9814861
vt 0.37168 0.9908853
vt 0.3722854 0.9753714
vt 0.3819872 0.9862841
vt 0.3455865 0.9627787
vt 0.3557726 0.9814861
vt 0.4605703 0.9928831
vt 0.4748733 0.9855727
vt 0.4613876 0.9855727
vt 0.4728905 0.9928831
vt 0.4372769 0.9855727
vt 0.4397742 0.9928831
vt 0.4763868 0.9512758
vt 0.4403796 0.9736914
vt 0.4300724 0.9813954
vt 0.4214906 0.9761736
vt 0.4275751 0.9677734
vt 0.4161781 0.9707703
vt 0.4206885 0.9647918
vt 0.4346887 0.963581
vt 0.414377 0.9646707
vt 0.4510955 0.9481731
vt 0.4758722 0.9334766
vt 0.460873 0.9286786
vt 0.4760841 0.9191887
vt 0.4669726 0.9092902
vt 0.4346887 0.963581
vt 0.4342952 0.951185
vt 0.4346887 0.963581
vt 0.439971 0.9250916
vt 0.4369893 0.9064901
vt 0.4414845 0.9063993
vt 0.439971 0.9250916
vt 0.4308897 0.9230937
vt 0.4414845 0.9063993
vt 0.439184 0.8998911
vt 0.439971 0.9250916
vt 0.4538956 0.9071712
vt 0.4414845 0.9063993
vt 0.4474781 0.9240775
vt 0.4446932 0.9476888
vt 0.6381996 0.3205979
vt 0.6037816 0.4308897
vt 0.6577849 0.3603889
vt 0.5666999 0.3788995
vt 0.555091 0.3595867
vt 0.614997 0.321173
vt 0.6635969 0.2845756
vt 0.6434819 0.2870881
vt 0.655787 0.2466916
vt 0.6733895 0.2512777
vt 0.6495814 0.2089741
vt 0.6678802 0.1983945
vt 0.7167979 0.2327822
vt 0.7081707 0.286074
vt 0.6834848 0.3247753
vt 0.4812756 0.427681
vt 0.6678802 0.1983945
vt 0.715693 0.1910841
vt 0.5567862 0.4132872
vt 0.4812756 0.427681
vt 0.6037816 0.4308897
vt 0.6381996 0.3205979
vt 0.6577849 0.3603889
vt 0.5666999 0.3788995
vt 0.555091 0.3595867
vt 0.614997 0.321173
vt 0.6635969 0.2845756
vt 0.6434819 0.2870881
vt 0.655787 0.2466916
vt 0.6733895 0.2512777
vt 0.6495814 0.2089741
vt 0.6678802 0.1983945
vt 0.7167979 0.2327822
vt 0.7081707 0.286074
vt 0.6834848 0.3247753
vt 0.4812756 0.427681
vt 0.5567862 0.4132872
vt 0.6678802 0.1983945
vt 0.715693 0.1910841
vn 0.44312 -0.7489926 0.4926001
vn 0.6548779 -0.7019352 0.2800392
vn 0.6587803 -0.7523354 0
vn 0.2078335 -0.9764362 0.05811675
vn 0.8774487 -0.4796706 0
vn 0.893646 -0.4487727 0
vn 0.458143 -0.8888785 0
vn 0.4267383 -0.9043752 0
vn 0.8689622 -0.4948786 0
vn 0.4173248 -0.9087574 0
vn 0.9829158 0.1840555 0
vn 0.9993778 -0.03526929 0
vn 0.1294046 -0.8038927 0.5805264
vn 0.168619 -0.5999777 0.7820449
vn 0.2156764 -0.576449 0.7881562
vn 0.5058631 -0.8274214 0.243878
vn 0.372534 -0.6156635 0.6943896
vn 0.3568483 -0.2548908 0.8987157
vn 0.2705765 -0.3254768 0.9060095
vn 0.576449 -0.6156635 0.5372756
vn 0.7097781 -0.03529 0.7035409
vn 0.7489926 -0.5999777 0.281135
vn 0.4796706 -0.8774487 0
vn 0.8823215 -0.01960427 0.4702386
vn 0.8195785 -0.2470479 -0.5169705
vn 0.8117356 0.04313886 -0.5824296
vn -0.2313681 -0.03529 -0.972226
vn 0.6784066 -0.7097781 0.189683
vn -0.2941111 -0.8431071 -0.4501878
vn -0.1999966 -0.3411625 -0.9184822
vn -0.850956 0.03529596 -0.5240498
vn 0.8823215 -0.01176137 0.4705001
vn 0.9999648 0.00392437 -0.007411667
vn 0.780364 -0.576449 -0.2423603
vn 0.06666154 -0.7333068 -0.6766221
vn -0.301954 0.03529596 -0.9526689
vn 0.5686061 0.6705697 -0.4764697
vn 0.2548908 0.8901705 -0.3776602
vn 0.85095 0.4195973 -0.3159465
vn 0.09803307 0.8744847 -0.4750433
vn 0.003918469 0.8823276 -0.4706195
vn 0.003918469 0.9529135 -0.3032168
vn 0.003918469 0.9999708 -0.006560073
vn 0.4823344 0.8744847 -0.05128406
vn 0.1215618 0.984285 -0.1280852
vn 0.2627336 0.9372277 -0.2292929
vn 0.003918469 0.9607563 0.2773661
vn 0.4588058 0.8038987 0.3784761
vn 0.9529075 0.2470539 0.175874
vn 0.003918469 0.984285 -0.1765437
vn 0.6078206 0.3176398 -0.7277768
vn 0.8117356 0.04313886 -0.5824296
vn 0.9829158 0.1840555 0
vn 0.9993778 -0.03526929 0
vn 0.003918469 0.9372277 0.3486959
vn 0.168619 0.9058561 0.3885773
vn 0.5372347 0.7019411 0.4676084
vn 0.4117485 0.3411684 0.845025
vn 0.7097781 -0.03529 0.7035409
vn 0.3568483 -0.2548908 0.8987157
vn 0.2705765 -0.3254768 0.9060095
vn 0.3019481 0.1372534 0.9433922
vn 0.6235064 -0.105876 0.7746161
vn 0.372534 0.4195973 0.8277418
vn 0.2470479 0.6235123 0.7417545
vn 0.06666154 0.7333127 0.6766156
vn 0.003918469 0.7333127 0.6798802
vn 0.003918469 0.78037 0.6253058
vn -0.1529392 0.9215419 -0.3568894
vn 0.6078206 0.3176398 -0.7277768
vn -0.2313681 -0.03529 -0.972226
vn 0.2627336 0.9372277 -0.2292929
vn 0.5372347 0.7019411 0.4676084
vn -0.850956 0.03529596 -0.5240498
vn -0.4117544 0.8666418 -0.281763
vn 0.5450775 0.78037 0.3064526
vn 0.576449 0.7333127 0.3604982
vn 0.8823215 -0.01960427 0.4702386
vn 0.7097781 -0.03529 0.7035409
vn 0.8823215 -0.01176137 0.4705001
vn 0.9999648 0.00392437 -0.007411667
vn 0.717621 0.6313552 -0.2939572
vn -0.01961017 0.6862553 -0.7270963
vn -0.301954 0.03529596 -0.9526689
vn 0.6078206 0.3176398 -0.7277768
vn 0.8117356 0.04313886 -0.5824296
vn -0.2313681 -0.03529 -0.972226
vn 0.9529075 0.2470539 0.175874
vn 0.8807229 -0.4736319 0
vn 0.9450647 0.2313681 0.2309147
vn 0.003918469 -0.9999648 -0.007413196
vn 0.003918469 -0.9999648 -0.007413196
vn 0.003918469 -0.9999648 -0.007413196
vn 0.003918469 -0.984279 0.176577
vn 0.003918469 -0.8117356 0.5840119
vn 0.2627336 -0.7489926 0.6082608
vn 0.003918469 -0.8823215 0.4706308
vn 0.5215489 -0.4744915 0.7091153
vn 0.003918469 -0.9999648 0.007413196
vn 0.8901644 -0.44312 0.1060751
vn 0.6235064 -0.105876 0.7746161
vn 0.9764362 0.1529392 0.1522561
vn 0.9529075 -0.1137189 -0.2811322
vn 0.9529075 0.239211 -0.1864012
vn 0.5999777 -0.7882069 0.1369544
vn 0.003918469 -0.576449 -0.8171237
vn 0.780364 -0.3568483 -0.5135088
vn -0.2548968 -0.7489926 0.6115863
vn -0.1215677 -0.8038927 0.5822179
vn -0.1607821 -0.5999777 0.7836937
vn -0.4352831 -0.7489926 0.4995386
vn -0.2078394 -0.576449 0.790259
vn -0.1999966 -0.9764362 0.08107822
vn -0.647041 -0.7568354 -0.09240231
vn -0.647041 -0.7019352 0.2976995
vn -0.8666418 -0.4823344 -0.1276149
vn -0.8888797 -0.4581405 0
vn -0.443126 -0.8901644 -0.1060504
vn -0.4173296 -0.9087552 0
vn -0.8666418 -0.4980202 0.03013159
vn -0.4039116 -0.9136931 -0.0449484
vn -0.9764421 0.1921537 -0.09817222
vn -0.9921279 -0.03529 -0.1201534
vn -0.4980261 -0.8274214 0.259507
vn -0.3646971 -0.6156635 0.6985375
vn -0.3490113 -0.2548908 0.9017881
vn -0.2627397 -0.3254768 0.9083131
vn -0.5607692 -0.6156635 0.5536212
vn -0.6940982 -0.03529 0.7190148
vn -0.7333127 -0.5999777 0.3198111
vn -0.4736365 -0.8807204 0
vn -0.8666418 -0.01960427 0.4985456
vn -0.7960558 0.04313886 -0.6036838
vn -0.6627268 -0.7097781 0.2387643
vn 0.3019481 -0.8431071 -0.4449694
vn -0.9450706 0.2470539 0.2140231
vn 0.2078335 -0.3411625 -0.9167407
vn -0.8117416 -0.2470479 -0.5291908
vn 0.239205 -0.03529 -0.9703276
vn 0.8587929 0.03529596 -0.5111057
vn -0.8666418 -0.4744915 0.1542396
vn -0.9293848 0.2313681 0.287598
vn -0.8666418 -0.01176137 0.4987923
vn -0.9921279 0.00392437 -0.1251672
vn -0.7725271 -0.576449 -0.2662863
vn -0.05882466 -0.7333068 -0.6773484
vn 0.309791 0.03529596 -0.9501494
vn 0.9529075 0.239211 -0.1864012
vn 0.6391921 0.709784 0.2960407
vn 0.9764362 0.1529392 0.1522561
vn 0.6784066 0.6940982 -0.2408156
vn 0.003918469 0.9607563 0.2773661
vn 0.003918469 0.9529135 -0.3032168
vn 0.9764362 0.1529392 0.1522561
vn 0.6391921 0.709784 0.2960407
vn 0.6235064 -0.105876 0.7746161
vn 0.372534 0.4195973 0.8277418
vn 0.003918469 0.9607563 0.2773661
vn 0.003918469 0.7333127 0.6798802
vn 0.9450647 0.2313681 0.2309147
vn -0.647041 0.06666744 -0.759535
vn 0.003918469 -0.5372347 -0.8434237
vn -0.37254 -0.8117356 -0.4497768
vn 0.003918469 -0.984279 -0.176577
vn 0.3232272 -0.9463214 0
vn 0.2231415 -0.9747861 0
vn 0.3882198 -0.921536 0.007536792
vn 0.8856794 -0.4642975 0
vn 0.8490961 -0.5282384 0
vn 0.9730564 0.2305672 0
vn 0.9607504 0.168625 0.2202822
vn 0.8744787 -0.4823344 0.0513858
vn 0.9450647 0.2313681 0.2309147
vn 0.4744915 0.850956 0.225237
vn 0.4588058 0.8038987 0.3784761
vn 0.4744915 0.8587989 -0.1931898
vn 0.2941052 0.9450706 -0.142631
vn -0.5450835 0.7254698 -0.4202113
vn 0.8807229 -0.4736319 0
vn 0.9372218 0.3411684 -0.07224588
vn 0.4173248 -0.9087574 0
vn 0.003918469 0.9921279 0.1251673
vn 0.003918469 0.913699 -0.4063726
vn 0.003918469 0.4744976 -0.8802481
vn -0.647041 0.06666744 -0.759535
vn 0.003918469 0.9607563 0.2773661
vn 0.2078335 0.9764421 -0.0580177
vn -0.6784126 0.7019411 -0.2168757
vn -0.9764421 -0.09803307 -0.1922247
vn 0.9651226 0.2617982 0
vn 0.8587929 -0.4744915 -0.1932163
vn 0.4274343 -0.8901644 -0.1578203
vn -0.5372406 -0.8117356 -0.2290366
vn -0.9764421 -0.09803307 -0.1922247
vn -0.7568413 0.6391981 -0.1364445
vn 0.2470479 0.9685992 -0.02798047
vn -0.913699 -0.3803769 -0.1430646
vn -0.9293848 -0.2862623 -0.2330187
vn -0.7333127 0.6705697 0.1121997
vn -0.9372277 -0.2705765 -0.219983
vn -0.9764421 -0.1372475 -0.1665051
vn -0.709784 0.7019411 -0.05903636
vn 0.4948786 -0.8689622 0
vn -0.3882258 -0.921536 -0.007221777
vn 0.5190791 -0.8547262 0
vn -0.2470539 -0.9685933 -0.02813132
vn 0.5429266 -0.8397802 0
vn 0.9999648 -0.003918469 0.007414788
vn 0.9764362 0.2156823 0.00731353
vn 0.5338456 -0.8455819 0
vn 0.9921219 0.08235323 0.09440354
vn 0.458143 -0.8888785 0
vn 0.984279 0.1607821 0.07310215
vn 0.168619 0.9764421 0.1346419
vn 0.2078335 0.9764421 0.0580177
vn -0.6705697 0.7254698 -0.1550158
vn -0.6705697 0.709784 -0.2157383
vn 0.1921477 0.9685992 -0.157781
vn -0.7254698 0.6784126 -0.115974
vn -0.9921279 0.00392437 -0.1251672
vn -0.9764421 0.06666744 -0.2052225
vn -0.9685992 -0.1607761 -0.1896486
vn -0.7568413 0.6235123 -0.1960197
vn 0.06666154 0.9215419 -0.3825137
vn 0.9058502 0.2235252 -0.359822
vn 0.9685933 0.2470539 -0.02813171
vn 0.576449 -0.7882069 0.2154909
vn 0.7489926 -0.6391921 0.174481
vn 0.7450374 -0.6670227 0
vn -0.09019613 -0.984279 0.1518535
vn -0.1058819 -0.9764362 0.1880461
vn -0.7411556 -0.6627208 -0.1071891
vn -0.78037 -0.6156635 -0.1094586
vn -0.9764421 0.06666744 -0.2052225
vn -0.9921279 0.00392437 -0.1251672
vn -0.5921408 -0.8038927 -0.0559082
vn -0.9764421 -0.1372475 -0.1665051
vn -0.4039116 -0.9136931 -0.0449484
vn -0.9372277 -0.2705765 -0.219983
vn -0.3646971 -0.8823215 -0.2974975
vn -0.3176398 -0.9293789 -0.1880422
vn -0.913699 -0.3803769 -0.1430646
vn -0.9293848 -0.2862623 -0.2330187
vn 0.003918469 -0.5372347 -0.8434237
vn -0.647041 0.06666744 -0.759535
vn 0.003918469 0.1215677 -0.9925754
vn 0.6548779 0.06666744 -0.7527884
vn 0.003918469 0.1215677 -0.9925754
vn 0.003918469 0.4744976 -0.8802481
vn 0.003918469 -0.9999648 -0.007413196
vn 0.003918469 -0.9999648 -0.007413196
vn -0.3803829 -0.921536 0.07797609
vn -0.3091781 -0.9510041 0
vn 0.3803769 -0.8117356 -0.4431689
vn 0.6548779 0.06666744 -0.7527884
vn -0.2140485 -0.9768231 0
vn -0.8807242 -0.4736293 0
vn -0.8431131 -0.5372347 0.02322225
vn -0.9607563 0.2313681 0.1530234
vn -0.9529135 0.168625 0.2520346
vn -0.8587989 -0.4823344 0.1726789
vn -0.9293848 0.2313681 0.287598
vn -0.8666418 -0.4744915 0.1542396
vn -0.9293848 0.3490113 0.1201455
vn -0.4039116 -0.9136931 -0.0449484
vn 0.2313621 0.9607563 0.1530324
vn 0.1843048 0.9529135 0.2408061
vn -0.9685992 -0.1607761 -0.1896486
vn 0.4744915 -0.8038927 -0.3586283
vn 0.7333068 -0.3411625 -0.5881066
vn -0.6784126 -0.3568483 -0.642196
vn 0.7097781 0.1450963 -0.6893201
vn -0.6940982 0.01176727 -0.7197841
vn 0.9607504 -0.09803307 -0.2595153
vn -0.850956 -0.239205 -0.4676055
vn 0.7097781 -0.4980202 -0.4981877
vn -0.5529263 -0.576449 -0.601647
vn 0.6156635 0.505869 -0.6041979
vn -0.5921408 0.4352831 -0.6781577
vn 0.01176137 0.7411556 -0.6712303
vn 0.0274471 -0.9136931 -0.405477
vn -0.3960687 -0.8431071 -0.3637306
vn 0.7097781 -0.4980202 -0.4981877
vn 0.748919 0.6626617 0
vn 0.6156635 0.505869 -0.6041979
vn 0.9607504 -0.09803307 -0.2595153
vn -0.01961017 0.9921279 -0.1236837
vn 0.01176137 0.7411556 -0.6712303
vn 0.9450647 0.01176727 0.3266715
vn 0.7097781 0.1450963 -0.6893201
vn 0.85095 -0.06666154 0.5209994
vn -0.01961017 -0.309791 0.9506024
vn 0.780364 -0.3411625 0.5240612
vn 0.0431329 -0.6078206 0.7929021
vn 0.7489926 0.6078266 0.2637366
vn 0.003918469 0.9921279 0.1251673
vn -0.7725271 -0.6235064 -0.1201736
vn 0.7333068 -0.3411625 -0.5881066
vn 0.7019352 -0.3568483 0.6163979
vn 0.01176137 -0.1921477 0.9812955
vn 0.03529 -0.7097781 0.7035409
vn -0.709784 -0.4274343 0.5599166
vn 0.4744915 -0.8038927 -0.3586283
vn 0.0274471 -0.9136931 -0.405477
vn -0.3960687 -0.8431071 -0.3637306
vn -0.6784126 -0.3568483 -0.642196
vn -0.6940982 0.01176727 -0.7197841
vn -0.9058561 -0.1843048 0.3813874
vn -0.850956 -0.239205 -0.4676055
vn -0.984285 0.05098176 -0.1690678
vn -0.7960558 0.576455 -0.1843768
vn -0.5529263 -0.576449 -0.601647
vn -0.5921408 0.4352831 -0.6781577
vn 0.01176137 0.7411556 -0.6712303
vn -0.01961017 0.9921279 -0.1236837
vn 0.003918469 0.9921279 0.1251673
vn -0.8431131 0.5215548 -0.1309234
vn -0.984285 -0.1372475 0.1111134
vn -0.01961017 -0.309791 0.9506024
vn -0.5529263 0.6705697 -0.4945795
vn -0.8352702 0.4195973 -0.3553335
vn -0.2470539 0.8901705 -0.3828327
vn -0.09019613 0.8744847 -0.4765934
vn 0.003918469 0.8823276 -0.4706195
vn 0.003918469 0.9529135 -0.3032168
vn 0.003918469 0.9999708 -0.006560073
vn -0.4744976 0.8744847 -0.100641
vn -0.1137248 0.984285 -0.1350916
vn -0.2548968 0.9372277 -0.2379745
vn 0.003918469 0.9607563 0.2773661
vn -0.4509689 0.8038987 0.3877808
vn -0.9450706 0.2470539 0.2140231
vn 0.003918469 0.984285 -0.1765437
vn -0.5999837 0.3176398 -0.734251
vn -0.7960558 0.04313886 -0.6036838
vn -0.9764421 0.1921537 -0.09817222
vn -0.9921279 -0.03529 -0.1201534
vn 0.003918469 0.9372277 0.3486959
vn -0.1607821 0.9058561 0.3918849
vn -0.5293977 0.7019411 0.4764627
vn -0.3960687 0.3411684 0.8524868
vn -0.6940982 -0.03529 0.7190148
vn -0.3490113 -0.2548908 0.9017881
vn -0.2627397 -0.3254768 0.9083131
vn -0.2941111 0.1372534 0.9458647
vn -0.6156694 -0.105876 0.7808595
vn -0.3646971 0.4195973 0.8312245
vn -0.239211 0.6235123 0.7443188
vn -0.05882466 0.7333127 0.6773419
vn 0.003918469 0.7333127 0.6798802
vn 0.003918469 0.78037 0.6253058
vn 0.1607761 0.9215419 -0.3534282
vn 0.239205 -0.03529 -0.9703276
vn -0.5999837 0.3176398 -0.734251
vn -0.2548968 0.9372277 -0.2379745
vn -0.5293977 0.7019411 0.4764627
vn 0.8587929 0.03529596 -0.5111057
vn 0.4274343 0.8666418 -0.2573558
vn -0.5372406 0.78037 0.3199925
vn -0.5686121 0.7411556 0.3568874
vn -0.8666418 -0.01960427 0.4985456
vn -0.6940982 -0.03529 0.7190148
vn -0.8666418 -0.01176137 0.4987923
vn -0.9921279 0.00392437 -0.1251672
vn -0.709784 0.6391981 -0.2960278
vn 0.03529 0.6940982 -0.7190148
vn 0.309791 0.03529596 -0.9501494
vn -0.5999837 0.3176398 -0.734251
vn 0.239205 -0.03529 -0.9703276
vn -0.7960558 0.04313886 -0.6036838
vn -0.5137119 -0.4744915 0.7148132
vn -0.6156694 -0.105876 0.7808595
vn -0.8823276 -0.44312 0.1585646
vn -0.9607563 0.1529392 0.2314237
vn -0.9450706 -0.1137189 -0.3064466
vn -0.9450706 0.239211 -0.2227546
vn -0.5842979 -0.7882069 0.1931989
vn -0.7725271 -0.3568483 -0.5252249
vn -0.9450706 0.239211 -0.2227546
vn -0.9607563 0.1529392 0.2314237
vn -0.6235123 0.709784 0.3277791
vn -0.6627268 0.6940982 -0.2811066
vn 0.003918469 0.9607563 0.2773661
vn 0.003918469 0.9529135 -0.3032168
vn -0.9607563 0.1529392 0.2314237
vn -0.6156694 -0.105876 0.7808595
vn -0.6235123 0.709784 0.3277791
vn -0.3646971 0.4195973 0.8312245
vn 0.003918469 0.9607563 0.2773661
vn 0.003918469 0.7333127 0.6798802
vn -0.9293848 0.2313681 0.287598
vn -0.9607563 0.2313681 0.1530234
vn -0.2862682 0.9450706 -0.1577721
vn -0.4588118 0.8587989 -0.2279392
vn -0.4588118 0.850956 0.2556672
vn -0.9529135 0.168625 0.2520346
vn -0.9293848 0.2313681 0.287598
vn -0.4509689 0.8038987 0.3877808
vn -0.9293848 0.3490113 0.1201455
vn 0.003918469 0.9921279 0.1251673
vn 0.003918469 0.913699 -0.4063726
vn 0.5529204 0.7254698 -0.4098446
vn 0.003918469 0.4744976 -0.8802481
vn 0.6548779 0.06666744 -0.7527884
vn 0.003918469 0.9607563 0.2773661
vn -0.1999966 0.9764421 -0.08100724
vn 0.6862494 0.7019411 -0.1906314
vn 0.984279 -0.09803307 -0.146916
vn -0.9607563 0.2705826 -0.06109348
vn -0.850956 -0.4744915 -0.2252371
vn -0.4117544 -0.8901644 -0.1951041
vn -0.2140485 -0.9768231 0
vn 0.3803769 -0.8117356 -0.4431689
vn 0.5450775 -0.8117356 -0.209704
vn 0.6548779 0.06666744 -0.7527884
vn 0.984279 -0.09803307 -0.146916
vn -0.8807242 -0.4736293 0
vn 0.7704579 0.6374909 0
vn -0.239211 0.9685992 -0.06777662
vn 0.921536 -0.3803769 -0.07800531
vn 0.9450647 -0.2862623 -0.1578184
vn 0.7450345 0.667026 0
vn 0.9529075 -0.2705765 -0.1369512
vn 0.984279 -0.1372475 -0.1111662
vn 0.717621 0.6940982 -0.05698945
vn -0.4823403 -0.8744787 -0.05133053
vn 0.3948614 -0.9187407 0
vn -0.505869 -0.8587929 -0.08106351
vn 0.2617926 -0.9651241 0
vn -0.5338499 -0.8455793 0
vn -0.9921279 -0.003918469 0.1251674
vn -0.9607563 0.2156823 0.1744376
vn -0.5215548 -0.85095 -0.06216628
vn -0.984285 0.08235323 0.1562082
vn -0.443126 -0.8901644 -0.1060504
vn -0.9685992 0.1607821 0.1896435
vn -0.1607821 0.9764421 0.1439095
vn -0.1999966 0.9764421 0.08100724
vn 0.6784066 0.7254698 -0.1160089
vn 0.6784066 0.709784 -0.1896607
vn -0.1843108 0.9685992 -0.1668685
vn 0.7376372 0.6751974 0
vn 0.9999648 0.00392437 -0.007411667
vn 0.984279 0.06666744 -0.1635551
vn 0.984279 -0.1607761 -0.07311525
vn 0.7725211 0.6235123 -0.1201814
vn -0.05882466 0.9215419 -0.383797
vn -0.8901705 0.2235252 -0.3970303
vn -0.9607563 0.2548968 -0.1094302
vn -0.5607692 -0.7882069 0.2535109
vn -0.7411556 -0.6391921 0.205236
vn -0.7376429 -0.6751912 0
vn 0.09803307 -0.984279 0.1469161
vn 0.1137189 -0.9764362 0.183413
vn 0.7523354 -0.6587803 0
vn 0.7880841 -0.6155676 0
vn 0.984279 0.06666744 -0.1635551
vn 0.9999648 0.00392437 -0.007411667
vn 0.6031078 -0.7976596 0
vn 0.984279 -0.1372475 -0.1111662
vn 0.4108514 -0.9117023 0
vn 0.9529075 -0.2705765 -0.1369512
vn 0.372534 -0.8823215 -0.2876231
vn 0.3254768 -0.9293789 -0.1741259
vn 0.921536 -0.3803769 -0.07800531
vn 0.9450647 -0.2862623 -0.1578184
vn 0.003918469 0.1215677 -0.9925754
vn 0.003918469 0.4744976 -0.8802481
vn -0.2235252 0.9607563 0.1642676
vn -0.1764679 0.9529135 0.2466068
vn 0.984279 -0.1607761 -0.07311525
vn -0.4666547 -0.8038927 -0.3687681
vn -0.00392437 -0.9058502 -0.42358
vn -0.7176269 -0.3411625 -0.6071406
vn 0.3803769 -0.8274214 -0.4131432
vn 0.6784066 -0.3646911 -0.6377812
vn -0.7019411 0.1450963 -0.6972989
vn 0.7097781 0.01176727 -0.7043271
vn -0.9529135 -0.09803307 -0.2869588
vn 0.8587929 -0.239205 -0.4530516
vn -0.6940982 -0.4980202 -0.519811
vn 0.5686061 -0.576449 -0.5868506
vn -0.6078266 0.505869 -0.6120812
vn 0.6078206 0.4352831 -0.6641406
vn -0.00392437 0.7411556 -0.6713218
vn -0.6940982 -0.4980202 -0.519811
vn -0.7333127 0.6627268 0.1518081
vn -0.9529135 -0.09803307 -0.2869588
vn -0.6078266 0.505869 -0.6120812
vn 0.0274471 0.9921279 -0.1221838
vn -0.00392437 0.7411556 -0.6713218
vn -0.9293848 0.01176727 0.3689246
vn -0.7019411 0.1450963 -0.6972989
vn -0.8431131 -0.06666154 0.5335884
vn 0.0274471 -0.309791 0.9504085
vn -0.7725271 -0.3411625 0.5355465
vn -0.03529596 -0.6078206 0.7932895
vn -0.7411556 0.6078266 0.2850179
vn 0.003918469 0.9921279 0.1251673
vn 0.780364 -0.6235064 -0.04766342
vn -0.7176269 -0.3411625 -0.6071406
vn -0.6862553 -0.3568483 0.6338083
vn -0.00392437 -0.1921477 0.9813582
vn -0.02745306 -0.7097781 0.7038903
vn 0.717621 -0.4274343 0.5498365
vn -0.4666547 -0.8038927 -0.3687681
vn -0.00392437 -0.9058502 -0.42358
vn 0.3803769 -0.8274214 -0.4131432
vn 0.6784066 -0.3646911 -0.6377812
vn 0.7097781 0.01176727 -0.7043271
vn 0.921536 -0.1843048 0.3417648
vn 0.8587929 -0.239205 -0.4530516
vn 0.9921219 0.05098176 -0.1144331
vn 0.8117356 0.576455 -0.09372775
vn 0.5686061 -0.576449 -0.5868506
vn 0.6078206 0.4352831 -0.6641406
vn -0.00392437 0.7411556 -0.6713218
vn 0.0274471 0.9921279 -0.1221838
vn 0.003918469 0.9921279 0.1251673
vn 0.85095 0.5215548 -0.06216628
vn 0.9905665 -0.1370323 0
vn 0.0274471 -0.309791 0.9504085
vn -0.1999966 0.7725271 -0.6026635
vn -0.1843108 -0.85095 -0.4918472
vn 0.6862494 -0.1294046 -0.7157626
vn -0.9058561 -0.1137189 -0.4080351
vn -0.7019411 0.00392437 0.7122242
vn 0.0274471 0.8823276 0.4698348
vn 0.05881864 -0.7411497 0.6687582
vn 0.9058502 0.01176727 0.4234346
vn 0.6862494 -0.1294046 -0.7157626
vn 0.9058502 0.01176727 0.4234346
vn 0.0274471 0.8823276 0.4698348
vn 0.6862494 -0.1294046 -0.7157626
vn -0.1999966 0.7725271 -0.6026635
vn -0.4588118 0.6784126 -0.5738015
vn -0.6078266 -0.647035 -0.4603179
vn -0.1215677 -0.7489926 -0.6513305
vn -0.8274273 0.3568542 -0.4336118
vn -0.6313552 0.4039116 0.6620016
vn -0.1843108 0.6862553 0.7036214
vn -0.3803829 -0.6156635 0.6901212
vn 0.1450904 -0.7097781 0.6893213
vn 0.8117356 0.3176398 -0.490092
vn 0.3411625 0.6156694 -0.7103235
vn 0.44312 -0.780364 -0.4412217
vn -0.1372534 -0.717621 -0.682775
vn 0.6784066 -0.2235193 0.6998597
vn -0.4195973 -0.7019352 0.5755216
vn -0.8117416 0.2941111 0.5045535
vn 0.1294046 0.8195845 0.5581539
vn -0.6391981 0.7489985 -0.1744335
vn 0.4980202 0.8666418 0.03013135
vn 0.1294046 0.8195845 0.5581539
vn -0.4195973 -0.7019352 0.5755216
vn -0.1840555 -0.9829158 0
vn 0.6784066 -0.2235193 0.6998597
vn 0.9293789 -0.3411625 0.1409363
vn -0.1840555 -0.9829158 0
vn 0.6784066 -0.2235193 0.6998597
vn 0.4980202 0.8666418 0.03013135
vn 0.6784066 -0.2235193 0.6998597
vn 0.1294046 0.8195845 0.5581539
vn -0.9764421 -0.1999906 -0.08102219
vn -0.8117416 0.2941111 0.5045535
vn -0.1840555 -0.9829158 0
vn -0.6391981 0.7489985 -0.1744335
vn -0.8117416 0.2941111 0.5045535
vn -0.9764421 -0.1999906 -0.08102219
vn 0.44312 -0.780364 -0.4412217
vn 0.2862623 -0.7019352 0.6521816
vn 0.8117356 0.3176398 -0.490092
vn 0.6548779 0.4039116 0.6387412
vn 0.1607761 0.7254698 0.6692119
vn 0.6548779 0.4039116 0.6387412
vn -0.3254827 -0.6078206 0.7243031
vn 0.2862623 -0.7019352 0.6521816
vn -0.3254827 -0.6078206 0.7243031
vn 0.2862623 -0.7019352 0.6521816
vn -0.1372534 -0.717621 -0.682775
vn 0.44312 -0.780364 -0.4412217
vn 0.6548779 0.4039116 0.6387412
vn 0.1607761 0.7254698 0.6692119
vn 0.8117356 0.3176398 -0.490092
vn 0.3411625 0.6156694 -0.7103235
vn 0.2862623 -0.9529075 -0.1001057
vn -0.1607821 -0.5999777 -0.7836937
vn -0.4039116 -0.9136931 -0.0449484
vn 0.780364 -0.3411625 -0.5240612
vn 0.8142599 -0.5805002 0
vn -0.9372277 -0.2313621 -0.2609133
vn -0.8274273 -0.4823344 0.2876067
vn 0.4588058 0.05882466 0.8865872
vn 0.1529333 0.7568413 0.6354547
vn 0.8744787 0.03529596 0.4837781
vn -0.1215677 0.09019613 0.9884766
vn -0.6313552 0.1294106 0.7646199
vn -0.647041 0.505869 0.5704687
vn 0.8587929 0.4117544 0.3048493
vn -0.4039116 -0.9136931 -0.0449484
vn -0.1215677 0.09019613 0.9884766
vn 0.2862623 -0.9529075 -0.1001057
vn 0.4588058 0.05882466 0.8865872
vn 0.8744787 0.03529596 0.4837781
vn 0.8142599 -0.5805002 0
vn 0.8587929 0.4117544 0.3048493
vn 0.780364 -0.3411625 -0.5240612
vn -0.1215677 0.09019613 0.9884766
vn -0.4039116 -0.9136931 -0.0449484
vn -0.6313552 0.1294106 0.7646199
vn -0.8274273 -0.4823344 0.2876067
vn -0.647041 0.505869 0.5704687
vn -0.6313552 0.1294106 0.7646199
vn -0.9372277 -0.2313621 -0.2609133
vn -0.8274273 -0.4823344 0.2876067
vn 0.09803307 -0.6705637 -0.7353461
vn 0.239205 0.3646971 -0.8998761
vn -0.08235323 -0.3882198 -0.9178798
vn 0.6548779 0.5921408 0.4695787
vn 0.7882069 -0.3646911 0.4957118
vn 0.6751941 -0.7376401 0
vn 0.3568483 -0.4274343 -0.8306379
vn 0.239205 0.3646971 -0.8998761
vn -0.4509689 0.4980261 0.7406734
vn -0.6313552 0.3411684 -0.6964157
vn 0.6548779 0.5921408 0.4695787
vn -0.6313552 0.3411684 -0.6964157
vn -0.3882258 -0.7019352 -0.5971329
vn -0.3097969 -0.4117485 -0.8570234
vn -0.4509689 0.4980261 0.7406734
vn -0.3960687 -0.4744915 0.7861217
vn -0.5372406 -0.8274214 0.1635432
vn -0.6235123 -0.5058631 -0.5960999
vn -0.6235123 -0.5058631 -0.5960999
vn 0.6751941 -0.7376401 0
vn 0.3568483 -0.4274343 -0.8306379
vn -0.5372406 -0.8274214 0.1635432
vn 0.7882069 -0.3646911 0.4957118
vn -0.3960687 -0.4744915 0.7861217
vn -0.2156823 -0.4744915 -0.8534277
vn -0.3960687 -0.4744915 0.7861217
vn 0.6548779 0.5921408 0.4695787
vn 0.7882069 -0.3646911 0.4957118
vn -0.4509689 0.4980261 0.7406734
vn -0.2156823 -0.4744915 -0.8534277
vn 0.09803307 -0.6705637 -0.7353461
vn -0.08235323 -0.3882198 -0.9178798
vn 0.239205 0.3646971 -0.8998761
vn -0.6313552 0.3411684 -0.6964157
vn -0.3097969 -0.4117485 -0.8570234
vn -0.3882258 -0.7019352 -0.5971329
vn 0.3568483 -0.4274343 -0.8306379
vn -0.6235123 -0.5058631 -0.5960999
vn 0.9999648 0.00392437 -0.007411667
vn 0.717621 0.6313552 -0.2939572
vn 0.780364 -0.576449 -0.2423603
vn -0.01961017 0.6862553 -0.7270963
vn -0.301954 0.03529596 -0.9526689
vn 0.06666154 -0.7333068 -0.6766221
vn -0.9921279 0.00392437 -0.1251672
vn -0.7725271 -0.576449 -0.2662863
vn -0.709784 0.6391981 -0.2960278
vn -0.05882466 -0.7333068 -0.6773484
vn 0.309791 0.03529596 -0.9501494
vn 0.03529 0.6940982 -0.7190148
vn 0.8117356 -0.1294046 -0.5695083
vn 0.8587929 -0.01960427 -0.5119477
vn 0.5450775 0.1137248 -0.8306366
vn 0.7411497 -0.2862623 -0.6072488
vn 0.4823344 -0.3960627 -0.7813372
vn 0.003918469 -0.576449 -0.8171237
vn 0.780364 -0.3568483 -0.5135088
vn 0.7568354 -0.5842919 -0.2929217
vn 0.5450775 -0.7882069 -0.2856927
vn 0.003918469 -0.9529075 -0.3032357
vn 0.003918469 -0.9921219 -0.1252146
vn 0.458143 -0.8888785 0
vn 0.5842919 -0.780364 -0.222789
vn 0.7333068 -0.647035 -0.2088227
vn 0.5190791 -0.8547262 0
vn 0.5893309 -0.8078918 0
vn 0.6832913 -0.7301458 0
vn 0.4108514 -0.9117023 0
vn 0.722557 -0.6913112 0
vn 0.8636377 -0.504113 0
vn 0.5372347 -0.7725211 -0.3385115
vn 0.5372347 -0.8117356 -0.2290506
vn 0.3568483 -0.9136931 -0.1944846
vn 0.003918469 -0.8117356 -0.5840119
vn 0.003918469 -0.9293789 -0.3691064
vn 0.4117485 -0.8744787 -0.256418
vn 0.4117485 -0.8744787 -0.256418
vn 0.003918469 -0.9293789 -0.3691064
vn 0.003918469 -0.9529075 -0.3032357
vn 0.6391921 -0.6078206 -0.4711556
vn 0.003918469 -0.7411497 -0.6713284
vn 0.7704608 -0.6374874 0
vn 0.9043752 -0.4267383 0
vn 0.984279 -0.1764619 -0.007482721
vn 0.921536 -0.2784194 -0.2706549
vn 0.9712794 -0.2379417 0
vn 0.7704608 -0.6374874 0
vn 0.9136931 -0.3960627 0.09110028
vn 0.44312 -0.85095 0.2820084
vn 0.309791 -0.9293789 -0.2007099
vn 0.2140429 -0.9768243 0
vn 0.003918469 -0.984279 0.176577
vn 0.2941052 -0.8823215 -0.3674381
vn 0.5663624 -0.8241563 0
vn 0.6391921 -0.7568354 0.1365052
vn 0.4948786 -0.8689622 0
vn 0.003918469 -0.9999648 0.007413196
vn 0.003918469 -0.9921219 0.1252146
vn 0.003918469 -0.9293789 0.3691064
vn 0.7489926 -0.5529204 0.3650879
vn 0.003918469 -0.8431071 0.5377313
vn 0.6751941 -0.7376401 0
vn 0.003918469 -0.8431071 0.5377313
vn 0.003918469 -0.7411497 -0.6713284
vn 0.003918469 -0.8431071 0.5377313
vn 0.003918469 -0.9999648 0.007413196
vn 0.5450775 0.8195845 -0.1765554
vn 0.8980073 0.4352831 -0.06412085
vn 0.6862494 0.7176269 -0.1186307
vn 0.6784066 0.6940982 -0.2408156
vn 0.003918469 0.9764421 -0.2157439
vn 0.003918469 0.984285 -0.1765437
vn 0.003918469 0.9529135 -0.3032168
vn 0.9529075 0.239211 -0.1864012
vn 0.7568354 0.5999837 -0.2592677
vn 0.9136931 0.06666744 0.4008995
vn 0.9921219 0.07451034 -0.1007089
vn 0.6235064 0.3960687 0.6740693
vn 0.8038927 0.2941111 -0.5169672
vn 0.9529075 -0.1137189 -0.2811322
vn 0.9450647 0.01961017 -0.3262947
vn 0.85095 0.2548968 -0.4592513
vn 0.6784066 0.7333127 -0.04491059
vn 0.9764362 -0.1999906 -0.08109315
vn 0.9921219 -0.1215618 -0.03027902
vn 0.984279 -0.1529333 -0.08835277
vn 0.6784066 0.7333127 -0.04491059
vn 0.7568354 0.5999837 -0.2592677
vn 0.003918469 -0.5058631 -0.8626049
vn 0.003918469 -0.576449 -0.8171237
vn 0.6862494 0.7176269 -0.1186307
vn 0.921536 0.09019613 -0.3776719
vn 0.6078206 0.5921408 -0.5290778
vn 0.9921219 0.07451034 -0.1007089
vn 0.003918469 0.9764421 -0.2157439
vn 0.003918469 0.8666418 -0.4989155
vn 0.921536 -0.2548908 -0.29292
vn 0.984279 -0.1529333 -0.08835277
vn 0.647035 0.7254698 0.2346044
vn 0.003918469 0.9529135 0.3032168
vn 0.8901644 0.2784253 0.3606752
vn 0.921536 -0.07450444 0.3810781
vn 0.7489926 -0.4274343 0.5062708
vn 0.8041766 -0.5943906 0
vn 0.3948614 -0.9187407 0
vn 0.8744787 -0.4588058 0.1574302
vn 0.4117485 -0.7882069 0.4573762
vn 0.4117485 -0.647035 0.6417234
vn 0.003918469 -0.9999648 -0.007413196
vn 0.003918469 -0.8117356 0.5840119
vn 0.003918469 -0.85095 0.5252321
vn 0.8744787 -0.4588058 0.1574302
vn 0.3254768 -0.6235064 0.7108479
vn 0.4117485 -0.7882069 0.4573762
vn 0.6156635 -0.513706 0.5975489
vn 0.003918469 -0.647035 0.7624502
vn 0.003918469 -0.85095 0.5252321
vn 0.984279 -0.1529333 -0.08835277
vn 0.4117485 -0.647035 0.6417234
vn 0.003918469 0.239211 0.9709597
vn 0.7489926 -0.4274343 0.5062708
vn 0.921536 -0.07450444 0.3810781
vn 0.003918469 -0.8117356 0.5840119
vn 0.8901644 0.2784253 0.3606752
vn 0.647035 0.7254698 0.2346044
vn 0.003918469 0.9529135 0.3032168
vn -0.7960558 -0.1294046 -0.5912272
vn -0.5372406 0.1137248 -0.8357267
vn -0.850956 -0.01960427 -0.5248711
vn -0.7254698 -0.2862623 -0.6258973
vn -0.4744976 -0.3960627 -0.7861211
vn -0.7725271 -0.3568483 -0.5252249
vn -0.7489985 -0.5842919 -0.3124166
vn -0.5372406 -0.7882069 -0.3001705
vn 0.003918469 -0.9529075 -0.3032357
vn 0.003918469 -0.9921219 -0.1252146
vn -0.443126 -0.8901644 -0.1060504
vn -0.576455 -0.780364 -0.2423461
vn -0.7176269 -0.647035 -0.2575991
vn -0.505869 -0.8587929 -0.08106351
vn -0.576455 -0.8117356 -0.09372775
vn -0.6784126 -0.7333068 0.04491789
vn -0.3960687 -0.9136931 0.09107427
vn -0.7148795 -0.6992478 0
vn -0.8587989 -0.5058631 0.08103759
vn -0.5215548 -0.7725211 -0.3622039
vn -0.5215548 -0.8117356 -0.2628037
vn -0.3490113 -0.9136931 -0.2082212
vn 0.003918469 -0.8117356 -0.5840119
vn 0.003918469 -0.9293789 -0.3691064
vn -0.3960687 -0.8744787 -0.2800296
vn -0.3960687 -0.8744787 -0.2800296
vn 0.003918469 -0.9293789 -0.3691064
vn 0.003918469 -0.9529075 -0.3032357
vn -0.6235123 -0.6078206 -0.4917179
vn 0.003918469 -0.7411497 -0.6713284
vn -0.7568413 -0.6391921 -0.1364724
vn -0.2862682 -0.8823215 -0.3735763
vn -0.7568413 -0.6391921 -0.1364724
vn -0.9685992 -0.239205 -0.0677977
vn -0.9764421 -0.1764619 -0.1241854
vn -0.8980132 -0.4274343 -0.1042697
vn -0.913699 -0.2784194 -0.296035
vn -0.8980132 -0.3960627 0.1915895
vn -0.4274402 -0.85095 0.3052523
vn -0.301954 -0.9293789 -0.2123174
vn -0.199122 -0.9799747 0
vn 0.003918469 -0.984279 0.176577
vn -0.984285 -0.1215618 -0.1280851
vn -0.9293848 0.01961017 -0.3685909
vn -0.984285 0.07451034 -0.1600977
vn -0.9764421 -0.1529333 -0.1522243
vn -0.8980132 0.06666744 0.4348881
vn -0.8901705 0.443126 -0.1059996
vn -0.7489985 0.5999837 -0.2811063
vn -0.9607563 -0.1999906 -0.1922267
vn -0.6156694 0.3960687 0.6812348
vn -0.9450706 0.239211 -0.2227546
vn -0.7882129 0.2941111 -0.5405729
vn -0.8352702 0.2548968 -0.4871872
vn -0.6705697 0.7333127 -0.1121998
vn -0.9450706 -0.1137189 -0.3064466
vn -0.6705697 0.7333127 -0.1121998
vn -0.7489985 0.5999837 -0.2811063
vn -0.6627268 0.6940982 -0.2811066
vn -0.5372406 0.8195845 -0.1991326
vn -0.6784126 0.7176269 -0.1573785
vn 0.003918469 0.9764421 -0.2157439
vn 0.003918469 0.984285 -0.1765437
vn 0.003918469 0.9529135 -0.3032168
vn -0.5607692 -0.8274214 0.03019655
vn -0.4823403 -0.8744787 -0.05133053
vn -0.6235123 -0.7568354 0.1960425
vn 0.003918469 -0.9293789 0.3691064
vn -0.7411556 -0.5529204 0.3807459
vn 0.003918469 -0.8431071 0.5377313
vn 0.003918469 -0.9921219 0.1252146
vn 0.003918469 -0.9999648 0.007413196
vn -0.667026 -0.7450345 0
vn 0.003918469 -0.8431071 0.5377313
vn 0.003918469 -0.7411497 -0.6713284
vn 0.003918469 -0.8431071 0.5377313
vn 0.003918469 -0.9999648 0.007413196
vn 0.003918469 -0.5058631 -0.8626049
vn 0.003918469 -0.576449 -0.8171237
vn -0.6784126 0.7176269 -0.1573785
vn -0.9058561 0.09019613 -0.4138711
vn -0.984285 0.07451034 -0.1600977
vn -0.5999837 0.5921408 -0.5379487
vn 0.003918469 0.9764421 -0.2157439
vn 0.003918469 0.8666418 -0.4989155
vn -0.913699 -0.2548908 -0.3165198
vn -0.9764421 -0.1529333 -0.1522243
vn -0.6391981 0.7254698 0.255185
vn 0.003918469 0.9529135 0.3032168
vn -0.8823276 0.2784253 0.3794436
vn -0.913699 -0.07450444 0.3995037
vn -0.7411556 -0.4274343 0.5176759
vn -0.7960558 -0.5999777 -0.07951023
vn -0.3882258 -0.921536 -0.007221777
vn -0.8587989 -0.4588058 0.2279512
vn -0.4039116 -0.7882069 0.4643116
vn -0.3960687 -0.647035 0.6515177
vn 0.003918469 -0.9999648 -0.007413196
vn 0.003918469 -0.8117356 0.5840119
vn 0.003918469 -0.85095 0.5252321
vn -0.8587989 -0.4588058 0.2279512
vn -0.3176398 -0.6235064 0.7143842
vn -0.6078266 -0.513706 0.6055188
vn -0.4039116 -0.7882069 0.4643116
vn 0.003918469 -0.647035 0.7624502
vn 0.003918469 -0.85095 0.5252321
vn -0.9764421 -0.1529333 -0.1522243
vn -0.3960687 -0.647035 0.6515177
vn -0.7411556 -0.4274343 0.5176759
vn 0.003918469 0.239211 0.9709597
vn -0.913699 -0.07450444 0.3995037
vn 0.003918469 -0.8117356 0.5840119
vn -0.8823276 0.2784253 0.3794436
vn -0.6391981 0.7254698 0.255185
vn 0.003918469 0.9529135 0.3032168
vn 0.2470479 0.1450963 0.9580785
vn 0.7097781 0.6627268 0.2387642
vn 0.8431071 0.3333256 0.4219768
vn 0.717621 0.5450835 -0.4334791
vn 0.8431071 0.3176398 -0.433907
vn 0.576449 -0.2156764 -0.7881562
vn 0.717621 0.5450835 -0.4334791
vn 0.03529 0.8901705 -0.4542589
vn 0.03529 0.8901705 -0.4542589
vn 0.7333068 0.6548839 0.1827247
vn 0.03529 0.8901705 -0.4542589
vn -0.3803829 0.8038987 0.4572261
vn 0.717621 0.5450835 -0.4334791
vn 0.5450775 -0.6548779 -0.5234744
vn 0.5842919 -0.3646911 0.724985
vn 0.8117356 -0.2156764 0.5427421
vn 0.372534 -0.8823215 0.2876231
vn 0.576449 -0.2156764 -0.7881562
vn 0.717621 0.5450835 -0.4334791
vn 0.7333068 0.6548839 0.1827247
vn 0.09019017 -0.9607504 -0.2623441
vn 0.372534 -0.8823215 0.2876231
vn -0.4195973 -0.8901644 -0.1776102
vn -0.3097969 -0.8274214 0.4684013
vn -0.8352702 -0.4744915 -0.2778156
vn -0.8901705 -0.2705765 0.3665854
vn -0.2862682 -0.4274343 0.8575258
vn -0.03529596 -0.9058502 0.4221251
vn -0.3097969 -0.8274214 0.4684013
vn -0.8901705 -0.2705765 0.3665854
vn -0.576455 -0.03529 0.8163665
vn -0.4980261 0.505869 0.7043199
vn -0.3803829 0.8038987 0.4572261
vn 0.1921477 0.1529392 0.9693755
vn 0.8117356 -0.2156764 0.5427421
vn 0.5842919 -0.3646911 0.724985
vn 0.1921477 0.1529392 0.9693755
vn 0.7333068 0.6548839 0.1827247
vn -0.3803829 0.8038987 0.4572261
vn -0.2862682 -0.4274343 0.8575258
vn 0.2470479 0.1450963 0.9580785
vn -0.576455 -0.03529 0.8163665
vn -0.4117544 0.8038987 0.4291914
vn 0.7097781 0.6627268 0.2387642
vn -0.7489985 -0.09803307 -0.6552791
vn -0.6627268 0.7176269 -0.2140207
vn -0.8431131 -0.03529 -0.5365771
vn -0.8587989 0.4980261 -0.1201437
vn -0.6627268 0.7176269 -0.2140207
vn -0.4039116 0.850956 -0.335752
vn -0.8117416 0.1294106 -0.5694984
vn 0.0274471 0.8980132 -0.4391115
vn -0.1058819 0.4666547 -0.8780788
vn -0.6627268 0.7176269 -0.2140207
vn -0.7489985 -0.09803307 -0.6552791
vn -0.6627268 0.7176269 -0.2140207
vn -0.4117544 0.8038987 0.4291914
vn -0.4039116 0.850956 -0.335752
vn 0.7097781 0.6627268 0.2387642
vn -0.6627268 0.7176269 -0.2140207
vn -0.1215677 0.4195973 -0.8995329
vn 0.921536 -0.0274471 -0.3873217
vn 0.513706 0.00392437 -0.8579573
vn 0.8901644 -0.2627336 0.372261
vn 0.5372347 0.01176727 -0.8433508
vn 0.5372347 -0.3960627 -0.7446564
vn 0.513706 0.00392437 -0.8579573
vn 0.647035 -0.01176137 -0.7623696
vn 0.780364 -0.0274471 0.6247228
vn 0.8117356 0.37254 0.4497768
vn 0.9293789 0.1372534 0.3426608
vn 0.8038927 0.1607821 0.5726304
vn 0.717621 0.6862553 0.118633
vn 0.4980202 0.3333256 -0.8005435
vn -0.9685992 0.2078394 -0.1364491
vn -0.1215677 0.4195973 -0.8995329
vn -0.7646842 0.168625 -0.6219515
vn -0.7176269 -0.06666154 0.69323
vn -0.7882129 0.1764679 -0.5895587
vn -0.8431131 -0.2156764 -0.4925891
vn -0.7646842 0.168625 -0.6219515
vn -0.8587989 0.1764679 -0.4809611
vn -0.4588118 0.1294106 0.879059
vn -0.4666547 0.5372406 0.702571
vn -0.6627268 0.3490113 0.662559
vn -0.4509689 0.3176398 0.8341056
vn -0.4352831 0.8352702 0.3359351
vn -0.647041 0.4823403 -0.5904962
vn 0.513706 0.00392437 -0.8579573
vn -0.7646842 0.168625 -0.6219515
vn -0.1215677 0.4195973 -0.8995329
vn 0.647035 -0.01176137 -0.7623696
vn -0.8587989 0.1764679 -0.4809611
vn 0.4980202 0.3333256 -0.8005435
vn -0.647041 0.4823403 -0.5904962
vn -0.1607821 -0.984279 -0.07310208
vn -0.7882129 0.1843108 -0.5871541
vn -0.8117416 -0.5372347 -0.2290295
vn -0.1137248 0.4509689 -0.8852648
vn 0.5215489 -0.7097781 -0.4734997
vn 0.5450775 0.01176727 -0.8383031
vn -0.1607821 -0.984279 -0.07310208
vn -0.8587989 -0.3490054 0.3750463
vn -0.02745306 -0.9058502 0.4227076
vn -0.8117416 -0.5372347 -0.2290295
vn -0.8274273 0.5529263 -0.09816639
vn -0.7882129 0.1843108 -0.5871541
vn -0.1137248 0.4509689 -0.8852648
vn 0.0274471 0.8901705 -0.4548002
vn 0.5215489 -0.7097781 -0.4734997
vn -0.1607821 -0.984279 -0.07310208
vn -0.02745306 -0.9058502 0.4227076
vn 0.8241563 -0.5663624 0
vn 0.5450775 0.01176727 -0.8383031
vn 0.8587929 0.3411684 -0.3822027
vn -0.1137248 0.4509689 -0.8852648
vn 0.0274471 0.8901705 -0.4548002
vn -0.4588118 -0.01960427 0.8883172
vn 0.7489926 -0.168619 0.6407634
vn 0.06666154 -0.6391921 0.7661526
vn -0.1293426 -0.9916001 0
vn 0.5999777 -0.576449 -0.5547371
vn -0.8744847 -0.372534 -0.3106364
vn 0.5999777 -0.576449 -0.5547371
vn 0.06666154 -0.6391921 0.7661526
vn 0.7489926 -0.168619 0.6407634
vn -0.1293426 -0.9916001 0
vn -0.8744847 -0.372534 -0.3106364
vn -0.4588118 -0.01960427 0.8883172
vn -0.9058561 -0.4117485 0.09943764
vn -0.5999837 0.7568413 -0.2592504
vn -0.576455 -0.6391921 -0.5090512
vn -0.6548839 0.6705697 -0.3485161
vn -0.7254698 -0.44312 0.5266291
vn -0.7176269 0.2941111 -0.6312767
vn -0.7333127 -0.003918469 0.6798802
vn -0.8431131 0.07451034 -0.5325491
vn -0.7019411 0.5215548 0.4850353
vn -0.6548839 0.1529392 -0.7400923
vn -0.2313681 0.9529135 0.1960221
vn 0.7489926 -0.6156635 0.244885
vn -0.9058561 -0.4117485 0.09943764
vn 0.7568354 -0.6235064 -0.1960613
vn -0.7254698 -0.44312 0.5266291
vn -0.576455 -0.6391921 -0.5090512
vn 0.1607761 -0.7411497 -0.6518038
vn 0.7489926 -0.6156635 0.244885
vn -0.7333127 -0.003918469 0.6798802
vn -0.7254698 -0.44312 0.5266291
vn 0.921536 -0.2078335 0.3279888
vn -0.7019411 0.5215548 0.4850353
vn 0.9450647 0.301954 0.125206
vn -0.2313681 0.9529135 0.1960221
vn 0.513706 0.850956 -0.1094537
vn 0.9450647 0.301954 0.125206
vn 0.3568483 0.02745306 -0.9337589
vn 0.513706 0.850956 -0.1094537
vn 0.5999777 -0.105876 -0.7929798
vn 0.921536 -0.2078335 0.3279888
vn 0.4980202 0.1450963 -0.8549403
vn 0.7489926 -0.6156635 0.244885
vn 0.647035 0.505869 -0.5704754
vn 0.7568354 -0.6235064 -0.1960613
vn 0.647035 0.6078266 -0.4603179
vn 0.1607761 -0.7411497 -0.6518038
vn 0.5999777 -0.105876 -0.7929798
vn -0.6548839 0.1529392 -0.7400923
vn 0.3568483 0.02745306 -0.9337589
vn -0.8431131 0.07451034 -0.5325491
vn 0.4980202 0.1450963 -0.8549403
vn -0.7176269 0.2941111 -0.6312767
vn -0.7176269 0.2941111 -0.6312767
vn 0.4980202 0.1450963 -0.8549403
vn 0.647035 0.505869 -0.5704754
vn -0.6548839 0.6705697 -0.3485161
vn 0.647035 0.6078266 -0.4603179
vn -0.5999837 0.7568413 -0.2592504
vn 0.6078206 -0.4980202 -0.61849
vn -0.7411556 -0.5529204 -0.3807459
vn -0.8744847 -0.2941052 -0.3857184
vn 0.3882198 -0.7097781 -0.5877929
vn 0.6078206 -0.2313621 -0.759622
vn -0.8744847 -0.0431329 -0.4831316
vn -0.7176269 0.08235323 -0.6915414
vn 0.6078206 -0.2313621 -0.759622
vn -0.8744847 -0.0431329 -0.4831316
vn 0.4117485 -0.05881864 -0.9093974
vn 0.984279 -0.1294046 -0.1202051
vn 0.6078206 -0.2313621 -0.759622
vn 0.4117485 -0.05881864 -0.9093974
vn 0.6078206 -0.4980202 -0.61849
vn 0.984279 -0.1294046 -0.1202051
vn 0.3882198 -0.7097781 -0.5877929
vn -0.9685992 0.1215677 0.2168798
vn -0.8744847 -0.2941052 -0.3857184
vn -0.7411556 -0.5529204 -0.3807459
vn -0.9685992 0.1215677 0.2168798
vn -0.8744847 -0.0431329 -0.4831316
vn -0.7176269 0.08235323 -0.6915414
vn 0.984279 -0.1294046 -0.1202051
vn 0.984279 -0.1294046 -0.1202051
vn 0.984279 -0.1294046 -0.1202051
vn 0.984279 -0.1294046 -0.1202051
vn 0.984279 -0.1294046 -0.1202051
vn 0.6543335 -0.7562062 0
vn 0.7489926 0.647041 0.1426469
vn 0.7411497 0.6156694 -0.2676722
vn 0.9529075 -0.2941052 0.07395537
vn 0.8823215 0.4352831 0.1789898
vn 0.7882069 -0.4980202 -0.3615324
vn 0.7411497 0.576455 0.3440884
vn 0.7411497 -0.03529 0.6704116
vn 0.7411497 -0.1372475 -0.6571608
vn 0.6078206 -0.6548779 0.449098
vn 0.9670736 0.2544968 0
vn 0.85095 0.239211 -0.4676133
vn -0.7725271 0.4980261 0.3939186
vn 0.9529075 -0.2941052 0.07395537
vn 0.9670736 0.2544968 0
vn -0.8823276 -0.06666154 0.4658909
vn 0.85095 0.239211 -0.4676133
vn -0.8744847 0.4509689 -0.178616
vn 0.7411497 -0.1372475 -0.6571608
vn -0.9293848 0.07451034 -0.3615135
vn 0.7882069 -0.4980202 -0.3615324
vn -0.9607563 -0.2627336 -0.0889852
vn -0.8823276 -0.06666154 0.4658909
vn 0.9529075 -0.2941052 0.07395537
vn -0.4352831 0.8038987 0.4053092
vn -0.709784 -0.5999777 0.369098
vn -0.5921408 0.7960558 -0.1251575
vn -0.8823276 -0.06666154 0.4658909
vn -0.7725271 0.4980261 0.3939186
vn -0.5215548 -0.513706 0.6812391
vn -0.8744847 0.4509689 -0.178616
vn -0.4117544 0.1058819 0.9051228
vn -0.9293848 0.07451034 -0.3615135
vn -0.3803829 0.7176269 0.5833699
vn -0.6156694 0.6313552 0.4715315
vn -0.9607563 -0.2627336 -0.0889852
vn 0.7411497 0.6156694 -0.2676722
vn -0.4352831 0.8038987 0.4053092
vn -0.5921408 0.7960558 -0.1251575
vn 0.7489926 0.647041 0.1426469
vn -0.6156694 0.6313552 0.4715315
vn 0.8823215 0.4352831 0.1789898
vn -0.3803829 0.7176269 0.5833699
vn 0.7411497 0.576455 0.3440884
vn -0.4117544 0.1058819 0.9051228
vn 0.7411497 -0.03529 0.6704116
vn -0.5215548 -0.513706 0.6812391
vn 0.6078206 -0.6548779 0.449098
vn 0.6543335 -0.7562062 0
vn -0.709784 -0.5999777 0.369098
vn 0.1921477 0.1529392 0.9693755
vn 0.8431071 0.3333256 0.4219768
vn -0.4980261 0.505869 0.7043199
vn 0.2470479 0.1450963 0.9580785
vn 0.9529075 -0.1607761 -0.2571348
vn 0.9529075 -0.1607761 -0.2571348
vn 0.9529075 -0.1607761 -0.2571348
vn 0.85095 0.37254 -0.3702675
vn 0.8901644 0.3176398 -0.3266684
vn 0.85095 0.37254 -0.3702675
vn -0.1058819 0.4666547 -0.8780788
vn 0.6391921 0.6313552 -0.4391174
vn 0.0274471 0.8980132 -0.4391115
vn 0.9921219 -0.09019017 -0.0869472
vn 0.9921219 -0.09019017 -0.0869472
vn -0.8117416 0.1294106 -0.5694984
vn -0.2313681 -0.4274343 -0.8739387
vn -0.1058819 0.4666547 -0.8780788
vn -0.2313681 -0.4274343 -0.8739387
vn -0.7489985 -0.09803307 -0.6552791
vn 0.576449 -0.2156764 -0.7881562
vn -0.8431131 -0.03529 -0.5365771
vn 0.5450775 -0.6548779 -0.5234744
vn -0.8352702 -0.4744915 -0.2778156
vn 0.09019017 -0.9607504 -0.2623441
vn -0.4195973 -0.8901644 -0.1776102
vn -0.8352702 -0.4744915 -0.2778156
vn -0.9685992 0.1215677 0.2168798
vn -0.8901705 -0.2705765 0.3665854
vn -0.8431131 -0.03529 -0.5365771
vn -0.9685992 0.1215677 0.2168798
vn -0.6627268 0.7176269 -0.2140207
vn -0.576455 -0.03529 0.8163665
vn -0.4117544 0.8038987 0.4291914
vn -0.9685992 0.1215677 0.2168798
vn -0.8901705 -0.2705765 0.3665854
vn -0.7646842 -0.5372347 -0.3558609
vn 0.3490054 -0.8901644 -0.2929206
vn 0.4274343 -0.6862494 -0.588525
vn -0.6374909 -0.7704579 0
vn 0.4274343 -0.6862494 -0.588525
vn 0.6078206 -0.6391921 0.4711556
vn 0.5842919 -0.3646911 0.724985
vn 0.3490054 -0.8901644 -0.2929206
vn -0.5137119 -0.4980202 0.6986243
vn -0.7646842 -0.5372347 -0.3558609
vn -0.2862682 -0.4274343 0.8575258
vn -0.6374909 -0.7704579 0
vn 0.5842919 -0.3646911 0.724985
vn -0.5137119 -0.4980202 0.6986243
vn -0.2862682 -0.4274343 0.8575258
vn 0.6078206 -0.6391921 0.4711556
vn 0.6078206 -0.6391921 0.4711556
vn -0.6374909 -0.7704579 0
vn -0.5137119 -0.4980202 0.6986243
vn 0.3490054 -0.8901644 -0.2929206
vn -0.1215677 0.4195973 -0.8995329
vn 0.5372347 0.01176727 -0.8433508
vn 0.921536 -0.0274471 -0.3873217
vn -0.1137248 0.4274402 -0.8968621
vn -0.1137248 0.4274402 -0.8968621
vn -0.9685992 0.2078394 -0.1364491
vn -0.7882129 0.1764679 -0.5895587
vn -0.1215677 0.4195973 -0.8995329
vn 0.5372347 -0.3960627 -0.7446564
vn -0.7882129 0.1764679 -0.5895587
vn -0.8431131 -0.2156764 -0.4925891
vn -0.1137248 0.4274402 -0.8968621
vn 0.5372347 0.01176727 -0.8433508
vn -0.7176269 -0.06666154 0.69323
vn 0.780364 -0.0274471 0.6247228
vn 0.8901644 -0.2627336 0.372261
vn -0.4588118 0.1294106 0.879059
vn 0.780364 -0.0274471 0.6247228
vn -0.4666547 0.5372406 0.702571
vn 0.8117356 0.37254 0.4497768
vn -0.4588118 0.1294106 0.879059
vn 0.9293789 0.1372534 0.3426608
vn -0.6627268 0.3490113 0.662559
vn 0.8038927 0.1607821 0.5726304
vn -0.4509689 0.3176398 0.8341056
vn -0.4352831 0.8352702 0.3359351
vn 0.717621 0.6862553 0.118633
vn 0.4980202 0.3333256 -0.8005435
vn -0.4352831 0.8352702 0.3359351
vn -0.647041 0.4823403 -0.5904962
vn 0.717621 0.6862553 0.118633
vn -0.9764421 0.1215677 0.1782754
vn -0.9764421 0.1215677 0.1782754
vn -0.9764421 0.1215677 0.1782754
vn -0.9764421 0.1215677 0.1782754
vn -0.9764421 0.1137248 0.183378
vn 0.8901644 0.02745306 0.4548116
vn -0.08235323 0.984285 0.1562082
vn 0.85095 0.06666744 0.5209986
vn 0.0274471 0.9921279 -0.1221838
vn -0.78037 -0.2548908 -0.5710108
vn -0.8195845 -0.08234733 -0.5670099
vn 0.01960427 0.9921279 0.1236846
vn 0.01960427 0.984285 -0.1754957
vn -0.8901705 -0.1294046 -0.4368649
vn 0.3019481 -0.9529075 0.02818952
vn 0.1372475 -0.984279 0.1111663
vn 0.780364 0.09803903 0.6175923
vn 0.06666154 -0.9529075 0.2958438
vn 0.8117356 0.1764679 0.5567265
vn -0.8901705 -0.1294046 -0.4368649
vn -0.8195845 -0.08234733 -0.5670099
vn -0.913699 -0.08234733 -0.3979611
vn 0.06666154 0.9764421 -0.2052244
vn -0.913699 -0.08234733 -0.3979611
vn -0.78037 -0.2548908 -0.5710108
vn 0.921536 0.2156823 0.3228817
vn 0.1607761 -0.9764362 0.1439561
vn 0.9529075 0.1843108 0.2408253
vn 0.1921477 -0.9607504 0.2000948
vn -0.8901705 -0.2705765 -0.3665854
vn -0.8666418 -0.0509758 -0.49632
vn 0.05881864 0.9607563 -0.2710862
vn -0.1137248 0.9372277 -0.3296527
vn -0.9372277 -0.3411625 -0.07219662
vn 0.3254768 -0.8274214 0.4576449
vn 0.9450647 0.09019613 0.3141933
vn 0.3411625 0.9372277 -0.07219672
vn -0.6705697 0.6627268 -0.3333611
vn -0.8901705 -0.2705765 -0.3665854
vn -0.9372277 -0.3411625 -0.07219662
vn -0.8666418 -0.0509758 -0.49632
vn 0.3254768 -0.8274214 0.4576449
vn -0.9764421 -0.2078335 0.05801786
vn -0.9372277 -0.3411625 -0.07219662
vn 0.2627336 -0.6705637 0.6937689
vn 0.921536 0.1529392 0.3569048
vn 0.9450647 0.09019613 0.3141933
vn 0.3254768 0.9450706 -0.03010661
vn 0.3411625 0.9372277 -0.07219672
vn -0.9685992 -0.1999906 0.1477137
vn 0.09803307 -0.8823215 0.460324
vn -0.9764421 -0.1843048 -0.1122165
vn 0.372534 -0.8195785 0.4353269
vn 0.647035 -0.6784066 0.3480089
vn 0.06666154 0.850956 -0.5209897
vn -0.5450835 -0.780364 -0.3064571
vn 0.1372475 -0.3411625 -0.9299308
vn 0.6391921 -0.7568354 0.1365052
vn 0.9921219 0.09803903 0.07798994
vn 0.9764362 0.1607821 0.1439494
vn 0.3490054 0.06666744 -0.9347463
vn 0.4588058 -0.7725211 -0.4389856
vn -0.00392437 0.8038987 -0.5947533
vn 0.9921219 0.09803903 0.07798994
vn 0.09803307 0.5921408 -0.7998493
vn 0.3490054 0.06666744 -0.9347463
vn 0.372534 -0.8195785 0.4353269
vn -0.7333127 -0.3411625 -0.5880991
vn 0.5215489 -0.8274214 -0.2082323
vn 0.3803769 0.6156694 -0.6901193
vn 0.3960627 0.3646971 -0.8426923
vn 0.09803307 -0.8823215 0.460324
vn 0.372534 -0.8195785 0.4353269
vn -0.6705697 0.6627268 -0.3333611
vn 0.3254768 0.9450706 -0.03010661
vn 0.3411625 0.9372277 -0.07219672
vn -0.6705697 0.5842979 -0.4570912
vn -0.9764421 -0.2078335 0.05801786
vn -0.9372277 -0.3411625 -0.07219662
vn 0.06666154 0.850956 -0.5209897
vn -0.5999837 0.2313681 -0.7658253
vn -0.9685992 -0.1999906 0.1477137
vn -0.9764421 -0.1843048 -0.1122165
vn 0.3803769 0.6156694 -0.6901193
vn -0.7333127 -0.3411625 -0.5880991
vn 0.3960627 0.3646971 -0.8426923
vn 0.1372475 -0.3411625 -0.9299308
vn 0.5215489 -0.8274214 -0.2082323
vn -0.8195845 -0.05881864 -0.5699313
vn -0.00392437 0.8038987 -0.5947533
vn -0.8744847 0.01176727 -0.4849104
vn 0.09803307 0.5921408 -0.7998493
vn 0.3490054 0.06666744 -0.9347463
vn 0.1372475 -0.3411625 -0.9299308
vn -0.5450835 -0.780364 -0.3064571
vn 0.1372475 -0.3411625 -0.9299308
vn -0.7254698 -0.6391921 -0.2551999
vn 0.4588058 -0.7725211 -0.4389856
vn -0.6862553 -0.4274343 -0.5885181
vn -0.7254698 -0.6391921 -0.2551999
vn 0.6391921 -0.7568354 0.1365052
vn -0.6862553 -0.4274343 -0.5885181
vn 0.3490054 0.06666744 -0.9347463
vn -0.7254698 -0.6391921 -0.2551999
vn 0.3490054 0.06666744 -0.9347463
vn -0.8744847 0.01176727 -0.4849104
vn -0.6862553 -0.4274343 -0.5885181
vn -0.8195845 -0.05881864 -0.5699313
vn -0.8823276 0.02745306 0.4698344
vn 0.09019017 0.984285 0.1518184
vn -0.01961017 0.9921279 -0.1236837
vn -0.8431131 0.06666744 0.5335877
vn 0.7882069 -0.2548908 -0.5601433
vn 0.8274214 -0.08234733 -0.5555113
vn -0.01176727 0.9921279 0.1246746
vn -0.01176727 0.984285 -0.1761948
vn 0.9058502 -0.1294046 -0.4033483
vn -0.2941111 -0.9529075 0.0739319
vn -0.1294106 -0.984279 0.1201985
vn -0.7725271 0.09803903 0.6273677
vn -0.05882466 -0.9529075 0.2975011
vn -0.7960558 0.1764679 0.5789251
vn 0.9058502 -0.1294046 -0.4033483
vn 0.8274214 -0.08234733 -0.5555113
vn 0.921536 -0.08234733 -0.3794606
vn -0.05882466 0.9764421 -0.2076065
vn 0.921536 -0.08234733 -0.3794606
vn 0.7882069 -0.2548908 -0.5601433
vn -0.9058561 0.2156823 0.3645625
vn -0.1529392 -0.9764362 0.1522561
vn -0.9450706 0.1843108 0.2699464
vn -0.1843108 -0.9607504 0.2073359
vn 0.9058502 -0.2705765 -0.3259198
vn 0.8823215 -0.0509758 -0.4678783
vn -0.05098176 0.9607563 -0.2726687
vn 0.1215618 0.9372277 -0.3268439
vn 0.9405891 -0.3395469 0
vn -0.3097969 -0.8274214 0.4684013
vn -0.9293848 0.09019613 0.3579224
vn -0.3254827 0.9372277 -0.1251606
vn 0.6784066 0.6627268 -0.3171085
vn 0.9058502 -0.2705765 -0.3259198
vn 0.9405891 -0.3395469 0
vn 0.8823215 -0.0509758 -0.4678783
vn -0.3097969 -0.8274214 0.4684013
vn 0.978426 -0.2065976 0
vn -0.2548968 -0.6705637 0.6966864
vn 0.9405891 -0.3395469 0
vn -0.9058561 0.1529392 0.3950117
vn -0.9293848 0.09019613 0.3579224
vn -0.3176398 0.9450706 -0.07711328
vn -0.3254827 0.9372277 -0.1251606
vn 0.9799759 -0.1991162 0
vn -0.09019613 -0.8823215 0.4619235
vn 0.9829169 -0.1840498 0
vn -0.3646971 -0.8195785 0.4419131
vn -0.6391981 -0.6784066 0.362202
vn -0.05882466 0.850956 -0.5219326
vn 0.5529204 -0.780364 -0.2920806
vn -0.1294106 -0.3411625 -0.9310538
vn -0.6235123 -0.7568354 0.1960425
vn -0.984285 0.09803903 0.1468721
vn -0.9607563 0.1607821 0.2260452
vn -0.3411684 0.06666744 -0.9376351
vn -0.4509689 -0.7725211 -0.4470327
vn 0.01176137 0.8038987 -0.5946499
vn -0.984285 0.09803903 0.1468721
vn -0.09019613 0.5921408 -0.8007708
vn -0.3411684 0.06666744 -0.9376351
vn 0.7489926 -0.3411625 -0.567995
vn -0.3646971 -0.8195785 0.4419131
vn -0.5137119 -0.8274214 -0.2268788
vn -0.37254 0.6156694 -0.6943811
vn -0.3803829 0.3646971 -0.8498852
vn -0.09019613 -0.8823215 0.4619235
vn -0.3646971 -0.8195785 0.4419131
vn 0.6784066 0.6627268 -0.3171085
vn -0.3176398 0.9450706 -0.07711328
vn 0.6784066 0.5842979 -0.4453768
vn -0.3254827 0.9372277 -0.1251606
vn 0.978426 -0.2065976 0
vn 0.9405891 -0.3395469 0
vn -0.05882466 0.850956 -0.5219326
vn 0.6078206 0.2313681 -0.7596202
vn 0.9799759 -0.1991162 0
vn 0.9829169 -0.1840498 0
vn -0.37254 0.6156694 -0.6943811
vn 0.7489926 -0.3411625 -0.567995
vn -0.3803829 0.3646971 -0.8498852
vn -0.1294106 -0.3411625 -0.9310538
vn -0.5137119 -0.8274214 -0.2268788
vn 0.8274214 -0.05881864 -0.5584928
vn 0.01176137 0.8038987 -0.5946499
vn 0.8823215 0.01176727 -0.4705
vn -0.09019613 0.5921408 -0.8007708
vn -0.3411684 0.06666744 -0.9376351
vn -0.1294106 -0.3411625 -0.9310538
vn 0.5529204 -0.780364 -0.2920806
vn -0.1294106 -0.3411625 -0.9310538
vn 0.7411497 -0.6391921 -0.2052575
vn -0.4509689 -0.7725211 -0.4470327
vn 0.7019352 -0.4274343 -0.5697253
vn 0.7411497 -0.6391921 -0.2052575
vn -0.6235123 -0.7568354 0.1960425
vn 0.7019352 -0.4274343 -0.5697253
vn -0.3411684 0.06666744 -0.9376351
vn 0.7411497 -0.6391921 -0.2052575
vn -0.3411684 0.06666744 -0.9376351
vn 0.7019352 -0.4274343 -0.5697253
vn 0.8823215 0.01176727 -0.4705
vn 0.8274214 -0.05881864 -0.5584928
vn -0.1529392 0.5215548 -0.8393987
vn -0.2705826 0.5999837 -0.7528643
vn -0.4744976 0.4195973 -0.7738153
vn 0.105876 0.6156694 -0.7808595
vn 0.2941052 0.5529263 -0.779599
vn 0.2548908 0.5686121 -0.7821195
vn -0.3254827 0.2784253 -0.9036262
vn 0.2705765 0.5607692 -0.7825128
vn 0.1607761 0.6313552 -0.7586446
vn -0.2313681 -0.01176137 -0.9727952
vn 0.003918469 0.5293977 -0.8483647
vn 0.003918469 -0.309791 -0.9507966
vn -0.3333256 -0.7097781 -0.6205716
vn -0.576455 -0.3646911 -0.7312319
vn -0.6313552 0.1607821 -0.7586434
vn 0.2941052 0.5607692 -0.7739767
vn 0.003918469 -0.309791 -0.9507966
vn 0.003918469 -0.8195785 -0.5729535
vn 0.07450444 0.6862553 -0.7235349
vn 0.07450444 0.6862553 -0.7235349
vn 0.2784194 0.5999837 -0.7500014
vn 0.1607761 0.5215548 -0.8379329
vn 0.4823344 0.4195973 -0.7689549
vn -0.09803903 0.6156694 -0.781882
vn -0.2862682 0.5529263 -0.7825108
vn -0.2470539 0.5686121 -0.7846302
vn 0.3411625 0.2784253 -0.8978238
vn -0.2627397 0.5607692 -0.7851788
vn -0.1529392 0.6313552 -0.7602633
vn 0.239205 -0.01176137 -0.9708979
vn 0.003918469 0.5293977 -0.8483647
vn 0.003918469 -0.309791 -0.9507966
vn 0.3411625 -0.7097781 -0.616298
vn 0.5842919 -0.3646911 -0.724985
vn 0.6391921 0.1607821 -0.7520522
vn 0.003918469 0.647041 -0.7624452
vn -0.06666744 0.6862553 -0.724299
vn 0.003918469 -0.309791 -0.9507966
vn 0.003918469 -0.8195785 -0.5729535
g NPC_Nan_047_0
f 3/3/3 2/2/2 1/1/1
f 4/4/4 3/3/3 1/1/1
f 5/5/5 2/2/2 3/3/3
f 5/5/5 3/3/3 6/6/6
f 7/7/7 6/6/6 3/3/3
f 4/4/4 7/7/7 3/3/3
f 7/7/7 8/8/8 6/6/6
f 9/9/9 6/6/6 8/8/8
f 10/10/10 9/9/9 8/8/8
f 9/9/9 11/11/11 6/6/6
f 12/12/12 6/6/6 11/11/11
f 13/13/13 4/4/4 1/1/1
f 14/14/14 13/13/13 1/1/1
f 15/15/15 14/14/14 1/1/1
f 16/16/16 2/2/2 5/5/5
f 1/1/1 2/2/2 17/17/17
f 17/17/17 15/15/15 1/1/1
f 17/17/17 18/18/18 15/15/15
f 19/19/19 15/15/15 18/18/18
f 14/14/14 15/15/15 19/19/19
f 17/17/17 20/20/20 18/18/18
f 16/16/16 20/20/20 17/17/17
f 18/18/18 20/20/20 21/21/21
f 20/20/20 22/22/22 21/21/21
f 20/20/20 16/16/16 22/22/22
f 22/22/22 16/16/16 23/23/23
f 24/24/24 21/21/21 22/22/22
f 17/17/17 2/2/2 16/16/16
f 16/16/16 5/5/5 23/23/23
f 23/23/23 5/5/5 25/25/25
f 6/6/6 25/25/25 5/5/5
f 26/26/26 25/25/25 6/6/6
f 12/12/12 26/26/26 6/6/6
f 25/25/25 26/26/26 27/27/27
f 22/22/22 23/23/23 28/28/28
f 22/22/22 28/28/28 24/24/24
f 29/29/29 28/28/28 23/23/23
f 30/30/30 23/23/23 25/25/25
f 30/30/30 27/27/27 29/29/29
f 29/29/29 23/23/23 30/30/30
f 30/30/30 25/25/25 27/27/27
f 31/31/31 29/29/29 27/27/27
f 32/32/32 24/24/24 28/28/28
f 32/32/32 28/28/28 33/33/33
f 34/34/34 33/33/33 28/28/28
f 29/29/29 35/35/35 28/28/28
f 34/34/34 28/28/28 35/35/35
f 31/31/31 36/36/36 29/29/29
f 35/35/35 29/29/29 36/36/36
f 39/39/39 38/38/38 37/37/37
f 38/38/38 40/40/40 37/37/37
f 40/40/40 38/38/38 41/41/41
f 42/42/42 41/41/41 38/38/38
f 42/42/42 38/38/38 43/43/43
f 44/44/44 43/43/43 38/38/38
f 38/38/38 39/39/39 44/44/44
f 40/40/40 45/45/45 37/37/37
f 46/46/46 37/37/37 45/45/45
f 43/43/43 44/44/44 47/47/47
f 48/48/48 47/47/47 44/44/44
f 44/44/44 49/49/49 48/48/48
f 41/41/41 50/50/50 40/40/40
f 45/45/45 40/40/40 50/50/50
f 39/39/39 37/37/37 51/51/51
f 51/51/51 37/37/37 46/46/46
f 51/51/51 52/52/52 39/39/39
f 44/44/44 39/39/39 53/53/53
f 44/44/44 53/53/53 49/49/49
f 39/39/39 52/52/52 54/54/54
f 39/39/39 54/54/54 53/53/53
f 45/45/45 50/50/50 55/55/55
f 46/46/46 45/45/45 56/56/56
f 56/56/56 45/45/45 55/55/55
f 57/57/57 46/46/46 56/56/56
f 57/57/57 56/56/56 58/58/58
f 57/57/57 58/58/58 59/59/59
f 60/60/60 59/59/59 58/58/58
f 60/60/60 58/58/58 61/61/61
f 62/62/62 61/61/61 58/58/58
f 61/61/61 62/62/62 63/63/63
f 64/64/64 63/63/63 62/62/62
f 62/62/62 65/65/65 64/64/64
f 56/56/56 65/65/65 58/58/58
f 65/65/65 62/62/62 58/58/58
f 66/66/66 64/64/64 65/65/65
f 65/65/65 56/56/56 66/66/66
f 56/56/56 55/55/55 66/66/66
f 64/64/64 66/66/66 67/67/67
f 68/68/68 67/67/67 66/66/66
f 66/66/66 55/55/55 68/68/68
f 71/71/71 70/70/70 69/69/69
f 69/69/69 70/70/70 72/72/72
f 73/73/73 69/69/69 72/72/72
f 71/71/71 69/69/69 74/74/74
f 75/75/75 74/74/74 69/69/69
f 75/75/75 69/69/69 76/76/76
f 77/77/77 76/76/76 69/69/69
f 77/77/77 69/69/69 73/73/73
f 77/77/77 73/73/73 78/78/78
f 79/79/79 78/78/78 73/73/73
f 78/78/78 80/80/80 77/77/77
f 76/76/76 77/77/77 80/80/80
f 80/80/80 81/81/81 76/76/76
f 82/82/82 76/76/76 81/81/81
f 76/76/76 82/82/82 75/75/75
f 83/83/83 75/75/75 82/82/82
f 75/75/75 83/83/83 74/74/74
f 84/84/84 74/74/74 83/83/83
f 87/87/87 86/86/86 85/85/85
f 11/11/11 9/9/9 88/88/88
f 9/9/9 89/89/89 88/88/88
f 89/89/89 90/90/90 88/88/88
f 10/10/10 89/89/89 9/9/9
f 91/91/91 10/10/10 8/8/8
f 91/91/91 8/8/8 92/92/92
f 8/8/8 7/7/7 92/92/92
f 93/93/93 92/92/92 7/7/7
f 93/93/93 7/7/7 4/4/4
f 94/94/94 93/93/93 4/4/4
f 94/94/94 4/4/4 13/13/13
f 13/13/13 95/95/95 94/94/94
f 13/13/13 96/96/96 95/95/95
f 95/95/95 96/96/96 97/97/97
f 14/14/14 96/96/96 13/13/13
f 96/96/96 14/14/14 98/98/98
f 99/99/99 97/97/97 96/96/96
f 98/98/98 100/100/100 96/96/96
f 98/98/98 101/101/101 100/100/100
f 101/101/101 98/98/98 19/19/19
f 98/98/98 14/14/14 19/19/19
f 102/102/102 100/100/100 101/101/101
f 100/100/100 102/102/102 103/103/103
f 104/104/104 103/103/103 102/102/102
f 105/105/105 99/99/99 96/96/96
f 105/105/105 96/96/96 100/100/100
f 99/99/99 105/105/105 106/106/106
f 107/107/107 106/106/106 105/105/105
f 103/103/103 107/107/107 100/100/100
f 105/105/105 100/100/100 107/107/107
f 108/108/108 95/95/95 97/97/97
f 97/97/97 99/99/99 108/108/108
f 108/108/108 109/109/109 95/95/95
f 108/108/108 110/110/110 109/109/109
f 109/109/109 110/110/110 111/111/111
f 110/110/110 112/112/112 111/111/111
f 113/113/113 109/109/109 111/111/111
f 114/114/114 113/113/113 111/111/111
f 115/115/115 114/114/114 111/111/111
f 115/115/115 116/116/116 114/114/114
f 116/116/116 117/117/117 114/114/114
f 118/118/118 114/114/114 117/117/117
f 118/118/118 113/113/113 114/114/114
f 118/118/118 117/117/117 119/119/119
f 120/120/120 119/119/119 117/117/117
f 120/120/120 121/121/121 119/119/119
f 120/120/120 117/117/117 122/122/122
f 123/123/123 122/122/122 117/117/117
f 115/115/115 124/124/124 116/116/116
f 115/115/115 111/111/111 125/125/125
f 115/115/115 125/125/125 124/124/124
f 112/112/112 125/125/125 111/111/111
f 125/125/125 112/112/112 126/126/126
f 127/127/127 126/126/126 112/112/112
f 128/128/128 125/125/125 126/126/126
f 128/128/128 124/124/124 125/125/125
f 128/128/128 126/126/126 129/129/129
f 128/128/128 129/129/129 130/130/130
f 124/124/124 128/128/128 130/130/130
f 124/124/124 130/130/130 131/131/131
f 116/116/116 124/124/124 131/131/131
f 132/132/132 130/130/130 129/129/129
f 133/133/133 123/123/123 117/117/117
f 130/130/130 134/134/134 131/131/131
f 130/130/130 132/132/132 134/134/134
f 135/135/135 131/131/131 134/134/134
f 120/120/120 122/122/122 136/136/136
f 131/131/131 135/135/135 137/137/137
f 131/131/131 137/137/137 138/138/138
f 116/116/116 131/131/131 138/138/138
f 138/138/138 117/117/117 116/116/116
f 138/138/138 133/133/133 117/117/117
f 133/133/133 138/138/138 139/139/139
f 137/137/137 135/135/135 139/139/139
f 138/138/138 137/137/137 139/139/139
f 140/140/140 139/139/139 135/135/135
f 141/141/141 120/120/120 136/136/136
f 142/142/142 141/141/141 136/136/136
f 141/141/141 121/121/121 120/120/120
f 143/143/143 134/134/134 132/132/132
f 143/143/143 144/144/144 134/134/134
f 145/145/145 134/134/134 144/144/144
f 145/145/145 146/146/146 134/134/134
f 135/135/135 134/134/134 146/146/146
f 146/146/146 147/147/147 135/135/135
f 140/140/140 135/135/135 147/147/147
f 121/121/121 91/91/91 119/119/119
f 119/119/119 91/91/91 92/92/92
f 119/119/119 92/92/92 118/118/118
f 93/93/93 118/118/118 92/92/92
f 118/118/118 93/93/93 113/113/113
f 93/93/93 94/94/94 113/113/113
f 113/113/113 94/94/94 109/109/109
f 95/95/95 109/109/109 94/94/94
f 150/150/150 149/149/149 148/148/148
f 149/149/149 151/151/151 148/148/148
f 149/149/149 152/152/152 151/151/151
f 153/153/153 151/151/151 152/152/152
f 156/156/156 155/155/155 154/154/154
f 156/156/156 157/157/157 155/155/155
f 157/157/157 158/158/158 155/155/155
f 157/157/157 159/159/159 158/158/158
f 49/49/49 160/160/160 48/48/48
f 163/163/163 162/162/162 161/161/161
f 164/164/164 162/162/162 163/163/163
f 163/163/163 165/165/165 164/164/164
f 163/163/163 166/166/166 165/165/165
f 165/165/165 167/167/167 164/164/164
f 165/165/165 166/166/166 168/168/168
f 169/169/169 165/165/165 168/168/168
f 167/167/167 165/165/165 169/169/169
f 170/170/170 169/169/169 168/168/168
f 169/169/169 170/170/170 171/171/171
f 172/172/172 169/169/169 171/171/171
f 172/172/172 167/167/167 169/169/169
f 172/172/172 171/171/171 173/173/173
f 171/171/171 174/174/174 173/173/173
f 170/170/170 174/174/174 171/171/171
f 174/174/174 175/175/175 173/173/173
f 176/176/176 174/174/174 170/170/170
f 177/177/177 176/176/176 170/170/170
f 176/176/176 177/177/177 178/178/178
f 179/179/179 172/172/172 173/173/173
f 172/172/172 179/179/179 167/167/167
f 170/170/170 168/168/168 180/180/180
f 170/170/170 180/180/180 177/177/177
f 179/179/179 181/181/181 167/167/167
f 174/174/174 176/176/176 182/182/182
f 182/182/182 176/176/176 183/183/183
f 183/183/183 176/176/176 178/178/178
f 184/184/184 183/183/183 178/178/178
f 185/185/185 184/184/184 178/178/178
f 186/186/186 174/174/174 182/182/182
f 175/175/175 174/174/174 186/186/186
f 178/178/178 177/177/177 187/187/187
f 188/188/188 178/178/178 187/187/187
f 185/185/185 178/178/178 188/188/188
f 189/189/189 185/185/185 188/188/188
f 177/177/177 180/180/180 190/190/190
f 187/187/187 177/177/177 190/190/190
f 190/190/190 180/180/180 191/191/191
f 191/191/191 192/192/192 190/190/190
f 191/191/191 166/166/166 192/192/192
f 192/192/192 166/166/166 163/163/163
f 193/193/193 192/192/192 163/163/163
f 193/193/193 163/163/163 161/161/161
f 194/194/194 193/193/193 161/161/161
f 168/168/168 166/166/166 191/191/191
f 180/180/180 168/168/168 191/191/191
f 188/188/188 187/187/187 195/195/195
f 196/196/196 195/195/195 187/187/187
f 187/187/187 190/190/190 196/196/196
f 195/195/195 197/197/197 188/188/188
f 189/189/189 188/188/188 197/197/197
f 197/197/197 195/195/195 198/198/198
f 199/199/199 198/198/198 195/195/195
f 195/195/195 196/196/196 199/199/199
f 199/199/199 200/200/200 198/198/198
f 200/200/200 199/199/199 201/201/201
f 202/202/202 201/201/201 199/199/199
f 192/192/192 193/193/193 203/203/203
f 204/204/204 203/203/203 193/193/193
f 193/193/193 194/194/194 204/204/204
f 203/203/203 204/204/204 205/205/205
f 206/206/206 205/205/205 204/204/204
f 205/205/205 206/206/206 207/207/207
f 205/205/205 207/207/207 208/208/208
f 203/203/203 208/208/208 192/192/192
f 205/205/205 208/208/208 203/203/203
f 208/208/208 209/209/209 196/196/196
f 209/209/209 208/208/208 207/207/207
f 209/209/209 207/207/207 210/210/210
f 209/209/209 210/210/210 211/211/211
f 212/212/212 211/211/211 210/210/210
f 211/211/211 212/212/212 213/213/213
f 211/211/211 213/213/213 214/214/214
f 215/215/215 214/214/214 213/213/213
f 215/215/215 216/216/216 214/214/214
f 216/216/216 215/215/215 217/217/217
f 218/218/218 217/217/217 215/215/215
f 215/215/215 213/213/213 218/218/218
f 219/219/219 214/214/214 216/216/216
f 216/216/216 220/220/220 219/219/219
f 201/201/201 219/219/219 220/220/220
f 217/217/217 221/221/221 216/216/216
f 220/220/220 216/216/216 221/221/221
f 221/221/221 217/217/217 222/222/222
f 223/223/223 222/222/222 217/217/217
f 218/218/218 224/224/224 217/217/217
f 223/223/223 217/217/217 224/224/224
f 224/224/224 218/218/218 225/225/225
f 226/226/226 225/225/225 218/218/218
f 226/226/226 218/218/218 213/213/213
f 213/213/213 227/227/227 226/226/226
f 228/228/228 226/226/226 227/227/227
f 225/225/225 226/226/226 229/229/229
f 228/228/228 229/229/229 226/226/226
f 229/229/229 228/228/228 230/230/230
f 231/231/231 230/230/230 228/228/228
f 228/228/228 227/227/227 231/231/231
f 230/230/230 231/231/231 232/232/232
f 233/233/233 232/232/232 231/231/231
f 233/233/233 234/234/234 232/232/232
f 234/234/234 233/233/233 235/235/235
f 236/236/236 235/235/235 233/233/233
f 233/233/233 231/231/231 236/236/236
f 231/231/231 227/227/227 236/236/236
f 235/235/235 236/236/236 237/237/237
f 238/238/238 237/237/237 236/236/236
f 236/236/236 227/227/227 238/238/238
f 237/237/237 238/238/238 239/239/239
f 240/240/240 239/239/239 238/238/238
f 238/238/238 212/212/212 240/240/240
f 212/212/212 238/238/238 227/227/227
f 227/227/227 213/213/213 212/212/212
f 210/210/210 240/240/240 212/212/212
f 240/240/240 210/210/210 241/241/241
f 207/207/207 241/241/241 210/210/210
f 241/241/241 207/207/207 206/206/206
f 206/206/206 242/242/242 241/241/241
f 206/206/206 204/204/204 242/242/242
f 242/242/242 204/204/204 194/194/194
f 243/243/243 241/241/241 242/242/242
f 239/239/239 240/240/240 243/243/243
f 241/241/241 243/243/243 240/240/240
f 246/246/246 245/245/245 244/244/244
f 247/247/247 246/246/246 244/244/244
f 249/249/249 185/185/185 248/248/248
f 164/164/164 167/167/167 250/250/250
f 181/181/181 250/250/250 167/167/167
f 181/181/181 251/251/251 250/250/250
f 252/252/252 164/164/164 250/250/250
f 252/252/252 253/253/253 164/164/164
f 253/253/253 254/254/254 164/164/164
f 162/162/162 164/164/164 254/254/254
f 162/162/162 254/254/254 255/255/255
f 256/256/256 254/254/254 253/253/253
f 256/256/256 253/253/253 257/257/257
f 253/253/253 258/258/258 257/257/257
f 253/253/253 252/252/252 258/258/258
f 258/258/258 259/259/259 257/257/257
f 259/259/259 258/258/258 260/260/260
f 258/258/258 261/261/261 260/260/260
f 252/252/252 261/261/261 258/258/258
f 260/260/260 261/261/261 262/262/262
f 261/261/261 263/263/263 262/262/262
f 263/263/263 261/261/261 252/252/252
f 257/257/257 259/259/259 264/264/264
f 265/265/265 263/263/263 252/252/252
f 250/250/250 265/265/265 252/252/252
f 251/251/251 265/265/265 250/250/250
f 266/266/266 196/196/196 209/209/209
f 266/266/266 199/199/199 196/196/196
f 266/266/266 267/267/267 199/199/199
f 202/202/202 199/199/199 267/267/267
f 202/202/202 267/267/267 219/219/219
f 214/214/214 219/219/219 267/267/267
f 267/267/267 211/211/211 214/214/214
f 267/267/267 266/266/266 211/211/211
f 209/209/209 211/211/211 266/266/266
f 202/202/202 219/219/219 201/201/201
f 208/208/208 196/196/196 190/190/190
f 190/190/190 192/192/192 208/208/208
f 268/268/268 232/232/232 234/234/234
f 271/271/271 270/270/270 269/269/269
f 270/270/270 271/271/271 272/272/272
f 273/273/273 272/272/272 271/271/271
f 272/272/272 273/273/273 274/274/274
f 275/275/275 274/274/274 273/273/273
f 274/274/274 275/275/275 276/276/276
f 277/277/277 276/276/276 275/275/275
f 276/276/276 277/277/277 278/278/278
f 279/279/279 278/278/278 277/277/277
f 278/278/278 279/279/279 280/280/280
f 281/281/281 271/271/271 269/269/269
f 282/282/282 271/271/271 281/281/281
f 285/285/285 284/284/284 283/283/283
f 286/286/286 283/283/283 284/284/284
f 284/284/284 285/285/285 287/287/287
f 288/288/288 287/287/287 285/285/285
f 289/289/289 286/286/286 284/284/284
f 290/290/290 286/286/286 289/289/289
f 291/291/291 290/290/290 289/289/289
f 292/292/292 291/291/291 289/289/289
f 293/293/293 292/292/292 289/289/289
f 294/294/294 292/292/292 293/293/293
f 284/284/284 287/287/287 295/295/295
f 293/293/293 289/289/289 295/295/295
f 284/284/284 295/295/295 289/289/289
f 296/296/296 295/295/295 287/287/287
f 297/297/297 292/292/292 294/294/294
f 290/290/290 291/291/291 298/298/298
f 299/299/299 298/298/298 291/291/291
f 299/299/299 291/291/291 292/292/292
f 299/299/299 292/292/292 300/300/300
f 299/299/299 300/300/300 301/301/301
f 302/302/302 301/301/301 300/300/300
f 292/292/292 302/302/302 300/300/300
f 299/299/299 301/301/301 303/303/303
f 298/298/298 299/299/299 303/303/303
f 303/303/303 301/301/301 304/304/304
f 304/304/304 301/301/301 305/305/305
f 301/301/301 302/302/302 305/305/305
f 305/305/305 302/302/302 306/306/306
f 306/306/306 302/302/302 307/307/307
f 308/308/308 307/307/307 302/302/302
f 307/307/307 308/308/308 309/309/309
f 310/310/310 309/309/309 308/308/308
f 309/309/309 310/310/310 311/311/311
f 309/309/309 311/311/311 312/312/312
f 313/313/313 312/312/312 311/311/311
f 313/313/313 311/311/311 314/314/314
f 315/315/315 314/314/314 311/311/311
f 315/315/315 311/311/311 316/316/316
f 317/317/317 316/316/316 311/311/311
f 311/311/311 310/310/310 317/317/317
f 318/318/318 317/317/317 310/310/310
f 318/318/318 310/310/310 308/308/308
f 308/308/308 292/292/292 318/318/318
f 292/292/292 308/308/308 302/302/302
f 297/297/297 318/318/318 319/319/319
f 322/322/322 321/321/321 320/320/320
f 323/323/323 322/322/322 320/320/320
f 323/323/323 324/324/324 322/322/322
f 325/325/325 322/322/322 324/324/324
f 325/325/325 326/326/326 322/322/322
f 327/327/327 322/322/322 326/326/326
f 321/321/321 322/322/322 327/327/327
f 323/323/323 320/320/320 328/328/328
f 329/329/329 328/328/328 320/320/320
f 326/326/326 330/330/330 327/327/327
f 331/331/331 327/327/327 330/330/330
f 332/332/332 327/327/327 331/331/331
f 328/328/328 333/333/333 323/323/323
f 324/324/324 323/323/323 333/333/333
f 320/320/320 321/321/321 334/334/334
f 320/320/320 334/334/334 329/329/329
f 335/335/335 334/334/334 321/321/321
f 321/321/321 327/327/327 336/336/336
f 336/336/336 327/327/327 332/332/332
f 335/335/335 321/321/321 337/337/337
f 337/337/337 321/321/321 336/336/336
f 333/333/333 328/328/328 338/338/338
f 328/328/328 329/329/329 339/339/339
f 328/328/328 339/339/339 338/338/338
f 329/329/329 340/340/340 339/339/339
f 339/339/339 340/340/340 341/341/341
f 341/341/341 340/340/340 342/342/342
f 342/342/342 343/343/343 341/341/341
f 343/343/343 344/344/344 341/341/341
f 345/345/345 341/341/341 344/344/344
f 344/344/344 346/346/346 345/345/345
f 347/347/347 345/345/345 346/346/346
f 345/345/345 347/347/347 348/348/348
f 348/348/348 339/339/339 341/341/341
f 345/345/345 348/348/348 341/341/341
f 349/349/349 348/348/348 347/347/347
f 339/339/339 348/348/348 349/349/349
f 338/338/338 339/339/339 349/349/349
f 347/347/347 350/350/350 349/349/349
f 351/351/351 349/349/349 350/350/350
f 338/338/338 349/349/349 351/351/351
f 354/354/354 353/353/353 352/352/352
f 354/354/354 352/352/352 355/355/355
f 352/352/352 356/356/356 355/355/355
f 353/353/353 357/357/357 352/352/352
f 358/358/358 352/352/352 357/357/357
f 358/358/358 359/359/359 352/352/352
f 360/360/360 352/352/352 359/359/359
f 352/352/352 360/360/360 356/356/356
f 360/360/360 361/361/361 356/356/356
f 362/362/362 356/356/356 361/361/361
f 359/359/359 363/363/363 360/360/360
f 361/361/361 360/360/360 363/363/363
f 363/363/363 359/359/359 364/364/364
f 365/365/365 364/364/364 359/359/359
f 359/359/359 358/358/358 365/365/365
f 366/366/366 365/365/365 358/358/358
f 358/358/358 357/357/357 366/366/366
f 367/367/367 366/366/366 357/357/357
f 370/370/370 369/369/369 368/368/368
f 112/112/112 110/110/110 127/127/127
f 110/110/110 371/371/371 127/127/127
f 371/371/371 372/372/372 127/127/127
f 110/110/110 108/108/108 371/371/371
f 371/371/371 373/373/373 372/372/372
f 373/373/373 371/371/371 108/108/108
f 374/374/374 372/372/372 373/373/373
f 373/373/373 375/375/375 374/374/374
f 376/376/376 374/374/374 375/375/375
f 108/108/108 377/377/377 373/373/373
f 99/99/99 377/377/377 108/108/108
f 99/99/99 106/106/106 377/377/377
f 378/378/378 377/377/377 106/106/106
f 377/377/377 378/378/378 373/373/373
f 375/375/375 373/373/373 378/378/378
f 381/381/381 380/380/380 379/379/379
f 382/382/382 381/381/381 379/379/379
f 381/381/381 382/382/382 383/383/383
f 384/384/384 383/383/383 382/382/382
f 387/387/387 386/386/386 385/385/385
f 388/388/388 386/386/386 387/387/387
f 389/389/389 388/388/388 387/387/387
f 390/390/390 388/388/388 389/389/389
f 391/391/391 332/332/332 331/331/331
f 394/394/394 393/393/393 392/392/392
f 395/395/395 394/394/394 392/392/392
f 395/395/395 392/392/392 396/396/396
f 395/395/395 396/396/396 397/397/397
f 398/398/398 395/395/395 397/397/397
f 399/399/399 392/392/392 393/393/393
f 394/394/394 395/395/395 400/400/400
f 394/394/394 400/400/400 401/401/401
f 394/394/394 401/401/401 402/402/402
f 393/393/393 394/394/394 402/402/402
f 401/401/401 403/403/403 402/402/402
f 403/403/403 404/404/404 402/402/402
f 395/395/395 405/405/405 400/400/400
f 395/395/395 398/398/398 405/405/405
f 393/393/393 402/402/402 406/406/406
f 402/402/402 407/407/407 406/406/406
f 402/402/402 404/404/404 407/407/407
f 404/404/404 408/408/408 407/407/407
f 399/399/399 393/393/393 409/409/409
f 393/393/393 406/406/406 409/409/409
f 399/399/399 409/409/409 410/410/410
f 411/411/411 410/410/410 409/409/409
f 412/412/412 410/410/410 411/411/411
f 412/412/412 411/411/411 413/413/413
f 411/411/411 414/414/414 413/413/413
f 413/413/413 414/414/414 415/415/415
f 414/414/414 416/416/416 415/415/415
f 412/412/412 417/417/417 410/410/410
f 417/417/417 399/399/399 410/410/410
f 407/407/407 418/418/418 406/406/406
f 419/419/419 406/406/406 418/418/418
f 406/406/406 419/419/419 409/409/409
f 408/408/408 420/420/420 407/407/407
f 418/418/418 407/407/407 420/420/420
f 420/420/420 421/421/421 418/418/418
f 422/422/422 418/418/418 421/421/421
f 418/418/418 422/422/422 419/419/419
f 423/423/423 422/422/422 421/421/421
f 423/423/423 424/424/424 422/422/422
f 425/425/425 422/422/422 424/424/424
f 411/411/411 426/426/426 414/414/414
f 427/427/427 414/414/414 426/426/426
f 414/414/414 427/427/427 416/416/416
f 426/426/426 428/428/428 427/427/427
f 429/429/429 427/427/427 428/428/428
f 428/428/428 430/430/430 429/429/429
f 428/428/428 431/431/431 430/430/430
f 426/426/426 411/411/411 431/431/431
f 431/431/431 428/428/428 426/426/426
f 431/431/431 419/419/419 432/432/432
f 432/432/432 430/430/430 431/431/431
f 430/430/430 432/432/432 433/433/433
f 432/432/432 434/434/434 433/433/433
f 435/435/435 433/433/433 434/434/434
f 434/434/434 436/436/436 435/435/435
f 434/434/434 437/437/437 436/436/436
f 438/438/438 436/436/436 437/437/437
f 438/438/438 437/437/437 439/439/439
f 439/439/439 440/440/440 438/438/438
f 441/441/441 438/438/438 440/440/440
f 438/438/438 441/441/441 436/436/436
f 442/442/442 439/439/439 437/437/437
f 439/439/439 442/442/442 443/443/443
f 424/424/424 443/443/443 442/442/442
f 443/443/443 444/444/444 439/439/439
f 440/440/440 439/439/439 444/444/444
f 444/444/444 445/445/445 440/440/440
f 446/446/446 440/440/440 445/445/445
f 446/446/446 447/447/447 440/440/440
f 441/441/441 440/440/440 447/447/447
f 447/447/447 448/448/448 441/441/441
f 449/449/449 441/441/441 448/448/448
f 449/449/449 436/436/436 441/441/441
f 436/436/436 449/449/449 450/450/450
f 451/451/451 450/450/450 449/449/449
f 451/451/451 449/449/449 452/452/452
f 448/448/448 452/452/452 449/449/449
f 452/452/452 453/453/453 451/451/451
f 454/454/454 451/451/451 453/453/453
f 450/450/450 451/451/451 454/454/454
f 453/453/453 455/455/455 454/454/454
f 456/456/456 454/454/454 455/455/455
f 456/456/456 455/455/455 457/457/457
f 457/457/457 458/458/458 456/456/456
f 459/459/459 456/456/456 458/458/458
f 454/454/454 456/456/456 459/459/459
f 450/450/450 454/454/454 459/459/459
f 458/458/458 460/460/460 459/459/459
f 461/461/461 459/459/459 460/460/460
f 459/459/459 461/461/461 450/450/450
f 460/460/460 462/462/462 461/461/461
f 463/463/463 461/461/461 462/462/462
f 461/461/461 463/463/463 435/435/435
f 435/435/435 450/450/450 461/461/461
f 450/450/450 435/435/435 436/436/436
f 433/433/433 435/435/435 463/463/463
f 463/463/463 464/464/464 433/433/433
f 430/430/430 433/433/433 464/464/464
f 464/464/464 429/429/429 430/430/430
f 429/429/429 464/464/464 465/465/465
f 427/427/427 429/429/429 465/465/465
f 465/465/465 416/416/416 427/427/427
f 466/466/466 465/465/465 464/464/464
f 464/464/464 463/463/463 466/466/466
f 462/462/462 466/466/466 463/463/463
f 404/404/404 468/468/468 467/467/467
f 469/469/469 432/432/432 419/419/419
f 469/469/469 419/419/419 422/422/422
f 469/469/469 422/422/422 470/470/470
f 425/425/425 470/470/470 422/422/422
f 425/425/425 442/442/442 470/470/470
f 437/437/437 470/470/470 442/442/442
f 434/434/434 470/470/470 437/437/437
f 432/432/432 469/469/469 434/434/434
f 470/470/470 434/434/434 469/469/469
f 442/442/442 425/425/425 424/424/424
f 431/431/431 409/409/409 419/419/419
f 409/409/409 431/431/431 411/411/411
f 471/471/471 457/457/457 455/455/455
f 474/474/474 473/473/473 472/472/472
f 475/475/475 473/473/473 474/474/474
f 476/476/476 475/475/475 474/474/474
f 474/474/474 477/477/477 476/476/476
f 478/478/478 476/476/476 477/477/477
f 477/477/477 479/479/479 478/478/478
f 480/480/480 478/478/478 479/479/479
f 479/479/479 481/481/481 480/480/480
f 482/482/482 480/480/480 481/481/481
f 481/481/481 483/483/483 482/482/482
f 484/484/484 482/482/482 483/483/483
f 484/484/484 483/483/483 485/485/485
f 488/488/488 487/487/487 486/486/486
f 489/489/489 486/486/486 487/487/487
f 487/487/487 490/490/490 489/489/489
f 491/491/491 489/489/489 490/490/490
f 492/492/492 487/487/487 488/488/488
f 488/488/488 493/493/493 492/492/492
f 493/493/493 494/494/494 492/492/492
f 494/494/494 495/495/495 492/492/492
f 495/495/495 496/496/496 492/492/492
f 495/495/495 497/497/497 496/496/496
f 487/487/487 498/498/498 490/490/490
f 487/487/487 492/492/492 498/498/498
f 496/496/496 498/498/498 492/492/492
f 499/499/499 490/490/490 498/498/498
f 500/500/500 497/497/497 495/495/495
f 493/493/493 501/501/501 494/494/494
f 502/502/502 494/494/494 501/501/501
f 494/494/494 502/502/502 495/495/495
f 495/495/495 502/502/502 503/503/503
f 502/502/502 504/504/504 503/503/503
f 505/505/505 503/503/503 504/504/504
f 505/505/505 495/495/495 503/503/503
f 502/502/502 501/501/501 506/506/506
f 504/504/504 502/502/502 506/506/506
f 504/504/504 506/506/506 507/507/507
f 504/504/504 507/507/507 508/508/508
f 504/504/504 508/508/508 505/505/505
f 505/505/505 508/508/508 509/509/509
f 509/509/509 510/510/510 505/505/505
f 511/511/511 505/505/505 510/510/510
f 510/510/510 512/512/512 511/511/511
f 513/513/513 511/511/511 512/512/512
f 513/513/513 512/512/512 514/514/514
f 512/512/512 515/515/515 514/514/514
f 516/516/516 514/514/514 515/515/515
f 516/516/516 517/517/517 514/514/514
f 518/518/518 514/514/514 517/517/517
f 518/518/518 519/519/519 514/514/514
f 520/520/520 514/514/514 519/519/519
f 514/514/514 520/520/520 513/513/513
f 521/521/521 513/513/513 520/520/520
f 513/513/513 521/521/521 511/511/511
f 511/511/511 521/521/521 495/495/495
f 511/511/511 495/495/495 505/505/505
f 500/500/500 522/522/522 521/521/521
f 525/525/525 524/524/524 523/523/523
f 526/526/526 523/523/523 524/524/524
f 527/527/527 523/523/523 526/526/526
f 523/523/523 527/527/527 528/528/528
f 529/529/529 528/528/528 527/527/527
f 527/527/527 526/526/526 529/529/529
f 526/526/526 524/524/524 529/529/529
f 528/528/528 529/529/529 530/530/530
f 530/530/530 529/529/529 531/531/531
f 524/524/524 531/531/531 529/529/529
f 534/534/534 533/533/533 532/532/532
f 533/533/533 534/534/534 535/535/535
f 538/538/538 537/537/537 536/536/536
f 539/539/539 536/536/536 537/537/537
f 540/540/540 536/536/536 539/539/539
f 536/536/536 540/540/540 541/541/541
f 542/542/542 541/541/541 540/540/540
f 540/540/540 539/539/539 542/542/542
f 537/537/537 538/538/538 542/542/542
f 539/539/539 537/537/537 542/542/542
f 541/541/541 542/542/542 543/543/543
f 543/543/543 542/542/542 538/538/538
f 546/546/546 545/545/545 544/544/544
f 545/545/545 546/546/546 547/547/547
f 550/550/550 549/549/549 548/548/548
f 550/550/550 548/548/548 551/551/551
f 552/552/552 550/550/550 551/551/551
f 552/552/552 554/554/554 553/553/553
f 556/556/556 555/555/555 550/550/550
f 558/558/558 557/557/557 555/555/555
f 558/558/558 555/555/555 559/559/559
f 561/561/561 560/560/560 558/558/558
f 561/561/561 563/563/563 562/562/562
f 566/566/566 565/565/565 564/564/564
f 569/569/569 568/568/568 567/567/567
f 572/572/572 571/571/571 570/570/570
f 571/571/571 572/572/572 573/573/573
f 576/576/576 575/575/575 574/574/574
f 575/575/575 576/576/576 577/577/577
f 580/580/580 579/579/579 578/578/578
f 579/579/579 580/580/580 581/581/581
f 584/584/584 583/583/583 582/582/582
f 583/583/583 584/584/584 585/585/585
f 588/588/588 587/587/587 586/586/586
f 589/589/589 586/586/586 587/587/587
f 586/586/586 589/589/589 590/590/590
f 591/591/591 587/587/587 588/588/588
f 588/588/588 592/592/592 591/591/591
f 595/595/595 594/594/594 593/593/593
f 593/593/593 594/594/594 596/596/596
f 597/597/597 596/596/596 594/594/594
f 594/594/594 598/598/598 597/597/597
f 594/594/594 595/595/595 599/599/599
f 602/602/602 601/601/601 600/600/600
f 601/601/601 602/602/602 603/603/603
f 604/604/604 603/603/603 602/602/602
f 602/602/602 605/605/605 604/604/604
f 605/605/605 606/606/606 604/604/604
f 606/606/606 605/605/605 607/607/607
f 610/610/610 609/609/609 608/608/608
f 609/609/609 610/610/610 611/611/611
f 614/614/614 613/613/613 612/612/612
f 613/613/613 614/614/614 615/615/615
f 618/618/618 617/617/617 616/616/616
f 619/619/619 616/616/616 617/617/617
f 616/616/616 619/619/619 620/620/620
f 616/616/616 620/620/620 621/621/621
f 616/616/616 621/621/621 622/622/622
f 625/625/625 624/624/624 623/623/623
f 626/626/626 623/623/623 624/624/624
f 629/629/629 628/628/628 627/627/627
f 628/628/628 630/630/630 627/627/627
f 630/630/630 628/628/628 631/631/631
f 632/632/632 631/631/631 628/628/628
f 633/633/633 632/632/632 628/628/628
f 636/636/636 635/635/635 634/634/634
f 635/635/635 637/637/637 634/634/634
f 635/635/635 638/638/638 637/637/637
f 639/639/639 637/637/637 638/638/638
f 636/636/636 634/634/634 640/640/640
f 643/643/643 642/642/642 641/641/641
f 644/644/644 641/641/641 642/642/642
f 647/647/647 646/646/646 645/645/645
f 648/648/648 647/647/647 645/645/645
f 649/649/649 648/648/648 645/645/645
f 650/650/650 649/649/649 645/645/645
f 651/651/651 650/650/650 645/645/645
f 646/646/646 652/652/652 645/645/645
f 653/653/653 651/651/651 645/645/645
f 656/656/656 655/655/655 654/654/654
f 656/656/656 657/657/657 655/655/655
f 656/656/656 658/658/658 657/657/657
f 656/656/656 659/659/659 658/658/658
f 662/662/662 661/661/661 660/660/660
f 662/662/662 663/663/663 661/661/661
f 662/662/662 664/664/664 663/663/663
f 662/662/662 665/665/665 664/664/664
f 668/668/668 667/667/667 666/666/666
f 669/669/669 668/668/668 666/666/666
f 669/669/669 670/670/670 668/668/668
f 671/671/671 668/668/668 670/670/670
f 672/672/672 668/668/668 671/671/671
f 672/672/672 667/667/667 668/668/668
f 666/666/666 673/673/673 669/669/669
f 669/669/669 674/674/674 670/670/670
f 669/669/669 673/673/673 674/674/674
f 674/674/674 675/675/675 670/670/670
f 675/675/675 674/674/674 676/676/676
f 677/677/677 676/676/676 674/674/674
f 674/674/674 678/678/678 677/677/677
f 673/673/673 678/678/678 674/674/674
f 678/678/678 673/673/673 679/679/679
f 678/678/678 679/679/679 680/680/680
f 679/679/679 681/681/681 680/680/680
f 682/682/682 680/680/680 681/681/681
f 682/682/682 681/681/681 683/683/683
f 680/680/680 682/682/682 684/684/684
f 684/684/684 682/682/682 685/685/685
f 684/684/684 686/686/686 680/680/680
f 687/687/687 680/680/680 686/686/686
f 687/687/687 678/678/678 680/680/680
f 687/687/687 686/686/686 688/688/688
f 689/689/689 688/688/688 686/686/686
f 676/676/676 677/677/677 690/690/690
f 691/691/691 690/690/690 677/677/677
f 691/691/691 677/677/677 678/678/678
f 692/692/692 687/687/687 688/688/688
f 678/678/678 687/687/687 692/692/692
f 692/692/692 688/688/688 693/693/693
f 694/694/694 693/693/693 688/688/688
f 689/689/689 694/694/694 688/688/688
f 695/695/695 684/684/684 685/685/685
f 686/686/686 695/695/695 689/689/689
f 695/695/695 686/686/686 684/684/684
f 695/695/695 685/685/685 696/696/696
f 696/696/696 689/689/689 695/695/695
f 683/683/683 681/681/681 697/697/697
f 698/698/698 697/697/697 681/681/681
f 698/698/698 699/699/699 697/697/697
f 700/700/700 699/699/699 698/698/698
f 701/701/701 697/697/697 699/699/699
f 697/697/697 701/701/701 702/702/702
f 701/701/701 703/703/703 702/702/702
f 703/703/703 704/704/704 702/702/702
f 705/705/705 702/702/702 704/704/704
f 705/705/705 704/704/704 706/706/706
f 707/707/707 706/706/706 704/704/704
f 700/700/700 698/698/698 679/679/679
f 681/681/681 679/679/679 698/698/698
f 697/697/697 702/702/702 708/708/708
f 705/705/705 708/708/708 702/702/702
f 705/705/705 706/706/706 708/708/708
f 697/697/697 708/708/708 683/683/683
f 708/708/708 709/709/709 683/683/683
f 709/709/709 710/710/710 683/683/683
f 711/711/711 710/710/710 709/709/709
f 709/709/709 708/708/708 711/711/711
f 708/708/708 706/706/706 711/711/711
f 706/706/706 712/712/712 711/711/711
f 712/712/712 706/706/706 707/707/707
f 713/713/713 711/711/711 712/712/712
f 714/714/714 711/711/711 713/713/713
f 711/711/711 714/714/714 710/710/710
f 710/710/710 714/714/714 715/715/715
f 710/710/710 715/715/715 682/682/682
f 682/682/682 683/683/683 710/710/710
f 716/716/716 715/715/715 714/714/714
f 715/715/715 685/685/685 682/682/682
f 715/715/715 717/717/717 685/685/685
f 715/715/715 718/718/718 717/717/717
f 717/717/717 719/719/719 685/685/685
f 721/721/721 717/717/717 720/720/720
f 721/721/721 696/696/696 717/717/717
f 724/724/724 723/723/723 722/722/722
f 723/723/723 725/725/725 722/722/722
f 724/724/724 722/722/722 726/726/726
f 727/727/727 726/726/726 722/722/722
f 722/722/722 728/728/728 727/727/727
f 722/722/722 725/725/725 728/728/728
f 729/729/729 725/725/725 723/723/723
f 730/730/730 729/729/729 723/723/723
f 730/730/730 723/723/723 731/731/731
f 732/732/732 731/731/731 723/723/723
f 723/723/723 724/724/724 732/732/732
f 731/731/731 733/733/733 730/730/730
f 734/734/734 729/729/729 730/730/730
f 729/729/729 734/734/734 735/735/735
f 736/736/736 735/735/735 734/734/734
f 735/735/735 736/736/736 667/667/667
f 734/734/734 737/737/737 736/736/736
f 737/737/737 734/734/734 730/730/730
f 737/737/737 730/730/730 738/738/738
f 739/739/739 733/733/733 731/731/731
f 733/733/733 739/739/739 737/737/737
f 736/736/736 737/737/737 739/739/739
f 739/739/739 731/731/731 740/740/740
f 731/731/731 732/732/732 740/740/740
f 736/736/736 739/739/739 740/740/740
f 699/699/699 736/736/736 740/740/740
f 701/701/701 740/740/740 732/732/732
f 701/701/701 699/699/699 740/740/740
f 741/741/741 701/701/701 732/732/732
f 736/736/736 700/700/700 667/667/667
f 700/700/700 736/736/736 699/699/699
f 667/667/667 700/700/700 666/666/666
f 735/735/735 667/667/667 672/672/672
f 703/703/703 701/701/701 741/741/741
f 742/742/742 733/733/733 737/737/737
f 673/673/673 666/666/666 700/700/700
f 673/673/673 700/700/700 679/679/679
f 743/743/743 733/733/733 742/742/742
f 744/744/744 670/670/670 675/675/675
f 745/745/745 670/670/670 744/744/744
f 748/748/748 747/747/747 746/746/746
f 749/749/749 746/746/746 747/747/747
f 746/746/746 750/750/750 748/748/748
f 751/751/751 748/748/748 750/750/750
f 747/747/747 752/752/752 749/749/749
f 753/753/753 749/749/749 752/752/752
f 748/748/748 751/751/751 754/754/754
f 748/748/748 754/754/754 747/747/747
f 755/755/755 754/754/754 751/751/751
f 747/747/747 756/756/756 752/752/752
f 756/756/756 747/747/747 754/754/754
f 757/757/757 752/752/752 756/756/756
f 757/757/757 758/758/758 752/752/752
f 759/759/759 752/752/752 758/758/758
f 759/759/759 758/758/758 760/760/760
f 759/759/759 760/760/760 761/761/761
f 759/759/759 761/761/761 752/752/752
f 761/761/761 753/753/753 752/752/752
f 762/762/762 761/761/761 760/760/760
f 763/763/763 760/760/760 758/758/758
f 760/760/760 763/763/763 764/764/764
f 765/765/765 764/764/764 763/763/763
f 764/764/764 766/766/766 760/760/760
f 762/762/762 760/760/760 766/766/766
f 769/769/769 768/768/768 767/767/767
f 770/770/770 767/767/767 768/768/768
f 768/768/768 769/769/769 771/771/771
f 772/772/772 771/771/771 769/769/769
f 767/767/767 770/770/770 773/773/773
f 776/776/776 775/775/775 774/774/774
f 777/777/777 775/775/775 776/776/776
f 774/774/774 775/775/775 778/778/778
f 779/779/779 775/775/775 777/777/777
f 780/780/780 775/775/775 779/779/779
f 781/781/781 775/775/775 780/780/780
f 784/784/784 783/783/783 782/782/782
f 783/783/783 785/785/785 782/782/782
f 785/785/785 783/783/783 786/786/786
f 671/671/671 786/786/786 783/783/783
f 783/783/783 787/787/787 671/671/671
f 784/784/784 787/787/787 783/783/783
f 788/788/788 782/782/782 785/785/785
f 789/789/789 785/785/785 786/786/786
f 788/788/788 785/785/785 789/789/789
f 789/789/789 786/786/786 790/790/790
f 790/790/790 791/791/791 789/789/789
f 792/792/792 789/789/789 791/791/791
f 793/793/793 789/789/789 792/792/792
f 793/793/793 788/788/788 789/789/789
f 788/788/788 793/793/793 794/794/794
f 794/794/794 793/793/793 795/795/795
f 794/794/794 795/795/795 796/796/796
f 797/797/797 796/796/796 795/795/795
f 796/796/796 797/797/797 798/798/798
f 797/797/797 795/795/795 799/799/799
f 797/797/797 799/799/799 800/800/800
f 799/799/799 795/795/795 801/801/801
f 802/802/802 801/801/801 795/795/795
f 793/793/793 802/802/802 795/795/795
f 802/802/802 803/803/803 801/801/801
f 804/804/804 801/801/801 803/803/803
f 791/791/791 805/805/805 792/792/792
f 806/806/806 792/792/792 805/805/805
f 792/792/792 806/806/806 793/793/793
f 802/802/802 807/807/807 803/803/803
f 802/802/802 793/793/793 807/807/807
f 807/807/807 808/808/808 803/803/803
f 809/809/809 803/803/803 808/808/808
f 809/809/809 804/804/804 803/803/803
f 799/799/799 810/810/810 800/800/800
f 801/801/801 804/804/804 810/810/810
f 801/801/801 810/810/810 799/799/799
f 810/810/810 811/811/811 800/800/800
f 811/811/811 810/810/810 804/804/804
f 798/798/798 812/812/812 796/796/796
f 813/813/813 812/812/812 798/798/798
f 812/812/812 813/813/813 814/814/814
f 815/815/815 812/812/812 814/814/814
f 815/815/815 816/816/816 812/812/812
f 817/817/817 812/812/812 816/816/816
f 816/816/816 818/818/818 817/817/817
f 819/819/819 815/815/815 814/814/814
f 819/819/819 814/814/814 820/820/820
f 821/821/821 820/820/820 814/814/814
f 821/821/821 814/814/814 813/813/813
f 821/821/821 822/822/822 820/820/820
f 822/822/822 821/821/821 813/813/813
f 823/823/823 820/820/820 822/822/822
f 818/818/818 794/794/794 817/817/817
f 796/796/796 817/817/817 794/794/794
f 817/817/817 796/796/796 812/812/812
f 816/816/816 815/815/815 824/824/824
f 825/825/825 816/816/816 824/824/824
f 825/825/825 818/818/818 816/816/816
f 824/824/824 815/815/815 826/826/826
f 815/815/815 827/827/827 826/826/826
f 815/815/815 819/819/819 827/827/827
f 826/826/826 828/828/828 824/824/824
f 826/826/826 829/829/829 828/828/828
f 830/830/830 828/828/828 829/829/829
f 828/828/828 831/831/831 824/824/824
f 831/831/831 825/825/825 824/824/824
f 832/832/832 828/828/828 830/830/830
f 832/832/832 831/831/831 828/828/828
f 833/833/833 830/830/830 829/829/829
f 833/833/833 834/834/834 830/830/830
f 835/835/835 834/834/834 825/825/825
f 831/831/831 832/832/832 835/835/835
f 835/835/835 825/825/825 831/831/831
f 834/834/834 835/835/835 830/830/830
f 830/830/830 835/835/835 836/836/836
f 833/833/833 837/837/837 834/834/834
f 825/825/825 834/834/834 837/837/837
f 825/825/825 837/837/837 784/784/784
f 818/818/818 825/825/825 784/784/784
f 818/818/818 784/784/784 782/782/782
f 784/784/784 837/837/837 787/787/787
f 832/832/832 838/838/838 835/835/835
f 832/832/832 839/839/839 838/838/838
f 840/840/840 833/833/833 829/829/829
f 840/840/840 829/829/829 841/841/841
f 829/829/829 842/842/842 841/841/841
f 842/842/842 843/843/843 841/841/841
f 844/844/844 841/841/841 843/843/843
f 845/845/845 841/841/841 844/844/844
f 840/840/840 841/841/841 845/845/845
f 782/782/782 788/788/788 818/818/818
f 818/818/818 788/788/788 794/794/794
f 842/842/842 829/829/829 826/826/826
f 848/848/848 847/847/847 846/846/846
f 848/848/848 846/846/846 798/798/798
f 813/813/813 846/846/846 847/847/847
f 846/846/846 813/813/813 798/798/798
f 849/849/849 847/847/847 848/848/848
f 848/848/848 850/850/850 849/849/849
f 850/850/850 848/848/848 797/797/797
f 798/798/798 797/797/797 848/848/848
f 851/851/851 849/849/849 850/850/850
f 847/847/847 849/849/849 852/852/852
f 852/852/852 853/853/853 847/847/847
f 822/822/822 847/847/847 853/853/853
f 822/822/822 813/813/813 847/847/847
f 822/822/822 853/853/853 823/823/823
f 800/800/800 850/850/850 797/797/797
f 854/854/854 850/850/850 800/800/800
f 850/850/850 854/854/854 855/855/855
f 854/854/854 800/800/800 856/856/856
f 858/858/858 857/857/857 854/854/854
f 811/811/811 858/858/858 854/854/854
f 859/859/859 790/790/790 786/786/786
f 786/786/786 860/860/860 859/859/859
f 863/863/863 862/862/862 861/861/861
f 864/864/864 861/861/861 862/862/862
f 861/861/861 864/864/864 865/865/865
f 866/866/866 865/865/865 864/864/864
f 862/862/862 863/863/863 867/867/867
f 868/868/868 867/867/867 863/863/863
f 864/864/864 869/869/869 866/866/866
f 864/864/864 862/862/862 869/869/869
f 870/870/870 866/866/866 869/869/869
f 862/862/862 867/867/867 871/871/871
f 871/871/871 869/869/869 862/862/862
f 872/872/872 871/871/871 867/867/867
f 872/872/872 867/867/867 873/873/873
f 874/874/874 873/873/873 867/867/867
f 874/874/874 875/875/875 873/873/873
f 874/874/874 876/876/876 875/875/875
f 876/876/876 874/874/874 867/867/867
f 868/868/868 876/876/876 867/867/867
f 877/877/877 875/875/875 876/876/876
f 878/878/878 873/873/873 875/875/875
f 875/875/875 879/879/879 878/878/878
f 880/880/880 878/878/878 879/879/879
f 877/877/877 881/881/881 875/875/875
f 879/879/879 875/875/875 881/881/881
f 884/884/884 883/883/883 882/882/882
f 885/885/885 882/882/882 883/883/883
f 883/883/883 886/886/886 885/885/885
f 887/887/887 885/885/885 886/886/886
f 884/884/884 882/882/882 888/888/888
f 891/891/891 890/890/890 889/889/889
f 891/891/891 892/892/892 890/890/890
f 891/891/891 889/889/889 893/893/893
f 891/891/891 894/894/894 892/892/892
f 891/891/891 895/895/895 894/894/894
f 891/891/891 896/896/896 895/895/895
f 899/899/899 898/898/898 897/897/897
f 902/902/902 901/901/901 900/900/900
f 905/905/905 904/904/904 903/903/903
f 904/904/904 907/907/907 906/906/906
f 908/908/908 906/906/906 907/907/907
f 909/909/909 904/904/904 906/906/906
f 912/912/912 911/911/911 910/910/910
f 911/911/911 913/913/913 910/910/910
f 910/910/910 914/914/914 912/912/912
f 915/915/915 912/912/912 914/914/914
f 916/916/916 912/912/912 915/915/915
f 910/910/910 918/918/918 917/917/917
f 919/919/919 917/917/917 918/918/918
f 920/920/920 919/919/919 918/918/918
f 921/921/921 919/919/919 920/920/920
f 922/922/922 921/921/921 920/920/920
f 924/924/924 923/923/923 913/913/913
f 923/923/923 925/925/925 913/913/913
f 923/923/923 926/926/926 925/925/925
f 927/927/927 926/926/926 923/923/923
f 930/930/930 929/929/929 928/928/928
f 933/933/933 932/932/932 931/931/931
f 934/934/934 933/933/933 931/931/931
f 935/935/935 933/933/933 934/934/934
f 932/932/932 933/933/933 936/936/936
f 933/933/933 937/937/937 936/936/936
f 937/937/937 938/938/938 936/936/936
f 938/938/938 937/937/937 939/939/939
f 939/939/939 937/937/937 940/940/940
f 943/943/943 942/942/942 941/941/941
f 941/941/941 945/945/945 944/944/944
f 945/945/945 946/946/946 944/944/944
f 947/947/947 941/941/941 944/944/944
f 944/944/944 948/948/948 947/947/947
f 948/948/948 949/949/949 947/947/947
f 952/952/952 951/951/951 950/950/950
f 950/950/950 953/953/953 952/952/952
f 955/955/955 954/954/954 953/953/953
f 953/953/953 954/954/954 956/956/956
f 959/959/959 958/958/958 957/957/957
f 961/961/961 958/958/958 960/960/960
f 962/962/962 961/961/961 960/960/960
f 958/958/958 963/963/963 960/960/960
f 963/963/963 964/964/964 960/960/960
f 960/960/960 964/964/964 965/965/965
f 965/965/965 964/964/964 966/966/966
f 964/964/964 967/967/967 966/966/966
f 968/968/968 967/967/967 964/964/964
f 969/969/969 968/968/968 964/964/964
f 970/970/970 969/969/969 964/964/964
f 973/973/973 972/972/972 971/971/971
f 975/975/975 974/974/974 971/971/971
f 976/976/976 974/974/974 975/975/975
f 971/971/971 974/974/974 977/977/977
f 977/977/977 974/974/974 978/978/978
f 974/974/974 979/979/979 978/978/978
f 979/979/979 980/980/980 978/978/978
f 978/978/978 980/980/980 981/981/981
f 982/982/982 978/978/978 981/981/981
f 983/983/983 978/978/978 982/982/982
f 984/984/984 978/978/978 983/983/983
f 987/987/987 986/986/986 985/985/985
f 985/985/985 986/986/986 988/988/988
f 986/986/986 989/989/989 988/988/988
f 988/988/988 989/989/989 990/990/990
f 989/989/989 991/991/991 990/990/990
f 994/994/994 993/993/993 992/992/992
f 995/995/995 992/992/992 993/993/993
f 992/992/992 995/995/995 996/996/996
f 996/996/996 995/995/995 997/997/997
f 1000/1000/1000 999/999/999 998/998/998
f 999/999/999 1001/1001/1001 998/998/998
f 999/999/999 1002/1002/1002 1001/1001/1001
f 1002/1002/1002 1003/1003/1003 1001/1001/1001
f 1003/1003/1003 1002/1002/1002 1004/1004/1004
f 1002/1002/1002 1005/1005/1005 1004/1004/1004
f 1008/1008/1008 1007/1007/1007 1006/1006/1006
f 1009/1009/1009 1008/1008/1008 1006/1006/1006
f 1009/1009/1009 1006/1006/1006 1010/1010/1010
f 1011/1011/1011 1009/1009/1009 1010/1010/1010
f 1011/1011/1011 1010/1010/1010 1012/1012/1012
f 1013/1013/1013 1011/1011/1011 1012/1012/1012
f 1016/1016/1016 1015/1015/1015 1014/1014/1014
f 1019/1019/1019 1018/1018/1018 1017/1017/1017
f 1022/1022/1022 1021/1021/1021 1020/1020/1020
f 1023/1023/1023 1020/1020/1020 1021/1021/1021
f 1024/1024/1024 1023/1023/1023 1021/1021/1021
f 1025/1025/1025 1024/1024/1024 1021/1021/1021
f 1028/1028/1028 1027/1027/1027 1026/1026/1026
f 1027/1027/1027 1029/1029/1029 1026/1026/1026
f 1026/1026/1026 1029/1029/1029 1030/1030/1030
f 1029/1029/1029 1031/1031/1031 1030/1030/1030
f 1030/1030/1030 1031/1031/1031 1032/1032/1032
f 1031/1031/1031 1033/1033/1033 1032/1032/1032
f 1034/1034/1034 1032/1032/1032 1033/1033/1033
f 1035/1035/1035 1034/1034/1034 1033/1033/1033
f 1036/1036/1036 1034/1034/1034 1035/1035/1035
f 1039/1039/1039 1038/1038/1038 1037/1037/1037
f 1038/1038/1038 1040/1040/1040 1037/1037/1037
f 1041/1041/1041 1038/1038/1038 1039/1039/1039
f 1042/1042/1042 1041/1041/1041 1039/1039/1039
f 1045/1045/1045 1044/1044/1044 1043/1043/1043
f 1044/1044/1044 1046/1046/1046 1043/1043/1043
f 1046/1046/1046 1044/1044/1044 1047/1047/1047
f 1048/1048/1048 1046/1046/1046 1047/1047/1047
f 1048/1048/1048 1047/1047/1047 1049/1049/1049
f 1050/1050/1050 1048/1048/1048 1049/1049/1049
f 1053/1053/1053 1052/1052/1052 1051/1051/1051
f 1052/1052/1052 1054/1054/1054 1051/1051/1051
f 1051/1051/1051 1054/1054/1054 1055/1055/1055
f 1056/1056/1056 1055/1055/1055 1054/1054/1054
f 1057/1057/1057 1055/1055/1055 1056/1056/1056
f 1058/1058/1058 1057/1057/1057 1056/1056/1056
f 1059/1059/1059 1057/1057/1057 1058/1058/1058
f 1060/1060/1060 1059/1059/1059 1058/1058/1058
f 1061/1061/1061 1059/1059/1059 1060/1060/1060
f 1064/1064/1064 1063/1063/1063 1062/1062/1062
f 1063/1063/1063 1065/1065/1065 1062/1062/1062
f 1062/1062/1062 1065/1065/1065 1066/1066/1066
f 1065/1065/1065 1067/1067/1067 1066/1066/1066
f 1070/1070/1070 1069/1069/1069 1068/1068/1068
f 1071/1071/1071 1070/1070/1070 1068/1068/1068
f 1072/1072/1072 1070/1070/1070 1071/1071/1071
f 1073/1073/1073 1072/1072/1072 1071/1071/1071
f 1076/1076/1076 1075/1075/1075 1074/1074/1074
f 1075/1075/1075 1077/1077/1077 1074/1074/1074
f 1074/1074/1074 1078/1078/1078 1076/1076/1076
f 1079/1079/1079 1076/1076/1076 1078/1078/1078
f 1082/1082/1082 1081/1081/1081 1080/1080/1080
f 1081/1081/1081 1083/1083/1083 1080/1080/1080
f 1086/1086/1086 1085/1085/1085 1084/1084/1084
f 1087/1087/1087 1084/1084/1084 1085/1085/1085
f 1088/1088/1088 1084/1084/1084 1087/1087/1087
f 1088/1088/1088 1087/1087/1087 1089/1089/1089
f 1092/1092/1092 1091/1091/1091 1090/1090/1090
f 1090/1090/1090 1091/1091/1091 1093/1093/1093
f 1093/1093/1093 1091/1091/1091 1094/1094/1094
f 1093/1093/1093 1094/1094/1094 1095/1095/1095
f 1098/1098/1098 1097/1097/1097 1096/1096/1096
f 1096/1096/1096 1097/1097/1097 1099/1099/1099
f 1100/1100/1100 1099/1099/1099 1097/1097/1097
f 1103/1103/1103 1102/1102/1102 1101/1101/1101
f 1102/1102/1102 1104/1104/1104 1101/1101/1101
f 1102/1102/1102 1105/1105/1105 1104/1104/1104
f 1104/1104/1104 1105/1105/1105 1106/1106/1106
f 1105/1105/1105 1107/1107/1107 1106/1106/1106
f 1107/1107/1107 1108/1108/1108 1106/1106/1106
f 1106/1106/1106 1108/1108/1108 1109/1109/1109
f 1108/1108/1108 1110/1110/1110 1109/1109/1109
f 1104/1104/1104 1111/1111/1111 1101/1101/1101
f 1101/1101/1101 1111/1111/1111 1110/1110/1110
f 1111/1111/1111 1112/1112/1112 1110/1110/1110
f 1112/1112/1112 1109/1109/1109 1110/1110/1110
f 1115/1115/1115 1114/1114/1114 1113/1113/1113
f 1114/1114/1114 1116/1116/1116 1113/1113/1113
f 1117/1117/1117 1115/1115/1115 1113/1113/1113
f 1118/1118/1118 1117/1117/1117 1113/1113/1113
f 1119/1119/1119 1117/1117/1117 1118/1118/1118
f 1120/1120/1120 1119/1119/1119 1118/1118/1118
f 1121/1121/1121 1119/1119/1119 1120/1120/1120
f 1122/1122/1122 1121/1121/1121 1120/1120/1120
f 1122/1122/1122 1123/1123/1123 1121/1121/1121
f 1123/1123/1123 1124/1124/1124 1121/1121/1121
f 1127/1127/1127 1126/1126/1126 1125/1125/1125
f 1125/1125/1125 1126/1126/1126 1128/1128/1128
f 1128/1128/1128 1126/1126/1126 1129/1129/1129
f 1126/1126/1126 1130/1130/1130 1129/1129/1129
f 1129/1129/1129 1130/1130/1130 1131/1131/1131
f 1130/1130/1130 1132/1132/1132 1131/1131/1131
f 1131/1131/1131 1132/1132/1132 1133/1133/1133
f 1132/1132/1132 1134/1134/1134 1133/1133/1133
f 1125/1125/1125 1128/1128/1128 1135/1135/1135
f 1128/1128/1128 1136/1136/1136 1135/1135/1135
f 1135/1135/1135 1136/1136/1136 1134/1134/1134
f 1134/1134/1134 1136/1136/1136 1133/1133/1133
f 1139/1139/1139 1138/1138/1138 1137/1137/1137
f 1138/1138/1138 1140/1140/1140 1137/1137/1137
f 1138/1138/1138 1141/1141/1141 1140/1140/1140
f 1141/1141/1141 1142/1142/1142 1140/1140/1140
f 1141/1141/1141 1143/1143/1143 1142/1142/1142
f 1143/1143/1143 1144/1144/1144 1142/1142/1142
f 1143/1143/1143 1145/1145/1145 1144/1144/1144
f 1145/1145/1145 1146/1146/1146 1144/1144/1144
f 1145/1145/1145 1147/1147/1147 1146/1146/1146
f 1147/1147/1147 1148/1148/1148 1146/1146/1146
f 1147/1147/1147 1149/1149/1149 1148/1148/1148
f 1150/1150/1150 1149/1149/1149 1147/1147/1147
f 1153/1153/1153 1152/1152/1152 1151/1151/1151
f 1151/1151/1151 1152/1152/1152 1154/1154/1154
f 1157/1157/1157 1156/1156/1156 1155/1155/1155
f 1160/1160/1160 1159/1159/1159 1158/1158/1158
f 1159/1159/1159 1162/1162/1162 1161/1161/1161
f 1163/1163/1163 1159/1159/1159 1161/1161/1161
f 1159/1159/1159 1165/1165/1165 1164/1164/1164
f 1168/1168/1168 1167/1167/1167 1166/1166/1166
f 1167/1167/1167 1169/1169/1169 1166/1166/1166
f 1166/1166/1166 1169/1169/1169 1170/1170/1170
f 1169/1169/1169 1171/1171/1171 1170/1170/1170
f 1170/1170/1170 1171/1171/1171 1172/1172/1172
f 1171/1171/1171 1173/1173/1173 1172/1172/1172
f 1172/1172/1172 1173/1173/1173 1174/1174/1174
f 1173/1173/1173 1175/1175/1175 1174/1174/1174
f 1175/1175/1175 1176/1176/1176 1174/1174/1174
f 1179/1179/1179 1178/1178/1178 1177/1177/1177
f 1177/1177/1177 1181/1181/1181 1180/1180/1180
f 1180/1180/1180 1181/1181/1181 1182/1182/1182
f 1183/1183/1183 1182/1182/1182 1181/1181/1181
f 1184/1184/1184 1182/1182/1182 1183/1183/1183
f 1186/1186/1186 1183/1183/1183 1185/1185/1185
f 1189/1189/1189 1188/1188/1188 1187/1187/1187
f 1188/1188/1188 1190/1190/1190 1187/1187/1187
f 1193/1193/1193 1192/1192/1192 1191/1191/1191
f 1191/1191/1191 1192/1192/1192 1194/1194/1194
f 1197/1197/1197 1196/1196/1196 1195/1195/1195
f 1196/1196/1196 1198/1198/1198 1195/1195/1195
f 1201/1201/1201 1200/1200/1200 1199/1199/1199
f 1200/1200/1200 1202/1202/1202 1199/1199/1199
f 1205/1205/1205 1204/1204/1204 1203/1203/1203
f 1204/1204/1204 1206/1206/1206 1203/1203/1203
f 1209/1209/1209 1208/1208/1208 1207/1207/1207
f 1208/1208/1208 1210/1210/1210 1207/1207/1207
f 1213/1213/1213 1212/1212/1212 1211/1211/1211
f 1212/1212/1212 1214/1214/1214 1211/1211/1211
f 1217/1217/1217 1216/1216/1216 1215/1215/1215
f 1216/1216/1216 1218/1218/1218 1215/1215/1215
f 1218/1218/1218 1219/1219/1219 1215/1215/1215
f 1222/1222/1222 1221/1221/1221 1220/1220/1220
f 1221/1221/1221 1223/1223/1223 1220/1220/1220
f 1226/1226/1226 1225/1225/1225 1224/1224/1224
f 1225/1225/1225 1227/1227/1227 1224/1224/1224
f 1225/1225/1225 1226/1226/1226 1228/1228/1228
f 1229/1229/1229 1225/1225/1225 1228/1228/1228
f 1229/1229/1229 1228/1228/1228 1230/1230/1230
f 1231/1231/1231 1229/1229/1229 1230/1230/1230
f 1232/1232/1232 1231/1231/1231 1230/1230/1230
f 1233/1233/1233 1232/1232/1232 1230/1230/1230
f 1236/1236/1236 1235/1235/1235 1234/1234/1234
f 1235/1235/1235 1237/1237/1237 1234/1234/1234
f 1240/1240/1240 1239/1239/1239 1238/1238/1238
f 1239/1239/1239 1241/1241/1241 1238/1238/1238
f 1242/1242/1242 1238/1238/1238 1241/1241/1241
f 1245/1245/1245 1244/1244/1244 1243/1243/1243
f 1246/1246/1246 1243/1243/1243 1244/1244/1244
f 1246/1246/1246 1244/1244/1244 1247/1247/1247
f 1248/1248/1248 1247/1247/1247 1244/1244/1244
f 1249/1249/1249 1248/1248/1248 1244/1244/1244
f 1249/1249/1249 1244/1244/1244 1245/1245/1245
f 1249/1249/1249 1250/1250/1250 1248/1248/1248
f 1251/1251/1251 1248/1248/1248 1250/1250/1250
f 1243/1243/1243 1252/1252/1252 1245/1245/1245
f 1253/1253/1253 1245/1245/1245 1252/1252/1252
f 1245/1245/1245 1253/1253/1253 1254/1254/1254
f 1245/1245/1245 1254/1254/1254 1249/1249/1249
f 1250/1250/1250 1249/1249/1249 1254/1254/1254
f 1253/1253/1253 1255/1255/1255 1254/1254/1254
f 1256/1256/1256 1254/1254/1254 1255/1255/1255
f 1254/1254/1254 1256/1256/1256 1250/1250/1250
f 1253/1253/1253 1257/1257/1257 1255/1255/1255
f 1257/1257/1257 1253/1253/1253 1258/1258/1258
f 1259/1259/1259 1255/1255/1255 1257/1257/1257
f 1260/1260/1260 1250/1250/1250 1256/1256/1256
f 1260/1260/1260 1261/1261/1261 1250/1250/1250
f 1251/1251/1251 1250/1250/1250 1261/1261/1261
f 1252/1252/1252 1262/1262/1262 1253/1253/1253
f 1258/1258/1258 1253/1253/1253 1262/1262/1262
f 1256/1256/1256 1255/1255/1255 1263/1263/1263
f 1264/1264/1264 1263/1263/1263 1255/1255/1255
f 1263/1263/1263 1264/1264/1264 1265/1265/1265
f 1266/1266/1266 1265/1265/1265 1264/1264/1264
f 1266/1266/1266 1264/1264/1264 1267/1267/1267
f 1268/1268/1268 1267/1267/1267 1264/1264/1264
f 1264/1264/1264 1255/1255/1255 1268/1268/1268
f 1259/1259/1259 1268/1268/1268 1255/1255/1255
f 1263/1263/1263 1265/1265/1265 1269/1269/1269
f 1263/1263/1263 1269/1269/1269 1256/1256/1256
f 1260/1260/1260 1256/1256/1256 1269/1269/1269
f 1260/1260/1260 1269/1269/1269 1261/1261/1261
f 1270/1270/1270 1269/1269/1269 1265/1265/1265
f 1267/1267/1267 1271/1271/1271 1266/1266/1266
f 1272/1272/1272 1266/1266/1266 1271/1271/1271
f 1265/1265/1265 1266/1266/1266 1273/1273/1273
f 1272/1272/1272 1273/1273/1273 1266/1266/1266
f 1273/1273/1273 1274/1274/1274 1265/1265/1265
f 1270/1270/1270 1265/1265/1265 1274/1274/1274
f 1274/1274/1274 1275/1275/1275 1270/1270/1270
f 1270/1270/1270 1275/1275/1275 1276/1276/1276
f 1277/1277/1277 1276/1276/1276 1275/1275/1275
f 1269/1269/1269 1270/1270/1270 1278/1278/1278
f 1276/1276/1276 1278/1278/1278 1270/1270/1270
f 1278/1278/1278 1261/1261/1261 1269/1269/1269
f 1281/1281/1281 1280/1280/1280 1279/1279/1279
f 1282/1282/1282 1279/1279/1279 1280/1280/1280
f 1282/1282/1282 1283/1283/1283 1279/1279/1279
f 1284/1284/1284 1279/1279/1279 1283/1283/1283
f 1283/1283/1283 1285/1285/1285 1284/1284/1284
f 1286/1286/1286 1284/1284/1284 1285/1285/1285
f 1280/1280/1280 1287/1287/1287 1282/1282/1282
f 1288/1288/1288 1282/1282/1282 1287/1287/1287
f 1287/1287/1287 1289/1289/1289 1288/1288/1288
f 1290/1290/1290 1288/1288/1288 1289/1289/1289
f 1283/1283/1283 1282/1282/1282 1291/1291/1291
f 1288/1288/1288 1291/1291/1291 1282/1282/1282
f 1292/1292/1292 1285/1285/1285 1283/1283/1283
f 1291/1291/1291 1288/1288/1288 1293/1293/1293
f 1293/1293/1293 1288/1288/1288 1294/1294/1294
f 1293/1293/1293 1295/1295/1295 1291/1291/1291
f 1295/1295/1295 1296/1296/1296 1291/1291/1291
f 1297/1297/1297 1291/1291/1291 1296/1296/1296
f 1297/1297/1297 1283/1283/1283 1291/1291/1291
f 1297/1297/1297 1292/1292/1292 1283/1283/1283
f 1296/1296/1296 1295/1295/1295 1298/1298/1298
f 1299/1299/1299 1298/1298/1298 1295/1295/1295
f 1292/1292/1292 1297/1297/1297 1300/1300/1300
f 1301/1301/1301 1300/1300/1300 1297/1297/1297
f 1300/1300/1300 1301/1301/1301 1302/1302/1302
f 1301/1301/1301 1303/1303/1303 1302/1302/1302
f 1289/1289/1289 1305/1305/1305 1304/1304/1304
f 1306/1306/1306 1304/1304/1304 1305/1305/1305
f 1304/1304/1304 1306/1306/1306 1307/1307/1307
f 1307/1307/1307 1294/1294/1294 1304/1304/1304
f 1308/1308/1308 1307/1307/1307 1306/1306/1306
f 1310/1310/1310 1294/1294/1294 1309/1309/1309
f 1313/1313/1313 1312/1312/1312 1311/1311/1311
f 1314/1314/1314 1311/1311/1311 1312/1312/1312
f 1314/1314/1314 1315/1315/1315 1311/1311/1311
f 1316/1316/1316 1311/1311/1311 1315/1315/1315
f 1317/1317/1317 1314/1314/1314 1312/1312/1312
f 1318/1318/1318 1315/1315/1315 1314/1314/1314
f 1318/1318/1318 1319/1319/1319 1315/1315/1315
f 1318/1318/1318 1320/1320/1320 1319/1319/1319
f 1321/1321/1321 1320/1320/1320 1318/1318/1318
f 1320/1320/1320 1321/1321/1321 1322/1322/1322
f 1323/1323/1323 1322/1322/1322 1321/1321/1321
f 1318/1318/1318 1324/1324/1324 1321/1321/1321
f 1322/1322/1322 1323/1323/1323 1325/1325/1325
f 1326/1326/1326 1314/1314/1314 1317/1317/1317
f 1326/1326/1326 1318/1318/1318 1314/1314/1314
f 1317/1317/1317 1327/1327/1327 1326/1326/1326
f 1328/1328/1328 1326/1326/1326 1327/1327/1327
f 1328/1328/1328 1327/1327/1327 1329/1329/1329
f 1330/1330/1330 1328/1328/1328 1329/1329/1329
f 1331/1331/1331 1318/1318/1318 1326/1326/1326
f 1333/1333/1333 1326/1326/1326 1332/1332/1332
f 1334/1334/1334 1332/1332/1332 1326/1326/1326
f 1336/1336/1336 1335/1335/1335 1334/1334/1334
f 1338/1338/1338 1337/1337/1337 1335/1335/1335
f 1337/1337/1337 1338/1338/1338 1332/1332/1332
f 1340/1340/1340 1335/1335/1335 1339/1339/1339
f 1343/1343/1343 1342/1342/1342 1341/1341/1341
f 1344/1344/1344 1341/1341/1341 1342/1342/1342
f 1343/1343/1343 1341/1341/1341 1345/1345/1345
f 1348/1348/1348 1347/1347/1347 1346/1346/1346
f 1349/1349/1349 1346/1346/1346 1347/1347/1347
f 1348/1348/1348 1350/1350/1350 1347/1347/1347
f 1351/1351/1351 1347/1347/1347 1350/1350/1350
f 1351/1351/1351 1352/1352/1352 1347/1347/1347
f 1347/1347/1347 1352/1352/1352 1349/1349/1349
f 1352/1352/1352 1351/1351/1351 1353/1353/1353
f 1354/1354/1354 1353/1353/1353 1351/1351/1351
f 1346/1346/1346 1349/1349/1349 1355/1355/1355
f 1356/1356/1356 1355/1355/1355 1349/1349/1349
f 1356/1356/1356 1349/1349/1349 1357/1357/1357
f 1353/1353/1353 1357/1357/1357 1352/1352/1352
f 1349/1349/1349 1352/1352/1352 1357/1357/1357
f 1356/1356/1356 1357/1357/1357 1358/1358/1358
f 1359/1359/1359 1358/1358/1358 1357/1357/1357
f 1357/1357/1357 1353/1353/1353 1359/1359/1359
f 1356/1356/1356 1358/1358/1358 1360/1360/1360
f 1356/1356/1356 1360/1360/1360 1361/1361/1361
f 1362/1362/1362 1360/1360/1360 1358/1358/1358
f 1363/1363/1363 1359/1359/1359 1353/1353/1353
f 1354/1354/1354 1364/1364/1364 1353/1353/1353
f 1363/1363/1363 1353/1353/1353 1364/1364/1364
f 1361/1361/1361 1365/1365/1365 1356/1356/1356
f 1355/1355/1355 1356/1356/1356 1365/1365/1365
f 1359/1359/1359 1366/1366/1366 1358/1358/1358
f 1367/1367/1367 1358/1358/1358 1366/1366/1366
f 1366/1366/1366 1368/1368/1368 1367/1367/1367
f 1369/1369/1369 1367/1367/1367 1368/1368/1368
f 1369/1369/1369 1370/1370/1370 1367/1367/1367
f 1371/1371/1371 1367/1367/1367 1370/1370/1370
f 1362/1362/1362 1358/1358/1358 1371/1371/1371
f 1367/1367/1367 1371/1371/1371 1358/1358/1358
f 1366/1366/1366 1372/1372/1372 1368/1368/1368
f 1363/1363/1363 1372/1372/1372 1359/1359/1359
f 1366/1366/1366 1359/1359/1359 1372/1372/1372
f 1363/1363/1363 1364/1364/1364 1372/1372/1372
f 1373/1373/1373 1368/1368/1368 1372/1372/1372
f 1370/1370/1370 1369/1369/1369 1374/1374/1374
f 1375/1375/1375 1374/1374/1374 1369/1369/1369
f 1375/1375/1375 1369/1369/1369 1376/1376/1376
f 1368/1368/1368 1376/1376/1376 1369/1369/1369
f 1373/1373/1373 1377/1377/1377 1368/1368/1368
f 1376/1376/1376 1368/1368/1368 1377/1377/1377
f 1378/1378/1378 1377/1377/1377 1373/1373/1373
f 1373/1373/1373 1379/1379/1379 1378/1378/1378
f 1380/1380/1380 1378/1378/1378 1379/1379/1379
f 1379/1379/1379 1373/1373/1373 1381/1381/1381
f 1372/1372/1372 1381/1381/1381 1373/1373/1373
f 1381/1381/1381 1372/1372/1372 1364/1364/1364
f 1384/1384/1384 1383/1383/1383 1382/1382/1382
f 1385/1385/1385 1382/1382/1382 1383/1383/1383
f 1384/1384/1384 1382/1382/1382 1386/1386/1386
f 1387/1387/1387 1386/1386/1386 1382/1382/1382
f 1386/1386/1386 1387/1387/1387 1388/1388/1388
f 1389/1389/1389 1388/1388/1388 1387/1387/1387
f 1383/1383/1383 1384/1384/1384 1390/1390/1390
f 1391/1391/1391 1390/1390/1390 1384/1384/1384
f 1390/1390/1390 1391/1391/1391 1392/1392/1392
f 1393/1393/1393 1392/1392/1392 1391/1391/1391
f 1384/1384/1384 1386/1386/1386 1394/1394/1394
f 1394/1394/1394 1391/1391/1391 1384/1384/1384
f 1388/1388/1388 1395/1395/1395 1386/1386/1386
f 1391/1391/1391 1394/1394/1394 1396/1396/1396
f 1391/1391/1391 1396/1396/1396 1397/1397/1397
f 1398/1398/1398 1396/1396/1396 1394/1394/1394
f 1398/1398/1398 1394/1394/1394 1399/1399/1399
f 1400/1400/1400 1399/1399/1399 1394/1394/1394
f 1386/1386/1386 1400/1400/1400 1394/1394/1394
f 1395/1395/1395 1400/1400/1400 1386/1386/1386
f 1399/1399/1399 1401/1401/1401 1398/1398/1398
f 1402/1402/1402 1398/1398/1398 1401/1401/1401
f 1395/1395/1395 1403/1403/1403 1400/1400/1400
f 1404/1404/1404 1400/1400/1400 1403/1403/1403
f 1404/1404/1404 1403/1403/1403 1405/1405/1405
f 1406/1406/1406 1404/1404/1404 1405/1405/1405
f 1392/1392/1392 1408/1408/1408 1407/1407/1407
f 1409/1409/1409 1407/1407/1407 1408/1408/1408
f 1408/1408/1408 1410/1410/1410 1409/1409/1409
f 1397/1397/1397 1410/1410/1410 1408/1408/1408
f 1411/1411/1411 1409/1409/1409 1410/1410/1410
f 1397/1397/1397 1413/1413/1413 1412/1412/1412
f 1416/1416/1416 1415/1415/1415 1414/1414/1414
f 1417/1417/1417 1414/1414/1414 1415/1415/1415
f 1416/1416/1416 1414/1414/1414 1418/1418/1418
f 1419/1419/1419 1418/1418/1418 1414/1414/1414
f 1416/1416/1416 1420/1420/1420 1415/1415/1415
f 1418/1418/1418 1421/1421/1421 1416/1416/1416
f 1422/1422/1422 1421/1421/1421 1418/1418/1418
f 1423/1423/1423 1421/1421/1421 1422/1422/1422
f 1423/1423/1423 1424/1424/1424 1421/1421/1421
f 1423/1423/1423 1425/1425/1425 1424/1424/1424
f 1426/1426/1426 1424/1424/1424 1425/1425/1425
f 1427/1427/1427 1421/1421/1421 1424/1424/1424
f 1426/1426/1426 1425/1425/1425 1428/1428/1428
f 1416/1416/1416 1429/1429/1429 1420/1420/1420
f 1421/1421/1421 1429/1429/1429 1416/1416/1416
f 1420/1420/1420 1429/1429/1429 1430/1430/1430
f 1431/1431/1431 1430/1430/1430 1429/1429/1429
f 1430/1430/1430 1431/1431/1431 1432/1432/1432
f 1431/1431/1431 1433/1433/1433 1432/1432/1432
f 1421/1421/1421 1434/1434/1434 1429/1429/1429
f 1429/1429/1429 1436/1436/1436 1435/1435/1435
f 1435/1435/1435 1437/1437/1437 1429/1429/1429
f 1439/1439/1439 1437/1437/1437 1438/1438/1438
f 1441/1441/1441 1438/1438/1438 1440/1440/1440
f 1441/1441/1441 1440/1440/1440 1435/1435/1435
f 1438/1438/1438 1443/1443/1443 1442/1442/1442
f 1446/1446/1446 1445/1445/1445 1444/1444/1444
f 1447/1447/1447 1444/1444/1444 1445/1445/1445
f 1444/1444/1444 1447/1447/1447 1448/1448/1448
f 1451/1451/1451 1450/1450/1450 1449/1449/1449
f 1450/1450/1450 1452/1452/1452 1449/1449/1449
f 1449/1449/1449 1452/1452/1452 1453/1453/1453
f 1453/1453/1453 1454/1454/1454 1449/1449/1449
f 1449/1449/1449 1454/1454/1454 1455/1455/1455
f 1456/1456/1456 1455/1455/1455 1454/1454/1454
f 1456/1456/1456 1457/1457/1457 1455/1455/1455
f 1457/1457/1457 1458/1458/1458 1455/1455/1455
f 1457/1457/1457 1459/1459/1459 1458/1458/1458
f 1459/1459/1459 1460/1460/1460 1458/1458/1458
f 1458/1458/1458 1460/1460/1460 1461/1461/1461
f 1458/1458/1458 1461/1461/1461 1462/1462/1462
f 1455/1455/1455 1458/1458/1458 1462/1462/1462
f 1455/1455/1455 1462/1462/1462 1463/1463/1463
f 1451/1451/1451 1449/1449/1449 1463/1463/1463
f 1455/1455/1455 1463/1463/1463 1449/1449/1449
f 1464/1464/1464 1453/1453/1453 1452/1452/1452
f 1466/1466/1466 1461/1461/1461 1465/1465/1465
f 1468/1468/1468 1452/1452/1452 1467/1467/1467
f 1471/1471/1471 1470/1470/1470 1469/1469/1469
f 1469/1469/1469 1470/1470/1470 1472/1472/1472
f 1470/1470/1470 1473/1473/1473 1472/1472/1472
f 1473/1473/1473 1470/1470/1470 1474/1474/1474
f 1470/1470/1470 1475/1475/1475 1474/1474/1474
f 1476/1476/1476 1474/1474/1474 1475/1475/1475
f 1476/1476/1476 1475/1475/1475 1477/1477/1477
f 1477/1477/1477 1475/1475/1475 1478/1478/1478
f 1477/1477/1477 1478/1478/1478 1479/1479/1479
f 1479/1479/1479 1478/1478/1478 1480/1480/1480
f 1478/1478/1478 1481/1481/1481 1480/1480/1480
f 1478/1478/1478 1482/1482/1482 1481/1481/1481
f 1475/1475/1475 1482/1482/1482 1478/1478/1478
f 1475/1475/1475 1483/1483/1483 1482/1482/1482
f 1475/1475/1475 1470/1470/1470 1483/1483/1483
f 1471/1471/1471 1483/1483/1483 1470/1470/1470
f 1484/1484/1484 1472/1472/1472 1473/1473/1473
f 1484/1484/1484 1485/1485/1485 1472/1472/1472
f 1487/1487/1487 1486/1486/1486 1481/1481/1481
