g NPC_Nan_022
v 0.144769 0.09334867 -0.0001021017
v 0.1586529 0.0285451 0.000674916
v 0.2342867 0.1057019 -0.0001021931
v 0.1839413 0.130496 0.002230705
v 0.2443236 0.04857291 0.0006675801
v 0.2735021 -0.06069164 0.0008988962
v 0.1410261 -0.08260071 0.0009039358
v 0.1594108 -0.1643432 0.01276793
v 0.2440693 -0.1608542 0.01269928
v 0.2026673 -0.1843248 0.02206488
v 0.2443236 0.04857291 0.0006675801
v 0.2557667 0.04623719 0.0317015
v 0.2342867 0.1057019 -0.0001021931
v 0.2735021 -0.06069164 0.0008988962
v 0.277614 -0.0606932 0.0348596
v 0.2440693 -0.1608542 0.01269928
v 0.2396059 0.1128298 0.04659122
v 0.183938 0.1366066 0.04327884
v 0.1839413 0.130496 0.002230705
v 0.2391309 -0.1565113 0.04291414
v 0.2026673 -0.1843248 0.02206488
v 0.2023436 -0.1776222 0.04390812
v 0.2021977 -0.1027974 0.06519763
v 0.2019636 -0.04440618 0.09521043
v 0.2023436 -0.1776222 0.04390812
v 0.1922331 0.1100462 0.1306365
v 0.2379365 0.06459897 0.09430914
v 0.2372472 0.01985455 0.1391433
v 0.240215 0.05816655 0.145792
v 0.2019636 -0.04440618 0.09521043
v 0.2003565 -0.01481457 0.1562737
v 0.144769 0.09334867 -0.0001021017
v 0.1839413 0.130496 0.002230705
v 0.183938 0.1366066 0.04327884
v 0.1357121 0.09864549 0.04659139
v 0.1586529 0.0285451 0.000674916
v 0.1439576 -0.002132607 0.05661401
v 0.1410261 -0.08260071 0.0009039358
v 0.1365184 -0.08244308 0.03485981
v 0.1594108 -0.1643432 0.01276793
v 0.161385 -0.1598111 0.04291423
v 0.2026673 -0.1843248 0.02206488
v 0.2023436 -0.1776222 0.04390812
v 0.2021977 -0.1027974 0.06519763
v 0.2023436 -0.1776222 0.04390812
v 0.2019636 -0.04440618 0.09521043
v 0.1922331 0.1100462 0.1306365
v 0.1546676 0.08485583 0.1368927
v 0.1627435 0.01347078 0.1483355
v 0.1515013 0.0357442 0.1264076
v 0.1483295 0.04289253 0.1629968
v 0.2003565 -0.01481457 0.1562737
v 0.2019636 -0.04440618 0.09521043
v 0.2309797 0.05440557 0.2168497
v 0.1922331 0.1100462 0.1306365
v 0.240215 0.05816655 0.145792
v 0.191393 0.1024694 0.2232659
v 0.2441237 0.02775266 0.4389891
v 0.2266064 0.02242841 0.2201761
v 0.2372472 0.01985455 0.1391433
v 0.2003565 -0.01481457 0.1562737
v 0.195285 0.001738864 0.2189013
v 0.1627808 0.01921888 0.2132402
v 0.1627435 0.01347078 0.1483355
v 0.1664399 -0.02887152 0.4368495
v 0.2202824 -0.02207837 0.430548
v 0.1154967 0.01378669 0.4191297
v 0.18463 0.1100526 0.4329844
v 0.191393 0.1024694 0.2232659
v 0.1546676 0.08485583 0.1368927
v 0.1123423 0.07721758 0.425485
v 0.191393 0.1024694 0.2232659
v 0.149936 0.05632263 0.217875
v 0.1154967 0.01378669 0.4191297
v 0.1627808 0.01921888 0.2132402
v 0.1627435 0.01347078 0.1483355
v 0.1483295 0.04289253 0.1629968
v 0 0.08448607 1.844351
v 0.04023219 0.07477205 1.846756
v 0.04124567 0.04860947 1.883608
v 0.0737429 0.03091334 1.856487
v 0 0.05509575 1.894123
v 0.05135947 -0.0029126 1.90062
v 0.08522035 -0.006284064 1.860512
v 0.07195511 -0.07163325 1.862932
v 0.03884756 -0.06993412 1.903026
v 0.03869392 -0.1014834 1.886265
v 0.04385344 -0.1241812 1.85873
v 0 -0.1173082 1.894255
v 0 -0.1418348 1.861591
v 0 -0.072513 1.923524
v 0 -0.002479367 1.925755
v 0.01828954 -0.1164236 1.69705
v 0.02318176 -0.1027184 1.68518
v 0 -0.1188862 1.679119
v 0 -0.130414 1.697327
v 0.02303782 -0.1130666 1.714177
v 0.009160608 -0.1269616 1.711323
v 0 -0.131136 1.71075
v 0.04232864 -0.09977031 1.72148
v 0.04934641 -0.07951494 1.714268
v 0 -0.142939 1.730881
v 0.02990994 -0.1257194 1.741189
v 0.008673456 -0.1399829 1.730693
v 0.05206708 -0.1068377 1.75387
v 0.06223123 -0.05541897 1.72978
v 0 -0.141303 1.742965
v 0.04262831 -0.11768 1.757063
v 0.01205125 -0.1449445 1.755401
v 0 -0.1496646 1.754922
v 0.02641878 -0.1254175 1.776173
v 0 -0.1443945 1.768378
v 0.06327751 -0.08510129 1.790647
v 0.01425755 -0.1362006 1.772196
v 0.03922558 -0.1230544 1.786528
v 0.006221919 -0.151534 1.775678
v 0.07737516 -0.04711836 1.799829
v 0.06833534 -0.0204483 1.754924
v 0 -0.1570684 1.776484
v 0.02010039 -0.1409239 1.778093
v 0.05655375 -0.1073704 1.789277
v 0.07921105 -0.01185483 1.779309
v 0.0093677 -0.1503369 1.783488
v 0 -0.1567107 1.784307
v 0.01626939 -0.1383457 1.791152
v 0 -0.1491075 1.793786
v 0 -0.1567107 1.784307
v 0.04730099 -0.1080053 1.815627
v 0.06905276 -0.08174974 1.821354
v 0.06152574 -0.09808128 1.828583
v 0.04396824 -0.1265146 1.830537
v 0.01435479 -0.1159444 1.817778
v 0.008544788 -0.1349108 1.822164
v 0 -0.1491075 1.793786
v 0 -0.1397133 1.820799
v 0.008506215 -0.1400707 1.830313
v 0 -0.1422676 1.830651
v 0.06569323 -0.0218014 1.669554
v 0.06315939 -0.005565768 1.751357
v 0.06254286 0.01290484 1.683665
v 0.05442987 -0.02653691 1.730226
v 0.0409885 0.04230209 1.754047
v 0.04181932 0.054809 1.693334
v 0 0.07646655 1.697369
v 0 0.06084717 1.75685
v 0.0786927 0.01544806 1.769416
v 0.02955696 -0.05869512 1.694244
v 0.0266827 -0.04641322 1.650359
v 0 -0.07805774 1.659541
v 0 -0.1048509 1.674086
v 0 -0.1188862 1.679119
v 0 -0.0763712 1.679813
v 0 -0.07805774 1.659541
v 0 -0.05596004 1.641831
v 0 -0.0763712 1.679813
v -0.02318176 -0.1027184 1.68518
v 0 -0.1188862 1.679119
v -0.02955696 -0.05869512 1.694244
v 0 -0.0763712 1.679813
v -0.04934641 -0.07951494 1.714268
v -0.04232864 -0.09977031 1.72148
v -0.02303782 -0.1130666 1.714177
v -0.01828954 -0.1164236 1.69705
v 0 -0.1188862 1.679119
v 0 -0.130414 1.697327
v -0.009160608 -0.1269616 1.711323
v 0 -0.131136 1.71075
v 0 -0.142939 1.730881
v -0.02990994 -0.1257194 1.741189
v -0.008673456 -0.1399829 1.730693
v -0.05206708 -0.1068377 1.75387
v -0.06223123 -0.05541897 1.72978
v 0 -0.141303 1.742965
v -0.04262831 -0.11768 1.757063
v -0.01205125 -0.1449445 1.755401
v 0 -0.1496646 1.754922
v -0.02641878 -0.1254175 1.776173
v 0 -0.1443945 1.768378
v -0.06327751 -0.08510129 1.790647
v -0.01425755 -0.1362006 1.772196
v -0.03922558 -0.1230544 1.786528
v -0.006221919 -0.151534 1.775678
v -0.07737516 -0.04711836 1.799829
v -0.06833534 -0.0204483 1.754924
v 0 -0.1570684 1.776484
v -0.02010039 -0.1409239 1.778093
v -0.05655375 -0.1073704 1.789277
v -0.07921105 -0.01185483 1.779309
v -0.0093677 -0.1503369 1.783488
v 0 -0.1567107 1.784307
v -0.01626939 -0.1383457 1.791152
v 0 -0.1491075 1.793786
v 0 -0.1567107 1.784307
v -0.04730099 -0.1080053 1.815627
v -0.06905276 -0.08174974 1.821354
v -0.06152574 -0.09808128 1.828583
v -0.04396824 -0.1265146 1.830537
v -0.01435479 -0.1159444 1.817778
v -0.008544788 -0.1349108 1.822164
v 0 -0.1491075 1.793786
v 0 -0.1397133 1.820799
v -0.008506215 -0.1400707 1.830313
v 0 -0.1422676 1.830651
v 0.4216741 -0.01685834 0.8286082
v 0.4337979 0.006713932 0.8089978
v 0.4252164 0.01390621 0.8183991
v 0.4304983 -0.01686037 0.8216039
v 0.4362789 0.05517206 0.8431845
v 0.440808 0.05018168 0.8345717
v 0.4635008 -0.01674452 0.8563939
v 0.4633366 0.05532067 0.8446989
v 0.4424851 -0.02203623 0.8588305
v 0.4478227 0.06618401 0.8528832
v 0.4784168 0.05837032 0.8938609
v 0.4724612 -0.01718767 0.8916622
v 0.4431171 -0.02269295 0.9110874
v 0.4603644 0.07107139 0.8840606
v 0.4766402 0.06260809 0.931546
v 0.4729533 -0.01734 0.931271
v 0.4448423 0.07613893 0.9293121
v 0.4356642 -0.02044126 0.9292374
v 0.4033333 0.06169742 0.9962497
v 0.4367144 -0.006183235 1.01114
v 0.4033393 -0.0238792 0.9647059
v 0.4019165 -0.0324422 0.9427362
v 0.4243347 -0.01999594 0.913058
v 0.4015594 -0.03152199 0.9158227
v 0.4232181 -0.02279418 0.8871508
v 0.4075786 -0.02887189 0.8904589
v 0.4104669 -0.02538355 0.8787769
v 0.3995551 -0.01115031 0.8877998
v 0.3938148 -0.008398659 0.9105857
v 0.391529 -0.006733022 0.9385778
v 0.3911526 -0.007752132 1.00352
v 0.401276 -0.001903405 1.033706
v 0.4285794 0.0338985 1.041446
v 0.4452263 0.05937572 1.005981
v 0.4026467 0.06456475 1.030581
v 0.4452263 0.05937572 1.005981
v 0.4252164 0.01390621 0.8183991
v 0.4424851 -0.02203623 0.8588305
v 0.4216741 -0.01685834 0.8286082
v 0.4478227 0.06618401 0.8528832
v 0.4603644 0.07107139 0.8840606
v 0.4431171 -0.02269295 0.9110874
v 0.4448423 0.07613893 0.9293121
v 0.4356642 -0.02044126 0.9292374
v 0.4048616 0.01239108 0.9718398
v 0.391529 -0.006733022 0.9385778
v 0.3938148 -0.008398659 0.9105857
v 0.4243347 -0.01999594 0.913058
v 0.3995551 -0.01115031 0.8877998
v 0.4232181 -0.02279418 0.8871508
v 0.4104669 -0.02538355 0.8787769
v 0.4033333 0.06169742 0.9962497
v 0.3911526 -0.007752132 1.00352
v 0.3803954 0.03166089 1.024833
v 0.4026467 0.06456475 1.030581
v 0.401276 -0.001903405 1.033706
v 0.4362789 0.05517206 0.8431845
v 0.3192746 0.03409118 1.111914
v 0.3803954 0.03166089 1.024833
v 0.4026467 0.06456475 1.030581
v 0.3565175 0.08966072 1.13695
v 0.2792972 0.03324447 1.174201
v 0.3565175 0.08966072 1.13695
v 0.3176923 0.08616404 1.231275
v 0.3788831 0.03513383 1.221376
v 0.3565175 0.08966072 1.13695
v 0.4006852 0.03683257 1.149717
v 0.4285794 0.0338985 1.041446
v 0.401276 -0.001903405 1.033706
v 0.3598902 -0.01424884 1.131198
v 0.3788831 0.03513383 1.221376
v 0.4026467 0.06456475 1.030581
v 0.2792972 0.03324447 1.174201
v 0.3302923 -0.00889749 1.197565
v 0.3788831 0.03513383 1.221376
v 0.2695895 0.03172205 1.228371
v 0.297589 -0.0009930617 1.267151
v 0.3514906 0.03277787 1.261925
v 0.3514906 0.03277787 1.261925
v 0.2592895 0.03070653 1.258542
v 0.3385905 0.0314473 1.30123
v 0.3598902 -0.01424884 1.131198
v 0.3192746 0.03409118 1.111914
v 0.3803954 0.03166089 1.024833
v 0.3598902 -0.01424884 1.131198
v 0.401276 -0.001903405 1.033706
v 0.3514906 0.03277787 1.261925
v 0.3176923 0.08616404 1.231275
v 0.3106669 0.0937688 1.246953
v 0.3040657 0.08507917 1.262772
v 0.3514906 0.03277787 1.261925
v 0.3385905 0.0314473 1.30123
v 0.2695895 0.03172205 1.228371
v 0.3176923 0.08616404 1.231275
v 0.3106669 0.0937688 1.246953
v 0.3040657 0.08507917 1.262772
v 0.2592895 0.03070653 1.258542
v 0.06997668 0.08615613 0.4128982
v 0.070091 0.008059504 0.4138944
v 0.1154967 0.01378669 0.4191297
v 0.1123423 0.07721758 0.425485
v 0.1556543 0.1462297 0.4184023
v 0.1664399 -0.02887152 0.4368495
v 0.1833116 -0.09670482 0.4178989
v 0.18463 0.1100526 0.4329844
v 0.2354944 0.1152679 0.4277603
v 0.2202824 -0.02207837 0.430548
v 0.2588914 -0.06546327 0.419773
v 0.2441237 0.02775266 0.4389891
v 0.2906515 0.01898532 0.431236
v 0.070091 0.008059504 0.4138944
v 0.06997668 0.08615613 0.4128982
v 0.060392 -0.02293071 0.4589529
v 0.06282007 0.08830222 0.4700415
v 0.1367696 0.1466163 0.4687157
v 0.1556543 0.1462297 0.4184023
v 0.2262928 0.1406548 0.477835
v 0.2354944 0.1152679 0.4277603
v 0.2725963 0.0125635 0.4913186
v 0.2906515 0.01898532 0.431236
v 0.05140556 0.1090678 0.5523087
v 0.2164781 0.1153196 0.6022108
v 0.04027554 -0.06494176 0.5431472
v 0.2640825 0.007714395 0.6020583
v 0.1099855 0.1482194 0.6047506
v 0.02333788 -0.1165291 0.6620218
v 0.02719247 0.1245859 0.6677617
v 0.1112254 0.1452159 0.6864014
v 0.2568248 -0.01371793 0.7450104
v 0.1978369 0.1042067 0.7227182
v 0.01466192 -0.06148157 0.7356855
v 0.02221397 0.1183722 0.741335
v 0.1106603 0.141767 0.7960026
v 0 -0.06148189 0.7356853
v 0 0.1202031 0.741335
v 0.1824784 0.06607229 0.9233044
v 0 0.1728681 0.8507649
v 0 0.1202031 0.741335
v 0.09386759 0.1682554 0.8630313
v 0.2109779 -0.0328125 1.000148
v 0.0127305 -0.1249923 0.7622679
v 0 -0.1241487 0.7606931
v 0.070091 0.008059504 0.4138944
v 0.1717508 -0.1083251 0.4672282
v 0.1833116 -0.09670482 0.4178989
v 0.2588914 -0.06546327 0.419773
v 0.060392 -0.02293071 0.4589529
v 0.2483996 -0.06932517 0.4945729
v 0.2906515 0.01898532 0.431236
v 0.2725963 0.0125635 0.4913186
v 0.1534555 -0.123536 0.5036219
v 0.04027554 -0.06494176 0.5431472
v 0.244085 -0.1023903 0.5899605
v 0.1528221 -0.1201172 0.5412265
v 0.2640825 0.007714395 0.6020583
v 0.02333788 -0.1165291 0.6620218
v 0.1347531 -0.1425624 0.7176143
v 0.2568248 -0.01371793 0.7450104
v 0.2023096 -0.1092925 0.7237116
v 0.1630791 -0.1145669 0.9844276
v 0.07322461 -0.1503925 0.9496605
v 0.2109779 -0.0328125 1.000148
v 0.0127305 -0.1249923 0.7622679
v 0 -0.1684732 0.948327
v 0 -0.1241487 0.7606931
v 0.1808199 -0.1593606 0.8000399
v 0 -0.2027286 0.7918813
v 0 -0.2006551 1.022184
v 0.1486791 -0.1641726 1.028114
v 0.2169895 -0.06691001 1.024144
v 0.261813 -0.04441116 0.811617
v 0.1946789 -0.07296658 1.142389
v 0 -0.1942097 1.171487
v 0.1253836 -0.1549735 1.164351
v 0.1736905 -0.04673279 1.325327
v 0.1075935 -0.1480031 1.314232
v 0.188324 0.006081122 1.335843
v 0 -0.1725493 1.32799
v 0.1258681 -0.135899 1.424351
v 0.1799157 0.002570025 1.392376
v 0 -0.1737661 1.439118
v 0.1812431 -0.04985119 1.398688
v 0.1659424 -0.08519568 1.4392
v 0.186239 -0.06513309 1.447203
v 0.2013731 -0.01082371 1.403979
v 0.2302848 -0.044211 1.44712
v 0.1506434 -0.09618395 1.498488
v 0 -0.1312915 1.545737
v 0.2078629 -0.03935351 1.535599
v 0.2445901 -0.01143827 1.47344
v 0.09144047 -0.114925 1.543544
v 0.1755833 -0.04427808 1.553603
v 0.2272712 -0.01330257 1.561403
v 0.266011 0.02985257 1.542977
v 0.1252485 -0.05045234 1.59285
v 0.06102949 -0.08388203 1.600159
v 0.182293 -0.01701085 1.597483
v 0.2309275 0.02879227 1.591229
v 0 -0.05596004 1.641831
v 0.1772614 0.02964716 1.61185
v 0.1260708 -0.003690729 1.637291
v 0.0266827 -0.04641322 1.650359
v 0.09406494 -0.009983218 1.65502
v 0.06569323 -0.0218014 1.669554
v 0.2833934 0.029036 1.463017
v 0.323728 -0.04205742 1.263232
v 0.3590307 0.0308522 1.291517
v 0.297589 -0.0009930617 1.267151
v 0.3385905 0.0314473 1.30123
v 0.323728 -0.04205742 1.263232
v 0.2567801 -0.005558661 1.246062
v 0.2592895 0.03070653 1.258542
v 0.2361441 0.04135498 1.241754
v 0.323728 -0.04205742 1.263232
v 0.1638202 0.06741279 1.395777
v 0.323728 -0.04205742 1.263232
v 0.1638202 0.06741279 1.395777
v 0.1597692 0.06840954 1.379155
v 0.2042681 0.04396071 1.150736
v 0.2126803 0.04636827 1.039905
v 0.235379 0.05840506 0.8077611
v 0 0.1658712 1.043135
v 0 0.2027283 0.8066287
v 0.144791 0.192458 0.8105794
v 0.1203614 0.1590524 1.043491
v 0.235379 0.05840506 0.8077611
v 0.2126803 0.04636827 1.039905
v 0.1264247 0.1351678 1.158106
v 0 0.1466874 1.161704
v 0.2042681 0.04396071 1.150736
v 0.1350552 0.1151613 1.317655
v 0 0.1375323 1.307413
v 0.188324 0.006081122 1.335843
v 0.1597692 0.06840954 1.379155
v 0.09352125 0.1173093 1.414543
v 0.1606002 0.1115228 1.432662
v 0 0.1315005 1.410139
v 0 0.1432088 1.533184
v 0.1390217 0.1233747 1.539954
v 0.1947426 0.1100353 1.526542
v 0.1910046 0.1093394 1.430345
v 0.1638202 0.06741279 1.395777
v 0.2584386 0.07995309 1.427398
v 0.2469948 0.08099274 1.534396
v 0.2833934 0.029036 1.463017
v 0.266011 0.02985257 1.542977
v 0.1900369 0.07800046 1.574433
v 0.1321412 0.08718824 1.58908
v 0.2309275 0.02879227 1.591229
v 0 0.1221506 1.601385
v 0.1772614 0.02964716 1.61185
v 0.1240578 0.04740475 1.632905
v 0.07359117 0.06131839 1.651809
v 0.1260708 -0.003690729 1.637291
v 0 0.09709093 1.650077
v 0.09406494 -0.009983218 1.65502
v 0 0.07646655 1.697369
v 0.06254286 0.01290484 1.683665
v 0.06569323 -0.0218014 1.669554
v 0.04181932 0.054809 1.693334
v 0.3405664 0.08888106 1.269428
v 0.3590307 0.0308522 1.291517
v 0.2820488 0.11076 1.24177
v 0.2361441 0.04135498 1.241754
v 0.3040657 0.08507917 1.262772
v 0.2820488 0.11076 1.24177
v 0.2592895 0.03070653 1.258542
v 0.3040657 0.08507917 1.262772
v 0.3405664 0.08888106 1.269428
v 0.3590307 0.0308522 1.291517
v 0.3385905 0.0314473 1.30123
v 0.3040657 0.08507917 1.262772
v -0.144769 0.09334867 -0.0001021017
v -0.2342867 0.1057019 -0.0001021931
v -0.1586529 0.0285451 0.000674916
v -0.1839413 0.130496 0.002230705
v -0.2443236 0.04857291 0.0006675801
v -0.2735021 -0.06069164 0.0008988962
v -0.1410261 -0.08260071 0.0009039358
v -0.1594108 -0.1643432 0.01276793
v -0.2440693 -0.1608542 0.01269928
v -0.2026673 -0.1843248 0.02206488
v -0.2443236 0.04857291 0.0006675801
v -0.2342867 0.1057019 -0.0001021931
v -0.2557667 0.04623719 0.0317015
v -0.2735021 -0.06069164 0.0008988962
v -0.277614 -0.0606932 0.0348596
v -0.2440693 -0.1608542 0.01269928
v -0.2396059 0.1128298 0.04659122
v -0.183938 0.1366066 0.04327884
v -0.1839413 0.130496 0.002230705
v -0.2391309 -0.1565113 0.04291414
v -0.2026673 -0.1843248 0.02206488
v -0.2023436 -0.1776222 0.04390812
v -0.2021977 -0.1027974 0.06519763
v -0.2019636 -0.04440618 0.09521043
v -0.2023436 -0.1776222 0.04390812
v -0.1922331 0.1100462 0.1306365
v -0.2379365 0.06459897 0.09430914
v -0.2372472 0.01985455 0.1391433
v -0.240215 0.05816655 0.145792
v -0.2003565 -0.01481457 0.1562737
v -0.2019636 -0.04440618 0.09521043
v -0.144769 0.09334867 -0.0001021017
v -0.183938 0.1366066 0.04327884
v -0.1839413 0.130496 0.002230705
v -0.1357121 0.09864549 0.04659139
v -0.1586529 0.0285451 0.000674916
v -0.1439576 -0.002132607 0.05661401
v -0.1410261 -0.08260071 0.0009039358
v -0.1365184 -0.08244308 0.03485981
v -0.1594108 -0.1643432 0.01276793
v -0.161385 -0.1598111 0.04291423
v -0.2026673 -0.1843248 0.02206488
v -0.2023436 -0.1776222 0.04390812
v -0.2021977 -0.1027974 0.06519763
v -0.2023436 -0.1776222 0.04390812
v -0.2019636 -0.04440618 0.09521043
v -0.1922331 0.1100462 0.1306365
v -0.1546676 0.08485583 0.1368927
v -0.1627435 0.01347078 0.1483355
v -0.1515013 0.0357442 0.1264076
v -0.1483295 0.04289253 0.1629968
v -0.2019636 -0.04440618 0.09521043
v -0.2003565 -0.01481457 0.1562737
v -0.2309797 0.05440557 0.2168497
v -0.240215 0.05816655 0.145792
v -0.1922331 0.1100462 0.1306365
v -0.191393 0.1024694 0.2232659
v -0.2441237 0.02775266 0.4389891
v -0.2266064 0.02242841 0.2201761
v -0.2372472 0.01985455 0.1391433
v -0.2003565 -0.01481457 0.1562737
v -0.195285 0.001738864 0.2189013
v -0.1627808 0.01921888 0.2132402
v -0.1627435 0.01347078 0.1483355
v -0.1664399 -0.02887152 0.4368495
v -0.2202824 -0.02207837 0.430548
v -0.1154967 0.01378669 0.4191297
v -0.18463 0.1100526 0.4329844
v -0.1546676 0.08485583 0.1368927
v -0.191393 0.1024694 0.2232659
v -0.1123423 0.07721758 0.425485
v -0.191393 0.1024694 0.2232659
v -0.149936 0.05632263 0.217875
v -0.1154967 0.01378669 0.4191297
v -0.1627808 0.01921888 0.2132402
v -0.1627435 0.01347078 0.1483355
v -0.1483295 0.04289253 0.1629968
v 0 0.08448607 1.844351
v -0.04124567 0.04860947 1.883608
v -0.04145089 0.07477206 1.846756
v -0.07180784 0.02998405 1.855631
v 0 0.05509575 1.894123
v -0.05135947 -0.0029126 1.90062
v -0.08299562 -0.006273248 1.859613
v -0.07018147 -0.06997218 1.861776
v -0.03884756 -0.06993412 1.903026
v -0.03869392 -0.1014834 1.886265
v -0.0449852 -0.1211942 1.85368
v 0 -0.1173082 1.894255
v 0 -0.1418348 1.861591
v 0 -0.072513 1.923524
v 0 -0.002479367 1.925755
v -0.06569323 -0.0218014 1.669554
v -0.06254286 0.01290484 1.683665
v -0.06315939 -0.005565768 1.751357
v -0.05442987 -0.02653691 1.730226
v -0.0409885 0.04230209 1.754047
v -0.04181932 0.054809 1.693334
v 0 0.07646655 1.697369
v 0 0.06084717 1.75685
v -0.0786927 0.01544806 1.769416
v -0.0266827 -0.04641322 1.650359
v 0 -0.07805774 1.659541
v 0 -0.07805774 1.659541
v 0 -0.05596004 1.641831
v 0 -0.0763712 1.679813
v -0.4216741 -0.01685834 0.8286082
v -0.4252164 0.01390621 0.8183991
v -0.4337979 0.006713932 0.8089978
v -0.4304983 -0.01686037 0.8216039
v -0.4362789 0.05517206 0.8431845
v -0.440808 0.05018168 0.8345717
v -0.4635008 -0.01674452 0.8563939
v -0.4633366 0.05532067 0.8446989
v -0.4424851 -0.02203623 0.8588305
v -0.4478227 0.06618401 0.8528832
v -0.4784168 0.05837032 0.8938609
v -0.4724612 -0.01718767 0.8916622
v -0.4431171 -0.02269295 0.9110874
v -0.4603644 0.07107139 0.8840606
v -0.4766402 0.06260809 0.931546
v -0.4729533 -0.01734 0.931271
v -0.4448423 0.07613893 0.9293121
v -0.4356642 -0.02044126 0.9292374
v -0.4033333 0.06169742 0.9962497
v -0.4367144 -0.006183235 1.01114
v -0.4033393 -0.0238792 0.9647059
v -0.4019165 -0.0324422 0.9427362
v -0.4243347 -0.01999594 0.913058
v -0.4015594 -0.03152199 0.9158227
v -0.4232181 -0.02279418 0.8871508
v -0.4075786 -0.02887189 0.8904589
v -0.4104669 -0.02538355 0.8787769
v -0.3995551 -0.01115031 0.8877998
v -0.3938148 -0.008398659 0.9105857
v -0.391529 -0.006733022 0.9385778
v -0.3911526 -0.007752132 1.00352
v -0.401276 -0.001903405 1.033706
v -0.4285794 0.0338985 1.041446
v -0.4452263 0.05937572 1.005981
v -0.4026467 0.06456475 1.030581
v -0.4452263 0.05937572 1.005981
v -0.4252164 0.01390621 0.8183991
v -0.4216741 -0.01685834 0.8286082
v -0.4424851 -0.02203623 0.8588305
v -0.4478227 0.06618401 0.8528832
v -0.4603644 0.07107139 0.8840606
v -0.4431171 -0.02269295 0.9110874
v -0.4448423 0.07613893 0.9293121
v -0.4356642 -0.02044126 0.9292374
v -0.4048616 0.01239108 0.9718398
v -0.391529 -0.006733022 0.9385778
v -0.3938148 -0.008398659 0.9105857
v -0.4243347 -0.01999594 0.913058
v -0.3995551 -0.01115031 0.8877998
v -0.4232181 -0.02279418 0.8871508
v -0.4104669 -0.02538355 0.8787769
v -0.4033333 0.06169742 0.9962497
v -0.3911526 -0.007752132 1.00352
v -0.3803954 0.03166089 1.024833
v -0.4026467 0.06456475 1.030581
v -0.401276 -0.001903405 1.033706
v -0.4362789 0.05517206 0.8431845
v -0.3192746 0.03409118 1.111914
v -0.4026467 0.06456475 1.030581
v -0.3803954 0.03166089 1.024833
v -0.3565175 0.08966072 1.13695
v -0.2792972 0.03324447 1.174201
v -0.3565175 0.08966072 1.13695
v -0.3176923 0.08616404 1.231275
v -0.3788831 0.03513383 1.221376
v -0.4006852 0.03683257 1.149717
v -0.3565175 0.08966072 1.13695
v -0.4285794 0.0338985 1.041446
v -0.401276 -0.001903405 1.033706
v -0.3598902 -0.01424884 1.131198
v -0.3788831 0.03513383 1.221376
v -0.4026467 0.06456475 1.030581
v -0.3302923 -0.00889749 1.197565
v -0.2792972 0.03324447 1.174201
v -0.3788831 0.03513383 1.221376
v -0.2695895 0.03172205 1.228371
v -0.297589 -0.0009930617 1.267151
v -0.3514906 0.03277787 1.261925
v -0.3514906 0.03277787 1.261925
v -0.2592895 0.03070653 1.258542
v -0.3385905 0.0314473 1.30123
v -0.3598902 -0.01424884 1.131198
v -0.3192746 0.03409118 1.111914
v -0.3803954 0.03166089 1.024833
v -0.401276 -0.001903405 1.033706
v -0.3598902 -0.01424884 1.131198
v -0.3514906 0.03277787 1.261925
v -0.3176923 0.08616404 1.231275
v -0.3106669 0.0937688 1.246953
v -0.3040657 0.08507917 1.262772
v -0.3514906 0.03277787 1.261925
v -0.3385905 0.0314473 1.30123
v -0.2695895 0.03172205 1.228371
v -0.3176923 0.08616404 1.231275
v -0.3106669 0.0937688 1.246953
v -0.3040657 0.08507917 1.262772
v -0.2592895 0.03070653 1.258542
v -0.06997668 0.08615613 0.4128982
v -0.1154967 0.01378669 0.4191297
v -0.070091 0.008059504 0.4138944
v -0.1123423 0.07721758 0.425485
v -0.1556543 0.1462297 0.4184023
v -0.1664399 -0.02887152 0.4368495
v -0.1833116 -0.09670482 0.4178989
v -0.18463 0.1100526 0.4329844
v -0.2354944 0.1152679 0.4277603
v -0.2202824 -0.02207837 0.430548
v -0.2588914 -0.06546327 0.419773
v -0.2441237 0.02775266 0.4389891
v -0.2906515 0.01898532 0.431236
v -0.070091 0.008059504 0.4138944
v -0.060392 -0.02293071 0.4589529
v -0.06997668 0.08615613 0.4128982
v -0.06282007 0.08830222 0.4700415
v -0.1367696 0.1466163 0.4687157
v -0.1556543 0.1462297 0.4184023
v -0.2262928 0.1406548 0.477835
v -0.2354944 0.1152679 0.4277603
v -0.2725963 0.0125635 0.4913186
v -0.2906515 0.01898532 0.431236
v -0.05140556 0.1090678 0.5523087
v -0.2164781 0.1153196 0.6022108
v -0.04027554 -0.06494176 0.5431472
v -0.2640825 0.007714395 0.6020583
v -0.1099855 0.1482194 0.6047506
v -0.02333788 -0.1165291 0.6620218
v -0.02719247 0.1245859 0.6677617
v -0.1112254 0.1452159 0.6864014
v -0.2568248 -0.01371793 0.7450104
v -0.1978369 0.1042067 0.7227182
v -0.01466192 -0.06148157 0.7356855
v -0.02221397 0.1183722 0.741335
v -0.1106603 0.141767 0.7960026
v 0 -0.06148189 0.7356853
v 0 0.1202031 0.741335
v -0.1824784 0.06607229 0.9233044
v 0 0.1728681 0.8507649
v 0 0.1202031 0.741335
v -0.09386759 0.1682554 0.8630313
v -0.2109779 -0.0328125 1.000148
v -0.0127305 -0.1249923 0.7622679
v 0 -0.1241487 0.7606931
v -0.070091 0.008059504 0.4138944
v -0.1833116 -0.09670482 0.4178989
v -0.1717508 -0.1083251 0.4672282
v -0.2588914 -0.06546327 0.419773
v -0.060392 -0.02293071 0.4589529
v -0.2483996 -0.06932517 0.4945729
v -0.2906515 0.01898532 0.431236
v -0.2725963 0.0125635 0.4913186
v -0.1534555 -0.123536 0.5036219
v -0.04027554 -0.06494176 0.5431472
v -0.244085 -0.1023903 0.5899605
v -0.1528221 -0.1201172 0.5412265
v -0.2640825 0.007714395 0.6020583
v -0.02333788 -0.1165291 0.6620218
v -0.1347531 -0.1425624 0.7176143
v -0.2568248 -0.01371793 0.7450104
v -0.2023096 -0.1092925 0.7237116
v -0.1630791 -0.1145669 0.9844276
v -0.07322461 -0.1503925 0.9496605
v -0.2109779 -0.0328125 1.000148
v -0.0127305 -0.1249923 0.7622679
v 0 -0.1684732 0.948327
v 0 -0.1241487 0.7606931
v -0.1808199 -0.1593606 0.8000399
v 0 -0.2006551 1.022184
v 0 -0.2027286 0.7918813
v -0.1486791 -0.1641726 1.028114
v -0.2169895 -0.06691001 1.024144
v -0.261813 -0.04441116 0.811617
v -0.1946789 -0.07296658 1.142389
v 0 -0.1942097 1.171487
v -0.1253836 -0.1549735 1.164351
v -0.1736905 -0.04673279 1.325327
v -0.1075935 -0.1480031 1.314232
v -0.188324 0.006081122 1.335843
v 0 -0.1725493 1.32799
v -0.1258681 -0.135899 1.424351
v -0.1799157 0.002570025 1.392376
v 0 -0.1737661 1.439118
v -0.1812431 -0.04985119 1.398688
v -0.1659424 -0.08519568 1.4392
v -0.186239 -0.06513309 1.447203
v -0.2013731 -0.01082371 1.403979
v -0.2302848 -0.044211 1.44712
v -0.1506434 -0.09618395 1.498488
v 0 -0.1312915 1.545737
v -0.2078629 -0.03935351 1.535599
v -0.2445901 -0.01143827 1.47344
v -0.09144047 -0.114925 1.543544
v -0.1755833 -0.04427808 1.553603
v -0.2272712 -0.01330257 1.561403
v -0.266011 0.02985257 1.542977
v -0.1252485 -0.05045234 1.59285
v -0.06102949 -0.08388203 1.600159
v -0.182293 -0.01701085 1.597483
v -0.2309275 0.02879227 1.591229
v 0 -0.05596004 1.641831
v -0.1772614 0.02964716 1.61185
v -0.1260708 -0.003690729 1.637291
v -0.0266827 -0.04641322 1.650359
v -0.09406494 -0.009983218 1.65502
v -0.06569323 -0.0218014 1.669554
v -0.2833934 0.029036 1.463017
v -0.323728 -0.04205742 1.263232
v -0.3590307 0.0308522 1.291517
v -0.297589 -0.0009930617 1.267151
v -0.3385905 0.0314473 1.30123
v -0.323728 -0.04205742 1.263232
v -0.2567801 -0.005558661 1.246062
v -0.2592895 0.03070653 1.258542
v -0.2361441 0.04135498 1.241754
v -0.323728 -0.04205742 1.263232
v -0.1638202 0.06741279 1.395777
v -0.323728 -0.04205742 1.263232
v -0.1638202 0.06741279 1.395777
v -0.1597692 0.06840954 1.379155
v -0.2042681 0.04396071 1.150736
v -0.2126803 0.04636827 1.039905
v -0.235379 0.05840506 0.8077611
v 0 0.1658712 1.043135
v -0.144791 0.192458 0.8105794
v 0 0.2027283 0.8066287
v -0.1203614 0.1590524 1.043491
v -0.235379 0.05840506 0.8077611
v -0.2126803 0.04636827 1.039905
v -0.1264247 0.1351678 1.158106
v 0 0.1466874 1.161704
v -0.2042681 0.04396071 1.150736
v -0.1350552 0.1151613 1.317655
v 0 0.1375323 1.307413
v -0.188324 0.006081122 1.335843
v -0.1597692 0.06840954 1.379155
v -0.09352125 0.1173093 1.414543
v -0.1606002 0.1115228 1.432662
v 0 0.1315005 1.410139
v 0 0.1432088 1.533184
v -0.1390217 0.1233747 1.539954
v -0.1947426 0.1100353 1.526542
v -0.1910046 0.1093394 1.430345
v -0.1638202 0.06741279 1.395777
v -0.2584386 0.07995309 1.427398
v -0.2469948 0.08099274 1.534396
v -0.2833934 0.029036 1.463017
v -0.266011 0.02985257 1.542977
v -0.1900369 0.07800046 1.574433
v -0.1321412 0.08718824 1.58908
v -0.2309275 0.02879227 1.591229
v 0 0.1221506 1.601385
v -0.1772614 0.02964716 1.61185
v -0.1240578 0.04740475 1.632905
v -0.07359117 0.06131839 1.651809
v -0.1260708 -0.003690729 1.637291
v 0 0.09709093 1.650077
v -0.09406494 -0.009983218 1.65502
v 0 0.07646655 1.697369
v -0.06254286 0.01290484 1.683665
v -0.06569323 -0.0218014 1.669554
v -0.04181932 0.054809 1.693334
v -0.3405664 0.08888106 1.269428
v -0.3590307 0.0308522 1.291517
v -0.2820488 0.11076 1.24177
v -0.2361441 0.04135498 1.241754
v -0.3040657 0.08507917 1.262772
v -0.2820488 0.11076 1.24177
v -0.2592895 0.03070653 1.258542
v -0.3405664 0.08888106 1.269428
v -0.3040657 0.08507917 1.262772
v -0.3590307 0.0308522 1.291517
v -0.3385905 0.0314473 1.30123
v -0.3040657 0.08507917 1.262772
v -0.06435938 -0.1460799 1.773929
v -0.05631583 -0.1460809 1.814739
v -0.04235236 -0.14608 1.805589
v -0.04470704 -0.1460807 1.832669
v -0.01963354 -0.1520815 1.823723
v -0.02232238 -0.1460807 1.847811
v 0.09462835 -0.1460826 1.790761
v 0.04099423 -0.1492238 1.82036
v 0.05151368 -0.1460807 1.846469
v 0.0115411 -0.1502258 1.831712
v 0.01798616 -0.146041 1.847726
v 0 -0.1501838 1.834438
v -0.001150962 -0.1561654 1.849338
v 0 -0.1501838 1.834438
v -0.02232238 -0.1460807 1.847811
v 0 -0.1418348 1.861591
v -0.04470704 -0.1460807 1.832669
v -0.04235236 -0.14608 1.805589
v -0.05631583 -0.1460809 1.814739
v -0.02232238 -0.1460807 1.847811
v 0 -0.1501838 1.834438
v -0.01963354 -0.1520815 1.823723
v 0 0.0679524 1.750431
v 0.0409885 0.04230209 1.754047
v 0.04643594 0.04743653 1.752465
v 0 0.0679524 1.750431
v 0 0.06084717 1.75685
v -0.0513119 0.04743497 1.752465
v 0 0.06084717 1.75685
v 0 0.0679524 1.750431
v -0.0409885 0.04230209 1.754047
v -0.09651801 0.01827523 1.763948
v -0.0786927 0.01544806 1.769416
v -0.0969728 -0.01249024 1.777184
v -0.07921105 -0.01185483 1.779309
v -0.08998036 -0.0515046 1.799305
v -0.07737516 -0.04711836 1.799829
v -0.1036779 0.01749144 1.806593
v -0.09651801 0.01827523 1.763948
v -0.05245649 0.07128549 1.800213
v -0.0513119 0.04743497 1.752465
v 0 0.0679524 1.750431
v 0 0.0829372 1.800213
v -0.08136156 -0.08982884 1.818542
v -0.06905276 -0.08174974 1.821354
v 0 0.08448607 1.844351
v -0.08836767 0.03276986 1.858198
v -0.07403617 -0.1078901 1.827141
v -0.09261959 -0.006305485 1.862311
v -0.06152574 -0.09808128 1.828583
v -0.08251172 -0.07495627 1.865245
v -0.05460876 -0.1393506 1.83196
v -0.04145089 0.07477206 1.846756
v -0.08836767 0.03276986 1.858198
v -0.04651668 -0.1301562 1.870638
v -0.05460876 -0.1393506 1.83196
v -0.02232238 -0.1460807 1.847811
v -0.08299562 -0.006273248 1.859613
v -0.07018147 -0.06997218 1.861776
v -0.0449852 -0.1211942 1.85368
v -0.05460876 -0.1393506 1.83196
v -0.01963354 -0.1520815 1.823723
v -0.04396824 -0.1265146 1.830537
v -0.05460876 -0.1393506 1.83196
v -0.06152574 -0.09808128 1.828583
v -0.07180784 0.02998405 1.855631
v -0.08836767 0.03276986 1.858198
v -0.04651668 -0.1301562 1.870638
v 0 -0.1418348 1.861591
v 0 -0.1418348 1.861591
v -0.04651668 -0.1301562 1.870638
v -0.0409885 0.04230209 1.754047
v -0.0513119 0.04743497 1.752465
v 0.0786927 0.01544806 1.769416
v 0.04643594 0.04743653 1.752465
v 0.0409885 0.04230209 1.754047
v 0.04643594 0.04743653 1.752465
v 0.0786927 0.01544806 1.769416
v 0.08815503 0.01771661 1.764335
v 0.07921105 -0.01185483 1.779309
v 0.04783364 0.06883632 1.801738
v 0.04643594 0.04743653 1.752465
v 0 0.0679524 1.750431
v 0.08998068 0.01749162 1.806593
v 0.08872572 -0.01249026 1.777184
v 0.08815503 0.01771661 1.764335
v 0.07737516 -0.04711836 1.799829
v 0.08603214 -0.05150531 1.799305
v 0.06905276 -0.08174974 1.821354
v 0.07697119 -0.08982673 1.816703
v 0.08522035 -0.006284064 1.860512
v 0.0737429 0.03091334 1.856487
v 0.06152574 -0.09808128 1.828583
v 0.06915984 -0.1078918 1.825575
v 0.07195511 -0.07163325 1.862932
v 0.04396824 -0.1265146 1.830537
v 0.04023219 0.07477205 1.846756
v 0 0.08448607 1.844351
v 0 0.0829372 1.800213
v 0 0.0679524 1.750431
v 0.04385344 -0.1241812 1.85873
v 0.0497328 -0.1393503 1.83196
v 0.01798616 -0.146041 1.847726
v 0 -0.1418348 1.861591
v 0.06915984 -0.1078918 1.825575
v 0.04396824 -0.1265146 1.830537
v 0.0497328 -0.1393503 1.83196
v 0.008506215 -0.1400707 1.830313
v 0.0115411 -0.1502258 1.831712
v 0.01798616 -0.146041 1.847726
v -0.04396824 -0.1265146 1.830537
v -0.01963354 -0.1520815 1.823723
v -0.008506215 -0.1400707 1.830313
v 0 -0.1501838 1.834438
v 0 -0.1422676 1.830651
v 0.0115411 -0.1502258 1.831712
v 0.008506215 -0.1400707 1.830313
v 0 -0.1501838 1.834438
v -0.008506215 -0.1400707 1.830313
v -0.06435938 -0.1455197 1.773929
v -0.04235236 -0.1455198 1.805589
v -0.05631583 -0.1455207 1.814739
v -0.01963354 -0.1515214 1.823723
v -0.04470704 -0.1455205 1.832669
v -0.04470704 -0.1455205 1.832669
v -0.05631583 -0.1455207 1.814739
v -0.04235236 -0.1455198 1.805589
v 0.09462835 -0.1444564 1.790761
v 0.05151368 -0.1444545 1.846469
v 0.04099423 -0.1475977 1.82036
v 0.0115411 -0.1485997 1.831712
v 0.01798616 -0.1444148 1.847726
vt 0.2488411 0.2290755
vt 0.2679697 0.2270377
vt 0.2483096 0.1995459
vt 0.2394392 0.2149491
vt 0.2650988 0.1984643
vt 0.2975443 0.1931559
vt 0.2993751 0.2369948
vt 0.3237741 0.2341288
vt 0.3256033 0.2065118
vt 0.33153 0.2208884
vt 0.8891144 0.2378325
vt 0.8984543 0.1832705
vt 0.9482759 0.2378325
vt 0.7893056 0.2378325
vt 0.7876133 0.1745957
vt 0.6314752 0.2378325
vt 0.9487098 0.1296894
vt 0.9697775 0.1343047
vt 0.9737809 0.2378325
vt 0.6337386 0.1585302
vt 0.6088638 0.2095849
vt 0.6115775 0.1377996
vt 0.6901555 0.0968291
vt 0.8261663 0.05588961
vt 0.6115775 0.1377996
vt 0.972645 0.02237281
vt 0.9283561 0.08588604
vt 0.9276093 0.02724655
vt 0.9387352 0.02502783
vt 0.8261663 0.05588961
vt 0.8972639 0.03018365
vt 0.9353975 0.2378325
vt 0.9741299 0.2378325
vt 0.9745651 0.1360718
vt 0.9486461 0.1284869
vt 0.8823924 0.2378325
vt 0.8556138 0.1157676
vt 0.7664621 0.2378325
vt 0.7649342 0.1765831
vt 0.6278263 0.2378325
vt 0.6303005 0.1588317
vt 0.6088638 0.2095849
vt 0.6115775 0.1377996
vt 0.6901555 0.0968291
vt 0.6115775 0.1377996
vt 0.8261663 0.05588961
vt 0.9847614 0.02406377
vt 0.9605366 0.0206892
vt 0.927637 0.02727249
vt 0.9261591 0.0407785
vt 0.9414684 0.02450479
vt 0.8972639 0.03018365
vt 0.8261663 0.05588961
vt 0.4971512 0.1739797
vt 0.4328493 0.2350419
vt 0.4868179 0.2350419
vt 0.4415778 0.1739798
vt 0.5164889 0.01136539
vt 0.5246091 0.1739798
vt 0.5075715 0.2350419
vt 0.5424545 0.2350419
vt 0.5562733 0.1739797
vt 0.5846873 0.1739797
vt 0.5767696 0.2350419
vt 0.596301 0.01136534
vt 0.556347 0.0113654
vt 0.6403131 0.01136542
vt 0.4381475 0.01136538
vt 0.4415778 0.1739798
vt 0.3946237 0.2350419
vt 0.3703648 0.01136539
vt 0.4415778 0.1739798
vt 0.3736063 0.1739797
vt 0.3242635 0.01136531
vt 0.3419772 0.1739798
vt 0.3432193 0.2350419
vt 0.3648303 0.2350419
vt 0.0132947 0.5758263
vt 0.02823555 0.6246828
vt 0.07307532 0.6188765
vt 0.08551282 0.6656697
vt 0.06132784 0.5719334
vt 0.1323879 0.625808
vt 0.1306134 0.6774038
vt 0.2129589 0.6589257
vt 0.2027537 0.60626
vt 0.2357751 0.6004025
vt 0.2747388 0.6200588
vt 0.251399 0.5565292
vt 0.2801484 0.554199
vt 0.2013811 0.5605828
vt 0.129645 0.5663967
vt 0.04644138 0.7898824
vt 0.0599249 0.7682054
vt 0.01172829 0.7602468
vt 0.01172829 0.799201
vt 0.06757879 0.8115839
vt 0.03244579 0.8150701
vt 0.01172829 0.8152356
vt 0.1104915 0.8165611
vt 0.13455 0.7929445
vt 0.01172829 0.8449392
vt 0.07804441 0.8555416
vt 0.02944285 0.8450779
vt 0.132539 0.8638335
vt 0.1892828 0.7973137
vt 0.01916212 0.8618444
vt 0.1089113 0.8748604
vt 0.03539383 0.8804681
vt 0.01172829 0.8805264
vt 0.08275992 0.9069819
vt 0.01172829 0.9002928
vt 0.1920034 0.9036998
vt 0.04876643 0.9021062
vt 0.1094376 0.9178225
vt 0.0240401 0.9154667
vt 0.2661936 0.8854805
vt 0.2680477 0.8025823
vt 0.01172829 0.9214131
vt 0.05497891 0.9149212
vt 0.1508093 0.9132788
vt 0.3047552 0.8316125
vt 0.03168303 0.9267451
vt 0.01172829 0.9317583
vt 0.05349433 0.9351147
vt 0.01172829 0.9439176
vt 0.01172829 0.9317583
vt 0.1451679 0.9549402
vt 0.2150245 0.9425666
vt 0.1858014 0.9627342
vt 0.1234295 0.988578
vt 0.07409608 0.9682977
vt 0.03341866 0.9786885
vt 0.01172829 0.9439176
vt 0.01172829 0.9767578
vt 0.02962565 0.9907831
vt 0.01172829 0.9898686
vt 0.1889738 0.6891443
vt 0.2919974 0.7885053
vt 0.2617519 0.6881541
vt 0.2298226 0.7729983
vt 0.3924744 0.7463154
vt 0.3312649 0.6635416
vt 0.4031141 0.6328976
vt 0.4577311 0.7149752
vt 0.3446005 0.804697
vt 0.1107818 0.7439209
vt 0.0653609 0.6868699
vt 0.01172829 0.7259489
vt 0.01214385 0.7484198
vt 0.01172829 0.7602468
vt 0.01215053 0.7390872
vt 0.01172829 0.7259489
vt 0.01172829 0.6903979
vt 0.01215053 0.7390872
vt 0.0599249 0.7682054
vt 0.01172829 0.7602468
vt 0.1107818 0.7439209
vt 0.01215053 0.7390872
vt 0.13455 0.7929445
vt 0.1104915 0.8165611
vt 0.06757879 0.8115839
vt 0.04644138 0.7898824
vt 0.01172829 0.7602468
vt 0.01172829 0.799201
vt 0.03244579 0.8150701
vt 0.01172829 0.8152356
vt 0.01172829 0.8449392
vt 0.07804441 0.8555416
vt 0.02944285 0.8450779
vt 0.132539 0.8638335
vt 0.1892828 0.7973137
vt 0.01916212 0.8618444
vt 0.1089113 0.8748604
vt 0.03539383 0.8804681
vt 0.01172829 0.8805264
vt 0.08275992 0.9069819
vt 0.01172829 0.9002928
vt 0.1920034 0.9036998
vt 0.04876643 0.9021062
vt 0.1094376 0.9178225
vt 0.0240401 0.9154667
vt 0.2661936 0.8854805
vt 0.2680477 0.8025823
vt 0.01172829 0.9214131
vt 0.05497891 0.9149212
vt 0.1508093 0.9132788
vt 0.3047552 0.8316125
vt 0.03168303 0.9267451
vt 0.01172829 0.9317583
vt 0.05349433 0.9351147
vt 0.01172829 0.9439176
vt 0.01172829 0.9317583
vt 0.1451679 0.9549402
vt 0.2150245 0.9425666
vt 0.1858014 0.9627342
vt 0.1234295 0.988578
vt 0.07409608 0.9682977
vt 0.03341866 0.9786885
vt 0.01172829 0.9439176
vt 0.01172829 0.9767578
vt 0.02962565 0.9907831
vt 0.01172829 0.9898686
vt 0.8726744 0.2624227
vt 0.8997758 0.2651723
vt 0.9062142 0.2570055
vt 0.8795266 0.2689899
vt 0.9475895 0.2738843
vt 0.9385796 0.277392
vt 0.8793689 0.3105358
vt 0.9424015 0.2986312
vt 0.8625631 0.3022472
vt 0.9597051 0.293047
vt 0.9470009 0.3417058
vt 0.8810754 0.3418084
vt 0.8531821 0.3573066
vt 0.9640072 0.3279331
vt 0.9505904 0.3740463
vt 0.881732 0.3740755
vt 0.9784979 0.3752283
vt 0.8513122 0.3794951
vt 0.9829309 0.4502688
vt 0.8877861 0.451657
vt 0.8398489 0.4226008
vt 0.8296494 0.404024
vt 0.8354002 0.3703391
vt 0.817663 0.3849159
vt 0.8192159 0.3524026
vt 0.8089639 0.3641912
vt 0.8043689 0.354194
vt 0.7921466 0.3686196
vt 0.7964158 0.3905416
vt 0.8081697 0.4152844
vt 0.8502764 0.4611447
vt 0.874925 0.4843409
vt 0.9223525 0.4843409
vt 0.9464262 0.4433674
vt 0.9689056 0.4843409
vt 0.9464262 0.4433674
vt 0.884943 0.7835182
vt 0.8457232 0.8060839
vt 0.8751853 0.8075927
vt 0.8597991 0.7368237
vt 0.8340669 0.7286738
vt 0.8042551 0.8021705
vt 0.796504 0.721957
vt 0.7887111 0.799574
vt 0.7467479 0.7401364
vt 0.7511532 0.7924709
vt 0.7536287 0.8146538
vt 0.7798675 0.8127877
vt 0.7586521 0.8327868
vt 0.7796847 0.8335621
vt 0.7712879 0.8425912
vt 0.7309253 0.7220284
vt 0.7021332 0.7712287
vt 0.6964399 0.7348495
vt 0.70515 0.7082572
vt 0.681317 0.7597647
vt 0.8708223 0.746787
vt 0.7795727 0.344888
vt 0.7308618 0.258593
vt 0.6819571 0.258593
vt 0.6975791 0.3579506
vt 0.7827758 0.424315
vt 0.6975791 0.3579506
vt 0.6888184 0.4606935
vt 0.6136551 0.4320433
vt 0.6975791 0.3579506
vt 0.6209993 0.3491133
vt 0.6293356 0.258593
vt 0.5754424 0.258593
vt 0.5435845 0.3498921
vt 0.6136551 0.4320433
vt 0.6819571 0.258593
vt 0.461328 0.4242468
vt 0.5391297 0.4201939
vt 0.6136551 0.4320433
vt 0.4730181 0.4660602
vt 0.5376421 0.4944667
vt 0.6063254 0.4618215
vt 0.6063254 0.4618215
vt 0.4752264 0.4944667
vt 0.6004478 0.4944667
vt 0.5435845 0.3498921
vt 0.4636335 0.345633
vt 0.5265814 0.258593
vt 0.5435845 0.3498921
vt 0.5754424 0.258593
vt 0.6063254 0.4618215
vt 0.6888184 0.4606935
vt 0.6871559 0.4776043
vt 0.6864994 0.4944667
vt 0.6063254 0.4618215
vt 0.6004478 0.4944667
vt 0.7768581 0.4656954
vt 0.6888184 0.4606935
vt 0.6871559 0.4776043
vt 0.6864994 0.4944667
vt 0.7745218 0.4944667
vt 0.2811201 0.2624316
vt 0.2643789 0.2416423
vt 0.2555646 0.2538818
vt 0.2691991 0.2701617
vt 0.2746149 0.2981535
vt 0.2346044 0.2553675
vt 0.216389 0.2401717
vt 0.2595829 0.2951744
vt 0.2495787 0.3087019
vt 0.2234913 0.2688612
vt 0.2053802 0.2659194
vt 0.2288213 0.2874218
vt 0.2163887 0.2959262
vt 0.220683 0.01391548
vt 0.1835709 0.01391558
vt 0.2421642 0.03561589
vt 0.1855472 0.04543401
vt 0.1368782 0.04304571
vt 0.1336988 0.01391552
vt 0.09081155 0.0429805
vt 0.0897193 0.01391549
vt 0.01479119 0.05415292
vt 0.01479119 0.01391548
vt 0.181066 0.09150758
vt 0.08206433 0.1088425
vt 0.2741753 0.07372321
vt 0.01479119 0.1105538
vt 0.1412552 0.1236936
vt 0.3116206 0.1317641
vt 0.1821493 0.1563058
vt 0.1390041 0.159548
vt 0.01479119 0.1787149
vt 0.08786577 0.1582881
vt 0.2876761 0.1726826
vt 0.1883405 0.1928294
vt 0.1343031 0.2175938
vt 0.2879457 0.1804886
vt 0.1975363 0.2017509
vt 0.06740814 0.2741108
vt 0.1874096 0.2627168
vt 0.1975363 0.2017509
vt 0.1393696 0.2577741
vt 0.01479131 0.3053276
vt 0.3246434 0.1793014
vt 0.3230893 0.1859531
vt 0.01327759 0.5575545
vt 0.05381316 0.453741
vt 0.01327759 0.4496474
vt 0.01327747 0.3926574
vt 0.0502066 0.5535657
vt 0.06715715 0.3855712
vt 0.01327759 0.3185515
vt 0.05740422 0.3185515
vt 0.08764821 0.4629043
vt 0.1198916 0.5500864
vt 0.1372268 0.3948924
vt 0.1153283 0.4616643
vt 0.1367446 0.3185515
vt 0.2184494 0.5352083
vt 0.2423214 0.4539398
vt 0.2402909 0.3185515
vt 0.2356561 0.4000206
vt 0.4221358 0.4002748
vt 0.4221358 0.4713168
vt 0.4221358 0.3185515
vt 0.2881325 0.5335476
vt 0.4221358 0.5230009
vt 0.2879074 0.5427628
vt 0.8410522 0.5933286
vt 0.8447263 0.5153075
vt 0.732915 0.5153074
vt 0.7353059 0.5891581
vt 0.7274837 0.6447326
vt 0.8405043 0.6603739
vt 0.6810246 0.6336771
vt 0.6627942 0.5153075
vt 0.6700124 0.5724519
vt 0.5860168 0.6269479
vt 0.5980866 0.5679728
vt 0.5804653 0.6512834
vt 0.5870134 0.5153075
vt 0.551594 0.5807873
vt 0.5541638 0.6603982
vt 0.5535831 0.5153074
vt 0.5491937 0.6335204
vt 0.530725 0.6146984
vt 0.5234342 0.6294522
vt 0.5412534 0.664624
vt 0.5110896 0.6534039
vt 0.50858 0.5940515
vt 0.502061 0.5153075
vt 0.4743387 0.6225517
vt 0.4876127 0.6581705
vt 0.4954578 0.5569097
vt 0.4704875 0.6040933
vt 0.4539596 0.6282375
vt 0.4388595 0.6510819
vt 0.4580508 0.5717959
vt 0.4680535 0.5389566
vt 0.443947 0.6019709
vt 0.4273898 0.6320111
vt 0.4558839 0.5089457
vt 0.4191223 0.6036493
vt 0.4258087 0.5698309
vt 0.4454609 0.5191369
vt 0.4214544 0.5516133
vt 0.4199829 0.5347096
vt 0.4691845 0.6802658
vt 0.5250786 0.7598497
vt 0.4978556 0.7811133
vt 0.537668 0.7738743
vt 0.506807 0.7894599
vt 0.5250786 0.7598497
vt 0.5537766 0.7553353
vt 0.5693071 0.7658159
vt 0.5775549 0.7526911
vt 0.5250786 0.7598497
vt 0.5820766 0.6793126
vt 0.5250786 0.7598497
vt 0.5820766 0.6793126
vt 0.5895917 0.675567
vt 0.6689668 0.6911112
vt 0.7206465 0.7005756
vt 0.8398686 0.7117338
vt 0.7991542 0.9863929
vt 0.926494 0.9863929
vt 0.9224671 0.9199326
vt 0.8027146 0.9268796
vt 0.9231412 0.835907
vt 0.7998226 0.8488609
vt 0.7428614 0.9221478
vt 0.7380576 0.9863929
vt 0.7488742 0.8583003
vt 0.6620785 0.9156985
vt 0.6654474 0.986393
vt 0.6611582 0.855933
vt 0.634679 0.8848937
vt 0.6112903 0.9344586
vt 0.599683 0.8939437
vt 0.6161664 0.986393
vt 0.5573704 0.986393
vt 0.5409003 0.916012
vt 0.5471711 0.8833061
vt 0.5966097 0.8760905
vt 0.6271451 0.8803582
vt 0.5832255 0.8341982
vt 0.5329823 0.8551166
vt 0.5536545 0.8142341
vt 0.5083976 0.8373393
vt 0.516288 0.8853312
vt 0.5141599 0.919147
vt 0.4926608 0.856133
vt 0.513579 0.986393
vt 0.4839915 0.8869226
vt 0.4826131 0.9208248
vt 0.4802856 0.9502774
vt 0.4570059 0.9103228
vt 0.4969496 0.986393
vt 0.4471779 0.9270397
vt 0.4695818 0.9863931
vt 0.4484235 0.9526925
vt 0.4335223 0.9388295
vt 0.4605284 0.9705808
vt 0.6451596 0.7620071
vt 0.6195396 0.7415719
vt 0.665708 0.784569
vt 0.6941608 0.8105214
vt 0.6639434 0.7663038
vt 0.665708 0.784569
vt 0.7019 0.7959598
vt 0.6639434 0.7663038
vt 0.6451596 0.7620071
vt 0.6195396 0.7415719
vt 0.6292785 0.7342286
vt 0.6639434 0.7663038
vt 0.2488411 0.2290755
vt 0.2483096 0.1995459
vt 0.2679697 0.2270377
vt 0.2394392 0.2149491
vt 0.2650988 0.1984643
vt 0.2975443 0.1931559
vt 0.2993751 0.2369948
vt 0.3237741 0.2341288
vt 0.3256033 0.2065118
vt 0.33153 0.2208884
vt 0.8891144 0.2378325
vt 0.9482759 0.2378325
vt 0.8984543 0.1832705
vt 0.7893056 0.2378325
vt 0.7876133 0.1745957
vt 0.6314752 0.2378325
vt 0.9487098 0.1296894
vt 0.9697775 0.1343047
vt 0.9737809 0.2378325
vt 0.6337386 0.1585302
vt 0.6088638 0.2095849
vt 0.6115775 0.1377996
vt 0.6901555 0.0968291
vt 0.8261663 0.05588961
vt 0.6115775 0.1377996
vt 0.972645 0.02237281
vt 0.9283561 0.08588604
vt 0.9276093 0.02724655
vt 0.9387352 0.02502783
vt 0.8972639 0.03018365
vt 0.8261663 0.05588961
vt 0.9353975 0.2378325
vt 0.9745651 0.1360718
vt 0.9741299 0.2378325
vt 0.9486461 0.1284869
vt 0.8823924 0.2378325
vt 0.8556138 0.1157676
vt 0.7664621 0.2378325
vt 0.7649342 0.1765831
vt 0.6278263 0.2378325
vt 0.6303005 0.1588317
vt 0.6088638 0.2095849
vt 0.6115775 0.1377996
vt 0.6901555 0.0968291
vt 0.6115775 0.1377996
vt 0.8261663 0.05588961
vt 0.9847614 0.02406377
vt 0.9605366 0.0206892
vt 0.927637 0.02727249
vt 0.9261591 0.0407785
vt 0.9414684 0.02450479
vt 0.8261663 0.05588961
vt 0.8972639 0.03018365
vt 0.4971512 0.1739797
vt 0.4868179 0.2350419
vt 0.4328493 0.2350419
vt 0.4415778 0.1739798
vt 0.5164889 0.01136539
vt 0.5246091 0.1739798
vt 0.5075715 0.2350419
vt 0.5424545 0.2350419
vt 0.5562733 0.1739797
vt 0.5846873 0.1739797
vt 0.5767696 0.2350419
vt 0.596301 0.01136534
vt 0.556347 0.0113654
vt 0.6403131 0.01136542
vt 0.4381475 0.01136538
vt 0.3946237 0.2350419
vt 0.4415778 0.1739798
vt 0.3703648 0.01136539
vt 0.4415778 0.1739798
vt 0.3736063 0.1739797
vt 0.3242635 0.01136531
vt 0.3419772 0.1739798
vt 0.3432193 0.2350419
vt 0.3648303 0.2350419
vt 0.0132947 0.5758263
vt 0.07307532 0.6188765
vt 0.02823555 0.6246828
vt 0.08551282 0.6656697
vt 0.06132784 0.5719334
vt 0.1323879 0.625808
vt 0.1306134 0.6774038
vt 0.2129589 0.6589257
vt 0.2027537 0.60626
vt 0.2357751 0.6004025
vt 0.2747388 0.6200588
vt 0.251399 0.5565292
vt 0.2801484 0.554199
vt 0.2013811 0.5605828
vt 0.129645 0.5663967
vt 0.1889738 0.6891443
vt 0.2617519 0.6881541
vt 0.2919974 0.7885053
vt 0.2298226 0.7729983
vt 0.3924744 0.7463154
vt 0.3312649 0.6635416
vt 0.4031141 0.6328976
vt 0.4577311 0.7149752
vt 0.3446005 0.804697
vt 0.0653609 0.6868699
vt 0.01172829 0.7259489
vt 0.01172829 0.7259489
vt 0.01172829 0.6903979
vt 0.01215053 0.7390872
vt 0.8726744 0.2624227
vt 0.9062142 0.2570055
vt 0.8997758 0.2651723
vt 0.8795266 0.2689899
vt 0.9475895 0.2738843
vt 0.9385796 0.277392
vt 0.8793689 0.3105358
vt 0.9424015 0.2986312
vt 0.8625631 0.3022472
vt 0.9597051 0.293047
vt 0.9470009 0.3417058
vt 0.8810754 0.3418084
vt 0.8531821 0.3573066
vt 0.9640072 0.3279331
vt 0.9505904 0.3740463
vt 0.881732 0.3740755
vt 0.9784979 0.3752283
vt 0.8513122 0.3794951
vt 0.9829309 0.4502688
vt 0.8877861 0.451657
vt 0.8398489 0.4226008
vt 0.8296494 0.404024
vt 0.8354002 0.3703391
vt 0.817663 0.3849159
vt 0.8192159 0.3524026
vt 0.8089639 0.3641912
vt 0.8043689 0.354194
vt 0.7921466 0.3686196
vt 0.7964158 0.3905416
vt 0.8081697 0.4152844
vt 0.8502764 0.4611447
vt 0.874925 0.4843409
vt 0.9223525 0.4843409
vt 0.9464262 0.4433674
vt 0.9689056 0.4843409
vt 0.9464262 0.4433674
vt 0.884943 0.7835182
vt 0.8751853 0.8075927
vt 0.8457232 0.8060839
vt 0.8597991 0.7368237
vt 0.8340669 0.7286738
vt 0.8042551 0.8021705
vt 0.796504 0.721957
vt 0.7887111 0.799574
vt 0.7467479 0.7401364
vt 0.7511532 0.7924709
vt 0.7536287 0.8146538
vt 0.7798675 0.8127877
vt 0.7586521 0.8327868
vt 0.7796847 0.8335621
vt 0.7712879 0.8425912
vt 0.7309253 0.7220284
vt 0.7021332 0.7712287
vt 0.6964399 0.7348495
vt 0.70515 0.7082572
vt 0.681317 0.7597647
vt 0.8708223 0.746787
vt 0.7795727 0.344888
vt 0.6819571 0.258593
vt 0.7308618 0.258593
vt 0.6975791 0.3579506
vt 0.7827758 0.424315
vt 0.6975791 0.3579506
vt 0.6888184 0.4606935
vt 0.6136551 0.4320433
vt 0.6209993 0.3491133
vt 0.6975791 0.3579506
vt 0.6293356 0.258593
vt 0.5754424 0.258593
vt 0.5435845 0.3498921
vt 0.6136551 0.4320433
vt 0.6819571 0.258593
vt 0.5391297 0.4201939
vt 0.461328 0.4242468
vt 0.6136551 0.4320433
vt 0.4730181 0.4660602
vt 0.5376421 0.4944667
vt 0.6063254 0.4618215
vt 0.6063254 0.4618215
vt 0.4752264 0.4944667
vt 0.6004478 0.4944667
vt 0.5435845 0.3498921
vt 0.4636335 0.345633
vt 0.5265814 0.258593
vt 0.5754424 0.258593
vt 0.5435845 0.3498921
vt 0.6063254 0.4618215
vt 0.6888184 0.4606935
vt 0.6871559 0.4776043
vt 0.6864994 0.4944667
vt 0.6063254 0.4618215
vt 0.6004478 0.4944667
vt 0.7768581 0.4656954
vt 0.6888184 0.4606935
vt 0.6871559 0.4776043
vt 0.6864994 0.4944667
vt 0.7745218 0.4944667
vt 0.2811201 0.2624316
vt 0.2555646 0.2538818
vt 0.2643789 0.2416423
vt 0.2691991 0.2701617
vt 0.2746149 0.2981535
vt 0.2346044 0.2553675
vt 0.216389 0.2401717
vt 0.2595829 0.2951744
vt 0.2495787 0.3087019
vt 0.2234913 0.2688612
vt 0.2053802 0.2659194
vt 0.2288213 0.2874218
vt 0.2163887 0.2959262
vt 0.220683 0.01391548
vt 0.2421642 0.03561589
vt 0.1835709 0.01391558
vt 0.1855472 0.04543401
vt 0.1368782 0.04304571
vt 0.1336988 0.01391552
vt 0.09081155 0.0429805
vt 0.0897193 0.01391549
vt 0.01479119 0.05415292
vt 0.01479119 0.01391548
vt 0.181066 0.09150758
vt 0.08206433 0.1088425
vt 0.2741753 0.07372321
vt 0.01479119 0.1105538
vt 0.1412552 0.1236936
vt 0.3116206 0.1317641
vt 0.1821493 0.1563058
vt 0.1390041 0.159548
vt 0.01479119 0.1787149
vt 0.08786577 0.1582881
vt 0.2876761 0.1726826
vt 0.1883405 0.1928294
vt 0.1343031 0.2175938
vt 0.2879457 0.1804886
vt 0.1975363 0.2017509
vt 0.06740814 0.2741108
vt 0.1874096 0.2627168
vt 0.1975363 0.2017509
vt 0.1393696 0.2577741
vt 0.01479131 0.3053276
vt 0.3246434 0.1793014
vt 0.3230893 0.1859531
vt 0.01327759 0.5575545
vt 0.01327759 0.4496474
vt 0.05381316 0.453741
vt 0.01327747 0.3926574
vt 0.0502066 0.5535657
vt 0.06715715 0.3855712
vt 0.01327759 0.3185515
vt 0.05740422 0.3185515
vt 0.08764821 0.4629043
vt 0.1198916 0.5500864
vt 0.1372268 0.3948924
vt 0.1153283 0.4616643
vt 0.1367446 0.3185515
vt 0.2184494 0.5352083
vt 0.2423214 0.4539398
vt 0.2402909 0.3185515
vt 0.2356561 0.4000206
vt 0.4221358 0.4002748
vt 0.4221358 0.4713168
vt 0.4221358 0.3185515
vt 0.2881325 0.5335476
vt 0.4221358 0.5230009
vt 0.2879074 0.5427628
vt 0.8410522 0.5933286
vt 0.732915 0.5153074
vt 0.8447263 0.5153075
vt 0.7353059 0.5891581
vt 0.7274837 0.6447326
vt 0.8405043 0.6603739
vt 0.6810246 0.6336771
vt 0.6627942 0.5153075
vt 0.6700124 0.5724519
vt 0.5860168 0.6269479
vt 0.5980866 0.5679728
vt 0.5804653 0.6512834
vt 0.5870134 0.5153075
vt 0.551594 0.5807873
vt 0.5541638 0.6603982
vt 0.5535831 0.5153074
vt 0.5491937 0.6335204
vt 0.530725 0.6146984
vt 0.5234342 0.6294522
vt 0.5412534 0.664624
vt 0.5110896 0.6534039
vt 0.50858 0.5940515
vt 0.502061 0.5153075
vt 0.4743387 0.6225517
vt 0.4876127 0.6581705
vt 0.4954578 0.5569097
vt 0.4704875 0.6040933
vt 0.4539596 0.6282375
vt 0.4388595 0.6510819
vt 0.4580508 0.5717959
vt 0.4680535 0.5389566
vt 0.443947 0.6019709
vt 0.4273898 0.6320111
vt 0.4558839 0.5089457
vt 0.4191223 0.6036493
vt 0.4258087 0.5698309
vt 0.4454609 0.5191369
vt 0.4214544 0.5516133
vt 0.4199829 0.5347096
vt 0.4691845 0.6802658
vt 0.5250786 0.7598497
vt 0.4978556 0.7811133
vt 0.537668 0.7738743
vt 0.506807 0.7894599
vt 0.5250786 0.7598497
vt 0.5537766 0.7553353
vt 0.5693071 0.7658159
vt 0.5775549 0.7526911
vt 0.5250786 0.7598497
vt 0.5820766 0.6793126
vt 0.5250786 0.7598497
vt 0.5820766 0.6793126
vt 0.5895917 0.675567
vt 0.6689668 0.6911112
vt 0.7206465 0.7005756
vt 0.8398686 0.7117338
vt 0.7991542 0.9863929
vt 0.9224671 0.9199326
vt 0.926494 0.9863929
vt 0.8027146 0.9268796
vt 0.9231412 0.835907
vt 0.7998226 0.8488609
vt 0.7428614 0.9221478
vt 0.7380576 0.9863929
vt 0.7488742 0.8583003
vt 0.6620785 0.9156985
vt 0.6654474 0.986393
vt 0.6611582 0.855933
vt 0.634679 0.8848937
vt 0.6112903 0.9344586
vt 0.599683 0.8939437
vt 0.6161664 0.986393
vt 0.5573704 0.986393
vt 0.5409003 0.916012
vt 0.5471711 0.8833061
vt 0.5966097 0.8760905
vt 0.6271451 0.8803582
vt 0.5832255 0.8341982
vt 0.5329823 0.8551166
vt 0.5536545 0.8142341
vt 0.5083976 0.8373393
vt 0.516288 0.8853312
vt 0.5141599 0.919147
vt 0.4926608 0.856133
vt 0.513579 0.986393
vt 0.4839915 0.8869226
vt 0.4826131 0.9208248
vt 0.4802856 0.9502774
vt 0.4570059 0.9103228
vt 0.4969496 0.986393
vt 0.4471779 0.9270397
vt 0.4695818 0.9863931
vt 0.4484235 0.9526925
vt 0.4335223 0.9388295
vt 0.4605284 0.9705808
vt 0.6451596 0.7620071
vt 0.6195396 0.7415719
vt 0.665708 0.784569
vt 0.6941608 0.8105214
vt 0.6639434 0.7663038
vt 0.665708 0.784569
vt 0.7019 0.7959598
vt 0.6451596 0.7620071
vt 0.6639434 0.7663038
vt 0.6195396 0.7415719
vt 0.6292785 0.7342286
vt 0.6639434 0.7663038
vt 0.3530829 0.8493025
vt 0.3796334 0.8579242
vt 0.3693467 0.8628482
vt 0.3975747 0.8483887
vt 0.3848062 0.8686968
vt 0.4243014 0.8292482
vt 0.3385467 0.9283605
vt 0.3773731 0.9005286
vt 0.4005027 0.9118208
vt 0.3961394 0.8806698
vt 0.4192413 0.8495094
vt 0.4095367 0.8353469
vt 0.4234511 0.8388803
vt 0.4095367 0.8353469
vt 0.4243014 0.8292482
vt 0.4327741 0.8416547
vt 0.3975747 0.8483887
vt 0.3693467 0.8628482
vt 0.3796334 0.8579242
vt 0.4243014 0.8292482
vt 0.4095367 0.8353469
vt 0.3848062 0.8686968
vt 0.2759152 0.959199
vt 0.2834721 0.937401
vt 0.2808595 0.9417163
vt 0.2759152 0.959199
vt 0.2849532 0.953433
vt 0.2808595 0.9417164
vt 0.2849532 0.953433
vt 0.2759152 0.959199
vt 0.2834721 0.937401
vt 0.298902 0.9173018
vt 0.3057287 0.9155661
vt 0.3193755 0.8915958
vt 0.3220274 0.8922473
vt 0.3459448 0.855094
vt 0.346116 0.8588804
vt 0.3536617 0.9187563
vt 0.298902 0.9173018
vt 0.3434922 0.9503757
vt 0.2808595 0.9417164
vt 0.2759152 0.959199
vt 0.3371096 0.9782565
vt 0.3746555 0.8218154
vt 0.3773402 0.8288752
vt 0.3944339 0.9780502
vt 0.4137203 0.9333514
vt 0.3942882 0.8123323
vt 0.4235976 0.8994489
vt 0.3950183 0.8208115
vt 0.4365887 0.8430895
vt 0.4084063 0.7866822
vt 0.401221 0.9592661
vt 0.4137203 0.9333514
vt 0.4499446 0.7954314
vt 0.4084063 0.7866822
vt 0.4286738 0.7716065
vt 0.4189818 0.8993052
vt 0.4299028 0.8485523
vt 0.4230102 0.8045639
vt 0.4084063 0.7866822
vt 0.4095067 0.7760055
vt 0.4007629 0.7965427
vt 0.4084063 0.7866822
vt 0.3950183 0.8208115
vt 0.4097572 0.9299949
vt 0.4137203 0.9333514
vt 0.4499446 0.7954314
vt 0.4487924 0.7720341
vt 0.4487924 0.7720341
vt 0.4499446 0.7954314
vt 0.2834721 0.937401
vt 0.2808595 0.9417164
vt 0.306235 0.9151512
vt 0.2808595 0.9417163
vt 0.2834721 0.937401
vt 0.2808595 0.9417163
vt 0.306235 0.9151512
vt 0.2994623 0.9168423
vt 0.3220276 0.8922472
vt 0.3457251 0.9483542
vt 0.2808595 0.9417163
vt 0.2759152 0.959199
vt 0.3536617 0.9187563
vt 0.3193755 0.8915958
vt 0.2994623 0.9168423
vt 0.3461162 0.85888
vt 0.3459448 0.855094
vt 0.3773401 0.8288752
vt 0.3722984 0.8217239
vt 0.4212889 0.899377
vt 0.4117385 0.9316753
vt 0.3950185 0.8208115
vt 0.3922801 0.8122543
vt 0.4332448 0.8458209
vt 0.400763 0.7965426
vt 0.401221 0.9592661
vt 0.3944339 0.9780502
vt 0.3371096 0.9782565
vt 0.2759152 0.959199
vt 0.4353187 0.7999526
vt 0.4084063 0.7866822
vt 0.4285605 0.7716379
vt 0.4487924 0.7720341
vt 0.3922801 0.8122543
vt 0.400763 0.7965426
vt 0.4084063 0.7866822
vt 0.4063767 0.7859839
vt 0.4093274 0.7773514
vt 0.4285605 0.7716379
vt 0.4007629 0.7965427
vt 0.4095067 0.7760055
vt 0.4063767 0.7859839
vt 0.4128167 0.7775227
vt 0.4070599 0.7841184
vt 0.4093274 0.7773514
vt 0.4063767 0.7859839
vt 0.4128167 0.7775227
vt 0.4063767 0.7859839
vt 0.3530829 0.8493025
vt 0.3693467 0.8628482
vt 0.3796334 0.8579242
vt 0.3848062 0.8686968
vt 0.3975747 0.8483887
vt 0.3975747 0.8483887
vt 0.3796334 0.8579242
vt 0.3693467 0.8628482
vt 0.3385467 0.9283605
vt 0.4005027 0.9118208
vt 0.3773731 0.9005286
vt 0.3961394 0.8806698
vt 0.4192413 0.8495094
vn -0.6896363 0.2232317 -0.68889
vn -0.5697673 -0.02665224 -0.8213738
vn 0.5576347 0.453517 -0.6952453
vn -0.1235772 0.7720379 -0.6234471
vn 0.5590695 0.1145081 -0.8211755
vn 0.7028446 -0.06014358 -0.7087963
vn -0.6773317 -0.0782143 -0.7315082
vn -0.594869 -0.5950928 -0.5403661
vn 0.6166297 -0.5837477 -0.5282106
vn 0.04654474 -0.9487733 -0.3125108
vn 0.5590695 0.1145081 -0.8211755
vn 0.9905172 0.1362992 0.01726417
vn 0.5576347 0.453517 -0.6952453
vn 0.7028446 -0.06014358 -0.7087963
vn 0.9208378 -0.06957852 0.3836883
vn 0.6166297 -0.5837477 -0.5282106
vn 0.7608792 0.6429237 0.0878182
vn -0.1394421 0.988992 0.04950604
vn -0.1235772 0.7720379 -0.6234471
vn 0.608424 -0.4954147 0.6199874
vn 0.04654474 -0.9487733 -0.3125108
vn 0.04091749 -0.754368 0.6551752
vn 0.007921229 -0.2770832 0.9608133
vn 0.09983756 -0.6139618 0.7829964
vn 0.04091749 -0.754368 0.6551752
vn 0.1231226 0.9629275 0.2400241
vn 0.9192016 0.323895 0.2239651
vn 0.9257054 -0.3590802 0.1188735
vn 0.9451476 0.318087 0.07427523
vn 0.09983756 -0.6139618 0.7829964
vn 0.07847823 -0.9500871 0.3019531
vn -0.6896363 0.2232317 -0.68889
vn -0.1235772 0.7720379 -0.6234471
vn -0.1394421 0.988992 0.04950604
vn -0.9159731 0.4011923 0.006172469
vn -0.5697673 -0.02665224 -0.8213738
vn -0.9770486 -0.1477648 0.1534328
vn -0.6773317 -0.0782143 -0.7315082
vn -0.9262044 -0.1287476 0.354358
vn -0.594869 -0.5950928 -0.5403661
vn -0.6249457 -0.5074101 0.5932772
vn 0.04654474 -0.9487733 -0.3125108
vn 0.04091749 -0.754368 0.6551752
vn 0.007921229 -0.2770832 0.9608133
vn 0.04091749 -0.754368 0.6551752
vn 0.09983756 -0.6139618 0.7829964
vn 0.1231226 0.9629275 0.2400241
vn -0.8545403 0.5041975 0.1246827
vn -0.7964596 -0.5843835 0.155396
vn -0.9898085 -0.1158628 0.08279454
vn -0.98117 -0.1903712 0.03262287
vn 0.07847823 -0.9500871 0.3019531
vn 0.09983756 -0.6139618 0.7829964
vn 0.9529072 0.2981927 0.0552175
vn 0.1231226 0.9629275 0.2400241
vn 0.9451476 0.318087 0.07427523
vn 0.08229536 0.9964327 0.01868957
vn 0.4076397 0.01219653 -0.9130614
vn 0.8630133 -0.5045114 0.0260039
vn 0.9257054 -0.3590802 0.1188735
vn 0.07847823 -0.9500871 0.3019531
vn 0.0362061 -0.9989505 0.02805544
vn -0.7744161 -0.6305845 -0.05140936
vn -0.7964596 -0.5843835 0.155396
vn -0.02107931 -0.3396002 -0.9403337
vn 0.2745607 -0.3111426 -0.9098388
vn -0.3841706 -0.3647326 -0.8481646
vn 0.1587493 0.2308917 -0.9599415
vn 0.08229536 0.9964327 0.01868957
vn -0.8545403 0.5041975 0.1246827
vn -0.211826 0.2001879 -0.9565848
vn 0.08229536 0.9964327 0.01868957
vn -0.9804247 0.1857851 -0.06520171
vn -0.3841706 -0.3647326 -0.8481646
vn -0.7744161 -0.6305845 -0.05140936
vn -0.7964596 -0.5843835 0.155396
vn -0.98117 -0.1903712 0.03262287
vn 0.0122256 0.9702222 0.2419079
vn 0.4680159 0.8491946 0.244601
vn 0.4692162 0.5718781 0.6728978
vn 0.809638 0.4687833 0.3531691
vn 0 0.6667648 0.7452682
vn 0.6054366 0.1448664 0.7825984
vn 0.9165316 0.0539814 0.3963025
vn 0.8652585 -0.2617964 0.4275398
vn 0.5834643 -0.2427099 0.7750235
vn 0.5526945 -0.4919386 0.6726999
vn 0.5948818 -0.6080688 0.5257071
vn -0.01652299 -0.6756496 0.7370377
vn 0.03149666 -0.7227265 0.6904162
vn 0 -0.2881831 0.9575753
vn 0 0.2121079 0.9772463
vn 0.7182232 -0.6394208 -0.2744024
vn 0.6626128 -0.2889567 -0.6909764
vn 0 -0.6530381 -0.757325
vn 0 -0.9437011 -0.3307995
vn 0.6850263 -0.6590376 -0.3104969
vn 0.573081 -0.7647843 -0.2944202
vn 0 -0.9545303 -0.2981142
vn 0.7601259 -0.5371924 -0.3655582
vn 0.8392869 -0.1923392 -0.5085303
vn 0 -0.9800462 -0.1987702
vn 0.6592184 -0.7146094 -0.2340183
vn 0.4627862 -0.86487 -0.1944962
vn 0.832886 -0.5106784 -0.213327
vn 0.8958983 -0.03207422 -0.4430999
vn 0 -0.9675699 -0.2526034
vn 0.6426985 -0.7566531 -0.1200612
vn 0.5023872 -0.8607949 -0.0814815
vn 0 -0.9931826 -0.1165693
vn 0.5815244 -0.8110079 0.06399726
vn 0 -0.9586958 -0.2844335
vn 0.9321973 -0.3538533 -0.07613217
vn 0.6242071 -0.7267678 -0.2866602
vn 0.3849423 -0.915661 0.1156906
vn 0.5511028 -0.6469319 -0.527034
vn 0.4460872 -0.4955778 -0.7452576
vn 0.9035869 0.02368896 -0.4277494
vn 0 -0.9152014 -0.4029967
vn 0.8050314 -0.5388921 -0.2480312
vn 0.8497557 -0.5210198 0.08033516
vn 0.4516033 -0.3997403 -0.7976605
vn 0.6209835 -0.7491367 0.2305939
vn 0 -0.9432312 0.3321367
vn 0.7829744 -0.519267 0.3425097
vn 0 -0.8729188 0.4878655
vn 0 -0.9432312 0.3321367
vn 0.6538529 -0.7341924 -0.1828604
vn 0.1663688 -0.5389621 -0.8257369
vn 0.1649636 -0.3727786 -0.9131392
vn 0.1021519 -0.312312 -0.9444714
vn 0.6212993 -0.7528924 -0.2171182
vn 0.8163188 -0.5747697 -0.05712646
vn 0 -0.8729188 0.4878655
vn 0 -0.999966 -0.008240743
vn 0.249957 -0.459493 -0.8522838
vn -0.06032292 -0.7061912 -0.7054468
vn 0.707984 -0.5693691 0.4178248
vn 0.8822676 0.1634517 -0.4414607
vn 0.8979008 0.1984569 0.3929235
vn 0.9432308 -0.1873775 -0.2742359
vn 0.5935932 0.2710393 -0.7577499
vn 0.6668243 0.6517382 0.3613622
vn 0 0.9408769 0.3387486
vn -0.098636 0.2752284 -0.9563056
vn 0.1081356 -0.2968448 -0.9487835
vn 0.7811837 -0.3807328 -0.494767
vn 0.430426 -0.8814308 0.1944561
vn 0 -0.9251553 -0.3795889
vn 0 -0.09650449 -0.9953325
vn 0 -0.6530381 -0.757325
vn 0 -0.5946973 -0.8039497
vn 0 -0.9251553 -0.3795889
vn 0 -0.9992779 0.03799729
vn 0 -0.5946973 -0.8039497
vn -0.6626128 -0.2889567 -0.6909764
vn 0 -0.6530381 -0.757325
vn -0.7811837 -0.3807328 -0.494767
vn 0 -0.5946973 -0.8039497
vn -0.8392869 -0.1923392 -0.5085303
vn -0.7601259 -0.5371924 -0.3655582
vn -0.6850263 -0.6590376 -0.3104969
vn -0.7182232 -0.6394208 -0.2744024
vn 0 -0.6530381 -0.757325
vn 0 -0.9437011 -0.3307995
vn -0.573081 -0.7647843 -0.2944202
vn 0 -0.9545303 -0.2981142
vn 0 -0.9800462 -0.1987702
vn -0.6592184 -0.7146094 -0.2340183
vn -0.4627862 -0.86487 -0.1944962
vn -0.832886 -0.5106784 -0.213327
vn -0.8958983 -0.03207422 -0.4430999
vn 0 -0.9675699 -0.2526034
vn -0.6426985 -0.7566531 -0.1200612
vn -0.5023872 -0.8607949 -0.0814815
vn 0 -0.9931826 -0.1165693
vn -0.5815244 -0.8110079 0.06399726
vn 0 -0.9586958 -0.2844335
vn -0.9321973 -0.3538533 -0.07613217
vn -0.6242071 -0.7267678 -0.2866602
vn -0.3849423 -0.915661 0.1156906
vn -0.5511028 -0.6469319 -0.527034
vn -0.4756872 -0.475413 -0.7400703
vn -0.9035869 0.02368896 -0.4277494
vn 0 -0.9152014 -0.4029967
vn -0.8050314 -0.5388921 -0.2480312
vn -0.8497557 -0.5210198 0.08033516
vn -0.5022182 -0.3695053 -0.7818201
vn -0.6209835 -0.7491367 0.2305939
vn 0 -0.9432312 0.3321367
vn -0.7829744 -0.519267 0.3425097
vn 0 -0.8729188 0.4878655
vn 0 -0.9432312 0.3321367
vn -0.6538529 -0.7341924 -0.1828604
vn -0.2749318 -0.5880633 -0.7606537
vn -0.2831656 -0.408637 -0.8676596
vn -0.1840762 -0.2337876 -0.9547038
vn -0.6212993 -0.7528924 -0.2171182
vn -0.8163188 -0.5747697 -0.05712646
vn 0 -0.8729188 0.4878655
vn 0 -0.999966 -0.008240743
vn -0.09617648 -0.3818424 -0.9192097
vn -0.06032292 -0.7061912 -0.7054468
vn -0.8671888 -0.4979765 0.001757725
vn 0.03190779 -0.03901759 -0.9987289
vn -0.90004 0.3108611 -0.3054396
vn 0.00839699 -0.7326204 -0.6805856
vn -0.8756229 0.3930945 0.2806442
vn -0.1897573 0.5957162 -0.7804578
vn 0.7182235 -0.6162822 -0.3230345
vn 0.6875564 0.4659486 -0.5569184
vn -0.5555958 -0.8223636 0.1226038
vn -0.4448455 0.8922912 -0.07699937
vn 0.9109691 0.3855593 -0.1465584
vn 0.7521439 -0.648834 -0.1152991
vn -0.612484 -0.7808921 -0.1227633
vn -0.203365 0.9406403 -0.2717322
vn 0.8225446 0.5217447 0.2262806
vn 0.7298558 -0.6517213 0.2063247
vn -0.3905154 0.9112123 -0.13111
vn -0.2418835 -0.8912143 -0.3837049
vn -0.5986828 0.7580678 -0.2586737
vn 0.5774739 -0.6592747 0.48154
vn -0.3266099 -0.9228463 0.2041585
vn -0.3547769 -0.9193196 0.1702491
vn 0.9624164 0.03191938 -0.2696958
vn -0.402522 -0.9102315 -0.09723555
vn 0.8986644 -0.05343945 -0.4353694
vn -0.3422013 -0.9113079 -0.2289457
vn -0.0490313 -0.3282635 -0.9433128
vn -0.5686724 0.6116571 -0.5499883
vn -0.7076038 0.6689045 -0.2277358
vn -0.8279014 0.5066537 -0.2405855
vn -0.7772212 -0.620987 0.1015005
vn -0.111948 -0.948112 0.2975755
vn 0.8737164 0.04572425 0.4842818
vn 0.6721264 0.641332 0.3700533
vn -0.09130756 0.9958165 0.003536954
vn 0.6721264 0.641332 0.3700533
vn -0.90004 0.3108611 -0.3054396
vn -0.5555958 -0.8223636 0.1226038
vn -0.8671888 -0.4979765 0.001757725
vn -0.4448455 0.8922912 -0.07699937
vn -0.203365 0.9406403 -0.2717322
vn -0.612484 -0.7808921 -0.1227633
vn -0.3905154 0.9112123 -0.13111
vn -0.2418835 -0.8912143 -0.3837049
vn -0.8316085 0.3878805 -0.3974619
vn -0.8279014 0.5066537 -0.2405855
vn -0.7076038 0.6689045 -0.2277358
vn 0.9624164 0.03191938 -0.2696958
vn -0.5686724 0.6116571 -0.5499883
vn 0.8986644 -0.05343945 -0.4353694
vn -0.0490313 -0.3282635 -0.9433128
vn -0.5986828 0.7580678 -0.2586737
vn -0.7772212 -0.620987 0.1015005
vn -0.910551 0.03653882 -0.4117787
vn -0.09130756 0.9958165 0.003536954
vn -0.111948 -0.948112 0.2975755
vn -0.8756229 0.3930945 0.2806442
vn -0.8351297 -0.03048931 -0.5492075
vn -0.910551 0.03653882 -0.4117787
vn -0.09130756 0.9958165 0.003536954
vn 0.03512295 0.9928989 -0.1136583
vn -0.9400767 -0.0556684 -0.336388
vn 0.03512295 0.9928989 -0.1136583
vn 0.06298142 0.9923767 -0.1059335
vn 0.8926057 -0.04244879 0.4488355
vn 0.03512295 0.9928989 -0.1136583
vn 0.9615518 0.01334739 0.2742991
vn 0.8737164 0.04572425 0.4842818
vn -0.111948 -0.948112 0.2975755
vn 0.04899859 -0.9956102 -0.07974736
vn 0.8926057 -0.04244879 0.4488355
vn -0.09130756 0.9958165 0.003536954
vn -0.9400767 -0.0556684 -0.336388
vn -0.02555115 -0.9955777 0.09040001
vn 0.8926057 -0.04244879 0.4488355
vn -0.9580842 -0.1008713 -0.268141
vn 0.3069703 -0.3250568 -0.8944871
vn 0.8829975 -0.1283983 0.4514745
vn 0.8829975 -0.1283983 0.4514745
vn 0.0951812 -0.05006615 -0.9942001
vn 0.2953748 0.04900298 -0.9541239
vn 0.04899859 -0.9956102 -0.07974736
vn -0.8351297 -0.03048931 -0.5492075
vn -0.910551 0.03653882 -0.4117787
vn 0.04899859 -0.9956102 -0.07974736
vn -0.111948 -0.948112 0.2975755
vn 0.8829975 -0.1283983 0.4514745
vn 0.06298142 0.9923767 -0.1059335
vn -0.01072791 0.9996593 0.02379423
vn 0.2913747 0.1315358 -0.9475226
vn 0.8829975 -0.1283983 0.4514745
vn 0.2953748 0.04900298 -0.9541239
vn -0.9580842 -0.1008713 -0.268141
vn 0.06298142 0.9923767 -0.1059335
vn -0.01072791 0.9996593 0.02379423
vn 0.2913747 0.1315358 -0.9475226
vn 0.0951812 -0.05006615 -0.9942001
vn -0.5813098 0.3393055 -0.7395612
vn -0.5655242 -0.2088456 -0.7978508
vn -0.3841706 -0.3647326 -0.8481646
vn -0.211826 0.2001879 -0.9565848
vn -0.02969813 0.6597184 -0.7509259
vn -0.02107931 -0.3396002 -0.9403337
vn -0.06542495 -0.6470581 -0.7596285
vn 0.1587493 0.2308917 -0.9599415
vn 0.564825 0.4013445 -0.7210376
vn 0.2745607 -0.3111426 -0.9098388
vn 0.5893639 -0.4469651 -0.6729579
vn 0.4076397 0.01219653 -0.9130614
vn 0.8337569 0.1382274 -0.5345491
vn -0.5655242 -0.2088456 -0.7978508
vn -0.5813098 0.3393055 -0.7395612
vn -0.8286103 -0.3791228 -0.4119111
vn -0.8895437 0.4201907 -0.1793087
vn -0.2576052 0.9641719 -0.06334101
vn -0.02969813 0.6597184 -0.7509259
vn 0.5768194 0.8167151 0.01599777
vn 0.564825 0.4013445 -0.7210376
vn 0.9853297 0.07188328 0.1547839
vn 0.8337569 0.1382274 -0.5345491
vn -0.8277596 0.5230771 -0.2029885
vn 0.6542687 0.7438094 0.1366747
vn -0.8505483 -0.4186731 -0.3182459
vn 0.9896846 0.1165842 0.08326236
vn -0.07384101 0.996462 -0.04013614
vn -0.7497621 -0.6270558 -0.2113242
vn -0.7802188 0.6185089 -0.09330212
vn 0.06098306 0.9964796 0.0575296
vn 0.9870359 -0.01480173 0.1598158
vn 0.674818 0.7220808 0.1523812
vn -0.7108109 -0.09916316 -0.696358
vn -0.3656588 0.7882466 -0.4949354
vn 0.319204 0.9444329 -0.0784556
vn 0 -0.1732826 -0.9848721
vn 0 0.5637665 -0.8259343
vn 0.8278351 0.5388449 0.1559975
vn 0 0.9139092 -0.4059188
vn 0 0.5637665 -0.8259343
vn 0.4539068 0.8616997 -0.2268085
vn 0.9675761 -0.1960977 0.1591927
vn -0.2386618 -0.8962637 -0.3738342
vn 0 -0.737071 -0.6758152
vn -0.5655242 -0.2088456 -0.7978508
vn -0.02627036 -0.9497927 -0.3117753
vn -0.06542495 -0.6470581 -0.7596285
vn 0.5893639 -0.4469651 -0.6729579
vn -0.8286103 -0.3791228 -0.4119111
vn 0.7780454 -0.6268633 -0.04108298
vn 0.8337569 0.1382274 -0.5345491
vn 0.9853297 0.07188328 0.1547839
vn -0.1187463 -0.9623947 -0.2443275
vn -0.8505483 -0.4186731 -0.3182459
vn 0.7250541 -0.6882242 -0.02537879
vn -0.0965617 -0.9944587 -0.04156575
vn 0.9896846 0.1165842 0.08326236
vn -0.7497621 -0.6270558 -0.2113242
vn 0.1298617 -0.9908716 -0.03618439
vn 0.9870359 -0.01480173 0.1598158
vn 0.6549076 -0.7451386 0.1259539
vn 0.663663 -0.7421296 0.09378181
vn 0.2292059 -0.9715003 -0.06042951
vn 0.9675761 -0.1960977 0.1591927
vn -0.2386618 -0.8962637 -0.3738342
vn 0 -0.9771739 -0.212441
vn 0 -0.737071 -0.6758152
vn 0.5695481 -0.8194137 0.06462348
vn 0 -0.9999595 0.009002813
vn 0 -0.9996392 0.02686203
vn 0.5601839 -0.8235179 0.08951175
vn 0.9391828 -0.3098412 0.1481014
vn 0.9731024 -0.1872113 0.134252
vn 0.911135 -0.3818473 0.1550023
vn 0 -0.9957021 0.09261414
vn 0.5680405 -0.8113394 0.1380525
vn 0.9150081 -0.3998338 0.05378705
vn 0.5626729 -0.8246963 0.05722898
vn 0.9896498 0.06576207 0.1275486
vn 0 -0.998317 0.05799242
vn 0.5694953 -0.8178232 0.08270644
vn 0.905643 0.03647813 -0.422469
vn 0 -0.9786925 0.2053319
vn 0.9615824 -0.2449808 -0.1238696
vn 0.7654265 -0.6403238 -0.06408997
vn 0.6596722 -0.7359501 -0.1523484
vn -0.3083132 -0.705997 -0.6375823
vn 0.4828708 -0.8753415 -0.0247561
vn 0.6442401 -0.7148122 0.2720262
vn 0 -0.8971717 0.441682
vn 0.5018587 -0.8231114 0.2657548
vn 0.7546098 -0.6074944 0.2480215
vn 0.351999 -0.8356953 0.4215567
vn 0.4459318 -0.8022848 0.3968424
vn 0.6507581 -0.6372669 0.4128013
vn 0.9214218 -0.1097899 0.3727306
vn 0.4362981 -0.690997 0.5763395
vn 0.2481929 -0.751518 0.6112454
vn 0.456633 -0.5667624 0.6857598
vn 0.6122621 0.0483353 0.789176
vn 0 -0.9992779 0.03799729
vn 0.4234249 0.1909991 0.885568
vn 0.463352 -0.2654471 0.8454837
vn 0.430426 -0.8814308 0.1944561
vn 0.5724654 -0.2836399 0.7693061
vn 0.707984 -0.5693691 0.4178248
vn 0.9485132 -0.07520431 0.3076802
vn 0.4475962 -0.7002252 -0.5561854
vn 0.9356769 -0.03983059 -0.3506028
vn 0.3069703 -0.3250568 -0.8944871
vn 0.2953748 0.04900298 -0.9541239
vn 0.4475962 -0.7002252 -0.5561854
vn -0.2578529 -0.4179175 -0.8711239
vn 0.0951812 -0.05006615 -0.9942001
vn -0.4559322 -0.05243786 -0.8884684
vn 0.4475962 -0.7002252 -0.5561854
vn 0.3535415 0.5864851 -0.7287273
vn 0.4475962 -0.7002252 -0.5561854
vn 0.3535415 0.5864851 -0.7287273
vn 0.9444491 0.3066655 -0.1182046
vn 0.9452052 0.3118146 0.09674075
vn 0.9264119 0.3583469 0.1155353
vn 0.8966717 0.4236777 0.1283628
vn 0 0.9879503 0.1547713
vn 0 0.9880739 0.1539809
vn 0.4932683 0.8518898 0.1759829
vn 0.4441104 0.8830504 0.1516173
vn 0.8966717 0.4236777 0.1283628
vn 0.9264119 0.3583469 0.1155353
vn 0.4681288 0.8756743 0.1185324
vn 0 0.9906578 0.1363712
vn 0.9452052 0.3118146 0.09674075
vn 0.5647075 0.823856 0.04864897
vn 0 0.9983169 0.05799429
vn 0.9896498 0.06576207 0.1275486
vn 0.9444491 0.3066655 -0.1182046
vn 0.1298339 0.9912211 -0.02498027
vn 0.2259995 0.9435267 -0.2422428
vn 0 0.9998728 -0.01594717
vn 0 0.9957035 0.09259893
vn 0.237406 0.9316601 0.2750415
vn 0.3360176 0.9091705 0.2459699
vn 0.06035107 0.977996 -0.1997038
vn 0.3535415 0.5864851 -0.7287273
vn 0.5879595 0.7830378 0.2028683
vn 0.6616138 0.6629713 0.3503373
vn 0.9485132 -0.07520431 0.3076802
vn 0.9214218 -0.1097899 0.3727306
vn 0.3282492 0.6638198 0.6720088
vn 0.3171936 0.705601 0.6336524
vn 0.6122621 0.0483353 0.789176
vn 0 0.8929733 0.4501097
vn 0.4234249 0.1909991 0.885568
vn 0.4285166 0.3797637 0.8198495
vn 0.493477 0.5735325 0.6538661
vn 0.463352 -0.2654471 0.8454837
vn 0 0.9015046 0.4327697
vn 0.5724654 -0.2836399 0.7693061
vn 0 0.9408769 0.3387486
vn 0.8979008 0.1984569 0.3929235
vn 0.707984 -0.5693691 0.4178248
vn 0.6668243 0.6517382 0.3613622
vn 0.7295009 0.4807056 -0.4865702
vn 0.9356769 -0.03983059 -0.3506028
vn 0.08228472 0.6618754 -0.745084
vn -0.4559322 -0.05243786 -0.8884684
vn 0.2913747 0.1315358 -0.9475226
vn 0.08228472 0.6618754 -0.745084
vn 0.0951812 -0.05006615 -0.9942001
vn 0.2913747 0.1315358 -0.9475226
vn 0.7295009 0.4807056 -0.4865702
vn 0.9356769 -0.03983059 -0.3506028
vn 0.2953748 0.04900298 -0.9541239
vn 0.2913747 0.1315358 -0.9475226
vn 0.6896363 0.2232317 -0.68889
vn -0.5576347 0.453517 -0.6952453
vn 0.5697673 -0.02665224 -0.8213738
vn 0.1235772 0.7720379 -0.6234471
vn -0.5590695 0.1145081 -0.8211755
vn -0.7028446 -0.06014358 -0.7087963
vn 0.6773317 -0.0782143 -0.7315082
vn 0.594869 -0.5950928 -0.5403661
vn -0.6166297 -0.5837477 -0.5282106
vn -0.04654474 -0.9487733 -0.3125108
vn -0.5590695 0.1145081 -0.8211755
vn -0.5576347 0.453517 -0.6952453
vn -0.9905172 0.1362992 0.01726417
vn -0.7028446 -0.06014358 -0.7087963
vn -0.9208378 -0.06957852 0.3836883
vn -0.6166297 -0.5837477 -0.5282106
vn -0.7608792 0.6429237 0.0878182
vn 0.1394421 0.988992 0.04950604
vn 0.1235772 0.7720379 -0.6234471
vn -0.608424 -0.4954147 0.6199874
vn -0.04654474 -0.9487733 -0.3125108
vn -0.04091749 -0.754368 0.6551752
vn -0.007921229 -0.2770832 0.9608133
vn -0.09983756 -0.6139618 0.7829964
vn -0.04091749 -0.754368 0.6551752
vn -0.1231226 0.9629275 0.2400241
vn -0.9192016 0.323895 0.2239651
vn -0.9257054 -0.3590802 0.1188735
vn -0.9451476 0.318087 0.07427523
vn -0.07847823 -0.9500871 0.3019531
vn -0.09983756 -0.6139618 0.7829964
vn 0.6896363 0.2232317 -0.68889
vn 0.1394421 0.988992 0.04950604
vn 0.1235772 0.7720379 -0.6234471
vn 0.9159731 0.4011923 0.006172469
vn 0.5697673 -0.02665224 -0.8213738
vn 0.9770486 -0.1477648 0.1534328
vn 0.6773317 -0.0782143 -0.7315082
vn 0.9262044 -0.1287476 0.354358
vn 0.594869 -0.5950928 -0.5403661
vn 0.6249457 -0.5074101 0.5932772
vn -0.04654474 -0.9487733 -0.3125108
vn -0.04091749 -0.754368 0.6551752
vn -0.007921229 -0.2770832 0.9608133
vn -0.04091749 -0.754368 0.6551752
vn -0.09983756 -0.6139618 0.7829964
vn -0.1231226 0.9629275 0.2400241
vn 0.8545403 0.5041975 0.1246827
vn 0.7964596 -0.5843835 0.155396
vn 0.9898085 -0.1158628 0.08279454
vn 0.98117 -0.1903712 0.03262287
vn -0.09983756 -0.6139618 0.7829964
vn -0.07847823 -0.9500871 0.3019531
vn -0.9529072 0.2981927 0.0552175
vn -0.9451476 0.318087 0.07427523
vn -0.1231226 0.9629275 0.2400241
vn -0.08229536 0.9964327 0.01868957
vn -0.4076397 0.01219653 -0.9130614
vn -0.8630133 -0.5045114 0.0260039
vn -0.9257054 -0.3590802 0.1188735
vn -0.07847823 -0.9500871 0.3019531
vn -0.0362061 -0.9989505 0.02805544
vn 0.7744161 -0.6305845 -0.05140936
vn 0.7964596 -0.5843835 0.155396
vn 0.02107931 -0.3396002 -0.9403337
vn -0.2745607 -0.3111426 -0.9098388
vn 0.3841706 -0.3647326 -0.8481646
vn -0.1587493 0.2308917 -0.9599415
vn 0.8545403 0.5041975 0.1246827
vn -0.08229536 0.9964327 0.01868957
vn 0.211826 0.2001879 -0.9565848
vn -0.08229536 0.9964327 0.01868957
vn 0.9804247 0.1857851 -0.06520171
vn 0.3841706 -0.3647326 -0.8481646
vn 0.7744161 -0.6305845 -0.05140936
vn 0.7964596 -0.5843835 0.155396
vn 0.98117 -0.1903712 0.03262287
vn 0.0122256 0.9702222 0.2419079
vn -0.4850922 0.564876 0.6675333
vn -0.4090372 0.8587608 0.3085749
vn -0.3099394 0.2649434 0.9130951
vn 0 0.6667648 0.7452682
vn -0.6239085 0.1433962 0.7682289
vn -0.2424467 0.09280545 0.9657156
vn -0.291533 -0.1231727 0.9485974
vn -0.599142 -0.2424156 0.7630621
vn -0.5729664 -0.5229697 0.6310405
vn 0.1160982 0.1558003 0.9809421
vn -0.01652299 -0.6756496 0.7370377
vn 0.03149666 -0.7227265 0.6904162
vn 0 -0.2881831 0.9575753
vn 0 0.2121079 0.9772463
vn -0.707984 -0.5693691 0.4178248
vn -0.8979008 0.1984569 0.3929235
vn -0.8822676 0.1634517 -0.4414607
vn -0.9432308 -0.1873775 -0.2742359
vn -0.5313467 0.3677995 -0.7631477
vn -0.6668243 0.6517382 0.3613622
vn 0 0.9408769 0.3387486
vn -0.098636 0.2752284 -0.9563056
vn -0.2053709 -0.3165884 -0.9260641
vn -0.430426 -0.8814308 0.1944561
vn 0 -0.9251553 -0.3795889
vn 0 -0.9251553 -0.3795889
vn 0 -0.9992779 0.03799729
vn 0 -0.5946973 -0.8039497
vn 0.8671888 -0.4979765 0.001757725
vn 0.90004 0.3108611 -0.3054396
vn -0.03190779 -0.03901759 -0.9987289
vn -0.00839699 -0.7326204 -0.6805856
vn 0.8756229 0.3930945 0.2806442
vn 0.1897573 0.5957162 -0.7804578
vn -0.7182235 -0.6162822 -0.3230345
vn -0.6875564 0.4659486 -0.5569184
vn 0.5555958 -0.8223636 0.1226038
vn 0.4448455 0.8922912 -0.07699937
vn -0.9109691 0.3855593 -0.1465584
vn -0.7521439 -0.648834 -0.1152991
vn 0.612484 -0.7808921 -0.1227633
vn 0.203365 0.9406403 -0.2717322
vn -0.8225446 0.5217447 0.2262806
vn -0.7298558 -0.6517213 0.2063247
vn 0.3905154 0.9112123 -0.13111
vn 0.2418835 -0.8912143 -0.3837049
vn 0.5986828 0.7580678 -0.2586737
vn -0.5774739 -0.6592747 0.48154
vn 0.3266099 -0.9228463 0.2041585
vn 0.3547769 -0.9193196 0.1702491
vn -0.9624164 0.03191938 -0.2696958
vn 0.402522 -0.9102315 -0.09723555
vn -0.8986644 -0.05343945 -0.4353694
vn 0.3422013 -0.9113079 -0.2289457
vn 0.0490313 -0.3282635 -0.9433128
vn 0.5686724 0.6116571 -0.5499883
vn 0.7076038 0.6689045 -0.2277358
vn 0.8279014 0.5066537 -0.2405855
vn 0.7772212 -0.620987 0.1015005
vn 0.111948 -0.948112 0.2975755
vn -0.8737164 0.04572425 0.4842818
vn -0.6721264 0.641332 0.3700533
vn 0.09130756 0.9958165 0.003536954
vn -0.6721264 0.641332 0.3700533
vn 0.90004 0.3108611 -0.3054396
vn 0.8671888 -0.4979765 0.001757725
vn 0.5555958 -0.8223636 0.1226038
vn 0.4448455 0.8922912 -0.07699937
vn 0.203365 0.9406403 -0.2717322
vn 0.612484 -0.7808921 -0.1227633
vn 0.3905154 0.9112123 -0.13111
vn 0.2418835 -0.8912143 -0.3837049
vn 0.8316085 0.3878805 -0.3974619
vn 0.8279014 0.5066537 -0.2405855
vn 0.7076038 0.6689045 -0.2277358
vn -0.9624164 0.03191938 -0.2696958
vn 0.5686724 0.6116571 -0.5499883
vn -0.8986644 -0.05343945 -0.4353694
vn 0.0490313 -0.3282635 -0.9433128
vn 0.5986828 0.7580678 -0.2586737
vn 0.7772212 -0.620987 0.1015005
vn 0.910551 0.03653882 -0.4117787
vn 0.09130756 0.9958165 0.003536954
vn 0.111948 -0.948112 0.2975755
vn 0.8756229 0.3930945 0.2806442
vn 0.8351297 -0.03048931 -0.5492075
vn 0.09130756 0.9958165 0.003536954
vn 0.910551 0.03653882 -0.4117787
vn -0.03512295 0.9928989 -0.1136583
vn 0.9400767 -0.0556684 -0.336388
vn -0.03512295 0.9928989 -0.1136583
vn -0.06298142 0.9923767 -0.1059335
vn -0.8926057 -0.04244879 0.4488355
vn -0.9615518 0.01334739 0.2742991
vn -0.03512295 0.9928989 -0.1136583
vn -0.8737164 0.04572425 0.4842818
vn 0.111948 -0.948112 0.2975755
vn -0.04899859 -0.9956102 -0.07974736
vn -0.8926057 -0.04244879 0.4488355
vn 0.09130756 0.9958165 0.003536954
vn 0.02555115 -0.9955777 0.09040001
vn 0.9400767 -0.0556684 -0.336388
vn -0.8926057 -0.04244879 0.4488355
vn 0.9580842 -0.1008713 -0.268141
vn -0.3069703 -0.3250568 -0.8944871
vn -0.8829975 -0.1283983 0.4514745
vn -0.8829975 -0.1283983 0.4514745
vn -0.0951812 -0.05006615 -0.9942001
vn -0.2953748 0.04900298 -0.9541239
vn -0.04899859 -0.9956102 -0.07974736
vn 0.8351297 -0.03048931 -0.5492075
vn 0.910551 0.03653882 -0.4117787
vn 0.111948 -0.948112 0.2975755
vn -0.04899859 -0.9956102 -0.07974736
vn -0.8829975 -0.1283983 0.4514745
vn -0.06298142 0.9923767 -0.1059335
vn 0.01072791 0.9996593 0.02379423
vn -0.2913747 0.1315358 -0.9475226
vn -0.8829975 -0.1283983 0.4514745
vn -0.2953748 0.04900298 -0.9541239
vn 0.9580842 -0.1008713 -0.268141
vn -0.06298142 0.9923767 -0.1059335
vn 0.01072791 0.9996593 0.02379423
vn -0.2913747 0.1315358 -0.9475226
vn -0.0951812 -0.05006615 -0.9942001
vn 0.5813098 0.3393055 -0.7395612
vn 0.3841706 -0.3647326 -0.8481646
vn 0.5655242 -0.2088456 -0.7978508
vn 0.211826 0.2001879 -0.9565848
vn 0.02969813 0.6597184 -0.7509259
vn 0.02107931 -0.3396002 -0.9403337
vn 0.06542495 -0.6470581 -0.7596285
vn -0.1587493 0.2308917 -0.9599415
vn -0.564825 0.4013445 -0.7210376
vn -0.2745607 -0.3111426 -0.9098388
vn -0.5893639 -0.4469651 -0.6729579
vn -0.4076397 0.01219653 -0.9130614
vn -0.8337569 0.1382274 -0.5345491
vn 0.5655242 -0.2088456 -0.7978508
vn 0.8286103 -0.3791228 -0.4119111
vn 0.5813098 0.3393055 -0.7395612
vn 0.8895437 0.4201907 -0.1793087
vn 0.2576052 0.9641719 -0.06334101
vn 0.02969813 0.6597184 -0.7509259
vn -0.5768194 0.8167151 0.01599777
vn -0.564825 0.4013445 -0.7210376
vn -0.9853297 0.07188328 0.1547839
vn -0.8337569 0.1382274 -0.5345491
vn 0.8277596 0.5230771 -0.2029885
vn -0.6542687 0.7438094 0.1366747
vn 0.8505483 -0.4186731 -0.3182459
vn -0.9896846 0.1165842 0.08326236
vn 0.07384101 0.996462 -0.04013614
vn 0.7497621 -0.6270558 -0.2113242
vn 0.7802188 0.6185089 -0.09330212
vn -0.06098306 0.9964796 0.0575296
vn -0.9870359 -0.01480173 0.1598158
vn -0.674818 0.7220808 0.1523812
vn 0.7108109 -0.09916316 -0.696358
vn 0.3656588 0.7882466 -0.4949354
vn -0.319204 0.9444329 -0.0784556
vn 0 -0.1732826 -0.9848721
vn 0 0.5637665 -0.8259343
vn -0.8278351 0.5388449 0.1559975
vn 0 0.9139092 -0.4059188
vn 0 0.5637665 -0.8259343
vn -0.4539068 0.8616997 -0.2268085
vn -0.9675761 -0.1960977 0.1591927
vn 0.2386618 -0.8962637 -0.3738342
vn 0 -0.737071 -0.6758152
vn 0.5655242 -0.2088456 -0.7978508
vn 0.06542495 -0.6470581 -0.7596285
vn 0.02627036 -0.9497927 -0.3117753
vn -0.5893639 -0.4469651 -0.6729579
vn 0.8286103 -0.3791228 -0.4119111
vn -0.7780454 -0.6268633 -0.04108298
vn -0.8337569 0.1382274 -0.5345491
vn -0.9853297 0.07188328 0.1547839
vn 0.1187463 -0.9623947 -0.2443275
vn 0.8505483 -0.4186731 -0.3182459
vn -0.7250541 -0.6882242 -0.02537879
vn 0.0965617 -0.9944587 -0.04156575
vn -0.9896846 0.1165842 0.08326236
vn 0.7497621 -0.6270558 -0.2113242
vn -0.1298617 -0.9908716 -0.03618439
vn -0.9870359 -0.01480173 0.1598158
vn -0.6549076 -0.7451386 0.1259539
vn -0.663663 -0.7421296 0.09378181
vn -0.2292059 -0.9715003 -0.06042951
vn -0.9675761 -0.1960977 0.1591927
vn 0.2386618 -0.8962637 -0.3738342
vn 0 -0.9771739 -0.212441
vn 0 -0.737071 -0.6758152
vn -0.5695481 -0.8194137 0.06462348
vn 0 -0.9996392 0.02686203
vn 0 -0.9999595 0.009002813
vn -0.5601839 -0.8235179 0.08951175
vn -0.9391828 -0.3098412 0.1481014
vn -0.9731024 -0.1872113 0.134252
vn -0.911135 -0.3818473 0.1550023
vn 0 -0.9957021 0.09261414
vn -0.5680405 -0.8113394 0.1380525
vn -0.9150081 -0.3998338 0.05378705
vn -0.5626729 -0.8246963 0.05722898
vn -0.9896498 0.06576207 0.1275486
vn 0 -0.998317 0.05799242
vn -0.5694953 -0.8178232 0.08270644
vn -0.905643 0.03647813 -0.422469
vn 0 -0.9786925 0.2053319
vn -0.9615824 -0.2449808 -0.1238696
vn -0.7654265 -0.6403238 -0.06408997
vn -0.6596722 -0.7359501 -0.1523484
vn 0.3083132 -0.705997 -0.6375823
vn -0.4828708 -0.8753415 -0.0247561
vn -0.6442401 -0.7148122 0.2720262
vn 0 -0.8971717 0.441682
vn -0.5018587 -0.8231114 0.2657548
vn -0.7546098 -0.6074944 0.2480215
vn -0.351999 -0.8356953 0.4215567
vn -0.4459318 -0.8022848 0.3968424
vn -0.6507581 -0.6372669 0.4128013
vn -0.9214218 -0.1097899 0.3727306
vn -0.4362981 -0.690997 0.5763395
vn -0.2481929 -0.751518 0.6112454
vn -0.456633 -0.5667624 0.6857598
vn -0.6122621 0.0483353 0.789176
vn 0 -0.9992779 0.03799729
vn -0.4234249 0.1909991 0.885568
vn -0.463352 -0.2654471 0.8454837
vn -0.430426 -0.8814308 0.1944561
vn -0.5724654 -0.2836399 0.7693061
vn -0.707984 -0.5693691 0.4178248
vn -0.9485132 -0.07520431 0.3076802
vn -0.4475962 -0.7002252 -0.5561854
vn -0.9356769 -0.03983059 -0.3506028
vn -0.3069703 -0.3250568 -0.8944871
vn -0.2953748 0.04900298 -0.9541239
vn -0.4475962 -0.7002252 -0.5561854
vn 0.2578529 -0.4179175 -0.8711239
vn -0.0951812 -0.05006615 -0.9942001
vn 0.4559322 -0.05243786 -0.8884684
vn -0.4475962 -0.7002252 -0.5561854
vn -0.3535415 0.5864851 -0.7287273
vn -0.4475962 -0.7002252 -0.5561854
vn -0.3535415 0.5864851 -0.7287273
vn -0.9444491 0.3066655 -0.1182046
vn -0.9452052 0.3118146 0.09674075
vn -0.9264119 0.3583469 0.1155353
vn -0.8966717 0.4236777 0.1283628
vn 0 0.9879503 0.1547713
vn -0.4932683 0.8518898 0.1759829
vn 0 0.9880739 0.1539809
vn -0.4441104 0.8830504 0.1516173
vn -0.8966717 0.4236777 0.1283628
vn -0.9264119 0.3583469 0.1155353
vn -0.4681288 0.8756743 0.1185324
vn 0 0.9906578 0.1363712
vn -0.9452052 0.3118146 0.09674075
vn -0.5647075 0.823856 0.04864897
vn 0 0.9983169 0.05799429
vn -0.9896498 0.06576207 0.1275486
vn -0.9444491 0.3066655 -0.1182046
vn -0.1298339 0.9912211 -0.02498027
vn -0.2259995 0.9435267 -0.2422428
vn 0 0.9998728 -0.01594717
vn 0 0.9957035 0.09259893
vn -0.237406 0.9316601 0.2750415
vn -0.3360176 0.9091705 0.2459699
vn -0.06035107 0.977996 -0.1997038
vn -0.3535415 0.5864851 -0.7287273
vn -0.5879595 0.7830378 0.2028683
vn -0.6616138 0.6629713 0.3503373
vn -0.9485132 -0.07520431 0.3076802
vn -0.9214218 -0.1097899 0.3727306
vn -0.3282492 0.6638198 0.6720088
vn -0.3171936 0.705601 0.6336524
vn -0.6122621 0.0483353 0.789176
vn 0 0.8929733 0.4501097
vn -0.4234249 0.1909991 0.885568
vn -0.4285166 0.3797637 0.8198495
vn -0.493477 0.5735325 0.6538661
vn -0.463352 -0.2654471 0.8454837
vn 0 0.9015046 0.4327697
vn -0.5724654 -0.2836399 0.7693061
vn 0 0.9408769 0.3387486
vn -0.8979008 0.1984569 0.3929235
vn -0.707984 -0.5693691 0.4178248
vn -0.6668243 0.6517382 0.3613622
vn -0.7295009 0.4807056 -0.4865702
vn -0.9356769 -0.03983059 -0.3506028
vn -0.08228472 0.6618754 -0.745084
vn 0.4559322 -0.05243786 -0.8884684
vn -0.2913747 0.1315358 -0.9475226
vn -0.08228472 0.6618754 -0.745084
vn -0.0951812 -0.05006615 -0.9942001
vn -0.7295009 0.4807056 -0.4865702
vn -0.2913747 0.1315358 -0.9475226
vn -0.9356769 -0.03983059 -0.3506028
vn -0.2953748 0.04900298 -0.9541239
vn -0.2913747 0.1315358 -0.9475226
vn 4.409844E-05 -1 -3.276145E-05
vn 4.785786E-05 -1 -2.70242E-05
vn -0.06981339 -0.9975414 -0.006101802
vn -0.1534949 -0.9857365 0.06901366
vn -0.09149386 -0.9106442 -0.4029343
vn -0.1508953 -0.963052 0.2230727
vn 0.1014215 -0.9917394 0.07852747
vn 0.08577292 -0.9926869 0.08494631
vn 0.07338008 -0.9907782 0.1139031
vn 0.0715066 -0.9222746 -0.3798636
vn 0.2632833 -0.8722484 0.4121465
vn 0.02801769 -0.8409966 -0.5403144
vn 0.003106998 -0.9738884 0.2270063
vn 0.02801769 -0.8409966 -0.5403144
vn -0.2455387 -0.9168052 0.314927
vn 0.03149666 -0.7227265 0.6904162
vn -0.1534949 -0.9857365 0.06901366
vn -0.06981339 -0.9975414 -0.006101802
vn 4.785786E-05 -1 -2.70242E-05
vn -0.2455387 -0.9168052 0.314927
vn 0.02801769 -0.8409966 -0.5403144
vn -0.09149386 -0.9106442 -0.4029343
vn 0.002845113 0.4169311 -0.9089336
vn 0.5935932 0.2710393 -0.7577499
vn 0.3605217 0.3180375 -0.8768559
vn 0.002845113 0.4169311 -0.9089336
vn -0.098636 0.2752284 -0.9563056
vn -0.3012058 0.3394516 -0.8910935
vn -0.098636 0.2752284 -0.9563056
vn 0.002845113 0.4169311 -0.9089336
vn -0.5313467 0.3677995 -0.7631477
vn -0.6320217 0.08586703 -0.7701788
vn -0.2053709 -0.3165884 -0.9260641
vn -0.6123773 -0.3892422 -0.6881022
vn -0.5022182 -0.3695053 -0.7818201
vn -0.6235134 -0.4746387 -0.6212479
vn -0.4756872 -0.475413 -0.7400703
vn -0.9631529 0.268946 0.002153175
vn -0.6320217 0.08586703 -0.7701788
vn -0.4841989 0.861323 -0.1538638
vn -0.3012058 0.3394516 -0.8910935
vn 0.002845113 0.4169311 -0.9089336
vn 0.03528315 0.9863431 -0.1608796
vn -0.5310808 -0.5121123 -0.6750513
vn -0.2749318 -0.5880633 -0.7606537
vn 0.0122256 0.9702222 0.2419079
vn -0.5530614 0.4194713 0.719838
vn -0.6061043 -0.5271488 -0.5956103
vn -0.5792854 0.003639997 0.8151166
vn -0.2831656 -0.408637 -0.8676596
vn -0.5706132 -0.188624 0.7992631
vn -0.5996251 -0.6646303 -0.4457761
vn -0.4090372 0.8587608 0.3085749
vn -0.5530614 0.4194713 0.719838
vn -0.182735 -0.1620338 0.9697179
vn -0.5996251 -0.6646303 -0.4457761
vn -0.2455387 -0.9168052 0.314927
vn -0.2424467 0.09280545 0.9657156
vn -0.291533 -0.1231727 0.9485974
vn 0.1160982 0.1558003 0.9809421
vn -0.5996251 -0.6646303 -0.4457761
vn -0.09149386 -0.9106442 -0.4029343
vn -0.1840762 -0.2337876 -0.9547038
vn -0.5996251 -0.6646303 -0.4457761
vn -0.2831656 -0.408637 -0.8676596
vn -0.3099394 0.2649434 0.9130951
vn -0.5530614 0.4194713 0.719838
vn -0.182735 -0.1620338 0.9697179
vn 0.03149666 -0.7227265 0.6904162
vn 0.03149666 -0.7227265 0.6904162
vn -0.182735 -0.1620338 0.9697179
vn -0.5313467 0.3677995 -0.7631477
vn -0.3012058 0.3394516 -0.8910935
vn 0.1081356 -0.2968448 -0.9487835
vn 0.3605217 0.3180375 -0.8768559
vn 0.5935932 0.2710393 -0.7577499
vn 0.3605217 0.3180375 -0.8768559
vn 0.1081356 -0.2968448 -0.9487835
vn 0.6312051 0.05703025 -0.7735164
vn 0.4516033 -0.3997403 -0.7976605
vn 0.5465678 0.8265232 -0.134622
vn 0.3605217 0.3180375 -0.8768559
vn 0.002845113 0.4169311 -0.9089336
vn 0.9502524 0.3080336 0.04621176
vn 0.6163641 -0.3756133 -0.6921055
vn 0.6312051 0.05703025 -0.7735164
vn 0.4460872 -0.4955778 -0.7452576
vn 0.6237574 -0.4768115 -0.6193362
vn 0.1663688 -0.5389621 -0.8257369
vn 0.4863612 -0.4708263 -0.7360539
vn 0.9165316 0.0539814 0.3963025
vn 0.809638 0.4687833 0.3531691
vn 0.1649636 -0.3727786 -0.9131392
vn 0.6152377 -0.4979845 -0.6111415
vn 0.8652585 -0.2617964 0.4275398
vn 0.1021519 -0.312312 -0.9444714
vn 0.4680159 0.8491946 0.244601
vn 0.0122256 0.9702222 0.2419079
vn 0.03528315 0.9863431 -0.1608796
vn 0.002845113 0.4169311 -0.9089336
vn 0.5948818 -0.6080688 0.5257071
vn 0.5730431 -0.721025 -0.3895442
vn 0.2632833 -0.8722484 0.4121465
vn 0.03149666 -0.7227265 0.6904162
vn 0.6152377 -0.4979845 -0.6111415
vn 0.1021519 -0.312312 -0.9444714
vn 0.5730431 -0.721025 -0.3895442
vn 0.249957 -0.459493 -0.8522838
vn 0.0715066 -0.9222746 -0.3798636
vn 0.2703323 -0.9525162 0.140119
vn -0.1840762 -0.2337876 -0.9547038
vn -0.09149386 -0.9106442 -0.4029343
vn -0.09617648 -0.3818424 -0.9192097
vn 0.02801769 -0.8409966 -0.5403144
vn -0.06032292 -0.7061912 -0.7054468
vn 0.0715066 -0.9222746 -0.3798636
vn 0.249957 -0.459493 -0.8522838
vn 0.02801769 -0.8409966 -0.5403144
vn -0.09617648 -0.3818424 -0.9192097
vn -4.409844E-05 1 3.276145E-05
vn 0.06981339 0.9975414 0.006101802
vn -4.785786E-05 1 2.70242E-05
vn 0.2397443 0.9706116 0.02087279
vn 0.1533651 0.9880792 0.01336234
vn 0.1533651 0.9880792 0.01336234
vn -4.785786E-05 1 2.70242E-05
vn 0.06981339 0.9975414 0.006101802
vn -0.1014215 0.9917394 -0.07852747
vn -0.07338008 0.9907782 -0.1139031
vn -0.08577292 0.9926869 -0.08494631
vn -0.0366526 0.9835302 -0.1769885
vn -0.008215523 0.96828 -0.2497324
g NPC_Nan_022_0
f 3/3/3 2/2/2 1/1/1
f 1/1/1 4/4/4 3/3/3
f 3/3/3 5/5/5 2/2/2
f 6/6/6 2/2/2 5/5/5
f 2/2/2 6/6/6 7/7/7
f 8/8/8 7/7/7 6/6/6
f 9/9/9 8/8/8 6/6/6
f 10/10/10 8/8/8 9/9/9
f 13/13/13 12/12/12 11/11/11
f 11/11/11 12/12/12 14/14/14
f 15/15/15 14/14/14 12/12/12
f 14/14/14 15/15/15 16/16/16
f 17/17/17 12/12/12 13/13/13
f 17/17/17 13/13/13 18/18/18
f 19/19/19 18/18/18 13/13/13
f 20/20/20 16/16/16 15/15/15
f 16/16/16 20/20/20 21/21/21
f 22/22/22 21/21/21 20/20/20
f 15/15/15 23/23/23 20/20/20
f 12/12/12 24/24/24 15/15/15
f 15/15/15 24/24/24 23/23/23
f 20/20/20 23/23/23 25/25/25
f 18/18/18 26/26/26 17/17/17
f 17/17/17 26/26/26 27/27/27
f 17/17/17 27/27/27 12/12/12
f 24/24/24 12/12/12 28/28/28
f 27/27/27 28/28/28 12/12/12
f 26/26/26 29/29/29 27/27/27
f 27/27/27 29/29/29 28/28/28
f 31/31/31 30/30/30 28/28/28
f 34/34/34 33/33/33 32/32/32
f 32/32/32 35/35/35 34/34/34
f 35/35/35 32/32/32 36/36/36
f 37/37/37 35/35/35 36/36/36
f 37/37/37 36/36/36 38/38/38
f 38/38/38 39/39/39 37/37/37
f 39/39/39 38/38/38 40/40/40
f 40/40/40 41/41/41 39/39/39
f 41/41/41 40/40/40 42/42/42
f 42/42/42 43/43/43 41/41/41
f 44/44/44 39/39/39 41/41/41
f 44/44/44 41/41/41 45/45/45
f 46/46/46 37/37/37 39/39/39
f 46/46/46 39/39/39 44/44/44
f 47/47/47 34/34/34 35/35/35
f 48/48/48 35/35/35 37/37/37
f 47/47/47 35/35/35 48/48/48
f 37/37/37 46/46/46 49/49/49
f 49/49/49 50/50/50 37/37/37
f 50/50/50 48/48/48 37/37/37
f 49/49/49 51/51/51 50/50/50
f 50/50/50 51/51/51 48/48/48
f 53/53/53 52/52/52 49/49/49
f 56/56/56 55/55/55 54/54/54
f 55/55/55 57/57/57 54/54/54
f 57/57/57 58/58/58 54/54/54
f 54/54/54 58/58/58 59/59/59
f 60/60/60 54/54/54 59/59/59
f 56/56/56 54/54/54 60/60/60
f 60/60/60 59/59/59 61/61/61
f 59/59/59 62/62/62 61/61/61
f 62/62/62 63/63/63 61/61/61
f 61/61/61 63/63/63 64/64/64
f 62/62/62 65/65/65 63/63/63
f 59/59/59 66/66/66 62/62/62
f 66/66/66 65/65/65 62/62/62
f 59/59/59 58/58/58 66/66/66
f 65/65/65 67/67/67 63/63/63
f 57/57/57 68/68/68 58/58/58
f 70/70/70 69/69/69 55/55/55
f 69/69/69 71/71/71 68/68/68
f 70/70/70 73/73/73 72/72/72
f 72/72/72 73/73/73 71/71/71
f 74/74/74 71/71/71 73/73/73
f 75/75/75 74/74/74 73/73/73
f 76/76/76 75/75/75 73/73/73
f 77/77/77 76/76/76 73/73/73
f 70/70/70 77/77/77 73/73/73
f 80/80/80 79/79/79 78/78/78
f 79/79/79 80/80/80 81/81/81
f 82/82/82 80/80/80 78/78/78
f 80/80/80 83/83/83 81/81/81
f 80/80/80 82/82/82 83/83/83
f 83/83/83 84/84/84 81/81/81
f 85/85/85 84/84/84 83/83/83
f 86/86/86 85/85/85 83/83/83
f 85/85/85 86/86/86 87/87/87
f 87/87/87 88/88/88 85/85/85
f 88/88/88 87/87/87 89/89/89
f 86/86/86 89/89/89 87/87/87
f 90/90/90 88/88/88 89/89/89
f 89/89/89 86/86/86 91/91/91
f 92/92/92 83/83/83 82/82/82
f 83/83/83 92/92/92 86/86/86
f 86/86/86 92/92/92 91/91/91
f 95/95/95 94/94/94 93/93/93
f 95/95/95 93/93/93 96/96/96
f 93/93/93 94/94/94 97/97/97
f 93/93/93 98/98/98 96/96/96
f 93/93/93 97/97/97 98/98/98
f 98/98/98 99/99/99 96/96/96
f 97/97/97 94/94/94 100/100/100
f 101/101/101 100/100/100 94/94/94
f 98/98/98 102/102/102 99/99/99
f 98/98/98 97/97/97 103/103/103
f 100/100/100 103/103/103 97/97/97
f 104/104/104 102/102/102 98/98/98
f 103/103/103 104/104/104 98/98/98
f 100/100/100 101/101/101 105/105/105
f 105/105/105 101/101/101 106/106/106
f 104/104/104 107/107/107 102/102/102
f 107/107/107 104/104/104 103/103/103
f 103/103/103 100/100/100 108/108/108
f 100/100/100 105/105/105 108/108/108
f 103/103/103 109/109/109 107/107/107
f 110/110/110 107/107/107 109/109/109
f 103/103/103 111/111/111 109/109/109
f 108/108/108 111/111/111 103/103/103
f 112/112/112 110/110/110 109/109/109
f 106/106/106 113/113/113 105/105/105
f 112/112/112 109/109/109 114/114/114
f 109/109/109 111/111/111 114/114/114
f 105/105/105 115/115/115 108/108/108
f 115/115/115 111/111/111 108/108/108
f 116/116/116 112/112/112 114/114/114
f 117/117/117 113/113/113 106/106/106
f 118/118/118 117/117/117 106/106/106
f 116/116/116 119/119/119 112/112/112
f 114/114/114 120/120/120 116/116/116
f 120/120/120 114/114/114 111/111/111
f 105/105/105 121/121/121 115/115/115
f 113/113/113 121/121/121 105/105/105
f 122/122/122 117/117/117 118/118/118
f 123/123/123 119/119/119 116/116/116
f 120/120/120 123/123/123 116/116/116
f 124/124/124 119/119/119 123/123/123
f 125/125/125 120/120/120 111/111/111
f 120/120/120 125/125/125 123/123/123
f 126/126/126 123/123/123 125/125/125
f 127/127/127 123/123/123 126/126/126
f 128/128/128 115/115/115 121/121/121
f 128/128/128 121/121/121 113/113/113
f 129/129/129 113/113/113 117/117/117
f 128/128/128 113/113/113 129/129/129
f 130/130/130 128/128/128 129/129/129
f 128/128/128 130/130/130 131/131/131
f 131/131/131 132/132/132 128/128/128
f 132/132/132 125/125/125 111/111/111
f 132/132/132 111/111/111 115/115/115
f 132/132/132 115/115/115 128/128/128
f 125/125/125 132/132/132 133/133/133
f 134/134/134 125/125/125 133/133/133
f 134/134/134 133/133/133 135/135/135
f 136/136/136 133/133/133 132/132/132
f 135/135/135 133/133/133 136/136/136
f 131/131/131 136/136/136 132/132/132
f 136/136/136 137/137/137 135/135/135
f 140/140/140 139/139/139 138/138/138
f 139/139/139 141/141/141 138/138/138
f 140/140/140 142/142/142 139/139/139
f 142/142/142 140/140/140 143/143/143
f 142/142/142 143/143/143 144/144/144
f 144/144/144 145/145/145 142/142/142
f 141/141/141 139/139/139 118/118/118
f 146/146/146 139/139/139 142/142/142
f 146/146/146 118/118/118 139/139/139
f 138/138/138 141/141/141 147/147/147
f 138/138/138 147/147/147 148/148/148
f 149/149/149 148/148/148 147/147/147
f 147/147/147 141/141/141 106/106/106
f 141/141/141 118/118/118 106/106/106
f 147/147/147 106/106/106 101/101/101
f 101/101/101 94/94/94 147/147/147
f 147/147/147 94/94/94 150/150/150
f 151/151/151 150/150/150 94/94/94
f 152/152/152 147/147/147 150/150/150
f 146/146/146 122/122/122 118/118/118
f 154/154/154 148/148/148 153/153/153
f 153/153/153 147/147/147 155/155/155
f 150/150/150 157/157/157 156/156/156
f 156/156/156 158/158/158 150/150/150
f 158/158/158 159/159/159 150/150/150
f 156/156/156 160/160/160 158/158/158
f 161/161/161 160/160/160 156/156/156
f 156/156/156 162/162/162 161/161/161
f 156/156/156 163/163/163 162/162/162
f 156/156/156 164/164/164 163/163/163
f 163/163/163 164/164/164 165/165/165
f 166/166/166 163/163/163 165/165/165
f 162/162/162 163/163/163 166/166/166
f 167/167/167 166/166/166 165/165/165
f 168/168/168 166/166/166 167/167/167
f 162/162/162 166/166/166 169/169/169
f 169/169/169 161/161/161 162/162/162
f 168/168/168 170/170/170 166/166/166
f 170/170/170 169/169/169 166/166/166
f 160/160/160 161/161/161 171/171/171
f 160/160/160 171/171/171 172/172/172
f 172/172/172 158/158/158 160/160/160
f 173/173/173 170/170/170 168/168/168
f 170/170/170 173/173/173 169/169/169
f 161/161/161 169/169/169 174/174/174
f 171/171/171 161/161/161 174/174/174
f 175/175/175 169/169/169 173/173/173
f 173/173/173 176/176/176 175/175/175
f 177/177/177 169/169/169 175/175/175
f 177/177/177 174/174/174 169/169/169
f 176/176/176 178/178/178 175/175/175
f 179/179/179 172/172/172 171/171/171
f 175/175/175 178/178/178 180/180/180
f 177/177/177 175/175/175 180/180/180
f 181/181/181 171/171/171 174/174/174
f 177/177/177 181/181/181 174/174/174
f 178/178/178 182/182/182 180/180/180
f 179/179/179 183/183/183 172/172/172
f 183/183/183 184/184/184 172/172/172
f 185/185/185 182/182/182 178/178/178
f 186/186/186 180/180/180 182/182/182
f 180/180/180 186/186/186 177/177/177
f 187/187/187 171/171/171 181/181/181
f 187/187/187 179/179/179 171/171/171
f 183/183/183 188/188/188 184/184/184
f 185/185/185 189/189/189 182/182/182
f 189/189/189 186/186/186 182/182/182
f 185/185/185 190/190/190 189/189/189
f 186/186/186 191/191/191 177/177/177
f 191/191/191 186/186/186 189/189/189
f 189/189/189 192/192/192 191/191/191
f 189/189/189 193/193/193 192/192/192
f 181/181/181 194/194/194 187/187/187
f 187/187/187 194/194/194 179/179/179
f 179/179/179 195/195/195 183/183/183
f 179/179/179 194/194/194 195/195/195
f 194/194/194 196/196/196 195/195/195
f 196/196/196 194/194/194 197/197/197
f 198/198/198 197/197/197 194/194/194
f 191/191/191 198/198/198 177/177/177
f 177/177/177 198/198/198 181/181/181
f 181/181/181 198/198/198 194/194/194
f 198/198/198 191/191/191 199/199/199
f 191/191/191 200/200/200 199/199/199
f 199/199/199 200/200/200 201/201/201
f 199/199/199 202/202/202 198/198/198
f 199/199/199 201/201/201 202/202/202
f 202/202/202 197/197/197 198/198/198
f 203/203/203 202/202/202 201/201/201
f 206/206/206 205/205/205 204/204/204
f 207/207/207 204/204/204 205/205/205
f 208/208/208 205/205/205 206/206/206
f 208/208/208 209/209/209 205/205/205
f 207/207/207 205/205/205 210/210/210
f 209/209/209 211/211/211 205/205/205
f 210/210/210 205/205/205 211/211/211
f 204/204/204 207/207/207 212/212/212
f 207/207/207 210/210/210 212/212/212
f 208/208/208 213/213/213 209/209/209
f 209/209/209 213/213/213 211/211/211
f 214/214/214 211/211/211 213/213/213
f 215/215/215 210/210/210 211/211/211
f 211/211/211 214/214/214 215/215/215
f 216/216/216 212/212/212 210/210/210
f 210/210/210 215/215/215 216/216/216
f 213/213/213 217/217/217 214/214/214
f 218/218/218 214/214/214 217/217/217
f 219/219/219 215/215/215 214/214/214
f 215/215/215 219/219/219 216/216/216
f 214/214/214 218/218/218 219/219/219
f 218/218/218 217/217/217 220/220/220
f 221/221/221 216/216/216 219/219/219
f 218/218/218 220/220/220 222/222/222
f 223/223/223 221/221/221 219/219/219
f 218/218/218 223/223/223 219/219/219
f 224/224/224 221/221/221 223/223/223
f 225/225/225 221/221/221 224/224/224
f 226/226/226 221/221/221 225/225/225
f 225/225/225 227/227/227 226/226/226
f 228/228/228 226/226/226 227/227/227
f 227/227/227 229/229/229 228/228/228
f 228/228/228 229/229/229 230/230/230
f 229/229/229 231/231/231 230/230/230
f 232/232/232 231/231/231 229/229/229
f 229/229/229 227/227/227 232/232/232
f 233/233/233 232/232/232 227/227/227
f 227/227/227 225/225/225 233/233/233
f 225/225/225 224/224/224 233/233/233
f 234/234/234 233/233/233 224/224/224
f 224/224/224 223/223/223 234/234/234
f 235/235/235 234/234/234 223/223/223
f 223/223/223 236/236/236 235/235/235
f 237/237/237 236/236/236 223/223/223
f 237/237/237 223/223/223 218/218/218
f 238/238/238 236/236/236 237/237/237
f 222/222/222 239/239/239 218/218/218
f 222/222/222 238/238/238 239/239/239
f 242/242/242 241/241/241 240/240/240
f 243/243/243 240/240/240 241/241/241
f 244/244/244 243/243/243 241/241/241
f 241/241/241 245/245/245 244/244/244
f 246/246/246 244/244/244 245/245/245
f 246/246/246 245/245/245 247/247/247
f 248/248/248 246/246/246 247/247/247
f 248/248/248 247/247/247 249/249/249
f 250/250/250 249/249/249 247/247/247
f 247/247/247 251/251/251 250/250/250
f 252/252/252 250/250/250 251/251/251
f 251/251/251 253/253/253 252/252/252
f 254/254/254 252/252/252 253/253/253
f 255/255/255 246/246/246 248/248/248
f 256/256/256 248/248/248 249/249/249
f 256/256/256 255/255/255 248/248/248
f 257/257/257 255/255/255 256/256/256
f 257/257/257 258/258/258 255/255/255
f 259/259/259 257/257/257 256/256/256
f 260/260/260 240/240/240 243/243/243
f 263/263/263 262/262/262 261/261/261
f 263/263/263 261/261/261 264/264/264
f 265/265/265 264/264/264 261/261/261
f 265/265/265 267/267/267 266/266/266
f 267/267/267 268/268/268 266/266/266
f 270/270/270 269/269/269 268/268/268
f 269/269/269 270/270/270 271/271/271
f 271/271/271 270/270/270 272/272/272
f 273/273/273 272/272/272 270/270/270
f 274/274/274 273/273/273 270/270/270
f 269/269/269 271/271/271 275/275/275
f 277/277/277 276/276/276 273/273/273
f 278/278/278 277/277/277 273/273/273
f 277/277/277 279/279/279 276/276/276
f 277/277/277 280/280/280 279/279/279
f 277/277/277 278/278/278 281/281/281
f 277/277/277 282/282/282 280/280/280
f 279/279/279 280/280/280 283/283/283
f 280/280/280 282/282/282 284/284/284
f 276/276/276 286/286/286 285/285/285
f 286/286/286 287/287/287 285/285/285
f 289/289/289 288/288/288 287/287/287
f 274/274/274 291/291/291 290/290/290
f 292/292/292 290/290/290 291/291/291
f 294/294/294 292/292/292 293/293/293
f 290/290/290 293/293/293 295/295/295
f 297/297/297 265/265/265 296/296/296
f 296/296/296 298/298/298 297/297/297
f 299/299/299 298/298/298 296/296/296
f 296/296/296 300/300/300 299/299/299
f 303/303/303 302/302/302 301/301/301
f 301/301/301 304/304/304 303/303/303
f 304/304/304 301/301/301 305/305/305
f 302/302/302 303/303/303 306/306/306
f 306/306/306 307/307/307 302/302/302
f 305/305/305 308/308/308 304/304/304
f 308/308/308 305/305/305 309/309/309
f 307/307/307 306/306/306 310/310/310
f 310/310/310 311/311/311 307/307/307
f 311/311/311 310/310/310 312/312/312
f 312/312/312 313/313/313 311/311/311
f 308/308/308 309/309/309 313/313/313
f 313/313/313 312/312/312 308/308/308
f 316/316/316 315/315/315 314/314/314
f 316/316/316 317/317/317 315/315/315
f 315/315/315 317/317/317 318/318/318
f 315/315/315 318/318/318 319/319/319
f 319/319/319 318/318/318 320/320/320
f 319/319/319 320/320/320 321/321/321
f 321/321/321 320/320/320 322/322/322
f 321/321/321 322/322/322 323/323/323
f 324/324/324 317/317/317 316/316/316
f 318/318/318 317/317/317 324/324/324
f 320/320/320 318/318/318 325/325/325
f 324/324/324 316/316/316 326/326/326
f 322/322/322 320/320/320 327/327/327
f 320/320/320 325/325/325 327/327/327
f 328/328/328 318/318/318 324/324/324
f 318/318/318 328/328/328 325/325/325
f 324/324/324 326/326/326 329/329/329
f 328/328/328 324/324/324 330/330/330
f 324/324/324 329/329/329 330/330/330
f 328/328/328 331/331/331 325/325/325
f 328/328/328 330/330/330 331/331/331
f 327/327/327 325/325/325 332/332/332
f 331/331/331 333/333/333 325/325/325
f 332/332/332 325/325/325 333/333/333
f 329/329/329 334/334/334 330/330/330
f 330/330/330 335/335/335 331/331/331
f 330/330/330 334/334/334 335/335/335
f 336/336/336 333/333/333 331/331/331
f 331/331/331 335/335/335 336/336/336
f 334/334/334 337/337/337 335/335/335
f 337/337/337 338/338/338 335/335/335
f 332/332/332 333/333/333 339/339/339
f 336/336/336 339/339/339 333/333/333
f 336/336/336 335/335/335 340/340/340
f 340/340/340 335/335/335 341/341/341
f 340/340/340 342/342/342 336/336/336
f 336/336/336 342/342/342 339/339/339
f 332/332/332 339/339/339 343/343/343
f 344/344/344 334/334/334 329/329/329
f 344/344/344 345/345/345 334/334/334
f 334/334/334 345/345/345 337/337/337
f 348/348/348 347/347/347 346/346/346
f 349/349/349 347/347/347 348/348/348
f 346/346/346 347/347/347 350/350/350
f 351/351/351 347/347/347 349/349/349
f 352/352/352 351/351/351 349/349/349
f 352/352/352 353/353/353 351/351/351
f 347/347/347 354/354/354 350/350/350
f 351/351/351 354/354/354 347/347/347
f 354/354/354 355/355/355 350/350/350
f 351/351/351 353/353/353 356/356/356
f 354/354/354 351/351/351 356/356/356
f 354/354/354 357/357/357 355/355/355
f 354/354/354 356/356/356 357/357/357
f 356/356/356 353/353/353 358/358/358
f 355/355/355 357/357/357 359/359/359
f 357/357/357 356/356/356 360/360/360
f 360/360/360 359/359/359 357/357/357
f 358/358/358 361/361/361 356/356/356
f 356/356/356 362/362/362 360/360/360
f 356/356/356 361/361/361 362/362/362
f 362/362/362 363/363/363 360/360/360
f 362/362/362 361/361/361 363/363/363
f 363/363/363 364/364/364 360/360/360
f 361/361/361 365/365/365 363/363/363
f 360/360/360 366/366/366 359/359/359
f 360/360/360 364/364/364 366/366/366
f 366/366/366 364/364/364 367/367/367
f 366/366/366 367/367/367 368/368/368
f 371/371/371 370/370/370 369/369/369
f 372/372/372 371/371/371 369/369/369
f 369/369/369 373/373/373 372/372/372
f 374/374/374 373/373/373 369/369/369
f 372/372/372 373/373/373 375/375/375
f 371/371/371 372/372/372 376/376/376
f 372/372/372 375/375/375 377/377/377
f 376/376/376 372/372/372 377/377/377
f 375/375/375 378/378/378 377/377/377
f 376/376/376 377/377/377 379/379/379
f 377/377/377 378/378/378 379/379/379
f 378/378/378 375/375/375 380/380/380
f 376/376/376 379/379/379 381/381/381
f 379/379/379 378/378/378 382/382/382
f 383/383/383 378/378/378 380/380/380
f 384/384/384 381/381/381 379/379/379
f 379/379/379 382/382/382 384/384/384
f 378/378/378 383/383/383 385/385/385
f 386/386/386 378/378/378 385/385/385
f 382/382/382 378/378/378 386/386/386
f 385/385/385 383/383/383 387/387/387
f 386/386/386 385/385/385 387/387/387
f 388/388/388 387/387/387 383/383/383
f 387/387/387 388/388/388 389/389/389
f 386/386/386 390/390/390 382/382/382
f 387/387/387 390/390/390 386/386/386
f 382/382/382 391/391/391 384/384/384
f 392/392/392 387/387/387 389/389/389
f 392/392/392 389/389/389 393/393/393
f 390/390/390 394/394/394 382/382/382
f 382/382/382 394/394/394 391/391/391
f 387/387/387 395/395/395 390/390/390
f 387/387/387 392/392/392 395/395/395
f 392/392/392 393/393/393 396/396/396
f 397/397/397 396/396/396 393/393/393
f 390/390/390 398/398/398 394/394/394
f 395/395/395 398/398/398 390/390/390
f 391/391/391 394/394/394 399/399/399
f 398/398/398 399/399/399 394/394/394
f 392/392/392 400/400/400 395/395/395
f 400/400/400 392/392/392 396/396/396
f 398/398/398 395/395/395 400/400/400
f 396/396/396 397/397/397 401/401/401
f 396/396/396 401/401/401 400/400/400
f 391/391/391 399/399/399 402/402/402
f 401/401/401 403/403/403 400/400/400
f 404/404/404 398/398/398 400/400/400
f 403/403/403 404/404/404 400/400/400
f 405/405/405 402/402/402 399/399/399
f 406/406/406 399/399/399 398/398/398
f 406/406/406 398/398/398 404/404/404
f 399/399/399 407/407/407 405/405/405
f 399/399/399 406/406/406 407/407/407
f 393/393/393 408/408/408 397/397/397
f 393/393/393 409/409/409 408/408/408
f 393/393/393 389/389/389 409/409/409
f 409/409/409 411/411/411 410/410/410
f 410/410/410 411/411/411 412/412/412
f 408/408/408 413/413/413 410/410/410
f 415/415/415 411/411/411 414/414/414
f 415/415/415 414/414/414 416/416/416
f 417/417/417 414/414/414 411/411/411
f 416/416/416 414/414/414 388/388/388
f 388/388/388 414/414/414 409/409/409
f 418/418/418 416/416/416 388/388/388
f 419/419/419 389/389/389 388/388/388
f 383/383/383 420/420/420 388/388/388
f 421/421/421 420/420/420 383/383/383
f 383/383/383 380/380/380 421/421/421
f 375/375/375 422/422/422 380/380/380
f 375/375/375 373/373/373 422/422/422
f 422/422/422 373/373/373 423/423/423
f 373/373/373 374/374/374 423/423/423
f 374/374/374 424/424/424 423/423/423
f 427/427/427 426/426/426 425/425/425
f 427/427/427 425/425/425 428/428/428
f 429/429/429 427/427/427 428/428/428
f 429/429/429 428/428/428 430/430/430
f 428/428/428 431/431/431 430/430/430
f 425/425/425 432/432/432 428/428/428
f 428/428/428 432/432/432 431/431/431
f 431/431/431 433/433/433 430/430/430
f 431/431/431 434/434/434 433/433/433
f 431/431/431 432/432/432 434/434/434
f 432/432/432 435/435/435 434/434/434
f 433/433/433 434/434/434 436/436/436
f 437/437/437 436/436/436 434/434/434
f 438/438/438 434/434/434 435/435/435
f 439/439/439 437/437/437 434/434/434
f 438/438/438 439/439/439 434/434/434
f 435/435/435 440/440/440 438/438/438
f 438/438/438 440/440/440 441/441/441
f 438/438/438 442/442/442 439/439/439
f 441/441/441 442/442/442 438/438/438
f 439/439/439 442/442/442 443/443/443
f 443/443/443 444/444/444 439/439/439
f 445/445/445 439/439/439 444/444/444
f 439/439/439 445/445/445 437/437/437
f 446/446/446 444/444/444 443/443/443
f 446/446/446 443/443/443 447/447/447
f 446/446/446 447/447/447 448/448/448
f 448/448/448 447/447/447 449/449/449
f 447/447/447 443/443/443 450/450/450
f 442/442/442 451/451/451 443/443/443
f 451/451/451 450/450/450 443/443/443
f 449/449/449 447/447/447 452/452/452
f 447/447/447 450/450/450 452/452/452
f 442/442/442 441/441/441 453/453/453
f 442/442/442 453/453/453 451/451/451
f 451/451/451 454/454/454 450/450/450
f 454/454/454 452/452/452 450/450/450
f 454/454/454 451/451/451 455/455/455
f 453/453/453 456/456/456 451/451/451
f 455/455/455 451/451/451 456/456/456
f 455/455/455 457/457/457 454/454/454
f 456/456/456 457/457/457 455/455/455
f 453/453/453 458/458/458 456/456/456
f 456/456/456 459/459/459 457/457/457
f 458/458/458 460/460/460 456/456/456
f 461/461/461 459/459/459 456/456/456
f 462/462/462 459/459/459 461/461/461
f 461/461/461 456/456/456 463/463/463
f 460/460/460 463/463/463 456/456/456
f 448/448/448 465/465/465 464/464/464
f 446/446/446 448/448/448 464/464/464
f 464/464/464 466/466/466 446/446/446
f 446/446/446 466/466/466 444/444/444
f 444/444/444 466/466/466 445/445/445
f 467/467/467 445/445/445 466/466/466
f 467/467/467 469/469/469 468/468/468
f 468/468/468 470/470/470 467/467/467
f 472/472/472 471/471/471 466/466/466
f 472/472/472 473/473/473 471/471/471
f 475/475/475 465/465/465 474/474/474
f 478/478/478 477/477/477 476/476/476
f 479/479/479 476/476/476 477/477/477
f 480/480/480 477/477/477 478/478/478
f 478/478/478 481/481/481 480/480/480
f 481/481/481 478/478/478 482/482/482
f 482/482/482 483/483/483 481/481/481
f 483/483/483 484/484/484 481/481/481
f 483/483/483 485/485/485 484/484/484
f 488/488/488 487/487/487 486/486/486
f 488/488/488 486/486/486 489/489/489
f 489/489/489 490/490/490 488/488/488
f 490/490/490 489/489/489 491/491/491
f 488/488/488 492/492/492 487/487/487
f 487/487/487 492/492/492 493/493/493
f 493/493/493 494/494/494 487/487/487
f 491/491/491 495/495/495 490/490/490
f 495/495/495 491/491/491 496/496/496
f 496/496/496 497/497/497 495/495/495
f 498/498/498 490/490/490 495/495/495
f 499/499/499 488/488/488 490/490/490
f 499/499/499 490/490/490 498/498/498
f 498/498/498 495/495/495 500/500/500
f 501/501/501 493/493/493 492/492/492
f 501/501/501 492/492/492 502/502/502
f 502/502/502 492/492/492 488/488/488
f 488/488/488 499/499/499 503/503/503
f 503/503/503 502/502/502 488/488/488
f 504/504/504 501/501/501 502/502/502
f 504/504/504 502/502/502 503/503/503
f 506/506/506 505/505/505 503/503/503
f 509/509/509 508/508/508 507/507/507
f 510/510/510 507/507/507 508/508/508
f 507/507/507 510/510/510 511/511/511
f 510/510/510 512/512/512 511/511/511
f 511/511/511 512/512/512 513/513/513
f 514/514/514 513/513/513 512/512/512
f 513/513/513 514/514/514 515/515/515
f 516/516/516 515/515/515 514/514/514
f 515/515/515 516/516/516 517/517/517
f 518/518/518 517/517/517 516/516/516
f 514/514/514 519/519/519 516/516/516
f 516/516/516 519/519/519 520/520/520
f 512/512/512 521/521/521 514/514/514
f 514/514/514 521/521/521 519/519/519
f 508/508/508 522/522/522 510/510/510
f 510/510/510 523/523/523 512/512/512
f 510/510/510 522/522/522 523/523/523
f 521/521/521 512/512/512 524/524/524
f 525/525/525 524/524/524 512/512/512
f 523/523/523 525/525/525 512/512/512
f 526/526/526 524/524/524 525/525/525
f 526/526/526 525/525/525 523/523/523
f 528/528/528 527/527/527 524/524/524
f 531/531/531 530/530/530 529/529/529
f 532/532/532 531/531/531 529/529/529
f 533/533/533 532/532/532 529/529/529
f 533/533/533 529/529/529 534/534/534
f 529/529/529 535/535/535 534/534/534
f 529/529/529 530/530/530 535/535/535
f 534/534/534 535/535/535 536/536/536
f 537/537/537 534/534/534 536/536/536
f 538/538/538 537/537/537 536/536/536
f 538/538/538 536/536/536 539/539/539
f 540/540/540 537/537/537 538/538/538
f 541/541/541 534/534/534 537/537/537
f 540/540/540 541/541/541 537/537/537
f 533/533/533 534/534/534 541/541/541
f 542/542/542 540/540/540 538/538/538
f 543/543/543 532/532/532 533/533/533
f 545/545/545 544/544/544 531/531/531
f 546/546/546 545/545/545 543/543/543
f 548/548/548 544/544/544 547/547/547
f 548/548/548 547/547/547 546/546/546
f 546/546/546 549/549/549 548/548/548
f 549/549/549 550/550/550 548/548/548
f 550/550/550 551/551/551 548/548/548
f 551/551/551 552/552/552 548/548/548
f 552/552/552 544/544/544 548/548/548
f 555/555/555 554/554/554 553/553/553
f 554/554/554 555/555/555 556/556/556
f 554/554/554 557/557/557 553/553/553
f 558/558/558 554/554/554 556/556/556
f 557/557/557 554/554/554 558/558/558
f 559/559/559 558/558/558 556/556/556
f 559/559/559 560/560/560 558/558/558
f 560/560/560 561/561/561 558/558/558
f 561/561/561 560/560/560 562/562/562
f 563/563/563 562/562/562 560/560/560
f 562/562/562 563/563/563 564/564/564
f 564/564/564 561/561/561 562/562/562
f 563/563/563 565/565/565 564/564/564
f 561/561/561 564/564/564 566/566/566
f 558/558/558 567/567/567 557/557/557
f 567/567/567 558/558/558 561/561/561
f 567/567/567 561/561/561 566/566/566
f 570/570/570 569/569/569 568/568/568
f 571/571/571 570/570/570 568/568/568
f 572/572/572 569/569/569 570/570/570
f 569/569/569 572/572/572 573/573/573
f 573/573/573 572/572/572 574/574/574
f 575/575/575 574/574/574 572/572/572
f 570/570/570 571/571/571 184/184/184
f 570/570/570 576/576/576 572/572/572
f 184/184/184 576/576/576 570/570/570
f 571/571/571 568/568/568 158/158/158
f 158/158/158 568/568/568 577/577/577
f 577/577/577 578/578/578 158/158/158
f 571/571/571 158/158/158 172/172/172
f 184/184/184 571/571/571 172/172/172
f 188/188/188 576/576/576 184/184/184
f 577/577/577 580/580/580 579/579/579
f 158/158/158 579/579/579 581/581/581
f 584/584/584 583/583/583 582/582/582
f 582/582/582 585/585/585 584/584/584
f 584/584/584 586/586/586 583/583/583
f 587/587/587 586/586/586 584/584/584
f 584/584/584 585/585/585 588/588/588
f 589/589/589 587/587/587 584/584/584
f 584/584/584 588/588/588 589/589/589
f 585/585/585 582/582/582 590/590/590
f 588/588/588 585/585/585 590/590/590
f 591/591/591 586/586/586 587/587/587
f 591/591/591 587/587/587 589/589/589
f 589/589/589 592/592/592 591/591/591
f 588/588/588 593/593/593 589/589/589
f 592/592/592 589/589/589 593/593/593
f 590/590/590 594/594/594 588/588/588
f 593/593/593 588/588/588 594/594/594
f 595/595/595 591/591/591 592/592/592
f 592/592/592 596/596/596 595/595/595
f 593/593/593 597/597/597 592/592/592
f 597/597/597 593/593/593 594/594/594
f 596/596/596 592/592/592 597/597/597
f 595/595/595 596/596/596 598/598/598
f 594/594/594 599/599/599 597/597/597
f 598/598/598 596/596/596 600/600/600
f 599/599/599 601/601/601 597/597/597
f 601/601/601 596/596/596 597/597/597
f 599/599/599 602/602/602 601/601/601
f 599/599/599 603/603/603 602/602/602
f 599/599/599 604/604/604 603/603/603
f 605/605/605 603/603/603 604/604/604
f 604/604/604 606/606/606 605/605/605
f 607/607/607 605/605/605 606/606/606
f 607/607/607 606/606/606 608/608/608
f 609/609/609 607/607/607 608/608/608
f 609/609/609 610/610/610 607/607/607
f 605/605/605 607/607/607 610/610/610
f 610/610/610 611/611/611 605/605/605
f 603/603/603 605/605/605 611/611/611
f 602/602/602 603/603/603 611/611/611
f 611/611/611 612/612/612 602/602/602
f 601/601/601 602/602/602 612/612/612
f 612/612/612 613/613/613 601/601/601
f 614/614/614 601/601/601 613/613/613
f 614/614/614 615/615/615 601/601/601
f 601/601/601 615/615/615 596/596/596
f 614/614/614 616/616/616 615/615/615
f 617/617/617 600/600/600 596/596/596
f 616/616/616 600/600/600 617/617/617
f 620/620/620 619/619/619 618/618/618
f 618/618/618 621/621/621 620/620/620
f 621/621/621 622/622/622 620/620/620
f 623/623/623 620/620/620 622/622/622
f 622/622/622 624/624/624 623/623/623
f 623/623/623 624/624/624 625/625/625
f 624/624/624 626/626/626 625/625/625
f 625/625/625 626/626/626 627/627/627
f 627/627/627 628/628/628 625/625/625
f 629/629/629 625/625/625 628/628/628
f 628/628/628 630/630/630 629/629/629
f 631/631/631 629/629/629 630/630/630
f 630/630/630 632/632/632 631/631/631
f 624/624/624 633/633/633 626/626/626
f 626/626/626 634/634/634 627/627/627
f 633/633/633 634/634/634 626/626/626
f 633/633/633 635/635/635 634/634/634
f 636/636/636 635/635/635 633/633/633
f 635/635/635 637/637/637 634/634/634
f 618/618/618 638/638/638 621/621/621
f 641/641/641 640/640/640 639/639/639
f 639/639/639 640/640/640 642/642/642
f 642/642/642 643/643/643 639/639/639
f 645/645/645 643/643/643 644/644/644
f 646/646/646 645/645/645 644/644/644
f 648/648/648 647/647/647 646/646/646
f 647/647/647 648/648/648 649/649/649
f 647/647/647 649/649/649 650/650/650
f 650/650/650 651/651/651 647/647/647
f 651/651/651 652/652/652 647/647/647
f 649/649/649 648/648/648 653/653/653
f 655/655/655 654/654/654 651/651/651
f 654/654/654 656/656/656 651/651/651
f 657/657/657 654/654/654 655/655/655
f 658/658/658 654/654/654 657/657/657
f 656/656/656 654/654/654 659/659/659
f 660/660/660 654/654/654 658/658/658
f 658/658/658 657/657/657 661/661/661
f 660/660/660 658/658/658 662/662/662
f 664/664/664 655/655/655 663/663/663
f 665/665/665 664/664/664 663/663/663
f 667/667/667 666/666/666 665/665/665
f 669/669/669 652/652/652 668/668/668
f 668/668/668 670/670/670 669/669/669
f 670/670/670 672/672/672 671/671/671
f 671/671/671 668/668/668 673/673/673
f 643/643/643 675/675/675 674/674/674
f 676/676/676 674/674/674 675/675/675
f 676/676/676 677/677/677 674/674/674
f 678/678/678 674/674/674 677/677/677
f 681/681/681 680/680/680 679/679/679
f 682/682/682 679/679/679 680/680/680
f 679/679/679 682/682/682 683/683/683
f 680/680/680 681/681/681 684/684/684
f 685/685/685 684/684/684 681/681/681
f 686/686/686 683/683/683 682/682/682
f 683/683/683 686/686/686 687/687/687
f 684/684/684 685/685/685 688/688/688
f 689/689/689 688/688/688 685/685/685
f 688/688/688 689/689/689 690/690/690
f 691/691/691 690/690/690 689/689/689
f 687/687/687 686/686/686 691/691/691
f 690/690/690 691/691/691 686/686/686
f 694/694/694 693/693/693 692/692/692
f 695/695/695 693/693/693 694/694/694
f 695/695/695 694/694/694 696/696/696
f 696/696/696 694/694/694 697/697/697
f 696/696/696 697/697/697 698/698/698
f 698/698/698 697/697/697 699/699/699
f 698/698/698 699/699/699 700/700/700
f 700/700/700 699/699/699 701/701/701
f 695/695/695 702/702/702 693/693/693
f 695/695/695 696/696/696 702/702/702
f 696/696/696 698/698/698 703/703/703
f 693/693/693 702/702/702 704/704/704
f 698/698/698 700/700/700 705/705/705
f 703/703/703 698/698/698 705/705/705
f 696/696/696 706/706/706 702/702/702
f 706/706/706 696/696/696 703/703/703
f 704/704/704 702/702/702 707/707/707
f 702/702/702 706/706/706 708/708/708
f 707/707/707 702/702/702 708/708/708
f 709/709/709 706/706/706 703/703/703
f 708/708/708 706/706/706 709/709/709
f 703/703/703 705/705/705 710/710/710
f 711/711/711 709/709/709 703/703/703
f 703/703/703 710/710/710 711/711/711
f 712/712/712 707/707/707 708/708/708
f 713/713/713 708/708/708 709/709/709
f 712/712/712 708/708/708 713/713/713
f 711/711/711 714/714/714 709/709/709
f 713/713/713 709/709/709 714/714/714
f 715/715/715 712/712/712 713/713/713
f 716/716/716 715/715/715 713/713/713
f 711/711/711 710/710/710 717/717/717
f 717/717/717 714/714/714 711/711/711
f 713/713/713 714/714/714 718/718/718
f 713/713/713 718/718/718 719/719/719
f 720/720/720 718/718/718 714/714/714
f 720/720/720 714/714/714 717/717/717
f 717/717/717 710/710/710 721/721/721
f 712/712/712 722/722/722 707/707/707
f 723/723/723 722/722/722 712/712/712
f 723/723/723 712/712/712 715/715/715
f 726/726/726 725/725/725 724/724/724
f 726/726/726 727/727/727 725/725/725
f 726/726/726 724/724/724 728/728/728
f 726/726/726 729/729/729 727/727/727
f 729/729/729 730/730/730 727/727/727
f 731/731/731 730/730/730 729/729/729
f 732/732/732 726/726/726 728/728/728
f 732/732/732 729/729/729 726/726/726
f 733/733/733 732/732/732 728/728/728
f 731/731/731 729/729/729 734/734/734
f 729/729/729 732/732/732 734/734/734
f 735/735/735 732/732/732 733/733/733
f 734/734/734 732/732/732 735/735/735
f 731/731/731 734/734/734 736/736/736
f 735/735/735 733/733/733 737/737/737
f 734/734/734 735/735/735 738/738/738
f 737/737/737 738/738/738 735/735/735
f 739/739/739 736/736/736 734/734/734
f 740/740/740 734/734/734 738/738/738
f 739/739/739 734/734/734 740/740/740
f 741/741/741 740/740/740 738/738/738
f 739/739/739 740/740/740 741/741/741
f 742/742/742 741/741/741 738/738/738
f 743/743/743 739/739/739 741/741/741
f 744/744/744 738/738/738 737/737/737
f 742/742/742 738/738/738 744/744/744
f 742/742/742 744/744/744 745/745/745
f 745/745/745 744/744/744 746/746/746
f 749/749/749 748/748/748 747/747/747
f 748/748/748 750/750/750 747/747/747
f 751/751/751 747/747/747 750/750/750
f 751/751/751 752/752/752 747/747/747
f 751/751/751 750/750/750 753/753/753
f 750/750/750 748/748/748 754/754/754
f 753/753/753 750/750/750 755/755/755
f 750/750/750 754/754/754 755/755/755
f 756/756/756 753/753/753 755/755/755
f 755/755/755 754/754/754 757/757/757
f 756/756/756 755/755/755 757/757/757
f 753/753/753 756/756/756 758/758/758
f 757/757/757 754/754/754 759/759/759
f 756/756/756 757/757/757 760/760/760
f 756/756/756 761/761/761 758/758/758
f 759/759/759 762/762/762 757/757/757
f 760/760/760 757/757/757 762/762/762
f 761/761/761 756/756/756 763/763/763
f 756/756/756 764/764/764 763/763/763
f 756/756/756 760/760/760 764/764/764
f 761/761/761 763/763/763 765/765/765
f 763/763/763 764/764/764 765/765/765
f 765/765/765 766/766/766 761/761/761
f 766/766/766 765/765/765 767/767/767
f 768/768/768 764/764/764 760/760/760
f 768/768/768 765/765/765 764/764/764
f 769/769/769 760/760/760 762/762/762
f 765/765/765 770/770/770 767/767/767
f 767/767/767 770/770/770 771/771/771
f 772/772/772 768/768/768 760/760/760
f 772/772/772 760/760/760 769/769/769
f 773/773/773 765/765/765 768/768/768
f 770/770/770 765/765/765 773/773/773
f 771/771/771 770/770/770 774/774/774
f 774/774/774 775/775/775 771/771/771
f 776/776/776 768/768/768 772/772/772
f 776/776/776 773/773/773 768/768/768
f 772/772/772 769/769/769 777/777/777
f 777/777/777 776/776/776 772/772/772
f 778/778/778 770/770/770 773/773/773
f 770/770/770 778/778/778 774/774/774
f 773/773/773 776/776/776 778/778/778
f 775/775/775 774/774/774 779/779/779
f 779/779/779 774/774/774 778/778/778
f 777/777/777 769/769/769 780/780/780
f 781/781/781 779/779/779 778/778/778
f 776/776/776 782/782/782 778/778/778
f 782/782/782 781/781/781 778/778/778
f 780/780/780 783/783/783 777/777/777
f 777/777/777 784/784/784 776/776/776
f 776/776/776 784/784/784 782/782/782
f 785/785/785 777/777/777 783/783/783
f 784/784/784 777/777/777 785/785/785
f 786/786/786 771/771/771 775/775/775
f 787/787/787 771/771/771 786/786/786
f 789/789/789 787/787/787 788/788/788
f 789/789/789 788/788/788 790/790/790
f 791/791/791 786/786/786 788/788/788
f 789/789/789 793/793/793 792/792/792
f 792/792/792 793/793/793 794/794/794
f 792/792/792 795/795/795 789/789/789
f 792/792/792 794/794/794 766/766/766
f 792/792/792 766/766/766 787/787/787
f 794/794/794 796/796/796 766/766/766
f 767/767/767 797/797/797 766/766/766
f 767/767/767 771/771/771 787/787/787
f 798/798/798 761/761/761 766/766/766
f 798/798/798 799/799/799 761/761/761
f 758/758/758 761/761/761 799/799/799
f 800/800/800 753/753/753 758/758/758
f 751/751/751 753/753/753 800/800/800
f 751/751/751 800/800/800 801/801/801
f 752/752/752 751/751/751 801/801/801
f 802/802/802 752/752/752 801/801/801
f 805/805/805 804/804/804 803/803/803
f 803/803/803 804/804/804 806/806/806
f 804/804/804 807/807/807 806/806/806
f 806/806/806 807/807/807 808/808/808
f 809/809/809 806/806/806 808/808/808
f 810/810/810 803/803/803 806/806/806
f 810/810/810 806/806/806 809/809/809
f 811/811/811 809/809/809 808/808/808
f 812/812/812 809/809/809 811/811/811
f 810/810/810 809/809/809 812/812/812
f 813/813/813 810/810/810 812/812/812
f 812/812/812 811/811/811 814/814/814
f 814/814/814 815/815/815 812/812/812
f 812/812/812 816/816/816 813/813/813
f 815/815/815 817/817/817 812/812/812
f 817/817/817 816/816/816 812/812/812
f 818/818/818 813/813/813 816/816/816
f 818/818/818 816/816/816 819/819/819
f 820/820/820 816/816/816 817/817/817
f 820/820/820 819/819/819 816/816/816
f 820/820/820 817/817/817 821/821/821
f 822/822/822 821/821/821 817/817/817
f 817/817/817 823/823/823 822/822/822
f 823/823/823 817/817/817 815/815/815
f 822/822/822 824/824/824 821/821/821
f 821/821/821 824/824/824 825/825/825
f 825/825/825 824/824/824 826/826/826
f 825/825/825 826/826/826 827/827/827
f 821/821/821 825/825/825 828/828/828
f 829/829/829 820/820/820 821/821/821
f 828/828/828 829/829/829 821/821/821
f 825/825/825 827/827/827 830/830/830
f 828/828/828 825/825/825 830/830/830
f 819/819/819 820/820/820 831/831/831
f 831/831/831 820/820/820 829/829/829
f 832/832/832 829/829/829 828/828/828
f 830/830/830 832/832/832 828/828/828
f 829/829/829 832/832/832 833/833/833
f 834/834/834 831/831/831 829/829/829
f 829/829/829 833/833/833 834/834/834
f 835/835/835 833/833/833 832/832/832
f 835/835/835 834/834/834 833/833/833
f 836/836/836 831/831/831 834/834/834
f 837/837/837 834/834/834 835/835/835
f 838/838/838 836/836/836 834/834/834
f 837/837/837 839/839/839 834/834/834
f 837/837/837 840/840/840 839/839/839
f 834/834/834 839/839/839 841/841/841
f 841/841/841 838/838/838 834/834/834
f 843/843/843 826/826/826 842/842/842
f 826/826/826 824/824/824 842/842/842
f 844/844/844 842/842/842 824/824/824
f 844/844/844 824/824/824 822/822/822
f 844/844/844 822/822/822 823/823/823
f 823/823/823 845/845/845 844/844/844
f 847/847/847 845/845/845 846/846/846
f 848/848/848 846/846/846 845/845/845
f 850/850/850 849/849/849 844/844/844
f 851/851/851 849/849/849 850/850/850
f 843/843/843 853/853/853 852/852/852
f 856/856/856 855/855/855 854/854/854
f 858/858/858 857/857/857 856/856/856
f 858/858/858 859/859/859 857/857/857
f 862/862/862 861/861/861 860/860/860
f 861/861/861 862/862/862 863/863/863
f 864/864/864 863/863/863 862/862/862
f 863/863/863 864/864/864 865/865/865
f 867/867/867 864/864/864 866/866/866
f 866/866/866 868/868/868 867/867/867
f 864/864/864 869/869/869 866/866/866
f 869/869/869 868/868/868 866/866/866
f 872/872/872 871/871/871 870/870/870
f 875/875/875 874/874/874 873/873/873
f 878/878/878 877/877/877 876/876/876
f 880/880/880 879/879/879 877/877/877
f 883/883/883 882/882/882 881/881/881
f 884/884/884 881/881/881 882/882/882
f 886/886/886 885/885/885 884/884/884
f 885/885/885 886/886/886 887/887/887
f 888/888/888 887/887/887 886/886/886
f 887/887/887 888/888/888 889/889/889
f 890/890/890 889/889/889 888/888/888
f 891/891/891 887/887/887 889/889/889
f 887/887/887 891/891/891 892/892/892
f 891/891/891 893/893/893 892/892/892
f 894/894/894 892/892/892 893/893/893
f 894/894/894 893/893/893 895/895/895
f 893/893/893 896/896/896 895/895/895
f 889/889/889 890/890/890 897/897/897
f 898/898/898 897/897/897 890/890/890
f 899/899/899 896/896/896 893/893/893
f 900/900/900 893/893/893 891/891/891
f 897/897/897 898/898/898 901/901/901
f 891/891/891 889/889/889 902/902/902
f 903/903/903 901/901/901 898/898/898
f 889/889/889 897/897/897 904/904/904
f 904/904/904 897/897/897 901/901/901
f 904/904/904 902/902/902 889/889/889
f 901/901/901 903/903/903 905/905/905
f 893/893/893 906/906/906 899/899/899
f 900/900/900 906/906/906 893/893/893
f 907/907/907 891/891/891 902/902/902
f 901/901/901 908/908/908 904/904/904
f 909/909/909 908/908/908 901/901/901
f 909/909/909 910/910/910 908/908/908
f 902/902/902 911/911/911 900/900/900
f 911/911/911 902/902/902 912/912/912
f 904/904/904 912/912/912 902/902/902
f 912/912/912 904/904/904 913/913/913
f 908/908/908 913/913/913 904/904/904
f 915/915/915 910/910/910 914/914/914
f 917/917/917 916/916/916 915/915/915
f 916/916/916 917/917/917 918/918/918
f 920/920/920 919/919/919 906/906/906
f 919/919/919 920/920/920 911/911/911
f 910/910/910 922/922/922 921/921/921
f 913/913/913 924/924/924 923/923/923
f 926/926/926 925/925/925 892/892/892
f 929/929/929 928/928/928 927/927/927
f 932/932/932 931/931/931 930/930/930
f 931/931/931 932/932/932 933/933/933
f 935/935/935 934/934/934 932/932/932
f 935/935/935 936/936/936 934/934/934
f 937/937/937 932/932/932 934/934/934
f 937/937/937 938/938/938 932/932/932
f 938/938/938 933/933/933 939/939/939
f 933/933/933 938/938/938 940/940/940
f 941/941/941 940/940/940 938/938/938
f 940/940/940 941/941/941 942/942/942
f 943/943/943 942/942/942 941/941/941
f 941/941/941 938/938/938 944/944/944
f 938/938/938 937/937/937 944/944/944
f 945/945/945 937/937/937 934/934/934
f 937/937/937 945/945/945 944/944/944
f 942/942/942 943/943/943 946/946/946
f 947/947/947 946/946/946 943/943/943
f 943/943/943 941/941/941 948/948/948
f 943/943/943 948/948/948 947/947/947
f 944/944/944 948/948/948 941/941/941
f 946/946/946 947/947/947 949/949/949
f 934/934/934 950/950/950 945/945/945
f 951/951/951 950/950/950 934/934/934
f 952/952/952 951/951/951 934/934/934
f 953/953/953 952/952/952 934/934/934
f 954/954/954 947/947/947 948/948/948
f 954/954/954 955/955/955 947/947/947
f 956/956/956 955/955/955 954/954/954
f 957/957/957 956/956/956 954/954/954
f 960/960/960 959/959/959 958/958/958
f 959/959/959 960/960/960 961/961/961
f 962/962/962 961/961/961 960/960/960
f 962/962/962 960/960/960 963/963/963
f 966/966/966 965/965/965 964/964/964
f 965/965/965 966/966/966 967/967/967
f 970/970/970 969/969/969 968/968/968
f 971/971/971 968/968/968 969/969/969
f 968/968/968 971/971/971 972/972/972
f 975/975/975 974/974/974 973/973/973
f 977/977/977 976/976/976 974/974/974
f 980/980/980 979/979/979 978/978/978
f 983/983/983 982/982/982 981/981/981
f 982/982/982 983/983/983 984/984/984
f 984/984/984 985/985/985 982/982/982
