,STRING,INT,STRING,INT,INT,INT,INT,INT,STRING
*,MapID,Group,NpcID,PosX,PosZ,PosO,ReBirthType,ReBirthTime,PathId
*,1001,1,900101,0,0,0,2,-1,
*,1002,1,900102,0,0,0,2,-1,
*,1003,1,900103,0,0,0,2,-1,
*,1004,1,900104,0,0,0,2,-1,
*,1005,1,900105,0,0,0,2,-1,
*,1006,1,900106,0,0,0,2,-1,
*,1007,1,900107,0,0,0,2,-1,
*,101,9999,1001,366,5162,0,0,-1,
*,101,9999,1003,4311,2986,0,0,-1,
*,101,9999,1006,-5003,5429,9020,0,-1,
*,101,9999,1010,4404,-1219,-17247,0,-1,
*,101,9999,1013,-3435,-1235,0,0,-1,
*,101,9999,1014,6336,6299,17825,0,-1,
*,101,9999,1027,-1473,6458,-9441,0,-1,
*,101,9999,1028,3818,8918,-17996,0,-1,
*,101,9999,1036,-4220,-3962,17060,0,-1,
*,101,9999,1042,5361,3524,-8944,0,-1,101001
*,101,9999,1042,6430,-2660,-8944,0,-1,101004
*,101,9999,1042,-2083,3596,-8944,0,-1,101003
*,101,9999,1042,3556,776,-8944,0,-1,101002
*,101,9999,1043,-1578,1999,17528,0,-1,
*,101,9999,1044,-3845,5443,-40,0,-1,101003
*,101,9999,1044,3813,5147,-40,0,-1,101001
*,101,9999,1044,569,3785,-40,0,-1,101002
*,101,9999,1044,4117,-3765,-40,0,-1,101004
*,101,9999,1045,3799,3262,-17946,0,-1,101001
*,101,9999,1045,2666,4048,-17947,0,-1,101002
*,101,9999,1045,-3801,3332,-17947,0,-1,101003
*,101,9999,1045,4555,-2088,-17947,0,-1,101004
*,101,9999,1046,4129,6189,-9319,0,-1,101002
*,101,9999,1046,-732,3303,-9319,0,-1,101001
*,101,9999,1046,-4655,3963,-9319,0,-1,101003
*,101,9999,1046,5303,-2587,-9319,0,-1,101004
*,101,9999,1047,3448,-5128,0,0,-1,
*,101,9999,1079,4281,496,-9000,0,-1,
*,101,9999,1080,4266,1387,-9000,0,-1,
*,102,1,3002,-1936,-882,0,0,-1,
*,102,1,3002,-1751,537,0,0,-1,
*,102,1,3002,-1841,-310,0,0,-1,
*,102,1,3002,-1750,76,0,0,-1,
*,102,1,3002,-2225,95,0,0,-1,
*,102,1,3002,-2082,-655,0,0,-1,
*,102,2,3001,3147,-3364,0,0,-1,
*,102,2,3001,3287,-2595,0,0,-1,
*,102,2,3001,2933,-3033,0,0,-1,
*,102,2,3001,3284,-2879,0,0,-1,
*,102,2,3001,3235,-2299,0,0,-1,
*,102,2,3001,2975,-2611,0,0,-1,
*,102,3,3003,4835,-2768,0,0,-1,
*,102,3,3003,4779,-3389,0,0,-1,
*,102,3,3003,4334,-3480,0,0,-1,
*,102,3,3003,4555,-3073,0,0,-1,
*,102,3,3003,4755,-2392,0,0,-1,
*,102,3,3003,4531,-2522,0,0,-1,
*,102,4,3006,-3517,-560,0,0,-1,
*,102,4,3006,-3777,470,0,0,-1,
*,102,4,3006,-3962,-270,0,0,-1,
*,102,4,3006,-3644,155,0,0,-1,
*,102,4,3006,-4067,-586,0,0,-1,
*,102,4,3006,-4134,228,0,0,-1,
*,102,5,3004,-169,5450,0,0,-1,
*,102,5,3004,-58,5191,0,0,-1,
*,102,5,3004,70,4957,0,0,-1,
*,102,5,3004,-711,5592,0,0,-1,
*,102,5,3004,-434,5597,0,0,-1,
*,102,5,3004,-408,5276,0,0,-1,
*,102,6,3005,-1057,4369,0,0,-1,
*,102,6,3005,-1195,4605,0,0,-1,
*,102,6,3005,-1341,4820,0,0,-1,
*,102,6,3005,-993,4146,0,0,-1,
*,102,6,3005,-993,4612,0,0,-1,
*,102,6,3005,-889,4361,0,0,-1,
*,102,9999,1014,-3035,-4893,0,0,-1,
*,102,9999,1020,-3561,3977,17899,0,-1,
*,102,9999,1021,5270,1893,-8457,0,-1,
*,102,9999,1038,2781,530,0,0,-1,
*,104,1,301,-4502,635,0,0,-1,
*,104,1,301,-3971,488,0,0,-1,
*,104,1,301,-4467,1038,0,0,-1,
*,104,1,301,-3625,612,0,0,-1,
*,104,1,301,-4875,1040,0,0,-1,
*,104,1,301,-3394,980,0,0,-1,
*,104,1,301,-4061,888,0,0,-1,
*,104,1,301,-3731,845,0,0,-1,
*,104,2,302,4432,-188,0,0,-1,
*,104,2,302,4120,-101,0,0,-1,
*,104,2,302,3925,-911,0,0,-1,
*,104,2,302,4334,-863,0,0,-1,
*,104,2,302,3865,-490,0,0,-1,
*,104,2,302,4251,-468,0,0,-1,
*,104,2,302,4263,-1228,0,0,-1,
*,104,2,302,3847,-1368,0,0,-1,
*,104,3,303,-5012,3031,0,0,-1,
*,104,3,303,-5012,2399,0,0,-1,
*,104,3,303,-5580,3587,0,0,-1,
*,104,3,303,-4638,3587,0,0,-1,
*,104,3,303,-4398,2833,0,0,-1,
*,104,3,303,-3797,3131,0,0,-1,
*,104,3,303,-4766,1921,0,0,-1,
*,104,3,303,-4766,3151,0,0,-1,
*,104,4,205,560,-6930,0,0,-1,
*,104,4,205,267,-7034,0,0,-1,
*,104,4,205,455,-6740,0,0,-1,
*,104,4,205,-165,-6510,0,0,-1,
*,104,4,205,-229,-6865,0,0,-1,
*,104,4,205,387,-6463,0,0,-1,
*,104,4,205,480,-7240,0,0,-1,
*,104,4,205,-322,-7340,0,0,-1,
*,104,5,203,4102,-4311,0,0,-1,
*,104,5,203,4062,-3809,0,0,-1,
*,104,5,203,4394,-3554,0,0,-1,
*,104,5,203,3937,-3288,0,0,-1,
*,104,5,203,4514,-4036,0,0,-1,
*,104,5,203,4432,-3058,0,0,-1,
*,104,5,203,3883,-2904,0,0,-1,
*,104,5,203,4681,-3337,0,0,-1,
*,104,6,72001,-3052,-4793,0,0,30,104001
*,104,6,72001,-3029,-4358,0,0,30,104002
*,104,6,72001,1260,2466,0,0,30,104003
*,104,6,72001,2353,-4786,0,0,30,104004
*,104,6,72001,3667,4006,0,0,30,104005
*,104,7,72002,-1111,-2461,0,0,30,104001
*,104,7,72002,588,-4992,0,0,30,104002
*,104,7,72002,1039,4911,0,0,30,104005
*,104,7,72002,-973,-4490,0,0,30,104004
*,104,7,72002,-902,3649,0,0,30,104003
*,104,8,72003,-2317,-4486,0,0,30,104001
*,104,8,72003,1623,3970,0,0,30,104005
*,104,8,72003,-5278,-4298,0,0,30,104002
*,104,8,72003,-2082,1630,0,0,30,104003
*,104,8,72003,-46,-5201,0,0,30,104004
*,104,9999,1008,1625,-6254,-9000,0,-1,
*,104,9999,1017,4175,3678,-7666,0,-1,
*,104,9999,1018,-2558,-5326,0,0,-1,
*,104,9999,1019,1616,5597,9000,0,-1,
*,104,9999,1022,3335,-194,9000,0,-1,
*,104,9999,1037,5110,-3607,-9000,0,-1,
*,104,9999,1050,1636,-1464,-9000,0,-1,
*,104,9999,1051,-1674,-873,9000,0,-1,
*,104,9999,1052,-4644,108,0,0,-1,
*,104,9999,1053,1225,-5341,-8910,0,-1,
*,104,9999,1077,4965,-1200,-9000,0,-1,
*,105,1,601,-4741,-5457,0,0,-1,
*,105,1,601,-5075,-5881,0,0,-1,
*,105,1,601,-5652,-5384,0,0,-1,
*,105,1,601,-6106,-5749,0,0,-1,
*,105,1,601,-6040,-4906,0,0,-1,
*,105,1,601,-5188,-5301,0,0,-1,
*,105,1,601,-4654,-5923,0,0,-1,
*,105,1,601,-5615,-5774,0,0,-1,
*,105,2,602,3194,-2180,0,0,-1,
*,105,2,602,3864,-2418,0,0,-1,
*,105,2,602,3450,-2416,0,0,-1,
*,105,2,602,3525,-2149,0,0,-1,
*,105,2,602,2891,-2283,0,0,-1,
*,105,2,602,4128,-2143,0,0,-1,
*,105,2,602,2955,-2438,0,0,-1,
*,105,2,602,3711,-2062,0,0,-1,
*,105,3,603,2380,4644,0,0,-1,
*,105,3,603,3352,4237,0,0,-1,
*,105,3,603,2790,4153,0,0,-1,
*,105,3,603,2895,4637,0,0,-1,
*,105,3,603,3115,3966,0,0,-1,
*,105,3,603,2527,3903,0,0,-1,
*,105,3,603,2204,4257,0,0,-1,
*,105,3,603,3387,3880,0,0,-1,
*,105,4,604,-4671,3260,0,0,-1,
*,105,4,604,-4479,3601,0,0,-1,
*,105,4,604,-4760,3792,0,0,-1,
*,105,4,604,-4342,3071,0,0,-1,
*,105,4,604,-4913,3479,0,0,-1,
*,105,4,604,-4893,2992,0,0,-1,
*,105,5,605,2704,-153,0,0,-1,
*,105,5,605,3219,-186,0,0,-1,
*,105,5,605,2669,-715,0,0,-1,
*,105,5,605,2953,-21,0,0,-1,
*,105,5,605,2737,-373,0,0,-1,
*,105,5,605,3421,-103,0,0,-1,
*,105,6,606,-3791,-3434,0,0,-1,
*,105,6,606,-4118,-3650,0,0,-1,
*,105,6,606,-4516,-3988,0,0,-1,
*,105,6,606,-4382,-4304,0,0,-1,
*,105,6,606,-3902,-3955,0,0,-1,
*,105,6,606,-5011,-4303,0,0,-1,
*,105,7,607,2660,2801,0,0,-1,
*,105,7,607,2451,2325,0,0,-1,
*,105,7,607,2289,2711,0,0,-1,
*,105,7,607,2625,2484,0,0,-1,
*,105,7,607,2044,2341,0,0,-1,
*,105,7,607,2080,2119,0,0,-1,
*,105,8,71001,4174,-4015,-9110,0,30,105001
*,105,8,71001,-1800,2756,-9109,0,30,105002
*,105,8,71001,219,2497,-9109,0,30,105005
*,105,8,71001,1022,4853,-9109,0,30,105003
*,105,8,71001,-2305,-5418,-9109,0,30,105004
*,105,9,71002,3093,-3425,0,0,30,105001
*,105,9,71002,-1830,-4200,0,0,30,105004
*,105,9,71002,874,4522,0,0,30,105003
*,105,9,71002,-2122,1360,0,0,30,105002
*,105,9,71002,-386,1800,0,0,30,105005
*,105,10,71003,5368,-3419,0,0,30,105001
*,105,10,71003,-238,4898,0,0,30,105003
*,105,10,71003,-2919,-3350,0,0,30,105004
*,105,10,71003,-2103,2091,0,0,30,105002
*,105,10,71003,-321,2171,0,0,30,105005
*,105,11,610,5153,2681,0,0,-1,
*,105,11,610,4628,2677,0,0,-1,
*,105,9999,1002,-6416,-2037,12000,0,-1,
*,105,9999,1012,-426,-5990,2000,0,-1,
*,105,9999,1013,5098,996,-9000,0,-1,
*,105,9999,1015,-94,-1105,17999,0,-1,
*,105,9999,1016,0,4996,17999,0,-1,
*,105,9999,1066,2147,-3350,-17989,0,-1,
*,105,9999,1067,-4753,4784,-17999,0,-1,
*,105,9999,1068,-4811,-1471,9000,0,-1,
*,105,9999,1069,-756,1564,4500,0,-1,
*,105,9999,1070,-2200,0,9000,0,-1,
*,105,9999,1071,-1767,-4873,-9000,0,-1,
*,106,1,6001,-234,2979,0,0,-1,
*,106,1,6001,933,3948,0,0,-1,
*,106,1,6001,1780,3425,0,0,-1,
*,106,1,6001,376,4323,0,0,-1,
*,106,1,6001,1643,4255,0,0,-1,
*,106,1,6001,-683,4184,0,0,-1,
*,106,1,6001,182,3579,0,0,-1,
*,106,1,6001,1091,3132,0,0,-1,
*,106,2,6002,-4687,630,0,0,-1,
*,106,2,6002,-2764,242,0,0,-1,
*,106,2,6002,-2899,-326,0,0,-1,
*,106,2,6002,-2644,-1074,0,0,-1,
*,106,2,6002,-4092,143,0,0,-1,
*,106,2,6002,-3449,550,0,0,-1,
*,106,2,6002,-4131,1112,0,0,-1,
*,106,2,6002,-4887,-98,0,0,-1,
*,106,3,6003,4041,0,0,0,-1,
*,106,3,6003,4751,183,0,0,-1,
*,106,3,6003,5525,-1105,0,0,-1,
*,106,3,6003,3826,-835,0,0,-1,
*,106,3,6003,5408,507,0,0,-1,
*,106,3,6003,4763,-556,0,0,-1,
*,106,3,6003,5684,-330,0,0,-1,
*,106,3,6003,4992,-1323,0,0,-1,
*,106,4,6004,3893,2086,0,0,-1,
*,106,4,6004,3595,2616,0,0,-1,
*,106,4,6004,4501,1939,0,0,-1,
*,106,4,6004,4263,3183,0,0,-1,
*,106,4,6004,4638,2490,0,0,-1,
*,106,4,6004,5431,2347,0,0,-1,
*,106,4,6004,4921,2911,0,0,-1,
*,106,4,6004,4641,3545,0,0,-1,
*,106,5,6005,749,898,0,0,-1,
*,106,5,6005,1433,1181,0,0,-1,
*,106,5,6005,1433,1845,0,0,-1,
*,106,5,6005,1137,396,0,0,-1,
*,106,5,6005,2099,1392,0,0,-1,
*,106,5,6005,1755,520,0,0,-1,
*,106,5,6005,2135,306,0,0,-1,
*,106,5,6005,701,1562,0,0,-1,
*,107,1,4001,3712,-2682,0,0,-1,
*,107,1,4001,3626,-2392,0,0,-1,
*,107,1,4001,4198,-2480,0,0,-1,
*,107,1,4001,4276,-2758,0,0,-1,
*,107,1,4001,4455,-2125,0,0,-1,
*,107,1,4001,4758,-2487,0,0,-1,
*,107,1,4001,3844,-2114,0,0,-1,
*,107,1,4001,3295,-2629,0,0,-1,
*,107,2,4002,-1829,458,0,0,-1,
*,107,2,4002,-1200,571,0,0,-1,
*,107,2,4002,-947,263,0,0,-1,
*,107,2,4002,-2722,144,0,0,-1,
*,107,2,4002,-1531,263,0,0,-1,
*,107,2,4002,-2117,144,0,0,-1,
*,107,2,4002,-503,526,0,0,-1,
*,107,2,4002,-361,167,0,0,-1,
*,107,3,4003,-1167,-5071,0,0,-1,
*,107,3,4003,-531,-5172,0,0,-1,
*,107,3,4003,77,-5194,0,0,-1,
*,107,3,4003,-116,-4791,0,0,-1,
*,107,3,4003,-975,-4537,0,0,-1,
*,107,3,4003,222,-4871,0,0,-1,
*,107,3,4003,-607,-4685,0,0,-1,
*,107,3,4003,-865,-4978,0,0,-1,
*,107,4,4004,4503,3024,0,0,-1,
*,107,4,4004,4940,2312,0,0,-1,
*,107,4,4004,3861,2936,0,0,-1,
*,107,4,4004,3825,2429,0,0,-1,
*,107,4,4004,4727,2725,0,0,-1,
*,107,4,4004,5192,3047,0,0,-1,
*,107,4,4004,4434,2607,0,0,-1,
*,107,4,4004,3559,2454,0,0,-1,
*,107,5,4005,-4492,583,0,0,-1,
*,107,5,4005,-4481,966,0,0,-1,
*,107,5,4005,-4386,1548,0,0,-1,
*,107,5,4005,-4195,2080,0,0,-1,
*,107,5,4005,-4550,2404,0,0,-1,
*,107,5,4005,-4238,1097,0,0,-1,
*,107,5,4005,-4744,2111,0,0,-1,
*,107,5,4005,-4723,1265,0,0,-1,
*,107,6,4006,-530,4770,0,0,-1,
*,107,6,4006,-1183,4105,0,0,-1,
*,107,6,4006,42,4990,0,0,-1,
*,107,6,4006,85,4281,0,0,-1,
*,107,6,4006,-93,4719,0,0,-1,
*,107,6,4006,-809,4341,0,0,-1,
*,107,6,4006,379,4106,0,0,-1,
*,107,6,4006,-547,4109,0,0,-1,
*,107,7,74001,919,358,0,0,30,107001
*,107,7,74001,-4372,-493,0,0,30,107002
*,107,7,74001,-3701,4632,0,0,30,107003
*,107,7,74001,-920,-3593,0,0,30,107004
*,107,8,74002,2258,2518,0,0,30,107001
*,107,8,74002,-5156,-3639,0,0,30,107002
*,107,8,74002,-3892,-3639,0,0,30,107002
*,107,8,74002,5153,-3639,0,0,30,107004
*,107,9,74003,2282,127,0,0,30,107001
*,107,9,74003,-3339,-3576,0,0,30,107004
*,107,9,74003,-4342,2920,0,0,30,107002
*,107,9,74003,-3766,46,0,0,30,107003
*,107,9999,1023,3952,-1839,-17999,0,-1,
*,107,9999,1024,-4813,503,9000,0,-1,
*,107,9999,1025,-1314,-4640,0,0,-1,
*,107,9999,1026,1177,52,0,0,-1,
*,107,9999,1039,-4509,4233,-17999,0,-1,
*,108,1,5001,3868,-2766,0,0,-1,
*,108,1,5001,3513,-2658,0,0,-1,
*,108,1,5001,3962,-3582,0,0,-1,
*,108,1,5001,4508,-3846,0,0,-1,
*,108,1,5001,4222,-3370,0,0,-1,
*,108,1,5001,3338,-2989,0,0,-1,
*,108,1,5001,4220,-3824,0,0,-1,
*,108,1,5001,3700,-2986,0,0,-1,
*,108,2,5002,6250,-1795,0,0,-1,
*,108,2,5002,6569,-1400,0,0,-1,
*,108,2,5002,5529,-684,0,0,-1,
*,108,2,5002,5878,-1234,0,0,-1,
*,108,2,5002,5803,-1816,0,0,-1,
*,108,2,5002,6155,-738,0,0,-1,
*,108,2,5002,5316,-1311,0,0,-1,
*,108,2,5002,5384,-1025,0,0,-1,
*,108,3,5003,3028,-5612,0,0,-1,
*,108,3,5003,3028,-6298,0,0,-1,
*,108,3,5003,3785,-5800,0,0,-1,
*,108,3,5003,3785,-5209,0,0,-1,
*,108,3,5003,3295,-5209,0,0,-1,
*,108,3,5003,2445,-5029,0,0,-1,
*,108,3,5003,2881,-4726,0,0,-1,
*,108,3,5003,3423,-6054,0,0,-1,
*,108,4,5004,-2904,2787,0,0,-1,
*,108,4,5004,-3710,3426,0,0,-1,
*,108,4,5004,-3043,3402,0,0,-1,
*,108,4,5004,-2666,4265,0,0,-1,
*,108,4,5004,-3533,3969,0,0,-1,
*,108,4,5004,-2362,2690,0,0,-1,
*,108,4,5004,-1932,3096,0,0,-1,
*,108,4,5004,-1652,3799,0,0,-1,
*,108,5,5006,4751,3608,0,0,-1,
*,108,5,5006,6242,3019,0,0,-1,
*,108,5,5006,4421,3362,0,0,-1,
*,108,5,5006,5030,3923,0,0,-1,
*,108,5,5006,6611,2629,0,0,-1,
*,108,5,5006,6806,1943,0,0,-1,
*,108,5,5006,5803,3360,0,0,-1,
*,108,5,5006,5292,3362,0,0,-1,
*,108,6,5005,605,-570,0,0,-1,
*,108,6,5005,605,-120,0,0,-1,
*,108,6,5005,1134,-114,0,0,-1,
*,108,6,5005,1627,395,0,0,-1,
*,108,6,5005,2201,632,0,0,-1,
*,108,6,5005,1627,1067,0,0,-1,
*,108,6,5005,2355,1067,0,0,-1,
*,108,6,5005,1187,-586,0,0,-1,
*,108,9999,1029,-741,-531,16640,0,-1,
*,108,9999,1030,919,-2601,13782,0,-1,
*,108,9999,1031,2337,-6258,4500,0,-1,
*,108,9999,1032,-672,5049,14078,0,-1,
*,108,9999,1040,665,-4192,8063,0,-1,
*,109,1,23102,3643,-399,0,0,30,
*,109,1,23102,5000,-1006,0,0,30,
*,109,1,23102,2712,-1300,0,0,30,
*,109,1,23102,2679,138,0,0,30,
*,109,1,23102,3220,-1002,0,0,30,
*,109,1,23102,4145,-239,0,0,30,
*,109,1,23102,2568,-239,0,0,30,
*,109,1,23102,3220,-2111,0,0,30,
*,109,1,23102,3220,417,0,0,30,
*,109,1,23102,5525,-457,0,0,30,
*,109,2,23103,3559,3172,0,0,30,
*,109,2,23103,2692,3172,0,0,30,
*,109,2,23103,1920,2846,0,0,30,
*,109,2,23103,3381,2359,0,0,30,
*,109,2,23103,3579,3929,0,0,30,
*,109,2,23103,3103,4452,0,0,30,
*,109,2,23103,3103,3734,0,0,30,
*,109,2,23103,2884,2662,0,0,30,
*,109,2,23103,1547,3036,0,0,30,
*,109,2,23103,2121,3320,0,0,30,
*,109,3,23104,-4550,3254,0,0,30,
*,109,3,23104,-3688,3254,0,0,30,
*,109,3,23104,-3688,4206,0,0,30,
*,109,3,23104,-5002,2788,0,0,30,
*,109,3,23104,-5802,2788,0,0,30,
*,109,3,23104,-5279,3256,0,0,30,
*,109,3,23104,-4429,3902,0,0,30,
*,109,3,23104,-3740,2812,0,0,30,
*,109,3,23104,-4274,2439,0,0,30,
*,109,3,23104,-4274,3554,0,0,30,
*,109,4,23105,-5673,-4674,0,0,30,
*,109,4,23105,-7608,-4370,0,0,30,
*,109,4,23105,-5027,-4326,0,0,30,
*,109,4,23105,-4244,-4282,0,0,30,
*,109,4,23105,-8347,-4826,0,0,30,
*,109,4,23105,-7651,-4826,0,0,30,
*,109,4,23105,-6854,-4407,0,0,30,
*,109,4,23105,-4719,-4720,0,0,30,
*,109,4,23105,-8291,-4569,0,0,30,
*,109,4,23105,-6151,-4353,0,0,30,
*,109,5,23106,-4343,7112,0,0,30,
*,109,5,23106,-4343,7637,0,0,30,
*,109,5,23106,-3243,7637,0,0,30,
*,109,5,23106,-3906,7113,0,0,30,
*,109,5,23106,-5097,7377,0,0,30,
*,109,5,23106,-5554,7784,0,0,30,
*,109,5,23106,-4586,6419,0,0,30,
*,109,5,23106,-4586,7893,0,0,30,
*,109,5,23106,-4586,7893,0,0,30,
*,109,5,23106,-3670,7893,0,0,30,
*,109,6,23107,-421,-3400,0,0,30,
*,109,6,23107,-700,-3643,0,0,30,
*,109,6,23107,-1434,-3331,0,0,30,
*,109,6,23107,1210,-3147,0,0,30,
*,109,6,23107,-2628,-3147,0,0,30,
*,109,6,23107,-1978,-3647,0,0,30,
*,109,6,23107,1261,-3647,0,0,30,
*,109,6,23107,-2631,-3647,0,0,30,
*,109,6,23107,227,-2884,0,0,30,
*,109,6,23107,642,-3468,0,0,30,
*,109,7,23108,-4484,-601,0,0,30,
*,109,7,23108,-4484,-1526,0,0,30,
*,109,7,23108,-4208,-759,0,0,30,
*,109,7,23108,-4954,-759,0,0,30,
*,109,7,23108,-5236,-169,0,0,30,
*,109,7,23108,-4695,-2107,0,0,30,
*,109,7,23108,-5036,-3,0,0,30,
*,109,7,23108,-4015,-251,0,0,30,
*,109,7,23108,-4015,-1550,0,0,30,
*,109,7,23108,-4972,-1867,0,0,30,
*,109,7,23108,-8472,-4501,0,0,30,
*,109,7,23108,-6037,-4546,0,0,30,
*,109,9999,1033,8902,-4629,0,0,-1,
*,109,9999,1096,8902,7163,0,0,-1,
*,109,9999,1097,-7643,2744,0,0,-1,
*,109,9999,1034,-2500,2987,0,0,-1,
*,109,10001,23101,8787,-5108,0,0,-1,109001
*,109,10002,23101,8866,6850,0,0,-1,109002
*,109,10003,23101,-7748,3035,0,0,-1,109003
*,11,1,9906,-7863,9491,8632,0,-1,11001
*,11,1,9906,-5661,9632,8632,0,-1,11001
*,11,1,9906,-3728,3043,8632,0,-1,11001
*,11,1,9906,-3677,6548,8632,0,-1,11001
*,11,1,9906,-3898,9674,17916,0,-1,11001
*,11,1,9906,45606,39196,1120,0,-1,11002
*,11,1,9906,44717,41826,6100,0,-1,11002
*,11,1,9906,47286,40812,-2560,0,-1,11002
*,11,1,9906,47455,37905,-2560,0,-1,11002
*,11,1,9906,49388,46465,-14239,0,-1,11002
*,11,1,9906,39001,27317,12430,0,-1,11003
*,11,1,9906,45815,24226,-8410,0,-1,11003
*,11,1,9906,41132,26076,12580,0,-1,11003
*,11,1,9906,38017,21756,6900,0,-1,11003
*,11,1,9906,40703,24319,9590,0,-1,11003
*,11,1,9906,-12451,2655,-17219,0,-1,11004
*,11,1,9906,-20902,-3504,9879,0,-1,11004
*,11,1,9906,-13705,-13026,380,0,-1,11004
*,11,1,9906,-20244,-14794,3209,0,-1,11004
*,11,1,9906,-13115,-9408,-791,0,-1,11004
*,11,1,9906,-2196,-7932,-8630,0,-1,11004
*,11,1,9906,-8921,-7497,-8630,0,-1,11004
*,11,1,9906,-7028,26205,8909,0,-1,11005
*,11,1,9906,-12119,26125,8909,0,-1,11005
*,11,1,9906,-3348,26263,8909,0,-1,11005
*,11,1,9906,-2285,30955,17930,0,-1,11005
*,11,1,9906,-1911,17792,-130,0,-1,11005
*,11,1,9906,24000,30000,8208,0,-1,11006
*,11,1,9906,17021,28662,8209,0,-1,11006
*,11,1,9906,24219,25172,150,0,-1,11006
*,11,1,9906,30149,31785,-10047,0,-1,11006
*,11,1,9906,20132,1358,10340,0,-1,11007
*,11,1,9906,20586,5698,17789,0,-1,11007
*,11,1,9906,20674,3297,17789,0,-1,11007
*,11,1,9906,26904,105,-8469,0,-1,11007
*,11,1,9906,24303,346,-8469,0,-1,11007
*,11,1,9906,19466,34632,8030,0,-1,11008
*,11,1,9906,21383,34959,8030,0,-1,11008
*,11,1,9906,23338,39613,17369,0,-1,11008
*,11,1,9906,23596,37275,17370,0,-1,11008
*,11,1,9906,1060,19373,17370,0,-1,11009
*,11,1,9906,1504,14607,-130,0,-1,11009
*,11,1,9906,6424,18048,-9730,0,-1,11009
*,11,1,9906,327,17298,9045,0,-1,11009
*,11,1,9906,12344,57965,11900,0,-1,11010
*,11,1,9906,16983,57009,-14749,0,-1,11010
*,11,1,9906,13359,51320,2749,0,-1,11010
*,11,1,9906,7972,54774,8009,0,-1,11010
*,11,1,9906,-10100,35664,8010,0,-1,11011
*,11,1,9906,-6154,36353,8010,0,-1,11011
*,11,1,9906,-3231,39061,17830,0,-1,11011
*,11,1,9906,-3595,30222,-499,0,-1,11011
*,11,1,9906,-24519,51129,7899,0,-1,11012
*,11,1,9906,-15478,52008,-9620,0,-1,11012
*,11,1,9906,-19883,58372,17189,0,-1,11012
*,11,1,9906,-19335,54521,17190,0,-1,11012
*,11,1,9906,-22674,53745,12120,0,-1,11012
*,11,1,9906,46589,-26085,-6959,0,-1,11013
*,11,1,9906,44643,-20138,-16439,0,-1,11013
*,11,1,9906,42782,-26318,2220,0,-1,11013
*,11,1,9906,43857,-28044,-499,0,-1,11013
*,11,1,9906,46830,-27332,-5493,0,-1,11013
*,11,1,9906,51033,-26613,1182,0,-1,11014
*,11,1,9906,51420,-24766,1183,0,-1,11014
*,11,1,9906,52807,-19534,-16689,0,-1,11014
*,11,1,9906,46613,-20606,10520,0,-1,11014
*,11,1,9906,49267,-21327,10520,0,-1,11014
*,11,1,9906,33985,-43248,16519,0,-1,11015
*,11,1,9906,36291,-51820,-1740,0,-1,11015
*,11,1,9906,35673,-49849,-1740,0,-1,11015
*,11,1,9906,29611,-46001,8980,0,-1,11015
*,11,1,9906,36182,-45979,-8840,0,-1,11015
*,11,1,9906,17363,-23012,-2100,0,-1,11016
*,11,1,9906,16474,-20697,-2100,0,-1,11016
*,11,1,9906,16393,-15946,-14260,0,-1,11016
*,11,1,9906,11507,-17949,7930,0,-1,11016
*,11,1,9906,7827,-8403,7929,0,-1,11017
*,11,1,9906,12042,-7606,7929,0,-1,11017
*,11,1,9906,14815,-7102,-10816,0,-1,11017
*,11,1,9906,15083,-10371,-9860,0,-1,11018
*,11,1,9906,9089,-7702,-16260,0,-1,11018
*,11,1,9906,8015,-2709,9369,0,-1,11019
*,11,1,9906,11271,-1565,13729,0,-1,11019
*,11,1,9906,13767,-5111,-1060,0,-1,11019
*,11,1,9906,16036,-32233,-16869,0,-1,11020
*,11,1,9906,16498,-37363,-16870,0,-1,11020
*,11,1,9906,13721,-33881,16789,0,-1,11020
*,11,2,9907,13739,-1722,-17610,0,-1,11019
*,11,2,9907,13786,-11378,-1886,0,-1,11017
*,11,2,9907,10756,-16461,9740,0,-1,11016
*,11,2,9907,31856,-45858,8710,0,-1,11015
*,11,2,9907,52015,-22808,1659,0,-1,11014
*,11,2,9907,46702,-17101,-15510,0,-1,11013
*,11,2,9907,-22591,51504,7899,0,-1,11012
*,11,2,9907,-3771,32237,179,0,-1,11011
*,11,2,9907,14569,53460,3410,0,-1,11010
*,11,2,9907,1426,16130,150,0,-1,11009
*,11,2,9907,23437,38713,17370,0,-1,11008
*,11,2,9907,28026,561,-8469,0,-1,11007
*,11,2,9907,28920,31311,-10630,0,-1,11006
*,11,2,9907,864,-8130,-8630,0,-1,11004
*,11,2,9907,44357,23994,-5520,0,-1,11003
*,11,2,9907,51376,45617,-11840,0,-1,11002
*,11,2,9907,-3928,7585,79,0,-1,11001
*,11,2,9907,-3979,3906,80,0,-1,11001
*,11,2,9907,-7304,9758,8819,0,-1,11001
*,11,2,9907,-9300,9695,8820,0,-1,11001
*,11,2,9907,-4730,9839,8820,0,-1,11001
*,11,2,9907,43105,40463,5280,0,-1,11002
*,11,2,9907,50165,45997,-12910,0,-1,11002
*,11,2,9907,47766,44984,-12910,0,-1,11002
*,11,2,9907,50944,36754,-5170,0,-1,11002
*,11,2,9907,39969,26455,10730,0,-1,11003
*,11,2,9907,37174,26716,10729,0,-1,11003
*,11,2,9907,41978,25220,10729,0,-1,11003
*,11,2,9907,-5649,-7709,-8630,0,-1,11004
*,11,2,9907,-187,-8062,-8630,0,-1,11004
*,11,2,9907,-11741,-7315,-8630,0,-1,11004
*,11,2,9907,-13326,-14000,-15,0,-1,11004
*,11,2,9907,-13347,-6030,-15,0,-1,11004
*,11,2,9907,-13333,-11226,-15,0,-1,11004
*,11,2,9907,-19940,-11243,5350,0,-1,11004
*,11,2,9907,-19940,-11243,5349,0,-1,11004
*,11,2,9907,-18173,-5658,10206,0,-1,11004
*,11,2,9907,-13253,3238,17910,0,-1,11004
*,11,2,9907,-13176,-1664,17909,0,-1,11004
*,11,2,9907,-1911,17792,-129,0,-1,11005
*,11,2,9907,-1990,21245,-129,0,-1,11005
*,11,2,9907,-2284,33979,17844,0,-1,11005
*,11,2,9907,-5288,26517,8710,0,-1,11005
*,11,2,9907,24316,26938,-40,0,-1,11006
*,11,2,9907,28000,30210,-40,0,-1,11006
*,11,2,9907,20283,28030,6961,0,-1,11006
*,11,2,9907,18275,1063,9070,0,-1,11007
*,11,2,9907,27686,-406,-6649,0,-1,11007
*,11,2,9907,22114,6583,-16470,0,-1,11007
*,11,2,9907,22592,8228,-16380,0,-1,11007
*,11,2,9907,23704,36299,17370,0,-1,11008
*,11,2,9907,22392,35055,8210,0,-1,11008
*,11,2,9907,21102,40820,15220,0,-1,11008
*,11,2,9907,21256,38301,15219,0,-1,11008
*,11,2,9907,268,20278,16439,0,-1,11009
*,11,2,9907,6948,19698,-10839,0,-1,11009
*,11,2,9907,4252,18801,-10839,0,-1,11009
*,11,2,9907,12634,59563,12730,0,-1,11010
*,11,2,9907,14106,57392,12730,0,-1,11010
*,11,2,9907,17347,54923,-5550,0,-1,11010
*,11,2,9907,-6151,38853,15375,0,-1,11011
*,11,2,9907,-9438,35011,6515,0,-1,11011
*,11,2,9907,-9870,33206,6515,0,-1,11011
*,11,2,9907,-20147,51979,7899,0,-1,11012
*,11,2,9907,-16765,54872,-12650,0,-1,11012
*,11,2,9907,-18475,56336,17930,0,-1,11012
*,11,2,9907,-17537,51900,-9850,0,-1,11012
*,11,2,9907,44431,-21994,-15509,0,-1,11013
*,11,2,9907,41476,-25686,7120,0,-1,11013
*,11,2,9907,48890,-25154,-8530,0,-1,11013
*,11,2,9907,47453,-21000,10260,0,-1,11014
*,11,2,9907,53495,-20165,-14469,0,-1,11014
*,11,2,9907,51586,-18813,16210,0,-1,11014
*,11,2,9907,36048,-41625,-17939,0,-1,11015
*,11,2,9907,35434,-52175,-929,0,-1,11015
*,11,2,9907,16206,-22561,-800,0,-1,11016
*,11,2,9907,15884,-19304,-799,0,-1,11016
*,11,2,9907,9158,-10000,6290,0,-1,11017
*,11,2,9907,11817,-10324,6289,0,-1,11017
*,11,2,9907,5451,-8227,17729,0,-1,11018
*,11,2,9907,4705,-9651,8500,0,-1,11018
*,11,2,9907,9818,-9241,-9859,0,-1,11018
*,11,2,9907,13456,-3685,-13080,0,-1,11019
*,11,2,9907,12970,-35144,16060,0,-1,11020
*,11,2,9907,18117,-30112,-16210,0,-1,11020
*,11,2,9907,17935,-34981,-16210,0,-1,11020
*,11,3,9908,9550,-1696,10630,0,-1,11019
*,11,3,9908,14951,-9549,-9090,0,-1,11017
*,11,3,9908,12847,-17553,9120,0,-1,11016
*,11,3,9908,30097,-42785,9449,0,-1,11015
*,11,3,9908,43334,-19847,10520,0,-1,11014
*,11,3,9908,44942,-21917,-16460,0,-1,11013
*,11,3,9908,-20663,58877,16980,0,-1,11012
*,11,3,9908,-9079,31499,3890,0,-1,11011
*,11,3,9908,7198,55100,9290,0,-1,11010
*,11,3,9908,3617,17330,-8969,0,-1,11009
*,11,3,9908,21903,40338,15219,0,-1,11008
*,11,3,9908,22907,1628,-8680,0,-1,11007
*,11,3,9908,24059,31975,16924,0,-1,11006
*,11,3,9908,-4555,26433,8710,0,-1,11005
*,11,3,9908,-13267,-3764,17909,0,-1,11004
*,11,3,9908,36613,21626,7219,0,-1,11003
*,11,3,9908,50944,36754,-5170,0,-1,11002
*,11,3,9908,-3712,1541,-209,0,-1,11001
*,11,3,9908,-9300,9695,8820,0,-1,11001
*,11,3,9908,-3577,-2162,-210,0,-1,11001
*,11,3,9908,-6454,9643,8820,0,-1,11001
*,11,3,9908,49669,37761,-5170,0,-1,11002
*,11,3,9908,52295,35687,-5170,0,-1,11002
*,11,3,9908,48162,38951,-5170,0,-1,11002
*,11,3,9908,40818,22976,7219,0,-1,11003
*,11,3,9908,39020,22399,7219,0,-1,11003
*,11,3,9908,41433,22032,4420,0,-1,11003
*,11,3,9908,39949,20506,4419,0,-1,11003
*,11,3,9908,-21434,-4811,9960,0,-1,11004
*,11,3,9908,-11689,-12180,-1880,0,-1,11004
*,11,3,9908,-8946,-9807,-6580,0,-1,11004
*,11,3,9908,-8946,-9807,-6579,0,-1,11004
*,11,3,9908,-13851,-9818,80,0,-1,11004
*,11,3,9908,-13917,-4745,79,0,-1,11004
*,11,3,9908,2169,26894,-9889,0,-1,11005
*,11,3,9908,-2214,32398,-17819,0,-1,11005
*,11,3,9908,-2161,24424,-320,0,-1,11005
*,11,3,9908,-1639,15082,-320,0,-1,11005
*,11,3,9908,26425,30602,-10650,0,-1,11006
*,11,3,9908,25927,29402,-6930,0,-1,11006
*,11,3,9908,21139,29215,6920,0,-1,11006
*,11,3,9908,16938,1073,8400,0,-1,11007
*,11,3,9908,21100,5718,-17439,0,-1,11007
*,11,3,9908,24044,35682,-11300,0,-1,11008
*,11,3,9908,19640,34186,7690,0,-1,11008
*,11,3,9908,6399,60595,11180,0,-1,11010
*,11,3,9908,3768,57530,11179,0,-1,11010
*,11,3,9908,13123,49102,1970,0,-1,11010
*,11,3,9908,-7106,29907,3890,0,-1,11011
*,11,3,9908,-6702,35066,7330,0,-1,11011
*,11,3,9908,-4289,38528,15689,0,-1,11011
*,11,3,9908,-20352,57147,16980,0,-1,11012
*,11,3,9908,-24005,53023,10560,0,-1,11012
*,11,3,9908,-16126,58191,-15830,0,-1,11012
*,11,3,9908,43121,-21985,15739,0,-1,11013
*,11,3,9908,47419,-27690,-5779,0,-1,11013
*,11,3,9908,48451,-27787,-5779,0,-1,11013
*,11,3,9908,43547,-24274,-16260,0,-1,11013
*,11,3,9908,50364,-21757,10520,0,-1,11014
*,11,3,9908,49294,-20830,10520,0,-1,11014
*,11,3,9908,34279,-47419,9449,0,-1,11015
*,11,3,9908,34902,-50727,360,0,-1,11015
*,11,3,9908,14339,-17584,9120,0,-1,11016
*,11,3,9908,6781,-9677,7659,0,-1,11017
*,11,3,9908,12942,-9023,-9769,0,-1,11018
*,11,3,9908,4948,-9064,9369,0,-1,11018
*,11,3,9908,8695,-3929,17730,0,-1,11018
*,11,3,9908,10073,-3774,8530,0,-1,11019
*,11,3,9908,15759,-29652,-17649,0,-1,11020
*,11,3,9908,15370,-36014,-17649,0,-1,11020
*,11,3,9908,17393,-42067,-7390,0,-1,11020
*,11,3,9908,11821,-31883,16060,0,-1,11020
*,11,4,9917,16455,-59656,-8180,0,-1,11021
*,11,4,9917,9729,-59152,9410,0,-1,11021
*,11,4,9917,15416,-48084,-17719,0,-1,11021
*,11,4,9917,14578,-60915,580,0,-1,11022
*,11,4,9917,14773,-57247,580,0,-1,11022
*,11,4,9917,9979,-54687,9090,0,-1,11022
*,11,4,9917,10153,-43571,17400,0,-1,11023
*,11,4,9917,9440,-56078,990,0,-1,11023
*,11,4,9917,10481,-46795,-17949,0,-1,11023
*,11,4,9917,-13250,-47783,-17950,0,-1,11024
*,11,4,9917,-8466,-54476,-8219,0,-1,11024
*,11,4,9917,-16132,-53479,9209,0,-1,11024
*,11,4,9917,-1396,-57099,-5069,0,-1,11025
*,11,4,9917,-6760,-55920,2300,0,-1,11025
*,11,4,9917,-17982,-36533,10950,0,-1,11026
*,11,4,9917,-12055,-30607,17249,0,-1,11026
*,11,4,9917,-8609,-38957,-12259,0,-1,11026
*,11,4,9917,-12669,-34464,17250,0,-1,11026
*,11,4,9917,-23374,-54751,5820,0,-1,11027
*,11,4,9917,-17938,-51054,-12282,0,-1,11027
*,11,4,9917,-32800,-38906,15319,0,-1,11028
*,11,4,9917,-30852,-49256,3260,0,-1,11028
*,11,4,9917,-26848,-40919,-15020,0,-1,11028
*,11,4,9917,-40095,-37239,4500,0,-1,11029
*,11,4,9917,-37888,-35032,4499,0,-1,11029
*,11,4,9917,-42488,-36032,6790,0,-1,11029
*,11,4,9917,-42384,-20106,6789,0,-1,11030
*,11,4,9917,-39575,-14885,15239,0,-1,11030
*,11,4,9917,-38392,-23315,760,0,-1,11030
*,11,4,9917,-52884,-15728,3819,0,-1,11031
*,11,4,9917,-50934,-13250,3820,0,-1,11031
*,11,4,9917,-44412,-6845,-14270,0,-1,11031
*,11,4,9917,-48106,-8178,-14270,0,-1,11031
*,11,4,9917,-46628,-16723,-3330,0,-1,11031
*,11,4,9917,-22693,5728,-9990,0,-1,11032
*,11,4,9917,-28741,6211,16049,0,-1,11032
*,11,4,9917,-28575,8530,16629,0,-1,11032
*,11,4,9917,-36574,17778,6370,0,-1,11033
*,11,4,9917,-30794,20635,6369,0,-1,11033
*,11,4,9917,-25417,14585,-2210,0,-1,11033
*,11,4,9917,-27205,18988,-2210,0,-1,11033
*,11,4,9917,-18577,26776,-11649,0,-1,11033
*,11,4,9917,-21680,25229,-11649,0,-1,11033
*,11,4,9917,-28758,31985,-12140,0,-1,11034
*,11,4,9917,-33318,29202,-12140,0,-1,11034
*,11,4,9917,-34495,25127,-3390,0,-1,11034
*,11,4,9917,-17588,31621,-5520,0,-1,11035
*,11,4,9917,-20155,34726,-5519,0,-1,11035
*,11,4,9917,-22804,36567,-5519,0,-1,11035
*,11,4,9917,-26113,38218,11460,0,-1,11035
*,11,4,9917,-23195,42190,-16639,0,-1,11035
*,11,4,9917,-43639,40007,14039,0,-1,11036
*,11,4,9917,-31497,35462,-11919,0,-1,11036
*,11,4,9917,-42057,27496,4850,0,-1,11036
*,11,4,9917,-42284,37443,13180,0,-1,11036
*,11,4,9917,-39136,34733,13180,0,-1,11036
*,11,4,9917,-56017,-4147,1650,0,-1,11037
*,11,4,9917,-54664,419,1650,0,-1,11037
*,11,4,9917,-48082,699,-4090,0,-1,11037
*,11,4,9917,-51958,1344,-800,0,-1,11037
*,11,4,9917,-46682,20264,-799,0,-1,11037
*,11,4,9917,-47195,22923,-16189,0,-1,11037
*,11,4,9917,-57258,-7023,4319,0,-1,11038
*,11,4,9917,-43527,10643,-14599,0,-1,11038
*,11,4,9917,-51527,-3640,2370,0,-1,11038
*,11,4,9917,-47729,4059,2369,0,-1,11038
*,11,4,9917,33054,-23560,-3490,0,-1,11039
*,11,4,9917,31698,-12067,17952,0,-1,11039
*,11,4,9917,23012,-21253,9220,0,-1,11039
*,11,5,9918,25111,-21333,9219,0,-1,11039
*,11,5,9918,-48869,17800,-16190,0,-1,11037
*,11,5,9918,-26104,16385,-2170,0,-1,11033
*,11,5,9918,-31022,-42661,15020,0,-1,11028
*,11,5,9918,-15610,-38066,10489,0,-1,11026
*,11,5,9918,15143,-53664,-17720,0,-1,11021
*,11,5,9918,11839,-59209,9780,0,-1,11021
*,11,5,9918,15307,-59688,-8180,0,-1,11021
*,11,5,9918,17029,-55019,-8180,0,-1,11022
*,11,5,9918,15272,-49876,-17727,0,-1,11022
*,11,5,9918,16516,-58734,-3189,0,-1,11022
*,11,5,9918,17577,-50716,-8803,0,-1,11023
*,11,5,9918,9365,-50434,8890,0,-1,11023
*,11,5,9918,-15162,-47789,15839,0,-1,11024
*,11,5,9918,-8745,-53515,-8919,0,-1,11024
*,11,5,9918,-14040,-54543,7560,0,-1,11024
*,11,5,9918,-4103,-46722,17969,0,-1,11025
*,11,5,9918,-2950,-50691,-16220,0,-1,11025
*,11,5,9918,-2024,-52315,-16220,0,-1,11025
*,11,5,9918,-10080,-35715,-15419,0,-1,11026
*,11,5,9918,-18062,-53156,-7550,0,-1,11027
*,11,5,9918,-18981,-49396,-16629,0,-1,11027
*,11,5,9918,-20106,-53073,-7950,0,-1,11027
*,11,5,9918,-28339,-43451,-16799,0,-1,11028
*,11,5,9918,-33255,-48327,8119,0,-1,11028
*,11,5,9918,-31834,-41262,-2050,0,-1,11029
*,11,5,9918,-33741,-36162,-2050,0,-1,11029
*,11,5,9918,-30363,-36925,-5650,0,-1,11029
*,11,5,9918,-37603,-22357,-530,0,-1,11030
*,11,5,9918,-51931,-15012,4129,0,-1,11031
*,11,5,9918,-49835,-13599,4129,0,-1,11031
*,11,5,9918,-44318,-7028,-13210,0,-1,11031
*,11,5,9918,-46132,-8667,-13210,0,-1,11031
*,11,5,9918,-47901,-10265,-13210,0,-1,11031
*,11,5,9918,-49371,-11593,-13210,0,-1,11031
*,11,5,9918,-30883,5039,8670,0,-1,11032
*,11,5,9918,-31788,8134,15080,0,-1,11032
*,11,5,9918,-17148,6842,-10320,0,-1,11032
*,11,5,9918,-19898,6197,-10320,0,-1,11032
*,11,5,9918,-28080,21350,-2169,0,-1,11033
*,11,5,9918,-20940,26203,-12810,0,-1,11033
*,11,5,9918,-24246,24288,-11719,0,-1,11033
*,11,5,9918,-37850,24187,2570,0,-1,11034
*,11,5,9918,-30643,30952,-12880,0,-1,11034
*,11,5,9918,-36419,22537,-650,0,-1,11034
*,11,5,9918,-33683,24973,-7630,0,-1,11034
*,11,5,9918,-36736,25113,1770,0,-1,11034
*,11,5,9918,-25722,37272,4078,0,-1,11035
*,11,5,9918,-24415,37405,1920,0,-1,11035
*,11,5,9918,-23206,40878,-16460,0,-1,11035
*,11,5,9918,-22699,43402,-16460,0,-1,11035
*,11,5,9918,-16014,31852,-6245,0,-1,11035
*,11,5,9918,-18654,33229,-6244,0,-1,11035
*,11,5,9918,-19215,36060,-7740,0,-1,11035
*,11,5,9918,-39946,37719,15542,0,-1,11036
*,11,5,9918,-40803,27293,4240,0,-1,11036
*,11,5,9918,-29748,36316,-11600,0,-1,11036
*,11,5,9918,-39746,30764,5460,0,-1,11036
*,11,5,9918,-38788,38686,16530,0,-1,11036
*,11,5,9918,-50312,13388,-16190,0,-1,11037
*,11,5,9918,-52779,3587,2150,0,-1,11037
*,11,5,9918,-54930,-1872,2150,0,-1,11037
*,11,5,9918,-52515,-2331,590,0,-1,11037
*,11,5,9918,-50272,2115,-2000,0,-1,11037
*,11,5,9918,-53069,-600,3229,0,-1,11038
*,11,5,9918,-49116,-850,710,0,-1,11038
*,11,5,9918,-49731,6447,11610,0,-1,11038
*,11,5,9918,-45965,4451,-7529,0,-1,11038
*,11,5,9918,-46654,6911,-15700,0,-1,11038
*,11,5,9918,31751,-22099,-189,0,-1,11039
*,11,5,9918,31611,-17905,-17980,0,-1,11039
*,11,6,9919,31623,-14609,-17980,0,-1,11039
*,11,6,9919,-49209,-2938,-1999,0,-1,11037
*,11,6,9919,-19215,36060,-7740,0,-1,11035
*,11,6,9919,-32149,29540,-12419,0,-1,11034
*,11,6,9919,-34869,18165,6309,0,-1,11033
*,11,6,9919,-28882,9491,17100,0,-1,11032
*,11,6,9919,-50792,-10897,13960,0,-1,11031
*,11,6,9919,-41155,-22296,3750,0,-1,11030
*,11,6,9919,-28890,-44914,17249,0,-1,11028
*,11,6,9919,-17145,-39775,8649,0,-1,11026
*,11,6,9919,16991,-48328,-15999,0,-1,11021
*,11,6,9919,16802,-55440,-16000,0,-1,11021
*,11,6,9919,16415,-50891,-16000,0,-1,11021
*,11,6,9919,11802,-55695,7620,0,-1,11022
*,11,6,9919,13286,-55330,7620,0,-1,11022
*,11,6,9919,13784,-50525,-8610,0,-1,11023
*,11,6,9919,11488,-46327,-17430,0,-1,11023
*,11,6,9919,-6522,-54163,-8920,0,-1,11024
*,11,6,9919,-8745,-53515,-8920,0,-1,11024
*,11,6,9919,-10944,-47459,-15919,0,-1,11024
*,11,6,9919,-1622,-46996,-15920,0,-1,11025
*,11,6,9919,-3949,-47603,-17930,0,-1,11025
*,11,6,9919,-921,-55004,-9150,0,-1,11025
*,11,6,9919,-3934,-56498,-2400,0,-1,11025
*,11,6,9919,-15086,-39633,8650,0,-1,11026
*,11,6,9919,-12583,-37111,16830,0,-1,11026
*,11,6,9919,-19182,-46220,-17280,0,-1,11027
*,11,6,9919,-28101,-53672,8720,0,-1,11027
*,11,6,9919,-24485,-53495,8720,0,-1,11027
*,11,6,9919,-26530,-42932,-14489,0,-1,11028
*,11,6,9919,-31103,-42495,16199,0,-1,11028
*,11,6,9919,-38452,-28334,16200,0,-1,11029
*,11,6,9919,-44022,-37573,6350,0,-1,11029
*,11,6,9919,-40231,-35683,6350,0,-1,11029
*,11,6,9919,-38952,-20580,2405,0,-1,11030
*,11,6,9919,-46562,-6771,-14169,0,-1,11031
*,11,6,9919,-43826,-10510,-10399,0,-1,11031
*,11,6,9919,-47396,-17804,-1320,0,-1,11031
*,11,6,9919,-31670,7226,9150,0,-1,11032
*,11,6,9919,-29661,4561,7710,0,-1,11032
*,11,6,9919,-26713,16098,-1500,0,-1,11033
*,11,6,9919,-32525,19645,6769,0,-1,11033
*,11,6,9919,-28595,33228,-13070,0,-1,11034
*,11,6,9919,-32828,22777,-3550,0,-1,11034
*,11,6,9919,-22071,45308,-16100,0,-1,11035
*,11,6,9919,-24529,36477,1389,0,-1,11035
*,11,6,9919,-22343,35936,-1960,0,-1,11035
*,11,6,9919,-23530,38609,-600,0,-1,11035
*,11,6,9919,-35845,30610,-2970,0,-1,11036
*,11,6,9919,-40606,39161,15542,0,-1,11036
*,11,6,9919,-42669,28840,5709,0,-1,11036
*,11,6,9919,-30463,35332,-11059,0,-1,11036
*,11,6,9919,-50654,1033,-1999,0,-1,11037
*,11,6,9919,-46463,26486,-16771,0,-1,11037
*,11,6,9919,-45721,9190,-16770,0,-1,11038
*,11,6,9919,-51260,-5605,1480,0,-1,11038
*,11,6,9919,-50222,-1678,1480,0,-1,11038
*,11,6,9919,33306,-21720,-9098,0,-1,11039
*,11,6,9919,21718,-21921,8550,0,-1,11039
*,11,7,9920,6553,-1693,8632,0,-1,
*,11,7,9920,11945,-3225,8632,0,-1,
*,11,7,9920,12384,-10046,8632,0,-1,
*,11,7,9920,-4219,-7888,8632,0,-1,
*,11,7,9920,-8882,-19373,8632,0,-1,
*,11,7,9920,-18201,-36189,8632,0,-1,
*,11,7,9920,-3811,-43487,8632,0,-1,
*,11,7,9920,6664,-30908,8632,0,-1,
*,11,7,9920,-39606,-20270,8632,0,-1,
*,11,7,9920,-41776,-34089,8632,0,-1,
*,11,7,9920,-34803,-43971,8632,0,-1,
*,11,7,9920,-23340,30797,8632,0,-1,
*,11,7,9920,-26468,32615,8632,0,-1,
*,11,7,9920,-27137,33553,8632,0,-1,
*,11,7,9920,-26622,33309,8632,0,-1,
*,11,7,9920,-17262,37713,8632,0,-1,
*,11,7,9920,-7710,42691,8632,0,-1,
*,11,7,9920,6235,56327,8632,0,-1,
*,11,7,9920,23761,47478,8632,0,-1,
*,11,7,9920,40147,36238,8632,0,-1,
*,11,7,9920,50093,-23975,8632,0,-1,
*,11,7,9920,44540,-25723,8632,0,-1,
*,11,7,9920,49388,-17201,8632,0,-1,
*,11,7,9920,47573,-39894,8632,0,-1,
*,11,8,2001,5369,21736,-3460,0,-1,
*,11,9,2003,-21630,-15286,17870,0,-1,
*,11,9,2003,5077,21896,17870,0,-1,
*,11,9,2003,-23890,15739,680,0,-1,
*,11,10,2004,38992,-6864,189,0,-1,
*,11,11,2005,-23466,827,8426,0,-1,
*,11,11,2005,39098,5000,0,0,-1,
*,11,12,2006,36461,16182,-4104,0,-1,
*,11,12,2006,6623,-2243,17550,0,-1,
*,11,12,2006,-22595,-31468,17549,0,-1,
*,11,12,2006,-23880,15919,17549,0,-1,
*,11,12,2006,-25038,30635,17549,0,-1,
*,11,12,2006,-2758,45334,17549,0,-1,
*,11,12,2006,-2741,45111,-600,0,-1,
*,11,13,2007,4712,21757,6139,0,-1,
*,11,13,2007,36296,16285,10389,0,-1,
*,11,13,2007,40283,6389,-17530,0,-1,
*,11,13,2007,6637,-2444,69,0,-1,
*,11,14,2008,5005,21652,859,0,-1,
*,11,15,2009,-20000,-15000,190,0,-1,
*,11,15,2009,38364,-5533,17249,0,-1,
*,11,16,2010,8318,1510,9000,0,-1,
*,11,16,2010,-25025,30482,190,0,-1,
*,11,16,2010,22438,14184,-9120,0,-1,
*,11,17,2011,8507,1500,-9000,0,-1,
*,11,18,2012,47152,9884,9234,0,-1,
*,11,18,2012,22281,14199,9234,0,-1,
*,11,19,2013,-23137,859,-9390,0,-1,
*,11,19,2013,-22604,-31720,-80,0,-1,
*,11,19,2013,39098,5115,-16860,0,-1,
*,11,19,2013,47333,9897,-10163,0,-1,
*,11,19,2013,49410,10325,0,0,-1,
*,11,19,2013,40287,6164,0,0,-1,
*,11,19,2013,38349,-5823,0,0,-1,
*,11,19,2013,38961,-6723,14580,0,-1,
*,11,20,9921,32287,-3319,8632,0,-1,11040
*,11,20,9921,38289,-2933,-795,0,-1,11040
*,11,20,9921,39367,4222,-17260,0,-1,11040
*,11,20,9921,36091,2224,-17260,0,-1,11040
*,11,20,9921,37324,4452,-17260,0,-1,11040
*,11,20,9921,35645,-3398,2014,0,-1,11040
*,11,20,9921,38404,3471,-17260,0,-1,11040
*,11,20,9921,34969,88,-17260,0,-1,11040
*,11,20,9921,54423,11819,-10959,0,-1,11041
*,11,20,9921,52581,10721,-10960,0,-1,11041
*,11,20,9921,46482,8803,2220,0,-1,11041
*,11,20,9921,50114,7611,-1960,0,-1,11041
*,11,20,9921,43769,8368,7280,0,-1,11041
*,11,20,9921,51422,10410,-12359,0,-1,11041
*,11,20,9921,38629,-8591,4950,0,-1,11042
*,11,20,9921,49025,-12393,-6699,0,-1,11042
*,11,20,9921,46461,-12432,-6699,0,-1,11042
*,11,20,9921,46121,-13232,-6699,0,-1,11042
*,11,20,9921,54576,-12783,-6699,0,-1,11042
*,11,20,9921,39765,-7620,11820,0,-1,11042
*,11,21,9922,37443,1931,-15929,0,-1,11040
*,11,21,9922,36559,-406,-15929,0,-1,11040
*,11,21,9922,38423,4525,-15929,0,-1,11040
*,11,21,9922,38004,1381,-15929,0,-1,11040
*,11,21,9922,36975,-1341,-15929,0,-1,11040
*,11,21,9922,49671,9800,-10809,0,-1,11041
*,11,21,9922,44920,8939,11289,0,-1,11041
*,11,21,9922,45353,9964,11289,0,-1,11041
*,11,21,9922,41417,7400,6379,0,-1,11041
*,11,21,9922,34752,2800,10789,0,-1,11040
*,11,21,9922,48759,-12305,-7230,0,-1,11042
*,11,21,9922,42631,-11077,-7230,0,-1,11042
*,11,21,9922,47508,-12156,-7230,0,-1,11042
*,11,21,9922,53926,-12462,-7230,0,-1,11042
*,11,21,9922,41796,-10639,-1190,0,-1,11042
*,11,21,9922,54486,11374,-7230,0,-1,11041
*,11,9999,1105,34611,-49480,8632,0,-1,
*,11,9999,1106,38999,23733,17969,0,-1,
*,11,9999,1107,-24586,39056,17969,0,-1,
*,11,9999,1108,-42929,-21161,7650,0,-1,
*,11,9999,1501,18565,-4014,-9000,0,-1,
*,11,9999,1502,31448,-50149,-9000,0,-1,
*,11,9999,1503,14465,-31208,9660,0,-1,
*,11,9999,1504,11105,26404,16269,0,-1,
*,11,9999,1505,27368,38128,-10280,0,-1,
*,11,9999,1506,31453,39360,-9889,0,-1,
*,11,9999,1507,34809,42150,16060,0,-1,
*,11,9999,1508,36762,15427,-4470,0,-1,
*,11,9999,1509,-21421,55395,16439,0,-1,
*,11,9999,1510,-20224,2899,7850,0,-1,
*,11,9999,1511,-21260,-27987,10280,0,-1,
*,11,9999,1512,-33957,-33110,15499,0,-1,
*,110,1,23201,-1450,-7963,0,0,30,110001
*,110,1,23201,-142,-5150,0,0,30,110001
*,110,1,23201,-1586,-1789,0,0,30,110002
*,110,1,23201,1469,-1789,0,0,30,110002
*,110,1,23201,-786,2635,0,0,30,110003
*,110,1,23201,-786,3489,0,0,30,110003
*,110,2,23202,-154,-8505,0,0,30,110001
*,110,2,23202,2662,-8321,0,0,30,110001
*,110,2,23202,1712,-368,0,0,30,110002
*,110,2,23202,-48,-1791,0,0,30,110002
*,110,2,23202,-875,6313,0,0,30,110003
*,110,2,23202,922,3183,0,0,30,110003
*,110,3,23203,-157,-3173,0,0,30,110001
*,110,3,23203,-2426,-7922,0,0,30,110001
*,110,3,23203,-374,-213,0,0,30,110002
*,110,3,23203,-1931,-452,0,0,30,110002
*,110,3,23203,-1583,3195,0,0,30,110003
*,110,3,23203,1475,3195,0,0,30,110003
*,110,4,23204,459,1497,0,0,30,
*,110,4,23204,-511,1497,0,0,30,
*,110,4,23204,212,919,0,0,30,
*,110,4,23204,-257,919,0,0,30,
*,110,4,23204,-11,1368,0,0,30,
*,110,4,23204,-797,1368,0,0,30,
*,110,4,23204,843,1368,0,0,30,
*,110,4,23204,225,1696,0,0,30,
*,110,4,23204,-282,1696,0,0,30,
*,110,9999,1100,3231,-7079,-9000,0,-1,
*,110,9999,1098,-1559,7356,-17930,0,-1,
*,110,9999,1099,-1294,-9070,0,0,-1,
*,110,10004,23101,-1866,6850,0,0,-1,110004
*,110,10005,23101,-1774,-9214,0,0,-1,110005
*,1101,1,30001,-5380,-5602,0,0,30,
*,1101,1,30001,-5380,-5093,0,0,30,
*,1101,1,30001,-5380,-4631,0,0,30,
*,1101,1,30001,-5380,-4031,0,0,30,
*,1101,1,30001,-4525,-5836,0,0,30,
*,1101,1,30001,-2975,-5625,0,0,30,
*,1101,1,30001,-3468,-5259,0,0,30,
*,1101,1,30001,-5267,-2155,0,0,30,
*,1101,1,30001,-4723,-1655,0,0,30,
*,1101,1,30001,-4723,-2289,0,0,30,
*,1101,1,30001,-4116,-2599,0,0,30,
*,1101,1,30001,-3715,-2599,0,0,30,
*,1101,1,30001,-3237,-2599,0,0,30,
*,1101,1,30001,-2593,-4894,0,0,30,
*,1101,1,30001,-2593,-2674,0,0,30,
*,1101,1,30001,-2593,-1526,0,0,30,
*,1101,1,30001,-2593,-1926,0,0,30,
*,1101,1,30001,-5231,-1526,0,0,30,
*,1101,1,30001,-2026,-2766,0,0,30,
*,1101,1,30001,-3117,-5029,0,0,30,
*,1101,1,30002,-2248,-5599,0,0,30,
*,1101,1,30002,-2172,-5070,0,0,30,
*,1101,1,30002,-1035,-4443,0,0,30,
*,1101,1,30002,-1035,-3472,0,0,30,
*,1101,1,30002,665,-2598,0,0,30,
*,1101,1,30002,-1035,-2661,0,0,30,
*,1101,1,30002,-428,-2572,0,0,30,
*,1101,1,30002,4836,-3731,0,0,30,
*,1101,1,30002,5456,-4737,0,0,30,
*,1101,1,30002,1556,-2501,0,0,30,
*,1101,1,30002,457,-5718,0,0,30,
*,1101,1,30002,750,-5311,0,0,30,
*,1101,1,30002,42,-4790,0,0,30,
*,1101,1,30002,1425,-5839,0,0,30,
*,1101,1,30002,2086,-5839,0,0,30,
*,1101,1,30002,2940,-5839,0,0,30,
*,1101,1,30002,3335,-5480,0,0,30,
*,1101,1,30002,3449,-4542,0,0,30,
*,1101,1,30002,4692,-5589,0,0,30,
*,1101,1,30002,2825,-3017,0,0,30,
*,1101,1,30003,2888,-1942,0,0,30,
*,1101,1,30003,2888,-897,0,0,30,
*,1101,1,30003,3693,-574,0,0,30,
*,1101,1,30003,4419,-574,0,0,30,
*,1101,1,30003,4419,261,0,0,30,
*,1101,1,30003,3723,261,0,0,30,
*,1101,1,30003,1776,969,0,0,30,
*,1101,1,30003,2960,706,0,0,30,
*,1101,1,30003,1327,310,0,0,30,
*,1101,1,30003,1327,-1007,0,0,30,
*,1101,1,30003,3791,2713,0,0,30,
*,1101,1,30003,3791,4319,0,0,30,
*,1101,1,30003,3056,5048,0,0,30,
*,1101,1,30003,3791,5459,0,0,30,
*,1101,1,30003,4268,5048,0,0,30,
*,1101,1,30003,1976,2708,0,0,30,
*,1101,1,30003,1115,2708,0,0,30,
*,1101,1,30003,2987,2708,0,0,30,
*,1101,1,30003,4972,4130,0,0,30,
*,1101,1,30003,449,4771,0,0,30,
*,1101,1,30004,0,0,0,0,30,
*,1101,1,30004,-897,412,0,0,30,
*,1101,1,30004,367,-1085,0,0,30,
*,1101,1,30004,-882,1225,0,0,30,
*,1101,1,30004,137,1600,0,0,30,
*,1101,1,30004,-835,1950,0,0,30,
*,1101,1,30004,-1540,4535,0,0,30,
*,1101,1,30004,-1540,5690,0,0,30,
*,1101,1,30004,-746,5772,0,0,30,
*,1101,1,30004,-5228,3655,0,0,30,
*,1101,1,30004,-5228,2373,0,0,30,
*,1101,1,30004,-5228,788,0,0,30,
*,1101,1,30004,-4544,-170,0,0,30,
*,1101,1,30004,-4544,951,0,0,30,
*,1101,1,30004,-3568,3305,0,0,30,
*,1101,1,30004,-3033,3305,0,0,30,
*,1101,1,30004,-2573,2695,0,0,30,
*,1101,1,30004,-2573,1526,0,0,30,
*,1101,1,30004,-2573,288,0,0,30,
*,1101,1,30004,-2573,288,0,0,30,
*,1101,1,30005,-5151,-958,0,0,60,
*,1101,1,30005,-4638,-1122,0,0,60,
*,1101,1,30005,-3500,-5847,0,0,60,
*,1101,1,30005,-3500,-4981,0,0,60,
*,1101,1,30005,-2625,-2299,0,0,60,
*,1101,1,30005,-2625,-408,0,0,60,
*,1101,1,30005,-2642,1020,0,0,60,
*,1101,1,30006,3466,-3166,0,0,60,
*,1101,1,30006,4988,-5217,0,0,60,
*,1101,1,30006,2838,-1584,0,0,60,
*,1101,1,30006,2838,-2432,0,0,60,
*,1101,1,30006,424,-4957,0,0,60,
*,1101,1,30006,3874,135,0,0,60,
*,1101,1,30006,3586,5045,0,0,60,
*,1101,1,30007,0,722,0,0,60,
*,1101,1,30007,2020,1376,0,0,60,
*,1101,1,30007,323,2685,0,0,60,
*,1101,1,30007,-2965,2874,0,0,60,
*,1101,1,30007,-5273,1530,0,0,60,
*,1101,1,30007,-75,5458,0,0,60,
*,1102,1,30005,-2843,-5882,0,0,60,
*,1102,1,30005,-3916,-5882,0,0,60,
*,1102,1,30005,-3383,-5513,0,0,60,
*,1102,1,30005,-4762,-5666,0,0,60,
*,1102,1,30005,-5539,-5290,0,0,60,
*,1102,1,30005,-5260,-1647,0,0,60,
*,1102,1,30005,-5266,-567,0,0,60,
*,1102,1,30005,-5313,729,0,0,60,
*,1102,1,30005,-4350,-949,0,0,60,
*,1102,1,30005,-2625,-1388,0,0,60,
*,1102,1,30005,-2625,-227,0,0,60,
*,1102,1,30005,-2625,781,0,0,60,
*,1102,1,30005,-4350,-1,0,0,60,
*,1102,1,30005,-496,216,0,0,60,
*,1102,1,30005,-496,922,0,0,60,
*,1102,1,30006,200,-2553,0,0,60,
*,1102,1,30006,1759,-2553,0,0,60,
*,1102,1,30006,1759,-1743,0,0,60,
*,1102,1,30006,3169,432,0,0,60,
*,1102,1,30006,3169,-500,0,0,60,
*,1102,1,30006,4302,-500,0,0,60,
*,1102,1,30006,4302,513,0,0,60,
*,1102,1,30006,2897,-1688,0,0,60,
*,1102,1,30006,5544,-3352,0,0,60,
*,1102,1,30006,5544,-4509,0,0,60,
*,1102,1,30006,4568,-5636,0,0,60,
*,1102,1,30006,3007,-5636,0,0,60,
*,1102,1,30006,1629,-5636,0,0,60,
*,1102,1,30006,252,-5636,0,0,60,
*,1102,1,30006,-151,-4861,0,0,60,
*,1102,1,30006,569,-5193,0,0,60,
*,1102,1,30007,3139,3287,0,0,60,
*,1102,1,30007,2478,3287,0,0,60,
*,1102,1,30007,1509,3287,0,0,60,
*,1102,1,30007,494,3287,0,0,60,
*,1102,1,30007,-1516,5477,0,0,60,
*,1102,1,30007,-638,5477,0,0,60,
*,1102,1,30007,30,5477,0,0,60,
*,1102,1,30007,3132,5477,0,0,60,
*,1102,1,30007,4150,5477,0,0,60,
*,1102,1,30007,4150,4809,0,0,60,
*,1102,1,30007,3127,4809,0,0,60,
*,1102,1,30007,4510,3705,0,0,60,
*,1102,1,30007,-2977,5477,0,0,60,
*,1102,1,30007,-3977,5477,0,0,60,
*,1102,1,30007,-5236,5477,0,0,60,
*,1102,1,30007,-5236,3578,0,0,60,
*,1102,1,30005,-2625,-2701,0,0,60,
*,1102,1,30005,-3731,-2701,0,0,60,
*,1102,1,30006,2897,-2335,0,0,60,
*,1102,1,30007,-1516,4900,0,0,60,
*,1102,1,30007,-1516,4200,0,0,60,
*,1102,1,30008,5578,-5599,0,0,600,
*,1102,1,30008,-5395,-5749,0,0,600,
*,1102,1,30009,3899,5164,0,0,600,
*,1102,1,30009,-2680,2423,0,0,600,
*,1102,1,30010,3676,0,0,0,600,
*,1102,1,30010,-2649,-5594,0,0,600,
*,111,1,23301,-1228,-4368,0,0,30,111001
*,111,1,23301,1083,-4368,0,0,30,111002
*,111,1,23301,-2434,-1434,0,0,30,111003
*,111,1,23301,1611,571,-17999,0,30,111004
*,111,1,23301,2144,805,0,0,30,111006
*,111,1,23301,-1958,1686,-17999,0,30,111005
*,111,1,23301,-955,2725,0,0,30,111007
*,111,2,23302,2297,-4381,0,0,30,111001
*,111,2,23302,-790,-3421,0,0,30,111002
*,111,2,23302,-2448,-3421,0,0,30,111003
*,111,2,23302,1655,2199,0,0,30,111004
*,111,2,23302,220,1699,0,0,30,111005
*,111,2,23302,2094,-1085,0,0,30,111006
*,111,2,23302,-962,4492,0,0,30,111007
*,111,3,23303,-235,-4052,0,0,30,111001
*,111,3,23303,1706,-3563,0,0,30,111002
*,111,3,23303,-2442,507,0,0,30,111003
*,111,3,23303,1553,-2376,0,0,30,111004
*,111,3,23303,-2266,1233,0,0,30,111005
*,111,3,23303,2419,2416,0,0,30,111006
*,111,3,23303,-174,3710,0,0,30,111007
*,111,4,23304,0,0,0,0,30,
*,111,4,23304,-723,0,0,0,30,
*,111,4,23304,733,0,0,0,30,
*,111,4,23304,328,440,0,0,30,
*,111,4,23304,-362,440,0,0,30,
*,111,4,23304,-362,-582,0,0,30,
*,111,4,23304,431,-582,0,0,30,
*,111,9999,1103,1063,-738,-9000,0,-1,
*,111,9999,1101,405,4550,-17931,0,-1,
*,111,9999,1102,-425,-4541,0,0,-1,
*,111,10006,23101,763,4510,9000,0,-1,111008
*,111,10007,23101,-863,-4517,-9000,0,-1,111009
*,12,1,101,-1318,-2289,0,0,-1,
*,12,1,101,-859,-2159,0,0,-1,
*,12,1,101,-546,-2301,0,0,-1,
*,12,2,101,-2601,1888,0,0,-1,
*,12,2,101,-43,2431,0,0,-1,
*,12,2,102,-2509,1610,0,0,-1,
*,12,3,101,2870,4097,0,0,-1,
*,12,3,102,2896,3450,0,0,-1,
*,12,4,103,3981,3777,0,0,-1,
*,1201,1,41011,-5283,5295,0,0,2,
*,1201,1,41011,-5283,3751,0,0,2,
*,1201,1,41011,-5051,5662,0,0,2,
*,1201,1,41011,-5051,4424,0,0,2,
*,1201,1,41011,-5386,3308,0,0,2,
*,1201,2,41012,4959,-3909,0,0,2,
*,1201,2,41012,5239,-4143,0,0,2,
*,1201,2,41012,5239,-3592,0,0,2,
*,1201,2,41012,4787,-3592,0,0,2,
*,1201,2,41012,4983,-3213,0,0,2,
*,1201,3,41021,2960,-2530,0,0,2,
*,1201,3,41021,3160,-2977,0,0,2,
*,1201,3,41021,2882,-3449,0,0,2,
*,1201,3,41021,3380,-3497,0,0,2,
*,1201,3,41021,3380,-2410,0,0,2,
*,1201,4,41022,-5253,2037,0,0,2,
*,1201,4,41022,-5145,1319,0,0,2,
*,1201,4,41022,-5334,754,0,0,2,
*,1201,4,41022,-5280,178,0,0,2,
*,1201,4,41022,-5280,-370,0,0,2,
*,1201,5,41031,3337,-5633,0,0,2,
*,1201,5,41031,3269,-5143,0,0,2,
*,1201,5,41031,2958,-5631,0,0,2,
*,1201,5,41031,2958,-5341,0,0,2,
*,1201,5,41031,2542,-5687,0,0,2,
*,1201,6,41032,3201,-754,0,0,2,
*,1201,6,41032,2883,-967,0,0,2,
*,1201,6,41032,2883,-1363,0,0,2,
*,1201,7,41041,-2267,514,0,0,5,
*,1201,7,41041,-2110,1256,0,0,5,
*,1201,7,41041,-2657,1462,0,0,5,
*,1201,7,41041,-2657,257,0,0,5,
*,1201,7,41041,-2850,850,0,0,5,
*,1201,8,41042,-1182,5640,0,0,5,
*,1201,8,41042,-1985,5897,0,0,5,
*,1201,8,41042,-1593,5717,0,0,5,
*,1201,8,41042,-2275,5991,0,0,5,
*,1201,9,41043,504,-5493,0,0,5,
*,1201,9,41043,344,-5070,0,0,5,
*,1201,9,41043,151,-5753,0,0,5,
*,1201,9,41043,-64,-5138,0,0,5,
*,1201,9,41043,-146,-5536,0,0,5,
*,1201,10,41051,4838,2997,0,0,5,
*,1201,10,41051,4838,2312,0,0,5,
*,1201,10,41051,4328,2630,0,0,5,
*,1201,10,41051,5041,2630,0,0,5,
*,1201,11,41052,1396,-755,0,0,5,
*,1201,11,41052,1396,-1440,0,0,5,
*,1201,11,41052,1537,-340,0,0,5,
*,1201,11,41052,1599,-1123,0,0,5,
*,1201,11,41052,1308,0,0,0,5,
*,1201,12,41061,4315,76,0,0,5,
*,1201,12,41061,4515,285,0,0,5,
*,1201,12,41061,4549,-140,0,0,5,
*,1201,12,41061,4104,-140,0,0,5,
*,1201,12,41061,4104,272,0,0,5,
*,1201,12,41061,4104,815,0,0,5,
*,1201,12,41061,3483,125,0,0,5,
*,1201,12,41061,4265,-747,0,0,5,
*,1201,12,41061,4901,-454,0,0,5,
*,1201,12,41061,5009,764,0,0,5,
*,1201,12,41061,5009,764,0,0,5,
*,1201,13,41062,-977,-5080,0,0,5,
*,1201,13,41062,-1295,-5293,0,0,5,
*,1201,13,41062,-1295,-5690,0,0,5,
*,1201,13,41062,-799,-5354,0,0,5,
*,1201,13,41062,-1042,-5567,0,0,5,
*,1201,13,41062,-1479,-5522,0,0,5,
*,1201,13,41062,-1479,-5078,0,0,5,
*,1201,14,41071,942,2764,0,0,5,
*,1201,14,41071,1501,2746,0,0,5,
*,1201,14,41071,1009,2446,0,0,5,
*,1201,14,41071,1165,2839,0,0,5,
*,1201,14,41071,564,2554,0,0,5,
*,1201,15,41072,-2631,-2587,0,0,5,
*,1201,15,41072,-2072,-2605,0,0,5,
*,1201,15,41072,-2564,-2905,0,0,5,
*,1201,15,41072,-2408,-2512,0,0,5,
*,1201,15,41072,-3009,-2797,0,0,5,
*,1201,16,41081,-738,712,0,0,5,
*,1201,16,41081,-178,694,0,0,5,
*,1201,16,41081,-670,394,0,0,5,
*,1201,16,41081,-515,787,0,0,5,
*,1201,16,41081,-1115,502,0,0,5,
*,1201,16,41081,170,1314,0,0,5,
*,1201,16,41081,170,-133,0,0,5,
*,1201,16,41081,299,616,0,0,5,
*,1201,16,41081,-1288,1307,0,0,5,
*,1201,16,41081,-1288,-217,0,0,5,
*,1201,16,41081,-1288,-217,0,0,5,
*,1201,17,41091,-3041,3015,0,0,5,
*,1201,17,41091,-2760,3267,0,0,5,
*,1201,17,41091,-3205,3535,0,0,5,
*,1201,17,41091,-3405,3234,0,0,5,
*,1201,18,41092,2335,612,0,0,5,
*,1201,18,41092,2616,864,0,0,5,
*,1201,18,41092,2171,1132,0,0,5,
*,1201,18,41092,1971,831,0,0,5,
*,1201,19,41101,-1108,3015,0,0,5,
*,1201,19,41101,-827,3267,0,0,5,
*,1201,19,41101,-1271,3535,0,0,5,
*,1201,19,41101,-1471,3234,0,0,5,
*,1201,19,41101,-1540,3802,0,0,5,
*,1201,20,41102,-2940,-5677,0,0,5,
*,1201,20,41102,-2658,-5424,0,0,5,
*,1201,20,41102,-3103,-5157,0,0,5,
*,1201,20,41102,-3303,-5458,0,0,5,
*,1201,20,41102,-2604,-4961,0,0,5,
*,1201,20,41102,-3432,-4961,0,0,5,
*,1201,21,41111,-4255,2827,0,0,5,
*,1201,21,41111,-4150,3373,0,0,5,
*,1201,21,41111,-4557,3480,0,0,5,
*,1201,21,41111,-4483,2685,0,0,5,
*,1201,21,41111,-4389,3143,0,0,5,
*,1201,22,41112,283,5126,0,0,5,
*,1201,22,41112,389,5672,0,0,5,
*,1201,22,41112,-17,5779,0,0,5,
*,1201,22,41112,55,4984,0,0,5,
*,1201,22,41112,149,5442,0,0,5,
*,1201,23,41121,-4887,-2842,0,0,5,
*,1201,23,41121,-4781,-2295,0,0,5,
*,1201,23,41121,-5188,-2188,0,0,5,
*,1201,23,41121,-5114,-2984,0,0,5,
*,1201,23,41121,-5021,-2526,0,0,5,
*,1201,23,41121,-4208,-2526,0,0,5,
*,1201,23,41121,-4978,-3868,0,0,5,
*,1201,23,41121,-4978,-3868,0,0,5,
*,1201,23,41121,-4561,-1587,0,0,5,
*,1201,23,41121,-4492,-3596,0,0,5,
*,1201,23,41121,-5303,-2563,0,0,5,
*,1201,24,41122,893,-2664,0,0,5,
*,1201,24,41122,733,-2404,0,0,5,
*,1201,24,41122,-122,-2729,0,0,5,
*,1201,24,41122,178,-2778,0,0,5,
*,1201,24,41122,493,-2526,0,0,5,
*,1201,25,41131,4253,4501,0,0,5,
*,1201,25,41131,4359,5048,0,0,5,
*,1201,25,41131,4119,4998,0,0,5,
*,1201,25,41131,4025,4360,0,0,5,
*,1201,25,41131,3866,4615,0,0,5,
*,1201,25,41131,5021,4501,0,0,5,
*,1201,25,41131,5021,5397,0,0,5,
*,1201,25,41131,3070,5562,0,0,5,
*,1201,25,41131,4159,5796,0,0,5,
*,1201,25,41131,4159,3820,0,0,5,
*,1201,25,41131,2882,3903,0,0,5,
*,1201,25,41131,2882,4670,0,0,5,
*,1201,25,41131,3904,4929,0,0,5,
*,1201,25,41131,4315,4782,0,0,5,
*,1202,1,42011,2767,-5467,0,0,2,
*,1202,1,42011,3459,-5955,0,0,2,
*,1202,1,42011,4977,-2856,0,0,2,
*,1202,1,42011,4987,-3741,0,0,2,
*,1202,1,42011,3571,-5500,0,0,2,
*,1202,1,42011,3041,-5780,0,0,2,
*,1202,1,42011,3041,-5113,0,0,2,
*,1202,1,42011,5541,-3161,0,0,2,
*,1202,1,42011,5541,-3565,0,0,2,
*,1202,1,42011,5056,-3295,0,0,2,
*,1202,1,42011,3445,-3357,0,0,2,
*,1202,1,42011,2859,-3575,0,0,2,
*,1202,2,42021,-4973,5663,0,0,2,
*,1202,2,42021,-4787,5398,0,0,2,
*,1202,2,42021,-5189,5398,0,0,2,
*,1202,2,42021,-5427,5162,0,0,2,
*,1202,2,42021,-4634,5662,0,0,2,
*,1202,3,42031,-4720,-3277,0,0,5,
*,1202,3,42031,-4720,-2932,0,0,5,
*,1202,3,42031,-4951,-3096,0,0,5,
*,1202,3,42031,-5208,-2975,0,0,5,
*,1202,3,42031,-4968,-2891,0,0,5,
*,1202,3,42031,-4968,-3337,0,0,5,
*,1202,3,42031,-5196,-3264,0,0,5,
*,1202,3,42031,-4322,-2319,0,0,5,
*,1202,3,42031,-5436,-2319,0,0,5,
*,1202,3,42031,-5436,-3851,0,0,5,
*,1202,3,42031,-4356,-3851,0,0,5,
*,1202,3,42031,-4032,-3135,0,0,5,
*,1202,4,42041,4671,3436,0,0,5,
*,1202,4,42041,4671,2854,0,0,5,
*,1202,4,42041,4406,3172,0,0,5,
*,1202,4,42041,4406,3621,0,0,5,
*,1202,4,42041,3999,3273,0,0,5,
*,1202,4,42041,4187,3606,0,0,5,
*,1202,5,42051,2415,190,0,0,5,
*,1202,5,42051,2415,-367,0,0,5,
*,1202,5,42051,1934,-367,0,0,5,
*,1202,5,42051,1934,129,0,0,5,
*,1202,5,42051,2178,-84,0,0,5,
*,1202,5,42051,2178,529,0,0,5,
*,1202,5,42051,2178,-595,0,0,5,
*,1202,5,42051,2542,-2,0,0,5,
*,1202,6,42052,4339,190,0,0,5,
*,1202,6,42052,4339,-367,0,0,5,
*,1202,6,42052,3859,-367,0,0,5,
*,1202,6,42052,3859,129,0,0,5,
*,1202,6,42052,4103,-84,0,0,5,
*,1202,6,42052,4103,529,0,0,5,
*,1202,6,42052,4103,-595,0,0,5,
*,1202,6,42052,4467,-2,0,0,5,
*,1202,7,42061,-975,5498,0,0,5,
*,1202,7,42061,-1416,5498,0,0,5,
*,1202,7,42061,-1416,5803,0,0,5,
*,1202,7,42061,-1416,5137,0,0,5,
*,1202,7,42061,-1800,5251,0,0,5,
*,1202,7,42061,-1924,5701,0,0,5,
*,1202,8,42071,3947,5131,0,0,5,
*,1202,8,42071,3848,5441,0,0,5,
*,1202,8,42071,3702,4867,0,0,5,
*,1202,8,42071,3702,5316,0,0,5,
*,1202,8,42071,3490,5077,0,0,5,
*,1202,8,42071,3490,5441,0,0,5,
*,1202,8,42071,2943,5237,0,0,5,
*,1202,8,42071,3120,4554,0,0,5,
*,1202,8,42071,4404,4554,0,0,5,
*,1202,8,42071,4404,5347,0,0,5,
*,1202,8,42071,3717,6005,0,0,5,
*,1202,9,42081,334,-2580,0,0,5,
*,1202,9,42081,723,-2580,0,0,5,
*,1202,9,42081,507,-2897,0,0,5,
*,1202,9,42081,507,-2209,0,0,5,
*,1202,9,42081,-71,-2400,0,0,5,
*,1202,10,42091,-660,776,0,0,5,
*,1202,10,42091,-270,776,0,0,5,
*,1202,10,42091,-487,459,0,0,5,
*,1202,10,42091,-487,1147,0,0,5,
*,1202,10,42091,-815,1005,0,0,5,
*,1202,10,42091,-815,481,0,0,5,
*,1202,10,42091,-59,1703,0,0,5,
*,1202,10,42091,-987,1893,0,0,5,
*,1202,10,42091,-834,-231,0,0,5,
*,1202,10,42091,-171,-227,0,0,5,
*,1202,11,42101,-2591,2607,0,0,5,
*,1202,11,42101,-2591,2201,0,0,5,
*,1202,11,42101,-2962,2374,0,0,5,
*,1202,11,42101,-3250,2770,0,0,5,
*,1202,11,42101,-3250,2098,0,0,5,
*,1202,12,42111,-66,-5332,0,0,10,
*,1202,12,42111,-588,-5332,0,0,10,
*,1202,12,42111,-303,-5093,0,0,10,
*,1202,12,42111,-303,-5576,0,0,10,
*,1202,12,42111,-303,-6061,0,0,10,
*,1202,12,42111,329,-5556,0,0,10,
*,1202,12,42111,329,-4945,0,0,10,
*,1202,12,42111,-568,-4687,0,0,10,
*,1202,12,42111,-568,-4687,0,0,10,
*,1202,13,42121,-2278,-5332,0,0,10,
*,1202,13,42121,-2800,-5332,0,0,10,
*,1202,13,42121,-2515,-5093,0,0,10,
*,1202,13,42121,-2515,-5576,0,0,10,
*,1202,13,42121,-3143,-5637,0,0,10,
*,1202,13,42121,-1882,-5556,0,0,10,
*,1202,13,42121,-1882,-4945,0,0,10,
*,1202,13,42121,-2780,-4687,0,0,10,
*,1202,13,42121,-2780,-4687,0,0,10,
*,1301,1,51101,2126,-2387,0,0,-1,
*,1301,1,51101,1462,-2246,0,0,-1,
*,1301,1,51101,1773,-2452,0,0,-1,
*,1301,1,51101,1863,-2254,0,0,-1,
*,1301,1,51102,1670,-2207,0,0,-1,
*,1301,1,51102,2261,-2044,0,0,-1,
*,1301,1,51102,1479,-2044,0,0,-1,
*,1301,1,51102,1873,-2017,0,0,-1,
*,1301,2,51201,-2343,-2514,0,0,-1,
*,1301,2,51201,-2343,-1913,0,0,-1,
*,1301,2,51201,-2091,-1612,0,0,-1,
*,1301,2,51201,-2481,-1522,0,0,-1,
*,1301,2,51202,-2489,-2125,0,0,-1,
*,1301,2,51202,-2054,-2418,0,0,-1,
*,1301,2,51202,-2024,-2022,0,0,-1,
*,1301,2,51202,-2377,-1707,0,0,-1,
*,1301,3,51301,-2024,1814,0,0,-1,
*,1301,3,51301,-2422,1720,0,0,-1,
*,1301,3,51301,-1694,1466,0,0,-1,
*,1301,3,51301,-2092,1466,0,0,-1,
*,1301,3,51302,-2335,1515,0,0,-1,
*,1301,3,51302,-2335,1947,0,0,-1,
*,1301,3,51302,-1900,2020,0,0,-1,
*,1301,3,51302,-1706,1713,0,0,-1,
*,1301,3,51303,-2119,1977,0,0,-1,
*,1302,1,52101,397,0,0,0,-1,
*,1302,1,52101,7,-445,0,0,-1,
*,1302,1,52101,-5,387,0,0,-1,
*,1302,1,52101,-500,29,0,0,-1,
*,1302,1,52101,-500,-555,0,0,-1,
*,1302,1,52101,502,-555,0,0,-1,
*,1302,1,52101,502,450,0,0,-1,
*,1302,1,52101,-535,450,0,0,-1,
*,1302,2,52102,389,-409,0,0,-1,
*,1302,2,52102,389,382,0,0,-1,
*,1302,2,52102,-394,382,0,0,-1,
*,1302,2,52102,-394,-396,0,0,-1,
*,1302,2,52102,-19,-1017,0,0,-1,
*,1302,2,52102,-19,798,0,0,-1,
*,1302,2,52102,824,3,0,0,-1,
*,1302,2,52102,-912,3,0,0,-1,
*,1302,3,52101,253,0,0,0,-1,
*,1302,3,52101,-310,0,0,0,-1,
*,1302,3,52101,-16,204,0,0,-1,
*,1302,3,52101,-16,-316,0,0,-1,
*,1302,3,52102,135,-231,0,0,-1,
*,1302,3,52102,135,229,0,0,-1,
*,1302,3,52102,-205,229,0,0,-1,
*,1302,3,52102,-205,-237,0,0,-1,
*,1302,3,52103,0,0,0,0,-1,
*,1303,1,53101,864,-3073,0,0,-1,
*,1303,1,53101,182,-3305,0,0,-1,
*,1303,1,53101,-912,-3262,0,0,-1,
*,1303,1,53101,-229,-2877,0,0,-1,
*,1303,1,53101,-2402,-2877,0,0,-1,
*,1303,1,53101,-1551,-3330,0,0,-1,
*,1303,1,53101,252,-2608,0,0,-1,
*,1303,1,53101,1103,-3331,0,0,-1,
*,1303,2,53102,0,-1708,0,0,-1,
*,1303,2,53102,606,-1708,0,0,-1,
*,1303,2,53102,902,-1939,0,0,-1,
*,1303,2,53102,-800,-1939,0,0,-1,
*,1303,2,53102,-1718,-1835,0,0,-1,
*,1303,2,53102,1376,-1835,0,0,-1,
*,1303,2,53102,-1209,-1709,0,0,-1,
*,1303,2,53102,88,-1969,0,0,-1,
*,1303,3,53102,403,0,0,0,-1,
*,1303,3,53102,-507,0,0,0,-1,
*,1303,3,53102,-507,-408,0,0,-1,
*,1303,3,53102,239,-408,0,0,-1,
*,1303,3,53102,239,473,0,0,-1,
*,1303,3,53102,-243,473,0,0,-1,
*,1303,3,53103,0,0,0,0,-1,
*,1304,1,54101,-781,-4311,0,0,-1,
*,1304,1,54101,198,-4540,0,0,-1,
*,1304,1,54101,634,-4214,0,0,-1,
*,1304,1,54101,-110,-4790,0,0,-1,
*,1304,1,54101,-215,-5235,0,0,-1,
*,1304,1,54101,-979,-4648,0,0,-1,
*,1304,1,54101,812,-4648,0,0,-1,
*,1304,1,54101,-83,-4110,0,0,-1,
*,1304,2,54102,-517,-521,0,0,-1,
*,1304,2,54102,615,-521,0,0,-1,
*,1304,2,54102,-751,-1126,0,0,-1,
*,1304,2,54102,1394,-1126,0,0,-1,
*,1304,2,54102,267,-1484,0,0,-1,
*,1304,2,54102,-595,-1484,0,0,-1,
*,1304,2,54102,733,-1067,0,0,-1,
*,1304,2,54102,-991,-701,0,0,-1,
*,1304,3,54102,-517,7163,0,0,-1,
*,1304,3,54102,-723,6802,0,0,-1,
*,1304,3,54102,-1014,6404,0,0,-1,
*,1304,3,54102,379,7163,0,0,-1,
*,1304,3,54102,519,6802,0,0,-1,
*,1304,3,54102,837,6404,0,0,-1,
*,1304,3,54103,-16,6930,-17999,0,-1,
*,1305,1,55101,1026,0,0,0,-1,
*,1305,1,55101,490,197,0,0,-1,
*,1305,1,55101,1196,483,0,0,-1,
*,1305,1,55101,568,-150,0,0,-1,
*,1305,1,55101,797,190,0,0,-1,
*,1305,1,55101,329,505,0,0,-1,
*,1305,1,55101,788,732,0,0,-1,
*,1305,1,55101,679,479,0,0,-1,
*,1305,2,55102,1186,-204,0,0,-1,
*,1305,2,55102,292,4,0,0,-1,
*,1305,2,55102,655,4,0,0,-1,
*,1305,2,55102,1056,244,0,0,-1,
*,1305,2,55102,1056,646,0,0,-1,
*,1305,2,55102,452,646,0,0,-1,
*,1305,2,55102,899,433,0,0,-1,
*,1305,2,55102,280,256,0,0,-1,
*,1305,3,55102,1056,-176,0,0,-1,
*,1305,3,55102,1171,39,0,0,-1,
*,1305,3,55102,468,12,0,0,-1,
*,1305,3,55102,378,-288,0,0,-1,
*,1305,3,55102,868,-43,0,0,-1,
*,1305,3,55102,582,278,0,0,-1,
*,1305,3,55103,762,-233,0,0,-1,
*,1501,1,1002001,1278,-1905,0,0,240,
*,1501,1,1002002,0,1764,0,0,120,
*,1501,1,1002002,578,1539,0,0,120,
*,1501,1,1002002,1322,1958,0,0,120,
*,1501,1,1002002,1322,1455,0,0,120,
*,1501,1,1002002,-540,2012,0,0,120,
*,1501,1,1002003,-1022,-1920,0,0,120,
*,1501,1,1002003,-1247,-1697,0,0,120,
*,1501,1,1002003,651,-1972,0,0,120,
*,1501,1,1002003,-1247,-1697,0,0,120,
*,1501,1,1002003,-458,-1787,0,0,120,
*,1501,1,1002003,50,-1787,0,0,120,
*,1501,1,1002004,-1726,814,0,0,-1,
*,1501,1,1002004,-1726,-1116,0,0,-1,
*,1501,1,1002004,1874,-1056,0,0,-1,
*,1501,1,1002004,-1726,0,0,0,-1,
*,1501,1,1002004,1874,692,0,0,-1,
*,1501,1,1002004,1874,-135,0,0,-1,
*,1501,1,1002005,52,-709,0,0,-1,
*,1501,1,1002005,-406,545,0,0,-1,
*,1501,1,1002005,0,593,0,0,-1,
*,1501,1,1002005,550,-709,0,0,-1,
*,1501,1,1002005,-406,-709,0,0,-1,
*,1501,1,1002005,550,593,0,0,-1,
*,1501,1,1002006,-1057,1663,0,0,240,
*,1501,1,1002007,0,0,0,0,240,
*,1601,9999,1111,1670,1518,17706,0,-1,
*,1602,9999,1112,1670,1518,17706,0,-1,
*,1603,9999,1113,1670,1518,17706,0,-1,
*,1604,9999,1114,1670,1518,17706,0,-1,
*,201,1,22101,159,-1584,0,0,-1,
*,209,1,22101,206,-1816,0,0,-1,
*,210,1,22101,241,-1740,0,0,-1,
*,219,1,15201,-75,-4666,0,0,-1,
*,219,1,15201,-1365,-4666,0,0,-1,
*,219,1,15201,-1365,-4176,0,0,-1,
*,219,1,15201,727,-4176,0,0,-1,
*,219,1,15201,727,-4987,0,0,-1,
*,219,1,15201,-507,-4958,0,0,-1,
*,219,1,15201,308,-3857,0,0,-1,
*,219,1,15201,-87,-3091,0,0,-1,
*,219,1,15201,-87,-5720,0,0,-1,
*,219,2,15201,124,-824,0,0,-1,
*,219,2,15201,-1301,-172,0,0,-1,
*,219,2,15201,-713,-1395,0,0,-1,
*,219,2,15201,468,-403,0,0,-1,
*,219,2,15201,903,-1293,0,0,-1,
*,219,2,15201,903,1847,0,0,-1,
*,219,2,15201,-1054,1847,0,0,-1,
*,219,2,15201,-19,1158,0,0,-1,
*,219,2,15201,127,1849,0,0,-1,
*,219,2,15201,1307,1442,0,0,-1,
*,219,3,15201,-662,6957,0,0,-1,
*,219,3,15201,736,7552,0,0,-1,
*,219,3,15201,736,6145,0,0,-1,
*,219,3,15201,-997,6145,0,0,-1,
*,219,3,15201,737,4619,0,0,-1,
*,219,3,15201,-910,4619,0,0,-1,
*,219,3,15301,339,6957,0,0,-1,
*,220,1,21201,-623,-4735,0,2,-1,
*,220,1,21201,-67,-4735,0,2,-1,
*,220,1,21201,-356,-4202,0,2,-1,
*,220,1,21201,-127,-4319,0,2,-1,
*,220,1,21201,142,-4427,0,2,-1,
*,220,1,21201,-90,-4608,0,2,-1,
*,220,1,21201,691,-3985,0,2,-1,
*,220,1,21201,493,-4090,0,2,-1,
*,220,1,21201,-555,-4349,0,2,-1,
*,220,1,21201,-560,-3953,0,2,-1,
*,220,1,21201,-10,-3887,0,2,-1,
*,220,2,21205,-1484,-607,0,2,-1,
*,220,2,21205,794,-607,0,2,-1,
*,220,2,21205,727,-1256,0,2,-1,
*,220,2,21205,222,-1503,0,2,-1,
*,220,2,21205,-80,-223,0,2,-1,
*,220,2,21205,-1064,-607,0,2,-1,
*,220,2,21205,-80,-607,0,2,-1,
*,220,2,21205,735,-951,0,2,-1,
*,220,2,21205,-80,-1520,0,2,-1,
*,220,2,21205,552,-1376,0,2,-1,
*,220,2,21205,156,-445,0,2,-1,
*,220,2,21205,-622,-1174,0,2,-1,
*,220,3,21209,-80,6292,0,2,-1,
*,220,3,21209,1005,6292,0,2,-1,
*,220,3,21209,1005,6041,0,2,-1,
*,220,3,21209,-974,6134,0,2,-1,
*,220,3,21209,-607,7109,0,2,-1,
*,220,3,21209,568,6276,0,2,-1,
*,220,3,21209,-892,6494,0,2,-1,
*,220,3,21209,-153,5932,0,2,-1,
*,220,3,21209,-690,5712,0,2,-1,
*,220,3,21209,683,5566,0,2,-1,
*,220,3,21209,302,5566,0,2,-1,
*,221,1,21201,-4124,-3548,0,2,-1,
*,221,1,21201,-4057,-2709,0,2,-1,
*,221,1,21201,-4547,-3421,0,2,-1,
*,221,1,21201,-2768,-3567,0,2,-1,
*,221,1,21201,-3026,-3240,0,2,-1,
*,221,1,21201,-3773,-3676,0,2,-1,
*,221,1,21201,-3581,-3064,0,2,-1,
*,221,1,21201,-4042,-3421,0,2,-1,
*,221,1,21201,-4151,-3162,0,2,-1,
*,221,1,21201,-3791,-3039,0,2,-1,
*,221,1,21201,-3264,-3333,0,2,-1,
*,221,2,21205,3275,-2810,0,2,-1,
*,221,2,21205,2825,-2579,0,2,-1,
*,221,2,21205,2268,-2810,0,2,-1,
*,221,2,21205,2637,-3706,0,2,-1,
*,221,2,21205,2401,-2426,0,2,-1,
*,221,2,21205,2675,-2810,0,2,-1,
*,221,2,21205,2693,-3125,0,2,-1,
*,221,2,21205,2809,-2923,0,2,-1,
*,221,2,21205,3659,-3723,0,2,-1,
*,221,2,21205,3060,-2667,0,2,-1,
*,221,2,21205,3148,-3157,0,2,-1,
*,221,2,21205,3116,-3378,0,2,-1,
*,221,3,21209,3041,1245,0,2,-1,
*,221,3,21209,4127,1245,0,2,-1,
*,221,3,21209,4127,2447,0,2,-1,
*,221,3,21209,3979,1408,0,2,-1,
*,221,3,21209,3739,2062,0,2,-1,
*,221,3,21209,4121,2062,0,2,-1,
*,221,3,21209,3211,1585,0,2,-1,
*,221,3,21209,3815,1598,0,2,-1,
*,221,3,21209,3333,1828,0,2,-1,
*,221,3,21209,3424,2317,0,2,-1,
*,221,3,21209,3424,1312,0,2,-1,
*,222,1,21201,-1143,-1417,0,2,-1,
*,222,1,21201,-1310,-1654,0,2,-1,
*,222,1,21201,-1203,-1893,0,2,-1,
*,222,1,21201,-948,-1360,0,2,-1,
*,222,1,21201,-521,-1712,0,2,-1,
*,222,1,21201,-1027,-952,0,2,-1,
*,222,1,21201,-647,-1182,0,2,-1,
*,222,1,21201,-529,-1100,0,2,-1,
*,222,1,21201,-1364,-2107,0,2,-1,
*,222,1,21201,-709,-1435,0,2,-1,
*,222,1,21201,-832,-1205,0,2,-1,
*,222,2,21205,1619,4072,0,2,-1,
*,222,2,21205,2047,4200,0,2,-1,
*,222,2,21205,2688,4072,0,2,-1,
*,222,2,21205,2243,3299,0,2,-1,
*,222,2,21205,3023,4336,0,2,-1,
*,222,2,21205,2261,4072,0,2,-1,
*,222,2,21205,2194,3752,0,2,-1,
*,222,2,21205,1647,3728,0,2,-1,
*,222,2,21205,2101,3532,0,2,-1,
*,222,2,21205,1652,3391,0,2,-1,
*,222,2,21205,1492,3871,0,2,-1,
*,222,2,21205,1447,3504,0,2,-1,
*,222,3,21209,3853,-2811,0,2,-1,
*,222,3,21209,4787,-2467,0,2,-1,
*,222,3,21209,4197,-1852,0,2,-1,
*,222,3,21209,3716,-1873,0,2,-1,
*,222,3,21209,3867,-2613,0,2,-1,
*,222,3,21209,4805,-2000,0,2,-1,
*,222,3,21209,4068,-2632,0,2,-1,
*,222,3,21209,4627,-1743,0,2,-1,
*,222,3,21209,4078,-1721,0,2,-1,
*,222,3,21209,4236,-1713,0,2,-1,
*,222,3,21209,4236,-2694,0,2,-1,
*,2231,1,21101,694,-1137,0,2,-1,
*,2231,1,21101,1090,-1031,0,2,-1,
*,2231,1,21101,620,-874,0,2,-1,
*,2231,1,21101,739,-616,0,2,-1,
*,2231,1,21101,1009,-724,0,2,-1,
*,2231,2,21101,694,-1096,0,2,-1,
*,2231,2,21101,1090,-990,0,2,-1,
*,2231,2,21101,620,-833,0,2,-1,
*,2231,2,21101,739,-574,0,2,-1,
*,2231,2,21101,1009,-682,0,2,-1,
*,2231,3,21101,694,-1075,0,2,-1,
*,2231,3,21101,1090,-969,0,2,-1,
*,2231,3,21101,620,-812,0,2,-1,
*,2231,3,21101,739,-554,0,2,-1,
*,2231,3,21101,1009,-661,0,2,-1,
*,2231,4,21101,694,-1090,0,2,-1,
*,2231,4,21101,1090,-984,0,2,-1,
*,2231,4,21101,620,-827,0,2,-1,
*,2231,4,21101,739,-569,0,2,-1,
*,2231,4,21101,1009,-677,0,2,-1,
*,2231,5,21102,-603,-1118,0,2,-1,
*,2231,5,21102,-957,-1118,0,2,-1,
*,2231,5,21102,-957,-786,0,2,-1,
*,2231,5,21102,-567,-786,0,2,-1,
*,2231,5,21102,-775,-961,0,2,-1,
*,2231,6,21102,-603,-993,0,2,-1,
*,2231,6,21102,-957,-993,0,2,-1,
*,2231,6,21102,-957,-660,0,2,-1,
*,2231,6,21102,-567,-660,0,2,-1,
*,2231,6,21102,-775,-836,0,2,-1,
*,2231,7,21102,-603,-1061,0,2,-1,
*,2231,7,21102,-957,-1061,0,2,-1,
*,2231,7,21102,-957,-729,0,2,-1,
*,2231,7,21102,-567,-729,0,2,-1,
*,2231,7,21102,-775,-904,0,2,-1,
*,2231,8,21102,-603,-1046,0,2,-1,
*,2231,8,21102,-957,-1046,0,2,-1,
*,2231,8,21102,-957,-714,0,2,-1,
*,2231,8,21102,-567,-714,0,2,-1,
*,2231,8,21102,-775,-889,0,2,-1,
*,2231,9,21103,-603,710,0,2,-1,
*,2231,9,21103,-970,710,0,2,-1,
*,2231,9,21103,-970,1088,0,2,-1,
*,2231,9,21103,-637,1088,0,2,-1,
*,2231,9,21103,-812,890,0,2,-1,
*,2231,10,21103,-603,710,0,2,-1,
*,2231,10,21103,-970,710,0,2,-1,
*,2231,10,21103,-970,1088,0,2,-1,
*,2231,10,21103,-637,1088,0,2,-1,
*,2231,10,21103,-812,890,0,2,-1,
*,2231,11,21103,-603,710,0,2,-1,
*,2231,11,21103,-970,710,0,2,-1,
*,2231,11,21103,-970,1088,0,2,-1,
*,2231,11,21103,-637,1088,0,2,-1,
*,2231,11,21103,-812,890,0,2,-1,
*,2231,12,21103,-603,710,0,2,-1,
*,2231,12,21103,-970,710,0,2,-1,
*,2231,12,21103,-970,1088,0,2,-1,
*,2231,12,21103,-637,1088,0,2,-1,
*,2231,12,21103,-812,890,0,2,-1,
*,2231,13,21104,1060,612,0,2,-1,
*,2231,13,21104,679,612,0,2,-1,
*,2231,13,21104,904,847,0,2,-1,
*,2231,13,21104,1075,1064,0,2,-1,
*,2231,13,21104,720,1064,0,2,-1,
*,2231,14,21104,1060,612,0,2,-1,
*,2231,14,21104,679,612,0,2,-1,
*,2231,14,21104,904,847,0,2,-1,
*,2231,14,21104,1075,1064,0,2,-1,
*,2231,14,21104,720,1064,0,2,-1,
*,2231,15,21104,1060,612,0,2,-1,
*,2231,15,21104,679,612,0,2,-1,
*,2231,15,21104,904,847,0,2,-1,
*,2231,15,21104,1075,1064,0,2,-1,
*,2231,15,21104,720,1064,0,2,-1,
*,2231,16,21104,1060,612,0,2,-1,
*,2231,16,21104,679,612,0,2,-1,
*,2231,16,21104,904,847,0,2,-1,
*,2231,16,21104,1075,1064,0,2,-1,
*,2231,16,21104,720,1064,0,2,-1,
*,2231,17,21105,1060,-1105,0,2,-1,
*,2231,17,21105,617,-1105,0,2,-1,
*,2231,17,21105,814,-900,0,2,-1,
*,2231,17,21105,1066,-686,0,2,-1,
*,2231,17,21105,652,-686,0,2,-1,
*,2231,18,21105,1060,-1105,0,2,-1,
*,2231,18,21105,617,-1105,0,2,-1,
*,2231,18,21105,814,-900,0,2,-1,
*,2231,18,21105,1066,-686,0,2,-1,
*,2231,18,21105,652,-686,0,2,-1,
*,2231,19,21105,1060,-1105,0,2,-1,
*,2231,19,21105,617,-1105,0,2,-1,
*,2231,19,21105,814,-900,0,2,-1,
*,2231,19,21105,1066,-686,0,2,-1,
*,2231,19,21105,652,-686,0,2,-1,
*,2231,20,21105,1060,-1105,0,2,-1,
*,2231,20,21105,617,-1105,0,2,-1,
*,2231,20,21105,814,-900,0,2,-1,
*,2231,20,21105,1066,-686,0,2,-1,
*,2231,20,21105,652,-686,0,2,-1,
*,2231,21,21106,-924,-1015,0,2,-1,
*,2231,21,21106,-612,-1015,0,2,-1,
*,2231,21,21106,-806,-854,0,2,-1,
*,2231,21,21106,-620,-711,0,2,-1,
*,2231,21,21106,-1008,-711,0,2,-1,
*,2231,22,21106,-924,-1015,0,2,-1,
*,2231,22,21106,-612,-1015,0,2,-1,
*,2231,22,21106,-806,-854,0,2,-1,
*,2231,22,21106,-620,-711,0,2,-1,
*,2231,22,21106,-1008,-711,0,2,-1,
*,2231,23,21106,-924,-1015,0,2,-1,
*,2231,23,21106,-612,-1015,0,2,-1,
*,2231,23,21106,-806,-854,0,2,-1,
*,2231,23,21106,-620,-711,0,2,-1,
*,2231,23,21106,-1008,-711,0,2,-1,
*,2231,24,21106,-924,-1015,0,2,-1,
*,2231,24,21106,-612,-1015,0,2,-1,
*,2231,24,21106,-806,-854,0,2,-1,
*,2231,24,21106,-620,-711,0,2,-1,
*,2231,24,21106,-1008,-711,0,2,-1,
*,2231,25,21107,-621,705,0,2,-1,
*,2231,25,21107,-924,705,0,2,-1,
*,2231,25,21107,-842,883,0,2,-1,
*,2231,25,21107,-924,1073,0,2,-1,
*,2231,25,21107,-639,1109,0,2,-1,
*,2231,26,21107,-621,705,0,2,-1,
*,2231,26,21107,-924,705,0,2,-1,
*,2231,26,21107,-842,883,0,2,-1,
*,2231,26,21107,-924,1073,0,2,-1,
*,2231,26,21107,-639,1109,0,2,-1,
*,2231,27,21107,-621,705,0,2,-1,
*,2231,27,21107,-924,705,0,2,-1,
*,2231,27,21107,-842,883,0,2,-1,
*,2231,27,21107,-924,1073,0,2,-1,
*,2231,27,21107,-639,1109,0,2,-1,
*,2231,28,21107,-621,705,0,2,-1,
*,2231,28,21107,-924,705,0,2,-1,
*,2231,28,21107,-842,883,0,2,-1,
*,2231,28,21107,-924,1073,0,2,-1,
*,2231,28,21107,-639,1109,0,2,-1,
*,2232,1,21111,1044,-700,0,2,-1,
*,2232,1,21111,1032,-1086,0,2,-1,
*,2232,1,21111,839,-904,0,2,-1,
*,2232,1,21111,594,-1086,0,2,-1,
*,2232,1,21111,-759,-904,0,2,-1,
*,2232,1,21111,-1003,-1086,0,2,-1,
*,2232,1,21111,596,-700,0,2,-1,
*,2232,1,21111,-1002,-700,0,2,-1,
*,2232,1,21111,-554,-700,0,2,-1,
*,2232,1,21111,-565,-1086,0,2,-1,
*,2232,2,21111,1044,-700,0,2,-1,
*,2232,2,21111,1032,-1086,0,2,-1,
*,2232,2,21111,839,-904,0,2,-1,
*,2232,2,21111,594,-1086,0,2,-1,
*,2232,2,21111,-759,-904,0,2,-1,
*,2232,2,21111,-1003,-1086,0,2,-1,
*,2232,2,21111,596,-700,0,2,-1,
*,2232,2,21111,-1002,-700,0,2,-1,
*,2232,2,21111,-554,-700,0,2,-1,
*,2232,2,21111,-565,-1086,0,2,-1,
*,2232,3,21111,1044,-700,0,2,-1,
*,2232,3,21111,1032,-1086,0,2,-1,
*,2232,3,21111,839,-904,0,2,-1,
*,2232,3,21111,594,-1086,0,2,-1,
*,2232,3,21111,-759,-904,0,2,-1,
*,2232,3,21111,-1003,-1086,0,2,-1,
*,2232,3,21111,596,-700,0,2,-1,
*,2232,3,21111,-1002,-700,0,2,-1,
*,2232,3,21111,-554,-700,0,2,-1,
*,2232,3,21111,-565,-1086,0,2,-1,
*,2232,4,21111,1044,-700,0,2,-1,
*,2232,4,21111,1032,-1086,0,2,-1,
*,2232,4,21111,839,-904,0,2,-1,
*,2232,4,21111,594,-1086,0,2,-1,
*,2232,4,21111,-759,-904,0,2,-1,
*,2232,4,21111,-1003,-1086,0,2,-1,
*,2232,4,21111,596,-700,0,2,-1,
*,2232,4,21111,-1002,-700,0,2,-1,
*,2232,4,21111,-554,-700,0,2,-1,
*,2232,4,21111,-565,-1086,0,2,-1,
*,2232,5,21112,-1002,582,0,2,-1,
*,2232,5,21112,-620,582,0,2,-1,
*,2232,5,21112,-620,1022,0,2,-1,
*,2232,5,21112,-1020,1022,0,2,-1,
*,2232,5,21112,-807,795,0,2,-1,
*,2232,5,21112,542,582,0,2,-1,
*,2232,5,21112,925,582,0,2,-1,
*,2232,5,21112,925,1022,0,2,-1,
*,2232,5,21112,524,1022,0,2,-1,
*,2232,5,21112,737,795,0,2,-1,
*,2232,6,21112,-1002,582,0,2,-1,
*,2232,6,21112,-620,582,0,2,-1,
*,2232,6,21112,-620,1022,0,2,-1,
*,2232,6,21112,-1020,1022,0,2,-1,
*,2232,6,21112,-807,795,0,2,-1,
*,2232,6,21112,542,582,0,2,-1,
*,2232,6,21112,925,582,0,2,-1,
*,2232,6,21112,925,1022,0,2,-1,
*,2232,6,21112,524,1022,0,2,-1,
*,2232,6,21112,737,795,0,2,-1,
*,2232,7,21112,-1002,582,0,2,-1,
*,2232,7,21112,-620,582,0,2,-1,
*,2232,7,21112,-620,1022,0,2,-1,
*,2232,7,21112,-1020,1022,0,2,-1,
*,2232,7,21112,-807,795,0,2,-1,
*,2232,7,21112,542,582,0,2,-1,
*,2232,7,21112,925,582,0,2,-1,
*,2232,7,21112,925,1022,0,2,-1,
*,2232,7,21112,524,1022,0,2,-1,
*,2232,7,21112,737,795,0,2,-1,
*,2232,8,21112,-1002,582,0,2,-1,
*,2232,8,21112,-620,582,0,2,-1,
*,2232,8,21112,-620,1022,0,2,-1,
*,2232,8,21112,-1020,1022,0,2,-1,
*,2232,8,21112,-807,795,0,2,-1,
*,2232,8,21112,542,582,0,2,-1,
*,2232,8,21112,925,582,0,2,-1,
*,2232,8,21112,925,1022,0,2,-1,
*,2232,8,21112,524,1022,0,2,-1,
*,2232,8,21112,737,795,0,2,-1,
*,2232,9,21113,-1002,-1077,0,2,-1,
*,2232,9,21113,-1002,-717,0,2,-1,
*,2232,9,21113,-555,-717,0,2,-1,
*,2232,9,21113,-555,-1103,0,2,-1,
*,2232,9,21113,-764,-901,0,2,-1,
*,2232,9,21113,-1050,615,0,2,-1,
*,2232,9,21113,-1050,975,0,2,-1,
*,2232,9,21113,-603,975,0,2,-1,
*,2232,9,21113,-603,589,0,2,-1,
*,2232,9,21113,-812,791,0,2,-1,
*,2232,10,21113,-1002,-1077,0,2,-1,
*,2232,10,21113,-1002,-717,0,2,-1,
*,2232,10,21113,-555,-717,0,2,-1,
*,2232,10,21113,-555,-1103,0,2,-1,
*,2232,10,21113,-764,-901,0,2,-1,
*,2232,10,21113,-1050,615,0,2,-1,
*,2232,10,21113,-1050,975,0,2,-1,
*,2232,10,21113,-603,975,0,2,-1,
*,2232,10,21113,-603,589,0,2,-1,
*,2232,10,21113,-812,791,0,2,-1,
*,2232,11,21113,-1002,-1077,0,2,-1,
*,2232,11,21113,-1002,-717,0,2,-1,
*,2232,11,21113,-555,-717,0,2,-1,
*,2232,11,21113,-555,-1103,0,2,-1,
*,2232,11,21113,-764,-901,0,2,-1,
*,2232,11,21113,-1050,615,0,2,-1,
*,2232,11,21113,-1050,975,0,2,-1,
*,2232,11,21113,-603,975,0,2,-1,
*,2232,11,21113,-603,589,0,2,-1,
*,2232,11,21113,-812,791,0,2,-1,
*,2232,12,21113,-1002,-1077,0,2,-1,
*,2232,12,21113,-1002,-717,0,2,-1,
*,2232,12,21113,-555,-717,0,2,-1,
*,2232,12,21113,-555,-1103,0,2,-1,
*,2232,12,21113,-764,-901,0,2,-1,
*,2232,12,21113,-1050,615,0,2,-1,
*,2232,12,21113,-1050,975,0,2,-1,
*,2232,12,21113,-603,975,0,2,-1,
*,2232,12,21113,-603,589,0,2,-1,
*,2232,12,21113,-812,791,0,2,-1,
*,2232,13,21114,620,-1077,0,2,-1,
*,2232,13,21114,1033,-1077,0,2,-1,
*,2232,13,21114,1033,-718,0,2,-1,
*,2232,13,21114,610,-718,0,2,-1,
*,2232,13,21114,849,-947,0,2,-1,
*,2232,13,21114,563,626,0,2,-1,
*,2232,13,21114,976,626,0,2,-1,
*,2232,13,21114,976,984,0,2,-1,
*,2232,13,21114,553,984,0,2,-1,
*,2232,13,21114,792,756,0,2,-1,
*,2232,14,21114,620,-1077,0,2,-1,
*,2232,14,21114,1033,-1077,0,2,-1,
*,2232,14,21114,1033,-718,0,2,-1,
*,2232,14,21114,610,-718,0,2,-1,
*,2232,14,21114,849,-947,0,2,-1,
*,2232,14,21114,563,626,0,2,-1,
*,2232,14,21114,976,626,0,2,-1,
*,2232,14,21114,976,984,0,2,-1,
*,2232,14,21114,553,984,0,2,-1,
*,2232,14,21114,792,756,0,2,-1,
*,2232,15,21114,620,-1077,0,2,-1,
*,2232,15,21114,1033,-1077,0,2,-1,
*,2232,15,21114,1033,-718,0,2,-1,
*,2232,15,21114,610,-718,0,2,-1,
*,2232,15,21114,849,-947,0,2,-1,
*,2232,15,21114,563,626,0,2,-1,
*,2232,15,21114,976,626,0,2,-1,
*,2232,15,21114,976,984,0,2,-1,
*,2232,15,21114,553,984,0,2,-1,
*,2232,15,21114,792,756,0,2,-1,
*,2232,16,21114,620,-1077,0,2,-1,
*,2232,16,21114,1033,-1077,0,2,-1,
*,2232,16,21114,1033,-718,0,2,-1,
*,2232,16,21114,610,-718,0,2,-1,
*,2232,16,21114,849,-947,0,2,-1,
*,2232,16,21114,563,626,0,2,-1,
*,2232,16,21114,976,626,0,2,-1,
*,2232,16,21114,976,984,0,2,-1,
*,2232,16,21114,553,984,0,2,-1,
*,2232,16,21114,792,756,0,2,-1,
*,2232,17,21115,620,-1077,0,2,-1,
*,2232,17,21115,1042,-1077,0,2,-1,
*,2232,17,21115,857,-925,0,2,-1,
*,2232,17,21115,1055,-726,0,2,-1,
*,2232,17,21115,640,-726,0,2,-1,
*,2232,17,21115,-1065,641,0,2,-1,
*,2232,17,21115,-643,641,0,2,-1,
*,2232,17,21115,-828,793,0,2,-1,
*,2232,17,21115,-630,992,0,2,-1,
*,2232,17,21115,-1045,992,0,2,-1,
*,2232,18,21115,620,-1077,0,2,-1,
*,2232,18,21115,1042,-1077,0,2,-1,
*,2232,18,21115,857,-925,0,2,-1,
*,2232,18,21115,1055,-726,0,2,-1,
*,2232,18,21115,640,-726,0,2,-1,
*,2232,18,21115,-1065,641,0,2,-1,
*,2232,18,21115,-643,641,0,2,-1,
*,2232,18,21115,-828,793,0,2,-1,
*,2232,18,21115,-630,992,0,2,-1,
*,2232,18,21115,-1045,992,0,2,-1,
*,2232,19,21115,620,-1077,0,2,-1,
*,2232,19,21115,1042,-1077,0,2,-1,
*,2232,19,21115,857,-925,0,2,-1,
*,2232,19,21115,1055,-726,0,2,-1,
*,2232,19,21115,640,-726,0,2,-1,
*,2232,19,21115,-1065,641,0,2,-1,
*,2232,19,21115,-643,641,0,2,-1,
*,2232,19,21115,-828,793,0,2,-1,
*,2232,19,21115,-630,992,0,2,-1,
*,2232,19,21115,-1045,992,0,2,-1,
*,2232,20,21115,620,-1077,0,2,-1,
*,2232,20,21115,1042,-1077,0,2,-1,
*,2232,20,21115,857,-925,0,2,-1,
*,2232,20,21115,1055,-726,0,2,-1,
*,2232,20,21115,640,-726,0,2,-1,
*,2232,20,21115,-1065,641,0,2,-1,
*,2232,20,21115,-643,641,0,2,-1,
*,2232,20,21115,-828,793,0,2,-1,
*,2232,20,21115,-630,992,0,2,-1,
*,2232,20,21115,-1045,992,0,2,-1,
*,2232,21,21116,-565,-1077,0,2,-1,
*,2232,21,21116,-993,-1077,0,2,-1,
*,2232,21,21116,-993,-710,0,2,-1,
*,2232,21,21116,-566,-710,0,2,-1,
*,2232,21,21116,-787,-904,0,2,-1,
*,2232,21,21116,962,637,0,2,-1,
*,2232,21,21116,534,637,0,2,-1,
*,2232,21,21116,534,1003,0,2,-1,
*,2232,21,21116,962,1003,0,2,-1,
*,2232,21,21116,741,810,0,2,-1,
*,2232,22,21116,-565,-1077,0,2,-1,
*,2232,22,21116,-993,-1077,0,2,-1,
*,2232,22,21116,-993,-710,0,2,-1,
*,2232,22,21116,-566,-710,0,2,-1,
*,2232,22,21116,-787,-904,0,2,-1,
*,2232,22,21116,962,637,0,2,-1,
*,2232,22,21116,534,637,0,2,-1,
*,2232,22,21116,534,1003,0,2,-1,
*,2232,22,21116,962,1003,0,2,-1,
*,2232,22,21116,741,810,0,2,-1,
*,2232,23,21116,-565,-1077,0,2,-1,
*,2232,23,21116,-993,-1077,0,2,-1,
*,2232,23,21116,-993,-710,0,2,-1,
*,2232,23,21116,-566,-710,0,2,-1,
*,2232,23,21116,-787,-904,0,2,-1,
*,2232,23,21116,962,637,0,2,-1,
*,2232,23,21116,534,637,0,2,-1,
*,2232,23,21116,534,1003,0,2,-1,
*,2232,23,21116,962,1003,0,2,-1,
*,2232,23,21116,741,810,0,2,-1,
*,2232,24,21116,-565,-1077,0,2,-1,
*,2232,24,21116,-993,-1077,0,2,-1,
*,2232,24,21116,-993,-710,0,2,-1,
*,2232,24,21116,-566,-710,0,2,-1,
*,2232,24,21116,-787,-904,0,2,-1,
*,2232,24,21116,962,637,0,2,-1,
*,2232,24,21116,534,637,0,2,-1,
*,2232,24,21116,534,1003,0,2,-1,
*,2232,24,21116,962,1003,0,2,-1,
*,2232,24,21116,741,810,0,2,-1,
*,2232,25,21117,-608,608,0,2,-1,
*,2232,25,21117,-1066,608,0,2,-1,
*,2232,25,21117,-1066,969,0,2,-1,
*,2232,25,21117,-718,969,0,2,-1,
*,2232,25,21117,-826,772,0,2,-1,
*,2232,25,21117,1084,-1111,0,2,-1,
*,2232,25,21117,626,-1111,0,2,-1,
*,2232,25,21117,626,-750,0,2,-1,
*,2232,25,21117,975,-750,0,2,-1,
*,2232,25,21117,866,-947,0,2,-1,
*,2232,26,21117,-608,608,0,2,-1,
*,2232,26,21117,-1066,608,0,2,-1,
*,2232,26,21117,-1066,969,0,2,-1,
*,2232,26,21117,-718,969,0,2,-1,
*,2232,26,21117,-826,772,0,2,-1,
*,2232,26,21117,1084,-1111,0,2,-1,
*,2232,26,21117,626,-1111,0,2,-1,
*,2232,26,21117,626,-750,0,2,-1,
*,2232,26,21117,975,-750,0,2,-1,
*,2232,26,21117,866,-947,0,2,-1,
*,2232,27,21117,-608,608,0,2,-1,
*,2232,27,21117,-1066,608,0,2,-1,
*,2232,27,21117,-1066,969,0,2,-1,
*,2232,27,21117,-718,969,0,2,-1,
*,2232,27,21117,-826,772,0,2,-1,
*,2232,27,21117,1084,-1111,0,2,-1,
*,2232,27,21117,626,-1111,0,2,-1,
*,2232,27,21117,626,-750,0,2,-1,
*,2232,27,21117,975,-750,0,2,-1,
*,2232,27,21117,866,-947,0,2,-1,
*,2232,28,21117,-608,608,0,2,-1,
*,2232,28,21117,-1066,608,0,2,-1,
*,2232,28,21117,-1066,969,0,2,-1,
*,2232,28,21117,-718,969,0,2,-1,
*,2232,28,21117,-826,772,0,2,-1,
*,2232,28,21117,1084,-1111,0,2,-1,
*,2232,28,21117,626,-1111,0,2,-1,
*,2232,28,21117,626,-750,0,2,-1,
*,2232,28,21117,975,-750,0,2,-1,
*,2232,28,21117,866,-947,0,2,-1,
*,2233,1,21121,1044,-700,0,2,-1,
*,2233,1,21121,1032,-1086,0,2,-1,
*,2233,1,21121,839,-904,0,2,-1,
*,2233,1,21121,594,-1086,0,2,-1,
*,2233,1,21121,-759,-904,0,2,-1,
*,2233,1,21121,-1003,-1086,0,2,-1,
*,2233,1,21121,596,-700,0,2,-1,
*,2233,1,21121,-1002,-700,0,2,-1,
*,2233,1,21121,-554,-700,0,2,-1,
*,2233,1,21121,-565,-1086,0,2,-1,
*,2233,1,21121,-1025,1091,0,2,-1,
*,2233,1,21121,-577,1091,0,2,-1,
*,2233,1,21121,-782,888,0,2,-1,
*,2233,1,21121,-1026,705,0,2,-1,
*,2233,1,21121,-588,705,0,2,-1,
*,2233,2,21121,1044,-700,0,2,-1,
*,2233,2,21121,1032,-1086,0,2,-1,
*,2233,2,21121,839,-904,0,2,-1,
*,2233,2,21121,594,-1086,0,2,-1,
*,2233,2,21121,-759,-904,0,2,-1,
*,2233,2,21121,-1003,-1086,0,2,-1,
*,2233,2,21121,596,-700,0,2,-1,
*,2233,2,21121,-1002,-700,0,2,-1,
*,2233,2,21121,-554,-700,0,2,-1,
*,2233,2,21121,-565,-1086,0,2,-1,
*,2233,2,21121,-1025,1091,0,2,-1,
*,2233,2,21121,-577,1091,0,2,-1,
*,2233,2,21121,-782,888,0,2,-1,
*,2233,2,21121,-1026,705,0,2,-1,
*,2233,2,21121,-588,705,0,2,-1,
*,2233,3,21121,1044,-700,0,2,-1,
*,2233,3,21121,1032,-1086,0,2,-1,
*,2233,3,21121,839,-904,0,2,-1,
*,2233,3,21121,594,-1086,0,2,-1,
*,2233,3,21121,-759,-904,0,2,-1,
*,2233,3,21121,-1003,-1086,0,2,-1,
*,2233,3,21121,596,-700,0,2,-1,
*,2233,3,21121,-1002,-700,0,2,-1,
*,2233,3,21121,-554,-700,0,2,-1,
*,2233,3,21121,-565,-1086,0,2,-1,
*,2233,3,21121,-1025,1091,0,2,-1,
*,2233,3,21121,-577,1091,0,2,-1,
*,2233,3,21121,-782,888,0,2,-1,
*,2233,3,21121,-1026,705,0,2,-1,
*,2233,3,21121,-588,705,0,2,-1,
*,2233,4,21121,1044,-700,0,2,-1,
*,2233,4,21121,1032,-1086,0,2,-1,
*,2233,4,21121,839,-904,0,2,-1,
*,2233,4,21121,594,-1086,0,2,-1,
*,2233,4,21121,-759,-904,0,2,-1,
*,2233,4,21121,-1003,-1086,0,2,-1,
*,2233,4,21121,596,-700,0,2,-1,
*,2233,4,21121,-1002,-700,0,2,-1,
*,2233,4,21121,-554,-700,0,2,-1,
*,2233,4,21121,-565,-1086,0,2,-1,
*,2233,4,21121,-1025,1091,0,2,-1,
*,2233,4,21121,-577,1091,0,2,-1,
*,2233,4,21121,-782,888,0,2,-1,
*,2233,4,21121,-1026,705,0,2,-1,
*,2233,4,21121,-588,705,0,2,-1,
*,2233,5,21122,-577,-700,0,2,-1,
*,2233,5,21122,-577,-1099,0,2,-1,
*,2233,5,21122,-1013,-1099,0,2,-1,
*,2233,5,21122,-1013,-694,0,2,-1,
*,2233,5,21122,-787,-911,0,2,-1,
*,2233,5,21122,-577,1095,0,2,-1,
*,2233,5,21122,-577,697,0,2,-1,
*,2233,5,21122,-1013,697,0,2,-1,
*,2233,5,21122,-1013,1101,0,2,-1,
*,2233,5,21122,-787,884,0,2,-1,
*,2233,5,21122,804,884,0,2,-1,
*,2233,5,21122,578,1101,0,2,-1,
*,2233,5,21122,578,697,0,2,-1,
*,2233,5,21122,1013,697,0,2,-1,
*,2233,5,21122,1013,1095,0,2,-1,
*,2233,6,21122,-577,-700,0,2,-1,
*,2233,6,21122,-577,-1099,0,2,-1,
*,2233,6,21122,-1013,-1099,0,2,-1,
*,2233,6,21122,-1013,-694,0,2,-1,
*,2233,6,21122,-787,-911,0,2,-1,
*,2233,6,21122,-577,1095,0,2,-1,
*,2233,6,21122,-577,697,0,2,-1,
*,2233,6,21122,-1013,697,0,2,-1,
*,2233,6,21122,-1013,1101,0,2,-1,
*,2233,6,21122,-787,884,0,2,-1,
*,2233,6,21122,804,884,0,2,-1,
*,2233,6,21122,578,1101,0,2,-1,
*,2233,6,21122,578,697,0,2,-1,
*,2233,6,21122,1013,697,0,2,-1,
*,2233,6,21122,1013,1095,0,2,-1,
*,2233,7,21122,-577,-700,0,2,-1,
*,2233,7,21122,-577,-1099,0,2,-1,
*,2233,7,21122,-1013,-1099,0,2,-1,
*,2233,7,21122,-1013,-694,0,2,-1,
*,2233,7,21122,-787,-911,0,2,-1,
*,2233,7,21122,-577,1095,0,2,-1,
*,2233,7,21122,-577,697,0,2,-1,
*,2233,7,21122,-1013,697,0,2,-1,
*,2233,7,21122,-1013,1101,0,2,-1,
*,2233,7,21122,-787,884,0,2,-1,
*,2233,7,21122,804,884,0,2,-1,
*,2233,7,21122,578,1101,0,2,-1,
*,2233,7,21122,578,697,0,2,-1,
*,2233,7,21122,1013,697,0,2,-1,
*,2233,7,21122,1013,1095,0,2,-1,
*,2233,8,21122,-577,-700,0,2,-1,
*,2233,8,21122,-577,-1099,0,2,-1,
*,2233,8,21122,-1013,-1099,0,2,-1,
*,2233,8,21122,-1013,-694,0,2,-1,
*,2233,8,21122,-787,-911,0,2,-1,
*,2233,8,21122,-577,1095,0,2,-1,
*,2233,8,21122,-577,697,0,2,-1,
*,2233,8,21122,-1013,697,0,2,-1,
*,2233,8,21122,-1013,1101,0,2,-1,
*,2233,8,21122,-787,884,0,2,-1,
*,2233,8,21122,804,884,0,2,-1,
*,2233,8,21122,578,1101,0,2,-1,
*,2233,8,21122,578,697,0,2,-1,
*,2233,8,21122,1013,697,0,2,-1,
*,2233,8,21122,1013,1095,0,2,-1,
*,2233,9,21123,-577,697,0,2,-1,
*,2233,9,21123,-1005,697,0,2,-1,
*,2233,9,21123,-1005,1101,0,2,-1,
*,2233,9,21123,-571,1101,0,2,-1,
*,2233,9,21123,-785,881,0,2,-1,
*,2233,9,21123,1000,697,0,2,-1,
*,2233,9,21123,572,697,0,2,-1,
*,2233,9,21123,572,1101,0,2,-1,
*,2233,9,21123,1006,1101,0,2,-1,
*,2233,9,21123,792,881,0,2,-1,
*,2233,9,21123,792,-920,0,2,-1,
*,2233,9,21123,1006,-700,0,2,-1,
*,2233,9,21123,572,-700,0,2,-1,
*,2233,9,21123,572,-1104,0,2,-1,
*,2233,9,21123,1000,-1104,0,2,-1,
*,2233,10,21123,-577,697,0,2,-1,
*,2233,10,21123,-1005,697,0,2,-1,
*,2233,10,21123,-1005,1101,0,2,-1,
*,2233,10,21123,-571,1101,0,2,-1,
*,2233,10,21123,-785,881,0,2,-1,
*,2233,10,21123,1000,697,0,2,-1,
*,2233,10,21123,572,697,0,2,-1,
*,2233,10,21123,572,1101,0,2,-1,
*,2233,10,21123,1006,1101,0,2,-1,
*,2233,10,21123,792,881,0,2,-1,
*,2233,10,21123,792,-920,0,2,-1,
*,2233,10,21123,1006,-700,0,2,-1,
*,2233,10,21123,572,-700,0,2,-1,
*,2233,10,21123,572,-1104,0,2,-1,
*,2233,10,21123,1000,-1104,0,2,-1,
*,2233,11,21123,-577,697,0,2,-1,
*,2233,11,21123,-1005,697,0,2,-1,
*,2233,11,21123,-1005,1101,0,2,-1,
*,2233,11,21123,-571,1101,0,2,-1,
*,2233,11,21123,-785,881,0,2,-1,
*,2233,11,21123,1000,697,0,2,-1,
*,2233,11,21123,572,697,0,2,-1,
*,2233,11,21123,572,1101,0,2,-1,
*,2233,11,21123,1006,1101,0,2,-1,
*,2233,11,21123,792,881,0,2,-1,
*,2233,11,21123,792,-920,0,2,-1,
*,2233,11,21123,1006,-700,0,2,-1,
*,2233,11,21123,572,-700,0,2,-1,
*,2233,11,21123,572,-1104,0,2,-1,
*,2233,11,21123,1000,-1104,0,2,-1,
*,2233,12,21123,-577,697,0,2,-1,
*,2233,12,21123,-1005,697,0,2,-1,
*,2233,12,21123,-1005,1101,0,2,-1,
*,2233,12,21123,-571,1101,0,2,-1,
*,2233,12,21123,-785,881,0,2,-1,
*,2233,12,21123,1000,697,0,2,-1,
*,2233,12,21123,572,697,0,2,-1,
*,2233,12,21123,572,1101,0,2,-1,
*,2233,12,21123,1006,1101,0,2,-1,
*,2233,12,21123,792,881,0,2,-1,
*,2233,12,21123,792,-920,0,2,-1,
*,2233,12,21123,1006,-700,0,2,-1,
*,2233,12,21123,572,-700,0,2,-1,
*,2233,12,21123,572,-1104,0,2,-1,
*,2233,12,21123,1000,-1104,0,2,-1,
*,2233,13,21124,996,697,0,2,-1,
*,2233,13,21124,578,697,0,2,-1,
*,2233,13,21124,578,1100,0,2,-1,
*,2233,13,21124,1008,1100,0,2,-1,
*,2233,13,21124,791,885,0,2,-1,
*,2233,13,21124,996,-1094,0,2,-1,
*,2233,13,21124,578,-1094,0,2,-1,
*,2233,13,21124,578,-691,0,2,-1,
*,2233,13,21124,1008,-691,0,2,-1,
*,2233,13,21124,791,-906,0,2,-1,
*,2233,13,21124,-777,-906,0,2,-1,
*,2233,13,21124,-560,-691,0,2,-1,
*,2233,13,21124,-990,-691,0,2,-1,
*,2233,13,21124,-990,-1094,0,2,-1,
*,2233,13,21124,-573,-1094,0,2,-1,
*,2233,14,21124,996,697,0,2,-1,
*,2233,14,21124,578,697,0,2,-1,
*,2233,14,21124,578,1100,0,2,-1,
*,2233,14,21124,1008,1100,0,2,-1,
*,2233,14,21124,791,885,0,2,-1,
*,2233,14,21124,996,-1094,0,2,-1,
*,2233,14,21124,578,-1094,0,2,-1,
*,2233,14,21124,578,-691,0,2,-1,
*,2233,14,21124,1008,-691,0,2,-1,
*,2233,14,21124,791,-906,0,2,-1,
*,2233,14,21124,-777,-906,0,2,-1,
*,2233,14,21124,-560,-691,0,2,-1,
*,2233,14,21124,-990,-691,0,2,-1,
*,2233,14,21124,-990,-1094,0,2,-1,
*,2233,14,21124,-573,-1094,0,2,-1,
*,2233,15,21124,996,697,0,2,-1,
*,2233,15,21124,578,697,0,2,-1,
*,2233,15,21124,578,1100,0,2,-1,
*,2233,15,21124,1008,1100,0,2,-1,
*,2233,15,21124,791,885,0,2,-1,
*,2233,15,21124,996,-1094,0,2,-1,
*,2233,15,21124,578,-1094,0,2,-1,
*,2233,15,21124,578,-691,0,2,-1,
*,2233,15,21124,1008,-691,0,2,-1,
*,2233,15,21124,791,-906,0,2,-1,
*,2233,15,21124,-777,-906,0,2,-1,
*,2233,15,21124,-560,-691,0,2,-1,
*,2233,15,21124,-990,-691,0,2,-1,
*,2233,15,21124,-990,-1094,0,2,-1,
*,2233,15,21124,-573,-1094,0,2,-1,
*,2233,16,21124,996,697,0,2,-1,
*,2233,16,21124,578,697,0,2,-1,
*,2233,16,21124,578,1100,0,2,-1,
*,2233,16,21124,1008,1100,0,2,-1,
*,2233,16,21124,791,885,0,2,-1,
*,2233,16,21124,996,-1094,0,2,-1,
*,2233,16,21124,578,-1094,0,2,-1,
*,2233,16,21124,578,-691,0,2,-1,
*,2233,16,21124,1008,-691,0,2,-1,
*,2233,16,21124,791,-906,0,2,-1,
*,2233,16,21124,-777,-906,0,2,-1,
*,2233,16,21124,-560,-691,0,2,-1,
*,2233,16,21124,-990,-691,0,2,-1,
*,2233,16,21124,-990,-1094,0,2,-1,
*,2233,16,21124,-573,-1094,0,2,-1,
*,2233,17,21125,996,-1067,0,2,-1,
*,2233,17,21125,580,-1067,0,2,-1,
*,2233,17,21125,580,-704,0,2,-1,
*,2233,17,21125,1018,-704,0,2,-1,
*,2233,17,21125,790,-910,0,2,-1,
*,2233,17,21125,-614,-1067,0,2,-1,
*,2233,17,21125,-1029,-1067,0,2,-1,
*,2233,17,21125,-1029,-704,0,2,-1,
*,2233,17,21125,-591,-704,0,2,-1,
*,2233,17,21125,-820,-910,0,2,-1,
*,2233,17,21125,-820,832,0,2,-1,
*,2233,17,21125,-591,1037,0,2,-1,
*,2233,17,21125,-1029,1037,0,2,-1,
*,2233,17,21125,-1029,675,0,2,-1,
*,2233,17,21125,-614,675,0,2,-1,
*,2233,18,21125,996,-1067,0,2,-1,
*,2233,18,21125,580,-1067,0,2,-1,
*,2233,18,21125,580,-704,0,2,-1,
*,2233,18,21125,1018,-704,0,2,-1,
*,2233,18,21125,790,-910,0,2,-1,
*,2233,18,21125,-614,-1067,0,2,-1,
*,2233,18,21125,-1029,-1067,0,2,-1,
*,2233,18,21125,-1029,-704,0,2,-1,
*,2233,18,21125,-591,-704,0,2,-1,
*,2233,18,21125,-820,-910,0,2,-1,
*,2233,18,21125,-820,832,0,2,-1,
*,2233,18,21125,-591,1037,0,2,-1,
*,2233,18,21125,-1029,1037,0,2,-1,
*,2233,18,21125,-1029,675,0,2,-1,
*,2233,18,21125,-614,675,0,2,-1,
*,2233,19,21125,996,-1067,0,2,-1,
*,2233,19,21125,580,-1067,0,2,-1,
*,2233,19,21125,580,-704,0,2,-1,
*,2233,19,21125,1018,-704,0,2,-1,
*,2233,19,21125,790,-910,0,2,-1,
*,2233,19,21125,-614,-1067,0,2,-1,
*,2233,19,21125,-1029,-1067,0,2,-1,
*,2233,19,21125,-1029,-704,0,2,-1,
*,2233,19,21125,-591,-704,0,2,-1,
*,2233,19,21125,-820,-910,0,2,-1,
*,2233,19,21125,-820,832,0,2,-1,
*,2233,19,21125,-591,1037,0,2,-1,
*,2233,19,21125,-1029,1037,0,2,-1,
*,2233,19,21125,-1029,675,0,2,-1,
*,2233,19,21125,-614,675,0,2,-1,
*,2233,20,21125,996,-1067,0,2,-1,
*,2233,20,21125,580,-1067,0,2,-1,
*,2233,20,21125,580,-704,0,2,-1,
*,2233,20,21125,1018,-704,0,2,-1,
*,2233,20,21125,790,-910,0,2,-1,
*,2233,20,21125,-614,-1067,0,2,-1,
*,2233,20,21125,-1029,-1067,0,2,-1,
*,2233,20,21125,-1029,-704,0,2,-1,
*,2233,20,21125,-591,-704,0,2,-1,
*,2233,20,21125,-820,-910,0,2,-1,
*,2233,20,21125,-820,832,0,2,-1,
*,2233,20,21125,-591,1037,0,2,-1,
*,2233,20,21125,-1029,1037,0,2,-1,
*,2233,20,21125,-1029,675,0,2,-1,
*,2233,20,21125,-614,675,0,2,-1,
*,2233,21,21126,-607,-1067,0,2,-1,
*,2233,21,21126,-1015,-1067,0,2,-1,
*,2233,21,21126,-1015,-701,0,2,-1,
*,2233,21,21126,-594,-701,0,2,-1,
*,2233,21,21126,-780,-889,0,2,-1,
*,2233,21,21126,-620,703,0,2,-1,
*,2233,21,21126,-1028,703,0,2,-1,
*,2233,21,21126,-1028,1069,0,2,-1,
*,2233,21,21126,-607,1069,0,2,-1,
*,2233,21,21126,-793,881,0,2,-1,
*,2233,21,21126,793,881,0,2,-1,
*,2233,21,21126,979,1069,0,2,-1,
*,2233,21,21126,558,1069,0,2,-1,
*,2233,21,21126,558,703,0,2,-1,
*,2233,21,21126,966,703,0,2,-1,
*,2233,22,21126,-607,-1067,0,2,-1,
*,2233,22,21126,-1015,-1067,0,2,-1,
*,2233,22,21126,-1015,-701,0,2,-1,
*,2233,22,21126,-594,-701,0,2,-1,
*,2233,22,21126,-780,-889,0,2,-1,
*,2233,22,21126,-620,703,0,2,-1,
*,2233,22,21126,-1028,703,0,2,-1,
*,2233,22,21126,-1028,1069,0,2,-1,
*,2233,22,21126,-607,1069,0,2,-1,
*,2233,22,21126,-793,881,0,2,-1,
*,2233,22,21126,793,881,0,2,-1,
*,2233,22,21126,979,1069,0,2,-1,
*,2233,22,21126,558,1069,0,2,-1,
*,2233,22,21126,558,703,0,2,-1,
*,2233,22,21126,966,703,0,2,-1,
*,2233,23,21126,-607,-1067,0,2,-1,
*,2233,23,21126,-1015,-1067,0,2,-1,
*,2233,23,21126,-1015,-701,0,2,-1,
*,2233,23,21126,-594,-701,0,2,-1,
*,2233,23,21126,-780,-889,0,2,-1,
*,2233,23,21126,-620,703,0,2,-1,
*,2233,23,21126,-1028,703,0,2,-1,
*,2233,23,21126,-1028,1069,0,2,-1,
*,2233,23,21126,-607,1069,0,2,-1,
*,2233,23,21126,-793,881,0,2,-1,
*,2233,23,21126,793,881,0,2,-1,
*,2233,23,21126,979,1069,0,2,-1,
*,2233,23,21126,558,1069,0,2,-1,
*,2233,23,21126,558,703,0,2,-1,
*,2233,23,21126,966,703,0,2,-1,
*,2233,24,21126,-607,-1067,0,2,-1,
*,2233,24,21126,-1015,-1067,0,2,-1,
*,2233,24,21126,-1015,-701,0,2,-1,
*,2233,24,21126,-594,-701,0,2,-1,
*,2233,24,21126,-780,-889,0,2,-1,
*,2233,24,21126,-620,703,0,2,-1,
*,2233,24,21126,-1028,703,0,2,-1,
*,2233,24,21126,-1028,1069,0,2,-1,
*,2233,24,21126,-607,1069,0,2,-1,
*,2233,24,21126,-793,881,0,2,-1,
*,2233,24,21126,793,881,0,2,-1,
*,2233,24,21126,979,1069,0,2,-1,
*,2233,24,21126,558,1069,0,2,-1,
*,2233,24,21126,558,703,0,2,-1,
*,2233,24,21126,966,703,0,2,-1,
*,2233,25,21127,-607,682,0,2,-1,
*,2233,25,21127,-1084,682,0,2,-1,
*,2233,25,21127,-1084,1057,0,2,-1,
*,2233,25,21127,-626,1057,0,2,-1,
*,2233,25,21127,-824,867,0,2,-1,
*,2233,25,21127,1073,682,0,2,-1,
*,2233,25,21127,596,682,0,2,-1,
*,2233,25,21127,596,1057,0,2,-1,
*,2233,25,21127,1055,1057,0,2,-1,
*,2233,25,21127,856,867,0,2,-1,
*,2233,25,21127,807,-860,0,2,-1,
*,2233,25,21127,1005,-670,0,2,-1,
*,2233,25,21127,547,-670,0,2,-1,
*,2233,25,21127,547,-1045,0,2,-1,
*,2233,25,21127,1024,-1045,0,2,-1,
*,2233,26,21127,-607,682,0,2,-1,
*,2233,26,21127,-1084,682,0,2,-1,
*,2233,26,21127,-1084,1057,0,2,-1,
*,2233,26,21127,-626,1057,0,2,-1,
*,2233,26,21127,-824,867,0,2,-1,
*,2233,26,21127,1073,682,0,2,-1,
*,2233,26,21127,596,682,0,2,-1,
*,2233,26,21127,596,1057,0,2,-1,
*,2233,26,21127,1055,1057,0,2,-1,
*,2233,26,21127,856,867,0,2,-1,
*,2233,26,21127,807,-860,0,2,-1,
*,2233,26,21127,1005,-670,0,2,-1,
*,2233,26,21127,547,-670,0,2,-1,
*,2233,26,21127,547,-1045,0,2,-1,
*,2233,26,21127,1024,-1045,0,2,-1,
*,2233,27,21127,-607,682,0,2,-1,
*,2233,27,21127,-1084,682,0,2,-1,
*,2233,27,21127,-1084,1057,0,2,-1,
*,2233,27,21127,-626,1057,0,2,-1,
*,2233,27,21127,-824,867,0,2,-1,
*,2233,27,21127,1073,682,0,2,-1,
*,2233,27,21127,596,682,0,2,-1,
*,2233,27,21127,596,1057,0,2,-1,
*,2233,27,21127,1055,1057,0,2,-1,
*,2233,27,21127,856,867,0,2,-1,
*,2233,27,21127,807,-860,0,2,-1,
*,2233,27,21127,1005,-670,0,2,-1,
*,2233,27,21127,547,-670,0,2,-1,
*,2233,27,21127,547,-1045,0,2,-1,
*,2233,27,21127,1024,-1045,0,2,-1,
*,2233,28,21127,-607,682,0,2,-1,
*,2233,28,21127,-1084,682,0,2,-1,
*,2233,28,21127,-1084,1057,0,2,-1,
*,2233,28,21127,-626,1057,0,2,-1,
*,2233,28,21127,-824,867,0,2,-1,
*,2233,28,21127,1073,682,0,2,-1,
*,2233,28,21127,596,682,0,2,-1,
*,2233,28,21127,596,1057,0,2,-1,
*,2233,28,21127,1055,1057,0,2,-1,
*,2233,28,21127,856,867,0,2,-1,
*,2233,28,21127,807,-860,0,2,-1,
*,2233,28,21127,1005,-670,0,2,-1,
*,2233,28,21127,547,-670,0,2,-1,
*,2233,28,21127,547,-1045,0,2,-1,
*,2233,28,21127,1024,-1045,0,2,-1,
*,2234,1,21131,1044,-700,0,2,-1,
*,2234,1,21131,1032,-1086,0,2,-1,
*,2234,1,21131,839,-904,0,2,-1,
*,2234,1,21131,594,-1086,0,2,-1,
*,2234,1,21131,573,-733,0,2,-1,
*,2234,1,21131,-966,-1086,0,2,-1,
*,2234,1,21131,-721,-904,0,2,-1,
*,2234,1,21131,-987,-733,0,2,-1,
*,2234,1,21131,-528,-1086,0,2,-1,
*,2234,1,21131,-516,-700,0,2,-1,
*,2234,1,21131,-516,996,0,2,-1,
*,2234,1,21131,-528,610,0,2,-1,
*,2234,1,21131,-987,963,0,2,-1,
*,2234,1,21131,-721,792,0,2,-1,
*,2234,1,21131,-966,610,0,2,-1,
*,2234,1,21131,515,610,0,2,-1,
*,2234,1,21131,760,792,0,2,-1,
*,2234,1,21131,493,963,0,2,-1,
*,2234,1,21131,953,610,0,2,-1,
*,2234,1,21131,965,996,0,2,-1,
*,2234,2,21131,1044,-700,0,2,-1,
*,2234,2,21131,1032,-1086,0,2,-1,
*,2234,2,21131,839,-904,0,2,-1,
*,2234,2,21131,594,-1086,0,2,-1,
*,2234,2,21131,573,-733,0,2,-1,
*,2234,2,21131,-966,-1086,0,2,-1,
*,2234,2,21131,-721,-904,0,2,-1,
*,2234,2,21131,-987,-733,0,2,-1,
*,2234,2,21131,-528,-1086,0,2,-1,
*,2234,2,21131,-516,-700,0,2,-1,
*,2234,2,21131,-516,996,0,2,-1,
*,2234,2,21131,-528,610,0,2,-1,
*,2234,2,21131,-987,963,0,2,-1,
*,2234,2,21131,-721,792,0,2,-1,
*,2234,2,21131,-966,610,0,2,-1,
*,2234,2,21131,515,610,0,2,-1,
*,2234,2,21131,760,792,0,2,-1,
*,2234,2,21131,493,963,0,2,-1,
*,2234,2,21131,953,610,0,2,-1,
*,2234,2,21131,965,996,0,2,-1,
*,2234,3,21131,1044,-700,0,2,-1,
*,2234,3,21131,1032,-1086,0,2,-1,
*,2234,3,21131,839,-904,0,2,-1,
*,2234,3,21131,594,-1086,0,2,-1,
*,2234,3,21131,573,-733,0,2,-1,
*,2234,3,21131,-966,-1086,0,2,-1,
*,2234,3,21131,-721,-904,0,2,-1,
*,2234,3,21131,-987,-733,0,2,-1,
*,2234,3,21131,-528,-1086,0,2,-1,
*,2234,3,21131,-516,-700,0,2,-1,
*,2234,3,21131,-516,996,0,2,-1,
*,2234,3,21131,-528,610,0,2,-1,
*,2234,3,21131,-987,963,0,2,-1,
*,2234,3,21131,-721,792,0,2,-1,
*,2234,3,21131,-966,610,0,2,-1,
*,2234,3,21131,515,610,0,2,-1,
*,2234,3,21131,760,792,0,2,-1,
*,2234,3,21131,493,963,0,2,-1,
*,2234,3,21131,953,610,0,2,-1,
*,2234,3,21131,965,996,0,2,-1,
*,2234,4,21131,1044,-700,0,2,-1,
*,2234,4,21131,1032,-1086,0,2,-1,
*,2234,4,21131,839,-904,0,2,-1,
*,2234,4,21131,594,-1086,0,2,-1,
*,2234,4,21131,573,-733,0,2,-1,
*,2234,4,21131,-966,-1086,0,2,-1,
*,2234,4,21131,-721,-904,0,2,-1,
*,2234,4,21131,-987,-733,0,2,-1,
*,2234,4,21131,-528,-1086,0,2,-1,
*,2234,4,21131,-516,-700,0,2,-1,
*,2234,4,21131,-516,996,0,2,-1,
*,2234,4,21131,-528,610,0,2,-1,
*,2234,4,21131,-987,963,0,2,-1,
*,2234,4,21131,-721,792,0,2,-1,
*,2234,4,21131,-966,610,0,2,-1,
*,2234,4,21131,515,610,0,2,-1,
*,2234,4,21131,760,792,0,2,-1,
*,2234,4,21131,493,963,0,2,-1,
*,2234,4,21131,953,610,0,2,-1,
*,2234,4,21131,965,996,0,2,-1,
*,2234,5,21132,1044,-700,0,2,-1,
*,2234,5,21132,1032,-1086,0,2,-1,
*,2234,5,21132,839,-904,0,2,-1,
*,2234,5,21132,594,-1086,0,2,-1,
*,2234,5,21132,573,-733,0,2,-1,
*,2234,5,21132,-966,-1086,0,2,-1,
*,2234,5,21132,-722,-904,0,2,-1,
*,2234,5,21132,-988,-733,0,2,-1,
*,2234,5,21132,-528,-1086,0,2,-1,
*,2234,5,21132,-517,-700,0,2,-1,
*,2234,5,21132,950,1004,0,2,-1,
*,2234,5,21132,938,618,0,2,-1,
*,2234,5,21132,478,971,0,2,-1,
*,2234,5,21132,745,800,0,2,-1,
*,2234,5,21132,500,618,0,2,-1,
*,2234,5,21132,-1000,618,0,2,-1,
*,2234,5,21132,-755,800,0,2,-1,
*,2234,5,21132,-1022,971,0,2,-1,
*,2234,5,21132,-562,618,0,2,-1,
*,2234,5,21132,-550,1004,0,2,-1,
*,2234,6,21132,1044,-700,0,2,-1,
*,2234,6,21132,1032,-1086,0,2,-1,
*,2234,6,21132,839,-904,0,2,-1,
*,2234,6,21132,594,-1086,0,2,-1,
*,2234,6,21132,573,-733,0,2,-1,
*,2234,6,21132,-966,-1086,0,2,-1,
*,2234,6,21132,-722,-904,0,2,-1,
*,2234,6,21132,-988,-733,0,2,-1,
*,2234,6,21132,-528,-1086,0,2,-1,
*,2234,6,21132,-517,-700,0,2,-1,
*,2234,6,21132,950,1004,0,2,-1,
*,2234,6,21132,938,618,0,2,-1,
*,2234,6,21132,478,971,0,2,-1,
*,2234,6,21132,745,800,0,2,-1,
*,2234,6,21132,500,618,0,2,-1,
*,2234,6,21132,-1000,618,0,2,-1,
*,2234,6,21132,-755,800,0,2,-1,
*,2234,6,21132,-1022,971,0,2,-1,
*,2234,6,21132,-562,618,0,2,-1,
*,2234,6,21132,-550,1004,0,2,-1,
*,2234,7,21132,1044,-700,0,2,-1,
*,2234,7,21132,1032,-1086,0,2,-1,
*,2234,7,21132,839,-904,0,2,-1,
*,2234,7,21132,594,-1086,0,2,-1,
*,2234,7,21132,573,-733,0,2,-1,
*,2234,7,21132,-966,-1086,0,2,-1,
*,2234,7,21132,-722,-904,0,2,-1,
*,2234,7,21132,-988,-733,0,2,-1,
*,2234,7,21132,-528,-1086,0,2,-1,
*,2234,7,21132,-517,-700,0,2,-1,
*,2234,7,21132,950,1004,0,2,-1,
*,2234,7,21132,938,618,0,2,-1,
*,2234,7,21132,478,971,0,2,-1,
*,2234,7,21132,745,800,0,2,-1,
*,2234,7,21132,500,618,0,2,-1,
*,2234,7,21132,-1000,618,0,2,-1,
*,2234,7,21132,-755,800,0,2,-1,
*,2234,7,21132,-1022,971,0,2,-1,
*,2234,7,21132,-562,618,0,2,-1,
*,2234,7,21132,-550,1004,0,2,-1,
*,2234,8,21132,1044,-700,0,2,-1,
*,2234,8,21132,1032,-1086,0,2,-1,
*,2234,8,21132,839,-904,0,2,-1,
*,2234,8,21132,594,-1086,0,2,-1,
*,2234,8,21132,573,-733,0,2,-1,
*,2234,8,21132,-966,-1086,0,2,-1,
*,2234,8,21132,-722,-904,0,2,-1,
*,2234,8,21132,-988,-733,0,2,-1,
*,2234,8,21132,-528,-1086,0,2,-1,
*,2234,8,21132,-517,-700,0,2,-1,
*,2234,8,21132,950,1004,0,2,-1,
*,2234,8,21132,938,618,0,2,-1,
*,2234,8,21132,478,971,0,2,-1,
*,2234,8,21132,745,800,0,2,-1,
*,2234,8,21132,500,618,0,2,-1,
*,2234,8,21132,-1000,618,0,2,-1,
*,2234,8,21132,-755,800,0,2,-1,
*,2234,8,21132,-1022,971,0,2,-1,
*,2234,8,21132,-562,618,0,2,-1,
*,2234,8,21132,-550,1004,0,2,-1,
*,2234,9,21133,1044,-700,0,2,-1,
*,2234,9,21133,1032,-1086,0,2,-1,
*,2234,9,21133,839,-904,0,2,-1,
*,2234,9,21133,594,-1086,0,2,-1,
*,2234,9,21133,573,-733,0,2,-1,
*,2234,9,21133,-973,-1086,0,2,-1,
*,2234,9,21133,-729,-904,0,2,-1,
*,2234,9,21133,-995,-733,0,2,-1,
*,2234,9,21133,-535,-1086,0,2,-1,
*,2234,9,21133,-524,-700,0,2,-1,
*,2234,9,21133,-524,1004,0,2,-1,
*,2234,9,21133,-535,618,0,2,-1,
*,2234,9,21133,-995,971,0,2,-1,
*,2234,9,21133,-729,800,0,2,-1,
*,2234,9,21133,-973,618,0,2,-1,
*,2234,9,21133,519,618,0,2,-1,
*,2234,9,21133,764,800,0,2,-1,
*,2234,9,21133,497,971,0,2,-1,
*,2234,9,21133,957,618,0,2,-1,
*,2234,9,21133,969,1004,0,2,-1,
*,2234,10,21133,1044,-700,0,2,-1,
*,2234,10,21133,1032,-1086,0,2,-1,
*,2234,10,21133,839,-904,0,2,-1,
*,2234,10,21133,594,-1086,0,2,-1,
*,2234,10,21133,573,-733,0,2,-1,
*,2234,10,21133,-973,-1086,0,2,-1,
*,2234,10,21133,-729,-904,0,2,-1,
*,2234,10,21133,-995,-733,0,2,-1,
*,2234,10,21133,-535,-1086,0,2,-1,
*,2234,10,21133,-524,-700,0,2,-1,
*,2234,10,21133,-524,1004,0,2,-1,
*,2234,10,21133,-535,618,0,2,-1,
*,2234,10,21133,-995,971,0,2,-1,
*,2234,10,21133,-729,800,0,2,-1,
*,2234,10,21133,-973,618,0,2,-1,
*,2234,10,21133,519,618,0,2,-1,
*,2234,10,21133,764,800,0,2,-1,
*,2234,10,21133,497,971,0,2,-1,
*,2234,10,21133,957,618,0,2,-1,
*,2234,10,21133,969,1004,0,2,-1,
*,2234,11,21133,1044,-700,0,2,-1,
*,2234,11,21133,1032,-1086,0,2,-1,
*,2234,11,21133,839,-904,0,2,-1,
*,2234,11,21133,594,-1086,0,2,-1,
*,2234,11,21133,573,-733,0,2,-1,
*,2234,11,21133,-973,-1086,0,2,-1,
*,2234,11,21133,-729,-904,0,2,-1,
*,2234,11,21133,-995,-733,0,2,-1,
*,2234,11,21133,-535,-1086,0,2,-1,
*,2234,11,21133,-524,-700,0,2,-1,
*,2234,11,21133,-524,1004,0,2,-1,
*,2234,11,21133,-535,618,0,2,-1,
*,2234,11,21133,-995,971,0,2,-1,
*,2234,11,21133,-729,800,0,2,-1,
*,2234,11,21133,-973,618,0,2,-1,
*,2234,11,21133,519,618,0,2,-1,
*,2234,11,21133,764,800,0,2,-1,
*,2234,11,21133,497,971,0,2,-1,
*,2234,11,21133,957,618,0,2,-1,
*,2234,11,21133,969,1004,0,2,-1,
*,2234,12,21133,1044,-700,0,2,-1,
*,2234,12,21133,1032,-1086,0,2,-1,
*,2234,12,21133,839,-904,0,2,-1,
*,2234,12,21133,594,-1086,0,2,-1,
*,2234,12,21133,573,-733,0,2,-1,
*,2234,12,21133,-973,-1086,0,2,-1,
*,2234,12,21133,-729,-904,0,2,-1,
*,2234,12,21133,-995,-733,0,2,-1,
*,2234,12,21133,-535,-1086,0,2,-1,
*,2234,12,21133,-524,-700,0,2,-1,
*,2234,12,21133,-524,1004,0,2,-1,
*,2234,12,21133,-535,618,0,2,-1,
*,2234,12,21133,-995,971,0,2,-1,
*,2234,12,21133,-729,800,0,2,-1,
*,2234,12,21133,-973,618,0,2,-1,
*,2234,12,21133,519,618,0,2,-1,
*,2234,12,21133,764,800,0,2,-1,
*,2234,12,21133,497,971,0,2,-1,
*,2234,12,21133,957,618,0,2,-1,
*,2234,12,21133,969,1004,0,2,-1,
*,2234,13,21134,1044,-700,0,2,-1,
*,2234,13,21134,1032,-1086,0,2,-1,
*,2234,13,21134,839,-904,0,2,-1,
*,2234,13,21134,594,-1086,0,2,-1,
*,2234,13,21134,573,-733,0,2,-1,
*,2234,13,21134,-985,-1086,0,2,-1,
*,2234,13,21134,-741,-904,0,2,-1,
*,2234,13,21134,-1007,-733,0,2,-1,
*,2234,13,21134,-547,-1086,0,2,-1,
*,2234,13,21134,-536,-700,0,2,-1,
*,2234,13,21134,950,1021,0,2,-1,
*,2234,13,21134,938,636,0,2,-1,
*,2234,13,21134,478,988,0,2,-1,
*,2234,13,21134,745,818,0,2,-1,
*,2234,13,21134,500,636,0,2,-1,
*,2234,13,21134,-536,1006,0,2,-1,
*,2234,13,21134,-547,620,0,2,-1,
*,2234,13,21134,-1007,973,0,2,-1,
*,2234,13,21134,-741,802,0,2,-1,
*,2234,13,21134,-985,620,0,2,-1,
*,2234,14,21134,1044,-700,0,2,-1,
*,2234,14,21134,1032,-1086,0,2,-1,
*,2234,14,21134,839,-904,0,2,-1,
*,2234,14,21134,594,-1086,0,2,-1,
*,2234,14,21134,573,-733,0,2,-1,
*,2234,14,21134,-985,-1086,0,2,-1,
*,2234,14,21134,-741,-904,0,2,-1,
*,2234,14,21134,-1007,-733,0,2,-1,
*,2234,14,21134,-547,-1086,0,2,-1,
*,2234,14,21134,-536,-700,0,2,-1,
*,2234,14,21134,950,1021,0,2,-1,
*,2234,14,21134,938,636,0,2,-1,
*,2234,14,21134,478,988,0,2,-1,
*,2234,14,21134,745,818,0,2,-1,
*,2234,14,21134,500,636,0,2,-1,
*,2234,14,21134,-536,1006,0,2,-1,
*,2234,14,21134,-547,620,0,2,-1,
*,2234,14,21134,-1007,973,0,2,-1,
*,2234,14,21134,-741,802,0,2,-1,
*,2234,14,21134,-985,620,0,2,-1,
*,2234,15,21134,1044,-700,0,2,-1,
*,2234,15,21134,1032,-1086,0,2,-1,
*,2234,15,21134,839,-904,0,2,-1,
*,2234,15,21134,594,-1086,0,2,-1,
*,2234,15,21134,573,-733,0,2,-1,
*,2234,15,21134,-985,-1086,0,2,-1,
*,2234,15,21134,-741,-904,0,2,-1,
*,2234,15,21134,-1007,-733,0,2,-1,
*,2234,15,21134,-547,-1086,0,2,-1,
*,2234,15,21134,-536,-700,0,2,-1,
*,2234,15,21134,950,1021,0,2,-1,
*,2234,15,21134,938,636,0,2,-1,
*,2234,15,21134,478,988,0,2,-1,
*,2234,15,21134,745,818,0,2,-1,
*,2234,15,21134,500,636,0,2,-1,
*,2234,15,21134,-536,1006,0,2,-1,
*,2234,15,21134,-547,620,0,2,-1,
*,2234,15,21134,-1007,973,0,2,-1,
*,2234,15,21134,-741,802,0,2,-1,
*,2234,15,21134,-985,620,0,2,-1,
*,2234,16,21134,1044,-700,0,2,-1,
*,2234,16,21134,1032,-1086,0,2,-1,
*,2234,16,21134,839,-904,0,2,-1,
*,2234,16,21134,594,-1086,0,2,-1,
*,2234,16,21134,573,-733,0,2,-1,
*,2234,16,21134,-985,-1086,0,2,-1,
*,2234,16,21134,-741,-904,0,2,-1,
*,2234,16,21134,-1007,-733,0,2,-1,
*,2234,16,21134,-547,-1086,0,2,-1,
*,2234,16,21134,-536,-700,0,2,-1,
*,2234,16,21134,950,1021,0,2,-1,
*,2234,16,21134,938,636,0,2,-1,
*,2234,16,21134,478,988,0,2,-1,
*,2234,16,21134,745,818,0,2,-1,
*,2234,16,21134,500,636,0,2,-1,
*,2234,16,21134,-536,1006,0,2,-1,
*,2234,16,21134,-547,620,0,2,-1,
*,2234,16,21134,-1007,973,0,2,-1,
*,2234,16,21134,-741,802,0,2,-1,
*,2234,16,21134,-985,620,0,2,-1,
*,2234,17,21135,1044,-700,0,2,-1,
*,2234,17,21135,1032,-1086,0,2,-1,
*,2234,17,21135,839,-904,0,2,-1,
*,2234,17,21135,594,-1086,0,2,-1,
*,2234,17,21135,573,-733,0,2,-1,
*,2234,17,21135,-999,-1086,0,2,-1,
*,2234,17,21135,-755,-904,0,2,-1,
*,2234,17,21135,-1021,-733,0,2,-1,
*,2234,17,21135,-561,-1086,0,2,-1,
*,2234,17,21135,-549,-700,0,2,-1,
*,2234,17,21135,-549,971,0,2,-1,
*,2234,17,21135,-561,586,0,2,-1,
*,2234,17,21135,-1021,939,0,2,-1,
*,2234,17,21135,-755,768,0,2,-1,
*,2234,17,21135,-999,586,0,2,-1,
*,2234,17,21135,505,641,0,2,-1,
*,2234,17,21135,750,823,0,2,-1,
*,2234,17,21135,484,994,0,2,-1,
*,2234,17,21135,944,641,0,2,-1,
*,2234,17,21135,955,1027,0,2,-1,
*,2234,18,21135,1044,-700,0,2,-1,
*,2234,18,21135,1032,-1086,0,2,-1,
*,2234,18,21135,839,-904,0,2,-1,
*,2234,18,21135,594,-1086,0,2,-1,
*,2234,18,21135,573,-733,0,2,-1,
*,2234,18,21135,-999,-1086,0,2,-1,
*,2234,18,21135,-755,-904,0,2,-1,
*,2234,18,21135,-1021,-733,0,2,-1,
*,2234,18,21135,-561,-1086,0,2,-1,
*,2234,18,21135,-549,-700,0,2,-1,
*,2234,18,21135,-549,971,0,2,-1,
*,2234,18,21135,-561,586,0,2,-1,
*,2234,18,21135,-1021,939,0,2,-1,
*,2234,18,21135,-755,768,0,2,-1,
*,2234,18,21135,-999,586,0,2,-1,
*,2234,18,21135,505,641,0,2,-1,
*,2234,18,21135,750,823,0,2,-1,
*,2234,18,21135,484,994,0,2,-1,
*,2234,18,21135,944,641,0,2,-1,
*,2234,18,21135,955,1027,0,2,-1,
*,2234,19,21135,1044,-700,0,2,-1,
*,2234,19,21135,1032,-1086,0,2,-1,
*,2234,19,21135,839,-904,0,2,-1,
*,2234,19,21135,594,-1086,0,2,-1,
*,2234,19,21135,573,-733,0,2,-1,
*,2234,19,21135,-999,-1086,0,2,-1,
*,2234,19,21135,-755,-904,0,2,-1,
*,2234,19,21135,-1021,-733,0,2,-1,
*,2234,19,21135,-561,-1086,0,2,-1,
*,2234,19,21135,-549,-700,0,2,-1,
*,2234,19,21135,-549,971,0,2,-1,
*,2234,19,21135,-561,586,0,2,-1,
*,2234,19,21135,-1021,939,0,2,-1,
*,2234,19,21135,-755,768,0,2,-1,
*,2234,19,21135,-999,586,0,2,-1,
*,2234,19,21135,505,641,0,2,-1,
*,2234,19,21135,750,823,0,2,-1,
*,2234,19,21135,484,994,0,2,-1,
*,2234,19,21135,944,641,0,2,-1,
*,2234,19,21135,955,1027,0,2,-1,
*,2234,20,21135,1044,-700,0,2,-1,
*,2234,20,21135,1032,-1086,0,2,-1,
*,2234,20,21135,839,-904,0,2,-1,
*,2234,20,21135,594,-1086,0,2,-1,
*,2234,20,21135,573,-733,0,2,-1,
*,2234,20,21135,-999,-1086,0,2,-1,
*,2234,20,21135,-755,-904,0,2,-1,
*,2234,20,21135,-1021,-733,0,2,-1,
*,2234,20,21135,-561,-1086,0,2,-1,
*,2234,20,21135,-549,-700,0,2,-1,
*,2234,20,21135,-549,971,0,2,-1,
*,2234,20,21135,-561,586,0,2,-1,
*,2234,20,21135,-1021,939,0,2,-1,
*,2234,20,21135,-755,768,0,2,-1,
*,2234,20,21135,-999,586,0,2,-1,
*,2234,20,21135,505,641,0,2,-1,
*,2234,20,21135,750,823,0,2,-1,
*,2234,20,21135,484,994,0,2,-1,
*,2234,20,21135,944,641,0,2,-1,
*,2234,20,21135,955,1027,0,2,-1,
*,2234,21,21136,1044,-700,0,2,-1,
*,2234,21,21136,1032,-1086,0,2,-1,
*,2234,21,21136,839,-904,0,2,-1,
*,2234,21,21136,594,-1086,0,2,-1,
*,2234,21,21136,573,-733,0,2,-1,
*,2234,21,21136,-1012,-1086,0,2,-1,
*,2234,21,21136,-767,-904,0,2,-1,
*,2234,21,21136,-1034,-733,0,2,-1,
*,2234,21,21136,-574,-1086,0,2,-1,
*,2234,21,21136,-562,-700,0,2,-1,
*,2234,21,21136,-562,1015,0,2,-1,
*,2234,21,21136,-574,629,0,2,-1,
*,2234,21,21136,-1034,982,0,2,-1,
*,2234,21,21136,-767,812,0,2,-1,
*,2234,21,21136,-1012,629,0,2,-1,
*,2234,21,21136,482,629,0,2,-1,
*,2234,21,21136,727,812,0,2,-1,
*,2234,21,21136,460,982,0,2,-1,
*,2234,21,21136,920,629,0,2,-1,
*,2234,21,21136,932,1015,0,2,-1,
*,2234,22,21136,1044,-700,0,2,-1,
*,2234,22,21136,1032,-1086,0,2,-1,
*,2234,22,21136,839,-904,0,2,-1,
*,2234,22,21136,594,-1086,0,2,-1,
*,2234,22,21136,573,-733,0,2,-1,
*,2234,22,21136,-1012,-1086,0,2,-1,
*,2234,22,21136,-767,-904,0,2,-1,
*,2234,22,21136,-1034,-733,0,2,-1,
*,2234,22,21136,-574,-1086,0,2,-1,
*,2234,22,21136,-562,-700,0,2,-1,
*,2234,22,21136,-562,1015,0,2,-1,
*,2234,22,21136,-574,629,0,2,-1,
*,2234,22,21136,-1034,982,0,2,-1,
*,2234,22,21136,-767,812,0,2,-1,
*,2234,22,21136,-1012,629,0,2,-1,
*,2234,22,21136,482,629,0,2,-1,
*,2234,22,21136,727,812,0,2,-1,
*,2234,22,21136,460,982,0,2,-1,
*,2234,22,21136,920,629,0,2,-1,
*,2234,22,21136,932,1015,0,2,-1,
*,2234,23,21136,1044,-700,0,2,-1,
*,2234,23,21136,1032,-1086,0,2,-1,
*,2234,23,21136,839,-904,0,2,-1,
*,2234,23,21136,594,-1086,0,2,-1,
*,2234,23,21136,573,-733,0,2,-1,
*,2234,23,21136,-1012,-1086,0,2,-1,
*,2234,23,21136,-767,-904,0,2,-1,
*,2234,23,21136,-1034,-733,0,2,-1,
*,2234,23,21136,-574,-1086,0,2,-1,
*,2234,23,21136,-562,-700,0,2,-1,
*,2234,23,21136,-562,1015,0,2,-1,
*,2234,23,21136,-574,629,0,2,-1,
*,2234,23,21136,-1034,982,0,2,-1,
*,2234,23,21136,-767,812,0,2,-1,
*,2234,23,21136,-1012,629,0,2,-1,
*,2234,23,21136,482,629,0,2,-1,
*,2234,23,21136,727,812,0,2,-1,
*,2234,23,21136,460,982,0,2,-1,
*,2234,23,21136,920,629,0,2,-1,
*,2234,23,21136,932,1015,0,2,-1,
*,2234,24,21136,1044,-700,0,2,-1,
*,2234,24,21136,1032,-1086,0,2,-1,
*,2234,24,21136,839,-904,0,2,-1,
*,2234,24,21136,594,-1086,0,2,-1,
*,2234,24,21136,573,-733,0,2,-1,
*,2234,24,21136,-1012,-1086,0,2,-1,
*,2234,24,21136,-767,-904,0,2,-1,
*,2234,24,21136,-1034,-733,0,2,-1,
*,2234,24,21136,-574,-1086,0,2,-1,
*,2234,24,21136,-562,-700,0,2,-1,
*,2234,24,21136,-562,1015,0,2,-1,
*,2234,24,21136,-574,629,0,2,-1,
*,2234,24,21136,-1034,982,0,2,-1,
*,2234,24,21136,-767,812,0,2,-1,
*,2234,24,21136,-1012,629,0,2,-1,
*,2234,24,21136,482,629,0,2,-1,
*,2234,24,21136,727,812,0,2,-1,
*,2234,24,21136,460,982,0,2,-1,
*,2234,24,21136,920,629,0,2,-1,
*,2234,24,21136,932,1015,0,2,-1,
*,2234,25,21137,1044,-700,0,2,-1,
*,2234,25,21137,1032,-1086,0,2,-1,
*,2234,25,21137,839,-904,0,2,-1,
*,2234,25,21137,594,-1086,0,2,-1,
*,2234,25,21137,573,-733,0,2,-1,
*,2234,25,21137,-1015,-1086,0,2,-1,
*,2234,25,21137,-770,-904,0,2,-1,
*,2234,25,21137,-1036,-733,0,2,-1,
*,2234,25,21137,-577,-1086,0,2,-1,
*,2234,25,21137,-565,-700,0,2,-1,
*,2234,25,21137,976,1031,0,2,-1,
*,2234,25,21137,964,646,0,2,-1,
*,2234,25,21137,504,998,0,2,-1,
*,2234,25,21137,771,828,0,2,-1,
*,2234,25,21137,526,646,0,2,-1,
*,2234,25,21137,-1010,620,0,2,-1,
*,2234,25,21137,-765,802,0,2,-1,
*,2234,25,21137,-1031,972,0,2,-1,
*,2234,25,21137,-572,620,0,2,-1,
*,2234,25,21137,-560,1005,0,2,-1,
*,2234,26,21137,1044,-700,0,2,-1,
*,2234,26,21137,1032,-1086,0,2,-1,
*,2234,26,21137,839,-904,0,2,-1,
*,2234,26,21137,594,-1086,0,2,-1,
*,2234,26,21137,573,-733,0,2,-1,
*,2234,26,21137,-1015,-1086,0,2,-1,
*,2234,26,21137,-770,-904,0,2,-1,
*,2234,26,21137,-1036,-733,0,2,-1,
*,2234,26,21137,-577,-1086,0,2,-1,
*,2234,26,21137,-565,-700,0,2,-1,
*,2234,26,21137,976,1031,0,2,-1,
*,2234,26,21137,964,646,0,2,-1,
*,2234,26,21137,504,998,0,2,-1,
*,2234,26,21137,771,828,0,2,-1,
*,2234,26,21137,526,646,0,2,-1,
*,2234,26,21137,-1010,620,0,2,-1,
*,2234,26,21137,-765,802,0,2,-1,
*,2234,26,21137,-1031,972,0,2,-1,
*,2234,26,21137,-572,620,0,2,-1,
*,2234,26,21137,-560,1005,0,2,-1,
*,2234,27,21137,1044,-700,0,2,-1,
*,2234,27,21137,1032,-1086,0,2,-1,
*,2234,27,21137,839,-904,0,2,-1,
*,2234,27,21137,594,-1086,0,2,-1,
*,2234,27,21137,573,-733,0,2,-1,
*,2234,27,21137,-1015,-1086,0,2,-1,
*,2234,27,21137,-770,-904,0,2,-1,
*,2234,27,21137,-1036,-733,0,2,-1,
*,2234,27,21137,-577,-1086,0,2,-1,
*,2234,27,21137,-565,-700,0,2,-1,
*,2234,27,21137,976,1031,0,2,-1,
*,2234,27,21137,964,646,0,2,-1,
*,2234,27,21137,504,998,0,2,-1,
*,2234,27,21137,771,828,0,2,-1,
*,2234,27,21137,526,646,0,2,-1,
*,2234,27,21137,-1010,620,0,2,-1,
*,2234,27,21137,-765,802,0,2,-1,
*,2234,27,21137,-1031,972,0,2,-1,
*,2234,27,21137,-572,620,0,2,-1,
*,2234,27,21137,-560,1005,0,2,-1,
*,2234,28,21137,1044,-700,0,2,-1,
*,2234,28,21137,1032,-1086,0,2,-1,
*,2234,28,21137,839,-904,0,2,-1,
*,2234,28,21137,594,-1086,0,2,-1,
*,2234,28,21137,573,-733,0,2,-1,
*,2234,28,21137,-1015,-1086,0,2,-1,
*,2234,28,21137,-770,-904,0,2,-1,
*,2234,28,21137,-1036,-733,0,2,-1,
*,2234,28,21137,-577,-1086,0,2,-1,
*,2234,28,21137,-565,-700,0,2,-1,
*,2234,28,21137,976,1031,0,2,-1,
*,2234,28,21137,964,646,0,2,-1,
*,2234,28,21137,504,998,0,2,-1,
*,2234,28,21137,771,828,0,2,-1,
*,2234,28,21137,526,646,0,2,-1,
*,2234,28,21137,-1010,620,0,2,-1,
*,2234,28,21137,-765,802,0,2,-1,
*,2234,28,21137,-1031,972,0,2,-1,
*,2234,28,21137,-572,620,0,2,-1,
*,2234,28,21137,-560,1005,0,2,-1,
*,2241,1,21201,694,-1137,0,2,-1,
*,2241,1,21201,1090,-1031,0,2,-1,
*,2241,1,21201,620,-874,0,2,-1,
*,2241,1,21201,739,-616,0,2,-1,
*,2241,1,21201,1009,-724,0,2,-1,
*,2241,2,21201,694,-1137,0,2,-1,
*,2241,2,21201,1090,-1031,0,2,-1,
*,2241,2,21201,620,-874,0,2,-1,
*,2241,2,21201,739,-616,0,2,-1,
*,2241,2,21201,1009,-724,0,2,-1,
*,2241,3,21201,694,-1137,0,2,-1,
*,2241,3,21201,1090,-1031,0,2,-1,
*,2241,3,21201,620,-874,0,2,-1,
*,2241,3,21201,739,-616,0,2,-1,
*,2241,3,21201,1009,-724,0,2,-1,
*,2241,4,21201,694,-1137,0,2,-1,
*,2241,4,21201,1090,-1031,0,2,-1,
*,2241,4,21201,620,-874,0,2,-1,
*,2241,4,21201,739,-616,0,2,-1,
*,2241,4,21201,1009,-724,0,2,-1,
*,2241,5,21202,-918,-1137,0,2,-1,
*,2241,5,21202,-523,-1031,0,2,-1,
*,2241,5,21202,-992,-874,0,2,-1,
*,2241,5,21202,-873,-616,0,2,-1,
*,2241,5,21202,-603,-724,0,2,-1,
*,2241,6,21202,-1001,-1137,0,2,-1,
*,2241,6,21202,-606,-1031,0,2,-1,
*,2241,6,21202,-1075,-874,0,2,-1,
*,2241,6,21202,-956,-616,0,2,-1,
*,2241,6,21202,-687,-724,0,2,-1,
*,2241,7,21202,-1001,-1137,0,2,-1,
*,2241,7,21202,-606,-1031,0,2,-1,
*,2241,7,21202,-1075,-874,0,2,-1,
*,2241,7,21202,-956,-616,0,2,-1,
*,2241,7,21202,-687,-724,0,2,-1,
*,2241,8,21202,-959,-1137,0,2,-1,
*,2241,8,21202,-564,-1031,0,2,-1,
*,2241,8,21202,-1033,-874,0,2,-1,
*,2241,8,21202,-914,-616,0,2,-1,
*,2241,8,21202,-644,-724,0,2,-1,
*,2241,9,21203,-1055,636,0,2,-1,
*,2241,9,21203,-564,649,0,2,-1,
*,2241,9,21203,-1033,1060,0,2,-1,
*,2241,9,21203,-850,884,0,2,-1,
*,2241,9,21203,-612,1021,0,2,-1,
*,2241,10,21203,-1055,636,0,2,-1,
*,2241,10,21203,-564,649,0,2,-1,
*,2241,10,21203,-1033,1060,0,2,-1,
*,2241,10,21203,-850,884,0,2,-1,
*,2241,10,21203,-612,1021,0,2,-1,
*,2241,11,21203,-1055,636,0,2,-1,
*,2241,11,21203,-564,649,0,2,-1,
*,2241,11,21203,-1033,1060,0,2,-1,
*,2241,11,21203,-850,884,0,2,-1,
*,2241,11,21203,-612,1021,0,2,-1,
*,2241,12,21203,-1055,636,0,2,-1,
*,2241,12,21203,-564,649,0,2,-1,
*,2241,12,21203,-1033,1060,0,2,-1,
*,2241,12,21203,-850,884,0,2,-1,
*,2241,12,21203,-612,1021,0,2,-1,
*,2241,13,21204,455,636,0,2,-1,
*,2241,13,21204,946,649,0,2,-1,
*,2241,13,21204,476,1060,0,2,-1,
*,2241,13,21204,659,884,0,2,-1,
*,2241,13,21204,897,1021,0,2,-1,
*,2241,14,21204,485,636,0,2,-1,
*,2241,14,21204,976,649,0,2,-1,
*,2241,14,21204,507,1060,0,2,-1,
*,2241,14,21204,690,884,0,2,-1,
*,2241,14,21204,927,1021,0,2,-1,
*,2241,15,21204,479,636,0,2,-1,
*,2241,15,21204,971,649,0,2,-1,
*,2241,15,21204,501,1060,0,2,-1,
*,2241,15,21204,684,884,0,2,-1,
*,2241,15,21204,922,1021,0,2,-1,
*,2241,16,21204,440,636,0,2,-1,
*,2241,16,21204,931,649,0,2,-1,
*,2241,16,21204,461,1060,0,2,-1,
*,2241,16,21204,644,884,0,2,-1,
*,2241,16,21204,882,1021,0,2,-1,
*,2241,17,21205,588,-1109,0,2,-1,
*,2241,17,21205,1079,-1096,0,2,-1,
*,2241,17,21205,609,-685,0,2,-1,
*,2241,17,21205,792,-861,0,2,-1,
*,2241,17,21205,1030,-724,0,2,-1,
*,2241,18,21205,588,-1109,0,2,-1,
*,2241,18,21205,1079,-1096,0,2,-1,
*,2241,18,21205,609,-685,0,2,-1,
*,2241,18,21205,792,-861,0,2,-1,
*,2241,18,21205,1030,-724,0,2,-1,
*,2241,19,21205,588,-1109,0,2,-1,
*,2241,19,21205,1079,-1096,0,2,-1,
*,2241,19,21205,609,-685,0,2,-1,
*,2241,19,21205,792,-861,0,2,-1,
*,2241,19,21205,1030,-724,0,2,-1,
*,2241,20,21205,588,-1109,0,2,-1,
*,2241,20,21205,1079,-1096,0,2,-1,
*,2241,20,21205,609,-685,0,2,-1,
*,2241,20,21205,792,-861,0,2,-1,
*,2241,20,21205,1030,-724,0,2,-1,
*,2241,21,21206,-1037,-1109,0,2,-1,
*,2241,21,21206,-546,-1096,0,2,-1,
*,2241,21,21206,-1016,-685,0,2,-1,
*,2241,21,21206,-833,-861,0,2,-1,
*,2241,21,21206,-595,-724,0,2,-1,
*,2241,22,21206,-1037,-1109,0,2,-1,
*,2241,22,21206,-546,-1096,0,2,-1,
*,2241,22,21206,-1016,-685,0,2,-1,
*,2241,22,21206,-833,-861,0,2,-1,
*,2241,22,21206,-595,-724,0,2,-1,
*,2241,23,21206,-1037,-1109,0,2,-1,
*,2241,23,21206,-546,-1096,0,2,-1,
*,2241,23,21206,-1016,-685,0,2,-1,
*,2241,23,21206,-833,-861,0,2,-1,
*,2241,23,21206,-595,-724,0,2,-1,
*,2241,24,21206,-1037,-1109,0,2,-1,
*,2241,24,21206,-546,-1096,0,2,-1,
*,2241,24,21206,-1016,-685,0,2,-1,
*,2241,24,21206,-833,-861,0,2,-1,
*,2241,24,21206,-595,-724,0,2,-1,
*,2241,25,21207,-1051,631,0,2,-1,
*,2241,25,21207,-559,645,0,2,-1,
*,2241,25,21207,-1029,1055,0,2,-1,
*,2241,25,21207,-846,880,0,2,-1,
*,2241,25,21207,-608,1017,0,2,-1,
*,2241,26,21207,-1051,631,0,2,-1,
*,2241,26,21207,-559,645,0,2,-1,
*,2241,26,21207,-1029,1055,0,2,-1,
*,2241,26,21207,-846,880,0,2,-1,
*,2241,26,21207,-608,1017,0,2,-1,
*,2241,27,21207,-1051,631,0,2,-1,
*,2241,27,21207,-559,645,0,2,-1,
*,2241,27,21207,-1029,1055,0,2,-1,
*,2241,27,21207,-846,880,0,2,-1,
*,2241,27,21207,-608,1017,0,2,-1,
*,2241,28,21207,-1051,631,0,2,-1,
*,2241,28,21207,-559,645,0,2,-1,
*,2241,28,21207,-1029,1055,0,2,-1,
*,2241,28,21207,-846,880,0,2,-1,
*,2241,28,21207,-608,1017,0,2,-1,
*,2242,1,21211,597,-1045,0,2,-1,
*,2242,1,21211,1090,-1031,0,2,-1,
*,2242,1,21211,847,-874,0,2,-1,
*,2242,1,21211,621,-695,0,2,-1,
*,2242,1,21211,1083,-724,0,2,-1,
*,2242,1,21211,-1022,-1044,0,2,-1,
*,2242,1,21211,-637,-1031,0,2,-1,
*,2242,1,21211,-810,-874,0,2,-1,
*,2242,1,21211,-997,-716,0,2,-1,
*,2242,1,21211,-647,-724,0,2,-1,
*,2242,2,21211,597,-1045,0,2,-1,
*,2242,2,21211,1090,-1031,0,2,-1,
*,2242,2,21211,847,-874,0,2,-1,
*,2242,2,21211,621,-695,0,2,-1,
*,2242,2,21211,1083,-724,0,2,-1,
*,2242,2,21211,-1022,-1044,0,2,-1,
*,2242,2,21211,-637,-1031,0,2,-1,
*,2242,2,21211,-810,-874,0,2,-1,
*,2242,2,21211,-997,-716,0,2,-1,
*,2242,2,21211,-647,-724,0,2,-1,
*,2242,3,21211,597,-1045,0,2,-1,
*,2242,3,21211,1090,-1031,0,2,-1,
*,2242,3,21211,847,-874,0,2,-1,
*,2242,3,21211,621,-695,0,2,-1,
*,2242,3,21211,1083,-724,0,2,-1,
*,2242,3,21211,-1022,-1044,0,2,-1,
*,2242,3,21211,-637,-1031,0,2,-1,
*,2242,3,21211,-810,-874,0,2,-1,
*,2242,3,21211,-997,-716,0,2,-1,
*,2242,3,21211,-647,-724,0,2,-1,
*,2242,4,21211,597,-1045,0,2,-1,
*,2242,4,21211,1090,-1031,0,2,-1,
*,2242,4,21211,847,-874,0,2,-1,
*,2242,4,21211,621,-695,0,2,-1,
*,2242,4,21211,1083,-724,0,2,-1,
*,2242,4,21211,-1022,-1044,0,2,-1,
*,2242,4,21211,-637,-1031,0,2,-1,
*,2242,4,21211,-810,-874,0,2,-1,
*,2242,4,21211,-997,-716,0,2,-1,
*,2242,4,21211,-647,-724,0,2,-1,
*,2242,5,21212,-1022,-1044,0,2,-1,
*,2242,5,21212,-637,-1031,0,2,-1,
*,2242,5,21212,-810,-874,0,2,-1,
*,2242,5,21212,-997,-716,0,2,-1,
*,2242,5,21212,-647,-724,0,2,-1,
*,2242,5,21212,-647,1001,0,2,-1,
*,2242,5,21212,-997,1009,0,2,-1,
*,2242,5,21212,-810,850,0,2,-1,
*,2242,5,21212,-637,693,0,2,-1,
*,2242,5,21212,-1022,681,0,2,-1,
*,2242,6,21212,-1022,-1044,0,2,-1,
*,2242,6,21212,-637,-1031,0,2,-1,
*,2242,6,21212,-810,-874,0,2,-1,
*,2242,6,21212,-997,-716,0,2,-1,
*,2242,6,21212,-647,-724,0,2,-1,
*,2242,6,21212,-647,1001,0,2,-1,
*,2242,6,21212,-997,1009,0,2,-1,
*,2242,6,21212,-810,850,0,2,-1,
*,2242,6,21212,-637,693,0,2,-1,
*,2242,6,21212,-1022,681,0,2,-1,
*,2242,7,21212,-1022,-1044,0,2,-1,
*,2242,7,21212,-637,-1031,0,2,-1,
*,2242,7,21212,-810,-874,0,2,-1,
*,2242,7,21212,-997,-716,0,2,-1,
*,2242,7,21212,-647,-724,0,2,-1,
*,2242,7,21212,-647,1001,0,2,-1,
*,2242,7,21212,-997,1009,0,2,-1,
*,2242,7,21212,-810,850,0,2,-1,
*,2242,7,21212,-637,693,0,2,-1,
*,2242,7,21212,-1022,681,0,2,-1,
*,2242,8,21212,-1022,-1044,0,2,-1,
*,2242,8,21212,-637,-1031,0,2,-1,
*,2242,8,21212,-810,-874,0,2,-1,
*,2242,8,21212,-997,-716,0,2,-1,
*,2242,8,21212,-647,-724,0,2,-1,
*,2242,8,21212,-647,1001,0,2,-1,
*,2242,8,21212,-997,1009,0,2,-1,
*,2242,8,21212,-810,850,0,2,-1,
*,2242,8,21212,-637,693,0,2,-1,
*,2242,8,21212,-1022,681,0,2,-1,
*,2242,9,21213,-647,1001,0,2,-1,
*,2242,9,21213,-997,1009,0,2,-1,
*,2242,9,21213,-810,850,0,2,-1,
*,2242,9,21213,-637,693,0,2,-1,
*,2242,9,21213,-1022,681,0,2,-1,
*,2242,9,21213,550,681,0,2,-1,
*,2242,9,21213,935,693,0,2,-1,
*,2242,9,21213,762,850,0,2,-1,
*,2242,9,21213,575,1009,0,2,-1,
*,2242,9,21213,925,1001,0,2,-1,
*,2242,10,21213,-647,1001,0,2,-1,
*,2242,10,21213,-997,1009,0,2,-1,
*,2242,10,21213,-810,850,0,2,-1,
*,2242,10,21213,-637,693,0,2,-1,
*,2242,10,21213,-1022,681,0,2,-1,
*,2242,10,21213,550,681,0,2,-1,
*,2242,10,21213,935,693,0,2,-1,
*,2242,10,21213,762,850,0,2,-1,
*,2242,10,21213,575,1009,0,2,-1,
*,2242,10,21213,925,1001,0,2,-1,
*,2242,11,21213,-647,1001,0,2,-1,
*,2242,11,21213,-997,1009,0,2,-1,
*,2242,11,21213,-810,850,0,2,-1,
*,2242,11,21213,-637,693,0,2,-1,
*,2242,11,21213,-1022,681,0,2,-1,
*,2242,11,21213,550,681,0,2,-1,
*,2242,11,21213,935,693,0,2,-1,
*,2242,11,21213,762,850,0,2,-1,
*,2242,11,21213,575,1009,0,2,-1,
*,2242,11,21213,925,1001,0,2,-1,
*,2242,12,21213,-647,1001,0,2,-1,
*,2242,12,21213,-997,1009,0,2,-1,
*,2242,12,21213,-810,850,0,2,-1,
*,2242,12,21213,-637,693,0,2,-1,
*,2242,12,21213,-1022,681,0,2,-1,
*,2242,12,21213,550,681,0,2,-1,
*,2242,12,21213,935,693,0,2,-1,
*,2242,12,21213,762,850,0,2,-1,
*,2242,12,21213,575,1009,0,2,-1,
*,2242,12,21213,925,1001,0,2,-1,
*,2242,13,21214,550,681,0,2,-1,
*,2242,13,21214,935,693,0,2,-1,
*,2242,13,21214,762,850,0,2,-1,
*,2242,13,21214,575,1009,0,2,-1,
*,2242,13,21214,925,1001,0,2,-1,
*,2242,13,21214,1030,-726,0,2,-1,
*,2242,13,21214,680,-718,0,2,-1,
*,2242,13,21214,867,-877,0,2,-1,
*,2242,13,21214,1040,-1034,0,2,-1,
*,2242,13,21214,656,-1046,0,2,-1,
*,2242,14,21214,550,681,0,2,-1,
*,2242,14,21214,935,693,0,2,-1,
*,2242,14,21214,762,850,0,2,-1,
*,2242,14,21214,575,1009,0,2,-1,
*,2242,14,21214,925,1001,0,2,-1,
*,2242,14,21214,1030,-726,0,2,-1,
*,2242,14,21214,680,-718,0,2,-1,
*,2242,14,21214,867,-877,0,2,-1,
*,2242,14,21214,1040,-1034,0,2,-1,
*,2242,14,21214,656,-1046,0,2,-1,
*,2242,15,21214,550,681,0,2,-1,
*,2242,15,21214,935,693,0,2,-1,
*,2242,15,21214,762,850,0,2,-1,
*,2242,15,21214,575,1009,0,2,-1,
*,2242,15,21214,925,1001,0,2,-1,
*,2242,15,21214,1030,-726,0,2,-1,
*,2242,15,21214,680,-718,0,2,-1,
*,2242,15,21214,867,-877,0,2,-1,
*,2242,15,21214,1040,-1034,0,2,-1,
*,2242,15,21214,656,-1046,0,2,-1,
*,2242,16,21214,550,681,0,2,-1,
*,2242,16,21214,935,693,0,2,-1,
*,2242,16,21214,762,850,0,2,-1,
*,2242,16,21214,575,1009,0,2,-1,
*,2242,16,21214,925,1001,0,2,-1,
*,2242,16,21214,1030,-726,0,2,-1,
*,2242,16,21214,680,-718,0,2,-1,
*,2242,16,21214,867,-877,0,2,-1,
*,2242,16,21214,1040,-1034,0,2,-1,
*,2242,16,21214,656,-1046,0,2,-1,
*,2242,17,21215,1030,-726,0,2,-1,
*,2242,17,21215,680,-718,0,2,-1,
*,2242,17,21215,867,-877,0,2,-1,
*,2242,17,21215,1040,-1034,0,2,-1,
*,2242,17,21215,656,-1046,0,2,-1,
*,2242,17,21215,-1015,-1046,0,2,-1,
*,2242,17,21215,-630,-1034,0,2,-1,
*,2242,17,21215,-803,-877,0,2,-1,
*,2242,17,21215,-990,-718,0,2,-1,
*,2242,17,21215,-640,-726,0,2,-1,
*,2242,18,21215,1030,-726,0,2,-1,
*,2242,18,21215,680,-718,0,2,-1,
*,2242,18,21215,867,-877,0,2,-1,
*,2242,18,21215,1040,-1034,0,2,-1,
*,2242,18,21215,656,-1046,0,2,-1,
*,2242,18,21215,-1015,-1046,0,2,-1,
*,2242,18,21215,-630,-1034,0,2,-1,
*,2242,18,21215,-803,-877,0,2,-1,
*,2242,18,21215,-990,-718,0,2,-1,
*,2242,18,21215,-640,-726,0,2,-1,
*,2242,19,21215,1030,-726,0,2,-1,
*,2242,19,21215,680,-718,0,2,-1,
*,2242,19,21215,867,-877,0,2,-1,
*,2242,19,21215,1040,-1034,0,2,-1,
*,2242,19,21215,656,-1046,0,2,-1,
*,2242,19,21215,-1015,-1046,0,2,-1,
*,2242,19,21215,-630,-1034,0,2,-1,
*,2242,19,21215,-803,-877,0,2,-1,
*,2242,19,21215,-990,-718,0,2,-1,
*,2242,19,21215,-640,-726,0,2,-1,
*,2242,20,21215,1030,-726,0,2,-1,
*,2242,20,21215,680,-718,0,2,-1,
*,2242,20,21215,867,-877,0,2,-1,
*,2242,20,21215,1040,-1034,0,2,-1,
*,2242,20,21215,656,-1046,0,2,-1,
*,2242,20,21215,-1015,-1046,0,2,-1,
*,2242,20,21215,-630,-1034,0,2,-1,
*,2242,20,21215,-803,-877,0,2,-1,
*,2242,20,21215,-990,-718,0,2,-1,
*,2242,20,21215,-640,-726,0,2,-1,
*,2242,21,21216,-1015,-1046,0,2,-1,
*,2242,21,21216,-630,-1034,0,2,-1,
*,2242,21,21216,-803,-877,0,2,-1,
*,2242,21,21216,-990,-718,0,2,-1,
*,2242,21,21216,-640,-726,0,2,-1,
*,2242,21,21216,-640,1024,0,2,-1,
*,2242,21,21216,-990,1031,0,2,-1,
*,2242,21,21216,-803,873,0,2,-1,
*,2242,21,21216,-630,716,0,2,-1,
*,2242,21,21216,-1015,704,0,2,-1,
*,2242,22,21216,-1015,-1046,0,2,-1,
*,2242,22,21216,-630,-1034,0,2,-1,
*,2242,22,21216,-803,-877,0,2,-1,
*,2242,22,21216,-990,-718,0,2,-1,
*,2242,22,21216,-640,-726,0,2,-1,
*,2242,22,21216,-640,1024,0,2,-1,
*,2242,22,21216,-990,1031,0,2,-1,
*,2242,22,21216,-803,873,0,2,-1,
*,2242,22,21216,-630,716,0,2,-1,
*,2242,22,21216,-1015,704,0,2,-1,
*,2242,23,21216,-1015,-1046,0,2,-1,
*,2242,23,21216,-630,-1034,0,2,-1,
*,2242,23,21216,-803,-877,0,2,-1,
*,2242,23,21216,-990,-718,0,2,-1,
*,2242,23,21216,-640,-726,0,2,-1,
*,2242,23,21216,-640,1024,0,2,-1,
*,2242,23,21216,-990,1031,0,2,-1,
*,2242,23,21216,-803,873,0,2,-1,
*,2242,23,21216,-630,716,0,2,-1,
*,2242,23,21216,-1015,704,0,2,-1,
*,2242,24,21216,-1015,-1046,0,2,-1,
*,2242,24,21216,-630,-1034,0,2,-1,
*,2242,24,21216,-803,-877,0,2,-1,
*,2242,24,21216,-990,-718,0,2,-1,
*,2242,24,21216,-640,-726,0,2,-1,
*,2242,24,21216,-640,1024,0,2,-1,
*,2242,24,21216,-990,1031,0,2,-1,
*,2242,24,21216,-803,873,0,2,-1,
*,2242,24,21216,-630,716,0,2,-1,
*,2242,24,21216,-1015,704,0,2,-1,
*,2242,25,21217,-640,1024,0,2,-1,
*,2242,25,21217,-990,1031,0,2,-1,
*,2242,25,21217,-803,873,0,2,-1,
*,2242,25,21217,-630,716,0,2,-1,
*,2242,25,21217,-1015,704,0,2,-1,
*,2242,25,21217,543,704,0,2,-1,
*,2242,25,21217,927,716,0,2,-1,
*,2242,25,21217,754,873,0,2,-1,
*,2242,25,21217,567,1031,0,2,-1,
*,2242,25,21217,917,1024,0,2,-1,
*,2242,26,21217,-640,1024,0,2,-1,
*,2242,26,21217,-990,1031,0,2,-1,
*,2242,26,21217,-803,873,0,2,-1,
*,2242,26,21217,-630,716,0,2,-1,
*,2242,26,21217,-1015,704,0,2,-1,
*,2242,26,21217,543,704,0,2,-1,
*,2242,26,21217,927,716,0,2,-1,
*,2242,26,21217,754,873,0,2,-1,
*,2242,26,21217,567,1031,0,2,-1,
*,2242,26,21217,917,1024,0,2,-1,
*,2242,27,21217,-640,1024,0,2,-1,
*,2242,27,21217,-990,1031,0,2,-1,
*,2242,27,21217,-803,873,0,2,-1,
*,2242,27,21217,-630,716,0,2,-1,
*,2242,27,21217,-1015,704,0,2,-1,
*,2242,27,21217,543,704,0,2,-1,
*,2242,27,21217,927,716,0,2,-1,
*,2242,27,21217,754,873,0,2,-1,
*,2242,27,21217,567,1031,0,2,-1,
*,2242,27,21217,917,1024,0,2,-1,
*,2242,28,21217,-640,1024,0,2,-1,
*,2242,28,21217,-990,1031,0,2,-1,
*,2242,28,21217,-803,873,0,2,-1,
*,2242,28,21217,-630,716,0,2,-1,
*,2242,28,21217,-1015,704,0,2,-1,
*,2242,28,21217,543,704,0,2,-1,
*,2242,28,21217,927,716,0,2,-1,
*,2242,28,21217,754,873,0,2,-1,
*,2242,28,21217,567,1031,0,2,-1,
*,2242,28,21217,917,1024,0,2,-1,
*,2243,1,21221,597,-1045,0,2,-1,
*,2243,1,21221,1090,-1031,0,2,-1,
*,2243,1,21221,847,-874,0,2,-1,
*,2243,1,21221,621,-695,0,2,-1,
*,2243,1,21221,1083,-724,0,2,-1,
*,2243,1,21221,-1059,-1045,0,2,-1,
*,2243,1,21221,-566,-1031,0,2,-1,
*,2243,1,21221,-809,-874,0,2,-1,
*,2243,1,21221,-1035,-695,0,2,-1,
*,2243,1,21221,-573,-724,0,2,-1,
*,2243,1,21221,-573,987,0,2,-1,
*,2243,1,21221,-1035,1016,0,2,-1,
*,2243,1,21221,-809,837,0,2,-1,
*,2243,1,21221,-566,680,0,2,-1,
*,2243,1,21221,-1059,666,0,2,-1,
*,2243,2,21221,597,-1045,0,2,-1,
*,2243,2,21221,1090,-1031,0,2,-1,
*,2243,2,21221,847,-874,0,2,-1,
*,2243,2,21221,621,-695,0,2,-1,
*,2243,2,21221,1083,-724,0,2,-1,
*,2243,2,21221,-1059,-1045,0,2,-1,
*,2243,2,21221,-566,-1031,0,2,-1,
*,2243,2,21221,-809,-874,0,2,-1,
*,2243,2,21221,-1035,-695,0,2,-1,
*,2243,2,21221,-573,-724,0,2,-1,
*,2243,2,21221,-573,987,0,2,-1,
*,2243,2,21221,-1035,1016,0,2,-1,
*,2243,2,21221,-809,837,0,2,-1,
*,2243,2,21221,-566,680,0,2,-1,
*,2243,2,21221,-1059,666,0,2,-1,
*,2243,3,21221,597,-1045,0,2,-1,
*,2243,3,21221,1090,-1031,0,2,-1,
*,2243,3,21221,847,-874,0,2,-1,
*,2243,3,21221,621,-695,0,2,-1,
*,2243,3,21221,1083,-724,0,2,-1,
*,2243,3,21221,-1059,-1045,0,2,-1,
*,2243,3,21221,-566,-1031,0,2,-1,
*,2243,3,21221,-809,-874,0,2,-1,
*,2243,3,21221,-1035,-695,0,2,-1,
*,2243,3,21221,-573,-724,0,2,-1,
*,2243,3,21221,-573,987,0,2,-1,
*,2243,3,21221,-1035,1016,0,2,-1,
*,2243,3,21221,-809,837,0,2,-1,
*,2243,3,21221,-566,680,0,2,-1,
*,2243,3,21221,-1059,666,0,2,-1,
*,2243,4,21221,597,-1045,0,2,-1,
*,2243,4,21221,1090,-1031,0,2,-1,
*,2243,4,21221,847,-874,0,2,-1,
*,2243,4,21221,621,-695,0,2,-1,
*,2243,4,21221,1083,-724,0,2,-1,
*,2243,4,21221,-1059,-1045,0,2,-1,
*,2243,4,21221,-566,-1031,0,2,-1,
*,2243,4,21221,-809,-874,0,2,-1,
*,2243,4,21221,-1035,-695,0,2,-1,
*,2243,4,21221,-573,-724,0,2,-1,
*,2243,4,21221,-573,987,0,2,-1,
*,2243,4,21221,-1035,1016,0,2,-1,
*,2243,4,21221,-809,837,0,2,-1,
*,2243,4,21221,-566,680,0,2,-1,
*,2243,4,21221,-1059,666,0,2,-1,
*,2243,5,21222,-1059,-1045,0,2,-1,
*,2243,5,21222,-566,-1031,0,2,-1,
*,2243,5,21222,-809,-874,0,2,-1,
*,2243,5,21222,-1035,-695,0,2,-1,
*,2243,5,21222,-573,-724,0,2,-1,
*,2243,5,21222,-573,992,0,2,-1,
*,2243,5,21222,-1035,1020,0,2,-1,
*,2243,5,21222,-809,841,0,2,-1,
*,2243,5,21222,-566,684,0,2,-1,
*,2243,5,21222,-1059,670,0,2,-1,
*,2243,5,21222,471,670,0,2,-1,
*,2243,5,21222,963,684,0,2,-1,
*,2243,5,21222,721,841,0,2,-1,
*,2243,5,21222,495,1020,0,2,-1,
*,2243,5,21222,957,992,0,2,-1,
*,2243,6,21222,-1059,-1045,0,2,-1,
*,2243,6,21222,-566,-1031,0,2,-1,
*,2243,6,21222,-809,-874,0,2,-1,
*,2243,6,21222,-1035,-695,0,2,-1,
*,2243,6,21222,-573,-724,0,2,-1,
*,2243,6,21222,-573,992,0,2,-1,
*,2243,6,21222,-1035,1020,0,2,-1,
*,2243,6,21222,-809,841,0,2,-1,
*,2243,6,21222,-566,684,0,2,-1,
*,2243,6,21222,-1059,670,0,2,-1,
*,2243,6,21222,471,670,0,2,-1,
*,2243,6,21222,963,684,0,2,-1,
*,2243,6,21222,721,841,0,2,-1,
*,2243,6,21222,495,1020,0,2,-1,
*,2243,6,21222,957,992,0,2,-1,
*,2243,7,21222,-1059,-1045,0,2,-1,
*,2243,7,21222,-566,-1031,0,2,-1,
*,2243,7,21222,-809,-874,0,2,-1,
*,2243,7,21222,-1035,-695,0,2,-1,
*,2243,7,21222,-573,-724,0,2,-1,
*,2243,7,21222,-573,992,0,2,-1,
*,2243,7,21222,-1035,1020,0,2,-1,
*,2243,7,21222,-809,841,0,2,-1,
*,2243,7,21222,-566,684,0,2,-1,
*,2243,7,21222,-1059,670,0,2,-1,
*,2243,7,21222,471,670,0,2,-1,
*,2243,7,21222,963,684,0,2,-1,
*,2243,7,21222,721,841,0,2,-1,
*,2243,7,21222,495,1020,0,2,-1,
*,2243,7,21222,957,992,0,2,-1,
*,2243,8,21222,-1059,-1045,0,2,-1,
*,2243,8,21222,-566,-1031,0,2,-1,
*,2243,8,21222,-809,-874,0,2,-1,
*,2243,8,21222,-1035,-695,0,2,-1,
*,2243,8,21222,-573,-724,0,2,-1,
*,2243,8,21222,-573,992,0,2,-1,
*,2243,8,21222,-1035,1020,0,2,-1,
*,2243,8,21222,-809,841,0,2,-1,
*,2243,8,21222,-566,684,0,2,-1,
*,2243,8,21222,-1059,670,0,2,-1,
*,2243,8,21222,471,670,0,2,-1,
*,2243,8,21222,963,684,0,2,-1,
*,2243,8,21222,721,841,0,2,-1,
*,2243,8,21222,495,1020,0,2,-1,
*,2243,8,21222,957,992,0,2,-1,
*,2243,9,21223,-573,992,0,2,-1,
*,2243,9,21223,-1035,1020,0,2,-1,
*,2243,9,21223,-809,841,0,2,-1,
*,2243,9,21223,-566,684,0,2,-1,
*,2243,9,21223,-1059,670,0,2,-1,
*,2243,9,21223,509,670,0,2,-1,
*,2243,9,21223,1002,684,0,2,-1,
*,2243,9,21223,759,841,0,2,-1,
*,2243,9,21223,533,1020,0,2,-1,
*,2243,9,21223,995,992,0,2,-1,
*,2243,9,21223,995,-735,0,2,-1,
*,2243,9,21223,533,-706,0,2,-1,
*,2243,9,21223,759,-885,0,2,-1,
*,2243,9,21223,1002,-1042,0,2,-1,
*,2243,9,21223,509,-1056,0,2,-1,
*,2243,10,21223,-573,992,0,2,-1,
*,2243,10,21223,-1035,1020,0,2,-1,
*,2243,10,21223,-809,841,0,2,-1,
*,2243,10,21223,-566,684,0,2,-1,
*,2243,10,21223,-1059,670,0,2,-1,
*,2243,10,21223,509,670,0,2,-1,
*,2243,10,21223,1002,684,0,2,-1,
*,2243,10,21223,759,841,0,2,-1,
*,2243,10,21223,533,1020,0,2,-1,
*,2243,10,21223,995,992,0,2,-1,
*,2243,10,21223,995,-735,0,2,-1,
*,2243,10,21223,533,-706,0,2,-1,
*,2243,10,21223,759,-885,0,2,-1,
*,2243,10,21223,1002,-1042,0,2,-1,
*,2243,10,21223,509,-1056,0,2,-1,
*,2243,11,21223,-573,992,0,2,-1,
*,2243,11,21223,-1035,1020,0,2,-1,
*,2243,11,21223,-809,841,0,2,-1,
*,2243,11,21223,-566,684,0,2,-1,
*,2243,11,21223,-1059,670,0,2,-1,
*,2243,11,21223,509,670,0,2,-1,
*,2243,11,21223,1002,684,0,2,-1,
*,2243,11,21223,759,841,0,2,-1,
*,2243,11,21223,533,1020,0,2,-1,
*,2243,11,21223,995,992,0,2,-1,
*,2243,11,21223,995,-735,0,2,-1,
*,2243,11,21223,533,-706,0,2,-1,
*,2243,11,21223,759,-885,0,2,-1,
*,2243,11,21223,1002,-1042,0,2,-1,
*,2243,11,21223,509,-1056,0,2,-1,
*,2243,12,21223,-573,992,0,2,-1,
*,2243,12,21223,-1035,1020,0,2,-1,
*,2243,12,21223,-809,841,0,2,-1,
*,2243,12,21223,-566,684,0,2,-1,
*,2243,12,21223,-1059,670,0,2,-1,
*,2243,12,21223,509,670,0,2,-1,
*,2243,12,21223,1002,684,0,2,-1,
*,2243,12,21223,759,841,0,2,-1,
*,2243,12,21223,533,1020,0,2,-1,
*,2243,12,21223,995,992,0,2,-1,
*,2243,12,21223,995,-735,0,2,-1,
*,2243,12,21223,533,-706,0,2,-1,
*,2243,12,21223,759,-885,0,2,-1,
*,2243,12,21223,1002,-1042,0,2,-1,
*,2243,12,21223,509,-1056,0,2,-1,
*,2243,13,21224,509,670,0,2,-1,
*,2243,13,21224,1002,684,0,2,-1,
*,2243,13,21224,759,841,0,2,-1,
*,2243,13,21224,533,1020,0,2,-1,
*,2243,13,21224,995,992,0,2,-1,
*,2243,13,21224,995,-735,0,2,-1,
*,2243,13,21224,533,-707,0,2,-1,
*,2243,13,21224,759,-886,0,2,-1,
*,2243,13,21224,1002,-1043,0,2,-1,
*,2243,13,21224,509,-1057,0,2,-1,
*,2243,13,21224,-1071,-1057,0,2,-1,
*,2243,13,21224,-579,-1043,0,2,-1,
*,2243,13,21224,-821,-886,0,2,-1,
*,2243,13,21224,-1047,-707,0,2,-1,
*,2243,13,21224,-585,-735,0,2,-1,
*,2243,14,21224,509,670,0,2,-1,
*,2243,14,21224,1002,684,0,2,-1,
*,2243,14,21224,759,841,0,2,-1,
*,2243,14,21224,533,1020,0,2,-1,
*,2243,14,21224,995,992,0,2,-1,
*,2243,14,21224,995,-735,0,2,-1,
*,2243,14,21224,533,-707,0,2,-1,
*,2243,14,21224,759,-886,0,2,-1,
*,2243,14,21224,1002,-1043,0,2,-1,
*,2243,14,21224,509,-1057,0,2,-1,
*,2243,14,21224,-1071,-1057,0,2,-1,
*,2243,14,21224,-579,-1043,0,2,-1,
*,2243,14,21224,-821,-886,0,2,-1,
*,2243,14,21224,-1047,-707,0,2,-1,
*,2243,14,21224,-585,-735,0,2,-1,
*,2243,15,21224,509,670,0,2,-1,
*,2243,15,21224,1002,684,0,2,-1,
*,2243,15,21224,759,841,0,2,-1,
*,2243,15,21224,533,1020,0,2,-1,
*,2243,15,21224,995,992,0,2,-1,
*,2243,15,21224,995,-735,0,2,-1,
*,2243,15,21224,533,-707,0,2,-1,
*,2243,15,21224,759,-886,0,2,-1,
*,2243,15,21224,1002,-1043,0,2,-1,
*,2243,15,21224,509,-1057,0,2,-1,
*,2243,15,21224,-1071,-1057,0,2,-1,
*,2243,15,21224,-579,-1043,0,2,-1,
*,2243,15,21224,-821,-886,0,2,-1,
*,2243,15,21224,-1047,-707,0,2,-1,
*,2243,15,21224,-585,-735,0,2,-1,
*,2243,16,21224,509,670,0,2,-1,
*,2243,16,21224,1002,684,0,2,-1,
*,2243,16,21224,759,841,0,2,-1,
*,2243,16,21224,533,1020,0,2,-1,
*,2243,16,21224,995,992,0,2,-1,
*,2243,16,21224,995,-735,0,2,-1,
*,2243,16,21224,533,-707,0,2,-1,
*,2243,16,21224,759,-886,0,2,-1,
*,2243,16,21224,1002,-1043,0,2,-1,
*,2243,16,21224,509,-1057,0,2,-1,
*,2243,16,21224,-1071,-1057,0,2,-1,
*,2243,16,21224,-579,-1043,0,2,-1,
*,2243,16,21224,-821,-886,0,2,-1,
*,2243,16,21224,-1047,-707,0,2,-1,
*,2243,16,21224,-585,-735,0,2,-1,
*,2243,17,21225,995,-735,0,2,-1,
*,2243,17,21225,533,-707,0,2,-1,
*,2243,17,21225,759,-886,0,2,-1,
*,2243,17,21225,1002,-1043,0,2,-1,
*,2243,17,21225,509,-1057,0,2,-1,
*,2243,17,21225,-1039,-1057,0,2,-1,
*,2243,17,21225,-547,-1043,0,2,-1,
*,2243,17,21225,-789,-886,0,2,-1,
*,2243,17,21225,-1016,-707,0,2,-1,
*,2243,17,21225,-553,-735,0,2,-1,
*,2243,17,21225,-553,989,0,2,-1,
*,2243,17,21225,-1016,1018,0,2,-1,
*,2243,17,21225,-789,838,0,2,-1,
*,2243,17,21225,-547,681,0,2,-1,
*,2243,17,21225,-1039,667,0,2,-1,
*,2243,18,21225,995,-735,0,2,-1,
*,2243,18,21225,533,-707,0,2,-1,
*,2243,18,21225,759,-886,0,2,-1,
*,2243,18,21225,1002,-1043,0,2,-1,
*,2243,18,21225,509,-1057,0,2,-1,
*,2243,18,21225,-1039,-1057,0,2,-1,
*,2243,18,21225,-547,-1043,0,2,-1,
*,2243,18,21225,-789,-886,0,2,-1,
*,2243,18,21225,-1016,-707,0,2,-1,
*,2243,18,21225,-553,-735,0,2,-1,
*,2243,18,21225,-553,989,0,2,-1,
*,2243,18,21225,-1016,1018,0,2,-1,
*,2243,18,21225,-789,838,0,2,-1,
*,2243,18,21225,-547,681,0,2,-1,
*,2243,18,21225,-1039,667,0,2,-1,
*,2243,19,21225,995,-735,0,2,-1,
*,2243,19,21225,533,-707,0,2,-1,
*,2243,19,21225,759,-886,0,2,-1,
*,2243,19,21225,1002,-1043,0,2,-1,
*,2243,19,21225,509,-1057,0,2,-1,
*,2243,19,21225,-1039,-1057,0,2,-1,
*,2243,19,21225,-547,-1043,0,2,-1,
*,2243,19,21225,-789,-886,0,2,-1,
*,2243,19,21225,-1016,-707,0,2,-1,
*,2243,19,21225,-553,-735,0,2,-1,
*,2243,19,21225,-553,989,0,2,-1,
*,2243,19,21225,-1016,1018,0,2,-1,
*,2243,19,21225,-789,838,0,2,-1,
*,2243,19,21225,-547,681,0,2,-1,
*,2243,19,21225,-1039,667,0,2,-1,
*,2243,20,21225,995,-735,0,2,-1,
*,2243,20,21225,533,-707,0,2,-1,
*,2243,20,21225,759,-886,0,2,-1,
*,2243,20,21225,1002,-1043,0,2,-1,
*,2243,20,21225,509,-1057,0,2,-1,
*,2243,20,21225,-1039,-1057,0,2,-1,
*,2243,20,21225,-547,-1043,0,2,-1,
*,2243,20,21225,-789,-886,0,2,-1,
*,2243,20,21225,-1016,-707,0,2,-1,
*,2243,20,21225,-553,-735,0,2,-1,
*,2243,20,21225,-553,989,0,2,-1,
*,2243,20,21225,-1016,1018,0,2,-1,
*,2243,20,21225,-789,838,0,2,-1,
*,2243,20,21225,-547,681,0,2,-1,
*,2243,20,21225,-1039,667,0,2,-1,
*,2243,21,21226,-1039,-1057,0,2,-1,
*,2243,21,21226,-547,-1043,0,2,-1,
*,2243,21,21226,-789,-886,0,2,-1,
*,2243,21,21226,-1016,-707,0,2,-1,
*,2243,21,21226,-553,-735,0,2,-1,
*,2243,21,21226,-553,992,0,2,-1,
*,2243,21,21226,-1016,1020,0,2,-1,
*,2243,21,21226,-789,841,0,2,-1,
*,2243,21,21226,-547,684,0,2,-1,
*,2243,21,21226,-1039,670,0,2,-1,
*,2243,21,21226,485,670,0,2,-1,
*,2243,21,21226,977,684,0,2,-1,
*,2243,21,21226,735,841,0,2,-1,
*,2243,21,21226,508,1020,0,2,-1,
*,2243,21,21226,971,992,0,2,-1,
*,2243,22,21226,-1039,-1057,0,2,-1,
*,2243,22,21226,-547,-1043,0,2,-1,
*,2243,22,21226,-789,-886,0,2,-1,
*,2243,22,21226,-1016,-707,0,2,-1,
*,2243,22,21226,-553,-735,0,2,-1,
*,2243,22,21226,-553,992,0,2,-1,
*,2243,22,21226,-1016,1020,0,2,-1,
*,2243,22,21226,-789,841,0,2,-1,
*,2243,22,21226,-547,684,0,2,-1,
*,2243,22,21226,-1039,670,0,2,-1,
*,2243,22,21226,485,670,0,2,-1,
*,2243,22,21226,977,684,0,2,-1,
*,2243,22,21226,735,841,0,2,-1,
*,2243,22,21226,508,1020,0,2,-1,
*,2243,22,21226,971,992,0,2,-1,
*,2243,23,21226,-1039,-1057,0,2,-1,
*,2243,23,21226,-547,-1043,0,2,-1,
*,2243,23,21226,-789,-886,0,2,-1,
*,2243,23,21226,-1016,-707,0,2,-1,
*,2243,23,21226,-553,-735,0,2,-1,
*,2243,23,21226,-553,992,0,2,-1,
*,2243,23,21226,-1016,1020,0,2,-1,
*,2243,23,21226,-789,841,0,2,-1,
*,2243,23,21226,-547,684,0,2,-1,
*,2243,23,21226,-1039,670,0,2,-1,
*,2243,23,21226,485,670,0,2,-1,
*,2243,23,21226,977,684,0,2,-1,
*,2243,23,21226,735,841,0,2,-1,
*,2243,23,21226,508,1020,0,2,-1,
*,2243,23,21226,971,992,0,2,-1,
*,2243,24,21226,-1039,-1057,0,2,-1,
*,2243,24,21226,-547,-1043,0,2,-1,
*,2243,24,21226,-789,-886,0,2,-1,
*,2243,24,21226,-1016,-707,0,2,-1,
*,2243,24,21226,-553,-735,0,2,-1,
*,2243,24,21226,-553,992,0,2,-1,
*,2243,24,21226,-1016,1020,0,2,-1,
*,2243,24,21226,-789,841,0,2,-1,
*,2243,24,21226,-547,684,0,2,-1,
*,2243,24,21226,-1039,670,0,2,-1,
*,2243,24,21226,485,670,0,2,-1,
*,2243,24,21226,977,684,0,2,-1,
*,2243,24,21226,735,841,0,2,-1,
*,2243,24,21226,508,1020,0,2,-1,
*,2243,24,21226,971,992,0,2,-1,
*,2243,25,21227,-553,992,0,2,-1,
*,2243,25,21227,-1016,1020,0,2,-1,
*,2243,25,21227,-789,841,0,2,-1,
*,2243,25,21227,-547,684,0,2,-1,
*,2243,25,21227,-1039,670,0,2,-1,
*,2243,25,21227,485,670,0,2,-1,
*,2243,25,21227,978,684,0,2,-1,
*,2243,25,21227,735,841,0,2,-1,
*,2243,25,21227,509,1020,0,2,-1,
*,2243,25,21227,971,992,0,2,-1,
*,2243,25,21227,971,-741,0,2,-1,
*,2243,25,21227,509,-713,0,2,-1,
*,2243,25,21227,735,-892,0,2,-1,
*,2243,25,21227,978,-1049,0,2,-1,
*,2243,25,21227,485,-1063,0,2,-1,
*,2243,26,21227,-553,992,0,2,-1,
*,2243,26,21227,-1016,1020,0,2,-1,
*,2243,26,21227,-789,841,0,2,-1,
*,2243,26,21227,-547,684,0,2,-1,
*,2243,26,21227,-1039,670,0,2,-1,
*,2243,26,21227,485,670,0,2,-1,
*,2243,26,21227,978,684,0,2,-1,
*,2243,26,21227,735,841,0,2,-1,
*,2243,26,21227,509,1020,0,2,-1,
*,2243,26,21227,971,992,0,2,-1,
*,2243,26,21227,971,-741,0,2,-1,
*,2243,26,21227,509,-713,0,2,-1,
*,2243,26,21227,735,-892,0,2,-1,
*,2243,26,21227,978,-1049,0,2,-1,
*,2243,26,21227,485,-1063,0,2,-1,
*,2243,27,21227,-553,992,0,2,-1,
*,2243,27,21227,-1016,1020,0,2,-1,
*,2243,27,21227,-789,841,0,2,-1,
*,2243,27,21227,-547,684,0,2,-1,
*,2243,27,21227,-1039,670,0,2,-1,
*,2243,27,21227,485,670,0,2,-1,
*,2243,27,21227,978,684,0,2,-1,
*,2243,27,21227,735,841,0,2,-1,
*,2243,27,21227,509,1020,0,2,-1,
*,2243,27,21227,971,992,0,2,-1,
*,2243,27,21227,971,-741,0,2,-1,
*,2243,27,21227,509,-713,0,2,-1,
*,2243,27,21227,735,-892,0,2,-1,
*,2243,27,21227,978,-1049,0,2,-1,
*,2243,27,21227,485,-1063,0,2,-1,
*,2243,28,21227,-553,992,0,2,-1,
*,2243,28,21227,-1016,1020,0,2,-1,
*,2243,28,21227,-789,841,0,2,-1,
*,2243,28,21227,-547,684,0,2,-1,
*,2243,28,21227,-1039,670,0,2,-1,
*,2243,28,21227,485,670,0,2,-1,
*,2243,28,21227,978,684,0,2,-1,
*,2243,28,21227,735,841,0,2,-1,
*,2243,28,21227,509,1020,0,2,-1,
*,2243,28,21227,971,992,0,2,-1,
*,2243,28,21227,971,-741,0,2,-1,
*,2243,28,21227,509,-713,0,2,-1,
*,2243,28,21227,735,-892,0,2,-1,
*,2243,28,21227,978,-1049,0,2,-1,
*,2243,28,21227,485,-1063,0,2,-1,
*,2244,1,21231,597,-1045,0,2,-1,
*,2244,1,21231,1090,-1031,0,2,-1,
*,2244,1,21231,847,-874,0,2,-1,
*,2244,1,21231,621,-695,0,2,-1,
*,2244,1,21231,1083,-724,0,2,-1,
*,2244,1,21231,-1050,-695,0,2,-1,
*,2244,1,21231,-588,-724,0,2,-1,
*,2244,1,21231,-1074,-1045,0,2,-1,
*,2244,1,21231,-824,-874,0,2,-1,
*,2244,1,21231,-581,-1031,0,2,-1,
*,2244,1,21231,-581,694,0,2,-1,
*,2244,1,21231,-824,851,0,2,-1,
*,2244,1,21231,-1074,680,0,2,-1,
*,2244,1,21231,-588,1002,0,2,-1,
*,2244,1,21231,-1050,1031,0,2,-1,
*,2244,1,21231,540,1031,0,2,-1,
*,2244,1,21231,1002,1002,0,2,-1,
*,2244,1,21231,516,680,0,2,-1,
*,2244,1,21231,766,851,0,2,-1,
*,2244,1,21231,1009,694,0,2,-1,
*,2244,2,21231,597,-1045,0,2,-1,
*,2244,2,21231,1090,-1031,0,2,-1,
*,2244,2,21231,847,-874,0,2,-1,
*,2244,2,21231,621,-695,0,2,-1,
*,2244,2,21231,1083,-724,0,2,-1,
*,2244,2,21231,-1050,-695,0,2,-1,
*,2244,2,21231,-588,-724,0,2,-1,
*,2244,2,21231,-1074,-1045,0,2,-1,
*,2244,2,21231,-824,-874,0,2,-1,
*,2244,2,21231,-581,-1031,0,2,-1,
*,2244,2,21231,-581,694,0,2,-1,
*,2244,2,21231,-824,851,0,2,-1,
*,2244,2,21231,-1074,680,0,2,-1,
*,2244,2,21231,-588,1002,0,2,-1,
*,2244,2,21231,-1050,1031,0,2,-1,
*,2244,2,21231,540,1031,0,2,-1,
*,2244,2,21231,1002,1002,0,2,-1,
*,2244,2,21231,516,680,0,2,-1,
*,2244,2,21231,766,851,0,2,-1,
*,2244,2,21231,1009,694,0,2,-1,
*,2244,3,21231,597,-1045,0,2,-1,
*,2244,3,21231,1090,-1031,0,2,-1,
*,2244,3,21231,847,-874,0,2,-1,
*,2244,3,21231,621,-695,0,2,-1,
*,2244,3,21231,1083,-724,0,2,-1,
*,2244,3,21231,-1050,-695,0,2,-1,
*,2244,3,21231,-588,-724,0,2,-1,
*,2244,3,21231,-1074,-1045,0,2,-1,
*,2244,3,21231,-824,-874,0,2,-1,
*,2244,3,21231,-581,-1031,0,2,-1,
*,2244,3,21231,-581,694,0,2,-1,
*,2244,3,21231,-824,851,0,2,-1,
*,2244,3,21231,-1074,680,0,2,-1,
*,2244,3,21231,-588,1002,0,2,-1,
*,2244,3,21231,-1050,1031,0,2,-1,
*,2244,3,21231,540,1031,0,2,-1,
*,2244,3,21231,1002,1002,0,2,-1,
*,2244,3,21231,516,680,0,2,-1,
*,2244,3,21231,766,851,0,2,-1,
*,2244,3,21231,1009,694,0,2,-1,
*,2244,4,21231,597,-1045,0,2,-1,
*,2244,4,21231,1090,-1031,0,2,-1,
*,2244,4,21231,847,-874,0,2,-1,
*,2244,4,21231,621,-695,0,2,-1,
*,2244,4,21231,1083,-724,0,2,-1,
*,2244,4,21231,-1050,-695,0,2,-1,
*,2244,4,21231,-588,-724,0,2,-1,
*,2244,4,21231,-1074,-1045,0,2,-1,
*,2244,4,21231,-824,-874,0,2,-1,
*,2244,4,21231,-581,-1031,0,2,-1,
*,2244,4,21231,-581,694,0,2,-1,
*,2244,4,21231,-824,851,0,2,-1,
*,2244,4,21231,-1074,680,0,2,-1,
*,2244,4,21231,-588,1002,0,2,-1,
*,2244,4,21231,-1050,1031,0,2,-1,
*,2244,4,21231,540,1031,0,2,-1,
*,2244,4,21231,1002,1002,0,2,-1,
*,2244,4,21231,516,680,0,2,-1,
*,2244,4,21231,766,851,0,2,-1,
*,2244,4,21231,1009,694,0,2,-1,
*,2244,5,21232,597,-1045,0,2,-1,
*,2244,5,21232,1090,-1031,0,2,-1,
*,2244,5,21232,847,-874,0,2,-1,
*,2244,5,21232,621,-695,0,2,-1,
*,2244,5,21232,1083,-724,0,2,-1,
*,2244,5,21232,-1059,-695,0,2,-1,
*,2244,5,21232,-597,-724,0,2,-1,
*,2244,5,21232,-1083,-1045,0,2,-1,
*,2244,5,21232,-833,-874,0,2,-1,
*,2244,5,21232,-590,-1031,0,2,-1,
*,2244,5,21232,-590,690,0,2,-1,
*,2244,5,21232,-833,847,0,2,-1,
*,2244,5,21232,-1083,676,0,2,-1,
*,2244,5,21232,-597,998,0,2,-1,
*,2244,5,21232,-1059,1027,0,2,-1,
*,2244,5,21232,546,1027,0,2,-1,
*,2244,5,21232,1008,998,0,2,-1,
*,2244,5,21232,522,676,0,2,-1,
*,2244,5,21232,772,847,0,2,-1,
*,2244,5,21232,1015,690,0,2,-1,
*,2244,6,21232,597,-1045,0,2,-1,
*,2244,6,21232,1090,-1031,0,2,-1,
*,2244,6,21232,847,-874,0,2,-1,
*,2244,6,21232,621,-695,0,2,-1,
*,2244,6,21232,1083,-724,0,2,-1,
*,2244,6,21232,-1059,-695,0,2,-1,
*,2244,6,21232,-597,-724,0,2,-1,
*,2244,6,21232,-1083,-1045,0,2,-1,
*,2244,6,21232,-833,-874,0,2,-1,
*,2244,6,21232,-590,-1031,0,2,-1,
*,2244,6,21232,-590,690,0,2,-1,
*,2244,6,21232,-833,847,0,2,-1,
*,2244,6,21232,-1083,676,0,2,-1,
*,2244,6,21232,-597,998,0,2,-1,
*,2244,6,21232,-1059,1027,0,2,-1,
*,2244,6,21232,546,1027,0,2,-1,
*,2244,6,21232,1008,998,0,2,-1,
*,2244,6,21232,522,676,0,2,-1,
*,2244,6,21232,772,847,0,2,-1,
*,2244,6,21232,1015,690,0,2,-1,
*,2244,7,21232,597,-1045,0,2,-1,
*,2244,7,21232,1090,-1031,0,2,-1,
*,2244,7,21232,847,-874,0,2,-1,
*,2244,7,21232,621,-695,0,2,-1,
*,2244,7,21232,1083,-724,0,2,-1,
*,2244,7,21232,-1059,-695,0,2,-1,
*,2244,7,21232,-597,-724,0,2,-1,
*,2244,7,21232,-1083,-1045,0,2,-1,
*,2244,7,21232,-833,-874,0,2,-1,
*,2244,7,21232,-590,-1031,0,2,-1,
*,2244,7,21232,-590,690,0,2,-1,
*,2244,7,21232,-833,847,0,2,-1,
*,2244,7,21232,-1083,676,0,2,-1,
*,2244,7,21232,-597,998,0,2,-1,
*,2244,7,21232,-1059,1027,0,2,-1,
*,2244,7,21232,546,1027,0,2,-1,
*,2244,7,21232,1008,998,0,2,-1,
*,2244,7,21232,522,676,0,2,-1,
*,2244,7,21232,772,847,0,2,-1,
*,2244,7,21232,1015,690,0,2,-1,
*,2244,8,21232,597,-1045,0,2,-1,
*,2244,8,21232,1090,-1031,0,2,-1,
*,2244,8,21232,847,-874,0,2,-1,
*,2244,8,21232,621,-695,0,2,-1,
*,2244,8,21232,1083,-724,0,2,-1,
*,2244,8,21232,-1059,-695,0,2,-1,
*,2244,8,21232,-597,-724,0,2,-1,
*,2244,8,21232,-1083,-1045,0,2,-1,
*,2244,8,21232,-833,-874,0,2,-1,
*,2244,8,21232,-590,-1031,0,2,-1,
*,2244,8,21232,-590,690,0,2,-1,
*,2244,8,21232,-833,847,0,2,-1,
*,2244,8,21232,-1083,676,0,2,-1,
*,2244,8,21232,-597,998,0,2,-1,
*,2244,8,21232,-1059,1027,0,2,-1,
*,2244,8,21232,546,1027,0,2,-1,
*,2244,8,21232,1008,998,0,2,-1,
*,2244,8,21232,522,676,0,2,-1,
*,2244,8,21232,772,847,0,2,-1,
*,2244,8,21232,1015,690,0,2,-1,
*,2244,9,21233,597,-1045,0,2,-1,
*,2244,9,21233,1090,-1031,0,2,-1,
*,2244,9,21233,847,-874,0,2,-1,
*,2244,9,21233,621,-695,0,2,-1,
*,2244,9,21233,1083,-724,0,2,-1,
*,2244,9,21233,-1051,-695,0,2,-1,
*,2244,9,21233,-589,-724,0,2,-1,
*,2244,9,21233,-1075,-1045,0,2,-1,
*,2244,9,21233,-825,-874,0,2,-1,
*,2244,9,21233,-582,-1031,0,2,-1,
*,2244,9,21233,-582,681,0,2,-1,
*,2244,9,21233,-825,838,0,2,-1,
*,2244,9,21233,-1075,667,0,2,-1,
*,2244,9,21233,-589,989,0,2,-1,
*,2244,9,21233,-1051,1018,0,2,-1,
*,2244,9,21233,534,1018,0,2,-1,
*,2244,9,21233,997,989,0,2,-1,
*,2244,9,21233,511,667,0,2,-1,
*,2244,9,21233,761,838,0,2,-1,
*,2244,9,21233,1003,681,0,2,-1,
*,2244,10,21233,597,-1045,0,2,-1,
*,2244,10,21233,1090,-1031,0,2,-1,
*,2244,10,21233,847,-874,0,2,-1,
*,2244,10,21233,621,-695,0,2,-1,
*,2244,10,21233,1083,-724,0,2,-1,
*,2244,10,21233,-1051,-695,0,2,-1,
*,2244,10,21233,-589,-724,0,2,-1,
*,2244,10,21233,-1075,-1045,0,2,-1,
*,2244,10,21233,-825,-874,0,2,-1,
*,2244,10,21233,-582,-1031,0,2,-1,
*,2244,10,21233,-582,681,0,2,-1,
*,2244,10,21233,-825,838,0,2,-1,
*,2244,10,21233,-1075,667,0,2,-1,
*,2244,10,21233,-589,989,0,2,-1,
*,2244,10,21233,-1051,1018,0,2,-1,
*,2244,10,21233,534,1018,0,2,-1,
*,2244,10,21233,997,989,0,2,-1,
*,2244,10,21233,511,667,0,2,-1,
*,2244,10,21233,761,838,0,2,-1,
*,2244,10,21233,1003,681,0,2,-1,
*,2244,11,21233,597,-1045,0,2,-1,
*,2244,11,21233,1090,-1031,0,2,-1,
*,2244,11,21233,847,-874,0,2,-1,
*,2244,11,21233,621,-695,0,2,-1,
*,2244,11,21233,1083,-724,0,2,-1,
*,2244,11,21233,-1051,-695,0,2,-1,
*,2244,11,21233,-589,-724,0,2,-1,
*,2244,11,21233,-1075,-1045,0,2,-1,
*,2244,11,21233,-825,-874,0,2,-1,
*,2244,11,21233,-582,-1031,0,2,-1,
*,2244,11,21233,-582,681,0,2,-1,
*,2244,11,21233,-825,838,0,2,-1,
*,2244,11,21233,-1075,667,0,2,-1,
*,2244,11,21233,-589,989,0,2,-1,
*,2244,11,21233,-1051,1018,0,2,-1,
*,2244,11,21233,534,1018,0,2,-1,
*,2244,11,21233,997,989,0,2,-1,
*,2244,11,21233,511,667,0,2,-1,
*,2244,11,21233,761,838,0,2,-1,
*,2244,11,21233,1003,681,0,2,-1,
*,2244,12,21233,597,-1045,0,2,-1,
*,2244,12,21233,1090,-1031,0,2,-1,
*,2244,12,21233,847,-874,0,2,-1,
*,2244,12,21233,621,-695,0,2,-1,
*,2244,12,21233,1083,-724,0,2,-1,
*,2244,12,21233,-1051,-695,0,2,-1,
*,2244,12,21233,-589,-724,0,2,-1,
*,2244,12,21233,-1075,-1045,0,2,-1,
*,2244,12,21233,-825,-874,0,2,-1,
*,2244,12,21233,-582,-1031,0,2,-1,
*,2244,12,21233,-582,681,0,2,-1,
*,2244,12,21233,-825,838,0,2,-1,
*,2244,12,21233,-1075,667,0,2,-1,
*,2244,12,21233,-589,989,0,2,-1,
*,2244,12,21233,-1051,1018,0,2,-1,
*,2244,12,21233,534,1018,0,2,-1,
*,2244,12,21233,997,989,0,2,-1,
*,2244,12,21233,511,667,0,2,-1,
*,2244,12,21233,761,838,0,2,-1,
*,2244,12,21233,1003,681,0,2,-1,
*,2244,13,21234,597,-1045,0,2,-1,
*,2244,13,21234,1090,-1031,0,2,-1,
*,2244,13,21234,847,-874,0,2,-1,
*,2244,13,21234,621,-695,0,2,-1,
*,2244,13,21234,1083,-724,0,2,-1,
*,2244,13,21234,-1077,-695,0,2,-1,
*,2244,13,21234,-615,-724,0,2,-1,
*,2244,13,21234,-1101,-1045,0,2,-1,
*,2244,13,21234,-851,-874,0,2,-1,
*,2244,13,21234,-608,-1031,0,2,-1,
*,2244,13,21234,-586,689,0,2,-1,
*,2244,13,21234,-829,847,0,2,-1,
*,2244,13,21234,-1079,675,0,2,-1,
*,2244,13,21234,-593,997,0,2,-1,
*,2244,13,21234,-1055,1026,0,2,-1,
*,2244,13,21234,544,1026,0,2,-1,
*,2244,13,21234,1006,997,0,2,-1,
*,2244,13,21234,520,675,0,2,-1,
*,2244,13,21234,770,847,0,2,-1,
*,2244,13,21234,1013,689,0,2,-1,
*,2244,14,21234,597,-1045,0,2,-1,
*,2244,14,21234,1090,-1031,0,2,-1,
*,2244,14,21234,847,-874,0,2,-1,
*,2244,14,21234,621,-695,0,2,-1,
*,2244,14,21234,1083,-724,0,2,-1,
*,2244,14,21234,-1077,-695,0,2,-1,
*,2244,14,21234,-615,-724,0,2,-1,
*,2244,14,21234,-1101,-1045,0,2,-1,
*,2244,14,21234,-851,-874,0,2,-1,
*,2244,14,21234,-608,-1031,0,2,-1,
*,2244,14,21234,-586,689,0,2,-1,
*,2244,14,21234,-829,847,0,2,-1,
*,2244,14,21234,-1079,675,0,2,-1,
*,2244,14,21234,-593,997,0,2,-1,
*,2244,14,21234,-1055,1026,0,2,-1,
*,2244,14,21234,544,1026,0,2,-1,
*,2244,14,21234,1006,997,0,2,-1,
*,2244,14,21234,520,675,0,2,-1,
*,2244,14,21234,770,847,0,2,-1,
*,2244,14,21234,1013,689,0,2,-1,
*,2244,15,21234,597,-1045,0,2,-1,
*,2244,15,21234,1090,-1031,0,2,-1,
*,2244,15,21234,847,-874,0,2,-1,
*,2244,15,21234,621,-695,0,2,-1,
*,2244,15,21234,1083,-724,0,2,-1,
*,2244,15,21234,-1077,-695,0,2,-1,
*,2244,15,21234,-615,-724,0,2,-1,
*,2244,15,21234,-1101,-1045,0,2,-1,
*,2244,15,21234,-851,-874,0,2,-1,
*,2244,15,21234,-608,-1031,0,2,-1,
*,2244,15,21234,-586,689,0,2,-1,
*,2244,15,21234,-829,847,0,2,-1,
*,2244,15,21234,-1079,675,0,2,-1,
*,2244,15,21234,-593,997,0,2,-1,
*,2244,15,21234,-1055,1026,0,2,-1,
*,2244,15,21234,544,1026,0,2,-1,
*,2244,15,21234,1006,997,0,2,-1,
*,2244,15,21234,520,675,0,2,-1,
*,2244,15,21234,770,847,0,2,-1,
*,2244,15,21234,1013,689,0,2,-1,
*,2244,16,21234,597,-1045,0,2,-1,
*,2244,16,21234,1090,-1031,0,2,-1,
*,2244,16,21234,847,-874,0,2,-1,
*,2244,16,21234,621,-695,0,2,-1,
*,2244,16,21234,1083,-724,0,2,-1,
*,2244,16,21234,-1077,-695,0,2,-1,
*,2244,16,21234,-615,-724,0,2,-1,
*,2244,16,21234,-1101,-1045,0,2,-1,
*,2244,16,21234,-851,-874,0,2,-1,
*,2244,16,21234,-608,-1031,0,2,-1,
*,2244,16,21234,-586,689,0,2,-1,
*,2244,16,21234,-829,847,0,2,-1,
*,2244,16,21234,-1079,675,0,2,-1,
*,2244,16,21234,-593,997,0,2,-1,
*,2244,16,21234,-1055,1026,0,2,-1,
*,2244,16,21234,544,1026,0,2,-1,
*,2244,16,21234,1006,997,0,2,-1,
*,2244,16,21234,520,675,0,2,-1,
*,2244,16,21234,770,847,0,2,-1,
*,2244,16,21234,1013,689,0,2,-1,
*,2244,17,21235,597,-1045,0,2,-1,
*,2244,17,21235,1090,-1031,0,2,-1,
*,2244,17,21235,847,-874,0,2,-1,
*,2244,17,21235,621,-695,0,2,-1,
*,2244,17,21235,1083,-724,0,2,-1,
*,2244,17,21235,-597,-1031,0,2,-1,
*,2244,17,21235,-839,-874,0,2,-1,
*,2244,17,21235,-1089,-1045,0,2,-1,
*,2244,17,21235,-604,-724,0,2,-1,
*,2244,17,21235,-1066,-695,0,2,-1,
*,2244,17,21235,-1050,1032,0,2,-1,
*,2244,17,21235,-588,1004,0,2,-1,
*,2244,17,21235,-1074,682,0,2,-1,
*,2244,17,21235,-824,853,0,2,-1,
*,2244,17,21235,-581,696,0,2,-1,
*,2244,17,21235,1026,696,0,2,-1,
*,2244,17,21235,784,853,0,2,-1,
*,2244,17,21235,534,682,0,2,-1,
*,2244,17,21235,1020,1004,0,2,-1,
*,2244,17,21235,557,1032,0,2,-1,
*,2244,18,21235,597,-1045,0,2,-1,
*,2244,18,21235,1090,-1031,0,2,-1,
*,2244,18,21235,847,-874,0,2,-1,
*,2244,18,21235,621,-695,0,2,-1,
*,2244,18,21235,1083,-724,0,2,-1,
*,2244,18,21235,-597,-1031,0,2,-1,
*,2244,18,21235,-839,-874,0,2,-1,
*,2244,18,21235,-1089,-1045,0,2,-1,
*,2244,18,21235,-604,-724,0,2,-1,
*,2244,18,21235,-1066,-695,0,2,-1,
*,2244,18,21235,-1050,1032,0,2,-1,
*,2244,18,21235,-588,1004,0,2,-1,
*,2244,18,21235,-1074,682,0,2,-1,
*,2244,18,21235,-824,853,0,2,-1,
*,2244,18,21235,-581,696,0,2,-1,
*,2244,18,21235,1026,696,0,2,-1,
*,2244,18,21235,784,853,0,2,-1,
*,2244,18,21235,534,682,0,2,-1,
*,2244,18,21235,1020,1004,0,2,-1,
*,2244,18,21235,557,1032,0,2,-1,
*,2244,19,21235,597,-1045,0,2,-1,
*,2244,19,21235,1090,-1031,0,2,-1,
*,2244,19,21235,847,-874,0,2,-1,
*,2244,19,21235,621,-695,0,2,-1,
*,2244,19,21235,1083,-724,0,2,-1,
*,2244,19,21235,-597,-1031,0,2,-1,
*,2244,19,21235,-839,-874,0,2,-1,
*,2244,19,21235,-1089,-1045,0,2,-1,
*,2244,19,21235,-604,-724,0,2,-1,
*,2244,19,21235,-1066,-695,0,2,-1,
*,2244,19,21235,-1050,1032,0,2,-1,
*,2244,19,21235,-588,1004,0,2,-1,
*,2244,19,21235,-1074,682,0,2,-1,
*,2244,19,21235,-824,853,0,2,-1,
*,2244,19,21235,-581,696,0,2,-1,
*,2244,19,21235,1026,696,0,2,-1,
*,2244,19,21235,784,853,0,2,-1,
*,2244,19,21235,534,682,0,2,-1,
*,2244,19,21235,1020,1004,0,2,-1,
*,2244,19,21235,557,1032,0,2,-1,
*,2244,20,21235,597,-1045,0,2,-1,
*,2244,20,21235,1090,-1031,0,2,-1,
*,2244,20,21235,847,-874,0,2,-1,
*,2244,20,21235,621,-695,0,2,-1,
*,2244,20,21235,1083,-724,0,2,-1,
*,2244,20,21235,-597,-1031,0,2,-1,
*,2244,20,21235,-839,-874,0,2,-1,
*,2244,20,21235,-1089,-1045,0,2,-1,
*,2244,20,21235,-604,-724,0,2,-1,
*,2244,20,21235,-1066,-695,0,2,-1,
*,2244,20,21235,-1050,1032,0,2,-1,
*,2244,20,21235,-588,1004,0,2,-1,
*,2244,20,21235,-1074,682,0,2,-1,
*,2244,20,21235,-824,853,0,2,-1,
*,2244,20,21235,-581,696,0,2,-1,
*,2244,20,21235,1026,696,0,2,-1,
*,2244,20,21235,784,853,0,2,-1,
*,2244,20,21235,534,682,0,2,-1,
*,2244,20,21235,1020,1004,0,2,-1,
*,2244,20,21235,557,1032,0,2,-1,
*,2244,21,21236,597,-1045,0,2,-1,
*,2244,21,21236,1090,-1031,0,2,-1,
*,2244,21,21236,847,-874,0,2,-1,
*,2244,21,21236,621,-695,0,2,-1,
*,2244,21,21236,1083,-724,0,2,-1,
*,2244,21,21236,-609,-1031,0,2,-1,
*,2244,21,21236,-851,-874,0,2,-1,
*,2244,21,21236,-1101,-1045,0,2,-1,
*,2244,21,21236,-615,-724,0,2,-1,
*,2244,21,21236,-1077,-695,0,2,-1,
*,2244,21,21236,-1077,1047,0,2,-1,
*,2244,21,21236,-615,1018,0,2,-1,
*,2244,21,21236,-1101,697,0,2,-1,
*,2244,21,21236,-851,868,0,2,-1,
*,2244,21,21236,-609,711,0,2,-1,
*,2244,21,21236,1012,711,0,2,-1,
*,2244,21,21236,770,868,0,2,-1,
*,2244,21,21236,520,697,0,2,-1,
*,2244,21,21236,1005,1018,0,2,-1,
*,2244,21,21236,543,1047,0,2,-1,
*,2244,22,21236,597,-1045,0,2,-1,
*,2244,22,21236,1090,-1031,0,2,-1,
*,2244,22,21236,847,-874,0,2,-1,
*,2244,22,21236,621,-695,0,2,-1,
*,2244,22,21236,1083,-724,0,2,-1,
*,2244,22,21236,-609,-1031,0,2,-1,
*,2244,22,21236,-851,-874,0,2,-1,
*,2244,22,21236,-1101,-1045,0,2,-1,
*,2244,22,21236,-615,-724,0,2,-1,
*,2244,22,21236,-1077,-695,0,2,-1,
*,2244,22,21236,-1077,1047,0,2,-1,
*,2244,22,21236,-615,1018,0,2,-1,
*,2244,22,21236,-1101,697,0,2,-1,
*,2244,22,21236,-851,868,0,2,-1,
*,2244,22,21236,-609,711,0,2,-1,
*,2244,22,21236,1012,711,0,2,-1,
*,2244,22,21236,770,868,0,2,-1,
*,2244,22,21236,520,697,0,2,-1,
*,2244,22,21236,1005,1018,0,2,-1,
*,2244,22,21236,543,1047,0,2,-1,
*,2244,23,21236,597,-1045,0,2,-1,
*,2244,23,21236,1090,-1031,0,2,-1,
*,2244,23,21236,847,-874,0,2,-1,
*,2244,23,21236,621,-695,0,2,-1,
*,2244,23,21236,1083,-724,0,2,-1,
*,2244,23,21236,-609,-1031,0,2,-1,
*,2244,23,21236,-851,-874,0,2,-1,
*,2244,23,21236,-1101,-1045,0,2,-1,
*,2244,23,21236,-615,-724,0,2,-1,
*,2244,23,21236,-1077,-695,0,2,-1,
*,2244,23,21236,-1077,1047,0,2,-1,
*,2244,23,21236,-615,1018,0,2,-1,
*,2244,23,21236,-1101,697,0,2,-1,
*,2244,23,21236,-851,868,0,2,-1,
*,2244,23,21236,-609,711,0,2,-1,
*,2244,23,21236,1012,711,0,2,-1,
*,2244,23,21236,770,868,0,2,-1,
*,2244,23,21236,520,697,0,2,-1,
*,2244,23,21236,1005,1018,0,2,-1,
*,2244,23,21236,543,1047,0,2,-1,
*,2244,24,21236,597,-1045,0,2,-1,
*,2244,24,21236,1090,-1031,0,2,-1,
*,2244,24,21236,847,-874,0,2,-1,
*,2244,24,21236,621,-695,0,2,-1,
*,2244,24,21236,1083,-724,0,2,-1,
*,2244,24,21236,-609,-1031,0,2,-1,
*,2244,24,21236,-851,-874,0,2,-1,
*,2244,24,21236,-1101,-1045,0,2,-1,
*,2244,24,21236,-615,-724,0,2,-1,
*,2244,24,21236,-1077,-695,0,2,-1,
*,2244,24,21236,-1077,1047,0,2,-1,
*,2244,24,21236,-615,1018,0,2,-1,
*,2244,24,21236,-1101,697,0,2,-1,
*,2244,24,21236,-851,868,0,2,-1,
*,2244,24,21236,-609,711,0,2,-1,
*,2244,24,21236,1012,711,0,2,-1,
*,2244,24,21236,770,868,0,2,-1,
*,2244,24,21236,520,697,0,2,-1,
*,2244,24,21236,1005,1018,0,2,-1,
*,2244,24,21236,543,1047,0,2,-1,
*,2244,25,21237,597,-1045,0,2,-1,
*,2244,25,21237,1090,-1031,0,2,-1,
*,2244,25,21237,847,-874,0,2,-1,
*,2244,25,21237,621,-695,0,2,-1,
*,2244,25,21237,1083,-724,0,2,-1,
*,2244,25,21237,-586,-1031,0,2,-1,
*,2244,25,21237,-828,-874,0,2,-1,
*,2244,25,21237,-1078,-1045,0,2,-1,
*,2244,25,21237,-592,-724,0,2,-1,
*,2244,25,21237,-1055,-695,0,2,-1,
*,2244,25,21237,-1055,1058,0,2,-1,
*,2244,25,21237,-592,1030,0,2,-1,
*,2244,25,21237,-1078,708,0,2,-1,
*,2244,25,21237,-828,879,0,2,-1,
*,2244,25,21237,-586,722,0,2,-1,
*,2244,25,21237,1044,722,0,2,-1,
*,2244,25,21237,802,879,0,2,-1,
*,2244,25,21237,552,708,0,2,-1,
*,2244,25,21237,1037,1030,0,2,-1,
*,2244,25,21237,575,1058,0,2,-1,
*,2244,26,21237,597,-1045,0,2,-1,
*,2244,26,21237,1090,-1031,0,2,-1,
*,2244,26,21237,847,-874,0,2,-1,
*,2244,26,21237,621,-695,0,2,-1,
*,2244,26,21237,1083,-724,0,2,-1,
*,2244,26,21237,-586,-1031,0,2,-1,
*,2244,26,21237,-828,-874,0,2,-1,
*,2244,26,21237,-1078,-1045,0,2,-1,
*,2244,26,21237,-592,-724,0,2,-1,
*,2244,26,21237,-1055,-695,0,2,-1,
*,2244,26,21237,-1055,1058,0,2,-1,
*,2244,26,21237,-592,1030,0,2,-1,
*,2244,26,21237,-1078,708,0,2,-1,
*,2244,26,21237,-828,879,0,2,-1,
*,2244,26,21237,-586,722,0,2,-1,
*,2244,26,21237,1044,722,0,2,-1,
*,2244,26,21237,802,879,0,2,-1,
*,2244,26,21237,552,708,0,2,-1,
*,2244,26,21237,1037,1030,0,2,-1,
*,2244,26,21237,575,1058,0,2,-1,
*,2244,27,21237,597,-1045,0,2,-1,
*,2244,27,21237,1090,-1031,0,2,-1,
*,2244,27,21237,847,-874,0,2,-1,
*,2244,27,21237,621,-695,0,2,-1,
*,2244,27,21237,1083,-724,0,2,-1,
*,2244,27,21237,-586,-1031,0,2,-1,
*,2244,27,21237,-828,-874,0,2,-1,
*,2244,27,21237,-1078,-1045,0,2,-1,
*,2244,27,21237,-592,-724,0,2,-1,
*,2244,27,21237,-1055,-695,0,2,-1,
*,2244,27,21237,-1055,1058,0,2,-1,
*,2244,27,21237,-592,1030,0,2,-1,
*,2244,27,21237,-1078,708,0,2,-1,
*,2244,27,21237,-828,879,0,2,-1,
*,2244,27,21237,-586,722,0,2,-1,
*,2244,27,21237,1044,722,0,2,-1,
*,2244,27,21237,802,879,0,2,-1,
*,2244,27,21237,552,708,0,2,-1,
*,2244,27,21237,1037,1030,0,2,-1,
*,2244,27,21237,575,1058,0,2,-1,
*,2244,28,21237,597,-1045,0,2,-1,
*,2244,28,21237,1090,-1031,0,2,-1,
*,2244,28,21237,847,-874,0,2,-1,
*,2244,28,21237,621,-695,0,2,-1,
*,2244,28,21237,1083,-724,0,2,-1,
*,2244,28,21237,-586,-1031,0,2,-1,
*,2244,28,21237,-828,-874,0,2,-1,
*,2244,28,21237,-1078,-1045,0,2,-1,
*,2244,28,21237,-592,-724,0,2,-1,
*,2244,28,21237,-1055,-695,0,2,-1,
*,2244,28,21237,-1055,1058,0,2,-1,
*,2244,28,21237,-592,1030,0,2,-1,
*,2244,28,21237,-1078,708,0,2,-1,
*,2244,28,21237,-828,879,0,2,-1,
*,2244,28,21237,-586,722,0,2,-1,
*,2244,28,21237,1044,722,0,2,-1,
*,2244,28,21237,802,879,0,2,-1,
*,2244,28,21237,552,708,0,2,-1,
*,2244,28,21237,1037,1030,0,2,-1,
*,2244,28,21237,575,1058,0,2,-1,
*,2251,1,21301,597,-1045,0,2,-1,
*,2251,1,21301,1090,-1031,0,2,-1,
*,2251,1,21301,847,-874,0,2,-1,
*,2251,1,21301,621,-695,0,2,-1,
*,2251,1,21301,1083,-724,0,2,-1,
*,2251,2,21301,597,-1045,0,2,-1,
*,2251,2,21301,1090,-1031,0,2,-1,
*,2251,2,21301,847,-874,0,2,-1,
*,2251,2,21301,621,-695,0,2,-1,
*,2251,2,21301,1083,-724,0,2,-1,
*,2251,3,21301,597,-1045,0,2,-1,
*,2251,3,21301,1090,-1031,0,2,-1,
*,2251,3,21301,847,-874,0,2,-1,
*,2251,3,21301,621,-695,0,2,-1,
*,2251,3,21301,1083,-724,0,2,-1,
*,2251,4,21301,597,-1045,0,2,-1,
*,2251,4,21301,1090,-1031,0,2,-1,
*,2251,4,21301,847,-874,0,2,-1,
*,2251,4,21301,621,-695,0,2,-1,
*,2251,4,21301,1083,-724,0,2,-1,
*,2251,5,21302,-1047,-1045,0,2,-1,
*,2251,5,21302,-555,-1031,0,2,-1,
*,2251,5,21302,-797,-874,0,2,-1,
*,2251,5,21302,-1023,-695,0,2,-1,
*,2251,5,21302,-561,-724,0,2,-1,
*,2251,6,21302,-1047,-1045,0,2,-1,
*,2251,6,21302,-555,-1031,0,2,-1,
*,2251,6,21302,-797,-874,0,2,-1,
*,2251,6,21302,-1023,-695,0,2,-1,
*,2251,6,21302,-561,-724,0,2,-1,
*,2251,7,21302,-1047,-1045,0,2,-1,
*,2251,7,21302,-555,-1031,0,2,-1,
*,2251,7,21302,-797,-874,0,2,-1,
*,2251,7,21302,-1023,-695,0,2,-1,
*,2251,7,21302,-561,-724,0,2,-1,
*,2251,8,21302,-1047,-1045,0,2,-1,
*,2251,8,21302,-555,-1031,0,2,-1,
*,2251,8,21302,-797,-874,0,2,-1,
*,2251,8,21302,-1023,-695,0,2,-1,
*,2251,8,21302,-561,-724,0,2,-1,
*,2251,9,21303,-1084,636,0,2,-1,
*,2251,9,21303,-591,650,0,2,-1,
*,2251,9,21303,-834,807,0,2,-1,
*,2251,9,21303,-1060,986,0,2,-1,
*,2251,9,21303,-598,957,0,2,-1,
*,2251,10,21303,-1084,636,0,2,-1,
*,2251,10,21303,-591,650,0,2,-1,
*,2251,10,21303,-834,807,0,2,-1,
*,2251,10,21303,-1060,986,0,2,-1,
*,2251,10,21303,-598,957,0,2,-1,
*,2251,11,21303,-1084,636,0,2,-1,
*,2251,11,21303,-591,650,0,2,-1,
*,2251,11,21303,-834,807,0,2,-1,
*,2251,11,21303,-1060,986,0,2,-1,
*,2251,11,21303,-598,957,0,2,-1,
*,2251,12,21303,-1084,636,0,2,-1,
*,2251,12,21303,-591,650,0,2,-1,
*,2251,12,21303,-834,807,0,2,-1,
*,2251,12,21303,-1060,986,0,2,-1,
*,2251,12,21303,-598,957,0,2,-1,
*,2251,13,21304,596,636,0,2,-1,
*,2251,13,21304,1088,650,0,2,-1,
*,2251,13,21304,846,807,0,2,-1,
*,2251,13,21304,619,986,0,2,-1,
*,2251,13,21304,1082,957,0,2,-1,
*,2251,14,21304,596,636,0,2,-1,
*,2251,14,21304,1088,650,0,2,-1,
*,2251,14,21304,846,807,0,2,-1,
*,2251,14,21304,619,986,0,2,-1,
*,2251,14,21304,1082,957,0,2,-1,
*,2251,15,21304,596,636,0,2,-1,
*,2251,15,21304,1088,650,0,2,-1,
*,2251,15,21304,846,807,0,2,-1,
*,2251,15,21304,619,986,0,2,-1,
*,2251,15,21304,1082,957,0,2,-1,
*,2251,16,21304,596,636,0,2,-1,
*,2251,16,21304,1088,650,0,2,-1,
*,2251,16,21304,846,807,0,2,-1,
*,2251,16,21304,619,986,0,2,-1,
*,2251,16,21304,1082,957,0,2,-1,
*,2251,17,21305,597,-1044,0,2,-1,
*,2251,17,21305,1090,-1030,0,2,-1,
*,2251,17,21305,847,-873,0,2,-1,
*,2251,17,21305,621,-694,0,2,-1,
*,2251,17,21305,1083,-723,0,2,-1,
*,2251,18,21305,597,-1044,0,2,-1,
*,2251,18,21305,1090,-1030,0,2,-1,
*,2251,18,21305,847,-873,0,2,-1,
*,2251,18,21305,621,-694,0,2,-1,
*,2251,18,21305,1083,-723,0,2,-1,
*,2251,19,21305,597,-1044,0,2,-1,
*,2251,19,21305,1090,-1030,0,2,-1,
*,2251,19,21305,847,-873,0,2,-1,
*,2251,19,21305,621,-694,0,2,-1,
*,2251,19,21305,1083,-723,0,2,-1,
*,2251,20,21305,597,-1044,0,2,-1,
*,2251,20,21305,1090,-1030,0,2,-1,
*,2251,20,21305,847,-873,0,2,-1,
*,2251,20,21305,621,-694,0,2,-1,
*,2251,20,21305,1083,-723,0,2,-1,
*,2251,21,21306,-1037,-1044,0,2,-1,
*,2251,21,21306,-544,-1030,0,2,-1,
*,2251,21,21306,-787,-873,0,2,-1,
*,2251,21,21306,-1013,-694,0,2,-1,
*,2251,21,21306,-551,-723,0,2,-1,
*,2251,22,21306,-1037,-1044,0,2,-1,
*,2251,22,21306,-544,-1030,0,2,-1,
*,2251,22,21306,-787,-873,0,2,-1,
*,2251,22,21306,-1013,-694,0,2,-1,
*,2251,22,21306,-551,-723,0,2,-1,
*,2251,23,21306,-1037,-1044,0,2,-1,
*,2251,23,21306,-544,-1030,0,2,-1,
*,2251,23,21306,-787,-873,0,2,-1,
*,2251,23,21306,-1013,-694,0,2,-1,
*,2251,23,21306,-551,-723,0,2,-1,
*,2251,24,21306,-1037,-1044,0,2,-1,
*,2251,24,21306,-544,-1030,0,2,-1,
*,2251,24,21306,-787,-873,0,2,-1,
*,2251,24,21306,-1013,-694,0,2,-1,
*,2251,24,21306,-551,-723,0,2,-1,
*,2251,25,21307,-1079,647,0,2,-1,
*,2251,25,21307,-586,661,0,2,-1,
*,2251,25,21307,-829,818,0,2,-1,
*,2251,25,21307,-1055,997,0,2,-1,
*,2251,25,21307,-593,968,0,2,-1,
*,2251,26,21307,-1079,647,0,2,-1,
*,2251,26,21307,-586,661,0,2,-1,
*,2251,26,21307,-829,818,0,2,-1,
*,2251,26,21307,-1055,997,0,2,-1,
*,2251,26,21307,-593,968,0,2,-1,
*,2251,27,21307,-1079,647,0,2,-1,
*,2251,27,21307,-586,661,0,2,-1,
*,2251,27,21307,-829,818,0,2,-1,
*,2251,27,21307,-1055,997,0,2,-1,
*,2251,27,21307,-593,968,0,2,-1,
*,2251,28,21307,-1079,647,0,2,-1,
*,2251,28,21307,-586,661,0,2,-1,
*,2251,28,21307,-829,818,0,2,-1,
*,2251,28,21307,-1055,997,0,2,-1,
*,2251,28,21307,-593,968,0,2,-1,
*,2252,1,21311,495,-1045,0,2,-1,
*,2252,1,21311,987,-1031,0,2,-1,
*,2252,1,21311,745,-874,0,2,-1,
*,2252,1,21311,518,-695,0,2,-1,
*,2252,1,21311,981,-724,0,2,-1,
*,2252,1,21311,-1069,-695,0,2,-1,
*,2252,1,21311,-607,-724,0,2,-1,
*,2252,1,21311,-1093,-1045,0,2,-1,
*,2252,1,21311,-843,-874,0,2,-1,
*,2252,1,21311,-600,-1031,0,2,-1,
*,2252,2,21311,495,-1045,0,2,-1,
*,2252,2,21311,987,-1031,0,2,-1,
*,2252,2,21311,745,-874,0,2,-1,
*,2252,2,21311,518,-695,0,2,-1,
*,2252,2,21311,981,-724,0,2,-1,
*,2252,2,21311,-1069,-695,0,2,-1,
*,2252,2,21311,-607,-724,0,2,-1,
*,2252,2,21311,-1093,-1045,0,2,-1,
*,2252,2,21311,-843,-874,0,2,-1,
*,2252,2,21311,-600,-1031,0,2,-1,
*,2252,3,21311,495,-1045,0,2,-1,
*,2252,3,21311,987,-1031,0,2,-1,
*,2252,3,21311,745,-874,0,2,-1,
*,2252,3,21311,518,-695,0,2,-1,
*,2252,3,21311,981,-724,0,2,-1,
*,2252,3,21311,-1069,-695,0,2,-1,
*,2252,3,21311,-607,-724,0,2,-1,
*,2252,3,21311,-1093,-1045,0,2,-1,
*,2252,3,21311,-843,-874,0,2,-1,
*,2252,3,21311,-600,-1031,0,2,-1,
*,2252,4,21311,495,-1045,0,2,-1,
*,2252,4,21311,987,-1031,0,2,-1,
*,2252,4,21311,745,-874,0,2,-1,
*,2252,4,21311,518,-695,0,2,-1,
*,2252,4,21311,981,-724,0,2,-1,
*,2252,4,21311,-1069,-695,0,2,-1,
*,2252,4,21311,-607,-724,0,2,-1,
*,2252,4,21311,-1093,-1045,0,2,-1,
*,2252,4,21311,-843,-874,0,2,-1,
*,2252,4,21311,-600,-1031,0,2,-1,
*,2252,5,21312,-1069,-695,0,2,-1,
*,2252,5,21312,-607,-724,0,2,-1,
*,2252,5,21312,-1093,-1045,0,2,-1,
*,2252,5,21312,-843,-874,0,2,-1,
*,2252,5,21312,-600,-1031,0,2,-1,
*,2252,5,21312,-600,689,0,2,-1,
*,2252,5,21312,-843,847,0,2,-1,
*,2252,5,21312,-1093,675,0,2,-1,
*,2252,5,21312,-607,997,0,2,-1,
*,2252,5,21312,-1069,1026,0,2,-1,
*,2252,6,21312,-1069,-695,0,2,-1,
*,2252,6,21312,-607,-724,0,2,-1,
*,2252,6,21312,-1093,-1045,0,2,-1,
*,2252,6,21312,-843,-874,0,2,-1,
*,2252,6,21312,-600,-1031,0,2,-1,
*,2252,6,21312,-600,689,0,2,-1,
*,2252,6,21312,-843,847,0,2,-1,
*,2252,6,21312,-1093,675,0,2,-1,
*,2252,6,21312,-607,997,0,2,-1,
*,2252,6,21312,-1069,1026,0,2,-1,
*,2252,7,21312,-1069,-695,0,2,-1,
*,2252,7,21312,-607,-724,0,2,-1,
*,2252,7,21312,-1093,-1045,0,2,-1,
*,2252,7,21312,-843,-874,0,2,-1,
*,2252,7,21312,-600,-1031,0,2,-1,
*,2252,7,21312,-600,689,0,2,-1,
*,2252,7,21312,-843,847,0,2,-1,
*,2252,7,21312,-1093,675,0,2,-1,
*,2252,7,21312,-607,997,0,2,-1,
*,2252,7,21312,-1069,1026,0,2,-1,
*,2252,8,21312,-1069,-695,0,2,-1,
*,2252,8,21312,-607,-724,0,2,-1,
*,2252,8,21312,-1093,-1045,0,2,-1,
*,2252,8,21312,-843,-874,0,2,-1,
*,2252,8,21312,-600,-1031,0,2,-1,
*,2252,8,21312,-600,689,0,2,-1,
*,2252,8,21312,-843,847,0,2,-1,
*,2252,8,21312,-1093,675,0,2,-1,
*,2252,8,21312,-607,997,0,2,-1,
*,2252,8,21312,-1069,1026,0,2,-1,
*,2252,9,21313,-600,689,0,2,-1,
*,2252,9,21313,-843,847,0,2,-1,
*,2252,9,21313,-1093,675,0,2,-1,
*,2252,9,21313,-607,997,0,2,-1,
*,2252,9,21313,-1069,1026,0,2,-1,
*,2252,9,21313,495,1026,0,2,-1,
*,2252,9,21313,957,997,0,2,-1,
*,2252,9,21313,471,675,0,2,-1,
*,2252,9,21313,721,847,0,2,-1,
*,2252,9,21313,964,689,0,2,-1,
*,2252,10,21313,-600,689,0,2,-1,
*,2252,10,21313,-843,847,0,2,-1,
*,2252,10,21313,-1093,675,0,2,-1,
*,2252,10,21313,-607,997,0,2,-1,
*,2252,10,21313,-1069,1026,0,2,-1,
*,2252,10,21313,495,1026,0,2,-1,
*,2252,10,21313,957,997,0,2,-1,
*,2252,10,21313,471,675,0,2,-1,
*,2252,10,21313,721,847,0,2,-1,
*,2252,10,21313,964,689,0,2,-1,
*,2252,11,21313,-600,689,0,2,-1,
*,2252,11,21313,-843,847,0,2,-1,
*,2252,11,21313,-1093,675,0,2,-1,
*,2252,11,21313,-607,997,0,2,-1,
*,2252,11,21313,-1069,1026,0,2,-1,
*,2252,11,21313,495,1026,0,2,-1,
*,2252,11,21313,957,997,0,2,-1,
*,2252,11,21313,471,675,0,2,-1,
*,2252,11,21313,721,847,0,2,-1,
*,2252,11,21313,964,689,0,2,-1,
*,2252,12,21313,-600,689,0,2,-1,
*,2252,12,21313,-843,847,0,2,-1,
*,2252,12,21313,-1093,675,0,2,-1,
*,2252,12,21313,-607,997,0,2,-1,
*,2252,12,21313,-1069,1026,0,2,-1,
*,2252,12,21313,495,1026,0,2,-1,
*,2252,12,21313,957,997,0,2,-1,
*,2252,12,21313,471,675,0,2,-1,
*,2252,12,21313,721,847,0,2,-1,
*,2252,12,21313,964,689,0,2,-1,
*,2252,13,21314,495,1026,0,2,-1,
*,2252,13,21314,957,997,0,2,-1,
*,2252,13,21314,471,675,0,2,-1,
*,2252,13,21314,721,847,0,2,-1,
*,2252,13,21314,964,689,0,2,-1,
*,2252,13,21314,964,-1027,0,2,-1,
*,2252,13,21314,721,-870,0,2,-1,
*,2252,13,21314,471,-1041,0,2,-1,
*,2252,13,21314,957,-719,0,2,-1,
*,2252,13,21314,495,-690,0,2,-1,
*,2252,14,21314,495,1026,0,2,-1,
*,2252,14,21314,957,997,0,2,-1,
*,2252,14,21314,471,675,0,2,-1,
*,2252,14,21314,721,847,0,2,-1,
*,2252,14,21314,964,689,0,2,-1,
*,2252,14,21314,964,-1027,0,2,-1,
*,2252,14,21314,721,-870,0,2,-1,
*,2252,14,21314,471,-1041,0,2,-1,
*,2252,14,21314,957,-719,0,2,-1,
*,2252,14,21314,495,-690,0,2,-1,
*,2252,15,21314,495,1026,0,2,-1,
*,2252,15,21314,957,997,0,2,-1,
*,2252,15,21314,471,675,0,2,-1,
*,2252,15,21314,721,847,0,2,-1,
*,2252,15,21314,964,689,0,2,-1,
*,2252,15,21314,964,-1027,0,2,-1,
*,2252,15,21314,721,-870,0,2,-1,
*,2252,15,21314,471,-1041,0,2,-1,
*,2252,15,21314,957,-719,0,2,-1,
*,2252,15,21314,495,-690,0,2,-1,
*,2252,16,21314,495,1026,0,2,-1,
*,2252,16,21314,957,997,0,2,-1,
*,2252,16,21314,471,675,0,2,-1,
*,2252,16,21314,721,847,0,2,-1,
*,2252,16,21314,964,689,0,2,-1,
*,2252,16,21314,964,-1027,0,2,-1,
*,2252,16,21314,721,-870,0,2,-1,
*,2252,16,21314,471,-1041,0,2,-1,
*,2252,16,21314,957,-719,0,2,-1,
*,2252,16,21314,495,-690,0,2,-1,
*,2252,17,21315,964,-1027,0,2,-1,
*,2252,17,21315,721,-870,0,2,-1,
*,2252,17,21315,471,-1041,0,2,-1,
*,2252,17,21315,957,-719,0,2,-1,
*,2252,17,21315,495,-690,0,2,-1,
*,2252,17,21315,-1075,-690,0,2,-1,
*,2252,17,21315,-612,-719,0,2,-1,
*,2252,17,21315,-1098,-1041,0,2,-1,
*,2252,17,21315,-848,-870,0,2,-1,
*,2252,17,21315,-606,-1027,0,2,-1,
*,2252,18,21315,964,-1027,0,2,-1,
*,2252,18,21315,721,-870,0,2,-1,
*,2252,18,21315,471,-1041,0,2,-1,
*,2252,18,21315,957,-719,0,2,-1,
*,2252,18,21315,495,-690,0,2,-1,
*,2252,18,21315,-1075,-690,0,2,-1,
*,2252,18,21315,-612,-719,0,2,-1,
*,2252,18,21315,-1098,-1041,0,2,-1,
*,2252,18,21315,-848,-870,0,2,-1,
*,2252,18,21315,-606,-1027,0,2,-1,
*,2252,19,21315,964,-1027,0,2,-1,
*,2252,19,21315,721,-870,0,2,-1,
*,2252,19,21315,471,-1041,0,2,-1,
*,2252,19,21315,957,-719,0,2,-1,
*,2252,19,21315,495,-690,0,2,-1,
*,2252,19,21315,-1075,-690,0,2,-1,
*,2252,19,21315,-612,-719,0,2,-1,
*,2252,19,21315,-1098,-1041,0,2,-1,
*,2252,19,21315,-848,-870,0,2,-1,
*,2252,19,21315,-606,-1027,0,2,-1,
*,2252,20,21315,964,-1027,0,2,-1,
*,2252,20,21315,721,-870,0,2,-1,
*,2252,20,21315,471,-1041,0,2,-1,
*,2252,20,21315,957,-719,0,2,-1,
*,2252,20,21315,495,-690,0,2,-1,
*,2252,20,21315,-1075,-690,0,2,-1,
*,2252,20,21315,-612,-719,0,2,-1,
*,2252,20,21315,-1098,-1041,0,2,-1,
*,2252,20,21315,-848,-870,0,2,-1,
*,2252,20,21315,-606,-1027,0,2,-1,
*,2252,21,21316,-1075,-690,0,2,-1,
*,2252,21,21316,-612,-719,0,2,-1,
*,2252,21,21316,-1098,-1041,0,2,-1,
*,2252,21,21316,-848,-870,0,2,-1,
*,2252,21,21316,-606,-1027,0,2,-1,
*,2252,21,21316,-606,691,0,2,-1,
*,2252,21,21316,-848,848,0,2,-1,
*,2252,21,21316,-1098,677,0,2,-1,
*,2252,21,21316,-612,999,0,2,-1,
*,2252,21,21316,-1075,1027,0,2,-1,
*,2252,22,21316,-1075,-690,0,2,-1,
*,2252,22,21316,-612,-719,0,2,-1,
*,2252,22,21316,-1098,-1041,0,2,-1,
*,2252,22,21316,-848,-870,0,2,-1,
*,2252,22,21316,-606,-1027,0,2,-1,
*,2252,22,21316,-606,691,0,2,-1,
*,2252,22,21316,-848,848,0,2,-1,
*,2252,22,21316,-1098,677,0,2,-1,
*,2252,22,21316,-612,999,0,2,-1,
*,2252,22,21316,-1075,1027,0,2,-1,
*,2252,23,21316,-1075,-690,0,2,-1,
*,2252,23,21316,-612,-719,0,2,-1,
*,2252,23,21316,-1098,-1041,0,2,-1,
*,2252,23,21316,-848,-870,0,2,-1,
*,2252,23,21316,-606,-1027,0,2,-1,
*,2252,23,21316,-606,691,0,2,-1,
*,2252,23,21316,-848,848,0,2,-1,
*,2252,23,21316,-1098,677,0,2,-1,
*,2252,23,21316,-612,999,0,2,-1,
*,2252,23,21316,-1075,1027,0,2,-1,
*,2252,24,21316,-1075,-690,0,2,-1,
*,2252,24,21316,-612,-719,0,2,-1,
*,2252,24,21316,-1098,-1041,0,2,-1,
*,2252,24,21316,-848,-870,0,2,-1,
*,2252,24,21316,-606,-1027,0,2,-1,
*,2252,24,21316,-606,691,0,2,-1,
*,2252,24,21316,-848,848,0,2,-1,
*,2252,24,21316,-1098,677,0,2,-1,
*,2252,24,21316,-612,999,0,2,-1,
*,2252,24,21316,-1075,1027,0,2,-1,
*,2252,25,21317,-1075,1027,0,2,-1,
*,2252,25,21317,-612,998,0,2,-1,
*,2252,25,21317,-1098,676,0,2,-1,
*,2252,25,21317,-848,847,0,2,-1,
*,2252,25,21317,-606,690,0,2,-1,
*,2252,25,21317,978,690,0,2,-1,
*,2252,25,21317,736,847,0,2,-1,
*,2252,25,21317,486,676,0,2,-1,
*,2252,25,21317,972,998,0,2,-1,
*,2252,25,21317,510,1027,0,2,-1,
*,2252,26,21317,-1075,1027,0,2,-1,
*,2252,26,21317,-612,998,0,2,-1,
*,2252,26,21317,-1098,676,0,2,-1,
*,2252,26,21317,-848,847,0,2,-1,
*,2252,26,21317,-606,690,0,2,-1,
*,2252,26,21317,978,690,0,2,-1,
*,2252,26,21317,736,847,0,2,-1,
*,2252,26,21317,486,676,0,2,-1,
*,2252,26,21317,972,998,0,2,-1,
*,2252,26,21317,510,1027,0,2,-1,
*,2252,27,21317,-1075,1027,0,2,-1,
*,2252,27,21317,-612,998,0,2,-1,
*,2252,27,21317,-1098,676,0,2,-1,
*,2252,27,21317,-848,847,0,2,-1,
*,2252,27,21317,-606,690,0,2,-1,
*,2252,27,21317,978,690,0,2,-1,
*,2252,27,21317,736,847,0,2,-1,
*,2252,27,21317,486,676,0,2,-1,
*,2252,27,21317,972,998,0,2,-1,
*,2252,27,21317,510,1027,0,2,-1,
*,2252,28,21317,-1075,1027,0,2,-1,
*,2252,28,21317,-612,998,0,2,-1,
*,2252,28,21317,-1098,676,0,2,-1,
*,2252,28,21317,-848,847,0,2,-1,
*,2252,28,21317,-606,690,0,2,-1,
*,2252,28,21317,978,690,0,2,-1,
*,2252,28,21317,736,847,0,2,-1,
*,2252,28,21317,486,676,0,2,-1,
*,2252,28,21317,972,998,0,2,-1,
*,2252,28,21317,510,1027,0,2,-1,
*,2253,1,21321,495,-1045,0,2,-1,
*,2253,1,21321,987,-1031,0,2,-1,
*,2253,1,21321,745,-874,0,2,-1,
*,2253,1,21321,518,-695,0,2,-1,
*,2253,1,21321,981,-724,0,2,-1,
*,2253,1,21321,-1020,-695,0,2,-1,
*,2253,1,21321,-557,-724,0,2,-1,
*,2253,1,21321,-1043,-1045,0,2,-1,
*,2253,1,21321,-793,-874,0,2,-1,
*,2253,1,21321,-551,-1031,0,2,-1,
*,2253,1,21321,-551,693,0,2,-1,
*,2253,1,21321,-793,851,0,2,-1,
*,2253,1,21321,-1043,679,0,2,-1,
*,2253,1,21321,-557,1001,0,2,-1,
*,2253,1,21321,-1020,1030,0,2,-1,
*,2253,2,21321,495,-1045,0,2,-1,
*,2253,2,21321,987,-1031,0,2,-1,
*,2253,2,21321,745,-874,0,2,-1,
*,2253,2,21321,518,-695,0,2,-1,
*,2253,2,21321,981,-724,0,2,-1,
*,2253,2,21321,-1020,-695,0,2,-1,
*,2253,2,21321,-557,-724,0,2,-1,
*,2253,2,21321,-1043,-1045,0,2,-1,
*,2253,2,21321,-793,-874,0,2,-1,
*,2253,2,21321,-551,-1031,0,2,-1,
*,2253,2,21321,-551,693,0,2,-1,
*,2253,2,21321,-793,851,0,2,-1,
*,2253,2,21321,-1043,679,0,2,-1,
*,2253,2,21321,-557,1001,0,2,-1,
*,2253,2,21321,-1020,1030,0,2,-1,
*,2253,3,21321,495,-1045,0,2,-1,
*,2253,3,21321,987,-1031,0,2,-1,
*,2253,3,21321,745,-874,0,2,-1,
*,2253,3,21321,518,-695,0,2,-1,
*,2253,3,21321,981,-724,0,2,-1,
*,2253,3,21321,-1020,-695,0,2,-1,
*,2253,3,21321,-557,-724,0,2,-1,
*,2253,3,21321,-1043,-1045,0,2,-1,
*,2253,3,21321,-793,-874,0,2,-1,
*,2253,3,21321,-551,-1031,0,2,-1,
*,2253,3,21321,-551,693,0,2,-1,
*,2253,3,21321,-793,851,0,2,-1,
*,2253,3,21321,-1043,679,0,2,-1,
*,2253,3,21321,-557,1001,0,2,-1,
*,2253,3,21321,-1020,1030,0,2,-1,
*,2253,4,21321,495,-1045,0,2,-1,
*,2253,4,21321,987,-1031,0,2,-1,
*,2253,4,21321,745,-874,0,2,-1,
*,2253,4,21321,518,-695,0,2,-1,
*,2253,4,21321,981,-724,0,2,-1,
*,2253,4,21321,-1020,-695,0,2,-1,
*,2253,4,21321,-557,-724,0,2,-1,
*,2253,4,21321,-1043,-1045,0,2,-1,
*,2253,4,21321,-793,-874,0,2,-1,
*,2253,4,21321,-551,-1031,0,2,-1,
*,2253,4,21321,-551,693,0,2,-1,
*,2253,4,21321,-793,851,0,2,-1,
*,2253,4,21321,-1043,679,0,2,-1,
*,2253,4,21321,-557,1001,0,2,-1,
*,2253,4,21321,-1020,1030,0,2,-1,
*,2253,5,21322,-1020,-695,0,2,-1,
*,2253,5,21322,-557,-724,0,2,-1,
*,2253,5,21322,-1043,-1045,0,2,-1,
*,2253,5,21322,-793,-874,0,2,-1,
*,2253,5,21322,-551,-1031,0,2,-1,
*,2253,5,21322,-557,1013,0,2,-1,
*,2253,5,21322,-1043,691,0,2,-1,
*,2253,5,21322,-551,705,0,2,-1,
*,2253,5,21322,-1020,1041,0,2,-1,
*,2253,5,21322,-793,862,0,2,-1,
*,2253,5,21322,740,862,0,2,-1,
*,2253,5,21322,513,1041,0,2,-1,
*,2253,5,21322,982,705,0,2,-1,
*,2253,5,21322,490,691,0,2,-1,
*,2253,5,21322,975,1013,0,2,-1,
*,2253,6,21322,-1020,-695,0,2,-1,
*,2253,6,21322,-557,-724,0,2,-1,
*,2253,6,21322,-1043,-1045,0,2,-1,
*,2253,6,21322,-793,-874,0,2,-1,
*,2253,6,21322,-551,-1031,0,2,-1,
*,2253,6,21322,-557,1013,0,2,-1,
*,2253,6,21322,-1043,691,0,2,-1,
*,2253,6,21322,-551,705,0,2,-1,
*,2253,6,21322,-1020,1041,0,2,-1,
*,2253,6,21322,-793,862,0,2,-1,
*,2253,6,21322,740,862,0,2,-1,
*,2253,6,21322,513,1041,0,2,-1,
*,2253,6,21322,982,705,0,2,-1,
*,2253,6,21322,490,691,0,2,-1,
*,2253,6,21322,975,1013,0,2,-1,
*,2253,7,21322,-1020,-695,0,2,-1,
*,2253,7,21322,-557,-724,0,2,-1,
*,2253,7,21322,-1043,-1045,0,2,-1,
*,2253,7,21322,-793,-874,0,2,-1,
*,2253,7,21322,-551,-1031,0,2,-1,
*,2253,7,21322,-557,1013,0,2,-1,
*,2253,7,21322,-1043,691,0,2,-1,
*,2253,7,21322,-551,705,0,2,-1,
*,2253,7,21322,-1020,1041,0,2,-1,
*,2253,7,21322,-793,862,0,2,-1,
*,2253,7,21322,740,862,0,2,-1,
*,2253,7,21322,513,1041,0,2,-1,
*,2253,7,21322,982,705,0,2,-1,
*,2253,7,21322,490,691,0,2,-1,
*,2253,7,21322,975,1013,0,2,-1,
*,2253,8,21322,-1020,-695,0,2,-1,
*,2253,8,21322,-557,-724,0,2,-1,
*,2253,8,21322,-1043,-1045,0,2,-1,
*,2253,8,21322,-793,-874,0,2,-1,
*,2253,8,21322,-551,-1031,0,2,-1,
*,2253,8,21322,-557,1013,0,2,-1,
*,2253,8,21322,-1043,691,0,2,-1,
*,2253,8,21322,-551,705,0,2,-1,
*,2253,8,21322,-1020,1041,0,2,-1,
*,2253,8,21322,-793,862,0,2,-1,
*,2253,8,21322,740,862,0,2,-1,
*,2253,8,21322,513,1041,0,2,-1,
*,2253,8,21322,982,705,0,2,-1,
*,2253,8,21322,490,691,0,2,-1,
*,2253,8,21322,975,1013,0,2,-1,
*,2253,9,21323,-557,1013,0,2,-1,
*,2253,9,21323,-1043,691,0,2,-1,
*,2253,9,21323,-551,705,0,2,-1,
*,2253,9,21323,-1020,1041,0,2,-1,
*,2253,9,21323,-793,862,0,2,-1,
*,2253,9,21323,743,862,0,2,-1,
*,2253,9,21323,517,1041,0,2,-1,
*,2253,9,21323,986,705,0,2,-1,
*,2253,9,21323,493,691,0,2,-1,
*,2253,9,21323,979,1013,0,2,-1,
*,2253,9,21323,979,-729,0,2,-1,
*,2253,9,21323,493,-1051,0,2,-1,
*,2253,9,21323,986,-1037,0,2,-1,
*,2253,9,21323,517,-701,0,2,-1,
*,2253,9,21323,743,-880,0,2,-1,
*,2253,10,21323,-557,1013,0,2,-1,
*,2253,10,21323,-1043,691,0,2,-1,
*,2253,10,21323,-551,705,0,2,-1,
*,2253,10,21323,-1020,1041,0,2,-1,
*,2253,10,21323,-793,862,0,2,-1,
*,2253,10,21323,743,862,0,2,-1,
*,2253,10,21323,517,1041,0,2,-1,
*,2253,10,21323,986,705,0,2,-1,
*,2253,10,21323,493,691,0,2,-1,
*,2253,10,21323,979,1013,0,2,-1,
*,2253,10,21323,979,-729,0,2,-1,
*,2253,10,21323,493,-1051,0,2,-1,
*,2253,10,21323,986,-1037,0,2,-1,
*,2253,10,21323,517,-701,0,2,-1,
*,2253,10,21323,743,-880,0,2,-1,
*,2253,11,21323,-557,1013,0,2,-1,
*,2253,11,21323,-1043,691,0,2,-1,
*,2253,11,21323,-551,705,0,2,-1,
*,2253,11,21323,-1020,1041,0,2,-1,
*,2253,11,21323,-793,862,0,2,-1,
*,2253,11,21323,743,862,0,2,-1,
*,2253,11,21323,517,1041,0,2,-1,
*,2253,11,21323,986,705,0,2,-1,
*,2253,11,21323,493,691,0,2,-1,
*,2253,11,21323,979,1013,0,2,-1,
*,2253,11,21323,979,-729,0,2,-1,
*,2253,11,21323,493,-1051,0,2,-1,
*,2253,11,21323,986,-1037,0,2,-1,
*,2253,11,21323,517,-701,0,2,-1,
*,2253,11,21323,743,-880,0,2,-1,
*,2253,12,21323,-557,1013,0,2,-1,
*,2253,12,21323,-1043,691,0,2,-1,
*,2253,12,21323,-551,705,0,2,-1,
*,2253,12,21323,-1020,1041,0,2,-1,
*,2253,12,21323,-793,862,0,2,-1,
*,2253,12,21323,743,862,0,2,-1,
*,2253,12,21323,517,1041,0,2,-1,
*,2253,12,21323,986,705,0,2,-1,
*,2253,12,21323,493,691,0,2,-1,
*,2253,12,21323,979,1013,0,2,-1,
*,2253,12,21323,979,-729,0,2,-1,
*,2253,12,21323,493,-1051,0,2,-1,
*,2253,12,21323,986,-1037,0,2,-1,
*,2253,12,21323,517,-701,0,2,-1,
*,2253,12,21323,743,-880,0,2,-1,
*,2253,13,21324,743,862,0,2,-1,
*,2253,13,21324,517,1041,0,2,-1,
*,2253,13,21324,986,705,0,2,-1,
*,2253,13,21324,493,691,0,2,-1,
*,2253,13,21324,979,1013,0,2,-1,
*,2253,13,21324,979,-741,0,2,-1,
*,2253,13,21324,493,-1063,0,2,-1,
*,2253,13,21324,986,-1049,0,2,-1,
*,2253,13,21324,517,-713,0,2,-1,
*,2253,13,21324,743,-892,0,2,-1,
*,2253,13,21324,-805,-892,0,2,-1,
*,2253,13,21324,-1031,-713,0,2,-1,
*,2253,13,21324,-562,-1049,0,2,-1,
*,2253,13,21324,-1055,-1063,0,2,-1,
*,2253,13,21324,-569,-741,0,2,-1,
*,2253,14,21324,743,862,0,2,-1,
*,2253,14,21324,517,1041,0,2,-1,
*,2253,14,21324,986,705,0,2,-1,
*,2253,14,21324,493,691,0,2,-1,
*,2253,14,21324,979,1013,0,2,-1,
*,2253,14,21324,979,-741,0,2,-1,
*,2253,14,21324,493,-1063,0,2,-1,
*,2253,14,21324,986,-1049,0,2,-1,
*,2253,14,21324,517,-713,0,2,-1,
*,2253,14,21324,743,-892,0,2,-1,
*,2253,14,21324,-805,-892,0,2,-1,
*,2253,14,21324,-1031,-713,0,2,-1,
*,2253,14,21324,-562,-1049,0,2,-1,
*,2253,14,21324,-1055,-1063,0,2,-1,
*,2253,14,21324,-569,-741,0,2,-1,
*,2253,15,21324,743,862,0,2,-1,
*,2253,15,21324,517,1041,0,2,-1,
*,2253,15,21324,986,705,0,2,-1,
*,2253,15,21324,493,691,0,2,-1,
*,2253,15,21324,979,1013,0,2,-1,
*,2253,15,21324,979,-741,0,2,-1,
*,2253,15,21324,493,-1063,0,2,-1,
*,2253,15,21324,986,-1049,0,2,-1,
*,2253,15,21324,517,-713,0,2,-1,
*,2253,15,21324,743,-892,0,2,-1,
*,2253,15,21324,-805,-892,0,2,-1,
*,2253,15,21324,-1031,-713,0,2,-1,
*,2253,15,21324,-562,-1049,0,2,-1,
*,2253,15,21324,-1055,-1063,0,2,-1,
*,2253,15,21324,-569,-741,0,2,-1,
*,2253,16,21324,743,862,0,2,-1,
*,2253,16,21324,517,1041,0,2,-1,
*,2253,16,21324,986,705,0,2,-1,
*,2253,16,21324,493,691,0,2,-1,
*,2253,16,21324,979,1013,0,2,-1,
*,2253,16,21324,979,-741,0,2,-1,
*,2253,16,21324,493,-1063,0,2,-1,
*,2253,16,21324,986,-1049,0,2,-1,
*,2253,16,21324,517,-713,0,2,-1,
*,2253,16,21324,743,-892,0,2,-1,
*,2253,16,21324,-805,-892,0,2,-1,
*,2253,16,21324,-1031,-713,0,2,-1,
*,2253,16,21324,-562,-1049,0,2,-1,
*,2253,16,21324,-1055,-1063,0,2,-1,
*,2253,16,21324,-569,-741,0,2,-1,
*,2253,17,21325,979,-741,0,2,-1,
*,2253,17,21325,493,-1063,0,2,-1,
*,2253,17,21325,986,-1049,0,2,-1,
*,2253,17,21325,517,-713,0,2,-1,
*,2253,17,21325,743,-892,0,2,-1,
*,2253,17,21325,-815,-892,0,2,-1,
*,2253,17,21325,-1041,-713,0,2,-1,
*,2253,17,21325,-572,-1049,0,2,-1,
*,2253,17,21325,-1065,-1063,0,2,-1,
*,2253,17,21325,-579,-741,0,2,-1,
*,2253,17,21325,-579,1025,0,2,-1,
*,2253,17,21325,-1065,703,0,2,-1,
*,2253,17,21325,-572,717,0,2,-1,
*,2253,17,21325,-1041,1053,0,2,-1,
*,2253,17,21325,-815,874,0,2,-1,
*,2253,18,21325,979,-741,0,2,-1,
*,2253,18,21325,493,-1063,0,2,-1,
*,2253,18,21325,986,-1049,0,2,-1,
*,2253,18,21325,517,-713,0,2,-1,
*,2253,18,21325,743,-892,0,2,-1,
*,2253,18,21325,-815,-892,0,2,-1,
*,2253,18,21325,-1041,-713,0,2,-1,
*,2253,18,21325,-572,-1049,0,2,-1,
*,2253,18,21325,-1065,-1063,0,2,-1,
*,2253,18,21325,-579,-741,0,2,-1,
*,2253,18,21325,-579,1025,0,2,-1,
*,2253,18,21325,-1065,703,0,2,-1,
*,2253,18,21325,-572,717,0,2,-1,
*,2253,18,21325,-1041,1053,0,2,-1,
*,2253,18,21325,-815,874,0,2,-1,
*,2253,19,21325,979,-741,0,2,-1,
*,2253,19,21325,493,-1063,0,2,-1,
*,2253,19,21325,986,-1049,0,2,-1,
*,2253,19,21325,517,-713,0,2,-1,
*,2253,19,21325,743,-892,0,2,-1,
*,2253,19,21325,-815,-892,0,2,-1,
*,2253,19,21325,-1041,-713,0,2,-1,
*,2253,19,21325,-572,-1049,0,2,-1,
*,2253,19,21325,-1065,-1063,0,2,-1,
*,2253,19,21325,-579,-741,0,2,-1,
*,2253,19,21325,-579,1025,0,2,-1,
*,2253,19,21325,-1065,703,0,2,-1,
*,2253,19,21325,-572,717,0,2,-1,
*,2253,19,21325,-1041,1053,0,2,-1,
*,2253,19,21325,-815,874,0,2,-1,
*,2253,20,21325,979,-741,0,2,-1,
*,2253,20,21325,493,-1063,0,2,-1,
*,2253,20,21325,986,-1049,0,2,-1,
*,2253,20,21325,517,-713,0,2,-1,
*,2253,20,21325,743,-892,0,2,-1,
*,2253,20,21325,-815,-892,0,2,-1,
*,2253,20,21325,-1041,-713,0,2,-1,
*,2253,20,21325,-572,-1049,0,2,-1,
*,2253,20,21325,-1065,-1063,0,2,-1,
*,2253,20,21325,-579,-741,0,2,-1,
*,2253,20,21325,-579,1025,0,2,-1,
*,2253,20,21325,-1065,703,0,2,-1,
*,2253,20,21325,-572,717,0,2,-1,
*,2253,20,21325,-1041,1053,0,2,-1,
*,2253,20,21325,-815,874,0,2,-1,
*,2253,21,21326,-815,-892,0,2,-1,
*,2253,21,21326,-1041,-713,0,2,-1,
*,2253,21,21326,-572,-1049,0,2,-1,
*,2253,21,21326,-1065,-1063,0,2,-1,
*,2253,21,21326,-579,-741,0,2,-1,
*,2253,21,21326,-579,1015,0,2,-1,
*,2253,21,21326,-1065,693,0,2,-1,
*,2253,21,21326,-572,707,0,2,-1,
*,2253,21,21326,-1041,1043,0,2,-1,
*,2253,21,21326,-815,864,0,2,-1,
*,2253,21,21326,742,864,0,2,-1,
*,2253,21,21326,516,1043,0,2,-1,
*,2253,21,21326,985,707,0,2,-1,
*,2253,21,21326,492,693,0,2,-1,
*,2253,21,21326,978,1015,0,2,-1,
*,2253,22,21326,-815,-892,0,2,-1,
*,2253,22,21326,-1041,-713,0,2,-1,
*,2253,22,21326,-572,-1049,0,2,-1,
*,2253,22,21326,-1065,-1063,0,2,-1,
*,2253,22,21326,-579,-741,0,2,-1,
*,2253,22,21326,-579,1015,0,2,-1,
*,2253,22,21326,-1065,693,0,2,-1,
*,2253,22,21326,-572,707,0,2,-1,
*,2253,22,21326,-1041,1043,0,2,-1,
*,2253,22,21326,-815,864,0,2,-1,
*,2253,22,21326,742,864,0,2,-1,
*,2253,22,21326,516,1043,0,2,-1,
*,2253,22,21326,985,707,0,2,-1,
*,2253,22,21326,492,693,0,2,-1,
*,2253,22,21326,978,1015,0,2,-1,
*,2253,23,21326,-815,-892,0,2,-1,
*,2253,23,21326,-1041,-713,0,2,-1,
*,2253,23,21326,-572,-1049,0,2,-1,
*,2253,23,21326,-1065,-1063,0,2,-1,
*,2253,23,21326,-579,-741,0,2,-1,
*,2253,23,21326,-579,1015,0,2,-1,
*,2253,23,21326,-1065,693,0,2,-1,
*,2253,23,21326,-572,707,0,2,-1,
*,2253,23,21326,-1041,1043,0,2,-1,
*,2253,23,21326,-815,864,0,2,-1,
*,2253,23,21326,742,864,0,2,-1,
*,2253,23,21326,516,1043,0,2,-1,
*,2253,23,21326,985,707,0,2,-1,
*,2253,23,21326,492,693,0,2,-1,
*,2253,23,21326,978,1015,0,2,-1,
*,2253,24,21326,-815,-892,0,2,-1,
*,2253,24,21326,-1041,-713,0,2,-1,
*,2253,24,21326,-572,-1049,0,2,-1,
*,2253,24,21326,-1065,-1063,0,2,-1,
*,2253,24,21326,-579,-741,0,2,-1,
*,2253,24,21326,-579,1015,0,2,-1,
*,2253,24,21326,-1065,693,0,2,-1,
*,2253,24,21326,-572,707,0,2,-1,
*,2253,24,21326,-1041,1043,0,2,-1,
*,2253,24,21326,-815,864,0,2,-1,
*,2253,24,21326,742,864,0,2,-1,
*,2253,24,21326,516,1043,0,2,-1,
*,2253,24,21326,985,707,0,2,-1,
*,2253,24,21326,492,693,0,2,-1,
*,2253,24,21326,978,1015,0,2,-1,
*,2253,25,21327,-579,1015,0,2,-1,
*,2253,25,21327,-1065,693,0,2,-1,
*,2253,25,21327,-572,707,0,2,-1,
*,2253,25,21327,-1041,1043,0,2,-1,
*,2253,25,21327,-815,864,0,2,-1,
*,2253,25,21327,768,864,0,2,-1,
*,2253,25,21327,542,1043,0,2,-1,
*,2253,25,21327,1010,707,0,2,-1,
*,2253,25,21327,518,693,0,2,-1,
*,2253,25,21327,1004,1015,0,2,-1,
*,2253,25,21327,1004,-740,0,2,-1,
*,2253,25,21327,518,-1062,0,2,-1,
*,2253,25,21327,1010,-1048,0,2,-1,
*,2253,25,21327,542,-711,0,2,-1,
*,2253,25,21327,768,-890,0,2,-1,
*,2253,26,21327,-579,1015,0,2,-1,
*,2253,26,21327,-1065,693,0,2,-1,
*,2253,26,21327,-572,707,0,2,-1,
*,2253,26,21327,-1041,1043,0,2,-1,
*,2253,26,21327,-815,864,0,2,-1,
*,2253,26,21327,768,864,0,2,-1,
*,2253,26,21327,542,1043,0,2,-1,
*,2253,26,21327,1010,707,0,2,-1,
*,2253,26,21327,518,693,0,2,-1,
*,2253,26,21327,1004,1015,0,2,-1,
*,2253,26,21327,1004,-740,0,2,-1,
*,2253,26,21327,518,-1062,0,2,-1,
*,2253,26,21327,1010,-1048,0,2,-1,
*,2253,26,21327,542,-711,0,2,-1,
*,2253,26,21327,768,-890,0,2,-1,
*,2253,27,21327,-579,1015,0,2,-1,
*,2253,27,21327,-1065,693,0,2,-1,
*,2253,27,21327,-572,707,0,2,-1,
*,2253,27,21327,-1041,1043,0,2,-1,
*,2253,27,21327,-815,864,0,2,-1,
*,2253,27,21327,768,864,0,2,-1,
*,2253,27,21327,542,1043,0,2,-1,
*,2253,27,21327,1010,707,0,2,-1,
*,2253,27,21327,518,693,0,2,-1,
*,2253,27,21327,1004,1015,0,2,-1,
*,2253,27,21327,1004,-740,0,2,-1,
*,2253,27,21327,518,-1062,0,2,-1,
*,2253,27,21327,1010,-1048,0,2,-1,
*,2253,27,21327,542,-711,0,2,-1,
*,2253,27,21327,768,-890,0,2,-1,
*,2253,28,21327,-579,1015,0,2,-1,
*,2253,28,21327,-1065,693,0,2,-1,
*,2253,28,21327,-572,707,0,2,-1,
*,2253,28,21327,-1041,1043,0,2,-1,
*,2253,28,21327,-815,864,0,2,-1,
*,2253,28,21327,768,864,0,2,-1,
*,2253,28,21327,542,1043,0,2,-1,
*,2253,28,21327,1010,707,0,2,-1,
*,2253,28,21327,518,693,0,2,-1,
*,2253,28,21327,1004,1015,0,2,-1,
*,2253,28,21327,1004,-740,0,2,-1,
*,2253,28,21327,518,-1062,0,2,-1,
*,2253,28,21327,1010,-1048,0,2,-1,
*,2253,28,21327,542,-711,0,2,-1,
*,2253,28,21327,768,-890,0,2,-1,
*,2254,1,21331,495,-1045,0,2,-1,
*,2254,1,21331,987,-1031,0,2,-1,
*,2254,1,21331,745,-874,0,2,-1,
*,2254,1,21331,518,-695,0,2,-1,
*,2254,1,21331,981,-724,0,2,-1,
*,2254,1,21331,-967,-695,0,2,-1,
*,2254,1,21331,-991,-1045,0,2,-1,
*,2254,1,21331,-498,-1031,0,2,-1,
*,2254,1,21331,-741,-874,0,2,-1,
*,2254,1,21331,-505,-724,0,2,-1,
*,2254,1,21331,-505,983,0,2,-1,
*,2254,1,21331,-741,832,0,2,-1,
*,2254,1,21331,-498,675,0,2,-1,
*,2254,1,21331,-991,661,0,2,-1,
*,2254,1,21331,-967,1011,0,2,-1,
*,2254,1,21331,518,1011,0,2,-1,
*,2254,1,21331,494,661,0,2,-1,
*,2254,1,21331,987,675,0,2,-1,
*,2254,1,21331,744,832,0,2,-1,
*,2254,1,21331,980,983,0,2,-1,
*,2254,2,21331,495,-1045,0,2,-1,
*,2254,2,21331,987,-1031,0,2,-1,
*,2254,2,21331,745,-874,0,2,-1,
*,2254,2,21331,518,-695,0,2,-1,
*,2254,2,21331,981,-724,0,2,-1,
*,2254,2,21331,-967,-695,0,2,-1,
*,2254,2,21331,-991,-1045,0,2,-1,
*,2254,2,21331,-498,-1031,0,2,-1,
*,2254,2,21331,-741,-874,0,2,-1,
*,2254,2,21331,-505,-724,0,2,-1,
*,2254,2,21331,-505,983,0,2,-1,
*,2254,2,21331,-741,832,0,2,-1,
*,2254,2,21331,-498,675,0,2,-1,
*,2254,2,21331,-991,661,0,2,-1,
*,2254,2,21331,-967,1011,0,2,-1,
*,2254,2,21331,518,1011,0,2,-1,
*,2254,2,21331,494,661,0,2,-1,
*,2254,2,21331,987,675,0,2,-1,
*,2254,2,21331,744,832,0,2,-1,
*,2254,2,21331,980,983,0,2,-1,
*,2254,3,21331,495,-1045,0,2,-1,
*,2254,3,21331,987,-1031,0,2,-1,
*,2254,3,21331,745,-874,0,2,-1,
*,2254,3,21331,518,-695,0,2,-1,
*,2254,3,21331,981,-724,0,2,-1,
*,2254,3,21331,-967,-695,0,2,-1,
*,2254,3,21331,-991,-1045,0,2,-1,
*,2254,3,21331,-498,-1031,0,2,-1,
*,2254,3,21331,-741,-874,0,2,-1,
*,2254,3,21331,-505,-724,0,2,-1,
*,2254,3,21331,-505,983,0,2,-1,
*,2254,3,21331,-741,832,0,2,-1,
*,2254,3,21331,-498,675,0,2,-1,
*,2254,3,21331,-991,661,0,2,-1,
*,2254,3,21331,-967,1011,0,2,-1,
*,2254,3,21331,518,1011,0,2,-1,
*,2254,3,21331,494,661,0,2,-1,
*,2254,3,21331,987,675,0,2,-1,
*,2254,3,21331,744,832,0,2,-1,
*,2254,3,21331,980,983,0,2,-1,
*,2254,4,21331,495,-1045,0,2,-1,
*,2254,4,21331,987,-1031,0,2,-1,
*,2254,4,21331,745,-874,0,2,-1,
*,2254,4,21331,518,-695,0,2,-1,
*,2254,4,21331,981,-724,0,2,-1,
*,2254,4,21331,-967,-695,0,2,-1,
*,2254,4,21331,-991,-1045,0,2,-1,
*,2254,4,21331,-498,-1031,0,2,-1,
*,2254,4,21331,-741,-874,0,2,-1,
*,2254,4,21331,-505,-724,0,2,-1,
*,2254,4,21331,-505,983,0,2,-1,
*,2254,4,21331,-741,832,0,2,-1,
*,2254,4,21331,-498,675,0,2,-1,
*,2254,4,21331,-991,661,0,2,-1,
*,2254,4,21331,-967,1011,0,2,-1,
*,2254,4,21331,518,1011,0,2,-1,
*,2254,4,21331,494,661,0,2,-1,
*,2254,4,21331,987,675,0,2,-1,
*,2254,4,21331,744,832,0,2,-1,
*,2254,4,21331,980,983,0,2,-1,
*,2254,5,21332,495,-1045,0,2,-1,
*,2254,5,21332,987,-1031,0,2,-1,
*,2254,5,21332,745,-874,0,2,-1,
*,2254,5,21332,518,-695,0,2,-1,
*,2254,5,21332,981,-724,0,2,-1,
*,2254,5,21332,-970,-695,0,2,-1,
*,2254,5,21332,-994,-1045,0,2,-1,
*,2254,5,21332,-502,-1031,0,2,-1,
*,2254,5,21332,-744,-874,0,2,-1,
*,2254,5,21332,-508,-724,0,2,-1,
*,2254,5,21332,-508,990,0,2,-1,
*,2254,5,21332,-744,839,0,2,-1,
*,2254,5,21332,-502,682,0,2,-1,
*,2254,5,21332,-994,668,0,2,-1,
*,2254,5,21332,-970,1019,0,2,-1,
*,2254,5,21332,518,1019,0,2,-1,
*,2254,5,21332,494,668,0,2,-1,
*,2254,5,21332,987,682,0,2,-1,
*,2254,5,21332,744,839,0,2,-1,
*,2254,5,21332,980,990,0,2,-1,
*,2254,6,21332,495,-1045,0,2,-1,
*,2254,6,21332,987,-1031,0,2,-1,
*,2254,6,21332,745,-874,0,2,-1,
*,2254,6,21332,518,-695,0,2,-1,
*,2254,6,21332,981,-724,0,2,-1,
*,2254,6,21332,-970,-695,0,2,-1,
*,2254,6,21332,-994,-1045,0,2,-1,
*,2254,6,21332,-502,-1031,0,2,-1,
*,2254,6,21332,-744,-874,0,2,-1,
*,2254,6,21332,-508,-724,0,2,-1,
*,2254,6,21332,-508,990,0,2,-1,
*,2254,6,21332,-744,839,0,2,-1,
*,2254,6,21332,-502,682,0,2,-1,
*,2254,6,21332,-994,668,0,2,-1,
*,2254,6,21332,-970,1019,0,2,-1,
*,2254,6,21332,518,1019,0,2,-1,
*,2254,6,21332,494,668,0,2,-1,
*,2254,6,21332,987,682,0,2,-1,
*,2254,6,21332,744,839,0,2,-1,
*,2254,6,21332,980,990,0,2,-1,
*,2254,7,21332,495,-1045,0,2,-1,
*,2254,7,21332,987,-1031,0,2,-1,
*,2254,7,21332,745,-874,0,2,-1,
*,2254,7,21332,518,-695,0,2,-1,
*,2254,7,21332,981,-724,0,2,-1,
*,2254,7,21332,-970,-695,0,2,-1,
*,2254,7,21332,-994,-1045,0,2,-1,
*,2254,7,21332,-502,-1031,0,2,-1,
*,2254,7,21332,-744,-874,0,2,-1,
*,2254,7,21332,-508,-724,0,2,-1,
*,2254,7,21332,-508,990,0,2,-1,
*,2254,7,21332,-744,839,0,2,-1,
*,2254,7,21332,-502,682,0,2,-1,
*,2254,7,21332,-994,668,0,2,-1,
*,2254,7,21332,-970,1019,0,2,-1,
*,2254,7,21332,518,1019,0,2,-1,
*,2254,7,21332,494,668,0,2,-1,
*,2254,7,21332,987,682,0,2,-1,
*,2254,7,21332,744,839,0,2,-1,
*,2254,7,21332,980,990,0,2,-1,
*,2254,8,21332,495,-1045,0,2,-1,
*,2254,8,21332,987,-1031,0,2,-1,
*,2254,8,21332,745,-874,0,2,-1,
*,2254,8,21332,518,-695,0,2,-1,
*,2254,8,21332,981,-724,0,2,-1,
*,2254,8,21332,-970,-695,0,2,-1,
*,2254,8,21332,-994,-1045,0,2,-1,
*,2254,8,21332,-502,-1031,0,2,-1,
*,2254,8,21332,-744,-874,0,2,-1,
*,2254,8,21332,-508,-724,0,2,-1,
*,2254,8,21332,-508,990,0,2,-1,
*,2254,8,21332,-744,839,0,2,-1,
*,2254,8,21332,-502,682,0,2,-1,
*,2254,8,21332,-994,668,0,2,-1,
*,2254,8,21332,-970,1019,0,2,-1,
*,2254,8,21332,518,1019,0,2,-1,
*,2254,8,21332,494,668,0,2,-1,
*,2254,8,21332,987,682,0,2,-1,
*,2254,8,21332,744,839,0,2,-1,
*,2254,8,21332,980,990,0,2,-1,
*,2254,9,21333,495,-1045,0,2,-1,
*,2254,9,21333,987,-1031,0,2,-1,
*,2254,9,21333,745,-874,0,2,-1,
*,2254,9,21333,518,-695,0,2,-1,
*,2254,9,21333,981,-724,0,2,-1,
*,2254,9,21333,-990,-695,0,2,-1,
*,2254,9,21333,-1014,-1045,0,2,-1,
*,2254,9,21333,-521,-1031,0,2,-1,
*,2254,9,21333,-764,-874,0,2,-1,
*,2254,9,21333,-528,-724,0,2,-1,
*,2254,9,21333,-528,997,0,2,-1,
*,2254,9,21333,-764,846,0,2,-1,
*,2254,9,21333,-521,689,0,2,-1,
*,2254,9,21333,-1014,675,0,2,-1,
*,2254,9,21333,-990,1025,0,2,-1,
*,2254,9,21333,537,1025,0,2,-1,
*,2254,9,21333,513,675,0,2,-1,
*,2254,9,21333,1006,689,0,2,-1,
*,2254,9,21333,763,846,0,2,-1,
*,2254,9,21333,999,997,0,2,-1,
*,2254,10,21333,495,-1045,0,2,-1,
*,2254,10,21333,987,-1031,0,2,-1,
*,2254,10,21333,745,-874,0,2,-1,
*,2254,10,21333,518,-695,0,2,-1,
*,2254,10,21333,981,-724,0,2,-1,
*,2254,10,21333,-990,-695,0,2,-1,
*,2254,10,21333,-1014,-1045,0,2,-1,
*,2254,10,21333,-521,-1031,0,2,-1,
*,2254,10,21333,-764,-874,0,2,-1,
*,2254,10,21333,-528,-724,0,2,-1,
*,2254,10,21333,-528,997,0,2,-1,
*,2254,10,21333,-764,846,0,2,-1,
*,2254,10,21333,-521,689,0,2,-1,
*,2254,10,21333,-1014,675,0,2,-1,
*,2254,10,21333,-990,1025,0,2,-1,
*,2254,10,21333,537,1025,0,2,-1,
*,2254,10,21333,513,675,0,2,-1,
*,2254,10,21333,1006,689,0,2,-1,
*,2254,10,21333,763,846,0,2,-1,
*,2254,10,21333,999,997,0,2,-1,
*,2254,11,21333,495,-1045,0,2,-1,
*,2254,11,21333,987,-1031,0,2,-1,
*,2254,11,21333,745,-874,0,2,-1,
*,2254,11,21333,518,-695,0,2,-1,
*,2254,11,21333,981,-724,0,2,-1,
*,2254,11,21333,-990,-695,0,2,-1,
*,2254,11,21333,-1014,-1045,0,2,-1,
*,2254,11,21333,-521,-1031,0,2,-1,
*,2254,11,21333,-764,-874,0,2,-1,
*,2254,11,21333,-528,-724,0,2,-1,
*,2254,11,21333,-528,997,0,2,-1,
*,2254,11,21333,-764,846,0,2,-1,
*,2254,11,21333,-521,689,0,2,-1,
*,2254,11,21333,-1014,675,0,2,-1,
*,2254,11,21333,-990,1025,0,2,-1,
*,2254,11,21333,537,1025,0,2,-1,
*,2254,11,21333,513,675,0,2,-1,
*,2254,11,21333,1006,689,0,2,-1,
*,2254,11,21333,763,846,0,2,-1,
*,2254,11,21333,999,997,0,2,-1,
*,2254,12,21333,495,-1045,0,2,-1,
*,2254,12,21333,987,-1031,0,2,-1,
*,2254,12,21333,745,-874,0,2,-1,
*,2254,12,21333,518,-695,0,2,-1,
*,2254,12,21333,981,-724,0,2,-1,
*,2254,12,21333,-990,-695,0,2,-1,
*,2254,12,21333,-1014,-1045,0,2,-1,
*,2254,12,21333,-521,-1031,0,2,-1,
*,2254,12,21333,-764,-874,0,2,-1,
*,2254,12,21333,-528,-724,0,2,-1,
*,2254,12,21333,-528,997,0,2,-1,
*,2254,12,21333,-764,846,0,2,-1,
*,2254,12,21333,-521,689,0,2,-1,
*,2254,12,21333,-1014,675,0,2,-1,
*,2254,12,21333,-990,1025,0,2,-1,
*,2254,12,21333,537,1025,0,2,-1,
*,2254,12,21333,513,675,0,2,-1,
*,2254,12,21333,1006,689,0,2,-1,
*,2254,12,21333,763,846,0,2,-1,
*,2254,12,21333,999,997,0,2,-1,
*,2254,13,21334,495,-1045,0,2,-1,
*,2254,13,21334,987,-1031,0,2,-1,
*,2254,13,21334,745,-874,0,2,-1,
*,2254,13,21334,518,-695,0,2,-1,
*,2254,13,21334,981,-724,0,2,-1,
*,2254,13,21334,-987,-695,0,2,-1,
*,2254,13,21334,-1010,-1045,0,2,-1,
*,2254,13,21334,-518,-1031,0,2,-1,
*,2254,13,21334,-760,-874,0,2,-1,
*,2254,13,21334,-524,-724,0,2,-1,
*,2254,13,21334,-524,977,0,2,-1,
*,2254,13,21334,-760,826,0,2,-1,
*,2254,13,21334,-518,669,0,2,-1,
*,2254,13,21334,-1010,655,0,2,-1,
*,2254,13,21334,-987,1006,0,2,-1,
*,2254,13,21334,522,1006,0,2,-1,
*,2254,13,21334,499,655,0,2,-1,
*,2254,13,21334,991,669,0,2,-1,
*,2254,13,21334,749,826,0,2,-1,
*,2254,13,21334,984,977,0,2,-1,
*,2254,14,21334,495,-1045,0,2,-1,
*,2254,14,21334,987,-1031,0,2,-1,
*,2254,14,21334,745,-874,0,2,-1,
*,2254,14,21334,518,-695,0,2,-1,
*,2254,14,21334,981,-724,0,2,-1,
*,2254,14,21334,-987,-695,0,2,-1,
*,2254,14,21334,-1010,-1045,0,2,-1,
*,2254,14,21334,-518,-1031,0,2,-1,
*,2254,14,21334,-760,-874,0,2,-1,
*,2254,14,21334,-524,-724,0,2,-1,
*,2254,14,21334,-524,977,0,2,-1,
*,2254,14,21334,-760,826,0,2,-1,
*,2254,14,21334,-518,669,0,2,-1,
*,2254,14,21334,-1010,655,0,2,-1,
*,2254,14,21334,-987,1006,0,2,-1,
*,2254,14,21334,522,1006,0,2,-1,
*,2254,14,21334,499,655,0,2,-1,
*,2254,14,21334,991,669,0,2,-1,
*,2254,14,21334,749,826,0,2,-1,
*,2254,14,21334,984,977,0,2,-1,
*,2254,15,21334,495,-1045,0,2,-1,
*,2254,15,21334,987,-1031,0,2,-1,
*,2254,15,21334,745,-874,0,2,-1,
*,2254,15,21334,518,-695,0,2,-1,
*,2254,15,21334,981,-724,0,2,-1,
*,2254,15,21334,-987,-695,0,2,-1,
*,2254,15,21334,-1010,-1045,0,2,-1,
*,2254,15,21334,-518,-1031,0,2,-1,
*,2254,15,21334,-760,-874,0,2,-1,
*,2254,15,21334,-524,-724,0,2,-1,
*,2254,15,21334,-524,977,0,2,-1,
*,2254,15,21334,-760,826,0,2,-1,
*,2254,15,21334,-518,669,0,2,-1,
*,2254,15,21334,-1010,655,0,2,-1,
*,2254,15,21334,-987,1006,0,2,-1,
*,2254,15,21334,522,1006,0,2,-1,
*,2254,15,21334,499,655,0,2,-1,
*,2254,15,21334,991,669,0,2,-1,
*,2254,15,21334,749,826,0,2,-1,
*,2254,15,21334,984,977,0,2,-1,
*,2254,16,21334,495,-1045,0,2,-1,
*,2254,16,21334,987,-1031,0,2,-1,
*,2254,16,21334,745,-874,0,2,-1,
*,2254,16,21334,518,-695,0,2,-1,
*,2254,16,21334,981,-724,0,2,-1,
*,2254,16,21334,-987,-695,0,2,-1,
*,2254,16,21334,-1010,-1045,0,2,-1,
*,2254,16,21334,-518,-1031,0,2,-1,
*,2254,16,21334,-760,-874,0,2,-1,
*,2254,16,21334,-524,-724,0,2,-1,
*,2254,16,21334,-524,977,0,2,-1,
*,2254,16,21334,-760,826,0,2,-1,
*,2254,16,21334,-518,669,0,2,-1,
*,2254,16,21334,-1010,655,0,2,-1,
*,2254,16,21334,-987,1006,0,2,-1,
*,2254,16,21334,522,1006,0,2,-1,
*,2254,16,21334,499,655,0,2,-1,
*,2254,16,21334,991,669,0,2,-1,
*,2254,16,21334,749,826,0,2,-1,
*,2254,16,21334,984,977,0,2,-1,
*,2254,17,21335,495,-1045,0,2,-1,
*,2254,17,21335,987,-1031,0,2,-1,
*,2254,17,21335,745,-874,0,2,-1,
*,2254,17,21335,518,-695,0,2,-1,
*,2254,17,21335,981,-724,0,2,-1,
*,2254,17,21335,-987,-695,0,2,-1,
*,2254,17,21335,-1011,-1045,0,2,-1,
*,2254,17,21335,-518,-1031,0,2,-1,
*,2254,17,21335,-761,-874,0,2,-1,
*,2254,17,21335,-525,-724,0,2,-1,
*,2254,17,21335,-525,979,0,2,-1,
*,2254,17,21335,-761,828,0,2,-1,
*,2254,17,21335,-518,671,0,2,-1,
*,2254,17,21335,-1011,657,0,2,-1,
*,2254,17,21335,-987,1007,0,2,-1,
*,2254,17,21335,530,1007,0,2,-1,
*,2254,17,21335,506,657,0,2,-1,
*,2254,17,21335,999,671,0,2,-1,
*,2254,17,21335,756,828,0,2,-1,
*,2254,17,21335,992,979,0,2,-1,
*,2254,18,21335,495,-1045,0,2,-1,
*,2254,18,21335,987,-1031,0,2,-1,
*,2254,18,21335,745,-874,0,2,-1,
*,2254,18,21335,518,-695,0,2,-1,
*,2254,18,21335,981,-724,0,2,-1,
*,2254,18,21335,-987,-695,0,2,-1,
*,2254,18,21335,-1011,-1045,0,2,-1,
*,2254,18,21335,-518,-1031,0,2,-1,
*,2254,18,21335,-761,-874,0,2,-1,
*,2254,18,21335,-525,-724,0,2,-1,
*,2254,18,21335,-525,979,0,2,-1,
*,2254,18,21335,-761,828,0,2,-1,
*,2254,18,21335,-518,671,0,2,-1,
*,2254,18,21335,-1011,657,0,2,-1,
*,2254,18,21335,-987,1007,0,2,-1,
*,2254,18,21335,530,1007,0,2,-1,
*,2254,18,21335,506,657,0,2,-1,
*,2254,18,21335,999,671,0,2,-1,
*,2254,18,21335,756,828,0,2,-1,
*,2254,18,21335,992,979,0,2,-1,
*,2254,19,21335,495,-1045,0,2,-1,
*,2254,19,21335,987,-1031,0,2,-1,
*,2254,19,21335,745,-874,0,2,-1,
*,2254,19,21335,518,-695,0,2,-1,
*,2254,19,21335,981,-724,0,2,-1,
*,2254,19,21335,-987,-695,0,2,-1,
*,2254,19,21335,-1011,-1045,0,2,-1,
*,2254,19,21335,-518,-1031,0,2,-1,
*,2254,19,21335,-761,-874,0,2,-1,
*,2254,19,21335,-525,-724,0,2,-1,
*,2254,19,21335,-525,979,0,2,-1,
*,2254,19,21335,-761,828,0,2,-1,
*,2254,19,21335,-518,671,0,2,-1,
*,2254,19,21335,-1011,657,0,2,-1,
*,2254,19,21335,-987,1007,0,2,-1,
*,2254,19,21335,530,1007,0,2,-1,
*,2254,19,21335,506,657,0,2,-1,
*,2254,19,21335,999,671,0,2,-1,
*,2254,19,21335,756,828,0,2,-1,
*,2254,19,21335,992,979,0,2,-1,
*,2254,20,21335,495,-1045,0,2,-1,
*,2254,20,21335,987,-1031,0,2,-1,
*,2254,20,21335,745,-874,0,2,-1,
*,2254,20,21335,518,-695,0,2,-1,
*,2254,20,21335,981,-724,0,2,-1,
*,2254,20,21335,-987,-695,0,2,-1,
*,2254,20,21335,-1011,-1045,0,2,-1,
*,2254,20,21335,-518,-1031,0,2,-1,
*,2254,20,21335,-761,-874,0,2,-1,
*,2254,20,21335,-525,-724,0,2,-1,
*,2254,20,21335,-525,979,0,2,-1,
*,2254,20,21335,-761,828,0,2,-1,
*,2254,20,21335,-518,671,0,2,-1,
*,2254,20,21335,-1011,657,0,2,-1,
*,2254,20,21335,-987,1007,0,2,-1,
*,2254,20,21335,530,1007,0,2,-1,
*,2254,20,21335,506,657,0,2,-1,
*,2254,20,21335,999,671,0,2,-1,
*,2254,20,21335,756,828,0,2,-1,
*,2254,20,21335,992,979,0,2,-1,
*,2254,21,21336,495,-1045,0,2,-1,
*,2254,21,21336,987,-1031,0,2,-1,
*,2254,21,21336,745,-874,0,2,-1,
*,2254,21,21336,518,-695,0,2,-1,
*,2254,21,21336,981,-724,0,2,-1,
*,2254,21,21336,-978,-695,0,2,-1,
*,2254,21,21336,-1002,-1045,0,2,-1,
*,2254,21,21336,-510,-1031,0,2,-1,
*,2254,21,21336,-752,-874,0,2,-1,
*,2254,21,21336,-516,-724,0,2,-1,
*,2254,21,21336,-516,984,0,2,-1,
*,2254,21,21336,-752,833,0,2,-1,
*,2254,21,21336,-510,676,0,2,-1,
*,2254,21,21336,-1002,662,0,2,-1,
*,2254,21,21336,-978,1013,0,2,-1,
*,2254,21,21336,550,1013,0,2,-1,
*,2254,21,21336,526,662,0,2,-1,
*,2254,21,21336,1019,676,0,2,-1,
*,2254,21,21336,776,833,0,2,-1,
*,2254,21,21336,1012,984,0,2,-1,
*,2254,22,21336,495,-1045,0,2,-1,
*,2254,22,21336,987,-1031,0,2,-1,
*,2254,22,21336,745,-874,0,2,-1,
*,2254,22,21336,518,-695,0,2,-1,
*,2254,22,21336,981,-724,0,2,-1,
*,2254,22,21336,-978,-695,0,2,-1,
*,2254,22,21336,-1002,-1045,0,2,-1,
*,2254,22,21336,-510,-1031,0,2,-1,
*,2254,22,21336,-752,-874,0,2,-1,
*,2254,22,21336,-516,-724,0,2,-1,
*,2254,22,21336,-516,984,0,2,-1,
*,2254,22,21336,-752,833,0,2,-1,
*,2254,22,21336,-510,676,0,2,-1,
*,2254,22,21336,-1002,662,0,2,-1,
*,2254,22,21336,-978,1013,0,2,-1,
*,2254,22,21336,550,1013,0,2,-1,
*,2254,22,21336,526,662,0,2,-1,
*,2254,22,21336,1019,676,0,2,-1,
*,2254,22,21336,776,833,0,2,-1,
*,2254,22,21336,1012,984,0,2,-1,
*,2254,23,21336,495,-1045,0,2,-1,
*,2254,23,21336,987,-1031,0,2,-1,
*,2254,23,21336,745,-874,0,2,-1,
*,2254,23,21336,518,-695,0,2,-1,
*,2254,23,21336,981,-724,0,2,-1,
*,2254,23,21336,-978,-695,0,2,-1,
*,2254,23,21336,-1002,-1045,0,2,-1,
*,2254,23,21336,-510,-1031,0,2,-1,
*,2254,23,21336,-752,-874,0,2,-1,
*,2254,23,21336,-516,-724,0,2,-1,
*,2254,23,21336,-516,984,0,2,-1,
*,2254,23,21336,-752,833,0,2,-1,
*,2254,23,21336,-510,676,0,2,-1,
*,2254,23,21336,-1002,662,0,2,-1,
*,2254,23,21336,-978,1013,0,2,-1,
*,2254,23,21336,550,1013,0,2,-1,
*,2254,23,21336,526,662,0,2,-1,
*,2254,23,21336,1019,676,0,2,-1,
*,2254,23,21336,776,833,0,2,-1,
*,2254,23,21336,1012,984,0,2,-1,
*,2254,24,21336,495,-1045,0,2,-1,
*,2254,24,21336,987,-1031,0,2,-1,
*,2254,24,21336,745,-874,0,2,-1,
*,2254,24,21336,518,-695,0,2,-1,
*,2254,24,21336,981,-724,0,2,-1,
*,2254,24,21336,-978,-695,0,2,-1,
*,2254,24,21336,-1002,-1045,0,2,-1,
*,2254,24,21336,-510,-1031,0,2,-1,
*,2254,24,21336,-752,-874,0,2,-1,
*,2254,24,21336,-516,-724,0,2,-1,
*,2254,24,21336,-516,984,0,2,-1,
*,2254,24,21336,-752,833,0,2,-1,
*,2254,24,21336,-510,676,0,2,-1,
*,2254,24,21336,-1002,662,0,2,-1,
*,2254,24,21336,-978,1013,0,2,-1,
*,2254,24,21336,550,1013,0,2,-1,
*,2254,24,21336,526,662,0,2,-1,
*,2254,24,21336,1019,676,0,2,-1,
*,2254,24,21336,776,833,0,2,-1,
*,2254,24,21336,1012,984,0,2,-1,
*,2254,25,21337,495,-1045,0,2,-1,
*,2254,25,21337,987,-1031,0,2,-1,
*,2254,25,21337,745,-874,0,2,-1,
*,2254,25,21337,518,-695,0,2,-1,
*,2254,25,21337,981,-724,0,2,-1,
*,2254,25,21337,-1016,-695,0,2,-1,
*,2254,25,21337,-1040,-1045,0,2,-1,
*,2254,25,21337,-548,-1031,0,2,-1,
*,2254,25,21337,-790,-874,0,2,-1,
*,2254,25,21337,-554,-724,0,2,-1,
*,2254,25,21337,-554,1001,0,2,-1,
*,2254,25,21337,-790,851,0,2,-1,
*,2254,25,21337,-548,694,0,2,-1,
*,2254,25,21337,-1040,680,0,2,-1,
*,2254,25,21337,-1016,1030,0,2,-1,
*,2254,25,21337,539,1030,0,2,-1,
*,2254,25,21337,515,680,0,2,-1,
*,2254,25,21337,1008,694,0,2,-1,
*,2254,25,21337,765,851,0,2,-1,
*,2254,25,21337,1001,1001,0,2,-1,
*,2254,26,21337,495,-1045,0,2,-1,
*,2254,26,21337,987,-1031,0,2,-1,
*,2254,26,21337,745,-874,0,2,-1,
*,2254,26,21337,518,-695,0,2,-1,
*,2254,26,21337,981,-724,0,2,-1,
*,2254,26,21337,-1016,-695,0,2,-1,
*,2254,26,21337,-1040,-1045,0,2,-1,
*,2254,26,21337,-548,-1031,0,2,-1,
*,2254,26,21337,-790,-874,0,2,-1,
*,2254,26,21337,-554,-724,0,2,-1,
*,2254,26,21337,-554,1001,0,2,-1,
*,2254,26,21337,-790,851,0,2,-1,
*,2254,26,21337,-548,694,0,2,-1,
*,2254,26,21337,-1040,680,0,2,-1,
*,2254,26,21337,-1016,1030,0,2,-1,
*,2254,26,21337,539,1030,0,2,-1,
*,2254,26,21337,515,680,0,2,-1,
*,2254,26,21337,1008,694,0,2,-1,
*,2254,26,21337,765,851,0,2,-1,
*,2254,26,21337,1001,1001,0,2,-1,
*,2254,27,21337,495,-1045,0,2,-1,
*,2254,27,21337,987,-1031,0,2,-1,
*,2254,27,21337,745,-874,0,2,-1,
*,2254,27,21337,518,-695,0,2,-1,
*,2254,27,21337,981,-724,0,2,-1,
*,2254,27,21337,-1016,-695,0,2,-1,
*,2254,27,21337,-1040,-1045,0,2,-1,
*,2254,27,21337,-548,-1031,0,2,-1,
*,2254,27,21337,-790,-874,0,2,-1,
*,2254,27,21337,-554,-724,0,2,-1,
*,2254,27,21337,-554,1001,0,2,-1,
*,2254,27,21337,-790,851,0,2,-1,
*,2254,27,21337,-548,694,0,2,-1,
*,2254,27,21337,-1040,680,0,2,-1,
*,2254,27,21337,-1016,1030,0,2,-1,
*,2254,27,21337,539,1030,0,2,-1,
*,2254,27,21337,515,680,0,2,-1,
*,2254,27,21337,1008,694,0,2,-1,
*,2254,27,21337,765,851,0,2,-1,
*,2254,27,21337,1001,1001,0,2,-1,
*,2254,28,21337,495,-1045,0,2,-1,
*,2254,28,21337,987,-1031,0,2,-1,
*,2254,28,21337,745,-874,0,2,-1,
*,2254,28,21337,518,-695,0,2,-1,
*,2254,28,21337,981,-724,0,2,-1,
*,2254,28,21337,-1016,-695,0,2,-1,
*,2254,28,21337,-1040,-1045,0,2,-1,
*,2254,28,21337,-548,-1031,0,2,-1,
*,2254,28,21337,-790,-874,0,2,-1,
*,2254,28,21337,-554,-724,0,2,-1,
*,2254,28,21337,-554,1001,0,2,-1,
*,2254,28,21337,-790,851,0,2,-1,
*,2254,28,21337,-548,694,0,2,-1,
*,2254,28,21337,-1040,680,0,2,-1,
*,2254,28,21337,-1016,1030,0,2,-1,
*,2254,28,21337,539,1030,0,2,-1,
*,2254,28,21337,515,680,0,2,-1,
*,2254,28,21337,1008,694,0,2,-1,
*,2254,28,21337,765,851,0,2,-1,
*,2254,28,21337,1001,1001,0,2,-1,
*,2261,1,21401,495,-1045,0,2,-1,
*,2261,1,21401,987,-1031,0,2,-1,
*,2261,1,21401,745,-874,0,2,-1,
*,2261,1,21401,518,-695,0,2,-1,
*,2261,1,21401,981,-724,0,2,-1,
*,2261,2,21401,495,-1045,0,2,-1,
*,2261,2,21401,987,-1031,0,2,-1,
*,2261,2,21401,745,-874,0,2,-1,
*,2261,2,21401,518,-695,0,2,-1,
*,2261,2,21401,981,-724,0,2,-1,
*,2261,3,21401,495,-1045,0,2,-1,
*,2261,3,21401,987,-1031,0,2,-1,
*,2261,3,21401,745,-874,0,2,-1,
*,2261,3,21401,518,-695,0,2,-1,
*,2261,3,21401,981,-724,0,2,-1,
*,2261,4,21401,495,-1045,0,2,-1,
*,2261,4,21401,987,-1031,0,2,-1,
*,2261,4,21401,745,-874,0,2,-1,
*,2261,4,21401,518,-695,0,2,-1,
*,2261,4,21401,981,-724,0,2,-1,
*,2261,5,21402,-1025,-1045,0,2,-1,
*,2261,5,21402,-532,-1031,0,2,-1,
*,2261,5,21402,-775,-874,0,2,-1,
*,2261,5,21402,-1001,-695,0,2,-1,
*,2261,5,21402,-539,-724,0,2,-1,
*,2261,6,21402,-1025,-1045,0,2,-1,
*,2261,6,21402,-532,-1031,0,2,-1,
*,2261,6,21402,-775,-874,0,2,-1,
*,2261,6,21402,-1001,-695,0,2,-1,
*,2261,6,21402,-539,-724,0,2,-1,
*,2261,7,21402,-1025,-1045,0,2,-1,
*,2261,7,21402,-532,-1031,0,2,-1,
*,2261,7,21402,-775,-874,0,2,-1,
*,2261,7,21402,-1001,-695,0,2,-1,
*,2261,7,21402,-539,-724,0,2,-1,
*,2261,8,21402,-1025,-1045,0,2,-1,
*,2261,8,21402,-532,-1031,0,2,-1,
*,2261,8,21402,-775,-874,0,2,-1,
*,2261,8,21402,-1001,-695,0,2,-1,
*,2261,8,21402,-539,-724,0,2,-1,
*,2261,9,21403,-1025,675,0,2,-1,
*,2261,9,21403,-532,689,0,2,-1,
*,2261,9,21403,-775,846,0,2,-1,
*,2261,9,21403,-1001,1025,0,2,-1,
*,2261,9,21403,-539,997,0,2,-1,
*,2261,10,21403,-1025,675,0,2,-1,
*,2261,10,21403,-532,689,0,2,-1,
*,2261,10,21403,-775,846,0,2,-1,
*,2261,10,21403,-1001,1025,0,2,-1,
*,2261,10,21403,-539,997,0,2,-1,
*,2261,11,21403,-1025,675,0,2,-1,
*,2261,11,21403,-532,689,0,2,-1,
*,2261,11,21403,-775,846,0,2,-1,
*,2261,11,21403,-1001,1025,0,2,-1,
*,2261,11,21403,-539,997,0,2,-1,
*,2261,12,21403,-1025,675,0,2,-1,
*,2261,12,21403,-532,689,0,2,-1,
*,2261,12,21403,-775,846,0,2,-1,
*,2261,12,21403,-1001,1025,0,2,-1,
*,2261,12,21403,-539,997,0,2,-1,
*,2261,13,21404,437,675,0,2,-1,
*,2261,13,21404,930,689,0,2,-1,
*,2261,13,21404,687,846,0,2,-1,
*,2261,13,21404,461,1025,0,2,-1,
*,2261,13,21404,923,997,0,2,-1,
*,2261,14,21404,437,675,0,2,-1,
*,2261,14,21404,930,689,0,2,-1,
*,2261,14,21404,687,846,0,2,-1,
*,2261,14,21404,461,1025,0,2,-1,
*,2261,14,21404,923,997,0,2,-1,
*,2261,15,21404,437,675,0,2,-1,
*,2261,15,21404,930,689,0,2,-1,
*,2261,15,21404,687,846,0,2,-1,
*,2261,15,21404,461,1025,0,2,-1,
*,2261,15,21404,923,997,0,2,-1,
*,2261,16,21404,437,675,0,2,-1,
*,2261,16,21404,930,689,0,2,-1,
*,2261,16,21404,687,846,0,2,-1,
*,2261,16,21404,461,1025,0,2,-1,
*,2261,16,21404,923,997,0,2,-1,
*,2261,17,21405,494,-1040,0,2,-1,
*,2261,17,21405,987,-1026,0,2,-1,
*,2261,17,21405,744,-869,0,2,-1,
*,2261,17,21405,518,-690,0,2,-1,
*,2261,17,21405,980,-719,0,2,-1,
*,2261,18,21405,494,-1040,0,2,-1,
*,2261,18,21405,987,-1026,0,2,-1,
*,2261,18,21405,744,-869,0,2,-1,
*,2261,18,21405,518,-690,0,2,-1,
*,2261,18,21405,980,-719,0,2,-1,
*,2261,19,21405,494,-1040,0,2,-1,
*,2261,19,21405,987,-1026,0,2,-1,
*,2261,19,21405,744,-869,0,2,-1,
*,2261,19,21405,518,-690,0,2,-1,
*,2261,19,21405,980,-719,0,2,-1,
*,2261,20,21405,494,-1040,0,2,-1,
*,2261,20,21405,987,-1026,0,2,-1,
*,2261,20,21405,744,-869,0,2,-1,
*,2261,20,21405,518,-690,0,2,-1,
*,2261,20,21405,980,-719,0,2,-1,
*,2261,21,21406,-1057,-1040,0,2,-1,
*,2261,21,21406,-564,-1026,0,2,-1,
*,2261,21,21406,-807,-869,0,2,-1,
*,2261,21,21406,-1033,-690,0,2,-1,
*,2261,21,21406,-571,-719,0,2,-1,
*,2261,22,21406,-1057,-1040,0,2,-1,
*,2261,22,21406,-564,-1026,0,2,-1,
*,2261,22,21406,-807,-869,0,2,-1,
*,2261,22,21406,-1033,-690,0,2,-1,
*,2261,22,21406,-571,-719,0,2,-1,
*,2261,23,21406,-1057,-1040,0,2,-1,
*,2261,23,21406,-564,-1026,0,2,-1,
*,2261,23,21406,-807,-869,0,2,-1,
*,2261,23,21406,-1033,-690,0,2,-1,
*,2261,23,21406,-571,-719,0,2,-1,
*,2261,24,21406,-1057,-1040,0,2,-1,
*,2261,24,21406,-564,-1026,0,2,-1,
*,2261,24,21406,-807,-869,0,2,-1,
*,2261,24,21406,-1033,-690,0,2,-1,
*,2261,24,21406,-571,-719,0,2,-1,
*,2261,25,21407,-1057,682,0,2,-1,
*,2261,25,21407,-564,696,0,2,-1,
*,2261,25,21407,-807,853,0,2,-1,
*,2261,25,21407,-1033,1032,0,2,-1,
*,2261,25,21407,-571,1003,0,2,-1,
*,2261,26,21407,-1057,682,0,2,-1,
*,2261,26,21407,-564,696,0,2,-1,
*,2261,26,21407,-807,853,0,2,-1,
*,2261,26,21407,-1033,1032,0,2,-1,
*,2261,26,21407,-571,1003,0,2,-1,
*,2261,27,21407,-1057,682,0,2,-1,
*,2261,27,21407,-564,696,0,2,-1,
*,2261,27,21407,-807,853,0,2,-1,
*,2261,27,21407,-1033,1032,0,2,-1,
*,2261,27,21407,-571,1003,0,2,-1,
*,2261,28,21407,-1057,682,0,2,-1,
*,2261,28,21407,-564,696,0,2,-1,
*,2261,28,21407,-807,853,0,2,-1,
*,2261,28,21407,-1033,1032,0,2,-1,
*,2261,28,21407,-571,1003,0,2,-1,
*,2262,1,21411,495,-1045,0,2,-1,
*,2262,1,21411,987,-1031,0,2,-1,
*,2262,1,21411,745,-874,0,2,-1,
*,2262,1,21411,518,-695,0,2,-1,
*,2262,1,21411,981,-724,0,2,-1,
*,2262,1,21411,-530,-1031,0,2,-1,
*,2262,1,21411,-1022,-1045,0,2,-1,
*,2262,1,21411,-536,-724,0,2,-1,
*,2262,1,21411,-999,-695,0,2,-1,
*,2262,1,21411,-772,-874,0,2,-1,
*,2262,2,21411,495,-1045,0,2,-1,
*,2262,2,21411,987,-1031,0,2,-1,
*,2262,2,21411,745,-874,0,2,-1,
*,2262,2,21411,518,-695,0,2,-1,
*,2262,2,21411,981,-724,0,2,-1,
*,2262,2,21411,-530,-1031,0,2,-1,
*,2262,2,21411,-1022,-1045,0,2,-1,
*,2262,2,21411,-536,-724,0,2,-1,
*,2262,2,21411,-999,-695,0,2,-1,
*,2262,2,21411,-772,-874,0,2,-1,
*,2262,3,21411,495,-1045,0,2,-1,
*,2262,3,21411,987,-1031,0,2,-1,
*,2262,3,21411,745,-874,0,2,-1,
*,2262,3,21411,518,-695,0,2,-1,
*,2262,3,21411,981,-724,0,2,-1,
*,2262,3,21411,-530,-1031,0,2,-1,
*,2262,3,21411,-1022,-1045,0,2,-1,
*,2262,3,21411,-536,-724,0,2,-1,
*,2262,3,21411,-999,-695,0,2,-1,
*,2262,3,21411,-772,-874,0,2,-1,
*,2262,4,21411,495,-1045,0,2,-1,
*,2262,4,21411,987,-1031,0,2,-1,
*,2262,4,21411,745,-874,0,2,-1,
*,2262,4,21411,518,-695,0,2,-1,
*,2262,4,21411,981,-724,0,2,-1,
*,2262,4,21411,-530,-1031,0,2,-1,
*,2262,4,21411,-1022,-1045,0,2,-1,
*,2262,4,21411,-536,-724,0,2,-1,
*,2262,4,21411,-999,-695,0,2,-1,
*,2262,4,21411,-772,-874,0,2,-1,
*,2262,5,21412,-530,-1031,0,2,-1,
*,2262,5,21412,-1022,-1045,0,2,-1,
*,2262,5,21412,-536,-724,0,2,-1,
*,2262,5,21412,-999,-695,0,2,-1,
*,2262,5,21412,-772,-874,0,2,-1,
*,2262,5,21412,-772,847,0,2,-1,
*,2262,5,21412,-999,1026,0,2,-1,
*,2262,5,21412,-536,998,0,2,-1,
*,2262,5,21412,-1022,676,0,2,-1,
*,2262,5,21412,-530,690,0,2,-1,
*,2262,6,21412,-530,-1031,0,2,-1,
*,2262,6,21412,-1022,-1045,0,2,-1,
*,2262,6,21412,-536,-724,0,2,-1,
*,2262,6,21412,-999,-695,0,2,-1,
*,2262,6,21412,-772,-874,0,2,-1,
*,2262,6,21412,-772,847,0,2,-1,
*,2262,6,21412,-999,1026,0,2,-1,
*,2262,6,21412,-536,998,0,2,-1,
*,2262,6,21412,-1022,676,0,2,-1,
*,2262,6,21412,-530,690,0,2,-1,
*,2262,7,21412,-530,-1031,0,2,-1,
*,2262,7,21412,-1022,-1045,0,2,-1,
*,2262,7,21412,-536,-724,0,2,-1,
*,2262,7,21412,-999,-695,0,2,-1,
*,2262,7,21412,-772,-874,0,2,-1,
*,2262,7,21412,-772,847,0,2,-1,
*,2262,7,21412,-999,1026,0,2,-1,
*,2262,7,21412,-536,998,0,2,-1,
*,2262,7,21412,-1022,676,0,2,-1,
*,2262,7,21412,-530,690,0,2,-1,
*,2262,8,21412,-530,-1031,0,2,-1,
*,2262,8,21412,-1022,-1045,0,2,-1,
*,2262,8,21412,-536,-724,0,2,-1,
*,2262,8,21412,-999,-695,0,2,-1,
*,2262,8,21412,-772,-874,0,2,-1,
*,2262,8,21412,-772,847,0,2,-1,
*,2262,8,21412,-999,1026,0,2,-1,
*,2262,8,21412,-536,998,0,2,-1,
*,2262,8,21412,-1022,676,0,2,-1,
*,2262,8,21412,-530,690,0,2,-1,
*,2262,9,21413,-772,847,0,2,-1,
*,2262,9,21413,-999,1026,0,2,-1,
*,2262,9,21413,-536,998,0,2,-1,
*,2262,9,21413,-1022,676,0,2,-1,
*,2262,9,21413,-530,690,0,2,-1,
*,2262,9,21413,972,728,0,2,-1,
*,2262,9,21413,480,714,0,2,-1,
*,2262,9,21413,965,1035,0,2,-1,
*,2262,9,21413,503,1064,0,2,-1,
*,2262,9,21413,730,885,0,2,-1,
*,2262,10,21413,-772,847,0,2,-1,
*,2262,10,21413,-999,1026,0,2,-1,
*,2262,10,21413,-536,998,0,2,-1,
*,2262,10,21413,-1022,676,0,2,-1,
*,2262,10,21413,-530,690,0,2,-1,
*,2262,10,21413,972,728,0,2,-1,
*,2262,10,21413,480,714,0,2,-1,
*,2262,10,21413,965,1035,0,2,-1,
*,2262,10,21413,503,1064,0,2,-1,
*,2262,10,21413,730,885,0,2,-1,
*,2262,11,21413,-772,847,0,2,-1,
*,2262,11,21413,-999,1026,0,2,-1,
*,2262,11,21413,-536,998,0,2,-1,
*,2262,11,21413,-1022,676,0,2,-1,
*,2262,11,21413,-530,690,0,2,-1,
*,2262,11,21413,972,728,0,2,-1,
*,2262,11,21413,480,714,0,2,-1,
*,2262,11,21413,965,1035,0,2,-1,
*,2262,11,21413,503,1064,0,2,-1,
*,2262,11,21413,730,885,0,2,-1,
*,2262,12,21413,-772,847,0,2,-1,
*,2262,12,21413,-999,1026,0,2,-1,
*,2262,12,21413,-536,998,0,2,-1,
*,2262,12,21413,-1022,676,0,2,-1,
*,2262,12,21413,-530,690,0,2,-1,
*,2262,12,21413,972,728,0,2,-1,
*,2262,12,21413,480,714,0,2,-1,
*,2262,12,21413,965,1035,0,2,-1,
*,2262,12,21413,503,1064,0,2,-1,
*,2262,12,21413,730,885,0,2,-1,
*,2262,13,21414,972,728,0,2,-1,
*,2262,13,21414,480,714,0,2,-1,
*,2262,13,21414,965,1035,0,2,-1,
*,2262,13,21414,503,1064,0,2,-1,
*,2262,13,21414,730,885,0,2,-1,
*,2262,13,21414,730,-864,0,2,-1,
*,2262,13,21414,503,-684,0,2,-1,
*,2262,13,21414,965,-713,0,2,-1,
*,2262,13,21414,480,-1035,0,2,-1,
*,2262,13,21414,972,-1021,0,2,-1,
*,2262,14,21414,972,728,0,2,-1,
*,2262,14,21414,480,714,0,2,-1,
*,2262,14,21414,965,1035,0,2,-1,
*,2262,14,21414,503,1064,0,2,-1,
*,2262,14,21414,730,885,0,2,-1,
*,2262,14,21414,730,-864,0,2,-1,
*,2262,14,21414,503,-684,0,2,-1,
*,2262,14,21414,965,-713,0,2,-1,
*,2262,14,21414,480,-1035,0,2,-1,
*,2262,14,21414,972,-1021,0,2,-1,
*,2262,15,21414,972,728,0,2,-1,
*,2262,15,21414,480,714,0,2,-1,
*,2262,15,21414,965,1035,0,2,-1,
*,2262,15,21414,503,1064,0,2,-1,
*,2262,15,21414,730,885,0,2,-1,
*,2262,15,21414,730,-864,0,2,-1,
*,2262,15,21414,503,-684,0,2,-1,
*,2262,15,21414,965,-713,0,2,-1,
*,2262,15,21414,480,-1035,0,2,-1,
*,2262,15,21414,972,-1021,0,2,-1,
*,2262,16,21414,972,728,0,2,-1,
*,2262,16,21414,480,714,0,2,-1,
*,2262,16,21414,965,1035,0,2,-1,
*,2262,16,21414,503,1064,0,2,-1,
*,2262,16,21414,730,885,0,2,-1,
*,2262,16,21414,730,-864,0,2,-1,
*,2262,16,21414,503,-684,0,2,-1,
*,2262,16,21414,965,-713,0,2,-1,
*,2262,16,21414,480,-1035,0,2,-1,
*,2262,16,21414,972,-1021,0,2,-1,
*,2262,17,21415,730,-864,0,2,-1,
*,2262,17,21415,503,-684,0,2,-1,
*,2262,17,21415,965,-713,0,2,-1,
*,2262,17,21415,480,-1035,0,2,-1,
*,2262,17,21415,972,-1021,0,2,-1,
*,2262,17,21415,-524,-1021,0,2,-1,
*,2262,17,21415,-1016,-1035,0,2,-1,
*,2262,17,21415,-530,-713,0,2,-1,
*,2262,17,21415,-993,-684,0,2,-1,
*,2262,17,21415,-766,-864,0,2,-1,
*,2262,18,21415,730,-864,0,2,-1,
*,2262,18,21415,503,-684,0,2,-1,
*,2262,18,21415,965,-713,0,2,-1,
*,2262,18,21415,480,-1035,0,2,-1,
*,2262,18,21415,972,-1021,0,2,-1,
*,2262,18,21415,-524,-1021,0,2,-1,
*,2262,18,21415,-1016,-1035,0,2,-1,
*,2262,18,21415,-530,-713,0,2,-1,
*,2262,18,21415,-993,-684,0,2,-1,
*,2262,18,21415,-766,-864,0,2,-1,
*,2262,19,21415,730,-864,0,2,-1,
*,2262,19,21415,503,-684,0,2,-1,
*,2262,19,21415,965,-713,0,2,-1,
*,2262,19,21415,480,-1035,0,2,-1,
*,2262,19,21415,972,-1021,0,2,-1,
*,2262,19,21415,-524,-1021,0,2,-1,
*,2262,19,21415,-1016,-1035,0,2,-1,
*,2262,19,21415,-530,-713,0,2,-1,
*,2262,19,21415,-993,-684,0,2,-1,
*,2262,19,21415,-766,-864,0,2,-1,
*,2262,20,21415,730,-864,0,2,-1,
*,2262,20,21415,503,-684,0,2,-1,
*,2262,20,21415,965,-713,0,2,-1,
*,2262,20,21415,480,-1035,0,2,-1,
*,2262,20,21415,972,-1021,0,2,-1,
*,2262,20,21415,-524,-1021,0,2,-1,
*,2262,20,21415,-1016,-1035,0,2,-1,
*,2262,20,21415,-530,-713,0,2,-1,
*,2262,20,21415,-993,-684,0,2,-1,
*,2262,20,21415,-766,-864,0,2,-1,
*,2262,21,21416,-524,-1021,0,2,-1,
*,2262,21,21416,-1016,-1035,0,2,-1,
*,2262,21,21416,-530,-713,0,2,-1,
*,2262,21,21416,-993,-684,0,2,-1,
*,2262,21,21416,-766,-864,0,2,-1,
*,2262,21,21416,-766,860,0,2,-1,
*,2262,21,21416,-993,1039,0,2,-1,
*,2262,21,21416,-530,1011,0,2,-1,
*,2262,21,21416,-1016,689,0,2,-1,
*,2262,21,21416,-524,703,0,2,-1,
*,2262,22,21416,-524,-1021,0,2,-1,
*,2262,22,21416,-1016,-1035,0,2,-1,
*,2262,22,21416,-530,-713,0,2,-1,
*,2262,22,21416,-993,-684,0,2,-1,
*,2262,22,21416,-766,-864,0,2,-1,
*,2262,22,21416,-766,860,0,2,-1,
*,2262,22,21416,-993,1039,0,2,-1,
*,2262,22,21416,-530,1011,0,2,-1,
*,2262,22,21416,-1016,689,0,2,-1,
*,2262,22,21416,-524,703,0,2,-1,
*,2262,23,21416,-524,-1021,0,2,-1,
*,2262,23,21416,-1016,-1035,0,2,-1,
*,2262,23,21416,-530,-713,0,2,-1,
*,2262,23,21416,-993,-684,0,2,-1,
*,2262,23,21416,-766,-864,0,2,-1,
*,2262,23,21416,-766,860,0,2,-1,
*,2262,23,21416,-993,1039,0,2,-1,
*,2262,23,21416,-530,1011,0,2,-1,
*,2262,23,21416,-1016,689,0,2,-1,
*,2262,23,21416,-524,703,0,2,-1,
*,2262,24,21416,-524,-1021,0,2,-1,
*,2262,24,21416,-1016,-1035,0,2,-1,
*,2262,24,21416,-530,-713,0,2,-1,
*,2262,24,21416,-993,-684,0,2,-1,
*,2262,24,21416,-766,-864,0,2,-1,
*,2262,24,21416,-766,860,0,2,-1,
*,2262,24,21416,-993,1039,0,2,-1,
*,2262,24,21416,-530,1011,0,2,-1,
*,2262,24,21416,-1016,689,0,2,-1,
*,2262,24,21416,-524,703,0,2,-1,
*,2262,25,21417,-766,860,0,2,-1,
*,2262,25,21417,-993,1039,0,2,-1,
*,2262,25,21417,-530,1011,0,2,-1,
*,2262,25,21417,-1016,689,0,2,-1,
*,2262,25,21417,-524,703,0,2,-1,
*,2262,25,21417,979,734,0,2,-1,
*,2262,25,21417,486,720,0,2,-1,
*,2262,25,21417,972,1042,0,2,-1,
*,2262,25,21417,510,1071,0,2,-1,
*,2262,25,21417,736,891,0,2,-1,
*,2262,26,21417,-766,860,0,2,-1,
*,2262,26,21417,-993,1039,0,2,-1,
*,2262,26,21417,-530,1011,0,2,-1,
*,2262,26,21417,-1016,689,0,2,-1,
*,2262,26,21417,-524,703,0,2,-1,
*,2262,26,21417,979,734,0,2,-1,
*,2262,26,21417,486,720,0,2,-1,
*,2262,26,21417,972,1042,0,2,-1,
*,2262,26,21417,510,1071,0,2,-1,
*,2262,26,21417,736,891,0,2,-1,
*,2262,27,21417,-766,860,0,2,-1,
*,2262,27,21417,-993,1039,0,2,-1,
*,2262,27,21417,-530,1011,0,2,-1,
*,2262,27,21417,-1016,689,0,2,-1,
*,2262,27,21417,-524,703,0,2,-1,
*,2262,27,21417,979,734,0,2,-1,
*,2262,27,21417,486,720,0,2,-1,
*,2262,27,21417,972,1042,0,2,-1,
*,2262,27,21417,510,1071,0,2,-1,
*,2262,27,21417,736,891,0,2,-1,
*,2262,28,21417,-766,860,0,2,-1,
*,2262,28,21417,-993,1039,0,2,-1,
*,2262,28,21417,-530,1011,0,2,-1,
*,2262,28,21417,-1016,689,0,2,-1,
*,2262,28,21417,-524,703,0,2,-1,
*,2262,28,21417,979,734,0,2,-1,
*,2262,28,21417,486,720,0,2,-1,
*,2262,28,21417,972,1042,0,2,-1,
*,2262,28,21417,510,1071,0,2,-1,
*,2262,28,21417,736,891,0,2,-1,
*,2263,1,21421,495,-1045,0,2,-1,
*,2263,1,21421,987,-1031,0,2,-1,
*,2263,1,21421,745,-874,0,2,-1,
*,2263,1,21421,518,-695,0,2,-1,
*,2263,1,21421,981,-724,0,2,-1,
*,2263,1,21421,-530,-1031,0,2,-1,
*,2263,1,21421,-1023,-1045,0,2,-1,
*,2263,1,21421,-537,-724,0,2,-1,
*,2263,1,21421,-999,-695,0,2,-1,
*,2263,1,21421,-773,-874,0,2,-1,
*,2263,1,21421,-773,857,0,2,-1,
*,2263,1,21421,-999,1036,0,2,-1,
*,2263,1,21421,-537,1007,0,2,-1,
*,2263,1,21421,-1023,686,0,2,-1,
*,2263,1,21421,-530,700,0,2,-1,
*,2263,2,21421,495,-1045,0,2,-1,
*,2263,2,21421,987,-1031,0,2,-1,
*,2263,2,21421,745,-874,0,2,-1,
*,2263,2,21421,518,-695,0,2,-1,
*,2263,2,21421,981,-724,0,2,-1,
*,2263,2,21421,-530,-1031,0,2,-1,
*,2263,2,21421,-1023,-1045,0,2,-1,
*,2263,2,21421,-537,-724,0,2,-1,
*,2263,2,21421,-999,-695,0,2,-1,
*,2263,2,21421,-773,-874,0,2,-1,
*,2263,2,21421,-773,857,0,2,-1,
*,2263,2,21421,-999,1036,0,2,-1,
*,2263,2,21421,-537,1007,0,2,-1,
*,2263,2,21421,-1023,686,0,2,-1,
*,2263,2,21421,-530,700,0,2,-1,
*,2263,3,21421,495,-1045,0,2,-1,
*,2263,3,21421,987,-1031,0,2,-1,
*,2263,3,21421,745,-874,0,2,-1,
*,2263,3,21421,518,-695,0,2,-1,
*,2263,3,21421,981,-724,0,2,-1,
*,2263,3,21421,-530,-1031,0,2,-1,
*,2263,3,21421,-1023,-1045,0,2,-1,
*,2263,3,21421,-537,-724,0,2,-1,
*,2263,3,21421,-999,-695,0,2,-1,
*,2263,3,21421,-773,-874,0,2,-1,
*,2263,3,21421,-773,857,0,2,-1,
*,2263,3,21421,-999,1036,0,2,-1,
*,2263,3,21421,-537,1007,0,2,-1,
*,2263,3,21421,-1023,686,0,2,-1,
*,2263,3,21421,-530,700,0,2,-1,
*,2263,4,21421,495,-1045,0,2,-1,
*,2263,4,21421,987,-1031,0,2,-1,
*,2263,4,21421,745,-874,0,2,-1,
*,2263,4,21421,518,-695,0,2,-1,
*,2263,4,21421,981,-724,0,2,-1,
*,2263,4,21421,-530,-1031,0,2,-1,
*,2263,4,21421,-1023,-1045,0,2,-1,
*,2263,4,21421,-537,-724,0,2,-1,
*,2263,4,21421,-999,-695,0,2,-1,
*,2263,4,21421,-773,-874,0,2,-1,
*,2263,4,21421,-773,857,0,2,-1,
*,2263,4,21421,-999,1036,0,2,-1,
*,2263,4,21421,-537,1007,0,2,-1,
*,2263,4,21421,-1023,686,0,2,-1,
*,2263,4,21421,-530,700,0,2,-1,
*,2263,5,21422,-530,-1031,0,2,-1,
*,2263,5,21422,-1023,-1045,0,2,-1,
*,2263,5,21422,-537,-724,0,2,-1,
*,2263,5,21422,-999,-695,0,2,-1,
*,2263,5,21422,-773,-874,0,2,-1,
*,2263,5,21422,-773,860,0,2,-1,
*,2263,5,21422,-999,1039,0,2,-1,
*,2263,5,21422,-537,1010,0,2,-1,
*,2263,5,21422,-1023,688,0,2,-1,
*,2263,5,21422,-530,702,0,2,-1,
*,2263,5,21422,988,702,0,2,-1,
*,2263,5,21422,496,688,0,2,-1,
*,2263,5,21422,981,1010,0,2,-1,
*,2263,5,21422,519,1039,0,2,-1,
*,2263,5,21422,746,860,0,2,-1,
*,2263,6,21422,-530,-1031,0,2,-1,
*,2263,6,21422,-1023,-1045,0,2,-1,
*,2263,6,21422,-537,-724,0,2,-1,
*,2263,6,21422,-999,-695,0,2,-1,
*,2263,6,21422,-773,-874,0,2,-1,
*,2263,6,21422,-773,860,0,2,-1,
*,2263,6,21422,-999,1039,0,2,-1,
*,2263,6,21422,-537,1010,0,2,-1,
*,2263,6,21422,-1023,688,0,2,-1,
*,2263,6,21422,-530,702,0,2,-1,
*,2263,6,21422,988,702,0,2,-1,
*,2263,6,21422,496,688,0,2,-1,
*,2263,6,21422,981,1010,0,2,-1,
*,2263,6,21422,519,1039,0,2,-1,
*,2263,6,21422,746,860,0,2,-1,
*,2263,7,21422,-530,-1031,0,2,-1,
*,2263,7,21422,-1023,-1045,0,2,-1,
*,2263,7,21422,-537,-724,0,2,-1,
*,2263,7,21422,-999,-695,0,2,-1,
*,2263,7,21422,-773,-874,0,2,-1,
*,2263,7,21422,-773,860,0,2,-1,
*,2263,7,21422,-999,1039,0,2,-1,
*,2263,7,21422,-537,1010,0,2,-1,
*,2263,7,21422,-1023,688,0,2,-1,
*,2263,7,21422,-530,702,0,2,-1,
*,2263,7,21422,988,702,0,2,-1,
*,2263,7,21422,496,688,0,2,-1,
*,2263,7,21422,981,1010,0,2,-1,
*,2263,7,21422,519,1039,0,2,-1,
*,2263,7,21422,746,860,0,2,-1,
*,2263,8,21422,-530,-1031,0,2,-1,
*,2263,8,21422,-1023,-1045,0,2,-1,
*,2263,8,21422,-537,-724,0,2,-1,
*,2263,8,21422,-999,-695,0,2,-1,
*,2263,8,21422,-773,-874,0,2,-1,
*,2263,8,21422,-773,860,0,2,-1,
*,2263,8,21422,-999,1039,0,2,-1,
*,2263,8,21422,-537,1010,0,2,-1,
*,2263,8,21422,-1023,688,0,2,-1,
*,2263,8,21422,-530,702,0,2,-1,
*,2263,8,21422,988,702,0,2,-1,
*,2263,8,21422,496,688,0,2,-1,
*,2263,8,21422,981,1010,0,2,-1,
*,2263,8,21422,519,1039,0,2,-1,
*,2263,8,21422,746,860,0,2,-1,
*,2263,9,21423,-773,860,0,2,-1,
*,2263,9,21423,-999,1039,0,2,-1,
*,2263,9,21423,-537,1010,0,2,-1,
*,2263,9,21423,-1023,688,0,2,-1,
*,2263,9,21423,-530,702,0,2,-1,
*,2263,9,21423,983,702,0,2,-1,
*,2263,9,21423,490,688,0,2,-1,
*,2263,9,21423,976,1010,0,2,-1,
*,2263,9,21423,514,1039,0,2,-1,
*,2263,9,21423,740,860,0,2,-1,
*,2263,9,21423,740,-889,0,2,-1,
*,2263,9,21423,514,-710,0,2,-1,
*,2263,9,21423,976,-739,0,2,-1,
*,2263,9,21423,490,-1061,0,2,-1,
*,2263,9,21423,983,-1047,0,2,-1,
*,2263,10,21423,-773,860,0,2,-1,
*,2263,10,21423,-999,1039,0,2,-1,
*,2263,10,21423,-537,1010,0,2,-1,
*,2263,10,21423,-1023,688,0,2,-1,
*,2263,10,21423,-530,702,0,2,-1,
*,2263,10,21423,983,702,0,2,-1,
*,2263,10,21423,490,688,0,2,-1,
*,2263,10,21423,976,1010,0,2,-1,
*,2263,10,21423,514,1039,0,2,-1,
*,2263,10,21423,740,860,0,2,-1,
*,2263,10,21423,740,-889,0,2,-1,
*,2263,10,21423,514,-710,0,2,-1,
*,2263,10,21423,976,-739,0,2,-1,
*,2263,10,21423,490,-1061,0,2,-1,
*,2263,10,21423,983,-1047,0,2,-1,
*,2263,11,21423,-773,860,0,2,-1,
*,2263,11,21423,-999,1039,0,2,-1,
*,2263,11,21423,-537,1010,0,2,-1,
*,2263,11,21423,-1023,688,0,2,-1,
*,2263,11,21423,-530,702,0,2,-1,
*,2263,11,21423,983,702,0,2,-1,
*,2263,11,21423,490,688,0,2,-1,
*,2263,11,21423,976,1010,0,2,-1,
*,2263,11,21423,514,1039,0,2,-1,
*,2263,11,21423,740,860,0,2,-1,
*,2263,11,21423,740,-889,0,2,-1,
*,2263,11,21423,514,-710,0,2,-1,
*,2263,11,21423,976,-739,0,2,-1,
*,2263,11,21423,490,-1061,0,2,-1,
*,2263,11,21423,983,-1047,0,2,-1,
*,2263,12,21423,-773,860,0,2,-1,
*,2263,12,21423,-999,1039,0,2,-1,
*,2263,12,21423,-537,1010,0,2,-1,
*,2263,12,21423,-1023,688,0,2,-1,
*,2263,12,21423,-530,702,0,2,-1,
*,2263,12,21423,983,702,0,2,-1,
*,2263,12,21423,490,688,0,2,-1,
*,2263,12,21423,976,1010,0,2,-1,
*,2263,12,21423,514,1039,0,2,-1,
*,2263,12,21423,740,860,0,2,-1,
*,2263,12,21423,740,-889,0,2,-1,
*,2263,12,21423,514,-710,0,2,-1,
*,2263,12,21423,976,-739,0,2,-1,
*,2263,12,21423,490,-1061,0,2,-1,
*,2263,12,21423,983,-1047,0,2,-1,
*,2263,13,21424,983,702,0,2,-1,
*,2263,13,21424,490,688,0,2,-1,
*,2263,13,21424,976,1010,0,2,-1,
*,2263,13,21424,514,1039,0,2,-1,
*,2263,13,21424,740,860,0,2,-1,
*,2263,13,21424,740,-891,0,2,-1,
*,2263,13,21424,514,-711,0,2,-1,
*,2263,13,21424,976,-740,0,2,-1,
*,2263,13,21424,490,-1062,0,2,-1,
*,2263,13,21424,983,-1048,0,2,-1,
*,2263,13,21424,-579,-1048,0,2,-1,
*,2263,13,21424,-1071,-1062,0,2,-1,
*,2263,13,21424,-586,-740,0,2,-1,
*,2263,13,21424,-1048,-711,0,2,-1,
*,2263,13,21424,-821,-891,0,2,-1,
*,2263,14,21424,983,702,0,2,-1,
*,2263,14,21424,490,688,0,2,-1,
*,2263,14,21424,976,1010,0,2,-1,
*,2263,14,21424,514,1039,0,2,-1,
*,2263,14,21424,740,860,0,2,-1,
*,2263,14,21424,740,-891,0,2,-1,
*,2263,14,21424,514,-711,0,2,-1,
*,2263,14,21424,976,-740,0,2,-1,
*,2263,14,21424,490,-1062,0,2,-1,
*,2263,14,21424,983,-1048,0,2,-1,
*,2263,14,21424,-579,-1048,0,2,-1,
*,2263,14,21424,-1071,-1062,0,2,-1,
*,2263,14,21424,-586,-740,0,2,-1,
*,2263,14,21424,-1048,-711,0,2,-1,
*,2263,14,21424,-821,-891,0,2,-1,
*,2263,15,21424,983,702,0,2,-1,
*,2263,15,21424,490,688,0,2,-1,
*,2263,15,21424,976,1010,0,2,-1,
*,2263,15,21424,514,1039,0,2,-1,
*,2263,15,21424,740,860,0,2,-1,
*,2263,15,21424,740,-891,0,2,-1,
*,2263,15,21424,514,-711,0,2,-1,
*,2263,15,21424,976,-740,0,2,-1,
*,2263,15,21424,490,-1062,0,2,-1,
*,2263,15,21424,983,-1048,0,2,-1,
*,2263,15,21424,-579,-1048,0,2,-1,
*,2263,15,21424,-1071,-1062,0,2,-1,
*,2263,15,21424,-586,-740,0,2,-1,
*,2263,15,21424,-1048,-711,0,2,-1,
*,2263,15,21424,-821,-891,0,2,-1,
*,2263,16,21424,983,702,0,2,-1,
*,2263,16,21424,490,688,0,2,-1,
*,2263,16,21424,976,1010,0,2,-1,
*,2263,16,21424,514,1039,0,2,-1,
*,2263,16,21424,740,860,0,2,-1,
*,2263,16,21424,740,-891,0,2,-1,
*,2263,16,21424,514,-711,0,2,-1,
*,2263,16,21424,976,-740,0,2,-1,
*,2263,16,21424,490,-1062,0,2,-1,
*,2263,16,21424,983,-1048,0,2,-1,
*,2263,16,21424,-579,-1048,0,2,-1,
*,2263,16,21424,-1071,-1062,0,2,-1,
*,2263,16,21424,-586,-740,0,2,-1,
*,2263,16,21424,-1048,-711,0,2,-1,
*,2263,16,21424,-821,-891,0,2,-1,
*,2263,17,21425,740,-891,0,2,-1,
*,2263,17,21425,514,-711,0,2,-1,
*,2263,17,21425,976,-740,0,2,-1,
*,2263,17,21425,490,-1062,0,2,-1,
*,2263,17,21425,983,-1048,0,2,-1,
*,2263,17,21425,-550,-1048,0,2,-1,
*,2263,17,21425,-1043,-1062,0,2,-1,
*,2263,17,21425,-557,-740,0,2,-1,
*,2263,17,21425,-1019,-711,0,2,-1,
*,2263,17,21425,-793,-891,0,2,-1,
*,2263,17,21425,-793,868,0,2,-1,
*,2263,17,21425,-1019,1047,0,2,-1,
*,2263,17,21425,-557,1018,0,2,-1,
*,2263,17,21425,-1043,697,0,2,-1,
*,2263,17,21425,-550,711,0,2,-1,
*,2263,18,21425,740,-891,0,2,-1,
*,2263,18,21425,514,-711,0,2,-1,
*,2263,18,21425,976,-740,0,2,-1,
*,2263,18,21425,490,-1062,0,2,-1,
*,2263,18,21425,983,-1048,0,2,-1,
*,2263,18,21425,-550,-1048,0,2,-1,
*,2263,18,21425,-1043,-1062,0,2,-1,
*,2263,18,21425,-557,-740,0,2,-1,
*,2263,18,21425,-1019,-711,0,2,-1,
*,2263,18,21425,-793,-891,0,2,-1,
*,2263,18,21425,-793,868,0,2,-1,
*,2263,18,21425,-1019,1047,0,2,-1,
*,2263,18,21425,-557,1018,0,2,-1,
*,2263,18,21425,-1043,697,0,2,-1,
*,2263,18,21425,-550,711,0,2,-1,
*,2263,19,21425,740,-891,0,2,-1,
*,2263,19,21425,514,-711,0,2,-1,
*,2263,19,21425,976,-740,0,2,-1,
*,2263,19,21425,490,-1062,0,2,-1,
*,2263,19,21425,983,-1048,0,2,-1,
*,2263,19,21425,-550,-1048,0,2,-1,
*,2263,19,21425,-1043,-1062,0,2,-1,
*,2263,19,21425,-557,-740,0,2,-1,
*,2263,19,21425,-1019,-711,0,2,-1,
*,2263,19,21425,-793,-891,0,2,-1,
*,2263,19,21425,-793,868,0,2,-1,
*,2263,19,21425,-1019,1047,0,2,-1,
*,2263,19,21425,-557,1018,0,2,-1,
*,2263,19,21425,-1043,697,0,2,-1,
*,2263,19,21425,-550,711,0,2,-1,
*,2263,20,21425,740,-891,0,2,-1,
*,2263,20,21425,514,-711,0,2,-1,
*,2263,20,21425,976,-740,0,2,-1,
*,2263,20,21425,490,-1062,0,2,-1,
*,2263,20,21425,983,-1048,0,2,-1,
*,2263,20,21425,-550,-1048,0,2,-1,
*,2263,20,21425,-1043,-1062,0,2,-1,
*,2263,20,21425,-557,-740,0,2,-1,
*,2263,20,21425,-1019,-711,0,2,-1,
*,2263,20,21425,-793,-891,0,2,-1,
*,2263,20,21425,-793,868,0,2,-1,
*,2263,20,21425,-1019,1047,0,2,-1,
*,2263,20,21425,-557,1018,0,2,-1,
*,2263,20,21425,-1043,697,0,2,-1,
*,2263,20,21425,-550,711,0,2,-1,
*,2263,21,21426,-550,-1048,0,2,-1,
*,2263,21,21426,-1043,-1062,0,2,-1,
*,2263,21,21426,-557,-740,0,2,-1,
*,2263,21,21426,-1019,-711,0,2,-1,
*,2263,21,21426,-793,-891,0,2,-1,
*,2263,21,21426,-793,864,0,2,-1,
*,2263,21,21426,-1019,1044,0,2,-1,
*,2263,21,21426,-557,1015,0,2,-1,
*,2263,21,21426,-1043,693,0,2,-1,
*,2263,21,21426,-550,707,0,2,-1,
*,2263,21,21426,999,707,0,2,-1,
*,2263,21,21426,507,693,0,2,-1,
*,2263,21,21426,992,1015,0,2,-1,
*,2263,21,21426,530,1044,0,2,-1,
*,2263,21,21426,757,864,0,2,-1,
*,2263,22,21426,-550,-1048,0,2,-1,
*,2263,22,21426,-1043,-1062,0,2,-1,
*,2263,22,21426,-557,-740,0,2,-1,
*,2263,22,21426,-1019,-711,0,2,-1,
*,2263,22,21426,-793,-891,0,2,-1,
*,2263,22,21426,-793,864,0,2,-1,
*,2263,22,21426,-1019,1044,0,2,-1,
*,2263,22,21426,-557,1015,0,2,-1,
*,2263,22,21426,-1043,693,0,2,-1,
*,2263,22,21426,-550,707,0,2,-1,
*,2263,22,21426,999,707,0,2,-1,
*,2263,22,21426,507,693,0,2,-1,
*,2263,22,21426,992,1015,0,2,-1,
*,2263,22,21426,530,1044,0,2,-1,
*,2263,22,21426,757,864,0,2,-1,
*,2263,23,21426,-550,-1048,0,2,-1,
*,2263,23,21426,-1043,-1062,0,2,-1,
*,2263,23,21426,-557,-740,0,2,-1,
*,2263,23,21426,-1019,-711,0,2,-1,
*,2263,23,21426,-793,-891,0,2,-1,
*,2263,23,21426,-793,864,0,2,-1,
*,2263,23,21426,-1019,1044,0,2,-1,
*,2263,23,21426,-557,1015,0,2,-1,
*,2263,23,21426,-1043,693,0,2,-1,
*,2263,23,21426,-550,707,0,2,-1,
*,2263,23,21426,999,707,0,2,-1,
*,2263,23,21426,507,693,0,2,-1,
*,2263,23,21426,992,1015,0,2,-1,
*,2263,23,21426,530,1044,0,2,-1,
*,2263,23,21426,757,864,0,2,-1,
*,2263,24,21426,-550,-1048,0,2,-1,
*,2263,24,21426,-1043,-1062,0,2,-1,
*,2263,24,21426,-557,-740,0,2,-1,
*,2263,24,21426,-1019,-711,0,2,-1,
*,2263,24,21426,-793,-891,0,2,-1,
*,2263,24,21426,-793,864,0,2,-1,
*,2263,24,21426,-1019,1044,0,2,-1,
*,2263,24,21426,-557,1015,0,2,-1,
*,2263,24,21426,-1043,693,0,2,-1,
*,2263,24,21426,-550,707,0,2,-1,
*,2263,24,21426,999,707,0,2,-1,
*,2263,24,21426,507,693,0,2,-1,
*,2263,24,21426,992,1015,0,2,-1,
*,2263,24,21426,530,1044,0,2,-1,
*,2263,24,21426,757,864,0,2,-1,
*,2263,25,21427,-793,864,0,2,-1,
*,2263,25,21427,-1019,1044,0,2,-1,
*,2263,25,21427,-557,1015,0,2,-1,
*,2263,25,21427,-1043,693,0,2,-1,
*,2263,25,21427,-550,707,0,2,-1,
*,2263,25,21427,754,864,0,2,-1,
*,2263,25,21427,528,1044,0,2,-1,
*,2263,25,21427,990,1015,0,2,-1,
*,2263,25,21427,504,693,0,2,-1,
*,2263,25,21427,997,707,0,2,-1,
*,2263,25,21427,997,-1028,0,2,-1,
*,2263,25,21427,504,-1042,0,2,-1,
*,2263,25,21427,990,-721,0,2,-1,
*,2263,25,21427,528,-692,0,2,-1,
*,2263,25,21427,754,-871,0,2,-1,
*,2263,26,21427,-793,864,0,2,-1,
*,2263,26,21427,-1019,1044,0,2,-1,
*,2263,26,21427,-557,1015,0,2,-1,
*,2263,26,21427,-1043,693,0,2,-1,
*,2263,26,21427,-550,707,0,2,-1,
*,2263,26,21427,754,864,0,2,-1,
*,2263,26,21427,528,1044,0,2,-1,
*,2263,26,21427,990,1015,0,2,-1,
*,2263,26,21427,504,693,0,2,-1,
*,2263,26,21427,997,707,0,2,-1,
*,2263,26,21427,997,-1028,0,2,-1,
*,2263,26,21427,504,-1042,0,2,-1,
*,2263,26,21427,990,-721,0,2,-1,
*,2263,26,21427,528,-692,0,2,-1,
*,2263,26,21427,754,-871,0,2,-1,
*,2263,27,21427,-793,864,0,2,-1,
*,2263,27,21427,-1019,1044,0,2,-1,
*,2263,27,21427,-557,1015,0,2,-1,
*,2263,27,21427,-1043,693,0,2,-1,
*,2263,27,21427,-550,707,0,2,-1,
*,2263,27,21427,754,864,0,2,-1,
*,2263,27,21427,528,1044,0,2,-1,
*,2263,27,21427,990,1015,0,2,-1,
*,2263,27,21427,504,693,0,2,-1,
*,2263,27,21427,997,707,0,2,-1,
*,2263,27,21427,997,-1028,0,2,-1,
*,2263,27,21427,504,-1042,0,2,-1,
*,2263,27,21427,990,-721,0,2,-1,
*,2263,27,21427,528,-692,0,2,-1,
*,2263,27,21427,754,-871,0,2,-1,
*,2263,28,21427,-793,864,0,2,-1,
*,2263,28,21427,-1019,1044,0,2,-1,
*,2263,28,21427,-557,1015,0,2,-1,
*,2263,28,21427,-1043,693,0,2,-1,
*,2263,28,21427,-550,707,0,2,-1,
*,2263,28,21427,754,864,0,2,-1,
*,2263,28,21427,528,1044,0,2,-1,
*,2263,28,21427,990,1015,0,2,-1,
*,2263,28,21427,504,693,0,2,-1,
*,2263,28,21427,997,707,0,2,-1,
*,2263,28,21427,997,-1028,0,2,-1,
*,2263,28,21427,504,-1042,0,2,-1,
*,2263,28,21427,990,-721,0,2,-1,
*,2263,28,21427,528,-692,0,2,-1,
*,2263,28,21427,754,-871,0,2,-1,
*,2264,1,21431,495,-1045,0,2,-1,
*,2264,1,21431,987,-1031,0,2,-1,
*,2264,1,21431,745,-874,0,2,-1,
*,2264,1,21431,518,-695,0,2,-1,
*,2264,1,21431,981,-724,0,2,-1,
*,2264,1,21431,-530,-1031,0,2,-1,
*,2264,1,21431,-1022,-1045,0,2,-1,
*,2264,1,21431,-536,-724,0,2,-1,
*,2264,1,21431,-999,-695,0,2,-1,
*,2264,1,21431,-772,-874,0,2,-1,
*,2264,1,21431,-772,839,0,2,-1,
*,2264,1,21431,-999,1018,0,2,-1,
*,2264,1,21431,-536,989,0,2,-1,
*,2264,1,21431,-1022,668,0,2,-1,
*,2264,1,21431,-530,682,0,2,-1,
*,2264,1,21431,1009,682,0,2,-1,
*,2264,1,21431,516,668,0,2,-1,
*,2264,1,21431,1002,989,0,2,-1,
*,2264,1,21431,540,1018,0,2,-1,
*,2264,1,21431,766,839,0,2,-1,
*,2264,2,21431,495,-1045,0,2,-1,
*,2264,2,21431,987,-1031,0,2,-1,
*,2264,2,21431,745,-874,0,2,-1,
*,2264,2,21431,518,-695,0,2,-1,
*,2264,2,21431,981,-724,0,2,-1,
*,2264,2,21431,-530,-1031,0,2,-1,
*,2264,2,21431,-1022,-1045,0,2,-1,
*,2264,2,21431,-536,-724,0,2,-1,
*,2264,2,21431,-999,-695,0,2,-1,
*,2264,2,21431,-772,-874,0,2,-1,
*,2264,2,21431,-772,839,0,2,-1,
*,2264,2,21431,-999,1018,0,2,-1,
*,2264,2,21431,-536,989,0,2,-1,
*,2264,2,21431,-1022,668,0,2,-1,
*,2264,2,21431,-530,682,0,2,-1,
*,2264,2,21431,1009,682,0,2,-1,
*,2264,2,21431,516,668,0,2,-1,
*,2264,2,21431,1002,989,0,2,-1,
*,2264,2,21431,540,1018,0,2,-1,
*,2264,2,21431,766,839,0,2,-1,
*,2264,3,21431,495,-1045,0,2,-1,
*,2264,3,21431,987,-1031,0,2,-1,
*,2264,3,21431,745,-874,0,2,-1,
*,2264,3,21431,518,-695,0,2,-1,
*,2264,3,21431,981,-724,0,2,-1,
*,2264,3,21431,-530,-1031,0,2,-1,
*,2264,3,21431,-1022,-1045,0,2,-1,
*,2264,3,21431,-536,-724,0,2,-1,
*,2264,3,21431,-999,-695,0,2,-1,
*,2264,3,21431,-772,-874,0,2,-1,
*,2264,3,21431,-772,839,0,2,-1,
*,2264,3,21431,-999,1018,0,2,-1,
*,2264,3,21431,-536,989,0,2,-1,
*,2264,3,21431,-1022,668,0,2,-1,
*,2264,3,21431,-530,682,0,2,-1,
*,2264,3,21431,1009,682,0,2,-1,
*,2264,3,21431,516,668,0,2,-1,
*,2264,3,21431,1002,989,0,2,-1,
*,2264,3,21431,540,1018,0,2,-1,
*,2264,3,21431,766,839,0,2,-1,
*,2264,4,21431,495,-1045,0,2,-1,
*,2264,4,21431,987,-1031,0,2,-1,
*,2264,4,21431,745,-874,0,2,-1,
*,2264,4,21431,518,-695,0,2,-1,
*,2264,4,21431,981,-724,0,2,-1,
*,2264,4,21431,-530,-1031,0,2,-1,
*,2264,4,21431,-1022,-1045,0,2,-1,
*,2264,4,21431,-536,-724,0,2,-1,
*,2264,4,21431,-999,-695,0,2,-1,
*,2264,4,21431,-772,-874,0,2,-1,
*,2264,4,21431,-772,839,0,2,-1,
*,2264,4,21431,-999,1018,0,2,-1,
*,2264,4,21431,-536,989,0,2,-1,
*,2264,4,21431,-1022,668,0,2,-1,
*,2264,4,21431,-530,682,0,2,-1,
*,2264,4,21431,1009,682,0,2,-1,
*,2264,4,21431,516,668,0,2,-1,
*,2264,4,21431,1002,989,0,2,-1,
*,2264,4,21431,540,1018,0,2,-1,
*,2264,4,21431,766,839,0,2,-1,
*,2264,5,21432,495,-1045,0,2,-1,
*,2264,5,21432,987,-1031,0,2,-1,
*,2264,5,21432,745,-874,0,2,-1,
*,2264,5,21432,518,-695,0,2,-1,
*,2264,5,21432,981,-724,0,2,-1,
*,2264,5,21432,-541,-1031,0,2,-1,
*,2264,5,21432,-1033,-1045,0,2,-1,
*,2264,5,21432,-547,-724,0,2,-1,
*,2264,5,21432,-1010,-695,0,2,-1,
*,2264,5,21432,-783,-874,0,2,-1,
*,2264,5,21432,-783,840,0,2,-1,
*,2264,5,21432,-1010,1019,0,2,-1,
*,2264,5,21432,-547,991,0,2,-1,
*,2264,5,21432,-1033,669,0,2,-1,
*,2264,5,21432,-541,683,0,2,-1,
*,2264,5,21432,1023,683,0,2,-1,
*,2264,5,21432,530,669,0,2,-1,
*,2264,5,21432,1016,991,0,2,-1,
*,2264,5,21432,554,1019,0,2,-1,
*,2264,5,21432,780,840,0,2,-1,
*,2264,6,21432,495,-1045,0,2,-1,
*,2264,6,21432,987,-1031,0,2,-1,
*,2264,6,21432,745,-874,0,2,-1,
*,2264,6,21432,518,-695,0,2,-1,
*,2264,6,21432,981,-724,0,2,-1,
*,2264,6,21432,-541,-1031,0,2,-1,
*,2264,6,21432,-1033,-1045,0,2,-1,
*,2264,6,21432,-547,-724,0,2,-1,
*,2264,6,21432,-1010,-695,0,2,-1,
*,2264,6,21432,-783,-874,0,2,-1,
*,2264,6,21432,-783,840,0,2,-1,
*,2264,6,21432,-1010,1019,0,2,-1,
*,2264,6,21432,-547,991,0,2,-1,
*,2264,6,21432,-1033,669,0,2,-1,
*,2264,6,21432,-541,683,0,2,-1,
*,2264,6,21432,1023,683,0,2,-1,
*,2264,6,21432,530,669,0,2,-1,
*,2264,6,21432,1016,991,0,2,-1,
*,2264,6,21432,554,1019,0,2,-1,
*,2264,6,21432,780,840,0,2,-1,
*,2264,7,21432,495,-1045,0,2,-1,
*,2264,7,21432,987,-1031,0,2,-1,
*,2264,7,21432,745,-874,0,2,-1,
*,2264,7,21432,518,-695,0,2,-1,
*,2264,7,21432,981,-724,0,2,-1,
*,2264,7,21432,-541,-1031,0,2,-1,
*,2264,7,21432,-1033,-1045,0,2,-1,
*,2264,7,21432,-547,-724,0,2,-1,
*,2264,7,21432,-1010,-695,0,2,-1,
*,2264,7,21432,-783,-874,0,2,-1,
*,2264,7,21432,-783,840,0,2,-1,
*,2264,7,21432,-1010,1019,0,2,-1,
*,2264,7,21432,-547,991,0,2,-1,
*,2264,7,21432,-1033,669,0,2,-1,
*,2264,7,21432,-541,683,0,2,-1,
*,2264,7,21432,1023,683,0,2,-1,
*,2264,7,21432,530,669,0,2,-1,
*,2264,7,21432,1016,991,0,2,-1,
*,2264,7,21432,554,1019,0,2,-1,
*,2264,7,21432,780,840,0,2,-1,
*,2264,8,21432,495,-1045,0,2,-1,
*,2264,8,21432,987,-1031,0,2,-1,
*,2264,8,21432,745,-874,0,2,-1,
*,2264,8,21432,518,-695,0,2,-1,
*,2264,8,21432,981,-724,0,2,-1,
*,2264,8,21432,-541,-1031,0,2,-1,
*,2264,8,21432,-1033,-1045,0,2,-1,
*,2264,8,21432,-547,-724,0,2,-1,
*,2264,8,21432,-1010,-695,0,2,-1,
*,2264,8,21432,-783,-874,0,2,-1,
*,2264,8,21432,-783,840,0,2,-1,
*,2264,8,21432,-1010,1019,0,2,-1,
*,2264,8,21432,-547,991,0,2,-1,
*,2264,8,21432,-1033,669,0,2,-1,
*,2264,8,21432,-541,683,0,2,-1,
*,2264,8,21432,1023,683,0,2,-1,
*,2264,8,21432,530,669,0,2,-1,
*,2264,8,21432,1016,991,0,2,-1,
*,2264,8,21432,554,1019,0,2,-1,
*,2264,8,21432,780,840,0,2,-1,
*,2264,9,21433,495,-1045,0,2,-1,
*,2264,9,21433,987,-1031,0,2,-1,
*,2264,9,21433,745,-874,0,2,-1,
*,2264,9,21433,518,-695,0,2,-1,
*,2264,9,21433,981,-724,0,2,-1,
*,2264,9,21433,-547,-1031,0,2,-1,
*,2264,9,21433,-1040,-1045,0,2,-1,
*,2264,9,21433,-554,-724,0,2,-1,
*,2264,9,21433,-1016,-695,0,2,-1,
*,2264,9,21433,-790,-874,0,2,-1,
*,2264,9,21433,-790,827,0,2,-1,
*,2264,9,21433,-1016,1007,0,2,-1,
*,2264,9,21433,-554,978,0,2,-1,
*,2264,9,21433,-1040,656,0,2,-1,
*,2264,9,21433,-547,670,0,2,-1,
*,2264,9,21433,1040,670,0,2,-1,
*,2264,9,21433,547,656,0,2,-1,
*,2264,9,21433,1033,978,0,2,-1,
*,2264,9,21433,571,1007,0,2,-1,
*,2264,9,21433,797,827,0,2,-1,
*,2264,10,21433,495,-1045,0,2,-1,
*,2264,10,21433,987,-1031,0,2,-1,
*,2264,10,21433,745,-874,0,2,-1,
*,2264,10,21433,518,-695,0,2,-1,
*,2264,10,21433,981,-724,0,2,-1,
*,2264,10,21433,-547,-1031,0,2,-1,
*,2264,10,21433,-1040,-1045,0,2,-1,
*,2264,10,21433,-554,-724,0,2,-1,
*,2264,10,21433,-1016,-695,0,2,-1,
*,2264,10,21433,-790,-874,0,2,-1,
*,2264,10,21433,-790,827,0,2,-1,
*,2264,10,21433,-1016,1007,0,2,-1,
*,2264,10,21433,-554,978,0,2,-1,
*,2264,10,21433,-1040,656,0,2,-1,
*,2264,10,21433,-547,670,0,2,-1,
*,2264,10,21433,1040,670,0,2,-1,
*,2264,10,21433,547,656,0,2,-1,
*,2264,10,21433,1033,978,0,2,-1,
*,2264,10,21433,571,1007,0,2,-1,
*,2264,10,21433,797,827,0,2,-1,
*,2264,11,21433,495,-1045,0,2,-1,
*,2264,11,21433,987,-1031,0,2,-1,
*,2264,11,21433,745,-874,0,2,-1,
*,2264,11,21433,518,-695,0,2,-1,
*,2264,11,21433,981,-724,0,2,-1,
*,2264,11,21433,-547,-1031,0,2,-1,
*,2264,11,21433,-1040,-1045,0,2,-1,
*,2264,11,21433,-554,-724,0,2,-1,
*,2264,11,21433,-1016,-695,0,2,-1,
*,2264,11,21433,-790,-874,0,2,-1,
*,2264,11,21433,-790,827,0,2,-1,
*,2264,11,21433,-1016,1007,0,2,-1,
*,2264,11,21433,-554,978,0,2,-1,
*,2264,11,21433,-1040,656,0,2,-1,
*,2264,11,21433,-547,670,0,2,-1,
*,2264,11,21433,1040,670,0,2,-1,
*,2264,11,21433,547,656,0,2,-1,
*,2264,11,21433,1033,978,0,2,-1,
*,2264,11,21433,571,1007,0,2,-1,
*,2264,11,21433,797,827,0,2,-1,
*,2264,12,21433,495,-1045,0,2,-1,
*,2264,12,21433,987,-1031,0,2,-1,
*,2264,12,21433,745,-874,0,2,-1,
*,2264,12,21433,518,-695,0,2,-1,
*,2264,12,21433,981,-724,0,2,-1,
*,2264,12,21433,-547,-1031,0,2,-1,
*,2264,12,21433,-1040,-1045,0,2,-1,
*,2264,12,21433,-554,-724,0,2,-1,
*,2264,12,21433,-1016,-695,0,2,-1,
*,2264,12,21433,-790,-874,0,2,-1,
*,2264,12,21433,-790,827,0,2,-1,
*,2264,12,21433,-1016,1007,0,2,-1,
*,2264,12,21433,-554,978,0,2,-1,
*,2264,12,21433,-1040,656,0,2,-1,
*,2264,12,21433,-547,670,0,2,-1,
*,2264,12,21433,1040,670,0,2,-1,
*,2264,12,21433,547,656,0,2,-1,
*,2264,12,21433,1033,978,0,2,-1,
*,2264,12,21433,571,1007,0,2,-1,
*,2264,12,21433,797,827,0,2,-1,
*,2264,13,21434,495,-1045,0,2,-1,
*,2264,13,21434,987,-1031,0,2,-1,
*,2264,13,21434,745,-874,0,2,-1,
*,2264,13,21434,518,-695,0,2,-1,
*,2264,13,21434,981,-724,0,2,-1,
*,2264,13,21434,-548,-1031,0,2,-1,
*,2264,13,21434,-1041,-1045,0,2,-1,
*,2264,13,21434,-555,-724,0,2,-1,
*,2264,13,21434,-1017,-695,0,2,-1,
*,2264,13,21434,-791,-874,0,2,-1,
*,2264,13,21434,-791,827,0,2,-1,
*,2264,13,21434,-1017,1006,0,2,-1,
*,2264,13,21434,-555,978,0,2,-1,
*,2264,13,21434,-1041,656,0,2,-1,
*,2264,13,21434,-548,670,0,2,-1,
*,2264,13,21434,1056,670,0,2,-1,
*,2264,13,21434,564,656,0,2,-1,
*,2264,13,21434,1049,978,0,2,-1,
*,2264,13,21434,587,1006,0,2,-1,
*,2264,13,21434,813,827,0,2,-1,
*,2264,14,21434,495,-1045,0,2,-1,
*,2264,14,21434,987,-1031,0,2,-1,
*,2264,14,21434,745,-874,0,2,-1,
*,2264,14,21434,518,-695,0,2,-1,
*,2264,14,21434,981,-724,0,2,-1,
*,2264,14,21434,-548,-1031,0,2,-1,
*,2264,14,21434,-1041,-1045,0,2,-1,
*,2264,14,21434,-555,-724,0,2,-1,
*,2264,14,21434,-1017,-695,0,2,-1,
*,2264,14,21434,-791,-874,0,2,-1,
*,2264,14,21434,-791,827,0,2,-1,
*,2264,14,21434,-1017,1006,0,2,-1,
*,2264,14,21434,-555,978,0,2,-1,
*,2264,14,21434,-1041,656,0,2,-1,
*,2264,14,21434,-548,670,0,2,-1,
*,2264,14,21434,1056,670,0,2,-1,
*,2264,14,21434,564,656,0,2,-1,
*,2264,14,21434,1049,978,0,2,-1,
*,2264,14,21434,587,1006,0,2,-1,
*,2264,14,21434,813,827,0,2,-1,
*,2264,15,21434,495,-1045,0,2,-1,
*,2264,15,21434,987,-1031,0,2,-1,
*,2264,15,21434,745,-874,0,2,-1,
*,2264,15,21434,518,-695,0,2,-1,
*,2264,15,21434,981,-724,0,2,-1,
*,2264,15,21434,-548,-1031,0,2,-1,
*,2264,15,21434,-1041,-1045,0,2,-1,
*,2264,15,21434,-555,-724,0,2,-1,
*,2264,15,21434,-1017,-695,0,2,-1,
*,2264,15,21434,-791,-874,0,2,-1,
*,2264,15,21434,-791,827,0,2,-1,
*,2264,15,21434,-1017,1006,0,2,-1,
*,2264,15,21434,-555,978,0,2,-1,
*,2264,15,21434,-1041,656,0,2,-1,
*,2264,15,21434,-548,670,0,2,-1,
*,2264,15,21434,1056,670,0,2,-1,
*,2264,15,21434,564,656,0,2,-1,
*,2264,15,21434,1049,978,0,2,-1,
*,2264,15,21434,587,1006,0,2,-1,
*,2264,15,21434,813,827,0,2,-1,
*,2264,16,21434,495,-1045,0,2,-1,
*,2264,16,21434,987,-1031,0,2,-1,
*,2264,16,21434,745,-874,0,2,-1,
*,2264,16,21434,518,-695,0,2,-1,
*,2264,16,21434,981,-724,0,2,-1,
*,2264,16,21434,-548,-1031,0,2,-1,
*,2264,16,21434,-1041,-1045,0,2,-1,
*,2264,16,21434,-555,-724,0,2,-1,
*,2264,16,21434,-1017,-695,0,2,-1,
*,2264,16,21434,-791,-874,0,2,-1,
*,2264,16,21434,-791,827,0,2,-1,
*,2264,16,21434,-1017,1006,0,2,-1,
*,2264,16,21434,-555,978,0,2,-1,
*,2264,16,21434,-1041,656,0,2,-1,
*,2264,16,21434,-548,670,0,2,-1,
*,2264,16,21434,1056,670,0,2,-1,
*,2264,16,21434,564,656,0,2,-1,
*,2264,16,21434,1049,978,0,2,-1,
*,2264,16,21434,587,1006,0,2,-1,
*,2264,16,21434,813,827,0,2,-1,
*,2264,17,21435,495,-1045,0,2,-1,
*,2264,17,21435,987,-1031,0,2,-1,
*,2264,17,21435,745,-874,0,2,-1,
*,2264,17,21435,518,-695,0,2,-1,
*,2264,17,21435,981,-724,0,2,-1,
*,2264,17,21435,-539,-1031,0,2,-1,
*,2264,17,21435,-1032,-1045,0,2,-1,
*,2264,17,21435,-546,-724,0,2,-1,
*,2264,17,21435,-1008,-695,0,2,-1,
*,2264,17,21435,-782,-874,0,2,-1,
*,2264,17,21435,-782,832,0,2,-1,
*,2264,17,21435,-1008,1011,0,2,-1,
*,2264,17,21435,-546,983,0,2,-1,
*,2264,17,21435,-1032,661,0,2,-1,
*,2264,17,21435,-539,675,0,2,-1,
*,2264,17,21435,1051,675,0,2,-1,
*,2264,17,21435,559,661,0,2,-1,
*,2264,17,21435,1045,983,0,2,-1,
*,2264,17,21435,583,1011,0,2,-1,
*,2264,17,21435,809,832,0,2,-1,
*,2264,18,21435,495,-1045,0,2,-1,
*,2264,18,21435,987,-1031,0,2,-1,
*,2264,18,21435,745,-874,0,2,-1,
*,2264,18,21435,518,-695,0,2,-1,
*,2264,18,21435,981,-724,0,2,-1,
*,2264,18,21435,-539,-1031,0,2,-1,
*,2264,18,21435,-1032,-1045,0,2,-1,
*,2264,18,21435,-546,-724,0,2,-1,
*,2264,18,21435,-1008,-695,0,2,-1,
*,2264,18,21435,-782,-874,0,2,-1,
*,2264,18,21435,-782,832,0,2,-1,
*,2264,18,21435,-1008,1011,0,2,-1,
*,2264,18,21435,-546,983,0,2,-1,
*,2264,18,21435,-1032,661,0,2,-1,
*,2264,18,21435,-539,675,0,2,-1,
*,2264,18,21435,1051,675,0,2,-1,
*,2264,18,21435,559,661,0,2,-1,
*,2264,18,21435,1045,983,0,2,-1,
*,2264,18,21435,583,1011,0,2,-1,
*,2264,18,21435,809,832,0,2,-1,
*,2264,19,21435,495,-1045,0,2,-1,
*,2264,19,21435,987,-1031,0,2,-1,
*,2264,19,21435,745,-874,0,2,-1,
*,2264,19,21435,518,-695,0,2,-1,
*,2264,19,21435,981,-724,0,2,-1,
*,2264,19,21435,-539,-1031,0,2,-1,
*,2264,19,21435,-1032,-1045,0,2,-1,
*,2264,19,21435,-546,-724,0,2,-1,
*,2264,19,21435,-1008,-695,0,2,-1,
*,2264,19,21435,-782,-874,0,2,-1,
*,2264,19,21435,-782,832,0,2,-1,
*,2264,19,21435,-1008,1011,0,2,-1,
*,2264,19,21435,-546,983,0,2,-1,
*,2264,19,21435,-1032,661,0,2,-1,
*,2264,19,21435,-539,675,0,2,-1,
*,2264,19,21435,1051,675,0,2,-1,
*,2264,19,21435,559,661,0,2,-1,
*,2264,19,21435,1045,983,0,2,-1,
*,2264,19,21435,583,1011,0,2,-1,
*,2264,19,21435,809,832,0,2,-1,
*,2264,20,21435,495,-1045,0,2,-1,
*,2264,20,21435,987,-1031,0,2,-1,
*,2264,20,21435,745,-874,0,2,-1,
*,2264,20,21435,518,-695,0,2,-1,
*,2264,20,21435,981,-724,0,2,-1,
*,2264,20,21435,-539,-1031,0,2,-1,
*,2264,20,21435,-1032,-1045,0,2,-1,
*,2264,20,21435,-546,-724,0,2,-1,
*,2264,20,21435,-1008,-695,0,2,-1,
*,2264,20,21435,-782,-874,0,2,-1,
*,2264,20,21435,-782,832,0,2,-1,
*,2264,20,21435,-1008,1011,0,2,-1,
*,2264,20,21435,-546,983,0,2,-1,
*,2264,20,21435,-1032,661,0,2,-1,
*,2264,20,21435,-539,675,0,2,-1,
*,2264,20,21435,1051,675,0,2,-1,
*,2264,20,21435,559,661,0,2,-1,
*,2264,20,21435,1045,983,0,2,-1,
*,2264,20,21435,583,1011,0,2,-1,
*,2264,20,21435,809,832,0,2,-1,
*,2264,21,21436,495,-1045,0,2,-1,
*,2264,21,21436,987,-1031,0,2,-1,
*,2264,21,21436,745,-874,0,2,-1,
*,2264,21,21436,518,-695,0,2,-1,
*,2264,21,21436,981,-724,0,2,-1,
*,2264,21,21436,-548,-1031,0,2,-1,
*,2264,21,21436,-1041,-1045,0,2,-1,
*,2264,21,21436,-555,-724,0,2,-1,
*,2264,21,21436,-1017,-695,0,2,-1,
*,2264,21,21436,-791,-874,0,2,-1,
*,2264,21,21436,-791,837,0,2,-1,
*,2264,21,21436,-1017,1016,0,2,-1,
*,2264,21,21436,-555,987,0,2,-1,
*,2264,21,21436,-1041,666,0,2,-1,
*,2264,21,21436,-548,680,0,2,-1,
*,2264,21,21436,1034,680,0,2,-1,
*,2264,21,21436,542,666,0,2,-1,
*,2264,21,21436,1027,987,0,2,-1,
*,2264,21,21436,565,1016,0,2,-1,
*,2264,21,21436,792,837,0,2,-1,
*,2264,22,21436,495,-1045,0,2,-1,
*,2264,22,21436,987,-1031,0,2,-1,
*,2264,22,21436,745,-874,0,2,-1,
*,2264,22,21436,518,-695,0,2,-1,
*,2264,22,21436,981,-724,0,2,-1,
*,2264,22,21436,-548,-1031,0,2,-1,
*,2264,22,21436,-1041,-1045,0,2,-1,
*,2264,22,21436,-555,-724,0,2,-1,
*,2264,22,21436,-1017,-695,0,2,-1,
*,2264,22,21436,-791,-874,0,2,-1,
*,2264,22,21436,-791,837,0,2,-1,
*,2264,22,21436,-1017,1016,0,2,-1,
*,2264,22,21436,-555,987,0,2,-1,
*,2264,22,21436,-1041,666,0,2,-1,
*,2264,22,21436,-548,680,0,2,-1,
*,2264,22,21436,1034,680,0,2,-1,
*,2264,22,21436,542,666,0,2,-1,
*,2264,22,21436,1027,987,0,2,-1,
*,2264,22,21436,565,1016,0,2,-1,
*,2264,22,21436,792,837,0,2,-1,
*,2264,23,21436,495,-1045,0,2,-1,
*,2264,23,21436,987,-1031,0,2,-1,
*,2264,23,21436,745,-874,0,2,-1,
*,2264,23,21436,518,-695,0,2,-1,
*,2264,23,21436,981,-724,0,2,-1,
*,2264,23,21436,-548,-1031,0,2,-1,
*,2264,23,21436,-1041,-1045,0,2,-1,
*,2264,23,21436,-555,-724,0,2,-1,
*,2264,23,21436,-1017,-695,0,2,-1,
*,2264,23,21436,-791,-874,0,2,-1,
*,2264,23,21436,-791,837,0,2,-1,
*,2264,23,21436,-1017,1016,0,2,-1,
*,2264,23,21436,-555,987,0,2,-1,
*,2264,23,21436,-1041,666,0,2,-1,
*,2264,23,21436,-548,680,0,2,-1,
*,2264,23,21436,1034,680,0,2,-1,
*,2264,23,21436,542,666,0,2,-1,
*,2264,23,21436,1027,987,0,2,-1,
*,2264,23,21436,565,1016,0,2,-1,
*,2264,23,21436,792,837,0,2,-1,
*,2264,24,21436,495,-1045,0,2,-1,
*,2264,24,21436,987,-1031,0,2,-1,
*,2264,24,21436,745,-874,0,2,-1,
*,2264,24,21436,518,-695,0,2,-1,
*,2264,24,21436,981,-724,0,2,-1,
*,2264,24,21436,-548,-1031,0,2,-1,
*,2264,24,21436,-1041,-1045,0,2,-1,
*,2264,24,21436,-555,-724,0,2,-1,
*,2264,24,21436,-1017,-695,0,2,-1,
*,2264,24,21436,-791,-874,0,2,-1,
*,2264,24,21436,-791,837,0,2,-1,
*,2264,24,21436,-1017,1016,0,2,-1,
*,2264,24,21436,-555,987,0,2,-1,
*,2264,24,21436,-1041,666,0,2,-1,
*,2264,24,21436,-548,680,0,2,-1,
*,2264,24,21436,1034,680,0,2,-1,
*,2264,24,21436,542,666,0,2,-1,
*,2264,24,21436,1027,987,0,2,-1,
*,2264,24,21436,565,1016,0,2,-1,
*,2264,24,21436,792,837,0,2,-1,
*,2264,25,21437,495,-1045,0,2,-1,
*,2264,25,21437,987,-1031,0,2,-1,
*,2264,25,21437,745,-874,0,2,-1,
*,2264,25,21437,518,-695,0,2,-1,
*,2264,25,21437,981,-724,0,2,-1,
*,2264,25,21437,-535,-1031,0,2,-1,
*,2264,25,21437,-1027,-1045,0,2,-1,
*,2264,25,21437,-541,-724,0,2,-1,
*,2264,25,21437,-1004,-695,0,2,-1,
*,2264,25,21437,-777,-874,0,2,-1,
*,2264,25,21437,-777,824,0,2,-1,
*,2264,25,21437,-1004,1004,0,2,-1,
*,2264,25,21437,-541,975,0,2,-1,
*,2264,25,21437,-1027,653,0,2,-1,
*,2264,25,21437,-535,667,0,2,-1,
*,2264,25,21437,1013,667,0,2,-1,
*,2264,25,21437,520,653,0,2,-1,
*,2264,25,21437,1006,975,0,2,-1,
*,2264,25,21437,544,1004,0,2,-1,
*,2264,25,21437,770,824,0,2,-1,
*,2264,26,21437,495,-1045,0,2,-1,
*,2264,26,21437,987,-1031,0,2,-1,
*,2264,26,21437,745,-874,0,2,-1,
*,2264,26,21437,518,-695,0,2,-1,
*,2264,26,21437,981,-724,0,2,-1,
*,2264,26,21437,-535,-1031,0,2,-1,
*,2264,26,21437,-1027,-1045,0,2,-1,
*,2264,26,21437,-541,-724,0,2,-1,
*,2264,26,21437,-1004,-695,0,2,-1,
*,2264,26,21437,-777,-874,0,2,-1,
*,2264,26,21437,-777,824,0,2,-1,
*,2264,26,21437,-1004,1004,0,2,-1,
*,2264,26,21437,-541,975,0,2,-1,
*,2264,26,21437,-1027,653,0,2,-1,
*,2264,26,21437,-535,667,0,2,-1,
*,2264,26,21437,1013,667,0,2,-1,
*,2264,26,21437,520,653,0,2,-1,
*,2264,26,21437,1006,975,0,2,-1,
*,2264,26,21437,544,1004,0,2,-1,
*,2264,26,21437,770,824,0,2,-1,
*,2264,27,21437,495,-1045,0,2,-1,
*,2264,27,21437,987,-1031,0,2,-1,
*,2264,27,21437,745,-874,0,2,-1,
*,2264,27,21437,518,-695,0,2,-1,
*,2264,27,21437,981,-724,0,2,-1,
*,2264,27,21437,-535,-1031,0,2,-1,
*,2264,27,21437,-1027,-1045,0,2,-1,
*,2264,27,21437,-541,-724,0,2,-1,
*,2264,27,21437,-1004,-695,0,2,-1,
*,2264,27,21437,-777,-874,0,2,-1,
*,2264,27,21437,-777,824,0,2,-1,
*,2264,27,21437,-1004,1004,0,2,-1,
*,2264,27,21437,-541,975,0,2,-1,
*,2264,27,21437,-1027,653,0,2,-1,
*,2264,27,21437,-535,667,0,2,-1,
*,2264,27,21437,1013,667,0,2,-1,
*,2264,27,21437,520,653,0,2,-1,
*,2264,27,21437,1006,975,0,2,-1,
*,2264,27,21437,544,1004,0,2,-1,
*,2264,27,21437,770,824,0,2,-1,
*,2264,28,21437,495,-1045,0,2,-1,
*,2264,28,21437,987,-1031,0,2,-1,
*,2264,28,21437,745,-874,0,2,-1,
*,2264,28,21437,518,-695,0,2,-1,
*,2264,28,21437,981,-724,0,2,-1,
*,2264,28,21437,-535,-1031,0,2,-1,
*,2264,28,21437,-1027,-1045,0,2,-1,
*,2264,28,21437,-541,-724,0,2,-1,
*,2264,28,21437,-1004,-695,0,2,-1,
*,2264,28,21437,-777,-874,0,2,-1,
*,2264,28,21437,-777,824,0,2,-1,
*,2264,28,21437,-1004,1004,0,2,-1,
*,2264,28,21437,-541,975,0,2,-1,
*,2264,28,21437,-1027,653,0,2,-1,
*,2264,28,21437,-535,667,0,2,-1,
*,2264,28,21437,1013,667,0,2,-1,
*,2264,28,21437,520,653,0,2,-1,
*,2264,28,21437,1006,975,0,2,-1,
*,2264,28,21437,544,1004,0,2,-1,
*,2264,28,21437,770,824,0,2,-1,
*,2271,1,21501,495,-1045,0,2,-1,
*,2271,1,21501,987,-1031,0,2,-1,
*,2271,1,21501,745,-874,0,2,-1,
*,2271,1,21501,518,-695,0,2,-1,
*,2271,1,21501,981,-724,0,2,-1,
*,2271,2,21501,495,-1045,0,2,-1,
*,2271,2,21501,987,-1031,0,2,-1,
*,2271,2,21501,745,-874,0,2,-1,
*,2271,2,21501,518,-695,0,2,-1,
*,2271,2,21501,981,-724,0,2,-1,
*,2271,3,21501,495,-1045,0,2,-1,
*,2271,3,21501,987,-1031,0,2,-1,
*,2271,3,21501,745,-874,0,2,-1,
*,2271,3,21501,518,-695,0,2,-1,
*,2271,3,21501,981,-724,0,2,-1,
*,2271,4,21501,495,-1045,0,2,-1,
*,2271,4,21501,987,-1031,0,2,-1,
*,2271,4,21501,745,-874,0,2,-1,
*,2271,4,21501,518,-695,0,2,-1,
*,2271,4,21501,981,-724,0,2,-1,
*,2271,5,21502,-1010,-1045,0,2,-1,
*,2271,5,21502,-517,-1031,0,2,-1,
*,2271,5,21502,-760,-874,0,2,-1,
*,2271,5,21502,-986,-695,0,2,-1,
*,2271,5,21502,-524,-724,0,2,-1,
*,2271,6,21502,-1010,-1045,0,2,-1,
*,2271,6,21502,-517,-1031,0,2,-1,
*,2271,6,21502,-760,-874,0,2,-1,
*,2271,6,21502,-986,-695,0,2,-1,
*,2271,6,21502,-524,-724,0,2,-1,
*,2271,7,21502,-1010,-1045,0,2,-1,
*,2271,7,21502,-517,-1031,0,2,-1,
*,2271,7,21502,-760,-874,0,2,-1,
*,2271,7,21502,-986,-695,0,2,-1,
*,2271,7,21502,-524,-724,0,2,-1,
*,2271,8,21502,-1010,-1045,0,2,-1,
*,2271,8,21502,-517,-1031,0,2,-1,
*,2271,8,21502,-760,-874,0,2,-1,
*,2271,8,21502,-986,-695,0,2,-1,
*,2271,8,21502,-524,-724,0,2,-1,
*,2271,9,21503,-1010,673,0,2,-1,
*,2271,9,21503,-517,687,0,2,-1,
*,2271,9,21503,-760,845,0,2,-1,
*,2271,9,21503,-986,1024,0,2,-1,
*,2271,9,21503,-524,995,0,2,-1,
*,2271,10,21503,-1010,673,0,2,-1,
*,2271,10,21503,-517,687,0,2,-1,
*,2271,10,21503,-760,845,0,2,-1,
*,2271,10,21503,-986,1024,0,2,-1,
*,2271,10,21503,-524,995,0,2,-1,
*,2271,11,21503,-1010,673,0,2,-1,
*,2271,11,21503,-517,687,0,2,-1,
*,2271,11,21503,-760,845,0,2,-1,
*,2271,11,21503,-986,1024,0,2,-1,
*,2271,11,21503,-524,995,0,2,-1,
*,2271,12,21503,-1010,673,0,2,-1,
*,2271,12,21503,-517,687,0,2,-1,
*,2271,12,21503,-760,845,0,2,-1,
*,2271,12,21503,-986,1024,0,2,-1,
*,2271,12,21503,-524,995,0,2,-1,
*,2271,13,21504,446,673,0,2,-1,
*,2271,13,21504,939,687,0,2,-1,
*,2271,13,21504,696,845,0,2,-1,
*,2271,13,21504,470,1024,0,2,-1,
*,2271,13,21504,932,995,0,2,-1,
*,2271,14,21504,446,673,0,2,-1,
*,2271,14,21504,939,687,0,2,-1,
*,2271,14,21504,696,845,0,2,-1,
*,2271,14,21504,470,1024,0,2,-1,
*,2271,14,21504,932,995,0,2,-1,
*,2271,15,21504,446,673,0,2,-1,
*,2271,15,21504,939,687,0,2,-1,
*,2271,15,21504,696,845,0,2,-1,
*,2271,15,21504,470,1024,0,2,-1,
*,2271,15,21504,932,995,0,2,-1,
*,2271,16,21504,446,673,0,2,-1,
*,2271,16,21504,939,687,0,2,-1,
*,2271,16,21504,696,845,0,2,-1,
*,2271,16,21504,470,1024,0,2,-1,
*,2271,16,21504,932,995,0,2,-1,
*,2271,17,21505,502,-1050,0,2,-1,
*,2271,17,21505,995,-1036,0,2,-1,
*,2271,17,21505,752,-879,0,2,-1,
*,2271,17,21505,526,-700,0,2,-1,
*,2271,17,21505,988,-728,0,2,-1,
*,2271,18,21505,502,-1050,0,2,-1,
*,2271,18,21505,995,-1036,0,2,-1,
*,2271,18,21505,752,-879,0,2,-1,
*,2271,18,21505,526,-700,0,2,-1,
*,2271,18,21505,988,-728,0,2,-1,
*,2271,19,21505,502,-1050,0,2,-1,
*,2271,19,21505,995,-1036,0,2,-1,
*,2271,19,21505,752,-879,0,2,-1,
*,2271,19,21505,526,-700,0,2,-1,
*,2271,19,21505,988,-728,0,2,-1,
*,2271,20,21505,502,-1050,0,2,-1,
*,2271,20,21505,995,-1036,0,2,-1,
*,2271,20,21505,752,-879,0,2,-1,
*,2271,20,21505,526,-700,0,2,-1,
*,2271,20,21505,988,-728,0,2,-1,
*,2271,21,21506,-1017,-1050,0,2,-1,
*,2271,21,21506,-525,-1036,0,2,-1,
*,2271,21,21506,-767,-879,0,2,-1,
*,2271,21,21506,-994,-700,0,2,-1,
*,2271,21,21506,-531,-728,0,2,-1,
*,2271,22,21506,-1017,-1050,0,2,-1,
*,2271,22,21506,-525,-1036,0,2,-1,
*,2271,22,21506,-767,-879,0,2,-1,
*,2271,22,21506,-994,-700,0,2,-1,
*,2271,22,21506,-531,-728,0,2,-1,
*,2271,23,21506,-1017,-1050,0,2,-1,
*,2271,23,21506,-525,-1036,0,2,-1,
*,2271,23,21506,-767,-879,0,2,-1,
*,2271,23,21506,-994,-700,0,2,-1,
*,2271,23,21506,-531,-728,0,2,-1,
*,2271,24,21506,-1017,-1050,0,2,-1,
*,2271,24,21506,-525,-1036,0,2,-1,
*,2271,24,21506,-767,-879,0,2,-1,
*,2271,24,21506,-994,-700,0,2,-1,
*,2271,24,21506,-531,-728,0,2,-1,
*,2271,25,21507,-1017,663,0,2,-1,
*,2271,25,21507,-525,677,0,2,-1,
*,2271,25,21507,-767,835,0,2,-1,
*,2271,25,21507,-994,1014,0,2,-1,
*,2271,25,21507,-531,985,0,2,-1,
*,2271,26,21507,-1017,663,0,2,-1,
*,2271,26,21507,-525,677,0,2,-1,
*,2271,26,21507,-767,835,0,2,-1,
*,2271,26,21507,-994,1014,0,2,-1,
*,2271,26,21507,-531,985,0,2,-1,
*,2271,27,21507,-1017,663,0,2,-1,
*,2271,27,21507,-525,677,0,2,-1,
*,2271,27,21507,-767,835,0,2,-1,
*,2271,27,21507,-994,1014,0,2,-1,
*,2271,27,21507,-531,985,0,2,-1,
*,2271,28,21507,-1017,663,0,2,-1,
*,2271,28,21507,-525,677,0,2,-1,
*,2271,28,21507,-767,835,0,2,-1,
*,2271,28,21507,-994,1014,0,2,-1,
*,2271,28,21507,-531,985,0,2,-1,
*,2272,1,21511,495,-1045,0,2,-1,
*,2272,1,21511,987,-1031,0,2,-1,
*,2272,1,21511,745,-874,0,2,-1,
*,2272,1,21511,518,-695,0,2,-1,
*,2272,1,21511,981,-724,0,2,-1,
*,2272,1,21511,-1068,-1045,0,2,-1,
*,2272,1,21511,-576,-1031,0,2,-1,
*,2272,1,21511,-818,-874,0,2,-1,
*,2272,1,21511,-1045,-695,0,2,-1,
*,2272,1,21511,-583,-724,0,2,-1,
*,2272,2,21511,495,-1045,0,2,-1,
*,2272,2,21511,987,-1031,0,2,-1,
*,2272,2,21511,745,-874,0,2,-1,
*,2272,2,21511,518,-695,0,2,-1,
*,2272,2,21511,981,-724,0,2,-1,
*,2272,2,21511,-1068,-1045,0,2,-1,
*,2272,2,21511,-576,-1031,0,2,-1,
*,2272,2,21511,-818,-874,0,2,-1,
*,2272,2,21511,-1045,-695,0,2,-1,
*,2272,2,21511,-583,-724,0,2,-1,
*,2272,3,21511,495,-1045,0,2,-1,
*,2272,3,21511,987,-1031,0,2,-1,
*,2272,3,21511,745,-874,0,2,-1,
*,2272,3,21511,518,-695,0,2,-1,
*,2272,3,21511,981,-724,0,2,-1,
*,2272,3,21511,-1068,-1045,0,2,-1,
*,2272,3,21511,-576,-1031,0,2,-1,
*,2272,3,21511,-818,-874,0,2,-1,
*,2272,3,21511,-1045,-695,0,2,-1,
*,2272,3,21511,-583,-724,0,2,-1,
*,2272,4,21511,495,-1045,0,2,-1,
*,2272,4,21511,987,-1031,0,2,-1,
*,2272,4,21511,745,-874,0,2,-1,
*,2272,4,21511,518,-695,0,2,-1,
*,2272,4,21511,981,-724,0,2,-1,
*,2272,4,21511,-1068,-1045,0,2,-1,
*,2272,4,21511,-576,-1031,0,2,-1,
*,2272,4,21511,-818,-874,0,2,-1,
*,2272,4,21511,-1045,-695,0,2,-1,
*,2272,4,21511,-583,-724,0,2,-1,
*,2272,5,21512,-1068,-1045,0,2,-1,
*,2272,5,21512,-576,-1031,0,2,-1,
*,2272,5,21512,-818,-874,0,2,-1,
*,2272,5,21512,-1045,-695,0,2,-1,
*,2272,5,21512,-583,-724,0,2,-1,
*,2272,5,21512,-583,1005,0,2,-1,
*,2272,5,21512,-1045,1033,0,2,-1,
*,2272,5,21512,-818,854,0,2,-1,
*,2272,5,21512,-576,697,0,2,-1,
*,2272,5,21512,-1068,683,0,2,-1,
*,2272,6,21512,-1068,-1045,0,2,-1,
*,2272,6,21512,-576,-1031,0,2,-1,
*,2272,6,21512,-818,-874,0,2,-1,
*,2272,6,21512,-1045,-695,0,2,-1,
*,2272,6,21512,-583,-724,0,2,-1,
*,2272,6,21512,-583,1005,0,2,-1,
*,2272,6,21512,-1045,1033,0,2,-1,
*,2272,6,21512,-818,854,0,2,-1,
*,2272,6,21512,-576,697,0,2,-1,
*,2272,6,21512,-1068,683,0,2,-1,
*,2272,7,21512,-1068,-1045,0,2,-1,
*,2272,7,21512,-576,-1031,0,2,-1,
*,2272,7,21512,-818,-874,0,2,-1,
*,2272,7,21512,-1045,-695,0,2,-1,
*,2272,7,21512,-583,-724,0,2,-1,
*,2272,7,21512,-583,1005,0,2,-1,
*,2272,7,21512,-1045,1033,0,2,-1,
*,2272,7,21512,-818,854,0,2,-1,
*,2272,7,21512,-576,697,0,2,-1,
*,2272,7,21512,-1068,683,0,2,-1,
*,2272,8,21512,-1068,-1045,0,2,-1,
*,2272,8,21512,-576,-1031,0,2,-1,
*,2272,8,21512,-818,-874,0,2,-1,
*,2272,8,21512,-1045,-695,0,2,-1,
*,2272,8,21512,-583,-724,0,2,-1,
*,2272,8,21512,-583,1005,0,2,-1,
*,2272,8,21512,-1045,1033,0,2,-1,
*,2272,8,21512,-818,854,0,2,-1,
*,2272,8,21512,-576,697,0,2,-1,
*,2272,8,21512,-1068,683,0,2,-1,
*,2272,9,21513,-583,1005,0,2,-1,
*,2272,9,21513,-1045,1033,0,2,-1,
*,2272,9,21513,-818,854,0,2,-1,
*,2272,9,21513,-576,697,0,2,-1,
*,2272,9,21513,-1068,683,0,2,-1,
*,2272,9,21513,478,683,0,2,-1,
*,2272,9,21513,970,697,0,2,-1,
*,2272,9,21513,728,854,0,2,-1,
*,2272,9,21513,501,1033,0,2,-1,
*,2272,9,21513,963,1005,0,2,-1,
*,2272,10,21513,-583,1005,0,2,-1,
*,2272,10,21513,-1045,1033,0,2,-1,
*,2272,10,21513,-818,854,0,2,-1,
*,2272,10,21513,-576,697,0,2,-1,
*,2272,10,21513,-1068,683,0,2,-1,
*,2272,10,21513,478,683,0,2,-1,
*,2272,10,21513,970,697,0,2,-1,
*,2272,10,21513,728,854,0,2,-1,
*,2272,10,21513,501,1033,0,2,-1,
*,2272,10,21513,963,1005,0,2,-1,
*,2272,11,21513,-583,1005,0,2,-1,
*,2272,11,21513,-1045,1033,0,2,-1,
*,2272,11,21513,-818,854,0,2,-1,
*,2272,11,21513,-576,697,0,2,-1,
*,2272,11,21513,-1068,683,0,2,-1,
*,2272,11,21513,478,683,0,2,-1,
*,2272,11,21513,970,697,0,2,-1,
*,2272,11,21513,728,854,0,2,-1,
*,2272,11,21513,501,1033,0,2,-1,
*,2272,11,21513,963,1005,0,2,-1,
*,2272,12,21513,-583,1005,0,2,-1,
*,2272,12,21513,-1045,1033,0,2,-1,
*,2272,12,21513,-818,854,0,2,-1,
*,2272,12,21513,-576,697,0,2,-1,
*,2272,12,21513,-1068,683,0,2,-1,
*,2272,12,21513,478,683,0,2,-1,
*,2272,12,21513,970,697,0,2,-1,
*,2272,12,21513,728,854,0,2,-1,
*,2272,12,21513,501,1033,0,2,-1,
*,2272,12,21513,963,1005,0,2,-1,
*,2272,13,21514,478,683,0,2,-1,
*,2272,13,21514,970,697,0,2,-1,
*,2272,13,21514,728,854,0,2,-1,
*,2272,13,21514,501,1033,0,2,-1,
*,2272,13,21514,963,1005,0,2,-1,
*,2272,13,21514,963,-727,0,2,-1,
*,2272,13,21514,501,-698,0,2,-1,
*,2272,13,21514,728,-878,0,2,-1,
*,2272,13,21514,970,-1035,0,2,-1,
*,2272,13,21514,478,-1049,0,2,-1,
*,2272,14,21514,478,683,0,2,-1,
*,2272,14,21514,970,697,0,2,-1,
*,2272,14,21514,728,854,0,2,-1,
*,2272,14,21514,501,1033,0,2,-1,
*,2272,14,21514,963,1005,0,2,-1,
*,2272,14,21514,963,-727,0,2,-1,
*,2272,14,21514,501,-698,0,2,-1,
*,2272,14,21514,728,-878,0,2,-1,
*,2272,14,21514,970,-1035,0,2,-1,
*,2272,14,21514,478,-1049,0,2,-1,
*,2272,15,21514,478,683,0,2,-1,
*,2272,15,21514,970,697,0,2,-1,
*,2272,15,21514,728,854,0,2,-1,
*,2272,15,21514,501,1033,0,2,-1,
*,2272,15,21514,963,1005,0,2,-1,
*,2272,15,21514,963,-727,0,2,-1,
*,2272,15,21514,501,-698,0,2,-1,
*,2272,15,21514,728,-878,0,2,-1,
*,2272,15,21514,970,-1035,0,2,-1,
*,2272,15,21514,478,-1049,0,2,-1,
*,2272,16,21514,478,683,0,2,-1,
*,2272,16,21514,970,697,0,2,-1,
*,2272,16,21514,728,854,0,2,-1,
*,2272,16,21514,501,1033,0,2,-1,
*,2272,16,21514,963,1005,0,2,-1,
*,2272,16,21514,963,-727,0,2,-1,
*,2272,16,21514,501,-698,0,2,-1,
*,2272,16,21514,728,-878,0,2,-1,
*,2272,16,21514,970,-1035,0,2,-1,
*,2272,16,21514,478,-1049,0,2,-1,
*,2272,17,21515,963,-727,0,2,-1,
*,2272,17,21515,501,-698,0,2,-1,
*,2272,17,21515,728,-878,0,2,-1,
*,2272,17,21515,970,-1035,0,2,-1,
*,2272,17,21515,478,-1049,0,2,-1,
*,2272,17,21515,-1067,-1049,0,2,-1,
*,2272,17,21515,-574,-1035,0,2,-1,
*,2272,17,21515,-817,-878,0,2,-1,
*,2272,17,21515,-1043,-698,0,2,-1,
*,2272,17,21515,-581,-727,0,2,-1,
*,2272,18,21515,963,-727,0,2,-1,
*,2272,18,21515,501,-698,0,2,-1,
*,2272,18,21515,728,-878,0,2,-1,
*,2272,18,21515,970,-1035,0,2,-1,
*,2272,18,21515,478,-1049,0,2,-1,
*,2272,18,21515,-1067,-1049,0,2,-1,
*,2272,18,21515,-574,-1035,0,2,-1,
*,2272,18,21515,-817,-878,0,2,-1,
*,2272,18,21515,-1043,-698,0,2,-1,
*,2272,18,21515,-581,-727,0,2,-1,
*,2272,19,21515,963,-727,0,2,-1,
*,2272,19,21515,501,-698,0,2,-1,
*,2272,19,21515,728,-878,0,2,-1,
*,2272,19,21515,970,-1035,0,2,-1,
*,2272,19,21515,478,-1049,0,2,-1,
*,2272,19,21515,-1067,-1049,0,2,-1,
*,2272,19,21515,-574,-1035,0,2,-1,
*,2272,19,21515,-817,-878,0,2,-1,
*,2272,19,21515,-1043,-698,0,2,-1,
*,2272,19,21515,-581,-727,0,2,-1,
*,2272,20,21515,963,-727,0,2,-1,
*,2272,20,21515,501,-698,0,2,-1,
*,2272,20,21515,728,-878,0,2,-1,
*,2272,20,21515,970,-1035,0,2,-1,
*,2272,20,21515,478,-1049,0,2,-1,
*,2272,20,21515,-1067,-1049,0,2,-1,
*,2272,20,21515,-574,-1035,0,2,-1,
*,2272,20,21515,-817,-878,0,2,-1,
*,2272,20,21515,-1043,-698,0,2,-1,
*,2272,20,21515,-581,-727,0,2,-1,
*,2272,21,21516,-1067,-1049,0,2,-1,
*,2272,21,21516,-574,-1035,0,2,-1,
*,2272,21,21516,-817,-878,0,2,-1,
*,2272,21,21516,-1043,-698,0,2,-1,
*,2272,21,21516,-581,-727,0,2,-1,
*,2272,21,21516,-581,1003,0,2,-1,
*,2272,21,21516,-1043,1032,0,2,-1,
*,2272,21,21516,-817,853,0,2,-1,
*,2272,21,21516,-574,695,0,2,-1,
*,2272,21,21516,-1067,681,0,2,-1,
*,2272,22,21516,-1067,-1049,0,2,-1,
*,2272,22,21516,-574,-1035,0,2,-1,
*,2272,22,21516,-817,-878,0,2,-1,
*,2272,22,21516,-1043,-698,0,2,-1,
*,2272,22,21516,-581,-727,0,2,-1,
*,2272,22,21516,-581,1003,0,2,-1,
*,2272,22,21516,-1043,1032,0,2,-1,
*,2272,22,21516,-817,853,0,2,-1,
*,2272,22,21516,-574,695,0,2,-1,
*,2272,22,21516,-1067,681,0,2,-1,
*,2272,23,21516,-1067,-1049,0,2,-1,
*,2272,23,21516,-574,-1035,0,2,-1,
*,2272,23,21516,-817,-878,0,2,-1,
*,2272,23,21516,-1043,-698,0,2,-1,
*,2272,23,21516,-581,-727,0,2,-1,
*,2272,23,21516,-581,1003,0,2,-1,
*,2272,23,21516,-1043,1032,0,2,-1,
*,2272,23,21516,-817,853,0,2,-1,
*,2272,23,21516,-574,695,0,2,-1,
*,2272,23,21516,-1067,681,0,2,-1,
*,2272,24,21516,-1067,-1049,0,2,-1,
*,2272,24,21516,-574,-1035,0,2,-1,
*,2272,24,21516,-817,-878,0,2,-1,
*,2272,24,21516,-1043,-698,0,2,-1,
*,2272,24,21516,-581,-727,0,2,-1,
*,2272,24,21516,-581,1003,0,2,-1,
*,2272,24,21516,-1043,1032,0,2,-1,
*,2272,24,21516,-817,853,0,2,-1,
*,2272,24,21516,-574,695,0,2,-1,
*,2272,24,21516,-1067,681,0,2,-1,
*,2272,25,21517,-581,1002,0,2,-1,
*,2272,25,21517,-1043,1031,0,2,-1,
*,2272,25,21517,-817,852,0,2,-1,
*,2272,25,21517,-574,695,0,2,-1,
*,2272,25,21517,-1067,681,0,2,-1,
*,2272,25,21517,496,681,0,2,-1,
*,2272,25,21517,989,695,0,2,-1,
*,2272,25,21517,746,852,0,2,-1,
*,2272,25,21517,520,1031,0,2,-1,
*,2272,25,21517,982,1002,0,2,-1,
*,2272,26,21517,-581,1002,0,2,-1,
*,2272,26,21517,-1043,1031,0,2,-1,
*,2272,26,21517,-817,852,0,2,-1,
*,2272,26,21517,-574,695,0,2,-1,
*,2272,26,21517,-1067,681,0,2,-1,
*,2272,26,21517,496,681,0,2,-1,
*,2272,26,21517,989,695,0,2,-1,
*,2272,26,21517,746,852,0,2,-1,
*,2272,26,21517,520,1031,0,2,-1,
*,2272,26,21517,982,1002,0,2,-1,
*,2272,27,21517,-581,1002,0,2,-1,
*,2272,27,21517,-1043,1031,0,2,-1,
*,2272,27,21517,-817,852,0,2,-1,
*,2272,27,21517,-574,695,0,2,-1,
*,2272,27,21517,-1067,681,0,2,-1,
*,2272,27,21517,496,681,0,2,-1,
*,2272,27,21517,989,695,0,2,-1,
*,2272,27,21517,746,852,0,2,-1,
*,2272,27,21517,520,1031,0,2,-1,
*,2272,27,21517,982,1002,0,2,-1,
*,2272,28,21517,-581,1002,0,2,-1,
*,2272,28,21517,-1043,1031,0,2,-1,
*,2272,28,21517,-817,852,0,2,-1,
*,2272,28,21517,-574,695,0,2,-1,
*,2272,28,21517,-1067,681,0,2,-1,
*,2272,28,21517,496,681,0,2,-1,
*,2272,28,21517,989,695,0,2,-1,
*,2272,28,21517,746,852,0,2,-1,
*,2272,28,21517,520,1031,0,2,-1,
*,2272,28,21517,982,1002,0,2,-1,
*,2273,1,21521,495,-1045,0,2,-1,
*,2273,1,21521,987,-1031,0,2,-1,
*,2273,1,21521,745,-874,0,2,-1,
*,2273,1,21521,518,-695,0,2,-1,
*,2273,1,21521,981,-724,0,2,-1,
*,2273,1,21521,-1051,-1045,0,2,-1,
*,2273,1,21521,-559,-1031,0,2,-1,
*,2273,1,21521,-801,-874,0,2,-1,
*,2273,1,21521,-1028,-695,0,2,-1,
*,2273,1,21521,-565,-724,0,2,-1,
*,2273,1,21521,-565,1039,0,2,-1,
*,2273,1,21521,-1028,1067,0,2,-1,
*,2273,1,21521,-801,888,0,2,-1,
*,2273,1,21521,-559,731,0,2,-1,
*,2273,1,21521,-1051,717,0,2,-1,
*,2273,2,21521,495,-1045,0,2,-1,
*,2273,2,21521,987,-1031,0,2,-1,
*,2273,2,21521,745,-874,0,2,-1,
*,2273,2,21521,518,-695,0,2,-1,
*,2273,2,21521,981,-724,0,2,-1,
*,2273,2,21521,-1051,-1045,0,2,-1,
*,2273,2,21521,-559,-1031,0,2,-1,
*,2273,2,21521,-801,-874,0,2,-1,
*,2273,2,21521,-1028,-695,0,2,-1,
*,2273,2,21521,-565,-724,0,2,-1,
*,2273,2,21521,-565,1039,0,2,-1,
*,2273,2,21521,-1028,1067,0,2,-1,
*,2273,2,21521,-801,888,0,2,-1,
*,2273,2,21521,-559,731,0,2,-1,
*,2273,2,21521,-1051,717,0,2,-1,
*,2273,3,21521,495,-1045,0,2,-1,
*,2273,3,21521,987,-1031,0,2,-1,
*,2273,3,21521,745,-874,0,2,-1,
*,2273,3,21521,518,-695,0,2,-1,
*,2273,3,21521,981,-724,0,2,-1,
*,2273,3,21521,-1051,-1045,0,2,-1,
*,2273,3,21521,-559,-1031,0,2,-1,
*,2273,3,21521,-801,-874,0,2,-1,
*,2273,3,21521,-1028,-695,0,2,-1,
*,2273,3,21521,-565,-724,0,2,-1,
*,2273,3,21521,-565,1039,0,2,-1,
*,2273,3,21521,-1028,1067,0,2,-1,
*,2273,3,21521,-801,888,0,2,-1,
*,2273,3,21521,-559,731,0,2,-1,
*,2273,3,21521,-1051,717,0,2,-1,
*,2273,4,21521,495,-1045,0,2,-1,
*,2273,4,21521,987,-1031,0,2,-1,
*,2273,4,21521,745,-874,0,2,-1,
*,2273,4,21521,518,-695,0,2,-1,
*,2273,4,21521,981,-724,0,2,-1,
*,2273,4,21521,-1051,-1045,0,2,-1,
*,2273,4,21521,-559,-1031,0,2,-1,
*,2273,4,21521,-801,-874,0,2,-1,
*,2273,4,21521,-1028,-695,0,2,-1,
*,2273,4,21521,-565,-724,0,2,-1,
*,2273,4,21521,-565,1039,0,2,-1,
*,2273,4,21521,-1028,1067,0,2,-1,
*,2273,4,21521,-801,888,0,2,-1,
*,2273,4,21521,-559,731,0,2,-1,
*,2273,4,21521,-1051,717,0,2,-1,
*,2273,5,21522,-1051,-1045,0,2,-1,
*,2273,5,21522,-559,-1031,0,2,-1,
*,2273,5,21522,-801,-874,0,2,-1,
*,2273,5,21522,-1028,-695,0,2,-1,
*,2273,5,21522,-565,-724,0,2,-1,
*,2273,5,21522,-565,1045,0,2,-1,
*,2273,5,21522,-1028,1073,0,2,-1,
*,2273,5,21522,-801,894,0,2,-1,
*,2273,5,21522,-559,737,0,2,-1,
*,2273,5,21522,-1051,723,0,2,-1,
*,2273,5,21522,501,723,0,2,-1,
*,2273,5,21522,993,737,0,2,-1,
*,2273,5,21522,751,894,0,2,-1,
*,2273,5,21522,524,1073,0,2,-1,
*,2273,5,21522,986,1045,0,2,-1,
*,2273,6,21522,-1051,-1045,0,2,-1,
*,2273,6,21522,-559,-1031,0,2,-1,
*,2273,6,21522,-801,-874,0,2,-1,
*,2273,6,21522,-1028,-695,0,2,-1,
*,2273,6,21522,-565,-724,0,2,-1,
*,2273,6,21522,-565,1045,0,2,-1,
*,2273,6,21522,-1028,1073,0,2,-1,
*,2273,6,21522,-801,894,0,2,-1,
*,2273,6,21522,-559,737,0,2,-1,
*,2273,6,21522,-1051,723,0,2,-1,
*,2273,6,21522,501,723,0,2,-1,
*,2273,6,21522,993,737,0,2,-1,
*,2273,6,21522,751,894,0,2,-1,
*,2273,6,21522,524,1073,0,2,-1,
*,2273,6,21522,986,1045,0,2,-1,
*,2273,7,21522,-1051,-1045,0,2,-1,
*,2273,7,21522,-559,-1031,0,2,-1,
*,2273,7,21522,-801,-874,0,2,-1,
*,2273,7,21522,-1028,-695,0,2,-1,
*,2273,7,21522,-565,-724,0,2,-1,
*,2273,7,21522,-565,1045,0,2,-1,
*,2273,7,21522,-1028,1073,0,2,-1,
*,2273,7,21522,-801,894,0,2,-1,
*,2273,7,21522,-559,737,0,2,-1,
*,2273,7,21522,-1051,723,0,2,-1,
*,2273,7,21522,501,723,0,2,-1,
*,2273,7,21522,993,737,0,2,-1,
*,2273,7,21522,751,894,0,2,-1,
*,2273,7,21522,524,1073,0,2,-1,
*,2273,7,21522,986,1045,0,2,-1,
*,2273,8,21522,-1051,-1045,0,2,-1,
*,2273,8,21522,-559,-1031,0,2,-1,
*,2273,8,21522,-801,-874,0,2,-1,
*,2273,8,21522,-1028,-695,0,2,-1,
*,2273,8,21522,-565,-724,0,2,-1,
*,2273,8,21522,-565,1045,0,2,-1,
*,2273,8,21522,-1028,1073,0,2,-1,
*,2273,8,21522,-801,894,0,2,-1,
*,2273,8,21522,-559,737,0,2,-1,
*,2273,8,21522,-1051,723,0,2,-1,
*,2273,8,21522,501,723,0,2,-1,
*,2273,8,21522,993,737,0,2,-1,
*,2273,8,21522,751,894,0,2,-1,
*,2273,8,21522,524,1073,0,2,-1,
*,2273,8,21522,986,1045,0,2,-1,
*,2273,9,21523,-565,1045,0,2,-1,
*,2273,9,21523,-1028,1073,0,2,-1,
*,2273,9,21523,-801,894,0,2,-1,
*,2273,9,21523,-559,737,0,2,-1,
*,2273,9,21523,-1051,723,0,2,-1,
*,2273,9,21523,512,723,0,2,-1,
*,2273,9,21523,1004,737,0,2,-1,
*,2273,9,21523,762,894,0,2,-1,
*,2273,9,21523,535,1073,0,2,-1,
*,2273,9,21523,997,1045,0,2,-1,
*,2273,9,21523,997,-725,0,2,-1,
*,2273,9,21523,535,-697,0,2,-1,
*,2273,9,21523,762,-876,0,2,-1,
*,2273,9,21523,1004,-1033,0,2,-1,
*,2273,9,21523,512,-1047,0,2,-1,
*,2273,10,21523,-565,1045,0,2,-1,
*,2273,10,21523,-1028,1073,0,2,-1,
*,2273,10,21523,-801,894,0,2,-1,
*,2273,10,21523,-559,737,0,2,-1,
*,2273,10,21523,-1051,723,0,2,-1,
*,2273,10,21523,512,723,0,2,-1,
*,2273,10,21523,1004,737,0,2,-1,
*,2273,10,21523,762,894,0,2,-1,
*,2273,10,21523,535,1073,0,2,-1,
*,2273,10,21523,997,1045,0,2,-1,
*,2273,10,21523,997,-725,0,2,-1,
*,2273,10,21523,535,-697,0,2,-1,
*,2273,10,21523,762,-876,0,2,-1,
*,2273,10,21523,1004,-1033,0,2,-1,
*,2273,10,21523,512,-1047,0,2,-1,
*,2273,11,21523,-565,1045,0,2,-1,
*,2273,11,21523,-1028,1073,0,2,-1,
*,2273,11,21523,-801,894,0,2,-1,
*,2273,11,21523,-559,737,0,2,-1,
*,2273,11,21523,-1051,723,0,2,-1,
*,2273,11,21523,512,723,0,2,-1,
*,2273,11,21523,1004,737,0,2,-1,
*,2273,11,21523,762,894,0,2,-1,
*,2273,11,21523,535,1073,0,2,-1,
*,2273,11,21523,997,1045,0,2,-1,
*,2273,11,21523,997,-725,0,2,-1,
*,2273,11,21523,535,-697,0,2,-1,
*,2273,11,21523,762,-876,0,2,-1,
*,2273,11,21523,1004,-1033,0,2,-1,
*,2273,11,21523,512,-1047,0,2,-1,
*,2273,12,21523,-565,1045,0,2,-1,
*,2273,12,21523,-1028,1073,0,2,-1,
*,2273,12,21523,-801,894,0,2,-1,
*,2273,12,21523,-559,737,0,2,-1,
*,2273,12,21523,-1051,723,0,2,-1,
*,2273,12,21523,512,723,0,2,-1,
*,2273,12,21523,1004,737,0,2,-1,
*,2273,12,21523,762,894,0,2,-1,
*,2273,12,21523,535,1073,0,2,-1,
*,2273,12,21523,997,1045,0,2,-1,
*,2273,12,21523,997,-725,0,2,-1,
*,2273,12,21523,535,-697,0,2,-1,
*,2273,12,21523,762,-876,0,2,-1,
*,2273,12,21523,1004,-1033,0,2,-1,
*,2273,12,21523,512,-1047,0,2,-1,
*,2273,13,21524,512,723,0,2,-1,
*,2273,13,21524,1004,737,0,2,-1,
*,2273,13,21524,762,894,0,2,-1,
*,2273,13,21524,535,1073,0,2,-1,
*,2273,13,21524,997,1045,0,2,-1,
*,2273,13,21524,997,-720,0,2,-1,
*,2273,13,21524,535,-691,0,2,-1,
*,2273,13,21524,762,-871,0,2,-1,
*,2273,13,21524,1004,-1028,0,2,-1,
*,2273,13,21524,512,-1042,0,2,-1,
*,2273,13,21524,-1049,-1042,0,2,-1,
*,2273,13,21524,-557,-1028,0,2,-1,
*,2273,13,21524,-799,-871,0,2,-1,
*,2273,13,21524,-1026,-691,0,2,-1,
*,2273,13,21524,-564,-720,0,2,-1,
*,2273,14,21524,512,723,0,2,-1,
*,2273,14,21524,1004,737,0,2,-1,
*,2273,14,21524,762,894,0,2,-1,
*,2273,14,21524,535,1073,0,2,-1,
*,2273,14,21524,997,1045,0,2,-1,
*,2273,14,21524,997,-720,0,2,-1,
*,2273,14,21524,535,-691,0,2,-1,
*,2273,14,21524,762,-871,0,2,-1,
*,2273,14,21524,1004,-1028,0,2,-1,
*,2273,14,21524,512,-1042,0,2,-1,
*,2273,14,21524,-1049,-1042,0,2,-1,
*,2273,14,21524,-557,-1028,0,2,-1,
*,2273,14,21524,-799,-871,0,2,-1,
*,2273,14,21524,-1026,-691,0,2,-1,
*,2273,14,21524,-564,-720,0,2,-1,
*,2273,15,21524,512,723,0,2,-1,
*,2273,15,21524,1004,737,0,2,-1,
*,2273,15,21524,762,894,0,2,-1,
*,2273,15,21524,535,1073,0,2,-1,
*,2273,15,21524,997,1045,0,2,-1,
*,2273,15,21524,997,-720,0,2,-1,
*,2273,15,21524,535,-691,0,2,-1,
*,2273,15,21524,762,-871,0,2,-1,
*,2273,15,21524,1004,-1028,0,2,-1,
*,2273,15,21524,512,-1042,0,2,-1,
*,2273,15,21524,-1049,-1042,0,2,-1,
*,2273,15,21524,-557,-1028,0,2,-1,
*,2273,15,21524,-799,-871,0,2,-1,
*,2273,15,21524,-1026,-691,0,2,-1,
*,2273,15,21524,-564,-720,0,2,-1,
*,2273,16,21524,512,723,0,2,-1,
*,2273,16,21524,1004,737,0,2,-1,
*,2273,16,21524,762,894,0,2,-1,
*,2273,16,21524,535,1073,0,2,-1,
*,2273,16,21524,997,1045,0,2,-1,
*,2273,16,21524,997,-720,0,2,-1,
*,2273,16,21524,535,-691,0,2,-1,
*,2273,16,21524,762,-871,0,2,-1,
*,2273,16,21524,1004,-1028,0,2,-1,
*,2273,16,21524,512,-1042,0,2,-1,
*,2273,16,21524,-1049,-1042,0,2,-1,
*,2273,16,21524,-557,-1028,0,2,-1,
*,2273,16,21524,-799,-871,0,2,-1,
*,2273,16,21524,-1026,-691,0,2,-1,
*,2273,16,21524,-564,-720,0,2,-1,
*,2273,17,21525,997,-720,0,2,-1,
*,2273,17,21525,535,-691,0,2,-1,
*,2273,17,21525,762,-871,0,2,-1,
*,2273,17,21525,1004,-1028,0,2,-1,
*,2273,17,21525,512,-1042,0,2,-1,
*,2273,17,21525,-1041,-1042,0,2,-1,
*,2273,17,21525,-549,-1028,0,2,-1,
*,2273,17,21525,-791,-871,0,2,-1,
*,2273,17,21525,-1018,-691,0,2,-1,
*,2273,17,21525,-555,-720,0,2,-1,
*,2273,17,21525,-555,1049,0,2,-1,
*,2273,17,21525,-1018,1077,0,2,-1,
*,2273,17,21525,-791,898,0,2,-1,
*,2273,17,21525,-549,741,0,2,-1,
*,2273,17,21525,-1041,727,0,2,-1,
*,2273,18,21525,997,-720,0,2,-1,
*,2273,18,21525,535,-691,0,2,-1,
*,2273,18,21525,762,-871,0,2,-1,
*,2273,18,21525,1004,-1028,0,2,-1,
*,2273,18,21525,512,-1042,0,2,-1,
*,2273,18,21525,-1041,-1042,0,2,-1,
*,2273,18,21525,-549,-1028,0,2,-1,
*,2273,18,21525,-791,-871,0,2,-1,
*,2273,18,21525,-1018,-691,0,2,-1,
*,2273,18,21525,-555,-720,0,2,-1,
*,2273,18,21525,-555,1049,0,2,-1,
*,2273,18,21525,-1018,1077,0,2,-1,
*,2273,18,21525,-791,898,0,2,-1,
*,2273,18,21525,-549,741,0,2,-1,
*,2273,18,21525,-1041,727,0,2,-1,
*,2273,19,21525,997,-720,0,2,-1,
*,2273,19,21525,535,-691,0,2,-1,
*,2273,19,21525,762,-871,0,2,-1,
*,2273,19,21525,1004,-1028,0,2,-1,
*,2273,19,21525,512,-1042,0,2,-1,
*,2273,19,21525,-1041,-1042,0,2,-1,
*,2273,19,21525,-549,-1028,0,2,-1,
*,2273,19,21525,-791,-871,0,2,-1,
*,2273,19,21525,-1018,-691,0,2,-1,
*,2273,19,21525,-555,-720,0,2,-1,
*,2273,19,21525,-555,1049,0,2,-1,
*,2273,19,21525,-1018,1077,0,2,-1,
*,2273,19,21525,-791,898,0,2,-1,
*,2273,19,21525,-549,741,0,2,-1,
*,2273,19,21525,-1041,727,0,2,-1,
*,2273,20,21525,997,-720,0,2,-1,
*,2273,20,21525,535,-691,0,2,-1,
*,2273,20,21525,762,-871,0,2,-1,
*,2273,20,21525,1004,-1028,0,2,-1,
*,2273,20,21525,512,-1042,0,2,-1,
*,2273,20,21525,-1041,-1042,0,2,-1,
*,2273,20,21525,-549,-1028,0,2,-1,
*,2273,20,21525,-791,-871,0,2,-1,
*,2273,20,21525,-1018,-691,0,2,-1,
*,2273,20,21525,-555,-720,0,2,-1,
*,2273,20,21525,-555,1049,0,2,-1,
*,2273,20,21525,-1018,1077,0,2,-1,
*,2273,20,21525,-791,898,0,2,-1,
*,2273,20,21525,-549,741,0,2,-1,
*,2273,20,21525,-1041,727,0,2,-1,
*,2273,21,21526,-1041,-1042,0,2,-1,
*,2273,21,21526,-549,-1028,0,2,-1,
*,2273,21,21526,-791,-871,0,2,-1,
*,2273,21,21526,-1018,-691,0,2,-1,
*,2273,21,21526,-555,-720,0,2,-1,
*,2273,21,21526,-555,1041,0,2,-1,
*,2273,21,21526,-1018,1070,0,2,-1,
*,2273,21,21526,-791,890,0,2,-1,
*,2273,21,21526,-549,733,0,2,-1,
*,2273,21,21526,-1041,719,0,2,-1,
*,2273,21,21526,516,719,0,2,-1,
*,2273,21,21526,1008,733,0,2,-1,
*,2273,21,21526,766,890,0,2,-1,
*,2273,21,21526,539,1070,0,2,-1,
*,2273,21,21526,1002,1041,0,2,-1,
*,2273,22,21526,-1041,-1042,0,2,-1,
*,2273,22,21526,-549,-1028,0,2,-1,
*,2273,22,21526,-791,-871,0,2,-1,
*,2273,22,21526,-1018,-691,0,2,-1,
*,2273,22,21526,-555,-720,0,2,-1,
*,2273,22,21526,-555,1041,0,2,-1,
*,2273,22,21526,-1018,1070,0,2,-1,
*,2273,22,21526,-791,890,0,2,-1,
*,2273,22,21526,-549,733,0,2,-1,
*,2273,22,21526,-1041,719,0,2,-1,
*,2273,22,21526,516,719,0,2,-1,
*,2273,22,21526,1008,733,0,2,-1,
*,2273,22,21526,766,890,0,2,-1,
*,2273,22,21526,539,1070,0,2,-1,
*,2273,22,21526,1002,1041,0,2,-1,
*,2273,23,21526,-1041,-1042,0,2,-1,
*,2273,23,21526,-549,-1028,0,2,-1,
*,2273,23,21526,-791,-871,0,2,-1,
*,2273,23,21526,-1018,-691,0,2,-1,
*,2273,23,21526,-555,-720,0,2,-1,
*,2273,23,21526,-555,1041,0,2,-1,
*,2273,23,21526,-1018,1070,0,2,-1,
*,2273,23,21526,-791,890,0,2,-1,
*,2273,23,21526,-549,733,0,2,-1,
*,2273,23,21526,-1041,719,0,2,-1,
*,2273,23,21526,516,719,0,2,-1,
*,2273,23,21526,1008,733,0,2,-1,
*,2273,23,21526,766,890,0,2,-1,
*,2273,23,21526,539,1070,0,2,-1,
*,2273,23,21526,1002,1041,0,2,-1,
*,2273,24,21526,-1041,-1042,0,2,-1,
*,2273,24,21526,-549,-1028,0,2,-1,
*,2273,24,21526,-791,-871,0,2,-1,
*,2273,24,21526,-1018,-691,0,2,-1,
*,2273,24,21526,-555,-720,0,2,-1,
*,2273,24,21526,-555,1041,0,2,-1,
*,2273,24,21526,-1018,1070,0,2,-1,
*,2273,24,21526,-791,890,0,2,-1,
*,2273,24,21526,-549,733,0,2,-1,
*,2273,24,21526,-1041,719,0,2,-1,
*,2273,24,21526,516,719,0,2,-1,
*,2273,24,21526,1008,733,0,2,-1,
*,2273,24,21526,766,890,0,2,-1,
*,2273,24,21526,539,1070,0,2,-1,
*,2273,24,21526,1002,1041,0,2,-1,
*,2273,25,21527,-555,1041,0,2,-1,
*,2273,25,21527,-1018,1070,0,2,-1,
*,2273,25,21527,-791,890,0,2,-1,
*,2273,25,21527,-549,733,0,2,-1,
*,2273,25,21527,-1041,719,0,2,-1,
*,2273,25,21527,527,719,0,2,-1,
*,2273,25,21527,1020,733,0,2,-1,
*,2273,25,21527,777,890,0,2,-1,
*,2273,25,21527,551,1070,0,2,-1,
*,2273,25,21527,1013,1041,0,2,-1,
*,2273,25,21527,1013,-726,0,2,-1,
*,2273,25,21527,551,-698,0,2,-1,
*,2273,25,21527,777,-877,0,2,-1,
*,2273,25,21527,1020,-1034,0,2,-1,
*,2273,25,21527,527,-1048,0,2,-1,
*,2273,26,21527,-555,1041,0,2,-1,
*,2273,26,21527,-1018,1070,0,2,-1,
*,2273,26,21527,-791,890,0,2,-1,
*,2273,26,21527,-549,733,0,2,-1,
*,2273,26,21527,-1041,719,0,2,-1,
*,2273,26,21527,527,719,0,2,-1,
*,2273,26,21527,1020,733,0,2,-1,
*,2273,26,21527,777,890,0,2,-1,
*,2273,26,21527,551,1070,0,2,-1,
*,2273,26,21527,1013,1041,0,2,-1,
*,2273,26,21527,1013,-726,0,2,-1,
*,2273,26,21527,551,-698,0,2,-1,
*,2273,26,21527,777,-877,0,2,-1,
*,2273,26,21527,1020,-1034,0,2,-1,
*,2273,26,21527,527,-1048,0,2,-1,
*,2273,27,21527,-555,1041,0,2,-1,
*,2273,27,21527,-1018,1070,0,2,-1,
*,2273,27,21527,-791,890,0,2,-1,
*,2273,27,21527,-549,733,0,2,-1,
*,2273,27,21527,-1041,719,0,2,-1,
*,2273,27,21527,527,719,0,2,-1,
*,2273,27,21527,1020,733,0,2,-1,
*,2273,27,21527,777,890,0,2,-1,
*,2273,27,21527,551,1070,0,2,-1,
*,2273,27,21527,1013,1041,0,2,-1,
*,2273,27,21527,1013,-726,0,2,-1,
*,2273,27,21527,551,-698,0,2,-1,
*,2273,27,21527,777,-877,0,2,-1,
*,2273,27,21527,1020,-1034,0,2,-1,
*,2273,27,21527,527,-1048,0,2,-1,
*,2273,28,21527,-555,1041,0,2,-1,
*,2273,28,21527,-1018,1070,0,2,-1,
*,2273,28,21527,-791,890,0,2,-1,
*,2273,28,21527,-549,733,0,2,-1,
*,2273,28,21527,-1041,719,0,2,-1,
*,2273,28,21527,527,719,0,2,-1,
*,2273,28,21527,1020,733,0,2,-1,
*,2273,28,21527,777,890,0,2,-1,
*,2273,28,21527,551,1070,0,2,-1,
*,2273,28,21527,1013,1041,0,2,-1,
*,2273,28,21527,1013,-726,0,2,-1,
*,2273,28,21527,551,-698,0,2,-1,
*,2273,28,21527,777,-877,0,2,-1,
*,2273,28,21527,1020,-1034,0,2,-1,
*,2273,28,21527,527,-1048,0,2,-1,
*,2274,1,21531,495,-1045,0,2,-1,
*,2274,1,21531,987,-1031,0,2,-1,
*,2274,1,21531,745,-874,0,2,-1,
*,2274,1,21531,518,-695,0,2,-1,
*,2274,1,21531,981,-724,0,2,-1,
*,2274,1,21531,-1035,-1045,0,2,-1,
*,2274,1,21531,-542,-1031,0,2,-1,
*,2274,1,21531,-785,-874,0,2,-1,
*,2274,1,21531,-549,-724,0,2,-1,
*,2274,1,21531,-1011,-695,0,2,-1,
*,2274,1,21531,-1011,1031,0,2,-1,
*,2274,1,21531,-549,1002,0,2,-1,
*,2274,1,21531,-785,851,0,2,-1,
*,2274,1,21531,-542,694,0,2,-1,
*,2274,1,21531,-1035,680,0,2,-1,
*,2274,1,21531,509,680,0,2,-1,
*,2274,1,21531,1001,694,0,2,-1,
*,2274,1,21531,759,851,0,2,-1,
*,2274,1,21531,995,1002,0,2,-1,
*,2274,1,21531,532,1031,0,2,-1,
*,2274,2,21531,495,-1045,0,2,-1,
*,2274,2,21531,987,-1031,0,2,-1,
*,2274,2,21531,745,-874,0,2,-1,
*,2274,2,21531,518,-695,0,2,-1,
*,2274,2,21531,981,-724,0,2,-1,
*,2274,2,21531,-1035,-1045,0,2,-1,
*,2274,2,21531,-542,-1031,0,2,-1,
*,2274,2,21531,-785,-874,0,2,-1,
*,2274,2,21531,-549,-724,0,2,-1,
*,2274,2,21531,-1011,-695,0,2,-1,
*,2274,2,21531,-1011,1031,0,2,-1,
*,2274,2,21531,-549,1002,0,2,-1,
*,2274,2,21531,-785,851,0,2,-1,
*,2274,2,21531,-542,694,0,2,-1,
*,2274,2,21531,-1035,680,0,2,-1,
*,2274,2,21531,509,680,0,2,-1,
*,2274,2,21531,1001,694,0,2,-1,
*,2274,2,21531,759,851,0,2,-1,
*,2274,2,21531,995,1002,0,2,-1,
*,2274,2,21531,532,1031,0,2,-1,
*,2274,3,21531,495,-1045,0,2,-1,
*,2274,3,21531,987,-1031,0,2,-1,
*,2274,3,21531,745,-874,0,2,-1,
*,2274,3,21531,518,-695,0,2,-1,
*,2274,3,21531,981,-724,0,2,-1,
*,2274,3,21531,-1035,-1045,0,2,-1,
*,2274,3,21531,-542,-1031,0,2,-1,
*,2274,3,21531,-785,-874,0,2,-1,
*,2274,3,21531,-549,-724,0,2,-1,
*,2274,3,21531,-1011,-695,0,2,-1,
*,2274,3,21531,-1011,1031,0,2,-1,
*,2274,3,21531,-549,1002,0,2,-1,
*,2274,3,21531,-785,851,0,2,-1,
*,2274,3,21531,-542,694,0,2,-1,
*,2274,3,21531,-1035,680,0,2,-1,
*,2274,3,21531,509,680,0,2,-1,
*,2274,3,21531,1001,694,0,2,-1,
*,2274,3,21531,759,851,0,2,-1,
*,2274,3,21531,995,1002,0,2,-1,
*,2274,3,21531,532,1031,0,2,-1,
*,2274,4,21531,495,-1045,0,2,-1,
*,2274,4,21531,987,-1031,0,2,-1,
*,2274,4,21531,745,-874,0,2,-1,
*,2274,4,21531,518,-695,0,2,-1,
*,2274,4,21531,981,-724,0,2,-1,
*,2274,4,21531,-1035,-1045,0,2,-1,
*,2274,4,21531,-542,-1031,0,2,-1,
*,2274,4,21531,-785,-874,0,2,-1,
*,2274,4,21531,-549,-724,0,2,-1,
*,2274,4,21531,-1011,-695,0,2,-1,
*,2274,4,21531,-1011,1031,0,2,-1,
*,2274,4,21531,-549,1002,0,2,-1,
*,2274,4,21531,-785,851,0,2,-1,
*,2274,4,21531,-542,694,0,2,-1,
*,2274,4,21531,-1035,680,0,2,-1,
*,2274,4,21531,509,680,0,2,-1,
*,2274,4,21531,1001,694,0,2,-1,
*,2274,4,21531,759,851,0,2,-1,
*,2274,4,21531,995,1002,0,2,-1,
*,2274,4,21531,532,1031,0,2,-1,
*,2274,5,21532,495,-1045,0,2,-1,
*,2274,5,21532,987,-1031,0,2,-1,
*,2274,5,21532,745,-874,0,2,-1,
*,2274,5,21532,518,-695,0,2,-1,
*,2274,5,21532,981,-724,0,2,-1,
*,2274,5,21532,-1027,-1045,0,2,-1,
*,2274,5,21532,-534,-1031,0,2,-1,
*,2274,5,21532,-777,-874,0,2,-1,
*,2274,5,21532,-541,-724,0,2,-1,
*,2274,5,21532,-1003,-695,0,2,-1,
*,2274,5,21532,-1019,1039,0,2,-1,
*,2274,5,21532,-556,1010,0,2,-1,
*,2274,5,21532,-792,860,0,2,-1,
*,2274,5,21532,-550,703,0,2,-1,
*,2274,5,21532,-1042,689,0,2,-1,
*,2274,5,21532,500,689,0,2,-1,
*,2274,5,21532,992,703,0,2,-1,
*,2274,5,21532,750,860,0,2,-1,
*,2274,5,21532,986,1010,0,2,-1,
*,2274,5,21532,523,1039,0,2,-1,
*,2274,6,21532,495,-1045,0,2,-1,
*,2274,6,21532,987,-1031,0,2,-1,
*,2274,6,21532,745,-874,0,2,-1,
*,2274,6,21532,518,-695,0,2,-1,
*,2274,6,21532,981,-724,0,2,-1,
*,2274,6,21532,-1027,-1045,0,2,-1,
*,2274,6,21532,-534,-1031,0,2,-1,
*,2274,6,21532,-777,-874,0,2,-1,
*,2274,6,21532,-541,-724,0,2,-1,
*,2274,6,21532,-1003,-695,0,2,-1,
*,2274,6,21532,-1019,1039,0,2,-1,
*,2274,6,21532,-556,1010,0,2,-1,
*,2274,6,21532,-792,860,0,2,-1,
*,2274,6,21532,-550,703,0,2,-1,
*,2274,6,21532,-1042,689,0,2,-1,
*,2274,6,21532,500,689,0,2,-1,
*,2274,6,21532,992,703,0,2,-1,
*,2274,6,21532,750,860,0,2,-1,
*,2274,6,21532,986,1010,0,2,-1,
*,2274,6,21532,523,1039,0,2,-1,
*,2274,7,21532,495,-1045,0,2,-1,
*,2274,7,21532,987,-1031,0,2,-1,
*,2274,7,21532,745,-874,0,2,-1,
*,2274,7,21532,518,-695,0,2,-1,
*,2274,7,21532,981,-724,0,2,-1,
*,2274,7,21532,-1027,-1045,0,2,-1,
*,2274,7,21532,-534,-1031,0,2,-1,
*,2274,7,21532,-777,-874,0,2,-1,
*,2274,7,21532,-541,-724,0,2,-1,
*,2274,7,21532,-1003,-695,0,2,-1,
*,2274,7,21532,-1019,1039,0,2,-1,
*,2274,7,21532,-556,1010,0,2,-1,
*,2274,7,21532,-792,860,0,2,-1,
*,2274,7,21532,-550,703,0,2,-1,
*,2274,7,21532,-1042,689,0,2,-1,
*,2274,7,21532,500,689,0,2,-1,
*,2274,7,21532,992,703,0,2,-1,
*,2274,7,21532,750,860,0,2,-1,
*,2274,7,21532,986,1010,0,2,-1,
*,2274,7,21532,523,1039,0,2,-1,
*,2274,8,21532,495,-1045,0,2,-1,
*,2274,8,21532,987,-1031,0,2,-1,
*,2274,8,21532,745,-874,0,2,-1,
*,2274,8,21532,518,-695,0,2,-1,
*,2274,8,21532,981,-724,0,2,-1,
*,2274,8,21532,-1027,-1045,0,2,-1,
*,2274,8,21532,-534,-1031,0,2,-1,
*,2274,8,21532,-777,-874,0,2,-1,
*,2274,8,21532,-541,-724,0,2,-1,
*,2274,8,21532,-1003,-695,0,2,-1,
*,2274,8,21532,-1019,1039,0,2,-1,
*,2274,8,21532,-556,1010,0,2,-1,
*,2274,8,21532,-792,860,0,2,-1,
*,2274,8,21532,-550,703,0,2,-1,
*,2274,8,21532,-1042,689,0,2,-1,
*,2274,8,21532,500,689,0,2,-1,
*,2274,8,21532,992,703,0,2,-1,
*,2274,8,21532,750,860,0,2,-1,
*,2274,8,21532,986,1010,0,2,-1,
*,2274,8,21532,523,1039,0,2,-1,
*,2274,9,21533,495,-1045,0,2,-1,
*,2274,9,21533,987,-1031,0,2,-1,
*,2274,9,21533,745,-874,0,2,-1,
*,2274,9,21533,518,-695,0,2,-1,
*,2274,9,21533,981,-724,0,2,-1,
*,2274,9,21533,-1021,-1045,0,2,-1,
*,2274,9,21533,-529,-1031,0,2,-1,
*,2274,9,21533,-771,-874,0,2,-1,
*,2274,9,21533,-535,-724,0,2,-1,
*,2274,9,21533,-998,-695,0,2,-1,
*,2274,9,21533,-1022,1038,0,2,-1,
*,2274,9,21533,-560,1009,0,2,-1,
*,2274,9,21533,-796,859,0,2,-1,
*,2274,9,21533,-553,701,0,2,-1,
*,2274,9,21533,-1046,687,0,2,-1,
*,2274,9,21533,514,687,0,2,-1,
*,2274,9,21533,1007,701,0,2,-1,
*,2274,9,21533,764,859,0,2,-1,
*,2274,9,21533,1000,1009,0,2,-1,
*,2274,9,21533,538,1038,0,2,-1,
*,2274,10,21533,495,-1045,0,2,-1,
*,2274,10,21533,987,-1031,0,2,-1,
*,2274,10,21533,745,-874,0,2,-1,
*,2274,10,21533,518,-695,0,2,-1,
*,2274,10,21533,981,-724,0,2,-1,
*,2274,10,21533,-1021,-1045,0,2,-1,
*,2274,10,21533,-529,-1031,0,2,-1,
*,2274,10,21533,-771,-874,0,2,-1,
*,2274,10,21533,-535,-724,0,2,-1,
*,2274,10,21533,-998,-695,0,2,-1,
*,2274,10,21533,-1022,1038,0,2,-1,
*,2274,10,21533,-560,1009,0,2,-1,
*,2274,10,21533,-796,859,0,2,-1,
*,2274,10,21533,-553,701,0,2,-1,
*,2274,10,21533,-1046,687,0,2,-1,
*,2274,10,21533,514,687,0,2,-1,
*,2274,10,21533,1007,701,0,2,-1,
*,2274,10,21533,764,859,0,2,-1,
*,2274,10,21533,1000,1009,0,2,-1,
*,2274,10,21533,538,1038,0,2,-1,
*,2274,11,21533,495,-1045,0,2,-1,
*,2274,11,21533,987,-1031,0,2,-1,
*,2274,11,21533,745,-874,0,2,-1,
*,2274,11,21533,518,-695,0,2,-1,
*,2274,11,21533,981,-724,0,2,-1,
*,2274,11,21533,-1021,-1045,0,2,-1,
*,2274,11,21533,-529,-1031,0,2,-1,
*,2274,11,21533,-771,-874,0,2,-1,
*,2274,11,21533,-535,-724,0,2,-1,
*,2274,11,21533,-998,-695,0,2,-1,
*,2274,11,21533,-1022,1038,0,2,-1,
*,2274,11,21533,-560,1009,0,2,-1,
*,2274,11,21533,-796,859,0,2,-1,
*,2274,11,21533,-553,701,0,2,-1,
*,2274,11,21533,-1046,687,0,2,-1,
*,2274,11,21533,514,687,0,2,-1,
*,2274,11,21533,1007,701,0,2,-1,
*,2274,11,21533,764,859,0,2,-1,
*,2274,11,21533,1000,1009,0,2,-1,
*,2274,11,21533,538,1038,0,2,-1,
*,2274,12,21533,495,-1045,0,2,-1,
*,2274,12,21533,987,-1031,0,2,-1,
*,2274,12,21533,745,-874,0,2,-1,
*,2274,12,21533,518,-695,0,2,-1,
*,2274,12,21533,981,-724,0,2,-1,
*,2274,12,21533,-1021,-1045,0,2,-1,
*,2274,12,21533,-529,-1031,0,2,-1,
*,2274,12,21533,-771,-874,0,2,-1,
*,2274,12,21533,-535,-724,0,2,-1,
*,2274,12,21533,-998,-695,0,2,-1,
*,2274,12,21533,-1022,1038,0,2,-1,
*,2274,12,21533,-560,1009,0,2,-1,
*,2274,12,21533,-796,859,0,2,-1,
*,2274,12,21533,-553,701,0,2,-1,
*,2274,12,21533,-1046,687,0,2,-1,
*,2274,12,21533,514,687,0,2,-1,
*,2274,12,21533,1007,701,0,2,-1,
*,2274,12,21533,764,859,0,2,-1,
*,2274,12,21533,1000,1009,0,2,-1,
*,2274,12,21533,538,1038,0,2,-1,
*,2274,13,21534,495,-1045,0,2,-1,
*,2274,13,21534,987,-1031,0,2,-1,
*,2274,13,21534,745,-874,0,2,-1,
*,2274,13,21534,518,-695,0,2,-1,
*,2274,13,21534,981,-724,0,2,-1,
*,2274,13,21534,-1035,-1045,0,2,-1,
*,2274,13,21534,-543,-1031,0,2,-1,
*,2274,13,21534,-785,-874,0,2,-1,
*,2274,13,21534,-549,-724,0,2,-1,
*,2274,13,21534,-1012,-695,0,2,-1,
*,2274,13,21534,-1012,1031,0,2,-1,
*,2274,13,21534,-549,1002,0,2,-1,
*,2274,13,21534,-785,851,0,2,-1,
*,2274,13,21534,-543,694,0,2,-1,
*,2274,13,21534,-1035,680,0,2,-1,
*,2274,13,21534,509,680,0,2,-1,
*,2274,13,21534,1001,694,0,2,-1,
*,2274,13,21534,759,851,0,2,-1,
*,2274,13,21534,995,1002,0,2,-1,
*,2274,13,21534,533,1031,0,2,-1,
*,2274,14,21534,495,-1045,0,2,-1,
*,2274,14,21534,987,-1031,0,2,-1,
*,2274,14,21534,745,-874,0,2,-1,
*,2274,14,21534,518,-695,0,2,-1,
*,2274,14,21534,981,-724,0,2,-1,
*,2274,14,21534,-1035,-1045,0,2,-1,
*,2274,14,21534,-543,-1031,0,2,-1,
*,2274,14,21534,-785,-874,0,2,-1,
*,2274,14,21534,-549,-724,0,2,-1,
*,2274,14,21534,-1012,-695,0,2,-1,
*,2274,14,21534,-1012,1031,0,2,-1,
*,2274,14,21534,-549,1002,0,2,-1,
*,2274,14,21534,-785,851,0,2,-1,
*,2274,14,21534,-543,694,0,2,-1,
*,2274,14,21534,-1035,680,0,2,-1,
*,2274,14,21534,509,680,0,2,-1,
*,2274,14,21534,1001,694,0,2,-1,
*,2274,14,21534,759,851,0,2,-1,
*,2274,14,21534,995,1002,0,2,-1,
*,2274,14,21534,533,1031,0,2,-1,
*,2274,15,21534,495,-1045,0,2,-1,
*,2274,15,21534,987,-1031,0,2,-1,
*,2274,15,21534,745,-874,0,2,-1,
*,2274,15,21534,518,-695,0,2,-1,
*,2274,15,21534,981,-724,0,2,-1,
*,2274,15,21534,-1035,-1045,0,2,-1,
*,2274,15,21534,-543,-1031,0,2,-1,
*,2274,15,21534,-785,-874,0,2,-1,
*,2274,15,21534,-549,-724,0,2,-1,
*,2274,15,21534,-1012,-695,0,2,-1,
*,2274,15,21534,-1012,1031,0,2,-1,
*,2274,15,21534,-549,1002,0,2,-1,
*,2274,15,21534,-785,851,0,2,-1,
*,2274,15,21534,-543,694,0,2,-1,
*,2274,15,21534,-1035,680,0,2,-1,
*,2274,15,21534,509,680,0,2,-1,
*,2274,15,21534,1001,694,0,2,-1,
*,2274,15,21534,759,851,0,2,-1,
*,2274,15,21534,995,1002,0,2,-1,
*,2274,15,21534,533,1031,0,2,-1,
*,2274,16,21534,495,-1045,0,2,-1,
*,2274,16,21534,987,-1031,0,2,-1,
*,2274,16,21534,745,-874,0,2,-1,
*,2274,16,21534,518,-695,0,2,-1,
*,2274,16,21534,981,-724,0,2,-1,
*,2274,16,21534,-1035,-1045,0,2,-1,
*,2274,16,21534,-543,-1031,0,2,-1,
*,2274,16,21534,-785,-874,0,2,-1,
*,2274,16,21534,-549,-724,0,2,-1,
*,2274,16,21534,-1012,-695,0,2,-1,
*,2274,16,21534,-1012,1031,0,2,-1,
*,2274,16,21534,-549,1002,0,2,-1,
*,2274,16,21534,-785,851,0,2,-1,
*,2274,16,21534,-543,694,0,2,-1,
*,2274,16,21534,-1035,680,0,2,-1,
*,2274,16,21534,509,680,0,2,-1,
*,2274,16,21534,1001,694,0,2,-1,
*,2274,16,21534,759,851,0,2,-1,
*,2274,16,21534,995,1002,0,2,-1,
*,2274,16,21534,533,1031,0,2,-1,
*,2274,17,21535,495,-1045,0,2,-1,
*,2274,17,21535,987,-1031,0,2,-1,
*,2274,17,21535,745,-874,0,2,-1,
*,2274,17,21535,518,-695,0,2,-1,
*,2274,17,21535,981,-724,0,2,-1,
*,2274,17,21535,-1029,-1045,0,2,-1,
*,2274,17,21535,-536,-1031,0,2,-1,
*,2274,17,21535,-779,-874,0,2,-1,
*,2274,17,21535,-543,-724,0,2,-1,
*,2274,17,21535,-1005,-695,0,2,-1,
*,2274,17,21535,-1037,1037,0,2,-1,
*,2274,17,21535,-575,1008,0,2,-1,
*,2274,17,21535,-810,857,0,2,-1,
*,2274,17,21535,-568,700,0,2,-1,
*,2274,17,21535,-1060,686,0,2,-1,
*,2274,17,21535,508,686,0,2,-1,
*,2274,17,21535,1000,700,0,2,-1,
*,2274,17,21535,758,857,0,2,-1,
*,2274,17,21535,994,1008,0,2,-1,
*,2274,17,21535,531,1037,0,2,-1,
*,2274,18,21535,495,-1045,0,2,-1,
*,2274,18,21535,987,-1031,0,2,-1,
*,2274,18,21535,745,-874,0,2,-1,
*,2274,18,21535,518,-695,0,2,-1,
*,2274,18,21535,981,-724,0,2,-1,
*,2274,18,21535,-1029,-1045,0,2,-1,
*,2274,18,21535,-536,-1031,0,2,-1,
*,2274,18,21535,-779,-874,0,2,-1,
*,2274,18,21535,-543,-724,0,2,-1,
*,2274,18,21535,-1005,-695,0,2,-1,
*,2274,18,21535,-1037,1037,0,2,-1,
*,2274,18,21535,-575,1008,0,2,-1,
*,2274,18,21535,-810,857,0,2,-1,
*,2274,18,21535,-568,700,0,2,-1,
*,2274,18,21535,-1060,686,0,2,-1,
*,2274,18,21535,508,686,0,2,-1,
*,2274,18,21535,1000,700,0,2,-1,
*,2274,18,21535,758,857,0,2,-1,
*,2274,18,21535,994,1008,0,2,-1,
*,2274,18,21535,531,1037,0,2,-1,
*,2274,19,21535,495,-1045,0,2,-1,
*,2274,19,21535,987,-1031,0,2,-1,
*,2274,19,21535,745,-874,0,2,-1,
*,2274,19,21535,518,-695,0,2,-1,
*,2274,19,21535,981,-724,0,2,-1,
*,2274,19,21535,-1029,-1045,0,2,-1,
*,2274,19,21535,-536,-1031,0,2,-1,
*,2274,19,21535,-779,-874,0,2,-1,
*,2274,19,21535,-543,-724,0,2,-1,
*,2274,19,21535,-1005,-695,0,2,-1,
*,2274,19,21535,-1037,1037,0,2,-1,
*,2274,19,21535,-575,1008,0,2,-1,
*,2274,19,21535,-810,857,0,2,-1,
*,2274,19,21535,-568,700,0,2,-1,
*,2274,19,21535,-1060,686,0,2,-1,
*,2274,19,21535,508,686,0,2,-1,
*,2274,19,21535,1000,700,0,2,-1,
*,2274,19,21535,758,857,0,2,-1,
*,2274,19,21535,994,1008,0,2,-1,
*,2274,19,21535,531,1037,0,2,-1,
*,2274,20,21535,495,-1045,0,2,-1,
*,2274,20,21535,987,-1031,0,2,-1,
*,2274,20,21535,745,-874,0,2,-1,
*,2274,20,21535,518,-695,0,2,-1,
*,2274,20,21535,981,-724,0,2,-1,
*,2274,20,21535,-1029,-1045,0,2,-1,
*,2274,20,21535,-536,-1031,0,2,-1,
*,2274,20,21535,-779,-874,0,2,-1,
*,2274,20,21535,-543,-724,0,2,-1,
*,2274,20,21535,-1005,-695,0,2,-1,
*,2274,20,21535,-1037,1037,0,2,-1,
*,2274,20,21535,-575,1008,0,2,-1,
*,2274,20,21535,-810,857,0,2,-1,
*,2274,20,21535,-568,700,0,2,-1,
*,2274,20,21535,-1060,686,0,2,-1,
*,2274,20,21535,508,686,0,2,-1,
*,2274,20,21535,1000,700,0,2,-1,
*,2274,20,21535,758,857,0,2,-1,
*,2274,20,21535,994,1008,0,2,-1,
*,2274,20,21535,531,1037,0,2,-1,
*,2274,21,21536,495,-1045,0,2,-1,
*,2274,21,21536,987,-1031,0,2,-1,
*,2274,21,21536,745,-874,0,2,-1,
*,2274,21,21536,518,-695,0,2,-1,
*,2274,21,21536,981,-724,0,2,-1,
*,2274,21,21536,-1016,-1045,0,2,-1,
*,2274,21,21536,-524,-1031,0,2,-1,
*,2274,21,21536,-766,-874,0,2,-1,
*,2274,21,21536,-531,-724,0,2,-1,
*,2274,21,21536,-993,-695,0,2,-1,
*,2274,21,21536,-993,1037,0,2,-1,
*,2274,21,21536,-531,1008,0,2,-1,
*,2274,21,21536,-766,858,0,2,-1,
*,2274,21,21536,-524,700,0,2,-1,
*,2274,21,21536,-1016,686,0,2,-1,
*,2274,21,21536,521,686,0,2,-1,
*,2274,21,21536,1014,700,0,2,-1,
*,2274,21,21536,771,858,0,2,-1,
*,2274,21,21536,1007,1008,0,2,-1,
*,2274,21,21536,545,1037,0,2,-1,
*,2274,22,21536,495,-1045,0,2,-1,
*,2274,22,21536,987,-1031,0,2,-1,
*,2274,22,21536,745,-874,0,2,-1,
*,2274,22,21536,518,-695,0,2,-1,
*,2274,22,21536,981,-724,0,2,-1,
*,2274,22,21536,-1016,-1045,0,2,-1,
*,2274,22,21536,-524,-1031,0,2,-1,
*,2274,22,21536,-766,-874,0,2,-1,
*,2274,22,21536,-531,-724,0,2,-1,
*,2274,22,21536,-993,-695,0,2,-1,
*,2274,22,21536,-993,1037,0,2,-1,
*,2274,22,21536,-531,1008,0,2,-1,
*,2274,22,21536,-766,858,0,2,-1,
*,2274,22,21536,-524,700,0,2,-1,
*,2274,22,21536,-1016,686,0,2,-1,
*,2274,22,21536,521,686,0,2,-1,
*,2274,22,21536,1014,700,0,2,-1,
*,2274,22,21536,771,858,0,2,-1,
*,2274,22,21536,1007,1008,0,2,-1,
*,2274,22,21536,545,1037,0,2,-1,
*,2274,23,21536,495,-1045,0,2,-1,
*,2274,23,21536,987,-1031,0,2,-1,
*,2274,23,21536,745,-874,0,2,-1,
*,2274,23,21536,518,-695,0,2,-1,
*,2274,23,21536,981,-724,0,2,-1,
*,2274,23,21536,-1016,-1045,0,2,-1,
*,2274,23,21536,-524,-1031,0,2,-1,
*,2274,23,21536,-766,-874,0,2,-1,
*,2274,23,21536,-531,-724,0,2,-1,
*,2274,23,21536,-993,-695,0,2,-1,
*,2274,23,21536,-993,1037,0,2,-1,
*,2274,23,21536,-531,1008,0,2,-1,
*,2274,23,21536,-766,858,0,2,-1,
*,2274,23,21536,-524,700,0,2,-1,
*,2274,23,21536,-1016,686,0,2,-1,
*,2274,23,21536,521,686,0,2,-1,
*,2274,23,21536,1014,700,0,2,-1,
*,2274,23,21536,771,858,0,2,-1,
*,2274,23,21536,1007,1008,0,2,-1,
*,2274,23,21536,545,1037,0,2,-1,
*,2274,24,21536,495,-1045,0,2,-1,
*,2274,24,21536,987,-1031,0,2,-1,
*,2274,24,21536,745,-874,0,2,-1,
*,2274,24,21536,518,-695,0,2,-1,
*,2274,24,21536,981,-724,0,2,-1,
*,2274,24,21536,-1016,-1045,0,2,-1,
*,2274,24,21536,-524,-1031,0,2,-1,
*,2274,24,21536,-766,-874,0,2,-1,
*,2274,24,21536,-531,-724,0,2,-1,
*,2274,24,21536,-993,-695,0,2,-1,
*,2274,24,21536,-993,1037,0,2,-1,
*,2274,24,21536,-531,1008,0,2,-1,
*,2274,24,21536,-766,858,0,2,-1,
*,2274,24,21536,-524,700,0,2,-1,
*,2274,24,21536,-1016,686,0,2,-1,
*,2274,24,21536,521,686,0,2,-1,
*,2274,24,21536,1014,700,0,2,-1,
*,2274,24,21536,771,858,0,2,-1,
*,2274,24,21536,1007,1008,0,2,-1,
*,2274,24,21536,545,1037,0,2,-1,
*,2274,25,21537,495,-1045,0,2,-1,
*,2274,25,21537,987,-1031,0,2,-1,
*,2274,25,21537,745,-874,0,2,-1,
*,2274,25,21537,518,-695,0,2,-1,
*,2274,25,21537,981,-724,0,2,-1,
*,2274,25,21537,-1023,-1045,0,2,-1,
*,2274,25,21537,-531,-1031,0,2,-1,
*,2274,25,21537,-773,-874,0,2,-1,
*,2274,25,21537,-538,-724,0,2,-1,
*,2274,25,21537,-1000,-695,0,2,-1,
*,2274,25,21537,-1000,1043,0,2,-1,
*,2274,25,21537,-538,1014,0,2,-1,
*,2274,25,21537,-773,864,0,2,-1,
*,2274,25,21537,-531,706,0,2,-1,
*,2274,25,21537,-1023,692,0,2,-1,
*,2274,25,21537,503,692,0,2,-1,
*,2274,25,21537,996,706,0,2,-1,
*,2274,25,21537,753,864,0,2,-1,
*,2274,25,21537,989,1014,0,2,-1,
*,2274,25,21537,527,1043,0,2,-1,
*,2274,26,21537,495,-1045,0,2,-1,
*,2274,26,21537,987,-1031,0,2,-1,
*,2274,26,21537,745,-874,0,2,-1,
*,2274,26,21537,518,-695,0,2,-1,
*,2274,26,21537,981,-724,0,2,-1,
*,2274,26,21537,-1023,-1045,0,2,-1,
*,2274,26,21537,-531,-1031,0,2,-1,
*,2274,26,21537,-773,-874,0,2,-1,
*,2274,26,21537,-538,-724,0,2,-1,
*,2274,26,21537,-1000,-695,0,2,-1,
*,2274,26,21537,-1000,1043,0,2,-1,
*,2274,26,21537,-538,1014,0,2,-1,
*,2274,26,21537,-773,864,0,2,-1,
*,2274,26,21537,-531,706,0,2,-1,
*,2274,26,21537,-1023,692,0,2,-1,
*,2274,26,21537,503,692,0,2,-1,
*,2274,26,21537,996,706,0,2,-1,
*,2274,26,21537,753,864,0,2,-1,
*,2274,26,21537,989,1014,0,2,-1,
*,2274,26,21537,527,1043,0,2,-1,
*,2274,27,21537,495,-1045,0,2,-1,
*,2274,27,21537,987,-1031,0,2,-1,
*,2274,27,21537,745,-874,0,2,-1,
*,2274,27,21537,518,-695,0,2,-1,
*,2274,27,21537,981,-724,0,2,-1,
*,2274,27,21537,-1023,-1045,0,2,-1,
*,2274,27,21537,-531,-1031,0,2,-1,
*,2274,27,21537,-773,-874,0,2,-1,
*,2274,27,21537,-538,-724,0,2,-1,
*,2274,27,21537,-1000,-695,0,2,-1,
*,2274,27,21537,-1000,1043,0,2,-1,
*,2274,27,21537,-538,1014,0,2,-1,
*,2274,27,21537,-773,864,0,2,-1,
*,2274,27,21537,-531,706,0,2,-1,
*,2274,27,21537,-1023,692,0,2,-1,
*,2274,27,21537,503,692,0,2,-1,
*,2274,27,21537,996,706,0,2,-1,
*,2274,27,21537,753,864,0,2,-1,
*,2274,27,21537,989,1014,0,2,-1,
*,2274,27,21537,527,1043,0,2,-1,
*,2274,28,21537,495,-1045,0,2,-1,
*,2274,28,21537,987,-1031,0,2,-1,
*,2274,28,21537,745,-874,0,2,-1,
*,2274,28,21537,518,-695,0,2,-1,
*,2274,28,21537,981,-724,0,2,-1,
*,2274,28,21537,-1023,-1045,0,2,-1,
*,2274,28,21537,-531,-1031,0,2,-1,
*,2274,28,21537,-773,-874,0,2,-1,
*,2274,28,21537,-538,-724,0,2,-1,
*,2274,28,21537,-1000,-695,0,2,-1,
*,2274,28,21537,-1000,1043,0,2,-1,
*,2274,28,21537,-538,1014,0,2,-1,
*,2274,28,21537,-773,864,0,2,-1,
*,2274,28,21537,-531,706,0,2,-1,
*,2274,28,21537,-1023,692,0,2,-1,
*,2274,28,21537,503,692,0,2,-1,
*,2274,28,21537,996,706,0,2,-1,
*,2274,28,21537,753,864,0,2,-1,
*,2274,28,21537,989,1014,0,2,-1,
*,2274,28,21537,527,1043,0,2,-1,
*,2281,1,21601,495,-1045,0,2,-1,
*,2281,1,21601,987,-1031,0,2,-1,
*,2281,1,21601,745,-874,0,2,-1,
*,2281,1,21601,518,-695,0,2,-1,
*,2281,1,21601,981,-724,0,2,-1,
*,2281,2,21601,495,-1045,0,2,-1,
*,2281,2,21601,987,-1031,0,2,-1,
*,2281,2,21601,745,-874,0,2,-1,
*,2281,2,21601,518,-695,0,2,-1,
*,2281,2,21601,981,-724,0,2,-1,
*,2281,3,21601,495,-1045,0,2,-1,
*,2281,3,21601,987,-1031,0,2,-1,
*,2281,3,21601,745,-874,0,2,-1,
*,2281,3,21601,518,-695,0,2,-1,
*,2281,3,21601,981,-724,0,2,-1,
*,2281,4,21601,495,-1045,0,2,-1,
*,2281,4,21601,987,-1031,0,2,-1,
*,2281,4,21601,745,-874,0,2,-1,
*,2281,4,21601,518,-695,0,2,-1,
*,2281,4,21601,981,-724,0,2,-1,
*,2281,5,21602,-1044,-1045,0,2,-1,
*,2281,5,21602,-552,-1031,0,2,-1,
*,2281,5,21602,-794,-874,0,2,-1,
*,2281,5,21602,-1021,-695,0,2,-1,
*,2281,5,21602,-559,-724,0,2,-1,
*,2281,6,21602,-1044,-1045,0,2,-1,
*,2281,6,21602,-552,-1031,0,2,-1,
*,2281,6,21602,-794,-874,0,2,-1,
*,2281,6,21602,-1021,-695,0,2,-1,
*,2281,6,21602,-559,-724,0,2,-1,
*,2281,7,21602,-1044,-1045,0,2,-1,
*,2281,7,21602,-552,-1031,0,2,-1,
*,2281,7,21602,-794,-874,0,2,-1,
*,2281,7,21602,-1021,-695,0,2,-1,
*,2281,7,21602,-559,-724,0,2,-1,
*,2281,8,21602,-1044,-1045,0,2,-1,
*,2281,8,21602,-552,-1031,0,2,-1,
*,2281,8,21602,-794,-874,0,2,-1,
*,2281,8,21602,-1021,-695,0,2,-1,
*,2281,8,21602,-559,-724,0,2,-1,
*,2281,9,21603,-1044,624,0,2,-1,
*,2281,9,21603,-552,638,0,2,-1,
*,2281,9,21603,-794,795,0,2,-1,
*,2281,9,21603,-1021,974,0,2,-1,
*,2281,9,21603,-559,946,0,2,-1,
*,2281,10,21603,-1044,624,0,2,-1,
*,2281,10,21603,-552,638,0,2,-1,
*,2281,10,21603,-794,795,0,2,-1,
*,2281,10,21603,-1021,974,0,2,-1,
*,2281,10,21603,-559,946,0,2,-1,
*,2281,11,21603,-1044,624,0,2,-1,
*,2281,11,21603,-552,638,0,2,-1,
*,2281,11,21603,-794,795,0,2,-1,
*,2281,11,21603,-1021,974,0,2,-1,
*,2281,11,21603,-559,946,0,2,-1,
*,2281,12,21603,-1044,624,0,2,-1,
*,2281,12,21603,-552,638,0,2,-1,
*,2281,12,21603,-794,795,0,2,-1,
*,2281,12,21603,-1021,974,0,2,-1,
*,2281,12,21603,-559,946,0,2,-1,
*,2281,13,21604,444,624,0,2,-1,
*,2281,13,21604,937,638,0,2,-1,
*,2281,13,21604,694,795,0,2,-1,
*,2281,13,21604,468,974,0,2,-1,
*,2281,13,21604,930,946,0,2,-1,
*,2281,14,21604,444,624,0,2,-1,
*,2281,14,21604,937,638,0,2,-1,
*,2281,14,21604,694,795,0,2,-1,
*,2281,14,21604,468,974,0,2,-1,
*,2281,14,21604,930,946,0,2,-1,
*,2281,15,21604,444,624,0,2,-1,
*,2281,15,21604,937,638,0,2,-1,
*,2281,15,21604,694,795,0,2,-1,
*,2281,15,21604,468,974,0,2,-1,
*,2281,15,21604,930,946,0,2,-1,
*,2281,16,21604,444,624,0,2,-1,
*,2281,16,21604,937,638,0,2,-1,
*,2281,16,21604,694,795,0,2,-1,
*,2281,16,21604,468,974,0,2,-1,
*,2281,16,21604,930,946,0,2,-1,
*,2281,17,21605,527,-1045,0,2,-1,
*,2281,17,21605,1020,-1031,0,2,-1,
*,2281,17,21605,777,-874,0,2,-1,
*,2281,17,21605,551,-694,0,2,-1,
*,2281,17,21605,1013,-723,0,2,-1,
*,2281,18,21605,527,-1045,0,2,-1,
*,2281,18,21605,1020,-1031,0,2,-1,
*,2281,18,21605,777,-874,0,2,-1,
*,2281,18,21605,551,-694,0,2,-1,
*,2281,18,21605,1013,-723,0,2,-1,
*,2281,19,21605,527,-1045,0,2,-1,
*,2281,19,21605,1020,-1031,0,2,-1,
*,2281,19,21605,777,-874,0,2,-1,
*,2281,19,21605,551,-694,0,2,-1,
*,2281,19,21605,1013,-723,0,2,-1,
*,2281,20,21605,527,-1045,0,2,-1,
*,2281,20,21605,1020,-1031,0,2,-1,
*,2281,20,21605,777,-874,0,2,-1,
*,2281,20,21605,551,-694,0,2,-1,
*,2281,20,21605,1013,-723,0,2,-1,
*,2281,21,21606,527,-1045,0,2,-1,
*,2281,21,21606,1020,-1031,0,2,-1,
*,2281,21,21606,777,-874,0,2,-1,
*,2281,21,21606,551,-694,0,2,-1,
*,2281,21,21606,1013,-723,0,2,-1,
*,2281,22,21606,527,-1045,0,2,-1,
*,2281,22,21606,1020,-1031,0,2,-1,
*,2281,22,21606,777,-874,0,2,-1,
*,2281,22,21606,551,-694,0,2,-1,
*,2281,22,21606,1013,-723,0,2,-1,
*,2281,23,21606,527,-1045,0,2,-1,
*,2281,23,21606,1020,-1031,0,2,-1,
*,2281,23,21606,777,-874,0,2,-1,
*,2281,23,21606,551,-694,0,2,-1,
*,2281,23,21606,1013,-723,0,2,-1,
*,2281,24,21606,527,-1045,0,2,-1,
*,2281,24,21606,1020,-1031,0,2,-1,
*,2281,24,21606,777,-874,0,2,-1,
*,2281,24,21606,551,-694,0,2,-1,
*,2281,24,21606,1013,-723,0,2,-1,
*,2281,25,21607,-1041,-1045,0,2,-1,
*,2281,25,21607,-548,-1031,0,2,-1,
*,2281,25,21607,-791,-874,0,2,-1,
*,2281,25,21607,-1017,-694,0,2,-1,
*,2281,25,21607,-555,-723,0,2,-1,
*,2281,26,21607,-1041,-1045,0,2,-1,
*,2281,26,21607,-548,-1031,0,2,-1,
*,2281,26,21607,-791,-874,0,2,-1,
*,2281,26,21607,-1017,-694,0,2,-1,
*,2281,26,21607,-555,-723,0,2,-1,
*,2281,27,21607,-1041,-1045,0,2,-1,
*,2281,27,21607,-548,-1031,0,2,-1,
*,2281,27,21607,-791,-874,0,2,-1,
*,2281,27,21607,-1017,-694,0,2,-1,
*,2281,27,21607,-555,-723,0,2,-1,
*,2281,28,21607,-1041,-1045,0,2,-1,
*,2281,28,21607,-548,-1031,0,2,-1,
*,2281,28,21607,-791,-874,0,2,-1,
*,2281,28,21607,-1017,-694,0,2,-1,
*,2281,28,21607,-555,-723,0,2,-1,
*,2282,1,21611,545,-1045,0,2,-1,
*,2282,1,21611,1037,-1031,0,2,-1,
*,2282,1,21611,795,-874,0,2,-1,
*,2282,1,21611,569,-695,0,2,-1,
*,2282,1,21611,1031,-724,0,2,-1,
*,2282,1,21611,-1050,-1045,0,2,-1,
*,2282,1,21611,-557,-1031,0,2,-1,
*,2282,1,21611,-800,-874,0,2,-1,
*,2282,1,21611,-564,-724,0,2,-1,
*,2282,1,21611,-1026,-695,0,2,-1,
*,2282,2,21611,545,-1045,0,2,-1,
*,2282,2,21611,1037,-1031,0,2,-1,
*,2282,2,21611,795,-874,0,2,-1,
*,2282,2,21611,569,-695,0,2,-1,
*,2282,2,21611,1031,-724,0,2,-1,
*,2282,2,21611,-1050,-1045,0,2,-1,
*,2282,2,21611,-557,-1031,0,2,-1,
*,2282,2,21611,-800,-874,0,2,-1,
*,2282,2,21611,-564,-724,0,2,-1,
*,2282,2,21611,-1026,-695,0,2,-1,
*,2282,3,21611,545,-1045,0,2,-1,
*,2282,3,21611,1037,-1031,0,2,-1,
*,2282,3,21611,795,-874,0,2,-1,
*,2282,3,21611,569,-695,0,2,-1,
*,2282,3,21611,1031,-724,0,2,-1,
*,2282,3,21611,-1050,-1045,0,2,-1,
*,2282,3,21611,-557,-1031,0,2,-1,
*,2282,3,21611,-800,-874,0,2,-1,
*,2282,3,21611,-564,-724,0,2,-1,
*,2282,3,21611,-1026,-695,0,2,-1,
*,2282,4,21611,545,-1045,0,2,-1,
*,2282,4,21611,1037,-1031,0,2,-1,
*,2282,4,21611,795,-874,0,2,-1,
*,2282,4,21611,569,-695,0,2,-1,
*,2282,4,21611,1031,-724,0,2,-1,
*,2282,4,21611,-1050,-1045,0,2,-1,
*,2282,4,21611,-557,-1031,0,2,-1,
*,2282,4,21611,-800,-874,0,2,-1,
*,2282,4,21611,-564,-724,0,2,-1,
*,2282,4,21611,-1026,-695,0,2,-1,
*,2282,5,21612,-1050,-1045,0,2,-1,
*,2282,5,21612,-557,-1031,0,2,-1,
*,2282,5,21612,-800,-874,0,2,-1,
*,2282,5,21612,-564,-724,0,2,-1,
*,2282,5,21612,-1026,-695,0,2,-1,
*,2282,5,21612,-1026,1028,0,2,-1,
*,2282,5,21612,-564,1000,0,2,-1,
*,2282,5,21612,-800,849,0,2,-1,
*,2282,5,21612,-557,692,0,2,-1,
*,2282,5,21612,-1050,678,0,2,-1,
*,2282,6,21612,-1050,-1045,0,2,-1,
*,2282,6,21612,-557,-1031,0,2,-1,
*,2282,6,21612,-800,-874,0,2,-1,
*,2282,6,21612,-564,-724,0,2,-1,
*,2282,6,21612,-1026,-695,0,2,-1,
*,2282,6,21612,-1026,1028,0,2,-1,
*,2282,6,21612,-564,1000,0,2,-1,
*,2282,6,21612,-800,849,0,2,-1,
*,2282,6,21612,-557,692,0,2,-1,
*,2282,6,21612,-1050,678,0,2,-1,
*,2282,7,21612,-1050,-1045,0,2,-1,
*,2282,7,21612,-557,-1031,0,2,-1,
*,2282,7,21612,-800,-874,0,2,-1,
*,2282,7,21612,-564,-724,0,2,-1,
*,2282,7,21612,-1026,-695,0,2,-1,
*,2282,7,21612,-1026,1028,0,2,-1,
*,2282,7,21612,-564,1000,0,2,-1,
*,2282,7,21612,-800,849,0,2,-1,
*,2282,7,21612,-557,692,0,2,-1,
*,2282,7,21612,-1050,678,0,2,-1,
*,2282,8,21612,-1050,-1045,0,2,-1,
*,2282,8,21612,-557,-1031,0,2,-1,
*,2282,8,21612,-800,-874,0,2,-1,
*,2282,8,21612,-564,-724,0,2,-1,
*,2282,8,21612,-1026,-695,0,2,-1,
*,2282,8,21612,-1026,1028,0,2,-1,
*,2282,8,21612,-564,1000,0,2,-1,
*,2282,8,21612,-800,849,0,2,-1,
*,2282,8,21612,-557,692,0,2,-1,
*,2282,8,21612,-1050,678,0,2,-1,
*,2282,9,21613,-1026,1028,0,2,-1,
*,2282,9,21613,-564,1000,0,2,-1,
*,2282,9,21613,-800,849,0,2,-1,
*,2282,9,21613,-557,692,0,2,-1,
*,2282,9,21613,-1050,678,0,2,-1,
*,2282,9,21613,545,678,0,2,-1,
*,2282,9,21613,1037,692,0,2,-1,
*,2282,9,21613,795,849,0,2,-1,
*,2282,9,21613,1031,1000,0,2,-1,
*,2282,9,21613,568,1028,0,2,-1,
*,2282,10,21613,-1026,1028,0,2,-1,
*,2282,10,21613,-564,1000,0,2,-1,
*,2282,10,21613,-800,849,0,2,-1,
*,2282,10,21613,-557,692,0,2,-1,
*,2282,10,21613,-1050,678,0,2,-1,
*,2282,10,21613,545,678,0,2,-1,
*,2282,10,21613,1037,692,0,2,-1,
*,2282,10,21613,795,849,0,2,-1,
*,2282,10,21613,1031,1000,0,2,-1,
*,2282,10,21613,568,1028,0,2,-1,
*,2282,11,21613,-1026,1028,0,2,-1,
*,2282,11,21613,-564,1000,0,2,-1,
*,2282,11,21613,-800,849,0,2,-1,
*,2282,11,21613,-557,692,0,2,-1,
*,2282,11,21613,-1050,678,0,2,-1,
*,2282,11,21613,545,678,0,2,-1,
*,2282,11,21613,1037,692,0,2,-1,
*,2282,11,21613,795,849,0,2,-1,
*,2282,11,21613,1031,1000,0,2,-1,
*,2282,11,21613,568,1028,0,2,-1,
*,2282,12,21613,-1026,1028,0,2,-1,
*,2282,12,21613,-564,1000,0,2,-1,
*,2282,12,21613,-800,849,0,2,-1,
*,2282,12,21613,-557,692,0,2,-1,
*,2282,12,21613,-1050,678,0,2,-1,
*,2282,12,21613,545,678,0,2,-1,
*,2282,12,21613,1037,692,0,2,-1,
*,2282,12,21613,795,849,0,2,-1,
*,2282,12,21613,1031,1000,0,2,-1,
*,2282,12,21613,568,1028,0,2,-1,
*,2282,13,21614,545,678,0,2,-1,
*,2282,13,21614,1037,692,0,2,-1,
*,2282,13,21614,795,849,0,2,-1,
*,2282,13,21614,1031,1000,0,2,-1,
*,2282,13,21614,568,1028,0,2,-1,
*,2282,13,21614,568,-686,0,2,-1,
*,2282,13,21614,1031,-714,0,2,-1,
*,2282,13,21614,795,-865,0,2,-1,
*,2282,13,21614,1037,-1022,0,2,-1,
*,2282,13,21614,545,-1036,0,2,-1,
*,2282,14,21614,545,678,0,2,-1,
*,2282,14,21614,1037,692,0,2,-1,
*,2282,14,21614,795,849,0,2,-1,
*,2282,14,21614,1031,1000,0,2,-1,
*,2282,14,21614,568,1028,0,2,-1,
*,2282,14,21614,568,-686,0,2,-1,
*,2282,14,21614,1031,-714,0,2,-1,
*,2282,14,21614,795,-865,0,2,-1,
*,2282,14,21614,1037,-1022,0,2,-1,
*,2282,14,21614,545,-1036,0,2,-1,
*,2282,15,21614,545,678,0,2,-1,
*,2282,15,21614,1037,692,0,2,-1,
*,2282,15,21614,795,849,0,2,-1,
*,2282,15,21614,1031,1000,0,2,-1,
*,2282,15,21614,568,1028,0,2,-1,
*,2282,15,21614,568,-686,0,2,-1,
*,2282,15,21614,1031,-714,0,2,-1,
*,2282,15,21614,795,-865,0,2,-1,
*,2282,15,21614,1037,-1022,0,2,-1,
*,2282,15,21614,545,-1036,0,2,-1,
*,2282,16,21614,545,678,0,2,-1,
*,2282,16,21614,1037,692,0,2,-1,
*,2282,16,21614,795,849,0,2,-1,
*,2282,16,21614,1031,1000,0,2,-1,
*,2282,16,21614,568,1028,0,2,-1,
*,2282,16,21614,568,-686,0,2,-1,
*,2282,16,21614,1031,-714,0,2,-1,
*,2282,16,21614,795,-865,0,2,-1,
*,2282,16,21614,1037,-1022,0,2,-1,
*,2282,16,21614,545,-1036,0,2,-1,
*,2282,17,21615,568,-686,0,2,-1,
*,2282,17,21615,1031,-714,0,2,-1,
*,2282,17,21615,795,-865,0,2,-1,
*,2282,17,21615,1037,-1022,0,2,-1,
*,2282,17,21615,545,-1036,0,2,-1,
*,2282,17,21615,-1056,-1036,0,2,-1,
*,2282,17,21615,-564,-1022,0,2,-1,
*,2282,17,21615,-806,-865,0,2,-1,
*,2282,17,21615,-570,-714,0,2,-1,
*,2282,17,21615,-1033,-686,0,2,-1,
*,2282,18,21615,568,-686,0,2,-1,
*,2282,18,21615,1031,-714,0,2,-1,
*,2282,18,21615,795,-865,0,2,-1,
*,2282,18,21615,1037,-1022,0,2,-1,
*,2282,18,21615,545,-1036,0,2,-1,
*,2282,18,21615,-1056,-1036,0,2,-1,
*,2282,18,21615,-564,-1022,0,2,-1,
*,2282,18,21615,-806,-865,0,2,-1,
*,2282,18,21615,-570,-714,0,2,-1,
*,2282,18,21615,-1033,-686,0,2,-1,
*,2282,19,21615,568,-686,0,2,-1,
*,2282,19,21615,1031,-714,0,2,-1,
*,2282,19,21615,795,-865,0,2,-1,
*,2282,19,21615,1037,-1022,0,2,-1,
*,2282,19,21615,545,-1036,0,2,-1,
*,2282,19,21615,-1056,-1036,0,2,-1,
*,2282,19,21615,-564,-1022,0,2,-1,
*,2282,19,21615,-806,-865,0,2,-1,
*,2282,19,21615,-570,-714,0,2,-1,
*,2282,19,21615,-1033,-686,0,2,-1,
*,2282,20,21615,568,-686,0,2,-1,
*,2282,20,21615,1031,-714,0,2,-1,
*,2282,20,21615,795,-865,0,2,-1,
*,2282,20,21615,1037,-1022,0,2,-1,
*,2282,20,21615,545,-1036,0,2,-1,
*,2282,20,21615,-1056,-1036,0,2,-1,
*,2282,20,21615,-564,-1022,0,2,-1,
*,2282,20,21615,-806,-865,0,2,-1,
*,2282,20,21615,-570,-714,0,2,-1,
*,2282,20,21615,-1033,-686,0,2,-1,
*,2282,21,21616,-1056,-1036,0,2,-1,
*,2282,21,21616,-564,-1022,0,2,-1,
*,2282,21,21616,-806,-865,0,2,-1,
*,2282,21,21616,-570,-714,0,2,-1,
*,2282,21,21616,-1033,-686,0,2,-1,
*,2282,21,21616,-1033,1042,0,2,-1,
*,2282,21,21616,-570,1013,0,2,-1,
*,2282,21,21616,-806,863,0,2,-1,
*,2282,21,21616,-564,706,0,2,-1,
*,2282,21,21616,-1056,692,0,2,-1,
*,2282,22,21616,-1056,-1036,0,2,-1,
*,2282,22,21616,-564,-1022,0,2,-1,
*,2282,22,21616,-806,-865,0,2,-1,
*,2282,22,21616,-570,-714,0,2,-1,
*,2282,22,21616,-1033,-686,0,2,-1,
*,2282,22,21616,-1033,1042,0,2,-1,
*,2282,22,21616,-570,1013,0,2,-1,
*,2282,22,21616,-806,863,0,2,-1,
*,2282,22,21616,-564,706,0,2,-1,
*,2282,22,21616,-1056,692,0,2,-1,
*,2282,23,21616,-1056,-1036,0,2,-1,
*,2282,23,21616,-564,-1022,0,2,-1,
*,2282,23,21616,-806,-865,0,2,-1,
*,2282,23,21616,-570,-714,0,2,-1,
*,2282,23,21616,-1033,-686,0,2,-1,
*,2282,23,21616,-1033,1042,0,2,-1,
*,2282,23,21616,-570,1013,0,2,-1,
*,2282,23,21616,-806,863,0,2,-1,
*,2282,23,21616,-564,706,0,2,-1,
*,2282,23,21616,-1056,692,0,2,-1,
*,2282,24,21616,-1056,-1036,0,2,-1,
*,2282,24,21616,-564,-1022,0,2,-1,
*,2282,24,21616,-806,-865,0,2,-1,
*,2282,24,21616,-570,-714,0,2,-1,
*,2282,24,21616,-1033,-686,0,2,-1,
*,2282,24,21616,-1033,1042,0,2,-1,
*,2282,24,21616,-570,1013,0,2,-1,
*,2282,24,21616,-806,863,0,2,-1,
*,2282,24,21616,-564,706,0,2,-1,
*,2282,24,21616,-1056,692,0,2,-1,
*,2282,25,21617,-1033,1042,0,2,-1,
*,2282,25,21617,-570,1013,0,2,-1,
*,2282,25,21617,-806,863,0,2,-1,
*,2282,25,21617,-564,706,0,2,-1,
*,2282,25,21617,-1056,692,0,2,-1,
*,2282,25,21617,553,692,0,2,-1,
*,2282,25,21617,1045,706,0,2,-1,
*,2282,25,21617,803,863,0,2,-1,
*,2282,25,21617,1038,1013,0,2,-1,
*,2282,25,21617,576,1042,0,2,-1,
*,2282,26,21617,-1033,1042,0,2,-1,
*,2282,26,21617,-570,1013,0,2,-1,
*,2282,26,21617,-806,863,0,2,-1,
*,2282,26,21617,-564,706,0,2,-1,
*,2282,26,21617,-1056,692,0,2,-1,
*,2282,26,21617,553,692,0,2,-1,
*,2282,26,21617,1045,706,0,2,-1,
*,2282,26,21617,803,863,0,2,-1,
*,2282,26,21617,1038,1013,0,2,-1,
*,2282,26,21617,576,1042,0,2,-1,
*,2282,27,21617,-1033,1042,0,2,-1,
*,2282,27,21617,-570,1013,0,2,-1,
*,2282,27,21617,-806,863,0,2,-1,
*,2282,27,21617,-564,706,0,2,-1,
*,2282,27,21617,-1056,692,0,2,-1,
*,2282,27,21617,553,692,0,2,-1,
*,2282,27,21617,1045,706,0,2,-1,
*,2282,27,21617,803,863,0,2,-1,
*,2282,27,21617,1038,1013,0,2,-1,
*,2282,27,21617,576,1042,0,2,-1,
*,2282,28,21617,-1033,1042,0,2,-1,
*,2282,28,21617,-570,1013,0,2,-1,
*,2282,28,21617,-806,863,0,2,-1,
*,2282,28,21617,-564,706,0,2,-1,
*,2282,28,21617,-1056,692,0,2,-1,
*,2282,28,21617,553,692,0,2,-1,
*,2282,28,21617,1045,706,0,2,-1,
*,2282,28,21617,803,863,0,2,-1,
*,2282,28,21617,1038,1013,0,2,-1,
*,2282,28,21617,576,1042,0,2,-1,
*,2283,1,21621,495,-1045,0,2,-1,
*,2283,1,21621,987,-1031,0,2,-1,
*,2283,1,21621,745,-874,0,2,-1,
*,2283,1,21621,518,-695,0,2,-1,
*,2283,1,21621,981,-724,0,2,-1,
*,2283,1,21621,-1082,-1045,0,2,-1,
*,2283,1,21621,-590,-1031,0,2,-1,
*,2283,1,21621,-833,-874,0,2,-1,
*,2283,1,21621,-1059,-695,0,2,-1,
*,2283,1,21621,-597,-724,0,2,-1,
*,2283,1,21621,-597,1039,0,2,-1,
*,2283,1,21621,-1059,1067,0,2,-1,
*,2283,1,21621,-833,888,0,2,-1,
*,2283,1,21621,-590,731,0,2,-1,
*,2283,1,21621,-1082,717,0,2,-1,
*,2283,2,21621,495,-1045,0,2,-1,
*,2283,2,21621,987,-1031,0,2,-1,
*,2283,2,21621,745,-874,0,2,-1,
*,2283,2,21621,518,-695,0,2,-1,
*,2283,2,21621,981,-724,0,2,-1,
*,2283,2,21621,-1082,-1045,0,2,-1,
*,2283,2,21621,-590,-1031,0,2,-1,
*,2283,2,21621,-833,-874,0,2,-1,
*,2283,2,21621,-1059,-695,0,2,-1,
*,2283,2,21621,-597,-724,0,2,-1,
*,2283,2,21621,-597,1039,0,2,-1,
*,2283,2,21621,-1059,1067,0,2,-1,
*,2283,2,21621,-833,888,0,2,-1,
*,2283,2,21621,-590,731,0,2,-1,
*,2283,2,21621,-1082,717,0,2,-1,
*,2283,3,21621,495,-1045,0,2,-1,
*,2283,3,21621,987,-1031,0,2,-1,
*,2283,3,21621,745,-874,0,2,-1,
*,2283,3,21621,518,-695,0,2,-1,
*,2283,3,21621,981,-724,0,2,-1,
*,2283,3,21621,-1082,-1045,0,2,-1,
*,2283,3,21621,-590,-1031,0,2,-1,
*,2283,3,21621,-833,-874,0,2,-1,
*,2283,3,21621,-1059,-695,0,2,-1,
*,2283,3,21621,-597,-724,0,2,-1,
*,2283,3,21621,-597,1039,0,2,-1,
*,2283,3,21621,-1059,1067,0,2,-1,
*,2283,3,21621,-833,888,0,2,-1,
*,2283,3,21621,-590,731,0,2,-1,
*,2283,3,21621,-1082,717,0,2,-1,
*,2283,4,21621,495,-1045,0,2,-1,
*,2283,4,21621,987,-1031,0,2,-1,
*,2283,4,21621,745,-874,0,2,-1,
*,2283,4,21621,518,-695,0,2,-1,
*,2283,4,21621,981,-724,0,2,-1,
*,2283,4,21621,-1082,-1045,0,2,-1,
*,2283,4,21621,-590,-1031,0,2,-1,
*,2283,4,21621,-833,-874,0,2,-1,
*,2283,4,21621,-1059,-695,0,2,-1,
*,2283,4,21621,-597,-724,0,2,-1,
*,2283,4,21621,-597,1039,0,2,-1,
*,2283,4,21621,-1059,1067,0,2,-1,
*,2283,4,21621,-833,888,0,2,-1,
*,2283,4,21621,-590,731,0,2,-1,
*,2283,4,21621,-1082,717,0,2,-1,
*,2283,5,21622,-1082,-1045,0,2,-1,
*,2283,5,21622,-590,-1031,0,2,-1,
*,2283,5,21622,-833,-874,0,2,-1,
*,2283,5,21622,-1059,-695,0,2,-1,
*,2283,5,21622,-597,-724,0,2,-1,
*,2283,5,21622,-597,1036,0,2,-1,
*,2283,5,21622,-1059,1064,0,2,-1,
*,2283,5,21622,-833,885,0,2,-1,
*,2283,5,21622,-590,728,0,2,-1,
*,2283,5,21622,-1082,714,0,2,-1,
*,2283,5,21622,491,714,0,2,-1,
*,2283,5,21622,983,728,0,2,-1,
*,2283,5,21622,741,885,0,2,-1,
*,2283,5,21622,514,1064,0,2,-1,
*,2283,5,21622,977,1036,0,2,-1,
*,2283,6,21622,-1082,-1045,0,2,-1,
*,2283,6,21622,-590,-1031,0,2,-1,
*,2283,6,21622,-833,-874,0,2,-1,
*,2283,6,21622,-1059,-695,0,2,-1,
*,2283,6,21622,-597,-724,0,2,-1,
*,2283,6,21622,-597,1036,0,2,-1,
*,2283,6,21622,-1059,1064,0,2,-1,
*,2283,6,21622,-833,885,0,2,-1,
*,2283,6,21622,-590,728,0,2,-1,
*,2283,6,21622,-1082,714,0,2,-1,
*,2283,6,21622,491,714,0,2,-1,
*,2283,6,21622,983,728,0,2,-1,
*,2283,6,21622,741,885,0,2,-1,
*,2283,6,21622,514,1064,0,2,-1,
*,2283,6,21622,977,1036,0,2,-1,
*,2283,7,21622,-1082,-1045,0,2,-1,
*,2283,7,21622,-590,-1031,0,2,-1,
*,2283,7,21622,-833,-874,0,2,-1,
*,2283,7,21622,-1059,-695,0,2,-1,
*,2283,7,21622,-597,-724,0,2,-1,
*,2283,7,21622,-597,1036,0,2,-1,
*,2283,7,21622,-1059,1064,0,2,-1,
*,2283,7,21622,-833,885,0,2,-1,
*,2283,7,21622,-590,728,0,2,-1,
*,2283,7,21622,-1082,714,0,2,-1,
*,2283,7,21622,491,714,0,2,-1,
*,2283,7,21622,983,728,0,2,-1,
*,2283,7,21622,741,885,0,2,-1,
*,2283,7,21622,514,1064,0,2,-1,
*,2283,7,21622,977,1036,0,2,-1,
*,2283,8,21622,-1082,-1045,0,2,-1,
*,2283,8,21622,-590,-1031,0,2,-1,
*,2283,8,21622,-833,-874,0,2,-1,
*,2283,8,21622,-1059,-695,0,2,-1,
*,2283,8,21622,-597,-724,0,2,-1,
*,2283,8,21622,-597,1036,0,2,-1,
*,2283,8,21622,-1059,1064,0,2,-1,
*,2283,8,21622,-833,885,0,2,-1,
*,2283,8,21622,-590,728,0,2,-1,
*,2283,8,21622,-1082,714,0,2,-1,
*,2283,8,21622,491,714,0,2,-1,
*,2283,8,21622,983,728,0,2,-1,
*,2283,8,21622,741,885,0,2,-1,
*,2283,8,21622,514,1064,0,2,-1,
*,2283,8,21622,977,1036,0,2,-1,
*,2283,9,21623,-597,1036,0,2,-1,
*,2283,9,21623,-1059,1064,0,2,-1,
*,2283,9,21623,-833,885,0,2,-1,
*,2283,9,21623,-590,728,0,2,-1,
*,2283,9,21623,-1082,714,0,2,-1,
*,2283,9,21623,498,714,0,2,-1,
*,2283,9,21623,991,728,0,2,-1,
*,2283,9,21623,748,885,0,2,-1,
*,2283,9,21623,522,1064,0,2,-1,
*,2283,9,21623,984,1036,0,2,-1,
*,2283,9,21623,984,-725,0,2,-1,
*,2283,9,21623,522,-696,0,2,-1,
*,2283,9,21623,748,-876,0,2,-1,
*,2283,9,21623,991,-1033,0,2,-1,
*,2283,9,21623,498,-1047,0,2,-1,
*,2283,10,21623,-597,1036,0,2,-1,
*,2283,10,21623,-1059,1064,0,2,-1,
*,2283,10,21623,-833,885,0,2,-1,
*,2283,10,21623,-590,728,0,2,-1,
*,2283,10,21623,-1082,714,0,2,-1,
*,2283,10,21623,498,714,0,2,-1,
*,2283,10,21623,991,728,0,2,-1,
*,2283,10,21623,748,885,0,2,-1,
*,2283,10,21623,522,1064,0,2,-1,
*,2283,10,21623,984,1036,0,2,-1,
*,2283,10,21623,984,-725,0,2,-1,
*,2283,10,21623,522,-696,0,2,-1,
*,2283,10,21623,748,-876,0,2,-1,
*,2283,10,21623,991,-1033,0,2,-1,
*,2283,10,21623,498,-1047,0,2,-1,
*,2283,11,21623,-597,1036,0,2,-1,
*,2283,11,21623,-1059,1064,0,2,-1,
*,2283,11,21623,-833,885,0,2,-1,
*,2283,11,21623,-590,728,0,2,-1,
*,2283,11,21623,-1082,714,0,2,-1,
*,2283,11,21623,498,714,0,2,-1,
*,2283,11,21623,991,728,0,2,-1,
*,2283,11,21623,748,885,0,2,-1,
*,2283,11,21623,522,1064,0,2,-1,
*,2283,11,21623,984,1036,0,2,-1,
*,2283,11,21623,984,-725,0,2,-1,
*,2283,11,21623,522,-696,0,2,-1,
*,2283,11,21623,748,-876,0,2,-1,
*,2283,11,21623,991,-1033,0,2,-1,
*,2283,11,21623,498,-1047,0,2,-1,
*,2283,12,21623,-597,1036,0,2,-1,
*,2283,12,21623,-1059,1064,0,2,-1,
*,2283,12,21623,-833,885,0,2,-1,
*,2283,12,21623,-590,728,0,2,-1,
*,2283,12,21623,-1082,714,0,2,-1,
*,2283,12,21623,498,714,0,2,-1,
*,2283,12,21623,991,728,0,2,-1,
*,2283,12,21623,748,885,0,2,-1,
*,2283,12,21623,522,1064,0,2,-1,
*,2283,12,21623,984,1036,0,2,-1,
*,2283,12,21623,984,-725,0,2,-1,
*,2283,12,21623,522,-696,0,2,-1,
*,2283,12,21623,748,-876,0,2,-1,
*,2283,12,21623,991,-1033,0,2,-1,
*,2283,12,21623,498,-1047,0,2,-1,
*,2283,13,21624,498,714,0,2,-1,
*,2283,13,21624,991,728,0,2,-1,
*,2283,13,21624,748,885,0,2,-1,
*,2283,13,21624,522,1064,0,2,-1,
*,2283,13,21624,984,1036,0,2,-1,
*,2283,13,21624,984,-730,0,2,-1,
*,2283,13,21624,522,-701,0,2,-1,
*,2283,13,21624,748,-880,0,2,-1,
*,2283,13,21624,991,-1037,0,2,-1,
*,2283,13,21624,498,-1051,0,2,-1,
*,2283,13,21624,-1079,-1051,0,2,-1,
*,2283,13,21624,-587,-1037,0,2,-1,
*,2283,13,21624,-829,-880,0,2,-1,
*,2283,13,21624,-1056,-701,0,2,-1,
*,2283,13,21624,-594,-730,0,2,-1,
*,2283,14,21624,498,714,0,2,-1,
*,2283,14,21624,991,728,0,2,-1,
*,2283,14,21624,748,885,0,2,-1,
*,2283,14,21624,522,1064,0,2,-1,
*,2283,14,21624,984,1036,0,2,-1,
*,2283,14,21624,984,-730,0,2,-1,
*,2283,14,21624,522,-701,0,2,-1,
*,2283,14,21624,748,-880,0,2,-1,
*,2283,14,21624,991,-1037,0,2,-1,
*,2283,14,21624,498,-1051,0,2,-1,
*,2283,14,21624,-1079,-1051,0,2,-1,
*,2283,14,21624,-587,-1037,0,2,-1,
*,2283,14,21624,-829,-880,0,2,-1,
*,2283,14,21624,-1056,-701,0,2,-1,
*,2283,14,21624,-594,-730,0,2,-1,
*,2283,15,21624,498,714,0,2,-1,
*,2283,15,21624,991,728,0,2,-1,
*,2283,15,21624,748,885,0,2,-1,
*,2283,15,21624,522,1064,0,2,-1,
*,2283,15,21624,984,1036,0,2,-1,
*,2283,15,21624,984,-730,0,2,-1,
*,2283,15,21624,522,-701,0,2,-1,
*,2283,15,21624,748,-880,0,2,-1,
*,2283,15,21624,991,-1037,0,2,-1,
*,2283,15,21624,498,-1051,0,2,-1,
*,2283,15,21624,-1079,-1051,0,2,-1,
*,2283,15,21624,-587,-1037,0,2,-1,
*,2283,15,21624,-829,-880,0,2,-1,
*,2283,15,21624,-1056,-701,0,2,-1,
*,2283,15,21624,-594,-730,0,2,-1,
*,2283,16,21624,498,714,0,2,-1,
*,2283,16,21624,991,728,0,2,-1,
*,2283,16,21624,748,885,0,2,-1,
*,2283,16,21624,522,1064,0,2,-1,
*,2283,16,21624,984,1036,0,2,-1,
*,2283,16,21624,984,-730,0,2,-1,
*,2283,16,21624,522,-701,0,2,-1,
*,2283,16,21624,748,-880,0,2,-1,
*,2283,16,21624,991,-1037,0,2,-1,
*,2283,16,21624,498,-1051,0,2,-1,
*,2283,16,21624,-1079,-1051,0,2,-1,
*,2283,16,21624,-587,-1037,0,2,-1,
*,2283,16,21624,-829,-880,0,2,-1,
*,2283,16,21624,-1056,-701,0,2,-1,
*,2283,16,21624,-594,-730,0,2,-1,
*,2283,17,21625,984,-730,0,2,-1,
*,2283,17,21625,522,-701,0,2,-1,
*,2283,17,21625,748,-880,0,2,-1,
*,2283,17,21625,991,-1037,0,2,-1,
*,2283,17,21625,498,-1051,0,2,-1,
*,2283,17,21625,-1073,-1051,0,2,-1,
*,2283,17,21625,-580,-1037,0,2,-1,
*,2283,17,21625,-823,-880,0,2,-1,
*,2283,17,21625,-1049,-701,0,2,-1,
*,2283,17,21625,-587,-730,0,2,-1,
*,2283,17,21625,-587,1042,0,2,-1,
*,2283,17,21625,-1049,1071,0,2,-1,
*,2283,17,21625,-823,891,0,2,-1,
*,2283,17,21625,-580,734,0,2,-1,
*,2283,17,21625,-1073,720,0,2,-1,
*,2283,18,21625,984,-730,0,2,-1,
*,2283,18,21625,522,-701,0,2,-1,
*,2283,18,21625,748,-880,0,2,-1,
*,2283,18,21625,991,-1037,0,2,-1,
*,2283,18,21625,498,-1051,0,2,-1,
*,2283,18,21625,-1073,-1051,0,2,-1,
*,2283,18,21625,-580,-1037,0,2,-1,
*,2283,18,21625,-823,-880,0,2,-1,
*,2283,18,21625,-1049,-701,0,2,-1,
*,2283,18,21625,-587,-730,0,2,-1,
*,2283,18,21625,-587,1042,0,2,-1,
*,2283,18,21625,-1049,1071,0,2,-1,
*,2283,18,21625,-823,891,0,2,-1,
*,2283,18,21625,-580,734,0,2,-1,
*,2283,18,21625,-1073,720,0,2,-1,
*,2283,19,21625,984,-730,0,2,-1,
*,2283,19,21625,522,-701,0,2,-1,
*,2283,19,21625,748,-880,0,2,-1,
*,2283,19,21625,991,-1037,0,2,-1,
*,2283,19,21625,498,-1051,0,2,-1,
*,2283,19,21625,-1073,-1051,0,2,-1,
*,2283,19,21625,-580,-1037,0,2,-1,
*,2283,19,21625,-823,-880,0,2,-1,
*,2283,19,21625,-1049,-701,0,2,-1,
*,2283,19,21625,-587,-730,0,2,-1,
*,2283,19,21625,-587,1042,0,2,-1,
*,2283,19,21625,-1049,1071,0,2,-1,
*,2283,19,21625,-823,891,0,2,-1,
*,2283,19,21625,-580,734,0,2,-1,
*,2283,19,21625,-1073,720,0,2,-1,
*,2283,20,21625,984,-730,0,2,-1,
*,2283,20,21625,522,-701,0,2,-1,
*,2283,20,21625,748,-880,0,2,-1,
*,2283,20,21625,991,-1037,0,2,-1,
*,2283,20,21625,498,-1051,0,2,-1,
*,2283,20,21625,-1073,-1051,0,2,-1,
*,2283,20,21625,-580,-1037,0,2,-1,
*,2283,20,21625,-823,-880,0,2,-1,
*,2283,20,21625,-1049,-701,0,2,-1,
*,2283,20,21625,-587,-730,0,2,-1,
*,2283,20,21625,-587,1042,0,2,-1,
*,2283,20,21625,-1049,1071,0,2,-1,
*,2283,20,21625,-823,891,0,2,-1,
*,2283,20,21625,-580,734,0,2,-1,
*,2283,20,21625,-1073,720,0,2,-1,
*,2283,21,21626,-1073,-1051,0,2,-1,
*,2283,21,21626,-580,-1037,0,2,-1,
*,2283,21,21626,-823,-880,0,2,-1,
*,2283,21,21626,-1049,-701,0,2,-1,
*,2283,21,21626,-587,-730,0,2,-1,
*,2283,21,21626,-587,1039,0,2,-1,
*,2283,21,21626,-1049,1067,0,2,-1,
*,2283,21,21626,-823,888,0,2,-1,
*,2283,21,21626,-580,731,0,2,-1,
*,2283,21,21626,-1073,717,0,2,-1,
*,2283,21,21626,501,717,0,2,-1,
*,2283,21,21626,993,731,0,2,-1,
*,2283,21,21626,751,888,0,2,-1,
*,2283,21,21626,524,1067,0,2,-1,
*,2283,21,21626,986,1039,0,2,-1,
*,2283,22,21626,-1073,-1051,0,2,-1,
*,2283,22,21626,-580,-1037,0,2,-1,
*,2283,22,21626,-823,-880,0,2,-1,
*,2283,22,21626,-1049,-701,0,2,-1,
*,2283,22,21626,-587,-730,0,2,-1,
*,2283,22,21626,-587,1039,0,2,-1,
*,2283,22,21626,-1049,1067,0,2,-1,
*,2283,22,21626,-823,888,0,2,-1,
*,2283,22,21626,-580,731,0,2,-1,
*,2283,22,21626,-1073,717,0,2,-1,
*,2283,22,21626,501,717,0,2,-1,
*,2283,22,21626,993,731,0,2,-1,
*,2283,22,21626,751,888,0,2,-1,
*,2283,22,21626,524,1067,0,2,-1,
*,2283,22,21626,986,1039,0,2,-1,
*,2283,23,21626,-1073,-1051,0,2,-1,
*,2283,23,21626,-580,-1037,0,2,-1,
*,2283,23,21626,-823,-880,0,2,-1,
*,2283,23,21626,-1049,-701,0,2,-1,
*,2283,23,21626,-587,-730,0,2,-1,
*,2283,23,21626,-587,1039,0,2,-1,
*,2283,23,21626,-1049,1067,0,2,-1,
*,2283,23,21626,-823,888,0,2,-1,
*,2283,23,21626,-580,731,0,2,-1,
*,2283,23,21626,-1073,717,0,2,-1,
*,2283,23,21626,501,717,0,2,-1,
*,2283,23,21626,993,731,0,2,-1,
*,2283,23,21626,751,888,0,2,-1,
*,2283,23,21626,524,1067,0,2,-1,
*,2283,23,21626,986,1039,0,2,-1,
*,2283,24,21626,-1073,-1051,0,2,-1,
*,2283,24,21626,-580,-1037,0,2,-1,
*,2283,24,21626,-823,-880,0,2,-1,
*,2283,24,21626,-1049,-701,0,2,-1,
*,2283,24,21626,-587,-730,0,2,-1,
*,2283,24,21626,-587,1039,0,2,-1,
*,2283,24,21626,-1049,1067,0,2,-1,
*,2283,24,21626,-823,888,0,2,-1,
*,2283,24,21626,-580,731,0,2,-1,
*,2283,24,21626,-1073,717,0,2,-1,
*,2283,24,21626,501,717,0,2,-1,
*,2283,24,21626,993,731,0,2,-1,
*,2283,24,21626,751,888,0,2,-1,
*,2283,24,21626,524,1067,0,2,-1,
*,2283,24,21626,986,1039,0,2,-1,
*,2283,25,21627,-587,1039,0,2,-1,
*,2283,25,21627,-1049,1067,0,2,-1,
*,2283,25,21627,-823,888,0,2,-1,
*,2283,25,21627,-580,731,0,2,-1,
*,2283,25,21627,-1073,717,0,2,-1,
*,2283,25,21627,493,717,0,2,-1,
*,2283,25,21627,985,731,0,2,-1,
*,2283,25,21627,743,888,0,2,-1,
*,2283,25,21627,516,1067,0,2,-1,
*,2283,25,21627,979,1039,0,2,-1,
*,2283,25,21627,979,-736,0,2,-1,
*,2283,25,21627,516,-707,0,2,-1,
*,2283,25,21627,743,-886,0,2,-1,
*,2283,25,21627,985,-1043,0,2,-1,
*,2283,25,21627,493,-1057,0,2,-1,
*,2283,26,21627,-587,1039,0,2,-1,
*,2283,26,21627,-1049,1067,0,2,-1,
*,2283,26,21627,-823,888,0,2,-1,
*,2283,26,21627,-580,731,0,2,-1,
*,2283,26,21627,-1073,717,0,2,-1,
*,2283,26,21627,493,717,0,2,-1,
*,2283,26,21627,985,731,0,2,-1,
*,2283,26,21627,743,888,0,2,-1,
*,2283,26,21627,516,1067,0,2,-1,
*,2283,26,21627,979,1039,0,2,-1,
*,2283,26,21627,979,-736,0,2,-1,
*,2283,26,21627,516,-707,0,2,-1,
*,2283,26,21627,743,-886,0,2,-1,
*,2283,26,21627,985,-1043,0,2,-1,
*,2283,26,21627,493,-1057,0,2,-1,
*,2283,27,21627,-587,1039,0,2,-1,
*,2283,27,21627,-1049,1067,0,2,-1,
*,2283,27,21627,-823,888,0,2,-1,
*,2283,27,21627,-580,731,0,2,-1,
*,2283,27,21627,-1073,717,0,2,-1,
*,2283,27,21627,493,717,0,2,-1,
*,2283,27,21627,985,731,0,2,-1,
*,2283,27,21627,743,888,0,2,-1,
*,2283,27,21627,516,1067,0,2,-1,
*,2283,27,21627,979,1039,0,2,-1,
*,2283,27,21627,979,-736,0,2,-1,
*,2283,27,21627,516,-707,0,2,-1,
*,2283,27,21627,743,-886,0,2,-1,
*,2283,27,21627,985,-1043,0,2,-1,
*,2283,27,21627,493,-1057,0,2,-1,
*,2283,28,21627,-587,1039,0,2,-1,
*,2283,28,21627,-1049,1067,0,2,-1,
*,2283,28,21627,-823,888,0,2,-1,
*,2283,28,21627,-580,731,0,2,-1,
*,2283,28,21627,-1073,717,0,2,-1,
*,2283,28,21627,493,717,0,2,-1,
*,2283,28,21627,985,731,0,2,-1,
*,2283,28,21627,743,888,0,2,-1,
*,2283,28,21627,516,1067,0,2,-1,
*,2283,28,21627,979,1039,0,2,-1,
*,2283,28,21627,979,-736,0,2,-1,
*,2283,28,21627,516,-707,0,2,-1,
*,2283,28,21627,743,-886,0,2,-1,
*,2283,28,21627,985,-1043,0,2,-1,
*,2283,28,21627,493,-1057,0,2,-1,
*,2284,1,21631,495,-1045,0,2,-1,
*,2284,1,21631,987,-1031,0,2,-1,
*,2284,1,21631,745,-874,0,2,-1,
*,2284,1,21631,518,-695,0,2,-1,
*,2284,1,21631,981,-724,0,2,-1,
*,2284,1,21631,-1038,-1045,0,2,-1,
*,2284,1,21631,-546,-1031,0,2,-1,
*,2284,1,21631,-788,-874,0,2,-1,
*,2284,1,21631,-1015,-695,0,2,-1,
*,2284,1,21631,-553,-724,0,2,-1,
*,2284,1,21631,-553,979,0,2,-1,
*,2284,1,21631,-1015,1008,0,2,-1,
*,2284,1,21631,-788,828,0,2,-1,
*,2284,1,21631,-546,671,0,2,-1,
*,2284,1,21631,-1038,657,0,2,-1,
*,2284,1,21631,458,657,0,2,-1,
*,2284,1,21631,951,671,0,2,-1,
*,2284,1,21631,708,828,0,2,-1,
*,2284,1,21631,482,1008,0,2,-1,
*,2284,1,21631,944,979,0,2,-1,
*,2284,2,21631,495,-1045,0,2,-1,
*,2284,2,21631,987,-1031,0,2,-1,
*,2284,2,21631,745,-874,0,2,-1,
*,2284,2,21631,518,-695,0,2,-1,
*,2284,2,21631,981,-724,0,2,-1,
*,2284,2,21631,-1038,-1045,0,2,-1,
*,2284,2,21631,-546,-1031,0,2,-1,
*,2284,2,21631,-788,-874,0,2,-1,
*,2284,2,21631,-1015,-695,0,2,-1,
*,2284,2,21631,-553,-724,0,2,-1,
*,2284,2,21631,-553,979,0,2,-1,
*,2284,2,21631,-1015,1008,0,2,-1,
*,2284,2,21631,-788,828,0,2,-1,
*,2284,2,21631,-546,671,0,2,-1,
*,2284,2,21631,-1038,657,0,2,-1,
*,2284,2,21631,458,657,0,2,-1,
*,2284,2,21631,951,671,0,2,-1,
*,2284,2,21631,708,828,0,2,-1,
*,2284,2,21631,482,1008,0,2,-1,
*,2284,2,21631,944,979,0,2,-1,
*,2284,3,21631,495,-1045,0,2,-1,
*,2284,3,21631,987,-1031,0,2,-1,
*,2284,3,21631,745,-874,0,2,-1,
*,2284,3,21631,518,-695,0,2,-1,
*,2284,3,21631,981,-724,0,2,-1,
*,2284,3,21631,-1038,-1045,0,2,-1,
*,2284,3,21631,-546,-1031,0,2,-1,
*,2284,3,21631,-788,-874,0,2,-1,
*,2284,3,21631,-1015,-695,0,2,-1,
*,2284,3,21631,-553,-724,0,2,-1,
*,2284,3,21631,-553,979,0,2,-1,
*,2284,3,21631,-1015,1008,0,2,-1,
*,2284,3,21631,-788,828,0,2,-1,
*,2284,3,21631,-546,671,0,2,-1,
*,2284,3,21631,-1038,657,0,2,-1,
*,2284,3,21631,458,657,0,2,-1,
*,2284,3,21631,951,671,0,2,-1,
*,2284,3,21631,708,828,0,2,-1,
*,2284,3,21631,482,1008,0,2,-1,
*,2284,3,21631,944,979,0,2,-1,
*,2284,4,21631,495,-1045,0,2,-1,
*,2284,4,21631,987,-1031,0,2,-1,
*,2284,4,21631,745,-874,0,2,-1,
*,2284,4,21631,518,-695,0,2,-1,
*,2284,4,21631,981,-724,0,2,-1,
*,2284,4,21631,-1038,-1045,0,2,-1,
*,2284,4,21631,-546,-1031,0,2,-1,
*,2284,4,21631,-788,-874,0,2,-1,
*,2284,4,21631,-1015,-695,0,2,-1,
*,2284,4,21631,-553,-724,0,2,-1,
*,2284,4,21631,-553,979,0,2,-1,
*,2284,4,21631,-1015,1008,0,2,-1,
*,2284,4,21631,-788,828,0,2,-1,
*,2284,4,21631,-546,671,0,2,-1,
*,2284,4,21631,-1038,657,0,2,-1,
*,2284,4,21631,458,657,0,2,-1,
*,2284,4,21631,951,671,0,2,-1,
*,2284,4,21631,708,828,0,2,-1,
*,2284,4,21631,482,1008,0,2,-1,
*,2284,4,21631,944,979,0,2,-1,
*,2284,5,21632,495,-1045,0,2,-1,
*,2284,5,21632,987,-1031,0,2,-1,
*,2284,5,21632,745,-874,0,2,-1,
*,2284,5,21632,518,-695,0,2,-1,
*,2284,5,21632,981,-724,0,2,-1,
*,2284,5,21632,-1036,-1045,0,2,-1,
*,2284,5,21632,-543,-1031,0,2,-1,
*,2284,5,21632,-786,-874,0,2,-1,
*,2284,5,21632,-1012,-695,0,2,-1,
*,2284,5,21632,-550,-724,0,2,-1,
*,2284,5,21632,-550,981,0,2,-1,
*,2284,5,21632,-1012,1009,0,2,-1,
*,2284,5,21632,-786,830,0,2,-1,
*,2284,5,21632,-543,673,0,2,-1,
*,2284,5,21632,-1036,659,0,2,-1,
*,2284,5,21632,489,659,0,2,-1,
*,2284,5,21632,981,673,0,2,-1,
*,2284,5,21632,739,830,0,2,-1,
*,2284,5,21632,512,1009,0,2,-1,
*,2284,5,21632,975,981,0,2,-1,
*,2284,6,21632,495,-1045,0,2,-1,
*,2284,6,21632,987,-1031,0,2,-1,
*,2284,6,21632,745,-874,0,2,-1,
*,2284,6,21632,518,-695,0,2,-1,
*,2284,6,21632,981,-724,0,2,-1,
*,2284,6,21632,-1036,-1045,0,2,-1,
*,2284,6,21632,-543,-1031,0,2,-1,
*,2284,6,21632,-786,-874,0,2,-1,
*,2284,6,21632,-1012,-695,0,2,-1,
*,2284,6,21632,-550,-724,0,2,-1,
*,2284,6,21632,-550,981,0,2,-1,
*,2284,6,21632,-1012,1009,0,2,-1,
*,2284,6,21632,-786,830,0,2,-1,
*,2284,6,21632,-543,673,0,2,-1,
*,2284,6,21632,-1036,659,0,2,-1,
*,2284,6,21632,489,659,0,2,-1,
*,2284,6,21632,981,673,0,2,-1,
*,2284,6,21632,739,830,0,2,-1,
*,2284,6,21632,512,1009,0,2,-1,
*,2284,6,21632,975,981,0,2,-1,
*,2284,7,21632,495,-1045,0,2,-1,
*,2284,7,21632,987,-1031,0,2,-1,
*,2284,7,21632,745,-874,0,2,-1,
*,2284,7,21632,518,-695,0,2,-1,
*,2284,7,21632,981,-724,0,2,-1,
*,2284,7,21632,-1036,-1045,0,2,-1,
*,2284,7,21632,-543,-1031,0,2,-1,
*,2284,7,21632,-786,-874,0,2,-1,
*,2284,7,21632,-1012,-695,0,2,-1,
*,2284,7,21632,-550,-724,0,2,-1,
*,2284,7,21632,-550,981,0,2,-1,
*,2284,7,21632,-1012,1009,0,2,-1,
*,2284,7,21632,-786,830,0,2,-1,
*,2284,7,21632,-543,673,0,2,-1,
*,2284,7,21632,-1036,659,0,2,-1,
*,2284,7,21632,489,659,0,2,-1,
*,2284,7,21632,981,673,0,2,-1,
*,2284,7,21632,739,830,0,2,-1,
*,2284,7,21632,512,1009,0,2,-1,
*,2284,7,21632,975,981,0,2,-1,
*,2284,8,21632,495,-1045,0,2,-1,
*,2284,8,21632,987,-1031,0,2,-1,
*,2284,8,21632,745,-874,0,2,-1,
*,2284,8,21632,518,-695,0,2,-1,
*,2284,8,21632,981,-724,0,2,-1,
*,2284,8,21632,-1036,-1045,0,2,-1,
*,2284,8,21632,-543,-1031,0,2,-1,
*,2284,8,21632,-786,-874,0,2,-1,
*,2284,8,21632,-1012,-695,0,2,-1,
*,2284,8,21632,-550,-724,0,2,-1,
*,2284,8,21632,-550,981,0,2,-1,
*,2284,8,21632,-1012,1009,0,2,-1,
*,2284,8,21632,-786,830,0,2,-1,
*,2284,8,21632,-543,673,0,2,-1,
*,2284,8,21632,-1036,659,0,2,-1,
*,2284,8,21632,489,659,0,2,-1,
*,2284,8,21632,981,673,0,2,-1,
*,2284,8,21632,739,830,0,2,-1,
*,2284,8,21632,512,1009,0,2,-1,
*,2284,8,21632,975,981,0,2,-1,
*,2284,9,21633,495,-1045,0,2,-1,
*,2284,9,21633,987,-1031,0,2,-1,
*,2284,9,21633,745,-874,0,2,-1,
*,2284,9,21633,518,-695,0,2,-1,
*,2284,9,21633,981,-724,0,2,-1,
*,2284,9,21633,-1042,-1045,0,2,-1,
*,2284,9,21633,-549,-1031,0,2,-1,
*,2284,9,21633,-792,-874,0,2,-1,
*,2284,9,21633,-1018,-695,0,2,-1,
*,2284,9,21633,-556,-724,0,2,-1,
*,2284,9,21633,-556,974,0,2,-1,
*,2284,9,21633,-1018,1002,0,2,-1,
*,2284,9,21633,-792,823,0,2,-1,
*,2284,9,21633,-549,666,0,2,-1,
*,2284,9,21633,-1042,652,0,2,-1,
*,2284,9,21633,465,652,0,2,-1,
*,2284,9,21633,958,666,0,2,-1,
*,2284,9,21633,715,823,0,2,-1,
*,2284,9,21633,489,1002,0,2,-1,
*,2284,9,21633,951,974,0,2,-1,
*,2284,10,21633,495,-1045,0,2,-1,
*,2284,10,21633,987,-1031,0,2,-1,
*,2284,10,21633,745,-874,0,2,-1,
*,2284,10,21633,518,-695,0,2,-1,
*,2284,10,21633,981,-724,0,2,-1,
*,2284,10,21633,-1042,-1045,0,2,-1,
*,2284,10,21633,-549,-1031,0,2,-1,
*,2284,10,21633,-792,-874,0,2,-1,
*,2284,10,21633,-1018,-695,0,2,-1,
*,2284,10,21633,-556,-724,0,2,-1,
*,2284,10,21633,-556,974,0,2,-1,
*,2284,10,21633,-1018,1002,0,2,-1,
*,2284,10,21633,-792,823,0,2,-1,
*,2284,10,21633,-549,666,0,2,-1,
*,2284,10,21633,-1042,652,0,2,-1,
*,2284,10,21633,465,652,0,2,-1,
*,2284,10,21633,958,666,0,2,-1,
*,2284,10,21633,715,823,0,2,-1,
*,2284,10,21633,489,1002,0,2,-1,
*,2284,10,21633,951,974,0,2,-1,
*,2284,11,21633,495,-1045,0,2,-1,
*,2284,11,21633,987,-1031,0,2,-1,
*,2284,11,21633,745,-874,0,2,-1,
*,2284,11,21633,518,-695,0,2,-1,
*,2284,11,21633,981,-724,0,2,-1,
*,2284,11,21633,-1042,-1045,0,2,-1,
*,2284,11,21633,-549,-1031,0,2,-1,
*,2284,11,21633,-792,-874,0,2,-1,
*,2284,11,21633,-1018,-695,0,2,-1,
*,2284,11,21633,-556,-724,0,2,-1,
*,2284,11,21633,-556,974,0,2,-1,
*,2284,11,21633,-1018,1002,0,2,-1,
*,2284,11,21633,-792,823,0,2,-1,
*,2284,11,21633,-549,666,0,2,-1,
*,2284,11,21633,-1042,652,0,2,-1,
*,2284,11,21633,465,652,0,2,-1,
*,2284,11,21633,958,666,0,2,-1,
*,2284,11,21633,715,823,0,2,-1,
*,2284,11,21633,489,1002,0,2,-1,
*,2284,11,21633,951,974,0,2,-1,
*,2284,12,21633,495,-1045,0,2,-1,
*,2284,12,21633,987,-1031,0,2,-1,
*,2284,12,21633,745,-874,0,2,-1,
*,2284,12,21633,518,-695,0,2,-1,
*,2284,12,21633,981,-724,0,2,-1,
*,2284,12,21633,-1042,-1045,0,2,-1,
*,2284,12,21633,-549,-1031,0,2,-1,
*,2284,12,21633,-792,-874,0,2,-1,
*,2284,12,21633,-1018,-695,0,2,-1,
*,2284,12,21633,-556,-724,0,2,-1,
*,2284,12,21633,-556,974,0,2,-1,
*,2284,12,21633,-1018,1002,0,2,-1,
*,2284,12,21633,-792,823,0,2,-1,
*,2284,12,21633,-549,666,0,2,-1,
*,2284,12,21633,-1042,652,0,2,-1,
*,2284,12,21633,465,652,0,2,-1,
*,2284,12,21633,958,666,0,2,-1,
*,2284,12,21633,715,823,0,2,-1,
*,2284,12,21633,489,1002,0,2,-1,
*,2284,12,21633,951,974,0,2,-1,
*,2284,13,21634,495,-1045,0,2,-1,
*,2284,13,21634,987,-1031,0,2,-1,
*,2284,13,21634,745,-874,0,2,-1,
*,2284,13,21634,518,-695,0,2,-1,
*,2284,13,21634,981,-724,0,2,-1,
*,2284,13,21634,-1044,-1045,0,2,-1,
*,2284,13,21634,-551,-1031,0,2,-1,
*,2284,13,21634,-794,-874,0,2,-1,
*,2284,13,21634,-1020,-695,0,2,-1,
*,2284,13,21634,-558,-724,0,2,-1,
*,2284,13,21634,-558,979,0,2,-1,
*,2284,13,21634,-1020,1008,0,2,-1,
*,2284,13,21634,-794,828,0,2,-1,
*,2284,13,21634,-551,671,0,2,-1,
*,2284,13,21634,-1044,657,0,2,-1,
*,2284,13,21634,485,657,0,2,-1,
*,2284,13,21634,978,671,0,2,-1,
*,2284,13,21634,735,828,0,2,-1,
*,2284,13,21634,509,1008,0,2,-1,
*,2284,13,21634,971,979,0,2,-1,
*,2284,14,21634,495,-1045,0,2,-1,
*,2284,14,21634,987,-1031,0,2,-1,
*,2284,14,21634,745,-874,0,2,-1,
*,2284,14,21634,518,-695,0,2,-1,
*,2284,14,21634,981,-724,0,2,-1,
*,2284,14,21634,-1044,-1045,0,2,-1,
*,2284,14,21634,-551,-1031,0,2,-1,
*,2284,14,21634,-794,-874,0,2,-1,
*,2284,14,21634,-1020,-695,0,2,-1,
*,2284,14,21634,-558,-724,0,2,-1,
*,2284,14,21634,-558,979,0,2,-1,
*,2284,14,21634,-1020,1008,0,2,-1,
*,2284,14,21634,-794,828,0,2,-1,
*,2284,14,21634,-551,671,0,2,-1,
*,2284,14,21634,-1044,657,0,2,-1,
*,2284,14,21634,485,657,0,2,-1,
*,2284,14,21634,978,671,0,2,-1,
*,2284,14,21634,735,828,0,2,-1,
*,2284,14,21634,509,1008,0,2,-1,
*,2284,14,21634,971,979,0,2,-1,
*,2284,15,21634,495,-1045,0,2,-1,
*,2284,15,21634,987,-1031,0,2,-1,
*,2284,15,21634,745,-874,0,2,-1,
*,2284,15,21634,518,-695,0,2,-1,
*,2284,15,21634,981,-724,0,2,-1,
*,2284,15,21634,-1044,-1045,0,2,-1,
*,2284,15,21634,-551,-1031,0,2,-1,
*,2284,15,21634,-794,-874,0,2,-1,
*,2284,15,21634,-1020,-695,0,2,-1,
*,2284,15,21634,-558,-724,0,2,-1,
*,2284,15,21634,-558,979,0,2,-1,
*,2284,15,21634,-1020,1008,0,2,-1,
*,2284,15,21634,-794,828,0,2,-1,
*,2284,15,21634,-551,671,0,2,-1,
*,2284,15,21634,-1044,657,0,2,-1,
*,2284,15,21634,485,657,0,2,-1,
*,2284,15,21634,978,671,0,2,-1,
*,2284,15,21634,735,828,0,2,-1,
*,2284,15,21634,509,1008,0,2,-1,
*,2284,15,21634,971,979,0,2,-1,
*,2284,16,21634,495,-1045,0,2,-1,
*,2284,16,21634,987,-1031,0,2,-1,
*,2284,16,21634,745,-874,0,2,-1,
*,2284,16,21634,518,-695,0,2,-1,
*,2284,16,21634,981,-724,0,2,-1,
*,2284,16,21634,-1044,-1045,0,2,-1,
*,2284,16,21634,-551,-1031,0,2,-1,
*,2284,16,21634,-794,-874,0,2,-1,
*,2284,16,21634,-1020,-695,0,2,-1,
*,2284,16,21634,-558,-724,0,2,-1,
*,2284,16,21634,-558,979,0,2,-1,
*,2284,16,21634,-1020,1008,0,2,-1,
*,2284,16,21634,-794,828,0,2,-1,
*,2284,16,21634,-551,671,0,2,-1,
*,2284,16,21634,-1044,657,0,2,-1,
*,2284,16,21634,485,657,0,2,-1,
*,2284,16,21634,978,671,0,2,-1,
*,2284,16,21634,735,828,0,2,-1,
*,2284,16,21634,509,1008,0,2,-1,
*,2284,16,21634,971,979,0,2,-1,
*,2284,17,21635,495,-1045,0,2,-1,
*,2284,17,21635,987,-1031,0,2,-1,
*,2284,17,21635,745,-874,0,2,-1,
*,2284,17,21635,518,-695,0,2,-1,
*,2284,17,21635,981,-724,0,2,-1,
*,2284,17,21635,-1048,-1045,0,2,-1,
*,2284,17,21635,-556,-1031,0,2,-1,
*,2284,17,21635,-798,-874,0,2,-1,
*,2284,17,21635,-1025,-695,0,2,-1,
*,2284,17,21635,-562,-724,0,2,-1,
*,2284,17,21635,-562,967,0,2,-1,
*,2284,17,21635,-1025,996,0,2,-1,
*,2284,17,21635,-798,816,0,2,-1,
*,2284,17,21635,-556,659,0,2,-1,
*,2284,17,21635,-1048,645,0,2,-1,
*,2284,17,21635,479,645,0,2,-1,
*,2284,17,21635,971,659,0,2,-1,
*,2284,17,21635,729,816,0,2,-1,
*,2284,17,21635,502,996,0,2,-1,
*,2284,17,21635,965,967,0,2,-1,
*,2284,18,21635,495,-1045,0,2,-1,
*,2284,18,21635,987,-1031,0,2,-1,
*,2284,18,21635,745,-874,0,2,-1,
*,2284,18,21635,518,-695,0,2,-1,
*,2284,18,21635,981,-724,0,2,-1,
*,2284,18,21635,-1048,-1045,0,2,-1,
*,2284,18,21635,-556,-1031,0,2,-1,
*,2284,18,21635,-798,-874,0,2,-1,
*,2284,18,21635,-1025,-695,0,2,-1,
*,2284,18,21635,-562,-724,0,2,-1,
*,2284,18,21635,-562,967,0,2,-1,
*,2284,18,21635,-1025,996,0,2,-1,
*,2284,18,21635,-798,816,0,2,-1,
*,2284,18,21635,-556,659,0,2,-1,
*,2284,18,21635,-1048,645,0,2,-1,
*,2284,18,21635,479,645,0,2,-1,
*,2284,18,21635,971,659,0,2,-1,
*,2284,18,21635,729,816,0,2,-1,
*,2284,18,21635,502,996,0,2,-1,
*,2284,18,21635,965,967,0,2,-1,
*,2284,19,21635,495,-1045,0,2,-1,
*,2284,19,21635,987,-1031,0,2,-1,
*,2284,19,21635,745,-874,0,2,-1,
*,2284,19,21635,518,-695,0,2,-1,
*,2284,19,21635,981,-724,0,2,-1,
*,2284,19,21635,-1048,-1045,0,2,-1,
*,2284,19,21635,-556,-1031,0,2,-1,
*,2284,19,21635,-798,-874,0,2,-1,
*,2284,19,21635,-1025,-695,0,2,-1,
*,2284,19,21635,-562,-724,0,2,-1,
*,2284,19,21635,-562,967,0,2,-1,
*,2284,19,21635,-1025,996,0,2,-1,
*,2284,19,21635,-798,816,0,2,-1,
*,2284,19,21635,-556,659,0,2,-1,
*,2284,19,21635,-1048,645,0,2,-1,
*,2284,19,21635,479,645,0,2,-1,
*,2284,19,21635,971,659,0,2,-1,
*,2284,19,21635,729,816,0,2,-1,
*,2284,19,21635,502,996,0,2,-1,
*,2284,19,21635,965,967,0,2,-1,
*,2284,20,21635,495,-1045,0,2,-1,
*,2284,20,21635,987,-1031,0,2,-1,
*,2284,20,21635,745,-874,0,2,-1,
*,2284,20,21635,518,-695,0,2,-1,
*,2284,20,21635,981,-724,0,2,-1,
*,2284,20,21635,-1048,-1045,0,2,-1,
*,2284,20,21635,-556,-1031,0,2,-1,
*,2284,20,21635,-798,-874,0,2,-1,
*,2284,20,21635,-1025,-695,0,2,-1,
*,2284,20,21635,-562,-724,0,2,-1,
*,2284,20,21635,-562,967,0,2,-1,
*,2284,20,21635,-1025,996,0,2,-1,
*,2284,20,21635,-798,816,0,2,-1,
*,2284,20,21635,-556,659,0,2,-1,
*,2284,20,21635,-1048,645,0,2,-1,
*,2284,20,21635,479,645,0,2,-1,
*,2284,20,21635,971,659,0,2,-1,
*,2284,20,21635,729,816,0,2,-1,
*,2284,20,21635,502,996,0,2,-1,
*,2284,20,21635,965,967,0,2,-1,
*,2284,21,21636,495,-1045,0,2,-1,
*,2284,21,21636,987,-1031,0,2,-1,
*,2284,21,21636,745,-874,0,2,-1,
*,2284,21,21636,518,-695,0,2,-1,
*,2284,21,21636,981,-724,0,2,-1,
*,2284,21,21636,-1045,-1045,0,2,-1,
*,2284,21,21636,-552,-1031,0,2,-1,
*,2284,21,21636,-795,-874,0,2,-1,
*,2284,21,21636,-1021,-695,0,2,-1,
*,2284,21,21636,-559,-724,0,2,-1,
*,2284,21,21636,-559,979,0,2,-1,
*,2284,21,21636,-1021,1008,0,2,-1,
*,2284,21,21636,-795,829,0,2,-1,
*,2284,21,21636,-552,672,0,2,-1,
*,2284,21,21636,-1045,658,0,2,-1,
*,2284,21,21636,471,658,0,2,-1,
*,2284,21,21636,964,672,0,2,-1,
*,2284,21,21636,721,829,0,2,-1,
*,2284,21,21636,495,1008,0,2,-1,
*,2284,21,21636,957,979,0,2,-1,
*,2284,22,21636,495,-1045,0,2,-1,
*,2284,22,21636,987,-1031,0,2,-1,
*,2284,22,21636,745,-874,0,2,-1,
*,2284,22,21636,518,-695,0,2,-1,
*,2284,22,21636,981,-724,0,2,-1,
*,2284,22,21636,-1045,-1045,0,2,-1,
*,2284,22,21636,-552,-1031,0,2,-1,
*,2284,22,21636,-795,-874,0,2,-1,
*,2284,22,21636,-1021,-695,0,2,-1,
*,2284,22,21636,-559,-724,0,2,-1,
*,2284,22,21636,-559,979,0,2,-1,
*,2284,22,21636,-1021,1008,0,2,-1,
*,2284,22,21636,-795,829,0,2,-1,
*,2284,22,21636,-552,672,0,2,-1,
*,2284,22,21636,-1045,658,0,2,-1,
*,2284,22,21636,471,658,0,2,-1,
*,2284,22,21636,964,672,0,2,-1,
*,2284,22,21636,721,829,0,2,-1,
*,2284,22,21636,495,1008,0,2,-1,
*,2284,22,21636,957,979,0,2,-1,
*,2284,23,21636,495,-1045,0,2,-1,
*,2284,23,21636,987,-1031,0,2,-1,
*,2284,23,21636,745,-874,0,2,-1,
*,2284,23,21636,518,-695,0,2,-1,
*,2284,23,21636,981,-724,0,2,-1,
*,2284,23,21636,-1045,-1045,0,2,-1,
*,2284,23,21636,-552,-1031,0,2,-1,
*,2284,23,21636,-795,-874,0,2,-1,
*,2284,23,21636,-1021,-695,0,2,-1,
*,2284,23,21636,-559,-724,0,2,-1,
*,2284,23,21636,-559,979,0,2,-1,
*,2284,23,21636,-1021,1008,0,2,-1,
*,2284,23,21636,-795,829,0,2,-1,
*,2284,23,21636,-552,672,0,2,-1,
*,2284,23,21636,-1045,658,0,2,-1,
*,2284,23,21636,471,658,0,2,-1,
*,2284,23,21636,964,672,0,2,-1,
*,2284,23,21636,721,829,0,2,-1,
*,2284,23,21636,495,1008,0,2,-1,
*,2284,23,21636,957,979,0,2,-1,
*,2284,24,21636,495,-1045,0,2,-1,
*,2284,24,21636,987,-1031,0,2,-1,
*,2284,24,21636,745,-874,0,2,-1,
*,2284,24,21636,518,-695,0,2,-1,
*,2284,24,21636,981,-724,0,2,-1,
*,2284,24,21636,-1045,-1045,0,2,-1,
*,2284,24,21636,-552,-1031,0,2,-1,
*,2284,24,21636,-795,-874,0,2,-1,
*,2284,24,21636,-1021,-695,0,2,-1,
*,2284,24,21636,-559,-724,0,2,-1,
*,2284,24,21636,-559,979,0,2,-1,
*,2284,24,21636,-1021,1008,0,2,-1,
*,2284,24,21636,-795,829,0,2,-1,
*,2284,24,21636,-552,672,0,2,-1,
*,2284,24,21636,-1045,658,0,2,-1,
*,2284,24,21636,471,658,0,2,-1,
*,2284,24,21636,964,672,0,2,-1,
*,2284,24,21636,721,829,0,2,-1,
*,2284,24,21636,495,1008,0,2,-1,
*,2284,24,21636,957,979,0,2,-1,
*,2284,25,21637,495,-1045,0,2,-1,
*,2284,25,21637,987,-1031,0,2,-1,
*,2284,25,21637,745,-874,0,2,-1,
*,2284,25,21637,518,-695,0,2,-1,
*,2284,25,21637,981,-724,0,2,-1,
*,2284,25,21637,-1058,-1045,0,2,-1,
*,2284,25,21637,-565,-1031,0,2,-1,
*,2284,25,21637,-808,-874,0,2,-1,
*,2284,25,21637,-1034,-695,0,2,-1,
*,2284,25,21637,-572,-724,0,2,-1,
*,2284,25,21637,-572,976,0,2,-1,
*,2284,25,21637,-1034,1004,0,2,-1,
*,2284,25,21637,-808,825,0,2,-1,
*,2284,25,21637,-565,668,0,2,-1,
*,2284,25,21637,-1058,654,0,2,-1,
*,2284,25,21637,491,654,0,2,-1,
*,2284,25,21637,983,668,0,2,-1,
*,2284,25,21637,741,825,0,2,-1,
*,2284,25,21637,514,1004,0,2,-1,
*,2284,25,21637,976,976,0,2,-1,
*,2284,26,21637,495,-1045,0,2,-1,
*,2284,26,21637,987,-1031,0,2,-1,
*,2284,26,21637,745,-874,0,2,-1,
*,2284,26,21637,518,-695,0,2,-1,
*,2284,26,21637,981,-724,0,2,-1,
*,2284,26,21637,-1058,-1045,0,2,-1,
*,2284,26,21637,-565,-1031,0,2,-1,
*,2284,26,21637,-808,-874,0,2,-1,
*,2284,26,21637,-1034,-695,0,2,-1,
*,2284,26,21637,-572,-724,0,2,-1,
*,2284,26,21637,-572,976,0,2,-1,
*,2284,26,21637,-1034,1004,0,2,-1,
*,2284,26,21637,-808,825,0,2,-1,
*,2284,26,21637,-565,668,0,2,-1,
*,2284,26,21637,-1058,654,0,2,-1,
*,2284,26,21637,491,654,0,2,-1,
*,2284,26,21637,983,668,0,2,-1,
*,2284,26,21637,741,825,0,2,-1,
*,2284,26,21637,514,1004,0,2,-1,
*,2284,26,21637,976,976,0,2,-1,
*,2284,27,21637,495,-1045,0,2,-1,
*,2284,27,21637,987,-1031,0,2,-1,
*,2284,27,21637,745,-874,0,2,-1,
*,2284,27,21637,518,-695,0,2,-1,
*,2284,27,21637,981,-724,0,2,-1,
*,2284,27,21637,-1058,-1045,0,2,-1,
*,2284,27,21637,-565,-1031,0,2,-1,
*,2284,27,21637,-808,-874,0,2,-1,
*,2284,27,21637,-1034,-695,0,2,-1,
*,2284,27,21637,-572,-724,0,2,-1,
*,2284,27,21637,-572,976,0,2,-1,
*,2284,27,21637,-1034,1004,0,2,-1,
*,2284,27,21637,-808,825,0,2,-1,
*,2284,27,21637,-565,668,0,2,-1,
*,2284,27,21637,-1058,654,0,2,-1,
*,2284,27,21637,491,654,0,2,-1,
*,2284,27,21637,983,668,0,2,-1,
*,2284,27,21637,741,825,0,2,-1,
*,2284,27,21637,514,1004,0,2,-1,
*,2284,27,21637,976,976,0,2,-1,
*,2284,28,21637,495,-1045,0,2,-1,
*,2284,28,21637,987,-1031,0,2,-1,
*,2284,28,21637,745,-874,0,2,-1,
*,2284,28,21637,518,-695,0,2,-1,
*,2284,28,21637,981,-724,0,2,-1,
*,2284,28,21637,-1058,-1045,0,2,-1,
*,2284,28,21637,-565,-1031,0,2,-1,
*,2284,28,21637,-808,-874,0,2,-1,
*,2284,28,21637,-1034,-695,0,2,-1,
*,2284,28,21637,-572,-724,0,2,-1,
*,2284,28,21637,-572,976,0,2,-1,
*,2284,28,21637,-1034,1004,0,2,-1,
*,2284,28,21637,-808,825,0,2,-1,
*,2284,28,21637,-565,668,0,2,-1,
*,2284,28,21637,-1058,654,0,2,-1,
*,2284,28,21637,491,654,0,2,-1,
*,2284,28,21637,983,668,0,2,-1,
*,2284,28,21637,741,825,0,2,-1,
*,2284,28,21637,514,1004,0,2,-1,
*,2284,28,21637,976,976,0,2,-1,
*,2291,1,21701,495,-1045,0,2,-1,
*,2291,1,21701,987,-1031,0,2,-1,
*,2291,1,21701,745,-874,0,2,-1,
*,2291,1,21701,518,-695,0,2,-1,
*,2291,1,21701,981,-724,0,2,-1,
*,2291,2,21701,495,-1045,0,2,-1,
*,2291,2,21701,987,-1031,0,2,-1,
*,2291,2,21701,745,-874,0,2,-1,
*,2291,2,21701,518,-695,0,2,-1,
*,2291,2,21701,981,-724,0,2,-1,
*,2291,3,21701,495,-1045,0,2,-1,
*,2291,3,21701,987,-1031,0,2,-1,
*,2291,3,21701,745,-874,0,2,-1,
*,2291,3,21701,518,-695,0,2,-1,
*,2291,3,21701,981,-724,0,2,-1,
*,2291,4,21701,495,-1045,0,2,-1,
*,2291,4,21701,987,-1031,0,2,-1,
*,2291,4,21701,745,-874,0,2,-1,
*,2291,4,21701,518,-695,0,2,-1,
*,2291,4,21701,981,-724,0,2,-1,
*,2291,5,21702,-1074,-1045,0,2,-1,
*,2291,5,21702,-581,-1031,0,2,-1,
*,2291,5,21702,-824,-874,0,2,-1,
*,2291,5,21702,-1050,-695,0,2,-1,
*,2291,5,21702,-588,-724,0,2,-1,
*,2291,6,21702,-1074,-1045,0,2,-1,
*,2291,6,21702,-581,-1031,0,2,-1,
*,2291,6,21702,-824,-874,0,2,-1,
*,2291,6,21702,-1050,-695,0,2,-1,
*,2291,6,21702,-588,-724,0,2,-1,
*,2291,7,21702,-1074,-1045,0,2,-1,
*,2291,7,21702,-581,-1031,0,2,-1,
*,2291,7,21702,-824,-874,0,2,-1,
*,2291,7,21702,-1050,-695,0,2,-1,
*,2291,7,21702,-588,-724,0,2,-1,
*,2291,8,21702,-1074,-1045,0,2,-1,
*,2291,8,21702,-581,-1031,0,2,-1,
*,2291,8,21702,-824,-874,0,2,-1,
*,2291,8,21702,-1050,-695,0,2,-1,
*,2291,8,21702,-588,-724,0,2,-1,
*,2291,9,21703,-1074,657,0,2,-1,
*,2291,9,21703,-581,671,0,2,-1,
*,2291,9,21703,-824,829,0,2,-1,
*,2291,9,21703,-1050,1008,0,2,-1,
*,2291,9,21703,-588,979,0,2,-1,
*,2291,10,21703,-1074,657,0,2,-1,
*,2291,10,21703,-581,671,0,2,-1,
*,2291,10,21703,-824,829,0,2,-1,
*,2291,10,21703,-1050,1008,0,2,-1,
*,2291,10,21703,-588,979,0,2,-1,
*,2291,11,21703,-1074,657,0,2,-1,
*,2291,11,21703,-581,671,0,2,-1,
*,2291,11,21703,-824,829,0,2,-1,
*,2291,11,21703,-1050,1008,0,2,-1,
*,2291,11,21703,-588,979,0,2,-1,
*,2291,12,21703,-1074,657,0,2,-1,
*,2291,12,21703,-581,671,0,2,-1,
*,2291,12,21703,-824,829,0,2,-1,
*,2291,12,21703,-1050,1008,0,2,-1,
*,2291,12,21703,-588,979,0,2,-1,
*,2291,13,21704,472,657,0,2,-1,
*,2291,13,21704,965,671,0,2,-1,
*,2291,13,21704,722,829,0,2,-1,
*,2291,13,21704,496,1008,0,2,-1,
*,2291,13,21704,958,979,0,2,-1,
*,2291,14,21704,472,657,0,2,-1,
*,2291,14,21704,965,671,0,2,-1,
*,2291,14,21704,722,829,0,2,-1,
*,2291,14,21704,496,1008,0,2,-1,
*,2291,14,21704,958,979,0,2,-1,
*,2291,15,21704,472,657,0,2,-1,
*,2291,15,21704,965,671,0,2,-1,
*,2291,15,21704,722,829,0,2,-1,
*,2291,15,21704,496,1008,0,2,-1,
*,2291,15,21704,958,979,0,2,-1,
*,2291,16,21704,472,657,0,2,-1,
*,2291,16,21704,965,671,0,2,-1,
*,2291,16,21704,722,829,0,2,-1,
*,2291,16,21704,496,1008,0,2,-1,
*,2291,16,21704,958,979,0,2,-1,
*,2291,17,21705,501,-1039,0,2,-1,
*,2291,17,21705,993,-1025,0,2,-1,
*,2291,17,21705,751,-868,0,2,-1,
*,2291,17,21705,524,-689,0,2,-1,
*,2291,17,21705,987,-717,0,2,-1,
*,2291,18,21705,501,-1039,0,2,-1,
*,2291,18,21705,993,-1025,0,2,-1,
*,2291,18,21705,751,-868,0,2,-1,
*,2291,18,21705,524,-689,0,2,-1,
*,2291,18,21705,987,-717,0,2,-1,
*,2291,19,21705,501,-1039,0,2,-1,
*,2291,19,21705,993,-1025,0,2,-1,
*,2291,19,21705,751,-868,0,2,-1,
*,2291,19,21705,524,-689,0,2,-1,
*,2291,19,21705,987,-717,0,2,-1,
*,2291,20,21705,501,-1039,0,2,-1,
*,2291,20,21705,993,-1025,0,2,-1,
*,2291,20,21705,751,-868,0,2,-1,
*,2291,20,21705,524,-689,0,2,-1,
*,2291,20,21705,987,-717,0,2,-1,
*,2291,21,21706,-1082,-1039,0,2,-1,
*,2291,21,21706,-589,-1025,0,2,-1,
*,2291,21,21706,-832,-868,0,2,-1,
*,2291,21,21706,-1058,-689,0,2,-1,
*,2291,21,21706,-596,-717,0,2,-1,
*,2291,22,21706,-1082,-1039,0,2,-1,
*,2291,22,21706,-589,-1025,0,2,-1,
*,2291,22,21706,-832,-868,0,2,-1,
*,2291,22,21706,-1058,-689,0,2,-1,
*,2291,22,21706,-596,-717,0,2,-1,
*,2291,23,21706,-1082,-1039,0,2,-1,
*,2291,23,21706,-589,-1025,0,2,-1,
*,2291,23,21706,-832,-868,0,2,-1,
*,2291,23,21706,-1058,-689,0,2,-1,
*,2291,23,21706,-596,-717,0,2,-1,
*,2291,24,21706,-1082,-1039,0,2,-1,
*,2291,24,21706,-589,-1025,0,2,-1,
*,2291,24,21706,-832,-868,0,2,-1,
*,2291,24,21706,-1058,-689,0,2,-1,
*,2291,24,21706,-596,-717,0,2,-1,
*,2291,25,21707,-1082,659,0,2,-1,
*,2291,25,21707,-589,673,0,2,-1,
*,2291,25,21707,-832,830,0,2,-1,
*,2291,25,21707,-1058,1009,0,2,-1,
*,2291,25,21707,-596,981,0,2,-1,
*,2291,26,21707,-1082,659,0,2,-1,
*,2291,26,21707,-589,673,0,2,-1,
*,2291,26,21707,-832,830,0,2,-1,
*,2291,26,21707,-1058,1009,0,2,-1,
*,2291,26,21707,-596,981,0,2,-1,
*,2291,27,21707,-1082,659,0,2,-1,
*,2291,27,21707,-589,673,0,2,-1,
*,2291,27,21707,-832,830,0,2,-1,
*,2291,27,21707,-1058,1009,0,2,-1,
*,2291,27,21707,-596,981,0,2,-1,
*,2291,28,21707,-1082,659,0,2,-1,
*,2291,28,21707,-589,673,0,2,-1,
*,2291,28,21707,-832,830,0,2,-1,
*,2291,28,21707,-1058,1009,0,2,-1,
*,2291,28,21707,-596,981,0,2,-1,
*,2292,1,21711,495,-1045,0,2,-1,
*,2292,1,21711,987,-1031,0,2,-1,
*,2292,1,21711,745,-874,0,2,-1,
*,2292,1,21711,518,-695,0,2,-1,
*,2292,1,21711,981,-724,0,2,-1,
*,2292,1,21711,-1087,-1045,0,2,-1,
*,2292,1,21711,-595,-1031,0,2,-1,
*,2292,1,21711,-837,-874,0,2,-1,
*,2292,1,21711,-1064,-695,0,2,-1,
*,2292,1,21711,-602,-724,0,2,-1,
*,2292,2,21711,495,-1045,0,2,-1,
*,2292,2,21711,987,-1031,0,2,-1,
*,2292,2,21711,745,-874,0,2,-1,
*,2292,2,21711,518,-695,0,2,-1,
*,2292,2,21711,981,-724,0,2,-1,
*,2292,2,21711,-1087,-1045,0,2,-1,
*,2292,2,21711,-595,-1031,0,2,-1,
*,2292,2,21711,-837,-874,0,2,-1,
*,2292,2,21711,-1064,-695,0,2,-1,
*,2292,2,21711,-602,-724,0,2,-1,
*,2292,3,21711,495,-1045,0,2,-1,
*,2292,3,21711,987,-1031,0,2,-1,
*,2292,3,21711,745,-874,0,2,-1,
*,2292,3,21711,518,-695,0,2,-1,
*,2292,3,21711,981,-724,0,2,-1,
*,2292,3,21711,-1087,-1045,0,2,-1,
*,2292,3,21711,-595,-1031,0,2,-1,
*,2292,3,21711,-837,-874,0,2,-1,
*,2292,3,21711,-1064,-695,0,2,-1,
*,2292,3,21711,-602,-724,0,2,-1,
*,2292,4,21711,495,-1045,0,2,-1,
*,2292,4,21711,987,-1031,0,2,-1,
*,2292,4,21711,745,-874,0,2,-1,
*,2292,4,21711,518,-695,0,2,-1,
*,2292,4,21711,981,-724,0,2,-1,
*,2292,4,21711,-1087,-1045,0,2,-1,
*,2292,4,21711,-595,-1031,0,2,-1,
*,2292,4,21711,-837,-874,0,2,-1,
*,2292,4,21711,-1064,-695,0,2,-1,
*,2292,4,21711,-602,-724,0,2,-1,
*,2292,5,21712,-1087,-1045,0,2,-1,
*,2292,5,21712,-595,-1031,0,2,-1,
*,2292,5,21712,-837,-874,0,2,-1,
*,2292,5,21712,-1064,-695,0,2,-1,
*,2292,5,21712,-602,-724,0,2,-1,
*,2292,5,21712,-602,973,0,2,-1,
*,2292,5,21712,-1064,1001,0,2,-1,
*,2292,5,21712,-837,822,0,2,-1,
*,2292,5,21712,-595,665,0,2,-1,
*,2292,5,21712,-1087,651,0,2,-1,
*,2292,6,21712,-1087,-1045,0,2,-1,
*,2292,6,21712,-595,-1031,0,2,-1,
*,2292,6,21712,-837,-874,0,2,-1,
*,2292,6,21712,-1064,-695,0,2,-1,
*,2292,6,21712,-602,-724,0,2,-1,
*,2292,6,21712,-602,973,0,2,-1,
*,2292,6,21712,-1064,1001,0,2,-1,
*,2292,6,21712,-837,822,0,2,-1,
*,2292,6,21712,-595,665,0,2,-1,
*,2292,6,21712,-1087,651,0,2,-1,
*,2292,7,21712,-1087,-1045,0,2,-1,
*,2292,7,21712,-595,-1031,0,2,-1,
*,2292,7,21712,-837,-874,0,2,-1,
*,2292,7,21712,-1064,-695,0,2,-1,
*,2292,7,21712,-602,-724,0,2,-1,
*,2292,7,21712,-602,973,0,2,-1,
*,2292,7,21712,-1064,1001,0,2,-1,
*,2292,7,21712,-837,822,0,2,-1,
*,2292,7,21712,-595,665,0,2,-1,
*,2292,7,21712,-1087,651,0,2,-1,
*,2292,8,21712,-1087,-1045,0,2,-1,
*,2292,8,21712,-595,-1031,0,2,-1,
*,2292,8,21712,-837,-874,0,2,-1,
*,2292,8,21712,-1064,-695,0,2,-1,
*,2292,8,21712,-602,-724,0,2,-1,
*,2292,8,21712,-602,973,0,2,-1,
*,2292,8,21712,-1064,1001,0,2,-1,
*,2292,8,21712,-837,822,0,2,-1,
*,2292,8,21712,-595,665,0,2,-1,
*,2292,8,21712,-1087,651,0,2,-1,
*,2292,9,21713,-602,973,0,2,-1,
*,2292,9,21713,-1064,1001,0,2,-1,
*,2292,9,21713,-837,822,0,2,-1,
*,2292,9,21713,-595,665,0,2,-1,
*,2292,9,21713,-1087,651,0,2,-1,
*,2292,9,21713,475,651,0,2,-1,
*,2292,9,21713,967,665,0,2,-1,
*,2292,9,21713,725,822,0,2,-1,
*,2292,9,21713,498,1001,0,2,-1,
*,2292,9,21713,960,973,0,2,-1,
*,2292,10,21713,-602,973,0,2,-1,
*,2292,10,21713,-1064,1001,0,2,-1,
*,2292,10,21713,-837,822,0,2,-1,
*,2292,10,21713,-595,665,0,2,-1,
*,2292,10,21713,-1087,651,0,2,-1,
*,2292,10,21713,475,651,0,2,-1,
*,2292,10,21713,967,665,0,2,-1,
*,2292,10,21713,725,822,0,2,-1,
*,2292,10,21713,498,1001,0,2,-1,
*,2292,10,21713,960,973,0,2,-1,
*,2292,11,21713,-602,973,0,2,-1,
*,2292,11,21713,-1064,1001,0,2,-1,
*,2292,11,21713,-837,822,0,2,-1,
*,2292,11,21713,-595,665,0,2,-1,
*,2292,11,21713,-1087,651,0,2,-1,
*,2292,11,21713,475,651,0,2,-1,
*,2292,11,21713,967,665,0,2,-1,
*,2292,11,21713,725,822,0,2,-1,
*,2292,11,21713,498,1001,0,2,-1,
*,2292,11,21713,960,973,0,2,-1,
*,2292,12,21713,-602,973,0,2,-1,
*,2292,12,21713,-1064,1001,0,2,-1,
*,2292,12,21713,-837,822,0,2,-1,
*,2292,12,21713,-595,665,0,2,-1,
*,2292,12,21713,-1087,651,0,2,-1,
*,2292,12,21713,475,651,0,2,-1,
*,2292,12,21713,967,665,0,2,-1,
*,2292,12,21713,725,822,0,2,-1,
*,2292,12,21713,498,1001,0,2,-1,
*,2292,12,21713,960,973,0,2,-1,
*,2292,13,21714,475,651,0,2,-1,
*,2292,13,21714,967,665,0,2,-1,
*,2292,13,21714,725,822,0,2,-1,
*,2292,13,21714,498,1001,0,2,-1,
*,2292,13,21714,960,973,0,2,-1,
*,2292,13,21714,960,-714,0,2,-1,
*,2292,13,21714,498,-686,0,2,-1,
*,2292,13,21714,725,-865,0,2,-1,
*,2292,13,21714,967,-1022,0,2,-1,
*,2292,13,21714,475,-1036,0,2,-1,
*,2292,14,21714,475,651,0,2,-1,
*,2292,14,21714,967,665,0,2,-1,
*,2292,14,21714,725,822,0,2,-1,
*,2292,14,21714,498,1001,0,2,-1,
*,2292,14,21714,960,973,0,2,-1,
*,2292,14,21714,960,-714,0,2,-1,
*,2292,14,21714,498,-686,0,2,-1,
*,2292,14,21714,725,-865,0,2,-1,
*,2292,14,21714,967,-1022,0,2,-1,
*,2292,14,21714,475,-1036,0,2,-1,
*,2292,15,21714,475,651,0,2,-1,
*,2292,15,21714,967,665,0,2,-1,
*,2292,15,21714,725,822,0,2,-1,
*,2292,15,21714,498,1001,0,2,-1,
*,2292,15,21714,960,973,0,2,-1,
*,2292,15,21714,960,-714,0,2,-1,
*,2292,15,21714,498,-686,0,2,-1,
*,2292,15,21714,725,-865,0,2,-1,
*,2292,15,21714,967,-1022,0,2,-1,
*,2292,15,21714,475,-1036,0,2,-1,
*,2292,16,21714,475,651,0,2,-1,
*,2292,16,21714,967,665,0,2,-1,
*,2292,16,21714,725,822,0,2,-1,
*,2292,16,21714,498,1001,0,2,-1,
*,2292,16,21714,960,973,0,2,-1,
*,2292,16,21714,960,-714,0,2,-1,
*,2292,16,21714,498,-686,0,2,-1,
*,2292,16,21714,725,-865,0,2,-1,
*,2292,16,21714,967,-1022,0,2,-1,
*,2292,16,21714,475,-1036,0,2,-1,
*,2292,17,21715,960,-714,0,2,-1,
*,2292,17,21715,498,-686,0,2,-1,
*,2292,17,21715,725,-865,0,2,-1,
*,2292,17,21715,967,-1022,0,2,-1,
*,2292,17,21715,475,-1036,0,2,-1,
*,2292,17,21715,-838,-865,0,2,-1,
*,2292,17,21715,-595,-1022,0,2,-1,
*,2292,17,21715,-1088,-1036,0,2,-1,
*,2292,17,21715,-602,-714,0,2,-1,
*,2292,17,21715,-1064,-686,0,2,-1,
*,2292,18,21715,960,-714,0,2,-1,
*,2292,18,21715,498,-686,0,2,-1,
*,2292,18,21715,725,-865,0,2,-1,
*,2292,18,21715,967,-1022,0,2,-1,
*,2292,18,21715,475,-1036,0,2,-1,
*,2292,18,21715,-838,-865,0,2,-1,
*,2292,18,21715,-595,-1022,0,2,-1,
*,2292,18,21715,-1088,-1036,0,2,-1,
*,2292,18,21715,-602,-714,0,2,-1,
*,2292,18,21715,-1064,-686,0,2,-1,
*,2292,19,21715,960,-714,0,2,-1,
*,2292,19,21715,498,-686,0,2,-1,
*,2292,19,21715,725,-865,0,2,-1,
*,2292,19,21715,967,-1022,0,2,-1,
*,2292,19,21715,475,-1036,0,2,-1,
*,2292,19,21715,-838,-865,0,2,-1,
*,2292,19,21715,-595,-1022,0,2,-1,
*,2292,19,21715,-1088,-1036,0,2,-1,
*,2292,19,21715,-602,-714,0,2,-1,
*,2292,19,21715,-1064,-686,0,2,-1,
*,2292,20,21715,960,-714,0,2,-1,
*,2292,20,21715,498,-686,0,2,-1,
*,2292,20,21715,725,-865,0,2,-1,
*,2292,20,21715,967,-1022,0,2,-1,
*,2292,20,21715,475,-1036,0,2,-1,
*,2292,20,21715,-838,-865,0,2,-1,
*,2292,20,21715,-595,-1022,0,2,-1,
*,2292,20,21715,-1088,-1036,0,2,-1,
*,2292,20,21715,-602,-714,0,2,-1,
*,2292,20,21715,-1064,-686,0,2,-1,
*,2292,21,21716,-838,-865,0,2,-1,
*,2292,21,21716,-595,-1022,0,2,-1,
*,2292,21,21716,-1088,-1036,0,2,-1,
*,2292,21,21716,-602,-714,0,2,-1,
*,2292,21,21716,-1064,-686,0,2,-1,
*,2292,21,21716,-1064,1010,0,2,-1,
*,2292,21,21716,-602,982,0,2,-1,
*,2292,21,21716,-1088,660,0,2,-1,
*,2292,21,21716,-595,674,0,2,-1,
*,2292,21,21716,-838,831,0,2,-1,
*,2292,22,21716,-838,-865,0,2,-1,
*,2292,22,21716,-595,-1022,0,2,-1,
*,2292,22,21716,-1088,-1036,0,2,-1,
*,2292,22,21716,-602,-714,0,2,-1,
*,2292,22,21716,-1064,-686,0,2,-1,
*,2292,22,21716,-1064,1010,0,2,-1,
*,2292,22,21716,-602,982,0,2,-1,
*,2292,22,21716,-1088,660,0,2,-1,
*,2292,22,21716,-595,674,0,2,-1,
*,2292,22,21716,-838,831,0,2,-1,
*,2292,23,21716,-838,-865,0,2,-1,
*,2292,23,21716,-595,-1022,0,2,-1,
*,2292,23,21716,-1088,-1036,0,2,-1,
*,2292,23,21716,-602,-714,0,2,-1,
*,2292,23,21716,-1064,-686,0,2,-1,
*,2292,23,21716,-1064,1010,0,2,-1,
*,2292,23,21716,-602,982,0,2,-1,
*,2292,23,21716,-1088,660,0,2,-1,
*,2292,23,21716,-595,674,0,2,-1,
*,2292,23,21716,-838,831,0,2,-1,
*,2292,24,21716,-838,-865,0,2,-1,
*,2292,24,21716,-595,-1022,0,2,-1,
*,2292,24,21716,-1088,-1036,0,2,-1,
*,2292,24,21716,-602,-714,0,2,-1,
*,2292,24,21716,-1064,-686,0,2,-1,
*,2292,24,21716,-1064,1010,0,2,-1,
*,2292,24,21716,-602,982,0,2,-1,
*,2292,24,21716,-1088,660,0,2,-1,
*,2292,24,21716,-595,674,0,2,-1,
*,2292,24,21716,-838,831,0,2,-1,
*,2292,25,21717,-1064,1010,0,2,-1,
*,2292,25,21717,-602,982,0,2,-1,
*,2292,25,21717,-1088,660,0,2,-1,
*,2292,25,21717,-595,674,0,2,-1,
*,2292,25,21717,-838,831,0,2,-1,
*,2292,25,21717,734,831,0,2,-1,
*,2292,25,21717,976,674,0,2,-1,
*,2292,25,21717,484,660,0,2,-1,
*,2292,25,21717,969,982,0,2,-1,
*,2292,25,21717,507,1010,0,2,-1,
*,2292,26,21717,-1064,1010,0,2,-1,
*,2292,26,21717,-602,982,0,2,-1,
*,2292,26,21717,-1088,660,0,2,-1,
*,2292,26,21717,-595,674,0,2,-1,
*,2292,26,21717,-838,831,0,2,-1,
*,2292,26,21717,734,831,0,2,-1,
*,2292,26,21717,976,674,0,2,-1,
*,2292,26,21717,484,660,0,2,-1,
*,2292,26,21717,969,982,0,2,-1,
*,2292,26,21717,507,1010,0,2,-1,
*,2292,27,21717,-1064,1010,0,2,-1,
*,2292,27,21717,-602,982,0,2,-1,
*,2292,27,21717,-1088,660,0,2,-1,
*,2292,27,21717,-595,674,0,2,-1,
*,2292,27,21717,-838,831,0,2,-1,
*,2292,27,21717,734,831,0,2,-1,
*,2292,27,21717,976,674,0,2,-1,
*,2292,27,21717,484,660,0,2,-1,
*,2292,27,21717,969,982,0,2,-1,
*,2292,27,21717,507,1010,0,2,-1,
*,2292,28,21717,-1064,1010,0,2,-1,
*,2292,28,21717,-602,982,0,2,-1,
*,2292,28,21717,-1088,660,0,2,-1,
*,2292,28,21717,-595,674,0,2,-1,
*,2292,28,21717,-838,831,0,2,-1,
*,2292,28,21717,734,831,0,2,-1,
*,2292,28,21717,976,674,0,2,-1,
*,2292,28,21717,484,660,0,2,-1,
*,2292,28,21717,969,982,0,2,-1,
*,2292,28,21717,507,1010,0,2,-1,
*,2293,1,21721,495,-1045,0,2,-1,
*,2293,1,21721,987,-1031,0,2,-1,
*,2293,1,21721,745,-874,0,2,-1,
*,2293,1,21721,518,-695,0,2,-1,
*,2293,1,21721,981,-724,0,2,-1,
*,2293,1,21721,-1027,-1045,0,2,-1,
*,2293,1,21721,-535,-1031,0,2,-1,
*,2293,1,21721,-777,-874,0,2,-1,
*,2293,1,21721,-1004,-695,0,2,-1,
*,2293,1,21721,-541,-724,0,2,-1,
*,2293,1,21721,-541,980,0,2,-1,
*,2293,1,21721,-1004,1009,0,2,-1,
*,2293,1,21721,-777,829,0,2,-1,
*,2293,1,21721,-535,672,0,2,-1,
*,2293,1,21721,-1027,658,0,2,-1,
*,2293,2,21721,495,-1045,0,2,-1,
*,2293,2,21721,987,-1031,0,2,-1,
*,2293,2,21721,745,-874,0,2,-1,
*,2293,2,21721,518,-695,0,2,-1,
*,2293,2,21721,981,-724,0,2,-1,
*,2293,2,21721,-1027,-1045,0,2,-1,
*,2293,2,21721,-535,-1031,0,2,-1,
*,2293,2,21721,-777,-874,0,2,-1,
*,2293,2,21721,-1004,-695,0,2,-1,
*,2293,2,21721,-541,-724,0,2,-1,
*,2293,2,21721,-541,980,0,2,-1,
*,2293,2,21721,-1004,1009,0,2,-1,
*,2293,2,21721,-777,829,0,2,-1,
*,2293,2,21721,-535,672,0,2,-1,
*,2293,2,21721,-1027,658,0,2,-1,
*,2293,3,21721,495,-1045,0,2,-1,
*,2293,3,21721,987,-1031,0,2,-1,
*,2293,3,21721,745,-874,0,2,-1,
*,2293,3,21721,518,-695,0,2,-1,
*,2293,3,21721,981,-724,0,2,-1,
*,2293,3,21721,-1027,-1045,0,2,-1,
*,2293,3,21721,-535,-1031,0,2,-1,
*,2293,3,21721,-777,-874,0,2,-1,
*,2293,3,21721,-1004,-695,0,2,-1,
*,2293,3,21721,-541,-724,0,2,-1,
*,2293,3,21721,-541,980,0,2,-1,
*,2293,3,21721,-1004,1009,0,2,-1,
*,2293,3,21721,-777,829,0,2,-1,
*,2293,3,21721,-535,672,0,2,-1,
*,2293,3,21721,-1027,658,0,2,-1,
*,2293,4,21721,495,-1045,0,2,-1,
*,2293,4,21721,987,-1031,0,2,-1,
*,2293,4,21721,745,-874,0,2,-1,
*,2293,4,21721,518,-695,0,2,-1,
*,2293,4,21721,981,-724,0,2,-1,
*,2293,4,21721,-1027,-1045,0,2,-1,
*,2293,4,21721,-535,-1031,0,2,-1,
*,2293,4,21721,-777,-874,0,2,-1,
*,2293,4,21721,-1004,-695,0,2,-1,
*,2293,4,21721,-541,-724,0,2,-1,
*,2293,4,21721,-541,980,0,2,-1,
*,2293,4,21721,-1004,1009,0,2,-1,
*,2293,4,21721,-777,829,0,2,-1,
*,2293,4,21721,-535,672,0,2,-1,
*,2293,4,21721,-1027,658,0,2,-1,
*,2293,5,21722,-1027,-1045,0,2,-1,
*,2293,5,21722,-535,-1031,0,2,-1,
*,2293,5,21722,-777,-874,0,2,-1,
*,2293,5,21722,-1004,-695,0,2,-1,
*,2293,5,21722,-541,-724,0,2,-1,
*,2293,5,21722,-541,983,0,2,-1,
*,2293,5,21722,-1004,1012,0,2,-1,
*,2293,5,21722,-777,833,0,2,-1,
*,2293,5,21722,-535,676,0,2,-1,
*,2293,5,21722,-1027,662,0,2,-1,
*,2293,5,21722,442,662,0,2,-1,
*,2293,5,21722,935,676,0,2,-1,
*,2293,5,21722,692,833,0,2,-1,
*,2293,5,21722,466,1012,0,2,-1,
*,2293,5,21722,928,983,0,2,-1,
*,2293,6,21722,-1027,-1045,0,2,-1,
*,2293,6,21722,-535,-1031,0,2,-1,
*,2293,6,21722,-777,-874,0,2,-1,
*,2293,6,21722,-1004,-695,0,2,-1,
*,2293,6,21722,-541,-724,0,2,-1,
*,2293,6,21722,-541,983,0,2,-1,
*,2293,6,21722,-1004,1012,0,2,-1,
*,2293,6,21722,-777,833,0,2,-1,
*,2293,6,21722,-535,676,0,2,-1,
*,2293,6,21722,-1027,662,0,2,-1,
*,2293,6,21722,442,662,0,2,-1,
*,2293,6,21722,935,676,0,2,-1,
*,2293,6,21722,692,833,0,2,-1,
*,2293,6,21722,466,1012,0,2,-1,
*,2293,6,21722,928,983,0,2,-1,
*,2293,7,21722,-1027,-1045,0,2,-1,
*,2293,7,21722,-535,-1031,0,2,-1,
*,2293,7,21722,-777,-874,0,2,-1,
*,2293,7,21722,-1004,-695,0,2,-1,
*,2293,7,21722,-541,-724,0,2,-1,
*,2293,7,21722,-541,983,0,2,-1,
*,2293,7,21722,-1004,1012,0,2,-1,
*,2293,7,21722,-777,833,0,2,-1,
*,2293,7,21722,-535,676,0,2,-1,
*,2293,7,21722,-1027,662,0,2,-1,
*,2293,7,21722,442,662,0,2,-1,
*,2293,7,21722,935,676,0,2,-1,
*,2293,7,21722,692,833,0,2,-1,
*,2293,7,21722,466,1012,0,2,-1,
*,2293,7,21722,928,983,0,2,-1,
*,2293,8,21722,-1027,-1045,0,2,-1,
*,2293,8,21722,-535,-1031,0,2,-1,
*,2293,8,21722,-777,-874,0,2,-1,
*,2293,8,21722,-1004,-695,0,2,-1,
*,2293,8,21722,-541,-724,0,2,-1,
*,2293,8,21722,-541,983,0,2,-1,
*,2293,8,21722,-1004,1012,0,2,-1,
*,2293,8,21722,-777,833,0,2,-1,
*,2293,8,21722,-535,676,0,2,-1,
*,2293,8,21722,-1027,662,0,2,-1,
*,2293,8,21722,442,662,0,2,-1,
*,2293,8,21722,935,676,0,2,-1,
*,2293,8,21722,692,833,0,2,-1,
*,2293,8,21722,466,1012,0,2,-1,
*,2293,8,21722,928,983,0,2,-1,
*,2293,9,21723,-541,983,0,2,-1,
*,2293,9,21723,-1004,1012,0,2,-1,
*,2293,9,21723,-777,833,0,2,-1,
*,2293,9,21723,-535,676,0,2,-1,
*,2293,9,21723,-1027,662,0,2,-1,
*,2293,9,21723,449,662,0,2,-1,
*,2293,9,21723,942,676,0,2,-1,
*,2293,9,21723,699,833,0,2,-1,
*,2293,9,21723,473,1012,0,2,-1,
*,2293,9,21723,935,983,0,2,-1,
*,2293,9,21723,967,-716,0,2,-1,
*,2293,9,21723,504,-687,0,2,-1,
*,2293,9,21723,731,-866,0,2,-1,
*,2293,9,21723,973,-1023,0,2,-1,
*,2293,9,21723,481,-1037,0,2,-1,
*,2293,10,21723,-541,983,0,2,-1,
*,2293,10,21723,-1004,1012,0,2,-1,
*,2293,10,21723,-777,833,0,2,-1,
*,2293,10,21723,-535,676,0,2,-1,
*,2293,10,21723,-1027,662,0,2,-1,
*,2293,10,21723,449,662,0,2,-1,
*,2293,10,21723,942,676,0,2,-1,
*,2293,10,21723,699,833,0,2,-1,
*,2293,10,21723,473,1012,0,2,-1,
*,2293,10,21723,935,983,0,2,-1,
*,2293,10,21723,967,-716,0,2,-1,
*,2293,10,21723,504,-687,0,2,-1,
*,2293,10,21723,731,-866,0,2,-1,
*,2293,10,21723,973,-1023,0,2,-1,
*,2293,10,21723,481,-1037,0,2,-1,
*,2293,11,21723,-541,983,0,2,-1,
*,2293,11,21723,-1004,1012,0,2,-1,
*,2293,11,21723,-777,833,0,2,-1,
*,2293,11,21723,-535,676,0,2,-1,
*,2293,11,21723,-1027,662,0,2,-1,
*,2293,11,21723,449,662,0,2,-1,
*,2293,11,21723,942,676,0,2,-1,
*,2293,11,21723,699,833,0,2,-1,
*,2293,11,21723,473,1012,0,2,-1,
*,2293,11,21723,935,983,0,2,-1,
*,2293,11,21723,967,-716,0,2,-1,
*,2293,11,21723,504,-687,0,2,-1,
*,2293,11,21723,731,-866,0,2,-1,
*,2293,11,21723,973,-1023,0,2,-1,
*,2293,11,21723,481,-1037,0,2,-1,
*,2293,12,21723,-541,983,0,2,-1,
*,2293,12,21723,-1004,1012,0,2,-1,
*,2293,12,21723,-777,833,0,2,-1,
*,2293,12,21723,-535,676,0,2,-1,
*,2293,12,21723,-1027,662,0,2,-1,
*,2293,12,21723,449,662,0,2,-1,
*,2293,12,21723,942,676,0,2,-1,
*,2293,12,21723,699,833,0,2,-1,
*,2293,12,21723,473,1012,0,2,-1,
*,2293,12,21723,935,983,0,2,-1,
*,2293,12,21723,967,-716,0,2,-1,
*,2293,12,21723,504,-687,0,2,-1,
*,2293,12,21723,731,-866,0,2,-1,
*,2293,12,21723,973,-1023,0,2,-1,
*,2293,12,21723,481,-1037,0,2,-1,
*,2293,13,21724,941,983,0,2,-1,
*,2293,13,21724,479,1012,0,2,-1,
*,2293,13,21724,705,833,0,2,-1,
*,2293,13,21724,948,676,0,2,-1,
*,2293,13,21724,455,662,0,2,-1,
*,2293,13,21724,518,-1036,0,2,-1,
*,2293,13,21724,1011,-1022,0,2,-1,
*,2293,13,21724,768,-865,0,2,-1,
*,2293,13,21724,542,-686,0,2,-1,
*,2293,13,21724,1004,-714,0,2,-1,
*,2293,13,21724,-547,-714,0,2,-1,
*,2293,13,21724,-1009,-686,0,2,-1,
*,2293,13,21724,-783,-865,0,2,-1,
*,2293,13,21724,-540,-1022,0,2,-1,
*,2293,13,21724,-1033,-1036,0,2,-1,
*,2293,14,21724,941,983,0,2,-1,
*,2293,14,21724,479,1012,0,2,-1,
*,2293,14,21724,705,833,0,2,-1,
*,2293,14,21724,948,676,0,2,-1,
*,2293,14,21724,455,662,0,2,-1,
*,2293,14,21724,518,-1036,0,2,-1,
*,2293,14,21724,1011,-1022,0,2,-1,
*,2293,14,21724,768,-865,0,2,-1,
*,2293,14,21724,542,-686,0,2,-1,
*,2293,14,21724,1004,-714,0,2,-1,
*,2293,14,21724,-547,-714,0,2,-1,
*,2293,14,21724,-1009,-686,0,2,-1,
*,2293,14,21724,-783,-865,0,2,-1,
*,2293,14,21724,-540,-1022,0,2,-1,
*,2293,14,21724,-1033,-1036,0,2,-1,
*,2293,15,21724,941,983,0,2,-1,
*,2293,15,21724,479,1012,0,2,-1,
*,2293,15,21724,705,833,0,2,-1,
*,2293,15,21724,948,676,0,2,-1,
*,2293,15,21724,455,662,0,2,-1,
*,2293,15,21724,518,-1036,0,2,-1,
*,2293,15,21724,1011,-1022,0,2,-1,
*,2293,15,21724,768,-865,0,2,-1,
*,2293,15,21724,542,-686,0,2,-1,
*,2293,15,21724,1004,-714,0,2,-1,
*,2293,15,21724,-547,-714,0,2,-1,
*,2293,15,21724,-1009,-686,0,2,-1,
*,2293,15,21724,-783,-865,0,2,-1,
*,2293,15,21724,-540,-1022,0,2,-1,
*,2293,15,21724,-1033,-1036,0,2,-1,
*,2293,16,21724,941,983,0,2,-1,
*,2293,16,21724,479,1012,0,2,-1,
*,2293,16,21724,705,833,0,2,-1,
*,2293,16,21724,948,676,0,2,-1,
*,2293,16,21724,455,662,0,2,-1,
*,2293,16,21724,518,-1036,0,2,-1,
*,2293,16,21724,1011,-1022,0,2,-1,
*,2293,16,21724,768,-865,0,2,-1,
*,2293,16,21724,542,-686,0,2,-1,
*,2293,16,21724,1004,-714,0,2,-1,
*,2293,16,21724,-547,-714,0,2,-1,
*,2293,16,21724,-1009,-686,0,2,-1,
*,2293,16,21724,-783,-865,0,2,-1,
*,2293,16,21724,-540,-1022,0,2,-1,
*,2293,16,21724,-1033,-1036,0,2,-1,
*,2293,17,21725,518,-1036,0,2,-1,
*,2293,17,21725,1011,-1022,0,2,-1,
*,2293,17,21725,768,-865,0,2,-1,
*,2293,17,21725,542,-686,0,2,-1,
*,2293,17,21725,1004,-714,0,2,-1,
*,2293,17,21725,-550,-714,0,2,-1,
*,2293,17,21725,-1012,-686,0,2,-1,
*,2293,17,21725,-786,-865,0,2,-1,
*,2293,17,21725,-543,-1022,0,2,-1,
*,2293,17,21725,-1036,-1036,0,2,-1,
*,2293,17,21725,-1036,672,0,2,-1,
*,2293,17,21725,-543,686,0,2,-1,
*,2293,17,21725,-786,843,0,2,-1,
*,2293,17,21725,-1012,1023,0,2,-1,
*,2293,17,21725,-550,994,0,2,-1,
*,2293,18,21725,518,-1036,0,2,-1,
*,2293,18,21725,1011,-1022,0,2,-1,
*,2293,18,21725,768,-865,0,2,-1,
*,2293,18,21725,542,-686,0,2,-1,
*,2293,18,21725,1004,-714,0,2,-1,
*,2293,18,21725,-550,-714,0,2,-1,
*,2293,18,21725,-1012,-686,0,2,-1,
*,2293,18,21725,-786,-865,0,2,-1,
*,2293,18,21725,-543,-1022,0,2,-1,
*,2293,18,21725,-1036,-1036,0,2,-1,
*,2293,18,21725,-1036,672,0,2,-1,
*,2293,18,21725,-543,686,0,2,-1,
*,2293,18,21725,-786,843,0,2,-1,
*,2293,18,21725,-1012,1023,0,2,-1,
*,2293,18,21725,-550,994,0,2,-1,
*,2293,19,21725,518,-1036,0,2,-1,
*,2293,19,21725,1011,-1022,0,2,-1,
*,2293,19,21725,768,-865,0,2,-1,
*,2293,19,21725,542,-686,0,2,-1,
*,2293,19,21725,1004,-714,0,2,-1,
*,2293,19,21725,-550,-714,0,2,-1,
*,2293,19,21725,-1012,-686,0,2,-1,
*,2293,19,21725,-786,-865,0,2,-1,
*,2293,19,21725,-543,-1022,0,2,-1,
*,2293,19,21725,-1036,-1036,0,2,-1,
*,2293,19,21725,-1036,672,0,2,-1,
*,2293,19,21725,-543,686,0,2,-1,
*,2293,19,21725,-786,843,0,2,-1,
*,2293,19,21725,-1012,1023,0,2,-1,
*,2293,19,21725,-550,994,0,2,-1,
*,2293,20,21725,518,-1036,0,2,-1,
*,2293,20,21725,1011,-1022,0,2,-1,
*,2293,20,21725,768,-865,0,2,-1,
*,2293,20,21725,542,-686,0,2,-1,
*,2293,20,21725,1004,-714,0,2,-1,
*,2293,20,21725,-550,-714,0,2,-1,
*,2293,20,21725,-1012,-686,0,2,-1,
*,2293,20,21725,-786,-865,0,2,-1,
*,2293,20,21725,-543,-1022,0,2,-1,
*,2293,20,21725,-1036,-1036,0,2,-1,
*,2293,20,21725,-1036,672,0,2,-1,
*,2293,20,21725,-543,686,0,2,-1,
*,2293,20,21725,-786,843,0,2,-1,
*,2293,20,21725,-1012,1023,0,2,-1,
*,2293,20,21725,-550,994,0,2,-1,
*,2293,21,21726,-550,-714,0,2,-1,
*,2293,21,21726,-1012,-686,0,2,-1,
*,2293,21,21726,-786,-865,0,2,-1,
*,2293,21,21726,-543,-1022,0,2,-1,
*,2293,21,21726,-1036,-1036,0,2,-1,
*,2293,21,21726,-1036,681,0,2,-1,
*,2293,21,21726,-543,695,0,2,-1,
*,2293,21,21726,-786,852,0,2,-1,
*,2293,21,21726,-1012,1031,0,2,-1,
*,2293,21,21726,-550,1003,0,2,-1,
*,2293,21,21726,944,1003,0,2,-1,
*,2293,21,21726,482,1031,0,2,-1,
*,2293,21,21726,709,852,0,2,-1,
*,2293,21,21726,951,695,0,2,-1,
*,2293,21,21726,459,681,0,2,-1,
*,2293,22,21726,-550,-714,0,2,-1,
*,2293,22,21726,-1012,-686,0,2,-1,
*,2293,22,21726,-786,-865,0,2,-1,
*,2293,22,21726,-543,-1022,0,2,-1,
*,2293,22,21726,-1036,-1036,0,2,-1,
*,2293,22,21726,-1036,681,0,2,-1,
*,2293,22,21726,-543,695,0,2,-1,
*,2293,22,21726,-786,852,0,2,-1,
*,2293,22,21726,-1012,1031,0,2,-1,
*,2293,22,21726,-550,1003,0,2,-1,
*,2293,22,21726,944,1003,0,2,-1,
*,2293,22,21726,482,1031,0,2,-1,
*,2293,22,21726,709,852,0,2,-1,
*,2293,22,21726,951,695,0,2,-1,
*,2293,22,21726,459,681,0,2,-1,
*,2293,23,21726,-550,-714,0,2,-1,
*,2293,23,21726,-1012,-686,0,2,-1,
*,2293,23,21726,-786,-865,0,2,-1,
*,2293,23,21726,-543,-1022,0,2,-1,
*,2293,23,21726,-1036,-1036,0,2,-1,
*,2293,23,21726,-1036,681,0,2,-1,
*,2293,23,21726,-543,695,0,2,-1,
*,2293,23,21726,-786,852,0,2,-1,
*,2293,23,21726,-1012,1031,0,2,-1,
*,2293,23,21726,-550,1003,0,2,-1,
*,2293,23,21726,944,1003,0,2,-1,
*,2293,23,21726,482,1031,0,2,-1,
*,2293,23,21726,709,852,0,2,-1,
*,2293,23,21726,951,695,0,2,-1,
*,2293,23,21726,459,681,0,2,-1,
*,2293,24,21726,-550,-714,0,2,-1,
*,2293,24,21726,-1012,-686,0,2,-1,
*,2293,24,21726,-786,-865,0,2,-1,
*,2293,24,21726,-543,-1022,0,2,-1,
*,2293,24,21726,-1036,-1036,0,2,-1,
*,2293,24,21726,-1036,681,0,2,-1,
*,2293,24,21726,-543,695,0,2,-1,
*,2293,24,21726,-786,852,0,2,-1,
*,2293,24,21726,-1012,1031,0,2,-1,
*,2293,24,21726,-550,1003,0,2,-1,
*,2293,24,21726,944,1003,0,2,-1,
*,2293,24,21726,482,1031,0,2,-1,
*,2293,24,21726,709,852,0,2,-1,
*,2293,24,21726,951,695,0,2,-1,
*,2293,24,21726,459,681,0,2,-1,
*,2293,25,21727,-1036,681,0,2,-1,
*,2293,25,21727,-543,695,0,2,-1,
*,2293,25,21727,-786,852,0,2,-1,
*,2293,25,21727,-1012,1031,0,2,-1,
*,2293,25,21727,-550,1003,0,2,-1,
*,2293,25,21727,951,1003,0,2,-1,
*,2293,25,21727,489,1031,0,2,-1,
*,2293,25,21727,716,852,0,2,-1,
*,2293,25,21727,958,695,0,2,-1,
*,2293,25,21727,466,681,0,2,-1,
*,2293,25,21727,497,-1042,0,2,-1,
*,2293,25,21727,990,-1028,0,2,-1,
*,2293,25,21727,747,-871,0,2,-1,
*,2293,25,21727,521,-691,0,2,-1,
*,2293,25,21727,983,-720,0,2,-1,
*,2293,26,21727,-1036,681,0,2,-1,
*,2293,26,21727,-543,695,0,2,-1,
*,2293,26,21727,-786,852,0,2,-1,
*,2293,26,21727,-1012,1031,0,2,-1,
*,2293,26,21727,-550,1003,0,2,-1,
*,2293,26,21727,951,1003,0,2,-1,
*,2293,26,21727,489,1031,0,2,-1,
*,2293,26,21727,716,852,0,2,-1,
*,2293,26,21727,958,695,0,2,-1,
*,2293,26,21727,466,681,0,2,-1,
*,2293,26,21727,497,-1042,0,2,-1,
*,2293,26,21727,990,-1028,0,2,-1,
*,2293,26,21727,747,-871,0,2,-1,
*,2293,26,21727,521,-691,0,2,-1,
*,2293,26,21727,983,-720,0,2,-1,
*,2293,27,21727,-1036,681,0,2,-1,
*,2293,27,21727,-543,695,0,2,-1,
*,2293,27,21727,-786,852,0,2,-1,
*,2293,27,21727,-1012,1031,0,2,-1,
*,2293,27,21727,-550,1003,0,2,-1,
*,2293,27,21727,951,1003,0,2,-1,
*,2293,27,21727,489,1031,0,2,-1,
*,2293,27,21727,716,852,0,2,-1,
*,2293,27,21727,958,695,0,2,-1,
*,2293,27,21727,466,681,0,2,-1,
*,2293,27,21727,497,-1042,0,2,-1,
*,2293,27,21727,990,-1028,0,2,-1,
*,2293,27,21727,747,-871,0,2,-1,
*,2293,27,21727,521,-691,0,2,-1,
*,2293,27,21727,983,-720,0,2,-1,
*,2293,28,21727,-1036,681,0,2,-1,
*,2293,28,21727,-543,695,0,2,-1,
*,2293,28,21727,-786,852,0,2,-1,
*,2293,28,21727,-1012,1031,0,2,-1,
*,2293,28,21727,-550,1003,0,2,-1,
*,2293,28,21727,951,1003,0,2,-1,
*,2293,28,21727,489,1031,0,2,-1,
*,2293,28,21727,716,852,0,2,-1,
*,2293,28,21727,958,695,0,2,-1,
*,2293,28,21727,466,681,0,2,-1,
*,2293,28,21727,497,-1042,0,2,-1,
*,2293,28,21727,990,-1028,0,2,-1,
*,2293,28,21727,747,-871,0,2,-1,
*,2293,28,21727,521,-691,0,2,-1,
*,2293,28,21727,983,-720,0,2,-1,
*,2294,1,21731,495,-1045,0,2,-1,
*,2294,1,21731,987,-1031,0,2,-1,
*,2294,1,21731,745,-874,0,2,-1,
*,2294,1,21731,518,-695,0,2,-1,
*,2294,1,21731,981,-724,0,2,-1,
*,2294,1,21731,-1076,-1045,0,2,-1,
*,2294,1,21731,-583,-1031,0,2,-1,
*,2294,1,21731,-826,-874,0,2,-1,
*,2294,1,21731,-1052,-695,0,2,-1,
*,2294,1,21731,-590,-724,0,2,-1,
*,2294,1,21731,-590,991,0,2,-1,
*,2294,1,21731,-1052,1020,0,2,-1,
*,2294,1,21731,-826,840,0,2,-1,
*,2294,1,21731,-583,683,0,2,-1,
*,2294,1,21731,-1076,669,0,2,-1,
*,2294,1,21731,468,669,0,2,-1,
*,2294,1,21731,961,683,0,2,-1,
*,2294,1,21731,718,840,0,2,-1,
*,2294,1,21731,492,1020,0,2,-1,
*,2294,1,21731,954,991,0,2,-1,
*,2294,2,21731,495,-1045,0,2,-1,
*,2294,2,21731,987,-1031,0,2,-1,
*,2294,2,21731,745,-874,0,2,-1,
*,2294,2,21731,518,-695,0,2,-1,
*,2294,2,21731,981,-724,0,2,-1,
*,2294,2,21731,-1076,-1045,0,2,-1,
*,2294,2,21731,-583,-1031,0,2,-1,
*,2294,2,21731,-826,-874,0,2,-1,
*,2294,2,21731,-1052,-695,0,2,-1,
*,2294,2,21731,-590,-724,0,2,-1,
*,2294,2,21731,-590,991,0,2,-1,
*,2294,2,21731,-1052,1020,0,2,-1,
*,2294,2,21731,-826,840,0,2,-1,
*,2294,2,21731,-583,683,0,2,-1,
*,2294,2,21731,-1076,669,0,2,-1,
*,2294,2,21731,468,669,0,2,-1,
*,2294,2,21731,961,683,0,2,-1,
*,2294,2,21731,718,840,0,2,-1,
*,2294,2,21731,492,1020,0,2,-1,
*,2294,2,21731,954,991,0,2,-1,
*,2294,3,21731,495,-1045,0,2,-1,
*,2294,3,21731,987,-1031,0,2,-1,
*,2294,3,21731,745,-874,0,2,-1,
*,2294,3,21731,518,-695,0,2,-1,
*,2294,3,21731,981,-724,0,2,-1,
*,2294,3,21731,-1076,-1045,0,2,-1,
*,2294,3,21731,-583,-1031,0,2,-1,
*,2294,3,21731,-826,-874,0,2,-1,
*,2294,3,21731,-1052,-695,0,2,-1,
*,2294,3,21731,-590,-724,0,2,-1,
*,2294,3,21731,-590,991,0,2,-1,
*,2294,3,21731,-1052,1020,0,2,-1,
*,2294,3,21731,-826,840,0,2,-1,
*,2294,3,21731,-583,683,0,2,-1,
*,2294,3,21731,-1076,669,0,2,-1,
*,2294,3,21731,468,669,0,2,-1,
*,2294,3,21731,961,683,0,2,-1,
*,2294,3,21731,718,840,0,2,-1,
*,2294,3,21731,492,1020,0,2,-1,
*,2294,3,21731,954,991,0,2,-1,
*,2294,4,21731,495,-1045,0,2,-1,
*,2294,4,21731,987,-1031,0,2,-1,
*,2294,4,21731,745,-874,0,2,-1,
*,2294,4,21731,518,-695,0,2,-1,
*,2294,4,21731,981,-724,0,2,-1,
*,2294,4,21731,-1076,-1045,0,2,-1,
*,2294,4,21731,-583,-1031,0,2,-1,
*,2294,4,21731,-826,-874,0,2,-1,
*,2294,4,21731,-1052,-695,0,2,-1,
*,2294,4,21731,-590,-724,0,2,-1,
*,2294,4,21731,-590,991,0,2,-1,
*,2294,4,21731,-1052,1020,0,2,-1,
*,2294,4,21731,-826,840,0,2,-1,
*,2294,4,21731,-583,683,0,2,-1,
*,2294,4,21731,-1076,669,0,2,-1,
*,2294,4,21731,468,669,0,2,-1,
*,2294,4,21731,961,683,0,2,-1,
*,2294,4,21731,718,840,0,2,-1,
*,2294,4,21731,492,1020,0,2,-1,
*,2294,4,21731,954,991,0,2,-1,
*,2294,5,21732,495,-1045,0,2,-1,
*,2294,5,21732,987,-1031,0,2,-1,
*,2294,5,21732,745,-874,0,2,-1,
*,2294,5,21732,518,-695,0,2,-1,
*,2294,5,21732,981,-724,0,2,-1,
*,2294,5,21732,-1074,-1045,0,2,-1,
*,2294,5,21732,-582,-1031,0,2,-1,
*,2294,5,21732,-824,-874,0,2,-1,
*,2294,5,21732,-1050,-695,0,2,-1,
*,2294,5,21732,-588,-724,0,2,-1,
*,2294,5,21732,-588,992,0,2,-1,
*,2294,5,21732,-1050,1020,0,2,-1,
*,2294,5,21732,-824,841,0,2,-1,
*,2294,5,21732,-582,684,0,2,-1,
*,2294,5,21732,-1074,670,0,2,-1,
*,2294,5,21732,491,670,0,2,-1,
*,2294,5,21732,983,684,0,2,-1,
*,2294,5,21732,741,841,0,2,-1,
*,2294,5,21732,514,1020,0,2,-1,
*,2294,5,21732,976,992,0,2,-1,
*,2294,6,21732,495,-1045,0,2,-1,
*,2294,6,21732,987,-1031,0,2,-1,
*,2294,6,21732,745,-874,0,2,-1,
*,2294,6,21732,518,-695,0,2,-1,
*,2294,6,21732,981,-724,0,2,-1,
*,2294,6,21732,-1074,-1045,0,2,-1,
*,2294,6,21732,-582,-1031,0,2,-1,
*,2294,6,21732,-824,-874,0,2,-1,
*,2294,6,21732,-1050,-695,0,2,-1,
*,2294,6,21732,-588,-724,0,2,-1,
*,2294,6,21732,-588,992,0,2,-1,
*,2294,6,21732,-1050,1020,0,2,-1,
*,2294,6,21732,-824,841,0,2,-1,
*,2294,6,21732,-582,684,0,2,-1,
*,2294,6,21732,-1074,670,0,2,-1,
*,2294,6,21732,491,670,0,2,-1,
*,2294,6,21732,983,684,0,2,-1,
*,2294,6,21732,741,841,0,2,-1,
*,2294,6,21732,514,1020,0,2,-1,
*,2294,6,21732,976,992,0,2,-1,
*,2294,7,21732,495,-1045,0,2,-1,
*,2294,7,21732,987,-1031,0,2,-1,
*,2294,7,21732,745,-874,0,2,-1,
*,2294,7,21732,518,-695,0,2,-1,
*,2294,7,21732,981,-724,0,2,-1,
*,2294,7,21732,-1074,-1045,0,2,-1,
*,2294,7,21732,-582,-1031,0,2,-1,
*,2294,7,21732,-824,-874,0,2,-1,
*,2294,7,21732,-1050,-695,0,2,-1,
*,2294,7,21732,-588,-724,0,2,-1,
*,2294,7,21732,-588,992,0,2,-1,
*,2294,7,21732,-1050,1020,0,2,-1,
*,2294,7,21732,-824,841,0,2,-1,
*,2294,7,21732,-582,684,0,2,-1,
*,2294,7,21732,-1074,670,0,2,-1,
*,2294,7,21732,491,670,0,2,-1,
*,2294,7,21732,983,684,0,2,-1,
*,2294,7,21732,741,841,0,2,-1,
*,2294,7,21732,514,1020,0,2,-1,
*,2294,7,21732,976,992,0,2,-1,
*,2294,8,21732,495,-1045,0,2,-1,
*,2294,8,21732,987,-1031,0,2,-1,
*,2294,8,21732,745,-874,0,2,-1,
*,2294,8,21732,518,-695,0,2,-1,
*,2294,8,21732,981,-724,0,2,-1,
*,2294,8,21732,-1074,-1045,0,2,-1,
*,2294,8,21732,-582,-1031,0,2,-1,
*,2294,8,21732,-824,-874,0,2,-1,
*,2294,8,21732,-1050,-695,0,2,-1,
*,2294,8,21732,-588,-724,0,2,-1,
*,2294,8,21732,-588,992,0,2,-1,
*,2294,8,21732,-1050,1020,0,2,-1,
*,2294,8,21732,-824,841,0,2,-1,
*,2294,8,21732,-582,684,0,2,-1,
*,2294,8,21732,-1074,670,0,2,-1,
*,2294,8,21732,491,670,0,2,-1,
*,2294,8,21732,983,684,0,2,-1,
*,2294,8,21732,741,841,0,2,-1,
*,2294,8,21732,514,1020,0,2,-1,
*,2294,8,21732,976,992,0,2,-1,
*,2294,9,21733,495,-1045,0,2,-1,
*,2294,9,21733,987,-1031,0,2,-1,
*,2294,9,21733,745,-874,0,2,-1,
*,2294,9,21733,518,-695,0,2,-1,
*,2294,9,21733,981,-724,0,2,-1,
*,2294,9,21733,-1075,-1045,0,2,-1,
*,2294,9,21733,-582,-1031,0,2,-1,
*,2294,9,21733,-825,-874,0,2,-1,
*,2294,9,21733,-1051,-695,0,2,-1,
*,2294,9,21733,-589,-724,0,2,-1,
*,2294,9,21733,-589,997,0,2,-1,
*,2294,9,21733,-1051,1025,0,2,-1,
*,2294,9,21733,-825,846,0,2,-1,
*,2294,9,21733,-582,689,0,2,-1,
*,2294,9,21733,-1075,675,0,2,-1,
*,2294,9,21733,478,675,0,2,-1,
*,2294,9,21733,970,689,0,2,-1,
*,2294,9,21733,728,846,0,2,-1,
*,2294,9,21733,501,1025,0,2,-1,
*,2294,9,21733,963,997,0,2,-1,
*,2294,10,21733,495,-1045,0,2,-1,
*,2294,10,21733,987,-1031,0,2,-1,
*,2294,10,21733,745,-874,0,2,-1,
*,2294,10,21733,518,-695,0,2,-1,
*,2294,10,21733,981,-724,0,2,-1,
*,2294,10,21733,-1075,-1045,0,2,-1,
*,2294,10,21733,-582,-1031,0,2,-1,
*,2294,10,21733,-825,-874,0,2,-1,
*,2294,10,21733,-1051,-695,0,2,-1,
*,2294,10,21733,-589,-724,0,2,-1,
*,2294,10,21733,-589,997,0,2,-1,
*,2294,10,21733,-1051,1025,0,2,-1,
*,2294,10,21733,-825,846,0,2,-1,
*,2294,10,21733,-582,689,0,2,-1,
*,2294,10,21733,-1075,675,0,2,-1,
*,2294,10,21733,478,675,0,2,-1,
*,2294,10,21733,970,689,0,2,-1,
*,2294,10,21733,728,846,0,2,-1,
*,2294,10,21733,501,1025,0,2,-1,
*,2294,10,21733,963,997,0,2,-1,
*,2294,11,21733,495,-1045,0,2,-1,
*,2294,11,21733,987,-1031,0,2,-1,
*,2294,11,21733,745,-874,0,2,-1,
*,2294,11,21733,518,-695,0,2,-1,
*,2294,11,21733,981,-724,0,2,-1,
*,2294,11,21733,-1075,-1045,0,2,-1,
*,2294,11,21733,-582,-1031,0,2,-1,
*,2294,11,21733,-825,-874,0,2,-1,
*,2294,11,21733,-1051,-695,0,2,-1,
*,2294,11,21733,-589,-724,0,2,-1,
*,2294,11,21733,-589,997,0,2,-1,
*,2294,11,21733,-1051,1025,0,2,-1,
*,2294,11,21733,-825,846,0,2,-1,
*,2294,11,21733,-582,689,0,2,-1,
*,2294,11,21733,-1075,675,0,2,-1,
*,2294,11,21733,478,675,0,2,-1,
*,2294,11,21733,970,689,0,2,-1,
*,2294,11,21733,728,846,0,2,-1,
*,2294,11,21733,501,1025,0,2,-1,
*,2294,11,21733,963,997,0,2,-1,
*,2294,12,21733,495,-1045,0,2,-1,
*,2294,12,21733,987,-1031,0,2,-1,
*,2294,12,21733,745,-874,0,2,-1,
*,2294,12,21733,518,-695,0,2,-1,
*,2294,12,21733,981,-724,0,2,-1,
*,2294,12,21733,-1075,-1045,0,2,-1,
*,2294,12,21733,-582,-1031,0,2,-1,
*,2294,12,21733,-825,-874,0,2,-1,
*,2294,12,21733,-1051,-695,0,2,-1,
*,2294,12,21733,-589,-724,0,2,-1,
*,2294,12,21733,-589,997,0,2,-1,
*,2294,12,21733,-1051,1025,0,2,-1,
*,2294,12,21733,-825,846,0,2,-1,
*,2294,12,21733,-582,689,0,2,-1,
*,2294,12,21733,-1075,675,0,2,-1,
*,2294,12,21733,478,675,0,2,-1,
*,2294,12,21733,970,689,0,2,-1,
*,2294,12,21733,728,846,0,2,-1,
*,2294,12,21733,501,1025,0,2,-1,
*,2294,12,21733,963,997,0,2,-1,
*,2294,13,21734,495,-1045,0,2,-1,
*,2294,13,21734,987,-1031,0,2,-1,
*,2294,13,21734,745,-874,0,2,-1,
*,2294,13,21734,518,-695,0,2,-1,
*,2294,13,21734,981,-724,0,2,-1,
*,2294,13,21734,-1105,-1045,0,2,-1,
*,2294,13,21734,-612,-1031,0,2,-1,
*,2294,13,21734,-855,-874,0,2,-1,
*,2294,13,21734,-1081,-695,0,2,-1,
*,2294,13,21734,-619,-724,0,2,-1,
*,2294,13,21734,-619,989,0,2,-1,
*,2294,13,21734,-1081,1018,0,2,-1,
*,2294,13,21734,-855,839,0,2,-1,
*,2294,13,21734,-612,682,0,2,-1,
*,2294,13,21734,-1105,668,0,2,-1,
*,2294,13,21734,462,668,0,2,-1,
*,2294,13,21734,954,682,0,2,-1,
*,2294,13,21734,712,839,0,2,-1,
*,2294,13,21734,485,1018,0,2,-1,
*,2294,13,21734,948,989,0,2,-1,
*,2294,14,21734,495,-1045,0,2,-1,
*,2294,14,21734,987,-1031,0,2,-1,
*,2294,14,21734,745,-874,0,2,-1,
*,2294,14,21734,518,-695,0,2,-1,
*,2294,14,21734,981,-724,0,2,-1,
*,2294,14,21734,-1105,-1045,0,2,-1,
*,2294,14,21734,-612,-1031,0,2,-1,
*,2294,14,21734,-855,-874,0,2,-1,
*,2294,14,21734,-1081,-695,0,2,-1,
*,2294,14,21734,-619,-724,0,2,-1,
*,2294,14,21734,-619,989,0,2,-1,
*,2294,14,21734,-1081,1018,0,2,-1,
*,2294,14,21734,-855,839,0,2,-1,
*,2294,14,21734,-612,682,0,2,-1,
*,2294,14,21734,-1105,668,0,2,-1,
*,2294,14,21734,462,668,0,2,-1,
*,2294,14,21734,954,682,0,2,-1,
*,2294,14,21734,712,839,0,2,-1,
*,2294,14,21734,485,1018,0,2,-1,
*,2294,14,21734,948,989,0,2,-1,
*,2294,15,21734,495,-1045,0,2,-1,
*,2294,15,21734,987,-1031,0,2,-1,
*,2294,15,21734,745,-874,0,2,-1,
*,2294,15,21734,518,-695,0,2,-1,
*,2294,15,21734,981,-724,0,2,-1,
*,2294,15,21734,-1105,-1045,0,2,-1,
*,2294,15,21734,-612,-1031,0,2,-1,
*,2294,15,21734,-855,-874,0,2,-1,
*,2294,15,21734,-1081,-695,0,2,-1,
*,2294,15,21734,-619,-724,0,2,-1,
*,2294,15,21734,-619,989,0,2,-1,
*,2294,15,21734,-1081,1018,0,2,-1,
*,2294,15,21734,-855,839,0,2,-1,
*,2294,15,21734,-612,682,0,2,-1,
*,2294,15,21734,-1105,668,0,2,-1,
*,2294,15,21734,462,668,0,2,-1,
*,2294,15,21734,954,682,0,2,-1,
*,2294,15,21734,712,839,0,2,-1,
*,2294,15,21734,485,1018,0,2,-1,
*,2294,15,21734,948,989,0,2,-1,
*,2294,16,21734,495,-1045,0,2,-1,
*,2294,16,21734,987,-1031,0,2,-1,
*,2294,16,21734,745,-874,0,2,-1,
*,2294,16,21734,518,-695,0,2,-1,
*,2294,16,21734,981,-724,0,2,-1,
*,2294,16,21734,-1105,-1045,0,2,-1,
*,2294,16,21734,-612,-1031,0,2,-1,
*,2294,16,21734,-855,-874,0,2,-1,
*,2294,16,21734,-1081,-695,0,2,-1,
*,2294,16,21734,-619,-724,0,2,-1,
*,2294,16,21734,-619,989,0,2,-1,
*,2294,16,21734,-1081,1018,0,2,-1,
*,2294,16,21734,-855,839,0,2,-1,
*,2294,16,21734,-612,682,0,2,-1,
*,2294,16,21734,-1105,668,0,2,-1,
*,2294,16,21734,462,668,0,2,-1,
*,2294,16,21734,954,682,0,2,-1,
*,2294,16,21734,712,839,0,2,-1,
*,2294,16,21734,485,1018,0,2,-1,
*,2294,16,21734,948,989,0,2,-1,
*,2294,17,21735,495,-1045,0,2,-1,
*,2294,17,21735,987,-1031,0,2,-1,
*,2294,17,21735,745,-874,0,2,-1,
*,2294,17,21735,518,-695,0,2,-1,
*,2294,17,21735,981,-724,0,2,-1,
*,2294,17,21735,-1114,-1045,0,2,-1,
*,2294,17,21735,-622,-1031,0,2,-1,
*,2294,17,21735,-864,-874,0,2,-1,
*,2294,17,21735,-1091,-695,0,2,-1,
*,2294,17,21735,-628,-724,0,2,-1,
*,2294,17,21735,-628,996,0,2,-1,
*,2294,17,21735,-1091,1024,0,2,-1,
*,2294,17,21735,-864,845,0,2,-1,
*,2294,17,21735,-622,688,0,2,-1,
*,2294,17,21735,-1114,674,0,2,-1,
*,2294,17,21735,506,674,0,2,-1,
*,2294,17,21735,998,688,0,2,-1,
*,2294,17,21735,756,845,0,2,-1,
*,2294,17,21735,529,1024,0,2,-1,
*,2294,17,21735,991,996,0,2,-1,
*,2294,18,21735,495,-1045,0,2,-1,
*,2294,18,21735,987,-1031,0,2,-1,
*,2294,18,21735,745,-874,0,2,-1,
*,2294,18,21735,518,-695,0,2,-1,
*,2294,18,21735,981,-724,0,2,-1,
*,2294,18,21735,-1114,-1045,0,2,-1,
*,2294,18,21735,-622,-1031,0,2,-1,
*,2294,18,21735,-864,-874,0,2,-1,
*,2294,18,21735,-1091,-695,0,2,-1,
*,2294,18,21735,-628,-724,0,2,-1,
*,2294,18,21735,-628,996,0,2,-1,
*,2294,18,21735,-1091,1024,0,2,-1,
*,2294,18,21735,-864,845,0,2,-1,
*,2294,18,21735,-622,688,0,2,-1,
*,2294,18,21735,-1114,674,0,2,-1,
*,2294,18,21735,506,674,0,2,-1,
*,2294,18,21735,998,688,0,2,-1,
*,2294,18,21735,756,845,0,2,-1,
*,2294,18,21735,529,1024,0,2,-1,
*,2294,18,21735,991,996,0,2,-1,
*,2294,19,21735,495,-1045,0,2,-1,
*,2294,19,21735,987,-1031,0,2,-1,
*,2294,19,21735,745,-874,0,2,-1,
*,2294,19,21735,518,-695,0,2,-1,
*,2294,19,21735,981,-724,0,2,-1,
*,2294,19,21735,-1114,-1045,0,2,-1,
*,2294,19,21735,-622,-1031,0,2,-1,
*,2294,19,21735,-864,-874,0,2,-1,
*,2294,19,21735,-1091,-695,0,2,-1,
*,2294,19,21735,-628,-724,0,2,-1,
*,2294,19,21735,-628,996,0,2,-1,
*,2294,19,21735,-1091,1024,0,2,-1,
*,2294,19,21735,-864,845,0,2,-1,
*,2294,19,21735,-622,688,0,2,-1,
*,2294,19,21735,-1114,674,0,2,-1,
*,2294,19,21735,506,674,0,2,-1,
*,2294,19,21735,998,688,0,2,-1,
*,2294,19,21735,756,845,0,2,-1,
*,2294,19,21735,529,1024,0,2,-1,
*,2294,19,21735,991,996,0,2,-1,
*,2294,20,21735,495,-1045,0,2,-1,
*,2294,20,21735,987,-1031,0,2,-1,
*,2294,20,21735,745,-874,0,2,-1,
*,2294,20,21735,518,-695,0,2,-1,
*,2294,20,21735,981,-724,0,2,-1,
*,2294,20,21735,-1114,-1045,0,2,-1,
*,2294,20,21735,-622,-1031,0,2,-1,
*,2294,20,21735,-864,-874,0,2,-1,
*,2294,20,21735,-1091,-695,0,2,-1,
*,2294,20,21735,-628,-724,0,2,-1,
*,2294,20,21735,-628,996,0,2,-1,
*,2294,20,21735,-1091,1024,0,2,-1,
*,2294,20,21735,-864,845,0,2,-1,
*,2294,20,21735,-622,688,0,2,-1,
*,2294,20,21735,-1114,674,0,2,-1,
*,2294,20,21735,506,674,0,2,-1,
*,2294,20,21735,998,688,0,2,-1,
*,2294,20,21735,756,845,0,2,-1,
*,2294,20,21735,529,1024,0,2,-1,
*,2294,20,21735,991,996,0,2,-1,
*,2294,21,21736,495,-1045,0,2,-1,
*,2294,21,21736,987,-1031,0,2,-1,
*,2294,21,21736,745,-874,0,2,-1,
*,2294,21,21736,518,-695,0,2,-1,
*,2294,21,21736,981,-724,0,2,-1,
*,2294,21,21736,-1094,-1045,0,2,-1,
*,2294,21,21736,-602,-1031,0,2,-1,
*,2294,21,21736,-844,-874,0,2,-1,
*,2294,21,21736,-1071,-695,0,2,-1,
*,2294,21,21736,-609,-724,0,2,-1,
*,2294,21,21736,-609,983,0,2,-1,
*,2294,21,21736,-1071,1011,0,2,-1,
*,2294,21,21736,-844,832,0,2,-1,
*,2294,21,21736,-602,675,0,2,-1,
*,2294,21,21736,-1094,661,0,2,-1,
*,2294,21,21736,493,661,0,2,-1,
*,2294,21,21736,985,675,0,2,-1,
*,2294,21,21736,743,832,0,2,-1,
*,2294,21,21736,516,1011,0,2,-1,
*,2294,21,21736,979,983,0,2,-1,
*,2294,22,21736,495,-1045,0,2,-1,
*,2294,22,21736,987,-1031,0,2,-1,
*,2294,22,21736,745,-874,0,2,-1,
*,2294,22,21736,518,-695,0,2,-1,
*,2294,22,21736,981,-724,0,2,-1,
*,2294,22,21736,-1094,-1045,0,2,-1,
*,2294,22,21736,-602,-1031,0,2,-1,
*,2294,22,21736,-844,-874,0,2,-1,
*,2294,22,21736,-1071,-695,0,2,-1,
*,2294,22,21736,-609,-724,0,2,-1,
*,2294,22,21736,-609,983,0,2,-1,
*,2294,22,21736,-1071,1011,0,2,-1,
*,2294,22,21736,-844,832,0,2,-1,
*,2294,22,21736,-602,675,0,2,-1,
*,2294,22,21736,-1094,661,0,2,-1,
*,2294,22,21736,493,661,0,2,-1,
*,2294,22,21736,985,675,0,2,-1,
*,2294,22,21736,743,832,0,2,-1,
*,2294,22,21736,516,1011,0,2,-1,
*,2294,22,21736,979,983,0,2,-1,
*,2294,23,21736,495,-1045,0,2,-1,
*,2294,23,21736,987,-1031,0,2,-1,
*,2294,23,21736,745,-874,0,2,-1,
*,2294,23,21736,518,-695,0,2,-1,
*,2294,23,21736,981,-724,0,2,-1,
*,2294,23,21736,-1094,-1045,0,2,-1,
*,2294,23,21736,-602,-1031,0,2,-1,
*,2294,23,21736,-844,-874,0,2,-1,
*,2294,23,21736,-1071,-695,0,2,-1,
*,2294,23,21736,-609,-724,0,2,-1,
*,2294,23,21736,-609,983,0,2,-1,
*,2294,23,21736,-1071,1011,0,2,-1,
*,2294,23,21736,-844,832,0,2,-1,
*,2294,23,21736,-602,675,0,2,-1,
*,2294,23,21736,-1094,661,0,2,-1,
*,2294,23,21736,493,661,0,2,-1,
*,2294,23,21736,985,675,0,2,-1,
*,2294,23,21736,743,832,0,2,-1,
*,2294,23,21736,516,1011,0,2,-1,
*,2294,23,21736,979,983,0,2,-1,
*,2294,24,21736,495,-1045,0,2,-1,
*,2294,24,21736,987,-1031,0,2,-1,
*,2294,24,21736,745,-874,0,2,-1,
*,2294,24,21736,518,-695,0,2,-1,
*,2294,24,21736,981,-724,0,2,-1,
*,2294,24,21736,-1094,-1045,0,2,-1,
*,2294,24,21736,-602,-1031,0,2,-1,
*,2294,24,21736,-844,-874,0,2,-1,
*,2294,24,21736,-1071,-695,0,2,-1,
*,2294,24,21736,-609,-724,0,2,-1,
*,2294,24,21736,-609,983,0,2,-1,
*,2294,24,21736,-1071,1011,0,2,-1,
*,2294,24,21736,-844,832,0,2,-1,
*,2294,24,21736,-602,675,0,2,-1,
*,2294,24,21736,-1094,661,0,2,-1,
*,2294,24,21736,493,661,0,2,-1,
*,2294,24,21736,985,675,0,2,-1,
*,2294,24,21736,743,832,0,2,-1,
*,2294,24,21736,516,1011,0,2,-1,
*,2294,24,21736,979,983,0,2,-1,
*,2294,25,21737,495,-1045,0,2,-1,
*,2294,25,21737,987,-1031,0,2,-1,
*,2294,25,21737,745,-874,0,2,-1,
*,2294,25,21737,518,-695,0,2,-1,
*,2294,25,21737,981,-724,0,2,-1,
*,2294,25,21737,-1099,-1045,0,2,-1,
*,2294,25,21737,-606,-1031,0,2,-1,
*,2294,25,21737,-849,-874,0,2,-1,
*,2294,25,21737,-1075,-695,0,2,-1,
*,2294,25,21737,-613,-724,0,2,-1,
*,2294,25,21737,-613,995,0,2,-1,
*,2294,25,21737,-1075,1024,0,2,-1,
*,2294,25,21737,-849,844,0,2,-1,
*,2294,25,21737,-606,687,0,2,-1,
*,2294,25,21737,-1099,673,0,2,-1,
*,2294,25,21737,486,673,0,2,-1,
*,2294,25,21737,978,687,0,2,-1,
*,2294,25,21737,736,844,0,2,-1,
*,2294,25,21737,509,1024,0,2,-1,
*,2294,25,21737,971,995,0,2,-1,
*,2294,26,21737,495,-1045,0,2,-1,
*,2294,26,21737,987,-1031,0,2,-1,
*,2294,26,21737,745,-874,0,2,-1,
*,2294,26,21737,518,-695,0,2,-1,
*,2294,26,21737,981,-724,0,2,-1,
*,2294,26,21737,-1099,-1045,0,2,-1,
*,2294,26,21737,-606,-1031,0,2,-1,
*,2294,26,21737,-849,-874,0,2,-1,
*,2294,26,21737,-1075,-695,0,2,-1,
*,2294,26,21737,-613,-724,0,2,-1,
*,2294,26,21737,-613,995,0,2,-1,
*,2294,26,21737,-1075,1024,0,2,-1,
*,2294,26,21737,-849,844,0,2,-1,
*,2294,26,21737,-606,687,0,2,-1,
*,2294,26,21737,-1099,673,0,2,-1,
*,2294,26,21737,486,673,0,2,-1,
*,2294,26,21737,978,687,0,2,-1,
*,2294,26,21737,736,844,0,2,-1,
*,2294,26,21737,509,1024,0,2,-1,
*,2294,26,21737,971,995,0,2,-1,
*,2294,27,21737,495,-1045,0,2,-1,
*,2294,27,21737,987,-1031,0,2,-1,
*,2294,27,21737,745,-874,0,2,-1,
*,2294,27,21737,518,-695,0,2,-1,
*,2294,27,21737,981,-724,0,2,-1,
*,2294,27,21737,-1099,-1045,0,2,-1,
*,2294,27,21737,-606,-1031,0,2,-1,
*,2294,27,21737,-849,-874,0,2,-1,
*,2294,27,21737,-1075,-695,0,2,-1,
*,2294,27,21737,-613,-724,0,2,-1,
*,2294,27,21737,-613,995,0,2,-1,
*,2294,27,21737,-1075,1024,0,2,-1,
*,2294,27,21737,-849,844,0,2,-1,
*,2294,27,21737,-606,687,0,2,-1,
*,2294,27,21737,-1099,673,0,2,-1,
*,2294,27,21737,486,673,0,2,-1,
*,2294,27,21737,978,687,0,2,-1,
*,2294,27,21737,736,844,0,2,-1,
*,2294,27,21737,509,1024,0,2,-1,
*,2294,27,21737,971,995,0,2,-1,
*,2294,28,21737,495,-1045,0,2,-1,
*,2294,28,21737,987,-1031,0,2,-1,
*,2294,28,21737,745,-874,0,2,-1,
*,2294,28,21737,518,-695,0,2,-1,
*,2294,28,21737,981,-724,0,2,-1,
*,2294,28,21737,-1099,-1045,0,2,-1,
*,2294,28,21737,-606,-1031,0,2,-1,
*,2294,28,21737,-849,-874,0,2,-1,
*,2294,28,21737,-1075,-695,0,2,-1,
*,2294,28,21737,-613,-724,0,2,-1,
*,2294,28,21737,-613,995,0,2,-1,
*,2294,28,21737,-1075,1024,0,2,-1,
*,2294,28,21737,-849,844,0,2,-1,
*,2294,28,21737,-606,687,0,2,-1,
*,2294,28,21737,-1099,673,0,2,-1,
*,2294,28,21737,486,673,0,2,-1,
*,2294,28,21737,978,687,0,2,-1,
*,2294,28,21737,736,844,0,2,-1,
*,2294,28,21737,509,1024,0,2,-1,
*,2294,28,21737,971,995,0,2,-1,
*,3001,1,90009,-2578,16075,0,0,-1,
*,3001,1,90009,-1858,15140,0,0,-1,
*,3001,1,90009,-3910,15569,0,0,-1,
*,3001,1,90009,-4887,14935,0,0,-1,
*,3001,1,90009,-3332,14935,0,0,-1,
*,3001,2,90002,-10869,17894,0,0,-1,
*,3001,2,90002,-8574,17894,0,0,-1,
*,3001,2,90002,-10260,17523,0,0,-1,
*,3001,2,90002,-11359,17523,0,0,-1,
*,3001,2,90002,-11758,16907,0,0,-1,
*,3001,3,90002,-18229,10362,0,0,-1,
*,3001,3,90002,-17490,11030,0,0,-1,
*,3001,3,90002,-19797,10342,0,0,-1,
*,3001,3,90002,-19797,12857,0,0,-1,
*,3001,3,90002,-20940,12857,0,0,-1,
*,3001,4,90003,-26411,9419,0,0,-1,
*,3001,4,90003,-25919,7590,0,0,-1,
*,3001,4,90003,-26280,6600,0,0,-1,
*,3001,4,90003,-25569,8590,0,0,-1,
*,3001,4,90003,-25196,6950,0,0,-1,
*,3001,5,90004,-22245,-2556,0,0,-1,
*,3001,5,90004,-21454,-3199,0,0,-1,
*,3001,5,90004,-20758,-4034,0,0,-1,
*,3001,5,90004,-20670,-3127,0,0,-1,
*,3001,5,90004,-21254,-2684,0,0,-1,
*,3001,6,90005,-12757,-13552,0,0,-1,
*,3001,6,90005,-11650,-15163,0,0,-1,
*,3001,6,90005,-12409,-15163,0,0,-1,
*,3001,6,90005,-12760,-15901,0,0,-1,
*,3001,6,90005,-10651,-15376,0,0,-1,
*,3001,7,90001,0,-24710,0,0,-1,
*,3001,7,90001,1041,-24650,0,0,-1,
*,3001,7,90001,1734,-24250,0,0,-1,
*,3001,7,90001,0,-23960,0,0,-1,
*,3001,7,90001,1164,-24160,0,0,-1,
*,3001,8,90006,15445,-32862,0,0,-1,
*,3001,8,90006,16190,-33411,0,0,-1,
*,3001,8,90006,16190,-32616,0,0,-1,
*,3001,8,90006,16924,-32989,0,0,-1,
*,3001,8,90006,15998,-32989,0,0,-1,
*,3001,9,90007,16119,-17609,0,0,-1,
*,3001,9,90007,14799,-17231,0,0,-1,
*,3001,9,90007,15473,-17955,0,0,-1,
*,3001,9,90007,15473,-16858,0,0,-1,
*,3001,9,90007,15946,-17231,0,0,-1,
*,3001,10,90007,28545,-9800,0,0,-1,
*,3001,10,90007,28072,-11159,0,0,-1,
*,3001,10,90007,27398,-8130,0,0,-1,
*,3001,10,90007,28718,-6120,0,0,-1,
*,3001,10,90007,28072,-6880,0,0,-1,
*,3001,11,90008,5839,-1795,0,0,-1,
*,3001,11,90008,5839,-972,0,0,-1,
*,3001,11,90008,4979,-1497,0,0,-1,
*,3001,11,90008,4979,-814,0,0,-1,
*,3001,11,90008,5429,-1371,0,0,-1,
*,3001,12,90008,27113,8137,0,0,-1,
*,3001,12,90008,26702,8560,0,0,-1,
*,3001,12,90008,26253,9118,0,0,-1,
*,3001,12,90008,26253,8435,0,0,-1,
*,3001,12,90008,27113,8960,0,0,-1,
*,3001,13,90009,13061,23733,0,0,-1,
*,3001,13,90009,11896,23733,0,0,-1,
*,3001,13,90009,12441,24518,0,0,-1,
*,3001,13,90009,13810,24518,0,0,-1,
*,3001,13,90009,13056,24923,0,0,-1,
*,301,1,11101,1474,-1865,0,0,-1,
*,301,1,11101,2111,-2166,0,0,-1,
*,301,1,11102,1865,-1703,0,0,-1,
*,301,2,11201,-2131,-2089,0,0,-1,
*,301,2,11201,-2418,-1740,0,0,-1,
*,301,2,11202,-1605,-1865,0,0,-1,
*,301,2,11202,-1361,-2285,0,0,-1,
*,301,3,11301,-1930,767,0,0,-1,
*,301,3,11302,-2229,649,0,0,-1,
*,301,3,11302,-2317,815,0,0,-1,
*,301,3,11303,-2087,1007,0,0,-1,
*,302,1,12101,436,0,0,2,-1,
*,302,1,12101,436,420,0,2,-1,
*,302,1,12101,436,-288,0,2,-1,
*,302,1,12101,-511,-288,0,2,-1,
*,302,1,12101,-511,0,0,2,-1,
*,302,1,12101,-511,391,0,2,-1,
*,302,2,12201,-1507,-263,0,2,-1,
*,302,2,12201,-1507,248,0,2,-1,
*,302,2,12201,-1507,0,0,2,-1,
*,302,2,12201,1429,0,0,2,-1,
*,302,2,12201,1435,155,0,2,-1,
*,302,2,12201,1452,324,0,2,-1,
*,302,3,12301,-1327,0,0,2,-1,
*,302,3,12301,-1327,238,0,2,-1,
*,302,3,12301,-1327,-250,0,2,-1,
*,302,3,12301,1649,0,0,2,-1,
*,302,3,12301,1649,240,0,2,-1,
*,302,3,12301,1649,-220,0,2,-1,
*,302,4,12401,325,-99,0,2,-1,
*,302,4,12401,325,71,0,2,-1,
*,302,4,12401,-376,-99,0,2,-1,
*,302,4,12401,-376,71,0,2,-1,
*,302,4,12402,0,0,0,0,-1,
*,303,1,3002,372,-1603,0,0,-1,
*,303,1,3002,-170,-1603,0,0,-1,
*,303,1,3002,187,-1400,0,0,-1,
*,303,1,3002,-39,-1400,0,0,-1,
*,303,1,3002,-39,-2028,0,0,-1,
*,303,1,3002,240,-2028,0,0,-1,
*,303,2,13102,313,-2554,0,0,-1,
*,303,2,13102,-30,-2554,0,0,-1,
*,303,2,13102,1315,-1914,0,0,-1,
*,303,2,13102,1315,-1633,0,0,-1,
*,303,2,13102,-1044,-1914,0,0,-1,
*,303,2,13102,-1044,-1633,0,0,-1,
*,303,3,13103,-116,-946,0,0,-1,
*,303,3,13103,433,-946,0,0,-1,
*,303,3,13103,433,-2329,0,0,-1,
*,303,3,13103,-128,-2329,0,0,-1,
*,303,3,13103,-718,-2106,0,0,-1,
*,303,3,13103,916,-2082,0,0,-1,
*,303,4,13101,125,-1713,0,0,-1,
*,303,4,13102,458,-1869,0,0,-1,
*,303,4,13103,-128,-1903,0,0,-1,
*,304,1,4001,262,0,0,0,-1,
*,304,1,4001,-231,0,0,0,-1,
*,304,1,4001,-32,185,0,0,-1,
*,304,1,4001,-32,-356,0,0,-1,
*,304,1,4001,114,209,0,0,-1,
*,304,1,4001,-181,209,0,0,-1,
*,304,1,4001,-181,-377,0,0,-1,
*,304,1,4001,109,-377,0,0,-1,
*,304,2,14102,1027,-719,0,0,-1,
*,304,2,14102,-990,-719,0,0,-1,
*,304,2,14102,-990,933,0,0,-1,
*,304,2,14102,880,933,0,0,-1,
*,304,2,14102,-24,933,0,0,-1,
*,304,2,14102,-24,-899,0,0,-1,
*,304,2,14102,1124,3,0,0,-1,
*,304,2,14102,-1084,3,0,0,-1,
*,304,3,14103,-488,-449,0,0,-1,
*,304,3,14103,502,-449,0,0,-1,
*,304,3,14103,502,442,0,0,-1,
*,304,3,14103,-481,442,0,0,-1,
*,304,3,14103,-846,-27,0,0,-1,
*,304,3,14103,813,-27,0,0,-1,
*,304,3,14103,-10,-750,0,0,-1,
*,304,3,14103,-10,700,0,0,-1,
*,304,4,14101,0,0,0,0,-1,
*,304,4,14102,-301,-268,0,0,-1,
*,304,4,14102,250,153,0,0,-1,
*,304,4,14103,252,-268,0,0,-1,
*,304,4,14103,-307,175,0,0,-1,
*,305,1,15101,-248,-5343,0,0,-1,
*,305,1,15101,-2646,-5603,0,0,-1,
*,305,1,15101,-3069,-5997,0,0,-1,
*,305,1,15101,-3069,-5196,0,0,-1,
*,305,1,15101,-248,-5886,0,0,-1,
*,305,1,15101,60,-5043,0,0,-1,
*,305,1,15101,-510,-4939,0,0,-1,
*,305,1,15101,-2739,-5117,0,0,-1,
*,305,2,15201,-101,-5200,0,0,-1,
*,305,2,15201,-469,-5653,0,0,-1,
*,305,2,15201,516,-5581,0,0,-1,
*,305,2,15201,-101,-5815,0,0,-1,
*,305,2,15201,-2631,-5815,0,0,-1,
*,305,2,15201,-3114,-5557,0,0,-1,
*,305,2,15201,-2612,-5417,0,0,-1,
*,305,2,15201,-2547,-4999,0,0,-1,
*,305,3,15101,-341,-5196,0,0,-1,
*,305,3,15101,-150,-5684,0,0,-1,
*,305,3,15101,-655,-5486,0,0,-1,
*,305,3,15201,-2937,-5815,0,0,-1,
*,305,3,15201,-2937,-5317,0,0,-1,
*,305,3,15201,-2259,-5621,0,0,-1,
*,305,3,15301,-1503,-5409,0,0,-1,
*,306,1,15201,-75,-4666,0,0,-1,
*,306,1,15201,-1365,-4666,0,0,-1,
*,306,1,15201,-1365,-4176,0,0,-1,
*,306,1,15201,727,-4176,0,0,-1,
*,306,1,15201,727,-4987,0,0,-1,
*,306,1,15201,-507,-4958,0,0,-1,
*,306,1,15201,308,-3857,0,0,-1,
*,306,1,15201,-87,-3091,0,0,-1,
*,306,1,15201,-87,-5720,0,0,-1,
*,306,2,15201,124,-824,0,0,-1,
*,306,2,15201,-1301,-172,0,0,-1,
*,306,2,15201,-713,-1395,0,0,-1,
*,306,2,15201,468,-403,0,0,-1,
*,306,2,15201,903,-1293,0,0,-1,
*,306,2,15201,903,1847,0,0,-1,
*,306,2,15201,-1054,1847,0,0,-1,
*,306,2,15201,-19,1158,0,0,-1,
*,306,2,15201,127,1849,0,0,-1,
*,306,2,15201,1307,1442,0,0,-1,
*,306,3,15201,-662,6957,0,0,-1,
*,306,3,15201,736,7552,0,0,-1,
*,306,3,15201,736,6145,0,0,-1,
*,306,3,15201,-997,6145,0,0,-1,
*,306,3,15201,737,4619,0,0,-1,
*,306,3,15201,-910,4619,0,0,-1,
*,306,3,15301,339,6957,0,0,-1,
*,312,1,11501,1166,-2149,0,0,-1,
*,312,1,11501,1163,-1658,0,0,-1,
*,312,1,11502,735,-1877,0,0,-1,
*,312,1,11502,648,-2182,0,0,-1,
*,312,2,11601,626,0,0,0,-1,
*,312,2,11602,691,-340,0,0,-1,
*,312,2,11603,0,0,0,0,-1,
*,401,1,61101,3460,-620,0,2,-1,
*,401,1,61101,3531,-361,0,2,-1,
*,401,1,61101,3583,52,0,2,-1,
*,401,1,61101,3669,-739,0,2,-1,
*,401,1,61101,3575,-880,0,2,-1,
*,401,2,61102,3460,-620,0,2,-1,
*,401,2,61102,3531,-361,0,2,-1,
*,401,2,61102,3583,52,0,2,-1,
*,401,2,61102,3669,-739,0,2,-1,
*,401,2,61102,3575,-880,0,2,-1,
*,402,1,61201,461,-1289,0,2,-1,
*,402,1,61201,52,-1095,0,2,-1,
*,402,1,61201,335,-851,0,2,-1,
*,402,1,61201,-86,-1388,0,2,-1,
*,402,1,61201,256,-1091,0,2,-1,
*,402,2,61202,461,-1289,0,2,-1,
*,402,2,61202,52,-1095,0,2,-1,
*,402,2,61202,335,-851,0,2,-1,
*,402,2,61202,-86,-1388,0,2,-1,
*,402,2,61202,256,-1091,0,2,-1,
*,402,3,61203,461,-1289,0,2,-1,
*,402,3,61203,52,-1095,0,2,-1,
*,402,3,61203,335,-851,0,2,-1,
*,402,3,61203,-86,-1388,0,2,-1,
*,402,3,61203,256,-1091,0,2,-1,
*,403,1,61301,-4500,675,0,2,-1,
*,403,1,61301,-4435,941,0,2,-1,
*,403,1,61301,-4630,925,0,2,-1,
*,403,1,61301,-4575,1215,0,2,-1,
*,403,1,61301,-4728,1071,0,2,-1,
*,403,1,61301,-4319,1201,0,2,-1,
*,403,2,61302,-4500,675,0,2,-1,
*,403,2,61302,-4435,941,0,2,-1,
*,403,2,61302,-4630,925,0,2,-1,
*,403,2,61302,-4575,1215,0,2,-1,
*,403,2,61302,-4728,1071,0,2,-1,
*,403,2,61302,-4319,1201,0,2,-1,
*,403,3,61303,-4500,675,0,2,-1,
*,403,3,61303,-4435,941,0,2,-1,
*,403,3,61303,-4630,925,0,2,-1,
*,403,3,61303,-4575,1215,0,2,-1,
*,403,3,61303,-4728,1071,0,2,-1,
*,403,3,61303,-4319,1201,0,2,-1,
*,404,1,61401,-400,1700,0,2,-1,
*,404,1,61401,-400,1500,0,2,-1,
*,404,1,61401,-400,1300,0,2,-1,
*,404,1,61401,-400,1100,0,2,-1,
*,404,1,61401,-400,900,0,2,-1,
*,404,1,61401,-400,700,0,2,-1,
*,404,2,61402,-300,4600,0,2,-1,
*,404,2,61402,-100,4600,0,2,-1,
*,404,2,61402,-500,4600,0,2,-1,
*,404,2,61402,-700,4600,0,2,-1,
*,404,2,61402,100,4600,0,2,-1,
*,404,2,61402,300,4600,0,2,-1,
*,404,3,61403,3300,3000,0,2,-1,
*,404,3,61403,3100,3000,0,2,-1,
*,404,3,61403,2900,3000,0,2,-1,
*,404,3,61403,3500,3000,0,2,-1,
*,404,3,61403,3700,3000,0,2,-1,
*,404,3,61403,2700,3000,0,2,-1,
*,405,1,62101,336,-285,0,2,-1,
*,405,1,62101,557,101,0,2,-1,
*,405,1,62101,288,377,0,2,-1,
*,405,1,62102,-384,-305,0,2,-1,
*,405,1,62102,-581,86,0,2,-1,
*,405,1,62102,-359,377,0,2,-1,
*,405,2,62103,92,-367,-93,2,-1,
*,405,2,62103,480,-348,-93,2,-1,
*,405,2,62103,539,-67,-93,2,-1,
*,405,2,62104,-479,185,-93,2,-1,
*,405,2,62104,-497,511,-93,2,-1,
*,405,2,62104,-179,530,-93,2,-1,
*,405,3,62107,-32,-369,-93,2,-1,
*,405,3,62105,283,-229,-93,2,-1,
*,405,3,62105,-260,-270,-93,2,-1,
*,405,3,62106,-325,188,-93,2,-1,
*,405,3,62106,-7,378,-93,2,-1,
*,405,3,62106,367,249,-93,2,-1,
*,406,1,62201,4278,-2273,0,2,-1,
*,406,1,62201,3949,-2666,0,2,-1,
*,406,1,62201,4236,-2875,0,2,-1,
*,406,1,62201,4593,-2755,0,2,-1,
*,406,1,62202,4593,-1696,0,2,-1,
*,406,1,62202,4241,-1389,0,2,-1,
*,406,1,62202,4618,-1358,0,2,-1,
*,406,1,62202,3966,-1558,0,2,-1,
*,406,2,62203,1180,832,0,2,-1,
*,406,2,62203,851,438,0,2,-1,
*,406,2,62203,1138,230,0,2,-1,
*,406,2,62203,1495,349,0,2,-1,
*,406,2,62204,1747,624,0,2,-1,
*,406,2,62204,2399,824,0,2,-1,
*,406,2,62204,2022,793,0,2,-1,
*,406,2,62204,2374,486,0,2,-1,
*,406,3,62205,2949,4141,0,2,-1,
*,406,3,62205,2620,3748,0,2,-1,
*,406,3,62205,2906,3540,0,2,-1,
*,406,3,62205,3264,3659,0,2,-1,
*,406,3,62206,2626,4035,0,2,-1,
*,406,3,62206,3003,4066,0,2,-1,
*,406,3,62206,2979,3728,0,2,-1,
*,406,3,62206,2352,3865,0,2,-1,
*,406,3,62207,2993,3865,0,2,-1,
*,407,1,62301,-1618,-5786,0,2,-1,
*,407,1,62301,-849,-5489,0,0,-1,
*,407,1,62301,-2438,-5489,0,2,-1,
*,407,1,62302,-1147,-5241,0,2,-1,
*,407,1,62302,-2246,-5241,0,2,-1,
*,407,1,62302,-1668,-5000,0,2,-1,
*,407,2,62303,-1618,-5786,0,2,-1,
*,407,2,62303,-849,-5489,0,2,-1,
*,407,2,62303,-2438,-5489,0,2,-1,
*,407,2,62304,-1147,-5241,0,2,-1,
*,407,2,62304,-2246,-5241,0,2,-1,
*,407,2,62304,-1668,-5000,0,2,-1,
*,407,3,62303,-1618,-5786,0,2,-1,
*,407,3,62303,-849,-5489,0,2,-1,
*,407,3,62303,-2438,-5489,0,2,-1,
*,407,3,62304,-1147,-5241,0,2,-1,
*,407,3,62304,-2246,-5241,0,2,-1,
*,407,3,62304,-1668,-5000,0,2,-1,
*,407,3,62305,-1668,-5586,0,2,-1,
*,408,1,62401,619,-4179,0,2,-1,
*,408,1,62401,461,-3959,0,2,-1,
*,408,1,62401,97,-4179,0,2,-1,
*,408,1,62401,-272,-4472,0,2,-1,
*,408,1,62401,249,-4781,0,2,-1,
*,408,2,62402,-1905,12,0,2,-1,
*,408,2,62402,-2097,-152,0,2,-1,
*,408,2,62402,-2504,262,0,2,-1,
*,408,2,62402,-2531,-3,0,2,-1,
*,408,2,62402,-2687,-231,0,2,-1,
*,408,3,62403,1131,2811,0,2,-1,
*,408,3,62403,973,2507,0,2,-1,
*,408,3,62403,737,2659,0,2,-1,
*,408,3,62403,883,2370,0,2,-1,
*,408,3,62403,760,3070,0,2,-1,
*,408,4,62404,3530,12,0,2,-1,
*,408,4,62404,3338,-152,0,2,-1,
*,408,4,62404,2931,262,0,2,-1,
*,408,4,62404,2904,-3,0,2,-1,
*,408,4,62404,2748,-231,0,2,-1,
*,408,5,62405,978,448,0,2,-1,
*,408,5,62406,464,2277,0,2,-1,
*,408,5,62405,1882,497,0,2,-1,
*,408,5,62405,875,2240,0,2,-1,
*,408,5,62406,1783,1890,0,2,-1,
*,408,5,62406,973,808,0,2,-1,
*,408,5,62407,973,808,0,2,-1,
*,409,1,63101,993,-176,0,2,-1,
*,409,1,63101,723,-176,0,2,-1,
*,409,1,63101,447,-176,0,2,-1,
*,409,1,63102,312,38,0,2,-1,
*,409,1,63102,1148,38,0,2,-1,
*,409,1,63102,741,38,0,2,-1,
*,409,2,63103,993,-309,0,2,-1,
*,409,2,63103,723,-309,0,2,-1,
*,409,2,63103,447,-309,0,2,-1,
*,409,2,63104,312,-94,0,2,-1,
*,409,2,63104,1148,-94,0,2,-1,
*,409,2,63104,741,-94,0,2,-1,
*,409,3,63105,993,-309,0,2,-1,
*,409,3,63105,723,-309,0,2,-1,
*,409,3,63105,447,-309,0,2,-1,
*,409,3,63106,312,-94,0,2,-1,
*,409,3,63106,1148,-94,0,2,-1,
*,409,3,63106,741,-94,0,2,-1,
*,409,3,63107,741,164,0,2,-1,
*,410,1,63201,0,-2137,-17999,2,-1,
*,410,1,63201,1265,-2137,18000,2,-1,
*,410,1,63201,394,-2463,18000,2,-1,
*,410,1,63201,876,-2463,18000,2,-1,
*,410,1,63201,655,-2009,18000,2,-1,
*,410,2,63202,1686,536,-17999,2,-1,
*,410,2,63202,2065,1008,18000,2,-1,
*,410,2,63202,2107,-825,18000,2,-1,
*,410,2,63202,1734,-580,18000,2,-1,
*,410,2,63202,2107,315,18000,2,-1,
*,410,3,63203,578,2155,-17999,2,-1,
*,410,3,63203,1265,1974,18000,2,-1,
*,410,3,63203,2261,2885,18000,2,-1,
*,410,3,63203,2020,2452,18000,2,-1,
*,410,3,63203,690,1756,18000,2,-1,
*,410,4,63204,-921,2544,-17999,2,-1,
*,410,4,63204,-1426,2040,18000,2,-1,
*,410,4,63204,-461,2136,18000,2,-1,
*,410,4,63204,-873,1664,18000,2,-1,
*,410,4,63204,-1569,1591,18000,2,-1,
*,410,5,63205,-702,403,0,2,-1,
*,410,5,63205,-100,-705,0,2,-1,
*,410,5,63205,598,-402,0,2,-1,
*,410,5,63206,-18,719,0,2,-1,
*,410,5,63207,-675,-351,0,2,-1,
*,410,5,63206,654,485,0,2,-1,
*,410,5,63206,654,485,0,2,-1,
*,411,1,63301,-512,-5776,0,2,-1,
*,411,1,63301,-2669,-5776,0,2,-1,
*,411,1,63301,-1526,-5776,0,2,-1,
*,411,1,63302,-1526,-5214,0,2,-1,
*,411,1,63302,-929,-5214,0,2,-1,
*,411,1,63302,-2178,-5214,0,2,-1,
*,411,2,63303,-917,-5840,0,2,-1,
*,411,2,63303,-703,-5561,0,2,-1,
*,411,2,63303,-369,-5282,0,2,-1,
*,411,2,63304,-2178,-5826,0,2,-1,
*,411,2,63304,-2535,-5563,0,2,-1,
*,411,2,63304,-2964,-5309,0,2,-1,
*,411,3,63305,-673,-5061,0,2,-1,
*,411,3,63305,-673,-5818,0,2,-1,
*,411,3,63305,-220,-5488,0,2,-1,
*,411,3,63306,-2375,-5141,0,2,-1,
*,411,3,63306,-2375,-5799,0,2,-1,
*,411,3,63306,-2834,-5531,0,2,-1,
*,411,3,63307,-1591,-5531,0,2,-1,
*,412,1,63401,2662,3708,0,2,-1,
*,412,1,63401,3318,3708,0,2,-1,
*,412,1,63401,3318,2887,0,2,-1,
*,412,1,63401,2930,3241,0,2,-1,
*,412,1,63401,2662,2900,0,2,-1,
*,412,2,63402,1286,1694,0,2,-1,
*,412,2,63402,799,1080,0,2,-1,
*,412,2,63402,2404,1694,0,2,-1,
*,412,2,63402,1286,574,0,2,-1,
*,412,2,63402,2509,574,0,2,-1,
*,412,3,63403,344,-1755,0,2,-1,
*,412,3,63403,216,-3267,0,2,-1,
*,412,3,63403,-43,-1755,0,2,-1,
*,412,3,63403,-711,-3007,0,2,-1,
*,412,3,63403,-711,-2703,0,2,-1,
*,412,4,63404,-3157,435,0,2,-1,
*,412,4,63404,-2784,682,0,2,-1,
*,412,4,63404,-3359,682,0,2,-1,
*,412,4,63404,-3225,1760,0,2,-1,
*,412,4,63404,-3414,1678,0,2,-1,
*,412,5,63405,-32,4398,0,2,-1,
*,412,5,63405,-506,4398,0,2,-1,
*,412,5,63405,-927,4398,0,2,-1,
*,412,5,63406,-960,4871,0,2,-1,
*,412,5,63406,-88,4871,0,2,-1,
*,412,5,63406,-520,4873,0,2,-1,
*,412,5,63407,-520,5153,0,2,-1,
*,701,1,700101,303,530,0,0,-1,
*,701,1,700101,-476,0,0,0,-1,
*,701,1,700101,-476,-554,0,0,-1,
*,701,1,700101,375,-5,0,0,-1,
*,701,1,700101,-441,530,0,0,-1,
*,701,1,700101,-20,-468,0,0,-1,
*,701,1,700101,375,-554,0,0,-1,
*,701,1,700101,375,-5,0,0,-1,
*,701,1,700101,0,530,0,0,-1,
*,702,1,700201,0,433,0,0,-1,
*,702,1,700201,-493,433,0,0,-1,
*,702,1,700201,395,433,0,0,-1,
*,702,1,700201,295,-442,0,0,-1,
*,702,1,700201,-190,-442,0,0,-1,
*,702,1,700201,-694,-51,0,0,-1,
*,702,1,700201,641,-51,0,0,-1,
*,702,1,700201,75,-655,0,0,-1,
*,702,1,700201,-8,671,0,0,-1,
*,703,1,700301,605,0,0,0,-1,
*,703,1,700301,-480,0,0,0,-1,
*,703,1,700301,605,374,0,0,-1,
*,703,1,700301,-489,374,0,0,-1,
*,703,1,700301,-71,471,0,0,-1,
*,703,1,700301,579,-304,0,0,-1,
*,703,1,700301,333,-304,0,0,-1,
*,703,1,700301,-480,-281,0,0,-1,
*,703,1,700301,39,-17,0,0,-1,
*,704,1,700401,0,389,0,0,-1,
*,704,1,700401,291,0,0,0,-1,
*,704,1,700401,10,-404,0,0,-1,
*,704,1,700401,-334,-3,0,0,-1,
*,704,1,700401,-334,-578,0,0,-1,
*,704,1,700401,-334,602,0,0,-1,
*,704,1,700401,-334,602,0,0,-1,
*,704,1,700401,317,602,0,0,-1,
*,704,1,700401,317,-553,0,0,-1,
*,705,1,700501,0,0,0,0,-1,
*,706,1,700601,-350,399,0,0,-1,
*,706,1,700601,341,399,0,0,-1,
*,706,1,700601,-347,-366,0,0,-1,
*,706,1,700601,397,-366,0,0,-1,
*,706,1,700601,569,-53,0,0,-1,
*,706,1,700601,-642,-53,0,0,-1,
*,706,1,700601,-642,-539,0,0,-1,
*,706,1,700601,569,-489,0,0,-1,
*,706,1,700601,47,-489,0,0,-1,
*,707,1,700701,-502,0,0,0,-1,
*,707,1,700701,531,0,0,0,-1,
*,707,1,700701,531,427,0,0,-1,
*,707,1,700701,-473,427,0,0,-1,
*,707,1,700701,-473,-503,0,0,-1,
*,707,1,700701,509,-503,0,0,-1,
*,707,1,700701,295,7,0,0,-1,
*,707,1,700701,-173,-21,0,0,-1,
*,707,1,700701,-173,-558,0,0,-1,
*,708,1,700801,0,440,0,0,-1,
*,708,1,700801,489,440,0,0,-1,
*,708,1,700801,489,102,0,0,-1,
*,708,1,700801,14,102,0,0,-1,
*,708,1,700801,14,-325,0,0,-1,
*,708,1,700801,-453,-325,0,0,-1,
*,708,1,700801,-453,-713,0,0,-1,
*,708,1,700801,-9,-713,0,0,-1,
*,708,1,700801,359,-713,0,0,-1,
*,709,1,700901,-427,0,0,0,-1,
*,709,1,700901,0,512,0,0,-1,
*,709,1,700901,-427,-469,0,0,-1,
*,709,1,700901,377,40,0,0,-1,
*,709,1,700901,377,-366,0,0,-1,
*,709,1,700901,602,210,0,0,-1,
*,709,1,700902,-118,-86,0,0,-1,
*,709,1,700902,200,-86,0,0,-1,
*,709,1,700902,-308,375,0,0,-1,
*,710,1,701001,0,-518,0,0,-1,
*,710,1,701001,-672,-243,0,0,-1,
*,710,1,701001,580,-243,0,0,-1,
*,710,1,701002,0,0,0,0,-1,
*,711,1,701101,-367,325,0,0,-1,
*,711,1,701101,-48,325,0,0,-1,
*,711,1,701101,220,325,0,0,-1,
*,711,1,701101,416,59,0,0,-1,
*,711,1,701101,-524,59,0,0,-1,
*,711,1,701102,0,-462,0,0,-1,
*,711,1,701102,-275,-462,0,0,-1,
*,711,1,701102,226,-462,0,0,-1,
*,711,1,701102,379,-276,0,0,-1,
*,712,1,701201,453,378,0,0,-1,
*,712,1,701201,-635,-246,0,0,-1,
*,712,1,701201,-635,339,0,0,-1,
*,712,1,701201,453,-148,0,0,-1,
*,712,1,701201,35,-381,0,0,-1,
*,712,1,701201,-95,533,0,0,-1,
*,712,1,701202,-278,27,0,0,-1,
*,712,1,701202,237,27,0,0,-1,
*,712,1,701202,-24,27,0,0,-1,
*,713,1,701301,-195,-336,0,0,-1,
*,713,1,701301,302,-336,0,0,-1,
*,713,1,701301,302,265,0,0,-1,
*,713,1,701301,-197,265,0,0,-1,
*,713,1,701301,651,265,0,0,-1,
*,713,1,701302,39,283,0,0,-1,
*,713,1,701302,-524,283,0,0,-1,
*,713,1,701302,54,-323,0,0,-1,
*,713,1,701302,575,-323,0,0,-1,
*,714,1,701401,0,0,0,0,-1,
*,714,1,701401,-733,0,0,0,-1,
*,714,1,701401,634,0,0,0,-1,
*,714,1,701401,258,327,0,0,-1,
*,714,1,701401,-237,-369,0,0,-1,
*,714,1,701401,461,-585,0,0,-1,
*,714,1,701402,-302,0,0,0,-1,
*,714,1,701402,368,0,0,0,-1,
*,714,1,701402,-492,374,0,0,-1,
*,715,1,701501,244,-400,0,0,-1,
*,715,1,701501,626,0,0,0,-1,
*,715,1,701501,405,484,0,0,-1,
*,715,1,701502,0,0,0,0,-1,
*,716,1,701601,-302,0,0,0,-1,
*,716,1,701601,276,0,0,0,-1,
*,716,1,701601,518,359,0,0,-1,
*,716,1,701601,-562,-332,0,0,-1,
*,716,1,701602,0,-292,0,0,-1,
*,716,1,701602,0,341,0,0,-1,
*,716,1,701602,-339,570,0,0,-1,
*,716,1,701602,492,-292,0,0,-1,
*,716,1,701602,-638,25,0,0,-1,
*,717,1,701701,-380,294,0,0,-1,
*,717,1,701701,356,294,0,0,-1,
*,717,1,701701,356,-389,0,0,-1,
*,717,1,701701,579,-389,0,0,-1,
*,717,1,701701,-276,-389,0,0,-1,
*,717,1,701702,0,0,0,0,-1,
*,717,1,701702,-566,0,0,0,-1,
*,717,1,701702,526,0,0,0,-1,
*,717,1,701702,-27,515,0,0,-1,
*,718,1,701801,-155,-14,0,0,-1,
*,718,1,701801,149,-14,0,0,-1,
*,718,1,701801,149,293,0,0,-1,
*,718,1,701802,0,264,0,0,-1,
*,718,1,701802,-509,-420,0,0,-1,
*,718,1,701802,537,-420,0,0,-1,
*,718,1,701802,180,-594,0,0,-1,
*,718,1,701802,-91,-618,0,0,-1,
*,718,1,701802,-546,284,0,0,-1,
*,719,1,701901,-300,363,0,0,-1,
*,719,1,701901,-353,-278,0,0,-1,
*,719,1,701901,0,558,0,0,-1,
*,719,1,701901,0,-529,0,0,-1,
*,719,1,701901,403,0,0,0,-1,
*,719,1,701901,-300,363,0,0,-1,
*,719,1,701901,-300,363,0,0,-1,
*,719,1,701901,-300,363,0,0,-1,
*,719,1,701901,-300,363,0,0,-1,
*,720,1,702001,-428,0,0,0,-1,
*,720,1,702001,361,30,0,0,-1,
*,720,1,702001,-10,453,0,0,-1,
*,720,1,702002,0,0,0,0,-1,
*,721,1,702101,-402,-501,0,0,-1,
*,721,1,702101,302,-420,0,0,-1,
*,721,1,702101,0,-624,0,0,-1,
*,721,1,702101,522,0,0,0,-1,
*,721,1,702101,0,440,0,0,-1,
*,721,1,702101,-553,0,0,0,-1,
*,721,1,702102,281,0,0,0,-1,
*,721,1,702102,0,-209,0,0,-1,
*,721,1,702102,-283,0,0,0,-1,
*,722,1,702201,-449,0,0,0,-1,
*,722,1,702201,-203,-661,0,0,-1,
*,722,1,702201,369,-661,0,0,-1,
*,722,1,702201,369,382,0,0,-1,
*,722,1,702201,640,-81,0,0,-1,
*,722,1,702201,-453,526,0,0,-1,
*,722,1,702202,0,0,0,0,-1,
*,722,1,702202,342,-294,0,0,-1,
*,722,1,702202,-579,-294,0,0,-1,
*,723,1,702301,-580,0,0,0,-1,
*,723,1,702301,483,636,0,0,-1,
*,723,1,702301,483,-475,0,0,-1,
*,723,1,702301,-559,-475,0,0,-1,
*,723,1,702301,639,119,0,0,-1,
*,723,1,702301,-497,491,0,0,-1,
*,723,1,702302,111,526,0,0,-1,
*,723,1,702302,-62,-602,0,0,-1,
*,723,1,702302,625,-250,0,0,-1,
*,724,1,702401,645,0,0,0,-1,
*,724,1,702401,403,468,0,0,-1,
*,724,1,702401,-522,-348,0,0,-1,
*,724,1,702401,225,-749,0,0,-1,
*,724,1,702401,-573,334,0,0,-1,
*,724,1,702401,434,-568,0,0,-1,
*,724,1,702402,361,0,0,0,-1,
*,724,1,702402,109,232,0,0,-1,
*,724,1,702402,109,-281,0,0,-1,
*,725,1,702501,-443,0,0,0,-1,
*,725,1,702501,577,235,0,0,-1,
*,725,1,702501,344,-609,0,0,-1,
*,725,1,702502,74,0,0,0,-1,
*,726,1,702601,0,0,0,0,-1,
*,726,1,702601,-378,495,0,0,-1,
*,726,1,702601,305,495,0,0,-1,
*,726,1,702601,305,-391,0,0,-1,
*,726,1,702601,-406,-391,0,0,-1,
*,726,1,702601,-406,72,0,0,-1,
*,726,1,702602,0,260,0,0,-1,
*,726,1,702602,0,-188,0,0,-1,
*,726,1,702602,278,-36,0,0,-1,
*,727,1,702701,0,-541,0,0,-1,
*,727,1,702701,-49,558,0,0,-1,
*,727,1,702701,396,558,0,0,-1,
*,727,1,702701,-517,558,0,0,-1,
*,727,1,702701,337,-541,0,0,-1,
*,727,1,702701,-411,-541,0,0,-1,
*,727,1,702702,0,0,0,0,-1,
*,727,1,702702,-426,0,0,0,-1,
*,727,1,702702,411,0,0,0,-1,
*,728,1,702801,-651,243,0,0,-1,
*,728,1,702801,-651,-47,0,0,-1,
*,728,1,702801,-651,-381,0,0,-1,
*,728,1,702801,618,-381,0,0,-1,
*,728,1,702801,618,-47,0,0,-1,
*,728,1,702801,618,338,0,0,-1,
*,728,1,702802,-100,135,0,0,-1,
*,728,1,702802,116,12,0,0,-1,
*,728,1,702802,-100,-162,0,0,-1,
*,729,1,702901,0,0,0,0,-1,
*,729,1,702901,-499,446,0,0,-1,
*,729,1,702901,487,-393,0,0,-1,
*,729,1,702901,-440,-393,0,0,-1,
*,729,1,702901,463,473,0,0,-1,
*,729,1,702901,3,283,0,0,-1,
*,729,1,702902,-214,-214,0,0,-1,
*,729,1,702902,298,-214,0,0,-1,
*,729,1,702902,7,-214,0,0,-1,
*,730,1,703001,0,0,0,0,-1,
*,730,1,703001,-656,498,0,0,-1,
*,730,1,703001,625,498,0,0,-1,
*,730,1,703002,489,0,0,0,-1,
*,731,1,703101,527,256,0,0,-1,
*,731,1,703101,-660,-443,0,0,-1,
*,731,1,703101,-660,475,0,0,-1,
*,731,1,703101,6,685,0,0,-1,
*,731,1,703101,-271,-695,0,0,-1,
*,731,1,703101,527,-349,0,0,-1,
*,731,1,703102,-1334,0,0,0,-1,
*,731,1,703102,-1624,-405,0,0,-1,
*,731,1,703102,-1624,261,0,0,-1,
*,732,1,703201,1652,-344,0,0,-1,
*,732,1,703201,1652,287,0,0,-1,
*,732,1,703201,1753,-100,0,0,-1,
*,732,1,703201,-1775,-100,0,0,-1,
*,732,1,703201,-1775,-478,0,0,-1,
*,732,1,703201,-1775,265,0,0,-1,
*,732,1,703201,-1775,265,0,0,-1,
*,732,1,703202,-1446,0,0,0,-1,
*,732,1,703202,1383,87,0,0,-1,
*,732,1,703202,1383,-266,0,0,-1,
*,733,1,703301,362,-398,0,0,-1,
*,733,1,703301,-375,-423,0,0,-1,
*,733,1,703301,-366,476,0,0,-1,
*,733,1,703301,362,476,0,0,-1,
*,733,1,703301,676,0,0,0,-1,
*,733,1,703301,-672,0,0,0,-1,
*,733,1,703302,0,0,0,0,-1,
*,733,1,703302,-213,196,0,0,-1,
*,733,1,703302,-213,-218,0,0,-1,
*,734,1,703401,-578,-787,0,0,-1,
*,734,1,703401,365,-787,0,0,-1,
*,734,1,703401,365,879,0,0,-1,
*,734,1,703401,-692,691,0,0,-1,
*,734,1,703401,744,63,0,0,-1,
*,734,1,703401,-904,63,0,0,-1,
*,734,1,703401,-904,63,0,0,-1,
*,734,1,703402,-1487,0,0,0,-1,
*,734,1,703402,1338,-376,0,0,-1,
*,734,1,703402,1338,257,0,0,-1,
*,735,1,703501,348,44,0,0,-1,
*,735,1,703501,-286,-201,0,0,-1,
*,735,1,703501,-286,257,0,0,-1,
*,735,1,703502,6,0,0,0,-1,
*,736,1,703601,321,-629,0,0,-1,
*,736,1,703601,321,-370,0,0,-1,
*,736,1,703601,-524,-370,0,0,-1,
*,736,1,703601,-511,-617,0,0,-1,
*,736,1,703601,-36,-617,0,0,-1,
*,736,1,703601,-30,-370,0,0,-1,
*,736,1,703602,0,0,0,0,-1,
*,736,1,703602,-176,0,0,0,-1,
*,736,1,703602,195,0,0,0,-1,
*,737,1,703701,-443,-586,0,0,-1,
*,737,1,703701,-443,579,0,0,-1,
*,737,1,703701,-104,311,0,0,-1,
*,737,1,703701,-104,-308,0,0,-1,
*,737,1,703701,433,-4,0,0,-1,
*,737,1,703701,-409,-4,0,0,-1,
*,737,1,703702,0,0,0,0,-1,
*,737,1,703702,192,172,0,0,-1,
*,737,1,703702,192,-101,0,0,-1,
*,738,1,703801,458,488,0,0,-1,
*,738,1,703801,458,-475,0,0,-1,
*,738,1,703801,458,-2,0,0,-1,
*,738,1,703801,656,-2,0,0,-1,
*,738,1,703801,117,-2,0,0,-1,
*,738,1,703801,-316,-2,0,0,-1,
*,738,1,703802,0,-216,0,0,-1,
*,738,1,703802,0,250,0,0,-1,
*,738,1,703802,-577,-13,0,0,-1,
*,739,1,703901,-765,-662,0,0,-1,
*,739,1,703901,-447,-662,0,0,-1,
*,739,1,703901,560,739,0,0,-1,
*,739,1,703901,560,-555,0,0,-1,
*,739,1,703901,346,739,0,0,-1,
*,739,1,703901,346,-555,0,0,-1,
*,739,1,703902,465,-340,0,0,-1,
*,739,1,703902,465,535,0,0,-1,
*,739,1,703902,-610,-395,0,0,-1,
*,740,1,704001,-565,-482,0,0,-1,
*,740,1,704001,-565,687,0,0,-1,
*,740,1,704001,689,21,0,0,-1,
*,740,1,704002,0,0,0,0,-1,
*,741,1,704101,587,541,0,0,-1,
*,741,1,704101,587,780,0,0,-1,
*,741,1,704101,351,683,0,0,-1,
*,741,1,704101,-631,-401,0,0,-1,
*,741,1,704101,-631,-695,0,0,-1,
*,741,1,704101,-338,-561,0,0,-1,
*,741,1,704102,536,-475,0,0,-1,
*,741,1,704102,536,-147,0,0,-1,
*,741,1,704102,701,-315,0,0,-1,
*,742,1,704201,0,-532,0,0,-1,
*,742,1,704201,-411,-646,0,0,-1,
*,742,1,704201,-411,636,0,0,-1,
*,742,1,704201,333,-601,0,0,-1,
*,742,1,704201,424,636,0,0,-1,
*,742,1,704201,-15,433,0,0,-1,
*,742,1,704202,-510,-343,0,0,-1,
*,742,1,704202,-511,290,0,0,-1,
*,742,1,704202,555,0,0,0,-1,
*,743,1,704301,0,-737,0,0,-1,
*,743,1,704301,0,803,0,0,-1,
*,743,1,704301,848,-88,0,0,-1,
*,743,1,704301,848,110,0,0,-1,
*,743,1,704301,-771,-88,0,0,-1,
*,743,1,704301,-771,110,0,0,-1,
*,743,1,704302,-408,-403,0,0,-1,
*,743,1,704302,-433,339,0,0,-1,
*,743,1,704302,429,7,0,0,-1,
*,744,1,704401,-605,259,0,0,-1,
*,744,1,704401,-613,515,0,0,-1,
*,744,1,704401,-329,515,0,0,-1,
*,744,1,704401,-329,729,0,0,-1,
*,744,1,704401,266,-598,0,0,-1,
*,744,1,704401,266,-410,0,0,-1,
*,744,1,704402,383,413,0,0,-1,
*,744,1,704402,626,413,0,0,-1,
*,744,1,704402,626,194,0,0,-1,
*,745,1,704501,-513,-345,0,0,-1,
*,745,1,704501,-72,-345,0,0,-1,
*,745,1,704501,298,-345,0,0,-1,
*,745,1,704502,-35,0,0,0,-1,
*,746,1,704601,-352,-293,0,0,-1,
*,746,1,704601,-352,56,0,0,-1,
*,746,1,704601,-352,422,0,0,-1,
*,746,1,704601,314,422,0,0,-1,
*,746,1,704601,314,72,0,0,-1,
*,746,1,704601,314,-227,0,0,-1,
*,746,1,704602,0,51,0,0,-1,
*,746,1,704602,0,-258,0,0,-1,
*,746,1,704602,0,-97,0,0,-1,
*,747,1,704701,-240,0,0,0,-1,
*,747,1,704701,-240,339,0,0,-1,
*,747,1,704701,-240,-328,0,0,-1,
*,747,1,704701,52,-328,0,0,-1,
*,747,1,704701,349,4,0,0,-1,
*,747,1,704701,345,-328,0,0,-1,
*,747,1,704702,317,319,0,0,-1,
*,747,1,704702,45,319,0,0,-1,
*,747,1,704702,45,175,0,0,-1,
*,748,1,704801,0,0,0,0,-1,
*,748,1,704801,0,295,0,0,-1,
*,748,1,704801,-299,295,0,0,-1,
*,748,1,704801,-299,12,0,0,-1,
*,748,1,704801,-299,-281,0,0,-1,
*,748,1,704801,36,-281,0,0,-1,
*,748,1,704802,324,0,0,0,-1,
*,748,1,704802,324,-269,0,0,-1,
*,748,1,704802,562,-4,0,0,-1,
*,749,1,704901,-1336,-358,0,0,-1,
*,749,1,704901,-1336,328,0,0,-1,
*,749,1,704901,-651,328,0,0,-1,
*,749,1,704901,-651,-276,0,0,-1,
*,749,1,704901,680,-276,0,0,-1,
*,749,1,704901,680,372,0,0,-1,
*,749,1,704902,1306,38,0,0,-1,
*,749,1,704902,342,-664,0,0,-1,
*,749,1,704902,342,595,0,0,-1,
*,750,1,705001,0,-480,0,0,-1,
*,750,1,705001,0,475,0,0,-1,
*,750,1,705001,428,4,0,0,-1,
*,750,1,705002,0,0,0,0,-1,
*,751,1,705101,458,-284,0,0,-1,
*,751,1,705101,0,-500,0,0,-1,
*,751,1,705101,458,387,0,0,-1,
*,751,1,705101,-9,510,0,0,-1,
*,751,1,705101,-715,535,0,0,-1,
*,751,1,705101,-715,-574,0,0,-1,
*,751,1,705102,-318,21,0,0,-1,
*,751,1,705102,-588,-165,0,0,-1,
*,751,1,705102,-588,214,0,0,-1,
*,752,1,705201,0,0,0,0,-1,
*,752,1,705201,-524,0,0,0,-1,
*,752,1,705201,94,-632,0,0,-1,
*,752,1,705201,466,-632,0,0,-1,
*,752,1,705201,466,346,0,0,-1,
*,752,1,705201,290,342,0,0,-1,
*,752,1,705202,-333,-402,0,0,-1,
*,752,1,705202,223,-262,0,0,-1,
*,752,1,705202,-172,470,0,0,-1,
*,753,1,705301,390,-393,0,0,-1,
*,753,1,705301,390,6,0,0,-1,
*,753,1,705301,380,381,0,0,-1,
*,753,1,705301,128,194,0,0,-1,
*,753,1,705301,131,-233,0,0,-1,
*,753,1,705301,640,0,0,0,-1,
*,753,1,705302,-452,-23,0,0,-1,
*,753,1,705302,-452,-423,0,0,-1,
*,753,1,705302,-452,373,0,0,-1,
*,754,1,705401,-433,-488,0,0,-1,
*,754,1,705401,-433,608,0,0,-1,
*,754,1,705401,495,548,0,0,-1,
*,754,1,705401,481,-462,0,0,-1,
*,754,1,705401,59,144,0,0,-1,
*,754,1,705401,59,-122,0,0,-1,
*,754,1,705402,351,0,0,0,-1,
*,754,1,705402,-241,-327,0,0,-1,
*,754,1,705402,-241,305,0,0,-1,
*,755,1,705501,-382,-355,0,0,-1,
*,755,1,705501,-382,321,0,0,-1,
*,755,1,705501,370,-2,0,0,-1,
*,755,1,705502,0,0,0,0,-1,
*,756,1,705601,-1506,-288,0,0,-1,
*,756,1,705601,-1506,32,0,0,-1,
*,756,1,705601,-1506,339,0,0,-1,
*,756,1,705601,1233,336,0,0,-1,
*,756,1,705601,1567,336,0,0,-1,
*,756,1,705601,1567,-145,0,0,-1,
*,756,1,705602,0,0,0,0,-1,
*,756,1,705602,0,-370,0,0,-1,
*,756,1,705602,0,329,0,0,-1,
*,757,1,705701,343,576,0,0,-1,
*,757,1,705701,343,355,0,0,-1,
*,757,1,705701,639,355,0,0,-1,
*,757,1,705701,639,559,0,0,-1,
*,757,1,705701,-635,-592,0,0,-1,
*,757,1,705701,-635,-388,0,0,-1,
*,757,1,705702,-669,418,0,0,-1,
*,757,1,705702,-461,418,0,0,-1,
*,757,1,705702,-461,219,0,0,-1,
*,758,1,705801,-524,-520,0,0,-1,
*,758,1,705801,-524,445,0,0,-1,
*,758,1,705801,-291,10,0,0,-1,
*,758,1,705801,-1696,10,0,0,-1,
*,758,1,705801,-1696,-352,0,0,-1,
*,758,1,705801,-1696,350,0,0,-1,
*,758,1,705802,1571,0,0,0,-1,
*,758,1,705802,1271,-325,0,0,-1,
*,758,1,705802,1271,297,0,0,-1,
*,759,1,705901,-555,-400,0,0,-1,
*,759,1,705901,-555,502,0,0,-1,
*,759,1,705901,-766,-15,0,0,-1,
*,759,1,705901,-1596,-15,0,0,-1,
*,759,1,705901,-1596,-519,0,0,-1,
*,759,1,705901,-1596,275,0,0,-1,
*,759,1,705902,1350,0,0,0,-1,
*,759,1,705902,1525,-266,0,0,-1,
*,759,1,705902,1525,208,0,0,-1,
*,760,1,706001,409,0,0,0,-1,
*,760,1,706001,-490,311,0,0,-1,
*,760,1,706001,-490,-439,0,0,-1,
*,760,1,706002,0,0,0,0,-1,
*,761,1,706101,533,0,0,0,-1,
*,761,1,706101,-686,0,0,0,-1,
*,761,1,706101,-392,-571,0,0,-1,
*,761,1,706101,291,-571,0,0,-1,
*,761,1,706101,291,587,0,0,-1,
*,761,1,706101,-357,587,0,0,-1,
*,761,1,706101,-357,587,0,0,-1,
*,761,1,706102,268,0,0,0,-1,
*,761,1,706102,10,0,0,0,-1,
*,761,1,706102,-238,0,0,0,-1,
*,762,1,706201,599,0,0,0,-1,
*,762,1,706201,599,-347,0,0,-1,
*,762,1,706201,599,348,0,0,-1,
*,762,1,706201,-520,348,0,0,-1,
*,762,1,706201,-520,-53,0,0,-1,
*,762,1,706201,-520,-383,0,0,-1,
*,762,1,706202,0,509,0,0,-1,
*,762,1,706202,301,684,0,0,-1,
*,762,1,706202,-286,684,0,0,-1,
*,763,1,706301,1252,0,0,0,-1,
*,763,1,706301,-1428,0,0,0,-1,
*,763,1,706301,-1428,-275,0,0,-1,
*,763,1,706301,-1428,198,0,0,-1,
*,763,1,706301,1252,-261,0,0,-1,
*,763,1,706301,1252,290,0,0,-1,
*,763,1,706302,-1746,0,0,0,-1,
*,763,1,706302,1641,0,0,0,-1,
*,763,1,706302,1641,227,0,0,-1,
*,764,1,706401,535,-504,0,0,-1,
*,764,1,706401,-604,-504,0,0,-1,
*,764,1,706401,-604,533,0,0,-1,
*,764,1,706401,552,533,0,0,-1,
*,764,1,706401,26,-243,0,0,-1,
*,764,1,706401,26,366,0,0,-1,
*,764,1,706402,743,0,0,0,-1,
*,764,1,706402,38,0,0,0,-1,
*,764,1,706402,-865,0,0,0,-1,
*,765,1,706501,597,0,0,0,-1,
*,765,1,706501,597,-349,0,0,-1,
*,765,1,706501,597,305,0,0,-1,
*,765,1,706502,0,0,0,0,-1,
*,766,1,706601,680,223,0,0,-1,
*,766,1,706601,749,-240,0,0,-1,
*,766,1,706601,-789,441,0,0,-1,
*,766,1,706601,-497,688,0,0,-1,
*,766,1,706601,-789,-343,0,0,-1,
*,766,1,706601,-497,-605,0,0,-1,
*,766,1,706602,594,0,0,0,-1,
*,766,1,706602,-510,469,0,0,-1,
*,766,1,706602,-510,-315,0,0,-1,
*,767,1,706701,0,0,0,0,-1,
*,767,1,706701,568,0,0,0,-1,
*,767,1,706701,-616,0,0,0,-1,
*,767,1,706701,276,160,0,0,-1,
*,767,1,706701,-286,160,0,0,-1,
*,767,1,706701,1,325,0,0,-1,
*,767,1,706702,0,-388,0,0,-1,
*,767,1,706702,204,-184,0,0,-1,
*,767,1,706702,-171,-184,0,0,-1,
*,768,1,706801,0,463,0,0,-1,
*,768,1,706801,273,603,0,0,-1,
*,768,1,706801,-283,603,0,0,-1,
*,768,1,706801,-283,-636,0,0,-1,
*,768,1,706801,261,-636,0,0,-1,
*,768,1,706801,-31,-536,0,0,-1,
*,768,1,706802,463,0,0,0,-1,
*,768,1,706802,-28,0,0,0,-1,
*,768,1,706802,-530,0,0,0,-1,
*,769,1,706901,600,261,0,2,-1,
*,769,1,706901,0,-632,0,2,-1,
*,769,1,706901,332,-15,0,2,-1,
*,769,1,706901,600,-303,0,2,-1,
*,769,1,706901,0,623,0,2,-1,
*,769,1,706901,0,0,0,2,-1,
*,769,1,706902,-451,0,0,2,-1,
*,769,1,706902,-208,-155,0,2,-1,
*,769,1,706902,-208,142,0,2,-1,
*,770,1,707001,218,255,0,2,-1,
*,770,1,707001,218,-330,0,2,-1,
*,770,1,707001,-274,-12,0,2,-1,
*,770,1,707002,0,0,0,2,-1,
*,771,1,707101,-694,0,0,2,-1,
*,771,1,707101,-694,346,0,2,-1,
*,771,1,707101,542,346,0,2,-1,
*,771,1,707101,542,-202,0,2,-1,
*,771,1,707101,-10,-660,0,2,-1,
*,771,1,707101,-10,652,0,2,-1,
*,771,1,707102,-271,-290,0,2,-1,
*,771,1,707102,-271,372,0,2,-1,
*,771,1,707102,199,15,0,2,-1,
*,772,1,707201,0,362,0,2,-1,
*,772,1,707201,227,104,0,2,-1,
*,772,1,707201,450,-117,0,2,-1,
*,772,1,707201,-486,104,0,2,-1,
*,772,1,707201,-655,-117,0,2,-1,
*,772,1,707201,-263,276,0,2,-1,
*,772,1,707202,0,-272,0,2,-1,
*,772,1,707202,-263,-272,0,2,-1,
*,772,1,707202,-172,-98,0,2,-1,
*,773,1,707301,-303,0,0,2,-1,
*,773,1,707301,509,-435,0,2,-1,
*,773,1,707301,-558,-435,0,2,-1,
*,773,1,707301,-558,554,0,2,-1,
*,773,1,707301,526,554,0,2,-1,
*,773,1,707301,262,7,0,2,-1,
*,773,1,707302,0,372,0,2,-1,
*,773,1,707302,0,18,0,2,-1,
*,773,1,707302,0,-422,0,2,-1,
*,774,1,707401,-1574,69,0,0,-1,
*,774,1,707401,-1581,280,0,0,-1,
*,774,1,707401,-1564,-155,0,0,-1,
*,774,1,707401,1573,69,0,0,-1,
*,774,1,707401,1566,280,0,0,-1,
*,774,1,707401,1582,-155,0,0,-1,
*,774,1,707402,-150,-266,0,2,-1,
*,774,1,707402,-150,416,0,2,-1,
*,774,1,707402,304,81,0,2,-1,
*,775,1,707501,323,-527,0,2,-1,
*,775,1,707501,-498,-527,0,2,-1,
*,775,1,707501,-72,-527,0,2,-1,
*,775,1,707502,-82,-6,0,2,-1,
*,776,1,707602,96,172,0,2,-1,
*,776,1,707602,96,445,0,2,-1,
*,776,1,707602,-82,333,0,2,-1,
*,776,1,707602,-326,452,0,2,-1,
*,776,1,707602,-321,172,0,2,-1,
*,777,1,707701,-705,405,0,2,-1,
*,777,1,707701,588,592,0,2,-1,
*,777,1,707701,0,678,0,2,-1,
*,777,1,707701,0,-629,0,2,-1,
*,777,1,707701,444,-541,0,2,-1,
*,777,1,707701,-573,-503,0,2,-1,
*,777,1,707702,0,0,0,2,-1,
*,777,1,707702,-273,0,0,2,-1,
*,777,1,707702,272,0,0,2,-1,
*,778,1,707801,528,0,0,2,-1,
*,778,1,707801,-562,0,0,2,-1,
*,778,1,707801,-18,-478,0,2,-1,
*,778,1,707801,-18,448,0,2,-1,
*,778,1,707801,-641,-591,0,2,-1,
*,778,1,707801,-641,583,0,2,-1,
*,778,1,707802,-242,0,0,0,-1,
*,778,1,707802,199,-164,0,0,-1,
*,778,1,707802,199,228,0,0,-1,
*,779,1,707901,359,0,0,2,-1,
*,779,1,707901,359,-341,0,2,-1,
*,779,1,707901,359,332,0,2,-1,
*,779,1,707901,650,332,0,2,-1,
*,779,1,707901,650,-35,0,2,-1,
*,779,1,707901,-19,-296,0,2,-1,
*,779,1,707902,0,596,0,2,-1,
*,779,1,707902,-279,596,0,2,-1,
*,779,1,707902,-568,596,0,2,-1,
*,780,1,708001,-395,486,0,2,-1,
*,780,1,708001,-426,-458,0,2,-1,
*,780,1,708001,515,0,0,2,-1,
*,780,1,708002,0,0,0,2,-1,
*,801,1,800101,0,0,0,2,-1,
*,802,1,800102,0,0,0,2,-1,
*,803,1,800103,0,0,0,2,-1,
*,804,1,800104,0,0,0,2,-1,
*,805,1,800105,0,0,0,2,-1,
*,806,1,800106,0,0,0,2,-1,
*,811,1,800111,0,0,0,2,-1,
*,812,1,800112,0,0,0,2,-1,
*,813,1,800113,0,0,0,2,-1,
*,814,1,800114,0,0,0,2,-1,
*,815,1,800115,0,0,0,2,-1,
*,816,1,800116,0,0,0,2,-1,
*,901,1,71101,2342,-1453,0,2,-1,
*,901,1,71101,2017,-1179,0,2,-1,
*,901,1,71101,1474,-1865,0,2,-1,
*,901,1,71101,2111,-2166,0,2,-1,
*,901,1,71102,1865,-1703,0,2,-1,
*,901,1,71102,1377,-2287,0,2,-1,
*,901,1,71102,2305,-2287,0,2,-1,
*,901,1,71102,1779,-2287,0,2,-1,
*,901,2,71201,-1758,-2089,0,2,-1,
*,901,2,71201,-2131,-2089,0,2,-1,
*,901,2,71201,-2360,-2256,0,2,-1,
*,901,2,71201,-2418,-1740,0,2,-1,
*,901,2,71202,-1828,-2285,0,2,-1,
*,901,2,71202,-2206,-1599,0,2,-1,
*,901,2,71202,-1605,-1865,0,2,-1,
*,901,2,71202,-1361,-2285,0,2,-1,
*,901,3,71301,-2423,1074,0,2,-1,
*,901,3,71301,-1930,767,0,2,-1,
*,901,3,71301,-1795,774,0,2,-1,
*,901,3,71302,-2229,541,0,2,-1,
*,901,3,71302,-1805,1021,0,2,-1,
*,901,3,71302,-2317,815,0,2,-1,
*,901,3,71303,-2087,1007,0,2,-1,
*,902,1,72101,436,0,0,2,-1,
*,902,1,72101,436,420,0,2,-1,
*,902,1,72101,436,-288,0,2,-1,
*,902,1,72101,-511,-288,0,2,-1,
*,902,1,72101,-511,0,0,2,-1,
*,902,1,72101,-511,391,0,2,-1,
*,902,2,72201,-1507,-263,0,2,-1,
*,902,2,72201,-1507,248,0,2,-1,
*,902,2,72201,-1507,0,0,2,-1,
*,902,2,72201,1429,0,0,2,-1,
*,902,2,72201,1435,155,0,2,-1,
*,902,2,72201,1452,324,0,2,-1,
*,902,3,72301,-1327,0,0,2,-1,
*,902,3,72301,-1327,238,0,2,-1,
*,902,3,72301,-1327,-250,0,2,-1,
*,902,3,72301,1649,0,0,2,-1,
*,902,3,72301,1649,240,0,2,-1,
*,902,3,72301,1649,-220,0,2,-1,
*,902,4,72401,301,-99,0,2,-1,
*,902,4,72401,301,71,0,2,-1,
*,902,4,72401,-339,-99,0,2,-1,
*,902,4,72401,-339,71,0,2,-1,
*,902,4,72402,0,0,0,2,-1,
*,903,1,73101,372,322,0,2,-1,
*,903,1,73101,-170,322,0,2,-1,
*,903,1,73101,187,525,0,2,-1,
*,903,1,73101,-39,525,0,2,-1,
*,903,1,73101,-439,395,0,2,-1,
*,903,1,73101,-12,279,0,2,-1,
*,903,2,73201,687,510,0,2,-1,
*,903,2,73201,343,510,0,2,-1,
*,903,2,73201,813,1149,0,2,-1,
*,903,2,73201,792,1430,0,2,-1,
*,903,2,73201,826,693,0,2,-1,
*,903,2,73201,654,706,0,2,-1,
*,903,3,73301,-116,1643,0,2,-1,
*,903,3,73301,1013,1472,0,2,-1,
*,903,3,73301,433,1501,0,2,-1,
*,903,3,73301,630,1501,0,2,-1,
*,903,3,73301,1091,1628,0,2,-1,
*,903,3,73301,916,1035,0,2,-1,
*,903,4,73403,125,1746,0,2,-1,
*,903,4,73401,458,1589,0,2,-1,
*,903,4,73402,-128,1556,0,2,-1,
*,904,1,74101,262,0,0,2,-1,
*,904,1,74101,-231,0,0,2,-1,
*,904,1,74101,-32,185,0,2,-1,
*,904,1,74101,-32,-356,0,2,-1,
*,904,1,74101,114,209,0,2,-1,
*,904,1,74101,-181,209,0,2,-1,
*,904,1,74101,-181,-377,0,2,-1,
*,904,1,74101,109,-377,0,2,-1,
*,904,2,74201,1027,-719,0,2,-1,
*,904,2,74201,-990,-719,0,2,-1,
*,904,2,74201,-990,933,0,2,-1,
*,904,2,74201,880,933,0,2,-1,
*,904,2,74201,-24,933,0,2,-1,
*,904,2,74201,-24,-899,0,2,-1,
*,904,2,74201,1124,3,0,2,-1,
*,904,2,74201,-1084,3,0,2,-1,
*,904,3,74301,-488,-449,0,2,-1,
*,904,3,74301,502,-449,0,2,-1,
*,904,3,74301,502,442,0,2,-1,
*,904,3,74301,-481,442,0,2,-1,
*,904,3,74301,-846,-27,0,2,-1,
*,904,3,74301,813,-27,0,2,-1,
*,904,3,74301,-10,-750,0,2,-1,
*,904,3,74301,-10,700,0,2,-1,
*,904,4,74403,0,0,0,2,-1,
*,904,4,74401,-301,-268,0,2,-1,
*,904,4,74401,250,153,0,2,-1,
*,904,4,74402,252,-268,0,2,-1,
*,904,4,74402,-307,175,0,2,-1,
*,905,1,75101,-135,-5362,0,2,-1,
*,905,1,75101,152,-4631,0,2,-1,
*,905,1,75101,373,-5025,0,2,-1,
*,905,1,75101,154,-5395,0,2,-1,
*,905,1,75101,-135,-4914,0,2,-1,
*,905,1,75101,173,-4071,0,2,-1,
*,905,1,75101,-397,-3967,0,2,-1,
*,905,1,75101,417,-4145,0,2,-1,
*,905,2,75201,0,1847,0,2,-1,
*,905,2,75201,1088,1627,0,2,-1,
*,905,2,75201,-1120,1598,0,2,-1,
*,905,2,75201,-694,1845,0,2,-1,
*,905,2,75201,600,1701,0,2,-1,
*,905,2,75201,-416,1555,0,2,-1,
*,905,2,75201,122,920,0,2,-1,
*,905,2,75201,-175,1198,0,2,-1,
*,905,3,75301,-331,7623,0,2,-1,
*,905,3,75301,300,7623,0,2,-1,
*,905,3,75301,-606,7197,0,2,-1,
*,905,3,75301,752,6520,0,2,-1,
*,905,3,75301,752,7202,0,2,-1,
*,905,3,75301,-606,6628,0,2,-1,
*,905,3,75302,0,7143,0,2,-1,
*,906,1,76101,586,0,0,2,-1,
*,906,1,76101,267,460,0,2,-1,
*,906,1,76101,1097,167,0,2,-1,
*,906,1,76101,1097,938,0,2,-1,
*,906,1,76101,554,1231,0,2,-1,
*,906,1,76101,773,483,0,2,-1,
*,906,1,76101,1193,1218,0,2,-1,
*,906,1,76101,883,1526,0,2,-1,
*,906,2,76201,968,0,0,2,-1,
*,906,2,76201,632,217,0,2,-1,
*,906,2,76201,632,717,0,2,-1,
*,906,2,76201,1284,717,0,2,-1,
*,906,2,76201,351,717,0,2,-1,
*,906,2,76201,351,1035,0,2,-1,
*,906,2,76201,827,1035,0,2,-1,
*,906,2,76201,827,1771,0,2,-1,
*,906,3,76301,1090,450,0,2,-1,
*,906,3,76301,412,450,0,2,-1,
*,906,3,76301,412,-231,0,2,-1,
*,906,3,76301,1131,-231,0,2,-1,
*,906,3,76302,764,0,0,2,-1,
*,907,1,70006,1027,-719,0,2,-1,
*,907,1,70006,-990,-719,0,2,-1,
*,907,1,70006,-990,933,0,2,-1,
*,907,1,70006,880,933,0,2,-1,
*,907,1,70006,-24,933,0,2,-1,
*,907,1,70006,-24,-899,0,2,-1,
*,907,1,70006,1124,3,0,2,-1,
*,907,1,70006,-1084,3,0,2,-1,
*,907,2,70007,-488,-449,0,2,-1,
*,907,2,70007,502,-449,0,2,-1,
*,907,2,70007,502,442,0,2,-1,
*,907,2,70007,-481,442,0,2,-1,
*,907,2,70007,-846,-27,0,2,-1,
*,907,2,70007,813,-27,0,2,-1,
*,907,2,70007,-10,-750,0,2,-1,
*,907,2,70007,-10,700,0,2,-1,
*,907,3,70010,0,0,0,2,-1,
*,907,3,70008,-301,-268,0,2,-1,
*,907,3,70008,250,153,0,2,-1,
*,907,3,70009,252,-268,0,2,-1,
*,907,3,70009,-307,175,0,2,-1,
