,,名称,是否是玩家模型,模型,缩放,阵营,对话组,NPC功能,等级,数值类型,类型名称,数值类型,NPC类型,技能组,初始BUFF,巡逻半径,搜敌半径,AI,AIDATAID,物品掉落ID,走路速度,跑步速度,变身血量,变身技能ID,变身后技能组,攻击力,生命值,防御力,命中,闪避,暴击,韧性,固定增伤,固定减伤,暴击增伤,暴击减免,抗晕眩,抗击倒,防御系数,闪避系数,韧性系数,命中系数,暴击系数,攻击力,生命值,防御力,命中,闪避,暴击,韧性,固定增伤,固定减伤,暴击增伤,暴击减免,抗晕眩,抗击倒,防御系数,闪避系数,韧性系数,命中系数,暴击系数,攻击力,生命值,防御力,命中,闪避,暴击,韧性,固定增伤,固定减伤,暴击增伤,暴击减免,抗晕眩,抗击倒
,STRING,STRING,INT,STRING,INT,INT,STRING,INT,INT,,,STRING,INT,STRING,STRING,INT,INT,STRING,STRING,STRING,INT,INT,STRING,STRING,STRING,INT,INT,INT,INT,INT,INT,INT,INT,INT,INT,INT,INT,INT,INT,INT,INT,INT,INT,INT,INT,INT,INT,INT,INT,INT,INT,INT,INT,INT,INT,INT,INT,INT,INT,INT,INT,STRING,STRING,STRING,STRING,STRING,STRING,STRING,STRING,STRING,STRING,STRING,STRING,STRING
*,ID,Name,IsPlayerModel,Model,Size,Group,TalkGroup,FunctionType,Lv,UN_Export,UN_Export,TypeTest,Type,SkillGroup,Buff,Patrol,Search,AI,AIID,DropID,WalkSpeed,MoveSpeed,TabShiftHP,TabShiftSkill,TabShiftSkillGroup,AtkCoe,HpCoe,DefCoe,HITCoe,DGECoe,CRICoe,RESCoe,EXDCoe,EXRCoe,CRDCoe,CRRCoe,AntiStunCoe,AntiKnockDownCoe,DEFACoe,DGEACoe,RESACoe,HITACoe,CRIACoe,Atk,Hp,Def,HIT,DGE,CRI,RES,EXD,EXR,CRD,CRR,AntiStun,AntiKnockDown,DEFA,DGEA,RESA,HITA,CRIA,TypeTest,TypeTest,TypeTest,TypeTest,TypeTest,TypeTest,TypeTest,TypeTest,TypeTest,TypeTest,TypeTest,TypeTest,TypeTest
,,剧情NPC,,,,,,,,,,,,,,,,,,,,,,,,2,3,4,5,6,7,8,9,10,11,12,13,14,,,,,,2,3,4,5,6,7,8,9,10,11,12,13,14,15,16,17,18,19,,,,,,,,,,,,,
*,1001,Tony,,NPC_Nan_012_Mission,,5,1,,,0,普通小怪,百分比,3,,,,,,,,,,,,,10000,10000,10000,10000,10000,10000,0,0,0,10000,0,0,0,10000,10000,10000,10000,10000,,,,,,,,,,,,,,,,,,,1,1,1,1,1,1,1,1,1,1,1,1,1
*,1002,Ocale Burk,,NPC_Nan_012_Mission,,5,2,,,0,普通小怪,百分比,3,,,,,,,,,,,,,10000,10000,10000,10000,10000,10000,0,0,0,10000,0,0,0,10000,10000,10000,10000,10000,,,,,,,,,,,,,,,,,,,1,1,1,1,1,1,1,1,1,1,1,1,1
*,1003,Brad,,NPC_Nan_012_Mission,,5,3,,,0,普通小怪,百分比,3,,,,,,,,,,,,,10000,10000,10000,10000,10000,10000,0,0,0,10000,0,0,0,10000,10000,10000,10000,10000,,,,,,,,,,,,,,,,,,,1,1,1,1,1,1,1,1,1,1,1,1,1
*,1004,WeaponShop,,NPC_Nan_003_Mission,,5,4,,,0,普通小怪,百分比,3,,,,,,,,,,,,,10000,10000,10000,10000,10000,10000,0,0,0,10000,0,0,0,10000,10000,10000,10000,10000,,,,,,,,,,,,,,,,,,,1,1,1,1,1,1,1,1,1,1,1,1,1
*,1005,CopyEntry,,NPC_Nan_012_Mission,,5,5,,,0,普通小怪,百分比,3,,,,,,,,,,,,,10000,10000,10000,10000,10000,10000,0,0,0,10000,0,0,0,10000,10000,10000,10000,10000,,,,,,,,,,,,,,,,,,,1,1,1,1,1,1,1,1,1,1,1,1,1
*,1006,Mr.X,,NPC_Nan_014_Mission,,5,6,,,0,普通小怪,百分比,3,,,,,,,,,,,,,10000,10000,10000,10000,10000,10000,0,0,0,10000,0,0,0,10000,10000,10000,10000,10000,,,,,,,,,,,,,,,,,,,1,1,1,1,1,1,1,1,1,1,1,1,1
*,1007,StoreMan,,NPC_Nan_005,,5,7,,,0,普通小怪,百分比,3,,,,,,,,,,,,,10000,10000,10000,10000,10000,10000,0,0,0,10000,0,0,0,10000,10000,10000,10000,10000,,,,,,,,,,,,,,,,,,,1,1,1,1,1,1,1,1,1,1,1,1,1
*,1015,William,,NPC_Nan_008_Mission,,5,14,,,0,普通小怪,百分比,3,,,,,,,,,,,,,10000,10000,10000,10000,10000,10000,0,0,0,10000,0,0,0,10000,10000,10000,10000,10000,,,,,,,,,,,,,,,,,,,1,1,1,1,1,1,1,1,1,1,1,1,1
*,1016,PoliceMan,,NPC_Nan_023_Mission,,5,15,,,0,普通小怪,百分比,3,,,,,,,,,,,,,10000,10000,10000,10000,10000,10000,0,0,0,10000,0,0,0,10000,10000,10000,10000,10000,,,,,,,,,,,,,,,,,,,1,1,1,1,1,1,1,1,1,1,1,1,1
*,1011,Tom.A,,NPC_Nan_003_Mission,,5,1,,,0,普通小怪,百分比,3,,,,,,,,,,,,,10000,10000,10000,10000,10000,10000,0,0,0,10000,0,0,0,10000,10000,10000,10000,10000,,,,,,,,,,,,,,,,,,,1,1,1,1,1,1,1,1,1,1,1,1,1
*,1008,Mr.casino,,NPC_Nan_012_Mission,,5,19,,,0,普通小怪,百分比,3,,,,,,,,,,,,,10000,10000,10000,10000,10000,10000,0,0,0,10000,0,0,0,10000,10000,10000,10000,10000,,,,,,,,,,,,,,,,,,,1,1,1,1,1,1,1,1,1,1,1,1,1
*,1010,Clain,,NPC_Nan_012_Mission,,5,10,,,0,普通小怪,百分比,3,,,,,,,,,,,,,10000,10000,10000,10000,10000,10000,0,0,0,10000,0,0,0,10000,10000,10000,10000,10000,,,,,,,,,,,,,,,,,,,1,1,1,1,1,1,1,1,1,1,1,1,1
*,1012,Business man,,NPC_Nan_012_Mission,,5,11,,,0,普通小怪,百分比,3,,,,,,,,,,,,,10000,10000,10000,10000,10000,10000,0,0,0,10000,0,0,0,10000,10000,10000,10000,10000,,,,,,,,,,,,,,,,,,,1,1,1,1,1,1,1,1,1,1,1,1,1
*,1013,Philip,,NPC_Nan_012_Mission,,5,12,,,0,普通小怪,百分比,3,,,,,,,,,,,,,10000,10000,10000,10000,10000,10000,0,0,0,10000,0,0,0,10000,10000,10000,10000,10000,,,,,,,,,,,,,,,,,,,1,1,1,1,1,1,1,1,1,1,1,1,1
*,1014,Grant,,NPC_Nan_012_Mission,,5,13,,,0,普通小怪,百分比,3,,,,,,,,,,,,,10000,10000,10000,10000,10000,10000,0,0,0,10000,0,0,0,10000,10000,10000,10000,10000,,,,,,,,,,,,,,,,,,,1,1,1,1,1,1,1,1,1,1,1,1,1
*,1017,Waiter,,NPC_Nan_017,,5,16,,,0,普通小怪,百分比,3,,,,,,,,,,,,,10000,10000,10000,10000,10000,10000,0,0,0,10000,0,0,0,10000,10000,10000,10000,10000,,,,,,,,,,,,,,,,,,,1,1,1,1,1,1,1,1,1,1,1,1,1
*,1018,Jofors,,NPC_Nan_019_Mission,,5,17,,,0,普通小怪,百分比,3,,,,,,,,,,,,,10000,10000,10000,10000,10000,10000,0,0,0,10000,0,0,0,10000,10000,10000,10000,10000,,,,,,,,,,,,,,,,,,,1,1,1,1,1,1,1,1,1,1,1,1,1
*,1019,Casino Owner,,NPC_Nv_010_Mission,,5,18,,,0,普通小怪,百分比,3,,,,,,,,,,,,,10000,10000,10000,10000,10000,10000,0,0,0,10000,0,0,0,10000,10000,10000,10000,10000,,,,,,,,,,,,,,,,,,,1,1,1,1,1,1,1,1,1,1,1,1,1
*,1020,Major of Slum,,NPC_Nan_005,,5,20,,,0,普通小怪,百分比,3,,,,,,,,,,,,,10000,10000,10000,10000,10000,10000,0,0,0,10000,0,0,0,10000,10000,10000,10000,10000,,,,,,,,,,,,,,,,,,,1,1,1,1,1,1,1,1,1,1,1,1,1
*,1021,Mary,,NPC_Nv_012_Mission,,5,21,,,0,普通小怪,百分比,3,,,,,,,,,,,,,10000,10000,10000,10000,10000,10000,0,0,0,10000,0,0,0,10000,10000,10000,10000,10000,,,,,,,,,,,,,,,,,,,1,1,1,1,1,1,1,1,1,1,1,1,1
*,1022,Liu Xing,,NPC_Nan_027_Mission,,5,22,,,0,普通小怪,百分比,3,,,,,,,,,,,,,10000,10000,10000,10000,10000,10000,0,0,0,10000,0,0,0,10000,10000,10000,10000,10000,,,,,,,,,,,,,,,,,,,1,1,1,1,1,1,1,1,1,1,1,1,1
*,1023,Liu Xing,,NPC_Nan_027_Mission,,5,23,,,0,普通小怪,百分比,3,,,,,,,,,,,,,10000,10000,10000,10000,10000,10000,0,0,0,10000,0,0,0,10000,10000,10000,10000,10000,,,,,,,,,,,,,,,,,,,1,1,1,1,1,1,1,1,1,1,1,1,1
*,1024,Mr.Zhou,,NPC_Nan_028_Mission,,5,24,,,0,普通小怪,百分比,3,,,,,,,,,,,,,10000,10000,10000,10000,10000,10000,0,0,0,10000,0,0,0,10000,10000,10000,10000,10000,,,,,,,,,,,,,,,,,,,1,1,1,1,1,1,1,1,1,1,1,1,1
*,1025,Chen Fei,,NPC_Nan_027_Mission,,5,25,,,0,普通小怪,百分比,3,,,,,,,,,,,,,10000,10000,10000,10000,10000,10000,0,0,0,10000,0,0,0,10000,10000,10000,10000,10000,,,,,,,,,,,,,,,,,,,1,1,1,1,1,1,1,1,1,1,1,1,1
*,1026,Wang Li,,NPC_Nv_003,,5,26,,,0,普通小怪,百分比,3,,,,,,,,,,,,,10000,10000,10000,10000,10000,10000,0,0,0,10000,0,0,0,10000,10000,10000,10000,10000,,,,,,,,,,,,,,,,,,,1,1,1,1,1,1,1,1,1,1,1,1,1
*,1027,Perfect Lady,,NPC_Nv_015,,5,27,,,0,普通小怪,百分比,3,,,,,,,,,,,,,10000,10000,10000,10000,10000,10000,0,0,0,10000,0,0,0,10000,10000,10000,10000,10000,,,,,,,,,,,,,,,,,,,1,1,1,1,1,1,1,1,1,1,1,1,1
*,1028,John,,NPC_Nan_045_Mission,,5,28,,,0,普通小怪,百分比,3,,,,,,,,,,,,,10000,10000,10000,10000,10000,10000,0,0,0,10000,0,0,0,10000,10000,10000,10000,10000,,,,,,,,,,,,,,,,,,,1,1,1,1,1,1,1,1,1,1,1,1,1
*,1029,Smith,,NPC_Nan_012_Mission,,5,29,,,0,普通小怪,百分比,3,,,,,,,,,,,,,10000,10000,10000,10000,10000,10000,0,0,0,10000,0,0,0,10000,10000,10000,10000,10000,,,,,,,,,,,,,,,,,,,1,1,1,1,1,1,1,1,1,1,1,1,1
*,1030,Thomas,,NPC_Nan_023_Mission,,5,30,,,0,普通小怪,百分比,3,,,,,,,,,,,,,10000,10000,10000,10000,10000,10000,0,0,0,10000,0,0,0,10000,10000,10000,10000,10000,,,,,,,,,,,,,,,,,,,1,1,1,1,1,1,1,1,1,1,1,1,1
*,1031,Leon,,NPC_Nan_023_Mission,,5,31,,,0,普通小怪,百分比,3,,,,,,,,,,,,,10000,10000,10000,10000,10000,10000,0,0,0,10000,0,0,0,10000,10000,10000,10000,10000,,,,,,,,,,,,,,,,,,,1,1,1,1,1,1,1,1,1,1,1,1,1
*,1032,Dennis,,NPC_Nan_023_Mission,,5,32,,,0,普通小怪,百分比,3,,,,,,,,,,,,,10000,10000,10000,10000,10000,10000,0,0,0,10000,0,0,0,10000,10000,10000,10000,10000,,,,,,,,,,,,,,,,,,,1,1,1,1,1,1,1,1,1,1,1,1,1
*,1033,Federal employee,,NPC_Nan_012_Mission,,5,33,,,0,普通小怪,百分比,3,,,,,,,,,,,,,10000,10000,10000,10000,10000,10000,0,0,0,10000,0,0,0,10000,10000,10000,10000,10000,,,,,,,,,,,,,,,,,,,1,1,1,1,1,1,1,1,1,1,1,1,1
*,1034,Activist,,NPC_Nan_012_Mission,,5,34,,,0,普通小怪,百分比,3,,,,,,,,,,,,,10000,10000,10000,10000,10000,10000,0,0,0,10000,0,0,0,10000,10000,10000,10000,10000,,,,,,,,,,,,,,,,,,,1,1,1,1,1,1,1,1,1,1,1,1,1
*,1035,Attendant,,NPC_Nan_005,,5,35,,,0,普通小怪,百分比,3,,,,,,,,,,,,,10000,10000,10000,10000,10000,10000,0,0,0,10000,0,0,0,10000,10000,10000,10000,10000,,,,,,,,,,,,,,,,,,,1,1,1,1,1,1,1,1,1,1,1,1,1
*,1036,William,,NPC_Nan_008_Mission,,5,36,,,0,普通小怪,百分比,3,,,,,,,,,,,,,10000,10000,10000,10000,10000,10000,0,0,0,10000,0,0,0,10000,10000,10000,10000,10000,,,,,,,,,,,,,,,,,,,1,1,1,1,1,1,1,1,1,1,1,1,1
*,1037,William,,NPC_Nan_008_Mission,,5,37,,,0,普通小怪,百分比,3,,,,,,,,,,,,,10000,10000,10000,10000,10000,10000,0,0,0,10000,0,0,0,10000,10000,10000,10000,10000,,,,,,,,,,,,,,,,,,,1,1,1,1,1,1,1,1,1,1,1,1,1
*,1038,William,,NPC_Nan_008_Mission,,5,38,,,0,普通小怪,百分比,3,,,,,,,,,,,,,10000,10000,10000,10000,10000,10000,0,0,0,10000,0,0,0,10000,10000,10000,10000,10000,,,,,,,,,,,,,,,,,,,1,1,1,1,1,1,1,1,1,1,1,1,1
*,1039,William,,NPC_Nan_008_Mission,,5,39,,,0,普通小怪,百分比,3,,,,,,,,,,,,,10000,10000,10000,10000,10000,10000,0,0,0,10000,0,0,0,10000,10000,10000,10000,10000,,,,,,,,,,,,,,,,,,,1,1,1,1,1,1,1,1,1,1,1,1,1
*,1040,William,,NPC_Nan_008_Mission,,5,40,,,0,普通小怪,百分比,3,,,,,,,,,,,,,10000,10000,10000,10000,10000,10000,0,0,0,10000,0,0,0,10000,10000,10000,10000,10000,,,,,,,,,,,,,,,,,,,1,1,1,1,1,1,1,1,1,1,1,1,1
*,1041,William,,NPC_Nan_008_Mission,,5,41,,,0,普通小怪,百分比,3,,,,,,,,,,,,,10000,10000,10000,10000,10000,10000,0,0,0,10000,0,0,0,10000,10000,10000,10000,10000,,,,,,,,,,,,,,,,,,,1,1,1,1,1,1,1,1,1,1,1,1,1
*,1042,Jasmine,,NPC_Nv_011_Mission,,6,42,,,0,普通小怪,百分比,0,,,,,,1008,,,,,,,10000,10000,10000,10000,10000,10000,0,0,0,10000,0,0,0,10000,10000,10000,10000,10000,,,,,,,,,,,,,,,,,,,1,1,1,1,1,1,1,1,1,1,1,1,1
*,1043,Charlene,,NPC_Nv_002_Mission,,5,43,,,0,普通小怪,百分比,3,,,,,,,,,,,,,10000,10000,10000,10000,10000,10000,0,0,0,10000,0,0,0,10000,10000,10000,10000,10000,,,,,,,,,,,,,,,,,,,1,1,1,1,1,1,1,1,1,1,1,1,1
*,1044,Alina,,NPC_Nv_004_Mission,,6,44,,,0,普通小怪,百分比,0,,,,,,1008,,,,,,,10000,10000,10000,10000,10000,10000,0,0,0,10000,0,0,0,10000,10000,10000,10000,10000,,,,,,,,,,,,,,,,,,,1,1,1,1,1,1,1,1,1,1,1,1,1
*,1045,Carina,,NPC_Nv_005_Mission,,6,45,,,0,普通小怪,百分比,0,,,,,,1008,,,,,,,10000,10000,10000,10000,10000,10000,0,0,0,10000,0,0,0,10000,10000,10000,10000,10000,,,,,,,,,,,,,,,,,,,1,1,1,1,1,1,1,1,1,1,1,1,1
*,1046,Recorder,,NPC_Nan_005,,6,46,,,0,普通小怪,百分比,0,,,,,,1008,,,,,,,10000,10000,10000,10000,10000,10000,0,0,0,10000,0,0,0,10000,10000,10000,10000,10000,,,,,,,,,,,,,,,,,,,1,1,1,1,1,1,1,1,1,1,1,1,1
*,1047,PoliceMan,,NPC_Nan_023_Mission,,5,47,,,0,普通小怪,百分比,3,,,,,,,,,,,,,10000,10000,10000,10000,10000,10000,0,0,0,10000,0,0,0,10000,10000,10000,10000,10000,,,,,,,,,,,,,,,,,,,1,1,1,1,1,1,1,1,1,1,1,1,1
*,1048,Jasmine,,NPC_Nv_011_Mission,,5,48,,,0,普通小怪,百分比,3,,,,,,,,,,,,,10000,10000,10000,10000,10000,10000,0,0,0,10000,0,0,0,10000,10000,10000,10000,10000,,,,,,,,,,,,,,,,,,,1,1,1,1,1,1,1,1,1,1,1,1,1
*,1049,Charlene,,NPC_Nv_002_Mission,,5,49,,,0,普通小怪,百分比,3,,,,,,,,,,,,,10000,10000,10000,10000,10000,10000,0,0,0,10000,0,0,0,10000,10000,10000,10000,10000,,,,,,,,,,,,,,,,,,,1,1,1,1,1,1,1,1,1,1,1,1,1
*,1050,Alina,,NPC_Nv_004_Mission,,5,50,,,0,普通小怪,百分比,3,,,,,,,,,,,,,10000,10000,10000,10000,10000,10000,0,0,0,10000,0,0,0,10000,10000,10000,10000,10000,,,,,,,,,,,,,,,,,,,1,1,1,1,1,1,1,1,1,1,1,1,1
*,1051,Carina,,NPC_Nv_005_Mission,,5,51,,,0,普通小怪,百分比,3,,,,,,,,,,,,,10000,10000,10000,10000,10000,10000,0,0,0,10000,0,0,0,10000,10000,10000,10000,10000,,,,,,,,,,,,,,,,,,,1,1,1,1,1,1,1,1,1,1,1,1,1
*,1052,Recorder,,NPC_Nan_005,,5,52,,,0,普通小怪,百分比,3,,,,,,,,,,,,,10000,10000,10000,10000,10000,10000,0,0,0,10000,0,0,0,10000,10000,10000,10000,10000,,,,,,,,,,,,,,,,,,,1,1,1,1,1,1,1,1,1,1,1,1,1
*,1053,PoliceMan,,NPC_Nan_023_Mission,,5,53,,,0,普通小怪,百分比,3,,,,,,,,,,,,,10000,10000,10000,10000,10000,10000,0,0,0,10000,0,0,0,10000,10000,10000,10000,10000,,,,,,,,,,,,,,,,,,,1,1,1,1,1,1,1,1,1,1,1,1,1
*,1054,Jasmine,,NPC_Nv_011_Mission,,5,54,,,0,普通小怪,百分比,3,,,,,,,,,,,,,10000,10000,10000,10000,10000,10000,0,0,0,10000,0,0,0,10000,10000,10000,10000,10000,,,,,,,,,,,,,,,,,,,1,1,1,1,1,1,1,1,1,1,1,1,1
*,1055,Charlene,,NPC_Nv_002_Mission,,5,55,,,0,普通小怪,百分比,3,,,,,,,,,,,,,10000,10000,10000,10000,10000,10000,0,0,0,10000,0,0,0,10000,10000,10000,10000,10000,,,,,,,,,,,,,,,,,,,1,1,1,1,1,1,1,1,1,1,1,1,1
*,1056,Alina,,NPC_Nv_004_Mission,,5,56,,,0,普通小怪,百分比,3,,,,,,,,,,,,,10000,10000,10000,10000,10000,10000,0,0,0,10000,0,0,0,10000,10000,10000,10000,10000,,,,,,,,,,,,,,,,,,,1,1,1,1,1,1,1,1,1,1,1,1,1
*,1057,Carina,,NPC_Nv_005_Mission,,5,57,,,0,普通小怪,百分比,3,,,,,,,,,,,,,10000,10000,10000,10000,10000,10000,0,0,0,10000,0,0,0,10000,10000,10000,10000,10000,,,,,,,,,,,,,,,,,,,1,1,1,1,1,1,1,1,1,1,1,1,1
*,1058,Recorder,,NPC_Nan_005,,5,58,,,0,普通小怪,百分比,3,,,,,,,,,,,,,10000,10000,10000,10000,10000,10000,0,0,0,10000,0,0,0,10000,10000,10000,10000,10000,,,,,,,,,,,,,,,,,,,1,1,1,1,1,1,1,1,1,1,1,1,1
*,1059,PoliceMan,,NPC_Nan_023_Mission,,5,59,,,0,普通小怪,百分比,3,,,,,,,,,,,,,10000,10000,10000,10000,10000,10000,0,0,0,10000,0,0,0,10000,10000,10000,10000,10000,,,,,,,,,,,,,,,,,,,1,1,1,1,1,1,1,1,1,1,1,1,1
*,1060,Jasmine,,NPC_Nv_011_Mission,,5,60,,,0,普通小怪,百分比,3,,,,,,,,,,,,,10000,10000,10000,10000,10000,10000,0,0,0,10000,0,0,0,10000,10000,10000,10000,10000,,,,,,,,,,,,,,,,,,,1,1,1,1,1,1,1,1,1,1,1,1,1
*,1061,Charlene,,NPC_Nv_002_Mission,,5,61,,,0,普通小怪,百分比,3,,,,,,,,,,,,,10000,10000,10000,10000,10000,10000,0,0,0,10000,0,0,0,10000,10000,10000,10000,10000,,,,,,,,,,,,,,,,,,,1,1,1,1,1,1,1,1,1,1,1,1,1
*,1062,Alina,,NPC_Nv_004_Mission,,5,62,,,0,普通小怪,百分比,3,,,,,,,,,,,,,10000,10000,10000,10000,10000,10000,0,0,0,10000,0,0,0,10000,10000,10000,10000,10000,,,,,,,,,,,,,,,,,,,1,1,1,1,1,1,1,1,1,1,1,1,1
*,1063,Carina,,NPC_Nv_005_Mission,,5,63,,,0,普通小怪,百分比,3,,,,,,,,,,,,,10000,10000,10000,10000,10000,10000,0,0,0,10000,0,0,0,10000,10000,10000,10000,10000,,,,,,,,,,,,,,,,,,,1,1,1,1,1,1,1,1,1,1,1,1,1
*,1064,Recorder,,NPC_Nan_005,,5,64,,,0,普通小怪,百分比,3,,,,,,,,,,,,,10000,10000,10000,10000,10000,10000,0,0,0,10000,0,0,0,10000,10000,10000,10000,10000,,,,,,,,,,,,,,,,,,,1,1,1,1,1,1,1,1,1,1,1,1,1
*,1065,PoliceMan,,NPC_Nan_023_Mission,,5,65,,,0,普通小怪,百分比,3,,,,,,,,,,,,,10000,10000,10000,10000,10000,10000,0,0,0,10000,0,0,0,10000,10000,10000,10000,10000,,,,,,,,,,,,,,,,,,,1,1,1,1,1,1,1,1,1,1,1,1,1
*,1066,Jofors,,NPC_Nan_019_Mission,,5,66,,,0,普通小怪,百分比,3,,,,,,,,,,,,,10000,10000,10000,10000,10000,10000,0,0,0,10000,0,0,0,10000,10000,10000,10000,10000,,,,,,,,,,,,,,,,,,,1,1,1,1,1,1,1,1,1,1,1,1,1
*,1067,Butler,,NPC_Nan_017,,5,67,,,0,普通小怪,百分比,3,,,,,,,,,,,,,10000,10000,10000,10000,10000,10000,0,0,0,10000,0,0,0,10000,10000,10000,10000,10000,,,,,,,,,,,,,,,,,,,1,1,1,1,1,1,1,1,1,1,1,1,1
*,1068,Recorder,,NPC_Nan_005,,5,68,,,0,普通小怪,百分比,3,,,,,,,,,,,,,10000,10000,10000,10000,10000,10000,0,0,0,10000,0,0,0,10000,10000,10000,10000,10000,,,,,,,,,,,,,,,,,,,1,1,1,1,1,1,1,1,1,1,1,1,1
*,1069,Charlene,,NPC_Nv_002_Mission,,5,69,,,0,普通小怪,百分比,3,,,,,,,,,,,,,10000,10000,10000,10000,10000,10000,0,0,0,10000,0,0,0,10000,10000,10000,10000,10000,,,,,,,,,,,,,,,,,,,1,1,1,1,1,1,1,1,1,1,1,1,1
*,1070,Alina,,NPC_Nv_004_Mission,,5,70,,,0,普通小怪,百分比,3,,,,,,,,,,,,,10000,10000,10000,10000,10000,10000,0,0,0,10000,0,0,0,10000,10000,10000,10000,10000,,,,,,,,,,,,,,,,,,,1,1,1,1,1,1,1,1,1,1,1,1,1
*,1071,Carina,,NPC_Nv_005_Mission,,5,71,,,0,普通小怪,百分比,3,,,,,,,,,,,,,10000,10000,10000,10000,10000,10000,0,0,0,10000,0,0,0,10000,10000,10000,10000,10000,,,,,,,,,,,,,,,,,,,1,1,1,1,1,1,1,1,1,1,1,1,1
*,1072,,,NPC_Nan_017,,5,,,,0,普通小怪,百分比,0,,,,,,,,,,,,,10000,10000,10000,10000,10000,10000,0,0,0,10000,0,0,0,10000,10000,10000,10000,10000,,,,,,,,,,,,,,,,,,,1,1,1,1,1,1,1,1,1,1,1,1,1
*,1073,,,NPC_Nan_005,,5,,,,0,普通小怪,百分比,0,,,,,,,,,,,,,10000,10000,10000,10000,10000,10000,0,0,0,10000,0,0,0,10000,10000,10000,10000,10000,,,,,,,,,,,,,,,,,,,1,1,1,1,1,1,1,1,1,1,1,1,1
*,1074,,,NPC_Nv_002_Mission,,5,,,,0,普通小怪,百分比,0,,,,,,,,,,,,,10000,10000,10000,10000,10000,10000,0,0,0,10000,0,0,0,10000,10000,10000,10000,10000,,,,,,,,,,,,,,,,,,,1,1,1,1,1,1,1,1,1,1,1,1,1
*,1075,,,NPC_Nv_002_Mission,,5,,,,0,普通小怪,百分比,0,,,,,,,,,,,,,10000,10000,10000,10000,10000,10000,0,0,0,10000,0,0,0,10000,10000,10000,10000,10000,,,,,,,,,,,,,,,,,,,1,1,1,1,1,1,1,1,1,1,1,1,1
*,1076,,,NPC_Nv_005_Mission,,5,,,,0,普通小怪,百分比,0,,,,,,,,,,,,,10000,10000,10000,10000,10000,10000,0,0,0,10000,0,0,0,10000,10000,10000,10000,10000,,,,,,,,,,,,,,,,,,,1,1,1,1,1,1,1,1,1,1,1,1,1
*,1077,Charlene,,NPC_Nv_002_Mission,,5,72,,,0,普通小怪,百分比,3,,,,,,,,,,,,,10000,10000,10000,10000,10000,10000,0,0,0,10000,0,0,0,10000,10000,10000,10000,10000,,,,,,,,,,,,,,,,,,,1,1,1,1,1,1,1,1,1,1,1,1,1
*,1078,Thomas Bone,,NPC_Nan_005,,5,,,,0,普通小怪,百分比,0,,,,,,,,,,,,,10000,10000,10000,10000,10000,10000,0,0,0,10000,0,0,0,10000,10000,10000,10000,10000,,,,,,,,,,,,,,,,,,,1,1,1,1,1,1,1,1,1,1,1,1,1
*,1079,Hardcore Boy,,NPC_Nan_046_Mission,,5,73,,,0,普通小怪,百分比,3,,,,,,,,,,,,,10000,10000,10000,10000,10000,10000,0,0,0,10000,0,0,0,10000,10000,10000,10000,10000,,,,,,,,,,,,,,,,,,,1,1,1,1,1,1,1,1,1,1,1,1,1
*,1080,Pretty Girl,,NPC_Nv_005_Mission,,5,74,,,0,普通小怪,百分比,3,,,,,,,,,,,,,10000,10000,10000,10000,10000,10000,0,0,0,10000,0,0,0,10000,10000,10000,10000,10000,,,,,,,,,,,,,,,,,,,1,1,1,1,1,1,1,1,1,1,1,1,1
*,1082,,,NPC_Nan_017,,2,,,,0,普通小怪,百分比,0,50001,,5,700,,1014,,,,,,,10000,10000,10000,10000,10000,10000,0,0,0,10000,0,0,0,10000,10000,10000,10000,10000,,,,,,,,,,,,,,,,,,,1,1,1,1,1,1,1,1,1,1,1,1,1
*,1083,,,NPC_Nan_005,,2,,,,0,普通小怪,百分比,0,50001,,5,700,,1014,,,,,,,10000,10000,10000,10000,10000,10000,0,0,0,10000,0,0,0,10000,10000,10000,10000,10000,,,,,,,,,,,,,,,,,,,1,1,1,1,1,1,1,1,1,1,1,1,1
*,1084,,,NPC_Nv_002_Mission,,2,,,,0,普通小怪,百分比,0,50001,,5,700,,1014,,,,,,,10000,10000,10000,10000,10000,10000,0,0,0,10000,0,0,0,10000,10000,10000,10000,10000,,,,,,,,,,,,,,,,,,,1,1,1,1,1,1,1,1,1,1,1,1,1
*,1085,,,NPC_Nv_002_Mission,,2,,,,0,普通小怪,百分比,0,50001,,5,700,,1014,,,,,,,10000,10000,10000,10000,10000,10000,0,0,0,10000,0,0,0,10000,10000,10000,10000,10000,,,,,,,,,,,,,,,,,,,1,1,1,1,1,1,1,1,1,1,1,1,1
*,1086,,,NPC_Nv_005_Mission,,2,,,,0,普通小怪,百分比,0,50001,,5,700,,1014,,,,,,,10000,10000,10000,10000,10000,10000,0,0,0,10000,0,0,0,10000,10000,10000,10000,10000,,,,,,,,,,,,,,,,,,,1,1,1,1,1,1,1,1,1,1,1,1,1
*,1087,Recorder,,NPC_Nan_005,,5,75,,,0,普通小怪,百分比,3,,,,,,,,,,,,,10000,10000,10000,10000,10000,10000,0,0,0,10000,0,0,0,10000,10000,10000,10000,10000,,,,,,,,,,,,,,,,,,,1,1,1,1,1,1,1,1,1,1,1,1,1
*,1088,Hulk,,NPC_Nan_013_Mission,,5,76,,,0,普通小怪,百分比,3,,,,,,,,,,,,,10000,10000,10000,10000,10000,10000,0,0,0,10000,0,0,0,10000,10000,10000,10000,10000,,,,,,,,,,,,,,,,,,,1,1,1,1,1,1,1,1,1,1,1,1,1
*,1089,Butler,,NPC_Nan_017,,5,77,,,0,普通小怪,百分比,3,,,,,,,,,,,,,10000,10000,10000,10000,10000,10000,0,0,0,10000,0,0,0,10000,10000,10000,10000,10000,,,,,,,,,,,,,,,,,,,1,1,1,1,1,1,1,1,1,1,1,1,1
*,1090,Pop Boy,,NPC_Nan_022_Mission,,5,78,,,0,普通小怪,百分比,3,,,,,,,,,,,,,10000,10000,10000,10000,10000,10000,0,0,0,10000,0,0,0,10000,10000,10000,10000,10000,,,,,,,,,,,,,,,,,,,1,1,1,1,1,1,1,1,1,1,1,1,1
*,1091,PoliceMan,,NPC_Nan_047_Mission,,5,79,,,0,普通小怪,百分比,3,,,,,,,,,,,,,10000,10000,10000,10000,10000,10000,0,0,0,10000,0,0,0,10000,10000,10000,10000,10000,,,,,,,,,,,,,,,,,,,1,1,1,1,1,1,1,1,1,1,1,1,1
*,1092,Beat Man,,NPC_Nan_036_Mission,,5,80,,,0,普通小怪,百分比,3,,,,,,,,,,,,,10000,10000,10000,10000,10000,10000,0,0,0,10000,0,0,0,10000,10000,10000,10000,10000,,,,,,,,,,,,,,,,,,,1,1,1,1,1,1,1,1,1,1,1,1,1
*,1093,Charlene,,NPC_Nv_002_Mission,,5,81,,,0,普通小怪,百分比,3,,,,,,,,,,,,,10000,10000,10000,10000,10000,10000,0,0,0,10000,0,0,0,10000,10000,10000,10000,10000,,,,,,,,,,,,,,,,,,,1,1,1,1,1,1,1,1,1,1,1,1,1
*,1094,Alina,,NPC_Nv_004_Mission,,5,82,,,0,普通小怪,百分比,3,,,,,,,,,,,,,10000,10000,10000,10000,10000,10000,0,0,0,10000,0,0,0,10000,10000,10000,10000,10000,,,,,,,,,,,,,,,,,,,1,1,1,1,1,1,1,1,1,1,1,1,1
*,1095,Carina,,NPC_Nv_005_Mission,,5,83,,,0,普通小怪,百分比,3,,,,,,,,,,,,,10000,10000,10000,10000,10000,10000,0,0,0,10000,0,0,0,10000,10000,10000,10000,10000,,,,,,,,,,,,,,,,,,,1,1,1,1,1,1,1,1,1,1,1,1,1
*,1096,Federal employee,,NPC_Nan_012_Mission,,5,84,,,0,普通小怪,百分比,3,,,,,,,,,,,,,10000,10000,10000,10000,10000,10000,0,0,0,10000,0,0,0,10000,10000,10000,10000,10000,,,,,,,,,,,,,,,,,,,1,1,1,1,1,1,1,1,1,1,1,1,1
*,1097,Federal employee,,NPC_Nan_012_Mission,,5,85,,,0,普通小怪,百分比,3,,,,,,,,,,,,,10000,10000,10000,10000,10000,10000,0,0,0,10000,0,0,0,10000,10000,10000,10000,10000,,,,,,,,,,,,,,,,,,,1,1,1,1,1,1,1,1,1,1,1,1,1
*,1098,Federal employee,,NPC_Nan_012_Mission,,5,86,,,0,普通小怪,百分比,3,,,,,,,,,,,,,10000,10000,10000,10000,10000,10000,0,0,0,10000,0,0,0,10000,10000,10000,10000,10000,,,,,,,,,,,,,,,,,,,1,1,1,1,1,1,1,1,1,1,1,1,1
*,1099,Federal employee,,NPC_Nan_012_Mission,,5,87,,,0,普通小怪,百分比,3,,,,,,,,,,,,,10000,10000,10000,10000,10000,10000,0,0,0,10000,0,0,0,10000,10000,10000,10000,10000,,,,,,,,,,,,,,,,,,,1,1,1,1,1,1,1,1,1,1,1,1,1
*,1100,Activist,,NPC_Nan_012_Mission,,5,88,,,0,普通小怪,百分比,3,,,,,,,,,,,,,10000,10000,10000,10000,10000,10000,0,0,0,10000,0,0,0,10000,10000,10000,10000,10000,,,,,,,,,,,,,,,,,,,1,1,1,1,1,1,1,1,1,1,1,1,1
*,1101,Federal employee,,NPC_Nan_012_Mission,,5,89,,,0,普通小怪,百分比,3,,,,,,,,,,,,,10000,10000,10000,10000,10000,10000,0,0,0,10000,0,0,0,10000,10000,10000,10000,10000,,,,,,,,,,,,,,,,,,,1,1,1,1,1,1,1,1,1,1,1,1,1
*,1102,Federal employee,,NPC_Nan_012_Mission,,5,90,,,0,普通小怪,百分比,3,,,,,,,,,,,,,10000,10000,10000,10000,10000,10000,0,0,0,10000,0,0,0,10000,10000,10000,10000,10000,,,,,,,,,,,,,,,,,,,1,1,1,1,1,1,1,1,1,1,1,1,1
*,1103,Activist,,NPC_Nan_012_Mission,,5,91,,,0,普通小怪,百分比,3,,,,,,,,,,,,,10000,10000,10000,10000,10000,10000,0,0,0,10000,0,0,0,10000,10000,10000,10000,10000,,,,,,,,,,,,,,,,,,,1,1,1,1,1,1,1,1,1,1,1,1,1
*,1104,Private Secretary,,NPC_Nv_015,,5,92,,,0,普通小怪,百分比,3,,,,,,,,,,,,,10000,10000,10000,10000,10000,10000,0,0,0,10000,0,0,0,10000,10000,10000,10000,10000,,,,,,,,,,,,,,,,,,,1,1,1,1,1,1,1,1,1,1,1,1,1
*,1105,街区占领NPC,1,XD_A_WQ;XD_A_T;XD_A_S;XD_A_X,100,5,1,,,0,普通小怪,百分比,3,,,,,,,,,,,,,10000,10000,10000,10000,10000,10000,0,0,0,10000,0,0,0,10000,10000,10000,10000,10000,,,,,,,,,,,,,,,,,,,1,1,1,1,1,1,1,1,1,1,1,1,1
*,1106,街区占领NPC,1,XD_A_WQ;XD_A_T;XD_A_S;XD_A_X,100,5,2,,,0,普通小怪,百分比,3,,,,,,,,,,,,,10000,10000,10000,10000,10000,10000,0,0,0,10000,0,0,0,10000,10000,10000,10000,10000,,,,,,,,,,,,,,,,,,,1,1,1,1,1,1,1,1,1,1,1,1,1
*,1107,街区占领NPC,1,XD_A_WQ;XD_A_T;XD_A_S;XD_A_X,100,5,3,,,0,普通小怪,百分比,3,,,,,,,,,,,,,10000,10000,10000,10000,10000,10000,0,0,0,10000,0,0,0,10000,10000,10000,10000,10000,,,,,,,,,,,,,,,,,,,1,1,1,1,1,1,1,1,1,1,1,1,1
*,1108,街区占领NPC,1,XD_A_WQ;XD_A_T;XD_A_S;XD_A_X,100,5,4,,,0,普通小怪,百分比,3,,,,,,,,,,,,,10000,10000,10000,10000,10000,10000,0,0,0,10000,0,0,0,10000,10000,10000,10000,10000,,,,,,,,,,,,,,,,,,,1,1,1,1,1,1,1,1,1,1,1,1,1
*,1109,街区占领NPC,1,XD_A_WQ;XD_A_T;XD_A_S;XD_A_X,100,5,5,,,0,普通小怪,百分比,3,,,,,,,,,,,,,10000,10000,10000,10000,10000,10000,0,0,0,10000,0,0,0,10000,10000,10000,10000,10000,,,,,,,,,,,,,,,,,,,1,1,1,1,1,1,1,1,1,1,1,1,1
*,1110,街区占领NPC,1,XD_A_WQ;XD_A_T;XD_A_S;XD_A_X,100,5,6,,,0,普通小怪,百分比,3,,,,,,,,,,,,,10000,10000,10000,10000,10000,10000,0,0,0,10000,0,0,0,10000,10000,10000,10000,10000,,,,,,,,,,,,,,,,,,,1,1,1,1,1,1,1,1,1,1,1,1,1
*,1111,Item Salesperson,,NPC_Nv_015,,5,93,5,,0,普通小怪,百分比,3,,,,,,,,,,,,,10000,10000,10000,10000,10000,10000,0,0,0,10000,0,0,0,10000,10000,10000,10000,10000,,,,,,,,,,,,,,,,,,,1,1,1,1,1,1,1,1,1,1,1,1,1
*,1112,Equip Salesperson,,NPC_Nv_015,,5,94,6,,0,普通小怪,百分比,3,,,,,,,,,,,,,10000,10000,10000,10000,10000,10000,0,0,0,10000,0,0,0,10000,10000,10000,10000,10000,,,,,,,,,,,,,,,,,,,1,1,1,1,1,1,1,1,1,1,1,1,1
*,1113,Market Salesperson,,NPC_Nv_015,,5,95,7,,0,普通小怪,百分比,3,,,,,,,,,,,,,10000,10000,10000,10000,10000,10000,0,0,0,10000,0,0,0,10000,10000,10000,10000,10000,,,,,,,,,,,,,,,,,,,1,1,1,1,1,1,1,1,1,1,1,1,1
*,1114,Gang Salesperson,,NPC_Nv_015,,5,96,8,,0,普通小怪,百分比,3,,,,,,,,,,,,,10000,10000,10000,10000,10000,10000,0,0,0,10000,0,0,0,10000,10000,10000,10000,10000,,,,,,,,,,,,,,,,,,,1,1,1,1,1,1,1,1,1,1,1,1,1
*,1501,William,,NPC_Nan_008_Mission,,5,99,,,0,普通小怪,百分比,3,,,,,,,,,,,,,10000,10000,10000,10000,10000,10000,0,0,0,10000,0,0,0,10000,10000,10000,10000,10000,,,,,,,,,,,,,,,,,,,1,1,1,1,1,1,1,1,1,1,1,1,1
*,1502,White,,NPC_Nan_012_Mission,,5,100,,,0,普通小怪,百分比,3,,,,,,,,,,,,,10000,10000,10000,10000,10000,10000,0,0,0,10000,0,0,0,10000,10000,10000,10000,10000,,,,,,,,,,,,,,,,,,,1,1,1,1,1,1,1,1,1,1,1,1,1
*,1503,Tomas.A,,NPC_Nan_003_Mission,,5,101,,,0,普通小怪,百分比,3,,,,,,,,,,,,,10000,10000,10000,10000,10000,10000,0,0,0,10000,0,0,0,10000,10000,10000,10000,10000,,,,,,,,,,,,,,,,,,,1,1,1,1,1,1,1,1,1,1,1,1,1
*,1504,Mr.casino,,NPC_Nan_012_Mission,,5,102,,,0,普通小怪,百分比,3,,,,,,,,,,,,,10000,10000,10000,10000,10000,10000,0,0,0,10000,0,0,0,10000,10000,10000,10000,10000,,,,,,,,,,,,,,,,,,,1,1,1,1,1,1,1,1,1,1,1,1,1
*,1505,Clain,,NPC_Nan_012_Mission,,5,103,,,0,普通小怪,百分比,3,,,,,,,,,,,,,10000,10000,10000,10000,10000,10000,0,0,0,10000,0,0,0,10000,10000,10000,10000,10000,,,,,,,,,,,,,,,,,,,1,1,1,1,1,1,1,1,1,1,1,1,1
*,1506,Business man,,NPC_Nan_012_Mission,,5,104,,,0,普通小怪,百分比,3,,,,,,,,,,,,,10000,10000,10000,10000,10000,10000,0,0,0,10000,0,0,0,10000,10000,10000,10000,10000,,,,,,,,,,,,,,,,,,,1,1,1,1,1,1,1,1,1,1,1,1,1
*,1507,Philip,,NPC_Nan_012_Mission,,5,105,,,0,普通小怪,百分比,3,,,,,,,,,,,,,10000,10000,10000,10000,10000,10000,0,0,0,10000,0,0,0,10000,10000,10000,10000,10000,,,,,,,,,,,,,,,,,,,1,1,1,1,1,1,1,1,1,1,1,1,1
*,1508,Grant,,NPC_Nan_012_Mission,,5,106,,,0,普通小怪,百分比,3,,,,,,,,,,,,,10000,10000,10000,10000,10000,10000,0,0,0,10000,0,0,0,10000,10000,10000,10000,10000,,,,,,,,,,,,,,,,,,,1,1,1,1,1,1,1,1,1,1,1,1,1
*,1509,Waiter,,NPC_Nan_017,,5,107,,,0,普通小怪,百分比,3,,,,,,,,,,,,,10000,10000,10000,10000,10000,10000,0,0,0,10000,0,0,0,10000,10000,10000,10000,10000,,,,,,,,,,,,,,,,,,,1,1,1,1,1,1,1,1,1,1,1,1,1
*,1510,Jofors,,NPC_Nan_019_Mission,,5,108,,,0,普通小怪,百分比,3,,,,,,,,,,,,,10000,10000,10000,10000,10000,10000,0,0,0,10000,0,0,0,10000,10000,10000,10000,10000,,,,,,,,,,,,,,,,,,,1,1,1,1,1,1,1,1,1,1,1,1,1
*,1511,Secret Owner,,NPC_Nv_010_Mission,,5,109,,,0,普通小怪,百分比,3,,,,,,,,,,,,,10000,10000,10000,10000,10000,10000,0,0,0,10000,0,0,0,10000,10000,10000,10000,10000,,,,,,,,,,,,,,,,,,,1,1,1,1,1,1,1,1,1,1,1,1,1
*,1512,Administrator,,NPC_Nan_005,,5,110,,,0,普通小怪,百分比,3,,,,,,,,,,,,,10000,10000,10000,10000,10000,10000,0,0,0,10000,0,0,0,10000,10000,10000,10000,10000,,,,,,,,,,,,,,,,,,,1,1,1,1,1,1,1,1,1,1,1,1,1
*,1513,Dog,,NPC_Dog,,5,110,,,0,普通小怪,百分比,3,,,,,,,,,,,,,10000,10000,10000,10000,10000,10000,0,0,0,10000,0,0,0,10000,10000,10000,10000,10000,,,,,,,,,,,,,,,,,,,1,1,1,1,1,1,1,1,1,1,1,1,1
,,第一章（MapID:105),,,,,,,,,,,,,,,,,,,,,,,,,,,,,,,,,,,,,,,,,,,,,,,,,,,,,,,,,,,,1,1,1,1,1,1,1,1,1,1,1,1,1
*,606,Hulk,,NPC_Nan_013,,2,,0,15,0,普通小怪,绝对值,0,50001,,5,700,,1000,60115,,,,,,,,,,,,,,,,,,,,,,,,264,4108,406,6939,315,856,0,0,0,15000,0,0,0,7708,15417,7708,771,7708,1,1,1,1,1,1,1,1,1,1,1,1,1
*,605,Lord Blake,,NPC_Nan_024,,2,,0,15,1,精英怪,绝对值,1,50000,,5,700,,1000,60115,,,,,,,,,,,,,,,,,,,,,,,,528,12324,406,6939,315,856,0,0,0,15000,0,0,0,7708,15417,7708,771,7708,1,1,1,1,1,1,1,1,1,1,1,1,1
*,603,Mysteryman,,NPC_Nv_008,,2,,0,15,0,普通小怪,绝对值,0,50000,,5,700,,1000,60115,,,,,,,,,,,,,,,,,,,,,,,,264,4108,406,6939,315,856,0,0,0,15000,0,0,0,7708,15417,7708,771,7708,1,1,1,1,1,1,1,1,1,1,1,1,1
*,602,3Cmember,,NPC_Nan_022,,2,,0,15,0,普通小怪,绝对值,0,50000,,5,700,,1000,60115,,,,,,,,,,,,,,,,,,,,,,,,264,4108,406,6939,315,856,0,0,0,15000,0,0,0,7708,15417,7708,771,7708,1,1,1,1,1,1,1,1,1,1,1,1,1
*,601,Mercenary,,NPC_Nan_018,,2,,0,15,0,普通小怪,绝对值,0,50001,,5,700,,1000,60115,,,,,,,,,,,,,,,,,,,,,,,,264,4108,406,6939,315,856,0,0,0,15000,0,0,0,7708,15417,7708,771,7708,1,1,1,1,1,1,1,1,1,1,1,1,1
*,604,club elite,,NPC_Nv_009,,2,,0,15,0,普通小怪,绝对值,0,50001,,5,700,,1000,60115,,,,,,,,,,,,,,,,,,,,,,,,264,4108,406,6939,315,856,0,0,0,15000,0,0,0,7708,15417,7708,771,7708,1,1,1,1,1,1,1,1,1,1,1,1,1
*,607,Punk,,NPC_Nan_015,,2,,0,15,0,普通小怪,绝对值,0,50001,,5,700,,1000,60115,,,,,,,,,,,,,,,,,,,,,,,,264,4108,406,6939,315,856,0,0,0,15000,0,0,0,7708,15417,7708,771,7708,1,1,1,1,1,1,1,1,1,1,1,1,1
*,610,The Gun,,BOSS_Nan_003,120,2,,0,15,2,单人副本-BOSS,绝对值,2,60031;60032;60034,,,700,RandomSkill,1000,60115,,,,,,,,,,,,,,,,,,,,,,,,264,24648,406,6939,315,856,0,0,0,15000,0,10000,10000,7708,15417,7708,771,7708,1,1,1,1,1,1,1,1,1,1,1,1,1
*,11401,RepairMan,,NPC_Nan_009,,2,,0,15,0,普通小怪,绝对值,0,50001,,5,700,,1003,60115,,,,,,,,,,,,,,,,,,,,,,,,264,4108,406,6939,315,856,0,0,0,15000,0,0,0,7708,15417,7708,771,7708,1,1,1,1,1,1,1,1,1,1,1,1,1
*,11402,Punk,,NPC_Nan_015,,2,,0,15,0,普通小怪,绝对值,0,50001,,5,700,,1003,60115,,,,,,,,,,,,,,,,,,,,,,,,264,4108,406,6939,315,856,0,0,0,15000,0,0,0,7708,15417,7708,771,7708,1,1,1,1,1,1,1,1,1,1,1,1,1
*,11501,RepairMan,,NPC_Nan_009,,2,,0,15,0,普通小怪,绝对值,0,50001,,5,700,,1003,60115,,,,,,,,,,,,,,,,,,,,,,,,264,4108,406,6939,315,856,0,0,0,15000,0,0,0,7708,15417,7708,771,7708,1,1,1,1,1,1,1,1,1,1,1,1,1
*,11502,Punk,,NPC_Nan_015,,2,,0,15,0,普通小怪,绝对值,0,50001,,5,700,,1003,60115,,,,,,,,,,,,,,,,,,,,,,,,264,4108,406,6939,315,856,0,0,0,15000,0,0,0,7708,15417,7708,771,7708,1,1,1,1,1,1,1,1,1,1,1,1,1
*,11601,RepairMan,,NPC_Nan_009,,2,,0,15,0,普通小怪,绝对值,0,50001,,5,700,,1003,60115,,,,,,,,,,,,,,,,,,,,,,,,264,4108,406,6939,315,856,0,0,0,15000,0,0,0,7708,15417,7708,771,7708,1,1,1,1,1,1,1,1,1,1,1,1,1
*,11602,Punk,,NPC_Nan_015,,2,,0,15,0,普通小怪,绝对值,0,50001,,5,700,,1003,60115,,,,,,,,,,,,,,,,,,,,,,,,264,4108,406,6939,315,856,0,0,0,15000,0,0,0,7708,15417,7708,771,7708,1,1,1,1,1,1,1,1,1,1,1,1,1
*,11603,Hammer Destroyer,,BOSS_Nan_001,120,2,,0,15,2,单人副本-BOSS,绝对值,2,60011;60012;60013;60014,,,700,RandomSkill,,60115,,,,,,,,,,,,,,,,,,,,,,,,264,24648,406,6939,315,856,0,0,0,15000,0,10000,10000,7708,15417,7708,771,7708,1,1,1,1,1,1,1,1,1,1,1,1,1
*,71001,Civilian ,,NPC_Nan_017_City,,3,,2,15,0,普通小怪,绝对值,0,50000,,5,700,,1010,60115,,,,,,,,,,,,,,,,,,,,,,,,264,4108,406,6939,315,856,0,0,0,15000,0,0,0,7708,15417,7708,771,7708,1,1,1,1,1,1,1,1,1,1,1,1,1
*,71002,Civilian ,,NPC_Nv_002_City,,3,,2,15,0,普通小怪,绝对值,0,50000,,5,700,,1010,60115,,,,,,,,,,,,,,,,,,,,,,,,264,4108,406,6939,315,856,0,0,0,15000,0,0,0,7708,15417,7708,771,7708,1,1,1,1,1,1,1,1,1,1,1,1,1
*,71003,Policeman,,NPC_Nan_023_City,,3,,2,15,0,普通小怪,绝对值,0,50000,,5,700,,1010,60115,,,,,,,,,,,,,,,,,,,,,,,,264,4108,406,6939,315,856,0,0,0,15000,0,0,0,7708,15417,7708,771,7708,1,1,1,1,1,1,1,1,1,1,1,1,1
,,第二章（MapID:104),,,,,,,,,,,,,,,,,,,,,,,,,,,,,,,,,,,,,,,,,,,,,,,,,,,,,,,,,,,,1,1,1,1,1,1,1,1,1,1,1,1,1
*,203,Hulk,,NPC_Nan_013,,2,,0,25,0,普通小怪,绝对值,0,50001,,5,700,,1000,60125,,,,,,,,,,,,,,,,,,,,,,,,567,8988,666,11394,517,1406,0,0,0,15000,0,0,0,12656,25313,12656,1266,12656,1,1,1,1,1,1,1,1,1,1,1,1,1
*,302,Trouble Maker,,NPC_Nan_014,,2,,0,25,0,普通小怪,绝对值,0,50001,,5,700,,1000,60125,,,,,,,,,,,,,,,,,,,,,,,,567,8988,666,11394,517,1406,0,0,0,15000,0,0,0,12656,25313,12656,1266,12656,1,1,1,1,1,1,1,1,1,1,1,1,1
*,205,Horro's guy,,NPC_Nan_011,,2,,0,25,0,普通小怪,绝对值,0,50000,,5,700,,1000,60125,,,,,,,,,,,,,,,,,,,,,,,,567,8988,666,11394,517,1406,0,0,0,15000,0,0,0,12656,25313,12656,1266,12656,1,1,1,1,1,1,1,1,1,1,1,1,1
*,303,3Cmember,,NPC_Nan_022,,2,,0,25,0,普通小怪,绝对值,0,50000,,5,700,,1000,60125,,,,,,,,,,,,,,,,,,,,,,,,567,8988,666,11394,517,1406,0,0,0,15000,0,0,0,12656,25313,12656,1266,12656,1,1,1,1,1,1,1,1,1,1,1,1,1
*,301,Broker,,NPC_Nan_013,,2,,0,25,0,普通小怪,绝对值,0,50001,,5,700,,1000,60125,,,,,,,,,,,,,,,,,,,,,,,,567,8988,666,11394,517,1406,0,0,0,15000,0,0,0,12656,25313,12656,1266,12656,1,1,1,1,1,1,1,1,1,1,1,1,1
*,11101,RepairMan,,NPC_Nan_009,,2,,0,25,0,普通小怪,绝对值,0,50001,,5,700,,1003,60125,,,,,,,,,,,,,,,,,,,,,,,,567,8988,666,11394,517,1406,0,0,0,15000,0,0,0,12656,25313,12656,1266,12656,1,1,1,1,1,1,1,1,1,1,1,1,1
*,11102,Punk,,NPC_Nan_015,,2,,0,25,0,普通小怪,绝对值,0,50001,,5,700,,1003,60125,,,,,,,,,,,,,,,,,,,,,,,,567,8988,666,11394,517,1406,0,0,0,15000,0,0,0,12656,25313,12656,1266,12656,1,1,1,1,1,1,1,1,1,1,1,1,1
*,11201,RepairMan,,NPC_Nan_009,,2,,0,25,0,普通小怪,绝对值,0,50001,,5,700,,1003,60125,,,,,,,,,,,,,,,,,,,,,,,,567,8988,666,11394,517,1406,0,0,0,15000,0,0,0,12656,25313,12656,1266,12656,1,1,1,1,1,1,1,1,1,1,1,1,1
*,11202,Punk,,NPC_Nan_015,,2,,0,25,0,普通小怪,绝对值,0,50001,,5,700,,1003,60125,,,,,,,,,,,,,,,,,,,,,,,,567,8988,666,11394,517,1406,0,0,0,15000,0,0,0,12656,25313,12656,1266,12656,1,1,1,1,1,1,1,1,1,1,1,1,1
*,11301,RepairMan,,NPC_Nan_009,,2,,0,25,0,普通小怪,绝对值,0,50001,,5,700,,1003,60125,,,,,,,,,,,,,,,,,,,,,,,,567,8988,666,11394,517,1406,0,0,0,15000,0,0,0,12656,25313,12656,1266,12656,1,1,1,1,1,1,1,1,1,1,1,1,1
*,11302,Punk,,NPC_Nan_015,,2,,0,25,0,普通小怪,绝对值,0,50001,,5,700,,1003,60125,,,,,,,,,,,,,,,,,,,,,,,,567,8988,666,11394,517,1406,0,0,0,15000,0,0,0,12656,25313,12656,1266,12656,1,1,1,1,1,1,1,1,1,1,1,1,1
*,11303,The Pain,,BOSS_Nan_006,120,2,,0,25,2,单人副本-BOSS,绝对值,2,60061;60062;60063;60064;60065,,,700,RandomSkill,1002,60125,,,,,,,,,,,,,,,,,,,,,,,,567,53928,666,11394,517,1406,0,0,0,15000,0,10000,10000,12656,25313,12656,1266,12656,1,1,1,1,1,1,1,1,1,1,1,1,1
*,12101,3Cmember,,NPC_Nan_022,,2,,0,25,0,普通小怪,绝对值,0,50000,,5,700,,1003,60125,,,,,,,,,,,,,,,,,,,,,,,,567,8988,666,11394,517,1406,0,0,0,15000,0,0,0,12656,25313,12656,1266,12656,1,1,1,1,1,1,1,1,1,1,1,1,1
*,12201,Punk,,NPC_Nan_015,,2,,0,25,0,普通小怪,绝对值,0,50001,,5,700,,1003,60125,,,,,,,,,,,,,,,,,,,,,,,,567,8988,666,11394,517,1406,0,0,0,15000,0,0,0,12656,25313,12656,1266,12656,1,1,1,1,1,1,1,1,1,1,1,1,1
*,12301,RepairMan,,NPC_Nan_009,,2,,0,25,0,普通小怪,绝对值,0,50001,,5,700,,1003,60125,,,,,,,,,,,,,,,,,,,,,,,,567,8988,666,11394,517,1406,0,0,0,15000,0,0,0,12656,25313,12656,1266,12656,1,1,1,1,1,1,1,1,1,1,1,1,1
*,12401,Hulk,,NPC_Nan_013,,2,,0,25,0,普通小怪,绝对值,0,50001,,5,700,,1003,60125,,,,,,,,,,,,,,,,,,,,,,,,567,8988,666,11394,517,1406,0,0,0,15000,0,0,0,12656,25313,12656,1266,12656,1,1,1,1,1,1,1,1,1,1,1,1,1
*,12402,Iron Arm,,BOSS_Nan_009,120,2,,0,25,2,单人副本-BOSS,绝对值,2,60091;60092;60093,,,700,RandomSkill,1002,60125,,,,,,,,,,,,,,,,,,,,,,,,567,53928,666,11394,517,1406,0,0,0,15000,0,10000,10000,12656,25313,12656,1266,12656,1,1,1,1,1,1,1,1,1,1,1,1,1
*,72001,Civilian ,,NPC_Nan_035_City,,3,,2,25,1,精英怪,绝对值,1,50000,,5,700,,1010,60125,,,,,,,,,,,,,,,,,,,,,,,,1134,26964,666,11394,517,1406,0,0,0,15000,0,0,0,12656,25313,12656,1266,12656,1,1,1,1,1,1,1,1,1,1,1,1,1
*,72002,Civilian ,,NPC_Nv_006_City,,3,,2,25,1,精英怪,绝对值,1,50000,,5,700,,1010,60125,,,,,,,,,,,,,,,,,,,,,,,,1134,26964,666,11394,517,1406,0,0,0,15000,0,0,0,12656,25313,12656,1266,12656,1,1,1,1,1,1,1,1,1,1,1,1,1
*,72003,Policeman,,NPC_Nan_023_City,,3,,2,25,1,精英怪,绝对值,1,50000,,5,700,,1010,60125,,,,,,,,,,,,,,,,,,,,,,,,1134,26964,666,11394,517,1406,0,0,0,15000,0,0,0,12656,25313,12656,1266,12656,1,1,1,1,1,1,1,1,1,1,1,1,1
,,第三章（MapID:102),,,,,,,,,,,,,,,,,,,,,,,,,,,,,,,,,,,,,,,,,,,,,,,,,,,,,,,,,,,,1,1,1,1,1,1,1,1,1,1,1,1,1
*,3006,Trouble Maker,,NPC_Nan_014,,2,,0,35,0,普通小怪,绝对值,0,50001,,5,700,,1000,60135,,,,,,,,,,,,,,,,,,,,,,,,702,10261,1589,27171,1232,3355,0,0,0,15000,0,0,0,30191,60382,30191,3019,30191,1,1,1,1,1,1,1,1,1,1,1,1,1
*,3003,Thug,,NPC_Nan_011,,2,,0,35,0,普通小怪,绝对值,0,50000,,5,700,,1000,60205,,,,,,,,,,,,,,,,,,,,,,,,702,10261,1589,27171,1232,3355,0,0,0,15000,0,0,0,30191,60382,30191,3019,30191,1,1,1,1,1,1,1,1,1,1,1,1,1
*,3002,Mob,,NPC_Nan_009,,2,,0,35,0,普通小怪,绝对值,0,50001,,5,700,,1000,60135,,,,,,,,,,,,,,,,,,,,,,,,702,10261,1589,27171,1232,3355,0,0,0,15000,0,0,0,30191,60382,30191,3019,30191,1,1,1,1,1,1,1,1,1,1,1,1,1
*,3001,Mob Boss,,NPC_Nan_007,,2,,0,35,0,普通小怪,绝对值,0,50000,,5,700,,1000,60206,,,,,,,,,,,,,,,,,,,,,,,,702,10261,1589,27171,1232,3355,0,0,0,15000,0,0,0,30191,60382,30191,3019,30191,1,1,1,1,1,1,1,1,1,1,1,1,1
*,3005,Hired Rioter,,NPC_Nan_026,,2,,0,35,0,普通小怪,绝对值,0,50000,,5,700,,1000,60135,,,,,,,,,,,,,,,,,,,,,,,,702,10261,1589,27171,1232,3355,0,0,0,15000,0,0,0,30191,60382,30191,3019,30191,1,1,1,1,1,1,1,1,1,1,1,1,1
*,3004,Boss Rioter,,NPC_Nan_024,,2,,0,35,0,普通小怪,绝对值,0,50000,,5,700,,1000,60207,,,,,,,,,,,,,,,,,,,,,,,,702,10261,1589,27171,1232,3355,0,0,0,15000,0,0,0,30191,60382,30191,3019,30191,1,1,1,1,1,1,1,1,1,1,1,1,1
*,13101,Buster Man,,BOSS_Nan_007,120,2,,0,35,2,单人副本-BOSS,绝对值,2,60071;60072;60073;60074,,,700,RandomSkill,1002,60135,,,,,,,,,,,,,,,,,,,,,,,,702,61566,1589,27171,1232,3355,0,0,0,15000,0,10000,10000,30191,60382,30191,3019,30191,1,1,1,1,1,1,1,1,1,1,1,1,1
*,13102,Mob Boss,,NPC_Nan_007,,2,,0,35,0,普通小怪,绝对值,0,50000,,5,700,,1003,60135,,,,,,,,,,,,,,,,,,,,,,,,702,10261,1589,27171,1232,3355,0,0,0,15000,0,0,0,30191,60382,30191,3019,30191,1,1,1,1,1,1,1,1,1,1,1,1,1
*,13103,Boss Rioter,,NPC_Nan_024,,2,,0,35,0,普通小怪,绝对值,0,50000,,5,700,,1003,60135,,,,,,,,,,,,,,,,,,,,,,,,702,10261,1589,27171,1232,3355,0,0,0,15000,0,0,0,30191,60382,30191,3019,30191,1,1,1,1,1,1,1,1,1,1,1,1,1
,,第四章（MapID:107),,,,,,,,,,,,,,,,,,,,,,,,,,,,,,,,,,,,,,,,,,,,,,,,,,,,,,,,,,,,1,1,1,1,1,1,1,1,1,1,1,1,1
*,4006,Saboteur,,NPC_Nan_026,,2,,0,50,0,普通小怪,绝对值,0,50000,,5,700,,1000,60150,,,,,,,,,,,,,,,,,,,,,,,,1188,15550,2930,50103,2272,6186,0,0,0,15000,0,0,0,55673,111347,55673,5567,55673,1,1,1,1,1,1,1,1,1,1,1,1,1
*,4004,Scavenger,,NPC_Nan_016,,2,,0,50,0,普通小怪,绝对值,0,50000,,5,700,,1000,60208,,,,,,,,,,,,,,,,,,,,,,,,1188,15550,2930,50103,2272,6186,0,0,0,15000,0,0,0,55673,111347,55673,5567,55673,1,1,1,1,1,1,1,1,1,1,1,1,1
*,4001,Hatchet Guy,,NPC_Nan_002,,2,,0,50,0,普通小怪,绝对值,0,50001,,5,700,,1000,60150,,,,,,,,,,,,,,,,,,,,,,,,1188,15550,2930,50103,2272,6186,0,0,0,15000,0,0,0,55673,111347,55673,5567,55673,1,1,1,1,1,1,1,1,1,1,1,1,1
*,4005,Bravo,,NPC_Nan_021,,2,,0,50,0,普通小怪,绝对值,0,50001,,5,700,,1000,60150,,,,,,,,,,,,,,,,,,,,,,,,1188,15550,2930,50103,2272,6186,0,0,0,15000,0,0,0,55673,111347,55673,5567,55673,1,1,1,1,1,1,1,1,1,1,1,1,1
*,4003,Marauder,,NPC_Nan_014,,2,,0,50,0,普通小怪,绝对值,0,50001,,5,700,,1000,60150,,,,,,,,,,,,,,,,,,,,,,,,1188,15550,2930,50103,2272,6186,0,0,0,15000,0,0,0,55673,111347,55673,5567,55673,1,1,1,1,1,1,1,1,1,1,1,1,1
*,4002,Punk,,NPC_Nan_011,,2,,0,50,0,普通小怪,绝对值,0,50000,,5,700,,1000,60150,,,,,,,,,,,,,,,,,,,,,,,,1188,15550,2930,50103,2272,6186,0,0,0,15000,0,0,0,55673,111347,55673,5567,55673,1,1,1,1,1,1,1,1,1,1,1,1,1
*,14101,Jerry the Ripper,,BOSS_Nan_011,120,2,,0,50,2,单人副本-BOSS,绝对值,2,60111;60112;60114;60115,,,700,RandomSkill,1002,60150,,,,,,,,,,,,,,,,,,,,,,,,1188,93300,2930,50103,2272,6186,0,0,0,15000,0,10000,10000,55673,111347,55673,5567,55673,1,1,1,1,1,1,1,1,1,1,1,1,1
*,14102,Bravo,,NPC_Nan_021,,2,,0,50,0,普通小怪,绝对值,0,50001,,5,700,,1003,60150,,,,,,,,,,,,,,,,,,,,,,,,1188,15550,2930,50103,2272,6186,0,0,0,15000,0,0,0,55673,111347,55673,5567,55673,1,1,1,1,1,1,1,1,1,1,1,1,1
*,14103,Punk,,NPC_Nan_011,,2,,0,50,0,普通小怪,绝对值,0,50000,,5,700,,1003,60150,,,,,,,,,,,,,,,,,,,,,,,,1188,15550,2930,50103,2272,6186,0,0,0,15000,0,0,0,55673,111347,55673,5567,55673,1,1,1,1,1,1,1,1,1,1,1,1,1
*,74001,Policeman,,NPC_Nan_023_City,,3,,2,50,1,精英怪,绝对值,1,50000,,5,700,,1010,60150,,,,,,,,,,,,,,,,,,,,,,,,2376,46650,2930,50103,2272,6186,0,0,0,15000,0,0,0,55673,111347,55673,5567,55673,1,1,1,1,1,1,1,1,1,1,1,1,1
*,74002,Civilian ,,NPC_Nv_003_City,,3,,2,50,1,精英怪,绝对值,1,50000,,5,700,,1010,60150,,,,,,,,,,,,,,,,,,,,,,,,2376,46650,2930,50103,2272,6186,0,0,0,15000,0,0,0,55673,111347,55673,5567,55673,1,1,1,1,1,1,1,1,1,1,1,1,1
*,74003,Civilian ,,NPC_Nan_004_City,,3,,2,50,1,精英怪,绝对值,1,50000,,5,700,,1010,60150,,,,,,,,,,,,,,,,,,,,,,,,2376,46650,2930,50103,2272,6186,0,0,0,15000,0,0,0,55673,111347,55673,5567,55673,1,1,1,1,1,1,1,1,1,1,1,1,1
,,第五章（MapID:108),,,,,,,,,,,,,,,,,,,,,,,,,,,,,,,,,,,,,,,,,,,,,,,,,,,,,,,,,,,,1,1,1,1,1,1,1,1,1,1,1,1,1
*,5001,Private Guard,,NPC_Nan_029,,2,,0,60,0,普通小怪,绝对值,0,50000,,5,700,,1000,60160,,,,,,,,,,,,,,,,,,,,,,,,1611,21450,3971,67905,3079,8383,0,0,0,15000,0,0,0,75445,150891,75445,7545,75445,1,1,1,1,1,1,1,1,1,1,1,1,1
*,5002,Marksman,,NPC_Nan_030,,2,,0,60,0,普通小怪,绝对值,0,50001,,5,700,,1000,60160,,,,,,,,,,,,,,,,,,,,,,,,1611,21450,3971,67905,3079,8383,0,0,0,15000,0,0,0,75445,150891,75445,7545,75445,1,1,1,1,1,1,1,1,1,1,1,1,1
*,5003,Elite Beater,,NPC_Nan_035,,2,,0,60,0,普通小怪,绝对值,0,50000,,5,700,,1000,60209,,,,,,,,,,,,,,,,,,,,,,,,1611,21450,3971,67905,3079,8383,0,0,0,15000,0,0,0,75445,150891,75445,7545,75445,1,1,1,1,1,1,1,1,1,1,1,1,1
*,5004,Striker,,NPC_Nan_037,,2,,0,60,0,普通小怪,绝对值,0,50000,,5,700,,1000,60160,,,,,,,,,,,,,,,,,,,,,,,,1611,21450,3971,67905,3079,8383,0,0,0,15000,0,0,0,75445,150891,75445,7545,75445,1,1,1,1,1,1,1,1,1,1,1,1,1
*,5005,Mercenary,,NPC_Nan_039,,2,,0,60,0,普通小怪,绝对值,0,50001,,5,700,,1000,60160,,,,,,,,,,,,,,,,,,,,,,,,1611,21450,3971,67905,3079,8383,0,0,0,15000,0,0,0,75445,150891,75445,7545,75445,1,1,1,1,1,1,1,1,1,1,1,1,1
*,5006,Armed Police,,NPC_Nan_025,,2,,0,60,0,普通小怪,绝对值,0,50001,,5,700,,1000,60210,,,,,,,,,,,,,,,,,,,,,,,,1611,21450,3971,67905,3079,8383,0,0,0,15000,0,0,0,75445,150891,75445,7545,75445,1,1,1,1,1,1,1,1,1,1,1,1,1
*,15101,Elite Guard,,NPC_Nan_025,,2,,0,60,0,普通小怪,绝对值,0,50001,,5,700,,1003,60160,,,,,,,,,,,,,,,,,,,,,,,,1611,21450,3971,67905,3079,8383,0,0,0,15000,0,0,0,75445,150891,75445,7545,75445,1,1,1,1,1,1,1,1,1,1,1,1,1
*,15201,Veteran,,NPC_Nan_044,,2,,0,60,0,普通小怪,绝对值,0,50001,,5,700,,1003,60160,,,,,,,,,,,,,,,,,,,,,,,,1611,21450,3971,67905,3079,8383,0,0,0,15000,0,0,0,75445,150891,75445,7545,75445,1,1,1,1,1,1,1,1,1,1,1,1,1
*,15301,Golden Magnum,,BOSS_Nan_004,120,2,,0,60,2,单人副本-BOSS,绝对值,2,60041;60042;60043,,,700,RandomSkill,1002,60160,,,,,,,,,,,,,,,,,,,,,,,,1611,128700,3971,67905,3079,8383,0,0,0,15000,0,10000,10000,75445,150891,75445,7545,75445,1,1,1,1,1,1,1,1,1,1,1,1,1
,,第六章（MapID:106),,,,,,,,,,,,,,,,,,,,,,,,,,,,,,,,,,,,,,,,,,,,,,,,,,,,,,,,,,,,1,1,1,1,1,1,1,1,1,1,1,1,1
*,6001,Police,,NPC_Nan_023,,2,,0,70,0,普通小怪,绝对值,0,50000,,5,700,,1000,60170,,,,,,,,,,,,,,,,,,,,,,,,7711,28049,5185,88659,4021,10946,0,0,0,15000,0,0,0,98513,197025,98513,9851,98513,1,1,1,1,1,1,1,1,1,1,1,1,1
*,6002,Mercenary,,NPC_Nan_039,,2,,0,70,0,普通小怪,绝对值,0,50001,,5,700,,1000,60170,,,,,,,,,,,,,,,,,,,,,,,,7711,28049,5185,88659,4021,10946,0,0,0,15000,0,0,0,98513,197025,98513,9851,98513,1,1,1,1,1,1,1,1,1,1,1,1,1
*,6003,Bravo,,NPC_Nan_021,,2,,0,70,0,普通小怪,绝对值,0,50001,,5,700,,1000,60170,,,,,,,,,,,,,,,,,,,,,,,,7711,28049,5185,88659,4021,10946,0,0,0,15000,0,0,0,98513,197025,98513,9851,98513,1,1,1,1,1,1,1,1,1,1,1,1,1
*,6004,Marksman,,NPC_Nan_030,,2,,0,70,0,普通小怪,绝对值,0,50001,,5,700,,1000,60170,,,,,,,,,,,,,,,,,,,,,,,,7711,28049,5185,88659,4021,10946,0,0,0,15000,0,0,0,98513,197025,98513,9851,98513,1,1,1,1,1,1,1,1,1,1,1,1,1
*,6005,Armed Police,,NPC_Nan_025,,2,,0,70,0,普通小怪,绝对值,0,50001,,5,700,,1000,60170,,,,,,,,,,,,,,,,,,,,,,,,7711,28049,5185,88659,4021,10946,0,0,0,15000,0,0,0,98513,197025,98513,9851,98513,1,1,1,1,1,1,1,1,1,1,1,1,1
*,16101,Striker,,NPC_Nan_037,,2,,0,70,0,普通小怪,绝对值,0,50000,,5,700,,1003,60170,,,,,,,,,,,,,,,,,,,,,,,,7711,28049,5185,88659,4021,10946,0,0,0,15000,0,0,0,98513,197025,98513,9851,98513,1,1,1,1,1,1,1,1,1,1,1,1,1
*,16102,Red Beater,,NPC_Nan_035,,2,,0,70,0,普通小怪,绝对值,0,50000,,5,700,,1003,60170,,,,,,,,,,,,,,,,,,,,,,,,7711,28049,5185,88659,4021,10946,0,0,0,15000,0,0,0,98513,197025,98513,9851,98513,1,1,1,1,1,1,1,1,1,1,1,1,1
*,16103,Striker,,NPC_Nan_037,,2,,0,70,0,普通小怪,绝对值,0,50000,,5,700,,1003,60170,,,,,,,,,,,,,,,,,,,,,,,,7711,28049,5185,88659,4021,10946,0,0,0,15000,0,0,0,98513,197025,98513,9851,98513,1,1,1,1,1,1,1,1,1,1,1,1,1
*,16104,Red Beater,,NPC_Nan_035,,2,,0,70,0,普通小怪,绝对值,0,50000,,5,700,,1003,60170,,,,,,,,,,,,,,,,,,,,,,,,7711,28049,5185,88659,4021,10946,0,0,0,15000,0,0,0,98513,197025,98513,9851,98513,1,1,1,1,1,1,1,1,1,1,1,1,1
*,16107,The Pain,,BOSS_Nan_006,120,2,,0,70,2,单人副本-BOSS,绝对值,2,60061;60062;60063;60064;60065,,,700,RandomSkill,1002,60170,,,,,,,,,,,,,,,,,,,,,,,,7711,168294,5185,88659,4021,10946,0,0,0,15000,0,10000,10000,98513,197025,98513,9851,98513,1,1,1,1,1,1,1,1,1,1,1,1,1
*,16201,Bio-Avenger,,BOSS_Nv_004,120,2,,0,70,2,单人副本-BOSS,绝对值,2,70041;70042;70043,,,700,RandomSkill,1002,60170,,,,,,,,,,,,,,,,,,,,,,,,7711,168294,5185,88659,4021,10946,0,0,0,15000,0,10000,10000,98513,197025,98513,9851,98513,1,1,1,1,1,1,1,1,1,1,1,1,1
*,16301,Striker,,NPC_Nan_037,,2,,0,70,0,普通小怪,绝对值,0,50000,,5,700,,1003,60170,,,,,,,,,,,,,,,,,,,,,,,,7711,28049,5185,88659,4021,10946,0,0,0,15000,0,0,0,98513,197025,98513,9851,98513,1,1,1,1,1,1,1,1,1,1,1,1,1
*,16302,Armed Police,,NPC_Nan_025,,2,,0,70,0,普通小怪,绝对值,0,50001,,5,700,,1003,60170,,,,,,,,,,,,,,,,,,,,,,,,7711,28049,5185,88659,4021,10946,0,0,0,15000,0,0,0,98513,197025,98513,9851,98513,1,1,1,1,1,1,1,1,1,1,1,1,1
*,16303,Striker,,NPC_Nan_037,,2,,0,70,0,普通小怪,绝对值,0,50000,,5,700,,1003,60170,,,,,,,,,,,,,,,,,,,,,,,,7711,28049,5185,88659,4021,10946,0,0,0,15000,0,0,0,98513,197025,98513,9851,98513,1,1,1,1,1,1,1,1,1,1,1,1,1
*,16304,Armed Police,,NPC_Nan_025,,2,,0,70,0,普通小怪,绝对值,0,50001,,5,700,,1003,60170,,,,,,,,,,,,,,,,,,,,,,,,7711,28049,5185,88659,4021,10946,0,0,0,15000,0,0,0,98513,197025,98513,9851,98513,1,1,1,1,1,1,1,1,1,1,1,1,1
*,16305,Striker,,NPC_Nan_037,,2,,0,70,0,普通小怪,绝对值,0,50000,,5,700,,1003,60170,,,,,,,,,,,,,,,,,,,,,,,,7711,28049,5185,88659,4021,10946,0,0,0,15000,0,0,0,98513,197025,98513,9851,98513,1,1,1,1,1,1,1,1,1,1,1,1,1
*,16306,Armed Police,,NPC_Nan_025,,2,,0,70,0,普通小怪,绝对值,0,50001,,5,700,,1003,60170,,,,,,,,,,,,,,,,,,,,,,,,7711,28049,5185,88659,4021,10946,0,0,0,15000,0,0,0,98513,197025,98513,9851,98513,1,1,1,1,1,1,1,1,1,1,1,1,1
*,16307,Hammer Destroyer,,BOSS_Nan_001,120,2,,0,70,2,单人副本-BOSS,绝对值,2,60011;60012;60013;60014,,,700,RandomSkill,1002,60170,,,,,,,,,,,,,,,,,,,,,,,,7711,168294,5185,88659,4021,10946,0,0,0,15000,0,10000,10000,98513,197025,98513,9851,98513,1,1,1,1,1,1,1,1,1,1,1,1,1
*,16401,Armed Police,,NPC_Nan_025,,2,,0,70,0,普通小怪,绝对值,0,50001,,5,700,,1003,60170,,,,,,,,,,,,,,,,,,,,,,,,7711,28049,5185,88659,4021,10946,0,0,0,15000,0,0,0,98513,197025,98513,9851,98513,1,1,1,1,1,1,1,1,1,1,1,1,1
*,16402,Golden Magnum,,BOSS_Nan_004,120,2,,0,70,2,单人副本-BOSS,绝对值,2,60041;60042;60043,,,700,RandomSkill,1002,60170,,,,,,,,,,,,,,,,,,,,,,,,7711,168294,5185,88659,4021,10946,0,0,0,15000,0,10000,10000,98513,197025,98513,9851,98513,1,1,1,1,1,1,1,1,1,1,1,1,1
*,16403,Striker,,NPC_Nan_037,,2,,0,70,0,普通小怪,绝对值,0,50000,,5,700,,1003,60170,,,,,,,,,,,,,,,,,,,,,,,,7711,28049,5185,88659,4021,10946,0,0,0,15000,0,0,0,98513,197025,98513,9851,98513,1,1,1,1,1,1,1,1,1,1,1,1,1
*,16404,Wild Axe ,,BOSS_Nan_002,120,2,,0,70,2,单人副本-BOSS,绝对值,2,60021;60022;60023;60024,,,700,RandomSkill,1002,60170,,,,,,,,,,,,,,,,,,,,,,,,7711,168294,5185,88659,4021,10946,0,0,0,15000,0,10000,10000,98513,197025,98513,9851,98513,1,1,1,1,1,1,1,1,1,1,1,1,1
*,16405,Mercenary,,NPC_Nan_039,,2,,0,70,0,普通小怪,绝对值,0,50001,,5,700,,1003,60170,,,,,,,,,,,,,,,,,,,,,,,,7711,28049,5185,88659,4021,10946,0,0,0,15000,0,0,0,98513,197025,98513,9851,98513,1,1,1,1,1,1,1,1,1,1,1,1,1
*,16406,Burning Heart,,BOSS_Nan_010,120,2,,0,70,2,单人副本-BOSS,绝对值,2,60101;60102;60103,,,700,RandomSkill,1002,60170,,,,,,,,,,,,,,,,,,,,,,,,7711,168294,5185,88659,4021,10946,0,0,0,15000,0,10000,10000,98513,197025,98513,9851,98513,1,1,1,1,1,1,1,1,1,1,1,1,1
*,16407,Veteran,,NPC_Nan_044,,2,,0,70,0,普通小怪,绝对值,0,50001,,5,700,,1003,60170,,,,,,,,,,,,,,,,,,,,,,,,7711,28049,5185,88659,4021,10946,0,0,0,15000,0,0,0,98513,197025,98513,9851,98513,1,1,1,1,1,1,1,1,1,1,1,1,1
*,16408,Violence Queen,,BOSS_Nv_001,120,2,,0,70,2,单人副本-BOSS,绝对值,2,70011;70012;70013;70014,,,700,RandomSkill,1002,60170,,,,,,,,,,,,,,,,,,,,,,,,7711,168294,5185,88659,4021,10946,0,0,0,15000,0,10000,10000,98513,197025,98513,9851,98513,1,1,1,1,1,1,1,1,1,1,1,1,1
,,经验副本敌人,,,,,,,,,,,,,,,,,,,,,,,,,,,,,,,,,,,,,,,,,,,,,,,,,,,,,,,,,,,,1,1,1,1,1,1,1,1,1,1,1,1,1
*,21101,RepairMan Lv.4,,NPC_Nan_009,,2,,0,4,12,经验本怪物,绝对值,0,50001,,5,700,,1007,28113,,,,,,,,,,,,,,,,,,,,,,,,35,5320,130,3267,148,404,0,0,0,15000,0,0,0,3633,7267,3633,363,3633,1,0.7,1,1,1,1,1,1,1,1,1,1,1
*,21102,Horro Lv.5,,NPC_Nan_006,,2,,0,5,12,经验本怪物,绝对值,0,50000,,5,700,,1007,28113,,,,,,,,,,,,,,,,,,,,,,,,40,6160,140,3411,155,421,0,0,0,15000,0,0,0,3792,7583,3792,379,3792,1,0.7,1,1,1,1,1,1,1,1,1,1,1
*,21103,Punk Lv.6,,NPC_Nan_015,,2,,0,6,12,经验本怪物,绝对值,0,50001,,5,700,,1007,28113,,,,,,,,,,,,,,,,,,,,,,,,45,7000,150,3555,161,439,0,0,0,15000,0,0,0,3950,7900,3950,395,3950,1,0.7,1,1,1,1,1,1,1,1,1,1,1
*,21104,RepairMan Lv.9,,NPC_Nan_009,,2,,0,9,12,经验本怪物,绝对值,0,50001,,5,700,,1007,28113,,,,,,,,,,,,,,,,,,,,,,,,63,8431,233,3987,181,492,0,0,0,15000,0,0,0,4425,8850,4425,443,4425,1,0.7,1,1,1,1,1,1,1,1,1,1,1
*,21105,Horro Lv.11,,NPC_Nan_006,,2,,0,11,12,经验本怪物,绝对值,0,50000,,5,700,,1007,28113,,,,,,,,,,,,,,,,,,,,,,,,62,9164,322,5517,250,681,0,0,0,15000,0,0,0,6125,12250,6125,613,6125,1,0.7,1,1,1,1,1,1,1,1,1,1,1
*,21106,Punk Lv.13,,NPC_Nan_015,,2,,0,13,12,经验本怪物,绝对值,0,50001,,5,700,,1007,28113,,,,,,,,,,,,,,,,,,,,,,,,89,11290,364,6228,282,769,0,0,0,15000,0,0,0,6917,13833,6917,692,6917,1,0.7,1,1,1,1,1,1,1,1,1,1,1
*,21107,RepairMan Lv.14,,NPC_Nan_009,,2,,0,14,12,经验本怪物,绝对值,0,50001,,5,700,,1007,28113,,,,,,,,,,,,,,,,,,,,,,,,108,11413,385,6579,298,813,0,0,0,15000,0,0,0,7313,14625,7313,731,7313,1,0.7,1,1,1,1,1,1,1,1,1,1,1
*,21111,RepairMan Lv.3,,NPC_Nan_009,,2,,0,3,12,经验本怪物,绝对值,0,50001,,5,700,,1007,28114,,,,,,,,,,,,,,,,,,,,,,,,30,4480,120,3132,142,386,0,0,0,15000,0,0,0,3475,6950,3475,348,3475,1,0.7,1,1,1,1,1,1,1,1,1,1,1
*,21112,Horro Lv.4,,NPC_Nan_006,,2,,0,4,12,经验本怪物,绝对值,0,50000,,5,700,,1007,28114,,,,,,,,,,,,,,,,,,,,,,,,35,5320,130,3267,148,404,0,0,0,15000,0,0,0,3633,7267,3633,363,3633,1,0.7,1,1,1,1,1,1,1,1,1,1,1
*,21113,Punk Lv.5,,NPC_Nan_015,,2,,0,5,12,经验本怪物,绝对值,0,50001,,5,700,,1007,28114,,,,,,,,,,,,,,,,,,,,,,,,40,6160,140,3411,155,421,0,0,0,15000,0,0,0,3792,7583,3792,379,3792,1,0.7,1,1,1,1,1,1,1,1,1,1,1
*,21114,RepairMan Lv.8,,NPC_Nan_009,,2,,0,8,12,经验本怪物,绝对值,0,50001,,5,700,,1007,28114,,,,,,,,,,,,,,,,,,,,,,,,55,8313,225,3843,174,474,0,0,0,15000,0,0,0,4267,8533,4267,427,4267,1,0.7,1,1,1,1,1,1,1,1,1,1,1
*,21115,Horro Lv.10,,NPC_Nan_006,,2,,0,10,12,经验本怪物,绝对值,0,50000,,5,700,,1007,28114,,,,,,,,,,,,,,,,,,,,,,,,72,8467,241,4122,187,509,0,0,0,15000,0,0,0,4583,9167,4583,458,4583,1,0.7,1,1,1,1,1,1,1,1,1,1,1
*,21116,Punk Lv.12,,NPC_Nan_015,,2,,0,12,12,经验本怪物,绝对值,0,50001,,5,700,,1007,28114,,,,,,,,,,,,,,,,,,,,,,,,75,11088,343,5868,266,725,0,0,0,15000,0,0,0,6521,13042,6521,652,6521,1,0.7,1,1,1,1,1,1,1,1,1,1,1
*,21117,RepairMan Lv.13,,NPC_Nan_009,,2,,0,13,12,经验本怪物,绝对值,0,50001,,5,700,,1007,28114,,,,,,,,,,,,,,,,,,,,,,,,89,11290,364,6228,282,769,0,0,0,15000,0,0,0,6917,13833,6917,692,6917,1,0.7,1,1,1,1,1,1,1,1,1,1,1
*,21121,RepairMan Lv.2,,NPC_Nan_009,,2,,0,2,12,经验本怪物,绝对值,0,50001,,5,700,,1007,28115,,,,,,,,,,,,,,,,,,,,,,,,25,3640,110,2988,135,369,0,0,0,15000,0,0,0,3317,6633,3317,332,3317,1,0.7,1,1,1,1,1,1,1,1,1,1,1
*,21122,Horro Lv.3,,NPC_Nan_006,,2,,0,3,12,经验本怪物,绝对值,0,50000,,5,700,,1007,28115,,,,,,,,,,,,,,,,,,,,,,,,30,4480,120,3132,142,386,0,0,0,15000,0,0,0,3475,6950,3475,348,3475,1,0.7,1,1,1,1,1,1,1,1,1,1,1
*,21123,Punk Lv.4,,NPC_Nan_015,,2,,0,4,12,经验本怪物,绝对值,0,50001,,5,700,,1007,28115,,,,,,,,,,,,,,,,,,,,,,,,35,5320,130,3267,148,404,0,0,0,15000,0,0,0,3633,7267,3633,363,3633,1,0.7,1,1,1,1,1,1,1,1,1,1,1
*,21124,RepairMan Lv.7,,NPC_Nan_009,,2,,0,7,12,经验本怪物,绝对值,0,50001,,5,700,,1007,28115,,,,,,,,,,,,,,,,,,,,,,,,53,8277,216,3699,168,456,0,0,0,15000,0,0,0,4108,8217,4108,411,4108,1,0.7,1,1,1,1,1,1,1,1,1,1,1
*,21125,Horro Lv.9,,NPC_Nan_006,,2,,0,9,12,经验本怪物,绝对值,0,50000,,5,700,,1007,28115,,,,,,,,,,,,,,,,,,,,,,,,63,8431,233,3987,181,492,0,0,0,15000,0,0,0,4425,8850,4425,443,4425,1,0.7,1,1,1,1,1,1,1,1,1,1,1
*,21126,Punk Lv.11,,NPC_Nan_015,,2,,0,11,12,经验本怪物,绝对值,0,50001,,5,700,,1007,28115,,,,,,,,,,,,,,,,,,,,,,,,62,9164,322,5517,250,681,0,0,0,15000,0,0,0,6125,12250,6125,613,6125,1,0.7,1,1,1,1,1,1,1,1,1,1,1
*,21127,RepairMan Lv.12,,NPC_Nan_009,,2,,0,12,12,经验本怪物,绝对值,0,50001,,5,700,,1007,28115,,,,,,,,,,,,,,,,,,,,,,,,75,11088,343,5868,266,725,0,0,0,15000,0,0,0,6521,13042,6521,652,6521,1,0.7,1,1,1,1,1,1,1,1,1,1,1
*,21131,RepairMan Lv.1,,NPC_Nan_009,,2,,0,1,12,经验本怪物,绝对值,0,50001,,5,700,,1007,28116,,,,,,,,,,,,,,,,,,,,,,,,20,2800,100,2844,129,351,0,0,0,15000,0,0,0,3158,6317,3158,316,3158,1,0.7,1,1,1,1,1,1,1,1,1,1,1
*,21132,Horro Lv.2,,NPC_Nan_006,,2,,0,2,12,经验本怪物,绝对值,0,50000,,5,700,,1007,28116,,,,,,,,,,,,,,,,,,,,,,,,25,3640,110,2988,135,369,0,0,0,15000,0,0,0,3317,6633,3317,332,3317,1,0.7,1,1,1,1,1,1,1,1,1,1,1
*,21133,Punk Lv.3,,NPC_Nan_015,,2,,0,3,12,经验本怪物,绝对值,0,50001,,5,700,,1007,28116,,,,,,,,,,,,,,,,,,,,,,,,30,4480,120,3132,142,386,0,0,0,15000,0,0,0,3475,6950,3475,348,3475,1,0.7,1,1,1,1,1,1,1,1,1,1,1
*,21134,RepairMan Lv.6,,NPC_Nan_009,,2,,0,6,12,经验本怪物,绝对值,0,50001,,5,700,,1007,28116,,,,,,,,,,,,,,,,,,,,,,,,45,7000,150,3555,161,439,0,0,0,15000,0,0,0,3950,7900,3950,395,3950,1,0.7,1,1,1,1,1,1,1,1,1,1,1
*,21135,Horro Lv.8,,NPC_Nan_006,,2,,0,8,12,经验本怪物,绝对值,0,50000,,5,700,,1007,28116,,,,,,,,,,,,,,,,,,,,,,,,55,8313,225,3843,174,474,0,0,0,15000,0,0,0,4267,8533,4267,427,4267,1,0.7,1,1,1,1,1,1,1,1,1,1,1
*,21136,Punk Lv.10,,NPC_Nan_015,,2,,0,10,12,经验本怪物,绝对值,0,50001,,5,700,,1007,28116,,,,,,,,,,,,,,,,,,,,,,,,72,8467,241,4122,187,509,0,0,0,15000,0,0,0,4583,9167,4583,458,4583,1,0.7,1,1,1,1,1,1,1,1,1,1,1
*,21137,RepairMan Lv.11,,NPC_Nan_009,,2,,0,11,12,经验本怪物,绝对值,0,50001,,5,700,,1007,28116,,,,,,,,,,,,,,,,,,,,,,,,62,9164,322,5517,250,681,0,0,0,15000,0,0,0,6125,12250,6125,613,6125,1,0.7,1,1,1,1,1,1,1,1,1,1,1
*,21201,RepairMan Lv.24,,NPC_Nan_009,,2,,0,24,12,经验本怪物,绝对值,0,50001,,5,700,,1007,28123,,,,,,,,,,,,,,,,,,,,,,,,271,32744,635,10854,492,1340,0,0,0,15000,0,0,0,12063,24125,12063,1206,12063,1,1,1,1,1,1,1,1,1,1,1,1,1
*,21202,Horro Lv.24,,NPC_Nan_006,,2,,0,24,12,经验本怪物,绝对值,0,50000,,5,700,,1007,28123,,,,,,,,,,,,,,,,,,,,,,,,271,32744,635,10854,492,1340,0,0,0,15000,0,0,0,12063,24125,12063,1206,12063,1,1,1,1,1,1,1,1,1,1,1,1,1
*,21203,Punk Lv.25,,NPC_Nan_015,,2,,0,25,12,经验本怪物,绝对值,0,50001,,5,700,,1007,28123,,,,,,,,,,,,,,,,,,,,,,,,284,35952,666,11394,517,1406,0,0,0,15000,0,0,0,12656,25313,12656,1266,12656,1,1,1,1,1,1,1,1,1,1,1,1,1
*,21204,RepairMan Lv.25,,NPC_Nan_009,,2,,0,25,12,经验本怪物,绝对值,0,50001,,5,700,,1007,28123,,,,,,,,,,,,,,,,,,,,,,,,284,35952,666,11394,517,1406,0,0,0,15000,0,0,0,12656,25313,12656,1266,12656,1,1,1,1,1,1,1,1,1,1,1,1,1
*,21205,Horro Lv.26,,NPC_Nan_006,,2,,0,26,12,经验本怪物,绝对值,0,50000,,5,700,,1007,28123,,,,,,,,,,,,,,,,,,,,,,,,300,36496,697,11925,541,1472,0,0,0,15000,0,0,0,13250,26500,13250,1325,13250,1,1,1,1,1,1,1,1,1,1,1,1,1
*,21206,Punk Lv.26,,NPC_Nan_015,,2,,0,26,12,经验本怪物,绝对值,0,50001,,5,700,,1007,28123,,,,,,,,,,,,,,,,,,,,,,,,300,36496,697,11925,541,1472,0,0,0,15000,0,0,0,13250,26500,13250,1325,13250,1,1,1,1,1,1,1,1,1,1,1,1,1
*,21207,RepairMan Lv.27,,NPC_Nan_009,,2,,0,27,12,经验本怪物,绝对值,0,50001,,5,700,,1007,28123,,,,,,,,,,,,,,,,,,,,,,,,313,40140,729,12456,565,1538,0,0,0,15000,0,0,0,13844,27688,13844,1384,13844,1,1,1,1,1,1,1,1,1,1,1,1,1
*,21211,RepairMan Lv.23,,NPC_Nan_009,,2,,0,23,12,经验本怪物,绝对值,0,50001,,5,700,,1007,28124,,,,,,,,,,,,,,,,,,,,,,,,258,32512,604,10323,468,1274,0,0,0,15000,0,0,0,11469,22938,11469,1147,11469,1,1,1,1,1,1,1,1,1,1,1,1,1
*,21212,Horro Lv.23,,NPC_Nan_006,,2,,0,23,12,经验本怪物,绝对值,0,50000,,5,700,,1007,28124,,,,,,,,,,,,,,,,,,,,,,,,258,32512,604,10323,468,1274,0,0,0,15000,0,0,0,11469,22938,11469,1147,11469,1,1,1,1,1,1,1,1,1,1,1,1,1
*,21213,Punk Lv.24,,NPC_Nan_015,,2,,0,24,12,经验本怪物,绝对值,0,50001,,5,700,,1007,28124,,,,,,,,,,,,,,,,,,,,,,,,271,32744,635,10854,492,1340,0,0,0,15000,0,0,0,12063,24125,12063,1206,12063,1,1,1,1,1,1,1,1,1,1,1,1,1
*,21214,RepairMan Lv.24,,NPC_Nan_009,,2,,0,24,12,经验本怪物,绝对值,0,50001,,5,700,,1007,28124,,,,,,,,,,,,,,,,,,,,,,,,271,32744,635,10854,492,1340,0,0,0,15000,0,0,0,12063,24125,12063,1206,12063,1,1,1,1,1,1,1,1,1,1,1,1,1
*,21215,Horro Lv.25,,NPC_Nan_006,,2,,0,25,12,经验本怪物,绝对值,0,50000,,5,700,,1007,28124,,,,,,,,,,,,,,,,,,,,,,,,284,35952,666,11394,517,1406,0,0,0,15000,0,0,0,12656,25313,12656,1266,12656,1,1,1,1,1,1,1,1,1,1,1,1,1
*,21216,Punk Lv.25,,NPC_Nan_015,,2,,0,25,12,经验本怪物,绝对值,0,50001,,5,700,,1007,28124,,,,,,,,,,,,,,,,,,,,,,,,284,35952,666,11394,517,1406,0,0,0,15000,0,0,0,12656,25313,12656,1266,12656,1,1,1,1,1,1,1,1,1,1,1,1,1
*,21217,RepairMan Lv.26,,NPC_Nan_009,,2,,0,26,12,经验本怪物,绝对值,0,50001,,5,700,,1007,28124,,,,,,,,,,,,,,,,,,,,,,,,300,36496,697,11925,541,1472,0,0,0,15000,0,0,0,13250,26500,13250,1325,13250,1,1,1,1,1,1,1,1,1,1,1,1,1
*,21221,RepairMan Lv.22,,NPC_Nan_009,,2,,0,22,12,经验本怪物,绝对值,0,50001,,5,700,,1007,28125,,,,,,,,,,,,,,,,,,,,,,,,246,31428,572,9792,444,1208,0,0,0,15000,0,0,0,10875,21750,10875,1088,10875,1,1,1,1,1,1,1,1,1,1,1,1,1
*,21222,Horro Lv.22,,NPC_Nan_006,,2,,0,22,12,经验本怪物,绝对值,0,50000,,5,700,,1007,28125,,,,,,,,,,,,,,,,,,,,,,,,246,31428,572,9792,444,1208,0,0,0,15000,0,0,0,10875,21750,10875,1088,10875,1,1,1,1,1,1,1,1,1,1,1,1,1
*,21223,Punk Lv.23,,NPC_Nan_015,,2,,0,23,12,经验本怪物,绝对值,0,50001,,5,700,,1007,28125,,,,,,,,,,,,,,,,,,,,,,,,258,32512,604,10323,468,1274,0,0,0,15000,0,0,0,11469,22938,11469,1147,11469,1,1,1,1,1,1,1,1,1,1,1,1,1
*,21224,RepairMan Lv.23,,NPC_Nan_009,,2,,0,23,12,经验本怪物,绝对值,0,50001,,5,700,,1007,28125,,,,,,,,,,,,,,,,,,,,,,,,258,32512,604,10323,468,1274,0,0,0,15000,0,0,0,11469,22938,11469,1147,11469,1,1,1,1,1,1,1,1,1,1,1,1,1
*,21225,Horro Lv.24,,NPC_Nan_006,,2,,0,24,12,经验本怪物,绝对值,0,50000,,5,700,,1007,28125,,,,,,,,,,,,,,,,,,,,,,,,271,32744,635,10854,492,1340,0,0,0,15000,0,0,0,12063,24125,12063,1206,12063,1,1,1,1,1,1,1,1,1,1,1,1,1
*,21226,Punk Lv.24,,NPC_Nan_015,,2,,0,24,12,经验本怪物,绝对值,0,50001,,5,700,,1007,28125,,,,,,,,,,,,,,,,,,,,,,,,271,32744,635,10854,492,1340,0,0,0,15000,0,0,0,12063,24125,12063,1206,12063,1,1,1,1,1,1,1,1,1,1,1,1,1
*,21227,RepairMan Lv.25,,NPC_Nan_009,,2,,0,25,12,经验本怪物,绝对值,0,50001,,5,700,,1007,28125,,,,,,,,,,,,,,,,,,,,,,,,284,35952,666,11394,517,1406,0,0,0,15000,0,0,0,12656,25313,12656,1266,12656,1,1,1,1,1,1,1,1,1,1,1,1,1
*,21231,RepairMan Lv.21,,NPC_Nan_009,,2,,0,21,12,经验本怪物,绝对值,0,50001,,5,700,,1007,28126,,,,,,,,,,,,,,,,,,,,,,,,234,28328,541,9252,420,1142,0,0,0,15000,0,0,0,10281,20563,10281,1028,10281,1,1,1,1,1,1,1,1,1,1,1,1,1
*,21232,Horro Lv.21,,NPC_Nan_006,,2,,0,21,12,经验本怪物,绝对值,0,50000,,5,700,,1007,28126,,,,,,,,,,,,,,,,,,,,,,,,234,28328,541,9252,420,1142,0,0,0,15000,0,0,0,10281,20563,10281,1028,10281,1,1,1,1,1,1,1,1,1,1,1,1,1
*,21233,Punk Lv.22,,NPC_Nan_015,,2,,0,22,12,经验本怪物,绝对值,0,50001,,5,700,,1007,28126,,,,,,,,,,,,,,,,,,,,,,,,246,31428,572,9792,444,1208,0,0,0,15000,0,0,0,10875,21750,10875,1088,10875,1,1,1,1,1,1,1,1,1,1,1,1,1
*,21234,RepairMan Lv.22,,NPC_Nan_009,,2,,0,22,12,经验本怪物,绝对值,0,50001,,5,700,,1007,28126,,,,,,,,,,,,,,,,,,,,,,,,246,31428,572,9792,444,1208,0,0,0,15000,0,0,0,10875,21750,10875,1088,10875,1,1,1,1,1,1,1,1,1,1,1,1,1
*,21235,Horro Lv.23,,NPC_Nan_006,,2,,0,23,12,经验本怪物,绝对值,0,50000,,5,700,,1007,28126,,,,,,,,,,,,,,,,,,,,,,,,258,32512,604,10323,468,1274,0,0,0,15000,0,0,0,11469,22938,11469,1147,11469,1,1,1,1,1,1,1,1,1,1,1,1,1
*,21236,Punk Lv.23,,NPC_Nan_015,,2,,0,23,12,经验本怪物,绝对值,0,50001,,5,700,,1007,28126,,,,,,,,,,,,,,,,,,,,,,,,258,32512,604,10323,468,1274,0,0,0,15000,0,0,0,11469,22938,11469,1147,11469,1,1,1,1,1,1,1,1,1,1,1,1,1
*,21237,RepairMan Lv.24,,NPC_Nan_009,,2,,0,24,12,经验本怪物,绝对值,0,50001,,5,700,,1007,28126,,,,,,,,,,,,,,,,,,,,,,,,271,32744,635,10854,492,1340,0,0,0,15000,0,0,0,12063,24125,12063,1206,12063,1,1,1,1,1,1,1,1,1,1,1,1,1
*,21301,RepairMan Lv.34,,NPC_Nan_009,,2,,0,34,12,经验本怪物,绝对值,0,50001,,5,700,,1007,28133,,,,,,,,,,,,,,,,,,,,,,,,345,50092,1220,20862,946,2575,0,0,0,15000,0,0,0,23176,46353,23176,2318,23176,1,1,1,1,1,1,1,1,1,1,1,1,1
*,21302,Horro Lv.34,,NPC_Nan_006,,2,,0,34,12,经验本怪物,绝对值,0,50000,,5,700,,1007,28133,,,,,,,,,,,,,,,,,,,,,,,,345,50092,1220,20862,946,2575,0,0,0,15000,0,0,0,23176,46353,23176,2318,23176,1,1,1,1,1,1,1,1,1,1,1,1,1
*,21303,Punk Lv.35,,NPC_Nan_015,,2,,0,35,12,经验本怪物,绝对值,0,50001,,5,700,,1007,28133,,,,,,,,,,,,,,,,,,,,,,,,351,41044,1589,27171,1232,3355,0,0,0,15000,0,0,0,30191,60382,30191,3019,30191,1,1,1,1,1,1,1,1,1,1,1,1,1
*,21304,RepairMan Lv.35,,NPC_Nan_009,,2,,0,35,12,经验本怪物,绝对值,0,50001,,5,700,,1007,28133,,,,,,,,,,,,,,,,,,,,,,,,351,41044,1589,27171,1232,3355,0,0,0,15000,0,0,0,30191,60382,30191,3019,30191,1,1,1,1,1,1,1,1,1,1,1,1,1
*,21305,Horro Lv.36,,NPC_Nan_006,,2,,0,36,12,经验本怪物,绝对值,0,50000,,5,700,,1007,28133,,,,,,,,,,,,,,,,,,,,,,,,364,41252,1653,28269,1282,3490,0,0,0,15000,0,0,0,31411,62823,31411,3141,31411,1,1,1,1,1,1,1,1,1,1,1,1,1
*,21306,Punk Lv.36,,NPC_Nan_015,,2,,0,36,12,经验本怪物,绝对值,0,50001,,5,700,,1007,28133,,,,,,,,,,,,,,,,,,,,,,,,364,41252,1653,28269,1282,3490,0,0,0,15000,0,0,0,31411,62823,31411,3141,31411,1,1,1,1,1,1,1,1,1,1,1,1,1
*,21307,RepairMan Lv.37,,NPC_Nan_009,,2,,0,37,12,经验本怪物,绝对值,0,50001,,5,700,,1007,28133,,,,,,,,,,,,,,,,,,,,,,,,379,44088,1717,29367,1332,3626,0,0,0,15000,0,0,0,32632,65264,32632,3263,32632,1,1,1,1,1,1,1,1,1,1,1,1,1
*,21311,RepairMan Lv.33,,NPC_Nan_009,,2,,0,33,12,经验本怪物,绝对值,0,50001,,5,700,,1007,28134,,,,,,,,,,,,,,,,,,,,,,,,329,48976,1168,19980,906,2467,0,0,0,15000,0,0,0,22200,44400,22200,2220,22200,1,1,1,1,1,1,1,1,1,1,1,1,1
*,21312,Horro Lv.33,,NPC_Nan_006,,2,,0,33,12,经验本怪物,绝对值,0,50000,,5,700,,1007,28134,,,,,,,,,,,,,,,,,,,,,,,,329,48976,1168,19980,906,2467,0,0,0,15000,0,0,0,22200,44400,22200,2220,22200,1,1,1,1,1,1,1,1,1,1,1,1,1
*,21313,Punk Lv.34,,NPC_Nan_015,,2,,0,34,12,经验本怪物,绝对值,0,50001,,5,700,,1007,28134,,,,,,,,,,,,,,,,,,,,,,,,345,50092,1220,20862,946,2575,0,0,0,15000,0,0,0,23176,46353,23176,2318,23176,1,1,1,1,1,1,1,1,1,1,1,1,1
*,21314,RepairMan Lv.34,,NPC_Nan_009,,2,,0,34,12,经验本怪物,绝对值,0,50001,,5,700,,1007,28134,,,,,,,,,,,,,,,,,,,,,,,,345,50092,1220,20862,946,2575,0,0,0,15000,0,0,0,23176,46353,23176,2318,23176,1,1,1,1,1,1,1,1,1,1,1,1,1
*,21315,Horro Lv.35,,NPC_Nan_006,,2,,0,35,12,经验本怪物,绝对值,0,50000,,5,700,,1007,28134,,,,,,,,,,,,,,,,,,,,,,,,351,41044,1589,27171,1232,3355,0,0,0,15000,0,0,0,30191,60382,30191,3019,30191,1,1,1,1,1,1,1,1,1,1,1,1,1
*,21316,Punk Lv.35,,NPC_Nan_015,,2,,0,35,12,经验本怪物,绝对值,0,50001,,5,700,,1007,28134,,,,,,,,,,,,,,,,,,,,,,,,351,41044,1589,27171,1232,3355,0,0,0,15000,0,0,0,30191,60382,30191,3019,30191,1,1,1,1,1,1,1,1,1,1,1,1,1
*,21317,RepairMan Lv.36,,NPC_Nan_009,,2,,0,36,12,经验本怪物,绝对值,0,50001,,5,700,,1007,28134,,,,,,,,,,,,,,,,,,,,,,,,364,41252,1653,28269,1282,3490,0,0,0,15000,0,0,0,31411,62823,31411,3141,31411,1,1,1,1,1,1,1,1,1,1,1,1,1
*,21321,RepairMan Lv.32,,NPC_Nan_009,,2,,0,32,12,经验本怪物,绝对值,0,50001,,5,700,,1007,28135,,,,,,,,,,,,,,,,,,,,,,,,315,45856,1117,19098,866,2358,0,0,0,15000,0,0,0,21224,42447,21224,2122,21224,1,1,1,1,1,1,1,1,1,1,1,1,1
*,21322,Horro Lv.32,,NPC_Nan_006,,2,,0,32,12,经验本怪物,绝对值,0,50000,,5,700,,1007,28135,,,,,,,,,,,,,,,,,,,,,,,,315,45856,1117,19098,866,2358,0,0,0,15000,0,0,0,21224,42447,21224,2122,21224,1,1,1,1,1,1,1,1,1,1,1,1,1
*,21323,Punk Lv.33,,NPC_Nan_015,,2,,0,33,12,经验本怪物,绝对值,0,50001,,5,700,,1007,28135,,,,,,,,,,,,,,,,,,,,,,,,329,48976,1168,19980,906,2467,0,0,0,15000,0,0,0,22200,44400,22200,2220,22200,1,1,1,1,1,1,1,1,1,1,1,1,1
*,21324,RepairMan Lv.33,,NPC_Nan_009,,2,,0,33,12,经验本怪物,绝对值,0,50001,,5,700,,1007,28135,,,,,,,,,,,,,,,,,,,,,,,,329,48976,1168,19980,906,2467,0,0,0,15000,0,0,0,22200,44400,22200,2220,22200,1,1,1,1,1,1,1,1,1,1,1,1,1
*,21325,Horro Lv.34,,NPC_Nan_006,,2,,0,34,12,经验本怪物,绝对值,0,50000,,5,700,,1007,28135,,,,,,,,,,,,,,,,,,,,,,,,345,50092,1220,20862,946,2575,0,0,0,15000,0,0,0,23176,46353,23176,2318,23176,1,1,1,1,1,1,1,1,1,1,1,1,1
*,21326,Punk Lv.34,,NPC_Nan_015,,2,,0,34,12,经验本怪物,绝对值,0,50001,,5,700,,1007,28135,,,,,,,,,,,,,,,,,,,,,,,,345,50092,1220,20862,946,2575,0,0,0,15000,0,0,0,23176,46353,23176,2318,23176,1,1,1,1,1,1,1,1,1,1,1,1,1
*,21327,RepairMan Lv.35,,NPC_Nan_009,,2,,0,35,12,经验本怪物,绝对值,0,50001,,5,700,,1007,28135,,,,,,,,,,,,,,,,,,,,,,,,351,41044,1589,27171,1232,3355,0,0,0,15000,0,0,0,30191,60382,30191,3019,30191,1,1,1,1,1,1,1,1,1,1,1,1,1
*,21331,RepairMan Lv.31,,NPC_Nan_009,,2,,0,31,12,经验本怪物,绝对值,0,50001,,5,700,,1007,28136,,,,,,,,,,,,,,,,,,,,,,,,301,45504,1066,18225,826,2250,0,0,0,15000,0,0,0,20247,40494,20247,2025,20247,1,1,1,1,1,1,1,1,1,1,1,1,1
*,21332,Horro Lv.31,,NPC_Nan_006,,2,,0,31,12,经验本怪物,绝对值,0,50000,,5,700,,1007,28136,,,,,,,,,,,,,,,,,,,,,,,,301,45504,1066,18225,826,2250,0,0,0,15000,0,0,0,20247,40494,20247,2025,20247,1,1,1,1,1,1,1,1,1,1,1,1,1
*,21333,Punk Lv.32,,NPC_Nan_015,,2,,0,32,12,经验本怪物,绝对值,0,50001,,5,700,,1007,28136,,,,,,,,,,,,,,,,,,,,,,,,315,45856,1117,19098,866,2358,0,0,0,15000,0,0,0,21224,42447,21224,2122,21224,1,1,1,1,1,1,1,1,1,1,1,1,1
*,21334,RepairMan Lv.32,,NPC_Nan_009,,2,,0,32,12,经验本怪物,绝对值,0,50001,,5,700,,1007,28136,,,,,,,,,,,,,,,,,,,,,,,,315,45856,1117,19098,866,2358,0,0,0,15000,0,0,0,21224,42447,21224,2122,21224,1,1,1,1,1,1,1,1,1,1,1,1,1
*,21335,Horro Lv.33,,NPC_Nan_006,,2,,0,33,12,经验本怪物,绝对值,0,50000,,5,700,,1007,28136,,,,,,,,,,,,,,,,,,,,,,,,329,48976,1168,19980,906,2467,0,0,0,15000,0,0,0,22200,44400,22200,2220,22200,1,1,1,1,1,1,1,1,1,1,1,1,1
*,21336,Punk Lv.33,,NPC_Nan_015,,2,,0,33,12,经验本怪物,绝对值,0,50001,,5,700,,1007,28136,,,,,,,,,,,,,,,,,,,,,,,,329,48976,1168,19980,906,2467,0,0,0,15000,0,0,0,22200,44400,22200,2220,22200,1,1,1,1,1,1,1,1,1,1,1,1,1
*,21337,RepairMan Lv.34,,NPC_Nan_009,,2,,0,34,12,经验本怪物,绝对值,0,50001,,5,700,,1007,28136,,,,,,,,,,,,,,,,,,,,,,,,345,50092,1220,20862,946,2575,0,0,0,15000,0,0,0,23176,46353,23176,2318,23176,1,1,1,1,1,1,1,1,1,1,1,1,1
*,21401,RepairMan Lv.44,,NPC_Nan_009,,2,,0,44,12,经验本怪物,绝对值,0,50001,,5,700,,1007,28143,,,,,,,,,,,,,,,,,,,,,,,,489,51116,2410,41211,1869,5088,0,0,0,15000,0,0,0,45788,91575,45788,4579,45788,1,1,1,1,1,1,1,1,1,1,1,1,1
*,21402,Horro Lv.44,,NPC_Nan_006,,2,,0,44,12,经验本怪物,绝对值,0,50000,,5,700,,1007,28143,,,,,,,,,,,,,,,,,,,,,,,,489,51116,2410,41211,1869,5088,0,0,0,15000,0,0,0,45788,91575,45788,4579,45788,1,1,1,1,1,1,1,1,1,1,1,1,1
*,21403,Punk Lv.45,,NPC_Nan_015,,2,,0,45,12,经验本怪物,绝对值,0,50001,,5,700,,1007,28143,,,,,,,,,,,,,,,,,,,,,,,,506,53720,2497,42696,1936,5271,0,0,0,15000,0,0,0,47435,94870,47435,4744,47435,1,1,1,1,1,1,1,1,1,1,1,1,1
*,21404,RepairMan Lv.45,,NPC_Nan_009,,2,,0,45,12,经验本怪物,绝对值,0,50001,,5,700,,1007,28143,,,,,,,,,,,,,,,,,,,,,,,,506,53720,2497,42696,1936,5271,0,0,0,15000,0,0,0,47435,94870,47435,4744,47435,1,1,1,1,1,1,1,1,1,1,1,1,1
*,21405,Horro Lv.46,,NPC_Nan_006,,2,,0,46,12,经验本怪物,绝对值,0,50000,,5,700,,1007,28143,,,,,,,,,,,,,,,,,,,,,,,,524,56072,2583,44172,2003,5454,0,0,0,15000,0,0,0,49083,98166,49083,4908,49083,1,1,1,1,1,1,1,1,1,1,1,1,1
*,21406,Punk Lv.46,,NPC_Nan_015,,2,,0,46,12,经验本怪物,绝对值,0,50001,,5,700,,1007,28143,,,,,,,,,,,,,,,,,,,,,,,,524,56072,2583,44172,2003,5454,0,0,0,15000,0,0,0,49083,98166,49083,4908,49083,1,1,1,1,1,1,1,1,1,1,1,1,1
*,21407,RepairMan Lv.47,,NPC_Nan_009,,2,,0,47,12,经验本怪物,绝对值,0,50001,,5,700,,1007,28143,,,,,,,,,,,,,,,,,,,,,,,,542,56772,2670,45657,2071,5637,0,0,0,15000,0,0,0,50730,101461,50730,5073,50730,1,1,1,1,1,1,1,1,1,1,1,1,1
*,21411,RepairMan Lv.43,,NPC_Nan_009,,2,,0,43,12,经验本怪物,绝对值,0,50001,,5,700,,1007,28144,,,,,,,,,,,,,,,,,,,,,,,,471,50736,2323,39726,1802,4904,0,0,0,15000,0,0,0,44140,88280,44140,4414,44140,1,1,1,1,1,1,1,1,1,1,1,1,1
*,21412,Horro Lv.43,,NPC_Nan_006,,2,,0,43,12,经验本怪物,绝对值,0,50000,,5,700,,1007,28144,,,,,,,,,,,,,,,,,,,,,,,,471,50736,2323,39726,1802,4904,0,0,0,15000,0,0,0,44140,88280,44140,4414,44140,1,1,1,1,1,1,1,1,1,1,1,1,1
*,21413,Punk Lv.44,,NPC_Nan_015,,2,,0,44,12,经验本怪物,绝对值,0,50001,,5,700,,1007,28144,,,,,,,,,,,,,,,,,,,,,,,,489,51116,2410,41211,1869,5088,0,0,0,15000,0,0,0,45788,91575,45788,4579,45788,1,1,1,1,1,1,1,1,1,1,1,1,1
*,21414,RepairMan Lv.44,,NPC_Nan_009,,2,,0,44,12,经验本怪物,绝对值,0,50001,,5,700,,1007,28144,,,,,,,,,,,,,,,,,,,,,,,,489,51116,2410,41211,1869,5088,0,0,0,15000,0,0,0,45788,91575,45788,4579,45788,1,1,1,1,1,1,1,1,1,1,1,1,1
*,21415,Horro Lv.45,,NPC_Nan_006,,2,,0,45,12,经验本怪物,绝对值,0,50000,,5,700,,1007,28144,,,,,,,,,,,,,,,,,,,,,,,,506,53720,2497,42696,1936,5271,0,0,0,15000,0,0,0,47435,94870,47435,4744,47435,1,1,1,1,1,1,1,1,1,1,1,1,1
*,21416,Punk Lv.45,,NPC_Nan_015,,2,,0,45,12,经验本怪物,绝对值,0,50001,,5,700,,1007,28144,,,,,,,,,,,,,,,,,,,,,,,,506,53720,2497,42696,1936,5271,0,0,0,15000,0,0,0,47435,94870,47435,4744,47435,1,1,1,1,1,1,1,1,1,1,1,1,1
*,21417,RepairMan Lv.46,,NPC_Nan_009,,2,,0,46,12,经验本怪物,绝对值,0,50001,,5,700,,1007,28144,,,,,,,,,,,,,,,,,,,,,,,,524,56072,2583,44172,2003,5454,0,0,0,15000,0,0,0,49083,98166,49083,4908,49083,1,1,1,1,1,1,1,1,1,1,1,1,1
*,21421,RepairMan Lv.42,,NPC_Nan_009,,2,,0,42,12,经验本怪物,绝对值,0,50001,,5,700,,1007,28145,,,,,,,,,,,,,,,,,,,,,,,,454,48408,2236,38241,1734,4721,0,0,0,15000,0,0,0,42492,84984,42492,4249,42492,1,1,1,1,1,1,1,1,1,1,1,1,1
*,21422,Horro Lv.42,,NPC_Nan_006,,2,,0,42,12,经验本怪物,绝对值,0,50000,,5,700,,1007,28145,,,,,,,,,,,,,,,,,,,,,,,,454,48408,2236,38241,1734,4721,0,0,0,15000,0,0,0,42492,84984,42492,4249,42492,1,1,1,1,1,1,1,1,1,1,1,1,1
*,21423,Punk Lv.43,,NPC_Nan_015,,2,,0,43,12,经验本怪物,绝对值,0,50001,,5,700,,1007,28145,,,,,,,,,,,,,,,,,,,,,,,,471,50736,2323,39726,1802,4904,0,0,0,15000,0,0,0,44140,88280,44140,4414,44140,1,1,1,1,1,1,1,1,1,1,1,1,1
*,21424,RepairMan Lv.43,,NPC_Nan_009,,2,,0,43,12,经验本怪物,绝对值,0,50001,,5,700,,1007,28145,,,,,,,,,,,,,,,,,,,,,,,,471,50736,2323,39726,1802,4904,0,0,0,15000,0,0,0,44140,88280,44140,4414,44140,1,1,1,1,1,1,1,1,1,1,1,1,1
*,21425,Horro Lv.44,,NPC_Nan_006,,2,,0,44,12,经验本怪物,绝对值,0,50000,,5,700,,1007,28145,,,,,,,,,,,,,,,,,,,,,,,,489,51116,2410,41211,1869,5088,0,0,0,15000,0,0,0,45788,91575,45788,4579,45788,1,1,1,1,1,1,1,1,1,1,1,1,1
*,21426,Punk Lv.44,,NPC_Nan_015,,2,,0,44,12,经验本怪物,绝对值,0,50001,,5,700,,1007,28145,,,,,,,,,,,,,,,,,,,,,,,,489,51116,2410,41211,1869,5088,0,0,0,15000,0,0,0,45788,91575,45788,4579,45788,1,1,1,1,1,1,1,1,1,1,1,1,1
*,21427,RepairMan Lv.45,,NPC_Nan_009,,2,,0,45,12,经验本怪物,绝对值,0,50001,,5,700,,1007,28145,,,,,,,,,,,,,,,,,,,,,,,,506,53720,2497,42696,1936,5271,0,0,0,15000,0,0,0,47435,94870,47435,4744,47435,1,1,1,1,1,1,1,1,1,1,1,1,1
*,21431,RepairMan Lv.41,,NPC_Nan_009,,2,,0,41,12,经验本怪物,绝对值,0,50001,,5,700,,1007,28146,,,,,,,,,,,,,,,,,,,,,,,,436,45708,2150,36756,1667,4538,0,0,0,15000,0,0,0,40845,81689,40845,4084,40845,1,1,1,1,1,1,1,1,1,1,1,1,1
*,21432,Horro Lv.41,,NPC_Nan_006,,2,,0,41,12,经验本怪物,绝对值,0,50000,,5,700,,1007,28146,,,,,,,,,,,,,,,,,,,,,,,,436,45708,2150,36756,1667,4538,0,0,0,15000,0,0,0,40845,81689,40845,4084,40845,1,1,1,1,1,1,1,1,1,1,1,1,1
*,21433,Punk Lv.42,,NPC_Nan_015,,2,,0,42,12,经验本怪物,绝对值,0,50001,,5,700,,1007,28146,,,,,,,,,,,,,,,,,,,,,,,,454,48408,2236,38241,1734,4721,0,0,0,15000,0,0,0,42492,84984,42492,4249,42492,1,1,1,1,1,1,1,1,1,1,1,1,1
*,21434,RepairMan Lv.42,,NPC_Nan_009,,2,,0,42,12,经验本怪物,绝对值,0,50001,,5,700,,1007,28146,,,,,,,,,,,,,,,,,,,,,,,,454,48408,2236,38241,1734,4721,0,0,0,15000,0,0,0,42492,84984,42492,4249,42492,1,1,1,1,1,1,1,1,1,1,1,1,1
*,21435,Horro Lv.43,,NPC_Nan_006,,2,,0,43,12,经验本怪物,绝对值,0,50000,,5,700,,1007,28146,,,,,,,,,,,,,,,,,,,,,,,,471,50736,2323,39726,1802,4904,0,0,0,15000,0,0,0,44140,88280,44140,4414,44140,1,1,1,1,1,1,1,1,1,1,1,1,1
*,21436,Punk Lv.43,,NPC_Nan_015,,2,,0,43,12,经验本怪物,绝对值,0,50001,,5,700,,1007,28146,,,,,,,,,,,,,,,,,,,,,,,,471,50736,2323,39726,1802,4904,0,0,0,15000,0,0,0,44140,88280,44140,4414,44140,1,1,1,1,1,1,1,1,1,1,1,1,1
*,21437,RepairMan Lv.44,,NPC_Nan_009,,2,,0,44,12,经验本怪物,绝对值,0,50001,,5,700,,1007,28146,,,,,,,,,,,,,,,,,,,,,,,,489,51116,2410,41211,1869,5088,0,0,0,15000,0,0,0,45788,91575,45788,4579,45788,1,1,1,1,1,1,1,1,1,1,1,1,1
*,21501,RepairMan Lv.54,,NPC_Nan_009,,2,,0,54,12,经验本怪物,绝对值,0,50001,,5,700,,1007,28153,,,,,,,,,,,,,,,,,,,,,,,,678,72372,3346,57222,2595,7065,0,0,0,15000,0,0,0,63582,127164,63582,6358,63582,1,1,1,1,1,1,1,1,1,1,1,1,1
*,21502,Horro Lv.54,,NPC_Nan_006,,2,,0,54,12,经验本怪物,绝对值,0,50000,,5,700,,1007,28153,,,,,,,,,,,,,,,,,,,,,,,,678,72372,3346,57222,2595,7065,0,0,0,15000,0,0,0,63582,127164,63582,6358,63582,1,1,1,1,1,1,1,1,1,1,1,1,1
*,21503,Punk Lv.55,,NPC_Nan_015,,2,,0,55,12,经验本怪物,绝对值,0,50001,,5,700,,1007,28153,,,,,,,,,,,,,,,,,,,,,,,,700,74804,3450,59004,2676,7284,0,0,0,15000,0,0,0,65559,131119,65559,6556,65559,1,1,1,1,1,1,1,1,1,1,1,1,1
*,21504,RepairMan Lv.55,,NPC_Nan_009,,2,,0,55,12,经验本怪物,绝对值,0,50001,,5,700,,1007,28153,,,,,,,,,,,,,,,,,,,,,,,,700,74804,3450,59004,2676,7284,0,0,0,15000,0,0,0,65559,131119,65559,6556,65559,1,1,1,1,1,1,1,1,1,1,1,1,1
*,21505,Horro Lv.56,,NPC_Nan_006,,2,,0,56,12,经验本怪物,绝对值,0,50000,,5,700,,1007,28153,,,,,,,,,,,,,,,,,,,,,,,,720,75508,3555,60786,2757,7504,0,0,0,15000,0,0,0,67537,135073,67537,6754,67537,1,1,1,1,1,1,1,1,1,1,1,1,1
*,21506,Punk Lv.56,,NPC_Nan_015,,2,,0,56,12,经验本怪物,绝对值,0,50001,,5,700,,1007,28153,,,,,,,,,,,,,,,,,,,,,,,,720,75508,3555,60786,2757,7504,0,0,0,15000,0,0,0,67537,135073,67537,6754,67537,1,1,1,1,1,1,1,1,1,1,1,1,1
*,21507,RepairMan Lv.57,,NPC_Nan_009,,2,,0,57,12,经验本怪物,绝对值,0,50001,,5,700,,1007,28153,,,,,,,,,,,,,,,,,,,,,,,,742,77976,3659,62559,2837,7724,0,0,0,15000,0,0,0,69514,139028,69514,6951,69514,1,1,1,1,1,1,1,1,1,1,1,1,1
*,21511,RepairMan Lv.53,,NPC_Nan_009,,2,,0,53,12,经验本怪物,绝对值,0,50001,,5,700,,1007,28154,,,,,,,,,,,,,,,,,,,,,,,,657,69688,3242,55449,2514,6845,0,0,0,15000,0,0,0,61605,123210,61605,6161,61605,1,1,1,1,1,1,1,1,1,1,1,1,1
*,21512,Horro Lv.53,,NPC_Nan_006,,2,,0,53,12,经验本怪物,绝对值,0,50000,,5,700,,1007,28154,,,,,,,,,,,,,,,,,,,,,,,,657,69688,3242,55449,2514,6845,0,0,0,15000,0,0,0,61605,123210,61605,6161,61605,1,1,1,1,1,1,1,1,1,1,1,1,1
*,21513,Punk Lv.54,,NPC_Nan_015,,2,,0,54,12,经验本怪物,绝对值,0,50001,,5,700,,1007,28154,,,,,,,,,,,,,,,,,,,,,,,,678,72372,3346,57222,2595,7065,0,0,0,15000,0,0,0,63582,127164,63582,6358,63582,1,1,1,1,1,1,1,1,1,1,1,1,1
*,21514,RepairMan Lv.54,,NPC_Nan_009,,2,,0,54,12,经验本怪物,绝对值,0,50001,,5,700,,1007,28154,,,,,,,,,,,,,,,,,,,,,,,,678,72372,3346,57222,2595,7065,0,0,0,15000,0,0,0,63582,127164,63582,6358,63582,1,1,1,1,1,1,1,1,1,1,1,1,1
*,21515,Horro Lv.55,,NPC_Nan_006,,2,,0,55,12,经验本怪物,绝对值,0,50000,,5,700,,1007,28154,,,,,,,,,,,,,,,,,,,,,,,,700,74804,3450,59004,2676,7284,0,0,0,15000,0,0,0,65559,131119,65559,6556,65559,1,1,1,1,1,1,1,1,1,1,1,1,1
*,21516,Punk Lv.55,,NPC_Nan_015,,2,,0,55,12,经验本怪物,绝对值,0,50001,,5,700,,1007,28154,,,,,,,,,,,,,,,,,,,,,,,,700,74804,3450,59004,2676,7284,0,0,0,15000,0,0,0,65559,131119,65559,6556,65559,1,1,1,1,1,1,1,1,1,1,1,1,1
*,21517,RepairMan Lv.56,,NPC_Nan_009,,2,,0,56,12,经验本怪物,绝对值,0,50001,,5,700,,1007,28154,,,,,,,,,,,,,,,,,,,,,,,,720,75508,3555,60786,2757,7504,0,0,0,15000,0,0,0,67537,135073,67537,6754,67537,1,1,1,1,1,1,1,1,1,1,1,1,1
*,21521,RepairMan Lv.52,,NPC_Nan_009,,2,,0,52,12,经验本怪物,绝对值,0,50001,,5,700,,1007,28155,,,,,,,,,,,,,,,,,,,,,,,,637,67232,3138,53667,2434,6625,0,0,0,15000,0,0,0,59628,119256,59628,5963,59628,1,1,1,1,1,1,1,1,1,1,1,1,1
*,21522,Horro Lv.52,,NPC_Nan_006,,2,,0,52,12,经验本怪物,绝对值,0,50000,,5,700,,1007,28155,,,,,,,,,,,,,,,,,,,,,,,,637,67232,3138,53667,2434,6625,0,0,0,15000,0,0,0,59628,119256,59628,5963,59628,1,1,1,1,1,1,1,1,1,1,1,1,1
*,21523,Punk Lv.53,,NPC_Nan_015,,2,,0,53,12,经验本怪物,绝对值,0,50001,,5,700,,1007,28155,,,,,,,,,,,,,,,,,,,,,,,,657,69688,3242,55449,2514,6845,0,0,0,15000,0,0,0,61605,123210,61605,6161,61605,1,1,1,1,1,1,1,1,1,1,1,1,1
*,21524,RepairMan Lv.53,,NPC_Nan_009,,2,,0,53,12,经验本怪物,绝对值,0,50001,,5,700,,1007,28155,,,,,,,,,,,,,,,,,,,,,,,,657,69688,3242,55449,2514,6845,0,0,0,15000,0,0,0,61605,123210,61605,6161,61605,1,1,1,1,1,1,1,1,1,1,1,1,1
*,21525,Horro Lv.54,,NPC_Nan_006,,2,,0,54,12,经验本怪物,绝对值,0,50000,,5,700,,1007,28155,,,,,,,,,,,,,,,,,,,,,,,,678,72372,3346,57222,2595,7065,0,0,0,15000,0,0,0,63582,127164,63582,6358,63582,1,1,1,1,1,1,1,1,1,1,1,1,1
*,21526,Punk Lv.54,,NPC_Nan_015,,2,,0,54,12,经验本怪物,绝对值,0,50001,,5,700,,1007,28155,,,,,,,,,,,,,,,,,,,,,,,,678,72372,3346,57222,2595,7065,0,0,0,15000,0,0,0,63582,127164,63582,6358,63582,1,1,1,1,1,1,1,1,1,1,1,1,1
*,21527,RepairMan Lv.55,,NPC_Nan_009,,2,,0,55,12,经验本怪物,绝对值,0,50001,,5,700,,1007,28155,,,,,,,,,,,,,,,,,,,,,,,,700,74804,3450,59004,2676,7284,0,0,0,15000,0,0,0,65559,131119,65559,6556,65559,1,1,1,1,1,1,1,1,1,1,1,1,1
*,21531,RepairMan Lv.51,,NPC_Nan_009,,2,,0,51,12,经验本怪物,绝对值,0,50001,,5,700,,1007,28156,,,,,,,,,,,,,,,,,,,,,,,,615,64548,3034,51885,2353,6406,0,0,0,15000,0,0,0,57651,115301,57651,5765,57651,1,1,1,1,1,1,1,1,1,1,1,1,1
*,21532,Horro Lv.51,,NPC_Nan_006,,2,,0,51,12,经验本怪物,绝对值,0,50000,,5,700,,1007,28156,,,,,,,,,,,,,,,,,,,,,,,,615,64548,3034,51885,2353,6406,0,0,0,15000,0,0,0,57651,115301,57651,5765,57651,1,1,1,1,1,1,1,1,1,1,1,1,1
*,21533,Punk Lv.52,,NPC_Nan_015,,2,,0,52,12,经验本怪物,绝对值,0,50001,,5,700,,1007,28156,,,,,,,,,,,,,,,,,,,,,,,,637,67232,3138,53667,2434,6625,0,0,0,15000,0,0,0,59628,119256,59628,5963,59628,1,1,1,1,1,1,1,1,1,1,1,1,1
*,21534,RepairMan Lv.52,,NPC_Nan_009,,2,,0,52,12,经验本怪物,绝对值,0,50001,,5,700,,1007,28156,,,,,,,,,,,,,,,,,,,,,,,,637,67232,3138,53667,2434,6625,0,0,0,15000,0,0,0,59628,119256,59628,5963,59628,1,1,1,1,1,1,1,1,1,1,1,1,1
*,21535,Horro Lv.53,,NPC_Nan_006,,2,,0,53,12,经验本怪物,绝对值,0,50000,,5,700,,1007,28156,,,,,,,,,,,,,,,,,,,,,,,,657,69688,3242,55449,2514,6845,0,0,0,15000,0,0,0,61605,123210,61605,6161,61605,1,1,1,1,1,1,1,1,1,1,1,1,1
*,21536,Punk Lv.53,,NPC_Nan_015,,2,,0,53,12,经验本怪物,绝对值,0,50001,,5,700,,1007,28156,,,,,,,,,,,,,,,,,,,,,,,,657,69688,3242,55449,2514,6845,0,0,0,15000,0,0,0,61605,123210,61605,6161,61605,1,1,1,1,1,1,1,1,1,1,1,1,1
*,21537,RepairMan Lv.54,,NPC_Nan_009,,2,,0,54,12,经验本怪物,绝对值,0,50001,,5,700,,1007,28156,,,,,,,,,,,,,,,,,,,,,,,,678,72372,3346,57222,2595,7065,0,0,0,15000,0,0,0,63582,127164,63582,6358,63582,1,1,1,1,1,1,1,1,1,1,1,1,1
*,21601,RepairMan Lv.64,,NPC_Nan_009,,2,,0,64,12,经验本怪物,绝对值,0,50001,,5,700,,1007,28163,,,,,,,,,,,,,,,,,,,,,,,,904,96336,4456,76203,3456,9408,0,0,0,15000,0,0,0,84672,169344,84672,8467,84672,1,1,1,1,1,1,1,1,1,1,1,1,1
*,21602,Horro Lv.64,,NPC_Nan_006,,2,,0,64,12,经验本怪物,绝对值,0,50000,,5,700,,1007,28163,,,,,,,,,,,,,,,,,,,,,,,,904,96336,4456,76203,3456,9408,0,0,0,15000,0,0,0,84672,169344,84672,8467,84672,1,1,1,1,1,1,1,1,1,1,1,1,1
*,21603,Punk Lv.65,,NPC_Nan_015,,2,,0,65,12,经验本怪物,绝对值,0,50001,,5,700,,1007,28163,,,,,,,,,,,,,,,,,,,,,,,,1134,99120,4578,78282,3550,9664,0,0,0,15000,0,0,0,86979,173958,86979,8698,86979,1,1,1,1,1,1,1,1,1,1,1,1,1
*,21604,RepairMan Lv.65,,NPC_Nan_009,,2,,0,65,12,经验本怪物,绝对值,0,50001,,5,700,,1007,28163,,,,,,,,,,,,,,,,,,,,,,,,1134,99120,4578,78282,3550,9664,0,0,0,15000,0,0,0,86979,173958,86979,8698,86979,1,1,1,1,1,1,1,1,1,1,1,1,1
*,21605,Horro Lv.66,,NPC_Nan_006,,2,,0,66,12,经验本怪物,绝对值,0,50000,,5,700,,1007,28163,,,,,,,,,,,,,,,,,,,,,,,,1456,101664,4699,80361,3644,9921,0,0,0,15000,0,0,0,89286,178571,89286,8929,89286,1,1,1,1,1,1,1,1,1,1,1,1,1
*,21606,Punk Lv.66,,NPC_Nan_015,,2,,0,66,12,经验本怪物,绝对值,0,50001,,5,700,,1007,28163,,,,,,,,,,,,,,,,,,,,,,,,1456,101664,4699,80361,3644,9921,0,0,0,15000,0,0,0,89286,178571,89286,8929,89286,1,1,1,1,1,1,1,1,1,1,1,1,1
*,21607,RepairMan Lv.67,,NPC_Nan_009,,2,,0,67,12,经验本怪物,绝对值,0,50001,,5,700,,1007,28163,,,,,,,,,,,,,,,,,,,,,,,,1919,104448,4821,82431,3738,10177,0,0,0,15000,0,0,0,91592,183185,91592,9159,91592,1,1,1,1,1,1,1,1,1,1,1,1,1
*,21611,RepairMan Lv.63,,NPC_Nan_009,,2,,0,63,12,经验本怪物,绝对值,0,50001,,5,700,,1007,28164,,,,,,,,,,,,,,,,,,,,,,,,879,93548,4335,74133,3362,9152,0,0,0,15000,0,0,0,82365,164731,82365,8237,82365,1,1,1,1,1,1,1,1,1,1,1,1,1
*,21612,Horro Lv.63,,NPC_Nan_006,,2,,0,63,12,经验本怪物,绝对值,0,50000,,5,700,,1007,28164,,,,,,,,,,,,,,,,,,,,,,,,879,93548,4335,74133,3362,9152,0,0,0,15000,0,0,0,82365,164731,82365,8237,82365,1,1,1,1,1,1,1,1,1,1,1,1,1
*,21613,Punk Lv.64,,NPC_Nan_015,,2,,0,64,12,经验本怪物,绝对值,0,50001,,5,700,,1007,28164,,,,,,,,,,,,,,,,,,,,,,,,904,96336,4456,76203,3456,9408,0,0,0,15000,0,0,0,84672,169344,84672,8467,84672,1,1,1,1,1,1,1,1,1,1,1,1,1
*,21614,RepairMan Lv.64,,NPC_Nan_009,,2,,0,64,12,经验本怪物,绝对值,0,50001,,5,700,,1007,28164,,,,,,,,,,,,,,,,,,,,,,,,904,96336,4456,76203,3456,9408,0,0,0,15000,0,0,0,84672,169344,84672,8467,84672,1,1,1,1,1,1,1,1,1,1,1,1,1
*,21615,Horro Lv.65,,NPC_Nan_006,,2,,0,65,12,经验本怪物,绝对值,0,50000,,5,700,,1007,28164,,,,,,,,,,,,,,,,,,,,,,,,1134,99120,4578,78282,3550,9664,0,0,0,15000,0,0,0,86979,173958,86979,8698,86979,1,1,1,1,1,1,1,1,1,1,1,1,1
*,21616,Punk Lv.65,,NPC_Nan_015,,2,,0,65,12,经验本怪物,绝对值,0,50001,,5,700,,1007,28164,,,,,,,,,,,,,,,,,,,,,,,,1134,99120,4578,78282,3550,9664,0,0,0,15000,0,0,0,86979,173958,86979,8698,86979,1,1,1,1,1,1,1,1,1,1,1,1,1
*,21617,RepairMan Lv.66,,NPC_Nan_009,,2,,0,66,12,经验本怪物,绝对值,0,50001,,5,700,,1007,28164,,,,,,,,,,,,,,,,,,,,,,,,1456,101664,4699,80361,3644,9921,0,0,0,15000,0,0,0,89286,178571,89286,8929,89286,1,1,1,1,1,1,1,1,1,1,1,1,1
*,21621,RepairMan Lv.62,,NPC_Nan_009,,2,,0,62,12,经验本怪物,绝对值,0,50001,,5,700,,1007,28165,,,,,,,,,,,,,,,,,,,,,,,,855,91108,4214,72054,3268,8895,0,0,0,15000,0,0,0,80059,160118,80059,8006,80059,1,1,1,1,1,1,1,1,1,1,1,1,1
*,21622,Horro Lv.62,,NPC_Nan_006,,2,,0,62,12,经验本怪物,绝对值,0,50000,,5,700,,1007,28165,,,,,,,,,,,,,,,,,,,,,,,,855,91108,4214,72054,3268,8895,0,0,0,15000,0,0,0,80059,160118,80059,8006,80059,1,1,1,1,1,1,1,1,1,1,1,1,1
*,21623,Punk Lv.63,,NPC_Nan_015,,2,,0,63,12,经验本怪物,绝对值,0,50001,,5,700,,1007,28165,,,,,,,,,,,,,,,,,,,,,,,,879,93548,4335,74133,3362,9152,0,0,0,15000,0,0,0,82365,164731,82365,8237,82365,1,1,1,1,1,1,1,1,1,1,1,1,1
*,21624,RepairMan Lv.63,,NPC_Nan_009,,2,,0,63,12,经验本怪物,绝对值,0,50001,,5,700,,1007,28165,,,,,,,,,,,,,,,,,,,,,,,,879,93548,4335,74133,3362,9152,0,0,0,15000,0,0,0,82365,164731,82365,8237,82365,1,1,1,1,1,1,1,1,1,1,1,1,1
*,21625,Horro Lv.64,,NPC_Nan_006,,2,,0,64,12,经验本怪物,绝对值,0,50000,,5,700,,1007,28165,,,,,,,,,,,,,,,,,,,,,,,,904,96336,4456,76203,3456,9408,0,0,0,15000,0,0,0,84672,169344,84672,8467,84672,1,1,1,1,1,1,1,1,1,1,1,1,1
*,21626,Punk Lv.64,,NPC_Nan_015,,2,,0,64,12,经验本怪物,绝对值,0,50001,,5,700,,1007,28165,,,,,,,,,,,,,,,,,,,,,,,,904,96336,4456,76203,3456,9408,0,0,0,15000,0,0,0,84672,169344,84672,8467,84672,1,1,1,1,1,1,1,1,1,1,1,1,1
*,21627,RepairMan Lv.65,,NPC_Nan_009,,2,,0,65,12,经验本怪物,绝对值,0,50001,,5,700,,1007,28165,,,,,,,,,,,,,,,,,,,,,,,,1134,99120,4578,78282,3550,9664,0,0,0,15000,0,0,0,86979,173958,86979,8698,86979,1,1,1,1,1,1,1,1,1,1,1,1,1
*,21631,RepairMan Lv.61,,NPC_Nan_009,,2,,0,61,12,经验本怪物,绝对值,0,50001,,5,700,,1007,28166,,,,,,,,,,,,,,,,,,,,,,,,830,88220,4092,69975,3174,8639,0,0,0,15000,0,0,0,77752,155504,77752,7775,77752,1,1,1,1,1,1,1,1,1,1,1,1,1
*,21632,Horro Lv.61,,NPC_Nan_006,,2,,0,61,12,经验本怪物,绝对值,0,50000,,5,700,,1007,28166,,,,,,,,,,,,,,,,,,,,,,,,830,88220,4092,69975,3174,8639,0,0,0,15000,0,0,0,77752,155504,77752,7775,77752,1,1,1,1,1,1,1,1,1,1,1,1,1
*,21633,Punk Lv.62,,NPC_Nan_015,,2,,0,62,12,经验本怪物,绝对值,0,50001,,5,700,,1007,28166,,,,,,,,,,,,,,,,,,,,,,,,855,91108,4214,72054,3268,8895,0,0,0,15000,0,0,0,80059,160118,80059,8006,80059,1,1,1,1,1,1,1,1,1,1,1,1,1
*,21634,RepairMan Lv.62,,NPC_Nan_009,,2,,0,62,12,经验本怪物,绝对值,0,50001,,5,700,,1007,28166,,,,,,,,,,,,,,,,,,,,,,,,855,91108,4214,72054,3268,8895,0,0,0,15000,0,0,0,80059,160118,80059,8006,80059,1,1,1,1,1,1,1,1,1,1,1,1,1
*,21635,Horro Lv.63,,NPC_Nan_006,,2,,0,63,12,经验本怪物,绝对值,0,50000,,5,700,,1007,28166,,,,,,,,,,,,,,,,,,,,,,,,879,93548,4335,74133,3362,9152,0,0,0,15000,0,0,0,82365,164731,82365,8237,82365,1,1,1,1,1,1,1,1,1,1,1,1,1
*,21636,Punk Lv.63,,NPC_Nan_015,,2,,0,63,12,经验本怪物,绝对值,0,50001,,5,700,,1007,28166,,,,,,,,,,,,,,,,,,,,,,,,879,93548,4335,74133,3362,9152,0,0,0,15000,0,0,0,82365,164731,82365,8237,82365,1,1,1,1,1,1,1,1,1,1,1,1,1
*,21637,RepairMan Lv.64,,NPC_Nan_009,,2,,0,64,12,经验本怪物,绝对值,0,50001,,5,700,,1007,28166,,,,,,,,,,,,,,,,,,,,,,,,904,96336,4456,76203,3456,9408,0,0,0,15000,0,0,0,84672,169344,84672,8467,84672,1,1,1,1,1,1,1,1,1,1,1,1,1
*,21701,RepairMan Lv.74,,NPC_Nan_009,,2,,0,74,12,经验本怪物,绝对值,0,50001,,5,700,,1007,28173,,,,,,,,,,,,,,,,,,,,,,,,4267,123376,5740,98154,4451,12118,0,0,0,15000,0,0,0,109058,218115,109058,10906,109058,1,1,1,1,1,1,1,1,1,1,1,1,1
*,21702,Horro Lv.74,,NPC_Nan_006,,2,,0,74,12,经验本怪物,绝对值,0,50000,,5,700,,1007,28173,,,,,,,,,,,,,,,,,,,,,,,,4267,123376,5740,98154,4451,12118,0,0,0,15000,0,0,0,109058,218115,109058,10906,109058,1,1,1,1,1,1,1,1,1,1,1,1,1
*,21703,Punk Lv.75,,NPC_Nan_015,,2,,0,75,12,经验本怪物,绝对值,0,50001,,5,700,,1007,28173,,,,,,,,,,,,,,,,,,,,,,,,4372,126348,5879,100521,4559,12410,0,0,0,15000,0,0,0,111694,223388,111694,11169,111694,1,1,1,1,1,1,1,1,1,1,1,1,1
*,21704,RepairMan Lv.75,,NPC_Nan_009,,2,,0,75,12,经验本怪物,绝对值,0,50001,,5,700,,1007,28173,,,,,,,,,,,,,,,,,,,,,,,,4372,126348,5879,100521,4559,12410,0,0,0,15000,0,0,0,111694,223388,111694,11169,111694,1,1,1,1,1,1,1,1,1,1,1,1,1
*,21705,Horro Lv.76,,NPC_Nan_006,,2,,0,76,12,经验本怪物,绝对值,0,50000,,5,700,,1007,28173,,,,,,,,,,,,,,,,,,,,,,,,4471,128776,6017,102897,4667,12703,0,0,0,15000,0,0,0,114330,228660,114330,11433,114330,1,1,1,1,1,1,1,1,1,1,1,1,1
*,21706,Punk Lv.76,,NPC_Nan_015,,2,,0,76,12,经验本怪物,绝对值,0,50001,,5,700,,1007,28173,,,,,,,,,,,,,,,,,,,,,,,,4471,128776,6017,102897,4667,12703,0,0,0,15000,0,0,0,114330,228660,114330,11433,114330,1,1,1,1,1,1,1,1,1,1,1,1,1
*,21707,RepairMan Lv.77,,NPC_Nan_009,,2,,0,77,12,经验本怪物,绝对值,0,50001,,5,700,,1007,28173,,,,,,,,,,,,,,,,,,,,,,,,4575,131760,6156,105273,4774,12996,0,0,0,15000,0,0,0,116966,233933,116966,11697,116966,1,1,1,1,1,1,1,1,1,1,1,1,1
*,21711,RepairMan Lv.73,,NPC_Nan_009,,2,,0,73,12,经验本怪物,绝对值,0,50001,,5,700,,1007,28174,,,,,,,,,,,,,,,,,,,,,,,,4159,120588,5601,95778,4344,11825,0,0,0,15000,0,0,0,106421,212843,106421,10642,106421,1,1,1,1,1,1,1,1,1,1,1,1,1
*,21712,Horro Lv.73,,NPC_Nan_006,,2,,0,73,12,经验本怪物,绝对值,0,50000,,5,700,,1007,28174,,,,,,,,,,,,,,,,,,,,,,,,4159,120588,5601,95778,4344,11825,0,0,0,15000,0,0,0,106421,212843,106421,10642,106421,1,1,1,1,1,1,1,1,1,1,1,1,1
*,21713,Punk Lv.74,,NPC_Nan_015,,2,,0,74,12,经验本怪物,绝对值,0,50001,,5,700,,1007,28174,,,,,,,,,,,,,,,,,,,,,,,,4267,123376,5740,98154,4451,12118,0,0,0,15000,0,0,0,109058,218115,109058,10906,109058,1,1,1,1,1,1,1,1,1,1,1,1,1
*,21714,RepairMan Lv.74,,NPC_Nan_009,,2,,0,74,12,经验本怪物,绝对值,0,50001,,5,700,,1007,28174,,,,,,,,,,,,,,,,,,,,,,,,4267,123376,5740,98154,4451,12118,0,0,0,15000,0,0,0,109058,218115,109058,10906,109058,1,1,1,1,1,1,1,1,1,1,1,1,1
*,21715,Horro Lv.75,,NPC_Nan_006,,2,,0,75,12,经验本怪物,绝对值,0,50000,,5,700,,1007,28174,,,,,,,,,,,,,,,,,,,,,,,,4372,126348,5879,100521,4559,12410,0,0,0,15000,0,0,0,111694,223388,111694,11169,111694,1,1,1,1,1,1,1,1,1,1,1,1,1
*,21716,Punk Lv.75,,NPC_Nan_015,,2,,0,75,12,经验本怪物,绝对值,0,50001,,5,700,,1007,28174,,,,,,,,,,,,,,,,,,,,,,,,4372,126348,5879,100521,4559,12410,0,0,0,15000,0,0,0,111694,223388,111694,11169,111694,1,1,1,1,1,1,1,1,1,1,1,1,1
*,21717,RepairMan Lv.76,,NPC_Nan_009,,2,,0,76,12,经验本怪物,绝对值,0,50001,,5,700,,1007,28174,,,,,,,,,,,,,,,,,,,,,,,,4471,128776,6017,102897,4667,12703,0,0,0,15000,0,0,0,114330,228660,114330,11433,114330,1,1,1,1,1,1,1,1,1,1,1,1,1
*,21721,RepairMan Lv.72,,NPC_Nan_009,,2,,0,72,12,经验本怪物,绝对值,0,50001,,5,700,,1007,28175,,,,,,,,,,,,,,,,,,,,,,,,4060,117960,5462,93411,4236,11532,0,0,0,15000,0,0,0,103785,207570,103785,10379,103785,1,1,1,1,1,1,1,1,1,1,1,1,1
*,21722,Horro Lv.72,,NPC_Nan_006,,2,,0,72,12,经验本怪物,绝对值,0,50000,,5,700,,1007,28175,,,,,,,,,,,,,,,,,,,,,,,,4060,117960,5462,93411,4236,11532,0,0,0,15000,0,0,0,103785,207570,103785,10379,103785,1,1,1,1,1,1,1,1,1,1,1,1,1
*,21723,Punk Lv.73,,NPC_Nan_015,,2,,0,73,12,经验本怪物,绝对值,0,50001,,5,700,,1007,28175,,,,,,,,,,,,,,,,,,,,,,,,4159,120588,5601,95778,4344,11825,0,0,0,15000,0,0,0,106421,212843,106421,10642,106421,1,1,1,1,1,1,1,1,1,1,1,1,1
*,21724,RepairMan Lv.73,,NPC_Nan_009,,2,,0,73,12,经验本怪物,绝对值,0,50001,,5,700,,1007,28175,,,,,,,,,,,,,,,,,,,,,,,,4159,120588,5601,95778,4344,11825,0,0,0,15000,0,0,0,106421,212843,106421,10642,106421,1,1,1,1,1,1,1,1,1,1,1,1,1
*,21725,Horro Lv.74,,NPC_Nan_006,,2,,0,74,12,经验本怪物,绝对值,0,50000,,5,700,,1007,28175,,,,,,,,,,,,,,,,,,,,,,,,4267,123376,5740,98154,4451,12118,0,0,0,15000,0,0,0,109058,218115,109058,10906,109058,1,1,1,1,1,1,1,1,1,1,1,1,1
*,21726,Punk Lv.74,,NPC_Nan_015,,2,,0,74,12,经验本怪物,绝对值,0,50001,,5,700,,1007,28175,,,,,,,,,,,,,,,,,,,,,,,,4267,123376,5740,98154,4451,12118,0,0,0,15000,0,0,0,109058,218115,109058,10906,109058,1,1,1,1,1,1,1,1,1,1,1,1,1
*,21727,RepairMan Lv.75,,NPC_Nan_009,,2,,0,75,12,经验本怪物,绝对值,0,50001,,5,700,,1007,28175,,,,,,,,,,,,,,,,,,,,,,,,4372,126348,5879,100521,4559,12410,0,0,0,15000,0,0,0,111694,223388,111694,11169,111694,1,1,1,1,1,1,1,1,1,1,1,1,1
*,21731,RepairMan Lv.71,,NPC_Nan_009,,2,,0,71,12,经验本怪物,绝对值,0,50001,,5,700,,1007,28176,,,,,,,,,,,,,,,,,,,,,,,,3956,115168,5324,91035,4129,11239,0,0,0,15000,0,0,0,101149,202298,101149,10115,101149,1,1,1,1,1,1,1,1,1,1,1,1,1
*,21732,Horro Lv.71,,NPC_Nan_006,,2,,0,71,12,经验本怪物,绝对值,0,50000,,5,700,,1007,28176,,,,,,,,,,,,,,,,,,,,,,,,3956,115168,5324,91035,4129,11239,0,0,0,15000,0,0,0,101149,202298,101149,10115,101149,1,1,1,1,1,1,1,1,1,1,1,1,1
*,21733,Punk Lv.72,,NPC_Nan_015,,2,,0,72,12,经验本怪物,绝对值,0,50001,,5,700,,1007,28176,,,,,,,,,,,,,,,,,,,,,,,,4060,117960,5462,93411,4236,11532,0,0,0,15000,0,0,0,103785,207570,103785,10379,103785,1,1,1,1,1,1,1,1,1,1,1,1,1
*,21734,RepairMan Lv.72,,NPC_Nan_009,,2,,0,72,12,经验本怪物,绝对值,0,50001,,5,700,,1007,28176,,,,,,,,,,,,,,,,,,,,,,,,4060,117960,5462,93411,4236,11532,0,0,0,15000,0,0,0,103785,207570,103785,10379,103785,1,1,1,1,1,1,1,1,1,1,1,1,1
*,21735,Horro Lv.73,,NPC_Nan_006,,2,,0,73,12,经验本怪物,绝对值,0,50000,,5,700,,1007,28176,,,,,,,,,,,,,,,,,,,,,,,,4159,120588,5601,95778,4344,11825,0,0,0,15000,0,0,0,106421,212843,106421,10642,106421,1,1,1,1,1,1,1,1,1,1,1,1,1
*,21736,Punk Lv.73,,NPC_Nan_015,,2,,0,73,12,经验本怪物,绝对值,0,50001,,5,700,,1007,28176,,,,,,,,,,,,,,,,,,,,,,,,4159,120588,5601,95778,4344,11825,0,0,0,15000,0,0,0,106421,212843,106421,10642,106421,1,1,1,1,1,1,1,1,1,1,1,1,1
*,21737,RepairMan Lv.74,,NPC_Nan_009,,2,,0,74,12,经验本怪物,绝对值,0,50001,,5,700,,1007,28176,,,,,,,,,,,,,,,,,,,,,,,,4267,123376,5740,98154,4451,12118,0,0,0,15000,0,0,0,109058,218115,109058,10906,109058,1,1,1,1,1,1,1,1,1,1,1,1,1
,,金币副本BOSS,,,,,,,,,,,,,,,,,,,,,,,,,,,,,,,,,,,,,,,,,,,,,,,,,,,,,,,,,,,,1,1,1,1,1,1,1,1,1,1,1,1,1
*,22101,Fancy Track,,Domin_Boss_3,,4,,10,9999,11,金币副本-BOSS,百分比,2,,,,,,1008,,,,,,,1000,1000000,10000,10000,10000,10000,0,0,0,10000,0,10000,10000,10000,10000,10000,10000,10000,,,,,,,,,,,,,,,,,,,1,1,1,1,1,1,1,1,1,1,1,1,1
*,22102,Dream Track,,Domin_Boss_4,,4,,10,9999,11,金币副本-BOSS,百分比,2,,,,,,1008,,,,,,,1000,1000000,10000,10000,10000,10000,0,0,0,10000,0,10000,10000,10000,10000,10000,10000,10000,,,,,,,,,,,,,,,,,,,1,1,1,1,1,1,1,1,1,1,1,1,1
*,22103,Final Track,,Domin_Boss_6,,4,,10,9999,11,金币副本-BOSS,百分比,2,,,,,,1008,,,,,,,1000,1000000,10000,10000,10000,10000,0,0,0,10000,0,10000,10000,10000,10000,10000,10000,10000,,,,,,,,,,,,,,,,,,,1,1,1,1,1,1,1,1,1,1,1,1,1
,,PVP场景10,,,,,,,,,,,,,,,,,,,,,,,,,,,,,,,,,,,,,,,,,,,,,,,,,,,,,,,,,,,,1,1,1,1,1,1,1,1,1,1,1,1,1
*,23101,Member of Parliament,,NPC_Nan_045,,6,,0,9999,4,护送NPC,百分比,4,50000,,5,700,,,38020,,,,,,10000,500000,10000,10000,10000,10000,0,0,0,10000,0,10000,10000,10000,10000,10000,10000,10000,,,,,,,,,,,,,,,,,,,1,1,1,1,1,1,1,1,1,1,1,1,1
*,23102,RepairMan,,NPC_Nan_009,,3,,0,20,9,PVP场景-小怪,绝对值,0,50001,,5,700,,1005,38020,,,,,,,,,,,,,,,,,,,,,,,,1088,28008,510,8721,395,1076,0,0,0,15000,0,0,0,9688,19375,9688,969,9688,1,1,1,1,1,1,1,1,1,1,1,1,1
*,23103,Thug,,NPC_Nan_011,,3,,0,20,9,PVP场景-小怪,绝对值,0,50000,,5,700,,1005,38020,,,,,,,,,,,,,,,,,,,,,,,,1088,28008,510,8721,395,1076,0,0,0,15000,0,0,0,9688,19375,9688,969,9688,1,1,1,1,1,1,1,1,1,1,1,1,1
*,23104,Broker,,NPC_Nan_013,,3,,0,20,9,PVP场景-小怪,绝对值,0,50001,,5,700,,1005,38020,,,,,,,,,,,,,,,,,,,,,,,,1088,28008,510,8721,395,1076,0,0,0,15000,0,0,0,9688,19375,9688,969,9688,1,1,1,1,1,1,1,1,1,1,1,1,1
*,23105,Punisher,,NPC_Nan_010,,3,,0,20,9,PVP场景-小怪,绝对值,0,50000,,5,700,,1005,38020,,,,,,,,,,,,,,,,,,,,,,,,1088,28008,510,8721,395,1076,0,0,0,15000,0,0,0,9688,19375,9688,969,9688,1,1,1,1,1,1,1,1,1,1,1,1,1
*,23106,Veteran,,NPC_Nan_044,,3,,0,20,9,PVP场景-小怪,绝对值,0,50001,,5,700,,1005,38020,,,,,,,,,,,,,,,,,,,,,,,,1088,28008,510,8721,395,1076,0,0,0,15000,0,0,0,9688,19375,9688,969,9688,1,1,1,1,1,1,1,1,1,1,1,1,1
*,23107,Undefeated Boxer,,NPC_Nan_032,,3,,0,20,9,PVP场景-小怪,绝对值,0,50000,,5,700,,1005,38020,,,,,,,,,,,,,,,,,,,,,,,,1088,28008,510,8721,395,1076,0,0,0,15000,0,0,0,9688,19375,9688,969,9688,1,1,1,1,1,1,1,1,1,1,1,1,1
*,23108,Elite Beater,,NPC_Nan_035,,3,,0,20,9,PVP场景-小怪,绝对值,0,50000,,5,700,,1005,38020,,,,,,,,,,,,,,,,,,,,,,,,1088,28008,510,8721,395,1076,0,0,0,15000,0,0,0,9688,19375,9688,969,9688,1,1,1,1,1,1,1,1,1,1,1,1,1
*,23109,Member of Parliament,,NPC_Nan_045,,6,,0,9999,4,护送NPC,百分比,4,50000,,5,700,,,38020,,,,,,10000,500000,10000,10000,10000,10000,0,0,0,10000,0,10000,10000,10000,10000,10000,10000,10000,,,,,,,,,,,,,,,,,,,1,1,1,1,1,1,1,1,1,1,1,1,1
*,23110,Member of Parliament,,NPC_Nan_045,,6,,0,9999,4,护送NPC,百分比,4,50000,,5,700,,,38020,,,,,,10000,500000,10000,10000,10000,10000,0,0,0,10000,0,10000,10000,10000,10000,10000,10000,10000,,,,,,,,,,,,,,,,,,,1,1,1,1,1,1,1,1,1,1,1,1,1
,,PVP场景30,,,,,,,,,,,,,,,,,,,,,,,,,,,,,,,,,,,,,,,,,,,,,,,,,,,,,,,,,,,,,,,,,,,,,,,,
*,23201,Police,,NPC_Nan_023,,2,,0,40,9,PVP场景-小怪,绝对值,0,50000,,5,700,,1010,38040,,,,,,,,,,,,,,,,,,,,,,,,2088,45324,2063,35280,1600,4355,0,0,0,15000,0,0,0,39197,78394,39197,3920,39197,1,1,1,1,1,1,1,1,1,1,1,1,1
*,23202,Armed Police,,NPC_Nan_025,,2,,0,40,9,PVP场景-小怪,绝对值,0,50001,,5,700,,1010,38040,,,,,,,,,,,,,,,,,,,,,,,,2088,45324,2063,35280,1600,4355,0,0,0,15000,0,0,0,39197,78394,39197,3920,39197,1,1,1,1,1,1,1,1,1,1,1,1,1
*,23203,Private Guard,,NPC_Nan_029,,2,,0,40,9,PVP场景-小怪,绝对值,0,50000,,5,700,,1010,38040,,,,,,,,,,,,,,,,,,,,,,,,2088,45324,2063,35280,1600,4355,0,0,0,15000,0,0,0,39197,78394,39197,3920,39197,1,1,1,1,1,1,1,1,1,1,1,1,1
*,23204,Veteran,,NPC_Nan_044,,2,,0,40,9,PVP场景-小怪,绝对值,0,50001,,5,700,,1000,38040,,,,,,,,,,,,,,,,,,,,,,,,2088,45324,2063,35280,1600,4355,0,0,0,15000,0,0,0,39197,78394,39197,3920,39197,1,1,1,1,1,1,1,1,1,1,1,1,1
*,23205,Member of Parliament,,NPC_Nan_045,,6,,0,9999,4,护送NPC,百分比,4,50000,,5,700,,,38040,,,,,,10000,500000,10000,10000,10000,10000,0,0,0,10000,0,10000,10000,10000,10000,10000,10000,10000,,,,,,,,,,,,,,,,,,,1,1,1,1,1,1,1,1,1,1,1,1,1
*,23206,Member of Parliament,,NPC_Nan_045,,6,,0,9999,4,护送NPC,百分比,4,50000,,5,700,,,38040,,,,,,10000,500000,10000,10000,10000,10000,0,0,0,10000,0,10000,10000,10000,10000,10000,10000,10000,,,,,,,,,,,,,,,,,,,1,1,1,1,1,1,1,1,1,1,1,1,1
,,PVP场景50,,,,,,,,,,,,,,,,,,,,,,,,,,,,,,,,,,,,,,,,,,,,,,,,,,,,,,,,,,,,,,,,,,,,,,,,
*,23301,Veteran,,NPC_Nan_044,,2,,0,60,9,PVP场景-小怪,绝对值,0,50001,,5,700,,1010,38060,,,,,,,,,,,,,,,,,,,,,,,,4028,85800,3971,67905,3079,8383,0,0,0,15000,0,0,0,75445,150891,75445,7545,75445,1,1,1,1,1,1,1,1,1,1,1,1,1
*,23302,Club Elite,,NPC_Nv_009,,2,,0,60,9,PVP场景-小怪,绝对值,0,50001,,5,700,,1010,38060,,,,,,,,,,,,,,,,,,,,,,,,4028,85800,3971,67905,3079,8383,0,0,0,15000,0,0,0,75445,150891,75445,7545,75445,1,1,1,1,1,1,1,1,1,1,1,1,1
*,23303,Marksman,,NPC_Nan_030,,2,,0,60,9,PVP场景-小怪,绝对值,0,50001,,5,700,,1010,38060,,,,,,,,,,,,,,,,,,,,,,,,4028,85800,3971,67905,3079,8383,0,0,0,15000,0,0,0,75445,150891,75445,7545,75445,1,1,1,1,1,1,1,1,1,1,1,1,1
*,23304,Elite Beater,,NPC_Nan_035,,3,,0,60,9,PVP场景-小怪,绝对值,0,50000,,5,700,,1005,38060,,,,,,,,,,,,,,,,,,,,,,,,4028,85800,3971,67905,3079,8383,0,0,0,15000,0,0,0,75445,150891,75445,7545,75445,1,1,1,1,1,1,1,1,1,1,1,1,1
*,23305,Member of Parliament,,NPC_Nan_045,,6,,0,9999,4,护送NPC,百分比,4,50000,,5,700,,,38060,,,,,,10000,500000,10000,10000,10000,10000,0,0,0,10000,0,10000,10000,10000,10000,10000,10000,10000,,,,,,,,,,,,,,,,,,,1,1,1,1,1,1,1,1,1,1,1,1,1
*,23306,Member of Parliament,,NPC_Nan_045,,6,,0,9999,4,护送NPC,百分比,4,50000,,5,700,,,38060,,,,,,10000,500000,10000,10000,10000,10000,0,0,0,10000,0,10000,10000,10000,10000,10000,10000,10000,,,,,,,,,,,,,,,,,,,1,1,1,1,1,1,1,1,1,1,1,1,1
,,生存战场,,,,,,,,,,,,,,,,,,,,,,,,,,,,,,,,,,,,,,,,,,,,,,,,,,,,,,,,,,,,1,1,1,1,1,1,1,1,1,1,1,1,1
*,30001,RepairMan,,NPC_Nan_009,,2,,0,9999,0,普通小怪,百分比,0,50001,,5,700,,1005,_drop_sczcxg,,,,,,10000,10000,10000,10000,10000,10000,0,0,0,10000,0,0,0,10000,10000,10000,10000,10000,,,,,,,,,,,,,,,,,,,1,1,1,1,1,1,1,1,1,1,1,1,1
*,30002,Horro's guy,,NPC_Nan_011,,2,,0,9999,0,普通小怪,百分比,0,50000,,5,700,,1005,_drop_sczcxg,,,,,,10000,10000,10000,10000,10000,10000,0,0,0,10000,0,0,0,10000,10000,10000,10000,10000,,,,,,,,,,,,,,,,,,,1,1,1,1,1,1,1,1,1,1,1,1,1
*,30003,Hoody,,NPC_Nan_013,,2,,0,9999,0,普通小怪,百分比,0,50001,,5,700,,1005,_drop_sczcxg,,,,,,10000,10000,10000,10000,10000,10000,0,0,0,10000,0,0,0,10000,10000,10000,10000,10000,,,,,,,,,,,,,,,,,,,1,1,1,1,1,1,1,1,1,1,1,1,1
*,30004,Scavenger,,NPC_Nan_016,,2,,0,9999,0,普通小怪,百分比,0,50000,,5,700,,1005,_drop_sczcxg,,,,,,10000,10000,10000,10000,10000,10000,0,0,0,10000,0,0,0,10000,10000,10000,10000,10000,,,,,,,,,,,,,,,,,,,1,1,1,1,1,1,1,1,1,1,1,1,1
*,30005,Veteran,,NPC_Nan_044,,2,,0,9999,1,精英怪,百分比,1,50001,,5,700,,1005,_drop_sczcjyg,,,,,,20000,30000,10000,10000,10000,10000,0,0,0,10000,0,0,0,10000,10000,10000,10000,10000,,,,,,,,,,,,,,,,,,,1,1,1,1,1,1,1,1,1,1,1,1,1
*,30006,Undefeated Boxer,,NPC_Nan_032,,2,,0,9999,1,精英怪,百分比,1,50000,,5,700,,1005,_drop_sczcjyg,,,,,,20000,30000,10000,10000,10000,10000,0,0,0,10000,0,0,0,10000,10000,10000,10000,10000,,,,,,,,,,,,,,,,,,,1,1,1,1,1,1,1,1,1,1,1,1,1
*,30007,Mechanic Doctor,,NPC_Nan_042,,2,,0,9999,1,精英怪,百分比,1,50000,,5,700,,1005,_drop_sczcjyg,,,,,,20000,30000,10000,10000,10000,10000,0,0,0,10000,0,0,0,10000,10000,10000,10000,10000,,,,,,,,,,,,,,,,,,,1,1,1,1,1,1,1,1,1,1,1,1,1
*,30008,Hammer Destroyer,,BOSS_Nan_001,120,2,,0,9999,2,单人副本-BOSS,百分比,2,60011;60012;60013;60014,,,700,RandomSkill,1006,_drop_sczcboss,,,,,,10000,60000,10000,10000,10000,10000,0,0,0,10000,0,10000,10000,10000,10000,10000,10000,10000,,,,,,,,,,,,,,,,,,,1,1,1,1,1,1,1,1,1,1,1,1,1
*,30009,Violence Queen,,BOSS_Nv_001,120,2,,0,9999,2,单人副本-BOSS,百分比,2,70011;70012;70013;70014,,,700,RandomSkill,1006,_drop_sczcboss,,,,,,10000,60000,10000,10000,10000,10000,0,0,0,10000,0,10000,10000,10000,10000,10000,10000,10000,,,,,,,,,,,,,,,,,,,1,1,1,1,1,1,1,1,1,1,1,1,1
*,30010,Iron Arm,,BOSS_Nan_009,120,2,,0,9999,2,单人副本-BOSS,百分比,2,60091;60092;60093,,,700,RandomSkill,1006,_drop_sczcboss,,,,,,10000,60000,10000,10000,10000,10000,0,0,0,10000,0,10000,10000,10000,10000,10000,10000,10000,,,,,,,,,,,,,,,,,,,1,1,1,1,1,1,1,1,1,1,1,1,1
,,监狱挂机,,,,,,,,,,,,,,,,,,,,,,,,,,,,,,,,,,,,,,,,,,,,,,,,,,,,,,,,,,,,1,1,1,1,1,1,1,1,1,1,1,1,1
*,41011,Jorro Lv.15,,NPC_Nan_001,,2,,0,15,13,地牢挂机,绝对值,1,50000,,5,700,,1000,38015,,,,,,,,,,,,,,,,,,,,,,,,79,16432,406,6939,315,856,0,0,0,15000,0,0,0,7708,15417,7708,771,7708,1,1,1,1,1,1,1,1,1,1,1,1,1
*,41012,Mob Boss Lv.15,,NPC_Nan_007,,2,,0,15,13,地牢挂机,绝对值,0,50000,,5,700,,1000,38015,,,,,,,,,,,,,,,,,,,,,,,,79,16432,406,6939,315,856,0,0,0,15000,0,0,0,7708,15417,7708,771,7708,1,1,1,1,1,1,1,1,1,1,1,1,1
*,41021,RepairMan Lv.20,,NPC_Nan_009,,2,,0,20,13,地牢挂机,绝对值,0,50001,,5,700,,1000,38020,,,,,,,,,,,,,,,,,,,,,,,,131,28008,510,8721,395,1076,0,0,0,15000,0,0,0,9688,19375,9688,969,9688,1,1,1,1,1,1,1,1,1,1,1,1,1
*,41022,Horro's guy Lv.20,,NPC_Nan_011,,2,,0,20,13,地牢挂机,绝对值,0,50000,,5,700,,1000,38020,,,,,,,,,,,,,,,,,,,,,,,,131,28008,510,8721,395,1076,0,0,0,15000,0,0,0,9688,19375,9688,969,9688,1,1,1,1,1,1,1,1,1,1,1,1,1
*,41031,Jorro Lv.25,,NPC_Nan_001,,2,,0,25,13,地牢挂机,绝对值,1,50000,,5,700,,1000,38025,,,,,,,,,,,,,,,,,,,,,,,,170,35952,666,11394,517,1406,0,0,0,15000,0,0,0,12656,25313,12656,1266,12656,1,1,1,1,1,1,1,1,1,1,1,1,1
*,41032,Mob Boss Lv.25,,NPC_Nan_007,,2,,0,25,13,地牢挂机,绝对值,0,50000,,5,700,,1000,38025,,,,,,,,,,,,,,,,,,,,,,,,170,35952,666,11394,517,1406,0,0,0,15000,0,0,0,12656,25313,12656,1266,12656,1,1,1,1,1,1,1,1,1,1,1,1,1
*,41041,Scavenger Lv.30,,NPC_Nan_016,,2,,0,30,13,地牢挂机,绝对值,0,50000,,5,700,,1000,38030,,,,,,,,,,,,,,,,,,,,,,,,206,34880,1014,17343,787,2141,0,0,0,15000,0,0,0,19271,38542,19271,1927,19271,1,1,1,1,1,1,1,1,1,1,1,1,1
*,41042,RepairMan Lv.30,,NPC_Nan_009,,2,,0,30,13,地牢挂机,绝对值,0,50001,,5,700,,1000,38030,,,,,,,,,,,,,,,,,,,,,,,,206,34880,1014,17343,787,2141,0,0,0,15000,0,0,0,19271,38542,19271,1927,19271,1,1,1,1,1,1,1,1,1,1,1,1,1
*,41043,Horro's guy Lv.30,,NPC_Nan_011,,2,,0,30,13,地牢挂机,绝对值,0,50000,,5,700,,1000,38030,,,,,,,,,,,,,,,,,,,,,,,,206,34880,1014,17343,787,2141,0,0,0,15000,0,0,0,19271,38542,19271,1927,19271,1,1,1,1,1,1,1,1,1,1,1,1,1
*,41051,Scavenger Lv.35,,NPC_Nan_016,,2,,0,35,13,地牢挂机,绝对值,0,50000,,5,700,,1000,38035,,,,,,,,,,,,,,,,,,,,,,,,211,41044,1589,27171,1232,3355,0,0,0,15000,0,0,0,30191,60382,30191,3019,30191,1,1,1,1,1,1,1,1,1,1,1,1,1
*,41052,Jorro Lv.35,,NPC_Nan_001,,2,,0,35,13,地牢挂机,绝对值,1,50000,,5,700,,1000,38035,,,,,,,,,,,,,,,,,,,,,,,,211,41044,1589,27171,1232,3355,0,0,0,15000,0,0,0,30191,60382,30191,3019,30191,1,1,1,1,1,1,1,1,1,1,1,1,1
*,41061,Mob Boss Lv.40,,NPC_Nan_007,,2,,0,40,13,地牢挂机,绝对值,0,50000,,5,700,,1000,38040,,,,,,,,,,,,,,,,,,,,,,,,251,45324,2063,35280,1600,4355,0,0,0,15000,0,0,0,39197,78394,39197,3920,39197,1,1,1,1,1,1,1,1,1,1,1,1,1
*,41062,RepairMan Lv.40,,NPC_Nan_009,,2,,0,40,13,地牢挂机,绝对值,0,50001,,5,700,,1000,38040,,,,,,,,,,,,,,,,,,,,,,,,251,45324,2063,35280,1600,4355,0,0,0,15000,0,0,0,39197,78394,39197,3920,39197,1,1,1,1,1,1,1,1,1,1,1,1,1
*,41071,Horro's guy Lv.45,,NPC_Nan_011,,2,,0,45,13,地牢挂机,绝对值,0,50000,,5,700,,1000,38045,,,,,,,,,,,,,,,,,,,,,,,,304,53720,2497,42696,1936,5271,0,0,0,15000,0,0,0,47435,94870,47435,4744,47435,1,1,1,1,1,1,1,1,1,1,1,1,1
*,41072,Scavenger Lv.45,,NPC_Nan_016,,2,,0,45,13,地牢挂机,绝对值,0,50000,,5,700,,1000,38045,,,,,,,,,,,,,,,,,,,,,,,,304,53720,2497,42696,1936,5271,0,0,0,15000,0,0,0,47435,94870,47435,4744,47435,1,1,1,1,1,1,1,1,1,1,1,1,1
*,41081,Jorro Lv.50,,NPC_Nan_001,,2,,0,50,13,地牢挂机,绝对值,1,50000,,5,700,,1000,38050,,,,,,,,,,,,,,,,,,,,,,,,356,62200,2930,50103,2272,6186,0,0,0,15000,0,0,0,55673,111347,55673,5567,55673,1,1,1,1,1,1,1,1,1,1,1,1,1
*,41091,Mob Boss Lv.55,,NPC_Nan_007,,2,,0,55,13,地牢挂机,绝对值,0,50000,,5,700,,1000,38055,,,,,,,,,,,,,,,,,,,,,,,,420,74804,3450,59004,2676,7284,0,0,0,15000,0,0,0,65559,131119,65559,6556,65559,1,1,1,1,1,1,1,1,1,1,1,1,1
*,41092,RepairMan Lv.55,,NPC_Nan_009,,2,,0,55,13,地牢挂机,绝对值,0,50001,,5,700,,1000,38055,,,,,,,,,,,,,,,,,,,,,,,,420,74804,3450,59004,2676,7284,0,0,0,15000,0,0,0,65559,131119,65559,6556,65559,1,1,1,1,1,1,1,1,1,1,1,1,1
*,41101,Horro's guy Lv.60,,NPC_Nan_011,,2,,0,60,13,地牢挂机,绝对值,0,50000,,5,700,,1000,38060,,,,,,,,,,,,,,,,,,,,,,,,483,85800,3971,67905,3079,8383,0,0,0,15000,0,0,0,75445,150891,75445,7545,75445,1,1,1,1,1,1,1,1,1,1,1,1,1
*,41102,Scavenger Lv.60,,NPC_Nan_016,,2,,0,60,13,地牢挂机,绝对值,0,50000,,5,700,,1000,38060,,,,,,,,,,,,,,,,,,,,,,,,483,85800,3971,67905,3079,8383,0,0,0,15000,0,0,0,75445,150891,75445,7545,75445,1,1,1,1,1,1,1,1,1,1,1,1,1
*,41111,Jorro Lv.65,,NPC_Nan_001,,2,,0,65,13,地牢挂机,绝对值,1,50000,,5,700,,1000,38065,,,,,,,,,,,,,,,,,,,,,,,,680,99120,4578,78282,3550,9664,0,0,0,15000,0,0,0,86979,173958,86979,8698,86979,1,1,1,1,1,1,1,1,1,1,1,1,1
*,41112,Mob Boss Lv.65,,NPC_Nan_007,,2,,0,65,13,地牢挂机,绝对值,0,50000,,5,700,,1000,38065,,,,,,,,,,,,,,,,,,,,,,,,680,99120,4578,78282,3550,9664,0,0,0,15000,0,0,0,86979,173958,86979,8698,86979,1,1,1,1,1,1,1,1,1,1,1,1,1
*,41121,RepairMan Lv.70,,NPC_Nan_009,,2,,0,70,13,地牢挂机,绝对值,0,50001,,5,700,,1000,38070,,,,,,,,,,,,,,,,,,,,,,,,2313,112196,5185,88659,4021,10946,0,0,0,15000,0,0,0,98513,197025,98513,9851,98513,1,1,1,1,1,1,1,1,1,1,1,1,1
*,41122,Horro's guy Lv.70,,NPC_Nan_011,,2,,0,70,13,地牢挂机,绝对值,0,50000,,5,700,,1000,38070,,,,,,,,,,,,,,,,,,,,,,,,2313,112196,5185,88659,4021,10946,0,0,0,15000,0,0,0,98513,197025,98513,9851,98513,1,1,1,1,1,1,1,1,1,1,1,1,1
*,41131,Scavenger Lv.75,,NPC_Nan_016,,2,,0,75,13,地牢挂机,绝对值,0,50000,,5,700,,1000,38075,,,,,,,,,,,,,,,,,,,,,,,,2623,126348,5879,100521,4559,12410,0,0,0,15000,0,0,0,111694,223388,111694,11169,111694,1,1,1,1,1,1,1,1,1,1,1,1,1
*,42011,3Cmember Lv.20,,NPC_Nan_022,,2,,0,20,13,地牢挂机,绝对值,0,50000,,5,700,,1000,38020,,,,,,,,,,,,,,,,,,,,,,,,131,28008,510,8721,395,1076,0,0,0,15000,0,0,0,9688,19375,9688,969,9688,1,1,1,1,1,1,1,1,1,1,1,1,1
*,42021,3Cmember Lv.25,,NPC_Nan_022,,2,,0,25,13,地牢挂机,绝对值,0,50000,,5,700,,1000,38025,,,,,,,,,,,,,,,,,,,,,,,,170,35952,666,11394,517,1406,0,0,0,15000,0,0,0,12656,25313,12656,1266,12656,1,1,1,1,1,1,1,1,1,1,1,1,1
*,42031,Lord Blake Lv.30,,NPC_Nan_024,,2,,0,30,13,地牢挂机,绝对值,1,50000,,5,700,,1000,38030,,,,,,,,,,,,,,,,,,,,,,,,206,34880,1014,17343,787,2141,0,0,0,15000,0,0,0,19271,38542,19271,1927,19271,1,1,1,1,1,1,1,1,1,1,1,1,1
*,42041,Lord Blake Lv.35,,NPC_Nan_024,,2,,0,35,13,地牢挂机,绝对值,1,50000,,5,700,,1000,38035,,,,,,,,,,,,,,,,,,,,,,,,211,41044,1589,27171,1232,3355,0,0,0,15000,0,0,0,30191,60382,30191,3019,30191,1,1,1,1,1,1,1,1,1,1,1,1,1
*,42051,club elite Lv.40,,NPC_Nv_009,,2,,0,40,13,地牢挂机,绝对值,0,50001,,5,700,,1000,38040,,,,,,,,,,,,,,,,,,,,,,,,251,45324,2063,35280,1600,4355,0,0,0,15000,0,0,0,39197,78394,39197,3920,39197,1,1,1,1,1,1,1,1,1,1,1,1,1
*,42052,club elite Lv.45,,NPC_Nv_009,,2,,0,45,13,地牢挂机,绝对值,0,50001,,5,700,,1000,38045,,,,,,,,,,,,,,,,,,,,,,,,304,53720,2497,42696,1936,5271,0,0,0,15000,0,0,0,47435,94870,47435,4744,47435,1,1,1,1,1,1,1,1,1,1,1,1,1
*,42061,Undefeated Boxer Lv.45,,NPC_Nan_032,,3,,0,45,13,地牢挂机,绝对值,0,50000,,5,700,,1000,38045,,,,,,,,,,,,,,,,,,,,,,,,304,53720,2497,42696,1936,5271,0,0,0,15000,0,0,0,47435,94870,47435,4744,47435,1,1,1,1,1,1,1,1,1,1,1,1,1
*,42071,Undefeated Boxer Lv.50,,NPC_Nan_032,,3,,0,50,13,地牢挂机,绝对值,0,50000,,5,700,,1000,38050,,,,,,,,,,,,,,,,,,,,,,,,356,62200,2930,50103,2272,6186,0,0,0,15000,0,0,0,55673,111347,55673,5567,55673,1,1,1,1,1,1,1,1,1,1,1,1,1
*,42081,Mechanic Doctor Lv.55,,NPC_Nan_042,,2,,0,55,13,地牢挂机,绝对值,0,50001,,5,700,,1000,38055,,,,,,,,,,,,,,,,,,,,,,,,420,74804,3450,59004,2676,7284,0,0,0,15000,0,0,0,65559,131119,65559,6556,65559,1,1,1,1,1,1,1,1,1,1,1,1,1
*,42091,Mechanic Doctor Lv.60,,NPC_Nan_042,,2,,0,60,13,地牢挂机,绝对值,0,50001,,5,700,,1000,38060,,,,,,,,,,,,,,,,,,,,,,,,483,85800,3971,67905,3079,8383,0,0,0,15000,0,0,0,75445,150891,75445,7545,75445,1,1,1,1,1,1,1,1,1,1,1,1,1
*,42101,Kong Fu Girl Lv.65,,NPC_Nv_007,,2,,0,65,13,地牢挂机,绝对值,1,50000,,5,700,,1000,38065,,,,,,,,,,,,,,,,,,,,,,,,680,99120,4578,78282,3550,9664,0,0,0,15000,0,0,0,86979,173958,86979,8698,86979,1,1,1,1,1,1,1,1,1,1,1,1,1
*,42111,Kong Fu Girl Lv.70,,NPC_Nv_007,,2,,0,70,13,地牢挂机,绝对值,1,50000,,5,700,,1000,38070,,,,,,,,,,,,,,,,,,,,,,,,2313,112196,5185,88659,4021,10946,0,0,0,15000,0,0,0,98513,197025,98513,9851,98513,1,1,1,1,1,1,1,1,1,1,1,1,1
*,42121,Armed Police Lv.75,,NPC_Nan_025,,2,,0,75,13,地牢挂机,绝对值,0,50001,,5,700,,1000,38075,,,,,,,,,,,,,,,,,,,,,,,,2623,126348,5879,100521,4559,12410,0,0,0,15000,0,0,0,111694,223388,111694,11169,111694,1,1,1,1,1,1,1,1,1,1,1,1,1
,,支线副本NPC,,,,,,,,,,,,,,,,,,,,,,,,,,,,,,,,,,,,,,,,,,,,,,,,,,,,,,,,,,,,1,1,1,1,1,1,1,1,1,1,1,1,1
*,51101,RepairMan,,NPC_Nan_009,,2,,0,15,0,普通小怪,绝对值,0,50001,,5,700,,1003,,,,,,,,,,,,,,,,,,,,,,,,,264,4108,406,6939,315,856,0,0,0,15000,0,0,0,7708,15417,7708,771,7708,1,1,1,1,1,1,1,1,1,1,1,1,1
*,51102,Punk,,NPC_Nan_015,,2,,0,16,0,普通小怪,绝对值,0,50001,,5,700,,1003,,,,,,,,,,,,,,,,,,,,,,,,,323,4716,427,7290,331,900,0,0,0,15000,0,0,0,8104,16208,8104,810,8104,1,1,1,1,1,1,1,1,1,1,1,1,1
*,51201,RepairMan,,NPC_Nan_009,,2,,0,17,0,普通小怪,绝对值,0,50001,,5,700,,1003,,,,,,,,,,,,,,,,,,,,,,,,,398,4765,447,7650,347,944,0,0,0,15000,0,0,0,8500,17000,8500,850,8500,1,1,1,1,1,1,1,1,1,1,1,1,1
*,51202,Punk,,NPC_Nan_015,,2,,0,18,0,普通小怪,绝对值,0,50001,,5,700,,1003,,,,,,,,,,,,,,,,,,,,,,,,,503,4911,468,8010,363,988,0,0,0,15000,0,0,0,8896,17792,8896,890,8896,1,1,1,1,1,1,1,1,1,1,1,1,1
*,51301,RepairMan,,NPC_Nan_009,,2,,0,18,1,精英怪,绝对值,1,50001,,5,700,,1003,,,,,,,,,,,,,,,,,,,,,,,,,1006,14733,468,8010,363,988,0,0,0,15000,0,0,0,8896,17792,8896,890,8896,1,1,1,1,1,1,1,1,1,1,1,1,1
*,51302,Punk,,NPC_Nan_015,,2,,0,18,0,普通小怪,绝对值,0,50001,,5,700,,1003,,,,,,,,,,,,,,,,,,,,,,,,,503,4911,468,8010,363,988,0,0,0,15000,0,0,0,8896,17792,8896,890,8896,1,1,1,1,1,1,1,1,1,1,1,1,1
*,51303,Hammer Destroyer,,BOSS_Nan_001,120,2,,0,25,2,单人副本-BOSS,绝对值,2,60011;60012;60013;60014,,,700,RandomSkill,1002,,,,,,,,,,,,,,,,,,,,,,,,,567,53928,666,11394,517,1406,0,0,0,15000,0,10000,10000,12656,25313,12656,1266,12656,1,1,1,1,1,1,1,1,1,1,1,1,1
*,52101,Punk,,NPC_Nan_011,,2,,0,27,1,精英怪,绝对值,1,50000,,5,700,,1003,,,,,,,,,,,,,,,,,,,,,,,,,1250,30105,729,12456,565,1538,0,0,0,15000,0,0,0,13844,27688,13844,1384,13844,1,1,1,1,1,1,1,1,1,1,1,1,1
*,52102,Bravo,,NPC_Nan_021,,2,,0,29,1,精英怪,绝对值,1,50001,,5,700,,1003,,,,,,,,,,,,,,,,,,,,,,,,,1354,32673,791,13527,614,1670,0,0,0,15000,0,0,0,15031,30063,15031,1503,15031,1,1,1,1,1,1,1,1,1,1,1,1,1
*,52103,Jerry the Ripper,,BOSS_Nan_011,120,2,,0,30,2,单人副本-BOSS,绝对值,2,60111;60112;60114;60115,,,700,RandomSkill,1002,,,,,,,,,,,,,,,,,,,,,,,,,686,52320,1014,17343,787,2141,0,0,0,15000,0,10000,10000,19271,38542,19271,1927,19271,1,1,1,1,1,1,1,1,1,1,1,1,1
*,53101,Elite Guard,,NPC_Nan_025,,2,,0,33,0,普通小怪,绝对值,0,50001,,5,700,,1003,,,,,,,,,,,,,,,,,,,,,,,,,657,12244,1168,19980,906,2467,0,0,0,15000,0,0,0,22200,44400,22200,2220,22200,1,1,1,1,1,1,1,1,1,1,1,1,1
*,53102,Veteran,,NPC_Nan_044,,2,,0,34,0,普通小怪,绝对值,0,50001,,5,700,,1003,,,,,,,,,,,,,,,,,,,,,,,,,689,12523,1220,20862,946,2575,0,0,0,15000,0,0,0,23176,46353,23176,2318,23176,1,1,1,1,1,1,1,1,1,1,1,1,1
*,53103,Golden Magnum,,BOSS_Nan_004,120,2,,0,35,2,单人副本-BOSS,绝对值,2,60041;60042;60043,,,700,RandomSkill,1002,,,,,,,,,,,,,,,,,,,,,,,,,702,61566,1589,27171,1232,3355,0,0,0,15000,0,10000,10000,30191,60382,30191,3019,30191,1,1,1,1,1,1,1,1,1,1,1,1,1
*,54101,Aid Soldier,,NPC_Nan_041,,2,,0,37,0,普通小怪,绝对值,0,50001,,5,700,,1003,,,,,,,,,,,,,,,,,,,,,,,,,757,11022,1717,29367,1332,3626,0,0,0,15000,0,0,0,32632,65264,32632,3263,32632,1,1,1,1,1,1,1,1,1,1,1,1,1
*,54102,Mechanic Doctor,,NPC_Nan_042,,2,,0,39,0,普通小怪,绝对值,0,50001,,5,700,,1003,,,,,,,,,,,,,,,,,,,,,,,,,814,11743,1846,31563,1432,3897,0,0,0,15000,0,0,0,35073,70146,35073,3507,35073,1,1,1,1,1,1,1,1,1,1,1,1,1
*,54103,Bio-Avenger,,BOSS_Nv_004,120,2,,0,40,2,单人副本-BOSS,绝对值,2,70041;70042;70043,,,700,RandomSkill,1002,,,,,,,,,,,,,,,,,,,,,,,,,835,67986,2063,35280,1600,4355,0,0,0,15000,0,10000,10000,39197,78394,39197,3920,39197,1,1,1,1,1,1,1,1,1,1,1,1,1
*,55101,Mechanic Doctor,,NPC_Nan_042,,2,,0,40,0,普通小怪,绝对值,0,50001,,5,700,,1003,,,,,,,,,,,,,,,,,,,,,,,,,835,11331,2063,35280,1600,4355,0,0,0,15000,0,0,0,39197,78394,39197,3920,39197,1,1,1,1,1,1,1,1,1,1,1,1,1
*,55102,Veteran,,NPC_Nan_044,,2,,0,43,0,普通小怪,绝对值,0,50001,,5,700,,1003,,,,,,,,,,,,,,,,,,,,,,,,,942,12684,2323,39726,1802,4904,0,0,0,15000,0,0,0,44140,88280,44140,4414,44140,1,1,1,1,1,1,1,1,1,1,1,1,1
*,55103,Bomb Gentleman,,BOSS_Nan_008,120,2,,0,45,2,单人副本-BOSS,绝对值,2,60081;60082,,,700,RandomSkill,1002,,,,,,,,,,,,,,,,,,,,,,,,,1012,80580,2497,42696,1936,5271,0,0,0,15000,0,10000,10000,47435,94870,47435,4744,47435,1,1,1,1,1,1,1,1,1,1,1,1,1
,,支线地图副本敌人,,,,,,,,,,,,,,,,,,,,,,,,,,,,,,,,,,,,,,,,,,,,,,,,,,,,,,,,,,,,1,1,1,1,1,1,1,1,1,1,1,1,1
*,61101,Office lady,,NPC_Nv_002,,2,,0,6,0,普通小怪,绝对值,0,50001,,5,700,,1003,,,,,,,,,,,,,,,,,,,,,,,,,90,2500,150,3555,161,439,0,0,0,15000,0,0,0,3950,7900,3950,395,3950,1,1,1,1,1,1,1,1,1,1,1,1,1
*,61102,Office lady,,NPC_Nv_002,,2,,0,6,0,普通小怪,绝对值,0,50001,,5,700,,1003,,,,,,,,,,,,,,,,,,,,,,,,,90,2500,150,3555,161,439,0,0,0,15000,0,0,0,3950,7900,3950,395,3950,1,1,1,1,1,1,1,1,1,1,1,1,1
*,61201,Office lady,,NPC_Nv_002,,2,,0,8,0,普通小怪,绝对值,0,50001,,5,700,,1003,,,,,,,,,,,,,,,,,,,,,,,,,110,2969,225,3843,174,474,0,0,0,15000,0,0,0,4267,8533,4267,427,4267,1,1,1,1,1,1,1,1,1,1,1,1,1
*,61202,Office lady,,NPC_Nv_002,,2,,0,8,0,普通小怪,绝对值,0,50001,,5,700,,1003,,,,,,,,,,,,,,,,,,,,,,,,,110,2969,225,3843,174,474,0,0,0,15000,0,0,0,4267,8533,4267,427,4267,1,1,1,1,1,1,1,1,1,1,1,1,1
*,61203,Office lady,,NPC_Nv_002,,2,,0,8,0,普通小怪,绝对值,0,50001,,5,700,,1003,,,,,,,,,,,,,,,,,,,,,,,,,110,2969,225,3843,174,474,0,0,0,15000,0,0,0,4267,8533,4267,427,4267,1,1,1,1,1,1,1,1,1,1,1,1,1
*,61301,Office lady,,NPC_Nv_002,,2,,0,10,0,普通小怪,绝对值,0,50001,,5,700,,1003,,,,,,,,,,,,,,,,,,,,,,,,,143,3024,241,4122,187,509,0,0,0,15000,0,0,0,4583,9167,4583,458,4583,1,1,1,1,1,1,1,1,1,1,1,1,1
*,61302,Office lady,,NPC_Nv_002,,2,,0,10,0,普通小怪,绝对值,0,50001,,5,700,,1003,,,,,,,,,,,,,,,,,,,,,,,,,143,3024,241,4122,187,509,0,0,0,15000,0,0,0,4583,9167,4583,458,4583,1,1,1,1,1,1,1,1,1,1,1,1,1
*,61401,Office lady,,NPC_Nv_002,,2,,0,12,0,普通小怪,绝对值,0,50001,,5,700,,1003,,,,,,,,,,,,,,,,,,,,,,,,,149,3960,343,5868,266,725,0,0,0,15000,0,0,0,6521,13042,6521,652,6521,1,1,1,1,1,1,1,1,1,1,1,1,1
*,61402,Office lady,,NPC_Nv_002,,2,,0,12,0,普通小怪,绝对值,0,50001,,5,700,,1003,,,,,,,,,,,,,,,,,,,,,,,,,149,3960,343,5868,266,725,0,0,0,15000,0,0,0,6521,13042,6521,652,6521,1,1,1,1,1,1,1,1,1,1,1,1,1
*,61403,Office lady,,NPC_Nv_002,,2,,0,12,0,普通小怪,绝对值,0,50001,,5,700,,1003,,,,,,,,,,,,,,,,,,,,,,,,,149,3960,343,5868,266,725,0,0,0,15000,0,0,0,6521,13042,6521,652,6521,1,1,1,1,1,1,1,1,1,1,1,1,1
*,62101,Hulk,,NPC_Nan_013,,2,,0,18,0,普通小怪,绝对值,0,50001,,5,700,,1003,,,,,,,,,,,,,,,,,,,,,,,,,503,4911,468,8010,363,988,0,0,0,15000,0,0,0,8896,17792,8896,890,8896,1,1,1,1,1,1,1,1,1,1,1,1,1
*,62102,Bravo,,NPC_Nan_021,,2,,0,18,0,普通小怪,绝对值,0,50001,,5,700,,1003,,,,,,,,,,,,,,,,,,,,,,,,,503,4911,468,8010,363,988,0,0,0,15000,0,0,0,8896,17792,8896,890,8896,1,1,1,1,1,1,1,1,1,1,1,1,1
*,62103,Hulk,,NPC_Nan_013,,2,,0,18,0,普通小怪,绝对值,0,50001,,5,700,,1003,,,,,,,,,,,,,,,,,,,,,,,,,503,4911,468,8010,363,988,0,0,0,15000,0,0,0,8896,17792,8896,890,8896,1,1,1,1,1,1,1,1,1,1,1,1,1
*,62104,Bravo,,NPC_Nan_021,,2,,0,18,0,普通小怪,绝对值,0,50001,,5,700,,1003,,,,,,,,,,,,,,,,,,,,,,,,,503,4911,468,8010,363,988,0,0,0,15000,0,0,0,8896,17792,8896,890,8896,1,1,1,1,1,1,1,1,1,1,1,1,1
*,62105,Hulk,,NPC_Nan_013,,2,,0,18,0,普通小怪,绝对值,0,50001,,5,700,,1003,,,,,,,,,,,,,,,,,,,,,,,,,503,4911,468,8010,363,988,0,0,0,15000,0,0,0,8896,17792,8896,890,8896,1,1,1,1,1,1,1,1,1,1,1,1,1
*,62106,Bravo,,NPC_Nan_021,,2,,0,18,0,普通小怪,绝对值,0,50001,,5,700,,1003,,,,,,,,,,,,,,,,,,,,,,,,,503,4911,468,8010,363,988,0,0,0,15000,0,0,0,8896,17792,8896,890,8896,1,1,1,1,1,1,1,1,1,1,1,1,1
*,62107,Wild Axe ,,BOSS_Nan_002,120,2,,0,24,2,单人副本-BOSS,绝对值,2,60021;60022;60023;60024,,,700,RandomSkill,1002,,,,,,,,,,,,,,,,,,,,,,,,,542,49116,635,10854,492,1340,0,0,0,15000,0,10000,10000,12063,24125,12063,1206,12063,1,1,1,1,1,1,1,1,1,1,1,1,1
*,62201,Horro,,NPC_Nan_006,,2,,0,18,1,精英怪,绝对值,1,50000,,5,700,,1003,,,,,,,,,,,,,,,,,,,,,,,,,1006,14733,468,8010,363,988,0,0,0,15000,0,0,0,8896,17792,8896,890,8896,1,1,1,1,1,1,1,1,1,1,1,1,1
*,62202,Jorro,,NPC_Nan_001,,2,,0,18,1,精英怪,绝对值,1,50000,,5,700,,1003,,,,,,,,,,,,,,,,,,,,,,,,,1006,14733,468,8010,363,988,0,0,0,15000,0,0,0,8896,17792,8896,890,8896,1,1,1,1,1,1,1,1,1,1,1,1,1
*,62203,Horro,,NPC_Nan_006,,2,,0,18,1,精英怪,绝对值,1,50000,,5,700,,1003,,,,,,,,,,,,,,,,,,,,,,,,,1006,14733,468,8010,363,988,0,0,0,15000,0,0,0,8896,17792,8896,890,8896,1,1,1,1,1,1,1,1,1,1,1,1,1
*,62204,Jorro,,NPC_Nan_001,,2,,0,18,1,精英怪,绝对值,1,50000,,5,700,,1003,,,,,,,,,,,,,,,,,,,,,,,,,1006,14733,468,8010,363,988,0,0,0,15000,0,0,0,8896,17792,8896,890,8896,1,1,1,1,1,1,1,1,1,1,1,1,1
*,62205,Horro,,NPC_Nan_006,,2,,0,18,1,精英怪,绝对值,1,50000,,5,700,,1003,,,,,,,,,,,,,,,,,,,,,,,,,1006,14733,468,8010,363,988,0,0,0,15000,0,0,0,8896,17792,8896,890,8896,1,1,1,1,1,1,1,1,1,1,1,1,1
*,62206,Jorro,,NPC_Nan_001,,2,,0,18,1,精英怪,绝对值,1,50000,,5,700,,1003,,,,,,,,,,,,,,,,,,,,,,,,,1006,14733,468,8010,363,988,0,0,0,15000,0,0,0,8896,17792,8896,890,8896,1,1,1,1,1,1,1,1,1,1,1,1,1
*,62207,Jerry the Ripper,,BOSS_Nan_011,120,2,,0,24,2,单人副本-BOSS,绝对值,2,60111;60112;60114;60115,,,700,RandomSkill,1002,,,,,,,,,,,,,,,,,,,,,,,,,542,49116,635,10854,492,1340,0,0,0,15000,0,10000,10000,12063,24125,12063,1206,12063,1,1,1,1,1,1,1,1,1,1,1,1,1
*,62301,Mercenary,,NPC_Nan_039,,2,,0,20,0,普通小怪,绝对值,0,50001,,5,700,,1003,,,,,,,,,,,,,,,,,,,,,,,,,435,7002,510,8721,395,1076,0,0,0,15000,0,0,0,9688,19375,9688,969,9688,1,1,1,1,1,1,1,1,1,1,1,1,1
*,62302,Marksman,,NPC_Nan_030,,2,,0,20,0,普通小怪,绝对值,0,50001,,5,700,,1003,,,,,,,,,,,,,,,,,,,,,,,,,435,7002,510,8721,395,1076,0,0,0,15000,0,0,0,9688,19375,9688,969,9688,1,1,1,1,1,1,1,1,1,1,1,1,1
*,62303,Mercenary,,NPC_Nan_039,,2,,0,20,0,普通小怪,绝对值,0,50001,,5,700,,1003,,,,,,,,,,,,,,,,,,,,,,,,,435,7002,510,8721,395,1076,0,0,0,15000,0,0,0,9688,19375,9688,969,9688,1,1,1,1,1,1,1,1,1,1,1,1,1
*,62304,Marksman,,NPC_Nan_030,,2,,0,20,0,普通小怪,绝对值,0,50001,,5,700,,1003,,,,,,,,,,,,,,,,,,,,,,,,,435,7002,510,8721,395,1076,0,0,0,15000,0,0,0,9688,19375,9688,969,9688,1,1,1,1,1,1,1,1,1,1,1,1,1
*,62305,Bomb Gentleman,,BOSS_Nan_008,120,2,,0,24,2,单人副本-BOSS,绝对值,2,60081;60082,,,700,RandomSkill,1002,,,,,,,,,,,,,,,,,,,,,,,,,542,49116,635,10854,492,1340,0,0,0,15000,0,10000,10000,12063,24125,12063,1206,12063,1,1,1,1,1,1,1,1,1,1,1,1,1
*,62401,Police,,NPC_Nan_023,,2,,0,22,0,普通小怪,绝对值,0,50000,,5,700,,1000,,,,,,,,,,,,,,,,,,,,,,,,,492,7857,572,9792,444,1208,0,0,0,15000,0,0,0,10875,21750,10875,1088,10875,1,1,1,1,1,1,1,1,1,1,1,1,1
*,62402,Armed Police,,NPC_Nan_025,,2,,0,22,0,普通小怪,绝对值,0,50001,,5,700,,1003,,,,,,,,,,,,,,,,,,,,,,,,,492,7857,572,9792,444,1208,0,0,0,15000,0,0,0,10875,21750,10875,1088,10875,1,1,1,1,1,1,1,1,1,1,1,1,1
*,62403,Police,,NPC_Nan_023,,2,,0,22,0,普通小怪,绝对值,0,50000,,5,700,,1000,,,,,,,,,,,,,,,,,,,,,,,,,492,7857,572,9792,444,1208,0,0,0,15000,0,0,0,10875,21750,10875,1088,10875,1,1,1,1,1,1,1,1,1,1,1,1,1
*,62404,Armed Police,,NPC_Nan_025,,2,,0,22,0,普通小怪,绝对值,0,50001,,5,700,,1003,,,,,,,,,,,,,,,,,,,,,,,,,492,7857,572,9792,444,1208,0,0,0,15000,0,0,0,10875,21750,10875,1088,10875,1,1,1,1,1,1,1,1,1,1,1,1,1
*,62405,Police,,NPC_Nan_023,,2,,0,22,0,普通小怪,绝对值,0,50000,,5,700,,1000,,,,,,,,,,,,,,,,,,,,,,,,,492,7857,572,9792,444,1208,0,0,0,15000,0,0,0,10875,21750,10875,1088,10875,1,1,1,1,1,1,1,1,1,1,1,1,1
*,62406,Armed Police,,NPC_Nan_025,,2,,0,22,0,普通小怪,绝对值,0,50001,,5,700,,1003,,,,,,,,,,,,,,,,,,,,,,,,,492,7857,572,9792,444,1208,0,0,0,15000,0,0,0,10875,21750,10875,1088,10875,1,1,1,1,1,1,1,1,1,1,1,1,1
*,62407,Golden Magnum,,BOSS_Nan_004,120,2,,0,24,2,单人副本-BOSS,绝对值,2,60041;60042;60043,,,700,RandomSkill,1002,,,,,,,,,,,,,,,,,,,,,,,,,542,49116,635,10854,492,1340,0,0,0,15000,0,10000,10000,12063,24125,12063,1206,12063,1,1,1,1,1,1,1,1,1,1,1,1,1
*,63101,Mercenary,,NPC_Nan_018,,2,,0,27,0,普通小怪,绝对值,0,50001,,5,700,,1003,,,,,,,,,,,,,,,,,,,,,,,,,625,10035,729,12456,565,1538,0,0,0,15000,0,0,0,13844,27688,13844,1384,13844,1,1,1,1,1,1,1,1,1,1,1,1,1
*,63102,Bravo,,NPC_Nan_021,,2,,0,27,0,普通小怪,绝对值,0,50001,,5,700,,1003,,,,,,,,,,,,,,,,,,,,,,,,,625,10035,729,12456,565,1538,0,0,0,15000,0,0,0,13844,27688,13844,1384,13844,1,1,1,1,1,1,1,1,1,1,1,1,1
*,63103,Mercenary,,NPC_Nan_018,,2,,0,27,0,普通小怪,绝对值,0,50001,,5,700,,1003,,,,,,,,,,,,,,,,,,,,,,,,,625,10035,729,12456,565,1538,0,0,0,15000,0,0,0,13844,27688,13844,1384,13844,1,1,1,1,1,1,1,1,1,1,1,1,1
*,63104,Bravo,,NPC_Nan_021,,2,,0,27,0,普通小怪,绝对值,0,50001,,5,700,,1003,,,,,,,,,,,,,,,,,,,,,,,,,625,10035,729,12456,565,1538,0,0,0,15000,0,0,0,13844,27688,13844,1384,13844,1,1,1,1,1,1,1,1,1,1,1,1,1
*,63105,Mercenary,,NPC_Nan_018,,2,,0,27,0,普通小怪,绝对值,0,50001,,5,700,,1003,,,,,,,,,,,,,,,,,,,,,,,,,625,10035,729,12456,565,1538,0,0,0,15000,0,0,0,13844,27688,13844,1384,13844,1,1,1,1,1,1,1,1,1,1,1,1,1
*,63106,Bravo,,NPC_Nan_021,,2,,0,27,0,普通小怪,绝对值,0,50001,,5,700,,1003,,,,,,,,,,,,,,,,,,,,,,,,,625,10035,729,12456,565,1538,0,0,0,15000,0,0,0,13844,27688,13844,1384,13844,1,1,1,1,1,1,1,1,1,1,1,1,1
*,63107,The Gun,,BOSS_Nan_003,120,2,,0,32,2,单人副本-BOSS,绝对值,2,60031;60032;60034,,,700,RandomSkill,1002,,,,,,,,,,,,,,,,,,,,,,,,,630,68784,1117,19098,866,2358,0,0,0,15000,0,10000,10000,21224,42447,21224,2122,21224,1,1,1,1,1,1,1,1,1,1,1,1,1
*,63201,Punisher,,NPC_Nan_010,,3,,0,27,0,普通小怪,绝对值,0,50000,,5,700,,1003,,,,,,,,,,,,,,,,,,,,,,,,,625,10035,729,12456,565,1538,0,0,0,15000,0,0,0,13844,27688,13844,1384,13844,1,1,1,1,1,1,1,1,1,1,1,1,1
*,63202,Trouble Maker,,NPC_Nan_014,,2,,0,27,0,普通小怪,绝对值,0,50001,,5,700,,1003,,,,,,,,,,,,,,,,,,,,,,,,,625,10035,729,12456,565,1538,0,0,0,15000,0,0,0,13844,27688,13844,1384,13844,1,1,1,1,1,1,1,1,1,1,1,1,1
*,63203,Punisher,,NPC_Nan_010,,3,,0,27,0,普通小怪,绝对值,0,50000,,5,700,,1003,,,,,,,,,,,,,,,,,,,,,,,,,625,10035,729,12456,565,1538,0,0,0,15000,0,0,0,13844,27688,13844,1384,13844,1,1,1,1,1,1,1,1,1,1,1,1,1
*,63204,Trouble Maker,,NPC_Nan_014,,2,,0,27,0,普通小怪,绝对值,0,50001,,5,700,,1003,,,,,,,,,,,,,,,,,,,,,,,,,625,10035,729,12456,565,1538,0,0,0,15000,0,0,0,13844,27688,13844,1384,13844,1,1,1,1,1,1,1,1,1,1,1,1,1
*,63205,Punisher,,NPC_Nan_010,,3,,0,27,0,普通小怪,绝对值,0,50000,,5,700,,1003,,,,,,,,,,,,,,,,,,,,,,,,,625,10035,729,12456,565,1538,0,0,0,15000,0,0,0,13844,27688,13844,1384,13844,1,1,1,1,1,1,1,1,1,1,1,1,1
*,63206,Trouble Maker,,NPC_Nan_014,,2,,0,27,0,普通小怪,绝对值,0,50001,,5,700,,1003,,,,,,,,,,,,,,,,,,,,,,,,,625,10035,729,12456,565,1538,0,0,0,15000,0,0,0,13844,27688,13844,1384,13844,1,1,1,1,1,1,1,1,1,1,1,1,1
*,63207,Buster Man,,BOSS_Nan_007,120,2,,0,32,2,单人副本-BOSS,绝对值,2,60071;60072;60073;60074,,,700,RandomSkill,1002,,,,,,,,,,,,,,,,,,,,,,,,,630,68784,1117,19098,866,2358,0,0,0,15000,0,10000,10000,21224,42447,21224,2122,21224,1,1,1,1,1,1,1,1,1,1,1,1,1
*,63301,Scavenger,,NPC_Nan_016,,2,,0,27,0,普通小怪,绝对值,0,50000,,5,700,,1003,,,,,,,,,,,,,,,,,,,,,,,,,625,10035,729,12456,565,1538,0,0,0,15000,0,0,0,13844,27688,13844,1384,13844,1,1,1,1,1,1,1,1,1,1,1,1,1
*,63302,Hired Rioter,,NPC_Nan_026,,2,,0,27,0,普通小怪,绝对值,0,50000,,5,700,,1003,,,,,,,,,,,,,,,,,,,,,,,,,625,10035,729,12456,565,1538,0,0,0,15000,0,0,0,13844,27688,13844,1384,13844,1,1,1,1,1,1,1,1,1,1,1,1,1
*,63303,Scavenger,,NPC_Nan_016,,2,,0,27,0,普通小怪,绝对值,0,50000,,5,700,,1003,,,,,,,,,,,,,,,,,,,,,,,,,625,10035,729,12456,565,1538,0,0,0,15000,0,0,0,13844,27688,13844,1384,13844,1,1,1,1,1,1,1,1,1,1,1,1,1
*,63304,Hired Rioter,,NPC_Nan_026,,2,,0,27,0,普通小怪,绝对值,0,50000,,5,700,,1003,,,,,,,,,,,,,,,,,,,,,,,,,625,10035,729,12456,565,1538,0,0,0,15000,0,0,0,13844,27688,13844,1384,13844,1,1,1,1,1,1,1,1,1,1,1,1,1
*,63305,Scavenger,,NPC_Nan_016,,2,,0,27,0,普通小怪,绝对值,0,50000,,5,700,,1003,,,,,,,,,,,,,,,,,,,,,,,,,625,10035,729,12456,565,1538,0,0,0,15000,0,0,0,13844,27688,13844,1384,13844,1,1,1,1,1,1,1,1,1,1,1,1,1
*,63306,Hired Rioter,,NPC_Nan_026,,2,,0,27,0,普通小怪,绝对值,0,50000,,5,700,,1003,,,,,,,,,,,,,,,,,,,,,,,,,625,10035,729,12456,565,1538,0,0,0,15000,0,0,0,13844,27688,13844,1384,13844,1,1,1,1,1,1,1,1,1,1,1,1,1
*,63307,Iron Arm,,BOSS_Nan_009,120,2,,0,32,2,单人副本-BOSS,绝对值,2,60091;60092;60093,,,700,RandomSkill,1002,,,,,,,,,,,,,,,,,,,,,,,,,630,68784,1117,19098,866,2358,0,0,0,15000,0,10000,10000,21224,42447,21224,2122,21224,1,1,1,1,1,1,1,1,1,1,1,1,1
*,63401,Mystery people,,NPC_Nv_008,,2,,0,27,0,普通小怪,绝对值,0,50000,,5,700,,1003,,,,,,,,,,,,,,,,,,,,,,,,,625,10035,729,12456,565,1538,0,0,0,15000,0,0,0,13844,27688,13844,1384,13844,1,1,1,1,1,1,1,1,1,1,1,1,1
*,63402,Club Elite,,NPC_Nv_009,,2,,0,27,0,普通小怪,绝对值,0,50001,,5,700,,1003,,,,,,,,,,,,,,,,,,,,,,,,,625,10035,729,12456,565,1538,0,0,0,15000,0,0,0,13844,27688,13844,1384,13844,1,1,1,1,1,1,1,1,1,1,1,1,1
*,63403,Mystery people,,NPC_Nv_008,,2,,0,27,0,普通小怪,绝对值,0,50000,,5,700,,1003,,,,,,,,,,,,,,,,,,,,,,,,,625,10035,729,12456,565,1538,0,0,0,15000,0,0,0,13844,27688,13844,1384,13844,1,1,1,1,1,1,1,1,1,1,1,1,1
*,63404,Club Elite,,NPC_Nv_009,,2,,0,27,0,普通小怪,绝对值,0,50001,,5,700,,1003,,,,,,,,,,,,,,,,,,,,,,,,,625,10035,729,12456,565,1538,0,0,0,15000,0,0,0,13844,27688,13844,1384,13844,1,1,1,1,1,1,1,1,1,1,1,1,1
*,63405,Mystery people,,NPC_Nv_008,,2,,0,27,0,普通小怪,绝对值,0,50000,,5,700,,1003,,,,,,,,,,,,,,,,,,,,,,,,,625,10035,729,12456,565,1538,0,0,0,15000,0,0,0,13844,27688,13844,1384,13844,1,1,1,1,1,1,1,1,1,1,1,1,1
*,63406,Club Elite,,NPC_Nv_009,,2,,0,27,0,普通小怪,绝对值,0,50001,,5,700,,1003,,,,,,,,,,,,,,,,,,,,,,,,,625,10035,729,12456,565,1538,0,0,0,15000,0,0,0,13844,27688,13844,1384,13844,1,1,1,1,1,1,1,1,1,1,1,1,1
*,63407,Scarlet Ice,,BOSS_Nv_003,120,2,,0,32,2,单人副本-BOSS,绝对值,2,70031;70032,,,700,RandomSkill,1002,,,,,,,,,,,,,,,,,,,,,,,,,630,68784,1117,19098,866,2358,0,0,0,15000,0,10000,10000,21224,42447,21224,2122,21224,1,1,1,1,1,1,1,1,1,1,1,1,1
,,新增装备副本敌人,,,,,,,,,,,,,,,,,,,,,,,,,,,,,,,,,,,,,,,,,,,,,,,,,,,,,,,,,,,,,,,,,,,,,,,,
*,71101,RepairMan,,NPC_Nan_009,,2,,0,5,14,装备本小怪,绝对值,0,50001,,5,700,,1003,,,,,,,,,,,,,,,,,,,,,,,,,40,15400,140,3411,155,421,0,0,0,15000,0,0,0,3792,7583,3792,379,3792,1,1,1,1,1,1,1,1,1,1,1,1,1
*,71102,Punk,,NPC_Nan_015,,2,,0,5,14,装备本小怪,绝对值,0,50001,,5,700,,1003,,,,,,,,,,,,,,,,,,,,,,,,,40,15400,140,3411,155,421,0,0,0,15000,0,0,0,3792,7583,3792,379,3792,1,1,1,1,1,1,1,1,1,1,1,1,1
*,71201,RepairMan,,NPC_Nan_009,,2,,0,6,14,装备本小怪,绝对值,0,50001,,5,700,,1003,,,,,,,,,,,,,,,,,,,,,,,,,45,17500,150,3555,161,439,0,0,0,15000,0,0,0,3950,7900,3950,395,3950,1,1,1,1,1,1,1,1,1,1,1,1,1
*,71202,Punk,,NPC_Nan_015,,2,,0,6,14,装备本小怪,绝对值,0,50001,,5,700,,1003,,,,,,,,,,,,,,,,,,,,,,,,,45,17500,150,3555,161,439,0,0,0,15000,0,0,0,3950,7900,3950,395,3950,1,1,1,1,1,1,1,1,1,1,1,1,1
*,71301,RepairMan,,NPC_Nan_009,,2,,0,7,14,装备本小怪,绝对值,0,50001,,5,700,,1003,,,,,,,,,,,,,,,,,,,,,,,,,53,20692,216,3699,168,456,0,0,0,15000,0,0,0,4108,8217,4108,411,4108,1,1,1,1,1,1,1,1,1,1,1,1,1
*,71302,Punk,,NPC_Nan_015,,2,,0,7,14,装备本小怪,绝对值,0,50001,,5,700,,1003,,,,,,,,,,,,,,,,,,,,,,,,,53,20692,216,3699,168,456,0,0,0,15000,0,0,0,4108,8217,4108,411,4108,1,1,1,1,1,1,1,1,1,1,1,1,1
*,71303,The Pain,,BOSS_Nan_006,120,2,,0,10,15,装备本BOSS,绝对值,2,60061;60062;60063;60064;60065,,,700,RandomSkill,1002,,,,,,,,,,,,,,,,,,,,,,,,,143,120960,241,4122,187,509,0,0,0,15000,0,10000,10000,4583,9167,4583,458,4583,1,1,1,1,1,1,1,1,1,1,1,1,1
*,70006,Bravo,,NPC_Nan_021,,2,,0,25,14,装备本小怪,绝对值,0,50001,,5,700,,1003,,,,,,,,,,,,,,,,,,,,,,,,,284,62916,666,11394,517,1406,0,0,0,15000,0,0,0,12656,25313,12656,1266,12656,1,1,1,1,1,1,1,1,1,1,1,1,1
*,70007,Punk,,NPC_Nan_011,,2,,0,25,14,装备本小怪,绝对值,0,50000,,5,700,,1003,,,,,,,,,,,,,,,,,,,,,,,,,284,62916,666,11394,517,1406,0,0,0,15000,0,0,0,12656,25313,12656,1266,12656,1,1,1,1,1,1,1,1,1,1,1,1,1
*,70008,Bravo,,NPC_Nan_021,,2,,0,25,16,装备本精英,绝对值,0,50001,,5,700,,1003,,,,,,,,,,,,,,,,,,,,,,,,,454,89880,666,11394,517,1406,0,0,0,15000,0,0,0,12656,25313,12656,1266,12656,1,1,1,1,1,1,1,1,1,1,1,1,1
*,70009,Punk,,NPC_Nan_011,,2,,0,25,16,装备本精英,绝对值,0,50000,,5,700,,1003,,,,,,,,,,,,,,,,,,,,,,,,,454,89880,666,11394,517,1406,0,0,0,15000,0,0,0,12656,25313,12656,1266,12656,1,1,1,1,1,1,1,1,1,1,1,1,1
*,70010,Bomb Gentleman,,BOSS_Nan_008,120,2,,0,25,15,装备本BOSS,绝对值,2,60081;60082,,,700,RandomSkill,1002,,,,,,,,,,,,,,,,,,,,,,,,,567,359520,666,11394,517,1406,0,0,0,15000,0,10000,10000,12656,25313,12656,1266,12656,1,1,1,1,1,1,1,1,1,1,1,1,1
*,72101,3Cmember,,NPC_Nan_022,,2,,0,35,14,装备本小怪,绝对值,0,50000,,5,700,,1003,,,,,,,,,,,,,,,,,,,,,,,,,351,71827,1589,27171,1232,3355,0,0,0,15000,0,0,0,30191,60382,30191,3019,30191,1,1,1,1,1,1,1,1,1,1,1,1,1
*,72201,Punk,,NPC_Nan_015,,2,,0,35,14,装备本小怪,绝对值,0,50001,,5,700,,1003,,,,,,,,,,,,,,,,,,,,,,,,,351,71827,1589,27171,1232,3355,0,0,0,15000,0,0,0,30191,60382,30191,3019,30191,1,1,1,1,1,1,1,1,1,1,1,1,1
*,72301,RepairMan,,NPC_Nan_009,,2,,0,35,14,装备本小怪,绝对值,0,50001,,5,700,,1003,,,,,,,,,,,,,,,,,,,,,,,,,351,71827,1589,27171,1232,3355,0,0,0,15000,0,0,0,30191,60382,30191,3019,30191,1,1,1,1,1,1,1,1,1,1,1,1,1
*,72401,Hulk,,NPC_Nan_013,,2,,0,35,14,装备本小怪,绝对值,0,50001,,5,700,,1003,,,,,,,,,,,,,,,,,,,,,,,,,351,71827,1589,27171,1232,3355,0,0,0,15000,0,0,0,30191,60382,30191,3019,30191,1,1,1,1,1,1,1,1,1,1,1,1,1
*,72402,Iron Arm,,BOSS_Nan_009,120,2,,0,35,15,装备本BOSS,绝对值,2,60091;60092;60093,,,700,RandomSkill,1002,,,,,,,,,,,,,,,,,,,,,,,,,702,410440,1589,27171,1232,3355,0,0,0,15000,0,10000,10000,30191,60382,30191,3019,30191,1,1,1,1,1,1,1,1,1,1,1,1,1
*,73101,Mob,,NPC_Nan_009,,2,,0,45,14,装备本小怪,绝对值,0,50001,,5,700,,1000,,,,,,,,,,,,,,,,,,,,,,,,,506,94010,2497,42696,1936,5271,0,0,0,15000,0,0,0,47435,94870,47435,4744,47435,1,1,1,1,1,1,1,1,1,1,1,1,1
*,73201,Mob Boss,,NPC_Nan_007,,2,,0,45,14,装备本小怪,绝对值,0,50000,,5,700,,1003,,,,,,,,,,,,,,,,,,,,,,,,,506,94010,2497,42696,1936,5271,0,0,0,15000,0,0,0,47435,94870,47435,4744,47435,1,1,1,1,1,1,1,1,1,1,1,1,1
*,73301,Boss Rioter,,NPC_Nan_024,,2,,0,45,14,装备本小怪,绝对值,0,50000,,5,700,,1003,,,,,,,,,,,,,,,,,,,,,,,,,506,94010,2497,42696,1936,5271,0,0,0,15000,0,0,0,47435,94870,47435,4744,47435,1,1,1,1,1,1,1,1,1,1,1,1,1
*,73401,Mob Boss,,NPC_Nan_007,,2,,0,45,14,装备本小怪,绝对值,0,50000,,5,700,,1003,,,,,,,,,,,,,,,,,,,,,,,,,506,94010,2497,42696,1936,5271,0,0,0,15000,0,0,0,47435,94870,47435,4744,47435,1,1,1,1,1,1,1,1,1,1,1,1,1
*,73402,Boss Rioter,,NPC_Nan_024,,2,,0,45,14,装备本小怪,绝对值,0,50000,,5,700,,1003,,,,,,,,,,,,,,,,,,,,,,,,,506,94010,2497,42696,1936,5271,0,0,0,15000,0,0,0,47435,94870,47435,4744,47435,1,1,1,1,1,1,1,1,1,1,1,1,1
*,73403,Buster Man,,BOSS_Nan_007,120,2,,0,45,15,装备本BOSS,绝对值,2,60071;60072;60073;60074,,,700,RandomSkill,1002,,,,,,,,,,,,,,,,,,,,,,,,,1012,537200,2497,42696,1936,5271,0,0,0,15000,0,10000,10000,47435,94870,47435,4744,47435,1,1,1,1,1,1,1,1,1,1,1,1,1
*,74101,Hatchet Guy,,NPC_Nan_002,,2,,0,55,14,装备本小怪,绝对值,0,50001,,5,700,,1000,,,,,,,,,,,,,,,,,,,,,,,,,700,130907,3450,59004,2676,7284,0,0,0,15000,0,0,0,65559,131119,65559,6556,65559,1,1,1,1,1,1,1,1,1,1,1,1,1
*,74201,Bravo,,NPC_Nan_021,,2,,0,55,14,装备本小怪,绝对值,0,50001,,5,700,,1003,,,,,,,,,,,,,,,,,,,,,,,,,700,130907,3450,59004,2676,7284,0,0,0,15000,0,0,0,65559,131119,65559,6556,65559,1,1,1,1,1,1,1,1,1,1,1,1,1
*,74301,Punk,,NPC_Nan_011,,2,,0,55,14,装备本小怪,绝对值,0,50000,,5,700,,1003,,,,,,,,,,,,,,,,,,,,,,,,,700,130907,3450,59004,2676,7284,0,0,0,15000,0,0,0,65559,131119,65559,6556,65559,1,1,1,1,1,1,1,1,1,1,1,1,1
*,74401,Bravo,,NPC_Nan_021,,2,,0,55,14,装备本小怪,绝对值,0,50001,,5,700,,1003,,,,,,,,,,,,,,,,,,,,,,,,,700,130907,3450,59004,2676,7284,0,0,0,15000,0,0,0,65559,131119,65559,6556,65559,1,1,1,1,1,1,1,1,1,1,1,1,1
*,74402,Punk,,NPC_Nan_011,,2,,0,55,14,装备本小怪,绝对值,0,50000,,5,700,,1003,,,,,,,,,,,,,,,,,,,,,,,,,700,130907,3450,59004,2676,7284,0,0,0,15000,0,0,0,65559,131119,65559,6556,65559,1,1,1,1,1,1,1,1,1,1,1,1,1
*,74403,Jerry the Ripper,,BOSS_Nan_011,120,2,,0,55,15,装备本BOSS,绝对值,2,60111;60112;60114;60115,,,700,RandomSkill,1002,,,,,,,,,,,,,,,,,,,,,,,,,1399,748040,3450,59004,2676,7284,0,0,0,15000,0,10000,10000,65559,131119,65559,6556,65559,1,1,1,1,1,1,1,1,1,1,1,1,1
*,75101,Elite Guard,,NPC_Nan_025,,2,,0,65,14,装备本小怪,绝对值,0,50001,,5,700,,1003,,,,,,,,,,,,,,,,,,,,,,,,,1134,173460,4578,78282,3550,9664,0,0,0,15000,0,0,0,86979,173958,86979,8698,86979,1,1,1,1,1,1,1,1,1,1,1,1,1
*,75201,Veteran,,NPC_Nan_044,,2,,0,65,14,装备本小怪,绝对值,0,50001,,5,700,,1003,,,,,,,,,,,,,,,,,,,,,,,,,1134,173460,4578,78282,3550,9664,0,0,0,15000,0,0,0,86979,173958,86979,8698,86979,1,1,1,1,1,1,1,1,1,1,1,1,1
*,75301,Veteran,,NPC_Nan_044,,2,,0,65,14,装备本小怪,绝对值,0,50001,,5,700,,1003,,,,,,,,,,,,,,,,,,,,,,,,,1134,173460,4578,78282,3550,9664,0,0,0,15000,0,0,0,86979,173958,86979,8698,86979,1,1,1,1,1,1,1,1,1,1,1,1,1
*,75302,Golden Magnum,,BOSS_Nan_004,120,2,,0,65,15,装备本BOSS,绝对值,2,60041;60042;60043,,,700,RandomSkill,1002,,,,,,,,,,,,,,,,,,,,,,,,,2268,991200,4578,78282,3550,9664,0,0,0,15000,0,10000,10000,86979,173958,86979,8698,86979,1,1,1,1,1,1,1,1,1,1,1,1,1
*,76101,Striker,,NPC_Nan_037,,2,,0,75,14,装备本小怪,绝对值,0,50000,,5,700,,1003,,,,,,,,,,,,,,,,,,,,,,,,,4372,221109,5879,100521,4559,12410,0,0,0,15000,0,0,0,111694,223388,111694,11169,111694,1,1,1,1,1,1,1,1,1,1,1,1,1
*,76201,Red Beater,,NPC_Nan_035,,2,,0,75,14,装备本小怪,绝对值,0,50000,,5,700,,1003,,,,,,,,,,,,,,,,,,,,,,,,,4372,221109,5879,100521,4559,12410,0,0,0,15000,0,0,0,111694,223388,111694,11169,111694,1,1,1,1,1,1,1,1,1,1,1,1,1
*,76301,Red Beater,,NPC_Nan_035,,2,,0,75,14,装备本小怪,绝对值,0,50000,,5,700,,1003,,,,,,,,,,,,,,,,,,,,,,,,,4372,221109,5879,100521,4559,12410,0,0,0,15000,0,0,0,111694,223388,111694,11169,111694,1,1,1,1,1,1,1,1,1,1,1,1,1
*,76302,Hammer Destroyer,,BOSS_Nan_001,120,2,,0,75,15,装备本BOSS,绝对值,2,60011;60012;60013;60014,,,700,RandomSkill,1002,,,,,,,,,,,,,,,,,,,,,,,,,8743,1263480,5879,100521,4559,12410,0,0,0,15000,0,10000,10000,111694,223388,111694,11169,111694,1,1,1,1,1,1,1,1,1,1,1,1,1
,,单机版本,,,,,,,,,,,,,,,,,,,,,,,,,,,,,,,,,,,,,,,,,,,,,,,,,,,,,,,,,,,,1,1,1,1,1,1,1,1,1,1,1,1,1
*,90001,Charlene,,NPC_Nv_002,,2,,0,1,0,普通小怪,绝对值,0,50000,,5,700,,1000,,,,,,,,,,,,,,,,,,,,,,,,,40,1000,100,2844,129,351,0,0,0,15000,0,0,0,3158,6317,3158,316,3158,1,1,1,1,1,1,1,1,1,1,1,1,1
*,90002,Alina,,NPC_Nv_004,,2,,0,1,0,普通小怪,绝对值,0,50000,,5,700,,1000,,,,,,,,,,,,,,,,,,,,,,,,,40,1000,100,2844,129,351,0,0,0,15000,0,0,0,3158,6317,3158,316,3158,1,1,1,1,1,1,1,1,1,1,1,1,1
*,90003,Carina,,NPC_Nv_005,,2,,0,1,0,普通小怪,绝对值,0,50000,,5,700,,1000,,,,,,,,,,,,,,,,,,,,,,,,,40,1000,100,2844,129,351,0,0,0,15000,0,0,0,3158,6317,3158,316,3158,1,1,1,1,1,1,1,1,1,1,1,1,1
*,90004,Beat Striker,,NPC_Nan_036,,2,,0,1,0,普通小怪,绝对值,0,50000,,5,700,,1003,,,,,,,,,,,,,,,,,,,,,,,,,40,1000,100,2844,129,351,0,0,0,15000,0,0,0,3158,6317,3158,316,3158,1,1,1,1,1,1,1,1,1,1,1,1,1
*,90005,Recorder,,NPC_Nan_005,,2,,0,1,0,普通小怪,绝对值,0,50000,,5,700,,1000,,,,,,,,,,,,,,,,,,,,,,,,,40,1000,100,2844,129,351,0,0,0,15000,0,0,0,3158,6317,3158,316,3158,1,1,1,1,1,1,1,1,1,1,1,1,1
*,90006,Butler,,NPC_Nan_017,,2,,0,1,0,普通小怪,绝对值,0,50000,,5,700,,1000,,,,,,,,,,,,,,,,,,,,,,,,,40,1000,100,2844,129,351,0,0,0,15000,0,0,0,3158,6317,3158,316,3158,1,1,1,1,1,1,1,1,1,1,1,1,1
*,90007,Police,,NPC_Nan_023,,2,,0,1,0,普通小怪,绝对值,0,50000,,5,700,,1000,,,,,,,,,,,,,,,,,,,,,,,,,40,1000,100,2844,129,351,0,0,0,15000,0,0,0,3158,6317,3158,316,3158,1,1,1,1,1,1,1,1,1,1,1,1,1
*,90008,3C Mercenary,,NPC_Nan_022,,2,,0,1,0,普通小怪,绝对值,0,50000,,5,700,,1000,,,,,,,,,,,,,,,,,,,,,,,,,40,1000,100,2844,129,351,0,0,0,15000,0,0,0,3158,6317,3158,316,3158,1,1,1,1,1,1,1,1,1,1,1,1,1
*,90009,Hulk,,NPC_Nan_013,,2,,0,1,0,普通小怪,绝对值,0,50001,,5,700,,1000,,,,,,,,,,,,,,,,,,,,,,,,,40,1000,100,2844,129,351,0,0,0,15000,0,0,0,3158,6317,3158,316,3158,1,1,1,1,1,1,1,1,1,1,1,1,1
,,爬塔副本NPC,,,,,,,,,,,,,,,,,,,,,,,,,,,,,,,,,,,,,,,,,,,,,,,,,,,,,,,,,,,,1,1,1,1,1,1,1,1,1,1,1,1,1
*,700101,3C Mercenary,,NPC_Nan_022,,2,,0,1,0,普通小怪,绝对值,0,50000,,5,700,,1012,,,,,,,,,,,,,,,,,,,,,,,,,40,1000,100,2844,129,351,0,0,0,15000,0,0,0,3158,6317,3158,316,3158,1,1,1,1,1,1,1,1,1,1,1,1,1
*,700201,Mercenary,,NPC_Nan_018,,2,,0,2,0,普通小怪,绝对值,0,50001,,5,700,,1012,,,,,,,,,,,,,,,,,,,,,,,,,50,1300,110,2988,135,369,0,0,0,15000,0,0,0,3317,6633,3317,332,3317,1,1,1,1,1,1,1,1,1,1,1,1,1
*,700301,RepairMan,,NPC_Nan_009,,2,,0,3,0,普通小怪,绝对值,0,50001,,5,700,,1012,,,,,,,,,,,,,,,,,,,,,,,,,60,1600,120,3132,142,386,0,0,0,15000,0,0,0,3475,6950,3475,348,3475,1,1,1,1,1,1,1,1,1,1,1,1,1
*,700401,Punk,,NPC_Nan_015,,2,,0,4,0,普通小怪,绝对值,0,50001,,5,700,,1012,,,,,,,,,,,,,,,,,,,,,,,,,70,1900,130,3267,148,404,0,0,0,15000,0,0,0,3633,7267,3633,363,3633,1,1,1,1,1,1,1,1,1,1,1,1,1
*,700501,Buster Man,,BOSS_Nan_007,120,2,,0,5,2,单人副本-BOSS,绝对值,2,60071;60072;60073;60074,,5,700,RandomSkill,1012,,,,,,,,,,,,,,,,,,,,,,,,,80,13200,140,3411,155,421,0,0,0,15000,0,10000,10000,3792,7583,3792,379,3792,1,1,1,1,1,1,1,1,1,1,1,1,1
*,700601,Club elite,,NPC_Nv_009,,2,,0,6,0,普通小怪,绝对值,0,50001,,5,700,,1012,,,,,,,,,,,,,,,,,,,,,,,,,90,2500,150,3555,161,439,0,0,0,15000,0,0,0,3950,7900,3950,395,3950,1,1,1,1,1,1,1,1,1,1,1,1,1
*,700701,Punk,,NPC_Nan_015,,2,,0,7,0,普通小怪,绝对值,0,50001,,5,700,,1012,,,,,,,,,,,,,,,,,,,,,,,,,106,2956,216,3699,168,456,0,0,0,15000,0,0,0,4108,8217,4108,411,4108,1,1,1,1,1,1,1,1,1,1,1,1,1
*,700801,Mystery people,,NPC_Nv_008,,2,,0,8,0,普通小怪,绝对值,0,50000,,5,700,,1012,,,,,,,,,,,,,,,,,,,,,,,,,110,2969,225,3843,174,474,0,0,0,15000,0,0,0,4267,8533,4267,427,4267,1,1,1,1,1,1,1,1,1,1,1,1,1
*,700901,Punk,,NPC_Nan_015,,2,,0,9,0,普通小怪,绝对值,0,50001,,5,700,,1012,,,,,,,,,,,,,,,,,,,,,,,,,125,3011,233,3987,181,492,0,0,0,15000,0,0,0,4425,8850,4425,443,4425,1,1,1,1,1,1,1,1,1,1,1,1,1
*,700902,Lord Blake,,NPC_Nan_024,,2,,0,9,1,精英怪,绝对值,1,50000,,5,700,,1012,,,,,,,,,,,,,,,,,,,,,,,,,250,9033,233,3987,181,492,0,0,0,15000,0,0,0,4425,8850,4425,443,4425,1,1,1,1,1,1,1,1,1,1,1,1,1
*,701001,Lord Blake,,NPC_Nan_024,,2,,0,10,0,普通小怪,绝对值,0,50000,,5,700,,1012,,,,,,,,,,,,,,,,,,,,,,,,,143,3024,241,4122,187,509,0,0,0,15000,0,0,0,4583,9167,4583,458,4583,1,1,1,1,1,1,1,1,1,1,1,1,1
*,701002,The Gun,,BOSS_Nan_003,120,2,,0,10,2,单人副本-BOSS,绝对值,2,60031;60032;60033;60034,,,700,RandomSkill,1013,,,,,,,,,,,,,,,,,,,,,,,,,143,18144,241,4122,187,509,0,0,0,15000,0,10000,10000,4583,9167,4583,458,4583,1,1,1,1,1,1,1,1,1,1,1,1,1
*,701101,Broker,,NPC_Nan_013,,2,,0,11,0,普通小怪,绝对值,0,50001,,5,700,,1012,,,,,,,,,,,,,,,,,,,,,,,,,124,3273,322,5517,250,681,0,0,0,15000,0,0,0,6125,12250,6125,613,6125,1,1,1,1,1,1,1,1,1,1,1,1,1
*,701102,Horro's guy,,NPC_Nan_011,,2,,0,11,0,普通小怪,绝对值,0,50000,,5,700,,1012,,,,,,,,,,,,,,,,,,,,,,,,,124,3273,322,5517,250,681,0,0,0,15000,0,0,0,6125,12250,6125,613,6125,1,1,1,1,1,1,1,1,1,1,1,1,1
*,701201,Horro's guy,,NPC_Nan_011,,2,,0,12,0,普通小怪,绝对值,0,50000,,5,700,,1012,,,,,,,,,,,,,,,,,,,,,,,,,149,3960,343,5868,266,725,0,0,0,15000,0,0,0,6521,13042,6521,652,6521,1,1,1,1,1,1,1,1,1,1,1,1,1
*,701202,Trouble Maker,,NPC_Nan_014,,2,,0,12,1,精英怪,绝对值,1,50001,,5,700,,1012,,,,,,,,,,,,,,,,,,,,,,,,,298,11880,343,5868,266,725,0,0,0,15000,0,0,0,6521,13042,6521,652,6521,1,1,1,1,1,1,1,1,1,1,1,1,1
*,701301,3C Member,,NPC_Nan_022,,2,,0,13,0,普通小怪,绝对值,0,50000,,5,700,,1012,,,,,,,,,,,,,,,,,,,,,,,,,177,4032,364,6228,282,769,0,0,0,15000,0,0,0,6917,13833,6917,692,6917,1,1,1,1,1,1,1,1,1,1,1,1,1
*,701302,Hulk,,NPC_Nan_013,,2,,0,13,0,普通小怪,绝对值,0,50001,,5,700,,1012,,,,,,,,,,,,,,,,,,,,,,,,,177,4032,364,6228,282,769,0,0,0,15000,0,0,0,6917,13833,6917,692,6917,1,1,1,1,1,1,1,1,1,1,1,1,1
*,701401,Hulk,,NPC_Nan_013,,2,,0,14,0,普通小怪,绝对值,0,50001,,5,700,,1012,,,,,,,,,,,,,,,,,,,,,,,,,216,4076,385,6579,298,813,0,0,0,15000,0,0,0,7313,14625,7313,731,7313,1,1,1,1,1,1,1,1,1,1,1,1,1
*,701402,Punk,,NPC_Nan_015,,2,,0,14,1,精英怪,绝对值,1,50001,,5,700,,1012,,,,,,,,,,,,,,,,,,,,,,,,,432,12228,385,6579,298,813,0,0,0,15000,0,0,0,7313,14625,7313,731,7313,1,1,1,1,1,1,1,1,1,1,1,1,1
*,701501,Horro's guy,,NPC_Nan_011,,2,,0,15,0,普通小怪,绝对值,0,50000,,5,700,,1012,,,,,,,,,,,,,,,,,,,,,,,,,264,4108,406,6939,315,856,0,0,0,15000,0,0,0,7708,15417,7708,771,7708,1,1,1,1,1,1,1,1,1,1,1,1,1
*,701502,The Pain,,BOSS_Nan_006,120,2,,0,15,2,单人副本-BOSS,绝对值,2,60061;60062;60063;60064;60065,,,700,RandomSkill,1013,,,,,,,,,,,,,,,,,,,,,,,,,264,24648,406,6939,315,856,0,0,0,15000,0,10000,10000,7708,15417,7708,771,7708,1,1,1,1,1,1,1,1,1,1,1,1,1
*,701601,Trouble Maker,,NPC_Nan_014,,2,,0,16,0,普通小怪,绝对值,0,50001,,5,700,,1012,,,,,,,,,,,,,,,,,,,,,,,,,323,4716,427,7290,331,900,0,0,0,15000,0,0,0,8104,16208,8104,810,8104,1,1,1,1,1,1,1,1,1,1,1,1,1
*,701602,Thug,,NPC_Nan_011,,2,,0,16,0,普通小怪,绝对值,0,50000,,5,700,,1012,,,,,,,,,,,,,,,,,,,,,,,,,323,4716,427,7290,331,900,0,0,0,15000,0,0,0,8104,16208,8104,810,8104,1,1,1,1,1,1,1,1,1,1,1,1,1
*,701701,Thug,,NPC_Nan_011,,2,,0,17,0,普通小怪,绝对值,0,50000,,5,700,,1012,,,,,,,,,,,,,,,,,,,,,,,,,398,4765,447,7650,347,944,0,0,0,15000,0,0,0,8500,17000,8500,850,8500,1,1,1,1,1,1,1,1,1,1,1,1,1
*,701702,Mob,,NPC_Nan_009,,2,,0,17,0,普通小怪,绝对值,0,50001,,5,700,,1012,,,,,,,,,,,,,,,,,,,,,,,,,398,4765,447,7650,347,944,0,0,0,15000,0,0,0,8500,17000,8500,850,8500,1,1,1,1,1,1,1,1,1,1,1,1,1
*,701801,Mob Boss,,NPC_Nan_007,,2,,0,18,1,精英怪,绝对值,1,50000,,5,700,,1012,,,,,,,,,,,,,,,,,,,,,,,,,1006,14733,468,8010,363,988,0,0,0,15000,0,0,0,8896,17792,8896,890,8896,1,1,1,1,1,1,1,1,1,1,1,1,1
*,701802,Hired Rioter,,NPC_Nan_026,,2,,0,18,0,普通小怪,绝对值,0,50000,,5,700,,1012,,,,,,,,,,,,,,,,,,,,,,,,,503,4911,468,8010,363,988,0,0,0,15000,0,0,0,8896,17792,8896,890,8896,1,1,1,1,1,1,1,1,1,1,1,1,1
*,701901,Boss Rioter,,NPC_Nan_024,,2,,0,19,1,精英怪,绝对值,1,50000,,5,700,,1012,,,,,,,,,,,,,,,,,,,,,,,,,1048,16662,489,8361,379,1032,0,0,0,15000,0,0,0,9292,18583,9292,929,9292,1,1,1,1,1,1,1,1,1,1,1,1,1
*,702001,Hired Rioter,,NPC_Nan_026,,2,,0,20,0,普通小怪,绝对值,0,50000,,5,700,,1012,,,,,,,,,,,,,,,,,,,,,,,,,435,7002,510,8721,395,1076,0,0,0,15000,0,0,0,9688,19375,9688,969,9688,1,1,1,1,1,1,1,1,1,1,1,1,1
*,702002,Bomb Gentleman,,BOSS_Nan_008,120,2,,0,20,2,单人副本-BOSS,绝对值,2,60081;60082,,,700,RandomSkill,1013,,,,,,,,,,,,,,,,,,,,,,,,,435,42012,510,8721,395,1076,0,0,0,15000,0,10000,10000,9688,19375,9688,969,9688,1,1,1,1,1,1,1,1,1,1,1,1,1
*,702101,Saboteur,,NPC_Nan_026,,2,,0,21,0,普通小怪,绝对值,0,50000,,5,700,,1012,,,,,,,,,,,,,,,,,,,,,,,,,467,7082,541,9252,420,1142,0,0,0,15000,0,0,0,10281,20563,10281,1028,10281,1,1,1,1,1,1,1,1,1,1,1,1,1
*,702102,Scavenger,,NPC_Nan_016,,2,,0,21,1,精英怪,绝对值,1,50000,,5,700,,1012,,,,,,,,,,,,,,,,,,,,,,,,,934,21246,541,9252,420,1142,0,0,0,15000,0,0,0,10281,20563,10281,1028,10281,1,1,1,1,1,1,1,1,1,1,1,1,1
*,702201,Scavenger,,NPC_Nan_016,,2,,0,22,1,精英怪,绝对值,1,50000,,5,700,,1012,,,,,,,,,,,,,,,,,,,,,,,,,984,23571,572,9792,444,1208,0,0,0,15000,0,0,0,10875,21750,10875,1088,10875,1,1,1,1,1,1,1,1,1,1,1,1,1
*,702202,Hatchet Guy,,NPC_Nan_002,,2,,0,22,1,精英怪,绝对值,1,50001,,5,700,,1012,,,,,,,,,,,,,,,,,,,,,,,,,984,23571,572,9792,444,1208,0,0,0,15000,0,0,0,10875,21750,10875,1088,10875,1,1,1,1,1,1,1,1,1,1,1,1,1
*,702301,Hatchet Guy,,NPC_Nan_002,,2,,0,23,1,精英怪,绝对值,1,50001,,5,700,,1012,,,,,,,,,,,,,,,,,,,,,,,,,1030,24384,604,10323,468,1274,0,0,0,15000,0,0,0,11469,22938,11469,1147,11469,1,1,1,1,1,1,1,1,1,1,1,1,1
*,702302,Bravo,,NPC_Nan_021,,2,,0,23,1,精英怪,绝对值,1,50001,,5,700,,1012,,,,,,,,,,,,,,,,,,,,,,,,,1030,24384,604,10323,468,1274,0,0,0,15000,0,0,0,11469,22938,11469,1147,11469,1,1,1,1,1,1,1,1,1,1,1,1,1
*,702401,Bravo,,NPC_Nan_021,,2,,0,24,1,精英怪,绝对值,1,50001,,5,700,,1012,,,,,,,,,,,,,,,,,,,,,,,,,1084,24558,635,10854,492,1340,0,0,0,15000,0,0,0,12063,24125,12063,1206,12063,1,1,1,1,1,1,1,1,1,1,1,1,1
*,702402,Marauder,,NPC_Nan_014,,2,,0,24,1,精英怪,绝对值,1,50001,,5,700,,1012,,,,,,,,,,,,,,,,,,,,,,,,,1084,24558,635,10854,492,1340,0,0,0,15000,0,0,0,12063,24125,12063,1206,12063,1,1,1,1,1,1,1,1,1,1,1,1,1
*,702501,Punk,,NPC_Nan_011,,2,,0,25,1,精英怪,绝对值,1,50000,,5,700,,1012,,,,,,,,,,,,,,,,,,,,,,,,,1134,26964,666,11394,517,1406,0,0,0,15000,0,0,0,12656,25313,12656,1266,12656,1,1,1,1,1,1,1,1,1,1,1,1,1
*,702502,Iron Arm,,BOSS_Nan_009,120,2,,0,25,2,单人副本-BOSS,绝对值,2,60091;60092;60093,,,700,RandomSkill,1013,,,,,,,,,,,,,,,,,,,,,,,,,567,53928,666,11394,517,1406,0,0,0,15000,0,10000,10000,12656,25313,12656,1266,12656,1,1,1,1,1,1,1,1,1,1,1,1,1
*,702601,Private Guard,,NPC_Nan_029,,2,,0,26,1,精英怪,绝对值,1,50000,,5,700,,1012,,,,,,,,,,,,,,,,,,,,,,,,,1200,27372,697,11925,541,1472,0,0,0,15000,0,0,0,13250,26500,13250,1325,13250,1,1,1,1,1,1,1,1,1,1,1,1,1
*,702602,Marksman,,NPC_Nan_030,,2,,0,26,1,精英怪,绝对值,1,50001,,5,700,,1012,,,,,,,,,,,,,,,,,,,,,,,,,1200,27372,697,11925,541,1472,0,0,0,15000,0,0,0,13250,26500,13250,1325,13250,1,1,1,1,1,1,1,1,1,1,1,1,1
*,702701,Marksman,,NPC_Nan_030,,2,,0,27,1,精英怪,绝对值,1,50001,,5,700,,1012,,,,,,,,,,,,,,,,,,,,,,,,,1250,30105,729,12456,565,1538,0,0,0,15000,0,0,0,13844,27688,13844,1384,13844,1,1,1,1,1,1,1,1,1,1,1,1,1
*,702702,Elite Beater,,NPC_Nan_035,,2,,0,27,1,精英怪,绝对值,1,50000,,5,700,,1012,,,,,,,,,,,,,,,,,,,,,,,,,1250,30105,729,12456,565,1538,0,0,0,15000,0,0,0,13844,27688,13844,1384,13844,1,1,1,1,1,1,1,1,1,1,1,1,1
*,702801,Elite Beater,,NPC_Nan_035,,2,,0,28,1,精英怪,绝对值,1,50000,,5,700,,1012,,,,,,,,,,,,,,,,,,,,,,,,,1304,30375,760,12996,589,1604,0,0,0,15000,0,0,0,14438,28875,14438,1444,14438,1,1,1,1,1,1,1,1,1,1,1,1,1
*,702802,Striker,,NPC_Nan_037,,2,,0,28,1,精英怪,绝对值,1,50000,,5,700,,1012,,,,,,,,,,,,,,,,,,,,,,,,,1304,30375,760,12996,589,1604,0,0,0,15000,0,0,0,14438,28875,14438,1444,14438,1,1,1,1,1,1,1,1,1,1,1,1,1
*,702901,Striker,,NPC_Nan_037,,2,,0,29,1,精英怪,绝对值,1,50000,,5,700,,1012,,,,,,,,,,,,,,,,,,,,,,,,,1354,32673,791,13527,614,1670,0,0,0,15000,0,0,0,15031,30063,15031,1503,15031,1,1,1,1,1,1,1,1,1,1,1,1,1
*,702902,Mercenary,,NPC_Nan_039,,2,,0,29,1,精英怪,绝对值,1,50001,,5,700,,1012,,,,,,,,,,,,,,,,,,,,,,,,,1354,32673,791,13527,614,1670,0,0,0,15000,0,0,0,15031,30063,15031,1503,15031,1,1,1,1,1,1,1,1,1,1,1,1,1
*,703001,Armed Police,,NPC_Nan_025,,2,,0,30,1,精英怪,绝对值,1,50001,,5,700,,1012,,,,,,,,,,,,,,,,,,,,,,,,,1372,26160,1014,17343,787,2141,0,0,0,15000,0,0,0,19271,38542,19271,1927,19271,1,1,1,1,1,1,1,1,1,1,1,1,1
*,703002,Scarlet Ice,,BOSS_Nv_003,120,2,,0,30,2,单人副本-BOSS,绝对值,2,70031;70032,,,700,RandomSkill,1013,,,,,,,,,,,,,,,,,,,,,,,,,686,52320,1014,17343,787,2141,0,0,0,15000,0,10000,10000,19271,38542,19271,1927,19271,1,1,1,1,1,1,1,1,1,1,1,1,1
*,703101,Mercenary,,NPC_Nan_018,,2,,0,31,1,精英怪,绝对值,1,50001,,5,700,,1012,,,,,,,,,,,,,,,,,,,,,,,,,1204,34128,1066,18225,826,2250,0,0,0,15000,0,0,0,20247,40494,20247,2025,20247,1,1,1,1,1,1,1,1,1,1,1,1,1
*,703102,Mystery people,,NPC_Nv_008,,2,,0,31,1,精英怪,绝对值,1,50000,,5,700,,1012,,,,,,,,,,,,,,,,,,,,,,,,,1204,34128,1066,18225,826,2250,0,0,0,15000,0,0,0,20247,40494,20247,2025,20247,1,1,1,1,1,1,1,1,1,1,1,1,1
*,703201,Mystery people,,NPC_Nv_008,,2,,0,32,1,精英怪,绝对值,1,50000,,5,700,,1012,,,,,,,,,,,,,,,,,,,,,,,,,1260,34392,1117,19098,866,2358,0,0,0,15000,0,0,0,21224,42447,21224,2122,21224,1,1,1,1,1,1,1,1,1,1,1,1,1
*,703202,Hired Rioter,,NPC_Nan_026,,2,,0,32,1,精英怪,绝对值,1,50000,,5,700,,1012,,,,,,,,,,,,,,,,,,,,,,,,,1260,34392,1117,19098,866,2358,0,0,0,15000,0,0,0,21224,42447,21224,2122,21224,1,1,1,1,1,1,1,1,1,1,1,1,1
*,703301,Hired Rioter,,NPC_Nan_026,,2,,0,33,1,精英怪,绝对值,1,50000,,5,700,,1012,,,,,,,,,,,,,,,,,,,,,,,,,1314,36732,1168,19980,906,2467,0,0,0,15000,0,0,0,22200,44400,22200,2220,22200,1,1,1,1,1,1,1,1,1,1,1,1,1
*,703302,Boss Rioter,,NPC_Nan_024,,2,,0,33,1,精英怪,绝对值,1,50000,,5,700,,1012,,,,,,,,,,,,,,,,,,,,,,,,,1314,36732,1168,19980,906,2467,0,0,0,15000,0,0,0,22200,44400,22200,2220,22200,1,1,1,1,1,1,1,1,1,1,1,1,1
*,703401,RepairMan,,NPC_Nan_009,,2,,0,34,1,精英怪,绝对值,1,50001,,5,700,,1012,,,,,,,,,,,,,,,,,,,,,,,,,1378,37569,1220,20862,946,2575,0,0,0,15000,0,0,0,23176,46353,23176,2318,23176,1,1,1,1,1,1,1,1,1,1,1,1,1
*,703402,Horro,,NPC_Nan_006,,2,,0,34,1,精英怪,绝对值,1,50000,,5,700,,1012,,,,,,,,,,,,,,,,,,,,,,,,,1378,37569,1220,20862,946,2575,0,0,0,15000,0,0,0,23176,46353,23176,2318,23176,1,1,1,1,1,1,1,1,1,1,1,1,1
*,703501,Horro,,NPC_Nan_006,,2,,0,35,1,精英怪,绝对值,1,50000,,5,700,,1012,,,,,,,,,,,,,,,,,,,,,,,,,1404,30783,1589,27171,1232,3355,0,0,0,15000,0,0,0,30191,60382,30191,3019,30191,1,1,1,1,1,1,1,1,1,1,1,1,1
*,703502,The Gun,,BOSS_Nan_003,120,2,,0,35,2,单人副本-BOSS,绝对值,2,60031;60032;60033;60034,,,700,RandomSkill,1013,,,,,,,,,,,,,,,,,,,,,,,,,702,61566,1589,27171,1232,3355,0,0,0,15000,0,10000,10000,30191,60382,30191,3019,30191,1,1,1,1,1,1,1,1,1,1,1,1,1
*,703601,Marksman,,NPC_Nan_030,,2,,0,36,1,精英怪,绝对值,1,50001,,5,700,,1012,,,,,,,,,,,,,,,,,,,,,,,,,1456,30939,1653,28269,1282,3490,0,0,0,15000,0,0,0,31411,62823,31411,3141,31411,1,1,1,1,1,1,1,1,1,1,1,1,1
*,703602,Elite Beater,,NPC_Nan_035,,2,,0,36,1,精英怪,绝对值,1,50000,,5,700,,1012,,,,,,,,,,,,,,,,,,,,,,,,,1456,30939,1653,28269,1282,3490,0,0,0,15000,0,0,0,31411,62823,31411,3141,31411,1,1,1,1,1,1,1,1,1,1,1,1,1
*,703701,Elite Beater,,NPC_Nan_035,,2,,0,37,1,精英怪,绝对值,1,50000,,5,700,,1012,,,,,,,,,,,,,,,,,,,,,,,,,1514,33066,1717,29367,1332,3626,0,0,0,15000,0,0,0,32632,65264,32632,3263,32632,1,1,1,1,1,1,1,1,1,1,1,1,1
*,703702,Mercenary,,NPC_Nan_039,,2,,0,37,1,精英怪,绝对值,1,50001,,5,700,,1012,,,,,,,,,,,,,,,,,,,,,,,,,1514,33066,1717,29367,1332,3626,0,0,0,15000,0,0,0,32632,65264,32632,3263,32632,1,1,1,1,1,1,1,1,1,1,1,1,1
*,703801,Mercenary,,NPC_Nan_039,,2,,0,38,1,精英怪,绝对值,1,50001,,5,700,,1012,,,,,,,,,,,,,,,,,,,,,,,,,1570,33378,1782,30465,1382,3761,0,0,0,15000,0,0,0,33852,67705,33852,3385,33852,1,1,1,1,1,1,1,1,1,1,1,1,1
*,703802,Broker,,NPC_Nan_013,,2,,0,38,1,精英怪,绝对值,1,50001,,5,700,,1012,,,,,,,,,,,,,,,,,,,,,,,,,1570,33378,1782,30465,1382,3761,0,0,0,15000,0,0,0,33852,67705,33852,3385,33852,1,1,1,1,1,1,1,1,1,1,1,1,1
*,703901,Broker,,NPC_Nan_013,,2,,0,39,1,精英怪,绝对值,1,50001,,5,700,,1012,,,,,,,,,,,,,,,,,,,,,,,,,1628,35229,1846,31563,1432,3897,0,0,0,15000,0,0,0,35073,70146,35073,3507,35073,1,1,1,1,1,1,1,1,1,1,1,1,1
*,703902,Horro's guy,,NPC_Nan_011,,2,,0,39,1,精英怪,绝对值,1,50000,,5,700,,1012,,,,,,,,,,,,,,,,,,,,,,,,,1628,35229,1846,31563,1432,3897,0,0,0,15000,0,0,0,35073,70146,35073,3507,35073,1,1,1,1,1,1,1,1,1,1,1,1,1
*,704001,Horro's guy,,NPC_Nan_011,,2,,0,40,1,精英怪,绝对值,1,50000,,5,700,,1012,,,,,,,,,,,,,,,,,,,,,,,,,1670,33993,2063,35280,1600,4355,0,0,0,15000,0,0,0,39197,78394,39197,3920,39197,1,1,1,1,1,1,1,1,1,1,1,1,1
*,704002,Jerry the Ripper,,BOSS_Nan_011,120,2,,0,40,2,单人副本-BOSS,绝对值,2,60111;60112;60114;60115,,,700,RandomSkill,1013,,,,,,,,,,,,,,,,,,,,,,,,,835,67986,2063,35280,1600,4355,0,0,0,15000,0,10000,10000,39197,78394,39197,3920,39197,1,1,1,1,1,1,1,1,1,1,1,1,1
*,704101,Saboteur,,NPC_Nan_026,,2,,0,41,1,精英怪,绝对值,1,50000,,5,700,,1012,,,,,,,,,,,,,,,,,,,,,,,,,1744,34281,2150,36756,1667,4538,0,0,0,15000,0,0,0,40845,81689,40845,4084,40845,1,1,1,1,1,1,1,1,1,1,1,1,1
*,704102,Scavenger,,NPC_Nan_016,,2,,0,41,1,精英怪,绝对值,1,50000,,5,700,,1012,,,,,,,,,,,,,,,,,,,,,,,,,1744,34281,2150,36756,1667,4538,0,0,0,15000,0,0,0,40845,81689,40845,4084,40845,1,1,1,1,1,1,1,1,1,1,1,1,1
*,704201,Scavenger,,NPC_Nan_016,,2,,0,42,1,精英怪,绝对值,1,50000,,5,700,,1012,,,,,,,,,,,,,,,,,,,,,,,,,1814,36306,2236,38241,1734,4721,0,0,0,15000,0,0,0,42492,84984,42492,4249,42492,1,1,1,1,1,1,1,1,1,1,1,1,1
*,704202,Hatchet Guy,,NPC_Nan_002,,2,,0,42,1,精英怪,绝对值,1,50001,,5,700,,1012,,,,,,,,,,,,,,,,,,,,,,,,,1814,36306,2236,38241,1734,4721,0,0,0,15000,0,0,0,42492,84984,42492,4249,42492,1,1,1,1,1,1,1,1,1,1,1,1,1
*,704301,Hatchet Guy,,NPC_Nan_002,,2,,0,43,1,精英怪,绝对值,1,50001,,5,700,,1012,,,,,,,,,,,,,,,,,,,,,,,,,1884,38052,2323,39726,1802,4904,0,0,0,15000,0,0,0,44140,88280,44140,4414,44140,1,1,1,1,1,1,1,1,1,1,1,1,1
*,704302,Bravo,,NPC_Nan_021,,2,,0,43,1,精英怪,绝对值,1,50001,,5,700,,1012,,,,,,,,,,,,,,,,,,,,,,,,,1884,38052,2323,39726,1802,4904,0,0,0,15000,0,0,0,44140,88280,44140,4414,44140,1,1,1,1,1,1,1,1,1,1,1,1,1
*,704401,Bravo,,NPC_Nan_021,,2,,0,44,1,精英怪,绝对值,1,50001,,5,700,,1012,,,,,,,,,,,,,,,,,,,,,,,,,1954,38337,2410,41211,1869,5088,0,0,0,15000,0,0,0,45788,91575,45788,4579,45788,1,1,1,1,1,1,1,1,1,1,1,1,1
*,704402,Marauder,,NPC_Nan_014,,2,,0,44,1,精英怪,绝对值,1,50001,,5,700,,1012,,,,,,,,,,,,,,,,,,,,,,,,,1954,38337,2410,41211,1869,5088,0,0,0,15000,0,0,0,45788,91575,45788,4579,45788,1,1,1,1,1,1,1,1,1,1,1,1,1
*,704501,Punk,,NPC_Nan_011,,2,,0,45,1,精英怪,绝对值,1,50000,,5,700,,1012,,,,,,,,,,,,,,,,,,,,,,,,,2024,40290,2497,42696,1936,5271,0,0,0,15000,0,0,0,47435,94870,47435,4744,47435,1,1,1,1,1,1,1,1,1,1,1,1,1
*,704502,Violence Queen,,BOSS_Nv_001,120,2,,0,45,2,单人副本-BOSS,绝对值,2,70011;70012;70013;70014,,,700,RandomSkill,1013,,,,,,,,,,,,,,,,,,,,,,,,,1012,80580,2497,42696,1936,5271,0,0,0,15000,0,10000,10000,47435,94870,47435,4744,47435,1,1,1,1,1,1,1,1,1,1,1,1,1
*,704601,Elite Beater,,NPC_Nan_035,,2,,0,46,1,精英怪,绝对值,1,50000,,5,700,,1012,,,,,,,,,,,,,,,,,,,,,,,,,2094,42054,2583,44172,2003,5454,0,0,0,15000,0,0,0,49083,98166,49083,4908,49083,1,1,1,1,1,1,1,1,1,1,1,1,1
*,704602,Striker,,NPC_Nan_037,,2,,0,46,1,精英怪,绝对值,1,50000,,5,700,,1012,,,,,,,,,,,,,,,,,,,,,,,,,2094,42054,2583,44172,2003,5454,0,0,0,15000,0,0,0,49083,98166,49083,4908,49083,1,1,1,1,1,1,1,1,1,1,1,1,1
*,704701,Striker,,NPC_Nan_037,,2,,0,47,1,精英怪,绝对值,1,50000,,5,700,,1012,,,,,,,,,,,,,,,,,,,,,,,,,2168,42579,2670,45657,2071,5637,0,0,0,15000,0,0,0,50730,101461,50730,5073,50730,1,1,1,1,1,1,1,1,1,1,1,1,1
*,704702,Marksman,,NPC_Nan_030,,2,,0,47,1,精英怪,绝对值,1,50001,,5,700,,1012,,,,,,,,,,,,,,,,,,,,,,,,,2168,42579,2670,45657,2071,5637,0,0,0,15000,0,0,0,50730,101461,50730,5073,50730,1,1,1,1,1,1,1,1,1,1,1,1,1
*,704801,Marksman,,NPC_Nan_030,,2,,0,48,1,精英怪,绝对值,1,50001,,5,700,,1012,,,,,,,,,,,,,,,,,,,,,,,,,2232,44346,2757,47142,2138,5820,0,0,0,15000,0,0,0,52378,104756,52378,5238,52378,1,1,1,1,1,1,1,1,1,1,1,1,1
*,704802,Private Guard,,NPC_Nan_029,,2,,0,48,1,精英怪,绝对值,1,50000,,5,700,,1012,,,,,,,,,,,,,,,,,,,,,,,,,2232,44346,2757,47142,2138,5820,0,0,0,15000,0,0,0,52378,104756,52378,5238,52378,1,1,1,1,1,1,1,1,1,1,1,1,1
*,704901,Private Guard,,NPC_Nan_029,,2,,0,49,1,精英怪,绝对值,1,50000,,5,700,,1012,,,,,,,,,,,,,,,,,,,,,,,,,2304,46113,2843,48627,2205,6003,0,0,0,15000,0,0,0,54026,108052,54026,5403,54026,1,1,1,1,1,1,1,1,1,1,1,1,1
*,704902,Armed Police,,NPC_Nan_025,,2,,0,49,1,精英怪,绝对值,1,50001,,5,700,,1012,,,,,,,,,,,,,,,,,,,,,,,,,2304,46113,2843,48627,2205,6003,0,0,0,15000,0,0,0,54026,108052,54026,5403,54026,1,1,1,1,1,1,1,1,1,1,1,1,1
*,705001,Mercenary,,NPC_Nan_039,,2,,0,50,1,精英怪,绝对值,1,50001,,5,700,,1012,,,,,,,,,,,,,,,,,,,,,,,,,2376,46650,2930,50103,2272,6186,0,0,0,15000,0,0,0,55673,111347,55673,5567,55673,1,1,1,1,1,1,1,1,1,1,1,1,1
*,705002,Bomb Gentleman,,BOSS_Nan_008,120,2,,0,50,2,单人副本-BOSS,绝对值,2,60081;60082,,,700,RandomSkill,1013,,,,,,,,,,,,,,,,,,,,,,,,,1188,93300,2930,50103,2272,6186,0,0,0,15000,0,10000,10000,55673,111347,55673,5567,55673,1,1,1,1,1,1,1,1,1,1,1,1,1
*,705101,Hired Rioter,,NPC_Nan_026,,2,,0,51,1,精英怪,绝对值,1,50000,,5,700,,1012,,,,,,,,,,,,,,,,,,,,,,,,,2460,48411,3034,51885,2353,6406,0,0,0,15000,0,0,0,57651,115301,57651,5765,57651,1,1,1,1,1,1,1,1,1,1,1,1,1
*,705102,Lord Blake,,NPC_Nan_024,,2,,0,51,1,精英怪,绝对值,1,50000,,5,700,,1012,,,,,,,,,,,,,,,,,,,,,,,,,2460,48411,3034,51885,2353,6406,0,0,0,15000,0,0,0,57651,115301,57651,5765,57651,1,1,1,1,1,1,1,1,1,1,1,1,1
*,705201,Club elite,,NPC_Nv_009,,2,,0,52,1,精英怪,绝对值,1,50001,,5,700,,1012,,,,,,,,,,,,,,,,,,,,,,,,,2548,50424,3138,53667,2434,6625,0,0,0,15000,0,0,0,59628,119256,59628,5963,59628,1,1,1,1,1,1,1,1,1,1,1,1,1
*,705202,3C Mercenary,,NPC_Nan_022,,2,,0,52,1,精英怪,绝对值,1,50000,,5,700,,1012,,,,,,,,,,,,,,,,,,,,,,,,,2548,50424,3138,53667,2434,6625,0,0,0,15000,0,0,0,59628,119256,59628,5963,59628,1,1,1,1,1,1,1,1,1,1,1,1,1
*,705301,Mercenary,,NPC_Nan_018,,2,,0,53,1,精英怪,绝对值,1,50001,,5,700,,1012,,,,,,,,,,,,,,,,,,,,,,,,,2626,52266,3242,55449,2514,6845,0,0,0,15000,0,0,0,61605,123210,61605,6161,61605,1,1,1,1,1,1,1,1,1,1,1,1,1
*,705302,Mob Boss,,NPC_Nan_007,,2,,0,53,1,精英怪,绝对值,1,50000,,5,700,,1012,,,,,,,,,,,,,,,,,,,,,,,,,2626,52266,3242,55449,2514,6845,0,0,0,15000,0,0,0,61605,123210,61605,6161,61605,1,1,1,1,1,1,1,1,1,1,1,1,1
*,705401,Private Guard,,NPC_Nan_029,,2,,0,54,1,精英怪,绝对值,1,50000,,5,700,,1012,,,,,,,,,,,,,,,,,,,,,,,,,2710,54279,3346,57222,2595,7065,0,0,0,15000,0,0,0,63582,127164,63582,6358,63582,1,1,1,1,1,1,1,1,1,1,1,1,1
*,705402,Marksman,,NPC_Nan_030,,2,,0,54,1,精英怪,绝对值,1,50001,,5,700,,1012,,,,,,,,,,,,,,,,,,,,,,,,,2710,54279,3346,57222,2595,7065,0,0,0,15000,0,0,0,63582,127164,63582,6358,63582,1,1,1,1,1,1,1,1,1,1,1,1,1
*,705501,Mob,,NPC_Nan_009,,2,,0,55,1,精英怪,绝对值,1,50001,,5,700,,1012,,,,,,,,,,,,,,,,,,,,,,,,,2798,56103,3450,59004,2676,7284,0,0,0,15000,0,0,0,65559,131119,65559,6556,65559,1,1,1,1,1,1,1,1,1,1,1,1,1
*,705502,Iron Arm,,BOSS_Nan_009,120,2,,0,55,2,单人副本-BOSS,绝对值,2,60091;60092;60093,,,700,RandomSkill,1013,,,,,,,,,,,,,,,,,,,,,,,,,1399,112206,3450,59004,2676,7284,0,0,0,15000,0,10000,10000,65559,131119,65559,6556,65559,1,1,1,1,1,1,1,1,1,1,1,1,1
*,705601,Hulk,,NPC_Nan_013,,2,,0,56,1,精英怪,绝对值,1,50001,,5,700,,1012,,,,,,,,,,,,,,,,,,,,,,,,,2880,56631,3555,60786,2757,7504,0,0,0,15000,0,0,0,67537,135073,67537,6754,67537,1,1,1,1,1,1,1,1,1,1,1,1,1
*,705602,Boss Rioter,,NPC_Nan_024,,2,,0,56,1,精英怪,绝对值,1,50000,,5,700,,1012,,,,,,,,,,,,,,,,,,,,,,,,,2880,56631,3555,60786,2757,7504,0,0,0,15000,0,0,0,67537,135073,67537,6754,67537,1,1,1,1,1,1,1,1,1,1,1,1,1
*,705701,Mystery people,,NPC_Nv_008,,2,,0,57,1,精英怪,绝对值,1,50000,,5,700,,1012,,,,,,,,,,,,,,,,,,,,,,,,,2968,58482,3659,62559,2837,7724,0,0,0,15000,0,0,0,69514,139028,69514,6951,69514,1,1,1,1,1,1,1,1,1,1,1,1,1
*,705702,Mob Boss,,NPC_Nan_007,,2,,0,57,1,精英怪,绝对值,1,50000,,5,700,,1012,,,,,,,,,,,,,,,,,,,,,,,,,2968,58482,3659,62559,2837,7724,0,0,0,15000,0,0,0,69514,139028,69514,6951,69514,1,1,1,1,1,1,1,1,1,1,1,1,1
*,705801,Trouble Maker,,NPC_Nan_014,,2,,0,58,1,精英怪,绝对值,1,50001,,5,700,,1012,,,,,,,,,,,,,,,,,,,,,,,,,3050,60567,3763,64341,2918,7943,0,0,0,15000,0,0,0,71491,142982,71491,7149,71491,1,1,1,1,1,1,1,1,1,1,1,1,1
*,705802,Bravo,,NPC_Nan_021,,2,,0,58,1,精英怪,绝对值,1,50001,,5,700,,1012,,,,,,,,,,,,,,,,,,,,,,,,,3050,60567,3763,64341,2918,7943,0,0,0,15000,0,0,0,71491,142982,71491,7149,71491,1,1,1,1,1,1,1,1,1,1,1,1,1
*,705901,Thug,,NPC_Nan_011,,2,,0,59,1,精英怪,绝对值,1,50000,,5,700,,1012,,,,,,,,,,,,,,,,,,,,,,,,,3134,62322,3867,66123,2999,8163,0,0,0,15000,0,0,0,73468,146936,73468,7347,73468,1,1,1,1,1,1,1,1,1,1,1,1,1
*,705902,3Cmember,,NPC_Nan_022,,2,,0,59,1,精英怪,绝对值,1,50000,,5,700,,1012,,,,,,,,,,,,,,,,,,,,,,,,,3134,62322,3867,66123,2999,8163,0,0,0,15000,0,0,0,73468,146936,73468,7347,73468,1,1,1,1,1,1,1,1,1,1,1,1,1
*,706001,Broker,,NPC_Nan_013,,2,,0,60,1,精英怪,绝对值,1,50001,,5,700,,1012,,,,,,,,,,,,,,,,,,,,,,,,,3222,64350,3971,67905,3079,8383,0,0,0,15000,0,0,0,75445,150891,75445,7545,75445,1,1,1,1,1,1,1,1,1,1,1,1,1
*,706002,Scarlet Ice,,BOSS_Nv_003,120,2,,0,60,2,单人副本-BOSS,绝对值,2,70031;70032,,,700,RandomSkill,1013,,,,,,,,,,,,,,,,,,,,,,,,,1611,128700,3971,67905,3079,8383,0,0,0,15000,0,10000,10000,75445,150891,75445,7545,75445,1,1,1,1,1,1,1,1,1,1,1,1,1
*,706101,Hired Rioter,,NPC_Nan_026,,2,,0,61,1,精英怪,绝对值,1,50000,,5,700,,1012,,,,,,,,,,,,,,,,,,,,,,,,,3318,66165,4092,69975,3174,8639,0,0,0,15000,0,0,0,77752,155504,77752,7775,77752,1,1,1,1,1,1,1,1,1,1,1,1,1
*,706102,Undefeated Boxer,,NPC_Nan_032,,2,,0,61,1,精英怪,绝对值,1,50000,,5,700,,1012,,,,,,,,,,,,,,,,,,,,,,,,,3318,66165,4092,69975,3174,8639,0,0,0,15000,0,0,0,77752,155504,77752,7775,77752,1,1,1,1,1,1,1,1,1,1,1,1,1
*,706201,Undefeated Boxer,,NPC_Nan_032,,2,,0,62,1,精英怪,绝对值,1,50000,,5,700,,1012,,,,,,,,,,,,,,,,,,,,,,,,,3418,68331,4214,72054,3268,8895,0,0,0,15000,0,0,0,80059,160118,80059,8006,80059,1,1,1,1,1,1,1,1,1,1,1,1,1
*,706202,Kong Fu Master,,NPC_Nan_028,,2,,0,62,1,精英怪,绝对值,1,50000,,5,700,,1012,,,,,,,,,,,,,,,,,,,,,,,,,3418,68331,4214,72054,3268,8895,0,0,0,15000,0,0,0,80059,160118,80059,8006,80059,1,1,1,1,1,1,1,1,1,1,1,1,1
*,706301,Striker,,NPC_Nan_037,,2,,0,63,1,精英怪,绝对值,1,50000,,5,700,,1012,,,,,,,,,,,,,,,,,,,,,,,,,3514,70161,4335,74133,3362,9152,0,0,0,15000,0,0,0,82365,164731,82365,8237,82365,1,1,1,1,1,1,1,1,1,1,1,1,1
*,706302,Striker,,NPC_Nan_037,,2,,0,63,1,精英怪,绝对值,1,50000,,5,700,,1012,,,,,,,,,,,,,,,,,,,,,,,,,3514,70161,4335,74133,3362,9152,0,0,0,15000,0,0,0,82365,164731,82365,8237,82365,1,1,1,1,1,1,1,1,1,1,1,1,1
*,706401,Kong Fu Boy,,NPC_Nan_027,,2,,0,64,1,精英怪,绝对值,1,50000,,5,700,,1012,,,,,,,,,,,,,,,,,,,,,,,,,3616,72252,4456,76203,3456,9408,0,0,0,15000,0,0,0,84672,169344,84672,8467,84672,1,1,1,1,1,1,1,1,1,1,1,1,1
*,706402,Mystery people,,NPC_Nv_008,,2,,0,64,1,精英怪,绝对值,1,50000,,5,700,,1012,,,,,,,,,,,,,,,,,,,,,,,,,3616,72252,4456,76203,3456,9408,0,0,0,15000,0,0,0,84672,169344,84672,8467,84672,1,1,1,1,1,1,1,1,1,1,1,1,1
*,706501,Beat Striker,,NPC_Nan_036,,2,,0,65,1,精英怪,绝对值,1,50000,,5,700,,1012,,,,,,,,,,,,,,,,,,,,,,,,,4536,74340,4578,78282,3550,9664,0,0,0,15000,0,0,0,86979,173958,86979,8698,86979,1,1,1,1,1,1,1,1,1,1,1,1,1
*,706502,Bomb Gentleman,,BOSS_Nan_008,120,2,,0,65,2,单人副本-BOSS,绝对值,2,60081;60082,,,700,RandomSkill,1013,,,,,,,,,,,,,,,,,,,,,,,,,2268,148680,4578,78282,3550,9664,0,0,0,15000,0,10000,10000,86979,173958,86979,8698,86979,1,1,1,1,1,1,1,1,1,1,1,1,1
*,706601,Kong Fu Girl,,NPC_Nv_007,,2,,0,66,1,精英怪,绝对值,1,50000,,5,700,,1012,,,,,,,,,,,,,,,,,,,,,,,,,5824,76248,4699,80361,3644,9921,0,0,0,15000,0,0,0,89286,178571,89286,8929,89286,1,1,1,1,1,1,1,1,1,1,1,1,1
*,706602,Kong Fu Master,,NPC_Nan_028,,2,,0,66,1,精英怪,绝对值,1,50000,,5,700,,1012,,,,,,,,,,,,,,,,,,,,,,,,,5824,76248,4699,80361,3644,9921,0,0,0,15000,0,0,0,89286,178571,89286,8929,89286,1,1,1,1,1,1,1,1,1,1,1,1,1
*,706701,Beat Striker,,NPC_Nan_036,,2,,0,67,1,精英怪,绝对值,1,50000,,5,700,,1012,,,,,,,,,,,,,,,,,,,,,,,,,7676,78336,4821,82431,3738,10177,0,0,0,15000,0,0,0,91592,183185,91592,9159,91592,1,1,1,1,1,1,1,1,1,1,1,1,1
*,706702,Mechanic Doctor,,NPC_Nan_042,,2,,0,67,1,精英怪,绝对值,1,50001,,5,700,,1012,,,,,,,,,,,,,,,,,,,,,,,,,7676,78336,4821,82431,3738,10177,0,0,0,15000,0,0,0,91592,183185,91592,9159,91592,1,1,1,1,1,1,1,1,1,1,1,1,1
*,706801,Mechanic Doctor,,NPC_Nan_042,,2,,0,68,1,精英怪,绝对值,1,50001,,5,700,,1012,,,,,,,,,,,,,,,,,,,,,,,,,10500,80151,4942,84510,3833,10433,0,0,0,15000,0,0,0,93899,187798,93899,9390,93899,1,1,1,1,1,1,1,1,1,1,1,1,1
*,706802,Punisher,,NPC_Nan_010,,2,,0,68,1,精英怪,绝对值,1,50000,,5,700,,1012,,,,,,,,,,,,,,,,,,,,,,,,,10500,80151,4942,84510,3833,10433,0,0,0,15000,0,0,0,93899,187798,93899,9390,93899,1,1,1,1,1,1,1,1,1,1,1,1,1
*,706901,Punisher,,NPC_Nan_010,,2,,0,69,1,精英怪,绝对值,1,50000,,5,700,,1012,,,,,,,,,,,,,,,,,,,,,,,,,15052,82320,5063,86589,3927,10690,0,0,0,15000,0,0,0,96206,192412,96206,9621,96206,1,1,1,1,1,1,1,1,1,1,1,1,1
*,706902,Kong Fu Boy,,NPC_Nan_027,,2,,0,69,1,精英怪,绝对值,1,50000,,5,700,,1012,,,,,,,,,,,,,,,,,,,,,,,,,15052,82320,5063,86589,3927,10690,0,0,0,15000,0,0,0,96206,192412,96206,9621,96206,1,1,1,1,1,1,1,1,1,1,1,1,1
*,707001,Kong Fu Girl,,NPC_Nv_007,,2,,0,70,1,精英怪,绝对值,1,50000,,5,700,,1012,,,,,,,,,,,,,,,,,,,,,,,,,15422,84147,5185,88659,4021,10946,0,0,0,15000,0,0,0,98513,197025,98513,9851,98513,1,1,1,1,1,1,1,1,1,1,1,1,1
*,707002,The Pain,,BOSS_Nan_006,120,2,,0,70,2,单人副本-BOSS,绝对值,2,60061;60062;60063;60064;60065,,,700,RandomSkill,1013,,,,,,,,,,,,,,,,,,,,,,,,,7711,168294,5185,88659,4021,10946,0,0,0,15000,0,10000,10000,98513,197025,98513,9851,98513,1,1,1,1,1,1,1,1,1,1,1,1,1
*,707101,Striker,,NPC_Nan_037,,2,,0,71,1,精英怪,绝对值,1,50000,,5,700,,1012,,,,,,,,,,,,,,,,,,,,,,,,,15822,86376,5324,91035,4129,11239,0,0,0,15000,0,0,0,101149,202298,101149,10115,101149,1,1,1,1,1,1,1,1,1,1,1,1,1
*,707102,Elite Beater,,NPC_Nan_035,,2,,0,71,1,精英怪,绝对值,1,50000,,5,700,,1012,,,,,,,,,,,,,,,,,,,,,,,,,15822,86376,5324,91035,4129,11239,0,0,0,15000,0,0,0,101149,202298,101149,10115,101149,1,1,1,1,1,1,1,1,1,1,1,1,1
*,707201,Elite Beater,,NPC_Nan_035,,2,,0,72,1,精英怪,绝对值,1,50000,,5,700,,1012,,,,,,,,,,,,,,,,,,,,,,,,,16238,88470,5462,93411,4236,11532,0,0,0,15000,0,0,0,103785,207570,103785,10379,103785,1,1,1,1,1,1,1,1,1,1,1,1,1
*,707202,Mechanic Doctor,,NPC_Nan_042,,2,,0,72,1,精英怪,绝对值,1,50001,,5,700,,1012,,,,,,,,,,,,,,,,,,,,,,,,,16238,88470,5462,93411,4236,11532,0,0,0,15000,0,0,0,103785,207570,103785,10379,103785,1,1,1,1,1,1,1,1,1,1,1,1,1
*,707301,Mechanic Doctor,,NPC_Nan_042,,2,,0,73,1,精英怪,绝对值,1,50001,,5,700,,1012,,,,,,,,,,,,,,,,,,,,,,,,,16636,90441,5601,95778,4344,11825,0,0,0,15000,0,0,0,106421,212843,106421,10642,106421,1,1,1,1,1,1,1,1,1,1,1,1,1
*,707302,Kong Fu Girl,,NPC_Nv_007,,2,,0,73,1,精英怪,绝对值,1,50000,,5,700,,1012,,,,,,,,,,,,,,,,,,,,,,,,,16636,90441,5601,95778,4344,11825,0,0,0,15000,0,0,0,106421,212843,106421,10642,106421,1,1,1,1,1,1,1,1,1,1,1,1,1
*,707401,Kong Fu Girl,,NPC_Nv_007,,2,,0,74,1,精英怪,绝对值,1,50000,,5,700,,1012,,,,,,,,,,,,,,,,,,,,,,,,,17068,92532,5740,98154,4451,12118,0,0,0,15000,0,0,0,109058,218115,109058,10906,109058,1,1,1,1,1,1,1,1,1,1,1,1,1
*,707402,Veteran,,NPC_Nan_044,,2,,0,74,1,精英怪,绝对值,1,50001,,5,700,,1012,,,,,,,,,,,,,,,,,,,,,,,,,17068,92532,5740,98154,4451,12118,0,0,0,15000,0,0,0,109058,218115,109058,10906,109058,1,1,1,1,1,1,1,1,1,1,1,1,1
*,707501,Veteran,,NPC_Nan_044,,2,,0,75,1,精英怪,绝对值,1,50001,,5,700,,1012,,,,,,,,,,,,,,,,,,,,,,,,,17486,94761,5879,100521,4559,12410,0,0,0,15000,0,0,0,111694,223388,111694,11169,111694,1,1,1,1,1,1,1,1,1,1,1,1,1
*,707502,Buster Man,,BOSS_Nan_007,120,2,,0,75,2,单人副本-BOSS,绝对值,2,60071;60072;60073;60074,,,700,RandomSkill,1013,,,,,,,,,,,,,,,,,,,,,,,,,8743,189522,5879,100521,4559,12410,0,0,0,15000,0,10000,10000,111694,223388,111694,11169,111694,1,1,1,1,1,1,1,1,1,1,1,1,1
*,707602,Mystery people,,NPC_Nv_008,,2,,0,76,1,精英怪,绝对值,1,50000,,5,700,,1012,,,,,,,,,,,,,,,,,,,,,,,,,17884,96582,6017,102897,4667,12703,0,0,0,15000,0,0,0,114330,228660,114330,11433,114330,1,1,1,1,1,1,1,1,1,1,1,1,1
*,707701,Mystery people,,NPC_Nv_008,,2,,0,77,1,精英怪,绝对值,1,50000,,5,700,,1012,,,,,,,,,,,,,,,,,,,,,,,,,18300,98820,6156,105273,4774,12996,0,0,0,15000,0,0,0,116966,233933,116966,11697,116966,1,1,1,1,1,1,1,1,1,1,1,1,1
*,707702,Marksman,,NPC_Nan_030,,2,,0,77,1,精英怪,绝对值,1,50001,,5,700,,1012,,,,,,,,,,,,,,,,,,,,,,,,,18300,98820,6156,105273,4774,12996,0,0,0,15000,0,0,0,116966,233933,116966,11697,116966,1,1,1,1,1,1,1,1,1,1,1,1,1
*,707801,Marksman,,NPC_Nan_030,,2,,0,78,1,精英怪,绝对值,1,50001,,5,700,,1012,,,,,,,,,,,,,,,,,,,,,,,,,18702,100899,6295,107640,4882,13289,0,0,0,15000,0,0,0,119603,239205,119603,11960,119603,1,1,1,1,1,1,1,1,1,1,1,1,1
*,707802,Armed Police,,NPC_Nan_025,,2,,0,78,1,精英怪,绝对值,1,50001,,5,700,,1012,,,,,,,,,,,,,,,,,,,,,,,,,18702,100899,6295,107640,4882,13289,0,0,0,15000,0,0,0,119603,239205,119603,11960,119603,1,1,1,1,1,1,1,1,1,1,1,1,1
*,707901,Armed Police,,NPC_Nan_025,,2,,0,79,1,精英怪,绝对值,1,50001,,5,700,,1012,,,,,,,,,,,,,,,,,,,,,,,,,19126,104364,6434,110016,4989,13582,0,0,0,15000,0,0,0,122239,244478,122239,12224,122239,1,1,1,1,1,1,1,1,1,1,1,1,1
*,707902,Undefeated Boxer,,NPC_Nan_032,,2,,0,79,1,精英怪,绝对值,1,50000,,5,700,,1012,,,,,,,,,,,,,,,,,,,,,,,,,19126,104364,6434,110016,4989,13582,0,0,0,15000,0,0,0,122239,244478,122239,12224,122239,1,1,1,1,1,1,1,1,1,1,1,1,1
*,708001,Undefeated Boxer,,NPC_Nan_032,,2,,0,80,1,精英怪,绝对值,1,50000,,5,700,,1012,,,,,,,,,,,,,,,,,,,,,,,,,19538,106443,6572,112392,5097,13875,0,0,0,15000,0,0,0,124875,249750,124875,12488,124875,1,1,1,1,1,1,1,1,1,1,1,1,1
*,708002,Iron Arm,,BOSS_Nan_009,120,2,,0,80,2,单人副本-BOSS,绝对值,2,60091;60092;60093,,,700,RandomSkill,1013,,,,,,,,,,,,,,,,,,,,,,,,,9769,212886,6572,112392,5097,13875,0,0,0,15000,0,10000,10000,124875,249750,124875,12488,124875,1,1,1,1,1,1,1,1,1,1,1,1,1
,,世界BOSS,,,,,,,,,,,,,,,,,,,,,,,,,,,,,,,,,,,,,,,,,,,,,,,,,,,,,,,,,,,,1,1,1,1,1,1,1,1,1,1,1,1,1
*,800101,The Gun,,BOSS_Nan_003,120,2,,0,15,5,世界-BOSS-PVE,绝对值,2,60031;60033;60034,,,700,RandomSkill,1006,,,,,,,,,,,,,,,,,,,,,,,,,10560,4108,406,6939,315,856,0,0,0,15000,0,10000,10000,7708,15417,7708,771,7708,1,1,1,1,1,1,1,1,1,1,1,1,1
*,800102,The Pain,,BOSS_Nan_006,120,2,,0,30,5,世界-BOSS-PVE,绝对值,2,60061;60062;60063;60065,,,700,RandomSkill,1006,,,,,,,,,,,,,,,,,,,,,,,,,27440,8720,1014,17343,787,2141,0,0,0,15000,0,10000,10000,19271,38542,19271,1927,19271,1,1,1,1,1,1,1,1,1,1,1,1,1
*,800103,Iron Arm,,BOSS_Nan_009,120,2,,0,40,5,世界-BOSS-PVE,绝对值,2,60091;60092;60093,,,700,RandomSkill,1006,,,,,,,,,,,,,,,,,,,,,,,,,33400,11331,2063,35280,1600,4355,0,0,0,15000,0,10000,10000,39197,78394,39197,3920,39197,1,1,1,1,1,1,1,1,1,1,1,1,1
*,800104,Burning Heart,,BOSS_Nan_010,120,2,,0,50,5,世界-BOSS-PVE,绝对值,2,60101;60102;60103,,,700,RandomSkill,1006,,,,,,,,,,,,,,,,,,,,,,,,,47520,15550,2930,50103,2272,6186,0,0,0,15000,0,10000,10000,55673,111347,55673,5567,55673,1,1,1,1,1,1,1,1,1,1,1,1,1
*,800105,Bio-Avenger,,BOSS_Nv_004,120,2,,0,60,5,世界-BOSS-PVE,绝对值,2,70041;70042;70043,,,700,RandomSkill,1006,,,,,,,,,,,,,,,,,,,,,,,,,64440,21450,3971,67905,3079,8383,0,0,0,15000,0,10000,10000,75445,150891,75445,7545,75445,1,1,1,1,1,1,1,1,1,1,1,1,1
*,800106,Hammer Destroyer,,BOSS_Nan_001,120,2,,0,70,5,世界-BOSS-PVE,绝对值,2,60011;60012;60013;60014,,,700,RandomSkill,1006,,,,,,,,,,,,,,,,,,,,,,,,,308440,28049,5185,88659,4021,10946,0,0,0,15000,0,10000,10000,98513,197025,98513,9851,98513,1,1,1,1,1,1,1,1,1,1,1,1,1
*,800111,The Gun,,BOSS_Nan_003,120,2,,0,15,19,世界-BOSS-PVP,绝对值,2,60031;60033;60034,,,700,RandomSkill,1006,,,,,,,,,,,,,,,,,,,,,,,,,5280,4108,406,6939,315,856,0,0,0,15000,0,10000,10000,7708,15417,7708,771,7708,1,1,1,1,1,1,1,1,1,1,1,1,1
*,800112,The Pain,,BOSS_Nan_006,120,2,,0,30,19,世界-BOSS-PVP,绝对值,2,60061;60062;60063;60065,,,700,RandomSkill,1006,,,,,,,,,,,,,,,,,,,,,,,,,13720,8720,1014,17343,787,2141,0,0,0,15000,0,10000,10000,19271,38542,19271,1927,19271,1,1,1,1,1,1,1,1,1,1,1,1,1
*,800113,Iron Arm,,BOSS_Nan_009,120,2,,0,40,19,世界-BOSS-PVP,绝对值,2,60091;60092;60093,,,700,RandomSkill,1006,,,,,,,,,,,,,,,,,,,,,,,,,16700,11331,2063,35280,1600,4355,0,0,0,15000,0,10000,10000,39197,78394,39197,3920,39197,1,1,1,1,1,1,1,1,1,1,1,1,1
*,800114,Burning Heart,,BOSS_Nan_010,120,2,,0,50,19,世界-BOSS-PVP,绝对值,2,60101;60102;60103,,,700,RandomSkill,1006,,,,,,,,,,,,,,,,,,,,,,,,,23760,15550,2930,50103,2272,6186,0,0,0,15000,0,10000,10000,55673,111347,55673,5567,55673,1,1,1,1,1,1,1,1,1,1,1,1,1
*,800115,Bio-Avenger,,BOSS_Nv_004,120,2,,0,60,19,世界-BOSS-PVP,绝对值,2,70041;70042;70043,,,700,RandomSkill,1006,,,,,,,,,,,,,,,,,,,,,,,,,32220,21450,3971,67905,3079,8383,0,0,0,15000,0,10000,10000,75445,150891,75445,7545,75445,1,1,1,1,1,1,1,1,1,1,1,1,1
*,800116,Hammer Destroyer,,BOSS_Nan_001,120,2,,0,70,19,世界-BOSS-PVP,绝对值,2,60011;60012;60013;60014,,,700,RandomSkill,1006,,,,,,,,,,,,,,,,,,,,,,,,,154220,28049,5185,88659,4021,10946,0,0,0,15000,0,10000,10000,98513,197025,98513,9851,98513,1,1,1,1,1,1,1,1,1,1,1,1,1
,,帮派BOSS,,,,,,,,,,,,,,,,,,,,,,,,,,,,,,,,,,,,,,,,,,,,,,,,,,,,,,,,,,,,1,1,1,1,1,1,1,1,1,1,1,1,1
*,900101,Jerry the Ripper,,BOSS_Nan_011,120,2,,0,1,10,帮派-BOSS,百分比,2,60111;60112;60115,,,700,RandomSkill,1006,,,,,,,200000,50000000,10000,10000,10000,10000,0,0,0,10000,0,10000,10000,10000,10000,10000,10000,10000,,,,,,,,,,,,,,,,,,,1,1,1,1,1,1,1,1,1,1,1,1,1
*,900102,Violence Queen,,BOSS_Nv_001,120,2,,0,1,10,帮派-BOSS,百分比,2,70011;70012;70013;70014,,,700,RandomSkill,1006,,,,,,,200000,50000000,10000,10000,10000,10000,0,0,0,10000,0,10000,10000,10000,10000,10000,10000,10000,,,,,,,,,,,,,,,,,,,1,1,1,1,1,1,1,1,1,1,1,1,1
*,900103,Wild Axe ,,BOSS_Nan_002,120,2,,0,1,10,帮派-BOSS,百分比,2,60021;60022;60024,,,700,RandomSkill,1006,,,,,,,200000,50000000,10000,10000,10000,10000,0,0,0,10000,0,10000,10000,10000,10000,10000,10000,10000,,,,,,,,,,,,,,,,,,,1,1,1,1,1,1,1,1,1,1,1,1,1
*,900104,Golden Magnum,,BOSS_Nan_004,120,2,,0,1,10,帮派-BOSS,百分比,2,60041;60042;60043,,,700,RandomSkill,1006,,,,,,,200000,50000000,10000,10000,10000,10000,0,0,0,10000,0,10000,10000,10000,10000,10000,10000,10000,,,,,,,,,,,,,,,,,,,1,1,1,1,1,1,1,1,1,1,1,1,1
*,900105,Bio-Avenger,,BOSS_Nv_004,120,2,,0,1,10,帮派-BOSS,百分比,2,70041;70042;70043,,,700,RandomSkill,1006,,,,,,,200000,50000000,10000,10000,10000,10000,0,0,0,10000,0,10000,10000,10000,10000,10000,10000,10000,,,,,,,,,,,,,,,,,,,1,1,1,1,1,1,1,1,1,1,1,1,1
*,900106,Hammer Destroyer,,BOSS_Nan_001,120,2,,0,1,10,帮派-BOSS,百分比,2,60011;60012;60013;60014,,,700,RandomSkill,1006,,,,,,,200000,50000000,10000,10000,10000,10000,0,0,0,10000,0,10000,10000,10000,10000,10000,10000,10000,,,,,,,,,,,,,,,,,,,1,1,1,1,1,1,1,1,1,1,1,1,1
*,900107,The Pain,,BOSS_Nan_006,120,2,,0,1,10,帮派-BOSS,百分比,2,60061;60062;60063;60065,,,700,RandomSkill,1006,,,,,,,200000,50000000,10000,10000,10000,10000,0,0,0,10000,0,10000,10000,10000,10000,10000,10000,10000,,,,,,,,,,,,,,,,,,,1,1,1,1,1,1,1,1,1,1,1,1,1
,,新boss,,,,,,,,,,,,,,,,,,,,,,,,,,,,,,,,,,,,,,,,,,,,,,,,,,,,,,,,,,,,1,1,1,1,1,1,1,1,1,1,1,1,1
*,9006007,Buster Man,,BOSS_Nan_007,120,2,,0,10,2,单人副本-BOSS,绝对值,2,60071;60072;60073;60074,,,700,RandomSkill,,,,,,,,,,,,,,,,,,,,,,,,,,143,18144,241,4122,187,509,0,0,0,15000,0,10000,10000,4583,9167,4583,458,4583,1,1,1,1,1,1,1,1,1,1,1,1,1
*,9006003,The Gun,,BOSS_Nan_003,120,2,,0,10,2,单人副本-BOSS,绝对值,2,60031;60032;60033;60034,,,700,RandomSkill,,,,,,,,,,,,,,,,,,,,,,,,,,143,18144,241,4122,187,509,0,0,0,15000,0,10000,10000,4583,9167,4583,458,4583,1,1,1,1,1,1,1,1,1,1,1,1,1
*,9006006,The Pain,,BOSS_Nan_006,120,2,,0,10,2,单人副本-BOSS,绝对值,2,60061;60062;60063;60064;60065,,,700,RandomSkill,,,,,,,,,,,,,,,,,,,,,,,,,,143,18144,241,4122,187,509,0,0,0,15000,0,10000,10000,4583,9167,4583,458,4583,1,1,1,1,1,1,1,1,1,1,1,1,1
*,9006008,Bomb Gentleman,,BOSS_Nan_008,120,2,,0,10,2,单人副本-BOSS,绝对值,2,60081;60082,,,700,RandomSkill,,,,,,,,,,,,,,,,,,,,,,,,,,143,18144,241,4122,187,509,0,0,0,15000,0,10000,10000,4583,9167,4583,458,4583,1,1,1,1,1,1,1,1,1,1,1,1,1
*,9006009,Iron Arm,,BOSS_Nan_009,120,2,,0,10,2,单人副本-BOSS,绝对值,2,60091;60092;60093,,,700,RandomSkill,,,,,,,,,,,,,,,,,,,,,,,,,,143,18144,241,4122,187,509,0,0,0,15000,0,10000,10000,4583,9167,4583,458,4583,1,1,1,1,1,1,1,1,1,1,1,1,1
*,9007003,Scarlet Ice,,BOSS_Nv_003,120,2,,0,10,2,单人副本-BOSS,绝对值,2,70031;70032,,,700,RandomSkill,,,,,,,,,,,,,,,,,,,,,,,,,,143,18144,241,4122,187,509,0,0,0,15000,0,10000,10000,4583,9167,4583,458,4583,1,1,1,1,1,1,1,1,1,1,1,1,1
*,9006010,Burning Heart,,BOSS_Nan_010,120,2,,0,10,2,单人副本-BOSS,绝对值,2,60101;60102;60103,,,700,RandomSkill,,,,,,,,,,,,,,,,,,,,,,,,,,143,18144,241,4122,187,509,0,0,0,15000,0,10000,10000,4583,9167,4583,458,4583,1,1,1,1,1,1,1,1,1,1,1,1,1
*,9006011,Jerry the Ripper,,BOSS_Nan_011,120,2,,0,10,2,单人副本-BOSS,绝对值,2,60111;60112;60114;60115,,,700,RandomSkill,,,,,,,,,,,,,,,,,,,,,,,,,,143,18144,241,4122,187,509,0,0,0,15000,0,10000,10000,4583,9167,4583,458,4583,1,1,1,1,1,1,1,1,1,1,1,1,1
*,9006002,Wild Axe ,,BOSS_Nan_002,120,2,,0,10,2,单人副本-BOSS,绝对值,2,60021;60022;60023;60024,,,700,RandomSkill,,,,,,,,,,,,,,,,,,,,,,,,,,143,18144,241,4122,187,509,0,0,0,15000,0,10000,10000,4583,9167,4583,458,4583,1,1,1,1,1,1,1,1,1,1,1,1,1
*,9007001,Violence Queen,,BOSS_Nv_001,120,2,,0,10,2,单人副本-BOSS,绝对值,2,70011;70012;70013;70014,,,700,RandomSkill,,,,,,,,,,,,,,,,,,,,,,,,,,143,18144,241,4122,187,509,0,0,0,15000,0,10000,10000,4583,9167,4583,458,4583,1,1,1,1,1,1,1,1,1,1,1,1,1
*,9006004,Golden Magnum,,BOSS_Nan_004,120,2,,0,10,2,单人副本-BOSS,绝对值,2,60041;60042;60043,,,700,RandomSkill,,,,,,,,,,,,,,,,,,,,,,,,,,143,18144,241,4122,187,509,0,0,0,15000,0,10000,10000,4583,9167,4583,458,4583,1,1,1,1,1,1,1,1,1,1,1,1,1
*,9007004,Bio-Avenger,,BOSS_Nv_004,120,2,,0,10,2,单人副本-BOSS,绝对值,2,70041;70042;70043,,,700,RandomSkill,,,,,,,,,,,,,,,,,,,,,,,,,,143,18144,241,4122,187,509,0,0,0,15000,0,10000,10000,4583,9167,4583,458,4583,1,1,1,1,1,1,1,1,1,1,1,1,1
*,9006001,Hammer Destroyer,,BOSS_Nan_001,120,2,,0,10,2,单人副本-BOSS,绝对值,2,60011;60012;60013;60014,,,700,RandomSkill,,,,,,,,,,,,,,,,,,,,,,,,,,143,18144,241,4122,187,509,0,0,0,15000,0,10000,10000,4583,9167,4583,458,4583,1,1,1,1,1,1,1,1,1,1,1,1,1
,,公共场景BOSS,,,,,,,,,,,,,,,,,,,,,,,,,,,,,,,,,,,,,,,,,,,,,,,,,,,,,,,,,,,,1,1,1,1,1,1,1,1,1,1,1,1,1
*,1000101,The Pain,,BOSS_Nan_006,120,2,,0,25,17,公共场景BOSS,绝对值,2,60061;60062;60063;60065,,,700,RandomSkill,1006,,,,,,,,,,,,,,,,,,,,,,,,,5670,13482000,666,11394,517,1406,0,0,0,15000,0,10000,10000,12656,25313,12656,1266,12656,1,1,1,1,1,1,1,1,1,1,1,1,1
*,1000102,Bio-Avenger,,BOSS_Nv_004,120,2,,0,40,17,公共场景BOSS,绝对值,2,70041;70042;70043,,,700,RandomSkill,1006,,,,,,,,,,,,,,,,,,,,,,,,,8350,16996500,2063,35280,1600,4355,0,0,0,15000,0,10000,10000,39197,78394,39197,3920,39197,1,1,1,1,1,1,1,1,1,1,1,1,1
*,1000103,Iron Arm,,BOSS_Nan_009,120,2,,0,60,17,公共场景BOSS,绝对值,2,60091;60092;60093,,,700,RandomSkill,1006,,,,,,,,,,,,,,,,,,,,,,,,,16110,32175000,3971,67905,3079,8383,0,0,0,15000,0,10000,10000,75445,150891,75445,7545,75445,1,1,1,1,1,1,1,1,1,1,1,1,1
,,帮派城市占领,,,,,,,,,,,,,,,,,,,,,,,,,,,,,,,,,,,,,,,,,,,,,,,,,,,,,,,,,,,,,,,,,,,,,,,,
*,1001001,Patrol Wagon,,Domin_Boss_1,,4,,10,25,18,城市占领BOSS,绝对值,2,,,,,,1008,,,,,,,,,,,,,,,,,,,,,,,,,5670,22470000,666,11394,517,1406,0,0,0,15000,0,10000,10000,12656,25313,12656,1266,12656,1,1,1,1,1,1,1,1,1,1,1,1,1
*,1001002,Cleaning Trolley,,Domin_Boss_2,,4,,10,30,18,城市占领BOSS,绝对值,2,,,,,,1008,,,,,,,,,,,,,,,,,,,,,,,,,6860,21800000,1014,17343,787,2141,0,0,0,15000,0,10000,10000,19271,38542,19271,1927,19271,1,1,1,1,1,1,1,1,1,1,1,1,1
*,1001003,Fancy Track,,Domin_Boss_3,,4,,10,40,18,城市占领BOSS,绝对值,2,,,,,,1008,,,,,,,,,,,,,,,,,,,,,,,,,8350,28327500,2063,35280,1600,4355,0,0,0,15000,0,10000,10000,39197,78394,39197,3920,39197,1,1,1,1,1,1,1,1,1,1,1,1,1
*,1001004,Dream Track,,Domin_Boss_4,,4,,10,45,18,城市占领BOSS,绝对值,2,,,,,,1008,,,,,,,,,,,,,,,,,,,,,,,,,10120,33575000,2497,42696,1936,5271,0,0,0,15000,0,10000,10000,47435,94870,47435,4744,47435,1,1,1,1,1,1,1,1,1,1,1,1,1
*,1001005,Black Maria,,Domin_Boss_5,,4,,10,50,18,城市占领BOSS,绝对值,2,,,,,,1008,,,,,,,,,,,,,,,,,,,,,,,,,11880,38875000,2930,50103,2272,6186,0,0,0,15000,0,10000,10000,55673,111347,55673,5567,55673,1,1,1,1,1,1,1,1,1,1,1,1,1
*,1001006,Final Track,,Domin_Boss_6,,4,,10,60,18,城市占领BOSS,绝对值,2,,,,,,1008,,,,,,,,,,,,,,,,,,,,,,,,,16110,53625000,3971,67905,3079,8383,0,0,0,15000,0,10000,10000,75445,150891,75445,7545,75445,1,1,1,1,1,1,1,1,1,1,1,1,1
,,公会战用小怪,,,,,,,,,,,,,,,,,,,,,,,,,,,,,,,,,,,,,,,,,,,,,,,,,,,,,,,,,,,,1,1,1,1,1,1,1,1,1,1,1,1,1
*,1002001,Golden Magnum,,BOSS_Nan_004,120,2,,0,9999,2,单人副本-BOSS,百分比,2,60041;60042;60043,,,700,RandomSkill,1011,,,,,,,10000,60000,10000,10000,10000,10000,0,0,0,10000,0,10000,10000,10000,10000,10000,10000,10000,,,,,,,,,,,,,,,,,,,1,1,1,1,1,1,1,1,1,1,1,1,1
*,1002002,Armed Police,,NPC_Nan_025,,2,,0,9999,9,PVP场景-小怪,百分比,0,50001,,5,700,,1000,,,,,,,25000,40000,10000,10000,10000,10000,0,0,0,10000,0,0,0,10000,10000,10000,10000,10000,,,,,,,,,,,,,,,,,,,1,1,1,1,1,1,1,1,1,1,1,1,1
*,1002003,Mercenary,,NPC_Nan_039,,2,,0,9999,9,PVP场景-小怪,百分比,0,50001,,5,700,,1000,,,,,,,25000,40000,10000,10000,10000,10000,0,0,0,10000,0,0,0,10000,10000,10000,10000,10000,,,,,,,,,,,,,,,,,,,1,1,1,1,1,1,1,1,1,1,1,1,1
*,1002004,Veteran,,NPC_Nan_044,,2,,0,9999,9,PVP场景-小怪,百分比,0,50001,,5,700,,1000,,,,,,,25000,40000,10000,10000,10000,10000,0,0,0,10000,0,0,0,10000,10000,10000,10000,10000,,,,,,,,,,,,,,,,,,,1,1,1,1,1,1,1,1,1,1,1,1,1
*,1002005,Club elite,,NPC_Nv_009,,2,,0,9999,9,PVP场景-小怪,百分比,0,50001,,5,700,,1000,,,,,,,25000,40000,10000,10000,10000,10000,0,0,0,10000,0,0,0,10000,10000,10000,10000,10000,,,,,,,,,,,,,,,,,,,1,1,1,1,1,1,1,1,1,1,1,1,1
*,1002006,Iron Arm,,BOSS_Nan_009,120,2,,0,9999,2,单人副本-BOSS,百分比,2,60091;60092;60093,,,700,RandomSkill,1011,,,,,,,10000,60000,10000,10000,10000,10000,0,0,0,10000,0,10000,10000,10000,10000,10000,10000,10000,,,,,,,,,,,,,,,,,,,1,1,1,1,1,1,1,1,1,1,1,1,1
*,1002007,Scarlet Ice,,BOSS_Nv_003,120,2,,0,9999,2,单人副本-BOSS,百分比,2,70031;70032,,,700,RandomSkill,1011,,,,,,,10000,60000,10000,10000,10000,10000,0,0,0,10000,0,10000,10000,10000,10000,10000,10000,10000,,,,,,,,,,,,,,,,,,,1,1,1,1,1,1,1,1,1,1,1,1,1
,,单机场景怪物,,,,,,,,,,,,,,,,,,,,,,,,,,,,,,,,,,,,,,,,,,,,,,,,,,,,,,,,,,,,1,1,1,1,1,1,1,1,1,1,1,1,1
*,2001,Civilian ,,NPC_Nan_002_Talk,,3,,2,9999,0,普通小怪,百分比,0,50000,,5,700,,1016,60100,,,,,,10000,10000,10000,10000,10000,10000,0,0,0,10000,0,0,0,10000,10000,10000,10000,10000,,,,,,,,,,,,,,,,,,,1,1,1,1,1,1,1,1,1,1,1,1,1
*,2002,Civilian ,,NPC_Nan_003_Talk,,3,,2,9999,0,普通小怪,百分比,0,50000,,5,700,,1016,60100,,,,,,10000,10000,10000,10000,10000,10000,0,0,0,10000,0,0,0,10000,10000,10000,10000,10000,,,,,,,,,,,,,,,,,,,1,1,1,1,1,1,1,1,1,1,1,1,1
*,2003,Civilian ,,NPC_Nan_005_Talk,,3,,2,9999,0,普通小怪,百分比,0,50000,,5,700,,1016,60100,,,,,,10000,10000,10000,10000,10000,10000,0,0,0,10000,0,0,0,10000,10000,10000,10000,10000,,,,,,,,,,,,,,,,,,,1,1,1,1,1,1,1,1,1,1,1,1,1
*,2004,Civilian ,,NPC_Nan_017_Talk,,3,,2,9999,0,普通小怪,百分比,0,50000,,5,700,,1016,60100,,,,,,10000,10000,10000,10000,10000,10000,0,0,0,10000,0,0,0,10000,10000,10000,10000,10000,,,,,,,,,,,,,,,,,,,1,1,1,1,1,1,1,1,1,1,1,1,1
*,2005,Civilian ,,NPC_Nan_022_Talk,,3,,2,9999,0,普通小怪,百分比,0,50000,,5,700,,1016,60100,,,,,,10000,10000,10000,10000,10000,10000,0,0,0,10000,0,0,0,10000,10000,10000,10000,10000,,,,,,,,,,,,,,,,,,,1,1,1,1,1,1,1,1,1,1,1,1,1
*,2006,Police,,NPC_Nan_023_Talk,,3,,2,9999,0,普通小怪,百分比,0,50000,,5,700,,1016,60100,,,,,,10000,10000,10000,10000,10000,10000,0,0,0,10000,0,0,0,10000,10000,10000,10000,10000,,,,,,,,,,,,,,,,,,,1,1,1,1,1,1,1,1,1,1,1,1,1
*,2007,Civilian ,,NPC_Nan_027_Talk,,3,,2,9999,0,普通小怪,百分比,0,50000,,5,700,,1016,60100,,,,,,10000,10000,10000,10000,10000,10000,0,0,0,10000,0,0,0,10000,10000,10000,10000,10000,,,,,,,,,,,,,,,,,,,1,1,1,1,1,1,1,1,1,1,1,1,1
*,2008,Civilian ,,NPC_Nan_029_Talk,,3,,2,9999,0,普通小怪,百分比,0,50000,,5,700,,1016,60100,,,,,,10000,10000,10000,10000,10000,10000,0,0,0,10000,0,0,0,10000,10000,10000,10000,10000,,,,,,,,,,,,,,,,,,,1,1,1,1,1,1,1,1,1,1,1,1,1
*,2009,Civilian ,,NPC_Nan_036_Talk,,3,,2,9999,0,普通小怪,百分比,0,50000,,5,700,,1016,60100,,,,,,10000,10000,10000,10000,10000,10000,0,0,0,10000,0,0,0,10000,10000,10000,10000,10000,,,,,,,,,,,,,,,,,,,1,1,1,1,1,1,1,1,1,1,1,1,1
*,2010,Civilian ,,NPC_Nv_002_Talk,,3,,2,9999,0,普通小怪,百分比,0,50000,,5,700,,1016,60100,,,,,,10000,10000,10000,10000,10000,10000,0,0,0,10000,0,0,0,10000,10000,10000,10000,10000,,,,,,,,,,,,,,,,,,,1,1,1,1,1,1,1,1,1,1,1,1,1
*,2011,Civilian ,,NPC_Nv_003_Talk,,3,,2,9999,0,普通小怪,百分比,0,50000,,5,700,,1016,60100,,,,,,10000,10000,10000,10000,10000,10000,0,0,0,10000,0,0,0,10000,10000,10000,10000,10000,,,,,,,,,,,,,,,,,,,1,1,1,1,1,1,1,1,1,1,1,1,1
*,2012,Civilian ,,NPC_Nv_004_Talk,,3,,2,9999,0,普通小怪,百分比,0,50000,,5,700,,1016,60100,,,,,,10000,10000,10000,10000,10000,10000,0,0,0,10000,0,0,0,10000,10000,10000,10000,10000,,,,,,,,,,,,,,,,,,,1,1,1,1,1,1,1,1,1,1,1,1,1
*,2013,Civilian ,,NPC_Nv_005_Talk,,3,,2,9999,0,普通小怪,百分比,0,50000,,5,700,,1016,60100,,,,,,10000,10000,10000,10000,10000,10000,0,0,0,10000,0,0,0,10000,10000,10000,10000,10000,,,,,,,,,,,,,,,,,,,1,1,1,1,1,1,1,1,1,1,1,1,1
*,9901,Hulk,,NPC_Nan_013,,2,,0,9999,0,普通小怪,百分比,0,50001,,5,700,,1000,60100,,,,,,10000,10000,10000,10000,10000,10000,0,0,0,10000,0,0,0,10000,10000,10000,10000,10000,,,,,,,,,,,,,,,,,,,1,1,1,1,1,1,1,1,1,1,1,1,1
*,9902,Hip Guy,,NPC_Nan_022,,2,,0,9999,0,普通小怪,百分比,0,50001,,5,700,,1000,60100,,,,,,10000,10000,10000,10000,10000,10000,0,0,0,10000,0,0,0,10000,10000,10000,10000,10000,,,,,,,,,,,,,,,,,,,1,1,1,1,1,1,1,1,1,1,1,1,1
*,9903,PoliceMan,,NPC_Nan_023,,2,,0,9999,0,普通小怪,百分比,0,50001,,5,700,,1000,60100,,,,,,10000,10000,10000,10000,10000,10000,0,0,0,10000,0,0,0,10000,10000,10000,10000,10000,,,,,,,,,,,,,,,,,,,1,1,1,1,1,1,1,1,1,1,1,1,1
*,9904,Beat Striker,,NPC_Nan_036,,2,,0,9999,0,普通小怪,百分比,0,50000,,5,700,,1000,60100,,,,,,10000,10000,10000,10000,10000,10000,0,0,0,10000,0,0,0,10000,10000,10000,10000,10000,,,,,,,,,,,,,,,,,,,1,1,1,1,1,1,1,1,1,1,1,1,1
*,9905,Body Guard,,NPC_Nan_017,,2,,0,9999,0,普通小怪,百分比,0,50000,,5,700,,1000,60100,,,,,,10000,10000,10000,10000,10000,10000,0,0,0,10000,0,0,0,10000,10000,10000,10000,10000,,,,,,,,,,,,,,,,,,,1,1,1,1,1,1,1,1,1,1,1,1,1
*,9906,客户端自动生成市民,,NPC_Nan_017,,2,,0,9999,0,普通小怪,百分比,0,50000,,5,700,,1000,60100,,,,,,10000,10000,10000,10000,10000,10000,0,0,0,10000,0,0,0,10000,10000,10000,10000,10000,,,,,,,,,,,,,,,,,,,1,1,1,1,1,1,1,1,1,1,1,1,1
*,9907,客户端自动生成市民,,NPC_Nan_005,,2,,0,9999,0,普通小怪,百分比,0,50000,,5,700,,1000,60100,,,,,,10000,10000,10000,10000,10000,10000,0,0,0,10000,0,0,0,10000,10000,10000,10000,10000,,,,,,,,,,,,,,,,,,,1,1,1,1,1,1,1,1,1,1,1,1,1
*,9908,客户端自动生成市民,,NPC_Nv_002_Mission,,2,,0,9999,0,普通小怪,百分比,0,50000,,5,700,,1000,60100,,,,,,10000,10000,10000,10000,10000,10000,0,0,0,10000,0,0,0,10000,10000,10000,10000,10000,,,,,,,,,,,,,,,,,,,1,1,1,1,1,1,1,1,1,1,1,1,1
*,9909,客户端自动生成警察,,NPC_Nan_047,,2,,0,9999,0,普通小怪,百分比,0,50001,,5,700,,1015,60100,,,,,,10000,10000,10000,10000,10000,10000,0,0,0,10000,0,0,0,10000,10000,10000,10000,10000,,,,,,,,,,,,,,,,,,,1,1,1,1,1,1,1,1,1,1,1,1,1
*,9910,Hulk,,NPC_Nan_013,,2,,0,9999,0,普通小怪,百分比,0,50001,,5,700,,1000,60100,,,,,,10000,10000,10000,10000,10000,10000,0,0,0,10000,0,0,0,10000,10000,10000,10000,10000,,,,,,,,,,,,,,,,,,,1,1,1,1,1,1,1,1,1,1,1,1,1
*,9911,Hip Guy,,NPC_Nan_022,,2,,0,9999,0,普通小怪,百分比,0,50001,,5,700,,1000,60100,,,,,,10000,10000,10000,10000,10000,10000,0,0,0,10000,0,0,0,10000,10000,10000,10000,10000,,,,,,,,,,,,,,,,,,,1,1,1,1,1,1,1,1,1,1,1,1,1
*,9912,PoliceMan,,NPC_Nan_023,,2,,0,9999,0,普通小怪,百分比,0,50001,,5,700,,1000,60100,,,,,,10000,10000,10000,10000,10000,10000,0,0,0,10000,0,0,0,10000,10000,10000,10000,10000,,,,,,,,,,,,,,,,,,,1,1,1,1,1,1,1,1,1,1,1,1,1
*,9913,Beat Striker,,NPC_Nan_036,,2,,0,9999,0,普通小怪,百分比,0,50000,,5,700,,1000,60100,,,,,,10000,10000,10000,10000,10000,10000,0,0,0,10000,0,0,0,10000,10000,10000,10000,10000,,,,,,,,,,,,,,,,,,,1,1,1,1,1,1,1,1,1,1,1,1,1
*,9914,Body Guard,,NPC_Nan_017,,2,,0,9999,0,普通小怪,百分比,0,50000,,5,700,,1000,60100,,,,,,10000,10000,10000,10000,10000,10000,0,0,0,10000,0,0,0,10000,10000,10000,10000,10000,,,,,,,,,,,,,,,,,,,1,1,1,1,1,1,1,1,1,1,1,1,1
*,9915,Gentle Fighter,,NPC_Nan_018,,2,,0,9999,0,普通小怪,百分比,0,50000,,5,700,,1000,60100,,,,,,10000,10000,10000,10000,10000,10000,0,0,0,10000,0,0,0,10000,10000,10000,10000,10000,,,,,,,,,,,,,,,,,,,1,1,1,1,1,1,1,1,1,1,1,1,1
*,9916,Gang Member,,NPC_Nan_022,,2,,0,9999,0,普通小怪,百分比,0,50000,,5,700,,1000,60100,,,,,,10000,10000,10000,10000,10000,10000,0,0,0,10000,0,0,0,10000,10000,10000,10000,10000,,,,,,,,,,,,,,,,,,,1,1,1,1,1,1,1,1,1,1,1,1,1
*,9917,单机市民,,NPC_Nan_017,,2,,0,9999,0,普通小怪,百分比,0,50000,,5,700,,1000,60100,,,,,,10000,10000,10000,10000,10000,10000,0,0,0,10000,0,0,0,10000,10000,10000,10000,10000,,,,,,,,,,,,,,,,,,,1,1,1,1,1,1,1,1,1,1,1,1,1
*,9918,单机市民,,NPC_Nan_005,,2,,0,9999,0,普通小怪,百分比,0,50000,,5,700,,1000,60100,,,,,,10000,10000,10000,10000,10000,10000,0,0,0,10000,0,0,0,10000,10000,10000,10000,10000,,,,,,,,,,,,,,,,,,,1,1,1,1,1,1,1,1,1,1,1,1,1
*,9919,单机市民,,NPC_Nv_002_Mission,,2,,0,9999,0,普通小怪,百分比,0,50000,,5,700,,1000,60100,,,,,,10000,10000,10000,10000,10000,10000,0,0,0,10000,0,0,0,10000,10000,10000,10000,10000,,,,,,,,,,,,,,,,,,,1,1,1,1,1,1,1,1,1,1,1,1,1
*,9920,单机战斗狗,,NPC_Dog,,2,,0,9999,0,普通小怪,百分比,0,50000,,5,700,,1000,60100,,,,,,10000,10000,10000,10000,10000,10000,0,0,0,10000,0,0,0,10000,10000,10000,10000,10000,,,,,,,,,,,,,,,,,,,1,1,1,1,1,1,1,1,1,1,1,1,1
*,9921,单机沙滩妞,,NPC_Nv_004,,2,,0,9999,0,普通小怪,百分比,0,50000,,5,700,,1000,60100,,,,,,10000,10000,10000,10000,10000,10000,0,0,0,10000,0,0,0,10000,10000,10000,10000,10000,,,,,,,,,,,,,,,,,,,1,1,1,1,1,1,1,1,1,1,1,1,1
*,9922,单机沙滩妞,,NPC_Nv_005,,2,,0,9999,0,普通小怪,百分比,0,50000,,5,700,,1000,60100,,,,,,10000,10000,10000,10000,10000,10000,0,0,0,10000,0,0,0,10000,10000,10000,10000,10000,,,,,,,,,,,,,,,,,,,1,1,1,1,1,1,1,1,1,1,1,1,1
*,9501,Hulk,,NPC_Nan_013,,2,,0,9999,0,普通小怪,百分比,0,50001,,5,700,,1000,60100,,,,,,10000,10000,10000,10000,10000,10000,0,0,0,10000,0,0,0,10000,10000,10000,10000,10000,,,,,,,,,,,,,,,,,,,1,1,1,1,1,1,1,1,1,1,1,1,1
*,9502,Hip Guy,,NPC_Nan_022,,2,,0,9999,0,普通小怪,百分比,0,50001,,5,700,,1000,60100,,,,,,10000,10000,10000,10000,10000,10000,0,0,0,10000,0,0,0,10000,10000,10000,10000,10000,,,,,,,,,,,,,,,,,,,1,1,1,1,1,1,1,1,1,1,1,1,1
*,9503,PoliceMan,,NPC_Nan_023,,2,,0,9999,0,普通小怪,百分比,0,50001,,5,700,,1000,60100,,,,,,10000,10000,10000,10000,10000,10000,0,0,0,10000,0,0,0,10000,10000,10000,10000,10000,,,,,,,,,,,,,,,,,,,1,1,1,1,1,1,1,1,1,1,1,1,1
*,9504,Beat Striker,,NPC_Nan_036,,2,,0,9999,0,普通小怪,百分比,0,50000,,5,700,,1000,60100,,,,,,10000,10000,10000,10000,10000,10000,0,0,0,10000,0,0,0,10000,10000,10000,10000,10000,,,,,,,,,,,,,,,,,,,1,1,1,1,1,1,1,1,1,1,1,1,1
*,9505,The Pain,,BOSS_Nan_006,120,2,,0,9999,2,单人副本-BOSS,百分比,2,60061;60062;60063;60065,,,700,RandomSkill,1006,60100,,,,,,10000,60000,10000,10000,10000,10000,0,0,0,10000,0,10000,10000,10000,10000,10000,10000,10000,,,,,,,,,,,,,,,,,,,1,1,1,1,1,1,1,1,1,1,1,1,1
*,80001,Sound1,,NPC_Sound1,,5,,3,,0,普通小怪,百分比,0,,,,,,1008,,,,,,,10000,10000,10000,10000,10000,10000,0,0,0,10000,0,0,0,10000,10000,10000,10000,10000,,,,,,,,,,,,,,,,,,,1,1,1,1,1,1,1,1,1,1,1,1,1
*,80002,Sound2,,NPC_Sound2,,5,,3,,0,普通小怪,百分比,0,,,,,,1008,,,,,,,10000,10000,10000,10000,10000,10000,0,0,0,10000,0,0,0,10000,10000,10000,10000,10000,,,,,,,,,,,,,,,,,,,1,1,1,1,1,1,1,1,1,1,1,1,1
,,其他,,,,,,,,,,,,,,,,,,,,,,,,,,,,,,,,,,,,,,,,,,,,,,,,,,,,,,,,,,,,1,1,1,1,1,1,1,1,1,1,1,1,1
*,201,Hoody,,NPC_Nan_043,,2,,0,1,0,普通小怪,绝对值,0,50000,,5,700,,1009,,,,,,,,,,,,,,,,,,,,,,,,,40,1000,100,2844,129,351,0,0,0,15000,0,0,0,3158,6317,3158,316,3158,1,1,1,1,1,1,1,1,1,1,1,1,1
*,202,Punk,,NPC_Nan_036,,2,,0,1,0,普通小怪,绝对值,0,50000,,5,700,,1009,,,,,,,,,,,,,,,,,,,,,,,,,40,1000,100,2844,129,351,0,0,0,15000,0,0,0,3158,6317,3158,316,3158,1,1,1,1,1,1,1,1,1,1,1,1,1
*,100,BlockNPC,,NPC_Nan_036,,2,,0,1,0,普通小怪,绝对值,0,50000,,0,0,BlockAI,,,,,,,,,,,,,,,,,,,,,,,,,,40,1000,100,2844,129,351,0,0,0,15000,0,0,0,3158,6317,3158,316,3158,1,1,1,1,1,1,1,1,1,1,1,1,1
*,204,Cops,,NPC_Nan_023,,2,,0,1,0,普通小怪,绝对值,0,50000,,0,50,,1003,,,,,,,,,,,,,,,,,,,,,,,,,40,1000,100,2844,129,351,0,0,0,15000,0,0,0,3158,6317,3158,316,3158,1,1,1,1,1,1,1,1,1,1,1,1,1
*,206,TCB's member,,NPC_Nan_007,,2,,0,7,0,普通小怪,绝对值,0,50000,,0,5000,,,,,,,,,,,,,,,,,,,,,,,,,,,106,2956,216,3699,168,456,0,0,0,15000,0,0,0,4108,8217,4108,411,4108,1,1,1,1,1,1,1,1,1,1,1,1,1
*,101,Hoody,,NPC_Nan_013,,2,,0,1,0,普通小怪,绝对值,0,50001,,50,5000,,1009,,,,,,,,,,,,,,,,,,,,,,,,,40,1000,100,2844,129,351,0,0,0,15000,0,0,0,3158,6317,3158,316,3158,1,1,1,1,1,1,1,1,1,1,1,1,1
*,102,Drunky,,NPC_Nan_014,,,,0,9,0,普通小怪,绝对值,0,50001,,50,5000,,,,,,,,,,,,,,,,,,,,,,,,,,,125,3011,233,3987,181,492,0,0,0,15000,0,0,0,4425,8850,4425,443,4425,1,1,1,1,1,1,1,1,1,1,1,1,1
*,210,Punk,,NPC_Nan_015,,2,,0,2,0,普通小怪,绝对值,0,50001,,5,700,,,,,,,,,,,,,,,,,,,,,,,,,,,50,1300,110,2988,135,369,0,0,0,15000,0,0,0,3317,6633,3317,332,3317,1,1,1,1,1,1,1,1,1,1,1,1,1
*,103,Brienne the Beauty,,BOSS_Nv_001,110,,,0,10,2,单人副本-BOSS,绝对值,2,1011;1012;1013,,50,5000,RandomSkill,,,,,,,,,,,,,,,,,,,,,,,,,,143,18144,241,4122,187,509,0,0,0,15000,0,10000,10000,4583,9167,4583,458,4583,1,1,1,1,1,1,1,1,1,1,1,1,1
*,304,Policeman,,NPC_Nan_023,,2,,0,10,0,普通小怪,绝对值,0,50000,,5,700,,,,,,,,,,,,,,,,,,,,,,,,,,,143,3024,241,4122,187,509,0,0,0,15000,0,0,0,4583,9167,4583,458,4583,1,1,1,1,1,1,1,1,1,1,1,1,1
*,305,Goffin,,NPC_Nan_025,,2,,0,10,0,普通小怪,绝对值,0,50001,,5,700,,,,,,,,,,,,,,,,,,,,,,,,,,,143,3024,241,4122,187,509,0,0,0,15000,0,0,0,4583,9167,4583,458,4583,1,1,1,1,1,1,1,1,1,1,1,1,1
*,104,JK.B,,NPC_Nan_006,,2,,0,1,0,普通小怪,绝对值,0,50000,,5,700,,,,,,,,,,,,,,,,,,,,,,,,,,,40,1000,100,2844,129,351,0,0,0,15000,0,0,0,3158,6317,3158,316,3158,1,1,1,1,1,1,1,1,1,1,1,1,1
*,998,HPNPC,,NPC_Nan_009,,,,0,60,0,普通小怪,绝对值,0,50001,,5,700,,,,,,,,,,,,,,,,,,,,,,,,,,,1611,21450,3971,67905,3079,8383,0,0,0,15000,0,0,0,75445,150891,75445,7545,75445,1,1,1,1,1,1,1,1,1,1,1,1,1
*,99999,EscortNPC,,NPC_Nan_012,,5,,,,4,护送NPC,百分比,4,,,50,5000,FollowAI,,,,,,,,10000,500000,10000,10000,10000,10000,0,0,0,10000,0,10000,10000,10000,10000,10000,10000,10000,,,,,,,,,,,,,,,,,,,1,1,1,1,1,1,1,1,1,1,1,1,1
