,排名,职业,等级,装备,品质,强化,升星,军衔,时装,徽章,,,,,,,,,,,,,,,,,,,,,,,,,
,STRING,STRING,STRING,STRING,STRING,STRING,STRING,STRING,STRING,STRING,,,职业,角色等级,装备等级,品质,品质,品质,品质,品质,品质,强化,强化,强化,强化,强化,强化,时装,星级,星级,星级,星级,星级,徽章,称号
*,Rank,Profession,Level,EquipIDS,Qualitys,Enhances,RefineLevels,TitleLevel,FashionEquips,BadgeEquips,,,UnExport,UnExport,UnExport,UnExport,UnExport,UnExport,UnExport,UnExport,UnExport,UnExport,UnExport,UnExport,UnExport,UnExport,UnExport,UnExport,UnExport,UnExport,UnExport,UnExport,UnExport,UnExport,UnExport
*,1,0,47,10401#10402#10403#10404#10405#10406,3#3#3#3#3#3,47#47#47#47#47#47,6#17#28#39,4,40301#40302#40303#40304,,,,0,47,5,3,3,3,3,3,3,47,47,47,47,47,47,3,5,5,5,5,0,5,4
*,2,1,46,20401#20402#20403#20404#20405#20406,3#3#3#3#3#3,46#46#46#46#46#46,50#61#72#83,4,41301#41302#41303#41304,,,,1,46,5,3,3,3,3,3,3,46,46,46,46,46,46,3,5,5,5,5,0,5,4
*,3,2,45,30401#30402#30403#30404#30405#30406,3#3#3#3#3#3,45#45#45#45#45#45,94#105#116#127,4,42301#42302#42303#42304,,,,2,45,5,3,3,3,3,3,3,45,45,45,45,45,45,3,5,5,5,5,0,5,4
*,4,0,43,10401#10402#10403#10404#10405#10406,3#3#3#3#3#3,43#43#43#43#43#43,6#17#28#39,3,40201#40202#40203#40204,,,,0,43,5,3,3,3,3,3,3,43,43,43,43,43,43,2,5,5,5,5,0,5,3
*,5,1,43,20401#20402#20403#20404#20405#20406,3#3#3#3#3#3,43#43#43#43#43#43,50#61#72#83,3,41201#41202#41203#41204,,,,1,43,5,3,3,3,3,3,3,43,43,43,43,43,43,2,5,5,5,5,0,5,3
*,6,2,43,30401#30402#30403#30404#30405#30406,3#3#3#3#3#3,43#43#43#43#43#43,94#105#116#127,3,42201#42202#42203#42204,,,,2,43,5,3,3,3,3,3,3,43,43,43,43,43,43,2,5,5,5,5,0,5,3
*,7,0,43,10401#10402#10403#10404#10405#10406,3#3#3#3#3#3,43#43#43#43#43#43,6#17#28#39,3,40101#40102#40103#40104,,,,0,43,5,3,3,3,3,3,3,43,43,43,43,43,43,1,5,5,5,5,0,5,3
*,8,1,43,20401#20402#20403#20404#20405#20406,3#3#3#3#3#3,43#43#43#43#43#43,50#61#72#83,3,41101#41102#41103#41104,,,,1,43,5,3,3,3,3,3,3,43,43,43,43,43,43,1,5,5,5,5,0,5,3
*,9,2,43,30301#30302#30303#30304#30305#30306,3#3#3#3#3#3,43#43#43#43#43#43,93#104#115#126,3,42101#42102#42103#42104,,,,2,43,4,3,3,3,3,3,3,43,43,43,43,43,43,1,4,4,4,4,0,4,3
*,10,0,42,10301#10302#10303#10304#10305#10306,3#3#3#3#3#3,42#42#42#42#42#42,5#16#27#38,3,40404#40401,,,,0,42,4,3,3,3,3,3,3,42,42,42,42,42,42,4,4,4,4,4,0,4,3
*,11,1,42,20301#20302#20303#20304#20305#20306,3#3#3#3#3#3,42#42#42#42#42#42,49#60#71#82,3,41202#41203,,,,1,42,4,3,3,3,3,3,3,42,42,42,42,42,42,2,4,4,4,4,0,4,3
*,12,2,42,30301#30302#30303#30304#30305#30306,3#3#3#3#3#3,42#42#42#42#42#42,93#104#115#126,3,42404#42401,,,,2,42,4,3,3,3,3,3,3,42,42,42,42,42,42,4,4,4,4,4,0,4,3
*,13,0,42,10301#10302#10303#10304#10305#10306,3#3#3#3#3#3,42#42#42#42#42#42,5#16#27#38,2,40101#40104,,,,0,42,4,3,3,3,3,3,3,42,42,42,42,42,42,1,4,4,4,4,0,4,2
*,14,1,42,20301#20302#20303#20304#20305#20306,3#3#3#3#3#3,42#42#42#42#42#42,49#60#71#82,2,41202#41203,,,,1,42,4,3,3,3,3,3,3,42,42,42,42,42,42,2,4,4,4,4,0,4,2
*,15,2,42,30301#30302#30303#30304#30305#30306,3#3#3#3#3#3,42#42#42#42#42#42,93#104#115#126,2,42404#42401,,,,2,42,4,3,3,3,3,3,3,42,42,42,42,42,42,4,4,4,4,4,0,4,2
*,16,0,42,10301#10302#10303#10304#10305#10306,3#3#3#3#3#3,42#42#42#42#42#42,5#16#27#38,2,40303#40302,,,,0,42,4,3,3,3,3,3,3,42,42,42,42,42,42,3,4,4,4,4,0,4,2
*,17,1,42,20301#20302#20303#20304#20305#20306,3#3#3#3#3#3,42#42#42#42#42#42,49#60#71#82,2,41303#41302,,,,1,42,4,3,3,3,3,3,3,42,42,42,42,42,42,3,4,4,4,4,0,4,2
*,18,2,41,30301#30302#30303#30304#30305#30306,3#3#3#3#3#3,41#41#41#41#41#41,93#104#115#126,2,42101#42104,,,,2,41,4,3,3,3,3,3,3,41,41,41,41,41,41,1,4,4,4,4,0,4,2
*,19,0,41,10301#10302#10303#10304#10305#10306,3#3#3#3#3#3,41#41#41#41#41#41,4#15#26#37,2,40404#40401,,,,0,41,4,3,3,3,3,3,3,41,41,41,41,41,41,4,3,3,3,3,0,3,2
*,20,1,41,20301#20302#20303#20304#20305#20306,3#3#3#3#3#3,41#41#41#41#41#41,48#59#70#81,2,41202#41203,,,,1,41,4,3,3,3,3,3,3,41,41,41,41,41,41,2,3,3,3,3,0,3,2
*,21,2,41,30301#30302#30303#30304#30305#30306,3#3#3#3#3#3,41#41#41#41#41#41,92#103#114#125,2,42404#42401,,,,2,41,4,3,3,3,3,3,3,41,41,41,41,41,41,4,3,3,3,3,0,3,2
*,22,0,41,10301#10302#10303#10304#10305#10306,3#3#3#3#3#3,41#41#41#41#41#41,4#15#26#37,2,40303#40302,,,,0,41,4,3,3,3,3,3,3,41,41,41,41,41,41,3,3,3,3,3,0,3,2
*,23,1,41,20301#20302#20303#20304#20305#20306,3#3#3#3#3#3,41#41#41#41#41#41,48#59#70#81,2,41202#41203,,,,1,41,4,3,3,3,3,3,3,41,41,41,41,41,41,2,3,3,3,3,0,3,2
*,24,2,41,30301#30302#30303#30304#30305#30306,3#3#3#3#3#3,41#41#41#41#41#41,92#103#114#125,2,42404#42401,,,,2,41,4,3,3,3,3,3,3,41,41,41,41,41,41,4,3,3,3,3,0,3,2
*,25,0,41,10301#10302#10303#10304#10305#10306,3#3#3#3#3#3,41#41#41#41#41#41,4#15#26#37,2,40101#40104,,,,0,41,4,3,3,3,3,3,3,41,41,41,41,41,41,1,3,3,3,3,0,3,2
*,26,1,41,20301#20302#20303#20304#20305#20306,3#3#3#3#3#3,41#41#41#41#41#41,48#59#70#81,2,41101#41104,,,,1,41,4,3,3,3,3,3,3,41,41,41,41,41,41,1,3,3,3,3,0,3,2
*,27,2,41,30301#30302#30303#30304#30305#30306,3#3#3#3#3#3,41#41#41#41#41#41,92#103#114#125,2,42202#42203,,,,2,41,4,3,3,3,3,3,3,41,41,41,41,41,41,2,3,3,3,3,0,3,2
*,28,0,40,10301#10302#10303#10304#10305#10306,3#3#3#3#3#3,40#40#40#40#40#40,4#15#26#37,2,40404#40401,,,,0,40,4,3,3,3,3,3,3,40,40,40,40,40,40,4,3,3,3,3,0,3,2
*,29,1,40,20301#20302#20303#20304#20305#20306,3#3#3#3#3#3,40#40#40#40#40#40,48#59#70#81,2,41101#41104,,,,1,40,4,3,3,3,3,3,3,40,40,40,40,40,40,1,3,3,3,3,0,3,2
*,30,2,40,30301#30302#30303#30304#30305#30306,3#3#3#3#3#3,40#40#40#40#40#40,92#103#114#125,2,42404#42401,,,,2,40,4,3,3,3,3,3,3,40,40,40,40,40,40,4,3,3,3,3,0,3,2
*,31,0,40,10201#10202#10203#10204#10205#10206,3#3#3#3#3#3,40#40#40#40#40#40,4#15#26#37,2,40303#40302,,,,0,40,3,3,3,3,3,3,3,40,40,40,40,40,40,3,3,3,3,3,0,3,2
*,32,1,40,20201#20202#20203#20204#20205#20206,3#3#3#3#3#3,40#40#40#40#40#40,48#59#70#81,2,41404#41401,,,,1,40,3,3,3,3,3,3,3,40,40,40,40,40,40,4,3,3,3,3,0,3,2
*,33,2,40,30201#30202#30203#30204#30205#30206,3#3#3#3#3#3,40#40#40#40#40#40,92#103#114#125,2,42202#42203,,,,2,40,3,3,3,3,3,3,3,40,40,40,40,40,40,2,3,3,3,3,0,3,2
*,34,0,40,10201#10202#10203#10204#10205#10206,3#3#3#3#3#3,40#40#40#40#40#40,4#15#26#37,2,40404#40401,,,,0,40,3,3,3,3,3,3,3,40,40,40,40,40,40,4,3,3,3,3,0,3,2
*,35,1,40,20201#20202#20203#20204#20205#20206,3#3#3#3#3#3,40#40#40#40#40#40,48#59#70#81,2,41404#41401,,,,1,40,3,3,3,3,3,3,3,40,40,40,40,40,40,4,3,3,3,3,0,3,2
*,36,2,40,30201#30202#30203#30204#30205#30206,3#3#3#3#3#3,40#40#40#40#40#40,92#103#114#125,2,42101#42104,,,,2,40,3,3,3,3,3,3,3,40,40,40,40,40,40,1,3,3,3,3,0,3,2
*,37,0,40,10201#10202#10203#10204#10205#10206,3#3#3#3#3#3,40#40#40#40#40#40,4#15#26#37,2,40404#40401,,,,0,40,3,3,3,3,3,3,3,40,40,40,40,40,40,4,3,3,3,3,0,3,2
*,38,1,39,20201#20202#20203#20204#20205#20206,3#3#3#3#3#3,39#39#39#39#39#39,48#59#70#81,2,41303#41302,,,,1,39,3,3,3,3,3,3,3,39,39,39,39,39,39,3,3,3,3,3,0,3,2
*,39,2,39,30201#30202#30203#30204#30205#30206,3#3#3#3#3#3,39#39#39#39#39#39,92#103#114#125,2,42202#42203,,,,2,39,3,3,3,3,3,3,3,39,39,39,39,39,39,2,3,3,3,3,0,3,2
*,40,0,39,10201#10202#10203#10204#10205#10206,3#3#3#3#3#3,39#39#39#39#39#39,4#15#26#37,2,40101#40104,,,,0,39,3,3,3,3,3,3,3,39,39,39,39,39,39,1,3,3,3,3,0,3,1
*,41,1,39,20201#20202#20203#20204#20205#20206,3#3#3#3#3#3,39#39#39#39#39#39,48#59#70#81,2,41303#41302,,,,1,39,3,3,3,3,3,3,3,39,39,39,39,39,39,3,3,3,3,3,0,3,1
*,42,2,39,30201#30202#30203#30204#30205#30206,3#3#3#3#3#3,39#39#39#39#39#39,92#103#114#125,2,42303#42302,,,,2,39,3,3,3,3,3,3,3,39,39,39,39,39,39,3,3,3,3,3,0,3,1
*,43,0,39,10201#10202#10203#10204#10205#10206,3#3#3#3#3#3,39#39#39#39#39#39,4#15#26#37,2,40404#40401,,,,0,39,3,3,3,3,3,3,3,39,39,39,39,39,39,4,3,3,3,3,0,3,1
*,44,1,39,20201#20202#20203#20204#20205#20206,3#3#3#3#3#3,39#39#39#39#39#39,48#59#70#81,2,41202#41203,,,,1,39,3,3,3,3,3,3,3,39,39,39,39,39,39,2,3,3,3,3,0,3,1
*,45,2,39,30201#30202#30203#30204#30205#30206,3#3#3#3#3#3,39#39#39#39#39#39,92#103#114#125,2,42303#42302,,,,2,39,3,3,3,3,3,3,3,39,39,39,39,39,39,3,3,3,3,3,0,3,1
*,46,0,39,10201#10202#10203#10204#10205#10206,3#3#3#3#3#3,39#39#39#39#39#39,4#15#26#37,2,40404#40401,,,,0,39,3,3,3,3,3,3,3,39,39,39,39,39,39,4,3,3,3,3,0,3,1
*,47,1,38,20201#20202#20203#20204#20205#20206,3#3#3#3#3#3,38#38#38#38#38#38,48#59#70#81,2,41404#41401,,,,1,38,3,3,3,3,3,3,3,38,38,38,38,38,38,4,3,3,3,3,0,3,1
*,48,2,38,30201#30202#30203#30204#30205#30206,3#3#3#3#3#3,38#38#38#38#38#38,92#103#114#125,2,42404#42401,,,,2,38,3,3,3,3,3,3,3,38,38,38,38,38,38,4,3,3,3,3,0,3,1
*,49,0,38,10201#10202#10203#10204#10205#10206,3#3#3#3#3#3,38#38#38#38#38#38,4#15#26#37,2,40202#40203,,,,0,38,3,3,3,3,3,3,3,38,38,38,38,38,38,2,3,3,3,3,0,3,1
*,50,1,38,20201#20202#20203#20204#20205#20206,3#3#3#3#3#3,38#38#38#38#38#38,48#59#70#81,2,41303#41302,,,,1,38,3,3,3,3,3,3,3,38,38,38,38,38,38,3,3,3,3,3,0,3,1
*,51,2,38,30201#30202#30203#30204#30205#30206,3#3#3#3#3#3,38#38#38#38#38#38,92#103#114#125,2,42404#42401,,,,2,38,3,3,3,3,3,3,3,38,38,38,38,38,38,4,3,3,3,3,0,3,1
*,52,0,38,10201#10202#10203#10204#10205#10206,3#3#3#3#3#3,38#38#38#38#38#38,4#15#26#37,2,40202#40203,,,,0,38,3,3,3,3,3,3,3,38,38,38,38,38,38,2,3,3,3,3,0,3,1
*,53,1,38,20201#20202#20203#20204#20205#20206,3#3#3#3#3#3,38#38#38#38#38#38,48#59#70#81,2,41202#41203,,,,1,38,3,3,3,3,3,3,3,38,38,38,38,38,38,2,3,3,3,3,0,3,1
*,54,2,38,30201#30202#30203#30204#30205#30206,3#3#3#3#3#3,38#38#38#38#38#38,92#103#114#125,2,42202#42203,,,,2,38,3,3,3,3,3,3,3,38,38,38,38,38,38,2,3,3,3,3,0,3,1
*,55,0,38,10201#10202#10203#10204#10205#10206,3#3#3#3#3#3,38#38#38#38#38#38,4#15#26#37,2,40303#40302,,,,0,38,3,3,3,3,3,3,3,38,38,38,38,38,38,3,3,3,3,3,0,3,1
*,56,1,37,20201#20202#20203#20204#20205#20206,3#3#3#3#3#3,37#37#37#37#37#37,48#59#70#81,2,41202#41203,,,,1,37,3,3,3,3,3,3,3,37,37,37,37,37,37,2,3,3,3,3,0,3,1
*,57,2,37,30201#30202#30203#30204#30205#30206,3#3#3#3#3#3,37#37#37#37#37#37,92#103#114#125,2,42202#42203,,,,2,37,3,3,3,3,3,3,3,37,37,37,37,37,37,2,3,3,3,3,0,3,1
*,58,0,37,10201#10202#10203#10204#10205#10206,3#3#3#3#3#3,37#37#37#37#37#37,4#15#26#37,2,40404#40401,,,,0,37,3,3,3,3,3,3,3,37,37,37,37,37,37,4,3,3,3,3,0,3,1
*,59,1,37,20201#20202#20203#20204#20205#20206,3#3#3#3#3#3,37#37#37#37#37#37,48#59#70#81,2,41202#41203,,,,1,37,3,3,3,3,3,3,3,37,37,37,37,37,37,2,3,3,3,3,0,3,1
*,60,2,37,30201#30202#30203#30204#30205#30206,3#3#3#3#3#3,37#37#37#37#37#37,92#103#114#125,2,42404#42401,,,,2,37,3,3,3,3,3,3,3,37,37,37,37,37,37,4,3,3,3,3,0,3,1
*,61,0,37,10201#10202#10203#10204#10205#10206,3#3#3#3#3#3,37#37#37#37#37#37,4#15#26#37,2,40303#40302,,,,0,37,3,3,3,3,3,3,3,37,37,37,37,37,37,3,3,3,3,3,0,3,1
*,62,1,37,20201#20202#20203#20204#20205#20206,3#3#3#3#3#3,37#37#37#37#37#37,48#59#70#81,2,41303#41302,,,,1,37,3,3,3,3,3,3,3,37,37,37,37,37,37,3,3,3,3,3,0,3,1
*,63,2,37,30201#30202#30203#30204#30205#30206,3#3#3#3#3#3,37#37#37#37#37#37,92#103#114#125,2,42404#42401,,,,2,37,3,3,3,3,3,3,3,37,37,37,37,37,37,4,3,3,3,3,0,3,1
*,64,0,37,10201#10202#10203#10204#10205#10206,3#3#3#3#3#3,37#37#37#37#37#37,4#15#26#37,2,40303#40302,,,,0,37,3,3,3,3,3,3,3,37,37,37,37,37,37,3,3,3,3,3,0,3,1
*,65,1,36,20201#20202#20203#20204#20205#20206,3#3#3#3#3#3,36#36#36#36#36#36,48#59#70#81,2,41202#41203,,,,1,36,3,3,3,3,3,3,3,36,36,36,36,36,36,2,3,3,3,3,0,3,1
*,66,2,36,30201#30202#30203#30204#30205#30206,3#3#3#3#3#3,36#36#36#36#36#36,92#103#114#125,2,42404#42401,,,,2,36,3,3,3,3,3,3,3,36,36,36,36,36,36,4,3,3,3,3,0,3,1
*,67,0,36,10201#10202#10203#10204#10205#10206,3#3#3#3#3#3,36#36#36#36#36#36,4#15#26#37,2,40303#40302,,,,0,36,3,3,3,3,3,3,3,36,36,36,36,36,36,3,3,3,3,3,0,3,1
*,68,1,36,20201#20202#20203#20204#20205#20206,3#3#3#3#3#3,36#36#36#36#36#36,48#59#70#81,2,41303#41302,,,,1,36,3,3,3,3,3,3,3,36,36,36,36,36,36,3,3,3,3,3,0,3,1
*,69,2,36,30201#30202#30203#30204#30205#30206,3#3#3#3#3#3,36#36#36#36#36#36,92#103#114#125,2,42101#42104,,,,2,36,3,3,3,3,3,3,3,36,36,36,36,36,36,1,3,3,3,3,0,3,1
*,70,0,36,10201#10202#10203#10204#10205#10206,3#3#3#3#3#3,36#36#36#36#36#36,4#15#26#37,2,40404#40401,,,,0,36,3,3,3,3,3,3,3,36,36,36,36,36,36,4,3,3,3,3,0,3,1
*,71,1,36,20201#20202#20203#20204#20205#20206,3#3#3#3#3#3,36#36#36#36#36#36,48#59#70#81,2,41404#41401,,,,1,36,3,3,3,3,3,3,3,36,36,36,36,36,36,4,3,3,3,3,0,3,1
*,72,2,36,30201#30202#30203#30204#30205#30206,3#3#3#3#3#3,36#36#36#36#36#36,92#103#114#125,2,42404#42401,,,,2,36,3,3,3,3,3,3,3,36,36,36,36,36,36,4,3,3,3,3,0,3,1
*,73,0,35,10201#10202#10203#10204#10205#10206,3#3#3#3#3#3,35#35#35#35#35#35,4#15#26#37,2,40404#40401,,,,0,35,3,3,3,3,3,3,3,35,35,35,35,35,35,4,3,3,3,3,0,3,1
*,74,1,35,20201#20202#20203#20204#20205#20206,3#3#3#3#3#3,35#35#35#35#35#35,48#59#70#81,2,41404#41401,,,,1,35,3,3,3,3,3,3,3,35,35,35,35,35,35,4,3,3,3,3,0,3,1
*,75,2,35,30201#30202#30203#30204#30205#30206,3#3#3#3#3#3,35#35#35#35#35#35,92#103#114#125,2,42404#42401,,,,2,35,3,3,3,3,3,3,3,35,35,35,35,35,35,4,3,3,3,3,0,3,1
*,76,0,35,10201#10202#10203#10204#10205#10206,3#3#3#3#3#3,35#35#35#35#35#35,4#15#26#37,2,40202#40203,,,,0,35,3,3,3,3,3,3,3,35,35,35,35,35,35,2,3,3,3,3,0,3,1
*,77,1,35,20201#20202#20203#20204#20205#20206,3#3#3#3#3#3,35#35#35#35#35#35,48#59#70#81,2,41101#41104,,,,1,35,3,3,3,3,3,3,3,35,35,35,35,35,35,1,3,3,3,3,0,3,1
*,78,2,35,30201#30202#30203#30204#30205#30206,3#3#3#3#3#3,35#35#35#35#35#35,92#103#114#125,2,42202#42203,,,,2,35,3,3,3,3,3,3,3,35,35,35,35,35,35,2,3,3,3,3,0,3,1
*,79,0,35,10201#10202#10203#10204#10205#10206,3#3#3#3#3#3,35#35#35#35#35#35,4#15#26#37,2,40404#40401,,,,0,35,3,3,3,3,3,3,3,35,35,35,35,35,35,4,3,3,3,3,0,3,1
*,80,1,35,20201#20202#20203#20204#20205#20206,3#3#3#3#3#3,35#35#35#35#35#35,48#59#70#81,2,41303#41302,,,,1,35,3,3,3,3,3,3,3,35,35,35,35,35,35,3,3,3,3,3,0,3,1
*,81,2,34,30201#30202#30203#30204#30205#30206,3#3#3#3#3#3,34#34#34#34#34#34,92#103#114#125,2,42101#42104,,,,2,34,3,3,3,3,3,3,3,34,34,34,34,34,34,1,3,3,3,3,0,3,1
*,82,0,34,10201#10202#10203#10204#10205#10206,3#3#3#3#3#3,34#34#34#34#34#34,4#15#26#37,2,40303#40302,,,,0,34,3,3,3,3,3,3,3,34,34,34,34,34,34,3,3,3,3,3,0,3,1
*,83,1,34,20201#20202#20203#20204#20205#20206,3#3#3#3#3#3,34#34#34#34#34#34,48#59#70#81,2,41202#41203,,,,1,34,3,3,3,3,3,3,3,34,34,34,34,34,34,2,3,3,3,3,0,3,1
*,84,2,34,30201#30202#30203#30204#30205#30206,3#3#3#3#3#3,34#34#34#34#34#34,92#103#114#125,2,42101#42104,,,,2,34,3,3,3,3,3,3,3,34,34,34,34,34,34,1,3,3,3,3,0,3,1
*,85,0,34,10201#10202#10203#10204#10205#10206,3#3#3#3#3#3,34#34#34#34#34#34,4#15#26#37,2,40202#40203,,,,0,34,3,3,3,3,3,3,3,34,34,34,34,34,34,2,3,3,3,3,0,3,1
*,86,1,34,20201#20202#20203#20204#20205#20206,3#3#3#3#3#3,34#34#34#34#34#34,48#59#70#81,2,41202#41203,,,,1,34,3,3,3,3,3,3,3,34,34,34,34,34,34,2,3,3,3,3,0,3,1
*,87,2,34,30201#30202#30203#30204#30205#30206,3#3#3#3#3#3,34#34#34#34#34#34,92#103#114#125,2,42101#42104,,,,2,34,3,3,3,3,3,3,3,34,34,34,34,34,34,1,3,3,3,3,0,3,1
*,88,0,34,10201#10202#10203#10204#10205#10206,3#3#3#3#3#3,34#34#34#34#34#34,4#15#26#37,2,40202#40203,,,,0,34,3,3,3,3,3,3,3,34,34,34,34,34,34,2,3,3,3,3,0,3,1
*,89,1,34,20201#20202#20203#20204#20205#20206,3#3#3#3#3#3,34#34#34#34#34#34,48#59#70#81,2,41101#41104,,,,1,34,3,3,3,3,3,3,3,34,34,34,34,34,34,1,3,3,3,3,0,3,1
*,90,2,34,30201#30202#30203#30204#30205#30206,3#3#3#3#3#3,34#34#34#34#34#34,92#103#114#125,2,42101#42104,,,,2,34,3,3,3,3,3,3,3,34,34,34,34,34,34,1,3,3,3,3,0,3,1
*,91,0,33,10201#10202#10203#10204#10205#10206,3#3#3#3#3#3,33#33#33#33#33#33,4#15#26#37,2,40303#40302,,,,0,33,3,3,3,3,3,3,3,33,33,33,33,33,33,3,3,3,3,3,0,3,1
*,92,1,33,20201#20202#20203#20204#20205#20206,3#3#3#3#3#3,33#33#33#33#33#33,48#59#70#81,2,41202#41203,,,,1,33,3,3,3,3,3,3,3,33,33,33,33,33,33,2,3,3,3,3,0,3,1
*,93,2,33,30201#30202#30203#30204#30205#30206,3#3#3#3#3#3,33#33#33#33#33#33,92#103#114#125,2,42404#42401,,,,2,33,3,3,3,3,3,3,3,33,33,33,33,33,33,4,3,3,3,3,0,3,1
*,94,0,33,10201#10202#10203#10204#10205#10206,3#3#3#3#3#3,33#33#33#33#33#33,4#15#26#37,2,40202#40203,,,,0,33,3,3,3,3,3,3,3,33,33,33,33,33,33,2,3,3,3,3,0,3,1
*,95,1,33,20201#20202#20203#20204#20205#20206,3#3#3#3#3#3,33#33#33#33#33#33,48#59#70#81,2,41404#41401,,,,1,33,3,3,3,3,3,3,3,33,33,33,33,33,33,4,3,3,3,3,0,3,1
*,96,2,33,30201#30202#30203#30204#30205#30206,3#3#3#3#3#3,33#33#33#33#33#33,92#103#114#125,2,42101#42104,,,,2,33,3,3,3,3,3,3,3,33,33,33,33,33,33,1,3,3,3,3,0,3,1
*,97,0,33,10201#10202#10203#10204#10205#10206,3#3#3#3#3#3,33#33#33#33#33#33,4#15#26#37,2,,,,,0,33,3,3,3,3,3,3,3,33,33,33,33,33,33,,3,3,3,3,0,3,1
*,98,1,33,20201#20202#20203#20204#20205#20206,3#3#3#3#3#3,33#33#33#33#33#33,48#59#70#81,2,,,,,1,33,3,3,3,3,3,3,3,33,33,33,33,33,33,,3,3,3,3,0,3,1
*,99,2,33,30201#30202#30203#30204#30205#30206,3#3#3#3#3#3,33#33#33#33#33#33,92#103#114#125,2,,,,,2,33,3,3,3,3,3,3,3,33,33,33,33,33,33,,3,3,3,3,0,3,1
*,100,0,33,10201#10202#10203#10204#10205#10206,3#3#3#3#3#3,33#33#33#33#33#33,4#15#26#37,2,,,,,0,33,3,3,3,3,3,3,3,33,33,33,33,33,33,,3,3,3,3,0,3,1
*,101,1,33,20201#20202#20203#20204#20205#20206,3#3#3#3#3#3,33#33#33#33#33#33,48#59#70#81,1,,,,,1,33,3,3,3,3,3,3,3,33,33,33,33,33,33,,3,3,3,3,0,3,1
*,102,2,33,30201#30202#30203#30204#30205#30206,3#3#3#3#3#3,33#33#33#33#33#33,92#103#114#125,1,,,,,2,33,3,3,3,3,3,3,3,33,33,33,33,33,33,,3,3,3,3,0,3,1
*,103,0,32,10201#10202#10203#10204#10205#10206,3#3#3#3#3#3,32#32#32#32#32#32,4#15#26#37,1,,,,,0,32,3,3,3,3,3,3,3,32,32,32,32,32,32,,3,3,3,3,0,3,1
*,104,1,32,20201#20202#20203#20204#20205#20206,3#3#3#3#3#3,32#32#32#32#32#32,48#59#70#81,1,,,,,1,32,3,3,3,3,3,3,3,32,32,32,32,32,32,,3,3,3,3,0,3,1
*,105,2,32,30201#30202#30203#30204#30205#30206,3#3#3#3#3#3,32#32#32#32#32#32,92#103#114#125,1,,,,,2,32,3,3,3,3,3,3,3,32,32,32,32,32,32,,3,3,3,3,0,3,1
*,106,0,32,10201#10202#10203#10204#10205#10206,3#3#3#3#3#3,32#32#32#32#32#32,4#15#26#37,1,,,,,0,32,3,3,3,3,3,3,3,32,32,32,32,32,32,,3,3,3,3,0,3,1
*,107,1,32,20201#20202#20203#20204#20205#20206,3#3#3#3#3#3,32#32#32#32#32#32,48#59#70#81,1,,,,,1,32,3,3,3,3,3,3,3,32,32,32,32,32,32,,3,3,3,3,0,3,1
*,108,2,32,30201#30202#30203#30204#30205#30206,3#3#3#3#3#3,32#32#32#32#32#32,92#103#114#125,1,,,,,2,32,3,3,3,3,3,3,3,32,32,32,32,32,32,,3,3,3,3,0,3,1
*,109,0,32,10201#10202#10203#10204#10205#10206,3#3#3#3#3#3,32#32#32#32#32#32,4#15#26#37,1,,,,,0,32,3,3,3,3,3,3,3,32,32,32,32,32,32,,3,3,3,3,0,3,1
*,110,1,32,20201#20202#20203#20204#20205#20206,3#3#3#3#3#3,32#32#32#32#32#32,48#59#70#81,1,,,,,1,32,3,3,3,3,3,3,3,32,32,32,32,32,32,,3,3,3,3,0,3,1
*,111,2,32,30201#30202#30203#30204#30205#30206,3#3#3#3#3#3,32#32#32#32#32#32,92#103#114#125,1,,,,,2,32,3,3,3,3,3,3,3,32,32,32,32,32,32,,3,3,3,3,0,3,1
*,112,0,32,10201#10202#10203#10204#10205#10206,3#3#3#3#3#3,32#32#32#32#32#32,4#15#26#37,1,,,,,0,32,3,3,3,3,3,3,3,32,32,32,32,32,32,,3,3,3,3,0,3,1
*,113,1,32,20201#20202#20203#20204#20205#20206,3#3#3#3#3#3,32#32#32#32#32#32,48#59#70#81,1,,,,,1,32,3,3,3,3,3,3,3,32,32,32,32,32,32,,3,3,3,3,0,3,1
*,114,2,31,30201#30202#30203#30204#30205#30206,3#3#3#3#3#3,31#31#31#31#31#31,92#103#114#125,1,,,,,2,31,3,3,3,3,3,3,3,31,31,31,31,31,31,,3,3,3,3,0,3,1
*,115,0,31,10201#10202#10203#10204#10205#10206,3#3#3#3#3#3,31#31#31#31#31#31,4#15#26#37,1,,,,,0,31,3,3,3,3,3,3,3,31,31,31,31,31,31,,3,3,3,3,0,3,1
*,116,1,31,20201#20202#20203#20204#20205#20206,3#3#3#3#3#3,31#31#31#31#31#31,48#59#70#81,1,,,,,1,31,3,3,3,3,3,3,3,31,31,31,31,31,31,,3,3,3,3,0,3,1
*,117,2,31,30201#30202#30203#30204#30205#30206,3#3#3#3#3#3,31#31#31#31#31#31,92#103#114#125,1,,,,,2,31,3,3,3,3,3,3,3,31,31,31,31,31,31,,3,3,3,3,0,3,1
*,118,0,31,10201#10202#10203#10204#10205#10206,3#3#3#3#3#3,31#31#31#31#31#31,4#15#26#37,1,,,,,0,31,3,3,3,3,3,3,3,31,31,31,31,31,31,,3,3,3,3,0,3,1
*,119,1,31,20201#20202#20203#20204#20205#20206,3#3#3#3#3#3,31#31#31#31#31#31,48#59#70#81,1,,,,,1,31,3,3,3,3,3,3,3,31,31,31,31,31,31,,3,3,3,3,0,3,1
*,120,2,31,30201#30202#30203#30204#30205#30206,3#3#3#3#3#3,31#31#31#31#31#31,92#103#114#125,1,,,,,2,31,3,3,3,3,3,3,3,31,31,31,31,31,31,,3,3,3,3,0,3,1
*,121,0,31,10201#10202#10203#10204#10205#10206,3#3#3#3#3#3,31#31#31#31#31#31,4#15#26#37,1,,,,,0,31,3,3,3,3,3,3,3,31,31,31,31,31,31,,3,3,3,3,0,3,1
*,122,1,31,20201#20202#20203#20204#20205#20206,3#3#3#3#3#3,31#31#31#31#31#31,48#59#70#81,1,,,,,1,31,3,3,3,3,3,3,3,31,31,31,31,31,31,,3,3,3,3,0,3,1
*,123,2,31,30201#30202#30203#30204#30205#30206,3#3#3#3#3#3,31#31#31#31#31#31,92#103#114#125,1,,,,,2,31,3,3,3,3,3,3,3,31,31,31,31,31,31,,3,3,3,3,0,3,1
*,124,0,31,10201#10202#10203#10204#10205#10206,3#3#3#3#3#3,31#31#31#31#31#31,4#15#26#37,1,,,,,0,31,3,3,3,3,3,3,3,31,31,31,31,31,31,,3,3,3,3,0,3,1
*,125,1,31,20201#20202#20203#20204#20205#20206,3#3#3#3#3#3,31#31#31#31#31#31,48#59#70#81,1,,,,,1,31,3,3,3,3,3,3,3,31,31,31,31,31,31,,3,3,3,3,0,3,1
*,126,2,30,30201#30202#30203#30204#30205#30206,3#3#3#3#3#3,30#30#30#30#30#30,92#103#114#125,1,,,,,2,30,3,3,3,3,3,3,3,30,30,30,30,30,30,,3,3,3,3,0,3,1
*,127,0,30,10201#10202#10203#10204#10205#10206,3#3#3#3#3#3,30#30#30#30#30#30,4#15#26#37,1,,,,,0,30,3,3,3,3,3,3,3,30,30,30,30,30,30,,3,3,3,3,0,3,1
*,128,1,30,20201#20202#20203#20204#20205#20206,3#3#3#3#3#3,30#30#30#30#30#30,48#59#70#81,1,,,,,1,30,3,3,3,3,3,3,3,30,30,30,30,30,30,,3,3,3,3,0,3,1
*,129,2,30,30201#30202#30203#30204#30205#30206,3#3#3#3#3#3,30#30#30#30#30#30,92#103#114#125,1,,,,,2,30,3,3,3,3,3,3,3,30,30,30,30,30,30,,3,3,3,3,0,3,1
*,130,0,30,10201#10202#10203#10204#10205#10206,3#3#3#3#3#3,30#30#30#30#30#30,4#15#26#37,1,,,,,0,30,3,3,3,3,3,3,3,30,30,30,30,30,30,,3,3,3,3,0,3,1
*,131,1,30,20201#20202#20203#20204#20205#20206,3#3#3#3#3#3,30#30#30#30#30#30,48#59#70#81,1,,,,,1,30,3,3,3,3,3,3,3,30,30,30,30,30,30,,3,3,3,3,0,3,1
*,132,2,30,30201#30202#30203#30204#30205#30206,3#3#3#3#3#3,30#30#30#30#30#30,92#103#114#125,1,,,,,2,30,3,3,3,3,3,3,3,30,30,30,30,30,30,,3,3,3,3,0,3,1
*,133,0,30,10201#10202#10203#10204#10205#10206,3#3#3#3#3#3,30#30#30#30#30#30,4#15#26#37,1,,,,,0,30,3,3,3,3,3,3,3,30,30,30,30,30,30,,3,3,3,3,0,3,1
*,134,1,30,20201#20202#20203#20204#20205#20206,3#3#3#3#3#3,30#30#30#30#30#30,48#59#70#81,1,,,,,1,30,3,3,3,3,3,3,3,30,30,30,30,30,30,,3,3,3,3,0,3,1
*,135,2,30,30101#30102#30103#30104#30105#30106,3#3#3#3#3#3,30#30#30#30#30#30,92#103#114#125,1,,,,,2,30,2,3,3,3,3,3,3,30,30,30,30,30,30,,3,3,3,3,0,3,1
*,136,0,30,10101#10102#10103#10104#10105#10106,3#3#3#3#3#3,30#30#30#30#30#30,4#15#26#37,1,,,,,0,30,2,3,3,3,3,3,3,30,30,30,30,30,30,,3,3,3,3,0,3,1
*,137,1,30,20101#20102#20103#20104#20105#20106,3#3#3#3#3#3,30#30#30#30#30#30,48#59#70#81,1,,,,,1,30,2,3,3,3,3,3,3,30,30,30,30,30,30,,3,3,3,3,0,3,1
*,138,2,30,30101#30102#30103#30104#30105#30106,3#3#3#3#3#3,30#30#30#30#30#30,92#103#114#125,1,,,,,2,30,2,3,3,3,3,3,3,30,30,30,30,30,30,,3,3,3,3,0,3,1
*,139,0,30,10101#10102#10103#10104#10105#10106,3#3#3#3#3#3,30#30#30#30#30#30,4#15#26#37,1,,,,,0,30,2,3,3,3,3,3,3,30,30,30,30,30,30,,3,3,3,3,0,3,1
*,140,1,30,20101#20102#20103#20104#20105#20106,3#3#3#3#3#3,30#30#30#30#30#30,48#59#70#81,1,,,,,1,30,2,3,3,3,3,3,3,30,30,30,30,30,30,,3,3,3,3,0,3,1
*,141,2,30,30101#30102#30103#30104#30105#30106,3#3#3#3#3#3,30#30#30#30#30#30,92#103#114#125,1,,,,,2,30,2,3,3,3,3,3,3,30,30,30,30,30,30,,3,3,3,3,0,3,1
*,142,0,30,10101#10102#10103#10104#10105#10106,3#3#3#3#3#3,30#30#30#30#30#30,4#15#26#37,1,,,,,0,30,2,3,3,3,3,3,3,30,30,30,30,30,30,,3,3,3,3,0,3,1
*,143,1,30,20101#20102#20103#20104#20105#20106,3#3#3#3#3#3,30#30#30#30#30#30,48#59#70#81,1,,,,,1,30,2,3,3,3,3,3,3,30,30,30,30,30,30,,3,3,3,3,0,3,1
*,144,2,30,30101#30102#30103#30104#30105#30106,3#3#3#3#3#3,30#30#30#30#30#30,92#103#114#125,1,,,,,2,30,2,3,3,3,3,3,3,30,30,30,30,30,30,,3,3,3,3,0,3,1
*,145,0,30,10101#10102#10103#10104#10105#10106,3#3#3#3#3#3,30#30#30#30#30#30,4#15#26#37,1,,,,,0,30,2,3,3,3,3,3,3,30,30,30,30,30,30,,3,3,3,3,0,3,1
*,146,1,30,20101#20102#20103#20104#20105#20106,3#3#3#3#3#3,30#30#30#30#30#30,48#59#70#81,1,,,,,1,30,2,3,3,3,3,3,3,30,30,30,30,30,30,,3,3,3,3,0,3,1
*,147,2,30,30101#30102#30103#30104#30105#30106,3#3#3#3#3#3,30#30#30#30#30#30,92#103#114#125,1,,,,,2,30,2,3,3,3,3,3,3,30,30,30,30,30,30,,3,3,3,3,0,3,1
*,148,0,30,10101#10102#10103#10104#10105#10106,3#3#3#3#3#3,30#30#30#30#30#30,4#15#26#37,1,,,,,0,30,2,3,3,3,3,3,3,30,30,30,30,30,30,,3,3,3,3,0,3,1
*,149,1,30,20101#20102#20103#20104#20105#20106,3#3#3#3#3#3,30#30#30#30#30#30,48#59#70#81,1,,,,,1,30,2,3,3,3,3,3,3,30,30,30,30,30,30,,3,3,3,3,0,3,1
*,150,2,30,30101#30102#30103#30104#30105#30106,3#3#3#3#3#3,30#30#30#30#30#30,92#103#114#125,1,,,,,2,30,2,3,3,3,3,3,3,30,30,30,30,30,30,,3,3,3,3,0,3,1
*,151,0,30,10101#10102#10103#10104#10105#10106,3#3#3#3#3#3,30#30#30#30#30#30,4#15#26#37,1,,,,,0,30,2,3,3,3,3,3,3,30,30,30,30,30,30,,3,3,3,3,0,3,1
*,152,1,30,20101#20102#20103#20104#20105#20106,3#3#3#3#3#3,30#30#30#30#30#30,48#59#70#81,1,,,,,1,30,2,3,3,3,3,3,3,30,30,30,30,30,30,,3,3,3,3,0,3,1
*,153,2,29,30101#30102#30103#30104#30105#30106,3#3#3#3#3#3,29#29#29#29#29#29,92#103#114#125,1,,,,,2,29,2,3,3,3,3,3,3,29,29,29,29,29,29,,3,3,3,3,0,3,1
*,154,0,29,10101#10102#10103#10104#10105#10106,3#3#3#3#3#3,29#29#29#29#29#29,4#15#26#37,1,,,,,0,29,2,3,3,3,3,3,3,29,29,29,29,29,29,,3,3,3,3,0,3,1
*,155,1,29,20101#20102#20103#20104#20105#20106,3#3#3#3#3#3,29#29#29#29#29#29,48#59#70#81,1,,,,,1,29,2,3,3,3,3,3,3,29,29,29,29,29,29,,3,3,3,3,0,3,1
*,156,2,29,30101#30102#30103#30104#30105#30106,3#3#3#3#3#3,29#29#29#29#29#29,92#103#114#125,1,,,,,2,29,2,3,3,3,3,3,3,29,29,29,29,29,29,,3,3,3,3,0,3,1
*,157,0,29,10101#10102#10103#10104#10105#10106,3#3#3#3#3#3,29#29#29#29#29#29,4#15#26#37,1,,,,,0,29,2,3,3,3,3,3,3,29,29,29,29,29,29,,3,3,3,3,0,3,1
*,158,1,29,20101#20102#20103#20104#20105#20106,3#3#3#3#3#3,29#29#29#29#29#29,48#59#70#81,1,,,,,1,29,2,3,3,3,3,3,3,29,29,29,29,29,29,,3,3,3,3,0,3,1
*,159,2,29,30101#30102#30103#30104#30105#30106,3#3#3#3#3#3,29#29#29#29#29#29,92#103#114#125,1,,,,,2,29,2,3,3,3,3,3,3,29,29,29,29,29,29,,3,3,3,3,0,3,1
*,160,0,29,10101#10102#10103#10104#10105#10106,3#3#3#3#3#3,29#29#29#29#29#29,4#15#26#37,1,,,,,0,29,2,3,3,3,3,3,3,29,29,29,29,29,29,,3,3,3,3,0,3,1
*,161,1,29,20101#20102#20103#20104#20105#20106,3#3#3#3#3#3,29#29#29#29#29#29,48#59#70#81,1,,,,,1,29,2,3,3,3,3,3,3,29,29,29,29,29,29,,3,3,3,3,0,3,1
*,162,2,29,30101#30102#30103#30104#30105#30106,3#3#3#3#3#3,29#29#29#29#29#29,92#103#114#125,1,,,,,2,29,2,3,3,3,3,3,3,29,29,29,29,29,29,,3,3,3,3,0,3,1
*,163,0,29,10101#10102#10103#10104#10105#10106,3#3#3#3#3#3,29#29#29#29#29#29,4#15#26#37,1,,,,,0,29,2,3,3,3,3,3,3,29,29,29,29,29,29,,3,3,3,3,0,3,1
*,164,1,29,20101#20102#20103#20104#20105#20106,3#3#3#3#3#3,29#29#29#29#29#29,48#59#70#81,1,,,,,1,29,2,3,3,3,3,3,3,29,29,29,29,29,29,,3,3,3,3,0,3,1
*,165,2,29,30101#30102#30103#30104#30105#30106,3#3#3#3#3#3,29#29#29#29#29#29,92#103#114#125,1,,,,,2,29,2,3,3,3,3,3,3,29,29,29,29,29,29,,3,3,3,3,0,3,1
*,166,0,29,10101#10102#10103#10104#10105#10106,3#3#3#3#3#3,29#29#29#29#29#29,4#15#26#37,1,,,,,0,29,2,3,3,3,3,3,3,29,29,29,29,29,29,,3,3,3,3,0,3,1
*,167,1,29,20101#20102#20103#20104#20105#20106,3#3#3#3#3#3,29#29#29#29#29#29,48#59#70#81,1,,,,,1,29,2,3,3,3,3,3,3,29,29,29,29,29,29,,3,3,3,3,0,3,1
*,168,2,29,30101#30102#30103#30104#30105#30106,3#3#3#3#3#3,29#29#29#29#29#29,92#103#114#125,1,,,,,2,29,2,3,3,3,3,3,3,29,29,29,29,29,29,,3,3,3,3,0,3,1
*,169,0,29,10101#10102#10103#10104#10105#10106,3#3#3#3#3#3,29#29#29#29#29#29,4#15#26#37,1,,,,,0,29,2,3,3,3,3,3,3,29,29,29,29,29,29,,3,3,3,3,0,3,1
*,170,1,29,20101#20102#20103#20104#20105#20106,3#3#3#3#3#3,29#29#29#29#29#29,48#59#70#81,1,,,,,1,29,2,3,3,3,3,3,3,29,29,29,29,29,29,,3,3,3,3,0,3,1
*,171,2,29,30101#30102#30103#30104#30105#30106,3#3#3#3#3#3,29#29#29#29#29#29,92#103#114#125,1,,,,,2,29,2,3,3,3,3,3,3,29,29,29,29,29,29,,3,3,3,3,0,3,1
*,172,0,29,10101#10102#10103#10104#10105#10106,3#3#3#3#3#3,29#29#29#29#29#29,3#14#25#36,1,,,,,0,29,2,3,3,3,3,3,3,29,29,29,29,29,29,,2,2,2,2,0,2,1
*,173,1,29,20101#20102#20103#20104#20105#20106,3#3#3#3#3#3,29#29#29#29#29#29,47#58#69#80,1,,,,,1,29,2,3,3,3,3,3,3,29,29,29,29,29,29,,2,2,2,2,0,2,1
*,174,2,28,30101#30102#30103#30104#30105#30106,3#3#3#3#3#3,28#28#28#28#28#28,91#102#113#124,1,,,,,2,28,2,3,3,3,3,3,3,28,28,28,28,28,28,,2,2,2,2,0,2,1
*,175,0,28,10101#10102#10103#10104#10105#10106,3#3#3#3#3#3,28#28#28#28#28#28,3#14#25#36,1,,,,,0,28,2,3,3,3,3,3,3,28,28,28,28,28,28,,2,2,2,2,0,2,1
*,176,1,28,20101#20102#20103#20104#20105#20106,3#3#3#3#3#3,28#28#28#28#28#28,47#58#69#80,1,,,,,1,28,2,3,3,3,3,3,3,28,28,28,28,28,28,,2,2,2,2,0,2,1
*,177,2,28,30101#30102#30103#30104#30105#30106,3#3#3#3#3#3,28#28#28#28#28#28,91#102#113#124,1,,,,,2,28,2,3,3,3,3,3,3,28,28,28,28,28,28,,2,2,2,2,0,2,1
*,178,0,28,10101#10102#10103#10104#10105#10106,3#3#3#3#3#3,28#28#28#28#28#28,3#14#25#36,1,,,,,0,28,2,3,3,3,3,3,3,28,28,28,28,28,28,,2,2,2,2,0,2,1
*,179,1,28,20101#20102#20103#20104#20105#20106,3#3#3#3#3#3,28#28#28#28#28#28,47#58#69#80,1,,,,,1,28,2,3,3,3,3,3,3,28,28,28,28,28,28,,2,2,2,2,0,2,1
*,180,2,28,30101#30102#30103#30104#30105#30106,3#3#3#3#3#3,28#28#28#28#28#28,91#102#113#124,1,,,,,2,28,2,3,3,3,3,3,3,28,28,28,28,28,28,,2,2,2,2,0,2,1
*,181,0,28,10101#10102#10103#10104#10105#10106,3#3#3#3#3#3,28#28#28#28#28#28,3#14#25#36,1,,,,,0,28,2,3,3,3,3,3,3,28,28,28,28,28,28,,2,2,2,2,0,2,1
*,182,1,28,20101#20102#20103#20104#20105#20106,3#3#3#3#3#3,28#28#28#28#28#28,47#58#69#80,1,,,,,1,28,2,3,3,3,3,3,3,28,28,28,28,28,28,,2,2,2,2,0,2,1
*,183,2,28,30101#30102#30103#30104#30105#30106,3#3#3#3#3#3,28#28#28#28#28#28,91#102#113#124,1,,,,,2,28,2,3,3,3,3,3,3,28,28,28,28,28,28,,2,2,2,2,0,2,1
*,184,0,28,10101#10102#10103#10104#10105#10106,3#3#3#3#3#3,28#28#28#28#28#28,3#14#25#36,1,,,,,0,28,2,3,3,3,3,3,3,28,28,28,28,28,28,,2,2,2,2,0,2,1
*,185,1,28,20101#20102#20103#20104#20105#20106,3#3#3#3#3#3,28#28#28#28#28#28,47#58#69#80,1,,,,,1,28,2,3,3,3,3,3,3,28,28,28,28,28,28,,2,2,2,2,0,2,1
*,186,2,28,30101#30102#30103#30104#30105#30106,3#3#3#3#3#3,28#28#28#28#28#28,91#102#113#124,1,,,,,2,28,2,3,3,3,3,3,3,28,28,28,28,28,28,,2,2,2,2,0,2,1
*,187,0,28,10101#10102#10103#10104#10105#10106,3#3#3#3#3#3,28#28#28#28#28#28,3#14#25#36,1,,,,,0,28,2,3,3,3,3,3,3,28,28,28,28,28,28,,2,2,2,2,0,2,1
*,188,1,28,20101#20102#20103#20104#20105#20106,3#3#3#3#3#3,28#28#28#28#28#28,47#58#69#80,1,,,,,1,28,2,3,3,3,3,3,3,28,28,28,28,28,28,,2,2,2,2,0,2,1
*,189,2,28,30101#30102#30103#30104#30105#30106,3#3#3#3#3#3,28#28#28#28#28#28,91#102#113#124,1,,,,,2,28,2,3,3,3,3,3,3,28,28,28,28,28,28,,2,2,2,2,0,2,1
*,190,0,28,10101#10102#10103#10104#10105#10106,3#3#3#3#3#3,28#28#28#28#28#28,3#14#25#36,1,,,,,0,28,2,3,3,3,3,3,3,28,28,28,28,28,28,,2,2,2,2,0,2,1
*,191,1,28,20101#20102#20103#20104#20105#20106,3#3#3#3#3#3,28#28#28#28#28#28,47#58#69#80,1,,,,,1,28,2,3,3,3,3,3,3,28,28,28,28,28,28,,2,2,2,2,0,2,1
*,192,2,28,30101#30102#30103#30104#30105#30106,3#3#3#3#3#3,28#28#28#28#28#28,91#102#113#124,1,,,,,2,28,2,3,3,3,3,3,3,28,28,28,28,28,28,,2,2,2,2,0,2,1
*,193,0,28,10101#10102#10103#10104#10105#10106,3#3#3#3#3#3,28#28#28#28#28#28,3#14#25#36,1,,,,,0,28,2,3,3,3,3,3,3,28,28,28,28,28,28,,2,2,2,2,0,2,1
*,194,1,27,20101#20102#20103#20104#20105#20106,3#3#3#3#3#3,27#27#27#27#27#27,47#58#69#80,1,,,,,1,27,2,3,3,3,3,3,3,27,27,27,27,27,27,,2,2,2,2,0,2,1
*,195,2,27,30101#30102#30103#30104#30105#30106,3#3#3#3#3#3,27#27#27#27#27#27,91#102#113#124,1,,,,,2,27,2,3,3,3,3,3,3,27,27,27,27,27,27,,2,2,2,2,0,2,1
*,196,0,27,10101#10102#10103#10104#10105#10106,3#3#3#3#3#3,27#27#27#27#27#27,3#14#25#36,1,,,,,0,27,2,3,3,3,3,3,3,27,27,27,27,27,27,,2,2,2,2,0,2,1
*,197,1,27,20101#20102#20103#20104#20105#20106,3#3#3#3#3#3,27#27#27#27#27#27,47#58#69#80,1,,,,,1,27,2,3,3,3,3,3,3,27,27,27,27,27,27,,2,2,2,2,0,2,1
*,198,2,27,30101#30102#30103#30104#30105#30106,3#3#3#3#3#3,27#27#27#27#27#27,91#102#113#124,1,,,,,2,27,2,3,3,3,3,3,3,27,27,27,27,27,27,,2,2,2,2,0,2,1
*,199,0,27,10101#10102#10103#10104#10105#10106,3#3#3#3#3#3,27#27#27#27#27#27,3#14#25#36,1,,,,,0,27,2,3,3,3,3,3,3,27,27,27,27,27,27,,2,2,2,2,0,2,1
*,200,1,27,20101#20102#20103#20104#20105#20106,3#3#3#3#3#3,27#27#27#27#27#27,47#58#69#80,1,,,,,1,27,2,3,3,3,3,3,3,27,27,27,27,27,27,,2,2,2,2,0,2,1
*,201,2,27,30101#30102#30103#30104#30105#30106,3#3#3#3#3#3,27#27#27#27#27#27,91#102#113#124,1,,,,,2,27,2,3,3,3,3,3,3,27,27,27,27,27,27,,2,2,2,2,0,2,1
*,202,0,27,10101#10102#10103#10104#10105#10106,3#3#3#3#3#3,27#27#27#27#27#27,3#14#25#36,1,,,,,0,27,2,3,3,3,3,3,3,27,27,27,27,27,27,,2,2,2,2,0,2,1
*,203,1,27,20101#20102#20103#20104#20105#20106,3#3#3#3#3#3,27#27#27#27#27#27,47#58#69#80,1,,,,,1,27,2,3,3,3,3,3,3,27,27,27,27,27,27,,2,2,2,2,0,2,1
*,204,2,27,30101#30102#30103#30104#30105#30106,3#3#3#3#3#3,27#27#27#27#27#27,91#102#113#124,1,,,,,2,27,2,3,3,3,3,3,3,27,27,27,27,27,27,,2,2,2,2,0,2,1
*,205,0,27,10101#10102#10103#10104#10105#10106,3#3#3#3#3#3,27#27#27#27#27#27,3#14#25#36,1,,,,,0,27,2,3,3,3,3,3,3,27,27,27,27,27,27,,2,2,2,2,0,2,1
*,206,1,27,20101#20102#20103#20104#20105#20106,3#3#3#3#3#3,27#27#27#27#27#27,47#58#69#80,1,,,,,1,27,2,3,3,3,3,3,3,27,27,27,27,27,27,,2,2,2,2,0,2,1
*,207,2,27,30101#30102#30103#30104#30105#30106,3#3#3#3#3#3,27#27#27#27#27#27,91#102#113#124,1,,,,,2,27,2,3,3,3,3,3,3,27,27,27,27,27,27,,2,2,2,2,0,2,1
*,208,0,27,10101#10102#10103#10104#10105#10106,3#3#3#3#3#3,27#27#27#27#27#27,3#14#25#36,1,,,,,0,27,2,3,3,3,3,3,3,27,27,27,27,27,27,,2,2,2,2,0,2,1
*,209,1,27,20101#20102#20103#20104#20105#20106,3#3#3#3#3#3,27#27#27#27#27#27,47#58#69#80,1,,,,,1,27,2,3,3,3,3,3,3,27,27,27,27,27,27,,2,2,2,2,0,2,1
*,210,2,27,30101#30102#30103#30104#30105#30106,3#3#3#3#3#3,27#27#27#27#27#27,91#102#113#124,1,,,,,2,27,2,3,3,3,3,3,3,27,27,27,27,27,27,,2,2,2,2,0,2,1
*,211,0,27,10101#10102#10103#10104#10105#10106,3#3#3#3#3#3,27#27#27#27#27#27,3#14#25#36,1,,,,,0,27,2,3,3,3,3,3,3,27,27,27,27,27,27,,2,2,2,2,0,2,1
*,212,1,27,20101#20102#20103#20104#20105#20106,3#3#3#3#3#3,27#27#27#27#27#27,47#58#69#80,1,,,,,1,27,2,3,3,3,3,3,3,27,27,27,27,27,27,,2,2,2,2,0,2,1
*,213,2,27,30101#30102#30103#30104#30105#30106,3#3#3#3#3#3,27#27#27#27#27#27,91#102#113#124,1,,,,,2,27,2,3,3,3,3,3,3,27,27,27,27,27,27,,2,2,2,2,0,2,1
*,214,0,27,10101#10102#10103#10104#10105#10106,3#3#3#3#3#3,27#27#27#27#27#27,3#14#25#36,1,,,,,0,27,2,3,3,3,3,3,3,27,27,27,27,27,27,,2,2,2,2,0,2,1
*,215,1,26,20101#20102#20103#20104#20105#20106,3#3#3#3#3#3,26#26#26#26#26#26,47#58#69#80,1,,,,,1,26,2,3,3,3,3,3,3,26,26,26,26,26,26,,2,2,2,2,0,2,1
*,216,2,26,30101#30102#30103#30104#30105#30106,3#3#3#3#3#3,26#26#26#26#26#26,91#102#113#124,1,,,,,2,26,2,3,3,3,3,3,3,26,26,26,26,26,26,,2,2,2,2,0,2,1
*,217,0,26,10101#10102#10103#10104#10105#10106,3#3#3#3#3#3,26#26#26#26#26#26,3#14#25#36,1,,,,,0,26,2,3,3,3,3,3,3,26,26,26,26,26,26,,2,2,2,2,0,2,1
*,218,1,26,20101#20102#20103#20104#20105#20106,3#3#3#3#3#3,26#26#26#26#26#26,47#58#69#80,1,,,,,1,26,2,3,3,3,3,3,3,26,26,26,26,26,26,,2,2,2,2,0,2,1
*,219,2,26,30101#30102#30103#30104#30105#30106,3#3#3#3#3#3,26#26#26#26#26#26,91#102#113#124,1,,,,,2,26,2,3,3,3,3,3,3,26,26,26,26,26,26,,2,2,2,2,0,2,1
*,220,0,26,10101#10102#10103#10104#10105#10106,3#3#3#3#3#3,26#26#26#26#26#26,3#14#25#36,1,,,,,0,26,2,3,3,3,3,3,3,26,26,26,26,26,26,,2,2,2,2,0,2,1
*,221,1,26,20101#20102#20103#20104#20105#20106,3#3#3#3#3#3,26#26#26#26#26#26,47#58#69#80,1,,,,,1,26,2,3,3,3,3,3,3,26,26,26,26,26,26,,2,2,2,2,0,2,1
*,222,2,26,30101#30102#30103#30104#30105#30106,3#3#3#3#3#3,26#26#26#26#26#26,91#102#113#124,1,,,,,2,26,2,3,3,3,3,3,3,26,26,26,26,26,26,,2,2,2,2,0,2,1
*,223,0,26,10101#10102#10103#10104#10105#10106,3#3#3#3#3#3,26#26#26#26#26#26,3#14#25#36,1,,,,,0,26,2,3,3,3,3,3,3,26,26,26,26,26,26,,2,2,2,2,0,2,1
*,224,1,26,20101#20102#20103#20104#20105#20106,3#3#3#3#3#3,26#26#26#26#26#26,47#58#69#80,1,,,,,1,26,2,3,3,3,3,3,3,26,26,26,26,26,26,,2,2,2,2,0,2,1
*,225,2,26,30101#30102#30103#30104#30105#30106,3#3#3#3#3#3,26#26#26#26#26#26,91#102#113#124,1,,,,,2,26,2,3,3,3,3,3,3,26,26,26,26,26,26,,2,2,2,2,0,2,1
*,226,0,26,10101#10102#10103#10104#10105#10106,3#3#3#3#3#3,26#26#26#26#26#26,3#14#25#36,1,,,,,0,26,2,3,3,3,3,3,3,26,26,26,26,26,26,,2,2,2,2,0,2,1
*,227,1,26,20101#20102#20103#20104#20105#20106,3#3#3#3#3#3,26#26#26#26#26#26,47#58#69#80,1,,,,,1,26,2,3,3,3,3,3,3,26,26,26,26,26,26,,2,2,2,2,0,2,1
*,228,2,26,30101#30102#30103#30104#30105#30106,3#3#3#3#3#3,26#26#26#26#26#26,91#102#113#124,1,,,,,2,26,2,3,3,3,3,3,3,26,26,26,26,26,26,,2,2,2,2,0,2,1
*,229,0,26,10101#10102#10103#10104#10105#10106,3#3#3#3#3#3,26#26#26#26#26#26,3#14#25#36,1,,,,,0,26,2,3,3,3,3,3,3,26,26,26,26,26,26,,2,2,2,2,0,2,1
*,230,1,26,20101#20102#20103#20104#20105#20106,3#3#3#3#3#3,26#26#26#26#26#26,47#58#69#80,1,,,,,1,26,2,3,3,3,3,3,3,26,26,26,26,26,26,,2,2,2,2,0,2,1
*,231,2,26,30101#30102#30103#30104#30105#30106,3#3#3#3#3#3,26#26#26#26#26#26,91#102#113#124,1,,,,,2,26,2,3,3,3,3,3,3,26,26,26,26,26,26,,2,2,2,2,0,2,1
*,232,0,26,10101#10102#10103#10104#10105#10106,3#3#3#3#3#3,26#26#26#26#26#26,3#14#25#36,1,,,,,0,26,2,3,3,3,3,3,3,26,26,26,26,26,26,,2,2,2,2,0,2,1
*,233,1,26,20101#20102#20103#20104#20105#20106,3#3#3#3#3#3,26#26#26#26#26#26,47#58#69#80,1,,,,,1,26,2,3,3,3,3,3,3,26,26,26,26,26,26,,2,2,2,2,0,2,1
*,234,2,26,30101#30102#30103#30104#30105#30106,3#3#3#3#3#3,26#26#26#26#26#26,91#102#113#124,1,,,,,2,26,2,3,3,3,3,3,3,26,26,26,26,26,26,,2,2,2,2,0,2,1
*,235,0,26,10101#10102#10103#10104#10105#10106,3#3#3#3#3#3,26#26#26#26#26#26,3#14#25#36,1,,,,,0,26,2,3,3,3,3,3,3,26,26,26,26,26,26,,2,2,2,2,0,2,1
*,236,1,26,20101#20102#20103#20104#20105#20106,3#3#3#3#3#3,26#26#26#26#26#26,47#58#69#80,1,,,,,1,26,2,3,3,3,3,3,3,26,26,26,26,26,26,,2,2,2,2,0,2,1
*,237,2,26,30101#30102#30103#30104#30105#30106,3#3#3#3#3#3,26#26#26#26#26#26,91#102#113#124,1,,,,,2,26,2,3,3,3,3,3,3,26,26,26,26,26,26,,2,2,2,2,0,2,1
*,238,0,26,10101#10102#10103#10104#10105#10106,3#3#3#3#3#3,26#26#26#26#26#26,3#14#25#36,1,,,,,0,26,2,3,3,3,3,3,3,26,26,26,26,26,26,,2,2,2,2,0,2,1
*,239,1,26,20101#20102#20103#20104#20105#20106,3#3#3#3#3#3,26#26#26#26#26#26,47#58#69#80,1,,,,,1,26,2,3,3,3,3,3,3,26,26,26,26,26,26,,2,2,2,2,0,2,1
*,240,2,26,30101#30102#30103#30104#30105#30106,3#3#3#3#3#3,26#26#26#26#26#26,91#102#113#124,1,,,,,2,26,2,3,3,3,3,3,3,26,26,26,26,26,26,,2,2,2,2,0,2,1
*,241,0,26,10101#10102#10103#10104#10105#10106,3#3#3#3#3#3,26#26#26#26#26#26,3#14#25#36,1,,,,,0,26,2,3,3,3,3,3,3,26,26,26,26,26,26,,2,2,2,2,0,2,1
*,242,1,26,20101#20102#20103#20104#20105#20106,3#3#3#3#3#3,26#26#26#26#26#26,47#58#69#80,1,,,,,1,26,2,3,3,3,3,3,3,26,26,26,26,26,26,,2,2,2,2,0,2,1
*,243,2,26,30101#30102#30103#30104#30105#30106,3#3#3#3#3#3,26#26#26#26#26#26,91#102#113#124,1,,,,,2,26,2,3,3,3,3,3,3,26,26,26,26,26,26,,2,2,2,2,0,2,1
*,244,0,25,10101#10102#10103#10104#10105#10106,3#3#3#3#3#3,25#25#25#25#25#25,3#14#25#36,1,,,,,0,25,2,3,3,3,3,3,3,25,25,25,25,25,25,,2,2,2,2,0,2,1
*,245,1,25,20101#20102#20103#20104#20105#20106,3#3#3#3#3#3,25#25#25#25#25#25,47#58#69#80,1,,,,,1,25,2,3,3,3,3,3,3,25,25,25,25,25,25,,2,2,2,2,0,2,1
*,246,2,25,30101#30102#30103#30104#30105#30106,3#3#3#3#3#3,25#25#25#25#25#25,91#102#113#124,1,,,,,2,25,2,3,3,3,3,3,3,25,25,25,25,25,25,,2,2,2,2,0,2,1
*,247,0,25,10101#10102#10103#10104#10105#10106,3#3#3#3#3#3,25#25#25#25#25#25,3#14#25#36,1,,,,,0,25,2,3,3,3,3,3,3,25,25,25,25,25,25,,2,2,2,2,0,2,1
*,248,1,25,20101#20102#20103#20104#20105#20106,3#3#3#3#3#3,25#25#25#25#25#25,47#58#69#80,1,,,,,1,25,2,3,3,3,3,3,3,25,25,25,25,25,25,,2,2,2,2,0,2,1
*,249,2,25,30101#30102#30103#30104#30105#30106,3#3#3#3#3#3,25#25#25#25#25#25,91#102#113#124,1,,,,,2,25,2,3,3,3,3,3,3,25,25,25,25,25,25,,2,2,2,2,0,2,1
*,250,0,25,10101#10102#10103#10104#10105#10106,3#3#3#3#3#3,25#25#25#25#25#25,3#14#25#36,1,,,,,0,25,2,3,3,3,3,3,3,25,25,25,25,25,25,,2,2,2,2,0,2,1
*,251,1,25,20101#20102#20103#20104#20105#20106,3#3#3#3#3#3,25#25#25#25#25#25,47#58#69#80,1,,,,,1,25,2,3,3,3,3,3,3,25,25,25,25,25,25,,2,2,2,2,0,2,1
*,252,2,25,30101#30102#30103#30104#30105#30106,3#3#3#3#3#3,25#25#25#25#25#25,91#102#113#124,1,,,,,2,25,2,3,3,3,3,3,3,25,25,25,25,25,25,,2,2,2,2,0,2,1
*,253,0,25,10101#10102#10103#10104#10105#10106,3#3#3#3#3#3,25#25#25#25#25#25,3#14#25#36,1,,,,,0,25,2,3,3,3,3,3,3,25,25,25,25,25,25,,2,2,2,2,0,2,1
*,254,1,25,20101#20102#20103#20104#20105#20106,3#3#3#3#3#3,25#25#25#25#25#25,47#58#69#80,1,,,,,1,25,2,3,3,3,3,3,3,25,25,25,25,25,25,,2,2,2,2,0,2,1
*,255,2,25,30101#30102#30103#30104#30105#30106,3#3#3#3#3#3,25#25#25#25#25#25,91#102#113#124,1,,,,,2,25,2,3,3,3,3,3,3,25,25,25,25,25,25,,2,2,2,2,0,2,1
*,256,0,25,10101#10102#10103#10104#10105#10106,3#3#3#3#3#3,25#25#25#25#25#25,3#14#25#36,1,,,,,0,25,2,3,3,3,3,3,3,25,25,25,25,25,25,,2,2,2,2,0,2,1
*,257,1,25,20101#20102#20103#20104#20105#20106,3#3#3#3#3#3,25#25#25#25#25#25,47#58#69#80,1,,,,,1,25,2,3,3,3,3,3,3,25,25,25,25,25,25,,2,2,2,2,0,2,1
*,258,2,25,30101#30102#30103#30104#30105#30106,3#3#3#3#3#3,25#25#25#25#25#25,91#102#113#124,1,,,,,2,25,2,3,3,3,3,3,3,25,25,25,25,25,25,,2,2,2,2,0,2,1
*,259,0,25,10101#10102#10103#10104#10105#10106,3#3#3#3#3#3,25#25#25#25#25#25,3#14#25#36,1,,,,,0,25,2,3,3,3,3,3,3,25,25,25,25,25,25,,2,2,2,2,0,2,1
*,260,1,25,20101#20102#20103#20104#20105#20106,3#3#3#3#3#3,25#25#25#25#25#25,47#58#69#80,1,,,,,1,25,2,3,3,3,3,3,3,25,25,25,25,25,25,,2,2,2,2,0,2,1
*,261,2,25,30101#30102#30103#30104#30105#30106,3#3#3#3#3#3,25#25#25#25#25#25,91#102#113#124,1,,,,,2,25,2,3,3,3,3,3,3,25,25,25,25,25,25,,2,2,2,2,0,2,1
*,262,0,25,10101#10102#10103#10104#10105#10106,3#3#3#3#3#3,25#25#25#25#25#25,3#14#25#36,1,,,,,0,25,2,3,3,3,3,3,3,25,25,25,25,25,25,,2,2,2,2,0,2,1
*,263,1,25,20101#20102#20103#20104#20105#20106,3#3#3#3#3#3,25#25#25#25#25#25,47#58#69#80,1,,,,,1,25,2,3,3,3,3,3,3,25,25,25,25,25,25,,2,2,2,2,0,2,1
*,264,2,25,30101#30102#30103#30104#30105#30106,3#3#3#3#3#3,25#25#25#25#25#25,91#102#113#124,1,,,,,2,25,2,3,3,3,3,3,3,25,25,25,25,25,25,,2,2,2,2,0,2,1
*,265,0,25,10101#10102#10103#10104#10105#10106,3#3#3#3#3#3,25#25#25#25#25#25,3#14#25#36,1,,,,,0,25,2,3,3,3,3,3,3,25,25,25,25,25,25,,2,2,2,2,0,2,1
*,266,1,25,20101#20102#20103#20104#20105#20106,3#3#3#3#3#3,25#25#25#25#25#25,47#58#69#80,1,,,,,1,25,2,3,3,3,3,3,3,25,25,25,25,25,25,,2,2,2,2,0,2,1
*,267,2,25,30101#30102#30103#30104#30105#30106,3#3#3#3#3#3,25#25#25#25#25#25,91#102#113#124,1,,,,,2,25,2,3,3,3,3,3,3,25,25,25,25,25,25,,2,2,2,2,0,2,1
*,268,0,25,10101#10102#10103#10104#10105#10106,3#3#3#3#3#3,25#25#25#25#25#25,3#14#25#36,1,,,,,0,25,2,3,3,3,3,3,3,25,25,25,25,25,25,,2,2,2,2,0,2,1
*,269,1,25,20101#20102#20103#20104#20105#20106,3#3#3#3#3#3,25#25#25#25#25#25,47#58#69#80,1,,,,,1,25,2,3,3,3,3,3,3,25,25,25,25,25,25,,2,2,2,2,0,2,1
*,270,2,25,30101#30102#30103#30104#30105#30106,3#3#3#3#3#3,25#25#25#25#25#25,91#102#113#124,1,,,,,2,25,2,3,3,3,3,3,3,25,25,25,25,25,25,,2,2,2,2,0,2,1
*,271,0,25,10101#10102#10103#10104#10105#10106,3#3#3#3#3#3,25#25#25#25#25#25,3#14#25#36,1,,,,,0,25,2,3,3,3,3,3,3,25,25,25,25,25,25,,2,2,2,2,0,2,1
*,272,1,25,20101#20102#20103#20104#20105#20106,3#3#3#3#3#3,25#25#25#25#25#25,47#58#69#80,1,,,,,1,25,2,3,3,3,3,3,3,25,25,25,25,25,25,,2,2,2,2,0,2,1
*,273,2,25,30101#30102#30103#30104#30105#30106,3#3#3#3#3#3,25#25#25#25#25#25,91#102#113#124,1,,,,,2,25,2,3,3,3,3,3,3,25,25,25,25,25,25,,2,2,2,2,0,2,1
*,274,0,25,10101#10102#10103#10104#10105#10106,3#3#3#3#3#3,25#25#25#25#25#25,3#14#25#36,1,,,,,0,25,2,3,3,3,3,3,3,25,25,25,25,25,25,,2,2,2,2,0,2,1
*,275,1,25,20101#20102#20103#20104#20105#20106,3#3#3#3#3#3,25#25#25#25#25#25,47#58#69#80,1,,,,,1,25,2,3,3,3,3,3,3,25,25,25,25,25,25,,2,2,2,2,0,2,1
*,276,2,25,30101#30102#30103#30104#30105#30106,3#3#3#3#3#3,25#25#25#25#25#25,91#102#113#124,1,,,,,2,25,2,3,3,3,3,3,3,25,25,25,25,25,25,,2,2,2,2,0,2,1
*,277,0,25,10101#10102#10103#10104#10105#10106,3#3#3#3#3#3,25#25#25#25#25#25,3#14#25#36,1,,,,,0,25,2,3,3,3,3,3,3,25,25,25,25,25,25,,2,2,2,2,0,2,1
*,278,1,25,20101#20102#20103#20104#20105#20106,3#3#3#3#3#3,25#25#25#25#25#25,47#58#69#80,1,,,,,1,25,2,3,3,3,3,3,3,25,25,25,25,25,25,,2,2,2,2,0,2,1
*,279,2,25,30101#30102#30103#30104#30105#30106,3#3#3#3#3#3,25#25#25#25#25#25,91#102#113#124,1,,,,,2,25,2,3,3,3,3,3,3,25,25,25,25,25,25,,2,2,2,2,0,2,1
*,280,0,24,10101#10102#10103#10104#10105#10106,3#3#3#3#3#3,24#24#24#24#24#24,3#14#25#36,1,,,,,0,24,2,3,3,3,3,3,3,24,24,24,24,24,24,,2,2,2,2,0,2,1
*,281,1,24,20101#20102#20103#20104#20105#20106,3#3#3#3#3#3,24#24#24#24#24#24,47#58#69#80,1,,,,,1,24,2,3,3,3,3,3,3,24,24,24,24,24,24,,2,2,2,2,0,2,1
*,282,2,24,30101#30102#30103#30104#30105#30106,3#3#3#3#3#3,24#24#24#24#24#24,91#102#113#124,1,,,,,2,24,2,3,3,3,3,3,3,24,24,24,24,24,24,,2,2,2,2,0,2,1
*,283,0,24,10101#10102#10103#10104#10105#10106,3#3#3#3#3#3,24#24#24#24#24#24,3#14#25#36,1,,,,,0,24,2,3,3,3,3,3,3,24,24,24,24,24,24,,2,2,2,2,0,2,1
*,284,1,24,20101#20102#20103#20104#20105#20106,3#3#3#3#3#3,24#24#24#24#24#24,47#58#69#80,1,,,,,1,24,2,3,3,3,3,3,3,24,24,24,24,24,24,,2,2,2,2,0,2,1
*,285,2,24,30101#30102#30103#30104#30105#30106,3#3#3#3#3#3,24#24#24#24#24#24,91#102#113#124,1,,,,,2,24,2,3,3,3,3,3,3,24,24,24,24,24,24,,2,2,2,2,0,2,1
*,286,0,24,10101#10102#10103#10104#10105#10106,3#3#3#3#3#3,24#24#24#24#24#24,3#14#25#36,1,,,,,0,24,2,3,3,3,3,3,3,24,24,24,24,24,24,,2,2,2,2,0,2,1
*,287,1,24,20101#20102#20103#20104#20105#20106,3#3#3#3#3#3,24#24#24#24#24#24,47#58#69#80,1,,,,,1,24,2,3,3,3,3,3,3,24,24,24,24,24,24,,2,2,2,2,0,2,1
*,288,2,24,30101#30102#30103#30104#30105#30106,3#3#3#3#3#3,24#24#24#24#24#24,91#102#113#124,1,,,,,2,24,2,3,3,3,3,3,3,24,24,24,24,24,24,,2,2,2,2,0,2,1
*,289,0,24,10101#10102#10103#10104#10105#10106,3#3#3#3#3#3,24#24#24#24#24#24,3#14#25#36,1,,,,,0,24,2,3,3,3,3,3,3,24,24,24,24,24,24,,2,2,2,2,0,2,1
*,290,1,24,20101#20102#20103#20104#20105#20106,3#3#3#3#3#3,24#24#24#24#24#24,47#58#69#80,1,,,,,1,24,2,3,3,3,3,3,3,24,24,24,24,24,24,,2,2,2,2,0,2,1
*,291,2,24,30101#30102#30103#30104#30105#30106,3#3#3#3#3#3,24#24#24#24#24#24,91#102#113#124,1,,,,,2,24,2,3,3,3,3,3,3,24,24,24,24,24,24,,2,2,2,2,0,2,1
*,292,0,24,10101#10102#10103#10104#10105#10106,3#3#3#3#3#3,24#24#24#24#24#24,3#14#25#36,1,,,,,0,24,2,3,3,3,3,3,3,24,24,24,24,24,24,,2,2,2,2,0,2,1
*,293,1,24,20101#20102#20103#20104#20105#20106,3#3#3#3#3#3,24#24#24#24#24#24,47#58#69#80,1,,,,,1,24,2,3,3,3,3,3,3,24,24,24,24,24,24,,2,2,2,2,0,2,1
*,294,2,24,30101#30102#30103#30104#30105#30106,3#3#3#3#3#3,24#24#24#24#24#24,91#102#113#124,1,,,,,2,24,2,3,3,3,3,3,3,24,24,24,24,24,24,,2,2,2,2,0,2,1
*,295,0,24,10101#10102#10103#10104#10105#10106,3#3#3#3#3#3,24#24#24#24#24#24,3#14#25#36,1,,,,,0,24,2,3,3,3,3,3,3,24,24,24,24,24,24,,2,2,2,2,0,2,1
*,296,1,24,20101#20102#20103#20104#20105#20106,3#3#3#3#3#3,24#24#24#24#24#24,47#58#69#80,1,,,,,1,24,2,3,3,3,3,3,3,24,24,24,24,24,24,,2,2,2,2,0,2,1
*,297,2,24,30101#30102#30103#30104#30105#30106,3#3#3#3#3#3,24#24#24#24#24#24,91#102#113#124,1,,,,,2,24,2,3,3,3,3,3,3,24,24,24,24,24,24,,2,2,2,2,0,2,1
*,298,0,24,10101#10102#10103#10104#10105#10106,3#3#3#3#3#3,24#24#24#24#24#24,3#14#25#36,1,,,,,0,24,2,3,3,3,3,3,3,24,24,24,24,24,24,,2,2,2,2,0,2,1
*,299,1,24,20101#20102#20103#20104#20105#20106,3#3#3#3#3#3,24#24#24#24#24#24,47#58#69#80,1,,,,,1,24,2,3,3,3,3,3,3,24,24,24,24,24,24,,2,2,2,2,0,2,1
*,300,2,24,30101#30102#30103#30104#30105#30106,3#3#3#3#3#3,24#24#24#24#24#24,91#102#113#124,1,,,,,2,24,2,3,3,3,3,3,3,24,24,24,24,24,24,,2,2,2,2,0,2,1
*,301,0,24,10101#10102#10103#10104#10105#10106,3#3#3#3#3#3,24#24#24#24#24#24,3#14#25#36,1,,,,,0,24,2,3,3,3,3,3,3,24,24,24,24,24,24,,2,2,2,2,0,2,1
*,302,1,24,20101#20102#20103#20104#20105#20106,3#3#3#3#3#3,24#24#24#24#24#24,47#58#69#80,1,,,,,1,24,2,3,3,3,3,3,3,24,24,24,24,24,24,,2,2,2,2,0,2,1
*,303,2,24,30101#30102#30103#30104#30105#30106,3#3#3#3#3#3,24#24#24#24#24#24,91#102#113#124,1,,,,,2,24,2,3,3,3,3,3,3,24,24,24,24,24,24,,2,2,2,2,0,2,1
*,304,0,24,10101#10102#10103#10104#10105#10106,3#3#3#3#3#3,24#24#24#24#24#24,3#14#25#36,1,,,,,0,24,2,3,3,3,3,3,3,24,24,24,24,24,24,,2,2,2,2,0,2,1
*,305,1,24,20101#20102#20103#20104#20105#20106,3#3#3#3#3#3,24#24#24#24#24#24,47#58#69#80,1,,,,,1,24,2,3,3,3,3,3,3,24,24,24,24,24,24,,2,2,2,2,0,2,1
*,306,2,24,30101#30102#30103#30104#30105#30106,3#3#3#3#3#3,24#24#24#24#24#24,91#102#113#124,1,,,,,2,24,2,3,3,3,3,3,3,24,24,24,24,24,24,,2,2,2,2,0,2,1
*,307,0,24,10101#10102#10103#10104#10105#10106,3#3#3#3#3#3,24#24#24#24#24#24,3#14#25#36,1,,,,,0,24,2,3,3,3,3,3,3,24,24,24,24,24,24,,2,2,2,2,0,2,1
*,308,1,24,20101#20102#20103#20104#20105#20106,3#3#3#3#3#3,24#24#24#24#24#24,47#58#69#80,1,,,,,1,24,2,3,3,3,3,3,3,24,24,24,24,24,24,,2,2,2,2,0,2,1
*,309,2,24,30101#30102#30103#30104#30105#30106,3#3#3#3#3#3,24#24#24#24#24#24,91#102#113#124,1,,,,,2,24,2,3,3,3,3,3,3,24,24,24,24,24,24,,2,2,2,2,0,2,1
*,310,0,24,10101#10102#10103#10104#10105#10106,3#3#3#3#3#3,24#24#24#24#24#24,3#14#25#36,1,,,,,0,24,2,3,3,3,3,3,3,24,24,24,24,24,24,,2,2,2,2,0,2,1
*,311,1,24,20101#20102#20103#20104#20105#20106,3#3#3#3#3#3,24#24#24#24#24#24,47#58#69#80,1,,,,,1,24,2,3,3,3,3,3,3,24,24,24,24,24,24,,2,2,2,2,0,2,1
*,312,2,24,30101#30102#30103#30104#30105#30106,3#3#3#3#3#3,24#24#24#24#24#24,91#102#113#124,1,,,,,2,24,2,3,3,3,3,3,3,24,24,24,24,24,24,,2,2,2,2,0,2,1
*,313,0,24,10101#10102#10103#10104#10105#10106,3#3#3#3#3#3,24#24#24#24#24#24,3#14#25#36,1,,,,,0,24,2,3,3,3,3,3,3,24,24,24,24,24,24,,2,2,2,2,0,2,1
*,314,1,24,20101#20102#20103#20104#20105#20106,3#3#3#3#3#3,24#24#24#24#24#24,47#58#69#80,1,,,,,1,24,2,3,3,3,3,3,3,24,24,24,24,24,24,,2,2,2,2,0,2,1
*,315,2,24,30101#30102#30103#30104#30105#30106,3#3#3#3#3#3,24#24#24#24#24#24,91#102#113#124,1,,,,,2,24,2,3,3,3,3,3,3,24,24,24,24,24,24,,2,2,2,2,0,2,1
*,316,0,24,10101#10102#10103#10104#10105#10106,3#3#3#3#3#3,24#24#24#24#24#24,3#14#25#36,1,,,,,0,24,2,3,3,3,3,3,3,24,24,24,24,24,24,,2,2,2,2,0,2,1
*,317,1,24,20101#20102#20103#20104#20105#20106,3#3#3#3#3#3,24#24#24#24#24#24,47#58#69#80,1,,,,,1,24,2,3,3,3,3,3,3,24,24,24,24,24,24,,2,2,2,2,0,2,1
*,318,2,24,30101#30102#30103#30104#30105#30106,3#3#3#3#3#3,24#24#24#24#24#24,91#102#113#124,1,,,,,2,24,2,3,3,3,3,3,3,24,24,24,24,24,24,,2,2,2,2,0,2,1
*,319,0,24,10101#10102#10103#10104#10105#10106,3#3#3#3#3#3,24#24#24#24#24#24,3#14#25#36,1,,,,,0,24,2,3,3,3,3,3,3,24,24,24,24,24,24,,2,2,2,2,0,2,1
*,320,1,24,20101#20102#20103#20104#20105#20106,3#3#3#3#3#3,24#24#24#24#24#24,47#58#69#80,1,,,,,1,24,2,3,3,3,3,3,3,24,24,24,24,24,24,,2,2,2,2,0,2,1
*,321,2,24,30101#30102#30103#30104#30105#30106,3#3#3#3#3#3,24#24#24#24#24#24,91#102#113#124,1,,,,,2,24,2,3,3,3,3,3,3,24,24,24,24,24,24,,2,2,2,2,0,2,1
*,322,0,24,10101#10102#10103#10104#10105#10106,3#3#3#3#3#3,24#24#24#24#24#24,3#14#25#36,1,,,,,0,24,2,3,3,3,3,3,3,24,24,24,24,24,24,,2,2,2,2,0,2,1
*,323,1,23,20101#20102#20103#20104#20105#20106,3#3#3#3#3#3,23#23#23#23#23#23,47#58#69#80,1,,,,,1,23,2,3,3,3,3,3,3,23,23,23,23,23,23,,2,2,2,2,0,2,1
*,324,2,23,30101#30102#30103#30104#30105#30106,3#3#3#3#3#3,23#23#23#23#23#23,91#102#113#124,1,,,,,2,23,2,3,3,3,3,3,3,23,23,23,23,23,23,,2,2,2,2,0,2,1
*,325,0,23,10101#10102#10103#10104#10105#10106,3#3#3#3#3#3,23#23#23#23#23#23,3#14#25#36,1,,,,,0,23,2,3,3,3,3,3,3,23,23,23,23,23,23,,2,2,2,2,0,2,1
*,326,1,23,20101#20102#20103#20104#20105#20106,3#3#3#3#3#3,23#23#23#23#23#23,47#58#69#80,1,,,,,1,23,2,3,3,3,3,3,3,23,23,23,23,23,23,,2,2,2,2,0,2,1
*,327,2,23,30101#30102#30103#30104#30105#30106,3#3#3#3#3#3,23#23#23#23#23#23,91#102#113#124,1,,,,,2,23,2,3,3,3,3,3,3,23,23,23,23,23,23,,2,2,2,2,0,2,1
*,328,0,23,10101#10102#10103#10104#10105#10106,3#3#3#3#3#3,23#23#23#23#23#23,3#14#25#36,1,,,,,0,23,2,3,3,3,3,3,3,23,23,23,23,23,23,,2,2,2,2,0,2,1
*,329,1,23,20101#20102#20103#20104#20105#20106,3#3#3#3#3#3,23#23#23#23#23#23,47#58#69#80,1,,,,,1,23,2,3,3,3,3,3,3,23,23,23,23,23,23,,2,2,2,2,0,2,1
*,330,2,23,30101#30102#30103#30104#30105#30106,3#3#3#3#3#3,23#23#23#23#23#23,91#102#113#124,1,,,,,2,23,2,3,3,3,3,3,3,23,23,23,23,23,23,,2,2,2,2,0,2,1
*,331,0,23,10101#10102#10103#10104#10105#10106,3#3#3#3#3#3,23#23#23#23#23#23,3#14#25#36,1,,,,,0,23,2,3,3,3,3,3,3,23,23,23,23,23,23,,2,2,2,2,0,2,1
*,332,1,23,20101#20102#20103#20104#20105#20106,3#3#3#3#3#3,23#23#23#23#23#23,47#58#69#80,1,,,,,1,23,2,3,3,3,3,3,3,23,23,23,23,23,23,,2,2,2,2,0,2,1
*,333,2,23,30101#30102#30103#30104#30105#30106,3#3#3#3#3#3,23#23#23#23#23#23,91#102#113#124,1,,,,,2,23,2,3,3,3,3,3,3,23,23,23,23,23,23,,2,2,2,2,0,2,1
*,334,0,23,10101#10102#10103#10104#10105#10106,3#3#3#3#3#3,23#23#23#23#23#23,3#14#25#36,1,,,,,0,23,2,3,3,3,3,3,3,23,23,23,23,23,23,,2,2,2,2,0,2,1
*,335,1,23,20101#20102#20103#20104#20105#20106,3#3#3#3#3#3,23#23#23#23#23#23,47#58#69#80,1,,,,,1,23,2,3,3,3,3,3,3,23,23,23,23,23,23,,2,2,2,2,0,2,1
*,336,2,23,30101#30102#30103#30104#30105#30106,3#3#3#3#3#3,23#23#23#23#23#23,91#102#113#124,1,,,,,2,23,2,3,3,3,3,3,3,23,23,23,23,23,23,,2,2,2,2,0,2,1
*,337,0,23,10101#10102#10103#10104#10105#10106,3#3#3#3#3#3,23#23#23#23#23#23,3#14#25#36,1,,,,,0,23,2,3,3,3,3,3,3,23,23,23,23,23,23,,2,2,2,2,0,2,1
*,338,1,23,20101#20102#20103#20104#20105#20106,3#3#3#3#3#3,23#23#23#23#23#23,47#58#69#80,1,,,,,1,23,2,3,3,3,3,3,3,23,23,23,23,23,23,,2,2,2,2,0,2,1
*,339,2,23,30101#30102#30103#30104#30105#30106,3#3#3#3#3#3,23#23#23#23#23#23,91#102#113#124,1,,,,,2,23,2,3,3,3,3,3,3,23,23,23,23,23,23,,2,2,2,2,0,2,1
*,340,0,23,10101#10102#10103#10104#10105#10106,3#3#3#3#3#3,23#23#23#23#23#23,3#14#25#36,1,,,,,0,23,2,3,3,3,3,3,3,23,23,23,23,23,23,,2,2,2,2,0,2,1
*,341,1,23,20101#20102#20103#20104#20105#20106,3#3#3#3#3#3,23#23#23#23#23#23,47#58#69#80,1,,,,,1,23,2,3,3,3,3,3,3,23,23,23,23,23,23,,2,2,2,2,0,2,1
*,342,2,23,30101#30102#30103#30104#30105#30106,3#3#3#3#3#3,23#23#23#23#23#23,91#102#113#124,1,,,,,2,23,2,3,3,3,3,3,3,23,23,23,23,23,23,,2,2,2,2,0,2,1
*,343,0,23,10101#10102#10103#10104#10105#10106,3#3#3#3#3#3,23#23#23#23#23#23,3#14#25#36,1,,,,,0,23,2,3,3,3,3,3,3,23,23,23,23,23,23,,2,2,2,2,0,2,1
*,344,1,23,20101#20102#20103#20104#20105#20106,3#3#3#3#3#3,23#23#23#23#23#23,47#58#69#80,1,,,,,1,23,2,3,3,3,3,3,3,23,23,23,23,23,23,,2,2,2,2,0,2,1
*,345,2,23,30101#30102#30103#30104#30105#30106,3#3#3#3#3#3,23#23#23#23#23#23,91#102#113#124,1,,,,,2,23,2,3,3,3,3,3,3,23,23,23,23,23,23,,2,2,2,2,0,2,1
*,346,0,23,10101#10102#10103#10104#10105#10106,3#3#3#3#3#3,23#23#23#23#23#23,3#14#25#36,1,,,,,0,23,2,3,3,3,3,3,3,23,23,23,23,23,23,,2,2,2,2,0,2,1
*,347,1,23,20101#20102#20103#20104#20105#20106,3#3#3#3#3#3,23#23#23#23#23#23,47#58#69#80,1,,,,,1,23,2,3,3,3,3,3,3,23,23,23,23,23,23,,2,2,2,2,0,2,1
*,348,2,23,30101#30102#30103#30104#30105#30106,3#3#3#3#3#3,23#23#23#23#23#23,90#101#112#123,1,,,,,2,23,2,3,3,3,3,3,3,23,23,23,23,23,23,,1,1,1,1,0,1,1
*,349,0,23,10101#10102#10103#10104#10105#10106,3#3#3#3#3#3,23#23#23#23#23#23,2#13#24#35,1,,,,,0,23,2,3,3,3,3,3,3,23,23,23,23,23,23,,1,1,1,1,0,1,1
*,350,1,23,20101#20102#20103#20104#20105#20106,3#3#3#3#3#3,23#23#23#23#23#23,46#57#68#79,1,,,,,1,23,2,3,3,3,3,3,3,23,23,23,23,23,23,,1,1,1,1,0,1,1
*,351,2,23,30101#30102#30103#30104#30105#30106,3#3#3#3#3#3,23#23#23#23#23#23,90#101#112#123,1,,,,,2,23,2,3,3,3,3,3,3,23,23,23,23,23,23,,1,1,1,1,0,1,1
*,352,0,23,10101#10102#10103#10104#10105#10106,3#3#3#3#3#3,23#23#23#23#23#23,2#13#24#35,1,,,,,0,23,2,3,3,3,3,3,3,23,23,23,23,23,23,,1,1,1,1,0,1,1
*,353,1,23,20101#20102#20103#20104#20105#20106,3#3#3#3#3#3,23#23#23#23#23#23,46#57#68#79,1,,,,,1,23,2,3,3,3,3,3,3,23,23,23,23,23,23,,1,1,1,1,0,1,1
*,354,2,23,30101#30102#30103#30104#30105#30106,3#3#3#3#3#3,23#23#23#23#23#23,90#101#112#123,1,,,,,2,23,2,3,3,3,3,3,3,23,23,23,23,23,23,,1,1,1,1,0,1,1
*,355,0,23,10101#10102#10103#10104#10105#10106,3#3#3#3#3#3,23#23#23#23#23#23,2#13#24#35,1,,,,,0,23,2,3,3,3,3,3,3,23,23,23,23,23,23,,1,1,1,1,0,1,1
*,356,1,23,20101#20102#20103#20104#20105#20106,3#3#3#3#3#3,23#23#23#23#23#23,46#57#68#79,1,,,,,1,23,2,3,3,3,3,3,3,23,23,23,23,23,23,,1,1,1,1,0,1,1
*,357,2,23,30101#30102#30103#30104#30105#30106,3#3#3#3#3#3,23#23#23#23#23#23,90#101#112#123,1,,,,,2,23,2,3,3,3,3,3,3,23,23,23,23,23,23,,1,1,1,1,0,1,1
*,358,0,23,10101#10102#10103#10104#10105#10106,3#3#3#3#3#3,23#23#23#23#23#23,2#13#24#35,1,,,,,0,23,2,3,3,3,3,3,3,23,23,23,23,23,23,,1,1,1,1,0,1,1
*,359,1,23,20101#20102#20103#20104#20105#20106,3#3#3#3#3#3,23#23#23#23#23#23,46#57#68#79,1,,,,,1,23,2,3,3,3,3,3,3,23,23,23,23,23,23,,1,1,1,1,0,1,1
*,360,2,23,30101#30102#30103#30104#30105#30106,3#3#3#3#3#3,23#23#23#23#23#23,90#101#112#123,1,,,,,2,23,2,3,3,3,3,3,3,23,23,23,23,23,23,,1,1,1,1,0,1,1
*,361,0,23,10101#10102#10103#10104#10105#10106,3#3#3#3#3#3,23#23#23#23#23#23,2#13#24#35,1,,,,,0,23,2,3,3,3,3,3,3,23,23,23,23,23,23,,1,1,1,1,0,1,1
*,362,1,23,20101#20102#20103#20104#20105#20106,3#3#3#3#3#3,23#23#23#23#23#23,46#57#68#79,1,,,,,1,23,2,3,3,3,3,3,3,23,23,23,23,23,23,,1,1,1,1,0,1,1
*,363,2,23,30101#30102#30103#30104#30105#30106,3#3#3#3#3#3,23#23#23#23#23#23,90#101#112#123,1,,,,,2,23,2,3,3,3,3,3,3,23,23,23,23,23,23,,1,1,1,1,0,1,1
*,364,0,23,10101#10102#10103#10104#10105#10106,3#3#3#3#3#3,23#23#23#23#23#23,2#13#24#35,1,,,,,0,23,2,3,3,3,3,3,3,23,23,23,23,23,23,,1,1,1,1,0,1,1
*,365,1,23,20101#20102#20103#20104#20105#20106,3#3#3#3#3#3,23#23#23#23#23#23,46#57#68#79,1,,,,,1,23,2,3,3,3,3,3,3,23,23,23,23,23,23,,1,1,1,1,0,1,1
*,366,2,22,30101#30102#30103#30104#30105#30106,3#3#3#3#3#3,22#22#22#22#22#22,90#101#112#123,1,,,,,2,22,2,3,3,3,3,3,3,22,22,22,22,22,22,,1,1,1,1,0,1,1
*,367,0,22,10101#10102#10103#10104#10105#10106,3#3#3#3#3#3,22#22#22#22#22#22,2#13#24#35,1,,,,,0,22,2,3,3,3,3,3,3,22,22,22,22,22,22,,1,1,1,1,0,1,1
*,368,1,22,20101#20102#20103#20104#20105#20106,3#3#3#3#3#3,22#22#22#22#22#22,46#57#68#79,1,,,,,1,22,2,3,3,3,3,3,3,22,22,22,22,22,22,,1,1,1,1,0,1,1
*,369,2,22,30101#30102#30103#30104#30105#30106,3#3#3#3#3#3,22#22#22#22#22#22,90#101#112#123,1,,,,,2,22,2,3,3,3,3,3,3,22,22,22,22,22,22,,1,1,1,1,0,1,1
*,370,0,22,10101#10102#10103#10104#10105#10106,3#3#3#3#3#3,22#22#22#22#22#22,2#13#24#35,1,,,,,0,22,2,3,3,3,3,3,3,22,22,22,22,22,22,,1,1,1,1,0,1,1
*,371,1,22,20101#20102#20103#20104#20105#20106,3#3#3#3#3#3,22#22#22#22#22#22,46#57#68#79,1,,,,,1,22,2,3,3,3,3,3,3,22,22,22,22,22,22,,1,1,1,1,0,1,1
*,372,2,22,30101#30102#30103#30104#30105#30106,3#3#3#3#3#3,22#22#22#22#22#22,90#101#112#123,1,,,,,2,22,2,3,3,3,3,3,3,22,22,22,22,22,22,,1,1,1,1,0,1,1
*,373,0,22,10101#10102#10103#10104#10105#10106,3#3#3#3#3#3,22#22#22#22#22#22,2#13#24#35,1,,,,,0,22,2,3,3,3,3,3,3,22,22,22,22,22,22,,1,1,1,1,0,1,1
*,374,1,22,20101#20102#20103#20104#20105#20106,3#3#3#3#3#3,22#22#22#22#22#22,46#57#68#79,1,,,,,1,22,2,3,3,3,3,3,3,22,22,22,22,22,22,,1,1,1,1,0,1,1
*,375,2,22,30101#30102#30103#30104#30105#30106,3#3#3#3#3#3,22#22#22#22#22#22,90#101#112#123,1,,,,,2,22,2,3,3,3,3,3,3,22,22,22,22,22,22,,1,1,1,1,0,1,1
*,376,0,22,10101#10102#10103#10104#10105#10106,3#3#3#3#3#3,22#22#22#22#22#22,2#13#24#35,1,,,,,0,22,2,3,3,3,3,3,3,22,22,22,22,22,22,,1,1,1,1,0,1,1
*,377,1,22,20101#20102#20103#20104#20105#20106,3#3#3#3#3#3,22#22#22#22#22#22,46#57#68#79,1,,,,,1,22,2,3,3,3,3,3,3,22,22,22,22,22,22,,1,1,1,1,0,1,1
*,378,2,22,30101#30102#30103#30104#30105#30106,3#3#3#3#3#3,22#22#22#22#22#22,90#101#112#123,1,,,,,2,22,2,3,3,3,3,3,3,22,22,22,22,22,22,,1,1,1,1,0,1,1
*,379,0,22,10101#10102#10103#10104#10105#10106,3#3#3#3#3#3,22#22#22#22#22#22,2#13#24#35,1,,,,,0,22,2,3,3,3,3,3,3,22,22,22,22,22,22,,1,1,1,1,0,1,1
*,380,1,22,20101#20102#20103#20104#20105#20106,3#3#3#3#3#3,22#22#22#22#22#22,46#57#68#79,1,,,,,1,22,2,3,3,3,3,3,3,22,22,22,22,22,22,,1,1,1,1,0,1,1
*,381,2,22,30101#30102#30103#30104#30105#30106,3#3#3#3#3#3,22#22#22#22#22#22,90#101#112#123,1,,,,,2,22,2,3,3,3,3,3,3,22,22,22,22,22,22,,1,1,1,1,0,1,1
*,382,0,22,10101#10102#10103#10104#10105#10106,3#3#3#3#3#3,22#22#22#22#22#22,2#13#24#35,1,,,,,0,22,2,3,3,3,3,3,3,22,22,22,22,22,22,,1,1,1,1,0,1,1
*,383,1,22,20101#20102#20103#20104#20105#20106,3#3#3#3#3#3,22#22#22#22#22#22,46#57#68#79,1,,,,,1,22,2,3,3,3,3,3,3,22,22,22,22,22,22,,1,1,1,1,0,1,1
*,384,2,22,30101#30102#30103#30104#30105#30106,3#3#3#3#3#3,22#22#22#22#22#22,90#101#112#123,1,,,,,2,22,2,3,3,3,3,3,3,22,22,22,22,22,22,,1,1,1,1,0,1,1
*,385,0,22,10101#10102#10103#10104#10105#10106,3#3#3#3#3#3,22#22#22#22#22#22,2#13#24#35,1,,,,,0,22,2,3,3,3,3,3,3,22,22,22,22,22,22,,1,1,1,1,0,1,1
*,386,1,22,20101#20102#20103#20104#20105#20106,3#3#3#3#3#3,22#22#22#22#22#22,46#57#68#79,1,,,,,1,22,2,3,3,3,3,3,3,22,22,22,22,22,22,,1,1,1,1,0,1,1
*,387,2,22,30101#30102#30103#30104#30105#30106,3#3#3#3#3#3,22#22#22#22#22#22,90#101#112#123,1,,,,,2,22,2,3,3,3,3,3,3,22,22,22,22,22,22,,1,1,1,1,0,1,1
*,388,0,22,10101#10102#10103#10104#10105#10106,3#3#3#3#3#3,22#22#22#22#22#22,2#13#24#35,1,,,,,0,22,2,3,3,3,3,3,3,22,22,22,22,22,22,,1,1,1,1,0,1,1
*,389,1,22,20101#20102#20103#20104#20105#20106,3#3#3#3#3#3,22#22#22#22#22#22,46#57#68#79,1,,,,,1,22,2,3,3,3,3,3,3,22,22,22,22,22,22,,1,1,1,1,0,1,1
*,390,2,22,30101#30102#30103#30104#30105#30106,3#3#3#3#3#3,22#22#22#22#22#22,90#101#112#123,1,,,,,2,22,2,3,3,3,3,3,3,22,22,22,22,22,22,,1,1,1,1,0,1,1
*,391,0,22,10101#10102#10103#10104#10105#10106,3#3#3#3#3#3,22#22#22#22#22#22,2#13#24#35,1,,,,,0,22,2,3,3,3,3,3,3,22,22,22,22,22,22,,1,1,1,1,0,1,1
*,392,1,22,20101#20102#20103#20104#20105#20106,3#3#3#3#3#3,22#22#22#22#22#22,46#57#68#79,1,,,,,1,22,2,3,3,3,3,3,3,22,22,22,22,22,22,,1,1,1,1,0,1,1
*,393,2,22,30101#30102#30103#30104#30105#30106,3#3#3#3#3#3,22#22#22#22#22#22,90#101#112#123,1,,,,,2,22,2,3,3,3,3,3,3,22,22,22,22,22,22,,1,1,1,1,0,1,1
*,394,0,22,10101#10102#10103#10104#10105#10106,3#3#3#3#3#3,22#22#22#22#22#22,2#13#24#35,1,,,,,0,22,2,3,3,3,3,3,3,22,22,22,22,22,22,,1,1,1,1,0,1,1
*,395,1,22,20101#20102#20103#20104#20105#20106,3#3#3#3#3#3,22#22#22#22#22#22,46#57#68#79,1,,,,,1,22,2,3,3,3,3,3,3,22,22,22,22,22,22,,1,1,1,1,0,1,1
*,396,2,22,30101#30102#30103#30104#30105#30106,3#3#3#3#3#3,22#22#22#22#22#22,90#101#112#123,1,,,,,2,22,2,3,3,3,3,3,3,22,22,22,22,22,22,,1,1,1,1,0,1,1
*,397,0,22,10101#10102#10103#10104#10105#10106,3#3#3#3#3#3,22#22#22#22#22#22,2#13#24#35,1,,,,,0,22,2,3,3,3,3,3,3,22,22,22,22,22,22,,1,1,1,1,0,1,1
*,398,1,22,20101#20102#20103#20104#20105#20106,3#3#3#3#3#3,22#22#22#22#22#22,46#57#68#79,1,,,,,1,22,2,3,3,3,3,3,3,22,22,22,22,22,22,,1,1,1,1,0,1,1
*,399,2,22,30101#30102#30103#30104#30105#30106,3#3#3#3#3#3,22#22#22#22#22#22,90#101#112#123,1,,,,,2,22,2,3,3,3,3,3,3,22,22,22,22,22,22,,1,1,1,1,0,1,1
*,400,0,22,10101#10102#10103#10104#10105#10106,3#3#3#3#3#3,22#22#22#22#22#22,2#13#24#35,1,,,,,0,22,2,3,3,3,3,3,3,22,22,22,22,22,22,,1,1,1,1,0,1,1
*,401,1,22,20101#20102#20103#20104#20105#20106,3#3#3#3#3#3,22#22#22#22#22#22,46#57#68#79,1,,,,,1,22,2,3,3,3,3,3,3,22,22,22,22,22,22,,1,1,1,1,0,1,1
*,402,2,22,30101#30102#30103#30104#30105#30106,3#3#3#3#3#3,22#22#22#22#22#22,90#101#112#123,1,,,,,2,22,2,3,3,3,3,3,3,22,22,22,22,22,22,,1,1,1,1,0,1,1
*,403,0,22,10101#10102#10103#10104#10105#10106,3#3#3#3#3#3,22#22#22#22#22#22,2#13#24#35,1,,,,,0,22,2,3,3,3,3,3,3,22,22,22,22,22,22,,1,1,1,1,0,1,1
*,404,1,22,20101#20102#20103#20104#20105#20106,3#3#3#3#3#3,22#22#22#22#22#22,46#57#68#79,1,,,,,1,22,2,3,3,3,3,3,3,22,22,22,22,22,22,,1,1,1,1,0,1,1
*,405,2,22,30101#30102#30103#30104#30105#30106,3#3#3#3#3#3,22#22#22#22#22#22,90#101#112#123,1,,,,,2,22,2,3,3,3,3,3,3,22,22,22,22,22,22,,1,1,1,1,0,1,1
*,406,0,22,10101#10102#10103#10104#10105#10106,3#3#3#3#3#3,22#22#22#22#22#22,2#13#24#35,1,,,,,0,22,2,3,3,3,3,3,3,22,22,22,22,22,22,,1,1,1,1,0,1,1
*,407,1,22,20101#20102#20103#20104#20105#20106,3#3#3#3#3#3,22#22#22#22#22#22,46#57#68#79,1,,,,,1,22,2,3,3,3,3,3,3,22,22,22,22,22,22,,1,1,1,1,0,1,1
*,408,2,22,30101#30102#30103#30104#30105#30106,3#3#3#3#3#3,22#22#22#22#22#22,90#101#112#123,1,,,,,2,22,2,3,3,3,3,3,3,22,22,22,22,22,22,,1,1,1,1,0,1,1
*,409,0,22,10101#10102#10103#10104#10105#10106,3#3#3#3#3#3,22#22#22#22#22#22,2#13#24#35,1,,,,,0,22,2,3,3,3,3,3,3,22,22,22,22,22,22,,1,1,1,1,0,0,1
*,410,1,22,20101#20102#20103#20104#20105#20106,3#3#3#3#3#3,22#22#22#22#22#22,46#57#68#79,1,,,,,1,22,2,3,3,3,3,3,3,22,22,22,22,22,22,,1,1,1,1,0,0,1
*,411,2,22,30101#30102#30103#30104#30105#30106,3#3#3#3#3#3,22#22#22#22#22#22,90#101#112#123,1,,,,,2,22,2,3,3,3,3,3,3,22,22,22,22,22,22,,1,1,1,1,0,0,1
*,412,0,22,10101#10102#10103#10104#10105#10106,3#3#3#3#3#3,22#22#22#22#22#22,2#13#24#35,1,,,,,0,22,2,3,3,3,3,3,3,22,22,22,22,22,22,,1,1,1,1,0,0,1
*,413,1,22,20101#20102#20103#20104#20105#20106,3#3#3#3#3#3,22#22#22#22#22#22,46#57#68#79,1,,,,,1,22,2,3,3,3,3,3,3,22,22,22,22,22,22,,1,1,1,1,0,0,1
*,414,2,22,30101#30102#30103#30104#30105#30106,3#3#3#3#3#3,22#22#22#22#22#22,90#101#112#123,1,,,,,2,22,2,3,3,3,3,3,3,22,22,22,22,22,22,,1,1,1,1,0,0,1
*,415,0,22,10101#10102#10103#10104#10105#10106,3#3#3#3#3#3,22#22#22#22#22#22,2#13#24#35,1,,,,,0,22,2,3,3,3,3,3,3,22,22,22,22,22,22,,1,1,1,1,0,0,1
*,416,1,22,20101#20102#20103#20104#20105#20106,3#3#3#3#3#3,22#22#22#22#22#22,46#57#68#79,1,,,,,1,22,2,3,3,3,3,3,3,22,22,22,22,22,22,,1,1,1,1,0,0,1
*,417,2,22,30101#30102#30103#30104#30105#30106,3#3#3#3#3#3,22#22#22#22#22#22,90#101#112#123,1,,,,,2,22,2,3,3,3,3,3,3,22,22,22,22,22,22,,1,1,1,1,0,0,1
*,418,0,22,10101#10102#10103#10104#10105#10106,3#3#3#3#3#3,22#22#22#22#22#22,2#13#24#35,1,,,,,0,22,2,3,3,3,3,3,3,22,22,22,22,22,22,,1,1,1,1,0,0,1
*,419,1,22,20101#20102#20103#20104#20105#20106,3#3#3#3#3#3,22#22#22#22#22#22,46#57#68#79,1,,,,,1,22,2,3,3,3,3,3,3,22,22,22,22,22,22,,1,1,1,1,0,0,1
*,420,2,22,30101#30102#30103#30104#30105#30106,3#3#3#3#3#3,22#22#22#22#22#22,90#101#112#123,1,,,,,2,22,2,3,3,3,3,3,3,22,22,22,22,22,22,,1,1,1,1,0,0,1
*,421,0,22,10101#10102#10103#10104#10105#10106,3#3#3#3#3#3,22#22#22#22#22#22,2#13#24#35,1,,,,,0,22,2,3,3,3,3,3,3,22,22,22,22,22,22,,1,1,1,1,0,0,1
*,422,1,22,20101#20102#20103#20104#20105#20106,3#3#3#3#3#3,22#22#22#22#22#22,46#57#68#79,1,,,,,1,22,2,3,3,3,3,3,3,22,22,22,22,22,22,,1,1,1,1,0,0,1
*,423,2,22,30101#30102#30103#30104#30105#30106,3#3#3#3#3#3,22#22#22#22#22#22,90#101#112#123,1,,,,,2,22,2,3,3,3,3,3,3,22,22,22,22,22,22,,1,1,1,1,0,0,1
*,424,0,22,10101#10102#10103#10104#10105#10106,3#3#3#3#3#3,22#22#22#22#22#22,2#13#24#35,1,,,,,0,22,2,3,3,3,3,3,3,22,22,22,22,22,22,,1,1,1,1,0,0,1
*,425,1,22,20101#20102#20103#20104#20105#20106,3#3#3#3#3#3,22#22#22#22#22#22,46#57#68#79,1,,,,,1,22,2,3,3,3,3,3,3,22,22,22,22,22,22,,1,1,1,1,0,0,1
*,426,2,22,30101#30102#30103#30104#30105#30106,3#3#3#3#3#3,22#22#22#22#22#22,90#101#112#123,1,,,,,2,22,2,3,3,3,3,3,3,22,22,22,22,22,22,,1,1,1,1,0,0,1
*,427,0,22,10101#10102#10103#10104#10105#10106,3#3#3#3#3#3,22#22#22#22#22#22,2#13#24#35,1,,,,,0,22,2,3,3,3,3,3,3,22,22,22,22,22,22,,1,1,1,1,0,0,1
*,428,1,22,20101#20102#20103#20104#20105#20106,3#3#3#3#3#3,22#22#22#22#22#22,46#57#68#79,1,,,,,1,22,2,3,3,3,3,3,3,22,22,22,22,22,22,,1,1,1,1,0,0,1
*,429,2,22,30101#30102#30103#30104#30105#30106,3#3#3#3#3#3,22#22#22#22#22#22,90#101#112#123,1,,,,,2,22,2,3,3,3,3,3,3,22,22,22,22,22,22,,1,1,1,1,0,0,1
*,430,0,22,10101#10102#10103#10104#10105#10106,3#3#3#3#3#3,22#22#22#22#22#22,2#13#24#35,1,,,,,0,22,2,3,3,3,3,3,3,22,22,22,22,22,22,,1,1,1,1,0,0,1
*,431,1,22,20101#20102#20103#20104#20105#20106,3#3#3#3#3#3,22#22#22#22#22#22,46#57#68#79,1,,,,,1,22,2,3,3,3,3,3,3,22,22,22,22,22,22,,1,1,1,1,0,0,1
*,432,2,22,30101#30102#30103#30104#30105#30106,3#3#3#3#3#3,22#22#22#22#22#22,90#101#112#123,1,,,,,2,22,2,3,3,3,3,3,3,22,22,22,22,22,22,,1,1,1,1,0,0,1
*,433,0,22,10101#10102#10103#10104#10105#10106,3#3#3#3#3#3,22#22#22#22#22#22,2#13#24#35,1,,,,,0,22,2,3,3,3,3,3,3,22,22,22,22,22,22,,1,1,1,1,0,0,1
*,434,1,22,20101#20102#20103#20104#20105#20106,3#3#3#3#3#3,22#22#22#22#22#22,46#57#68#79,1,,,,,1,22,2,3,3,3,3,3,3,22,22,22,22,22,22,,1,1,1,1,0,0,1
*,435,2,21,30101#30102#30103#30104#30105#30106,3#3#3#3#3#3,21#21#21#21#21#21,90#101#112#123,1,,,,,2,21,2,3,3,3,3,3,3,21,21,21,21,21,21,,1,1,1,1,0,0,1
*,436,0,21,10101#10102#10103#10104#10105#10106,3#3#3#3#3#3,21#21#21#21#21#21,2#13#24#35,1,,,,,0,21,2,3,3,3,3,3,3,21,21,21,21,21,21,,1,1,1,1,0,0,1
*,437,1,21,20101#20102#20103#20104#20105#20106,3#3#3#3#3#3,21#21#21#21#21#21,46#57#68#79,1,,,,,1,21,2,3,3,3,3,3,3,21,21,21,21,21,21,,1,1,1,1,0,0,1
*,438,2,21,30101#30102#30103#30104#30105#30106,3#3#3#3#3#3,21#21#21#21#21#21,90#101#112#123,1,,,,,2,21,2,3,3,3,3,3,3,21,21,21,21,21,21,,1,1,1,1,0,0,1
*,439,0,21,10101#10102#10103#10104#10105#10106,3#3#3#3#3#3,21#21#21#21#21#21,2#13#24#35,1,,,,,0,21,2,3,3,3,3,3,3,21,21,21,21,21,21,,1,1,1,1,0,0,1
*,440,1,21,20101#20102#20103#20104#20105#20106,3#3#3#3#3#3,21#21#21#21#21#21,46#57#68#79,1,,,,,1,21,2,3,3,3,3,3,3,21,21,21,21,21,21,,1,1,1,1,0,0,1
*,441,2,21,30101#30102#30103#30104#30105#30106,3#3#3#3#3#3,21#21#21#21#21#21,90#101#112#123,1,,,,,2,21,2,3,3,3,3,3,3,21,21,21,21,21,21,,1,1,1,1,0,0,1
*,442,0,21,10101#10102#10103#10104#10105#10106,3#3#3#3#3#3,21#21#21#21#21#21,2#13#24#35,1,,,,,0,21,2,3,3,3,3,3,3,21,21,21,21,21,21,,1,1,1,1,0,0,1
*,443,1,21,20101#20102#20103#20104#20105#20106,3#3#3#3#3#3,21#21#21#21#21#21,46#57#68#79,1,,,,,1,21,2,3,3,3,3,3,3,21,21,21,21,21,21,,1,1,1,1,0,0,1
*,444,2,21,30101#30102#30103#30104#30105#30106,3#3#3#3#3#3,21#21#21#21#21#21,90#101#112#123,1,,,,,2,21,2,3,3,3,3,3,3,21,21,21,21,21,21,,1,1,1,1,0,0,1
*,445,0,21,10101#10102#10103#10104#10105#10106,3#3#3#3#3#3,21#21#21#21#21#21,2#13#24#35,1,,,,,0,21,2,3,3,3,3,3,3,21,21,21,21,21,21,,1,1,1,1,0,0,1
*,446,1,21,20101#20102#20103#20104#20105#20106,3#3#3#3#3#3,21#21#21#21#21#21,46#57#68#79,1,,,,,1,21,2,3,3,3,3,3,3,21,21,21,21,21,21,,1,1,1,1,0,0,1
*,447,2,21,30101#30102#30103#30104#30105#30106,3#3#3#3#3#3,21#21#21#21#21#21,90#101#112#123,1,,,,,2,21,2,3,3,3,3,3,3,21,21,21,21,21,21,,1,1,1,1,0,0,1
*,448,0,21,10101#10102#10103#10104#10105#10106,3#3#3#3#3#3,21#21#21#21#21#21,2#13#24#35,1,,,,,0,21,2,3,3,3,3,3,3,21,21,21,21,21,21,,1,1,1,1,0,0,1
*,449,1,21,20101#20102#20103#20104#20105#20106,3#3#3#3#3#3,21#21#21#21#21#21,46#57#68#79,1,,,,,1,21,2,3,3,3,3,3,3,21,21,21,21,21,21,,1,1,1,1,0,0,1
*,450,2,21,30101#30102#30103#30104#30105#30106,3#3#3#3#3#3,21#21#21#21#21#21,90#101#112#123,1,,,,,2,21,2,3,3,3,3,3,3,21,21,21,21,21,21,,1,1,1,1,0,0,1
*,451,0,21,10101#10102#10103#10104#10105#10106,3#3#3#3#3#3,21#21#21#21#21#21,2#13#24#35,1,,,,,0,21,2,3,3,3,3,3,3,21,21,21,21,21,21,,1,1,1,1,0,0,1
*,452,1,21,20101#20102#20103#20104#20105#20106,3#3#3#3#3#3,21#21#21#21#21#21,46#57#68#79,1,,,,,1,21,2,3,3,3,3,3,3,21,21,21,21,21,21,,1,1,1,1,0,0,1
*,453,2,21,30101#30102#30103#30104#30105#30106,3#3#3#3#3#3,21#21#21#21#21#21,90#101#112#123,1,,,,,2,21,2,3,3,3,3,3,3,21,21,21,21,21,21,,1,1,1,1,0,0,1
*,454,0,21,10101#10102#10103#10104#10105#10106,2#2#2#2#2#2,21#21#21#21#21#21,2#13#24#35,1,,,,,0,21,2,2,2,2,2,2,2,21,21,21,21,21,21,,1,1,1,1,0,0,1
*,455,1,21,20101#20102#20103#20104#20105#20106,2#2#2#2#2#2,21#21#21#21#21#21,46#57#68#79,1,,,,,1,21,2,2,2,2,2,2,2,21,21,21,21,21,21,,1,1,1,1,0,0,1
*,456,2,21,30101#30102#30103#30104#30105#30106,2#2#2#2#2#2,21#21#21#21#21#21,90#101#112#123,1,,,,,2,21,2,2,2,2,2,2,2,21,21,21,21,21,21,,1,1,1,1,0,0,1
*,457,0,21,10101#10102#10103#10104#10105#10106,2#2#2#2#2#2,21#21#21#21#21#21,2#13#24#35,1,,,,,0,21,2,2,2,2,2,2,2,21,21,21,21,21,21,,1,1,1,1,0,0,1
*,458,1,21,20101#20102#20103#20104#20105#20106,2#2#2#2#2#2,21#21#21#21#21#21,46#57#68#79,1,,,,,1,21,2,2,2,2,2,2,2,21,21,21,21,21,21,,1,1,1,1,0,0,1
*,459,2,21,30101#30102#30103#30104#30105#30106,2#2#2#2#2#2,21#21#21#21#21#21,90#101#112#123,1,,,,,2,21,2,2,2,2,2,2,2,21,21,21,21,21,21,,1,1,1,1,0,0,1
*,460,0,21,10101#10102#10103#10104#10105#10106,2#2#2#2#2#2,21#21#21#21#21#21,2#13#24#35,1,,,,,0,21,2,2,2,2,2,2,2,21,21,21,21,21,21,,1,1,1,1,0,0,1
*,461,1,21,20101#20102#20103#20104#20105#20106,2#2#2#2#2#2,21#21#21#21#21#21,46#57#68#79,1,,,,,1,21,2,2,2,2,2,2,2,21,21,21,21,21,21,,1,1,1,1,0,0,1
*,462,2,21,30101#30102#30103#30104#30105#30106,2#2#2#2#2#2,21#21#21#21#21#21,90#101#112#123,1,,,,,2,21,2,2,2,2,2,2,2,21,21,21,21,21,21,,1,1,1,1,0,0,1
*,463,0,21,10101#10102#10103#10104#10105#10106,2#2#2#2#2#2,21#21#21#21#21#21,2#13#24#35,1,,,,,0,21,2,2,2,2,2,2,2,21,21,21,21,21,21,,1,1,1,1,0,0,1
*,464,1,21,20101#20102#20103#20104#20105#20106,2#2#2#2#2#2,21#21#21#21#21#21,46#57#68#79,1,,,,,1,21,2,2,2,2,2,2,2,21,21,21,21,21,21,,1,1,1,1,0,0,1
*,465,2,21,30101#30102#30103#30104#30105#30106,2#2#2#2#2#2,21#21#21#21#21#21,90#101#112#123,1,,,,,2,21,2,2,2,2,2,2,2,21,21,21,21,21,21,,1,1,1,1,0,0,1
*,466,0,21,10101#10102#10103#10104#10105#10106,2#2#2#2#2#2,21#21#21#21#21#21,2#13#24#35,1,,,,,0,21,2,2,2,2,2,2,2,21,21,21,21,21,21,,1,1,1,1,0,0,1
*,467,1,21,20101#20102#20103#20104#20105#20106,2#2#2#2#2#2,21#21#21#21#21#21,46#57#68#79,1,,,,,1,21,2,2,2,2,2,2,2,21,21,21,21,21,21,,1,1,1,1,0,0,1
*,468,2,21,30101#30102#30103#30104#30105#30106,2#2#2#2#2#2,21#21#21#21#21#21,90#101#112#123,1,,,,,2,21,2,2,2,2,2,2,2,21,21,21,21,21,21,,1,1,1,1,0,0,1
*,469,0,21,10101#10102#10103#10104#10105#10106,2#2#2#2#2#2,21#21#21#21#21#21,2#13#24#35,1,,,,,0,21,2,2,2,2,2,2,2,21,21,21,21,21,21,,1,1,1,1,0,0,1
*,470,1,21,20101#20102#20103#20104#20105#20106,2#2#2#2#2#2,21#21#21#21#21#21,46#57#68#79,1,,,,,1,21,2,2,2,2,2,2,2,21,21,21,21,21,21,,1,1,1,1,0,0,1
*,471,2,21,30101#30102#30103#30104#30105#30106,2#2#2#2#2#2,21#21#21#21#21#21,90#101#112#123,1,,,,,2,21,2,2,2,2,2,2,2,21,21,21,21,21,21,,1,1,1,1,0,0,1
*,472,0,21,10101#10102#10103#10104#10105#10106,2#2#2#2#2#2,21#21#21#21#21#21,2#13#24#35,1,,,,,0,21,2,2,2,2,2,2,2,21,21,21,21,21,21,,1,1,1,1,0,0,1
*,473,1,21,20101#20102#20103#20104#20105#20106,2#2#2#2#2#2,21#21#21#21#21#21,46#57#68#79,1,,,,,1,21,2,2,2,2,2,2,2,21,21,21,21,21,21,,1,1,1,1,0,0,1
*,474,2,21,30101#30102#30103#30104#30105#30106,2#2#2#2#2#2,21#21#21#21#21#21,90#101#112#123,1,,,,,2,21,2,2,2,2,2,2,2,21,21,21,21,21,21,,1,1,1,1,0,0,1
*,475,0,21,10101#10102#10103#10104#10105#10106,2#2#2#2#2#2,21#21#21#21#21#21,2#13#24#35,1,,,,,0,21,2,2,2,2,2,2,2,21,21,21,21,21,21,,1,1,1,1,0,0,1
*,476,1,21,20101#20102#20103#20104#20105#20106,2#2#2#2#2#2,21#21#21#21#21#21,46#57#68#79,1,,,,,1,21,2,2,2,2,2,2,2,21,21,21,21,21,21,,1,1,1,1,0,0,1
*,477,2,19,30101#30102#30103#30104#30105#30106,2#2#2#2#2#2,19#19#19#19#19#19,90#101#112#123,1,,,,,2,19,2,2,2,2,2,2,2,19,19,19,19,19,19,,1,1,1,1,0,0,1
*,478,0,19,10101#10102#10103#10104#10105#10106,2#2#2#2#2#2,19#19#19#19#19#19,2#13#24#35,1,,,,,0,19,2,2,2,2,2,2,2,19,19,19,19,19,19,,1,1,1,1,0,0,1
*,479,1,19,20101#20102#20103#20104#20105#20106,2#2#2#2#2#2,19#19#19#19#19#19,46#57#68#79,1,,,,,1,19,2,2,2,2,2,2,2,19,19,19,19,19,19,,1,1,1,1,0,0,1
*,480,2,19,30101#30102#30103#30104#30105#30106,2#2#2#2#2#2,19#19#19#19#19#19,90#101#112#123,1,,,,,2,19,2,2,2,2,2,2,2,19,19,19,19,19,19,,1,1,1,1,0,0,1
*,481,0,19,10101#10102#10103#10104#10105#10106,2#2#2#2#2#2,19#19#19#19#19#19,2#13#24#35,1,,,,,0,19,2,2,2,2,2,2,2,19,19,19,19,19,19,,1,1,1,1,0,0,1
*,482,1,19,20101#20102#20103#20104#20105#20106,2#2#2#2#2#2,19#19#19#19#19#19,46#57#68#79,1,,,,,1,19,2,2,2,2,2,2,2,19,19,19,19,19,19,,1,1,1,1,0,0,1
*,483,2,19,30101#30102#30103#30104#30105#30106,2#2#2#2#2#2,19#19#19#19#19#19,90#101#112#123,1,,,,,2,19,2,2,2,2,2,2,2,19,19,19,19,19,19,,1,1,1,1,0,0,1
*,484,0,19,10101#10102#10103#10104#10105#10106,2#2#2#2#2#2,19#19#19#19#19#19,2#13#24#35,1,,,,,0,19,2,2,2,2,2,2,2,19,19,19,19,19,19,,1,1,1,1,0,0,1
*,485,1,19,20101#20102#20103#20104#20105#20106,2#2#2#2#2#2,19#19#19#19#19#19,46#57#68#79,1,,,,,1,19,2,2,2,2,2,2,2,19,19,19,19,19,19,,1,1,1,1,0,0,1
*,486,2,19,30101#30102#30103#30104#30105#30106,2#2#2#2#2#2,19#19#19#19#19#19,90#101#112#123,1,,,,,2,19,2,2,2,2,2,2,2,19,19,19,19,19,19,,1,1,1,1,0,0,1
*,487,0,19,10101#10102#10103#10104#10105#10106,2#2#2#2#2#2,19#19#19#19#19#19,2#13#24#35,1,,,,,0,19,2,2,2,2,2,2,2,19,19,19,19,19,19,,1,1,1,1,0,0,1
*,488,1,19,20101#20102#20103#20104#20105#20106,2#2#2#2#2#2,19#19#19#19#19#19,46#57#68#79,1,,,,,1,19,2,2,2,2,2,2,2,19,19,19,19,19,19,,1,1,1,1,0,0,1
*,489,2,19,30101#30102#30103#30104#30105#30106,2#2#2#2#2#2,19#19#19#19#19#19,90#101#112#123,1,,,,,2,19,2,2,2,2,2,2,2,19,19,19,19,19,19,,1,1,1,1,0,0,1
*,490,0,19,10101#10102#10103#10104#10105#10106,2#2#2#2#2#2,19#19#19#19#19#19,2#13#24#35,1,,,,,0,19,2,2,2,2,2,2,2,19,19,19,19,19,19,,1,1,1,1,0,0,1
*,491,1,19,20101#20102#20103#20104#20105#20106,2#2#2#2#2#2,19#19#19#19#19#19,46#57#68#79,1,,,,,1,19,2,2,2,2,2,2,2,19,19,19,19,19,19,,1,1,1,1,0,0,1
*,492,2,19,30101#30102#30103#30104#30105#30106,2#2#2#2#2#2,19#19#19#19#19#19,90#101#112#123,1,,,,,2,19,2,2,2,2,2,2,2,19,19,19,19,19,19,,1,1,1,1,0,0,1
*,493,0,19,10101#10102#10103#10104#10105#10106,2#2#2#2#2#2,19#19#19#19#19#19,2#13#24#35,1,,,,,0,19,2,2,2,2,2,2,2,19,19,19,19,19,19,,1,1,1,1,0,0,1
*,494,1,19,20101#20102#20103#20104#20105#20106,2#2#2#2#2#2,19#19#19#19#19#19,46#57#68#79,1,,,,,1,19,2,2,2,2,2,2,2,19,19,19,19,19,19,,1,1,1,1,0,0,1
*,495,2,19,30101#30102#30103#30104#30105#30106,2#2#2#2#2#2,19#19#19#19#19#19,90#101#112#123,1,,,,,2,19,2,2,2,2,2,2,2,19,19,19,19,19,19,,1,1,1,1,0,0,1
*,496,0,19,10101#10102#10103#10104#10105#10106,2#2#2#2#2#2,19#19#19#19#19#19,2#13#24#35,1,,,,,0,19,2,2,2,2,2,2,2,19,19,19,19,19,19,,1,1,1,1,0,0,1
*,497,1,19,20101#20102#20103#20104#20105#20106,2#2#2#2#2#2,19#19#19#19#19#19,46#57#68#79,1,,,,,1,19,2,2,2,2,2,2,2,19,19,19,19,19,19,,1,1,1,1,0,0,1
*,498,2,19,30101#30102#30103#30104#30105#30106,2#2#2#2#2#2,19#19#19#19#19#19,90#101#112#123,1,,,,,2,19,2,2,2,2,2,2,2,19,19,19,19,19,19,,1,1,1,1,0,0,1
*,499,0,19,10101#10102#10103#10104#10105#10106,2#2#2#2#2#2,19#19#19#19#19#19,2#13#24#35,1,,,,,0,19,2,2,2,2,2,2,2,19,19,19,19,19,19,,1,1,1,1,0,0,1
*,500,1,19,20001#20002#20003#20004#20005#20006,2#2#2#2#2#2,19#19#19#19#19#19,46#57#68#79,1,,,,,1,19,1,2,2,2,2,2,2,19,19,19,19,19,19,,1,1,1,1,0,0,1
*,501,2,19,30001#30002#30003#30004#30005#30006,2#2#2#2#2#2,19#19#19#19#19#19,90#101#112#123,1,,,,,2,19,1,2,2,2,2,2,2,19,19,19,19,19,19,,1,1,1,1,0,0,1
*,502,0,19,10001#10002#10003#10004#10005#10006,2#2#2#2#2#2,19#19#19#19#19#19,2#13#24#35,1,,,,,0,19,1,2,2,2,2,2,2,19,19,19,19,19,19,,1,1,1,1,0,0,1
*,503,1,19,20001#20002#20003#20004#20005#20006,2#2#2#2#2#2,19#19#19#19#19#19,46#57#68#79,1,,,,,1,19,1,2,2,2,2,2,2,19,19,19,19,19,19,,1,1,1,1,0,0,1
*,504,2,19,30001#30002#30003#30004#30005#30006,2#2#2#2#2#2,19#19#19#19#19#19,90#101#112#123,1,,,,,2,19,1,2,2,2,2,2,2,19,19,19,19,19,19,,1,1,1,1,0,0,1
*,505,0,19,10001#10002#10003#10004#10005#10006,2#2#2#2#2#2,19#19#19#19#19#19,2#13#24#35,1,,,,,0,19,1,2,2,2,2,2,2,19,19,19,19,19,19,,1,1,1,1,0,0,1
*,506,1,19,20001#20002#20003#20004#20005#20006,2#2#2#2#2#2,19#19#19#19#19#19,46#57#68#79,1,,,,,1,19,1,2,2,2,2,2,2,19,19,19,19,19,19,,1,1,1,1,0,0,1
*,507,2,19,30001#30002#30003#30004#30005#30006,2#2#2#2#2#2,19#19#19#19#19#19,90#101#112#123,1,,,,,2,19,1,2,2,2,2,2,2,19,19,19,19,19,19,,1,1,1,1,0,0,1
*,508,0,19,10001#10002#10003#10004#10005#10006,2#2#2#2#2#2,19#19#19#19#19#19,2#13#24#35,1,,,,,0,19,1,2,2,2,2,2,2,19,19,19,19,19,19,,1,1,1,1,0,0,1
*,509,1,19,20001#20002#20003#20004#20005#20006,2#2#2#2#2#2,19#19#19#19#19#19,46#57#68#79,1,,,,,1,19,1,2,2,2,2,2,2,19,19,19,19,19,19,,1,1,1,1,0,0,1
*,510,2,19,30001#30002#30003#30004#30005#30006,2#2#2#2#2#2,19#19#19#19#19#19,90#101#112#123,1,,,,,2,19,1,2,2,2,2,2,2,19,19,19,19,19,19,,1,1,1,1,0,0,1
*,511,0,19,10001#10002#10003#10004#10005#10006,2#2#2#2#2#2,19#19#19#19#19#19,2#13#24#35,1,,,,,0,19,1,2,2,2,2,2,2,19,19,19,19,19,19,,1,1,1,1,0,0,1
*,512,1,19,20001#20002#20003#20004#20005#20006,2#2#2#2#2#2,19#19#19#19#19#19,46#57#68#79,1,,,,,1,19,1,2,2,2,2,2,2,19,19,19,19,19,19,,1,1,1,1,0,0,1
*,513,2,19,30001#30002#30003#30004#30005#30006,2#2#2#2#2#2,19#19#19#19#19#19,90#101#112#123,1,,,,,2,19,1,2,2,2,2,2,2,19,19,19,19,19,19,,1,1,1,1,0,0,1
*,514,0,19,10001#10002#10003#10004#10005#10006,2#2#2#2#2#2,19#19#19#19#19#19,2#13#24#35,1,,,,,0,19,1,2,2,2,2,2,2,19,19,19,19,19,19,,1,1,1,1,0,0,1
*,515,1,19,20001#20002#20003#20004#20005#20006,2#2#2#2#2#2,19#19#19#19#19#19,46#57#68#79,1,,,,,1,19,1,2,2,2,2,2,2,19,19,19,19,19,19,,1,1,1,1,0,0,1
*,516,2,19,30001#30002#30003#30004#30005#30006,2#2#2#2#2#2,19#19#19#19#19#19,90#101#112#123,1,,,,,2,19,1,2,2,2,2,2,2,19,19,19,19,19,19,,1,1,1,1,0,0,1
*,517,0,19,10001#10002#10003#10004#10005#10006,2#2#2#2#2#2,19#19#19#19#19#19,2#13#24#35,1,,,,,0,19,1,2,2,2,2,2,2,19,19,19,19,19,19,,1,1,1,1,0,0,1
*,518,1,19,20001#20002#20003#20004#20005#20006,2#2#2#2#2#2,19#19#19#19#19#19,46#57#68#79,1,,,,,1,19,1,2,2,2,2,2,2,19,19,19,19,19,19,,1,1,1,1,0,0,1
*,519,2,19,30001#30002#30003#30004#30005#30006,2#2#2#2#2#2,19#19#19#19#19#19,90#101#112#123,1,,,,,2,19,1,2,2,2,2,2,2,19,19,19,19,19,19,,1,1,1,1,0,0,1
*,520,0,19,10001#10002#10003#10004#10005#10006,2#2#2#2#2#2,19#19#19#19#19#19,2#13#24#35,1,,,,,0,19,1,2,2,2,2,2,2,19,19,19,19,19,19,,1,1,1,1,0,0,1
*,521,1,19,20001#20002#20003#20004#20005#20006,2#2#2#2#2#2,19#19#19#19#19#19,46#57#68#79,1,,,,,1,19,1,2,2,2,2,2,2,19,19,19,19,19,19,,1,1,1,1,0,0,1
*,522,2,19,30001#30002#30003#30004#30005#30006,2#2#2#2#2#2,19#19#19#19#19#19,90#101#112#123,1,,,,,2,19,1,2,2,2,2,2,2,19,19,19,19,19,19,,1,1,1,1,0,0,1
*,523,0,19,10001#10002#10003#10004#10005#10006,2#2#2#2#2#2,19#19#19#19#19#19,2#13#24#35,1,,,,,0,19,1,2,2,2,2,2,2,19,19,19,19,19,19,,1,1,1,1,0,0,1
*,524,1,19,20001#20002#20003#20004#20005#20006,2#2#2#2#2#2,19#19#19#19#19#19,46#57#68#79,1,,,,,1,19,1,2,2,2,2,2,2,19,19,19,19,19,19,,1,1,1,1,0,0,1
*,525,2,19,30001#30002#30003#30004#30005#30006,2#2#2#2#2#2,19#19#19#19#19#19,90#101#112#123,1,,,,,2,19,1,2,2,2,2,2,2,19,19,19,19,19,19,,1,1,1,1,0,0,1
*,526,0,19,10001#10002#10003#10004#10005#10006,2#2#2#2#2#2,19#19#19#19#19#19,2#13#24#35,1,,,,,0,19,1,2,2,2,2,2,2,19,19,19,19,19,19,,1,1,1,1,0,0,1
*,527,1,19,20001#20002#20003#20004#20005#20006,2#2#2#2#2#2,19#19#19#19#19#19,46#57#68#79,1,,,,,1,19,1,2,2,2,2,2,2,19,19,19,19,19,19,,1,1,1,1,0,0,1
*,528,2,19,30001#30002#30003#30004#30005#30006,2#2#2#2#2#2,19#19#19#19#19#19,90#101#112#123,1,,,,,2,19,1,2,2,2,2,2,2,19,19,19,19,19,19,,1,1,1,1,0,0,1
*,529,0,19,10001#10002#10003#10004#10005#10006,2#2#2#2#2#2,19#19#19#19#19#19,2#13#24#35,1,,,,,0,19,1,2,2,2,2,2,2,19,19,19,19,19,19,,1,1,1,1,0,0,1
*,530,1,19,20001#20002#20003#20004#20005#20006,2#2#2#2#2#2,19#19#19#19#19#19,46#57#68#79,1,,,,,1,19,1,2,2,2,2,2,2,19,19,19,19,19,19,,1,1,1,1,0,0,1
*,531,2,19,30001#30002#30003#30004#30005#30006,2#2#2#2#2#2,19#19#19#19#19#19,90#101#112#123,1,,,,,2,19,1,2,2,2,2,2,2,19,19,19,19,19,19,,1,1,1,1,0,0,1
*,532,0,19,10001#10002#10003#10004#10005#10006,2#2#2#2#2#2,19#19#19#19#19#19,2#13#24#35,1,,,,,0,19,1,2,2,2,2,2,2,19,19,19,19,19,19,,1,1,1,1,0,0,1
*,533,1,19,20001#20002#20003#20004#20005#20006,2#2#2#2#2#2,19#19#19#19#19#19,46#57#68#79,1,,,,,1,19,1,2,2,2,2,2,2,19,19,19,19,19,19,,1,1,1,1,0,0,1
*,534,2,19,30001#30002#30003#30004#30005#30006,2#2#2#2#2#2,19#19#19#19#19#19,90#101#112#123,1,,,,,2,19,1,2,2,2,2,2,2,19,19,19,19,19,19,,1,1,1,1,0,0,1
*,535,0,19,10001#10002#10003#10004#10005#10006,2#2#2#2#2#2,19#19#19#19#19#19,2#13#24#35,1,,,,,0,19,1,2,2,2,2,2,2,19,19,19,19,19,19,,1,1,1,1,0,0,1
*,536,1,19,20001#20002#20003#20004#20005#20006,2#2#2#2#2#2,19#19#19#19#19#19,46#57#68#79,1,,,,,1,19,1,2,2,2,2,2,2,19,19,19,19,19,19,,1,1,1,1,0,0,1
*,537,2,19,30001#30002#30003#30004#30005#30006,2#2#2#2#2#2,19#19#19#19#19#19,90#101#112#123,1,,,,,2,19,1,2,2,2,2,2,2,19,19,19,19,19,19,,1,1,1,1,0,0,1
*,538,0,19,10001#10002#10003#10004#10005#10006,2#2#2#2#2#2,19#19#19#19#19#19,2#13#24#35,1,,,,,0,19,1,2,2,2,2,2,2,19,19,19,19,19,19,,1,1,1,1,0,0,1
*,539,1,19,20001#20002#20003#20004#20005#20006,2#2#2#2#2#2,19#19#19#19#19#19,46#57#68#79,1,,,,,1,19,1,2,2,2,2,2,2,19,19,19,19,19,19,,1,1,1,1,0,0,1
*,540,2,19,30001#30002#30003#30004#30005#30006,2#2#2#2#2#2,19#19#19#19#19#19,90#101#112#123,1,,,,,2,19,1,2,2,2,2,2,2,19,19,19,19,19,19,,1,1,1,1,0,0,1
*,541,0,19,10001#10002#10003#10004#10005#10006,2#2#2#2#2#2,19#19#19#19#19#19,2#13#24#35,1,,,,,0,19,1,2,2,2,2,2,2,19,19,19,19,19,19,,1,1,1,1,0,0,1
*,542,1,19,20001#20002#20003#20004#20005#20006,2#2#2#2#2#2,19#19#19#19#19#19,46#57#68#79,1,,,,,1,19,1,2,2,2,2,2,2,19,19,19,19,19,19,,1,1,1,1,0,0,1
*,543,2,19,30001#30002#30003#30004#30005#30006,2#2#2#2#2#2,19#19#19#19#19#19,90#101#112#123,1,,,,,2,19,1,2,2,2,2,2,2,19,19,19,19,19,19,,1,1,1,1,0,0,1
*,544,0,19,10001#10002#10003#10004#10005#10006,2#2#2#2#2#2,19#19#19#19#19#19,2#13#24#35,1,,,,,0,19,1,2,2,2,2,2,2,19,19,19,19,19,19,,1,1,1,1,0,0,1
*,545,1,19,20001#20002#20003#20004#20005#20006,2#2#2#2#2#2,19#19#19#19#19#19,46#57#68#79,1,,,,,1,19,1,2,2,2,2,2,2,19,19,19,19,19,19,,1,1,1,1,0,0,1
*,546,2,19,30001#30002#30003#30004#30005#30006,2#2#2#2#2#2,19#19#19#19#19#19,90#101#112#123,1,,,,,2,19,1,2,2,2,2,2,2,19,19,19,19,19,19,,1,1,1,1,0,0,1
*,547,0,19,10001#10002#10003#10004#10005#10006,2#2#2#2#2#2,19#19#19#19#19#19,2#13#24#35,1,,,,,0,19,1,2,2,2,2,2,2,19,19,19,19,19,19,,1,1,1,1,0,0,1
*,548,1,19,20001#20002#20003#20004#20005#20006,2#2#2#2#2#2,19#19#19#19#19#19,46#57#68#79,1,,,,,1,19,1,2,2,2,2,2,2,19,19,19,19,19,19,,1,1,1,1,0,0,1
*,549,2,19,30001#30002#30003#30004#30005#30006,2#2#2#2#2#2,19#19#19#19#19#19,90#101#112#123,1,,,,,2,19,1,2,2,2,2,2,2,19,19,19,19,19,19,,1,1,1,1,0,0,1
*,550,0,18,10001#10002#10003#10004#10005#10006,2#2#2#2#2#2,18#18#18#18#18#18,2#13#24#35,1,,,,,0,18,1,2,2,2,2,2,2,18,18,18,18,18,18,,1,1,1,1,0,0,1
*,551,1,18,20001#20002#20003#20004#20005#20006,2#2#2#2#2#2,18#18#18#18#18#18,46#57#68#79,1,,,,,1,18,1,2,2,2,2,2,2,18,18,18,18,18,18,,1,1,1,1,0,0,1
*,552,2,18,30001#30002#30003#30004#30005#30006,2#2#2#2#2#2,18#18#18#18#18#18,90#101#112#123,1,,,,,2,18,1,2,2,2,2,2,2,18,18,18,18,18,18,,1,1,1,1,0,0,1
*,553,0,18,10001#10002#10003#10004#10005#10006,2#2#2#2#2#2,18#18#18#18#18#18,2#13#24#35,1,,,,,0,18,1,2,2,2,2,2,2,18,18,18,18,18,18,,1,1,1,1,0,0,1
*,554,1,18,20001#20002#20003#20004#20005#20006,2#2#2#2#2#2,18#18#18#18#18#18,46#57#68#79,1,,,,,1,18,1,2,2,2,2,2,2,18,18,18,18,18,18,,1,1,1,1,0,0,1
*,555,2,18,30001#30002#30003#30004#30005#30006,2#2#2#2#2#2,18#18#18#18#18#18,90#101#112#123,1,,,,,2,18,1,2,2,2,2,2,2,18,18,18,18,18,18,,1,1,1,1,0,0,1
*,556,0,18,10001#10002#10003#10004#10005#10006,2#2#2#2#2#2,18#18#18#18#18#18,2#13#24#35,1,,,,,0,18,1,2,2,2,2,2,2,18,18,18,18,18,18,,1,1,1,1,0,0,1
*,557,1,18,20001#20002#20003#20004#20005#20006,2#2#2#2#2#2,18#18#18#18#18#18,46#57#68#79,1,,,,,1,18,1,2,2,2,2,2,2,18,18,18,18,18,18,,1,1,1,1,0,0,1
*,558,2,18,30001#30002#30003#30004#30005#30006,2#2#2#2#2#2,18#18#18#18#18#18,90#101#112#123,1,,,,,2,18,1,2,2,2,2,2,2,18,18,18,18,18,18,,1,1,1,1,0,0,1
*,559,0,18,10001#10002#10003#10004#10005#10006,2#2#2#2#2#2,18#18#18#18#18#18,2#13#24#35,1,,,,,0,18,1,2,2,2,2,2,2,18,18,18,18,18,18,,1,1,1,1,0,0,1
*,560,1,18,20001#20002#20003#20004#20005#20006,2#2#2#2#2#2,18#18#18#18#18#18,46#57#68#79,1,,,,,1,18,1,2,2,2,2,2,2,18,18,18,18,18,18,,1,1,1,1,0,0,1
*,561,2,18,30001#30002#30003#30004#30005#30006,2#2#2#2#2#2,18#18#18#18#18#18,90#101#112#123,1,,,,,2,18,1,2,2,2,2,2,2,18,18,18,18,18,18,,1,1,1,1,0,0,1
*,562,0,18,10001#10002#10003#10004#10005#10006,2#2#2#2#2#2,18#18#18#18#18#18,2#13#24#35,1,,,,,0,18,1,2,2,2,2,2,2,18,18,18,18,18,18,,1,1,1,1,0,0,1
*,563,1,18,20001#20002#20003#20004#20005#20006,2#2#2#2#2#2,18#18#18#18#18#18,46#57#68#79,1,,,,,1,18,1,2,2,2,2,2,2,18,18,18,18,18,18,,1,1,1,1,0,0,1
*,564,2,18,30001#30002#30003#30004#30005#30006,2#2#2#2#2#2,18#18#18#18#18#18,90#101#112#123,1,,,,,2,18,1,2,2,2,2,2,2,18,18,18,18,18,18,,1,1,1,1,0,0,1
*,565,0,18,10001#10002#10003#10004#10005#10006,2#2#2#2#2#2,18#18#18#18#18#18,2#13#24#35,1,,,,,0,18,1,2,2,2,2,2,2,18,18,18,18,18,18,,1,1,1,1,0,0,1
*,566,1,18,20001#20002#20003#20004#20005#20006,2#2#2#2#2#2,18#18#18#18#18#18,46#57#68#79,1,,,,,1,18,1,2,2,2,2,2,2,18,18,18,18,18,18,,1,1,1,1,0,0,1
*,567,2,18,30001#30002#30003#30004#30005#30006,2#2#2#2#2#2,18#18#18#18#18#18,90#101#112#123,1,,,,,2,18,1,2,2,2,2,2,2,18,18,18,18,18,18,,1,1,1,1,0,0,1
*,568,0,18,10001#10002#10003#10004#10005#10006,2#2#2#2#2#2,18#18#18#18#18#18,2#13#24#35,1,,,,,0,18,1,2,2,2,2,2,2,18,18,18,18,18,18,,1,1,1,1,0,0,1
*,569,1,18,20001#20002#20003#20004#20005#20006,2#2#2#2#2#2,18#18#18#18#18#18,46#57#68#79,1,,,,,1,18,1,2,2,2,2,2,2,18,18,18,18,18,18,,1,1,1,1,0,0,1
*,570,2,18,30001#30002#30003#30004#30005#30006,2#2#2#2#2#2,18#18#18#18#18#18,90#101#112#123,1,,,,,2,18,1,2,2,2,2,2,2,18,18,18,18,18,18,,1,1,1,1,0,0,1
*,571,0,18,10001#10002#10003#10004#10005#10006,2#2#2#2#2#2,18#18#18#18#18#18,2#13#24#35,1,,,,,0,18,1,2,2,2,2,2,2,18,18,18,18,18,18,,1,1,1,1,0,0,1
*,572,1,18,20001#20002#20003#20004#20005#20006,2#2#2#2#2#2,18#18#18#18#18#18,46#57#68#79,1,,,,,1,18,1,2,2,2,2,2,2,18,18,18,18,18,18,,1,1,1,1,0,0,1
*,573,2,18,30001#30002#30003#30004#30005#30006,2#2#2#2#2#2,18#18#18#18#18#18,90#101#112#123,1,,,,,2,18,1,2,2,2,2,2,2,18,18,18,18,18,18,,1,1,1,1,0,0,1
*,574,0,18,10001#10002#10003#10004#10005#10006,2#2#2#2#2#2,18#18#18#18#18#18,2#13#24#35,1,,,,,0,18,1,2,2,2,2,2,2,18,18,18,18,18,18,,1,1,1,1,0,0,1
*,575,1,18,20001#20002#20003#20004#20005#20006,2#2#2#2#2#2,18#18#18#18#18#18,46#57#68#79,1,,,,,1,18,1,2,2,2,2,2,2,18,18,18,18,18,18,,1,1,1,1,0,0,1
*,576,2,18,30001#30002#30003#30004#30005#30006,2#2#2#2#2#2,18#18#18#18#18#18,90#101#112#123,1,,,,,2,18,1,2,2,2,2,2,2,18,18,18,18,18,18,,1,1,1,1,0,0,1
*,577,0,18,10001#10002#10003#10004#10005#10006,2#2#2#2#2#2,18#18#18#18#18#18,2#13#24#35,1,,,,,0,18,1,2,2,2,2,2,2,18,18,18,18,18,18,,1,1,1,1,0,0,1
*,578,1,18,20001#20002#20003#20004#20005#20006,2#2#2#2#2#2,18#18#18#18#18#18,46#57#68#79,1,,,,,1,18,1,2,2,2,2,2,2,18,18,18,18,18,18,,1,1,1,1,0,0,1
*,579,2,18,30001#30002#30003#30004#30005#30006,2#2#2#2#2#2,18#18#18#18#18#18,90#101#112#123,1,,,,,2,18,1,2,2,2,2,2,2,18,18,18,18,18,18,,1,1,1,1,0,0,1
*,580,0,18,10001#10002#10003#10004#10005#10006,2#2#2#2#2#2,18#18#18#18#18#18,2#13#24#35,1,,,,,0,18,1,2,2,2,2,2,2,18,18,18,18,18,18,,1,1,1,1,0,0,1
*,581,1,18,20001#20002#20003#20004#20005#20006,2#2#2#2#2#2,18#18#18#18#18#18,46#57#68#79,1,,,,,1,18,1,2,2,2,2,2,2,18,18,18,18,18,18,,1,1,1,1,0,0,1
*,582,2,18,30001#30002#30003#30004#30005#30006,2#2#2#2#2#2,18#18#18#18#18#18,90#101#112#123,1,,,,,2,18,1,2,2,2,2,2,2,18,18,18,18,18,18,,1,1,1,1,0,0,1
*,583,0,18,10001#10002#10003#10004#10005#10006,2#2#2#2#2#2,18#18#18#18#18#18,2#13#24#35,1,,,,,0,18,1,2,2,2,2,2,2,18,18,18,18,18,18,,1,1,1,1,0,0,1
*,584,1,18,20001#20002#20003#20004#20005#20006,2#2#2#2#2#2,18#18#18#18#18#18,46#57#68#79,1,,,,,1,18,1,2,2,2,2,2,2,18,18,18,18,18,18,,1,1,1,1,0,0,1
*,585,2,18,30001#30002#30003#30004#30005#30006,2#2#2#2#2#2,18#18#18#18#18#18,90#101#112#123,1,,,,,2,18,1,2,2,2,2,2,2,18,18,18,18,18,18,,1,1,1,1,0,0,1
*,586,0,18,10001#10002#10003#10004#10005#10006,2#2#2#2#2#2,18#18#18#18#18#18,2#13#24#35,1,,,,,0,18,1,2,2,2,2,2,2,18,18,18,18,18,18,,1,1,1,1,0,0,1
*,587,1,18,20001#20002#20003#20004#20005#20006,2#2#2#2#2#2,18#18#18#18#18#18,46#57#68#79,1,,,,,1,18,1,2,2,2,2,2,2,18,18,18,18,18,18,,1,1,1,1,0,0,1
*,588,2,18,30001#30002#30003#30004#30005#30006,2#2#2#2#2#2,18#18#18#18#18#18,90#101#112#123,1,,,,,2,18,1,2,2,2,2,2,2,18,18,18,18,18,18,,1,1,1,1,0,0,1
*,589,0,18,10001#10002#10003#10004#10005#10006,2#2#2#2#2#2,18#18#18#18#18#18,2#13#24#35,1,,,,,0,18,1,2,2,2,2,2,2,18,18,18,18,18,18,,1,1,1,1,0,0,1
*,590,1,18,20001#20002#20003#20004#20005#20006,2#2#2#2#2#2,18#18#18#18#18#18,46#57#68#79,1,,,,,1,18,1,2,2,2,2,2,2,18,18,18,18,18,18,,1,1,1,1,0,0,1
*,591,2,18,30001#30002#30003#30004#30005#30006,2#2#2#2#2#2,18#18#18#18#18#18,90#101#112#123,1,,,,,2,18,1,2,2,2,2,2,2,18,18,18,18,18,18,,1,1,1,1,0,0,1
*,592,0,18,10001#10002#10003#10004#10005#10006,2#2#2#2#2#2,18#18#18#18#18#18,2#13#24#35,1,,,,,0,18,1,2,2,2,2,2,2,18,18,18,18,18,18,,1,1,1,1,0,0,1
*,593,1,18,20001#20002#20003#20004#20005#20006,2#2#2#2#2#2,18#18#18#18#18#18,46#57#68#79,1,,,,,1,18,1,2,2,2,2,2,2,18,18,18,18,18,18,,1,1,1,1,0,0,1
*,594,2,18,30001#30002#30003#30004#30005#30006,2#2#2#2#2#2,18#18#18#18#18#18,90#101#112#123,1,,,,,2,18,1,2,2,2,2,2,2,18,18,18,18,18,18,,1,1,1,1,0,0,1
*,595,0,18,10001#10002#10003#10004#10005#10006,2#2#2#2#2#2,18#18#18#18#18#18,2#13#24#35,1,,,,,0,18,1,2,2,2,2,2,2,18,18,18,18,18,18,,1,1,1,1,0,0,1
*,596,1,18,20001#20002#20003#20004#20005#20006,2#2#2#2#2#2,18#18#18#18#18#18,46#57#68#79,1,,,,,1,18,1,2,2,2,2,2,2,18,18,18,18,18,18,,1,1,1,1,0,0,1
*,597,2,18,30001#30002#30003#30004#30005#30006,2#2#2#2#2#2,18#18#18#18#18#18,90#101#112#123,1,,,,,2,18,1,2,2,2,2,2,2,18,18,18,18,18,18,,1,1,1,1,0,0,1
*,598,0,18,10001#10002#10003#10004#10005#10006,2#2#2#2#2#2,18#18#18#18#18#18,2#13#24#35,1,,,,,0,18,1,2,2,2,2,2,2,18,18,18,18,18,18,,1,1,1,1,0,0,1
*,599,1,18,20001#20002#20003#20004#20005#20006,2#2#2#2#2#2,18#18#18#18#18#18,46#57#68#79,1,,,,,1,18,1,2,2,2,2,2,2,18,18,18,18,18,18,,1,1,1,1,0,0,1
*,600,2,18,30001#30002#30003#30004#30005#30006,2#2#2#2#2#2,18#18#18#18#18#18,90#101#112#123,1,,,,,2,18,1,2,2,2,2,2,2,18,18,18,18,18,18,,1,1,1,1,0,0,1
*,601,0,18,10001#10002#10003#10004#10005#10006,2#2#2#2#2#2,18#18#18#18#18#18,2#13#24#35,1,,,,,0,18,1,2,2,2,2,2,2,18,18,18,18,18,18,,1,1,1,1,0,0,1
*,602,1,18,20001#20002#20003#20004#20005#20006,2#2#2#2#2#2,18#18#18#18#18#18,46#57#68#79,1,,,,,1,18,1,2,2,2,2,2,2,18,18,18,18,18,18,,1,1,1,1,0,0,1
*,603,2,18,30001#30002#30003#30004#30005#30006,2#2#2#2#2#2,18#18#18#18#18#18,90#101#112#123,1,,,,,2,18,1,2,2,2,2,2,2,18,18,18,18,18,18,,1,1,1,1,0,0,1
*,604,0,18,10001#10002#10003#10004#10005#10006,2#2#2#2#2#2,18#18#18#18#18#18,2#13#24#35,1,,,,,0,18,1,2,2,2,2,2,2,18,18,18,18,18,18,,1,1,1,1,0,0,1
*,605,1,18,20001#20002#20003#20004#20005#20006,2#2#2#2#2#2,18#18#18#18#18#18,46#57#68#79,1,,,,,1,18,1,2,2,2,2,2,2,18,18,18,18,18,18,,1,1,1,1,0,0,1
*,606,2,18,30001#30002#30003#30004#30005#30006,2#2#2#2#2#2,18#18#18#18#18#18,90#101#112#123,1,,,,,2,18,1,2,2,2,2,2,2,18,18,18,18,18,18,,1,1,1,1,0,0,1
*,607,0,18,10001#10002#10003#10004#10005#10006,2#2#2#2#2#2,18#18#18#18#18#18,2#13#24#35,1,,,,,0,18,1,2,2,2,2,2,2,18,18,18,18,18,18,,1,1,1,1,0,0,1
*,608,1,18,20001#20002#20003#20004#20005#20006,2#2#2#2#2#2,18#18#18#18#18#18,46#57#68#79,1,,,,,1,18,1,2,2,2,2,2,2,18,18,18,18,18,18,,1,1,1,1,0,0,1
*,609,2,18,30001#30002#30003#30004#30005#30006,2#2#2#2#2#2,18#18#18#18#18#18,90#101#112#123,1,,,,,2,18,1,2,2,2,2,2,2,18,18,18,18,18,18,,1,1,1,1,0,0,1
*,610,0,18,10001#10002#10003#10004#10005#10006,2#2#2#2#2#2,18#18#18#18#18#18,2#13#24#35,1,,,,,0,18,1,2,2,2,2,2,2,18,18,18,18,18,18,,1,1,1,1,0,0,1
*,611,1,18,20001#20002#20003#20004#20005#20006,2#2#2#2#2#2,18#18#18#18#18#18,46#57#68#79,1,,,,,1,18,1,2,2,2,2,2,2,18,18,18,18,18,18,,1,1,1,1,0,0,1
*,612,2,18,30001#30002#30003#30004#30005#30006,2#2#2#2#2#2,18#18#18#18#18#18,90#101#112#123,1,,,,,2,18,1,2,2,2,2,2,2,18,18,18,18,18,18,,1,1,1,1,0,0,1
*,613,0,18,10001#10002#10003#10004#10005#10006,2#2#2#2#2#2,18#18#18#18#18#18,2#13#24#35,1,,,,,0,18,1,2,2,2,2,2,2,18,18,18,18,18,18,,1,1,1,1,0,0,1
*,614,1,18,20001#20002#20003#20004#20005#20006,2#2#2#2#2#2,18#18#18#18#18#18,46#57#68#79,1,,,,,1,18,1,2,2,2,2,2,2,18,18,18,18,18,18,,1,1,1,1,0,0,1
*,615,2,18,30001#30002#30003#30004#30005#30006,2#2#2#2#2#2,18#18#18#18#18#18,90#101#112#123,1,,,,,2,18,1,2,2,2,2,2,2,18,18,18,18,18,18,,1,1,1,1,0,0,1
*,616,0,18,10001#10002#10003#10004#10005#10006,2#2#2#2#2#2,18#18#18#18#18#18,2#13#24#35,1,,,,,0,18,1,2,2,2,2,2,2,18,18,18,18,18,18,,1,1,1,1,0,0,1
*,617,1,18,20001#20002#20003#20004#20005#20006,2#2#2#2#2#2,18#18#18#18#18#18,46#57#68#79,1,,,,,1,18,1,2,2,2,2,2,2,18,18,18,18,18,18,,1,1,1,1,0,0,1
*,618,2,18,30001#30002#30003#30004#30005#30006,2#2#2#2#2#2,18#18#18#18#18#18,90#101#112#123,1,,,,,2,18,1,2,2,2,2,2,2,18,18,18,18,18,18,,1,1,1,1,0,0,1
*,619,0,18,10001#10002#10003#10004#10005#10006,2#2#2#2#2#2,18#18#18#18#18#18,2#13#24#35,1,,,,,0,18,1,2,2,2,2,2,2,18,18,18,18,18,18,,1,1,1,1,0,0,1
*,620,1,18,20001#20002#20003#20004#20005#20006,2#2#2#2#2#2,18#18#18#18#18#18,46#57#68#79,1,,,,,1,18,1,2,2,2,2,2,2,18,18,18,18,18,18,,1,1,1,1,0,0,1
*,621,2,18,30001#30002#30003#30004#30005#30006,2#2#2#2#2#2,18#18#18#18#18#18,90#101#112#123,1,,,,,2,18,1,2,2,2,2,2,2,18,18,18,18,18,18,,1,1,1,1,0,0,1
*,622,0,18,10001#10002#10003#10004#10005#10006,2#2#2#2#2#2,18#18#18#18#18#18,2#13#24#35,1,,,,,0,18,1,2,2,2,2,2,2,18,18,18,18,18,18,,1,1,1,1,0,0,1
*,623,1,18,20001#20002#20003#20004#20005#20006,2#2#2#2#2#2,18#18#18#18#18#18,46#57#68#79,1,,,,,1,18,1,2,2,2,2,2,2,18,18,18,18,18,18,,1,1,1,1,0,0,1
*,624,2,18,30001#30002#30003#30004#30005#30006,2#2#2#2#2#2,18#18#18#18#18#18,90#101#112#123,1,,,,,2,18,1,2,2,2,2,2,2,18,18,18,18,18,18,,1,1,1,1,0,0,1
*,625,0,18,10001#10002#10003#10004#10005#10006,2#2#2#2#2#2,18#18#18#18#18#18,2#13#24#35,1,,,,,0,18,1,2,2,2,2,2,2,18,18,18,18,18,18,,1,1,1,1,0,0,1
*,626,1,18,20001#20002#20003#20004#20005#20006,2#2#2#2#2#2,18#18#18#18#18#18,46#57#68#79,1,,,,,1,18,1,2,2,2,2,2,2,18,18,18,18,18,18,,1,1,1,1,0,0,1
*,627,2,18,30001#30002#30003#30004#30005#30006,2#2#2#2#2#2,18#18#18#18#18#18,90#101#112#123,1,,,,,2,18,1,2,2,2,2,2,2,18,18,18,18,18,18,,1,1,1,1,0,0,1
*,628,0,18,10001#10002#10003#10004#10005#10006,2#2#2#2#2#2,18#18#18#18#18#18,2#13#24#35,1,,,,,0,18,1,2,2,2,2,2,2,18,18,18,18,18,18,,1,1,1,1,0,0,1
*,629,1,18,20001#20002#20003#20004#20005#20006,2#2#2#2#2#2,18#18#18#18#18#18,46#57#68#79,1,,,,,1,18,1,2,2,2,2,2,2,18,18,18,18,18,18,,1,1,1,1,0,0,1
*,630,2,18,30001#30002#30003#30004#30005#30006,2#2#2#2#2#2,18#18#18#18#18#18,90#101#112#123,1,,,,,2,18,1,2,2,2,2,2,2,18,18,18,18,18,18,,1,1,1,1,0,0,1
*,631,0,18,10001#10002#10003#10004#10005#10006,2#2#2#2#2#2,18#18#18#18#18#18,2#13#24#35,1,,,,,0,18,1,2,2,2,2,2,2,18,18,18,18,18,18,,1,1,1,1,0,0,1
*,632,1,18,20001#20002#20003#20004#20005#20006,2#2#2#2#2#2,18#18#18#18#18#18,46#57#68#79,1,,,,,1,18,1,2,2,2,2,2,2,18,18,18,18,18,18,,1,1,1,1,0,0,1
*,633,2,18,30001#30002#30003#30004#30005#30006,2#2#2#2#2#2,18#18#18#18#18#18,90#101#112#123,1,,,,,2,18,1,2,2,2,2,2,2,18,18,18,18,18,18,,1,1,1,1,0,0,1
*,634,0,18,10001#10002#10003#10004#10005#10006,2#2#2#2#2#2,18#18#18#18#18#18,2#13#24#35,1,,,,,0,18,1,2,2,2,2,2,2,18,18,18,18,18,18,,1,1,1,1,0,0,1
*,635,1,17,20001#20002#20003#20004#20005#20006,2#2#2#2#2#2,17#17#17#17#17#17,46#57#68#79,1,,,,,1,17,1,2,2,2,2,2,2,17,17,17,17,17,17,,1,1,1,1,0,0,1
*,636,2,17,30001#30002#30003#30004#30005#30006,2#2#2#2#2#2,17#17#17#17#17#17,90#101#112#123,1,,,,,2,17,1,2,2,2,2,2,2,17,17,17,17,17,17,,1,1,1,1,0,0,1
*,637,0,17,10001#10002#10003#10004#10005#10006,2#2#2#2#2#2,17#17#17#17#17#17,2#13#24#35,1,,,,,0,17,1,2,2,2,2,2,2,17,17,17,17,17,17,,1,1,1,1,0,0,1
*,638,1,17,20001#20002#20003#20004#20005#20006,2#2#2#2#2#2,17#17#17#17#17#17,46#57#68#79,1,,,,,1,17,1,2,2,2,2,2,2,17,17,17,17,17,17,,1,1,1,1,0,0,1
*,639,2,17,30001#30002#30003#30004#30005#30006,2#2#2#2#2#2,17#17#17#17#17#17,90#101#112#123,1,,,,,2,17,1,2,2,2,2,2,2,17,17,17,17,17,17,,1,1,1,1,0,0,1
*,640,0,17,10001#10002#10003#10004#10005#10006,2#2#2#2#2#2,17#17#17#17#17#17,2#13#24#35,1,,,,,0,17,1,2,2,2,2,2,2,17,17,17,17,17,17,,1,1,1,1,0,0,1
*,641,1,17,20001#20002#20003#20004#20005#20006,2#2#2#2#2#2,17#17#17#17#17#17,46#57#68#79,1,,,,,1,17,1,2,2,2,2,2,2,17,17,17,17,17,17,,1,1,1,1,0,0,1
*,642,2,17,30001#30002#30003#30004#30005#30006,2#2#2#2#2#2,17#17#17#17#17#17,90#101#112#123,1,,,,,2,17,1,2,2,2,2,2,2,17,17,17,17,17,17,,1,1,1,1,0,0,1
*,643,0,17,10001#10002#10003#10004#10005#10006,2#2#2#2#2#2,17#17#17#17#17#17,2#13#24#35,1,,,,,0,17,1,2,2,2,2,2,2,17,17,17,17,17,17,,1,1,1,1,0,0,1
*,644,1,17,20001#20002#20003#20004#20005#20006,2#2#2#2#2#2,17#17#17#17#17#17,46#57#68#79,1,,,,,1,17,1,2,2,2,2,2,2,17,17,17,17,17,17,,1,1,1,1,0,0,1
*,645,2,17,30001#30002#30003#30004#30005#30006,2#2#2#2#2#2,17#17#17#17#17#17,90#101#112#123,1,,,,,2,17,1,2,2,2,2,2,2,17,17,17,17,17,17,,1,1,1,1,0,0,1
*,646,0,17,10001#10002#10003#10004#10005#10006,2#2#2#2#2#2,17#17#17#17#17#17,2#13#24#35,1,,,,,0,17,1,2,2,2,2,2,2,17,17,17,17,17,17,,1,1,1,1,0,0,1
*,647,1,17,20001#20002#20003#20004#20005#20006,2#2#2#2#2#2,17#17#17#17#17#17,46#57#68#79,1,,,,,1,17,1,2,2,2,2,2,2,17,17,17,17,17,17,,1,1,1,1,0,0,1
*,648,2,17,30001#30002#30003#30004#30005#30006,2#2#2#2#2#2,17#17#17#17#17#17,90#101#112#123,1,,,,,2,17,1,2,2,2,2,2,2,17,17,17,17,17,17,,1,1,1,1,0,0,1
*,649,0,17,10001#10002#10003#10004#10005#10006,2#2#2#2#2#2,17#17#17#17#17#17,2#13#24#35,1,,,,,0,17,1,2,2,2,2,2,2,17,17,17,17,17,17,,1,1,1,1,0,0,1
*,650,1,17,20001#20002#20003#20004#20005#20006,2#2#2#2#2#2,17#17#17#17#17#17,46#57#68#79,1,,,,,1,17,1,2,2,2,2,2,2,17,17,17,17,17,17,,1,1,1,1,0,0,1
*,651,2,17,30001#30002#30003#30004#30005#30006,2#2#2#2#2#2,17#17#17#17#17#17,90#101#112#123,1,,,,,2,17,1,2,2,2,2,2,2,17,17,17,17,17,17,,1,1,1,1,0,0,1
*,652,0,17,10001#10002#10003#10004#10005#10006,2#2#2#2#2#2,17#17#17#17#17#17,2#13#24#35,1,,,,,0,17,1,2,2,2,2,2,2,17,17,17,17,17,17,,1,1,1,1,0,0,1
*,653,1,17,20001#20002#20003#20004#20005#20006,2#2#2#2#2#2,17#17#17#17#17#17,46#57#68#79,1,,,,,1,17,1,2,2,2,2,2,2,17,17,17,17,17,17,,1,1,1,1,0,0,1
*,654,2,17,30001#30002#30003#30004#30005#30006,2#2#2#2#2#2,17#17#17#17#17#17,90#101#112#123,1,,,,,2,17,1,2,2,2,2,2,2,17,17,17,17,17,17,,1,1,1,1,0,0,1
*,655,0,17,10001#10002#10003#10004#10005#10006,2#2#2#2#2#2,17#17#17#17#17#17,2#13#24#35,1,,,,,0,17,1,2,2,2,2,2,2,17,17,17,17,17,17,,1,1,1,1,0,0,1
*,656,1,17,20001#20002#20003#20004#20005#20006,2#2#2#2#2#2,17#17#17#17#17#17,46#57#68#79,1,,,,,1,17,1,2,2,2,2,2,2,17,17,17,17,17,17,,1,1,1,1,0,0,1
*,657,2,17,30001#30002#30003#30004#30005#30006,2#2#2#2#2#2,17#17#17#17#17#17,90#101#112#123,1,,,,,2,17,1,2,2,2,2,2,2,17,17,17,17,17,17,,1,1,1,1,0,0,1
*,658,0,17,10001#10002#10003#10004#10005#10006,2#2#2#2#2#2,17#17#17#17#17#17,2#13#24#35,1,,,,,0,17,1,2,2,2,2,2,2,17,17,17,17,17,17,,1,1,1,1,0,0,1
*,659,1,17,20001#20002#20003#20004#20005#20006,2#2#2#2#2#2,17#17#17#17#17#17,46#57#68#79,1,,,,,1,17,1,2,2,2,2,2,2,17,17,17,17,17,17,,1,1,1,1,0,0,1
*,660,2,17,30001#30002#30003#30004#30005#30006,2#2#2#2#2#2,17#17#17#17#17#17,90#101#112#123,1,,,,,2,17,1,2,2,2,2,2,2,17,17,17,17,17,17,,1,1,1,1,0,0,1
*,661,0,17,10001#10002#10003#10004#10005#10006,2#2#2#2#2#2,17#17#17#17#17#17,2#13#24#35,1,,,,,0,17,1,2,2,2,2,2,2,17,17,17,17,17,17,,1,1,1,1,0,0,1
*,662,1,17,20001#20002#20003#20004#20005#20006,2#2#2#2#2#2,17#17#17#17#17#17,46#57#68#79,1,,,,,1,17,1,2,2,2,2,2,2,17,17,17,17,17,17,,1,1,1,1,0,0,1
*,663,2,17,30001#30002#30003#30004#30005#30006,2#2#2#2#2#2,17#17#17#17#17#17,90#101#112#123,1,,,,,2,17,1,2,2,2,2,2,2,17,17,17,17,17,17,,1,1,1,1,0,0,1
*,664,0,17,10001#10002#10003#10004#10005#10006,2#2#2#2#2#2,17#17#17#17#17#17,2#13#24#35,1,,,,,0,17,1,2,2,2,2,2,2,17,17,17,17,17,17,,1,1,1,1,0,0,1
*,665,1,17,20001#20002#20003#20004#20005#20006,2#2#2#2#2#2,17#17#17#17#17#17,46#57#68#79,1,,,,,1,17,1,2,2,2,2,2,2,17,17,17,17,17,17,,1,1,1,1,0,0,1
*,666,2,17,30001#30002#30003#30004#30005#30006,2#2#2#2#2#2,17#17#17#17#17#17,90#101#112#123,1,,,,,2,17,1,2,2,2,2,2,2,17,17,17,17,17,17,,1,1,1,1,0,0,1
*,667,0,17,10001#10002#10003#10004#10005#10006,2#2#2#2#2#2,17#17#17#17#17#17,2#13#24#35,1,,,,,0,17,1,2,2,2,2,2,2,17,17,17,17,17,17,,1,1,1,1,0,0,1
*,668,1,17,20001#20002#20003#20004#20005#20006,2#2#2#2#2#2,17#17#17#17#17#17,46#57#68#79,1,,,,,1,17,1,2,2,2,2,2,2,17,17,17,17,17,17,,1,1,1,1,0,0,1
*,669,2,17,30001#30002#30003#30004#30005#30006,2#2#2#2#2#2,17#17#17#17#17#17,90#101#112#123,1,,,,,2,17,1,2,2,2,2,2,2,17,17,17,17,17,17,,1,1,1,1,0,0,1
*,670,0,17,10001#10002#10003#10004#10005#10006,2#2#2#2#2#2,17#17#17#17#17#17,2#13#24#35,1,,,,,0,17,1,2,2,2,2,2,2,17,17,17,17,17,17,,1,1,1,1,0,0,1
*,671,1,17,20001#20002#20003#20004#20005#20006,2#2#2#2#2#2,17#17#17#17#17#17,46#57#68#79,1,,,,,1,17,1,2,2,2,2,2,2,17,17,17,17,17,17,,1,1,1,1,0,0,1
*,672,2,17,30001#30002#30003#30004#30005#30006,2#2#2#2#2#2,17#17#17#17#17#17,90#101#112#123,1,,,,,2,17,1,2,2,2,2,2,2,17,17,17,17,17,17,,1,1,1,1,0,0,1
*,673,0,17,10001#10002#10003#10004#10005#10006,2#2#2#2#2#2,17#17#17#17#17#17,2#13#24#35,1,,,,,0,17,1,2,2,2,2,2,2,17,17,17,17,17,17,,1,1,1,1,0,0,1
*,674,1,17,20001#20002#20003#20004#20005#20006,2#2#2#2#2#2,17#17#17#17#17#17,46#57#68#79,1,,,,,1,17,1,2,2,2,2,2,2,17,17,17,17,17,17,,1,1,1,1,0,0,1
*,675,2,17,30001#30002#30003#30004#30005#30006,2#2#2#2#2#2,17#17#17#17#17#17,90#101#112#123,1,,,,,2,17,1,2,2,2,2,2,2,17,17,17,17,17,17,,1,1,1,1,0,0,1
*,676,0,17,10001#10002#10003#10004#10005#10006,2#2#2#2#2#2,17#17#17#17#17#17,2#13#24#35,1,,,,,0,17,1,2,2,2,2,2,2,17,17,17,17,17,17,,1,1,1,1,0,0,1
*,677,1,17,20001#20002#20003#20004#20005#20006,2#2#2#2#2#2,17#17#17#17#17#17,46#57#68#79,1,,,,,1,17,1,2,2,2,2,2,2,17,17,17,17,17,17,,1,1,1,1,0,0,1
*,678,2,17,30001#30002#30003#30004#30005#30006,2#2#2#2#2#2,17#17#17#17#17#17,90#101#112#123,1,,,,,2,17,1,2,2,2,2,2,2,17,17,17,17,17,17,,1,1,1,1,0,0,1
*,679,0,17,10001#10002#10003#10004#10005#10006,2#2#2#2#2#2,17#17#17#17#17#17,2#13#24#35,1,,,,,0,17,1,2,2,2,2,2,2,17,17,17,17,17,17,,1,1,1,1,0,0,1
*,680,1,17,20001#20002#20003#20004#20005#20006,2#2#2#2#2#2,17#17#17#17#17#17,46#57#68#79,1,,,,,1,17,1,2,2,2,2,2,2,17,17,17,17,17,17,,1,1,1,1,0,0,1
*,681,2,17,30001#30002#30003#30004#30005#30006,2#2#2#2#2#2,17#17#17#17#17#17,90#101#112#123,1,,,,,2,17,1,2,2,2,2,2,2,17,17,17,17,17,17,,1,1,1,1,0,0,1
*,682,0,17,10001#10002#10003#10004#10005#10006,2#2#2#2#2#2,17#17#17#17#17#17,2#13#24#35,1,,,,,0,17,1,2,2,2,2,2,2,17,17,17,17,17,17,,1,1,1,1,0,0,1
*,683,1,17,20001#20002#20003#20004#20005#20006,2#2#2#2#2#2,17#17#17#17#17#17,46#57#68#79,1,,,,,1,17,1,2,2,2,2,2,2,17,17,17,17,17,17,,1,1,1,1,0,0,1
*,684,2,17,30001#30002#30003#30004#30005#30006,2#2#2#2#2#2,17#17#17#17#17#17,90#101#112#123,1,,,,,2,17,1,2,2,2,2,2,2,17,17,17,17,17,17,,1,1,1,1,0,0,1
*,685,0,17,10001#10002#10003#10004#10005#10006,2#2#2#2#2#2,17#17#17#17#17#17,2#13#24#35,1,,,,,0,17,1,2,2,2,2,2,2,17,17,17,17,17,17,,1,1,1,1,0,0,1
*,686,1,17,20001#20002#20003#20004#20005#20006,2#2#2#2#2#2,17#17#17#17#17#17,46#57#68#79,1,,,,,1,17,1,2,2,2,2,2,2,17,17,17,17,17,17,,1,1,1,1,0,0,1
*,687,2,17,30001#30002#30003#30004#30005#30006,2#2#2#2#2#2,17#17#17#17#17#17,90#101#112#123,1,,,,,2,17,1,2,2,2,2,2,2,17,17,17,17,17,17,,1,1,1,1,0,0,1
*,688,0,17,10001#10002#10003#10004#10005#10006,2#2#2#2#2#2,17#17#17#17#17#17,2#13#24#35,1,,,,,0,17,1,2,2,2,2,2,2,17,17,17,17,17,17,,1,1,1,1,0,0,1
*,689,1,17,20001#20002#20003#20004#20005#20006,2#2#2#2#2#2,17#17#17#17#17#17,46#57#68#79,1,,,,,1,17,1,2,2,2,2,2,2,17,17,17,17,17,17,,1,1,1,1,0,0,1
*,690,2,17,30001#30002#30003#30004#30005#30006,2#2#2#2#2#2,17#17#17#17#17#17,90#101#112#123,1,,,,,2,17,1,2,2,2,2,2,2,17,17,17,17,17,17,,1,1,1,1,0,0,1
*,691,0,17,10001#10002#10003#10004#10005#10006,2#2#2#2#2#2,17#17#17#17#17#17,2#13#24#35,1,,,,,0,17,1,2,2,2,2,2,2,17,17,17,17,17,17,,1,1,1,1,0,0,1
*,692,1,17,20001#20002#20003#20004#20005#20006,2#2#2#2#2#2,17#17#17#17#17#17,46#57#68#79,1,,,,,1,17,1,2,2,2,2,2,2,17,17,17,17,17,17,,1,1,1,1,0,0,1
*,693,2,17,30001#30002#30003#30004#30005#30006,2#2#2#2#2#2,17#17#17#17#17#17,90#101#112#123,1,,,,,2,17,1,2,2,2,2,2,2,17,17,17,17,17,17,,1,1,1,1,0,0,1
*,694,0,17,10001#10002#10003#10004#10005#10006,2#2#2#2#2#2,17#17#17#17#17#17,2#13#24#35,1,,,,,0,17,1,2,2,2,2,2,2,17,17,17,17,17,17,,1,1,1,1,0,0,1
*,695,1,17,20001#20002#20003#20004#20005#20006,2#2#2#2#2#2,17#17#17#17#17#17,46#57#68#79,1,,,,,1,17,1,2,2,2,2,2,2,17,17,17,17,17,17,,1,1,1,1,0,0,1
*,696,2,17,30001#30002#30003#30004#30005#30006,2#2#2#2#2#2,17#17#17#17#17#17,90#101#112#123,1,,,,,2,17,1,2,2,2,2,2,2,17,17,17,17,17,17,,1,1,1,1,0,0,1
*,697,0,17,10001#10002#10003#10004#10005#10006,2#2#2#2#2#2,17#17#17#17#17#17,2#13#24#35,1,,,,,0,17,1,2,2,2,2,2,2,17,17,17,17,17,17,,1,1,1,1,0,0,1
*,698,1,17,20001#20002#20003#20004#20005#20006,2#2#2#2#2#2,17#17#17#17#17#17,46#57#68#79,1,,,,,1,17,1,2,2,2,2,2,2,17,17,17,17,17,17,,1,1,1,1,0,0,1
*,699,2,17,30001#30002#30003#30004#30005#30006,2#2#2#2#2#2,17#17#17#17#17#17,90#101#112#123,1,,,,,2,17,1,2,2,2,2,2,2,17,17,17,17,17,17,,1,1,1,1,0,0,1
*,700,0,17,10001#10002#10003#10004#10005#10006,2#2#2#2#2#2,17#17#17#17#17#17,2#13#24#35,1,,,,,0,17,1,2,2,2,2,2,2,17,17,17,17,17,17,,1,1,1,1,0,0,1
*,701,1,17,20001#20002#20003#20004#20005#20006,2#2#2#2#2#2,17#17#17#17#17#17,46#57#68#79,1,,,,,1,17,1,2,2,2,2,2,2,17,17,17,17,17,17,,1,1,1,1,0,0,1
*,702,2,17,30001#30002#30003#30004#30005#30006,2#2#2#2#2#2,17#17#17#17#17#17,90#101#112#123,1,,,,,2,17,1,2,2,2,2,2,2,17,17,17,17,17,17,,1,1,1,1,0,0,1
*,703,0,17,10001#10002#10003#10004#10005#10006,2#2#2#2#2#2,17#17#17#17#17#17,2#13#24#35,1,,,,,0,17,1,2,2,2,2,2,2,17,17,17,17,17,17,,1,1,1,1,0,0,1
*,704,1,17,20001#20002#20003#20004#20005#20006,2#2#2#2#2#2,17#17#17#17#17#17,46#57#68#79,1,,,,,1,17,1,2,2,2,2,2,2,17,17,17,17,17,17,,1,1,1,1,0,0,1
*,705,2,17,30001#30002#30003#30004#30005#30006,2#2#2#2#2#2,17#17#17#17#17#17,90#101#112#123,1,,,,,2,17,1,2,2,2,2,2,2,17,17,17,17,17,17,,1,1,1,1,0,0,1
*,706,0,17,10001#10002#10003#10004#10005#10006,2#2#2#2#2#2,17#17#17#17#17#17,2#13#24#35,1,,,,,0,17,1,2,2,2,2,2,2,17,17,17,17,17,17,,1,1,1,1,0,0,1
*,707,1,17,20001#20002#20003#20004#20005#20006,2#2#2#2#2#2,17#17#17#17#17#17,46#57#68#79,1,,,,,1,17,1,2,2,2,2,2,2,17,17,17,17,17,17,,1,1,1,1,0,0,1
*,708,2,17,30001#30002#30003#30004#30005#30006,2#2#2#2#2#2,17#17#17#17#17#17,90#101#112#123,1,,,,,2,17,1,2,2,2,2,2,2,17,17,17,17,17,17,,1,1,1,1,0,0,1
*,709,0,17,10001#10002#10003#10004#10005#10006,2#2#2#2#2#2,17#17#17#17#17#17,2#13#24#35,1,,,,,0,17,1,2,2,2,2,2,2,17,17,17,17,17,17,,1,1,1,1,0,0,1
*,710,1,16,20001#20002#20003#20004#20005#20006,2#2#2#2#2#2,16#16#16#16#16#16,46#57#68#79,1,,,,,1,16,1,2,2,2,2,2,2,16,16,16,16,16,16,,1,1,1,1,0,0,1
*,711,2,16,30001#30002#30003#30004#30005#30006,2#2#2#2#2#2,16#16#16#16#16#16,90#101#112#123,1,,,,,2,16,1,2,2,2,2,2,2,16,16,16,16,16,16,,1,1,1,1,0,0,1
*,712,0,16,10001#10002#10003#10004#10005#10006,2#2#2#2#2#2,16#16#16#16#16#16,2#13#24#35,1,,,,,0,16,1,2,2,2,2,2,2,16,16,16,16,16,16,,1,1,1,1,0,0,1
*,713,1,16,20001#20002#20003#20004#20005#20006,2#2#2#2#2#2,16#16#16#16#16#16,46#57#68#79,1,,,,,1,16,1,2,2,2,2,2,2,16,16,16,16,16,16,,1,1,1,1,0,0,1
*,714,2,16,30001#30002#30003#30004#30005#30006,2#2#2#2#2#2,16#16#16#16#16#16,90#101#112#123,1,,,,,2,16,1,2,2,2,2,2,2,16,16,16,16,16,16,,1,1,1,1,0,0,1
*,715,0,16,10001#10002#10003#10004#10005#10006,2#2#2#2#2#2,16#16#16#16#16#16,2#13#24#35,1,,,,,0,16,1,2,2,2,2,2,2,16,16,16,16,16,16,,1,1,1,1,0,0,1
*,716,1,16,20001#20002#20003#20004#20005#20006,2#2#2#2#2#2,16#16#16#16#16#16,46#57#68#79,1,,,,,1,16,1,2,2,2,2,2,2,16,16,16,16,16,16,,1,1,1,1,0,0,1
*,717,2,16,30001#30002#30003#30004#30005#30006,2#2#2#2#2#2,16#16#16#16#16#16,90#101#112#123,1,,,,,2,16,1,2,2,2,2,2,2,16,16,16,16,16,16,,1,1,1,1,0,0,1
*,718,0,16,10001#10002#10003#10004#10005#10006,2#2#2#2#2#2,16#16#16#16#16#16,2#13#24#35,1,,,,,0,16,1,2,2,2,2,2,2,16,16,16,16,16,16,,1,1,1,1,0,0,1
*,719,1,16,20001#20002#20003#20004#20005#20006,2#2#2#2#2#2,16#16#16#16#16#16,46#57#68#79,1,,,,,1,16,1,2,2,2,2,2,2,16,16,16,16,16,16,,1,1,1,1,0,0,1
*,720,2,16,30001#30002#30003#30004#30005#30006,2#2#2#2#2#2,16#16#16#16#16#16,90#101#112#123,1,,,,,2,16,1,2,2,2,2,2,2,16,16,16,16,16,16,,1,1,1,1,0,0,1
*,721,0,16,10001#10002#10003#10004#10005#10006,2#2#2#2#2#2,16#16#16#16#16#16,2#13#24#35,1,,,,,0,16,1,2,2,2,2,2,2,16,16,16,16,16,16,,1,1,1,1,0,0,1
*,722,1,16,20001#20002#20003#20004#20005#20006,2#2#2#2#2#2,16#16#16#16#16#16,46#57#68#79,1,,,,,1,16,1,2,2,2,2,2,2,16,16,16,16,16,16,,1,1,1,1,0,0,1
*,723,2,16,30001#30002#30003#30004#30005#30006,2#2#2#2#2#2,16#16#16#16#16#16,90#101#112#123,1,,,,,2,16,1,2,2,2,2,2,2,16,16,16,16,16,16,,1,1,1,1,0,0,1
*,724,0,16,10001#10002#10003#10004#10005#10006,2#2#2#2#2#2,16#16#16#16#16#16,2#13#24#35,1,,,,,0,16,1,2,2,2,2,2,2,16,16,16,16,16,16,,1,1,1,1,0,0,1
*,725,1,16,20001#20002#20003#20004#20005#20006,2#2#2#2#2#2,16#16#16#16#16#16,46#57#68#79,1,,,,,1,16,1,2,2,2,2,2,2,16,16,16,16,16,16,,1,1,1,1,0,0,1
*,726,2,16,30001#30002#30003#30004#30005#30006,2#2#2#2#2#2,16#16#16#16#16#16,90#101#112#123,1,,,,,2,16,1,2,2,2,2,2,2,16,16,16,16,16,16,,1,1,1,1,0,0,1
*,727,0,16,10001#10002#10003#10004#10005#10006,2#2#2#2#2#2,16#16#16#16#16#16,2#13#24#35,1,,,,,0,16,1,2,2,2,2,2,2,16,16,16,16,16,16,,1,1,1,1,0,0,1
*,728,1,16,20001#20002#20003#20004#20005#20006,2#2#2#2#2#2,16#16#16#16#16#16,46#57#68#79,1,,,,,1,16,1,2,2,2,2,2,2,16,16,16,16,16,16,,1,1,1,1,0,0,1
*,729,2,16,30001#30002#30003#30004#30005#30006,2#2#2#2#2#2,16#16#16#16#16#16,90#101#112#123,1,,,,,2,16,1,2,2,2,2,2,2,16,16,16,16,16,16,,1,1,1,1,0,0,1
*,730,0,16,10001#10002#10003#10004#10005#10006,2#2#2#2#2#2,16#16#16#16#16#16,2#13#24#35,1,,,,,0,16,1,2,2,2,2,2,2,16,16,16,16,16,16,,1,1,1,1,0,0,1
*,731,1,16,20001#20002#20003#20004#20005#20006,2#2#2#2#2#2,16#16#16#16#16#16,46#57#68#79,1,,,,,1,16,1,2,2,2,2,2,2,16,16,16,16,16,16,,1,1,1,1,0,0,1
*,732,2,16,30001#30002#30003#30004#30005#30006,2#2#2#2#2#2,16#16#16#16#16#16,90#101#112#123,1,,,,,2,16,1,2,2,2,2,2,2,16,16,16,16,16,16,,1,1,1,1,0,0,1
*,733,0,16,10001#10002#10003#10004#10005#10006,2#2#2#2#2#2,16#16#16#16#16#16,2#13#24#35,1,,,,,0,16,1,2,2,2,2,2,2,16,16,16,16,16,16,,1,1,1,1,0,0,1
*,734,1,16,20001#20002#20003#20004#20005#20006,2#2#2#2#2#2,16#16#16#16#16#16,46#57#68#79,1,,,,,1,16,1,2,2,2,2,2,2,16,16,16,16,16,16,,1,1,1,1,0,0,1
*,735,2,16,30001#30002#30003#30004#30005#30006,2#2#2#2#2#2,16#16#16#16#16#16,90#101#112#123,1,,,,,2,16,1,2,2,2,2,2,2,16,16,16,16,16,16,,1,1,1,1,0,0,1
*,736,0,16,10001#10002#10003#10004#10005#10006,2#2#2#2#2#2,16#16#16#16#16#16,2#13#24#35,1,,,,,0,16,1,2,2,2,2,2,2,16,16,16,16,16,16,,1,1,1,1,0,0,1
*,737,1,16,20001#20002#20003#20004#20005#20006,2#2#2#2#2#2,16#16#16#16#16#16,46#57#68#79,1,,,,,1,16,1,2,2,2,2,2,2,16,16,16,16,16,16,,1,1,1,1,0,0,1
*,738,2,16,30001#30002#30003#30004#30005#30006,2#2#2#2#2#2,16#16#16#16#16#16,90#101#112#123,1,,,,,2,16,1,2,2,2,2,2,2,16,16,16,16,16,16,,1,1,1,1,0,0,1
*,739,0,16,10001#10002#10003#10004#10005#10006,2#2#2#2#2#2,16#16#16#16#16#16,2#13#24#35,1,,,,,0,16,1,2,2,2,2,2,2,16,16,16,16,16,16,,1,1,1,1,0,0,1
*,740,1,16,20001#20002#20003#20004#20005#20006,2#2#2#2#2#2,16#16#16#16#16#16,46#57#68#79,1,,,,,1,16,1,2,2,2,2,2,2,16,16,16,16,16,16,,1,1,1,1,0,0,1
*,741,2,16,30001#30002#30003#30004#30005#30006,2#2#2#2#2#2,16#16#16#16#16#16,90#101#112#123,1,,,,,2,16,1,2,2,2,2,2,2,16,16,16,16,16,16,,1,1,1,1,0,0,1
*,742,0,16,10001#10002#10003#10004#10005#10006,2#2#2#2#2#2,16#16#16#16#16#16,2#13#24#35,1,,,,,0,16,1,2,2,2,2,2,2,16,16,16,16,16,16,,1,1,1,1,0,0,1
*,743,1,16,20001#20002#20003#20004#20005#20006,2#2#2#2#2#2,16#16#16#16#16#16,46#57#68#79,1,,,,,1,16,1,2,2,2,2,2,2,16,16,16,16,16,16,,1,1,1,1,0,0,1
*,744,2,16,30001#30002#30003#30004#30005#30006,2#2#2#2#2#2,16#16#16#16#16#16,90#101#112#123,1,,,,,2,16,1,2,2,2,2,2,2,16,16,16,16,16,16,,1,1,1,1,0,0,1
*,745,0,16,10001#10002#10003#10004#10005#10006,2#2#2#2#2#2,16#16#16#16#16#16,2#13#24#35,1,,,,,0,16,1,2,2,2,2,2,2,16,16,16,16,16,16,,1,1,1,1,0,0,1
*,746,1,16,20001#20002#20003#20004#20005#20006,2#2#2#2#2#2,16#16#16#16#16#16,46#57#68#79,1,,,,,1,16,1,2,2,2,2,2,2,16,16,16,16,16,16,,1,1,1,1,0,0,1
*,747,2,16,30001#30002#30003#30004#30005#30006,2#2#2#2#2#2,16#16#16#16#16#16,90#101#112#123,1,,,,,2,16,1,2,2,2,2,2,2,16,16,16,16,16,16,,1,1,1,1,0,0,1
*,748,0,16,10001#10002#10003#10004#10005#10006,2#2#2#2#2#2,16#16#16#16#16#16,2#13#24#35,1,,,,,0,16,1,2,2,2,2,2,2,16,16,16,16,16,16,,1,1,1,1,0,0,1
*,749,1,16,20001#20002#20003#20004#20005#20006,2#2#2#2#2#2,16#16#16#16#16#16,46#57#68#79,1,,,,,1,16,1,2,2,2,2,2,2,16,16,16,16,16,16,,1,1,1,1,0,0,1
*,750,2,16,30001#30002#30003#30004#30005#30006,2#2#2#2#2#2,16#16#16#16#16#16,90#101#112#123,1,,,,,2,16,1,2,2,2,2,2,2,16,16,16,16,16,16,,1,1,1,1,0,0,1
*,751,0,16,10001#10002#10003#10004#10005#10006,2#2#2#2#2#2,16#16#16#16#16#16,2#13#24#35,1,,,,,0,16,1,2,2,2,2,2,2,16,16,16,16,16,16,,1,1,1,1,0,0,1
*,752,1,16,20001#20002#20003#20004#20005#20006,2#2#2#2#2#2,16#16#16#16#16#16,46#57#68#79,1,,,,,1,16,1,2,2,2,2,2,2,16,16,16,16,16,16,,1,1,1,1,0,0,1
*,753,2,16,30001#30002#30003#30004#30005#30006,2#2#2#2#2#2,16#16#16#16#16#16,90#101#112#123,1,,,,,2,16,1,2,2,2,2,2,2,16,16,16,16,16,16,,1,1,1,1,0,0,1
*,754,0,16,10001#10002#10003#10004#10005#10006,2#2#2#2#2#2,16#16#16#16#16#16,2#13#24#35,1,,,,,0,16,1,2,2,2,2,2,2,16,16,16,16,16,16,,1,1,1,1,0,0,1
*,755,1,16,20001#20002#20003#20004#20005#20006,2#2#2#2#2#2,16#16#16#16#16#16,46#57#68#79,1,,,,,1,16,1,2,2,2,2,2,2,16,16,16,16,16,16,,1,1,1,1,0,0,1
*,756,2,16,30001#30002#30003#30004#30005#30006,2#2#2#2#2#2,16#16#16#16#16#16,90#101#112#123,1,,,,,2,16,1,2,2,2,2,2,2,16,16,16,16,16,16,,1,1,1,1,0,0,1
*,757,0,16,10001#10002#10003#10004#10005#10006,2#2#2#2#2#2,16#16#16#16#16#16,2#13#24#35,1,,,,,0,16,1,2,2,2,2,2,2,16,16,16,16,16,16,,1,1,1,1,0,0,1
*,758,1,16,20001#20002#20003#20004#20005#20006,2#2#2#2#2#2,16#16#16#16#16#16,46#57#68#79,1,,,,,1,16,1,2,2,2,2,2,2,16,16,16,16,16,16,,1,1,1,1,0,0,1
*,759,2,16,30001#30002#30003#30004#30005#30006,2#2#2#2#2#2,16#16#16#16#16#16,90#101#112#123,1,,,,,2,16,1,2,2,2,2,2,2,16,16,16,16,16,16,,1,1,1,1,0,0,1
*,760,0,16,10001#10002#10003#10004#10005#10006,2#2#2#2#2#2,16#16#16#16#16#16,2#13#24#35,1,,,,,0,16,1,2,2,2,2,2,2,16,16,16,16,16,16,,1,1,1,1,0,0,1
*,761,1,16,20001#20002#20003#20004#20005#20006,2#2#2#2#2#2,16#16#16#16#16#16,46#57#68#79,1,,,,,1,16,1,2,2,2,2,2,2,16,16,16,16,16,16,,1,1,1,1,0,0,1
*,762,2,16,30001#30002#30003#30004#30005#30006,2#2#2#2#2#2,16#16#16#16#16#16,90#101#112#123,1,,,,,2,16,1,2,2,2,2,2,2,16,16,16,16,16,16,,1,1,1,1,0,0,1
*,763,0,16,10001#10002#10003#10004#10005#10006,2#2#2#2#2#2,16#16#16#16#16#16,2#13#24#35,1,,,,,0,16,1,2,2,2,2,2,2,16,16,16,16,16,16,,1,1,1,1,0,0,1
*,764,1,16,20001#20002#20003#20004#20005#20006,2#2#2#2#2#2,16#16#16#16#16#16,46#57#68#79,1,,,,,1,16,1,2,2,2,2,2,2,16,16,16,16,16,16,,1,1,1,1,0,0,1
*,765,2,16,30001#30002#30003#30004#30005#30006,2#2#2#2#2#2,16#16#16#16#16#16,90#101#112#123,1,,,,,2,16,1,2,2,2,2,2,2,16,16,16,16,16,16,,1,1,1,1,0,0,1
*,766,0,16,10001#10002#10003#10004#10005#10006,2#2#2#2#2#2,16#16#16#16#16#16,2#13#24#35,1,,,,,0,16,1,2,2,2,2,2,2,16,16,16,16,16,16,,1,1,1,1,0,0,1
*,767,1,16,20001#20002#20003#20004#20005#20006,2#2#2#2#2#2,16#16#16#16#16#16,46#57#68#79,1,,,,,1,16,1,2,2,2,2,2,2,16,16,16,16,16,16,,1,1,1,1,0,0,1
*,768,2,16,30001#30002#30003#30004#30005#30006,2#2#2#2#2#2,16#16#16#16#16#16,90#101#112#123,1,,,,,2,16,1,2,2,2,2,2,2,16,16,16,16,16,16,,1,1,1,1,0,0,1
*,769,0,16,10001#10002#10003#10004#10005#10006,2#2#2#2#2#2,16#16#16#16#16#16,2#13#24#35,1,,,,,0,16,1,2,2,2,2,2,2,16,16,16,16,16,16,,1,1,1,1,0,0,1
*,770,1,16,20001#20002#20003#20004#20005#20006,2#2#2#2#2#2,16#16#16#16#16#16,46#57#68#79,1,,,,,1,16,1,2,2,2,2,2,2,16,16,16,16,16,16,,1,1,1,1,0,0,1
*,771,2,16,30001#30002#30003#30004#30005#30006,2#2#2#2#2#2,16#16#16#16#16#16,90#101#112#123,1,,,,,2,16,1,2,2,2,2,2,2,16,16,16,16,16,16,,1,1,1,1,0,0,1
*,772,0,15,10001#10002#10003#10004#10005#10006,2#2#2#2#2#2,15#15#15#15#15#15,1#12#23#34,1,,,,,0,15,1,2,2,2,2,2,2,15,15,15,15,15,15,,0,0,0,0,0,0,1
*,773,1,15,20001#20002#20003#20004#20005#20006,2#2#2#2#2#2,15#15#15#15#15#15,45#56#67#78,1,,,,,1,15,1,2,2,2,2,2,2,15,15,15,15,15,15,,0,0,0,0,0,0,1
*,774,2,15,30001#30002#30003#30004#30005#30006,2#2#2#2#2#2,15#15#15#15#15#15,89#100#111#122,1,,,,,2,15,1,2,2,2,2,2,2,15,15,15,15,15,15,,0,0,0,0,0,0,1
*,775,0,15,10001#10002#10003#10004#10005#10006,2#2#2#2#2#2,15#15#15#15#15#15,1#12#23#34,1,,,,,0,15,1,2,2,2,2,2,2,15,15,15,15,15,15,,0,0,0,0,0,0,1
*,776,1,15,20001#20002#20003#20004#20005#20006,2#2#2#2#2#2,15#15#15#15#15#15,45#56#67#78,1,,,,,1,15,1,2,2,2,2,2,2,15,15,15,15,15,15,,0,0,0,0,0,0,1
*,777,2,15,30001#30002#30003#30004#30005#30006,2#2#2#2#2#2,15#15#15#15#15#15,89#100#111#122,1,,,,,2,15,1,2,2,2,2,2,2,15,15,15,15,15,15,,0,0,0,0,0,0,1
*,778,0,15,10001#10002#10003#10004#10005#10006,2#2#2#2#2#2,15#15#15#15#15#15,1#12#23#34,1,,,,,0,15,1,2,2,2,2,2,2,15,15,15,15,15,15,,0,0,0,0,0,0,1
*,779,1,15,20001#20002#20003#20004#20005#20006,2#2#2#2#2#2,15#15#15#15#15#15,45#56#67#78,1,,,,,1,15,1,2,2,2,2,2,2,15,15,15,15,15,15,,0,0,0,0,0,0,1
*,780,2,15,30001#30002#30003#30004#30005#30006,2#2#2#2#2#2,15#15#15#15#15#15,89#100#111#122,1,,,,,2,15,1,2,2,2,2,2,2,15,15,15,15,15,15,,0,0,0,0,0,0,1
*,781,0,15,10001#10002#10003#10004#10005#10006,2#2#2#2#2#2,15#15#15#15#15#15,1#12#23#34,1,,,,,0,15,1,2,2,2,2,2,2,15,15,15,15,15,15,,0,0,0,0,0,0,1
*,782,1,15,20001#20002#20003#20004#20005#20006,2#2#2#2#2#2,15#15#15#15#15#15,45#56#67#78,1,,,,,1,15,1,2,2,2,2,2,2,15,15,15,15,15,15,,0,0,0,0,0,0,1
*,783,2,15,30001#30002#30003#30004#30005#30006,2#2#2#2#2#2,15#15#15#15#15#15,89#100#111#122,1,,,,,2,15,1,2,2,2,2,2,2,15,15,15,15,15,15,,0,0,0,0,0,0,1
*,784,0,14,10001#10002#10003#10004#10005#10006,2#2#2#2#2#2,14#14#14#14#14#14,1#12#23#34,1,,,,,0,14,1,2,2,2,2,2,2,14,14,14,14,14,14,,0,0,0,0,0,0,1
*,785,1,14,20001#20002#20003#20004#20005#20006,2#2#2#2#2#2,14#14#14#14#14#14,45#56#67#78,1,,,,,1,14,1,2,2,2,2,2,2,14,14,14,14,14,14,,0,0,0,0,0,0,1
*,786,2,14,30001#30002#30003#30004#30005#30006,2#2#2#2#2#2,14#14#14#14#14#14,89#100#111#122,1,,,,,2,14,1,2,2,2,2,2,2,14,14,14,14,14,14,,0,0,0,0,0,0,1
*,787,0,14,10001#10002#10003#10004#10005#10006,2#2#2#2#2#2,14#14#14#14#14#14,1#12#23#34,1,,,,,0,14,1,2,2,2,2,2,2,14,14,14,14,14,14,,0,0,0,0,0,0,1
*,788,1,14,20001#20002#20003#20004#20005#20006,2#2#2#2#2#2,14#14#14#14#14#14,45#56#67#78,1,,,,,1,14,1,2,2,2,2,2,2,14,14,14,14,14,14,,0,0,0,0,0,0,1
*,789,2,14,30001#30002#30003#30004#30005#30006,2#2#2#2#2#2,14#14#14#14#14#14,89#100#111#122,1,,,,,2,14,1,2,2,2,2,2,2,14,14,14,14,14,14,,0,0,0,0,0,0,1
*,790,0,14,10001#10002#10003#10004#10005#10006,2#2#2#2#2#2,14#14#14#14#14#14,1#12#23#34,1,,,,,0,14,1,2,2,2,2,2,2,14,14,14,14,14,14,,0,0,0,0,0,0,1
*,791,1,14,20001#20002#20003#20004#20005#20006,2#2#2#2#2#2,14#14#14#14#14#14,45#56#67#78,1,,,,,1,14,1,2,2,2,2,2,2,14,14,14,14,14,14,,0,0,0,0,0,0,1
*,792,2,14,30001#30002#30003#30004#30005#30006,2#2#2#2#2#2,14#14#14#14#14#14,89#100#111#122,1,,,,,2,14,1,2,2,2,2,2,2,14,14,14,14,14,14,,0,0,0,0,0,0,1
*,793,0,14,10001#10002#10003#10004#10005#10006,2#2#2#2#2#2,14#14#14#14#14#14,1#12#23#34,1,,,,,0,14,1,2,2,2,2,2,2,14,14,14,14,14,14,,0,0,0,0,0,0,1
*,794,1,14,20001#20002#20003#20004#20005#20006,2#2#2#2#2#2,14#14#14#14#14#14,45#56#67#78,1,,,,,1,14,1,2,2,2,2,2,2,14,14,14,14,14,14,,0,0,0,0,0,0,1
*,795,2,14,30001#30002#30003#30004#30005#30006,2#2#2#2#2#2,14#14#14#14#14#14,89#100#111#122,1,,,,,2,14,1,2,2,2,2,2,2,14,14,14,14,14,14,,0,0,0,0,0,0,1
*,796,0,14,10001#10002#10003#10004#10005#10006,2#2#2#2#2#2,14#14#14#14#14#14,1#12#23#34,1,,,,,0,14,1,2,2,2,2,2,2,14,14,14,14,14,14,,0,0,0,0,0,0,1
*,797,1,14,20001#20002#20003#20004#20005#20006,2#2#2#2#2#2,14#14#14#14#14#14,45#56#67#78,1,,,,,1,14,1,2,2,2,2,2,2,14,14,14,14,14,14,,0,0,0,0,0,0,1
*,798,2,14,30001#30002#30003#30004#30005#30006,2#2#2#2#2#2,14#14#14#14#14#14,89#100#111#122,1,,,,,2,14,1,2,2,2,2,2,2,14,14,14,14,14,14,,0,0,0,0,0,0,1
*,799,0,14,10001#10002#10003#10004#10005#10006,2#2#2#2#2#2,14#14#14#14#14#14,1#12#23#34,1,,,,,0,14,1,2,2,2,2,2,2,14,14,14,14,14,14,,0,0,0,0,0,0,1
*,800,1,14,20001#20002#20003#20004#20005#20006,2#2#2#2#2#2,14#14#14#14#14#14,45#56#67#78,1,,,,,1,14,1,2,2,2,2,2,2,14,14,14,14,14,14,,0,0,0,0,0,0,1
*,801,2,14,30001#30002#30003#30004#30005#30006,2#2#2#2#2#2,14#14#14#14#14#14,89#100#111#122,1,,,,,2,14,1,2,2,2,2,2,2,14,14,14,14,14,14,,0,0,0,0,0,0,1
*,802,0,14,10001#10002#10003#10004#10005#10006,2#2#2#2#2#2,14#14#14#14#14#14,1#12#23#34,1,,,,,0,14,1,2,2,2,2,2,2,14,14,14,14,14,14,,0,0,0,0,0,0,1
*,803,1,14,20001#20002#20003#20004#20005#20006,2#2#2#2#2#2,14#14#14#14#14#14,45#56#67#78,1,,,,,1,14,1,2,2,2,2,2,2,14,14,14,14,14,14,,0,0,0,0,0,0,1
*,804,2,14,30001#30002#30003#30004#30005#30006,2#2#2#2#2#2,14#14#14#14#14#14,89#100#111#122,1,,,,,2,14,1,2,2,2,2,2,2,14,14,14,14,14,14,,0,0,0,0,0,0,1
*,805,0,13,10001#10002#10003#10004#10005#10006,2#2#2#2#2#2,13#13#13#13#13#13,1#12#23#34,1,,,,,0,13,1,2,2,2,2,2,2,13,13,13,13,13,13,,0,0,0,0,0,0,1
*,806,1,13,20001#20002#20003#20004#20005#20006,2#2#2#2#2#2,13#13#13#13#13#13,45#56#67#78,1,,,,,1,13,1,2,2,2,2,2,2,13,13,13,13,13,13,,0,0,0,0,0,0,1
*,807,2,13,30001#30002#30003#30004#30005#30006,2#2#2#2#2#2,13#13#13#13#13#13,89#100#111#122,1,,,,,2,13,1,2,2,2,2,2,2,13,13,13,13,13,13,,0,0,0,0,0,0,1
*,808,0,13,10001#10002#10003#10004#10005#10006,2#2#2#2#2#2,13#13#13#13#13#13,1#12#23#34,1,,,,,0,13,1,2,2,2,2,2,2,13,13,13,13,13,13,,0,0,0,0,0,0,1
*,809,1,13,20001#20002#20003#20004#20005#20006,2#2#2#2#2#2,13#13#13#13#13#13,45#56#67#78,1,,,,,1,13,1,2,2,2,2,2,2,13,13,13,13,13,13,,0,0,0,0,0,0,1
*,810,2,13,30001#30002#30003#30004#30005#30006,2#2#2#2#2#2,13#13#13#13#13#13,89#100#111#122,1,,,,,2,13,1,2,2,2,2,2,2,13,13,13,13,13,13,,0,0,0,0,0,0,1
*,811,0,13,10001#10002#10003#10004#10005#10006,2#2#2#2#2#2,13#13#13#13#13#13,1#12#23#34,1,,,,,0,13,1,2,2,2,2,2,2,13,13,13,13,13,13,,0,0,0,0,0,0,1
*,812,1,13,20001#20002#20003#20004#20005#20006,2#2#2#2#2#2,13#13#13#13#13#13,45#56#67#78,1,,,,,1,13,1,2,2,2,2,2,2,13,13,13,13,13,13,,0,0,0,0,0,0,1
*,813,2,13,30001#30002#30003#30004#30005#30006,2#2#2#2#2#2,13#13#13#13#13#13,89#100#111#122,1,,,,,2,13,1,2,2,2,2,2,2,13,13,13,13,13,13,,0,0,0,0,0,0,1
*,814,0,13,10001#10002#10003#10004#10005#10006,2#2#2#2#2#2,13#13#13#13#13#13,1#12#23#34,1,,,,,0,13,1,2,2,2,2,2,2,13,13,13,13,13,13,,0,0,0,0,0,0,1
*,815,1,13,20001#20002#20003#20004#20005#20006,2#2#2#2#2#2,13#13#13#13#13#13,45#56#67#78,1,,,,,1,13,1,2,2,2,2,2,2,13,13,13,13,13,13,,0,0,0,0,0,0,1
*,816,2,13,30001#30002#30003#30004#30005#30006,2#2#2#2#2#2,13#13#13#13#13#13,89#100#111#122,1,,,,,2,13,1,2,2,2,2,2,2,13,13,13,13,13,13,,0,0,0,0,0,0,1
*,817,0,13,10001#10002#10003#10004#10005#10006,2#2#2#2#2#2,13#13#13#13#13#13,1#12#23#34,1,,,,,0,13,1,2,2,2,2,2,2,13,13,13,13,13,13,,0,0,0,0,0,0,1
*,818,1,13,20001#20002#20003#20004#20005#20006,2#2#2#2#2#2,13#13#13#13#13#13,45#56#67#78,1,,,,,1,13,1,2,2,2,2,2,2,13,13,13,13,13,13,,0,0,0,0,0,0,1
*,819,2,13,30001#30002#30003#30004#30005#30006,2#2#2#2#2#2,13#13#13#13#13#13,89#100#111#122,1,,,,,2,13,1,2,2,2,2,2,2,13,13,13,13,13,13,,0,0,0,0,0,0,1
*,820,0,13,10001#10002#10003#10004#10005#10006,2#2#2#2#2#2,13#13#13#13#13#13,1#12#23#34,1,,,,,0,13,1,2,2,2,2,2,2,13,13,13,13,13,13,,0,0,0,0,0,0,1
*,821,1,13,20001#20002#20003#20004#20005#20006,2#2#2#2#2#2,13#13#13#13#13#13,45#56#67#78,1,,,,,1,13,1,2,2,2,2,2,2,13,13,13,13,13,13,,0,0,0,0,0,0,1
*,822,2,13,30001#30002#30003#30004#30005#30006,2#2#2#2#2#2,13#13#13#13#13#13,89#100#111#122,1,,,,,2,13,1,2,2,2,2,2,2,13,13,13,13,13,13,,0,0,0,0,0,0,1
*,823,0,13,10001#10002#10003#10004#10005#10006,2#2#2#2#2#2,13#13#13#13#13#13,1#12#23#34,1,,,,,0,13,1,2,2,2,2,2,2,13,13,13,13,13,13,,0,0,0,0,0,0,1
*,824,1,13,20001#20002#20003#20004#20005#20006,2#2#2#2#2#2,13#13#13#13#13#13,45#56#67#78,1,,,,,1,13,1,2,2,2,2,2,2,13,13,13,13,13,13,,0,0,0,0,0,0,1
*,825,2,13,30001#30002#30003#30004#30005#30006,2#2#2#2#2#2,13#13#13#13#13#13,89#100#111#122,1,,,,,2,13,1,2,2,2,2,2,2,13,13,13,13,13,13,,0,0,0,0,0,0,1
*,826,0,12,10001#10002#10003#10004#10005#10006,2#2#2#2#2#2,12#12#12#12#12#12,1#12#23#34,1,,,,,0,12,1,2,2,2,2,2,2,12,12,12,12,12,12,,0,0,0,0,0,0,1
*,827,1,12,20001#20002#20003#20004#20005#20006,2#2#2#2#2#2,12#12#12#12#12#12,45#56#67#78,1,,,,,1,12,1,2,2,2,2,2,2,12,12,12,12,12,12,,0,0,0,0,0,0,1
*,828,2,12,30001#30002#30003#30004#30005#30006,2#2#2#2#2#2,12#12#12#12#12#12,89#100#111#122,1,,,,,2,12,1,2,2,2,2,2,2,12,12,12,12,12,12,,0,0,0,0,0,0,1
*,829,0,12,10001#10002#10003#10004#10005#10006,2#2#2#2#2#2,12#12#12#12#12#12,1#12#23#34,1,,,,,0,12,1,2,2,2,2,2,2,12,12,12,12,12,12,,0,0,0,0,0,0,1
*,830,1,12,20001#20002#20003#20004#20005#20006,2#2#2#2#2#2,12#12#12#12#12#12,45#56#67#78,1,,,,,1,12,1,2,2,2,2,2,2,12,12,12,12,12,12,,0,0,0,0,0,0,1
*,831,2,12,30001#30002#30003#30004#30005#30006,2#2#2#2#2#2,12#12#12#12#12#12,89#100#111#122,1,,,,,2,12,1,2,2,2,2,2,2,12,12,12,12,12,12,,0,0,0,0,0,0,1
*,832,0,12,10001#10002#10003#10004#10005#10006,2#2#2#2#2#2,12#12#12#12#12#12,1#12#23#34,1,,,,,0,12,1,2,2,2,2,2,2,12,12,12,12,12,12,,0,0,0,0,0,0,1
*,833,1,12,20001#20002#20003#20004#20005#20006,2#2#2#2#2#2,12#12#12#12#12#12,45#56#67#78,1,,,,,1,12,1,2,2,2,2,2,2,12,12,12,12,12,12,,0,0,0,0,0,0,1
*,834,2,12,30001#30002#30003#30004#30005#30006,2#2#2#2#2#2,12#12#12#12#12#12,89#100#111#122,1,,,,,2,12,1,2,2,2,2,2,2,12,12,12,12,12,12,,0,0,0,0,0,0,1
*,835,0,12,10001#10002#10003#10004#10005#10006,2#2#2#2#2#2,12#12#12#12#12#12,1#12#23#34,1,,,,,0,12,1,2,2,2,2,2,2,12,12,12,12,12,12,,0,0,0,0,0,0,1
*,836,1,12,20001#20002#20003#20004#20005#20006,2#2#2#2#2#2,12#12#12#12#12#12,45#56#67#78,1,,,,,1,12,1,2,2,2,2,2,2,12,12,12,12,12,12,,0,0,0,0,0,0,1
*,837,2,12,30001#30002#30003#30004#30005#30006,2#2#2#2#2#2,12#12#12#12#12#12,89#100#111#122,1,,,,,2,12,1,2,2,2,2,2,2,12,12,12,12,12,12,,0,0,0,0,0,0,1
*,838,0,12,10001#10002#10003#10004#10005#10006,2#2#2#2#2#2,12#12#12#12#12#12,1#12#23#34,1,,,,,0,12,1,2,2,2,2,2,2,12,12,12,12,12,12,,0,0,0,0,0,0,1
*,839,1,12,20001#20002#20003#20004#20005#20006,2#2#2#2#2#2,12#12#12#12#12#12,45#56#67#78,1,,,,,1,12,1,2,2,2,2,2,2,12,12,12,12,12,12,,0,0,0,0,0,0,1
*,840,2,12,30001#30002#30003#30004#30005#30006,2#2#2#2#2#2,12#12#12#12#12#12,89#100#111#122,1,,,,,2,12,1,2,2,2,2,2,2,12,12,12,12,12,12,,0,0,0,0,0,0,1
*,841,0,12,10001#10002#10003#10004#10005#10006,2#2#2#2#2#2,12#12#12#12#12#12,1#12#23#34,1,,,,,0,12,1,2,2,2,2,2,2,12,12,12,12,12,12,,0,0,0,0,0,0,1
*,842,1,12,20001#20002#20003#20004#20005#20006,2#2#2#2#2#2,12#12#12#12#12#12,45#56#67#78,1,,,,,1,12,1,2,2,2,2,2,2,12,12,12,12,12,12,,0,0,0,0,0,0,1
*,843,2,12,30001#30002#30003#30004#30005#30006,2#2#2#2#2#2,12#12#12#12#12#12,89#100#111#122,1,,,,,2,12,1,2,2,2,2,2,2,12,12,12,12,12,12,,0,0,0,0,0,0,1
*,844,0,12,10001#10002#10003#10004#10005#10006,2#2#2#2#2#2,12#12#12#12#12#12,1#12#23#34,1,,,,,0,12,1,2,2,2,2,2,2,12,12,12,12,12,12,,0,0,0,0,0,0,1
*,845,1,12,20001#20002#20003#20004#20005#20006,2#2#2#2#2#2,12#12#12#12#12#12,45#56#67#78,1,,,,,1,12,1,2,2,2,2,2,2,12,12,12,12,12,12,,0,0,0,0,0,0,1
*,846,2,12,30001#30002#30003#30004#30005#30006,2#2#2#2#2#2,12#12#12#12#12#12,89#100#111#122,1,,,,,2,12,1,2,2,2,2,2,2,12,12,12,12,12,12,,0,0,0,0,0,0,1
*,847,0,12,10001#10002#10003#10004#10005#10006,2#2#2#2#2#2,12#12#12#12#12#12,1#12#23#34,1,,,,,0,12,1,2,2,2,2,2,2,12,12,12,12,12,12,,0,0,0,0,0,0,1
*,848,1,12,20001#20002#20003#20004#20005#20006,2#2#2#2#2#2,12#12#12#12#12#12,45#56#67#78,1,,,,,1,12,1,2,2,2,2,2,2,12,12,12,12,12,12,,0,0,0,0,0,0,1
*,849,2,12,30001#30002#30003#30004#30005#30006,2#2#2#2#2#2,12#12#12#12#12#12,89#100#111#122,1,,,,,2,12,1,2,2,2,2,2,2,12,12,12,12,12,12,,0,0,0,0,0,0,1
*,850,0,12,10001#10002#10003#10004#10005#10006,2#2#2#2#2#2,12#12#12#12#12#12,1#12#23#34,1,,,,,0,12,1,2,2,2,2,2,2,12,12,12,12,12,12,,0,0,0,0,0,0,1
*,851,1,12,20001#20002#20003#20004#20005#20006,2#2#2#2#2#2,12#12#12#12#12#12,45#56#67#78,1,,,,,1,12,1,2,2,2,2,2,2,12,12,12,12,12,12,,0,0,0,0,0,0,1
*,852,2,12,30001#30002#30003#30004#30005#30006,2#2#2#2#2#2,12#12#12#12#12#12,89#100#111#122,1,,,,,2,12,1,2,2,2,2,2,2,12,12,12,12,12,12,,0,0,0,0,0,0,1
*,853,0,12,10001#10002#10003#10004#10005#10006,2#2#2#2#2#2,12#12#12#12#12#12,1#12#23#34,1,,,,,0,12,1,2,2,2,2,2,2,12,12,12,12,12,12,,0,0,0,0,0,0,1
*,854,1,11,20001#20002#20003#20004#20005#20006,2#2#2#2#2#2,11#11#11#11#11#11,45#56#67#78,1,,,,,1,11,1,2,2,2,2,2,2,11,11,11,11,11,11,,0,0,0,0,0,0,1
*,855,2,11,30001#30002#30003#30004#30005#30006,2#2#2#2#2#2,11#11#11#11#11#11,89#100#111#122,1,,,,,2,11,1,2,2,2,2,2,2,11,11,11,11,11,11,,0,0,0,0,0,0,1
*,856,0,11,10001#10002#10003#10004#10005#10006,2#2#2#2#2#2,11#11#11#11#11#11,1#12#23#34,1,,,,,0,11,1,2,2,2,2,2,2,11,11,11,11,11,11,,0,0,0,0,0,0,1
*,857,1,11,20001#20002#20003#20004#20005#20006,2#2#2#2#2#2,11#11#11#11#11#11,45#56#67#78,1,,,,,1,11,1,2,2,2,2,2,2,11,11,11,11,11,11,,0,0,0,0,0,0,1
*,858,2,11,30001#30002#30003#30004#30005#30006,2#2#2#2#2#2,11#11#11#11#11#11,89#100#111#122,1,,,,,2,11,1,2,2,2,2,2,2,11,11,11,11,11,11,,0,0,0,0,0,0,1
*,859,0,11,10001#10002#10003#10004#10005#10006,2#2#2#2#2#2,11#11#11#11#11#11,1#12#23#34,1,,,,,0,11,1,2,2,2,2,2,2,11,11,11,11,11,11,,0,0,0,0,0,0,1
*,860,1,11,20001#20002#20003#20004#20005#20006,2#2#2#2#2#2,11#11#11#11#11#11,45#56#67#78,1,,,,,1,11,1,2,2,2,2,2,2,11,11,11,11,11,11,,0,0,0,0,0,0,1
*,861,2,11,30001#30002#30003#30004#30005#30006,2#2#2#2#2#2,11#11#11#11#11#11,89#100#111#122,1,,,,,2,11,1,2,2,2,2,2,2,11,11,11,11,11,11,,0,0,0,0,0,0,1
*,862,0,11,10001#10002#10003#10004#10005#10006,2#2#2#2#2#2,11#11#11#11#11#11,1#12#23#34,1,,,,,0,11,1,2,2,2,2,2,2,11,11,11,11,11,11,,0,0,0,0,0,0,1
*,863,1,11,20001#20002#20003#20004#20005#20006,2#2#2#2#2#2,11#11#11#11#11#11,45#56#67#78,1,,,,,1,11,1,2,2,2,2,2,2,11,11,11,11,11,11,,0,0,0,0,0,0,1
*,864,2,11,30001#30002#30003#30004#30005#30006,2#2#2#2#2#2,11#11#11#11#11#11,89#100#111#122,1,,,,,2,11,1,2,2,2,2,2,2,11,11,11,11,11,11,,0,0,0,0,0,0,1
*,865,0,11,10001#10002#10003#10004#10005#10006,2#2#2#2#2#2,11#11#11#11#11#11,1#12#23#34,1,,,,,0,11,1,2,2,2,2,2,2,11,11,11,11,11,11,,0,0,0,0,0,0,1
*,866,1,11,20001#20002#20003#20004#20005#20006,2#2#2#2#2#2,11#11#11#11#11#11,45#56#67#78,1,,,,,1,11,1,2,2,2,2,2,2,11,11,11,11,11,11,,0,0,0,0,0,0,1
*,867,2,11,30001#30002#30003#30004#30005#30006,2#2#2#2#2#2,11#11#11#11#11#11,89#100#111#122,1,,,,,2,11,1,2,2,2,2,2,2,11,11,11,11,11,11,,0,0,0,0,0,0,1
*,868,0,11,10001#10002#10003#10004#10005#10006,2#2#2#2#2#2,11#11#11#11#11#11,1#12#23#34,1,,,,,0,11,1,2,2,2,2,2,2,11,11,11,11,11,11,,0,0,0,0,0,0,1
*,869,1,11,20001#20002#20003#20004#20005#20006,2#2#2#2#2#2,11#11#11#11#11#11,45#56#67#78,1,,,,,1,11,1,2,2,2,2,2,2,11,11,11,11,11,11,,0,0,0,0,0,0,1
*,870,2,11,30001#30002#30003#30004#30005#30006,2#2#2#2#2#2,11#11#11#11#11#11,89#100#111#122,1,,,,,2,11,1,2,2,2,2,2,2,11,11,11,11,11,11,,0,0,0,0,0,0,1
*,871,0,11,10001#10002#10003#10004#10005#10006,2#2#2#2#2#2,11#11#11#11#11#11,1#12#23#34,1,,,,,0,11,1,2,2,2,2,2,2,11,11,11,11,11,11,,0,0,0,0,0,0,1
*,872,1,11,20001#20002#20003#20004#20005#20006,2#2#2#2#2#2,11#11#11#11#11#11,45#56#67#78,1,,,,,1,11,1,2,2,2,2,2,2,11,11,11,11,11,11,,0,0,0,0,0,0,1
*,873,2,11,30001#30002#30003#30004#30005#30006,2#2#2#2#2#2,11#11#11#11#11#11,89#100#111#122,1,,,,,2,11,1,2,2,2,2,2,2,11,11,11,11,11,11,,0,0,0,0,0,0,1
*,874,0,11,10001#10002#10003#10004#10005#10006,2#2#2#2#2#2,11#11#11#11#11#11,1#12#23#34,1,,,,,0,11,1,2,2,2,2,2,2,11,11,11,11,11,11,,0,0,0,0,0,0,1
*,875,1,10,20001#20002#20003#20004#20005#20006,2#2#2#2#2#2,10#10#10#10#10#10,45#56#67#78,1,,,,,1,10,1,2,2,2,2,2,2,10,10,10,10,10,10,,0,0,0,0,0,0,1
*,876,2,10,30001#30002#30003#30004#30005#30006,2#2#2#2#2#2,10#10#10#10#10#10,89#100#111#122,1,,,,,2,10,1,2,2,2,2,2,2,10,10,10,10,10,10,,0,0,0,0,0,0,1
*,877,0,10,10001#10002#10003#10004#10005#10006,2#2#2#2#2#2,10#10#10#10#10#10,1#12#23#34,1,,,,,0,10,1,2,2,2,2,2,2,10,10,10,10,10,10,,0,0,0,0,0,0,1
*,878,1,10,20001#20002#20003#20004#20005#20006,2#2#2#2#2#2,10#10#10#10#10#10,45#56#67#78,1,,,,,1,10,1,2,2,2,2,2,2,10,10,10,10,10,10,,0,0,0,0,0,0,1
*,879,2,10,30001#30002#30003#30004#30005#30006,2#2#2#2#2#2,10#10#10#10#10#10,89#100#111#122,1,,,,,2,10,1,2,2,2,2,2,2,10,10,10,10,10,10,,0,0,0,0,0,0,1
*,880,0,10,10001#10002#10003#10004#10005#10006,2#2#2#2#2#2,10#10#10#10#10#10,1#12#23#34,1,,,,,0,10,1,2,2,2,2,2,2,10,10,10,10,10,10,,0,0,0,0,0,0,1
*,881,1,10,20001#20002#20003#20004#20005#20006,2#2#2#2#2#2,10#10#10#10#10#10,45#56#67#78,1,,,,,1,10,1,2,2,2,2,2,2,10,10,10,10,10,10,,0,0,0,0,0,0,1
*,882,2,10,30001#30002#30003#30004#30005#30006,2#2#2#2#2#2,10#10#10#10#10#10,89#100#111#122,1,,,,,2,10,1,2,2,2,2,2,2,10,10,10,10,10,10,,0,0,0,0,0,0,1
*,883,0,10,10001#10002#10003#10004#10005#10006,2#2#2#2#2#2,10#10#10#10#10#10,1#12#23#34,1,,,,,0,10,1,2,2,2,2,2,2,10,10,10,10,10,10,,0,0,0,0,0,0,1
*,884,1,10,20001#20002#20003#20004#20005#20006,2#2#2#2#2#2,10#10#10#10#10#10,45#56#67#78,1,,,,,1,10,1,2,2,2,2,2,2,10,10,10,10,10,10,,0,0,0,0,0,0,1
*,885,2,10,30001#30002#30003#30004#30005#30006,2#2#2#2#2#2,10#10#10#10#10#10,89#100#111#122,1,,,,,2,10,1,2,2,2,2,2,2,10,10,10,10,10,10,,0,0,0,0,0,0,1
*,886,0,10,10001#10002#10003#10004#10005#10006,2#2#2#2#2#2,10#10#10#10#10#10,1#12#23#34,1,,,,,0,10,1,2,2,2,2,2,2,10,10,10,10,10,10,,0,0,0,0,0,0,1
*,887,1,10,20001#20002#20003#20004#20005#20006,2#2#2#2#2#2,10#10#10#10#10#10,45#56#67#78,1,,,,,1,10,1,2,2,2,2,2,2,10,10,10,10,10,10,,0,0,0,0,0,0,1
*,888,2,10,30001#30002#30003#30004#30005#30006,2#2#2#2#2#2,10#10#10#10#10#10,89#100#111#122,1,,,,,2,10,1,2,2,2,2,2,2,10,10,10,10,10,10,,0,0,0,0,0,0,1
*,889,0,10,10001#10002#10003#10004#10005#10006,2#2#2#2#2#2,10#10#10#10#10#10,1#12#23#34,1,,,,,0,10,1,2,2,2,2,2,2,10,10,10,10,10,10,,0,0,0,0,0,0,1
*,890,1,10,20001#20002#20003#20004#20005#20006,2#2#2#2#2#2,10#10#10#10#10#10,45#56#67#78,1,,,,,1,10,1,2,2,2,2,2,2,10,10,10,10,10,10,,0,0,0,0,0,0,1
*,891,2,10,30001#30002#30003#30004#30005#30006,2#2#2#2#2#2,10#10#10#10#10#10,89#100#111#122,1,,,,,2,10,1,2,2,2,2,2,2,10,10,10,10,10,10,,0,0,0,0,0,0,1
*,892,0,10,10001#10002#10003#10004#10005#10006,2#2#2#2#2#2,10#10#10#10#10#10,1#12#23#34,1,,,,,0,10,1,2,2,2,2,2,2,10,10,10,10,10,10,,0,0,0,0,0,0,1
*,893,1,10,20001#20002#20003#20004#20005#20006,2#2#2#2#2#2,10#10#10#10#10#10,45#56#67#78,1,,,,,1,10,1,2,2,2,2,2,2,10,10,10,10,10,10,,0,0,0,0,0,0,1
*,894,2,10,30001#30002#30003#30004#30005#30006,2#2#2#2#2#2,10#10#10#10#10#10,89#100#111#122,1,,,,,2,10,1,2,2,2,2,2,2,10,10,10,10,10,10,,0,0,0,0,0,0,1
*,895,0,10,10001#10002#10003#10004#10005#10006,2#2#2#2#2#2,10#10#10#10#10#10,1#12#23#34,1,,,,,0,10,1,2,2,2,2,2,2,10,10,10,10,10,10,,0,0,0,0,0,0,1
*,896,1,9,20001#20002#20003#20004#20005#20006,2#2#2#2#2#2,9#9#9#9#9#9,45#56#67#78,1,,,,,1,9,1,2,2,2,2,2,2,9,9,9,9,9,9,,0,0,0,0,0,0,1
*,897,2,9,30001#30002#30003#30004#30005#30006,2#2#2#2#2#2,9#9#9#9#9#9,89#100#111#122,1,,,,,2,9,1,2,2,2,2,2,2,9,9,9,9,9,9,,0,0,0,0,0,0,1
*,898,0,9,10001#10002#10003#10004#10005#10006,2#2#2#2#2#2,9#9#9#9#9#9,1#12#23#34,1,,,,,0,9,1,2,2,2,2,2,2,9,9,9,9,9,9,,0,0,0,0,0,0,1
*,899,1,9,20001#20002#20003#20004#20005#20006,2#2#2#2#2#2,9#9#9#9#9#9,45#56#67#78,1,,,,,1,9,1,2,2,2,2,2,2,9,9,9,9,9,9,,0,0,0,0,0,0,1
*,900,2,9,30001#30002#30003#30004#30005#30006,2#2#2#2#2#2,9#9#9#9#9#9,89#100#111#122,1,,,,,2,9,1,2,2,2,2,2,2,9,9,9,9,9,9,,0,0,0,0,0,0,1
*,901,0,9,10001#10002#10003#10004#10005#10006,2#2#2#2#2#2,9#9#9#9#9#9,1#12#23#34,1,,,,,0,9,1,2,2,2,2,2,2,9,9,9,9,9,9,,0,0,0,0,0,0,1
*,902,1,9,20001#20002#20003#20004#20005#20006,2#2#2#2#2#2,9#9#9#9#9#9,45#56#67#78,1,,,,,1,9,1,2,2,2,2,2,2,9,9,9,9,9,9,,0,0,0,0,0,0,1
*,903,2,9,30001#30002#30003#30004#30005#30006,2#2#2#2#2#2,9#9#9#9#9#9,89#100#111#122,1,,,,,2,9,1,2,2,2,2,2,2,9,9,9,9,9,9,,0,0,0,0,0,0,1
*,904,0,9,10001#10002#10003#10004#10005#10006,2#2#2#2#2#2,9#9#9#9#9#9,1#12#23#34,1,,,,,0,9,1,2,2,2,2,2,2,9,9,9,9,9,9,,0,0,0,0,0,0,1
*,905,1,9,20001#20002#20003#20004#20005#20006,2#2#2#2#2#2,9#9#9#9#9#9,45#56#67#78,1,,,,,1,9,1,2,2,2,2,2,2,9,9,9,9,9,9,,0,0,0,0,0,0,1
*,906,2,9,30001#30002#30003#30004#30005#30006,2#2#2#2#2#2,9#9#9#9#9#9,89#100#111#122,1,,,,,2,9,1,2,2,2,2,2,2,9,9,9,9,9,9,,0,0,0,0,0,0,1
*,907,0,9,10001#10002#10003#10004#10005#10006,2#2#2#2#2#2,9#9#9#9#9#9,1#12#23#34,1,,,,,0,9,1,2,2,2,2,2,2,9,9,9,9,9,9,,0,0,0,0,0,0,1
*,908,1,9,20001#20002#20003#20004#20005#20006,2#2#2#2#2#2,9#9#9#9#9#9,45#56#67#78,1,,,,,1,9,1,2,2,2,2,2,2,9,9,9,9,9,9,,0,0,0,0,0,0,1
*,909,2,9,30001#30002#30003#30004#30005#30006,2#2#2#2#2#2,9#9#9#9#9#9,89#100#111#122,1,,,,,2,9,1,2,2,2,2,2,2,9,9,9,9,9,9,,0,0,0,0,0,0,1
*,910,0,9,10001#10002#10003#10004#10005#10006,2#2#2#2#2#2,9#9#9#9#9#9,1#12#23#34,1,,,,,0,9,1,2,2,2,2,2,2,9,9,9,9,9,9,,0,0,0,0,0,0,1
*,911,1,9,20001#20002#20003#20004#20005#20006,2#2#2#2#2#2,9#9#9#9#9#9,45#56#67#78,1,,,,,1,9,1,2,2,2,2,2,2,9,9,9,9,9,9,,0,0,0,0,0,0,1
*,912,2,8,30001#30002#30003#30004#30005#30006,2#2#2#2#2#2,8#8#8#8#8#8,89#100#111#122,1,,,,,2,8,1,2,2,2,2,2,2,8,8,8,8,8,8,,0,0,0,0,0,0,1
*,913,0,8,10001#10002#10003#10004#10005#10006,2#2#2#2#2#2,8#8#8#8#8#8,1#12#23#34,1,,,,,0,8,1,2,2,2,2,2,2,8,8,8,8,8,8,,0,0,0,0,0,0,1
*,914,1,8,20001#20002#20003#20004#20005#20006,2#2#2#2#2#2,8#8#8#8#8#8,45#56#67#78,1,,,,,1,8,1,2,2,2,2,2,2,8,8,8,8,8,8,,0,0,0,0,0,0,1
*,915,2,8,30001#30002#30003#30004#30005#30006,2#2#2#2#2#2,8#8#8#8#8#8,89#100#111#122,1,,,,,2,8,1,2,2,2,2,2,2,8,8,8,8,8,8,,0,0,0,0,0,0,1
*,916,0,8,10001#10002#10003#10004#10005#10006,2#2#2#2#2#2,8#8#8#8#8#8,1#12#23#34,1,,,,,0,8,1,2,2,2,2,2,2,8,8,8,8,8,8,,0,0,0,0,0,0,1
*,917,1,8,20001#20002#20003#20004#20005#20006,2#2#2#2#2#2,8#8#8#8#8#8,45#56#67#78,1,,,,,1,8,1,2,2,2,2,2,2,8,8,8,8,8,8,,0,0,0,0,0,0,1
*,918,2,8,30001#30002#30003#30004#30005#30006,2#2#2#2#2#2,8#8#8#8#8#8,89#100#111#122,1,,,,,2,8,1,2,2,2,2,2,2,8,8,8,8,8,8,,0,0,0,0,0,0,1
*,919,0,8,10001#10002#10003#10004#10005#10006,2#2#2#2#2#2,8#8#8#8#8#8,1#12#23#34,1,,,,,0,8,1,2,2,2,2,2,2,8,8,8,8,8,8,,0,0,0,0,0,0,1
*,920,1,8,20001#20002#20003#20004#20005#20006,2#2#2#2#2#2,8#8#8#8#8#8,45#56#67#78,1,,,,,1,8,1,2,2,2,2,2,2,8,8,8,8,8,8,,0,0,0,0,0,0,1
*,921,2,8,30001#30002#30003#30004#30005#30006,2#2#2#2#2#2,8#8#8#8#8#8,89#100#111#122,1,,,,,2,8,1,2,2,2,2,2,2,8,8,8,8,8,8,,0,0,0,0,0,0,1
*,922,0,8,10001#10002#10003#10004#10005#10006,2#2#2#2#2#2,8#8#8#8#8#8,1#12#23#34,1,,,,,0,8,1,2,2,2,2,2,2,8,8,8,8,8,8,,0,0,0,0,0,0,1
*,923,1,8,20001#20002#20003#20004#20005#20006,2#2#2#2#2#2,8#8#8#8#8#8,45#56#67#78,1,,,,,1,8,1,2,2,2,2,2,2,8,8,8,8,8,8,,0,0,0,0,0,0,1
*,924,2,8,30001#30002#30003#30004#30005#30006,2#2#2#2#2#2,8#8#8#8#8#8,89#100#111#122,1,,,,,2,8,1,2,2,2,2,2,2,8,8,8,8,8,8,,0,0,0,0,0,0,1
*,925,0,8,10001#10002#10003#10004#10005#10006,2#2#2#2#2#2,8#8#8#8#8#8,1#12#23#34,1,,,,,0,8,1,2,2,2,2,2,2,8,8,8,8,8,8,,0,0,0,0,0,0,1
*,926,1,7,20001#20002#20003#20004#20005#20006,2#2#2#2#2#2,7#7#7#7#7#7,45#56#67#78,1,,,,,1,7,1,2,2,2,2,2,2,7,7,7,7,7,7,,0,0,0,0,0,0,1
*,927,2,7,30001#30002#30003#30004#30005#30006,2#2#2#2#2#2,7#7#7#7#7#7,89#100#111#122,1,,,,,2,7,1,2,2,2,2,2,2,7,7,7,7,7,7,,0,0,0,0,0,0,1
*,928,0,7,10001#10002#10003#10004#10005#10006,2#2#2#2#2#2,7#7#7#7#7#7,1#12#23#34,1,,,,,0,7,1,2,2,2,2,2,2,7,7,7,7,7,7,,0,0,0,0,0,0,1
*,929,1,7,20001#20002#20003#20004#20005#20006,2#2#2#2#2#2,7#7#7#7#7#7,45#56#67#78,1,,,,,1,7,1,2,2,2,2,2,2,7,7,7,7,7,7,,0,0,0,0,0,0,1
*,930,2,7,30001#30002#30003#30004#30005#30006,2#2#2#2#2#2,7#7#7#7#7#7,89#100#111#122,1,,,,,2,7,1,2,2,2,2,2,2,7,7,7,7,7,7,,0,0,0,0,0,0,1
*,931,0,7,10001#10002#10003#10004#10005#10006,2#2#2#2#2#2,7#7#7#7#7#7,1#12#23#34,1,,,,,0,7,1,2,2,2,2,2,2,7,7,7,7,7,7,,0,0,0,0,0,0,1
*,932,1,7,20001#20002#20003#20004#20005#20006,2#2#2#2#2#2,7#7#7#7#7#7,45#56#67#78,1,,,,,1,7,1,2,2,2,2,2,2,7,7,7,7,7,7,,0,0,0,0,0,0,1
*,933,2,7,30001#30002#30003#30004#30005#30006,2#2#2#2#2#2,7#7#7#7#7#7,89#100#111#122,1,,,,,2,7,1,2,2,2,2,2,2,7,7,7,7,7,7,,0,0,0,0,0,0,1
*,934,0,7,10001#10002#10003#10004#10005#10006,2#2#2#2#2#2,7#7#7#7#7#7,1#12#23#34,1,,,,,0,7,1,2,2,2,2,2,2,7,7,7,7,7,7,,0,0,0,0,0,0,1
*,935,1,7,20001#20002#20003#20004#20005#20006,2#2#2#2#2#2,7#7#7#7#7#7,45#56#67#78,1,,,,,1,7,1,2,2,2,2,2,2,7,7,7,7,7,7,,0,0,0,0,0,0,1
*,936,2,7,30001#30002#30003#30004#30005#30006,2#2#2#2#2#2,7#7#7#7#7#7,89#100#111#122,1,,,,,2,7,1,2,2,2,2,2,2,7,7,7,7,7,7,,0,0,0,0,0,0,1
*,937,0,7,10001#10002#10003#10004#10005#10006,2#2#2#2#2#2,7#7#7#7#7#7,1#12#23#34,1,,,,,0,7,1,2,2,2,2,2,2,7,7,7,7,7,7,,0,0,0,0,0,0,1
*,938,1,7,20001#20002#20003#20004#20005#20006,2#2#2#2#2#2,7#7#7#7#7#7,45#56#67#78,1,,,,,1,7,1,2,2,2,2,2,2,7,7,7,7,7,7,,0,0,0,0,0,0,1
*,939,2,7,30001#30002#30003#30004#30005#30006,2#2#2#2#2#2,7#7#7#7#7#7,89#100#111#122,1,,,,,2,7,1,2,2,2,2,2,2,7,7,7,7,7,7,,0,0,0,0,0,0,1
*,940,0,7,10001#10002#10003#10004#10005#10006,2#2#2#2#2#2,7#7#7#7#7#7,1#12#23#34,1,,,,,0,7,1,2,2,2,2,2,2,7,7,7,7,7,7,,0,0,0,0,0,0,1
*,941,1,7,20001#20002#20003#20004#20005#20006,2#2#2#2#2#2,7#7#7#7#7#7,45#56#67#78,1,,,,,1,7,1,2,2,2,2,2,2,7,7,7,7,7,7,,0,0,0,0,0,0,1
*,942,2,6,30001#30002#30003#30004#30005#30006,2#2#2#2#2#2,6#6#6#6#6#6,89#100#111#122,1,,,,,2,6,1,2,2,2,2,2,2,6,6,6,6,6,6,,0,0,0,0,0,0,1
*,943,0,6,10001#10002#10003#10004#10005#10006,2#2#2#2#2#2,6#6#6#6#6#6,1#12#23#34,1,,,,,0,6,1,2,2,2,2,2,2,6,6,6,6,6,6,,0,0,0,0,0,0,1
*,944,1,6,20001#20002#20003#20004#20005#20006,2#2#2#2#2#2,6#6#6#6#6#6,45#56#67#78,1,,,,,1,6,1,2,2,2,2,2,2,6,6,6,6,6,6,,0,0,0,0,0,0,1
*,945,2,6,30001#30002#30003#30004#30005#30006,2#2#2#2#2#2,6#6#6#6#6#6,89#100#111#122,1,,,,,2,6,1,2,2,2,2,2,2,6,6,6,6,6,6,,0,0,0,0,0,0,1
*,946,0,6,10001#10002#10003#10004#10005#10006,2#2#2#2#2#2,6#6#6#6#6#6,1#12#23#34,1,,,,,0,6,1,2,2,2,2,2,2,6,6,6,6,6,6,,0,0,0,0,0,0,1
*,947,1,6,20001#20002#20003#20004#20005#20006,2#2#2#2#2#2,6#6#6#6#6#6,45#56#67#78,1,,,,,1,6,1,2,2,2,2,2,2,6,6,6,6,6,6,,0,0,0,0,0,0,1
*,948,2,6,30001#30002#30003#30004#30005#30006,2#2#2#2#2#2,6#6#6#6#6#6,89#100#111#122,1,,,,,2,6,1,2,2,2,2,2,2,6,6,6,6,6,6,,0,0,0,0,0,0,1
*,949,0,6,10001#10002#10003#10004#10005#10006,2#2#2#2#2#2,6#6#6#6#6#6,1#12#23#34,1,,,,,0,6,1,2,2,2,2,2,2,6,6,6,6,6,6,,0,0,0,0,0,0,1
*,950,1,6,20001#20002#20003#20004#20005#20006,2#2#2#2#2#2,6#6#6#6#6#6,45#56#67#78,1,,,,,1,6,1,2,2,2,2,2,2,6,6,6,6,6,6,,0,0,0,0,0,0,1
*,951,2,6,30001#30002#30003#30004#30005#30006,2#2#2#2#2#2,6#6#6#6#6#6,89#100#111#122,1,,,,,2,6,1,2,2,2,2,2,2,6,6,6,6,6,6,,0,0,0,0,0,0,1
*,952,0,6,10001#10002#10003#10004#10005#10006,2#2#2#2#2#2,6#6#6#6#6#6,1#12#23#34,1,,,,,0,6,1,2,2,2,2,2,2,6,6,6,6,6,6,,0,0,0,0,0,0,1
*,953,1,6,20001#20002#20003#20004#20005#20006,2#2#2#2#2#2,6#6#6#6#6#6,45#56#67#78,1,,,,,1,6,1,2,2,2,2,2,2,6,6,6,6,6,6,,0,0,0,0,0,0,1
*,954,2,6,30001#30002#30003#30004#30005#30006,2#2#2#2#2#2,6#6#6#6#6#6,89#100#111#122,1,,,,,2,6,1,2,2,2,2,2,2,6,6,6,6,6,6,,0,0,0,0,0,0,1
*,955,0,5,10001#10002#10003#10004#10005#10006,2#2#2#2#2#2,5#5#5#5#5#5,1#12#23#34,1,,,,,0,5,1,2,2,2,2,2,2,5,5,5,5,5,5,,0,0,0,0,0,0,1
*,956,1,5,20001#20002#20003#20004#20005#20006,2#2#2#2#2#2,5#5#5#5#5#5,45#56#67#78,1,,,,,1,5,1,2,2,2,2,2,2,5,5,5,5,5,5,,0,0,0,0,0,0,1
*,957,2,5,30001#30002#30003#30004#30005#30006,2#2#2#2#2#2,5#5#5#5#5#5,89#100#111#122,1,,,,,2,5,1,2,2,2,2,2,2,5,5,5,5,5,5,,0,0,0,0,0,0,1
*,958,0,5,10001#10002#10003#10004#10005#10006,2#2#2#2#2#2,5#5#5#5#5#5,1#12#23#34,1,,,,,0,5,1,2,2,2,2,2,2,5,5,5,5,5,5,,0,0,0,0,0,0,1
*,959,1,5,20001#20002#20003#20004#20005#20006,2#2#2#2#2#2,5#5#5#5#5#5,45#56#67#78,1,,,,,1,5,1,2,2,2,2,2,2,5,5,5,5,5,5,,0,0,0,0,0,0,1
*,960,2,5,30001#30002#30003#30004#30005#30006,2#2#2#2#2#2,5#5#5#5#5#5,89#100#111#122,1,,,,,2,5,1,2,2,2,2,2,2,5,5,5,5,5,5,,0,0,0,0,0,0,1
*,961,0,5,10001#10002#10003#10004#10005#10006,2#2#2#2#2#2,5#5#5#5#5#5,1#12#23#34,1,,,,,0,5,1,2,2,2,2,2,2,5,5,5,5,5,5,,0,0,0,0,0,0,1
*,962,1,5,20001#20002#20003#20004#20005#20006,2#2#2#2#2#2,5#5#5#5#5#5,45#56#67#78,1,,,,,1,5,1,2,2,2,2,2,2,5,5,5,5,5,5,,0,0,0,0,0,0,1
*,963,2,5,30001#30002#30003#30004#30005#30006,2#2#2#2#2#2,5#5#5#5#5#5,89#100#111#122,1,,,,,2,5,1,2,2,2,2,2,2,5,5,5,5,5,5,,0,0,0,0,0,0,1
*,964,0,5,10001#10002#10003#10004#10005#10006,2#2#2#2#2#2,5#5#5#5#5#5,1#12#23#34,1,,,,,0,5,1,2,2,2,2,2,2,5,5,5,5,5,5,,0,0,0,0,0,0,1
*,965,1,5,20001#20002#20003#20004#20005#20006,2#2#2#2#2#2,5#5#5#5#5#5,45#56#67#78,1,,,,,1,5,1,2,2,2,2,2,2,5,5,5,5,5,5,,0,0,0,0,0,0,1
*,966,2,5,30001#30002#30003#30004#30005#30006,2#2#2#2#2#2,5#5#5#5#5#5,89#100#111#122,1,,,,,2,5,1,2,2,2,2,2,2,5,5,5,5,5,5,,0,0,0,0,0,0,1
*,967,0,5,10001#10002#10003#10004#10005#10006,1#1#1#1#1#1,5#5#5#5#5#5,1#12#23#34,1,,,,,0,5,1,1,1,1,1,1,1,5,5,5,5,5,5,,0,0,0,0,0,0,1
*,968,1,5,20001#20002#20003#20004#20005#20006,1#1#1#1#1#1,5#5#5#5#5#5,45#56#67#78,1,,,,,1,5,1,1,1,1,1,1,1,5,5,5,5,5,5,,0,0,0,0,0,0,1
*,969,2,5,30001#30002#30003#30004#30005#30006,1#1#1#1#1#1,5#5#5#5#5#5,89#100#111#122,1,,,,,2,5,1,1,1,1,1,1,1,5,5,5,5,5,5,,0,0,0,0,0,0,1
*,970,0,5,10001#10002#10003#10004#10005#10006,1#1#1#1#1#1,5#5#5#5#5#5,1#12#23#34,1,,,,,0,5,1,1,1,1,1,1,1,5,5,5,5,5,5,,0,0,0,0,0,0,1
*,971,1,4,20001#20002#20003#20004#20005#20006,1#1#1#1#1#1,4#4#4#4#4#4,45#56#67#78,1,,,,,1,4,1,1,1,1,1,1,1,4,4,4,4,4,4,,0,0,0,0,0,0,1
*,972,2,4,30001#30002#30003#30004#30005#30006,1#1#1#1#1#1,4#4#4#4#4#4,89#100#111#122,1,,,,,2,4,1,1,1,1,1,1,1,4,4,4,4,4,4,,0,0,0,0,0,0,1
*,973,0,4,10001#10002#10003#10004#10005#10006,1#1#1#1#1#1,4#4#4#4#4#4,1#12#23#34,1,,,,,0,4,1,1,1,1,1,1,1,4,4,4,4,4,4,,0,0,0,0,0,0,1
*,974,1,4,20001#20002#20003#20004#20005#20006,1#1#1#1#1#1,4#4#4#4#4#4,45#56#67#78,1,,,,,1,4,1,1,1,1,1,1,1,4,4,4,4,4,4,,0,0,0,0,0,0,1
*,975,2,4,30001#30002#30003#30004#30005#30006,1#1#1#1#1#1,4#4#4#4#4#4,89#100#111#122,1,,,,,2,4,1,1,1,1,1,1,1,4,4,4,4,4,4,,0,0,0,0,0,0,1
*,976,0,4,10001#10002#10003#10004#10005#10006,1#1#1#1#1#1,4#4#4#4#4#4,1#12#23#34,1,,,,,0,4,1,1,1,1,1,1,1,4,4,4,4,4,4,,0,0,0,0,0,0,1
*,977,1,4,20001#20002#20003#20004#20005#20006,1#1#1#1#1#1,4#4#4#4#4#4,45#56#67#78,1,,,,,1,4,1,1,1,1,1,1,1,4,4,4,4,4,4,,0,0,0,0,0,0,1
*,978,2,4,30001#30002#30003#30004#30005#30006,1#1#1#1#1#1,4#4#4#4#4#4,89#100#111#122,1,,,,,2,4,1,1,1,1,1,1,1,4,4,4,4,4,4,,0,0,0,0,0,0,1
*,979,0,4,10001#10002#10003#10004#10005#10006,1#1#1#1#1#1,4#4#4#4#4#4,1#12#23#34,1,,,,,0,4,1,1,1,1,1,1,1,4,4,4,4,4,4,,0,0,0,0,0,0,1
*,980,1,4,20001#20002#20003#20004#20005#20006,1#1#1#1#1#1,4#4#4#4#4#4,45#56#67#78,1,,,,,1,4,1,1,1,1,1,1,1,4,4,4,4,4,4,,0,0,0,0,0,0,1
*,981,2,4,30001#30002#30003#30004#30005#30006,1#1#1#1#1#1,4#4#4#4#4#4,89#100#111#122,1,,,,,2,4,1,1,1,1,1,1,1,4,4,4,4,4,4,,0,0,0,0,0,0,1
*,982,0,4,10001#10002#10003#10004#10005#10006,1#1#1#1#1#1,4#4#4#4#4#4,1#12#23#34,1,,,,,0,4,1,1,1,1,1,1,1,4,4,4,4,4,4,,0,0,0,0,0,0,1
*,983,1,3,20001#20002#20003#20004#20005#20006,1#1#1#1#1#1,3#3#3#3#3#3,45#56#67#78,1,,,,,1,3,1,1,1,1,1,1,1,3,3,3,3,3,3,,0,0,0,0,0,0,1
*,984,2,3,30001#30002#30003#30004#30005#30006,1#1#1#1#1#1,3#3#3#3#3#3,89#100#111#122,1,,,,,2,3,1,1,1,1,1,1,1,3,3,3,3,3,3,,0,0,0,0,0,0,1
*,985,0,3,10001#10002#10003#10004#10005#10006,1#1#1#1#1#1,3#3#3#3#3#3,1#12#23#34,1,,,,,0,3,1,1,1,1,1,1,1,3,3,3,3,3,3,,0,0,0,0,0,0,1
*,986,1,3,20001#20002#20003#20004#20005#20006,1#1#1#1#1#1,3#3#3#3#3#3,45#56#67#78,1,,,,,1,3,1,1,1,1,1,1,1,3,3,3,3,3,3,,0,0,0,0,0,0,1
*,987,2,3,30001#30002#30003#30004#30005#30006,1#1#1#1#1#1,3#3#3#3#3#3,89#100#111#122,1,,,,,2,3,1,1,1,1,1,1,1,3,3,3,3,3,3,,0,0,0,0,0,0,1
*,988,0,3,10001#10002#10003#10004#10005#10006,1#1#1#1#1#1,3#3#3#3#3#3,1#12#23#34,1,,,,,0,3,1,1,1,1,1,1,1,3,3,3,3,3,3,,0,0,0,0,0,0,1
*,989,1,3,20001#20002#20003#20004#20005#20006,1#1#1#1#1#1,3#3#3#3#3#3,45#56#67#78,1,,,,,1,3,1,1,1,1,1,1,1,3,3,3,3,3,3,,0,0,0,0,0,0,1
*,990,2,1,29901#29902#29903#29904#29905#29906,0#0#0#0#0#0,0#0#0#0#0#0,89#100#111#122,0,,,,,2,1,0,0,0,0,0,0,0,0,0,0,0,0,0,,0,0,0,0,0,0,0
*,991,0,1,9901#9902#9903#9904#9905#9906,0#0#0#0#0#0,0#0#0#0#0#0,1#12#23#34,0,,,,,0,1,0,0,0,0,0,0,0,0,0,0,0,0,0,,0,0,0,0,0,0,0
*,992,1,1,19901#19902#19903#19904#19905#19906,0#0#0#0#0#0,0#0#0#0#0#0,45#56#67#78,0,,,,,1,1,0,0,0,0,0,0,0,0,0,0,0,0,0,,0,0,0,0,0,0,0
*,993,2,1,29901#29902#29903#29904#29905#29906,0#0#0#0#0#0,0#0#0#0#0#0,89#100#111#122,0,,,,,2,1,0,0,0,0,0,0,0,0,0,0,0,0,0,,0,0,0,0,0,0,0
*,994,0,1,9901#9902#9903#9904#9905#9906,0#0#0#0#0#0,0#0#0#0#0#0,1#12#23#34,0,,,,,0,1,0,0,0,0,0,0,0,0,0,0,0,0,0,,0,0,0,0,0,0,0
*,995,1,1,19901#19902#19903#19904#19905#19906,0#0#0#0#0#0,0#0#0#0#0#0,45#56#67#78,0,,,,,1,1,0,0,0,0,0,0,0,0,0,0,0,0,0,,0,0,0,0,0,0,0
*,996,2,1,29901#29902#29903#29904#29905#29906,0#0#0#0#0#0,0#0#0#0#0#0,89#100#111#122,0,,,,,2,1,0,0,0,0,0,0,0,0,0,0,0,0,0,,0,0,0,0,0,0,0
*,997,0,1,9901#9902#9903#9904#9905#9906,0#0#0#0#0#0,0#0#0#0#0#0,1#12#23#34,0,,,,,0,1,0,0,0,0,0,0,0,0,0,0,0,0,0,,0,0,0,0,0,0,0
*,998,1,1,19901#19902#19903#19904#19905#19906,0#0#0#0#0#0,0#0#0#0#0#0,45#56#67#78,0,,,,,1,1,0,0,0,0,0,0,0,0,0,0,0,0,0,,0,0,0,0,0,0,0
*,999,2,1,29901#29902#29903#29904#29905#29906,0#0#0#0#0#0,0#0#0#0#0#0,89#100#111#122,0,,,,,2,1,0,0,0,0,0,0,0,0,0,0,0,0,0,,0,0,0,0,0,0,0
*,1000,0,1,9901#9902#9903#9904#9905#9906,0#0#0#0#0#0,0#0#0#0#0#0,1#12#23#34,0,,,,,0,1,0,0,0,0,0,0,0,0,0,0,0,0,0,,0,0,0,0,0,0,0
