,编号,描述,物品1,物品1品质,物品1数量,物品2,物品2品质,物品2数量,物品3,物品3品质,物品3数量,物品4,物品4品质,物品4数量,物品5,物品5品质,物品5数量,物品6,物品6品质,物品6数量,物品7,物品7品质,物品7数量,物品8,物品8品质,物品8数量
,STRING,STRING,STRING,INT,INT,STRING,INT,INT,STRING,INT,INT,STRING,INT,INT,STRING,INT,INT,STRING,INT,INT,STRING,INT,INT,STRING,INT,INT
*,ID,Desc,Item1,Quality1,ItemCount1,Item2,Quality2,ItemCount2,Item3,Quality3,ItemCount3,Item4,Quality4,ItemCount4,Item5,Quality5,ItemCount5,Item6,Quality6,ItemCount6,Item7,Quality7,ItemCount7,Item8,Quality8,ItemCount8
,现金本,,,,,,,,,,,,,,,,,,,,,,,,,
*,30101,现金本1,1001,,420000,,,,,,,,,,,,,,,,,,,,,
*,30102,现金本2,1001,,420000,,,,,,,,,,,,,,,,,,,,,
*,30103,现金本3,1001,,420000,,,,,,,,,,,,,,,,,,,,,
*,30104,现金本4,1001,,420000,,,,,,,,,,,,,,,,,,,,,
*,30105,现金本5,1001,,420000,,,,,,,,,,,,,,,,,,,,,
*,30106,现金本6,1001,,420000,,,,,,,,,,,,,,,,,,,,,
*,30107,现金本7,1001,,420000,,,,,,,,,,,,,,,,,,,,,
*,30108,现金本8,1001,,420000,,,,,,,,,,,,,,,,,,,,,
*,30109,现金本9,1001,,420000,,,,,,,,,,,,,,,,,,,,,
*,30110,现金本10,1001,,420000,,,,,,,,,,,,,,,,,,,,,
*,30111,现金本11,1001,,420000,,,,,,,,,,,,,,,,,,,,,
*,30112,现金本12,1001,,420000,,,,,,,,,,,,,,,,,,,,,
*,30113,现金本13,1001,,420000,,,,,,,,,,,,,,,,,,,,,
*,30114,现金本14,1001,,420000,,,,,,,,,,,,,,,,,,,,,
*,30115,现金本15,1001,,420000,,,,,,,,,,,,,,,,,,,,,
*,30116,现金本16,1001,,733350,,,,,,,,,,,,,,,,,,,,,
*,30117,现金本17,1001,,733350,,,,,,,,,,,,,,,,,,,,,
*,30118,现金本18,1001,,733350,,,,,,,,,,,,,,,,,,,,,
*,30119,现金本19,1001,,733350,,,,,,,,,,,,,,,,,,,,,
*,30120,现金本20,1001,,733350,,,,,,,,,,,,,,,,,,,,,
*,30121,现金本21,1001,,733350,,,,,,,,,,,,,,,,,,,,,
*,30122,现金本22,1001,,766650,,,,,,,,,,,,,,,,,,,,,
*,30123,现金本23,1001,,766650,,,,,,,,,,,,,,,,,,,,,
*,30124,现金本24,1001,,766650,,,,,,,,,,,,,,,,,,,,,
*,30125,现金本25,1001,,2400000,,,,,,,,,,,,,,,,,,,,,
*,30126,现金本26,1001,,2400000,,,,,,,,,,,,,,,,,,,,,
*,30127,现金本27,1001,,5000000,,,,,,,,,,,,,,,,,,,,,
*,30128,现金本28,1001,,5200000,,,,,,,,,,,,,,,,,,,,,
*,30129,现金本29,1001,,5400000,,,,,,,,,,,,,,,,,,,,,
*,30130,现金本30,1001,,5600000,,,,,,,,,,,,,,,,,,,,,
*,30131,现金本31,1001,,5800000,,,,,,,,,,,,,,,,,,,,,
*,30132,现金本32,1001,,6200000,,,,,,,,,,,,,,,,,,,,,
*,30133,现金本33,1001,,6600000,,,,,,,,,,,,,,,,,,,,,
*,30134,现金本34,1001,,7000000,,,,,,,,,,,,,,,,,,,,,
*,30135,现金本35,1001,,7400000,,,,,,,,,,,,,,,,,,,,,
*,30136,现金本36,1001,,7800000,,,,,,,,,,,,,,,,,,,,,
*,30137,现金本37,1001,,8200000,,,,,,,,,,,,,,,,,,,,,
*,30138,现金本38,1001,,8600000,,,,,,,,,,,,,,,,,,,,,
*,30139,现金本39,1001,,9000000,,,,,,,,,,,,,,,,,,,,,
*,30140,现金本40,1001,,9400000,,,,,,,,,,,,,,,,,,,,,
*,30141,现金本41,1001,,9800000,,,,,,,,,,,,,,,,,,,,,
*,30142,现金本42,1001,,10200000,,,,,,,,,,,,,,,,,,,,,
*,30143,现金本43,1001,,10600000,,,,,,,,,,,,,,,,,,,,,
*,30144,现金本44,1001,,11000000,,,,,,,,,,,,,,,,,,,,,
*,30145,现金本45,1001,,11400000,,,,,,,,,,,,,,,,,,,,,
*,30146,现金本46,1001,,11800000,,,,,,,,,,,,,,,,,,,,,
*,30147,现金本47,1001,,12400000,,,,,,,,,,,,,,,,,,,,,
*,30148,现金本48,1001,,13000000,,,,,,,,,,,,,,,,,,,,,
*,30149,现金本49,1001,,13600000,,,,,,,,,,,,,,,,,,,,,
*,30150,现金本50,1001,,14200000,,,,,,,,,,,,,,,,,,,,,
*,30151,现金本51,1001,,14800000,,,,,,,,,,,,,,,,,,,,,
*,30152,现金本52,1001,,15400000,,,,,,,,,,,,,,,,,,,,,
*,30153,现金本53,1001,,16000000,,,,,,,,,,,,,,,,,,,,,
*,30154,现金本54,1001,,16600000,,,,,,,,,,,,,,,,,,,,,
*,30155,现金本55,1001,,17200000,,,,,,,,,,,,,,,,,,,,,
*,30156,现金本56,1001,,17800000,,,,,,,,,,,,,,,,,,,,,
*,30157,现金本57,1001,,18400000,,,,,,,,,,,,,,,,,,,,,
*,30158,现金本58,1001,,19000000,,,,,,,,,,,,,,,,,,,,,
*,30159,现金本59,1001,,19800000,,,,,,,,,,,,,,,,,,,,,
*,30160,现金本60,1001,,20600000,,,,,,,,,,,,,,,,,,,,,
*,30161,现金本61,1001,,21400000,,,,,,,,,,,,,,,,,,,,,
*,30162,现金本62,1001,,22200000,,,,,,,,,,,,,,,,,,,,,
*,30163,现金本63,1001,,23000000,,,,,,,,,,,,,,,,,,,,,
*,30164,现金本64,1001,,23800000,,,,,,,,,,,,,,,,,,,,,
*,30165,现金本65,1001,,24600000,,,,,,,,,,,,,,,,,,,,,
*,30166,现金本66,1001,,25400000,,,,,,,,,,,,,,,,,,,,,
*,30167,现金本67,1001,,26200000,,,,,,,,,,,,,,,,,,,,,
*,30168,现金本68,1001,,27000000,,,,,,,,,,,,,,,,,,,,,
*,30169,现金本69,1001,,27800000,,,,,,,,,,,,,,,,,,,,,
*,30170,现金本70,1001,,28600000,,,,,,,,,,,,,,,,,,,,,
*,30171,现金本71,1001,,29400000,,,,,,,,,,,,,,,,,,,,,
*,30172,现金本72,1001,,30200000,,,,,,,,,,,,,,,,,,,,,
*,30173,现金本73,1001,,31000000,,,,,,,,,,,,,,,,,,,,,
*,30174,现金本74,1001,,31800000,,,,,,,,,,,,,,,,,,,,,
*,30175,现金本75,1001,,32600000,,,,,,,,,,,,,,,,,,,,,
*,30176,现金本76,1001,,33400000,,,,,,,,,,,,,,,,,,,,,
*,30177,现金本77,1001,,34200000,,,,,,,,,,,,,,,,,,,,,
*,30178,现金本78,1001,,35000000,,,,,,,,,,,,,,,,,,,,,
*,30179,现金本79,1001,,35800000,,,,,,,,,,,,,,,,,,,,,
*,30180,现金本80,1001,,36600000,,,,,,,,,,,,,,,,,,,,,
,护送要员,,,,,,,,,,,,,,,,,,,,,,,,,
*,30201,护送1,8801,4,,2001,,30000,2002,,10,,,,,,,,,,,,,,,
*,30202,护送2,8801,4,,2001,,30000,2002,,10,,,,,,,,,,,,,,,
*,30203,护送3,8801,4,,2001,,30000,2002,,10,,,,,,,,,,,,,,,
*,30204,护送4,8801,4,,2001,,30000,2002,,10,,,,,,,,,,,,,,,
*,30205,护送5,8801,4,,2001,,30000,2002,,10,,,,,,,,,,,,,,,
*,30206,护送6,8801,4,,2001,,30000,2002,,10,,,,,,,,,,,,,,,
*,30207,护送7,8801,4,,2001,,30000,2002,,10,,,,,,,,,,,,,,,
*,30208,护送8,8801,4,,2001,,30000,2002,,10,,,,,,,,,,,,,,,
*,30209,护送9,8801,4,,2001,,30000,2002,,10,,,,,,,,,,,,,,,
*,30210,护送10,8801,4,,2001,,30000,2002,,10,,,,,,,,,,,,,,,
*,30211,护送11,8801,4,,2001,,30000,2002,,10,,,,,,,,,,,,,,,
*,30212,护送12,8801,4,,2001,,30000,2002,,10,,,,,,,,,,,,,,,
*,30213,护送13,8801,4,,2001,,30000,2002,,10,,,,,,,,,,,,,,,
*,30214,护送14,8801,4,,2001,,30000,2002,,10,,,,,,,,,,,,,,,
*,30215,护送15,8801,4,,2001,,30000,2002,,10,,,,,,,,,,,,,,,
*,30216,护送16,8801,4,,2001,,30000,2002,,10,,,,,,,,,,,,,,,
*,30217,护送17,8801,4,,2001,,30000,2002,,10,,,,,,,,,,,,,,,
*,30218,护送18,8801,4,,2001,,30000,2002,,10,,,,,,,,,,,,,,,
*,30219,护送19,8801,4,,2001,,30000,2002,,10,,,,,,,,,,,,,,,
*,30220,护送20,8801,4,,2001,,30000,2002,,10,,,,,,,,,,,,,,,
*,30221,护送21,8801,4,,2001,,30000,2002,,10,,,,,,,,,,,,,,,
*,30222,护送22,8801,4,,2001,,30000,2002,,10,,,,,,,,,,,,,,,
*,30223,护送23,8801,4,,2001,,30000,2002,,10,,,,,,,,,,,,,,,
*,30224,护送24,8801,4,,2001,,30000,2002,,10,,,,,,,,,,,,,,,
*,30225,护送25,8801,4,,2001,,116667,2002,,10,,,,,,,,,,,,,,,
*,30226,护送26,8801,4,,2001,,116667,2002,,10,,,,,,,,,,,,,,,
*,30227,护送27,8801,4,,2001,,133333,2002,,10,,,,,,,,,,,,,,,
*,30228,护送28,8801,4,,2001,,150000,2002,,10,,,,,,,,,,,,,,,
*,30229,护送29,8801,4,,2001,,166667,2002,,10,,,,,,,,,,,,,,,
*,30230,护送30,8801,4,,2001,,183333,2002,,10,,,,,,,,,,,,,,,
*,30231,护送31,8801,4,,2001,,200000,2002,,10,,,,,,,,,,,,,,,
*,30232,护送32,8801,4,,2001,,233333,2002,,10,,,,,,,,,,,,,,,
*,30233,护送33,8801,4,,2001,,266667,2002,,10,,,,,,,,,,,,,,,
*,30234,护送34,8801,4,,2001,,300000,2002,,10,,,,,,,,,,,,,,,
*,30235,护送35,8801,4,,2001,,333333,2002,,10,,,,,,,,,,,,,,,
*,30236,护送36,8801,4,,2001,,366667,2002,,10,,,,,,,,,,,,,,,
*,30237,护送37,8801,4,,2001,,400000,2002,,10,,,,,,,,,,,,,,,
*,30238,护送38,8801,4,,2001,,433333,2002,,10,,,,,,,,,,,,,,,
*,30239,护送39,8801,4,,2001,,466667,2002,,10,,,,,,,,,,,,,,,
*,30240,护送40,8801,4,,2001,,500000,2002,,10,,,,,,,,,,,,,,,
*,30241,护送41,8801,4,,2001,,533333,2002,,10,,,,,,,,,,,,,,,
*,30242,护送42,8801,4,,2001,,566667,2002,,10,,,,,,,,,,,,,,,
*,30243,护送43,8801,4,,2001,,600000,2002,,10,,,,,,,,,,,,,,,
*,30244,护送44,8801,4,,2001,,633333,2002,,10,,,,,,,,,,,,,,,
*,30245,护送45,8801,4,,2001,,666667,2002,,10,,,,,,,,,,,,,,,
*,30246,护送46,8801,4,,2001,,700000,2002,,10,,,,,,,,,,,,,,,
*,30247,护送47,8801,4,,2001,,750000,2002,,10,,,,,,,,,,,,,,,
*,30248,护送48,8801,4,,2001,,800000,2002,,10,,,,,,,,,,,,,,,
*,30249,护送49,8801,4,,2001,,850000,2002,,10,,,,,,,,,,,,,,,
*,30250,护送50,8801,4,,2001,,900000,2002,,10,,,,,,,,,,,,,,,
*,30251,护送51,8801,4,,2001,,950000,2002,,10,,,,,,,,,,,,,,,
*,30252,护送52,8801,4,,2001,,1000000,2002,,10,,,,,,,,,,,,,,,
*,30253,护送53,8801,4,,2001,,1050000,2002,,10,,,,,,,,,,,,,,,
*,30254,护送54,8801,4,,2001,,1100000,2002,,10,,,,,,,,,,,,,,,
*,30255,护送55,8801,4,,2001,,1150000,2002,,10,,,,,,,,,,,,,,,
*,30256,护送56,8801,4,,2001,,1200000,2002,,10,,,,,,,,,,,,,,,
*,30257,护送57,8801,4,,2001,,1250000,2002,,10,,,,,,,,,,,,,,,
*,30258,护送58,8801,4,,2001,,1300000,2002,,10,,,,,,,,,,,,,,,
*,30259,护送59,8801,4,,2001,,1366667,2002,,10,,,,,,,,,,,,,,,
*,30260,护送60,8801,4,,2001,,1433333,2002,,10,,,,,,,,,,,,,,,
*,30261,护送61,8801,4,,2001,,1500000,2002,,10,,,,,,,,,,,,,,,
*,30262,护送62,8801,4,,2001,,1566667,2002,,10,,,,,,,,,,,,,,,
*,30263,护送63,8801,4,,2001,,1633333,2002,,10,,,,,,,,,,,,,,,
*,30264,护送64,8801,4,,2001,,1700000,2002,,10,,,,,,,,,,,,,,,
*,30265,护送65,8801,4,,2001,,1766667,2002,,10,,,,,,,,,,,,,,,
*,30266,护送66,8801,4,,2001,,1833333,2002,,10,,,,,,,,,,,,,,,
*,30267,护送67,8801,4,,2001,,1900000,2002,,10,,,,,,,,,,,,,,,
*,30268,护送68,8801,4,,2001,,1966667,2002,,10,,,,,,,,,,,,,,,
*,30269,护送69,8801,4,,2001,,2033333,2002,,10,,,,,,,,,,,,,,,
*,30270,护送70,8801,4,,2001,,2100000,2002,,10,,,,,,,,,,,,,,,
*,30271,护送71,8801,4,,2001,,2166667,2002,,10,,,,,,,,,,,,,,,
*,30272,护送72,8801,4,,2001,,2233333,2002,,10,,,,,,,,,,,,,,,
*,30273,护送73,8801,4,,2001,,2300000,2002,,10,,,,,,,,,,,,,,,
*,30274,护送74,8801,4,,2001,,2366667,2002,,10,,,,,,,,,,,,,,,
*,30275,护送75,8801,4,,2001,,2433333,2002,,10,,,,,,,,,,,,,,,
*,30276,护送76,8801,4,,2001,,2500000,2002,,10,,,,,,,,,,,,,,,
*,30277,护送77,8801,4,,2001,,2566667,2002,,10,,,,,,,,,,,,,,,
*,30278,护送78,8801,4,,2001,,2633333,2002,,10,,,,,,,,,,,,,,,
*,30279,护送79,8801,4,,2001,,2700000,2002,,10,,,,,,,,,,,,,,,
*,30280,护送80,8801,4,,2001,,2766667,2002,,10,,,,,,,,,,,,,,,
*,30301,个人尬舞/经验本,2001,,,,,,,,,,,,,,,,,,,,,,,
*,30302,帮派尬舞,2001,,,1004,,,,,,,,,,,,,,,,,,,,
*,32001,生存战场,8801,,,2002,,,8001,,,,,,,,,,,,,,,,,
,竞技场,,,,,,,,,,,,,,,,,,,,,,,,,
*,33201,竞技场排名_日结1-1,1002,,50,2002,,300,,,,,,,,,,,,,,,,,,
*,33202,竞技场排名_日结2-2,1002,,40,2002,,280,,,,,,,,,,,,,,,,,,
*,33203,竞技场排名_日结3-3,1002,,30,2002,,260,,,,,,,,,,,,,,,,,,
*,33204,竞技场排名_日结4-10,1002,,28,2002,,240,,,,,,,,,,,,,,,,,,
*,33205,竞技场排名_日结11-20,1002,,26,2002,,200,,,,,,,,,,,,,,,,,,
*,33206,竞技场排名_日结21-40,1002,,24,2002,,150,,,,,,,,,,,,,,,,,,
*,33207,竞技场排名_日结41-80,1002,,22,2002,,100,,,,,,,,,,,,,,,,,,
*,33208,竞技场排名_日结81-150,1002,,20,2002,,80,,,,,,,,,,,,,,,,,,
*,33209,竞技场排名_日结151-400,1002,,15,2002,,60,,,,,,,,,,,,,,,,,,
*,33210,竞技场排名_日结401-1000,1002,,10,2002,,30,,,,,,,,,,,,,,,,,,
,个人爬塔,,,,,,,,,,,,,,,,,,,,,,,,,
*,34001,个人爬塔-重复1,1001,,10000,2001,,1429,,,,,,,,,,,,,,,,,,
*,34002,个人爬塔-重复2,1001,,15000,2001,,2143,,,,,,,,,,,,,,,,,,
*,34003,个人爬塔-重复3,1001,,20000,2001,,2857,,,,,,,,,,,,,,,,,,
*,34004,个人爬塔-重复4,1001,,25000,2001,,3571,,,,,,,,,,,,,,,,,,
*,34005,个人爬塔-重复5,1001,,30000,2001,,4286,,,,,,,,,,,,,,,,,,
*,34006,个人爬塔-重复6,1001,,35000,2001,,6000,,,,,,,,,,,,,,,,,,
*,34007,个人爬塔-重复7,1001,,40000,2001,,6000,,,,,,,,,,,,,,,,,,
*,34008,个人爬塔-重复8,1001,,45000,2001,,6000,,,,,,,,,,,,,,,,,,
*,34009,个人爬塔-重复9,1001,,50000,2001,,6000,,,,,,,,,,,,,,,,,,
*,34010,个人爬塔-重复10,1001,,55000,2001,,6000,,,,,,,,,,,,,,,,,,
*,34011,个人爬塔-重复11,1001,,60000,2001,,6000,,,,,,,,,,,,,,,,,,
*,34012,个人爬塔-重复12,1001,,65000,2001,,6000,,,,,,,,,,,,,,,,,,
*,34013,个人爬塔-重复13,1001,,70000,2001,,6000,,,,,,,,,,,,,,,,,,
*,34014,个人爬塔-重复14,1001,,75000,2001,,6000,,,,,,,,,,,,,,,,,,
*,34015,个人爬塔-重复15,1001,,78000,2001,,6000,,,,,,,,,,,,,,,,,,
*,34016,个人爬塔-重复16,1001,,80000,2001,,6000,,,,,,,,,,,,,,,,,,
*,34017,个人爬塔-重复17,1001,,82000,2001,,6000,,,,,,,,,,,,,,,,,,
*,34018,个人爬塔-重复18,1001,,84000,2001,,6000,,,,,,,,,,,,,,,,,,
*,34019,个人爬塔-重复19,1001,,86000,2001,,6500,,,,,,,,,,,,,,,,,,
*,34020,个人爬塔-重复20,1001,,88000,2001,,7000,,,,,,,,,,,,,,,,,,
*,34021,个人爬塔-重复21,1001,,90000,2001,,7000,,,,,,,,,,,,,,,,,,
*,34022,个人爬塔-重复22,1001,,92000,2001,,7000,,,,,,,,,,,,,,,,,,
*,34023,个人爬塔-重复23,1001,,94000,2001,,7000,,,,,,,,,,,,,,,,,,
*,34024,个人爬塔-重复24,1001,,96000,2001,,8000,,,,,,,,,,,,,,,,,,
*,34025,个人爬塔-重复25,1001,,98000,2001,,14000,,,,,,,,,,,,,,,,,,
*,34026,个人爬塔-重复26,1001,,100000,2001,,14286,,,,,,,,,,,,,,,,,,
*,34027,个人爬塔-重复27,1001,,200000,2001,,28571,,,,,,,,,,,,,,,,,,
*,34028,个人爬塔-重复28,1001,,200000,2001,,28571,,,,,,,,,,,,,,,,,,
*,34029,个人爬塔-重复29,1001,,200000,2001,,28571,,,,,,,,,,,,,,,,,,
*,34030,个人爬塔-重复30,1001,,200000,2001,,28571,,,,,,,,,,,,,,,,,,
*,34031,个人爬塔-重复31,1001,,262500,2001,,37500,,,,,,,,,,,,,,,,,,
*,34032,个人爬塔-重复32,1001,,315000,2001,,45000,,,,,,,,,,,,,,,,,,
*,34033,个人爬塔-重复33,1001,,367500,2001,,52500,,,,,,,,,,,,,,,,,,
*,34034,个人爬塔-重复34,1001,,420000,2001,,60000,,,,,,,,,,,,,,,,,,
*,34035,个人爬塔-重复35,1001,,472500,2001,,67500,,,,,,,,,,,,,,,,,,
*,34036,个人爬塔-重复36,1001,,472500,2001,,67500,,,,,,,,,,,,,,,,,,
*,34037,个人爬塔-重复37,1001,,472500,2001,,67500,,,,,,,,,,,,,,,,,,
*,34038,个人爬塔-重复38,1001,,472500,2001,,67500,,,,,,,,,,,,,,,,,,
*,34039,个人爬塔-重复39,1001,,472500,2001,,67500,,,,,,,,,,,,,,,,,,
*,34040,个人爬塔-重复40,1001,,472500,2001,,67500,,,,,,,,,,,,,,,,,,
*,34041,个人爬塔-重复41,1001,,472500,2001,,67500,,,,,,,,,,,,,,,,,,
*,34042,个人爬塔-重复42,1001,,472500,2001,,67500,,,,,,,,,,,,,,,,,,
*,34043,个人爬塔-重复43,1001,,472500,2001,,67500,,,,,,,,,,,,,,,,,,
*,34044,个人爬塔-重复44,1001,,472500,2001,,67500,,,,,,,,,,,,,,,,,,
*,34045,个人爬塔-重复45,1001,,472500,2001,,67500,,,,,,,,,,,,,,,,,,
*,34046,个人爬塔-重复46,1001,,472500,2001,,67500,,,,,,,,,,,,,,,,,,
*,34047,个人爬塔-重复47,1001,,472500,2001,,67500,,,,,,,,,,,,,,,,,,
*,34048,个人爬塔-重复48,1001,,472500,2001,,67500,,,,,,,,,,,,,,,,,,
*,34049,个人爬塔-重复49,1001,,472500,2001,,67500,,,,,,,,,,,,,,,,,,
*,34050,个人爬塔-重复50,1001,,472500,2001,,67500,,,,,,,,,,,,,,,,,,
*,34051,个人爬塔-重复51,1001,,472500,2001,,67500,,,,,,,,,,,,,,,,,,
*,34052,个人爬塔-重复52,1001,,472500,2001,,67500,,,,,,,,,,,,,,,,,,
*,34053,个人爬塔-重复53,1001,,472500,2001,,67500,,,,,,,,,,,,,,,,,,
*,34054,个人爬塔-重复54,1001,,472500,2001,,67500,,,,,,,,,,,,,,,,,,
*,34055,个人爬塔-重复55,1001,,472500,2001,,67500,,,,,,,,,,,,,,,,,,
*,34056,个人爬塔-重复56,1001,,472500,2001,,67500,,,,,,,,,,,,,,,,,,
*,34057,个人爬塔-重复57,1001,,472500,2001,,67500,,,,,,,,,,,,,,,,,,
*,34058,个人爬塔-重复58,1001,,472500,2001,,67500,,,,,,,,,,,,,,,,,,
*,34059,个人爬塔-重复59,1001,,495000,2001,,70714,,,,,,,,,,,,,,,,,,
*,34060,个人爬塔-重复60,1001,,500000,2001,,71429,,,,,,,,,,,,,,,,,,
*,34061,个人爬塔-重复61,1001,,510000,2001,,72857,,,,,,,,,,,,,,,,,,
*,34062,个人爬塔-重复62,1001,,520000,2001,,74286,,,,,,,,,,,,,,,,,,
*,34063,个人爬塔-重复63,1001,,530000,2001,,75714,,,,,,,,,,,,,,,,,,
*,34064,个人爬塔-重复64,1001,,540000,2001,,80000,,,,,,,,,,,,,,,,,,
*,34065,个人爬塔-重复65,1001,,550000,2001,,80000,,,,,,,,,,,,,,,,,,
*,34066,个人爬塔-重复66,1001,,560000,2001,,80000,,,,,,,,,,,,,,,,,,
*,34067,个人爬塔-重复67,1001,,570000,2001,,82000,,,,,,,,,,,,,,,,,,
*,34068,个人爬塔-重复68,1001,,580000,2001,,84000,,,,,,,,,,,,,,,,,,
*,34069,个人爬塔-重复69,1001,,590000,2001,,86000,,,,,,,,,,,,,,,,,,
*,34070,个人爬塔-重复70,1001,,600000,2001,,88000,,,,,,,,,,,,,,,,,,
*,34071,个人爬塔-重复71,1001,,610000,2001,,90000,,,,,,,,,,,,,,,,,,
*,34072,个人爬塔-重复72,1001,,620000,2001,,92000,,,,,,,,,,,,,,,,,,
*,34073,个人爬塔-重复73,1001,,630000,2001,,94000,,,,,,,,,,,,,,,,,,
*,34074,个人爬塔-重复74,1001,,640000,2001,,96000,,,,,,,,,,,,,,,,,,
*,34075,个人爬塔-重复75,1001,,650000,2001,,98000,,,,,,,,,,,,,,,,,,
*,34076,个人爬塔-重复76,1001,,660000,2001,,100000,,,,,,,,,,,,,,,,,,
*,34077,个人爬塔-重复77,1001,,670000,2001,,102000,,,,,,,,,,,,,,,,,,
*,34078,个人爬塔-重复78,1001,,680000,2001,,104000,,,,,,,,,,,,,,,,,,
*,34079,个人爬塔-重复79,1001,,690000,2001,,150000,,,,,,,,,,,,,,,,,,
*,34080,个人爬塔-重复80,1001,,700000,2001,,200000,,,,,,,,,,,,,,,,,,
*,34505,个人爬塔-首次5层,1001,,1000,1002,,10,,,,,,,,,,,,,,,,,,
*,34510,个人爬塔-首次10层,1001,,2000,1002,,20,,,,,,,,,,,,,,,,,,
*,34515,个人爬塔-首次15层,1001,,3000,1002,,30,,,,,,,,,,,,,,,,,,
*,34520,个人爬塔-首次20层,1001,,4000,1002,,40,,,,,,,,,,,,,,,,,,
*,34525,个人爬塔-首次25层,1001,,5000,1002,,50,,,,,,,,,,,,,,,,,,
*,34530,个人爬塔-首次30层,1001,,6000,1002,,50,,,,,,,,,,,,,,,,,,
*,34535,个人爬塔-首次35层,1001,,7000,1002,,50,,,,,,,,,,,,,,,,,,
*,34540,个人爬塔-首次40层,1001,,8000,1002,,50,,,,,,,,,,,,,,,,,,
*,34545,个人爬塔-首次45层,1001,,12000,1002,,50,,,,,,,,,,,,,,,,,,
*,34550,个人爬塔-首次50层,1001,,19500,1002,,50,,,,,,,,,,,,,,,,,,
*,34555,个人爬塔-首次55层,1001,,27000,1002,,50,,,,,,,,,,,,,,,,,,
*,34560,个人爬塔-首次60层,1001,,34500,1002,,50,,,,,,,,,,,,,,,,,,
*,34565,个人爬塔-首次65层,1001,,42000,1002,,50,,,,,,,,,,,,,,,,,,
*,34570,个人爬塔-首次70层,1001,,49500,1002,,50,,,,,,,,,,,,,,,,,,
*,34575,个人爬塔-首次75层,1001,,57000,1002,,50,,,,,,,,,,,,,,,,,,
*,34580,个人爬塔-首次80层,1001,,64500,1002,,50,,,,,,,,,,,,,,,,,,
,飙车副本,,,,,,,,,,,,,,,,,,,,,,,,,
*,35501,飚车通关奖励1,2001,,21667,3001,,20,,8851,,,,,,,,,,,,,,,,
*,35502,飚车通关奖励2,2001,,21667,3001,,20,,8851,,,,,,,,,,,,,,,,
*,35503,飚车通关奖励3,2001,,21667,3001,,20,,8851,,,,,,,,,,,,,,,,
*,35504,飚车通关奖励4,2001,,21667,3001,,20,,8851,,,,,,,,,,,,,,,,
*,35505,飚车通关奖励5,2001,,21667,3001,,20,,8851,,,,,,,,,,,,,,,,
*,35506,飚车通关奖励6,2001,,21667,3001,,20,,8851,,,,,,,,,,,,,,,,
*,35507,飚车通关奖励7,2001,,21667,3001,,20,,8851,,,,,,,,,,,,,,,,
*,35508,飚车通关奖励8,2001,,21667,3001,,20,,8851,,,,,,,,,,,,,,,,
*,35509,飚车通关奖励9,2001,,21667,3001,,20,,8851,,,,,,,,,,,,,,,,
*,35510,飚车通关奖励10,2001,,21667,3001,,20,,8851,,,,,,,,,,,,,,,,
*,35511,飚车通关奖励11,2001,,21667,3001,,20,,8851,,,,,,,,,,,,,,,,
*,35512,飚车通关奖励12,2001,,21667,3001,,20,,8851,,,,,,,,,,,,,,,,
*,35513,飚车通关奖励13,2001,,21667,3001,,20,,8851,,,,,,,,,,,,,,,,
*,35514,飚车通关奖励14,2001,,21667,3001,,20,,8851,,,,,,,,,,,,,,,,
*,35515,飚车通关奖励15,2001,,21667,3001,,20,,8851,,,,,,,,,,,,,,,,
*,35516,飚车通关奖励16,2001,,37500,3001,,20,,8851,,,,,,,,,,,,,,,,
*,35517,飚车通关奖励17,2001,,37500,3001,,20,,8851,,,,,,,,,,,,,,,,
*,35518,飚车通关奖励18,2001,,37500,3001,,20,,8851,,,,,,,,,,,,,,,,
*,35519,飚车通关奖励19,2001,,37500,3001,,20,,8851,,,,,,,,,,,,,,,,
*,35520,飚车通关奖励20,2001,,37500,3001,,20,,8851,,,,,,,,,,,,,,,,
*,35521,飚车通关奖励21,2001,,37500,3001,,20,,8851,,,,,,,,,,,,,,,,
*,35522,飚车通关奖励22,2001,,45000,3001,,20,,8851,,,,,,,,,,,,,,,,
*,35523,飚车通关奖励23,2001,,45000,3001,,20,,8851,,,,,,,,,,,,,,,,
*,35524,飚车通关奖励24,2001,,45000,3001,,20,,8851,,,,,,,,,,,,,,,,
*,35525,飚车通关奖励25,2001,,58333,3001,,20,,8851,,,,,,,,,,,,,,,,
*,35526,飚车通关奖励26,2001,,58333,3001,,20,,8851,,,,,,,,,,,,,,,,
*,35527,飚车通关奖励27,2001,,66667,3001,,20,,8851,,,,,,,,,,,,,,,,
*,35528,飚车通关奖励28,2001,,75000,3001,,20,,8851,,,,,,,,,,,,,,,,
*,35529,飚车通关奖励29,2001,,83333,3001,,20,,8851,,,,,,,,,,,,,,,,
*,35530,飚车通关奖励30,2001,,91667,3001,,20,,8851,,,,,,,,,,,,,,,,
*,35531,飚车通关奖励31,2001,,100000,3001,,20,,8851,,,,,,,,,,,,,,,,
*,35532,飚车通关奖励32,2001,,116667,3001,,20,,8851,,,,,,,,,,,,,,,,
*,35533,飚车通关奖励33,2001,,133333,3001,,20,,8851,,,,,,,,,,,,,,,,
*,35534,飚车通关奖励34,2001,,150000,3001,,20,,8851,,,,,,,,,,,,,,,,
*,35535,飚车通关奖励35,2001,,166667,3001,,20,,8851,,,,,,,,,,,,,,,,
*,35536,飚车通关奖励36,2001,,183333,3001,,20,,8851,,,,,,,,,,,,,,,,
*,35537,飚车通关奖励37,2001,,200000,3001,,20,,8851,,,,,,,,,,,,,,,,
*,35538,飚车通关奖励38,2001,,216667,3001,,20,,8851,,,,,,,,,,,,,,,,
*,35539,飚车通关奖励39,2001,,233333,3001,,20,,8851,,,,,,,,,,,,,,,,
*,35540,飚车通关奖励40,2001,,250000,3001,,20,,8851,,,,,,,,,,,,,,,,
*,35541,飚车通关奖励41,2001,,266667,3001,,20,,8851,,,,,,,,,,,,,,,,
*,35542,飚车通关奖励42,2001,,283333,3001,,20,,8851,,,,,,,,,,,,,,,,
*,35543,飚车通关奖励43,2001,,300000,3001,,20,,8851,,,,,,,,,,,,,,,,
*,35544,飚车通关奖励44,2001,,316667,3001,,20,,8851,,,,,,,,,,,,,,,,
*,35545,飚车通关奖励45,2001,,333333,3001,,20,,8851,,,,,,,,,,,,,,,,
*,35546,飚车通关奖励46,2001,,350000,3001,,20,,8851,,,,,,,,,,,,,,,,
*,35547,飚车通关奖励47,2001,,375000,3001,,20,,8851,,,,,,,,,,,,,,,,
*,35548,飚车通关奖励48,2001,,400000,3001,,20,,8851,,,,,,,,,,,,,,,,
*,35549,飚车通关奖励49,2001,,425000,3001,,20,,8851,,,,,,,,,,,,,,,,
*,35550,飚车通关奖励50,2001,,450000,3001,,20,,8851,,,,,,,,,,,,,,,,
*,35551,飚车通关奖励51,2001,,475000,3001,,20,,8851,,,,,,,,,,,,,,,,
*,35552,飚车通关奖励52,2001,,500000,3001,,20,,8851,,,,,,,,,,,,,,,,
*,35553,飚车通关奖励53,2001,,525000,3001,,20,,8851,,,,,,,,,,,,,,,,
*,35554,飚车通关奖励54,2001,,550000,3001,,20,,8851,,,,,,,,,,,,,,,,
*,35555,飚车通关奖励55,2001,,575000,3001,,20,,8851,,,,,,,,,,,,,,,,
*,35556,飚车通关奖励56,2001,,600000,3001,,20,,8851,,,,,,,,,,,,,,,,
*,35557,飚车通关奖励57,2001,,625000,3001,,20,,8851,,,,,,,,,,,,,,,,
*,35558,飚车通关奖励58,2001,,650000,3001,,20,,8851,,,,,,,,,,,,,,,,
*,35559,飚车通关奖励59,2001,,683333,3001,,20,,8851,,,,,,,,,,,,,,,,
*,35560,飚车通关奖励60,2001,,716667,3001,,20,,8851,,,,,,,,,,,,,,,,
*,35561,飚车通关奖励61,2001,,750000,3001,,20,,8851,,,,,,,,,,,,,,,,
*,35562,飚车通关奖励62,2001,,783333,3001,,20,,8851,,,,,,,,,,,,,,,,
*,35563,飚车通关奖励63,2001,,816667,3001,,20,,8851,,,,,,,,,,,,,,,,
*,35564,飚车通关奖励64,2001,,850000,3001,,20,,8851,,,,,,,,,,,,,,,,
*,35565,飚车通关奖励65,2001,,883333,3001,,20,,8851,,,,,,,,,,,,,,,,
*,35566,飚车通关奖励66,2001,,916667,3001,,20,,8851,,,,,,,,,,,,,,,,
*,35567,飚车通关奖励67,2001,,950000,3001,,20,,8851,,,,,,,,,,,,,,,,
*,35568,飚车通关奖励68,2001,,983333,3001,,20,,8851,,,,,,,,,,,,,,,,
*,35569,飚车通关奖励69,2001,,1016667,3001,,20,,8851,,,,,,,,,,,,,,,,
*,35570,飚车通关奖励70,2001,,1050000,3001,,20,,8851,,,,,,,,,,,,,,,,
*,35571,飚车通关奖励71,2001,,1083333,3001,,20,,8851,,,,,,,,,,,,,,,,
*,35572,飚车通关奖励72,2001,,1116667,3001,,20,,8851,,,,,,,,,,,,,,,,
*,35573,飚车通关奖励73,2001,,1150000,3001,,20,,8851,,,,,,,,,,,,,,,,
*,35574,飚车通关奖励74,2001,,1183333,3001,,20,,8851,,,,,,,,,,,,,,,,
*,35575,飚车通关奖励75,2001,,1216667,3001,,20,,8851,,,,,,,,,,,,,,,,
*,35576,飚车通关奖励76,2001,,1250000,3001,,20,,8851,,,,,,,,,,,,,,,,
*,35577,飚车通关奖励77,2001,,1283333,3001,,20,,8851,,,,,,,,,,,,,,,,
*,35578,飚车通关奖励78,2001,,1316667,3001,,20,,8851,,,,,,,,,,,,,,,,
*,35579,飚车通关奖励79,2001,,1350000,3001,,20,,8851,,,,,,,,,,,,,,,,
*,35580,飚车通关奖励80,2001,,1383333,3001,,20,,8851,,,,,,,,,,,,,,,,
,装备副本,,,,,,,,,,,,,,,,,,,,,,,,,
*,36001,装备副本1-20,3001,,,8002,,,,,,,,,,,,,,,,,,,,
*,36002,装备副本21-30,3001,,,8003,,,8102,,,,,,,,,,,,,,,,,
*,36003,装备副本31-40,3001,,,8004,,,8102,,,8202,,,,,,,,,,,,,,
*,36004,装备副本41-50,3001,,,8005,,,8103,,,8202,,,8302,,,,,,,,,,,
*,36005,装备副本51-60,3001,,,8006,,,8104,,,8203,,,8302,,,,,,,,,,,
*,36006,装备副本61-70,3001,,,8007,,,8105,,,8204,,,8303,,,,,,,,,,,
*,36007,装备副本71-80,3001,,,8008,,,8106,,,8205,,,8304,,,,,,,,,,,
,监狱挂机,,,,,,,,,,,,,,,,,,,,,,,,,
*,38000,玩法界面展示,1001,,,9011,,,2001,,,,,,,,,,,,,,,,,
*,38001,1-20级1星,1001,,175000,9011,,1,2001,,14000,,,,,,,,,,,,,,,
*,38002,1-20级2星,1001,,200000,9011,,1,2001,,16000,,,,,,,,,,,,,,,
*,38003,1-20级3星,1001,,225000,9011,,1,2001,,18000,,,,,,,,,,,,,,,
*,38004,1-20级4星,1001,,250000,9011,,1,2001,,20000,,,,,,,,,,,,,,,
*,38005,1-20级5星,1001,,325000,9011,,1,2001,,26000,,,,,,,,,,,,,,,
*,38006,1-20级6星,1001,,400000,9011,,2,2001,,32000,,,,,,,,,,,,,,,
*,38007,1-20级7星,1001,,500000,9011,,2,2001,,40000,,,,,,,,,,,,,,,
*,38008,21-30级1星,1001,,252000,9011,,1,2001,,49000,,,,,,,,,,,,,,,
*,38009,21-30级2星,1001,,288000,9011,,1,2001,,56000,,,,,,,,,,,,,,,
*,38010,21-30级3星,1001,,324000,9011,,1,2001,,63000,,,,,,,,,,,,,,,
*,38011,21-30级4星,1001,,360000,9011,,1,2001,,70000,,,,,,,,,,,,,,,
*,38012,21-30级5星,1001,,468000,9011,,1,2001,,91000,,,,,,,,,,,,,,,
*,38013,21-30级6星,1001,,576000,9011,,2,2001,,112000,,,,,,,,,,,,,,,
*,38014,21-30级7星,1001,,720000,9011,,2,2001,,140000,,,,,,,,,,,,,,,
*,38015,31-40级1星,1001,,906500,9011,,1,2001,,140000,,,,,,,,,,,,,,,
*,38016,31-40级2星,1001,,1036000,9011,,1,2001,,160000,,,,,,,,,,,,,,,
*,38017,31-40级3星,1001,,1165500,9011,,1,2001,,180000,,,,,,,,,,,,,,,
*,38018,31-40级4星,1001,,1295000,9011,,1,2001,,200000,,,,,,,,,,,,,,,
*,38019,31-40级5星,1001,,1683500,9011,,1,2001,,260000,,,,,,,,,,,,,,,
*,38020,31-40级6星,1001,,2072000,9011,,2,2001,,320000,,,,,,,,,,,,,,,
*,38021,31-40级7星,1001,,2590000,9011,,2,2001,,400000,,,,,,,,,,,,,,,
*,38022,41-50级1星,1001,,1396500,9011,,1,2001,,280000,,,,,,,,,,,,,,,
*,38023,41-50级2星,1001,,1596000,9011,,1,2001,,320000,,,,,,,,,,,,,,,
*,38024,41-50级3星,1001,,1795500,9011,,1,2001,,360000,,,,,,,,,,,,,,,
*,38025,41-50级4星,1001,,1995000,9011,,1,2001,,400000,,,,,,,,,,,,,,,
*,38026,41-50级5星,1001,,2593500,9011,,1,2001,,520000,,,,,,,,,,,,,,,
*,38027,41-50级6星,1001,,3192000,9011,,2,2001,,640000,,,,,,,,,,,,,,,
*,38028,41-50级7星,1001,,3990000,9011,,2,2001,,800000,,,,,,,,,,,,,,,
*,38029,51-60级1星,1001,,2107000,9011,,1,2001,,483000,,,,,,,,,,,,,,,
*,38030,51-60级2星,1001,,2408000,9011,,1,2001,,552000,,,,,,,,,,,,,,,
*,38031,51-60级3星,1001,,2709000,9011,,1,2001,,621000,,,,,,,,,,,,,,,
*,38032,51-60级4星,1001,,3010000,9011,,1,2001,,690000,,,,,,,,,,,,,,,
*,38033,51-60级5星,1001,,3913000,9011,,1,2001,,897000,,,,,,,,,,,,,,,
*,38034,51-60级6星,1001,,4816000,9011,,2,2001,,1104000,,,,,,,,,,,,,,,
*,38035,51-60级7星,1001,,6020000,9011,,2,2001,,1380000,,,,,,,,,,,,,,,
*,38036,61-70级1星,1001,,3013500,9011,,1,2001,,742000,,,,,,,,,,,,,,,
*,38037,61-70级2星,1001,,3444000,9011,,1,2001,,848000,,,,,,,,,,,,,,,
*,38038,61-70级3星,1001,,3874500,9011,,1,2001,,954000,,,,,,,,,,,,,,,
*,38039,61-70级4星,1001,,4305000,9011,,1,2001,,1060000,,,,,,,,,,,,,,,
*,38040,61-70级5星,1001,,5596500,9011,,1,2001,,1378000,,,,,,,,,,,,,,,
*,38041,61-70级6星,1001,,6888000,9011,,2,2001,,1696000,,,,,,,,,,,,,,,
*,38042,61-70级7星,1001,,8610000,9011,,2,2001,,2120000,,,,,,,,,,,,,,,
*,38043,71-80级1星,1001,,3993500,9011,,1,2001,,1022000,,,,,,,,,,,,,,,
*,38044,71-80级2星,1001,,4564000,9011,,1,2001,,1168000,,,,,,,,,,,,,,,
*,38045,71-80级3星,1001,,5134500,9011,,1,2001,,1314000,,,,,,,,,,,,,,,
*,38046,71-80级4星,1001,,5705000,9011,,1,2001,,1460000,,,,,,,,,,,,,,,
*,38047,71-80级5星,1001,,7416500,9011,,1,2001,,1898000,,,,,,,,,,,,,,,
*,38048,71-80级6星,1001,,9128000,9011,,2,2001,,2336000,,,,,,,,,,,,,,,
*,38049,71-80级7星,1001,,11410000,9011,,2,2001,,2920000,,,,,,,,,,,,,,,
,支线,,,,,,,,,,,,,,,,,,,,,,,,,
*,40001,工匠X,2001,,2000,1001,,300,,,,,,,,,,,,,,,,,,
*,40002,被拦下的货物,2001,,2070,1001,,310,,,,,,,,,,,,,,,,,,
*,40003,倔强的条子,2001,,2135,1001,,315,,,,,,,,,,,,,,,,,,
*,40004,舞台即将完成,2001,,2200,1001,,325,,,,,,,,,,,,,,,,,,
*,40005,慈善家Grant,2001,,2265,1001,,330,,,,,,,,,,,,,,,,,,
*,40006,被盗的捐款,2001,,2335,1001,,335,,,,,,,,,,,,,,,,,,
*,40007,贫民窟的现状,2001,,2400,1001,,345,,,,,,,,,,,,,,,,,,
*,40008,中国城的传说,2001,,2465,1001,,350,,,,,,,,,,,,,,,,,,
*,40009,遗失的厨具,2001,,2530,1001,,355,,,,,,,,,,,,,,,,,,
*,40010,厨师之魂,2001,,2600,1001,,365,,,,,,,,,,,,,,,,,,
*,40011,失踪的送货人 ,2001,,2665,1001,,370,,,,,,,,,,,,,,,,,,
*,40012,神秘车辆 ,2001,,2730,1001,,375,,,,,,,,,,,,,,,,,,
*,40013,激斗港口,2001,,2795,1001,,385,,,,,,,,,,,,,,,,,,
*,40014,疯狂科学家,2001,,2860,1001,,390,,,,,,,,,,,,,,,,,,
*,40015,警员的苦恼,2001,,2930,1001,,395,,,,,,,,,,,,,,,,,,
*,40016,逮捕行动,2001,,2995,1001,,405,,,,,,,,,,,,,,,,,,
*,40017,最高指令,2001,,3060,1001,,410,,,,,,,,,,,,,,,,,,
*,40018,乘风破浪,2001,,3125,1001,,420,,,,,,,,,,,,,,,,,,
*,40019,海岛决战,2001,,3195,1001,,425,,,,,,,,,,,,,,,,,,
*,40020,升级武器,2001,,3260,1001,,430,,,,,,,,,,,,,,,,,,
*,40021,升级武器,2001,,3325,1001,,440,,,,,,,,,,,,,,,,,,
*,40022,升级武器,2001,,3390,1001,,445,,,,,,,,,,,,,,,,,,
*,40023,升级武器,2001,,3455,1001,,450,,,,,,,,,,,,,,,,,,
*,40024,升级武器,2001,,3525,1001,,460,,,,,,,,,,,,,,,,,,
*,40025,升级武器,2001,,3590,1001,,465,,,,,,,,,,,,,,,,,,
*,40026,升级武器,2001,,3655,1001,,470,,,,,,,,,,,,,,,,,,
*,40027,升级武器,2001,,3720,1001,,480,,,,,,,,,,,,,,,,,,
*,40028,升级防具,2001,,3790,1001,,485,,,,,,,,,,,,,,,,,,
*,40029,升级防具,2001,,3855,1001,,490,,,,,,,,,,,,,,,,,,
*,40030,升级防具,2001,,3920,1001,,500,,,,,,,,,,,,,,,,,,
*,40031,升级防具,2001,,3985,1001,,505,,,,,,,,,,,,,,,,,,
*,40032,升级防具,2001,,4050,1001,,515,,,,,,,,,,,,,,,,,,
*,40033,升级防具,2001,,4120,1001,,520,,,,,,,,,,,,,,,,,,
*,40034,升级防具,2001,,4185,1001,,525,,,,,,,,,,,,,,,,,,
*,40035,升级防具,2001,,3790,1001,,485,,,,,,,,,,,,,,,,,,
*,40036,升级饰品,2001,,3855,1001,,490,,,,,,,,,,,,,,,,,,
*,40037,升级饰品,2001,,3920,1001,,500,,,,,,,,,,,,,,,,,,
*,40038,升级饰品,2001,,3985,1001,,505,,,,,,,,,,,,,,,,,,
*,40039,升级饰品,2001,,4050,1001,,515,,,,,,,,,,,,,,,,,,
*,40040,升级饰品,2001,,3195,1001,,425,,,,,,,,,,,,,,,,,,
*,40041,升级饰品,2001,,3260,1001,,430,,,,,,,,,,,,,,,,,,
*,40042,升级饰品,2001,,3325,1001,,440,,,,,,,,,,,,,,,,,,
*,40043,升级饰品,2001,,3390,1001,,445,,,,,,,,,,,,,,,,,,
*,40044,升级技能,2001,,3455,1001,,450,,,,,,,,,,,,,,,,,,
*,40045,升级技能,2001,,3525,1001,,460,,,,,,,,,,,,,,,,,,
*,40046,升级技能,2001,,3590,1001,,465,,,,,,,,,,,,,,,,,,
*,40047,升级技能,2001,,3655,1001,,470,,,,,,,,,,,,,,,,,,
*,40048,升级技能,2001,,3720,1001,,480,,,,,,,,,,,,,,,,,,
*,40049,升级技能,2001,,3790,1001,,485,,,,,,,,,,,,,,,,,,
*,40050,升级技能,2001,,3855,1001,,490,,,,,,,,,,,,,,,,,,
*,40051,升级技能,2001,,3920,1001,,500,,,,,,,,,,,,,,,,,,
*,40052,升级徽章,2001,,3985,1001,,505,,,,,,,,,,,,,,,,,,
*,40053,升级徽章,2001,,4050,1001,,515,,,,,,,,,,,,,,,,,,
*,40054,升级徽章,2001,,4120,1001,,520,,,,,,,,,,,,,,,,,,
*,40055,升级能力,2001,,4185,1001,,525,,,,,,,,,,,,,,,,,,
*,40056,升级能力,2001,,3790,1001,,485,,,,,,,,,,,,,,,,,,
*,40057,升级能力,2001,,3855,1001,,490,,,,,,,,,,,,,,,,,,
*,40058,升级能力,2001,,3920,1001,,500,,,,,,,,,,,,,,,,,,
*,40059,获得车辆,2001,,3985,1001,,505,,,,,,,,,,,,,,,,,,
*,40060,获得车辆,2001,,4050,1001,,515,,,,,,,,,,,,,,,,,,
*,40061,获得车辆,2001,,4050,1001,,515,,,,,,,,,,,,,,,,,,
*,40062,MapSideMission1,2001,,2000,1001,,300,,,,,,,,,,,,,,,,,,
*,40063,MapSideMission2,2001,,2070,1001,,310,,,,,,,,,,,,,,,,,,
*,40064,MapSideMission3,2001,,2135,1001,,315,,,,,,,,,,,,,,,,,,
*,40065,MapSideMission4,2001,,2200,1001,,325,,,,,,,,,,,,,,,,,,
*,40066,MapSideMission5,2001,,2265,1001,,330,,,,,,,,,,,,,,,,,,
*,40067,MapSideMission6,2001,,2335,1001,,335,,,,,,,,,,,,,,,,,,
*,40068,MapSideMission7,2001,,2400,1001,,345,,,,,,,,,,,,,,,,,,
*,40069,MapSideMission8,2001,,2465,1001,,350,,,,,,,,,,,,,,,,,,
*,40070,MapSideMission9,2001,,2530,1001,,355,,,,,,,,,,,,,,,,,,
*,40071,MapSideMission10,2001,,2600,1001,,365,,,,,,,,,,,,,,,,,,
*,40072,MapSideMission11,2001,,2665,1001,,370,,,,,,,,,,,,,,,,,,
*,40073,MapSideMission12,2001,,2730,1001,,375,,,,,,,,,,,,,,,,,,
*,40074,MapSideMission13,2001,,2795,1001,,385,,,,,,,,,,,,,,,,,,
*,40075,MapSideMission14,2001,,2860,1001,,390,,,,,,,,,,,,,,,,,,
*,40076,MapSideMission15,2001,,2930,1001,,395,,,,,,,,,,,,,,,,,,
*,40077,MapSideMission16,2001,,2995,1001,,405,,,,,,,,,,,,,,,,,,
*,40078,MapSideMission17,2001,,3060,1001,,410,,,,,,,,,,,,,,,,,,
*,40079,MapSideMission18,2001,,3125,1001,,420,,,,,,,,,,,,,,,,,,
*,40080,MapSideMission19,2001,,3195,1001,,425,,,,,,,,,,,,,,,,,,
*,40081,MapSideMission20,2001,,3260,1001,,430,,,,,,,,,,,,,,,,,,
*,40082,MapSideMission21,2001,,3325,1001,,440,,,,,,,,,,,,,,,,,,
*,40083,MapSideMission22,2001,,3390,1001,,445,,,,,,,,,,,,,,,,,,
*,40084,MapSideMission23,2001,,3455,1001,,450,,,,,,,,,,,,,,,,,,
*,40085,MapSideMission24,2001,,3525,1001,,460,,,,,,,,,,,,,,,,,,
*,40086,MapSideMission25,2001,,3590,1001,,465,,,,,,,,,,,,,,,,,,
*,40087,MapSideMission26,2001,,3655,1001,,470,,,,,,,,,,,,,,,,,,
*,40088,MapSideMission27,2001,,3720,1001,,480,,,,,,,,,,,,,,,,,,
*,40089,MapSideMission28,2001,,3790,1001,,485,,,,,,,,,,,,,,,,,,
*,40090,MapSideMission29,2001,,3855,1001,,490,,,,,,,,,,,,,,,,,,
*,40091,MapSideMission30,2001,,3920,1001,,500,,,,,,,,,,,,,,,,,,
*,40092,MapSideMission31,2001,,3985,1001,,505,,,,,,,,,,,,,,,,,,
*,40093,MapSideMission32,2001,,4050,1001,,515,,,,,,,,,,,,,,,,,,
*,40094,MapSideMission33,2001,,4120,1001,,520,,,,,,,,,,,,,,,,,,
*,40095,MapSideMission34,2001,,4185,1001,,525,,,,,,,,,,,,,,,,,,
*,40096,MapSideMission35,2001,,4250,1001,,535,,,,,,,,,,,,,,,,,,
*,40097,MapSideMission36,2001,,4315,1001,,540,,,,,,,,,,,,,,,,,,
*,40098,MapSideMission37,2001,,4385,1001,,545,,,,,,,,,,,,,,,,,,
*,40099,MapSideMission38,2001,,4450,1001,,555,,,,,,,,,,,,,,,,,,
*,40100,MapSideMission39,2001,,4515,1001,,560,,,,,,,,,,,,,,,,,,
*,40101,MapSideMission40,2001,,4580,1001,,565,,,,,,,,,,,,,,,,,,
*,40102,MapSideMission41,2001,,4645,1001,,575,,,,,,,,,,,,,,,,,,
*,40103,MapSideMission42,2001,,4715,1001,,580,,,,,,,,,,,,,,,,,,
*,40104,MapSideMission43,2001,,4780,1001,,585,,,,,,,,,,,,,,,,,,
*,40105,MapSideMission44,2001,,4845,1001,,595,,,,,,,,,,,,,,,,,,
*,40106,MapSideMission45,2001,,4910,1001,,600,,,,,,,,,,,,,,,,,,
*,40107,MapSideMission46,2001,,4980,1001,,605,,,,,,,,,,,,,,,,,,
*,40108,MapSideMission47,2001,,5045,1001,,615,,,,,,,,,,,,,,,,,,
*,40109,MapSideMission48,2001,,5110,1001,,620,,,,,,,,,,,,,,,,,,
*,40110,MapSideMission49,2001,,5175,1001,,630,,,,,,,,,,,,,,,,,,
*,40111,MapSideMission50,2001,,5240,1001,,635,,,,,,,,,,,,,,,,,,
*,40112,MapSideMission51,2001,,8075,1001,,635,,,,,,,,,,,,,,,,,,
*,40113,MapSideMission52,2001,,8358,1001,,635,,,,,,,,,,,,,,,,,,
*,40114,MapSideMission53,2001,,8641,1001,,635,,,,,,,,,,,,,,,,,,
*,40115,MapSideMission54,2001,,8924,1001,,635,,,,,,,,,,,,,,,,,,
*,40116,MapSideMission55,2001,,9207,1001,,635,,,,,,,,,,,,,,,,,,
*,40117,MapSideMission56,2001,,9490,1001,,635,,,,,,,,,,,,,,,,,,
*,40118,MapSideMission57,2001,,9773,1001,,635,,,,,,,,,,,,,,,,,,
*,40119,MapSideMission58,2001,,10056,1001,,635,,,,,,,,,,,,,,,,,,
*,40120,MapSideMission59,2001,,10339,1001,,635,,,,,,,,,,,,,,,,,,
*,40121,MapSideMission60,2001,,10622,1001,,635,,,,,,,,,,,,,,,,,,
*,40122,MapSideMission61,2001,,10905,1001,,635,,,,,,,,,,,,,,,,,,
*,40123,MapSideMission62,2001,,11188,1001,,635,,,,,,,,,,,,,,,,,,
*,40124,MapSideMission63,2001,,11471,1001,,635,,,,,,,,,,,,,,,,,,
*,40125,MapSideMission64,2001,,11754,1001,,635,,,,,,,,,,,,,,,,,,
*,40126,MapSideMission65,2001,,12037,1001,,635,,,,,,,,,,,,,,,,,,
*,40127,MapSideMission66,2001,,12320,1001,,635,,,,,,,,,,,,,,,,,,
*,40128,MapSideMission67,2001,,12603,1001,,635,,,,,,,,,,,,,,,,,,
*,40129,MapSideMission68,2001,,12886,1001,,635,,,,,,,,,,,,,,,,,,
*,40130,MapSideMission69,2001,,13169,1001,,635,,,,,,,,,,,,,,,,,,
*,40131,MapSideMission70,2001,,13452,1001,,635,,,,,,,,,,,,,,,,,,
*,40132,MapSideMission71,2001,,13735,1001,,635,,,,,,,,,,,,,,,,,,
*,40133,MapSideMission72,2001,,14018,1001,,635,,,,,,,,,,,,,,,,,,
*,40134,MapSideMission73,2001,,14301,1001,,635,,,,,,,,,,,,,,,,,,
*,40135,MapSideMission74,2001,,14584,1001,,635,,,,,,,,,,,,,,,,,,
*,40136,MapSideMission75,2001,,14867,1001,,635,,,,,,,,,,,,,,,,,,
*,40137,MapSideMission76,2001,,5000,1001,,6666,,,,,,,,,,,,,,,,,,
,,单机主线任务,,,,,,,,,,,,,,,,,,,,,,,,
*,40901,单机主线1001,2001,,400,1001,,5000,,,,,,,,,,,,,,,,,,
*,40902,单机主线1002,2001,,720,1001,,5000,,,,,,,,,,,,,,,,,,
*,40903,单机主线1003,2001,,1500,1001,,5000,,,,,,,,,,,,,,,,,,
*,40904,单机主线1004,2001,,11000,1001,,5000,,,,,,,,,,,,,,,,,,
*,40905,单机主线1005,2001,,13000,1001,,5000,,,,,,,,,,,,,,,,,,
*,40906,单机主线1006,2001,,5000,1001,,5000,,,,,,,,,,,,,,,,,,
*,40907,单机主线1007,2001,,5000,1001,,5000,,,,,,,,,,,,,,,,,,
*,40908,单机主线1008,2001,,5000,1001,,5000,,,,,,,,,,,,,,,,,,
*,40909,单机主线1009,2001,,5000,1001,,5000,,,,,,,,,,,,,,,,,,
*,40910,单机主线1010,2001,,5000,1001,,5000,,,,,,,,,,,,,,,,,,
*,40911,单机主线1011,2001,,5000,1001,,5000,,,,,,,,,,,,,,,,,,
*,40912,单机主线1012,2001,,5000,1001,,5000,,,,,,,,,,,,,,,,,,
*,40913,单机主线1013,2001,,5000,1001,,5000,,,,,,,,,,,,,,,,,,
*,40914,单机主线1014,2001,,5000,1001,,5000,,,,,,,,,,,,,,,,,,
*,40915,单机主线1015,2001,,5000,1001,,5000,,,,,,,,,,,,,,,,,,
*,40916,单机主线1016,2001,,5000,1001,,5000,,,,,,,,,,,,,,,,,,
*,40917,单机主线1017,2001,,5000,1001,,5000,,,,,,,,,,,,,,,,,,
*,40918,单机主线1018,2001,,5000,1001,,5000,,,,,,,,,,,,,,,,,,
*,40919,单机主线1018,2001,,5000,1001,,5000,,,,,,,,,,,,,,,,,,
,角色1主线,,,,,,,,,,,,,,,,,,,,,,,,,
*,41001,角色1主线1,2001,,1000,1001,,2000,,,,,,,,,,,,,,,,,,
*,41002,角色1主线2,2001,,1000,1001,,2000,10002,1,1,,,,,,,,,,,,,,,
*,41003,角色1主线3,2001,,1000,1001,,2000,10003,1,1,,,,,,,,,,,,,,,
*,41004,角色1主线4,2001,,1000,1001,,2000,10004,1,1,,,,,,,,,,,,,,,
*,41005,角色1主线5,2001,,1000,1001,,2000,10005,1,1,,,,,,,,,,,,,,,
*,41006,角色1主线6,2001,,1000,1001,,2000,10006,1,1,,,,,,,,,,,,,,,
*,41007,角色1主线7,2001,,1000,1001,,2000,10002,2,1,,,,,,,,,,,,,,,
*,41008,角色1主线8,2001,,1000,1001,,2000,10003,2,1,,,,,,,,,,,,,,,
*,41009,角色1主线9,2001,,1000,1001,,2000,20001,1,1,,,,,,,,,,,,,,,
*,41010,角色1主线10,2001,,1000,1001,,2000,10004,2,1,,,,,,,,,,,,,,,
*,41011,角色1主线11,2001,,1000,1001,,2000,10005,2,1,,,,,,,,,,,,,,,
*,41012,角色1主线12,2001,,1000,1001,,2000,30001,2,1,,,,,,,,,,,,,,,
*,41013,角色1主线13,2001,,1000,1001,,2200,10006,2,1,,,,,,,,,,,,,,,
*,41014,角色1主线14,2001,,1000,1001,,2400,4001,2,1,,,,,,,,,,,,,,,
*,41015,角色1主线15,2001,,1000,1001,,2600,4001,2,1,,,,,,,,,,,,,,,
*,41016,角色1主线16,2001,,1000,1001,,2800,4001,2,1,,,,,,,,,,,,,,,
*,41017,角色1主线17,2001,,1000,1001,,3000,4001,2,1,,,,,,,,,,,,,,,
*,41018,角色1主线18,2001,,1000,1001,,3200,4001,2,1,,,,,,,,,,,,,,,
*,41019,角色1主线19,2001,,1000,1001,,3400,4001,2,1,,,,,,,,,,,,,,,
*,41020,角色1主线20,2001,,1000,1001,,3600,4001,2,1,,,,,,,,,,,,,,,
*,41021,角色1主线21,2001,,1000,1001,,3800,4001,2,1,,,,,,,,,,,,,,,
*,41022,角色1主线22,2001,,1690,1001,,4000,10101,1,1,,,,,,,,,,,,,,,
*,41023,角色1主线23,2001,,1690,1001,,4200,,,,,,,,,,,,,,,,,,
*,41024,角色1主线24,2001,,1690,1001,,4400,,,,,,,,,,,,,,,,,,
*,41025,角色1主线25,2001,,1690,1001,,4600,10102,1,1,,,,,,,,,,,,,,,
*,41026,角色1主线26,2001,,1690,1001,,4800,,,,,,,,,,,,,,,,,,
*,41027,角色1主线27,2001,,1690,1001,,5000,10103,1,1,,,,,,,,,,,,,,,
*,41028,角色1主线28,2001,,1690,1001,,5200,,,,,,,,,,,,,,,,,,
*,41029,角色1主线29,2001,,1690,1001,,5400,10104,1,1,,,,,,,,,,,,,,,
*,41030,角色1主线30,2001,,1690,1001,,5600,,,,,,,,,,,,,,,,,,
*,41031,角色1主线31,2001,,1690,1001,,5800,,,,,,,,,,,,,,,,,,
*,41032,角色1主线32,2001,,1690,1001,,6000,10105,1,1,,,,,,,,,,,,,,,
*,41033,角色1主线33,2001,,1690,1001,,6200,,,,,,,,,,,,,,,,,,
*,41034,角色1主线34,2001,,1690,1001,,6400,,,,,,,,,,,,,,,,,,
*,41035,角色1主线35,2001,,1690,1001,,6600,,,,,,,,,,,,,,,,,,
*,41036,角色1主线36,2001,,2250,1001,,6800,,,,,,,,,,,,,,,,,,
*,41037,角色1主线37,2001,,2250,1001,,7000,,,,,,,,,,,,,,,,,,
*,41038,角色1主线38,2001,,2250,1001,,7200,,,,,,,,,,,,,,,,,,
*,41039,角色1主线39,2001,,2250,1001,,7400,,,,,,,,,,,,,,,,,,
*,41040,角色1主线40,2001,,2250,1001,,7600,,,,,,,,,,,,,,,,,,
*,41041,角色1主线41,2001,,2250,1001,,7800,,,,,,,,,,,,,,,,,,
*,41042,角色1主线42,2001,,2250,1001,,8000,,,,,,,,,,,,,,,,,,
*,41043,角色1主线43,2001,,2250,1001,,8200,,,,,,,,,,,,,,,,,,
*,41044,角色1主线44,2001,,2250,1001,,8400,,,,,,,,,,,,,,,,,,
*,41045,角色1主线45,2001,,2250,1001,,8600,,,,,,,,,,,,,,,,,,
*,41046,角色1主线46,2001,,2250,1001,,8800,,,,,,,,,,,,,,,,,,
*,41047,角色1主线47,2001,,2250,1001,,9000,,,,,,,,,,,,,,,,,,
*,41048,角色1主线48,2001,,4000,1001,,9200,,,,,,,,,,,,,,,,,,
*,41049,角色1主线49,2001,,4000,1001,,9400,,,,,,,,,,,,,,,,,,
*,41050,角色1主线50,2001,,4000,1001,,9600,,,,,,,,,,,,,,,,,,
*,41051,角色1主线51,2001,,4000,1001,,9800,,,,,,,,,,,,,,,,,,
*,41052,角色1主线52,2001,,4000,1001,,10000,,,,,,,,,,,,,,,,,,
*,41053,角色1主线53,2001,,4000,1001,,10000,,,,,,,,,,,,,,,,,,
*,41054,角色1主线54,2001,,4000,1001,,10000,,,,,,,,,,,,,,,,,,
*,41055,角色1主线55,2001,,4000,1001,,10000,,,,,,,,,,,,,,,,,,
*,41056,角色1主线56,2001,,4000,1001,,10000,,,,,,,,,,,,,,,,,,
*,41057,角色1主线57,2001,,4000,1001,,10000,,,,,,,,,,,,,,,,,,
*,41058,角色1主线58,2001,,8410,1001,,10000,,,,,,,,,,,,,,,,,,
*,41059,角色1主线59,2001,,8410,1001,,10000,,,,,,,,,,,,,,,,,,
*,41060,角色1主线60,2001,,9000,1001,,10200,,,,,,,,,,,,,,,,,,
*,41061,角色1主线61,2001,,9000,1001,,10400,,,,,,,,,,,,,,,,,,
*,41062,角色1主线62,2001,,9610,1001,,10600,,,,,,,,,,,,,,,,,,
*,41063,角色1主线63,2001,,9610,1001,,10800,,,,,,,,,,,,,,,,,,
*,41064,角色1主线64,2001,,10240,1001,,11000,,,,,,,,,,,,,,,,,,
*,41065,角色1主线65,2001,,10240,1001,,11200,,,,,,,,,,,,,,,,,,
*,41066,角色1主线66,2001,,10890,1001,,11400,,,,,,,,,,,,,,,,,,
*,41067,角色1主线67,2001,,10890,1001,,11600,,,,,,,,,,,,,,,,,,
*,41068,角色1主线68,2001,,11560,1001,,11800,,,,,,,,,,,,,,,,,,
*,41069,角色1主线69,2001,,11560,1001,,12000,,,,,,,,,,,,,,,,,,
*,41070,角色1主线70,2001,,12250,1001,,12200,,,,,,,,,,,,,,,,,,
*,41071,角色1主线71,2001,,12250,1001,,12400,,,,,,,,,,,,,,,,,,
*,41072,角色1主线72,2001,,12960,1001,,12600,,,,,,,,,,,,,,,,,,
*,41073,角色1主线73,2001,,12960,1001,,12800,,,,,,,,,,,,,,,,,,
*,41074,角色1主线74,2001,,13690,1001,,13000,,,,,,,,,,,,,,,,,,
*,41075,角色1主线75,2001,,13690,1001,,13200,,,,,,,,,,,,,,,,,,
*,41076,角色1主线76,2001,,14440,1001,,13400,,,,,,,,,,,,,,,,,,
*,41077,角色1主线77,2001,,14440,1001,,13600,,,,,,,,,,,,,,,,,,
*,41078,角色1主线78,2001,,15210,1001,,13800,,,,,,,,,,,,,,,,,,
*,41079,角色1主线79,2001,,15210,1001,,14000,,,,,,,,,,,,,,,,,,
*,41080,角色1主线80,2001,,16000,1001,,14200,,,,,,,,,,,,,,,,,,
*,41081,角色1主线81,2001,,16000,1001,,14400,,,,,,,,,,,,,,,,,,
*,41082,角色1主线82,2001,,16810,1001,,14600,,,,,,,,,,,,,,,,,,
*,41083,角色1主线83,2001,,16810,1001,,14800,,,,,,,,,,,,,,,,,,
*,41084,角色1主线84,2001,,17640,1001,,15000,,,,,,,,,,,,,,,,,,
*,41085,角色1主线85,2001,,17640,1001,,15200,,,,,,,,,,,,,,,,,,
*,41086,角色1主线86,2001,,18490,1001,,15400,,,,,,,,,,,,,,,,,,
*,41087,角色1主线87,2001,,18490,1001,,15600,,,,,,,,,,,,,,,,,,
*,41088,角色1主线88,2001,,19360,1001,,15800,,,,,,,,,,,,,,,,,,
*,41089,角色1主线89,2001,,19360,1001,,16000,,,,,,,,,,,,,,,,,,
*,41090,角色1主线90,2001,,20250,1001,,16200,,,,,,,,,,,,,,,,,,
*,41091,角色1主线91,2001,,20250,1001,,16400,,,,,,,,,,,,,,,,,,
*,41092,角色1主线92,2001,,21160,1001,,16600,,,,,,,,,,,,,,,,,,
*,41093,角色1主线93,2001,,21160,1001,,16800,,,,,,,,,,,,,,,,,,
*,41094,角色1主线94,2001,,22090,1001,,17000,,,,,,,,,,,,,,,,,,
*,41095,角色1主线95,2001,,22090,1001,,17200,,,,,,,,,,,,,,,,,,
*,41096,角色1主线96,2001,,23040,1001,,17400,,,,,,,,,,,,,,,,,,
*,41097,角色1主线97,2001,,23040,1001,,17600,,,,,,,,,,,,,,,,,,
*,41098,角色1主线98,2001,,24010,1001,,17800,,,,,,,,,,,,,,,,,,
*,41099,角色1主线99,2001,,24010,1001,,18000,,,,,,,,,,,,,,,,,,
*,41100,角色1主线100,2001,,25000,1001,,18200,,,,,,,,,,,,,,,,,,
*,41101,角色1主线101,2001,,25000,1001,,18400,,,,,,,,,,,,,,,,,,
*,41102,角色1主线102,2001,,26010,1001,,18600,,,,,,,,,,,,,,,,,,
*,41103,角色1主线103,2001,,26010,1001,,18800,,,,,,,,,,,,,,,,,,
*,41104,角色1主线104,2001,,27040,1001,,19000,,,,,,,,,,,,,,,,,,
*,41105,角色1主线105,2001,,27040,1001,,19200,,,,,,,,,,,,,,,,,,
*,41106,角色1主线106,2001,,28090,1001,,19400,,,,,,,,,,,,,,,,,,
*,41107,角色1主线107,2001,,28090,1001,,19600,,,,,,,,,,,,,,,,,,
*,41108,角色1主线108,2001,,29160,1001,,19800,,,,,,,,,,,,,,,,,,
*,41109,角色1主线109,2001,,29160,1001,,20000,,,,,,,,,,,,,,,,,,
*,41110,角色1主线110,2001,,30250,1001,,20200,,,,,,,,,,,,,,,,,,
*,41111,角色1主线111,2001,,30250,1001,,20400,,,,,,,,,,,,,,,,,,
*,41112,角色1主线112,2001,,31360,1001,,20600,,,,,,,,,,,,,,,,,,
*,41113,角色1主线113,2001,,31360,1001,,20800,,,,,,,,,,,,,,,,,,
*,41114,角色1主线114,2001,,32490,1001,,21000,,,,,,,,,,,,,,,,,,
*,41115,角色1主线115,2001,,32490,1001,,21200,,,,,,,,,,,,,,,,,,
*,41116,角色1主线116,2001,,33640,1001,,21400,,,,,,,,,,,,,,,,,,
*,41117,角色1主线117,2001,,33640,1001,,21600,,,,,,,,,,,,,,,,,,
*,41118,角色1主线118,2001,,34810,1001,,21800,,,,,,,,,,,,,,,,,,
*,41119,角色1主线119,2001,,34810,1001,,22000,,,,,,,,,,,,,,,,,,
*,41120,角色1主线120,2001,,36000,1001,,22200,,,,,,,,,,,,,,,,,,
*,41121,角色1主线121,2001,,36000,1001,,22400,,,,,,,,,,,,,,,,,,
*,41122,角色1主线122,2001,,37210,1001,,22600,,,,,,,,,,,,,,,,,,
*,41123,角色1主线123,2001,,37210,1001,,22800,,,,,,,,,,,,,,,,,,
*,41124,角色1主线124,2001,,38440,1001,,23000,,,,,,,,,,,,,,,,,,
*,41125,角色1主线125,2001,,38440,1001,,23200,,,,,,,,,,,,,,,,,,
*,41126,角色1主线126,2001,,39690,1001,,23400,,,,,,,,,,,,,,,,,,
*,41127,角色1主线127,2001,,39690,1001,,23600,,,,,,,,,,,,,,,,,,
*,41128,角色1主线128,2001,,40960,1001,,23800,,,,,,,,,,,,,,,,,,
*,41129,角色1主线129,2001,,40960,1001,,24000,,,,,,,,,,,,,,,,,,
*,41130,角色1主线130,2001,,42250,1001,,24200,,,,,,,,,,,,,,,,,,
*,41131,角色1主线131,2001,,42250,1001,,24400,,,,,,,,,,,,,,,,,,
*,41132,角色1主线132,2001,,43560,1001,,24600,,,,,,,,,,,,,,,,,,
*,41133,角色1主线133,2001,,43560,1001,,24800,,,,,,,,,,,,,,,,,,
*,41134,角色1主线134,2001,,44890,1001,,25000,,,,,,,,,,,,,,,,,,
*,41135,角色1主线135,2001,,44890,1001,,25200,,,,,,,,,,,,,,,,,,
*,41136,角色1主线136,2001,,46240,1001,,25400,,,,,,,,,,,,,,,,,,
*,41137,角色1主线137,2001,,46240,1001,,25600,,,,,,,,,,,,,,,,,,
*,41138,角色1主线138,2001,,47610,1001,,25800,,,,,,,,,,,,,,,,,,
*,41139,角色1主线139,2001,,47610,1001,,26000,,,,,,,,,,,,,,,,,,
*,41140,角色1主线140,2001,,49000,1001,,26200,,,,,,,,,,,,,,,,,,
*,41141,角色1主线141,2001,,49000,1001,,26400,,,,,,,,,,,,,,,,,,
*,41142,角色1主线142,2001,,50410,1001,,26600,,,,,,,,,,,,,,,,,,
*,41143,角色1主线143,2001,,50410,1001,,26800,,,,,,,,,,,,,,,,,,
*,41144,角色1主线144,2001,,51840,1001,,27000,,,,,,,,,,,,,,,,,,
*,41145,角色1主线145,2001,,51840,1001,,27200,,,,,,,,,,,,,,,,,,
*,41146,角色1主线146,2001,,53290,1001,,27400,,,,,,,,,,,,,,,,,,
*,41147,角色1主线147,2001,,53290,1001,,27600,,,,,,,,,,,,,,,,,,
*,41148,角色1主线148,2001,,54760,1001,,27800,,,,,,,,,,,,,,,,,,
*,41149,角色1主线149,2001,,54760,1001,,28000,,,,,,,,,,,,,,,,,,
*,41150,角色1主线150,2001,,56250,1001,,28200,,,,,,,,,,,,,,,,,,
*,41151,角色1主线151,2001,,56250,1001,,28400,,,,,,,,,,,,,,,,,,
*,41152,角色1主线152,2001,,57760,1001,,28600,,,,,,,,,,,,,,,,,,
*,41153,角色1主线153,2001,,57760,1001,,28800,,,,,,,,,,,,,,,,,,
*,41154,角色1主线154,2001,,59290,1001,,29000,,,,,,,,,,,,,,,,,,
*,41155,角色1主线155,2001,,60840,1001,,29200,,,,,,,,,,,,,,,,,,
*,41156,角色1主线156,2001,,62410,1001,,29400,,,,,,,,,,,,,,,,,,
*,41157,角色1主线157,2001,,64000,1001,,29600,,,,,,,,,,,,,,,,,,
,角色2主线,,,,,,,,,,,,,,,,,,,,,,,,,
*,42001,角色2主线1,2001,,1000,1001,,2000,,,,,,,,,,,,,,,,,,
*,42002,角色2主线2,2001,,1000,1001,,2000,20002,1,1,,,,,,,,,,,,,,,
*,42003,角色2主线3,2001,,1000,1001,,2000,20003,1,1,,,,,,,,,,,,,,,
*,42004,角色2主线4,2001,,1000,1001,,2000,20004,1,1,,,,,,,,,,,,,,,
*,42005,角色2主线5,2001,,1000,1001,,2000,20005,1,1,,,,,,,,,,,,,,,
*,42006,角色2主线6,2001,,1000,1001,,2000,20006,1,1,,,,,,,,,,,,,,,
*,42007,角色2主线7,2001,,1000,1001,,2000,20002,2,1,,,,,,,,,,,,,,,
*,42008,角色2主线8,2001,,1000,1001,,2000,20003,2,1,,,,,,,,,,,,,,,
*,42009,角色2主线9,2001,,1000,1001,,2000,10001,1,1,,,,,,,,,,,,,,,
*,42010,角色2主线10,2001,,1000,1001,,2000,20004,2,1,,,,,,,,,,,,,,,
*,42011,角色2主线11,2001,,1000,1001,,2000,20005,2,1,,,,,,,,,,,,,,,
*,42012,角色2主线12,2001,,1000,1001,,2000,30001,2,1,,,,,,,,,,,,,,,
*,42013,角色2主线13,2001,,1000,1001,,2200,20006,2,1,,,,,,,,,,,,,,,
*,42014,角色2主线14,2001,,1000,1001,,2400,4001,2,1,,,,,,,,,,,,,,,
*,42015,角色2主线15,2001,,1000,1001,,2600,4001,2,1,,,,,,,,,,,,,,,
*,42016,角色2主线16,2001,,1000,1001,,2800,4001,2,1,,,,,,,,,,,,,,,
*,42017,角色2主线17,2001,,1000,1001,,3000,4001,2,1,,,,,,,,,,,,,,,
*,42018,角色2主线18,2001,,1000,1001,,3200,4001,2,1,,,,,,,,,,,,,,,
*,42019,角色2主线19,2001,,1000,1001,,3400,4001,2,1,,,,,,,,,,,,,,,
*,42020,角色2主线20,2001,,1000,1001,,3600,4001,2,1,,,,,,,,,,,,,,,
*,42021,角色2主线21,2001,,1000,1001,,3800,4001,2,1,,,,,,,,,,,,,,,
*,42022,角色2主线22,2001,,1690,1001,,4000,20101,1,1,,,,,,,,,,,,,,,
*,42023,角色2主线23,2001,,1690,1001,,4200,,,,,,,,,,,,,,,,,,
*,42024,角色2主线24,2001,,1690,1001,,4400,,,,,,,,,,,,,,,,,,
*,42025,角色2主线25,2001,,1690,1001,,4600,20102,1,1,,,,,,,,,,,,,,,
*,42026,角色2主线26,2001,,1690,1001,,4800,,,,,,,,,,,,,,,,,,
*,42027,角色2主线27,2001,,1690,1001,,5000,20103,1,1,,,,,,,,,,,,,,,
*,42028,角色2主线28,2001,,1690,1001,,5200,,,,,,,,,,,,,,,,,,
*,42029,角色2主线29,2001,,1690,1001,,5400,20104,1,1,,,,,,,,,,,,,,,
*,42030,角色2主线30,2001,,1690,1001,,5600,,,,,,,,,,,,,,,,,,
*,42031,角色2主线31,2001,,1690,1001,,5800,,,,,,,,,,,,,,,,,,
*,42032,角色2主线32,2001,,1690,1001,,6000,20105,1,1,,,,,,,,,,,,,,,
*,42033,角色2主线33,2001,,1690,1001,,6200,,,,,,,,,,,,,,,,,,
*,42034,角色2主线34,2001,,1690,1001,,6400,,,,,,,,,,,,,,,,,,
*,42035,角色2主线35,2001,,1690,1001,,6600,,,,,,,,,,,,,,,,,,
*,42036,角色2主线36,2001,,2250,1001,,6800,,,,,,,,,,,,,,,,,,
*,42037,角色2主线37,2001,,2250,1001,,7000,,,,,,,,,,,,,,,,,,
*,42038,角色2主线38,2001,,2250,1001,,7200,,,,,,,,,,,,,,,,,,
*,42039,角色2主线39,2001,,2250,1001,,7400,,,,,,,,,,,,,,,,,,
*,42040,角色2主线40,2001,,2250,1001,,7600,,,,,,,,,,,,,,,,,,
*,42041,角色2主线41,2001,,2250,1001,,7800,,,,,,,,,,,,,,,,,,
*,42042,角色2主线42,2001,,2250,1001,,8000,,,,,,,,,,,,,,,,,,
*,42043,角色2主线43,2001,,2250,1001,,8200,,,,,,,,,,,,,,,,,,
*,42044,角色2主线44,2001,,2250,1001,,8400,,,,,,,,,,,,,,,,,,
*,42045,角色2主线45,2001,,2250,1001,,8600,,,,,,,,,,,,,,,,,,
*,42046,角色2主线46,2001,,2250,1001,,8800,,,,,,,,,,,,,,,,,,
*,42047,角色2主线47,2001,,2250,1001,,9000,,,,,,,,,,,,,,,,,,
*,42048,角色2主线48,2001,,4000,1001,,9200,,,,,,,,,,,,,,,,,,
*,42049,角色2主线49,2001,,4000,1001,,9400,,,,,,,,,,,,,,,,,,
*,42050,角色2主线50,2001,,4000,1001,,9600,,,,,,,,,,,,,,,,,,
*,42051,角色2主线51,2001,,4000,1001,,9800,,,,,,,,,,,,,,,,,,
*,42052,角色2主线52,2001,,4000,1001,,10000,,,,,,,,,,,,,,,,,,
*,42053,角色2主线53,2001,,4000,1001,,10000,,,,,,,,,,,,,,,,,,
*,42054,角色2主线54,2001,,4000,1001,,10000,,,,,,,,,,,,,,,,,,
*,42055,角色2主线55,2001,,4000,1001,,10000,,,,,,,,,,,,,,,,,,
*,42056,角色2主线56,2001,,4000,1001,,10000,,,,,,,,,,,,,,,,,,
*,42057,角色2主线57,2001,,4000,1001,,10000,,,,,,,,,,,,,,,,,,
*,42058,角色2主线58,2001,,8410,1001,,10000,,,,,,,,,,,,,,,,,,
*,42059,角色2主线59,2001,,8410,1001,,10000,,,,,,,,,,,,,,,,,,
*,42060,角色2主线60,2001,,9000,1001,,10200,,,,,,,,,,,,,,,,,,
*,42061,角色2主线61,2001,,9000,1001,,10400,,,,,,,,,,,,,,,,,,
*,42062,角色2主线62,2001,,9610,1001,,10600,,,,,,,,,,,,,,,,,,
*,42063,角色2主线63,2001,,9610,1001,,10800,,,,,,,,,,,,,,,,,,
*,42064,角色2主线64,2001,,10240,1001,,11000,,,,,,,,,,,,,,,,,,
*,42065,角色2主线65,2001,,10240,1001,,11200,,,,,,,,,,,,,,,,,,
*,42066,角色2主线66,2001,,10890,1001,,11400,,,,,,,,,,,,,,,,,,
*,42067,角色2主线67,2001,,10890,1001,,11600,,,,,,,,,,,,,,,,,,
*,42068,角色2主线68,2001,,11560,1001,,11800,,,,,,,,,,,,,,,,,,
*,42069,角色2主线69,2001,,11560,1001,,12000,,,,,,,,,,,,,,,,,,
*,42070,角色2主线70,2001,,12250,1001,,12200,,,,,,,,,,,,,,,,,,
*,42071,角色2主线71,2001,,12250,1001,,12400,,,,,,,,,,,,,,,,,,
*,42072,角色2主线72,2001,,12960,1001,,12600,,,,,,,,,,,,,,,,,,
*,42073,角色2主线73,2001,,12960,1001,,12800,,,,,,,,,,,,,,,,,,
*,42074,角色2主线74,2001,,13690,1001,,13000,,,,,,,,,,,,,,,,,,
*,42075,角色2主线75,2001,,13690,1001,,13200,,,,,,,,,,,,,,,,,,
*,42076,角色2主线76,2001,,14440,1001,,13400,,,,,,,,,,,,,,,,,,
*,42077,角色2主线77,2001,,14440,1001,,13600,,,,,,,,,,,,,,,,,,
*,42078,角色2主线78,2001,,15210,1001,,13800,,,,,,,,,,,,,,,,,,
*,42079,角色2主线79,2001,,15210,1001,,14000,,,,,,,,,,,,,,,,,,
*,42080,角色2主线80,2001,,16000,1001,,14200,,,,,,,,,,,,,,,,,,
*,42081,角色2主线81,2001,,16000,1001,,14400,,,,,,,,,,,,,,,,,,
*,42082,角色2主线82,2001,,16810,1001,,14600,,,,,,,,,,,,,,,,,,
*,42083,角色2主线83,2001,,16810,1001,,14800,,,,,,,,,,,,,,,,,,
*,42084,角色2主线84,2001,,17640,1001,,15000,,,,,,,,,,,,,,,,,,
*,42085,角色2主线85,2001,,17640,1001,,15200,,,,,,,,,,,,,,,,,,
*,42086,角色2主线86,2001,,18490,1001,,15400,,,,,,,,,,,,,,,,,,
*,42087,角色2主线87,2001,,18490,1001,,15600,,,,,,,,,,,,,,,,,,
*,42088,角色2主线88,2001,,19360,1001,,15800,,,,,,,,,,,,,,,,,,
*,42089,角色2主线89,2001,,19360,1001,,16000,,,,,,,,,,,,,,,,,,
*,42090,角色2主线90,2001,,20250,1001,,16200,,,,,,,,,,,,,,,,,,
*,42091,角色2主线91,2001,,20250,1001,,16400,,,,,,,,,,,,,,,,,,
*,42092,角色2主线92,2001,,21160,1001,,16600,,,,,,,,,,,,,,,,,,
*,42093,角色2主线93,2001,,21160,1001,,16800,,,,,,,,,,,,,,,,,,
*,42094,角色2主线94,2001,,22090,1001,,17000,,,,,,,,,,,,,,,,,,
*,42095,角色2主线95,2001,,22090,1001,,17200,,,,,,,,,,,,,,,,,,
*,42096,角色2主线96,2001,,23040,1001,,17400,,,,,,,,,,,,,,,,,,
*,42097,角色2主线97,2001,,23040,1001,,17600,,,,,,,,,,,,,,,,,,
*,42098,角色2主线98,2001,,24010,1001,,17800,,,,,,,,,,,,,,,,,,
*,42099,角色2主线99,2001,,24010,1001,,18000,,,,,,,,,,,,,,,,,,
*,42100,角色2主线100,2001,,25000,1001,,18200,,,,,,,,,,,,,,,,,,
*,42101,角色2主线101,2001,,25000,1001,,18400,,,,,,,,,,,,,,,,,,
*,42102,角色2主线102,2001,,26010,1001,,18600,,,,,,,,,,,,,,,,,,
*,42103,角色2主线103,2001,,26010,1001,,18800,,,,,,,,,,,,,,,,,,
*,42104,角色2主线104,2001,,27040,1001,,19000,,,,,,,,,,,,,,,,,,
*,42105,角色2主线105,2001,,27040,1001,,19200,,,,,,,,,,,,,,,,,,
*,42106,角色2主线106,2001,,28090,1001,,19400,,,,,,,,,,,,,,,,,,
*,42107,角色2主线107,2001,,28090,1001,,19600,,,,,,,,,,,,,,,,,,
*,42108,角色2主线108,2001,,29160,1001,,19800,,,,,,,,,,,,,,,,,,
*,42109,角色2主线109,2001,,29160,1001,,20000,,,,,,,,,,,,,,,,,,
*,42110,角色2主线110,2001,,30250,1001,,20200,,,,,,,,,,,,,,,,,,
*,42111,角色2主线111,2001,,30250,1001,,20400,,,,,,,,,,,,,,,,,,
*,42112,角色2主线112,2001,,31360,1001,,20600,,,,,,,,,,,,,,,,,,
*,42113,角色2主线113,2001,,31360,1001,,20800,,,,,,,,,,,,,,,,,,
*,42114,角色2主线114,2001,,32490,1001,,21000,,,,,,,,,,,,,,,,,,
*,42115,角色2主线115,2001,,32490,1001,,21200,,,,,,,,,,,,,,,,,,
*,42116,角色2主线116,2001,,33640,1001,,21400,,,,,,,,,,,,,,,,,,
*,42117,角色2主线117,2001,,33640,1001,,21600,,,,,,,,,,,,,,,,,,
*,42118,角色2主线118,2001,,34810,1001,,21800,,,,,,,,,,,,,,,,,,
*,42119,角色2主线119,2001,,34810,1001,,22000,,,,,,,,,,,,,,,,,,
*,42120,角色2主线120,2001,,36000,1001,,22200,,,,,,,,,,,,,,,,,,
*,42121,角色2主线121,2001,,36000,1001,,22400,,,,,,,,,,,,,,,,,,
*,42122,角色2主线122,2001,,37210,1001,,22600,,,,,,,,,,,,,,,,,,
*,42123,角色2主线123,2001,,37210,1001,,22800,,,,,,,,,,,,,,,,,,
*,42124,角色2主线124,2001,,38440,1001,,23000,,,,,,,,,,,,,,,,,,
*,42125,角色2主线125,2001,,38440,1001,,23200,,,,,,,,,,,,,,,,,,
*,42126,角色2主线126,2001,,39690,1001,,23400,,,,,,,,,,,,,,,,,,
*,42127,角色2主线127,2001,,39690,1001,,23600,,,,,,,,,,,,,,,,,,
*,42128,角色2主线128,2001,,40960,1001,,23800,,,,,,,,,,,,,,,,,,
*,42129,角色2主线129,2001,,40960,1001,,24000,,,,,,,,,,,,,,,,,,
*,42130,角色2主线130,2001,,42250,1001,,24200,,,,,,,,,,,,,,,,,,
*,42131,角色2主线131,2001,,42250,1001,,24400,,,,,,,,,,,,,,,,,,
*,42132,角色2主线132,2001,,43560,1001,,24600,,,,,,,,,,,,,,,,,,
*,42133,角色2主线133,2001,,43560,1001,,24800,,,,,,,,,,,,,,,,,,
*,42134,角色2主线134,2001,,44890,1001,,25000,,,,,,,,,,,,,,,,,,
*,42135,角色2主线135,2001,,44890,1001,,25200,,,,,,,,,,,,,,,,,,
*,42136,角色2主线136,2001,,46240,1001,,25400,,,,,,,,,,,,,,,,,,
*,42137,角色2主线137,2001,,46240,1001,,25600,,,,,,,,,,,,,,,,,,
*,42138,角色2主线138,2001,,47610,1001,,25800,,,,,,,,,,,,,,,,,,
*,42139,角色2主线139,2001,,47610,1001,,26000,,,,,,,,,,,,,,,,,,
*,42140,角色2主线140,2001,,49000,1001,,26200,,,,,,,,,,,,,,,,,,
*,42141,角色2主线141,2001,,49000,1001,,26400,,,,,,,,,,,,,,,,,,
*,42142,角色2主线142,2001,,50410,1001,,26600,,,,,,,,,,,,,,,,,,
*,42143,角色2主线143,2001,,50410,1001,,26800,,,,,,,,,,,,,,,,,,
*,42144,角色2主线144,2001,,51840,1001,,27000,,,,,,,,,,,,,,,,,,
*,42145,角色2主线145,2001,,51840,1001,,27200,,,,,,,,,,,,,,,,,,
*,42146,角色2主线146,2001,,53290,1001,,27400,,,,,,,,,,,,,,,,,,
*,42147,角色2主线147,2001,,53290,1001,,27600,,,,,,,,,,,,,,,,,,
*,42148,角色2主线148,2001,,54760,1001,,27800,,,,,,,,,,,,,,,,,,
*,42149,角色2主线149,2001,,54760,1001,,28000,,,,,,,,,,,,,,,,,,
*,42150,角色2主线150,2001,,56250,1001,,28200,,,,,,,,,,,,,,,,,,
*,42151,角色2主线151,2001,,56250,1001,,28400,,,,,,,,,,,,,,,,,,
*,42152,角色2主线152,2001,,57760,1001,,28600,,,,,,,,,,,,,,,,,,
*,42153,角色2主线153,2001,,57760,1001,,28800,,,,,,,,,,,,,,,,,,
*,42154,角色2主线154,2001,,59290,1001,,29000,,,,,,,,,,,,,,,,,,
*,42155,角色2主线155,2001,,60840,1001,,29200,,,,,,,,,,,,,,,,,,
*,42156,角色2主线156,2001,,62410,1001,,29400,,,,,,,,,,,,,,,,,,
*,42157,角色2主线157,2001,,64000,1001,,29600,,,,,,,,,,,,,,,,,,
,角色3主线,,,,,,,,,,,,,,,,,,,,,,,,,
*,43001,角色3主线1,2001,,1000,1001,,2000,,,,,,,,,,,,,,,,,,
*,43002,角色3主线2,2001,,1000,1001,,2000,30002,1,1,,,,,,,,,,,,,,,
*,43003,角色3主线3,2001,,1000,1001,,2000,30003,1,1,,,,,,,,,,,,,,,
*,43004,角色3主线4,2001,,1000,1001,,2000,30004,1,1,,,,,,,,,,,,,,,
*,43005,角色3主线5,2001,,1000,1001,,2000,30005,1,1,,,,,,,,,,,,,,,
*,43006,角色3主线6,2001,,1000,1001,,2000,30006,1,1,,,,,,,,,,,,,,,
*,43007,角色3主线7,2001,,1000,1001,,2000,30002,2,1,,,,,,,,,,,,,,,
*,43008,角色3主线8,2001,,1000,1001,,2000,30003,2,1,,,,,,,,,,,,,,,
*,43009,角色3主线9,2001,,1000,1001,,2000,10001,1,1,,,,,,,,,,,,,,,
*,43010,角色3主线10,2001,,1000,1001,,2000,30004,2,1,,,,,,,,,,,,,,,
*,43011,角色3主线11,2001,,1000,1001,,2000,30005,2,1,,,,,,,,,,,,,,,
*,43012,角色3主线12,2001,,1000,1001,,2000,20001,2,1,,,,,,,,,,,,,,,
*,43013,角色3主线13,2001,,1000,1001,,2200,30006,2,1,,,,,,,,,,,,,,,
*,43014,角色3主线14,2001,,1000,1001,,2400,4001,2,1,,,,,,,,,,,,,,,
*,43015,角色3主线15,2001,,1000,1001,,2600,4001,2,1,,,,,,,,,,,,,,,
*,43016,角色3主线16,2001,,1000,1001,,2800,4001,2,1,,,,,,,,,,,,,,,
*,43017,角色3主线17,2001,,1000,1001,,3000,4001,2,1,,,,,,,,,,,,,,,
*,43018,角色3主线18,2001,,1000,1001,,3200,4001,2,1,,,,,,,,,,,,,,,
*,43019,角色3主线19,2001,,1000,1001,,3400,4001,2,1,,,,,,,,,,,,,,,
*,43020,角色3主线20,2001,,1000,1001,,3600,4001,2,1,,,,,,,,,,,,,,,
*,43021,角色3主线21,2001,,1000,1001,,3800,4001,2,1,,,,,,,,,,,,,,,
*,43022,角色3主线22,2001,,1690,1001,,4000,30101,1,1,,,,,,,,,,,,,,,
*,43023,角色3主线23,2001,,1690,1001,,4200,,,,,,,,,,,,,,,,,,
*,43024,角色3主线24,2001,,1690,1001,,4400,,,,,,,,,,,,,,,,,,
*,43025,角色3主线25,2001,,1690,1001,,4600,30102,1,1,,,,,,,,,,,,,,,
*,43026,角色3主线26,2001,,1690,1001,,4800,,,,,,,,,,,,,,,,,,
*,43027,角色3主线27,2001,,1690,1001,,5000,30103,1,1,,,,,,,,,,,,,,,
*,43028,角色3主线28,2001,,1690,1001,,5200,,,,,,,,,,,,,,,,,,
*,43029,角色3主线29,2001,,1690,1001,,5400,30104,1,1,,,,,,,,,,,,,,,
*,43030,角色3主线30,2001,,1690,1001,,5600,,,,,,,,,,,,,,,,,,
*,43031,角色3主线31,2001,,1690,1001,,5800,,,,,,,,,,,,,,,,,,
*,43032,角色3主线32,2001,,1690,1001,,6000,30105,1,1,,,,,,,,,,,,,,,
*,43033,角色3主线33,2001,,1690,1001,,6200,,,,,,,,,,,,,,,,,,
*,43034,角色3主线34,2001,,1690,1001,,6400,,,,,,,,,,,,,,,,,,
*,43035,角色3主线35,2001,,1690,1001,,6600,,,,,,,,,,,,,,,,,,
*,43036,角色3主线36,2001,,2250,1001,,6800,,,,,,,,,,,,,,,,,,
*,43037,角色3主线37,2001,,2250,1001,,7000,,,,,,,,,,,,,,,,,,
*,43038,角色3主线38,2001,,2250,1001,,7200,,,,,,,,,,,,,,,,,,
*,43039,角色3主线39,2001,,2250,1001,,7400,,,,,,,,,,,,,,,,,,
*,43040,角色3主线40,2001,,2250,1001,,7600,,,,,,,,,,,,,,,,,,
*,43041,角色3主线41,2001,,2250,1001,,7800,,,,,,,,,,,,,,,,,,
*,43042,角色3主线42,2001,,2250,1001,,8000,,,,,,,,,,,,,,,,,,
*,43043,角色3主线43,2001,,2250,1001,,8200,,,,,,,,,,,,,,,,,,
*,43044,角色3主线44,2001,,2250,1001,,8400,,,,,,,,,,,,,,,,,,
*,43045,角色3主线45,2001,,2250,1001,,8600,,,,,,,,,,,,,,,,,,
*,43046,角色3主线46,2001,,2250,1001,,8800,,,,,,,,,,,,,,,,,,
*,43047,角色3主线47,2001,,2250,1001,,9000,,,,,,,,,,,,,,,,,,
*,43048,角色3主线48,2001,,4000,1001,,9200,,,,,,,,,,,,,,,,,,
*,43049,角色3主线49,2001,,4000,1001,,9400,,,,,,,,,,,,,,,,,,
*,43050,角色3主线50,2001,,4000,1001,,9600,,,,,,,,,,,,,,,,,,
*,43051,角色3主线51,2001,,4000,1001,,9800,,,,,,,,,,,,,,,,,,
*,43052,角色3主线52,2001,,4000,1001,,10000,,,,,,,,,,,,,,,,,,
*,43053,角色3主线53,2001,,4000,1001,,10000,,,,,,,,,,,,,,,,,,
*,43054,角色3主线54,2001,,4000,1001,,10000,,,,,,,,,,,,,,,,,,
*,43055,角色3主线55,2001,,4000,1001,,10000,,,,,,,,,,,,,,,,,,
*,43056,角色3主线56,2001,,4000,1001,,10000,,,,,,,,,,,,,,,,,,
*,43057,角色3主线57,2001,,4000,1001,,10000,,,,,,,,,,,,,,,,,,
*,43058,角色3主线58,2001,,8410,1001,,10000,,,,,,,,,,,,,,,,,,
*,43059,角色3主线59,2001,,8410,1001,,10000,,,,,,,,,,,,,,,,,,
*,43060,角色3主线60,2001,,9000,1001,,10200,,,,,,,,,,,,,,,,,,
*,43061,角色3主线61,2001,,9000,1001,,10400,,,,,,,,,,,,,,,,,,
*,43062,角色3主线62,2001,,9610,1001,,10600,,,,,,,,,,,,,,,,,,
*,43063,角色3主线63,2001,,9610,1001,,10800,,,,,,,,,,,,,,,,,,
*,43064,角色3主线64,2001,,10240,1001,,11000,,,,,,,,,,,,,,,,,,
*,43065,角色3主线65,2001,,10240,1001,,11200,,,,,,,,,,,,,,,,,,
*,43066,角色3主线66,2001,,10890,1001,,11400,,,,,,,,,,,,,,,,,,
*,43067,角色3主线67,2001,,10890,1001,,11600,,,,,,,,,,,,,,,,,,
*,43068,角色3主线68,2001,,11560,1001,,11800,,,,,,,,,,,,,,,,,,
*,43069,角色3主线69,2001,,11560,1001,,12000,,,,,,,,,,,,,,,,,,
*,43070,角色3主线70,2001,,12250,1001,,12200,,,,,,,,,,,,,,,,,,
*,43071,角色3主线71,2001,,12250,1001,,12400,,,,,,,,,,,,,,,,,,
*,43072,角色3主线72,2001,,12960,1001,,12600,,,,,,,,,,,,,,,,,,
*,43073,角色3主线73,2001,,12960,1001,,12800,,,,,,,,,,,,,,,,,,
*,43074,角色3主线74,2001,,13690,1001,,13000,,,,,,,,,,,,,,,,,,
*,43075,角色3主线75,2001,,13690,1001,,13200,,,,,,,,,,,,,,,,,,
*,43076,角色3主线76,2001,,14440,1001,,13400,,,,,,,,,,,,,,,,,,
*,43077,角色3主线77,2001,,14440,1001,,13600,,,,,,,,,,,,,,,,,,
*,43078,角色3主线78,2001,,15210,1001,,13800,,,,,,,,,,,,,,,,,,
*,43079,角色3主线79,2001,,15210,1001,,14000,,,,,,,,,,,,,,,,,,
*,43080,角色3主线80,2001,,16000,1001,,14200,,,,,,,,,,,,,,,,,,
*,43081,角色3主线81,2001,,16000,1001,,14400,,,,,,,,,,,,,,,,,,
*,43082,角色3主线82,2001,,16810,1001,,14600,,,,,,,,,,,,,,,,,,
*,43083,角色3主线83,2001,,16810,1001,,14800,,,,,,,,,,,,,,,,,,
*,43084,角色3主线84,2001,,17640,1001,,15000,,,,,,,,,,,,,,,,,,
*,43085,角色3主线85,2001,,17640,1001,,15200,,,,,,,,,,,,,,,,,,
*,43086,角色3主线86,2001,,18490,1001,,15400,,,,,,,,,,,,,,,,,,
*,43087,角色3主线87,2001,,18490,1001,,15600,,,,,,,,,,,,,,,,,,
*,43088,角色3主线88,2001,,19360,1001,,15800,,,,,,,,,,,,,,,,,,
*,43089,角色3主线89,2001,,19360,1001,,16000,,,,,,,,,,,,,,,,,,
*,43090,角色3主线90,2001,,20250,1001,,16200,,,,,,,,,,,,,,,,,,
*,43091,角色3主线91,2001,,20250,1001,,16400,,,,,,,,,,,,,,,,,,
*,43092,角色3主线92,2001,,21160,1001,,16600,,,,,,,,,,,,,,,,,,
*,43093,角色3主线93,2001,,21160,1001,,16800,,,,,,,,,,,,,,,,,,
*,43094,角色3主线94,2001,,22090,1001,,17000,,,,,,,,,,,,,,,,,,
*,43095,角色3主线95,2001,,22090,1001,,17200,,,,,,,,,,,,,,,,,,
*,43096,角色3主线96,2001,,23040,1001,,17400,,,,,,,,,,,,,,,,,,
*,43097,角色3主线97,2001,,23040,1001,,17600,,,,,,,,,,,,,,,,,,
*,43098,角色3主线98,2001,,24010,1001,,17800,,,,,,,,,,,,,,,,,,
*,43099,角色3主线99,2001,,24010,1001,,18000,,,,,,,,,,,,,,,,,,
*,43100,角色3主线100,2001,,25000,1001,,18200,,,,,,,,,,,,,,,,,,
*,43101,角色3主线101,2001,,25000,1001,,18400,,,,,,,,,,,,,,,,,,
*,43102,角色3主线102,2001,,26010,1001,,18600,,,,,,,,,,,,,,,,,,
*,43103,角色3主线103,2001,,26010,1001,,18800,,,,,,,,,,,,,,,,,,
*,43104,角色3主线104,2001,,27040,1001,,19000,,,,,,,,,,,,,,,,,,
*,43105,角色3主线105,2001,,27040,1001,,19200,,,,,,,,,,,,,,,,,,
*,43106,角色3主线106,2001,,28090,1001,,19400,,,,,,,,,,,,,,,,,,
*,43107,角色3主线107,2001,,28090,1001,,19600,,,,,,,,,,,,,,,,,,
*,43108,角色3主线108,2001,,29160,1001,,19800,,,,,,,,,,,,,,,,,,
*,43109,角色3主线109,2001,,29160,1001,,20000,,,,,,,,,,,,,,,,,,
*,43110,角色3主线110,2001,,30250,1001,,20200,,,,,,,,,,,,,,,,,,
*,43111,角色3主线111,2001,,30250,1001,,20400,,,,,,,,,,,,,,,,,,
*,43112,角色3主线112,2001,,31360,1001,,20600,,,,,,,,,,,,,,,,,,
*,43113,角色3主线113,2001,,31360,1001,,20800,,,,,,,,,,,,,,,,,,
*,43114,角色3主线114,2001,,32490,1001,,21000,,,,,,,,,,,,,,,,,,
*,43115,角色3主线115,2001,,32490,1001,,21200,,,,,,,,,,,,,,,,,,
*,43116,角色3主线116,2001,,33640,1001,,21400,,,,,,,,,,,,,,,,,,
*,43117,角色3主线117,2001,,33640,1001,,21600,,,,,,,,,,,,,,,,,,
*,43118,角色3主线118,2001,,34810,1001,,21800,,,,,,,,,,,,,,,,,,
*,43119,角色3主线119,2001,,34810,1001,,22000,,,,,,,,,,,,,,,,,,
*,43120,角色3主线120,2001,,36000,1001,,22200,,,,,,,,,,,,,,,,,,
*,43121,角色3主线121,2001,,36000,1001,,22400,,,,,,,,,,,,,,,,,,
*,43122,角色3主线122,2001,,37210,1001,,22600,,,,,,,,,,,,,,,,,,
*,43123,角色3主线123,2001,,37210,1001,,22800,,,,,,,,,,,,,,,,,,
*,43124,角色3主线124,2001,,38440,1001,,23000,,,,,,,,,,,,,,,,,,
*,43125,角色3主线125,2001,,38440,1001,,23200,,,,,,,,,,,,,,,,,,
*,43126,角色3主线126,2001,,39690,1001,,23400,,,,,,,,,,,,,,,,,,
*,43127,角色3主线127,2001,,39690,1001,,23600,,,,,,,,,,,,,,,,,,
*,43128,角色3主线128,2001,,40960,1001,,23800,,,,,,,,,,,,,,,,,,
*,43129,角色3主线129,2001,,40960,1001,,24000,,,,,,,,,,,,,,,,,,
*,43130,角色3主线130,2001,,42250,1001,,24200,,,,,,,,,,,,,,,,,,
*,43131,角色3主线131,2001,,42250,1001,,24400,,,,,,,,,,,,,,,,,,
*,43132,角色3主线132,2001,,43560,1001,,24600,,,,,,,,,,,,,,,,,,
*,43133,角色3主线133,2001,,43560,1001,,24800,,,,,,,,,,,,,,,,,,
*,43134,角色3主线134,2001,,44890,1001,,25000,,,,,,,,,,,,,,,,,,
*,43135,角色3主线135,2001,,44890,1001,,25200,,,,,,,,,,,,,,,,,,
*,43136,角色3主线136,2001,,46240,1001,,25400,,,,,,,,,,,,,,,,,,
*,43137,角色3主线137,2001,,46240,1001,,25600,,,,,,,,,,,,,,,,,,
*,43138,角色3主线138,2001,,47610,1001,,25800,,,,,,,,,,,,,,,,,,
*,43139,角色3主线139,2001,,47610,1001,,26000,,,,,,,,,,,,,,,,,,
*,43140,角色3主线140,2001,,49000,1001,,26200,,,,,,,,,,,,,,,,,,
*,43141,角色3主线141,2001,,49000,1001,,26400,,,,,,,,,,,,,,,,,,
*,43142,角色3主线142,2001,,50410,1001,,26600,,,,,,,,,,,,,,,,,,
*,43143,角色3主线143,2001,,50410,1001,,26800,,,,,,,,,,,,,,,,,,
*,43144,角色3主线144,2001,,51840,1001,,27000,,,,,,,,,,,,,,,,,,
*,43145,角色3主线145,2001,,51840,1001,,27200,,,,,,,,,,,,,,,,,,
*,43146,角色3主线146,2001,,53290,1001,,27400,,,,,,,,,,,,,,,,,,
*,43147,角色3主线147,2001,,53290,1001,,27600,,,,,,,,,,,,,,,,,,
*,43148,角色3主线148,2001,,54760,1001,,27800,,,,,,,,,,,,,,,,,,
*,43149,角色3主线149,2001,,54760,1001,,28000,,,,,,,,,,,,,,,,,,
*,43150,角色3主线150,2001,,56250,1001,,28200,,,,,,,,,,,,,,,,,,
*,43151,角色3主线151,2001,,56250,1001,,28400,,,,,,,,,,,,,,,,,,
*,43152,角色3主线152,2001,,57760,1001,,28600,,,,,,,,,,,,,,,,,,
*,43153,角色3主线153,2001,,57760,1001,,28800,,,,,,,,,,,,,,,,,,
*,43154,角色3主线154,2001,,59290,1001,,29000,,,,,,,,,,,,,,,,,,
*,43155,角色3主线155,2001,,60840,1001,,29200,,,,,,,,,,,,,,,,,,
*,43156,角色3主线156,2001,,62410,1001,,29400,,,,,,,,,,,,,,,,,,
*,43157,角色3主线157,2001,,64000,1001,,29600,,,,,,,,,,,,,,,,,,
,日环单环,,,,,,,,,,,,,,,,,,,,,,,,,
*,44001,日环-单环1,2001,,4095,1001,,13230,,,,,,,,,,,,,,,,,,
*,44002,日环-单环2,2001,,4095,1001,,13230,,,,,,,,,,,,,,,,,,
*,44003,日环-单环3,2001,,4095,1001,,13230,,,,,,,,,,,,,,,,,,
*,44004,日环-单环4,2001,,4095,1001,,13230,,,,,,,,,,,,,,,,,,
*,44005,日环-单环5,2001,,4095,1001,,13230,,,,,,,,,,,,,,,,,,
*,44006,日环-单环6,2001,,4095,1001,,13230,,,,,,,,,,,,,,,,,,
*,44007,日环-单环7,2001,,4095,1001,,13230,,,,,,,,,,,,,,,,,,
*,44008,日环-单环8,2001,,4095,1001,,13230,,,,,,,,,,,,,,,,,,
*,44009,日环-单环9,2001,,4095,1001,,13230,,,,,,,,,,,,,,,,,,
*,44010,日环-单环10,2001,,4095,1001,,13230,,,,,,,,,,,,,,,,,,
*,44011,日环-单环11,2001,,4095,1001,,13230,,,,,,,,,,,,,,,,,,
*,44012,日环-单环12,2001,,4095,1001,,13230,,,,,,,,,,,,,,,,,,
*,44013,日环-单环13,2001,,4095,1001,,13230,,,,,,,,,,,,,,,,,,
*,44014,日环-单环14,2001,,4095,1001,,13230,,,,,,,,,,,,,,,,,,
*,44015,日环-单环15,2001,,4095,1001,,13230,,,,,,,,,,,,,,,,,,
*,44016,日环-单环16,2001,,7088,1001,,23102,,,,,,,,,,,,,,,,,,
*,44017,日环-单环17,2001,,7088,1001,,23102,,,,,,,,,,,,,,,,,,
*,44018,日环-单环18,2001,,7088,1001,,23102,,,,,,,,,,,,,,,,,,
*,44019,日环-单环19,2001,,7088,1001,,23102,,,,,,,,,,,,,,,,,,
*,44020,日环-单环20,2001,,7088,1001,,23102,,,,,,,,,,,,,,,,,,
*,44021,日环-单环21,2001,,7088,1001,,23102,,,,,,,,,,,,,,,,,,
*,44022,日环-单环22,2001,,8505,1001,,24148,,,,,,,,,,,,,,,,,,
*,44023,日环-单环23,2001,,8505,1001,,24148,,,,,,,,,,,,,,,,,,
*,44024,日环-单环24,2001,,8505,1001,,24148,,,,,,,,,,,,,,,,,,
*,44025,日环-单环25,2001,,11025,1001,,37800,,,,,,,,,,,,,,,,,,
*,44026,日环-单环26,2001,,11025,1001,,37800,,,,,,,,,,,,,,,,,,
*,44027,日环-单环27,2001,,12600,1001,,78750,,,,,,,,,,,,,,,,,,
*,44028,日环-单环28,2001,,14175,1001,,81900,,,,,,,,,,,,,,,,,,
*,44029,日环-单环29,2001,,15750,1001,,85050,,,,,,,,,,,,,,,,,,
*,44030,日环-单环30,2001,,17325,1001,,88200,,,,,,,,,,,,,,,,,,
*,44031,日环-单环31,2001,,18900,1001,,91350,,,,,,,,,,,,,,,,,,
*,44032,日环-单环32,2001,,22050,1001,,97650,,,,,,,,,,,,,,,,,,
*,44033,日环-单环33,2001,,25200,1001,,103950,,,,,,,,,,,,,,,,,,
*,44034,日环-单环34,2001,,28350,1001,,110250,,,,,,,,,,,,,,,,,,
*,44035,日环-单环35,2001,,31500,1001,,116550,,,,,,,,,,,,,,,,,,
*,44036,日环-单环36,2001,,34650,1001,,122850,,,,,,,,,,,,,,,,,,
*,44037,日环-单环37,2001,,37800,1001,,129150,,,,,,,,,,,,,,,,,,
*,44038,日环-单环38,2001,,40950,1001,,135450,,,,,,,,,,,,,,,,,,
*,44039,日环-单环39,2001,,44100,1001,,141750,,,,,,,,,,,,,,,,,,
*,44040,日环-单环40,2001,,47250,1001,,148050,,,,,,,,,,,,,,,,,,
*,44041,日环-单环41,2001,,50400,1001,,154350,,,,,,,,,,,,,,,,,,
*,44042,日环-单环42,2001,,53550,1001,,160650,,,,,,,,,,,,,,,,,,
*,44043,日环-单环43,2001,,56700,1001,,166950,,,,,,,,,,,,,,,,,,
*,44044,日环-单环44,2001,,59850,1001,,173250,,,,,,,,,,,,,,,,,,
*,44045,日环-单环45,2001,,63000,1001,,179550,,,,,,,,,,,,,,,,,,
*,44046,日环-单环46,2001,,66150,1001,,185850,,,,,,,,,,,,,,,,,,
*,44047,日环-单环47,2001,,70875,1001,,195300,,,,,,,,,,,,,,,,,,
*,44048,日环-单环48,2001,,75600,1001,,204750,,,,,,,,,,,,,,,,,,
*,44049,日环-单环49,2001,,80325,1001,,214200,,,,,,,,,,,,,,,,,,
*,44050,日环-单环50,2001,,85050,1001,,223650,,,,,,,,,,,,,,,,,,
*,44051,日环-单环51,2001,,89775,1001,,233100,,,,,,,,,,,,,,,,,,
*,44052,日环-单环52,2001,,94500,1001,,242550,,,,,,,,,,,,,,,,,,
*,44053,日环-单环53,2001,,99225,1001,,252000,,,,,,,,,,,,,,,,,,
*,44054,日环-单环54,2001,,103950,1001,,261450,,,,,,,,,,,,,,,,,,
*,44055,日环-单环55,2001,,108675,1001,,270900,,,,,,,,,,,,,,,,,,
*,44056,日环-单环56,2001,,113400,1001,,280350,,,,,,,,,,,,,,,,,,
*,44057,日环-单环57,2001,,118125,1001,,289800,,,,,,,,,,,,,,,,,,
*,44058,日环-单环58,2001,,122850,1001,,299250,,,,,,,,,,,,,,,,,,
*,44059,日环-单环59,2001,,129150,1001,,311850,,,,,,,,,,,,,,,,,,
*,44060,日环-单环60,2001,,135450,1001,,324450,,,,,,,,,,,,,,,,,,
*,44061,日环-单环61,2001,,141750,1001,,337050,,,,,,,,,,,,,,,,,,
*,44062,日环-单环62,2001,,148050,1001,,349650,,,,,,,,,,,,,,,,,,
*,44063,日环-单环63,2001,,154350,1001,,362250,,,,,,,,,,,,,,,,,,
*,44064,日环-单环64,2001,,160650,1001,,374850,,,,,,,,,,,,,,,,,,
*,44065,日环-单环65,2001,,166950,1001,,387450,,,,,,,,,,,,,,,,,,
*,44066,日环-单环66,2001,,173250,1001,,400050,,,,,,,,,,,,,,,,,,
*,44067,日环-单环67,2001,,179550,1001,,412650,,,,,,,,,,,,,,,,,,
*,44068,日环-单环68,2001,,185850,1001,,425250,,,,,,,,,,,,,,,,,,
*,44069,日环-单环69,2001,,192150,1001,,437850,,,,,,,,,,,,,,,,,,
*,44070,日环-单环70,2001,,198450,1001,,450450,,,,,,,,,,,,,,,,,,
*,44071,日环-单环71,2001,,204750,1001,,463050,,,,,,,,,,,,,,,,,,
*,44072,日环-单环72,2001,,211050,1001,,475650,,,,,,,,,,,,,,,,,,
*,44073,日环-单环73,2001,,217350,1001,,488250,,,,,,,,,,,,,,,,,,
*,44074,日环-单环74,2001,,223650,1001,,500850,,,,,,,,,,,,,,,,,,
*,44075,日环-单环75,2001,,229950,1001,,513450,,,,,,,,,,,,,,,,,,
*,44076,日环-单环76,2001,,236250,1001,,526050,,,,,,,,,,,,,,,,,,
*,44077,日环-单环77,2001,,242550,1001,,538650,,,,,,,,,,,,,,,,,,
*,44078,日环-单环78,2001,,248850,1001,,551250,,,,,,,,,,,,,,,,,,
*,44079,日环-单环79,2001,,255150,1001,,563850,,,,,,,,,,,,,,,,,,
*,44080,日环-单环80,2001,,261450,1001,,576450,,,,,,,,,,,,,,,,,,
,日环完成,,,,,,,,,,,,,,,,,,,,,,,,,
*,45001,日环-全环1,2001,,17550,1001,,5670,,,,,,,,,,,,,,,,,,
*,45002,日环-全环2,2001,,17550,1001,,5670,,,,,,,,,,,,,,,,,,
*,45003,日环-全环3,2001,,17550,1001,,5670,,,,,,,,,,,,,,,,,,
*,45004,日环-全环4,2001,,17550,1001,,5670,,,,,,,,,,,,,,,,,,
*,45005,日环-全环5,2001,,17550,1001,,5670,,,,,,,,,,,,,,,,,,
*,45006,日环-全环6,2001,,17550,1001,,5670,,,,,,,,,,,,,,,,,,
*,45007,日环-全环7,2001,,17550,1001,,5670,,,,,,,,,,,,,,,,,,
*,45008,日环-全环8,2001,,17550,1001,,5670,,,,,,,,,,,,,,,,,,
*,45009,日环-全环9,2001,,17550,1001,,5670,,,,,,,,,,,,,,,,,,
*,45010,日环-全环10,2001,,17550,1001,,5670,,,,,,,,,,,,,,,,,,
*,45011,日环-全环11,2001,,17550,1001,,5670,,,,,,,,,,,,,,,,,,
*,45012,日环-全环12,2001,,17550,1001,,5670,,,,,,,,,,,,,,,,,,
*,45013,日环-全环13,2001,,17550,1001,,5670,,,,,,,,,,,,,,,,,,
*,45014,日环-全环14,2001,,17550,1001,,5670,,,,,,,,,,,,,,,,,,
*,45015,日环-全环15,2001,,17550,1001,,5670,,,,,,,,,,,,,,,,,,
*,45016,日环-全环16,2001,,30375,1001,,9901,,,,,,,,,,,,,,,,,,
*,45017,日环-全环17,2001,,30375,1001,,9901,,,,,,,,,,,,,,,,,,
*,45018,日环-全环18,2001,,30375,1001,,9901,,,,,,,,,,,,,,,,,,
*,45019,日环-全环19,2001,,30375,1001,,9901,,,,,,,,,,,,,,,,,,
*,45020,日环-全环20,2001,,30375,1001,,9901,,,,,,,,,,,,,,,,,,
*,45021,日环-全环21,2001,,30375,1001,,9901,,,,,,,,,,,,,,,,,,
*,45022,日环-全环22,2001,,36450,1001,,10349,,,,,,,,,,,,,,,,,,
*,45023,日环-全环23,2001,,36450,1001,,10349,,,,,,,,,,,,,,,,,,
*,45024,日环-全环24,2001,,36450,1001,,10349,,,,,,,,,,,,,,,,,,
*,45025,日环-全环25,2001,,47250,1001,,16200,,,,,,,,,,,,,,,,,,
*,45026,日环-全环26,2001,,47250,1001,,16200,,,,,,,,,,,,,,,,,,
*,45027,日环-全环27,2001,,54000,1001,,33750,,,,,,,,,,,,,,,,,,
*,45028,日环-全环28,2001,,60750,1001,,35100,,,,,,,,,,,,,,,,,,
*,45029,日环-全环29,2001,,67500,1001,,36450,,,,,,,,,,,,,,,,,,
*,45030,日环-全环30,2001,,74250,1001,,37800,,,,,,,,,,,,,,,,,,
*,45031,日环-全环31,2001,,81000,1001,,39150,,,,,,,,,,,,,,,,,,
*,45032,日环-全环32,2001,,94500,1001,,41850,,,,,,,,,,,,,,,,,,
*,45033,日环-全环33,2001,,108000,1001,,44550,,,,,,,,,,,,,,,,,,
*,45034,日环-全环34,2001,,121500,1001,,47250,,,,,,,,,,,,,,,,,,
*,45035,日环-全环35,2001,,135000,1001,,49950,,,,,,,,,,,,,,,,,,
*,45036,日环-全环36,2001,,148500,1001,,52650,,,,,,,,,,,,,,,,,,
*,45037,日环-全环37,2001,,162000,1001,,55350,,,,,,,,,,,,,,,,,,
*,45038,日环-全环38,2001,,175500,1001,,58050,,,,,,,,,,,,,,,,,,
*,45039,日环-全环39,2001,,189000,1001,,60750,,,,,,,,,,,,,,,,,,
*,45040,日环-全环40,2001,,202500,1001,,63450,,,,,,,,,,,,,,,,,,
*,45041,日环-全环41,2001,,216000,1001,,66150,,,,,,,,,,,,,,,,,,
*,45042,日环-全环42,2001,,229500,1001,,68850,,,,,,,,,,,,,,,,,,
*,45043,日环-全环43,2001,,243000,1001,,71550,,,,,,,,,,,,,,,,,,
*,45044,日环-全环44,2001,,256500,1001,,74250,,,,,,,,,,,,,,,,,,
*,45045,日环-全环45,2001,,270000,1001,,76950,,,,,,,,,,,,,,,,,,
*,45046,日环-全环46,2001,,283500,1001,,79650,,,,,,,,,,,,,,,,,,
*,45047,日环-全环47,2001,,303750,1001,,83700,,,,,,,,,,,,,,,,,,
*,45048,日环-全环48,2001,,324000,1001,,87750,,,,,,,,,,,,,,,,,,
*,45049,日环-全环49,2001,,344250,1001,,91800,,,,,,,,,,,,,,,,,,
*,45050,日环-全环50,2001,,364500,1001,,95850,,,,,,,,,,,,,,,,,,
*,45051,日环-全环51,2001,,384750,1001,,99900,,,,,,,,,,,,,,,,,,
*,45052,日环-全环52,2001,,405000,1001,,103950,,,,,,,,,,,,,,,,,,
*,45053,日环-全环53,2001,,425250,1001,,108000,,,,,,,,,,,,,,,,,,
*,45054,日环-全环54,2001,,445500,1001,,112050,,,,,,,,,,,,,,,,,,
*,45055,日环-全环55,2001,,465750,1001,,116100,,,,,,,,,,,,,,,,,,
*,45056,日环-全环56,2001,,486000,1001,,120150,,,,,,,,,,,,,,,,,,
*,45057,日环-全环57,2001,,506250,1001,,124200,,,,,,,,,,,,,,,,,,
*,45058,日环-全环58,2001,,526500,1001,,128250,,,,,,,,,,,,,,,,,,
*,45059,日环-全环59,2001,,553500,1001,,133650,,,,,,,,,,,,,,,,,,
*,45060,日环-全环60,2001,,580500,1001,,139050,,,,,,,,,,,,,,,,,,
*,45061,日环-全环61,2001,,607500,1001,,144450,,,,,,,,,,,,,,,,,,
*,45062,日环-全环62,2001,,634500,1001,,149850,,,,,,,,,,,,,,,,,,
*,45063,日环-全环63,2001,,661500,1001,,155250,,,,,,,,,,,,,,,,,,
*,45064,日环-全环64,2001,,688500,1001,,160650,,,,,,,,,,,,,,,,,,
*,45065,日环-全环65,2001,,715500,1001,,166050,,,,,,,,,,,,,,,,,,
*,45066,日环-全环66,2001,,742500,1001,,171450,,,,,,,,,,,,,,,,,,
*,45067,日环-全环67,2001,,769500,1001,,176850,,,,,,,,,,,,,,,,,,
*,45068,日环-全环68,2001,,796500,1001,,182250,,,,,,,,,,,,,,,,,,
*,45069,日环-全环69,2001,,823500,1001,,187650,,,,,,,,,,,,,,,,,,
*,45070,日环-全环70,2001,,850500,1001,,193050,,,,,,,,,,,,,,,,,,
*,45071,日环-全环71,2001,,877500,1001,,198450,,,,,,,,,,,,,,,,,,
*,45072,日环-全环72,2001,,904500,1001,,203850,,,,,,,,,,,,,,,,,,
*,45073,日环-全环73,2001,,931500,1001,,209250,,,,,,,,,,,,,,,,,,
*,45074,日环-全环74,2001,,958500,1001,,214650,,,,,,,,,,,,,,,,,,
*,45075,日环-全环75,2001,,985500,1001,,220050,,,,,,,,,,,,,,,,,,
*,45076,日环-全环76,2001,,1012500,1001,,225450,,,,,,,,,,,,,,,,,,
*,45077,日环-全环77,2001,,1039500,1001,,230850,,,,,,,,,,,,,,,,,,
*,45078,日环-全环78,2001,,1066500,1001,,236250,,,,,,,,,,,,,,,,,,
*,45079,日环-全环79,2001,,1093500,1001,,241650,,,,,,,,,,,,,,,,,,
*,45080,日环-全环80,2001,,1120500,1001,,247050,,,,,,,,,,,,,,,,,,
,限时任务,,,,,,,,,,,,,,,,,,,,,,,,,
*,47101,20级限时1,2001,,5000,1001,,1500,,,,,,,,,,,,,,,,,,
*,47102,25级限时1,2001,,5000,1001,,1500,,,,,,,,,,,,,,,,,,
*,47103,30级限时1,2001,,5000,1001,,1500,,,,,,,,,,,,,,,,,,
*,47104,32级限时1,2001,,5000,1001,,1500,,,,,,,,,,,,,,,,,,
*,47201,20级限时2,2001,,7000,1001,,2500,,,,,,,,,,,,,,,,,,
*,47202,25级限时2,2001,,7000,1001,,2500,,,,,,,,,,,,,,,,,,
*,47203,30级限时2,2001,,7000,1001,,2500,,,,,,,,,,,,,,,,,,
*,47204,32级限时2,2001,,7000,1001,,2500,,,,,,,,,,,,,,,,,,
*,47301,20级限时3,2001,,10000,1001,,4000,,,,,,,,,,,,,,,,,,
*,47302,25级限时3,2001,,10000,1001,,4000,,,,,,,,,,,,,,,,,,
*,47303,30级限时3,2001,,10000,1001,,4000,,,,,,,,,,,,,,,,,,
*,47304,32级限时3,2001,,10000,1001,,4000,,,,,,,,,,,,,,,,,,
*,48001,帮派城市战1,4001,,25,,,,,,,,,,,,,,,,,,,,,
*,48002,帮派城市战2,3001,,25,,,,,,,,,,,,,,,,,,,,,
*,48003,帮派城市战3,1002,,50,,,,,,,,,,,,,,,,,,,,,
*,48004,帮派城市战4,1001,,500000,,,,,,,,,,,,,,,,,,,,,
*,48005,帮派城市战5,1004,,500,,,,,,,,,,,,,,,,,,,,,
,世界BOSS,,,,,,,,,,,,,,,,,,,,,,,,,
*,50001,世界BOSS1-PVE,8002,,,4001,,,1002,,,3001,,,,,,,,,,,,,,
*,50002,世界BOSS2-PVE,8003,,,4001,,,1002,,,3001,,,,,,,,,,,,,,
*,50003,世界BOSS3-PVE,8004,,,4001,,,1002,,,3001,,,,,,,,,,,,,,
*,50004,世界BOSS4-PVE,8005,,,4001,,,1002,,,3001,,,,,,,,,,,,,,
*,50005,世界BOSS5-PVE,8006,,,4001,,,1002,,,3001,,,,,,,,,,,,,,
*,50006,世界BOSS6-PVE,8007,,,4001,,,1002,,,3001,,,,,,,,,,,,,,
*,50101,世界BOSS1-PVP,8002,,,4001,,,1002,,,3001,,,2002,,,,,,,,,,,
*,50102,世界BOSS2-PVP,8003,,,4001,,,1002,,,3001,,,2002,,,,,,,,,,,
*,50103,世界BOSS3-PVP,8004,,,4001,,,1002,,,3001,,,2002,,,,,,,,,,,
*,50104,世界BOSS4-PVP,8005,,,4001,,,1002,,,3001,,,2002,,,,,,,,,,,
*,50105,世界BOSS5-PVP,8006,,,4001,,,1002,,,3001,,,2002,,,,,,,,,,,
*,50106,世界BOSS6-PVP,8007,,,4001,,,1002,,,3001,,,2002,,,,,,,,,,,
,帮派BOSS,,,,,,,,,,,,,,,,,,,,,,,,,
*,51001,帮派BOSS,1001,,,1004,,,8801,,,6002,,,,,,,,,,,,,,
,商业化,,,,,,,,,,,,,,,,,,,,,,,,,
*,60001,6阶徽章宝箱,9605,3,1,,,,,,,,,,,,,,,,,,,,,
*,60002,钻石,1003,3,10000,,,,,,,,,,,,,,,,,,,,,
*,60003,金条,1002,3,2000,,,,,,,,,,,,,,,,,,,,,
*,60004,汽车兑换券6,9306,3,1,,,,,,,,,,,,,,,,,,,,,
*,60005,3阶武器宝箱,7303,3,1,,,,,,,,,,,,,,,,,,,,,
*,60006,升星保底石,4003,3,10,,,,,,,,,,,,,,,,,,,,,
*,60007,徽章钥匙1,9404,1,1,,,,,,,,,,,,,,,,,,,,,
*,60008,钻石,1003,1,100,,,,,,,,,,,,,,,,,,,,,
*,60009,4阶徽章宝箱,9602,3,1,,,,,,,,,,,,,,,,,,,,,
*,60010,钻石,1003,2,1000,,,,,,,,,,,,,,,,,,,,,
*,60011,装备门票,9204,3,3,,,,,,,,,,,,,,,,,,,,,
*,60012,升星钥匙1,9406,1,2,,,,,,,,,,,,,,,,,,,,,
*,60013,复活药,9011,1,10,,,,,,,,,,,,,,,,,,,,,
*,60014,定值-血药3,9003,1,10,,,,,,,,,,,,,,,,,,,,,
*,60015,一阶武器箱子,7301,1,1,,,,,,,,,,,,,,,,,,,,,
*,60016,1阶徽章宝箱,9603,1,20,,,,,,,,,,,,,,,,,,,,,
*,60017,2阶徽章宝箱,9604,1,5,,,,,,,,,,,,,,,,,,,,,
*,60018,3阶徽章宝箱,9601,1,2,,,,,,,,,,,,,,,,,,,,,
*,60019,金币门票,9203,1,2,,,,,,,,,,,,,,,,,,,,,
*,60020,经验门票,9202,2,2,,,,,,,,,,,,,,,,,,,,,
*,60021,装备强化,3001,3,20,,,,,,,,,,,,,,,,,,,,,
*,60022,钞票,5003,3,4,,,,,,,,,,,,,,,,,,,,,
*,60023,药剂-加生命,9501,3,5,,,,,,,,,,,,,,,,,,,,,
*,60024,药剂-加攻击,9502,3,5,,,,,,,,,,,,,,,,,,,,,
*,60025,药剂-加防御,9503,3,5,,,,,,,,,,,,,,,,,,,,,
*,60026,升星材料,4001,2,1,,,,,,,,,,,,,,,,,,,,,
*,60027,百比-血药1,9004,2,10,,,,,,,,,,,,,,,,,,,,,
*,60028,百比-血药2,9005,2,10,,,,,,,,,,,,,,,,,,,,,
*,60029,百比-血药3,9006,3,10,,,,,,,,,,,,,,,,,,,,,
*,60030,钻石,1003,3,100,,,,,,,,,,,,,,,,,,,,,
*,60031,保底符,4003,3,1,,,,,,,,,,,,,,,,,,,,,
,地宫挂机,,,,,,,,,,,,,,,,,,,,,,,,,
*,70001,掉落,2001,,,1001,,,,,,,,,,,,,,,,,,,,
,sex,,,,,,,,,,,,,,,,,,,,,,,,,
*,39000,活动窗口展示,1001,,,,,,,,,,,,,,,,,,,,,,,
*,39001,排名第1,1001,,10000,,,,,,,,,,,,,,,,,,,,,
*,39002,排名第2-3,1001,,8000,,,,,,,,,,,,,,,,,,,,,
*,39003,排名4-10,1001,,4000,,,,,,,,,,,,,,,,,,,,,
*,39004,排名11+,1001,,1000,,,,,,,,,,,,,,,,,,,,,
,找回系统,,,,,,,,,,,,,,,,,,,,,,,,,
*,20001,日环找回1,2001,,65000,1001,,210000,5026,2,2,,,,,,,,,,,,,,,
*,20002,日环找回2,2001,,65000,1001,,210000,5026,2,2,,,,,,,,,,,,,,,
*,20003,日环找回3,2001,,65000,1001,,210000,5026,2,2,,,,,,,,,,,,,,,
*,20004,日环找回4,2001,,65000,1001,,210000,5026,2,2,,,,,,,,,,,,,,,
*,20005,日环找回5,2001,,65000,1001,,210000,5026,2,2,,,,,,,,,,,,,,,
*,20006,日环找回6,2001,,65000,1001,,210000,5026,2,2,,,,,,,,,,,,,,,
*,20007,日环找回7,2001,,65000,1001,,210000,5026,2,2,,,,,,,,,,,,,,,
*,20008,日环找回8,2001,,65000,1001,,210000,5026,2,2,,,,,,,,,,,,,,,
*,20009,日环找回9,2001,,65000,1001,,210000,5026,2,2,,,,,,,,,,,,,,,
*,20010,日环找回10,2001,,65000,1001,,210000,5026,2,2,,,,,,,,,,,,,,,
*,20011,日环找回11,2001,,65000,1001,,210000,5026,2,2,,,,,,,,,,,,,,,
*,20012,日环找回12,2001,,65000,1001,,210000,5026,2,2,,,,,,,,,,,,,,,
*,20013,日环找回13,2001,,65000,1001,,210000,5026,2,2,,,,,,,,,,,,,,,
*,20014,日环找回14,2001,,65000,1001,,210000,5026,2,2,,,,,,,,,,,,,,,
*,20015,日环找回15,2001,,65000,1001,,210000,5026,2,2,,,,,,,,,,,,,,,
*,20016,日环找回16,2001,,112500,1001,,366700,5026,2,2,,,,,,,,,,,,,,,
*,20017,日环找回17,2001,,112500,1001,,366700,5026,2,2,,,,,,,,,,,,,,,
*,20018,日环找回18,2001,,112500,1001,,366700,5026,2,2,,,,,,,,,,,,,,,
*,20019,日环找回19,2001,,112500,1001,,366700,5026,2,2,,,,,,,,,,,,,,,
*,20020,日环找回20,2001,,112500,1001,,366700,5026,2,2,,,,,,,,,,,,,,,
*,20021,日环找回21,2001,,112500,1001,,366700,5026,2,2,,,,,,,,,,,,,,,
*,20022,日环找回22,2001,,135000,1001,,383300,5026,2,2,,,,,,,,,,,,,,,
*,20023,日环找回23,2001,,135000,1001,,383300,5026,2,2,,,,,,,,,,,,,,,
*,20024,日环找回24,2001,,135000,1001,,383300,5026,2,2,,,,,,,,,,,,,,,
*,20025,日环找回25,2001,,175000,1001,,600000,5026,2,2,,,,,,,,,,,,,,,
*,20026,日环找回26,2001,,175000,1001,,600000,5026,2,2,,,,,,,,,,,,,,,
*,20027,日环找回27,2001,,200000,1001,,1250000,5026,2,2,,,,,,,,,,,,,,,
*,20028,日环找回28,2001,,225000,1001,,1300000,5026,2,2,,,,,,,,,,,,,,,
*,20029,日环找回29,2001,,250000,1001,,1350000,5026,2,2,,,,,,,,,,,,,,,
*,20030,日环找回30,2001,,275000,1001,,1400000,5026,2,2,,,,,,,,,,,,,,,
*,20031,日环找回31,2001,,300000,1001,,1450000,5026,2,2,,,,,,,,,,,,,,,
*,20032,日环找回32,2001,,350000,1001,,1550000,5026,2,2,,,,,,,,,,,,,,,
*,20033,日环找回33,2001,,400000,1001,,1650000,5026,2,2,,,,,,,,,,,,,,,
*,20034,日环找回34,2001,,450000,1001,,1750000,5026,2,2,,,,,,,,,,,,,,,
*,20035,日环找回35,2001,,500000,1001,,1850000,5026,2,2,,,,,,,,,,,,,,,
*,20036,日环找回36,2001,,550000,1001,,1950000,5026,2,2,,,,,,,,,,,,,,,
*,20037,日环找回37,2001,,600000,1001,,2050000,5026,2,2,,,,,,,,,,,,,,,
*,20038,日环找回38,2001,,650000,1001,,2150000,5026,2,2,,,,,,,,,,,,,,,
*,20039,日环找回39,2001,,700000,1001,,2250000,5026,2,2,,,,,,,,,,,,,,,
*,20040,日环找回40,2001,,750000,1001,,2350000,5026,2,2,,,,,,,,,,,,,,,
*,20041,日环找回41,2001,,800000,1001,,2450000,5026,2,2,,,,,,,,,,,,,,,
*,20042,日环找回42,2001,,850000,1001,,2550000,5026,2,2,,,,,,,,,,,,,,,
*,20043,日环找回43,2001,,900000,1001,,2650000,5026,2,2,,,,,,,,,,,,,,,
*,20044,日环找回44,2001,,950000,1001,,2750000,5026,2,2,,,,,,,,,,,,,,,
*,20045,日环找回45,2001,,1000000,1001,,2850000,5026,2,2,,,,,,,,,,,,,,,
*,20046,日环找回46,2001,,1050000,1001,,2950000,5026,2,2,,,,,,,,,,,,,,,
*,20047,日环找回47,2001,,1125000,1001,,3100000,5026,2,2,,,,,,,,,,,,,,,
*,20048,日环找回48,2001,,1200000,1001,,3250000,5026,2,2,,,,,,,,,,,,,,,
*,20049,日环找回49,2001,,1275000,1001,,3400000,5026,2,2,,,,,,,,,,,,,,,
*,20050,日环找回50,2001,,1350000,1001,,3550000,5026,2,2,,,,,,,,,,,,,,,
*,20051,日环找回51,2001,,1425000,1001,,3700000,5026,2,2,,,,,,,,,,,,,,,
*,20052,日环找回52,2001,,1500000,1001,,3850000,5026,2,2,,,,,,,,,,,,,,,
*,20053,日环找回53,2001,,1575000,1001,,4000000,5026,2,2,,,,,,,,,,,,,,,
*,20054,日环找回54,2001,,1650000,1001,,4150000,5026,2,2,,,,,,,,,,,,,,,
*,20055,日环找回55,2001,,1725000,1001,,4300000,5026,2,2,,,,,,,,,,,,,,,
*,20056,日环找回56,2001,,1800000,1001,,4450000,5026,2,2,,,,,,,,,,,,,,,
*,20057,日环找回57,2001,,1875000,1001,,4600000,5026,2,2,,,,,,,,,,,,,,,
*,20058,日环找回58,2001,,1950000,1001,,4750000,5026,2,2,,,,,,,,,,,,,,,
*,20059,日环找回59,2001,,2050000,1001,,4950000,5026,2,2,,,,,,,,,,,,,,,
*,20060,日环找回60,2001,,2150000,1001,,5150000,5026,2,2,,,,,,,,,,,,,,,
*,20061,日环找回61,2001,,2250000,1001,,5350000,5026,2,2,,,,,,,,,,,,,,,
*,20062,日环找回62,2001,,2350000,1001,,5550000,5026,2,2,,,,,,,,,,,,,,,
*,20063,日环找回63,2001,,2450000,1001,,5750000,5026,2,2,,,,,,,,,,,,,,,
*,20064,日环找回64,2001,,2550000,1001,,5950000,5026,2,2,,,,,,,,,,,,,,,
*,20065,日环找回65,2001,,2650000,1001,,6150000,5026,2,2,,,,,,,,,,,,,,,
*,20066,日环找回66,2001,,2750000,1001,,6350000,5026,2,2,,,,,,,,,,,,,,,
*,20067,日环找回67,2001,,2850000,1001,,6550000,5026,2,2,,,,,,,,,,,,,,,
*,20068,日环找回68,2001,,2950000,1001,,6750000,5026,2,2,,,,,,,,,,,,,,,
*,20069,日环找回69,2001,,3050000,1001,,6950000,5026,2,2,,,,,,,,,,,,,,,
*,20070,日环找回70,2001,,3150000,1001,,7150000,5026,2,2,,,,,,,,,,,,,,,
*,20071,日环找回71,2001,,3250000,1001,,7350000,5026,2,2,,,,,,,,,,,,,,,
*,20072,日环找回72,2001,,3350000,1001,,7550000,5026,2,2,,,,,,,,,,,,,,,
*,20073,日环找回73,2001,,3450000,1001,,7750000,5026,2,2,,,,,,,,,,,,,,,
*,20074,日环找回74,2001,,3550000,1001,,7950000,5026,2,2,,,,,,,,,,,,,,,
*,20075,日环找回75,2001,,3650000,1001,,8150000,5026,2,2,,,,,,,,,,,,,,,
*,20076,日环找回76,2001,,3750000,1001,,8350000,5026,2,2,,,,,,,,,,,,,,,
*,20077,日环找回77,2001,,3850000,1001,,8550000,5026,2,2,,,,,,,,,,,,,,,
*,20078,日环找回78,2001,,3950000,1001,,8750000,5026,2,2,,,,,,,,,,,,,,,
*,20079,日环找回79,2001,,4050000,1001,,8950000,5026,2,2,,,,,,,,,,,,,,,
*,20080,日环找回80,2001,,4150000,1001,,9150000,5026,2,2,,,,,,,,,,,,,,,
*,21001,经验副本找回1,2001,,195000,,,,,,,,,,,,,,,,,,,,,
*,21002,经验副本找回2,2001,,195000,,,,,,,,,,,,,,,,,,,,,
*,21003,经验副本找回3,2001,,195000,,,,,,,,,,,,,,,,,,,,,
*,21004,经验副本找回4,2001,,195000,,,,,,,,,,,,,,,,,,,,,
*,21005,经验副本找回5,2001,,195000,,,,,,,,,,,,,,,,,,,,,
*,21006,经验副本找回6,2001,,195000,,,,,,,,,,,,,,,,,,,,,
*,21007,经验副本找回7,2001,,195000,,,,,,,,,,,,,,,,,,,,,
*,21008,经验副本找回8,2001,,195000,,,,,,,,,,,,,,,,,,,,,
*,21009,经验副本找回9,2001,,195000,,,,,,,,,,,,,,,,,,,,,
*,21010,经验副本找回10,2001,,195000,,,,,,,,,,,,,,,,,,,,,
*,21011,经验副本找回11,2001,,195000,,,,,,,,,,,,,,,,,,,,,
*,21012,经验副本找回12,2001,,195000,,,,,,,,,,,,,,,,,,,,,
*,21013,经验副本找回13,2001,,195000,,,,,,,,,,,,,,,,,,,,,
*,21014,经验副本找回14,2001,,195000,,,,,,,,,,,,,,,,,,,,,
*,21015,经验副本找回15,2001,,195000,,,,,,,,,,,,,,,,,,,,,
*,21016,经验副本找回16,2001,,337500,,,,,,,,,,,,,,,,,,,,,
*,21017,经验副本找回17,2001,,337500,,,,,,,,,,,,,,,,,,,,,
*,21018,经验副本找回18,2001,,337500,,,,,,,,,,,,,,,,,,,,,
*,21019,经验副本找回19,2001,,337500,,,,,,,,,,,,,,,,,,,,,
*,21020,经验副本找回20,2001,,337500,,,,,,,,,,,,,,,,,,,,,
*,21021,经验副本找回21,2001,,337500,,,,,,,,,,,,,,,,,,,,,
*,21022,经验副本找回22,2001,,405000,,,,,,,,,,,,,,,,,,,,,
*,21023,经验副本找回23,2001,,405000,,,,,,,,,,,,,,,,,,,,,
*,21024,经验副本找回24,2001,,405000,,,,,,,,,,,,,,,,,,,,,
*,21025,经验副本找回25,2001,,525000,,,,,,,,,,,,,,,,,,,,,
*,21026,经验副本找回26,2001,,525000,,,,,,,,,,,,,,,,,,,,,
*,21027,经验副本找回27,2001,,600000,,,,,,,,,,,,,,,,,,,,,
*,21028,经验副本找回28,2001,,675000,,,,,,,,,,,,,,,,,,,,,
*,21029,经验副本找回29,2001,,750000,,,,,,,,,,,,,,,,,,,,,
*,21030,经验副本找回30,2001,,825000,,,,,,,,,,,,,,,,,,,,,
*,21031,经验副本找回31,2001,,900000,,,,,,,,,,,,,,,,,,,,,
*,21032,经验副本找回32,2001,,1050000,,,,,,,,,,,,,,,,,,,,,
*,21033,经验副本找回33,2001,,1200000,,,,,,,,,,,,,,,,,,,,,
*,21034,经验副本找回34,2001,,1350000,,,,,,,,,,,,,,,,,,,,,
*,21035,经验副本找回35,2001,,1500000,,,,,,,,,,,,,,,,,,,,,
*,21036,经验副本找回36,2001,,1650000,,,,,,,,,,,,,,,,,,,,,
*,21037,经验副本找回37,2001,,1800000,,,,,,,,,,,,,,,,,,,,,
*,21038,经验副本找回38,2001,,1950000,,,,,,,,,,,,,,,,,,,,,
*,21039,经验副本找回39,2001,,2100000,,,,,,,,,,,,,,,,,,,,,
*,21040,经验副本找回40,2001,,2250000,,,,,,,,,,,,,,,,,,,,,
*,21041,经验副本找回41,2001,,2400000,,,,,,,,,,,,,,,,,,,,,
*,21042,经验副本找回42,2001,,2550000,,,,,,,,,,,,,,,,,,,,,
*,21043,经验副本找回43,2001,,2700000,,,,,,,,,,,,,,,,,,,,,
*,21044,经验副本找回44,2001,,2850000,,,,,,,,,,,,,,,,,,,,,
*,21045,经验副本找回45,2001,,3000000,,,,,,,,,,,,,,,,,,,,,
*,21046,经验副本找回46,2001,,3150000,,,,,,,,,,,,,,,,,,,,,
*,21047,经验副本找回47,2001,,3375000,,,,,,,,,,,,,,,,,,,,,
*,21048,经验副本找回48,2001,,3600000,,,,,,,,,,,,,,,,,,,,,
*,21049,经验副本找回49,2001,,3825000,,,,,,,,,,,,,,,,,,,,,
*,21050,经验副本找回50,2001,,4050000,,,,,,,,,,,,,,,,,,,,,
*,21051,经验副本找回51,2001,,4275000,,,,,,,,,,,,,,,,,,,,,
*,21052,经验副本找回52,2001,,4500000,,,,,,,,,,,,,,,,,,,,,
*,21053,经验副本找回53,2001,,4725000,,,,,,,,,,,,,,,,,,,,,
*,21054,经验副本找回54,2001,,4950000,,,,,,,,,,,,,,,,,,,,,
*,21055,经验副本找回55,2001,,5175000,,,,,,,,,,,,,,,,,,,,,
*,21056,经验副本找回56,2001,,5400000,,,,,,,,,,,,,,,,,,,,,
*,21057,经验副本找回57,2001,,5625000,,,,,,,,,,,,,,,,,,,,,
*,21058,经验副本找回58,2001,,5850000,,,,,,,,,,,,,,,,,,,,,
*,21059,经验副本找回59,2001,,6150000,,,,,,,,,,,,,,,,,,,,,
*,21060,经验副本找回60,2001,,6450000,,,,,,,,,,,,,,,,,,,,,
*,21061,经验副本找回61,2001,,6750000,,,,,,,,,,,,,,,,,,,,,
*,21062,经验副本找回62,2001,,7050000,,,,,,,,,,,,,,,,,,,,,
*,21063,经验副本找回63,2001,,7350000,,,,,,,,,,,,,,,,,,,,,
*,21064,经验副本找回64,2001,,7650000,,,,,,,,,,,,,,,,,,,,,
*,21065,经验副本找回65,2001,,7950000,,,,,,,,,,,,,,,,,,,,,
*,21066,经验副本找回66,2001,,8250000,,,,,,,,,,,,,,,,,,,,,
*,21067,经验副本找回67,2001,,8550000,,,,,,,,,,,,,,,,,,,,,
*,21068,经验副本找回68,2001,,8850000,,,,,,,,,,,,,,,,,,,,,
*,21069,经验副本找回69,2001,,9150000,,,,,,,,,,,,,,,,,,,,,
*,21070,经验副本找回70,2001,,9450000,,,,,,,,,,,,,,,,,,,,,
*,21071,经验副本找回71,2001,,9750000,,,,,,,,,,,,,,,,,,,,,
*,21072,经验副本找回72,2001,,10050000,,,,,,,,,,,,,,,,,,,,,
*,21073,经验副本找回73,2001,,10350000,,,,,,,,,,,,,,,,,,,,,
*,21074,经验副本找回74,2001,,10650000,,,,,,,,,,,,,,,,,,,,,
*,21075,经验副本找回75,2001,,10950000,,,,,,,,,,,,,,,,,,,,,
*,21076,经验副本找回76,2001,,11250000,,,,,,,,,,,,,,,,,,,,,
*,21077,经验副本找回77,2001,,11550000,,,,,,,,,,,,,,,,,,,,,
*,21078,经验副本找回78,2001,,11850000,,,,,,,,,,,,,,,,,,,,,
*,21079,经验副本找回79,2001,,12150000,,,,,,,,,,,,,,,,,,,,,
*,21080,经验副本找回80,2001,,12450000,,,,,,,,,,,,,,,,,,,,,
*,22001,监狱挂机找回1,1001,,1250000,2001,,100000,,,,,,,,,,,,,,,,,,
*,22002,监狱挂机找回2,1001,,1250000,2001,,100000,,,,,,,,,,,,,,,,,,
*,22003,监狱挂机找回3,1001,,1250000,2001,,100000,,,,,,,,,,,,,,,,,,
*,22004,监狱挂机找回4,1001,,1250000,2001,,100000,,,,,,,,,,,,,,,,,,
*,22005,监狱挂机找回5,1001,,1250000,2001,,100000,,,,,,,,,,,,,,,,,,
*,22006,监狱挂机找回6,1001,,1250000,2001,,100000,,,,,,,,,,,,,,,,,,
*,22007,监狱挂机找回7,1001,,1250000,2001,,100000,,,,,,,,,,,,,,,,,,
*,22008,监狱挂机找回8,1001,,1250000,2001,,100000,,,,,,,,,,,,,,,,,,
*,22009,监狱挂机找回9,1001,,1250000,2001,,100000,,,,,,,,,,,,,,,,,,
*,22010,监狱挂机找回10,1001,,1250000,2001,,100000,,,,,,,,,,,,,,,,,,
*,22011,监狱挂机找回11,1001,,1250000,2001,,100000,,,,,,,,,,,,,,,,,,
*,22012,监狱挂机找回12,1001,,1250000,2001,,100000,,,,,,,,,,,,,,,,,,
*,22013,监狱挂机找回13,1001,,1250000,2001,,100000,,,,,,,,,,,,,,,,,,
*,22014,监狱挂机找回14,1001,,1250000,2001,,100000,,,,,,,,,,,,,,,,,,
*,22015,监狱挂机找回15,1001,,1250000,2001,,100000,,,,,,,,,,,,,,,,,,
*,22016,监狱挂机找回16,1001,,1250000,2001,,225000,,,,,,,,,,,,,,,,,,
*,22017,监狱挂机找回17,1001,,1250000,2001,,225000,,,,,,,,,,,,,,,,,,
*,22018,监狱挂机找回18,1001,,1250000,2001,,225000,,,,,,,,,,,,,,,,,,
*,22019,监狱挂机找回19,1001,,1250000,2001,,225000,,,,,,,,,,,,,,,,,,
*,22020,监狱挂机找回20,1001,,1250000,2001,,225000,,,,,,,,,,,,,,,,,,
*,22021,监狱挂机找回21,1001,,1250000,2001,,225000,,,,,,,,,,,,,,,,,,
*,22022,监狱挂机找回22,1001,,1250000,2001,,270000,,,,,,,,,,,,,,,,,,
*,22023,监狱挂机找回23,1001,,1250000,2001,,270000,,,,,,,,,,,,,,,,,,
*,22024,监狱挂机找回24,1001,,1250000,2001,,270000,,,,,,,,,,,,,,,,,,
*,22025,监狱挂机找回25,1001,,1800000,2001,,350000,,,,,,,,,,,,,,,,,,
*,22026,监狱挂机找回26,1001,,1800000,2001,,350000,,,,,,,,,,,,,,,,,,
*,22027,监狱挂机找回27,1001,,4375000,2001,,400000,,,,,,,,,,,,,,,,,,
*,22028,监狱挂机找回28,1001,,4550000,2001,,450000,,,,,,,,,,,,,,,,,,
*,22029,监狱挂机找回29,1001,,4725000,2001,,500000,,,,,,,,,,,,,,,,,,
*,22030,监狱挂机找回30,1001,,4900000,2001,,550000,,,,,,,,,,,,,,,,,,
*,22031,监狱挂机找回31,1001,,5075000,2001,,600000,,,,,,,,,,,,,,,,,,
*,22032,监狱挂机找回32,1001,,5425000,2001,,700000,,,,,,,,,,,,,,,,,,
*,22033,监狱挂机找回33,1001,,5775000,2001,,800000,,,,,,,,,,,,,,,,,,
*,22034,监狱挂机找回34,1001,,6125000,2001,,900000,,,,,,,,,,,,,,,,,,
*,22035,监狱挂机找回35,1001,,6475000,2001,,1000000,,,,,,,,,,,,,,,,,,
*,22036,监狱挂机找回36,1001,,6825000,2001,,1100000,,,,,,,,,,,,,,,,,,
*,22037,监狱挂机找回37,1001,,7175000,2001,,1200000,,,,,,,,,,,,,,,,,,
*,22038,监狱挂机找回38,1001,,7525000,2001,,1300000,,,,,,,,,,,,,,,,,,
*,22039,监狱挂机找回39,1001,,7875000,2001,,1400000,,,,,,,,,,,,,,,,,,
*,22040,监狱挂机找回40,1001,,8225000,2001,,1500000,,,,,,,,,,,,,,,,,,
*,22041,监狱挂机找回41,1001,,8575000,2001,,1600000,,,,,,,,,,,,,,,,,,
*,22042,监狱挂机找回42,1001,,8925000,2001,,1700000,,,,,,,,,,,,,,,,,,
*,22043,监狱挂机找回43,1001,,9275000,2001,,1800000,,,,,,,,,,,,,,,,,,
*,22044,监狱挂机找回44,1001,,9625000,2001,,1900000,,,,,,,,,,,,,,,,,,
*,22045,监狱挂机找回45,1001,,9975000,2001,,2000000,,,,,,,,,,,,,,,,,,
*,22046,监狱挂机找回46,1001,,10325000,2001,,2100000,,,,,,,,,,,,,,,,,,
*,22047,监狱挂机找回47,1001,,10850000,2001,,2250000,,,,,,,,,,,,,,,,,,
*,22048,监狱挂机找回48,1001,,11375000,2001,,2400000,,,,,,,,,,,,,,,,,,
*,22049,监狱挂机找回49,1001,,11900000,2001,,2550000,,,,,,,,,,,,,,,,,,
*,22050,监狱挂机找回50,1001,,12425000,2001,,2700000,,,,,,,,,,,,,,,,,,
*,22051,监狱挂机找回51,1001,,12950000,2001,,2850000,,,,,,,,,,,,,,,,,,
*,22052,监狱挂机找回52,1001,,13475000,2001,,3000000,,,,,,,,,,,,,,,,,,
*,22053,监狱挂机找回53,1001,,14000000,2001,,3150000,,,,,,,,,,,,,,,,,,
*,22054,监狱挂机找回54,1001,,14525000,2001,,3300000,,,,,,,,,,,,,,,,,,
*,22055,监狱挂机找回55,1001,,15050000,2001,,3450000,,,,,,,,,,,,,,,,,,
*,22056,监狱挂机找回56,1001,,15575000,2001,,3600000,,,,,,,,,,,,,,,,,,
*,22057,监狱挂机找回57,1001,,16100000,2001,,3750000,,,,,,,,,,,,,,,,,,
*,22058,监狱挂机找回58,1001,,16625000,2001,,3900000,,,,,,,,,,,,,,,,,,
*,22059,监狱挂机找回59,1001,,17325000,2001,,4100000,,,,,,,,,,,,,,,,,,
*,22060,监狱挂机找回60,1001,,18025000,2001,,4300000,,,,,,,,,,,,,,,,,,
*,22061,监狱挂机找回61,1001,,18725000,2001,,4500000,,,,,,,,,,,,,,,,,,
*,22062,监狱挂机找回62,1001,,19425000,2001,,4700000,,,,,,,,,,,,,,,,,,
*,22063,监狱挂机找回63,1001,,20125000,2001,,4900000,,,,,,,,,,,,,,,,,,
*,22064,监狱挂机找回64,1001,,20825000,2001,,5100000,,,,,,,,,,,,,,,,,,
*,22065,监狱挂机找回65,1001,,21525000,2001,,5300000,,,,,,,,,,,,,,,,,,
*,22066,监狱挂机找回66,1001,,22225000,2001,,5500000,,,,,,,,,,,,,,,,,,
*,22067,监狱挂机找回67,1001,,22925000,2001,,5700000,,,,,,,,,,,,,,,,,,
*,22068,监狱挂机找回68,1001,,23625000,2001,,5900000,,,,,,,,,,,,,,,,,,
*,22069,监狱挂机找回69,1001,,24325000,2001,,6100000,,,,,,,,,,,,,,,,,,
*,22070,监狱挂机找回70,1001,,25025000,2001,,6300000,,,,,,,,,,,,,,,,,,
*,22071,监狱挂机找回71,1001,,25725000,2001,,6500000,,,,,,,,,,,,,,,,,,
*,22072,监狱挂机找回72,1001,,26425000,2001,,6700000,,,,,,,,,,,,,,,,,,
*,22073,监狱挂机找回73,1001,,27125000,2001,,6900000,,,,,,,,,,,,,,,,,,
*,22074,监狱挂机找回74,1001,,27825000,2001,,7100000,,,,,,,,,,,,,,,,,,
*,22075,监狱挂机找回75,1001,,28525000,2001,,7300000,,,,,,,,,,,,,,,,,,
*,22076,监狱挂机找回76,1001,,29225000,2001,,7500000,,,,,,,,,,,,,,,,,,
*,22077,监狱挂机找回77,1001,,29925000,2001,,7700000,,,,,,,,,,,,,,,,,,
*,22078,监狱挂机找回78,1001,,30625000,2001,,7900000,,,,,,,,,,,,,,,,,,
*,22079,监狱挂机找回79,1001,,31325000,2001,,8100000,,,,,,,,,,,,,,,,,,
*,22080,监狱挂机找回80,1001,,32025000,2001,,8300000,,,,,,,,,,,,,,,,,,
*,23001,尬舞找回1,2001,,130000,,,,,,,,,,,,,,,,,,,,,
*,23002,尬舞找回2,2001,,130000,,,,,,,,,,,,,,,,,,,,,
*,23003,尬舞找回3,2001,,130000,,,,,,,,,,,,,,,,,,,,,
*,23004,尬舞找回4,2001,,130000,,,,,,,,,,,,,,,,,,,,,
*,23005,尬舞找回5,2001,,130000,,,,,,,,,,,,,,,,,,,,,
*,23006,尬舞找回6,2001,,130000,,,,,,,,,,,,,,,,,,,,,
*,23007,尬舞找回7,2001,,130000,,,,,,,,,,,,,,,,,,,,,
*,23008,尬舞找回8,2001,,130000,,,,,,,,,,,,,,,,,,,,,
*,23009,尬舞找回9,2001,,130000,,,,,,,,,,,,,,,,,,,,,
*,23010,尬舞找回10,2001,,130000,,,,,,,,,,,,,,,,,,,,,
*,23011,尬舞找回11,2001,,130000,,,,,,,,,,,,,,,,,,,,,
*,23012,尬舞找回12,2001,,130000,,,,,,,,,,,,,,,,,,,,,
*,23013,尬舞找回13,2001,,130000,,,,,,,,,,,,,,,,,,,,,
*,23014,尬舞找回14,2001,,130000,,,,,,,,,,,,,,,,,,,,,
*,23015,尬舞找回15,2001,,130000,,,,,,,,,,,,,,,,,,,,,
*,23016,尬舞找回16,2001,,225000,,,,,,,,,,,,,,,,,,,,,
*,23017,尬舞找回17,2001,,225000,,,,,,,,,,,,,,,,,,,,,
*,23018,尬舞找回18,2001,,225000,,,,,,,,,,,,,,,,,,,,,
*,23019,尬舞找回19,2001,,225000,,,,,,,,,,,,,,,,,,,,,
*,23020,尬舞找回20,2001,,225000,,,,,,,,,,,,,,,,,,,,,
*,23021,尬舞找回21,2001,,225000,,,,,,,,,,,,,,,,,,,,,
*,23022,尬舞找回22,2001,,270000,,,,,,,,,,,,,,,,,,,,,
*,23023,尬舞找回23,2001,,270000,,,,,,,,,,,,,,,,,,,,,
*,23024,尬舞找回24,2001,,270000,,,,,,,,,,,,,,,,,,,,,
*,23025,尬舞找回25,2001,,350000,,,,,,,,,,,,,,,,,,,,,
*,23026,尬舞找回26,2001,,350000,,,,,,,,,,,,,,,,,,,,,
*,23027,尬舞找回27,2001,,400000,,,,,,,,,,,,,,,,,,,,,
*,23028,尬舞找回28,2001,,450000,,,,,,,,,,,,,,,,,,,,,
*,23029,尬舞找回29,2001,,500000,,,,,,,,,,,,,,,,,,,,,
*,23030,尬舞找回30,2001,,550000,,,,,,,,,,,,,,,,,,,,,
*,23031,尬舞找回31,2001,,600000,,,,,,,,,,,,,,,,,,,,,
*,23032,尬舞找回32,2001,,700000,,,,,,,,,,,,,,,,,,,,,
*,23033,尬舞找回33,2001,,800000,,,,,,,,,,,,,,,,,,,,,
*,23034,尬舞找回34,2001,,900000,,,,,,,,,,,,,,,,,,,,,
*,23035,尬舞找回35,2001,,1000000,,,,,,,,,,,,,,,,,,,,,
*,23036,尬舞找回36,2001,,1100000,,,,,,,,,,,,,,,,,,,,,
*,23037,尬舞找回37,2001,,1200000,,,,,,,,,,,,,,,,,,,,,
*,23038,尬舞找回38,2001,,1300000,,,,,,,,,,,,,,,,,,,,,
*,23039,尬舞找回39,2001,,1400000,,,,,,,,,,,,,,,,,,,,,
*,23040,尬舞找回40,2001,,1500000,,,,,,,,,,,,,,,,,,,,,
*,23041,尬舞找回41,2001,,1600000,,,,,,,,,,,,,,,,,,,,,
*,23042,尬舞找回42,2001,,1700000,,,,,,,,,,,,,,,,,,,,,
*,23043,尬舞找回43,2001,,1800000,,,,,,,,,,,,,,,,,,,,,
*,23044,尬舞找回44,2001,,1900000,,,,,,,,,,,,,,,,,,,,,
*,23045,尬舞找回45,2001,,2000000,,,,,,,,,,,,,,,,,,,,,
*,23046,尬舞找回46,2001,,2100000,,,,,,,,,,,,,,,,,,,,,
*,23047,尬舞找回47,2001,,2250000,,,,,,,,,,,,,,,,,,,,,
*,23048,尬舞找回48,2001,,2400000,,,,,,,,,,,,,,,,,,,,,
*,23049,尬舞找回49,2001,,2550000,,,,,,,,,,,,,,,,,,,,,
*,23050,尬舞找回50,2001,,2700000,,,,,,,,,,,,,,,,,,,,,
*,23051,尬舞找回51,2001,,2850000,,,,,,,,,,,,,,,,,,,,,
*,23052,尬舞找回52,2001,,3000000,,,,,,,,,,,,,,,,,,,,,
*,23053,尬舞找回53,2001,,3150000,,,,,,,,,,,,,,,,,,,,,
*,23054,尬舞找回54,2001,,3300000,,,,,,,,,,,,,,,,,,,,,
*,23055,尬舞找回55,2001,,3450000,,,,,,,,,,,,,,,,,,,,,
*,23056,尬舞找回56,2001,,3600000,,,,,,,,,,,,,,,,,,,,,
*,23057,尬舞找回57,2001,,3750000,,,,,,,,,,,,,,,,,,,,,
*,23058,尬舞找回58,2001,,3900000,,,,,,,,,,,,,,,,,,,,,
*,23059,尬舞找回59,2001,,4100000,,,,,,,,,,,,,,,,,,,,,
*,23060,尬舞找回60,2001,,4300000,,,,,,,,,,,,,,,,,,,,,
*,23061,尬舞找回61,2001,,4500000,,,,,,,,,,,,,,,,,,,,,
*,23062,尬舞找回62,2001,,4700000,,,,,,,,,,,,,,,,,,,,,
*,23063,尬舞找回63,2001,,4900000,,,,,,,,,,,,,,,,,,,,,
*,23064,尬舞找回64,2001,,5100000,,,,,,,,,,,,,,,,,,,,,
*,23065,尬舞找回65,2001,,5300000,,,,,,,,,,,,,,,,,,,,,
*,23066,尬舞找回66,2001,,5500000,,,,,,,,,,,,,,,,,,,,,
*,23067,尬舞找回67,2001,,5700000,,,,,,,,,,,,,,,,,,,,,
*,23068,尬舞找回68,2001,,5900000,,,,,,,,,,,,,,,,,,,,,
*,23069,尬舞找回69,2001,,6100000,,,,,,,,,,,,,,,,,,,,,
*,23070,尬舞找回70,2001,,6300000,,,,,,,,,,,,,,,,,,,,,
*,23071,尬舞找回71,2001,,6500000,,,,,,,,,,,,,,,,,,,,,
*,23072,尬舞找回72,2001,,6700000,,,,,,,,,,,,,,,,,,,,,
*,23073,尬舞找回73,2001,,6900000,,,,,,,,,,,,,,,,,,,,,
*,23074,尬舞找回74,2001,,7100000,,,,,,,,,,,,,,,,,,,,,
*,23075,尬舞找回75,2001,,7300000,,,,,,,,,,,,,,,,,,,,,
*,23076,尬舞找回76,2001,,7500000,,,,,,,,,,,,,,,,,,,,,
*,23077,尬舞找回77,2001,,7700000,,,,,,,,,,,,,,,,,,,,,
*,23078,尬舞找回78,2001,,7900000,,,,,,,,,,,,,,,,,,,,,
*,23079,尬舞找回79,2001,,8100000,,,,,,,,,,,,,,,,,,,,,
*,23080,尬舞找回80,2001,,8300000,,,,,,,,,,,,,,,,,,,,,
*,24001,爬塔找回1,2001,,10000,1001,,10000,,,,,,,,,,,,,,,,,,
*,24002,爬塔找回2,2001,,10000,1001,,10000,,,,,,,,,,,,,,,,,,
*,24003,爬塔找回3,2001,,10000,1001,,10000,,,,,,,,,,,,,,,,,,
*,24004,爬塔找回4,2001,,10000,1001,,10000,,,,,,,,,,,,,,,,,,
*,24005,爬塔找回5,2001,,10000,1001,,10000,,,,,,,,,,,,,,,,,,
*,24006,爬塔找回6,2001,,10000,1001,,10000,,,,,,,,,,,,,,,,,,
*,24007,爬塔找回7,2001,,10000,1001,,10000,,,,,,,,,,,,,,,,,,
*,24008,爬塔找回8,2001,,10000,1001,,10000,,,,,,,,,,,,,,,,,,
*,24009,爬塔找回9,2001,,10000,1001,,10000,,,,,,,,,,,,,,,,,,
*,24010,爬塔找回10,2001,,10000,1001,,10000,,,,,,,,,,,,,,,,,,
*,24011,爬塔找回11,2001,,10000,1001,,10000,,,,,,,,,,,,,,,,,,
*,24012,爬塔找回12,2001,,10000,1001,,10000,,,,,,,,,,,,,,,,,,
*,24013,爬塔找回13,2001,,10000,1001,,10000,,,,,,,,,,,,,,,,,,
*,24014,爬塔找回14,2001,,10000,1001,,10000,,,,,,,,,,,,,,,,,,
*,24015,爬塔找回15,2001,,10000,1001,,10000,,,,,,,,,,,,,,,,,,
*,24016,爬塔找回16,2001,,366650,1001,,56250,,,,,,,,,,,,,,,,,,
*,24017,爬塔找回17,2001,,366650,1001,,56250,,,,,,,,,,,,,,,,,,
*,24018,爬塔找回18,2001,,366650,1001,,56250,,,,,,,,,,,,,,,,,,
*,24019,爬塔找回19,2001,,366650,1001,,56250,,,,,,,,,,,,,,,,,,
*,24020,爬塔找回20,2001,,366650,1001,,56250,,,,,,,,,,,,,,,,,,
*,24021,爬塔找回21,2001,,366650,1001,,56250,,,,,,,,,,,,,,,,,,
*,24022,爬塔找回22,2001,,383350,1001,,67500,,,,,,,,,,,,,,,,,,
*,24023,爬塔找回23,2001,,383350,1001,,67500,,,,,,,,,,,,,,,,,,
*,24024,爬塔找回24,2001,,383350,1001,,67500,,,,,,,,,,,,,,,,,,
*,24025,爬塔找回25,2001,,900000,1001,,87500,,,,,,,,,,,,,,,,,,
*,24026,爬塔找回26,2001,,900000,1001,,87500,,,,,,,,,,,,,,,,,,
*,24027,爬塔找回27,2001,,1875000,1001,,100000,,,,,,,,,,,,,,,,,,
*,24028,爬塔找回28,2001,,1950000,1001,,112500,,,,,,,,,,,,,,,,,,
*,24029,爬塔找回29,2001,,2025000,1001,,125000,,,,,,,,,,,,,,,,,,
*,24030,爬塔找回30,2001,,2100000,1001,,137500,,,,,,,,,,,,,,,,,,
*,24031,爬塔找回31,2001,,2175000,1001,,150000,,,,,,,,,,,,,,,,,,
*,24032,爬塔找回32,2001,,2325000,1001,,175000,,,,,,,,,,,,,,,,,,
*,24033,爬塔找回33,2001,,2475000,1001,,200000,,,,,,,,,,,,,,,,,,
*,24034,爬塔找回34,2001,,2625000,1001,,225000,,,,,,,,,,,,,,,,,,
*,24035,爬塔找回35,2001,,2775000,1001,,250000,,,,,,,,,,,,,,,,,,
*,24036,爬塔找回36,2001,,2925000,1001,,275000,,,,,,,,,,,,,,,,,,
*,24037,爬塔找回37,2001,,3075000,1001,,300000,,,,,,,,,,,,,,,,,,
*,24038,爬塔找回38,2001,,3225000,1001,,325000,,,,,,,,,,,,,,,,,,
*,24039,爬塔找回39,2001,,3375000,1001,,350000,,,,,,,,,,,,,,,,,,
*,24040,爬塔找回40,2001,,3525000,1001,,375000,,,,,,,,,,,,,,,,,,
*,24041,爬塔找回41,2001,,3675000,1001,,400000,,,,,,,,,,,,,,,,,,
*,24042,爬塔找回42,2001,,3825000,1001,,425000,,,,,,,,,,,,,,,,,,
*,24043,爬塔找回43,2001,,3975000,1001,,450000,,,,,,,,,,,,,,,,,,
*,24044,爬塔找回44,2001,,4125000,1001,,475000,,,,,,,,,,,,,,,,,,
*,24045,爬塔找回45,2001,,4275000,1001,,500000,,,,,,,,,,,,,,,,,,
*,24046,爬塔找回46,2001,,4425000,1001,,525000,,,,,,,,,,,,,,,,,,
*,24047,爬塔找回47,2001,,4650000,1001,,562500,,,,,,,,,,,,,,,,,,
*,24048,爬塔找回48,2001,,4875000,1001,,600000,,,,,,,,,,,,,,,,,,
*,24049,爬塔找回49,2001,,5100000,1001,,637500,,,,,,,,,,,,,,,,,,
*,24050,爬塔找回50,2001,,5325000,1001,,675000,,,,,,,,,,,,,,,,,,
*,24051,爬塔找回51,2001,,5550000,1001,,712500,,,,,,,,,,,,,,,,,,
*,24052,爬塔找回52,2001,,5775000,1001,,750000,,,,,,,,,,,,,,,,,,
*,24053,爬塔找回53,2001,,6000000,1001,,787500,,,,,,,,,,,,,,,,,,
*,24054,爬塔找回54,2001,,6225000,1001,,825000,,,,,,,,,,,,,,,,,,
*,24055,爬塔找回55,2001,,6450000,1001,,862500,,,,,,,,,,,,,,,,,,
*,24056,爬塔找回56,2001,,6675000,1001,,900000,,,,,,,,,,,,,,,,,,
*,24057,爬塔找回57,2001,,6900000,1001,,937500,,,,,,,,,,,,,,,,,,
*,24058,爬塔找回58,2001,,7125000,1001,,975000,,,,,,,,,,,,,,,,,,
*,24059,爬塔找回59,2001,,7425000,1001,,1025000,,,,,,,,,,,,,,,,,,
*,24060,爬塔找回60,2001,,7725000,1001,,1075000,,,,,,,,,,,,,,,,,,
*,24061,爬塔找回61,2001,,8025000,1001,,1125000,,,,,,,,,,,,,,,,,,
*,24062,爬塔找回62,2001,,8325000,1001,,1175000,,,,,,,,,,,,,,,,,,
*,24063,爬塔找回63,2001,,8625000,1001,,1225000,,,,,,,,,,,,,,,,,,
*,24064,爬塔找回64,2001,,8925000,1001,,1275000,,,,,,,,,,,,,,,,,,
*,24065,爬塔找回65,2001,,9225000,1001,,1325000,,,,,,,,,,,,,,,,,,
*,24066,爬塔找回66,2001,,9525000,1001,,1375000,,,,,,,,,,,,,,,,,,
*,24067,爬塔找回67,2001,,9825000,1001,,1425000,,,,,,,,,,,,,,,,,,
*,24068,爬塔找回68,2001,,10125000,1001,,1475000,,,,,,,,,,,,,,,,,,
*,24069,爬塔找回69,2001,,10425000,1001,,1525000,,,,,,,,,,,,,,,,,,
*,24070,爬塔找回70,2001,,10725000,1001,,1575000,,,,,,,,,,,,,,,,,,
*,24071,爬塔找回71,2001,,11025000,1001,,1625000,,,,,,,,,,,,,,,,,,
*,24072,爬塔找回72,2001,,11325000,1001,,1675000,,,,,,,,,,,,,,,,,,
*,24073,爬塔找回73,2001,,11625000,1001,,1725000,,,,,,,,,,,,,,,,,,
*,24074,爬塔找回74,2001,,11925000,1001,,1775000,,,,,,,,,,,,,,,,,,
*,24075,爬塔找回75,2001,,12225000,1001,,1825000,,,,,,,,,,,,,,,,,,
*,24076,爬塔找回76,2001,,12525000,1001,,1875000,,,,,,,,,,,,,,,,,,
*,24077,爬塔找回77,2001,,12825000,1001,,1925000,,,,,,,,,,,,,,,,,,
*,24078,爬塔找回78,2001,,13125000,1001,,1975000,,,,,,,,,,,,,,,,,,
*,24079,爬塔找回79,2001,,13425000,1001,,2025000,,,,,,,,,,,,,,,,,,
*,24080,爬塔找回80,2001,,13725000,1001,,2075000,,,,,,,,,,,,,,,,,,
*,25001,护送找回1,2001,,45000,2002,,20,8801,,6,,,,,,,,,,,,,,,
*,25002,护送找回2,2001,,45000,2002,,20,8801,,6,,,,,,,,,,,,,,,
*,25003,护送找回3,2001,,45000,2002,,20,8801,,6,,,,,,,,,,,,,,,
*,25004,护送找回4,2001,,45000,2002,,20,8801,,6,,,,,,,,,,,,,,,
*,25005,护送找回5,2001,,45000,2002,,20,8801,,6,,,,,,,,,,,,,,,
*,25006,护送找回6,2001,,45000,2002,,20,8801,,6,,,,,,,,,,,,,,,
*,25007,护送找回7,2001,,45000,2002,,20,8801,,6,,,,,,,,,,,,,,,
*,25008,护送找回8,2001,,45000,2002,,20,8801,,6,,,,,,,,,,,,,,,
*,25009,护送找回9,2001,,45000,2002,,20,8801,,6,,,,,,,,,,,,,,,
*,25010,护送找回10,2001,,45000,2002,,20,8801,,6,,,,,,,,,,,,,,,
*,25011,护送找回11,2001,,45000,2002,,20,8801,,6,,,,,,,,,,,,,,,
*,25012,护送找回12,2001,,45000,2002,,20,8801,,6,,,,,,,,,,,,,,,
*,25013,护送找回13,2001,,45000,2002,,20,8801,,6,,,,,,,,,,,,,,,
*,25014,护送找回14,2001,,45000,2002,,20,8801,,6,,,,,,,,,,,,,,,
*,25015,护送找回15,2001,,45000,2002,,20,8801,,6,,,,,,,,,,,,,,,
*,25016,护送找回16,2001,,45000,2002,,20,8801,,6,,,,,,,,,,,,,,,
*,25017,护送找回17,2001,,45000,2002,,20,8801,,6,,,,,,,,,,,,,,,
*,25018,护送找回18,2001,,45000,2002,,20,8801,,6,,,,,,,,,,,,,,,
*,25019,护送找回19,2001,,45000,2002,,20,8801,,6,,,,,,,,,,,,,,,
*,25020,护送找回20,2001,,45000,2002,,20,8801,,6,,,,,,,,,,,,,,,
*,25021,护送找回21,2001,,45000,2002,,20,8801,,6,,,,,,,,,,,,,,,
*,25022,护送找回22,2001,,45000,2002,,20,8801,,6,,,,,,,,,,,,,,,
*,25023,护送找回23,2001,,45000,2002,,20,8801,,6,,,,,,,,,,,,,,,
*,25024,护送找回24,2001,,45000,2002,,20,8801,,6,,,,,,,,,,,,,,,
*,25025,护送找回25,2001,,175000,2002,,20,8801,,6,,,,,,,,,,,,,,,
*,25026,护送找回26,2001,,175000,2002,,20,8801,,6,,,,,,,,,,,,,,,
*,25027,护送找回27,2001,,200000,2002,,20,8801,,6,,,,,,,,,,,,,,,
*,25028,护送找回28,2001,,225000,2002,,20,8801,,6,,,,,,,,,,,,,,,
*,25029,护送找回29,2001,,250000,2002,,20,8801,,6,,,,,,,,,,,,,,,
*,25030,护送找回30,2001,,275000,2002,,20,8801,,6,,,,,,,,,,,,,,,
*,25031,护送找回31,2001,,300000,2002,,20,8801,,6,,,,,,,,,,,,,,,
*,25032,护送找回32,2001,,350000,2002,,20,8801,,6,,,,,,,,,,,,,,,
*,25033,护送找回33,2001,,400000,2002,,20,8801,,6,,,,,,,,,,,,,,,
*,25034,护送找回34,2001,,450000,2002,,20,8801,,6,,,,,,,,,,,,,,,
*,25035,护送找回35,2001,,500000,2002,,20,8801,,6,,,,,,,,,,,,,,,
*,25036,护送找回36,2001,,550000,2002,,20,8801,,6,,,,,,,,,,,,,,,
*,25037,护送找回37,2001,,600000,2002,,20,8801,,6,,,,,,,,,,,,,,,
*,25038,护送找回38,2001,,650000,2002,,20,8801,,6,,,,,,,,,,,,,,,
*,25039,护送找回39,2001,,700000,2002,,20,8801,,6,,,,,,,,,,,,,,,
*,25040,护送找回40,2001,,750000,2002,,20,8801,,6,,,,,,,,,,,,,,,
*,25041,护送找回41,2001,,800000,2002,,20,8801,,6,,,,,,,,,,,,,,,
*,25042,护送找回42,2001,,850000,2002,,20,8801,,6,,,,,,,,,,,,,,,
*,25043,护送找回43,2001,,900000,2002,,20,8801,,6,,,,,,,,,,,,,,,
*,25044,护送找回44,2001,,950000,2002,,20,8801,,6,,,,,,,,,,,,,,,
*,25045,护送找回45,2001,,1000000,2002,,20,8801,,6,,,,,,,,,,,,,,,
*,25046,护送找回46,2001,,1050000,2002,,20,8801,,6,,,,,,,,,,,,,,,
*,25047,护送找回47,2001,,1125000,2002,,20,8801,,6,,,,,,,,,,,,,,,
*,25048,护送找回48,2001,,1200000,2002,,20,8801,,6,,,,,,,,,,,,,,,
*,25049,护送找回49,2001,,1275000,2002,,20,8801,,6,,,,,,,,,,,,,,,
*,25050,护送找回50,2001,,1350000,2002,,20,8801,,6,,,,,,,,,,,,,,,
*,25051,护送找回51,2001,,1425000,2002,,20,8801,,6,,,,,,,,,,,,,,,
*,25052,护送找回52,2001,,1500000,2002,,20,8801,,6,,,,,,,,,,,,,,,
*,25053,护送找回53,2001,,1575000,2002,,20,8801,,6,,,,,,,,,,,,,,,
*,25054,护送找回54,2001,,1650000,2002,,20,8801,,6,,,,,,,,,,,,,,,
*,25055,护送找回55,2001,,1725000,2002,,20,8801,,6,,,,,,,,,,,,,,,
*,25056,护送找回56,2001,,1800000,2002,,20,8801,,6,,,,,,,,,,,,,,,
*,25057,护送找回57,2001,,1875000,2002,,20,8801,,6,,,,,,,,,,,,,,,
*,25058,护送找回58,2001,,1950000,2002,,20,8801,,6,,,,,,,,,,,,,,,
*,25059,护送找回59,2001,,2050000,2002,,20,8801,,6,,,,,,,,,,,,,,,
*,25060,护送找回60,2001,,2150000,2002,,20,8801,,6,,,,,,,,,,,,,,,
*,25061,护送找回61,2001,,2250000,2002,,20,8801,,6,,,,,,,,,,,,,,,
*,25062,护送找回62,2001,,2350000,2002,,20,8801,,6,,,,,,,,,,,,,,,
*,25063,护送找回63,2001,,2450000,2002,,20,8801,,6,,,,,,,,,,,,,,,
*,25064,护送找回64,2001,,2550000,2002,,20,8801,,6,,,,,,,,,,,,,,,
*,25065,护送找回65,2001,,2650000,2002,,20,8801,,6,,,,,,,,,,,,,,,
*,25066,护送找回66,2001,,2750000,2002,,20,8801,,6,,,,,,,,,,,,,,,
*,25067,护送找回67,2001,,2850000,2002,,20,8801,,6,,,,,,,,,,,,,,,
*,25068,护送找回68,2001,,2950000,2002,,20,8801,,6,,,,,,,,,,,,,,,
*,25069,护送找回69,2001,,3050000,2002,,20,8801,,6,,,,,,,,,,,,,,,
*,25070,护送找回70,2001,,3150000,2002,,20,8801,,6,,,,,,,,,,,,,,,
*,25071,护送找回71,2001,,3250000,2002,,20,8801,,6,,,,,,,,,,,,,,,
*,25072,护送找回72,2001,,3350000,2002,,20,8801,,6,,,,,,,,,,,,,,,
*,25073,护送找回73,2001,,3450000,2002,,20,8801,,6,,,,,,,,,,,,,,,
*,25074,护送找回74,2001,,3550000,2002,,20,8801,,6,,,,,,,,,,,,,,,
*,25075,护送找回75,2001,,3650000,2002,,20,8801,,6,,,,,,,,,,,,,,,
*,25076,护送找回76,2001,,3750000,2002,,20,8801,,6,,,,,,,,,,,,,,,
*,25077,护送找回77,2001,,3850000,2002,,20,8801,,6,,,,,,,,,,,,,,,
*,25078,护送找回78,2001,,3950000,2002,,20,8801,,6,,,,,,,,,,,,,,,
*,25079,护送找回79,2001,,4050000,2002,,20,8801,,6,,,,,,,,,,,,,,,
*,25080,护送找回80,2001,,4150000,2002,,20,8801,,6,,,,,,,,,,,,,,,
*,26001,日活找回1,1002,,50,1001,,10000,5026,,3,,,,,,,,,,,,,,,
*,26002,日活找回2,1002,,50,1001,,10000,5026,,3,,,,,,,,,,,,,,,
*,26003,日活找回3,1002,,50,1001,,10000,5026,,3,,,,,,,,,,,,,,,
*,26004,日活找回4,1002,,50,1001,,10000,5026,,3,,,,,,,,,,,,,,,
*,26005,日活找回5,1002,,50,1001,,10000,5026,,3,,,,,,,,,,,,,,,
*,26006,日活找回6,1002,,50,1001,,10000,5026,,3,,,,,,,,,,,,,,,
*,26007,日活找回7,1002,,50,1001,,10000,5026,,3,,,,,,,,,,,,,,,
*,26008,日活找回8,1002,,50,1001,,10000,5026,,3,,,,,,,,,,,,,,,
*,26009,日活找回9,1002,,50,1001,,10000,5026,,3,,,,,,,,,,,,,,,
*,26010,日活找回10,1002,,50,1001,,10000,5026,,3,,,,,,,,,,,,,,,
*,26011,日活找回11,1002,,50,1001,,10000,5026,,3,,,,,,,,,,,,,,,
*,26012,日活找回12,1002,,50,1001,,10000,5026,,3,,,,,,,,,,,,,,,
*,26013,日活找回13,1002,,50,1001,,10000,5026,,3,,,,,,,,,,,,,,,
*,26014,日活找回14,1002,,50,1001,,10000,5026,,3,,,,,,,,,,,,,,,
*,26015,日活找回15,1002,,50,1001,,10000,5026,,3,,,,,,,,,,,,,,,
*,26016,日活找回16,1002,,50,1001,,10000,5026,,3,,,,,,,,,,,,,,,
*,26017,日活找回17,1002,,50,1001,,10000,5026,,3,,,,,,,,,,,,,,,
*,26018,日活找回18,1002,,50,1001,,10000,5026,,3,,,,,,,,,,,,,,,
*,26019,日活找回19,1002,,50,1001,,10000,5026,,3,,,,,,,,,,,,,,,
*,26020,日活找回20,1002,,50,1001,,10000,5026,,3,,,,,,,,,,,,,,,
*,26021,日活找回21,1002,,50,1001,,10000,5026,,3,,,,,,,,,,,,,,,
*,26022,日活找回22,1002,,50,1001,,10000,5026,,3,,,,,,,,,,,,,,,
*,26023,日活找回23,1002,,50,1001,,10000,5026,,3,,,,,,,,,,,,,,,
*,26024,日活找回24,1002,,50,1001,,10000,5026,,3,,,,,,,,,,,,,,,
*,26025,日活找回25,1002,,50,1001,,10000,5026,,3,,,,,,,,,,,,,,,
*,26026,日活找回26,1002,,50,1001,,10000,5026,,3,,,,,,,,,,,,,,,
*,26027,日活找回27,1002,,50,1001,,20000,5026,,3,,,,,,,,,,,,,,,
*,26028,日活找回28,1002,,50,1001,,20000,5026,,3,,,,,,,,,,,,,,,
*,26029,日活找回29,1002,,50,1001,,20000,5026,,3,,,,,,,,,,,,,,,
*,26030,日活找回30,1002,,50,1001,,20000,5026,,3,,,,,,,,,,,,,,,
*,26031,日活找回31,1002,,50,1001,,20000,5026,,3,,,,,,,,,,,,,,,
*,26032,日活找回32,1002,,50,1001,,20000,5026,,3,,,,,,,,,,,,,,,
*,26033,日活找回33,1002,,50,1001,,20000,5026,,3,,,,,,,,,,,,,,,
*,26034,日活找回34,1002,,50,1001,,20000,5026,,3,,,,,,,,,,,,,,,
*,26035,日活找回35,1002,,50,1001,,20000,5026,,3,,,,,,,,,,,,,,,
*,26036,日活找回36,1002,,50,1001,,30000,5026,,3,,,,,,,,,,,,,,,
*,26037,日活找回37,1002,,50,1001,,30000,5026,,3,,,,,,,,,,,,,,,
*,26038,日活找回38,1002,,50,1001,,30000,5026,,3,,,,,,,,,,,,,,,
*,26039,日活找回39,1002,,50,1001,,30000,5026,,3,,,,,,,,,,,,,,,
*,26040,日活找回40,1002,,50,1001,,40000,5026,,3,,,,,,,,,,,,,,,
*,26041,日活找回41,1002,,50,1001,,40000,5026,,3,,,,,,,,,,,,,,,
*,26042,日活找回42,1002,,50,1001,,40000,5026,,3,,,,,,,,,,,,,,,
*,26043,日活找回43,1002,,50,1001,,60000,5026,,3,,,,,,,,,,,,,,,
*,26044,日活找回44,1002,,50,1001,,60000,5026,,3,,,,,,,,,,,,,,,
*,26045,日活找回45,1002,,50,1001,,60000,5026,,3,,,,,,,,,,,,,,,
*,26046,日活找回46,1002,,50,1001,,70000,5026,,3,,,,,,,,,,,,,,,
*,26047,日活找回47,1002,,50,1001,,70000,5026,,3,,,,,,,,,,,,,,,
*,26048,日活找回48,1002,,50,1001,,70000,5026,,3,,,,,,,,,,,,,,,
*,26049,日活找回49,1002,,50,1001,,80000,5026,,3,,,,,,,,,,,,,,,
*,26050,日活找回50,1002,,50,1001,,80000,5026,,3,,,,,,,,,,,,,,,
*,26051,日活找回51,1002,,50,1001,,80000,5026,,3,,,,,,,,,,,,,,,
*,26052,日活找回52,1002,,50,1001,,80000,5026,,3,,,,,,,,,,,,,,,
*,26053,日活找回53,1002,,50,1001,,80000,5026,,3,,,,,,,,,,,,,,,
*,26054,日活找回54,1002,,50,1001,,90000,5026,,3,,,,,,,,,,,,,,,
*,26055,日活找回55,1002,,50,1001,,90000,5026,,3,,,,,,,,,,,,,,,
*,26056,日活找回56,1002,,50,1001,,90000,5026,,3,,,,,,,,,,,,,,,
*,26057,日活找回57,1002,,50,1001,,90000,5026,,3,,,,,,,,,,,,,,,
*,26058,日活找回58,1002,,50,1001,,90000,5026,,3,,,,,,,,,,,,,,,
*,26059,日活找回59,1002,,50,1001,,90000,5026,,3,,,,,,,,,,,,,,,
*,26060,日活找回60,1002,,50,1001,,100000,5026,,3,,,,,,,,,,,,,,,
*,26061,日活找回61,1002,,50,1001,,100000,5026,,3,,,,,,,,,,,,,,,
*,26062,日活找回62,1002,,50,1001,,100000,5026,,3,,,,,,,,,,,,,,,
*,26063,日活找回63,1002,,50,1001,,100000,5026,,3,,,,,,,,,,,,,,,
*,26064,日活找回64,1002,,50,1001,,100000,5026,,3,,,,,,,,,,,,,,,
*,26065,日活找回65,1002,,50,1001,,100000,5026,,3,,,,,,,,,,,,,,,
*,26066,日活找回66,1002,,50,1001,,110000,5026,,3,,,,,,,,,,,,,,,
*,26067,日活找回67,1002,,50,1001,,110000,5026,,3,,,,,,,,,,,,,,,
*,26068,日活找回68,1002,,50,1001,,110000,5026,,3,,,,,,,,,,,,,,,
*,26069,日活找回69,1002,,50,1001,,110000,5026,,3,,,,,,,,,,,,,,,
*,26070,日活找回70,1002,,50,1001,,110000,5026,,3,,,,,,,,,,,,,,,
*,26071,日活找回71,1002,,50,1001,,110000,5026,,3,,,,,,,,,,,,,,,
*,26072,日活找回72,1002,,50,1001,,120000,5026,,3,,,,,,,,,,,,,,,
*,26073,日活找回73,1002,,50,1001,,120000,5026,,3,,,,,,,,,,,,,,,
*,26074,日活找回74,1002,,50,1001,,120000,5026,,3,,,,,,,,,,,,,,,
*,26075,日活找回75,1002,,50,1001,,120000,5026,,3,,,,,,,,,,,,,,,
*,26076,日活找回76,1002,,50,1001,,120000,5026,,3,,,,,,,,,,,,,,,
*,26077,日活找回77,1002,,50,1001,,120000,5026,,3,,,,,,,,,,,,,,,
*,26078,日活找回78,1002,,50,1001,,120000,5026,,3,,,,,,,,,,,,,,,
*,26079,日活找回79,1002,,50,1001,,120000,5026,,3,,,,,,,,,,,,,,,
*,26080,日活找回80,1002,,50,1001,,120000,5026,,3,,,,,,,,,,,,,,,
*,27001,飙车找回1,3001,,60,2001,,65000,,,,,,,,,,,,,,,,,,
*,27002,飙车找回2,3001,,60,2001,,65000,,,,,,,,,,,,,,,,,,
*,27003,飙车找回3,3001,,60,2001,,65000,,,,,,,,,,,,,,,,,,
*,27004,飙车找回4,3001,,60,2001,,65000,,,,,,,,,,,,,,,,,,
*,27005,飙车找回5,3001,,60,2001,,65000,,,,,,,,,,,,,,,,,,
*,27006,飙车找回6,3001,,60,2001,,65000,,,,,,,,,,,,,,,,,,
*,27007,飙车找回7,3001,,60,2001,,65000,,,,,,,,,,,,,,,,,,
*,27008,飙车找回8,3001,,60,2001,,65000,,,,,,,,,,,,,,,,,,
*,27009,飙车找回9,3001,,60,2001,,65000,,,,,,,,,,,,,,,,,,
*,27010,飙车找回10,3001,,60,2001,,65000,,,,,,,,,,,,,,,,,,
*,27011,飙车找回11,3001,,60,2001,,65000,,,,,,,,,,,,,,,,,,
*,27012,飙车找回12,3001,,60,2001,,65000,,,,,,,,,,,,,,,,,,
*,27013,飙车找回13,3001,,60,2001,,65000,,,,,,,,,,,,,,,,,,
*,27014,飙车找回14,3001,,60,2001,,65000,,,,,,,,,,,,,,,,,,
*,27015,飙车找回15,3001,,60,2001,,65000,,,,,,,,,,,,,,,,,,
*,27016,飙车找回16,3001,,60,2001,,112500,,,,,,,,,,,,,,,,,,
*,27017,飙车找回17,3001,,60,2001,,112500,,,,,,,,,,,,,,,,,,
*,27018,飙车找回18,3001,,60,2001,,112500,,,,,,,,,,,,,,,,,,
*,27019,飙车找回19,3001,,60,2001,,112500,,,,,,,,,,,,,,,,,,
*,27020,飙车找回20,3001,,60,2001,,112500,,,,,,,,,,,,,,,,,,
*,27021,飙车找回21,3001,,60,2001,,112500,,,,,,,,,,,,,,,,,,
*,27022,飙车找回22,3001,,60,2001,,135000,,,,,,,,,,,,,,,,,,
*,27023,飙车找回23,3001,,60,2001,,135000,,,,,,,,,,,,,,,,,,
*,27024,飙车找回24,3001,,60,2001,,135000,,,,,,,,,,,,,,,,,,
*,27025,飙车找回25,3001,,60,2001,,175000,,,,,,,,,,,,,,,,,,
*,27026,飙车找回26,3001,,60,2001,,175000,,,,,,,,,,,,,,,,,,
*,27027,飙车找回27,3001,,60,2001,,200000,,,,,,,,,,,,,,,,,,
*,27028,飙车找回28,3001,,60,2001,,225000,,,,,,,,,,,,,,,,,,
*,27029,飙车找回29,3001,,60,2001,,250000,,,,,,,,,,,,,,,,,,
*,27030,飙车找回30,3001,,60,2001,,275000,,,,,,,,,,,,,,,,,,
*,27031,飙车找回31,3001,,60,2001,,300000,,,,,,,,,,,,,,,,,,
*,27032,飙车找回32,3001,,60,2001,,350000,,,,,,,,,,,,,,,,,,
*,27033,飙车找回33,3001,,60,2001,,400000,,,,,,,,,,,,,,,,,,
*,27034,飙车找回34,3001,,60,2001,,450000,,,,,,,,,,,,,,,,,,
*,27035,飙车找回35,3001,,60,2001,,500000,,,,,,,,,,,,,,,,,,
*,27036,飙车找回36,3001,,60,2001,,550000,,,,,,,,,,,,,,,,,,
*,27037,飙车找回37,3001,,60,2001,,600000,,,,,,,,,,,,,,,,,,
*,27038,飙车找回38,3001,,60,2001,,650000,,,,,,,,,,,,,,,,,,
*,27039,飙车找回39,3001,,60,2001,,700000,,,,,,,,,,,,,,,,,,
*,27040,飙车找回40,3001,,60,2001,,750000,,,,,,,,,,,,,,,,,,
*,27041,飙车找回41,3001,,60,2001,,800000,,,,,,,,,,,,,,,,,,
*,27042,飙车找回42,3001,,60,2001,,850000,,,,,,,,,,,,,,,,,,
*,27043,飙车找回43,3001,,60,2001,,900000,,,,,,,,,,,,,,,,,,
*,27044,飙车找回44,3001,,60,2001,,950000,,,,,,,,,,,,,,,,,,
*,27045,飙车找回45,3001,,60,2001,,1000000,,,,,,,,,,,,,,,,,,
*,27046,飙车找回46,3001,,60,2001,,1050000,,,,,,,,,,,,,,,,,,
*,27047,飙车找回47,3001,,60,2001,,1125000,,,,,,,,,,,,,,,,,,
*,27048,飙车找回48,3001,,60,2001,,1200000,,,,,,,,,,,,,,,,,,
*,27049,飙车找回49,3001,,60,2001,,1275000,,,,,,,,,,,,,,,,,,
*,27050,飙车找回50,3001,,60,2001,,1350000,,,,,,,,,,,,,,,,,,
*,27051,飙车找回51,3001,,60,2001,,1425000,,,,,,,,,,,,,,,,,,
*,27052,飙车找回52,3001,,60,2001,,1500000,,,,,,,,,,,,,,,,,,
*,27053,飙车找回53,3001,,60,2001,,1575000,,,,,,,,,,,,,,,,,,
*,27054,飙车找回54,3001,,60,2001,,1650000,,,,,,,,,,,,,,,,,,
*,27055,飙车找回55,3001,,60,2001,,1725000,,,,,,,,,,,,,,,,,,
*,27056,飙车找回56,3001,,60,2001,,1800000,,,,,,,,,,,,,,,,,,
*,27057,飙车找回57,3001,,60,2001,,1875000,,,,,,,,,,,,,,,,,,
*,27058,飙车找回58,3001,,60,2001,,1950000,,,,,,,,,,,,,,,,,,
*,27059,飙车找回59,3001,,60,2001,,2050000,,,,,,,,,,,,,,,,,,
*,27060,飙车找回60,3001,,60,2001,,2150000,,,,,,,,,,,,,,,,,,
*,27061,飙车找回61,3001,,60,2001,,2250000,,,,,,,,,,,,,,,,,,
*,27062,飙车找回62,3001,,60,2001,,2350000,,,,,,,,,,,,,,,,,,
*,27063,飙车找回63,3001,,60,2001,,2450000,,,,,,,,,,,,,,,,,,
*,27064,飙车找回64,3001,,60,2001,,2550000,,,,,,,,,,,,,,,,,,
*,27065,飙车找回65,3001,,60,2001,,2650000,,,,,,,,,,,,,,,,,,
*,27066,飙车找回66,3001,,60,2001,,2750000,,,,,,,,,,,,,,,,,,
*,27067,飙车找回67,3001,,60,2001,,2850000,,,,,,,,,,,,,,,,,,
*,27068,飙车找回68,3001,,60,2001,,2950000,,,,,,,,,,,,,,,,,,
*,27069,飙车找回69,3001,,60,2001,,3050000,,,,,,,,,,,,,,,,,,
*,27070,飙车找回70,3001,,60,2001,,3150000,,,,,,,,,,,,,,,,,,
*,27071,飙车找回71,3001,,60,2001,,3250000,,,,,,,,,,,,,,,,,,
*,27072,飙车找回72,3001,,60,2001,,3350000,,,,,,,,,,,,,,,,,,
*,27073,飙车找回73,3001,,60,2001,,3450000,,,,,,,,,,,,,,,,,,
*,27074,飙车找回74,3001,,60,2001,,3550000,,,,,,,,,,,,,,,,,,
*,27075,飙车找回75,3001,,60,2001,,3650000,,,,,,,,,,,,,,,,,,
*,27076,飙车找回76,3001,,60,2001,,3750000,,,,,,,,,,,,,,,,,,
*,27077,飙车找回77,3001,,60,2001,,3850000,,,,,,,,,,,,,,,,,,
*,27078,飙车找回78,3001,,60,2001,,3950000,,,,,,,,,,,,,,,,,,
*,27079,飙车找回79,3001,,60,2001,,4050000,,,,,,,,,,,,,,,,,,
*,27080,飙车找回80,3001,,60,2001,,4150000,,,,,,,,,,,,,,,,,,
,等级礼包,,,,,,,,,,,,,,,,,,,,,,,,,
*,700001,械斗3级礼包,1001,,20000,3001,,20,10003,1,1,,,,,,,,,,,,,,,
*,700002,械斗5级礼包,1001,,40000,3001,,20,10006,1,1,,,,,,,,,,,,,,,
*,700003,械斗7级礼包,1001,,100000,3001,,20,10001,3,1,,,,,,,,,,,,,,,
*,700004,械斗13级礼包,1001,,30000,3001,,20,10103,1,1,,,,,,,,,,,,,,,
*,700005,械斗15级礼包,1001,,50000,3001,,20,10106,1,1,,,,,,,,,,,,,,,
*,700006,械斗17级礼包,1001,,300000,3001,,20,10101,3,1,,,,,,,,,,,,,,,
*,700007,械斗23级礼包,1001,,100000,3001,,20,10203,1,1,,,,,,,,,,,,,,,
*,700008,械斗25级礼包,1001,,200000,3001,,20,10206,1,1,,,,,,,,,,,,,,,
*,700009,械斗27级礼包,1001,,7000000,3001,,20,10201,3,1,,,,,,,,,,,,,,,
*,700010,械斗33级礼包,1001,,300000,3001,,20,10303,1,1,,,,,,,,,,,,,,,
*,700011,械斗35级礼包,1001,,500000,3001,,20,10306,1,1,,,,,,,,,,,,,,,
*,700012,械斗37级礼包,1001,,4000000,3001,,20,10301,3,1,,,,,,,,,,,,,,,
*,700013,械斗43级礼包,1001,,1300000,3001,,20,10403,1,1,,,,,,,,,,,,,,,
*,700014,械斗45级礼包,1001,,2000000,3001,,20,10406,1,1,,,,,,,,,,,,,,,
*,700015,械斗47级礼包,1001,,3000000,3001,,20,10401,3,1,,,,,,,,,,,,,,,
*,700016,械斗53级礼包,1001,,4500000,3001,,20,10503,1,1,,,,,,,,,,,,,,,
*,700017,械斗55级礼包,1001,,20000000,3001,,20,10506,1,1,,,,,,,,,,,,,,,
*,700018,械斗57级礼包,1001,,1000000,3001,,20,10501,3,1,,,,,,,,,,,,,,,
*,700019,械斗63级礼包,1001,,1500000,3001,,20,10603,1,1,,,,,,,,,,,,,,,
*,700020,械斗65级礼包,1001,,2200000,3001,,20,10606,1,1,,,,,,,,,,,,,,,
*,700021,械斗67级礼包,1001,,50000000,3001,,20,10601,3,1,,,,,,,,,,,,,,,
*,701001,拳击3级礼包,1001,,20000,3001,,20,20003,1,1,,,,,,,,,,,,,,,
*,701002,拳击5级礼包,1001,,40000,3001,,20,20006,1,1,,,,,,,,,,,,,,,
*,701003,拳击7级礼包,1001,,100000,3001,,20,20001,3,1,,,,,,,,,,,,,,,
*,701004,拳击13级礼包,1001,,30000,3001,,20,20103,1,1,,,,,,,,,,,,,,,
*,701005,拳击15级礼包,1001,,50000,3001,,20,20106,1,1,,,,,,,,,,,,,,,
*,701006,拳击17级礼包,1001,,300000,3001,,20,20101,3,1,,,,,,,,,,,,,,,
*,701007,拳击23级礼包,1001,,100000,3001,,20,20203,1,1,,,,,,,,,,,,,,,
*,701008,拳击25级礼包,1001,,200000,3001,,20,20206,1,1,,,,,,,,,,,,,,,
*,701009,拳击27级礼包,1001,,7000000,3001,,20,20201,3,1,,,,,,,,,,,,,,,
*,701010,拳击33级礼包,1001,,300000,3001,,20,20303,1,1,,,,,,,,,,,,,,,
*,701011,拳击35级礼包,1001,,500000,3001,,20,20306,1,1,,,,,,,,,,,,,,,
*,701012,拳击37级礼包,1001,,4000000,3001,,20,20301,3,1,,,,,,,,,,,,,,,
*,701013,拳击43级礼包,1001,,1300000,3001,,20,20403,1,1,,,,,,,,,,,,,,,
*,701014,拳击45级礼包,1001,,2000000,3001,,20,20406,1,1,,,,,,,,,,,,,,,
*,701015,拳击47级礼包,1001,,3000000,3001,,20,20401,3,1,,,,,,,,,,,,,,,
*,701016,拳击53级礼包,1001,,4500000,3001,,20,20503,1,1,,,,,,,,,,,,,,,
*,701017,拳击55级礼包,1001,,20000000,3001,,20,20506,1,1,,,,,,,,,,,,,,,
*,701018,拳击57级礼包,1001,,1000000,3001,,20,20501,3,1,,,,,,,,,,,,,,,
*,701019,拳击63级礼包,1001,,1500000,3001,,20,20603,1,1,,,,,,,,,,,,,,,
*,701020,拳击65级礼包,1001,,2200000,3001,,20,20606,1,1,,,,,,,,,,,,,,,
*,701021,拳击67级礼包,1001,,50000000,3001,,20,20601,3,1,,,,,,,,,,,,,,,
*,702001,女枪3级礼包,1001,,20000,3001,,20,30003,1,1,,,,,,,,,,,,,,,
*,702002,女枪5级礼包,1001,,40000,3001,,20,30006,1,1,,,,,,,,,,,,,,,
*,702003,女枪7级礼包,1001,,100000,3001,,20,30001,3,1,,,,,,,,,,,,,,,
*,702004,女枪13级礼包,1001,,30000,3001,,20,30103,1,1,,,,,,,,,,,,,,,
*,702005,女枪15级礼包,1001,,50000,3001,,20,30106,1,1,,,,,,,,,,,,,,,
*,702006,女枪17级礼包,1001,,300000,3001,,20,30101,3,1,,,,,,,,,,,,,,,
*,702007,女枪23级礼包,1001,,100000,3001,,20,30203,1,1,,,,,,,,,,,,,,,
*,702008,女枪25级礼包,1001,,200000,3001,,20,30206,1,1,,,,,,,,,,,,,,,
*,702009,女枪27级礼包,1001,,7000000,3001,,20,30201,3,1,,,,,,,,,,,,,,,
*,702010,女枪33级礼包,1001,,300000,3001,,20,30303,1,1,,,,,,,,,,,,,,,
*,702011,女枪35级礼包,1001,,500000,3001,,20,30306,1,1,,,,,,,,,,,,,,,
*,702012,女枪37级礼包,1001,,4000000,3001,,20,30301,3,1,,,,,,,,,,,,,,,
*,702013,女枪43级礼包,1001,,1300000,3001,,20,30403,1,1,,,,,,,,,,,,,,,
*,702014,女枪45级礼包,1001,,2000000,3001,,20,30406,1,1,,,,,,,,,,,,,,,
*,702015,女枪47级礼包,1001,,3000000,3001,,20,30401,3,1,,,,,,,,,,,,,,,
*,702016,女枪53级礼包,1001,,4500000,3001,,20,30503,1,1,,,,,,,,,,,,,,,
*,702017,女枪55级礼包,1001,,20000000,3001,,20,30506,1,1,,,,,,,,,,,,,,,
*,702018,女枪57级礼包,1001,,1000000,3001,,20,30501,3,1,,,,,,,,,,,,,,,
*,702019,女枪63级礼包,1001,,1500000,3001,,20,30603,1,1,,,,,,,,,,,,,,,
*,702020,女枪65级礼包,1001,,2200000,3001,,20,30606,1,1,,,,,,,,,,,,,,,
*,702021,女枪67级礼包,1001,,50000000,3001,,20,30601,3,1,,,,,,,,,,,,,,,
,帮战战,,,,,,,,,,,,,,,,,,,,,,,,,
*,800001,帮战奖励展示,8008,,,1004,,,2002,,,5026,,,,,,,,,,,,,,
