g NPC_Dog
v 0.0818729 -0.4341027 0.7903644
v 0.1188245 -0.4537462 0.6846063
v 0.0801627 -0.5140676 0.713559
v 0.08990442 -0.3712145 0.7477891
v 0 -0.4044701 0.8334281
v 0 -0.3503296 0.7929931
v 0.09551349 -0.5220311 0.6538401
v 0.1097776 -0.2133827 0.6897455
v 0 -0.200115 0.7393933
v 0.1318535 -0.3960681 0.6518825
v 0.1531995 -0.2731783 0.5879697
v 0.1570658 -0.302613 0.521036
v 0.1618894 -0.4059672 0.5826168
v 0.1444492 -0.4838454 0.6151181
v 0.1104765 -0.5412937 0.5832974
v 0.1392259 -0.07722059 0.5786168
v 0.1114427 -0.05684097 0.6620972
v 0.1317399 -0.2469885 0.4866433
v 0.1108838 -0.1315571 0.5012329
v 0 -0.05077676 0.7166046
v 0.1050198 -0.04574288 0.5042063
v 0.1068298 0.05323151 0.6398962
v 0.132623 0.01425112 0.5644335
v 0.1216651 0.02215526 0.5114374
v 0.08829759 -0.004714713 0.4656254
v 0 0.05447453 0.6936657
v 0.1490685 0.08192679 0.5387988
v 0.1015518 0.1384163 0.6089489
v 0.132909 0.1519457 0.5486145
v 0.04479748 0.1792202 0.5498151
v 0.05568959 0.1829952 0.5121097
v 0 0.1409969 0.6706988
v 0.0551578 0.134578 0.6468365
v 0.04331162 0.1643271 0.6125439
v 0 0.1723705 0.6024341
v 0 0.1769945 0.5808117
v 0 0.173633 0.5346595
v 0.02782976 0.2143911 0.6266888
v 0 0.2146248 0.633675
v 0.0311576 0.2044165 0.6044559
v 0 0.2393108 0.6124634
v 0.02757968 0.2334743 0.5968263
v 0 0.1641808 0.4947901
v 0 0.2252596 0.5848535
v 0 0.198892 0.594264
v 0.04331162 0.1643271 0.6125439
v 0 0.2402947 0.5940369
v 0 0.2252596 0.5848535
v 0 0.2393108 0.6124634
v 0.02757968 0.2334743 0.5968263
v 0.07891376 -0.4719859 0.833663
v 0 -0.4044701 0.8334281
v 0.0818729 -0.4341027 0.7903644
v 0 -0.432958 0.8755851
v 0.06724123 -0.5441622 0.7642033
v 0.0801627 -0.5140676 0.713559
v 0 -0.5560007 0.7060733
v 0 -0.5637106 0.7532878
v 0.07582654 -0.5009189 0.8706187
v 0.05671457 -0.5622271 0.8049524
v 0 -0.4692733 0.9290739
v 0 -0.579388 0.8014482
v 0 -0.5014197 0.9789585
v 0.05594967 -0.5115988 0.9596068
v 0.03911581 -0.5297402 1.002721
v 0 -0.5356698 1.008301
v 0.03949635 -0.5791001 1.009132
v 0 -0.5725168 1.013595
v 0.07658982 -0.5292562 0.9643267
v 0.08671253 -0.5646851 0.9029179
v 0.05671457 -0.5622271 0.8049524
v 0 -0.629885 0.831176
v 0.04662587 -0.6017706 0.8029442
v 0.05201827 -0.6238434 0.8197447
v 0.07520474 -0.5923375 0.8437913
v 0.07560488 -0.635613 0.8427433
v 0.0661099 -0.6543871 0.8196177
v 0.06808673 -0.6456692 0.8715184
v 0.05349045 -0.7070266 0.8422367
v 0.05311714 -0.7160024 0.8722575
v 0.05540113 -0.6650112 0.9135551
v 0.04302105 -0.7168887 0.907389
v 0.03668537 -0.6683993 0.9472954
v 0.07360523 -0.6248726 0.9434114
v 0.04337478 -0.6615584 0.977144
v 0 -0.6687667 0.951646
v 0 -0.6611934 0.9796025
v 0 -0.6130856 1.007587
v 0.04933533 -0.6137033 1.003743
v 0.08196092 -0.5783315 0.9709407
v 0 -0.7233174 0.9399662
v 0.02985864 -0.7179305 0.933502
v 0 -0.7297024 0.9076048
v 0 -0.7300239 0.8749576
v 0 -0.7300239 0.8749576
v 0 -0.5725168 1.013595
v 0.0660713 -0.5795123 0.9981646
v 0 -0.5725168 1.013595
v 0.1618894 -0.4059672 0.5826168
v 0.1477782 -0.4896706 0.5170817
v 0.1444492 -0.4838454 0.6151181
v 0.1704552 -0.3997169 0.4906877
v 0.1104765 -0.5412937 0.5832974
v 0.1570658 -0.302613 0.521036
v 0.1267014 -0.3298028 0.43661
v 0.1633103 -0.4017626 0.4310537
v 0.1505078 -0.4744855 0.4397859
v 0.09052392 -0.50045 0.4330477
v 0.08594284 -0.5271674 0.4920366
v 0.1516406 -0.4619375 0.3645941
v 0.1674246 -0.3948625 0.3599679
v 0.09213621 -0.4677608 0.3605461
v 0.1336651 -0.3702311 0.3499157
v 0.1317855 -0.360757 0.399274
v 0.08467407 -0.3703934 0.385492
v 0.090319 -0.3798253 0.3442197
v 0.0643184 -0.4234041 0.390824
v 0.05362056 -0.4253628 0.3974755
v 0.07011639 -0.4242789 0.3480823
v 0.1434126 -0.4271946 0.2451363
v 0.157009 -0.3788331 0.2445366
v 0.09773139 -0.4271946 0.2451363
v 0.08537855 -0.3984425 0.2464881
v 0.07011639 -0.4242789 0.3480823
v 0.0643184 -0.4234041 0.390824
v 0.09052392 -0.50045 0.4330477
v 0.09965711 -0.3699651 0.2472008
v 0.08537855 -0.3984425 0.2464881
v 0.1315582 -0.359729 0.2464996
v 0.1368248 -0.4051292 0.1199271
v 0.1441481 -0.37433 0.1454446
v 0.1000578 -0.4051291 0.1199271
v 0.09298021 -0.3818404 0.1525048
v 0.1063661 -0.3666569 0.1561822
v 0.09298021 -0.3818404 0.1525048
v 0.1266632 -0.3592881 0.1548959
v 0.1225118 -0.3522896 0.121202
v 0.106431 -0.3559681 0.1218006
v 0.1391419 -0.3694401 0.1197058
v 0.09621502 -0.3720006 0.1196206
v 0.1082249 -0.3462848 0.1040472
v 0.1222363 -0.345403 0.1040171
v 0.0997747 -0.3657489 0.1045323
v 0.1330029 -0.3583982 0.1056697
v 0.109744 -0.3519941 0.09373553
v 0.1222389 -0.3519942 0.09337907
v 0.1040392 -0.3677799 0.09124613
v 0.1335169 -0.3680823 0.09060556
v 0.1487266 -0.3811889 0.09859689
v 0.1457003 -0.4152427 0.05351026
v 0.1356686 -0.3924989 0.05587155
v 0.08975782 -0.3797006 0.098529
v 0.1301444 -0.43518 0.06177527
v 0.1014911 -0.3889009 0.05689208
v 0.1194595 -0.3650593 0.08756897
v 0.1190427 -0.3850009 0.055217
v 0.09131391 -0.402933 0.06277291
v 0.1012304 -0.4285623 0.05949502
v 0.09131391 -0.402933 0.06277291
v 0.08975782 -0.3797006 0.098529
v 0.09621502 -0.3720006 0.1196206
v 0.1216682 -0.4656904 0.04468181
v 0.145898 -0.4340692 0.03720398
v 0.1514861 -0.4753236 0.02997486
v 0.1303962 -0.4971861 0.03431693
v 0.1051792 -0.4964488 0.03434118
v 0.08229084 -0.4585593 0.03722544
v 0.08116104 -0.4370727 0.02862644
v 0.09031866 -0.4106982 0.05082164
v 0.06884526 -0.4699414 0.03017566
v 0.0656544 -0.4531408 0.02006717
v 0.06422475 -0.4775417 0.02495859
v 0.06189715 -0.4642734 0.01778332
v 0.08656267 -0.4837587 0.03089794
v 0.09590154 -0.5089673 0.02594632
v 0.07861893 -0.4892238 0.01905564
v 0.07121868 -0.4860822 0.01319231
v 0.08891846 -0.5116698 0.008957047
v 0.08276913 -0.4352049 0.01825045
v 0.09305404 -0.4364693 0.00720678
v 0.07453208 -0.4617808 0.007539385
v 0.06868396 -0.4690788 0.007258012
v 0.08468778 -0.4839222 0.009770245
v 0.06104145 -0.4762375 0.01480184
v 0.1146291 -0.5133853 0.01538937
v 0.1305317 -0.5111727 0.02496955
v 0.1302975 -0.5187005 0.009770095
v 0.1420369 -0.5086716 0.01083294
v 0.1435024 -0.495496 0.01247588
v 0.1575398 -0.4877058 0.01182122
v 0.16447 -0.4693422 0.0124653
v 0.1553535 -0.4504664 0.02748724
v 0.1492346 -0.4425729 0.01232782
v 0.142698 -0.4201337 0.02741001
v 0.1362073 -0.4142307 0.01069273
v 0.1370748 -0.40066 0.04426189
v 0.1200831 -0.4022243 0.009679154
v 0.1189553 -0.3916663 0.04440354
v 0.0999948 -0.3959605 0.04540943
v 0.1010886 -0.4087601 0.01023289
v 0.09031866 -0.4106982 0.05082164
v 0.08116104 -0.4370727 0.02862644
v 0.08276913 -0.4352049 0.01825045
v 0.09305404 -0.4364693 0.00720678
v 0.145898 -0.4340692 0.03720398
v 0 -0.5730146 0.643397
v 0 -0.583164 0.5683423
v 0.08594284 -0.5271674 0.4920366
v 0 -0.5536803 0.4678477
v 0 -0.5560007 0.7060733
v 0.09052392 -0.50045 0.4330477
v 0.03692604 -0.4842314 0.4152282
v 0.05362056 -0.4253628 0.3974755
v 0 -0.5536803 0.4678477
v 0.0333721 -0.4241096 0.3928658
v 0 -0.4239479 0.3882504
v 0 -0.4812458 0.4097861
v 0 -0.5536803 0.4678477
v 0.03663253 -0.3558004 0.3841263
v 0 -0.3668059 0.3819173
v 0.06339353 -0.2483489 0.4222134
v 0.07658294 -0.3419966 0.400405
v 0.1267014 -0.3298028 0.43661
v 0.05030348 -0.1386912 0.4602591
v 0.03500991 -0.05736397 0.4729751
v 0 -0.2617657 0.4092821
v 0 -0.1425214 0.4517044
v 0 -0.07243507 0.4621694
v 0.03692481 -0.02515252 0.4630224
v 0 -0.04025574 0.4637251
v 0 -0.05837539 0.4377637
v 0.01227283 -0.05492599 0.4355594
v 0.01540478 -0.04905723 0.4245149
v 0.0206916 -0.0001724851 0.4317865
v 0.01418507 -0.03835883 0.4188087
v 0 0.000447327 0.431268
v 0 -0.05162314 0.4233168
v 0 -0.03998053 0.4174069
v 0 0.000447327 0.431268
v 0.04639587 0.03014897 0.4457349
v 0.02285007 0.06122002 0.4411938
v 0 0.000447327 0.431268
v 0 0.0639016 0.4501379
v 0.05362056 -0.4253628 0.3974755
v 0.09052392 -0.50045 0.4330477
v 0.0643184 -0.4234041 0.390824
v 0.07453208 -0.4617808 0.007539385
v 0.07121868 -0.4860822 0.01319231
v 0.08468778 -0.4839222 0.009770245
v 0.06868396 -0.4690788 0.007258012
v 0.09305404 -0.4364693 0.00720678
v 0.1128603 -0.5007238 0.006591605
v 0.08891846 -0.5116698 0.008957047
v 0.1146291 -0.5133853 0.01538937
v 0.1302975 -0.5187005 0.009770095
v 0.1420369 -0.5086716 0.01083294
v 0.1435024 -0.495496 0.01247588
v 0.1505267 -0.477804 0.006462253
v 0.1575398 -0.4877058 0.01182122
v 0.16447 -0.4693422 0.0124653
v 0.1492346 -0.4425729 0.01232782
v 0.1338695 -0.4381747 0.00494901
v 0.1362073 -0.4142307 0.01069273
v 0.1200831 -0.4022243 0.009679154
v 0.1010886 -0.4087601 0.01023289
v 0.08829759 -0.004714713 0.4656254
v 0.1344244 0.0470929 0.4490643
v 0.07744136 0.03550029 0.4138361
v 0.1216651 0.02215526 0.5114374
v 0.1493088 0.1032691 0.4725812
v 0.1490685 0.08192679 0.5387988
v 0.141102 0.1605648 0.47974
v 0.132909 0.1519457 0.5486145
v 0.07195804 0.1911655 0.4584464
v 0.05568959 0.1829952 0.5121097
v 0.1110577 0.09396364 0.3168994
v 0.1266359 0.1772473 0.3169241
v 0.04639587 0.03014897 0.4457349
v 0.0631185 0.09789565 0.3184545
v 0.02285007 0.06122002 0.4411938
v 0.03384174 0.06874967 0.4037695
v 0.05049021 0.1783361 0.3255746
v 0.02977096 0.1349244 0.4197092
v 0.1109542 0.1158653 0.2939732
v 0.0674919 0.1173237 0.2959534
v 0.02977096 0.1349244 0.4197092
v 0.09107706 0.2122307 0.3453938
v 0.05049021 0.1783361 0.3255746
v 0.09666639 0.2796331 0.2420543
v 0.07599381 0.256563 0.2303949
v 0.1005038 0.3122928 0.2186902
v 0.08020918 0.2834496 0.210835
v 0.1043189 0.3241601 0.19414
v 0.07215016 0.2939044 0.18934
v 0.1063359 0.3186893 0.1652378
v 0.0784953 0.299497 0.1606037
v 0.1049012 0.314214 0.07857583
v 0.1295569 0.2968331 0.08116933
v 0.1338087 0.2945596 0.1603522
v 0.1043189 0.3241601 0.19414
v 0.1175225 0.2759093 0.08448771
v 0.1185848 0.2712178 0.1539721
v 0.1356146 0.2868362 0.185913
v 0.1187843 0.2656687 0.1787079
v 0.1043189 0.3241601 0.19414
v 0.08728894 0.2712178 0.1543316
v 0.0853124 0.2656688 0.178708
v 0.0784953 0.299497 0.1606037
v 0.07215016 0.2939044 0.18934
v 0.08434933 0.2992105 0.08074829
v 0.08434933 0.2992105 0.08074829
v 0.08928687 0.2759094 0.08467638
v 0.1126161 0.243182 0.1916777
v 0.09238346 0.243182 0.1916777
v 0.1089239 0.2182574 0.2124263
v 0.1189105 0.2517474 0.2307157
v 0.1108443 0.1391217 0.2696288
v 0.09107706 0.2122307 0.3453938
v 0.07195804 0.1911655 0.4584464
v 0.09666639 0.2796331 0.2420543
v 0.08424409 0.2182575 0.2124263
v 0.07213584 0.1411787 0.2709049
v 0.07599381 0.256563 0.2303949
v 0.1233077 0.2723019 0.2075058
v 0.1005038 0.3122928 0.2186902
v 0.08262277 0.2672302 0.2005045
v 0.08020918 0.2834496 0.210835
v 0 0.1208083 0.453293
v 0.008264218 0.1247843 0.4439308
v 0 0.1641808 0.4947901
v 0 0.1208083 0.453293
v 0.008264218 0.1247843 0.4439308
v 0 0.1208083 0.453293
v 0 0.0639016 0.4501379
v 0.1235617 0.2672766 0.05989332
v 0.131264 0.2886877 0.04836765
v 0.1019545 0.3069435 0.04892983
v 0.08097948 0.2884909 0.05083428
v 0.08758821 0.2700701 0.05880812
v 0.08097948 0.2884909 0.05083428
v 0.1242131 0.2468336 0.04530346
v 0.1333629 0.2646157 0.03720409
v 0.0755136 0.2625461 0.02343856
v 0.08140428 0.2511798 0.04302182
v 0.09990612 0.3008387 0.03451709
v 0.05817351 0.2310824 0.02774246
v 0.05905509 0.2399778 0.01892536
v 0.06769766 0.2217048 0.02999145
v 0.07856895 0.232368 0.03723751
v 0.06216238 0.2159038 0.02479259
v 0.07248584 0.2094611 0.01905575
v 0.06460802 0.210337 0.01711194
v 0.0796737 0.2149262 0.03089805
v 0.08631152 0.198283 0.03098803
v 0.1126774 0.2216535 0.04285599
v 0.07490592 0.1979668 0.01876039
v 0.1128621 0.1963155 0.03075734
v 0.1005341 0.1852119 0.01844514
v 0.08554739 0.2622156 0.007206894
v 0.06614206 0.2332551 0.007398813
v 0.07797723 0.2147627 0.009770359
v 0.06697152 0.2148684 0.009272913
v 0.05658095 0.2224474 0.01480195
v 0.07717018 0.1970412 0.008006098
v 0.1191483 0.1810716 0.01818343
v 0.08298209 0.1855665 0.01288717
v 0.1311954 0.2031889 0.016175
v 0.1298693 0.1900133 0.01595909
v 0.1351376 0.2130769 0.02780294
v 0.1334302 0.2300456 0.03649483
v 0.1495493 0.2336078 0.02089244
v 0.1464304 0.2166199 0.01302805
v 0.1419187 0.2482185 0.02748735
v 0.1455184 0.2377729 0.01158775
v 0.1363821 0.256112 0.01480379
v 0.1275979 0.285467 0.0252081
v 0.1245944 0.2844542 0.01281819
v 0.09888134 0.2956075 0.02241073
v 0.09889413 0.2931927 0.009956138
v 0.0755136 0.2625461 0.02343856
v 0.08554739 0.2622156 0.007206894
v 0 0.2393108 0.6124634
v 0 0.2146248 0.633675
v 0 0.2382857 0.6156226
v 0 0.2402947 0.5940369
v 0 0.2382857 0.6156226
v -0.02757968 0.2334743 0.5968263
v 0 0.2402947 0.5940369
v -0.02757968 0.2334743 0.5968263
v 0 0.2252596 0.5848535
v -0.02782976 0.2143911 0.6266888
v 0 0.2393108 0.6124634
v 0 0.2146248 0.633675
v 0 0.1409969 0.6706988
v -0.0551578 0.134578 0.6468365
v -0.1068298 0.05323151 0.6398962
v 0 0.05447453 0.6936657
v -0.1114427 -0.05684097 0.6620972
v -0.1392259 -0.07722059 0.5786168
v -0.1097776 -0.2133827 0.6897455
v -0.1531995 -0.2731783 0.5879697
v -0.1318535 -0.3960681 0.6518825
v -0.08990442 -0.3712145 0.7477891
v 0 -0.3503296 0.7929931
v 0 -0.4044701 0.8334281
v -0.0818729 -0.4341027 0.7903644
v -0.1188245 -0.4537462 0.6846063
v -0.0801627 -0.5140676 0.713559
v -0.09551349 -0.5220311 0.6538401
v 0 -0.200115 0.7393933
v -0.1570658 -0.302613 0.521036
v -0.1618894 -0.4059672 0.5826168
v -0.1444492 -0.4838454 0.6151181
v -0.1104765 -0.5412937 0.5832974
v -0.1317399 -0.2469885 0.4866433
v -0.1108838 -0.1315571 0.5012329
v -0.1050198 -0.04574288 0.5042063
v 0 -0.5730146 0.643397
v -0.05030348 -0.1386912 0.4602591
v -0.03500991 -0.05736397 0.4729751
v -0.06339353 -0.2483489 0.4222134
v 0 -0.2617657 0.4092821
v 0 -0.1425214 0.4517044
v 0 -0.07243507 0.4621694
v -0.08829759 -0.004714713 0.4656254
v -0.1216651 0.02215526 0.5114374
v -0.132623 0.01425112 0.5644335
v -0.1490685 0.08192679 0.5387988
v -0.1015518 0.1384163 0.6089489
v -0.132909 0.1519457 0.5486145
v -0.04479748 0.1792202 0.5498151
v -0.05568959 0.1829952 0.5121097
v -0.04331162 0.1643271 0.6125439
v 0 0.1723705 0.6024341
v 0 0.1769945 0.5808117
v 0 0.173633 0.5346595
v -0.0311576 0.2044165 0.6044559
v 0 0.1641808 0.4947901
v 0 0.2252596 0.5848535
v 0 0.198892 0.594264
v -0.04331162 0.1643271 0.6125439
v 0 -0.7300239 0.8749576
v 0 -0.7185475 0.8433805
v 0 -0.6661751 0.8275334
v 0.02659251 -0.5828902 1.089801
v 0.04265141 -0.5530402 1.053007
v 0.03072316 -0.5705362 1.090121
v 0.04002104 -0.5806587 1.053017
v 0.03911581 -0.5297402 1.002721
v 0.03949635 -0.5791001 1.009132
v 0.04730023 -0.5811592 1.053608
v 0.0660713 -0.5795123 0.9981646
v 0.05159014 -0.5467684 1.054274
v 0.02659251 -0.5828902 1.089801
v 0.07658982 -0.5292562 0.9643267
v 0.03072316 -0.5705362 1.090121
v 0.05594967 -0.5115988 0.9596068
v 0.03911581 -0.5297402 1.002721
v 0.04265141 -0.5530402 1.053007
v 0.07658982 -0.5292562 0.9643267
v 0.05159014 -0.5467684 1.054274
v 0.03072316 -0.5705362 1.090121
v 0.07658294 -0.3419966 0.400405
v 0.06614206 0.2332551 0.007398813
v 0.06697152 0.2148684 0.009272913
v 0.07797723 0.2147627 0.009770359
v 0.08554739 0.2622156 0.007206894
v 0.08770359 0.2143884 0.006472792
v 0.07717018 0.1970412 0.008006098
v 0.08791552 0.1916346 0.005539732
v 0.1222844 0.2066609 0.005894778
v 0.08298209 0.1855665 0.01288717
v 0.1005341 0.1852119 0.01844514
v 0.1175533 0.1834434 0.009257725
v 0.1298693 0.1900133 0.01595909
v 0.1311954 0.2031889 0.016175
v 0.1191483 0.1810716 0.01818343
v 0.1338685 0.2235001 0.005231743
v 0.1464304 0.2166199 0.01302805
v 0.1455184 0.2377729 0.01158775
v 0.122479 0.2605103 0.004949125
v 0.1363821 0.256112 0.01480379
v 0.1245944 0.2844542 0.01281819
v 0.09889413 0.2931927 0.009956138
v -0.07891376 -0.4719859 0.833663
v 0 -0.4044701 0.8334281
v 0 -0.432958 0.8755851
v -0.0818729 -0.4341027 0.7903644
v -0.06724123 -0.5441622 0.7642033
v -0.0801627 -0.5140676 0.713559
v 0 -0.5560007 0.7060733
v 0 -0.5637106 0.7532878
v -0.07582654 -0.5009189 0.8706187
v -0.05671457 -0.5622271 0.8049524
v 0 -0.4692733 0.9290739
v 0 -0.579388 0.8014482
v 0 -0.629885 0.831176
v 0 -0.5014197 0.9789585
v -0.05594967 -0.5115988 0.9596068
v -0.03911581 -0.5297402 1.002721
v 0 -0.5356698 1.008301
v -0.03949635 -0.5791001 1.009132
v 0 -0.5725168 1.013595
v -0.07658982 -0.5292562 0.9643267
v -0.08671253 -0.5646851 0.9029179
v -0.05671457 -0.5622271 0.8049524
v -0.04662587 -0.6017706 0.8029442
v -0.05201827 -0.6238434 0.8197447
v -0.07520474 -0.5923375 0.8437913
v -0.07560488 -0.635613 0.8427433
v -0.0661099 -0.6543871 0.8196177
v -0.06808673 -0.6456692 0.8715184
v -0.05349045 -0.7070266 0.8422367
v -0.05311714 -0.7160024 0.8722575
v -0.05540113 -0.6650112 0.9135551
v -0.04302105 -0.7168887 0.907389
v -0.03668537 -0.6683993 0.9472954
v -0.07360523 -0.6248726 0.9434114
v -0.04337478 -0.6615584 0.977144
v 0 -0.6687667 0.951646
v 0 -0.6611934 0.9796025
v 0 -0.6130856 1.007587
v -0.04933533 -0.6137033 1.003743
v -0.08196092 -0.5783315 0.9709407
v 0 -0.7233174 0.9399662
v -0.02985864 -0.7179305 0.933502
v 0 -0.7297024 0.9076048
v 0 -0.7300239 0.8749576
v 0 -0.7300239 0.8749576
v 0 -0.5725168 1.013595
v -0.0660713 -0.5795123 0.9981646
v 0 -0.5725168 1.013595
v -0.1618894 -0.4059672 0.5826168
v -0.1477782 -0.4896706 0.5170817
v -0.1704552 -0.3997169 0.4906877
v -0.1444492 -0.4838454 0.6151181
v -0.1104765 -0.5412937 0.5832974
v -0.1570658 -0.302613 0.521036
v -0.1267014 -0.3298028 0.43661
v -0.1633103 -0.4017626 0.4310537
v -0.1505078 -0.4744855 0.4397859
v -0.09052392 -0.50045 0.4330477
v -0.08594284 -0.5271674 0.4920366
v -0.1516406 -0.4619375 0.3645941
v -0.1674246 -0.3948625 0.3599679
v -0.09213621 -0.4677608 0.3605461
v -0.1336651 -0.3702311 0.3499157
v -0.1317855 -0.360757 0.399274
v -0.08467407 -0.3703934 0.385492
v -0.090319 -0.3798253 0.3442197
v -0.0643184 -0.4234041 0.390824
v -0.05362056 -0.4253628 0.3974755
v -0.07011639 -0.4242789 0.3480823
v -0.1434126 -0.4271946 0.2451363
v -0.157009 -0.3788331 0.2445366
v -0.09773139 -0.4271946 0.2451363
v -0.08537855 -0.3984425 0.2464881
v -0.07011639 -0.4242789 0.3480823
v -0.0643184 -0.4234041 0.390824
v -0.09052392 -0.50045 0.4330477
v -0.09965711 -0.3699651 0.2472008
v -0.08537855 -0.3984425 0.2464881
v -0.1315582 -0.359729 0.2464996
v -0.1368248 -0.4051292 0.1199271
v -0.1441481 -0.37433 0.1454446
v -0.1000578 -0.4051291 0.1199271
v -0.09298021 -0.3818404 0.1525048
v -0.1063661 -0.3666569 0.1561822
v -0.09298021 -0.3818404 0.1525048
v -0.1266632 -0.3592881 0.1548959
v -0.1225118 -0.3522896 0.121202
v -0.106431 -0.3559681 0.1218006
v -0.1391419 -0.3694401 0.1197058
v -0.09621502 -0.3720006 0.1196206
v -0.1082249 -0.3462848 0.1040472
v -0.1222363 -0.345403 0.1040171
v -0.0997747 -0.3657489 0.1045323
v -0.1330029 -0.3583982 0.1056697
v -0.109744 -0.3519941 0.09373553
v -0.1222389 -0.3519942 0.09337907
v -0.1040392 -0.3677799 0.09124613
v -0.1335169 -0.3680823 0.09060556
v -0.1487266 -0.3811889 0.09859689
v -0.1457003 -0.4152427 0.05351026
v -0.1356686 -0.3924989 0.05587155
v -0.08975782 -0.3797006 0.098529
v -0.1301444 -0.43518 0.06177527
v -0.1014911 -0.3889009 0.05689208
v -0.1194595 -0.3650593 0.08756897
v -0.1190427 -0.3850009 0.055217
v -0.09131391 -0.402933 0.06277291
v -0.1012304 -0.4285623 0.05949502
v -0.09131391 -0.402933 0.06277291
v -0.08975782 -0.3797006 0.098529
v -0.09621502 -0.3720006 0.1196206
v -0.1216682 -0.4656904 0.04468181
v -0.145898 -0.4340692 0.03720398
v -0.1514861 -0.4753236 0.02997486
v -0.1303962 -0.4971861 0.03431693
v -0.1051792 -0.4964488 0.03434118
v -0.08229084 -0.4585593 0.03722544
v -0.08116104 -0.4370727 0.02862644
v -0.09031866 -0.4106982 0.05082164
v -0.06884526 -0.4699414 0.03017566
v -0.0656544 -0.4531408 0.02006717
v -0.06422475 -0.4775417 0.02495859
v -0.06189715 -0.4642734 0.01778332
v -0.08656267 -0.4837587 0.03089794
v -0.09590154 -0.5089673 0.02594632
v -0.07861893 -0.4892238 0.01905564
v -0.07121868 -0.4860822 0.01319231
v -0.08891846 -0.5116698 0.008957047
v -0.08276913 -0.4352049 0.01825045
v -0.09305404 -0.4364693 0.00720678
v -0.07453208 -0.4617808 0.007539385
v -0.06868396 -0.4690788 0.007258012
v -0.08468778 -0.4839222 0.009770245
v -0.06104145 -0.4762375 0.01480184
v -0.1146291 -0.5133853 0.01538937
v -0.1305317 -0.5111727 0.02496955
v -0.1302975 -0.5187005 0.009770095
v -0.1420369 -0.5086716 0.01083294
v -0.1435024 -0.495496 0.01247588
v -0.1575398 -0.4877058 0.01182122
v -0.16447 -0.4693422 0.0124653
v -0.1553535 -0.4504664 0.02748724
v -0.1492346 -0.4425729 0.01232782
v -0.142698 -0.4201337 0.02741001
v -0.1362073 -0.4142307 0.01069273
v -0.1370748 -0.40066 0.04426189
v -0.1200831 -0.4022243 0.009679154
v -0.1189553 -0.3916663 0.04440354
v -0.0999948 -0.3959605 0.04540943
v -0.1010886 -0.4087601 0.01023289
v -0.09031866 -0.4106982 0.05082164
v -0.08116104 -0.4370727 0.02862644
v -0.08276913 -0.4352049 0.01825045
v -0.09305404 -0.4364693 0.00720678
v -0.145898 -0.4340692 0.03720398
v 0 -0.05077676 0.7166046
v -0.09052392 -0.50045 0.4330477
v -0.08594284 -0.5271674 0.4920366
v -0.03692604 -0.4842314 0.4152282
v -0.05362056 -0.4253628 0.3974755
v 0 -0.5536803 0.4678477
v -0.0333721 -0.4241096 0.3928658
v 0 -0.4239479 0.3882504
v 0 -0.4812458 0.4097861
v 0 -0.5536803 0.4678477
v -0.03663253 -0.3558004 0.3841263
v 0 -0.3668059 0.3819173
v -0.07658294 -0.3419966 0.400405
v -0.1267014 -0.3298028 0.43661
v 0 -0.583164 0.5683423
v 0 -0.5536803 0.4678477
v 0 -0.5560007 0.7060733
v -0.09052392 -0.50045 0.4330477
v -0.05362056 -0.4253628 0.3974755
v -0.0643184 -0.4234041 0.390824
v -0.07453208 -0.4617808 0.007539385
v -0.07121868 -0.4860822 0.01319231
v -0.06868396 -0.4690788 0.007258012
v -0.08468778 -0.4839222 0.009770245
v -0.09305404 -0.4364693 0.00720678
v -0.1128603 -0.5007238 0.006591605
v -0.08891846 -0.5116698 0.008957047
v -0.1146291 -0.5133853 0.01538937
v -0.1302975 -0.5187005 0.009770095
v -0.1420369 -0.5086716 0.01083294
v -0.1435024 -0.495496 0.01247588
v -0.1505267 -0.477804 0.006462253
v -0.1575398 -0.4877058 0.01182122
v -0.16447 -0.4693422 0.0124653
v -0.1492346 -0.4425729 0.01232782
v -0.1338695 -0.4381747 0.00494901
v -0.1362073 -0.4142307 0.01069273
v -0.1200831 -0.4022243 0.009679154
v -0.1010886 -0.4087601 0.01023289
v -0.08829759 -0.004714713 0.4656254
v -0.1344244 0.0470929 0.4490643
v -0.1216651 0.02215526 0.5114374
v -0.07744136 0.03550029 0.4138361
v -0.1493088 0.1032691 0.4725812
v -0.1490685 0.08192679 0.5387988
v -0.141102 0.1605648 0.47974
v -0.132909 0.1519457 0.5486145
v -0.07195804 0.1911655 0.4584464
v -0.05568959 0.1829952 0.5121097
v -0.1110577 0.09396364 0.3168994
v -0.1266359 0.1772473 0.3169241
v -0.04639587 0.03014897 0.4457349
v -0.0631185 0.09789565 0.3184545
v -0.02285007 0.06122002 0.4411938
v -0.03384174 0.06874967 0.4037695
v -0.05049021 0.1783361 0.3255746
v -0.02977096 0.1349244 0.4197092
v -0.1109542 0.1158653 0.2939732
v -0.0674919 0.1173237 0.2959534
v -0.02977096 0.1349244 0.4197092
v -0.09107706 0.2122307 0.3453938
v -0.05049021 0.1783361 0.3255746
v -0.09666639 0.2796331 0.2420543
v -0.07599381 0.256563 0.2303949
v -0.1005038 0.3122928 0.2186902
v -0.08020918 0.2834496 0.210835
v -0.1043189 0.3241601 0.19414
v -0.07215016 0.2939044 0.18934
v -0.1063359 0.3186893 0.1652378
v -0.0784953 0.299497 0.1606037
v -0.1049012 0.314214 0.07857583
v -0.1295569 0.2968331 0.08116933
v -0.1338087 0.2945596 0.1603522
v -0.1043189 0.3241601 0.19414
v -0.1175225 0.2759093 0.08448771
v -0.1185848 0.2712178 0.1539721
v -0.1356146 0.2868362 0.185913
v -0.1187843 0.2656687 0.1787079
v -0.1043189 0.3241601 0.19414
v -0.08728894 0.2712178 0.1543316
v -0.0853124 0.2656688 0.178708
v -0.0784953 0.299497 0.1606037
v -0.07215016 0.2939044 0.18934
v -0.08434933 0.2992105 0.08074829
v -0.08434933 0.2992105 0.08074829
v -0.08928687 0.2759094 0.08467638
v -0.1126161 0.243182 0.1916777
v -0.09238346 0.243182 0.1916777
v -0.1089239 0.2182574 0.2124263
v -0.1189105 0.2517474 0.2307157
v -0.1108443 0.1391217 0.2696288
v -0.09107706 0.2122307 0.3453938
v -0.07195804 0.1911655 0.4584464
v -0.09666639 0.2796331 0.2420543
v -0.08424409 0.2182575 0.2124263
v -0.07213584 0.1411787 0.2709049
v -0.07599381 0.256563 0.2303949
v -0.1233077 0.2723019 0.2075058
v -0.1005038 0.3122928 0.2186902
v -0.08262277 0.2672302 0.2005045
v -0.08020918 0.2834496 0.210835
v 0 0.1208083 0.453293
v 0 0.1641808 0.4947901
v -0.008264218 0.1247843 0.4439308
v 0 0.1208083 0.453293
v 0 0.0639016 0.4501379
v 0 0.1208083 0.453293
v -0.008264218 0.1247843 0.4439308
v -0.1235617 0.2672766 0.05989332
v -0.131264 0.2886877 0.04836765
v -0.1019545 0.3069435 0.04892983
v -0.08097948 0.2884909 0.05083428
v -0.08758821 0.2700701 0.05880812
v -0.08097948 0.2884909 0.05083428
v -0.1242131 0.2468336 0.04530346
v -0.1333629 0.2646157 0.03720409
v -0.0755136 0.2625461 0.02343856
v -0.08140428 0.2511798 0.04302182
v -0.09990612 0.3008387 0.03451709
v -0.05817351 0.2310824 0.02774246
v -0.05905509 0.2399778 0.01892536
v -0.06769766 0.2217048 0.02999145
v -0.07856895 0.232368 0.03723751
v -0.06216238 0.2159038 0.02479259
v -0.07248584 0.2094611 0.01905575
v -0.06460802 0.210337 0.01711194
v -0.0796737 0.2149262 0.03089805
v -0.08631152 0.198283 0.03098803
v -0.1126774 0.2216535 0.04285599
v -0.07490592 0.1979668 0.01876039
v -0.1128621 0.1963155 0.03075734
v -0.1005341 0.1852119 0.01844514
v -0.08554739 0.2622156 0.007206894
v -0.06614206 0.2332551 0.007398813
v -0.07797723 0.2147627 0.009770359
v -0.06697152 0.2148684 0.009272913
v -0.05658095 0.2224474 0.01480195
v -0.07717018 0.1970412 0.008006098
v -0.1191483 0.1810716 0.01818343
v -0.08298209 0.1855665 0.01288717
v -0.1311954 0.2031889 0.016175
v -0.1298693 0.1900133 0.01595909
v -0.1351376 0.2130769 0.02780294
v -0.1334302 0.2300456 0.03649483
v -0.1495493 0.2336078 0.02089244
v -0.1464304 0.2166199 0.01302805
v -0.1419187 0.2482185 0.02748735
v -0.1455184 0.2377729 0.01158775
v -0.1363821 0.256112 0.01480379
v -0.1275979 0.285467 0.0252081
v -0.1245944 0.2844542 0.01281819
v -0.09888134 0.2956075 0.02241073
v -0.09889413 0.2931927 0.009956138
v -0.0755136 0.2625461 0.02343856
v -0.08554739 0.2622156 0.007206894
v -0.02757968 0.2334743 0.5968263
v 0 0.2382857 0.6156226
v 0 0.2393108 0.6124634
v 0 -0.7300239 0.8749576
v 0 -0.7185475 0.8433805
v 0 -0.6661751 0.8275334
v -0.02659251 -0.5828902 1.089801
v -0.04265141 -0.5530402 1.053007
v -0.04002104 -0.5806587 1.053017
v -0.03072316 -0.5705362 1.090121
v -0.03911581 -0.5297402 1.002721
v -0.03949635 -0.5791001 1.009132
v -0.04730023 -0.5811592 1.053608
v -0.0660713 -0.5795123 0.9981646
v -0.05159014 -0.5467684 1.054274
v -0.02659251 -0.5828902 1.089801
v -0.07658982 -0.5292562 0.9643267
v -0.03072316 -0.5705362 1.090121
v -0.05594967 -0.5115988 0.9596068
v -0.03911581 -0.5297402 1.002721
v -0.04265141 -0.5530402 1.053007
v -0.07658982 -0.5292562 0.9643267
v -0.05159014 -0.5467684 1.054274
v -0.03072316 -0.5705362 1.090121
v -0.03692481 -0.02515252 0.4630224
v 0 -0.04025574 0.4637251
v 0 -0.05837539 0.4377637
v -0.01227283 -0.05492599 0.4355594
v -0.01540478 -0.04905723 0.4245149
v -0.0206916 -0.0001724851 0.4317865
v -0.01418507 -0.03835883 0.4188087
v 0 0.000447327 0.431268
v 0 -0.05162314 0.4233168
v 0 -0.03998053 0.4174069
v 0 0.000447327 0.431268
v -0.04639587 0.03014897 0.4457349
v -0.02285007 0.06122002 0.4411938
v 0 0.000447327 0.431268
v 0 0.0639016 0.4501379
v -0.07658294 -0.3419966 0.400405
v -0.06614206 0.2332551 0.007398813
v -0.07797723 0.2147627 0.009770359
v -0.06697152 0.2148684 0.009272913
v -0.08554739 0.2622156 0.007206894
v -0.08770359 0.2143884 0.006472792
v -0.07717018 0.1970412 0.008006098
v -0.08791552 0.1916346 0.005539732
v -0.1222844 0.2066609 0.005894778
v -0.08298209 0.1855665 0.01288717
v -0.1005341 0.1852119 0.01844514
v -0.1175533 0.1834434 0.009257725
v -0.1298693 0.1900133 0.01595909
v -0.1311954 0.2031889 0.016175
v -0.1191483 0.1810716 0.01818343
v -0.1338685 0.2235001 0.005231743
v -0.1464304 0.2166199 0.01302805
v -0.1455184 0.2377729 0.01158775
v -0.122479 0.2605103 0.004949125
v -0.1363821 0.256112 0.01480379
v -0.1245944 0.2844542 0.01281819
v -0.09889413 0.2931927 0.009956138
vt 0.1043465 0.3166702
vt 0.1943113 0.330914
vt 0.193398 0.2607268
vt 0.1202501 0.3836646
vt 0.01827884 0.3331935
vt 0.02799416 0.3919202
vt 0.2440959 0.2762617
vt 0.1424003 0.5356448
vt 0.03463146 0.533937
vt 0.2103426 0.3912432
vt 0.2450945 0.5069765
vt 0.307154 0.4729947
vt 0.2702935 0.4012331
vt 0.2636542 0.3346869
vt 0.3031702 0.2901608
vt 0.2273878 0.6721756
vt 0.1453601 0.6733102
vt 0.3311342 0.5436279
vt 0.3121223 0.6424335
vt 0.03395487 0.6655607
vt 0.2973284 0.7159995
vt 0.1393579 0.7694948
vt 0.2216506 0.7517004
vt 0.2656641 0.7689379
vt 0.3149383 0.7709576
vt 0.03551885 0.7574496
vt 0.2256943 0.8175845
vt 0.1386123 0.848254
vt 0.1938752 0.8714257
vt 0.1370187 0.9291166
vt 0.1675322 0.9458641
vt 0.03472079 0.8290257
vt 0.08744554 0.8375214
vt 0.09312693 0.8869134
vt 0.0813418 0.9329534
vt 0.09430464 0.9401237
vt 0.1215773 0.967466
vt 0.04484044 0.8929413
vt 0.02226472 0.8856624
vt 0.05940864 0.9086642
vt 0.02052182 0.9074267
vt 0.03781408 0.9176332
vt 0.145679 0.9927663
vt 0.03120802 0.937255
vt 0.05804923 0.937193
vt 0.09312693 0.8869134
vt 0.01890452 0.9248397
vt 0.03120802 0.937255
vt 0.02052182 0.9074267
vt 0.03781408 0.9176332
vt 0.9424351 0.8870172
vt 0.9899958 0.9754765
vt 0.9899324 0.886887
vt 0.9479511 0.9789698
vt 0.9398814 0.7870172
vt 0.989894 0.7884035
vt 0.9899793 0.7150956
vt 0.9429935 0.7239279
vt 0.9055759 0.8883156
vt 0.9044909 0.7946711
vt 0.8947713 0.9855846
vt 0.9005712 0.7202123
vt 0.8427925 0.9914492
vt 0.8506134 0.942247
vt 0.8137788 0.9595762
vt 0.8004267 0.9874622
vt 0.7788035 0.9418685
vt 0.7654872 0.972875
vt 0.8375697 0.9260663
vt 0.8472022 0.8687681
vt 0.9044909 0.7946711
vt 0.8454204 0.7139063
vt 0.8783246 0.7678537
vt 0.8517904 0.7675221
vt 0.8595806 0.8134443
vt 0.8289055 0.7948054
vt 0.82429 0.770816
vt 0.8063461 0.8114406
vt 0.7781469 0.7626389
vt 0.7590622 0.7794944
vt 0.7672983 0.8304788
vt 0.737068 0.7983466
vt 0.7389983 0.8539698
vt 0.7868895 0.8677573
vt 0.7415913 0.8791837
vt 0.7076433 0.8647449
vt 0.7096878 0.8920026
vt 0.7336089 0.9428607
vt 0.7629765 0.9173465
vt 0.8067254 0.9048357
vt 0.6936409 0.8101449
vt 0.7182694 0.8122095
vt 0.7038042 0.7773111
vt 0.724458 0.7457023
vt 0.724458 0.7457023
vt 0.7654872 0.972875
vt 0.7915598 0.9236813
vt 0.7654872 0.972875
vt 0.7902697 0.699037
vt 0.7421468 0.6283282
vt 0.7214193 0.7059819
vt 0.8226995 0.6275864
vt 0.6765726 0.666649
vt 0.8629934 0.67498
vt 0.9028487 0.6094373
vt 0.8389951 0.5801699
vt 0.772251 0.5714612
vt 0.7212421 0.5512995
vt 0.6902865 0.5916716
vt 0.7929509 0.5159811
vt 0.8550353 0.5234239
vt 0.7424793 0.4926708
vt 0.88911 0.5180913
vt 0.8972109 0.5655497
vt 0.9333944 0.5529774
vt 0.9249303 0.5121071
vt 0.9823831 0.5307203
vt 0.9837781 0.5462264
vt 0.9603507 0.5023488
vt 0.8203054 0.4150242
vt 0.8653238 0.421741
vt 0.7826638 0.4008215
vt 0.7624942 0.3878715
vt 0.7215685 0.4626857
vt 0.6921754 0.4983936
vt 0.7212421 0.5512995
vt 0.9154152 0.4259213
vt 0.9401859 0.4245498
vt 0.8898427 0.4243683
vt 0.8447096 0.3115231
vt 0.8742259 0.3439152
vt 0.8144746 0.3044165
vt 0.7907306 0.3248785
vt 0.909456 0.3572518
vt 0.9256699 0.3562157
vt 0.8928126 0.3542596
vt 0.8981786 0.3302597
vt 0.9098365 0.3324977
vt 0.8809042 0.3244886
vt 0.9245638 0.3319904
vt 0.9081369 0.3204256
vt 0.9009793 0.3202153
vt 0.9197519 0.3196065
vt 0.892141 0.3175493
vt 0.908024 0.3138019
vt 0.9015599 0.3125501
vt 0.9167792 0.3085443
vt 0.8933024 0.303853
vt 0.8771646 0.3037263
vt 0.8799682 0.2584359
vt 0.8955815 0.2715428
vt 0.9312512 0.3137214
vt 0.8530944 0.2508936
vt 0.9262937 0.2805703
vt 0.9047819 0.304334
vt 0.9107689 0.276873
vt 0.9415534 0.2841723
vt 0.8234349 0.2488394
vt 0.804225 0.2597815
vt 0.7969151 0.2888641
vt 0.7908551 0.3027776
vt 0.8528554 0.2177016
vt 0.8805339 0.2375793
vt 0.8760287 0.2043194
vt 0.8599902 0.1895905
vt 0.8434944 0.1888652
vt 0.8210031 0.2153512
vt 0.803602 0.2257176
vt 0.8066683 0.2500607
vt 0.8162622 0.2025942
vt 0.8023394 0.2091369
vt 0.813095 0.1963497
vt 0.803737 0.2011801
vt 0.8281608 0.1947184
vt 0.838828 0.1763534
vt 0.8185626 0.1829225
vt 0.810068 0.18406
vt 0.8267301 0.1659025
vt 0.7930473 0.2235208
vt 0.7811975 0.220733
vt 0.7913051 0.199063
vt 0.7954758 0.1925768
vt 0.8103318 0.1757391
vt 0.8060259 0.193073
vt 0.8503764 0.16668
vt 0.8612859 0.17581
vt 0.862424 0.1650325
vt 0.8718183 0.1728561
vt 0.8756578 0.1827615
vt 0.8852401 0.1884371
vt 0.8899966 0.2028935
vt 0.8841845 0.2208849
vt 0.8959032 0.2225499
vt 0.8944569 0.2409259
vt 0.9078946 0.2361504
vt 0.8963434 0.2607433
vt 0.9211528 0.2401852
vt 0.91277 0.2676943
vt 0.9294739 0.2712201
vt 0.935798 0.2420482
vt 0.9449968 0.2742957
vt 0.9643055 0.2548719
vt 0.961722 0.2466897
vt 0.9582866 0.235492
vt 0.8805339 0.2375793
vt 0.2821152 0.1867189
vt 0.3513958 0.2038233
vt 0.3778562 0.3114558
vt 0.4353282 0.2572258
vt 0.2230293 0.1800111
vt 0.4184711 0.3444402
vt 0.4584869 0.3410087
vt 0.4501154 0.4083439
vt 0.4353282 0.2572258
vt 0.4696243 0.3950678
vt 0.4977175 0.4023048
vt 0.489309 0.3322592
vt 0.4353282 0.2572258
vt 0.4654625 0.4618957
vt 0.4974501 0.453109
vt 0.4130305 0.5536699
vt 0.4280592 0.4717528
vt 0.3750571 0.4896521
vt 0.3801877 0.651312
vt 0.3698059 0.7248048
vt 0.4706071 0.5534346
vt 0.4246178 0.6598687
vt 0.40323 0.7161508
vt 0.3632429 0.7548237
vt 0.4025332 0.7392858
vt 0.4155506 0.7605038
vt 0.405158 0.7631599
vt 0.4028679 0.7716757
vt 0.3717259 0.7957131
vt 0.399308 0.7792318
vt 0.3847525 0.8080453
vt 0.4149279 0.7749475
vt 0.4099293 0.7856933
vt 0.3847525 0.8080453
vt 0.3367592 0.8033011
vt 0.3348711 0.8361053
vt 0.3847525 0.8080453
vt 0.3500095 0.8505082
vt 0.4501154 0.4083439
vt 0.4184711 0.3444402
vt 0.435207 0.3985494
vt 0.1216005 0.2552835
vt 0.133259 0.2284063
vt 0.1195312 0.2235475
vt 0.1313644 0.248488
vt 0.09070254 0.2808148
vt 0.09274587 0.1923409
vt 0.1248162 0.1926027
vt 0.09707268 0.1695097
vt 0.07919818 0.1608612
vt 0.06092773 0.1678191
vt 0.05165473 0.1827002
vt 0.03988414 0.2079256
vt 0.03311828 0.1910396
vt 0.01896772 0.207387
vt 0.02365977 0.2529855
vt 0.04380733 0.2634728
vt 0.0296561 0.2934567
vt 0.04431418 0.3139344
vt 0.06961781 0.3136051
vt 0.4452008 0.9360862
vt 0.4932401 0.9220325
vt 0.4560479 0.8908699
vt 0.474106 0.96516
vt 0.5346664 0.932591
vt 0.524075 0.9807158
vt 0.5746007 0.9289874
vt 0.5768878 0.9786789
vt 0.6289796 0.9080769
vt 0.6392218 0.9478652
vt 0.4988389 0.8258262
vt 0.5622343 0.8103818
vt 0.4276919 0.9048376
vt 0.463456 0.8123269
vt 0.4088287 0.8831848
vt 0.4254113 0.8585011
vt 0.4474387 0.7676974
vt 0.3947228 0.8283659
vt 0.50753 0.8071526
vt 0.474535 0.7953675
vt 0.6833509 0.8807865
vt 0.6072127 0.8114585
vt 0.6531974 0.8125677
vt 0.6061659 0.7268979
vt 0.6334631 0.7338973
vt 0.6102583 0.7029206
vt 0.6334139 0.7129278
vt 0.6113174 0.6867851
vt 0.640781 0.6943992
vt 0.6121566 0.6693525
vt 0.638739 0.6713964
vt 0.6190403 0.6162538
vt 0.5944909 0.6101571
vt 0.5832738 0.6649426
vt 0.6113174 0.6867851
vt 0.5724409 0.6057101
vt 0.5609567 0.6609567
vt 0.5795287 0.6830923
vt 0.5570059 0.681013
vt 0.6113174 0.6867851
vt 0.5378759 0.6574723
vt 0.5303524 0.6757934
vt 0.5196428 0.651698
vt 0.5108393 0.6683997
vt 0.6379542 0.6205695
vt 0.5330833 0.6047342
vt 0.5482115 0.6046576
vt 0.5480157 0.7006133
vt 0.5317503 0.6942768
vt 0.5419207 0.7249154
vt 0.5751017 0.7261312
vt 0.5167587 0.7873241
vt 0.6072127 0.8114585
vt 0.6289796 0.9080769
vt 0.6061659 0.7268979
vt 0.5218402 0.7168334
vt 0.4862992 0.777359
vt 0.5038871 0.7011296
vt 0.5769166 0.7032812
vt 0.6102583 0.7029206
vt 0.5195818 0.6860618
vt 0.5068036 0.6824123
vt 0.7032002 0.9077328
vt 0.6972713 0.9005322
vt 0.6797026 0.9425599
vt 0.3725586 0.8539331
vt 0.3790891 0.8472745
vt 0.3725586 0.8539331
vt 0.3926055 0.8893942
vt 0.5817676 0.5852987
vt 0.6019486 0.5874014
vt 0.6265229 0.5986245
vt 0.6471512 0.6027008
vt 0.547742 0.5846005
vt 0.5312534 0.5863703
vt 0.5809031 0.5654314
vt 0.5953253 0.5705504
vt 0.52403 0.5663313
vt 0.5456363 0.5664502
vt 0.6320075 0.5896571
vt 0.5339844 0.5469944
vt 0.5266094 0.5493765
vt 0.5408121 0.5421024
vt 0.5472645 0.5524859
vt 0.5359101 0.5382423
vt 0.5380449 0.5291322
vt 0.5340559 0.5321872
vt 0.547302 0.5383749
vt 0.5534468 0.5287935
vt 0.568172 0.5476661
vt 0.5433027 0.5232501
vt 0.5700365 0.5269322
vt 0.5611292 0.5156995
vt 0.5090681 0.5643978
vt 0.5176013 0.5421526
vt 0.5303454 0.5237363
vt 0.5277132 0.5294611
vt 0.5282171 0.5388365
vt 0.5389892 0.516072
vt 0.5736433 0.5127279
vt 0.548472 0.5135224
vt 0.5868106 0.5242504
vt 0.5826501 0.5160567
vt 0.5861818 0.5355588
vt 0.5853461 0.5496097
vt 0.5997241 0.5439505
vt 0.5964738 0.5329182
vt 0.5972993 0.5561537
vt 0.6065208 0.5446312
vt 0.607129 0.5571483
vt 0.6123737 0.5742176
vt 0.6190885 0.568112
vt 0.6368152 0.5818302
vt 0.6378403 0.5728399
vt 0.666065 0.5843897
vt 0.6636055 0.570745
vt 0.02052182 0.9074267
vt 0.02226472 0.8856624
vt 0.01811941 0.907266
vt 0.01890452 0.9248397
vt 0.01811941 0.907266
vt 0.03781408 0.9176332
vt 0.01890452 0.9248397
vt 0.03781408 0.9176332
vt 0.03120802 0.937255
vt 0.04484044 0.8929413
vt 0.02052182 0.9074267
vt 0.02226472 0.8856624
vt 0.03472079 0.8290257
vt 0.08744554 0.8375214
vt 0.1393579 0.7694948
vt 0.03551885 0.7574496
vt 0.1453601 0.6733102
vt 0.2273878 0.6721756
vt 0.1424003 0.5356448
vt 0.2450945 0.5069765
vt 0.2103426 0.3912432
vt 0.1202501 0.3836646
vt 0.02799416 0.3919202
vt 0.01827884 0.3331935
vt 0.1043465 0.3166702
vt 0.1943113 0.330914
vt 0.193398 0.2607268
vt 0.2440959 0.2762617
vt 0.03463146 0.533937
vt 0.307154 0.4729947
vt 0.2702935 0.4012331
vt 0.2636542 0.3346869
vt 0.3031702 0.2901608
vt 0.3311342 0.5436279
vt 0.3121223 0.6424335
vt 0.2973284 0.7159995
vt 0.2821152 0.1867189
vt 0.3801877 0.651312
vt 0.3698059 0.7248048
vt 0.4130305 0.5536699
vt 0.4706071 0.5534346
vt 0.4246178 0.6598687
vt 0.40323 0.7161508
vt 0.3149383 0.7709576
vt 0.2656641 0.7689379
vt 0.2216506 0.7517004
vt 0.2256943 0.8175845
vt 0.1386123 0.848254
vt 0.1938752 0.8714257
vt 0.1370187 0.9291166
vt 0.1675322 0.9458641
vt 0.09312693 0.8869134
vt 0.0813418 0.9329534
vt 0.09430464 0.9401237
vt 0.1215773 0.967466
vt 0.05940864 0.9086642
vt 0.145679 0.9927663
vt 0.03120802 0.937255
vt 0.05804923 0.937193
vt 0.09312693 0.8869134
vt 0.724458 0.7457023
vt 0.765192 0.7224141
vt 0.8091757 0.7153247
vt 0.2415436 0.8471459
vt 0.2784975 0.8499671
vt 0.2356712 0.8438612
vt 0.2641243 0.8673013
vt 0.3238294 0.8581518
vt 0.2972963 0.8975853
vt 0.2607544 0.8726068
vt 0.2876324 0.9193172
vt 0.2312317 0.8894356
vt 0.2415436 0.8471459
vt 0.2548074 0.9618294
vt 0.2356712 0.8438612
vt 0.2291932 0.963338
vt 0.2116805 0.9383819
vt 0.2212326 0.8844054
vt 0.2548074 0.9618294
vt 0.2312317 0.8894356
vt 0.2356712 0.8438612
vt 0.9335855 0.5810009
vt 0.3852296 0.3716514
vt 0.3755323 0.3510876
vt 0.362958 0.3561311
vt 0.3780192 0.4138466
vt 0.3511743 0.3610981
vt 0.3545287 0.3360009
vt 0.3395292 0.3359243
vt 0.3082727 0.3702843
vt 0.3406867 0.3264875
vt 0.318619 0.3287371
vt 0.302285 0.3423215
vt 0.2877767 0.3532255
vt 0.290446 0.3693182
vt 0.2962613 0.337137
vt 0.3034519 0.3949432
vt 0.2828549 0.3959683
vt 0.2957775 0.4177889
vt 0.3346987 0.4304237
vt 0.3139417 0.4356786
vt 0.343121 0.4602006
vt 0.3745363 0.4575565
vt 0.9424351 0.8870172
vt 0.9899958 0.9754765
vt 0.9479511 0.9789698
vt 0.9899324 0.886887
vt 0.9398814 0.7870172
vt 0.989894 0.7884035
vt 0.9899793 0.7150956
vt 0.9429935 0.7239279
vt 0.9055759 0.8883156
vt 0.9044909 0.7946711
vt 0.8947713 0.9855846
vt 0.9005712 0.7202123
vt 0.8454204 0.7139063
vt 0.8427925 0.9914492
vt 0.8506134 0.942247
vt 0.8137788 0.9595762
vt 0.8004267 0.9874622
vt 0.7788035 0.9418685
vt 0.7654872 0.972875
vt 0.8375697 0.9260663
vt 0.8472022 0.8687681
vt 0.9044909 0.7946711
vt 0.8783246 0.7678537
vt 0.8517904 0.7675221
vt 0.8595806 0.8134443
vt 0.8289055 0.7948054
vt 0.82429 0.770816
vt 0.8063461 0.8114406
vt 0.7781469 0.7626389
vt 0.7590622 0.7794944
vt 0.7672983 0.8304788
vt 0.737068 0.7983466
vt 0.7389983 0.8539698
vt 0.7868895 0.8677573
vt 0.7415913 0.8791837
vt 0.7076433 0.8647449
vt 0.7096878 0.8920026
vt 0.7336089 0.9428607
vt 0.7629765 0.9173465
vt 0.8067254 0.9048357
vt 0.6936409 0.8101449
vt 0.7182694 0.8122095
vt 0.7038042 0.7773111
vt 0.724458 0.7457023
vt 0.724458 0.7457023
vt 0.7654872 0.972875
vt 0.7915598 0.9236813
vt 0.7654872 0.972875
vt 0.7902697 0.699037
vt 0.7421468 0.6283282
vt 0.8226995 0.6275864
vt 0.7214193 0.7059819
vt 0.6765726 0.666649
vt 0.8629934 0.67498
vt 0.9028487 0.6094373
vt 0.8389951 0.5801699
vt 0.772251 0.5714612
vt 0.7212421 0.5512995
vt 0.6902865 0.5916716
vt 0.7929509 0.5159811
vt 0.8550353 0.5234239
vt 0.7424793 0.4926708
vt 0.88911 0.5180913
vt 0.8972109 0.5655497
vt 0.9333944 0.5529774
vt 0.9249303 0.5121071
vt 0.9823831 0.5307203
vt 0.9837781 0.5462264
vt 0.9603507 0.5023488
vt 0.8203054 0.4150242
vt 0.8653238 0.421741
vt 0.7826638 0.4008215
vt 0.7624942 0.3878715
vt 0.7215685 0.4626857
vt 0.6921754 0.4983936
vt 0.7212421 0.5512995
vt 0.9154152 0.4259213
vt 0.9401859 0.4245498
vt 0.8898427 0.4243683
vt 0.8447096 0.3115231
vt 0.8742259 0.3439152
vt 0.8144746 0.3044165
vt 0.7907306 0.3248785
vt 0.909456 0.3572518
vt 0.9256699 0.3562157
vt 0.8928126 0.3542596
vt 0.8981786 0.3302597
vt 0.9098365 0.3324977
vt 0.8809042 0.3244886
vt 0.9245638 0.3319904
vt 0.9081369 0.3204256
vt 0.9009793 0.3202153
vt 0.9197519 0.3196065
vt 0.892141 0.3175493
vt 0.908024 0.3138019
vt 0.9015599 0.3125501
vt 0.9167792 0.3085443
vt 0.8933024 0.303853
vt 0.8771646 0.3037263
vt 0.8799682 0.2584359
vt 0.8955815 0.2715428
vt 0.9312512 0.3137214
vt 0.8530944 0.2508936
vt 0.9262937 0.2805703
vt 0.9047819 0.304334
vt 0.9107689 0.276873
vt 0.9415534 0.2841723
vt 0.8234349 0.2488394
vt 0.804225 0.2597815
vt 0.7969151 0.2888641
vt 0.7908551 0.3027776
vt 0.8528554 0.2177016
vt 0.8805339 0.2375793
vt 0.8760287 0.2043194
vt 0.8599902 0.1895905
vt 0.8434944 0.1888652
vt 0.8210031 0.2153512
vt 0.803602 0.2257176
vt 0.8066683 0.2500607
vt 0.8162622 0.2025942
vt 0.8023394 0.2091369
vt 0.813095 0.1963497
vt 0.803737 0.2011801
vt 0.8281608 0.1947184
vt 0.838828 0.1763534
vt 0.8185626 0.1829225
vt 0.810068 0.18406
vt 0.8267301 0.1659025
vt 0.7930473 0.2235208
vt 0.7811975 0.220733
vt 0.7913051 0.199063
vt 0.7954758 0.1925768
vt 0.8103318 0.1757391
vt 0.8060259 0.193073
vt 0.8503764 0.16668
vt 0.8612859 0.17581
vt 0.862424 0.1650325
vt 0.8718183 0.1728561
vt 0.8756578 0.1827615
vt 0.8852401 0.1884371
vt 0.8899966 0.2028935
vt 0.8841845 0.2208849
vt 0.8959032 0.2225499
vt 0.8944569 0.2409259
vt 0.9078946 0.2361504
vt 0.8963434 0.2607433
vt 0.9211528 0.2401852
vt 0.91277 0.2676943
vt 0.9294739 0.2712201
vt 0.935798 0.2420482
vt 0.9449968 0.2742957
vt 0.9643055 0.2548719
vt 0.961722 0.2466897
vt 0.9582866 0.235492
vt 0.8805339 0.2375793
vt 0.03395487 0.6655607
vt 0.4184711 0.3444402
vt 0.3778562 0.3114558
vt 0.4584869 0.3410087
vt 0.4501154 0.4083439
vt 0.4353282 0.2572258
vt 0.4696243 0.3950678
vt 0.4977175 0.4023048
vt 0.489309 0.3322592
vt 0.4353282 0.2572258
vt 0.4654625 0.4618957
vt 0.4974501 0.453109
vt 0.4280592 0.4717528
vt 0.3750571 0.4896521
vt 0.3513958 0.2038233
vt 0.4353282 0.2572258
vt 0.2230293 0.1800111
vt 0.4184711 0.3444402
vt 0.4501154 0.4083439
vt 0.435207 0.3985494
vt 0.1216005 0.2552835
vt 0.133259 0.2284063
vt 0.1313644 0.248488
vt 0.1195312 0.2235475
vt 0.09070254 0.2808148
vt 0.09274587 0.1923409
vt 0.1248162 0.1926027
vt 0.09707268 0.1695097
vt 0.07919818 0.1608612
vt 0.06092773 0.1678191
vt 0.05165473 0.1827002
vt 0.03988414 0.2079256
vt 0.03311828 0.1910396
vt 0.01896772 0.207387
vt 0.02365977 0.2529855
vt 0.04380733 0.2634728
vt 0.0296561 0.2934567
vt 0.04431418 0.3139344
vt 0.06961781 0.3136051
vt 0.4452008 0.9360862
vt 0.4932401 0.9220325
vt 0.474106 0.96516
vt 0.4560479 0.8908699
vt 0.5346664 0.932591
vt 0.524075 0.9807158
vt 0.5746007 0.9289874
vt 0.5768878 0.9786789
vt 0.6289796 0.9080769
vt 0.6392218 0.9478652
vt 0.4988389 0.8258262
vt 0.5622343 0.8103818
vt 0.4276919 0.9048376
vt 0.463456 0.8123269
vt 0.4088287 0.8831848
vt 0.4254113 0.8585011
vt 0.4474387 0.7676974
vt 0.3947228 0.8283659
vt 0.50753 0.8071526
vt 0.474535 0.7953675
vt 0.6833509 0.8807865
vt 0.6072127 0.8114585
vt 0.6531974 0.8125677
vt 0.6061659 0.7268979
vt 0.6334631 0.7338973
vt 0.6102583 0.7029206
vt 0.6334139 0.7129278
vt 0.6113174 0.6867851
vt 0.640781 0.6943992
vt 0.6121566 0.6693525
vt 0.638739 0.6713964
vt 0.6190403 0.6162538
vt 0.5944909 0.6101571
vt 0.5832738 0.6649426
vt 0.6113174 0.6867851
vt 0.5724409 0.6057101
vt 0.5609567 0.6609567
vt 0.5795287 0.6830923
vt 0.5570059 0.681013
vt 0.6113174 0.6867851
vt 0.5378759 0.6574723
vt 0.5303524 0.6757934
vt 0.5196428 0.651698
vt 0.5108393 0.6683997
vt 0.6379542 0.6205695
vt 0.5330833 0.6047342
vt 0.5482115 0.6046576
vt 0.5480157 0.7006133
vt 0.5317503 0.6942768
vt 0.5419207 0.7249154
vt 0.5751017 0.7261312
vt 0.5167587 0.7873241
vt 0.6072127 0.8114585
vt 0.6289796 0.9080769
vt 0.6061659 0.7268979
vt 0.5218402 0.7168334
vt 0.4862992 0.777359
vt 0.5038871 0.7011296
vt 0.5769166 0.7032812
vt 0.6102583 0.7029206
vt 0.5195818 0.6860618
vt 0.5068036 0.6824123
vt 0.7032002 0.9077328
vt 0.6797026 0.9425599
vt 0.6972713 0.9005322
vt 0.3725586 0.8539331
vt 0.3926055 0.8893942
vt 0.3725586 0.8539331
vt 0.3790891 0.8472745
vt 0.5817676 0.5852987
vt 0.6019486 0.5874014
vt 0.6265229 0.5986245
vt 0.6471512 0.6027008
vt 0.547742 0.5846005
vt 0.5312534 0.5863703
vt 0.5809031 0.5654314
vt 0.5953253 0.5705504
vt 0.52403 0.5663313
vt 0.5456363 0.5664502
vt 0.6320075 0.5896571
vt 0.5339844 0.5469944
vt 0.5266094 0.5493765
vt 0.5408121 0.5421024
vt 0.5472645 0.5524859
vt 0.5359101 0.5382423
vt 0.5380449 0.5291322
vt 0.5340559 0.5321872
vt 0.547302 0.5383749
vt 0.5534468 0.5287935
vt 0.568172 0.5476661
vt 0.5433027 0.5232501
vt 0.5700365 0.5269322
vt 0.5611292 0.5156995
vt 0.5090681 0.5643978
vt 0.5176013 0.5421526
vt 0.5303454 0.5237363
vt 0.5277132 0.5294611
vt 0.5282171 0.5388365
vt 0.5389892 0.516072
vt 0.5736433 0.5127279
vt 0.548472 0.5135224
vt 0.5868106 0.5242504
vt 0.5826501 0.5160567
vt 0.5861818 0.5355588
vt 0.5853461 0.5496097
vt 0.5997241 0.5439505
vt 0.5964738 0.5329182
vt 0.5972993 0.5561537
vt 0.6065208 0.5446312
vt 0.607129 0.5571483
vt 0.6123737 0.5742176
vt 0.6190885 0.568112
vt 0.6368152 0.5818302
vt 0.6378403 0.5728399
vt 0.666065 0.5843897
vt 0.6636055 0.570745
vt 0.03781408 0.9176332
vt 0.01811941 0.907266
vt 0.02052182 0.9074267
vt 0.724458 0.7457023
vt 0.765192 0.7224141
vt 0.8091757 0.7153247
vt 0.2415436 0.8471459
vt 0.2784975 0.8499671
vt 0.2641243 0.8673013
vt 0.2356712 0.8438612
vt 0.3238294 0.8581518
vt 0.2972963 0.8975853
vt 0.2607544 0.8726068
vt 0.2876324 0.9193172
vt 0.2312317 0.8894356
vt 0.2415436 0.8471459
vt 0.2548074 0.9618294
vt 0.2356712 0.8438612
vt 0.2291932 0.963338
vt 0.2116805 0.9383819
vt 0.2212326 0.8844054
vt 0.2548074 0.9618294
vt 0.2312317 0.8894356
vt 0.2356712 0.8438612
vt 0.3632429 0.7548237
vt 0.4025332 0.7392858
vt 0.4155506 0.7605038
vt 0.405158 0.7631599
vt 0.4028679 0.7716757
vt 0.3717259 0.7957131
vt 0.399308 0.7792318
vt 0.3847525 0.8080453
vt 0.4149279 0.7749475
vt 0.4099293 0.7856933
vt 0.3847525 0.8080453
vt 0.3367592 0.8033011
vt 0.3348711 0.8361053
vt 0.3847525 0.8080453
vt 0.3500095 0.8505082
vt 0.9335855 0.5810009
vt 0.3852296 0.3716514
vt 0.362958 0.3561311
vt 0.3755323 0.3510876
vt 0.3780192 0.4138466
vt 0.3511743 0.3610981
vt 0.3545287 0.3360009
vt 0.3395292 0.3359243
vt 0.3082727 0.3702843
vt 0.3406867 0.3264875
vt 0.318619 0.3287371
vt 0.302285 0.3423215
vt 0.2877767 0.3532255
vt 0.290446 0.3693182
vt 0.2962613 0.337137
vt 0.3034519 0.3949432
vt 0.2828549 0.3959683
vt 0.2957775 0.4177889
vt 0.3346987 0.4304237
vt 0.3139417 0.4356786
vt 0.343121 0.4602006
vt 0.3745363 0.4575565
vn 0.8593959 0.2082387 0.4669853
vn 0.9055408 -0.1898144 0.3794288
vn 0.7829204 -0.6023564 0.1555712
vn 0.7720909 0.2050835 0.6015117
vn 0 0.6942883 0.7196971
vn 0 0.4596469 0.8881018
vn 0.6359289 -0.69706 0.3312125
vn 0.7522886 0.1380016 0.6442186
vn 0 0.2442127 0.9697217
vn 0.9310685 0.02724175 0.363826
vn 0.9894169 0.0472484 0.137192
vn 0.9741522 0.1929363 -0.117486
vn 0.9720661 0.01812037 0.2340067
vn 0.8967037 -0.348008 0.2735197
vn 0.6014463 -0.7974712 0.04797763
vn 0.9963682 0.0805418 -0.02763318
vn 0.7575198 0.1328446 0.6391526
vn 0.8516455 0.2304159 -0.470753
vn 0.7458059 0.1778981 -0.6419703
vn 0 0.1866457 0.9824272
vn 0.7805137 -0.09587985 -0.6177422
vn 0.738945 0.1730715 0.6511578
vn 0.996627 -0.07699117 0.02841168
vn 0.9144099 -0.3458063 -0.2104105
vn 0.4736236 -0.5473821 -0.6899663
vn 0 0.234621 0.9720868
vn 0.9874539 -0.05847772 0.1466805
vn 0.6349313 0.5652637 0.5266301
vn 0.723665 0.6063163 0.3296811
vn 0.09807371 0.9884964 0.1151369
vn -0.08993118 0.9959311 0.005812141
vn 0 0.3180787 0.9480643
vn 0.5204124 0.389889 0.7597089
vn 0.6963168 0.7177337 -0.001134734
vn 0 0.6928917 -0.7210417
vn 0 0.9923967 0.1230805
vn 0 0.9855715 -0.1692597
vn 0.6632162 0.5103874 0.547402
vn 0 0.5464794 0.8374725
vn 0.8243404 0.04570616 -0.5642463
vn -0.6208778 0.5836102 0.5233639
vn 0.7375764 0.5605117 -0.3765735
vn 0 0.8496999 -0.5272666
vn 0 0.06145344 -0.9981099
vn 0 -0.2657056 -0.9640542
vn 0.6963168 0.7177337 -0.001134734
vn -0.006489787 0.8923597 -0.4512781
vn 0 0.06145344 -0.9981099
vn -0.6208778 0.5836102 0.5233639
vn 0.7375764 0.5605117 -0.3765735
vn 0.9171424 0.2844298 0.2791943
vn 0 0.6942883 0.7196971
vn 0.8593959 0.2082387 0.4669853
vn 0 0.8278963 0.5608812
vn 0.7617772 -0.6325293 -0.1400075
vn 0.7829204 -0.6023564 0.1555712
vn 0 -0.9999447 0.01051973
vn 0 -0.9715542 -0.2368174
vn 0.9270196 0.3359823 0.1665848
vn 0.7698131 -0.4725738 -0.4290241
vn 0 0.8276431 0.5612547
vn 0 -0.7582572 -0.6519555
vn 0 0.8517953 0.5238748
vn 0.4173056 0.8516383 0.317125
vn 0.1131694 0.7286108 0.6755137
vn 0 0.3781246 0.9257547
vn -0.1922226 -0.4116422 0.890843
vn 0 0.01572888 0.9998763
vn 0.8294308 0.4726567 0.2977249
vn 0.9981844 -0.01341038 -0.05872057
vn 0.7698131 -0.4725738 -0.4290241
vn 0 -0.1406019 -0.9900662
vn 0.1262672 -0.1740136 -0.9766144
vn 0.3880179 -0.1632248 -0.907083
vn 0.9467326 -0.01555704 -0.3216447
vn 0.978372 -0.1132158 -0.1731193
vn 0.6230943 -0.1816065 -0.760771
vn 0.9683242 -0.2310808 0.09460454
vn 0.5841918 -0.5931906 -0.5539357
vn 0.7159891 -0.697908 -0.01685512
vn 0.908535 -0.3319917 0.2536647
vn 0.689814 -0.6816587 0.2439221
vn 0.5812001 -0.6611151 0.4744821
vn 0.9156018 -0.382787 0.123075
vn 0.4641269 -0.7418418 0.4840011
vn 0 -0.7133054 0.7008533
vn 0 -0.7861615 0.6180209
vn 0 -0.3230437 0.946384
vn 0.4753641 -0.3383923 0.8121081
vn 0.9454923 -0.09051781 0.3128113
vn 0 -0.7245255 0.689248
vn 0.523155 -0.6397186 0.5630888
vn 0 -0.9965868 0.08255202
vn 0 -0.9900103 -0.1409947
vn 0 -0.9900103 -0.1409947
vn 0 0.01572888 0.9998763
vn 0.8279546 -0.2503114 0.501832
vn 0 0.01572888 0.9998763
vn 0.9720661 0.01812037 0.2340067
vn 0.8389685 -0.5361773 -0.09298325
vn 0.8967037 -0.348008 0.2735197
vn 0.9968277 0.01074367 -0.07886048
vn 0.6014463 -0.7974712 0.04797763
vn 0.9741522 0.1929363 -0.117486
vn 0.7310221 0.4221063 -0.5361278
vn 0.9838449 0.1646087 -0.07037794
vn 0.7729197 -0.6205588 -0.1322945
vn 0.1173613 -0.8744831 -0.4706439
vn 0.4272541 -0.8320727 -0.3537073
vn 0.6593603 -0.7308972 -0.1761626
vn 0.9409395 0.3380797 0.0183025
vn -0.4367216 -0.8488134 -0.2979765
vn 0.2593772 0.9657294 -0.009495477
vn 0.5534968 0.7509467 -0.3601669
vn -0.5013263 0.5852888 -0.6372668
vn -0.6565248 0.7474473 -0.101478
vn -0.8052362 -0.1471464 -0.5744064
vn -0.0613884 -0.2621638 -0.9630688
vn -0.9830967 -0.0813187 -0.1640364
vn 0.6060612 -0.7663025 -0.2132379
vn 0.9383177 0.3409393 -0.05762124
vn -0.5517832 -0.8006305 -0.2335078
vn -0.9932809 0.04698975 -0.1057586
vn -0.9830967 -0.0813187 -0.1640364
vn -0.8052362 -0.1471464 -0.5744064
vn 0.1173613 -0.8744831 -0.4706439
vn -0.6475411 0.7620196 0.004071269
vn -0.9932809 0.04698975 -0.1057586
vn 0.1764202 0.9836708 0.03560403
vn 0.6867853 -0.7208284 0.09344779
vn 0.931124 0.3521113 -0.09500335
vn -0.6849502 -0.7219686 0.0980031
vn -0.9728396 0.2314514 -0.003669306
vn -0.5850837 0.8043246 0.1036292
vn -0.9728396 0.2314514 -0.003669306
vn 0.2110283 0.9751779 0.06704524
vn 0.2922311 0.9093327 0.2961673
vn -0.6045023 0.7542864 0.2561815
vn 0.9049805 0.4138288 0.09877308
vn -0.9473027 0.3128847 0.06870791
vn -0.5249211 0.8485507 -0.06648013
vn 0.3552732 0.9312416 -0.08105657
vn -0.961589 0.1984837 -0.1896074
vn 0.7811169 0.6195064 -0.07789907
vn -0.4427246 0.5848172 -0.6796939
vn 0.3316294 0.6490737 -0.6846351
vn -0.6362593 0.6028359 -0.4814175
vn 0.5943314 0.6229044 -0.5086848
vn 0.9813341 0.1900121 -0.02964252
vn 0.9991693 -0.03539989 0.02018509
vn 0.6627206 0.6406428 -0.3877865
vn -0.9570081 0.2900088 -0.005517814
vn 0.4295347 -0.6725351 0.6026578
vn -0.5556297 0.7207488 -0.4144837
vn 0.02996722 0.6232038 -0.7814852
vn 0.07782701 0.8488378 -0.5228932
vn -0.9962619 0.0699022 -0.05075446
vn -0.6008856 -0.515974 0.6104976
vn -0.9962619 0.0699022 -0.05075446
vn -0.9570081 0.2900088 -0.005517814
vn -0.9473027 0.3128847 0.06870791
vn 0.1319139 -0.3211058 0.9378111
vn 0.902816 0.0207601 0.4295256
vn 0.647507 -0.2735606 0.7112659
vn 0.2646478 -0.4577931 0.8487561
vn -0.1624611 -0.3805985 0.9103578
vn -0.5066792 -0.06984437 0.8593008
vn -0.8710988 0.4084926 0.2726183
vn -0.9858298 0.1366246 0.09733125
vn -0.5877202 -0.1070833 0.8019464
vn -0.8856812 0.4640898 -0.01376988
vn -0.6719629 -0.4320533 0.6014946
vn -0.9570278 0.2792099 -0.07835618
vn -0.4538027 -0.3837784 0.8042246
vn -0.3415131 -0.7204505 0.6035891
vn -0.6801373 -0.7148396 0.1625347
vn -0.4336404 -0.7631123 -0.4791823
vn -0.5213256 -0.6983904 -0.4903778
vn -0.7585068 0.5587781 -0.3353122
vn -0.3432424 0.1910192 -0.9196176
vn -0.2924246 0.1694198 -0.9411614
vn -0.2909442 0.02304319 -0.9564626
vn -0.2570044 -0.1879703 -0.9479536
vn -0.906355 -0.3033717 -0.2940856
vn -0.1586986 -0.9850255 -0.06737661
vn 0.2241639 -0.6989267 0.6791554
vn 0.1790022 -0.8811545 -0.4376358
vn 0.8612356 -0.3475117 -0.3708219
vn 0.7039205 -0.5522003 -0.4467334
vn 0.7062637 -0.6654027 -0.2417245
vn 0.9534923 0.009670084 -0.3012621
vn 0.9073785 0.2140798 0.3617099
vn 0.7456771 0.3255595 -0.5813575
vn 0.9279081 0.3628244 -0.08570363
vn 0.6168613 0.4538379 -0.64305
vn 0.7349063 0.6136447 -0.2887092
vn 0.1087211 0.6963165 -0.7094527
vn 0.09641308 0.9036012 -0.417384
vn -0.6081516 0.7261653 -0.3206798
vn -0.4910062 0.5353641 -0.6872395
vn -0.9858298 0.1366246 0.09733125
vn -0.8710988 0.4084926 0.2726183
vn -0.7585068 0.5587781 -0.3353122
vn -0.3432424 0.1910192 -0.9196176
vn 0.902816 0.0207601 0.4295256
vn 0 -0.9728453 0.2314563
vn 0 -0.9966684 -0.08156038
vn 0.4272541 -0.8320727 -0.3537073
vn 0 -0.8535967 -0.5209345
vn 0 -0.9999447 0.01051973
vn 0.1173613 -0.8744831 -0.4706439
vn 0.1551691 -0.5327412 -0.8319312
vn -0.0613884 -0.2621638 -0.9630688
vn 0 -0.8535967 -0.5209345
vn 0.1658901 -0.2336102 -0.9580745
vn 0 -0.2346357 -0.9720834
vn 0 -0.4825757 -0.8758543
vn 0 -0.8535967 -0.5209345
vn 0.169348 0.110008 -0.9793976
vn 0 0.06318712 -0.9980016
vn 0.3759401 0.3121671 -0.8724796
vn 0.2535353 0.3291228 -0.9096142
vn 0.7310221 0.4221063 -0.5361278
vn 0.3271412 0.2556984 -0.9097236
vn 0.2706228 -0.06316637 -0.9606109
vn 0 0.2888575 -0.9573721
vn 0 0.2612284 -0.965277
vn 0 0.1114548 -0.9937695
vn 0.4602219 -0.4024346 -0.7913547
vn 0 -0.8540704 -0.5201575
vn 0 -0.9916757 0.1287602
vn 0.4668295 -0.8836987 0.03386417
vn 0.6043236 -0.5626134 -0.5641447
vn 0.4526343 0.045143 -0.8905529
vn 0.5378736 -0.0553492 -0.8412066
vn 0 0.2492147 -0.9684483
vn 0 -0.727348 -0.6862689
vn 0 -0.09489808 -0.995487
vn 0 0.2492147 -0.9684483
vn -0.03680934 -0.4325828 -0.9008424
vn -0.52887 -0.1165156 -0.8406668
vn 0 0.2492147 -0.9684483
vn 0 0.1593785 -0.9872176
vn -0.0613884 -0.2621638 -0.9630688
vn 0.1173613 -0.8744831 -0.4706439
vn -0.8052362 -0.1471464 -0.5744064
vn -0.2924246 0.1694198 -0.9411614
vn -0.4336404 -0.7631123 -0.4791823
vn -0.2570044 -0.1879703 -0.9479536
vn -0.2909442 0.02304319 -0.9564626
vn -0.3432424 0.1910192 -0.9196176
vn -0.01516566 -0.2145986 -0.9765846
vn -0.5213256 -0.6983904 -0.4903778
vn -0.1586986 -0.9850255 -0.06737661
vn 0.1790022 -0.8811545 -0.4376358
vn 0.8612356 -0.3475117 -0.3708219
vn 0.7039205 -0.5522003 -0.4467334
vn 0.2505137 -0.1076484 -0.9621095
vn 0.7062637 -0.6654027 -0.2417245
vn 0.9534923 0.009670084 -0.3012621
vn 0.7456771 0.3255595 -0.5813575
vn 0.1968955 0.1023995 -0.9750624
vn 0.6168613 0.4538379 -0.64305
vn 0.1087211 0.6963165 -0.7094527
vn -0.4910062 0.5353641 -0.6872395
vn 0.4736236 -0.5473821 -0.6899663
vn 0.8338365 -0.4998698 -0.2341941
vn -0.06514897 -0.8439379 -0.5324703
vn 0.9144099 -0.3458063 -0.2104105
vn 0.9958157 -0.06371118 -0.06551335
vn 0.9874539 -0.05847772 0.1466805
vn 0.7901376 0.6084766 0.07374817
vn 0.723665 0.6063163 0.3296811
vn -0.2134096 0.9760541 0.04212688
vn -0.08993118 0.9959311 0.005812141
vn 0.5432777 -0.6553017 -0.5248134
vn 0.9797632 0.2001492 0.002076702
vn -0.03680934 -0.4325828 -0.9008424
vn -0.5933781 -0.5823356 -0.5556867
vn -0.52887 -0.1165156 -0.8406668
vn -0.8113634 -0.4560073 -0.3657143
vn -0.9515858 0.3030649 -0.051342
vn -0.8951524 0.3670321 -0.2529618
vn 0.588192 -0.5828055 -0.5606852
vn -0.6113597 -0.5221236 -0.5946647
vn -0.8951524 0.3670321 -0.2529618
vn 0.0819872 0.913051 0.3995197
vn -0.9515858 0.3030649 -0.051342
vn 0.009986299 0.7239854 0.6897429
vn -0.9733234 0.2287513 0.01772979
vn -0.04488067 0.7737785 0.6318643
vn -0.9272612 0.2501991 0.2785443
vn 0.02459157 0.9802209 0.1963729
vn -0.964857 0.2439105 0.09776736
vn 0.0452583 0.9950335 -0.08865583
vn -0.9254789 0.3687511 -0.08666901
vn -0.001737523 0.9906309 -0.1365552
vn 0.9549603 0.2964145 -0.01375543
vn 0.9815809 0.1792348 -0.06613454
vn 0.02459157 0.9802209 0.1963729
vn 0.4860332 -0.8607931 0.1510196
vn 0.4840119 -0.8634804 -0.1418943
vn 0.9843416 -0.00682583 0.1761395
vn 0.5931761 -0.7397779 -0.3176016
vn 0.02459157 0.9802209 0.1963729
vn -0.6077091 -0.779126 -0.1537933
vn -0.6826191 -0.6323832 -0.3662274
vn -0.9254789 0.3687511 -0.08666901
vn -0.964857 0.2439105 0.09776736
vn -0.9144458 0.4031655 -0.0353048
vn -0.9144458 0.4031655 -0.0353048
vn -0.6417166 -0.7624725 0.08267768
vn 0.5795915 -0.5441663 -0.6065946
vn -0.4457907 -0.4910038 -0.7484556
vn 0.6000424 -0.5075493 -0.6183388
vn 0.9788967 0.1334917 0.1547299
vn 0.5748836 -0.5362185 -0.6180441
vn 0.0819872 0.913051 0.3995197
vn -0.2134096 0.9760541 0.04212688
vn 0.009986299 0.7239854 0.6897429
vn -0.6050078 -0.4215076 -0.6754975
vn -0.5982661 -0.4740581 -0.6460238
vn -0.9733234 0.2287513 0.01772979
vn 0.9509764 -0.0366761 0.3070807
vn -0.04488067 0.7737785 0.6318643
vn -0.9644939 -0.2219947 -0.1430724
vn -0.9272612 0.2501991 0.2785443
vn 0 0.5278577 -0.8493328
vn -0.7683309 0.3627259 -0.5273496
vn 0 0.8496999 -0.5272666
vn 0 0.5278577 -0.8493328
vn -0.7683309 0.3627259 -0.5273496
vn 0 0.5278577 -0.8493328
vn 0 0.1593785 -0.9872176
vn 0.6167138 -0.599335 0.5103545
vn 0.9069785 0.4151258 -0.071138
vn -0.08100484 0.9468068 -0.3114403
vn -0.946228 0.3211626 -0.03882458
vn -0.6617098 -0.576466 0.479403
vn -0.946228 0.3211626 -0.03882458
vn 0.4154758 -0.2473646 0.8753232
vn 0.9204881 0.08798639 0.3807362
vn -0.8854599 0.4578889 -0.07936317
vn -0.5960657 -0.1035403 0.7962318
vn -0.1238073 0.9168161 -0.3796315
vn -0.8309177 0.02682309 0.5557485
vn -0.8869887 0.4373734 -0.1481738
vn -0.3535236 -0.4092884 0.8411326
vn -0.3164474 -0.2486895 0.9154314
vn -0.5549163 -0.5945732 0.581851
vn -0.7154389 -0.6799223 0.1607882
vn -0.4524783 -0.8880882 -0.08101238
vn -0.6108117 -0.3766999 0.696424
vn -0.3654486 -0.5071009 0.7805741
vn 0.1039241 -0.2884097 0.9518506
vn -0.8725752 -0.4106815 0.2644867
vn 0.2313839 -0.5465772 0.8048074
vn -0.159381 -0.9496882 0.2696112
vn -0.4282948 0.2630017 -0.8645193
vn -0.3926263 0.1223832 -0.9115191
vn -0.3088048 -0.145127 -0.9399881
vn -0.2658213 -0.5121109 -0.8167505
vn -0.9214792 -0.1979094 -0.3342271
vn -0.7015896 -0.2306305 -0.6742265
vn 0.3068828 -0.8965911 0.3192923
vn -0.4130295 -0.9030014 -0.1183007
vn 0.8214596 -0.5611024 -0.1018246
vn 0.9035075 -0.3824534 0.1934001
vn 0.6116692 -0.4997093 0.6133119
vn 0.5775669 -0.2091629 0.7890928
vn 0.9769402 0.04494457 0.2087292
vn 0.819669 -0.475582 -0.3193187
vn 0.9063467 0.2504856 0.3402831
vn 0.7540826 0.236923 -0.6125577
vn 0.8046838 0.3910388 -0.4467356
vn 0.7233238 0.6660815 -0.1820386
vn 0.5582321 0.5973932 -0.5757588
vn -0.2634205 0.9202995 -0.2892376
vn -0.2507638 0.736634 -0.6280827
vn -0.8854599 0.4578889 -0.07936317
vn -0.4282948 0.2630017 -0.8645193
vn -0.6208778 0.5836102 0.5233639
vn 0 0.5464794 0.8374725
vn 1 0 0
vn -0.006489787 0.8923597 -0.4512781
vn -0.9958701 0.008640864 -0.09037789
vn -0.7354411 0.563531 -0.3762434
vn -0.006489787 0.8923597 -0.4512781
vn -0.7354411 0.563531 -0.3762434
vn 0 0.06145344 -0.9981099
vn -0.6632162 0.5103874 0.547402
vn -0.6208778 0.5836102 0.5233639
vn 0 0.5464794 0.8374725
vn 0 0.3180787 0.9480643
vn -0.5204124 0.389889 0.7597088
vn -0.738945 0.1730715 0.6511578
vn 0 0.234621 0.9720868
vn -0.7575198 0.1328446 0.6391526
vn -0.9963682 0.0805418 -0.02763317
vn -0.7522886 0.1380016 0.6442186
vn -0.9894169 0.0472484 0.137192
vn -0.9310685 0.02724175 0.3638261
vn -0.7720909 0.2050835 0.6015117
vn 0 0.4596469 0.8881018
vn 0 0.6942883 0.7196971
vn -0.8593959 0.2082387 0.4669853
vn -0.9055408 -0.1898145 0.3794289
vn -0.7829204 -0.6023564 0.1555712
vn -0.6359289 -0.69706 0.3312125
vn 0 0.2442127 0.9697217
vn -0.9741522 0.1929363 -0.117486
vn -0.9720661 0.01812037 0.2340067
vn -0.8967037 -0.348008 0.2735197
vn -0.6014463 -0.7974712 0.04797763
vn -0.8516455 0.2304159 -0.470753
vn -0.7458059 0.1778981 -0.6419703
vn -0.7805137 -0.09587985 -0.6177422
vn 0 -0.9728453 0.2314563
vn -0.3271412 0.2556984 -0.9097236
vn -0.2706228 -0.06316637 -0.9606109
vn -0.3759401 0.3121671 -0.8724796
vn 0 0.2888575 -0.9573721
vn 0 0.2612284 -0.965277
vn 0 0.1114548 -0.9937695
vn -0.4736236 -0.5473821 -0.6899663
vn -0.9144099 -0.3458064 -0.2104105
vn -0.996627 -0.07699117 0.02841168
vn -0.9874539 -0.05847772 0.1466805
vn -0.6349313 0.5652637 0.5266301
vn -0.723665 0.6063163 0.3296811
vn -0.09807371 0.9884964 0.1151369
vn 0.08993118 0.9959311 0.005812138
vn -0.6963168 0.7177337 -0.001134734
vn 0 0.6928917 -0.7210417
vn 0 0.9923967 0.1230805
vn 0 0.9855715 -0.1692597
vn -0.8243404 0.04570616 -0.5642463
vn 0 0.8496999 -0.5272666
vn 0 0.06145344 -0.9981099
vn 0 -0.2657056 -0.9640542
vn -0.6963168 0.7177337 -0.001134734
vn 0 -0.9900103 -0.1409947
vn 0 -0.7196882 -0.6942974
vn 0 -0.1726785 -0.9849783
vn -0.4283985 -0.5159163 0.7418255
vn -0.8182694 0.5702797 0.07222318
vn -0.138034 0.3062097 0.9419035
vn -0.7043909 -0.6953096 -0.1427511
vn 0.1131694 0.7286108 0.6755137
vn -0.1922226 -0.4116422 0.890843
vn 0.6085657 -0.7512919 0.2553594
vn 0.8279546 -0.2503114 0.501832
vn 0.3943715 0.7865376 0.4752153
vn -0.4283985 -0.5159163 0.7418255
vn 0.8294308 0.4726567 0.2977249
vn -0.138034 0.3062097 0.9419035
vn 0.4173056 0.8516383 0.317125
vn 0.1131694 0.7286108 0.6755137
vn -0.8182694 0.5702797 0.07222318
vn 0.8294308 0.4726567 0.2977249
vn 0.3943715 0.7865376 0.4752153
vn -0.138034 0.3062097 0.9419035
vn 0.2535353 0.3291228 -0.9096142
vn -0.3926263 0.1223832 -0.9115191
vn -0.2658213 -0.5121109 -0.8167505
vn -0.3088048 -0.145127 -0.9399881
vn -0.4282948 0.2630017 -0.8645193
vn -0.1615127 0.0290259 -0.9864438
vn -0.7015896 -0.2306305 -0.6742265
vn -0.1300672 -0.4349659 -0.8910035
vn 0.3027911 -0.1696885 -0.9378291
vn -0.4130295 -0.9030014 -0.1183007
vn -0.159381 -0.9496882 0.2696112
vn 0.2031632 -0.7017769 -0.6828133
vn 0.9035075 -0.3824534 0.1934001
vn 0.8214596 -0.5611024 -0.1018246
vn 0.3068828 -0.8965911 0.3192923
vn 0.2746724 -0.130436 -0.9526497
vn 0.819669 -0.475582 -0.3193187
vn 0.7540826 0.236923 -0.6125577
vn 0.2601253 0.1573954 -0.9526603
vn 0.8046838 0.3910388 -0.4467356
vn 0.5582321 0.5973932 -0.5757588
vn -0.2507638 0.736634 -0.6280827
vn -0.9171424 0.2844298 0.2791943
vn 0 0.6942883 0.7196971
vn 0 0.8278963 0.5608812
vn -0.8593959 0.2082387 0.4669853
vn -0.7617772 -0.6325293 -0.1400075
vn -0.7829204 -0.6023564 0.1555712
vn 0 -0.9999447 0.01051973
vn 0 -0.9715542 -0.2368174
vn -0.9270196 0.3359823 0.1665848
vn -0.7698131 -0.4725738 -0.4290242
vn 0 0.8276431 0.5612547
vn 0 -0.7582572 -0.6519555
vn 0 -0.1406019 -0.9900662
vn 0 0.8517953 0.5238748
vn -0.4173056 0.8516383 0.317125
vn -0.1131694 0.7286109 0.6755137
vn 0 0.3781246 0.9257547
vn 0.1922226 -0.4116422 0.890843
vn 0 0.01572888 0.9998763
vn -0.8294308 0.4726567 0.2977249
vn -0.9981844 -0.01341038 -0.05872058
vn -0.7698131 -0.4725738 -0.4290242
vn -0.1262672 -0.1740136 -0.9766144
vn -0.3880179 -0.1632248 -0.907083
vn -0.9467326 -0.01555705 -0.3216447
vn -0.978372 -0.1132158 -0.1731192
vn -0.6230943 -0.1816065 -0.760771
vn -0.9683242 -0.2310808 0.09460454
vn -0.5841918 -0.5931906 -0.5539357
vn -0.715989 -0.6979081 -0.01685513
vn -0.908535 -0.3319916 0.2536647
vn -0.689814 -0.6816587 0.2439221
vn -0.5812001 -0.6611151 0.4744821
vn -0.9156018 -0.382787 0.123075
vn -0.4641269 -0.7418417 0.484001
vn 0 -0.7133054 0.7008533
vn 0 -0.7861615 0.6180209
vn 0 -0.3230437 0.946384
vn -0.4753641 -0.3383923 0.8121081
vn -0.9454923 -0.0905178 0.3128113
vn 0 -0.7245255 0.689248
vn -0.523155 -0.6397186 0.5630888
vn 0 -0.9965868 0.08255202
vn 0 -0.9900103 -0.1409947
vn 0 -0.9900103 -0.1409947
vn 0 0.01572888 0.9998763
vn -0.8279546 -0.2503114 0.501832
vn 0 0.01572888 0.9998763
vn -0.9720661 0.01812037 0.2340067
vn -0.8389685 -0.5361773 -0.09298325
vn -0.9968277 0.01074367 -0.07886048
vn -0.8967037 -0.348008 0.2735197
vn -0.6014463 -0.7974712 0.04797763
vn -0.9741522 0.1929363 -0.117486
vn -0.7310221 0.4221063 -0.5361279
vn -0.9838449 0.1646087 -0.07037794
vn -0.7729197 -0.6205588 -0.1322944
vn -0.1173613 -0.8744831 -0.4706439
vn -0.4272541 -0.8320727 -0.3537073
vn -0.6593603 -0.7308972 -0.1761626
vn -0.9409395 0.3380797 0.0183025
vn 0.4367216 -0.8488134 -0.2979765
vn -0.2593772 0.9657294 -0.009495478
vn -0.5534968 0.7509467 -0.3601669
vn 0.5013264 0.5852888 -0.6372668
vn 0.6565248 0.7474473 -0.101478
vn 0.8052362 -0.1471464 -0.5744064
vn 0.06138843 -0.2621638 -0.9630688
vn 0.9830967 -0.08131868 -0.1640364
vn -0.6060612 -0.7663025 -0.2132379
vn -0.9383177 0.3409393 -0.05762124
vn 0.5517832 -0.8006305 -0.2335079
vn 0.9932809 0.04698975 -0.1057586
vn 0.9830967 -0.08131868 -0.1640364
vn 0.8052362 -0.1471464 -0.5744064
vn -0.1173613 -0.8744831 -0.4706439
vn 0.6475411 0.7620196 0.004071269
vn 0.9932809 0.04698975 -0.1057586
vn -0.1764202 0.9836708 0.03560402
vn -0.6867853 -0.7208284 0.09344779
vn -0.931124 0.3521113 -0.09500335
vn 0.6849501 -0.7219687 0.0980031
vn 0.9728396 0.2314514 -0.003669306
vn 0.5850837 0.8043246 0.1036292
vn 0.9728396 0.2314514 -0.003669306
vn -0.2110283 0.9751779 0.06704524
vn -0.2922311 0.9093327 0.2961673
vn 0.6045023 0.7542864 0.2561815
vn -0.9049805 0.4138288 0.09877308
vn 0.9473027 0.3128848 0.06870794
vn 0.5249211 0.8485507 -0.06648013
vn -0.3552732 0.9312416 -0.08105657
vn 0.961589 0.1984837 -0.1896074
vn -0.7811169 0.6195064 -0.07789907
vn 0.4427245 0.5848171 -0.6796939
vn -0.3316294 0.6490737 -0.6846351
vn 0.6362594 0.6028359 -0.4814175
vn -0.5943314 0.6229044 -0.5086848
vn -0.9813341 0.1900121 -0.02964251
vn -0.9991693 -0.03539989 0.0201851
vn -0.6627206 0.6406427 -0.3877865
vn 0.9570081 0.2900088 -0.005517791
vn -0.4295347 -0.6725351 0.6026578
vn 0.5556297 0.7207488 -0.4144837
vn -0.02996721 0.6232037 -0.7814853
vn -0.07782702 0.8488378 -0.5228933
vn 0.9962619 0.0699022 -0.05075446
vn 0.6008856 -0.515974 0.6104976
vn 0.9962619 0.0699022 -0.05075446
vn 0.9570081 0.2900088 -0.005517791
vn 0.9473027 0.3128848 0.06870794
vn -0.1319139 -0.3211058 0.9378111
vn -0.902816 0.0207601 0.4295256
vn -0.647507 -0.2735606 0.7112659
vn -0.2646479 -0.4577931 0.8487561
vn 0.1624611 -0.3805985 0.9103578
vn 0.5066792 -0.06984437 0.8593008
vn 0.8710988 0.4084925 0.2726183
vn 0.9858298 0.1366246 0.09733126
vn 0.5877202 -0.1070833 0.8019464
vn 0.8856812 0.4640898 -0.01376988
vn 0.6719629 -0.4320532 0.6014946
vn 0.9570278 0.2792099 -0.07835619
vn 0.4538027 -0.3837784 0.8042246
vn 0.3415131 -0.7204505 0.6035891
vn 0.6801373 -0.7148396 0.1625347
vn 0.4336405 -0.7631123 -0.4791823
vn 0.5213256 -0.6983904 -0.4903778
vn 0.758507 0.5587782 -0.3353122
vn 0.3432424 0.1910192 -0.9196176
vn 0.2924246 0.1694198 -0.9411614
vn 0.2909442 0.02304319 -0.9564626
vn 0.2570044 -0.1879703 -0.9479536
vn 0.906355 -0.3033717 -0.2940856
vn 0.1586986 -0.9850255 -0.06737658
vn -0.2241639 -0.6989267 0.6791554
vn -0.1790022 -0.8811545 -0.4376358
vn -0.8612356 -0.3475117 -0.3708219
vn -0.7039205 -0.5522003 -0.4467334
vn -0.7062637 -0.6654027 -0.2417245
vn -0.9534923 0.009670095 -0.3012621
vn -0.9073785 0.2140798 0.3617098
vn -0.7456772 0.3255595 -0.5813575
vn -0.9279081 0.3628244 -0.08570363
vn -0.6168613 0.4538379 -0.64305
vn -0.7349063 0.6136447 -0.2887093
vn -0.1087211 0.6963165 -0.7094527
vn -0.09641308 0.9036012 -0.417384
vn 0.6081516 0.7261653 -0.3206798
vn 0.4910062 0.5353641 -0.6872395
vn 0.9858298 0.1366246 0.09733126
vn 0.8710988 0.4084925 0.2726183
vn 0.758507 0.5587782 -0.3353122
vn 0.3432424 0.1910192 -0.9196176
vn -0.902816 0.0207601 0.4295256
vn 0 0.1866457 0.9824272
vn -0.1173613 -0.8744831 -0.4706439
vn -0.4272541 -0.8320727 -0.3537073
vn -0.1551691 -0.5327412 -0.8319312
vn 0.06138843 -0.2621638 -0.9630688
vn 0 -0.8535967 -0.5209345
vn -0.1658901 -0.2336102 -0.9580745
vn 0 -0.2346357 -0.9720834
vn 0 -0.4825757 -0.8758543
vn 0 -0.8535967 -0.5209345
vn -0.169348 0.110008 -0.9793976
vn 0 0.06318712 -0.9980016
vn -0.2535353 0.3291229 -0.9096141
vn -0.7310221 0.4221063 -0.5361279
vn 0 -0.9966684 -0.08156038
vn 0 -0.8535967 -0.5209345
vn 0 -0.9999447 0.01051973
vn -0.1173613 -0.8744831 -0.4706439
vn 0.06138843 -0.2621638 -0.9630688
vn 0.8052362 -0.1471464 -0.5744064
vn 0.2924246 0.1694198 -0.9411614
vn 0.4336405 -0.7631123 -0.4791823
vn 0.2909442 0.02304319 -0.9564626
vn 0.2570044 -0.1879703 -0.9479536
vn 0.3432424 0.1910192 -0.9196176
vn 0.01516565 -0.2145985 -0.9765846
vn 0.5213256 -0.6983904 -0.4903778
vn 0.1586986 -0.9850255 -0.06737658
vn -0.1790022 -0.8811545 -0.4376358
vn -0.8612356 -0.3475117 -0.3708219
vn -0.7039205 -0.5522003 -0.4467334
vn -0.2505137 -0.1076484 -0.9621095
vn -0.7062637 -0.6654027 -0.2417245
vn -0.9534923 0.009670095 -0.3012621
vn -0.7456772 0.3255595 -0.5813575
vn -0.1968955 0.1023995 -0.9750624
vn -0.6168613 0.4538379 -0.64305
vn -0.1087211 0.6963165 -0.7094527
vn 0.4910062 0.5353641 -0.6872395
vn -0.4736236 -0.5473821 -0.6899663
vn -0.8338365 -0.4998698 -0.2341941
vn -0.9144099 -0.3458064 -0.2104105
vn 0.06514893 -0.8439379 -0.5324703
vn -0.9958157 -0.06371117 -0.06551335
vn -0.9874539 -0.05847772 0.1466805
vn -0.7901376 0.6084766 0.07374817
vn -0.723665 0.6063163 0.3296811
vn 0.2134096 0.9760541 0.04212688
vn 0.08993118 0.9959311 0.005812138
vn -0.5432777 -0.6553016 -0.5248134
vn -0.9797632 0.2001492 0.002076708
vn 0.03680934 -0.4325828 -0.9008424
vn 0.5933781 -0.5823356 -0.5556867
vn 0.5288699 -0.1165156 -0.8406668
vn 0.8113634 -0.4560073 -0.3657143
vn 0.9515858 0.303065 -0.05134202
vn 0.8951524 0.3670321 -0.2529618
vn -0.588192 -0.5828055 -0.5606852
vn 0.6113597 -0.5221236 -0.5946648
vn 0.8951524 0.3670321 -0.2529618
vn -0.08198719 0.9130509 0.3995197
vn 0.9515858 0.303065 -0.05134202
vn -0.009986299 0.7239855 0.6897428
vn 0.9733234 0.2287513 0.0177298
vn 0.04488067 0.7737785 0.6318643
vn 0.9272612 0.2501991 0.2785443
vn -0.02459157 0.9802209 0.1963729
vn 0.964857 0.2439105 0.09776735
vn -0.0452583 0.9950335 -0.08865582
vn 0.9254789 0.3687511 -0.08666901
vn 0.001737511 0.9906309 -0.1365552
vn -0.9549603 0.2964145 -0.01375543
vn -0.9815809 0.1792348 -0.06613454
vn -0.02459157 0.9802209 0.1963729
vn -0.4860332 -0.8607931 0.1510196
vn -0.4840119 -0.8634804 -0.1418943
vn -0.9843416 -0.00682583 0.1761395
vn -0.593176 -0.739778 -0.3176015
vn -0.02459157 0.9802209 0.1963729
vn 0.6077091 -0.779126 -0.1537933
vn 0.6826191 -0.6323832 -0.3662274
vn 0.9254789 0.3687511 -0.08666901
vn 0.964857 0.2439105 0.09776735
vn 0.9144458 0.4031655 -0.0353048
vn 0.9144458 0.4031655 -0.0353048
vn 0.6417166 -0.7624725 0.08267768
vn -0.5795914 -0.5441663 -0.6065946
vn 0.4457907 -0.4910038 -0.7484556
vn -0.6000423 -0.5075493 -0.6183388
vn -0.9788967 0.1334917 0.1547299
vn -0.5748836 -0.5362185 -0.6180441
vn -0.08198719 0.9130509 0.3995197
vn 0.2134096 0.9760541 0.04212688
vn -0.009986299 0.7239855 0.6897428
vn 0.6050078 -0.4215076 -0.6754975
vn 0.5982661 -0.4740581 -0.6460238
vn 0.9733234 0.2287513 0.0177298
vn -0.9509764 -0.0366761 0.3070807
vn 0.04488067 0.7737785 0.6318643
vn 0.9644939 -0.2219947 -0.1430724
vn 0.9272612 0.2501991 0.2785443
vn 0 0.5278577 -0.8493328
vn 0 0.8496999 -0.5272666
vn 0.7683309 0.3627259 -0.5273496
vn 0 0.5278577 -0.8493328
vn 0 0.1593785 -0.9872176
vn 0 0.5278577 -0.8493328
vn 0.7683309 0.3627259 -0.5273496
vn -0.6167138 -0.599335 0.5103545
vn -0.9069785 0.4151258 -0.071138
vn 0.08100483 0.9468068 -0.3114403
vn 0.946228 0.3211625 -0.03882457
vn 0.6617098 -0.576466 0.479403
vn 0.946228 0.3211625 -0.03882457
vn -0.4154758 -0.2473646 0.8753232
vn -0.9204881 0.08798639 0.3807361
vn 0.8854599 0.457889 -0.07936318
vn 0.5960657 -0.1035403 0.7962318
vn 0.1238072 0.9168161 -0.3796315
vn 0.8309177 0.0268231 0.5557485
vn 0.8869887 0.4373734 -0.1481738
vn 0.3535236 -0.4092884 0.8411326
vn 0.3164474 -0.2486895 0.9154314
vn 0.5549163 -0.5945733 0.5818509
vn 0.7154388 -0.6799223 0.1607882
vn 0.4524783 -0.8880882 -0.08101238
vn 0.6108117 -0.3766999 0.696424
vn 0.3654486 -0.5071009 0.7805741
vn -0.1039241 -0.2884097 0.9518506
vn 0.8725752 -0.4106815 0.2644868
vn -0.2313839 -0.5465772 0.8048074
vn 0.159381 -0.9496882 0.2696112
vn 0.4282948 0.2630017 -0.8645193
vn 0.3926263 0.1223832 -0.9115191
vn 0.3088048 -0.145127 -0.9399881
vn 0.2658213 -0.5121109 -0.8167505
vn 0.9214792 -0.1979094 -0.3342271
vn 0.7015896 -0.2306305 -0.6742266
vn -0.3068828 -0.8965911 0.3192923
vn 0.4130294 -0.9030014 -0.1183007
vn -0.8214596 -0.5611024 -0.1018246
vn -0.9035076 -0.3824534 0.1934001
vn -0.6116692 -0.4997093 0.6133119
vn -0.5775669 -0.2091629 0.7890928
vn -0.9769402 0.04494455 0.2087292
vn -0.819669 -0.4755821 -0.3193187
vn -0.9063466 0.2504856 0.3402831
vn -0.7540826 0.236923 -0.6125577
vn -0.8046838 0.3910388 -0.4467356
vn -0.7233238 0.6660815 -0.1820386
vn -0.5582321 0.5973932 -0.5757588
vn 0.2634205 0.9202995 -0.2892376
vn 0.2507638 0.736634 -0.6280827
vn 0.8854599 0.457889 -0.07936318
vn 0.4282948 0.2630017 -0.8645193
vn -0.7354411 0.563531 -0.3762434
vn -0.9958701 0.008640864 -0.09037789
vn -0.6208778 0.5836102 0.5233639
vn 0 -0.9900103 -0.1409947
vn 0 -0.7196882 -0.6942974
vn 0 -0.1726785 -0.9849783
vn 0.4283985 -0.5159164 0.7418255
vn 0.8182694 0.5702797 0.07222318
vn 0.7043909 -0.6953097 -0.1427511
vn 0.138034 0.3062097 0.9419035
vn -0.1131694 0.7286109 0.6755137
vn 0.1922226 -0.4116422 0.890843
vn -0.6085657 -0.7512919 0.2553594
vn -0.8279546 -0.2503114 0.501832
vn -0.3943715 0.7865377 0.4752153
vn 0.4283985 -0.5159164 0.7418255
vn -0.8294308 0.4726567 0.2977249
vn 0.138034 0.3062097 0.9419035
vn -0.4173056 0.8516383 0.317125
vn -0.1131694 0.7286109 0.6755137
vn 0.8182694 0.5702797 0.07222318
vn -0.8294308 0.4726567 0.2977249
vn -0.3943715 0.7865377 0.4752153
vn 0.138034 0.3062097 0.9419035
vn -0.4602219 -0.4024345 -0.7913547
vn 0 -0.8540704 -0.5201575
vn 0 -0.9916757 0.1287602
vn -0.4668295 -0.8836987 0.0338642
vn -0.6043236 -0.5626134 -0.5641447
vn -0.4526343 0.045143 -0.8905529
vn -0.5378736 -0.0553492 -0.8412066
vn 0 0.2492147 -0.9684483
vn 0 -0.727348 -0.6862689
vn 0 -0.09489808 -0.995487
vn 0 0.2492147 -0.9684483
vn 0.03680934 -0.4325828 -0.9008424
vn 0.5288699 -0.1165156 -0.8406668
vn 0 0.2492147 -0.9684483
vn 0 0.1593785 -0.9872176
vn -0.2535353 0.3291229 -0.9096141
vn 0.3926263 0.1223832 -0.9115191
vn 0.3088048 -0.145127 -0.9399881
vn 0.2658213 -0.5121109 -0.8167505
vn 0.4282948 0.2630017 -0.8645193
vn 0.1615127 0.02902589 -0.9864438
vn 0.7015896 -0.2306305 -0.6742266
vn 0.1300672 -0.434966 -0.8910035
vn -0.3027911 -0.1696885 -0.9378291
vn 0.4130294 -0.9030014 -0.1183007
vn 0.159381 -0.9496882 0.2696112
vn -0.2031632 -0.7017769 -0.6828133
vn -0.9035076 -0.3824534 0.1934001
vn -0.8214596 -0.5611024 -0.1018246
vn -0.3068828 -0.8965911 0.3192923
vn -0.2746724 -0.130436 -0.9526497
vn -0.819669 -0.4755821 -0.3193187
vn -0.7540826 0.236923 -0.6125577
vn -0.2601253 0.1573954 -0.9526603
vn -0.8046838 0.3910388 -0.4467356
vn -0.5582321 0.5973932 -0.5757588
vn 0.2507638 0.736634 -0.6280827
g NPC_Dog_0
f 3/3/3 2/2/2 1/1/1
f 4/4/4 1/1/1 2/2/2
f 1/1/1 4/4/4 5/5/5
f 6/6/6 5/5/5 4/4/4
f 2/2/2 3/3/3 7/7/7
f 4/4/4 8/8/8 6/6/6
f 9/9/9 6/6/6 8/8/8
f 4/4/4 10/10/10 8/8/8
f 2/2/2 10/10/10 4/4/4
f 11/11/11 8/8/8 10/10/10
f 11/11/11 10/10/10 12/12/12
f 13/13/13 12/12/12 10/10/10
f 10/10/10 14/14/14 13/13/13
f 10/10/10 2/2/2 14/14/14
f 7/7/7 14/14/14 2/2/2
f 7/7/7 15/15/15 14/14/14
f 11/11/11 16/16/16 8/8/8
f 17/17/17 8/8/8 16/16/16
f 11/11/11 18/18/18 16/16/16
f 12/12/12 18/18/18 11/11/11
f 19/19/19 16/16/16 18/18/18
f 9/9/9 8/8/8 20/20/20
f 17/17/17 20/20/20 8/8/8
f 21/21/21 16/16/16 19/19/19
f 17/17/17 16/16/16 22/22/22
f 23/23/23 22/22/22 16/16/16
f 16/16/16 21/21/21 23/23/23
f 21/21/21 24/24/24 23/23/23
f 25/25/25 24/24/24 21/21/21
f 22/22/22 26/26/26 17/17/17
f 20/20/20 17/17/17 26/26/26
f 24/24/24 27/27/27 23/23/23
f 22/22/22 23/23/23 27/27/27
f 22/22/22 27/27/27 28/28/28
f 29/29/29 28/28/28 27/27/27
f 28/28/28 29/29/29 30/30/30
f 31/31/31 30/30/30 29/29/29
f 26/26/26 22/22/22 32/32/32
f 33/33/33 32/32/32 22/22/22
f 28/28/28 33/33/33 22/22/22
f 28/28/28 34/34/34 33/33/33
f 30/30/30 34/34/34 28/28/28
f 34/34/34 30/30/30 35/35/35
f 36/36/36 35/35/35 30/30/30
f 36/36/36 30/30/30 37/37/37
f 33/33/33 38/38/38 32/32/32
f 39/39/39 32/32/32 38/38/38
f 34/34/34 40/40/40 33/33/33
f 38/38/38 33/33/33 40/40/40
f 38/38/38 41/41/41 39/39/39
f 40/40/40 42/42/42 38/38/38
f 41/41/41 38/38/38 42/42/42
f 31/31/31 43/43/43 30/30/30
f 37/37/37 30/30/30 43/43/43
f 40/40/40 44/44/44 42/42/42
f 45/45/45 44/44/44 40/40/40
f 35/35/35 45/45/45 46/46/46
f 40/40/40 46/46/46 45/45/45
f 48/48/48 47/47/47 42/42/42
f 50/50/50 47/47/47 49/49/49
f 53/53/53 52/52/52 51/51/51
f 54/54/54 51/51/51 52/52/52
f 51/51/51 55/55/55 53/53/53
f 56/56/56 53/53/53 55/55/55
f 56/56/56 55/55/55 57/57/57
f 58/58/58 57/57/57 55/55/55
f 51/51/51 59/59/59 55/55/55
f 60/60/60 55/55/55 59/59/59
f 58/58/58 55/55/55 60/60/60
f 54/54/54 61/61/61 51/51/51
f 59/59/59 51/51/51 61/61/61
f 62/62/62 58/58/58 60/60/60
f 61/61/61 63/63/63 59/59/59
f 64/64/64 59/59/59 63/63/63
f 64/64/64 63/63/63 65/65/65
f 66/66/66 65/65/65 63/63/63
f 65/65/65 66/66/66 67/67/67
f 68/68/68 67/67/67 66/66/66
f 59/59/59 64/64/64 69/69/69
f 59/59/59 69/69/69 70/70/70
f 59/59/59 70/70/70 71/71/71
f 62/62/62 71/71/71 72/72/72
f 73/73/73 72/72/72 71/71/71
f 73/73/73 74/74/74 72/72/72
f 73/73/73 71/71/71 75/75/75
f 73/73/73 75/75/75 74/74/74
f 75/75/75 71/71/71 70/70/70
f 75/75/75 76/76/76 74/74/74
f 77/77/77 74/74/74 76/76/76
f 78/78/78 77/77/77 76/76/76
f 70/70/70 78/78/78 75/75/75
f 76/76/76 75/75/75 78/78/78
f 77/77/77 78/78/78 79/79/79
f 80/80/80 79/79/79 78/78/78
f 78/78/78 81/81/81 80/80/80
f 78/78/78 70/70/70 81/81/81
f 82/82/82 80/80/80 81/81/81
f 81/81/81 83/83/83 82/82/82
f 81/81/81 84/84/84 83/83/83
f 84/84/84 81/81/81 70/70/70
f 85/85/85 83/83/83 84/84/84
f 83/83/83 85/85/85 86/86/86
f 87/87/87 86/86/86 85/85/85
f 87/87/87 85/85/85 88/88/88
f 89/89/89 88/88/88 85/85/85
f 89/89/89 85/85/85 84/84/84
f 84/84/84 90/90/90 89/89/89
f 86/86/86 91/91/91 83/83/83
f 92/92/92 83/83/83 91/91/91
f 92/92/92 82/82/82 83/83/83
f 91/91/91 93/93/93 92/92/92
f 82/82/82 92/92/92 93/93/93
f 93/93/93 94/94/94 82/82/82
f 80/80/80 82/82/82 95/95/95
f 88/88/88 89/89/89 96/96/96
f 90/90/90 84/84/84 70/70/70
f 70/70/70 69/69/69 90/90/90
f 90/90/90 97/97/97 89/89/89
f 69/69/69 97/97/97 90/90/90
f 67/67/67 89/89/89 97/97/97
f 67/67/67 98/98/98 89/89/89
f 101/101/101 100/100/100 99/99/99
f 102/102/102 99/99/99 100/100/100
f 101/101/101 103/103/103 100/100/100
f 104/104/104 99/99/99 102/102/102
f 102/102/102 105/105/105 104/104/104
f 102/102/102 100/100/100 106/106/106
f 102/102/102 106/106/106 105/105/105
f 107/107/107 106/106/106 100/100/100
f 107/107/107 100/100/100 108/108/108
f 109/109/109 108/108/108 100/100/100
f 103/103/103 109/109/109 100/100/100
f 107/107/107 110/110/110 106/106/106
f 111/111/111 106/106/106 110/110/110
f 108/108/108 112/112/112 107/107/107
f 110/110/110 107/107/107 112/112/112
f 111/111/111 113/113/113 106/106/106
f 114/114/114 106/106/106 113/113/113
f 114/114/114 105/105/105 106/106/106
f 114/114/114 113/113/113 115/115/115
f 116/116/116 115/115/115 113/113/113
f 115/115/115 116/116/116 117/117/117
f 115/115/115 117/117/117 118/118/118
f 119/119/119 117/117/117 116/116/116
f 110/110/110 120/120/120 111/111/111
f 121/121/121 111/111/111 120/120/120
f 111/111/111 121/121/121 113/113/113
f 112/112/112 122/122/122 110/110/110
f 120/120/120 110/110/110 122/122/122
f 122/122/122 112/112/112 123/123/123
f 124/124/124 123/123/123 112/112/112
f 124/124/124 112/112/112 125/125/125
f 126/126/126 125/125/125 112/112/112
f 116/116/116 127/127/127 119/119/119
f 128/128/128 119/119/119 127/127/127
f 129/129/129 113/113/113 121/121/121
f 127/127/127 116/116/116 129/129/129
f 113/113/113 129/129/129 116/116/116
f 120/120/120 130/130/130 121/121/121
f 131/131/131 121/121/121 130/130/130
f 121/121/121 131/131/131 129/129/129
f 122/122/122 132/132/132 120/120/120
f 130/130/130 120/120/120 132/132/132
f 123/123/123 133/133/133 122/122/122
f 132/132/132 122/122/122 133/133/133
f 127/127/127 134/134/134 128/128/128
f 135/135/135 128/128/128 134/134/134
f 136/136/136 129/129/129 131/131/131
f 129/129/129 136/136/136 127/127/127
f 134/134/134 127/127/127 136/136/136
f 136/136/136 137/137/137 134/134/134
f 138/138/138 134/134/134 137/137/137
f 137/137/137 136/136/136 139/139/139
f 131/131/131 139/139/139 136/136/136
f 131/131/131 130/130/130 139/139/139
f 135/135/135 134/134/134 140/140/140
f 138/138/138 140/140/140 134/134/134
f 138/138/138 137/137/137 141/141/141
f 142/142/142 141/141/141 137/137/137
f 137/137/137 139/139/139 142/142/142
f 140/140/140 138/138/138 143/143/143
f 141/141/141 143/143/143 138/138/138
f 144/144/144 142/142/142 139/139/139
f 141/141/141 142/142/142 145/145/145
f 141/141/141 145/145/145 143/143/143
f 146/146/146 145/145/145 142/142/142
f 147/147/147 143/143/143 145/145/145
f 143/143/143 147/147/147 140/140/140
f 144/144/144 148/148/148 142/142/142
f 146/146/146 142/142/142 148/148/148
f 148/148/148 144/144/144 149/149/149
f 139/139/139 149/149/149 144/144/144
f 149/149/149 150/150/150 148/148/148
f 151/151/151 148/148/148 150/150/150
f 130/130/130 149/149/149 139/139/139
f 152/152/152 140/140/140 147/147/147
f 130/130/130 153/153/153 149/149/149
f 150/150/150 149/149/149 153/153/153
f 147/147/147 154/154/154 152/152/152
f 147/147/147 155/155/155 154/154/154
f 148/148/148 151/151/151 155/155/155
f 155/155/155 147/147/147 145/145/145
f 148/148/148 155/155/155 146/146/146
f 155/155/155 145/145/145 146/146/146
f 156/156/156 154/154/154 155/155/155
f 156/156/156 155/155/155 151/151/151
f 157/157/157 152/152/152 154/154/154
f 153/153/153 130/130/130 158/158/158
f 132/132/132 158/158/158 130/130/130
f 158/158/158 132/132/132 159/159/159
f 160/160/160 159/159/159 132/132/132
f 132/132/132 161/161/161 160/160/160
f 133/133/133 161/161/161 132/132/132
f 153/153/153 162/162/162 150/150/150
f 153/153/153 158/158/158 162/162/162
f 163/163/163 150/150/150 162/162/162
f 162/162/162 164/164/164 163/163/163
f 164/164/164 162/162/162 165/165/165
f 166/166/166 165/165/165 162/162/162
f 162/162/162 167/167/167 166/166/166
f 167/167/167 162/162/162 158/158/158
f 167/167/167 158/158/158 168/168/168
f 169/169/169 168/168/168 158/158/158
f 159/159/159 169/169/169 158/158/158
f 167/167/167 168/168/168 170/170/170
f 171/171/171 170/170/170 168/168/168
f 170/170/170 171/171/171 172/172/172
f 173/173/173 172/172/172 171/171/171
f 174/174/174 166/166/166 167/167/167
f 170/170/170 174/174/174 167/167/167
f 166/166/166 174/174/174 175/175/175
f 166/166/166 175/175/175 165/165/165
f 170/170/170 172/172/172 176/176/176
f 176/176/176 175/175/175 174/174/174
f 170/170/170 176/176/176 174/174/174
f 177/177/177 176/176/176 172/172/172
f 176/176/176 178/178/178 175/175/175
f 168/168/168 179/179/179 171/171/171
f 179/179/179 180/180/180 171/171/171
f 181/181/181 171/171/171 180/180/180
f 171/171/171 181/181/181 173/173/173
f 182/182/182 173/173/173 181/181/181
f 183/183/183 176/176/176 177/177/177
f 183/183/183 178/178/178 176/176/176
f 184/184/184 172/172/172 173/173/173
f 173/173/173 182/182/182 184/184/184
f 182/182/182 177/177/177 184/184/184
f 177/177/177 172/172/172 184/184/184
f 185/185/185 175/175/175 178/178/178
f 185/185/185 165/165/165 175/175/175
f 186/186/186 165/165/165 185/185/185
f 187/187/187 186/186/186 185/185/185
f 188/188/188 186/186/186 187/187/187
f 186/186/186 188/188/188 189/189/189
f 165/165/165 186/186/186 164/164/164
f 189/189/189 164/164/164 186/186/186
f 189/189/189 190/190/190 164/164/164
f 191/191/191 164/164/164 190/190/190
f 191/191/191 192/192/192 164/164/164
f 192/192/192 191/191/191 193/193/193
f 192/192/192 163/163/163 164/164/164
f 163/163/163 192/192/192 194/194/194
f 193/193/193 194/194/194 192/192/192
f 195/195/195 194/194/194 193/193/193
f 194/194/194 195/195/195 196/196/196
f 194/194/194 196/196/196 163/163/163
f 195/195/195 197/197/197 196/196/196
f 198/198/198 196/196/196 197/197/197
f 198/198/198 197/197/197 199/199/199
f 200/200/200 199/199/199 197/197/197
f 199/199/199 200/200/200 201/201/201
f 202/202/202 201/201/201 200/200/200
f 203/203/203 202/202/202 200/200/200
f 204/204/204 203/203/203 200/200/200
f 198/198/198 156/156/156 196/196/196
f 198/198/198 199/199/199 156/156/156
f 151/151/151 196/196/196 156/156/156
f 150/150/150 196/196/196 151/151/151
f 150/150/150 205/205/205 196/196/196
f 154/154/154 156/156/156 199/199/199
f 154/154/154 199/199/199 157/157/157
f 201/201/201 157/157/157 199/199/199
f 15/15/15 7/7/7 206/206/206
f 206/206/206 207/207/207 15/15/15
f 15/15/15 207/207/207 208/208/208
f 209/209/209 208/208/208 207/207/207
f 7/7/7 3/3/3 206/206/206
f 210/210/210 206/206/206 3/3/3
f 208/208/208 212/212/212 211/211/211
f 212/212/212 213/213/213 211/211/211
f 208/208/208 214/214/214 212/212/212
f 215/215/215 213/213/213 212/212/212
f 215/215/215 212/212/212 216/216/216
f 217/217/217 216/216/216 212/212/212
f 217/217/217 212/212/212 218/218/218
f 215/215/215 216/216/216 219/219/219
f 219/219/219 213/213/213 215/215/215
f 220/220/220 219/219/219 216/216/216
f 219/219/219 220/220/220 221/221/221
f 219/219/219 221/221/221 222/222/222
f 222/222/222 213/213/213 219/219/219
f 222/222/222 221/221/221 223/223/223
f 18/18/18 223/223/223 221/221/221
f 18/18/18 221/221/221 19/19/19
f 224/224/224 19/19/19 221/221/221
f 19/19/19 224/224/224 21/21/21
f 225/225/225 21/21/21 224/224/224
f 221/221/221 226/226/226 224/224/224
f 226/226/226 221/221/221 220/220/220
f 227/227/227 224/224/224 226/226/226
f 224/224/224 227/227/227 225/225/225
f 228/228/228 225/225/225 227/227/227
f 21/21/21 225/225/225 25/25/25
f 229/229/229 25/25/25 225/225/225
f 229/229/229 225/225/225 230/230/230
f 228/228/228 230/230/230 225/225/225
f 230/230/230 231/231/231 229/229/229
f 232/232/232 229/229/229 231/231/231
f 232/232/232 233/233/233 229/229/229
f 232/232/232 231/231/231 233/233/233
f 229/229/229 233/233/233 234/234/234
f 235/235/235 234/234/234 233/233/233
f 234/234/234 235/235/235 236/236/236
f 237/237/237 233/233/233 231/231/231
f 233/233/233 237/237/237 235/235/235
f 238/238/238 235/235/235 237/237/237
f 238/238/238 239/239/239 235/235/235
f 25/25/25 229/229/229 240/240/240
f 234/234/234 240/240/240 229/229/229
f 241/241/241 240/240/240 234/234/234
f 234/234/234 242/242/242 241/241/241
f 243/243/243 241/241/241 242/242/242
f 246/246/246 245/245/245 244/244/244
f 249/249/249 248/248/248 247/247/247
f 250/250/250 247/247/247 248/248/248
f 247/247/247 251/251/251 249/249/249
f 252/252/252 249/249/249 251/251/251
f 249/249/249 252/252/252 253/253/253
f 253/253/253 252/252/252 254/254/254
f 254/254/254 252/252/252 255/255/255
f 255/255/255 252/252/252 256/256/256
f 257/257/257 256/256/256 252/252/252
f 257/257/257 252/252/252 258/258/258
f 257/257/257 258/258/258 259/259/259
f 260/260/260 259/259/259 258/258/258
f 260/260/260 258/258/258 261/261/261
f 252/252/252 262/262/262 258/258/258
f 261/261/261 258/258/258 262/262/262
f 251/251/251 262/262/262 252/252/252
f 261/261/261 262/262/262 263/263/263
f 262/262/262 264/264/264 263/263/263
f 251/251/251 264/264/264 262/262/262
f 251/251/251 265/265/265 264/264/264
f 268/268/268 267/267/267 266/266/266
f 269/269/269 266/266/266 267/267/267
f 267/267/267 270/270/270 269/269/269
f 271/271/271 269/269/269 270/270/270
f 270/270/270 272/272/272 271/271/271
f 273/273/273 271/271/271 272/272/272
f 272/272/272 274/274/274 273/273/273
f 275/275/275 273/273/273 274/274/274
f 267/267/267 276/276/276 270/270/270
f 268/268/268 276/276/276 267/267/267
f 277/277/277 270/270/270 276/276/276
f 272/272/272 277/277/277 274/274/274
f 270/270/270 277/277/277 272/272/272
f 278/278/278 268/268/268 266/266/266
f 279/279/279 276/276/276 268/268/268
f 278/278/278 280/280/280 268/268/268
f 281/281/281 268/268/268 280/280/280
f 281/281/281 279/279/279 268/268/268
f 279/279/279 281/281/281 282/282/282
f 283/283/283 282/282/282 281/281/281
f 281/281/281 280/280/280 283/283/283
f 276/276/276 284/284/284 277/277/277
f 282/282/282 285/285/285 279/279/279
f 279/279/279 285/285/285 276/276/276
f 284/284/284 276/276/276 285/285/285
f 274/274/274 286/286/286 275/275/275
f 274/274/274 287/287/287 286/286/286
f 288/288/288 286/286/286 287/287/287
f 287/287/287 289/289/289 288/288/288
f 290/290/290 288/288/288 289/289/289
f 289/289/289 291/291/291 290/290/290
f 292/292/292 290/290/290 291/291/291
f 291/291/291 293/293/293 292/292/292
f 294/294/294 292/292/292 293/293/293
f 293/293/293 295/295/295 294/294/294
f 296/296/296 294/294/294 295/295/295
f 295/295/295 297/297/297 296/296/296
f 297/297/297 295/295/295 298/298/298
f 299/299/299 298/298/298 295/295/295
f 295/295/295 300/300/300 299/299/299
f 298/298/298 299/299/299 301/301/301
f 302/302/302 301/301/301 299/299/299
f 299/299/299 303/303/303 302/302/302
f 304/304/304 302/302/302 303/303/303
f 303/303/303 299/299/299 305/305/305
f 302/302/302 304/304/304 306/306/306
f 307/307/307 306/306/306 304/304/304
f 306/306/306 307/307/307 308/308/308
f 309/309/309 308/308/308 307/307/307
f 310/310/310 296/296/296 297/297/297
f 308/308/308 311/311/311 306/306/306
f 312/312/312 306/306/306 311/311/311
f 306/306/306 312/312/312 302/302/302
f 301/301/301 302/302/302 312/312/312
f 304/304/304 313/313/313 307/307/307
f 314/314/314 307/307/307 313/313/313
f 313/313/313 315/315/315 314/314/314
f 315/315/315 313/313/313 316/316/316
f 316/316/316 277/277/277 315/315/315
f 317/317/317 315/315/315 277/277/277
f 277/277/277 316/316/316 318/318/318
f 318/318/318 319/319/319 277/277/277
f 320/320/320 318/318/318 316/316/316
f 315/315/315 317/317/317 321/321/321
f 321/321/321 314/314/314 315/315/315
f 322/322/322 321/321/321 317/317/317
f 321/321/321 322/322/322 323/323/323
f 282/282/282 323/323/323 322/322/322
f 324/324/324 316/316/316 313/313/313
f 316/316/316 324/324/324 320/320/320
f 325/325/325 320/320/320 324/324/324
f 323/323/323 326/326/326 321/321/321
f 314/314/314 321/321/321 326/326/326
f 327/327/327 326/326/326 323/323/323
f 326/326/326 307/307/307 314/314/314
f 327/327/327 309/309/309 326/326/326
f 307/307/307 326/326/326 309/309/309
f 324/324/324 303/303/303 325/325/325
f 305/305/305 325/325/325 303/303/303
f 303/303/303 324/324/324 304/304/304
f 313/313/313 304/304/304 324/324/324
f 282/282/282 322/322/322 285/285/285
f 285/285/285 322/322/322 284/284/284
f 317/317/317 284/284/284 322/322/322
f 284/284/284 317/317/317 277/277/277
f 329/329/329 328/328/328 275/275/275
f 330/330/330 275/275/275 328/328/328
f 329/329/329 275/275/275 286/286/286
f 332/332/332 280/280/280 331/331/331
f 332/332/332 283/283/283 280/280/280
f 334/334/334 333/333/333 280/280/280
f 301/301/301 335/335/335 298/298/298
f 336/336/336 298/298/298 335/335/335
f 298/298/298 336/336/336 297/297/297
f 337/337/337 297/297/297 336/336/336
f 297/297/297 337/337/337 310/310/310
f 338/338/338 310/310/310 337/337/337
f 335/335/335 301/301/301 339/339/339
f 312/312/312 339/339/339 301/301/301
f 339/339/339 312/312/312 340/340/340
f 311/311/311 340/340/340 312/312/312
f 335/335/335 341/341/341 336/336/336
f 335/335/335 339/339/339 341/341/341
f 342/342/342 336/336/336 341/341/341
f 340/340/340 343/343/343 339/339/339
f 344/344/344 339/339/339 343/343/343
f 344/344/344 341/341/341 339/339/339
f 345/345/345 337/337/337 336/336/336
f 337/337/337 345/345/345 338/338/338
f 344/344/344 343/343/343 346/346/346
f 347/347/347 346/346/346 343/343/343
f 346/346/346 348/348/348 344/344/344
f 349/349/349 344/344/344 348/348/348
f 350/350/350 348/348/348 346/346/346
f 348/348/348 350/350/350 351/351/351
f 352/352/352 351/351/351 350/350/350
f 348/348/348 353/353/353 349/349/349
f 348/348/348 351/351/351 353/353/353
f 353/353/353 354/354/354 349/349/349
f 355/355/355 349/349/349 354/354/354
f 341/341/341 344/344/344 355/355/355
f 349/349/349 355/355/355 344/344/344
f 353/353/353 356/356/356 354/354/354
f 351/351/351 356/356/356 353/353/353
f 355/355/355 354/354/354 357/357/357
f 357/357/357 354/354/354 358/358/358
f 343/343/343 359/359/359 347/347/347
f 360/360/360 347/347/347 359/359/359
f 351/351/351 352/352/352 361/361/361
f 362/362/362 361/361/361 352/352/352
f 363/363/363 362/362/362 352/352/352
f 360/360/360 362/362/362 363/363/363
f 352/352/352 350/350/350 363/363/363
f 350/350/350 346/346/346 363/363/363
f 363/363/363 346/346/346 347/347/347
f 347/347/347 360/360/360 363/363/363
f 361/361/361 364/364/364 351/351/351
f 356/356/356 351/351/351 364/364/364
f 365/365/365 357/357/357 358/358/358
f 354/354/354 366/366/366 358/358/358
f 356/356/356 366/366/366 354/354/354
f 356/356/356 364/364/364 366/366/366
f 357/357/357 365/365/365 367/367/367
f 368/368/368 367/367/367 365/365/365
f 357/357/357 367/367/367 369/369/369
f 369/369/369 370/370/370 357/357/357
f 369/369/369 371/371/371 370/370/370
f 371/371/371 369/369/369 372/372/372
f 369/369/369 367/367/367 372/372/372
f 373/373/373 370/370/370 371/371/371
f 355/355/355 357/357/357 370/370/370
f 372/372/372 374/374/374 371/371/371
f 373/373/373 371/371/371 375/375/375
f 374/374/374 375/375/375 371/371/371
f 355/355/355 370/370/370 341/341/341
f 373/373/373 342/342/342 370/370/370
f 341/341/341 370/370/370 342/342/342
f 342/342/342 373/373/373 376/376/376
f 375/375/375 376/376/376 373/373/373
f 377/377/377 376/376/376 375/375/375
f 376/376/376 377/377/377 378/378/378
f 379/379/379 378/378/378 377/377/377
f 378/378/378 379/379/379 380/380/380
f 381/381/381 380/380/380 379/379/379
f 342/342/342 376/376/376 336/336/336
f 376/376/376 378/378/378 336/336/336
f 345/345/345 336/336/336 378/378/378
f 345/345/345 378/378/378 338/338/338
f 380/380/380 338/338/338 378/378/378
f 384/384/384 383/383/383 382/382/382
f 384/384/384 382/382/382 385/385/385
f 386/386/386 382/382/382 383/383/383
f 388/388/388 387/387/387 386/386/386
f 388/388/388 390/390/390 389/389/389
f 392/392/392 389/389/389 391/391/391
f 391/391/391 393/393/393 392/392/392
f 393/393/393 391/391/391 394/394/394
f 395/395/395 394/394/394 391/391/391
f 395/395/395 396/396/396 394/394/394
f 397/397/397 394/394/394 396/396/396
f 396/396/396 398/398/398 397/397/397
f 398/398/398 396/396/396 399/399/399
f 398/398/398 399/399/399 400/400/400
f 401/401/401 400/400/400 399/399/399
f 401/401/401 402/402/402 400/400/400
f 403/403/403 400/400/400 402/402/402
f 403/403/403 404/404/404 400/400/400
f 404/404/404 403/403/403 405/405/405
f 406/406/406 405/405/405 403/403/403
f 403/403/403 407/407/407 406/406/406
f 402/402/402 407/407/407 403/403/403
f 408/408/408 406/406/406 407/407/407
f 408/408/408 407/407/407 409/409/409
f 410/410/410 400/400/400 404/404/404
f 401/401/401 411/411/411 402/402/402
f 412/412/412 402/402/402 411/411/411
f 413/413/413 402/402/402 412/412/412
f 409/409/409 407/407/407 413/413/413
f 402/402/402 413/413/413 407/407/407
f 414/414/414 409/409/409 413/413/413
f 401/401/401 399/399/399 415/415/415
f 415/415/415 411/411/411 401/401/401
f 416/416/416 415/415/415 399/399/399
f 399/399/399 417/417/417 416/416/416
f 409/409/409 414/414/414 418/418/418
f 409/409/409 418/418/418 408/408/408
f 416/416/416 417/417/417 419/419/419
f 420/420/420 419/419/419 417/417/417
f 415/415/415 416/416/416 421/421/421
f 419/419/419 421/421/421 416/416/416
f 421/421/421 419/419/419 422/422/422
f 423/423/423 422/422/422 419/419/419
f 419/419/419 420/420/420 423/423/423
f 424/424/424 423/423/423 420/420/420
f 417/417/417 425/425/425 420/420/420
f 426/426/426 425/425/425 417/417/417
f 426/426/426 417/417/417 427/427/427
f 417/417/417 399/399/399 427/427/427
f 427/427/427 399/399/399 396/396/396
f 396/396/396 428/428/428 427/427/427
f 426/426/426 427/427/427 428/428/428
f 396/396/396 429/429/429 428/428/428
f 430/430/430 428/428/428 429/429/429
f 429/429/429 431/431/431 430/430/430
f 432/432/432 430/430/430 431/431/431
f 395/395/395 429/429/429 396/396/396
f 433/433/433 429/429/429 395/395/395
f 433/433/433 431/431/431 429/429/429
f 433/433/433 434/434/434 431/431/431
f 435/435/435 431/431/431 434/434/434
f 431/431/431 435/435/435 436/436/436
f 433/433/433 395/395/395 437/437/437
f 391/391/391 437/437/437 395/395/395
f 437/437/437 391/391/391 389/389/389
f 436/436/436 438/438/438 431/431/431
f 432/432/432 431/431/431 438/438/438
f 439/439/439 437/437/437 389/389/389
f 439/439/439 440/440/440 437/437/437
f 437/437/437 440/440/440 441/441/441
f 434/434/434 441/441/441 440/440/440
f 79/79/79 80/80/80 442/442/442
f 79/79/79 442/442/442 443/443/443
f 443/443/443 444/444/444 79/79/79
f 77/77/77 79/79/79 444/444/444
f 77/77/77 444/444/444 74/74/74
f 72/72/72 74/74/74 444/444/444
f 447/447/447 446/446/446 445/445/445
f 448/448/448 445/445/445 446/446/446
f 446/446/446 449/449/449 448/448/448
f 450/450/450 448/448/448 449/449/449
f 448/448/448 450/450/450 451/451/451
f 452/452/452 451/451/451 450/450/450
f 453/453/453 451/451/451 452/452/452
f 451/451/451 453/453/453 454/454/454
f 451/451/451 454/454/454 448/448/448
f 455/455/455 453/453/453 452/452/452
f 456/456/456 454/454/454 453/453/453
f 458/458/458 455/455/455 457/457/457
f 458/458/458 459/459/459 455/455/455
f 461/461/461 460/460/460 459/459/459
f 459/459/459 462/462/462 461/461/461
f 223/223/223 18/18/18 12/12/12
f 105/105/105 114/114/114 463/463/463
f 115/115/115 463/463/463 114/114/114
f 463/463/463 115/115/115 118/118/118
f 466/466/466 465/465/465 464/464/464
f 464/464/464 467/467/467 466/466/466
f 468/468/468 466/466/466 467/467/467
f 466/466/466 468/468/468 469/469/469
f 470/470/470 469/469/469 468/468/468
f 468/468/468 471/471/471 470/470/470
f 470/470/470 472/472/472 469/469/469
f 472/472/472 470/470/470 473/473/473
f 470/470/470 471/471/471 474/474/474
f 470/470/470 474/474/474 473/473/473
f 474/474/474 471/471/471 475/475/475
f 476/476/476 475/475/475 471/471/471
f 473/473/473 474/474/474 477/477/477
f 477/477/477 474/474/474 475/475/475
f 476/476/476 471/471/471 478/478/478
f 476/476/476 478/478/478 479/479/479
f 479/479/479 478/478/478 480/480/480
f 471/471/471 481/481/481 478/478/478
f 478/478/478 481/481/481 480/480/480
f 467/467/467 481/481/481 468/468/468
f 471/471/471 468/468/468 481/481/481
f 482/482/482 480/480/480 481/481/481
f 482/482/482 481/481/481 483/483/483
f 481/481/481 484/484/484 483/483/483
f 467/467/467 484/484/484 481/481/481
f 487/487/487 486/486/486 485/485/485
f 488/488/488 485/485/485 486/486/486
f 485/485/485 488/488/488 489/489/489
f 490/490/490 489/489/489 488/488/488
f 490/490/490 491/491/491 489/489/489
f 492/492/492 489/489/489 491/491/491
f 485/485/485 489/489/489 493/493/493
f 494/494/494 493/493/493 489/489/489
f 489/489/489 492/492/492 494/494/494
f 493/493/493 495/495/495 485/485/485
f 487/487/487 485/485/485 495/495/495
f 492/492/492 496/496/496 494/494/494
f 496/496/496 497/497/497 494/494/494
f 495/495/495 493/493/493 498/498/498
f 499/499/499 498/498/498 493/493/493
f 499/499/499 500/500/500 498/498/498
f 501/501/501 498/498/498 500/500/500
f 500/500/500 502/502/502 501/501/501
f 503/503/503 501/501/501 502/502/502
f 499/499/499 493/493/493 504/504/504
f 504/504/504 493/493/493 505/505/505
f 493/493/493 506/506/506 505/505/505
f 507/507/507 506/506/506 497/497/497
f 508/508/508 507/507/507 497/497/497
f 506/506/506 507/507/507 509/509/509
f 509/509/509 507/507/507 508/508/508
f 509/509/509 505/505/505 506/506/506
f 509/509/509 508/508/508 510/510/510
f 511/511/511 510/510/510 508/508/508
f 511/511/511 512/512/512 510/510/510
f 510/510/510 512/512/512 509/509/509
f 505/505/505 509/509/509 512/512/512
f 511/511/511 513/513/513 512/512/512
f 514/514/514 512/512/512 513/513/513
f 512/512/512 514/514/514 515/515/515
f 512/512/512 515/515/515 505/505/505
f 516/516/516 515/515/515 514/514/514
f 515/515/515 516/516/516 517/517/517
f 515/515/515 517/517/517 518/518/518
f 518/518/518 505/505/505 515/515/515
f 519/519/519 518/518/518 517/517/517
f 517/517/517 520/520/520 519/519/519
f 521/521/521 519/519/519 520/520/520
f 521/521/521 522/522/522 519/519/519
f 523/523/523 519/519/519 522/522/522
f 519/519/519 523/523/523 518/518/518
f 524/524/524 518/518/518 523/523/523
f 520/520/520 517/517/517 525/525/525
f 526/526/526 525/525/525 517/517/517
f 526/526/526 517/517/517 516/516/516
f 516/516/516 527/527/527 526/526/526
f 525/525/525 526/526/526 527/527/527
f 514/514/514 528/528/528 516/516/516
f 527/527/527 516/516/516 529/529/529
f 522/522/522 530/530/530 523/523/523
f 518/518/518 524/524/524 505/505/505
f 504/504/504 505/505/505 524/524/524
f 524/524/524 523/523/523 531/531/531
f 531/531/531 504/504/504 524/524/524
f 502/502/502 531/531/531 523/523/523
f 502/502/502 523/523/523 532/532/532
f 535/535/535 534/534/534 533/533/533
f 536/536/536 533/533/533 534/534/534
f 537/537/537 536/536/536 534/534/534
f 533/533/533 538/538/538 535/535/535
f 535/535/535 538/538/538 539/539/539
f 535/535/535 540/540/540 534/534/534
f 535/535/535 539/539/539 540/540/540
f 541/541/541 534/534/534 540/540/540
f 541/541/541 542/542/542 534/534/534
f 543/543/543 534/534/534 542/542/542
f 543/543/543 537/537/537 534/534/534
f 541/541/541 540/540/540 544/544/544
f 545/545/545 544/544/544 540/540/540
f 544/544/544 546/546/546 541/541/541
f 542/542/542 541/541/541 546/546/546
f 545/545/545 540/540/540 547/547/547
f 548/548/548 547/547/547 540/540/540
f 548/548/548 540/540/540 539/539/539
f 548/548/548 549/549/549 547/547/547
f 550/550/550 547/547/547 549/549/549
f 549/549/549 551/551/551 550/550/550
f 551/551/551 549/549/549 552/552/552
f 553/553/553 550/550/550 551/551/551
f 544/544/544 545/545/545 554/554/554
f 555/555/555 554/554/554 545/545/545
f 545/545/545 547/547/547 555/555/555
f 554/554/554 556/556/556 544/544/544
f 546/546/546 544/544/544 556/556/556
f 556/556/556 557/557/557 546/546/546
f 558/558/558 546/546/546 557/557/557
f 558/558/558 559/559/559 546/546/546
f 560/560/560 546/546/546 559/559/559
f 550/550/550 553/553/553 561/561/561
f 562/562/562 561/561/561 553/553/553
f 563/563/563 555/555/555 547/547/547
f 561/561/561 563/563/563 550/550/550
f 547/547/547 550/550/550 563/563/563
f 554/554/554 555/555/555 564/564/564
f 565/565/565 564/564/564 555/555/555
f 555/555/555 563/563/563 565/565/565
f 564/564/564 566/566/566 554/554/554
f 556/556/556 554/554/554 566/566/566
f 566/566/566 567/567/567 556/556/556
f 557/557/557 556/556/556 567/567/567
f 561/561/561 562/562/562 568/568/568
f 569/569/569 568/568/568 562/562/562
f 570/570/570 565/565/565 563/563/563
f 568/568/568 570/570/570 561/561/561
f 563/563/563 561/561/561 570/570/570
f 570/570/570 568/568/568 571/571/571
f 572/572/572 571/571/571 568/568/568
f 565/565/565 570/570/570 573/573/573
f 571/571/571 573/573/573 570/570/570
f 564/564/564 565/565/565 573/573/573
f 572/572/572 568/568/568 574/574/574
f 569/569/569 574/574/574 568/568/568
f 572/572/572 575/575/575 571/571/571
f 576/576/576 571/571/571 575/575/575
f 571/571/571 576/576/576 573/573/573
f 575/575/575 572/572/572 577/577/577
f 574/574/574 577/577/577 572/572/572
f 578/578/578 573/573/573 576/576/576
f 575/575/575 579/579/579 576/576/576
f 575/575/575 577/577/577 579/579/579
f 580/580/580 576/576/576 579/579/579
f 581/581/581 579/579/579 577/577/577
f 577/577/577 574/574/574 581/581/581
f 580/580/580 582/582/582 576/576/576
f 578/578/578 576/576/576 582/582/582
f 573/573/573 578/578/578 583/583/583
f 582/582/582 583/583/583 578/578/578
f 583/583/583 582/582/582 584/584/584
f 585/585/585 584/584/584 582/582/582
f 583/583/583 564/564/564 573/573/573
f 586/586/586 581/581/581 574/574/574
f 584/584/584 587/587/587 583/583/583
f 564/564/564 583/583/583 587/587/587
f 581/581/581 586/586/586 588/588/588
f 581/581/581 588/588/588 589/589/589
f 582/582/582 589/589/589 585/585/585
f 581/581/581 589/589/589 579/579/579
f 589/589/589 582/582/582 580/580/580
f 579/579/579 589/589/589 580/580/580
f 590/590/590 589/589/589 588/588/588
f 590/590/590 585/585/585 589/589/589
f 591/591/591 588/588/588 586/586/586
f 587/587/587 592/592/592 564/564/564
f 566/566/566 564/564/564 592/592/592
f 592/592/592 593/593/593 566/566/566
f 594/594/594 566/566/566 593/593/593
f 595/595/595 566/566/566 594/594/594
f 595/595/595 567/567/567 566/566/566
f 587/587/587 584/584/584 596/596/596
f 587/587/587 596/596/596 592/592/592
f 597/597/597 596/596/596 584/584/584
f 596/596/596 597/597/597 598/598/598
f 596/596/596 598/598/598 599/599/599
f 599/599/599 600/600/600 596/596/596
f 596/596/596 600/600/600 601/601/601
f 601/601/601 592/592/592 596/596/596
f 601/601/601 602/602/602 592/592/592
f 603/603/603 592/592/592 602/602/602
f 603/603/603 593/593/593 592/592/592
f 601/601/601 604/604/604 602/602/602
f 605/605/605 602/602/602 604/604/604
f 604/604/604 606/606/606 605/605/605
f 607/607/607 605/605/605 606/606/606
f 608/608/608 601/601/601 600/600/600
f 608/608/608 604/604/604 601/601/601
f 608/608/608 600/600/600 609/609/609
f 600/600/600 599/599/599 609/609/609
f 604/604/604 610/610/610 606/606/606
f 609/609/609 610/610/610 608/608/608
f 610/610/610 604/604/604 608/608/608
f 611/611/611 606/606/606 610/610/610
f 612/612/612 610/610/610 609/609/609
f 613/613/613 602/602/602 605/605/605
f 613/613/613 605/605/605 614/614/614
f 615/615/615 614/614/614 605/605/605
f 605/605/605 607/607/607 615/615/615
f 616/616/616 615/615/615 607/607/607
f 610/610/610 617/617/617 611/611/611
f 612/612/612 617/617/617 610/610/610
f 606/606/606 618/618/618 607/607/607
f 616/616/616 607/607/607 618/618/618
f 611/611/611 616/616/616 618/618/618
f 606/606/606 611/611/611 618/618/618
f 609/609/609 619/619/619 612/612/612
f 619/619/619 609/609/609 599/599/599
f 599/599/599 620/620/620 619/619/619
f 620/620/620 621/621/621 619/619/619
f 620/620/620 622/622/622 621/621/621
f 622/622/622 620/620/620 623/623/623
f 623/623/623 620/620/620 598/598/598
f 599/599/599 598/598/598 620/620/620
f 624/624/624 623/623/623 598/598/598
f 598/598/598 625/625/625 624/624/624
f 626/626/626 625/625/625 598/598/598
f 625/625/625 626/626/626 627/627/627
f 626/626/626 598/598/598 597/597/597
f 627/627/627 626/626/626 628/628/628
f 597/597/597 628/628/628 626/626/626
f 628/628/628 629/629/629 627/627/627
f 629/629/629 628/628/628 630/630/630
f 628/628/628 597/597/597 630/630/630
f 629/629/629 630/630/630 631/631/631
f 632/632/632 631/631/631 630/630/630
f 632/632/632 633/633/633 631/631/631
f 634/634/634 631/631/631 633/633/633
f 633/633/633 635/635/635 634/634/634
f 636/636/636 634/634/634 635/635/635
f 636/636/636 637/637/637 634/634/634
f 637/637/637 638/638/638 634/634/634
f 632/632/632 630/630/630 590/590/590
f 632/632/632 590/590/590 633/633/633
f 585/585/585 590/590/590 630/630/630
f 630/630/630 584/584/584 585/585/585
f 584/584/584 630/630/630 639/639/639
f 588/588/588 633/633/633 590/590/590
f 635/635/635 633/633/633 591/591/591
f 588/588/588 591/591/591 633/633/633
f 398/398/398 400/400/400 640/640/640
f 410/410/410 640/640/640 400/400/400
f 640/640/640 397/397/397 398/398/398
f 643/643/643 642/642/642 641/641/641
f 643/643/643 641/641/641 644/644/644
f 642/642/642 643/643/643 645/645/645
f 644/644/644 646/646/646 643/643/643
f 646/646/646 647/647/647 643/643/643
f 648/648/648 643/643/643 647/647/647
f 648/648/648 649/649/649 643/643/643
f 646/646/646 650/650/650 647/647/647
f 644/644/644 650/650/650 646/646/646
f 651/651/651 647/647/647 650/650/650
f 650/650/650 421/421/421 651/651/651
f 421/421/421 650/650/650 652/652/652
f 644/644/644 652/652/652 650/650/650
f 652/652/652 653/653/653 421/421/421
f 415/415/415 421/421/421 653/653/653
f 415/415/415 653/653/653 411/411/411
f 422/422/422 651/651/651 421/421/421
f 655/655/655 654/654/654 642/642/642
f 654/654/654 418/418/418 414/414/414
f 414/414/414 642/642/642 654/654/654
f 656/656/656 408/408/408 418/418/418
f 659/659/659 658/658/658 657/657/657
f 662/662/662 661/661/661 660/660/660
f 663/663/663 660/660/660 661/661/661
f 660/660/660 663/663/663 664/664/664
f 665/665/665 664/664/664 663/663/663
f 665/665/665 663/663/663 666/666/666
f 665/665/665 666/666/666 667/667/667
f 665/665/665 667/667/667 668/668/668
f 665/665/665 668/668/668 669/669/669
f 669/669/669 670/670/670 665/665/665
f 665/665/665 670/670/670 671/671/671
f 671/671/671 670/670/670 672/672/672
f 672/672/672 673/673/673 671/671/671
f 671/671/671 673/673/673 674/674/674
f 675/675/675 665/665/665 671/671/671
f 671/671/671 674/674/674 675/675/675
f 675/675/675 664/664/664 665/665/665
f 675/675/675 674/674/674 676/676/676
f 677/677/677 675/675/675 676/676/676
f 677/677/677 664/664/664 675/675/675
f 678/678/678 664/664/664 677/677/677
f 681/681/681 680/680/680 679/679/679
f 682/682/682 679/679/679 680/680/680
f 680/680/680 681/681/681 683/683/683
f 684/684/684 683/683/683 681/681/681
f 683/683/683 684/684/684 685/685/685
f 686/686/686 685/685/685 684/684/684
f 685/685/685 686/686/686 687/687/687
f 688/688/688 687/687/687 686/686/686
f 680/680/680 683/683/683 689/689/689
f 689/689/689 682/682/682 680/680/680
f 690/690/690 689/689/689 683/683/683
f 685/685/685 687/687/687 690/690/690
f 690/690/690 683/683/683 685/685/685
f 682/682/682 691/691/691 679/679/679
f 689/689/689 692/692/692 682/682/682
f 691/691/691 682/682/682 693/693/693
f 694/694/694 693/693/693 682/682/682
f 692/692/692 694/694/694 682/682/682
f 692/692/692 695/695/695 694/694/694
f 696/696/696 694/694/694 695/695/695
f 694/694/694 696/696/696 693/693/693
f 697/697/697 689/689/689 690/690/690
f 698/698/698 695/695/695 692/692/692
f 697/697/697 698/698/698 689/689/689
f 692/692/692 689/689/689 698/698/698
f 687/687/687 688/688/688 699/699/699
f 687/687/687 699/699/699 700/700/700
f 701/701/701 700/700/700 699/699/699
f 700/700/700 701/701/701 702/702/702
f 703/703/703 702/702/702 701/701/701
f 702/702/702 703/703/703 704/704/704
f 705/705/705 704/704/704 703/703/703
f 704/704/704 705/705/705 706/706/706
f 707/707/707 706/706/706 705/705/705
f 706/706/706 707/707/707 708/708/708
f 709/709/709 708/708/708 707/707/707
f 708/708/708 709/709/709 710/710/710
f 710/710/710 711/711/711 708/708/708
f 712/712/712 708/708/708 711/711/711
f 708/708/708 712/712/712 713/713/713
f 711/711/711 714/714/714 712/712/712
f 715/715/715 712/712/712 714/714/714
f 712/712/712 715/715/715 716/716/716
f 717/717/717 716/716/716 715/715/715
f 716/716/716 718/718/718 712/712/712
f 715/715/715 719/719/719 717/717/717
f 720/720/720 717/717/717 719/719/719
f 719/719/719 721/721/721 720/720/720
f 722/722/722 720/720/720 721/721/721
f 723/723/723 710/710/710 709/709/709
f 721/721/721 719/719/719 724/724/724
f 725/725/725 724/724/724 719/719/719
f 714/714/714 725/725/725 715/715/715
f 719/719/719 715/715/715 725/725/725
f 717/717/717 720/720/720 726/726/726
f 727/727/727 726/726/726 720/720/720
f 726/726/726 727/727/727 728/728/728
f 728/728/728 729/729/729 726/726/726
f 729/729/729 728/728/728 690/690/690
f 730/730/730 690/690/690 728/728/728
f 690/690/690 731/731/731 729/729/729
f 731/731/731 690/690/690 732/732/732
f 733/733/733 729/729/729 731/731/731
f 728/728/728 734/734/734 730/730/730
f 734/734/734 728/728/728 727/727/727
f 735/735/735 730/730/730 734/734/734
f 734/734/734 736/736/736 735/735/735
f 695/695/695 735/735/735 736/736/736
f 737/737/737 726/726/726 729/729/729
f 729/729/729 733/733/733 737/737/737
f 738/738/738 737/737/737 733/733/733
f 727/727/727 739/739/739 734/734/734
f 736/736/736 734/734/734 739/739/739
f 739/739/739 740/740/740 736/736/736
f 720/720/720 739/739/739 727/727/727
f 720/720/720 722/722/722 739/739/739
f 740/740/740 739/739/739 722/722/722
f 737/737/737 738/738/738 716/716/716
f 718/718/718 716/716/716 738/738/738
f 716/716/716 717/717/717 737/737/737
f 726/726/726 737/737/737 717/717/717
f 735/735/735 695/695/695 698/698/698
f 698/698/698 697/697/697 735/735/735
f 730/730/730 735/735/735 697/697/697
f 730/730/730 697/697/697 690/690/690
f 742/742/742 741/741/741 688/688/688
f 743/743/743 688/688/688 741/741/741
f 743/743/743 699/699/699 688/688/688
f 745/745/745 693/693/693 744/744/744
f 747/747/747 746/746/746 693/693/693
f 747/747/747 693/693/693 696/696/696
f 749/749/749 748/748/748 711/711/711
f 714/714/714 711/711/711 748/748/748
f 711/711/711 710/710/710 749/749/749
f 750/750/750 749/749/749 710/710/710
f 710/710/710 723/723/723 750/750/750
f 751/751/751 750/750/750 723/723/723
f 748/748/748 752/752/752 714/714/714
f 725/725/725 714/714/714 752/752/752
f 752/752/752 753/753/753 725/725/725
f 724/724/724 725/725/725 753/753/753
f 748/748/748 749/749/749 754/754/754
f 748/748/748 754/754/754 752/752/752
f 755/755/755 754/754/754 749/749/749
f 753/753/753 752/752/752 756/756/756
f 757/757/757 756/756/756 752/752/752
f 757/757/757 752/752/752 754/754/754
f 750/750/750 758/758/758 749/749/749
f 758/758/758 750/750/750 751/751/751
f 757/757/757 759/759/759 756/756/756
f 760/760/760 756/756/756 759/759/759
f 759/759/759 757/757/757 761/761/761
f 762/762/762 761/761/761 757/757/757
f 761/761/761 763/763/763 759/759/759
f 761/761/761 764/764/764 763/763/763
f 765/765/765 763/763/763 764/764/764
f 766/766/766 761/761/761 762/762/762
f 764/764/764 761/761/761 766/766/766
f 766/766/766 762/762/762 767/767/767
f 768/768/768 767/767/767 762/762/762
f 762/762/762 757/757/757 768/768/768
f 754/754/754 768/768/768 757/757/757
f 769/769/769 766/766/766 767/767/767
f 769/769/769 764/764/764 766/766/766
f 767/767/767 768/768/768 770/770/770
f 767/767/767 770/770/770 771/771/771
f 756/756/756 760/760/760 772/772/772
f 773/773/773 772/772/772 760/760/760
f 764/764/764 774/774/774 765/765/765
f 775/775/775 765/765/765 774/774/774
f 775/775/775 776/776/776 765/765/765
f 775/775/775 773/773/773 776/776/776
f 763/763/763 765/765/765 776/776/776
f 759/759/759 763/763/763 776/776/776
f 759/759/759 776/776/776 760/760/760
f 773/773/773 760/760/760 776/776/776
f 769/769/769 777/777/777 764/764/764
f 774/774/774 764/764/764 777/777/777
f 770/770/770 778/778/778 771/771/771
f 779/779/779 767/767/767 771/771/771
f 777/777/777 769/769/769 779/779/779
f 779/779/779 769/769/769 767/767/767
f 770/770/770 780/780/780 778/778/778
f 781/781/781 778/778/778 780/780/780
f 780/780/780 770/770/770 782/782/782
f 782/782/782 770/770/770 783/783/783
f 782/782/782 783/783/783 784/784/784
f 782/782/782 784/784/784 785/785/785
f 780/780/780 782/782/782 785/785/785
f 786/786/786 784/784/784 783/783/783
f 768/768/768 783/783/783 770/770/770
f 787/787/787 785/785/785 784/784/784
f 787/787/787 784/784/784 788/788/788
f 786/786/786 788/788/788 784/784/784
f 783/783/783 768/768/768 754/754/754
f 754/754/754 755/755/755 783/783/783
f 786/786/786 783/783/783 755/755/755
f 788/788/788 786/786/786 789/789/789
f 755/755/755 789/789/789 786/786/786
f 789/789/789 790/790/790 788/788/788
f 789/789/789 791/791/791 790/790/790
f 792/792/792 790/790/790 791/791/791
f 791/791/791 793/793/793 792/792/792
f 794/794/794 792/792/792 793/793/793
f 789/789/789 755/755/755 749/749/749
f 789/789/789 749/749/749 791/791/791
f 758/758/758 791/791/791 749/749/749
f 793/793/793 791/791/791 751/751/751
f 758/758/758 751/751/751 791/791/791
f 797/797/797 796/796/796 795/795/795
f 514/514/514 513/513/513 798/798/798
f 798/798/798 513/513/513 799/799/799
f 800/800/800 799/799/799 513/513/513
f 513/513/513 511/511/511 800/800/800
f 511/511/511 508/508/508 800/800/800
f 497/497/497 800/800/800 508/508/508
f 803/803/803 802/802/802 801/801/801
f 804/804/804 801/801/801 802/802/802
f 802/802/802 803/803/803 805/805/805
f 806/806/806 805/805/805 803/803/803
f 803/803/803 807/807/807 806/806/806
f 808/808/808 806/806/806 807/807/807
f 807/807/807 809/809/809 808/808/808
f 809/809/809 807/807/807 810/810/810
f 810/810/810 807/807/807 803/803/803
f 809/809/809 811/811/811 808/808/808
f 810/810/810 812/812/812 809/809/809
f 811/811/811 814/814/814 813/813/813
f 814/814/814 811/811/811 815/815/815
f 817/817/817 815/815/815 816/816/816
f 818/818/818 815/815/815 817/817/817
f 819/819/819 420/420/420 425/425/425
f 819/819/819 820/820/820 420/420/420
f 424/424/424 420/420/420 820/820/820
f 820/820/820 819/819/819 821/821/821
f 822/822/822 821/821/821 819/819/819
f 823/823/823 822/822/822 819/819/819
f 822/822/822 823/823/823 821/821/821
f 819/819/819 824/824/824 823/823/823
f 825/825/825 823/823/823 824/824/824
f 824/824/824 826/826/826 825/825/825
f 827/827/827 821/821/821 823/823/823
f 823/823/823 825/825/825 827/827/827
f 828/828/828 827/827/827 825/825/825
f 828/828/828 825/825/825 829/829/829
f 824/824/824 819/819/819 830/830/830
f 425/425/425 830/830/830 819/819/819
f 830/830/830 831/831/831 824/824/824
f 824/824/824 831/831/831 832/832/832
f 833/833/833 832/832/832 831/831/831
f 549/549/549 548/548/548 834/834/834
f 539/539/539 834/834/834 548/548/548
f 549/549/549 834/834/834 552/552/552
f 837/837/837 836/836/836 835/835/835
f 835/835/835 836/836/836 838/838/838
f 839/839/839 838/838/838 836/836/836
f 836/836/836 840/840/840 839/839/839
f 841/841/841 839/839/839 840/840/840
f 842/842/842 839/839/839 841/841/841
f 843/843/843 841/841/841 840/840/840
f 841/841/841 843/843/843 844/844/844
f 842/842/842 841/841/841 845/845/845
f 845/845/845 841/841/841 844/844/844
f 845/845/845 846/846/846 842/842/842
f 847/847/847 842/842/842 846/846/846
f 845/845/845 844/844/844 848/848/848
f 845/845/845 848/848/848 846/846/846
f 842/842/842 847/847/847 849/849/849
f 849/849/849 847/847/847 850/850/850
f 849/849/849 850/850/850 851/851/851
f 852/852/852 842/842/842 849/849/849
f 849/849/849 851/851/851 852/852/852
f 842/842/842 852/852/852 839/839/839
f 838/838/838 839/839/839 852/852/852
f 853/853/853 852/852/852 851/851/851
f 852/852/852 853/853/853 854/854/854
f 855/855/855 852/852/852 854/854/854
f 855/855/855 838/838/838 852/852/852
