g NQS_A_T
v 0.06480785 -0.02862442 1.802015
v 0.06960077 -0.05620998 1.8404
v 0.0721543 -0.02733628 1.833549
v 0.06049669 -0.05274828 1.798975
v 0.0721994 -0.02488528 1.860084
v 0.06923425 -0.03689389 1.859885
v 0.06646025 -0.0625254 1.868021
v 0.0663208 -0.04281411 1.895487
v 0.05737231 -0.03366934 1.777808
v 0.05277161 -0.06157312 1.775247
v 0.05768198 -0.08548313 1.893003
v 0.05553399 -0.07594458 1.914246
v 0.04732954 -0.04853973 1.760389
v 0.06627024 -0.0309176 1.913907
v 0.05430108 -0.0619636 1.936755
v 0.05030835 -0.08746132 1.915306
v 0.04700743 -0.07594876 1.937738
v 0.05456478 -0.05575231 1.94093
v 0.04722109 -0.06130876 1.949984
v 0.03262217 -0.0895583 1.93898
v 0.02609489 -0.1061145 1.912607
v -5.960464E-09 -0.1103056 1.914988
v -5.960464E-09 -0.09637672 1.938425
v 0.03251639 -0.06594646 1.958982
v -5.960464E-09 -0.06927605 1.96236
v -5.960464E-09 -0.1131509 1.894367
v 0.02786172 -0.1076263 1.896082
v 0.01195511 -0.1114266 1.881616
v -5.960464E-09 -0.113284 1.880426
v -5.960464E-09 -0.1153868 1.861804
v 0.00675812 -0.1151487 1.862328
v 0.01704521 -0.1146724 1.866328
v 0.03336075 -0.1041875 1.884093
v 0.04417516 -0.09799507 1.902759
v 0.05030835 -0.08746132 1.915306
v 0.03586266 -0.1079111 1.87257
v 0.0349165 -0.1072717 1.863766
v 0.01999809 -0.1097781 1.860613
v 0.0120446 -0.1046244 1.856041
v 0.02358792 -0.09683796 1.856125
v 0.007662967 -0.1062903 1.851183
v 0.004900668 -0.1113386 1.85385
v -5.960464E-09 -0.1129579 1.855375
v 0.003757708 -0.1114339 1.849183
v -5.960464E-09 -0.1132436 1.850041
v 0.004538909 -0.1191954 1.838534
v -5.960464E-09 -0.120529 1.839201
v 0.004211694 -0.1227731 1.828797
v -5.960464E-09 -0.1251924 1.829538
v -5.960464E-09 -0.1290347 1.823753
v 0.005414863 -0.1270634 1.823066
v 0.006302687 -0.1303682 1.818038
v -5.960464E-09 -0.1325589 1.818228
v 0.006302687 -0.1302729 1.814798
v -5.960464E-09 -0.1325589 1.814988
v -5.960464E-09 -0.1279869 1.80994
v 0.004958009 -0.1274841 1.81031
v 0.004398954 -0.1228216 1.80695
v -5.960464E-09 -0.1242108 1.806164
v 0.00347195 -0.1163869 1.801605
v -5.960464E-09 -0.1161488 1.800843
v 0.01096328 -0.1230447 1.815547
v 0.0103914 -0.1240077 1.810503
v 0.009222758 -0.1170537 1.808201
v 0.01337811 -0.1167679 1.807701
v 0.01227186 -0.1099812 1.803605
v 0.01642613 -0.1155517 1.814106
v 0.01828362 -0.1088144 1.811654
v 0.0172802 -0.1038137 1.80813
v 0.01684485 -0.1040994 1.813464
v 0.003948214 -0.1158154 1.797792
v 0.01280663 -0.1097193 1.797887
v 0.003948214 -0.1184032 1.793376
v 0.01099678 -0.1155822 1.790664
v 0.02261754 -0.1024802 1.793413
v 0.02028386 -0.1070999 1.785269
v 0.03280945 -0.09619356 1.785936
v 0.02747544 -0.09733656 1.778887
v 0.03309525 -0.09114519 1.773172
v 0.04093514 -0.08875288 1.784847
v -5.960464E-09 -0.119054 1.790699
v -5.960464E-09 -0.1154344 1.79684
v 0.03119027 -0.09904587 1.802116
v 0.02447499 -0.10148 1.801462
v 0.02237938 -0.1023849 1.809368
v 0.01909317 -0.1037185 1.822417
v 0.01471161 -0.1059092 1.819369
v 0.02614182 -0.1005751 1.818226
v 0.04092109 -0.09784573 1.810074
v 0.05254791 -0.09143766 1.812578
v 0.03750093 -0.09909725 1.828956
v 0.05000545 -0.0939117 1.830568
v 0.04424994 -0.09150074 1.838916
v 0.05507983 -0.08029066 1.849882
v 0.04723589 -0.09014992 1.848634
v 0.05080662 -0.08660543 1.853849
v 0.0535721 -0.0916098 1.858508
v 0.05908703 -0.09021879 1.862715
v 0.0498223 -0.09939396 1.866041
v 0.04989747 -0.09880713 1.873065
v 0.06108572 -0.08658369 1.868862
v 0.05884869 -0.08624435 1.879956
v 0.04682083 -0.09511549 1.883037
v 0.04571746 -0.09854344 1.861037
v 0.06484917 -0.07650954 1.86272
v 0.06133289 -0.08176886 1.857251
v 0.06329911 -0.07164154 1.84483
v 0.06262155 -0.07443883 1.822139
v 0.05173711 -0.07813773 1.791372
v 0.04392153 -0.07119808 1.76107
v 0.0341529 -0.09990896 1.858242
v 0.02201278 -0.09587429 1.85367
v 0.03406346 -0.09812441 1.857356
v 0.04301123 -0.09571966 1.855055
v 0.04395634 -0.09683525 1.856183
v 0.04301123 -0.09571966 1.855055
v 0.04910578 -0.0868375 1.853601
v 0.03360015 -0.09208877 1.856084
v 0.01337811 -0.09471165 1.847611
v 0.01061577 -0.1000036 1.847564
v 0.01747391 -0.09392072 1.848897
v 0.01642616 -0.09328283 1.846802
v 0.01909317 -0.1011466 1.835562
v 0.02343143 -0.09581684 1.838713
v 0.02373941 -0.09608173 1.846805
v 0.03370561 -0.09704712 1.844636
v 0.0335485 -0.09650045 1.83674
v 0.04237548 -0.09417007 1.845731
v 0.01908441 -0.09301668 1.84728
v 0.02315854 -0.09454288 1.848235
v 0.03338636 -0.09560598 1.846546
v 0.04104622 -0.09367767 1.847206
v 0.04584665 -0.09051132 1.849485
v 0.04910578 -0.0868375 1.853601
v 0.02572052 -0.08931446 1.847681
v 0.02130531 -0.08768906 1.8471
v 0.02027592 -0.08740144 1.849192
v 0.02335315 -0.08973699 1.852029
v 0.03406346 -0.09812441 1.857356
v 0.03285486 -0.08904853 1.846381
v 0.03338636 -0.09560598 1.846546
v 0.03942994 -0.08702865 1.84738
v 0.04656946 -0.08510473 1.853714
v 0.04128757 -0.08926233 1.855754
v 0.04301123 -0.09571966 1.855055
v 0.03360015 -0.09208877 1.856084
v 0.03360015 -0.09208877 1.856084
v 0.03338636 -0.09560598 1.846546
v 0.03285486 -0.08904853 1.846381
v 0.03339548 -0.07050158 1.74669
v 0.03145145 -0.08400805 1.752901
v 0.01761677 -0.0957284 1.744578
v 0.0170929 -0.08652548 1.737119
v 0.01290184 -0.07209484 1.739549
v -5.960464E-09 -0.07198165 1.737371
v -5.960464E-09 -0.09066895 1.734691
v -5.960464E-09 -0.101253 1.742126
v 0.0172358 -0.09918384 1.754127
v 0.0166166 -0.09928921 1.760599
v 0.02690377 -0.09390749 1.7666
v 0.01360807 -0.1029805 1.767894
v 0.02285569 -0.09928925 1.773458
v -5.960464E-09 -0.1036607 1.752555
v -5.960464E-09 -0.1024802 1.760028
v 0.01033013 -0.1031469 1.763361
v -5.960464E-09 -0.1040042 1.763361
v 0.006462099 -0.1089275 1.766458
v -5.960464E-09 -0.1104813 1.766981
v 0.007520221 -0.1112433 1.770982
v -5.960464E-09 -0.1122911 1.770505
v 0.006805728 -0.1109575 1.776982
v -5.960464E-09 -0.1116243 1.776982
v 0.006662906 -0.1097669 1.779602
v -5.960464E-09 -0.1105765 1.778887
v 0.006138995 -0.1044805 1.780507
v -5.960464E-09 -0.1051472 1.779935
v 0.01356858 -0.1070522 1.779268
v 0.01490219 -0.1076237 1.776887
v 0.01350731 -0.1074333 1.772791
v 0.02128399 -0.1010037 1.77803
v 0.0218079 -0.10148 1.776458
v 0.01223503 -0.1024802 1.780221
v 0.01890274 -0.1028612 1.780125
v 0.02528458 -0.09800333 1.77784
v 0.01928372 -0.1064807 1.781555
v 0.008806002 -0.1149105 1.784412
v -5.960464E-09 -0.1176252 1.785365
v 0.01756916 -0.1044328 1.778983
v 0.005900805 -0.1067189 1.780078
v 0.006948627 -0.1112433 1.780983
v -5.960464E-09 -0.1136246 1.78165
v -5.960464E-09 -0.1087668 1.780221
v 0.01599747 -0.1000036 1.779102
v 0.02318894 -0.09819387 1.77803
v 0.02347474 -0.09457426 1.77803
v 0.06480785 -0.02862442 1.802015
v 0.04892747 -0.01572158 1.768805
v 0.05737231 -0.03366934 1.777808
v 0.04732954 -0.04853973 1.760389
v 0.03415667 -0.03194875 1.756962
v 0.03339548 -0.07050158 1.74669
v 0.05630128 0.01639528 1.797105
v 0.0697446 -0.009781737 1.817442
v 0.01290184 -0.07209484 1.739549
v -5.960464E-09 -0.05495312 1.732261
v -5.960464E-09 -0.07198165 1.737371
v 0.06713686 0.005645799 1.836183
v 0.07400434 -0.01532591 1.805272
v 0.08317207 -0.001269917 1.824477
v 0.0697446 -0.009781737 1.817442
v 0.06480785 -0.02862442 1.802015
v 0.08431549 0.004027963 1.848316
v 0.06979215 0.00433208 1.854106
v 0.07952089 0.00754044 1.862864
v 0.07986255 -0.005566702 1.865359
v 0.0750564 -0.01780717 1.863591
v 0.07400434 -0.01532591 1.805272
v 0.07849436 -0.01181388 1.829924
v 0.08317207 -0.001269917 1.824477
v 0.08431549 0.004027963 1.848316
v 0.06480785 -0.02862442 1.802015
v 0.0721543 -0.02733628 1.833549
v 0.07986255 -0.005566702 1.865359
v 0.0750564 -0.01780717 1.863591
v 0.0721994 -0.02488528 1.860084
v 0.07952089 0.00754044 1.862864
v 0.04700743 -0.07594876 1.937738
v 0.05030835 -0.08746132 1.915306
v 0.00890137 -0.119816 1.821846
v 0.0083297 -0.1165774 1.825561
v 0.007573977 -0.1137205 1.834131
v 0.006519931 -0.1080048 1.844992
v 0.01309235 -0.1047662 1.839182
v 0.01242562 -0.1108623 1.82337
v 0.01366379 -0.1129578 1.820036
v 0.02384635 -0.09990931 1.832897
v 0.02128399 -0.1010037 1.77803
v 0.02347474 -0.09457426 1.77803
v 0.02318894 -0.09819387 1.77803
v 0.02347474 -0.09457426 1.77803
v 0.02318894 -0.0954315 1.779268
v 0.02318894 -0.0954315 1.779268
v 0.02318894 -0.0954315 1.779268
v 0.01785492 -0.09847959 1.779411
v -0.06480785 -0.02862442 1.802015
v -0.06960078 -0.05620998 1.8404
v -0.0604967 -0.05274828 1.798975
v -0.07215431 -0.02733628 1.833549
v -0.05737232 -0.03366934 1.777808
v -0.05277162 -0.06157312 1.775247
v -0.04732955 -0.04853973 1.760389
v -0.06262156 -0.07443883 1.822139
v -0.05254792 -0.09143766 1.812578
v -0.05173713 -0.07813773 1.791372
v -0.04093515 -0.08875288 1.784847
v -0.04392154 -0.07119808 1.76107
v -0.03339549 -0.07050158 1.74669
v -0.06329912 -0.07164154 1.84483
v -0.03145146 -0.08400805 1.752901
v -0.01761678 -0.0957284 1.744578
v -0.01709291 -0.08652548 1.737119
v -0.01290185 -0.07209484 1.739549
v -5.960464E-09 -0.07198165 1.737371
v -5.960464E-09 -0.09066895 1.734691
v -5.960464E-09 -0.101253 1.742126
v -0.01723581 -0.09918384 1.754127
v -0.01661661 -0.09928921 1.760599
v -0.02690378 -0.09390749 1.7666
v -0.01360808 -0.1029805 1.767894
v -0.0228557 -0.09928925 1.773458
v -5.960464E-09 -0.1036607 1.752555
v -5.960464E-09 -0.1024802 1.760028
v -0.01033014 -0.1031469 1.763361
v -5.960464E-09 -0.1040042 1.763361
v -0.006462111 -0.1089275 1.766458
v -5.960464E-09 -0.1104813 1.766981
v -0.02747545 -0.09733656 1.778887
v -0.03309526 -0.09114519 1.773172
v -0.03280946 -0.09619356 1.785936
v -0.02028386 -0.1070999 1.785269
v -0.02261754 -0.1024802 1.793413
v -0.01099679 -0.1155822 1.790664
v -0.01280664 -0.1097193 1.797887
v -0.003948227 -0.1184032 1.793376
v -0.003948227 -0.1158154 1.797792
v -5.960464E-09 -0.119054 1.790699
v -5.960464E-09 -0.1154344 1.79684
v -0.03119028 -0.09904587 1.802116
v -0.024475 -0.10148 1.801462
v -0.01227187 -0.1099812 1.803605
v -0.003471961 -0.1163869 1.801605
v -0.009222769 -0.1170537 1.808201
v -0.004398966 -0.1228216 1.80695
v -5.960464E-09 -0.1242108 1.806164
v -5.960464E-09 -0.1279869 1.80994
v -0.004958021 -0.1274841 1.81031
v -0.006302699 -0.1302729 1.814798
v -5.960464E-09 -0.1325589 1.814988
v -5.960464E-09 -0.1161488 1.800843
v -5.960464E-09 -0.1325589 1.818228
v -0.006302699 -0.1303682 1.818038
v -5.960464E-09 -0.1290347 1.823753
v -0.005414874 -0.1270634 1.823066
v -0.004211707 -0.1227731 1.828797
v -5.960464E-09 -0.1251924 1.829538
v -0.01096329 -0.1230447 1.815547
v -0.01039141 -0.1240077 1.810503
v -0.01337812 -0.1167679 1.807701
v -0.01642614 -0.1155517 1.814106
v -0.008901382 -0.119816 1.821846
v -0.008329711 -0.1165774 1.825561
v -5.960464E-09 -0.120529 1.839201
v -0.004538921 -0.1191954 1.838534
v -5.960464E-09 -0.1132436 1.850041
v -0.003757721 -0.1114339 1.849183
v -5.960464E-09 -0.1129579 1.855375
v -0.00490068 -0.1113386 1.85385
v -0.006758132 -0.1151487 1.862328
v -0.007662978 -0.1062903 1.851183
v -0.01204462 -0.1046244 1.856041
v -0.01999811 -0.1097781 1.860613
v -0.02358793 -0.09683796 1.856125
v -0.01704522 -0.1146724 1.866328
v -0.01195512 -0.1114266 1.881616
v -5.960464E-09 -0.1153868 1.861804
v -5.960464E-09 -0.113284 1.880426
v -5.960464E-09 -0.1131509 1.894367
v -0.02786174 -0.1076263 1.896082
v -0.0260949 -0.1061145 1.912607
v -5.960464E-09 -0.1103056 1.914988
v -0.03336076 -0.1041875 1.884093
v -0.04417517 -0.09799507 1.902759
v -0.03586267 -0.1079111 1.87257
v -0.03491652 -0.1072717 1.863766
v -0.01337812 -0.09471165 1.847611
v -0.04982232 -0.09939396 1.866041
v -0.04571747 -0.09854344 1.861037
v -0.04989748 -0.09880713 1.873065
v -0.04682083 -0.09511549 1.883037
v -0.05768199 -0.08548313 1.893003
v -0.0588487 -0.08624435 1.879956
v -0.06473491 -0.0657694 1.881388
v -0.06715899 -0.05961682 1.863169
v -0.06108573 -0.08658369 1.868862
v -0.06484918 -0.07650954 1.86272
v -0.0613329 -0.08176886 1.857251
v -0.05908704 -0.09021879 1.862715
v -0.05357211 -0.0916098 1.858508
v -0.05507984 -0.08029066 1.849882
v -0.05080663 -0.08660543 1.853849
v -0.04395635 -0.09683525 1.856183
v -0.03415291 -0.09990896 1.858242
v -0.04301124 -0.09571966 1.855055
v -0.03406347 -0.09812441 1.857356
v -0.02201279 -0.09587429 1.85367
v -0.0472359 -0.09014992 1.848634
v -0.04910579 -0.0868375 1.853601
v -0.04584666 -0.09051132 1.849485
v -0.04237549 -0.09417007 1.845731
v -0.04104623 -0.09367767 1.847206
v -0.03370561 -0.09704712 1.844636
v -0.03354851 -0.09650045 1.83674
v -0.04424995 -0.09150074 1.838916
v -0.02343144 -0.09581684 1.838713
v -0.02373942 -0.09608173 1.846805
v -0.01642618 -0.09328283 1.846802
v -0.01909318 -0.1011466 1.835562
v -0.01747392 -0.09392072 1.848897
v -0.01908442 -0.09301668 1.84728
v -0.02315856 -0.09454288 1.848235
v -0.03338637 -0.09560598 1.846546
v -0.02130532 -0.08768906 1.8471
v -0.02027593 -0.08740144 1.849192
v -0.02335316 -0.08973699 1.852029
v -0.03406347 -0.09812441 1.857356
v -0.02572053 -0.08931446 1.847681
v -0.03285487 -0.08904853 1.846381
v -0.03338637 -0.09560598 1.846546
v -0.01309236 -0.1047662 1.839182
v -0.01061578 -0.1000036 1.847564
v -0.006519943 -0.1080048 1.844992
v -0.007573989 -0.1137205 1.834131
v -0.01242563 -0.1108623 1.82337
v -0.01909318 -0.1037185 1.822417
v -0.02384636 -0.09990931 1.832897
v -0.03750095 -0.09909725 1.828956
v -0.02614183 -0.1005751 1.818226
v -0.0409211 -0.09784573 1.810074
v -0.05000546 -0.0939117 1.830568
v -0.02237939 -0.1023849 1.809368
v -0.01684486 -0.1040994 1.813464
v -0.01728021 -0.1038137 1.80813
v -0.01828363 -0.1088144 1.811654
v -0.01471162 -0.1059092 1.819369
v -0.0136638 -0.1129578 1.820036
v -0.06480785 -0.02862442 1.802015
v -0.05737232 -0.03366934 1.777808
v -0.04892748 -0.01572158 1.768805
v -0.04732955 -0.04853973 1.760389
v -0.03415668 -0.03194875 1.756962
v -0.03339549 -0.07050158 1.74669
v -0.01290185 -0.07209484 1.739549
v -5.960464E-09 -0.05495312 1.732261
v -5.960464E-09 -0.07198165 1.737371
v -0.04910579 -0.0868375 1.853601
v -0.04301124 -0.09571966 1.855055
v -0.04128758 -0.08926233 1.855754
v -0.04301124 -0.09571966 1.855055
v -0.04656947 -0.08510473 1.853714
v -0.03360017 -0.09208877 1.856084
v -0.03360017 -0.09208877 1.856084
v -0.03360017 -0.09208877 1.856084
v -0.03942996 -0.08702865 1.84738
v -0.03338637 -0.09560598 1.846546
v -0.03285487 -0.08904853 1.846381
v -5.960464E-09 -0.1105765 1.778887
v -0.006139007 -0.1044805 1.780507
v -5.960464E-09 -0.1051472 1.779935
v -0.006662918 -0.1097669 1.779602
v -5.960464E-09 -0.1116243 1.776982
v -0.00680574 -0.1109575 1.776982
v -5.960464E-09 -0.1122911 1.770505
v -0.007520233 -0.1112433 1.770982
v -0.01356859 -0.1070522 1.779268
v -0.01490221 -0.1076237 1.776887
v -0.01350732 -0.1074333 1.772791
v -0.021284 -0.1010037 1.77803
v -0.02180791 -0.10148 1.776458
v -0.01223505 -0.1024802 1.780221
v -0.01890275 -0.1028612 1.780125
v -0.02528459 -0.09800333 1.77784
v -0.01928373 -0.1064807 1.781555
v -0.008806014 -0.1149105 1.784412
v -5.960464E-09 -0.1176252 1.785365
v -0.01756917 -0.1044328 1.778983
v -0.005900817 -0.1067189 1.780078
v -0.006948638 -0.1112433 1.780983
v -5.960464E-09 -0.1136246 1.78165
v -5.960464E-09 -0.1087668 1.780221
v -0.01599748 -0.1000036 1.779102
v -0.02318895 -0.09819387 1.77803
v -0.02347475 -0.09457426 1.77803
v -0.02347475 -0.09457426 1.77803
v -0.02318895 -0.0954315 1.779268
v -0.02318895 -0.0954315 1.779268
v -0.02318895 -0.0954315 1.779268
v -0.01785493 -0.09847959 1.779411
v -0.02347475 -0.09457426 1.77803
v -0.021284 -0.1010037 1.77803
v -0.02318895 -0.09819387 1.77803
v 0.05630128 0.0315764 1.8184
v 0.0697446 -0.009781737 1.817442
v 0.06713686 0.005645799 1.836183
v 0.05630128 0.01639528 1.797105
v -0.03485742 -0.09700323 1.859732
v -0.03028532 -0.0969556 1.858827
v -0.03366678 -0.09857488 1.85366
v -0.02771346 -0.09681273 1.854946
v -0.0387627 -0.09688417 1.857137
v -0.0396676 -0.09676509 1.852564
v -0.04528743 -0.09266928 1.851588
v -0.0402629 -0.09243112 1.844063
v -0.03707198 -0.09664602 1.848683
v -0.0313569 -0.09235968 1.842301
v -0.03247612 -0.0966222 1.847802
v -0.04354911 -0.09293119 1.860423
v -0.02387956 -0.0925264 1.847326
v -0.02861837 -0.09671747 1.85035
v -0.02209361 -0.09281214 1.856184
v -0.0420965 -0.08662077 1.84142
v -0.04857362 -0.08695417 1.851088
v -0.04628755 -0.08733518 1.862471
v -0.01880742 -0.08714468 1.856994
v -0.02109346 -0.08676365 1.845611
v 0.03465392 -0.09546493 1.859766
v 0.0335347 -0.09702951 1.853682
v 0.03016864 -0.09540871 1.858846
v 0.02763944 -0.09526159 1.854958
v 0.03847615 -0.0953541 1.857184
v 0.03937322 -0.0952358 1.852613
v 0.04469707 -0.0911693 1.851685
v 0.03975574 -0.09092291 1.844146
v 0.03680667 -0.09511385 1.848727
v 0.03110183 -0.09082647 1.842343
v 0.03230653 -0.09508052 1.84783
v 0.04299522 -0.09142761 1.860514
v 0.02380263 -0.09097555 1.847339
v 0.02853068 -0.09516769 1.850364
v 0.02204715 -0.09125827 1.856192
v 0.04130128 -0.08514111 1.841551
v 0.04763693 -0.08548853 1.851242
v 0.04541067 -0.08586361 1.862615
v 0.01875058 -0.08559183 1.857003
v 0.02099366 -0.08521507 1.845628
v 0.01690466 -0.1153951 1.941773
v 0.03870951 -0.09924995 1.943254
v 0.02913757 -0.1083159 1.932051
v 0.03108515 -0.09979402 1.952915
v 0.01067332 -0.1179793 1.909181
v -0.005976972 -0.1248196 1.918067
v 0.006361947 -0.1105434 1.947083
v 0.02289667 -0.09096918 1.95249
v 0.03240371 -0.06883779 1.952733
v 0.04009521 -0.0781206 1.949066
v -0.008315005 -0.1197825 1.886183
v -0.02801532 -0.1253897 1.89297
v -0.03089389 -0.1198238 1.867705
v -0.04268523 -0.1173502 1.873712
v -0.04864747 -0.1114004 1.860849
v -0.05618601 -0.1099375 1.87137
v -0.04480936 -0.1138833 1.892224
v -0.01870323 -0.1180545 1.92653
v -0.05959811 -0.09955675 1.85199
v -0.02353684 -0.09971247 1.891927
v -0.00538468 -0.09814999 1.915665
v -0.008315005 -0.1197825 1.886183
v -0.04004994 -0.1046001 1.872802
v -0.03089389 -0.1198238 1.867705
v 0.02913757 -0.1083159 1.932051
v 0.01847624 -0.09276962 1.937351
v 0.03870951 -0.09924995 1.943254
v 0.02904885 -0.07282358 1.947643
v 0.04009521 -0.0781206 1.949066
v 0.03385725 -0.06368435 1.950078
v 0.06501429 0.04120811 1.78014
v 0.0676724 0.05900211 1.830462
v 0.05326905 0.05438554 1.790531
v 0.07763653 0.03567522 1.820899
v 0.05929429 0.05599479 1.741024
v 0.04595896 0.06774996 1.744086
v 0.02554676 0.07172772 1.797215
v 0.02279758 0.07543635 1.746466
v 0.006064905 0.07870245 1.800544
v 0.007618527 0.07925338 1.747318
v 0.03336329 0.08902173 1.851712
v 0.0002837838 0.1042409 1.854194
v 0.04138372 0.1015859 1.889639
v 0.001484556 0.1105492 1.896999
v 0.07772934 0.06097067 1.860228
v 0.04781059 0.09210516 1.927743
v 0.08231842 0.05290661 1.885119
v 0.05152127 0.06411428 1.955684
v 0.08354519 0.028579 1.915874
v 0.05273956 0.03594149 1.972457
v 0.08517575 0.03662862 1.854669
v 0.08976807 0.0240522 1.88072
v 0.08906422 0.005040655 1.910961
v 0.00963046 0.07335879 1.971854
v 0.01148399 0.04239316 1.983793
v 0.005968956 0.0976619 1.939433
v 0.08119086 -0.006978745 1.931484
v 0.0624757 -0.0168297 1.963702
v 0.03581622 -0.01948085 1.985703
v 0.01148399 0.04239316 1.983793
v 0.01148399 0.04239316 1.983793
v 0.02120749 -0.0190424 1.984446
v -0.02108466 0.07190388 1.7975
v 0.0002837838 0.1042409 1.854194
v -0.03038169 0.09154451 1.850561
v 0.006064905 0.07870245 1.800544
v 0.007618527 0.07925338 1.747318
v -0.01552202 0.07740621 1.744579
v 0.001484556 0.1105492 1.896999
v -0.03748275 0.1041843 1.889385
v -0.06149153 0.04341463 1.790339
v -0.04809023 0.06158725 1.744037
v -0.07790972 0.06027098 1.838479
v 0.005968956 0.0976619 1.939433
v -0.04571133 0.09363137 1.927409
v -0.09093032 0.05583134 1.880103
v -0.04815822 0.06737459 1.960561
v -0.09048998 0.03637853 1.922248
v -0.04807108 0.03738984 1.973448
v -0.06331554 -0.01117968 1.964831
v -0.009962994 -0.02150279 1.987154
v -0.09674376 -0.001375971 1.916075
v 0.01148399 0.04239316 1.983793
v 0.00963046 0.07335879 1.971854
v 0.01148399 0.04239316 1.983793
v -0.09971962 0.01338861 1.821868
v -0.07734253 0.01379868 1.779713
v -0.1064998 0.005670624 1.86831
v 0.01148399 0.04239316 1.983793
v 0.02120749 -0.0190424 1.984446
v -0.06142558 0.036893 1.740136
v 0.0351407 -0.06961665 1.969243
v 0.02284486 -0.05009679 1.974923
v 0.03571779 -0.05485361 1.978348
v 0.02467202 -0.06711404 1.967146
v 0.06148617 -0.04908898 1.962322
v 0.0624757 -0.0168297 1.963702
v 0.03581622 -0.01948085 1.985703
v 0.02120749 -0.0190424 1.984446
v 0.06031544 -0.06557701 1.954517
v 0.08067235 -0.0366308 1.931155
v 0.07698276 -0.05912183 1.924585
v 0.0837869 -0.04668618 1.895559
v 0.08946703 -0.02308724 1.907153
v 0.08119086 -0.006978745 1.931484
v 0.08906422 0.005040655 1.910961
v 0.09157187 -0.004852867 1.882967
v 0.08976807 0.0240522 1.88072
v 0.09273544 0.02121043 1.852148
v 0.08517575 0.03662862 1.854669
v 0.08910517 -0.02544755 1.876675
v 0.08925803 0.006261325 1.850548
v 0.08686361 0.01011037 1.811856
v 0.08497068 0.02645776 1.812827
v 0.07513321 0.01018201 1.7611
v 0.07175969 0.02491445 1.773428
v 0.06608332 0.02503716 1.739238
v 0.06723022 0.001730847 1.728732
v 0.06501429 0.04120811 1.78014
v 0.06034861 0.0368746 1.754129
v 0.07763653 0.03567522 1.820899
v 0.02166583 -0.07194616 1.970368
v 0.02284486 -0.05009679 1.974923
v 0.02467202 -0.06711404 1.967146
v 0.01721407 -0.05136178 1.982296
v -0.01199846 -0.05337822 1.983841
v -0.01083368 -0.07764916 1.976692
v -0.06392507 -0.04259978 1.96295
v -0.05768589 -0.07372745 1.956704
v -0.08743945 -0.06241019 1.910969
v -0.09377158 -0.03024913 1.914762
v -0.1012907 -0.0489682 1.856989
v -0.10689 -0.01958527 1.860251
v -0.1039506 -0.04552407 1.814775
v -0.1021734 -0.01235455 1.816888
v -0.0971804 -0.04530758 1.779524
v -0.09110013 -0.01142431 1.779774
v -0.09971962 0.01338861 1.821868
v -0.1064998 0.005670624 1.86831
v -0.09674376 -0.001375971 1.916075
v -0.06331554 -0.01117968 1.964831
v -0.009962994 -0.02150279 1.987154
v 0.02120749 -0.0190424 1.984446
v -0.080295 -0.05322947 1.743086
v -0.08416584 -0.04399048 1.74357
v -0.07287165 -0.04985922 1.732037
v -0.05764504 -0.06813446 1.722263
v -0.05857636 -0.05490246 1.719494
v -0.08037856 -0.02177319 1.7482
v -0.06491689 -0.01677013 1.73652
v -0.09110013 -0.01142431 1.779774
v -0.06491689 -0.01677013 1.73652
v -0.04801605 -0.08133467 1.712446
v -0.09110013 -0.01142431 1.779774
v -0.07734253 0.01379868 1.779713
v -0.03829122 -0.1073804 1.940939
v 2.063334E-05 -0.1039889 1.959306
v -0.02762401 -0.1231581 1.929317
v 0.01289045 -0.1112772 1.947523
v -0.01685084 -0.1253186 1.919599
v 0.0287608 -0.08254839 1.952095
v 0.02468505 -0.07986943 1.962138
v -0.04504676 -0.1310472 1.875441
v -0.06061196 -0.1180224 1.886159
v -0.05665011 -0.1211176 1.835999
v -0.0763576 -0.1067354 1.845412
v -0.07102679 -0.09504701 1.894175
v -0.08592358 -0.08387917 1.851148
v -0.0797948 -0.09589969 1.805743
v -0.08947888 -0.07555755 1.811401
v -0.06271123 -0.1103609 1.800378
v -0.06377719 -0.1049856 1.775673
v -0.07882697 -0.09225035 1.781353
v -0.07637625 -0.08990059 1.757095
v -0.06437577 -0.1037333 1.750887
v -0.07564994 -0.1016428 1.727379
v -0.06395551 -0.1127185 1.72227
v -0.08158518 -0.08365125 1.734413
v -0.07923398 -0.1005412 1.706409
v -0.08508617 -0.07568021 1.752534
v -0.08790266 -0.07342122 1.781001
v -0.07205176 -0.1215699 1.701217
v -0.07483974 -0.1329849 1.685536
v -0.07801449 -0.1132022 1.692548
v 0.0530098 -0.01385566 1.729463
v 0.05072594 -0.01781883 1.742805
v 0.05817105 -0.009473791 1.739674
v 0.04054524 -0.02223662 1.722629
v 0.06493694 0.002539043 1.739363
v 0.06940483 0.01621695 1.763381
v 0.0667535 0.001816282 1.765819
v 0.05722827 -0.008571267 1.770697
v 0.07818689 0.02373942 1.793433
v 0.07409896 0.009344807 1.793803
v 0.08402999 0.01725683 1.833454
v 0.08264764 0.02184208 1.852482
v 0.07542269 -0.0003032875 1.864842
v 0.08543457 -0.02634552 1.880052
v 0.06760848 -0.01525893 1.858459
v 0.07077959 -0.04177811 1.863479
v 0.07134336 0.007052131 1.833872
v 0.06484962 -0.002753038 1.800851
v 0.08090991 -0.05713242 1.88413
v 0.08534365 -0.03341459 1.896868
v 0.07834277 -0.04694704 1.921015
v 0.07501592 -0.07250244 1.911066
v 0.05678938 -0.08307926 1.947144
v 0.06031544 -0.06557701 1.954517
v 0.06241991 -0.08811731 1.902739
v 0.06873909 -0.0713101 1.877595
v 0.0461534 -0.09639612 1.934002
v 0.03583923 -0.08109567 1.960832
v 0.03422575 -0.09291679 1.953227
v 0.02679497 -0.07710402 1.959223
v 0.02981116 -0.09033293 1.948094
v 0.0351407 -0.06961665 1.969243
v 0.02467202 -0.06711404 1.967146
v 0.0431102 -0.08214271 1.931008
v 0.06128959 -0.06018168 1.88928
v -0.1012907 -0.0489682 1.856989
v -0.1009383 -0.06139014 1.817121
v -0.1039506 -0.04552407 1.814775
v -0.09540258 -0.07014169 1.856056
v -0.08947888 -0.07555755 1.811401
v -0.08592358 -0.08387917 1.851148
v -0.07891451 -0.08412062 1.900609
v -0.07102679 -0.09504701 1.894175
v -0.03829122 -0.1073804 1.940939
v -0.04812007 -0.09625921 1.949724
v -0.08743945 -0.06241019 1.910969
v -0.05768589 -0.07372745 1.956704
v -0.00842244 -0.09480695 1.966471
v -0.01083368 -0.07764916 1.976692
v 2.063334E-05 -0.1039889 1.959306
v 0.02305407 -0.08338497 1.967271
v 0.0259776 -0.09227083 1.958614
v 0.02166583 -0.07194616 1.970368
v 0.02679497 -0.07710402 1.959223
v 0.02467202 -0.06711404 1.967146
v 0.02981116 -0.09033293 1.948094
v -0.05301414 -0.08447456 1.720011
v -0.06656367 -0.06870772 1.729634
v -0.06082898 -0.07860513 1.729519
v -0.05788415 -0.07518571 1.717929
v -0.07986498 -0.06393594 1.750351
v -0.07154969 -0.07366854 1.748514
v -0.08790266 -0.07342122 1.781001
v -0.09402051 -0.06288237 1.781431
v -0.0971804 -0.04530758 1.779524
v -0.080295 -0.05322947 1.743086
v -0.06771059 -0.05896542 1.726588
v -0.05621732 -0.07086843 1.715944
v -0.05135518 -0.08253616 1.711761
v -0.04579018 -0.09136 1.713476
v 0.06241991 -0.08811731 1.902739
v 0.0431102 -0.08214271 1.931008
v 0.0461534 -0.09639612 1.934002
v 0.03241071 -0.07869174 1.954261
v 0.03422575 -0.09291679 1.953227
v 0.0251517 -0.07584102 1.947227
v 0.02981116 -0.09033293 1.948094
v 0.06873909 -0.0713101 1.877595
v 0.06128959 -0.06018168 1.88928
v 0.07077959 -0.04177811 1.863479
v 0.06760848 -0.01525893 1.858459
v -2.503395E-08 -0.08004551 1.977284
v 0.008454336 -0.08309379 1.976185
v -1.549721E-08 -0.08324497 1.97635
v 0.01363165 -0.07966309 1.976857
v 0.03986034 -0.08878563 1.963109
v 0.01961602 -0.07728837 1.976985
v 0.0296347 -0.0737452 1.975758
v 0.006034139 -0.08476318 1.975197
v 0.004555076 -0.08962738 1.971592
v -2.503395E-08 -0.08963993 1.972359
v -1.549721E-08 -0.0850412 1.975219
v 0.0101654 -0.09747932 1.965618
v 0.01653652 -0.1028771 1.960435
v 0.02599823 -0.1067203 1.955323
v 0.03591514 -0.1072201 1.951071
v 0.04503293 -0.1055494 1.947332
v 0.05738335 -0.0992479 1.943007
v 0.06545251 -0.09079328 1.941634
v 0.07175073 -0.08330537 1.941862
v 0.07384886 -0.07612185 1.945046
v 0.07317623 -0.06643142 1.951
v 0.0690278 -0.06361526 1.958189
v 0.05921963 -0.06497291 1.965129
v 0.04603778 -0.06877434 1.97161
v 0.07976538 -0.0621068 1.942361
v 0.07384886 -0.07612185 1.945046
v 0.07317623 -0.06643142 1.951
v 0.08003454 -0.06954134 1.937619
v 0.07581479 -0.01519241 1.87253
v -2.503395E-08 -0.08004551 1.977284
v -0.008454357 -0.08309379 1.976185
v -0.01363169 -0.07966309 1.976857
v -1.549721E-08 -0.08324497 1.97635
v -0.03986037 -0.08878563 1.963109
v -0.01961607 -0.07728837 1.976985
v -0.02963472 -0.0737452 1.975758
v -0.006034156 -0.08476318 1.975197
v -0.004555102 -0.08962738 1.971592
v -2.503395E-08 -0.08963993 1.972359
v -1.549721E-08 -0.0850412 1.975219
v -0.01016544 -0.09747932 1.965618
v -0.01653654 -0.1028771 1.960435
v -0.02599826 -0.1067203 1.955323
v -0.03591517 -0.1072201 1.951071
v -0.04503295 -0.1055494 1.947332
v -0.05738337 -0.0992479 1.943007
v -0.06545255 -0.09079328 1.941634
v -0.07175075 -0.08330537 1.941862
v -0.07384889 -0.07612185 1.945046
v -0.07317624 -0.06643142 1.951
v -0.06902784 -0.06361526 1.958189
v -0.05921966 -0.06497291 1.965129
v -0.04603779 -0.06877434 1.97161
v -0.07976542 -0.0621068 1.942361
v -0.07384889 -0.07612185 1.945046
v -0.08003456 -0.06954134 1.937619
v -0.07317624 -0.06643142 1.951
v -0.07581483 -0.01519241 1.87253
v -0.08970005 0.03637853 1.922248
v -0.06276263 -0.01099725 1.96438
v -0.04728115 0.03738984 1.973448
v -0.0960307 -0.001240525 1.915857
v -0.09014039 0.05583134 1.880103
v -0.10574 0.005772314 1.868322
v -0.07711979 0.06027098 1.838479
v -0.0989923 0.01345332 1.822102
v -0.0607016 0.04341463 1.790339
v -0.07734253 0.01379868 1.779713
v -0.0868924 -0.06155444 1.910583
v -0.06360335 -0.04193386 1.962065
v -0.09316386 -0.02970156 1.914339
v -0.05742395 -0.07276326 1.95588
v -0.1006109 -0.04824125 1.85712
v -0.1061566 -0.01913989 1.860351
v -0.1032453 -0.04483012 1.81531
v -0.1014852 -0.01197845 1.817404
v -0.09654 -0.04461571 1.780398
v -0.09051803 -0.01105712 1.780645
v -0.0989923 0.01345332 1.822102
v -0.10574 0.005772314 1.868322
v -0.0960307 -0.001240525 1.915857
v -0.06276263 -0.01099725 1.96438
v -0.08365018 -0.04331124 1.744788
v -0.07981641 -0.05246169 1.744308
v -0.07246421 -0.04912375 1.733366
v -0.05738349 -0.06722385 1.723685
v -0.05830589 -0.05411866 1.720942
v -0.07989917 -0.02130684 1.749374
v -0.06458566 -0.01635172 1.737806
v -0.09051803 -0.01105712 1.780645
v -0.06458566 -0.01635172 1.737806
v -0.04784677 -0.08029758 1.713962
v -0.09051803 -0.01105712 1.780645
v -0.07734253 0.01379868 1.779713
v -0.04490593 -0.1295337 1.875395
v -0.02765014 -0.1217203 1.928755
v -0.06032198 -0.1166337 1.88601
v -0.0169802 -0.1238601 1.91913
v -0.0563981 -0.1196993 1.836331
v -0.07591674 -0.105455 1.845655
v -0.07063702 -0.09387854 1.89395
v -0.03821513 -0.1060937 1.940266
v -0.08539105 -0.08281769 1.851335
v -0.07932101 -0.09472305 1.806365
v -0.08891229 -0.07457581 1.811969
v -0.06240115 -0.1090457 1.801052
v -0.06345689 -0.1037219 1.776583
v -0.07836245 -0.09110866 1.782209
v -0.07593522 -0.08878141 1.758184
v -0.06404974 -0.1024816 1.752035
v -0.07521587 -0.1004111 1.728752
v -0.06363349 -0.1113807 1.723692
v -0.08109424 -0.08259197 1.735718
v -0.07876556 -0.09932011 1.707983
v -0.08456168 -0.07469731 1.753666
v -0.08735118 -0.07245995 1.78186
v -0.07165217 -0.1201472 1.702841
v -0.07441343 -0.1314529 1.68731
v -0.07755776 -0.1118598 1.694254
v -0.1006109 -0.04824125 1.85712
v -0.1002619 -0.06054416 1.817634
v -0.09477922 -0.06921185 1.856196
v -0.1032453 -0.04483012 1.81531
v -0.08891229 -0.07457581 1.811969
v -0.08539105 -0.08281769 1.851335
v -0.07844916 -0.08305683 1.900322
v -0.07063702 -0.09387854 1.89395
v -0.03821513 -0.1060937 1.940266
v -0.04794979 -0.09507909 1.948967
v -0.0868924 -0.06155444 1.910583
v -0.05742395 -0.07276326 1.95588
v -0.0934104 -0.06202209 1.782286
v -0.08735118 -0.07245995 1.78186
v -0.07939052 -0.06306559 1.751504
v -0.07115491 -0.07270491 1.749684
v -0.06053693 -0.0775942 1.730872
v -0.06621667 -0.06779163 1.730986
v -0.05279697 -0.08340738 1.721454
v -0.05762032 -0.07420754 1.719393
v -0.07981641 -0.05246169 1.744308
v -0.09654 -0.04461571 1.780398
v -0.06735259 -0.05814268 1.727969
v -0.05596946 -0.06993163 1.717426
v -0.05115391 -0.08148756 1.713284
v -0.04564223 -0.09022682 1.714982
vt 0.7712283 0.1690733
vt 0.8177075 0.2536316
vt 0.7589775 0.2318386
vt 0.8337975 0.1742509
vt 0.756909 0.2792493
vt 0.7921551 0.2855621
vt 0.8183264 0.312703
vt 0.7731898 0.3698448
vt 0.795926 0.1128107
vt 0.8538817 0.1262061
vt 0.8604077 0.370368
vt 0.8208593 0.3949796
vt 0.8486498 0.06958287
vt 0.7839403 0.3963244
vt 0.8124647 0.4165797
vt 0.8946738 0.4194003
vt 0.8910627 0.4370026
vt 0.7994021 0.4341817
vt 0.8798617 0.466085
vt 0.9488602 0.4345974
vt 0.9338813 0.3988348
vt 0.9907023 0.4024916
vt 0.9882371 0.43869
vt 0.9479116 0.4703832
vt 0.9875099 0.4703998
vt 0.9909273 0.3686802
vt 0.9299432 0.3730684
vt 0.9642608 0.3475833
vt 0.9909273 0.3467394
vt 0.9909273 0.2989197
vt 0.9743873 0.3017326
vt 0.9515464 0.3119717
vt 0.9179039 0.3566972
vt 0.8946128 0.3881457
vt 0.8946738 0.4194003
vt 0.9113779 0.3231671
vt 0.9128899 0.3066474
vt 0.9458081 0.3011701
vt 0.9641483 0.2867679
vt 0.9356773 0.2924288
vt 0.9708993 0.2761913
vt 0.9790005 0.2849676
vt 0.9909273 0.287443
vt 0.9826011 0.2696653
vt 0.9911523 0.2710155
vt 0.9817008 0.2489622
vt 0.9911523 0.2500874
vt 0.9810259 0.2320846
vt 0.9911523 0.2329848
vt 0.9911523 0.2228583
vt 0.9801256 0.2219581
vt 0.9767503 0.2104814
vt 0.9911523 0.2104814
vt 0.9765251 0.1983296
vt 0.9911523 0.1976545
vt 0.9911523 0.1897783
vt 0.9799008 0.1918036
vt 0.9802382 0.187978
vt 0.9911523 0.1855026
vt 0.982601 0.1768388
vt 0.9913774 0.1756011
vt 0.9681988 0.2068808
vt 0.9668487 0.1983296
vt 0.9686489 0.1904815
vt 0.9609979 0.1898908
vt 0.9577067 0.1805519
vt 0.958185 0.201255
vt 0.9524466 0.1991172
vt 0.9470456 0.1911285
vt 0.9481709 0.2023802
vt 0.9823762 0.1686251
vt 0.9609978 0.1707629
vt 0.9823762 0.1503973
vt 0.9660611 0.1500598
vt 0.9407448 0.1605238
vt 0.9464831 0.1421836
vt 0.9195916 0.1427462
vt 0.9238673 0.1299192
vt 0.915316 0.1195676
vt 0.9001262 0.1422961
vt 0.9913774 0.1474719
vt 0.9911523 0.1661497
vt 0.9243174 0.1765013
vt 0.9363567 0.1754886
vt 0.9397321 0.1923661
vt 0.9479458 0.2203829
vt 0.955372 0.2149821
vt 0.9335437 0.2098063
vt 0.9056395 0.1920286
vt 0.8736847 0.1972606
vt 0.9119405 0.2311845
vt 0.8831361 0.2342225
vt 0.8893245 0.2490747
vt 0.8632206 0.2624642
vt 0.8853865 0.2685401
vt 0.8780729 0.2745035
vt 0.8701967 0.2865991
vt 0.8583824 0.2959943
vt 0.8788605 0.3090462
vt 0.8766102 0.3225482
vt 0.8547819 0.3097213
vt 0.8570322 0.3401009
vt 0.8856115 0.3518027
vt 0.8861343 0.2996799
vt 0.8433052 0.2937439
vt 0.8545568 0.2752911
vt 0.8492686 0.2556007
vt 0.8471869 0.2161072
vt 0.8668212 0.1545604
vt 0.8730659 0.09188847
vt 0.9139386 0.2961484
vt 0.9382694 0.2817609
vt 0.9127281 0.2881181
vt 0.8923625 0.2838424
vt 0.8901122 0.2885682
vt 0.8923625 0.2838424
vt 0.8836988 0.2745035
vt 0.9136282 0.2856427
vt 0.9585225 0.2696653
vt 0.9659486 0.2705654
vt 0.948621 0.2725907
vt 0.9510963 0.2656147
vt 0.9517714 0.2435614
vt 0.9357941 0.2505374
vt 0.934669 0.2653897
vt 0.9132907 0.2624642
vt 0.9139658 0.2458117
vt 0.8956255 0.2640394
vt 0.9477209 0.2689902
vt 0.9360191 0.268315
vt 0.9139658 0.2656147
vt 0.8983259 0.2673024
vt 0.8898872 0.2707904
vt 0.8840362 0.2734908
vt 0.935119 0.2692152
vt 0.9447954 0.2705654
vt 0.9443454 0.274166
vt 0.9358504 0.2805794
vt 0.9127281 0.2881181
vt 0.914866 0.267415
vt 0.9139658 0.2656147
vt 0.8986635 0.2702279
vt 0.8874118 0.2757412
vt 0.8943878 0.2820422
vt 0.8923625 0.2838424
vt 0.9136282 0.2856427
vt 0.9136282 0.2856427
vt 0.9139658 0.2656147
vt 0.914866 0.267415
vt 0.8851615 0.05948358
vt 0.9040643 0.07939909
vt 0.9418699 0.06207147
vt 0.9366943 0.04710671
vt 0.9427701 0.03292957
vt 0.9916025 0.0311293
vt 0.9916025 0.04328113
vt 0.9916025 0.05790834
vt 0.9474958 0.07658616
vt 0.9528966 0.09020071
vt 0.9261177 0.1042653
vt 0.955372 0.103984
vt 0.9382694 0.1125916
vt 0.9916025 0.07298562
vt 0.9913774 0.08558752
vt 0.9695491 0.09638914
vt 0.9911523 0.09481391
vt 0.9758501 0.1031402
vt 0.9911523 0.1024651
vt 0.9759626 0.1106788
vt 0.9911523 0.1096661
vt 0.9768627 0.11833
vt 0.9911523 0.1173173
vt 0.978438 0.1213679
vt 0.9911523 0.1200177
vt 0.9729245 0.1267687
vt 0.9911523 0.1260936
vt 0.9616728 0.1222681
vt 0.9603227 0.1193426
vt 0.9585225 0.1132667
vt 0.9444578 0.1237308
vt 0.9429951 0.1195676
vt 0.962573 0.1267687
vt 0.9492961 0.1263187
vt 0.9324186 0.1265437
vt 0.9498587 0.135095
vt 0.971912 0.1395957
vt 0.9913774 0.1411709
vt 0.9525591 0.1289065
vt 0.9778754 0.1268813
vt 0.9761878 0.1302568
vt 0.9911523 0.1305943
vt 0.9911523 0.1265437
vt 0.9558221 0.1272188
vt 0.9402947 0.1276689
vt 0.9411948 0.1274438
vt 0.6795522 0.1387885
vt 0.7369016 0.1251125
vt 0.7102503 0.1104958
vt 0.7320838 0.07408994
vt 0.7554129 0.09776495
vt 0.7409087 0.04243513
vt 0.714673 0.1783737
vt 0.677725 0.1658013
vt 0.766987 0.03671576
vt 0.8002944 0.05603337
vt 0.7930651 0.0309964
vt 0.6858348 0.1952499
vt 0.6622084 0.1574146
vt 0.6531518 0.1911708
vt 0.677725 0.1658013
vt 0.6795522 0.1387885
vt 0.6518199 0.2126373
vt 0.6729015 0.2218943
vt 0.6535626 0.2330446
vt 0.6627892 0.2487184
vt 0.6728177 0.2458941
vt 0.7176973 0.00737581
vt 0.6960548 0.05528929
vt 0.675597 0.03515017
vt 0.6604444 0.06390212
vt 0.7525157 0.00924705
vt 0.7165129 0.07542828
vt 0.6547737 0.1087827
vt 0.6642555 0.1249112
vt 0.6915058 0.1186291
vt 0.6452919 0.09265414
vt 0.8910627 0.4370026
vt 0.8946738 0.4194003
vt 0.9697741 0.2181325
vt 0.9717994 0.2266838
vt 0.9742748 0.240861
vt 0.9742748 0.2617891
vt 0.9627982 0.2525627
vt 0.9643734 0.2208329
vt 0.9612229 0.2136319
vt 0.935119 0.2370354
vt 0.9444578 0.1237308
vt 0.9411948 0.1274438
vt 0.9402947 0.1276689
vt 0.9411948 0.1274438
vt 0.94232 0.1272188
vt 0.94232 0.1272188
vt 0.94232 0.1272188
vt 0.9504213 0.1267687
vt 0.7712283 0.1690733
vt 0.8177075 0.2536316
vt 0.8337975 0.1742509
vt 0.7589775 0.2318386
vt 0.795926 0.1128107
vt 0.8538817 0.1262061
vt 0.8486498 0.06958287
vt 0.8471869 0.2161072
vt 0.8736847 0.1972606
vt 0.8668212 0.1545604
vt 0.9001262 0.1422961
vt 0.8730659 0.09188847
vt 0.8851615 0.05948358
vt 0.8492686 0.2556007
vt 0.9040643 0.07939909
vt 0.9418699 0.06207147
vt 0.9366943 0.04710671
vt 0.9427701 0.03292957
vt 0.9916025 0.0311293
vt 0.9916025 0.04328113
vt 0.9916025 0.05790834
vt 0.9474958 0.07658616
vt 0.9528966 0.09020071
vt 0.9261177 0.1042653
vt 0.955372 0.103984
vt 0.9382694 0.1125916
vt 0.9916025 0.07298562
vt 0.9913774 0.08558752
vt 0.9695491 0.09638914
vt 0.9911523 0.09481391
vt 0.9758501 0.1031402
vt 0.9911523 0.1024651
vt 0.9238673 0.1299192
vt 0.915316 0.1195676
vt 0.9195916 0.1427462
vt 0.9464831 0.1421836
vt 0.9407448 0.1605238
vt 0.9660611 0.1500598
vt 0.9609978 0.1707629
vt 0.9823762 0.1503973
vt 0.9823762 0.1686251
vt 0.9913774 0.1474719
vt 0.9911523 0.1661497
vt 0.9243174 0.1765013
vt 0.9363567 0.1754886
vt 0.9577067 0.1805519
vt 0.982601 0.1768388
vt 0.9686489 0.1904815
vt 0.9802382 0.187978
vt 0.9911523 0.1855026
vt 0.9911523 0.1897783
vt 0.9799008 0.1918036
vt 0.9765251 0.1983296
vt 0.9911523 0.1976545
vt 0.9913774 0.1756011
vt 0.9911523 0.2104814
vt 0.9767503 0.2104814
vt 0.9911523 0.2228583
vt 0.9801256 0.2219581
vt 0.9810259 0.2320846
vt 0.9911523 0.2329848
vt 0.9681988 0.2068808
vt 0.9668487 0.1983296
vt 0.9609979 0.1898908
vt 0.958185 0.201255
vt 0.9697741 0.2181325
vt 0.9717994 0.2266838
vt 0.9911523 0.2500874
vt 0.9817008 0.2489622
vt 0.9911523 0.2710155
vt 0.9826011 0.2696653
vt 0.9909273 0.287443
vt 0.9790005 0.2849676
vt 0.9743873 0.3017326
vt 0.9708993 0.2761913
vt 0.9641483 0.2867679
vt 0.9458081 0.3011701
vt 0.9356773 0.2924288
vt 0.9515464 0.3119717
vt 0.9642608 0.3475833
vt 0.9909273 0.2989197
vt 0.9909273 0.3467394
vt 0.9909273 0.3686802
vt 0.9299432 0.3730684
vt 0.9338813 0.3988348
vt 0.9907023 0.4024916
vt 0.9179039 0.3566972
vt 0.8946128 0.3881457
vt 0.9113779 0.3231671
vt 0.9128899 0.3066474
vt 0.9585225 0.2696653
vt 0.8788605 0.3090462
vt 0.8861343 0.2996799
vt 0.8766102 0.3225482
vt 0.8856115 0.3518027
vt 0.8604077 0.370368
vt 0.8570322 0.3401009
vt 0.8235021 0.3425763
vt 0.8141632 0.3027453
vt 0.8547819 0.3097213
vt 0.8433052 0.2937439
vt 0.8545568 0.2752911
vt 0.8583824 0.2959943
vt 0.8701967 0.2865991
vt 0.8632206 0.2624642
vt 0.8780729 0.2745035
vt 0.8901122 0.2885682
vt 0.9139386 0.2961484
vt 0.8923625 0.2838424
vt 0.9127281 0.2881181
vt 0.9382694 0.2817609
vt 0.8853865 0.2685401
vt 0.8840362 0.2734908
vt 0.8898872 0.2707904
vt 0.8956255 0.2640394
vt 0.8983259 0.2673024
vt 0.9132907 0.2624642
vt 0.9139658 0.2458117
vt 0.8893245 0.2490747
vt 0.9357941 0.2505374
vt 0.934669 0.2653897
vt 0.9510963 0.2656147
vt 0.9517714 0.2435614
vt 0.948621 0.2725907
vt 0.9477209 0.2689902
vt 0.9360191 0.268315
vt 0.9139658 0.2656147
vt 0.9447954 0.2705654
vt 0.9443454 0.274166
vt 0.9358504 0.2805794
vt 0.9127281 0.2881181
vt 0.935119 0.2692152
vt 0.914866 0.267415
vt 0.9139658 0.2656147
vt 0.9627982 0.2525627
vt 0.9659486 0.2705654
vt 0.9742748 0.2617891
vt 0.9742748 0.240861
vt 0.9643734 0.2208329
vt 0.9479458 0.2203829
vt 0.935119 0.2370354
vt 0.9119405 0.2311845
vt 0.9335437 0.2098063
vt 0.9056395 0.1920286
vt 0.8831361 0.2342225
vt 0.9397321 0.1923661
vt 0.9481709 0.2023802
vt 0.9470456 0.1911285
vt 0.9524466 0.1991172
vt 0.955372 0.2149821
vt 0.9612229 0.2136319
vt 0.6795522 0.1387885
vt 0.7102503 0.1104958
vt 0.7369016 0.1251125
vt 0.7320838 0.07408994
vt 0.7554129 0.09776495
vt 0.7409087 0.04243513
vt 0.766987 0.03671576
vt 0.8002944 0.05603337
vt 0.7930651 0.0309964
vt 0.8836988 0.2745035
vt 0.8923625 0.2838424
vt 0.8943878 0.2820422
vt 0.8923625 0.2838424
vt 0.8874118 0.2757412
vt 0.9136282 0.2856427
vt 0.9136282 0.2856427
vt 0.9136282 0.2856427
vt 0.8986635 0.2702279
vt 0.9139658 0.2656147
vt 0.914866 0.267415
vt 0.9911523 0.1200177
vt 0.9729245 0.1267687
vt 0.9911523 0.1260936
vt 0.978438 0.1213679
vt 0.9911523 0.1173173
vt 0.9768627 0.11833
vt 0.9911523 0.1096661
vt 0.9759626 0.1106788
vt 0.9616728 0.1222681
vt 0.9603227 0.1193426
vt 0.9585225 0.1132667
vt 0.9444578 0.1237308
vt 0.9429951 0.1195676
vt 0.962573 0.1267687
vt 0.9492961 0.1263187
vt 0.9324186 0.1265437
vt 0.9498587 0.135095
vt 0.971912 0.1395957
vt 0.9913774 0.1411709
vt 0.9525591 0.1289065
vt 0.9778754 0.1268813
vt 0.9761878 0.1302568
vt 0.9911523 0.1305943
vt 0.9911523 0.1265437
vt 0.9558221 0.1272188
vt 0.9402947 0.1276689
vt 0.9411948 0.1274438
vt 0.9411948 0.1274438
vt 0.94232 0.1272188
vt 0.94232 0.1272188
vt 0.94232 0.1272188
vt 0.9504213 0.1267687
vt 0.9411948 0.1274438
vt 0.9444578 0.1237308
vt 0.9402947 0.1276689
vt 0.714673 0.1783737
vt 0.677725 0.1658013
vt 0.677725 0.1658013
vt 0.714673 0.1783737
vt 0.7065982 0.2749344
vt 0.7187909 0.2725082
vt 0.7097618 0.2590041
vt 0.7257146 0.2621676
vt 0.6962578 0.2680218
vt 0.6938316 0.2558405
vt 0.6810677 0.2532961
vt 0.693505 0.2346639
vt 0.7007441 0.245483
vt 0.7154809 0.2302845
vt 0.7129366 0.2430625
vt 0.685433 0.275258
vt 0.7341133 0.2427473
vt 0.7232717 0.249975
vt 0.7384815 0.2647119
vt 0.6891481 0.2281342
vt 0.673367 0.251765
vt 0.6789089 0.2796178
vt 0.7461933 0.2662431
vt 0.7406543 0.2383791
vt 0.7065982 0.2749344
vt 0.7097618 0.2590041
vt 0.7187909 0.2725082
vt 0.7257146 0.2621676
vt 0.6962578 0.2680218
vt 0.6938316 0.2558405
vt 0.6810677 0.2532961
vt 0.693505 0.2346639
vt 0.7007441 0.245483
vt 0.7154809 0.2302845
vt 0.7129366 0.2430625
vt 0.685433 0.275258
vt 0.7341133 0.2427473
vt 0.7232717 0.249975
vt 0.7384815 0.2647119
vt 0.6891481 0.2281342
vt 0.673367 0.251765
vt 0.6789089 0.2796178
vt 0.7461933 0.2662431
vt 0.7406543 0.2383791
vt 0.3658677 0.1790639
vt 0.3819905 0.2158517
vt 0.3819905 0.1816164
vt 0.3626289 0.2160767
vt 0.3819905 0.1648346
vt 0.3666936 0.164305
vt 0.3409615 0.1831471
vt 0.3409615 0.2151538
vt 0.3409615 0.2341071
vt 0.3819905 0.2341071
vt 0.3819905 0.1482979
vt 0.3621921 0.1481877
vt 0.3819905 0.1281974
vt 0.3701192 0.1259713
vt 0.3819905 0.1175269
vt 0.3483467 0.1207891
vt 0.3409615 0.1389102
vt 0.3409615 0.1671792
vt 0.3537025 0.1031239
vt 0.3819905 0.1482979
vt 0.3819905 0.1648346
vt 0.3819905 0.1482979
vt 0.3819905 0.1281974
vt 0.3819905 0.1281974
vt 0.3819905 0.1816164
vt 0.3819905 0.1816164
vt 0.3819905 0.2158517
vt 0.3819905 0.2158517
vt 0.3819905 0.2341071
vt 0.3819905 0.2341071
vt 0.3566029 0.03860429
vt 0.3095941 0.07187543
vt 0.3152465 0.04792659
vt 0.3522465 0.06701285
vt 0.3555847 0.01174349
vt 0.3166529 0.01239947
vt 0.25573 0.05316484
vt 0.260183 0.01338516
vt 0.2414181 0.05500964
vt 0.2440687 0.01488524
vt 0.2526809 0.08104457
vt 0.2368231 0.08039486
vt 0.2537176 0.1125756
vt 0.2334493 0.1212891
vt 0.3066322 0.09611364
vt 0.2626719 0.1417682
vt 0.3109254 0.1161102
vt 0.2729799 0.1701124
vt 0.316084 0.1399803
vt 0.2885448 0.1877794
vt 0.3410812 0.09108467
vt 0.344771 0.1094224
vt 0.3381141 0.1351749
vt 0.2441329 0.1895835
vt 0.2656775 0.2111602
vt 0.2357416 0.1516396
vt 0.3303611 0.165168
vt 0.3195554 0.1875766
vt 0.3101155 0.2204087
vt 0.2656775 0.2111602
vt 0.2656775 0.2111602
vt 0.3012126 0.236829
vt 0.25573 0.05316484
vt 0.2368231 0.08039486
vt 0.2526809 0.08104457
vt 0.2414181 0.05500964
vt 0.2440687 0.01488523
vt 0.260183 0.01338515
vt 0.2334493 0.1212891
vt 0.2537176 0.1125756
vt 0.3152465 0.04792659
vt 0.3166529 0.01239947
vt 0.3095941 0.07187543
vt 0.2357416 0.1516396
vt 0.2626719 0.1417682
vt 0.3081053 0.1110007
vt 0.2729799 0.1701124
vt 0.3096658 0.1466334
vt 0.2885448 0.1877794
vt 0.3224409 0.1815928
vt 0.3133927 0.2069846
vt 0.3303611 0.165168
vt 0.2656775 0.2111602
vt 0.2441329 0.1895835
vt 0.2656775 0.2111602
vt 0.3522465 0.06701285
vt 0.3594601 0.03978126
vt 0.344771 0.1094224
vt 0.2656775 0.2111602
vt 0.3012126 0.236829
vt 0.3741457 0.01139593
vt 0.0185834 0.1860413
vt 0.07084819 0.1918726
vt 0.06881348 0.1821093
vt 0.01869676 0.1918368
vt 0.06949709 0.1660249
vt 0.1183315 0.1655773
vt 0.1183315 0.1810464
vt 0.1183315 0.1912159
vt 0.01869676 0.1684426
vt 0.07252849 0.1439826
vt 0.01898003 0.1453249
vt 0.01881009 0.1260454
vt 0.07285558 0.1260454
vt 0.1183315 0.1441283
vt 0.1183315 0.1253862
vt 0.07285521 0.1056359
vt 0.1183315 0.1050285
vt 0.07227466 0.07719722
vt 0.1183315 0.07679018
vt 0.01881009 0.1020052
vt 0.01881009 0.07714005
vt 0.01881009 0.0546963
vt 0.07194815 0.05492229
vt 0.01881009 0.03774961
vt 0.07134999 0.0379455
vt 0.07463396 0.01451603
vt 0.02213909 0.01495104
vt 0.1183315 0.03720406
vt 0.1190822 0.014151
vt 0.1183315 0.05505147
vt 0.135972 0.1798426
vt 0.1961271 0.1840372
vt 0.135972 0.18409
vt 0.195747 0.1804498
vt 0.1950341 0.1690697
vt 0.135972 0.1690671
vt 0.1962876 0.1440305
vt 0.135972 0.142282
vt 0.1355763 0.1098231
vt 0.1958665 0.1097613
vt 0.1363677 0.07314537
vt 0.1969531 0.07348306
vt 0.135972 0.05318912
vt 0.1960669 0.050521
vt 0.135972 0.04352916
vt 0.1958434 0.03157596
vt 0.2283236 0.05223456
vt 0.2283781 0.07437085
vt 0.2280904 0.1105534
vt 0.2281299 0.1445635
vt 0.2271779 0.169921
vt 0.2278335 0.1826528
vt 0.135972 0.03093687
vt 0.1568024 0.03105981
vt 0.1564158 0.02171571
vt 0.135972 0.02165427
vt 0.1560292 0.01355795
vt 0.1958971 0.02633457
vt 0.2080897 0.01346784
vt 0.1958434 0.03157596
vt 0.2080897 0.01346784
vt 0.135972 0.01355795
vt 0.1958434 0.03157596
vt 0.2279516 0.0388276
vt 0.613181 0.1738058
vt 0.5912101 0.2123161
vt 0.5660075 0.172597
vt 0.5129607 0.2129498
vt 0.5099189 0.1729094
vt 0.5202543 0.2333533
vt 0.5616906 0.2339711
vt 0.5115969 0.130625
vt 0.5653374 0.1309738
vt 0.5113558 0.102697
vt 0.5666505 0.1023064
vt 0.613181 0.1304295
vt 0.6131808 0.1027678
vt 0.5688689 0.08068722
vt 0.613181 0.08079404
vt 0.513312 0.0808523
vt 0.5139205 0.06245105
vt 0.5697752 0.0620649
vt 0.5675753 0.04850442
vt 0.5149204 0.04906957
vt 0.5696808 0.03605004
vt 0.5167074 0.03953438
vt 0.613181 0.03578255
vt 0.613181 0.02135292
vt 0.613181 0.04371736
vt 0.6131808 0.05764582
vt 0.5458394 0.02251411
vt 0.5454435 0.0144911
vt 0.613181 0.01499831
vt 0.4485743 0.01136507
vt 0.3763937 0.02851065
vt 0.4430729 0.02813295
vt 0.3763937 0.01136507
vt 0.5047148 0.02851065
vt 0.5047148 0.04911646
vt 0.4397003 0.0484748
vt 0.3763937 0.05680038
vt 0.5047148 0.07193437
vt 0.4361575 0.06907821
vt 0.434023 0.09189242
vt 0.5047148 0.101506
vt 0.4398195 0.1116963
vt 0.4787165 0.1269226
vt 0.3804441 0.1101784
vt 0.4089064 0.1244267
vt 0.3763937 0.09471698
vt 0.3763937 0.08100212
vt 0.4510756 0.1384857
vt 0.5045762 0.1384857
vt 0.5052065 0.1724572
vt 0.4544162 0.1713111
vt 0.4557022 0.2025093
vt 0.5048553 0.2011232
vt 0.4072884 0.1702352
vt 0.4064073 0.1384857
vt 0.4133217 0.2008569
vt 0.4536856 0.2270859
vt 0.4161259 0.2258324
vt 0.4565943 0.2338612
vt 0.4150864 0.2338612
vt 0.5047148 0.2267192
vt 0.5048553 0.2339056
vt 0.4133217 0.2008569
vt 0.4068478 0.1543604
vt 0.005686065 0.2917423
vt 0.04119746 0.2760672
vt 0.00556392 0.276317
vt 0.04265749 0.2911611
vt 0.07200085 0.2772968
vt 0.07200085 0.2904587
vt 0.04256717 0.3113336
vt 0.07200085 0.3096541
vt 0.07200085 0.3297735
vt 0.04177883 0.3309777
vt 0.005686065 0.3123468
vt 0.005686065 0.3313919
vt 0.04196342 0.3544376
vt 0.005686065 0.35395
vt 0.07200085 0.3532678
vt 0.04295011 0.373275
vt 0.07200085 0.372106
vt 0.005686065 0.37251
vt 0.04091319 0.3761804
vt 0.005686065 0.3761804
vt 0.07200085 0.3761804
vt 0.07200085 0.2131573
vt 0.03557326 0.2252117
vt 0.07200085 0.2243556
vt 0.03358319 0.2131678
vt 0.0406767 0.2410193
vt 0.07200085 0.2392562
vt 0.07200085 0.2586715
vt 0.04262215 0.2594309
vt 0.006354918 0.2543797
vt 0.006354918 0.2338455
vt 0.006354918 0.2187202
vt 0.006354918 0.208607
vt 0.0298397 0.2058873
vt 0.07200085 0.2058873
vt 0.4072884 0.1702352
vt 0.4133217 0.2008569
vt 0.4133217 0.2008569
vt 0.4161259 0.2258324
vt 0.4161259 0.2258324
vt 0.4150864 0.2338612
vt 0.4150864 0.2338612
vt 0.4064073 0.1384857
vt 0.4068478 0.1543604
vt 0.4089064 0.1244267
vt 0.4089064 0.1244267
vt 0.6452613 0.3589296
vt 0.6598403 0.3526807
vt 0.6451243 0.3532431
vt 0.6679494 0.3580962
vt 0.7090922 0.3305388
vt 0.6770321 0.3616773
vt 0.6924915 0.3657017
vt 0.6561979 0.3493395
vt 0.654053 0.3387812
vt 0.6455187 0.3394642
vt 0.6454385 0.3488912
vt 0.6626722 0.321566
vt 0.6725094 0.3085734
vt 0.6870394 0.2976439
vt 0.7023718 0.2921968
vt 0.7166137 0.2902894
vt 0.7362972 0.2940931
vt 0.7495769 0.3041997
vt 0.7596444 0.3145236
vt 0.76309 0.3277197
vt 0.762657 0.3476655
vt 0.7547741 0.3594519
vt 0.7390056 0.3660722
vt 0.7179987 0.3680089
vt 0.7938266 0.4923716
vt 0.7725101 0.4694539
vt 0.7728627 0.4961523
vt 0.793521 0.4716786
vt 0.9933199 0.4967957
vt 0.6452613 0.3589296
vt 0.6598403 0.3526807
vt 0.6679494 0.3580962
vt 0.6451243 0.3532431
vt 0.7090922 0.3305388
vt 0.6770321 0.3616773
vt 0.6924915 0.3657017
vt 0.6561979 0.3493395
vt 0.654053 0.3387812
vt 0.6455187 0.3394642
vt 0.6454385 0.3488912
vt 0.6626722 0.321566
vt 0.6725094 0.3085734
vt 0.6870394 0.2976439
vt 0.7023718 0.2921968
vt 0.7166137 0.2902894
vt 0.7362972 0.2940931
vt 0.7495769 0.3041997
vt 0.7596444 0.3145236
vt 0.76309 0.3277197
vt 0.762657 0.3476655
vt 0.7547741 0.3594519
vt 0.7390056 0.3660722
vt 0.7179987 0.3680089
vt 0.7938266 0.4923716
vt 0.7725101 0.4694539
vt 0.793521 0.4716786
vt 0.7728627 0.4961523
vt 0.9933199 0.4967957
vt 0.3096658 0.1466334
vt 0.3224409 0.1815928
vt 0.2885448 0.1877794
vt 0.3303611 0.165168
vt 0.3081053 0.1110007
vt 0.344771 0.1094224
vt 0.3095941 0.07187543
vt 0.3522465 0.06701285
vt 0.3152465 0.04792659
vt 0.3594601 0.03978126
vt 0.1355763 0.1098231
vt 0.1962876 0.1440305
vt 0.1958665 0.1097613
vt 0.135972 0.142282
vt 0.1363677 0.07314537
vt 0.1969531 0.07348306
vt 0.135972 0.05318912
vt 0.1960669 0.050521
vt 0.135972 0.04352916
vt 0.1958434 0.03157596
vt 0.2283236 0.05223456
vt 0.2283781 0.07437085
vt 0.2280904 0.1105534
vt 0.2281299 0.1445635
vt 0.1568024 0.03105981
vt 0.135972 0.03093687
vt 0.1564158 0.02171571
vt 0.135972 0.02165427
vt 0.1560292 0.01355795
vt 0.1958971 0.02633457
vt 0.2080897 0.01346784
vt 0.1958434 0.03157596
vt 0.2080897 0.01346784
vt 0.135972 0.01355795
vt 0.1958434 0.03157596
vt 0.2279516 0.0388276
vt 0.5115969 0.130625
vt 0.5660075 0.172597
vt 0.5653374 0.1309738
vt 0.5099189 0.1729094
vt 0.5113558 0.102697
vt 0.5666505 0.1023064
vt 0.613181 0.1304295
vt 0.613181 0.1738058
vt 0.6131808 0.1027678
vt 0.5688689 0.08068722
vt 0.613181 0.08079404
vt 0.513312 0.0808523
vt 0.5139205 0.06245105
vt 0.5697752 0.0620649
vt 0.5675753 0.04850442
vt 0.5149204 0.04906957
vt 0.5696808 0.03605004
vt 0.5167074 0.03953438
vt 0.613181 0.03578255
vt 0.613181 0.02135292
vt 0.613181 0.04371736
vt 0.6131808 0.05764582
vt 0.5458394 0.02251411
vt 0.5454435 0.0144911
vt 0.613181 0.01499831
vt 0.005686065 0.2917423
vt 0.04119746 0.2760672
vt 0.04265749 0.2911611
vt 0.00556392 0.276317
vt 0.07200085 0.2772968
vt 0.07200085 0.2904587
vt 0.04256717 0.3113336
vt 0.07200085 0.3096541
vt 0.07200085 0.3297735
vt 0.04177883 0.3309777
vt 0.005686065 0.3123468
vt 0.005686065 0.3313919
vt 0.04262215 0.2594309
vt 0.07200085 0.2586715
vt 0.0406767 0.2410193
vt 0.07200085 0.2392562
vt 0.07200085 0.2243556
vt 0.03557326 0.2252117
vt 0.07200085 0.2131573
vt 0.03358319 0.2131678
vt 0.006354918 0.2338455
vt 0.006354918 0.2543797
vt 0.006354918 0.2187202
vt 0.006354918 0.208607
vt 0.0298397 0.2058873
vt 0.07200085 0.2058873
vn 0.9384643 -0.04959112 -0.3417973
vn 0.9806945 -0.1885383 -0.05187901
vn 0.9601316 -0.2666529 -0.08392509
vn 0.9512877 -0.1842494 -0.2471917
vn 0.9612396 -0.2718879 0.04577559
vn 0.9878848 -0.1413376 0.06408829
vn 0.9801527 -0.176623 0.09002813
vn 0.9706112 -0.1943606 0.1419081
vn 0.8934322 0.06799564 -0.444022
vn 0.9068751 -0.2527177 -0.3372113
vn 0.8608273 -0.492092 0.1296987
vn 0.9198443 -0.3094598 0.241083
vn 0.7427228 0.04110343 -0.6683362
vn 0.9581956 -0.2271632 0.1739486
vn 0.8759378 -0.3404571 0.3417922
vn 0.7434636 -0.5903078 0.3143222
vn 0.7097643 -0.5274714 0.4669138
vn 0.8098215 -0.3744166 0.4516651
vn 0.6859472 -0.4682656 0.5569595
vn 0.383854 -0.722313 0.5752564
vn 0.3374174 -0.8899884 0.3067084
vn 0.06187087 -0.9637861 0.2594002
vn 0.1582127 -0.7688705 0.6195215
vn 0.346397 -0.6101107 0.7125826
vn 0.1335308 -0.648764 0.7491827
vn 0 -0.9972007 0.07477099
vn 0.3517536 -0.9354346 0.03509429
vn 0.1779486 -0.9770009 0.117488
vn 0 -0.9968473 0.07934345
vn 0 -0.9892136 -0.1464795
vn 0.1968931 -0.948749 -0.2472012
vn 0.1921139 -0.969677 -0.151059
vn 0.4357315 -0.8888199 0.141906
vn 0.5984282 -0.7846801 0.1617425
vn 0.7434636 -0.5903078 0.3143222
vn 0.4163615 -0.901576 0.1174891
vn 0.3408969 -0.7928988 -0.5050749
vn 0.2503978 -0.6747844 -0.6942384
vn 0.502578 -0.5819362 -0.6393478
vn 0.1565263 -0.6470865 -0.7461761
vn 0.79901 -0.5769714 -0.1693721
vn 0.5455954 -0.7968922 -0.2594
vn 0 -0.9677872 -0.2517697
vn 0.6790366 -0.7142985 0.1693717
vn 0 -0.9565918 0.291431
vn 0.6841276 -0.6307605 0.3662111
vn 0 -0.8735448 0.4867437
vn 0.6831128 -0.6151216 0.3936778
vn 0 -0.8612813 0.5081283
vn 0 -0.8114656 0.5844002
vn 0.6311057 -0.5834522 0.5111644
vn 0.6170466 -0.7402366 0.2670268
vn 0 -0.9611054 0.2761819
vn 0.5460228 -0.7945878 -0.2654984
vn 0 -0.9488072 -0.3158558
vn 0 -0.7122381 -0.701938
vn 0.3073099 -0.6682966 -0.6774513
vn 0.3788888 -0.4984137 -0.7797608
vn 0 -0.6125598 -0.7904243
vn 0.401919 -0.7867793 -0.4684436
vn 0 -0.8777497 -0.4791194
vn 0.8540058 -0.4852309 0.1876836
vn 0.6641821 -0.5382502 -0.5187954
vn 0.3104214 -0.4578333 -0.833083
vn 0.5324251 -0.4928705 -0.6881875
vn 0.6726092 -0.6814901 -0.2883888
vn 0.9153206 -0.3763182 0.143432
vn 0.9940389 -0.09326939 -0.05645754
vn 0.7073565 -0.7064863 -0.02288833
vn 0.8222325 -0.5552281 0.1251218
vn 0.2607339 -0.942165 0.210578
vn 0.6097022 -0.778397 0.1495377
vn 0.1887302 -0.948801 0.2532933
vn 0.5327736 -0.8426721 0.07782033
vn 0.6126953 -0.7890794 0.04425101
vn 0.6517938 -0.7518827 -0.09918291
vn 0.5948587 -0.7917462 -0.138856
vn 0.605253 -0.7680939 -0.2090467
vn 0.6706994 -0.682072 -0.2914447
vn 0.6703646 -0.6784229 -0.3005888
vn 0 -0.9999814 0.006103262
vn 0 -0.9741673 0.2258275
vn 0.3926361 -0.9113507 -0.1235989
vn 0.4810673 -0.8766358 0.009155465
vn 0.3368488 -0.9414981 -0.0106815
vn 0.5166593 -0.855647 0.03051795
vn 0.8214362 -0.5685811 0.04425053
vn 0.2871076 -0.9576929 0.0198367
vn 0.4025632 -0.9012609 -0.1602242
vn 0.74773 -0.6416335 -0.1708988
vn 0.2567867 -0.9458907 0.1983719
vn 0.6094265 -0.7728335 0.1769964
vn 0.5445065 -0.8217905 0.1678486
vn 0.6320933 -0.7470107 -0.205993
vn 0.6381871 -0.761781 0.1113871
vn 0.4845452 -0.6643066 -0.5691332
vn 0.5000565 -0.6291357 -0.5950897
vn 0.7623495 -0.5948883 -0.2548159
vn 0.5980652 -0.7787914 -0.1892141
vn 0.6308408 -0.7423227 0.2258248
vn 0.8860243 -0.4472799 0.1220721
vn 0.8505288 -0.4968611 0.1724232
vn 0.615472 -0.7690659 0.1724294
vn 0.4212359 -0.6948437 -0.5828829
vn 0.9525492 -0.3043236 0.006103639
vn 0.7739813 -0.5143981 -0.3692528
vn 0.8819779 -0.470935 -0.01831096
vn 0.9272484 -0.3523792 -0.1266467
vn 0.8433864 -0.4443192 -0.3021256
vn 0.8153258 -0.3622928 -0.4516502
vn 0.1198473 -0.6241501 -0.7720578
vn 0.307334 -0.6254449 -0.7171921
vn 0.01373054 -0.4908668 -0.8711265
vn 0.02125869 -0.3244095 -0.9456779
vn 0.2770646 -0.5918976 -0.7568966
vn 0.02125869 -0.3244095 -0.9456779
vn 0.2963372 -0.7802513 -0.5508105
vn 0.07508784 -0.1615223 -0.9840083
vn 0.6417422 -0.7661853 -0.03356949
vn 0.8340734 -0.5456935 0.08087175
vn 0.4863585 -0.7245966 -0.4882777
vn 0.236577 -0.9627107 0.1312224
vn 0.5640509 -0.7266847 0.3921427
vn 0.1458197 -0.9306138 0.3357
vn -0.156256 -0.905875 0.393668
vn 0.1491501 -0.9623235 0.2273491
vn 0.1846822 -0.9554072 0.2304116
vn 0.4757069 -0.8665344 0.1510665
vn 0.1829669 -0.5363246 0.8239411
vn -0.08704954 -0.2986191 0.9503942
vn 0.08519188 -0.4804889 0.8728533
vn 0.04916303 -0.5577214 0.828571
vn 0.0214105 -0.7164173 0.6973433
vn 0.2963372 -0.7802513 -0.5508105
vn 0.04577397 0.07209401 0.9963469
vn 0.3804913 -0.1184609 0.9171659
vn 0.9091885 -0.4024519 -0.1068119
vn 0.4710768 -0.2666662 -0.8408186
vn 0.01373054 -0.4908668 -0.8711265
vn 0.02322818 0.004960432 0.9997179
vn 0.08519188 -0.4804889 0.8728533
vn -0.2783282 -0.1726732 0.9448372
vn -0.7751943 -0.6090166 -0.1678467
vn -0.2025777 -0.05091856 -0.9779415
vn 0.02125869 -0.3244095 -0.9456779
vn 0.07508784 -0.1615223 -0.9840083
vn 0.07508784 -0.1615223 -0.9840083
vn 0.08519188 -0.4804889 0.8728533
vn 0.02322818 0.004960432 0.9997179
vn 0.5982615 -0.05330807 -0.7995257
vn 0.7323381 -0.5374818 -0.4180839
vn 0.5149881 -0.6937081 -0.5035439
vn 0.4159744 -0.2019245 -0.8866745
vn 0.2928166 0.1140884 -0.9493378
vn 0 -0.06361325 -0.9979746
vn 0 -0.2768357 -0.9609173
vn 0 -0.8284826 -0.5600149
vn 0.4756477 -0.8663008 -0.1525849
vn 0.4602613 -0.868046 -0.1861597
vn 0.6405874 -0.7280399 -0.2441423
vn 0.5598299 -0.7331838 -0.3860468
vn 0.6011539 -0.7589406 -0.2502463
vn 0 -0.9946023 -0.1037614
vn 0 -0.9645302 -0.2639727
vn 0.3149445 -0.7750645 -0.5478
vn 0 -0.6622775 -0.7492587
vn 0.2919193 -0.682667 -0.6698872
vn 0 -0.7396984 -0.6729386
vn 0.3650961 -0.8958517 -0.2532874
vn 0 -0.9779056 -0.2090471
vn 0.2504692 -0.9395545 0.2334581
vn 0 -0.9641072 0.2655134
vn 0.1319159 -0.604175 0.7858567
vn 0 -0.6391707 0.7690648
vn 0.02104813 -0.173823 0.984552
vn 0 -0.1831824 0.983079
vn 0.3330627 -0.566414 0.7538199
vn 0.5604069 -0.8159696 0.1419078
vn 0.5802422 -0.7661858 -0.2761855
vn 0.6753379 -0.5758229 0.4608109
vn 0.6758644 -0.7162045 -0.173949
vn 0.05537067 -0.08752523 0.9946222
vn 0.4066202 -0.4072758 0.8177937
vn 0.4905308 -0.8619457 -0.128176
vn 0.4539256 -0.6631858 -0.5950934
vn 0.3313026 -0.7979299 -0.5035341
vn 0 -0.8785654 -0.4776222
vn 0.09478828 -0.3146895 -0.9444499
vn 0.04764837 -0.3026231 -0.9519185
vn 0.1305283 -0.4843273 -0.865095
vn 0 -0.5091983 -0.8606492
vn 0 -0.2400208 -0.9707677
vn -0.1235381 -0.007442338 -0.9923119
vn 0.8189096 -0.3501847 -0.4547061
vn 0.8397981 -0.3553359 -0.4104578
vn 0.9384643 -0.04959112 -0.3417973
vn 0.8238716 0.1716598 -0.5401561
vn 0.8934322 0.06799564 -0.444022
vn 0.7427228 0.04110343 -0.6683362
vn 0.5654114 0.1698833 -0.8071244
vn 0.5982615 -0.05330807 -0.7995257
vn 0.9309424 0.2220185 -0.2899211
vn 0.3982038 0.6806623 -0.6149247
vn 0.2928166 0.1140884 -0.9493378
vn 0 -0.04965242 -0.9987665
vn 0 -0.06361325 -0.9979746
vn 0.4780764 0.8386662 -0.260925
vn 0.414924 0.1839312 -0.891071
vn 0.7647486 0.4407822 -0.4699689
vn 0.3982038 0.6806623 -0.6149247
vn 0.9384643 -0.04959112 -0.3417973
vn 0.8506899 0.5251693 -0.02288852
vn -0.3312588 0.9026796 0.2746582
vn 0.1871115 0.7405304 0.6454487
vn 0.382696 -0.1233032 0.9156092
vn 0.8745759 -0.3985445 0.2761869
vn 0.414924 0.1839312 -0.891071
vn 0.9098615 -0.4127064 -0.04272501
vn 0.7647486 0.4407822 -0.4699689
vn 0.8506899 0.5251693 -0.02288852
vn 0.9384643 -0.04959112 -0.3417973
vn 0.9601316 -0.2666529 -0.08392509
vn 0.382696 -0.1233032 0.9156092
vn 0.8745759 -0.3985445 0.2761869
vn 0.9612396 -0.2718879 0.04577559
vn 0.1871115 0.7405304 0.6454487
vn 0.7097643 -0.5274714 0.4669138
vn 0.7434636 -0.5903078 0.3143222
vn 0.8123984 -0.3725047 0.4486079
vn 0.8368146 -0.4383093 0.3280644
vn 0.8408191 -0.4854203 0.239563
vn 0.8315378 -0.4966732 0.2487181
vn 0.7280989 -0.5804096 0.3646872
vn 0.8251668 -0.4936219 0.2746582
vn 0.8361951 -0.2613073 0.4821786
vn 0.2804177 -0.9074833 0.3127937
vn 0.6753379 -0.5758229 0.4608109
vn 0.8397981 -0.3553359 -0.4104578
vn 0.8189096 -0.3501847 -0.4547061
vn 0.8397981 -0.3553359 -0.4104578
vn 0.6712717 -0.2193465 0.7080123
vn 0.6712717 -0.2193465 0.7080123
vn 0.6712717 -0.2193465 0.7080123
vn 0.2057627 -0.05705162 0.9769374
vn -0.9634542 -0.07772484 -0.2563489
vn -0.9659984 -0.2310805 -0.1159694
vn -0.9512877 -0.1842494 -0.2471917
vn -0.9649764 -0.1409532 -0.2212527
vn -0.8934322 0.06799564 -0.444022
vn -0.9068751 -0.2527177 -0.3372113
vn -0.7427228 0.04110343 -0.6683362
vn -0.9272484 -0.3523792 -0.1266467
vn -0.74773 -0.6416335 -0.1708988
vn -0.8433864 -0.4443192 -0.3021256
vn -0.6703646 -0.6784229 -0.3005888
vn -0.8153258 -0.3622928 -0.4516502
vn -0.5982615 -0.05330807 -0.7995257
vn -0.8816006 -0.4715793 -0.01983589
vn -0.732327 -0.5374913 -0.4180911
vn -0.5149881 -0.6937081 -0.5035439
vn -0.4159744 -0.2019245 -0.8866745
vn -0.2928166 0.1140884 -0.9493378
vn 0 -0.06361325 -0.9979746
vn 0 -0.2768357 -0.9609173
vn 0 -0.8284826 -0.5600149
vn -0.4756477 -0.8663008 -0.1525849
vn -0.4602613 -0.868046 -0.1861597
vn -0.6405874 -0.7280399 -0.2441423
vn -0.5598299 -0.7331838 -0.3860468
vn -0.6011539 -0.7589406 -0.2502463
vn 0 -0.9946023 -0.1037614
vn 0 -0.9645302 -0.2639727
vn -0.3149445 -0.7750645 -0.5478
vn 0 -0.6622775 -0.7492587
vn -0.2919193 -0.682667 -0.6698872
vn 0 -0.7396984 -0.6729386
vn -0.605253 -0.7680939 -0.2090467
vn -0.6706994 -0.682072 -0.2914447
vn -0.5948587 -0.7917462 -0.138856
vn -0.6518075 -0.751871 -0.09918136
vn -0.6126953 -0.7890794 0.04425101
vn -0.5327736 -0.8426721 0.07782033
vn -0.6097022 -0.778397 0.1495377
vn -0.1887302 -0.948801 0.2532933
vn -0.2607339 -0.942165 0.210578
vn 0 -0.9999814 0.006103262
vn 0 -0.9741673 0.2258275
vn -0.3926361 -0.9113507 -0.1235989
vn -0.4810673 -0.8766358 0.009155465
vn -0.6726092 -0.6814901 -0.2883888
vn -0.401919 -0.7867793 -0.4684436
vn -0.3104214 -0.4578333 -0.833083
vn -0.3788888 -0.4984137 -0.7797608
vn 0 -0.6125598 -0.7904243
vn 0 -0.7122381 -0.701938
vn -0.3073099 -0.6682966 -0.6774513
vn -0.5460228 -0.7945878 -0.2654984
vn 0 -0.9488072 -0.3158558
vn 0 -0.8777497 -0.4791194
vn 0 -0.9611054 0.2761819
vn -0.6170466 -0.7402366 0.2670268
vn 0 -0.8114656 0.5844002
vn -0.6311057 -0.5834522 0.5111644
vn -0.6831128 -0.6151216 0.3936778
vn 0 -0.8612813 0.5081283
vn -0.8540058 -0.4852309 0.1876836
vn -0.6641821 -0.5382502 -0.5187954
vn -0.5324251 -0.4928705 -0.6881875
vn -0.9153206 -0.3763182 0.143432
vn -0.8123984 -0.3725047 0.4486079
vn -0.8368146 -0.4383093 0.3280644
vn 0 -0.8735448 0.4867437
vn -0.6841276 -0.6307605 0.3662111
vn 0 -0.9565918 0.291431
vn -0.6790366 -0.7142985 0.1693717
vn 0 -0.9677872 -0.2517697
vn -0.5455954 -0.7968922 -0.2594
vn -0.1968931 -0.948749 -0.2472012
vn -0.79901 -0.5769714 -0.1693721
vn -0.502578 -0.5819362 -0.6393478
vn -0.2503755 -0.6747885 -0.6942425
vn -0.1565263 -0.6470865 -0.7461761
vn -0.1921139 -0.969677 -0.151059
vn -0.1779486 -0.9770009 0.117488
vn 0 -0.9892136 -0.1464795
vn 0 -0.9968473 0.07934345
vn 0 -0.9972007 0.07477099
vn -0.3517536 -0.9354346 0.03509429
vn -0.2883046 -0.9491258 0.1266518
vn 0.06187087 -0.9637861 0.2594002
vn -0.4357702 -0.8888014 0.141903
vn -0.5529494 -0.832762 0.02746627
vn -0.4163615 -0.901576 0.1174891
vn -0.3408969 -0.7928988 -0.5050749
vn -0.6417422 -0.7661853 -0.03356949
vn -0.5980652 -0.7787914 -0.1892141
vn -0.4212359 -0.6948437 -0.5828829
vn -0.6308408 -0.7423227 0.2258248
vn -0.615472 -0.7690659 0.1724294
vn -0.7853268 -0.6178088 0.03967405
vn -0.8513954 -0.4989639 0.1617437
vn -0.958143 -0.2797087 0.06103429
vn -0.9678078 -0.2477695 0.04425136
vn -0.8908771 -0.4348766 0.1312259
vn -0.9577014 -0.2862995 0.02899236
vn -0.7739813 -0.5143981 -0.3692528
vn -0.7623495 -0.5948883 -0.2548159
vn -0.5000565 -0.6291357 -0.5950897
vn -0.6320933 -0.7470107 -0.205993
vn -0.4845452 -0.6643066 -0.5691332
vn -0.2770646 -0.5918976 -0.7568966
vn -0.1198473 -0.6241501 -0.7720578
vn -0.02125869 -0.3244095 -0.9456779
vn -0.01377821 -0.4908665 -0.8711258
vn -0.3073556 -0.6254403 -0.7171868
vn -0.6381871 -0.761781 0.1113871
vn -0.2963372 -0.7802513 -0.5508105
vn -0.0214105 -0.7164173 0.6973433
vn -0.4757069 -0.8665344 0.1510665
vn -0.04916303 -0.5577214 0.828571
vn -0.1491501 -0.9623235 0.2273491
vn -0.1846822 -0.9554072 0.2304116
vn -0.5445065 -0.8217905 0.1678486
vn -0.1458663 -0.9306073 0.3356977
vn 0.1563026 -0.9058682 0.393665
vn -0.236577 -0.9627107 0.1312224
vn -0.5640509 -0.7266847 0.3921427
vn -0.4863585 -0.7245966 -0.4882777
vn -0.1829669 -0.5363246 0.8239411
vn 0.08704954 -0.2986191 0.9503942
vn -0.08523921 -0.4804869 0.8728496
vn -0.3804913 -0.1184609 0.9171659
vn -0.9091885 -0.4024519 -0.1068119
vn -0.4710954 -0.2666631 -0.8408091
vn -0.01377821 -0.4908665 -0.8711258
vn -0.04582155 0.07209386 0.9963447
vn -0.02327584 0.004960426 0.9997167
vn -0.08523921 -0.4804869 0.8728496
vn -0.7280989 -0.5804096 0.3646872
vn -0.8340734 -0.5456935 0.08087175
vn -0.8315378 -0.4966732 0.2487181
vn -0.8408191 -0.4854203 0.239563
vn -0.8251668 -0.4936219 0.2746582
vn -0.5166593 -0.855647 0.03051795
vn -0.2804177 -0.9074833 0.3127937
vn -0.2567413 -0.9459065 0.1983552
vn -0.2871514 -0.9576799 0.01983643
vn -0.4025632 -0.9012609 -0.1602242
vn -0.6094265 -0.7728335 0.1769964
vn -0.3368488 -0.9414981 -0.0106815
vn -0.8222325 -0.5552281 0.1251218
vn -0.7073565 -0.7064863 -0.02288833
vn -0.9940389 -0.09326939 -0.05645754
vn -0.8214362 -0.5685811 0.04425053
vn -0.8361951 -0.2613073 0.4821786
vn -0.9634542 -0.07772484 -0.2563489
vn -0.8934322 0.06799564 -0.444022
vn -0.7609995 0.1925506 -0.6195191
vn -0.7427228 0.04110343 -0.6683362
vn -0.5653952 0.1698856 -0.8071352
vn -0.5982615 -0.05330807 -0.7995257
vn -0.2928166 0.1140884 -0.9493378
vn 0 -0.04965242 -0.9987665
vn 0 -0.06361325 -0.9979746
vn -0.2963372 -0.7802513 -0.5508105
vn -0.02125869 -0.3244095 -0.9456779
vn 0.2025777 -0.05091856 -0.9779415
vn -0.02125869 -0.3244095 -0.9456779
vn 0.7751943 -0.6090166 -0.1678467
vn -0.07504043 -0.1615229 -0.9840118
vn -0.07504043 -0.1615229 -0.9840118
vn -0.07504043 -0.1615229 -0.9840118
vn 0.2783282 -0.1726732 0.9448372
vn -0.08523921 -0.4804869 0.8728496
vn -0.02327584 0.004960426 0.9997167
vn 0 -0.6391707 0.7690648
vn -0.02104813 -0.173823 0.984552
vn 0 -0.1831824 0.983079
vn -0.1319159 -0.604175 0.7858567
vn 0 -0.9641072 0.2655134
vn -0.2504692 -0.9395545 0.2334581
vn 0 -0.9779056 -0.2090471
vn -0.3650961 -0.8958517 -0.2532874
vn -0.3330627 -0.566414 0.7538199
vn -0.5604069 -0.8159696 0.1419078
vn -0.5802422 -0.7661858 -0.2761855
vn -0.6753379 -0.5758229 0.4608109
vn -0.6758644 -0.7162045 -0.173949
vn -0.05537067 -0.08752523 0.9946222
vn -0.4066202 -0.4072758 0.8177937
vn -0.4905308 -0.8619457 -0.128176
vn -0.4539256 -0.6631858 -0.5950934
vn -0.3313026 -0.7979299 -0.5035341
vn 0 -0.8785654 -0.4776222
vn -0.09478828 -0.3146895 -0.9444499
vn -0.04764837 -0.3026231 -0.9519185
vn -0.1305283 -0.4843273 -0.865095
vn 0 -0.5091983 -0.8606492
vn 0 -0.2400208 -0.9707677
vn 0.1235381 -0.007442338 -0.9923119
vn -0.8189096 -0.3501847 -0.4547061
vn -0.8397981 -0.3553359 -0.4104578
vn -0.8397981 -0.3553359 -0.4104578
vn -0.6712717 -0.2193465 0.7080123
vn -0.6712717 -0.2193465 0.7080123
vn -0.6712717 -0.2193465 0.7080123
vn -0.2057627 -0.05705162 0.9769374
vn -0.8397981 -0.3553359 -0.4104578
vn -0.6753379 -0.5758229 0.4608109
vn -0.8189096 -0.3501847 -0.4547061
vn 0.9353272 0.3080643 -0.1739523
vn 0.3982038 0.6806623 -0.6149247
vn 0.4780764 0.8386662 -0.260925
vn 0.9309424 0.2220185 -0.2899211
vn -0.05564528 -0.9692866 0.2395561
vn 0.1588889 -0.9671621 0.1983727
vn 0.0007152812 -0.9994862 -0.0320446
vn 0.4288543 -0.9020531 -0.04882664
vn -0.402793 -0.9081082 0.1144434
vn -0.4579472 -0.8811812 -0.1174908
vn -0.7441252 -0.6466093 -0.1678514
vn -0.5107666 -0.680895 -0.5248804
vn -0.2590603 -0.8706866 -0.4180822
vn 0.1141827 -0.7954882 -0.5951141
vn 0.09160217 -0.8678603 -0.4882906
vn -0.7685033 -0.625598 0.1342747
vn 0.6644318 -0.6881785 -0.2914459
vn 0.3894195 -0.8752522 -0.2868554
vn 0.7682796 -0.6164547 -0.1724242
vn -0.7302001 -0.4617814 -0.5035534
vn -0.8454887 -0.5004934 -0.1861592
vn -0.8626041 -0.4808458 0.1571666
vn 0.860911 -0.4722625 -0.1892101
vn 0.8608087 -0.4724494 -0.1892086
vn 0.05321562 -0.9694206 0.2395656
vn 0.0003337979 -0.9994863 -0.0320446
vn -0.1618433 -0.9666726 0.1983701
vn -0.4311194 -0.9010541 -0.04730344
vn 0.4134562 -0.9031093 0.1159642
vn 0.4705552 -0.8743072 -0.1190156
vn 0.76465 -0.6217907 -0.1693712
vn 0.5264835 -0.6639577 -0.5310135
vn 0.2680197 -0.8672376 -0.4196003
vn -0.1172048 -0.7962109 -0.5935581
vn -0.09164945 -0.8678564 -0.4882885
vn 0.7916604 -0.5956766 0.1358059
vn -0.6652674 -0.6886566 -0.2883946
vn -0.3924757 -0.8748808 -0.2838069
vn -0.7681608 -0.6170272 -0.1708984
vn 0.7497931 -0.427445 -0.5050755
vn 0.8665094 -0.4625326 -0.1876833
vn 0.8824033 -0.4434666 0.1571684
vn -0.8604257 -0.4743559 -0.1861565
vn -0.8604257 -0.4743559 -0.1861565
vn 0.2184886 -0.8492541 0.4806559
vn 0.9328278 -0.2635931 -0.2456642
vn 0.8081508 -0.3467591 -0.4760784
vn 0.3920532 -0.4550631 0.7995073
vn 0.7608114 -0.3381755 -0.5538983
vn 0.05585483 -0.9859918 0.1571636
vn -0.1069244 -0.694997 0.7110177
vn -0.04556856 -0.1643519 0.9853486
vn 0.2793937 -0.00620133 0.9601566
vn 0.9547384 0.2188717 -0.2014192
vn 0.6625754 -0.3257743 -0.6744367
vn -0.2196698 -0.9749966 0.03356796
vn 0.275244 -0.6618252 -0.6973006
vn -0.3398515 -0.9290005 -0.1464885
vn -0.4830052 -0.8348756 -0.2639863
vn -0.5192448 -0.841168 -0.1510669
vn -0.5592741 -0.8029821 0.2059907
vn -0.270624 -0.8818856 0.3860574
vn -0.5742114 -0.7597023 -0.305178
vn 0.5628585 0.592041 -0.5767822
vn 0.5443649 0.6061705 -0.5798484
vn 0.6625754 -0.3257743 -0.6744367
vn 0.53486 0.5628499 -0.6301783
vn 0.275244 -0.6618252 -0.6973006
vn 0.8081508 -0.3467591 -0.4760784
vn 0.4234207 0.4713337 -0.7736663
vn 0.9328278 -0.2635931 -0.2456642
vn 0.2644756 0.2576562 -0.9293364
vn 0.9547384 0.2188717 -0.2014192
vn 0.2248621 0.2132732 -0.9507637
vn 0.7881799 0.6025912 -0.1251246
vn 0.6922191 0.6602235 -0.2914406
vn 0.6382043 0.7624214 -0.1068124
vn 0.8149743 0.5392869 -0.2121003
vn 0.729887 0.6744314 0.111388
vn 0.5894309 0.8001019 0.1113915
vn 0.4057798 0.9038257 -0.1358003
vn 0.3793784 0.9224579 0.07171758
vn 0.06299074 0.9765235 -0.2059955
vn 0.06471783 0.9970528 0.04119816
vn 0.4179468 0.8545856 -0.3082268
vn 0.02240715 0.9490443 -0.3143453
vn 0.4814269 0.8752089 -0.04730343
vn 0.02379837 0.999153 0.03356895
vn 0.8060433 0.5680069 -0.1663204
vn 0.5679889 0.7514695 0.3356818
vn 0.9003462 0.4244244 0.09612848
vn 0.6311883 0.5082122 0.5859365
vn 0.9148628 0.2571591 0.3112803
vn 0.5997424 0.2315431 0.7659614
vn 0.9222998 0.3709798 -0.1083376
vn 0.9774605 0.1985631 0.07171922
vn 0.966314 0.08591021 0.2426037
vn 0.07350086 0.6062211 0.7918924
vn 0.06044085 0.2624628 0.9630473
vn 0.04859381 0.8829734 0.4669011
vn 0.899722 0.03705131 0.4348879
vn 0.7595956 -0.02212507 0.6500192
vn 0.3196157 -0.05499764 0.9459499
vn 0.06044085 0.2624628 0.9630473
vn 0.06044085 0.2624628 0.9630473
vn 0.09419956 -0.04297616 0.9946253
vn -0.3697398 0.9115224 -0.1800538
vn 0.02240715 0.9490443 -0.3143453
vn -0.3847716 0.8667254 -0.3173924
vn 0.06299074 0.9765235 -0.2059955
vn 0.06471783 0.9970528 0.04119816
vn -0.3486122 0.934401 0.07324148
vn 0.02379837 0.999153 0.03356895
vn -0.412072 0.9106401 -0.03051679
vn -0.7036125 0.6727138 -0.2288791
vn -0.6833577 0.7290865 0.0381471
vn -0.6899449 0.6591885 -0.2990762
vn 0.04859381 0.8829734 0.4669011
vn -0.4801882 0.8058769 0.346384
vn -0.8426511 0.5381485 0.01831021
vn -0.5001907 0.543105 0.6744229
vn -0.864673 0.3021635 0.4012952
vn -0.490546 0.1921985 0.8499555
vn -0.6481425 -0.01416158 0.7613873
vn -0.146348 -0.02584787 0.9888954
vn -0.9247159 0.04110782 0.3784316
vn 0.06044085 0.2624628 0.9630473
vn 0.07350086 0.6062211 0.7918924
vn 0.06044085 0.2624628 0.9630473
vn -0.9024897 0.3367289 -0.2685629
vn -0.8270128 0.4428076 -0.3463688
vn -0.9881864 0.1495345 0.03356896
vn 0.06044085 0.2624628 0.9630473
vn 0.09419956 -0.04297616 0.9946253
vn -0.8717658 0.485713 -0.06408779
vn 0.0814934 -0.537599 0.8392533
vn 0.3043278 -0.3155815 0.898773
vn 0.1408931 -0.3617925 0.9215505
vn 0.3561314 -0.4107815 0.8393027
vn 0.726395 -0.2232494 0.6500076
vn 0.7595956 -0.02212507 0.6500192
vn 0.3196157 -0.05499764 0.9459499
vn 0.09419956 -0.04297616 0.9946253
vn 0.7332323 -0.3649711 0.5737303
vn 0.9202859 -0.1529677 0.3601036
vn 0.916766 -0.2630231 0.3005978
vn 0.9700351 -0.2250573 0.09154872
vn 0.9808199 -0.1152952 0.1571601
vn 0.899722 0.03705131 0.4348879
vn 0.966314 0.08591021 0.2426037
vn 0.9991964 -0.0400556 0.001525928
vn 0.9774605 0.1985631 0.07171922
vn 0.9813483 0.1817736 -0.06256215
vn 0.9222998 0.3709798 -0.1083376
vn 0.9850578 -0.1686109 -0.03509549
vn 0.9874664 -0.09814819 -0.1236002
vn 0.9729642 0.1156837 -0.1998954
vn 0.9107818 0.3595681 -0.202947
vn 0.9389773 0.2526255 -0.2334569
vn 0.8858968 0.4043492 -0.2273511
vn 0.9212989 0.3259189 -0.2120976
vn 0.9432821 0.2461471 -0.222779
vn 0.7881799 0.6025912 -0.1251246
vn 0.8403893 0.5112002 -0.1800562
vn 0.8149743 0.5392869 -0.2121003
vn 0.5933864 -0.2654121 0.7599007
vn 0.3043278 -0.3155815 0.898773
vn 0.3561314 -0.4107815 0.8393027
vn 0.4485047 -0.2126428 0.8681167
vn -0.1540099 -0.2147412 0.9644517
vn -0.1132231 -0.3891747 0.9141791
vn -0.657778 -0.1625968 0.7354526
vn -0.6385215 -0.3789359 0.6698492
vn -0.8880699 -0.3251106 0.3250153
vn -0.9205487 -0.1477189 0.3616203
vn -0.9726648 -0.2092388 0.1007093
vn -0.9966636 -0.06036629 0.05493046
vn -0.9899244 -0.09117223 -0.1083385
vn -0.9724678 0.1247414 -0.1968396
vn -0.9569619 -0.04387108 -0.2868787
vn -0.8822845 0.2879989 -0.3723315
vn -0.9024897 0.3367289 -0.2685629
vn -0.9881864 0.1495345 0.03356896
vn -0.9247159 0.04110782 0.3784316
vn -0.6481425 -0.01416158 0.7613873
vn -0.146348 -0.02584787 0.9888954
vn 0.09419956 -0.04297616 0.9946253
vn -0.8247383 -0.3004077 -0.4791264
vn -0.8414142 -0.01602149 -0.540153
vn -0.7027484 -0.02365064 -0.7110452
vn -0.7753553 -0.1933143 -0.6012103
vn -0.695402 -0.06561117 -0.7156194
vn -0.7230114 0.445528 -0.5279767
vn -0.6508741 0.3819296 -0.6561193
vn -0.8822845 0.2879989 -0.3723315
vn -0.6508741 0.3819296 -0.6561193
vn -0.8099757 -0.1741453 -0.5600114
vn -0.8822845 0.2879989 -0.3723315
vn -0.8270128 0.4428076 -0.3463688
vn -0.4830233 -0.7053537 0.5188107
vn 0.1328555 -0.7058746 0.6957661
vn -0.3367046 -0.8211375 0.4608289
vn 0.307567 -0.7520847 0.582899
vn -0.1524759 -0.923319 0.3524671
vn 0.5481178 -0.5128799 0.6606976
vn 0.5481178 -0.5128799 0.6606976
vn -0.4933155 -0.8620862 0.115962
vn -0.665154 -0.7122188 0.2243089
vn -0.6308261 -0.77288 -0.06866654
vn -0.7933109 -0.6084419 0.02136222
vn -0.7680017 -0.5939543 0.2395654
vn -0.8522675 -0.519352 0.06255875
vn -0.8072 -0.5828931 -0.09307978
vn -0.8640301 -0.4993445 -0.064087
vn -0.6553587 -0.7432866 -0.1342761
vn -0.6944764 -0.7122151 -0.1022355
vn -0.8021587 -0.5888156 -0.099185
vn -0.8165368 -0.5771643 0.01220704
vn -0.6804399 -0.7223058 0.123595
vn -0.8020073 -0.5554302 0.2197306
vn -0.5436157 -0.7355025 0.4043738
vn -0.9085356 -0.4051075 0.1022305
vn -0.922685 -0.3448506 0.1724253
vn -0.8917592 -0.4525075 0.001525842
vn -0.8483745 -0.5000031 -0.1739473
vn -0.8098212 -0.4390764 0.3891033
vn -0.8917476 -0.3240638 0.3158621
vn -0.9786152 -0.1871113 0.08544942
vn 0.6923214 -0.7092729 -0.1327517
vn 0.6993266 -0.7135244 -0.04272444
vn 0.8120937 -0.5750363 -0.09918119
vn 0.6513122 -0.7505897 -0.1113892
vn 0.9233562 -0.3700827 -0.1022348
vn 0.9472743 -0.2841918 -0.1480086
vn 0.8734106 -0.4816749 -0.07171533
vn 0.7529272 -0.658102 -0.001525882
vn 0.9790319 -0.1108635 -0.1708967
vn 0.8993966 -0.4242654 -0.105284
vn 0.9475761 -0.303747 -0.09918269
vn 0.9591999 -0.279711 -0.04119848
vn 0.5672938 -0.4915738 -0.6607063
vn 0.8320264 -0.1793949 -0.5249282
vn 0.7157681 -0.2911399 -0.6347548
vn -0.04644408 -0.316144 -0.9475738
vn 0.7567393 -0.6416309 -0.1251218
vn 0.7339038 -0.6790821 -0.01525887
vn 0.9098368 -0.3275031 -0.2548306
vn 0.9825183 -0.1828274 0.03509675
vn 0.9430519 -0.2442389 0.2258327
vn 0.8773231 -0.4660556 0.1144397
vn 0.674711 -0.5561717 0.4852197
vn 0.7332323 -0.3649711 0.5737303
vn -0.01287414 -0.9040509 -0.4272308
vn -0.03323646 -0.6816574 -0.7309161
vn -0.2103248 -0.9710894 -0.1129107
vn 0.02574877 -0.627507 0.778185
vn -0.2866461 -0.9182784 0.273128
vn 0.3616118 -0.4692752 0.8056163
vn 0.9660731 -0.2552035 -0.03967289
vn 0.0814934 -0.537599 0.8392533
vn 0.3561314 -0.4107815 0.8393027
vn -0.847276 -0.2355531 -0.4760653
vn -0.8777893 -0.2074194 -0.4318137
vn -0.9726648 -0.2092388 0.1007093
vn -0.9205989 -0.3866268 -0.05493265
vn -0.9899244 -0.09117223 -0.1083385
vn -0.8877909 -0.4519541 0.08697661
vn -0.8640301 -0.4993445 -0.064087
vn -0.8522675 -0.519352 0.06255875
vn -0.8051429 -0.5432152 0.2380381
vn -0.7680017 -0.5939543 0.2395654
vn -0.4830233 -0.7053537 0.5188107
vn -0.5460679 -0.6189279 0.5645691
vn -0.8880699 -0.3251106 0.3250153
vn -0.6385215 -0.3789359 0.6698492
vn -0.09071263 -0.5726458 0.8147687
vn -0.1132231 -0.3891747 0.9141791
vn 0.1328555 -0.7058746 0.6957661
vn 0.5852196 -0.3347518 0.7385522
vn 0.7195653 -0.3137563 0.6195019
vn 0.5933864 -0.2654121 0.7599007
vn 0.3616118 -0.4692752 0.8056163
vn 0.3561314 -0.4107815 0.8393027
vn 0.9660731 -0.2552035 -0.03967289
vn -0.8062297 -0.507732 -0.3036474
vn -0.8111742 -0.3696345 -0.4531741
vn -0.7969659 -0.4948494 -0.346366
vn -0.8070606 -0.290208 -0.51423
vn -0.8342482 -0.3860574 -0.393687
vn -0.7792041 -0.5203277 -0.3494282
vn -0.8483745 -0.5000031 -0.1739473
vn -0.8884742 -0.3816739 -0.2548307
vn -0.9569619 -0.04387108 -0.2868787
vn -0.8247383 -0.3004077 -0.4791264
vn -0.8135586 -0.2565318 -0.5218372
vn -0.7696618 -0.1274107 -0.6256095
vn -0.8092456 -0.4711182 -0.3509545
vn -0.7841612 -0.5502719 -0.2868661
vn -0.01287414 -0.9040509 -0.4272308
vn -0.847276 -0.2355531 -0.4760653
vn -0.2103248 -0.9710894 -0.1129107
vn 0.1379702 0.04818461 -0.9892636
vn -0.2866461 -0.9182784 0.273128
vn 0.7480366 0.1724239 -0.6408676
vn 0.9660731 -0.2552035 -0.03967289
vn -0.03323646 -0.6816574 -0.7309161
vn -0.8777893 -0.2074194 -0.4318137
vn -0.04644408 -0.316144 -0.9475738
vn 0.7157681 -0.2911399 -0.6347548
vn 0 -0.2590157 0.9658731
vn 0.1240321 -0.4746198 0.871408
vn 0 -0.2590157 0.9658731
vn 0.2031586 -0.4994336 0.8421952
vn 0.3896946 -0.5112 0.766037
vn 0.2323488 -0.5559681 0.7980686
vn 0.3042121 -0.4833063 0.8208959
vn 0.1507148 -0.6211465 0.7690658
vn 0.1516211 -0.5726041 0.8056895
vn -2.349544E-07 -0.5731807 0.819429
vn 0 -0.5731807 0.819429
vn 0.2180998 -0.5031055 0.836252
vn 0.2245468 -0.5273243 0.8194557
vn 0.2575225 -0.5448929 0.7979811
vn 0.3509364 -0.5637299 0.7476979
vn 0.4602169 -0.5295046 0.7126186
vn 0.5431772 -0.4512886 0.7080234
vn 0.5497906 -0.4598595 0.6973232
vn 0.5439268 -0.4713047 0.6942732
vn 0.6559429 -0.3836665 0.65003
vn 0.6817974 -0.4100894 0.6057879
vn 0.579782 -0.5548912 0.5966142
vn 0.5321271 -0.4911209 0.6896673
vn 0.4404202 -0.4632137 0.7690664
vn 0.9615318 -0.1132953 0.2502415
vn 0.6559429 -0.3836665 0.65003
vn 0.6817974 -0.4100894 0.6057879
vn 0.9563392 -0.122165 0.2655014
vn 0.9984595 0.05054525 -0.02288842
vn 0 -0.2590157 0.9658731
vn -0.1240321 -0.4746198 0.871408
vn -0.2031586 -0.4994336 0.8421952
vn 0 -0.2590157 0.9658731
vn -0.3896946 -0.5112 0.766037
vn -0.2323488 -0.5559681 0.7980686
vn -0.304284 -0.4832592 0.8208969
vn -0.1507148 -0.6211465 0.7690658
vn -0.1516211 -0.5726041 0.8056895
vn -2.349544E-07 -0.5731807 0.819429
vn 0 -0.5731807 0.819429
vn -0.2180998 -0.5031055 0.836252
vn -0.2245468 -0.5273243 0.8194557
vn -0.2575225 -0.5448929 0.7979811
vn -0.351018 -0.5636507 0.7477193
vn -0.4602169 -0.5295046 0.7126186
vn -0.5431772 -0.4512886 0.7080234
vn -0.5497906 -0.4598595 0.6973232
vn -0.5439268 -0.4713047 0.6942732
vn -0.6559429 -0.3836665 0.65003
vn -0.6817974 -0.4100894 0.6057879
vn -0.579782 -0.5548912 0.5966142
vn -0.5321271 -0.4911209 0.6896673
vn -0.4404202 -0.4632137 0.7690664
vn -0.9615318 -0.1132953 0.2502415
vn -0.6559429 -0.3836665 0.65003
vn -0.9563392 -0.122165 0.2655014
vn -0.6817974 -0.4100894 0.6057879
vn -0.9984595 0.05054525 -0.02288842
vn 0.9037169 -0.1531865 -0.399787
vn 0.8188887 -0.0155452 -0.5737419
vn 0.7892466 -0.09105041 -0.6072888
vn 0.9247196 -0.04101262 -0.3784331
vn 0.9505066 -0.3107004 -0.001525846
vn 0.9880122 -0.1506814 -0.03356953
vn 0.8533275 -0.4522693 0.2593932
vn 0.9031197 -0.3362619 0.2670259
vn 0.7479622 -0.5216089 0.4104589
vn 0.8040845 -0.4134147 0.4272429
vn 0.8880699 0.3251106 -0.3250153
vn 0.8477312 0.1620312 -0.5050719
vn 0.9204822 0.1481049 -0.3616316
vn 0.8220245 0.3729843 -0.4303005
vn 0.9726648 0.2092388 -0.1007093
vn 0.996698 0.05979615 -0.05493235
vn 0.9899244 0.09117223 0.1083385
vn 0.9735091 -0.1213548 0.1937863
vn 0.9569619 0.04387108 0.2868787
vn 0.8859683 -0.2785221 0.3707906
vn 0.9031197 -0.3362619 0.2670259
vn 0.9880122 -0.1506814 -0.03356953
vn 0.9247196 -0.04101262 -0.3784331
vn 0.8188887 -0.0155452 -0.5737419
vn 0.8414142 0.01602149 0.540153
vn 0.8247383 0.3004077 0.4791264
vn 0.7027484 0.02365064 0.7110452
vn 0.7753553 0.1933143 0.6012103
vn 0.695402 0.06561117 0.7156194
vn 0.7230418 -0.4454935 0.5279641
vn 0.6535626 -0.3772791 0.6561375
vn 0.8859683 -0.2785221 0.3707906
vn 0.6535626 -0.3772791 0.6561375
vn 0.8099488 0.1743302 0.5599928
vn 0.8859683 -0.2785221 0.3707906
vn 0.8040845 -0.4134147 0.4272429
vn 0.4933155 0.8620862 -0.115962
vn 0.5460823 0.7675289 -0.3356985
vn 0.665154 0.7122188 -0.2243089
vn 0.3366996 0.9098185 -0.2426183
vn 0.6308261 0.77288 0.06866654
vn 0.7933109 0.6084419 -0.02136222
vn 0.7680017 0.5939543 -0.2395654
vn 0.6854163 0.6485086 -0.3311208
vn 0.852378 0.5191705 -0.06255985
vn 0.8072 0.5828931 0.09307978
vn 0.8640301 0.4993445 0.064087
vn 0.6553587 0.7432866 0.1342761
vn 0.6944764 0.7122151 0.1022355
vn 0.8021587 0.5888156 0.099185
vn 0.8165368 0.5771643 -0.01220704
vn 0.6804399 0.7223058 -0.123595
vn 0.8020073 0.5554302 -0.2197306
vn 0.5436157 0.7355025 -0.4043738
vn 0.9086058 0.4049481 -0.1022384
vn 0.922685 0.3448506 -0.1724253
vn 0.8917592 0.4525075 -0.001525842
vn 0.8483745 0.5000031 0.1739473
vn 0.8098212 0.4390764 -0.3891033
vn 0.8917476 0.3240638 -0.3158621
vn 0.9786152 0.1871113 -0.08544942
vn 0.9726648 0.2092388 -0.1007093
vn 0.9205989 0.3866268 0.05493265
vn 0.8877909 0.4519541 -0.08697661
vn 0.9899244 0.09117223 0.1083385
vn 0.8640301 0.4993445 0.064087
vn 0.852378 0.5191705 -0.06255985
vn 0.8050259 0.5433913 -0.2380317
vn 0.7680017 0.5939543 -0.2395654
vn 0.6854163 0.6485086 -0.3311208
vn 0.7294754 0.6034934 -0.3219649
vn 0.8880699 0.3251106 -0.3250153
vn 0.8220245 0.3729843 -0.4303005
vn 0.8884742 0.3816739 0.2548307
vn 0.8483745 0.5000031 0.1739473
vn 0.8342482 0.3860574 0.393687
vn 0.7792041 0.5203277 0.3494282
vn 0.7969659 0.4948494 0.346366
vn 0.8111742 0.3696345 0.4531741
vn 0.8062297 0.507732 0.3036474
vn 0.8070606 0.290208 0.51423
vn 0.8247383 0.3004077 0.4791264
vn 0.9569619 0.04387108 0.2868787
vn 0.8135586 0.2565318 0.5218372
vn 0.7696618 0.1274107 0.6256095
vn 0.8092456 0.4711182 0.3509545
vn 0.7841612 0.5502719 0.2868661
g NQS_A_T_0
f 3/3/3 2/2/2 1/1/1
f 4/4/4 1/1/1 2/2/2
f 3/3/3 5/5/5 2/2/2
f 6/6/6 2/2/2 5/5/5
f 6/6/6 7/7/7 2/2/2
f 6/6/6 5/5/5 8/8/8
f 7/7/7 6/6/6 8/8/8
f 9/9/9 1/1/1 4/4/4
f 4/4/4 10/10/10 9/9/9
f 8/8/8 11/11/11 7/7/7
f 11/11/11 8/8/8 12/12/12
f 10/10/10 13/13/13 9/9/9
f 8/8/8 14/14/14 12/12/12
f 15/15/15 12/12/12 14/14/14
f 12/12/12 15/15/15 16/16/16
f 12/12/12 16/16/16 11/11/11
f 17/17/17 16/16/16 15/15/15
f 15/15/15 18/18/18 17/17/17
f 19/19/19 17/17/17 18/18/18
f 17/17/17 19/19/19 20/20/20
f 20/20/20 21/21/21 17/17/17
f 21/21/21 20/20/20 22/22/22
f 23/23/23 22/22/22 20/20/20
f 24/24/24 20/20/20 19/19/19
f 20/20/20 24/24/24 23/23/23
f 25/25/25 23/23/23 24/24/24
f 22/22/22 26/26/26 21/21/21
f 27/27/27 21/21/21 26/26/26
f 28/28/28 27/27/27 26/26/26
f 28/28/28 26/26/26 29/29/29
f 29/29/29 30/30/30 28/28/28
f 31/31/31 28/28/28 30/30/30
f 32/32/32 28/28/28 31/31/31
f 33/33/33 27/27/27 28/28/28
f 34/34/34 27/27/27 33/33/33
f 21/21/21 27/27/27 34/34/34
f 35/35/35 21/21/21 34/34/34
f 11/11/11 35/35/35 34/34/34
f 33/33/33 28/28/28 36/36/36
f 32/32/32 36/36/36 28/28/28
f 36/36/36 32/32/32 37/37/37
f 38/38/38 37/37/37 32/32/32
f 32/32/32 31/31/31 38/38/38
f 39/39/39 38/38/38 31/31/31
f 39/39/39 40/40/40 38/38/38
f 38/38/38 40/40/40 37/37/37
f 39/39/39 31/31/31 41/41/41
f 42/42/42 41/41/41 31/31/31
f 42/42/42 31/31/31 43/43/43
f 30/30/30 43/43/43 31/31/31
f 42/42/42 43/43/43 44/44/44
f 45/45/45 44/44/44 43/43/43
f 44/44/44 45/45/45 46/46/46
f 47/47/47 46/46/46 45/45/45
f 46/46/46 47/47/47 48/48/48
f 49/49/49 48/48/48 47/47/47
f 49/49/49 50/50/50 48/48/48
f 51/51/51 48/48/48 50/50/50
f 51/51/51 50/50/50 52/52/52
f 53/53/53 52/52/52 50/50/50
f 52/52/52 53/53/53 54/54/54
f 55/55/55 54/54/54 53/53/53
f 55/55/55 56/56/56 54/54/54
f 57/57/57 54/54/54 56/56/56
f 57/57/57 56/56/56 58/58/58
f 59/59/59 58/58/58 56/56/56
f 58/58/58 59/59/59 60/60/60
f 61/61/61 60/60/60 59/59/59
f 52/52/52 54/54/54 62/62/62
f 52/52/52 62/62/62 51/51/51
f 63/63/63 62/62/62 54/54/54
f 57/57/57 63/63/63 54/54/54
f 58/58/58 63/63/63 57/57/57
f 64/64/64 58/58/58 60/60/60
f 63/63/63 58/58/58 64/64/64
f 63/63/63 64/64/64 65/65/65
f 64/64/64 60/60/60 66/66/66
f 66/66/66 65/65/65 64/64/64
f 65/65/65 67/67/67 63/63/63
f 62/62/62 63/63/63 67/67/67
f 68/68/68 65/65/65 66/66/66
f 67/67/67 65/65/65 68/68/68
f 66/66/66 69/69/69 68/68/68
f 69/69/69 70/70/70 68/68/68
f 60/60/60 71/71/71 66/66/66
f 72/72/72 66/66/66 71/71/71
f 71/71/71 73/73/73 72/72/72
f 74/74/74 72/72/72 73/73/73
f 72/72/72 74/74/74 75/75/75
f 76/76/76 75/75/75 74/74/74
f 75/75/75 76/76/76 77/77/77
f 78/78/78 77/77/77 76/76/76
f 78/78/78 79/79/79 77/77/77
f 80/80/80 77/77/77 79/79/79
f 73/73/73 71/71/71 81/81/81
f 82/82/82 81/81/81 71/71/71
f 80/80/80 83/83/83 77/77/77
f 84/84/84 77/77/77 83/83/83
f 75/75/75 77/77/77 84/84/84
f 75/75/75 84/84/84 72/72/72
f 69/69/69 84/84/84 70/70/70
f 66/66/66 72/72/72 84/84/84
f 71/71/71 60/60/60 82/82/82
f 61/61/61 82/82/82 60/60/60
f 83/83/83 85/85/85 84/84/84
f 84/84/84 69/69/69 66/66/66
f 85/85/85 70/70/70 84/84/84
f 85/85/85 86/86/86 70/70/70
f 87/87/87 70/70/70 86/86/86
f 87/87/87 68/68/68 70/70/70
f 88/88/88 86/86/86 85/85/85
f 88/88/88 85/85/85 83/83/83
f 89/89/89 88/88/88 83/83/83
f 83/83/83 80/80/80 89/89/89
f 89/89/89 80/80/80 90/90/90
f 89/89/89 90/90/90 91/91/91
f 91/91/91 88/88/88 89/89/89
f 92/92/92 91/91/91 90/90/90
f 92/92/92 93/93/93 91/91/91
f 93/93/93 92/92/92 94/94/94
f 94/94/94 95/95/95 93/93/93
f 94/94/94 96/96/96 95/95/95
f 96/96/96 94/94/94 97/97/97
f 97/97/97 94/94/94 98/98/98
f 98/98/98 99/99/99 97/97/97
f 99/99/99 98/98/98 100/100/100
f 101/101/101 100/100/100 98/98/98
f 101/101/101 102/102/102 100/100/100
f 102/102/102 101/101/101 7/7/7
f 7/7/7 11/11/11 102/102/102
f 102/102/102 11/11/11 103/103/103
f 103/103/103 100/100/100 102/102/102
f 103/103/103 33/33/33 100/100/100
f 36/36/36 100/100/100 33/33/33
f 100/100/100 36/36/36 99/99/99
f 36/36/36 37/37/37 99/99/99
f 99/99/99 37/37/37 104/104/104
f 104/104/104 97/97/97 99/99/99
f 34/34/34 33/33/33 103/103/103
f 34/34/34 103/103/103 11/11/11
f 105/105/105 7/7/7 101/101/101
f 101/101/101 106/106/106 105/105/105
f 98/98/98 106/106/106 101/101/101
f 105/105/105 106/106/106 107/107/107
f 105/105/105 107/107/107 7/7/7
f 2/2/2 7/7/7 107/107/107
f 107/107/107 108/108/108 2/2/2
f 108/108/108 4/4/4 2/2/2
f 108/108/108 90/90/90 4/4/4
f 108/108/108 107/107/107 90/90/90
f 109/109/109 4/4/4 90/90/90
f 10/10/10 4/4/4 109/109/109
f 109/109/109 80/80/80 10/10/10
f 109/109/109 90/90/90 80/80/80
f 110/110/110 10/10/10 80/80/80
f 107/107/107 106/106/106 94/94/94
f 106/106/106 98/98/98 94/94/94
f 37/37/37 111/111/111 104/104/104
f 111/111/111 37/37/37 40/40/40
f 40/40/40 112/112/112 111/111/111
f 113/113/113 111/111/111 112/112/112
f 113/113/113 114/114/114 111/111/111
f 115/115/115 111/111/111 114/114/114
f 115/115/115 104/104/104 111/111/111
f 104/104/104 115/115/115 97/97/97
f 96/96/96 97/97/97 115/115/115
f 115/115/115 116/116/116 96/96/96
f 117/117/117 96/96/96 114/114/114
f 113/113/113 118/118/118 114/114/114
f 40/40/40 119/119/119 112/112/112
f 40/40/40 39/39/39 119/119/119
f 39/39/39 41/41/41 119/119/119
f 120/120/120 119/119/119 41/41/41
f 112/112/112 119/119/119 121/121/121
f 121/121/121 119/119/119 122/122/122
f 119/119/119 123/123/123 122/122/122
f 124/124/124 122/122/122 123/123/123
f 122/122/122 124/124/124 125/125/125
f 125/125/125 124/124/124 126/126/126
f 127/127/127 126/126/126 124/124/124
f 126/126/126 127/127/127 128/128/128
f 93/93/93 128/128/128 127/127/127
f 122/122/122 129/129/129 121/121/121
f 129/129/129 122/122/122 130/130/130
f 125/125/125 130/130/130 122/122/122
f 130/130/130 125/125/125 131/131/131
f 126/126/126 131/131/131 125/125/125
f 131/131/131 126/126/126 132/132/132
f 128/128/128 132/132/132 126/126/126
f 132/132/132 128/128/128 133/133/133
f 95/95/95 133/133/133 128/128/128
f 128/128/128 93/93/93 95/95/95
f 134/134/134 133/133/133 95/95/95
f 134/134/134 95/95/95 96/96/96
f 130/130/130 135/135/135 129/129/129
f 136/136/136 129/129/129 135/135/135
f 129/129/129 136/136/136 121/121/121
f 137/137/137 121/121/121 136/136/136
f 121/121/121 137/137/137 112/112/112
f 138/138/138 112/112/112 137/137/137
f 112/112/112 138/138/138 139/139/139
f 135/135/135 130/130/130 140/140/140
f 141/141/141 140/140/140 130/130/130
f 132/132/132 142/142/142 131/131/131
f 133/133/133 142/142/142 132/132/132
f 142/142/142 133/133/133 143/143/143
f 134/134/134 143/143/143 133/133/133
f 143/143/143 117/117/117 144/144/144
f 145/145/145 144/144/144 117/117/117
f 144/144/144 114/114/114 146/146/146
f 147/147/147 113/113/113 138/138/138
f 149/149/149 148/148/148 142/142/142
f 110/110/110 150/150/150 13/13/13
f 151/151/151 150/150/150 110/110/110
f 151/151/151 152/152/152 150/150/150
f 153/153/153 150/150/150 152/152/152
f 150/150/150 153/153/153 154/154/154
f 154/154/154 153/153/153 155/155/155
f 156/156/156 155/155/155 153/153/153
f 153/153/153 152/152/152 156/156/156
f 157/157/157 156/156/156 152/152/152
f 152/152/152 151/151/151 158/158/158
f 152/152/152 158/158/158 157/157/157
f 158/158/158 151/151/151 159/159/159
f 160/160/160 159/159/159 151/151/151
f 151/151/151 110/110/110 160/160/160
f 159/159/159 160/160/160 161/161/161
f 162/162/162 161/161/161 160/160/160
f 158/158/158 159/159/159 163/163/163
f 163/163/163 157/157/157 158/158/158
f 164/164/164 163/163/163 159/159/159
f 165/165/165 159/159/159 161/161/161
f 159/159/159 165/165/165 164/164/164
f 166/166/166 164/164/164 165/165/165
f 165/165/165 167/167/167 166/166/166
f 161/161/161 167/167/167 165/165/165
f 167/167/167 168/168/168 166/166/166
f 162/162/162 160/160/160 78/78/78
f 79/79/79 78/78/78 160/160/160
f 79/79/79 160/160/160 110/110/110
f 80/80/80 79/79/79 110/110/110
f 167/167/167 169/169/169 168/168/168
f 170/170/170 168/168/168 169/169/169
f 169/169/169 171/171/171 170/170/170
f 172/172/172 170/170/170 171/171/171
f 171/171/171 173/173/173 172/172/172
f 174/174/174 172/172/172 173/173/173
f 173/173/173 175/175/175 174/174/174
f 176/176/176 174/174/174 175/175/175
f 173/173/173 171/171/171 177/177/177
f 178/178/178 177/177/177 171/171/171
f 178/178/178 171/171/171 179/179/179
f 169/169/169 179/179/179 171/171/171
f 169/169/169 167/167/167 179/179/179
f 161/161/161 179/179/179 167/167/167
f 178/178/178 179/179/179 180/180/180
f 181/181/181 180/180/180 179/179/179
f 181/181/181 179/179/179 162/162/162
f 161/161/161 162/162/162 179/179/179
f 181/181/181 162/162/162 180/180/180
f 175/175/175 173/173/173 182/182/182
f 177/177/177 182/182/182 173/173/173
f 177/177/177 178/178/178 183/183/183
f 180/180/180 183/183/183 178/178/178
f 177/177/177 183/183/183 182/182/182
f 184/184/184 180/180/180 162/162/162
f 78/78/78 184/184/184 162/162/162
f 184/184/184 78/78/78 185/185/185
f 76/76/76 185/185/185 78/78/78
f 185/185/185 76/76/76 186/186/186
f 74/74/74 186/186/186 76/76/76
f 73/73/73 186/186/186 74/74/74
f 186/186/186 73/73/73 187/187/187
f 81/81/81 187/187/187 73/73/73
f 185/185/185 188/188/188 184/184/184
f 188/188/188 185/185/185 189/189/189
f 190/190/190 189/189/189 185/185/185
f 186/186/186 190/190/190 185/185/185
f 190/190/190 186/186/186 191/191/191
f 187/187/187 191/191/191 186/186/186
f 191/191/191 192/192/192 190/190/190
f 189/189/189 190/190/190 192/192/192
f 193/193/193 188/188/188 189/189/189
f 188/188/188 193/193/193 194/194/194
f 195/195/195 194/194/194 193/193/193
f 198/198/198 197/197/197 196/196/196
f 198/198/198 199/199/199 197/197/197
f 200/200/200 197/197/197 199/199/199
f 201/201/201 200/200/200 199/199/199
f 202/202/202 196/196/196 197/197/197
f 202/202/202 203/203/203 196/196/196
f 201/201/201 204/204/204 200/200/200
f 204/204/204 205/205/205 200/200/200
f 206/206/206 205/205/205 204/204/204
f 209/209/209 208/208/208 207/207/207
f 210/210/210 207/207/207 208/208/208
f 210/210/210 208/208/208 211/211/211
f 212/212/212 209/209/209 207/207/207
f 212/212/212 207/207/207 213/213/213
f 212/212/212 213/213/213 214/214/214
f 214/214/214 213/213/213 215/215/215
f 216/216/216 215/215/215 213/213/213
f 219/219/219 218/218/218 217/217/217
f 220/220/220 218/218/218 219/219/219
f 217/217/217 218/218/218 221/221/221
f 218/218/218 222/222/222 221/221/221
f 220/220/220 223/223/223 218/218/218
f 223/223/223 224/224/224 218/218/218
f 224/224/224 222/222/222 218/218/218
f 224/224/224 225/225/225 222/222/222
f 220/220/220 226/226/226 223/223/223
f 228/228/228 227/227/227 21/21/21
f 229/229/229 51/51/51 62/62/62
f 51/51/51 229/229/229 48/48/48
f 230/230/230 48/48/48 229/229/229
f 230/230/230 231/231/231 48/48/48
f 46/46/46 48/48/48 231/231/231
f 46/46/46 231/231/231 44/44/44
f 232/232/232 44/44/44 231/231/231
f 44/44/44 232/232/232 42/42/42
f 41/41/41 42/42/42 232/232/232
f 232/232/232 233/233/233 41/41/41
f 231/231/231 233/233/233 232/232/232
f 120/120/120 41/41/41 233/233/233
f 120/120/120 233/233/233 119/119/119
f 123/123/123 119/119/119 233/233/233
f 233/233/233 231/231/231 234/234/234
f 230/230/230 234/234/234 231/231/231
f 234/234/234 230/230/230 229/229/229
f 62/62/62 235/235/235 229/229/229
f 235/235/235 234/234/234 229/229/229
f 87/87/87 234/234/234 235/235/235
f 234/234/234 86/86/86 233/233/233
f 123/123/123 233/233/233 86/86/86
f 87/87/87 86/86/86 234/234/234
f 235/235/235 67/67/67 87/87/87
f 62/62/62 67/67/67 235/235/235
f 68/68/68 87/87/87 67/67/67
f 123/123/123 86/86/86 236/236/236
f 123/123/123 236/236/236 124/124/124
f 236/236/236 91/91/91 124/124/124
f 91/91/91 236/236/236 88/88/88
f 236/236/236 86/86/86 88/88/88
f 127/127/127 124/124/124 91/91/91
f 127/127/127 91/91/91 93/93/93
f 107/107/107 94/94/94 92/92/92
f 92/92/92 90/90/90 107/107/107
f 239/239/239 238/238/238 237/237/237
f 241/241/241 180/180/180 240/240/240
f 180/180/180 242/242/242 183/183/183
f 244/244/244 183/183/183 243/243/243
f 244/244/244 182/182/182 183/183/183
f 10/10/10 110/110/110 13/13/13
f 247/247/247 246/246/246 245/245/245
f 248/248/248 245/245/245 246/246/246
f 249/249/249 247/247/247 245/245/245
f 250/250/250 247/247/247 249/249/249
f 251/251/251 250/250/250 249/249/249
f 247/247/247 252/252/252 246/246/246
f 252/252/252 247/247/247 253/253/253
f 254/254/254 253/253/253 247/247/247
f 247/247/247 250/250/250 254/254/254
f 254/254/254 250/250/250 255/255/255
f 254/254/254 255/255/255 253/253/253
f 256/256/256 255/255/255 250/250/250
f 256/256/256 250/250/250 251/251/251
f 257/257/257 256/256/256 251/251/251
f 252/252/252 258/258/258 246/246/246
f 252/252/252 253/253/253 258/258/258
f 257/257/257 259/259/259 256/256/256
f 259/259/259 257/257/257 260/260/260
f 261/261/261 260/260/260 257/257/257
f 261/261/261 257/257/257 262/262/262
f 262/262/262 263/263/263 261/261/261
f 264/264/264 261/261/261 263/263/263
f 261/261/261 264/264/264 260/260/260
f 265/265/265 260/260/260 264/264/264
f 259/259/259 260/260/260 266/266/266
f 260/260/260 265/265/265 266/266/266
f 266/266/266 267/267/267 259/259/259
f 268/268/268 259/259/259 267/267/267
f 259/259/259 268/268/268 256/256/256
f 267/267/267 269/269/269 268/268/268
f 270/270/270 268/268/268 269/269/269
f 266/266/266 271/271/271 267/267/267
f 271/271/271 266/266/266 265/265/265
f 272/272/272 267/267/267 271/271/271
f 267/267/267 273/273/273 269/269/269
f 267/267/267 272/272/272 273/273/273
f 274/274/274 273/273/273 272/272/272
f 275/275/275 273/273/273 274/274/274
f 275/275/275 269/269/269 273/273/273
f 276/276/276 275/275/275 274/274/274
f 270/270/270 277/277/277 268/268/268
f 278/278/278 268/268/268 277/277/277
f 277/277/277 279/279/279 278/278/278
f 255/255/255 278/278/278 279/279/279
f 277/277/277 280/280/280 279/279/279
f 281/281/281 279/279/279 280/280/280
f 280/280/280 282/282/282 281/281/281
f 283/283/283 281/281/281 282/282/282
f 282/282/282 284/284/284 283/283/283
f 285/285/285 283/283/283 284/284/284
f 284/284/284 286/286/286 285/285/285
f 287/287/287 285/285/285 286/286/286
f 255/255/255 279/279/279 288/288/288
f 289/289/289 288/288/288 279/279/279
f 279/279/279 281/281/281 289/289/289
f 281/281/281 283/283/283 289/289/289
f 290/290/290 289/289/289 283/283/283
f 283/283/283 285/285/285 290/290/290
f 291/291/291 290/290/290 285/285/285
f 285/285/285 287/287/287 291/291/291
f 291/291/291 292/292/292 290/290/290
f 293/293/293 292/292/292 291/291/291
f 293/293/293 291/291/291 294/294/294
f 294/294/294 295/295/295 293/293/293
f 296/296/296 293/293/293 295/295/295
f 296/296/296 295/295/295 297/297/297
f 298/298/298 297/297/297 295/295/295
f 299/299/299 294/294/294 291/291/291
f 299/299/299 291/291/291 287/287/287
f 298/298/298 300/300/300 297/297/297
f 301/301/301 297/297/297 300/300/300
f 300/300/300 302/302/302 301/301/301
f 303/303/303 301/301/301 302/302/302
f 303/303/303 302/302/302 304/304/304
f 305/305/305 304/304/304 302/302/302
f 301/301/301 306/306/306 297/297/297
f 301/301/301 303/303/303 306/306/306
f 307/307/307 297/297/297 306/306/306
f 307/307/307 296/296/296 297/297/297
f 293/293/293 307/307/307 292/292/292
f 293/293/293 296/296/296 307/307/307
f 292/292/292 307/307/307 308/308/308
f 306/306/306 309/309/309 307/307/307
f 308/308/308 307/307/307 309/309/309
f 310/310/310 306/306/306 303/303/303
f 303/303/303 304/304/304 310/310/310
f 311/311/311 310/310/310 304/304/304
f 305/305/305 312/312/312 304/304/304
f 313/313/313 304/304/304 312/312/312
f 312/312/312 314/314/314 313/313/313
f 315/315/315 313/313/313 314/314/314
f 314/314/314 316/316/316 315/315/315
f 317/317/317 315/315/315 316/316/316
f 317/317/317 316/316/316 318/318/318
f 317/317/317 318/318/318 319/319/319
f 320/320/320 319/319/319 318/318/318
f 320/320/320 318/318/318 321/321/321
f 322/322/322 320/320/320 321/321/321
f 323/323/323 321/321/321 318/318/318
f 323/323/323 318/318/318 324/324/324
f 318/318/318 325/325/325 324/324/324
f 325/325/325 318/318/318 316/316/316
f 326/326/326 324/324/324 325/325/325
f 327/327/327 324/324/324 326/326/326
f 328/328/328 324/324/324 327/327/327
f 328/328/328 327/327/327 329/329/329
f 330/330/330 329/329/329 327/327/327
f 328/328/328 331/331/331 324/324/324
f 328/328/328 332/332/332 331/331/331
f 328/328/328 329/329/329 332/332/332
f 323/323/323 324/324/324 333/333/333
f 331/331/331 333/333/333 324/324/324
f 321/321/321 323/323/323 334/334/334
f 333/333/333 334/334/334 323/323/323
f 321/321/321 334/334/334 322/322/322
f 320/320/320 335/335/335 319/319/319
f 320/320/320 322/322/322 335/335/335
f 334/334/334 333/333/333 336/336/336
f 334/334/334 336/336/336 337/337/337
f 333/333/333 331/331/331 338/338/338
f 333/333/333 338/338/338 336/336/336
f 339/339/339 338/338/338 331/331/331
f 331/331/331 332/332/332 339/339/339
f 332/332/332 340/340/340 339/339/339
f 341/341/341 339/339/339 340/340/340
f 339/339/339 341/341/341 338/338/338
f 340/340/340 342/342/342 341/341/341
f 343/343/343 341/341/341 342/342/342
f 341/341/341 343/343/343 344/344/344
f 344/344/344 338/338/338 341/341/341
f 345/345/345 344/344/344 343/343/343
f 346/346/346 344/344/344 345/345/345
f 346/346/346 345/345/345 258/258/258
f 345/345/345 343/343/343 258/258/258
f 246/246/246 258/258/258 343/343/343
f 336/336/336 338/338/338 347/347/347
f 344/344/344 347/347/347 338/338/338
f 346/346/346 347/347/347 344/344/344
f 337/337/337 336/336/336 348/348/348
f 347/347/347 348/348/348 336/336/336
f 346/346/346 349/349/349 347/347/347
f 348/348/348 347/347/347 349/349/349
f 346/346/346 258/258/258 349/349/349
f 349/349/349 350/350/350 348/348/348
f 337/337/337 348/348/348 351/351/351
f 350/350/350 351/351/351 348/348/348
f 351/351/351 352/352/352 337/337/337
f 334/334/334 337/337/337 352/352/352
f 352/352/352 322/322/322 334/334/334
f 351/351/351 353/353/353 352/352/352
f 354/354/354 352/352/352 353/353/353
f 322/322/322 352/352/352 355/355/355
f 354/354/354 355/355/355 352/352/352
f 349/349/349 356/356/356 350/350/350
f 357/357/357 350/350/350 356/356/356
f 358/358/358 357/357/357 356/356/356
f 356/356/356 359/359/359 358/358/358
f 360/360/360 358/358/358 359/359/359
f 359/359/359 361/361/361 360/360/360
f 361/361/361 359/359/359 362/362/362
f 363/363/363 362/362/362 359/359/359
f 359/359/359 356/356/356 363/363/363
f 362/362/362 364/364/364 361/361/361
f 365/365/365 361/361/361 364/364/364
f 364/364/364 366/366/366 365/365/365
f 364/364/364 367/367/367 366/366/366
f 335/335/335 366/366/366 367/367/367
f 335/335/335 368/368/368 366/366/366
f 335/335/335 355/355/355 368/368/368
f 369/369/369 366/366/366 368/368/368
f 365/365/365 366/366/366 370/370/370
f 369/369/369 370/370/370 366/366/366
f 361/361/361 365/365/365 371/371/371
f 370/370/370 371/371/371 365/365/365
f 371/371/371 360/360/360 361/361/361
f 369/369/369 368/368/368 372/372/372
f 373/373/373 372/372/372 368/368/368
f 368/368/368 355/355/355 373/373/373
f 374/374/374 373/373/373 355/355/355
f 355/355/355 375/375/375 374/374/374
f 370/370/370 369/369/369 376/376/376
f 372/372/372 376/376/376 369/369/369
f 376/376/376 377/377/377 370/370/370
f 378/378/378 370/370/370 377/377/377
f 367/367/367 379/379/379 335/335/335
f 380/380/380 335/335/335 379/379/379
f 380/380/380 319/319/319 335/335/335
f 380/380/380 379/379/379 319/319/319
f 381/381/381 319/319/319 379/379/379
f 319/319/319 381/381/381 317/317/317
f 315/315/315 317/317/317 381/381/381
f 381/381/381 382/382/382 315/315/315
f 379/379/379 382/382/382 381/381/381
f 313/313/313 315/315/315 382/382/382
f 313/313/313 382/382/382 304/304/304
f 311/311/311 304/304/304 382/382/382
f 311/311/311 382/382/382 383/383/383
f 379/379/379 383/383/383 382/382/382
f 311/311/311 383/383/383 310/310/310
f 383/383/383 379/379/379 384/384/384
f 367/367/367 384/384/384 379/379/379
f 384/384/384 367/367/367 385/385/385
f 385/385/385 367/367/367 364/364/364
f 385/385/385 364/364/364 386/386/386
f 385/385/385 386/386/386 387/387/387
f 384/384/384 385/385/385 387/387/387
f 387/387/387 386/386/386 388/388/388
f 388/388/388 386/386/386 253/253/253
f 389/389/389 253/253/253 386/386/386
f 389/389/389 386/386/386 363/363/363
f 363/363/363 349/349/349 389/389/389
f 349/349/349 363/363/363 356/356/356
f 258/258/258 389/389/389 349/349/349
f 389/389/389 258/258/258 253/253/253
f 362/362/362 363/363/363 386/386/386
f 362/362/362 386/386/386 364/364/364
f 388/388/388 253/253/253 255/255/255
f 387/387/387 388/388/388 288/288/288
f 255/255/255 288/288/288 388/388/388
f 384/384/384 387/387/387 390/390/390
f 390/390/390 387/387/387 288/288/288
f 390/390/390 288/288/288 289/289/289
f 390/390/390 289/289/289 391/391/391
f 390/390/390 391/391/391 384/384/384
f 392/392/392 391/391/391 289/289/289
f 391/391/391 392/392/392 393/393/393
f 392/392/392 290/290/290 393/393/393
f 392/392/392 289/289/289 290/290/290
f 308/308/308 393/393/393 290/290/290
f 393/393/393 394/394/394 391/391/391
f 394/394/394 384/384/384 391/391/391
f 393/393/393 309/309/309 394/394/394
f 309/309/309 393/393/393 308/308/308
f 395/395/395 394/394/394 309/309/309
f 383/383/383 394/394/394 395/395/395
f 384/384/384 394/394/394 383/383/383
f 309/309/309 306/306/306 395/395/395
f 395/395/395 306/306/306 310/310/310
f 383/383/383 395/395/395 310/310/310
f 308/308/308 290/290/290 292/292/292
f 398/398/398 397/397/397 396/396/396
f 397/397/397 398/398/398 399/399/399
f 400/400/400 399/399/399 398/398/398
f 400/400/400 401/401/401 399/399/399
f 402/402/402 401/401/401 400/400/400
f 403/403/403 402/402/402 400/400/400
f 403/403/403 404/404/404 402/402/402
f 405/405/405 353/353/353 350/350/350
f 351/351/351 350/350/350 406/406/406
f 408/408/408 405/405/405 407/407/407
f 409/409/409 407/407/407 405/405/405
f 407/407/407 410/410/410 353/353/353
f 354/354/354 353/353/353 411/411/411
f 412/412/412 374/374/374 354/354/354
f 357/357/357 358/358/358 409/409/409
f 413/413/413 409/409/409 358/358/358
f 413/413/413 358/358/358 360/360/360
f 360/360/360 371/371/371 413/413/413
f 415/415/415 413/413/413 414/414/414
f 278/278/278 256/256/256 268/268/268
f 278/278/278 255/255/255 256/256/256
f 418/418/418 417/417/417 416/416/416
f 419/419/419 416/416/416 417/417/417
f 416/416/416 419/419/419 420/420/420
f 421/421/421 420/420/420 419/419/419
f 420/420/420 421/421/421 422/422/422
f 423/423/423 422/422/422 421/421/421
f 419/419/419 424/424/424 421/421/421
f 425/425/425 421/421/421 424/424/424
f 423/423/423 421/421/421 426/426/426
f 425/425/425 426/426/426 421/421/421
f 422/422/422 423/423/423 276/276/276
f 275/275/275 276/276/276 423/423/423
f 423/423/423 426/426/426 275/275/275
f 269/269/269 275/275/275 426/426/426
f 425/425/425 427/427/427 426/426/426
f 428/428/428 426/426/426 427/427/427
f 269/269/269 426/426/426 270/270/270
f 428/428/428 270/270/270 426/426/426
f 428/428/428 427/427/427 270/270/270
f 424/424/424 419/419/419 429/429/429
f 417/417/417 429/429/429 419/419/419
f 427/427/427 425/425/425 430/430/430
f 424/424/424 430/430/430 425/425/425
f 424/424/424 429/429/429 430/430/430
f 431/431/431 270/270/270 427/427/427
f 431/431/431 277/277/277 270/270/270
f 431/431/431 432/432/432 277/277/277
f 280/280/280 277/277/277 432/432/432
f 432/432/432 433/433/433 280/280/280
f 282/282/282 280/280/280 433/433/433
f 433/433/433 284/284/284 282/282/282
f 433/433/433 434/434/434 284/284/284
f 286/286/286 284/284/284 434/434/434
f 435/435/435 432/432/432 431/431/431
f 435/435/435 436/436/436 432/432/432
f 437/437/437 432/432/432 436/436/436
f 437/437/437 433/433/433 432/432/432
f 434/434/434 433/433/433 438/438/438
f 437/437/437 438/438/438 433/433/433
f 436/436/436 439/439/439 437/437/437
f 438/438/438 437/437/437 439/439/439
f 435/435/435 440/440/440 436/436/436
f 435/435/435 441/441/441 440/440/440
f 442/442/442 440/440/440 441/441/441
f 444/444/444 443/443/443 427/427/427
f 427/427/427 430/430/430 445/445/445
f 447/447/447 446/446/446 430/430/430
f 447/447/447 430/430/430 429/429/429
f 450/450/450 449/449/449 448/448/448
f 335/335/335 322/322/322 355/355/355
f 453/453/453 452/452/452 451/451/451
f 454/454/454 451/451/451 452/452/452
f 457/457/457 456/456/456 455/455/455
f 457/457/457 458/458/458 456/456/456
f 457/457/457 455/455/455 459/459/459
f 457/457/457 459/459/459 460/460/460
f 460/460/460 459/459/459 461/461/461
f 461/461/461 462/462/462 460/460/460
f 463/463/463 460/460/460 462/462/462
f 457/457/457 460/460/460 463/463/463
f 462/462/462 464/464/464 463/463/463
f 465/465/465 463/463/463 464/464/464
f 457/457/457 463/463/463 465/465/465
f 466/466/466 461/461/461 459/459/459
f 464/464/464 467/467/467 465/465/465
f 468/468/468 465/465/465 467/467/467
f 457/457/457 465/465/465 468/468/468
f 457/457/457 468/468/468 458/458/458
f 467/467/467 469/469/469 468/468/468
f 458/458/458 468/468/468 469/469/469
f 462/462/462 461/461/461 470/470/470
f 471/471/471 470/470/470 461/461/461
f 461/461/461 466/466/466 471/471/471
f 472/472/472 471/471/471 466/466/466
f 469/469/469 467/467/467 473/473/473
f 474/474/474 473/473/473 467/467/467
f 477/477/477 476/476/476 475/475/475
f 478/478/478 476/476/476 477/477/477
f 475/475/475 476/476/476 479/479/479
f 479/479/479 476/476/476 480/480/480
f 480/480/480 481/481/481 479/479/479
f 481/481/481 480/480/480 482/482/482
f 483/483/483 482/482/482 480/480/480
f 480/480/480 476/476/476 483/483/483
f 482/482/482 483/483/483 484/484/484
f 485/485/485 484/484/484 483/483/483
f 483/483/483 476/476/476 485/485/485
f 486/486/486 479/479/479 481/481/481
f 484/484/484 485/485/485 487/487/487
f 488/488/488 487/487/487 485/485/485
f 485/485/485 476/476/476 488/488/488
f 488/488/488 476/476/476 478/478/478
f 478/478/478 489/489/489 488/488/488
f 487/487/487 488/488/488 489/489/489
f 482/482/482 490/490/490 481/481/481
f 491/491/491 481/481/481 490/490/490
f 481/481/481 491/491/491 486/486/486
f 492/492/492 486/486/486 491/491/491
f 489/489/489 493/493/493 487/487/487
f 494/494/494 487/487/487 493/493/493
f 497/497/497 496/496/496 495/495/495
f 498/498/498 495/495/495 496/496/496
f 497/497/497 495/495/495 499/499/499
f 500/500/500 499/499/499 495/495/495
f 495/495/495 498/498/498 501/501/501
f 495/495/495 501/501/501 500/500/500
f 502/502/502 501/501/501 498/498/498
f 498/498/498 503/503/503 502/502/502
f 498/498/498 504/504/504 503/503/503
f 496/496/496 504/504/504 498/498/498
f 499/499/499 500/500/500 505/505/505
f 506/506/506 505/505/505 500/500/500
f 505/505/505 506/506/506 507/507/507
f 508/508/508 507/507/507 506/506/506
f 509/509/509 507/507/507 508/508/508
f 509/509/509 508/508/508 510/510/510
f 510/510/510 508/508/508 506/506/506
f 506/506/506 511/511/511 510/510/510
f 512/512/512 511/511/511 506/506/506
f 500/500/500 512/512/512 506/506/506
f 512/512/512 500/500/500 501/501/501
f 509/509/509 510/510/510 513/513/513
f 515/515/515 499/499/499 514/514/514
f 516/516/516 514/514/514 499/499/499
f 514/514/514 516/516/516 517/517/517
f 518/518/518 517/517/517 516/516/516
f 499/499/499 515/515/515 519/519/519
f 520/520/520 519/519/519 515/515/515
f 519/519/519 520/520/520 521/521/521
f 522/522/522 521/521/521 520/520/520
f 521/521/521 522/522/522 523/523/523
f 524/524/524 523/523/523 522/522/522
f 527/527/527 526/526/526 525/525/525
f 528/528/528 525/525/525 526/526/526
f 525/525/525 529/529/529 527/527/527
f 530/530/530 527/527/527 529/529/529
f 527/527/527 530/530/530 531/531/531
f 532/532/532 531/531/531 530/530/530
f 531/531/531 532/532/532 533/533/533
f 534/534/534 533/533/533 532/532/532
f 531/531/531 533/533/533 535/535/535
f 531/531/531 535/535/535 527/527/527
f 526/526/526 527/527/527 535/535/535
f 536/536/536 535/535/535 533/533/533
f 535/535/535 536/536/536 537/537/537
f 535/535/535 537/537/537 526/526/526
f 538/538/538 537/537/537 536/536/536
f 539/539/539 526/526/526 537/537/537
f 537/537/537 540/540/540 539/539/539
f 541/541/541 539/539/539 540/540/540
f 540/540/540 542/542/542 541/541/541
f 543/543/543 541/541/541 542/542/542
f 543/543/543 542/542/542 544/544/544
f 539/539/539 541/541/541 545/545/545
f 539/539/539 545/545/545 526/526/526
f 528/528/528 526/526/526 545/545/545
f 546/546/546 545/545/545 541/541/541
f 543/543/543 547/547/547 541/541/541
f 546/546/546 541/541/541 547/547/547
f 542/542/542 548/548/548 544/544/544
f 542/542/542 540/540/540 548/548/548
f 549/549/549 544/544/544 548/548/548
f 550/550/550 548/548/548 540/540/540
f 538/538/538 550/550/550 537/537/537
f 540/540/540 537/537/537 550/550/550
f 547/547/547 543/543/543 551/551/551
f 543/543/543 544/544/544 551/551/551
f 544/544/544 552/552/552 551/551/551
f 553/553/553 552/552/552 544/544/544
f 544/544/544 554/554/554 553/553/553
f 556/556/556 553/553/553 555/555/555
f 559/559/559 558/558/558 557/557/557
f 560/560/560 557/557/557 558/558/558
f 560/560/560 561/561/561 557/557/557
f 562/562/562 557/557/557 561/561/561
f 558/558/558 559/559/559 563/563/563
f 564/564/564 563/563/563 559/559/559
f 557/557/557 562/562/562 565/565/565
f 557/557/557 565/565/565 559/559/559
f 566/566/566 565/565/565 562/562/562
f 567/567/567 559/559/559 565/565/565
f 563/563/563 564/564/564 568/568/568
f 569/569/569 568/568/568 564/564/564
f 564/564/564 570/570/570 569/569/569
f 564/564/564 559/559/559 570/570/570
f 567/567/567 570/570/570 559/559/559
f 569/569/569 570/570/570 571/571/571
f 572/572/572 571/571/571 570/570/570
f 571/571/571 572/572/572 573/573/573
f 573/573/573 572/572/572 574/574/574
f 573/573/573 574/574/574 575/575/575
f 576/576/576 574/574/574 572/572/572
f 572/572/572 570/570/570 576/576/576
f 573/573/573 577/577/577 571/571/571
f 571/571/571 578/578/578 569/569/569
f 568/568/568 569/569/569 578/578/578
f 578/578/578 571/571/571 579/579/579
f 567/567/567 565/565/565 580/580/580
f 581/581/581 580/580/580 565/565/565
f 570/570/570 567/567/567 582/582/582
f 580/580/580 582/582/582 567/567/567
f 582/582/582 576/576/576 570/570/570
f 573/573/573 575/575/575 583/583/583
f 583/583/583 575/575/575 584/584/584
f 565/565/565 566/566/566 581/581/581
f 585/585/585 581/581/581 566/566/566
f 588/588/588 587/587/587 586/586/586
f 589/589/589 586/586/586 587/587/587
f 588/588/588 586/586/586 590/590/590
f 590/590/590 591/591/591 588/588/588
f 592/592/592 588/588/588 591/591/591
f 593/593/593 588/588/588 592/592/592
f 587/587/587 588/588/588 593/593/593
f 594/594/594 590/590/590 586/586/586
f 590/590/590 594/594/594 595/595/595
f 596/596/596 595/595/595 594/594/594
f 596/596/596 597/597/597 595/595/595
f 598/598/598 595/595/595 597/597/597
f 595/595/595 598/598/598 599/599/599
f 595/595/595 599/599/599 590/590/590
f 591/591/591 590/590/590 599/599/599
f 600/600/600 599/599/599 598/598/598
f 598/598/598 601/601/601 600/600/600
f 602/602/602 600/600/600 601/601/601
f 601/601/601 603/603/603 602/602/602
f 604/604/604 602/602/602 603/603/603
f 601/601/601 598/598/598 605/605/605
f 597/597/597 605/605/605 598/598/598
f 601/601/601 605/605/605 603/603/603
f 606/606/606 603/603/603 605/605/605
f 606/606/606 607/607/607 603/603/603
f 608/608/608 603/603/603 607/607/607
f 603/603/603 608/608/608 604/604/604
f 607/607/607 609/609/609 608/608/608
f 610/610/610 608/608/608 609/609/609
f 610/610/610 609/609/609 611/611/611
f 612/612/612 611/611/611 609/609/609
f 610/610/610 611/611/611 613/613/613
f 614/614/614 613/613/613 611/611/611
f 608/608/608 610/610/610 615/615/615
f 613/613/613 615/615/615 610/610/610
f 615/615/615 604/604/604 608/608/608
f 618/618/618 617/617/617 616/616/616
f 619/619/619 616/616/616 617/617/617
f 619/619/619 620/620/620 616/616/616
f 621/621/621 616/616/616 620/620/620
f 620/620/620 622/622/622 621/621/621
f 623/623/623 621/621/621 622/622/622
f 623/623/623 622/622/622 624/624/624
f 625/625/625 624/624/624 622/622/622
f 624/624/624 625/625/625 626/626/626
f 627/627/627 626/626/626 625/625/625
f 626/626/626 627/627/627 628/628/628
f 629/629/629 628/628/628 627/627/627
f 628/628/628 629/629/629 630/630/630
f 631/631/631 630/630/630 629/629/629
f 629/629/629 632/632/632 631/631/631
f 632/632/632 629/629/629 633/633/633
f 627/627/627 633/633/633 629/629/629
f 633/633/633 627/627/627 634/634/634
f 625/625/625 634/634/634 627/627/627
f 634/634/634 625/625/625 635/635/635
f 622/622/622 635/635/635 625/625/625
f 635/635/635 622/622/622 636/636/636
f 620/620/620 636/636/636 622/622/622
f 619/619/619 636/636/636 620/620/620
f 637/637/637 636/636/636 619/619/619
f 617/617/617 637/637/637 619/619/619
f 639/639/639 638/638/638 630/630/630
f 639/639/639 640/640/640 638/638/638
f 641/641/641 638/638/638 640/640/640
f 640/640/640 642/642/642 641/641/641
f 639/639/639 643/643/643 640/640/640
f 644/644/644 640/640/640 643/643/643
f 644/644/644 642/642/642 640/640/640
f 643/643/643 639/639/639 645/645/645
f 643/643/643 645/645/645 646/646/646
f 642/642/642 647/647/647 641/641/641
f 630/630/630 645/645/645 639/639/639
f 649/649/649 644/644/644 648/648/648
f 649/649/649 648/648/648 632/632/632
f 652/652/652 651/651/651 650/650/650
f 651/651/651 652/652/652 653/653/653
f 654/654/654 653/653/653 652/652/652
f 653/653/653 655/655/655 651/651/651
f 656/656/656 651/651/651 655/655/655
f 654/654/654 652/652/652 657/657/657
f 658/658/658 657/657/657 652/652/652
f 657/657/657 658/658/658 659/659/659
f 660/660/660 659/659/659 658/658/658
f 650/650/650 661/661/661 652/652/652
f 658/658/658 652/652/652 661/661/661
f 658/658/658 661/661/661 660/660/660
f 662/662/662 660/660/660 661/661/661
f 660/660/660 662/662/662 663/663/663
f 660/660/660 663/663/663 659/659/659
f 664/664/664 663/663/663 662/662/662
f 665/665/665 659/659/659 663/663/663
f 665/665/665 663/663/663 666/666/666
f 667/667/667 666/666/666 663/663/663
f 663/663/663 664/664/664 667/667/667
f 667/667/667 668/668/668 666/666/666
f 669/669/669 666/666/666 668/668/668
f 668/668/668 670/670/670 669/669/669
f 671/671/671 669/669/669 670/670/670
f 670/670/670 668/668/668 672/672/672
f 673/673/673 670/670/670 672/672/672
f 674/674/674 672/672/672 668/668/668
f 668/668/668 667/667/667 674/674/674
f 675/675/675 674/674/674 667/667/667
f 675/675/675 667/667/667 664/664/664
f 670/670/670 676/676/676 671/671/671
f 673/673/673 676/676/676 670/670/670
f 677/677/677 676/676/676 673/673/673
f 678/678/678 677/677/677 673/673/673
f 681/681/681 680/680/680 679/679/679
f 682/682/682 679/679/679 680/680/680
f 681/681/681 679/679/679 683/683/683
f 683/683/683 684/684/684 681/681/681
f 685/685/685 681/681/681 684/684/684
f 681/681/681 685/685/685 680/680/680
f 686/686/686 680/680/680 685/685/685
f 684/684/684 687/687/687 685/685/685
f 688/688/688 685/685/685 687/687/687
f 688/688/688 687/687/687 689/689/689
f 690/690/690 689/689/689 687/687/687
f 689/689/689 690/690/690 691/691/691
f 690/690/690 692/692/692 691/691/691
f 691/691/691 692/692/692 693/693/693
f 694/694/694 693/693/693 692/692/692
f 689/689/689 695/695/695 688/688/688
f 693/693/693 695/695/695 691/691/691
f 689/689/689 691/691/691 695/695/695
f 696/696/696 688/688/688 695/695/695
f 686/686/686 685/685/685 696/696/696
f 688/688/688 696/696/696 685/685/685
f 692/692/692 697/697/697 694/694/694
f 697/697/697 692/692/692 698/698/698
f 698/698/698 699/699/699 697/697/697
f 700/700/700 697/697/697 699/699/699
f 700/700/700 699/699/699 701/701/701
f 702/702/702 701/701/701 699/699/699
f 700/700/700 703/703/703 697/697/697
f 704/704/704 697/697/697 703/703/703
f 704/704/704 694/694/694 697/697/697
f 703/703/703 700/700/700 705/705/705
f 701/701/701 705/705/705 700/700/700
f 701/701/701 706/706/706 705/705/705
f 707/707/707 705/705/705 706/706/706
f 706/706/706 708/708/708 707/707/707
f 709/709/709 707/707/707 708/708/708
f 706/706/706 710/710/710 708/708/708
f 702/702/702 710/710/710 701/701/701
f 706/706/706 701/701/701 710/710/710
f 711/711/711 708/708/708 710/710/710
f 713/713/713 703/703/703 712/712/712
f 704/704/704 713/713/713 694/694/694
f 716/716/716 715/715/715 714/714/714
f 717/717/717 714/714/714 715/715/715
f 715/715/715 718/718/718 717/717/717
f 719/719/719 717/717/717 718/718/718
f 717/717/717 719/719/719 720/720/720
f 721/721/721 720/720/720 719/719/719
f 721/721/721 722/722/722 720/720/720
f 723/723/723 720/720/720 722/722/722
f 714/714/714 717/717/717 724/724/724
f 720/720/720 724/724/724 717/717/717
f 720/720/720 723/723/723 724/724/724
f 725/725/725 724/724/724 723/723/723
f 723/723/723 726/726/726 725/725/725
f 723/723/723 722/722/722 726/726/726
f 727/727/727 725/725/725 726/726/726
f 728/728/728 726/726/726 722/722/722
f 726/726/726 728/728/728 729/729/729
f 726/726/726 729/729/729 727/727/727
f 730/730/730 729/729/729 728/728/728
f 731/731/731 727/727/727 729/729/729
f 729/729/729 732/732/732 731/731/731
f 733/733/733 731/731/731 732/732/732
f 732/732/732 729/729/729 734/734/734
f 730/730/730 734/734/734 729/729/729
f 737/737/737 736/736/736 735/735/735
f 738/738/738 735/735/735 736/736/736
f 736/736/736 737/737/737 739/739/739
f 740/740/740 739/739/739 737/737/737
f 740/740/740 741/741/741 739/739/739
f 742/742/742 739/739/739 741/741/741
f 741/741/741 718/718/718 742/742/742
f 715/715/715 742/742/742 718/718/718
f 743/743/743 742/742/742 715/715/715
f 743/743/743 715/715/715 716/716/716
f 739/739/739 742/742/742 744/744/744
f 743/743/743 744/744/744 742/742/742
f 736/736/736 739/739/739 745/745/745
f 744/744/744 745/745/745 739/739/739
f 738/738/738 736/736/736 746/746/746
f 745/745/745 746/746/746 736/736/736
f 747/747/747 738/738/738 746/746/746
f 735/735/735 738/738/738 747/747/747
f 748/748/748 735/735/735 747/747/747
f 751/751/751 750/750/750 749/749/749
f 750/750/750 751/751/751 752/752/752
f 753/753/753 752/752/752 751/751/751
f 752/752/752 753/753/753 754/754/754
f 755/755/755 754/754/754 753/753/753
f 749/749/749 757/757/757 756/756/756
f 759/759/759 758/758/758 757/757/757
f 762/762/762 761/761/761 760/760/760
f 763/763/763 760/760/760 761/761/761
f 761/761/761 764/764/764 763/763/763
f 763/763/763 764/764/764 765/765/765
f 764/764/764 766/766/766 765/765/765
f 767/767/767 764/764/764 761/761/761
f 768/768/768 764/764/764 767/767/767
f 768/768/768 767/767/767 769/769/769
f 770/770/770 769/769/769 767/767/767
f 771/771/771 764/764/764 768/768/768
f 772/772/772 764/764/764 771/771/771
f 773/773/773 764/764/764 772/772/772
f 774/774/774 764/764/764 773/773/773
f 775/775/775 764/764/764 774/774/774
f 776/776/776 764/764/764 775/775/775
f 764/764/764 776/776/776 777/777/777
f 778/778/778 764/764/764 777/777/777
f 764/764/764 778/778/778 779/779/779
f 779/779/779 780/780/780 764/764/764
f 781/781/781 764/764/764 780/780/780
f 782/782/782 764/764/764 781/781/781
f 783/783/783 764/764/764 782/782/782
f 764/764/764 783/783/783 766/766/766
f 786/786/786 785/785/785 784/784/784
f 787/787/787 784/784/784 785/785/785
f 787/787/787 788/788/788 784/784/784
f 791/791/791 790/790/790 789/789/789
f 792/792/792 789/789/789 790/790/790
f 793/793/793 790/790/790 791/791/791
f 793/793/793 791/791/791 794/794/794
f 795/795/795 793/793/793 794/794/794
f 793/793/793 796/796/796 790/790/790
f 793/793/793 797/797/797 796/796/796
f 797/797/797 798/798/798 796/796/796
f 799/799/799 796/796/796 798/798/798
f 793/793/793 800/800/800 797/797/797
f 793/793/793 801/801/801 800/800/800
f 793/793/793 802/802/802 801/801/801
f 793/793/793 803/803/803 802/802/802
f 793/793/793 804/804/804 803/803/803
f 793/793/793 805/805/805 804/804/804
f 805/805/805 793/793/793 806/806/806
f 793/793/793 807/807/807 806/806/806
f 807/807/807 793/793/793 808/808/808
f 809/809/809 808/808/808 793/793/793
f 793/793/793 810/810/810 809/809/809
f 793/793/793 811/811/811 810/810/810
f 793/793/793 812/812/812 811/811/811
f 812/812/812 793/793/793 795/795/795
f 815/815/815 814/814/814 813/813/813
f 816/816/816 813/813/813 814/814/814
f 817/817/817 815/815/815 813/813/813
f 820/820/820 819/819/819 818/818/818
f 821/821/821 818/818/818 819/819/819
f 818/818/818 821/821/821 822/822/822
f 823/823/823 822/822/822 821/821/821
f 822/822/822 823/823/823 824/824/824
f 825/825/825 824/824/824 823/823/823
f 824/824/824 825/825/825 826/826/826
f 827/827/827 826/826/826 825/825/825
f 830/830/830 829/829/829 828/828/828
f 831/831/831 828/828/828 829/829/829
f 828/828/828 832/832/832 830/830/830
f 833/833/833 830/830/830 832/832/832
f 832/832/832 834/834/834 833/833/833
f 835/835/835 833/833/833 834/834/834
f 834/834/834 836/836/836 835/835/835
f 837/837/837 835/835/835 836/836/836
f 835/835/835 837/837/837 838/838/838
f 833/833/833 835/835/835 839/839/839
f 838/838/838 839/839/839 835/835/835
f 830/830/830 833/833/833 840/840/840
f 839/839/839 840/840/840 833/833/833
f 829/829/829 830/830/830 841/841/841
f 840/840/840 841/841/841 830/830/830
f 843/843/843 842/842/842 836/836/836
f 842/842/842 843/843/843 844/844/844
f 845/845/845 844/844/844 843/843/843
f 846/846/846 844/844/844 845/845/845
f 842/842/842 844/844/844 847/847/847
f 848/848/848 847/847/847 844/844/844
f 848/848/848 844/844/844 846/846/846
f 842/842/842 847/847/847 849/849/849
f 849/849/849 836/836/836 842/842/842
f 849/849/849 847/847/847 850/850/850
f 851/851/851 846/846/846 845/845/845
f 853/853/853 838/838/838 852/852/852
f 848/848/848 853/853/853 852/852/852
f 856/856/856 855/855/855 854/854/854
f 857/857/857 854/854/854 855/855/855
f 854/854/854 858/858/858 856/856/856
f 859/859/859 856/856/856 858/858/858
f 856/856/856 860/860/860 855/855/855
f 856/856/856 859/859/859 860/860/860
f 861/861/861 855/855/855 860/860/860
f 862/862/862 860/860/860 859/859/859
f 859/859/859 863/863/863 862/862/862
f 859/859/859 858/858/858 863/863/863
f 864/864/864 862/862/862 863/863/863
f 865/865/865 863/863/863 858/858/858
f 865/865/865 866/866/866 863/863/863
f 867/867/867 863/863/863 866/866/866
f 863/863/863 867/867/867 864/864/864
f 867/867/867 866/866/866 868/868/868
f 869/869/869 868/868/868 866/866/866
f 868/868/868 869/869/869 870/870/870
f 871/871/871 870/870/870 869/869/869
f 870/870/870 872/872/872 868/868/868
f 870/870/870 873/873/873 872/872/872
f 874/874/874 868/868/868 872/872/872
f 868/868/868 874/874/874 867/867/867
f 875/875/875 867/867/867 874/874/874
f 875/875/875 864/864/864 867/867/867
f 876/876/876 870/870/870 871/871/871
f 876/876/876 873/873/873 870/870/870
f 876/876/876 877/877/877 873/873/873
f 877/877/877 878/878/878 873/873/873
f 881/881/881 880/880/880 879/879/879
f 882/882/882 879/879/879 880/880/880
f 880/880/880 881/881/881 883/883/883
f 884/884/884 883/883/883 881/881/881
f 881/881/881 885/885/885 884/884/884
f 886/886/886 884/884/884 885/885/885
f 886/886/886 885/885/885 887/887/887
f 888/888/888 887/887/887 885/885/885
f 885/885/885 881/881/881 889/889/889
f 879/879/879 889/889/889 881/881/881
f 885/885/885 889/889/889 888/888/888
f 890/890/890 888/888/888 889/889/889
f 880/880/880 883/883/883 891/891/891
f 892/892/892 891/891/891 883/883/883
f 891/891/891 892/892/892 893/893/893
f 894/894/894 893/893/893 892/892/892
f 894/894/894 895/895/895 893/893/893
f 896/896/896 893/893/893 895/895/895
f 895/895/895 897/897/897 896/896/896
f 898/898/898 896/896/896 897/897/897
f 893/893/893 899/899/899 891/891/891
f 900/900/900 891/891/891 899/899/899
f 891/891/891 900/900/900 880/880/880
f 880/880/880 900/900/900 882/882/882
f 899/899/899 893/893/893 901/901/901
f 896/896/896 901/901/901 893/893/893
f 901/901/901 896/896/896 902/902/902
f 898/898/898 902/902/902 896/896/896
f 898/898/898 903/903/903 902/902/902
f 898/898/898 897/897/897 903/903/903
f 897/897/897 904/904/904 903/903/903
