g NQS_A_X
v 0.1114891 -0.110571 1.110163
v 0.06674862 -0.08958868 1.043616
v 0.06225608 -0.1162118 1.106217
v 0.124772 -0.0972002 0.9964687
v 0.06691437 -0.08671363 0.9891211
v 0.02351902 -0.08345245 1.03172
v 0.1660859 -0.08015827 1.001589
v 0.1511917 -0.0835601 1.115679
v 0.1703777 -0.03450083 0.9552368
v 0.125113 -0.08344229 0.9554077
v 0.1839212 -0.0103875 1.001501
v 0.1907426 -0.01222756 1.124939
v 0.1331155 -0.08470653 1.170923
v 0.06618903 -0.116136 1.15372
v 0.1665208 -0.01141096 1.192534
v -5.364418E-09 -0.1243946 1.104744
v -5.364418E-09 -0.07406904 1.024631
v 0.06192269 -0.07480409 0.9510089
v 0.03743291 -0.0697516 0.9821407
v 0.004321213 -0.04407292 1.018352
v -5.364418E-09 -0.03935187 1.016493
v 0.0142533 -0.0375226 0.9749656
v 0.001844599 -0.00401361 1.003561
v -5.364418E-09 -0.005684834 1.013529
v 0.007642502 0.001478372 0.9714364
v 0.02293657 -0.03864402 0.9446828
v 0.01237863 0.002507481 0.9433429
v -0.001844609 -0.00401361 1.003561
v -5.364418E-09 -0.03935187 1.016493
v -0.004321224 -0.04407292 1.018352
v -5.364418E-09 -0.07406904 1.024631
v -0.01425331 -0.0375226 0.9749656
v -0.03743292 -0.0697516 0.9821407
v -0.02351903 -0.08345245 1.03172
v -5.364418E-09 -0.1243946 1.104744
v -0.06225609 -0.1162118 1.106217
v -0.06674863 -0.08958868 1.043616
v -0.1114891 -0.110571 1.110163
v -0.1247721 -0.0972002 0.9964687
v -0.06691439 -0.08671363 0.9891211
v -0.1660859 -0.08015827 1.001589
v -0.1511917 -0.0835601 1.115679
v -0.1703777 -0.03450083 0.9552368
v -0.125113 -0.08344229 0.9554077
v -0.0619227 -0.07480409 0.9510089
v -0.1839212 -0.0103875 1.001501
v -0.1907426 -0.01222756 1.124939
v -0.1331155 -0.08470649 1.170923
v -0.06618907 -0.1161359 1.15372
v -0.1665206 -0.01141095 1.192534
v -0.02293658 -0.03864402 0.9446828
v -0.007642513 0.001478372 0.9714364
v -0.01237864 0.002507481 0.9433429
v 0.163024 0.0643419 0.9904668
v 0.1157737 0.08066317 0.9818282
v 0.1543761 0.05599881 0.9545755
v 0.1839212 -0.0103875 1.001501
v 0.1703777 -0.03450083 0.9552368
v 0.1184967 0.1068718 1.032701
v 0.171486 0.07364173 1.064531
v 0.1907426 -0.01222756 1.124939
v 0.1693805 0.08659496 1.139442
v 0.1173715 0.1375792 1.111391
v 0.1069993 0.1292319 1.160893
v 0.0527046 0.07794369 0.949149
v 0.03554842 0.1323231 1.159767
v 0.03252362 0.1516694 1.110659
v -5.364418E-09 0.1296099 1.096967
v -5.364418E-09 0.126848 1.145413
v -5.364418E-09 0.1047316 1.048729
v 0.03289683 0.1208405 1.028555
v 0.01215539 0.07586239 1.010497
v -5.364418E-09 0.05879833 1.017369
v 0.001844599 -0.00401361 1.003561
v 0.007642502 0.001478372 0.9714364
v 0.01200369 0.04528804 0.968268
v 0.05259702 0.1042485 1.006135
v 0.05091872 0.08635992 0.9782895
v 0.01582522 0.04175123 0.9452496
v 0.01237863 0.002507481 0.9433429
v -5.690381E-09 0.1062033 1.192119
v -5.364418E-09 -0.005684834 1.013529
v -0.001844609 -0.00401361 1.003561
v -0.0121554 0.07586239 1.010497
v -0.007642513 0.001478372 0.9714364
v -0.0120037 0.04528804 0.968268
v -0.05259703 0.1042485 1.006135
v -0.05091872 0.08635992 0.9782895
v -0.01582523 0.04175123 0.9452496
v -0.01237864 0.002507481 0.9433429
v -0.05270461 0.07794369 0.949149
v -0.1184967 0.1068718 1.032701
v -0.03289684 0.1208405 1.028555
v -0.03252363 0.1516694 1.110659
v -5.364418E-09 0.1047316 1.048729
v -5.364418E-09 0.1296099 1.096967
v -0.03554843 0.1323231 1.159767
v -5.364418E-09 0.126848 1.145413
v -0.1173716 0.1375792 1.111391
v -0.1693805 0.08659496 1.139442
v -0.1069994 0.1292319 1.160893
v -0.171486 0.07364173 1.064531
v -0.163024 0.0643419 0.9904668
v -0.1157737 0.08066317 0.9818282
v -0.1543761 0.05599881 0.9545755
v -0.1839212 -0.0103875 1.001501
v -0.1907426 -0.01222756 1.124939
v -0.1703777 -0.03450083 0.9552368
v -0.1216743 0.1004666 1.19528
v -0.1513677 0.05274679 1.19409
v -0.1665206 -0.01141095 1.192534
v -5.690381E-09 0.1062033 1.192119
v -0.0602084 0.1137614 1.19524
v -5.364418E-09 -0.1243946 1.104744
v 0.06618903 -0.116136 1.15372
v 0.06225608 -0.1162118 1.106217
v -7.525086E-09 -0.1249376 1.151708
v 0.06020839 0.1137614 1.19524
v 0.1216743 0.1004666 1.19528
v 0.1513677 0.05274678 1.19409
v 0.1665208 -0.01141096 1.192534
v 0.05325905 0.06546631 0.5927853
v 0.07870095 0.08408193 0.5443209
v 0.1097581 0.05396504 0.5937033
v 0.03166382 0.03197127 0.5395149
v 0.02122696 0.02436296 0.5887734
v 0.07703137 0.0929547 0.4289365
v 0.1310128 0.06773186 0.4289699
v 0.1267192 0.06035582 0.5427068
v 0.02618103 0.03659706 0.4261597
v 0.05114083 0.06655578 0.6468578
v 0.01815926 0.01589015 0.6368722
v 0.1126112 0.04976486 0.6519793
v 0.0522538 0.06270755 0.7157222
v 0.01988686 0.01558734 0.7038897
v 0.1192683 0.0514034 0.715506
v 0.01690415 0.009535102 0.8209083
v 0.05302666 0.06884521 0.8200006
v 0.1348088 0.05611454 0.8198924
v 0.1258822 0.009795122 0.5911509
v 0.1260551 0.003137803 0.646137
v 0.1350771 -0.01199206 0.7045125
v 0.1547739 -0.02958495 0.8235018
v 0.09336088 -0.07588594 0.8246906
v 0.09682027 -0.05569571 0.7058212
v 0.09315845 -0.03715077 0.6377509
v 0.1009612 -0.02541417 0.5785931
v 0.1340955 0.01238897 0.5410928
v 0.08619881 -0.03191986 0.5497383
v 0.0518501 -0.03615635 0.5875629
v 0.046754 -0.03784239 0.6431152
v 0.04193306 -0.048736 0.7068292
v 0.02915944 -0.03252447 0.8206055
v 0.01988686 0.01558734 0.7038897
v 0.01690415 0.009535102 0.8209083
v 0.01815926 0.01589015 0.6368722
v 0.07577255 -0.02158829 0.5198677
v 0.138756 0.01826829 0.4290032
v 0.05490166 -0.02115605 0.5492196
v 0.03959893 0.009622435 0.5151559
v 0.03166382 0.03197127 0.5395149
v 0.02618103 0.03659706 0.4261597
v 0.07695115 -0.02369204 0.4278967
v 0.04094201 0.002014532 0.4276036
v 0.02122696 0.02436296 0.5887734
v 0.01332707 0.003569221 0.9615171
v 0.01690415 0.009535102 0.8209083
v 0.01678523 0.03819492 0.9608256
v 0.05302666 0.06884521 0.8200006
v 0.05267426 0.07501674 0.962931
v 0.1348088 0.05611454 0.8198924
v 0.1521765 0.0543622 0.9658772
v 0.1547739 -0.02958495 0.8235018
v 0.1733029 -0.03274246 0.9719074
v 0.09336088 -0.07588594 0.8246906
v 0.1241776 -0.08180637 0.9710212
v 0.06247405 -0.07160451 0.9664608
v 0.02915944 -0.03252447 0.8206055
v 0.02404961 -0.0365249 0.9631538
v 0.01690415 0.009535102 0.8209083
v 0.01332707 0.003569221 0.9615171
v 0.05421006 0.0465949 -0.001481758
v 0.04530518 0.02939012 -0.001494237
v 0.06155876 0.03181091 -0.001496019
v 0.02751667 -0.01717426 0.02839889
v 0.1029064 -0.05638924 -0.001468225
v 0.09147032 -0.01789488 0.02872306
v 0.006723865 -0.056446 -0.001464511
v 0.02598198 0.03221642 0.04653719
v 0.08118439 0.02538641 0.03594622
v 0.01573692 -0.1491633 -0.001477355
v 0.08667427 -0.1514976 -0.001501417
v 0.06311501 -0.2057489 -0.001446893
v 0.03743752 -0.2071753 -0.001446893
v 0.02714928 0.00114996 0.4433108
v 0.06825852 -0.04140463 0.30612
v 0.03038278 -0.01061953 0.3076331
v 0.0857233 -0.03615589 0.4429217
v 0.1490525 0.01645271 0.4415817
v 0.1199524 0.004258189 0.3071143
v 0.09013259 -0.02448347 0.1576593
v 0.05598891 -0.05363 0.1653106
v 0.02296459 0.02635142 0.3114374
v 0.01599648 0.03694282 0.4411494
v 0.07752085 0.1072161 0.4361781
v 0.06930165 0.07951417 0.3190888
v 0.05598891 -0.05363 0.1653106
v 0.02347477 0.02603448 0.1651381
v 0.02468518 -0.02016062 0.1592155
v 0.05598891 -0.05363 0.1653106
v 0.0603051 0.05127971 0.1701958
v 0.114719 0.04331512 0.3099677
v 0.1463723 0.07094768 0.438815
v 0.06930165 0.07951417 0.3190888
v 0.0603051 0.05127971 0.1701958
v 0.09407009 0.02599127 0.164187
v 0.07752085 0.1072161 0.4361781
v 0.09226435 0.04879616 0.1068247
v 0.05878133 0.07453848 0.1118014
v 0.09734321 -0.02118917 0.09319118
v 0.08865289 0.0474938 0.06058424
v 0.09147032 -0.01789488 0.02872306
v 0.09026222 -0.07985836 0.06817701
v 0.1029064 -0.05638924 -0.001468225
v 0.07400849 -0.1442353 0.03930485
v 0.08667427 -0.1514976 -0.001501417
v 0.06311501 -0.2057489 -0.001446893
v 0.06190468 -0.2028526 0.02633625
v 0.03069382 -0.1451863 0.0415527
v 0.02939705 -0.09861944 0.07422237
v 0.07694794 -0.09870592 0.06981962
v 0.03994477 -0.2043223 0.02780597
v 0.03743752 -0.2071753 -0.001446893
v 0.01573692 -0.1491633 -0.001477355
v 0.006723865 -0.056446 -0.001464511
v 0.01945458 -0.07614071 0.06999258
v 0.05598891 -0.05363 0.1653106
v 0.02751667 -0.01717426 0.02839889
v 0.02610093 -0.01866744 0.09380722
v 0.02472838 0.04444245 0.07192961
v 0.02598198 0.03221642 0.04653719
v 0.05573379 0.07414389 0.06349687
v 0.05421006 0.0465949 -0.001481758
v 0.04530518 0.02939012 -0.001494237
v 0.05878133 0.07453848 0.1118014
v 0.02410158 0.04577018 0.1070084
v 0.08118439 0.02538641 0.03594622
v 0.0678701 0.03475799 0.01686367
v 0.05421006 0.0465949 -0.001481758
v 0.05573379 0.07414389 0.06349687
v 0.06155876 0.03181091 -0.001496019
v 0.04530518 0.02939012 -0.001494237
v 0.0678701 0.03475799 0.01686367
v 0.06155876 0.03181091 -0.001496019
v 0.04530518 0.02939012 -0.001494237
v 0.08118439 0.02538641 0.03594622
v 0.02598198 0.03221642 0.04653719
v 0.08118439 0.02538641 0.03594622
v 0.05598891 -0.05363 0.1653106
v 0.07752085 0.1072161 0.4361781
v 0.02714928 0.00114996 0.4433108
v 0.01599648 0.03694282 0.4411494
v 0.0857233 -0.03615589 0.4429217
v 0.1490525 0.01645271 0.4415817
v 0.1463723 0.07094768 0.438815
v -5.364418E-09 -0.139582 1.166853
v 0.03536757 -0.1501637 1.150202
v -5.364418E-09 -0.152692 1.16454
v 0.03536757 -0.1370537 1.152514
v 0.04992754 -0.1440595 1.115586
v 0.04992754 -0.1309496 1.117897
v 0.04992754 -0.1309496 1.117897
v 0.03536757 -0.1379556 1.080969
v 0.04992754 -0.1440595 1.115586
v 0.03536757 -0.1248457 1.08328
v -5.364418E-09 -0.1354273 1.06663
v -5.364418E-09 -0.1223173 1.068942
v -5.364418E-09 -0.152692 1.16454
v 0.03536757 -0.1379556 1.080969
v -5.364418E-09 -0.1354273 1.06663
v 0.04992754 -0.1440595 1.115586
v 0.03536757 -0.1501637 1.150202
v 0.1647596 0.06935731 1.18557
v 0.1114814 0.1075092 1.186971
v 0.1130681 0.1224166 1.190626
v 0.150224 0.06386763 1.181615
v 0.04979742 0.125162 1.191655
v 0.04932671 0.1128114 1.18895
v 0.01976596 0.1116948 1.187658
v 0.02000347 0.1239331 1.190504
v 0.1753988 0.09129001 1.122896
v 0.1188502 0.1455581 1.135938
v 0.04645538 0.1491463 1.138776
v 0.01555921 0.1475463 1.139773
v 0.1647596 0.06935731 1.18557
v 0.1677014 -0.009429812 1.177176
v 0.150224 0.06386763 1.181615
v 0.1647596 0.06935731 1.18557
v 0.1845175 -0.01102582 1.176293
v 0.1992642 -0.0137475 1.110299
v 0.1753988 0.09129001 1.122896
v 0.1352663 -0.08253588 1.16445
v 0.09653305 -0.115193 1.154836
v 0.09382954 -0.1096897 1.159321
v 0.1470854 -0.08653881 1.162185
v 0.03220456 -0.1263244 1.154241
v 0.0327076 -0.1346443 1.149881
v 0.1677014 -0.009429812 1.177176
v 0.1049166 -0.1232298 1.084543
v 0.1662093 -0.08662949 1.094348
v 0.02990322 -0.1255074 1.080956
v 0.1470854 -0.08653881 1.162185
v 0.1677014 -0.009429812 1.177176
v 0.1845175 -0.01102582 1.176293
v 0.1992642 -0.0137475 1.110299
v 0.1662093 -0.08662949 1.094348
v 0.2003893 -0.03650314 0.9978805
v 0.1686226 0.04549097 0.8554571
v 0.190833 -0.04422979 0.9320393
v 0.1772924 0.0445458 0.9055693
v 0.1846137 -0.04257581 0.9048283
v 0.1625092 0.03689173 0.8327202
v 0.1739125 -0.05094235 0.8552212
v 0.1657072 -0.03944898 0.8232638
v 0.1608381 0.01892496 0.8201761
v 0.181837 0.04643299 0.9329612
v 0.1917593 0.0580411 1.00615
v 0.2105814 -0.04504658 0.8497566
v 0.1675429 -0.04168181 0.8293303
v 0.1739124 -0.05094731 0.8552233
v 0.2105814 -0.04504658 0.8497566
v 0.2056422 -0.04665716 0.8245843
v 0.2068657 0.03430688 0.8495329
v 0.2042219 0.03367143 0.8242044
v 0.1624915 0.03793207 0.8327286
v 0.1684819 0.0463841 0.8556035
v 0.1544458 -0.02935567 0.8125474
v 0.1630426 -6.933212E-05 0.8483685
v 0.1576624 0.001636224 0.8130241
v 0.1598371 -0.02906124 0.8480412
v 0.1504858 -0.05943592 0.8473386
v 0.1448478 -0.05954908 0.8116845
v 0.03060847 -0.04579769 0.8469174
v 0.01386976 0.007096381 0.8105655
v 0.01463866 0.01069674 0.8448001
v 0.03120406 -0.04624471 0.8118846
v 0.05357005 0.07371971 0.8100463
v 0.05370704 0.07830305 0.8434263
v 0.1369689 0.05805908 0.8120617
v 0.1403353 0.05688631 0.8455955
v 0.1576624 0.001636224 0.8130241
v 0.1630426 -6.933212E-05 0.8483685
v 0.03120406 -0.04624471 0.8118846
v 0.09233207 -0.08186909 0.8458117
v 0.09173598 -0.08207609 0.8096403
v 0.03060847 -0.04579769 0.8469174
v 0.1448478 -0.05954908 0.8116845
v 0.1504858 -0.05943592 0.8473386
v 0.1513195 0.01780977 0.8224989
v 0.1625092 0.03689173 0.8327202
v 0.1530349 0.03411623 0.8350496
v 0.1608381 0.01892496 0.8201761
v 0.1657072 -0.03944898 0.8232638
v 0.1561202 -0.04049429 0.8252973
v 0.1590611 0.04446047 0.8575427
v 0.1686226 0.04549097 0.8554571
v 0.1675254 0.04363397 0.9067531
v 0.1772924 0.0445458 0.9055693
v 0.181837 0.04643299 0.9329612
v 0.1721484 0.04552924 0.9345549
v 0.1820988 0.05702661 1.00785
v 0.1917593 0.0580411 1.00615
v 0.1530349 0.03411623 0.8350496
v 0.1561202 -0.04049429 0.8252973
v 0.1513195 0.01780977 0.8224989
v 0.1643022 -0.05186253 0.8571155
v 0.1590611 0.04446047 0.8575427
v 0.1780524 -0.04427611 0.920102
v 0.1675254 0.04363397 0.9067531
v 0.1721484 0.04552924 0.9345549
v 0.1908067 -0.03759956 0.9997871
v 0.1820988 0.05702661 1.00785
v 0.2003893 -0.03650314 0.9978805
v 0.1820988 0.05702661 1.00785
v 0.1917593 0.0580411 1.00615
v 0.1908067 -0.03759956 0.9997871
v 0.190833 -0.04422979 0.9320393
v 0.1780524 -0.04427611 0.920102
v 0.1846137 -0.04257581 0.9048283
v 0.1739125 -0.05094235 0.8552212
v 0.1643022 -0.05186253 0.8571155
v 0.1561202 -0.04049429 0.8252973
v 0.1657072 -0.03944898 0.8232638
v 0.1846138 -0.04257574 0.9048284
v 0.1903215 -0.04158414 0.9320968
v 0.2203949 -0.04396954 0.9013656
v 0.2265556 -0.04248243 0.9286081
v 0.2218408 0.03846708 0.9291593
v 0.2203949 -0.04396954 0.9013656
v 0.2265556 -0.04248243 0.9286081
v 0.2187107 0.03907335 0.901631
v 0.1817136 0.04634004 0.9329674
v 0.1772924 0.04454584 0.9055693
v 0.07834407 -0.1089872 1.090891
v 0.09447825 -0.1150998 1.067418
v 0.08717044 -0.1165677 1.062894
v 0.09637103 -0.1139252 1.075757
v 0.08150094 -0.1162095 1.045858
v 0.08849359 -0.1145447 1.050202
v 0.1108072 -0.1213749 1.082406
v 0.1092231 -0.1225251 1.07444
v 0.1191471 -0.1222706 1.068115
v 0.1242919 -0.1211977 1.073202
v 0.09859018 -0.1151767 1.040317
v 0.09351847 -0.1160369 1.034384
v 0.09351847 -0.1160369 1.034384
v 0.09859018 -0.1151767 1.040317
v 0.1313151 -0.1040427 1.001962
v 0.1191471 -0.1222706 1.068115
v 0.1533698 -0.09567882 1.047662
v 0.1242919 -0.1211977 1.073202
v 0.1313151 -0.1040427 1.001962
v 0.1782988 -0.07532859 1.026169
v 0.1634944 -0.0814115 0.9790477
v 0.1533698 -0.09567882 1.047662
v 0.1950528 -0.01281768 1.006478
v 0.1868203 -0.01179374 0.9613819
v 0.1882849 0.04959338 1.017532
v 0.1697115 0.05758499 0.9722244
v 0.1351431 0.1120209 1.020456
v 0.161193 0.09427045 1.060233
v 0.1043994 0.1388121 1.056937
v 0.1338783 0.127508 1.093468
v 0.07365567 0.1561747 1.093417
v 0.1065636 0.1513167 1.126702
v 0.05121436 0.1523384 1.115161
v 0.07365567 0.1561747 1.093417
v 0.0546019 0.1513317 1.119338
v 0.08313428 0.1522634 1.139356
v 0.1065636 0.1513167 1.126702
v 0.089124 0.1516766 1.143076
v 0.04079702 0.1459774 1.161172
v 0.0575261 0.153074 1.14468
v 0.0619986 0.1517721 1.150047
v 0.04868061 0.1532893 1.141185
v 0.07687806 0.1532292 1.155668
v 0.07252951 0.1524117 1.148989
v 0.04195821 0.1505698 1.127414
v 0.04960024 0.1509725 1.128992
v 0.0546019 0.1513317 1.119338
v 0.05121436 0.1523384 1.115161
v 0.08313428 0.1522634 1.139356
v 0.089124 0.1516766 1.143076
v 0.1242919 -0.1211977 1.073202
v 0.1545416 -0.08171182 1.045012
v 0.1533698 -0.09567882 1.047662
v 0.1290666 -0.09494009 1.067387
v 0.1763818 -0.06388319 1.026182
v 0.1782988 -0.07532859 1.026169
v 0.1875585 -0.00911768 1.008931
v 0.1950528 -0.01281768 1.006478
v 0.1755432 0.04772098 1.018615
v 0.1882849 0.04959338 1.017532
v 0.1509633 0.08229073 1.055852
v 0.161193 0.09427045 1.060233
v 0.1297387 0.1159737 1.0882
v 0.1338783 0.127508 1.093468
v 0.1065636 0.1513167 1.126702
v 0.1085141 0.1402279 1.120548
v 0.08813653 0.1365417 1.134299
v 0.089124 0.1516766 1.143076
v -5.364418E-09 -0.1243946 1.104744
v -0.06618907 -0.1161359 1.15372
v -7.525086E-09 -0.1249376 1.151708
v -0.06225609 -0.1162118 1.106217
v -0.05325906 0.06546631 0.5927853
v -0.1097582 0.05396504 0.5937033
v -0.07870097 0.08408193 0.5443209
v -0.03166383 0.03197127 0.5395149
v -0.02122697 0.02436296 0.5887734
v -0.07703137 0.0929547 0.4289365
v -0.1310128 0.06773186 0.4289699
v -0.1267192 0.06035582 0.5427068
v -0.02618104 0.03659706 0.4261597
v -0.05114084 0.06655578 0.6468578
v -0.01815927 0.01589015 0.6368722
v -0.1126112 0.04976486 0.6519793
v -0.05225381 0.06270755 0.7157222
v -0.01988687 0.01558734 0.7038897
v -0.1192684 0.0514034 0.715506
v -0.01690416 0.009535102 0.8209083
v -0.05302667 0.06884521 0.8200006
v -0.1348089 0.05611454 0.8198924
v -0.1350771 -0.01199206 0.7045125
v -0.154774 -0.02958495 0.8235018
v -0.1260552 0.003137803 0.646137
v -0.1258822 0.009795122 0.5911509
v -0.1340955 0.01238897 0.5410928
v -0.1009612 -0.02541417 0.5785931
v -0.08619882 -0.03191986 0.5497383
v -0.09315847 -0.03715077 0.6377509
v -0.09682029 -0.05569571 0.7058212
v -0.0933609 -0.07588594 0.8246906
v -0.0518501 -0.03615635 0.5875629
v -0.04675401 -0.03784239 0.6431152
v -0.04193307 -0.048736 0.7068292
v -0.02915945 -0.03252447 0.8206055
v -0.01988687 0.01558734 0.7038897
v -0.01690416 0.009535102 0.8209083
v -0.01815927 0.01589015 0.6368722
v -0.07577257 -0.02158829 0.5198677
v -0.138756 0.01826829 0.4290032
v -0.05490167 -0.02115605 0.5492196
v -0.03959893 0.009622435 0.5151559
v -0.03166383 0.03197127 0.5395149
v -0.02618104 0.03659706 0.4261597
v -0.07695115 -0.02369204 0.4278967
v -0.04094201 0.002014532 0.4276036
v -0.02122697 0.02436296 0.5887734
v -0.01332708 0.003569221 0.9615171
v -0.01678525 0.03819492 0.9608256
v -0.01690416 0.009535102 0.8209083
v -0.05302667 0.06884521 0.8200006
v -0.05267427 0.07501674 0.962931
v -0.1348089 0.05611454 0.8198924
v -0.1521765 0.0543622 0.9658772
v -0.154774 -0.02958495 0.8235018
v -0.1733029 -0.03274246 0.9719074
v -0.0933609 -0.07588594 0.8246906
v -0.1241776 -0.08180637 0.9710212
v -0.06247406 -0.07160451 0.9664608
v -0.02915945 -0.03252447 0.8206055
v -0.02404962 -0.0365249 0.9631538
v -0.01690416 0.009535102 0.8209083
v -0.01332708 0.003569221 0.9615171
v -0.05421007 0.0465949 -0.001481758
v -0.06155878 0.03181091 -0.001496019
v -0.04530519 0.02939012 -0.001494237
v -0.02751668 -0.01717426 0.02839889
v -0.1029064 -0.05638924 -0.001468225
v -0.006723876 -0.056446 -0.001464511
v -0.09147034 -0.01789488 0.02872306
v -0.02598199 0.03221642 0.04653719
v -0.0811844 0.02538641 0.03594622
v -0.01573694 -0.1491633 -0.001477355
v -0.08667429 -0.1514976 -0.001501417
v -0.06311502 -0.2057489 -0.001446893
v -0.03743753 -0.2071753 -0.001446893
v -0.02714929 0.00114996 0.4433108
v -0.06825854 -0.04140463 0.30612
v -0.08572333 -0.03615589 0.4429217
v -0.03038279 -0.01061953 0.3076331
v -0.1490525 0.01645271 0.4415817
v -0.1199524 0.004258189 0.3071143
v -0.09013262 -0.02448347 0.1576593
v -0.05598892 -0.05363 0.1653106
v -0.0229646 0.02635142 0.3114374
v -0.01599649 0.03694282 0.4411494
v -0.07752085 0.1072161 0.4361781
v -0.06930166 0.07951417 0.3190888
v -0.05598892 -0.05363 0.1653106
v -0.02347478 0.02603448 0.1651381
v -0.02468519 -0.02016062 0.1592155
v -0.05598892 -0.05363 0.1653106
v -0.06030511 0.05127971 0.1701958
v -0.114719 0.04331512 0.3099677
v -0.1463723 0.07094768 0.438815
v -0.06930166 0.07951417 0.3190888
v -0.06030511 0.05127971 0.1701958
v -0.09407011 0.02599127 0.164187
v -0.07752085 0.1072161 0.4361781
v -0.09226438 0.04879616 0.1068247
v -0.05878134 0.07453848 0.1118014
v -0.09734322 -0.02118917 0.09319118
v -0.0886529 0.0474938 0.06058424
v -0.09147034 -0.01789488 0.02872306
v -0.09026224 -0.07985836 0.06817701
v -0.1029064 -0.05638924 -0.001468225
v -0.07400849 -0.1442353 0.03930485
v -0.08667429 -0.1514976 -0.001501417
v -0.06311502 -0.2057489 -0.001446893
v -0.06190469 -0.2028526 0.02633625
v -0.03069383 -0.1451863 0.0415527
v -0.02939706 -0.09861944 0.07422237
v -0.07694795 -0.09870592 0.06981962
v -0.03994478 -0.2043223 0.02780597
v -0.03743753 -0.2071753 -0.001446893
v -0.01573694 -0.1491633 -0.001477355
v -0.006723876 -0.056446 -0.001464511
v -0.01945459 -0.07614071 0.06999258
v -0.05598892 -0.05363 0.1653106
v -0.02751668 -0.01717426 0.02839889
v -0.02610094 -0.01866744 0.09380722
v -0.02472839 0.04444245 0.07192961
v -0.02598199 0.03221642 0.04653719
v -0.0557338 0.07414389 0.06349687
v -0.05421007 0.0465949 -0.001481758
v -0.04530519 0.02939012 -0.001494237
v -0.05878134 0.07453848 0.1118014
v -0.02410159 0.04577018 0.1070084
v -0.0811844 0.02538641 0.03594622
v -0.06787012 0.03475799 0.01686367
v -0.05421007 0.0465949 -0.001481758
v -0.06155878 0.03181091 -0.001496019
v -0.0557338 0.07414389 0.06349687
v -0.04530519 0.02939012 -0.001494237
v -0.0811844 0.02538641 0.03594622
v -0.02598199 0.03221642 0.04653719
v -0.06155878 0.03181091 -0.001496019
v -0.06787012 0.03475799 0.01686367
v -0.04530519 0.02939012 -0.001494237
v -0.0811844 0.02538641 0.03594622
v -0.05598892 -0.05363 0.1653106
v -0.07752085 0.1072161 0.4361781
v -0.1490525 0.01645271 0.4415817
v -0.1463723 0.07094768 0.438815
v -0.08572333 -0.03615589 0.4429217
v -0.02714929 0.00114996 0.4433108
v -0.01599649 0.03694282 0.4411494
v -5.364418E-09 -0.139582 1.166853
v -0.03536758 -0.1501637 1.150202
v -0.03536758 -0.1370537 1.152514
v -5.364418E-09 -0.152692 1.16454
v -0.04992755 -0.1440595 1.115586
v -0.04992755 -0.1309496 1.117897
v -0.04992755 -0.1309496 1.117897
v -0.03536758 -0.1379556 1.080969
v -0.03536758 -0.1248457 1.08328
v -0.04992755 -0.1440595 1.115586
v -5.364418E-09 -0.1354273 1.06663
v -5.364418E-09 -0.1223173 1.068942
v -5.364418E-09 -0.152692 1.16454
v -0.04992755 -0.1440595 1.115586
v -0.03536758 -0.1501637 1.150202
v -0.03536758 -0.1379556 1.080969
v -5.364418E-09 -0.1354273 1.06663
v -0.1647596 0.06935731 1.18557
v -0.1114815 0.1075092 1.186971
v -0.150224 0.06386763 1.181615
v -0.1130681 0.1224166 1.190626
v -0.04979743 0.125162 1.191655
v -0.04932673 0.1128114 1.18895
v -0.01976597 0.1116948 1.187658
v -0.02000348 0.1239331 1.190504
v -0.1753988 0.09129001 1.122896
v -0.1188503 0.1455581 1.135938
v -0.04645539 0.1491463 1.138776
v -0.01555922 0.1475463 1.139773
v -0.1647596 0.06935731 1.18557
v -0.1677014 -0.009429812 1.177176
v -0.1845175 -0.01102582 1.176293
v -0.1992642 -0.0137475 1.110299
v -0.1753988 0.09129001 1.122896
v -0.1647596 0.06935731 1.18557
v -0.150224 0.06386763 1.181615
v -0.1352663 -0.08253588 1.16445
v -0.09653307 -0.115193 1.154836
v -0.1470854 -0.08653881 1.162185
v -0.09382956 -0.1096897 1.159321
v -0.03220458 -0.1263244 1.154241
v -0.03270761 -0.1346443 1.149881
v -0.1677014 -0.009429812 1.177176
v -0.1049166 -0.1232298 1.084543
v -0.1662093 -0.08662949 1.094348
v -0.02990323 -0.1255074 1.080956
v -0.1677014 -0.009429812 1.177176
v -0.1470854 -0.08653881 1.162185
v -0.1845175 -0.01102582 1.176293
v -0.1992642 -0.0137475 1.110299
v -0.1662093 -0.08662949 1.094348
v -0.2003893 -0.03650314 0.9978805
v -0.1686226 0.04549097 0.8554571
v -0.1772924 0.0445458 0.9055693
v -0.190833 -0.04422979 0.9320393
v -0.1846137 -0.04257581 0.9048283
v -0.1625092 0.03689173 0.8327202
v -0.1739125 -0.05094235 0.8552212
v -0.1657072 -0.03944898 0.8232638
v -0.1608381 0.01892496 0.8201761
v -0.181837 0.04643299 0.9329612
v -0.1917593 0.0580411 1.00615
v -0.2105814 -0.04504658 0.8497566
v -0.1675429 -0.04168181 0.8293303
v -0.2056422 -0.04665716 0.8245843
v -0.2105814 -0.04504658 0.8497566
v -0.1739124 -0.05094731 0.8552233
v -0.2068657 0.03430688 0.8495329
v -0.2042219 0.03367143 0.8242044
v -0.1624915 0.03793207 0.8327286
v -0.1684819 0.0463841 0.8556035
v -0.1544458 -0.02935567 0.8125474
v -0.1630426 -6.933212E-05 0.8483685
v -0.1598371 -0.02906124 0.8480412
v -0.1576624 0.001636224 0.8130241
v -0.1504858 -0.05943592 0.8473386
v -0.1448478 -0.05954908 0.8116845
v -0.03060848 -0.04579769 0.8469174
v -0.01386977 0.007096381 0.8105655
v -0.03120407 -0.04624471 0.8118846
v -0.01463867 0.01069674 0.8448001
v -0.05357007 0.07371971 0.8100463
v -0.05370705 0.07830305 0.8434263
v -0.136969 0.05805908 0.8120617
v -0.1403354 0.05688631 0.8455955
v -0.1576624 0.001636224 0.8130241
v -0.1630426 -6.933212E-05 0.8483685
v -0.03120407 -0.04624471 0.8118846
v -0.09233209 -0.08186909 0.8458117
v -0.03060848 -0.04579769 0.8469174
v -0.091736 -0.08207609 0.8096403
v -0.1448478 -0.05954908 0.8116845
v -0.1504858 -0.05943592 0.8473386
v -0.1513195 0.01780977 0.8224989
v -0.1625092 0.03689173 0.8327202
v -0.1608381 0.01892496 0.8201761
v -0.1530349 0.03411623 0.8350496
v -0.1657072 -0.03944898 0.8232638
v -0.1561202 -0.04049429 0.8252973
v -0.1590612 0.04446047 0.8575427
v -0.1686226 0.04549097 0.8554571
v -0.1675254 0.04363397 0.9067531
v -0.1772924 0.0445458 0.9055693
v -0.181837 0.04643299 0.9329612
v -0.1721484 0.04552924 0.9345549
v -0.1820988 0.05702661 1.00785
v -0.1917593 0.0580411 1.00615
v -0.1530349 0.03411623 0.8350496
v -0.1561202 -0.04049429 0.8252973
v -0.1643022 -0.05186253 0.8571155
v -0.1513195 0.01780977 0.8224989
v -0.1590612 0.04446047 0.8575427
v -0.1780524 -0.04427611 0.920102
v -0.1675254 0.04363397 0.9067531
v -0.1721484 0.04552924 0.9345549
v -0.1908067 -0.03759956 0.9997871
v -0.1820988 0.05702661 1.00785
v -0.2003893 -0.03650314 0.9978805
v -0.1820988 0.05702661 1.00785
v -0.1908067 -0.03759956 0.9997871
v -0.1917593 0.0580411 1.00615
v -0.190833 -0.04422979 0.9320393
v -0.1780524 -0.04427611 0.920102
v -0.1846137 -0.04257581 0.9048283
v -0.1739125 -0.05094235 0.8552212
v -0.1643022 -0.05186253 0.8571155
v -0.1561202 -0.04049429 0.8252973
v -0.1657072 -0.03944898 0.8232638
v -0.1846138 -0.04257574 0.9048284
v -0.2203949 -0.04396954 0.9013656
v -0.1903215 -0.04158414 0.9320968
v -0.2265556 -0.04248243 0.9286081
v -0.2218408 0.03846708 0.9291593
v -0.2203949 -0.04396954 0.9013656
v -0.2187107 0.03907335 0.901631
v -0.2265556 -0.04248243 0.9286081
v -0.1817136 0.04634004 0.9329674
v -0.1772924 0.04454584 0.9055693
v -0.07834408 -0.1089872 1.090891
v -0.08717046 -0.1165677 1.062894
v -0.09447827 -0.1150998 1.067418
v -0.09637105 -0.1139252 1.075757
v -0.08150095 -0.1162095 1.045858
v -0.0884936 -0.1145447 1.050202
v -0.1108072 -0.1213749 1.082406
v -0.1092232 -0.1225251 1.07444
v -0.1191472 -0.1222706 1.068115
v -0.124292 -0.1211977 1.073202
v -0.0985902 -0.1151767 1.040317
v -0.09351848 -0.1160369 1.034384
v -0.09351848 -0.1160369 1.034384
v -0.1313151 -0.1040427 1.001962
v -0.0985902 -0.1151767 1.040317
v -0.1191472 -0.1222706 1.068115
v -0.1533699 -0.09567882 1.047662
v -0.124292 -0.1211977 1.073202
v -0.1313151 -0.1040427 1.001962
v -0.1782988 -0.07532859 1.026169
v -0.1533699 -0.09567882 1.047662
v -0.1634944 -0.0814115 0.9790477
v -0.1950528 -0.01281768 1.006478
v -0.1868203 -0.01179374 0.9613819
v -0.1882849 0.04959338 1.017532
v -0.1697115 0.05758499 0.9722244
v -0.1351431 0.1120209 1.020456
v -0.161193 0.09427045 1.060233
v -0.1043994 0.1388121 1.056937
v -0.1338783 0.127508 1.093468
v -0.07365569 0.1561747 1.093417
v -0.1065636 0.1513167 1.126702
v -0.05121436 0.1523384 1.115161
v -0.05460191 0.1513317 1.119338
v -0.07365569 0.1561747 1.093417
v -0.08313429 0.1522634 1.139356
v -0.1065636 0.1513167 1.126702
v -0.08912402 0.1516766 1.143076
v -0.04079703 0.1459774 1.161172
v -0.06199861 0.1517721 1.150047
v -0.05752612 0.153074 1.14468
v -0.04868062 0.1532893 1.141185
v -0.07687807 0.1532292 1.155668
v -0.07252952 0.1524117 1.148989
v -0.04195822 0.1505698 1.127414
v -0.04960025 0.1509725 1.128992
v -0.05460191 0.1513317 1.119338
v -0.05121436 0.1523384 1.115161
v -0.08313429 0.1522634 1.139356
v -0.08912402 0.1516766 1.143076
v -0.124292 -0.1211977 1.073202
v -0.1545416 -0.08171182 1.045012
v -0.1290666 -0.09494009 1.067387
v -0.1533699 -0.09567882 1.047662
v -0.1763818 -0.06388319 1.026182
v -0.1782988 -0.07532859 1.026169
v -0.1875585 -0.00911768 1.008931
v -0.1950528 -0.01281768 1.006478
v -0.1755432 0.04772098 1.018615
v -0.1882849 0.04959338 1.017532
v -0.1509634 0.08229073 1.055852
v -0.161193 0.09427045 1.060233
v -0.1297388 0.1159737 1.0882
v -0.1338783 0.127508 1.093468
v -0.1065636 0.1513167 1.126702
v -0.1085142 0.1402279 1.120548
v -0.08813655 0.1365417 1.134299
v -0.08912402 0.1516766 1.143076
vt 0.881127 0.5724553
vt 0.8450873 0.6408839
vt 0.8183461 0.570438
vt 0.8923563 0.6520928
vt 0.8502052 0.6598181
vt 0.813613 0.6593716
vt 0.9356377 0.649387
vt 0.9321529 0.572699
vt 0.9660194 0.6759158
vt 0.8995737 0.6792682
vt 0.9935255 0.6477357
vt 0.9935255 0.5837696
vt 0.9058945 0.5145262
vt 0.824691 0.5131088
vt 0.9935255 0.5160668
vt 0.7902081 0.5713503
vt 0.7902081 0.6679571
vt 0.8527095 0.6944426
vt 0.8264488 0.6825026
vt 0.7983459 0.6894234
vt 0.7902081 0.6922369
vt 0.8109936 0.7077672
vt 0.7967971 0.7193943
vt 0.7902081 0.7170271
vt 0.8020062 0.7294204
vt 0.8311642 0.7180357
vt 0.8136654 0.7323489
vt 0.7967971 0.7193943
vt 0.7902081 0.6922369
vt 0.7983459 0.6894234
vt 0.7902081 0.6679571
vt 0.8109936 0.7077672
vt 0.8264488 0.6825026
vt 0.813613 0.6593716
vt 0.7902081 0.5713503
vt 0.8183461 0.570438
vt 0.8450873 0.6408839
vt 0.881127 0.5724553
vt 0.8923563 0.6520928
vt 0.8502052 0.6598181
vt 0.9356377 0.649387
vt 0.9321529 0.572699
vt 0.9660194 0.6759158
vt 0.8995737 0.6792682
vt 0.8527095 0.6944426
vt 0.9935255 0.6477357
vt 0.9935255 0.5837696
vt 0.9058945 0.5145262
vt 0.824691 0.5131088
vt 0.9935255 0.5160668
vt 0.8311642 0.7180357
vt 0.8020062 0.7294204
vt 0.8136654 0.7323489
vt 0.237549 0.2562318
vt 0.2531544 0.2916086
vt 0.2599539 0.2547618
vt 0.216528 0.2095756
vt 0.2451115 0.2054247
vt 0.2289612 0.3040417
vt 0.210632 0.2585391
vt 0.1526117 0.2061632
vt 0.1491633 0.2573214
vt 0.1862464 0.313655
vt 0.1399626 0.3081434
vt 0.2824749 0.3044263
vt 0.1474049 0.3624262
vt 0.2015955 0.3646693
vt 0.2024927 0.390561
vt 0.1480578 0.3899201
vt 0.24697 0.3897919
vt 0.2428363 0.3603113
vt 0.274592 0.3546714
vt 0.2783732 0.3879974
vt 0.317467 0.3762051
vt 0.3161213 0.3641566
vt 0.2821544 0.3380085
vt 0.2579612 0.3271136
vt 0.2676544 0.3148086
vt 0.2951003 0.3249345
vt 0.3281057 0.3510826
vt 0.08489884 0.3705654
vt 0.3175953 0.3844085
vt 0.317467 0.3762051
vt 0.274592 0.3546714
vt 0.3161213 0.3641566
vt 0.2821544 0.3380085
vt 0.2579612 0.3271136
vt 0.2676544 0.3148086
vt 0.2951003 0.3249345
vt 0.3281057 0.3510826
vt 0.2824749 0.3044263
vt 0.2289612 0.3040417
vt 0.2428363 0.3603113
vt 0.2015955 0.3646693
vt 0.24697 0.3897919
vt 0.2024927 0.390561
vt 0.1474049 0.3624262
vt 0.1480578 0.3899201
vt 0.1862464 0.313655
vt 0.1491633 0.2573214
vt 0.1399626 0.3081434
vt 0.210632 0.2585391
vt 0.237549 0.2562318
vt 0.2531544 0.2916086
vt 0.2599539 0.2547618
vt 0.216528 0.2095756
vt 0.1526117 0.2061632
vt 0.2451115 0.2054247
vt 0.08489883 0.2985302
vt 0.08489884 0.2531556
vt 0.08489885 0.2061502
vt 0.08489884 0.3705654
vt 0.08489883 0.3290993
vt 0.858305 0.5716504
vt 0.8238221 0.5134089
vt 0.830167 0.5707381
vt 0.858305 0.5128751
vt 0.08489883 0.3290993
vt 0.08489883 0.2985302
vt 0.08489884 0.2531556
vt 0.08489885 0.2061502
vt 0.037971 0.7117113
vt 0.06159161 0.6975512
vt 0.08948468 0.7200121
vt 0.009894833 0.7031664
vt 0.009894833 0.7190356
vt 0.06507061 0.658977
vt 0.09693097 0.658977
vt 0.09775494 0.6987719
vt 0.009894833 0.658977
vt 0.04163311 0.7361254
vt 0.009894833 0.7392992
vt 0.09424542 0.7414965
vt 0.04468487 0.764873
vt 0.009894833 0.761516
vt 0.09729718 0.7624926
vt 0.009894833 0.7854418
vt 0.0478587 0.7850756
vt 0.1026683 0.7832446
vt 0.131721 0.7195238
vt 0.1346507 0.7405199
vt 0.1400218 0.7620043
vt 0.1500316 0.783977
vt 0.1981273 0.7851977
vt 0.1807933 0.7629809
vt 0.1816478 0.7407641
vt 0.1661754 0.7173266
vt 0.1339183 0.6999926
vt 0.1840892 0.7046313
vt 0.2074046 0.7205004
vt 0.2127757 0.7429613
vt 0.222053 0.7634692
vt 0.239387 0.785686
vt 0.2542796 0.761516
vt 0.2542796 0.7854418
vt 0.2453685 0.7394213
vt 0.188972 0.6921801
vt 0.1287913 0.658977
vt 0.2139964 0.7043871
vt 0.2332835 0.6921801
vt 0.249824 0.7014574
vt 0.2542796 0.658977
vt 0.1865306 0.658977
vt 0.2332835 0.658977
vt 0.2453685 0.7195238
vt 0.006109421 0.5849146
vt 0.006109421 0.6557174
vt 0.02227526 0.5849146
vt 0.05462659 0.6557174
vt 0.04861824 0.5849146
vt 0.09965396 0.6557174
vt 0.1018611 0.5849146
vt 0.1462886 0.6557174
vt 0.149555 0.5849146
vt 0.1895746 0.6557174
vt 0.188242 0.5849146
vt 0.2201856 0.5849146
vt 0.2364224 0.6557174
vt 0.2454718 0.5849146
vt 0.2658493 0.6557174
vt 0.2658493 0.5901659
vt 0.9240009 0.8757774
vt 0.9255874 0.8734859
vt 0.925367 0.8777165
vt 0.9348418 0.8719875
vt 0.9403725 0.8836216
vt 0.9341367 0.8812419
vt 0.9412317 0.8679332
vt 0.9293773 0.8715468
vt 0.9289807 0.8803605
vt 0.9474455 0.8694316
vt 0.9477099 0.8808894
vt 0.9523811 0.876835
vt 0.9524692 0.8731333
vt 0.3808699 0.7843549
vt 0.3563406 0.7145791
vt 0.3809972 0.7150868
vt 0.3545699 0.783794
vt 0.3190818 0.7832764
vt 0.3248994 0.7169349
vt 0.3374846 0.6385393
vt 0.3636719 0.6415951
vt 0.3941478 0.7184972
vt 0.3943029 0.7845895
vt 0.425398 0.7849599
vt 0.4278328 0.7264303
vt 0.3636719 0.6415951
vt 0.4069004 0.6447909
vt 0.3874137 0.6397258
vt 0.3636719 0.6415951
vt 0.4278217 0.6461012
vt 0.3052845 0.7192646
vt 0.3003784 0.7829498
vt 0.2661383 0.7226934
vt 0.2717273 0.6427466
vt 0.3094202 0.6415145
vt 0.2692895 0.7824072
vt 0.3063739 0.6275223
vt 0.2719671 0.6290088
vt 0.3314886 0.6098481
vt 0.3002811 0.5995382
vt 0.3254926 0.581157
vt 0.3514292 0.5937374
vt 0.3398353 0.5618772
vt 0.36074 0.5630296
vt 0.3502073 0.5477256
vt 0.3660135 0.5316213
vt 0.3664901 0.5429698
vt 0.3789706 0.5627178
vt 0.3763965 0.5941731
vt 0.3568494 0.592572
vt 0.3718995 0.542434
vt 0.373436 0.5317507
vt 0.3917291 0.5471904
vt 0.4005888 0.5616776
vt 0.3824695 0.5942791
vt 0.3636719 0.6415951
vt 0.4032459 0.5834591
vt 0.3953298 0.6115925
vt 0.4119967 0.6138521
vt 0.4170929 0.5829133
vt 0.4285391 0.6050057
vt 0.4294048 0.555408
vt 0.4114926 0.5557253
vt 0.4280608 0.6324028
vt 0.4094485 0.6293215
vt 0.3071786 0.5765847
vt 0.3012814 0.5664016
vt 0.2733105 0.5520533
vt 0.2724467 0.6015332
vt 0.3008484 0.552534
vt 0.9255874 0.8734859
vt 0.9270416 0.8794792
vt 0.925367 0.8777165
vt 0.9255874 0.8734859
vt 0.9289807 0.8803605
vt 0.9293773 0.8715468
vt 0.9289807 0.8803605
vt 0.3636719 0.6415951
vt 0.9382066 0.859334
vt 0.9409528 0.8414636
vt 0.9363661 0.8441177
vt 0.9505964 0.8432034
vt 0.9521331 0.8547207
vt 0.9466352 0.8601266
vt 0.8884445 0.5328896
vt 0.887696 0.534893
vt 0.8884445 0.534893
vt 0.887696 0.5328896
vt 0.8869475 0.534893
vt 0.8869475 0.5328896
vt 0.8821645 0.5323009
vt 0.8814163 0.5343044
vt 0.8821645 0.5343044
vt 0.8814163 0.5323009
vt 0.8806543 0.5343044
vt 0.8806543 0.5323009
vt 0.7542943 0.6682708
vt 0.7201567 0.5569528
vt 0.7542943 0.5368514
vt 0.7011654 0.6025589
vt 0.7193022 0.6447371
vt 0.3849168 0.912839
vt 0.3791641 0.8614828
vt 0.3853722 0.8606668
vt 0.3787222 0.9121212
vt 0.3857493 0.8174568
vt 0.3795423 0.8181373
vt 0.3797231 0.7974315
vt 0.3859299 0.7967604
vt 0.4311563 0.9108316
vt 0.4316116 0.8586591
vt 0.4319887 0.8154491
vt 0.4321693 0.7947528
vt 0.326227 0.7929636
vt 0.3193835 0.8665907
vt 0.3200323 0.7922458
vt 0.326227 0.7929636
vt 0.3254108 0.8864974
vt 0.3716501 0.8844899
vt 0.3724663 0.7909563
vt 0.3190902 0.9001943
vt 0.324812 0.9551125
vt 0.3186463 0.9510564
vt 0.3254108 0.8864974
vt 0.318288 0.9921316
vt 0.3244541 0.996117
vt 0.3193835 0.8665907
vt 0.3710513 0.953105
vt 0.3716501 0.8844899
vt 0.3706934 0.9941094
vt 0.3254108 0.8864974
vt 0.3193835 0.8665907
vt 0.3254108 0.8864974
vt 0.3716501 0.8844899
vt 0.3716501 0.8844899
vt 0.33531 0.2840406
vt 0.3730955 0.3598956
vt 0.3324404 0.311625
vt 0.376785 0.3247983
vt 0.3324404 0.3247983
vt 0.369406 0.3816068
vt 0.3324404 0.3594227
vt 0.337064 0.3850716
vt 0.3638481 0.3866917
vt 0.3878771 0.3113885
vt 0.3878771 0.2817308
vt 0.0360067 0.8179512
vt 0.01153291 0.7908126
vt 0.01108878 0.8206162
vt 0.0360067 0.8179512
vt 0.0382274 0.7908126
vt 0.1076285 0.8206162
vt 0.1076285 0.7908126
vt 0.136988 0.8037157
vt 0.1360997 0.8192837
vt 0.4178686 0.3451536
vt 0.4533002 0.3838013
vt 0.4533002 0.3451536
vt 0.4178686 0.3838013
vt 0.3813375 0.3838013
vt 0.3813375 0.3451536
vt 0.7654377 0.3936615
vt 0.7383617 0.370078
vt 0.722112 0.3936615
vt 0.7654377 0.370078
vt 0.720715 0.370078
vt 0.720715 0.3936615
vt 0.6813954 0.370078
vt 0.6813954 0.3936615
vt 0.6537032 0.370078
vt 0.6537032 0.3936615
vt 0.7654377 0.370078
vt 0.722112 0.3936615
vt 0.722112 0.370078
vt 0.7654377 0.3936615
vt 0.6761775 0.370078
vt 0.6813954 0.3936615
vt 0.1595563 0.5815766
vt 0.1548256 0.5491085
vt 0.1548256 0.5815766
vt 0.1595563 0.5491894
vt 0.1690178 0.5491894
vt 0.1690178 0.5815766
vt 0.148518 0.5815766
vt 0.148518 0.5489872
vt 0.1153222 0.5815766
vt 0.1153222 0.5489064
vt 0.1027069 0.5487851
vt 0.1027069 0.5815766
vt 0.0916282 0.5813744
vt 0.0916282 0.5483403
vt 0.3712508 0.3806845
vt 0.337064 0.3841493
vt 0.3638481 0.3857693
vt 0.3324404 0.3589733
vt 0.3749402 0.3589733
vt 0.3324404 0.3179752
vt 0.376785 0.3247983
vt 0.3878771 0.3113885
vt 0.33531 0.2840406
vt 0.3878771 0.2819673
vt 0.06793419 0.5481886
vt 0.0916282 0.5813744
vt 0.0916282 0.5483403
vt 0.06832842 0.5813744
vt 0.05689586 0.5487041
vt 0.04977956 0.5815766
vt 0.04266327 0.5489064
vt 0.01504721 0.5491085
vt 0.01581545 0.5815766
vt 0.006738164 0.5815766
vt 0.006738164 0.5491489
vt 0.01153291 0.7908126
vt 0.01108878 0.8206162
vt 0.0382274 0.7908126
vt 0.0360067 0.8179512
vt 0.1076285 0.8206162
vt 0.0382274 0.7908126
vt 0.0360067 0.8179512
vt 0.1076285 0.7908126
vt 0.1360997 0.8192837
vt 0.1378762 0.7908126
vt 0.4614374 0.9003965
vt 0.453153 0.8749803
vt 0.4477044 0.8785179
vt 0.4586038 0.8778406
vt 0.4351217 0.8732553
vt 0.4412916 0.8701366
vt 0.4713102 0.8701749
vt 0.4651636 0.8683782
vt 0.4661995 0.8553742
vt 0.4721073 0.8550127
vt 0.4412657 0.8593993
vt 0.434945 0.859789
vt 0.4533722 0.2828241
vt 0.4533722 0.2885531
vt 0.3914742 0.2828241
vt 0.4533722 0.3132977
vt 0.3914742 0.3171008
vt 0.4533722 0.3171008
vt 0.2809544 0.2393662
vt 0.3161166 0.2781766
vt 0.3173275 0.2393662
vt 0.2809544 0.2781766
vt 0.3464354 0.2781766
vt 0.3464354 0.2393662
vt 0.3707152 0.2781766
vt 0.3707152 0.2393662
vt 0.3985967 0.2393662
vt 0.3985967 0.2781766
vt 0.427099 0.2393662
vt 0.427099 0.2781766
vt 0.4556014 0.2393662
vt 0.4556014 0.2781766
vt 0.4329099 0.9529185
vt 0.3802125 0.9529185
vt 0.4329099 0.9581159
vt 0.4329099 0.9889054
vt 0.3802125 0.9940369
vt 0.4329099 0.9940369
vt 0.4614374 0.9003965
vt 0.453153 0.8749803
vt 0.4477044 0.8785179
vt 0.4586038 0.8778406
vt 0.4351217 0.8732553
vt 0.4412916 0.8701366
vt 0.4713102 0.8701749
vt 0.4651636 0.8683782
vt 0.4661995 0.8553742
vt 0.4721073 0.8550127
vt 0.4412657 0.8593993
vt 0.434945 0.859789
vt 0.4164811 0.2644271
vt 0.4189395 0.2777664
vt 0.4189395 0.2644271
vt 0.4164811 0.2777664
vt 0.4219702 0.2777664
vt 0.4219702 0.2644271
vt 0.4302801 0.2777664
vt 0.4302801 0.2644271
vt 0.4383694 0.2777664
vt 0.4383694 0.2644271
vt 0.4460582 0.2777664
vt 0.4460582 0.2644271
vt 0.450084 0.2777664
vt 0.450084 0.2644271
vt 0.4541098 0.2644271
vt 0.4541098 0.2777664
vt 0.4545822 0.2777664
vt 0.4545822 0.2644271
vt 0.858305 0.5716504
vt 0.8238221 0.5134089
vt 0.858305 0.5128751
vt 0.830167 0.5707381
vt 0.037971 0.7117113
vt 0.08948468 0.7200121
vt 0.06159161 0.6975512
vt 0.009894833 0.7031664
vt 0.009894833 0.7190356
vt 0.06507061 0.658977
vt 0.09693097 0.658977
vt 0.09775494 0.6987719
vt 0.009894833 0.658977
vt 0.04163311 0.7361254
vt 0.009894833 0.7392992
vt 0.09424542 0.7414965
vt 0.04468487 0.764873
vt 0.009894833 0.761516
vt 0.09729718 0.7624926
vt 0.009894833 0.7854418
vt 0.0478587 0.7850756
vt 0.1026683 0.7832446
vt 0.1400218 0.7620043
vt 0.1500316 0.783977
vt 0.1346507 0.7405199
vt 0.131721 0.7195238
vt 0.1339183 0.6999926
vt 0.1661754 0.7173266
vt 0.1840892 0.7046313
vt 0.1816478 0.7407641
vt 0.1807933 0.7629809
vt 0.1981273 0.7851977
vt 0.2074046 0.7205004
vt 0.2127757 0.7429613
vt 0.222053 0.7634692
vt 0.239387 0.785686
vt 0.2542796 0.761516
vt 0.2542796 0.7854418
vt 0.2453685 0.7394213
vt 0.188972 0.6921801
vt 0.1287913 0.658977
vt 0.2139964 0.7043871
vt 0.2332835 0.6921801
vt 0.249824 0.7014574
vt 0.2542796 0.658977
vt 0.1865306 0.658977
vt 0.2332835 0.658977
vt 0.2453685 0.7195238
vt 0.006109421 0.5849146
vt 0.02227526 0.5849146
vt 0.006109421 0.6557174
vt 0.05462659 0.6557174
vt 0.04861824 0.5849146
vt 0.09965396 0.6557174
vt 0.1018611 0.5849146
vt 0.1462886 0.6557174
vt 0.149555 0.5849146
vt 0.1895746 0.6557174
vt 0.188242 0.5849146
vt 0.2201856 0.5849146
vt 0.2364224 0.6557174
vt 0.2454718 0.5849146
vt 0.2658493 0.6557174
vt 0.2658493 0.5901659
vt 0.9240009 0.8757774
vt 0.925367 0.8777165
vt 0.9255874 0.8734859
vt 0.9348418 0.8719875
vt 0.9403725 0.8836216
vt 0.9412317 0.8679332
vt 0.9341367 0.8812419
vt 0.9293773 0.8715468
vt 0.9289807 0.8803605
vt 0.9474455 0.8694316
vt 0.9477099 0.8808894
vt 0.9523811 0.876835
vt 0.9524692 0.8731333
vt 0.3808699 0.7843549
vt 0.3563406 0.7145791
vt 0.3545699 0.783794
vt 0.3809972 0.7150868
vt 0.3190818 0.7832764
vt 0.3248994 0.7169349
vt 0.3374846 0.6385393
vt 0.3636719 0.6415951
vt 0.3941478 0.7184972
vt 0.3943029 0.7845895
vt 0.425398 0.7849599
vt 0.4278328 0.7264303
vt 0.3636719 0.6415951
vt 0.4069004 0.6447909
vt 0.3874137 0.6397258
vt 0.3636719 0.6415951
vt 0.4278217 0.6461012
vt 0.3052845 0.7192646
vt 0.3003784 0.7829498
vt 0.2661383 0.7226934
vt 0.2717273 0.6427466
vt 0.3094202 0.6415145
vt 0.2692895 0.7824072
vt 0.3063739 0.6275223
vt 0.2719671 0.6290088
vt 0.3314886 0.6098481
vt 0.3002811 0.5995382
vt 0.3254926 0.581157
vt 0.3514292 0.5937374
vt 0.3398353 0.5618772
vt 0.36074 0.5630296
vt 0.3502073 0.5477256
vt 0.3660135 0.5316213
vt 0.3664901 0.5429698
vt 0.3789706 0.5627178
vt 0.3763965 0.5941731
vt 0.3568494 0.592572
vt 0.3718995 0.542434
vt 0.373436 0.5317507
vt 0.3917291 0.5471904
vt 0.4005888 0.5616776
vt 0.3824695 0.5942791
vt 0.3636719 0.6415951
vt 0.4032459 0.5834591
vt 0.3953298 0.6115925
vt 0.4119967 0.6138521
vt 0.4170929 0.5829133
vt 0.4285391 0.6050057
vt 0.4294048 0.555408
vt 0.4114926 0.5557253
vt 0.4280608 0.6324028
vt 0.4094485 0.6293215
vt 0.3071786 0.5765847
vt 0.3012814 0.5664016
vt 0.2733105 0.5520533
vt 0.3008484 0.552534
vt 0.2724467 0.6015332
vt 0.9255874 0.8734859
vt 0.9289807 0.8803605
vt 0.9293773 0.8715468
vt 0.925367 0.8777165
vt 0.9270416 0.8794792
vt 0.9255874 0.8734859
vt 0.9289807 0.8803605
vt 0.3636719 0.6415951
vt 0.9382066 0.859334
vt 0.9521331 0.8547207
vt 0.9466352 0.8601266
vt 0.9505964 0.8432034
vt 0.9409528 0.8414636
vt 0.9363661 0.8441177
vt 0.8884445 0.5328896
vt 0.887696 0.534893
vt 0.887696 0.5328896
vt 0.8884445 0.534893
vt 0.8869475 0.534893
vt 0.8869475 0.5328896
vt 0.8821645 0.5323009
vt 0.8814163 0.5343044
vt 0.8814163 0.5323009
vt 0.8821645 0.5343044
vt 0.8806543 0.5343044
vt 0.8806543 0.5323009
vt 0.7542943 0.6682708
vt 0.7011654 0.6025589
vt 0.7193022 0.6447371
vt 0.7201567 0.5569528
vt 0.7542943 0.5368514
vt 0.3849168 0.912839
vt 0.3791641 0.8614828
vt 0.3787222 0.9121212
vt 0.3853722 0.8606668
vt 0.3857493 0.8174568
vt 0.3795423 0.8181373
vt 0.3797231 0.7974315
vt 0.3859299 0.7967604
vt 0.4311563 0.9108316
vt 0.4316116 0.8586591
vt 0.4319887 0.8154491
vt 0.4321693 0.7947528
vt 0.326227 0.7929636
vt 0.3193835 0.8665907
vt 0.3254108 0.8864974
vt 0.3716501 0.8844899
vt 0.3724663 0.7909563
vt 0.326227 0.7929636
vt 0.3200323 0.7922458
vt 0.3190902 0.9001943
vt 0.324812 0.9551125
vt 0.3254108 0.8864974
vt 0.3186463 0.9510564
vt 0.318288 0.9921316
vt 0.3244541 0.996117
vt 0.3193835 0.8665907
vt 0.3710513 0.953105
vt 0.3716501 0.8844899
vt 0.3706934 0.9941094
vt 0.3193835 0.8665907
vt 0.3254108 0.8864974
vt 0.3254108 0.8864974
vt 0.3716501 0.8844899
vt 0.3716501 0.8844899
vt 0.33531 0.2840406
vt 0.3730955 0.3598956
vt 0.376785 0.3247983
vt 0.3324404 0.311625
vt 0.3324404 0.3247983
vt 0.369406 0.3816068
vt 0.3324404 0.3594227
vt 0.337064 0.3850716
vt 0.3638481 0.3866917
vt 0.3878771 0.3113885
vt 0.3878771 0.2817308
vt 0.0360067 0.8179512
vt 0.01153291 0.7908126
vt 0.0382274 0.7908126
vt 0.0360067 0.8179512
vt 0.01108878 0.8206162
vt 0.1076285 0.8206162
vt 0.1076285 0.7908126
vt 0.136988 0.8037157
vt 0.1360997 0.8192837
vt 0.4178686 0.3451536
vt 0.4533002 0.3838013
vt 0.4178686 0.3838013
vt 0.4533002 0.3451536
vt 0.3813375 0.3838013
vt 0.3813375 0.3451536
vt 0.7654377 0.3936615
vt 0.7383617 0.370078
vt 0.7654377 0.370078
vt 0.722112 0.3936615
vt 0.720715 0.370078
vt 0.720715 0.3936615
vt 0.6813954 0.370078
vt 0.6813954 0.3936615
vt 0.6537032 0.370078
vt 0.6537032 0.3936615
vt 0.7654377 0.370078
vt 0.722112 0.3936615
vt 0.7654377 0.3936615
vt 0.722112 0.370078
vt 0.6761775 0.370078
vt 0.6813954 0.3936615
vt 0.1595563 0.5815766
vt 0.1548256 0.5491085
vt 0.1595563 0.5491894
vt 0.1548256 0.5815766
vt 0.1690178 0.5491894
vt 0.1690178 0.5815766
vt 0.148518 0.5815766
vt 0.148518 0.5489872
vt 0.1153222 0.5815766
vt 0.1153222 0.5489064
vt 0.1027069 0.5487851
vt 0.1027069 0.5815766
vt 0.0916282 0.5813744
vt 0.0916282 0.5483403
vt 0.3712508 0.3806845
vt 0.337064 0.3841493
vt 0.3324404 0.3589733
vt 0.3638481 0.3857693
vt 0.3749402 0.3589733
vt 0.3324404 0.3179752
vt 0.376785 0.3247983
vt 0.3878771 0.3113885
vt 0.33531 0.2840406
vt 0.3878771 0.2819673
vt 0.06793419 0.5481886
vt 0.0916282 0.5813744
vt 0.06832842 0.5813744
vt 0.0916282 0.5483403
vt 0.05689586 0.5487041
vt 0.04977956 0.5815766
vt 0.04266327 0.5489064
vt 0.01504721 0.5491085
vt 0.01581545 0.5815766
vt 0.006738164 0.5815766
vt 0.006738164 0.5491489
vt 0.01153291 0.7908126
vt 0.0382274 0.7908126
vt 0.01108878 0.8206162
vt 0.0360067 0.8179512
vt 0.1076285 0.8206162
vt 0.0382274 0.7908126
vt 0.1076285 0.7908126
vt 0.0360067 0.8179512
vt 0.1360997 0.8192837
vt 0.1378762 0.7908126
vt 0.4614374 0.9003965
vt 0.4477044 0.8785179
vt 0.453153 0.8749803
vt 0.4586038 0.8778406
vt 0.4351217 0.8732553
vt 0.4412916 0.8701366
vt 0.4713102 0.8701749
vt 0.4651636 0.8683782
vt 0.4661995 0.8553742
vt 0.4721073 0.8550127
vt 0.4412657 0.8593993
vt 0.434945 0.859789
vt 0.4533722 0.2828241
vt 0.3914742 0.2828241
vt 0.4533722 0.2885531
vt 0.4533722 0.3132977
vt 0.3914742 0.3171008
vt 0.4533722 0.3171008
vt 0.2809544 0.2393662
vt 0.3161166 0.2781766
vt 0.2809544 0.2781766
vt 0.3173275 0.2393662
vt 0.3464354 0.2781766
vt 0.3464354 0.2393662
vt 0.3707152 0.2781766
vt 0.3707152 0.2393662
vt 0.3985967 0.2393662
vt 0.3985967 0.2781766
vt 0.427099 0.2393662
vt 0.427099 0.2781766
vt 0.4556014 0.2393662
vt 0.4556014 0.2781766
vt 0.4329099 0.9529185
vt 0.4329099 0.9581159
vt 0.3802125 0.9529185
vt 0.4329099 0.9889054
vt 0.3802125 0.9940369
vt 0.4329099 0.9940369
vt 0.4614374 0.9003965
vt 0.4477044 0.8785179
vt 0.453153 0.8749803
vt 0.4586038 0.8778406
vt 0.4351217 0.8732553
vt 0.4412916 0.8701366
vt 0.4713102 0.8701749
vt 0.4651636 0.8683782
vt 0.4661995 0.8553742
vt 0.4721073 0.8550127
vt 0.4412657 0.8593993
vt 0.434945 0.859789
vt 0.4164811 0.2644271
vt 0.4189395 0.2777664
vt 0.4164811 0.2777664
vt 0.4189395 0.2644271
vt 0.4219702 0.2777664
vt 0.4219702 0.2644271
vt 0.4302801 0.2777664
vt 0.4302801 0.2644271
vt 0.4383694 0.2777664
vt 0.4383694 0.2644271
vt 0.4460582 0.2777664
vt 0.4460582 0.2644271
vt 0.450084 0.2777664
vt 0.450084 0.2644271
vt 0.4541098 0.2644271
vt 0.4541098 0.2777664
vt 0.4545822 0.2777664
vt 0.4545822 0.2644271
vn 0.3069689 -0.9517085 0.004577355
vn -0.1284003 -0.9619772 -0.2410665
vn 0.1175917 -0.9689634 -0.2174446
vn 0.1764122 -0.9545332 -0.2403021
vn -0.3089484 -0.9390049 -0.1510648
vn -0.1816514 -0.8410314 -0.5095773
vn 0.7299869 -0.6445325 -0.2273698
vn 0.7445389 -0.6563234 0.1220712
vn 0.9067504 -0.2581587 -0.3334034
vn 0.3576666 -0.8864409 -0.2937635
vn 0.9895018 -0.01773779 -0.1434282
vn 0.9780562 -0.1532504 0.1411392
vn 0.6644888 -0.7016802 0.2570984
vn 0.1983046 -0.9774572 0.07247487
vn 0.9351581 -0.1108152 0.336451
vn -1.707921E-07 -0.9691585 -0.2464382
vn 0 -0.4896454 -0.8719217
vn -0.4109827 -0.8635452 -0.2922035
vn -0.5986233 -0.7396722 -0.3074656
vn -0.391687 -0.4046759 -0.8263285
vn 0 -0.3150831 -0.949064
vn -0.8721032 -0.4110298 -0.2655005
vn -0.9738921 -0.0231266 -0.22583
vn 0 -0.02308545 -0.9997335
vn -0.9834768 -0.04138947 -0.176239
vn -0.8344921 -0.512888 -0.2014168
vn -0.9826211 -0.07762931 -0.1686101
vn 0.9738921 -0.0231266 -0.22583
vn 0 -0.3150831 -0.949064
vn 0.391687 -0.4046759 -0.8263285
vn 0 -0.4896454 -0.8719217
vn 0.8720975 -0.4110384 -0.265506
vn 0.5986233 -0.7396722 -0.3074656
vn 0.1816514 -0.8410314 -0.5095773
vn -1.707921E-07 -0.9691585 -0.2464382
vn -0.1175917 -0.9689634 -0.2174446
vn 0.1284003 -0.9619772 -0.2410665
vn -0.3069689 -0.9517085 0.004577355
vn -0.1764122 -0.9545332 -0.2403021
vn 0.3089484 -0.9390049 -0.1510648
vn -0.7299869 -0.6445325 -0.2273698
vn -0.7445389 -0.6563234 0.1220712
vn -0.9067504 -0.2581587 -0.3334034
vn -0.3576666 -0.8864409 -0.2937635
vn 0.4109827 -0.8635452 -0.2922035
vn -0.9895018 -0.01773779 -0.1434282
vn -0.9780562 -0.1532504 0.1411392
vn -0.6644888 -0.7016802 0.2570984
vn -0.1983046 -0.9774572 0.07247487
vn -0.9351581 -0.1108152 0.336451
vn 0.8344921 -0.512888 -0.2014168
vn 0.9834768 -0.04138947 -0.176239
vn 0.9826211 -0.07762931 -0.1686101
vn 0.7578035 0.5904306 -0.2777151
vn 0.2313474 0.8717965 -0.4317977
vn 0.6919064 0.6158015 -0.3769006
vn 0.9895018 -0.01773779 -0.1434282
vn 0.9067504 -0.2581587 -0.3334034
vn 0.3768993 0.8611844 -0.3410405
vn 0.8417311 0.5296822 -0.104525
vn 0.9780562 -0.1532504 0.1411392
vn 0.849177 0.4944949 0.1853998
vn 0.4370535 0.897662 -0.05645553
vn 0.3045878 0.8833429 0.3562743
vn -0.313424 0.8955448 -0.3158559
vn -0.1257439 0.9195467 0.3723201
vn -0.222546 0.9744911 0.02899249
vn 0 0.9772521 -0.2120812
vn 0 0.980588 0.1960794
vn 0 0.8248509 -0.5653504
vn -0.2674948 0.8050592 -0.5294585
vn -0.7055125 0.4569905 -0.541675
vn 0 0.2961892 -0.9551293
vn -0.9738921 -0.0231266 -0.22583
vn -0.9834768 -0.04138947 -0.176239
vn -0.9029418 0.3750714 -0.2098035
vn -0.1089583 0.7968022 -0.5943353
vn -0.3027881 0.8662122 -0.3974868
vn -0.8942949 0.3952445 -0.2098053
vn -0.9826211 -0.07762931 -0.1686101
vn 0 0.8798057 0.4753336
vn 0 -0.02308545 -0.9997335
vn 0.9738921 -0.0231266 -0.22583
vn 0.7055125 0.4569905 -0.541675
vn 0.9834768 -0.04138947 -0.176239
vn 0.9029374 0.3750795 -0.209808
vn 0.1089583 0.7968022 -0.5943353
vn 0.3027881 0.8662122 -0.3974868
vn 0.8942903 0.3952529 -0.2098098
vn 0.9826211 -0.07762931 -0.1686101
vn 0.313424 0.8955448 -0.3158559
vn -0.3768993 0.8611844 -0.3410405
vn 0.2674948 0.8050592 -0.5294585
vn 0.222546 0.9744911 0.02899249
vn 0 0.8248509 -0.5653504
vn 0 0.9772521 -0.2120812
vn 0.1257439 0.9195467 0.3723201
vn 0 0.980588 0.1960794
vn -0.4370535 0.897662 -0.05645553
vn -0.849177 0.4944949 0.1853998
vn -0.3045878 0.8833429 0.3562743
vn -0.8417311 0.5296822 -0.104525
vn -0.7578035 0.5904306 -0.2777151
vn -0.2313474 0.8717965 -0.4317977
vn -0.6919064 0.6158015 -0.3769006
vn -0.9895018 -0.01773779 -0.1434282
vn -0.9780562 -0.1532504 0.1411392
vn -0.9067504 -0.2581587 -0.3334034
vn -0.5279492 0.6905491 0.4943801
vn -0.8576743 0.2802964 0.4310784
vn -0.9351581 -0.1108152 0.336451
vn 0 0.8798057 0.4753336
vn -0.01311355 0.8589134 0.5119529
vn -1.707921E-07 -0.9691585 -0.2464382
vn 0.1983046 -0.9774572 0.07247487
vn 0.1175917 -0.9689634 -0.2174446
vn -5.449552E-07 -0.9999346 -0.01144308
vn 0.01311355 0.8589134 0.5119529
vn 0.5279492 0.6905491 0.4943801
vn 0.8576743 0.2802964 0.4310784
vn 0.9351581 -0.1108152 0.336451
vn -0.4196802 0.9067878 0.04005583
vn -0.137137 0.9796041 0.1468643
vn 0.6679627 0.7218936 0.1808191
vn -0.9827392 0.1755479 -0.05836497
vn -0.9867422 0.09336463 -0.1327514
vn -0.2076174 0.9750485 0.07858372
vn 0.7948036 0.6033507 0.06523226
vn 0.8034831 0.5632964 0.1926452
vn -0.9828248 0.1774296 0.05073506
vn -0.3618841 0.9315332 0.03585938
vn -0.99874 0.03695505 -0.03395096
vn 0.6899664 0.7237734 -0.00991797
vn -0.3939745 0.9190831 -0.008392583
vn -0.9896103 0.1437673 0.001525889
vn 0.661469 0.7417685 -0.1106263
vn -0.9916947 0.1176854 -0.05188075
vn -0.4053136 0.9117649 -0.06637606
vn 0.6756665 0.7299773 -0.102995
vn 0.9890987 -0.1378119 0.05188214
vn 0.9808545 -0.1714707 -0.09231572
vn 0.9486946 -0.2533381 -0.1892049
vn 0.921141 -0.3543803 -0.1609779
vn 0.05988884 -0.9918851 -0.1121485
vn 0.3680417 -0.9088981 -0.1960855
vn 0.4108458 -0.8911196 -0.1926436
vn 0.557026 -0.8297694 -0.0347128
vn 0.9415768 -0.3340771 0.04272525
vn 0.2393634 -0.9392391 -0.2460389
vn -0.4397889 -0.8866351 -0.1430518
vn -0.5139397 -0.840004 -0.1739518
vn -0.6225051 -0.7747577 -0.1106252
vn -0.820782 -0.5702988 -0.03280649
vn -0.9896103 0.1437673 0.001525889
vn -0.9916947 0.1176854 -0.05188075
vn -0.99874 0.03695505 -0.03395096
vn -0.05168865 -0.9764577 -0.2094249
vn 0.9193825 -0.3919297 0.03357081
vn -0.6406717 -0.7134364 -0.2838105
vn -0.8465779 -0.5321987 -0.008392346
vn -0.9827392 0.1755479 -0.05836497
vn -0.9828248 0.1774296 0.05073506
vn -0.01211195 -0.9996647 0.02288871
vn -0.7831446 -0.6214041 0.02326927
vn -0.9867422 0.09336463 -0.1327514
vn -0.9955518 -0.08964424 -0.02899133
vn -0.9916947 0.1176854 -0.05188075
vn -0.9029146 0.4279135 -0.04043578
vn -0.4053136 0.9117649 -0.06637606
vn -0.2847677 0.9581106 -0.03051763
vn 0.6756665 0.7299773 -0.102995
vn 0.7314667 0.6771551 -0.08010849
vn 0.921141 -0.3543803 -0.1609779
vn 0.9428723 -0.2957563 -0.1533622
vn 0.05988884 -0.9918851 -0.1121485
vn 0.367766 -0.9228485 -0.11445
vn -0.4345881 -0.8998845 -0.03662099
vn -0.820782 -0.5702988 -0.03280649
vn -0.8461145 -0.5312862 -0.04272414
vn -0.9916947 0.1176854 -0.05188075
vn -0.9955518 -0.08964424 -0.02899133
vn -0.01368522 0.6468771 -0.7624714
vn -0.5254275 -0.5000597 -0.6883794
vn 0.6204137 -0.4752404 -0.6238857
vn -0.6781268 0.4540395 -0.5779206
vn 0.7443385 0.2136218 -0.632713
vn 0.7312919 0.3536294 -0.5832311
vn -0.7485209 0.2723693 -0.604592
vn -0.8855657 0.1815096 -0.4275835
vn 0.6235141 0.0446321 -0.7805371
vn -0.8149847 -0.154495 -0.5585079
vn 0.7979419 -0.2426155 -0.5517486
vn 0.5111212 -0.6612769 -0.5490609
vn -0.4623912 -0.6980929 -0.5466815
vn -0.6119536 -0.4149469 0.6732992
vn 0.02102923 -0.9987214 0.04596866
vn -0.8602164 -0.5080712 0.04348766
vn 0.09336698 -0.7803152 0.6183774
vn 0.7769515 -0.2754663 0.5660959
vn 0.9313622 -0.3314509 -0.1506812
vn 0.9210453 -0.378794 0.09050238
vn -0.06580252 -0.9387826 0.3381677
vn -0.9692528 0.2441908 -0.03032715
vn -0.7861316 0.2055391 0.5828813
vn -0.1221677 0.8681442 0.4810413
vn -0.1206339 0.9708884 -0.2069372
vn -0.06580252 -0.9387826 0.3381677
vn -0.9221807 0.3836161 0.04920967
vn -0.9482123 -0.2979272 0.1101491
vn -0.06580252 -0.9387826 0.3381677
vn 0.008153783 0.9975272 0.06980783
vn 0.8395351 0.4836172 -0.2475784
vn 0.7285367 0.4769011 0.4917313
vn -0.1206339 0.9708884 -0.2069372
vn 0.008153783 0.9975272 0.06980783
vn 0.9340151 0.3554293 -0.03585764
vn -0.1221677 0.8681442 0.4810413
vn 0.8688962 0.4917642 0.05645775
vn -0.01387565 0.9850756 0.1715621
vn 0.9994147 -0.03032575 0.01583043
vn 0.8497943 0.4765848 -0.2252036
vn 0.7312919 0.3536294 -0.5832311
vn 0.932668 -0.2981104 0.2031271
vn 0.7443385 0.2136218 -0.632713
vn 0.6351997 -0.4011185 0.6600192
vn 0.7979419 -0.2426155 -0.5517486
vn 0.5111212 -0.6612769 -0.5490609
vn 0.5428858 -0.6425937 0.5406924
vn -0.6008663 -0.3601097 0.713639
vn -0.5488024 -0.5828971 0.5992052
vn 0.4652559 -0.6359181 0.6157476
vn -0.4165688 -0.6885592 0.5935962
vn -0.4623912 -0.6980929 -0.5466815
vn -0.8149847 -0.154495 -0.5585079
vn -0.7485209 0.2723693 -0.604592
vn -0.9663343 -0.1291275 0.2225399
vn -0.06580252 -0.9387826 0.3381677
vn -0.6781268 0.4540395 -0.5779206
vn -0.9986708 0.04749332 -0.0200273
vn -0.9048418 0.4106979 -0.1121992
vn -0.8855657 0.1815096 -0.4275835
vn -0.07300189 0.9768711 -0.2009817
vn -0.01368522 0.6468771 -0.7624714
vn -0.5254275 -0.5000597 -0.6883794
vn -0.01387565 0.9850756 0.1715621
vn -0.8896468 0.4519522 0.06532755
vn 0.6235141 0.0446321 -0.7805371
vn 0.8243601 -0.1000648 -0.5571512
vn -0.01368522 0.6468771 -0.7624714
vn -0.07300189 0.9768711 -0.2009817
vn 0.6204137 -0.4752404 -0.6238857
vn -0.5254275 -0.5000597 -0.6883794
vn 0.8243601 -0.1000648 -0.5571512
vn 0.6204137 -0.4752404 -0.6238857
vn -0.5254275 -0.5000597 -0.6883794
vn 0.6235141 0.0446321 -0.7805371
vn -0.8855657 0.1815096 -0.4275835
vn 0.6235141 0.0446321 -0.7805371
vn -0.06580252 -0.9387826 0.3381677
vn -0.1221677 0.8681442 0.4810413
vn -0.6119536 -0.4149469 0.6732992
vn -0.7861316 0.2055391 0.5828813
vn 0.09336698 -0.7803152 0.6183774
vn 0.7769515 -0.2754663 0.5660959
vn 0.7285367 0.4769011 0.4917313
vn 0 -0.173731 0.9847932
vn 0.5484855 -0.7160234 0.4318265
vn 0 -0.7559345 0.6546472
vn 0.706161 -0.1228313 0.6973158
vn 0.7764493 -0.6206635 -0.1091025
vn 1 0 0
vn 1 0 0
vn 0.5484269 -0.525086 -0.6507786
vn 0.7764493 -0.6206635 -0.1091025
vn 0.706161 0.1228313 -0.6973158
vn 0 -0.4864525 -0.8737069
vn 0 0.173546 -0.9848258
vn 0 -0.7559345 0.6546472
vn 0.5484269 -0.525086 -0.6507786
vn 0 -0.4864525 -0.8737069
vn 0.7764493 -0.6206635 -0.1091025
vn 0.5484855 -0.7160234 0.4318265
vn 0.5385013 0.202391 0.8179573
vn -0.07868741 -0.2308164 0.9698103
vn 0.2718728 0.4804262 0.8338321
vn -0.1904937 -0.1903507 0.963057
vn -0.007390105 0.4554212 0.8902454
vn -0.01116092 -0.2137746 0.9768192
vn -0.0299506 -0.2226264 0.9744436
vn -0.04877407 0.4453077 0.8940482
vn 0.8470423 0.4399242 0.2983054
vn 0.4079917 0.8244713 0.3921604
vn 0.006151561 0.9108126 0.4127746
vn -0.03318564 0.9049763 0.4241659
vn 0.5385013 0.202391 0.8179573
vn 0.02669928 -0.1529487 0.9878734
vn -0.1904937 -0.1903507 0.963057
vn 0.5385013 0.202391 0.8179573
vn 0.69358 -0.155035 0.7034992
vn 0.9565928 -0.1733884 0.2342365
vn 0.8470423 0.4399242 0.2983054
vn 0.08965398 -0.3040605 0.9484247
vn 0.2985088 -0.8064505 0.5104215
vn 0.1752981 -0.5690034 0.8034337
vn 0.5000821 -0.5899138 0.6339713
vn 0.07299325 -0.4687587 0.8803052
vn 0.1379627 -0.8771254 0.4600188
vn 0.02669928 -0.1529487 0.9878734
vn 0.3236847 -0.9432061 0.07476982
vn 0.7068994 -0.6784785 0.1999003
vn 0.03643012 -0.9904796 -0.1327506
vn 0.5000821 -0.5899138 0.6339713
vn 0.02669928 -0.1529487 0.9878734
vn 0.69358 -0.155035 0.7034992
vn 0.9565928 -0.1733884 0.2342365
vn 0.7068994 -0.6784785 0.1999003
vn 0.7361025 -0.4928968 0.4639029
vn 0.5794415 0.7700298 -0.2670237
vn 0.7061281 -0.7033623 -0.0816377
vn 0.6391574 0.7583199 -0.1281748
vn 0.8407667 -0.5271005 -0.1235973
vn 0.4104502 0.6809286 -0.6065202
vn 0.6851432 -0.6897209 -0.2342304
vn 0.487555 -0.4298533 -0.7599449
vn 0.4283363 0.2560291 -0.8665894
vn 0.631717 0.7532634 -0.1831064
vn 0.5832466 0.664163 0.4676653
vn 0.711841 -0.669306 -0.2128657
vn 0.01392321 -0.9813954 -0.1914918
vn 0.09651373 -0.9293738 -0.3562997
vn 0.711841 -0.669306 -0.2128657
vn 0.6397554 -0.7660279 -0.06256403
vn 0.7219431 0.667702 -0.1815825
vn 0.752077 0.6522499 -0.09460568
vn 0.1787179 0.9467566 -0.2677908
vn 0.220101 0.894852 -0.3883238
vn 0.9680011 -0.2020881 -0.1487765
vn 0.9825858 0.1199624 -0.1418952
vn 0.9807433 0.1410939 -0.1350382
vn 0.9698567 -0.1953065 -0.1457169
vn 0.7509193 -0.6504025 -0.1144403
vn 0.7021993 -0.7052511 -0.09765749
vn -0.784512 -0.6200756 0.006866417
vn -0.9948276 0.1015665 -0.001525882
vn -0.9888762 0.1487236 0.002288789
vn -0.7756559 -0.6311488 -0.003051792
vn -0.436859 0.892123 -0.1151988
vn -0.3880884 0.9159346 -0.1022314
vn 0.6344618 0.7708334 -0.05721886
vn 0.6933241 0.7186442 -0.05340598
vn 0.9807433 0.1410939 -0.1350382
vn 0.9825858 0.1199624 -0.1418952
vn -0.7756559 -0.6311488 -0.003051792
vn -0.06522684 -0.9978562 -0.005340209
vn -0.07162491 -0.997408 0.006866836
vn -0.784512 -0.6200756 0.006866417
vn 0.7021993 -0.7052511 -0.09765749
vn 0.7509193 -0.6504025 -0.1144403
vn -0.8083075 0.1563974 -0.5676081
vn 0.4104502 0.6809286 -0.6065202
vn -0.8375943 0.4938974 -0.2334545
vn 0.4283363 0.2560291 -0.8665894
vn 0.487555 -0.4298533 -0.7599449
vn -0.6822891 -0.5336047 -0.4997477
vn -0.7267926 0.6858801 0.03662096
vn 0.5794415 0.7700298 -0.2670237
vn -0.7696089 0.628037 0.1152029
vn 0.6391574 0.7583199 -0.1281748
vn 0.631717 0.7532634 -0.1831064
vn -0.7791631 0.6248564 0.04959178
vn -0.5275688 0.5442103 0.6523085
vn 0.5832466 0.664163 0.4676653
vn -0.8375943 0.4938974 -0.2334545
vn -0.6822891 -0.5336047 -0.4997477
vn -0.8083075 0.1563974 -0.5676081
vn -0.6021454 -0.7965983 0.05340536
vn -0.7267926 0.6858801 0.03662096
vn -0.627356 -0.7689831 0.1228389
vn -0.7696089 0.628037 0.1152029
vn -0.7791631 0.6248564 0.04959178
vn -0.4144823 -0.6160012 0.6698858
vn -0.5275688 0.5442103 0.6523085
vn 0.7361025 -0.4928968 0.4639029
vn -0.5275688 0.5442103 0.6523085
vn 0.5832466 0.664163 0.4676653
vn -0.4144823 -0.6160012 0.6698858
vn 0.7061281 -0.7033623 -0.0816377
vn -0.627356 -0.7689831 0.1228389
vn 0.8407667 -0.5271005 -0.1235973
vn 0.6851432 -0.6897209 -0.2342304
vn -0.6021454 -0.7965983 0.05340536
vn -0.6822891 -0.5336047 -0.4997477
vn 0.487555 -0.4298533 -0.7599449
vn -0.03471214 -0.9984509 0.04348554
vn -0.02822789 -0.9983707 0.04958953
vn 0.6631839 -0.7419574 -0.09841902
vn 0.7468783 -0.6514205 -0.1335073
vn 0.7648637 0.6381891 -0.08773997
vn 0.6631839 -0.7419574 -0.09841902
vn 0.7468783 -0.6514205 -0.1335073
vn 0.7448141 0.6607484 -0.09307792
vn 0.1485788 0.9874576 -0.05340443
vn 0.1226442 0.9888309 -0.08468745
vn -0.04692097 -0.9740869 0.2212534
vn -0.1067068 -0.9774306 0.1823266
vn 0.1821374 -0.98297 0.02441214
vn -0.3375678 -0.9184894 0.2059735
vn 0.1751056 -0.9832998 0.04959418
vn 0.2324239 -0.9726133 -0.001525967
vn -0.211608 -0.9604849 0.1808061
vn -0.2324261 -0.9550738 0.1838808
vn 0.2790644 -0.9543127 -0.1068189
vn 0.4487881 -0.8912822 0.06484827
vn 0.1133001 -0.9899449 -0.08468892
vn 0.1668112 -0.9859886 0.0007630014
vn 0.1668112 -0.9859886 0.0007630014
vn 0.1133001 -0.9899449 -0.08468892
vn 0.4620876 -0.8776327 -0.1274198
vn 0.2790644 -0.9543127 -0.1068189
vn 0.7661449 -0.4710923 0.4371431
vn 0.4487881 -0.8912822 0.06484827
vn 0.4620876 -0.8776327 -0.1274198
vn 0.8635013 -0.3869256 0.323503
vn 0.7861599 -0.598107 -0.1556299
vn 0.7661449 -0.4710923 0.4371431
vn 0.9193984 -0.04582686 0.3906489
vn 0.9735551 -0.07005057 -0.2174477
vn 0.8903028 0.146858 0.4310378
vn 0.8485996 0.4562487 -0.2677982
vn 0.6864817 0.7157606 -0.1281789
vn 0.8494533 0.1503803 0.5057814
vn 0.5301592 0.8398243 -0.1167323
vn 0.832731 0.3191881 0.4524136
vn 0.2107968 0.9766933 -0.04043331
vn 0.6842067 0.5670885 0.4585539
vn 0.04577873 0.9789017 0.1991374
vn 0.2107968 0.9766933 -0.04043331
vn -0.01254015 0.9889075 0.1480024
vn 0.04252934 0.9985813 0.03204004
vn 0.6842067 0.5670885 0.4585539
vn 0.3492589 0.8869764 0.3021442
vn -0.09746328 0.9463092 0.3082204
vn -0.07186729 0.9768612 0.2014383
vn -0.1912918 0.9053463 0.3791507
vn 0.03609754 0.9989052 -0.02975543
vn -0.004959262 0.9987191 -0.05035559
vn 0.0303266 0.9895247 -0.1411427
vn -0.001525734 0.9993559 -0.03585475
vn -0.03986305 0.9973393 -0.06103434
vn -0.01254015 0.9889075 0.1480024
vn 0.04577873 0.9789017 0.1991374
vn 0.04252934 0.9985813 0.03204004
vn 0.3492589 0.8869764 0.3021442
vn 0.4487881 -0.8912822 0.06484827
vn 0.6073534 0.09421654 0.7888251
vn 0.7661449 -0.4710923 0.4371431
vn 0.6435087 0.05206812 0.7636659
vn 0.6314977 0.1048999 0.7682491
vn 0.8635013 -0.3869256 0.323503
vn 0.3188014 0.002289417 0.9478188
vn 0.9193984 -0.04582686 0.3906489
vn 0.1480052 -0.4679995 0.8712468
vn 0.8903028 0.146858 0.4310378
vn 0.3030629 -0.5575861 0.7728199
vn 0.8494533 0.1503803 0.5057814
vn 0.3966161 -0.4930285 0.7743503
vn 0.832731 0.3191881 0.4524136
vn 0.6842067 0.5670885 0.4585539
vn 0.6752838 -0.2633998 0.6889212
vn 0.6018417 -0.3933762 0.6950122
vn 0.3492589 0.8869764 0.3021442
vn -1.707921E-07 -0.9691585 -0.2464382
vn -0.1983046 -0.9774572 0.07247487
vn -5.449552E-07 -0.9999346 -0.01144308
vn -0.1175917 -0.9689634 -0.2174446
vn 0.4196802 0.9067878 0.04005583
vn -0.6679627 0.7218936 0.1808191
vn 0.137137 0.9796041 0.1468643
vn 0.9827392 0.1755479 -0.05836497
vn 0.9867422 0.09336463 -0.1327514
vn 0.2076174 0.9750485 0.07858372
vn -0.7948036 0.6033507 0.06523226
vn -0.8034831 0.5632964 0.1926452
vn 0.9828248 0.1774296 0.05073506
vn 0.3618841 0.9315332 0.03585938
vn 0.99874 0.03695505 -0.03395096
vn -0.6899664 0.7237734 -0.00991797
vn 0.3939745 0.9190831 -0.008392583
vn 0.9896108 0.1437639 0.001525852
vn -0.661469 0.7417685 -0.1106263
vn 0.9916952 0.1176826 -0.05187953
vn 0.4053136 0.9117649 -0.06637606
vn -0.6756665 0.7299773 -0.102995
vn -0.9486946 -0.2533381 -0.1892049
vn -0.921141 -0.3543803 -0.1609779
vn -0.9808545 -0.1714707 -0.09231572
vn -0.9890987 -0.1378119 0.05188214
vn -0.9415768 -0.3340771 0.04272525
vn -0.557026 -0.8297694 -0.0347128
vn -0.2393634 -0.9392391 -0.2460389
vn -0.4108458 -0.8911196 -0.1926436
vn -0.3680417 -0.9088981 -0.1960855
vn -0.05988884 -0.9918851 -0.1121485
vn 0.4397889 -0.8866351 -0.1430518
vn 0.5139397 -0.840004 -0.1739518
vn 0.6225051 -0.7747577 -0.1106252
vn 0.820782 -0.5702988 -0.03280649
vn 0.9896108 0.1437639 0.001525852
vn 0.9916952 0.1176826 -0.05187953
vn 0.99874 0.03695505 -0.03395096
vn 0.05168865 -0.9764577 -0.2094249
vn -0.9193825 -0.3919297 0.03357081
vn 0.6406717 -0.7134364 -0.2838105
vn 0.8465779 -0.5321987 -0.008392346
vn 0.9827392 0.1755479 -0.05836497
vn 0.9828248 0.1774296 0.05073506
vn 0.01211195 -0.9996647 0.02288871
vn 0.7831446 -0.6214041 0.02326927
vn 0.9867422 0.09336463 -0.1327514
vn 0.9955515 -0.08964637 -0.02899202
vn 0.9029146 0.4279135 -0.04043578
vn 0.9916952 0.1176826 -0.05187953
vn 0.4053136 0.9117649 -0.06637606
vn 0.2847677 0.9581106 -0.03051763
vn -0.6756665 0.7299773 -0.102995
vn -0.7314667 0.6771551 -0.08010849
vn -0.921141 -0.3543803 -0.1609779
vn -0.9428723 -0.2957563 -0.1533622
vn -0.05988884 -0.9918851 -0.1121485
vn -0.367766 -0.9228485 -0.11445
vn 0.4345881 -0.8998845 -0.03662099
vn 0.820782 -0.5702988 -0.03280649
vn 0.8461145 -0.5312862 -0.04272414
vn 0.9916952 0.1176826 -0.05187953
vn 0.9955515 -0.08964637 -0.02899202
vn 0.01368522 0.6468771 -0.7624714
vn -0.6204137 -0.4752404 -0.6238857
vn 0.5254275 -0.5000597 -0.6883794
vn 0.6781268 0.4540395 -0.5779206
vn -0.7443385 0.2136218 -0.632713
vn 0.7485209 0.2723693 -0.604592
vn -0.7312919 0.3536294 -0.5832311
vn 0.8855657 0.1815096 -0.4275835
vn -0.6235141 0.0446321 -0.7805371
vn 0.8149847 -0.154495 -0.5585079
vn -0.7979419 -0.2426155 -0.5517486
vn -0.5111212 -0.6612769 -0.5490609
vn 0.4623912 -0.6980929 -0.5466815
vn 0.6119536 -0.4149469 0.6732992
vn -0.02102923 -0.9987214 0.04596866
vn -0.09336698 -0.7803152 0.6183774
vn 0.8602164 -0.5080712 0.04348766
vn -0.7769515 -0.2754663 0.5660959
vn -0.9313622 -0.3314509 -0.1506812
vn -0.9210453 -0.378794 0.09050238
vn 0.06580252 -0.9387826 0.3381677
vn 0.9692528 0.2441908 -0.03032715
vn 0.7861316 0.2055391 0.5828813
vn 0.1221677 0.8681442 0.4810413
vn 0.1206339 0.9708884 -0.2069372
vn 0.06580252 -0.9387826 0.3381677
vn 0.9221807 0.3836161 0.04920967
vn 0.9482123 -0.2979272 0.1101491
vn 0.06580252 -0.9387826 0.3381677
vn -0.008153783 0.9975272 0.06980783
vn -0.8395351 0.4836172 -0.2475784
vn -0.7285367 0.4769011 0.4917313
vn 0.1206339 0.9708884 -0.2069372
vn -0.008153783 0.9975272 0.06980783
vn -0.9340151 0.3554293 -0.03585764
vn 0.1221677 0.8681442 0.4810413
vn -0.8688962 0.4917642 0.05645775
vn 0.01387565 0.9850756 0.1715621
vn -0.9994147 -0.03032575 0.01583043
vn -0.8497943 0.4765848 -0.2252036
vn -0.7312919 0.3536294 -0.5832311
vn -0.932668 -0.2981104 0.2031271
vn -0.7443385 0.2136218 -0.632713
vn -0.6351997 -0.4011185 0.6600192
vn -0.7979419 -0.2426155 -0.5517486
vn -0.5111212 -0.6612769 -0.5490609
vn -0.5428858 -0.6425937 0.5406924
vn 0.6008663 -0.3601097 0.713639
vn 0.5488024 -0.5828971 0.5992052
vn -0.4652559 -0.6359181 0.6157476
vn 0.4165688 -0.6885592 0.5935962
vn 0.4623912 -0.6980929 -0.5466815
vn 0.8149847 -0.154495 -0.5585079
vn 0.7485209 0.2723693 -0.604592
vn 0.9663343 -0.1291275 0.2225399
vn 0.06580252 -0.9387826 0.3381677
vn 0.6781268 0.4540395 -0.5779206
vn 0.9986708 0.04749332 -0.0200273
vn 0.9048418 0.4106979 -0.1121992
vn 0.8855657 0.1815096 -0.4275835
vn 0.07300189 0.9768711 -0.2009817
vn 0.01368522 0.6468771 -0.7624714
vn 0.5254275 -0.5000597 -0.6883794
vn 0.01387565 0.9850756 0.1715621
vn 0.8896468 0.4519522 0.06532755
vn -0.6235141 0.0446321 -0.7805371
vn -0.8243601 -0.1000648 -0.5571512
vn 0.01368522 0.6468771 -0.7624714
vn -0.6204137 -0.4752404 -0.6238857
vn 0.07300189 0.9768711 -0.2009817
vn 0.5254275 -0.5000597 -0.6883794
vn -0.6235141 0.0446321 -0.7805371
vn 0.8855657 0.1815096 -0.4275835
vn -0.6204137 -0.4752404 -0.6238857
vn -0.8243601 -0.1000648 -0.5571512
vn 0.5254275 -0.5000597 -0.6883794
vn -0.6235141 0.0446321 -0.7805371
vn 0.06580252 -0.9387826 0.3381677
vn 0.1221677 0.8681442 0.4810413
vn -0.7769515 -0.2754663 0.5660959
vn -0.7285367 0.4769011 0.4917313
vn -0.09336698 -0.7803152 0.6183774
vn 0.6119536 -0.4149469 0.6732992
vn 0.7861316 0.2055391 0.5828813
vn 0 -0.173731 0.9847932
vn -0.5484855 -0.7160234 0.4318265
vn -0.706161 -0.1228313 0.6973158
vn 0 -0.7559345 0.6546472
vn -0.7764493 -0.6206635 -0.1091025
vn -1 0 0
vn -1 0 0
vn -0.5484269 -0.525086 -0.6507786
vn -0.706161 0.1228313 -0.6973158
vn -0.7764493 -0.6206635 -0.1091025
vn 0 -0.4864525 -0.8737069
vn 0 0.173546 -0.9848258
vn 0 -0.7559345 0.6546472
vn -0.7764493 -0.6206635 -0.1091025
vn -0.5484855 -0.7160234 0.4318265
vn -0.5484269 -0.525086 -0.6507786
vn 0 -0.4864525 -0.8737069
vn -0.5385013 0.202391 0.8179573
vn 0.07868741 -0.2308164 0.9698103
vn 0.1904937 -0.1903507 0.963057
vn -0.2718728 0.4804262 0.8338321
vn 0.007390105 0.4554212 0.8902454
vn 0.01116092 -0.2137746 0.9768192
vn 0.02992677 -0.2226266 0.9744443
vn 0.04875235 0.4452317 0.8940871
vn -0.8470423 0.4399242 0.2983054
vn -0.4079917 0.8244713 0.3921604
vn -0.006151561 0.9108126 0.4127746
vn 0.03316183 0.904977 0.4241662
vn -0.5385013 0.202391 0.8179573
vn -0.02669928 -0.1529487 0.9878734
vn -0.69358 -0.155035 0.7034992
vn -0.9565928 -0.1733884 0.2342365
vn -0.8470423 0.4399242 0.2983054
vn -0.5385013 0.202391 0.8179573
vn 0.1904937 -0.1903507 0.963057
vn -0.08965398 -0.3040605 0.9484247
vn -0.2985088 -0.8064505 0.5104215
vn -0.5000821 -0.5899138 0.6339713
vn -0.1752981 -0.5690034 0.8034337
vn -0.07299325 -0.4687587 0.8803052
vn -0.1379627 -0.8771254 0.4600188
vn -0.02669928 -0.1529487 0.9878734
vn -0.3236847 -0.9432061 0.07476982
vn -0.7068994 -0.6784785 0.1999003
vn -0.03643012 -0.9904796 -0.1327506
vn -0.02669928 -0.1529487 0.9878734
vn -0.5000821 -0.5899138 0.6339713
vn -0.69358 -0.155035 0.7034992
vn -0.9565928 -0.1733884 0.2342365
vn -0.7068994 -0.6784785 0.1999003
vn -0.7361025 -0.4928968 0.4639029
vn -0.5794415 0.7700298 -0.2670237
vn -0.6391574 0.7583199 -0.1281748
vn -0.7061281 -0.7033623 -0.0816377
vn -0.8407667 -0.5271005 -0.1235973
vn -0.4104502 0.6809286 -0.6065202
vn -0.6851432 -0.6897209 -0.2342304
vn -0.487555 -0.4298533 -0.7599449
vn -0.4283363 0.2560291 -0.8665894
vn -0.631717 0.7532634 -0.1831064
vn -0.5832466 0.664163 0.4676653
vn -0.711841 -0.669306 -0.2128657
vn -0.01392321 -0.9813954 -0.1914918
vn -0.6397554 -0.7660279 -0.06256403
vn -0.711841 -0.669306 -0.2128657
vn -0.09651373 -0.9293738 -0.3562997
vn -0.7219431 0.667702 -0.1815825
vn -0.752077 0.6522499 -0.09460568
vn -0.1787179 0.9467566 -0.2677908
vn -0.220101 0.894852 -0.3883238
vn -0.9680011 -0.2020881 -0.1487765
vn -0.9825858 0.1199624 -0.1418952
vn -0.9698567 -0.1953065 -0.1457169
vn -0.9807433 0.1410939 -0.1350382
vn -0.7509193 -0.6504025 -0.1144403
vn -0.7021993 -0.7052511 -0.09765749
vn 0.784512 -0.6200756 0.006866417
vn 0.9948276 0.1015665 -0.001525882
vn 0.7756559 -0.6311488 -0.003051792
vn 0.9888756 0.1487271 0.002288843
vn 0.436859 0.892123 -0.1151988
vn 0.3880884 0.9159346 -0.1022314
vn -0.6344618 0.7708334 -0.05721886
vn -0.6933241 0.7186442 -0.05340598
vn -0.9807433 0.1410939 -0.1350382
vn -0.9825858 0.1199624 -0.1418952
vn 0.7756559 -0.6311488 -0.003051792
vn 0.06522684 -0.9978562 -0.005340209
vn 0.784512 -0.6200756 0.006866417
vn 0.07162491 -0.997408 0.006866836
vn -0.7021993 -0.7052511 -0.09765749
vn -0.7509193 -0.6504025 -0.1144403
vn 0.8083075 0.1563974 -0.5676081
vn -0.4104502 0.6809286 -0.6065202
vn -0.4283363 0.2560291 -0.8665894
vn 0.8375943 0.4938974 -0.2334545
vn -0.487555 -0.4298533 -0.7599449
vn 0.6822891 -0.5336047 -0.4997477
vn 0.7267926 0.6858801 0.03662096
vn -0.5794415 0.7700298 -0.2670237
vn 0.7696089 0.628037 0.1152029
vn -0.6391574 0.7583199 -0.1281748
vn -0.631717 0.7532634 -0.1831064
vn 0.7791631 0.6248564 0.04959178
vn 0.5275688 0.5442103 0.6523085
vn -0.5832466 0.664163 0.4676653
vn 0.8375943 0.4938974 -0.2334545
vn 0.6822891 -0.5336047 -0.4997477
vn 0.6021454 -0.7965983 0.05340536
vn 0.8083075 0.1563974 -0.5676081
vn 0.7267926 0.6858801 0.03662096
vn 0.627356 -0.7689831 0.1228389
vn 0.7696089 0.628037 0.1152029
vn 0.7791631 0.6248564 0.04959178
vn 0.4144823 -0.6160012 0.6698858
vn 0.5275688 0.5442103 0.6523085
vn -0.7361025 -0.4928968 0.4639029
vn 0.5275688 0.5442103 0.6523085
vn 0.4144823 -0.6160012 0.6698858
vn -0.5832466 0.664163 0.4676653
vn -0.7061281 -0.7033623 -0.0816377
vn 0.627356 -0.7689831 0.1228389
vn -0.8407667 -0.5271005 -0.1235973
vn -0.6851432 -0.6897209 -0.2342304
vn 0.6021454 -0.7965983 0.05340536
vn 0.6822891 -0.5336047 -0.4997477
vn -0.487555 -0.4298533 -0.7599449
vn 0.03471214 -0.9984509 0.04348554
vn -0.6631839 -0.7419574 -0.09841902
vn 0.02822789 -0.9983707 0.04958953
vn -0.7468783 -0.6514205 -0.1335073
vn -0.7648637 0.6381891 -0.08773997
vn -0.6631839 -0.7419574 -0.09841902
vn -0.7448141 0.6607484 -0.09307792
vn -0.7468783 -0.6514205 -0.1335073
vn -0.1485788 0.9874576 -0.05340443
vn -0.1226442 0.9888309 -0.08468745
vn 0.04692097 -0.9740869 0.2212534
vn -0.1821374 -0.98297 0.02441214
vn 0.1067068 -0.9774306 0.1823266
vn 0.3375678 -0.9184894 0.2059735
vn -0.1751056 -0.9832998 0.04959418
vn -0.2324239 -0.9726133 -0.001525967
vn 0.211608 -0.9604849 0.1808061
vn 0.2324261 -0.9550738 0.1838808
vn -0.2790644 -0.9543127 -0.1068189
vn -0.4487881 -0.8912822 0.06484827
vn -0.1133001 -0.9899449 -0.08468892
vn -0.1668112 -0.9859886 0.0007630014
vn -0.1668112 -0.9859886 0.0007630014
vn -0.4620876 -0.8776327 -0.1274198
vn -0.1133001 -0.9899449 -0.08468892
vn -0.2790644 -0.9543127 -0.1068189
vn -0.7661449 -0.4710923 0.4371431
vn -0.4487881 -0.8912822 0.06484827
vn -0.4620876 -0.8776327 -0.1274198
vn -0.8635013 -0.3869256 0.323503
vn -0.7661449 -0.4710923 0.4371431
vn -0.7861599 -0.598107 -0.1556299
vn -0.9193984 -0.04582686 0.3906489
vn -0.9735551 -0.07005057 -0.2174477
vn -0.8903028 0.146858 0.4310378
vn -0.8485996 0.4562487 -0.2677982
vn -0.6864817 0.7157606 -0.1281789
vn -0.8494533 0.1503803 0.5057814
vn -0.5301592 0.8398243 -0.1167323
vn -0.832731 0.3191881 0.4524136
vn -0.2107968 0.9766933 -0.04043331
vn -0.6842067 0.5670885 0.4585539
vn -0.04577873 0.9789017 0.1991374
vn 0.01254015 0.9889075 0.1480024
vn -0.2107968 0.9766933 -0.04043331
vn -0.04252934 0.9985813 0.03204004
vn -0.6842067 0.5670885 0.4585539
vn -0.3492589 0.8869764 0.3021442
vn 0.09746328 0.9463092 0.3082204
vn 0.1912918 0.9053463 0.3791507
vn 0.07186729 0.9768612 0.2014383
vn -0.03609754 0.9989052 -0.02975543
vn 0.004959262 0.9987191 -0.05035559
vn -0.0303266 0.9895247 -0.1411427
vn 0.001525734 0.9993559 -0.03585475
vn 0.03986305 0.9973393 -0.06103434
vn 0.01254015 0.9889075 0.1480024
vn -0.04577873 0.9789017 0.1991374
vn -0.04252934 0.9985813 0.03204004
vn -0.3492589 0.8869764 0.3021442
vn -0.4487881 -0.8912822 0.06484827
vn -0.6073534 0.09421654 0.7888251
vn -0.6435087 0.05206812 0.7636659
vn -0.7661449 -0.4710923 0.4371431
vn -0.6314977 0.1048999 0.7682491
vn -0.8635013 -0.3869256 0.323503
vn -0.3188014 0.002289417 0.9478188
vn -0.9193984 -0.04582686 0.3906489
vn -0.1480052 -0.4679995 0.8712468
vn -0.8903028 0.146858 0.4310378
vn -0.3030629 -0.5575861 0.7728199
vn -0.8494533 0.1503803 0.5057814
vn -0.3966161 -0.4930285 0.7743503
vn -0.832731 0.3191881 0.4524136
vn -0.6842067 0.5670885 0.4585539
vn -0.6752838 -0.2633998 0.6889212
vn -0.6018417 -0.3933762 0.6950122
vn -0.3492589 0.8869764 0.3021442
g NQS_A_X_0
f 3/3/3 2/2/2 1/1/1
f 1/1/1 2/2/2 4/4/4
f 5/5/5 4/4/4 2/2/2
f 6/6/6 2/2/2 3/3/3
f 4/4/4 7/7/7 1/1/1
f 8/8/8 1/1/1 7/7/7
f 7/7/7 4/4/4 9/9/9
f 10/10/10 9/9/9 4/4/4
f 7/7/7 9/9/9 11/11/11
f 7/7/7 11/11/11 8/8/8
f 12/12/12 8/8/8 11/11/11
f 1/1/1 8/8/8 13/13/13
f 8/8/8 12/12/12 13/13/13
f 14/14/14 1/1/1 13/13/13
f 3/3/3 1/1/1 14/14/14
f 15/15/15 13/13/13 12/12/12
f 3/3/3 16/16/16 6/6/6
f 17/17/17 6/6/6 16/16/16
f 5/5/5 18/18/18 4/4/4
f 10/10/10 4/4/4 18/18/18
f 19/19/19 18/18/18 5/5/5
f 6/6/6 20/20/20 19/19/19
f 6/6/6 17/17/17 20/20/20
f 21/21/21 20/20/20 17/17/17
f 22/22/22 19/19/19 20/20/20
f 19/19/19 22/22/22 18/18/18
f 20/20/20 23/23/23 22/22/22
f 20/20/20 21/21/21 23/23/23
f 23/23/23 21/21/21 24/24/24
f 25/25/25 22/22/22 23/23/23
f 26/26/26 18/18/18 22/22/22
f 22/22/22 25/25/25 26/26/26
f 27/27/27 26/26/26 25/25/25
f 6/6/6 19/19/19 2/2/2
f 5/5/5 2/2/2 19/19/19
f 29/29/29 28/28/28 24/24/24
f 29/29/29 30/30/30 28/28/28
f 30/30/30 29/29/29 31/31/31
f 30/30/30 32/32/32 28/28/28
f 32/32/32 30/30/30 33/33/33
f 34/34/34 33/33/33 30/30/30
f 31/31/31 34/34/34 30/30/30
f 31/31/31 35/35/35 34/34/34
f 36/36/36 34/34/34 35/35/35
f 37/37/37 34/34/34 36/36/36
f 34/34/34 37/37/37 33/33/33
f 37/37/37 36/36/36 38/38/38
f 38/38/38 39/39/39 37/37/37
f 40/40/40 37/37/37 39/39/39
f 40/40/40 33/33/33 37/37/37
f 39/39/39 38/38/38 41/41/41
f 42/42/42 41/41/41 38/38/38
f 41/41/41 43/43/43 39/39/39
f 44/44/44 39/39/39 43/43/43
f 45/45/45 33/33/33 40/40/40
f 33/33/33 45/45/45 32/32/32
f 44/44/44 45/45/45 39/39/39
f 40/40/40 39/39/39 45/45/45
f 43/43/43 41/41/41 46/46/46
f 41/41/41 42/42/42 46/46/46
f 47/47/47 46/46/46 42/42/42
f 42/42/42 38/38/38 48/48/48
f 42/42/42 48/48/48 47/47/47
f 38/38/38 49/49/49 48/48/48
f 36/36/36 49/49/49 38/38/38
f 50/50/50 47/47/47 48/48/48
f 51/51/51 32/32/32 45/45/45
f 32/32/32 51/51/51 52/52/52
f 52/52/52 28/28/28 32/32/32
f 53/53/53 52/52/52 51/51/51
f 56/56/56 55/55/55 54/54/54
f 54/54/54 57/57/57 56/56/56
f 58/58/58 56/56/56 57/57/57
f 55/55/55 59/59/59 54/54/54
f 60/60/60 54/54/54 59/59/59
f 57/57/57 54/54/54 60/60/60
f 57/57/57 60/60/60 61/61/61
f 60/60/60 59/59/59 62/62/62
f 61/61/61 60/60/60 62/62/62
f 63/63/63 62/62/62 59/59/59
f 62/62/62 63/63/63 64/64/64
f 56/56/56 65/65/65 55/55/55
f 64/64/64 63/63/63 66/66/66
f 67/67/67 66/66/66 63/63/63
f 63/63/63 59/59/59 67/67/67
f 67/67/67 68/68/68 66/66/66
f 69/69/69 66/66/66 68/68/68
f 68/68/68 67/67/67 70/70/70
f 71/71/71 70/70/70 67/67/67
f 71/71/71 67/67/67 59/59/59
f 71/71/71 72/72/72 70/70/70
f 73/73/73 70/70/70 72/72/72
f 73/73/73 72/72/72 74/74/74
f 74/74/74 72/72/72 75/75/75
f 76/76/76 75/75/75 72/72/72
f 72/72/72 77/77/77 76/76/76
f 77/77/77 72/72/72 71/71/71
f 78/78/78 76/76/76 77/77/77
f 76/76/76 79/79/79 75/75/75
f 65/65/65 79/79/79 78/78/78
f 76/76/76 78/78/78 79/79/79
f 80/80/80 75/75/75 79/79/79
f 77/77/77 71/71/71 59/59/59
f 77/77/77 59/59/59 78/78/78
f 81/81/81 66/66/66 69/69/69
f 55/55/55 78/78/78 59/59/59
f 82/82/82 73/73/73 74/74/74
f 65/65/65 78/78/78 55/55/55
f 73/73/73 82/82/82 83/83/83
f 84/84/84 73/73/73 83/83/83
f 83/83/83 85/85/85 84/84/84
f 86/86/86 84/84/84 85/85/85
f 84/84/84 86/86/86 87/87/87
f 88/88/88 87/87/87 86/86/86
f 86/86/86 85/85/85 89/89/89
f 86/86/86 89/89/89 88/88/88
f 90/90/90 89/89/89 85/85/85
f 91/91/91 88/88/88 89/89/89
f 87/87/87 88/88/88 92/92/92
f 93/93/93 87/87/87 92/92/92
f 84/84/84 87/87/87 93/93/93
f 93/93/93 92/92/92 94/94/94
f 93/93/93 94/94/94 95/95/95
f 93/93/93 95/95/95 84/84/84
f 96/96/96 95/95/95 94/94/94
f 94/94/94 97/97/97 96/96/96
f 98/98/98 96/96/96 97/97/97
f 94/94/94 99/99/99 97/97/97
f 99/99/99 94/94/94 92/92/92
f 99/99/99 92/92/92 100/100/100
f 99/99/99 100/100/100 101/101/101
f 101/101/101 97/97/97 99/99/99
f 102/102/102 100/100/100 92/92/92
f 102/102/102 92/92/92 103/103/103
f 104/104/104 103/103/103 92/92/92
f 104/104/104 105/105/105 103/103/103
f 91/91/91 105/105/105 104/104/104
f 103/103/103 105/105/105 106/106/106
f 103/103/103 106/106/106 102/102/102
f 102/102/102 106/106/106 107/107/107
f 102/102/102 107/107/107 100/100/100
f 108/108/108 106/106/106 105/105/105
f 100/100/100 109/109/109 101/101/101
f 100/100/100 107/107/107 110/110/110
f 110/110/110 109/109/109 100/100/100
f 111/111/111 110/110/110 107/107/107
f 97/97/97 112/112/112 98/98/98
f 113/113/113 112/112/112 97/97/97
f 109/109/109 113/113/113 101/101/101
f 101/101/101 113/113/113 97/97/97
f 104/104/104 92/92/92 88/88/88
f 88/88/88 91/91/91 104/104/104
f 116/116/116 115/115/115 114/114/114
f 117/117/117 114/114/114 115/115/115
f 81/81/81 118/118/118 66/66/66
f 118/118/118 64/64/64 66/66/66
f 118/118/118 119/119/119 64/64/64
f 119/119/119 62/62/62 64/64/64
f 119/119/119 120/120/120 62/62/62
f 62/62/62 120/120/120 61/61/61
f 121/121/121 61/61/61 120/120/120
f 124/124/124 123/123/123 122/122/122
f 125/125/125 122/122/122 123/123/123
f 126/126/126 122/122/122 125/125/125
f 123/123/123 127/127/127 125/125/125
f 127/127/127 123/123/123 128/128/128
f 129/129/129 128/128/128 123/123/123
f 129/129/129 123/123/123 124/124/124
f 130/130/130 125/125/125 127/127/127
f 126/126/126 131/131/131 122/122/122
f 124/124/124 122/122/122 131/131/131
f 132/132/132 131/131/131 126/126/126
f 133/133/133 124/124/124 131/131/131
f 131/131/131 134/134/134 133/133/133
f 134/134/134 131/131/131 132/132/132
f 135/135/135 134/134/134 132/132/132
f 134/134/134 136/136/136 133/133/133
f 134/134/134 135/135/135 137/137/137
f 138/138/138 134/134/134 137/137/137
f 136/136/136 134/134/134 138/138/138
f 139/139/139 136/136/136 138/138/138
f 140/140/140 124/124/124 133/133/133
f 141/141/141 140/140/140 133/133/133
f 141/141/141 133/133/133 142/142/142
f 142/142/142 136/136/136 139/139/139
f 133/133/133 136/136/136 142/142/142
f 143/143/143 142/142/142 139/139/139
f 142/142/142 143/143/143 144/144/144
f 145/145/145 142/142/142 144/144/144
f 141/141/141 142/142/142 145/145/145
f 146/146/146 141/141/141 145/145/145
f 146/146/146 147/147/147 141/141/141
f 147/147/147 140/140/140 141/141/141
f 148/148/148 140/140/140 147/147/147
f 148/148/148 124/124/124 140/140/140
f 149/149/149 148/148/148 147/147/147
f 147/147/147 150/150/150 149/149/149
f 146/146/146 151/151/151 147/147/147
f 151/151/151 150/150/150 147/147/147
f 151/151/151 146/146/146 145/145/145
f 152/152/152 151/151/151 145/145/145
f 152/152/152 145/145/145 144/144/144
f 153/153/153 152/152/152 144/144/144
f 154/154/154 152/152/152 153/153/153
f 155/155/155 154/154/154 153/153/153
f 154/154/154 156/156/156 152/152/152
f 151/151/151 156/156/156 150/150/150
f 156/156/156 151/151/151 152/152/152
f 149/149/149 157/157/157 148/148/148
f 157/157/157 158/158/158 148/148/148
f 149/149/149 159/159/159 157/157/157
f 150/150/150 159/159/159 149/149/149
f 157/157/157 159/159/159 160/160/160
f 159/159/159 150/150/150 161/161/161
f 159/159/159 161/161/161 160/160/160
f 162/162/162 160/160/160 161/161/161
f 157/157/157 163/163/163 158/158/158
f 163/163/163 157/157/157 164/164/164
f 157/157/157 160/160/160 164/164/164
f 162/162/162 164/164/164 160/160/160
f 150/150/150 165/165/165 161/161/161
f 156/156/156 165/165/165 150/150/150
f 158/158/158 128/128/128 148/148/148
f 129/129/129 148/148/148 128/128/128
f 148/148/148 129/129/129 124/124/124
f 168/168/168 167/167/167 166/166/166
f 169/169/169 167/167/167 168/168/168
f 170/170/170 169/169/169 168/168/168
f 171/171/171 169/169/169 170/170/170
f 172/172/172 171/171/171 170/170/170
f 173/173/173 171/171/171 172/172/172
f 174/174/174 173/173/173 172/172/172
f 175/175/175 173/173/173 174/174/174
f 176/176/176 175/175/175 174/174/174
f 177/177/177 175/175/175 176/176/176
f 178/178/178 175/175/175 177/177/177
f 179/179/179 178/178/178 177/177/177
f 180/180/180 178/178/178 179/179/179
f 181/181/181 180/180/180 179/179/179
f 184/184/184 183/183/183 182/182/182
f 187/187/187 186/186/186 185/185/185
f 188/188/188 185/185/185 186/186/186
f 185/185/185 189/189/189 187/187/187
f 190/190/190 187/187/187 189/189/189
f 188/188/188 186/186/186 191/191/191
f 192/192/192 191/191/191 186/186/186
f 192/192/192 193/193/193 191/191/191
f 194/194/194 191/191/191 193/193/193
f 197/197/197 196/196/196 195/195/195
f 198/198/198 195/195/195 196/196/196
f 198/198/198 196/196/196 199/199/199
f 200/200/200 199/199/199 196/196/196
f 200/200/200 196/196/196 201/201/201
f 202/202/202 201/201/201 196/196/196
f 197/197/197 195/195/195 203/203/203
f 204/204/204 203/203/203 195/195/195
f 204/204/204 205/205/205 203/203/203
f 206/206/206 203/203/203 205/205/205
f 196/196/196 197/197/197 207/207/207
f 203/203/203 208/208/208 197/197/197
f 203/203/203 206/206/206 208/208/208
f 209/209/209 197/197/197 208/208/208
f 209/209/209 210/210/210 197/197/197
f 211/211/211 208/208/208 206/206/206
f 200/200/200 212/212/212 199/199/199
f 200/200/200 201/201/201 212/212/212
f 213/213/213 199/199/199 212/212/212
f 212/212/212 214/214/214 213/213/213
f 214/214/214 212/212/212 215/215/215
f 216/216/216 215/215/215 212/212/212
f 216/216/216 212/212/212 201/201/201
f 217/217/217 213/213/213 214/214/214
f 216/216/216 218/218/218 215/215/215
f 219/219/219 215/215/215 218/218/218
f 216/216/216 201/201/201 218/218/218
f 220/220/220 218/218/218 201/201/201
f 218/218/218 220/220/220 221/221/221
f 218/218/218 221/221/221 219/219/219
f 222/222/222 221/221/221 220/220/220
f 220/220/220 223/223/223 222/222/222
f 201/201/201 223/223/223 220/220/220
f 223/223/223 224/224/224 222/222/222
f 224/224/224 223/223/223 225/225/225
f 224/224/224 225/225/225 226/226/226
f 226/226/226 225/225/225 227/227/227
f 228/228/228 227/227/227 225/225/225
f 225/225/225 229/229/229 228/228/228
f 229/229/229 225/225/225 230/230/230
f 231/231/231 230/230/230 225/225/225
f 231/231/231 225/225/225 223/223/223
f 223/223/223 201/201/201 231/231/231
f 230/230/230 231/231/231 207/207/207
f 232/232/232 228/228/228 229/229/229
f 228/228/228 232/232/232 227/227/227
f 233/233/233 227/227/227 232/232/232
f 229/229/229 234/234/234 232/232/232
f 233/233/233 232/232/232 234/234/234
f 235/235/235 234/234/234 229/229/229
f 230/230/230 236/236/236 229/229/229
f 235/235/235 229/229/229 236/236/236
f 237/237/237 236/236/236 230/230/230
f 209/209/209 236/236/236 237/237/237
f 235/235/235 236/236/236 238/238/238
f 239/239/239 238/238/238 236/236/236
f 209/209/209 239/239/239 236/236/236
f 238/238/238 239/239/239 240/240/240
f 240/240/240 241/241/241 238/238/238
f 240/240/240 242/242/242 241/241/241
f 242/242/242 243/243/243 241/241/241
f 244/244/244 241/241/241 243/243/243
f 242/242/242 240/240/240 245/245/245
f 246/246/246 245/245/245 240/240/240
f 246/246/246 240/240/240 239/239/239
f 239/239/239 209/209/209 246/246/246
f 245/245/245 246/246/246 211/211/211
f 208/208/208 211/211/211 246/246/246
f 208/208/208 246/246/246 209/209/209
f 247/247/247 221/221/221 222/222/222
f 247/247/247 248/248/248 221/221/221
f 221/221/221 248/248/248 249/249/249
f 250/250/250 221/221/221 249/249/249
f 248/248/248 251/251/251 249/249/249
f 250/250/250 219/219/219 221/221/221
f 254/254/254 253/253/253 252/252/252
f 253/253/253 256/256/256 255/255/255
f 258/258/258 257/257/257 252/252/252
f 259/259/259 231/231/231 201/201/201
f 262/262/262 261/261/261 260/260/260
f 261/261/261 263/263/263 260/260/260
f 263/263/263 264/264/264 260/260/260
f 264/264/264 265/265/265 260/260/260
f 268/268/268 267/267/267 266/266/266
f 269/269/269 266/266/266 267/267/267
f 267/267/267 270/270/270 269/269/269
f 271/271/271 269/269/269 270/270/270
f 274/274/274 273/273/273 272/272/272
f 275/275/275 272/272/272 273/273/273
f 273/273/273 276/276/276 275/275/275
f 277/277/277 275/275/275 276/276/276
f 280/280/280 279/279/279 278/278/278
f 279/279/279 281/281/281 278/278/278
f 281/281/281 282/282/282 278/278/278
f 285/285/285 284/284/284 283/283/283
f 286/286/286 283/283/283 284/284/284
f 285/285/285 287/287/287 284/284/284
f 288/288/288 284/284/284 287/287/287
f 288/288/288 287/287/287 289/289/289
f 290/290/290 289/289/289 287/287/287
f 283/283/283 291/291/291 285/285/285
f 292/292/292 285/285/285 291/291/291
f 287/287/287 285/285/285 293/293/293
f 292/292/292 293/293/293 285/285/285
f 287/287/287 293/293/293 290/290/290
f 294/294/294 290/290/290 293/293/293
f 297/297/297 296/296/296 295/295/295
f 299/299/299 298/298/298 296/296/296
f 299/299/299 300/300/300 298/298/298
f 301/301/301 298/298/298 300/300/300
f 304/304/304 303/303/303 302/302/302
f 305/305/305 302/302/302 303/303/303
f 304/304/304 306/306/306 303/303/303
f 307/307/307 303/303/303 306/306/306
f 302/302/302 305/305/305 308/308/308
f 303/303/303 309/309/309 305/305/305
f 303/303/303 307/307/307 309/309/309
f 310/310/310 305/305/305 309/309/309
f 311/311/311 309/309/309 307/307/307
f 314/314/314 313/313/313 312/312/312
f 312/312/312 315/315/315 314/314/314
f 315/315/315 312/312/312 316/316/316
f 319/319/319 318/318/318 317/317/317
f 320/320/320 317/317/317 318/318/318
f 321/321/321 318/318/318 319/319/319
f 318/318/318 321/321/321 322/322/322
f 323/323/323 322/322/322 321/321/321
f 323/323/323 324/324/324 322/322/322
f 325/325/325 322/322/322 324/324/324
f 320/320/320 326/326/326 317/317/317
f 327/327/327 317/317/317 326/326/326
f 330/330/330 329/329/329 328/328/328
f 332/332/332 331/331/331 329/329/329
f 328/328/328 332/332/332 333/333/333
f 334/334/334 333/333/333 332/332/332
f 333/333/333 334/334/334 335/335/335
f 335/335/335 336/336/336 333/333/333
f 339/339/339 338/338/338 337/337/337
f 340/340/340 337/337/337 338/338/338
f 340/340/340 341/341/341 337/337/337
f 342/342/342 337/337/337 341/341/341
f 345/345/345 344/344/344 343/343/343
f 346/346/346 343/343/343 344/344/344
f 344/344/344 345/345/345 347/347/347
f 348/348/348 347/347/347 345/345/345
f 347/347/347 348/348/348 349/349/349
f 350/350/350 349/349/349 348/348/348
f 349/349/349 350/350/350 351/351/351
f 352/352/352 351/351/351 350/350/350
f 355/355/355 354/354/354 353/353/353
f 356/356/356 353/353/353 354/354/354
f 355/355/355 357/357/357 354/354/354
f 358/358/358 354/354/354 357/357/357
f 361/361/361 360/360/360 359/359/359
f 362/362/362 359/359/359 360/360/360
f 362/362/362 363/363/363 359/359/359
f 364/364/364 359/359/359 363/363/363
f 361/361/361 365/365/365 360/360/360
f 366/366/366 360/360/360 365/365/365
f 365/365/365 367/367/367 366/366/366
f 368/368/368 366/366/366 367/367/367
f 368/368/368 367/367/367 369/369/369
f 370/370/370 369/369/369 367/367/367
f 370/370/370 371/371/371 369/369/369
f 372/372/372 369/369/369 371/371/371
f 375/375/375 374/374/374 373/373/373
f 376/376/376 373/373/373 374/374/374
f 376/376/376 377/377/377 373/373/373
f 376/376/376 378/378/378 377/377/377
f 379/379/379 377/377/377 378/378/378
f 379/379/379 378/378/378 380/380/380
f 381/381/381 380/380/380 378/378/378
f 381/381/381 382/382/382 380/380/380
f 385/385/385 384/384/384 383/383/383
f 386/386/386 383/383/383 384/384/384
f 383/383/383 386/386/386 387/387/387
f 388/388/388 387/387/387 386/386/386
f 387/387/387 388/388/388 389/389/389
f 389/389/389 388/388/388 390/390/390
f 391/391/391 390/390/390 388/388/388
f 391/391/391 392/392/392 390/390/390
f 393/393/393 390/390/390 392/392/392
f 396/396/396 395/395/395 394/394/394
f 395/395/395 396/396/396 397/397/397
f 400/400/400 399/399/399 398/398/398
f 401/401/401 398/398/398 399/399/399
f 402/402/402 398/398/398 401/401/401
f 402/402/402 401/401/401 403/403/403
f 406/406/406 405/405/405 404/404/404
f 405/405/405 407/407/407 404/404/404
f 406/406/406 408/408/408 405/405/405
f 409/409/409 405/405/405 408/408/408
f 407/407/407 405/405/405 410/410/410
f 411/411/411 410/410/410 405/405/405
f 411/411/411 412/412/412 410/410/410
f 413/413/413 410/410/410 412/412/412
f 409/409/409 408/408/408 414/414/414
f 415/415/415 414/414/414 408/408/408
f 418/418/418 417/417/417 416/416/416
f 417/417/417 418/418/418 419/419/419
f 420/420/420 419/419/419 418/418/418
f 419/419/419 420/420/420 421/421/421
f 424/424/424 423/423/423 422/422/422
f 425/425/425 422/422/422 423/423/423
f 423/423/423 424/424/424 426/426/426
f 427/427/427 426/426/426 424/424/424
f 426/426/426 427/427/427 428/428/428
f 429/429/429 428/428/428 427/427/427
f 429/429/429 430/430/430 428/428/428
f 431/431/431 428/428/428 430/430/430
f 430/430/430 432/432/432 431/431/431
f 433/433/433 431/431/431 432/432/432
f 432/432/432 434/434/434 433/433/433
f 435/435/435 433/433/433 434/434/434
f 438/438/438 437/437/437 436/436/436
f 438/438/438 439/439/439 437/437/437
f 440/440/440 437/437/437 439/439/439
f 440/440/440 439/439/439 441/441/441
f 444/444/444 443/443/443 442/442/442
f 443/443/443 445/445/445 442/442/442
f 444/444/444 446/446/446 443/443/443
f 447/447/447 443/443/443 446/446/446
f 445/445/445 443/443/443 448/448/448
f 449/449/449 448/448/448 443/443/443
f 449/449/449 450/450/450 448/448/448
f 451/451/451 448/448/448 450/450/450
f 447/447/447 446/446/446 452/452/452
f 453/453/453 452/452/452 446/446/446
f 456/456/456 455/455/455 454/454/454
f 457/457/457 454/454/454 455/455/455
f 455/455/455 456/456/456 458/458/458
f 459/459/459 458/458/458 456/456/456
f 458/458/458 459/459/459 460/460/460
f 461/461/461 460/460/460 459/459/459
f 460/460/460 461/461/461 462/462/462
f 463/463/463 462/462/462 461/461/461
f 462/462/462 463/463/463 464/464/464
f 465/465/465 464/464/464 463/463/463
f 464/464/464 465/465/465 466/466/466
f 467/467/467 466/466/466 465/465/465
f 467/467/467 468/468/468 466/466/466
f 469/469/469 466/466/466 468/468/468
f 469/469/469 468/468/468 470/470/470
f 471/471/471 470/470/470 468/468/468
f 474/474/474 473/473/473 472/472/472
f 475/475/475 472/472/472 473/473/473
f 73/73/73 84/84/84 95/95/95
f 478/478/478 477/477/477 476/476/476
f 476/476/476 479/479/479 478/478/478
f 476/476/476 480/480/480 479/479/479
f 478/478/478 479/479/479 481/481/481
f 481/481/481 482/482/482 478/478/478
f 483/483/483 478/478/478 482/482/482
f 478/478/478 483/483/483 477/477/477
f 484/484/484 481/481/481 479/479/479
f 485/485/485 480/480/480 476/476/476
f 476/476/476 477/477/477 485/485/485
f 485/485/485 486/486/486 480/480/480
f 477/477/477 487/487/487 485/485/485
f 488/488/488 485/485/485 487/487/487
f 485/485/485 488/488/488 486/486/486
f 488/488/488 489/489/489 486/486/486
f 490/490/490 488/488/488 487/487/487
f 489/489/489 488/488/488 491/491/491
f 488/488/488 492/492/492 491/491/491
f 488/488/488 490/490/490 492/492/492
f 490/490/490 493/493/493 492/492/492
f 490/490/490 494/494/494 493/493/493
f 490/490/490 487/487/487 494/494/494
f 494/494/494 495/495/495 493/493/493
f 487/487/487 496/496/496 494/494/494
f 497/497/497 496/496/496 487/487/487
f 477/477/477 497/497/497 487/487/487
f 477/477/477 498/498/498 497/497/497
f 497/497/497 498/498/498 499/499/499
f 497/497/497 499/499/499 496/496/496
f 498/498/498 500/500/500 499/499/499
f 499/499/499 501/501/501 496/496/496
f 496/496/496 501/501/501 502/502/502
f 494/494/494 496/496/496 502/502/502
f 494/494/494 502/502/502 503/503/503
f 495/495/495 494/494/494 503/503/503
f 504/504/504 499/499/499 500/500/500
f 505/505/505 501/501/501 499/499/499
f 504/504/504 505/505/505 499/499/499
f 501/501/501 505/505/505 502/502/502
f 505/505/505 506/506/506 502/502/502
f 502/502/502 506/506/506 503/503/503
f 506/506/506 507/507/507 503/503/503
f 506/506/506 508/508/508 507/507/507
f 508/508/508 509/509/509 507/507/507
f 510/510/510 508/508/508 506/506/506
f 510/510/510 505/505/505 504/504/504
f 505/505/505 510/510/510 506/506/506
f 511/511/511 500/500/500 498/498/498
f 512/512/512 511/511/511 498/498/498
f 513/513/513 500/500/500 511/511/511
f 513/513/513 504/504/504 500/500/500
f 513/513/513 511/511/511 514/514/514
f 504/504/504 513/513/513 515/515/515
f 515/515/515 513/513/513 514/514/514
f 514/514/514 516/516/516 515/515/515
f 517/517/517 511/511/511 512/512/512
f 511/511/511 517/517/517 518/518/518
f 514/514/514 511/511/511 518/518/518
f 518/518/518 516/516/516 514/514/514
f 519/519/519 504/504/504 515/515/515
f 519/519/519 510/510/510 504/504/504
f 512/512/512 498/498/498 482/482/482
f 483/483/483 482/482/482 498/498/498
f 483/483/483 498/498/498 477/477/477
f 522/522/522 521/521/521 520/520/520
f 522/522/522 523/523/523 521/521/521
f 523/523/523 524/524/524 521/521/521
f 523/523/523 525/525/525 524/524/524
f 525/525/525 526/526/526 524/524/524
f 525/525/525 527/527/527 526/526/526
f 527/527/527 528/528/528 526/526/526
f 527/527/527 529/529/529 528/528/528
f 529/529/529 530/530/530 528/528/528
f 529/529/529 531/531/531 530/530/530
f 529/529/529 532/532/532 531/531/531
f 532/532/532 533/533/533 531/531/531
f 532/532/532 534/534/534 533/533/533
f 534/534/534 535/535/535 533/533/533
f 538/538/538 537/537/537 536/536/536
f 541/541/541 540/540/540 539/539/539
f 542/542/542 539/539/539 540/540/540
f 539/539/539 542/542/542 543/543/543
f 544/544/544 543/543/543 542/542/542
f 541/541/541 545/545/545 540/540/540
f 546/546/546 540/540/540 545/545/545
f 546/546/546 545/545/545 547/547/547
f 548/548/548 547/547/547 545/545/545
f 551/551/551 550/550/550 549/549/549
f 552/552/552 549/549/549 550/550/550
f 551/551/551 553/553/553 550/550/550
f 554/554/554 550/550/550 553/553/553
f 554/554/554 555/555/555 550/550/550
f 556/556/556 550/550/550 555/555/555
f 552/552/552 557/557/557 549/549/549
f 558/558/558 549/549/549 557/557/557
f 558/558/558 557/557/557 559/559/559
f 560/560/560 559/559/559 557/557/557
f 550/550/550 561/561/561 552/552/552
f 557/557/557 552/552/552 562/562/562
f 557/557/557 562/562/562 560/560/560
f 563/563/563 562/562/562 552/552/552
f 563/563/563 552/552/552 564/564/564
f 565/565/565 560/560/560 562/562/562
f 554/554/554 553/553/553 566/566/566
f 554/554/554 566/566/566 555/555/555
f 567/567/567 566/566/566 553/553/553
f 566/566/566 567/567/567 568/568/568
f 568/568/568 569/569/569 566/566/566
f 570/570/570 566/566/566 569/569/569
f 570/570/570 555/555/555 566/566/566
f 571/571/571 568/568/568 567/567/567
f 570/570/570 569/569/569 572/572/572
f 573/573/573 572/572/572 569/569/569
f 570/570/570 572/572/572 555/555/555
f 574/574/574 555/555/555 572/572/572
f 572/572/572 575/575/575 574/574/574
f 572/572/572 573/573/573 575/575/575
f 576/576/576 574/574/574 575/575/575
f 577/577/577 574/574/574 576/576/576
f 577/577/577 555/555/555 574/574/574
f 578/578/578 577/577/577 576/576/576
f 578/578/578 579/579/579 577/577/577
f 579/579/579 578/578/578 580/580/580
f 580/580/580 581/581/581 579/579/579
f 582/582/582 579/579/579 581/581/581
f 579/579/579 582/582/582 583/583/583
f 583/583/583 584/584/584 579/579/579
f 585/585/585 579/579/579 584/584/584
f 585/585/585 577/577/577 579/579/579
f 577/577/577 585/585/585 555/555/555
f 585/585/585 584/584/584 561/561/561
f 586/586/586 583/583/583 582/582/582
f 582/582/582 581/581/581 586/586/586
f 587/587/587 586/586/586 581/581/581
f 587/587/587 588/588/588 586/586/586
f 583/583/583 586/586/586 588/588/588
f 588/588/588 589/589/589 583/583/583
f 589/589/589 590/590/590 583/583/583
f 584/584/584 583/583/583 590/590/590
f 590/590/590 591/591/591 584/584/584
f 590/590/590 563/563/563 591/591/591
f 590/590/590 589/589/589 592/592/592
f 592/592/592 593/593/593 590/590/590
f 593/593/593 563/563/563 590/590/590
f 592/592/592 594/594/594 593/593/593
f 595/595/595 594/594/594 592/592/592
f 596/596/596 594/594/594 595/595/595
f 596/596/596 595/595/595 597/597/597
f 598/598/598 597/597/597 595/595/595
f 596/596/596 599/599/599 594/594/594
f 600/600/600 594/594/594 599/599/599
f 600/600/600 593/593/593 594/594/594
f 593/593/593 600/600/600 563/563/563
f 599/599/599 565/565/565 600/600/600
f 562/562/562 600/600/600 565/565/565
f 562/562/562 563/563/563 600/600/600
f 575/575/575 601/601/601 576/576/576
f 602/602/602 601/601/601 575/575/575
f 602/602/602 575/575/575 603/603/603
f 604/604/604 602/602/602 603/603/603
f 575/575/575 605/605/605 603/603/603
f 605/605/605 575/575/575 573/573/573
f 608/608/608 607/607/607 606/606/606
f 610/610/610 609/609/609 606/606/606
f 612/612/612 610/610/610 611/611/611
f 613/613/613 555/555/555 585/585/585
f 616/616/616 615/615/615 614/614/614
f 615/615/615 617/617/617 614/614/614
f 617/617/617 618/618/618 614/614/614
f 618/618/618 619/619/619 614/614/614
f 622/622/622 621/621/621 620/620/620
f 623/623/623 620/620/620 621/621/621
f 621/621/621 622/622/622 624/624/624
f 625/625/625 624/624/624 622/622/622
f 628/628/628 627/627/627 626/626/626
f 629/629/629 626/626/626 627/627/627
f 627/627/627 628/628/628 630/630/630
f 631/631/631 630/630/630 628/628/628
f 634/634/634 633/633/633 632/632/632
f 633/633/633 635/635/635 632/632/632
f 635/635/635 636/636/636 632/632/632
f 639/639/639 638/638/638 637/637/637
f 640/640/640 637/637/637 638/638/638
f 640/640/640 638/638/638 641/641/641
f 642/642/642 641/641/641 638/638/638
f 642/642/642 643/643/643 641/641/641
f 644/644/644 641/641/641 643/643/643
f 637/637/637 640/640/640 645/645/645
f 646/646/646 645/645/645 640/640/640
f 646/646/646 640/640/640 647/647/647
f 641/641/641 647/647/647 640/640/640
f 641/641/641 644/644/644 647/647/647
f 648/648/648 647/647/647 644/644/644
f 651/651/651 650/650/650 649/649/649
f 651/651/651 649/649/649 652/652/652
f 653/653/653 652/652/652 649/649/649
f 655/655/655 654/654/654 650/650/650
f 658/658/658 657/657/657 656/656/656
f 659/659/659 656/656/656 657/657/657
f 659/659/659 657/657/657 660/660/660
f 661/661/661 660/660/660 657/657/657
f 656/656/656 662/662/662 658/658/658
f 657/657/657 658/658/658 663/663/663
f 657/657/657 663/663/663 661/661/661
f 664/664/664 663/663/663 658/658/658
f 665/665/665 661/661/661 663/663/663
f 668/668/668 667/667/667 666/666/666
f 669/669/669 667/667/667 668/668/668
f 667/667/667 669/669/669 670/670/670
f 673/673/673 672/672/672 671/671/671
f 674/674/674 671/671/671 672/672/672
f 672/672/672 675/675/675 674/674/674
f 672/672/672 676/676/676 675/675/675
f 677/677/677 675/675/675 676/676/676
f 677/677/677 676/676/676 678/678/678
f 679/679/679 678/678/678 676/676/676
f 680/680/680 673/673/673 671/671/671
f 671/671/671 681/681/681 680/680/680
f 684/684/684 683/683/683 682/682/682
f 686/686/686 685/685/685 683/683/683
f 685/685/685 687/687/687 684/684/684
f 688/688/688 684/684/684 687/687/687
f 688/688/688 687/687/687 689/689/689
f 690/690/690 689/689/689 687/687/687
f 693/693/693 692/692/692 691/691/691
f 694/694/694 691/691/691 692/692/692
f 693/693/693 691/691/691 695/695/695
f 696/696/696 695/695/695 691/691/691
f 699/699/699 698/698/698 697/697/697
f 700/700/700 697/697/697 698/698/698
f 698/698/698 701/701/701 700/700/700
f 702/702/702 700/700/700 701/701/701
f 701/701/701 703/703/703 702/702/702
f 704/704/704 702/702/702 703/703/703
f 703/703/703 705/705/705 704/704/704
f 706/706/706 704/704/704 705/705/705
f 709/709/709 708/708/708 707/707/707
f 710/710/710 707/707/707 708/708/708
f 710/710/710 708/708/708 711/711/711
f 712/712/712 711/711/711 708/708/708
f 715/715/715 714/714/714 713/713/713
f 716/716/716 713/713/713 714/714/714
f 715/715/715 713/713/713 717/717/717
f 718/718/718 717/717/717 713/713/713
f 716/716/716 714/714/714 719/719/719
f 720/720/720 719/719/719 714/714/714
f 719/719/719 720/720/720 721/721/721
f 722/722/722 721/721/721 720/720/720
f 722/722/722 723/723/723 721/721/721
f 724/724/724 721/721/721 723/723/723
f 724/724/724 723/723/723 725/725/725
f 726/726/726 725/725/725 723/723/723
f 729/729/729 728/728/728 727/727/727
f 730/730/730 727/727/727 728/728/728
f 731/731/731 729/729/729 727/727/727
f 729/729/729 731/731/731 732/732/732
f 733/733/733 732/732/732 731/731/731
f 733/733/733 734/734/734 732/732/732
f 735/735/735 732/732/732 734/734/734
f 736/736/736 735/735/735 734/734/734
f 739/739/739 738/738/738 737/737/737
f 740/740/740 737/737/737 738/738/738
f 737/737/737 741/741/741 739/739/739
f 742/742/742 739/739/739 741/741/741
f 742/742/742 741/741/741 743/743/743
f 743/743/743 744/744/744 742/742/742
f 745/745/745 742/742/742 744/744/744
f 745/745/745 744/744/744 746/746/746
f 747/747/747 746/746/746 744/744/744
f 750/750/750 749/749/749 748/748/748
f 749/749/749 750/750/750 751/751/751
f 754/754/754 753/753/753 752/752/752
f 755/755/755 752/752/752 753/753/753
f 752/752/752 756/756/756 754/754/754
f 754/754/754 756/756/756 757/757/757
f 760/760/760 759/759/759 758/758/758
f 761/761/761 760/760/760 758/758/758
f 759/759/759 760/760/760 762/762/762
f 763/763/763 762/762/762 760/760/760
f 761/761/761 764/764/764 760/760/760
f 765/765/765 760/760/760 764/764/764
f 765/765/765 764/764/764 766/766/766
f 767/767/767 766/766/766 764/764/764
f 763/763/763 768/768/768 762/762/762
f 769/769/769 762/762/762 768/768/768
f 772/772/772 771/771/771 770/770/770
f 772/772/772 773/773/773 771/771/771
f 774/774/774 771/771/771 773/773/773
f 774/774/774 773/773/773 775/775/775
f 778/778/778 777/777/777 776/776/776
f 779/779/779 776/776/776 777/777/777
f 777/777/777 780/780/780 779/779/779
f 781/781/781 779/779/779 780/780/780
f 780/780/780 782/782/782 781/781/781
f 783/783/783 781/781/781 782/782/782
f 783/783/783 782/782/782 784/784/784
f 785/785/785 784/784/784 782/782/782
f 784/784/784 785/785/785 786/786/786
f 787/787/787 786/786/786 785/785/785
f 786/786/786 787/787/787 788/788/788
f 789/789/789 788/788/788 787/787/787
f 792/792/792 791/791/791 790/790/790
f 791/791/791 792/792/792 793/793/793
f 794/794/794 793/793/793 792/792/792
f 793/793/793 794/794/794 795/795/795
f 798/798/798 797/797/797 796/796/796
f 799/799/799 798/798/798 796/796/796
f 797/797/797 798/798/798 800/800/800
f 801/801/801 800/800/800 798/798/798
f 799/799/799 802/802/802 798/798/798
f 803/803/803 798/798/798 802/802/802
f 803/803/803 802/802/802 804/804/804
f 805/805/805 804/804/804 802/802/802
f 801/801/801 806/806/806 800/800/800
f 807/807/807 800/800/800 806/806/806
f 810/810/810 809/809/809 808/808/808
f 811/811/811 808/808/808 809/809/809
f 809/809/809 812/812/812 811/811/811
f 813/813/813 811/811/811 812/812/812
f 812/812/812 814/814/814 813/813/813
f 815/815/815 813/813/813 814/814/814
f 814/814/814 816/816/816 815/815/815
f 817/817/817 815/815/815 816/816/816
f 816/816/816 818/818/818 817/817/817
f 819/819/819 817/817/817 818/818/818
f 818/818/818 820/820/820 819/819/819
f 821/821/821 819/819/819 820/820/820
f 821/821/821 820/820/820 822/822/822
f 823/823/823 822/822/822 820/820/820
f 823/823/823 824/824/824 822/822/822
f 825/825/825 822/822/822 824/824/824
