g DSJ_GTA_diLou_1
v 4.04679 -2.408512 3.826722
v 0.7457829 -1.6016 3.826722
v 4.04679 -1.6016 3.826722
v 0.7457829 -2.408512 3.826722
v 4.04679 -1.6016 3.655559
v 0.7457829 -1.6016 3.826722
v 0.7457829 -1.6016 3.655559
v 4.04679 -1.6016 3.826722
v 0.7457829 -1.6016 3.655559
v 0.7457829 -2.408512 3.826722
v 0.7457829 -2.408512 3.655559
v 0.7457829 -1.6016 3.826722
v 0.7457829 -4.169049 5.880683
v -0.6724272 -2.408512 3.948983
v 0.7457829 -2.408512 3.948983
v -0.6724272 -4.169049 5.880683
v -0.6724272 -2.408512 3.924531
v 0.7457829 -2.408512 3.948983
v -0.6724272 -2.408512 3.948983
v 0.7457829 -2.408512 3.924531
v 0.7457829 -4.169049 5.880683
v 0.7457829 -2.408512 3.924531
v 0.7457829 -4.169049 5.831779
v 0.7457829 -2.408512 3.948983
v 4.04679 3.631108 4.829251
v 3.65556 3.753367 0.3545523
v 3.65556 3.753367 4.829251
v 4.04679 3.631108 -0.0122261
v 4.04679 3.631108 9.45066
v 7.885738 3.753367 9.841891
v 7.885738 3.631108 9.45066
v 3.65556 3.753367 9.841891
v 12.18927 3.631108 -3.239877
v 12.50715 3.753367 3.190973
v 12.50715 3.753367 -3.239877
v 12.18927 3.631108 3.166521
v 12.18927 3.631108 -9.524015
v 6.663143 3.753367 -9.915246
v 6.663143 3.631108 -9.524015
v 12.50715 3.753367 -9.915246
v 3.65556 3.753367 4.829251
v 3.65556 4.144597 0.3545523
v 3.65556 4.144597 4.829251
v 3.65556 3.753367 0.3545523
v 7.885738 3.753367 9.841891
v 3.65556 4.144597 9.841891
v 7.885738 4.144597 9.841891
v 3.65556 3.753367 9.841891
v 12.50715 3.753367 -3.239877
v 12.50715 4.144597 3.190973
v 12.50715 4.144597 -3.239877
v 12.50715 3.753367 3.190973
v 6.663143 3.753367 -9.915246
v 12.50715 4.144597 -9.915246
v 6.663143 4.144597 -9.915246
v 12.50715 3.753367 -9.915246
v 4.04679 -2.701935 9.45066
v 7.885738 0.5746202 9.45066
v 7.885738 -2.701935 9.45066
v 4.04679 0.5746202 9.45066
v 12.18927 -2.701935 -9.524015
v 6.663143 0.5746202 -9.524015
v 6.663143 -2.701935 -9.524015
v 12.18927 0.5746202 -9.524015
v 4.04679 -2.701935 -0.0122261
v 4.04679 0.5746202 4.829251
v 4.04679 -2.701935 4.829251
v 4.04679 0.5746202 -0.0122261
v 4.04679 -4.169049 -0.0122261
v 4.04679 -2.701935 4.829251
v 4.04679 -4.169049 4.829251
v 12.18927 -2.701935 -3.239877
v 12.18927 0.5746202 3.166521
v 12.18927 0.5746202 -3.239877
v 12.18927 -2.701935 3.166521
v 12.18927 -4.169049 -3.239877
v 12.18927 -2.701935 3.166521
v 12.18927 -4.169049 3.166521
v 3.65556 0.6235237 0.3545523
v 4.04679 0.6235237 4.975963
v 3.65556 0.6235237 4.975963
v 4.04679 0.6235237 -0.0122261
v 4.04679 0.2811966 4.975963
v 3.65556 0.2811966 0.3545523
v 3.65556 0.2811966 4.975963
v 4.04679 0.2811966 -0.0122261
v 3.65556 0.2811966 4.975963
v 3.65556 0.6235237 0.3545523
v 3.65556 0.6235237 4.975963
v 3.65556 0.2811966 0.3545523
v 7.885738 0.6235237 9.841891
v 4.04679 0.6235237 9.45066
v 7.885738 0.6235237 9.45066
v 3.65556 0.6235237 9.841891
v 4.04679 0.2811966 9.45066
v 7.885738 0.2811966 9.841891
v 7.885738 0.2811966 9.45066
v 3.65556 0.2811966 9.841891
v 7.885738 0.2811966 9.841891
v 3.65556 0.6235237 9.841891
v 7.885738 0.6235237 9.841891
v 3.65556 0.2811966 9.841891
v 12.50715 0.6235237 -3.239877
v 12.18927 0.6235237 3.166521
v 12.18927 0.6235237 -3.239877
v 12.50715 0.6235237 3.190973
v 12.18927 0.2811966 -3.239877
v 12.50715 0.2811966 3.190973
v 12.50715 0.2811966 -3.239877
v 12.18927 0.2811966 3.166521
v 12.50715 0.2811966 -3.239877
v 12.50715 0.6235237 3.190973
v 12.50715 0.6235237 -3.239877
v 12.50715 0.2811966 3.190973
v 6.663143 0.6235237 -9.915246
v 12.18927 0.6235237 -9.524015
v 6.663143 0.6235237 -9.524015
v 12.50715 0.6235237 -9.915246
v 12.18927 0.2811966 -9.524015
v 6.663143 0.2811966 -9.915246
v 6.663143 0.2811966 -9.524015
v 12.18927 0.2811966 -9.524015
v 12.50715 0.2811966 -9.915246
v 6.663143 0.2811966 -9.915246
v 6.663143 0.2811966 -9.915246
v 12.50715 0.6235237 -9.915246
v 6.663143 0.6235237 -9.915246
v 12.50715 0.2811966 -9.915246
v 0.6235237 -1.846119 3.77782
v 0.6235237 -2.408512 3.826722
v 0.6235237 -2.408512 3.77782
v 0.6235237 -1.99283 3.826722
v 0.6235237 -3.606655 5.782874
v 0.6235237 -1.99283 3.826722
v 0.6235237 -3.606655 5.733972
v 0.6724272 -1.846119 3.77782
v 0.6235237 -2.408512 3.77782
v 0.6724272 -2.408512 3.77782
v 0.6235237 -1.846119 3.77782
v 0.6724272 -1.99283 3.826722
v 0.6724272 -2.408512 3.77782
v 0.6724272 -2.408512 3.826722
v 0.6724272 -1.846119 3.77782
v 0.6235237 -1.99283 3.826722
v 0.6724272 -2.408512 3.826722
v 0.6235237 -2.408512 3.826722
v 0.6235237 -1.99283 3.826722
v 0.6724272 -1.99283 3.826722
v 0.6724272 -2.408512 3.826722
v 0.6724272 -3.606655 5.782874
v 0.6235237 -1.846119 3.77782
v 0.6724272 -1.846119 3.77782
v 0.6235237 -3.606655 5.782874
v 0.6724272 -3.606655 5.733972
v 0.6724272 -1.846119 3.77782
v 0.6724272 -1.99283 3.826722
v 0.6724272 -3.606655 5.782874
v 0.6235237 -3.606655 5.733972
v 0.6724272 -1.99283 3.826722
v 0.6235237 -1.99283 3.826722
v 0.6235237 -3.606655 5.733972
v 0.6724272 -3.606655 5.733972
v 0.6724272 -1.99283 3.826722
v 0.6235237 -4.071241 5.782874
v 0.6235237 -3.606655 5.733972
v 0.6235237 -3.606655 5.782874
v 0.6235237 -4.071241 5.733972
v 0.6724272 -4.071241 5.782874
v 0.6235237 -3.606655 5.782874
v 0.6724272 -3.606655 5.782874
v 0.6235237 -4.071241 5.782874
v 0.6724272 -4.071241 5.733972
v 0.6724272 -3.606655 5.782874
v 0.6724272 -3.606655 5.733972
v 0.6724272 -4.071241 5.782874
v 0.6235237 -4.071241 5.733972
v 0.6724272 -3.606655 5.733972
v 0.6235237 -3.606655 5.733972
v 0.6724272 -4.071241 5.733972
v 12.18927 3.631108 -9.524015
v 12.50715 3.753367 -3.239877
v 12.50715 3.753367 -9.915246
v 12.18927 3.631108 -3.239877
v 12.50715 3.753367 3.190973
v 12.18927 3.631108 9.45066
v 12.50715 3.753367 9.841891
v 12.18927 3.631108 3.166521
v 12.50715 3.753367 -9.915246
v 12.50715 4.144597 -3.239877
v 12.50715 4.144597 -9.915246
v 12.50715 3.753367 -3.239877
v 12.50715 4.144597 9.841891
v 12.50715 3.753367 3.190973
v 12.50715 3.753367 9.841891
v 12.50715 4.144597 3.190973
v 12.18927 -2.701935 -9.524015
v 12.18927 0.5746202 -3.239877
v 12.18927 0.5746202 -9.524015
v 12.18927 -2.701935 -3.239877
v 12.18927 -4.169049 -9.524015
v 12.18927 -2.701935 -3.239877
v 12.18927 -4.169049 -3.239877
v 12.18927 0.5746202 9.45066
v 12.18927 -2.701935 3.166521
v 12.18927 -2.701935 9.45066
v 12.18927 0.5746202 3.166521
v 12.18927 -2.701935 9.45066
v 12.18927 -4.169049 3.166521
v 12.18927 -4.169049 9.45066
v 12.50715 0.6235237 -3.239877
v 12.18927 0.6235237 -9.524015
v 12.50715 0.6235237 -9.915246
v 12.18927 0.6235237 -3.239877
v 12.18927 0.6235237 9.45066
v 12.50715 0.6235237 3.190973
v 12.50715 0.6235237 9.841891
v 12.18927 0.6235237 3.166521
v 12.18927 0.2811966 -9.524015
v 12.50715 0.2811966 -3.239877
v 12.50715 0.2811966 -9.915246
v 12.18927 0.2811966 -3.239877
v 12.50715 0.2811966 3.190973
v 12.18927 0.2811966 9.45066
v 12.50715 0.2811966 9.841891
v 12.18927 0.2811966 3.166521
v 12.50715 0.2811966 -9.915246
v 12.50715 0.6235237 -3.239877
v 12.50715 0.6235237 -9.915246
v 12.50715 0.2811966 -3.239877
v 12.50715 0.6235237 9.841891
v 12.50715 0.2811966 3.190973
v 12.50715 0.2811966 9.841891
v 12.50715 0.6235237 3.190973
v 4.04679 -2.408512 3.924531
v 0.0122261 -2.408512 -0.0122261
v 4.04679 -2.408512 -0.0122261
v 0.0122261 -2.408512 3.924531
v -3.997886 -2.408512 3.924531
v -3.997886 -2.408512 -0.0122261
v 4.04679 -2.481868 3.924531
v 0.0122261 -2.408512 3.924531
v 4.04679 -2.408512 3.924531
v 0.0122261 -2.481868 3.924531
v -3.997886 -2.481868 3.924531
v -3.997886 -2.408512 3.924531
v 0.0122261 3.631108 -0.0122261
v 3.65556 3.753367 0.3545523
v 4.04679 3.631108 -0.0122261
v 0.0122261 3.753367 0.3545523
v 3.65556 3.753367 0.3545523
v 0.0122261 4.144597 0.3545523
v 3.65556 4.144597 0.3545523
v 0.0122261 3.753367 0.3545523
v 4.04679 -2.701935 -0.0122261
v 0.0122261 0.5746202 -0.0122261
v 4.04679 0.5746202 -0.0122261
v 0.0122261 -2.701935 -0.0122261
v 3.65556 0.6235237 0.3545523
v 0.0122261 0.6235237 -0.0122261
v 4.04679 0.6235237 -0.0122261
v 0.0122261 0.6235237 0.3545523
v 0.0122261 0.2811966 -0.0122261
v 3.65556 0.2811966 0.3545523
v 4.04679 0.2811966 -0.0122261
v 0.0122261 0.2811966 0.3545523
v 3.65556 0.2811966 0.3545523
v 0.0122261 0.6235237 0.3545523
v 3.65556 0.6235237 0.3545523
v 0.0122261 0.2811966 0.3545523
v -3.997886 -2.408512 3.826722
v -0.6724272 -1.6016 3.826722
v -0.6724272 -2.408512 3.826722
v -3.997886 -1.6016 3.826722
v -3.997886 -1.6016 3.655559
v -0.6724272 -1.6016 3.826722
v -3.997886 -1.6016 3.826722
v -0.6724272 -1.6016 3.655559
v -0.6724272 -1.6016 3.655559
v -0.6724272 -2.408512 3.826722
v -0.6724272 -1.6016 3.826722
v -0.6724272 -2.408512 3.655559
v -0.6724272 -2.408512 3.924531
v -0.6724272 -4.169049 5.880683
v -0.6724272 -4.169049 5.831779
v -0.6724272 -2.408512 3.948983
v -3.606656 3.753367 0.3545523
v -3.997886 3.631108 4.829251
v -3.606656 3.753367 4.829251
v -3.997886 3.631108 -0.0122261
v -3.997886 3.631108 9.45066
v -8.056901 3.753367 9.841891
v -3.606656 3.753367 9.841891
v -8.056901 3.631108 9.45066
v -12.16482 3.631108 -3.239877
v -12.4827 3.753367 3.190973
v -12.16482 3.631108 3.166521
v -12.4827 3.753367 -3.239877
v -12.16482 3.631108 -9.524015
v -6.589787 3.753367 -9.915246
v -12.4827 3.753367 -9.915246
v -6.589787 3.631108 -9.524015
v -3.606656 4.144597 0.3545523
v -3.606656 3.753367 4.829251
v -3.606656 4.144597 4.829251
v -3.606656 3.753367 0.3545523
v -3.606656 4.144597 9.841891
v -8.056901 3.753367 9.841891
v -8.056901 4.144597 9.841891
v -3.606656 3.753367 9.841891
v -12.4827 3.753367 -3.239877
v -12.4827 4.144597 3.190973
v -12.4827 3.753367 3.190973
v -12.4827 4.144597 -3.239877
v -12.4827 4.144597 -9.915246
v -6.589787 3.753367 -9.915246
v -6.589787 4.144597 -9.915246
v -12.4827 3.753367 -9.915246
v -8.056901 0.5746202 9.45066
v -3.997886 -2.701935 9.45066
v -8.056901 -2.701935 9.45066
v -3.997886 0.5746202 9.45066
v -6.589787 0.5746202 -9.524015
v -12.16482 -2.701935 -9.524015
v -6.589787 -2.701935 -9.524015
v -12.16482 0.5746202 -9.524015
v -12.16482 -4.169049 -9.524015
v -6.589787 -4.169049 -9.524015
v -12.16482 -2.701935 -9.524015
v -3.997886 0.5746202 4.829251
v -3.997886 -2.701935 -0.0122261
v -3.997886 -2.701935 4.829251
v -3.997886 0.5746202 -0.0122261
v -3.997886 -2.701935 4.829251
v -3.997886 -4.169049 -0.0122261
v -3.997886 -4.169049 4.829251
v -12.16482 -2.701935 -3.239877
v -12.16482 0.5746202 3.166521
v -12.16482 -2.701935 3.166521
v -12.16482 0.5746202 -3.239877
v -12.16482 -4.169049 -3.239877
v -12.16482 -2.701935 3.166521
v -12.16482 -4.169049 3.166521
v -3.582204 0.6235237 0.3545523
v -3.997886 0.6235237 4.975963
v -3.997886 0.6235237 -0.0122261
v -3.582204 0.6235237 4.975963
v -3.582204 0.2811966 0.3545523
v -3.997886 0.2811966 4.975963
v -3.582204 0.2811966 4.975963
v -3.582204 0.2811966 0.3545523
v -3.997886 0.2811966 -0.0122261
v 0.0122261 0.2811966 -0.0122261
v -3.582204 0.2811966 0.3545523
v 0.0122261 0.2811966 0.3545523
v -3.582204 0.6235237 0.3545523
v -3.582204 0.2811966 4.975963
v -3.582204 0.6235237 4.975963
v -3.582204 0.2811966 0.3545523
v -3.997886 0.6235237 9.45066
v -8.056901 0.6235237 9.841891
v -8.056901 0.6235237 9.45066
v -3.582204 0.6235237 9.841891
v -3.997886 0.2811966 9.45066
v -8.056901 0.2811966 9.841891
v -3.582204 0.2811966 9.841891
v -3.997886 0.2811966 9.45066
v -8.056901 0.2811966 9.45066
v -3.582204 0.2811966 4.975963
v -3.582204 0.2811966 9.841891
v -3.997886 0.2811966 4.975963
v -3.582204 0.6235237 9.841891
v -8.056901 0.2811966 9.841891
v -8.056901 0.6235237 9.841891
v -3.582204 0.2811966 9.841891
v -12.4827 0.6235237 -3.239877
v -12.16482 0.6235237 3.166521
v -12.4827 0.6235237 3.190973
v -12.16482 0.6235237 -3.239877
v -12.16482 0.2811966 -3.239877
v -12.4827 0.2811966 3.190973
v -12.16482 0.2811966 3.166521
v -12.4827 0.2811966 -3.239877
v -12.4827 0.2811966 -3.239877
v -12.4827 0.6235237 3.190973
v -12.4827 0.2811966 3.190973
v -12.4827 0.6235237 -3.239877
v -12.16482 0.6235237 -9.524015
v -6.589787 0.6235237 -9.915246
v -6.589787 0.6235237 -9.524015
v -12.50715 0.6235237 -9.915246
v -12.16482 0.2811966 -9.524015
v -6.589787 0.2811966 -9.915246
v -12.4827 0.2811966 -9.915246
v -12.16482 0.2811966 -9.524015
v -6.589787 0.2811966 -9.524015
v -6.589787 0.2811966 -9.915246
v -12.50715 0.6235237 -9.915246
v -6.589787 0.2811966 -9.915246
v -6.589787 0.6235237 -9.915246
v -12.50715 0.6235237 -9.915246
v -12.4827 0.2811966 -9.915246
v -6.589787 0.2811966 -9.915246
v -0.550168 -1.846119 3.77782
v -0.550168 -2.408512 3.826722
v -0.550168 -1.99283 3.826722
v -0.550168 -2.408512 3.77782
v -0.5990715 -1.846119 3.77782
v -0.550168 -2.408512 3.77782
v -0.550168 -1.846119 3.77782
v -0.5990715 -2.408512 3.77782
v -0.5990715 -1.99283 3.826722
v -0.5990715 -2.408512 3.77782
v -0.5990715 -1.846119 3.77782
v -0.5990715 -2.408512 3.826722
v -0.5990715 -3.606655 5.733972
v -0.5990715 -3.606655 5.782874
v -0.5990715 -1.99283 3.826722
v -0.5990715 -1.846119 3.77782
v -0.550168 -1.99283 3.826722
v -0.5990715 -2.408512 3.826722
v -0.5990715 -1.99283 3.826722
v -0.550168 -1.99283 3.826722
v -0.550168 -2.408512 3.826722
v -0.5990715 -2.408512 3.826722
v -0.550168 -3.606655 5.782874
v -0.550168 -1.99283 3.826722
v -0.550168 -3.606655 5.733972
v -0.550168 -1.846119 3.77782
v -0.5990715 -3.606655 5.782874
v -0.550168 -1.846119 3.77782
v -0.550168 -3.606655 5.782874
v -0.5990715 -1.846119 3.77782
v -0.550168 -3.606655 5.733972
v -0.5990715 -1.99283 3.826722
v -0.5990715 -3.606655 5.733972
v -0.550168 -3.606655 5.733972
v -0.550168 -1.99283 3.826722
v -0.5990715 -1.99283 3.826722
v -0.550168 -4.071241 5.782874
v -0.550168 -3.606655 5.733972
v -0.550168 -4.071241 5.733972
v -0.550168 -3.606655 5.782874
v -0.5990715 -4.071241 5.782874
v -0.550168 -3.606655 5.782874
v -0.550168 -4.071241 5.782874
v -0.5990715 -3.606655 5.782874
v -0.5990715 -4.071241 5.733972
v -0.5990715 -3.606655 5.782874
v -0.5990715 -4.071241 5.782874
v -0.5990715 -3.606655 5.733972
v -0.550168 -4.071241 5.733972
v -0.5990715 -3.606655 5.733972
v -0.5990715 -4.071241 5.733972
v -0.550168 -3.606655 5.733972
v -12.16482 3.631108 -9.524015
v -12.4827 3.753367 -3.239877
v -12.16482 3.631108 -3.239877
v -12.4827 3.753367 -9.915246
v -12.4827 3.753367 3.190973
v -12.16482 3.631108 9.45066
v -12.16482 3.631108 3.166521
v -12.4827 3.753367 9.841891
v -12.4827 3.753367 -9.915246
v -12.4827 4.144597 -3.239877
v -12.4827 3.753367 -3.239877
v -12.4827 4.144597 -9.915246
v -12.4827 4.144597 9.841891
v -12.4827 3.753367 3.190973
v -12.4827 4.144597 3.190973
v -12.4827 3.753367 9.841891
v -12.16482 -2.701935 -9.524015
v -12.16482 0.5746202 -3.239877
v -12.16482 -2.701935 -3.239877
v -12.16482 0.5746202 -9.524015
v -12.16482 -4.169049 -9.524015
v -12.16482 -2.701935 -3.239877
v -12.16482 -4.169049 -3.239877
v -12.16482 0.5746202 9.45066
v -12.16482 -2.701935 3.166521
v -12.16482 0.5746202 3.166521
v -12.16482 -2.701935 9.45066
v -12.16482 -2.701935 9.45066
v -12.16482 -4.169049 3.166521
v -12.16482 -4.169049 9.45066
v -12.4827 0.6235237 -3.239877
v -12.16482 0.6235237 -9.524015
v -12.16482 0.6235237 -3.239877
v -12.50715 0.6235237 -9.915246
v -12.16482 0.6235237 9.45066
v -12.4827 0.6235237 3.190973
v -12.16482 0.6235237 3.166521
v -12.4827 0.6235237 9.841891
v -12.16482 0.2811966 -9.524015
v -12.4827 0.2811966 -3.239877
v -12.16482 0.2811966 -3.239877
v -12.4827 0.2811966 -9.915246
v -12.4827 0.2811966 3.190973
v -12.16482 0.2811966 9.45066
v -12.16482 0.2811966 3.166521
v -12.4827 0.2811966 9.841891
v -12.4827 0.2811966 -9.915246
v -12.4827 0.6235237 -3.239877
v -12.4827 0.2811966 -3.239877
v -12.50715 0.6235237 -9.915246
v -12.4827 0.6235237 9.841891
v -12.4827 0.2811966 3.190973
v -12.4827 0.6235237 3.190973
v -12.4827 0.2811966 9.841891
v -3.997886 -2.408512 3.924531
v -3.997886 -2.408512 -0.0122261
v -3.997886 -2.408512 -0.0122261
v 0.0122261 3.631108 -0.0122261
v -3.606656 3.753367 0.3545523
v 0.0122261 3.753367 0.3545523
v -3.997886 3.631108 -0.0122261
v -3.606656 3.753367 0.3545523
v 0.0122261 4.144597 0.3545523
v 0.0122261 3.753367 0.3545523
v -3.606656 4.144597 0.3545523
v -3.997886 -2.701935 -0.0122261
v 0.0122261 0.5746202 -0.0122261
v 0.0122261 -2.701935 -0.0122261
v -3.997886 0.5746202 -0.0122261
v -3.582204 0.6235237 0.3545523
v 0.0122261 0.6235237 -0.0122261
v 0.0122261 0.6235237 0.3545523
v -3.997886 0.6235237 -0.0122261
v -3.582204 0.2811966 0.3545523
v 0.0122261 0.6235237 0.3545523
v 0.0122261 0.2811966 0.3545523
v -3.582204 0.6235237 0.3545523
v 12.18927 3.631108 9.45066
v 7.885738 3.753367 9.841891
v 12.50715 3.753367 9.841891
v 7.885738 3.631108 9.45066
v 6.663143 3.631108 -9.524015
v 0.0122261 3.753367 -9.915246
v 0.0122261 3.631108 -9.524015
v 6.663143 3.753367 -9.915246
v 12.50715 3.753367 9.841891
v 7.885738 4.144597 9.841891
v 12.50715 4.144597 9.841891
v 7.885738 3.753367 9.841891
v 0.0122261 3.753367 -9.915246
v 6.663143 4.144597 -9.915246
v 0.0122261 4.144597 -9.915246
v 6.663143 3.753367 -9.915246
v 12.18927 -2.701935 9.45066
v 7.885738 0.5746202 9.45066
v 12.18927 0.5746202 9.45066
v 7.885738 -2.701935 9.45066
v 0.0122261 -2.701935 -9.524015
v 6.663143 0.5746202 -9.524015
v 0.0122261 0.5746202 -9.524015
v 6.663143 -2.701935 -9.524015
v 7.885738 0.6235237 9.841891
v 12.18927 0.6235237 9.45066
v 12.50715 0.6235237 9.841891
v 7.885738 0.6235237 9.45066
v 12.18927 0.2811966 9.45066
v 7.885738 0.2811966 9.841891
v 12.50715 0.2811966 9.841891
v 7.885738 0.2811966 9.45066
v 12.50715 0.2811966 9.841891
v 7.885738 0.6235237 9.841891
v 12.50715 0.6235237 9.841891
v 7.885738 0.2811966 9.841891
v 0.0122261 0.6235237 -9.915246
v 6.663143 0.6235237 -9.524015
v 0.0122261 0.6235237 -9.524015
v 6.663143 0.6235237 -9.915246
v 0.0122261 0.2811966 -9.524015
v 6.663143 0.2811966 -9.915246
v 0.0122261 0.2811966 -9.915246
v 6.663143 0.2811966 -9.524015
v 0.0122261 0.2811966 -9.915246
v 6.663143 0.6235237 -9.915246
v 0.0122261 0.6235237 -9.915246
v 6.663143 0.2811966 -9.915246
v -8.056901 3.753367 9.841891
v -12.16482 3.631108 9.45066
v -12.4827 3.753367 9.841891
v -8.056901 3.631108 9.45066
v 0.0122261 3.753367 -9.915246
v -6.589787 3.631108 -9.524015
v 0.0122261 3.631108 -9.524015
v -6.589787 3.753367 -9.915246
v -12.4827 4.144597 9.841891
v -8.056901 3.753367 9.841891
v -12.4827 3.753367 9.841891
v -8.056901 4.144597 9.841891
v 0.0122261 4.144597 -9.915246
v -6.589787 3.753367 -9.915246
v 0.0122261 3.753367 -9.915246
v -6.589787 4.144597 -9.915246
v -12.16482 0.5746202 9.45066
v -8.056901 -2.701935 9.45066
v -12.16482 -2.701935 9.45066
v -8.056901 0.5746202 9.45066
v 0.0122261 0.5746202 -9.524015
v -6.589787 -2.701935 -9.524015
v 0.0122261 -2.701935 -9.524015
v -6.589787 0.5746202 -9.524015
v -6.589787 -4.169049 -9.524015
v 0.0122261 -4.169049 -9.524015
v -6.589787 -2.701935 -9.524015
v -12.16482 0.6235237 9.45066
v -8.056901 0.6235237 9.841891
v -12.4827 0.6235237 9.841891
v -8.056901 0.6235237 9.45066
v -8.056901 0.2811966 9.841891
v -12.16482 0.2811966 9.45066
v -12.4827 0.2811966 9.841891
v -8.056901 0.2811966 9.45066
v -12.4827 0.6235237 9.841891
v -8.056901 0.2811966 9.841891
v -12.4827 0.2811966 9.841891
v -8.056901 0.6235237 9.841891
v -6.589787 0.6235237 -9.524015
v 0.0122261 0.6235237 -9.915246
v 0.0122261 0.6235237 -9.524015
v -6.589787 0.6235237 -9.915246
v 0.0122261 0.2811966 -9.915246
v -6.589787 0.2811966 -9.524015
v 0.0122261 0.2811966 -9.524015
v -6.589787 0.2811966 -9.915246
v 0.0122261 0.6235237 -9.915246
v -6.589787 0.2811966 -9.915246
v 0.0122261 0.2811966 -9.915246
v -6.589787 0.6235237 -9.915246
v 3.65556 0.6235237 4.975963
v 4.04679 0.6235237 9.45066
v 3.65556 0.6235237 9.841891
v 4.04679 0.6235237 4.975963
v 4.04679 0.2811966 9.45066
v 3.65556 0.2811966 4.975963
v 3.65556 0.2811966 9.841891
v 4.04679 0.2811966 4.975963
v 3.65556 0.2811966 9.841891
v 3.65556 0.6235237 4.975963
v 3.65556 0.6235237 9.841891
v 3.65556 0.2811966 4.975963
v -3.997886 0.6235237 9.45066
v -3.582204 0.6235237 4.975963
v -3.582204 0.6235237 9.841891
v -3.997886 0.6235237 4.975963
v -3.582204 0.6235237 9.841891
v -3.582204 0.2811966 4.975963
v -3.582204 0.2811966 9.841891
v -3.582204 0.6235237 4.975963
v 4.04679 3.631108 9.45066
v 3.65556 3.753367 4.829251
v 3.65556 3.753367 9.841891
v 4.04679 3.631108 4.829251
v 3.65556 3.753367 9.841891
v 3.65556 4.144597 4.829251
v 3.65556 4.144597 9.841891
v 3.65556 3.753367 4.829251
v 4.04679 -2.701935 9.45066
v 4.04679 0.5746202 4.829251
v 4.04679 0.5746202 9.45066
v 4.04679 -2.701935 4.829251
v 4.04679 -4.169049 9.45066
v 4.04679 -2.701935 9.45066
v 4.04679 -4.169049 4.829251
v -3.606656 3.753367 4.829251
v -3.997886 3.631108 9.45066
v -3.606656 3.753367 9.841891
v -3.997886 3.631108 4.829251
v -3.606656 4.144597 9.841891
v -3.606656 3.753367 4.829251
v -3.606656 3.753367 9.841891
v -3.606656 4.144597 4.829251
v -3.997886 0.5746202 9.45066
v -3.997886 -2.701935 4.829251
v -3.997886 -2.701935 9.45066
v -3.997886 0.5746202 4.829251
v -3.997886 -2.701935 9.45066
v -3.997886 -4.169049 4.829251
v -3.997886 -4.169049 9.45066
v 3.65556 4.144597 0.3545523
v 0.0122261 4.144597 -4.755895
v 3.65556 4.144597 -4.755895
v 0.0122261 4.144597 0.3545523
v -3.606656 4.144597 5.098222
v -7.959094 4.144597 9.841891
v -7.959094 4.144597 5.098222
v -3.606656 4.144597 9.841891
v -7.959094 4.144597 -9.915246
v -3.606656 4.144597 -4.755895
v -7.959094 4.144597 -4.755895
v -3.606656 4.144597 -9.915246
v 3.65556 4.144597 5.098222
v 8.007998 4.144597 0.330101
v 8.007998 4.144597 5.098222
v 3.65556 4.144597 0.3545523
v 0.0122261 4.144597 0.3545523
v -3.606656 4.144597 -4.755895
v 0.0122261 4.144597 -4.755895
v -3.606656 4.144597 0.3545523
v 8.007998 4.144597 0.330101
v 3.65556 4.144597 -4.755895
v 8.007998 4.144597 -4.755895
v 3.65556 4.144597 0.3545523
v -12.4827 4.144597 0.330101
v -7.959094 4.144597 5.098222
v -12.4827 4.144597 5.098222
v -7.959094 4.144597 0.330101
v -12.4827 4.144597 -9.915246
v -7.959094 4.144597 -4.755895
v -12.4827 4.144597 -4.780347
v -7.959094 4.144597 -9.915246
v 12.50715 4.144597 9.841891
v 8.007998 4.144597 5.098222
v 12.50715 4.144597 5.098222
v 8.007998 4.144597 9.841891
v 12.50715 4.144597 0.330101
v 8.007998 4.144597 -4.755895
v 12.50715 4.144597 -4.780347
v 8.007998 4.144597 0.330101
v 3.65556 4.144597 -9.915246
v 0.0122261 4.144597 -4.755895
v 0.0122261 4.144597 -9.915246
v 3.65556 4.144597 -4.755895
v -3.606656 4.144597 0.3545523
v -7.959094 4.144597 5.098222
v -7.959094 4.144597 0.330101
v -3.606656 4.144597 5.098222
v -7.959094 4.144597 0.330101
v -3.606656 4.144597 -4.755895
v -3.606656 4.144597 0.3545523
v -7.959094 4.144597 -4.755895
v 3.65556 4.144597 9.841891
v 8.007998 4.144597 5.098222
v 8.007998 4.144597 9.841891
v 3.65556 4.144597 5.098222
v 0.0122261 4.144597 -9.915246
v -3.606656 4.144597 -4.755895
v -3.606656 4.144597 -9.915246
v 0.0122261 4.144597 -4.755895
v 8.007998 4.144597 -9.915246
v 3.65556 4.144597 -4.755895
v 3.65556 4.144597 -9.915246
v 8.007998 4.144597 -4.755895
v -12.4827 4.144597 9.841891
v -7.959094 4.144597 5.098222
v -7.959094 4.144597 9.841891
v -12.4827 4.144597 5.098222
v -12.4827 4.144597 0.330101
v -7.959094 4.144597 -4.755895
v -7.959094 4.144597 0.330101
v -12.4827 4.144597 -4.780347
v 12.50715 4.144597 0.330101
v 8.007998 4.144597 5.098222
v 8.007998 4.144597 0.330101
v 12.50715 4.144597 5.098222
v 12.50715 4.144597 -9.915246
v 8.007998 4.144597 -4.755895
v 8.007998 4.144597 -9.915246
v 12.50715 4.144597 -4.780347
v 4.04679 -4.169049 9.45066
v 7.885738 -2.701935 9.45066
v 7.885738 -4.169049 9.45066
v 4.04679 -2.701935 9.45066
v 12.18927 -4.169049 -9.524015
v 6.663143 -2.701935 -9.524015
v 6.663143 -4.169049 -9.524015
v 12.18927 -2.701935 -9.524015
v 4.04679 -4.169049 -0.0122261
v 0.0122261 -2.701935 -0.0122261
v 4.04679 -2.701935 -0.0122261
v 0.0122261 -4.169049 -0.0122261
v -8.056901 -2.701935 9.45066
v -3.997886 -4.169049 9.45066
v -8.056901 -4.169049 9.45066
v -3.997886 -2.701935 9.45066
v -3.997886 -4.169049 -0.0122261
v 0.0122261 -2.701935 -0.0122261
v 0.0122261 -4.169049 -0.0122261
v -3.997886 -2.701935 -0.0122261
v 12.18927 -4.169049 9.45066
v 7.885738 -2.701935 9.45066
v 12.18927 -2.701935 9.45066
v 7.885738 -4.169049 9.45066
v 0.0122261 -4.169049 -9.524015
v 6.663143 -2.701935 -9.524015
v 0.0122261 -2.701935 -9.524015
v 6.663143 -4.169049 -9.524015
v -12.16482 -2.701935 9.45066
v -8.056901 -4.169049 9.45066
v -12.16482 -4.169049 9.45066
v -8.056901 -2.701935 9.45066
v 10.06196 3.631108 9.45066
v 12.18927 0.5746202 9.45066
v 10.06196 0.5746202 9.45066
v 12.18927 3.631108 9.45066
v 4.04679 3.631108 7.176633
v 4.04679 0.5746202 9.45066
v 4.04679 0.5746202 7.176633
v 4.04679 3.631108 9.45066
v 12.18927 3.631108 -0.0122261
v 12.18927 0.5746202 -3.239877
v 12.18927 0.5746202 -0.0122261
v 12.18927 3.631108 -3.239877
v 12.18927 3.631108 6.320817
v 12.18927 0.5746202 3.166521
v 12.18927 0.5746202 6.320817
v 12.18927 3.631108 3.166521
v 12.18927 0.5746202 -6.36972
v 12.18927 3.631108 -3.239877
v 12.18927 3.631108 -6.36972
v 12.18927 0.5746202 -3.239877
v 2.041734 0.5746202 -0.0122261
v 0.0122261 3.631108 -0.0122261
v 2.041734 3.631108 -0.0122261
v 0.0122261 0.5746202 -0.0122261
v 3.337685 3.631108 -9.524015
v 0.0122261 0.5746202 -9.524015
v 3.337685 0.5746202 -9.524015
v 0.0122261 3.631108 -9.524015
v -12.16482 0.5746202 9.45066
v -10.13531 3.631108 9.45066
v -10.13531 0.5746202 9.45066
v -12.16482 3.631108 9.45066
v -3.997886 0.5746202 9.45066
v -3.997886 3.631108 7.176633
v -3.997886 0.5746202 7.176633
v -3.997886 3.631108 9.45066
v -12.16482 0.5746202 -3.239877
v -12.16482 3.631108 -0.0122261
v -12.16482 0.5746202 -0.0122261
v -12.16482 3.631108 -3.239877
v -12.16482 0.5746202 3.166521
v -12.16482 3.631108 6.320817
v -12.16482 0.5746202 6.320817
v -12.16482 3.631108 3.166521
v -12.16482 3.631108 -3.239877
v -12.16482 0.5746202 -6.36972
v -12.16482 3.631108 -6.36972
v -12.16482 0.5746202 -3.239877
v 0.0122261 3.631108 -0.0122261
v -1.968378 0.5746202 -0.0122261
v -1.968378 3.631108 -0.0122261
v 0.0122261 0.5746202 -0.0122261
v 0.0122261 0.5746202 -9.524015
v -3.288781 3.631108 -9.524015
v -3.288781 0.5746202 -9.524015
v 0.0122261 3.631108 -9.524015
v 5.97849 3.631108 9.45066
v 7.885738 0.5746202 9.45066
v 5.97849 0.5746202 9.45066
v 7.885738 3.631108 9.45066
v 9.45066 3.631108 -9.524015
v 6.663143 0.5746202 -9.524015
v 9.45066 0.5746202 -9.524015
v 6.663143 3.631108 -9.524015
v -6.051847 0.5746202 9.45066
v -8.056901 3.631108 9.45066
v -6.051847 3.631108 9.45066
v -8.056901 0.5746202 9.45066
v -9.377305 0.5746202 -9.524015
v -6.589787 3.631108 -9.524015
v -9.377305 3.631108 -9.524015
v -6.589787 0.5746202 -9.524015
v 4.04679 3.631108 2.432964
v 4.04679 0.5746202 4.829251
v 4.04679 0.5746202 2.432964
v 4.04679 3.631108 4.829251
v -3.997886 0.5746202 2.432964
v -3.997886 3.631108 4.829251
v -3.997886 3.631108 2.432964
v -3.997886 0.5746202 4.829251
v 7.885738 3.631108 9.45066
v 10.06196 0.5746202 9.45066
v 7.885738 0.5746202 9.45066
v 10.06196 3.631108 9.45066
v 4.04679 3.631108 4.829251
v 4.04679 0.5746202 7.176633
v 4.04679 0.5746202 4.829251
v 4.04679 3.631108 7.176633
v 12.18927 3.631108 3.166521
v 12.18927 0.5746202 -0.0122261
v 12.18927 0.5746202 3.166521
v 12.18927 3.631108 -0.0122261
v 12.18927 3.631108 9.45066
v 12.18927 0.5746202 6.320817
v 12.18927 0.5746202 9.45066
v 12.18927 3.631108 6.320817
v 12.18927 0.5746202 -9.524015
v 12.18927 3.631108 -6.36972
v 12.18927 3.631108 -9.524015
v 12.18927 0.5746202 -6.36972
v 4.04679 0.5746202 -0.0122261
v 2.041734 3.631108 -0.0122261
v 4.04679 3.631108 -0.0122261
v 2.041734 0.5746202 -0.0122261
v 6.663143 3.631108 -9.524015
v 3.337685 0.5746202 -9.524015
v 6.663143 0.5746202 -9.524015
v 3.337685 3.631108 -9.524015
v -8.056901 0.5746202 9.45066
v -10.13531 3.631108 9.45066
v -8.056901 3.631108 9.45066
v -10.13531 0.5746202 9.45066
v -3.997886 0.5746202 4.829251
v -3.997886 3.631108 7.176633
v -3.997886 3.631108 4.829251
v -3.997886 0.5746202 7.176633
v -12.16482 0.5746202 3.166521
v -12.16482 3.631108 -0.0122261
v -12.16482 3.631108 3.166521
v -12.16482 0.5746202 -0.0122261
v -12.16482 0.5746202 9.45066
v -12.16482 3.631108 6.320817
v -12.16482 3.631108 9.45066
v -12.16482 0.5746202 6.320817
v -12.16482 3.631108 -9.524015
v -12.16482 0.5746202 -6.36972
v -12.16482 0.5746202 -9.524015
v -12.16482 3.631108 -6.36972
v -3.997886 3.631108 -0.0122261
v -1.968378 0.5746202 -0.0122261
v -3.997886 0.5746202 -0.0122261
v -1.968378 3.631108 -0.0122261
v -6.589787 0.5746202 -9.524015
v -3.288781 3.631108 -9.524015
v -6.589787 3.631108 -9.524015
v -3.288781 0.5746202 -9.524015
v 4.04679 3.631108 9.45066
v 5.97849 0.5746202 9.45066
v 4.04679 0.5746202 9.45066
v 5.97849 3.631108 9.45066
v 12.18927 3.631108 -9.524015
v 9.45066 0.5746202 -9.524015
v 12.18927 0.5746202 -9.524015
v 9.45066 3.631108 -9.524015
v -3.997886 0.5746202 9.45066
v -6.051847 3.631108 9.45066
v -3.997886 3.631108 9.45066
v -6.051847 0.5746202 9.45066
v -12.16482 0.5746202 -9.524015
v -9.377305 3.631108 -9.524015
v -12.16482 3.631108 -9.524015
v -9.377305 0.5746202 -9.524015
v 4.04679 3.631108 -0.0122261
v 4.04679 0.5746202 2.432964
v 4.04679 0.5746202 -0.0122261
v 4.04679 3.631108 2.432964
v -3.997886 0.5746202 -0.0122261
v -3.997886 3.631108 2.432964
v -3.997886 3.631108 -0.0122261
v -3.997886 0.5746202 2.432964
vt 0.8371668 0.1479644
vt 0.8683172 0.003893799
vt 0.8683172 0.1479644
vt 0.8371668 0.003893799
vt 0.8060164 0.1479644
vt 0.7982289 0.05061939
vt 0.8060164 0.05061939
vt 0.7982289 0.1479644
vt 0.8060164 0.05061939
vt 0.7982289 0
vt 0.8060164 0
vt 0.7982289 0.05061939
vt 0.8527421 0.07398219
vt 0.7904413 0
vt 0.8527421 0
vt 0.7904413 0.07398219
vt 0.7904413 0
vt 0.8527421 0
vt 0.7904413 0
vt 0.8527421 0
vt 0.8527421 0.07398219
vt 0.8527421 0
vt 0.8527421 0.07398219
vt 0.8527421 0
vt 0.8527421 0.1479644
vt 0.8644235 0.2258404
vt 0.8644235 0.1479644
vt 0.8527421 0.2258404
vt 0.8644235 0.1479644
vt 0.8644235 0.2258404
vt 0.8683172 0.2258404
vt 0.8644235 0.1479644
vt 0.8683172 0.2258404
vt 0.8644235 0.1479644
vt 0.8644235 0.2258404
vt 0.8644235 0.1479644
vt 0.8644235 0.1479644
vt 0.8644235 0.2258404
vt 0.8683172 0.2258404
vt 0.8644235 0.1479644
vt 0.8644235 0.1479644
vt 0.8683172 0.2258404
vt 0.8644235 0.1479644
vt 0.8644235 0.2258404
vt 0.8644235 0.2258404
vt 0.8527421 0.1479644
vt 0.8527421 0.2258404
vt 0.8644235 0.1479644
vt 0.8644235 0.2258404
vt 0.8527421 0.1479644
vt 0.8527421 0.2258404
vt 0.8644235 0.1479644
vt 0.8644235 0.2258404
vt 0.8527421 0.1479644
vt 0.8527421 0.2258404
vt 0.8644235 0.1479644
vt 0.7943351 0.1207078
vt 0.7086715 0
vt 0.7943351 0
vt 0.7086715 0.1207078
vt 0.7943351 0
vt 0.7086715 0.1207078
vt 0.7943351 0.1207078
vt 0.7086715 0
vt 0.7943351 0
vt 0.7086715 0.1207078
vt 0.7943351 0.1207078
vt 0.7086715 0
vt 0.8371668 0
vt 0.7943351 0.1479644
vt 0.8371668 0.1479644
vt 0.7943351 0
vt 0.7086715 0.1207078
vt 0.7086715 0
vt 0.7943351 0.1207078
vt 0.8371668 0
vt 0.7943351 0.1479644
vt 0.8371668 0.1479644
vt 0.8644235 0.1479644
vt 0.8683172 0.2258404
vt 0.8644235 0.2258404
vt 0.8644235 0.1479644
vt 0.8527421 0.2258404
vt 0.8527421 0.1479644
vt 0.8527421 0.2258404
vt 0.8527421 0.1479644
vt 0.8527421 0.2258404
vt 0.8644235 0.1479644
vt 0.8644235 0.2258404
vt 0.8527421 0.1479644
vt 0.8527421 0.1479644
vt 0.8527421 0.2258404
vt 0.8527421 0.1479644
vt 0.8527421 0.2258404
vt 0.8683172 0.2258404
vt 0.8644235 0.1479644
vt 0.8644235 0.1479644
vt 0.8644235 0.2258404
vt 0.8644235 0.1479644
vt 0.8527421 0.2258404
vt 0.8527421 0.1479644
vt 0.8644235 0.2258404
vt 0.8527421 0.1479644
vt 0.8527421 0.2258404
vt 0.8527421 0.1479644
vt 0.8527421 0.2258404
vt 0.8644235 0.1479644
vt 0.8644235 0.2258404
vt 0.8644235 0.1479644
vt 0.8683172 0.2258404
vt 0.8644235 0.1479644
vt 0.8527421 0.2258404
vt 0.8527421 0.1479644
vt 0.8644235 0.2258404
vt 0.8527421 0.1479644
vt 0.8527421 0.2258404
vt 0.8527421 0.1479644
vt 0.8527421 0.2258404
vt 0.8683172 0.2258404
vt 0.8644235 0.1479644
vt 0.8644235 0.1479644
vt 0.8683172 0.2258404
vt 0.8644235 0.2258404
vt 0.8644235 0.1479644
vt 0.8644235 0.1479644
vt 0.8527421 0.2258404
vt 0.8527421 0.1479644
vt 0.8644235 0.2258404
vt 0.8644235 0.1479644
vt 0.8060164 0.155752
vt 0.8060164 0.1479644
vt 0.8644235 0.155752
vt 0.8060164 0.1479644
vt 0.8644235 0.1479644
vt 0.8060164 0.1479644
vt 0.8644235 0.1479644
vt 0.8060164 0.1479644
vt 0.8060164 0.1479644
vt 0.8644235 0.1479644
vt 0.8644235 0.1479644
vt 0.8060164 0.1479644
vt 0.8060164 0.1479644
vt 0.8644235 0.1479644
vt 0.8644235 0.155752
vt 0.8060164 0.155752
vt 0.8060164 0.155752
vt 0.8644235 0.155752
vt 0.8644235 0.155752
vt 0.8060164 0.155752
vt 0.8060164 0.155752
vt 0.8644235 0.1479644
vt 0.8644235 0.155752
vt 0.8060164 0.1479644
vt 0.8060164 0.155752
vt 0.8644235 0.155752
vt 0.8644235 0.155752
vt 0.8060164 0.155752
vt 0.8060164 0.1479644
vt 0.8644235 0.1479644
vt 0.8644235 0.1479644
vt 0.8060164 0.1479644
vt 0.8060164 0.1479644
vt 0.8644235 0.1479644
vt 0.8060164 0.1479644
vt 0.8644235 0.155752
vt 0.8644235 0.1479644
vt 0.8060164 0.155752
vt 0.8060164 0.1479644
vt 0.8644235 0.1479644
vt 0.8644235 0.1479644
vt 0.8060164 0.1479644
vt 0.8060164 0.1479644
vt 0.8644235 0.1479644
vt 0.8644235 0.1479644
vt 0.8060164 0.1479644
vt 0.8060164 0.155752
vt 0.8644235 0.155752
vt 0.8644235 0.155752
vt 0.8060164 0.155752
vt 0.8683172 0.2258404
vt 0.8644235 0.1479644
vt 0.8644235 0.2258404
vt 0.8644235 0.1479644
vt 0.8644235 0.2258404
vt 0.8644235 0.1479644
vt 0.8644235 0.1479644
vt 0.8683172 0.2258404
vt 0.8644235 0.2258404
vt 0.8527421 0.1479644
vt 0.8527421 0.2258404
vt 0.8644235 0.1479644
vt 0.8527421 0.1479644
vt 0.8644235 0.2258404
vt 0.8644235 0.1479644
vt 0.8527421 0.2258404
vt 0.7943351 0
vt 0.7086715 0.1207078
vt 0.7086715 0
vt 0.7943351 0.1207078
vt 0.8371668 0
vt 0.7943351 0.1479644
vt 0.8371668 0.1479644
vt 0.7086715 0.1207078
vt 0.7943351 0
vt 0.7943351 0.1207078
vt 0.7086715 0
vt 0.7943351 0.1479644
vt 0.8371668 0
vt 0.8371668 0.1479644
vt 0.8527421 0.2258404
vt 0.8527421 0.1479644
vt 0.8527421 0.1479644
vt 0.8527421 0.2258404
vt 0.8527421 0.2258404
vt 0.8527421 0.1479644
vt 0.8527421 0.2258404
vt 0.8527421 0.1479644
vt 0.8644235 0.1479644
vt 0.8644235 0.2258404
vt 0.8644235 0.1479644
vt 0.8683172 0.2258404
vt 0.8644235 0.1479644
vt 0.8683172 0.2258404
vt 0.8644235 0.2258404
vt 0.8644235 0.1479644
vt 0.8644235 0.1479644
vt 0.8527421 0.2258404
vt 0.8527421 0.1479644
vt 0.8644235 0.2258404
vt 0.8527421 0.2258404
vt 0.8644235 0.1479644
vt 0.8644235 0.2258404
vt 0.8527421 0.1479644
vt 0.7943351 0.1479644
vt 0.8371668 0.07398219
vt 0.8371668 0.1479644
vt 0.7943351 0.07398219
vt 0.7943351 0
vt 0.8371668 0
vt 0.7982289 0.1479644
vt 0.7943351 0.07398219
vt 0.7943351 0.1479644
vt 0.7982289 0.07398219
vt 0.7982289 0
vt 0.7943351 0
vt 0.8527421 0.2258404
vt 0.8644235 0.1479644
vt 0.8527421 0.1479644
vt 0.8644235 0.2258404
vt 0.8644235 0.1479644
vt 0.8683172 0.2258404
vt 0.8644235 0.1479644
vt 0.8644235 0.2258404
vt 0.7943351 0.1207078
vt 0.7086715 0.2453094
vt 0.7086715 0.1207078
vt 0.7943351 0.2453094
vt 0.8527421 0.1479644
vt 0.8527421 0.2258404
vt 0.8527421 0.1479644
vt 0.8527421 0.2258404
vt 0.8683172 0.2258404
vt 0.8644235 0.1479644
vt 0.8644235 0.1479644
vt 0.8644235 0.2258404
vt 0.8644235 0.1479644
vt 0.8527421 0.2258404
vt 0.8527421 0.1479644
vt 0.8644235 0.2258404
vt 0.8371668 0.1479644
vt 0.8683172 0.003893799
vt 0.8371668 0.003893799
vt 0.8683172 0.1479644
vt 0.8060164 0.1479644
vt 0.7982289 0.05061939
vt 0.7982289 0.1479644
vt 0.8060164 0.05061939
vt 0.8060164 0.05061939
vt 0.7982289 0
vt 0.7982289 0.05061939
vt 0.8060164 0
vt 0.7904413 0
vt 0.7904413 0.07398219
vt 0.7904413 0.07398219
vt 0.7904413 0
vt 0.8644235 0.2258404
vt 0.8527421 0.1479644
vt 0.8644235 0.1479644
vt 0.8527421 0.2258404
vt 0.8683172 0.2258404
vt 0.8644235 0.1479644
vt 0.8644235 0.2258404
vt 0.8644235 0.1479644
vt 0.8644235 0.1479644
vt 0.8644235 0.2258404
vt 0.8683172 0.2258404
vt 0.8644235 0.1479644
vt 0.8683172 0.2258404
vt 0.8644235 0.1479644
vt 0.8644235 0.2258404
vt 0.8644235 0.1479644
vt 0.8683172 0.2258404
vt 0.8644235 0.1479644
vt 0.8644235 0.1479644
vt 0.8644235 0.2258404
vt 0.8527421 0.2258404
vt 0.8644235 0.1479644
vt 0.8527421 0.1479644
vt 0.8644235 0.2258404
vt 0.8644235 0.1479644
vt 0.8527421 0.2258404
vt 0.8644235 0.2258404
vt 0.8527421 0.1479644
vt 0.8527421 0.2258404
vt 0.8644235 0.1479644
vt 0.8527421 0.1479644
vt 0.8644235 0.2258404
vt 0.7086715 0.1207078
vt 0.7943351 0
vt 0.7943351 0.1207078
vt 0.7086715 0
vt 0.7086715 0
vt 0.7943351 0.1207078
vt 0.7943351 0
vt 0.7086715 0.1207078
vt 0.8371668 0.1479644
vt 0.8371668 0
vt 0.7943351 0.1479644
vt 0.7086715 0.1207078
vt 0.7943351 0
vt 0.7943351 0.1207078
vt 0.7086715 0
vt 0.7943351 0.1479644
vt 0.8371668 0
vt 0.8371668 0.1479644
vt 0.7943351 0
vt 0.7086715 0.1207078
vt 0.7943351 0.1207078
vt 0.7086715 0
vt 0.8371668 0
vt 0.7943351 0.1479644
vt 0.8371668 0.1479644
vt 0.8527421 0.1479644
vt 0.8527421 0.2258404
vt 0.8527421 0.1479644
vt 0.8527421 0.2258404
vt 0.8644235 0.1479644
vt 0.8683172 0.2258404
vt 0.8644235 0.2258404
vt 0.8644235 0.1479644
vt 0.8644235 0.1479644
vt 0.8683172 0.2258404
vt 0.8644235 0.1479644
vt 0.8644235 0.2258404
vt 0.8527421 0.1479644
vt 0.8644235 0.2258404
vt 0.8527421 0.2258404
vt 0.8644235 0.1479644
vt 0.8527421 0.2258404
vt 0.8527421 0.1479644
vt 0.8527421 0.1479644
vt 0.8527421 0.2258404
vt 0.8683172 0.2258404
vt 0.8644235 0.1479644
vt 0.8644235 0.2258404
vt 0.8683172 0.2258404
vt 0.8644235 0.1479644
vt 0.8644235 0.1479644
vt 0.8644235 0.2258404
vt 0.8644235 0.1479644
vt 0.8527421 0.2258404
vt 0.8644235 0.1479644
vt 0.8527421 0.1479644
vt 0.8644235 0.2258404
vt 0.8527421 0.1479644
vt 0.8527421 0.2258404
vt 0.8527421 0.2258404
vt 0.8527421 0.1479644
vt 0.8644235 0.1479644
vt 0.8644235 0.2258404
vt 0.8683172 0.2258404
vt 0.8644235 0.1479644
vt 0.8644235 0.1479644
vt 0.8527421 0.2258404
vt 0.8644235 0.2258404
vt 0.8527421 0.1479644
vt 0.8527421 0.2258404
vt 0.8527421 0.1479644
vt 0.8527421 0.1479644
vt 0.8527421 0.2258404
vt 0.8683172 0.2258404
vt 0.8644235 0.1479644
vt 0.8644235 0.2258404
vt 0.8683172 0.2258404
vt 0.8644235 0.1479644
vt 0.8644235 0.1479644
vt 0.8527421 0.2258404
vt 0.8644235 0.1479644
vt 0.8527421 0.1479644
vt 0.8527421 0.2258404
vt 0.8644235 0.2258404
vt 0.8644235 0.1479644
vt 0.8644235 0.1479644
vt 0.8060164 0.1479644
vt 0.8644235 0.1479644
vt 0.8060164 0.1479644
vt 0.8644235 0.1479644
vt 0.8060164 0.1479644
vt 0.8644235 0.1479644
vt 0.8060164 0.1479644
vt 0.8644235 0.155752
vt 0.8060164 0.1479644
vt 0.8644235 0.1479644
vt 0.8060164 0.155752
vt 0.8060164 0.1479644
vt 0.8060164 0.1479644
vt 0.8644235 0.1479644
vt 0.8644235 0.1479644
vt 0.8644235 0.155752
vt 0.8060164 0.155752
vt 0.8644235 0.155752
vt 0.8644235 0.155752
vt 0.8060164 0.155752
vt 0.8060164 0.155752
vt 0.8060164 0.155752
vt 0.8644235 0.155752
vt 0.8060164 0.155752
vt 0.8644235 0.155752
vt 0.8060164 0.1479644
vt 0.8644235 0.155752
vt 0.8060164 0.155752
vt 0.8644235 0.1479644
vt 0.8060164 0.1479644
vt 0.8644235 0.1479644
vt 0.8060164 0.1479644
vt 0.8060164 0.1479644
vt 0.8644235 0.1479644
vt 0.8644235 0.1479644
vt 0.8060164 0.1479644
vt 0.8644235 0.1479644
vt 0.8060164 0.1479644
vt 0.8644235 0.1479644
vt 0.8060164 0.1479644
vt 0.8644235 0.1479644
vt 0.8060164 0.1479644
vt 0.8644235 0.1479644
vt 0.8060164 0.155752
vt 0.8644235 0.1479644
vt 0.8060164 0.1479644
vt 0.8644235 0.155752
vt 0.8060164 0.155752
vt 0.8644235 0.155752
vt 0.8060164 0.155752
vt 0.8644235 0.155752
vt 0.8644235 0.1479644
vt 0.8644235 0.2258404
vt 0.8683172 0.2258404
vt 0.8644235 0.1479644
vt 0.8644235 0.1479644
vt 0.8683172 0.2258404
vt 0.8644235 0.1479644
vt 0.8644235 0.2258404
vt 0.8644235 0.1479644
vt 0.8527421 0.2258404
vt 0.8644235 0.2258404
vt 0.8527421 0.1479644
vt 0.8527421 0.2258404
vt 0.8644235 0.1479644
vt 0.8527421 0.1479644
vt 0.8644235 0.2258404
vt 0.7943351 0
vt 0.7086715 0.1207078
vt 0.7943351 0.1207078
vt 0.7086715 0
vt 0.8371668 0
vt 0.7943351 0.1479644
vt 0.8371668 0.1479644
vt 0.7086715 0.1207078
vt 0.7943351 0
vt 0.7086715 0
vt 0.7943351 0.1207078
vt 0.7943351 0.1479644
vt 0.8371668 0
vt 0.8371668 0.1479644
vt 0.8527421 0.2258404
vt 0.8527421 0.1479644
vt 0.8527421 0.2258404
vt 0.8527421 0.1479644
vt 0.8527421 0.2258404
vt 0.8527421 0.1479644
vt 0.8527421 0.1479644
vt 0.8527421 0.2258404
vt 0.8644235 0.1479644
vt 0.8644235 0.2258404
vt 0.8683172 0.2258404
vt 0.8644235 0.1479644
vt 0.8644235 0.1479644
vt 0.8683172 0.2258404
vt 0.8644235 0.1479644
vt 0.8644235 0.2258404
vt 0.8644235 0.1479644
vt 0.8527421 0.2258404
vt 0.8644235 0.2258404
vt 0.8527421 0.1479644
vt 0.8527421 0.2258404
vt 0.8644235 0.1479644
vt 0.8527421 0.1479644
vt 0.8644235 0.2258404
vt 0.7943351 0
vt 0.8371668 0
vt 0.8371668 0
vt 0.8527421 0.1479644
vt 0.8644235 0.2258404
vt 0.8644235 0.1479644
vt 0.8527421 0.2258404
vt 0.8644235 0.2258404
vt 0.8644235 0.1479644
vt 0.8644235 0.1479644
vt 0.8683172 0.2258404
vt 0.7943351 0.1207078
vt 0.7086715 0
vt 0.7943351 0
vt 0.7086715 0.1207078
vt 0.8527421 0.1479644
vt 0.8527421 0.2258404
vt 0.8527421 0.2258404
vt 0.8527421 0.1479644
vt 0.8644235 0.1479644
vt 0.8527421 0.2258404
vt 0.8644235 0.2258404
vt 0.8527421 0.1479644
vt 0.8683172 0.2258404
vt 0.8644235 0.1479644
vt 0.8644235 0.2258404
vt 0.8644235 0.1479644
vt 0.8644235 0.1479644
vt 0.8644235 0.2258404
vt 0.8683172 0.2258404
vt 0.8644235 0.1479644
vt 0.8644235 0.2258404
vt 0.8527421 0.1479644
vt 0.8527421 0.2258404
vt 0.8644235 0.1479644
vt 0.8644235 0.2258404
vt 0.8527421 0.1479644
vt 0.8527421 0.2258404
vt 0.8644235 0.1479644
vt 0.7943351 0
vt 0.7086715 0.1207078
vt 0.7086715 0
vt 0.7943351 0.1207078
vt 0.7943351 0.1207078
vt 0.7086715 0
vt 0.7086715 0.1207078
vt 0.7943351 0
vt 0.8527421 0.2258404
vt 0.8527421 0.1479644
vt 0.8527421 0.1479644
vt 0.8527421 0.2258404
vt 0.8644235 0.1479644
vt 0.8644235 0.2258404
vt 0.8644235 0.1479644
vt 0.8683172 0.2258404
vt 0.8644235 0.1479644
vt 0.8527421 0.2258404
vt 0.8527421 0.1479644
vt 0.8644235 0.2258404
vt 0.8527421 0.1479644
vt 0.8527421 0.2258404
vt 0.8527421 0.1479644
vt 0.8527421 0.2258404
vt 0.8644235 0.1479644
vt 0.8644235 0.2258404
vt 0.8644235 0.1479644
vt 0.8683172 0.2258404
vt 0.8644235 0.1479644
vt 0.8527421 0.2258404
vt 0.8527421 0.1479644
vt 0.8644235 0.2258404
vt 0.8644235 0.2258404
vt 0.8644235 0.1479644
vt 0.8644235 0.1479644
vt 0.8683172 0.2258404
vt 0.8644235 0.1479644
vt 0.8683172 0.2258404
vt 0.8644235 0.1479644
vt 0.8644235 0.2258404
vt 0.8527421 0.1479644
vt 0.8644235 0.2258404
vt 0.8644235 0.1479644
vt 0.8527421 0.2258404
vt 0.8527421 0.1479644
vt 0.8644235 0.2258404
vt 0.8644235 0.1479644
vt 0.8527421 0.2258404
vt 0.7086715 0.1207078
vt 0.7943351 0
vt 0.7943351 0.1207078
vt 0.7086715 0
vt 0.7086715 0
vt 0.7943351 0.1207078
vt 0.7943351 0
vt 0.7086715 0.1207078
vt 0.8371668 0.1479644
vt 0.8371668 0
vt 0.7943351 0.1479644
vt 0.8527421 0.1479644
vt 0.8527421 0.2258404
vt 0.8527421 0.1479644
vt 0.8527421 0.2258404
vt 0.8644235 0.2258404
vt 0.8644235 0.1479644
vt 0.8644235 0.1479644
vt 0.8683172 0.2258404
vt 0.8527421 0.1479644
vt 0.8644235 0.2258404
vt 0.8644235 0.1479644
vt 0.8527421 0.2258404
vt 0.8527421 0.2258404
vt 0.8527421 0.1479644
vt 0.8527421 0.1479644
vt 0.8527421 0.2258404
vt 0.8644235 0.1479644
vt 0.8683172 0.2258404
vt 0.8644235 0.1479644
vt 0.8644235 0.2258404
vt 0.8527421 0.1479644
vt 0.8644235 0.2258404
vt 0.8644235 0.1479644
vt 0.8527421 0.2258404
vt 0.8644235 0.1479644
vt 0.8683172 0.2258404
vt 0.8644235 0.2258404
vt 0.8644235 0.1479644
vt 0.8527421 0.2258404
vt 0.8527421 0.1479644
vt 0.8527421 0.2258404
vt 0.8527421 0.1479644
vt 0.8527421 0.2258404
vt 0.8644235 0.1479644
vt 0.8644235 0.2258404
vt 0.8527421 0.1479644
vt 0.8527421 0.2258404
vt 0.8527421 0.1479644
vt 0.8527421 0.2258404
vt 0.8527421 0.1479644
vt 0.8527421 0.2258404
vt 0.8644235 0.1479644
vt 0.8644235 0.2258404
vt 0.8527421 0.1479644
vt 0.8527421 0.1479644
vt 0.8644235 0.2258404
vt 0.8644235 0.1479644
vt 0.8527421 0.2258404
vt 0.8644235 0.1479644
vt 0.8683172 0.2258404
vt 0.8644235 0.1479644
vt 0.8644235 0.2258404
vt 0.7943351 0.1207078
vt 0.7086715 0
vt 0.7086715 0.1207078
vt 0.7943351 0
vt 0.8371668 0.1479644
vt 0.7943351 0.1479644
vt 0.8371668 0
vt 0.8644235 0.2258404
vt 0.8527421 0.1479644
vt 0.8644235 0.1479644
vt 0.8527421 0.2258404
vt 0.8644235 0.1479644
vt 0.8644235 0.2258404
vt 0.8644235 0.1479644
vt 0.8683172 0.2258404
vt 0.7086715 0.1207078
vt 0.7943351 0
vt 0.7943351 0.1207078
vt 0.7086715 0
vt 0.7943351 0.1479644
vt 0.8371668 0
vt 0.8371668 0.1479644
vt 0.7943351 0.1479644
vt 0.8527421 0.2258404
vt 0.8527421 0.1479644
vt 0.7943351 0.2258404
vt 0.8527421 0.2258404
vt 0.7943351 0.1479644
vt 0.8527421 0.1479644
vt 0.7943351 0.2258404
vt 0.8527421 0.1479644
vt 0.7943351 0.2258404
vt 0.7943351 0.1479644
vt 0.8527421 0.2258404
vt 0.7943351 0.2258404
vt 0.8527421 0.1479644
vt 0.7943351 0.1479644
vt 0.8527421 0.2258404
vt 0.7943351 0.2258404
vt 0.8527421 0.1479644
vt 0.8527421 0.2258404
vt 0.7943351 0.1479644
vt 0.7943351 0.1479644
vt 0.8527421 0.2258404
vt 0.8527421 0.1479644
vt 0.7943351 0.2258404
vt 0.8527421 0.1479644
vt 0.7943351 0.2258404
vt 0.7943351 0.1479644
vt 0.8527421 0.2258404
vt 0.8527421 0.1479644
vt 0.7943351 0.2258404
vt 0.7943351 0.1479644
vt 0.8527421 0.2258404
vt 0.7943351 0.1479644
vt 0.8527421 0.2258404
vt 0.8527421 0.1479644
vt 0.7943351 0.2258404
vt 0.7943351 0.1479644
vt 0.8527421 0.2258404
vt 0.8527421 0.1479644
vt 0.7943351 0.2258404
vt 0.8527421 0.1479644
vt 0.7943351 0.2258404
vt 0.8527421 0.2258404
vt 0.7943351 0.1479644
vt 0.8527421 0.2258404
vt 0.7943351 0.1479644
vt 0.8527421 0.1479644
vt 0.7943351 0.2258404
vt 0.7943351 0.1479644
vt 0.8527421 0.2258404
vt 0.7943351 0.2258404
vt 0.8527421 0.1479644
vt 0.7943351 0.2258404
vt 0.8527421 0.1479644
vt 0.7943351 0.1479644
vt 0.8527421 0.2258404
vt 0.8527421 0.2258404
vt 0.7943351 0.1479644
vt 0.8527421 0.1479644
vt 0.7943351 0.2258404
vt 0.8527421 0.1479644
vt 0.7943351 0.2258404
vt 0.8527421 0.2258404
vt 0.7943351 0.1479644
vt 0.7943351 0.1479644
vt 0.8527421 0.2258404
vt 0.7943351 0.2258404
vt 0.8527421 0.1479644
vt 0.7943351 0.1479644
vt 0.8527421 0.2258404
vt 0.7943351 0.2258404
vt 0.8527421 0.1479644
vt 0.8527421 0.1479644
vt 0.7943351 0.2258404
vt 0.8527421 0.2258404
vt 0.7943351 0.1479644
vt 0.8527421 0.1479644
vt 0.7943351 0.2258404
vt 0.8527421 0.2258404
vt 0.7943351 0.1479644
vt 0.8371668 0
vt 0.7943351 0.1479644
vt 0.8371668 0.1479644
vt 0.7943351 0
vt 0.8371668 0.1479644
vt 0.7943351 0
vt 0.8371668 0
vt 0.7943351 0.1479644
vt 0.8371668 0.1479644
vt 0.7943351 0
vt 0.7943351 0.1479644
vt 0.8371668 0
vt 0.7943351 0
vt 0.8371668 0.1479644
vt 0.8371668 0
vt 0.7943351 0.1479644
vt 0.8371668 0
vt 0.7943351 0.1479644
vt 0.8371668 0.1479644
vt 0.7943351 0
vt 0.8371668 0.1479644
vt 0.7943351 0
vt 0.7943351 0.1479644
vt 0.8371668 0
vt 0.8371668 0
vt 0.7943351 0.1479644
vt 0.7943351 0
vt 0.8371668 0.1479644
vt 0.7943351 0
vt 0.8371668 0.1479644
vt 0.8371668 0
vt 0.7943351 0.1479644
vt 0.8410606 0.05061939
vt 0.7982289 0
vt 0.7982289 0.05061939
vt 0.8410606 0
vt 0.8410606 0
vt 0.7982289 0.05061939
vt 0.7982289 0
vt 0.8410606 0.05061939
vt 0.7086715 0.2453094
vt 0.7943351 0.1830086
vt 0.7943351 0.2453094
vt 0.7086715 0.1830086
vt 0.7086715 0.2453094
vt 0.7943351 0.1830086
vt 0.7943351 0.2453094
vt 0.7086715 0.1830086
vt 0.7943351 0.2453094
vt 0.7086715 0.1830086
vt 0.7086715 0.2453094
vt 0.7943351 0.1830086
vt 0.7943351 0.2453094
vt 0.7086715 0.1830086
vt 0.7086715 0.2453094
vt 0.7943351 0.1830086
vt 0.7086715 0.2453094
vt 0.7943351 0.1830086
vt 0.7943351 0.2453094
vt 0.7086715 0.1830086
vt 0.7982289 0.05061939
vt 0.8410606 0
vt 0.7982289 0
vt 0.8410606 0.05061939
vt 0.7982289 0.05061939
vt 0.8410606 0
vt 0.7982289 0
vt 0.8410606 0.05061939
vt 0.7943351 0.1830086
vt 0.7086715 0.2453094
vt 0.7943351 0.2453094
vt 0.7086715 0.1830086
vt 0.7943351 0.1830086
vt 0.7086715 0.2453094
vt 0.7943351 0.2453094
vt 0.7086715 0.1830086
vt 0.7086715 0.1830086
vt 0.7943351 0.2453094
vt 0.7086715 0.2453094
vt 0.7943351 0.1830086
vt 0.7086715 0.1830086
vt 0.7943351 0.2453094
vt 0.7086715 0.2453094
vt 0.7943351 0.1830086
vt 0.7943351 0.1830086
vt 0.7086715 0.2453094
vt 0.7943351 0.2453094
vt 0.7086715 0.1830086
vt 0.7086715 0.2453094
vt 0.7943351 0.1830086
vt 0.7943351 0.2453094
vt 0.7086715 0.1830086
vt 0.7086715 0.2453094
vt 0.7943351 0.1830086
vt 0.7943351 0.2453094
vt 0.7086715 0.1830086
vt 0.7943351 0.2453094
vt 0.7086715 0.1830086
vt 0.7086715 0.2453094
vt 0.7943351 0.1830086
vt 0.7943351 0.2453094
vt 0.7086715 0.1830086
vt 0.7086715 0.2453094
vt 0.7943351 0.1830086
vt 0.7086715 0.1830086
vt 0.7943351 0.2453094
vt 0.7943351 0.1830086
vt 0.7086715 0.2453094
vt 0.7943351 0.2453094
vt 0.7086715 0.1830086
vt 0.7086715 0.2453094
vt 0.7943351 0.1830086
vt 0.7086715 0.1830086
vt 0.7943351 0.2453094
vt 0.7943351 0.1830086
vt 0.7086715 0.2453094
vt 0.7086715 0.1830086
vt 0.7943351 0.2453094
vt 0.7943351 0.1830086
vt 0.7086715 0.2453094
vt 0.7086715 0.1830086
vt 0.7943351 0.2453094
vt 0.7943351 0.1830086
vt 0.7086715 0.2453094
vt 0.8410606 0.05061939
vt 0.7982289 0
vt 0.7982289 0.05061939
vt 0.8410606 0
vt 0.7982289 0
vt 0.8410606 0.05061939
vt 0.8410606 0
vt 0.7982289 0.05061939
vt 0.7982289 0
vt 0.8410606 0.05061939
vt 0.8410606 0
vt 0.7982289 0.05061939
vt 0.7086715 0.1830086
vt 0.7943351 0.2453094
vt 0.7943351 0.1830086
vt 0.7086715 0.2453094
vt 0.7943351 0.1830086
vt 0.7086715 0.2453094
vt 0.7086715 0.1830086
vt 0.7943351 0.2453094
vt 0.7943351 0.1830086
vt 0.7086715 0.2453094
vt 0.7086715 0.1830086
vt 0.7943351 0.2453094
vt 0.7943351 0.1830086
vt 0.7086715 0.2453094
vt 0.7086715 0.1830086
vt 0.7943351 0.2453094
vt 0.7982289 0.05061939
vt 0.8410606 0
vt 0.8410606 0.05061939
vt 0.7982289 0
vt 0.8410606 0
vt 0.7982289 0.05061939
vt 0.7982289 0
vt 0.8410606 0.05061939
vt 0.8410606 0.05061939
vt 0.7982289 0
vt 0.7982289 0.05061939
vt 0.8410606 0
vt 0.7943351 0.1830086
vt 0.7086715 0.2453094
vt 0.7086715 0.1830086
vt 0.7943351 0.2453094
vt 0.8410606 0.05061939
vt 0.7982289 0
vt 0.7982289 0.05061939
vt 0.8410606 0
vt 0.8410606 0
vt 0.7982289 0.05061939
vt 0.7982289 0
vt 0.8410606 0.05061939
vt 0.7982289 0
vt 0.8410606 0.05061939
vt 0.8410606 0
vt 0.7982289 0.05061939
vt 0.7982289 0.05061939
vt 0.8410606 0
vt 0.8410606 0.05061939
vt 0.7982289 0
vt 0.8410606 0
vt 0.7982289 0.05061939
vt 0.7982289 0
vt 0.8410606 0.05061939
vt 0.7982289 0
vt 0.8410606 0.05061939
vt 0.8410606 0
vt 0.7982289 0.05061939
vn 0.04761302 -0.04761302 0.9977304
vn 0.04761302 -0.04761302 0.9977304
vn 0.04761302 -0.04761302 0.9977304
vn 0.04761302 -0.04761302 0.9977304
vn 0.01587099 0.999874 -0.000345267
vn 0.01587099 0.999874 -0.000345267
vn 0.01587099 0.999874 -0.000345267
vn 0.01587099 0.999874 -0.000345267
vn -0.999874 -0.01587099 -0.000346655
vn -0.999874 -0.01587099 -0.000346655
vn -0.999874 -0.01587099 -0.000346655
vn -0.999874 -0.01587099 -0.000346655
vn 0.04761302 0.7141957 0.6983248
vn 0.04761302 0.7141957 0.6983248
vn 0.04761302 0.7141957 0.6983248
vn 0.04761302 0.7141957 0.6983248
vn 0.01587099 0.999874 -0.000345267
vn 0.01587099 0.999874 -0.000345267
vn 0.01587099 0.999874 -0.000345267
vn 0.01587099 0.999874 -0.000345267
vn 0.999874 -0.01587099 -0.000346655
vn 0.999874 -0.01587099 -0.000346655
vn 0.999874 -0.01587099 -0.000346655
vn 0.999874 -0.01587099 -0.000346655
vn -0.2316205 -0.9728062 0
vn -0.2316205 -0.9728062 0
vn -0.2316205 -0.9728062 0
vn -0.2316205 -0.9728062 0
vn 0.04756513 -0.9988682 0
vn 0.04756513 -0.9988682 0
vn 0.04756513 -0.9988682 0
vn 0.04756513 -0.9988682 0
vn 0.3255129 -0.9455375 0
vn 0.3255129 -0.9455375 0
vn 0.3255129 -0.9455375 0
vn 0.3255129 -0.9455375 0
vn 0.04756513 -0.9988682 0
vn 0.04756513 -0.9988682 0
vn 0.04756513 -0.9988682 0
vn 0.04756513 -0.9988682 0
vn -0.999874 -0.01587099 -0.000346655
vn -0.999874 -0.01587099 -0.000346655
vn -0.999874 -0.01587099 -0.000346655
vn -0.999874 -0.01587099 -0.000346655
vn 0.04761302 -0.04761302 0.9977304
vn 0.04761302 -0.04761302 0.9977304
vn 0.04761302 -0.04761302 0.9977304
vn 0.04761302 -0.04761302 0.9977304
vn 0.999874 -0.01587099 -0.000346655
vn 0.999874 -0.01587099 -0.000346655
vn 0.999874 -0.01587099 -0.000346655
vn 0.999874 -0.01587099 -0.000346655
vn 0.04761302 -0.04761302 -0.9977304
vn 0.04761302 -0.04761302 -0.9977304
vn 0.04761302 -0.04761302 -0.9977304
vn 0.04761302 -0.04761302 -0.9977304
vn 0.04761302 -0.04761302 0.9977304
vn 0.04761302 -0.04761302 0.9977304
vn 0.04761302 -0.04761302 0.9977304
vn 0.04761302 -0.04761302 0.9977304
vn 0.04761302 -0.04761302 -0.9977304
vn 0.04761302 -0.04761302 -0.9977304
vn 0.04761302 -0.04761302 -0.9977304
vn 0.04761302 -0.04761302 -0.9977304
vn -0.999874 -0.01587099 -0.000346655
vn -0.999874 -0.01587099 -0.000346655
vn -0.999874 -0.01587099 -0.000346655
vn -0.999874 -0.01587099 -0.000346655
vn -0.999874 -0.01587099 -0.000346655
vn -0.999874 -0.01587099 -0.000346655
vn -0.999874 -0.01587099 -0.000346655
vn 0.999874 -0.01587099 -0.000346655
vn 0.999874 -0.01587099 -0.000346655
vn 0.999874 -0.01587099 -0.000346655
vn 0.999874 -0.01587099 -0.000346655
vn 0.999874 -0.01587099 -0.000346655
vn 0.999874 -0.01587099 -0.000346655
vn 0.999874 -0.01587099 -0.000346655
vn 0.01587099 0.999874 -0.000345267
vn 0.01587099 0.999874 -0.000345267
vn 0.01587099 0.999874 -0.000345267
vn 0.01587099 0.999874 -0.000345267
vn 0.01587099 -0.999874 -0.000345267
vn 0.01587099 -0.999874 -0.000345267
vn 0.01587099 -0.999874 -0.000345267
vn 0.01587099 -0.999874 -0.000345267
vn -0.999874 -0.01587099 -0.000346655
vn -0.999874 -0.01587099 -0.000346655
vn -0.999874 -0.01587099 -0.000346655
vn -0.999874 -0.01587099 -0.000346655
vn 0.01587099 0.999874 -0.000345267
vn 0.01587099 0.999874 -0.000345267
vn 0.01587099 0.999874 -0.000345267
vn 0.01587099 0.999874 -0.000345267
vn 0.01587099 -0.999874 -0.000345267
vn 0.01587099 -0.999874 -0.000345267
vn 0.01587099 -0.999874 -0.000345267
vn 0.01587099 -0.999874 -0.000345267
vn 0.04761302 -0.04761302 0.9977304
vn 0.04761302 -0.04761302 0.9977304
vn 0.04761302 -0.04761302 0.9977304
vn 0.04761302 -0.04761302 0.9977304
vn 0.01587099 0.999874 -0.000345267
vn 0.01587099 0.999874 -0.000345267
vn 0.01587099 0.999874 -0.000345267
vn 0.01587099 0.999874 -0.000345267
vn 0.01587099 -0.999874 -0.000345267
vn 0.01587099 -0.999874 -0.000345267
vn 0.01587099 -0.999874 -0.000345267
vn 0.01587099 -0.999874 -0.000345267
vn 0.999874 -0.01587099 -0.000346655
vn 0.999874 -0.01587099 -0.000346655
vn 0.999874 -0.01587099 -0.000346655
vn 0.999874 -0.01587099 -0.000346655
vn 0.01587099 0.999874 -0.000345267
vn 0.01587099 0.999874 -0.000345267
vn 0.01587099 0.999874 -0.000345267
vn 0.01587099 0.999874 -0.000345267
vn 0.01587099 -0.999874 -0.000345267
vn 0.01587099 -0.999874 -0.000345267
vn 0.01587099 -0.999874 -0.000345267
vn 0.01587099 -0.999874 -0.000345267
vn 0.01587099 -0.999874 -0.000345267
vn 0.01587099 -0.999874 -0.000345267
vn 0.04761302 -0.04761302 -0.9977304
vn 0.04761302 -0.04761302 -0.9977304
vn 0.04761302 -0.04761302 -0.9977304
vn 0.04761302 -0.04761302 -0.9977304
vn -0.968132 -0.04761302 -0.2458728
vn -0.968132 -0.04761302 -0.2458728
vn -0.968132 -0.04761302 -0.2458728
vn -0.968132 -0.04761302 -0.2458728
vn -0.968132 -0.04761302 -0.2458728
vn -0.968132 -0.04761302 -0.2458728
vn -0.968132 -0.04761302 -0.2458728
vn 0.04761302 -0.04761302 -0.9977304
vn 0.04761302 -0.04761302 -0.9977304
vn 0.04761302 -0.04761302 -0.9977304
vn 0.04761302 -0.04761302 -0.9977304
vn 0.999874 -0.01587099 -0.000346655
vn 0.999874 -0.01587099 -0.000346655
vn 0.999874 -0.01587099 -0.000346655
vn 0.999874 -0.01587099 -0.000346655
vn 0.04761302 -0.04761302 0.9977304
vn 0.04761302 -0.04761302 0.9977304
vn 0.04761302 -0.04761302 0.9977304
vn 0.04761302 -0.04761302 0.9977304
vn 0.04761302 -0.04761302 0.9977304
vn 0.04761302 -0.04761302 0.9977304
vn 0.04761302 0.7459378 0.6643115
vn 0.04761302 0.7459378 0.6643115
vn 0.04761302 0.7459378 0.6643115
vn 0.04761302 0.7459378 0.6643115
vn 0.999874 -0.01587099 -0.000346655
vn 0.999874 -0.01587099 -0.000346655
vn 0.999874 -0.01587099 -0.000346655
vn 0.999874 -0.01587099 -0.000346655
vn 0.04761302 -0.8094218 -0.5852943
vn 0.04761302 -0.8094218 -0.5852943
vn 0.04761302 -0.8094218 -0.5852943
vn 0.04761302 -0.8094218 -0.5852943
vn 0.04761302 -0.8094218 -0.5852943
vn 0.04761302 -0.8094218 -0.5852943
vn -0.999874 -0.01587099 -0.000346655
vn -0.999874 -0.01587099 -0.000346655
vn -0.999874 -0.01587099 -0.000346655
vn -0.999874 -0.01587099 -0.000346655
vn 0.04761302 -0.04761302 0.9977304
vn 0.04761302 -0.04761302 0.9977304
vn 0.04761302 -0.04761302 0.9977304
vn 0.04761302 -0.04761302 0.9977304
vn 0.999874 -0.01587099 -0.000346655
vn 0.999874 -0.01587099 -0.000346655
vn 0.999874 -0.01587099 -0.000346655
vn 0.999874 -0.01587099 -0.000346655
vn 0.04761302 -0.04761302 -0.9977304
vn 0.04761302 -0.04761302 -0.9977304
vn 0.04761302 -0.04761302 -0.9977304
vn 0.04761302 -0.04761302 -0.9977304
vn 0.3255129 -0.9455375 0
vn 0.3255129 -0.9455375 0
vn 0.3255129 -0.9455375 0
vn 0.3255129 -0.9455375 0
vn 0.3255129 -0.9455375 0
vn 0.3255129 -0.9455375 0
vn 0.3255129 -0.9455375 0
vn 0.3255129 -0.9455375 0
vn 0.999874 -0.01587099 -0.000346655
vn 0.999874 -0.01587099 -0.000346655
vn 0.999874 -0.01587099 -0.000346655
vn 0.999874 -0.01587099 -0.000346655
vn 0.999874 -0.01587099 -0.000346655
vn 0.999874 -0.01587099 -0.000346655
vn 0.999874 -0.01587099 -0.000346655
vn 0.999874 -0.01587099 -0.000346655
vn 0.999874 -0.01587099 -0.000346655
vn 0.999874 -0.01587099 -0.000346655
vn 0.999874 -0.01587099 -0.000346655
vn 0.999874 -0.01587099 -0.000346655
vn 0.999874 -0.01587099 -0.000346655
vn 0.999874 -0.01587099 -0.000346655
vn 0.999874 -0.01587099 -0.000346655
vn 0.999874 -0.01587099 -0.000346655
vn 0.999874 -0.01587099 -0.000346655
vn 0.999874 -0.01587099 -0.000346655
vn 0.999874 -0.01587099 -0.000346655
vn 0.999874 -0.01587099 -0.000346655
vn 0.999874 -0.01587099 -0.000346655
vn 0.999874 -0.01587099 -0.000346655
vn 0.01587099 0.999874 -0.000345267
vn 0.01587099 0.999874 -0.000345267
vn 0.01587099 0.999874 -0.000345267
vn 0.01587099 0.999874 -0.000345267
vn 0.01587099 0.999874 -0.000345267
vn 0.01587099 0.999874 -0.000345267
vn 0.01587099 0.999874 -0.000345267
vn 0.01587099 0.999874 -0.000345267
vn 0.01587099 -0.999874 -0.000345267
vn 0.01587099 -0.999874 -0.000345267
vn 0.01587099 -0.999874 -0.000345267
vn 0.01587099 -0.999874 -0.000345267
vn 0.01587099 -0.999874 -0.000345267
vn 0.01587099 -0.999874 -0.000345267
vn 0.01587099 -0.999874 -0.000345267
vn 0.01587099 -0.999874 -0.000345267
vn 0.999874 -0.01587099 -0.000346655
vn 0.999874 -0.01587099 -0.000346655
vn 0.999874 -0.01587099 -0.000346655
vn 0.999874 -0.01587099 -0.000346655
vn 0.999874 -0.01587099 -0.000346655
vn 0.999874 -0.01587099 -0.000346655
vn 0.999874 -0.01587099 -0.000346655
vn 0.999874 -0.01587099 -0.000346655
vn 0.01587099 0.999874 -0.000345267
vn 0.01587099 0.999874 -0.000345267
vn 0.01587099 0.999874 -0.000345267
vn 0.01587099 0.999874 -0.000345267
vn 0.01587099 0.999874 -0.000345267
vn 0.01587099 0.999874 -0.000345267
vn 0.04761302 -0.04761302 0.9977304
vn 0.04761302 -0.04761302 0.9977304
vn 0.04761302 -0.04761302 0.9977304
vn 0.04761302 -0.04761302 0.9977304
vn 0.04761302 -0.04761302 0.9977304
vn 0.04761302 -0.04761302 0.9977304
vn 0.04756513 -0.9988682 0
vn 0.04756513 -0.9988682 0
vn 0.04756513 -0.9988682 0
vn 0.04756513 -0.9988682 0
vn 0.04761302 -0.04761302 0.9977304
vn 0.04761302 -0.04761302 0.9977304
vn 0.04761302 -0.04761302 0.9977304
vn 0.04761302 -0.04761302 0.9977304
vn 0.04761302 -0.04761302 0.9977304
vn 0.04761302 -0.04761302 0.9977304
vn 0.04761302 -0.04761302 0.9977304
vn 0.04761302 -0.04761302 0.9977304
vn 0.01587099 0.999874 -0.000345267
vn 0.01587099 0.999874 -0.000345267
vn 0.01587099 0.999874 -0.000345267
vn 0.01587099 0.999874 -0.000345267
vn 0.01587099 -0.999874 -0.000345267
vn 0.01587099 -0.999874 -0.000345267
vn 0.01587099 -0.999874 -0.000345267
vn 0.01587099 -0.999874 -0.000345267
vn 0.04761302 -0.04761302 0.9977304
vn 0.04761302 -0.04761302 0.9977304
vn 0.04761302 -0.04761302 0.9977304
vn 0.04761302 -0.04761302 0.9977304
vn 0.04761302 -0.04761302 0.9977304
vn 0.04761302 -0.04761302 0.9977304
vn 0.04761302 -0.04761302 0.9977304
vn 0.04761302 -0.04761302 0.9977304
vn 0.01587099 0.999874 -0.000345267
vn 0.01587099 0.999874 -0.000345267
vn 0.01587099 0.999874 -0.000345267
vn 0.01587099 0.999874 -0.000345267
vn 0.999874 -0.01587099 -0.000346655
vn 0.999874 -0.01587099 -0.000346655
vn 0.999874 -0.01587099 -0.000346655
vn 0.999874 -0.01587099 -0.000346655
vn -0.999874 -0.01587099 -0.000346655
vn -0.999874 -0.01587099 -0.000346655
vn -0.999874 -0.01587099 -0.000346655
vn -0.999874 -0.01587099 -0.000346655
vn 0.2973836 -0.954758 0
vn 0.2973836 -0.954758 0
vn 0.2973836 -0.954758 0
vn 0.2973836 -0.954758 0
vn 0.04756513 -0.9988682 0
vn 0.04756513 -0.9988682 0
vn 0.04756513 -0.9988682 0
vn 0.04756513 -0.9988682 0
vn -0.2684583 -0.9632913 0
vn -0.2684583 -0.9632913 0
vn -0.2684583 -0.9632913 0
vn -0.2684583 -0.9632913 0
vn 0.04756513 -0.9988682 0
vn 0.04756513 -0.9988682 0
vn 0.04756513 -0.9988682 0
vn 0.04756513 -0.9988682 0
vn 0.999874 -0.01587099 -0.000346655
vn 0.999874 -0.01587099 -0.000346655
vn 0.999874 -0.01587099 -0.000346655
vn 0.999874 -0.01587099 -0.000346655
vn 0.04761302 -0.04761302 0.9977304
vn 0.04761302 -0.04761302 0.9977304
vn 0.04761302 -0.04761302 0.9977304
vn 0.04761302 -0.04761302 0.9977304
vn -0.999874 -0.01587099 -0.000346655
vn -0.999874 -0.01587099 -0.000346655
vn -0.999874 -0.01587099 -0.000346655
vn -0.999874 -0.01587099 -0.000346655
vn 0.04761302 -0.04761302 -0.9977304
vn 0.04761302 -0.04761302 -0.9977304
vn 0.04761302 -0.04761302 -0.9977304
vn 0.04761302 -0.04761302 -0.9977304
vn 0.04761302 -0.04761302 0.9977304
vn 0.04761302 -0.04761302 0.9977304
vn 0.04761302 -0.04761302 0.9977304
vn 0.04761302 -0.04761302 0.9977304
vn 0.04761302 -0.04761302 -0.9977304
vn 0.04761302 -0.04761302 -0.9977304
vn 0.04761302 -0.04761302 -0.9977304
vn 0.04761302 -0.04761302 -0.9977304
vn 0.04761302 -0.04761302 -0.9977304
vn 0.04761302 -0.04761302 -0.9977304
vn 0.04761302 -0.04761302 -0.9977304
vn 0.999874 -0.01587099 -0.000346655
vn 0.999874 -0.01587099 -0.000346655
vn 0.999874 -0.01587099 -0.000346655
vn 0.999874 -0.01587099 -0.000346655
vn 0.999874 -0.01587099 -0.000346655
vn 0.999874 -0.01587099 -0.000346655
vn 0.999874 -0.01587099 -0.000346655
vn -0.999874 -0.01587099 -0.000346655
vn -0.999874 -0.01587099 -0.000346655
vn -0.999874 -0.01587099 -0.000346655
vn -0.999874 -0.01587099 -0.000346655
vn -0.999874 -0.01587099 -0.000346655
vn -0.999874 -0.01587099 -0.000346655
vn -0.999874 -0.01587099 -0.000346655
vn 0.01587099 0.999874 -0.000345267
vn 0.01587099 0.999874 -0.000345267
vn 0.01587099 0.999874 -0.000345267
vn 0.01587099 0.999874 -0.000345267
vn 0.01587099 -0.999874 -0.000345267
vn 0.01587099 -0.999874 -0.000345267
vn 0.01587099 -0.999874 -0.000345267
vn 0.01587099 -0.999874 -0.000345267
vn 0.01587099 -0.999874 -0.000345267
vn 0.01587099 -0.999874 -0.000345267
vn 0.01587099 -0.999874 -0.000345267
vn 0.01587099 -0.999874 -0.000345267
vn 0.999874 -0.01587099 -0.000346655
vn 0.999874 -0.01587099 -0.000346655
vn 0.999874 -0.01587099 -0.000346655
vn 0.999874 -0.01587099 -0.000346655
vn 0.01587099 0.999874 -0.000345267
vn 0.01587099 0.999874 -0.000345267
vn 0.01587099 0.999874 -0.000345267
vn 0.01587099 0.999874 -0.000345267
vn 0.01587099 -0.999874 -0.000345267
vn 0.01587099 -0.999874 -0.000345267
vn 0.01587099 -0.999874 -0.000345267
vn 0.01587099 -0.999874 -0.000345267
vn 0.01587099 -0.999874 -0.000345267
vn 0.01587099 -0.999874 -0.000345267
vn 0.01587099 -0.999874 -0.000345267
vn 0.01587099 -0.999874 -0.000345267
vn 0.04761302 -0.04761302 0.9977304
vn 0.04761302 -0.04761302 0.9977304
vn 0.04761302 -0.04761302 0.9977304
vn 0.04761302 -0.04761302 0.9977304
vn 0.01587099 0.999874 -0.000345267
vn 0.01587099 0.999874 -0.000345267
vn 0.01587099 0.999874 -0.000345267
vn 0.01587099 0.999874 -0.000345267
vn 0.01587099 -0.999874 -0.000345267
vn 0.01587099 -0.999874 -0.000345267
vn 0.01587099 -0.999874 -0.000345267
vn 0.01587099 -0.999874 -0.000345267
vn -0.999874 -0.01587099 -0.000346655
vn -0.999874 -0.01587099 -0.000346655
vn -0.999874 -0.01587099 -0.000346655
vn -0.999874 -0.01587099 -0.000346655
vn 0.01587099 0.999874 -0.000345267
vn 0.01587099 0.999874 -0.000345267
vn 0.01587099 0.999874 -0.000345267
vn 0.01587099 0.999874 -0.000345267
vn 0.01587099 -0.999874 -0.000345267
vn 0.01587099 -0.999874 -0.000345267
vn 0.01587099 -0.999874 -0.000345267
vn 0.01587099 -0.999874 -0.000345267
vn 0.01587099 -0.999874 -0.000345267
vn 0.01587099 -0.999874 -0.000345267
vn 0.04761302 -0.04761302 -0.9977304
vn 0.04761302 -0.04761302 -0.9977304
vn 0.04761302 -0.04761302 -0.9977304
vn 0.04761302 -0.04761302 -0.9977304
vn 0.04761302 -0.04761302 -0.9977304
vn 0.04761302 -0.04761302 -0.9977304
vn 0.999874 -0.01587099 -0.000346655
vn 0.999874 -0.01587099 -0.000346655
vn 0.999874 -0.01587099 -0.000346655
vn 0.999874 -0.01587099 -0.000346655
vn 0.04761302 -0.04761302 -0.9977304
vn 0.04761302 -0.04761302 -0.9977304
vn 0.04761302 -0.04761302 -0.9977304
vn 0.04761302 -0.04761302 -0.9977304
vn -0.999874 -0.01587099 -0.000346655
vn -0.999874 -0.01587099 -0.000346655
vn -0.999874 -0.01587099 -0.000346655
vn -0.999874 -0.01587099 -0.000346655
vn -0.999874 -0.01587099 -0.000346655
vn -0.999874 -0.01587099 -0.000346655
vn -0.999874 -0.01587099 -0.000346655
vn -0.999874 -0.01587099 -0.000346655
vn 0.04761302 -0.04761302 0.9977304
vn 0.04761302 -0.04761302 0.9977304
vn 0.04761302 -0.04761302 0.9977304
vn 0.04761302 -0.04761302 0.9977304
vn 0.04761302 -0.04761302 0.9977304
vn 0.04761302 -0.04761302 0.9977304
vn 0.999874 -0.01587099 -0.000346655
vn 0.999874 -0.01587099 -0.000346655
vn 0.999874 -0.01587099 -0.000346655
vn 0.999874 -0.01587099 -0.000346655
vn 0.04761302 0.7459378 0.6643115
vn 0.04761302 0.7459378 0.6643115
vn 0.04761302 0.7459378 0.6643115
vn 0.04761302 0.7459378 0.6643115
vn 0.04761302 -0.8094218 -0.5852943
vn 0.04761302 -0.8094218 -0.5852943
vn 0.04761302 -0.8094218 -0.5852943
vn 0.04761302 -0.8094218 -0.5852943
vn 0.04761302 -0.8094218 -0.5852943
vn 0.04761302 -0.8094218 -0.5852943
vn 0.999874 -0.01587099 -0.000346655
vn 0.999874 -0.01587099 -0.000346655
vn 0.999874 -0.01587099 -0.000346655
vn 0.999874 -0.01587099 -0.000346655
vn 0.04761302 -0.04761302 0.9977304
vn 0.04761302 -0.04761302 0.9977304
vn 0.04761302 -0.04761302 0.9977304
vn 0.04761302 -0.04761302 0.9977304
vn -0.999874 -0.01587099 -0.000346655
vn -0.999874 -0.01587099 -0.000346655
vn -0.999874 -0.01587099 -0.000346655
vn -0.999874 -0.01587099 -0.000346655
vn 0.04761302 -0.04761302 -0.9977304
vn 0.04761302 -0.04761302 -0.9977304
vn 0.04761302 -0.04761302 -0.9977304
vn 0.04761302 -0.04761302 -0.9977304
vn -0.2684583 -0.9632913 0
vn -0.2684583 -0.9632913 0
vn -0.2684583 -0.9632913 0
vn -0.2684583 -0.9632913 0
vn -0.2684583 -0.9632913 0
vn -0.2684583 -0.9632913 0
vn -0.2684583 -0.9632913 0
vn -0.2684583 -0.9632913 0
vn -0.999874 -0.01587099 -0.000346655
vn -0.999874 -0.01587099 -0.000346655
vn -0.999874 -0.01587099 -0.000346655
vn -0.999874 -0.01587099 -0.000346655
vn -0.999874 -0.01587099 -0.000346655
vn -0.999874 -0.01587099 -0.000346655
vn -0.999874 -0.01587099 -0.000346655
vn -0.999874 -0.01587099 -0.000346655
vn -0.999874 -0.01587099 -0.000346655
vn -0.999874 -0.01587099 -0.000346655
vn -0.999874 -0.01587099 -0.000346655
vn -0.999874 -0.01587099 -0.000346655
vn -0.999874 -0.01587099 -0.000346655
vn -0.999874 -0.01587099 -0.000346655
vn -0.999874 -0.01587099 -0.000346655
vn -0.999874 -0.01587099 -0.000346655
vn -0.999874 -0.01587099 -0.000346655
vn -0.999874 -0.01587099 -0.000346655
vn -0.999874 -0.01587099 -0.000346655
vn -0.999874 -0.01587099 -0.000346655
vn -0.999874 -0.01587099 -0.000346655
vn -0.999874 -0.01587099 -0.000346655
vn 0.01587099 0.999874 -0.000345267
vn 0.01587099 0.999874 -0.000345267
vn 0.01587099 0.999874 -0.000345267
vn 0.01587099 0.999874 -0.000345267
vn 0.01587099 0.999874 -0.000345267
vn 0.01587099 0.999874 -0.000345267
vn 0.01587099 0.999874 -0.000345267
vn 0.01587099 0.999874 -0.000345267
vn 0.01587099 -0.999874 -0.000345267
vn 0.01587099 -0.999874 -0.000345267
vn 0.01587099 -0.999874 -0.000345267
vn 0.01587099 -0.999874 -0.000345267
vn 0.01587099 -0.999874 -0.000345267
vn 0.01587099 -0.999874 -0.000345267
vn 0.01587099 -0.999874 -0.000345267
vn 0.01587099 -0.999874 -0.000345267
vn -0.999874 -0.01587099 -0.000346655
vn -0.999874 -0.01587099 -0.000346655
vn -0.999874 -0.01587099 -0.000346655
vn -0.999874 -0.01587099 -0.000346655
vn -0.999874 -0.01587099 -0.000346655
vn -0.999874 -0.01587099 -0.000346655
vn -0.999874 -0.01587099 -0.000346655
vn -0.999874 -0.01587099 -0.000346655
vn 0.01587099 0.999874 -0.000345267
vn 0.01587099 0.999874 -0.000345267
vn 0.01587099 0.999874 -0.000345267
vn 0.04756513 -0.9988682 0
vn 0.04756513 -0.9988682 0
vn 0.04756513 -0.9988682 0
vn 0.04756513 -0.9988682 0
vn 0.04761302 -0.04761302 0.9977304
vn 0.04761302 -0.04761302 0.9977304
vn 0.04761302 -0.04761302 0.9977304
vn 0.04761302 -0.04761302 0.9977304
vn 0.04761302 -0.04761302 0.9977304
vn 0.04761302 -0.04761302 0.9977304
vn 0.04761302 -0.04761302 0.9977304
vn 0.04761302 -0.04761302 0.9977304
vn 0.01587099 0.999874 -0.000345267
vn 0.01587099 0.999874 -0.000345267
vn 0.01587099 0.999874 -0.000345267
vn 0.01587099 0.999874 -0.000345267
vn 0.04761302 -0.04761302 0.9977304
vn 0.04761302 -0.04761302 0.9977304
vn 0.04761302 -0.04761302 0.9977304
vn 0.04761302 -0.04761302 0.9977304
vn 0.04756513 -0.9988682 0
vn 0.04756513 -0.9988682 0
vn 0.04756513 -0.9988682 0
vn 0.04756513 -0.9988682 0
vn 0.04756513 -0.9988682 0
vn 0.04756513 -0.9988682 0
vn 0.04756513 -0.9988682 0
vn 0.04756513 -0.9988682 0
vn 0.04761302 -0.04761302 0.9977304
vn 0.04761302 -0.04761302 0.9977304
vn 0.04761302 -0.04761302 0.9977304
vn 0.04761302 -0.04761302 0.9977304
vn 0.04761302 -0.04761302 -0.9977304
vn 0.04761302 -0.04761302 -0.9977304
vn 0.04761302 -0.04761302 -0.9977304
vn 0.04761302 -0.04761302 -0.9977304
vn 0.04761302 -0.04761302 0.9977304
vn 0.04761302 -0.04761302 0.9977304
vn 0.04761302 -0.04761302 0.9977304
vn 0.04761302 -0.04761302 0.9977304
vn 0.04761302 -0.04761302 -0.9977304
vn 0.04761302 -0.04761302 -0.9977304
vn 0.04761302 -0.04761302 -0.9977304
vn 0.04761302 -0.04761302 -0.9977304
vn 0.01587099 0.999874 -0.000345267
vn 0.01587099 0.999874 -0.000345267
vn 0.01587099 0.999874 -0.000345267
vn 0.01587099 0.999874 -0.000345267
vn 0.01587099 -0.999874 -0.000345267
vn 0.01587099 -0.999874 -0.000345267
vn 0.01587099 -0.999874 -0.000345267
vn 0.01587099 -0.999874 -0.000345267
vn 0.04761302 -0.04761302 0.9977304
vn 0.04761302 -0.04761302 0.9977304
vn 0.04761302 -0.04761302 0.9977304
vn 0.04761302 -0.04761302 0.9977304
vn 0.01587099 0.999874 -0.000345267
vn 0.01587099 0.999874 -0.000345267
vn 0.01587099 0.999874 -0.000345267
vn 0.01587099 0.999874 -0.000345267
vn 0.01587099 -0.999874 -0.000345267
vn 0.01587099 -0.999874 -0.000345267
vn 0.01587099 -0.999874 -0.000345267
vn 0.01587099 -0.999874 -0.000345267
vn 0.04761302 -0.04761302 -0.9977304
vn 0.04761302 -0.04761302 -0.9977304
vn 0.04761302 -0.04761302 -0.9977304
vn 0.04761302 -0.04761302 -0.9977304
vn 0.04756513 -0.9988682 0
vn 0.04756513 -0.9988682 0
vn 0.04756513 -0.9988682 0
vn 0.04756513 -0.9988682 0
vn 0.04756513 -0.9988682 0
vn 0.04756513 -0.9988682 0
vn 0.04756513 -0.9988682 0
vn 0.04756513 -0.9988682 0
vn 0.04761302 -0.04761302 0.9977304
vn 0.04761302 -0.04761302 0.9977304
vn 0.04761302 -0.04761302 0.9977304
vn 0.04761302 -0.04761302 0.9977304
vn 0.04761302 -0.04761302 -0.9977304
vn 0.04761302 -0.04761302 -0.9977304
vn 0.04761302 -0.04761302 -0.9977304
vn 0.04761302 -0.04761302 -0.9977304
vn 0.04761302 -0.04761302 0.9977304
vn 0.04761302 -0.04761302 0.9977304
vn 0.04761302 -0.04761302 0.9977304
vn 0.04761302 -0.04761302 0.9977304
vn 0.04761302 -0.04761302 -0.9977304
vn 0.04761302 -0.04761302 -0.9977304
vn 0.04761302 -0.04761302 -0.9977304
vn 0.04761302 -0.04761302 -0.9977304
vn 0.04761302 -0.04761302 -0.9977304
vn 0.04761302 -0.04761302 -0.9977304
vn 0.04761302 -0.04761302 -0.9977304
vn 0.01587099 0.999874 -0.000345267
vn 0.01587099 0.999874 -0.000345267
vn 0.01587099 0.999874 -0.000345267
vn 0.01587099 0.999874 -0.000345267
vn 0.01587099 -0.999874 -0.000345267
vn 0.01587099 -0.999874 -0.000345267
vn 0.01587099 -0.999874 -0.000345267
vn 0.01587099 -0.999874 -0.000345267
vn 0.04761302 -0.04761302 0.9977304
vn 0.04761302 -0.04761302 0.9977304
vn 0.04761302 -0.04761302 0.9977304
vn 0.04761302 -0.04761302 0.9977304
vn 0.01587099 0.999874 -0.000345267
vn 0.01587099 0.999874 -0.000345267
vn 0.01587099 0.999874 -0.000345267
vn 0.01587099 0.999874 -0.000345267
vn 0.01587099 -0.999874 -0.000345267
vn 0.01587099 -0.999874 -0.000345267
vn 0.01587099 -0.999874 -0.000345267
vn 0.01587099 -0.999874 -0.000345267
vn 0.04761302 -0.04761302 -0.9977304
vn 0.04761302 -0.04761302 -0.9977304
vn 0.04761302 -0.04761302 -0.9977304
vn 0.04761302 -0.04761302 -0.9977304
vn 0.01587099 0.999874 -0.000345267
vn 0.01587099 0.999874 -0.000345267
vn 0.01587099 0.999874 -0.000345267
vn 0.01587099 0.999874 -0.000345267
vn 0.01587099 -0.999874 -0.000345267
vn 0.01587099 -0.999874 -0.000345267
vn 0.01587099 -0.999874 -0.000345267
vn 0.01587099 -0.999874 -0.000345267
vn -0.999874 -0.01587099 -0.000346655
vn -0.999874 -0.01587099 -0.000346655
vn -0.999874 -0.01587099 -0.000346655
vn -0.999874 -0.01587099 -0.000346655
vn 0.01587099 0.999874 -0.000345267
vn 0.01587099 0.999874 -0.000345267
vn 0.01587099 0.999874 -0.000345267
vn 0.01587099 0.999874 -0.000345267
vn 0.999874 -0.01587099 -0.000346655
vn 0.999874 -0.01587099 -0.000346655
vn 0.999874 -0.01587099 -0.000346655
vn 0.999874 -0.01587099 -0.000346655
vn -0.2316205 -0.9728062 0
vn -0.2316205 -0.9728062 0
vn -0.2316205 -0.9728062 0
vn -0.2316205 -0.9728062 0
vn -0.999874 -0.01587099 -0.000346655
vn -0.999874 -0.01587099 -0.000346655
vn -0.999874 -0.01587099 -0.000346655
vn -0.999874 -0.01587099 -0.000346655
vn -0.999874 -0.01587099 -0.000346655
vn -0.999874 -0.01587099 -0.000346655
vn -0.999874 -0.01587099 -0.000346655
vn -0.999874 -0.01587099 -0.000346655
vn -0.999874 -0.01587099 -0.000346655
vn -0.999874 -0.01587099 -0.000346655
vn -0.999874 -0.01587099 -0.000346655
vn 0.2973836 -0.954758 0
vn 0.2973836 -0.954758 0
vn 0.2973836 -0.954758 0
vn 0.2973836 -0.954758 0
vn 0.999874 -0.01587099 -0.000346655
vn 0.999874 -0.01587099 -0.000346655
vn 0.999874 -0.01587099 -0.000346655
vn 0.999874 -0.01587099 -0.000346655
vn 0.999874 -0.01587099 -0.000346655
vn 0.999874 -0.01587099 -0.000346655
vn 0.999874 -0.01587099 -0.000346655
vn 0.999874 -0.01587099 -0.000346655
vn 0.999874 -0.01587099 -0.000346655
vn 0.999874 -0.01587099 -0.000346655
vn 0.999874 -0.01587099 -0.000346655
vn 0.01587099 0.999874 -0.000345267
vn 0.01587099 0.999874 -0.000345267
vn 0.01587099 0.999874 -0.000345267
vn 0.01587099 0.999874 -0.000345267
vn 0.01587099 0.999874 -0.000345267
vn 0.01587099 0.999874 -0.000345267
vn 0.01587099 0.999874 -0.000345267
vn 0.01587099 0.999874 -0.000345267
vn 0.01587099 0.999874 -0.000345267
vn 0.01587099 0.999874 -0.000345267
vn 0.01587099 0.999874 -0.000345267
vn 0.01587099 0.999874 -0.000345267
vn 0.01587099 0.999874 -0.000345267
vn 0.01587099 0.999874 -0.000345267
vn 0.01587099 0.999874 -0.000345267
vn 0.01587099 0.999874 -0.000345267
vn 0.01587099 0.999874 -0.000345267
vn 0.01587099 0.999874 -0.000345267
vn 0.01587099 0.999874 -0.000345267
vn 0.01587099 0.999874 -0.000345267
vn 0.01587099 0.999874 -0.000345267
vn 0.01587099 0.999874 -0.000345267
vn 0.01587099 0.999874 -0.000345267
vn 0.01587099 0.999874 -0.000345267
vn 0.01587099 0.999874 -0.000345267
vn 0.01587099 0.999874 -0.000345267
vn 0.01587099 0.999874 -0.000345267
vn 0.01587099 0.999874 -0.000345267
vn 0.01587099 0.999874 -0.000345267
vn 0.01587099 0.999874 -0.000345267
vn 0.01587099 0.999874 -0.000345267
vn 0.01587099 0.999874 -0.000345267
vn 0.01587099 0.999874 -0.000345267
vn 0.01587099 0.999874 -0.000345267
vn 0.01587099 0.999874 -0.000345267
vn 0.01587099 0.999874 -0.000345267
vn 0.01587099 0.999874 -0.000345267
vn 0.01587099 0.999874 -0.000345267
vn 0.01587099 0.999874 -0.000345267
vn 0.01587099 0.999874 -0.000345267
vn 0.01587099 0.999874 -0.000345267
vn 0.01587099 0.999874 -0.000345267
vn 0.01587099 0.999874 -0.000345267
vn 0.01587099 0.999874 -0.000345267
vn 0.01587099 0.999874 -0.000345267
vn 0.01587099 0.999874 -0.000345267
vn 0.01587099 0.999874 -0.000345267
vn 0.01587099 0.999874 -0.000345267
vn 0.01587099 0.999874 -0.000345267
vn 0.01587099 0.999874 -0.000345267
vn 0.01587099 0.999874 -0.000345267
vn 0.01587099 0.999874 -0.000345267
vn 0.01587099 0.999874 -0.000345267
vn 0.01587099 0.999874 -0.000345267
vn 0.01587099 0.999874 -0.000345267
vn 0.01587099 0.999874 -0.000345267
vn 0.01587099 0.999874 -0.000345267
vn 0.01587099 0.999874 -0.000345267
vn 0.01587099 0.999874 -0.000345267
vn 0.01587099 0.999874 -0.000345267
vn 0.01587099 0.999874 -0.000345267
vn 0.01587099 0.999874 -0.000345267
vn 0.01587099 0.999874 -0.000345267
vn 0.01587099 0.999874 -0.000345267
vn 0.01587099 0.999874 -0.000345267
vn 0.01587099 0.999874 -0.000345267
vn 0.01587099 0.999874 -0.000345267
vn 0.01587099 0.999874 -0.000345267
vn 0.01587099 0.999874 -0.000345267
vn 0.01587099 0.999874 -0.000345267
vn 0.01587099 0.999874 -0.000345267
vn 0.01587099 0.999874 -0.000345267
vn 0.01587099 0.999874 -0.000345267
vn 0.01587099 0.999874 -0.000345267
vn 0.01587099 0.999874 -0.000345267
vn 0.01587099 0.999874 -0.000345267
vn 0.01587099 0.999874 -0.000345267
vn 0.01587099 0.999874 -0.000345267
vn 0.01587099 0.999874 -0.000345267
vn 0.01587099 0.999874 -0.000345267
vn 0.04761302 -0.04761302 0.9977304
vn 0.04761302 -0.04761302 0.9977304
vn 0.04761302 -0.04761302 0.9977304
vn 0.04761302 -0.04761302 0.9977304
vn 0.04761302 -0.04761302 -0.9977304
vn 0.04761302 -0.04761302 -0.9977304
vn 0.04761302 -0.04761302 -0.9977304
vn 0.04761302 -0.04761302 -0.9977304
vn 0.04761302 -0.04761302 0.9977304
vn 0.04761302 -0.04761302 0.9977304
vn 0.04761302 -0.04761302 0.9977304
vn 0.04761302 -0.04761302 0.9977304
vn 0.04761302 -0.04761302 0.9977304
vn 0.04761302 -0.04761302 0.9977304
vn 0.04761302 -0.04761302 0.9977304
vn 0.04761302 -0.04761302 0.9977304
vn 0.04761302 -0.04761302 0.9977304
vn 0.04761302 -0.04761302 0.9977304
vn 0.04761302 -0.04761302 0.9977304
vn 0.04761302 -0.04761302 0.9977304
vn 0.04761302 -0.04761302 0.9977304
vn 0.04761302 -0.04761302 0.9977304
vn 0.04761302 -0.04761302 0.9977304
vn 0.04761302 -0.04761302 0.9977304
vn 0.04761302 -0.04761302 -0.9977304
vn 0.04761302 -0.04761302 -0.9977304
vn 0.04761302 -0.04761302 -0.9977304
vn 0.04761302 -0.04761302 -0.9977304
vn 0.04761302 -0.04761302 0.9977304
vn 0.04761302 -0.04761302 0.9977304
vn 0.04761302 -0.04761302 0.9977304
vn 0.04761302 -0.04761302 0.9977304
vn 0.04761302 -0.04761302 0.9977304
vn 0.04761302 -0.04761302 0.9977304
vn 0.04761302 -0.04761302 0.9977304
vn 0.04761302 -0.04761302 0.9977304
vn -0.999874 -0.01587099 -0.000346655
vn -0.999874 -0.01587099 -0.000346655
vn -0.999874 -0.01587099 -0.000346655
vn -0.999874 -0.01587099 -0.000346655
vn 0.999874 -0.01587099 -0.000346655
vn 0.999874 -0.01587099 -0.000346655
vn 0.999874 -0.01587099 -0.000346655
vn 0.999874 -0.01587099 -0.000346655
vn 0.999874 -0.01587099 -0.000346655
vn 0.999874 -0.01587099 -0.000346655
vn 0.999874 -0.01587099 -0.000346655
vn 0.999874 -0.01587099 -0.000346655
vn 0.999874 -0.01587099 -0.000346655
vn 0.999874 -0.01587099 -0.000346655
vn 0.999874 -0.01587099 -0.000346655
vn 0.999874 -0.01587099 -0.000346655
vn 0.04761302 -0.04761302 0.9977304
vn 0.04761302 -0.04761302 0.9977304
vn 0.04761302 -0.04761302 0.9977304
vn 0.04761302 -0.04761302 0.9977304
vn 0.04761302 -0.04761302 -0.9977304
vn 0.04761302 -0.04761302 -0.9977304
vn 0.04761302 -0.04761302 -0.9977304
vn 0.04761302 -0.04761302 -0.9977304
vn 0.04761302 -0.04761302 0.9977304
vn 0.04761302 -0.04761302 0.9977304
vn 0.04761302 -0.04761302 0.9977304
vn 0.04761302 -0.04761302 0.9977304
vn 0.999874 -0.01587099 -0.000346655
vn 0.999874 -0.01587099 -0.000346655
vn 0.999874 -0.01587099 -0.000346655
vn 0.999874 -0.01587099 -0.000346655
vn -0.999874 -0.01587099 -0.000346655
vn -0.999874 -0.01587099 -0.000346655
vn -0.999874 -0.01587099 -0.000346655
vn -0.999874 -0.01587099 -0.000346655
vn -0.999874 -0.01587099 -0.000346655
vn -0.999874 -0.01587099 -0.000346655
vn -0.999874 -0.01587099 -0.000346655
vn -0.999874 -0.01587099 -0.000346655
vn -0.999874 -0.01587099 -0.000346655
vn -0.999874 -0.01587099 -0.000346655
vn -0.999874 -0.01587099 -0.000346655
vn -0.999874 -0.01587099 -0.000346655
vn 0.04761302 -0.04761302 0.9977304
vn 0.04761302 -0.04761302 0.9977304
vn 0.04761302 -0.04761302 0.9977304
vn 0.04761302 -0.04761302 0.9977304
vn 0.04761302 -0.04761302 -0.9977304
vn 0.04761302 -0.04761302 -0.9977304
vn 0.04761302 -0.04761302 -0.9977304
vn 0.04761302 -0.04761302 -0.9977304
vn 0.04761302 -0.04761302 0.9977304
vn 0.04761302 -0.04761302 0.9977304
vn 0.04761302 -0.04761302 0.9977304
vn 0.04761302 -0.04761302 0.9977304
vn 0.04761302 -0.04761302 -0.9977304
vn 0.04761302 -0.04761302 -0.9977304
vn 0.04761302 -0.04761302 -0.9977304
vn 0.04761302 -0.04761302 -0.9977304
vn 0.04761302 -0.04761302 0.9977304
vn 0.04761302 -0.04761302 0.9977304
vn 0.04761302 -0.04761302 0.9977304
vn 0.04761302 -0.04761302 0.9977304
vn 0.04761302 -0.04761302 -0.9977304
vn 0.04761302 -0.04761302 -0.9977304
vn 0.04761302 -0.04761302 -0.9977304
vn 0.04761302 -0.04761302 -0.9977304
vn -0.999874 -0.01587099 -0.000346655
vn -0.999874 -0.01587099 -0.000346655
vn -0.999874 -0.01587099 -0.000346655
vn -0.999874 -0.01587099 -0.000346655
vn 0.999874 -0.01587099 -0.000346655
vn 0.999874 -0.01587099 -0.000346655
vn 0.999874 -0.01587099 -0.000346655
vn 0.999874 -0.01587099 -0.000346655
vn 0.04761302 -0.04761302 0.9977304
vn 0.04761302 -0.04761302 0.9977304
vn 0.04761302 -0.04761302 0.9977304
vn 0.04761302 -0.04761302 0.9977304
vn -0.999874 -0.01587099 -0.000346655
vn -0.999874 -0.01587099 -0.000346655
vn -0.999874 -0.01587099 -0.000346655
vn -0.999874 -0.01587099 -0.000346655
vn 0.999874 -0.01587099 -0.000346655
vn 0.999874 -0.01587099 -0.000346655
vn 0.999874 -0.01587099 -0.000346655
vn 0.999874 -0.01587099 -0.000346655
vn 0.999874 -0.01587099 -0.000346655
vn 0.999874 -0.01587099 -0.000346655
vn 0.999874 -0.01587099 -0.000346655
vn 0.999874 -0.01587099 -0.000346655
vn 0.999874 -0.01587099 -0.000346655
vn 0.999874 -0.01587099 -0.000346655
vn 0.999874 -0.01587099 -0.000346655
vn 0.999874 -0.01587099 -0.000346655
vn 0.04761302 -0.04761302 0.9977304
vn 0.04761302 -0.04761302 0.9977304
vn 0.04761302 -0.04761302 0.9977304
vn 0.04761302 -0.04761302 0.9977304
vn 0.04761302 -0.04761302 -0.9977304
vn 0.04761302 -0.04761302 -0.9977304
vn 0.04761302 -0.04761302 -0.9977304
vn 0.04761302 -0.04761302 -0.9977304
vn 0.04761302 -0.04761302 0.9977304
vn 0.04761302 -0.04761302 0.9977304
vn 0.04761302 -0.04761302 0.9977304
vn 0.04761302 -0.04761302 0.9977304
vn 0.999874 -0.01587099 -0.000346655
vn 0.999874 -0.01587099 -0.000346655
vn 0.999874 -0.01587099 -0.000346655
vn 0.999874 -0.01587099 -0.000346655
vn -0.999874 -0.01587099 -0.000346655
vn -0.999874 -0.01587099 -0.000346655
vn -0.999874 -0.01587099 -0.000346655
vn -0.999874 -0.01587099 -0.000346655
vn -0.999874 -0.01587099 -0.000346655
vn -0.999874 -0.01587099 -0.000346655
vn -0.999874 -0.01587099 -0.000346655
vn -0.999874 -0.01587099 -0.000346655
vn -0.999874 -0.01587099 -0.000346655
vn -0.999874 -0.01587099 -0.000346655
vn -0.999874 -0.01587099 -0.000346655
vn -0.999874 -0.01587099 -0.000346655
vn 0.04761302 -0.04761302 0.9977304
vn 0.04761302 -0.04761302 0.9977304
vn 0.04761302 -0.04761302 0.9977304
vn 0.04761302 -0.04761302 0.9977304
vn 0.04761302 -0.04761302 -0.9977304
vn 0.04761302 -0.04761302 -0.9977304
vn 0.04761302 -0.04761302 -0.9977304
vn 0.04761302 -0.04761302 -0.9977304
vn 0.04761302 -0.04761302 0.9977304
vn 0.04761302 -0.04761302 0.9977304
vn 0.04761302 -0.04761302 0.9977304
vn 0.04761302 -0.04761302 0.9977304
vn 0.04761302 -0.04761302 -0.9977304
vn 0.04761302 -0.04761302 -0.9977304
vn 0.04761302 -0.04761302 -0.9977304
vn 0.04761302 -0.04761302 -0.9977304
vn 0.04761302 -0.04761302 0.9977304
vn 0.04761302 -0.04761302 0.9977304
vn 0.04761302 -0.04761302 0.9977304
vn 0.04761302 -0.04761302 0.9977304
vn 0.04761302 -0.04761302 -0.9977304
vn 0.04761302 -0.04761302 -0.9977304
vn 0.04761302 -0.04761302 -0.9977304
vn 0.04761302 -0.04761302 -0.9977304
vn -0.999874 -0.01587099 -0.000346655
vn -0.999874 -0.01587099 -0.000346655
vn -0.999874 -0.01587099 -0.000346655
vn -0.999874 -0.01587099 -0.000346655
vn 0.999874 -0.01587099 -0.000346655
vn 0.999874 -0.01587099 -0.000346655
vn 0.999874 -0.01587099 -0.000346655
vn 0.999874 -0.01587099 -0.000346655
g DSJ_GTA_diLou_1_0
f 3/3/3 2/2/2 1/1/1
f 2/2/2 4/4/4 1/1/1
f 7/7/7 6/6/6 5/5/5
f 6/6/6 8/8/8 5/5/5
f 11/11/11 10/10/10 9/9/9
f 10/10/10 12/12/12 9/9/9
f 15/15/15 14/14/14 13/13/13
f 14/14/14 16/16/16 13/13/13
f 19/19/19 18/18/18 17/17/17
f 18/18/18 20/20/20 17/17/17
f 23/23/23 22/22/22 21/21/21
f 22/22/22 24/24/24 21/21/21
f 27/27/27 26/26/26 25/25/25
f 26/26/26 28/28/28 25/25/25
f 31/31/31 30/30/30 29/29/29
f 30/30/30 32/32/32 29/29/29
f 35/35/35 34/34/34 33/33/33
f 34/34/34 36/36/36 33/33/33
f 39/39/39 38/38/38 37/37/37
f 38/38/38 40/40/40 37/37/37
f 43/43/43 42/42/42 41/41/41
f 42/42/42 44/44/44 41/41/41
f 47/47/47 46/46/46 45/45/45
f 46/46/46 48/48/48 45/45/45
f 51/51/51 50/50/50 49/49/49
f 50/50/50 52/52/52 49/49/49
f 55/55/55 54/54/54 53/53/53
f 54/54/54 56/56/56 53/53/53
f 59/59/59 58/58/58 57/57/57
f 58/58/58 60/60/60 57/57/57
f 63/63/63 62/62/62 61/61/61
f 62/62/62 64/64/64 61/61/61
f 67/67/67 66/66/66 65/65/65
f 66/66/66 68/68/68 65/65/65
f 70/70/70 65/65/65 69/69/69
f 71/71/71 70/70/70 69/69/69
f 74/74/74 73/73/73 72/72/72
f 73/73/73 75/75/75 72/72/72
f 72/72/72 77/77/77 76/76/76
f 77/77/77 78/78/78 76/76/76
f 81/81/81 80/80/80 79/79/79
f 80/80/80 82/82/82 79/79/79
f 85/85/85 84/84/84 83/83/83
f 84/84/84 86/86/86 83/83/83
f 89/89/89 88/88/88 87/87/87
f 88/88/88 90/90/90 87/87/87
f 93/93/93 92/92/92 91/91/91
f 92/92/92 94/94/94 91/91/91
f 97/97/97 96/96/96 95/95/95
f 96/96/96 98/98/98 95/95/95
f 101/101/101 100/100/100 99/99/99
f 100/100/100 102/102/102 99/99/99
f 105/105/105 104/104/104 103/103/103
f 104/104/104 106/106/106 103/103/103
f 109/109/109 108/108/108 107/107/107
f 108/108/108 110/110/110 107/107/107
f 113/113/113 112/112/112 111/111/111
f 112/112/112 114/114/114 111/111/111
f 117/117/117 116/116/116 115/115/115
f 116/116/116 118/118/118 115/115/115
f 121/121/121 120/120/120 119/119/119
f 124/124/124 123/123/123 122/122/122
f 127/127/127 126/126/126 125/125/125
f 126/126/126 128/128/128 125/125/125
f 131/131/131 130/130/130 129/129/129
f 130/130/130 132/132/132 129/129/129
f 129/129/129 134/134/134 133/133/133
f 134/134/134 135/135/135 133/133/133
f 138/138/138 137/137/137 136/136/136
f 137/137/137 139/139/139 136/136/136
f 142/142/142 141/141/141 140/140/140
f 141/141/141 143/143/143 140/140/140
f 146/146/146 145/145/145 144/144/144
f 149/149/149 148/148/148 147/147/147
f 152/152/152 151/151/151 150/150/150
f 151/151/151 153/153/153 150/150/150
f 156/156/156 155/155/155 154/154/154
f 155/155/155 157/157/157 154/154/154
f 160/160/160 159/159/159 158/158/158
f 163/163/163 162/162/162 161/161/161
f 166/166/166 165/165/165 164/164/164
f 165/165/165 167/167/167 164/164/164
f 170/170/170 169/169/169 168/168/168
f 169/169/169 171/171/171 168/168/168
f 174/174/174 173/173/173 172/172/172
f 173/173/173 175/175/175 172/172/172
f 178/178/178 177/177/177 176/176/176
f 177/177/177 179/179/179 176/176/176
f 182/182/182 181/181/181 180/180/180
f 181/181/181 183/183/183 180/180/180
f 186/186/186 185/185/185 184/184/184
f 185/185/185 187/187/187 184/184/184
f 190/190/190 189/189/189 188/188/188
f 189/189/189 191/191/191 188/188/188
f 194/194/194 193/193/193 192/192/192
f 193/193/193 195/195/195 192/192/192
f 198/198/198 197/197/197 196/196/196
f 197/197/197 199/199/199 196/196/196
f 196/196/196 201/201/201 200/200/200
f 201/201/201 202/202/202 200/200/200
f 205/205/205 204/204/204 203/203/203
f 204/204/204 206/206/206 203/203/203
f 208/208/208 204/204/204 207/207/207
f 209/209/209 208/208/208 207/207/207
f 212/212/212 211/211/211 210/210/210
f 211/211/211 213/213/213 210/210/210
f 216/216/216 215/215/215 214/214/214
f 215/215/215 217/217/217 214/214/214
f 220/220/220 219/219/219 218/218/218
f 219/219/219 221/221/221 218/218/218
f 224/224/224 223/223/223 222/222/222
f 223/223/223 225/225/225 222/222/222
f 228/228/228 227/227/227 226/226/226
f 227/227/227 229/229/229 226/226/226
f 232/232/232 231/231/231 230/230/230
f 231/231/231 233/233/233 230/230/230
f 236/236/236 235/235/235 234/234/234
f 235/235/235 237/237/237 234/234/234
f 237/237/237 235/235/235 238/238/238
f 235/235/235 239/239/239 238/238/238
f 242/242/242 241/241/241 240/240/240
f 241/241/241 243/243/243 240/240/240
f 243/243/243 241/241/241 244/244/244
f 241/241/241 245/245/245 244/244/244
f 248/248/248 247/247/247 246/246/246
f 247/247/247 249/249/249 246/246/246
f 252/252/252 251/251/251 250/250/250
f 251/251/251 253/253/253 250/250/250
f 256/256/256 255/255/255 254/254/254
f 255/255/255 257/257/257 254/254/254
f 260/260/260 259/259/259 258/258/258
f 259/259/259 261/261/261 258/258/258
f 264/264/264 263/263/263 262/262/262
f 263/263/263 265/265/265 262/262/262
f 268/268/268 267/267/267 266/266/266
f 267/267/267 269/269/269 266/266/266
f 272/272/272 271/271/271 270/270/270
f 271/271/271 273/273/273 270/270/270
f 276/276/276 275/275/275 274/274/274
f 275/275/275 277/277/277 274/274/274
f 280/280/280 279/279/279 278/278/278
f 279/279/279 281/281/281 278/278/278
f 284/284/284 283/283/283 282/282/282
f 283/283/283 285/285/285 282/282/282
f 288/288/288 287/287/287 286/286/286
f 287/287/287 289/289/289 286/286/286
f 292/292/292 291/291/291 290/290/290
f 291/291/291 293/293/293 290/290/290
f 296/296/296 295/295/295 294/294/294
f 295/295/295 297/297/297 294/294/294
f 300/300/300 299/299/299 298/298/298
f 299/299/299 301/301/301 298/298/298
f 304/304/304 303/303/303 302/302/302
f 303/303/303 305/305/305 302/302/302
f 308/308/308 307/307/307 306/306/306
f 307/307/307 309/309/309 306/306/306
f 312/312/312 311/311/311 310/310/310
f 311/311/311 313/313/313 310/310/310
f 316/316/316 315/315/315 314/314/314
f 315/315/315 317/317/317 314/314/314
f 320/320/320 319/319/319 318/318/318
f 319/319/319 321/321/321 318/318/318
f 324/324/324 323/323/323 322/322/322
f 323/323/323 325/325/325 322/322/322
f 327/327/327 326/326/326 324/324/324
f 326/326/326 328/328/328 324/324/324
f 331/331/331 330/330/330 329/329/329
f 330/330/330 332/332/332 329/329/329
f 334/334/334 330/330/330 333/333/333
f 335/335/335 334/334/334 333/333/333
f 338/338/338 337/337/337 336/336/336
f 337/337/337 339/339/339 336/336/336
f 341/341/341 336/336/336 340/340/340
f 342/342/342 341/341/341 340/340/340
f 345/345/345 344/344/344 343/343/343
f 344/344/344 346/346/346 343/343/343
f 349/349/349 348/348/348 347/347/347
f 348/348/348 351/351/351 350/350/350
f 350/350/350 351/351/351 352/352/352
f 354/354/354 353/353/353 352/352/352
f 357/357/357 356/356/356 355/355/355
f 356/356/356 358/358/358 355/355/355
f 361/361/361 360/360/360 359/359/359
f 360/360/360 362/362/362 359/359/359
f 365/365/365 364/364/364 363/363/363
f 364/364/364 367/367/367 366/366/366
f 369/369/369 366/366/366 368/368/368
f 366/366/366 370/370/370 368/368/368
f 373/373/373 372/372/372 371/371/371
f 372/372/372 374/374/374 371/371/371
f 377/377/377 376/376/376 375/375/375
f 376/376/376 378/378/378 375/375/375
f 381/381/381 380/380/380 379/379/379
f 380/380/380 382/382/382 379/379/379
f 385/385/385 384/384/384 383/383/383
f 384/384/384 386/386/386 383/383/383
f 389/389/389 388/388/388 387/387/387
f 388/388/388 390/390/390 387/387/387
f 393/393/393 392/392/392 391/391/391
f 396/396/396 395/395/395 394/394/394
f 399/399/399 398/398/398 397/397/397
f 402/402/402 401/401/401 400/400/400
f 405/405/405 404/404/404 403/403/403
f 404/404/404 406/406/406 403/403/403
f 409/409/409 408/408/408 407/407/407
f 408/408/408 410/410/410 407/407/407
f 413/413/413 412/412/412 411/411/411
f 412/412/412 414/414/414 411/411/411
f 416/416/416 413/413/413 415/415/415
f 418/418/418 417/417/417 415/415/415
f 421/421/421 420/420/420 419/419/419
f 424/424/424 423/423/423 422/422/422
f 427/427/427 426/426/426 425/425/425
f 426/426/426 428/428/428 425/425/425
f 431/431/431 430/430/430 429/429/429
f 430/430/430 432/432/432 429/429/429
f 435/435/435 434/434/434 433/433/433
f 438/438/438 437/437/437 436/436/436
f 441/441/441 440/440/440 439/439/439
f 440/440/440 442/442/442 439/439/439
f 445/445/445 444/444/444 443/443/443
f 444/444/444 446/446/446 443/443/443
f 449/449/449 448/448/448 447/447/447
f 448/448/448 450/450/450 447/447/447
f 453/453/453 452/452/452 451/451/451
f 452/452/452 454/454/454 451/451/451
f 457/457/457 456/456/456 455/455/455
f 456/456/456 458/458/458 455/455/455
f 461/461/461 460/460/460 459/459/459
f 460/460/460 462/462/462 459/459/459
f 465/465/465 464/464/464 463/463/463
f 464/464/464 466/466/466 463/463/463
f 469/469/469 468/468/468 467/467/467
f 468/468/468 470/470/470 467/467/467
f 473/473/473 472/472/472 471/471/471
f 472/472/472 474/474/474 471/471/471
f 476/476/476 471/471/471 475/475/475
f 477/477/477 476/476/476 475/475/475
f 480/480/480 479/479/479 478/478/478
f 479/479/479 481/481/481 478/478/478
f 479/479/479 483/483/483 482/482/482
f 483/483/483 484/484/484 482/482/482
f 487/487/487 486/486/486 485/485/485
f 486/486/486 488/488/488 485/485/485
f 491/491/491 490/490/490 489/489/489
f 490/490/490 492/492/492 489/489/489
f 495/495/495 494/494/494 493/493/493
f 494/494/494 496/496/496 493/493/493
f 499/499/499 498/498/498 497/497/497
f 498/498/498 500/500/500 497/497/497
f 503/503/503 502/502/502 501/501/501
f 502/502/502 504/504/504 501/501/501
f 507/507/507 506/506/506 505/505/505
f 506/506/506 508/508/508 505/505/505
f 511/511/511 510/510/510 509/509/509
f 514/514/514 513/513/513 512/512/512
f 513/513/513 515/515/515 512/512/512
f 518/518/518 517/517/517 516/516/516
f 517/517/517 519/519/519 516/516/516
f 522/522/522 521/521/521 520/520/520
f 521/521/521 523/523/523 520/520/520
f 526/526/526 525/525/525 524/524/524
f 525/525/525 527/527/527 524/524/524
f 530/530/530 529/529/529 528/528/528
f 529/529/529 531/531/531 528/528/528
f 534/534/534 533/533/533 532/532/532
f 533/533/533 535/535/535 532/532/532
f 538/538/538 537/537/537 536/536/536
f 537/537/537 539/539/539 536/536/536
f 542/542/542 541/541/541 540/540/540
f 541/541/541 543/543/543 540/540/540
f 546/546/546 545/545/545 544/544/544
f 545/545/545 547/547/547 544/544/544
f 550/550/550 549/549/549 548/548/548
f 549/549/549 551/551/551 548/548/548
f 554/554/554 553/553/553 552/552/552
f 553/553/553 555/555/555 552/552/552
f 558/558/558 557/557/557 556/556/556
f 557/557/557 559/559/559 556/556/556
f 562/562/562 561/561/561 560/560/560
f 561/561/561 563/563/563 560/560/560
f 566/566/566 565/565/565 564/564/564
f 565/565/565 567/567/567 564/564/564
f 570/570/570 569/569/569 568/568/568
f 569/569/569 571/571/571 568/568/568
f 574/574/574 573/573/573 572/572/572
f 573/573/573 575/575/575 572/572/572
f 578/578/578 577/577/577 576/576/576
f 577/577/577 579/579/579 576/576/576
f 582/582/582 581/581/581 580/580/580
f 581/581/581 583/583/583 580/580/580
f 586/586/586 585/585/585 584/584/584
f 585/585/585 587/587/587 584/584/584
f 590/590/590 589/589/589 588/588/588
f 589/589/589 591/591/591 588/588/588
f 594/594/594 593/593/593 592/592/592
f 593/593/593 595/595/595 592/592/592
f 598/598/598 597/597/597 596/596/596
f 597/597/597 599/599/599 596/596/596
f 602/602/602 601/601/601 600/600/600
f 601/601/601 603/603/603 600/600/600
f 605/605/605 604/604/604 602/602/602
f 604/604/604 606/606/606 602/602/602
f 609/609/609 608/608/608 607/607/607
f 608/608/608 610/610/610 607/607/607
f 613/613/613 612/612/612 611/611/611
f 612/612/612 614/614/614 611/611/611
f 617/617/617 616/616/616 615/615/615
f 616/616/616 618/618/618 615/615/615
f 621/621/621 620/620/620 619/619/619
f 620/620/620 622/622/622 619/619/619
f 625/625/625 624/624/624 623/623/623
f 624/624/624 626/626/626 623/623/623
f 629/629/629 628/628/628 627/627/627
f 628/628/628 630/630/630 627/627/627
f 633/633/633 632/632/632 631/631/631
f 632/632/632 634/634/634 631/631/631
f 637/637/637 636/636/636 635/635/635
f 636/636/636 638/638/638 635/635/635
f 641/641/641 640/640/640 639/639/639
f 640/640/640 642/642/642 639/639/639
f 645/645/645 644/644/644 643/643/643
f 644/644/644 646/646/646 643/643/643
f 649/649/649 648/648/648 647/647/647
f 648/648/648 650/650/650 647/647/647
f 653/653/653 652/652/652 651/651/651
f 652/652/652 654/654/654 651/651/651
f 657/657/657 656/656/656 655/655/655
f 656/656/656 658/658/658 655/655/655
f 661/661/661 660/660/660 659/659/659
f 660/660/660 662/662/662 659/659/659
f 664/664/664 662/662/662 663/663/663
f 662/662/662 665/665/665 663/663/663
f 668/668/668 667/667/667 666/666/666
f 667/667/667 669/669/669 666/666/666
f 672/672/672 671/671/671 670/670/670
f 671/671/671 673/673/673 670/670/670
f 676/676/676 675/675/675 674/674/674
f 675/675/675 677/677/677 674/674/674
f 679/679/679 675/675/675 678/678/678
f 680/680/680 679/679/679 678/678/678
f 683/683/683 682/682/682 681/681/681
f 682/682/682 684/684/684 681/681/681
f 687/687/687 686/686/686 685/685/685
f 686/686/686 688/688/688 685/685/685
f 691/691/691 690/690/690 689/689/689
f 690/690/690 692/692/692 689/689/689
f 695/695/695 694/694/694 693/693/693
f 694/694/694 696/696/696 693/693/693
f 699/699/699 698/698/698 697/697/697
f 698/698/698 700/700/700 697/697/697
f 703/703/703 702/702/702 701/701/701
f 702/702/702 704/704/704 701/701/701
f 707/707/707 706/706/706 705/705/705
f 706/706/706 708/708/708 705/705/705
f 711/711/711 710/710/710 709/709/709
f 710/710/710 712/712/712 709/709/709
f 715/715/715 714/714/714 713/713/713
f 714/714/714 716/716/716 713/713/713
f 719/719/719 718/718/718 717/717/717
f 718/718/718 720/720/720 717/717/717
f 723/723/723 722/722/722 721/721/721
f 722/722/722 724/724/724 721/721/721
f 727/727/727 726/726/726 725/725/725
f 726/726/726 728/728/728 725/725/725
f 731/731/731 730/730/730 729/729/729
f 730/730/730 732/732/732 729/729/729
f 735/735/735 734/734/734 733/733/733
f 734/734/734 736/736/736 733/733/733
f 739/739/739 738/738/738 737/737/737
f 738/738/738 740/740/740 737/737/737
f 743/743/743 742/742/742 741/741/741
f 742/742/742 744/744/744 741/741/741
f 747/747/747 746/746/746 745/745/745
f 746/746/746 748/748/748 745/745/745
f 751/751/751 750/750/750 749/749/749
f 750/750/750 752/752/752 749/749/749
f 755/755/755 754/754/754 753/753/753
f 754/754/754 756/756/756 753/753/753
f 759/759/759 758/758/758 757/757/757
f 758/758/758 760/760/760 757/757/757
f 763/763/763 762/762/762 761/761/761
f 762/762/762 764/764/764 761/761/761
f 767/767/767 766/766/766 765/765/765
f 766/766/766 768/768/768 765/765/765
f 771/771/771 770/770/770 769/769/769
f 770/770/770 772/772/772 769/769/769
f 775/775/775 774/774/774 773/773/773
f 774/774/774 776/776/776 773/773/773
f 779/779/779 778/778/778 777/777/777
f 778/778/778 780/780/780 777/777/777
f 783/783/783 782/782/782 781/781/781
f 782/782/782 784/784/784 781/781/781
f 787/787/787 786/786/786 785/785/785
f 786/786/786 788/788/788 785/785/785
f 791/791/791 790/790/790 789/789/789
f 790/790/790 792/792/792 789/789/789
f 795/795/795 794/794/794 793/793/793
f 794/794/794 796/796/796 793/793/793
f 799/799/799 798/798/798 797/797/797
f 798/798/798 800/800/800 797/797/797
f 803/803/803 802/802/802 801/801/801
f 802/802/802 804/804/804 801/801/801
f 807/807/807 806/806/806 805/805/805
f 806/806/806 808/808/808 805/805/805
f 811/811/811 810/810/810 809/809/809
f 810/810/810 812/812/812 809/809/809
f 815/815/815 814/814/814 813/813/813
f 814/814/814 816/816/816 813/813/813
f 819/819/819 818/818/818 817/817/817
f 818/818/818 820/820/820 817/817/817
f 823/823/823 822/822/822 821/821/821
f 822/822/822 824/824/824 821/821/821
f 827/827/827 826/826/826 825/825/825
f 826/826/826 828/828/828 825/825/825
f 831/831/831 830/830/830 829/829/829
f 830/830/830 832/832/832 829/829/829
f 835/835/835 834/834/834 833/833/833
f 834/834/834 836/836/836 833/833/833
f 839/839/839 838/838/838 837/837/837
f 838/838/838 840/840/840 837/837/837
f 843/843/843 842/842/842 841/841/841
f 842/842/842 844/844/844 841/841/841
f 847/847/847 846/846/846 845/845/845
f 846/846/846 848/848/848 845/845/845
f 851/851/851 850/850/850 849/849/849
f 850/850/850 852/852/852 849/849/849
f 855/855/855 854/854/854 853/853/853
f 854/854/854 856/856/856 853/853/853
f 859/859/859 858/858/858 857/857/857
f 858/858/858 860/860/860 857/857/857
f 863/863/863 862/862/862 861/861/861
f 862/862/862 864/864/864 861/861/861
f 867/867/867 866/866/866 865/865/865
f 866/866/866 868/868/868 865/865/865
f 871/871/871 870/870/870 869/869/869
f 870/870/870 872/872/872 869/869/869
f 875/875/875 874/874/874 873/873/873
f 874/874/874 876/876/876 873/873/873
f 879/879/879 878/878/878 877/877/877
f 878/878/878 880/880/880 877/877/877
f 883/883/883 882/882/882 881/881/881
f 882/882/882 884/884/884 881/881/881
f 887/887/887 886/886/886 885/885/885
f 886/886/886 888/888/888 885/885/885
f 891/891/891 890/890/890 889/889/889
f 890/890/890 892/892/892 889/889/889
f 895/895/895 894/894/894 893/893/893
f 894/894/894 896/896/896 893/893/893
f 899/899/899 898/898/898 897/897/897
f 898/898/898 900/900/900 897/897/897
f 903/903/903 902/902/902 901/901/901
f 902/902/902 904/904/904 901/901/901
f 907/907/907 906/906/906 905/905/905
f 906/906/906 908/908/908 905/905/905
f 911/911/911 910/910/910 909/909/909
f 910/910/910 912/912/912 909/909/909
f 915/915/915 914/914/914 913/913/913
f 914/914/914 916/916/916 913/913/913
f 919/919/919 918/918/918 917/917/917
f 918/918/918 920/920/920 917/917/917
f 923/923/923 922/922/922 921/921/921
f 922/922/922 924/924/924 921/921/921
f 927/927/927 926/926/926 925/925/925
f 926/926/926 928/928/928 925/925/925
f 931/931/931 930/930/930 929/929/929
f 930/930/930 932/932/932 929/929/929
f 935/935/935 934/934/934 933/933/933
f 934/934/934 936/936/936 933/933/933
f 939/939/939 938/938/938 937/937/937
f 938/938/938 940/940/940 937/937/937
f 943/943/943 942/942/942 941/941/941
f 942/942/942 944/944/944 941/941/941
f 947/947/947 946/946/946 945/945/945
f 946/946/946 948/948/948 945/945/945
f 951/951/951 950/950/950 949/949/949
f 950/950/950 952/952/952 949/949/949
