g DSJ_GTA_diLou_9
v -5.838316 1.861753 6.272123
v -8.874964 -2.331711 6.272123
v -8.874964 1.861753 6.272123
v -5.838316 -2.331711 6.272123
v -3.633131 1.861753 -4.13924
v -3.633131 -2.331711 -0.6326351
v -3.633131 1.861753 -0.6326351
v -3.633131 -2.331711 -4.13924
v -16.28583 1.861753 0.1265259
v -16.28583 -2.331711 -4.13924
v -16.28583 1.861753 -4.13924
v -16.28583 -2.331711 0.1265259
v -11.87546 1.861753 -8.694211
v -7.645844 -2.331711 -8.694211
v -7.645844 1.861753 -8.694211
v -11.87546 -2.331711 -8.694211
v -7.645844 -2.331711 -4.13924
v -7.645844 1.861753 -8.694211
v -7.645844 -2.331711 -8.694211
v -7.645844 1.861753 -4.13924
v -11.87546 1.861753 6.272123
v -11.87546 -2.331711 3.163174
v -11.87546 1.861753 3.163174
v -11.87546 -2.331711 6.272123
v -11.87546 1.861753 0.1265259
v -16.28583 -2.331711 0.1265259
v -16.28583 1.861753 0.1265259
v -11.87546 -2.331711 0.1265259
v -5.838316 5.187607 6.272123
v -8.874964 1.861753 6.272123
v -8.874964 5.187607 6.272123
v -5.838316 1.861753 6.272123
v -3.633131 5.187607 -4.13924
v -3.633131 1.861753 -0.6326351
v -3.633131 5.187607 -0.6326351
v -3.633131 1.861753 -4.13924
v -16.28583 5.187607 0.1265259
v -16.28583 1.861753 -4.13924
v -16.28583 5.187607 -4.13924
v -16.28583 1.861753 0.1265259
v -16.28583 -6.922833 -4.13924
v -16.28583 -2.331711 0.1265259
v -16.28583 -6.922833 0.1265259
v -16.28583 -2.331711 -4.13924
v -7.645844 -6.922833 -8.694211
v -11.87546 -2.331711 -8.694211
v -11.87546 -6.922833 -8.694211
v -7.645844 -2.331711 -8.694211
v -11.87546 5.187607 6.272123
v -11.87546 1.861753 3.163174
v -11.87546 5.187607 3.163174
v -11.87546 1.861753 6.272123
v -16.28583 5.187607 -4.13924
v -11.87546 1.861753 -4.13924
v -11.87546 5.187607 -4.13924
v -16.28583 1.861753 -4.13924
v -11.87546 5.187607 0.1265259
v -16.28583 1.861753 0.1265259
v -16.28583 5.187607 0.1265259
v -11.87546 1.861753 0.1265259
v -16.28583 -6.922833 0.1265259
v -11.87546 -2.331711 0.1265259
v -11.87546 -6.922833 0.1265259
v -16.28583 -2.331711 0.1265259
v -16.28583 -2.331711 -4.13924
v -16.28583 1.861753 -8.694211
v -16.28583 1.861753 -4.13924
v -16.28583 -2.331711 -8.694211
v -16.28583 -6.922833 -4.13924
v -16.28583 -2.331711 -8.694211
v -16.28583 -2.331711 -4.13924
v -16.28583 -6.922833 -8.694211
v -11.87546 -6.922833 -8.694211
v -16.28583 -2.331711 -8.694211
v -11.87546 -2.331711 -8.694211
v -16.28583 1.861753 -8.694211
v -11.87546 -2.331711 -8.694211
v -11.87546 1.861753 -8.694211
v -16.28583 -2.331711 -8.694211
v -5.838316 1.861753 2.801668
v -5.838316 -2.331711 -0.6326351
v -5.838316 -2.331711 2.801668
v -5.838316 1.861753 -0.6326351
v -5.838316 5.187607 2.801668
v -5.838316 1.861753 -0.6326351
v -5.838316 1.861753 2.801668
v -5.838316 5.187607 -0.6326351
v -7.645844 -2.331711 -4.13924
v -3.633131 1.861753 -4.13924
v -7.645844 1.861753 -4.13924
v -3.633131 -2.331711 -4.13924
v -7.645844 1.861753 -4.13924
v -5.838316 5.187607 -4.13924
v -7.645844 5.187607 -4.13924
v -3.633131 5.187607 -4.13924
v -3.633131 1.861753 -4.13924
v -5.838316 5.187607 -0.6326351
v -3.633131 1.861753 -0.6326351
v -5.838316 1.861753 -0.6326351
v -3.633131 5.187607 -0.6326351
v -5.838316 1.861753 -0.6326351
v -3.633131 -2.331711 -0.6326351
v -5.838316 -2.331711 -0.6326351
v -3.633131 1.861753 -0.6326351
v -16.28583 1.861753 -4.13924
v -11.87546 1.861753 -8.694211
v -11.87546 1.861753 -4.13924
v -16.28583 1.861753 -8.694211
v -7.645844 1.861753 -8.694211
v -11.87546 1.861753 -4.13924
v -11.87546 1.861753 -8.694211
v -7.645844 1.861753 -4.13924
v -7.645844 1.861753 -4.13924
v -11.87546 5.187607 -4.13924
v -11.87546 1.861753 -4.13924
v -7.645844 5.187607 -4.13924
v -11.87546 1.861753 6.272123
v -8.874964 -2.331711 6.272123
v -11.87546 -2.331711 6.272123
v -8.874964 1.861753 6.272123
v -11.87546 5.187607 6.272123
v -8.874964 1.861753 6.272123
v -11.87546 1.861753 6.272123
v -8.874964 5.187607 6.272123
v -11.87546 5.187607 0.1265259
v -11.87546 1.861753 3.163174
v -11.87546 1.861753 0.1265259
v -11.87546 5.187607 3.163174
v -5.838316 1.861753 6.272123
v -5.838316 -2.331711 2.801668
v -5.838316 -2.331711 6.272123
v -5.838316 1.861753 2.801668
v -5.838316 5.187607 6.272123
v -5.838316 1.861753 2.801668
v -5.838316 1.861753 6.272123
v -5.838316 5.187607 2.801668
v -11.83931 1.861753 4.645348
v -13.68299 -2.187109 4.645348
v -13.68299 1.861753 4.645348
v -11.83931 -2.187109 4.645348
v -13.68299 -6.922833 4.645348
v -11.83931 -2.187109 4.645348
v -11.83931 -6.922833 4.645348
v -13.68299 -2.187109 4.645348
v -15.45437 1.861753 4.645348
v -11.83931 1.861753 0.01807594
v -11.83931 1.861753 4.645348
v -15.45437 1.861753 0.01807594
v -14.94826 1.934055 6.561327
v -17.15344 -2.187109 6.561327
v -17.15344 1.934055 6.561327
v -14.94826 -2.187109 6.561327
v -17.15344 1.934055 6.561327
v -18.49101 -2.187109 4.609198
v -18.49101 1.934055 4.609198
v -17.15344 -2.187109 6.561327
v -17.15344 -6.922833 6.561327
v -14.94826 -2.187109 6.561327
v -14.94826 -6.922833 6.561327
v -17.15344 -2.187109 6.561327
v -14.94826 -6.922833 2.476313
v -17.15344 -2.187109 2.476313
v -17.15344 -6.922833 2.476313
v -14.94826 -2.187109 2.476313
v -17.15344 1.934055 6.561327
v -13.64684 1.934055 4.609198
v -14.94826 1.934055 6.561327
v -18.49101 1.934055 4.609198
v -17.15344 1.934055 2.476313
v -14.94826 1.934055 2.476313
v -17.15344 1.934055 2.476313
v -18.49101 -2.187109 4.609198
v -17.15344 -2.187109 2.476313
v -18.49101 1.934055 4.609198
v -17.15344 -6.922833 6.561327
v -18.49101 -2.187109 4.609198
v -17.15344 -2.187109 6.561327
v -18.49101 -6.922833 4.609198
v -18.49101 -6.922833 4.609198
v -17.15344 -2.187109 2.476313
v -18.49101 -2.187109 4.609198
v -17.15344 -6.922833 2.476313
v -14.94826 1.934055 2.476313
v -17.15344 -2.187109 2.476313
v -14.94826 -2.187109 2.476313
v -17.15344 1.934055 2.476313
v -6.05522 -2.223261 -3.596981
v 0.01807594 -2.223261 6.01907
v 0.01807594 -2.114809 -9.055717
v -6.05522 -2.223261 6.01907
v -7.862747 -2.114809 -3.596981
v -7.862747 -2.114809 -9.055717
v 0.01807594 -1.174894 5.51296
v -6.05522 -1.174894 -3.596981
v 0.01807594 -1.174894 -9.055717
v -6.05522 -1.174894 5.51296
v -7.862747 -1.174894 -9.055717
v -7.862747 -1.174894 -3.596981
v 0.01807594 -2.223261 6.01907
v -6.05522 -1.753304 6.199821
v 0.01807594 -1.753304 6.199821
v -6.05522 -2.223261 6.01907
v 0.01807594 -1.174894 -9.055717
v -7.862747 -2.114809 -9.055717
v 0.01807594 -2.114809 -9.055717
v -7.862747 -1.174894 -9.055717
v -7.862747 -2.114809 -3.596981
v -7.862747 -1.174894 -9.055717
v -7.862747 -1.174894 -3.596981
v -7.862747 -2.114809 -9.055717
v 0.01807594 -1.174894 5.51296
v -6.05522 -1.753304 6.199821
v -6.05522 -1.174894 5.51296
v 0.01807594 -1.753304 6.199821
v -12.09236 -6.922833 4.609198
v -12.09236 -5.838317 8.585758
v -12.09236 -6.922833 8.585758
v -12.09236 -5.838317 4.609198
v -10.93554 -5.838317 8.585758
v -10.93554 -5.838317 4.609198
v -12.09236 -5.838317 8.585758
v -10.93554 -6.922833 8.585758
v -12.09236 -6.922833 8.585758
v -10.93554 -5.838317 8.585758
v -10.93554 -5.838317 4.609198
v -10.93554 -6.922833 8.585758
v -10.93554 -5.838317 8.585758
v -10.93554 -6.922833 4.609198
v -6.705929 -6.272123 7.609694
v -11.1163 -6.272123 6.09137
v -6.705929 -6.272123 6.09137
v -11.1163 -6.272123 7.609694
v -6.705929 -6.922833 8.368856
v -11.1163 -6.272123 7.609694
v -6.705929 -6.272123 7.609694
v -11.1163 -6.922833 8.368856
v -5.404509 -2.87397 4.356142
v -5.404509 -1.825603 8.983416
v -5.404509 -1.825603 4.356142
v -5.404509 -2.87397 8.983416
v -5.404509 -1.825603 8.983416
v -12.23697 -1.825603 4.356142
v -5.404509 -1.825603 4.356142
v -12.23697 -1.825603 8.983416
v -5.404509 -2.87397 8.983416
v -12.23697 -1.825603 8.983416
v -5.404509 -1.825603 8.983416
v -12.23697 -2.87397 8.983416
v -12.23697 -1.825603 8.983416
v -12.23697 -2.87397 4.356142
v -12.23697 -1.825603 4.356142
v -12.23697 -2.87397 8.983416
v -12.23697 -2.87397 4.356142
v -5.404509 -2.87397 8.983416
v -5.404509 -2.87397 4.356142
v -12.23697 -2.87397 8.983416
v -3.886185 1.536398 1.319496
v -3.886185 1.825603 2.548615
v -3.886185 1.825603 1.319496
v -3.886185 1.536398 2.548615
v -3.886185 1.825603 2.548615
v -3.886185 1.825603 -0.6687851
v -3.886185 1.825603 1.319496
v -3.886185 1.825603 2.548615
v -5.910618 1.825603 -0.6687851
v -3.886185 1.825603 -0.6687851
v -5.910618 1.825603 2.548615
v -3.886185 1.536398 2.548615
v -5.910618 1.825603 2.548615
v -3.886185 1.825603 2.548615
v -5.910618 1.536398 2.548615
v -5.910618 1.825603 2.548615
v -5.910618 1.536398 -0.6687851
v -5.910618 1.825603 -0.6687851
v -5.910618 1.536398 2.548615
v -2.223259 1.536398 -4.898402
v -2.223259 1.825603 1.283344
v -2.223259 1.825603 -4.898402
v -2.223259 1.536398 1.283344
v -2.223259 1.825603 -4.898402
v -3.886185 1.825603 -0.6687851
v -3.886185 1.825603 -3.596981
v -2.223259 1.825603 1.283344
v -3.886185 1.825603 1.319496
v -5.910618 1.536398 -0.6687851
v -3.886185 1.536398 2.548615
v -3.886185 1.536398 1.319496
v -5.910618 1.536398 2.548615
v -2.223259 1.536398 1.283344
v -2.223259 1.536398 -4.898402
v -7.718145 1.536398 -3.633132
v -6.344423 1.536398 -4.898402
v -7.718145 1.536398 -8.513458
v -6.344423 1.536398 -8.513458
v -2.223259 1.536398 1.283344
v -3.886185 1.825603 1.319496
v -2.223259 1.825603 1.283344
v -3.886185 1.536398 1.319496
v -3.886185 1.825603 -3.596981
v -6.344423 1.825603 -4.898402
v -2.223259 1.825603 -4.898402
v -7.718145 1.825603 -3.633132
v -2.223259 1.825603 -4.898402
v -6.344423 1.536398 -4.898402
v -2.223259 1.536398 -4.898402
v -6.344423 1.825603 -4.898402
v -7.718145 1.825603 -3.633132
v -6.344423 1.825603 -8.513458
v -6.344423 1.825603 -4.898402
v -7.718145 1.825603 -8.513458
v -6.344423 1.825603 -4.898402
v -6.344423 1.536398 -8.513458
v -6.344423 1.536398 -4.898402
v -6.344423 1.825603 -8.513458
v -6.922832 1.427948 7.031284
v -6.922832 2.259411 6.199821
v -6.922832 1.427948 6.199821
v -6.922832 2.259411 7.031284
v -6.922832 2.259411 7.031284
v -10.71864 2.259411 6.199821
v -6.922832 2.259411 6.199821
v -10.71864 2.259411 7.031284
v -6.922832 1.427948 7.031284
v -10.71864 2.259411 7.031284
v -6.922832 2.259411 7.031284
v -10.71864 1.427948 7.031284
v -10.71864 2.259411 7.031284
v -10.71864 1.427948 6.199821
v -10.71864 2.259411 6.199821
v -10.71864 1.427948 7.031284
v -10.71864 1.427948 6.199821
v -6.922832 1.427948 7.031284
v -6.922832 1.427948 6.199821
v -10.71864 1.427948 7.031284
v -3.054722 5.187607 -5.512961
v -3.054722 5.51296 0.3072796
v -3.054722 5.51296 -5.512961
v -3.054722 5.187607 0.3072796
v -7.067436 6.886683 -2.83782
v -4.609198 5.187607 7.031284
v -13.06843 5.51296 7.031284
v -4.609198 5.51296 7.031284
v -13.06843 5.187607 7.031284
v -16.79194 5.51296 -5.512961
v -16.79194 5.187607 0.3072796
v -16.79194 5.187607 -5.512961
v -16.79194 5.51296 0.3072796
v -5.874466 -3.813885 8.513458
v -5.874466 -2.548615 6.272123
v -5.874466 -3.813885 6.272123
v -5.874466 -2.548615 8.513458
v -6.958984 -3.813885 8.513458
v -5.874466 -2.548615 8.513458
v -5.874466 -3.813885 8.513458
v -7.645844 -3.199326 8.513458
v -8.874964 -2.548615 8.513458
v -8.874964 -2.946271 8.513458
v -5.874466 -3.813885 6.272123
v -6.958984 -3.813885 8.513458
v -5.874466 -3.813885 8.513458
v -6.958984 -3.813885 6.272123
v -7.645844 -3.199326 6.272123
v -7.645844 -3.199326 8.513458
v -8.874964 -2.946271 6.272123
v -8.874964 -2.946271 8.513458
v -10.03178 -3.199326 6.272123
v -10.03178 -3.199326 8.513458
v -10.79094 -3.813885 6.272123
v -10.79094 -3.813885 8.513458
v -11.87546 -3.813885 6.272123
v -11.87546 -3.813885 8.513458
v -11.87546 -3.813885 8.513458
v -11.87546 -2.548615 6.272123
v -11.87546 -2.548615 8.513458
v -11.87546 -3.813885 6.272123
v -10.79094 -3.813885 8.513458
v -11.87546 -3.813885 8.513458
v -11.87546 -2.548615 8.513458
v -10.03178 -3.199326 8.513458
v -8.874964 -2.548615 8.513458
v -8.874964 -2.946271 8.513458
v -14.94826 1.934055 6.561327
v -13.64684 -2.187109 4.609198
v -14.94826 -2.187109 6.561327
v -13.64684 1.934055 4.609198
v -14.94826 -2.187109 6.561327
v -13.64684 -6.922833 4.609198
v -14.94826 -6.922833 6.561327
v -13.64684 -2.187109 4.609198
v -7.718145 1.536398 -8.513458
v -6.344423 1.825603 -8.513458
v -7.718145 1.825603 -8.513458
v -6.344423 1.536398 -8.513458
v -16.79194 5.187607 -5.512961
v -4.609198 5.187607 0.3072796
v -3.054722 5.187607 -5.512961
v -13.06843 5.187607 0.3072796
v -16.79194 5.187607 0.3072796
v -3.054722 5.187607 0.3072796
v -4.609198 5.51296 7.031284
v -4.609198 5.187607 0.3072796
v -4.609198 5.187607 7.031284
v -4.609198 5.51296 0.3072796
v -8.65806 6.886683 -2.83782
v -8.65806 6.886683 7.031284
v -13.06843 5.187607 7.031284
v -13.06843 5.51296 0.3072796
v -13.06843 5.51296 7.031284
v -13.06843 5.187607 0.3072796
v -4.609198 5.187607 7.031284
v -13.06843 5.187607 0.3072796
v -13.06843 5.187607 7.031284
v -4.609198 5.187607 0.3072796
v -13.06843 5.187607 0.3072796
v -16.79194 5.51296 0.3072796
v -13.06843 5.51296 0.3072796
v -16.79194 5.187607 0.3072796
v -4.609198 5.51296 0.3072796
v -3.054722 5.187607 0.3072796
v -4.609198 5.187607 0.3072796
v -3.054722 5.51296 0.3072796
v -7.645844 -6.922833 -8.694211
v -3.524679 -1.970205 -8.694211
v -7.645844 -1.970205 -8.694211
v -3.524679 -6.922833 -8.694211
v -3.524679 -6.922833 -8.694211
v -3.524679 -1.970205 -5.657564
v -3.524679 -1.970205 -8.694211
v -3.524679 -6.922833 -5.657564
v -3.524679 -6.922833 -5.657564
v 0.01807594 -1.970205 -5.657564
v -3.524679 -1.970205 -5.657564
v 0.01807594 -6.922833 -5.657564
v -5.874466 -3.163175 4.609198
v -2.87397 -2.150959 4.609198
v -2.87397 -3.163175 4.609198
v -5.874466 -2.150959 4.609198
v -16.79194 5.187607 -5.512961
v -3.054722 5.51296 -5.512961
v -16.79194 5.51296 -5.512961
v -3.054722 5.187607 -5.512961
v -11.94776 6.886683 -2.83782
v -8.65806 6.886683 -2.83782
v -7.067436 6.886683 -2.83782
v -13.06843 5.51296 7.031284
v -8.65806 6.886683 7.031284
v -4.609198 5.51296 7.031284
v -16.79194 5.51296 -5.512961
v -11.94776 6.886683 -2.83782
v -16.79194 5.51296 0.3072796
v -13.06843 5.51296 0.3072796
v -11.94776 6.886683 -2.83782
v -8.65806 6.886683 -2.83782
v -16.79194 5.51296 0.3072796
v -7.067436 6.886683 -2.83782
v -4.609198 5.51296 0.3072796
v -3.054722 5.51296 0.3072796
v -13.06843 5.51296 0.3072796
v -8.65806 6.886683 7.031284
v -13.06843 5.51296 7.031284
v -8.65806 6.886683 -2.83782
v -15.45437 1.861753 2.548615
v -15.45437 -2.187109 0.0903759
v -15.45437 1.861753 0.0903759
v -15.45437 -2.187109 2.548615
v -15.45437 -6.922833 0.0903759
v -15.45437 -2.187109 2.548615
v -15.45437 -6.922833 2.548615
v -15.45437 -2.187109 0.0903759
v -5.874466 -6.922833 4.464594
v 0.01807594 -3.452379 4.464594
v 0.01807594 -6.922833 4.464594
v -2.87397 -3.452379 4.464594
v -5.874466 -3.452379 4.464594
v 0.01807594 -3.452379 4.464594
v -2.87397 -3.163175 4.609198
v 0.01807594 -3.163175 4.609198
v -2.87397 -3.452379 4.464594
v -5.874466 -3.452379 4.464594
v -2.87397 -3.163175 4.609198
v -2.87397 -3.452379 4.464594
v -5.874466 -3.163175 4.609198
v 0.01807594 -2.150959 4.609198
v -2.87397 -3.163175 4.609198
v -2.87397 -2.150959 4.609198
v 0.01807594 -3.163175 4.609198
v -11.58626 -5.874467 7.898899
v -11.4778 -3.741584 7.645844
v -11.58626 -3.741584 7.898899
v -11.4778 -5.874467 7.645844
v -11.4778 -5.874467 7.645844
v -11.1886 -3.741584 7.754295
v -11.4778 -3.741584 7.645844
v -11.1886 -5.874467 7.754295
v -11.1886 -5.874467 7.754295
v -11.1886 -3.741584 8.079651
v -11.1886 -3.741584 7.754295
v -11.1886 -5.874467 8.079651
v -11.1886 -5.874467 8.079651
v -11.4778 -3.741584 8.115801
v -11.1886 -3.741584 8.079651
v -11.4778 -5.874467 8.115801
v -11.4778 -5.874467 8.115801
v -11.58626 -3.741584 7.898899
v -11.4778 -3.741584 8.115801
v -11.58626 -5.874467 7.898899
v -6.525177 -5.874467 7.898899
v -6.344423 -3.741584 7.645844
v -6.525177 -3.741584 7.898899
v -6.344423 -5.874467 7.645844
v -6.344423 -5.874467 7.645844
v -6.05522 -3.741584 7.754295
v -6.344423 -3.741584 7.645844
v -6.05522 -5.874467 7.754295
v -6.05522 -5.874467 7.754295
v -6.05522 -3.741584 8.079651
v -6.05522 -3.741584 7.754295
v -6.05522 -5.874467 8.079651
v -6.05522 -5.874467 8.079651
v -6.344423 -3.741584 8.115801
v -6.05522 -3.741584 8.079651
v -6.344423 -5.874467 8.115801
v -6.344423 -5.874467 8.115801
v -6.525177 -3.741584 7.898899
v -6.344423 -3.741584 8.115801
v -6.525177 -5.874467 7.898899
v -8.874964 -6.380575 6.05522
v -9.634125 -3.452379 6.05522
v -8.874964 -3.380078 6.05522
v -9.634125 -6.380575 6.05522
v -8.079651 -6.380575 6.05522
v -8.079651 -3.452379 6.05522
v -7.248188 -6.380575 6.05522
v -7.248188 -3.633132 6.05522
v -10.46559 -3.633132 6.05522
v -10.46559 -6.380575 6.05522
v -11.87546 -6.380575 6.272123
v -11.87546 -2.331711 4.609198
v -11.87546 -2.331711 6.272123
v -11.87546 -6.380575 4.609198
v -5.838316 -6.380575 6.272123
v -6.922832 -3.416228 6.272123
v -5.838316 -2.331711 6.272123
v -6.922832 -6.380575 6.272123
v -8.079651 -3.090874 6.272123
v -8.874964 -3.018573 6.272123
v -8.874964 -2.331711 6.272123
v -5.838316 -6.380575 6.272123
v -5.838316 -2.331711 4.428444
v -5.838316 -6.380575 4.428444
v -5.838316 -2.331711 6.272123
v -11.87546 -2.331711 6.272123
v -8.874964 -3.018573 6.272123
v -9.634125 -3.090874 6.272123
v -8.874964 -2.331711 6.272123
v -10.79094 -3.416228 6.272123
v -10.79094 -6.380575 6.272123
v -11.87546 -6.380575 6.272123
v -6.922832 -6.380575 6.272123
v -7.248188 -3.633132 6.05522
v -6.922832 -3.416228 6.272123
v -7.248188 -6.380575 6.05522
v -6.922832 -3.416228 6.272123
v -8.079651 -3.452379 6.05522
v -8.079651 -3.090874 6.272123
v -7.248188 -3.633132 6.05522
v -8.079651 -3.090874 6.272123
v -8.874964 -3.380078 6.05522
v -8.874964 -3.018573 6.272123
v -8.079651 -3.452379 6.05522
v -8.874964 -3.018573 6.272123
v -9.634125 -3.452379 6.05522
v -9.634125 -3.090874 6.272123
v -8.874964 -3.380078 6.05522
v -9.634125 -3.090874 6.272123
v -10.46559 -3.633132 6.05522
v -10.79094 -3.416228 6.272123
v -9.634125 -3.452379 6.05522
v -10.79094 -3.416228 6.272123
v -10.46559 -6.380575 6.05522
v -10.79094 -6.380575 6.272123
v -10.46559 -3.633132 6.05522
v -6.778231 -6.922833 4.428444
v -6.778231 -5.838317 8.585758
v -6.778231 -6.922833 8.585758
v -6.778231 -5.838317 4.428444
v -5.549112 -5.838317 8.585758
v -5.549112 -5.838317 4.428444
v -6.778231 -5.838317 8.585758
v -5.549112 -6.922833 8.585758
v -6.778231 -6.922833 8.585758
v -5.549112 -5.838317 8.585758
v -5.549112 -5.838317 4.428444
v -5.549112 -6.922833 8.585758
v -5.549112 -5.838317 8.585758
v -5.549112 -6.922833 4.428444
v -5.693714 -1.066442 8.730362
v -8.838814 -1.861753 8.730362
v -8.838814 -1.066442 8.730362
v -5.693714 -1.861753 8.730362
v -12.05621 -1.066442 8.730362
v -8.838814 -1.861753 8.730362
v -12.05621 -1.861753 8.730362
v -8.838814 -1.066442 8.730362
v -12.05621 -1.066442 8.730362
v -12.05621 -1.861753 4.609198
v -12.05621 -1.066442 4.609198
v -12.05621 -1.861753 8.730362
v -5.693714 -1.066442 4.609198
v -5.693714 -1.861753 8.730362
v -5.693714 -1.066442 8.730362
v -5.693714 -1.861753 4.609198
v -5.910618 -0.4518814 5.223757
v -2.83782 -1.247194 5.223757
v -5.910618 -1.247194 5.223757
v -2.83782 -0.4518814 5.223757
v -10.17638 2.87397 6.850533
v -7.428942 2.150959 6.850533
v -10.17638 2.150959 6.850533
v -7.428942 2.87397 6.850533
v -5.838316 2.548615 2.295561
v -4.17539 1.825603 2.295561
v -5.838316 1.825603 2.295561
v -4.17539 2.548615 2.295561
v -4.17539 2.548615 0.9941406
v -2.512465 1.825603 0.9941406
v -4.17539 1.825603 0.9941406
v -2.512465 2.548615 0.9941406
v -4.17539 2.548615 2.295561
v -4.17539 1.825603 0.9941406
v -4.17539 1.825603 2.295561
v -4.17539 2.548615 0.9941406
v -13.86374 2.512465 4.500746
v -11.80316 1.861753 4.500746
v -13.86374 1.861753 4.500746
v -11.80316 2.512465 4.500746
v -15.12901 2.512465 6.344423
v -13.86374 1.861753 4.500746
v -15.12901 1.861753 6.344423
v -13.86374 2.512465 4.500746
v -16.97269 2.512465 6.344423
v -15.12901 1.861753 6.344423
v -16.97269 1.861753 6.344423
v -15.12901 2.512465 6.344423
v -18.23796 2.512465 4.609198
v -16.97269 1.861753 6.344423
v -18.23796 1.861753 4.609198
v -16.97269 2.512465 6.344423
v -17.08114 2.512465 2.801668
v -18.23796 1.861753 4.609198
v -17.08114 1.861753 2.801668
v -18.23796 2.512465 4.609198
v -15.20131 2.512465 2.801668
v -17.08114 1.861753 2.801668
v -15.20131 1.861753 2.801668
v -17.08114 2.512465 2.801668
v -15.20131 2.512465 0.1988277
v -15.20131 1.861753 2.801668
v -15.20131 1.861753 0.1988277
v -15.20131 2.512465 2.801668
v -4.428444 2.548615 -1.897905
v -2.512465 1.825603 -1.897905
v -2.512465 2.548615 -1.897905
v -4.428444 1.825603 -1.897905
v -2.512465 2.548615 0.9941406
v -2.512465 1.825603 -1.897905
v -2.512465 1.825603 0.9941406
v -2.512465 2.548615 -1.897905
v -2.83782 -0.4518814 5.223757
v 0.01807594 -1.247194 5.223757
v -2.83782 -1.247194 5.223757
v 0.01807594 -0.4518814 5.223757
v 5.874467 1.861753 6.272123
v 8.947266 -2.331711 6.272123
v 5.874467 -2.331711 6.272123
v 8.947266 1.861753 6.272123
v 3.669283 1.861753 -4.13924
v 3.669283 -2.331711 -0.6326351
v 3.669283 -2.331711 -4.13924
v 3.669283 1.861753 -0.6326351
v 16.39428 1.861753 0.1265259
v 16.39428 -2.331711 -4.13924
v 16.39428 -2.331711 0.1265259
v 16.39428 1.861753 -4.13924
v 11.98391 1.861753 -8.694211
v 7.754296 -2.331711 -8.694211
v 11.98391 -2.331711 -8.694211
v 7.754296 1.861753 -8.694211
v 7.754296 -2.331711 -4.13924
v 7.754296 1.861753 -8.694211
v 7.754296 1.861753 -4.13924
v 7.754296 -2.331711 -8.694211
v 11.98391 1.861753 6.272123
v 11.98391 -2.331711 3.163174
v 11.98391 -2.331711 6.272123
v 11.98391 1.861753 3.163174
v 11.98391 1.861753 0.1265259
v 16.39428 -2.331711 0.1265259
v 11.98391 -2.331711 0.1265259
v 16.39428 1.861753 0.1265259
v 5.874467 5.187607 6.272123
v 8.947266 1.861753 6.272123
v 5.874467 1.861753 6.272123
v 8.947266 5.187607 6.272123
v 3.669283 5.187607 -4.13924
v 3.669283 1.861753 -0.6326351
v 3.669283 1.861753 -4.13924
v 3.669283 5.187607 -0.6326351
v 16.39428 5.187607 0.1265259
v 16.39428 1.861753 -4.13924
v 16.39428 1.861753 0.1265259
v 16.39428 5.187607 -4.13924
v 16.39428 -6.922833 -4.13924
v 16.39428 -2.331711 0.1265259
v 16.39428 -2.331711 -4.13924
v 16.39428 -6.922833 0.1265259
v 7.754296 -6.922833 -8.694211
v 11.98391 -2.331711 -8.694211
v 7.754296 -2.331711 -8.694211
v 11.98391 -6.922833 -8.694211
v 11.98391 5.187607 6.272123
v 11.98391 1.861753 3.163174
v 11.98391 1.861753 6.272123
v 11.98391 5.187607 3.163174
v 16.39428 5.187607 -4.13924
v 11.98391 1.861753 -4.13924
v 16.39428 1.861753 -4.13924
v 11.98391 5.187607 -4.13924
v 11.98391 5.187607 0.1265259
v 16.39428 1.861753 0.1265259
v 11.98391 1.861753 0.1265259
v 16.39428 5.187607 0.1265259
v 16.39428 -6.922833 0.1265259
v 11.98391 -2.331711 0.1265259
v 16.39428 -2.331711 0.1265259
v 11.98391 -6.922833 0.1265259
v 16.39428 -2.331711 -4.13924
v 16.39428 1.861753 -8.694211
v 16.39428 -2.331711 -8.694211
v 16.39428 1.861753 -4.13924
v 16.39428 -6.922833 -4.13924
v 16.39428 -2.331711 -8.694211
v 16.39428 -6.922833 -8.694211
v 16.39428 -2.331711 -4.13924
v 16.39428 -2.331711 -8.694211
v 11.98391 -6.922833 -8.694211
v 11.98391 -2.331711 -8.694211
v 16.39428 1.861753 -8.694211
v 11.98391 -2.331711 -8.694211
v 16.39428 -2.331711 -8.694211
v 11.98391 1.861753 -8.694211
v 5.874467 1.861753 2.801668
v 5.874467 -2.331711 -0.6326351
v 5.874467 1.861753 -0.6326351
v 5.874467 -2.331711 2.801668
v 5.874467 5.187607 2.801668
v 5.874467 1.861753 -0.6326351
v 5.874467 5.187607 -0.6326351
v 5.874467 1.861753 2.801668
v 7.754296 -2.331711 -4.13924
v 3.669283 1.861753 -4.13924
v 3.669283 -2.331711 -4.13924
v 7.754296 1.861753 -4.13924
v 7.754296 1.861753 -4.13924
v 3.669283 5.187607 -4.13924
v 3.669283 1.861753 -4.13924
v 5.874467 5.187607 -4.13924
v 7.754296 5.187607 -4.13924
v 5.874467 5.187607 -0.6326351
v 3.669283 1.861753 -0.6326351
v 3.669283 5.187607 -0.6326351
v 5.874467 1.861753 -0.6326351
v 5.874467 1.861753 -0.6326351
v 3.669283 -2.331711 -0.6326351
v 3.669283 1.861753 -0.6326351
v 5.874467 -2.331711 -0.6326351
v 16.39428 1.861753 -4.13924
v 11.98391 1.861753 -8.694211
v 16.39428 1.861753 -8.694211
v 11.98391 1.861753 -4.13924
v 7.754296 1.861753 -8.694211
v 11.98391 1.861753 -4.13924
v 7.754296 1.861753 -4.13924
v 11.98391 1.861753 -8.694211
v 7.754296 1.861753 -4.13924
v 11.98391 5.187607 -4.13924
v 7.754296 5.187607 -4.13924
v 11.98391 1.861753 -4.13924
v 11.98391 1.861753 6.272123
v 8.947266 -2.331711 6.272123
v 8.947266 1.861753 6.272123
v 11.98391 -2.331711 6.272123
v 11.98391 5.187607 6.272123
v 8.947266 1.861753 6.272123
v 8.947266 5.187607 6.272123
v 11.98391 1.861753 6.272123
v 11.98391 5.187607 0.1265259
v 11.98391 1.861753 3.163174
v 11.98391 5.187607 3.163174
v 11.98391 1.861753 0.1265259
v 5.874467 1.861753 6.272123
v 5.874467 -2.331711 2.801668
v 5.874467 1.861753 2.801668
v 5.874467 -2.331711 6.272123
v 5.874467 5.187607 6.272123
v 5.874467 1.861753 2.801668
v 5.874467 5.187607 2.801668
v 5.874467 1.861753 6.272123
v 11.91161 1.861753 4.645348
v 13.75529 -2.187109 4.645348
v 11.91161 -2.187109 4.645348
v 13.75529 1.861753 4.645348
v 13.75529 -6.922833 4.645348
v 11.91161 -2.187109 4.645348
v 13.75529 -2.187109 4.645348
v 11.91161 -6.922833 4.645348
v 15.52667 1.861753 4.645348
v 11.91161 1.861753 0.01807594
v 15.52667 1.861753 0.01807594
v 11.91161 1.861753 4.645348
v 14.98441 1.934055 6.561327
v 17.22574 -2.187109 6.561327
v 14.98441 -2.187109 6.561327
v 17.22574 1.934055 6.561327
v 17.22574 1.934055 6.561327
v 18.49101 -2.187109 4.609198
v 17.22574 -2.187109 6.561327
v 18.49101 1.934055 4.609198
v 17.22574 -6.922833 6.561327
v 14.98441 -2.187109 6.561327
v 17.22574 -2.187109 6.561327
v 14.98441 -6.922833 6.561327
v 14.98441 -6.922833 2.476313
v 17.22574 -2.187109 2.476313
v 14.98441 -2.187109 2.476313
v 17.22574 -6.922833 2.476313
v 17.22574 1.934055 2.476313
v 13.68299 1.934055 4.609198
v 14.98441 1.934055 2.476313
v 18.49101 1.934055 4.609198
v 17.22574 1.934055 6.561327
v 14.98441 1.934055 6.561327
v 17.22574 1.934055 2.476313
v 18.49101 -2.187109 4.609198
v 18.49101 1.934055 4.609198
v 17.22574 -2.187109 2.476313
v 17.22574 -6.922833 6.561327
v 18.49101 -2.187109 4.609198
v 18.49101 -6.922833 4.609198
v 17.22574 -2.187109 6.561327
v 18.49101 -6.922833 4.609198
v 17.22574 -2.187109 2.476313
v 17.22574 -6.922833 2.476313
v 18.49101 -2.187109 4.609198
v 14.98441 1.934055 2.476313
v 17.22574 -2.187109 2.476313
v 17.22574 1.934055 2.476313
v 14.98441 -2.187109 2.476313
v 6.091371 -2.223261 -3.596981
v 0.01807594 -2.223261 6.01907
v 6.091371 -2.223261 6.01907
v 0.01807594 -2.114809 -9.055717
v 7.935049 -2.114809 -3.596981
v 7.935049 -2.114809 -9.055717
v 0.01807594 -1.174894 5.51296
v 6.091371 -1.174894 -3.596981
v 6.091371 -1.174894 5.51296
v 0.01807594 -1.174894 -9.055717
v 7.935049 -1.174894 -9.055717
v 7.935049 -1.174894 -3.596981
v 0.01807594 -2.223261 6.01907
v 6.091371 -1.753304 6.199821
v 6.091371 -2.223261 6.01907
v 0.01807594 -1.753304 6.199821
v 0.01807594 -1.174894 -9.055717
v 7.935049 -2.114809 -9.055717
v 7.935049 -1.174894 -9.055717
v 0.01807594 -2.114809 -9.055717
v 7.935049 -2.114809 -3.596981
v 7.935049 -1.174894 -9.055717
v 7.935049 -2.114809 -9.055717
v 7.935049 -1.174894 -3.596981
v 0.01807594 -1.174894 5.51296
v 6.091371 -1.753304 6.199821
v 0.01807594 -1.753304 6.199821
v 6.091371 -1.174894 5.51296
v 12.16467 -6.922833 4.609198
v 12.16467 -5.838317 8.585758
v 12.16467 -5.838317 4.609198
v 12.16467 -6.922833 8.585758
v 12.16467 -5.838317 4.609198
v 11.00785 -5.838317 8.585758
v 11.00785 -5.838317 4.609198
v 12.16467 -5.838317 8.585758
v 12.16467 -5.838317 8.585758
v 11.00785 -6.922833 8.585758
v 11.00785 -5.838317 8.585758
v 12.16467 -6.922833 8.585758
v 11.00785 -5.838317 4.609198
v 11.00785 -6.922833 8.585758
v 11.00785 -6.922833 4.609198
v 11.00785 -5.838317 8.585758
v 6.778232 -6.272123 7.609694
v 11.15245 -6.272123 6.09137
v 11.15245 -6.272123 7.609694
v 6.778232 -6.272123 6.09137
v 6.778232 -6.922833 8.368856
v 11.15245 -6.272123 7.609694
v 11.15245 -6.922833 8.368856
v 6.778232 -6.272123 7.609694
v 5.512961 -2.87397 4.356142
v 5.512961 -1.825603 8.983416
v 5.512961 -2.87397 8.983416
v 5.512961 -1.825603 4.356142
v 5.512961 -1.825603 8.983416
v 12.34542 -1.825603 4.356142
v 12.34542 -1.825603 8.983416
v 5.512961 -1.825603 4.356142
v 5.512961 -2.87397 8.983416
v 12.34542 -1.825603 8.983416
v 12.34542 -2.87397 8.983416
v 5.512961 -1.825603 8.983416
v 12.34542 -1.825603 8.983416
v 12.34542 -2.87397 4.356142
v 12.34542 -2.87397 8.983416
v 12.34542 -1.825603 4.356142
v 12.34542 -2.87397 4.356142
v 5.512961 -2.87397 8.983416
v 12.34542 -2.87397 8.983416
v 5.512961 -2.87397 4.356142
v 3.922337 1.536398 1.319496
v 3.922337 1.825603 2.548615
v 3.922337 1.536398 2.548615
v 3.922337 1.825603 1.319496
v 3.922337 1.825603 -0.6687851
v 3.922337 1.825603 2.548615
v 3.922337 1.825603 1.319496
v 5.982919 1.825603 -0.6687851
v 3.922337 1.825603 2.548615
v 3.922337 1.825603 -0.6687851
v 5.982919 1.825603 2.548615
v 3.922337 1.536398 2.548615
v 5.982919 1.825603 2.548615
v 5.982919 1.536398 2.548615
v 3.922337 1.825603 2.548615
v 5.982919 1.825603 2.548615
v 5.982919 1.536398 -0.6687851
v 5.982919 1.536398 2.548615
v 5.982919 1.825603 -0.6687851
v 2.295561 1.536398 -4.898402
v 2.295561 1.825603 1.283344
v 2.295561 1.536398 1.283344
v 2.295561 1.825603 -4.898402
v 2.295561 1.825603 -4.898402
v 3.922337 1.825603 -0.6687851
v 2.295561 1.825603 1.283344
v 3.922337 1.825603 -3.596981
v 3.922337 1.825603 1.319496
v 5.982919 1.536398 -0.6687851
v 3.922337 1.536398 2.548615
v 5.982919 1.536398 2.548615
v 3.922337 1.536398 1.319496
v 2.295561 1.536398 1.283344
v 2.295561 1.536398 -4.898402
v 7.826597 1.536398 -3.633132
v 6.416725 1.536398 -4.898402
v 7.826597 1.536398 -8.513458
v 6.416725 1.536398 -8.513458
v 2.295561 1.536398 1.283344
v 3.922337 1.825603 1.319496
v 3.922337 1.536398 1.319496
v 2.295561 1.825603 1.283344
v 3.922337 1.825603 -3.596981
v 6.416725 1.825603 -4.898402
v 7.826597 1.825603 -3.633132
v 2.295561 1.825603 -4.898402
v 2.295561 1.825603 -4.898402
v 6.416725 1.536398 -4.898402
v 6.416725 1.825603 -4.898402
v 2.295561 1.536398 -4.898402
v 7.826597 1.825603 -3.633132
v 6.416725 1.825603 -8.513458
v 7.826597 1.825603 -8.513458
v 6.416725 1.825603 -4.898402
v 6.416725 1.825603 -4.898402
v 6.416725 1.536398 -8.513458
v 6.416725 1.825603 -8.513458
v 6.416725 1.536398 -4.898402
v 6.958984 1.427948 7.031284
v 6.958984 2.259411 6.199821
v 6.958984 2.259411 7.031284
v 6.958984 1.427948 6.199821
v 6.958984 2.259411 7.031284
v 10.75479 2.259411 6.199821
v 10.75479 2.259411 7.031284
v 6.958984 2.259411 6.199821
v 6.958984 1.427948 7.031284
v 10.75479 2.259411 7.031284
v 10.75479 1.427948 7.031284
v 6.958984 2.259411 7.031284
v 10.75479 2.259411 7.031284
v 10.75479 1.427948 6.199821
v 10.75479 1.427948 7.031284
v 10.75479 2.259411 6.199821
v 10.75479 1.427948 6.199821
v 6.958984 1.427948 7.031284
v 10.75479 1.427948 7.031284
v 6.958984 1.427948 6.199821
v 3.163175 5.187607 -5.512961
v 3.163175 5.51296 0.3072796
v 3.163175 5.187607 0.3072796
v 3.163175 5.51296 -5.512961
v 7.139737 6.886683 -2.83782
v 4.645348 5.187607 7.031284
v 13.10458 5.51296 7.031284
v 13.10458 5.187607 7.031284
v 4.645348 5.51296 7.031284
v 16.86424 5.51296 -5.512961
v 16.86424 5.187607 0.3072796
v 16.86424 5.51296 0.3072796
v 16.86424 5.187607 -5.512961
v 5.910618 -3.813885 8.513458
v 5.910618 -2.548615 6.272123
v 5.910618 -2.548615 8.513458
v 5.910618 -3.813885 6.272123
v 7.031285 -3.813885 8.513458
v 5.910618 -3.813885 8.513458
v 5.910618 -2.548615 8.513458
v 7.754296 -3.199326 8.513458
v 8.947266 -2.548615 8.513458
v 8.947266 -2.946271 8.513458
v 5.910618 -3.813885 6.272123
v 7.031285 -3.813885 8.513458
v 7.031285 -3.813885 6.272123
v 5.910618 -3.813885 8.513458
v 7.754296 -3.199326 6.272123
v 7.754296 -3.199326 8.513458
v 8.947266 -2.946271 6.272123
v 8.947266 -2.946271 8.513458
v 10.10408 -3.199326 6.272123
v 10.10408 -3.199326 8.513458
v 10.86325 -3.813885 6.272123
v 10.86325 -3.813885 8.513458
v 11.98391 -3.813885 6.272123
v 11.98391 -3.813885 8.513458
v 11.98391 -3.813885 8.513458
v 11.98391 -2.548615 6.272123
v 11.98391 -3.813885 6.272123
v 11.98391 -2.548615 8.513458
v 10.86325 -3.813885 8.513458
v 11.98391 -2.548615 8.513458
v 11.98391 -3.813885 8.513458
v 10.10408 -3.199326 8.513458
v 8.947266 -2.548615 8.513458
v 8.947266 -2.946271 8.513458
v 14.98441 1.934055 6.561327
v 13.68299 -2.187109 4.609198
v 13.68299 1.934055 4.609198
v 14.98441 -2.187109 6.561327
v 14.98441 -2.187109 6.561327
v 13.68299 -6.922833 4.609198
v 13.68299 -2.187109 4.609198
v 14.98441 -6.922833 6.561327
v 7.826597 1.536398 -8.513458
v 6.416725 1.825603 -8.513458
v 6.416725 1.536398 -8.513458
v 7.826597 1.825603 -8.513458
v 16.86424 5.187607 -5.512961
v 4.645348 5.187607 0.3072796
v 13.10458 5.187607 0.3072796
v 3.163175 5.187607 -5.512961
v 16.86424 5.187607 0.3072796
v 3.163175 5.187607 0.3072796
v 4.645348 5.51296 7.031284
v 4.645348 5.187607 0.3072796
v 4.645348 5.51296 0.3072796
v 4.645348 5.187607 7.031284
v 8.694211 6.886683 -2.83782
v 8.694211 6.886683 7.031284
v 13.10458 5.187607 7.031284
v 13.10458 5.51296 0.3072796
v 13.10458 5.187607 0.3072796
v 13.10458 5.51296 7.031284
v 4.645348 5.187607 7.031284
v 13.10458 5.187607 0.3072796
v 4.645348 5.187607 0.3072796
v 13.10458 5.187607 7.031284
v 13.10458 5.187607 0.3072796
v 16.86424 5.51296 0.3072796
v 16.86424 5.187607 0.3072796
v 13.10458 5.51296 0.3072796
v 4.645348 5.51296 0.3072796
v 3.163175 5.187607 0.3072796
v 3.163175 5.51296 0.3072796
v 4.645348 5.187607 0.3072796
v 7.754296 -6.922833 -8.694211
v 3.596981 -1.970205 -8.694211
v 3.596981 -6.922833 -8.694211
v 7.754296 -1.970205 -8.694211
v 3.596981 -6.922833 -8.694211
v 3.596981 -1.970205 -5.657564
v 3.596981 -6.922833 -5.657564
v 3.596981 -1.970205 -8.694211
v 3.596981 -6.922833 -5.657564
v 0.01807594 -1.970205 -5.657564
v 0.01807594 -6.922833 -5.657564
v 3.596981 -1.970205 -5.657564
v 5.910618 -3.163175 4.609198
v 2.946271 -2.150959 4.609198
v 5.910618 -2.150959 4.609198
v 2.946271 -3.163175 4.609198
v 16.86424 5.187607 -5.512961
v 3.163175 5.51296 -5.512961
v 3.163175 5.187607 -5.512961
v 16.86424 5.51296 -5.512961
v 12.05621 6.886683 -2.83782
v 8.694211 6.886683 -2.83782
v 7.139737 6.886683 -2.83782
v 13.10458 5.51296 7.031284
v 4.645348 5.51296 7.031284
v 8.694211 6.886683 7.031284
v 16.86424 5.51296 -5.512961
v 16.86424 5.51296 0.3072796
v 12.05621 6.886683 -2.83782
v 13.10458 5.51296 0.3072796
v 12.05621 6.886683 -2.83782
v 16.86424 5.51296 0.3072796
v 8.694211 6.886683 -2.83782
v 4.645348 5.51296 0.3072796
v 7.139737 6.886683 -2.83782
v 3.163175 5.51296 0.3072796
v 13.10458 5.51296 0.3072796
v 8.694211 6.886683 7.031284
v 8.694211 6.886683 -2.83782
v 13.10458 5.51296 7.031284
v 15.52667 1.861753 2.548615
v 15.52667 -2.187109 0.0903759
v 15.52667 -2.187109 2.548615
v 15.52667 1.861753 0.0903759
v 15.52667 -6.922833 0.0903759
v 15.52667 -2.187109 2.548615
v 15.52667 -2.187109 0.0903759
v 15.52667 -6.922833 2.548615
v 0.01807594 -3.452379 4.464594
v 5.910618 -6.922833 4.464594
v 0.01807594 -6.922833 4.464594
v 2.946271 -3.452379 4.464594
v 5.910618 -3.452379 4.464594
v 0.01807594 -3.452379 4.464594
v 2.946271 -3.163175 4.609198
v 2.946271 -3.452379 4.464594
v 0.01807594 -3.163175 4.609198
v 5.910618 -3.452379 4.464594
v 2.946271 -3.163175 4.609198
v 5.910618 -3.163175 4.609198
v 2.946271 -3.452379 4.464594
v 0.01807594 -2.150959 4.609198
v 2.946271 -3.163175 4.609198
v 0.01807594 -3.163175 4.609198
v 2.946271 -2.150959 4.609198
v 11.69471 -5.874467 7.898899
v 11.51396 -3.741584 7.645844
v 11.51396 -5.874467 7.645844
v 11.69471 -3.741584 7.898899
v 11.51396 -5.874467 7.645844
v 11.22475 -3.741584 7.754295
v 11.22475 -5.874467 7.754295
v 11.51396 -3.741584 7.645844
v 11.22475 -5.874467 7.754295
v 11.22475 -3.741584 8.079651
v 11.22475 -5.874467 8.079651
v 11.22475 -3.741584 7.754295
v 11.22475 -5.874467 8.079651
v 11.51396 -3.741584 8.115801
v 11.51396 -5.874467 8.115801
v 11.22475 -3.741584 8.079651
v 11.51396 -5.874467 8.115801
v 11.69471 -3.741584 7.898899
v 11.69471 -5.874467 7.898899
v 11.51396 -3.741584 8.115801
v 6.597479 -5.874467 7.898899
v 6.416725 -3.741584 7.645844
v 6.416725 -5.874467 7.645844
v 6.597479 -3.741584 7.898899
v 6.416725 -5.874467 7.645844
v 6.091371 -3.741584 7.754295
v 6.091371 -5.874467 7.754295
v 6.416725 -3.741584 7.645844
v 6.091371 -5.874467 7.754295
v 6.091371 -3.741584 8.079651
v 6.091371 -5.874467 8.079651
v 6.091371 -3.741584 7.754295
v 6.091371 -5.874467 8.079651
v 6.416725 -3.741584 8.115801
v 6.416725 -5.874467 8.115801
v 6.091371 -3.741584 8.079651
v 6.416725 -5.874467 8.115801
v 6.597479 -3.741584 7.898899
v 6.597479 -5.874467 7.898899
v 6.416725 -3.741584 8.115801
v 8.947266 -6.380575 6.05522
v 9.742578 -3.452379 6.05522
v 9.742578 -6.380575 6.05522
v 8.947266 -3.380078 6.05522
v 8.115802 -6.380575 6.05522
v 8.115802 -3.452379 6.05522
v 7.32049 -6.380575 6.05522
v 7.32049 -3.633132 6.05522
v 10.50174 -3.633132 6.05522
v 10.50174 -6.380575 6.05522
v 11.98391 -6.380575 6.272123
v 11.98391 -2.331711 4.609198
v 11.98391 -6.380575 4.609198
v 11.98391 -2.331711 6.272123
v 5.874467 -6.380575 6.272123
v 6.995134 -3.416228 6.272123
v 6.995134 -6.380575 6.272123
v 5.874467 -2.331711 6.272123
v 8.115802 -3.090874 6.272123
v 8.947266 -3.018573 6.272123
v 8.947266 -2.331711 6.272123
v 5.874467 -6.380575 6.272123
v 5.874467 -2.331711 4.428444
v 5.874467 -2.331711 6.272123
v 5.874467 -6.380575 4.428444
v 11.98391 -2.331711 6.272123
v 9.742578 -3.090874 6.272123
v 8.947266 -3.018573 6.272123
v 8.947266 -2.331711 6.272123
v 10.86325 -3.416228 6.272123
v 10.86325 -6.380575 6.272123
v 11.98391 -6.380575 6.272123
v 6.995134 -6.380575 6.272123
v 7.32049 -3.633132 6.05522
v 7.32049 -6.380575 6.05522
v 6.995134 -3.416228 6.272123
v 6.995134 -3.416228 6.272123
v 8.115802 -3.452379 6.05522
v 7.32049 -3.633132 6.05522
v 8.115802 -3.090874 6.272123
v 8.115802 -3.090874 6.272123
v 8.947266 -3.380078 6.05522
v 8.115802 -3.452379 6.05522
v 8.947266 -3.018573 6.272123
v 8.947266 -3.018573 6.272123
v 9.742578 -3.452379 6.05522
v 8.947266 -3.380078 6.05522
v 9.742578 -3.090874 6.272123
v 9.742578 -3.090874 6.272123
v 10.50174 -3.633132 6.05522
v 9.742578 -3.452379 6.05522
v 10.86325 -3.416228 6.272123
v 10.86325 -3.416228 6.272123
v 10.50174 -6.380575 6.05522
v 10.50174 -3.633132 6.05522
v 10.86325 -6.380575 6.272123
v 6.850533 -6.922833 4.428444
v 6.850533 -5.838317 8.585758
v 6.850533 -5.838317 4.428444
v 6.850533 -6.922833 8.585758
v 6.850533 -5.838317 4.428444
v 5.657564 -5.838317 8.585758
v 5.657564 -5.838317 4.428444
v 6.850533 -5.838317 8.585758
v 6.850533 -5.838317 8.585758
v 5.657564 -6.922833 8.585758
v 5.657564 -5.838317 8.585758
v 6.850533 -6.922833 8.585758
v 5.657564 -5.838317 4.428444
v 5.657564 -6.922833 8.585758
v 5.657564 -6.922833 4.428444
v 5.657564 -5.838317 8.585758
v 5.766015 -1.066442 8.730362
v 8.874964 -1.861753 8.730362
v 5.766015 -1.861753 8.730362
v 8.874964 -1.066442 8.730362
v 12.16467 -1.066442 8.730362
v 8.874964 -1.861753 8.730362
v 8.874964 -1.066442 8.730362
v 12.16467 -1.861753 8.730362
v 12.16467 -1.066442 8.730362
v 12.16467 -1.861753 4.609198
v 12.16467 -1.861753 8.730362
v 12.16467 -1.066442 4.609198
v 5.766015 -1.066442 4.609198
v 5.766015 -1.861753 8.730362
v 5.766015 -1.861753 4.609198
v 5.766015 -1.066442 8.730362
v 5.982919 -0.4518814 5.223757
v 2.946271 -1.247194 5.223757
v 2.946271 -0.4518814 5.223757
v 5.982919 -1.247194 5.223757
v 10.28484 2.87397 6.850533
v 7.501243 2.150959 6.850533
v 7.501243 2.87397 6.850533
v 10.28484 2.150959 6.850533
v 5.874467 2.548615 2.295561
v 4.247692 1.825603 2.295561
v 4.247692 2.548615 2.295561
v 5.874467 1.825603 2.295561
v 4.247692 2.548615 0.9941406
v 2.584765 1.825603 0.9941406
v 2.584765 2.548615 0.9941406
v 4.247692 1.825603 0.9941406
v 4.247692 2.548615 2.295561
v 4.247692 1.825603 0.9941406
v 4.247692 2.548615 0.9941406
v 4.247692 1.825603 2.295561
v 13.89989 2.512465 4.500746
v 11.87546 1.861753 4.500746
v 11.87546 2.512465 4.500746
v 13.89989 1.861753 4.500746
v 15.20131 2.512465 6.344423
v 13.89989 1.861753 4.500746
v 13.89989 2.512465 4.500746
v 15.20131 1.861753 6.344423
v 17.08114 2.512465 6.344423
v 15.20131 1.861753 6.344423
v 15.20131 2.512465 6.344423
v 17.08114 1.861753 6.344423
v 18.27411 2.512465 4.609198
v 17.08114 1.861753 6.344423
v 17.08114 2.512465 6.344423
v 18.27411 1.861753 4.609198
v 17.11729 2.512465 2.801668
v 18.27411 1.861753 4.609198
v 18.27411 2.512465 4.609198
v 17.11729 1.861753 2.801668
v 15.27361 2.512465 2.801668
v 17.11729 1.861753 2.801668
v 17.11729 2.512465 2.801668
v 15.27361 1.861753 2.801668
v 15.27361 2.512465 0.1988277
v 15.27361 1.861753 2.801668
v 15.27361 2.512465 2.801668
v 15.27361 1.861753 0.1988277
v 4.609198 2.548615 -1.897905
v 2.584765 1.825603 -1.897905
v 4.609198 1.825603 -1.897905
v 2.584765 2.548615 -1.897905
v 2.584765 2.548615 0.9941406
v 2.584765 1.825603 -1.897905
v 2.584765 2.548615 -1.897905
v 2.584765 1.825603 0.9941406
v 2.946271 -0.4518814 5.223757
v 0.01807594 -1.247194 5.223757
v 0.01807594 -0.4518814 5.223757
v 2.946271 -1.247194 5.223757
v -0.5241833 -5.910618 6.09137
v 0.4880333 -5.910618 5.187607
v 0.4880333 -5.910618 6.09137
v -0.5241833 -5.910618 5.187607
v 0.3795815 -6.272123 5.296057
v 0.4880333 -5.910618 6.09137
v 0.4880333 -5.910618 5.187607
v 0.3795815 -6.272123 6.01907
v 0.3795815 -6.958984 6.01907
v 0.3795815 -6.958984 5.296057
v -0.4518814 -6.272123 5.296057
v 0.4880333 -5.910618 5.187607
v -0.5241833 -5.910618 5.187607
v 0.3795815 -6.272123 5.296057
v 0.3795815 -6.958984 5.296057
v -0.4518814 -6.958984 5.296057
v -0.4518814 -6.272123 6.01907
v -0.5241833 -5.910618 5.187607
v -0.5241833 -5.910618 6.09137
v -0.4518814 -6.272123 5.296057
v -0.4518814 -6.958984 5.296057
v -0.4518814 -6.958984 6.01907
v 0.3795815 -6.272123 6.01907
v -0.5241833 -5.910618 6.09137
v 0.4880333 -5.910618 6.09137
v -0.4518814 -6.272123 6.01907
v -0.4518814 -6.958984 6.01907
v 0.3795815 -6.958984 6.01907
v -0.3072796 -5.946768 5.657564
v -0.0903759 -2.114809 5.296057
v -0.3072796 -2.114809 5.657564
v -0.0903759 -5.946768 5.296057
v -0.0903759 -5.946768 5.296057
v 0.2349796 -2.114809 5.404509
v -0.0903759 -2.114809 5.296057
v 0.2349796 -5.946768 5.404509
v 0.2349796 -5.946768 5.404509
v 0.2349796 -2.114809 5.838316
v 0.2349796 -2.114809 5.404509
v 0.2349796 -5.946768 5.838316
v 0.2349796 -5.946768 5.838316
v -0.0903759 -2.114809 5.910618
v 0.2349796 -2.114809 5.838316
v -0.0903759 -5.946768 5.910618
v -0.0903759 -5.946768 5.910618
v -0.3072796 -2.114809 5.657564
v -0.0903759 -2.114809 5.910618
v -0.3072796 -5.946768 5.657564
vt 0.8937373 0.4978274
vt 0.9956547 0.2469537
vt 0.9956547 0.4978274
vt 0.8937373 0.2469537
vt 0.9956547 0.7447811
vt 0.7526209 0.4978274
vt 0.7526209 0.7447811
vt 0.9956547 0.4978274
vt 0.9956547 0.7291015
vt 0.748701 0.5174268
vt 0.748701 0.7291015
vt 0.9956547 0.5174268
vt 0.5252666 0.7447811
vt 0.748701 0.4978274
vt 0.748701 0.7447811
vt 0.5252666 0.4978274
vt 0.5017473 0.4978274
vt 0.748701 0.7447811
vt 0.748701 0.4978274
vt 0.5017473 0.7447811
vt 0.748701 0.7447811
vt 0.6271841 0.4978274
vt 0.6271841 0.7447811
vt 0.748701 0.4978274
vt 0.748701 0.7447811
vt 0.5017473 0.4978274
vt 0.5017473 0.7447811
vt 0.748701 0.4978274
vt 0.8937373 0.4978274
vt 0.9956547 0.2469537
vt 0.9956547 0.4978274
vt 0.8937373 0.2469537
vt 0.9956547 0.7447811
vt 0.7526209 0.4978274
vt 0.7526209 0.7447811
vt 0.9956547 0.4978274
vt 0.9956547 0.7447811
vt 0.748701 0.5174268
vt 0.748701 0.7447811
vt 0.9956547 0.5174268
vt 0.748701 0.4978274
vt 0.9956547 0.7291015
vt 0.9956547 0.4978274
vt 0.748701 0.7291015
vt 0.748701 0.4978274
vt 0.5252666 0.7447811
vt 0.5252666 0.4978274
vt 0.748701 0.7447811
vt 0.748701 0.7447811
vt 0.6271841 0.4978274
vt 0.6271841 0.7447811
vt 0.748701 0.4978274
vt 0.5997447 0.7447811
vt 0.5174268 0.4978274
vt 0.5174268 0.7447811
vt 0.5997447 0.4978274
vt 0.748701 0.7447811
vt 0.5017473 0.4978274
vt 0.5017473 0.7447811
vt 0.748701 0.4978274
vt 0.5017473 0.4978274
vt 0.748701 0.7447811
vt 0.748701 0.4978274
vt 0.5017473 0.7447811
vt 0.9956547 0.5174268
vt 0.748701 0.7291015
vt 0.9956547 0.7291015
vt 0.748701 0.5174268
vt 0.9956547 0.4978274
vt 0.748701 0.7291015
vt 0.9956547 0.7291015
vt 0.748701 0.4978274
vt 0.5252666 0.4978274
vt 0.748701 0.7447811
vt 0.5252666 0.7447811
vt 0.748701 0.7447811
vt 0.5252666 0.4978274
vt 0.5252666 0.7447811
vt 0.748701 0.4978274
vt 0.6271841 0.7447811
vt 0.748701 0.4978274
vt 0.6271841 0.4978274
vt 0.748701 0.7447811
vt 0.7957398 0.4978274
vt 0.8937373 0.2469537
vt 0.7957398 0.2469537
vt 0.8937373 0.4978274
vt 0.5997447 0.4978274
vt 0.5174268 0.7447811
vt 0.5997447 0.7447811
vt 0.5174268 0.4978274
vt 0.5997447 0.4978274
vt 0.5605457 0.7447811
vt 0.5997447 0.7447811
vt 0.5174268 0.7447811
vt 0.5174268 0.4978274
vt 0.5017473 0.7447811
vt 0.6271841 0.4978274
vt 0.5017473 0.4978274
vt 0.6271841 0.7447811
vt 0.5017473 0.7447811
vt 0.6271841 0.4978274
vt 0.5017473 0.4978274
vt 0.6271841 0.7447811
vt 0.5213467 0.5331064
vt 0.587985 0.6507035
vt 0.587985 0.5331064
vt 0.5213467 0.6507035
vt 0.5213467 0.6507035
vt 0.587985 0.5331064
vt 0.587985 0.6507035
vt 0.5213467 0.5331064
vt 0.5997447 0.4978274
vt 0.5174268 0.7447811
vt 0.5174268 0.4978274
vt 0.5997447 0.7447811
vt 0.8937373 0.4978274
vt 0.9956547 0.2469537
vt 0.8937373 0.2469537
vt 0.9956547 0.4978274
vt 0.8937373 0.4978274
vt 0.9956547 0.2469537
vt 0.8937373 0.2469537
vt 0.9956547 0.4978274
vt 0.6271841 0.7447811
vt 0.748701 0.4978274
vt 0.6271841 0.4978274
vt 0.748701 0.7447811
vt 0.6271841 0.7447811
vt 0.748701 0.4978274
vt 0.6271841 0.4978274
vt 0.748701 0.7447811
vt 0.7957398 0.4978274
vt 0.8937373 0.2469537
vt 0.7957398 0.2469537
vt 0.8937373 0.4978274
vt 0.6232642 0.7447811
vt 0.5017473 0.4978274
vt 0.5017473 0.7447811
vt 0.6232642 0.4978274
vt 0.5017473 0.4978274
vt 0.6232642 0.7447811
vt 0.6232642 0.4978274
vt 0.5017473 0.7447811
vt 0.5958248 0.5331064
vt 0.5135069 0.6507035
vt 0.5958248 0.6507035
vt 0.5135069 0.5331064
vt 0.8937373 0.4978274
vt 0.7957398 0.2469537
vt 0.7957398 0.4978274
vt 0.8937373 0.2469537
vt 0.8937373 0.4978274
vt 0.7957398 0.2469537
vt 0.7957398 0.4978274
vt 0.8937373 0.2469537
vt 0.7957398 0.2469537
vt 0.8937373 0.4978274
vt 0.8937373 0.2469537
vt 0.7957398 0.4978274
vt 0.7957398 0.2469537
vt 0.8937373 0.4978274
vt 0.8937373 0.2469537
vt 0.7957398 0.4978274
vt 0.5527059 0.5919049
vt 0.5291865 0.6389438
vt 0.5448661 0.6389438
vt 0.5448661 0.548786
vt 0.5291865 0.548786
vt 0.5174268 0.5919049
vt 0.7957398 0.4978274
vt 0.8937373 0.2469537
vt 0.7957398 0.2469537
vt 0.8937373 0.4978274
vt 0.8937373 0.2469537
vt 0.7957398 0.4978274
vt 0.8937373 0.4978274
vt 0.7957398 0.2469537
vt 0.8937373 0.2469537
vt 0.7957398 0.4978274
vt 0.8937373 0.4978274
vt 0.7957398 0.2469537
vt 0.7957398 0.4978274
vt 0.8937373 0.2469537
vt 0.7957398 0.2469537
vt 0.8937373 0.4978274
vt 0.2939925 0.9682154
vt 0.3880701 0.8741378
vt 0.2469537 0.8741378
vt 0.3880701 0.9682154
vt 0.2939925 0.9995746
vt 0.2469537 0.9995746
vt 0.2469537 0.8741378
vt 0.3410313 0.9682154
vt 0.3880701 0.8741378
vt 0.2469537 0.9682154
vt 0.3880701 0.9995746
vt 0.3410313 0.9995746
vt 0.7408612 0.2469537
vt 0.5291865 0.2665532
vt 0.7408612 0.2665532
vt 0.5291865 0.2469537
vt 0.4037497 0.8231791
vt 0.5213467 0.7957398
vt 0.4037497 0.7957398
vt 0.5213467 0.8231791
vt 0.4037497 0.7957398
vt 0.5213467 0.8231791
vt 0.4037497 0.8231791
vt 0.5213467 0.7957398
vt 0.7408612 0.3292716
vt 0.5291865 0.2665532
vt 0.5291865 0.3292716
vt 0.7408612 0.2665532
vt 0.8466985 0.7879
vt 0.9956547 0.8506184
vt 0.9956547 0.7879
vt 0.8466985 0.8506184
vt 0.9956547 0.8741378
vt 0.8466985 0.8741378
vt 0.9564557 0.8506184
vt 0.9956547 0.7879
vt 0.9564557 0.7879
vt 0.9956547 0.8506184
vt 0.8466985 0.8506184
vt 0.9956547 0.7879
vt 0.9956547 0.8506184
vt 0.8466985 0.7879
vt 0.3096721 0.9995746
vt 0.2469537 0.8741378
vt 0.2469537 0.9995746
vt 0.3096721 0.8741378
vt 0 0
vt 0.06271841 0.2430338
vt 0.06271841 0
vt 0 0.2430338
vt 0.5213467 0.748701
vt 0.4037497 0.8231791
vt 0.5213467 0.8231791
vt 0.4037497 0.748701
vt 0.5958248 0.5331064
vt 0.5135069 0.6507035
vt 0.5958248 0.6507035
vt 0.5135069 0.5331064
vt 0.4037497 0.748701
vt 0.5213467 0.8231791
vt 0.4037497 0.8231791
vt 0.5213467 0.748701
vt 0.5213467 0.8231791
vt 0.4037497 0.748701
vt 0.4037497 0.8231791
vt 0.5213467 0.748701
vt 0.5135069 0.6507035
vt 0.5958248 0.5331064
vt 0.5958248 0.6507035
vt 0.5135069 0.5331064
vt 0.748701 0.7173418
vt 0.631104 0.7447811
vt 0.748701 0.7447811
vt 0.631104 0.7173418
vt 0.5213467 0.6389438
vt 0.5644656 0.6389438
vt 0.5370263 0.6389438
vt 0.5213467 0.6389438
vt 0.5644656 0.548786
vt 0.5644656 0.6389438
vt 0.5213467 0.548786
vt 0.631104 0.7173418
vt 0.748701 0.7447811
vt 0.631104 0.7447811
vt 0.748701 0.7173418
vt 0.748701 0.7447811
vt 0.631104 0.7173418
vt 0.631104 0.7447811
vt 0.748701 0.7173418
vt 0.748701 0.7173418
vt 0.631104 0.7447811
vt 0.748701 0.7447811
vt 0.631104 0.7173418
vt 0.5919049 0.6389438
vt 0.5409462 0.548786
vt 0.5762253 0.548786
vt 0.5213467 0.6389438
vt 0.5213467 0.548786
vt 0.2861527 0.9133368
vt 0.2469537 0.9603756
vt 0.2626333 0.9603756
vt 0.2469537 0.9133368
vt 0.2626333 0.9995746
vt 0.3410313 0.9995746
vt 0.3253517 0.8741378
vt 0.3410313 0.905497
vt 0.3841502 0.8741378
vt 0.3841502 0.905497
vt 0.631104 0.7173418
vt 0.748701 0.7447811
vt 0.631104 0.7447811
vt 0.748701 0.7173418
vt 0.5762253 0.548786
vt 0.5448661 0.6389438
vt 0.5919049 0.6389438
vt 0.5252666 0.548786
vt 0.748701 0.7447811
vt 0.631104 0.7173418
vt 0.748701 0.7173418
vt 0.631104 0.7447811
vt 0.5213467 0.548786
vt 0.5919049 0.6389438
vt 0.5370263 0.6389438
vt 0.5919049 0.548786
vt 0.631104 0.7447811
vt 0.748701 0.7173418
vt 0.631104 0.7173418
vt 0.748701 0.7447811
vt 0.5213467 0.748701
vt 0.4978274 0.8231791
vt 0.4978274 0.748701
vt 0.5213467 0.8231791
vt 0.5958248 0.6507035
vt 0.5135069 0.5331064
vt 0.5135069 0.6507035
vt 0.5958248 0.5331064
vt 0.5213467 0.748701
vt 0.4037497 0.8231791
vt 0.5213467 0.8231791
vt 0.4037497 0.748701
vt 0.4037497 0.8231791
vt 0.4272692 0.748701
vt 0.4272692 0.8231791
vt 0.4037497 0.748701
vt 0.5958248 0.6507035
vt 0.5135069 0.5331064
vt 0.5135069 0.6507035
vt 0.5958248 0.5331064
vt 0.7408612 0.2469537
vt 0.5291865 0.2665532
vt 0.7408612 0.2665532
vt 0.5291865 0.2469537
vt 0.6389438 0.3292716
vt 0.7408612 0.2469537
vt 0.5291865 0.2665532
vt 0.7408612 0.2665532
vt 0.5291865 0.2469537
vt 0.5291865 0.2665532
vt 0.7408612 0.2469537
vt 0.5291865 0.2469537
vt 0.7408612 0.2665532
vt 0.5174268 0.6389438
vt 0.5840651 0.7447811
vt 0.5840651 0.6389438
vt 0.5174268 0.7447811
vt 0.548786 0.6389438
vt 0.5174268 0.7447811
vt 0.5174268 0.6389438
vt 0.5644656 0.6899025
vt 0.5958248 0.7447811
vt 0.5958248 0.709502
vt 0.6232642 0.4978274
vt 0.5997447 0.631104
vt 0.6232642 0.631104
vt 0.5997447 0.4978274
vt 0.5840651 0.4978274
vt 0.5840651 0.631104
vt 0.5605457 0.4978274
vt 0.5605457 0.631104
vt 0.5370263 0.4978274
vt 0.5370263 0.631104
vt 0.5213467 0.4978274
vt 0.5213467 0.631104
vt 0.5017473 0.4978274
vt 0.5017473 0.631104
vt 0.5174268 0.6389438
vt 0.5840651 0.7447811
vt 0.5174268 0.7447811
vt 0.5840651 0.6389438
vt 0.548786 0.6389438
vt 0.5174268 0.6389438
vt 0.5174268 0.7447811
vt 0.5644656 0.6899025
vt 0.5958248 0.7447811
vt 0.5958248 0.709502
vt 0.7957398 0.4978274
vt 0.8937373 0.2469537
vt 0.7957398 0.2469537
vt 0.8937373 0.4978274
vt 0.7957398 0.4978274
vt 0.8937373 0.2469537
vt 0.7957398 0.2469537
vt 0.8937373 0.4978274
vt 0.748701 0.7173418
vt 0.748701 0.7447811
vt 0.748701 0.7447811
vt 0.748701 0.7173418
vt 0.2469537 0.8741378
vt 0.3723905 0.9995746
vt 0.3880701 0.8741378
vt 0.2861527 0.9995746
vt 0.2469537 0.9995746
vt 0.3880701 0.9995746
vt 0.5291865 0.2665532
vt 0.6781428 0.2469537
vt 0.5291865 0.2469537
vt 0.6781428 0.2665532
vt 0.7408612 0.3292716
vt 0.5291865 0.3292716
vt 0.5291865 0.2469537
vt 0.6781428 0.2665532
vt 0.5291865 0.2665532
vt 0.6781428 0.2469537
vt 0.3723905 0.9995746
vt 0.2861527 0.8741378
vt 0.2861527 0.9995746
vt 0.3723905 0.8741378
vt 0.5840651 0.2469537
vt 0.5291865 0.2665532
vt 0.5840651 0.2665532
vt 0.5291865 0.2469537
vt 0.7016622 0.2665532
vt 0.7212617 0.2469537
vt 0.7016622 0.2469537
vt 0.7212617 0.2665532
vt 0.5017473 0.4978274
vt 0.5997447 0.7447811
vt 0.5017473 0.7447811
vt 0.5997447 0.4978274
vt 0.5997447 0.4978274
vt 0.5017473 0.7447811
vt 0.5997447 0.7447811
vt 0.5017473 0.4978274
vt 0.748701 0.4978274
vt 0.6271841 0.7447811
vt 0.748701 0.7447811
vt 0.6271841 0.4978274
vt 0.6271841 0.6624632
vt 0.748701 0.7447811
vt 0.748701 0.6624632
vt 0.6271841 0.7447811
vt 0.7408612 0.2469537
vt 0.5291865 0.2665532
vt 0.7408612 0.2665532
vt 0.5291865 0.2469537
vt 0.6663831 0.3292716
vt 0.6193443 0.3292716
vt 0.5919049 0.3292716
vt 0.8466985 0.7526209
vt 0.9250965 0.7839801
vt 0.9956547 0.7526209
vt 0.5291865 0.2665532
vt 0.6389438 0.3292716
vt 0.7408612 0.2665532
vt 0.5840651 0.2665532
vt 0.5997447 0.3292716
vt 0.6507035 0.3292716
vt 0.5291865 0.2665532
vt 0.670303 0.3292716
vt 0.7016622 0.2665532
vt 0.7212617 0.2665532
vt 0.6781428 0.2665532
vt 0.5291865 0.3292716
vt 0.5291865 0.2665532
vt 0.7408612 0.3292716
vt 0.6232642 0.7447811
vt 0.5017473 0.4978274
vt 0.5017473 0.7447811
vt 0.6232642 0.4978274
vt 0.5017473 0.4978274
vt 0.6232642 0.7447811
vt 0.6232642 0.4978274
vt 0.5017473 0.7447811
vt 0.8741378 0.8506184
vt 0.9956547 0.9956547
vt 0.9956547 0.8506184
vt 0.9368562 0.9956547
vt 0.8741378 0.9956547
vt 0.4037497 0.8035796
vt 0.5213467 0.8231791
vt 0.4037497 0.8231791
vt 0.5213467 0.8035796
vt 0.4037497 0.8035796
vt 0.5213467 0.8231791
vt 0.5213467 0.8035796
vt 0.4037497 0.8231791
vt 0.6271841 0.7447811
vt 0.748701 0.6624632
vt 0.748701 0.7447811
vt 0.6271841 0.6624632
vt 0.4037497 0.9956547
vt 0.3880701 0.748701
vt 0.4037497 0.748701
vt 0.3880701 0.9956547
vt 0.3880701 0.9956547
vt 0.4037497 0.748701
vt 0.3880701 0.748701
vt 0.4037497 0.9956547
vt 0.3880701 0.9956547
vt 0.4037497 0.748701
vt 0.3880701 0.748701
vt 0.4037497 0.9956547
vt 0.4037497 0.9956547
vt 0.3880701 0.748701
vt 0.4037497 0.748701
vt 0.3880701 0.9956547
vt 0.3880701 0.9956547
vt 0.4037497 0.748701
vt 0.3880701 0.748701
vt 0.4037497 0.9956547
vt 0.4037497 0.9956547
vt 0.3880701 0.748701
vt 0.4037497 0.748701
vt 0.3880701 0.9956547
vt 0.3880701 0.9956547
vt 0.4037497 0.748701
vt 0.3880701 0.748701
vt 0.4037497 0.9956547
vt 0.3880701 0.9956547
vt 0.4037497 0.748701
vt 0.3880701 0.748701
vt 0.4037497 0.9956547
vt 0.4037497 0.9956547
vt 0.3880701 0.748701
vt 0.4037497 0.748701
vt 0.3880701 0.9956547
vt 0.3880701 0.9956547
vt 0.4037497 0.748701
vt 0.3880701 0.748701
vt 0.4037497 0.9956547
vt 0.3214318 0.3018323
vt 0.2822328 0.474308
vt 0.3214318 0.474308
vt 0.2822328 0.3018323
vt 0.3567109 0.3018323
vt 0.3567109 0.474308
vt 0.39199 0.3018323
vt 0.39199 0.4586284
vt 0.2469537 0.4586284
vt 0.2469537 0.3018323
vt 0.748701 0.4978274
vt 0.6546234 0.7447811
vt 0.748701 0.7447811
vt 0.6546234 0.4978274
vt 0.748701 0.4978274
vt 0.6546234 0.6781428
vt 0.748701 0.7447811
vt 0.6546234 0.4978274
vt 0.5644656 0.7016622
vt 0.5017473 0.7055821
vt 0.5017473 0.7447811
vt 0.748701 0.4978274
vt 0.6546234 0.7447811
vt 0.6546234 0.4978274
vt 0.748701 0.7447811
vt 0.748701 0.7447811
vt 0.5017473 0.7055821
vt 0.5644656 0.7016622
vt 0.5017473 0.7447811
vt 0.6546234 0.6781428
vt 0.6546234 0.4978274
vt 0.748701 0.4978274
vt 0.6271841 0.7447811
vt 0.748701 0.7173418
vt 0.748701 0.7447811
vt 0.6271841 0.7173418
vt 0.748701 0.7447811
vt 0.6271841 0.7173418
vt 0.6271841 0.7447811
vt 0.748701 0.7173418
vt 0.6271841 0.7447811
vt 0.748701 0.7173418
vt 0.748701 0.7447811
vt 0.6271841 0.7173418
vt 0.748701 0.7447811
vt 0.6271841 0.7173418
vt 0.6271841 0.7447811
vt 0.748701 0.7173418
vt 0.6271841 0.7447811
vt 0.748701 0.7173418
vt 0.748701 0.7447811
vt 0.6271841 0.7173418
vt 0.748701 0.7447811
vt 0.6271841 0.7173418
vt 0.6271841 0.7447811
vt 0.748701 0.7173418
vt 0.8466985 0.7879
vt 0.9956547 0.8506184
vt 0.9956547 0.7879
vt 0.8466985 0.8506184
vt 0.9956547 0.8741378
vt 0.8466985 0.8741378
vt 0.9564557 0.8506184
vt 0.9956547 0.7879
vt 0.9564557 0.7879
vt 0.9956547 0.8506184
vt 0.8466985 0.8506184
vt 0.9956547 0.7879
vt 0.9956547 0.8506184
vt 0.8466985 0.7879
vt 0.9721353 0.2469537
vt 0.8702179 0.1724756
vt 0.8702179 0.2469537
vt 0.9721353 0.1724756
vt 0.8702179 0.2469537
vt 0.9721353 0.1724756
vt 0.8702179 0.1724756
vt 0.9721353 0.2469537
vt 0.9721353 0.2469537
vt 0.8702179 0.1724756
vt 0.8702179 0.2469537
vt 0.9721353 0.1724756
vt 0.9721353 0.2469537
vt 0.8702179 0.1724756
vt 0.8702179 0.2469537
vt 0.9721353 0.1724756
vt 0.8702179 0.2469537
vt 0.9721353 0.1724756
vt 0.8702179 0.1724756
vt 0.9721353 0.2469537
vt 0.8702179 0.2469537
vt 0.9956547 0.1724756
vt 0.8702179 0.1724756
vt 0.9956547 0.2469537
vt 0.9329363 0.2469537
vt 0.9956547 0.1724756
vt 0.9329363 0.1724756
vt 0.9956547 0.2469537
vt 0.9329363 0.2469537
vt 0.9956547 0.1724756
vt 0.9329363 0.1724756
vt 0.9956547 0.2469537
vt 0.9329363 0.2469537
vt 0.9956547 0.1724756
vt 0.9329363 0.1724756
vt 0.9956547 0.2469537
vt 0.8702179 0.2469537
vt 0.9956547 0.1724756
vt 0.8702179 0.1724756
vt 0.9956547 0.2469537
vt 0.8702179 0.2469537
vt 0.9956547 0.1724756
vt 0.8702179 0.1724756
vt 0.9956547 0.2469537
vt 0.8702179 0.2469537
vt 0.9956547 0.1724756
vt 0.8702179 0.1724756
vt 0.9956547 0.2469537
vt 0.8702179 0.2469537
vt 0.9956547 0.1724756
vt 0.8702179 0.1724756
vt 0.9956547 0.2469537
vt 0.8702179 0.2469537
vt 0.9956547 0.1724756
vt 0.8702179 0.1724756
vt 0.9956547 0.2469537
vt 0.8702179 0.2469537
vt 0.9956547 0.1724756
vt 0.8702179 0.1724756
vt 0.9956547 0.2469537
vt 0.8702179 0.2469537
vt 0.9956547 0.1724756
vt 0.8702179 0.1724756
vt 0.9956547 0.2469537
vt 0.9721353 0.2469537
vt 0.8702179 0.1724756
vt 0.8702179 0.2469537
vt 0.9721353 0.1724756
vt 0.8702179 0.2469537
vt 0.9721353 0.1724756
vt 0.8702179 0.1724756
vt 0.9721353 0.2469537
vt 0.8702179 0.2469537
vt 0.9721353 0.1724756
vt 0.8702179 0.1724756
vt 0.9721353 0.2469537
vt 0.8937373 0.4978274
vt 0.9956547 0.2469537
vt 0.8937373 0.2469537
vt 0.9956547 0.4978274
vt 0.9956547 0.7447811
vt 0.7526209 0.4978274
vt 0.9956547 0.4978274
vt 0.7526209 0.7447811
vt 0.9956547 0.7291015
vt 0.748701 0.5174268
vt 0.9956547 0.5174268
vt 0.748701 0.7291015
vt 0.5252666 0.7447811
vt 0.748701 0.4978274
vt 0.5252666 0.4978274
vt 0.748701 0.7447811
vt 0.5017473 0.4978274
vt 0.748701 0.7447811
vt 0.5017473 0.7447811
vt 0.748701 0.4978274
vt 0.748701 0.7447811
vt 0.6271841 0.4978274
vt 0.748701 0.4978274
vt 0.6271841 0.7447811
vt 0.748701 0.7447811
vt 0.5017473 0.4978274
vt 0.748701 0.4978274
vt 0.5017473 0.7447811
vt 0.8937373 0.4978274
vt 0.9956547 0.2469537
vt 0.8937373 0.2469537
vt 0.9956547 0.4978274
vt 0.9956547 0.7447811
vt 0.7526209 0.4978274
vt 0.9956547 0.4978274
vt 0.7526209 0.7447811
vt 0.9956547 0.7447811
vt 0.748701 0.5174268
vt 0.9956547 0.5174268
vt 0.748701 0.7447811
vt 0.748701 0.4978274
vt 0.9956547 0.7291015
vt 0.748701 0.7291015
vt 0.9956547 0.4978274
vt 0.748701 0.4978274
vt 0.5252666 0.7447811
vt 0.748701 0.7447811
vt 0.5252666 0.4978274
vt 0.748701 0.7447811
vt 0.6271841 0.4978274
vt 0.748701 0.4978274
vt 0.6271841 0.7447811
vt 0.5997447 0.7447811
vt 0.5174268 0.4978274
vt 0.5997447 0.4978274
vt 0.5174268 0.7447811
vt 0.748701 0.7447811
vt 0.5017473 0.4978274
vt 0.748701 0.4978274
vt 0.5017473 0.7447811
vt 0.5017473 0.4978274
vt 0.748701 0.7447811
vt 0.5017473 0.7447811
vt 0.748701 0.4978274
vt 0.9956547 0.5174268
vt 0.748701 0.7291015
vt 0.748701 0.5174268
vt 0.9956547 0.7291015
vt 0.9956547 0.4978274
vt 0.748701 0.7291015
vt 0.748701 0.4978274
vt 0.9956547 0.7291015
vt 0.748701 0.7447811
vt 0.5252666 0.4978274
vt 0.5252666 0.7447811
vt 0.748701 0.7447811
vt 0.5252666 0.4978274
vt 0.748701 0.4978274
vt 0.5252666 0.7447811
vt 0.6271841 0.7447811
vt 0.748701 0.4978274
vt 0.748701 0.7447811
vt 0.6271841 0.4978274
vt 0.7957398 0.4978274
vt 0.8937373 0.2469537
vt 0.8937373 0.4978274
vt 0.7957398 0.2469537
vt 0.5997447 0.4978274
vt 0.5174268 0.7447811
vt 0.5174268 0.4978274
vt 0.5997447 0.7447811
vt 0.5997447 0.4978274
vt 0.5174268 0.7447811
vt 0.5174268 0.4978274
vt 0.5605457 0.7447811
vt 0.5997447 0.7447811
vt 0.5017473 0.7447811
vt 0.6271841 0.4978274
vt 0.6271841 0.7447811
vt 0.5017473 0.4978274
vt 0.5017473 0.7447811
vt 0.6271841 0.4978274
vt 0.6271841 0.7447811
vt 0.5017473 0.4978274
vt 0.5213467 0.5331064
vt 0.587985 0.6507035
vt 0.5213467 0.6507035
vt 0.587985 0.5331064
vt 0.5213467 0.6507035
vt 0.587985 0.5331064
vt 0.5213467 0.5331064
vt 0.587985 0.6507035
vt 0.5997447 0.4978274
vt 0.5174268 0.7447811
vt 0.5997447 0.7447811
vt 0.5174268 0.4978274
vt 0.8937373 0.4978274
vt 0.9956547 0.2469537
vt 0.9956547 0.4978274
vt 0.8937373 0.2469537
vt 0.8937373 0.4978274
vt 0.9956547 0.2469537
vt 0.9956547 0.4978274
vt 0.8937373 0.2469537
vt 0.6271841 0.7447811
vt 0.748701 0.4978274
vt 0.748701 0.7447811
vt 0.6271841 0.4978274
vt 0.6271841 0.7447811
vt 0.748701 0.4978274
vt 0.748701 0.7447811
vt 0.6271841 0.4978274
vt 0.7957398 0.4978274
vt 0.8937373 0.2469537
vt 0.8937373 0.4978274
vt 0.7957398 0.2469537
vt 0.6232642 0.7447811
vt 0.5017473 0.4978274
vt 0.6232642 0.4978274
vt 0.5017473 0.7447811
vt 0.5017473 0.4978274
vt 0.6232642 0.7447811
vt 0.5017473 0.7447811
vt 0.6232642 0.4978274
vt 0.5958248 0.5331064
vt 0.5135069 0.6507035
vt 0.5135069 0.5331064
vt 0.5958248 0.6507035
vt 0.8937373 0.4978274
vt 0.7957398 0.2469537
vt 0.8937373 0.2469537
vt 0.7957398 0.4978274
vt 0.8937373 0.4978274
vt 0.7957398 0.2469537
vt 0.8937373 0.2469537
vt 0.7957398 0.4978274
vt 0.7957398 0.2469537
vt 0.8937373 0.4978274
vt 0.7957398 0.4978274
vt 0.8937373 0.2469537
vt 0.7957398 0.2469537
vt 0.8937373 0.4978274
vt 0.7957398 0.4978274
vt 0.8937373 0.2469537
vt 0.5291865 0.548786
vt 0.5291865 0.6389438
vt 0.5174268 0.5919049
vt 0.5448661 0.548786
vt 0.5527059 0.5919049
vt 0.5448661 0.6389438
vt 0.7957398 0.4978274
vt 0.8937373 0.2469537
vt 0.8937373 0.4978274
vt 0.7957398 0.2469537
vt 0.8937373 0.2469537
vt 0.7957398 0.4978274
vt 0.7957398 0.2469537
vt 0.8937373 0.4978274
vt 0.8937373 0.2469537
vt 0.7957398 0.4978274
vt 0.7957398 0.2469537
vt 0.8937373 0.4978274
vt 0.7957398 0.4978274
vt 0.8937373 0.2469537
vt 0.8937373 0.4978274
vt 0.7957398 0.2469537
vt 0.2939925 0.9682154
vt 0.3880701 0.8741378
vt 0.3880701 0.9682154
vt 0.2469537 0.8741378
vt 0.2939925 0.9995746
vt 0.2469537 0.9995746
vt 0.2469537 0.8741378
vt 0.3410313 0.9682154
vt 0.2469537 0.9682154
vt 0.3880701 0.8741378
vt 0.3880701 0.9995746
vt 0.3410313 0.9995746
vt 0.7408612 0.2469537
vt 0.5291865 0.2665532
vt 0.5291865 0.2469537
vt 0.7408612 0.2665532
vt 0.4037497 0.8231791
vt 0.5213467 0.7957398
vt 0.5213467 0.8231791
vt 0.4037497 0.7957398
vt 0.4037497 0.7957398
vt 0.5213467 0.8231791
vt 0.5213467 0.7957398
vt 0.4037497 0.8231791
vt 0.7408612 0.3292716
vt 0.5291865 0.2665532
vt 0.7408612 0.2665532
vt 0.5291865 0.3292716
vt 0.8466985 0.7879
vt 0.9956547 0.8506184
vt 0.8466985 0.8506184
vt 0.9956547 0.7879
vt 0.8466985 0.8506184
vt 0.9956547 0.8741378
vt 0.8466985 0.8741378
vt 0.9956547 0.8506184
vt 0.9564557 0.8506184
vt 0.9956547 0.7879
vt 0.9956547 0.8506184
vt 0.9564557 0.7879
vt 0.8466985 0.8506184
vt 0.9956547 0.7879
vt 0.8466985 0.7879
vt 0.9956547 0.8506184
vt 0.3096721 0.9995746
vt 0.2469537 0.8741378
vt 0.3096721 0.8741378
vt 0.2469537 0.9995746
vt 0 0
vt 0.06271841 0.2430338
vt 0 0.2430338
vt 0.06271841 0
vt 0.5213467 0.748701
vt 0.4037497 0.8231791
vt 0.4037497 0.748701
vt 0.5213467 0.8231791
vt 0.5958248 0.5331064
vt 0.5135069 0.6507035
vt 0.5135069 0.5331064
vt 0.5958248 0.6507035
vt 0.4037497 0.748701
vt 0.5213467 0.8231791
vt 0.5213467 0.748701
vt 0.4037497 0.8231791
vt 0.5213467 0.8231791
vt 0.4037497 0.748701
vt 0.5213467 0.748701
vt 0.4037497 0.8231791
vt 0.5135069 0.6507035
vt 0.5958248 0.5331064
vt 0.5135069 0.5331064
vt 0.5958248 0.6507035
vt 0.748701 0.7173418
vt 0.631104 0.7447811
vt 0.631104 0.7173418
vt 0.748701 0.7447811
vt 0.5644656 0.6389438
vt 0.5213467 0.6389438
vt 0.5370263 0.6389438
vt 0.5644656 0.548786
vt 0.5213467 0.6389438
vt 0.5644656 0.6389438
vt 0.5213467 0.548786
vt 0.631104 0.7173418
vt 0.748701 0.7447811
vt 0.748701 0.7173418
vt 0.631104 0.7447811
vt 0.748701 0.7447811
vt 0.631104 0.7173418
vt 0.748701 0.7173418
vt 0.631104 0.7447811
vt 0.748701 0.7173418
vt 0.631104 0.7447811
vt 0.631104 0.7173418
vt 0.748701 0.7447811
vt 0.5919049 0.6389438
vt 0.5409462 0.548786
vt 0.5213467 0.6389438
vt 0.5762253 0.548786
vt 0.5213467 0.548786
vt 0.2861527 0.9133368
vt 0.2469537 0.9603756
vt 0.2469537 0.9133368
vt 0.2626333 0.9603756
vt 0.2626333 0.9995746
vt 0.3410313 0.9995746
vt 0.3253517 0.8741378
vt 0.3410313 0.905497
vt 0.3841502 0.8741378
vt 0.3841502 0.905497
vt 0.631104 0.7173418
vt 0.748701 0.7447811
vt 0.748701 0.7173418
vt 0.631104 0.7447811
vt 0.5762253 0.548786
vt 0.5448661 0.6389438
vt 0.5252666 0.548786
vt 0.5919049 0.6389438
vt 0.748701 0.7447811
vt 0.631104 0.7173418
vt 0.631104 0.7447811
vt 0.748701 0.7173418
vt 0.5213467 0.548786
vt 0.5919049 0.6389438
vt 0.5919049 0.548786
vt 0.5370263 0.6389438
vt 0.631104 0.7447811
vt 0.748701 0.7173418
vt 0.748701 0.7447811
vt 0.631104 0.7173418
vt 0.5213467 0.748701
vt 0.4978274 0.8231791
vt 0.5213467 0.8231791
vt 0.4978274 0.748701
vt 0.5958248 0.6507035
vt 0.5135069 0.5331064
vt 0.5958248 0.5331064
vt 0.5135069 0.6507035
vt 0.5213467 0.748701
vt 0.4037497 0.8231791
vt 0.4037497 0.748701
vt 0.5213467 0.8231791
vt 0.4037497 0.8231791
vt 0.4272692 0.748701
vt 0.4037497 0.748701
vt 0.4272692 0.8231791
vt 0.5958248 0.6507035
vt 0.5135069 0.5331064
vt 0.5958248 0.5331064
vt 0.5135069 0.6507035
vt 0.7408612 0.2469537
vt 0.5291865 0.2665532
vt 0.5291865 0.2469537
vt 0.7408612 0.2665532
vt 0.6389438 0.3292716
vt 0.7408612 0.2469537
vt 0.5291865 0.2665532
vt 0.5291865 0.2469537
vt 0.7408612 0.2665532
vt 0.5291865 0.2665532
vt 0.7408612 0.2469537
vt 0.7408612 0.2665532
vt 0.5291865 0.2469537
vt 0.5174268 0.6389438
vt 0.5840651 0.7447811
vt 0.5174268 0.7447811
vt 0.5840651 0.6389438
vt 0.548786 0.6389438
vt 0.5174268 0.6389438
vt 0.5174268 0.7447811
vt 0.5644656 0.6899025
vt 0.5958248 0.7447811
vt 0.5958248 0.709502
vt 0.6232642 0.4978274
vt 0.5997447 0.631104
vt 0.5997447 0.4978274
vt 0.6232642 0.631104
vt 0.5840651 0.4978274
vt 0.5840651 0.631104
vt 0.5605457 0.4978274
vt 0.5605457 0.631104
vt 0.5370263 0.4978274
vt 0.5370263 0.631104
vt 0.5213467 0.4978274
vt 0.5213467 0.631104
vt 0.5017473 0.4978274
vt 0.5017473 0.631104
vt 0.5174268 0.6389438
vt 0.5840651 0.7447811
vt 0.5840651 0.6389438
vt 0.5174268 0.7447811
vt 0.548786 0.6389438
vt 0.5174268 0.7447811
vt 0.5174268 0.6389438
vt 0.5644656 0.6899025
vt 0.5958248 0.7447811
vt 0.5958248 0.709502
vt 0.7957398 0.4978274
vt 0.8937373 0.2469537
vt 0.8937373 0.4978274
vt 0.7957398 0.2469537
vt 0.7957398 0.4978274
vt 0.8937373 0.2469537
vt 0.8937373 0.4978274
vt 0.7957398 0.2469537
vt 0.748701 0.7173418
vt 0.748701 0.7447811
vt 0.748701 0.7173418
vt 0.748701 0.7447811
vt 0.2469537 0.8741378
vt 0.3723905 0.9995746
vt 0.2861527 0.9995746
vt 0.3880701 0.8741378
vt 0.2469537 0.9995746
vt 0.3880701 0.9995746
vt 0.5291865 0.2665532
vt 0.6781428 0.2469537
vt 0.6781428 0.2665532
vt 0.5291865 0.2469537
vt 0.7408612 0.3292716
vt 0.5291865 0.3292716
vt 0.5291865 0.2469537
vt 0.6781428 0.2665532
vt 0.6781428 0.2469537
vt 0.5291865 0.2665532
vt 0.3723905 0.9995746
vt 0.2861527 0.8741378
vt 0.3723905 0.8741378
vt 0.2861527 0.9995746
vt 0.5840651 0.2469537
vt 0.5291865 0.2665532
vt 0.5291865 0.2469537
vt 0.5840651 0.2665532
vt 0.7016622 0.2665532
vt 0.7212617 0.2469537
vt 0.7212617 0.2665532
vt 0.7016622 0.2469537
vt 0.5017473 0.4978274
vt 0.5997447 0.7447811
vt 0.5997447 0.4978274
vt 0.5017473 0.7447811
vt 0.5997447 0.4978274
vt 0.5017473 0.7447811
vt 0.5017473 0.4978274
vt 0.5997447 0.7447811
vt 0.748701 0.4978274
vt 0.6271841 0.7447811
vt 0.6271841 0.4978274
vt 0.748701 0.7447811
vt 0.6271841 0.6624632
vt 0.748701 0.7447811
vt 0.6271841 0.7447811
vt 0.748701 0.6624632
vt 0.7408612 0.2469537
vt 0.5291865 0.2665532
vt 0.5291865 0.2469537
vt 0.7408612 0.2665532
vt 0.6663831 0.3292716
vt 0.6193443 0.3292716
vt 0.5919049 0.3292716
vt 0.8466985 0.7526209
vt 0.9956547 0.7526209
vt 0.9250965 0.7839801
vt 0.5291865 0.2665532
vt 0.7408612 0.2665532
vt 0.6389438 0.3292716
vt 0.5840651 0.2665532
vt 0.5997447 0.3292716
vt 0.5291865 0.2665532
vt 0.6507035 0.3292716
vt 0.7016622 0.2665532
vt 0.670303 0.3292716
vt 0.7212617 0.2665532
vt 0.6781428 0.2665532
vt 0.5291865 0.3292716
vt 0.7408612 0.3292716
vt 0.5291865 0.2665532
vt 0.6232642 0.7447811
vt 0.5017473 0.4978274
vt 0.6232642 0.4978274
vt 0.5017473 0.7447811
vt 0.5017473 0.4978274
vt 0.6232642 0.7447811
vt 0.5017473 0.7447811
vt 0.6232642 0.4978274
vt 0.9956547 0.9956547
vt 0.8741378 0.8506184
vt 0.9956547 0.8506184
vt 0.9368562 0.9956547
vt 0.8741378 0.9956547
vt 0.4037497 0.8035796
vt 0.5213467 0.8231791
vt 0.5213467 0.8035796
vt 0.4037497 0.8231791
vt 0.4037497 0.8035796
vt 0.5213467 0.8231791
vt 0.4037497 0.8231791
vt 0.5213467 0.8035796
vt 0.6271841 0.7447811
vt 0.748701 0.6624632
vt 0.6271841 0.6624632
vt 0.748701 0.7447811
vt 0.4037497 0.9956547
vt 0.3880701 0.748701
vt 0.3880701 0.9956547
vt 0.4037497 0.748701
vt 0.3880701 0.9956547
vt 0.4037497 0.748701
vt 0.4037497 0.9956547
vt 0.3880701 0.748701
vt 0.3880701 0.9956547
vt 0.4037497 0.748701
vt 0.4037497 0.9956547
vt 0.3880701 0.748701
vt 0.4037497 0.9956547
vt 0.3880701 0.748701
vt 0.3880701 0.9956547
vt 0.4037497 0.748701
vt 0.3880701 0.9956547
vt 0.4037497 0.748701
vt 0.4037497 0.9956547
vt 0.3880701 0.748701
vt 0.4037497 0.9956547
vt 0.3880701 0.748701
vt 0.3880701 0.9956547
vt 0.4037497 0.748701
vt 0.3880701 0.9956547
vt 0.4037497 0.748701
vt 0.4037497 0.9956547
vt 0.3880701 0.748701
vt 0.3880701 0.9956547
vt 0.4037497 0.748701
vt 0.4037497 0.9956547
vt 0.3880701 0.748701
vt 0.4037497 0.9956547
vt 0.3880701 0.748701
vt 0.3880701 0.9956547
vt 0.4037497 0.748701
vt 0.3880701 0.9956547
vt 0.4037497 0.748701
vt 0.4037497 0.9956547
vt 0.3880701 0.748701
vt 0.3214318 0.3018323
vt 0.2822328 0.474308
vt 0.2822328 0.3018323
vt 0.3214318 0.474308
vt 0.3567109 0.3018323
vt 0.3567109 0.474308
vt 0.39199 0.3018323
vt 0.39199 0.4586284
vt 0.2469537 0.4586284
vt 0.2469537 0.3018323
vt 0.748701 0.4978274
vt 0.6546234 0.7447811
vt 0.6546234 0.4978274
vt 0.748701 0.7447811
vt 0.748701 0.4978274
vt 0.6546234 0.6781428
vt 0.6546234 0.4978274
vt 0.748701 0.7447811
vt 0.5644656 0.7016622
vt 0.5017473 0.7055821
vt 0.5017473 0.7447811
vt 0.748701 0.4978274
vt 0.6546234 0.7447811
vt 0.748701 0.7447811
vt 0.6546234 0.4978274
vt 0.748701 0.7447811
vt 0.5644656 0.7016622
vt 0.5017473 0.7055821
vt 0.5017473 0.7447811
vt 0.6546234 0.6781428
vt 0.6546234 0.4978274
vt 0.748701 0.4978274
vt 0.6271841 0.7447811
vt 0.748701 0.7173418
vt 0.6271841 0.7173418
vt 0.748701 0.7447811
vt 0.748701 0.7447811
vt 0.6271841 0.7173418
vt 0.748701 0.7173418
vt 0.6271841 0.7447811
vt 0.6271841 0.7447811
vt 0.748701 0.7173418
vt 0.6271841 0.7173418
vt 0.748701 0.7447811
vt 0.748701 0.7447811
vt 0.6271841 0.7173418
vt 0.748701 0.7173418
vt 0.6271841 0.7447811
vt 0.6271841 0.7447811
vt 0.748701 0.7173418
vt 0.6271841 0.7173418
vt 0.748701 0.7447811
vt 0.748701 0.7447811
vt 0.6271841 0.7173418
vt 0.748701 0.7173418
vt 0.6271841 0.7447811
vt 0.8466985 0.7879
vt 0.9956547 0.8506184
vt 0.8466985 0.8506184
vt 0.9956547 0.7879
vt 0.8466985 0.8506184
vt 0.9956547 0.8741378
vt 0.8466985 0.8741378
vt 0.9956547 0.8506184
vt 0.9564557 0.8506184
vt 0.9956547 0.7879
vt 0.9956547 0.8506184
vt 0.9564557 0.7879
vt 0.8466985 0.8506184
vt 0.9956547 0.7879
vt 0.8466985 0.7879
vt 0.9956547 0.8506184
vt 0.9721353 0.2469537
vt 0.8702179 0.1724756
vt 0.9721353 0.1724756
vt 0.8702179 0.2469537
vt 0.8702179 0.2469537
vt 0.9721353 0.1724756
vt 0.9721353 0.2469537
vt 0.8702179 0.1724756
vt 0.9721353 0.2469537
vt 0.8702179 0.1724756
vt 0.9721353 0.1724756
vt 0.8702179 0.2469537
vt 0.9721353 0.2469537
vt 0.8702179 0.1724756
vt 0.9721353 0.1724756
vt 0.8702179 0.2469537
vt 0.8702179 0.2469537
vt 0.9721353 0.1724756
vt 0.9721353 0.2469537
vt 0.8702179 0.1724756
vt 0.8702179 0.2469537
vt 0.9956547 0.1724756
vt 0.9956547 0.2469537
vt 0.8702179 0.1724756
vt 0.9329363 0.2469537
vt 0.9956547 0.1724756
vt 0.9956547 0.2469537
vt 0.9329363 0.1724756
vt 0.9329363 0.2469537
vt 0.9956547 0.1724756
vt 0.9956547 0.2469537
vt 0.9329363 0.1724756
vt 0.9329363 0.2469537
vt 0.9956547 0.1724756
vt 0.9956547 0.2469537
vt 0.9329363 0.1724756
vt 0.8702179 0.2469537
vt 0.9956547 0.1724756
vt 0.9956547 0.2469537
vt 0.8702179 0.1724756
vt 0.8702179 0.2469537
vt 0.9956547 0.1724756
vt 0.9956547 0.2469537
vt 0.8702179 0.1724756
vt 0.8702179 0.2469537
vt 0.9956547 0.1724756
vt 0.9956547 0.2469537
vt 0.8702179 0.1724756
vt 0.8702179 0.2469537
vt 0.9956547 0.1724756
vt 0.9956547 0.2469537
vt 0.8702179 0.1724756
vt 0.8702179 0.2469537
vt 0.9956547 0.1724756
vt 0.9956547 0.2469537
vt 0.8702179 0.1724756
vt 0.8702179 0.2469537
vt 0.9956547 0.1724756
vt 0.9956547 0.2469537
vt 0.8702179 0.1724756
vt 0.8702179 0.2469537
vt 0.9956547 0.1724756
vt 0.9956547 0.2469537
vt 0.8702179 0.1724756
vt 0.9721353 0.2469537
vt 0.8702179 0.1724756
vt 0.9721353 0.1724756
vt 0.8702179 0.2469537
vt 0.8702179 0.2469537
vt 0.9721353 0.1724756
vt 0.9721353 0.2469537
vt 0.8702179 0.1724756
vt 0.8702179 0.2469537
vt 0.9721353 0.1724756
vt 0.9721353 0.2469537
vt 0.8702179 0.1724756
vt 0.3214318 0.8506184
vt 0.3371114 0.8741378
vt 0.3214318 0.8741378
vt 0.3371114 0.8506184
vt 0.3371114 0.8388587
vt 0.3214318 0.8506184
vt 0.3371114 0.8506184
vt 0.3214318 0.8388587
vt 0.3214318 0.8153393
vt 0.3371114 0.8153393
vt 0.3214318 0.8388587
vt 0.3371114 0.8506184
vt 0.3214318 0.8506184
vt 0.3371114 0.8388587
vt 0.3371114 0.8153393
vt 0.3214318 0.8153393
vt 0.3371114 0.8388587
vt 0.3214318 0.8506184
vt 0.3371114 0.8506184
vt 0.3214318 0.8388587
vt 0.3214318 0.8153393
vt 0.3371114 0.8153393
vt 0.3214318 0.8388587
vt 0.3371114 0.8506184
vt 0.3214318 0.8506184
vt 0.3371114 0.8388587
vt 0.3371114 0.8153393
vt 0.3214318 0.8153393
vt 0.3880701 0.9956547
vt 0.4037497 0.748701
vt 0.3880701 0.748701
vt 0.4037497 0.9956547
vt 0.4037497 0.9956547
vt 0.3880701 0.748701
vt 0.4037497 0.748701
vt 0.3880701 0.9956547
vt 0.4037497 0.9956547
vt 0.3880701 0.748701
vt 0.4037497 0.748701
vt 0.3880701 0.9956547
vt 0.3880701 0.9956547
vt 0.4037497 0.748701
vt 0.3880701 0.748701
vt 0.4037497 0.9956547
vt 0.4037497 0.9956547
vt 0.3880701 0.748701
vt 0.4037497 0.748701
vt 0.3880701 0.9956547
vn 0.7459377 -0.04761302 0.6643116
vn 0.04761302 -0.04761302 0.9977304
vn 0.04761302 -0.04761302 0.9977304
vn 0.7459377 -0.04761302 0.6643116
vn 0.7459377 -0.04761302 -0.6643116
vn 0.7459377 -0.04761302 0.6643116
vn 0.7459377 -0.04761302 0.6643116
vn 0.7459377 -0.04761302 -0.6643116
vn -0.6824538 -0.04761302 0.7293764
vn -0.999874 -0.01587099 -0.000346655
vn -0.8729059 0.2698073 -0.4064965
vn -0.6824538 -0.04761302 0.7293764
vn 0.04761302 0.6824538 -0.7293764
vn 0.4920015 -0.04761302 -0.8692914
vn 0.6189696 0.5554856 -0.5552588
vn 0.04761302 -0.04761302 -0.9977304
vn 0.7459377 -0.04761302 -0.6643116
vn 0.6189696 0.5554856 -0.5552588
vn 0.4920015 -0.04761302 -0.8692914
vn 0.3332914 0.2698073 -0.9033941
vn -0.6824538 -0.04761302 0.7293764
vn -0.999874 -0.01587099 -0.000346655
vn -0.999874 -0.01587099 -0.000346655
vn -0.6824538 -0.04761302 0.7293764
vn -0.4285175 -0.04761302 0.9022781
vn -0.6824538 -0.04761302 0.7293764
vn -0.6824538 -0.04761302 0.7293764
vn 0.04761302 -0.04761302 0.9977304
vn 0.7459377 -0.04761302 0.6643116
vn 0.04761302 -0.04761302 0.9977304
vn 0.04761302 -0.04761302 0.9977304
vn 0.7459377 -0.04761302 0.6643116
vn 0.7459377 -0.04761302 -0.6643116
vn 0.7459377 -0.04761302 0.6643116
vn 0.7459377 -0.04761302 0.6643116
vn 0.7459377 -0.04761302 -0.6643116
vn -0.6824538 -0.04761302 0.7293764
vn -0.8729059 0.2698073 -0.4064965
vn -0.6824538 -0.04761302 -0.7293764
vn -0.6824538 -0.04761302 0.7293764
vn -0.999874 -0.01587099 -0.000346655
vn -0.6824538 -0.04761302 0.7293764
vn -0.6824538 -0.04761302 0.7293764
vn -0.999874 -0.01587099 -0.000346655
vn 0.04761302 -0.04761302 -0.9977304
vn 0.04761302 -0.04761302 -0.9977304
vn 0.04761302 -0.04761302 -0.9977304
vn 0.4920015 -0.04761302 -0.8692914
vn -0.6824538 -0.04761302 0.7293764
vn -0.999874 -0.01587099 -0.000346655
vn -0.999874 -0.01587099 -0.000346655
vn -0.6824538 -0.04761302 0.7293764
vn -0.6824538 -0.04761302 -0.7293764
vn 0.04761302 0.6824538 -0.7293764
vn 0.04761302 -0.04761302 -0.9977304
vn -0.8729059 0.2698073 -0.4064965
vn -0.6824538 -0.04761302 0.7293764
vn -0.6824538 -0.04761302 0.7293764
vn -0.6824538 -0.04761302 0.7293764
vn -0.4285175 -0.04761302 0.9022781
vn -0.6824538 -0.04761302 0.7293764
vn 0.04761302 -0.04761302 0.9977304
vn 0.04761302 -0.04761302 0.9977304
vn -0.6824538 -0.04761302 0.7293764
vn -0.999874 -0.01587099 -0.000346655
vn -0.5554856 0.5554856 -0.6187661
vn -0.8729059 0.2698073 -0.4064965
vn -0.6824538 -0.04761302 -0.7293764
vn -0.999874 -0.01587099 -0.000346655
vn -0.6824538 -0.04761302 -0.7293764
vn -0.999874 -0.01587099 -0.000346655
vn -0.6824538 -0.04761302 -0.7293764
vn 0.04761302 -0.04761302 -0.9977304
vn -0.6824538 -0.04761302 -0.7293764
vn 0.04761302 -0.04761302 -0.9977304
vn -0.5554856 0.5554856 -0.6187661
vn 0.04761302 -0.04761302 -0.9977304
vn 0.04761302 0.6824538 -0.7293764
vn -0.6824538 -0.04761302 -0.7293764
vn 0.999874 -0.01587099 -0.000346655
vn 0.7459377 -0.04761302 0.6643116
vn 0.999874 -0.01587099 -0.000346655
vn 0.7459377 -0.04761302 0.6643116
vn 0.999874 -0.01587099 -0.000346655
vn 0.7459377 -0.04761302 0.6643116
vn 0.999874 -0.01587099 -0.000346655
vn 0.7459377 -0.04761302 0.6643116
vn 0.7459377 -0.04761302 -0.6643116
vn 0.7459377 -0.04761302 -0.6643116
vn 0.3332914 0.2698073 -0.9033941
vn 0.7459377 -0.04761302 -0.6643116
vn 0.3332914 0.2698073 -0.9033941
vn 0.04761302 -0.04761302 -0.9977304
vn 0.04761302 -0.04761302 -0.9977304
vn 0.7459377 -0.04761302 -0.6643116
vn 0.7459377 -0.04761302 -0.6643116
vn 0.7459377 -0.04761302 0.6643116
vn 0.7459377 -0.04761302 0.6643116
vn 0.7459377 -0.04761302 0.6643116
vn 0.7459377 -0.04761302 0.6643116
vn 0.7459377 -0.04761302 0.6643116
vn 0.7459377 -0.04761302 0.6643116
vn 0.7459377 -0.04761302 0.6643116
vn 0.7459377 -0.04761302 0.6643116
vn -0.8729059 0.2698073 -0.4064965
vn 0.04761302 0.6824538 -0.7293764
vn 0.04761302 0.6824538 -0.7293764
vn -0.5554856 0.5554856 -0.6187661
vn 0.6189696 0.5554856 -0.5552588
vn 0.04761302 0.6824538 -0.7293764
vn 0.04761302 0.6824538 -0.7293764
vn 0.3332914 0.2698073 -0.9033941
vn 0.3332914 0.2698073 -0.9033941
vn 0.04761302 -0.04761302 -0.9977304
vn 0.04761302 0.6824538 -0.7293764
vn 0.04761302 -0.04761302 -0.9977304
vn -0.6824538 -0.04761302 0.7293764
vn 0.04761302 -0.04761302 0.9977304
vn -0.6824538 -0.04761302 0.7293764
vn 0.04761302 -0.04761302 0.9977304
vn -0.6824538 -0.04761302 0.7293764
vn 0.04761302 -0.04761302 0.9977304
vn -0.6824538 -0.04761302 0.7293764
vn 0.04761302 -0.04761302 0.9977304
vn -0.6824538 -0.04761302 0.7293764
vn -0.999874 -0.01587099 -0.000346655
vn -0.4285175 -0.04761302 0.9022781
vn -0.999874 -0.01587099 -0.000346655
vn 0.7459377 -0.04761302 0.6643116
vn 0.999874 -0.01587099 -0.000346655
vn 0.7459377 -0.04761302 0.6643116
vn 0.999874 -0.01587099 -0.000346655
vn 0.7459377 -0.04761302 0.6643116
vn 0.999874 -0.01587099 -0.000346655
vn 0.7459377 -0.04761302 0.6643116
vn 0.999874 -0.01587099 -0.000346655
vn 0.04761302 -0.04761302 0.9977304
vn 0.04761302 -0.04761302 0.9977304
vn 0.04761302 -0.04761302 0.9977304
vn 0.04761302 -0.04761302 0.9977304
vn 0.04761302 -0.04761302 0.9977304
vn 0.04761302 -0.04761302 0.9977304
vn 0.04761302 -0.04761302 0.9977304
vn 0.04761302 -0.04761302 0.9977304
vn 0.01587099 0.999874 -0.000345267
vn 0.01587099 0.999874 -0.000345267
vn 0.01587099 0.999874 -0.000345267
vn 0.01587099 0.999874 -0.000345267
vn 0.4285174 0.5872276 0.6866853
vn -0.4602594 -0.04761302 0.8865068
vn -0.3650334 0.5872276 0.7224364
vn 0.5237435 -0.04761302 0.8505444
vn -0.3650334 0.5872276 0.7224364
vn -0.968132 -0.04761302 0.2458728
vn -0.7776798 0.5872276 0.2244502
vn -0.4602594 -0.04761302 0.8865068
vn -0.4602594 -0.04761302 0.8865068
vn 0.5237435 -0.04761302 0.8505444
vn 0.5237435 -0.04761302 0.8505444
vn -0.4602594 -0.04761302 0.8865068
vn 0.04761302 -0.04761302 -0.9977304
vn -0.4920015 -0.04761302 -0.8692914
vn -0.4920015 -0.04761302 -0.8692914
vn 0.04761302 -0.04761302 -0.9977304
vn -0.3650334 0.5872276 0.7224364
vn 0.5554855 0.7776798 0.2943636
vn 0.4285174 0.5872276 0.6866853
vn -0.7776798 0.5872276 0.2244502
vn -0.3650334 0.5872276 -0.7224364
vn 0.04761302 0.7776798 -0.626855
vn -0.3650334 0.5872276 -0.7224364
vn -0.968132 -0.04761302 0.2458728
vn -0.4920015 -0.04761302 -0.8692914
vn -0.7776798 0.5872276 0.2244502
vn -0.4602594 -0.04761302 0.8865068
vn -0.968132 -0.04761302 0.2458728
vn -0.4602594 -0.04761302 0.8865068
vn -0.968132 -0.04761302 0.2458728
vn -0.968132 -0.04761302 0.2458728
vn -0.4920015 -0.04761302 -0.8692914
vn -0.968132 -0.04761302 0.2458728
vn -0.4920015 -0.04761302 -0.8692914
vn 0.04761302 0.7776798 -0.626855
vn -0.4920015 -0.04761302 -0.8692914
vn 0.04761302 -0.04761302 -0.9977304
vn -0.3650334 0.5872276 -0.7224364
vn 0.01587099 -0.999874 -0.000345267
vn 0.04761302 -0.9046479 0.4234917
vn 0.04761302 -0.7459377 -0.6643116
vn 0.04761302 -0.9046479 0.4234917
vn -0.6750135 -0.7378054 0
vn -0.5554856 -0.6189696 -0.5552588
vn 0.04761302 0.9363899 0.3477167
vn 0.01587099 0.999874 -0.000345267
vn 0.04761302 0.6824538 -0.7293764
vn 0.04761302 0.9363899 0.3477167
vn -0.5554856 0.5554856 -0.6187661
vn -0.6824538 0.6824538 -0.2617513
vn 0.04761302 -0.9046479 0.4234917
vn 0.04761302 0.2063233 0.9773248
vn 0.04761302 0.2063233 0.9773248
vn 0.04761302 -0.9046479 0.4234917
vn 0.04761302 0.6824538 -0.7293764
vn -0.5554856 -0.6189696 -0.5552588
vn 0.04761302 -0.7459377 -0.6643116
vn -0.5554856 0.5554856 -0.6187661
vn -0.6750135 -0.7378054 0
vn -0.5554856 0.5554856 -0.6187661
vn -0.6824538 0.6824538 -0.2617513
vn -0.5554856 -0.6189696 -0.5552588
vn 0.04761302 0.9363899 0.3477167
vn 0.04761302 0.2063233 0.9773248
vn 0.04761302 0.9363899 0.3477167
vn 0.04761302 0.2063233 0.9773248
vn -0.999874 -0.01587099 -0.000346655
vn -0.5554856 0.5554856 0.6187661
vn -0.6824538 -0.04761302 0.7293764
vn -0.6824538 0.6824538 -0.2617513
vn 0.6189696 0.5554856 0.5552588
vn 0.7378054 0.6750135 0
vn -0.5554856 0.5554856 0.6187661
vn 0.7459377 -0.04761302 0.6643116
vn -0.6824538 -0.04761302 0.7293764
vn 0.6189696 0.5554856 0.5552588
vn 0.7378054 0.6750135 0
vn 0.7459377 -0.04761302 0.6643116
vn 0.6189696 0.5554856 0.5552588
vn 0.999874 -0.01587099 -0.000346655
vn 0.04761302 0.9363899 0.3477167
vn 0.01587099 0.999874 -0.000345267
vn 0.01587099 0.999874 -0.000345267
vn 0.04761302 0.9363899 0.3477167
vn 0.04761302 0.7459378 0.6643115
vn 0.04761302 0.9363899 0.3477167
vn 0.04761302 0.9363899 0.3477167
vn 0.04761302 0.7459378 0.6643115
vn 0.7071068 -0.7071068 0
vn 0.6189696 0.5554856 0.5552588
vn 0.7378054 0.6750135 0
vn 0.6189696 -0.6189696 0.4834803
vn 0.6189696 0.5554856 0.5552588
vn -0.6824538 0.6824538 -0.2617513
vn 0.7378054 0.6750135 0
vn -0.5554856 0.5554856 0.6187661
vn 0.6189696 -0.6189696 0.4834803
vn -0.5554856 0.5554856 0.6187661
vn 0.6189696 0.5554856 0.5552588
vn -0.5554856 -0.6189696 0.5552588
vn -0.5554856 0.5554856 0.6187661
vn -0.6750135 -0.7378054 0
vn -0.6824538 0.6824538 -0.2617513
vn -0.5554856 -0.6189696 0.5552588
vn -0.6750135 -0.7378054 0
vn 0.6189696 -0.6189696 0.4834803
vn 0.7071068 -0.7071068 0
vn -0.5554856 -0.6189696 0.5552588
vn 0.3632082 -0.931708 0
vn 0.6189696 0.5554856 0.5552588
vn 0.6507117 0.5554856 0.5176969
vn 0.6189696 -0.6189696 0.4834803
vn 0.6189696 0.5554856 0.5552588
vn 0.01587099 0.999874 -0.000345267
vn 0.6507117 0.5554856 0.5176969
vn 0.6189696 0.5554856 0.5552588
vn -0.6824538 0.6824538 -0.2617513
vn 0.01587099 0.999874 -0.000345267
vn -0.5554856 0.5554856 0.6187661
vn 0.6189696 -0.6189696 0.4834803
vn -0.5554856 0.5554856 0.6187661
vn 0.6189696 0.5554856 0.5552588
vn -0.5554856 -0.6189696 0.5552588
vn -0.5554856 0.5554856 0.6187661
vn -0.3332913 -0.9363899 -0.1099582
vn -0.6824538 0.6824538 -0.2617513
vn -0.5554856 -0.6189696 0.5552588
vn 0.6189696 -0.6189696 -0.4834803
vn 0.6189696 0.5554856 0.5552588
vn 0.6189696 0.5554856 -0.5552588
vn 0.6189696 -0.6189696 0.4834803
vn 0.6189696 0.5554856 -0.5552588
vn 0.01587099 0.999874 -0.000345267
vn 0.01587099 0.999874 -0.000345267
vn 0.6189696 0.5554856 0.5552588
vn 0.6507117 0.5554856 0.5176969
vn -0.3332913 -0.9363899 -0.1099582
vn 0.6189696 -0.6189696 0.4834803
vn 0.3632082 -0.931708 0
vn -0.5554856 -0.6189696 0.5552588
vn 0.6189696 -0.6189696 0.4834803
vn 0.6189696 -0.6189696 -0.4834803
vn 0.01587099 -0.999874 -0.000345267
vn 0.3255129 -0.9455375 0
vn 0.04761302 -0.7459377 -0.6643116
vn 0.6189696 -0.6189696 -0.4834803
vn 0.6189696 -0.6189696 0.4834803
vn 0.6507117 0.5554856 0.5176969
vn 0.6189696 0.5554856 0.5552588
vn 0.3632082 -0.931708 0
vn 0.01587099 0.999874 -0.000345267
vn 0.3650333 0.8729059 -0.3237067
vn 0.6189696 0.5554856 -0.5552588
vn 0.01587099 0.999874 -0.000345267
vn 0.6189696 0.5554856 -0.5552588
vn 0.3255129 -0.9455375 0
vn 0.6189696 -0.6189696 -0.4834803
vn 0.3650333 0.8729059 -0.3237067
vn 0.01587099 0.999874 -0.000345267
vn 0.6189696 0.5554856 -0.5552588
vn 0.3650333 0.8729059 -0.3237067
vn 0.04761302 0.6824538 -0.7293764
vn 0.3650333 0.8729059 -0.3237067
vn 0.6189696 -0.6189696 -0.4834803
vn 0.3255129 -0.9455375 0
vn 0.6189696 0.5554856 -0.5552588
vn 0.6189696 -0.6189696 0.4834803
vn 0.7378054 0.6750135 0
vn 0.7071068 -0.7071068 0
vn 0.6189696 0.5554856 0.5552588
vn 0.6189696 0.5554856 0.5552588
vn -0.6824538 0.6824538 -0.2617513
vn 0.7378054 0.6750135 0
vn -0.5554856 0.5554856 0.6187661
vn 0.6189696 -0.6189696 0.4834803
vn -0.5554856 0.5554856 0.6187661
vn 0.6189696 0.5554856 0.5552588
vn -0.5554856 -0.6189696 0.5552588
vn -0.5554856 0.5554856 0.6187661
vn -0.6750135 -0.7378054 0
vn -0.6824538 0.6824538 -0.2617513
vn -0.5554856 -0.6189696 0.5552588
vn -0.6750135 -0.7378054 0
vn 0.6189696 -0.6189696 0.4834803
vn 0.7071068 -0.7071068 0
vn -0.5554856 -0.6189696 0.5552588
vn 0.6189696 -0.6189696 -0.4834803
vn 0.6507117 0.4920015 0.5783674
vn 0.6507117 0.4920015 -0.5783674
vn 0.6189696 -0.6189696 0.4834803
vn 0.1110971 0.968132 -0.2244501
vn 0.6189696 -0.6189696 0.4834803
vn -0.6189697 0.4602594 0.6364258
vn 0.6824536 0.4602594 0.5678189
vn -0.5554856 -0.6189696 0.5552588
vn -0.5872276 0.4920015 -0.6427272
vn -0.5554856 -0.6189696 0.5552588
vn -0.5554856 -0.6189696 -0.5552588
vn -0.5872276 0.4920015 0.6427272
vn 0.6189696 -0.6189696 0.4834803
vn 0.999874 -0.01587099 -0.000346655
vn 0.7071068 -0.7071068 0
vn 0.7459377 -0.04761302 0.6643116
vn -0.2698073 -0.7776798 0.5678188
vn 0.7459377 -0.04761302 0.6643116
vn 0.6189696 -0.6189696 0.4834803
vn -0.2698073 -0.6189696 0.7376182
vn 0.04761302 -0.04761302 0.9977304
vn 0.04761302 -0.7141957 0.6983248
vn 0.7071068 -0.7071068 0
vn -0.2698073 -0.7776798 0.5678188
vn 0.6189696 -0.6189696 0.4834803
vn -0.3332913 -0.9363899 -0.1099582
vn -0.3967754 -0.9046479 -0.155504
vn -0.2698073 -0.6189696 0.7376182
vn 0.01587099 -0.999874 -0.000345267
vn 0.04761302 -0.7141957 0.6983248
vn 0.4534572 -0.891278 0
vn 0.3332914 -0.6189696 0.7111916
vn 0.390149 -0.9207517 0
vn 0.3332914 -0.7776798 0.5330394
vn -0.6750135 -0.7378054 0
vn -0.5554856 -0.6189696 0.5552588
vn -0.5554856 -0.6189696 0.5552588
vn -0.999874 -0.01587099 -0.000346655
vn -0.6824538 -0.04761302 0.7293764
vn -0.6750135 -0.7378054 0
vn 0.3332914 -0.7776798 0.5330394
vn -0.5554856 -0.6189696 0.5552588
vn -0.6824538 -0.04761302 0.7293764
vn 0.3332914 -0.6189696 0.7111916
vn 0.04761302 -0.04761302 0.9977304
vn 0.04761302 -0.7141957 0.6983248
vn 0.4285174 0.5872276 0.6866853
vn 0.8729059 -0.04761302 0.4855599
vn 0.5237435 -0.04761302 0.8505444
vn 0.5554855 0.7776798 0.2943636
vn 0.5237435 -0.04761302 0.8505444
vn 0.8729059 -0.04761302 0.4855599
vn 0.5237435 -0.04761302 0.8505444
vn 0.8729059 -0.04761302 0.4855599
vn 0.04761302 -0.7459377 -0.6643116
vn 0.6189696 0.5554856 -0.5552588
vn 0.04761302 0.6824538 -0.7293764
vn 0.6189696 -0.6189696 -0.4834803
vn -0.5554856 -0.6189696 -0.5552588
vn 0.3332914 -0.9363899 0.1099579
vn 0.6189696 -0.6189696 -0.4834803
vn -0.2698073 -0.9363899 0.2244502
vn -0.5554856 -0.6189696 0.5552588
vn 0.6189696 -0.6189696 0.4834803
vn 0.6824536 0.4602594 0.5678189
vn 0.3332914 -0.9363899 0.1099579
vn 0.6189696 -0.6189696 0.4834803
vn 0.4602594 0.7776798 0.4282236
vn 0.04761302 0.968132 -0.2458728
vn 0.04761302 0.7459378 0.6643115
vn -0.5554856 -0.6189696 0.5552588
vn -0.3967754 0.7776798 0.4876304
vn -0.6189697 0.4602594 0.6364258
vn -0.2698073 -0.9363899 0.2244502
vn 0.6189696 -0.6189696 0.4834803
vn -0.2698073 -0.9363899 0.2244502
vn -0.5554856 -0.6189696 0.5552588
vn 0.3332914 -0.9363899 0.1099579
vn -0.2698073 -0.9363899 0.2244502
vn -0.5872276 0.4920015 0.6427272
vn -0.3967754 0.7776798 0.4876304
vn -0.5554856 -0.6189696 0.5552588
vn 0.4602594 0.7776798 0.4282236
vn 0.6189696 -0.6189696 0.4834803
vn 0.3332914 -0.9363899 0.1099579
vn 0.6507117 0.4920015 0.5783674
vn 0.04761302 -0.04761302 -0.9977304
vn 0.7459377 -0.04761302 -0.6643116
vn 0.04761302 -0.04761302 -0.9977304
vn 0.7459377 -0.04761302 -0.6643116
vn 0.7459377 -0.04761302 -0.6643116
vn 0.7459377 -0.04761302 -0.6643116
vn 0.7459377 -0.04761302 -0.6643116
vn 0.7459377 -0.04761302 -0.6643116
vn 0.7459377 -0.04761302 -0.6643116
vn 0.04761302 -0.04761302 -0.9977304
vn 0.7459377 -0.04761302 -0.6643116
vn 0.04761302 -0.04761302 -0.9977304
vn 0.04761302 -0.3332914 0.9416209
vn 0.04761302 -0.04761302 0.9977304
vn 0.04761302 -0.3332914 0.9416209
vn 0.04761302 -0.04761302 0.9977304
vn -0.5554856 -0.6189696 -0.5552588
vn 0.6507117 0.4920015 -0.5783674
vn -0.5872276 0.4920015 -0.6427272
vn 0.6189696 -0.6189696 -0.4834803
vn -0.04761302 0.968132 -0.2458728
vn 0.04761302 0.968132 -0.2458728
vn 0.1110971 0.968132 -0.2244501
vn -0.6189697 0.4602594 0.6364258
vn 0.04761302 0.7459378 0.6643115
vn 0.6824536 0.4602594 0.5678189
vn -0.5872276 0.4920015 -0.6427272
vn -0.04761302 0.968132 -0.2458728
vn -0.5872276 0.4920015 0.6427272
vn -0.3967754 0.7776798 0.4876304
vn -0.04761302 0.968132 -0.2458728
vn 0.04761302 0.968132 -0.2458728
vn -0.5872276 0.4920015 0.6427272
vn 0.1110971 0.968132 -0.2244501
vn 0.4602594 0.7776798 0.4282236
vn 0.6507117 0.4920015 0.5783674
vn -0.3967754 0.7776798 0.4876304
vn 0.04761302 0.7459378 0.6643115
vn -0.6189697 0.4602594 0.6364258
vn 0.04761302 0.968132 -0.2458728
vn -0.999874 -0.01587099 -0.000346655
vn -0.999874 -0.01587099 -0.000346655
vn -0.999874 -0.01587099 -0.000346655
vn -0.999874 -0.01587099 -0.000346655
vn -0.999874 -0.01587099 -0.000346655
vn -0.999874 -0.01587099 -0.000346655
vn -0.999874 -0.01587099 -0.000346655
vn -0.999874 -0.01587099 -0.000346655
vn 0.04761302 -0.04761302 0.9977304
vn 0.04761302 -0.3332914 0.9416209
vn 0.04761302 -0.04761302 0.9977304
vn 0.04761302 -0.3332914 0.9416209
vn 0.04761302 -0.3332914 0.9416209
vn 0.04761302 -0.3332914 0.9416209
vn 0.04761302 -0.3332914 0.9416209
vn 0.04761302 -0.3332914 0.9416209
vn 0.04761302 -0.3332914 0.9416209
vn 0.04761302 -0.3332914 0.9416209
vn 0.04761302 -0.3332914 0.9416209
vn 0.04761302 -0.3332914 0.9416209
vn 0.04761302 -0.3332914 0.9416209
vn 0.04761302 -0.04761302 0.9977304
vn 0.04761302 -0.3332914 0.9416209
vn 0.04761302 -0.04761302 0.9977304
vn 0.04761302 -0.3332914 0.9416209
vn -0.999874 -0.01587099 -0.000346655
vn -0.3015493 -0.04761302 -0.952261
vn -0.999874 -0.01587099 -0.000346655
vn -0.3015493 -0.04761302 -0.952261
vn -0.3015493 -0.04761302 -0.952261
vn 0.8411638 -0.04761302 -0.5386803
vn -0.3015493 -0.04761302 -0.952261
vn 0.8411638 -0.04761302 -0.5386803
vn 0.8411638 -0.04761302 -0.5386803
vn 0.8411638 -0.04761302 0.5386803
vn 0.8411638 -0.04761302 -0.5386803
vn 0.8411638 -0.04761302 0.5386803
vn 0.8411638 -0.04761302 0.5386803
vn -0.3015493 -0.04761302 0.952261
vn 0.8411638 -0.04761302 0.5386803
vn -0.3015493 -0.04761302 0.952261
vn -0.3015493 -0.04761302 0.952261
vn -0.999874 -0.01587099 -0.000346655
vn -0.3015493 -0.04761302 0.952261
vn -0.999874 -0.01587099 -0.000346655
vn -0.999874 -0.01587099 -0.000346655
vn -0.3015493 -0.04761302 -0.952261
vn -0.999874 -0.01587099 -0.000346655
vn -0.3015493 -0.04761302 -0.952261
vn -0.3015493 -0.04761302 -0.952261
vn 0.8411638 -0.04761302 -0.5386803
vn -0.3015493 -0.04761302 -0.952261
vn 0.8411638 -0.04761302 -0.5386803
vn 0.8411638 -0.04761302 -0.5386803
vn 0.8411638 -0.04761302 0.5386803
vn 0.8411638 -0.04761302 -0.5386803
vn 0.8411638 -0.04761302 0.5386803
vn 0.8411638 -0.04761302 0.5386803
vn -0.3015493 -0.04761302 0.952261
vn 0.8411638 -0.04761302 0.5386803
vn -0.3015493 -0.04761302 0.952261
vn -0.3015493 -0.04761302 0.952261
vn -0.999874 -0.01587099 -0.000346655
vn -0.3015493 -0.04761302 0.952261
vn -0.999874 -0.01587099 -0.000346655
vn 0.04761302 -0.04761302 0.9977304
vn 0.1110971 -0.3332914 0.9362555
vn 0.04761302 -0.3332914 0.9416209
vn 0.04761302 -0.04761302 0.9977304
vn 0.04761302 -0.04761302 0.9977304
vn -0.04761302 -0.3332914 0.9416209
vn -0.3015493 -0.04761302 0.952261
vn -0.2698073 -0.2380652 0.9330214
vn 0.3332914 -0.2380652 0.9122729
vn 0.3650333 -0.04761302 0.9297761
vn -0.6824538 -0.04761302 0.7293764
vn -0.999874 -0.01587099 -0.000346655
vn -0.6824538 -0.04761302 0.7293764
vn -0.999874 -0.01587099 -0.000346655
vn 0.7459377 -0.04761302 0.6643116
vn -0.1110971 -0.1428391 0.9834909
vn 0.7459377 -0.04761302 0.6643116
vn -0.3015493 -0.04761302 0.952261
vn -0.01587105 -0.3015493 0.9533185
vn 0.04761302 -0.3015493 0.952261
vn 0.04761302 -0.04761302 0.9977304
vn 0.7459377 -0.04761302 0.6643116
vn 0.999874 -0.01587099 -0.000346655
vn 0.999874 -0.01587099 -0.000346655
vn 0.7459377 -0.04761302 0.6643116
vn -0.6824538 -0.04761302 0.7293764
vn 0.04761302 -0.3015493 0.952261
vn 0.07935506 -0.3015493 0.9501425
vn 0.04761302 -0.04761302 0.9977304
vn 0.1745812 -0.1428391 0.9742271
vn 0.3650333 -0.04761302 0.9297761
vn -0.6824538 -0.04761302 0.7293764
vn -0.3015493 -0.04761302 0.952261
vn -0.2698073 -0.2380652 0.9330214
vn -0.1110971 -0.1428391 0.9834909
vn -0.3015493 -0.04761302 0.952261
vn -0.1110971 -0.1428391 0.9834909
vn -0.04761302 -0.3332914 0.9416209
vn -0.01587105 -0.3015493 0.9533185
vn -0.2698073 -0.2380652 0.9330214
vn -0.01587105 -0.3015493 0.9533185
vn 0.04761302 -0.3332914 0.9416209
vn 0.04761302 -0.3015493 0.952261
vn -0.04761302 -0.3332914 0.9416209
vn 0.04761302 -0.3015493 0.952261
vn 0.1110971 -0.3332914 0.9362555
vn 0.07935506 -0.3015493 0.9501425
vn 0.04761302 -0.3332914 0.9416209
vn 0.07935506 -0.3015493 0.9501425
vn 0.3332914 -0.2380652 0.9122729
vn 0.1745812 -0.1428391 0.9742271
vn 0.1110971 -0.3332914 0.9362555
vn 0.1745812 -0.1428391 0.9742271
vn 0.3650333 -0.04761302 0.9297761
vn 0.3650333 -0.04761302 0.9297761
vn 0.3332914 -0.2380652 0.9122729
vn -0.999874 -0.01587099 -0.000346655
vn -0.5554856 0.5554856 0.6187661
vn -0.6824538 -0.04761302 0.7293764
vn -0.6824538 0.6824538 -0.2617513
vn 0.6189696 0.5554856 0.5552588
vn 0.7378054 0.6750135 0
vn -0.5554856 0.5554856 0.6187661
vn 0.7459377 -0.04761302 0.6643116
vn -0.6824538 -0.04761302 0.7293764
vn 0.6189696 0.5554856 0.5552588
vn 0.7378054 0.6750135 0
vn 0.7459377 -0.04761302 0.6643116
vn 0.6189696 0.5554856 0.5552588
vn 0.999874 -0.01587099 -0.000346655
vn 0.7459377 -0.04761302 0.6643116
vn 0.04761302 -0.04761302 0.9977304
vn 0.04761302 -0.04761302 0.9977304
vn 0.7459377 -0.04761302 0.6643116
vn -0.6824538 -0.04761302 0.7293764
vn 0.04761302 -0.04761302 0.9977304
vn -0.6824538 -0.04761302 0.7293764
vn 0.04761302 -0.04761302 0.9977304
vn -0.6824538 -0.04761302 0.7293764
vn -0.999874 -0.01587099 -0.000346655
vn -0.999874 -0.01587099 -0.000346655
vn -0.6824538 -0.04761302 0.7293764
vn 0.999874 -0.01587099 -0.000346655
vn 0.7459377 -0.04761302 0.6643116
vn 0.7459377 -0.04761302 0.6643116
vn 0.999874 -0.01587099 -0.000346655
vn 0.04761302 -0.04761302 0.9977304
vn 0.04761302 -0.04761302 0.9977304
vn 0.04761302 -0.04761302 0.9977304
vn 0.04761302 -0.04761302 0.9977304
vn 0.04761302 -0.04761302 0.9977304
vn 0.04761302 -0.04761302 0.9977304
vn 0.04761302 -0.04761302 0.9977304
vn 0.04761302 -0.04761302 0.9977304
vn 0.04761302 -0.04761302 0.9977304
vn 0.7459377 -0.04761302 0.6643116
vn 0.04761302 -0.04761302 0.9977304
vn 0.7459377 -0.04761302 0.6643116
vn 0.7459377 -0.04761302 0.6643116
vn 0.7459377 -0.04761302 0.6643116
vn 0.7459377 -0.04761302 0.6643116
vn 0.7459377 -0.04761302 0.6643116
vn 0.7459377 -0.04761302 0.6643116
vn 0.7459377 -0.04761302 0.6643116
vn 0.7459377 -0.04761302 0.6643116
vn 0.7459377 -0.04761302 0.6643116
vn 0.4920015 -0.04761302 0.8692914
vn 0.04761302 -0.04761302 0.9977304
vn 0.4920015 -0.04761302 0.8692914
vn 0.04761302 -0.04761302 0.9977304
vn 0.4920015 -0.04761302 0.8692914
vn 0.4920015 -0.04761302 0.8692914
vn 0.4920015 -0.04761302 0.8692914
vn 0.4920015 -0.04761302 0.8692914
vn -0.4285175 -0.04761302 0.9022781
vn 0.4920015 -0.04761302 0.8692914
vn -0.4285175 -0.04761302 0.9022781
vn 0.4920015 -0.04761302 0.8692914
vn -0.968132 -0.04761302 0.2458728
vn -0.4285175 -0.04761302 0.9022781
vn -0.968132 -0.04761302 0.2458728
vn -0.4285175 -0.04761302 0.9022781
vn -0.4602594 -0.04761302 -0.8865068
vn -0.968132 -0.04761302 0.2458728
vn -0.4602594 -0.04761302 -0.8865068
vn -0.968132 -0.04761302 0.2458728
vn -0.6824538 -0.04761302 -0.7293764
vn -0.4602594 -0.04761302 -0.8865068
vn -0.6824538 -0.04761302 -0.7293764
vn -0.4602594 -0.04761302 -0.8865068
vn -0.999874 -0.01587099 -0.000346655
vn -0.6824538 -0.04761302 -0.7293764
vn -0.999874 -0.01587099 -0.000346655
vn -0.6824538 -0.04761302 -0.7293764
vn 0.04761302 -0.04761302 -0.9977304
vn 0.7459377 -0.04761302 -0.6643116
vn 0.7459377 -0.04761302 -0.6643116
vn 0.04761302 -0.04761302 -0.9977304
vn 0.7459377 -0.04761302 0.6643116
vn 0.7459377 -0.04761302 -0.6643116
vn 0.7459377 -0.04761302 0.6643116
vn 0.7459377 -0.04761302 -0.6643116
vn 0.04761302 -0.04761302 0.9977304
vn 0.04761302 -0.04761302 0.9977304
vn 0.04761302 -0.04761302 0.9977304
vn 0.04761302 -0.04761302 0.9977304
vn -0.6824538 -0.04761302 0.7293764
vn 0.04761302 -0.04761302 0.9977304
vn -0.6824538 -0.04761302 0.7293764
vn 0.04761302 -0.04761302 0.9977304
vn -0.6824538 -0.04761302 -0.7293764
vn -0.6824538 -0.04761302 0.7293764
vn -0.6824538 -0.04761302 -0.7293764
vn -0.6824538 -0.04761302 0.7293764
vn 0.7459377 -0.04761302 0.6643116
vn 0.999874 -0.01587099 -0.000346655
vn 0.7459377 -0.04761302 0.6643116
vn 0.9363899 0.2698073 -0.2244502
vn 0.04761302 0.6824538 -0.7293764
vn -0.4285175 -0.04761302 -0.9022781
vn 0.04761302 -0.04761302 -0.9977304
vn -0.5554856 0.5554856 -0.6187661
vn -0.6824538 -0.04761302 -0.7293764
vn -0.5554856 0.5554856 -0.6187661
vn -0.2698073 0.2698073 -0.9243419
vn -0.4285175 -0.04761302 -0.9022781
vn 0.7459377 -0.04761302 0.6643116
vn 0.999874 -0.01587099 -0.000346655
vn 0.7459377 -0.04761302 0.6643116
vn 0.999874 -0.01587099 -0.000346655
vn 0.4920015 -0.04761302 0.8692914
vn 0.7459377 -0.04761302 0.6643116
vn 0.04761302 -0.04761302 0.9977304
vn 0.7459377 -0.04761302 0.6643116
vn -0.6824538 -0.04761302 0.7293764
vn 0.04761302 -0.04761302 0.9977304
vn -0.6824538 -0.04761302 0.7293764
vn 0.04761302 -0.04761302 0.9977304
vn -0.6824538 -0.04761302 -0.7293764
vn -0.6824538 -0.04761302 0.7293764
vn -0.6824538 -0.04761302 -0.7293764
vn -0.6824538 -0.04761302 0.7293764
vn 0.7459377 -0.04761302 0.6643116
vn 0.9363899 0.2698073 -0.2244502
vn 0.7459377 -0.04761302 0.6643116
vn 0.7459377 -0.04761302 -0.6643116
vn 0.999874 -0.01587099 -0.000346655
vn 0.7459377 -0.04761302 0.6643116
vn 0.999874 -0.01587099 -0.000346655
vn 0.7459377 -0.04761302 0.6643116
vn 0.04761302 -0.04761302 -0.9977304
vn 0.04761302 -0.04761302 -0.9977304
vn -0.4285175 -0.04761302 -0.9022781
vn 0.04761302 -0.04761302 -0.9977304
vn 0.7459377 -0.04761302 0.6643116
vn 0.999874 -0.01587099 -0.000346655
vn 0.7459377 -0.04761302 0.6643116
vn 0.999874 -0.01587099 -0.000346655
vn 0.7459377 -0.04761302 -0.6643116
vn 0.04761302 0.6824538 -0.7293764
vn 0.9363899 0.2698073 -0.2244502
vn 0.04761302 -0.04761302 -0.9977304
vn 0.7459377 -0.04761302 0.6643116
vn 0.7459377 -0.04761302 0.6643116
vn 0.4920015 -0.04761302 0.8692914
vn 0.7459377 -0.04761302 0.6643116
vn 0.7459377 -0.04761302 0.6643116
vn 0.04761302 -0.04761302 0.9977304
vn 0.7459377 -0.04761302 0.6643116
vn 0.04761302 -0.04761302 0.9977304
vn 0.999874 -0.01587099 -0.000346655
vn 0.6189696 0.5554856 -0.5552588
vn 0.7459377 -0.04761302 -0.6643116
vn 0.9363899 0.2698073 -0.2244502
vn 0.999874 -0.01587099 -0.000346655
vn 0.7459377 -0.04761302 -0.6643116
vn 0.7459377 -0.04761302 -0.6643116
vn 0.999874 -0.01587099 -0.000346655
vn 0.7459377 -0.04761302 -0.6643116
vn 0.04761302 -0.04761302 -0.9977304
vn 0.04761302 -0.04761302 -0.9977304
vn 0.6189696 0.5554856 -0.5552588
vn 0.04761302 -0.04761302 -0.9977304
vn 0.7459377 -0.04761302 -0.6643116
vn 0.04761302 0.6824538 -0.7293764
vn -0.999874 -0.01587099 -0.000346655
vn -0.6824538 -0.04761302 0.7293764
vn -0.6824538 -0.04761302 0.7293764
vn -0.999874 -0.01587099 -0.000346655
vn -0.999874 -0.01587099 -0.000346655
vn -0.6824538 -0.04761302 0.7293764
vn -0.6824538 -0.04761302 0.7293764
vn -0.999874 -0.01587099 -0.000346655
vn -0.6824538 -0.04761302 -0.7293764
vn -0.6824538 -0.04761302 -0.7293764
vn -0.6824538 -0.04761302 -0.7293764
vn -0.2698073 0.2698073 -0.9243419
vn -0.2698073 0.2698073 -0.9243419
vn -0.6824538 -0.04761302 -0.7293764
vn -0.6824538 -0.04761302 -0.7293764
vn 0.04761302 -0.04761302 -0.9977304
vn 0.04761302 -0.04761302 -0.9977304
vn -0.6824538 -0.04761302 0.7293764
vn -0.6824538 -0.04761302 0.7293764
vn -0.6824538 -0.04761302 0.7293764
vn -0.6824538 -0.04761302 0.7293764
vn -0.6824538 -0.04761302 0.7293764
vn -0.6824538 -0.04761302 0.7293764
vn -0.6824538 -0.04761302 0.7293764
vn -0.6824538 -0.04761302 0.7293764
vn 0.9363899 0.2698073 -0.2244502
vn 0.04761302 0.6824538 -0.7293764
vn 0.6189696 0.5554856 -0.5552588
vn 0.04761302 0.6824538 -0.7293764
vn -0.5554856 0.5554856 -0.6187661
vn 0.04761302 0.6824538 -0.7293764
vn -0.2698073 0.2698073 -0.9243419
vn 0.04761302 0.6824538 -0.7293764
vn -0.2698073 0.2698073 -0.9243419
vn 0.04761302 -0.04761302 -0.9977304
vn 0.04761302 -0.04761302 -0.9977304
vn 0.04761302 0.6824538 -0.7293764
vn 0.7459377 -0.04761302 0.6643116
vn 0.04761302 -0.04761302 0.9977304
vn 0.04761302 -0.04761302 0.9977304
vn 0.7459377 -0.04761302 0.6643116
vn 0.7459377 -0.04761302 0.6643116
vn 0.04761302 -0.04761302 0.9977304
vn 0.04761302 -0.04761302 0.9977304
vn 0.7459377 -0.04761302 0.6643116
vn 0.7459377 -0.04761302 0.6643116
vn 0.999874 -0.01587099 -0.000346655
vn 0.999874 -0.01587099 -0.000346655
vn 0.4920015 -0.04761302 0.8692914
vn -0.6824538 -0.04761302 0.7293764
vn -0.999874 -0.01587099 -0.000346655
vn -0.999874 -0.01587099 -0.000346655
vn -0.6824538 -0.04761302 0.7293764
vn -0.6824538 -0.04761302 0.7293764
vn -0.999874 -0.01587099 -0.000346655
vn -0.999874 -0.01587099 -0.000346655
vn -0.6824538 -0.04761302 0.7293764
vn 0.04761302 -0.04761302 0.9977304
vn 0.04761302 -0.04761302 0.9977304
vn 0.04761302 -0.04761302 0.9977304
vn 0.04761302 -0.04761302 0.9977304
vn 0.04761302 -0.04761302 0.9977304
vn 0.04761302 -0.04761302 0.9977304
vn 0.04761302 -0.04761302 0.9977304
vn 0.04761302 -0.04761302 0.9977304
vn 0.01587099 0.999874 -0.000345267
vn 0.01587099 0.999874 -0.000345267
vn 0.01587099 0.999874 -0.000345267
vn 0.01587099 0.999874 -0.000345267
vn -0.3650334 0.5872276 0.7224364
vn 0.5237435 -0.04761302 0.8505444
vn -0.4602594 -0.04761302 0.8865068
vn 0.4285174 0.5872276 0.6866853
vn 0.4285174 0.5872276 0.6866853
vn 0.999874 -0.01587099 -0.000346655
vn 0.5237435 -0.04761302 0.8505444
vn 0.819958 0.5724236 0
vn 0.5237435 -0.04761302 0.8505444
vn -0.4602594 -0.04761302 0.8865068
vn 0.5237435 -0.04761302 0.8505444
vn -0.4602594 -0.04761302 0.8865068
vn 0.04761302 -0.04761302 -0.9977304
vn 0.5554855 -0.04761302 -0.8301619
vn 0.04761302 -0.04761302 -0.9977304
vn 0.5554855 -0.04761302 -0.8301619
vn 0.4285174 0.5872276 -0.6866853
vn -0.4920015 0.7776798 0.3913421
vn 0.04761302 0.7776798 -0.626855
vn 0.819958 0.5724236 0
vn 0.4285174 0.5872276 0.6866853
vn -0.3650334 0.5872276 0.7224364
vn 0.4285174 0.5872276 -0.6866853
vn 0.999874 -0.01587099 -0.000346655
vn 0.819958 0.5724236 0
vn 0.5554855 -0.04761302 -0.8301619
vn 0.5237435 -0.04761302 0.8505444
vn 0.999874 -0.01587099 -0.000346655
vn 0.999874 -0.01587099 -0.000346655
vn 0.5237435 -0.04761302 0.8505444
vn 0.999874 -0.01587099 -0.000346655
vn 0.5554855 -0.04761302 -0.8301619
vn 0.5554855 -0.04761302 -0.8301619
vn 0.999874 -0.01587099 -0.000346655
vn 0.04761302 0.7776798 -0.626855
vn 0.5554855 -0.04761302 -0.8301619
vn 0.4285174 0.5872276 -0.6866853
vn 0.04761302 -0.04761302 -0.9977304
vn 0.04756513 -0.9988682 0
vn 0.04761302 -0.9046479 0.4234917
vn 0.04761302 -0.9046479 0.4234917
vn 0.04761302 -0.7459377 -0.6643116
vn 0.7071068 -0.7071068 0
vn 0.6189696 -0.6189696 -0.4834803
vn 0.04761302 0.9363899 0.3477167
vn 0.01587099 0.999874 -0.000345267
vn 0.04761302 0.9363899 0.3477167
vn 0.04761302 0.6824538 -0.7293764
vn 0.6189696 0.5554856 -0.5552588
vn 0.7378054 0.6750135 0
vn 0.04761302 -0.9046479 0.4234917
vn 0.04761302 0.2063233 0.9773248
vn 0.04761302 -0.9046479 0.4234917
vn 0.04761302 0.2063233 0.9773248
vn 0.04761302 0.6824538 -0.7293764
vn 0.6189696 -0.6189696 -0.4834803
vn 0.6189696 0.5554856 -0.5552588
vn 0.04761302 -0.7459377 -0.6643116
vn 0.7071068 -0.7071068 0
vn 0.6189696 0.5554856 -0.5552588
vn 0.6189696 -0.6189696 -0.4834803
vn 0.7378054 0.6750135 0
vn 0.04761302 0.9363899 0.3477167
vn 0.04761302 0.2063233 0.9773248
vn 0.04761302 0.2063233 0.9773248
vn 0.04761302 0.9363899 0.3477167
vn 0.999874 -0.01587099 -0.000346655
vn 0.6189696 0.5554856 0.5552588
vn 0.7378054 0.6750135 0
vn 0.7459377 -0.04761302 0.6643116
vn 0.7378054 0.6750135 0
vn -0.5554856 0.5554856 0.6187661
vn -0.6824538 0.6824538 -0.2617513
vn 0.6189696 0.5554856 0.5552588
vn 0.6189696 0.5554856 0.5552588
vn -0.6824538 -0.04761302 0.7293764
vn -0.5554856 0.5554856 0.6187661
vn 0.7459377 -0.04761302 0.6643116
vn -0.6824538 0.6824538 -0.2617513
vn -0.6824538 -0.04761302 0.7293764
vn -0.999874 -0.01587099 -0.000346655
vn -0.5554856 0.5554856 0.6187661
vn 0.04761302 0.9363899 0.3477167
vn 0.01587099 0.999874 -0.000345267
vn 0.04761302 0.9363899 0.3477167
vn 0.01587099 0.999874 -0.000345267
vn 0.04761302 0.7459378 0.6643115
vn 0.04761302 0.9363899 0.3477167
vn 0.04761302 0.7459378 0.6643115
vn 0.04761302 0.9363899 0.3477167
vn -0.6750135 -0.7378054 0
vn -0.5554856 0.5554856 0.6187661
vn -0.5554856 -0.6189696 0.5552588
vn -0.6824538 0.6824538 -0.2617513
vn -0.5554856 0.5554856 0.6187661
vn 0.7378054 0.6750135 0
vn 0.6189696 0.5554856 0.5552588
vn -0.6824538 0.6824538 -0.2617513
vn -0.5554856 -0.6189696 0.5552588
vn 0.6189696 0.5554856 0.5552588
vn 0.6189696 -0.6189696 0.4834803
vn -0.5554856 0.5554856 0.6187661
vn 0.6189696 0.5554856 0.5552588
vn 0.7071068 -0.7071068 0
vn 0.6189696 -0.6189696 0.4834803
vn 0.7378054 0.6750135 0
vn 0.7071068 -0.7071068 0
vn -0.5554856 -0.6189696 0.5552588
vn 0.6189696 -0.6189696 0.4834803
vn -0.6750135 -0.7378054 0
vn -0.3015493 -0.9363899 0.1795602
vn -0.5554856 0.5554856 0.6187661
vn -0.5554856 -0.6189696 0.5552588
vn -0.5872276 0.5554856 0.5887271
vn 0.01587099 0.999874 -0.000345267
vn -0.5554856 0.5554856 0.6187661
vn -0.5872276 0.5554856 0.5887271
vn 0.7378054 0.6750135 0
vn -0.5554856 0.5554856 0.6187661
vn 0.01587099 0.999874 -0.000345267
vn 0.6189696 0.5554856 0.5552588
vn -0.5554856 -0.6189696 0.5552588
vn 0.6189696 0.5554856 0.5552588
vn 0.6189696 -0.6189696 0.4834803
vn -0.5554856 0.5554856 0.6187661
vn 0.6189696 0.5554856 0.5552588
vn 0.390149 -0.9207517 0
vn 0.6189696 -0.6189696 0.4834803
vn 0.7378054 0.6750135 0
vn -0.5554856 -0.6189696 -0.5552588
vn -0.5554856 0.5554856 0.6187661
vn -0.5554856 -0.6189696 0.5552588
vn -0.5554856 0.5554856 -0.6187661
vn -0.5554856 0.5554856 -0.6187661
vn 0.01587099 0.999874 -0.000345267
vn -0.5554856 0.5554856 0.6187661
vn 0.01587099 0.999874 -0.000345267
vn -0.5872276 0.5554856 0.5887271
vn 0.390149 -0.9207517 0
vn -0.5554856 -0.6189696 0.5552588
vn 0.6189696 -0.6189696 0.4834803
vn -0.3015493 -0.9363899 0.1795602
vn -0.5554856 -0.6189696 0.5552588
vn -0.5554856 -0.6189696 -0.5552588
vn 0.01587099 -0.999874 -0.000345267
vn -0.2684583 -0.9632913 0
vn 0.04761302 -0.7459377 -0.6643116
vn -0.5554856 -0.6189696 -0.5552588
vn -0.5554856 -0.6189696 0.5552588
vn -0.5872276 0.5554856 0.5887271
vn -0.3015493 -0.9363899 0.1795602
vn -0.5554856 0.5554856 0.6187661
vn 0.01587099 0.999874 -0.000345267
vn -0.3015493 0.8729059 -0.3835406
vn 0.01587099 0.999874 -0.000345267
vn -0.5554856 0.5554856 -0.6187661
vn -0.5554856 0.5554856 -0.6187661
vn -0.2684583 -0.9632913 0
vn -0.3015493 0.8729059 -0.3835406
vn -0.5554856 -0.6189696 -0.5552588
vn 0.01587099 0.999874 -0.000345267
vn -0.5554856 0.5554856 -0.6187661
vn 0.04761302 0.6824538 -0.7293764
vn -0.3015493 0.8729059 -0.3835406
vn -0.3015493 0.8729059 -0.3835406
vn -0.5554856 -0.6189696 -0.5552588
vn -0.5554856 0.5554856 -0.6187661
vn -0.2684583 -0.9632913 0
vn -0.5554856 -0.6189696 0.5552588
vn -0.6824538 0.6824538 -0.2617513
vn -0.5554856 0.5554856 0.6187661
vn -0.6750135 -0.7378054 0
vn -0.5554856 0.5554856 0.6187661
vn 0.7378054 0.6750135 0
vn 0.6189696 0.5554856 0.5552588
vn -0.6824538 0.6824538 -0.2617513
vn -0.5554856 -0.6189696 0.5552588
vn 0.6189696 0.5554856 0.5552588
vn 0.6189696 -0.6189696 0.4834803
vn -0.5554856 0.5554856 0.6187661
vn 0.6189696 0.5554856 0.5552588
vn 0.7071068 -0.7071068 0
vn 0.6189696 -0.6189696 0.4834803
vn 0.7378054 0.6750135 0
vn 0.7071068 -0.7071068 0
vn -0.5554856 -0.6189696 0.5552588
vn 0.6189696 -0.6189696 0.4834803
vn -0.6750135 -0.7378054 0
vn -0.5554856 -0.6189696 -0.5552588
vn -0.5872276 0.4920015 0.6427272
vn -0.5554856 -0.6189696 0.5552588
vn -0.5872276 0.4920015 -0.6427272
vn -0.04761302 0.968132 -0.2458728
vn -0.5554856 -0.6189696 0.5552588
vn 0.6824536 0.4602594 0.5678189
vn 0.6189696 -0.6189696 0.4834803
vn -0.6189697 0.4602594 0.6364258
vn 0.6507117 0.4920015 -0.5783674
vn 0.6189696 -0.6189696 0.4834803
vn 0.6507117 0.4920015 0.5783674
vn 0.6189696 -0.6189696 -0.4834803
vn -0.5554856 -0.6189696 0.5552588
vn -0.999874 -0.01587099 -0.000346655
vn -0.6824538 -0.04761302 0.7293764
vn -0.6750135 -0.7378054 0
vn 0.3332914 -0.7776798 0.5330394
vn -0.5554856 -0.6189696 0.5552588
vn -0.6824538 -0.04761302 0.7293764
vn 0.3332914 -0.6189696 0.7111916
vn 0.04761302 -0.04761302 0.9977304
vn 0.04761302 -0.7141957 0.6983248
vn -0.6750135 -0.7378054 0
vn 0.3332914 -0.7776798 0.5330394
vn 0.390149 -0.9207517 0
vn -0.5554856 -0.6189696 0.5552588
vn 0.4534572 -0.891278 0
vn 0.3332914 -0.6189696 0.7111916
vn 0.01587099 -0.999874 -0.000345267
vn 0.04761302 -0.7141957 0.6983248
vn -0.3967754 -0.9046479 -0.155504
vn -0.2698073 -0.6189696 0.7376182
vn -0.3332913 -0.9363899 -0.1099582
vn -0.2698073 -0.7776798 0.5678188
vn 0.7071068 -0.7071068 0
vn 0.6189696 -0.6189696 0.4834803
vn 0.6189696 -0.6189696 0.4834803
vn 0.999874 -0.01587099 -0.000346655
vn 0.7071068 -0.7071068 0
vn 0.7459377 -0.04761302 0.6643116
vn -0.2698073 -0.7776798 0.5678188
vn 0.7459377 -0.04761302 0.6643116
vn 0.6189696 -0.6189696 0.4834803
vn -0.2698073 -0.6189696 0.7376182
vn 0.04761302 -0.04761302 0.9977304
vn 0.04761302 -0.7141957 0.6983248
vn -0.3650334 0.5872276 0.7224364
vn -0.8094218 -0.04761302 0.5852943
vn -0.4920015 0.7776798 0.3913421
vn -0.4602594 -0.04761302 0.8865068
vn -0.4602594 -0.04761302 0.8865068
vn -0.8094218 -0.04761302 0.5852943
vn -0.8094218 -0.04761302 0.5852943
vn -0.4602594 -0.04761302 0.8865068
vn 0.04761302 -0.7459377 -0.6643116
vn -0.5554856 0.5554856 -0.6187661
vn -0.5554856 -0.6189696 -0.5552588
vn 0.04761302 0.6824538 -0.7293764
vn 0.6189696 -0.6189696 -0.4834803
vn -0.2698073 -0.9363899 0.2244502
vn 0.3332914 -0.9363899 0.1099579
vn -0.5554856 -0.6189696 -0.5552588
vn 0.6189696 -0.6189696 0.4834803
vn -0.5554856 -0.6189696 0.5552588
vn -0.6189697 0.4602594 0.6364258
vn -0.2698073 -0.9363899 0.2244502
vn -0.3967754 0.7776798 0.4876304
vn -0.5554856 -0.6189696 0.5552588
vn 0.04761302 0.968132 -0.2458728
vn 0.04761302 0.7459378 0.6643115
vn 0.6189696 -0.6189696 0.4834803
vn 0.4602594 0.7776798 0.4282236
vn 0.3332914 -0.9363899 0.1099579
vn 0.6824536 0.4602594 0.5678189
vn -0.5554856 -0.6189696 0.5552588
vn 0.3332914 -0.9363899 0.1099579
vn -0.2698073 -0.9363899 0.2244502
vn 0.6189696 -0.6189696 0.4834803
vn 0.3332914 -0.9363899 0.1099579
vn 0.6507117 0.4920015 0.5783674
vn 0.6189696 -0.6189696 0.4834803
vn 0.4602594 0.7776798 0.4282236
vn -0.3967754 0.7776798 0.4876304
vn -0.5554856 -0.6189696 0.5552588
vn -0.5872276 0.4920015 0.6427272
vn -0.2698073 -0.9363899 0.2244502
vn 0.04761302 -0.04761302 -0.9977304
vn -0.6824538 -0.04761302 -0.7293764
vn -0.6824538 -0.04761302 -0.7293764
vn 0.04761302 -0.04761302 -0.9977304
vn -0.6824538 -0.04761302 -0.7293764
vn -0.6824538 -0.04761302 -0.7293764
vn -0.6824538 -0.04761302 -0.7293764
vn -0.6824538 -0.04761302 -0.7293764
vn -0.6824538 -0.04761302 -0.7293764
vn 0.04761302 -0.04761302 -0.9977304
vn 0.04761302 -0.04761302 -0.9977304
vn -0.6824538 -0.04761302 -0.7293764
vn 0.04761302 -0.3332914 0.9416209
vn 0.04761302 -0.04761302 0.9977304
vn 0.04761302 -0.04761302 0.9977304
vn 0.04761302 -0.3332914 0.9416209
vn 0.6189696 -0.6189696 -0.4834803
vn -0.5872276 0.4920015 -0.6427272
vn -0.5554856 -0.6189696 -0.5552588
vn 0.6507117 0.4920015 -0.5783674
vn 0.1110971 0.968132 -0.2244501
vn 0.04761302 0.968132 -0.2458728
vn -0.04761302 0.968132 -0.2458728
vn 0.6824536 0.4602594 0.5678189
vn -0.6189697 0.4602594 0.6364258
vn 0.04761302 0.7459378 0.6643115
vn 0.6507117 0.4920015 -0.5783674
vn 0.6507117 0.4920015 0.5783674
vn 0.1110971 0.968132 -0.2244501
vn 0.4602594 0.7776798 0.4282236
vn 0.1110971 0.968132 -0.2244501
vn 0.6507117 0.4920015 0.5783674
vn 0.04761302 0.968132 -0.2458728
vn -0.3967754 0.7776798 0.4876304
vn -0.04761302 0.968132 -0.2458728
vn -0.5872276 0.4920015 0.6427272
vn 0.4602594 0.7776798 0.4282236
vn 0.04761302 0.7459378 0.6643115
vn 0.04761302 0.968132 -0.2458728
vn 0.6824536 0.4602594 0.5678189
vn 0.999874 -0.01587099 -0.000346655
vn 0.999874 -0.01587099 -0.000346655
vn 0.999874 -0.01587099 -0.000346655
vn 0.999874 -0.01587099 -0.000346655
vn 0.999874 -0.01587099 -0.000346655
vn 0.999874 -0.01587099 -0.000346655
vn 0.999874 -0.01587099 -0.000346655
vn 0.999874 -0.01587099 -0.000346655
vn 0.04761302 -0.3332914 0.9416209
vn 0.04761302 -0.04761302 0.9977304
vn 0.04761302 -0.04761302 0.9977304
vn 0.04761302 -0.3332914 0.9416209
vn 0.04761302 -0.3332914 0.9416209
vn 0.04761302 -0.3332914 0.9416209
vn 0.04761302 -0.3332914 0.9416209
vn 0.04761302 -0.3332914 0.9416209
vn 0.04761302 -0.3332914 0.9416209
vn 0.04761302 -0.3332914 0.9416209
vn 0.04761302 -0.3332914 0.9416209
vn 0.04761302 -0.3332914 0.9416209
vn 0.04761302 -0.3332914 0.9416209
vn 0.04761302 -0.04761302 0.9977304
vn 0.04761302 -0.3332914 0.9416209
vn 0.04761302 -0.3332914 0.9416209
vn 0.04761302 -0.04761302 0.9977304
vn 0.999874 -0.01587099 -0.000346655
vn 0.3650333 -0.04761302 -0.9297761
vn 0.3650333 -0.04761302 -0.9297761
vn 0.999874 -0.01587099 -0.000346655
vn 0.3650333 -0.04761302 -0.9297761
vn -0.7776798 -0.04761302 -0.626855
vn -0.7776798 -0.04761302 -0.626855
vn 0.3650333 -0.04761302 -0.9297761
vn -0.7776798 -0.04761302 -0.626855
vn -0.7776798 -0.04761302 0.626855
vn -0.7776798 -0.04761302 0.626855
vn -0.7776798 -0.04761302 -0.626855
vn -0.7776798 -0.04761302 0.626855
vn 0.3650333 -0.04761302 0.9297761
vn 0.3650333 -0.04761302 0.9297761
vn -0.7776798 -0.04761302 0.626855
vn 0.3650333 -0.04761302 0.9297761
vn 0.999874 -0.01587099 -0.000346655
vn 0.999874 -0.01587099 -0.000346655
vn 0.3650333 -0.04761302 0.9297761
vn 0.999874 -0.01587099 -0.000346655
vn 0.3650333 -0.04761302 -0.9297761
vn 0.3650333 -0.04761302 -0.9297761
vn 0.999874 -0.01587099 -0.000346655
vn 0.3650333 -0.04761302 -0.9297761
vn -0.7776798 -0.04761302 -0.626855
vn -0.7776798 -0.04761302 -0.626855
vn 0.3650333 -0.04761302 -0.9297761
vn -0.7776798 -0.04761302 -0.626855
vn -0.7776798 -0.04761302 0.626855
vn -0.7776798 -0.04761302 0.626855
vn -0.7776798 -0.04761302 -0.626855
vn -0.7776798 -0.04761302 0.626855
vn 0.3650333 -0.04761302 0.9297761
vn 0.3650333 -0.04761302 0.9297761
vn -0.7776798 -0.04761302 0.626855
vn 0.3650333 -0.04761302 0.9297761
vn 0.999874 -0.01587099 -0.000346655
vn 0.999874 -0.01587099 -0.000346655
vn 0.3650333 -0.04761302 0.9297761
vn 0.04761302 -0.04761302 0.9977304
vn -0.04761302 -0.3332914 0.9416209
vn 0.04761302 -0.04761302 0.9977304
vn 0.04761302 -0.3332914 0.9416209
vn 0.04761302 -0.04761302 0.9977304
vn 0.1110971 -0.3332914 0.9362555
vn 0.3650333 -0.04761302 0.9297761
vn 0.3332914 -0.2380652 0.9122729
vn -0.2698073 -0.2380652 0.9330214
vn -0.3015493 -0.04761302 0.952261
vn 0.7459377 -0.04761302 0.6643116
vn 0.999874 -0.01587099 -0.000346655
vn 0.999874 -0.01587099 -0.000346655
vn 0.7459377 -0.04761302 0.6643116
vn -0.6824538 -0.04761302 0.7293764
vn 0.1745812 -0.1428391 0.9742271
vn 0.3650333 -0.04761302 0.9297761
vn -0.6824538 -0.04761302 0.7293764
vn 0.07935506 -0.3015493 0.9501425
vn 0.04761302 -0.3015493 0.952261
vn 0.04761302 -0.04761302 0.9977304
vn -0.6824538 -0.04761302 0.7293764
vn -0.999874 -0.01587099 -0.000346655
vn -0.6824538 -0.04761302 0.7293764
vn -0.999874 -0.01587099 -0.000346655
vn 0.7459377 -0.04761302 0.6643116
vn -0.01587105 -0.3015493 0.9533185
vn 0.04761302 -0.3015493 0.952261
vn 0.04761302 -0.04761302 0.9977304
vn -0.1110971 -0.1428391 0.9834909
vn -0.3015493 -0.04761302 0.952261
vn 0.7459377 -0.04761302 0.6643116
vn 0.3650333 -0.04761302 0.9297761
vn 0.3332914 -0.2380652 0.9122729
vn 0.3650333 -0.04761302 0.9297761
vn 0.1745812 -0.1428391 0.9742271
vn 0.1745812 -0.1428391 0.9742271
vn 0.1110971 -0.3332914 0.9362555
vn 0.3332914 -0.2380652 0.9122729
vn 0.07935506 -0.3015493 0.9501425
vn 0.07935506 -0.3015493 0.9501425
vn 0.04761302 -0.3332914 0.9416209
vn 0.1110971 -0.3332914 0.9362555
vn 0.04761302 -0.3015493 0.952261
vn 0.04761302 -0.3015493 0.952261
vn -0.04761302 -0.3332914 0.9416209
vn 0.04761302 -0.3332914 0.9416209
vn -0.01587105 -0.3015493 0.9533185
vn -0.01587105 -0.3015493 0.9533185
vn -0.2698073 -0.2380652 0.9330214
vn -0.04761302 -0.3332914 0.9416209
vn -0.1110971 -0.1428391 0.9834909
vn -0.1110971 -0.1428391 0.9834909
vn -0.3015493 -0.04761302 0.952261
vn -0.2698073 -0.2380652 0.9330214
vn -0.3015493 -0.04761302 0.952261
vn 0.999874 -0.01587099 -0.000346655
vn 0.6189696 0.5554856 0.5552588
vn 0.7378054 0.6750135 0
vn 0.7459377 -0.04761302 0.6643116
vn 0.7378054 0.6750135 0
vn -0.5554856 0.5554856 0.6187661
vn -0.6824538 0.6824538 -0.2617513
vn 0.6189696 0.5554856 0.5552588
vn 0.6189696 0.5554856 0.5552588
vn -0.6824538 -0.04761302 0.7293764
vn -0.5554856 0.5554856 0.6187661
vn 0.7459377 -0.04761302 0.6643116
vn -0.6824538 0.6824538 -0.2617513
vn -0.6824538 -0.04761302 0.7293764
vn -0.999874 -0.01587099 -0.000346655
vn -0.5554856 0.5554856 0.6187661
vn -0.6824538 -0.04761302 0.7293764
vn 0.04761302 -0.04761302 0.9977304
vn -0.6824538 -0.04761302 0.7293764
vn 0.04761302 -0.04761302 0.9977304
vn 0.7459377 -0.04761302 0.6643116
vn 0.04761302 -0.04761302 0.9977304
vn 0.04761302 -0.04761302 0.9977304
vn 0.7459377 -0.04761302 0.6643116
vn 0.7459377 -0.04761302 0.6643116
vn 0.999874 -0.01587099 -0.000346655
vn 0.7459377 -0.04761302 0.6643116
vn 0.999874 -0.01587099 -0.000346655
vn -0.999874 -0.01587099 -0.000346655
vn -0.6824538 -0.04761302 0.7293764
vn -0.999874 -0.01587099 -0.000346655
vn -0.6824538 -0.04761302 0.7293764
vn 0.04761302 -0.04761302 0.9977304
vn 0.04761302 -0.04761302 0.9977304
vn 0.04761302 -0.04761302 0.9977304
vn 0.04761302 -0.04761302 0.9977304
vn 0.04761302 -0.04761302 0.9977304
vn 0.04761302 -0.04761302 0.9977304
vn 0.04761302 -0.04761302 0.9977304
vn 0.04761302 -0.04761302 0.9977304
vn 0.04761302 -0.04761302 0.9977304
vn -0.6824538 -0.04761302 0.7293764
vn -0.6824538 -0.04761302 0.7293764
vn 0.04761302 -0.04761302 0.9977304
vn -0.6824538 -0.04761302 0.7293764
vn -0.6824538 -0.04761302 0.7293764
vn -0.6824538 -0.04761302 0.7293764
vn -0.6824538 -0.04761302 0.7293764
vn -0.6824538 -0.04761302 0.7293764
vn -0.6824538 -0.04761302 0.7293764
vn -0.6824538 -0.04761302 0.7293764
vn -0.6824538 -0.04761302 0.7293764
vn -0.4285175 -0.04761302 0.9022781
vn 0.04761302 -0.04761302 0.9977304
vn 0.04761302 -0.04761302 0.9977304
vn -0.4285175 -0.04761302 0.9022781
vn -0.4285175 -0.04761302 0.9022781
vn -0.4285175 -0.04761302 0.9022781
vn -0.4285175 -0.04761302 0.9022781
vn -0.4285175 -0.04761302 0.9022781
vn 0.4920015 -0.04761302 0.8692914
vn -0.4285175 -0.04761302 0.9022781
vn -0.4285175 -0.04761302 0.9022781
vn 0.4920015 -0.04761302 0.8692914
vn 0.999874 -0.01587099 -0.000346655
vn 0.4920015 -0.04761302 0.8692914
vn 0.4920015 -0.04761302 0.8692914
vn 0.999874 -0.01587099 -0.000346655
vn 0.5237435 -0.04761302 -0.8505444
vn 0.999874 -0.01587099 -0.000346655
vn 0.999874 -0.01587099 -0.000346655
vn 0.5237435 -0.04761302 -0.8505444
vn 0.7459377 -0.04761302 -0.6643116
vn 0.5237435 -0.04761302 -0.8505444
vn 0.5237435 -0.04761302 -0.8505444
vn 0.7459377 -0.04761302 -0.6643116
vn 0.999874 -0.01587099 -0.000346655
vn 0.7459377 -0.04761302 -0.6643116
vn 0.7459377 -0.04761302 -0.6643116
vn 0.999874 -0.01587099 -0.000346655
vn 0.04761302 -0.04761302 -0.9977304
vn -0.6824538 -0.04761302 -0.7293764
vn 0.04761302 -0.04761302 -0.9977304
vn -0.6824538 -0.04761302 -0.7293764
vn -0.6824538 -0.04761302 0.7293764
vn -0.6824538 -0.04761302 -0.7293764
vn -0.6824538 -0.04761302 -0.7293764
vn -0.6824538 -0.04761302 0.7293764
vn 0.04761302 -0.04761302 0.9977304
vn 0.04761302 -0.04761302 0.9977304
vn 0.04761302 -0.04761302 0.9977304
vn 0.04761302 -0.04761302 0.9977304
vn -0.6189697 0.4285175 0.6582168
vn 0.6824536 0.4285175 -0.59214
vn 0.6824536 0.4285175 0.59214
vn -0.6189697 0.4285175 -0.6582168
vn 0.7459377 -0.2380652 -0.6220143
vn 0.6824536 0.4285175 0.59214
vn 0.6824536 0.4285175 -0.59214
vn 0.7459377 -0.2380652 0.6220143
vn 0.7459377 -0.04761302 0.6643116
vn 0.7459377 -0.04761302 -0.6643116
vn -0.6824538 -0.2380652 -0.6910729
vn 0.6824536 0.4285175 -0.59214
vn -0.6189697 0.4285175 -0.6582168
vn 0.7459377 -0.2380652 -0.6220143
vn 0.7459377 -0.04761302 -0.6643116
vn -0.6824538 -0.04761302 -0.7293764
vn -0.6824538 -0.2380652 0.6910729
vn -0.6189697 0.4285175 -0.6582168
vn -0.6189697 0.4285175 0.6582168
vn -0.6824538 -0.2380652 -0.6910729
vn -0.6824538 -0.04761302 -0.7293764
vn -0.6824538 -0.04761302 0.7293764
vn 0.7459377 -0.2380652 0.6220143
vn -0.6189697 0.4285175 0.6582168
vn 0.6824536 0.4285175 0.59214
vn -0.6824538 -0.2380652 0.6910729
vn -0.6824538 -0.04761302 0.7293764
vn 0.7459377 -0.04761302 0.6643116
vn -0.999874 -0.01587099 -0.000346655
vn -0.3015493 -0.04761302 -0.952261
vn -0.999874 -0.01587099 -0.000346655
vn -0.3015493 -0.04761302 -0.952261
vn -0.3015493 -0.04761302 -0.952261
vn 0.8411638 -0.04761302 -0.5386803
vn -0.3015493 -0.04761302 -0.952261
vn 0.8411638 -0.04761302 -0.5386803
vn 0.8411638 -0.04761302 -0.5386803
vn 0.8411638 -0.04761302 0.5386803
vn 0.8411638 -0.04761302 -0.5386803
vn 0.8411638 -0.04761302 0.5386803
vn 0.8411638 -0.04761302 0.5386803
vn -0.3015493 -0.04761302 0.952261
vn 0.8411638 -0.04761302 0.5386803
vn -0.3015493 -0.04761302 0.952261
vn -0.3015493 -0.04761302 0.952261
vn -0.999874 -0.01587099 -0.000346655
vn -0.3015493 -0.04761302 0.952261
vn -0.999874 -0.01587099 -0.000346655
g DSJ_GTA_diLou_9_0
f 3/3/3 2/2/2 1/1/1
f 4/4/4 1/1/1 2/2/2
f 7/7/7 6/6/6 5/5/5
f 8/8/8 5/5/5 6/6/6
f 11/11/11 10/10/10 9/9/9
f 12/12/12 9/9/9 10/10/10
f 15/15/15 14/14/14 13/13/13
f 16/16/16 13/13/13 14/14/14
f 19/19/19 18/18/18 17/17/17
f 20/20/20 17/17/17 18/18/18
f 23/23/23 22/22/22 21/21/21
f 24/24/24 21/21/21 22/22/22
f 27/27/27 26/26/26 25/25/25
f 28/28/28 25/25/25 26/26/26
f 31/31/31 30/30/30 29/29/29
f 32/32/32 29/29/29 30/30/30
f 35/35/35 34/34/34 33/33/33
f 36/36/36 33/33/33 34/34/34
f 39/39/39 38/38/38 37/37/37
f 40/40/40 37/37/37 38/38/38
f 43/43/43 42/42/42 41/41/41
f 44/44/44 41/41/41 42/42/42
f 47/47/47 46/46/46 45/45/45
f 48/48/48 45/45/45 46/46/46
f 51/51/51 50/50/50 49/49/49
f 52/52/52 49/49/49 50/50/50
f 55/55/55 54/54/54 53/53/53
f 56/56/56 53/53/53 54/54/54
f 59/59/59 58/58/58 57/57/57
f 60/60/60 57/57/57 58/58/58
f 63/63/63 62/62/62 61/61/61
f 64/64/64 61/61/61 62/62/62
f 67/67/67 66/66/66 65/65/65
f 68/68/68 65/65/65 66/66/66
f 71/71/71 70/70/70 69/69/69
f 72/72/72 69/69/69 70/70/70
f 72/72/72 74/74/74 73/73/73
f 75/75/75 73/73/73 74/74/74
f 78/78/78 77/77/77 76/76/76
f 79/79/79 76/76/76 77/77/77
f 82/82/82 81/81/81 80/80/80
f 83/83/83 80/80/80 81/81/81
f 86/86/86 85/85/85 84/84/84
f 87/87/87 84/84/84 85/85/85
f 90/90/90 89/89/89 88/88/88
f 91/91/91 88/88/88 89/89/89
f 94/94/94 93/93/93 92/92/92
f 93/93/93 95/95/95 92/92/92
f 95/95/95 96/96/96 92/92/92
f 99/99/99 98/98/98 97/97/97
f 100/100/100 97/97/97 98/98/98
f 103/103/103 102/102/102 101/101/101
f 104/104/104 101/101/101 102/102/102
f 107/107/107 106/106/106 105/105/105
f 108/108/108 105/105/105 106/106/106
f 111/111/111 110/110/110 109/109/109
f 112/112/112 109/109/109 110/110/110
f 115/115/115 114/114/114 113/113/113
f 116/116/116 113/113/113 114/114/114
f 119/119/119 118/118/118 117/117/117
f 120/120/120 117/117/117 118/118/118
f 123/123/123 122/122/122 121/121/121
f 124/124/124 121/121/121 122/122/122
f 127/127/127 126/126/126 125/125/125
f 128/128/128 125/125/125 126/126/126
f 131/131/131 130/130/130 129/129/129
f 132/132/132 129/129/129 130/130/130
f 135/135/135 134/134/134 133/133/133
f 136/136/136 133/133/133 134/134/134
f 139/139/139 138/138/138 137/137/137
f 140/140/140 137/137/137 138/138/138
f 143/143/143 142/142/142 141/141/141
f 144/144/144 141/141/141 142/142/142
f 147/147/147 146/146/146 145/145/145
f 148/148/148 145/145/145 146/146/146
f 151/151/151 150/150/150 149/149/149
f 152/152/152 149/149/149 150/150/150
f 155/155/155 154/154/154 153/153/153
f 156/156/156 153/153/153 154/154/154
f 159/159/159 158/158/158 157/157/157
f 160/160/160 157/157/157 158/158/158
f 163/163/163 162/162/162 161/161/161
f 164/164/164 161/161/161 162/162/162
f 167/167/167 166/166/166 165/165/165
f 166/166/166 168/168/168 165/165/165
f 169/169/169 168/168/168 166/166/166
f 170/170/170 169/169/169 166/166/166
f 173/173/173 172/172/172 171/171/171
f 174/174/174 171/171/171 172/172/172
f 177/177/177 176/176/176 175/175/175
f 178/178/178 175/175/175 176/176/176
f 181/181/181 180/180/180 179/179/179
f 182/182/182 179/179/179 180/180/180
f 185/185/185 184/184/184 183/183/183
f 186/186/186 183/183/183 184/184/184
f 189/189/189 188/188/188 187/187/187
f 190/190/190 187/187/187 188/188/188
f 187/187/187 191/191/191 189/189/189
f 192/192/192 189/189/189 191/191/191
f 195/195/195 194/194/194 193/193/193
f 196/196/196 193/193/193 194/194/194
f 195/195/195 197/197/197 194/194/194
f 198/198/198 194/194/194 197/197/197
f 201/201/201 200/200/200 199/199/199
f 202/202/202 199/199/199 200/200/200
f 205/205/205 204/204/204 203/203/203
f 206/206/206 203/203/203 204/204/204
f 209/209/209 208/208/208 207/207/207
f 210/210/210 207/207/207 208/208/208
f 213/213/213 212/212/212 211/211/211
f 214/214/214 211/211/211 212/212/212
f 217/217/217 216/216/216 215/215/215
f 218/218/218 215/215/215 216/216/216
f 216/216/216 219/219/219 218/218/218
f 220/220/220 218/218/218 219/219/219
f 223/223/223 222/222/222 221/221/221
f 224/224/224 221/221/221 222/222/222
f 227/227/227 226/226/226 225/225/225
f 228/228/228 225/225/225 226/226/226
f 231/231/231 230/230/230 229/229/229
f 232/232/232 229/229/229 230/230/230
f 235/235/235 234/234/234 233/233/233
f 236/236/236 233/233/233 234/234/234
f 239/239/239 238/238/238 237/237/237
f 240/240/240 237/237/237 238/238/238
f 243/243/243 242/242/242 241/241/241
f 244/244/244 241/241/241 242/242/242
f 247/247/247 246/246/246 245/245/245
f 248/248/248 245/245/245 246/246/246
f 251/251/251 250/250/250 249/249/249
f 252/252/252 249/249/249 250/250/250
f 255/255/255 254/254/254 253/253/253
f 256/256/256 253/253/253 254/254/254
f 259/259/259 258/258/258 257/257/257
f 260/260/260 257/257/257 258/258/258
f 263/263/263 262/262/262 261/261/261
f 266/266/266 265/265/265 264/264/264
f 264/264/264 265/265/265 267/267/267
f 270/270/270 269/269/269 268/268/268
f 271/271/271 268/268/268 269/269/269
f 274/274/274 273/273/273 272/272/272
f 275/275/275 272/272/272 273/273/273
f 278/278/278 277/277/277 276/276/276
f 279/279/279 276/276/276 277/277/277
f 282/282/282 281/281/281 280/280/280
f 283/283/283 280/280/280 281/281/281
f 283/283/283 281/281/281 284/284/284
f 287/287/287 286/286/286 285/285/285
f 288/288/288 285/285/285 286/286/286
f 289/289/289 287/287/287 285/285/285
f 289/289/289 285/285/285 290/290/290
f 285/285/285 291/291/291 290/290/290
f 292/292/292 290/290/290 291/291/291
f 291/291/291 293/293/293 292/292/292
f 294/294/294 292/292/292 293/293/293
f 297/297/297 296/296/296 295/295/295
f 298/298/298 295/295/295 296/296/296
f 301/301/301 300/300/300 299/299/299
f 302/302/302 299/299/299 300/300/300
f 305/305/305 304/304/304 303/303/303
f 306/306/306 303/303/303 304/304/304
f 309/309/309 308/308/308 307/307/307
f 310/310/310 307/307/307 308/308/308
f 313/313/313 312/312/312 311/311/311
f 314/314/314 311/311/311 312/312/312
f 317/317/317 316/316/316 315/315/315
f 318/318/318 315/315/315 316/316/316
f 321/321/321 320/320/320 319/319/319
f 322/322/322 319/319/319 320/320/320
f 325/325/325 324/324/324 323/323/323
f 326/326/326 323/323/323 324/324/324
f 329/329/329 328/328/328 327/327/327
f 330/330/330 327/327/327 328/328/328
f 333/333/333 332/332/332 331/331/331
f 334/334/334 331/331/331 332/332/332
f 337/337/337 336/336/336 335/335/335
f 338/338/338 335/335/335 336/336/336
f 337/337/337 339/339/339 336/336/336
f 342/342/342 341/341/341 340/340/340
f 343/343/343 340/340/340 341/341/341
f 346/346/346 345/345/345 344/344/344
f 347/347/347 344/344/344 345/345/345
f 350/350/350 349/349/349 348/348/348
f 351/351/351 348/348/348 349/349/349
f 354/354/354 353/353/353 352/352/352
f 355/355/355 352/352/352 353/353/353
f 353/353/353 356/356/356 355/355/355
f 357/357/357 355/355/355 356/356/356
f 360/360/360 359/359/359 358/358/358
f 361/361/361 358/358/358 359/359/359
f 361/361/361 359/359/359 362/362/362
f 363/363/363 362/362/362 359/359/359
f 362/362/362 363/363/363 364/364/364
f 365/365/365 364/364/364 363/363/363
f 364/364/364 365/365/365 366/366/366
f 367/367/367 366/366/366 365/365/365
f 366/366/366 367/367/367 368/368/368
f 369/369/369 368/368/368 367/367/367
f 368/368/368 369/369/369 370/370/370
f 371/371/371 370/370/370 369/369/369
f 374/374/374 373/373/373 372/372/372
f 375/375/375 372/372/372 373/373/373
f 378/378/378 377/377/377 376/376/376
f 376/376/376 379/379/379 378/378/378
f 378/378/378 379/379/379 380/380/380
f 381/381/381 380/380/380 379/379/379
f 384/384/384 383/383/383 382/382/382
f 385/385/385 382/382/382 383/383/383
f 388/388/388 387/387/387 386/386/386
f 389/389/389 386/386/386 387/387/387
f 392/392/392 391/391/391 390/390/390
f 393/393/393 390/390/390 391/391/391
f 396/396/396 395/395/395 394/394/394
f 397/397/397 394/394/394 395/395/395
f 397/397/397 398/398/398 394/394/394
f 396/396/396 399/399/399 395/395/395
f 402/402/402 401/401/401 400/400/400
f 403/403/403 400/400/400 401/401/401
f 403/403/403 404/404/404 400/400/400
f 405/405/405 400/400/400 404/404/404
f 408/408/408 407/407/407 406/406/406
f 409/409/409 406/406/406 407/407/407
f 412/412/412 411/411/411 410/410/410
f 413/413/413 410/410/410 411/411/411
f 416/416/416 415/415/415 414/414/414
f 417/417/417 414/414/414 415/415/415
f 420/420/420 419/419/419 418/418/418
f 421/421/421 418/418/418 419/419/419
f 424/424/424 423/423/423 422/422/422
f 425/425/425 422/422/422 423/423/423
f 428/428/428 427/427/427 426/426/426
f 429/429/429 426/426/426 427/427/427
f 432/432/432 431/431/431 430/430/430
f 433/433/433 430/430/430 431/431/431
f 436/436/436 435/435/435 434/434/434
f 437/437/437 434/434/434 435/435/435
f 440/440/440 439/439/439 438/438/438
f 441/441/441 438/438/438 439/439/439
f 440/440/440 442/442/442 439/439/439
f 442/442/442 443/443/443 439/439/439
f 443/443/443 444/444/444 439/439/439
f 447/447/447 446/446/446 445/445/445
f 450/450/450 449/449/449 448/448/448
f 453/453/453 452/452/452 451/451/451
f 454/454/454 451/451/451 452/452/452
f 453/453/453 456/456/456 455/455/455
f 457/457/457 455/455/455 456/456/456
f 460/460/460 459/459/459 458/458/458
f 461/461/461 458/458/458 459/459/459
f 464/464/464 463/463/463 462/462/462
f 465/465/465 462/462/462 463/463/463
f 468/468/468 467/467/467 466/466/466
f 469/469/469 466/466/466 467/467/467
f 472/472/472 471/471/471 470/470/470
f 471/471/471 473/473/473 470/470/470
f 470/470/470 473/473/473 474/474/474
f 477/477/477 476/476/476 475/475/475
f 478/478/478 475/475/475 476/476/476
f 481/481/481 480/480/480 479/479/479
f 482/482/482 479/479/479 480/480/480
f 485/485/485 484/484/484 483/483/483
f 486/486/486 483/483/483 484/484/484
f 489/489/489 488/488/488 487/487/487
f 490/490/490 487/487/487 488/488/488
f 493/493/493 492/492/492 491/491/491
f 494/494/494 491/491/491 492/492/492
f 497/497/497 496/496/496 495/495/495
f 498/498/498 495/495/495 496/496/496
f 501/501/501 500/500/500 499/499/499
f 502/502/502 499/499/499 500/500/500
f 505/505/505 504/504/504 503/503/503
f 506/506/506 503/503/503 504/504/504
f 509/509/509 508/508/508 507/507/507
f 510/510/510 507/507/507 508/508/508
f 513/513/513 512/512/512 511/511/511
f 514/514/514 511/511/511 512/512/512
f 517/517/517 516/516/516 515/515/515
f 518/518/518 515/515/515 516/516/516
f 521/521/521 520/520/520 519/519/519
f 522/522/522 519/519/519 520/520/520
f 525/525/525 524/524/524 523/523/523
f 526/526/526 523/523/523 524/524/524
f 529/529/529 528/528/528 527/527/527
f 530/530/530 527/527/527 528/528/528
f 527/527/527 531/531/531 529/529/529
f 532/532/532 529/529/529 531/531/531
f 531/531/531 533/533/533 532/532/532
f 534/534/534 532/532/532 533/533/533
f 528/528/528 535/535/535 530/530/530
f 536/536/536 530/530/530 535/535/535
f 539/539/539 538/538/538 537/537/537
f 540/540/540 537/537/537 538/538/538
f 543/543/543 542/542/542 541/541/541
f 544/544/544 541/541/541 542/542/542
f 543/543/543 545/545/545 542/542/542
f 546/546/546 545/545/545 543/543/543
f 547/547/547 546/546/546 543/543/543
f 550/550/550 549/549/549 548/548/548
f 551/551/551 548/548/548 549/549/549
f 554/554/554 553/553/553 552/552/552
f 552/552/552 553/553/553 555/555/555
f 556/556/556 554/554/554 552/552/552
f 556/556/556 552/552/552 557/557/557
f 558/558/558 557/557/557 552/552/552
f 561/561/561 560/560/560 559/559/559
f 562/562/562 559/559/559 560/560/560
f 565/565/565 564/564/564 563/563/563
f 566/566/566 563/563/563 564/564/564
f 569/569/569 568/568/568 567/567/567
f 570/570/570 567/567/567 568/568/568
f 573/573/573 572/572/572 571/571/571
f 574/574/574 571/571/571 572/572/572
f 577/577/577 576/576/576 575/575/575
f 578/578/578 575/575/575 576/576/576
f 581/581/581 580/580/580 579/579/579
f 582/582/582 579/579/579 580/580/580
f 585/585/585 584/584/584 583/583/583
f 586/586/586 583/583/583 584/584/584
f 584/584/584 587/587/587 586/586/586
f 588/588/588 586/586/586 587/587/587
f 591/591/591 590/590/590 589/589/589
f 592/592/592 589/589/589 590/590/590
f 595/595/595 594/594/594 593/593/593
f 596/596/596 593/593/593 594/594/594
f 599/599/599 598/598/598 597/597/597
f 600/600/600 597/597/597 598/598/598
f 603/603/603 602/602/602 601/601/601
f 604/604/604 601/601/601 602/602/602
f 607/607/607 606/606/606 605/605/605
f 608/608/608 605/605/605 606/606/606
f 611/611/611 610/610/610 609/609/609
f 612/612/612 609/609/609 610/610/610
f 615/615/615 614/614/614 613/613/613
f 616/616/616 613/613/613 614/614/614
f 619/619/619 618/618/618 617/617/617
f 620/620/620 617/617/617 618/618/618
f 623/623/623 622/622/622 621/621/621
f 624/624/624 621/621/621 622/622/622
f 627/627/627 626/626/626 625/625/625
f 628/628/628 625/625/625 626/626/626
f 631/631/631 630/630/630 629/629/629
f 632/632/632 629/629/629 630/630/630
f 635/635/635 634/634/634 633/633/633
f 636/636/636 633/633/633 634/634/634
f 639/639/639 638/638/638 637/637/637
f 640/640/640 637/637/637 638/638/638
f 643/643/643 642/642/642 641/641/641
f 644/644/644 641/641/641 642/642/642
f 647/647/647 646/646/646 645/645/645
f 648/648/648 645/645/645 646/646/646
f 651/651/651 650/650/650 649/649/649
f 652/652/652 649/649/649 650/650/650
f 655/655/655 654/654/654 653/653/653
f 656/656/656 653/653/653 654/654/654
f 659/659/659 658/658/658 657/657/657
f 660/660/660 657/657/657 658/658/658
f 663/663/663 662/662/662 661/661/661
f 664/664/664 661/661/661 662/662/662
f 667/667/667 666/666/666 665/665/665
f 668/668/668 665/665/665 666/666/666
f 671/671/671 670/670/670 669/669/669
f 672/672/672 669/669/669 670/670/670
f 675/675/675 674/674/674 673/673/673
f 676/676/676 673/673/673 674/674/674
f 679/679/679 678/678/678 677/677/677
f 680/680/680 677/677/677 678/678/678
f 683/683/683 682/682/682 681/681/681
f 684/684/684 681/681/681 682/682/682
f 687/687/687 686/686/686 685/685/685
f 688/688/688 685/685/685 686/686/686
f 691/691/691 690/690/690 689/689/689
f 692/692/692 689/689/689 690/690/690
f 695/695/695 694/694/694 693/693/693
f 696/696/696 693/693/693 694/694/694
f 699/699/699 698/698/698 697/697/697
f 700/700/700 697/697/697 698/698/698
f 703/703/703 702/702/702 701/701/701
f 704/704/704 701/701/701 702/702/702
f 707/707/707 706/706/706 705/705/705
f 708/708/708 705/705/705 706/706/706
f 711/711/711 710/710/710 709/709/709
f 712/712/712 709/709/709 710/710/710
f 715/715/715 714/714/714 713/713/713
f 716/716/716 713/713/713 714/714/714
f 719/719/719 718/718/718 717/717/717
f 720/720/720 717/717/717 718/718/718
f 723/723/723 722/722/722 721/721/721
f 724/724/724 721/721/721 722/722/722
f 727/727/727 726/726/726 725/725/725
f 728/728/728 725/725/725 726/726/726
f 731/731/731 730/730/730 729/729/729
f 732/732/732 729/729/729 730/730/730
f 735/735/735 734/734/734 733/733/733
f 736/736/736 733/733/733 734/734/734
f 739/739/739 738/738/738 737/737/737
f 740/740/740 737/737/737 738/738/738
f 743/743/743 742/742/742 741/741/741
f 744/744/744 741/741/741 742/742/742
f 743/743/743 746/746/746 745/745/745
f 747/747/747 745/745/745 746/746/746
f 750/750/750 749/749/749 748/748/748
f 751/751/751 748/748/748 749/749/749
f 754/754/754 753/753/753 752/752/752
f 755/755/755 752/752/752 753/753/753
f 758/758/758 757/757/757 756/756/756
f 759/759/759 756/756/756 757/757/757
f 762/762/762 761/761/761 760/760/760
f 763/763/763 760/760/760 761/761/761
f 766/766/766 765/765/765 764/764/764
f 765/765/765 767/767/767 764/764/764
f 767/767/767 768/768/768 764/764/764
f 771/771/771 770/770/770 769/769/769
f 772/772/772 769/769/769 770/770/770
f 775/775/775 774/774/774 773/773/773
f 776/776/776 773/773/773 774/774/774
f 779/779/779 778/778/778 777/777/777
f 780/780/780 777/777/777 778/778/778
f 783/783/783 782/782/782 781/781/781
f 784/784/784 781/781/781 782/782/782
f 787/787/787 786/786/786 785/785/785
f 788/788/788 785/785/785 786/786/786
f 791/791/791 790/790/790 789/789/789
f 792/792/792 789/789/789 790/790/790
f 795/795/795 794/794/794 793/793/793
f 796/796/796 793/793/793 794/794/794
f 799/799/799 798/798/798 797/797/797
f 800/800/800 797/797/797 798/798/798
f 803/803/803 802/802/802 801/801/801
f 804/804/804 801/801/801 802/802/802
f 807/807/807 806/806/806 805/805/805
f 808/808/808 805/805/805 806/806/806
f 811/811/811 810/810/810 809/809/809
f 812/812/812 809/809/809 810/810/810
f 815/815/815 814/814/814 813/813/813
f 816/816/816 813/813/813 814/814/814
f 819/819/819 818/818/818 817/817/817
f 820/820/820 817/817/817 818/818/818
f 823/823/823 822/822/822 821/821/821
f 824/824/824 821/821/821 822/822/822
f 827/827/827 826/826/826 825/825/825
f 828/828/828 825/825/825 826/826/826
f 831/831/831 830/830/830 829/829/829
f 832/832/832 829/829/829 830/830/830
f 835/835/835 834/834/834 833/833/833
f 836/836/836 833/833/833 834/834/834
f 839/839/839 838/838/838 837/837/837
f 837/837/837 838/838/838 840/840/840
f 840/840/840 838/838/838 841/841/841
f 838/838/838 842/842/842 841/841/841
f 845/845/845 844/844/844 843/843/843
f 846/846/846 843/843/843 844/844/844
f 849/849/849 848/848/848 847/847/847
f 850/850/850 847/847/847 848/848/848
f 853/853/853 852/852/852 851/851/851
f 854/854/854 851/851/851 852/852/852
f 857/857/857 856/856/856 855/855/855
f 858/858/858 855/855/855 856/856/856
f 861/861/861 860/860/860 859/859/859
f 862/862/862 859/859/859 860/860/860
f 859/859/859 862/862/862 863/863/863
f 864/864/864 863/863/863 862/862/862
f 867/867/867 866/866/866 865/865/865
f 868/868/868 865/865/865 866/866/866
f 868/868/868 866/866/866 869/869/869
f 870/870/870 869/869/869 866/866/866
f 873/873/873 872/872/872 871/871/871
f 874/874/874 871/871/871 872/872/872
f 877/877/877 876/876/876 875/875/875
f 878/878/878 875/875/875 876/876/876
f 881/881/881 880/880/880 879/879/879
f 882/882/882 879/879/879 880/880/880
f 885/885/885 884/884/884 883/883/883
f 886/886/886 883/883/883 884/884/884
f 889/889/889 888/888/888 887/887/887
f 890/890/890 887/887/887 888/888/888
f 893/893/893 892/892/892 891/891/891
f 894/894/894 891/891/891 892/892/892
f 897/897/897 896/896/896 895/895/895
f 898/898/898 895/895/895 896/896/896
f 901/901/901 900/900/900 899/899/899
f 902/902/902 899/899/899 900/900/900
f 905/905/905 904/904/904 903/903/903
f 906/906/906 903/903/903 904/904/904
f 909/909/909 908/908/908 907/907/907
f 910/910/910 907/907/907 908/908/908
f 913/913/913 912/912/912 911/911/911
f 914/914/914 911/911/911 912/912/912
f 917/917/917 916/916/916 915/915/915
f 918/918/918 915/915/915 916/916/916
f 921/921/921 920/920/920 919/919/919
f 922/922/922 919/919/919 920/920/920
f 925/925/925 924/924/924 923/923/923
f 926/926/926 923/923/923 924/924/924
f 929/929/929 928/928/928 927/927/927
f 930/930/930 927/927/927 928/928/928
f 933/933/933 932/932/932 931/931/931
f 934/934/934 931/931/931 932/932/932
f 937/937/937 936/936/936 935/935/935
f 940/940/940 939/939/939 938/938/938
f 938/938/938 939/939/939 941/941/941
f 944/944/944 943/943/943 942/942/942
f 945/945/945 942/942/942 943/943/943
f 948/948/948 947/947/947 946/946/946
f 949/949/949 946/946/946 947/947/947
f 952/952/952 951/951/951 950/950/950
f 953/953/953 950/950/950 951/951/951
f 956/956/956 955/955/955 954/954/954
f 957/957/957 954/954/954 955/955/955
f 955/955/955 956/956/956 958/958/958
f 961/961/961 960/960/960 959/959/959
f 962/962/962 959/959/959 960/960/960
f 962/962/962 963/963/963 959/959/959
f 959/959/959 963/963/963 964/964/964
f 965/965/965 959/959/959 964/964/964
f 964/964/964 966/966/966 965/965/965
f 965/965/965 966/966/966 967/967/967
f 968/968/968 967/967/967 966/966/966
f 971/971/971 970/970/970 969/969/969
f 972/972/972 969/969/969 970/970/970
f 975/975/975 974/974/974 973/973/973
f 976/976/976 973/973/973 974/974/974
f 979/979/979 978/978/978 977/977/977
f 980/980/980 977/977/977 978/978/978
f 983/983/983 982/982/982 981/981/981
f 984/984/984 981/981/981 982/982/982
f 987/987/987 986/986/986 985/985/985
f 988/988/988 985/985/985 986/986/986
f 991/991/991 990/990/990 989/989/989
f 992/992/992 989/989/989 990/990/990
f 995/995/995 994/994/994 993/993/993
f 996/996/996 993/993/993 994/994/994
f 999/999/999 998/998/998 997/997/997
f 1000/1000/1000 997/997/997 998/998/998
f 1003/1003/1003 1002/1002/1002 1001/1001/1001
f 1004/1004/1004 1001/1001/1001 1002/1002/1002
f 1007/1007/1007 1006/1006/1006 1005/1005/1005
f 1008/1008/1008 1005/1005/1005 1006/1006/1006
f 1011/1011/1011 1010/1010/1010 1009/1009/1009
f 1012/1012/1012 1009/1009/1009 1010/1010/1010
f 1013/1013/1013 1012/1012/1012 1010/1010/1010
f 1016/1016/1016 1015/1015/1015 1014/1014/1014
f 1017/1017/1017 1014/1014/1014 1015/1015/1015
f 1020/1020/1020 1019/1019/1019 1018/1018/1018
f 1021/1021/1021 1018/1018/1018 1019/1019/1019
f 1024/1024/1024 1023/1023/1023 1022/1022/1022
f 1025/1025/1025 1022/1022/1022 1023/1023/1023
f 1028/1028/1028 1027/1027/1027 1026/1026/1026
f 1026/1026/1026 1029/1029/1029 1028/1028/1028
f 1028/1028/1028 1029/1029/1029 1030/1030/1030
f 1031/1031/1031 1030/1030/1030 1029/1029/1029
f 1034/1034/1034 1033/1033/1033 1032/1032/1032
f 1035/1035/1035 1032/1032/1032 1033/1033/1033
f 1034/1034/1034 1036/1036/1036 1033/1033/1033
f 1037/1037/1037 1033/1033/1033 1036/1036/1036
f 1036/1036/1036 1038/1038/1038 1037/1037/1037
f 1039/1039/1039 1037/1037/1037 1038/1038/1038
f 1038/1038/1038 1040/1040/1040 1039/1039/1039
f 1041/1041/1041 1039/1039/1039 1040/1040/1040
f 1040/1040/1040 1042/1042/1042 1041/1041/1041
f 1043/1043/1043 1041/1041/1041 1042/1042/1042
f 1042/1042/1042 1044/1044/1044 1043/1043/1043
f 1045/1045/1045 1043/1043/1043 1044/1044/1044
f 1048/1048/1048 1047/1047/1047 1046/1046/1046
f 1049/1049/1049 1046/1046/1046 1047/1047/1047
f 1052/1052/1052 1051/1051/1051 1050/1050/1050
f 1053/1053/1053 1050/1050/1050 1051/1051/1051
f 1051/1051/1051 1054/1054/1054 1053/1053/1053
f 1055/1055/1055 1053/1053/1053 1054/1054/1054
f 1058/1058/1058 1057/1057/1057 1056/1056/1056
f 1059/1059/1059 1056/1056/1056 1057/1057/1057
f 1062/1062/1062 1061/1061/1061 1060/1060/1060
f 1063/1063/1063 1060/1060/1060 1061/1061/1061
f 1066/1066/1066 1065/1065/1065 1064/1064/1064
f 1067/1067/1067 1064/1064/1064 1065/1065/1065
f 1070/1070/1070 1069/1069/1069 1068/1068/1068
f 1071/1071/1071 1068/1068/1068 1069/1069/1069
f 1072/1072/1072 1070/1070/1070 1068/1068/1068
f 1073/1073/1073 1071/1071/1071 1069/1069/1069
f 1076/1076/1076 1075/1075/1075 1074/1074/1074
f 1077/1077/1077 1074/1074/1074 1075/1075/1075
f 1076/1076/1076 1074/1074/1074 1078/1078/1078
f 1079/1079/1079 1078/1078/1078 1074/1074/1074
f 1082/1082/1082 1081/1081/1081 1080/1080/1080
f 1083/1083/1083 1080/1080/1080 1081/1081/1081
f 1086/1086/1086 1085/1085/1085 1084/1084/1084
f 1087/1087/1087 1084/1084/1084 1085/1085/1085
f 1090/1090/1090 1089/1089/1089 1088/1088/1088
f 1091/1091/1091 1088/1088/1088 1089/1089/1089
f 1094/1094/1094 1093/1093/1093 1092/1092/1092
f 1095/1095/1095 1092/1092/1092 1093/1093/1093
f 1098/1098/1098 1097/1097/1097 1096/1096/1096
f 1099/1099/1099 1096/1096/1096 1097/1097/1097
f 1102/1102/1102 1101/1101/1101 1100/1100/1100
f 1103/1103/1103 1100/1100/1100 1101/1101/1101
f 1106/1106/1106 1105/1105/1105 1104/1104/1104
f 1107/1107/1107 1104/1104/1104 1105/1105/1105
f 1110/1110/1110 1109/1109/1109 1108/1108/1108
f 1111/1111/1111 1108/1108/1108 1109/1109/1109
f 1114/1114/1114 1113/1113/1113 1112/1112/1112
f 1115/1115/1115 1112/1112/1112 1113/1113/1113
f 1116/1116/1116 1115/1115/1115 1113/1113/1113
f 1117/1117/1117 1116/1116/1116 1113/1113/1113
f 1118/1118/1118 1117/1117/1117 1113/1113/1113
f 1121/1121/1121 1120/1120/1120 1119/1119/1119
f 1124/1124/1124 1123/1123/1123 1122/1122/1122
f 1127/1127/1127 1126/1126/1126 1125/1125/1125
f 1128/1128/1128 1125/1125/1125 1126/1126/1126
f 1128/1128/1128 1130/1130/1130 1129/1129/1129
f 1131/1131/1131 1129/1129/1129 1130/1130/1130
f 1134/1134/1134 1133/1133/1133 1132/1132/1132
f 1135/1135/1135 1132/1132/1132 1133/1133/1133
f 1138/1138/1138 1137/1137/1137 1136/1136/1136
f 1139/1139/1139 1136/1136/1136 1137/1137/1137
f 1142/1142/1142 1141/1141/1141 1140/1140/1140
f 1143/1143/1143 1140/1140/1140 1141/1141/1141
f 1146/1146/1146 1145/1145/1145 1144/1144/1144
f 1144/1144/1144 1145/1145/1145 1147/1147/1147
f 1147/1147/1147 1145/1145/1145 1148/1148/1148
f 1151/1151/1151 1150/1150/1150 1149/1149/1149
f 1152/1152/1152 1149/1149/1149 1150/1150/1150
f 1155/1155/1155 1154/1154/1154 1153/1153/1153
f 1156/1156/1156 1153/1153/1153 1154/1154/1154
f 1159/1159/1159 1158/1158/1158 1157/1157/1157
f 1160/1160/1160 1157/1157/1157 1158/1158/1158
f 1163/1163/1163 1162/1162/1162 1161/1161/1161
f 1164/1164/1164 1161/1161/1161 1162/1162/1162
f 1167/1167/1167 1166/1166/1166 1165/1165/1165
f 1168/1168/1168 1165/1165/1165 1166/1166/1166
f 1171/1171/1171 1170/1170/1170 1169/1169/1169
f 1172/1172/1172 1169/1169/1169 1170/1170/1170
f 1175/1175/1175 1174/1174/1174 1173/1173/1173
f 1176/1176/1176 1173/1173/1173 1174/1174/1174
f 1179/1179/1179 1178/1178/1178 1177/1177/1177
f 1180/1180/1180 1177/1177/1177 1178/1178/1178
f 1183/1183/1183 1182/1182/1182 1181/1181/1181
f 1184/1184/1184 1181/1181/1181 1182/1182/1182
f 1187/1187/1187 1186/1186/1186 1185/1185/1185
f 1188/1188/1188 1185/1185/1185 1186/1186/1186
f 1191/1191/1191 1190/1190/1190 1189/1189/1189
f 1192/1192/1192 1189/1189/1189 1190/1190/1190
f 1195/1195/1195 1194/1194/1194 1193/1193/1193
f 1196/1196/1196 1193/1193/1193 1194/1194/1194
f 1199/1199/1199 1198/1198/1198 1197/1197/1197
f 1200/1200/1200 1197/1197/1197 1198/1198/1198
f 1203/1203/1203 1202/1202/1202 1201/1201/1201
f 1204/1204/1204 1201/1201/1201 1202/1202/1202
f 1201/1201/1201 1204/1204/1204 1205/1205/1205
f 1206/1206/1206 1205/1205/1205 1204/1204/1204
f 1205/1205/1205 1206/1206/1206 1207/1207/1207
f 1208/1208/1208 1207/1207/1207 1206/1206/1206
f 1202/1202/1202 1203/1203/1203 1209/1209/1209
f 1210/1210/1210 1209/1209/1209 1203/1203/1203
f 1213/1213/1213 1212/1212/1212 1211/1211/1211
f 1214/1214/1214 1211/1211/1211 1212/1212/1212
f 1217/1217/1217 1216/1216/1216 1215/1215/1215
f 1218/1218/1218 1215/1215/1215 1216/1216/1216
f 1219/1219/1219 1218/1218/1218 1216/1216/1216
f 1219/1219/1219 1220/1220/1220 1218/1218/1218
f 1220/1220/1220 1221/1221/1221 1218/1218/1218
f 1224/1224/1224 1223/1223/1223 1222/1222/1222
f 1225/1225/1225 1222/1222/1222 1223/1223/1223
f 1228/1228/1228 1227/1227/1227 1226/1226/1226
f 1228/1228/1228 1226/1226/1226 1229/1229/1229
f 1227/1227/1227 1230/1230/1230 1226/1226/1226
f 1230/1230/1230 1231/1231/1231 1226/1226/1226
f 1232/1232/1232 1226/1226/1226 1231/1231/1231
f 1235/1235/1235 1234/1234/1234 1233/1233/1233
f 1236/1236/1236 1233/1233/1233 1234/1234/1234
f 1239/1239/1239 1238/1238/1238 1237/1237/1237
f 1240/1240/1240 1237/1237/1237 1238/1238/1238
f 1243/1243/1243 1242/1242/1242 1241/1241/1241
f 1244/1244/1244 1241/1241/1241 1242/1242/1242
f 1247/1247/1247 1246/1246/1246 1245/1245/1245
f 1248/1248/1248 1245/1245/1245 1246/1246/1246
f 1251/1251/1251 1250/1250/1250 1249/1249/1249
f 1252/1252/1252 1249/1249/1249 1250/1250/1250
f 1255/1255/1255 1254/1254/1254 1253/1253/1253
f 1256/1256/1256 1253/1253/1253 1254/1254/1254
f 1259/1259/1259 1258/1258/1258 1257/1257/1257
f 1260/1260/1260 1257/1257/1257 1258/1258/1258
f 1263/1263/1263 1262/1262/1262 1261/1261/1261
f 1264/1264/1264 1261/1261/1261 1262/1262/1262
f 1267/1267/1267 1266/1266/1266 1265/1265/1265
f 1268/1268/1268 1265/1265/1265 1266/1266/1266
f 1271/1271/1271 1270/1270/1270 1269/1269/1269
f 1272/1272/1272 1269/1269/1269 1270/1270/1270
f 1275/1275/1275 1274/1274/1274 1273/1273/1273
f 1276/1276/1276 1273/1273/1273 1274/1274/1274
f 1279/1279/1279 1278/1278/1278 1277/1277/1277
f 1280/1280/1280 1277/1277/1277 1278/1278/1278
f 1283/1283/1283 1282/1282/1282 1281/1281/1281
f 1284/1284/1284 1281/1281/1281 1282/1282/1282
f 1287/1287/1287 1286/1286/1286 1285/1285/1285
f 1288/1288/1288 1285/1285/1285 1286/1286/1286
f 1291/1291/1291 1290/1290/1290 1289/1289/1289
f 1292/1292/1292 1289/1289/1289 1290/1290/1290
f 1295/1295/1295 1294/1294/1294 1293/1293/1293
f 1296/1296/1296 1293/1293/1293 1294/1294/1294
f 1299/1299/1299 1298/1298/1298 1297/1297/1297
f 1300/1300/1300 1297/1297/1297 1298/1298/1298
f 1303/1303/1303 1302/1302/1302 1301/1301/1301
f 1304/1304/1304 1301/1301/1301 1302/1302/1302
f 1307/1307/1307 1306/1306/1306 1305/1305/1305
f 1308/1308/1308 1305/1305/1305 1306/1306/1306
f 1311/1311/1311 1310/1310/1310 1309/1309/1309
f 1312/1312/1312 1309/1309/1309 1310/1310/1310
f 1315/1315/1315 1314/1314/1314 1313/1313/1313
f 1316/1316/1316 1313/1313/1313 1314/1314/1314
f 1319/1319/1319 1318/1318/1318 1317/1317/1317
f 1320/1320/1320 1317/1317/1317 1318/1318/1318
f 1323/1323/1323 1322/1322/1322 1321/1321/1321
f 1324/1324/1324 1321/1321/1321 1322/1322/1322
f 1327/1327/1327 1326/1326/1326 1325/1325/1325
f 1328/1328/1328 1325/1325/1325 1326/1326/1326
f 1331/1331/1331 1330/1330/1330 1329/1329/1329
f 1332/1332/1332 1329/1329/1329 1330/1330/1330
f 1335/1335/1335 1334/1334/1334 1333/1333/1333
f 1336/1336/1336 1333/1333/1333 1334/1334/1334
f 1339/1339/1339 1338/1338/1338 1337/1337/1337
f 1340/1340/1340 1337/1337/1337 1338/1338/1338
f 1343/1343/1343 1342/1342/1342 1341/1341/1341
f 1344/1344/1344 1341/1341/1341 1342/1342/1342
f 1347/1347/1347 1346/1346/1346 1345/1345/1345
f 1348/1348/1348 1345/1345/1345 1346/1346/1346
f 1351/1351/1351 1350/1350/1350 1349/1349/1349
f 1352/1352/1352 1349/1349/1349 1350/1350/1350
f 1355/1355/1355 1354/1354/1354 1353/1353/1353
f 1356/1356/1356 1353/1353/1353 1354/1354/1354
f 1356/1356/1356 1357/1357/1357 1353/1353/1353
f 1358/1358/1358 1353/1353/1353 1357/1357/1357
f 1361/1361/1361 1360/1360/1360 1359/1359/1359
f 1362/1362/1362 1359/1359/1359 1360/1360/1360
f 1362/1362/1362 1363/1363/1363 1359/1359/1359
f 1364/1364/1364 1359/1359/1359 1363/1363/1363
f 1367/1367/1367 1366/1366/1366 1365/1365/1365
f 1368/1368/1368 1365/1365/1365 1366/1366/1366
f 1368/1368/1368 1369/1369/1369 1365/1365/1365
f 1370/1370/1370 1365/1365/1365 1369/1369/1369
f 1373/1373/1373 1372/1372/1372 1371/1371/1371
f 1374/1374/1374 1371/1371/1371 1372/1372/1372
f 1374/1374/1374 1375/1375/1375 1371/1371/1371
f 1376/1376/1376 1371/1371/1371 1375/1375/1375
f 1379/1379/1379 1378/1378/1378 1377/1377/1377
f 1380/1380/1380 1377/1377/1377 1378/1378/1378
f 1383/1383/1383 1382/1382/1382 1381/1381/1381
f 1384/1384/1384 1381/1381/1381 1382/1382/1382
f 1387/1387/1387 1386/1386/1386 1385/1385/1385
f 1388/1388/1388 1385/1385/1385 1386/1386/1386
f 1391/1391/1391 1390/1390/1390 1389/1389/1389
f 1392/1392/1392 1389/1389/1389 1390/1390/1390
f 1395/1395/1395 1394/1394/1394 1393/1393/1393
f 1396/1396/1396 1393/1393/1393 1394/1394/1394
