g DSJ_GTA_diLou_31
v -8.470657 -10.41523 6.025215
v -4.935078 -9.796501 9.708111
v -4.935078 -10.41523 9.708111
v -8.470657 -9.796501 6.025215
v -4.935078 -10.41523 9.708111
v -0.01473141 -9.796501 11.21073
v -0.01473141 -10.41523 11.21073
v -4.935078 -9.796501 9.708111
v -0.01473141 -10.41523 11.21073
v 4.93508 -9.796501 10.00274
v 4.93508 -10.41523 10.00274
v -0.01473141 -9.796501 11.21073
v 4.93508 -10.41523 10.00274
v 8.647438 -9.796501 6.467163
v 8.647438 -10.41523 6.467163
v 4.93508 -9.796501 10.00274
v 4.93508 -10.6804 10.00274
v 2.725343 -13.53832 10.56254
v 2.725343 -10.6804 10.56254
v 4.93508 -13.53832 10.00274
v 4.93508 -15.07041 10.00274
v 2.725343 -15.07041 10.56254
v 3.609238 -12.41872 10.09113
v 2.931584 -12.94906 10.26791
v 2.931584 -12.41872 10.26791
v 3.609238 -12.94906 10.09113
v 0.3977537 -15.07041 7.203741
v 0.2504377 -11.50536 8.647436
v 0.3977537 -11.50536 7.203741
v 0.2504377 -15.07041 8.647436
v 0.6039953 -11.50536 5.789511
v 0.6039953 -15.07041 5.789511
v 0.2504377 -11.50536 8.647436
v 0.3977537 -10.41523 7.203741
v 0.3977537 -11.50536 7.203741
v 0.2504377 -10.41523 8.647436
v 0.3977537 -11.50536 7.203741
v 0.6039953 -10.41523 5.789511
v 0.6039953 -11.50536 5.789511
v 0.3977537 -10.41523 7.203741
v 6.4377 -11.41697 7.910858
v 6.4377 -11.41697 7.940321
v 6.4377 -11.41697 7.940321
v 6.4377 -11.41697 7.940321
v 6.4377 -10.41523 7.940321
v 6.4377 -11.41697 7.910858
v 6.4377 -11.41697 7.940321
v 6.4377 -10.41523 7.940321
v 6.4377 -11.41697 7.940321
v 6.4377 -11.41697 7.910858
v 6.4377 -10.41523 7.940321
v 6.4377 -11.41697 7.940321
v 6.349311 -11.88838 7.999247
v 6.4377 -11.35805 7.940321
v 6.52609 -11.88838 8.028709
v 6.4377 -11.35805 7.940321
v 6.378775 -11.88838 7.822468
v 6.52609 -11.88838 7.851931
v 6.378775 -11.88838 7.822468
v 6.349311 -11.88838 7.999247
v 6.52609 -11.88838 8.028709
v 6.378775 -11.88838 7.822468
v 6.349311 -11.88838 7.999247
v 6.52609 -11.88838 7.851931
v 6.52609 -11.88838 8.028709
v 6.4377 -11.35805 7.940321
v 6.52609 -11.88838 7.851931
v 5.671659 -11.41697 8.647436
v 5.671659 -11.41697 8.706362
v 5.671659 -11.41697 8.706362
v 5.671659 -11.41697 8.706362
v 5.671659 -10.41523 8.706362
v 5.671659 -11.41697 8.647436
v 5.671659 -11.41697 8.706362
v 5.671659 -10.41523 8.706362
v 5.671659 -11.41697 8.706362
v 5.671659 -11.41697 8.647436
v 5.671659 -10.41523 8.706362
v 5.671659 -11.41697 8.706362
v 5.612732 -11.88838 8.735826
v 5.671659 -11.35805 8.706362
v 5.730585 -11.88838 8.794752
v 5.671659 -11.35805 8.706362
v 5.642196 -11.88838 8.559048
v 5.760048 -11.88838 8.617973
v 5.730585 -11.88838 8.794752
v 5.760048 -11.88838 8.617973
v 5.730585 -11.88838 8.794752
v 5.642196 -11.88838 8.559048
v 5.612732 -11.88838 8.735826
v 5.760048 -11.88838 8.617973
v 5.642196 -11.88838 8.559048
v 5.671659 -11.35805 8.706362
v 5.612732 -11.88838 8.735826
v 7.08589 -11.41697 7.233204
v 7.08589 -11.41697 7.262669
v 7.144816 -11.41697 7.262669
v 7.144816 -11.41697 7.262669
v 7.144816 -10.41523 7.262669
v 7.08589 -11.41697 7.233204
v 7.08589 -11.41697 7.262669
v 7.144816 -10.41523 7.262669
v 7.144816 -11.41697 7.262669
v 7.08589 -11.41697 7.233204
v 7.144816 -10.41523 7.262669
v 7.08589 -11.41697 7.262669
v 7.056427 -11.88838 7.321594
v 7.144816 -11.35805 7.262669
v 7.17428 -11.88838 7.351057
v 7.144816 -11.35805 7.262669
v 7.056427 -11.88838 7.144815
v 7.233206 -11.88838 7.174278
v 7.17428 -11.88838 7.351057
v 7.233206 -11.88838 7.174278
v 7.17428 -11.88838 7.351057
v 7.056427 -11.88838 7.144815
v 7.056427 -11.88838 7.321594
v 7.233206 -11.88838 7.174278
v 7.056427 -11.88838 7.144815
v 7.144816 -11.35805 7.262669
v 7.056427 -11.88838 7.321594
v 6.61448 -13.03745 5.553804
v 6.467164 -13.39101 5.848436
v 6.467164 -13.03745 5.848436
v 6.61448 -13.39101 5.553804
v 5.848437 -13.39101 5.612732
v 6.467164 -13.03745 5.848436
v 5.848437 -13.03745 5.583267
v 5.995753 -13.03745 5.259172
v 6.467164 -13.03745 5.848436
v 5.848437 -13.03745 5.583267
v 6.61448 -13.03745 5.553804
v 5.995753 -13.39101 5.259172
v 5.848437 -13.03745 5.583267
v 5.848437 -13.39101 5.612732
v 5.995753 -13.03745 5.259172
v 5.789511 -13.53832 5.642195
v 4.669911 -15.07041 5.141321
v 4.669911 -13.53832 5.141321
v 5.789511 -15.07041 5.642195
v 5.995753 -13.39101 5.22971
v 4.669911 -13.39101 5.141321
v 4.84669 -13.39101 4.66991
v 5.789511 -13.39101 5.642195
v 4.669911 -13.53832 5.141321
v 4.84669 -15.07041 4.66991
v 4.84669 -13.53832 4.66991
v 4.669911 -15.07041 5.141321
v 6.761795 -13.53832 6.054678
v 5.789511 -15.07041 5.642195
v 5.789511 -13.53832 5.642195
v 6.761795 -15.07041 6.054678
v 6.761795 -13.39101 6.054678
v 5.995753 -13.39101 5.22971
v 6.938575 -13.39101 5.642195
v 5.789511 -13.39101 5.642195
v 6.761795 -13.39101 6.054678
v 5.789511 -13.53832 5.642195
v 6.761795 -13.53832 6.054678
v 5.789511 -13.39101 5.642195
v 4.669911 -13.53832 5.141321
v 4.669911 -13.39101 5.141321
v 5.789511 -13.53832 5.642195
v 4.669911 -13.39101 5.141321
v 4.84669 -13.53832 4.66991
v 4.84669 -13.39101 4.66991
v 4.669911 -13.53832 5.141321
v 8.647438 -10.41523 6.467163
v 7.557301 -11.41697 5.936825
v 7.557301 -10.41523 5.936825
v 8.647438 -11.41697 6.467163
v 6.496627 -10.41523 5.465416
v 5.259174 -11.4759 4.905615
v 5.259174 -10.41523 4.905615
v 6.496627 -11.4759 5.465416
v 5.259174 -10.41523 4.905615
v 4.080648 -11.4759 4.345816
v 4.080648 -10.41523 4.345816
v 5.259174 -11.4759 4.905615
v 7.557301 -10.41523 5.936825
v 6.496627 -11.4759 5.465416
v 6.496627 -10.41523 5.465416
v 7.557301 -11.41697 5.936825
v 4.080648 -15.07041 4.345816
v 5.259174 -11.4759 4.905615
v 5.259174 -15.07041 4.905615
v 4.080648 -11.4759 4.345816
v 6.496627 -11.4759 5.465416
v 6.496627 -15.07041 5.465416
v 7.557301 -15.07041 5.936825
v 8.647438 -11.41697 6.467163
v 8.647438 -15.07041 6.467163
v 7.557301 -11.41697 5.936825
v 7.557301 -15.07041 5.936825
v 6.496627 -11.4759 5.465416
v 7.557301 -11.41697 5.936825
v 6.496627 -15.07041 5.465416
v 8.146564 -13.03745 6.201994
v 7.616227 -12.09463 5.96629
v 8.146564 -12.09463 6.201994
v 7.616227 -13.03745 5.96629
v 7.056427 -13.39101 5.642195
v 7.498374 -13.39101 7.557299
v 6.084143 -13.39101 6.496626
v 8.647438 -13.39101 6.467163
v 7.498374 -13.53832 7.557299
v 8.647438 -13.39101 6.467163
v 8.647438 -13.53832 6.467163
v 7.498374 -13.39101 7.557299
v 4.198501 -13.53832 8.234953
v 4.93508 -13.39101 10.00274
v 4.93508 -13.53832 10.00274
v 4.198501 -13.39101 8.234953
v 5.141322 -13.39101 7.38052
v 4.93508 -13.39101 10.00274
v 4.198501 -13.39101 8.234953
v 6.260921 -13.39101 8.735826
v 4.93508 -13.39101 10.00274
v 6.260921 -13.53832 8.735826
v 4.93508 -13.53832 10.00274
v 6.260921 -13.39101 8.735826
v 6.084143 -13.39101 6.496626
v 6.260921 -13.39101 8.735826
v 5.141322 -13.39101 7.38052
v 7.498374 -13.39101 7.557299
v 6.260921 -13.39101 8.735826
v 7.498374 -13.53832 7.557299
v 6.260921 -13.53832 8.735826
v 7.498374 -13.39101 7.557299
v 4.198501 -15.07041 8.234953
v 4.93508 -13.53832 10.00274
v 4.93508 -15.07041 10.00274
v 4.198501 -13.53832 8.234953
v 4.93508 -13.53832 10.00274
v 6.260921 -15.07041 8.735826
v 4.93508 -15.07041 10.00274
v 6.260921 -13.53832 8.735826
v 7.498374 -15.07041 7.557299
v 7.498374 -13.53832 7.557299
v 8.647438 -13.53832 6.467163
v 8.647438 -15.07041 6.467163
v 7.056427 -13.53832 5.642195
v 6.084143 -13.39101 6.496626
v 6.084143 -13.53832 6.496626
v 7.056427 -13.39101 5.642195
v 5.141322 -13.53832 7.38052
v 4.198501 -13.39101 8.234953
v 4.198501 -13.53832 8.234953
v 5.141322 -13.39101 7.38052
v 6.084143 -13.53832 6.496626
v 5.141322 -13.39101 7.38052
v 5.141322 -13.53832 7.38052
v 6.084143 -13.39101 6.496626
v 7.056427 -15.07041 5.642195
v 6.084143 -13.53832 6.496626
v 6.084143 -15.07041 6.496626
v 7.056427 -13.53832 5.642195
v 6.084143 -15.07041 6.496626
v 5.141322 -13.53832 7.38052
v 5.141322 -15.07041 7.38052
v 6.084143 -13.53832 6.496626
v 5.141322 -15.07041 7.38052
v 4.198501 -13.53832 8.234953
v 4.198501 -15.07041 8.234953
v 5.141322 -13.53832 7.38052
v 2.813732 -11.50536 4.935078
v 4.080648 -10.41523 4.345816
v 4.080648 -11.50536 4.345816
v 2.813732 -10.41523 4.935078
v 0.6039953 -11.50536 5.789511
v 2.813732 -10.41523 4.935078
v 2.813732 -11.50536 4.935078
v 0.6039953 -10.41523 5.789511
v 0.6039953 -15.07041 5.789511
v 2.813732 -11.50536 4.935078
v 2.813732 -15.07041 4.935078
v 0.6039953 -11.50536 5.789511
v 4.080648 -11.50536 4.345816
v 4.080648 -15.07041 4.345816
v 6.172532 -13.18476 7.822468
v 5.760048 -13.30262 8.146563
v 5.760048 -13.18476 8.146563
v 6.172532 -13.30262 7.822468
v 6.084143 -13.18476 7.704615
v 5.760048 -13.18476 8.146563
v 5.671659 -13.18476 8.028709
v 6.172532 -13.18476 7.822468
v 5.936827 -13.30262 7.586763
v 5.671659 -13.18476 8.028709
v 5.583269 -13.30262 7.910858
v 6.084143 -13.18476 7.704615
v 6.084143 -13.18476 7.704615
v 6.172532 -13.30262 7.822468
v 6.172532 -13.18476 7.822468
v 5.936827 -13.30262 7.586763
v 5.760048 -13.18476 8.146563
v 5.583269 -13.30262 7.910858
v 5.671659 -13.18476 8.028709
v 5.760048 -13.30262 8.146563
v 5.760048 -13.30262 8.146563
v 5.583269 -13.39101 7.910858
v 5.583269 -13.30262 7.910858
v 5.760048 -13.39101 8.146563
v 6.172532 -13.30262 7.822468
v 5.760048 -13.39101 8.146563
v 5.760048 -13.30262 8.146563
v 6.172532 -13.39101 7.822468
v 5.936827 -13.30262 7.586763
v 6.172532 -13.39101 7.822468
v 6.172532 -13.30262 7.822468
v 5.936827 -13.39101 7.586763
v 5.936827 -13.39101 7.586763
v 5.583269 -13.30262 7.910858
v 5.583269 -13.39101 7.910858
v 5.936827 -13.30262 7.586763
v 6.084143 -13.03745 7.851931
v 6.025216 -13.18476 7.910858
v 6.025216 -13.03745 7.910858
v 6.084143 -13.18476 7.851931
v 6.084143 -13.03745 7.793005
v 6.025216 -13.03745 7.910858
v 5.995753 -13.03745 7.851931
v 6.084143 -13.03745 7.851931
v 5.995753 -13.18476 7.763542
v 5.995753 -13.03745 7.851931
v 5.936827 -13.18476 7.822468
v 6.084143 -13.03745 7.793005
v 6.084143 -13.03745 7.793005
v 6.084143 -13.18476 7.851931
v 6.084143 -13.03745 7.851931
v 5.995753 -13.18476 7.763542
v 6.025216 -13.03745 7.910858
v 5.936827 -13.18476 7.822468
v 5.995753 -13.03745 7.851931
v 6.025216 -13.18476 7.910858
v 5.995753 -12.97852 7.969784
v 5.848437 -13.18476 7.969784
v 5.907364 -12.97852 8.028709
v 5.877901 -13.18476 7.910858
v 5.936827 -12.97852 7.969784
v 5.907364 -12.97852 8.028709
v 5.877901 -12.97852 8.028709
v 5.995753 -12.97852 7.969784
v 5.877901 -13.18476 7.910858
v 5.877901 -12.97852 8.028709
v 5.818974 -13.18476 7.940321
v 5.936827 -12.97852 7.969784
v 5.936827 -12.97852 7.969784
v 5.877901 -13.18476 7.910858
v 5.995753 -12.97852 7.969784
v 5.877901 -13.18476 7.910858
v 5.907364 -12.97852 8.028709
v 5.818974 -13.18476 7.940321
v 5.877901 -12.97852 8.028709
v 5.848437 -13.18476 7.969784
v 6.025216 -12.89013 7.940321
v 5.760048 -13.06691 8.028709
v 5.848437 -12.89013 8.1171
v 5.995753 -13.06691 7.851931
v 5.995753 -12.89013 7.910858
v 5.848437 -12.89013 8.1171
v 5.818974 -12.89013 8.1171
v 6.025216 -12.89013 7.940321
v 5.936827 -13.06691 7.822468
v 5.818974 -12.89013 8.1171
v 5.730585 -13.06691 7.999247
v 5.995753 -12.89013 7.910858
v 5.995753 -12.89013 7.910858
v 5.995753 -13.06691 7.851931
v 6.025216 -12.89013 7.940321
v 5.936827 -13.06691 7.822468
v 5.848437 -12.89013 8.1171
v 5.730585 -13.06691 7.999247
v 5.818974 -12.89013 8.1171
v 5.760048 -13.06691 8.028709
v 5.730585 -13.06691 7.999247
v 5.995753 -13.06691 7.851931
v 5.936827 -13.06691 7.822468
v 5.760048 -13.06691 8.028709
v 6.084143 -12.89013 7.822468
v 6.084143 -13.18476 7.822468
v 6.084143 -12.89013 7.822468
v 6.084143 -13.18476 7.793005
v 6.084143 -13.18476 7.793005
v 6.084143 -12.89013 7.822468
v 6.084143 -13.18476 7.822468
v 6.084143 -12.89013 7.793005
v 6.084143 -12.89013 7.793005
v 6.084143 -13.18476 7.793005
v 6.084143 -12.89013 7.822468
v 6.084143 -13.18476 7.793005
v 6.084143 -12.89013 7.822468
v 6.084143 -13.18476 7.822468
v 6.084143 -12.89013 7.822468
v 6.084143 -13.18476 7.822468
v 6.172532 -12.80174 7.763542
v 6.025216 -12.89013 7.881393
v 6.025216 -12.80174 7.881393
v 6.172532 -12.89013 7.763542
v 6.172532 -12.80174 7.763542
v 6.025216 -12.80174 7.881393
v 6.025216 -12.80174 7.851931
v 6.172532 -12.80174 7.763542
v 6.172532 -12.89013 7.763542
v 6.025216 -12.80174 7.851931
v 6.025216 -12.89013 7.851931
v 6.172532 -12.80174 7.763542
v 6.172532 -12.80174 7.763542
v 6.172532 -12.89013 7.763542
v 6.172532 -12.80174 7.763542
v 6.172532 -12.89013 7.763542
v 6.025216 -12.80174 7.881393
v 6.025216 -12.89013 7.851931
v 6.025216 -12.80174 7.851931
v 6.025216 -12.89013 7.881393
v 6.025216 -12.89013 7.851931
v 6.172532 -12.89013 7.763542
v 6.172532 -12.89013 7.763542
v 6.025216 -12.89013 7.881393
v 0.2504377 -12.21248 8.647436
v 0.1915112 -15.07041 9.089384
v 0.1915112 -12.21248 9.089384
v 0.2504377 -15.07041 8.647436
v 0.07365894 -12.21248 10.23845
v -0.01473141 -15.07041 11.21073
v -0.01473141 -12.21248 11.21073
v 0.07365894 -15.07041 10.23845
v 0.1915112 -12.21248 9.089384
v 0.07365894 -15.07041 10.23845
v 0.07365894 -12.21248 10.23845
v 0.1915112 -15.07041 9.089384
v 0.07365894 -10.41523 10.23845
v -0.01473141 -12.21248 11.21073
v -0.01473141 -10.41523 11.21073
v 0.07365894 -12.21248 10.23845
v 0.1915112 -12.21248 9.089384
v 0.07365894 -10.41523 10.23845
v 0.1915112 -10.41523 9.089384
v 0.07365894 -12.21248 10.23845
v 0.2504377 -12.21248 8.647436
v 0.1915112 -10.41523 9.089384
v 0.2504377 -10.41523 8.647436
v 0.1915112 -12.21248 9.089384
v 0.1915112 -11.59375 9.295626
v 0.1031218 -12.00624 10.03221
v 0.1031218 -11.59375 10.03221
v 0.1915112 -12.00624 9.295626
v 9.531332 -10.94556 7.38052
v 5.49488 -11.41697 11.18127
v 5.49488 -10.94556 11.18127
v 9.531332 -11.41697 7.38052
v 5.49488 -10.94556 11.18127
v 8.647438 -10.3563 6.467163
v 9.531332 -10.94556 7.38052
v 4.905617 -10.3563 10.00274
v 4.021722 -10.41523 7.734077
v 8.647438 -10.41523 6.467163
v 6.496627 -10.41523 5.465416
v 4.93508 -10.41523 10.00274
v 0.2504377 -10.41523 8.647436
v 4.93508 -10.41523 10.00274
v 4.021722 -10.41523 7.734077
v -0.01473141 -10.41523 11.21073
v 4.021722 -15.07041 7.734077
v -0.01473141 -15.07041 11.21073
v 0.2504377 -15.07041 8.647436
v 4.93508 -15.07041 10.00274
v 2.813732 -15.07041 4.935078
v 0.6039953 -15.07041 5.789511
v 6.496627 -15.07041 5.465416
v 4.93508 -15.07041 10.00274
v 4.021722 -15.07041 7.734077
v 8.647438 -15.07041 6.467163
v 4.080648 -15.07041 4.345816
v 2.813732 -15.07041 4.935078
v 0.6039953 -10.41523 5.789511
v 4.021722 -10.41523 7.734077
v 2.813732 -10.41523 4.935078
v 0.2504377 -10.41523 8.647436
v 2.813732 -10.41523 4.935078
v 6.496627 -10.41523 5.465416
v 4.080648 -10.41523 4.345816
v 4.021722 -10.41523 7.734077
v 2.460175 -10.6804 10.62147
v 2.725343 -15.07041 10.56254
v 2.460175 -15.07041 10.62147
v 2.725343 -10.6804 10.56254
v 2.460175 -13.44993 10.62147
v -0.01473141 -15.07041 11.21073
v -0.01473141 -13.44993 11.21073
v 2.460175 -15.07041 10.62147
v -8.942068 -10.41523 9.855425
v -0.07365704 -10.41523 9.796499
v -7.881393 -10.41523 6.997499
v -1.134331 -10.41523 12.71335
v -8.942068 -9.97328 9.855425
v -0.07365704 -9.97328 9.796499
v -1.134331 -9.97328 12.71335
v -7.881393 -9.97328 6.997499
v -8.942068 -10.41523 9.855425
v -1.134331 -9.97328 12.71335
v -1.134331 -10.41523 12.71335
v -8.942068 -9.97328 9.855425
v -1.134331 -10.41523 12.71335
v -0.07365704 -9.97328 9.796499
v -0.07365704 -10.41523 9.796499
v -1.134331 -9.97328 12.71335
v -7.881393 -10.41523 6.997499
v -8.942068 -9.97328 9.855425
v -8.942068 -10.41523 9.855425
v -7.881393 -9.97328 6.997499
v -3.285141 -8.912605 11.97677
v -6.997499 -10.85717 10.65093
v -3.285141 -10.85717 11.97677
v -6.997499 -8.912605 10.65093
v -3.314604 -8.912605 12.12409
v -7.056425 -10.85717 10.76878
v -7.056425 -8.912605 10.76878
v -3.314604 -10.85717 12.12409
v -3.285141 -10.85717 11.97677
v -7.056425 -10.85717 10.76878
v -3.314604 -10.85717 12.12409
v -6.997499 -10.85717 10.65093
v -7.056425 -8.912605 10.76878
v -6.997499 -8.912605 10.65093
v -3.285141 -8.912605 11.97677
v -3.314604 -10.85717 12.12409
v -3.314604 -8.912605 12.12409
v -3.285141 -10.85717 11.97677
v -6.997499 -8.912605 10.65093
v -7.056425 -8.912605 10.76878
v -8.470657 -15.07041 6.025215
v -4.935078 -10.41523 9.708111
v -4.935078 -15.07041 9.708111
v -8.470657 -10.41523 6.025215
v -2.460173 -10.41523 10.44469
v -2.460173 -11.8 10.44469
v -2.460173 -15.07041 10.44469
v -0.01473141 -15.07041 11.21073
v -2.460173 -11.8 10.44469
v -0.01473141 -11.8 11.21073
v -2.460173 -15.07041 10.44469
v -0.01473141 -10.41523 11.21073
v -2.460173 -11.8 10.44469
v -2.460173 -10.41523 10.44469
v -0.01473141 -11.8 11.21073
v 8.146564 -13.03745 6.201994
v 8.087637 -13.39101 6.378773
v 8.087637 -13.03745 6.378773
v 8.146564 -13.39101 6.201994
v 7.527837 -13.39101 6.054678
v 8.087637 -13.03745 6.378773
v 7.527837 -13.03745 6.054678
v 7.586764 -13.03745 5.907362
v 8.087637 -13.03745 6.378773
v 7.527837 -13.03745 6.054678
v 8.146564 -13.03745 6.201994
v 7.586764 -13.39101 5.907362
v 7.527837 -13.03745 6.054678
v 7.527837 -13.39101 6.054678
v 7.586764 -13.03745 5.907362
v 7.910859 -12.97852 6.201994
v 7.704617 -12.94906 6.084141
v 7.969785 -12.94906 6.231457
v 7.704617 -12.97852 6.084141
v 7.969785 -13.03745 6.231457
v 7.999248 -13.03745 6.26092
v 7.704617 -13.03745 6.084141
v 7.64569 -13.03745 6.054678
v 7.969785 -12.94906 6.201994
v 7.999248 -13.03745 6.26092
v 7.969785 -12.94906 6.231457
v 7.999248 -13.03745 6.231457
v 7.969785 -12.97852 6.201994
v 7.999248 -13.03745 6.201994
v 7.704617 -12.94906 6.054678
v 7.704617 -12.94906 6.084141
v 7.73408 -12.97852 6.084141
v 7.64569 -13.03745 6.054678
v 7.64569 -13.03745 6.025215
v 7.704617 -13.03745 6.054678
v 7.910859 -12.97852 6.201994
v 7.999248 -13.03745 6.201994
v 7.969785 -12.97852 6.201994
v 7.969785 -13.03745 6.231457
v 7.704617 -12.97852 6.084141
v 7.73408 -12.97852 6.084141
v 7.704617 -13.03745 6.054678
v 7.704617 -13.03745 6.084141
v 7.144816 -13.03745 5.730583
v 7.08589 -13.39101 6.113605
v 7.08589 -13.03745 6.084141
v 7.144816 -13.39101 5.730583
v 6.52609 -13.03745 5.671658
v 7.08589 -13.03745 6.084141
v 6.467164 -13.03745 6.025215
v 7.144816 -13.03745 5.730583
v 6.52609 -13.39101 5.671658
v 6.467164 -13.03745 6.025215
v 6.467164 -13.39101 6.054678
v 6.52609 -13.03745 5.671658
v 7.08589 -13.03745 6.084141
v 6.467164 -13.39101 6.054678
v 6.467164 -13.03745 6.025215
v 7.08589 -13.39101 6.113605
v 6.909111 -12.74282 5.642195
v 6.791259 -13.03745 5.907362
v 6.791259 -12.74282 5.877899
v 6.909111 -13.03745 5.642195
v 6.496627 -12.74282 5.435951
v 6.791259 -12.74282 5.877899
v 6.378775 -12.74282 5.671658
v 6.909111 -12.74282 5.642195
v 6.496627 -13.03745 5.435951
v 6.378775 -12.74282 5.671658
v 6.349311 -13.03745 5.671658
v 6.496627 -12.74282 5.435951
v 6.791259 -12.74282 5.877899
v 6.349311 -13.03745 5.671658
v 6.378775 -12.74282 5.671658
v 6.791259 -13.03745 5.907362
v 5.49488 -11.41697 11.18127
v -0.1325836 -10.94556 12.53657
v 5.49488 -10.94556 11.18127
v -0.1325836 -11.41697 12.53657
v 4.905617 -10.3563 10.00274
v -0.1325836 -10.94556 12.53657
v -0.01473141 -10.3563 11.1518
v 5.49488 -10.94556 11.18127
v 4.93508 -10.6804 10.00274
v 4.84669 -13.53832 9.88489
v 4.93508 -13.53832 10.00274
v 4.84669 -10.6804 9.88489
v 4.84669 -10.6804 9.88489
v 2.401248 -13.53832 10.44469
v 4.84669 -13.53832 9.88489
v 2.401248 -10.6804 10.44469
v 2.401248 -10.6804 10.44469
v 2.460175 -13.53832 10.62147
v 2.401248 -13.53832 10.44469
v 2.460175 -10.6804 10.62147
v 7.233206 -13.39101 7.409985
v 7.351058 -13.21423 7.351057
v 7.351058 -13.39101 7.351057
v 7.233206 -13.21423 7.409985
v 7.321595 -13.21423 7.321594
v 7.233206 -13.21423 7.38052
v 7.321595 -13.18476 7.321594
v 7.233206 -13.18476 7.38052
v 7.351058 -13.39101 7.351057
v 7.321595 -13.21423 7.233204
v 7.321595 -13.39101 7.233204
v 7.351058 -13.21423 7.351057
v 7.292132 -13.21423 7.262669
v 7.321595 -13.21423 7.321594
v 7.292132 -13.18476 7.262669
v 7.321595 -13.18476 7.321594
v 7.321595 -13.39101 7.233204
v 7.17428 -13.21423 7.203741
v 7.17428 -13.39101 7.203741
v 7.321595 -13.21423 7.233204
v 7.17428 -13.21423 7.233204
v 7.292132 -13.21423 7.262669
v 7.17428 -13.18476 7.233204
v 7.292132 -13.18476 7.262669
v 7.17428 -13.39101 7.203741
v 7.144816 -13.21423 7.321594
v 7.144816 -13.39101 7.321594
v 7.17428 -13.21423 7.203741
v 7.233206 -13.21423 7.409985
v 7.233206 -13.39101 7.409985
v 7.17428 -13.21423 7.321594
v 7.17428 -13.21423 7.233204
v 7.233206 -13.21423 7.38052
v 7.17428 -13.18476 7.321594
v 7.17428 -13.18476 7.233204
v 7.233206 -13.18476 7.38052
v 7.292132 -13.18476 7.262669
v 7.17428 -13.18476 7.321594
v 7.17428 -13.18476 7.233204
v 7.321595 -13.18476 7.321594
v 7.233206 -13.18476 7.38052
v 6.909111 -13.39101 7.409985
v 7.056427 -13.21423 7.498373
v 7.056427 -13.39101 7.498373
v 6.909111 -13.21423 7.409985
v 7.17428 -13.21423 7.38052
v 7.17428 -13.39101 7.38052
v 7.056427 -13.12584 7.439447
v 6.938575 -13.12584 7.409985
v 7.144816 -13.12584 7.38052
v 7.056427 -13.12584 7.439447
v 6.938575 -13.12584 7.409985
v 7.144816 -13.12584 7.38052
v 7.17428 -13.39101 7.38052
v 7.08589 -13.21423 7.262669
v 7.08589 -13.39101 7.262669
v 7.17428 -13.21423 7.38052
v 6.938575 -13.21423 7.262669
v 6.938575 -13.39101 7.262669
v 6.909111 -13.21423 7.409985
v 6.909111 -13.39101 7.409985
v 7.056427 -13.12584 7.292131
v 7.144816 -13.12584 7.38052
v 6.968038 -13.12584 7.292131
v 6.938575 -13.12584 7.409985
v 7.056427 -13.12584 7.292131
v 7.144816 -13.12584 7.38052
v 6.968038 -13.12584 7.292131
v 6.938575 -13.12584 7.409985
v 7.144816 -13.12584 7.38052
v 6.968038 -13.12584 7.292131
v 7.056427 -13.12584 7.292131
v 7.056427 -13.12584 7.439447
v 6.938575 -13.12584 7.409985
v 6.938575 -13.39101 6.850183
v 6.938575 -13.21423 6.968037
v 6.938575 -13.39101 6.968037
v 6.938575 -13.21423 6.850183
v 6.968038 -13.21423 6.938574
v 6.968038 -13.21423 6.850183
v 6.968038 -13.18476 6.938574
v 6.968038 -13.18476 6.850183
v 6.938575 -13.39101 6.968037
v 7.056427 -13.21423 6.997499
v 7.056427 -13.39101 6.997499
v 6.938575 -13.21423 6.968037
v 7.056427 -13.21423 6.968037
v 6.968038 -13.21423 6.938574
v 7.056427 -13.18476 6.968037
v 6.968038 -13.18476 6.938574
v 7.056427 -13.39101 6.997499
v 7.144816 -13.21423 6.909109
v 7.144816 -13.39101 6.909109
v 7.056427 -13.21423 6.997499
v 7.08589 -13.21423 6.909109
v 7.056427 -13.21423 6.968037
v 7.08589 -13.18476 6.909109
v 7.056427 -13.18476 6.968037
v 7.144816 -13.39101 6.909109
v 7.056427 -13.21423 6.761795
v 7.056427 -13.39101 6.761795
v 7.144816 -13.21423 6.909109
v 6.938575 -13.21423 6.850183
v 6.938575 -13.39101 6.850183
v 7.056427 -13.21423 6.820721
v 7.08589 -13.21423 6.909109
v 6.968038 -13.21423 6.850183
v 7.056427 -13.18476 6.820721
v 7.08589 -13.18476 6.909109
v 6.968038 -13.18476 6.850183
v 7.056427 -13.18476 6.968037
v 7.056427 -13.18476 6.820721
v 7.08589 -13.18476 6.909109
v 6.968038 -13.18476 6.938574
v 6.968038 -13.18476 6.850183
v -9.14831 1.988762 -2.69588
v -7.940321 -2.548564 -7.17428
v -7.940321 1.988762 -7.17428
v -9.14831 -2.548564 -2.69588
v -7.910858 1.988762 1.841446
v -9.14831 -2.548564 -2.69588
v -9.14831 1.988762 -2.69588
v -7.910858 -2.548564 1.841446
v -4.640448 1.988762 5.111856
v -7.910858 -2.548564 1.841446
v -7.910858 1.988762 1.841446
v -4.640448 -2.548564 5.111856
v -0.1325836 1.988762 6.290384
v -4.640448 -2.548564 5.111856
v -4.640448 1.988762 5.111856
v -0.1325836 -2.548564 6.290384
v 4.345817 1.988762 5.111856
v -0.1325836 -2.548564 6.290384
v -0.1325836 1.988762 6.290384
v 4.345817 -2.548564 5.111856
v 7.616227 1.988762 1.811983
v 4.345817 -2.548564 5.111856
v 4.345817 1.988762 5.111856
v 7.616227 -2.548564 1.811983
v 8.824217 1.988762 -2.69588
v 7.616227 -2.548564 1.811983
v 7.616227 1.988762 1.811983
v 8.824217 -2.548564 -2.69588
v -9.14831 -2.548564 -2.69588
v -7.940321 -7.380522 -7.17428
v -7.940321 -2.548564 -7.17428
v -9.14831 -7.380522 -2.69588
v -7.940321 1.988762 -7.17428
v -9.14831 6.555552 -2.69588
v -9.14831 1.988762 -2.69588
v -7.940321 6.555552 -7.17428
v -7.910858 -2.548564 1.841446
v -9.14831 -7.380522 -2.69588
v -9.14831 -2.548564 -2.69588
v -7.910858 -7.380522 1.841446
v -9.14831 1.988762 -2.69588
v -7.910858 6.555552 1.841446
v -7.910858 1.988762 1.841446
v -9.14831 6.555552 -2.69588
v -7.910858 1.988762 1.841446
v -4.640448 6.555552 5.111856
v -4.640448 1.988762 5.111856
v -7.910858 6.555552 1.841446
v -4.640448 1.988762 5.111856
v -0.1325836 6.555552 6.290384
v -0.1325836 1.988762 6.290384
v -4.640448 6.555552 5.111856
v -0.1325836 1.988762 6.290384
v 4.345817 6.555552 5.111856
v 4.345817 1.988762 5.111856
v -0.1325836 6.555552 6.290384
v 4.345817 1.988762 5.111856
v 7.616227 6.555552 1.811983
v 7.616227 1.988762 1.811983
v 4.345817 6.555552 5.111856
v 7.616227 1.988762 1.811983
v 8.824217 6.555552 -2.69588
v 8.824217 1.988762 -2.69588
v 7.616227 6.555552 1.811983
v 7.616227 6.555552 -7.17428
v -0.1325836 6.555552 -2.69588
v 4.345817 6.555552 -10.44469
v 8.824217 6.555552 -2.69588
v 7.616227 6.555552 1.811983
v -0.1620464 6.555552 -11.65268
v -0.1325836 6.555552 -2.69588
v -4.640448 6.555552 -10.44469
v 4.345817 6.555552 -10.44469
v -7.940321 6.555552 -7.17428
v -7.940321 6.555552 -7.17428
v -0.1325836 6.555552 -2.69588
v -9.14831 6.555552 -2.69588
v -7.910858 6.555552 1.841446
v -4.640448 6.555552 5.111856
v -4.640448 6.555552 5.111856
v -0.1325836 6.555552 -2.69588
v -0.1325836 6.555552 6.290384
v 4.345817 6.555552 5.111856
v 7.616227 6.555552 1.811983
v 7.616227 -2.548564 -7.17428
v 8.824217 -7.380522 -2.69588
v 8.824217 -2.548564 -2.69588
v 7.616227 -7.380522 -7.17428
v 7.616227 1.988762 -7.17428
v 8.824217 -2.548564 -2.69588
v 8.824217 1.988762 -2.69588
v 7.616227 -2.548564 -7.17428
v 8.824217 -2.548564 -2.69588
v 7.616227 -7.380522 1.811983
v 7.616227 -2.548564 1.811983
v 8.824217 -7.380522 -2.69588
v 1.222722 12.38926 -6.643943
v 3.0789 8.559048 -2.990511
v 4.522595 12.38926 -3.402995
v 0.8691635 8.559048 -5.259174
v -2.342321 12.38926 -6.349311
v 0.8691635 8.559048 -5.259174
v 1.222722 12.38926 -6.643943
v -1.635204 8.559048 -4.994006
v -4.434204 12.38926 -3.344069
v -3.049437 8.559048 -2.990511
v -3.255678 12.38926 1.134331
v -3.049437 8.559048 -2.990511
v -4.434204 12.38926 -3.344069
v -2.195005 8.559048 0.04419422
v 1.222722 12.38926 2.283394
v 0.8691635 8.559048 0.8691626
v 4.169038 12.38926 0.220973
v 0.8691635 8.559048 0.8691626
v 1.222722 12.38926 2.283394
v 2.872659 8.559048 -0.5450687
v 4.522595 12.38926 -3.402995
v 3.0789 8.559048 -2.990511
v -4.640448 9.560795 5.141321
v -7.910858 8.1171 1.870911
v -7.910858 9.560795 1.870911
v -4.640448 8.1171 5.141321
v -0.1325836 9.560795 6.319847
v -4.640448 8.1171 5.141321
v -4.640448 9.560795 5.141321
v -0.1325836 8.1171 6.319847
v 4.375279 9.560795 5.141321
v -0.1325836 8.1171 6.319847
v -0.1325836 9.560795 6.319847
v 4.375279 8.1171 5.141321
v 7.616227 9.560795 1.841446
v 4.375279 8.1171 5.141321
v 4.375279 9.560795 5.141321
v 7.616227 8.1171 1.841446
v 8.824217 9.560795 -2.666416
v 7.616227 8.1171 1.841446
v 7.616227 9.560795 1.841446
v 8.824217 8.1171 -2.666416
v -8.706362 8.1171 -2.784269
v -7.527836 9.560795 1.635204
v -8.706362 9.560795 -2.784269
v -7.527836 8.1171 1.635204
v -7.527836 8.1171 1.635204
v -4.375278 9.560795 4.728836
v -7.527836 9.560795 1.635204
v -4.375278 8.1171 4.728836
v -4.375278 8.1171 4.728836
v -0.1325836 9.560795 5.848436
v -4.375278 9.560795 4.728836
v -0.1325836 8.1171 5.848436
v -0.1325836 8.1171 5.848436
v 4.110111 9.560795 4.728836
v -0.1325836 9.560795 5.848436
v 4.110111 8.1171 4.728836
v 4.110111 8.1171 4.728836
v 7.262669 9.560795 1.605742
v 4.110111 9.560795 4.728836
v 7.262669 8.1171 1.605742
v 8.411732 9.560795 -2.784269
v 8.411732 8.1171 -2.784269
v 8.824217 9.560795 -2.666416
v 8.411732 9.560795 -2.784269
v 8.824217 8.1171 -2.666416
v -7.527836 9.560795 1.635204
v -9.14831 9.560795 -2.666416
v -8.706362 9.560795 -2.784269
v -7.910858 9.560795 1.870911
v -4.375278 9.560795 4.728836
v -4.640448 9.560795 5.141321
v -8.706362 9.560795 -2.784269
v -9.14831 8.1171 -2.666416
v -8.706362 8.1171 -2.784269
v -9.14831 9.560795 -2.666416
v -0.1325836 9.560795 5.848436
v -4.640448 9.560795 5.141321
v -4.375278 9.560795 4.728836
v -0.1325836 9.560795 6.319847
v 4.110111 9.560795 4.728836
v 4.375279 9.560795 5.141321
v 7.262669 9.560795 1.605742
v 4.375279 9.560795 5.141321
v 4.110111 9.560795 4.728836
v 7.616227 9.560795 1.841446
v 8.411732 9.560795 -2.784269
v 8.824217 9.560795 -2.666416
v -0.5745306 6.555552 -3.255679
v 0.6629219 14.98202 -3.137827
v -0.515605 14.09812 -3.255679
v 0.7218475 6.555552 -3.16729
v 0.7513113 15.0704 -3.16729
v -1.222721 6.555552 -2.5191
v -1.252184 13.30262 -2.5191
v 1.252185 6.555552 -1.841448
v 1.222722 15.04094 -1.841448
v -0.8691626 6.555552 -1.340574
v -1.252184 13.30262 -2.5191
v -0.957552 13.21423 -1.311111
v -1.222721 6.555552 -2.5191
v 0.3977537 14.09812 -0.9575529
v 0.3682899 6.555552 -0.9575529
v 1.222722 15.04094 -1.841448
v 1.252185 6.555552 -1.841448
v 4.522595 12.38926 -3.402995
v 0.01473236 12.38926 -2.165543
v 1.222722 12.38926 -6.643943
v -2.342321 12.38926 -6.349311
v -4.434204 12.38926 -3.344069
v -3.255678 12.38926 1.134331
v 1.222722 12.38926 2.283394
v 4.169038 12.38926 0.220973
v 0.7513113 15.0704 -3.16729
v 1.222722 15.04094 -1.841448
v 0.04419518 14.24544 -2.165543
v 0.6629219 14.98202 -3.137827
v -0.515605 14.09812 -3.255679
v -1.252184 13.30262 -2.5191
v -0.957552 13.21423 -1.311111
v 0.3977537 14.09812 -0.9575529
v 0.8691635 8.559048 -5.259174
v 0.01473236 8.559048 -2.165543
v 3.0789 8.559048 -2.990511
v 2.872659 8.559048 -0.5450687
v 0.8691635 8.559048 0.8691626
v -2.195005 8.559048 0.04419422
v -3.049437 8.559048 -2.990511
v -1.635204 8.559048 -4.994006
v -9.14831 8.1171 -2.666416
v -7.910858 9.560795 1.870911
v -7.910858 8.1171 1.870911
v -9.14831 9.560795 -2.666416
v -9.590258 2.371784 -2.813732
v -8.293879 1.340572 -7.704617
v -8.293879 2.371784 -7.704617
v -9.590258 1.340572 -2.813732
v -8.382267 2.371784 2.018227
v -9.590258 1.340572 -2.813732
v -9.590258 2.371784 -2.813732
v -8.382267 1.340572 2.018227
v -4.935078 2.371784 5.583267
v -4.935078 1.340572 5.583267
v -0.1620464 2.371784 6.850183
v -4.935078 1.340572 5.583267
v -4.935078 2.371784 5.583267
v -0.1620464 1.340572 6.850183
v 4.610985 2.371784 5.494879
v 4.610985 1.340572 5.494879
v 8.087637 2.371784 1.870911
v 8.087637 1.340572 1.870911
v 9.384016 2.371784 -2.961048
v 8.087637 1.340572 1.870911
v 8.087637 2.371784 1.870911
v 9.384016 1.340572 -2.961048
v 8.146564 2.371784 -7.822469
v 8.146564 1.340572 -7.822469
v -9.590258 1.340572 -2.813732
v -7.409985 1.340572 -6.732332
v -8.293879 1.340572 -7.704617
v -8.559048 1.340572 -2.489637
v -8.293879 2.371784 -7.704617
v -8.559048 2.371784 -2.489637
v -9.590258 2.371784 -2.813732
v -7.409985 2.371784 -6.732332
v -8.382267 1.340572 2.018227
v -8.559048 1.340572 -2.489637
v -9.590258 1.340572 -2.813732
v -7.46891 1.340572 1.78252
v -4.935078 1.340572 5.583267
v -4.404741 1.340572 4.846689
v -9.590258 2.371784 -2.813732
v -7.46891 2.371784 1.78252
v -8.382267 2.371784 2.018227
v -8.559048 2.371784 -2.489637
v -4.404741 2.371784 4.846689
v -4.935078 2.371784 5.583267
v -0.1620464 1.340572 6.850183
v -4.404741 1.340572 4.846689
v -4.935078 1.340572 5.583267
v -0.2504358 1.340572 5.96629
v 4.610985 1.340572 5.494879
v 3.903869 1.340572 4.817226
v 8.087637 1.340572 1.870911
v 6.9975 1.340572 1.664667
v -4.935078 2.371784 5.583267
v -0.2504358 2.371784 5.96629
v -0.1620464 2.371784 6.850183
v -4.404741 2.371784 4.846689
v 3.903869 2.371784 4.817226
v 4.610985 2.371784 5.494879
v 6.9975 2.371784 1.664667
v 8.087637 2.371784 1.870911
v 9.384016 1.340572 -2.961048
v 6.9975 1.340572 1.664667
v 8.087637 1.340572 1.870911
v 8.146564 1.340572 -2.636953
v 8.146564 1.340572 -7.822469
v 7.056427 1.340572 -6.879648
v 8.087637 2.371784 1.870911
v 8.146564 2.371784 -2.636953
v 9.384016 2.371784 -2.961048
v 6.9975 2.371784 1.664667
v 7.056427 2.371784 -6.879648
v 8.146564 2.371784 -7.822469
v 8.824217 1.988762 -2.69588
v 7.616227 6.555552 -7.17428
v 7.616227 1.988762 -7.17428
v 8.824217 6.555552 -2.69588
v -9.501867 8.293879 -4.610985
v -7.46891 6.378773 -9.148312
v -7.46891 8.293879 -9.148312
v -9.501867 6.378773 -4.610985
v -9.089384 8.293879 0.4272156
v -9.501867 6.378773 -4.610985
v -9.501867 8.293879 -4.610985
v -9.089384 6.378773 0.4272156
v -6.231457 8.293879 4.552057
v -9.089384 6.378773 0.4272156
v -9.089384 8.293879 0.4272156
v -6.231457 6.378773 4.552057
v -1.811983 8.293879 6.673405
v -1.811983 6.378773 6.673405
v 3.0789 8.293879 6.231457
v -1.811983 6.378773 6.673405
v -1.811983 8.293879 6.673405
v 3.0789 6.378773 6.231457
v 7.08589 8.293879 3.373531
v 3.0789 6.378773 6.231457
v 3.0789 8.293879 6.231457
v 7.08589 6.378773 3.373531
v 9.148312 8.293879 -1.193258
v 9.148312 6.378773 -1.193258
v 8.735826 8.293879 -6.260921
v 9.148312 6.378773 -1.193258
v 9.148312 8.293879 -1.193258
v 8.735826 6.378773 -6.260921
v 5.907364 8.293879 -10.38576
v 8.735826 6.378773 -6.260921
v 8.735826 8.293879 -6.260921
v 5.907364 6.378773 -10.38576
v -9.501867 6.378773 -4.610985
v -6.555552 6.378773 -8.058174
v -7.46891 6.378773 -9.148312
v -8.323341 6.378773 -4.021722
v -7.46891 8.293879 -9.148312
v -8.323341 8.293879 -4.021722
v -9.501867 8.293879 -4.610985
v -6.555552 8.293879 -8.058174
v -9.089384 6.378773 0.4272156
v -8.323341 6.378773 -4.021722
v -9.501867 6.378773 -4.610985
v -7.940321 6.378773 0.368289
v -9.501867 8.293879 -4.610985
v -7.940321 8.293879 0.368289
v -9.089384 8.293879 0.4272156
v -8.323341 8.293879 -4.021722
v -6.231457 6.378773 4.552057
v -7.940321 6.378773 0.368289
v -9.089384 6.378773 0.4272156
v -5.494879 6.378773 3.992258
v -1.811983 6.378773 6.673405
v -1.605742 6.378773 5.848436
v -9.089384 8.293879 0.4272156
v -5.494879 8.293879 3.992258
v -6.231457 8.293879 4.552057
v -7.940321 8.293879 0.368289
v -1.605742 8.293879 5.848436
v -1.811983 8.293879 6.673405
v 3.0789 6.378773 6.231457
v -1.605742 6.378773 5.848436
v -1.811983 6.378773 6.673405
v 2.725343 6.378773 5.494879
v -1.811983 8.293879 6.673405
v 2.725343 8.293879 5.494879
v 3.0789 8.293879 6.231457
v -1.605742 8.293879 5.848436
v 7.08589 6.378773 3.373531
v 2.725343 6.378773 5.494879
v 3.0789 6.378773 6.231457
v 6.260921 6.378773 2.961046
v 9.148312 6.378773 -1.193258
v 8.058174 6.378773 -1.045942
v 3.0789 8.293879 6.231457
v 6.260921 8.293879 2.961046
v 7.08589 8.293879 3.373531
v 2.725343 8.293879 5.494879
v 8.058174 8.293879 -1.045942
v 9.148312 8.293879 -1.193258
v 8.735826 6.378773 -6.260921
v 8.058174 6.378773 -1.045942
v 9.148312 6.378773 -1.193258
v 7.64569 6.378773 -5.49488
v 9.148312 8.293879 -1.193258
v 7.64569 8.293879 -5.49488
v 8.735826 8.293879 -6.260921
v 8.058174 8.293879 -1.045942
v 5.907364 6.378773 -10.38576
v 7.64569 6.378773 -5.49488
v 8.735826 6.378773 -6.260921
v 5.170785 6.378773 -9.118848
v 8.735826 8.293879 -6.260921
v 5.170785 8.293879 -9.118848
v 5.907364 8.293879 -10.38576
v 7.64569 8.293879 -5.49488
v -7.940321 -2.548564 -7.17428
v -4.640448 1.988762 -10.44469
v -7.940321 1.988762 -7.17428
v -4.640448 -2.548564 -10.44469
v -7.940321 1.988762 -7.17428
v -4.640448 6.555552 -10.44469
v -7.940321 6.555552 -7.17428
v -4.640448 1.988762 -10.44469
v -4.640448 -2.548564 -10.44469
v -0.1620464 1.988762 -11.65268
v -4.640448 1.988762 -10.44469
v -0.1620464 -2.548564 -11.65268
v -4.640448 1.988762 -10.44469
v -0.1620464 6.555552 -11.65268
v -4.640448 6.555552 -10.44469
v -0.1620464 1.988762 -11.65268
v -0.1620464 -2.548564 -11.65268
v 4.345817 1.988762 -10.44469
v -0.1620464 1.988762 -11.65268
v 4.345817 -2.548564 -10.44469
v -0.1620464 1.988762 -11.65268
v 4.345817 6.555552 -10.44469
v -0.1620464 6.555552 -11.65268
v 4.345817 1.988762 -10.44469
v 4.345817 -2.548564 -10.44469
v 7.616227 1.988762 -7.17428
v 4.345817 1.988762 -10.44469
v 7.616227 -2.578027 -7.17428
v 4.345817 1.988762 -10.44469
v 7.616227 6.555552 -7.17428
v 4.345817 6.555552 -10.44469
v 7.616227 1.988762 -7.17428
v 1.605742 8.293879 -12.00624
v 5.907364 6.378773 -10.38576
v 5.907364 8.293879 -10.38576
v 1.605742 6.378773 -12.00624
v -3.344069 8.293879 -11.4759
v -3.344069 6.378773 -11.4759
v -7.46891 8.293879 -9.148312
v -3.344069 6.378773 -11.4759
v -3.344069 8.293879 -11.4759
v -7.46891 6.378773 -9.148312
v 1.605742 6.378773 -12.00624
v 5.170785 6.378773 -9.118848
v 5.907364 6.378773 -10.38576
v 1.193258 6.378773 -11.09288
v -3.344069 6.378773 -11.4759
v -3.108362 6.378773 -10.62147
v 5.907364 8.293879 -10.38576
v 1.193258 8.293879 -11.09288
v 1.605742 8.293879 -12.00624
v 5.170785 8.293879 -9.118848
v -3.108362 8.293879 -10.62147
v -3.344069 8.293879 -11.4759
v -7.46891 6.378773 -9.148312
v -3.108362 6.378773 -10.62147
v -3.344069 6.378773 -11.4759
v -6.555552 6.378773 -8.058174
v -3.344069 8.293879 -11.4759
v -6.555552 8.293879 -8.058174
v -7.46891 8.293879 -9.148312
v -3.108362 8.293879 -10.62147
v 0.01473236 -7.793006 5.3181
v 9.943817 -6.408237 5.22971
v 9.943817 -7.793006 5.22971
v 0.01473236 -6.408237 5.3181
v 9.855427 -7.793006 -3.019975
v 9.796501 -6.408237 -11.26966
v 9.796501 -7.793006 -11.26966
v 9.796501 -6.408237 -11.26966
v 9.855427 -7.793006 -3.019975
v 9.855427 -6.408237 -3.019975
v -0.1031208 -7.793006 -11.18127
v -9.973278 -6.408237 -11.09288
v -9.973278 -7.793006 -11.09288
v -0.1031208 -6.408237 -11.18127
v -9.914352 -7.793006 -2.843195
v -9.825962 -6.408237 5.406488
v -9.825962 -7.793006 5.406488
v -9.825962 -6.408237 5.406488
v -9.914352 -7.793006 -2.843195
v -9.914352 -6.408237 -2.843195
v 0.01473236 -4.964542 5.3181
v 9.943817 -3.609238 5.22971
v 9.943817 -4.964542 5.22971
v 0.01473236 -3.609238 5.3181
v 0.01473236 -9.207237 5.3181
v -9.825962 -10.59201 5.406488
v -9.825962 -9.207237 5.406488
v 0.01473236 -10.59201 5.3181
v 9.855427 -4.964542 -3.019975
v 9.796501 -3.609238 -11.26966
v 9.796501 -4.964542 -11.26966
v 9.855427 -3.609238 -3.019975
v 9.855427 -9.207237 -3.019975
v 9.943817 -10.59201 5.22971
v 9.943817 -9.207237 5.22971
v 9.855427 -10.59201 -3.019975
v -0.1031208 -4.964542 -11.18127
v -9.973278 -3.609238 -11.09288
v -9.973278 -4.964542 -11.09288
v -0.1031208 -3.609238 -11.18127
v -0.1031208 -9.207237 -11.18127
v 9.796501 -10.59201 -11.26966
v 9.796501 -9.207237 -11.26966
v -0.1031208 -10.59201 -11.18127
v -9.914352 -4.964542 -2.843195
v -9.825962 -3.609238 5.406488
v -9.825962 -4.964542 5.406488
v -9.914352 -3.609238 -2.843195
v -9.914352 -9.207237 -2.843195
v -9.973278 -10.59201 -11.09288
v -9.973278 -9.207237 -11.09288
v -9.914352 -10.59201 -2.843195
v -11.50536 -1.605742 -2.342321
v -11.59375 -3.609238 -12.56604
v -11.59375 -1.605742 -12.56604
v -11.50536 -3.609238 -2.342321
v -0.1031208 -4.964542 -11.91785
v 10.59201 -6.408237 -12.00624
v 10.59201 -4.964542 -12.00624
v -0.1031208 -6.408237 -11.91785
v 0.01473236 -6.408237 6.231457
v 10.76879 -4.964542 6.113605
v 10.76879 -6.408237 6.113605
v 0.01473236 -4.964542 6.231457
v 0.01473236 -4.964542 6.231457
v 9.943817 -4.964542 5.22971
v 10.76879 -4.964542 6.113605
v 0.01473236 -4.964542 5.3181
v -0.1031208 -10.59201 -11.91785
v 10.59201 -12.00624 -12.00624
v 10.59201 -10.59201 -12.00624
v -0.1031208 -12.00624 -11.91785
v -0.1031208 -7.793006 -11.91785
v 10.59201 -9.207237 -12.00624
v 10.59201 -7.793006 -12.00624
v -0.1031208 -9.207237 -11.91785
v 0.01473236 -7.793006 6.231457
v 9.943817 -7.793006 5.22971
v 10.76879 -7.793006 6.113605
v 0.01473236 -7.793006 5.3181
v -11.50536 -3.609238 -2.342321
v -9.973278 -3.609238 -11.09288
v -11.59375 -3.609238 -12.56604
v -9.914352 -3.609238 -2.843195
v 10.6804 -2.548564 -2.902122
v -0.1031208 -2.548564 -11.91785
v 10.59201 -2.548564 -12.00624
v -0.04419422 -2.548564 -2.843195
v -10.85717 -2.548564 -11.82946
v -10.76878 -2.548564 -2.754806
v 0.01473236 -10.59201 6.231457
v -10.70986 -12.00624 6.319847
v -10.70986 -10.59201 6.319847
v 0.01473236 -12.00624 6.231457
v 0.01473236 -12.00624 6.231457
v -9.825962 -12.00624 5.406488
v -10.70986 -12.00624 6.319847
v 0.01473236 -12.00624 5.3181
v 0.01473236 -7.793006 6.231457
v -10.70986 -9.207237 6.319847
v -10.70986 -7.793006 6.319847
v 0.01473236 -9.207237 6.231457
v 0.01473236 -9.207237 6.231457
v -9.825962 -9.207237 5.406488
v -10.70986 -9.207237 6.319847
v 0.01473236 -9.207237 5.3181
v 0.1031218 -1.605742 7.734077
v -11.41697 -3.609238 7.851931
v -11.41697 -1.605742 7.851931
v 0.1031218 -3.609238 7.734077
v 0.1031218 -3.609238 7.734077
v -9.825962 -3.609238 5.406488
v -11.41697 -3.609238 7.851931
v 0.01473236 -3.609238 5.3181
v -0.04419422 -3.609238 -12.65443
v -11.59375 -1.605742 -12.56604
v -11.59375 -3.609238 -12.56604
v -0.04419422 -1.605742 -12.65443
v 10.6804 -4.964542 -2.902122
v 10.76879 -6.408237 6.113605
v 10.76879 -4.964542 6.113605
v 10.6804 -6.408237 -2.902122
v -10.76878 -6.408237 -2.754806
v -10.70986 -4.964542 6.319847
v -10.70986 -6.408237 6.319847
v -10.76878 -4.964542 -2.754806
v -10.76878 -12.00624 -2.754806
v -10.70986 -10.59201 6.319847
v -10.70986 -12.00624 6.319847
v -10.76878 -10.59201 -2.754806
v 10.6804 -10.59201 -2.902122
v 10.76879 -12.00624 6.113605
v 10.76879 -10.59201 6.113605
v 10.6804 -12.00624 -2.902122
v 10.6804 -12.00624 -2.902122
v 9.943817 -12.00624 5.22971
v 10.76879 -12.00624 6.113605
v 9.855427 -12.00624 -3.019975
v -10.76878 -9.207237 -2.754806
v -10.70986 -7.793006 6.319847
v -10.70986 -9.207237 6.319847
v -10.76878 -7.793006 -2.754806
v 10.6804 -7.793006 -2.902122
v 10.76879 -9.207237 6.113605
v 10.76879 -7.793006 6.113605
v 10.6804 -9.207237 -2.902122
v 10.6804 -9.207237 -2.902122
v 9.943817 -9.207237 5.22971
v 10.76879 -9.207237 6.113605
v 9.855427 -9.207237 -3.019975
v 11.56429 -1.605742 -2.578027
v 11.65268 -3.609238 7.645689
v 11.65268 -1.605742 7.645689
v 11.56429 -3.609238 -2.578027
v -9.825962 -15.01148 5.406488
v -9.914352 -12.00624 -2.843195
v -9.825962 -12.00624 5.406488
v -9.914352 -15.01148 -2.843195
v -9.973278 -15.01148 -11.09288
v -0.1031208 -12.00624 -11.18127
v -9.973278 -12.00624 -11.09288
v -0.1031208 -15.01148 -11.18127
v 9.796501 -15.01148 -11.26966
v 9.855427 -12.00624 -3.019975
v 9.796501 -12.00624 -11.26966
v 9.855427 -15.01148 -3.019975
v 9.943817 -15.01148 5.22971
v 0.01473236 -12.00624 5.3181
v 9.943817 -12.00624 5.22971
v 0.01473236 -15.01148 5.3181
v 0.01473236 -6.408237 6.231457
v -9.825962 -6.408237 5.406488
v -10.70986 -6.408237 6.319847
v 0.01473236 -6.408237 5.3181
v -10.76878 -4.964542 -2.754806
v -9.825962 -4.964542 5.406488
v -10.70986 -4.964542 6.319847
v -9.914352 -4.964542 -2.843195
v -10.76878 -10.59201 -2.754806
v -9.825962 -10.59201 5.406488
v -10.70986 -10.59201 6.319847
v -9.914352 -10.59201 -2.843195
v -10.76878 -7.793006 -2.754806
v -9.825962 -7.793006 5.406488
v -10.70986 -7.793006 6.319847
v -9.914352 -7.793006 -2.843195
v 10.6804 -6.408237 -2.902122
v 9.943817 -6.408237 5.22971
v 10.76879 -6.408237 6.113605
v 9.855427 -6.408237 -3.019975
v 0.01473236 -10.59201 6.231457
v 9.943817 -10.59201 5.22971
v 10.76879 -10.59201 6.113605
v 0.01473236 -10.59201 5.3181
v 11.56429 -3.609238 -2.578027
v 9.943817 -3.609238 5.22971
v 11.65268 -3.609238 7.645689
v 9.855427 -3.609238 -3.019975
v 10.6804 -4.964542 -2.902122
v 9.796501 -4.964542 -11.26966
v 10.59201 -4.964542 -12.00624
v 9.855427 -4.964542 -3.019975
v -0.1031208 -6.408237 -11.91785
v 9.796501 -6.408237 -11.26966
v 10.59201 -6.408237 -12.00624
v -0.1031208 -6.408237 -11.18127
v 10.6804 -10.59201 -2.902122
v 9.796501 -10.59201 -11.26966
v 10.59201 -10.59201 -12.00624
v 9.855427 -10.59201 -3.019975
v -0.1031208 -12.00624 -11.91785
v 9.796501 -12.00624 -11.26966
v 10.59201 -12.00624 -12.00624
v -0.1031208 -12.00624 -11.18127
v 10.6804 -7.793006 -2.902122
v 9.796501 -7.793006 -11.26966
v 10.59201 -7.793006 -12.00624
v 9.855427 -7.793006 -3.019975
v -0.1031208 -9.207237 -11.91785
v 9.796501 -9.207237 -11.26966
v 10.59201 -9.207237 -12.00624
v -0.1031208 -9.207237 -11.18127
v -0.04419422 -3.609238 -12.65443
v 9.796501 -3.609238 -11.26966
v 11.50536 -3.609238 -12.74282
v -0.1031208 -3.609238 -11.18127
v -10.76878 -6.408237 -2.754806
v -9.973278 -6.408237 -11.09288
v -10.85717 -6.408237 -11.82946
v -9.914352 -6.408237 -2.843195
v -0.1031208 -4.964542 -11.91785
v -9.973278 -4.964542 -11.09288
v -10.85717 -4.964542 -11.82946
v -0.1031208 -4.964542 -11.18127
v -10.76878 -12.00624 -2.754806
v -9.973278 -12.00624 -11.09288
v -10.85717 -12.00624 -11.82946
v -9.914352 -12.00624 -2.843195
v -0.1031208 -10.59201 -11.91785
v -9.973278 -10.59201 -11.09288
v -10.85717 -10.59201 -11.82946
v -0.1031208 -10.59201 -11.18127
v -10.76878 -9.207237 -2.754806
v -9.973278 -9.207237 -11.09288
v -10.85717 -9.207237 -11.82946
v -9.914352 -9.207237 -2.843195
v -0.1031208 -7.793006 -11.91785
v -9.973278 -7.793006 -11.09288
v -10.85717 -7.793006 -11.82946
v -0.1031208 -7.793006 -11.18127
v -11.50536 -1.605742 -2.342321
v -10.70986 -1.605742 6.319847
v -11.41697 -1.605742 7.851931
v -10.76878 -1.605742 -2.754806
v 0.1031218 -1.605742 7.734077
v 10.76879 -1.605742 6.113605
v 11.65268 -1.605742 7.645689
v 0.01473236 -1.605742 6.231457
v 11.56429 -1.605742 -2.578027
v 10.59201 -1.605742 -12.00624
v 11.50536 -1.605742 -12.74282
v 10.6804 -1.605742 -2.902122
v -0.04419422 -1.605742 -12.65443
v -10.85717 -1.605742 -11.82946
v -11.59375 -1.605742 -12.56604
v -0.1031208 -1.605742 -11.91785
v -10.70986 -2.548564 6.319847
v 0.01473236 -1.605742 6.231457
v -10.70986 -1.605742 6.319847
v 0.01473236 -2.548564 6.231457
v 10.76879 -2.548564 6.113605
v 10.6804 -1.605742 -2.902122
v 10.76879 -1.605742 6.113605
v 10.6804 -2.548564 -2.902122
v 10.59201 -2.548564 -12.00624
v -0.1031208 -1.605742 -11.91785
v 10.59201 -1.605742 -12.00624
v -0.1031208 -2.548564 -11.91785
v -10.85717 -2.548564 -11.82946
v -10.76878 -1.605742 -2.754806
v -10.85717 -1.605742 -11.82946
v -10.76878 -2.548564 -2.754806
v 0.01473236 -7.793006 5.3181
v -9.825962 -6.408237 5.406488
v 0.01473236 -6.408237 5.3181
v -9.825962 -7.793006 5.406488
v -0.1031208 -7.793006 -11.18127
v 9.796501 -6.408237 -11.26966
v -0.1031208 -6.408237 -11.18127
v 9.796501 -7.793006 -11.26966
v 0.01473236 -4.964542 5.3181
v -9.825962 -3.609238 5.406488
v 0.01473236 -3.609238 5.3181
v -9.825962 -4.964542 5.406488
v 0.01473236 -9.207237 5.3181
v 9.943817 -10.59201 5.22971
v 0.01473236 -10.59201 5.3181
v 9.943817 -9.207237 5.22971
v -0.1031208 -4.964542 -11.18127
v 9.796501 -3.609238 -11.26966
v -0.1031208 -3.609238 -11.18127
v 9.796501 -4.964542 -11.26966
v -0.1031208 -9.207237 -11.18127
v -9.973278 -10.59201 -11.09288
v -0.1031208 -10.59201 -11.18127
v -9.973278 -9.207237 -11.09288
v -0.1031208 -4.964542 -11.91785
v -10.85717 -6.408237 -11.82946
v -0.1031208 -6.408237 -11.91785
v -10.85717 -4.964542 -11.82946
v 0.01473236 -6.408237 6.231457
v -10.70986 -4.964542 6.319847
v 0.01473236 -4.964542 6.231457
v -10.70986 -6.408237 6.319847
v 0.01473236 -4.964542 6.231457
v -9.825962 -4.964542 5.406488
v 0.01473236 -4.964542 5.3181
v -10.70986 -4.964542 6.319847
v -0.1031208 -10.59201 -11.91785
v -10.85717 -12.00624 -11.82946
v -0.1031208 -12.00624 -11.91785
v -10.85717 -10.59201 -11.82946
v -0.1031208 -7.793006 -11.91785
v -10.85717 -9.207237 -11.82946
v -0.1031208 -9.207237 -11.91785
v -10.85717 -7.793006 -11.82946
v 0.01473236 -7.793006 6.231457
v -9.825962 -7.793006 5.406488
v 0.01473236 -7.793006 5.3181
v -10.70986 -7.793006 6.319847
v 0.01473236 -10.59201 6.231457
v 10.76879 -12.00624 6.113605
v 0.01473236 -12.00624 6.231457
v 10.76879 -10.59201 6.113605
v 0.01473236 -12.00624 6.231457
v 9.943817 -12.00624 5.22971
v 0.01473236 -12.00624 5.3181
v 10.76879 -12.00624 6.113605
v 0.01473236 -7.793006 6.231457
v 10.76879 -9.207237 6.113605
v 0.01473236 -9.207237 6.231457
v 10.76879 -7.793006 6.113605
v 0.01473236 -9.207237 6.231457
v 9.943817 -9.207237 5.22971
v 0.01473236 -9.207237 5.3181
v 10.76879 -9.207237 6.113605
v 0.1031218 -1.605742 7.734077
v 11.65268 -3.609238 7.645689
v 0.1031218 -3.609238 7.734077
v 11.65268 -1.605742 7.645689
v 0.1031218 -3.609238 7.734077
v 9.943817 -3.609238 5.22971
v 0.01473236 -3.609238 5.3181
v 11.65268 -3.609238 7.645689
v -0.04419422 -3.609238 -12.65443
v 11.50536 -1.605742 -12.74282
v -0.04419422 -1.605742 -12.65443
v 11.50536 -3.609238 -12.74282
v -0.1031208 -15.01148 -11.18127
v 9.796501 -12.00624 -11.26966
v -0.1031208 -12.00624 -11.18127
v 9.796501 -15.01148 -11.26966
v 0.01473236 -15.01148 5.3181
v -9.825962 -12.00624 5.406488
v 0.01473236 -12.00624 5.3181
v -9.825962 -15.01148 5.406488
v 0.01473236 -6.408237 6.231457
v 9.943817 -6.408237 5.22971
v 0.01473236 -6.408237 5.3181
v 10.76879 -6.408237 6.113605
v 0.01473236 -10.59201 6.231457
v -9.825962 -10.59201 5.406488
v 0.01473236 -10.59201 5.3181
v -9.825962 -10.59201 5.406488
v 0.01473236 -10.59201 6.231457
v -10.70986 -10.59201 6.319847
v -0.1031208 -6.408237 -11.91785
v -9.973278 -6.408237 -11.09288
v -0.1031208 -6.408237 -11.18127
v -10.85717 -6.408237 -11.82946
v -0.1031208 -12.00624 -11.91785
v -9.973278 -12.00624 -11.09288
v -0.1031208 -12.00624 -11.18127
v -10.85717 -12.00624 -11.82946
v -0.1031208 -9.207237 -11.91785
v -9.973278 -9.207237 -11.09288
v -0.1031208 -9.207237 -11.18127
v -10.85717 -9.207237 -11.82946
v -0.04419422 -3.609238 -12.65443
v -9.973278 -3.609238 -11.09288
v -0.1031208 -3.609238 -11.18127
v -11.59375 -3.609238 -12.56604
v -0.1031208 -4.964542 -11.91785
v 9.796501 -4.964542 -11.26966
v -0.1031208 -4.964542 -11.18127
v 10.59201 -4.964542 -12.00624
v -0.1031208 -10.59201 -11.91785
v 9.796501 -10.59201 -11.26966
v -0.1031208 -10.59201 -11.18127
v 10.59201 -10.59201 -12.00624
v -0.1031208 -7.793006 -11.91785
v 9.796501 -7.793006 -11.26966
v -0.1031208 -7.793006 -11.18127
v 10.59201 -7.793006 -12.00624
v 0.1031218 -1.605742 7.734077
v -10.70986 -1.605742 6.319847
v 0.01473236 -1.605742 6.231457
v -11.41697 -1.605742 7.851931
v -0.04419422 -1.605742 -12.65443
v 10.59201 -1.605742 -12.00624
v -0.1031208 -1.605742 -11.91785
v 11.50536 -1.605742 -12.74282
v 0.01473236 -2.548564 6.231457
v 10.76879 -1.605742 6.113605
v 0.01473236 -1.605742 6.231457
v 10.76879 -2.548564 6.113605
v -0.1031208 -2.548564 -11.91785
v -10.85717 -1.605742 -11.82946
v -0.1031208 -1.605742 -11.91785
v -10.85717 -2.548564 -11.82946
v 9.855427 -7.793006 -3.019975
v 9.943817 -6.408237 5.22971
v 9.855427 -6.408237 -3.019975
v 9.943817 -7.793006 5.22971
v -9.914352 -7.793006 -2.843195
v -9.973278 -6.408237 -11.09288
v -9.914352 -6.408237 -2.843195
v -9.973278 -7.793006 -11.09288
v 9.855427 -4.964542 -3.019975
v 9.943817 -3.609238 5.22971
v 9.855427 -3.609238 -3.019975
v 9.943817 -4.964542 5.22971
v 9.855427 -9.207237 -3.019975
v 9.796501 -10.59201 -11.26966
v 9.855427 -10.59201 -3.019975
v 9.796501 -10.59201 -11.26966
v 9.855427 -9.207237 -3.019975
v 9.796501 -9.207237 -11.26966
v -9.914352 -4.964542 -2.843195
v -9.973278 -3.609238 -11.09288
v -9.914352 -3.609238 -2.843195
v -9.973278 -4.964542 -11.09288
v -9.914352 -9.207237 -2.843195
v -9.825962 -10.59201 5.406488
v -9.914352 -10.59201 -2.843195
v -9.825962 -9.207237 5.406488
v -11.50536 -1.605742 -2.342321
v -11.41697 -3.609238 7.851931
v -11.50536 -3.609238 -2.342321
v -11.41697 -1.605742 7.851931
v -11.50536 -3.609238 -2.342321
v -9.825962 -3.609238 5.406488
v -9.914352 -3.609238 -2.843195
v -11.41697 -3.609238 7.851931
v 10.6804 -2.548564 -2.902122
v 0.01473236 -2.548564 6.231457
v -0.04419422 -2.548564 -2.843195
v 10.76879 -2.548564 6.113605
v -10.70986 -2.548564 6.319847
v -10.76878 -2.548564 -2.754806
v 10.6804 -4.964542 -2.902122
v 10.59201 -6.408237 -12.00624
v 10.6804 -6.408237 -2.902122
v 10.59201 -4.964542 -12.00624
v -10.76878 -6.408237 -2.754806
v -10.85717 -4.964542 -11.82946
v -10.76878 -4.964542 -2.754806
v -10.85717 -6.408237 -11.82946
v -10.76878 -12.00624 -2.754806
v -10.85717 -10.59201 -11.82946
v -10.76878 -10.59201 -2.754806
v -10.85717 -12.00624 -11.82946
v 10.6804 -10.59201 -2.902122
v 10.59201 -12.00624 -12.00624
v 10.6804 -12.00624 -2.902122
v 10.59201 -10.59201 -12.00624
v 10.6804 -12.00624 -2.902122
v 9.796501 -12.00624 -11.26966
v 9.855427 -12.00624 -3.019975
v 10.59201 -12.00624 -12.00624
v -10.76878 -9.207237 -2.754806
v -10.85717 -7.793006 -11.82946
v -10.76878 -7.793006 -2.754806
v -10.85717 -9.207237 -11.82946
v 10.6804 -7.793006 -2.902122
v 10.59201 -9.207237 -12.00624
v 10.6804 -9.207237 -2.902122
v 10.59201 -7.793006 -12.00624
v 10.6804 -9.207237 -2.902122
v 9.796501 -9.207237 -11.26966
v 9.855427 -9.207237 -3.019975
v 9.796501 -9.207237 -11.26966
v 10.6804 -9.207237 -2.902122
v 10.59201 -9.207237 -12.00624
v 11.56429 -1.605742 -2.578027
v 11.50536 -3.609238 -12.74282
v 11.56429 -3.609238 -2.578027
v 11.50536 -1.605742 -12.74282
v -9.914352 -15.01148 -2.843195
v -9.973278 -12.00624 -11.09288
v -9.914352 -12.00624 -2.843195
v -9.973278 -15.01148 -11.09288
v 9.855427 -15.01148 -3.019975
v 9.943817 -12.00624 5.22971
v 9.855427 -12.00624 -3.019975
v 9.943817 -15.01148 5.22971
v -10.76878 -4.964542 -2.754806
v -9.973278 -4.964542 -11.09288
v -9.914352 -4.964542 -2.843195
v -10.85717 -4.964542 -11.82946
v -10.76878 -10.59201 -2.754806
v -9.973278 -10.59201 -11.09288
v -9.914352 -10.59201 -2.843195
v -10.85717 -10.59201 -11.82946
v -10.76878 -7.793006 -2.754806
v -9.973278 -7.793006 -11.09288
v -9.914352 -7.793006 -2.843195
v -10.85717 -7.793006 -11.82946
v 10.6804 -6.408237 -2.902122
v 9.796501 -6.408237 -11.26966
v 9.855427 -6.408237 -3.019975
v 10.59201 -6.408237 -12.00624
v 11.56429 -3.609238 -2.578027
v 9.796501 -3.609238 -11.26966
v 9.855427 -3.609238 -3.019975
v 11.50536 -3.609238 -12.74282
v 10.6804 -4.964542 -2.902122
v 9.943817 -4.964542 5.22971
v 9.855427 -4.964542 -3.019975
v 10.76879 -4.964542 6.113605
v 10.6804 -10.59201 -2.902122
v 9.943817 -10.59201 5.22971
v 9.855427 -10.59201 -3.019975
v 10.76879 -10.59201 6.113605
v 10.6804 -7.793006 -2.902122
v 9.943817 -7.793006 5.22971
v 9.855427 -7.793006 -3.019975
v 10.76879 -7.793006 6.113605
v -10.76878 -6.408237 -2.754806
v -9.825962 -6.408237 5.406488
v -9.914352 -6.408237 -2.843195
v -10.70986 -6.408237 6.319847
v -10.76878 -12.00624 -2.754806
v -9.825962 -12.00624 5.406488
v -9.914352 -12.00624 -2.843195
v -10.70986 -12.00624 6.319847
v -10.76878 -9.207237 -2.754806
v -9.825962 -9.207237 5.406488
v -9.914352 -9.207237 -2.843195
v -10.70986 -9.207237 6.319847
v -11.50536 -1.605742 -2.342321
v -10.85717 -1.605742 -11.82946
v -10.76878 -1.605742 -2.754806
v -11.59375 -1.605742 -12.56604
v 11.56429 -1.605742 -2.578027
v 10.76879 -1.605742 6.113605
v 10.6804 -1.605742 -2.902122
v 11.65268 -1.605742 7.645689
v 10.6804 -2.548564 -2.902122
v 10.59201 -1.605742 -12.00624
v 10.6804 -1.605742 -2.902122
v 10.59201 -2.548564 -12.00624
v -10.76878 -2.548564 -2.754806
v -10.70986 -1.605742 6.319847
v -10.76878 -1.605742 -2.754806
v -10.70986 -2.548564 6.319847
v -10.9161 -9.030458 6.997499
v -8.706362 -15.01148 6.968037
v -10.9161 -15.01148 6.997499
v -8.706362 -9.030458 6.968037
v -8.706362 -9.030458 6.968037
v -8.735826 -15.01148 4.728836
v -8.706362 -15.01148 6.968037
v -8.735826 -9.030458 4.728836
v -8.735826 -9.030458 4.728836
v -10.94556 -15.01148 4.728836
v -8.735826 -15.01148 4.728836
v -10.94556 -9.030458 4.728836
v -10.94556 -9.030458 4.728836
v -10.9161 -15.01148 6.997499
v -10.94556 -15.01148 4.728836
v -10.9161 -9.030458 6.997499
v -10.9161 -9.030458 6.997499
v -8.706362 -2.990511 6.968037
v -8.706362 -9.030458 6.968037
v -10.9161 -2.990511 6.997499
v -8.706362 -9.030458 6.968037
v -8.735826 -2.990511 4.728836
v -8.735826 -9.030458 4.728836
v -8.706362 -2.990511 6.968037
v -8.735826 -9.030458 4.728836
v -10.94556 -2.990511 4.728836
v -10.94556 -9.030458 4.728836
v -8.735826 -2.990511 4.728836
v -10.94556 -9.030458 4.728836
v -10.9161 -2.990511 6.997499
v -10.9161 -9.030458 6.997499
v -10.94556 -2.990511 4.728836
v 8.912605 -9.030458 6.820721
v 11.09288 -15.01148 6.820721
v 8.912605 -15.01148 6.820721
v 11.09288 -9.030458 6.820721
v 11.09288 -9.030458 6.820721
v 11.09288 -15.01148 4.552057
v 11.09288 -15.01148 6.820721
v 11.09288 -9.030458 4.552057
v 11.09288 -9.030458 4.552057
v 8.912605 -15.01148 4.552057
v 11.09288 -15.01148 4.552057
v 8.912605 -9.030458 4.552057
v 8.912605 -9.030458 4.552057
v 8.912605 -15.01148 6.820721
v 8.912605 -15.01148 4.552057
v 8.912605 -9.030458 6.820721
v 8.912605 -9.030458 6.820721
v 11.09288 -2.990511 6.820721
v 11.09288 -9.030458 6.820721
v 8.912605 -2.990511 6.820721
v 11.09288 -9.030458 6.820721
v 11.09288 -2.990511 4.552057
v 11.09288 -9.030458 4.552057
v 11.09288 -2.990511 6.820721
v 11.09288 -9.030458 4.552057
v 8.912605 -2.990511 4.552057
v 8.912605 -9.030458 4.552057
v 11.09288 -2.990511 4.552057
v 8.912605 -9.030458 4.552057
v 8.912605 -2.990511 6.820721
v 8.912605 -9.030458 6.820721
v 8.912605 -2.990511 4.552057
v 8.794753 -9.030458 -10.03221
v 11.00449 -15.01148 -10.03221
v 8.794753 -15.01148 -10.03221
v 11.00449 -9.030458 -10.03221
v 11.00449 -9.030458 -10.03221
v 10.94556 -15.01148 -12.30087
v 11.00449 -15.01148 -10.03221
v 10.94556 -9.030458 -12.30087
v 10.94556 -9.030458 -12.30087
v 8.735826 -15.01148 -12.30087
v 10.94556 -15.01148 -12.30087
v 8.735826 -9.030458 -12.30087
v 8.735826 -9.030458 -12.30087
v 8.794753 -15.01148 -10.03221
v 8.735826 -15.01148 -12.30087
v 8.794753 -9.030458 -10.03221
v 8.794753 -9.030458 -10.03221
v 11.00449 -2.990511 -10.03221
v 11.00449 -9.030458 -10.03221
v 8.794753 -2.990511 -10.03221
v 11.00449 -9.030458 -10.03221
v 10.94556 -2.990511 -12.30087
v 10.94556 -9.030458 -12.30087
v 11.00449 -2.990511 -10.03221
v 10.94556 -9.030458 -12.30087
v 8.735826 -2.990511 -12.30087
v 8.735826 -9.030458 -12.30087
v 10.94556 -2.990511 -12.30087
v 8.735826 -9.030458 -12.30087
v 8.794753 -2.990511 -10.03221
v 8.794753 -9.030458 -10.03221
v 8.735826 -2.990511 -12.30087
v -11.06342 -9.030458 -9.855427
v -8.853678 -15.01148 -9.88489
v -11.06342 -15.01148 -9.855427
v -8.853678 -9.030458 -9.88489
v -8.853678 -9.030458 -9.88489
v -8.883142 -15.01148 -12.09463
v -8.853678 -15.01148 -9.88489
v -8.883142 -9.030458 -12.09463
v -8.883142 -9.030458 -12.09463
v -11.09288 -15.01148 -12.09463
v -8.883142 -15.01148 -12.09463
v -11.09288 -9.030458 -12.09463
v -11.09288 -9.030458 -12.09463
v -11.06342 -15.01148 -9.855427
v -11.09288 -15.01148 -12.09463
v -11.06342 -9.030458 -9.855427
v -11.06342 -9.030458 -9.855427
v -8.853678 -2.990511 -9.88489
v -8.853678 -9.030458 -9.88489
v -11.06342 -2.990511 -9.855427
v -8.853678 -9.030458 -9.88489
v -8.883142 -2.990511 -12.09463
v -8.883142 -9.030458 -12.09463
v -8.853678 -2.990511 -9.88489
v -8.883142 -9.030458 -12.09463
v -11.09288 -2.990511 -12.09463
v -11.09288 -9.030458 -12.09463
v -8.883142 -2.990511 -12.09463
v -11.09288 -9.030458 -12.09463
v -11.06342 -2.990511 -9.855427
v -11.06342 -9.030458 -9.855427
v -11.09288 -2.990511 -12.09463
vt 0.4743634 0.3586986
vt 0.397907 0.3273318
vt 0.397907 0.3586986
vt 0.4743634 0.3273318
vt 0.4743634 0.3586986
vt 0.397907 0.3273318
vt 0.397907 0.3586986
vt 0.4743634 0.3273318
vt 0.4743634 0.3586986
vt 0.397907 0.3273318
vt 0.397907 0.3586986
vt 0.4743634 0.3273318
vt 0.4743634 0.3586986
vt 0.397907 0.3273318
vt 0.397907 0.3586986
vt 0.4743634 0.3273318
vt 0.346936 0.7801891
vt 0.2469546 0.6664847
vt 0.2469546 0.7801891
vt 0.346936 0.6664847
vt 0.346936 0.6253158
vt 0.2469546 0.6253158
vt 0.7801891 0.5821866
vt 0.7488223 0.5586615
vt 0.7488223 0.5821866
vt 0.7801891 0.5586615
vt 0.6606034 0.4273133
vt 0.4978884 0.3586986
vt 0.4978884 0.4273133
vt 0.6606034 0.3586986
vt 0.4978884 0.4920072
vt 0.6606034 0.4920072
vt 0.8958539 0.2469546
vt 0.8507642 0.3763424
vt 0.8958539 0.3763424
vt 0.8507642 0.2469546
vt 0.4037883 0.8507642
vt 0.495928 0.9213394
vt 0.495928 0.8507642
vt 0.4037883 0.9213394
vt 0.9527061 0.8370413
vt 0.9527061 0.8507642
vt 0.9683895 0.844883
vt 0.7350994 0.8997747
vt 0.7449015 0.9213394
vt 0.7527432 0.8997747
vt 0.7350994 0.8997747
vt 0.7449015 0.9213394
vt 0.7527432 0.8997747
vt 0.7350994 0.8997747
vt 0.7449015 0.9213394
vt 0.7527432 0.8997747
vt 0.7527432 0.905656
vt 0.7449015 0.9095768
vt 0.7527432 0.9134977
vt 0.7449015 0.9095768
vt 0.7527432 0.9134977
vt 0.7527432 0.905656
vt 0.7527432 0.905656
vt 0.7527432 0.9134977
vt 0.9683895 0.8507642
vt 0.9527061 0.8370413
vt 0.9527061 0.8507642
vt 0.9683895 0.8370413
vt 0.7527432 0.905656
vt 0.7449015 0.9095768
vt 0.7527432 0.9134977
vt 0.9527061 0.8370413
vt 0.9527061 0.8507642
vt 0.9683895 0.844883
vt 0.7350994 0.8997747
vt 0.7449015 0.9213394
vt 0.7527432 0.8997747
vt 0.7350994 0.8997747
vt 0.7449015 0.9213394
vt 0.7527432 0.8997747
vt 0.7350994 0.8997747
vt 0.7449015 0.9213394
vt 0.7527432 0.8997747
vt 0.7527432 0.905656
vt 0.7449015 0.9095768
vt 0.7527432 0.9134977
vt 0.7449015 0.9095768
vt 0.7527432 0.9134977
vt 0.7527432 0.905656
vt 0.7527432 0.905656
vt 0.7527432 0.9134977
vt 0.9683895 0.8507642
vt 0.9527061 0.8370413
vt 0.9527061 0.8507642
vt 0.9683895 0.8370413
vt 0.7527432 0.905656
vt 0.7449015 0.9095768
vt 0.7527432 0.9134977
vt 0.9527061 0.8370413
vt 0.9527061 0.8507642
vt 0.9683895 0.844883
vt 0.7350994 0.8997747
vt 0.7449015 0.9213394
vt 0.7527432 0.8997747
vt 0.7350994 0.8997747
vt 0.7449015 0.9213394
vt 0.7527432 0.8997747
vt 0.7350994 0.8997747
vt 0.7449015 0.9213394
vt 0.7527432 0.8997747
vt 0.7527432 0.905656
vt 0.7449015 0.9095768
vt 0.7527432 0.9134977
vt 0.7449015 0.9095768
vt 0.7527432 0.9134977
vt 0.7527432 0.905656
vt 0.7527432 0.905656
vt 0.7527432 0.9134977
vt 0.9683895 0.8507642
vt 0.9527061 0.8370413
vt 0.9527061 0.8507642
vt 0.9683895 0.8370413
vt 0.7527432 0.905656
vt 0.7449015 0.9095768
vt 0.7527432 0.9134977
vt 0.3685007 0.9977958
vt 0.346936 0.9232998
vt 0.346936 0.9977958
vt 0.3685007 0.9232998
vt 0.2430338 0.9232998
vt 0.346936 0.9977958
vt 0.2430338 0.9977958
vt 0.2430338 0.9977958
vt 0.2763609 0.9762312
vt 0.2430338 0.9762312
vt 0.2763609 0.9977958
vt 0.346936 0.9232998
vt 0.3685007 0.9977958
vt 0.3685007 0.9232998
vt 0.346936 0.9977958
vt 0.6115929 0.9232998
vt 0.6841285 0.9977958
vt 0.6841285 0.9232998
vt 0.6115929 0.9977958
vt 0.523374 0.09208137
vt 0.5057302 0.05875421
vt 0.5057302 0.09208137
vt 0.523374 0.05875421
vt 0.6998118 0.9232998
vt 0.7350994 0.9977958
vt 0.7350994 0.9232998
vt 0.6998118 0.9977958
vt 0.584147 0.9232998
vt 0.6547222 0.9977958
vt 0.6547222 0.9232998
vt 0.584147 0.9977958
vt 0.523374 0.05875421
vt 0.5057302 0.09208137
vt 0.523374 0.09208137
vt 0.5057302 0.05875421
vt 0.5331761 0.05875421
vt 0.5057302 0.04895211
vt 0.5331761 0.04895211
vt 0.5331761 0.05875421
vt 0.5057302 0.04895211
vt 0.5057302 0.05875421
vt 0.5331761 0.04895211
vt 0.5331761 0.05875421
vt 0.5057302 0.04895211
vt 0.5057302 0.05875421
vt 0.5331761 0.04895211
vt 0.495928 0.9213394
vt 0.4037883 0.8507642
vt 0.4037883 0.9213394
vt 0.495928 0.8507642
vt 0.495928 0.9213394
vt 0.4037883 0.8507642
vt 0.4037883 0.9213394
vt 0.495928 0.8507642
vt 0.8507642 0.3763424
vt 0.8958539 0.2469546
vt 0.8507642 0.2469546
vt 0.8958539 0.3763424
vt 0.8507642 0.3763424
vt 0.8958539 0.2469546
vt 0.8507642 0.2469546
vt 0.8958539 0.3763424
vt 0.6547222 0.4920072
vt 0.4998489 0.4273133
vt 0.6547222 0.4273133
vt 0.4998489 0.4920072
vt 0.4978884 0.3645799
vt 0.6547222 0.3645799
vt 0.45868 0.6704055
vt 0.3488965 0.7801891
vt 0.3488965 0.6704055
vt 0.45868 0.7801891
vt 0.45868 0.6704055
vt 0.3488965 0.7801891
vt 0.45868 0.7801891
vt 0.3488965 0.6704055
vt 0.4920072 0.546899
vt 0.4116299 0.4978884
vt 0.4116299 0.546899
vt 0.4920072 0.4978884
vt 0.509651 0.06071463
vt 0.5194531 0.09208137
vt 0.523374 0.06071463
vt 0.5057302 0.09208137
vt 0.5057302 0.08423968
vt 0.523374 0.08816052
vt 0.523374 0.08423968
vt 0.5057302 0.08816052
vt 0.5057302 0.08423968
vt 0.523374 0.08816052
vt 0.523374 0.08423968
vt 0.5057302 0.08816052
vt 0.509651 0.06071463
vt 0.523374 0.09208137
vt 0.5194531 0.06071463
vt 0.5057302 0.09208137
vt 0.5057302 0.08816052
vt 0.523374 0.08423968
vt 0.5057302 0.08423968
vt 0.523374 0.08816052
vt 0.5194531 0.06071463
vt 0.5057302 0.09208137
vt 0.5057302 0.06071463
vt 0.523374 0.09208137
vt 0.5057302 0.08816052
vt 0.523374 0.08423968
vt 0.5057302 0.08423968
vt 0.523374 0.08816052
vt 0.6645243 0.7586244
vt 0.5547407 0.6860889
vt 0.5547407 0.7586244
vt 0.6645243 0.6860889
vt 0.6449201 0.3175297
vt 0.733139 0.3763424
vt 0.733139 0.3175297
vt 0.6449201 0.3763424
vt 0.733139 0.435155
vt 0.6449201 0.435155
vt 0.6449201 0.4920072
vt 0.733139 0.4920072
vt 0.5057302 0.08423968
vt 0.523374 0.08816052
vt 0.523374 0.08423968
vt 0.5057302 0.08816052
vt 0.5057302 0.08423968
vt 0.523374 0.08816052
vt 0.523374 0.08423968
vt 0.5057302 0.08816052
vt 0.5057302 0.08423968
vt 0.523374 0.08816052
vt 0.523374 0.08423968
vt 0.5057302 0.08816052
vt 0.7625453 0.9252602
vt 0.8272392 0.9977958
vt 0.8272392 0.9252602
vt 0.7625453 0.9977958
vt 0.7625453 0.9252602
vt 0.8272392 0.9977958
vt 0.8272392 0.9252602
vt 0.7625453 0.9977958
vt 0.7625453 0.9252602
vt 0.8272392 0.9977958
vt 0.8272392 0.9252602
vt 0.7625453 0.9977958
vt 0.4037883 0.8507642
vt 0.495928 0.9213394
vt 0.495928 0.8507642
vt 0.4037883 0.9213394
vt 0.8958539 0.2469546
vt 0.8507642 0.3763424
vt 0.8958539 0.3763424
vt 0.8507642 0.2469546
vt 0.6606034 0.2469546
vt 0.4978884 0.3881049
vt 0.6606034 0.3881049
vt 0.4978884 0.2469546
vt 0.4978884 0.4920072
vt 0.6606034 0.4920072
vt 0.8997747 0.5390573
vt 0.8899726 0.5292552
vt 0.8899726 0.5390573
vt 0.8997747 0.5292552
vt 0.942904 0.5547407
vt 0.9507457 0.5292552
vt 0.942904 0.5292552
vt 0.9507457 0.5547407
vt 0.8586059 0.5410178
vt 0.9095768 0.5547407
vt 0.9095768 0.5410178
vt 0.8586059 0.5547407
vt 0.8938935 0.5390573
vt 0.8899726 0.5292552
vt 0.8899726 0.5390573
vt 0.8938935 0.5292552
vt 0.8938935 0.5390573
vt 0.8899726 0.5292552
vt 0.8899726 0.5390573
vt 0.8938935 0.5292552
vt 0.9193789 0.5390573
vt 0.9076164 0.5292552
vt 0.9076164 0.5390573
vt 0.9193789 0.5292552
vt 0.9193789 0.5390573
vt 0.9076164 0.5292552
vt 0.9076164 0.5390573
vt 0.9193789 0.5292552
vt 0.9193789 0.5390573
vt 0.9076164 0.5292552
vt 0.9076164 0.5390573
vt 0.9193789 0.5292552
vt 0.8860518 0.5292552
vt 0.9232998 0.5390573
vt 0.9232998 0.5292552
vt 0.8860518 0.5390573
vt 0.9703499 0.5331761
vt 0.9683895 0.5351365
vt 0.9703499 0.5351365
vt 0.9683895 0.5331761
vt 0.9389831 0.5449386
vt 0.9252602 0.5410178
vt 0.9252602 0.5449386
vt 0.9389831 0.5410178
vt 0.9252602 0.5331761
vt 0.9389831 0.5449386
vt 0.9389831 0.5331761
vt 0.9252602 0.5449386
vt 0.9331019 0.5390573
vt 0.9350623 0.5410178
vt 0.9350623 0.5390573
vt 0.929181 0.5410178
vt 0.9350623 0.5390573
vt 0.929181 0.5410178
vt 0.9331019 0.5390573
vt 0.9350623 0.5410178
vt 0.9703499 0.5331761
vt 0.9683895 0.5351365
vt 0.9703499 0.5351365
vt 0.9683895 0.5331761
vt 0.9527061 0.5547407
vt 0.9683895 0.5547407
vt 0.9527061 0.5547407
vt 0.9683895 0.5547407
vt 0.9507457 0.5547407
vt 0.9527061 0.5547407
vt 0.9507457 0.5547407
vt 0.9527061 0.5547407
vt 0.9507457 0.5292552
vt 0.9703499 0.5331761
vt 0.9703499 0.5292552
vt 0.9507457 0.5331761
vt 0.9507457 0.5292552
vt 0.9703499 0.5331761
vt 0.9703499 0.5292552
vt 0.9507457 0.5331761
vt 0.9703499 0.5331761
vt 0.9683895 0.5351365
vt 0.9703499 0.5351365
vt 0.9683895 0.5331761
vt 0.9507457 0.5331761
vt 0.9703499 0.5292552
vt 0.9507457 0.5292552
vt 0.9703499 0.5331761
vt 0.9703499 0.5292552
vt 0.9507457 0.5547407
vt 0.9703499 0.5547407
vt 0.9507457 0.5292552
vt 0.9507457 0.5292552
vt 0.9703499 0.5331761
vt 0.9703499 0.5292552
vt 0.9507457 0.5331761
vt 0.9507457 0.5292552
vt 0.9703499 0.5331761
vt 0.9703499 0.5292552
vt 0.9507457 0.5331761
vt 0.9703499 0.5547407
vt 0.9683895 0.5547407
vt 0.9683895 0.5547407
vt 0.9703499 0.5547407
vt 0.9703499 0.5331761
vt 0.9683895 0.5351365
vt 0.9703499 0.5351365
vt 0.9683895 0.5331761
vt 0.9507457 0.5547407
vt 0.9527061 0.5547407
vt 0.9507457 0.5547407
vt 0.9527061 0.5547407
vt 0.9507457 0.5292552
vt 0.9703499 0.5331761
vt 0.9703499 0.5292552
vt 0.9507457 0.5331761
vt 0.9507457 0.5292552
vt 0.9703499 0.5331761
vt 0.9703499 0.5292552
vt 0.9507457 0.5331761
vt 0.8860518 0.5410178
vt 0.8586059 0.5292552
vt 0.8586059 0.5410178
vt 0.8860518 0.5292552
vt 0.9527061 0.5331761
vt 0.9625082 0.5292552
vt 0.9527061 0.5292552
vt 0.9625082 0.5331761
vt 0.8586059 0.5292552
vt 0.8860518 0.5410178
vt 0.8860518 0.5292552
vt 0.8586059 0.5410178
vt 0.9527061 0.5292552
vt 0.9625082 0.5331761
vt 0.9625082 0.5292552
vt 0.9527061 0.5331761
vt 0.9527061 0.5292552
vt 0.9625082 0.5331761
vt 0.9625082 0.5292552
vt 0.9527061 0.5331761
vt 0.9487852 0.5547407
vt 0.9468248 0.5547407
vt 0.9468248 0.5547407
vt 0.9487852 0.5547407
vt 0.4880863 0.7801891
vt 0.4273133 0.6253158
vt 0.4273133 0.7801891
vt 0.4880863 0.6253158
vt 0.4527988 0.7801891
vt 0.3508569 0.6253158
vt 0.3508569 0.7801891
vt 0.4527988 0.6253158
vt 0.8644872 0.9977958
vt 0.9350623 0.844883
vt 0.9350623 0.9977958
vt 0.8644872 0.844883
vt 0.4527988 0.7801891
vt 0.3508569 0.6253158
vt 0.3508569 0.7801891
vt 0.4527988 0.6253158
vt 0.4527988 0.6253158
vt 0.3881049 0.7801891
vt 0.4527988 0.7801891
vt 0.3881049 0.6253158
vt 0.4880863 0.6253158
vt 0.4273133 0.7801891
vt 0.4880863 0.7801891
vt 0.4273133 0.6253158
vt 0.3998674 0.9213394
vt 0.2881234 0.8507642
vt 0.2881234 0.9213394
vt 0.3998674 0.8507642
vt 0.2430338 0.7821495
vt 0.4920072 0.8056746
vt 0.4920072 0.7821495
vt 0.2430338 0.8056746
vt 0.4920072 0.8056746
vt 0.2430338 0.8468434
vt 0.2430338 0.8056746
vt 0.4920072 0.8468434
vt 0.4508384 0.09992305
vt 0.3900653 0.1254085
vt 0.4508384 0.1195273
vt 0.3900653 0.09208137
vt 0.4527988 0.09600221
vt 0.3881049 0.1273689
vt 0.4527988 0.1234481
vt 0.3881049 0.09012094
vt 0.421432 0.1214877
vt 0.45868 0.09208137
vt 0.4253529 0.09992305
vt 0.4567196 0.1234481
vt 0.3861445 0.1175668
vt 0.3881049 0.1038439
vt 0.4175112 0.1195273
vt 0.4567196 0.09404179
vt 0.421432 0.09992305
vt 0.4469175 0.1273689
vt 0.3861445 0.1116856
vt 0.3861445 0.1038439
vt 0.45868 0.1018835
vt 0.3822236 0.1234481
vt 0.45868 0.1195273
vt 0.3822236 0.09600221
vt 0.4508384 0.1038439
vt 0.3900653 0.1195273
vt 0.4508384 0.1116856
vt 0.3900653 0.09992305
vt 0.7449015 0.8997747
vt 0.7547036 0.8429226
vt 0.7449015 0.8429226
vt 0.7547036 0.8997747
vt 0.6449201 0.3175297
vt 0.733139 0.2469546
vt 0.6449201 0.2469546
vt 0.733139 0.3175297
vt 0.5586615 0.9919145
vt 0.7527432 0.929181
vt 0.5586615 0.929181
vt 0.7527432 0.9919145
vt 0.7586244 0.9919145
vt 0.5625824 0.929181
vt 0.5625824 0.9919145
vt 0.7586244 0.929181
vt 0.5586615 0.956627
vt 0.7527432 0.9683895
vt 0.7527432 0.956627
vt 0.5586615 0.9683895
vt 0.695891 0.956627
vt 0.621395 0.942904
vt 0.621395 0.956627
vt 0.695891 0.942904
vt 0.695891 0.956627
vt 0.621395 0.942904
vt 0.621395 0.956627
vt 0.695891 0.942904
vt 0.7801891 0.7801891
vt 0.6841285 0.8370413
vt 0.6841285 0.7801891
vt 0.7801891 0.8370413
vt 0.4429967 0.6115929
vt 0.2469546 0.5488594
vt 0.2469546 0.6115929
vt 0.4429967 0.5488594
vt 0.6841285 0.7801891
vt 0.6841285 0.8370413
vt 0.6841285 0.7801891
vt 0.6841285 0.8370413
vt 0.7801891 0.8370413
vt 0.7801891 0.8370413
vt 0.7801891 0.7801891
vt 0.6841285 0.7801891
vt 0.7801891 0.7801891
vt 0.6841285 0.7801891
vt 0.7801891 0.8370413
vt 0.7801891 0.8370413
vt 0.7390202 0.3763424
vt 0.9252602 0.4920072
vt 0.9252602 0.3763424
vt 0.7390202 0.4920072
vt 0.9997562 0.4920072
vt 0.9997562 0.4567196
vt 0.9997562 0.3763424
vt 0.844883 0.2469546
vt 0.7350994 0.3763424
vt 0.844883 0.3763424
vt 0.7350994 0.2469546
vt 0.8742893 0.3763424
vt 0.7390202 0.4273133
vt 0.7390202 0.3763424
vt 0.8742893 0.4273133
vt 0.4920072 0.9977958
vt 0.4684821 0.9232998
vt 0.4684821 0.9977958
vt 0.4920072 0.9232998
vt 0.3724215 0.9232998
vt 0.4684821 0.9977958
vt 0.3724215 0.9977958
vt 0.3724215 0.9977958
vt 0.3998674 0.9762312
vt 0.3724215 0.9762312
vt 0.3998674 0.9977958
vt 0.4684821 0.9232998
vt 0.4920072 0.9977958
vt 0.4920072 0.9232998
vt 0.4684821 0.9977958
vt 0.8213579 0.7252973
vt 0.8115558 0.7252973
vt 0.8115558 0.7252973
vt 0.8213579 0.7252973
vt 0.8213579 0.7252973
vt 0.8115558 0.7252973
vt 0.8213579 0.7252973
vt 0.8115558 0.7252973
vt 0.8233184 0.7135348
vt 0.8017537 0.7154952
vt 0.8017537 0.7154952
vt 0.8233184 0.7135348
vt 0.8233184 0.7135348
vt 0.8233184 0.7135348
vt 0.8233184 0.7135348
vt 0.8017537 0.7154952
vt 0.8233184 0.7135348
vt 0.8017537 0.7154952
vt 0.8233184 0.7135348
vt 0.8233184 0.7135348
vt 0.9507457 0.5292552
vt 0.9683895 0.5351365
vt 0.9683895 0.5351365
vt 0.9507457 0.5292552
vt 0.9507457 0.5292552
vt 0.9683895 0.5351365
vt 0.9683895 0.5351365
vt 0.9507457 0.5292552
vt 0.3685007 0.9977958
vt 0.346936 0.9232998
vt 0.346936 0.9977958
vt 0.3685007 0.9232998
vt 0.2430338 0.9977958
vt 0.2763609 0.9762312
vt 0.2430338 0.9762312
vt 0.2763609 0.9977958
vt 0.346936 0.9232998
vt 0.3685007 0.9977958
vt 0.3685007 0.9232998
vt 0.346936 0.9977958
vt 0.346936 0.9977958
vt 0.2430338 0.9232998
vt 0.2430338 0.9977958
vt 0.346936 0.9232998
vt 0.3685007 0.9977958
vt 0.346936 0.9232998
vt 0.346936 0.9977958
vt 0.3685007 0.9232998
vt 0.2430338 0.9977958
vt 0.2763609 0.9762312
vt 0.2430338 0.9762312
vt 0.2763609 0.9977958
vt 0.346936 0.9232998
vt 0.3685007 0.9977958
vt 0.3685007 0.9232998
vt 0.346936 0.9977958
vt 0.346936 0.9977958
vt 0.2430338 0.9232998
vt 0.2430338 0.9977958
vt 0.346936 0.9232998
vt 0.4920072 0.8056746
vt 0.2430338 0.7821495
vt 0.4920072 0.7821495
vt 0.2430338 0.8056746
vt 0.4920072 0.8468434
vt 0.2430338 0.8056746
vt 0.2430338 0.8468434
vt 0.4920072 0.8056746
vt 0.5782657 0.9919145
vt 0.560622 0.9232998
vt 0.5782657 0.9232998
vt 0.560622 0.9919145
vt 0.560622 0.9919145
vt 0.7527432 0.9232998
vt 0.560622 0.9232998
vt 0.7527432 0.9919145
vt 0.7527432 0.9919145
vt 0.733139 0.9232998
vt 0.7527432 0.9232998
vt 0.733139 0.9919145
vt 0.2430338 0.8507642
vt 0.2665588 0.8860518
vt 0.2665588 0.8507642
vt 0.2430338 0.8860518
vt 0.2665588 0.9036956
vt 0.2430338 0.9036956
vt 0.2665588 0.9213394
vt 0.2430338 0.9213394
vt 0.2665588 0.8507642
vt 0.286163 0.8860518
vt 0.286163 0.8507642
vt 0.2665588 0.8860518
vt 0.286163 0.9036956
vt 0.2665588 0.9036956
vt 0.286163 0.9213394
vt 0.2665588 0.9213394
vt 0.2430338 0.8507642
vt 0.2567567 0.8860518
vt 0.2567567 0.8507642
vt 0.2430338 0.8860518
vt 0.2567567 0.9036956
vt 0.2430338 0.9036956
vt 0.2567567 0.9213394
vt 0.2430338 0.9213394
vt 0.2567567 0.8507642
vt 0.2704796 0.8860518
vt 0.2704796 0.8507642
vt 0.2567567 0.8860518
vt 0.286163 0.8860518
vt 0.286163 0.8507642
vt 0.2704796 0.9036956
vt 0.2567567 0.9036956
vt 0.286163 0.9036956
vt 0.2704796 0.9213394
vt 0.2567567 0.9213394
vt 0.286163 0.9213394
vt 0.248915 0.9723103
vt 0.2704796 0.9860333
vt 0.2665588 0.9723103
vt 0.2430338 0.9860333
vt 0.2567567 0.9977958
vt 0.2430338 0.8507642
vt 0.2665588 0.8860518
vt 0.2665588 0.8507642
vt 0.2430338 0.8860518
vt 0.286163 0.8860518
vt 0.286163 0.8507642
vt 0.2665588 0.9036956
vt 0.2430338 0.9036956
vt 0.286163 0.9036956
vt 0.2665588 0.9213394
vt 0.2430338 0.9213394
vt 0.286163 0.9213394
vt 0.2430338 0.8507642
vt 0.2567567 0.8860518
vt 0.2567567 0.8507642
vt 0.2430338 0.8860518
vt 0.2704796 0.8860518
vt 0.2704796 0.8507642
vt 0.286163 0.8860518
vt 0.286163 0.8507642
vt 0.2567567 0.9036956
vt 0.2430338 0.9036956
vt 0.2704796 0.9036956
vt 0.286163 0.9036956
vt 0.2567567 0.9213394
vt 0.2430338 0.9213394
vt 0.2704796 0.9213394
vt 0.286163 0.9213394
vt 0.248915 0.9723103
vt 0.2704796 0.9860333
vt 0.2665588 0.9723103
vt 0.2430338 0.9860333
vt 0.2567567 0.9977958
vt 0.2430338 0.8507642
vt 0.2665588 0.8860518
vt 0.2665588 0.8507642
vt 0.2430338 0.8860518
vt 0.2665588 0.9036956
vt 0.2430338 0.9036956
vt 0.2665588 0.9213394
vt 0.2430338 0.9213394
vt 0.2665588 0.8507642
vt 0.286163 0.8860518
vt 0.286163 0.8507642
vt 0.2665588 0.8860518
vt 0.286163 0.9036956
vt 0.2665588 0.9036956
vt 0.286163 0.9213394
vt 0.2665588 0.9213394
vt 0.2430338 0.8507642
vt 0.2567567 0.8860518
vt 0.2567567 0.8507642
vt 0.2430338 0.8860518
vt 0.2567567 0.9036956
vt 0.2430338 0.9036956
vt 0.2567567 0.9213394
vt 0.2430338 0.9213394
vt 0.2567567 0.8507642
vt 0.2704796 0.8860518
vt 0.2704796 0.8507642
vt 0.2567567 0.8860518
vt 0.286163 0.8860518
vt 0.286163 0.8507642
vt 0.2704796 0.9036956
vt 0.2567567 0.9036956
vt 0.286163 0.9036956
vt 0.2704796 0.9213394
vt 0.2567567 0.9213394
vt 0.286163 0.9213394
vt 0.248915 0.9723103
vt 0.2704796 0.9860333
vt 0.2665588 0.9723103
vt 0.2430338 0.9860333
vt 0.2567567 0.9977958
vt 0.1489336 0.3273318
vt 0.02542706 0.4684821
vt 0.02542706 0.3273318
vt 0.1489336 0.4684821
vt 0.1489336 0.3273318
vt 0.02542706 0.4684821
vt 0.02542706 0.3273318
vt 0.1489336 0.4684821
vt 0.1489336 0.3273318
vt 0.02542706 0.4684821
vt 0.02542706 0.3273318
vt 0.1489336 0.4684821
vt 0.1489336 0.3273318
vt 0.02542706 0.4684821
vt 0.02542706 0.3273318
vt 0.1489336 0.4684821
vt 0.1489336 0.3273318
vt 0.02542706 0.4684821
vt 0.02542706 0.3273318
vt 0.1489336 0.4684821
vt 0.1489336 0.3273318
vt 0.02542706 0.4684821
vt 0.02542706 0.3273318
vt 0.1489336 0.4684821
vt 0.1489336 0.3273318
vt 0.02542706 0.4684821
vt 0.02542706 0.3273318
vt 0.1489336 0.4684821
vt 0.1489336 0.4684821
vt 0.02542706 0.3273318
vt 0.02542706 0.4684821
vt 0.1489336 0.3273318
vt 0.02542706 0.3273318
vt 0.1489336 0.4978884
vt 0.1489336 0.3273318
vt 0.02542706 0.4978884
vt 0.1489336 0.4684821
vt 0.02542706 0.3273318
vt 0.02542706 0.4684821
vt 0.1489336 0.3273318
vt 0.02542706 0.3273318
vt 0.1489336 0.4978884
vt 0.1489336 0.3273318
vt 0.02542706 0.4978884
vt 0.02542706 0.3273318
vt 0.1489336 0.4978884
vt 0.1489336 0.3273318
vt 0.02542706 0.4978884
vt 0.02542706 0.3273318
vt 0.1489336 0.4978884
vt 0.1489336 0.3273318
vt 0.02542706 0.4978884
vt 0.02542706 0.3273318
vt 0.1489336 0.4978884
vt 0.1489336 0.3273318
vt 0.02542706 0.4978884
vt 0.02542706 0.3273318
vt 0.1489336 0.4978884
vt 0.1489336 0.3273318
vt 0.02542706 0.4978884
vt 0.02542706 0.3273318
vt 0.1489336 0.4978884
vt 0.1489336 0.3273318
vt 0.02542706 0.4978884
vt 0.3861445 0.007783272
vt 0.3802632 0.02346664
vt 0.3959466 0.01170411
vt 0.3724215 0.007783272
vt 0.3645799 0.01170411
vt 0.3861445 0.007783272
vt 0.3802632 0.02346664
vt 0.3724215 0.007783272
vt 0.3959466 0.01170411
vt 0.3645799 0.01170411
vt 0.3645799 0.01170411
vt 0.3802632 0.02346664
vt 0.3724215 0.007783272
vt 0.3861445 0.007783272
vt 0.3959466 0.01170411
vt 0.3959466 0.01170411
vt 0.3802632 0.02346664
vt 0.3861445 0.007783272
vt 0.3724215 0.007783272
vt 0.3645799 0.01170411
vt 0.1489336 0.4684821
vt 0.02542706 0.3273318
vt 0.02542706 0.4684821
vt 0.1489336 0.3273318
vt 0.1489336 0.4684821
vt 0.02542706 0.3273318
vt 0.02542706 0.4684821
vt 0.1489336 0.3273318
vt 0.1489336 0.4684821
vt 0.02542706 0.3273318
vt 0.02542706 0.4684821
vt 0.1489336 0.3273318
vt 0.2704796 0.03326874
vt 0.3371339 -5.841092E-05
vt 0.3371339 0.03326874
vt 0.2704796 -5.841092E-05
vt 0.3194902 0.03326874
vt 0.3547778 -5.841092E-05
vt 0.3547778 0.03326874
vt 0.3194902 -5.841092E-05
vt 0.2704796 0.03326874
vt 0.2704796 -5.841092E-05
vt 0.3018464 0.03326874
vt 0.3547778 -5.841092E-05
vt 0.3547778 0.03326874
vt 0.3018464 -5.841092E-05
vt 0.2528359 0.03326874
vt 0.2528359 -5.841092E-05
vt 0.286163 0.03326874
vt 0.3371339 -5.841092E-05
vt 0.3371339 0.03326874
vt 0.286163 -5.841092E-05
vt 0.2528359 0.03326874
vt 0.2528359 -5.841092E-05
vt 0.4978884 0.05287295
vt 0.3155693 -5.841092E-05
vt 0.3155693 0.05287295
vt 0.4978884 -5.841092E-05
vt 0.4978884 0.05287295
vt 0.2783213 -5.841092E-05
vt 0.2783213 0.05287295
vt 0.4978884 -5.841092E-05
vt 0.4978884 0.05287295
vt 0.2528359 -5.841092E-05
vt 0.2528359 0.05287295
vt 0.4978884 -5.841092E-05
vt 0.4978884 0.05287295
vt 0.286163 -5.841092E-05
vt 0.286163 0.05287295
vt 0.4978884 -5.841092E-05
vt 0.4978884 0.05287295
vt 0.397907 -5.841092E-05
vt 0.397907 0.05287295
vt 0.4978884 -5.841092E-05
vt 0.4978884 -5.841092E-05
vt 0.3802632 0.05287295
vt 0.4978884 0.05287295
vt 0.3802632 -5.841092E-05
vt 0.4978884 -5.841092E-05
vt 0.2940047 0.05287295
vt 0.4978884 0.05287295
vt 0.2940047 -5.841092E-05
vt 0.4978884 -5.841092E-05
vt 0.262638 0.05287295
vt 0.4978884 0.05287295
vt 0.262638 -5.841092E-05
vt 0.4978884 -5.841092E-05
vt 0.2979255 0.05287295
vt 0.4978884 0.05287295
vt 0.2979255 -5.841092E-05
vt 0.4978884 -5.841092E-05
vt 0.3822236 0.05287295
vt 0.4978884 0.05287295
vt 0.3822236 -5.841092E-05
vt 0.3371339 0.05287295
vt 0.3371339 -5.841092E-05
vt 0.3155693 0.05287295
vt 0.3371339 0.05287295
vt 0.3155693 -5.841092E-05
vt 0.3802632 0.01562496
vt 0.262638 0.0195458
vt 0.262638 0.01562496
vt 0.3802632 0.0195458
vt 0.495928 0.01562496
vt 0.495928 0.0195458
vt 0.4155508 0.05287295
vt 0.45868 -5.841092E-05
vt 0.4155508 -5.841092E-05
vt 0.45868 0.05287295
vt 0.3802632 0.01562496
vt 0.262638 0.0195458
vt 0.262638 0.01562496
vt 0.3802632 0.0195458
vt 0.495928 0.01562496
vt 0.495928 0.0195458
vt 0.3802632 0.01562496
vt 0.262638 0.0195458
vt 0.262638 0.01562496
vt 0.3802632 0.0195458
vt 0.495928 0.01562496
vt 0.495928 0.0195458
vt 0.4920072 0.03130832
vt 0.2547963 0.02346664
vt 0.2783213 0.03130832
vt 0.4920072 0.02346664
vt 0.2528359 0.02346664
vt 0.4920072 0.03326874
vt 0.3018464 0.03326874
vt 0.4920072 0.01758538
vt 0.2528359 0.01758538
vt 0.4920072 0.005822851
vt 0.3018464 0.00190201
vt 0.3018464 0.005822851
vt 0.4920072 0.00190201
vt 0.2763609 0.01170411
vt 0.4920072 0.01170411
vt 0.2528359 0.01758538
vt 0.4920072 0.01758538
vt 0.4077091 0.009743693
vt 0.4077091 0.01562496
vt 0.4037883 0.01366453
vt 0.3998674 0.01758538
vt 0.4077091 0.02346664
vt 0.4155508 0.0195458
vt 0.4175112 0.01562496
vt 0.4155508 0.01170411
vt 0.3626194 0.01366453
vt 0.3665403 0.01170411
vt 0.3665403 0.01758538
vt 0.3626194 0.01758538
vt 0.3645799 0.02346664
vt 0.3724215 0.02346664
vt 0.3724215 0.02346664
vt 0.3724215 0.01366453
vt 0.4037883 0.01366453
vt 0.4077091 0.01562496
vt 0.4077091 0.009743693
vt 0.4155508 0.01170411
vt 0.4175112 0.01562496
vt 0.4155508 0.0195458
vt 0.4077091 0.02346664
vt 0.3998674 0.01758538
vt 0.45868 -5.841092E-05
vt 0.4978884 0.05287295
vt 0.4978884 -5.841092E-05
vt 0.45868 0.05287295
vt 0.3724215 0.346936
vt 0.3724215 0.3802632
vt 0.3724215 0.346936
vt 0.3724215 0.3802632
vt 0.3724215 0.3802632
vt 0.3724215 0.3488965
vt 0.3724215 0.3802632
vt 0.3724215 0.3488965
vt 0.3763424 0.3802632
vt 0.3763424 0.3488965
vt 0.3724215 0.3802632
vt 0.3724215 0.346936
vt 0.3724215 0.3802632
vt 0.3724215 0.346936
vt 0.3724215 0.3802632
vt 0.3724215 0.3488965
vt 0.3763424 0.3802632
vt 0.3763424 0.3488965
vt 0.3724215 0.3802632
vt 0.3724215 0.346936
vt 0.3724215 0.3802632
vt 0.3724215 0.346936
vt 0.3724215 0.3802632
vt 0.3724215 0.346936
vt 0.3724215 0.3802632
vt 0.3724215 0.3802632
vt 0.3724215 0.3802632
vt 0.3724215 0.3802632
vt 0.3724215 0.346936
vt 0.3724215 0.346936
vt 0.3724215 0.346936
vt 0.3724215 0.346936
vt 0.3724215 0.3488965
vt 0.3724215 0.3488965
vt 0.3724215 0.3488965
vt 0.3724215 0.3488965
vt 0.3763424 0.3488965
vt 0.3763424 0.3488965
vt 0.3724215 0.3802632
vt 0.3724215 0.3802632
vt 0.3724215 0.3802632
vt 0.3724215 0.3802632
vt 0.3763424 0.3802632
vt 0.3763424 0.3802632
vt 0.3724215 0.346936
vt 0.3724215 0.346936
vt 0.3724215 0.346936
vt 0.3724215 0.346936
vt 0.3724215 0.3488965
vt 0.3724215 0.3488965
vt 0.3763424 0.3488965
vt 0.3763424 0.3488965
vt 0.3724215 0.3802632
vt 0.3724215 0.3802632
vt 0.3724215 0.3802632
vt 0.3724215 0.3802632
vt 0.3724215 0.3802632
vt 0.3724215 0.3802632
vt 0.3763424 0.3802632
vt 0.3763424 0.3802632
vt 0.3724215 0.346936
vt 0.3724215 0.346936
vt 0.3724215 0.346936
vt 0.3724215 0.346936
vt 0.3724215 0.346936
vt 0.3724215 0.346936
vt 0.3724215 0.3802632
vt 0.3724215 0.3802632
vt 0.3724215 0.3802632
vt 0.3724215 0.3802632
vt 0.3724215 0.3802632
vt 0.3724215 0.3802632
vt 0.02542706 0.3273318
vt 0.1489336 0.4978884
vt 0.1489336 0.3273318
vt 0.02542706 0.4978884
vt 0.3724215 0.346936
vt 0.3763424 0.3802632
vt 0.3763424 0.346936
vt 0.3724215 0.3802632
vt 0.3724215 0.346936
vt 0.3763424 0.3802632
vt 0.3763424 0.346936
vt 0.3724215 0.3802632
vt 0.435155 0.3802632
vt 0.3724215 0.3488965
vt 0.3724215 0.3802632
vt 0.435155 0.3488965
vt 0.4978884 0.3802632
vt 0.4978884 0.3488965
vt 0.3763424 0.3802632
vt 0.3724215 0.346936
vt 0.3724215 0.3802632
vt 0.3763424 0.346936
vt 0.435155 0.3802632
vt 0.3724215 0.3488965
vt 0.3724215 0.3802632
vt 0.435155 0.3488965
vt 0.4978884 0.3802632
vt 0.4978884 0.3488965
vt 0.3763424 0.3802632
vt 0.3724215 0.346936
vt 0.3724215 0.3802632
vt 0.3763424 0.346936
vt 0.3763424 0.3802632
vt 0.3724215 0.346936
vt 0.3724215 0.3802632
vt 0.3763424 0.346936
vt 0.3724215 0.3802632
vt 0.3763424 0.3802632
vt 0.3763424 0.3802632
vt 0.3724215 0.3802632
vt 0.3763424 0.346936
vt 0.3724215 0.346936
vt 0.3724215 0.346936
vt 0.3763424 0.346936
vt 0.3724215 0.3802632
vt 0.3763424 0.3802632
vt 0.3763424 0.3802632
vt 0.3724215 0.3802632
vt 0.3763424 0.346936
vt 0.3724215 0.346936
vt 0.3724215 0.346936
vt 0.3763424 0.346936
vt 0.435155 0.3488965
vt 0.3724215 0.3488965
vt 0.3724215 0.3488965
vt 0.435155 0.3488965
vt 0.4978884 0.3488965
vt 0.4978884 0.3488965
vt 0.3724215 0.3802632
vt 0.435155 0.3802632
vt 0.435155 0.3802632
vt 0.3724215 0.3802632
vt 0.4978884 0.3802632
vt 0.4978884 0.3802632
vt 0.3763424 0.346936
vt 0.3724215 0.346936
vt 0.3724215 0.346936
vt 0.3763424 0.346936
vt 0.3724215 0.3802632
vt 0.3763424 0.3802632
vt 0.3763424 0.3802632
vt 0.3724215 0.3802632
vt 0.435155 0.3488965
vt 0.3724215 0.3488965
vt 0.3724215 0.3488965
vt 0.435155 0.3488965
vt 0.4978884 0.3488965
vt 0.4978884 0.3488965
vt 0.3724215 0.3802632
vt 0.435155 0.3802632
vt 0.435155 0.3802632
vt 0.3724215 0.3802632
vt 0.4978884 0.3802632
vt 0.4978884 0.3802632
vt 0.3763424 0.346936
vt 0.3724215 0.346936
vt 0.3724215 0.346936
vt 0.3763424 0.346936
vt 0.3724215 0.3802632
vt 0.3763424 0.3802632
vt 0.3763424 0.3802632
vt 0.3724215 0.3802632
vt 0.3763424 0.346936
vt 0.3724215 0.346936
vt 0.3724215 0.346936
vt 0.3763424 0.346936
vt 0.3724215 0.3802632
vt 0.3763424 0.3802632
vt 0.3763424 0.3802632
vt 0.3724215 0.3802632
vt 0.1489336 0.4822051
vt 0.05483337 0.3410548
vt 0.05483337 0.4822051
vt 0.1489336 0.3410548
vt 0.1489336 0.4822051
vt 0.05483337 0.3410548
vt 0.05483337 0.4822051
vt 0.1489336 0.3410548
vt 0.1489336 0.4822051
vt 0.05483337 0.3410548
vt 0.05483337 0.4822051
vt 0.1489336 0.3410548
vt 0.1489336 0.4822051
vt 0.05483337 0.3410548
vt 0.05483337 0.4822051
vt 0.1489336 0.3410548
vt 0.1489336 0.4822051
vt 0.05483337 0.3410548
vt 0.05483337 0.4822051
vt 0.1489336 0.3410548
vt 0.1489336 0.4822051
vt 0.05483337 0.3410548
vt 0.05483337 0.4822051
vt 0.1489336 0.3410548
vt 0.1489336 0.4822051
vt 0.05483337 0.3410548
vt 0.05483337 0.4822051
vt 0.1489336 0.3410548
vt 0.1489336 0.4822051
vt 0.05483337 0.3410548
vt 0.05483337 0.4822051
vt 0.1489336 0.3410548
vt 0.435155 0.3802632
vt 0.3724215 0.3488965
vt 0.3724215 0.3802632
vt 0.435155 0.3488965
vt 0.4978884 0.3802632
vt 0.4978884 0.3488965
vt 0.3763424 0.3802632
vt 0.3724215 0.346936
vt 0.3724215 0.3802632
vt 0.3763424 0.346936
vt 0.435155 0.3488965
vt 0.3724215 0.3488965
vt 0.3724215 0.3488965
vt 0.435155 0.3488965
vt 0.4978884 0.3488965
vt 0.4978884 0.3488965
vt 0.3724215 0.3802632
vt 0.435155 0.3802632
vt 0.435155 0.3802632
vt 0.3724215 0.3802632
vt 0.4978884 0.3802632
vt 0.4978884 0.3802632
vt 0.3763424 0.346936
vt 0.3724215 0.346936
vt 0.3724215 0.346936
vt 0.3763424 0.346936
vt 0.3724215 0.3802632
vt 0.3763424 0.3802632
vt 0.3763424 0.3802632
vt 0.3724215 0.3802632
vt 0.2430338 0.286163
vt 0.01758538 0.3253714
vt 0.01758538 0.286163
vt 0.2430338 0.3253714
vt 0.2430338 0.286163
vt 0.01758538 0.3253714
vt 0.01758538 0.286163
vt 0.01758538 0.3253714
vt 0.2430338 0.286163
vt 0.2430338 0.3253714
vt 0.2430338 0.286163
vt 0.01758538 0.3253714
vt 0.01758538 0.286163
vt 0.2430338 0.3253714
vt 0.2430338 0.286163
vt 0.01758538 0.3253714
vt 0.01758538 0.286163
vt 0.01758538 0.3253714
vt 0.2430338 0.286163
vt 0.2430338 0.3253714
vt 0.2195087 0.286163
vt -0.002018832 0.3253714
vt -0.002018832 0.286163
vt 0.2195087 0.3253714
vt 0.2469546 0.3253714
vt 0.0195458 0.286163
vt 0.0195458 0.3253714
vt 0.2469546 0.286163
vt 0.2195087 0.286163
vt -0.002018832 0.3253714
vt -0.002018832 0.286163
vt 0.2195087 0.3253714
vt 0.2469546 0.3253714
vt 0.0195458 0.286163
vt 0.0195458 0.3253714
vt 0.2469546 0.286163
vt 0.2195087 0.286163
vt -0.002018832 0.3253714
vt -0.002018832 0.286163
vt 0.2195087 0.3253714
vt 0.2469546 0.3253714
vt 0.0195458 0.286163
vt 0.0195458 0.3253714
vt 0.2469546 0.286163
vt 0.2195087 0.286163
vt -0.002018832 0.3253714
vt -0.002018832 0.286163
vt 0.2195087 0.3253714
vt 0.2469546 0.3253714
vt 0.0195458 0.286163
vt 0.0195458 0.3253714
vt 0.2469546 0.286163
vt 0.4684821 0.397907
vt 0.3763424 0.3822236
vt 0.3763424 0.397907
vt 0.4684821 0.3822236
vt 0.4684821 0.397907
vt 0.3763424 0.3822236
vt 0.3763424 0.397907
vt 0.4684821 0.3822236
vt 0.4684821 0.3822236
vt 0.3763424 0.397907
vt 0.3763424 0.3822236
vt 0.4684821 0.397907
vt 0.4253529 0.3861445
vt 0.4253529 0.3959466
vt 0.4253529 0.3959466
vt 0.4253529 0.3861445
vt 0.4684821 0.397907
vt 0.3763424 0.3822236
vt 0.3763424 0.397907
vt 0.4684821 0.3822236
vt 0.4684821 0.397907
vt 0.3763424 0.3822236
vt 0.3763424 0.397907
vt 0.4684821 0.3822236
vt 0.4253529 0.3861445
vt 0.4253529 0.3959466
vt 0.4253529 0.3959466
vt 0.4253529 0.3861445
vt 0.4253529 0.3861445
vt 0.4253529 0.3959466
vt 0.4253529 0.3959466
vt 0.4253529 0.3861445
vt 0.4782842 0.1058043
vt 0.4194716 0.1450127
vt 0.4782842 0.1450127
vt 0.4194716 0.1058043
vt 0.3645799 0.1450127
vt 0.3645799 0.1058043
vt 0.4684821 0.397907
vt 0.3763424 0.3822236
vt 0.3763424 0.397907
vt 0.4684821 0.3822236
vt 0.4253529 0.3861445
vt 0.4253529 0.3959466
vt 0.4253529 0.3959466
vt 0.4253529 0.3861445
vt 0.4684821 0.397907
vt 0.3763424 0.3822236
vt 0.3763424 0.397907
vt 0.4684821 0.3822236
vt 0.4253529 0.3861445
vt 0.4253529 0.3959466
vt 0.4253529 0.3959466
vt 0.4253529 0.3861445
vt 0.4684821 0.397907
vt 0.3763424 0.3822236
vt 0.3763424 0.397907
vt 0.4684821 0.3822236
vt 0.4253529 0.3861445
vt 0.4253529 0.3959466
vt 0.4253529 0.3959466
vt 0.4253529 0.3861445
vt 0.4684821 0.3822236
vt 0.3763424 0.397907
vt 0.3763424 0.3822236
vt 0.4684821 0.397907
vt 0.4684821 0.397907
vt 0.3763424 0.3822236
vt 0.3763424 0.397907
vt 0.4684821 0.3822236
vt 0.4684821 0.3822236
vt 0.3763424 0.397907
vt 0.3763424 0.3822236
vt 0.4684821 0.397907
vt 0.4684821 0.3822236
vt 0.3763424 0.397907
vt 0.3763424 0.3822236
vt 0.4684821 0.397907
vt 0.4684821 0.397907
vt 0.3763424 0.3822236
vt 0.3763424 0.397907
vt 0.4684821 0.3822236
vt 0.4253529 0.3861445
vt 0.4253529 0.3959466
vt 0.4253529 0.3959466
vt 0.4253529 0.3861445
vt 0.4684821 0.3822236
vt 0.3763424 0.397907
vt 0.3763424 0.3822236
vt 0.4684821 0.397907
vt 0.4684821 0.397907
vt 0.3763424 0.3822236
vt 0.3763424 0.397907
vt 0.4684821 0.3822236
vt 0.4253529 0.3861445
vt 0.4253529 0.3959466
vt 0.4253529 0.3959466
vt 0.4253529 0.3861445
vt 0.4684821 0.397907
vt 0.3763424 0.3822236
vt 0.3763424 0.397907
vt 0.4684821 0.3822236
vt -0.002018832 0.4194716
vt 0.2469546 0.4978884
vt -0.002018832 0.4978884
vt 0.2469546 0.4194716
vt -0.002018832 0.3292923
vt 0.2469546 0.4194716
vt -0.002018832 0.4194716
vt 0.2469546 0.3292923
vt -0.002018832 0.4194716
vt 0.2469546 0.4978884
vt -0.002018832 0.4978884
vt 0.2469546 0.4194716
vt -0.002018832 0.3292923
vt 0.2469546 0.4194716
vt -0.002018832 0.4194716
vt 0.2469546 0.3292923
vt 0.4253529 0.3861445
vt 0.4253529 0.3959466
vt 0.4253529 0.3959466
vt 0.4253529 0.3861445
vt 0.4253529 0.3861445
vt 0.4253529 0.3959466
vt 0.4253529 0.3959466
vt 0.4253529 0.3861445
vt 0.4253529 0.3861445
vt 0.4253529 0.3959466
vt 0.4253529 0.3959466
vt 0.4253529 0.3861445
vt 0.4253529 0.3861445
vt 0.4253529 0.3959466
vt 0.4253529 0.3959466
vt 0.4253529 0.3861445
vt 0.4253529 0.3861445
vt 0.4253529 0.3959466
vt 0.4253529 0.3959466
vt 0.4253529 0.3861445
vt 0.4253529 0.3861445
vt 0.4253529 0.3959466
vt 0.4253529 0.3959466
vt 0.4253529 0.3861445
vt 0.4253529 0.3861445
vt 0.4253529 0.3939862
vt 0.4253529 0.397907
vt 0.4253529 0.3822236
vt 0.4253529 0.3861445
vt 0.4253529 0.3959466
vt 0.4253529 0.3959466
vt 0.4253529 0.3861445
vt 0.4253529 0.3861445
vt 0.4253529 0.3959466
vt 0.4253529 0.3959466
vt 0.4253529 0.3861445
vt 0.4253529 0.3861445
vt 0.4253529 0.3959466
vt 0.4253529 0.3959466
vt 0.4253529 0.3861445
vt 0.4253529 0.3861445
vt 0.4253529 0.3959466
vt 0.4253529 0.3959466
vt 0.4253529 0.3861445
vt 0.4253529 0.3861445
vt 0.4253529 0.3959466
vt 0.4253529 0.3959466
vt 0.4253529 0.3861445
vt 0.4253529 0.3861445
vt 0.4253529 0.3959466
vt 0.4253529 0.3959466
vt 0.4253529 0.3861445
vt 0.4253529 0.3861445
vt 0.4253529 0.3959466
vt 0.4253529 0.397907
vt 0.4253529 0.3861445
vt 0.4253529 0.3861445
vt 0.4253529 0.3959466
vt 0.4253529 0.3959466
vt 0.4253529 0.3861445
vt 0.4253529 0.3861445
vt 0.4253529 0.3959466
vt 0.4253529 0.3959466
vt 0.4253529 0.3861445
vt 0.4253529 0.3861445
vt 0.4253529 0.3959466
vt 0.4253529 0.3959466
vt 0.4253529 0.3861445
vt 0.4253529 0.3861445
vt 0.4253529 0.3959466
vt 0.4253529 0.3959466
vt 0.4253529 0.3861445
vt 0.4253529 0.3861445
vt 0.4253529 0.3959466
vt 0.4253529 0.3959466
vt 0.4253529 0.3861445
vt 0.4253529 0.3861445
vt 0.4253529 0.3959466
vt 0.4253529 0.3959466
vt 0.4253529 0.3861445
vt 0.4743634 0.3881049
vt 0.397907 0.3959466
vt 0.3861445 0.3881049
vt 0.4782842 0.3959466
vt 0.4743634 0.3881049
vt 0.3900653 0.3959466
vt 0.3861445 0.3881049
vt 0.4743634 0.3959466
vt 0.4782842 0.3881049
vt 0.3939862 0.3959466
vt 0.3881049 0.3881049
vt 0.4743634 0.3959466
vt 0.4782842 0.3881049
vt 0.3939862 0.3959466
vt 0.3881049 0.3881049
vt 0.4782842 0.3959466
vt 0.3763424 0.3881049
vt 0.4684821 0.397907
vt 0.3763424 0.397907
vt 0.4684821 0.3881049
vt 0.3763424 0.3881049
vt 0.4684821 0.397907
vt 0.3763424 0.397907
vt 0.4684821 0.3881049
vt 0.3763424 0.3881049
vt 0.4684821 0.397907
vt 0.3763424 0.397907
vt 0.4684821 0.3881049
vt 0.3763424 0.3881049
vt 0.4684821 0.397907
vt 0.3763424 0.397907
vt 0.4684821 0.3881049
vt 0.2430338 0.286163
vt 0.01758538 0.3253714
vt 0.2430338 0.3253714
vt 0.01758538 0.286163
vt 0.2430338 0.286163
vt 0.01758538 0.3253714
vt 0.2430338 0.3253714
vt 0.01758538 0.286163
vt 0.2195087 0.286163
vt -0.002018832 0.3253714
vt 0.2195087 0.3253714
vt -0.002018832 0.286163
vt 0.2469546 0.3253714
vt 0.0195458 0.286163
vt 0.2469546 0.286163
vt 0.0195458 0.3253714
vt 0.2195087 0.286163
vt -0.002018832 0.3253714
vt 0.2195087 0.3253714
vt -0.002018832 0.286163
vt 0.2469546 0.3253714
vt 0.0195458 0.286163
vt 0.2469546 0.286163
vt 0.0195458 0.3253714
vt 0.4684821 0.397907
vt 0.3763424 0.3822236
vt 0.4684821 0.3822236
vt 0.3763424 0.397907
vt 0.4684821 0.3822236
vt 0.3763424 0.397907
vt 0.4684821 0.397907
vt 0.3763424 0.3822236
vt 0.4253529 0.3861445
vt 0.4253529 0.3959466
vt 0.4253529 0.3861445
vt 0.4253529 0.3959466
vt 0.4684821 0.397907
vt 0.3763424 0.3822236
vt 0.4684821 0.3822236
vt 0.3763424 0.397907
vt 0.4684821 0.397907
vt 0.3763424 0.3822236
vt 0.4684821 0.3822236
vt 0.3763424 0.397907
vt 0.4253529 0.3861445
vt 0.4253529 0.3959466
vt 0.4253529 0.3861445
vt 0.4253529 0.3959466
vt 0.4684821 0.397907
vt 0.3763424 0.3822236
vt 0.4684821 0.3822236
vt 0.3763424 0.397907
vt 0.4253529 0.3861445
vt 0.4253529 0.3959466
vt 0.4253529 0.3861445
vt 0.4253529 0.3959466
vt 0.4684821 0.397907
vt 0.3763424 0.3822236
vt 0.4684821 0.3822236
vt 0.3763424 0.397907
vt 0.4253529 0.3861445
vt 0.4253529 0.3959466
vt 0.4253529 0.3861445
vt 0.4253529 0.3959466
vt 0.4684821 0.397907
vt 0.3763424 0.3822236
vt 0.4684821 0.3822236
vt 0.3763424 0.397907
vt 0.4253529 0.3861445
vt 0.4253529 0.3959466
vt 0.4253529 0.3861445
vt 0.4253529 0.3959466
vt 0.4684821 0.3822236
vt 0.3763424 0.397907
vt 0.4684821 0.397907
vt 0.3763424 0.3822236
vt 0.2469546 0.3292923
vt -0.002018832 0.4194716
vt 0.2469546 0.4194716
vt -0.002018832 0.3292923
vt 0.2469546 0.3292923
vt -0.002018832 0.4194716
vt 0.2469546 0.4194716
vt -0.002018832 0.3292923
vt 0.4253529 0.3861445
vt 0.4253529 0.3959466
vt 0.4253529 0.3861445
vt 0.4253529 0.3959466
vt 0.4253529 0.3861445
vt 0.4253529 0.3959466
vt 0.4253529 0.3861445
vt 0.4253529 0.3959466
vt 0.4253529 0.3861445
vt 0.4253529 0.3959466
vt 0.4253529 0.3861445
vt 0.4253529 0.3959466
vt 0.4253529 0.3861445
vt 0.4253529 0.3959466
vt 0.4253529 0.3861445
vt 0.4253529 0.3959466
vt 0.4253529 0.3861445
vt 0.4253529 0.3959466
vt 0.4253529 0.3861445
vt 0.4253529 0.3959466
vt 0.4253529 0.3861445
vt 0.4253529 0.3959466
vt 0.4253529 0.3861445
vt 0.4253529 0.3959466
vt 0.4253529 0.3861445
vt 0.4253529 0.3959466
vt 0.4253529 0.3861445
vt 0.4253529 0.3959466
vt 0.4253529 0.3861445
vt 0.4253529 0.3959466
vt 0.4253529 0.3861445
vt 0.4253529 0.3959466
vt 0.4253529 0.3861445
vt 0.4253529 0.3959466
vt 0.4253529 0.3861445
vt 0.4253529 0.3959466
vt 0.4253529 0.3861445
vt 0.4253529 0.3959466
vt 0.4743634 0.3881049
vt 0.3900653 0.3959466
vt 0.4743634 0.3959466
vt 0.3861445 0.3881049
vt 0.4743634 0.3881049
vt 0.3900653 0.3959466
vt 0.4743634 0.3959466
vt 0.3822236 0.3881049
vt 0.4684821 0.3881049
vt 0.3763424 0.397907
vt 0.4684821 0.397907
vt 0.3763424 0.3881049
vt 0.4684821 0.3881049
vt 0.3763424 0.397907
vt 0.4684821 0.397907
vt 0.3763424 0.3881049
vt 0.2430338 0.286163
vt 0.01758538 0.3253714
vt 0.2430338 0.3253714
vt 0.01758538 0.286163
vt 0.2430338 0.286163
vt 0.01758538 0.3253714
vt 0.2430338 0.3253714
vt 0.01758538 0.286163
vt 0.2195087 0.286163
vt -0.002018832 0.3253714
vt 0.2195087 0.3253714
vt -0.002018832 0.286163
vt 0.2469546 0.3253714
vt 0.0195458 0.286163
vt 0.2469546 0.286163
vt 0.0195458 0.286163
vt 0.2469546 0.3253714
vt 0.0195458 0.3253714
vt 0.2195087 0.286163
vt -0.002018832 0.3253714
vt 0.2195087 0.3253714
vt -0.002018832 0.286163
vt 0.2469546 0.3253714
vt 0.0195458 0.286163
vt 0.2469546 0.286163
vt 0.0195458 0.3253714
vt 0.4684821 0.397907
vt 0.3763424 0.3822236
vt 0.4684821 0.3822236
vt 0.3763424 0.397907
vt 0.4253529 0.3861445
vt 0.4253529 0.3939862
vt 0.4253529 0.3822236
vt 0.4253529 0.3959466
vt 0.4782842 0.1058043
vt 0.4194716 0.1450127
vt 0.4194716 0.1058043
vt 0.4782842 0.1450127
vt 0.3645799 0.1450127
vt 0.3645799 0.1058043
vt 0.4684821 0.397907
vt 0.3763424 0.3822236
vt 0.4684821 0.3822236
vt 0.3763424 0.397907
vt 0.4684821 0.3822236
vt 0.3763424 0.397907
vt 0.4684821 0.397907
vt 0.3763424 0.3822236
vt 0.4684821 0.3822236
vt 0.3763424 0.397907
vt 0.4684821 0.397907
vt 0.3763424 0.3822236
vt 0.4684821 0.397907
vt 0.3763424 0.3822236
vt 0.4684821 0.3822236
vt 0.3763424 0.397907
vt 0.4253529 0.3861445
vt 0.4253529 0.3959466
vt 0.4253529 0.3861445
vt 0.4253529 0.3959466
vt 0.4684821 0.3822236
vt 0.3763424 0.397907
vt 0.4684821 0.397907
vt 0.3763424 0.3822236
vt 0.4684821 0.397907
vt 0.3763424 0.3822236
vt 0.4684821 0.3822236
vt 0.3763424 0.397907
vt 0.4253529 0.3861445
vt 0.4253529 0.3959466
vt 0.4253529 0.3861445
vt 0.4253529 0.3959466
vt 0.4253529 0.3861445
vt 0.4253529 0.3959466
vt 0.4684821 0.397907
vt 0.3763424 0.3822236
vt 0.4684821 0.3822236
vt 0.3763424 0.397907
vt 0.2469546 0.4194716
vt -0.002018832 0.4978884
vt 0.2469546 0.4978884
vt -0.002018832 0.4194716
vt 0.2469546 0.4194716
vt -0.002018832 0.4978884
vt 0.2469546 0.4978884
vt -0.002018832 0.4194716
vt 0.4253529 0.3861445
vt 0.4253529 0.3959466
vt 0.4253529 0.3861445
vt 0.4253529 0.3959466
vt 0.4253529 0.3861445
vt 0.4253529 0.3959466
vt 0.4253529 0.3861445
vt 0.4253529 0.3959466
vt 0.4253529 0.3861445
vt 0.4253529 0.3959466
vt 0.4253529 0.3861445
vt 0.4253529 0.3959466
vt 0.4253529 0.3861445
vt 0.4253529 0.3959466
vt 0.4253529 0.3861445
vt 0.4253529 0.3959466
vt 0.4253529 0.3861445
vt 0.4253529 0.3939862
vt 0.4253529 0.3861445
vt 0.4253529 0.3959466
vt 0.4253529 0.3861445
vt 0.4253529 0.3959466
vt 0.4253529 0.3861445
vt 0.4253529 0.3959466
vt 0.4253529 0.3861445
vt 0.4253529 0.3959466
vt 0.4253529 0.3861445
vt 0.4253529 0.3959466
vt 0.4253529 0.3861445
vt 0.4253529 0.3959466
vt 0.4253529 0.3861445
vt 0.4253529 0.3959466
vt 0.4253529 0.3861445
vt 0.4253529 0.3959466
vt 0.4253529 0.3861445
vt 0.4253529 0.3959466
vt 0.4253529 0.3861445
vt 0.4253529 0.3959466
vt 0.4253529 0.3861445
vt 0.4253529 0.3959466
vt 0.4253529 0.3861445
vt 0.4253529 0.3959466
vt 0.4253529 0.3861445
vt 0.4253529 0.3959466
vt 0.4743634 0.3881049
vt 0.3939862 0.3959466
vt 0.4743634 0.3959466
vt 0.3861445 0.3881049
vt 0.4743634 0.3881049
vt 0.397907 0.3959466
vt 0.4782842 0.3959466
vt 0.3822236 0.3881049
vt 0.4684821 0.3881049
vt 0.3763424 0.397907
vt 0.4684821 0.397907
vt 0.3763424 0.3881049
vt 0.4684821 0.3881049
vt 0.3763424 0.397907
vt 0.4684821 0.397907
vt 0.3763424 0.3881049
vt 0.3763424 0.3822236
vt 0.4292737 0.397907
vt 0.4292737 0.3822236
vt 0.3763424 0.397907
vt 0.3763424 0.3822236
vt 0.4292737 0.397907
vt 0.4292737 0.3822236
vt 0.3763424 0.397907
vt 0.3763424 0.3822236
vt 0.4292737 0.397907
vt 0.4292737 0.3822236
vt 0.3763424 0.397907
vt 0.3763424 0.3822236
vt 0.4292737 0.397907
vt 0.4292737 0.3822236
vt 0.3763424 0.397907
vt 0.3763424 0.3822236
vt 0.4292737 0.397907
vt 0.3763424 0.397907
vt 0.4292737 0.3822236
vt 0.3763424 0.3822236
vt 0.4292737 0.397907
vt 0.3763424 0.397907
vt 0.4292737 0.3822236
vt 0.3763424 0.3822236
vt 0.4292737 0.397907
vt 0.3763424 0.397907
vt 0.4292737 0.3822236
vt 0.3763424 0.3822236
vt 0.4292737 0.397907
vt 0.3763424 0.397907
vt 0.4292737 0.3822236
vt 0.3763424 0.3822236
vt 0.4292737 0.397907
vt 0.4292737 0.3822236
vt 0.3763424 0.397907
vt 0.3763424 0.3822236
vt 0.4292737 0.397907
vt 0.4292737 0.3822236
vt 0.3763424 0.397907
vt 0.3763424 0.3822236
vt 0.4292737 0.397907
vt 0.4292737 0.3822236
vt 0.3763424 0.397907
vt 0.3763424 0.3822236
vt 0.4292737 0.397907
vt 0.4292737 0.3822236
vt 0.3763424 0.397907
vt 0.3763424 0.3822236
vt 0.4292737 0.397907
vt 0.3763424 0.397907
vt 0.4292737 0.3822236
vt 0.3763424 0.3822236
vt 0.4292737 0.397907
vt 0.3763424 0.397907
vt 0.4292737 0.3822236
vt 0.3763424 0.3822236
vt 0.4292737 0.397907
vt 0.3763424 0.397907
vt 0.4292737 0.3822236
vt 0.3763424 0.3822236
vt 0.4292737 0.397907
vt 0.3763424 0.397907
vt 0.4292737 0.3822236
vt 0.3763424 0.3822236
vt 0.4292737 0.397907
vt 0.4292737 0.3822236
vt 0.3763424 0.397907
vt 0.3763424 0.3822236
vt 0.4292737 0.397907
vt 0.4292737 0.3822236
vt 0.3763424 0.397907
vt 0.3763424 0.3822236
vt 0.4292737 0.397907
vt 0.4292737 0.3822236
vt 0.3763424 0.397907
vt 0.3763424 0.3822236
vt 0.4292737 0.397907
vt 0.4292737 0.3822236
vt 0.3763424 0.397907
vt 0.3763424 0.3822236
vt 0.4292737 0.397907
vt 0.3763424 0.397907
vt 0.4292737 0.3822236
vt 0.3763424 0.3822236
vt 0.4292737 0.397907
vt 0.3763424 0.397907
vt 0.4292737 0.3822236
vt 0.3763424 0.3822236
vt 0.4292737 0.397907
vt 0.3763424 0.397907
vt 0.4292737 0.3822236
vt 0.3763424 0.3822236
vt 0.4292737 0.397907
vt 0.3763424 0.397907
vt 0.4292737 0.3822236
vt 0.3763424 0.3822236
vt 0.4292737 0.397907
vt 0.4292737 0.3822236
vt 0.3763424 0.397907
vt 0.3763424 0.3822236
vt 0.4292737 0.397907
vt 0.4292737 0.3822236
vt 0.3763424 0.397907
vt 0.3763424 0.3822236
vt 0.4292737 0.397907
vt 0.4292737 0.3822236
vt 0.3763424 0.397907
vt 0.3763424 0.3822236
vt 0.4292737 0.397907
vt 0.4292737 0.3822236
vt 0.3763424 0.397907
vt 0.3763424 0.3822236
vt 0.4292737 0.397907
vt 0.3763424 0.397907
vt 0.4292737 0.3822236
vt 0.3763424 0.3822236
vt 0.4292737 0.397907
vt 0.3763424 0.397907
vt 0.4292737 0.3822236
vt 0.3763424 0.3822236
vt 0.4292737 0.397907
vt 0.3763424 0.397907
vt 0.4292737 0.3822236
vt 0.3763424 0.3822236
vt 0.4292737 0.397907
vt 0.3763424 0.397907
vt 0.4292737 0.3822236
vn -0.7141957 -0.04761302 0.6983248
vn -0.4920015 -0.04761302 0.8692914
vn -0.4920015 -0.04761302 0.8692914
vn -0.7141957 -0.04761302 0.6983248
vn -0.4920015 -0.04761302 0.8692914
vn -0.01587105 -0.04761302 0.9987398
vn -0.01587105 -0.04761302 0.9987398
vn -0.4920015 -0.04761302 0.8692914
vn -0.01587105 -0.04761302 0.9987398
vn 0.5237435 -0.04761302 0.8505444
vn 0.5237435 -0.04761302 0.8505444
vn -0.01587105 -0.04761302 0.9987398
vn 0.5237435 -0.04761302 0.8505444
vn 0.7459377 -0.04761302 0.6643116
vn 0.7459377 -0.04761302 0.6643116
vn 0.5237435 -0.04761302 0.8505444
vn 0.9988682 -0.04756513 0
vn 0.2698073 -0.04761302 0.9617364
vn 0.2698073 -0.04761302 0.9617364
vn 0.7459377 -0.04761302 0.6643116
vn 0.2698073 -0.04761302 0.9617364
vn 0.2698073 -0.04761302 0.9617364
vn 0.3015493 -0.04761302 0.952261
vn 0.3015493 -0.04761302 0.952261
vn 0.3015493 -0.04761302 0.952261
vn 0.3015493 -0.04761302 0.952261
vn 0.999874 -0.01587099 -0.000346655
vn 0.999874 -0.01587099 -0.000346655
vn 0.999874 -0.01587099 -0.000346655
vn 0.999874 -0.01587099 -0.000346655
vn 0.8411638 -0.04761302 0.5386803
vn 0.6824536 0.5872276 0.435225
vn 0.999874 -0.01587099 -0.000346655
vn 0.999874 -0.01587099 -0.000346655
vn 0.999874 -0.01587099 -0.000346655
vn 0.999874 -0.01587099 -0.000346655
vn 0.999874 -0.01587099 -0.000346655
vn 0.8411638 -0.04761302 0.5386803
vn 0.8411638 -0.04761302 0.5386803
vn 0.999874 -0.01587099 -0.000346655
vn -0.3332913 -0.5872276 -0.7376183
vn -0.5237435 -0.5872276 0.6171358
vn 0.8344646 -0.5510616 0
vn 0.8344646 -0.5510616 0
vn -0.01587105 0.968132 0.249937
vn -0.3332913 -0.5872276 -0.7376183
vn -0.5237435 -0.5872276 0.6171358
vn -0.01587105 0.968132 0.249937
vn 0.8344646 -0.5510616 0
vn -0.3332913 -0.5872276 -0.7376183
vn -0.01587105 0.968132 0.249937
vn -0.5237435 -0.5872276 0.6171358
vn -0.6824538 -0.5237435 0.5098525
vn 0.01587099 0.999874 -0.000345267
vn 0.5872276 -0.5237435 0.6171358
vn 0.01587099 0.999874 -0.000345267
vn -0.5237435 -0.5237435 -0.6718523
vn 0.7459377 -0.5237435 -0.411424
vn -0.5237435 -0.5237435 -0.6718523
vn -0.6824538 -0.5237435 0.5098525
vn 0.5872276 -0.5237435 0.6171358
vn -0.5237435 -0.5237435 -0.6718523
vn -0.6824538 -0.5237435 0.5098525
vn 0.7459377 -0.5237435 -0.411424
vn 0.5872276 -0.5237435 0.6171358
vn 0.01587099 0.999874 -0.000345267
vn 0.7459377 -0.5237435 -0.411424
vn -0.3332913 -0.5872276 -0.7376183
vn -0.5237435 -0.5872276 0.6171358
vn 0.8344646 -0.5510616 0
vn 0.8344646 -0.5510616 0
vn 0.04761302 0.968132 -0.2458728
vn -0.3332913 -0.5872276 -0.7376183
vn -0.5237435 -0.5872276 0.6171358
vn 0.04761302 0.968132 -0.2458728
vn 0.8344646 -0.5510616 0
vn -0.3332913 -0.5872276 -0.7376183
vn 0.04761302 0.968132 -0.2458728
vn -0.5237435 -0.5872276 0.6171358
vn -0.6824538 -0.5237435 0.5098525
vn 0.01587099 0.999874 -0.000345267
vn 0.5872276 -0.5237435 0.6171358
vn 0.01587099 0.999874 -0.000345267
vn -0.5237435 -0.5237435 -0.6718523
vn 0.7459377 -0.5237435 -0.411424
vn 0.5872276 -0.5237435 0.6171358
vn 0.7459377 -0.5237435 -0.411424
vn 0.5872276 -0.5237435 0.6171358
vn -0.5237435 -0.5237435 -0.6718523
vn -0.6824538 -0.5237435 0.5098525
vn 0.7459377 -0.5237435 -0.411424
vn -0.5237435 -0.5237435 -0.6718523
vn 0.01587099 0.999874 -0.000345267
vn -0.6824538 -0.5237435 0.5098525
vn -0.3332913 -0.5872276 -0.7376183
vn -0.5237435 -0.5872276 0.6171358
vn 0.8344646 -0.5510616 0
vn 0.8344646 -0.5510616 0
vn 0.04761302 0.968132 -0.2458728
vn -0.3332913 -0.5872276 -0.7376183
vn -0.5237435 -0.5872276 0.6171358
vn 0.04761302 0.968132 -0.2458728
vn 0.8344646 -0.5510616 0
vn -0.3332913 -0.5872276 -0.7376183
vn 0.04761302 0.968132 -0.2458728
vn -0.5237435 -0.5872276 0.6171358
vn -0.6824538 -0.5237435 0.5098525
vn 0.01587099 0.999874 -0.000345267
vn 0.5872276 -0.5237435 0.6171358
vn 0.01587099 0.999874 -0.000345267
vn -0.5237435 -0.5237435 -0.6718523
vn 0.7459377 -0.5237435 -0.411424
vn 0.5872276 -0.5237435 0.6171358
vn 0.7459377 -0.5237435 -0.411424
vn 0.5872276 -0.5237435 0.6171358
vn -0.5237435 -0.5237435 -0.6718523
vn -0.6824538 -0.5237435 0.5098525
vn 0.7459377 -0.5237435 -0.411424
vn -0.5237435 -0.5237435 -0.6718523
vn 0.01587099 0.999874 -0.000345267
vn -0.6824538 -0.5237435 0.5098525
vn 0.6824536 0.6824538 0.2617517
vn 0.3967754 0.01587105 0.9177785
vn 0.3332914 0.5554856 0.7618088
vn 0.968132 -0.04761302 0.245873
vn -0.9046479 0.01587105 0.425864
vn 0.3332914 0.5554856 0.7618088
vn -0.7459378 0.5554856 0.3674405
vn -0.6189697 0.6824538 -0.3887588
vn 0.3332914 0.5554856 0.7618088
vn -0.7459378 0.5554856 0.3674405
vn 0.6824536 0.6824538 0.2617517
vn -0.9046479 -0.04761302 -0.4234915
vn -0.7459378 0.5554856 0.3674405
vn -0.9046479 0.01587105 0.425864
vn -0.6189697 0.6824538 -0.3887588
vn -0.3967754 -0.04761302 0.91668
vn -0.9363899 -0.04761302 0.3477167
vn -0.9363899 -0.04761302 0.3477167
vn -0.3967754 -0.04761302 0.91668
vn 0.01587099 0.999874 -0.000345267
vn -0.7459378 0.5554856 0.3674405
vn -0.6189697 0.6824538 -0.3887588
vn -0.2698073 0.6824538 0.6793091
vn -0.9363899 -0.04761302 0.3477167
vn -0.9046479 -0.04761302 -0.4234915
vn -0.9046479 -0.04761302 -0.4234915
vn -0.9363899 -0.04761302 0.3477167
vn -0.3967754 -0.04761302 0.91668
vn -0.3967754 -0.04761302 0.91668
vn -0.3967754 -0.04761302 0.91668
vn -0.3967754 -0.04761302 0.91668
vn -0.2698073 0.6824538 0.6793091
vn 0.01587099 0.999874 -0.000345267
vn 0.01587099 0.999874 -0.000345267
vn -0.2698073 0.6824538 0.6793091
vn -0.2698073 0.6824538 0.6793091
vn -0.3967754 -0.04761302 0.91668
vn -0.3967754 -0.04761302 0.91668
vn -0.2698073 0.6824538 0.6793091
vn -0.9363899 -0.04761302 0.3477167
vn -0.7459378 0.5554856 0.3674405
vn -0.3967754 -0.04761302 0.91668
vn -0.7459378 0.5554856 0.3674405
vn -0.9046479 -0.04761302 -0.4234915
vn -0.6189697 0.6824538 -0.3887588
vn -0.9363899 -0.04761302 0.3477167
vn -0.4285175 -0.04761302 0.9022781
vn -0.3967754 -0.04761302 0.91668
vn -0.3967754 -0.04761302 0.91668
vn -0.4285175 -0.04761302 0.9022781
vn -0.3967754 -0.04761302 0.91668
vn -0.3967754 -0.04761302 0.91668
vn -0.3967754 -0.04761302 0.91668
vn -0.3967754 -0.04761302 0.91668
vn -0.3967754 -0.04761302 0.91668
vn -0.3967754 -0.04761302 0.91668
vn -0.3967754 -0.04761302 0.91668
vn -0.3967754 -0.04761302 0.91668
vn -0.3967754 -0.04761302 0.91668
vn -0.3967754 -0.04761302 0.91668
vn -0.3967754 -0.04761302 0.91668
vn -0.3967754 -0.04761302 0.91668
vn -0.3967754 -0.04761302 0.91668
vn -0.3967754 -0.04761302 0.91668
vn -0.3967754 -0.04761302 0.91668
vn -0.3967754 -0.04761302 0.91668
vn -0.3967754 -0.04761302 0.91668
vn -0.3967754 -0.04761302 0.91668
vn -0.3967754 -0.04761302 0.91668
vn -0.4285175 -0.04761302 0.9022781
vn -0.4285175 -0.04761302 0.9022781
vn -0.3967754 -0.04761302 0.91668
vn -0.3967754 -0.04761302 0.91668
vn -0.3967754 -0.04761302 0.91668
vn -0.3967754 -0.04761302 0.91668
vn -0.3967754 -0.04761302 0.91668
vn -0.4285175 -0.04761302 0.9022781
vn -0.4285175 -0.04761302 0.9022781
vn -0.4285175 -0.04761302 0.9022781
vn -0.4285175 -0.04761302 0.9022781
vn -0.4285175 0.7459378 -0.5098524
vn 0.5237435 0.6824538 0.5098525
vn -0.4602594 0.6824538 -0.5678188
vn 0.5872276 0.6189697 0.5215749
vn 0.7459377 -0.04761302 0.6643116
vn 0.5872276 0.6189697 0.5215749
vn 0.7459377 -0.04761302 0.6643116
vn 0.5237435 0.6824538 0.5098525
vn -0.968132 -0.04761302 -0.2458728
vn -0.1428392 0.5554856 0.8191659
vn -0.1745812 -0.04761302 0.9834909
vn -0.7776798 0.5872276 -0.2244502
vn -0.4602594 0.6824538 -0.5678188
vn -0.1428392 0.5554856 0.8191659
vn -0.7776798 0.5872276 -0.2244502
vn 0.5237435 0.6824538 0.5098525
vn -0.1428392 0.5554856 0.8191659
vn 0.7459377 -0.04761302 0.6643116
vn -0.1745812 -0.04761302 0.9834909
vn 0.5237435 0.6824538 0.5098525
vn -0.4602594 0.6824538 -0.5678188
vn 0.5237435 0.6824538 0.5098525
vn -0.4602594 0.6824538 -0.5678188
vn 0.5237435 0.6824538 0.5098525
vn 0.5237435 0.6824538 0.5098525
vn 0.7459377 -0.04761302 0.6643116
vn 0.7459377 -0.04761302 0.6643116
vn 0.5237435 0.6824538 0.5098525
vn -0.968132 -0.04761302 -0.2458728
vn -0.1745812 -0.04761302 0.9834909
vn -0.1745812 -0.04761302 0.9834909
vn -0.968132 -0.04761302 -0.2458728
vn -0.1745812 -0.04761302 0.9834909
vn 0.7459377 -0.04761302 0.6643116
vn -0.1745812 -0.04761302 0.9834909
vn 0.7459377 -0.04761302 0.6643116
vn 0.7459377 -0.04761302 0.6643116
vn 0.7459377 -0.04761302 0.6643116
vn 0.7459377 -0.04761302 0.6643116
vn 0.7459377 -0.04761302 0.6643116
vn -0.6507117 -0.04761302 -0.7578307
vn -0.4602594 0.6824538 -0.5678188
vn -0.6507117 -0.04761302 -0.7578307
vn -0.4285175 0.7459378 -0.5098524
vn -0.6507117 -0.04761302 -0.7578307
vn -0.7776798 0.5872276 -0.2244502
vn -0.968132 -0.04761302 -0.2458728
vn -0.4602594 0.6824538 -0.5678188
vn -0.6507117 -0.04761302 -0.7578307
vn -0.4602594 0.6824538 -0.5678188
vn -0.6507117 -0.04761302 -0.7578307
vn -0.4602594 0.6824538 -0.5678188
vn -0.6507117 -0.04761302 -0.7578307
vn -0.6507117 -0.04761302 -0.7578307
vn -0.6507117 -0.04761302 -0.7578307
vn -0.6507117 -0.04761302 -0.7578307
vn -0.6507117 -0.04761302 -0.7578307
vn -0.6507117 -0.04761302 -0.7578307
vn -0.6507117 -0.04761302 -0.7578307
vn -0.6507117 -0.04761302 -0.7578307
vn -0.6507117 -0.04761302 -0.7578307
vn -0.968132 -0.04761302 -0.2458728
vn -0.968132 -0.04761302 -0.2458728
vn -0.6507117 -0.04761302 -0.7578307
vn 0.4285174 -0.04761302 0.9022781
vn 0.2698073 -0.8729059 0.4064965
vn 0.4602594 -0.04761302 0.8865068
vn 0.3332914 -0.7459377 0.5766227
vn 0.8411638 -0.04761302 0.5386803
vn 0.3332914 -0.7459377 0.5766227
vn 0.4285174 -0.04761302 0.9022781
vn 0.8411638 -0.04761302 0.5386803
vn 0.6824536 0.5872276 0.435225
vn 0.4285174 -0.04761302 0.9022781
vn 0.3332914 0.6824538 0.6505181
vn 0.8411638 -0.04761302 0.5386803
vn 0.4602594 -0.04761302 0.8865068
vn 0.2698073 0.8094218 0.521575
vn 0.8411638 0.5237435 -0.1346707
vn -0.04761302 -0.04761302 0.9977304
vn -0.04761302 0.5554856 0.8301619
vn 0.999874 -0.01587099 -0.000346655
vn 0.3332914 0.7141957 -0.6155009
vn -0.04761302 0.5554856 0.8301619
vn -0.6507117 0.7141957 0.2578737
vn 0.8411638 0.5237435 -0.1346707
vn 0.04761302 0.3015493 -0.952261
vn -0.6507117 0.7141957 0.2578737
vn -0.9363899 0.3015493 -0.1795603
vn 0.3332914 0.7141957 -0.6155009
vn 0.3332914 0.7141957 -0.6155009
vn 0.999874 -0.01587099 -0.000346655
vn 0.8411638 0.5237435 -0.1346707
vn 0.04761302 0.3015493 -0.952261
vn -0.04761302 0.5554856 0.8301619
vn -0.9363899 0.3015493 -0.1795603
vn -0.6507117 0.7141957 0.2578737
vn -0.04761302 -0.04761302 0.9977304
vn -0.04761302 -0.04761302 0.9977304
vn -0.968132 -0.04761302 -0.2458728
vn -0.9363899 0.3015493 -0.1795603
vn -0.04761302 -0.04761302 0.9977304
vn 0.999874 -0.01587099 -0.000346655
vn -0.04761302 -0.04761302 0.9977304
vn -0.04761302 -0.04761302 0.9977304
vn 0.999874 -0.01587099 -0.000346655
vn 0.04761302 0.3015493 -0.952261
vn 0.999874 -0.01587099 -0.000346655
vn 0.999874 -0.01587099 -0.000346655
vn 0.1110971 -0.04761302 -0.9926683
vn 0.1110971 -0.04761302 -0.9926683
vn -0.9363899 0.3015493 -0.1795603
vn -0.968132 -0.04761302 -0.2458728
vn 0.04761302 0.3015493 -0.952261
vn 0.8411638 0.5237435 -0.1346707
vn -0.04761302 -0.07935506 0.9957087
vn -0.01587105 0.5554856 0.8313747
vn 0.9988682 -0.04756513 0
vn 0.2380652 0.6824538 -0.6910729
vn -0.01587105 0.5554856 0.8313747
vn -0.7141957 0.6824538 0.1555036
vn 0.8411638 0.5237435 -0.1346707
vn -0.01587105 0.3332913 -0.9426903
vn -0.7141957 0.6824538 0.1555036
vn -0.9046479 0.3332913 -0.2655729
vn 0.2380652 0.6824538 -0.6910729
vn 0.2380652 0.6824538 -0.6910729
vn 0.9988682 -0.04756513 0
vn 0.8411638 0.5237435 -0.1346707
vn -0.01587105 0.3332913 -0.9426903
vn -0.01587105 0.5554856 0.8313747
vn -0.9046479 0.3332913 -0.2655729
vn -0.7141957 0.6824538 0.1555036
vn -0.04761302 -0.07935506 0.9957087
vn 0.968132 0.2380652 -0.07775266
vn -0.1110971 -0.3650333 0.924342
vn 0.1110971 0.2698073 0.9564839
vn 0.9455375 -0.3255129 0
vn 0.3015493 0.7459378 -0.593839
vn 0.1110971 0.2698073 0.9564839
vn -0.5872276 0.7459378 0.3142301
vn 0.968132 0.2380652 -0.07775266
vn 0.1745812 0.3015493 -0.937331
vn -0.5872276 0.7459378 0.3142301
vn -0.9363899 0.3015493 -0.1795603
vn 0.3015493 0.7459378 -0.593839
vn 0.3015493 0.7459378 -0.593839
vn 0.9455375 -0.3255129 0
vn 0.968132 0.2380652 -0.07775266
vn 0.1745812 0.3015493 -0.937331
vn 0.1110971 0.2698073 0.9564839
vn -0.9363899 0.3015493 -0.1795603
vn -0.5872276 0.7459378 0.3142301
vn -0.1110971 -0.3650333 0.924342
vn 0.9793667 0.2020916 0
vn -0.2698073 -0.8411638 0.4686656
vn 0.1428391 0.2063233 0.9680019
vn 0.5926806 -0.8054376 0
vn 0.3332914 0.7776798 -0.5330394
vn 0.1428391 0.2063233 0.9680019
vn -0.5554856 0.7776798 0.2943635
vn 0.9793667 0.2020916 0
vn -0.07935512 -0.2698073 -0.9596389
vn -0.5554856 0.7776798 0.2943635
vn -0.9363899 -0.2698073 -0.2244503
vn 0.3332914 0.7776798 -0.5330394
vn 0.3332914 0.7776798 -0.5330394
vn 0.5926806 -0.8054376 0
vn 0.9793667 0.2020916 0
vn -0.07935512 -0.2698073 -0.9596389
vn 0.1428391 0.2063233 0.9680019
vn -0.9363899 -0.2698073 -0.2244503
vn -0.5554856 0.7776798 0.2943635
vn -0.2698073 -0.8411638 0.4686656
vn -0.9363899 -0.2698073 -0.2244503
vn 0.5926806 -0.8054376 0
vn -0.07935512 -0.2698073 -0.9596389
vn -0.2698073 -0.8411638 0.4686656
vn 0.9988682 -0.04756513 0
vn -0.04761302 -0.07935506 0.9957087
vn -0.04761302 -0.07935506 0.9957087
vn 0.9988682 -0.04756513 0
vn 0.1110971 0.01587105 -0.9936828
vn -0.968132 0.01587105 -0.249937
vn -0.968132 0.01587105 -0.249937
vn 0.1110971 0.01587105 -0.9936828
vn 0.1110971 0.01587105 -0.9936828
vn 0.9988682 -0.04756513 0
vn 0.9988682 -0.04756513 0
vn 0.1110971 0.01587105 -0.9936828
vn -0.04761302 -0.07935506 0.9957087
vn -0.968132 0.01587105 -0.249937
vn -0.968132 0.01587105 -0.249937
vn -0.04761302 -0.07935506 0.9957087
vn 0.8411638 0.5237435 -0.1346707
vn -0.04761302 -0.6507117 0.7578307
vn -0.04761302 0.5554856 0.8301619
vn 0.7943578 -0.6074501 0
vn 0.1110971 0.5872276 -0.8017613
vn -0.04761302 0.5554856 0.8301619
vn -0.7776798 0.5872276 -0.2244502
vn 0.8411638 0.5237435 -0.1346707
vn 0.1110971 -0.6189696 -0.7775179
vn -0.7776798 0.5872276 -0.2244502
vn -0.7943578 -0.6074501 0
vn 0.1110971 0.5872276 -0.8017613
vn 0.1110971 0.5872276 -0.8017613
vn 0.7943578 -0.6074501 0
vn 0.8411638 0.5237435 -0.1346707
vn 0.1110971 -0.6189696 -0.7775179
vn -0.04761302 0.5554856 0.8301619
vn -0.7943578 -0.6074501 0
vn -0.7776798 0.5872276 -0.2244502
vn -0.04761302 -0.6507117 0.7578307
vn -0.7943578 -0.6074501 0
vn 0.7943578 -0.6074501 0
vn 0.1110971 -0.6189696 -0.7775179
vn -0.04761302 -0.6507117 0.7578307
vn 0.999874 -0.01587099 -0.000346655
vn 0.999874 -0.01587099 -0.000346655
vn 0.999874 -0.01587099 -0.000346655
vn 0.999874 -0.01587099 -0.000346655
vn 0.999874 -0.01587099 -0.000346655
vn 0.999874 -0.01587099 -0.000346655
vn 0.999874 -0.01587099 -0.000346655
vn 0.999874 -0.01587099 -0.000346655
vn 0.999874 -0.01587099 -0.000346655
vn 0.999874 -0.01587099 -0.000346655
vn 0.999874 -0.01587099 -0.000346655
vn 0.999874 -0.01587099 -0.000346655
vn 0.999874 -0.01587099 -0.000346655
vn 0.999874 -0.01587099 -0.000346655
vn 0.999874 -0.01587099 -0.000346655
vn 0.999874 -0.01587099 -0.000346655
vn 0.999874 -0.01587099 -0.000346655
vn 0.999874 -0.01587099 -0.000346655
vn 0.999874 -0.01587099 -0.000346655
vn 0.999874 -0.01587099 -0.000346655
vn 0.999874 -0.01587099 -0.000346655
vn 0.999874 -0.01587099 -0.000346655
vn 0.999874 -0.01587099 -0.000346655
vn 0.999874 -0.01587099 -0.000346655
vn 0.999874 -0.01587099 -0.000346655
vn 0.999874 -0.01587099 -0.000346655
vn 0.999874 -0.01587099 -0.000346655
vn 0.999874 -0.01587099 -0.000346655
vn 0.6189696 0.5237435 0.5852942
vn 0.5237435 -0.04761302 0.8505444
vn 0.4602594 0.4920015 0.7389829
vn 0.7459377 -0.04761302 0.6643116
vn 0.4602594 0.4920015 0.7389829
vn 0.3650333 0.8729059 0.3237067
vn 0.6189696 0.5237435 0.5852942
vn 0.2698073 0.8729059 0.4064965
vn 0.01587099 -0.999874 -0.000345267
vn 0.01587099 -0.999874 -0.000345267
vn 0.01587099 -0.999874 -0.000345267
vn 0.01587099 -0.999874 -0.000345267
vn 0.01587099 -0.999874 -0.000345267
vn 0.01587099 -0.999874 -0.000345267
vn 0.01587099 -0.999874 -0.000345267
vn 0.01587099 -0.999874 -0.000345267
vn 0.01587099 0.999874 -0.000345267
vn 0.01587099 0.999874 -0.000345267
vn 0.01587099 0.999874 -0.000345267
vn 0.01587099 0.999874 -0.000345267
vn 0.3332914 0.6824538 0.6505181
vn 0.6824536 0.5872276 0.435225
vn 0.01587099 0.999874 -0.000345267
vn 0.01587099 0.999874 -0.000345267
vn 0.01587099 0.999874 -0.000345267
vn 0.01587099 0.999874 -0.000345267
vn 0.2698073 0.8094218 0.521575
vn 0.3332914 0.6824538 0.6505181
vn 0.01587099 -0.999874 -0.000345267
vn 0.01587099 -0.999874 -0.000345267
vn 0.3332914 -0.7459377 0.5766227
vn 0.01587099 -0.999874 -0.000345267
vn 0.3332914 -0.7459377 0.5766227
vn 0.01587099 -0.999874 -0.000345267
vn 0.2698073 -0.8729059 0.4064965
vn 0.01587099 -0.999874 -0.000345267
vn 0.2698073 -0.04761302 0.9617364
vn 0.2698073 -0.04761302 0.9617364
vn 0.2698073 -0.04761302 0.9617364
vn 0.2698073 -0.04761302 0.9617364
vn 0.2698073 -0.04761302 0.9617364
vn 0.2698073 -0.04761302 0.9617364
vn 0.2698073 -0.04761302 0.9617364
vn 0.2698073 -0.04761302 0.9617364
vn -0.7141957 -0.6189696 0.3268044
vn 0.6915715 -0.722308 0
vn -0.6507117 -0.7459377 -0.1419551
vn 0.3967754 -0.6189696 0.6778244
vn -0.7141957 0.5554856 0.4258641
vn 0.7141957 0.6824538 0.1555036
vn 0.3967754 0.5554856 0.7307565
vn -0.6507117 0.6824538 -0.3329132
vn -0.7141957 -0.6189696 0.3268044
vn 0.3967754 0.5554856 0.7307565
vn 0.3967754 -0.6189696 0.6778244
vn -0.7141957 0.5554856 0.4258641
vn 0.3967754 -0.6189696 0.6778244
vn 0.7141957 0.6824538 0.1555036
vn 0.6915715 -0.722308 0
vn 0.3967754 0.5554856 0.7307565
vn -0.6507117 -0.7459377 -0.1419551
vn -0.7141957 0.5554856 0.4258641
vn -0.7141957 -0.6189696 0.3268044
vn -0.6507117 0.6824538 -0.3329132
vn 0.7776798 0.5554856 -0.2943635
vn -0.3332913 -0.6189696 -0.7111916
vn 0.7776798 -0.6189696 -0.1099579
vn -0.3332913 0.5554856 -0.7618088
vn 0.3967754 0.5554856 0.7307565
vn -0.7141957 -0.6189696 0.3268044
vn -0.7141957 0.5554856 0.4258641
vn 0.3967754 -0.6189696 0.6778244
vn 0.7776798 -0.6189696 -0.1099579
vn -0.7141957 -0.6189696 0.3268044
vn 0.3967754 -0.6189696 0.6778244
vn -0.3332913 -0.6189696 -0.7111916
vn -0.7141957 0.5554856 0.4258641
vn -0.3332913 0.5554856 -0.7618088
vn 0.7776798 0.5554856 -0.2943635
vn 0.3967754 -0.6189696 0.6778244
vn 0.3967754 0.5554856 0.7307565
vn 0.7776798 -0.6189696 -0.1099579
vn -0.3332913 0.5554856 -0.7618088
vn -0.7141957 0.5554856 0.4258641
vn -0.7141957 -0.04761302 0.6983248
vn -0.4920015 -0.04761302 0.8692914
vn -0.4920015 -0.04761302 0.8692914
vn -0.7141957 -0.04761302 0.6983248
vn -0.2698073 -0.04761302 0.9617364
vn -0.2698073 -0.04761302 0.9617364
vn -0.2698073 -0.04761302 0.9617364
vn -0.2698073 -0.04761302 0.9617364
vn -0.2698073 -0.04761302 0.9617364
vn -0.2698073 -0.04761302 0.9617364
vn -0.2698073 -0.04761302 0.9617364
vn -0.2698073 -0.04761302 0.9617364
vn -0.2698073 -0.04761302 0.9617364
vn -0.2698073 -0.04761302 0.9617364
vn -0.2698073 -0.04761302 0.9617364
vn 0.6507117 0.6824538 0.3329132
vn 0.3015493 -0.04761302 0.952261
vn 0.2698073 0.5554856 0.7865366
vn 0.9046479 -0.04761302 0.4234917
vn -0.9363899 -0.04761302 0.3477167
vn 0.2698073 0.5554856 0.7865366
vn -0.7776798 0.5554856 0.2943635
vn -0.5872276 0.6824538 -0.4352248
vn 0.2698073 0.5554856 0.7865366
vn -0.7776798 0.5554856 0.2943635
vn 0.6507117 0.6824538 0.3329132
vn -0.8411639 -0.04761302 -0.5386802
vn -0.7776798 0.5554856 0.2943635
vn -0.9363899 -0.04761302 0.3477167
vn -0.5872276 0.6824538 -0.4352248
vn -0.6507117 -0.5237435 0.5497882
vn -0.6189697 0.6824538 0.3887588
vn 0.07935506 0.6824538 0.7266083
vn -0.1745812 -0.5237435 0.833795
vn -0.8411639 -0.3332914 0.4258641
vn 0.4285174 0.4285175 0.7954531
vn 0.07935506 -0.3332914 0.9394784
vn -0.8729059 0.4285175 0.2332556
vn 0.6824536 0.6824538 -0.2617517
vn 0.4285174 0.4285175 0.7954531
vn 0.07935506 0.6824538 0.7266083
vn 0.9046479 0.3967754 -0.155504
vn 0.2380652 -0.5237435 -0.817935
vn -0.01587105 -0.3332914 -0.9426903
vn -0.01587105 0.6824538 -0.7307565
vn -0.6189697 0.6824538 0.3887588
vn 0.7141957 -0.5237435 -0.464346
vn -0.8729059 0.4285175 0.2332556
vn -0.3650334 0.4285175 -0.8265128
vn 0.9046479 -0.3332914 -0.2655731
vn -0.6507117 -0.5237435 0.5497882
vn -0.01587105 -0.3332914 -0.9426903
vn 0.2380652 -0.5237435 -0.817935
vn -0.8411639 -0.3332914 0.4258641
vn -0.1745812 -0.5237435 0.833795
vn 0.7141957 -0.5237435 -0.464346
vn 0.9046479 -0.3332914 -0.2655731
vn 0.07935506 -0.3332914 0.9394784
vn 0.7378054 0.6750135 0
vn 0.6824536 0.01587105 0.7307566
vn 0.5554855 0.5554856 0.6187662
vn 0.999874 -0.01587099 -0.000346655
vn -0.6824538 0.6824538 -0.2617513
vn 0.5554855 0.5554856 0.6187662
vn -0.6189697 0.5554856 0.5552588
vn 0.7378054 0.6750135 0
vn -0.968132 -0.04761302 -0.2458728
vn -0.6189697 0.5554856 0.5552588
vn -0.7459378 0.01587105 0.6658264
vn -0.6824538 0.6824538 -0.2617513
vn 0.5554855 0.5554856 0.6187662
vn -0.7459378 0.01587105 0.6658264
vn -0.6189697 0.5554856 0.5552588
vn 0.6824536 0.01587105 0.7307566
vn 0.6824536 0.6824538 0.2617517
vn 0.3967754 0.01587105 0.9177785
vn 0.3332914 0.5554856 0.7618088
vn 0.968132 -0.04761302 0.245873
vn -0.6189697 0.6824538 -0.3887588
vn 0.3332914 0.5554856 0.7618088
vn -0.7459378 0.5554856 0.3674405
vn 0.6824536 0.6824538 0.2617517
vn -0.9046479 -0.04761302 -0.4234915
vn -0.7459378 0.5554856 0.3674405
vn -0.9046479 0.01587105 0.425864
vn -0.6189697 0.6824538 -0.3887588
vn 0.3332914 0.5554856 0.7618088
vn -0.9046479 0.01587105 0.425864
vn -0.7459378 0.5554856 0.3674405
vn 0.3967754 0.01587105 0.9177785
vn 0.5237435 -0.04761302 0.8505444
vn 0.2380652 0.4602594 0.8552697
vn 0.4602594 0.4920015 0.7389829
vn 0.2698073 -0.04761302 0.9617364
vn 0.2698073 0.8729059 0.4064965
vn 0.2380652 0.4602594 0.8552697
vn 0.1428391 0.8729059 0.4665108
vn 0.4602594 0.4920015 0.7389829
vn 0.9988682 -0.04756513 0
vn 0.3967754 -0.04761302 -0.91668
vn 0.7459377 -0.04761302 0.6643116
vn 0.3967754 -0.04761302 -0.91668
vn 0.3967754 -0.04761302 -0.91668
vn -0.8729059 -0.04761302 -0.4855599
vn 0.3967754 -0.04761302 -0.91668
vn -0.8729059 -0.04761302 -0.4855599
vn -0.8729059 -0.04761302 -0.4855599
vn -0.9046479 -0.04761302 0.4234915
vn -0.8729059 -0.04761302 -0.4855599
vn -0.9046479 -0.04761302 0.4234915
vn -0.07935512 -0.04761302 0.9957087
vn 0.9363899 0.2698073 0.2244502
vn 0.968132 -0.04761302 0.245873
vn -0.07935512 0.2698073 0.9596389
vn 0.9046479 0.3332913 0.2655732
vn -0.07935512 0.3332913 0.9394784
vn 0.7776798 0.5872276 0.2244502
vn -0.04761302 0.5872276 0.8080203
vn 0.968132 -0.04761302 0.245873
vn 0.6824536 0.2698073 -0.6793092
vn 0.7141957 -0.04761302 -0.6983248
vn 0.9363899 0.2698073 0.2244502
vn 0.6507117 0.3332913 -0.6822692
vn 0.9046479 0.3332913 0.2655732
vn 0.5872276 0.5872276 -0.5570705
vn 0.7776798 0.5872276 0.2244502
vn 0.7141957 -0.04761302 -0.6983248
vn -0.4920015 0.2698073 -0.827731
vn -0.4920015 -0.04761302 -0.8692914
vn 0.6824536 0.2698073 -0.6793092
vn -0.4602594 0.3332913 -0.8228476
vn 0.6507117 0.3332913 -0.6822692
vn -0.3967754 0.5872276 -0.705502
vn 0.5872276 0.5872276 -0.5570705
vn -0.4920015 -0.04761302 -0.8692914
vn -0.9046479 0.2698073 0.3298728
vn -0.968132 -0.04761302 0.2458728
vn -0.4920015 0.2698073 -0.827731
vn -0.07935512 0.2698073 0.9596389
vn -0.07935512 -0.04761302 0.9957087
vn -0.9046479 0.3332913 0.2655729
vn -0.4602594 0.3332913 -0.8228476
vn -0.07935512 0.3332913 0.9394784
vn -0.7776798 0.5872276 0.2244502
vn -0.3967754 0.5872276 -0.705502
vn -0.04761302 0.5872276 0.8080203
vn 0.5872276 0.5872276 -0.5570705
vn -0.7776798 0.5872276 0.2244502
vn -0.3967754 0.5872276 -0.705502
vn 0.7776798 0.5872276 0.2244502
vn -0.04761302 0.5872276 0.8080203
vn -0.9046479 -0.04761302 0.4234915
vn 0.1745812 0.2698073 0.9469559
vn 0.1745812 -0.04761302 0.9834909
vn -0.8411639 0.2698073 0.4686655
vn 0.968132 0.2380652 -0.07775266
vn 0.999874 -0.01587099 -0.000346655
vn 0.1745812 0.3332913 0.9265195
vn -0.8411639 0.3332913 0.4258641
vn 0.9455376 0.3255129 0
vn 0.1428391 0.5872276 0.7967187
vn -0.7141957 0.5872276 0.3809045
vn 0.819958 0.5724236 0
vn 0.999874 -0.01587099 -0.000346655
vn 0.5237435 0.2698073 -0.8080203
vn 0.5237435 -0.04761302 -0.8505444
vn 0.968132 0.2380652 -0.07775266
vn -0.6507117 0.2698073 -0.7097734
vn -0.6824538 -0.04761302 -0.7293764
vn -0.8411639 0.2698073 0.4686655
vn -0.9046479 -0.04761302 0.4234915
vn 0.4920015 0.3332913 -0.8042708
vn 0.9455376 0.3255129 0
vn -0.6189697 0.3332913 -0.7111916
vn -0.8411639 0.3332913 0.4258641
vn 0.4285174 0.5872276 -0.6866853
vn 0.819958 0.5724236 0
vn -0.5237435 0.5872276 -0.6171358
vn -0.7141957 0.5872276 0.3809045
vn 0.819958 0.5724236 0
vn -0.5237435 0.5872276 -0.6171358
vn 0.4285174 0.5872276 -0.6866853
vn 0.1428391 0.5872276 0.7967187
vn -0.7141957 0.5872276 0.3809045
vn -0.8094218 -0.04761302 -0.5852943
vn -0.7459378 0.2698073 0.6089177
vn -0.7776798 -0.04761302 0.626855
vn -0.7776798 0.2698073 -0.5678188
vn -0.7459378 0.3332913 0.5766226
vn -0.7459378 0.3332913 -0.5766226
vn -0.6189697 0.5872276 0.5215749
vn -0.6507117 0.5872276 -0.4813918
vn -0.7776798 -0.04761302 0.626855
vn 0.3650333 0.2698073 0.8910413
vn 0.3650333 -0.04761302 0.9297761
vn -0.7459378 0.2698073 0.6089177
vn 0.3650333 0.3332913 0.8692914
vn -0.7459378 0.3332913 0.5766226
vn 0.3015493 0.5872276 0.7511536
vn -0.6189697 0.5872276 0.5215749
vn 0.3650333 -0.04761302 0.9297761
vn 0.968132 0.2380652 -0.07775266
vn 0.999874 -0.01587099 -0.000346655
vn 0.3650333 0.2698073 0.8910413
vn 0.9455376 0.3255129 0
vn 0.3650333 0.3332913 0.8692914
vn 0.819958 0.5724236 0
vn 0.3015493 0.5872276 0.7511536
vn 0.999874 -0.01587099 -0.000346655
vn 0.3332914 0.2698073 -0.9033941
vn 0.3332914 -0.04761302 -0.9416209
vn 0.968132 0.2380652 -0.07775266
vn -0.7776798 0.2698073 -0.5678188
vn -0.8094218 -0.04761302 -0.5852943
vn 0.3332914 0.3332913 -0.8819488
vn 0.9455376 0.3255129 0
vn -0.7459378 0.3332913 -0.5766226
vn 0.2698073 0.5872276 -0.7631302
vn 0.819958 0.5724236 0
vn -0.6507117 0.5872276 -0.4813918
vn 0.3015493 0.5872276 0.7511536
vn 0.2698073 0.5872276 -0.7631302
vn 0.819958 0.5724236 0
vn -0.6189697 0.5872276 0.5215749
vn -0.6507117 0.5872276 -0.4813918
vn -0.968132 -0.04761302 0.2458728
vn -0.9363899 -0.04761302 -0.3477167
vn -0.9363899 -0.04761302 -0.3477167
vn -0.968132 -0.04761302 0.2458728
vn -0.8411639 -0.04761302 0.5386802
vn -0.968132 -0.04761302 0.2458728
vn -0.968132 -0.04761302 0.2458728
vn -0.9046479 -0.04761302 0.4234915
vn -0.4920015 -0.04761302 0.8692914
vn -0.9046479 -0.04761302 0.4234915
vn -0.8411639 -0.04761302 0.5386802
vn -0.4920015 -0.04761302 0.8692914
vn 0.04761302 -0.04761302 0.9977304
vn -0.4920015 -0.04761302 0.8692914
vn -0.4920015 -0.04761302 0.8692914
vn 0.04761302 -0.04761302 0.9977304
vn 0.5554855 -0.04761302 0.8301619
vn 0.04761302 -0.04761302 0.9977304
vn 0.04761302 -0.04761302 0.9977304
vn 0.5554855 -0.04761302 0.8301619
vn 0.9046479 -0.04761302 0.4234917
vn 0.5554855 -0.04761302 0.8301619
vn 0.5554855 -0.04761302 0.8301619
vn 0.968132 -0.04761302 0.245873
vn 0.999874 -0.01587099 -0.000346655
vn 0.968132 -0.04761302 0.245873
vn 0.9046479 -0.04761302 0.4234917
vn 0.999874 -0.01587099 -0.000346655
vn -0.968132 -0.04761302 0.2458728
vn -0.9363899 -0.04761302 -0.3477167
vn -0.9363899 -0.04761302 -0.3477167
vn -0.968132 -0.04761302 0.2458728
vn -0.9363899 -0.04761302 -0.3477167
vn -0.7459378 0.6507117 0.1419546
vn -0.968132 -0.04761302 0.2458728
vn -0.4920015 0.8411639 -0.2244501
vn -0.9046479 -0.04761302 0.4234915
vn -0.968132 -0.04761302 0.2458728
vn -0.968132 -0.04761302 0.2458728
vn -0.9363899 -0.04761302 0.3477167
vn -0.968132 -0.04761302 0.2458728
vn -0.6507117 0.6507117 0.3913422
vn -0.8411639 -0.04761302 0.5386802
vn -0.7459378 0.6507117 0.1419546
vn -0.8411639 -0.04761302 0.5386802
vn -0.3650334 0.6507117 0.6658265
vn -0.4920015 -0.04761302 0.8692914
vn -0.6507117 0.6507117 0.3913422
vn -0.4920015 -0.04761302 0.8692914
vn 0.04761302 0.6507117 0.7578307
vn 0.04761302 -0.04761302 0.9977304
vn -0.3650334 0.6507117 0.6658265
vn 0.04761302 -0.04761302 0.9977304
vn 0.4285174 0.6507117 0.626855
vn 0.5554855 -0.04761302 0.8301619
vn 0.04761302 0.6507117 0.7578307
vn 0.5554855 -0.04761302 0.8301619
vn 0.7141957 0.6507117 0.2578737
vn 0.9046479 -0.04761302 0.4234917
vn 0.4285174 0.6507117 0.626855
vn 0.9046479 -0.04761302 0.4234917
vn 0.5510615 0.8344646 0
vn 0.999874 -0.01587099 -0.000346655
vn 0.7141957 0.6507117 0.2578737
vn 0.01587099 0.999874 -0.000345267
vn 0.01587099 0.999874 -0.000345267
vn 0.01587099 0.999874 -0.000345267
vn 0.5510615 0.8344646 0
vn 0.7141957 0.6507117 0.2578737
vn 0.01587099 0.999874 -0.000345267
vn 0.01587099 0.999874 -0.000345267
vn 0.01587099 0.999874 -0.000345267
vn 0.01587099 0.999874 -0.000345267
vn -0.4920015 0.8411639 -0.2244501
vn -0.4920015 0.8411639 -0.2244501
vn 0.01587099 0.999874 -0.000345267
vn -0.7459378 0.6507117 0.1419546
vn -0.6507117 0.6507117 0.3913422
vn -0.3650334 0.6507117 0.6658265
vn -0.3650334 0.6507117 0.6658265
vn 0.01587099 0.999874 -0.000345267
vn 0.04761302 0.6507117 0.7578307
vn 0.4285174 0.6507117 0.626855
vn 0.7141957 0.6507117 0.2578737
vn 0.9988682 -0.04756513 0
vn 0.9988682 -0.04756513 0
vn 0.999874 -0.01587099 -0.000346655
vn 0.9988682 -0.04756513 0
vn 0.9988682 -0.04756513 0
vn 0.999874 -0.01587099 -0.000346655
vn 0.999874 -0.01587099 -0.000346655
vn 0.9988682 -0.04756513 0
vn 0.999874 -0.01587099 -0.000346655
vn 0.9988682 -0.04756513 0
vn 0.968132 -0.04761302 0.245873
vn 0.9988682 -0.04756513 0
vn 0.3332914 0.4602594 -0.8228475
vn 0.626557 -0.7793757 0
vn 0.8729059 0.4602594 -0.1618537
vn 0.2698073 -0.8094218 -0.521575
vn -0.4285175 0.4602594 -0.7775179
vn 0.2698073 -0.8094218 -0.521575
vn 0.3332914 0.4602594 -0.8228475
vn -0.3015493 -0.8094218 -0.5038893
vn -0.8411639 0.4602594 -0.2839095
vn -0.6074502 -0.7943578 0
vn -0.6189697 0.4602594 0.6364258
vn -0.6074502 -0.7943578 0
vn -0.8411639 0.4602594 -0.2839095
vn -0.4602594 -0.7776798 0.4282236
vn 0.2063232 0.4602594 0.8634767
vn 0.1428391 -0.8094218 0.5695906
vn 0.8094218 0.4602594 0.3646885
vn 0.1428391 -0.8094218 0.5695906
vn 0.2063232 0.4602594 0.8634767
vn 0.6074501 -0.7943578 0
vn 0.8729059 0.4602594 -0.1618537
vn 0.626557 -0.7793757 0
vn -0.3650334 0.6507117 0.6658265
vn -0.8411639 -0.04761302 0.5386802
vn -0.6507117 0.6507117 0.3913422
vn -0.4920015 -0.04761302 0.8692914
vn 0.04761302 0.6507117 0.7578307
vn -0.4920015 -0.04761302 0.8692914
vn -0.3650334 0.6507117 0.6658265
vn 0.04761302 -0.04761302 0.9977304
vn 0.4285174 0.6507117 0.626855
vn 0.04761302 -0.04761302 0.9977304
vn 0.04761302 0.6507117 0.7578307
vn 0.5554855 -0.04761302 0.8301619
vn 0.7141957 0.6507117 0.2578737
vn 0.5554855 -0.04761302 0.8301619
vn 0.4285174 0.6507117 0.626855
vn 0.9046479 -0.04761302 0.4234917
vn 0.7459377 0.5554856 -0.3674407
vn 0.9046479 -0.04761302 0.4234917
vn 0.7141957 0.6507117 0.2578737
vn 0.9046479 -0.04761302 -0.4234917
vn 0.5554855 -0.04761302 -0.8301619
vn 0.5872276 0.7459378 -0.3142301
vn 0.4602594 0.5554856 -0.6925294
vn 0.9046479 -0.04761302 -0.4234917
vn 0.9046479 -0.04761302 -0.4234917
vn 0.3650333 0.7459378 -0.5570704
vn 0.5872276 0.7459378 -0.3142301
vn 0.5554855 -0.04761302 -0.8301619
vn 0.5554855 -0.04761302 -0.8301619
vn 0.04761302 0.7459378 -0.6643115
vn 0.3650333 0.7459378 -0.5570704
vn 0.04761302 -0.04761302 -0.9977304
vn 0.04761302 -0.04761302 -0.9977304
vn -0.3015493 0.7459378 -0.593839
vn 0.04761302 0.7459378 -0.6643115
vn -0.4920015 -0.04761302 -0.8692914
vn -0.4920015 -0.04761302 -0.8692914
vn -0.5237435 0.7459378 -0.4114237
vn -0.3015493 0.7459378 -0.593839
vn -0.8411639 -0.04761302 -0.5386802
vn -0.3967754 0.5554856 -0.7307565
vn -0.4920015 -0.04761302 -0.8692914
vn 0.7459377 0.5554856 -0.3674407
vn -0.3967754 0.5554856 -0.7307565
vn 0.9046479 -0.04761302 -0.4234917
vn 0.5872276 0.7459378 -0.3142301
vn -0.6824538 0.5554856 -0.4750712
vn 0.4602594 0.5554856 -0.6925294
vn -0.6507117 0.6507117 0.3913422
vn 0.3650333 0.7459378 -0.5570704
vn -0.3650334 0.6507117 0.6658265
vn 0.4602594 0.5554856 -0.6925294
vn -0.8411639 -0.04761302 -0.5386802
vn 0.5554855 -0.04761302 -0.8301619
vn -0.6824538 0.5554856 -0.4750712
vn 0.04761302 0.7459378 -0.6643115
vn -0.3650334 0.6507117 0.6658265
vn 0.3650333 0.7459378 -0.5570704
vn 0.04761302 0.6507117 0.7578307
vn -0.3015493 0.7459378 -0.593839
vn 0.4285174 0.6507117 0.626855
vn -0.5237435 0.7459378 -0.4114237
vn 0.4285174 0.6507117 0.626855
vn -0.3015493 0.7459378 -0.593839
vn 0.7141957 0.6507117 0.2578737
vn -0.3967754 0.5554856 -0.7307565
vn 0.7459377 0.5554856 -0.3674407
vn -0.3967754 -0.04761302 -0.91668
vn -0.6189697 0.5872276 -0.5215749
vn -0.5237435 0.5237435 -0.6718523
vn 0.6189696 -0.04761302 -0.7839704
vn 0.2063232 0.7459378 -0.6332515
vn -0.968132 -0.04761302 -0.2458728
vn -0.9046479 0.3332913 -0.2655729
vn 0.999874 -0.01587099 -0.000346655
vn 0.5872276 0.7776798 0.2244502
vn -0.7141957 -0.04761302 0.6983248
vn -0.9046479 0.3332913 -0.2655729
vn -0.6824538 0.3015493 0.6658265
vn -0.968132 -0.04761302 -0.2458728
vn 0.04761302 0.4920015 0.8692914
vn 0.2698073 -0.04761302 0.9617364
vn 0.5872276 0.7776798 0.2244502
vn 0.999874 -0.01587099 -0.000346655
vn 0.8729059 0.4602594 -0.1618537
vn 0.01587099 0.999874 -0.000345267
vn 0.3332914 0.4602594 -0.8228475
vn -0.4285175 0.4602594 -0.7775179
vn -0.8411639 0.4602594 -0.2839095
vn -0.6189697 0.4602594 0.6364258
vn 0.2063232 0.4602594 0.8634767
vn 0.8094218 0.4602594 0.3646885
vn 0.2063232 0.7459378 -0.6332515
vn 0.5872276 0.7776798 0.2244502
vn -0.5872276 0.7459378 0.3142301
vn -0.6189697 0.5872276 -0.5215749
vn -0.5237435 0.5237435 -0.6718523
vn -0.9046479 0.3332913 -0.2655729
vn -0.6824538 0.3015493 0.6658265
vn 0.04761302 0.4920015 0.8692914
vn 0.2698073 -0.8094218 -0.521575
vn 0.01587099 -0.999874 -0.000345267
vn 0.626557 -0.7793757 0
vn 0.6074501 -0.7943578 0
vn 0.1428391 -0.8094218 0.5695906
vn -0.4602594 -0.7776798 0.4282236
vn -0.6074502 -0.7943578 0
vn -0.3015493 -0.8094218 -0.5038893
vn -0.8411639 -0.04761302 -0.5386802
vn -0.6507117 0.6507117 0.3913422
vn -0.8411639 -0.04761302 0.5386802
vn -0.6824538 0.5554856 -0.4750712
vn -0.7459378 0.6507117 -0.1419546
vn -0.7776798 -0.5872276 -0.2244502
vn -0.7776798 0.5237435 -0.3477167
vn -0.7141957 -0.6824536 -0.1555042
vn -0.6507117 0.6507117 0.3913422
vn -0.7141957 -0.6824536 -0.1555042
vn -0.7459378 0.6507117 -0.1419546
vn -0.6507117 -0.7141957 0.2578737
vn -0.3650334 0.6507117 0.6658265
vn -0.3650334 -0.7141957 0.5972228
vn 0.04761302 0.6507117 0.7578307
vn -0.3650334 -0.7141957 0.5972228
vn -0.3650334 0.6507117 0.6658265
vn 0.04761302 -0.7141957 0.6983248
vn 0.4285174 0.6507117 0.626855
vn 0.4285174 -0.7141957 0.5534414
vn 0.7141957 0.6507117 0.2578737
vn 0.7071068 -0.7071068 0
vn 0.7776798 0.6189697 -0.1099576
vn 0.7071068 -0.7071068 0
vn 0.7141957 0.6507117 0.2578737
vn 0.7516258 -0.6595899 0
vn 0.8344646 0.5510616 0
vn 0.8054376 -0.5926806 0
vn -0.7141957 -0.6824536 -0.1555042
vn 0.01587099 -0.999874 -0.000345267
vn -0.7776798 -0.5872276 -0.2244502
vn 0.01587099 -0.999874 -0.000345267
vn -0.7776798 0.5237435 -0.3477167
vn 0.01587099 0.999874 -0.000345267
vn -0.7459378 0.6507117 -0.1419546
vn 0.01587099 0.999874 -0.000345267
vn -0.6507117 -0.7141957 0.2578737
vn 0.01587099 -0.999874 -0.000345267
vn -0.7141957 -0.6824536 -0.1555042
vn 0.01587099 -0.999874 -0.000345267
vn -0.3650334 -0.7141957 0.5972228
vn 0.01587099 -0.999874 -0.000345267
vn -0.7459378 0.6507117 -0.1419546
vn 0.01587099 0.999874 -0.000345267
vn -0.6507117 0.6507117 0.3913422
vn 0.01587099 0.999874 -0.000345267
vn 0.01587099 0.999874 -0.000345267
vn -0.3650334 0.6507117 0.6658265
vn 0.04761302 -0.7141957 0.6983248
vn 0.01587099 -0.999874 -0.000345267
vn -0.3650334 -0.7141957 0.5972228
vn 0.01587099 -0.999874 -0.000345267
vn 0.4285174 -0.7141957 0.5534414
vn 0.01587099 -0.999874 -0.000345267
vn 0.7071068 -0.7071068 0
vn 0.01587099 -0.999874 -0.000345267
vn -0.3650334 0.6507117 0.6658265
vn 0.01587099 0.999874 -0.000345267
vn 0.04761302 0.6507117 0.7578307
vn 0.01587099 0.999874 -0.000345267
vn 0.01587099 0.999874 -0.000345267
vn 0.4285174 0.6507117 0.626855
vn 0.01587099 0.999874 -0.000345267
vn 0.7141957 0.6507117 0.2578737
vn 0.7516258 -0.6595899 0
vn 0.01587099 -0.999874 -0.000345267
vn 0.7071068 -0.7071068 0
vn 0.01587099 -0.999874 -0.000345267
vn 0.8054376 -0.5926806 0
vn 0.01587099 -0.999874 -0.000345267
vn 0.7141957 0.6507117 0.2578737
vn 0.01587099 0.999874 -0.000345267
vn 0.7776798 0.6189697 -0.1099576
vn 0.01587099 0.999874 -0.000345267
vn 0.01587099 0.999874 -0.000345267
vn 0.8344646 0.5510616 0
vn 0.999874 -0.01587099 -0.000346655
vn 0.9988682 -0.04756513 0
vn 0.9988682 -0.04756513 0
vn 0.9988682 -0.04756513 0
vn -0.7141957 0.6507117 -0.2578737
vn -0.7141957 -0.6189696 -0.3268044
vn -0.7141957 0.5554856 -0.4258641
vn -0.7071068 -0.7071068 0
vn -0.6824538 0.6507117 0.3329132
vn -0.7071068 -0.7071068 0
vn -0.7141957 0.6507117 -0.2578737
vn -0.6824538 -0.7141957 0.1555036
vn -0.4920015 0.6507117 0.5783674
vn -0.6824538 -0.7141957 0.1555036
vn -0.6824538 0.6507117 0.3329132
vn -0.4920015 -0.7141957 0.4978544
vn -0.1110971 0.6507117 0.7511536
vn -0.1110971 -0.7141957 0.691073
vn 0.3015493 0.6507117 0.6968805
vn -0.1110971 -0.7141957 0.691073
vn -0.1110971 0.6507117 0.7511536
vn 0.3015493 -0.7141957 0.6316585
vn 0.6189696 0.6507117 0.4398306
vn 0.3015493 -0.7141957 0.6316585
vn 0.3015493 0.6507117 0.6968805
vn 0.6189696 -0.7141957 0.3268044
vn 0.7669368 0.6417226 0
vn 0.7378055 -0.6750135 0
vn 0.7459377 0.6507117 -0.1419552
vn 0.7378055 -0.6750135 0
vn 0.7669368 0.6417226 0
vn 0.722308 -0.6915715 0
vn 0.7141957 0.5554856 -0.4258641
vn 0.722308 -0.6915715 0
vn 0.7459377 0.6507117 -0.1419552
vn 0.7141957 -0.6189696 -0.3268044
vn -0.7071068 -0.7071068 0
vn 0.01587099 -0.999874 -0.000345267
vn -0.7141957 -0.6189696 -0.3268044
vn 0.01587099 -0.999874 -0.000345267
vn -0.7141957 0.5554856 -0.4258641
vn 0.01587099 0.999874 -0.000345267
vn -0.7141957 0.6507117 -0.2578737
vn 0.01587099 0.999874 -0.000345267
vn -0.6824538 -0.7141957 0.1555036
vn 0.01587099 -0.999874 -0.000345267
vn -0.7071068 -0.7071068 0
vn 0.01587099 -0.999874 -0.000345267
vn -0.7141957 0.6507117 -0.2578737
vn 0.01587099 0.999874 -0.000345267
vn -0.6824538 0.6507117 0.3329132
vn 0.01587099 0.999874 -0.000345267
vn -0.4920015 -0.7141957 0.4978544
vn 0.01587099 -0.999874 -0.000345267
vn -0.6824538 -0.7141957 0.1555036
vn 0.01587099 -0.999874 -0.000345267
vn -0.1110971 -0.7141957 0.691073
vn 0.01587099 -0.999874 -0.000345267
vn -0.6824538 0.6507117 0.3329132
vn 0.01587099 0.999874 -0.000345267
vn -0.4920015 0.6507117 0.5783674
vn 0.01587099 0.999874 -0.000345267
vn 0.01587099 0.999874 -0.000345267
vn -0.1110971 0.6507117 0.7511536
vn 0.3015493 -0.7141957 0.6316585
vn 0.01587099 -0.999874 -0.000345267
vn -0.1110971 -0.7141957 0.691073
vn 0.01587099 -0.999874 -0.000345267
vn -0.1110971 0.6507117 0.7511536
vn 0.01587099 0.999874 -0.000345267
vn 0.3015493 0.6507117 0.6968805
vn 0.01587099 0.999874 -0.000345267
vn 0.6189696 -0.7141957 0.3268044
vn 0.01587099 -0.999874 -0.000345267
vn 0.3015493 -0.7141957 0.6316585
vn 0.01587099 -0.999874 -0.000345267
vn 0.7378055 -0.6750135 0
vn 0.01587099 -0.999874 -0.000345267
vn 0.3015493 0.6507117 0.6968805
vn 0.01587099 0.999874 -0.000345267
vn 0.6189696 0.6507117 0.4398306
vn 0.01587099 0.999874 -0.000345267
vn 0.01587099 0.999874 -0.000345267
vn 0.7669368 0.6417226 0
vn 0.722308 -0.6915715 0
vn 0.01587099 -0.999874 -0.000345267
vn 0.7378055 -0.6750135 0
vn 0.01587099 -0.999874 -0.000345267
vn 0.7669368 0.6417226 0
vn 0.01587099 0.999874 -0.000345267
vn 0.7459377 0.6507117 -0.1419552
vn 0.01587099 0.999874 -0.000345267
vn 0.7141957 -0.6189696 -0.3268044
vn 0.01587099 -0.999874 -0.000345267
vn 0.722308 -0.6915715 0
vn 0.01587099 -0.999874 -0.000345267
vn 0.7459377 0.6507117 -0.1419552
vn 0.01587099 0.999874 -0.000345267
vn 0.7141957 0.5554856 -0.4258641
vn 0.01587099 0.999874 -0.000345267
vn -0.6824538 -0.04761302 -0.7293764
vn -0.4920015 -0.04761302 -0.8692914
vn -0.6824538 -0.04761302 -0.7293764
vn -0.4920015 -0.04761302 -0.8692914
vn -0.6824538 -0.04761302 -0.7293764
vn -0.4920015 -0.04761302 -0.8692914
vn -0.6824538 -0.04761302 -0.7293764
vn -0.4920015 -0.04761302 -0.8692914
vn -0.4920015 -0.04761302 -0.8692914
vn -0.2380652 -0.04761302 -0.9700814
vn -0.4920015 -0.04761302 -0.8692914
vn -0.2380652 -0.04761302 -0.9700814
vn -0.4920015 -0.04761302 -0.8692914
vn -0.2380652 -0.04761302 -0.9700814
vn -0.4920015 -0.04761302 -0.8692914
vn -0.2380652 -0.04761302 -0.9700814
vn 0.3015493 -0.04761302 -0.952261
vn 0.5554855 -0.04761302 -0.8301619
vn 0.3015493 -0.04761302 -0.952261
vn 0.5554855 -0.04761302 -0.8301619
vn 0.3015493 -0.04761302 -0.952261
vn 0.5554855 -0.04761302 -0.8301619
vn 0.3015493 -0.04761302 -0.952261
vn 0.5554855 -0.04761302 -0.8301619
vn 0.5554855 -0.04761302 -0.8301619
vn 0.7459377 -0.04761302 -0.6643116
vn 0.5554855 -0.04761302 -0.8301619
vn 0.7459377 -0.04761302 -0.6643116
vn 0.5554855 -0.04761302 -0.8301619
vn 0.7459377 -0.04761302 -0.6643116
vn 0.5554855 -0.04761302 -0.8301619
vn 0.7459377 -0.04761302 -0.6643116
vn 0.1745812 0.6507117 -0.7389829
vn 0.5237435 -0.7141957 -0.464346
vn 0.5237435 0.6507117 -0.5497882
vn 0.1745812 -0.7141957 -0.6778244
vn -0.2698073 0.6507117 -0.7097734
vn -0.2698073 -0.7141957 -0.6458549
vn -0.5872276 0.6507117 -0.4813918
vn -0.2698073 -0.7141957 -0.6458549
vn -0.2698073 0.6507117 -0.7097734
vn -0.5872276 -0.7141957 -0.3809045
vn 0.1745812 -0.7141957 -0.6778244
vn 0.01587099 -0.999874 -0.000345267
vn 0.5237435 -0.7141957 -0.464346
vn 0.01587099 -0.999874 -0.000345267
vn -0.2698073 -0.7141957 -0.6458549
vn 0.01587099 -0.999874 -0.000345267
vn 0.5237435 0.6507117 -0.5497882
vn 0.01587099 0.999874 -0.000345267
vn 0.1745812 0.6507117 -0.7389829
vn 0.01587099 0.999874 -0.000345267
vn 0.01587099 0.999874 -0.000345267
vn -0.2698073 0.6507117 -0.7097734
vn -0.5872276 -0.7141957 -0.3809045
vn 0.01587099 -0.999874 -0.000345267
vn -0.2698073 -0.7141957 -0.6458549
vn 0.01587099 -0.999874 -0.000345267
vn -0.2698073 0.6507117 -0.7097734
vn 0.01587099 0.999874 -0.000345267
vn -0.5872276 0.6507117 -0.4813918
vn 0.01587099 0.999874 -0.000345267
vn 0.04761302 -0.04761302 0.9977304
vn 0.04761302 -0.04761302 0.9977304
vn 0.04761302 -0.04761302 0.9977304
vn 0.04761302 -0.04761302 0.9977304
vn 0.999874 -0.01587099 -0.000346655
vn 0.999874 -0.01587099 -0.000346655
vn 0.999874 -0.01587099 -0.000346655
vn 0.999874 -0.01587099 -0.000346655
vn 0.999874 -0.01587099 -0.000346655
vn 0.999874 -0.01587099 -0.000346655
vn 0.04761302 -0.04761302 -0.9977304
vn 0.04761302 -0.04761302 -0.9977304
vn 0.04761302 -0.04761302 -0.9977304
vn 0.04761302 -0.04761302 -0.9977304
vn -0.968132 -0.04761302 0.2458728
vn -0.968132 -0.04761302 0.2458728
vn -0.968132 -0.04761302 0.2458728
vn -0.968132 -0.04761302 0.2458728
vn -0.968132 -0.04761302 0.2458728
vn -0.968132 -0.04761302 0.2458728
vn 0.04761302 -0.04761302 0.9977304
vn 0.04761302 -0.04761302 0.9977304
vn 0.04761302 -0.04761302 0.9977304
vn 0.04761302 -0.04761302 0.9977304
vn 0.04761302 -0.04761302 0.9977304
vn 0.04761302 -0.04761302 0.9977304
vn 0.04761302 -0.04761302 0.9977304
vn 0.04761302 -0.04761302 0.9977304
vn 0.999874 -0.01587099 -0.000346655
vn 0.999874 -0.01587099 -0.000346655
vn 0.999874 -0.01587099 -0.000346655
vn 0.999874 -0.01587099 -0.000346655
vn 0.999874 -0.01587099 -0.000346655
vn 0.999874 -0.01587099 -0.000346655
vn 0.999874 -0.01587099 -0.000346655
vn 0.999874 -0.01587099 -0.000346655
vn 0.04761302 -0.04761302 -0.9977304
vn 0.04761302 -0.04761302 -0.9977304
vn 0.04761302 -0.04761302 -0.9977304
vn 0.04761302 -0.04761302 -0.9977304
vn 0.04761302 -0.04761302 -0.9977304
vn 0.04761302 -0.04761302 -0.9977304
vn 0.04761302 -0.04761302 -0.9977304
vn 0.04761302 -0.04761302 -0.9977304
vn -0.968132 -0.04761302 0.2458728
vn -0.968132 -0.04761302 0.2458728
vn -0.968132 -0.04761302 0.2458728
vn -0.968132 -0.04761302 0.2458728
vn -0.968132 -0.04761302 0.2458728
vn -0.968132 -0.04761302 0.2458728
vn -0.968132 -0.04761302 0.2458728
vn -0.968132 -0.04761302 0.2458728
vn -0.968132 -0.04761302 0.2458728
vn -0.968132 -0.04761302 0.2458728
vn -0.968132 -0.04761302 0.2458728
vn -0.968132 -0.04761302 0.2458728
vn 0.04761302 -0.04761302 -0.9977304
vn 0.04761302 -0.04761302 -0.9977304
vn 0.04761302 -0.04761302 -0.9977304
vn 0.04761302 -0.04761302 -0.9977304
vn 0.04761302 -0.04761302 0.9977304
vn 0.04761302 -0.04761302 0.9977304
vn 0.04761302 -0.04761302 0.9977304
vn 0.04761302 -0.04761302 0.9977304
vn 0.01587099 0.999874 -0.000345267
vn 0.01587099 0.999874 -0.000345267
vn 0.01587099 0.999874 -0.000345267
vn 0.01587099 0.999874 -0.000345267
vn 0.04761302 -0.04761302 -0.9977304
vn 0.04761302 -0.04761302 -0.9977304
vn 0.04761302 -0.04761302 -0.9977304
vn 0.04761302 -0.04761302 -0.9977304
vn 0.04761302 -0.04761302 -0.9977304
vn 0.04761302 -0.04761302 -0.9977304
vn 0.04761302 -0.04761302 -0.9977304
vn 0.04761302 -0.04761302 -0.9977304
vn 0.01587099 0.999874 -0.000345267
vn 0.01587099 0.999874 -0.000345267
vn 0.01587099 0.999874 -0.000345267
vn 0.01587099 0.999874 -0.000345267
vn 0.01587099 -0.999874 -0.000345267
vn 0.01587099 -0.999874 -0.000345267
vn 0.01587099 -0.999874 -0.000345267
vn 0.01587099 -0.999874 -0.000345267
vn 0.01587099 0.999874 -0.000345267
vn 0.01587099 0.999874 -0.000345267
vn 0.01587099 0.999874 -0.000345267
vn 0.01587099 0.999874 -0.000345267
vn 0.01587099 0.999874 -0.000345267
vn 0.01587099 0.999874 -0.000345267
vn 0.04761302 -0.04761302 0.9977304
vn 0.04761302 -0.04761302 0.9977304
vn 0.04761302 -0.04761302 0.9977304
vn 0.04761302 -0.04761302 0.9977304
vn 0.01587099 -0.999874 -0.000345267
vn 0.01587099 -0.999874 -0.000345267
vn 0.01587099 -0.999874 -0.000345267
vn 0.01587099 -0.999874 -0.000345267
vn 0.04761302 -0.04761302 0.9977304
vn 0.04761302 -0.04761302 0.9977304
vn 0.04761302 -0.04761302 0.9977304
vn 0.04761302 -0.04761302 0.9977304
vn 0.01587099 -0.999874 -0.000345267
vn 0.01587099 -0.999874 -0.000345267
vn 0.01587099 -0.999874 -0.000345267
vn 0.01587099 -0.999874 -0.000345267
vn 0.04761302 -0.04761302 0.9977304
vn 0.04761302 -0.04761302 0.9977304
vn 0.04761302 -0.04761302 0.9977304
vn 0.04761302 -0.04761302 0.9977304
vn 0.01587099 -0.999874 -0.000345267
vn 0.01587099 -0.999874 -0.000345267
vn 0.01587099 -0.999874 -0.000345267
vn 0.01587099 -0.999874 -0.000345267
vn 0.04761302 -0.04761302 -0.9977304
vn 0.04761302 -0.04761302 -0.9977304
vn 0.04761302 -0.04761302 -0.9977304
vn 0.04761302 -0.04761302 -0.9977304
vn 0.999874 -0.01587099 -0.000346655
vn 0.999874 -0.01587099 -0.000346655
vn 0.999874 -0.01587099 -0.000346655
vn 0.999874 -0.01587099 -0.000346655
vn -0.968132 -0.04761302 0.2458728
vn -0.968132 -0.04761302 0.2458728
vn -0.968132 -0.04761302 0.2458728
vn -0.968132 -0.04761302 0.2458728
vn -0.968132 -0.04761302 0.2458728
vn -0.968132 -0.04761302 0.2458728
vn -0.968132 -0.04761302 0.2458728
vn -0.968132 -0.04761302 0.2458728
vn 0.999874 -0.01587099 -0.000346655
vn 0.999874 -0.01587099 -0.000346655
vn 0.999874 -0.01587099 -0.000346655
vn 0.999874 -0.01587099 -0.000346655
vn 0.01587099 -0.999874 -0.000345267
vn 0.01587099 -0.999874 -0.000345267
vn 0.01587099 -0.999874 -0.000345267
vn 0.01587099 -0.999874 -0.000345267
vn -0.968132 -0.04761302 0.2458728
vn -0.968132 -0.04761302 0.2458728
vn -0.968132 -0.04761302 0.2458728
vn -0.968132 -0.04761302 0.2458728
vn 0.999874 -0.01587099 -0.000346655
vn 0.999874 -0.01587099 -0.000346655
vn 0.999874 -0.01587099 -0.000346655
vn 0.999874 -0.01587099 -0.000346655
vn 0.01587099 -0.999874 -0.000345267
vn 0.01587099 -0.999874 -0.000345267
vn 0.01587099 -0.999874 -0.000345267
vn 0.01587099 -0.999874 -0.000345267
vn 0.999874 -0.01587099 -0.000346655
vn 0.999874 -0.01587099 -0.000346655
vn 0.999874 -0.01587099 -0.000346655
vn 0.999874 -0.01587099 -0.000346655
vn -0.968132 -0.04761302 0.2458728
vn -0.968132 -0.04761302 0.2458728
vn -0.968132 -0.04761302 0.2458728
vn -0.968132 -0.04761302 0.2458728
vn 0.04761302 -0.04761302 -0.9977304
vn 0.04761302 -0.04761302 -0.9977304
vn 0.04761302 -0.04761302 -0.9977304
vn 0.04761302 -0.04761302 -0.9977304
vn 0.999874 -0.01587099 -0.000346655
vn 0.999874 -0.01587099 -0.000346655
vn 0.999874 -0.01587099 -0.000346655
vn 0.999874 -0.01587099 -0.000346655
vn 0.04761302 -0.04761302 0.9977304
vn 0.04761302 -0.04761302 0.9977304
vn 0.04761302 -0.04761302 0.9977304
vn 0.04761302 -0.04761302 0.9977304
vn 0.01587099 -0.999874 -0.000345267
vn 0.01587099 -0.999874 -0.000345267
vn 0.01587099 -0.999874 -0.000345267
vn 0.01587099 -0.999874 -0.000345267
vn 0.01587099 0.999874 -0.000345267
vn 0.01587099 0.999874 -0.000345267
vn 0.01587099 0.999874 -0.000345267
vn 0.01587099 0.999874 -0.000345267
vn 0.01587099 0.999874 -0.000345267
vn 0.01587099 0.999874 -0.000345267
vn 0.01587099 0.999874 -0.000345267
vn 0.01587099 0.999874 -0.000345267
vn 0.01587099 0.999874 -0.000345267
vn 0.01587099 0.999874 -0.000345267
vn 0.01587099 0.999874 -0.000345267
vn 0.01587099 0.999874 -0.000345267
vn 0.01587099 -0.999874 -0.000345267
vn 0.01587099 -0.999874 -0.000345267
vn 0.01587099 -0.999874 -0.000345267
vn 0.01587099 -0.999874 -0.000345267
vn 0.01587099 0.999874 -0.000345267
vn 0.01587099 0.999874 -0.000345267
vn 0.01587099 0.999874 -0.000345267
vn 0.01587099 0.999874 -0.000345267
vn 0.01587099 -0.999874 -0.000345267
vn 0.01587099 -0.999874 -0.000345267
vn 0.01587099 -0.999874 -0.000345267
vn 0.01587099 -0.999874 -0.000345267
vn 0.01587099 0.999874 -0.000345267
vn 0.01587099 0.999874 -0.000345267
vn 0.01587099 0.999874 -0.000345267
vn 0.01587099 0.999874 -0.000345267
vn 0.01587099 -0.999874 -0.000345267
vn 0.01587099 -0.999874 -0.000345267
vn 0.01587099 -0.999874 -0.000345267
vn 0.01587099 -0.999874 -0.000345267
vn 0.01587099 0.999874 -0.000345267
vn 0.01587099 0.999874 -0.000345267
vn 0.01587099 0.999874 -0.000345267
vn 0.01587099 0.999874 -0.000345267
vn 0.01587099 -0.999874 -0.000345267
vn 0.01587099 -0.999874 -0.000345267
vn 0.01587099 -0.999874 -0.000345267
vn 0.01587099 -0.999874 -0.000345267
vn 0.01587099 0.999874 -0.000345267
vn 0.01587099 0.999874 -0.000345267
vn 0.01587099 0.999874 -0.000345267
vn 0.01587099 0.999874 -0.000345267
vn 0.01587099 -0.999874 -0.000345267
vn 0.01587099 -0.999874 -0.000345267
vn 0.01587099 -0.999874 -0.000345267
vn 0.01587099 -0.999874 -0.000345267
vn 0.01587099 -0.999874 -0.000345267
vn 0.01587099 -0.999874 -0.000345267
vn 0.01587099 -0.999874 -0.000345267
vn 0.01587099 -0.999874 -0.000345267
vn 0.01587099 -0.999874 -0.000345267
vn 0.01587099 -0.999874 -0.000345267
vn 0.01587099 -0.999874 -0.000345267
vn 0.01587099 -0.999874 -0.000345267
vn 0.01587099 0.999874 -0.000345267
vn 0.01587099 0.999874 -0.000345267
vn 0.01587099 0.999874 -0.000345267
vn 0.01587099 0.999874 -0.000345267
vn 0.01587099 -0.999874 -0.000345267
vn 0.01587099 -0.999874 -0.000345267
vn 0.01587099 -0.999874 -0.000345267
vn 0.01587099 -0.999874 -0.000345267
vn 0.01587099 0.999874 -0.000345267
vn 0.01587099 0.999874 -0.000345267
vn 0.01587099 0.999874 -0.000345267
vn 0.01587099 0.999874 -0.000345267
vn 0.01587099 -0.999874 -0.000345267
vn 0.01587099 -0.999874 -0.000345267
vn 0.01587099 -0.999874 -0.000345267
vn 0.01587099 -0.999874 -0.000345267
vn 0.01587099 0.999874 -0.000345267
vn 0.01587099 0.999874 -0.000345267
vn 0.01587099 0.999874 -0.000345267
vn 0.01587099 0.999874 -0.000345267
vn 0.01587099 0.999874 -0.000345267
vn 0.01587099 0.999874 -0.000345267
vn 0.01587099 0.999874 -0.000345267
vn 0.01587099 0.999874 -0.000345267
vn 0.01587099 0.999874 -0.000345267
vn 0.01587099 0.999874 -0.000345267
vn 0.01587099 0.999874 -0.000345267
vn 0.01587099 0.999874 -0.000345267
vn 0.01587099 0.999874 -0.000345267
vn 0.01587099 0.999874 -0.000345267
vn 0.01587099 0.999874 -0.000345267
vn 0.01587099 0.999874 -0.000345267
vn 0.01587099 0.999874 -0.000345267
vn 0.01587099 0.999874 -0.000345267
vn 0.01587099 0.999874 -0.000345267
vn 0.01587099 0.999874 -0.000345267
vn 0.04761302 -0.04761302 -0.9977304
vn 0.04761302 -0.04761302 -0.9977304
vn 0.04761302 -0.04761302 -0.9977304
vn 0.04761302 -0.04761302 -0.9977304
vn -0.968132 -0.04761302 0.2458728
vn -0.968132 -0.04761302 0.2458728
vn -0.968132 -0.04761302 0.2458728
vn -0.968132 -0.04761302 0.2458728
vn 0.04761302 -0.04761302 0.9977304
vn 0.04761302 -0.04761302 0.9977304
vn 0.04761302 -0.04761302 0.9977304
vn 0.04761302 -0.04761302 0.9977304
vn 0.999874 -0.01587099 -0.000346655
vn 0.999874 -0.01587099 -0.000346655
vn 0.999874 -0.01587099 -0.000346655
vn 0.999874 -0.01587099 -0.000346655
vn 0.04761302 -0.04761302 0.9977304
vn 0.04761302 -0.04761302 0.9977304
vn 0.04761302 -0.04761302 0.9977304
vn 0.04761302 -0.04761302 0.9977304
vn 0.04761302 -0.04761302 -0.9977304
vn 0.04761302 -0.04761302 -0.9977304
vn 0.04761302 -0.04761302 -0.9977304
vn 0.04761302 -0.04761302 -0.9977304
vn 0.04761302 -0.04761302 0.9977304
vn 0.04761302 -0.04761302 0.9977304
vn 0.04761302 -0.04761302 0.9977304
vn 0.04761302 -0.04761302 0.9977304
vn 0.04761302 -0.04761302 0.9977304
vn 0.04761302 -0.04761302 0.9977304
vn 0.04761302 -0.04761302 0.9977304
vn 0.04761302 -0.04761302 0.9977304
vn 0.04761302 -0.04761302 -0.9977304
vn 0.04761302 -0.04761302 -0.9977304
vn 0.04761302 -0.04761302 -0.9977304
vn 0.04761302 -0.04761302 -0.9977304
vn 0.04761302 -0.04761302 -0.9977304
vn 0.04761302 -0.04761302 -0.9977304
vn 0.04761302 -0.04761302 -0.9977304
vn 0.04761302 -0.04761302 -0.9977304
vn 0.04761302 -0.04761302 -0.9977304
vn 0.04761302 -0.04761302 -0.9977304
vn 0.04761302 -0.04761302 -0.9977304
vn 0.04761302 -0.04761302 -0.9977304
vn 0.04761302 -0.04761302 0.9977304
vn 0.04761302 -0.04761302 0.9977304
vn 0.04761302 -0.04761302 0.9977304
vn 0.04761302 -0.04761302 0.9977304
vn 0.01587099 0.999874 -0.000345267
vn 0.01587099 0.999874 -0.000345267
vn 0.01587099 0.999874 -0.000345267
vn 0.01587099 0.999874 -0.000345267
vn 0.04761302 -0.04761302 -0.9977304
vn 0.04761302 -0.04761302 -0.9977304
vn 0.04761302 -0.04761302 -0.9977304
vn 0.04761302 -0.04761302 -0.9977304
vn 0.04761302 -0.04761302 -0.9977304
vn 0.04761302 -0.04761302 -0.9977304
vn 0.04761302 -0.04761302 -0.9977304
vn 0.04761302 -0.04761302 -0.9977304
vn 0.01587099 0.999874 -0.000345267
vn 0.01587099 0.999874 -0.000345267
vn 0.01587099 0.999874 -0.000345267
vn 0.01587099 0.999874 -0.000345267
vn 0.04761302 -0.04761302 0.9977304
vn 0.04761302 -0.04761302 0.9977304
vn 0.04761302 -0.04761302 0.9977304
vn 0.04761302 -0.04761302 0.9977304
vn 0.01587099 -0.999874 -0.000345267
vn 0.01587099 -0.999874 -0.000345267
vn 0.01587099 -0.999874 -0.000345267
vn 0.01587099 -0.999874 -0.000345267
vn 0.04761302 -0.04761302 0.9977304
vn 0.04761302 -0.04761302 0.9977304
vn 0.04761302 -0.04761302 0.9977304
vn 0.04761302 -0.04761302 0.9977304
vn 0.01587099 -0.999874 -0.000345267
vn 0.01587099 -0.999874 -0.000345267
vn 0.01587099 -0.999874 -0.000345267
vn 0.01587099 -0.999874 -0.000345267
vn 0.04761302 -0.04761302 0.9977304
vn 0.04761302 -0.04761302 0.9977304
vn 0.04761302 -0.04761302 0.9977304
vn 0.04761302 -0.04761302 0.9977304
vn 0.01587099 -0.999874 -0.000345267
vn 0.01587099 -0.999874 -0.000345267
vn 0.01587099 -0.999874 -0.000345267
vn 0.01587099 -0.999874 -0.000345267
vn 0.04761302 -0.04761302 -0.9977304
vn 0.04761302 -0.04761302 -0.9977304
vn 0.04761302 -0.04761302 -0.9977304
vn 0.04761302 -0.04761302 -0.9977304
vn 0.04761302 -0.04761302 -0.9977304
vn 0.04761302 -0.04761302 -0.9977304
vn 0.04761302 -0.04761302 -0.9977304
vn 0.04761302 -0.04761302 -0.9977304
vn 0.04761302 -0.04761302 0.9977304
vn 0.04761302 -0.04761302 0.9977304
vn 0.04761302 -0.04761302 0.9977304
vn 0.04761302 -0.04761302 0.9977304
vn 0.01587099 -0.999874 -0.000345267
vn 0.01587099 -0.999874 -0.000345267
vn 0.01587099 -0.999874 -0.000345267
vn 0.01587099 -0.999874 -0.000345267
vn 0.01587099 0.999874 -0.000345267
vn 0.01587099 0.999874 -0.000345267
vn 0.01587099 0.999874 -0.000345267
vn 0.01587099 0.999874 -0.000345267
vn 0.01587099 0.999874 -0.000345267
vn 0.01587099 0.999874 -0.000345267
vn 0.01587099 -0.999874 -0.000345267
vn 0.01587099 -0.999874 -0.000345267
vn 0.01587099 -0.999874 -0.000345267
vn 0.01587099 -0.999874 -0.000345267
vn 0.01587099 -0.999874 -0.000345267
vn 0.01587099 -0.999874 -0.000345267
vn 0.01587099 -0.999874 -0.000345267
vn 0.01587099 -0.999874 -0.000345267
vn 0.01587099 -0.999874 -0.000345267
vn 0.01587099 -0.999874 -0.000345267
vn 0.01587099 -0.999874 -0.000345267
vn 0.01587099 -0.999874 -0.000345267
vn 0.01587099 -0.999874 -0.000345267
vn 0.01587099 -0.999874 -0.000345267
vn 0.01587099 -0.999874 -0.000345267
vn 0.01587099 -0.999874 -0.000345267
vn 0.01587099 0.999874 -0.000345267
vn 0.01587099 0.999874 -0.000345267
vn 0.01587099 0.999874 -0.000345267
vn 0.01587099 0.999874 -0.000345267
vn 0.01587099 0.999874 -0.000345267
vn 0.01587099 0.999874 -0.000345267
vn 0.01587099 0.999874 -0.000345267
vn 0.01587099 0.999874 -0.000345267
vn 0.01587099 0.999874 -0.000345267
vn 0.01587099 0.999874 -0.000345267
vn 0.01587099 0.999874 -0.000345267
vn 0.01587099 0.999874 -0.000345267
vn 0.01587099 0.999874 -0.000345267
vn 0.01587099 0.999874 -0.000345267
vn 0.01587099 0.999874 -0.000345267
vn 0.01587099 0.999874 -0.000345267
vn 0.01587099 0.999874 -0.000345267
vn 0.01587099 0.999874 -0.000345267
vn 0.01587099 0.999874 -0.000345267
vn 0.01587099 0.999874 -0.000345267
vn 0.04761302 -0.04761302 -0.9977304
vn 0.04761302 -0.04761302 -0.9977304
vn 0.04761302 -0.04761302 -0.9977304
vn 0.04761302 -0.04761302 -0.9977304
vn 0.04761302 -0.04761302 0.9977304
vn 0.04761302 -0.04761302 0.9977304
vn 0.04761302 -0.04761302 0.9977304
vn 0.04761302 -0.04761302 0.9977304
vn 0.999874 -0.01587099 -0.000346655
vn 0.999874 -0.01587099 -0.000346655
vn 0.999874 -0.01587099 -0.000346655
vn 0.999874 -0.01587099 -0.000346655
vn -0.968132 -0.04761302 0.2458728
vn -0.968132 -0.04761302 0.2458728
vn -0.968132 -0.04761302 0.2458728
vn -0.968132 -0.04761302 0.2458728
vn 0.999874 -0.01587099 -0.000346655
vn 0.999874 -0.01587099 -0.000346655
vn 0.999874 -0.01587099 -0.000346655
vn 0.999874 -0.01587099 -0.000346655
vn 0.999874 -0.01587099 -0.000346655
vn 0.999874 -0.01587099 -0.000346655
vn 0.999874 -0.01587099 -0.000346655
vn 0.999874 -0.01587099 -0.000346655
vn 0.999874 -0.01587099 -0.000346655
vn 0.999874 -0.01587099 -0.000346655
vn -0.968132 -0.04761302 0.2458728
vn -0.968132 -0.04761302 0.2458728
vn -0.968132 -0.04761302 0.2458728
vn -0.968132 -0.04761302 0.2458728
vn -0.968132 -0.04761302 0.2458728
vn -0.968132 -0.04761302 0.2458728
vn -0.968132 -0.04761302 0.2458728
vn -0.968132 -0.04761302 0.2458728
vn -0.968132 -0.04761302 0.2458728
vn -0.968132 -0.04761302 0.2458728
vn -0.968132 -0.04761302 0.2458728
vn -0.968132 -0.04761302 0.2458728
vn 0.01587099 -0.999874 -0.000345267
vn 0.01587099 -0.999874 -0.000345267
vn 0.01587099 -0.999874 -0.000345267
vn 0.01587099 -0.999874 -0.000345267
vn 0.01587099 0.999874 -0.000345267
vn 0.01587099 0.999874 -0.000345267
vn 0.01587099 0.999874 -0.000345267
vn 0.01587099 0.999874 -0.000345267
vn 0.01587099 0.999874 -0.000345267
vn 0.01587099 0.999874 -0.000345267
vn 0.999874 -0.01587099 -0.000346655
vn 0.999874 -0.01587099 -0.000346655
vn 0.999874 -0.01587099 -0.000346655
vn 0.999874 -0.01587099 -0.000346655
vn -0.968132 -0.04761302 0.2458728
vn -0.968132 -0.04761302 0.2458728
vn -0.968132 -0.04761302 0.2458728
vn -0.968132 -0.04761302 0.2458728
vn -0.968132 -0.04761302 0.2458728
vn -0.968132 -0.04761302 0.2458728
vn -0.968132 -0.04761302 0.2458728
vn -0.968132 -0.04761302 0.2458728
vn 0.999874 -0.01587099 -0.000346655
vn 0.999874 -0.01587099 -0.000346655
vn 0.999874 -0.01587099 -0.000346655
vn 0.999874 -0.01587099 -0.000346655
vn 0.01587099 -0.999874 -0.000345267
vn 0.01587099 -0.999874 -0.000345267
vn 0.01587099 -0.999874 -0.000345267
vn 0.01587099 -0.999874 -0.000345267
vn -0.968132 -0.04761302 0.2458728
vn -0.968132 -0.04761302 0.2458728
vn -0.968132 -0.04761302 0.2458728
vn -0.968132 -0.04761302 0.2458728
vn 0.999874 -0.01587099 -0.000346655
vn 0.999874 -0.01587099 -0.000346655
vn 0.999874 -0.01587099 -0.000346655
vn 0.999874 -0.01587099 -0.000346655
vn 0.01587099 -0.999874 -0.000345267
vn 0.01587099 -0.999874 -0.000345267
vn 0.01587099 -0.999874 -0.000345267
vn 0.01587099 -0.999874 -0.000345267
vn 0.01587099 -0.999874 -0.000345267
vn 0.01587099 -0.999874 -0.000345267
vn 0.999874 -0.01587099 -0.000346655
vn 0.999874 -0.01587099 -0.000346655
vn 0.999874 -0.01587099 -0.000346655
vn 0.999874 -0.01587099 -0.000346655
vn -0.968132 -0.04761302 0.2458728
vn -0.968132 -0.04761302 0.2458728
vn -0.968132 -0.04761302 0.2458728
vn -0.968132 -0.04761302 0.2458728
vn 0.999874 -0.01587099 -0.000346655
vn 0.999874 -0.01587099 -0.000346655
vn 0.999874 -0.01587099 -0.000346655
vn 0.999874 -0.01587099 -0.000346655
vn 0.01587099 0.999874 -0.000345267
vn 0.01587099 0.999874 -0.000345267
vn 0.01587099 0.999874 -0.000345267
vn 0.01587099 0.999874 -0.000345267
vn 0.01587099 0.999874 -0.000345267
vn 0.01587099 0.999874 -0.000345267
vn 0.01587099 0.999874 -0.000345267
vn 0.01587099 0.999874 -0.000345267
vn 0.01587099 0.999874 -0.000345267
vn 0.01587099 0.999874 -0.000345267
vn 0.01587099 0.999874 -0.000345267
vn 0.01587099 0.999874 -0.000345267
vn 0.01587099 -0.999874 -0.000345267
vn 0.01587099 -0.999874 -0.000345267
vn 0.01587099 -0.999874 -0.000345267
vn 0.01587099 -0.999874 -0.000345267
vn 0.01587099 -0.999874 -0.000345267
vn 0.01587099 -0.999874 -0.000345267
vn 0.01587099 -0.999874 -0.000345267
vn 0.01587099 -0.999874 -0.000345267
vn 0.01587099 0.999874 -0.000345267
vn 0.01587099 0.999874 -0.000345267
vn 0.01587099 0.999874 -0.000345267
vn 0.01587099 0.999874 -0.000345267
vn 0.01587099 0.999874 -0.000345267
vn 0.01587099 0.999874 -0.000345267
vn 0.01587099 0.999874 -0.000345267
vn 0.01587099 0.999874 -0.000345267
vn 0.01587099 0.999874 -0.000345267
vn 0.01587099 0.999874 -0.000345267
vn 0.01587099 0.999874 -0.000345267
vn 0.01587099 0.999874 -0.000345267
vn 0.01587099 -0.999874 -0.000345267
vn 0.01587099 -0.999874 -0.000345267
vn 0.01587099 -0.999874 -0.000345267
vn 0.01587099 -0.999874 -0.000345267
vn 0.01587099 -0.999874 -0.000345267
vn 0.01587099 -0.999874 -0.000345267
vn 0.01587099 -0.999874 -0.000345267
vn 0.01587099 -0.999874 -0.000345267
vn 0.01587099 -0.999874 -0.000345267
vn 0.01587099 -0.999874 -0.000345267
vn 0.01587099 -0.999874 -0.000345267
vn 0.01587099 -0.999874 -0.000345267
vn 0.01587099 0.999874 -0.000345267
vn 0.01587099 0.999874 -0.000345267
vn 0.01587099 0.999874 -0.000345267
vn 0.01587099 0.999874 -0.000345267
vn 0.01587099 0.999874 -0.000345267
vn 0.01587099 0.999874 -0.000345267
vn 0.01587099 0.999874 -0.000345267
vn 0.01587099 0.999874 -0.000345267
vn -0.968132 -0.04761302 0.2458728
vn -0.968132 -0.04761302 0.2458728
vn -0.968132 -0.04761302 0.2458728
vn -0.968132 -0.04761302 0.2458728
vn 0.999874 -0.01587099 -0.000346655
vn 0.999874 -0.01587099 -0.000346655
vn 0.999874 -0.01587099 -0.000346655
vn 0.999874 -0.01587099 -0.000346655
vn 0.04761302 -0.04761302 0.9977304
vn 0.04761302 -0.04761302 0.9977304
vn 0.04761302 -0.04761302 0.9977304
vn 0.04761302 -0.04761302 0.9977304
vn 0.999874 -0.01587099 -0.000346655
vn 0.999874 -0.01587099 -0.000346655
vn 0.999874 -0.01587099 -0.000346655
vn 0.999874 -0.01587099 -0.000346655
vn 0.04761302 -0.04761302 -0.9977304
vn 0.04761302 -0.04761302 -0.9977304
vn 0.04761302 -0.04761302 -0.9977304
vn 0.04761302 -0.04761302 -0.9977304
vn -0.968132 -0.04761302 0.2458728
vn -0.968132 -0.04761302 0.2458728
vn -0.968132 -0.04761302 0.2458728
vn -0.968132 -0.04761302 0.2458728
vn 0.04761302 -0.04761302 0.9977304
vn 0.04761302 -0.04761302 0.9977304
vn 0.04761302 -0.04761302 0.9977304
vn 0.04761302 -0.04761302 0.9977304
vn 0.999874 -0.01587099 -0.000346655
vn 0.999874 -0.01587099 -0.000346655
vn 0.999874 -0.01587099 -0.000346655
vn 0.999874 -0.01587099 -0.000346655
vn 0.04761302 -0.04761302 -0.9977304
vn 0.04761302 -0.04761302 -0.9977304
vn 0.04761302 -0.04761302 -0.9977304
vn 0.04761302 -0.04761302 -0.9977304
vn -0.968132 -0.04761302 0.2458728
vn -0.968132 -0.04761302 0.2458728
vn -0.968132 -0.04761302 0.2458728
vn -0.968132 -0.04761302 0.2458728
vn 0.04761302 -0.04761302 0.9977304
vn 0.04761302 -0.04761302 0.9977304
vn 0.04761302 -0.04761302 0.9977304
vn 0.04761302 -0.04761302 0.9977304
vn 0.999874 -0.01587099 -0.000346655
vn 0.999874 -0.01587099 -0.000346655
vn 0.999874 -0.01587099 -0.000346655
vn 0.999874 -0.01587099 -0.000346655
vn 0.04761302 -0.04761302 -0.9977304
vn 0.04761302 -0.04761302 -0.9977304
vn 0.04761302 -0.04761302 -0.9977304
vn 0.04761302 -0.04761302 -0.9977304
vn -0.968132 -0.04761302 0.2458728
vn -0.968132 -0.04761302 0.2458728
vn -0.968132 -0.04761302 0.2458728
vn -0.968132 -0.04761302 0.2458728
vn 0.04761302 -0.04761302 0.9977304
vn 0.04761302 -0.04761302 0.9977304
vn 0.04761302 -0.04761302 0.9977304
vn 0.04761302 -0.04761302 0.9977304
vn 0.999874 -0.01587099 -0.000346655
vn 0.999874 -0.01587099 -0.000346655
vn 0.999874 -0.01587099 -0.000346655
vn 0.999874 -0.01587099 -0.000346655
vn 0.04761302 -0.04761302 -0.9977304
vn 0.04761302 -0.04761302 -0.9977304
vn 0.04761302 -0.04761302 -0.9977304
vn 0.04761302 -0.04761302 -0.9977304
vn -0.968132 -0.04761302 0.2458728
vn -0.968132 -0.04761302 0.2458728
vn -0.968132 -0.04761302 0.2458728
vn -0.968132 -0.04761302 0.2458728
vn 0.04761302 -0.04761302 0.9977304
vn 0.04761302 -0.04761302 0.9977304
vn 0.04761302 -0.04761302 0.9977304
vn 0.04761302 -0.04761302 0.9977304
vn 0.999874 -0.01587099 -0.000346655
vn 0.999874 -0.01587099 -0.000346655
vn 0.999874 -0.01587099 -0.000346655
vn 0.999874 -0.01587099 -0.000346655
vn 0.04761302 -0.04761302 -0.9977304
vn 0.04761302 -0.04761302 -0.9977304
vn 0.04761302 -0.04761302 -0.9977304
vn 0.04761302 -0.04761302 -0.9977304
vn -0.968132 -0.04761302 0.2458728
vn -0.968132 -0.04761302 0.2458728
vn -0.968132 -0.04761302 0.2458728
vn -0.968132 -0.04761302 0.2458728
vn 0.04761302 -0.04761302 0.9977304
vn 0.04761302 -0.04761302 0.9977304
vn 0.04761302 -0.04761302 0.9977304
vn 0.04761302 -0.04761302 0.9977304
vn 0.999874 -0.01587099 -0.000346655
vn 0.999874 -0.01587099 -0.000346655
vn 0.999874 -0.01587099 -0.000346655
vn 0.999874 -0.01587099 -0.000346655
vn 0.04761302 -0.04761302 -0.9977304
vn 0.04761302 -0.04761302 -0.9977304
vn 0.04761302 -0.04761302 -0.9977304
vn 0.04761302 -0.04761302 -0.9977304
vn -0.968132 -0.04761302 0.2458728
vn -0.968132 -0.04761302 0.2458728
vn -0.968132 -0.04761302 0.2458728
vn -0.968132 -0.04761302 0.2458728
vn 0.04761302 -0.04761302 0.9977304
vn 0.04761302 -0.04761302 0.9977304
vn 0.04761302 -0.04761302 0.9977304
vn 0.04761302 -0.04761302 0.9977304
vn 0.999874 -0.01587099 -0.000346655
vn 0.999874 -0.01587099 -0.000346655
vn 0.999874 -0.01587099 -0.000346655
vn 0.999874 -0.01587099 -0.000346655
vn 0.04761302 -0.04761302 -0.9977304
vn 0.04761302 -0.04761302 -0.9977304
vn 0.04761302 -0.04761302 -0.9977304
vn 0.04761302 -0.04761302 -0.9977304
vn -0.968132 -0.04761302 0.2458728
vn -0.968132 -0.04761302 0.2458728
vn -0.968132 -0.04761302 0.2458728
vn -0.968132 -0.04761302 0.2458728
vn 0.04761302 -0.04761302 0.9977304
vn 0.04761302 -0.04761302 0.9977304
vn 0.04761302 -0.04761302 0.9977304
vn 0.04761302 -0.04761302 0.9977304
vn 0.999874 -0.01587099 -0.000346655
vn 0.999874 -0.01587099 -0.000346655
vn 0.999874 -0.01587099 -0.000346655
vn 0.999874 -0.01587099 -0.000346655
vn 0.04761302 -0.04761302 -0.9977304
vn 0.04761302 -0.04761302 -0.9977304
vn 0.04761302 -0.04761302 -0.9977304
vn 0.04761302 -0.04761302 -0.9977304
vn -0.968132 -0.04761302 0.2458728
vn -0.968132 -0.04761302 0.2458728
vn -0.968132 -0.04761302 0.2458728
vn -0.968132 -0.04761302 0.2458728
g DSJ_GTA_diLou_31_0
f 3/3/3 2/2/2 1/1/1
f 4/4/4 1/1/1 2/2/2
f 7/7/7 6/6/6 5/5/5
f 8/8/8 5/5/5 6/6/6
f 11/11/11 10/10/10 9/9/9
f 12/12/12 9/9/9 10/10/10
f 15/15/15 14/14/14 13/13/13
f 16/16/16 13/13/13 14/14/14
f 19/19/19 18/18/18 17/17/17
f 20/20/20 17/17/17 18/18/18
f 20/20/20 18/18/18 21/21/21
f 22/22/22 21/21/21 18/18/18
f 25/25/25 24/24/24 23/23/23
f 26/26/26 23/23/23 24/24/24
f 29/29/29 28/28/28 27/27/27
f 30/30/30 27/27/27 28/28/28
f 29/29/29 27/27/27 31/31/31
f 32/32/32 31/31/31 27/27/27
f 35/35/35 34/34/34 33/33/33
f 36/36/36 33/33/33 34/34/34
f 39/39/39 38/38/38 37/37/37
f 40/40/40 37/37/37 38/38/38
f 43/43/43 42/42/42 41/41/41
f 46/46/46 45/45/45 44/44/44
f 49/49/49 48/48/48 47/47/47
f 52/52/52 51/51/51 50/50/50
f 55/55/55 54/54/54 53/53/53
f 58/58/58 57/57/57 56/56/56
f 60/60/60 56/56/56 59/59/59
f 63/63/63 62/62/62 61/61/61
f 64/64/64 61/61/61 62/62/62
f 67/67/67 66/66/66 65/65/65
f 70/70/70 69/69/69 68/68/68
f 73/73/73 72/72/72 71/71/71
f 76/76/76 75/75/75 74/74/74
f 79/79/79 78/78/78 77/77/77
f 82/82/82 81/81/81 80/80/80
f 85/85/85 84/84/84 83/83/83
f 87/87/87 83/83/83 86/86/86
f 90/90/90 89/89/89 88/88/88
f 91/91/91 88/88/88 89/89/89
f 94/94/94 93/93/93 92/92/92
f 97/97/97 96/96/96 95/95/95
f 100/100/100 99/99/99 98/98/98
f 103/103/103 102/102/102 101/101/101
f 106/106/106 105/105/105 104/104/104
f 109/109/109 108/108/108 107/107/107
f 112/112/112 111/111/111 110/110/110
f 114/114/114 110/110/110 113/113/113
f 117/117/117 116/116/116 115/115/115
f 118/118/118 115/115/115 116/116/116
f 121/121/121 120/120/120 119/119/119
f 124/124/124 123/123/123 122/122/122
f 125/125/125 122/122/122 123/123/123
f 123/123/123 127/127/127 126/126/126
f 128/128/128 126/126/126 127/127/127
f 131/131/131 130/130/130 129/129/129
f 132/132/132 129/129/129 130/130/130
f 135/135/135 134/134/134 133/133/133
f 136/136/136 133/133/133 134/134/134
f 139/139/139 138/138/138 137/137/137
f 140/140/140 137/137/137 138/138/138
f 143/143/143 142/142/142 141/141/141
f 144/144/144 141/141/141 142/142/142
f 147/147/147 146/146/146 145/145/145
f 148/148/148 145/145/145 146/146/146
f 151/151/151 150/150/150 149/149/149
f 152/152/152 149/149/149 150/150/150
f 155/155/155 154/154/154 153/153/153
f 156/156/156 153/153/153 154/154/154
f 156/156/156 158/158/158 157/157/157
f 159/159/159 157/157/157 158/158/158
f 162/162/162 161/161/161 160/160/160
f 163/163/163 160/160/160 161/161/161
f 166/166/166 165/165/165 164/164/164
f 167/167/167 164/164/164 165/165/165
f 170/170/170 169/169/169 168/168/168
f 171/171/171 168/168/168 169/169/169
f 174/174/174 173/173/173 172/172/172
f 175/175/175 172/172/172 173/173/173
f 178/178/178 177/177/177 176/176/176
f 179/179/179 176/176/176 177/177/177
f 182/182/182 181/181/181 180/180/180
f 183/183/183 180/180/180 181/181/181
f 186/186/186 185/185/185 184/184/184
f 187/187/187 184/184/184 185/185/185
f 185/185/185 186/186/186 188/188/188
f 189/189/189 188/188/188 186/186/186
f 192/192/192 191/191/191 190/190/190
f 193/193/193 190/190/190 191/191/191
f 196/196/196 195/195/195 194/194/194
f 197/197/197 194/194/194 195/195/195
f 200/200/200 199/199/199 198/198/198
f 201/201/201 198/198/198 199/199/199
f 204/204/204 203/203/203 202/202/202
f 205/205/205 202/202/202 203/203/203
f 208/208/208 207/207/207 206/206/206
f 209/209/209 206/206/206 207/207/207
f 212/212/212 211/211/211 210/210/210
f 213/213/213 210/210/210 211/211/211
f 216/216/216 215/215/215 214/214/214
f 217/217/217 214/214/214 215/215/215
f 220/220/220 219/219/219 218/218/218
f 221/221/221 218/218/218 219/219/219
f 224/224/224 223/223/223 222/222/222
f 225/225/225 222/222/222 223/223/223
f 228/228/228 227/227/227 226/226/226
f 229/229/229 226/226/226 227/227/227
f 232/232/232 231/231/231 230/230/230
f 233/233/233 230/230/230 231/231/231
f 236/236/236 235/235/235 234/234/234
f 237/237/237 234/234/234 235/235/235
f 235/235/235 238/238/238 237/237/237
f 239/239/239 237/237/237 238/238/238
f 239/239/239 238/238/238 240/240/240
f 241/241/241 240/240/240 238/238/238
f 244/244/244 243/243/243 242/242/242
f 245/245/245 242/242/242 243/243/243
f 248/248/248 247/247/247 246/246/246
f 249/249/249 246/246/246 247/247/247
f 252/252/252 251/251/251 250/250/250
f 253/253/253 250/250/250 251/251/251
f 256/256/256 255/255/255 254/254/254
f 257/257/257 254/254/254 255/255/255
f 260/260/260 259/259/259 258/258/258
f 261/261/261 258/258/258 259/259/259
f 264/264/264 263/263/263 262/262/262
f 265/265/265 262/262/262 263/263/263
f 268/268/268 267/267/267 266/266/266
f 269/269/269 266/266/266 267/267/267
f 272/272/272 271/271/271 270/270/270
f 273/273/273 270/270/270 271/271/271
f 276/276/276 275/275/275 274/274/274
f 277/277/277 274/274/274 275/275/275
f 275/275/275 276/276/276 278/278/278
f 279/279/279 278/278/278 276/276/276
f 282/282/282 281/281/281 280/280/280
f 283/283/283 280/280/280 281/281/281
f 286/286/286 285/285/285 284/284/284
f 287/287/287 284/284/284 285/285/285
f 290/290/290 289/289/289 288/288/288
f 291/291/291 288/288/288 289/289/289
f 294/294/294 293/293/293 292/292/292
f 295/295/295 292/292/292 293/293/293
f 298/298/298 297/297/297 296/296/296
f 299/299/299 296/296/296 297/297/297
f 302/302/302 301/301/301 300/300/300
f 303/303/303 300/300/300 301/301/301
f 306/306/306 305/305/305 304/304/304
f 307/307/307 304/304/304 305/305/305
f 310/310/310 309/309/309 308/308/308
f 311/311/311 308/308/308 309/309/309
f 314/314/314 313/313/313 312/312/312
f 315/315/315 312/312/312 313/313/313
f 318/318/318 317/317/317 316/316/316
f 319/319/319 316/316/316 317/317/317
f 322/322/322 321/321/321 320/320/320
f 323/323/323 320/320/320 321/321/321
f 326/326/326 325/325/325 324/324/324
f 327/327/327 324/324/324 325/325/325
f 330/330/330 329/329/329 328/328/328
f 331/331/331 328/328/328 329/329/329
f 334/334/334 333/333/333 332/332/332
f 335/335/335 332/332/332 333/333/333
f 338/338/338 337/337/337 336/336/336
f 339/339/339 336/336/336 337/337/337
f 342/342/342 341/341/341 340/340/340
f 343/343/343 340/340/340 341/341/341
f 346/346/346 345/345/345 344/344/344
f 347/347/347 344/344/344 345/345/345
f 350/350/350 349/349/349 348/348/348
f 351/351/351 348/348/348 349/349/349
f 354/354/354 353/353/353 352/352/352
f 355/355/355 352/352/352 353/353/353
f 358/358/358 357/357/357 356/356/356
f 359/359/359 356/356/356 357/357/357
f 362/362/362 361/361/361 360/360/360
f 363/363/363 360/360/360 361/361/361
f 366/366/366 365/365/365 364/364/364
f 367/367/367 364/364/364 365/365/365
f 370/370/370 369/369/369 368/368/368
f 371/371/371 368/368/368 369/369/369
f 374/374/374 373/373/373 372/372/372
f 375/375/375 372/372/372 373/373/373
f 378/378/378 377/377/377 376/376/376
f 379/379/379 376/376/376 377/377/377
f 382/382/382 381/381/381 380/380/380
f 383/383/383 380/380/380 381/381/381
f 386/386/386 385/385/385 384/384/384
f 387/387/387 384/384/384 385/385/385
f 390/390/390 389/389/389 388/388/388
f 391/391/391 388/388/388 389/389/389
f 394/394/394 393/393/393 392/392/392
f 395/395/395 392/392/392 393/393/393
f 398/398/398 397/397/397 396/396/396
f 399/399/399 396/396/396 397/397/397
f 402/402/402 401/401/401 400/400/400
f 403/403/403 400/400/400 401/401/401
f 406/406/406 405/405/405 404/404/404
f 407/407/407 404/404/404 405/405/405
f 410/410/410 409/409/409 408/408/408
f 411/411/411 408/408/408 409/409/409
f 414/414/414 413/413/413 412/412/412
f 415/415/415 412/412/412 413/413/413
f 418/418/418 417/417/417 416/416/416
f 419/419/419 416/416/416 417/417/417
f 422/422/422 421/421/421 420/420/420
f 423/423/423 420/420/420 421/421/421
f 426/426/426 425/425/425 424/424/424
f 427/427/427 424/424/424 425/425/425
f 430/430/430 429/429/429 428/428/428
f 431/431/431 428/428/428 429/429/429
f 434/434/434 433/433/433 432/432/432
f 435/435/435 432/432/432 433/433/433
f 438/438/438 437/437/437 436/436/436
f 439/439/439 436/436/436 437/437/437
f 442/442/442 441/441/441 440/440/440
f 443/443/443 440/440/440 441/441/441
f 446/446/446 445/445/445 444/444/444
f 447/447/447 444/444/444 445/445/445
f 450/450/450 449/449/449 448/448/448
f 451/451/451 448/448/448 449/449/449
f 454/454/454 453/453/453 452/452/452
f 455/455/455 452/452/452 453/453/453
f 458/458/458 457/457/457 456/456/456
f 459/459/459 456/456/456 457/457/457
f 462/462/462 461/461/461 460/460/460
f 463/463/463 460/460/460 461/461/461
f 466/466/466 465/465/465 464/464/464
f 467/467/467 464/464/464 465/465/465
f 464/464/464 468/468/468 466/466/466
f 469/469/469 466/466/466 468/468/468
f 472/472/472 471/471/471 470/470/470
f 473/473/473 470/470/470 471/471/471
f 470/470/470 474/474/474 472/472/472
f 475/475/475 472/472/472 474/474/474
f 478/478/478 477/477/477 476/476/476
f 479/479/479 476/476/476 477/477/477
f 482/482/482 481/481/481 480/480/480
f 483/483/483 480/480/480 481/481/481
f 486/486/486 485/485/485 484/484/484
f 487/487/487 484/484/484 485/485/485
f 490/490/490 489/489/489 488/488/488
f 491/491/491 488/488/488 489/489/489
f 494/494/494 493/493/493 492/492/492
f 495/495/495 492/492/492 493/493/493
f 498/498/498 497/497/497 496/496/496
f 499/499/499 496/496/496 497/497/497
f 502/502/502 501/501/501 500/500/500
f 503/503/503 500/500/500 501/501/501
f 506/506/506 505/505/505 504/504/504
f 507/507/507 504/504/504 505/505/505
f 510/510/510 509/509/509 508/508/508
f 511/511/511 508/508/508 509/509/509
f 514/514/514 513/513/513 512/512/512
f 515/515/515 512/512/512 513/513/513
f 518/518/518 517/517/517 516/516/516
f 519/519/519 516/516/516 517/517/517
f 522/522/522 521/521/521 520/520/520
f 523/523/523 520/520/520 521/521/521
f 521/521/521 524/524/524 523/523/523
f 525/525/525 523/523/523 524/524/524
f 528/528/528 527/527/527 526/526/526
f 529/529/529 526/526/526 527/527/527
f 526/526/526 530/530/530 528/528/528
f 531/531/531 528/528/528 530/530/530
f 534/534/534 533/533/533 532/532/532
f 535/535/535 532/532/532 533/533/533
f 534/534/534 536/536/536 533/533/533
f 537/537/537 536/536/536 534/534/534
f 538/538/538 537/537/537 534/534/534
f 541/541/541 540/540/540 539/539/539
f 542/542/542 539/539/539 540/540/540
f 545/545/545 544/544/544 543/543/543
f 546/546/546 543/543/543 544/544/544
f 549/549/549 548/548/548 547/547/547
f 550/550/550 547/547/547 548/548/548
f 548/548/548 552/552/552 551/551/551
f 553/553/553 551/551/551 552/552/552
f 556/556/556 555/555/555 554/554/554
f 557/557/557 554/554/554 555/555/555
f 560/560/560 559/559/559 558/558/558
f 561/561/561 558/558/558 559/559/559
f 564/564/564 563/563/563 562/562/562
f 565/565/565 562/562/562 563/563/563
f 562/562/562 566/566/566 564/564/564
f 567/567/567 564/564/564 566/566/566
f 565/565/565 563/563/563 568/568/568
f 569/569/569 568/568/568 563/563/563
f 572/572/572 571/571/571 570/570/570
f 573/573/573 570/570/570 571/571/571
f 570/570/570 573/573/573 574/574/574
f 575/575/575 574/574/574 573/573/573
f 570/570/570 576/576/576 572/572/572
f 570/570/570 574/574/574 576/576/576
f 577/577/577 572/572/572 576/576/576
f 578/578/578 576/576/576 574/574/574
f 577/577/577 576/576/576 579/579/579
f 580/580/580 579/579/579 576/576/576
f 576/576/576 578/578/578 580/580/580
f 581/581/581 580/580/580 578/578/578
f 584/584/584 583/583/583 582/582/582
f 585/585/585 582/582/582 583/583/583
f 582/582/582 586/586/586 584/584/584
f 587/587/587 584/584/584 586/586/586
f 587/587/587 586/586/586 588/588/588
f 589/589/589 588/588/588 586/586/586
f 592/592/592 591/591/591 590/590/590
f 593/593/593 590/590/590 591/591/591
f 596/596/596 595/595/595 594/594/594
f 597/597/597 594/594/594 595/595/595
f 600/600/600 599/599/599 598/598/598
f 601/601/601 598/598/598 599/599/599
f 604/604/604 603/603/603 602/602/602
f 605/605/605 602/602/602 603/603/603
f 608/608/608 607/607/607 606/606/606
f 609/609/609 606/606/606 607/607/607
f 612/612/612 611/611/611 610/610/610
f 613/613/613 610/610/610 611/611/611
f 616/616/616 615/615/615 614/614/614
f 617/617/617 614/614/614 615/615/615
f 620/620/620 619/619/619 618/618/618
f 621/621/621 618/618/618 619/619/619
f 624/624/624 623/623/623 622/622/622
f 625/625/625 622/622/622 623/623/623
f 628/628/628 627/627/627 626/626/626
f 629/629/629 626/626/626 627/627/627
f 632/632/632 631/631/631 630/630/630
f 633/633/633 630/630/630 631/631/631
f 636/636/636 635/635/635 634/634/634
f 637/637/637 634/634/634 635/635/635
f 640/640/640 639/639/639 638/638/638
f 641/641/641 638/638/638 639/639/639
f 644/644/644 643/643/643 642/642/642
f 645/645/645 642/642/642 643/643/643
f 643/643/643 646/646/646 645/645/645
f 647/647/647 645/645/645 646/646/646
f 646/646/646 648/648/648 647/647/647
f 649/649/649 647/647/647 648/648/648
f 652/652/652 651/651/651 650/650/650
f 653/653/653 650/650/650 651/651/651
f 651/651/651 654/654/654 653/653/653
f 655/655/655 653/653/653 654/654/654
f 654/654/654 656/656/656 655/655/655
f 657/657/657 655/655/655 656/656/656
f 660/660/660 659/659/659 658/658/658
f 661/661/661 658/658/658 659/659/659
f 659/659/659 662/662/662 661/661/661
f 663/663/663 661/661/661 662/662/662
f 662/662/662 664/664/664 663/663/663
f 665/665/665 663/663/663 664/664/664
f 668/668/668 667/667/667 666/666/666
f 669/669/669 666/666/666 667/667/667
f 667/667/667 668/668/668 670/670/670
f 671/671/671 670/670/670 668/668/668
f 667/667/667 672/672/672 669/669/669
f 673/673/673 669/669/669 672/672/672
f 670/670/670 674/674/674 667/667/667
f 672/672/672 667/667/667 674/674/674
f 672/672/672 675/675/675 673/673/673
f 676/676/676 673/673/673 675/675/675
f 674/674/674 677/677/677 672/672/672
f 675/675/675 672/672/672 677/677/677
f 680/680/680 679/679/679 678/678/678
f 678/678/678 679/679/679 681/681/681
f 681/681/681 679/679/679 682/682/682
f 685/685/685 684/684/684 683/683/683
f 686/686/686 683/683/683 684/684/684
f 684/684/684 685/685/685 687/687/687
f 688/688/688 687/687/687 685/685/685
f 684/684/684 689/689/689 686/686/686
f 690/690/690 686/686/686 689/689/689
f 687/687/687 691/691/691 684/684/684
f 689/689/689 684/684/684 691/691/691
f 689/689/689 692/692/692 690/690/690
f 693/693/693 690/690/690 692/692/692
f 691/691/691 694/694/694 689/689/689
f 692/692/692 689/689/689 694/694/694
f 697/697/697 696/696/696 695/695/695
f 698/698/698 695/695/695 696/696/696
f 696/696/696 697/697/697 699/699/699
f 700/700/700 699/699/699 697/697/697
f 699/699/699 700/700/700 701/701/701
f 702/702/702 701/701/701 700/700/700
f 696/696/696 703/703/703 698/698/698
f 704/704/704 698/698/698 703/703/703
f 699/699/699 705/705/705 696/696/696
f 703/703/703 696/696/696 705/705/705
f 701/701/701 706/706/706 699/699/699
f 705/705/705 699/699/699 706/706/706
f 703/703/703 707/707/707 704/704/704
f 708/708/708 704/704/704 707/707/707
f 705/705/705 709/709/709 703/703/703
f 707/707/707 703/703/703 709/709/709
f 706/706/706 710/710/710 705/705/705
f 709/709/709 705/705/705 710/710/710
f 713/713/713 712/712/712 711/711/711
f 711/711/711 712/712/712 714/714/714
f 714/714/714 712/712/712 715/715/715
f 718/718/718 717/717/717 716/716/716
f 719/719/719 716/716/716 717/717/717
f 717/717/717 720/720/720 719/719/719
f 721/721/721 719/719/719 720/720/720
f 720/720/720 722/722/722 721/721/721
f 723/723/723 721/721/721 722/722/722
f 726/726/726 725/725/725 724/724/724
f 727/727/727 724/724/724 725/725/725
f 725/725/725 728/728/728 727/727/727
f 729/729/729 727/727/727 728/728/728
f 728/728/728 730/730/730 729/729/729
f 731/731/731 729/729/729 730/730/730
f 734/734/734 733/733/733 732/732/732
f 735/735/735 732/732/732 733/733/733
f 733/733/733 736/736/736 735/735/735
f 737/737/737 735/735/735 736/736/736
f 736/736/736 738/738/738 737/737/737
f 739/739/739 737/737/737 738/738/738
f 742/742/742 741/741/741 740/740/740
f 743/743/743 740/740/740 741/741/741
f 741/741/741 742/742/742 744/744/744
f 745/745/745 744/744/744 742/742/742
f 741/741/741 746/746/746 743/743/743
f 747/747/747 743/743/743 746/746/746
f 744/744/744 748/748/748 741/741/741
f 746/746/746 741/741/741 748/748/748
f 746/746/746 749/749/749 747/747/747
f 750/750/750 747/747/747 749/749/749
f 748/748/748 751/751/751 746/746/746
f 749/749/749 746/746/746 751/751/751
f 754/754/754 753/753/753 752/752/752
f 752/752/752 753/753/753 755/755/755
f 755/755/755 753/753/753 756/756/756
f 759/759/759 758/758/758 757/757/757
f 760/760/760 757/757/757 758/758/758
f 763/763/763 762/762/762 761/761/761
f 764/764/764 761/761/761 762/762/762
f 767/767/767 766/766/766 765/765/765
f 768/768/768 765/765/765 766/766/766
f 771/771/771 770/770/770 769/769/769
f 772/772/772 769/769/769 770/770/770
f 775/775/775 774/774/774 773/773/773
f 776/776/776 773/773/773 774/774/774
f 779/779/779 778/778/778 777/777/777
f 780/780/780 777/777/777 778/778/778
f 783/783/783 782/782/782 781/781/781
f 784/784/784 781/781/781 782/782/782
f 787/787/787 786/786/786 785/785/785
f 788/788/788 785/785/785 786/786/786
f 791/791/791 790/790/790 789/789/789
f 792/792/792 789/789/789 790/790/790
f 795/795/795 794/794/794 793/793/793
f 796/796/796 793/793/793 794/794/794
f 799/799/799 798/798/798 797/797/797
f 800/800/800 797/797/797 798/798/798
f 803/803/803 802/802/802 801/801/801
f 804/804/804 801/801/801 802/802/802
f 807/807/807 806/806/806 805/805/805
f 808/808/808 805/805/805 806/806/806
f 811/811/811 810/810/810 809/809/809
f 812/812/812 809/809/809 810/810/810
f 815/815/815 814/814/814 813/813/813
f 816/816/816 813/813/813 814/814/814
f 819/819/819 818/818/818 817/817/817
f 820/820/820 817/817/817 818/818/818
f 823/823/823 822/822/822 821/821/821
f 821/821/821 822/822/822 824/824/824
f 825/825/825 824/824/824 822/822/822
f 828/828/828 827/827/827 826/826/826
f 829/829/829 826/826/826 827/827/827
f 828/828/828 830/830/830 827/827/827
f 833/833/833 832/832/832 831/831/831
f 834/834/834 832/832/832 833/833/833
f 834/834/834 835/835/835 832/832/832
f 838/838/838 837/837/837 836/836/836
f 838/838/838 839/839/839 837/837/837
f 840/840/840 837/837/837 839/839/839
f 843/843/843 842/842/842 841/841/841
f 844/844/844 841/841/841 842/842/842
f 847/847/847 846/846/846 845/845/845
f 848/848/848 845/845/845 846/846/846
f 851/851/851 850/850/850 849/849/849
f 852/852/852 849/849/849 850/850/850
f 855/855/855 854/854/854 853/853/853
f 856/856/856 853/853/853 854/854/854
f 859/859/859 858/858/858 857/857/857
f 860/860/860 857/857/857 858/858/858
f 857/857/857 860/860/860 861/861/861
f 862/862/862 861/861/861 860/860/860
f 865/865/865 864/864/864 863/863/863
f 866/866/866 863/863/863 864/864/864
f 863/863/863 866/866/866 867/867/867
f 868/868/868 867/867/867 866/866/866
f 871/871/871 870/870/870 869/869/869
f 872/872/872 869/869/869 870/870/870
f 869/869/869 872/872/872 873/873/873
f 874/874/874 873/873/873 872/872/872
f 877/877/877 876/876/876 875/875/875
f 878/878/878 875/875/875 876/876/876
f 881/881/881 880/880/880 879/879/879
f 882/882/882 879/879/879 880/880/880
f 885/885/885 884/884/884 883/883/883
f 886/886/886 883/883/883 884/884/884
f 889/889/889 888/888/888 887/887/887
f 890/890/890 887/887/887 888/888/888
f 893/893/893 892/892/892 891/891/891
f 894/894/894 891/891/891 892/892/892
f 897/897/897 896/896/896 895/895/895
f 898/898/898 895/895/895 896/896/896
f 901/901/901 900/900/900 899/899/899
f 902/902/902 899/899/899 900/900/900
f 905/905/905 904/904/904 903/903/903
f 906/906/906 903/903/903 904/904/904
f 909/909/909 908/908/908 907/907/907
f 910/910/910 907/907/907 908/908/908
f 913/913/913 912/912/912 911/911/911
f 914/914/914 911/911/911 912/912/912
f 912/912/912 915/915/915 914/914/914
f 916/916/916 914/914/914 915/915/915
f 918/918/918 917/917/917 916/916/916
f 919/919/919 916/916/916 917/917/917
f 922/922/922 921/921/921 920/920/920
f 923/923/923 920/920/920 921/921/921
f 920/920/920 923/923/923 924/924/924
f 925/925/925 924/924/924 923/923/923
f 928/928/928 927/927/927 926/926/926
f 929/929/929 926/926/926 927/927/927
f 932/932/932 931/931/931 930/930/930
f 933/933/933 930/930/930 931/931/931
f 930/930/930 933/933/933 934/934/934
f 935/935/935 934/934/934 933/933/933
f 938/938/938 937/937/937 936/936/936
f 939/939/939 936/936/936 937/937/937
f 936/936/936 939/939/939 940/940/940
f 941/941/941 940/940/940 939/939/939
f 944/944/944 943/943/943 942/942/942
f 945/945/945 942/942/942 943/943/943
f 946/946/946 945/945/945 943/943/943
f 942/942/942 947/947/947 944/944/944
f 948/948/948 944/944/944 947/947/947
f 945/945/945 946/946/946 949/949/949
f 950/950/950 949/949/949 946/946/946
f 953/953/953 952/952/952 951/951/951
f 954/954/954 951/951/951 952/952/952
f 953/953/953 951/951/951 955/955/955
f 956/956/956 955/955/955 951/951/951
f 955/955/955 956/956/956 957/957/957
f 958/958/958 957/957/957 956/956/956
f 961/961/961 960/960/960 959/959/959
f 962/962/962 960/960/960 961/961/961
f 963/963/963 960/960/960 962/962/962
f 964/964/964 960/960/960 963/963/963
f 965/965/965 960/960/960 964/964/964
f 959/959/959 960/960/960 966/966/966
f 965/965/965 966/966/966 960/960/960
f 969/969/969 968/968/968 967/967/967
f 967/967/967 970/970/970 969/969/969
f 971/971/971 969/969/969 970/970/970
f 972/972/972 969/969/969 971/971/971
f 973/973/973 969/969/969 972/972/972
f 974/974/974 969/969/969 973/973/973
f 968/968/968 969/969/969 974/974/974
f 977/977/977 976/976/976 975/975/975
f 977/977/977 978/978/978 976/976/976
f 979/979/979 976/976/976 978/978/978
f 980/980/980 976/976/976 979/979/979
f 981/981/981 976/976/976 980/980/980
f 982/982/982 976/976/976 981/981/981
f 975/975/975 976/976/976 982/982/982
f 985/985/985 984/984/984 983/983/983
f 986/986/986 983/983/983 984/984/984
f 989/989/989 988/988/988 987/987/987
f 990/990/990 987/987/987 988/988/988
f 993/993/993 992/992/992 991/991/991
f 994/994/994 991/991/991 992/992/992
f 991/991/991 994/994/994 995/995/995
f 996/996/996 995/995/995 994/994/994
f 999/999/999 998/998/998 997/997/997
f 1000/1000/1000 997/997/997 998/998/998
f 997/997/997 1000/1000/1000 1001/1001/1001
f 1002/1002/1002 1001/1001/1001 1000/1000/1000
f 1001/1001/1001 1002/1002/1002 1003/1003/1003
f 1004/1004/1004 1003/1003/1003 1002/1002/1002
f 1007/1007/1007 1006/1006/1006 1005/1005/1005
f 1008/1008/1008 1005/1005/1005 1006/1006/1006
f 1005/1005/1005 1008/1008/1008 1009/1009/1009
f 1010/1010/1010 1009/1009/1009 1008/1008/1008
f 1013/1013/1013 1012/1012/1012 1011/1011/1011
f 1014/1014/1014 1011/1011/1011 1012/1012/1012
f 1017/1017/1017 1016/1016/1016 1015/1015/1015
f 1018/1018/1018 1015/1015/1015 1016/1016/1016
f 1021/1021/1021 1020/1020/1020 1019/1019/1019
f 1022/1022/1022 1019/1019/1019 1020/1020/1020
f 1019/1019/1019 1022/1022/1022 1023/1023/1023
f 1024/1024/1024 1023/1023/1023 1022/1022/1022
f 1027/1027/1027 1026/1026/1026 1025/1025/1025
f 1028/1028/1028 1025/1025/1025 1026/1026/1026
f 1026/1026/1026 1027/1027/1027 1029/1029/1029
f 1030/1030/1030 1029/1029/1029 1027/1027/1027
f 1033/1033/1033 1032/1032/1032 1031/1031/1031
f 1034/1034/1034 1031/1031/1031 1032/1032/1032
f 1031/1031/1031 1034/1034/1034 1035/1035/1035
f 1036/1036/1036 1035/1035/1035 1034/1034/1034
f 1035/1035/1035 1036/1036/1036 1037/1037/1037
f 1038/1038/1038 1037/1037/1037 1036/1036/1036
f 1041/1041/1041 1040/1040/1040 1039/1039/1039
f 1042/1042/1042 1039/1039/1039 1040/1040/1040
f 1040/1040/1040 1041/1041/1041 1043/1043/1043
f 1044/1044/1044 1043/1043/1043 1041/1041/1041
f 1043/1043/1043 1044/1044/1044 1045/1045/1045
f 1046/1046/1046 1045/1045/1045 1044/1044/1044
f 1049/1049/1049 1048/1048/1048 1047/1047/1047
f 1050/1050/1050 1047/1047/1047 1048/1048/1048
f 1047/1047/1047 1050/1050/1050 1051/1051/1051
f 1052/1052/1052 1051/1051/1051 1050/1050/1050
f 1055/1055/1055 1054/1054/1054 1053/1053/1053
f 1056/1056/1056 1053/1053/1053 1054/1054/1054
f 1054/1054/1054 1055/1055/1055 1057/1057/1057
f 1058/1058/1058 1057/1057/1057 1055/1055/1055
f 1061/1061/1061 1060/1060/1060 1059/1059/1059
f 1062/1062/1062 1059/1059/1059 1060/1060/1060
f 1065/1065/1065 1064/1064/1064 1063/1063/1063
f 1066/1066/1066 1063/1063/1063 1064/1064/1064
f 1069/1069/1069 1068/1068/1068 1067/1067/1067
f 1070/1070/1070 1067/1067/1067 1068/1068/1068
f 1073/1073/1073 1072/1072/1072 1071/1071/1071
f 1074/1074/1074 1071/1071/1071 1072/1072/1072
f 1071/1071/1071 1074/1074/1074 1075/1075/1075
f 1076/1076/1076 1075/1075/1075 1074/1074/1074
f 1079/1079/1079 1078/1078/1078 1077/1077/1077
f 1080/1080/1080 1077/1077/1077 1078/1078/1078
f 1083/1083/1083 1082/1082/1082 1081/1081/1081
f 1084/1084/1084 1081/1081/1081 1082/1082/1082
f 1081/1081/1081 1084/1084/1084 1085/1085/1085
f 1086/1086/1086 1085/1085/1085 1084/1084/1084
f 1089/1089/1089 1088/1088/1088 1087/1087/1087
f 1090/1090/1090 1087/1087/1087 1088/1088/1088
f 1093/1093/1093 1092/1092/1092 1091/1091/1091
f 1094/1094/1094 1091/1091/1091 1092/1092/1092
f 1097/1097/1097 1096/1096/1096 1095/1095/1095
f 1098/1098/1098 1095/1095/1095 1096/1096/1096
f 1101/1101/1101 1100/1100/1100 1099/1099/1099
f 1102/1102/1102 1099/1099/1099 1100/1100/1100
f 1105/1105/1105 1104/1104/1104 1103/1103/1103
f 1106/1106/1106 1103/1103/1103 1104/1104/1104
f 1109/1109/1109 1108/1108/1108 1107/1107/1107
f 1110/1110/1110 1107/1107/1107 1108/1108/1108
f 1113/1113/1113 1112/1112/1112 1111/1111/1111
f 1114/1114/1114 1111/1111/1111 1112/1112/1112
f 1111/1111/1111 1114/1114/1114 1115/1115/1115
f 1116/1116/1116 1115/1115/1115 1114/1114/1114
f 1119/1119/1119 1118/1118/1118 1117/1117/1117
f 1120/1120/1120 1117/1117/1117 1118/1118/1118
f 1118/1118/1118 1119/1119/1119 1121/1121/1121
f 1122/1122/1122 1121/1121/1121 1119/1119/1119
f 1125/1125/1125 1124/1124/1124 1123/1123/1123
f 1126/1126/1126 1123/1123/1123 1124/1124/1124
f 1129/1129/1129 1128/1128/1128 1127/1127/1127
f 1130/1130/1130 1127/1127/1127 1128/1128/1128
f 1133/1133/1133 1132/1132/1132 1131/1131/1131
f 1134/1134/1134 1131/1131/1131 1132/1132/1132
f 1131/1131/1131 1134/1134/1134 1135/1135/1135
f 1136/1136/1136 1135/1135/1135 1134/1134/1134
f 1139/1139/1139 1138/1138/1138 1137/1137/1137
f 1140/1140/1140 1137/1137/1137 1138/1138/1138
f 1138/1138/1138 1139/1139/1139 1141/1141/1141
f 1142/1142/1142 1141/1141/1141 1139/1139/1139
f 1145/1145/1145 1144/1144/1144 1143/1143/1143
f 1146/1146/1146 1143/1143/1143 1144/1144/1144
f 1149/1149/1149 1148/1148/1148 1147/1147/1147
f 1150/1150/1150 1147/1147/1147 1148/1148/1148
f 1153/1153/1153 1152/1152/1152 1151/1151/1151
f 1154/1154/1154 1151/1151/1151 1152/1152/1152
f 1157/1157/1157 1156/1156/1156 1155/1155/1155
f 1158/1158/1158 1155/1155/1155 1156/1156/1156
f 1161/1161/1161 1160/1160/1160 1159/1159/1159
f 1160/1160/1160 1162/1162/1162 1159/1159/1159
f 1165/1165/1165 1164/1164/1164 1163/1163/1163
f 1164/1164/1164 1166/1166/1166 1163/1163/1163
f 1169/1169/1169 1168/1168/1168 1167/1167/1167
f 1168/1168/1168 1170/1170/1170 1167/1167/1167
f 1173/1173/1173 1172/1172/1172 1171/1171/1171
f 1172/1172/1172 1174/1174/1174 1171/1171/1171
f 1177/1177/1177 1176/1176/1176 1175/1175/1175
f 1176/1176/1176 1178/1178/1178 1175/1175/1175
f 1181/1181/1181 1180/1180/1180 1179/1179/1179
f 1180/1180/1180 1182/1182/1182 1179/1179/1179
f 1185/1185/1185 1184/1184/1184 1183/1183/1183
f 1184/1184/1184 1186/1186/1186 1183/1183/1183
f 1189/1189/1189 1188/1188/1188 1187/1187/1187
f 1188/1188/1188 1190/1190/1190 1187/1187/1187
f 1193/1193/1193 1192/1192/1192 1191/1191/1191
f 1194/1194/1194 1191/1191/1191 1192/1192/1192
f 1191/1191/1191 1194/1194/1194 1195/1195/1195
f 1196/1196/1196 1195/1195/1195 1194/1194/1194
f 1199/1199/1199 1198/1198/1198 1197/1197/1197
f 1200/1200/1200 1197/1197/1197 1198/1198/1198
f 1203/1203/1203 1202/1202/1202 1201/1201/1201
f 1204/1204/1204 1201/1201/1201 1202/1202/1202
f 1201/1201/1201 1204/1204/1204 1205/1205/1205
f 1206/1206/1206 1205/1205/1205 1204/1204/1204
f 1209/1209/1209 1208/1208/1208 1207/1207/1207
f 1210/1210/1210 1207/1207/1207 1208/1208/1208
f 1208/1208/1208 1209/1209/1209 1211/1211/1211
f 1212/1212/1212 1211/1211/1211 1209/1209/1209
f 1215/1215/1215 1214/1214/1214 1213/1213/1213
f 1216/1216/1216 1213/1213/1213 1214/1214/1214
f 1219/1219/1219 1218/1218/1218 1217/1217/1217
f 1220/1220/1220 1217/1217/1217 1218/1218/1218
f 1223/1223/1223 1222/1222/1222 1221/1221/1221
f 1224/1224/1224 1221/1221/1221 1222/1222/1222
f 1227/1227/1227 1226/1226/1226 1225/1225/1225
f 1230/1230/1230 1229/1229/1229 1228/1228/1228
f 1233/1233/1233 1232/1232/1232 1231/1231/1231
f 1234/1234/1234 1231/1231/1231 1232/1232/1232
f 1237/1237/1237 1236/1236/1236 1235/1235/1235
f 1240/1240/1240 1239/1239/1239 1238/1238/1238
f 1243/1243/1243 1242/1242/1242 1241/1241/1241
f 1244/1244/1244 1241/1241/1241 1242/1242/1242
f 1247/1247/1247 1246/1246/1246 1245/1245/1245
f 1248/1248/1248 1245/1245/1245 1246/1246/1246
f 1251/1251/1251 1250/1250/1250 1249/1249/1249
f 1252/1252/1252 1249/1249/1249 1250/1250/1250
f 1255/1255/1255 1254/1254/1254 1253/1253/1253
f 1256/1256/1256 1253/1253/1253 1254/1254/1254
f 1259/1259/1259 1258/1258/1258 1257/1257/1257
f 1260/1260/1260 1257/1257/1257 1258/1258/1258
f 1263/1263/1263 1262/1262/1262 1261/1261/1261
f 1264/1264/1264 1261/1261/1261 1262/1262/1262
f 1267/1267/1267 1266/1266/1266 1265/1265/1265
f 1268/1268/1268 1265/1265/1265 1266/1266/1266
f 1271/1271/1271 1270/1270/1270 1269/1269/1269
f 1272/1272/1272 1269/1269/1269 1270/1270/1270
f 1275/1275/1275 1274/1274/1274 1273/1273/1273
f 1276/1276/1276 1273/1273/1273 1274/1274/1274
f 1279/1279/1279 1278/1278/1278 1277/1277/1277
f 1280/1280/1280 1277/1277/1277 1278/1278/1278
f 1283/1283/1283 1282/1282/1282 1281/1281/1281
f 1284/1284/1284 1281/1281/1281 1282/1282/1282
f 1287/1287/1287 1286/1286/1286 1285/1285/1285
f 1288/1288/1288 1285/1285/1285 1286/1286/1286
f 1291/1291/1291 1290/1290/1290 1289/1289/1289
f 1292/1292/1292 1289/1289/1289 1290/1290/1290
f 1295/1295/1295 1294/1294/1294 1293/1293/1293
f 1296/1296/1296 1293/1293/1293 1294/1294/1294
f 1299/1299/1299 1298/1298/1298 1297/1297/1297
f 1300/1300/1300 1297/1297/1297 1298/1298/1298
f 1303/1303/1303 1302/1302/1302 1301/1301/1301
f 1304/1304/1304 1301/1301/1301 1302/1302/1302
f 1307/1307/1307 1306/1306/1306 1305/1305/1305
f 1308/1308/1308 1305/1305/1305 1306/1306/1306
f 1306/1306/1306 1309/1309/1309 1308/1308/1308
f 1310/1310/1310 1308/1308/1308 1309/1309/1309
f 1313/1313/1313 1312/1312/1312 1311/1311/1311
f 1314/1314/1314 1311/1311/1311 1312/1312/1312
f 1317/1317/1317 1316/1316/1316 1315/1315/1315
f 1318/1318/1318 1315/1315/1315 1316/1316/1316
f 1321/1321/1321 1320/1320/1320 1319/1319/1319
f 1322/1322/1322 1319/1319/1319 1320/1320/1320
f 1325/1325/1325 1324/1324/1324 1323/1323/1323
f 1326/1326/1326 1323/1323/1323 1324/1324/1324
f 1329/1329/1329 1328/1328/1328 1327/1327/1327
f 1330/1330/1330 1327/1327/1327 1328/1328/1328
f 1333/1333/1333 1332/1332/1332 1331/1331/1331
f 1334/1334/1334 1331/1331/1331 1332/1332/1332
f 1337/1337/1337 1336/1336/1336 1335/1335/1335
f 1338/1338/1338 1335/1335/1335 1336/1336/1336
f 1341/1341/1341 1340/1340/1340 1339/1339/1339
f 1342/1342/1342 1339/1339/1339 1340/1340/1340
f 1345/1345/1345 1344/1344/1344 1343/1343/1343
f 1346/1346/1346 1343/1343/1343 1344/1344/1344
f 1349/1349/1349 1348/1348/1348 1347/1347/1347
f 1350/1350/1350 1347/1347/1347 1348/1348/1348
f 1353/1353/1353 1352/1352/1352 1351/1351/1351
f 1354/1354/1354 1351/1351/1351 1352/1352/1352
f 1357/1357/1357 1356/1356/1356 1355/1355/1355
f 1358/1358/1358 1355/1355/1355 1356/1356/1356
f 1361/1361/1361 1360/1360/1360 1359/1359/1359
f 1362/1362/1362 1359/1359/1359 1360/1360/1360
f 1365/1365/1365 1364/1364/1364 1363/1363/1363
f 1366/1366/1366 1363/1363/1363 1364/1364/1364
f 1369/1369/1369 1368/1368/1368 1367/1367/1367
f 1370/1370/1370 1367/1367/1367 1368/1368/1368
f 1373/1373/1373 1372/1372/1372 1371/1371/1371
f 1374/1374/1374 1371/1371/1371 1372/1372/1372
f 1377/1377/1377 1376/1376/1376 1375/1375/1375
f 1378/1378/1378 1375/1375/1375 1376/1376/1376
f 1381/1381/1381 1380/1380/1380 1379/1379/1379
f 1382/1382/1382 1379/1379/1379 1380/1380/1380
f 1385/1385/1385 1384/1384/1384 1383/1383/1383
f 1386/1386/1386 1383/1383/1383 1384/1384/1384
f 1389/1389/1389 1388/1388/1388 1387/1387/1387
f 1390/1390/1390 1387/1387/1387 1388/1388/1388
f 1393/1393/1393 1392/1392/1392 1391/1391/1391
f 1394/1394/1394 1391/1391/1391 1392/1392/1392
f 1397/1397/1397 1396/1396/1396 1395/1395/1395
f 1398/1398/1398 1395/1395/1395 1396/1396/1396
f 1401/1401/1401 1400/1400/1400 1399/1399/1399
f 1402/1402/1402 1399/1399/1399 1400/1400/1400
f 1405/1405/1405 1404/1404/1404 1403/1403/1403
f 1406/1406/1406 1403/1403/1403 1404/1404/1404
f 1409/1409/1409 1408/1408/1408 1407/1407/1407
f 1410/1410/1410 1407/1407/1407 1408/1408/1408
f 1413/1413/1413 1412/1412/1412 1411/1411/1411
f 1414/1414/1414 1411/1411/1411 1412/1412/1412
f 1417/1417/1417 1416/1416/1416 1415/1415/1415
f 1418/1418/1418 1415/1415/1415 1416/1416/1416
f 1421/1421/1421 1420/1420/1420 1419/1419/1419
f 1422/1422/1422 1419/1419/1419 1420/1420/1420
f 1425/1425/1425 1424/1424/1424 1423/1423/1423
f 1426/1426/1426 1423/1423/1423 1424/1424/1424
f 1429/1429/1429 1428/1428/1428 1427/1427/1427
f 1430/1430/1430 1427/1427/1427 1428/1428/1428
f 1433/1433/1433 1432/1432/1432 1431/1431/1431
f 1434/1434/1434 1431/1431/1431 1432/1432/1432
f 1437/1437/1437 1436/1436/1436 1435/1435/1435
f 1438/1438/1438 1435/1435/1435 1436/1436/1436
f 1441/1441/1441 1440/1440/1440 1439/1439/1439
f 1442/1442/1442 1439/1439/1439 1440/1440/1440
f 1445/1445/1445 1444/1444/1444 1443/1443/1443
f 1446/1446/1446 1443/1443/1443 1444/1444/1444
f 1449/1449/1449 1448/1448/1448 1447/1447/1447
f 1450/1450/1450 1447/1447/1447 1448/1448/1448
f 1453/1453/1453 1452/1452/1452 1451/1451/1451
f 1454/1454/1454 1451/1451/1451 1452/1452/1452
f 1457/1457/1457 1456/1456/1456 1455/1455/1455
f 1458/1458/1458 1455/1455/1455 1456/1456/1456
f 1461/1461/1461 1460/1460/1460 1459/1459/1459
f 1462/1462/1462 1459/1459/1459 1460/1460/1460
f 1465/1465/1465 1464/1464/1464 1463/1463/1463
f 1466/1466/1466 1463/1463/1463 1464/1464/1464
f 1469/1469/1469 1468/1468/1468 1467/1467/1467
f 1470/1470/1470 1467/1467/1467 1468/1468/1468
f 1473/1473/1473 1472/1472/1472 1471/1471/1471
f 1474/1474/1474 1471/1471/1471 1472/1472/1472
f 1477/1477/1477 1476/1476/1476 1475/1475/1475
f 1478/1478/1478 1475/1475/1475 1476/1476/1476
f 1481/1481/1481 1480/1480/1480 1479/1479/1479
f 1482/1482/1482 1479/1479/1479 1480/1480/1480
f 1485/1485/1485 1484/1484/1484 1483/1483/1483
f 1486/1486/1486 1483/1483/1483 1484/1484/1484
f 1489/1489/1489 1488/1488/1488 1487/1487/1487
f 1490/1490/1490 1487/1487/1487 1488/1488/1488
f 1493/1493/1493 1492/1492/1492 1491/1491/1491
f 1494/1494/1494 1491/1491/1491 1492/1492/1492
f 1497/1497/1497 1496/1496/1496 1495/1495/1495
f 1498/1498/1498 1495/1495/1495 1496/1496/1496
f 1501/1501/1501 1500/1500/1500 1499/1499/1499
f 1502/1502/1502 1499/1499/1499 1500/1500/1500
f 1505/1505/1505 1504/1504/1504 1503/1503/1503
f 1506/1506/1506 1503/1503/1503 1504/1504/1504
f 1509/1509/1509 1508/1508/1508 1507/1507/1507
f 1510/1510/1510 1507/1507/1507 1508/1508/1508
f 1513/1513/1513 1512/1512/1512 1511/1511/1511
f 1514/1514/1514 1511/1511/1511 1512/1512/1512
f 1517/1517/1517 1516/1516/1516 1515/1515/1515
f 1518/1518/1518 1515/1515/1515 1516/1516/1516
f 1521/1521/1521 1520/1520/1520 1519/1519/1519
f 1522/1522/1522 1519/1519/1519 1520/1520/1520
f 1525/1525/1525 1524/1524/1524 1523/1523/1523
f 1526/1526/1526 1523/1523/1523 1524/1524/1524
f 1529/1529/1529 1528/1528/1528 1527/1527/1527
f 1530/1530/1530 1527/1527/1527 1528/1528/1528
f 1533/1533/1533 1532/1532/1532 1531/1531/1531
f 1534/1534/1534 1531/1531/1531 1532/1532/1532
f 1537/1537/1537 1536/1536/1536 1535/1535/1535
f 1538/1538/1538 1535/1535/1535 1536/1536/1536
f 1541/1541/1541 1540/1540/1540 1539/1539/1539
f 1542/1542/1542 1539/1539/1539 1540/1540/1540
f 1545/1545/1545 1544/1544/1544 1543/1543/1543
f 1546/1546/1546 1543/1543/1543 1544/1544/1544
f 1549/1549/1549 1548/1548/1548 1547/1547/1547
f 1550/1550/1550 1547/1547/1547 1548/1548/1548
f 1553/1553/1553 1552/1552/1552 1551/1551/1551
f 1554/1554/1554 1551/1551/1551 1552/1552/1552
f 1557/1557/1557 1556/1556/1556 1555/1555/1555
f 1558/1558/1558 1555/1555/1555 1556/1556/1556
f 1561/1561/1561 1560/1560/1560 1559/1559/1559
f 1562/1562/1562 1559/1559/1559 1560/1560/1560
f 1565/1565/1565 1564/1564/1564 1563/1563/1563
f 1566/1566/1566 1563/1563/1563 1564/1564/1564
f 1569/1569/1569 1568/1568/1568 1567/1567/1567
f 1570/1570/1570 1567/1567/1567 1568/1568/1568
f 1573/1573/1573 1572/1572/1572 1571/1571/1571
f 1574/1574/1574 1571/1571/1571 1572/1572/1572
f 1577/1577/1577 1576/1576/1576 1575/1575/1575
f 1578/1578/1578 1575/1575/1575 1576/1576/1576
f 1581/1581/1581 1580/1580/1580 1579/1579/1579
f 1582/1582/1582 1579/1579/1579 1580/1580/1580
f 1585/1585/1585 1584/1584/1584 1583/1583/1583
f 1586/1586/1586 1583/1583/1583 1584/1584/1584
f 1589/1589/1589 1588/1588/1588 1587/1587/1587
f 1590/1590/1590 1587/1587/1587 1588/1588/1588
f 1593/1593/1593 1592/1592/1592 1591/1591/1591
f 1596/1596/1596 1595/1595/1595 1594/1594/1594
f 1599/1599/1599 1598/1598/1598 1597/1597/1597
f 1600/1600/1600 1597/1597/1597 1598/1598/1598
f 1603/1603/1603 1602/1602/1602 1601/1601/1601
f 1604/1604/1604 1601/1601/1601 1602/1602/1602
f 1607/1607/1607 1606/1606/1606 1605/1605/1605
f 1608/1608/1608 1605/1605/1605 1606/1606/1606
f 1611/1611/1611 1610/1610/1610 1609/1609/1609
f 1612/1612/1612 1609/1609/1609 1610/1610/1610
f 1615/1615/1615 1614/1614/1614 1613/1613/1613
f 1616/1616/1616 1613/1613/1613 1614/1614/1614
f 1619/1619/1619 1618/1618/1618 1617/1617/1617
f 1620/1620/1620 1617/1617/1617 1618/1618/1618
f 1623/1623/1623 1622/1622/1622 1621/1621/1621
f 1624/1624/1624 1621/1621/1621 1622/1622/1622
f 1627/1627/1627 1626/1626/1626 1625/1625/1625
f 1628/1628/1628 1625/1625/1625 1626/1626/1626
f 1631/1631/1631 1630/1630/1630 1629/1629/1629
f 1632/1632/1632 1629/1629/1629 1630/1630/1630
f 1635/1635/1635 1634/1634/1634 1633/1633/1633
f 1636/1636/1636 1633/1633/1633 1634/1634/1634
f 1639/1639/1639 1638/1638/1638 1637/1637/1637
f 1640/1640/1640 1637/1637/1637 1638/1638/1638
f 1643/1643/1643 1642/1642/1642 1641/1641/1641
f 1644/1644/1644 1641/1641/1641 1642/1642/1642
f 1647/1647/1647 1646/1646/1646 1645/1645/1645
f 1648/1648/1648 1645/1645/1645 1646/1646/1646
f 1651/1651/1651 1650/1650/1650 1649/1649/1649
f 1652/1652/1652 1649/1649/1649 1650/1650/1650
f 1655/1655/1655 1654/1654/1654 1653/1653/1653
f 1658/1658/1658 1657/1657/1657 1656/1656/1656
f 1661/1661/1661 1660/1660/1660 1659/1659/1659
f 1662/1662/1662 1659/1659/1659 1660/1660/1660
f 1665/1665/1665 1664/1664/1664 1663/1663/1663
f 1666/1666/1666 1663/1663/1663 1664/1664/1664
f 1669/1669/1669 1668/1668/1668 1667/1667/1667
f 1670/1670/1670 1667/1667/1667 1668/1668/1668
f 1673/1673/1673 1672/1672/1672 1671/1671/1671
f 1674/1674/1674 1671/1671/1671 1672/1672/1672
f 1677/1677/1677 1676/1676/1676 1675/1675/1675
f 1678/1678/1678 1675/1675/1675 1676/1676/1676
f 1676/1676/1676 1677/1677/1677 1679/1679/1679
f 1680/1680/1680 1679/1679/1679 1677/1677/1677
f 1683/1683/1683 1682/1682/1682 1681/1681/1681
f 1684/1684/1684 1681/1681/1681 1682/1682/1682
f 1687/1687/1687 1686/1686/1686 1685/1685/1685
f 1688/1688/1688 1685/1685/1685 1686/1686/1686
f 1691/1691/1691 1690/1690/1690 1689/1689/1689
f 1692/1692/1692 1689/1689/1689 1690/1690/1690
f 1695/1695/1695 1694/1694/1694 1693/1693/1693
f 1696/1696/1696 1693/1693/1693 1694/1694/1694
f 1699/1699/1699 1698/1698/1698 1697/1697/1697
f 1700/1700/1700 1697/1697/1697 1698/1698/1698
f 1703/1703/1703 1702/1702/1702 1701/1701/1701
f 1704/1704/1704 1701/1701/1701 1702/1702/1702
f 1707/1707/1707 1706/1706/1706 1705/1705/1705
f 1708/1708/1708 1705/1705/1705 1706/1706/1706
f 1711/1711/1711 1710/1710/1710 1709/1709/1709
f 1714/1714/1714 1713/1713/1713 1712/1712/1712
f 1717/1717/1717 1716/1716/1716 1715/1715/1715
f 1718/1718/1718 1715/1715/1715 1716/1716/1716
f 1721/1721/1721 1720/1720/1720 1719/1719/1719
f 1722/1722/1722 1719/1719/1719 1720/1720/1720
f 1725/1725/1725 1724/1724/1724 1723/1723/1723
f 1726/1726/1726 1723/1723/1723 1724/1724/1724
f 1729/1729/1729 1728/1728/1728 1727/1727/1727
f 1730/1730/1730 1727/1727/1727 1728/1728/1728
f 1733/1733/1733 1732/1732/1732 1731/1731/1731
f 1734/1734/1734 1731/1731/1731 1732/1732/1732
f 1737/1737/1737 1736/1736/1736 1735/1735/1735
f 1738/1738/1738 1735/1735/1735 1736/1736/1736
f 1741/1741/1741 1740/1740/1740 1739/1739/1739
f 1742/1742/1742 1739/1739/1739 1740/1740/1740
f 1745/1745/1745 1744/1744/1744 1743/1743/1743
f 1746/1746/1746 1743/1743/1743 1744/1744/1744
f 1749/1749/1749 1748/1748/1748 1747/1747/1747
f 1750/1750/1750 1747/1747/1747 1748/1748/1748
f 1753/1753/1753 1752/1752/1752 1751/1751/1751
f 1754/1754/1754 1751/1751/1751 1752/1752/1752
f 1757/1757/1757 1756/1756/1756 1755/1755/1755
f 1758/1758/1758 1755/1755/1755 1756/1756/1756
f 1761/1761/1761 1760/1760/1760 1759/1759/1759
f 1762/1762/1762 1759/1759/1759 1760/1760/1760
f 1765/1765/1765 1764/1764/1764 1763/1763/1763
f 1766/1766/1766 1763/1763/1763 1764/1764/1764
f 1769/1769/1769 1768/1768/1768 1767/1767/1767
f 1770/1770/1770 1767/1767/1767 1768/1768/1768
f 1773/1773/1773 1772/1772/1772 1771/1771/1771
f 1774/1774/1774 1771/1771/1771 1772/1772/1772
f 1777/1777/1777 1776/1776/1776 1775/1775/1775
f 1778/1778/1778 1775/1775/1775 1776/1776/1776
f 1781/1781/1781 1780/1780/1780 1779/1779/1779
f 1782/1782/1782 1779/1779/1779 1780/1780/1780
f 1785/1785/1785 1784/1784/1784 1783/1783/1783
f 1786/1786/1786 1783/1783/1783 1784/1784/1784
f 1789/1789/1789 1788/1788/1788 1787/1787/1787
f 1790/1790/1790 1787/1787/1787 1788/1788/1788
f 1793/1793/1793 1792/1792/1792 1791/1791/1791
f 1794/1794/1794 1791/1791/1791 1792/1792/1792
f 1797/1797/1797 1796/1796/1796 1795/1795/1795
f 1798/1798/1798 1795/1795/1795 1796/1796/1796
f 1801/1801/1801 1800/1800/1800 1799/1799/1799
f 1802/1802/1802 1799/1799/1799 1800/1800/1800
f 1805/1805/1805 1804/1804/1804 1803/1803/1803
f 1806/1806/1806 1803/1803/1803 1804/1804/1804
f 1809/1809/1809 1808/1808/1808 1807/1807/1807
f 1810/1810/1810 1807/1807/1807 1808/1808/1808
f 1813/1813/1813 1812/1812/1812 1811/1811/1811
f 1814/1814/1814 1811/1811/1811 1812/1812/1812
f 1817/1817/1817 1816/1816/1816 1815/1815/1815
f 1818/1818/1818 1815/1815/1815 1816/1816/1816
f 1821/1821/1821 1820/1820/1820 1819/1819/1819
f 1822/1822/1822 1819/1819/1819 1820/1820/1820
f 1825/1825/1825 1824/1824/1824 1823/1823/1823
f 1826/1826/1826 1823/1823/1823 1824/1824/1824
f 1829/1829/1829 1828/1828/1828 1827/1827/1827
f 1830/1830/1830 1827/1827/1827 1828/1828/1828
f 1833/1833/1833 1832/1832/1832 1831/1831/1831
f 1834/1834/1834 1831/1831/1831 1832/1832/1832
f 1837/1837/1837 1836/1836/1836 1835/1835/1835
f 1838/1838/1838 1835/1835/1835 1836/1836/1836
f 1841/1841/1841 1840/1840/1840 1839/1839/1839
f 1842/1842/1842 1839/1839/1839 1840/1840/1840
f 1845/1845/1845 1844/1844/1844 1843/1843/1843
f 1846/1846/1846 1843/1843/1843 1844/1844/1844
f 1849/1849/1849 1848/1848/1848 1847/1847/1847
f 1850/1850/1850 1847/1847/1847 1848/1848/1848
f 1853/1853/1853 1852/1852/1852 1851/1851/1851
f 1854/1854/1854 1851/1851/1851 1852/1852/1852
f 1857/1857/1857 1856/1856/1856 1855/1855/1855
f 1858/1858/1858 1855/1855/1855 1856/1856/1856
f 1861/1861/1861 1860/1860/1860 1859/1859/1859
f 1862/1862/1862 1859/1859/1859 1860/1860/1860
f 1865/1865/1865 1864/1864/1864 1863/1863/1863
f 1866/1866/1866 1863/1863/1863 1864/1864/1864
f 1869/1869/1869 1868/1868/1868 1867/1867/1867
f 1870/1870/1870 1867/1867/1867 1868/1868/1868
f 1873/1873/1873 1872/1872/1872 1871/1871/1871
f 1874/1874/1874 1871/1871/1871 1872/1872/1872
f 1877/1877/1877 1876/1876/1876 1875/1875/1875
f 1878/1878/1878 1875/1875/1875 1876/1876/1876
f 1881/1881/1881 1880/1880/1880 1879/1879/1879
f 1882/1882/1882 1879/1879/1879 1880/1880/1880
f 1885/1885/1885 1884/1884/1884 1883/1883/1883
f 1886/1886/1886 1883/1883/1883 1884/1884/1884
f 1889/1889/1889 1888/1888/1888 1887/1887/1887
f 1890/1890/1890 1887/1887/1887 1888/1888/1888
f 1893/1893/1893 1892/1892/1892 1891/1891/1891
f 1894/1894/1894 1891/1891/1891 1892/1892/1892
f 1897/1897/1897 1896/1896/1896 1895/1895/1895
f 1898/1898/1898 1895/1895/1895 1896/1896/1896
f 1901/1901/1901 1900/1900/1900 1899/1899/1899
f 1902/1902/1902 1899/1899/1899 1900/1900/1900
f 1905/1905/1905 1904/1904/1904 1903/1903/1903
f 1906/1906/1906 1903/1903/1903 1904/1904/1904
f 1909/1909/1909 1908/1908/1908 1907/1907/1907
f 1910/1910/1910 1907/1907/1907 1908/1908/1908
f 1913/1913/1913 1912/1912/1912 1911/1911/1911
f 1914/1914/1914 1911/1911/1911 1912/1912/1912
