g DSJ_GTA_diLou_12
v 2.130318 -2.31379 5.453205
v 5.18819 1.865302 5.453205
v 5.18819 -2.31379 5.453205
v 2.130318 1.865302 5.453205
v 7.389857 -2.31379 -1.416814
v 7.389857 1.865302 -4.94356
v 7.389857 -2.31379 -4.94356
v 7.389857 1.865302 -1.416814
v -5.290118 -2.31379 -4.94356
v -5.290118 1.865302 -0.6625395
v -5.290118 -2.31379 -0.6625395
v -5.290118 1.865302 -4.94356
v 3.312695 -2.31379 -9.530368
v -0.9275541 1.865302 -9.530368
v -0.9275541 -2.31379 -9.530368
v 3.312695 1.865302 -9.530368
v 3.312695 1.865302 -9.530368
v 3.312695 -2.31379 -4.94356
v 3.312695 1.865302 -4.94356
v 3.312695 -2.31379 -9.530368
v -0.9275541 -2.31379 2.415719
v -0.9275541 1.865302 5.453205
v -0.9275541 -2.31379 5.453205
v -0.9275541 1.865302 2.415719
v -5.290118 -2.31379 -0.6625395
v -0.9275541 1.865302 -0.6625395
v -0.9275541 -2.31379 -0.6625395
v -5.290118 1.865302 -0.6625395
v 2.130318 1.865302 5.453205
v 5.18819 5.208575 5.453205
v 5.18819 1.865302 5.453205
v 2.130318 5.208575 5.453205
v 7.389857 1.865302 -1.416814
v 7.389857 5.208575 -4.94356
v 7.389857 1.865302 -4.94356
v 7.389857 5.208575 -1.416814
v -5.290118 1.865302 -4.94356
v -5.290118 5.208575 -0.6625395
v -5.290118 1.865302 -0.6625395
v -5.290118 5.208575 -4.94356
v -5.290118 -2.31379 -0.6625395
v -5.290118 -6.961755 -4.94356
v -5.290118 -2.31379 -4.94356
v -5.290118 -6.961755 -0.6625395
v -0.9275541 -2.31379 -9.530368
v 3.312695 -6.961755 -9.530368
v 3.312695 -2.31379 -9.530368
v -0.9275541 -6.961755 -9.530368
v -0.9275541 1.865302 2.415719
v -0.9275541 5.208575 5.453205
v -0.9275541 1.865302 5.453205
v -0.9275541 5.208575 2.415719
v -0.9275541 1.865302 -4.94356
v -5.290118 5.208575 -4.94356
v -5.290118 1.865302 -4.94356
v -0.9275541 5.208575 -4.94356
v -5.290118 1.865302 -0.6625395
v -0.9275541 5.208575 -0.6625395
v -0.9275541 1.865302 -0.6625395
v -5.290118 5.208575 -0.6625395
v -0.9275541 -2.31379 -0.6625395
v -5.290118 -6.961755 -0.6625395
v -5.290118 -2.31379 -0.6625395
v -0.9275541 -6.961755 -0.6625395
v -5.290118 1.865302 -9.530368
v -5.290118 -2.31379 -4.94356
v -5.290118 -2.31379 -9.530368
v -5.290118 1.865302 -4.94356
v -5.290118 -2.31379 -9.530368
v -5.290118 -6.961755 -4.94356
v -5.290118 -6.961755 -9.530368
v -5.290118 -2.31379 -4.94356
v -0.9275541 -6.961755 -9.530368
v -5.290118 -2.31379 -9.530368
v -0.9275541 -2.31379 -9.530368
v -0.9275541 -2.31379 -9.530368
v -5.290118 1.865302 -9.530368
v -5.290118 -2.31379 -9.530368
v -0.9275541 1.865302 -9.530368
v 5.18819 -2.31379 -1.416814
v 5.18819 1.865302 2.028388
v 5.18819 1.865302 -1.416814
v 5.18819 -2.31379 2.028388
v 5.18819 1.865302 -1.416814
v 5.18819 5.208575 2.028388
v 5.18819 5.208575 -1.416814
v 5.18819 1.865302 2.028388
v 7.389857 1.865302 -4.94356
v 3.312695 -2.31379 -4.94356
v 7.389857 -2.31379 -4.94356
v 3.312695 1.865302 -4.94356
v 3.312695 1.865302 -4.94356
v 5.18819 5.208575 -4.94356
v 3.312695 5.208575 -4.94356
v 7.389857 5.208575 -4.94356
v 7.389857 1.865302 -4.94356
v 7.389857 1.865302 -1.416814
v 5.18819 5.208575 -1.416814
v 7.389857 5.208575 -1.416814
v 5.18819 1.865302 -1.416814
v 7.389857 -2.31379 -1.416814
v 5.18819 1.865302 -1.416814
v 7.389857 1.865302 -1.416814
v 5.18819 -2.31379 -1.416814
v -0.9275541 1.865302 -9.530368
v -5.290118 1.865302 -4.94356
v -5.290118 1.865302 -9.530368
v -0.9275541 1.865302 -4.94356
v -0.9275541 1.865302 -4.94356
v 3.312695 1.865302 -9.530368
v 3.312695 1.865302 -4.94356
v -0.9275541 1.865302 -9.530368
v -0.9275541 5.208575 -4.94356
v 3.312695 1.865302 -4.94356
v 3.312695 5.208575 -4.94356
v -0.9275541 1.865302 -4.94356
v 2.130318 -2.31379 5.453205
v -0.9275541 1.865302 5.453205
v 2.130318 1.865302 5.453205
v -0.9275541 -2.31379 5.453205
v 2.130318 1.865302 5.453205
v -0.9275541 5.208575 5.453205
v 2.130318 5.208575 5.453205
v -0.9275541 1.865302 5.453205
v -0.9275541 1.865302 2.415719
v -0.9275541 5.208575 -0.6625395
v -0.9275541 5.208575 2.415719
v -0.9275541 1.865302 -0.6625395
v 5.18819 -2.31379 2.028388
v 5.18819 1.865302 5.453205
v 5.18819 1.865302 2.028388
v 5.18819 -2.31379 5.453205
v 5.18819 1.865302 2.028388
v 5.18819 5.208575 5.453205
v 5.18819 5.208575 2.028388
v 5.18819 1.865302 5.453205
v -2.660349 -2.130318 3.863111
v -0.8663969 1.865302 3.863111
v -0.8663969 -2.130318 3.863111
v -2.660349 1.865302 3.863111
v -0.8663969 -2.130318 3.863111
v -2.660349 -6.859826 3.863111
v -2.660349 -2.130318 3.863111
v -0.8663969 -6.859826 3.863111
v -0.8663969 1.865302 -0.7440825
v -4.433914 1.865302 3.863111
v -4.433914 1.865302 -0.7440825
v -0.8663969 1.865302 3.863111
v -6.207479 -2.130318 5.758991
v -3.924269 1.946845 5.758991
v -3.924269 -2.130318 5.758991
v -6.207479 1.946845 5.758991
v -7.471399 -2.130318 3.842726
v -6.207479 1.946845 5.758991
v -6.207479 -2.130318 5.758991
v -7.471399 1.946845 3.842726
v -3.924269 -2.130318 5.758991
v -6.207479 -6.859826 5.758991
v -6.207479 -2.130318 5.758991
v -3.924269 -6.859826 5.758991
v -6.207479 -2.130318 1.702215
v -3.924269 -6.859826 1.702215
v -3.924269 -2.130318 1.702215
v -6.207479 -6.859826 1.702215
v -6.207479 1.946845 5.758991
v -2.619576 1.946845 3.842726
v -3.924269 1.946845 5.758991
v -7.471399 1.946845 3.842726
v -6.207479 1.946845 1.702215
v -3.924269 1.946845 1.702215
v -7.471399 -2.130318 3.842726
v -6.207479 1.946845 1.702215
v -7.471399 1.946845 3.842726
v -6.207479 -2.130318 1.702215
v -7.471399 -2.130318 3.842726
v -6.207479 -6.859826 5.758991
v -7.471399 -6.859826 3.842726
v -6.207479 -2.130318 5.758991
v -6.207479 -2.130318 1.702215
v -7.471399 -6.859826 3.842726
v -6.207479 -6.859826 1.702215
v -7.471399 -2.130318 3.842726
v -6.207479 -2.130318 1.702215
v -3.924269 1.946845 1.702215
v -6.207479 1.946845 1.702215
v -3.924269 -2.130318 1.702215
v 9.448824 -2.456491 5.106646
v 4.94356 -2.456491 -4.433914
v 4.94356 -2.456491 5.106646
v 9.367281 -2.436105 -10.16233
v 3.149608 -2.374948 -4.433914
v 3.149608 -2.415719 -10.10117
v 4.94356 -1.4372 -4.433914
v 9.102265 -1.4372 4.739701
v 4.94356 -1.4372 4.719316
v 9.102265 -1.4372 -9.938084
v 3.149608 -1.4372 -9.938084
v 3.149608 -1.4372 -4.433914
v 4.94356 -2.008002 5.228961
v 9.448824 -2.456491 5.106646
v 4.94356 -2.456491 5.106646
v 9.632297 -2.008002 5.228961
v 3.149608 -1.4372 -9.938084
v 3.149608 -2.374948 -4.433914
v 3.149608 -2.415719 -10.10117
v 3.149608 -1.4372 -4.433914
v 4.94356 -2.008002 5.228961
v 9.102265 -1.4372 4.739701
v 9.632297 -2.008002 5.228961
v 4.94356 -1.4372 4.719316
v -1.111027 -5.840536 7.777187
v -1.111027 -6.859826 3.598096
v -1.111027 -5.840536 3.598096
v -1.111027 -6.859826 7.777187
v 0.0713501 -5.840536 7.777187
v 0.0713501 -5.840536 3.598096
v 0.0713501 -6.859826 7.777187
v -1.111027 -5.840536 7.777187
v 0.0713501 -5.840536 7.777187
v -1.111027 -6.859826 7.777187
v 0.0713501 -6.859826 7.777187
v 0.0713501 -5.840536 3.598096
v 0.0713501 -6.859826 3.598096
v 0.0713501 -5.840536 7.777187
v -0.09173584 -6.289023 5.290118
v 4.291214 -6.289023 6.819054
v -0.09173584 -6.289023 6.819054
v 4.291214 -6.289023 5.290118
v -0.09173584 -6.289023 6.819054
v 4.291214 -6.859826 7.593716
v -0.09173584 -6.859826 7.593716
v 4.291214 -6.289023 6.819054
v 5.840536 -1.763373 8.164518
v 5.840536 -2.864207 3.536939
v 5.840536 -2.864207 8.164518
v 5.840536 -1.763373 3.536939
v -1.274113 -1.763373 3.536939
v 5.840536 -1.763373 8.164518
v -1.274113 -1.763373 8.164518
v 5.840536 -1.763373 3.536939
v -1.274113 -1.763373 8.164518
v 5.840536 -2.864207 8.164518
v -1.274113 -2.864207 8.164518
v 5.840536 -1.763373 8.164518
v -1.274113 -2.864207 3.536939
v -1.274113 -1.763373 8.164518
v -1.274113 -2.864207 8.164518
v -1.274113 -1.763373 3.536939
v 5.840536 -2.864207 8.164518
v -1.274113 -2.864207 3.536939
v -1.274113 -2.864207 8.164518
v 5.840536 -2.864207 3.536939
v 7.145227 1.844916 1.763372
v 7.145227 1.518743 0.4994526
v 7.145227 1.518743 1.763372
v 7.145227 1.844916 0.4994526
v 5.065875 1.844916 -1.4372
v 7.145227 1.844916 1.763372
v 5.065875 1.844916 1.763372
v 7.145227 1.844916 -1.4372
v 7.145227 1.844916 -1.4372
v 7.145227 1.844916 0.4994526
v 7.145227 1.844916 1.763372
v 5.065875 1.844916 1.763372
v 7.145227 1.518743 1.763372
v 5.065875 1.518743 1.763372
v 7.145227 1.844916 1.763372
v 5.065875 1.518743 -1.4372
v 5.065875 1.844916 1.763372
v 5.065875 1.518743 1.763372
v 5.065875 1.844916 -1.4372
v 8.796478 1.844916 0.4586811
v 8.796478 1.518743 -5.718221
v 8.796478 1.518743 0.4586811
v 8.796478 1.844916 -5.718221
v 7.145227 1.844916 -1.4372
v 8.796478 1.844916 -5.718221
v 8.796478 1.844916 0.4586811
v 7.145227 1.844916 -4.433914
v 7.145227 1.844916 0.4994526
v 7.145227 1.518743 1.763372
v 5.065875 1.518743 -1.4372
v 5.065875 1.518743 1.763372
v 7.145227 1.518743 0.4994526
v 8.796478 1.518743 0.4586811
v 8.796478 1.518743 -5.718221
v 3.271923 1.518743 -4.474686
v 4.637773 1.518743 -5.718221
v 3.271923 1.518743 -9.326509
v 4.637773 1.518743 -9.326509
v 7.145227 1.844916 0.4994526
v 8.796478 1.518743 0.4586811
v 7.145227 1.518743 0.4994526
v 8.796478 1.844916 0.4586811
v 4.658158 1.844916 -5.718221
v 7.145227 1.844916 -4.433914
v 3.271923 1.844916 -4.474686
v 8.796478 1.844916 -5.718221
v 4.637773 1.518743 -5.718221
v 8.796478 1.844916 -5.718221
v 4.658158 1.844916 -5.718221
v 8.796478 1.518743 -5.718221
v 4.658158 1.844916 -9.326509
v 3.271923 1.844916 -4.474686
v 3.271923 1.844916 -9.326509
v 4.658158 1.844916 -5.718221
v 4.637773 1.518743 -9.326509
v 4.658158 1.844916 -5.718221
v 4.658158 1.844916 -9.326509
v 4.637773 1.518743 -5.718221
v 7.919888 5.555134 -0.4790668
v 7.919888 5.249347 -6.289023
v 7.919888 5.249347 -0.4790668
v 7.919888 5.555134 -6.289023
v 3.924269 6.900597 -3.618482
v -2.048774 5.555134 6.248251
v 6.411338 5.249347 6.248251
v -2.048774 5.249347 6.248251
v 6.411338 5.555134 6.248251
v -5.820148 5.249347 -0.4790668
v -5.820148 5.555134 -6.289023
v -5.820148 5.555134 -0.4790668
v -5.820148 5.249347 -6.289023
v 5.127032 -2.538034 5.432819
v 5.127032 -3.82234 7.71603
v 5.127032 -2.538034 7.71603
v 5.127032 -3.82234 5.432819
v 4.005812 -3.82234 7.71603
v 5.127032 -2.538034 7.71603
v 5.127032 -3.82234 7.71603
v 3.312695 -3.169994 7.71603
v 2.109932 -2.538034 7.71603
v 2.109932 -2.925364 7.71603
v 4.005812 -3.82234 7.71603
v 5.127032 -3.82234 5.432819
v 3.985426 -3.82234 5.432819
v 5.127032 -3.82234 7.71603
v 3.312695 -3.169994 5.432819
v 3.312695 -3.169994 7.71603
v 2.109932 -2.925364 5.432819
v 2.109932 -2.925364 7.71603
v 0.9275551 -3.169994 5.432819
v 0.9275551 -3.169994 7.71603
v 0.234437 -3.82234 5.432819
v 0.234437 -3.82234 7.71603
v -0.9071684 -3.82234 5.432819
v -0.9071684 -3.82234 7.71603
v -0.9071684 -2.538034 5.432819
v -0.9071684 -3.82234 7.71603
v -0.9071684 -3.82234 5.432819
v -0.9071684 -2.538034 7.71603
v 0.234437 -3.82234 7.71603
v -0.9071684 -3.82234 7.71603
v -0.9071684 -2.538034 7.71603
v 0.9275551 -3.169994 7.71603
v 2.109932 -2.538034 7.71603
v 2.109932 -2.925364 7.71603
v -2.619576 -2.130318 3.842726
v -3.924269 1.946845 5.758991
v -2.619576 1.946845 3.842726
v -3.924269 -2.130318 5.758991
v -2.619576 -6.859826 3.842726
v -3.924269 -2.130318 5.758991
v -2.619576 -2.130318 3.842726
v -3.924269 -6.859826 5.758991
v 4.658158 1.844916 -9.326509
v 3.271923 1.518743 -9.326509
v 4.637773 1.518743 -9.326509
v 3.271923 1.844916 -9.326509
v 6.411338 5.249347 -0.4790668
v -5.820148 5.249347 -6.289023
v -2.048774 5.249347 -0.4790668
v 7.919888 5.249347 -6.289023
v -5.820148 5.249347 -0.4790668
v 7.919888 5.249347 -0.4790668
v 6.411338 5.249347 -0.4790668
v 6.411338 5.555134 6.248251
v 6.411338 5.555134 -0.4790668
v 6.411338 5.249347 6.248251
v 2.374948 6.900597 -3.618482
v 2.374948 6.900597 6.248251
v -2.048774 5.555134 -0.4790668
v -2.048774 5.249347 6.248251
v -2.048774 5.249347 -0.4790668
v -2.048774 5.555134 6.248251
v -2.048774 5.249347 -0.4790668
v 6.411338 5.249347 6.248251
v 6.411338 5.249347 -0.4790668
v -2.048774 5.249347 6.248251
v -5.820148 5.555134 -0.4790668
v -2.048774 5.249347 -0.4790668
v -5.820148 5.249347 -0.4790668
v -2.048774 5.555134 -0.4790668
v 7.919888 5.249347 -0.4790668
v 6.411338 5.555134 -0.4790668
v 7.919888 5.555134 -0.4790668
v 6.411338 5.249347 -0.4790668
v 5.33089 -2.334176 -9.530368
v 3.312695 -6.961755 -9.530368
v 5.33089 -6.961755 -9.530368
v 3.312695 -2.334176 -9.530368
v 7.919888 5.555134 -6.289023
v -5.820148 5.249347 -6.289023
v 7.919888 5.249347 -6.289023
v -5.820148 5.555134 -6.289023
v -0.9887114 6.900597 -3.618482
v 2.374948 6.900597 -3.618482
v 3.924269 6.900597 -3.618482
v -2.048774 5.555134 6.248251
v 2.374948 6.900597 6.248251
v 6.411338 5.555134 6.248251
v -5.820148 5.555134 -6.289023
v -0.9887114 6.900597 -3.618482
v -5.820148 5.555134 -0.4790668
v -0.9887114 6.900597 -3.618482
v -2.048774 5.555134 -0.4790668
v -5.820148 5.555134 -0.4790668
v 2.374948 6.900597 -3.618482
v 3.924269 6.900597 -3.618482
v 6.411338 5.555134 -0.4790668
v 7.919888 5.555134 -0.4790668
v 2.374948 6.900597 6.248251
v -2.048774 5.555134 -0.4790668
v 2.374948 6.900597 -3.618482
v -2.048774 5.555134 6.248251
v -4.433914 -2.130318 -0.6829252
v -4.433914 1.865302 1.763372
v -4.433914 -2.130318 1.763372
v -4.433914 1.865302 -0.6829252
v -4.433914 -2.130318 1.763372
v -4.433914 -6.859826 -0.6829252
v -4.433914 -2.130318 -0.6829252
v -4.433914 -6.859826 1.763372
v 8.44992 1.600286 -0.01019287
v 8.307219 -1.477972 0.1528931
v 8.44992 -1.477972 -0.01019287
v 8.307219 1.600286 0.1528931
v 8.633392 1.600286 0.05096436
v 8.44992 -1.477972 -0.01019287
v 8.633392 -1.477972 0.05096436
v 8.44992 1.600286 -0.01019287
v 8.633392 1.600286 0.2548227
v 8.633392 -1.477972 0.05096436
v 8.633392 -1.477972 0.2548227
v 8.633392 1.600286 0.05096436
v 8.44992 1.600286 0.31598
v 8.633392 -1.477972 0.2548227
v 8.44992 -1.477972 0.31598
v 8.633392 1.600286 0.2548227
v 8.307219 1.600286 0.1528931
v 8.44992 -1.477972 0.31598
v 8.307219 -1.477972 0.1528931
v 8.44992 1.600286 0.31598
v 6.859826 1.600286 1.335271
v 6.737511 -1.477972 1.498357
v 6.859826 -1.477972 1.335271
v 6.737511 1.600286 1.498357
v 7.043299 1.600286 1.396428
v 6.859826 -1.477972 1.335271
v 7.043299 -1.477972 1.396428
v 6.859826 1.600286 1.335271
v 7.043299 1.600286 1.600286
v 7.043299 -1.477972 1.396428
v 7.043299 -1.477972 1.600286
v 7.043299 1.600286 1.396428
v 6.859826 1.600286 1.681829
v 7.043299 -1.477972 1.600286
v 6.859826 -1.477972 1.681829
v 7.043299 1.600286 1.600286
v 6.737511 1.600286 1.498357
v 6.859826 -1.477972 1.681829
v 6.737511 -1.477972 1.498357
v 6.859826 1.600286 1.681829
v -0.4382944 -3.761183 6.859825
v -0.6013813 -5.860921 7.124842
v -0.4382944 -5.860921 6.859825
v -0.6013813 -3.761183 7.124842
v -0.1732788 -3.761183 6.961756
v -0.4382944 -5.860921 6.859825
v -0.1732788 -5.860921 6.961756
v -0.4382944 -3.761183 6.859825
v -0.1732788 -3.761183 7.267542
v -0.1732788 -5.860921 6.961756
v -0.1732788 -5.860921 7.267542
v -0.1732788 -3.761183 6.961756
v -0.4382944 -3.761183 7.349085
v -0.1732788 -5.860921 7.267542
v -0.4382944 -5.860921 7.349085
v -0.1732788 -3.761183 7.267542
v -0.6013813 -3.761183 7.124842
v -0.4382944 -5.860921 7.349085
v -0.6013813 -5.860921 7.124842
v -0.4382944 -3.761183 7.349085
v 4.658158 -3.761183 6.859825
v 4.495072 -5.860921 7.124842
v 4.658158 -5.860921 6.859825
v 4.495072 -3.761183 7.124842
v 4.94356 -3.761183 6.961756
v 4.658158 -5.860921 6.859825
v 4.94356 -5.860921 6.961756
v 4.658158 -3.761183 6.859825
v 4.94356 -3.761183 7.267542
v 4.94356 -5.860921 6.961756
v 4.94356 -5.860921 7.267542
v 4.94356 -3.761183 6.961756
v 4.658158 -3.761183 7.349085
v 4.94356 -5.860921 7.267542
v 4.658158 -5.860921 7.349085
v 4.94356 -3.761183 7.267542
v 4.495072 -3.761183 7.124842
v 4.658158 -5.860921 7.349085
v 4.495072 -5.860921 7.124842
v 4.658158 -3.761183 7.349085
v 8.44992 1.600286 -5.636677
v 8.307219 -1.477972 -5.493977
v 8.44992 -1.477972 -5.636677
v 8.307219 1.600286 -5.493977
v 8.633392 1.600286 -5.57552
v 8.44992 -1.477972 -5.636677
v 8.633392 -1.477972 -5.57552
v 8.44992 1.600286 -5.636677
v 8.633392 1.600286 -5.371662
v 8.633392 -1.477972 -5.57552
v 8.633392 -1.477972 -5.371662
v 8.633392 1.600286 -5.57552
v 8.44992 1.600286 -5.33089
v 8.633392 -1.477972 -5.371662
v 8.44992 -1.477972 -5.33089
v 8.633392 1.600286 -5.371662
v 8.307219 1.600286 -5.493977
v 8.44992 -1.477972 -5.33089
v 8.307219 -1.477972 -5.493977
v 8.44992 1.600286 -5.33089
v 1.314885 -3.394238 5.208575
v 2.130318 -6.961755 5.208575
v 1.314885 -6.961755 5.208575
v 2.130318 -3.33308 5.208575
v 2.925364 -6.961755 5.208575
v 2.925364 -3.394238 5.208575
v 3.740797 -6.961755 5.208575
v 3.740797 -3.638868 5.208575
v 0.5402241 -3.638868 5.208575
v 0.5402241 -6.961755 5.208575
v -0.9275541 -2.334176 3.842726
v -0.9275541 -6.961755 5.453205
v -0.9275541 -6.961755 3.842726
v -0.9275541 -2.334176 5.453205
v 4.046584 -3.353467 5.453205
v 5.33089 -6.961755 5.453205
v 4.046584 -6.961755 5.453205
v 5.33089 -2.334176 5.453205
v 2.925364 -3.027293 5.453205
v 2.130318 -2.986522 5.453205
v 2.130318 -2.334176 5.453205
v 5.33089 -2.334176 3.618482
v 5.33089 -6.961755 5.453205
v 5.33089 -2.334176 5.453205
v 5.33089 -6.961755 3.618482
v -0.9275541 -2.334176 5.453205
v 2.130318 -2.986522 5.453205
v 1.314885 -3.027293 5.453205
v 2.130318 -2.334176 5.453205
v 0.1936655 -3.353467 5.453205
v 0.1936655 -6.961755 5.453205
v -0.9275541 -6.961755 5.453205
v 3.740797 -3.638868 5.208575
v 4.046584 -6.961755 5.453205
v 3.740797 -6.961755 5.208575
v 4.046584 -3.353467 5.453205
v 2.925364 -3.394238 5.208575
v 4.046584 -3.353467 5.453205
v 3.740797 -3.638868 5.208575
v 2.925364 -3.027293 5.453205
v 2.130318 -3.33308 5.208575
v 2.925364 -3.027293 5.453205
v 2.925364 -3.394238 5.208575
v 2.130318 -2.986522 5.453205
v 1.314885 -3.394238 5.208575
v 2.130318 -2.986522 5.453205
v 2.130318 -3.33308 5.208575
v 1.314885 -3.027293 5.453205
v 0.5402241 -3.638868 5.208575
v 1.314885 -3.027293 5.453205
v 1.314885 -3.394238 5.208575
v 0.1936655 -3.353467 5.453205
v 0.5402241 -6.961755 5.208575
v 0.1936655 -3.353467 5.453205
v 0.5402241 -3.638868 5.208575
v 0.1936655 -6.961755 5.453205
v 4.230056 -5.840536 7.777187
v 4.230056 -6.859826 3.598096
v 4.230056 -5.840536 3.598096
v 4.230056 -6.859826 7.777187
v 5.432819 -5.840536 7.777187
v 5.432819 -5.840536 3.598096
v 5.432819 -6.859826 7.777187
v 4.230056 -5.840536 7.777187
v 5.432819 -5.840536 7.777187
v 4.230056 -6.859826 7.777187
v 5.432819 -6.859826 7.777187
v 5.432819 -5.840536 3.598096
v 5.432819 -6.859826 3.598096
v 5.432819 -5.840536 7.777187
v 2.171089 -1.804145 7.899502
v 5.167804 -1.009098 7.899502
v 5.167804 -1.804145 7.899502
v 2.171089 -1.009098 7.899502
v 2.171089 -1.804145 7.899502
v -0.8460112 -1.009098 7.899502
v 2.171089 -1.009098 7.899502
v -0.8460112 -1.804145 7.899502
v -0.8460112 -1.804145 5.412434
v -0.8460112 -1.009098 7.899502
v -0.8460112 -1.804145 7.899502
v -0.8460112 -1.009098 5.412434
v 5.167804 -1.804145 7.899502
v 5.167804 -1.009098 5.412434
v 5.167804 -1.804145 5.412434
v 5.167804 -1.009098 7.899502
v 4.107741 1.82453 -5.432819
v 4.107741 2.599191 -9.08188
v 4.107741 1.82453 -9.08188
v 4.107741 2.599191 -5.432819
v -4.719316 1.82453 -8.979951
v -4.862017 2.599191 -4.902788
v -4.862017 1.82453 -4.902788
v -4.719316 2.599191 -8.979951
v 6.83944 1.82453 1.518743
v 5.167804 2.599191 1.518743
v 6.83944 2.599191 1.518743
v 5.167804 1.82453 1.518743
v 8.429534 1.82453 0.1936655
v 6.83944 2.599191 0.1936655
v 8.429534 2.599191 0.1936655
v 6.83944 1.82453 0.1936655
v 6.83944 1.82453 0.1936655
v 6.83944 2.599191 1.518743
v 6.83944 2.599191 0.1936655
v 6.83944 1.82453 1.518743
v -0.8256254 1.865302 3.72041
v -2.823435 2.578805 3.72041
v -0.8256254 2.578805 3.72041
v -2.823435 1.865302 3.72041
v -2.823435 1.865302 3.72041
v -4.148513 2.578805 5.514362
v -2.823435 2.578805 3.72041
v -4.148513 1.865302 5.514362
v -4.148513 1.865302 5.514362
v -5.983236 2.578805 5.534748
v -4.148513 2.578805 5.514362
v -5.983236 1.865302 5.534748
v -5.983236 1.865302 5.534748
v -7.206385 2.578805 3.82234
v -5.983236 2.578805 5.534748
v -7.206385 1.865302 3.82234
v -7.206385 1.865302 3.82234
v -6.105551 2.578805 2.048774
v -7.206385 2.578805 3.82234
v -6.105551 1.865302 2.048774
v -6.105551 1.865302 2.048774
v -4.168899 2.578805 2.048774
v -6.105551 2.578805 2.048774
v -4.168899 1.865302 2.048774
v -4.168899 1.865302 2.048774
v -4.168899 2.578805 -0.703311
v -4.168899 2.578805 2.048774
v -4.168899 1.865302 -0.703311
v 8.429534 1.82453 -2.660349
v 8.429534 2.599191 -5.432819
v 8.429534 1.82453 -5.432819
v 8.429534 2.599191 -2.660349
v 8.429534 1.82453 -2.660349
v 8.429534 2.599191 0.1936655
v 8.429534 2.599191 -2.660349
v 8.429534 1.82453 0.1936655
v -0.31598 1.82453 -9.061494
v -4.719316 2.599191 -8.979951
v -4.719316 1.82453 -8.979951
v -0.31598 2.599191 -9.061494
v -0.31598 1.82453 -9.061494
v 4.107741 2.599191 -9.08188
v -0.31598 2.599191 -9.061494
v 4.107741 1.82453 -9.08188
v 6.20748 1.82453 -5.432819
v 4.107741 2.599191 -5.432819
v 4.107741 1.82453 -5.432819
v 6.20748 2.599191 -5.432819
v 6.20748 1.82453 -5.432819
v 8.429534 2.599191 -5.432819
v 6.20748 2.599191 -5.432819
v 8.429534 1.82453 -5.432819
v 5.33089 -2.334176 -5.127032
v 5.33089 -6.961755 -0.7644682
v 5.33089 -2.334176 -0.7644682
v 5.33089 -6.961755 -5.127032
v 9.632297 -2.008002 5.228961
v 9.367281 -2.436105 -10.16233
v 9.448824 -2.456491 5.106646
v 9.632297 -2.008002 -10.40696
v 9.632297 -2.008002 5.228961
v 9.102265 -1.4372 -9.938084
v 9.632297 -2.008002 -10.40696
v 9.102265 -1.4372 4.739701
v 3.149608 -2.008002 -10.40696
v 9.367281 -2.436105 -10.16233
v 9.632297 -2.008002 -10.40696
v 3.149608 -2.415719 -10.10117
v 3.149608 -2.008002 -10.40696
v 9.102265 -1.4372 -9.938084
v 3.149608 -1.4372 -9.938084
v 9.632297 -2.008002 -10.40696
v 5.33089 -2.334176 -9.530368
v 5.33089 -6.961755 -5.127032
v 5.33089 -2.334176 -5.127032
v 5.33089 -6.961755 -9.530368
v 5.33089 -6.961755 3.618482
v 5.33089 -2.334176 -0.7644682
v 5.33089 -6.961755 -0.7644682
v 5.33089 -2.334176 3.618482
v 8.44992 -2.395333 3.659253
v 8.307219 -6.757897 3.842726
v 8.44992 -6.757897 3.659253
v 8.307219 -2.395333 3.842726
v 8.633392 -2.395333 3.740796
v 8.44992 -6.757897 3.659253
v 8.633392 -6.757897 3.740796
v 8.44992 -2.395333 3.659253
v 8.633392 -2.395333 3.924269
v 8.633392 -6.757897 3.740796
v 8.633392 -6.757897 3.924269
v 8.633392 -2.395333 3.740796
v 8.44992 -2.395333 3.985426
v 8.633392 -6.757897 3.924269
v 8.44992 -6.757897 3.985426
v 8.633392 -2.395333 3.924269
v 8.307219 -2.395333 3.842726
v 8.44992 -6.757897 3.985426
v 8.307219 -6.757897 3.842726
v 8.44992 -2.395333 3.985426
v 8.44992 -2.395333 -5.310504
v 8.307219 -6.757897 -5.127032
v 8.44992 -6.757897 -5.310504
v 8.307219 -2.395333 -5.127032
v 8.633392 -2.395333 -5.228961
v 8.44992 -6.757897 -5.310504
v 8.633392 -6.757897 -5.228961
v 8.44992 -2.395333 -5.310504
v 8.633392 -2.395333 -5.045489
v 8.633392 -6.757897 -5.228961
v 8.633392 -6.757897 -5.045489
v 8.633392 -2.395333 -5.228961
v 8.44992 -2.395333 -4.963945
v 8.633392 -6.757897 -5.045489
v 8.44992 -6.757897 -4.963945
v 8.633392 -2.395333 -5.045489
v 8.307219 -2.395333 -5.127032
v 8.44992 -6.757897 -4.963945
v 8.307219 -6.757897 -5.127032
v 8.44992 -2.395333 -4.963945
v 8.44992 -2.395333 -0.8867826
v 8.307219 -6.757897 -0.703311
v 8.44992 -6.757897 -0.8867826
v 8.307219 -2.395333 -0.703311
v 8.633392 -2.395333 -0.8052397
v 8.44992 -6.757897 -0.8867826
v 8.633392 -6.757897 -0.8052397
v 8.44992 -2.395333 -0.8867826
v 8.633392 -2.395333 -0.621767
v 8.633392 -6.757897 -0.8052397
v 8.633392 -6.757897 -0.621767
v 8.633392 -2.395333 -0.8052397
v 8.44992 -2.395333 -0.5606098
v 8.633392 -6.757897 -0.621767
v 8.44992 -6.757897 -0.5606098
v 8.633392 -2.395333 -0.621767
v 8.307219 -2.395333 -0.703311
v 8.44992 -6.757897 -0.5606098
v 8.307219 -6.757897 -0.703311
v 8.44992 -2.395333 -0.5606098
v 10.42734 -6.880212 -9.408052
v 5.18819 -6.574425 -9.408052
v 5.18819 -6.880212 -9.408052
v 10.42734 -6.574425 -9.408052
v 10.18271 -6.676354 7.57333
v 5.18819 -6.676354 -0.621767
v 10.18271 -6.676354 -0.621767
v 5.18819 -6.676354 7.57333
v 10.42734 -6.574425 -0.621767
v 10.18271 -6.574425 -9.143037
v 10.42734 -6.574425 -9.408052
v 10.18271 -6.574425 -0.621767
v 10.42734 -6.880212 -0.621767
v 10.42734 -6.574425 -9.408052
v 10.42734 -6.880212 -9.408052
v 10.42734 -6.574425 -0.621767
v 5.18819 -6.574425 -9.408052
v 10.18271 -6.574425 -9.143037
v 5.18819 -6.574425 -9.143037
v 10.42734 -6.574425 -9.408052
v 10.18271 -6.574425 7.57333
v 5.18819 -6.574425 7.736416
v 5.18819 -6.574425 7.57333
v 10.42734 -6.574425 7.736416
v 10.42734 -6.574425 7.736416
v 5.18819 -6.880212 7.736416
v 5.18819 -6.574425 7.736416
v 10.42734 -6.880212 7.736416
v 5.18819 -6.676354 -0.621767
v 10.18271 -6.676354 -9.143037
v 10.18271 -6.676354 -0.621767
v 5.18819 -6.676354 -9.143037
v 10.42734 -6.574425 -0.621767
v 10.18271 -6.574425 7.57333
v 10.18271 -6.574425 -0.621767
v 10.42734 -6.574425 7.736416
v 10.42734 -6.880212 7.736416
v 10.42734 -6.574425 -0.621767
v 10.42734 -6.880212 -0.621767
v 10.42734 -6.574425 7.736416
v 5.18819 -5.901693 -7.981046
v 10.22348 -5.901693 -9.265352
v 8.959565 -5.901693 -7.981046
v 5.18819 -5.901693 -9.265352
v 5.18819 -6.69674 -7.981046
v 8.959565 -6.69674 -7.981046
v 5.18819 -5.901693 -9.265352
v 10.22348 -6.69674 -9.265352
v 10.22348 -5.901693 -9.265352
v 5.18819 -6.69674 -9.265352
v 8.959565 -5.901693 -7.981046
v 10.22348 -5.922079 -0.621767
v 8.959565 -5.922079 -0.621767
v 10.22348 -5.901693 -9.265352
v 8.959565 -6.69674 -7.981046
v 8.959565 -6.69674 -0.621767
v 10.22348 -5.901693 7.491787
v 8.959565 -5.901693 6.207479
v 8.959565 -6.69674 6.207479
v 10.22348 -5.901693 -9.265352
v 10.22348 -6.69674 -0.621767
v 10.22348 -5.922079 -0.621767
v 10.22348 -6.69674 -9.265352
v 10.22348 -6.69674 7.491787
v 10.22348 -5.901693 7.491787
v 5.18819 -5.901693 7.491787
v 8.959565 -5.901693 6.207479
v 10.22348 -5.901693 7.491787
v 5.18819 -5.901693 6.207479
v 8.959565 -6.69674 6.207479
v 5.18819 -6.69674 6.207479
v 10.22348 -5.901693 7.491787
v 5.18819 -6.69674 7.491787
v 5.18819 -5.901693 7.491787
v 10.22348 -6.69674 7.491787
v -10.16233 -6.676354 -2.762278
v -3.82234 -6.676354 3.618482
v -10.16233 -6.676354 3.618482
v -3.82234 -6.676354 -2.762278
v -10.42734 -6.574425 3.618482
v -10.16233 -6.574425 10.10117
v -10.42734 -6.574425 10.36619
v -10.16233 -6.574425 3.618482
v -10.42734 -6.961755 3.618482
v -10.42734 -6.574425 10.36619
v -10.42734 -6.961755 10.36619
v -10.42734 -6.574425 3.618482
v -10.16233 -6.574425 -2.762278
v -3.82234 -6.574425 -2.94575
v -3.82234 -6.574425 -2.762278
v -10.42734 -6.574425 -2.94575
v -3.82234 -6.574425 -2.94575
v -10.42734 -6.574425 -2.94575
v -10.42734 -6.961755 -2.94575
v -10.42734 -6.574425 3.618482
v -10.16233 -6.574425 -2.762278
v -10.16233 -6.574425 3.618482
v -10.42734 -6.574425 -2.94575
v -10.42734 -6.961755 -2.94575
v -10.42734 -6.574425 3.618482
v -10.42734 -6.961755 3.618482
v -10.42734 -6.574425 -2.94575
v -0.5198383 -6.961755 10.36619
v -10.42734 -6.574425 10.36619
v -0.5198383 -6.574425 10.36619
v -10.42734 -6.961755 10.36619
v -0.5198383 -6.574425 3.618482
v -0.7848539 -6.574425 10.10117
v -0.7848539 -6.574425 3.618482
v -0.5198383 -6.574425 10.36619
v -0.5198383 -6.961755 3.618482
v -0.5198383 -6.574425 10.36619
v -0.5198383 -6.574425 3.618482
v -0.5198383 -6.961755 10.36619
v -10.42734 -6.574425 10.36619
v -0.7848539 -6.574425 10.10117
v -0.5198383 -6.574425 10.36619
v -10.16233 -6.574425 10.10117
v -3.82234 -6.676354 3.618482
v -10.16233 -6.676354 10.10117
v -10.16233 -6.676354 3.618482
v -0.7848539 -6.676354 10.10117
v -0.7848539 -6.676354 3.618482
v -2.048774 -5.860921 8.83725
v -10.18271 -5.860921 10.12156
v -8.898407 -5.860921 8.83725
v -0.7644682 -5.860921 10.12156
v -8.898407 -6.69674 8.83725
v -2.048774 -6.69674 8.83725
v -10.18271 -5.860921 10.12156
v -0.7644682 -6.69674 10.12156
v -10.18271 -6.69674 10.12156
v -0.7644682 -5.860921 10.12156
v -0.7644682 -5.860921 10.12156
v -2.048774 -5.881307 3.618482
v -0.7644682 -5.881307 3.618482
v -2.048774 -5.860921 8.83725
v -2.048774 -6.69674 3.618482
v -2.048774 -6.69674 8.83725
v -0.7644682 -6.69674 10.12156
v -0.7644682 -5.881307 3.618482
v -0.7644682 -6.69674 3.618482
v -0.7644682 -5.860921 10.12156
v -8.898407 -5.860921 8.83725
v -10.18271 -5.881307 3.47578
v -8.898407 -5.881307 3.47578
v -10.18271 -5.860921 10.12156
v -8.898407 -6.69674 8.83725
v -8.898407 -6.69674 3.47578
v -10.18271 -5.860921 -2.762278
v -8.898407 -5.860921 -1.477972
v -8.898407 -6.69674 -1.477972
v -10.18271 -5.860921 10.12156
v -10.18271 -6.69674 3.47578
v -10.18271 -5.881307 3.47578
v -10.18271 -6.69674 10.12156
v -10.18271 -6.69674 -2.762278
v -10.18271 -5.860921 -2.762278
v -3.82234 -5.860921 -2.762278
v -8.898407 -5.860921 -1.477972
v -10.18271 -5.860921 -2.762278
v -3.82234 -5.860921 -1.477972
v -8.898407 -6.69674 -1.477972
v -3.82234 -6.69674 -1.477972
v -10.18271 -5.860921 -2.762278
v -3.82234 -6.69674 -2.762278
v -3.82234 -5.860921 -2.762278
v -10.18271 -6.69674 -2.762278
v -3.82234 -6.574425 -2.94575
v -10.42734 -6.961755 -2.94575
v -3.82234 -6.961755 -2.94575
v 3.149608 -2.415719 -10.10117
v 3.149608 -2.008002 -10.40696
v 3.149608 -1.4372 -9.938084
vt 0.9982154 0.2485752
vt 0.8709919 0.4971504
vt 0.8709919 0.2485752
vt 0.9982154 0.4971504
vt 0.7515975 0.4991077
vt 1.000173 0.7457256
vt 1.000173 0.4991077
vt 0.7515975 0.7457256
vt 0.7476829 0.5265097
vt 1.000173 0.7320246
vt 1.000173 0.5265097
vt 0.7476829 0.7320246
vt 0.7476829 0.4991077
vt 0.5225951 0.7457256
vt 0.5225951 0.4991077
vt 0.7476829 0.7457256
vt 0.7476829 0.7457256
vt 0.4991077 0.4991077
vt 0.4991077 0.7457256
vt 0.7476829 0.4991077
vt 0.624374 0.4991077
vt 0.7476829 0.7457256
vt 0.7476829 0.4991077
vt 0.624374 0.7457256
vt 0.4991077 0.4991077
vt 0.7476829 0.7457256
vt 0.7476829 0.4991077
vt 0.4991077 0.7457256
vt 0.9982154 0.2485752
vt 0.8709919 0.4971504
vt 0.8709919 0.2485752
vt 0.9982154 0.4971504
vt 0.7515975 0.4991077
vt 1.000173 0.7457256
vt 1.000173 0.4991077
vt 0.7515975 0.7457256
vt 0.7476829 0.5265097
vt 1.000173 0.7457256
vt 1.000173 0.5265097
vt 0.7476829 0.7457256
vt 1.000173 0.7320246
vt 0.7476829 0.4991077
vt 0.7476829 0.7320246
vt 1.000173 0.4991077
vt 0.5225951 0.7457256
vt 0.7476829 0.4991077
vt 0.7476829 0.7457256
vt 0.5225951 0.4991077
vt 0.624374 0.4991077
vt 0.7476829 0.7457256
vt 0.7476829 0.4991077
vt 0.624374 0.7457256
vt 0.514766 0.4991077
vt 0.5989292 0.7457256
vt 0.5989292 0.4991077
vt 0.514766 0.7457256
vt 0.4991077 0.4991077
vt 0.7476829 0.7457256
vt 0.7476829 0.4991077
vt 0.4991077 0.7457256
vt 0.7476829 0.7457256
vt 0.4991077 0.4991077
vt 0.4991077 0.7457256
vt 0.7476829 0.4991077
vt 0.7476829 0.7320246
vt 1.000173 0.5265097
vt 0.7476829 0.5265097
vt 1.000173 0.7320246
vt 0.7476829 0.7320246
vt 1.000173 0.4991077
vt 0.7476829 0.4991077
vt 1.000173 0.7320246
vt 0.5225951 0.4991077
vt 0.7476829 0.7457256
vt 0.5225951 0.7457256
vt 0.5225951 0.4991077
vt 0.7476829 0.7457256
vt 0.7476829 0.4991077
vt 0.5225951 0.7457256
vt 0.7476829 0.4991077
vt 0.624374 0.7457256
vt 0.7476829 0.7457256
vt 0.624374 0.4991077
vt 0.8709919 0.2485752
vt 0.7457256 0.4971504
vt 0.8709919 0.4971504
vt 0.7457256 0.2485752
vt 0.514766 0.7457256
vt 0.5989292 0.4991077
vt 0.514766 0.4991077
vt 0.5989292 0.7457256
vt 0.5989292 0.4991077
vt 0.5617408 0.7457256
vt 0.5989292 0.7457256
vt 0.514766 0.7457256
vt 0.514766 0.4991077
vt 0.624374 0.4991077
vt 0.4991077 0.7457256
vt 0.624374 0.7457256
vt 0.4991077 0.4991077
vt 0.624374 0.4991077
vt 0.4991077 0.7457256
vt 0.624374 0.7457256
vt 0.4991077 0.4991077
vt 0.1996431 0.2250878
vt 0.1154798 0.1311381
vt 0.1154798 0.2250878
vt 0.1996431 0.1311381
vt 0.1996431 0.1311381
vt 0.1154798 0.2250878
vt 0.1154798 0.1311381
vt 0.1996431 0.2250878
vt 0.514766 0.7457256
vt 0.5989292 0.4991077
vt 0.5989292 0.7457256
vt 0.514766 0.4991077
vt 0.9982154 0.2485752
vt 0.8709919 0.4971504
vt 0.9982154 0.4971504
vt 0.8709919 0.2485752
vt 0.9982154 0.2485752
vt 0.8709919 0.4971504
vt 0.9982154 0.4971504
vt 0.8709919 0.2485752
vt 0.7476829 0.4991077
vt 0.624374 0.7457256
vt 0.7476829 0.7457256
vt 0.624374 0.4991077
vt 0.7476829 0.4991077
vt 0.624374 0.7457256
vt 0.7476829 0.7457256
vt 0.624374 0.4991077
vt 0.8709919 0.2485752
vt 0.7457256 0.4971504
vt 0.8709919 0.4971504
vt 0.7457256 0.2485752
vt 0.4991077 0.4991077
vt 0.6224167 0.7457256
vt 0.6224167 0.4991077
vt 0.4991077 0.7457256
vt 0.6224167 0.7457256
vt 0.4991077 0.4991077
vt 0.4991077 0.7457256
vt 0.6224167 0.4991077
vt 0.1076507 0.2250878
vt 0.2094295 0.1311381
vt 0.1076507 0.1311381
vt 0.2094295 0.2250878
vt 0.7457256 0.2485752
vt 0.8709919 0.4971504
vt 0.8709919 0.2485752
vt 0.7457256 0.4971504
vt 0.7457256 0.2485752
vt 0.8709919 0.4971504
vt 0.8709919 0.2485752
vt 0.7457256 0.4971504
vt 0.8709919 0.4971504
vt 0.7457256 0.2485752
vt 0.7457256 0.4971504
vt 0.8709919 0.2485752
vt 0.8709919 0.4971504
vt 0.7457256 0.2485752
vt 0.7457256 0.4971504
vt 0.8709919 0.2485752
vt 0.1585401 0.1781129
vt 0.123309 0.2133441
vt 0.1467964 0.2133441
vt 0.1467964 0.1409245
vt 0.123309 0.1409245
vt 0.1115652 0.1781129
vt 0.8709919 0.2485752
vt 0.7457256 0.4971504
vt 0.8709919 0.4971504
vt 0.7457256 0.2485752
vt 0.7457256 0.4971504
vt 0.8709919 0.2485752
vt 0.7457256 0.2485752
vt 0.8709919 0.4971504
vt 0.7457256 0.4971504
vt 0.8709919 0.2485752
vt 0.7457256 0.2485752
vt 0.8709919 0.4971504
vt 0.8709919 0.2485752
vt 0.7457256 0.4971504
vt 0.8709919 0.4971504
vt 0.7457256 0.2485752
vt 0.4971504 0.8749064
vt 0.336653 0.9688561
vt 0.4971504 0.9688561
vt 0.2485752 0.8749064
vt 0.336653 0.9982154
vt 0.2485752 0.9982154
vt 0.4129871 0.9688561
vt 0.2485752 0.8749064
vt 0.2485752 0.9688561
vt 0.4971504 0.8749064
vt 0.4971504 0.9982154
vt 0.4129871 0.9982154
vt 0.5343388 0.2701053
vt 0.7398537 0.2485752
vt 0.5343388 0.2485752
vt 0.7398537 0.2701053
vt 0.7476829 0.8259743
vt 0.5304242 0.796615
vt 0.7476829 0.796615
vt 0.5304242 0.8259743
vt 0.5343388 0.2701053
vt 0.7398537 0.3268666
vt 0.7398537 0.2701053
vt 0.5343388 0.3268666
vt 0.9962581 0.8533763
vt 0.8475044 0.782914
vt 0.8475044 0.8533763
vt 0.9962581 0.782914
vt 0.9962581 0.8749064
vt 0.8475044 0.8749064
vt 0.9962581 0.782914
vt 0.9531978 0.8533763
vt 0.9962581 0.8533763
vt 0.9531978 0.782914
vt 0.9962581 0.782914
vt 0.8475044 0.8533763
vt 0.8475044 0.782914
vt 0.9962581 0.8533763
vt 0.2485752 0.8749064
vt 0.3581832 0.9982154
vt 0.3581832 0.8749064
vt 0.2485752 0.9982154
vt 0.07241955 0.2446606
vt 0 0
vt 0 0.2446606
vt 0.07241955 0
vt 0.5304242 0.8259743
vt 0.7476829 0.7496402
vt 0.5304242 0.7496402
vt 0.7476829 0.8259743
vt 0.1076507 0.2250878
vt 0.2094295 0.1311381
vt 0.1076507 0.1311381
vt 0.2094295 0.2250878
vt 0.7476829 0.8259743
vt 0.5304242 0.7496402
vt 0.7476829 0.7496402
vt 0.5304242 0.8259743
vt 0.5304242 0.7496402
vt 0.7476829 0.8259743
vt 0.7476829 0.7496402
vt 0.5304242 0.8259743
vt 0.2094295 0.1311381
vt 0.1076507 0.2250878
vt 0.1076507 0.1311381
vt 0.2094295 0.2250878
vt 0.6263312 0.7457256
vt 0.7476829 0.7222382
vt 0.6263312 0.7222382
vt 0.7476829 0.7457256
vt 0.1702838 0.1409245
vt 0.1154798 0.2133441
vt 0.1154798 0.1409245
vt 0.1702838 0.2133441
vt 0.1702838 0.2133441
vt 0.1389672 0.2133441
vt 0.1154798 0.2133441
vt 0.7476829 0.7457256
vt 0.6263312 0.7222382
vt 0.7476829 0.7222382
vt 0.6263312 0.7457256
vt 0.6263312 0.7222382
vt 0.7476829 0.7457256
vt 0.7476829 0.7222382
vt 0.6263312 0.7457256
vt 0.6263312 0.7457256
vt 0.7476829 0.7222382
vt 0.6263312 0.7222382
vt 0.7476829 0.7457256
vt 0.1428818 0.1409245
vt 0.2035577 0.2133441
vt 0.1154798 0.2133441
vt 0.1839848 0.1409245
vt 0.1154798 0.1409245
vt 0.2485752 0.9590697
vt 0.322952 0.9140521
vt 0.2485752 0.9140521
vt 0.2798918 0.9590697
vt 0.2798918 0.9982154
vt 0.4129871 0.9982154
vt 0.3875425 0.8749064
vt 0.4129871 0.906223
vt 0.4912786 0.8749064
vt 0.4912786 0.906223
vt 0.7476829 0.7457256
vt 0.6263312 0.7222382
vt 0.7476829 0.7222382
vt 0.6263312 0.7457256
vt 0.1467964 0.2133441
vt 0.1839848 0.1409245
vt 0.1213517 0.1409245
vt 0.2035577 0.2133441
vt 0.6263312 0.7222382
vt 0.7476829 0.7457256
vt 0.6263312 0.7457256
vt 0.7476829 0.7222382
vt 0.2035577 0.2133441
vt 0.1154798 0.1409245
vt 0.2035577 0.1409245
vt 0.1389672 0.2133441
vt 0.7476829 0.7222382
vt 0.6263312 0.7457256
vt 0.7476829 0.7457256
vt 0.6263312 0.7222382
vt 0.5343388 0.2701053
vt 0.7398537 0.2485752
vt 0.5343388 0.2485752
vt 0.7398537 0.2701053
vt 0.6400322 0.3268666
vt 0.5343388 0.2701053
vt 0.7398537 0.2485752
vt 0.5343388 0.2485752
vt 0.7398537 0.2701053
vt 0.7398537 0.2485752
vt 0.5343388 0.2701053
vt 0.7398537 0.2701053
vt 0.5343388 0.2485752
vt 0.5871855 0.7457256
vt 0.514766 0.6400322
vt 0.514766 0.7457256
vt 0.5871855 0.6400322
vt 0.5460826 0.6400322
vt 0.514766 0.7457256
vt 0.514766 0.6400322
vt 0.5636981 0.6928789
vt 0.5969719 0.7457256
vt 0.5969719 0.7124518
vt 0.5969719 0.6322031
vt 0.6224167 0.4991077
vt 0.5969719 0.4991077
vt 0.6224167 0.6322031
vt 0.5852283 0.4991077
vt 0.5852283 0.6322031
vt 0.5617408 0.4991077
vt 0.5617408 0.6322031
vt 0.5343388 0.4991077
vt 0.5343388 0.6322031
vt 0.5206378 0.4991077
vt 0.5206378 0.6322031
vt 0.4991077 0.4991077
vt 0.4991077 0.6322031
vt 0.5871855 0.7457256
vt 0.514766 0.6400322
vt 0.5871855 0.6400322
vt 0.514766 0.7457256
vt 0.5460826 0.6400322
vt 0.514766 0.6400322
vt 0.514766 0.7457256
vt 0.5636981 0.6928789
vt 0.5969719 0.7457256
vt 0.5969719 0.7124518
vt 0.8709919 0.2485752
vt 0.7457256 0.4971504
vt 0.8709919 0.4971504
vt 0.7457256 0.2485752
vt 0.8709919 0.2485752
vt 0.7457256 0.4971504
vt 0.8709919 0.4971504
vt 0.7457256 0.2485752
vt 0.7476829 0.7457256
vt 0.7476829 0.7222382
vt 0.7476829 0.7222382
vt 0.7476829 0.7457256
vt 0.4677911 0.9982154
vt 0.2485752 0.8749064
vt 0.3170802 0.9982154
vt 0.4971504 0.8749064
vt 0.2485752 0.9982154
vt 0.4971504 0.9982154
vt 0.6752633 0.2485752
vt 0.5343388 0.2701053
vt 0.6752633 0.2701053
vt 0.5343388 0.2485752
vt 0.7398537 0.3268666
vt 0.5343388 0.3268666
vt 0.6752633 0.2701053
vt 0.5343388 0.2485752
vt 0.6752633 0.2485752
vt 0.5343388 0.2701053
vt 0.3170802 0.8749064
vt 0.4677911 0.9982154
vt 0.4677911 0.8749064
vt 0.3170802 0.9982154
vt 0.5343388 0.2701053
vt 0.5871855 0.2485752
vt 0.5343388 0.2485752
vt 0.5871855 0.2701053
vt 0.7222382 0.2485752
vt 0.7007081 0.2701053
vt 0.7222382 0.2701053
vt 0.7007081 0.2485752
vt 0.5989292 0.7457256
vt 0.4991077 0.4991077
vt 0.5989292 0.4991077
vt 0.4991077 0.7457256
vt 0.5343388 0.2701053
vt 0.7398537 0.2485752
vt 0.5343388 0.2485752
vt 0.7398537 0.2701053
vt 0.6654769 0.3268666
vt 0.6165448 0.3268666
vt 0.5930574 0.3268666
vt 0.8435899 0.7496402
vt 0.9218813 0.7809567
vt 0.9943008 0.7496402
vt 0.5343388 0.2701053
vt 0.6400322 0.3268666
vt 0.7398537 0.2701053
vt 0.6048011 0.3268666
vt 0.5871855 0.2701053
vt 0.5343388 0.2701053
vt 0.6478614 0.3268666
vt 0.6713488 0.3268666
vt 0.7007081 0.2701053
vt 0.7222382 0.2701053
vt 0.5343388 0.3268666
vt 0.6752633 0.2701053
vt 0.7398537 0.3268666
vt 0.5343388 0.2701053
vt 0.4991077 0.4991077
vt 0.6224167 0.7457256
vt 0.6224167 0.4991077
vt 0.4991077 0.7457256
vt 0.6224167 0.7457256
vt 0.4991077 0.4991077
vt 0.4991077 0.7457256
vt 0.6224167 0.4991077
vt 0.4991077 0.7496402
vt 0.528467 0.9982154
vt 0.4991077 0.9982154
vt 0.528467 0.7496402
vt 0.528467 0.7496402
vt 0.4991077 0.9982154
vt 0.528467 0.9982154
vt 0.4991077 0.7496402
vt 0.528467 0.7496402
vt 0.4991077 0.9982154
vt 0.528467 0.9982154
vt 0.4991077 0.7496402
vt 0.4991077 0.7496402
vt 0.528467 0.9982154
vt 0.4991077 0.9982154
vt 0.528467 0.7496402
vt 0.528467 0.7496402
vt 0.4991077 0.9982154
vt 0.528467 0.9982154
vt 0.4991077 0.7496402
vt 0.4991077 0.7496402
vt 0.528467 0.9982154
vt 0.4991077 0.9982154
vt 0.528467 0.7496402
vt 0.528467 0.7496402
vt 0.4991077 0.9982154
vt 0.528467 0.9982154
vt 0.4991077 0.7496402
vt 0.528467 0.7496402
vt 0.4991077 0.9982154
vt 0.528467 0.9982154
vt 0.4991077 0.7496402
vt 0.4991077 0.7496402
vt 0.528467 0.9982154
vt 0.4991077 0.9982154
vt 0.528467 0.7496402
vt 0.528467 0.7496402
vt 0.4991077 0.9982154
vt 0.528467 0.9982154
vt 0.4991077 0.7496402
vt 0.4991077 0.7496402
vt 0.528467 0.9982154
vt 0.4991077 0.9982154
vt 0.528467 0.7496402
vt 0.528467 0.7496402
vt 0.4991077 0.9982154
vt 0.528467 0.9982154
vt 0.4991077 0.7496402
vt 0.528467 0.7496402
vt 0.4991077 0.9982154
vt 0.528467 0.9982154
vt 0.4991077 0.7496402
vt 0.4991077 0.7496402
vt 0.528467 0.9982154
vt 0.4991077 0.9982154
vt 0.528467 0.7496402
vt 0.528467 0.7496402
vt 0.4991077 0.9982154
vt 0.528467 0.9982154
vt 0.4991077 0.7496402
vt 0.4991077 0.7496402
vt 0.528467 0.9982154
vt 0.4991077 0.9982154
vt 0.528467 0.7496402
vt 0.528467 0.7496402
vt 0.4991077 0.9982154
vt 0.528467 0.9982154
vt 0.4991077 0.7496402
vt 0.528467 0.7496402
vt 0.4991077 0.9982154
vt 0.528467 0.9982154
vt 0.4991077 0.7496402
vt 0.4991077 0.7496402
vt 0.528467 0.9982154
vt 0.4991077 0.9982154
vt 0.528467 0.7496402
vt 0.528467 0.7496402
vt 0.4991077 0.9982154
vt 0.528467 0.9982154
vt 0.4991077 0.7496402
vt 0.4991077 0.7496402
vt 0.528467 0.9982154
vt 0.4991077 0.9982154
vt 0.528467 0.7496402
vt 0.528467 0.7496402
vt 0.4991077 0.9982154
vt 0.528467 0.9982154
vt 0.4991077 0.7496402
vt 0.528467 0.7496402
vt 0.4991077 0.9982154
vt 0.528467 0.9982154
vt 0.4991077 0.7496402
vt 0.4991077 0.7496402
vt 0.528467 0.9982154
vt 0.4991077 0.9982154
vt 0.528467 0.7496402
vt 0.528467 0.7496402
vt 0.4991077 0.9982154
vt 0.528467 0.9982154
vt 0.4991077 0.7496402
vt 0.2877209 0.4697484
vt 0.322952 0.3072938
vt 0.2877209 0.3072938
vt 0.322952 0.4756203
vt 0.3581832 0.3072938
vt 0.3581832 0.4697484
vt 0.3934143 0.3072938
vt 0.3934143 0.459962
vt 0.2505325 0.459962
vt 0.2505325 0.3072938
vt 0.6537332 0.7457256
vt 0.7476829 0.4991077
vt 0.6537332 0.4991077
vt 0.7476829 0.7457256
vt 0.6537332 0.6889644
vt 0.7476829 0.4991077
vt 0.6537332 0.4991077
vt 0.7476829 0.7457256
vt 0.5617408 0.7104945
vt 0.4991077 0.7124518
vt 0.4991077 0.7457256
vt 0.6537332 0.7457256
vt 0.7476829 0.4991077
vt 0.7476829 0.7457256
vt 0.6537332 0.4991077
vt 0.7476829 0.7457256
vt 0.4991077 0.7124518
vt 0.5617408 0.7104945
vt 0.4991077 0.7457256
vt 0.6537332 0.6889644
vt 0.6537332 0.4991077
vt 0.7476829 0.4991077
vt 0.7476829 0.7222382
vt 0.624374 0.7457256
vt 0.624374 0.7222382
vt 0.7476829 0.7457256
vt 0.624374 0.7222382
vt 0.7476829 0.7457256
vt 0.7476829 0.7222382
vt 0.624374 0.7457256
vt 0.7476829 0.7222382
vt 0.624374 0.7457256
vt 0.624374 0.7222382
vt 0.7476829 0.7457256
vt 0.624374 0.7222382
vt 0.7476829 0.7457256
vt 0.7476829 0.7222382
vt 0.624374 0.7457256
vt 0.7476829 0.7222382
vt 0.624374 0.7457256
vt 0.624374 0.7222382
vt 0.7476829 0.7457256
vt 0.624374 0.7222382
vt 0.7476829 0.7457256
vt 0.7476829 0.7222382
vt 0.624374 0.7457256
vt 0.9962581 0.8533763
vt 0.8475044 0.782914
vt 0.8475044 0.8533763
vt 0.9962581 0.782914
vt 0.9962581 0.8749064
vt 0.8475044 0.8749064
vt 0.9962581 0.782914
vt 0.9531978 0.8533763
vt 0.9962581 0.8533763
vt 0.9531978 0.782914
vt 0.9962581 0.782914
vt 0.8475044 0.8533763
vt 0.8475044 0.782914
vt 0.9962581 0.8533763
vt 0.8768637 0.1702838
vt 0.9766853 0.2427033
vt 0.9766853 0.1702838
vt 0.8768637 0.2427033
vt 0.9766853 0.1702838
vt 0.8768637 0.2427033
vt 0.9766853 0.2427033
vt 0.8768637 0.1702838
vt 0.8768637 0.1702838
vt 0.9766853 0.2427033
vt 0.9766853 0.1702838
vt 0.8768637 0.2427033
vt 0.8768637 0.1702838
vt 0.9766853 0.2427033
vt 0.9766853 0.1702838
vt 0.8768637 0.2427033
vt 0.8768637 0.1702838
vt 0.9766853 0.2427033
vt 0.9766853 0.1702838
vt 0.8768637 0.2427033
vt 0.8768637 0.1702838
vt 0.9766853 0.2427033
vt 0.9766853 0.1702838
vt 0.8768637 0.2427033
vt 0.9982154 0.1702838
vt 0.9375396 0.2427033
vt 0.9982154 0.2427033
vt 0.9375396 0.1702838
vt 0.9982154 0.1702838
vt 0.9375396 0.2427033
vt 0.9982154 0.2427033
vt 0.9375396 0.1702838
vt 0.9982154 0.1702838
vt 0.9375396 0.2427033
vt 0.9982154 0.2427033
vt 0.9375396 0.1702838
vt 0.9982154 0.1702838
vt 0.8768637 0.2427033
vt 0.9982154 0.2427033
vt 0.8768637 0.1702838
vt 0.9982154 0.1702838
vt 0.8768637 0.2427033
vt 0.9982154 0.2427033
vt 0.8768637 0.1702838
vt 0.9982154 0.1702838
vt 0.8768637 0.2427033
vt 0.9982154 0.2427033
vt 0.8768637 0.1702838
vt 0.9982154 0.1702838
vt 0.8768637 0.2427033
vt 0.9982154 0.2427033
vt 0.8768637 0.1702838
vt 0.9982154 0.1702838
vt 0.8768637 0.2427033
vt 0.9982154 0.2427033
vt 0.8768637 0.1702838
vt 0.9982154 0.1702838
vt 0.8768637 0.2427033
vt 0.9982154 0.2427033
vt 0.8768637 0.1702838
vt 0.9982154 0.1702838
vt 0.8768637 0.2427033
vt 0.9982154 0.2427033
vt 0.8768637 0.1702838
vt 0.8768637 0.1702838
vt 0.9766853 0.2427033
vt 0.9766853 0.1702838
vt 0.8768637 0.2427033
vt 0.9766853 0.1702838
vt 0.8768637 0.2427033
vt 0.9766853 0.2427033
vt 0.8768637 0.1702838
vt 0.8768637 0.1702838
vt 0.9766853 0.2427033
vt 0.9766853 0.1702838
vt 0.8768637 0.2427033
vt 0.9766853 0.1702838
vt 0.8768637 0.2427033
vt 0.9766853 0.2427033
vt 0.8768637 0.1702838
vt 0.8768637 0.1702838
vt 0.9766853 0.2427033
vt 0.9766853 0.1702838
vt 0.8768637 0.2427033
vt 0.9766853 0.1702838
vt 0.8768637 0.2427033
vt 0.9766853 0.2427033
vt 0.8768637 0.1702838
vt 0.7476829 0.4951931
vt 0.9257959 0.2485752
vt 0.9257959 0.4951931
vt 0.7476829 0.2485752
vt 0.5343388 0.2701053
vt 0.7398537 0.2485752
vt 0.5343388 0.2485752
vt 0.7398537 0.2701053
vt 0.5343388 0.2701053
vt 0.7398537 0.3268666
vt 0.7398537 0.2701053
vt 0.5343388 0.3268666
vt 0.5343388 0.2701053
vt 0.7398537 0.2485752
vt 0.7398537 0.2701053
vt 0.5343388 0.2485752
vt 0.5343388 0.2701053
vt 0.7398537 0.3268666
vt 0.5343388 0.3268666
vt 0.7398537 0.2701053
vt 0.7476829 0.4951931
vt 0.9257959 0.2485752
vt 0.9257959 0.4951931
vt 0.7476829 0.2485752
vt 0.9257959 0.2485752
vt 0.7476829 0.4951931
vt 0.7476829 0.2485752
vt 0.9257959 0.4951931
vt 0.4991077 0.7496402
vt 0.528467 0.9982154
vt 0.4991077 0.9982154
vt 0.528467 0.7496402
vt 0.528467 0.7496402
vt 0.4991077 0.9982154
vt 0.528467 0.9982154
vt 0.4991077 0.7496402
vt 0.528467 0.7496402
vt 0.4991077 0.9982154
vt 0.528467 0.9982154
vt 0.4991077 0.7496402
vt 0.4991077 0.7496402
vt 0.528467 0.9982154
vt 0.4991077 0.9982154
vt 0.528467 0.7496402
vt 0.528467 0.7496402
vt 0.4991077 0.9982154
vt 0.528467 0.9982154
vt 0.4991077 0.7496402
vt 0.4991077 0.7496402
vt 0.528467 0.9982154
vt 0.4991077 0.9982154
vt 0.528467 0.7496402
vt 0.528467 0.7496402
vt 0.4991077 0.9982154
vt 0.528467 0.9982154
vt 0.4991077 0.7496402
vt 0.528467 0.7496402
vt 0.4991077 0.9982154
vt 0.528467 0.9982154
vt 0.4991077 0.7496402
vt 0.4991077 0.7496402
vt 0.528467 0.9982154
vt 0.4991077 0.9982154
vt 0.528467 0.7496402
vt 0.528467 0.7496402
vt 0.4991077 0.9982154
vt 0.528467 0.9982154
vt 0.4991077 0.7496402
vt 0.4991077 0.7496402
vt 0.528467 0.9982154
vt 0.4991077 0.9982154
vt 0.528467 0.7496402
vt 0.528467 0.7496402
vt 0.4991077 0.9982154
vt 0.528467 0.9982154
vt 0.4991077 0.7496402
vt 0.528467 0.7496402
vt 0.4991077 0.9982154
vt 0.528467 0.9982154
vt 0.4991077 0.7496402
vt 0.4991077 0.7496402
vt 0.528467 0.9982154
vt 0.4991077 0.9982154
vt 0.528467 0.7496402
vt 0.528467 0.7496402
vt 0.4991077 0.9982154
vt 0.528467 0.9982154
vt 0.4991077 0.7496402
vt 0.7496402 0.7339819
vt 0.9943008 0.7398537
vt 0.9943008 0.7339819
vt 0.7496402 0.7398537
vt 0.9943008 0.1585401
vt 0.8768637 0.2446606
vt 0.8768637 0.1585401
vt 0.9943008 0.2446606
vt 0.9943008 0.7457256
vt 0.7496402 0.7398537
vt 0.7496402 0.7457256
vt 0.9943008 0.7398537
vt 0.9943008 0.7339819
vt 0.7496402 0.7398537
vt 0.7496402 0.7339819
vt 0.9943008 0.7398537
vt 0.9943008 0.7457256
vt 0.7496402 0.7398537
vt 0.9943008 0.7398537
vt 0.7496402 0.7457256
vt 0.7496402 0.7398537
vt 0.9943008 0.7457256
vt 0.9943008 0.7398537
vt 0.7496402 0.7457256
vt 0.7496402 0.7398537
vt 0.9943008 0.7339819
vt 0.9943008 0.7398537
vt 0.7496402 0.7339819
vt 0.8768637 0.2446606
vt 0.9943008 0.1585401
vt 0.8768637 0.1585401
vt 0.9943008 0.2446606
vt 0.9943008 0.7457256
vt 0.7496402 0.7398537
vt 0.9943008 0.7398537
vt 0.7496402 0.7457256
vt 0.7496402 0.7339819
vt 0.9943008 0.7398537
vt 0.9943008 0.7339819
vt 0.7496402 0.7398537
vt 0.3072938 0.2016004
vt 0.2485752 0.2446606
vt 0.2720626 0.2016004
vt 0.3072938 0.2446606
vt 0.3072938 0.1585401
vt 0.2720626 0.1585401
vt 0.3072938 0.2016004
vt 0.3699269 0.1585401
vt 0.3699269 0.2016004
vt 0.3072938 0.1585401
vt 0.2720626 0.2016004
vt 0.3072938 0.2446606
vt 0.3072938 0.2016004
vt 0.2485752 0.2446606
vt 0.2720626 0.1585401
vt 0.3072938 0.1585401
vt 0.3699269 0.2446606
vt 0.350354 0.2016004
vt 0.350354 0.1585401
vt 0.3699269 0.2016004
vt 0.3072938 0.1585401
vt 0.3072938 0.2016004
vt 0.3699269 0.1585401
vt 0.2485752 0.1585401
vt 0.2485752 0.2016004
vt 0.2485752 0.2446606
vt 0.350354 0.2016004
vt 0.3699269 0.2446606
vt 0.2485752 0.2016004
vt 0.350354 0.1585401
vt 0.2485752 0.1585401
vt 0.2485752 0.2016004
vt 0.3699269 0.1585401
vt 0.3699269 0.2016004
vt 0.2485752 0.1585401
vt 0.4208163 0.1467964
vt 0.3405676 0.04501756
vt 0.4208163 0.04501756
vt 0.3405676 0.1467964
vt 0.9943008 0.7457256
vt 0.7496402 0.7398537
vt 0.7496402 0.7457256
vt 0.9943008 0.7398537
vt 0.9943008 0.7339819
vt 0.7496402 0.7398537
vt 0.7496402 0.7339819
vt 0.9943008 0.7398537
vt 0.7496402 0.7398537
vt 0.9943008 0.7457256
vt 0.9943008 0.7398537
vt 0.7496402 0.7457256
vt 0.9943008 0.7398537
vt 0.7496402 0.7398537
vt 0.7496402 0.7339819
vt 0.9943008 0.7457256
vt 0.7496402 0.7398537
vt 0.9943008 0.7398537
vt 0.7496402 0.7457256
vt 0.7496402 0.7339819
vt 0.9943008 0.7398537
vt 0.9943008 0.7339819
vt 0.7496402 0.7398537
vt 0.7496402 0.7339819
vt 0.7496402 0.7398537
vt 0.7496402 0.7398537
vt 0.7496402 0.7339819
vt 0.9943008 0.7457256
vt 0.7496402 0.7398537
vt 0.9943008 0.7398537
vt 0.7496402 0.7457256
vt 0.9943008 0.7339819
vt 0.7496402 0.7398537
vt 0.9943008 0.7398537
vt 0.7496402 0.7339819
vt 0.7496402 0.7457256
vt 0.7496402 0.7398537
vt 0.7496402 0.7457256
vt 0.7496402 0.7398537
vt 0.3425249 0.1174371
vt 0.4893213 0.04697484
vt 0.3425249 0.04893213
vt 0.4893213 0.150711
vt 0.3425249 0.150711
vt 0.350354 0.2016004
vt 0.2485752 0.2446606
vt 0.2720626 0.2016004
vt 0.3699269 0.2446606
vt 0.2720626 0.1585401
vt 0.350354 0.1585401
vt 0.3699269 0.2016004
vt 0.2485752 0.1585401
vt 0.3699269 0.1585401
vt 0.2485752 0.2016004
vt 0.3699269 0.2446606
vt 0.2485752 0.2016004
vt 0.2485752 0.2446606
vt 0.350354 0.2016004
vt 0.2485752 0.1585401
vt 0.350354 0.1585401
vt 0.2485752 0.1585401
vt 0.3699269 0.2016004
vt 0.3699269 0.1585401
vt 0.2485752 0.2016004
vt 0.2720626 0.2016004
vt 0.3072938 0.2446606
vt 0.3072938 0.2016004
vt 0.2485752 0.2446606
vt 0.2720626 0.1585401
vt 0.3072938 0.1585401
vt 0.3699269 0.2446606
vt 0.350354 0.2016004
vt 0.350354 0.1585401
vt 0.3699269 0.2016004
vt 0.3072938 0.1585401
vt 0.3072938 0.2016004
vt 0.3699269 0.1585401
vt 0.2485752 0.1585401
vt 0.2485752 0.2016004
vt 0.2485752 0.2446606
vt 0.350354 0.2016004
vt 0.3699269 0.2446606
vt 0.2485752 0.2016004
vt 0.350354 0.1585401
vt 0.2485752 0.1585401
vt 0.2485752 0.2016004
vt 0.3699269 0.1585401
vt 0.3699269 0.2016004
vt 0.2485752 0.1585401
vt 0.9943008 0.7398537
vt 0.7496402 0.7339819
vt 0.9943008 0.7398537
vt 0.5382534 0.782914
vt 0.6087157 0.824017
vt 0.741811 0.782914
vn 0.04761302 -0.04761302 0.9977304
vn 0.7459377 -0.04761302 0.6643116
vn 0.7459377 -0.04761302 0.6643116
vn 0.04761302 -0.04761302 0.9977304
vn 0.7459377 -0.04761302 0.6643116
vn 0.7459377 -0.04761302 -0.6643116
vn 0.7459377 -0.04761302 -0.6643116
vn 0.7459377 -0.04761302 0.6643116
vn -0.999874 -0.01587099 -0.000346655
vn -0.6824538 -0.04761302 0.7293764
vn -0.6824538 -0.04761302 0.7293764
vn -0.8729059 0.2698073 -0.4064965
vn 0.4920015 -0.04761302 -0.8692914
vn 0.04761302 0.6824538 -0.7293764
vn 0.04761302 -0.04761302 -0.9977304
vn 0.6189696 0.5554856 -0.5552588
vn 0.6189696 0.5554856 -0.5552588
vn 0.7459377 -0.04761302 -0.6643116
vn 0.3332914 0.2698073 -0.9033941
vn 0.4920015 -0.04761302 -0.8692914
vn -0.999874 -0.01587099 -0.000346655
vn -0.6824538 -0.04761302 0.7293764
vn -0.6824538 -0.04761302 0.7293764
vn -0.999874 -0.01587099 -0.000346655
vn -0.6824538 -0.04761302 0.7293764
vn -0.4285175 -0.04761302 0.9022781
vn 0.04761302 -0.04761302 0.9977304
vn -0.6824538 -0.04761302 0.7293764
vn 0.04761302 -0.04761302 0.9977304
vn 0.7459377 -0.04761302 0.6643116
vn 0.7459377 -0.04761302 0.6643116
vn 0.04761302 -0.04761302 0.9977304
vn 0.7459377 -0.04761302 0.6643116
vn 0.7459377 -0.04761302 -0.6643116
vn 0.7459377 -0.04761302 -0.6643116
vn 0.7459377 -0.04761302 0.6643116
vn -0.8729059 0.2698073 -0.4064965
vn -0.6824538 -0.04761302 0.7293764
vn -0.6824538 -0.04761302 0.7293764
vn -0.6824538 -0.04761302 -0.7293764
vn -0.6824538 -0.04761302 0.7293764
vn -0.999874 -0.01587099 -0.000346655
vn -0.999874 -0.01587099 -0.000346655
vn -0.6824538 -0.04761302 0.7293764
vn 0.04761302 -0.04761302 -0.9977304
vn 0.04761302 -0.04761302 -0.9977304
vn 0.4920015 -0.04761302 -0.8692914
vn 0.04761302 -0.04761302 -0.9977304
vn -0.999874 -0.01587099 -0.000346655
vn -0.6824538 -0.04761302 0.7293764
vn -0.6824538 -0.04761302 0.7293764
vn -0.999874 -0.01587099 -0.000346655
vn 0.04761302 0.6824538 -0.7293764
vn -0.6824538 -0.04761302 -0.7293764
vn -0.8729059 0.2698073 -0.4064965
vn 0.04761302 -0.04761302 -0.9977304
vn -0.6824538 -0.04761302 0.7293764
vn -0.6824538 -0.04761302 0.7293764
vn -0.4285175 -0.04761302 0.9022781
vn -0.6824538 -0.04761302 0.7293764
vn 0.04761302 -0.04761302 0.9977304
vn -0.6824538 -0.04761302 0.7293764
vn -0.6824538 -0.04761302 0.7293764
vn 0.04761302 -0.04761302 0.9977304
vn -0.5554856 0.5554856 -0.6187661
vn -0.999874 -0.01587099 -0.000346655
vn -0.6824538 -0.04761302 -0.7293764
vn -0.8729059 0.2698073 -0.4064965
vn -0.6824538 -0.04761302 -0.7293764
vn -0.999874 -0.01587099 -0.000346655
vn -0.6824538 -0.04761302 -0.7293764
vn -0.999874 -0.01587099 -0.000346655
vn 0.04761302 -0.04761302 -0.9977304
vn -0.6824538 -0.04761302 -0.7293764
vn 0.04761302 -0.04761302 -0.9977304
vn 0.04761302 -0.04761302 -0.9977304
vn -0.5554856 0.5554856 -0.6187661
vn -0.6824538 -0.04761302 -0.7293764
vn 0.04761302 0.6824538 -0.7293764
vn 0.7459377 -0.04761302 0.6643116
vn 0.999874 -0.01587099 -0.000346655
vn 0.7459377 -0.04761302 0.6643116
vn 0.999874 -0.01587099 -0.000346655
vn 0.7459377 -0.04761302 0.6643116
vn 0.999874 -0.01587099 -0.000346655
vn 0.7459377 -0.04761302 0.6643116
vn 0.999874 -0.01587099 -0.000346655
vn 0.7459377 -0.04761302 -0.6643116
vn 0.7459377 -0.04761302 -0.6643116
vn 0.7459377 -0.04761302 -0.6643116
vn 0.3332914 0.2698073 -0.9033941
vn 0.3332914 0.2698073 -0.9033941
vn 0.04761302 -0.04761302 -0.9977304
vn 0.04761302 -0.04761302 -0.9977304
vn 0.7459377 -0.04761302 -0.6643116
vn 0.7459377 -0.04761302 -0.6643116
vn 0.7459377 -0.04761302 0.6643116
vn 0.7459377 -0.04761302 0.6643116
vn 0.7459377 -0.04761302 0.6643116
vn 0.7459377 -0.04761302 0.6643116
vn 0.7459377 -0.04761302 0.6643116
vn 0.7459377 -0.04761302 0.6643116
vn 0.7459377 -0.04761302 0.6643116
vn 0.7459377 -0.04761302 0.6643116
vn 0.04761302 0.6824538 -0.7293764
vn -0.8729059 0.2698073 -0.4064965
vn -0.5554856 0.5554856 -0.6187661
vn 0.04761302 0.6824538 -0.7293764
vn 0.04761302 0.6824538 -0.7293764
vn 0.6189696 0.5554856 -0.5552588
vn 0.3332914 0.2698073 -0.9033941
vn 0.04761302 0.6824538 -0.7293764
vn 0.04761302 -0.04761302 -0.9977304
vn 0.3332914 0.2698073 -0.9033941
vn 0.04761302 -0.04761302 -0.9977304
vn 0.04761302 0.6824538 -0.7293764
vn 0.04761302 -0.04761302 0.9977304
vn -0.6824538 -0.04761302 0.7293764
vn 0.04761302 -0.04761302 0.9977304
vn -0.6824538 -0.04761302 0.7293764
vn 0.04761302 -0.04761302 0.9977304
vn -0.6824538 -0.04761302 0.7293764
vn 0.04761302 -0.04761302 0.9977304
vn -0.6824538 -0.04761302 0.7293764
vn -0.999874 -0.01587099 -0.000346655
vn -0.6824538 -0.04761302 0.7293764
vn -0.999874 -0.01587099 -0.000346655
vn -0.4285175 -0.04761302 0.9022781
vn 0.999874 -0.01587099 -0.000346655
vn 0.7459377 -0.04761302 0.6643116
vn 0.999874 -0.01587099 -0.000346655
vn 0.7459377 -0.04761302 0.6643116
vn 0.999874 -0.01587099 -0.000346655
vn 0.7459377 -0.04761302 0.6643116
vn 0.999874 -0.01587099 -0.000346655
vn 0.7459377 -0.04761302 0.6643116
vn 0.04761302 -0.04761302 0.9977304
vn 0.04761302 -0.04761302 0.9977304
vn 0.04761302 -0.04761302 0.9977304
vn 0.04761302 -0.04761302 0.9977304
vn 0.04761302 -0.04761302 0.9977304
vn 0.04761302 -0.04761302 0.9977304
vn 0.04761302 -0.04761302 0.9977304
vn 0.04761302 -0.04761302 0.9977304
vn 0.01587099 0.999874 -0.000345267
vn 0.01587099 0.999874 -0.000345267
vn 0.01587099 0.999874 -0.000345267
vn 0.01587099 0.999874 -0.000345267
vn -0.4602594 -0.04761302 0.8865068
vn 0.4285174 0.5872276 0.6866853
vn 0.5237435 -0.04761302 0.8505444
vn -0.3650334 0.5872276 0.7224364
vn -0.968132 -0.04761302 0.2458728
vn -0.3650334 0.5872276 0.7224364
vn -0.4602594 -0.04761302 0.8865068
vn -0.7776798 0.5872276 0.2244502
vn 0.5237435 -0.04761302 0.8505444
vn -0.4602594 -0.04761302 0.8865068
vn -0.4602594 -0.04761302 0.8865068
vn 0.5237435 -0.04761302 0.8505444
vn -0.4920015 -0.04761302 -0.8692914
vn 0.04761302 -0.04761302 -0.9977304
vn 0.04761302 -0.04761302 -0.9977304
vn -0.4920015 -0.04761302 -0.8692914
vn -0.3650334 0.5872276 0.7224364
vn 0.5554855 0.7776798 0.2943636
vn 0.4285174 0.5872276 0.6866853
vn -0.7776798 0.5872276 0.2244502
vn -0.3650334 0.5872276 -0.7224364
vn 0.04761302 0.7776798 -0.626855
vn -0.968132 -0.04761302 0.2458728
vn -0.3650334 0.5872276 -0.7224364
vn -0.7776798 0.5872276 0.2244502
vn -0.4920015 -0.04761302 -0.8692914
vn -0.968132 -0.04761302 0.2458728
vn -0.4602594 -0.04761302 0.8865068
vn -0.968132 -0.04761302 0.2458728
vn -0.4602594 -0.04761302 0.8865068
vn -0.4920015 -0.04761302 -0.8692914
vn -0.968132 -0.04761302 0.2458728
vn -0.4920015 -0.04761302 -0.8692914
vn -0.968132 -0.04761302 0.2458728
vn -0.4920015 -0.04761302 -0.8692914
vn 0.04761302 0.7776798 -0.626855
vn -0.3650334 0.5872276 -0.7224364
vn 0.04761302 -0.04761302 -0.9977304
vn 0.5237435 -0.7776798 0.3477167
vn 0.01587099 -0.999874 -0.000345267
vn 0.04761302 -0.8729059 0.4855599
vn 0.4602594 -0.8729059 -0.1618538
vn -0.6824538 -0.7141957 -0.1555036
vn -0.6189697 -0.7459377 -0.2458729
vn 0.01587099 0.999874 -0.000345267
vn 0.3650333 0.8729059 0.3237067
vn 0.04761302 0.9046479 0.4234915
vn 0.3650333 0.8729059 -0.3237067
vn -0.6189697 0.6824538 -0.3887588
vn -0.6824538 0.6824538 0.2617513
vn 0.04761302 0.1745812 0.9834909
vn 0.5237435 -0.7776798 0.3477167
vn 0.04761302 -0.8729059 0.4855599
vn 0.7459377 0.1745812 0.6427273
vn -0.6189697 0.6824538 -0.3887588
vn -0.6824538 -0.7141957 -0.1555036
vn -0.6189697 -0.7459377 -0.2458729
vn -0.6824538 0.6824538 0.2617513
vn 0.04761302 0.1745812 0.9834909
vn 0.3650333 0.8729059 0.3237067
vn 0.7459377 0.1745812 0.6427273
vn 0.04761302 0.9046479 0.4234915
vn -0.5554856 0.5554856 0.6187661
vn -0.999874 -0.01587099 -0.000346655
vn -0.6824538 0.6824538 0.2617513
vn -0.6824538 -0.04761302 0.7293764
vn 0.6189696 0.5554856 0.5552588
vn 0.7378054 0.6750135 0
vn 0.7459377 -0.04761302 0.6643116
vn -0.5554856 0.5554856 0.6187661
vn 0.6189696 0.5554856 0.5552588
vn -0.6824538 -0.04761302 0.7293764
vn 0.7459377 -0.04761302 0.6643116
vn 0.7378054 0.6750135 0
vn 0.999874 -0.01587099 -0.000346655
vn 0.6189696 0.5554856 0.5552588
vn 0.01587099 0.999874 -0.000345267
vn 0.04761302 0.9363899 0.3477167
vn 0.04761302 0.9363899 0.3477167
vn 0.01587099 0.999874 -0.000345267
vn 0.04761302 0.9363899 0.3477167
vn 0.04761302 0.7459378 0.6643115
vn 0.04761302 0.7459378 0.6643115
vn 0.04761302 0.9363899 0.3477167
vn 0.6189696 0.5554856 0.5552588
vn 0.7071068 -0.7071068 0
vn 0.6189696 -0.6189696 0.4834803
vn 0.7378054 0.6750135 0
vn -0.6824538 0.6824538 0.2617513
vn 0.6189696 0.5554856 0.5552588
vn -0.5554856 0.5554856 0.6187661
vn 0.7378054 0.6750135 0
vn -0.5554856 0.5554856 0.6187661
vn 0.6189696 -0.6189696 0.4834803
vn -0.5554856 -0.6189696 0.5552588
vn 0.6189696 0.5554856 0.5552588
vn -0.6750135 -0.7378054 0
vn -0.5554856 0.5554856 0.6187661
vn -0.5554856 -0.6189696 0.5552588
vn -0.6824538 0.6824538 0.2617513
vn 0.6189696 -0.6189696 0.4834803
vn -0.6750135 -0.7378054 0
vn -0.5554856 -0.6189696 0.5552588
vn 0.7071068 -0.7071068 0
vn 0.6189696 0.5554856 0.5552588
vn 0.3632082 -0.931708 0
vn 0.6189696 -0.6189696 0.4834803
vn 0.3650333 0.8729059 0.3237067
vn -0.6824538 0.6824538 0.2617513
vn 0.6189696 0.5554856 0.5552588
vn -0.5554856 0.5554856 0.6187661
vn 0.01587099 0.999874 -0.000345267
vn 0.01587099 0.999874 -0.000345267
vn 0.3650333 0.8729059 0.3237067
vn 0.6189696 0.5554856 0.5552588
vn -0.5554856 0.5554856 0.6187661
vn 0.6189696 -0.6189696 0.4834803
vn -0.5554856 -0.6189696 0.5552588
vn 0.6189696 0.5554856 0.5552588
vn -0.3332913 -0.9363899 -0.1099582
vn -0.5554856 0.5554856 0.6187661
vn -0.5554856 -0.6189696 0.5552588
vn -0.6824538 0.6824538 0.2617513
vn 0.6189696 0.5554856 0.5552588
vn 0.6189696 -0.6189696 -0.4834803
vn 0.6189696 -0.6189696 0.4834803
vn 0.6189696 0.5554856 -0.5552588
vn 0.01587099 0.999874 -0.000345267
vn 0.6189696 0.5554856 -0.5552588
vn 0.6189696 0.5554856 0.5552588
vn 0.01587099 0.999874 -0.000345267
vn 0.3650333 0.8729059 0.3237067
vn 0.6189696 -0.6189696 0.4834803
vn -0.3332913 -0.9363899 -0.1099582
vn -0.5554856 -0.6189696 0.5552588
vn 0.3632082 -0.931708 0
vn 0.6189696 -0.6189696 0.4834803
vn 0.6189696 -0.6189696 -0.4834803
vn 0.01587099 -0.999874 -0.000345267
vn 0.3255129 -0.9455375 0
vn 0.04761302 -0.7459377 -0.6643116
vn 0.6189696 -0.6189696 -0.4834803
vn 0.3650333 0.8729059 0.3237067
vn 0.6189696 -0.6189696 0.4834803
vn 0.3632082 -0.931708 0
vn 0.6189696 0.5554856 0.5552588
vn 0.3650333 0.8729059 -0.3237067
vn 0.01587099 0.999874 -0.000345267
vn 0.01587099 0.999874 -0.000345267
vn 0.6189696 0.5554856 -0.5552588
vn 0.3255129 -0.9455375 0
vn 0.6189696 0.5554856 -0.5552588
vn 0.3650333 0.8729059 -0.3237067
vn 0.6189696 -0.6189696 -0.4834803
vn 0.6189696 0.5554856 -0.5552588
vn 0.01587099 0.999874 -0.000345267
vn 0.04761302 0.6824538 -0.7293764
vn 0.3650333 0.8729059 -0.3237067
vn 0.6189696 -0.6189696 -0.4834803
vn 0.3650333 0.8729059 -0.3237067
vn 0.6189696 0.5554856 -0.5552588
vn 0.3255129 -0.9455375 0
vn 0.6507117 0.4920015 0.5783674
vn 0.6189696 -0.6189696 -0.4834803
vn 0.6189696 -0.6189696 0.4834803
vn 0.6507117 0.4920015 -0.5783674
vn 0.1110971 0.968132 -0.2244501
vn -0.6189697 0.4602594 0.6364258
vn 0.6189696 -0.6189696 0.4834803
vn -0.5554856 -0.6189696 0.5552588
vn 0.6824536 0.4602594 0.5678189
vn -0.5554856 -0.6189696 0.5552588
vn -0.5872276 0.4920015 -0.6427272
vn -0.5872276 0.4920015 0.6427272
vn -0.5554856 -0.6189696 -0.5552588
vn 0.999874 -0.01587099 -0.000346655
vn 0.6189696 -0.6189696 0.4834803
vn 0.7459377 -0.04761302 0.6643116
vn 0.7071068 -0.7071068 0
vn -0.2698073 -0.7776798 0.5678188
vn 0.7459377 -0.04761302 0.6643116
vn 0.6189696 -0.6189696 0.4834803
vn -0.2698073 -0.6189696 0.7376182
vn 0.04761302 -0.04761302 0.9977304
vn 0.04761302 -0.7141957 0.6983248
vn -0.2698073 -0.7776798 0.5678188
vn 0.7071068 -0.7071068 0
vn -0.3332913 -0.9363899 -0.1099582
vn 0.6189696 -0.6189696 0.4834803
vn -0.3967754 -0.9046479 -0.155504
vn -0.2698073 -0.6189696 0.7376182
vn 0.01587099 -0.999874 -0.000345267
vn 0.04761302 -0.7141957 0.6983248
vn 0.4534572 -0.891278 0
vn 0.3332914 -0.6189696 0.7111916
vn 0.390149 -0.9207517 0
vn 0.3332914 -0.7776798 0.5330394
vn -0.6750135 -0.7378054 0
vn -0.5554856 -0.6189696 0.5552588
vn -0.999874 -0.01587099 -0.000346655
vn -0.5554856 -0.6189696 0.5552588
vn -0.6750135 -0.7378054 0
vn -0.6824538 -0.04761302 0.7293764
vn 0.3332914 -0.7776798 0.5330394
vn -0.5554856 -0.6189696 0.5552588
vn -0.6824538 -0.04761302 0.7293764
vn 0.3332914 -0.6189696 0.7111916
vn 0.04761302 -0.04761302 0.9977304
vn 0.04761302 -0.7141957 0.6983248
vn 0.8729059 -0.04761302 0.4855599
vn 0.4285174 0.5872276 0.6866853
vn 0.5554855 0.7776798 0.2943636
vn 0.5237435 -0.04761302 0.8505444
vn 0.8729059 -0.04761302 0.4855599
vn 0.5237435 -0.04761302 0.8505444
vn 0.8729059 -0.04761302 0.4855599
vn 0.5237435 -0.04761302 0.8505444
vn 0.6189696 0.5554856 -0.5552588
vn 0.04761302 -0.7459377 -0.6643116
vn 0.6189696 -0.6189696 -0.4834803
vn 0.04761302 0.6824538 -0.7293764
vn 0.3332914 -0.9363899 0.1099579
vn -0.5554856 -0.6189696 -0.5552588
vn -0.2698073 -0.9363899 0.2244502
vn 0.6189696 -0.6189696 -0.4834803
vn -0.5554856 -0.6189696 0.5552588
vn 0.6189696 -0.6189696 0.4834803
vn 0.3332914 -0.9363899 0.1099579
vn 0.6824536 0.4602594 0.5678189
vn 0.4602594 0.7776798 0.4282236
vn 0.6189696 -0.6189696 0.4834803
vn 0.04761302 0.968132 -0.2458728
vn 0.04761302 0.7459378 0.6643115
vn -0.3967754 0.7776798 0.4876304
vn -0.5554856 -0.6189696 0.5552588
vn -0.2698073 -0.9363899 0.2244502
vn -0.6189697 0.4602594 0.6364258
vn -0.2698073 -0.9363899 0.2244502
vn 0.6189696 -0.6189696 0.4834803
vn 0.3332914 -0.9363899 0.1099579
vn -0.5554856 -0.6189696 0.5552588
vn -0.5872276 0.4920015 0.6427272
vn -0.2698073 -0.9363899 0.2244502
vn -0.5554856 -0.6189696 0.5552588
vn -0.3967754 0.7776798 0.4876304
vn 0.6189696 -0.6189696 0.4834803
vn 0.4602594 0.7776798 0.4282236
vn 0.6507117 0.4920015 0.5783674
vn 0.3332914 -0.9363899 0.1099579
vn 0.7459377 -0.04761302 -0.6643116
vn 0.04761302 -0.04761302 -0.9977304
vn 0.7459377 -0.04761302 -0.6643116
vn 0.04761302 -0.04761302 -0.9977304
vn 0.6507117 0.4920015 -0.5783674
vn -0.5554856 -0.6189696 -0.5552588
vn 0.6189696 -0.6189696 -0.4834803
vn -0.5872276 0.4920015 -0.6427272
vn -0.04761302 0.968132 -0.2458728
vn 0.04761302 0.968132 -0.2458728
vn 0.1110971 0.968132 -0.2244501
vn -0.6189697 0.4602594 0.6364258
vn 0.04761302 0.7459378 0.6643115
vn 0.6824536 0.4602594 0.5678189
vn -0.5872276 0.4920015 -0.6427272
vn -0.04761302 0.968132 -0.2458728
vn -0.5872276 0.4920015 0.6427272
vn -0.04761302 0.968132 -0.2458728
vn -0.3967754 0.7776798 0.4876304
vn -0.5872276 0.4920015 0.6427272
vn 0.04761302 0.968132 -0.2458728
vn 0.1110971 0.968132 -0.2244501
vn 0.4602594 0.7776798 0.4282236
vn 0.6507117 0.4920015 0.5783674
vn 0.04761302 0.7459378 0.6643115
vn -0.3967754 0.7776798 0.4876304
vn 0.04761302 0.968132 -0.2458728
vn -0.6189697 0.4602594 0.6364258
vn -0.999874 -0.01587099 -0.000346655
vn -0.999874 -0.01587099 -0.000346655
vn -0.999874 -0.01587099 -0.000346655
vn -0.999874 -0.01587099 -0.000346655
vn -0.999874 -0.01587099 -0.000346655
vn -0.999874 -0.01587099 -0.000346655
vn -0.999874 -0.01587099 -0.000346655
vn -0.999874 -0.01587099 -0.000346655
vn -0.3015493 -0.04761302 -0.952261
vn -0.999874 -0.01587099 -0.000346655
vn -0.3015493 -0.04761302 -0.952261
vn -0.999874 -0.01587099 -0.000346655
vn 0.8411638 -0.04761302 -0.5386803
vn -0.3015493 -0.04761302 -0.952261
vn 0.8411638 -0.04761302 -0.5386803
vn -0.3015493 -0.04761302 -0.952261
vn 0.8411638 -0.04761302 0.5386803
vn 0.8411638 -0.04761302 -0.5386803
vn 0.8411638 -0.04761302 0.5386803
vn 0.8411638 -0.04761302 -0.5386803
vn -0.3015493 -0.04761302 0.952261
vn 0.8411638 -0.04761302 0.5386803
vn -0.3015493 -0.04761302 0.952261
vn 0.8411638 -0.04761302 0.5386803
vn -0.999874 -0.01587099 -0.000346655
vn -0.3015493 -0.04761302 0.952261
vn -0.999874 -0.01587099 -0.000346655
vn -0.3015493 -0.04761302 0.952261
vn -0.3015493 -0.04761302 -0.952261
vn -0.999874 -0.01587099 -0.000346655
vn -0.3015493 -0.04761302 -0.952261
vn -0.999874 -0.01587099 -0.000346655
vn 0.8411638 -0.04761302 -0.5386803
vn -0.3015493 -0.04761302 -0.952261
vn 0.8411638 -0.04761302 -0.5386803
vn -0.3015493 -0.04761302 -0.952261
vn 0.8411638 -0.04761302 0.5386803
vn 0.8411638 -0.04761302 -0.5386803
vn 0.8411638 -0.04761302 0.5386803
vn 0.8411638 -0.04761302 -0.5386803
vn -0.3015493 -0.04761302 0.952261
vn 0.8411638 -0.04761302 0.5386803
vn -0.3015493 -0.04761302 0.952261
vn 0.8411638 -0.04761302 0.5386803
vn -0.999874 -0.01587099 -0.000346655
vn -0.3015493 -0.04761302 0.952261
vn -0.999874 -0.01587099 -0.000346655
vn -0.3015493 -0.04761302 0.952261
vn -0.3015493 -0.04761302 -0.952261
vn -0.999874 -0.01587099 -0.000346655
vn -0.3015493 -0.04761302 -0.952261
vn -0.999874 -0.01587099 -0.000346655
vn 0.8411638 -0.04761302 -0.5386803
vn -0.3015493 -0.04761302 -0.952261
vn 0.8411638 -0.04761302 -0.5386803
vn -0.3015493 -0.04761302 -0.952261
vn 0.8411638 -0.04761302 0.5386803
vn 0.8411638 -0.04761302 -0.5386803
vn 0.8411638 -0.04761302 0.5386803
vn 0.8411638 -0.04761302 -0.5386803
vn -0.3015493 -0.04761302 0.952261
vn 0.8411638 -0.04761302 0.5386803
vn -0.3015493 -0.04761302 0.952261
vn 0.8411638 -0.04761302 0.5386803
vn -0.999874 -0.01587099 -0.000346655
vn -0.3015493 -0.04761302 0.952261
vn -0.999874 -0.01587099 -0.000346655
vn -0.3015493 -0.04761302 0.952261
vn -0.3015493 -0.04761302 -0.952261
vn -0.999874 -0.01587099 -0.000346655
vn -0.3015493 -0.04761302 -0.952261
vn -0.999874 -0.01587099 -0.000346655
vn 0.8411638 -0.04761302 -0.5386803
vn -0.3015493 -0.04761302 -0.952261
vn 0.8411638 -0.04761302 -0.5386803
vn -0.3015493 -0.04761302 -0.952261
vn 0.8411638 -0.04761302 0.5386803
vn 0.8411638 -0.04761302 -0.5386803
vn 0.8411638 -0.04761302 0.5386803
vn 0.8411638 -0.04761302 -0.5386803
vn -0.3015493 -0.04761302 0.952261
vn 0.8411638 -0.04761302 0.5386803
vn -0.3015493 -0.04761302 0.952261
vn 0.8411638 -0.04761302 0.5386803
vn -0.999874 -0.01587099 -0.000346655
vn -0.3015493 -0.04761302 0.952261
vn -0.999874 -0.01587099 -0.000346655
vn -0.3015493 -0.04761302 0.952261
vn -0.3015493 -0.04761302 -0.952261
vn -0.999874 -0.01587099 -0.000346655
vn -0.3015493 -0.04761302 -0.952261
vn -0.999874 -0.01587099 -0.000346655
vn 0.8411638 -0.04761302 -0.5386803
vn -0.3015493 -0.04761302 -0.952261
vn 0.8411638 -0.04761302 -0.5386803
vn -0.3015493 -0.04761302 -0.952261
vn 0.8411638 -0.04761302 0.5386803
vn 0.8411638 -0.04761302 -0.5386803
vn 0.8411638 -0.04761302 0.5386803
vn 0.8411638 -0.04761302 -0.5386803
vn -0.3015493 -0.04761302 0.952261
vn 0.8411638 -0.04761302 0.5386803
vn -0.3015493 -0.04761302 0.952261
vn 0.8411638 -0.04761302 0.5386803
vn -0.999874 -0.01587099 -0.000346655
vn -0.3015493 -0.04761302 0.952261
vn -0.999874 -0.01587099 -0.000346655
vn -0.3015493 -0.04761302 0.952261
vn 0.1110971 -0.3332914 0.9362555
vn 0.04761302 -0.04761302 0.9977304
vn 0.04761302 -0.04761302 0.9977304
vn 0.04761302 -0.3332914 0.9416209
vn 0.04761302 -0.04761302 0.9977304
vn -0.04761302 -0.3332914 0.9416209
vn -0.3015493 -0.04761302 0.952261
vn -0.2698073 -0.2380652 0.9330214
vn 0.3332914 -0.2380652 0.9122729
vn 0.3650333 -0.04761302 0.9297761
vn -0.999874 -0.01587099 -0.000346655
vn -0.6824538 -0.04761302 0.7293764
vn -0.999874 -0.01587099 -0.000346655
vn -0.6824538 -0.04761302 0.7293764
vn -0.1110971 -0.1428391 0.9834909
vn 0.7459377 -0.04761302 0.6643116
vn -0.3015493 -0.04761302 0.952261
vn 0.7459377 -0.04761302 0.6643116
vn -0.01587105 -0.3015493 0.9533185
vn 0.04761302 -0.3015493 0.952261
vn 0.04761302 -0.04761302 0.9977304
vn 0.999874 -0.01587099 -0.000346655
vn 0.7459377 -0.04761302 0.6643116
vn 0.7459377 -0.04761302 0.6643116
vn 0.999874 -0.01587099 -0.000346655
vn -0.6824538 -0.04761302 0.7293764
vn 0.04761302 -0.3015493 0.952261
vn 0.07935506 -0.3015493 0.9501425
vn 0.04761302 -0.04761302 0.9977304
vn 0.1745812 -0.1428391 0.9742271
vn 0.3650333 -0.04761302 0.9297761
vn -0.6824538 -0.04761302 0.7293764
vn -0.2698073 -0.2380652 0.9330214
vn -0.3015493 -0.04761302 0.952261
vn -0.3015493 -0.04761302 0.952261
vn -0.1110971 -0.1428391 0.9834909
vn -0.04761302 -0.3332914 0.9416209
vn -0.1110971 -0.1428391 0.9834909
vn -0.2698073 -0.2380652 0.9330214
vn -0.01587105 -0.3015493 0.9533185
vn 0.04761302 -0.3332914 0.9416209
vn -0.01587105 -0.3015493 0.9533185
vn -0.04761302 -0.3332914 0.9416209
vn 0.04761302 -0.3015493 0.952261
vn 0.1110971 -0.3332914 0.9362555
vn 0.04761302 -0.3015493 0.952261
vn 0.04761302 -0.3332914 0.9416209
vn 0.07935506 -0.3015493 0.9501425
vn 0.3332914 -0.2380652 0.9122729
vn 0.07935506 -0.3015493 0.9501425
vn 0.1110971 -0.3332914 0.9362555
vn 0.1745812 -0.1428391 0.9742271
vn 0.3650333 -0.04761302 0.9297761
vn 0.1745812 -0.1428391 0.9742271
vn 0.3332914 -0.2380652 0.9122729
vn 0.3650333 -0.04761302 0.9297761
vn -0.5554856 0.5554856 0.6187661
vn -0.999874 -0.01587099 -0.000346655
vn -0.6824538 0.6824538 0.2617513
vn -0.6824538 -0.04761302 0.7293764
vn 0.6189696 0.5554856 0.5552588
vn 0.7378054 0.6750135 0
vn 0.7459377 -0.04761302 0.6643116
vn -0.5554856 0.5554856 0.6187661
vn 0.6189696 0.5554856 0.5552588
vn -0.6824538 -0.04761302 0.7293764
vn 0.7459377 -0.04761302 0.6643116
vn 0.7378054 0.6750135 0
vn 0.999874 -0.01587099 -0.000346655
vn 0.6189696 0.5554856 0.5552588
vn 0.04761302 -0.04761302 0.9977304
vn 0.7459377 -0.04761302 0.6643116
vn 0.7459377 -0.04761302 0.6643116
vn 0.04761302 -0.04761302 0.9977304
vn 0.04761302 -0.04761302 0.9977304
vn -0.6824538 -0.04761302 0.7293764
vn 0.04761302 -0.04761302 0.9977304
vn -0.6824538 -0.04761302 0.7293764
vn -0.999874 -0.01587099 -0.000346655
vn -0.6824538 -0.04761302 0.7293764
vn -0.6824538 -0.04761302 0.7293764
vn -0.999874 -0.01587099 -0.000346655
vn 0.7459377 -0.04761302 0.6643116
vn 0.999874 -0.01587099 -0.000346655
vn 0.999874 -0.01587099 -0.000346655
vn 0.7459377 -0.04761302 0.6643116
vn 0.7459377 -0.04761302 -0.6643116
vn 0.7459377 -0.04761302 -0.6643116
vn 0.7459377 -0.04761302 -0.6643116
vn 0.7459377 -0.04761302 -0.6643116
vn -0.6824538 -0.04761302 -0.7293764
vn -0.968132 -0.04761302 -0.2458728
vn -0.968132 -0.04761302 -0.2458728
vn -0.6824538 -0.04761302 -0.7293764
vn 0.7459377 -0.04761302 0.6643116
vn 0.04761302 -0.04761302 0.9977304
vn 0.7459377 -0.04761302 0.6643116
vn 0.04761302 -0.04761302 0.9977304
vn 0.7459377 -0.04761302 0.6643116
vn 0.7459377 -0.04761302 0.6643116
vn 0.7459377 -0.04761302 0.6643116
vn 0.7459377 -0.04761302 0.6643116
vn 0.7459377 -0.04761302 0.6643116
vn 0.7459377 -0.04761302 0.6643116
vn 0.7459377 -0.04761302 0.6643116
vn 0.7459377 -0.04761302 0.6643116
vn 0.04761302 -0.04761302 0.9977304
vn 0.4920015 -0.04761302 0.8692914
vn 0.04761302 -0.04761302 0.9977304
vn 0.4920015 -0.04761302 0.8692914
vn 0.4920015 -0.04761302 0.8692914
vn 0.4920015 -0.04761302 0.8692914
vn 0.4920015 -0.04761302 0.8692914
vn 0.4920015 -0.04761302 0.8692914
vn 0.4920015 -0.04761302 0.8692914
vn -0.4285175 -0.04761302 0.9022781
vn 0.4920015 -0.04761302 0.8692914
vn -0.4285175 -0.04761302 0.9022781
vn -0.4285175 -0.04761302 0.9022781
vn -0.968132 -0.04761302 0.2458728
vn -0.4285175 -0.04761302 0.9022781
vn -0.968132 -0.04761302 0.2458728
vn -0.968132 -0.04761302 0.2458728
vn -0.4602594 -0.04761302 -0.8865068
vn -0.968132 -0.04761302 0.2458728
vn -0.4602594 -0.04761302 -0.8865068
vn -0.4602594 -0.04761302 -0.8865068
vn -0.6824538 -0.04761302 -0.7293764
vn -0.4602594 -0.04761302 -0.8865068
vn -0.6824538 -0.04761302 -0.7293764
vn -0.6824538 -0.04761302 -0.7293764
vn -0.999874 -0.01587099 -0.000346655
vn -0.6824538 -0.04761302 -0.7293764
vn -0.999874 -0.01587099 -0.000346655
vn 0.999874 -0.01587099 -0.000346655
vn 0.7459377 -0.04761302 -0.6643116
vn 0.7459377 -0.04761302 -0.6643116
vn 0.999874 -0.01587099 -0.000346655
vn 0.999874 -0.01587099 -0.000346655
vn 0.7459377 -0.04761302 0.6643116
vn 0.999874 -0.01587099 -0.000346655
vn 0.7459377 -0.04761302 0.6643116
vn 0.04761302 -0.04761302 -0.9977304
vn -0.6824538 -0.04761302 -0.7293764
vn -0.6824538 -0.04761302 -0.7293764
vn 0.04761302 -0.04761302 -0.9977304
vn 0.04761302 -0.04761302 -0.9977304
vn 0.7459377 -0.04761302 -0.6643116
vn 0.04761302 -0.04761302 -0.9977304
vn 0.7459377 -0.04761302 -0.6643116
vn 0.04761302 -0.04761302 -0.9977304
vn 0.7459377 -0.04761302 -0.6643116
vn 0.7459377 -0.04761302 -0.6643116
vn 0.04761302 -0.04761302 -0.9977304
vn 0.04761302 -0.04761302 -0.9977304
vn 0.7459377 -0.04761302 -0.6643116
vn 0.04761302 -0.04761302 -0.9977304
vn 0.7459377 -0.04761302 -0.6643116
vn 0.999874 -0.01587099 -0.000346655
vn 0.999874 -0.01587099 -0.000346655
vn 0.999874 -0.01587099 -0.000346655
vn 0.999874 -0.01587099 -0.000346655
vn 0.7459377 0.1745812 0.6427273
vn 0.4602594 -0.8729059 -0.1618538
vn 0.5237435 -0.7776798 0.3477167
vn 0.7459377 0.04761302 -0.6643116
vn 0.7459377 0.1745812 0.6427273
vn 0.3650333 0.8729059 -0.3237067
vn 0.7459377 0.04761302 -0.6643116
vn 0.3650333 0.8729059 0.3237067
vn -0.5872276 -0.04761302 -0.8080203
vn 0.4602594 -0.8729059 -0.1618538
vn 0.7459377 0.04761302 -0.6643116
vn -0.6189697 -0.7459377 -0.2458729
vn -0.5872276 -0.04761302 -0.8080203
vn 0.3650333 0.8729059 -0.3237067
vn -0.6189697 0.6824538 -0.3887588
vn 0.7459377 0.04761302 -0.6643116
vn 0.7459377 -0.04761302 -0.6643116
vn 0.999874 -0.01587099 -0.000346655
vn 0.999874 -0.01587099 -0.000346655
vn 0.7459377 -0.04761302 -0.6643116
vn 0.999874 -0.01587099 -0.000346655
vn 0.999874 -0.01587099 -0.000346655
vn 0.999874 -0.01587099 -0.000346655
vn 0.999874 -0.01587099 -0.000346655
vn -0.3015493 -0.04761302 -0.952261
vn -0.999874 -0.01587099 -0.000346655
vn -0.3015493 -0.04761302 -0.952261
vn -0.999874 -0.01587099 -0.000346655
vn 0.8411638 -0.04761302 -0.5386803
vn -0.3015493 -0.04761302 -0.952261
vn 0.8411638 -0.04761302 -0.5386803
vn -0.3015493 -0.04761302 -0.952261
vn 0.8411638 -0.04761302 0.5386803
vn 0.8411638 -0.04761302 -0.5386803
vn 0.8411638 -0.04761302 0.5386803
vn 0.8411638 -0.04761302 -0.5386803
vn -0.3015493 -0.04761302 0.952261
vn 0.8411638 -0.04761302 0.5386803
vn -0.3015493 -0.04761302 0.952261
vn 0.8411638 -0.04761302 0.5386803
vn -0.999874 -0.01587099 -0.000346655
vn -0.3015493 -0.04761302 0.952261
vn -0.999874 -0.01587099 -0.000346655
vn -0.3015493 -0.04761302 0.952261
vn -0.3015493 -0.04761302 -0.952261
vn -0.999874 -0.01587099 -0.000346655
vn -0.3015493 -0.04761302 -0.952261
vn -0.999874 -0.01587099 -0.000346655
vn 0.8411638 -0.04761302 -0.5386803
vn -0.3015493 -0.04761302 -0.952261
vn 0.8411638 -0.04761302 -0.5386803
vn -0.3015493 -0.04761302 -0.952261
vn 0.8411638 -0.04761302 0.5386803
vn 0.8411638 -0.04761302 -0.5386803
vn 0.8411638 -0.04761302 0.5386803
vn 0.8411638 -0.04761302 -0.5386803
vn -0.3015493 -0.04761302 0.952261
vn 0.8411638 -0.04761302 0.5386803
vn -0.3015493 -0.04761302 0.952261
vn 0.8411638 -0.04761302 0.5386803
vn -0.999874 -0.01587099 -0.000346655
vn -0.3015493 -0.04761302 0.952261
vn -0.999874 -0.01587099 -0.000346655
vn -0.3015493 -0.04761302 0.952261
vn -0.3015493 -0.04761302 -0.952261
vn -0.999874 -0.01587099 -0.000346655
vn -0.3015493 -0.04761302 -0.952261
vn -0.999874 -0.01587099 -0.000346655
vn 0.8411638 -0.04761302 -0.5386803
vn -0.3015493 -0.04761302 -0.952261
vn 0.8411638 -0.04761302 -0.5386803
vn -0.3015493 -0.04761302 -0.952261
vn 0.8411638 -0.04761302 0.5386803
vn 0.8411638 -0.04761302 -0.5386803
vn 0.8411638 -0.04761302 0.5386803
vn 0.8411638 -0.04761302 -0.5386803
vn -0.3015493 -0.04761302 0.952261
vn 0.8411638 -0.04761302 0.5386803
vn -0.3015493 -0.04761302 0.952261
vn 0.8411638 -0.04761302 0.5386803
vn -0.999874 -0.01587099 -0.000346655
vn -0.3015493 -0.04761302 0.952261
vn -0.999874 -0.01587099 -0.000346655
vn -0.3015493 -0.04761302 0.952261
vn 0.7459377 -0.04761302 -0.6643116
vn 0.04761302 0.6824538 -0.7293764
vn 0.04761302 -0.04761302 -0.9977304
vn 0.6189696 0.5554856 -0.5552588
vn 0.01587099 0.999874 -0.000345267
vn 0.01587099 0.999874 -0.000345267
vn 0.01587099 0.999874 -0.000345267
vn 0.01587099 0.999874 -0.000345267
vn 0.7378054 0.6750135 0
vn 0.01587099 0.999874 -0.000345267
vn 0.6189696 0.5554856 -0.5552588
vn 0.01587099 0.999874 -0.000345267
vn 0.999874 -0.01587099 -0.000346655
vn 0.6189696 0.5554856 -0.5552588
vn 0.7459377 -0.04761302 -0.6643116
vn 0.7378054 0.6750135 0
vn 0.04761302 0.6824538 -0.7293764
vn 0.01587099 0.999874 -0.000345267
vn 0.01587099 0.999874 -0.000345267
vn 0.6189696 0.5554856 -0.5552588
vn 0.01587099 0.999874 -0.000345267
vn 0.04761302 0.6824538 0.7293764
vn 0.01587099 0.999874 -0.000345267
vn 0.6189696 0.5554856 0.5552588
vn 0.6189696 0.5554856 0.5552588
vn 0.04761302 -0.04761302 0.9977304
vn 0.04761302 0.6824538 0.7293764
vn 0.7459377 -0.04761302 0.6643116
vn 0.01587099 0.999874 -0.000345267
vn 0.01587099 0.999874 -0.000345267
vn 0.01587099 0.999874 -0.000345267
vn 0.01587099 0.999874 -0.000345267
vn 0.7378054 0.6750135 0
vn 0.01587099 0.999874 -0.000345267
vn 0.01587099 0.999874 -0.000345267
vn 0.6189696 0.5554856 0.5552588
vn 0.7459377 -0.04761302 0.6643116
vn 0.7378054 0.6750135 0
vn 0.999874 -0.01587099 -0.000346655
vn 0.6189696 0.5554856 0.5552588
vn 0.04761302 0.6824538 0.7293764
vn 0.6189696 0.5554856 -0.5552588
vn -0.2698073 0.8729059 0.4064965
vn 0.04761302 0.6824538 -0.7293764
vn 0.04761302 -0.04761302 0.9977304
vn -0.6824538 -0.04761302 0.7293764
vn 0.04761302 0.6824538 -0.7293764
vn 0.7459377 -0.04761302 -0.6643116
vn 0.6189696 0.5554856 -0.5552588
vn 0.04761302 -0.04761302 -0.9977304
vn -0.2698073 0.8729059 0.4064965
vn 0.7378054 0.6750135 0
vn -0.6824538 0.6824538 0.2617513
vn 0.6189696 0.5554856 -0.5552588
vn -0.6824538 -0.04761302 0.7293764
vn -0.999874 -0.01587099 -0.000346655
vn 0.6189696 0.5554856 0.5552588
vn -0.2698073 0.8729059 -0.4064965
vn -0.6824538 -0.04761302 -0.7293764
vn 0.6189696 0.5554856 -0.5552588
vn 0.999874 -0.01587099 -0.000346655
vn 0.7378054 0.6750135 0
vn 0.7459377 -0.04761302 -0.6643116
vn 0.7459377 -0.04761302 0.6643116
vn 0.6189696 0.5554856 0.5552588
vn 0.04761302 0.6824538 0.7293764
vn -0.2698073 0.8729059 -0.4064965
vn 0.6189696 0.5554856 0.5552588
vn 0.04761302 0.6824538 -0.7293764
vn -0.6824538 -0.04761302 -0.7293764
vn 0.04761302 -0.04761302 -0.9977304
vn 0.6189696 0.5554856 0.5552588
vn 0.04761302 -0.04761302 0.9977304
vn 0.04761302 0.6824538 0.7293764
vn 0.7459377 -0.04761302 0.6643116
vn 0.01587099 0.999874 -0.000345267
vn 0.01587099 0.999874 -0.000345267
vn 0.01587099 0.999874 -0.000345267
vn 0.01587099 0.999874 -0.000345267
vn -0.6824538 0.6824538 0.2617513
vn 0.01587099 0.999874 -0.000345267
vn -0.5554856 0.5554856 0.6187661
vn 0.01587099 0.999874 -0.000345267
vn -0.999874 -0.01587099 -0.000346655
vn -0.5554856 0.5554856 0.6187661
vn -0.6824538 -0.04761302 0.7293764
vn -0.6824538 0.6824538 0.2617513
vn 0.01587099 0.999874 -0.000345267
vn 0.04761302 0.6824538 -0.7293764
vn 0.01587099 0.999874 -0.000345267
vn -0.5554856 0.5554856 -0.6187661
vn 0.04761302 0.6824538 -0.7293764
vn -0.5554856 0.5554856 -0.6187661
vn -0.6824538 -0.04761302 -0.7293764
vn -0.6824538 0.6824538 0.2617513
vn 0.01587099 0.999874 -0.000345267
vn 0.01587099 0.999874 -0.000345267
vn -0.5554856 0.5554856 -0.6187661
vn -0.6824538 -0.04761302 -0.7293764
vn -0.6824538 0.6824538 0.2617513
vn -0.999874 -0.01587099 -0.000346655
vn -0.5554856 0.5554856 -0.6187661
vn 0.7459377 -0.04761302 0.6643116
vn -0.5554856 0.5554856 0.6187661
vn 0.6189696 0.5554856 0.5552588
vn -0.6824538 -0.04761302 0.7293764
vn 0.7378054 0.6750135 0
vn 0.01587099 0.999874 -0.000345267
vn 0.01587099 0.999874 -0.000345267
vn 0.6189696 0.5554856 0.5552588
vn 0.999874 -0.01587099 -0.000346655
vn 0.6189696 0.5554856 0.5552588
vn 0.7378054 0.6750135 0
vn 0.7459377 -0.04761302 0.6643116
vn -0.5554856 0.5554856 0.6187661
vn 0.01587099 0.999874 -0.000345267
vn 0.6189696 0.5554856 0.5552588
vn 0.01587099 0.999874 -0.000345267
vn 0.01587099 0.999874 -0.000345267
vn 0.01587099 0.999874 -0.000345267
vn 0.01587099 0.999874 -0.000345267
vn 0.01587099 0.999874 -0.000345267
vn 0.01587099 0.999874 -0.000345267
vn -0.2698073 0.8729059 -0.4064965
vn -0.5554856 0.5554856 0.6187661
vn 0.3332914 0.8729059 -0.3563036
vn 0.6189696 0.5554856 0.5552588
vn 0.7459377 -0.04761302 -0.6643116
vn -0.6824538 -0.04761302 -0.7293764
vn -0.5554856 0.5554856 0.6187661
vn 0.7459377 -0.04761302 0.6643116
vn -0.6824538 -0.04761302 0.7293764
vn 0.6189696 0.5554856 0.5552588
vn 0.6189696 0.5554856 0.5552588
vn -0.6824538 0.6824538 -0.2617513
vn 0.7378054 0.6750135 0
vn -0.2698073 0.8729059 -0.4064965
vn -0.999874 -0.01587099 -0.000346655
vn -0.6824538 -0.04761302 -0.7293764
vn 0.7459377 -0.04761302 0.6643116
vn 0.7378054 0.6750135 0
vn 0.999874 -0.01587099 -0.000346655
vn 0.6189696 0.5554856 0.5552588
vn 0.3332914 0.8729059 -0.3563036
vn -0.6824538 0.6824538 -0.2617513
vn 0.7378054 0.6750135 0
vn -0.5554856 0.5554856 0.6187661
vn 0.7459377 -0.04761302 -0.6643116
vn 0.999874 -0.01587099 -0.000346655
vn -0.5554856 0.5554856 -0.6187661
vn 0.3332914 0.8729059 0.3563036
vn 0.7459377 -0.04761302 0.6643116
vn -0.5554856 0.5554856 0.6187661
vn -0.999874 -0.01587099 -0.000346655
vn -0.6824538 0.6824538 -0.2617513
vn -0.6824538 -0.04761302 0.7293764
vn -0.6824538 -0.04761302 -0.7293764
vn -0.5554856 0.5554856 -0.6187661
vn 0.04761302 0.6824538 -0.7293764
vn 0.3332914 0.8729059 0.3563036
vn -0.5554856 0.5554856 -0.6187661
vn 0.04761302 0.6824538 0.7293764
vn 0.7459377 -0.04761302 0.6643116
vn 0.04761302 -0.04761302 0.9977304
vn -0.5554856 0.5554856 -0.6187661
vn 0.04761302 -0.04761302 -0.9977304
vn 0.04761302 0.6824538 -0.7293764
vn -0.6824538 -0.04761302 -0.7293764
vn 0.04761302 0.6824538 -0.7293764
vn -0.6824538 -0.04761302 -0.7293764
vn 0.04761302 -0.04761302 -0.9977304
vn -0.968132 -0.04761302 0.2458728
vn -0.968132 -0.04761302 0.2458728
vn -0.968132 -0.04761302 0.2458728
g DSJ_GTA_diLou_12_0
f 3/3/3 2/2/2 1/1/1
f 4/4/4 1/1/1 2/2/2
f 7/7/7 6/6/6 5/5/5
f 8/8/8 5/5/5 6/6/6
f 11/11/11 10/10/10 9/9/9
f 12/12/12 9/9/9 10/10/10
f 15/15/15 14/14/14 13/13/13
f 16/16/16 13/13/13 14/14/14
f 19/19/19 18/18/18 17/17/17
f 20/20/20 17/17/17 18/18/18
f 23/23/23 22/22/22 21/21/21
f 24/24/24 21/21/21 22/22/22
f 27/27/27 26/26/26 25/25/25
f 28/28/28 25/25/25 26/26/26
f 31/31/31 30/30/30 29/29/29
f 32/32/32 29/29/29 30/30/30
f 35/35/35 34/34/34 33/33/33
f 36/36/36 33/33/33 34/34/34
f 39/39/39 38/38/38 37/37/37
f 40/40/40 37/37/37 38/38/38
f 43/43/43 42/42/42 41/41/41
f 44/44/44 41/41/41 42/42/42
f 47/47/47 46/46/46 45/45/45
f 48/48/48 45/45/45 46/46/46
f 51/51/51 50/50/50 49/49/49
f 52/52/52 49/49/49 50/50/50
f 55/55/55 54/54/54 53/53/53
f 56/56/56 53/53/53 54/54/54
f 59/59/59 58/58/58 57/57/57
f 60/60/60 57/57/57 58/58/58
f 63/63/63 62/62/62 61/61/61
f 64/64/64 61/61/61 62/62/62
f 67/67/67 66/66/66 65/65/65
f 68/68/68 65/65/65 66/66/66
f 71/71/71 70/70/70 69/69/69
f 72/72/72 69/69/69 70/70/70
f 71/71/71 74/74/74 73/73/73
f 75/75/75 73/73/73 74/74/74
f 78/78/78 77/77/77 76/76/76
f 79/79/79 76/76/76 77/77/77
f 82/82/82 81/81/81 80/80/80
f 83/83/83 80/80/80 81/81/81
f 86/86/86 85/85/85 84/84/84
f 87/87/87 84/84/84 85/85/85
f 90/90/90 89/89/89 88/88/88
f 91/91/91 88/88/88 89/89/89
f 94/94/94 93/93/93 92/92/92
f 93/93/93 95/95/95 92/92/92
f 95/95/95 96/96/96 92/92/92
f 99/99/99 98/98/98 97/97/97
f 100/100/100 97/97/97 98/98/98
f 103/103/103 102/102/102 101/101/101
f 104/104/104 101/101/101 102/102/102
f 107/107/107 106/106/106 105/105/105
f 108/108/108 105/105/105 106/106/106
f 111/111/111 110/110/110 109/109/109
f 112/112/112 109/109/109 110/110/110
f 115/115/115 114/114/114 113/113/113
f 116/116/116 113/113/113 114/114/114
f 119/119/119 118/118/118 117/117/117
f 120/120/120 117/117/117 118/118/118
f 123/123/123 122/122/122 121/121/121
f 124/124/124 121/121/121 122/122/122
f 127/127/127 126/126/126 125/125/125
f 128/128/128 125/125/125 126/126/126
f 131/131/131 130/130/130 129/129/129
f 132/132/132 129/129/129 130/130/130
f 135/135/135 134/134/134 133/133/133
f 136/136/136 133/133/133 134/134/134
f 139/139/139 138/138/138 137/137/137
f 140/140/140 137/137/137 138/138/138
f 143/143/143 142/142/142 141/141/141
f 144/144/144 141/141/141 142/142/142
f 147/147/147 146/146/146 145/145/145
f 148/148/148 145/145/145 146/146/146
f 151/151/151 150/150/150 149/149/149
f 152/152/152 149/149/149 150/150/150
f 155/155/155 154/154/154 153/153/153
f 156/156/156 153/153/153 154/154/154
f 159/159/159 158/158/158 157/157/157
f 160/160/160 157/157/157 158/158/158
f 163/163/163 162/162/162 161/161/161
f 164/164/164 161/161/161 162/162/162
f 167/167/167 166/166/166 165/165/165
f 165/165/165 166/166/166 168/168/168
f 168/168/168 166/166/166 169/169/169
f 166/166/166 170/170/170 169/169/169
f 173/173/173 172/172/172 171/171/171
f 174/174/174 171/171/171 172/172/172
f 177/177/177 176/176/176 175/175/175
f 178/178/178 175/175/175 176/176/176
f 181/181/181 180/180/180 179/179/179
f 182/182/182 179/179/179 180/180/180
f 185/185/185 184/184/184 183/183/183
f 186/186/186 183/183/183 184/184/184
f 189/189/189 188/188/188 187/187/187
f 190/190/190 187/187/187 188/188/188
f 188/188/188 191/191/191 190/190/190
f 192/192/192 190/190/190 191/191/191
f 195/195/195 194/194/194 193/193/193
f 196/196/196 193/193/193 194/194/194
f 196/196/196 197/197/197 193/193/193
f 198/198/198 193/193/193 197/197/197
f 201/201/201 200/200/200 199/199/199
f 202/202/202 199/199/199 200/200/200
f 205/205/205 204/204/204 203/203/203
f 206/206/206 203/203/203 204/204/204
f 209/209/209 208/208/208 207/207/207
f 210/210/210 207/207/207 208/208/208
f 213/213/213 212/212/212 211/211/211
f 214/214/214 211/211/211 212/212/212
f 211/211/211 215/215/215 213/213/213
f 216/216/216 213/213/213 215/215/215
f 219/219/219 218/218/218 217/217/217
f 220/220/220 217/217/217 218/218/218
f 223/223/223 222/222/222 221/221/221
f 224/224/224 221/221/221 222/222/222
f 227/227/227 226/226/226 225/225/225
f 228/228/228 225/225/225 226/226/226
f 231/231/231 230/230/230 229/229/229
f 232/232/232 229/229/229 230/230/230
f 235/235/235 234/234/234 233/233/233
f 236/236/236 233/233/233 234/234/234
f 239/239/239 238/238/238 237/237/237
f 240/240/240 237/237/237 238/238/238
f 243/243/243 242/242/242 241/241/241
f 244/244/244 241/241/241 242/242/242
f 247/247/247 246/246/246 245/245/245
f 248/248/248 245/245/245 246/246/246
f 251/251/251 250/250/250 249/249/249
f 252/252/252 249/249/249 250/250/250
f 255/255/255 254/254/254 253/253/253
f 256/256/256 253/253/253 254/254/254
f 259/259/259 258/258/258 257/257/257
f 257/257/257 258/258/258 260/260/260
f 263/263/263 262/262/262 261/261/261
f 266/266/266 265/265/265 264/264/264
f 267/267/267 264/264/264 265/265/265
f 270/270/270 269/269/269 268/268/268
f 271/271/271 268/268/268 269/269/269
f 274/274/274 273/273/273 272/272/272
f 275/275/275 272/272/272 273/273/273
f 278/278/278 277/277/277 276/276/276
f 279/279/279 276/276/276 277/277/277
f 278/278/278 276/276/276 280/280/280
f 283/283/283 282/282/282 281/281/281
f 284/284/284 281/281/281 282/282/282
f 285/285/285 284/284/284 282/282/282
f 285/285/285 282/282/282 286/286/286
f 282/282/282 287/287/287 286/286/286
f 288/288/288 286/286/286 287/287/287
f 287/287/287 289/289/289 288/288/288
f 290/290/290 288/288/288 289/289/289
f 293/293/293 292/292/292 291/291/291
f 294/294/294 291/291/291 292/292/292
f 297/297/297 296/296/296 295/295/295
f 298/298/298 295/295/295 296/296/296
f 301/301/301 300/300/300 299/299/299
f 302/302/302 299/299/299 300/300/300
f 305/305/305 304/304/304 303/303/303
f 306/306/306 303/303/303 304/304/304
f 309/309/309 308/308/308 307/307/307
f 310/310/310 307/307/307 308/308/308
f 313/313/313 312/312/312 311/311/311
f 314/314/314 311/311/311 312/312/312
f 314/314/314 315/315/315 311/311/311
f 318/318/318 317/317/317 316/316/316
f 319/319/319 316/316/316 317/317/317
f 322/322/322 321/321/321 320/320/320
f 323/323/323 320/320/320 321/321/321
f 326/326/326 325/325/325 324/324/324
f 327/327/327 324/324/324 325/325/325
f 330/330/330 329/329/329 328/328/328
f 331/331/331 328/328/328 329/329/329
f 329/329/329 332/332/332 331/331/331
f 333/333/333 331/331/331 332/332/332
f 336/336/336 335/335/335 334/334/334
f 337/337/337 334/334/334 335/335/335
f 336/336/336 334/334/334 338/338/338
f 339/339/339 338/338/338 334/334/334
f 338/338/338 339/339/339 340/340/340
f 341/341/341 340/340/340 339/339/339
f 340/340/340 341/341/341 342/342/342
f 343/343/343 342/342/342 341/341/341
f 342/342/342 343/343/343 344/344/344
f 345/345/345 344/344/344 343/343/343
f 344/344/344 345/345/345 346/346/346
f 347/347/347 346/346/346 345/345/345
f 350/350/350 349/349/349 348/348/348
f 351/351/351 348/348/348 349/349/349
f 354/354/354 353/353/353 352/352/352
f 352/352/352 355/355/355 354/354/354
f 354/354/354 355/355/355 356/356/356
f 357/357/357 356/356/356 355/355/355
f 360/360/360 359/359/359 358/358/358
f 361/361/361 358/358/358 359/359/359
f 364/364/364 363/363/363 362/362/362
f 365/365/365 362/362/362 363/363/363
f 368/368/368 367/367/367 366/366/366
f 369/369/369 366/366/366 367/367/367
f 372/372/372 371/371/371 370/370/370
f 373/373/373 370/370/370 371/371/371
f 372/372/372 374/374/374 371/371/371
f 373/373/373 375/375/375 370/370/370
f 378/378/378 377/377/377 376/376/376
f 379/379/379 376/376/376 377/377/377
f 378/378/378 380/380/380 377/377/377
f 381/381/381 377/377/377 380/380/380
f 384/384/384 383/383/383 382/382/382
f 385/385/385 382/382/382 383/383/383
f 388/388/388 387/387/387 386/386/386
f 389/389/389 386/386/386 387/387/387
f 392/392/392 391/391/391 390/390/390
f 393/393/393 390/390/390 391/391/391
f 396/396/396 395/395/395 394/394/394
f 397/397/397 394/394/394 395/395/395
f 400/400/400 399/399/399 398/398/398
f 401/401/401 398/398/398 399/399/399
f 404/404/404 403/403/403 402/402/402
f 405/405/405 402/402/402 403/403/403
f 405/405/405 406/406/406 402/402/402
f 406/406/406 407/407/407 402/402/402
f 407/407/407 408/408/408 402/402/402
f 411/411/411 410/410/410 409/409/409
f 414/414/414 413/413/413 412/412/412
f 417/417/417 416/416/416 415/415/415
f 418/418/418 415/415/415 416/416/416
f 418/418/418 420/420/420 419/419/419
f 421/421/421 419/419/419 420/420/420
f 424/424/424 423/423/423 422/422/422
f 425/425/425 422/422/422 423/423/423
f 428/428/428 427/427/427 426/426/426
f 429/429/429 426/426/426 427/427/427
f 432/432/432 431/431/431 430/430/430
f 433/433/433 430/430/430 431/431/431
f 436/436/436 435/435/435 434/434/434
f 437/437/437 434/434/434 435/435/435
f 440/440/440 439/439/439 438/438/438
f 441/441/441 438/438/438 439/439/439
f 444/444/444 443/443/443 442/442/442
f 445/445/445 442/442/442 443/443/443
f 448/448/448 447/447/447 446/446/446
f 449/449/449 446/446/446 447/447/447
f 452/452/452 451/451/451 450/450/450
f 453/453/453 450/450/450 451/451/451
f 456/456/456 455/455/455 454/454/454
f 457/457/457 454/454/454 455/455/455
f 460/460/460 459/459/459 458/458/458
f 461/461/461 458/458/458 459/459/459
f 464/464/464 463/463/463 462/462/462
f 465/465/465 462/462/462 463/463/463
f 468/468/468 467/467/467 466/466/466
f 469/469/469 466/466/466 467/467/467
f 472/472/472 471/471/471 470/470/470
f 473/473/473 470/470/470 471/471/471
f 476/476/476 475/475/475 474/474/474
f 477/477/477 474/474/474 475/475/475
f 480/480/480 479/479/479 478/478/478
f 481/481/481 478/478/478 479/479/479
f 484/484/484 483/483/483 482/482/482
f 485/485/485 482/482/482 483/483/483
f 488/488/488 487/487/487 486/486/486
f 489/489/489 486/486/486 487/487/487
f 492/492/492 491/491/491 490/490/490
f 493/493/493 490/490/490 491/491/491
f 496/496/496 495/495/495 494/494/494
f 497/497/497 494/494/494 495/495/495
f 500/500/500 499/499/499 498/498/498
f 501/501/501 498/498/498 499/499/499
f 504/504/504 503/503/503 502/502/502
f 505/505/505 502/502/502 503/503/503
f 508/508/508 507/507/507 506/506/506
f 509/509/509 506/506/506 507/507/507
f 512/512/512 511/511/511 510/510/510
f 513/513/513 510/510/510 511/511/511
f 516/516/516 515/515/515 514/514/514
f 517/517/517 514/514/514 515/515/515
f 520/520/520 519/519/519 518/518/518
f 521/521/521 518/518/518 519/519/519
f 524/524/524 523/523/523 522/522/522
f 525/525/525 522/522/522 523/523/523
f 528/528/528 527/527/527 526/526/526
f 529/529/529 526/526/526 527/527/527
f 532/532/532 531/531/531 530/530/530
f 533/533/533 530/530/530 531/531/531
f 536/536/536 535/535/535 534/534/534
f 537/537/537 534/534/534 535/535/535
f 535/535/535 538/538/538 537/537/537
f 539/539/539 537/537/537 538/538/538
f 538/538/538 540/540/540 539/539/539
f 541/541/541 539/539/539 540/540/540
f 534/534/534 542/542/542 536/536/536
f 543/543/543 536/536/536 542/542/542
f 546/546/546 545/545/545 544/544/544
f 547/547/547 544/544/544 545/545/545
f 550/550/550 549/549/549 548/548/548
f 551/551/551 548/548/548 549/549/549
f 551/551/551 552/552/552 548/548/548
f 553/553/553 552/552/552 551/551/551
f 554/554/554 553/553/553 551/551/551
f 557/557/557 556/556/556 555/555/555
f 558/558/558 555/555/555 556/556/556
f 561/561/561 560/560/560 559/559/559
f 559/559/559 560/560/560 562/562/562
f 563/563/563 561/561/561 559/559/559
f 563/563/563 559/559/559 564/564/564
f 565/565/565 564/564/564 559/559/559
f 568/568/568 567/567/567 566/566/566
f 569/569/569 566/566/566 567/567/567
f 572/572/572 571/571/571 570/570/570
f 573/573/573 570/570/570 571/571/571
f 576/576/576 575/575/575 574/574/574
f 577/577/577 574/574/574 575/575/575
f 580/580/580 579/579/579 578/578/578
f 581/581/581 578/578/578 579/579/579
f 584/584/584 583/583/583 582/582/582
f 585/585/585 582/582/582 583/583/583
f 588/588/588 587/587/587 586/586/586
f 589/589/589 586/586/586 587/587/587
f 592/592/592 591/591/591 590/590/590
f 593/593/593 590/590/590 591/591/591
f 590/590/590 594/594/594 592/592/592
f 595/595/595 592/592/592 594/594/594
f 598/598/598 597/597/597 596/596/596
f 599/599/599 596/596/596 597/597/597
f 602/602/602 601/601/601 600/600/600
f 603/603/603 600/600/600 601/601/601
f 606/606/606 605/605/605 604/604/604
f 607/607/607 604/604/604 605/605/605
f 610/610/610 609/609/609 608/608/608
f 611/611/611 608/608/608 609/609/609
f 614/614/614 613/613/613 612/612/612
f 615/615/615 612/612/612 613/613/613
f 618/618/618 617/617/617 616/616/616
f 619/619/619 616/616/616 617/617/617
f 622/622/622 621/621/621 620/620/620
f 623/623/623 620/620/620 621/621/621
f 626/626/626 625/625/625 624/624/624
f 627/627/627 624/624/624 625/625/625
f 630/630/630 629/629/629 628/628/628
f 631/631/631 628/628/628 629/629/629
f 634/634/634 633/633/633 632/632/632
f 635/635/635 632/632/632 633/633/633
f 638/638/638 637/637/637 636/636/636
f 639/639/639 636/636/636 637/637/637
f 642/642/642 641/641/641 640/640/640
f 643/643/643 640/640/640 641/641/641
f 646/646/646 645/645/645 644/644/644
f 647/647/647 644/644/644 645/645/645
f 650/650/650 649/649/649 648/648/648
f 651/651/651 648/648/648 649/649/649
f 654/654/654 653/653/653 652/652/652
f 655/655/655 652/652/652 653/653/653
f 658/658/658 657/657/657 656/656/656
f 659/659/659 656/656/656 657/657/657
f 662/662/662 661/661/661 660/660/660
f 663/663/663 660/660/660 661/661/661
f 666/666/666 665/665/665 664/664/664
f 667/667/667 664/664/664 665/665/665
f 670/670/670 669/669/669 668/668/668
f 671/671/671 668/668/668 669/669/669
f 674/674/674 673/673/673 672/672/672
f 675/675/675 672/672/672 673/673/673
f 678/678/678 677/677/677 676/676/676
f 679/679/679 676/676/676 677/677/677
f 682/682/682 681/681/681 680/680/680
f 683/683/683 680/680/680 681/681/681
f 686/686/686 685/685/685 684/684/684
f 687/687/687 684/684/684 685/685/685
f 690/690/690 689/689/689 688/688/688
f 691/691/691 688/688/688 689/689/689
f 694/694/694 693/693/693 692/692/692
f 695/695/695 692/692/692 693/693/693
f 698/698/698 697/697/697 696/696/696
f 699/699/699 696/696/696 697/697/697
f 702/702/702 701/701/701 700/700/700
f 703/703/703 700/700/700 701/701/701
f 706/706/706 705/705/705 704/704/704
f 707/707/707 704/704/704 705/705/705
f 710/710/710 709/709/709 708/708/708
f 711/711/711 708/708/708 709/709/709
f 714/714/714 713/713/713 712/712/712
f 715/715/715 712/712/712 713/713/713
f 718/718/718 717/717/717 716/716/716
f 719/719/719 716/716/716 717/717/717
f 722/722/722 721/721/721 720/720/720
f 723/723/723 720/720/720 721/721/721
f 726/726/726 725/725/725 724/724/724
f 727/727/727 724/724/724 725/725/725
f 730/730/730 729/729/729 728/728/728
f 731/731/731 728/728/728 729/729/729
f 734/734/734 733/733/733 732/732/732
f 735/735/735 732/732/732 733/733/733
f 738/738/738 737/737/737 736/736/736
f 739/739/739 736/736/736 737/737/737
f 742/742/742 741/741/741 740/740/740
f 743/743/743 740/740/740 741/741/741
f 746/746/746 745/745/745 744/744/744
f 747/747/747 744/744/744 745/745/745
f 750/750/750 749/749/749 748/748/748
f 751/751/751 748/748/748 749/749/749
f 754/754/754 753/753/753 752/752/752
f 755/755/755 752/752/752 753/753/753
f 758/758/758 757/757/757 756/756/756
f 759/759/759 756/756/756 757/757/757
f 762/762/762 761/761/761 760/760/760
f 763/763/763 760/760/760 761/761/761
f 766/766/766 765/765/765 764/764/764
f 767/767/767 764/764/764 765/765/765
f 770/770/770 769/769/769 768/768/768
f 771/771/771 768/768/768 769/769/769
f 774/774/774 773/773/773 772/772/772
f 775/775/775 772/772/772 773/773/773
f 778/778/778 777/777/777 776/776/776
f 779/779/779 776/776/776 777/777/777
f 782/782/782 781/781/781 780/780/780
f 783/783/783 780/780/780 781/781/781
f 786/786/786 785/785/785 784/784/784
f 787/787/787 784/784/784 785/785/785
f 790/790/790 789/789/789 788/788/788
f 791/791/791 788/788/788 789/789/789
f 794/794/794 793/793/793 792/792/792
f 795/795/795 792/792/792 793/793/793
f 798/798/798 797/797/797 796/796/796
f 799/799/799 796/796/796 797/797/797
f 802/802/802 801/801/801 800/800/800
f 803/803/803 800/800/800 801/801/801
f 806/806/806 805/805/805 804/804/804
f 807/807/807 804/804/804 805/805/805
f 810/810/810 809/809/809 808/808/808
f 811/811/811 808/808/808 809/809/809
f 814/814/814 813/813/813 812/812/812
f 815/815/815 812/812/812 813/813/813
f 818/818/818 817/817/817 816/816/816
f 819/819/819 816/816/816 817/817/817
f 822/822/822 821/821/821 820/820/820
f 823/823/823 820/820/820 821/821/821
f 820/820/820 824/824/824 822/822/822
f 825/825/825 822/822/822 824/824/824
f 828/828/828 827/827/827 826/826/826
f 829/829/829 826/826/826 827/827/827
f 832/832/832 831/831/831 830/830/830
f 833/833/833 830/830/830 831/831/831
f 830/830/830 834/834/834 832/832/832
f 835/835/835 832/832/832 834/834/834
f 831/831/831 832/832/832 836/836/836
f 837/837/837 836/836/836 832/832/832
f 832/832/832 835/835/835 837/837/837
f 838/838/838 837/837/837 835/835/835
f 841/841/841 840/840/840 839/839/839
f 842/842/842 839/839/839 840/840/840
f 840/840/840 841/841/841 843/843/843
f 844/844/844 843/843/843 841/841/841
f 847/847/847 846/846/846 845/845/845
f 848/848/848 845/845/845 846/846/846
f 846/846/846 849/849/849 848/848/848
f 850/850/850 848/848/848 849/849/849
f 853/853/853 852/852/852 851/851/851
f 854/854/854 851/851/851 852/852/852
f 857/857/857 856/856/856 855/855/855
f 858/858/858 855/855/855 856/856/856
f 861/861/861 860/860/860 859/859/859
f 862/862/862 859/859/859 860/860/860
f 865/865/865 864/864/864 863/863/863
f 866/866/866 863/863/863 864/864/864
f 869/869/869 868/868/868 867/867/867
f 870/870/870 867/867/867 868/868/868
f 873/873/873 872/872/872 871/871/871
f 876/876/876 875/875/875 874/874/874
f 877/877/877 874/874/874 875/875/875
f 880/880/880 879/879/879 878/878/878
f 881/881/881 878/878/878 879/879/879
f 884/884/884 883/883/883 882/882/882
f 885/885/885 882/882/882 883/883/883
f 888/888/888 887/887/887 886/886/886
f 889/889/889 886/886/886 887/887/887
f 892/892/892 891/891/891 890/890/890
f 893/893/893 890/890/890 891/891/891
f 896/896/896 895/895/895 894/894/894
f 897/897/897 894/894/894 895/895/895
f 900/900/900 899/899/899 898/898/898
f 899/899/899 901/901/901 898/898/898
f 901/901/901 902/902/902 898/898/898
f 905/905/905 904/904/904 903/903/903
f 906/906/906 903/903/903 904/904/904
f 905/905/905 903/903/903 907/907/907
f 908/908/908 907/907/907 903/903/903
f 911/911/911 910/910/910 909/909/909
f 912/912/912 909/909/909 910/910/910
f 915/915/915 914/914/914 913/913/913
f 916/916/916 913/913/913 914/914/914
f 914/914/914 917/917/917 916/916/916
f 918/918/918 916/916/916 917/917/917
f 921/921/921 920/920/920 919/919/919
f 922/922/922 919/919/919 920/920/920
f 925/925/925 924/924/924 923/923/923
f 926/926/926 923/923/923 924/924/924
f 923/923/923 927/927/927 925/925/925
f 928/928/928 925/925/925 927/927/927
f 924/924/924 925/925/925 929/929/929
f 930/930/930 929/929/929 925/925/925
f 925/925/925 928/928/928 930/930/930
f 931/931/931 930/930/930 928/928/928
f 934/934/934 933/933/933 932/932/932
f 935/935/935 932/932/932 933/933/933
f 933/933/933 934/934/934 936/936/936
f 937/937/937 936/936/936 934/934/934
f 940/940/940 939/939/939 938/938/938
f 941/941/941 938/938/938 939/939/939
f 939/939/939 942/942/942 941/941/941
f 943/943/943 941/941/941 942/942/942
f 946/946/946 945/945/945 944/944/944
f 947/947/947 944/944/944 945/945/945
f 950/950/950 949/949/949 948/948/948
f 953/953/953 952/952/952 951/951/951
