g mx_jingChe2_cheshen
v 1.014328 2.186727 -2.96382
v 1.053895 2.262115 -2.906814
v 1.014328 2.273776 -2.913549
v 1.053895 2.186727 -2.950349
v 1.053895 2.262115 -2.81975
v 1.014328 2.273776 -2.813015
v 1.053895 2.186727 -2.776222
v 1.014328 2.186727 -2.762758
v 1.053895 2.111324 -2.81975
v 1.014328 2.099663 -2.813015
v 1.053895 2.111324 -2.906814
v 1.014328 2.099663 -2.913549
v 1.093469 2.186727 -2.863285
v -0.9654794 2.186727 -2.96382
v -1.005053 2.262115 -2.906814
v -1.005053 2.186727 -2.950349
v -0.9654794 2.273776 -2.913549
v -1.005053 2.262115 -2.81975
v -0.9654794 2.273776 -2.813015
v -1.005053 2.186727 -2.776222
v -0.9654794 2.186727 -2.762758
v -1.005053 2.111324 -2.81975
v -0.9654794 2.099663 -2.813015
v -1.005053 2.111324 -2.906814
v -0.9654794 2.099663 -2.913549
v -1.044627 2.186727 -2.863285
v -1.090552 1.027041 -2.535027
v -1.040903 1.156187 -2.747575
v -1.040861 1.098552 -2.471055
v -1.090587 1.069193 -2.757357
v -1.040952 1.104267 -3.030461
v -1.090622 1.027146 -2.974077
v -1.04098 0.9543843 -3.219338
v -1.090642 0.9035544 -3.156826
v -1.090657 0.7095842 -3.278663
v -1.040994 0.7216787 -3.337109
v -1.090663 0.4510412 -3.303642
v -1.041001 0.4515162 -3.358335
v -1.090531 0.9068942 -2.355072
v -1.040826 0.9623351 -2.283051
v -1.090517 0.7116523 -2.230139
v -1.040812 0.7418566 -2.154304
v -1.090517 0.4524455 -2.221301
v -1.040812 0.4500909 -2.14332
v -1.042517 1.074817 -2.755002
v -1.042517 1.031247 -2.535963
v -1.042517 1.031247 -2.974056
v -1.042517 0.9071665 -3.159746
v -1.042517 0.7119875 -3.283841
v -1.042517 0.4501815 -3.310426
v -1.042517 0.7119875 -2.226178
v -1.042517 0.9071665 -2.350258
v -1.042517 0.4498253 -2.21887
v 1.139401 1.027041 -2.535027
v 1.089752 1.156187 -2.747575
v 1.139429 1.069193 -2.757357
v 1.08971 1.098552 -2.471055
v 1.089794 1.104267 -3.030461
v 1.139471 1.027146 -2.974077
v 1.089829 0.9543843 -3.219338
v 1.139492 0.9035544 -3.156826
v 1.139506 0.7095842 -3.278663
v 1.08985 0.7216787 -3.337109
v 1.139513 0.4510412 -3.303642
v 1.08985 0.4515162 -3.358335
v 1.13938 0.9068942 -2.355072
v 1.089668 0.9623351 -2.283051
v 1.139359 0.7116523 -2.230139
v 1.089654 0.7418566 -2.154304
v 1.139359 0.4524455 -2.221301
v 1.089654 0.4500909 -2.14332
v 1.091366 1.074817 -2.755002
v 1.091366 1.031247 -2.535963
v 1.091366 0.9071665 -3.159746
v 1.091366 1.031247 -2.974056
v 1.091366 0.9071665 -2.350258
v 1.091366 0.7119875 -2.226178
v 1.091366 0.4498253 -2.21887
v 1.091366 0.7119875 -3.283841
v 1.091366 0.4501815 -3.310426
v 0.6429746 2.467725 0.6193485
v 1.057955 1.798772 0.8608923
v 0.6429815 1.798765 0.9510932
v 1.013455 2.468068 0.5410461
v 0.02442455 1.798765 0.9628382
v 0.02442455 2.468068 0.6396871
v -0.5941257 2.467725 0.6193485
v -0.5941257 1.798765 0.9510932
v -1.009112 1.798772 0.8608923
v -0.9646058 2.468068 0.5410461
v 0.6429746 2.489406 0.7944193
v 0.02442455 2.468068 0.6396871
v 0.02442455 2.489266 0.803586
v 0.6429746 2.467725 0.6193485
v 1.013455 2.468068 0.5410461
v 1.046782 2.489448 0.7452383
v 1.046768 2.489406 -0.6362042
v 1.013455 2.468424 -0.6361554
v 1.046768 2.489406 -2.097787
v 1.013455 2.468291 -2.0927
v 1.046762 2.489532 -3.760578
v 1.013455 2.468522 -3.697018
v 0.6429117 2.489406 -3.772728
v 0.02442455 2.468655 -3.697018
v 0.02442455 2.489448 -3.776207
v -0.5941257 2.489406 0.7944193
v -0.5941257 2.467725 0.6193485
v -0.9646058 2.468068 0.5410461
v -0.9979334 2.489448 0.7452383
v -0.5940628 2.489406 -3.772728
v -0.9979267 2.489406 -0.6362042
v -0.9646058 2.468424 -0.6361554
v -0.9646058 2.468522 -3.697018
v -0.9979196 2.489532 -3.760578
v -0.9646058 2.468291 -2.0927
v -0.9979267 2.489406 -2.097787
v 0.6429677 2.680945 0.7982688
v 1.046782 2.489448 0.7452383
v 0.6429746 2.489406 0.7944193
v 1.03677 2.662709 0.7454481
v 0.02442455 2.680945 0.8070025
v 0.02442455 2.489266 0.803586
v -0.5941257 2.489406 0.7944193
v -0.5941186 2.680945 0.7982688
v -0.9979334 2.489448 0.7452383
v -0.9879284 2.662709 0.7454481
v 0.02442455 0.585546 -3.876036
v 1.091366 0.4501815 -3.876036
v 1.091366 0.5836315 -3.875184
v 0.02442455 0.4501815 -3.876036
v 0.02442455 0.585546 -3.74012
v 1.091366 0.5836315 -3.739261
v -1.042517 0.4501815 -3.876036
v -1.042517 0.5836315 -3.875184
v -1.042517 0.5836315 -3.739261
v 0.02442455 0.4501467 -3.306548
v 1.091366 0.4501815 -3.697018
v 0.02442455 0.4501815 -3.697018
v 0.6539371 0.4501815 -3.310426
v 1.091366 0.4501815 -3.310426
v 0.6498637 0.4498253 -2.215209
v 0.02442455 0.4498253 -2.210038
v 1.091366 0.4498253 -1.87058
v 0.02442455 0.4498253 -0.6361554
v 1.091366 0.4498253 -0.6361623
v 1.091366 0.4498253 -2.21887
v 0.6429815 0.4498115 0.9510932
v 1.091366 0.4498181 0.866405
v 0.02442455 0.4498115 0.9628382
v 0.02442455 0.4501815 -3.876036
v 1.091366 0.4501815 -3.876036
v -1.042517 0.4501815 -3.697018
v -0.6050882 0.4501815 -3.310426
v -1.042517 0.4498253 -1.87058
v -1.042517 0.4498253 -0.6361623
v -0.6010146 0.4498253 -2.215209
v -1.042517 0.4498253 -2.21887
v -1.042517 0.4501815 -3.310426
v -0.5941257 0.4498115 0.9510932
v -1.042517 0.4498181 0.866405
v -1.042517 0.4501815 -3.876036
v 1.091366 0.7137203 -1.888215
v 1.091366 0.4498253 -0.6361623
v 1.091366 0.7137203 -0.6361833
v 1.091366 0.4498253 -1.87058
v 1.091366 1.346028 -1.948987
v 1.091366 1.346028 -0.6361973
v 1.057955 1.798758 -0.6362114
v 1.091366 0.7119875 -2.226178
v 1.091366 0.9071665 -2.350258
v 1.091366 1.031247 -2.535963
v 1.091366 1.074817 -2.755002
v 1.091366 1.346028 -2.739205
v 1.091366 1.346028 -3.694181
v 1.013455 2.468522 -3.697018
v 1.013455 2.468291 -2.0927
v 1.091366 1.031247 -2.974056
v 1.091366 0.9071665 -3.159746
v 1.091366 0.7119875 -3.283841
v 1.091366 0.9344158 -3.695467
v 1.013455 2.468424 -0.6361554
v 1.091366 0.8709536 -3.740246
v 1.091366 0.5836315 -3.739261
v 1.091366 0.4501815 -3.697018
v 1.091366 0.4501815 -3.310426
v 1.091366 0.4501815 -3.876036
v 1.091366 0.5836315 -3.875184
v 1.037008 2.662709 -0.6362114
v 1.046782 2.489448 0.7452383
v 1.03677 2.662709 0.7454481
v 1.046768 2.489406 -0.6362042
v 1.037008 2.662709 -2.095174
v 1.046768 2.489406 -2.097787
v 1.046762 2.489532 -3.760578
v 1.036994 2.662709 -3.766314
v 0.6429327 2.680945 -0.6361554
v 1.03677 2.662709 0.7454481
v 0.6429677 2.680945 0.7982688
v 1.037008 2.662709 -0.6362114
v 1.037008 2.662709 -2.095174
v 0.6429186 2.680945 -2.103795
v 0.6428978 2.680945 -3.778471
v 1.036994 2.662709 -3.766314
v 0.02442455 2.680945 -3.780882
v 0.02442455 2.680945 -2.111858
v 0.02442455 2.680945 -0.6361623
v 0.02442455 2.680945 0.8070025
v -0.5940628 2.680945 -2.103795
v -0.594049 2.680945 -3.778471
v -0.988152 2.662709 -2.095174
v -0.988152 2.662709 -3.766314
v -0.5940838 2.680945 -0.6361554
v -0.988152 2.662709 -0.6362114
v -0.9879284 2.662709 0.7454481
v -0.5941186 2.680945 0.7982688
v 0.6428978 2.680945 -3.778471
v 1.046762 2.489532 -3.760578
v 1.036994 2.662709 -3.766314
v 0.6429117 2.489406 -3.772728
v 0.02442455 2.489448 -3.776207
v 0.02442455 2.680945 -3.780882
v -0.594049 2.680945 -3.778471
v -0.5940628 2.489406 -3.772728
v -0.9979196 2.489532 -3.760578
v -0.988152 2.662709 -3.766314
v 1.021678 1.357794 -3.695732
v 0.02442455 0.9809623 -3.698387
v 1.021678 0.9730601 -3.696941
v 0.02442455 1.357794 -3.698387
v 0.948868 2.406974 -3.698387
v 0.02442455 2.407093 -3.698387
v 1.021678 0.9137344 -3.738793
v 0.02442455 0.9183316 -3.740057
v 1.021678 0.6451859 -3.737863
v 0.02442455 0.6469884 -3.73866
v 1.091366 0.4498253 -2.21887
v 1.057955 1.798772 0.8608923
v 0.6429815 1.342339 0.9510932
v 0.6429815 1.798765 0.9510932
v 1.091366 1.344183 0.8635054
v 0.02442455 1.342339 0.9628382
v 0.02442455 1.798765 0.9628382
v 0.02442455 0.7137761 0.9628382
v 0.6429815 0.7137761 0.9510932
v 0.02442455 0.4498115 0.9628382
v 0.6429815 0.4498115 0.9510932
v 1.091366 0.7137485 0.8655457
v 1.091366 0.4498181 0.866405
v -0.5941257 1.798765 0.9510932
v -0.5941257 1.342339 0.9510932
v -1.009112 1.798772 0.8608923
v -1.042517 1.344183 0.8635054
v -0.5941257 0.7137761 0.9510932
v -0.5941257 0.4498115 0.9510932
v -1.042517 0.7137485 0.8655457
v -1.042517 0.4498181 0.866405
v 1.091366 0.4501815 -3.310426
v 0.6539371 0.7119875 -3.283841
v 1.091366 0.7119875 -3.283841
v 0.6539371 0.4501815 -3.310426
v 0.6539371 0.9071665 -3.159746
v 1.091366 0.9071665 -3.159746
v 0.6539371 1.031247 -2.974056
v 1.091366 1.031247 -2.974056
v 0.6539371 1.074817 -2.755002
v 1.091366 1.074817 -2.755002
v 0.6539371 1.031247 -2.535963
v 1.091366 1.031247 -2.535963
v 0.6539371 0.9071665 -2.350258
v 1.091366 0.9071665 -2.350258
v 0.6539371 0.7119875 -2.226178
v 1.091366 0.7119875 -2.226178
v 0.6498637 0.4498253 -2.215209
v 1.091366 0.4498253 -2.21887
v 0.6539371 1.031247 -2.535963
v 1.091366 1.074817 -2.755002
v 0.6539371 1.074817 -2.755002
v 0.6498637 0.4498253 -2.215209
v 0.6539371 1.103624 -3.310426
v 0.6539371 0.4501815 -3.310426
v 0.6498637 1.103268 -2.215209
v -1.042517 0.7137203 -0.6361833
v -1.042517 0.4498181 0.866405
v -1.042517 0.4498253 -0.6361623
v -1.042517 0.7137485 0.8655457
v -1.042517 0.7137203 -1.888215
v -1.042517 0.4498253 -1.87058
v -1.042517 1.346028 -0.6361973
v -1.042517 1.344183 0.8635054
v -1.042517 1.346028 -1.948987
v -1.009112 1.798758 -0.6362114
v -1.042517 0.7119875 -2.226178
v -1.042517 0.9071665 -2.350258
v -1.042517 1.031247 -2.535963
v -1.042517 1.074817 -2.755002
v -1.042517 1.346028 -2.739205
v -1.042517 1.346028 -3.694181
v -0.9646058 2.468522 -3.697018
v -0.9646058 2.468291 -2.0927
v -1.042517 1.031247 -2.974056
v -1.042517 0.9071665 -3.159746
v -1.042517 0.7119875 -3.283841
v -1.042517 0.9344158 -3.695467
v -0.9646058 2.468424 -0.6361554
v -0.9646058 2.468068 0.5410461
v -1.009112 1.798772 0.8608923
v -1.042517 0.8709536 -3.740246
v -1.042517 0.5836315 -3.739261
v -1.042517 0.4501815 -3.697018
v -1.042517 0.4501815 -3.310426
v -1.042517 0.4501815 -3.876036
v -1.042517 0.5836315 -3.875184
v -0.988152 2.662709 -0.6362114
v -0.9979334 2.489448 0.7452383
v -0.9979267 2.489406 -0.6362042
v -0.9879284 2.662709 0.7454481
v -0.988152 2.662709 -2.095174
v -0.9979267 2.489406 -2.097787
v -0.9979196 2.489532 -3.760578
v -0.988152 2.662709 -3.766314
v -0.9728298 1.357794 -3.695732
v 0.02442455 0.9809623 -3.698387
v 0.02442455 1.357794 -3.698387
v -0.9728298 0.9730601 -3.696941
v -0.900012 2.406974 -3.698387
v 0.02442455 2.407093 -3.698387
v -0.9728298 0.9137344 -3.738793
v 0.02442455 0.9183316 -3.740057
v -0.9728298 0.6451859 -3.737863
v 0.02442455 0.6469884 -3.73866
v -1.042517 0.4498253 -2.21887
v -1.042517 0.4501815 -3.310426
v -0.6050882 0.7119875 -3.283841
v -0.6050882 0.4501815 -3.310426
v -1.042517 0.7119875 -3.283841
v -0.6050882 0.9071665 -3.159746
v -1.042517 0.9071665 -3.159746
v -0.6050882 1.031247 -2.974056
v -1.042517 1.031247 -2.974056
v -0.6050882 1.074817 -2.755002
v -1.042517 1.074817 -2.755002
v -0.6050882 1.031247 -2.535963
v -1.042517 1.031247 -2.535963
v -0.6050882 0.9071665 -2.350258
v -1.042517 0.9071665 -2.350258
v -0.6050882 0.7119875 -2.226178
v -1.042517 0.7119875 -2.226178
v -0.6010146 0.4498253 -2.215209
v -1.042517 0.4498253 -2.21887
v -1.042517 1.074817 -2.755002
v -0.6050882 1.031247 -2.535963
v -0.6050882 1.074817 -2.755002
v -0.6010146 0.4498253 -2.215209
v -0.6050882 1.103624 -3.310426
v -0.6010146 1.103268 -2.215209
v -0.6050882 0.4501815 -3.310426
v 0.02442455 1.713455 0.9751701
v 0.7701223 1.621277 1.664819
v 0.02442455 1.681895 1.664819
v 0.8686514 1.672917 0.9756174
v 0.6937344 1.559638 2.082314
v 0.02442455 1.609574 2.09262
v 0.6537764 1.526877 2.186852
v 0.02442455 1.553224 2.282726
v 0.9730358 1.609895 0.9755335
v 0.87044 1.568624 1.664819
v 0.7826777 1.50811 2.063422
v 0.7395196 1.473301 2.183491
v 1.00252 1.47576 1.164285
v 0.8906672 1.451383 1.664826
v 0.8135736 1.417259 2.049441
v 0.7685571 1.360267 2.170922
v 0.02442455 1.459069 2.336225
v 0.6578567 1.443837 2.247177
v 0.02442455 1.395747 2.303037
v 0.6586952 1.386105 2.26041
v 0.7685571 1.360267 2.170922
v 0.7395196 1.473301 2.183491
v 0.7685571 1.360267 2.170922
v 1.017591 1.484124 0.9508839
v 0.9730358 1.609895 0.8535633
v 0.8686514 1.672917 0.8536472
v 0.02442455 1.713455 0.8532
v 1.01196 1.484124 0.8534164
v -0.6090078 1.443837 2.247177
v -0.6049275 1.526877 2.186852
v -0.6448927 1.559638 2.082314
v -0.7212801 1.621277 1.664819
v -0.8198094 1.672917 0.9756174
v -0.9241939 1.609895 0.9755335
v -0.8215981 1.568624 1.664819
v -0.7338428 1.50811 2.063422
v -0.6906848 1.473301 2.183491
v -0.9536715 1.47576 1.164285
v -0.841825 1.451383 1.664826
v -0.7647386 1.417259 2.049441
v -0.7197151 1.360267 2.170922
v -0.968749 1.484124 0.9508839
v -0.8198094 1.672917 0.8536472
v -0.9241939 1.609895 0.8535633
v -0.9631176 1.484124 0.8534164
v 0.7732244 1.316222 2.375813
v 0.8240819 1.371306 2.422409
v 0.7970078 1.289783 2.42507
v 0.812959 1.387809 2.36652
v 0.9481554 1.36854 2.421109
v 0.965483 1.385595 2.367722
v 0.9865973 1.289755 2.421675
v 1.017081 1.308291 2.371893
v 0.9756699 1.030863 2.419851
v 1.008096 1.008379 2.382122
v 0.7889588 1.012026 2.391932
v 0.8117571 1.037472 2.418608
v 0.8951948 0.958199 2.409308
v 0.8995895 0.9920645 2.422409
v 1.07823 0.7418566 2.179069
v 1.059275 1.027146 2.296679
v 1.087537 0.945909 2.083167
v 1.067296 0.8343773 2.295792
v 1.094042 1.102653 1.866405
v 1.053643 1.369434 2.018349
v 1.082066 1.397675 1.645151
v 1.011373 1.457315 1.664798
v 0.9882393 1.423205 2.029808
v 1.031816 1.440903 1.151771
v 1.083981 1.385085 1.14637
v 0.965483 1.385595 2.367722
v 1.017081 1.308291 2.371893
v 1.046293 1.388508 0.9507232
v 1.072299 0.9436874 0.9329972
v 1.135698 0.9543843 1.114021
v 1.017591 1.484124 0.9508839
v 0.915813 1.457343 1.664812
v 0.8591073 1.430387 2.029954
v 0.8906672 1.451383 1.664826
v 0.8135736 1.417259 2.049441
v 0.812959 1.387809 2.36652
v 1.110748 1.156187 1.599296
v 1.125015 1.104267 1.302905
v 1.148309 1.090929 1.599282
v 1.139142 1.044019 1.79894
v 1.160222 1.041231 1.340012
v 1.1679 0.9212313 1.172809
v 1.173224 0.7119389 1.056735
v 1.121305 0.7216787 0.9997783
v 0.7685571 1.360267 2.170922
v 0.7870235 1.388836 2.292103
v 1.174468 0.4510412 1.029794
v 1.105144 0.4515162 0.9750233
v 1.087837 0.723125 0.9318724
v 1.073158 0.715097 0.8530183
v 1.073137 0.4515162 0.8530531
v 1.073186 0.9436874 0.8529902
v 1.040655 1.388508 0.8532629
v 1.01196 1.484124 0.8534164
v 1.00252 1.47576 1.164285
v 0.7362287 0.8756766 2.347942
v 0.7732244 1.316222 2.375813
v 0.7889588 1.012026 2.391932
v 0.7466881 1.253109 2.296463
v 0.7685571 1.360267 2.170922
v 0.7870235 1.388836 2.292103
v 0.8112121 0.448246 2.404878
v 0.8951948 0.958199 2.409308
v 0.9128156 0.449986 2.418545
v 0.7559597 0.4576225 2.355341
v 1.028225 0.4508662 2.384994
v 1.008096 1.008379 2.382122
v 0.812959 1.387809 2.36652
v 1.076491 0.4481344 2.294779
v 1.078196 0.4500909 2.186272
v 1.124533 0.4524455 2.117165
v 1.124798 0.7211194 2.111372
v 1.129829 0.9131126 2.00179
v 0.791537 0.4582725 2.120295
v 1.028225 0.4508662 2.384994
v 1.076491 0.4481344 2.294779
v 0.9128156 0.449986 2.418545
v 1.078196 0.4500909 2.186272
v 0.8112121 0.448246 2.404878
v 0.7559597 0.4576225 2.355341
v 0.6178007 0.4524455 2.117165
v 1.124533 0.4524455 2.117165
v 0.02442455 0.4557152 2.36179
v 0.6178007 0.4524455 2.117165
v 0.02442455 0.4572034 2.119492
v 0.7559597 0.4576225 2.355341
v 0.6178007 0.4524455 0.9662409
v 0.02442455 0.4572034 0.9685607
v 0.9116907 0.5444489 2.418915
v 1.108078 0.4764943 2.36652
v 0.916826 0.4953032 2.468955
v 1.090981 0.5372524 2.370908
v 0.02442455 0.4953032 2.530405
v 0.02442455 0.5479984 2.480491
v 0.8979056 0.141633 2.431436
v 0.02442455 0.141633 2.492885
v 1.076009 0.1406202 2.331432
v -0.8628416 0.5444489 2.418915
v -0.8679843 0.4953032 2.468955
v -1.059229 0.4764943 2.36652
v -1.042133 0.5372524 2.370908
v -0.8490639 0.141633 2.431436
v -1.02716 0.1406202 2.331432
v 1.124798 0.7211194 2.111372
v 0.6231039 0.9131126 2.00179
v 0.6180594 0.7211194 2.111372
v 1.129829 0.9131126 2.00179
v 0.6324174 1.044019 1.79894
v 1.139142 1.044019 1.79894
v 1.124533 0.4524455 2.117165
v 0.6178007 0.4524455 2.117165
v 1.139142 1.044019 1.79894
v 0.6415842 1.090929 1.599282
v 0.6324174 1.044019 1.79894
v 1.148309 1.090929 1.599282
v 1.148309 1.090929 1.599282
v 0.6534898 1.041231 1.340012
v 0.6415842 1.090929 1.599282
v 1.160222 1.041231 1.340012
v 0.6611686 0.9212313 1.172809
v 1.1679 0.9212313 1.172809
v 0.6664994 0.7119389 1.056735
v 1.173224 0.7119389 1.056735
v 0.6677361 0.4510412 1.029794
v 1.174468 0.4510412 1.029794
v 0.6178007 0.4524455 0.9662409
v 0.6223633 1.120624 2.155872
v 0.6223633 1.120624 1.004941
v 0.6178007 0.4524455 2.117165
v -0.7197151 1.360267 2.170922
v -0.6906848 1.473301 2.183491
v -0.6098461 1.386105 2.26041
v -0.7197151 1.360267 2.170922
v -0.7243896 1.316222 2.375813
v -0.7752399 1.371306 2.422409
v -0.7641239 1.387809 2.36652
v -0.7481728 1.289783 2.42507
v -0.8992996 1.36854 2.421109
v -0.9166408 1.385595 2.367722
v -0.9377484 1.289755 2.421675
v -0.9682322 1.308291 2.371893
v -0.9268208 1.030863 2.419851
v -0.9592543 1.008379 2.382122
v -0.7401237 1.012026 2.391932
v -0.7629223 1.037472 2.418608
v -0.8463459 0.958199 2.409308
v -0.8507476 0.9920645 2.422409
v -1.029388 0.7418566 2.179069
v -1.010426 1.027146 2.296679
v -1.018454 0.8343773 2.295792
v -1.038695 0.945909 2.083167
v -1.045186 1.102653 1.866405
v -1.004787 1.369434 2.018349
v -1.033217 1.397675 1.645151
v -0.9625239 1.457315 1.664798
v -0.9393973 1.423205 2.029808
v -0.9829745 1.440903 1.151771
v -1.035125 1.385085 1.14637
v -0.9166408 1.385595 2.367722
v -0.9682322 1.308291 2.371893
v -0.9974446 1.388508 0.9507232
v -1.023457 0.9436874 0.9329972
v -1.086856 0.9543843 1.114021
v -0.968749 1.484124 0.9508839
v -0.866971 1.457343 1.664812
v -0.8102655 1.430387 2.029954
v -0.841825 1.451383 1.664826
v -0.7647386 1.417259 2.049441
v -0.7641239 1.387809 2.36652
v -1.061899 1.156187 1.599296
v -1.076173 1.104267 1.302905
v -1.09946 1.090929 1.599282
v -1.0903 1.044019 1.79894
v -1.111373 1.041231 1.340012
v -1.119044 0.9212313 1.172809
v -1.124382 0.7119389 1.056735
v -1.072456 0.7216787 0.9997783
v -0.7197151 1.360267 2.170922
v -0.7381887 1.388836 2.292103
v -1.125619 0.4510412 1.029794
v -1.056295 0.4515162 0.9750233
v -1.038989 0.723125 0.9318724
v -1.024316 0.715097 0.8530183
v -1.024295 0.4515162 0.8530531
v -1.024337 0.9436874 0.8529902
v -0.9918132 1.388508 0.8532629
v -0.9631176 1.484124 0.8534164
v -0.9536715 1.47576 1.164285
v -0.6873937 0.8756766 2.347942
v -0.7243896 1.316222 2.375813
v -0.6978531 1.253109 2.296463
v -0.7401237 1.012026 2.391932
v -0.7197151 1.360267 2.170922
v -0.7381887 1.388836 2.292103
v -0.7623773 0.448246 2.404878
v -0.8463459 0.958199 2.409308
v -0.8639736 0.449986 2.418545
v -0.7071247 0.4576225 2.355341
v -0.9793835 0.4508662 2.384994
v -0.9592543 1.008379 2.382122
v -0.7641239 1.387809 2.36652
v -1.027649 0.4481344 2.294779
v -1.029346 0.4500909 2.186272
v -1.075677 0.4524455 2.117165
v -1.075956 0.7211194 2.111372
v -1.08098 0.9131126 2.00179
v -0.742702 0.4582725 2.120295
v -0.9793835 0.4508662 2.384994
v -0.8639736 0.449986 2.418545
v -1.027649 0.4481344 2.294779
v -1.029346 0.4500909 2.186272
v -0.7623773 0.448246 2.404878
v -0.7071247 0.4576225 2.355341
v -0.5689521 0.4524455 2.117165
v -1.075677 0.4524455 2.117165
v 0.02442455 0.4557152 2.36179
v -0.5689521 0.4524455 2.117165
v -0.7071247 0.4576225 2.355341
v 0.02442455 0.4572034 2.119492
v -0.5689521 0.4524455 0.9662409
v 0.02442455 0.4572034 0.9685607
v -1.075956 0.7211194 2.111372
v -0.5742478 0.9131126 2.00179
v -1.08098 0.9131126 2.00179
v -0.5692172 0.7211194 2.111372
v -0.5835686 1.044019 1.79894
v -1.0903 1.044019 1.79894
v -1.075677 0.4524455 2.117165
v -0.5689521 0.4524455 2.117165
v -1.0903 1.044019 1.79894
v -0.5927353 1.090929 1.599282
v -1.09946 1.090929 1.599282
v -0.5835686 1.044019 1.79894
v -1.09946 1.090929 1.599282
v -0.604641 1.041231 1.340012
v -1.111373 1.041231 1.340012
v -0.5927353 1.090929 1.599282
v -0.6123195 0.9212313 1.172809
v -1.119044 0.9212313 1.172809
v -0.6176505 0.7119389 1.056735
v -1.124382 0.7119389 1.056735
v -0.6188874 0.4510412 1.029794
v -1.125619 0.4510412 1.029794
v -0.5689521 0.4524455 0.9662409
v -0.5735145 1.120624 2.155872
v -0.5689521 0.4524455 2.117165
v -0.5735145 1.120624 1.004941
v 0.02442455 1.301486 2.388641
v 0.7685571 1.360267 2.170922
v 0.7466881 1.253109 2.296463
v 0.02442455 1.359617 2.349975
v 0.02442455 1.275516 2.363705
v 0.6991701 1.161336 2.353168
v 0.02442455 1.195746 2.367065
v 0.7362287 0.8756766 2.347942
v 0.02442455 0.8404698 2.37779
v 0.7559597 0.4576225 2.355341
v 0.02442455 0.4557152 2.36179
v 0.02442455 1.395747 2.303037
v -0.7197151 1.360267 2.170922
v -0.6978531 1.253109 2.296463
v -0.7071247 0.4576225 2.355341
v -0.6873937 0.8756766 2.347942
v -0.6503215 1.161336 2.353168
v -1.132648 1.931733 0.6759701
v -1.091132 1.856596 0.6784368
v -1.090713 1.931733 0.6783805
v -1.133067 1.843118 0.676033
v -1.133067 1.843118 0.676033
v -0.9748487 1.845968 0.6795964
v -1.091132 1.856596 0.6784368
v -0.9678826 1.829675 0.6718831
v -0.9943423 1.878751 0.6913133
v -1.092222 1.871876 0.6778917
v -0.988061 1.861759 0.6849694
v -1.092222 1.871876 0.6778917
v -0.9943423 1.878751 0.6913133
v -1.092222 1.886968 0.6778917
v -1.133542 1.931733 0.6802182
v -1.091607 1.855904 0.6826148
v -1.133542 1.842426 0.6802182
v -1.091607 1.931733 0.6826148
v -1.133542 1.842426 0.6802182
v -0.9735632 1.845444 0.6832857
v -0.9665904 1.829144 0.6755857
v -1.091607 1.855904 0.6826148
v -0.9932241 1.878248 0.6950517
v -1.092648 1.87094 0.6821117
v -1.092648 1.886038 0.6821117
v -1.092648 1.87094 0.6821117
v -0.9932241 1.878248 0.6950517
v -0.9869361 1.861256 0.6887074
v -1.192938 1.925668 0.5760784
v -1.047596 2.325954 0.6995163
v -1.192938 2.325954 0.5760784
v -1.047596 1.925668 0.6995163
v -1.174004 2.325954 0.7120647
v -1.047596 1.925668 0.6995163
v -1.174004 1.925668 0.7120647
v -1.047596 2.325954 0.6995163
v -1.192938 2.325954 0.5760784
v -1.192938 1.925668 0.5760784
v -1.192938 2.325954 0.5760784
v -1.047596 2.325954 0.6995163
v -1.174004 2.325954 0.7120647
v -1.192938 1.925668 0.5760784
v -1.174004 1.925668 0.7120647
v -1.047596 1.925668 0.6995163
v -0.9718933 2.379551 0.4966516
v -1.125444 2.377504 0.6476521
v -1.124312 2.362482 0.6485186
v -1.125444 2.377504 0.6476521
v -0.9718933 2.379551 0.4966516
v -0.9646201 2.397234 0.4961205
v -1.154887 2.314118 0.6914392
v -1.126073 2.392448 0.645689
v -1.157682 2.404927 0.676075
v -1.124299 2.315048 0.6602845
v -1.157682 2.404927 0.676075
v -0.9596105 2.412697 0.4806933
v -0.9509606 2.42985 0.4807563
v -1.126073 2.392448 0.645689
v -0.9704962 2.379376 0.5003057
v -1.122552 2.376994 0.6506286
v -0.9632225 2.397067 0.4997745
v -1.122552 2.376994 0.6506286
v -0.9704962 2.379376 0.5003057
v -1.121413 2.361972 0.6514883
v -1.151694 2.314552 0.6940384
v -1.123188 2.392169 0.6485748
v -1.121106 2.315481 0.6628838
v -1.154789 2.404648 0.6789675
v -1.154789 2.404648 0.6789675
v -0.9583735 2.412494 0.4844384
v -1.123188 2.392169 0.6485748
v -0.9497237 2.42964 0.4845014
v -1.084138 1.56353 2.141396
v -1.209706 1.779481 2.141396
v -1.084138 1.779481 2.141396
v -1.209706 1.56353 2.141396
v -1.215799 1.789961 2.099768
v -1.078038 1.789961 2.099768
v -1.078038 1.553042 2.099768
v -1.215799 1.553042 2.099768
v -1.078038 1.789961 2.099768
v -1.215799 1.553042 2.099768
v -1.078038 1.553042 2.099768
v -1.215799 1.789961 2.099768
v -1.12128 1.617176 2.175045
v -1.173598 1.707369 2.175045
v -1.12128 1.707369 2.175045
v -1.173598 1.617176 2.175045
v -1.184721 1.726542 2.140361
v -1.11015 1.726542 2.140361
v -1.11015 1.598003 2.140361
v -1.184721 1.598003 2.140361
v -1.146922 1.621975 2.143946
v -1.131383 1.522419 2.158262
v -1.134304 1.621975 2.157619
v -1.143736 1.520421 2.144651
v -1.106727 1.478513 2.152861
v -1.15618 1.519114 2.15836
v -1.143736 1.520421 2.144651
v -1.159541 1.621975 2.157619
v -1.01125 1.460215 2.190506
v -1.114468 1.470178 2.167617
v -1.008386 1.470856 2.174674
v -0.9354076 1.461221 2.207331
v -0.9300909 1.471422 2.192043
v -1.010538 1.486975 2.185071
v -0.9285326 1.486876 2.203258
v -0.8950305 1.457343 2.19982
v -0.9051895 1.450873 2.214038
v -0.9354076 1.461221 2.207331
v -0.8861294 1.467153 2.212669
v -1.101486 1.491139 2.164892
v -1.131383 1.522419 2.158262
v -0.8861294 1.467153 2.212669
v -0.9338498 1.476676 2.218552
v -0.8962879 1.460683 2.22688
v -0.9051895 1.450873 2.214038
v -1.01125 1.460215 2.190506
v -1.013402 1.476334 2.200903
v -0.9285326 1.486876 2.203258
v -1.010538 1.486975 2.185071
v -1.109235 1.482803 2.179649
v -1.101486 1.491139 2.164892
v -1.114468 1.470178 2.167617
v -1.143834 1.521099 2.17197
v -1.15618 1.519114 2.15836
v -1.159541 1.621975 2.157619
v -1.146922 1.621975 2.171285
v -1.15618 1.519114 2.15836
v -1.131383 1.522419 2.158262
v -1.143834 1.521099 2.17197
v -1.134304 1.621975 2.157619
v -1.15618 1.519114 2.15836
v -1.143736 1.520421 2.144651
v -0.8557363 1.393748 2.218258
v -0.8795614 1.420697 2.242538
v -0.856267 1.423163 2.216868
v -0.8793588 1.393748 2.243865
v -0.8787789 1.428096 2.230765
v -0.8787789 1.428096 2.230765
v -0.866426 1.429619 2.217036
v -0.8793588 1.393748 2.243865
v -0.902688 1.416959 2.21705
v -0.8795614 1.420697 2.242538
v -0.9029884 1.393748 2.218258
v -0.890985 1.425797 2.217189
v -0.8787789 1.428096 2.230765
v -0.9051895 1.450873 2.214038
v -0.8787789 1.428096 2.230765
v -0.9029884 1.393748 2.218258
v -0.8793936 1.419425 2.191373
v -0.902688 1.416959 2.21705
v -0.8793588 1.393748 2.192658
v -0.8786392 1.427313 2.20346
v -0.890985 1.425797 2.217189
v -0.8793936 1.419425 2.191373
v -0.9051895 1.450873 2.214038
v -0.8786392 1.427313 2.20346
v -0.8786392 1.427313 2.20346
v -0.8861294 1.467153 2.212669
v -0.866426 1.429619 2.217036
v -0.8793588 1.393748 2.192658
v -0.856267 1.423163 2.216868
v -0.8793936 1.419425 2.191373
v -0.8557363 1.393748 2.218258
v -0.8793936 1.419425 2.191373
v -0.866426 1.429619 2.217036
v -0.8786392 1.427313 2.20346
v -0.856267 1.423163 2.216868
v -0.866426 1.429619 2.217036
v -0.8962879 1.460683 2.22688
v -0.8861294 1.467153 2.212669
v -0.8787789 1.428096 2.230765
v -0.8787789 1.428096 2.230765
v -0.8962879 1.460683 2.22688
v 1.132987 1.56353 2.141396
v 1.258541 1.779481 2.141396
v 1.258541 1.56353 2.141396
v 1.132987 1.779481 2.141396
v 1.264634 1.789961 2.099768
v 1.126887 1.789961 2.099768
v 1.126887 1.553042 2.099768
v 1.264634 1.553042 2.099768
v 1.126887 1.789961 2.099768
v 1.264634 1.553042 2.099768
v 1.264634 1.789961 2.099768
v 1.126887 1.553042 2.099768
v 1.170122 1.617176 2.175045
v 1.222433 1.707369 2.175045
v 1.222433 1.617176 2.175045
v 1.170122 1.707369 2.175045
v 1.233556 1.726542 2.140361
v 1.158999 1.726542 2.140361
v 1.158999 1.598003 2.140361
v 1.233556 1.598003 2.140361
v 1.192578 1.520421 2.144651
v 1.183139 1.621975 2.157619
v 1.180232 1.522419 2.158262
v 1.195757 1.621975 2.143946
v 1.155568 1.478513 2.152861
v 1.205022 1.519114 2.15836
v 1.192578 1.520421 2.144651
v 1.208375 1.621975 2.157619
v 1.060099 1.460215 2.190506
v 1.057235 1.470856 2.174674
v 0.9842496 1.461221 2.207331
v 0.9789326 1.471422 2.192043
v 1.059387 1.486975 2.185071
v 0.9773746 1.486876 2.203258
v 0.9438794 1.457343 2.19982
v 0.9540312 1.450873 2.214038
v 0.9842496 1.461221 2.207331
v 0.934978 1.467153 2.212669
v 1.16331 1.470178 2.167617
v 1.150342 1.491139 2.164892
v 1.180232 1.522419 2.158262
v 0.9826915 1.476676 2.218552
v 0.934978 1.467153 2.212669
v 0.9451439 1.460683 2.22688
v 0.9540312 1.450873 2.214038
v 1.060099 1.460215 2.190506
v 1.062251 1.476334 2.200903
v 0.9773746 1.486876 2.203258
v 1.059387 1.486975 2.185071
v 1.158084 1.482803 2.179649
v 1.150342 1.491139 2.164892
v 1.16331 1.470178 2.167617
v 1.192669 1.521099 2.17197
v 1.205022 1.519114 2.15836
v 1.205022 1.519114 2.15836
v 1.195757 1.621975 2.171285
v 1.208375 1.621975 2.157619
v 1.180232 1.522419 2.158262
v 1.192669 1.521099 2.17197
v 1.183139 1.621975 2.157619
v 1.192578 1.520421 2.144651
v 1.205022 1.519114 2.15836
v 0.904578 1.393748 2.218258
v 0.9284103 1.420697 2.242538
v 0.9282079 1.393748 2.243865
v 0.9051092 1.423163 2.216868
v 0.9276209 1.428096 2.230765
v 0.9276209 1.428096 2.230765
v 0.9152679 1.429619 2.217036
v 0.9282079 1.393748 2.243865
v 0.951544 1.416959 2.21705
v 0.9518375 1.393748 2.218258
v 0.9284103 1.420697 2.242538
v 0.9398339 1.425797 2.217189
v 0.9276209 1.428096 2.230765
v 0.9276209 1.428096 2.230765
v 0.9540312 1.450873 2.214038
v 0.9518375 1.393748 2.218258
v 0.9282427 1.419425 2.191373
v 0.9282079 1.393748 2.192658
v 0.951544 1.416959 2.21705
v 0.9274812 1.427313 2.20346
v 0.9282427 1.419425 2.191373
v 0.9398339 1.425797 2.217189
v 0.9274812 1.427313 2.20346
v 0.9540312 1.450873 2.214038
v 0.934978 1.467153 2.212669
v 0.9274812 1.427313 2.20346
v 0.9152679 1.429619 2.217036
v 0.9282079 1.393748 2.192658
v 0.9051092 1.423163 2.216868
v 0.904578 1.393748 2.218258
v 0.9282427 1.419425 2.191373
v 0.9282427 1.419425 2.191373
v 0.9152679 1.429619 2.217036
v 0.9051092 1.423163 2.216868
v 0.9274812 1.427313 2.20346
v 0.9152679 1.429619 2.217036
v 0.9451439 1.460683 2.22688
v 0.9276209 1.428096 2.230765
v 0.934978 1.467153 2.212669
v 0.9276209 1.428096 2.230765
v 0.9451439 1.460683 2.22688
v 0.5550864 3.035837 -0.3669991
v 0.4840436 3.03314 0.1197433
v 0.7049205 3.035837 -0.2660873
v 0.3342166 3.03314 0.01883841
v 0.4840436 3.03314 0.1197433
v 0.2867126 3.168588 0.1018147
v 0.4365466 3.168588 0.2027268
v 0.3342166 3.03314 0.01883841
v 0.2867126 3.168588 0.1018147
v 0.5550864 3.035837 -0.3669991
v 0.5550864 3.165891 -0.3669991
v 0.3342166 3.03314 0.01883841
v 0.7049205 3.035837 -0.2660873
v 0.4365466 3.168588 0.2027268
v 0.7049205 3.165891 -0.2660873
v 0.4840436 3.03314 0.1197433
v 0.4365466 3.168588 0.2027268
v 0.5550864 3.165891 -0.3669991
v 0.7049205 3.165891 -0.2660873
v 0.2867126 3.168588 0.1018147
v 0.7049205 3.165891 -0.2660873
v 0.5550864 3.035837 -0.3669991
v 0.7049205 3.035837 -0.2660873
v 0.5550864 3.165891 -0.3669991
v 0.6847074 2.585336 -0.3038166
v 0.512697 2.701514 -0.3038166
v 0.512697 2.585336 -0.3038166
v 0.6847074 2.701514 -0.3038166
v 0.5498252 2.732452 -0.2805922
v 0.647579 2.732452 -0.2805922
v 0.5498252 3.153944 -0.2805922
v 0.647579 3.153944 -0.2805922
v 0.512697 2.585336 -0.3038166
v 0.5986986 2.701514 -0.1424193
v 0.5986986 2.585336 -0.1424193
v 0.512697 2.701514 -0.3038166
v 0.5986986 2.732452 -0.188868
v 0.5498252 2.732452 -0.2805922
v 0.5986986 3.153937 -0.188868
v 0.5498252 3.153944 -0.2805922
v 0.5986986 2.585336 -0.1424193
v 0.6847074 2.701514 -0.3038166
v 0.6847074 2.585336 -0.3038166
v 0.5986986 2.701514 -0.1424193
v 0.647579 2.732452 -0.2805922
v 0.5986986 2.732452 -0.188868
v 0.647579 3.153944 -0.2805922
v 0.5986986 3.153937 -0.188868
v -0.7677989 2.750213 -1.772637
v 0.8166339 2.750213 -1.424599
v 0.8166339 2.750213 -1.772637
v -0.7677989 2.750213 -1.424599
v 0.8166339 2.750213 -1.424599
v -0.6930113 2.953399 -1.500106
v 0.7418463 2.953399 -1.500106
v -0.7677989 2.750213 -1.424599
v -0.6930113 2.953399 -1.500106
v -0.7677989 2.750213 -1.772637
v -0.6930113 2.953399 -1.697123
v -0.7677989 2.750213 -1.424599
v 0.8166339 2.750213 -1.772637
v 0.7418463 2.953399 -1.500106
v 0.7418463 2.953399 -1.697123
v 0.8166339 2.750213 -1.424599
v 0.7418463 2.953399 -1.500106
v -0.6930113 2.953399 -1.697123
v 0.7418463 2.953399 -1.697123
v -0.6930113 2.953399 -1.500106
v 0.7418463 2.953399 -1.697123
v -0.7677989 2.750213 -1.772637
v 0.8166339 2.750213 -1.772637
v -0.6930113 2.953399 -1.697123
v -0.437109 2.651935 -1.446768
v -0.5105133 2.751918 -1.490115
v -0.4425378 2.751918 -1.490115
v -0.5159421 2.651935 -1.446768
v -0.4425378 2.751918 -1.707121
v -0.5159421 2.651935 -1.750461
v -0.437109 2.651935 -1.750461
v -0.5105133 2.751918 -1.707121
v -0.5159421 2.651935 -1.446768
v -0.5105133 2.751918 -1.707121
v -0.5105133 2.751918 -1.490115
v -0.5159421 2.651935 -1.750461
v -0.437109 2.651935 -1.750461
v -0.4425378 2.751918 -1.490115
v -0.4425378 2.751918 -1.707121
v -0.437109 2.651935 -1.446768
v 0.4859581 2.651935 -1.446768
v 0.5593555 2.751918 -1.490115
v 0.5647843 2.651935 -1.446768
v 0.4913869 2.751918 -1.490115
v 0.4913869 2.751918 -1.707121
v 0.5647843 2.651935 -1.750461
v 0.5593555 2.751918 -1.707121
v 0.4859581 2.651935 -1.750461
v 0.5647843 2.651935 -1.446768
v 0.5593555 2.751918 -1.707121
v 0.5647843 2.651935 -1.750461
v 0.5593555 2.751918 -1.490115
v 0.4859581 2.651935 -1.750461
v 0.4913869 2.751918 -1.490115
v 0.4859581 2.651935 -1.446768
v 0.4913869 2.751918 -1.707121
v 1.091366 1.346028 -3.694181
v 1.021678 0.9730601 -3.696941
v 1.091366 0.9344158 -3.695467
v 1.021678 1.357794 -3.695732
v 1.013455 2.468522 -3.697018
v 0.948868 2.406974 -3.698387
v 1.021678 0.9137344 -3.738793
v 1.091366 0.8709536 -3.740246
v 1.021678 0.6451859 -3.737863
v 1.091366 0.5836315 -3.739261
v 0.02442455 2.468655 -3.697018
v 0.948868 2.406974 -3.698387
v 1.013455 2.468522 -3.697018
v 0.02442455 2.407093 -3.698387
v -0.9646058 2.468522 -3.697018
v -0.900012 2.406974 -3.698387
v 1.091366 0.5836315 -3.739261
v 0.02442455 0.6469884 -3.73866
v 0.02442455 0.585546 -3.74012
v 1.021678 0.6451859 -3.737863
v -0.9728298 0.6451859 -3.737863
v -1.042517 0.5836315 -3.739261
v -1.042517 0.9344158 -3.695467
v -0.9728298 1.357794 -3.695732
v -1.042517 1.346028 -3.694181
v -0.9728298 0.9730601 -3.696941
v -0.900012 2.406974 -3.698387
v -0.9646058 2.468522 -3.697018
v -1.042517 0.8709536 -3.740246
v -0.9728298 0.9137344 -3.738793
v -1.042517 0.5836315 -3.739261
v -0.9728298 0.6451859 -3.737863
v 0.9800017 1.346028 -3.704578
v -0.05330467 0.9428697 -3.853133
v -0.05330467 1.346028 -3.853133
v 0.9799666 0.9344158 -3.704592
v 0.9781849 2.468522 -3.704843
v -0.05330467 2.468655 -3.853133
v -0.05310202 0.585546 -3.853112
v 0.979883 0.5835896 -3.704592
v 0.9943597 1.346028 -3.821818
v -0.03894663 0.9428697 -3.97038
v 0.9943247 0.9344158 -3.821832
v -0.03894663 1.346028 -3.97038
v 0.9925432 2.468522 -3.82209
v -0.03894663 2.468655 -3.97038
v -0.03874397 0.585546 -3.970352
v 0.994241 0.5835896 -3.821839
v -0.03894663 1.346028 -3.97038
v -0.05330467 0.9428697 -3.853133
v -0.03894663 0.9428697 -3.97038
v -0.05330467 1.346028 -3.853133
v -0.03894663 2.468655 -3.97038
v -0.05330467 2.468655 -3.853133
v 0.9925432 2.468522 -3.82209
v 0.9781849 2.468522 -3.704843
v 0.9943597 1.346028 -3.821818
v 0.9800017 1.346028 -3.704578
v 0.9943247 0.9344158 -3.821832
v 0.9799666 0.9344158 -3.704592
v 0.994241 0.5835896 -3.821839
v 0.979883 0.5835896 -3.704592
v -0.03874397 0.585546 -3.970352
v -0.05310202 0.585546 -3.853112
v -0.9310827 1.346028 -3.704249
v 0.06271267 0.9428697 -4.044945
v -0.9310551 0.9344158 -3.704249
v 0.06271267 1.346028 -4.044945
v -0.9293361 2.468522 -3.704843
v 0.06271267 2.468655 -4.044945
v 0.06251001 0.585546 -4.044875
v -0.9309711 0.5835896 -3.704277
v -0.9640193 1.346028 -3.817004
v 0.02978325 0.9428697 -4.157699
v 0.02978325 1.346028 -4.157699
v -0.9639912 0.9344158 -3.817011
v -0.9622722 2.468522 -3.817605
v 0.02978325 2.468655 -4.157699
v 0.02958775 0.585546 -4.157636
v -0.9639072 0.5835896 -3.817039
v 0.02978325 1.346028 -4.157699
v 0.06271267 0.9428697 -4.044945
v 0.06271267 1.346028 -4.044945
v 0.02978325 0.9428697 -4.157699
v 0.02978325 2.468655 -4.157699
v 0.06271267 2.468655 -4.044945
v -0.9622722 2.468522 -3.817605
v -0.9293361 2.468522 -3.704843
v -0.9640193 1.346028 -3.817004
v -0.9310827 1.346028 -3.704249
v -0.9639912 0.9344158 -3.817011
v -0.9310551 0.9344158 -3.704249
v -0.9639072 0.5835896 -3.817039
v -0.9309711 0.5835896 -3.704277
v 0.02958775 0.585546 -4.157636
v 0.06251001 0.585546 -4.044875
vt 0.8980753 0.6442538
vt 0.8860441 0.660058
vt 0.8874685 0.6625127
vt 0.8952417 0.6442538
vt 0.8676488 0.660058
vt 0.8662245 0.6625127
vt 0.8584512 0.6442538
vt 0.8556025 0.6442538
vt 0.8676488 0.6284344
vt 0.8662245 0.6259949
vt 0.8860441 0.6284344
vt 0.8874685 0.6259949
vt 0.8768464 0.6442538
vt 0.8980753 0.6442538
vt 0.8860441 0.660058
vt 0.8952417 0.6442538
vt 0.8874685 0.6625127
vt 0.8676488 0.660058
vt 0.8662245 0.6625127
vt 0.8584512 0.6442538
vt 0.8556025 0.6442538
vt 0.8676488 0.6284344
vt 0.8662245 0.6259949
vt 0.8860441 0.6284344
vt 0.8874685 0.6259949
vt 0.8768464 0.6442538
vt 0.8601483 0.8635424
vt 0.8797557 0.8744675
vt 0.855557 0.8720279
vt 0.8805285 0.8655426
vt 0.904606 0.8717855
vt 0.9003178 0.8631485
vt 0.9235469 0.8626939
vt 0.9188343 0.8555873
vt 0.9353507 0.8430713
vt 0.9406844 0.8477534
vt 0.9503064 0.8253881
vt 0.9557158 0.8293733
vt 0.8414348 0.8574359
vt 0.8368587 0.8654971
vt 0.8232062 0.8467988
vt 0.8183271 0.853966
vt 0.8067959 0.8304188
vt 0.8006136 0.8359041
vt 0.880271 0.8608907
vt 0.8612544 0.8591482
vt 0.8990147 0.8587391
vt 0.9165009 0.8516325
vt 0.9321232 0.839768
vt 0.9469122 0.822297
vt 0.8259791 0.8431319
vt 0.8430561 0.8531477
vt 0.8098567 0.8269944
vt 0.8554964 0.6875296
vt 0.875119 0.6984547
vt 0.8758767 0.6895298
vt 0.8509203 0.6960151
vt 0.8999542 0.6957726
vt 0.8956811 0.6871357
vt 0.9189101 0.6866811
vt 0.9141977 0.6795745
vt 0.9306989 0.6670585
vt 0.9360477 0.6717406
vt 0.9456697 0.6493753
vt 0.951064 0.6533605
vt 0.8367829 0.6814231
vt 0.832222 0.6894843
vt 0.8185695 0.670786
vt 0.8136904 0.6779532
vt 0.8021592 0.654406
vt 0.7959769 0.6598912
vt 0.8756191 0.6848628
vt 0.8566177 0.6831354
vt 0.9118642 0.6756197
vt 0.894378 0.6827111
vt 0.8384194 0.6771349
vt 0.8213273 0.6671039
vt 0.8052049 0.6509815
vt 0.9274865 0.6637552
vt 0.9422755 0.6462842
vt 0.9242439 0.6199944
vt 0.9856725 0.5283211
vt 0.9233195 0.5254724
vt 0.9871272 0.6231158
vt 0.8391467 0.5246693
vt 0.8383588 0.6190095
vt 0.7524738 0.6185549
vt 0.7549739 0.5240632
vt 0.6925906 0.5258815
vt 0.6895449 0.6206308
vt 0.7070311 0.3329281
vt 0.6979547 0.331034
vt 0.6980001 0.3332463
vt 0.7069705 0.3305643
vt 0.7135012 0.3293521
vt 0.7140922 0.3320947
vt 0.7140771 0.3152298
vt 0.7134861 0.315245
vt 0.7136679 0.2938646
vt 0.7130769 0.2939404
vt 0.7127436 0.2717266
vt 0.7121981 0.2726055
vt 0.7057734 0.2715296
vt 0.6969243 0.2725449
vt 0.6969091 0.2714387
vt 0.6889691 0.3332463
vt 0.6889389 0.3308825
vt 0.6823778 0.3298824
vt 0.6818777 0.3326553
vt 0.6880448 0.2718327
vt 0.6813019 0.3158056
vt 0.6818929 0.3157904
vt 0.6816807 0.273151
vt 0.6810898 0.2722721
vt 0.6815444 0.294501
vt 0.6809534 0.2944404
vt 0.4588918 0.6060389
vt 0.5128199 0.5861132
vt 0.458816 0.5864162
vt 0.5117289 0.6038721
vt 0.3902201 0.6063116
vt 0.3901443 0.5866738
vt 0.3214575 0.5869314
vt 0.3215333 0.606554
vt 0.2674536 0.5870223
vt 0.268681 0.6047812
vt 0.1693859 0.6392837
vt 0.008737801 0.6209642
vt 0.008798411 0.639511
vt 0.1693404 0.6204793
vt 0.1694465 0.658179
vt 0.008813564 0.6583912
vt 0.329943 0.6200702
vt 0.3299884 0.638617
vt 0.3300794 0.6574972
vt 0.923365 0.03870968
vt 0.9931731 0.01458671
vt 0.9231983 0.0150716
vt 0.9646559 0.03817934
vt 0.9933398 0.03798235
vt 0.9648529 0.1044872
vt 0.9238347 0.1050933
vt 0.993961 0.1251402
vt 0.924562 0.2082826
vt 0.9945368 0.2077826
vt 0.9938095 0.1040629
vt 0.9657469 0.2961527
vt 0.9951429 0.2908189
vt 0.9251984 0.2971527
vt 0.9231225 0.004237473
vt 0.9930974 0.003752589
vt 0.8532235 0.01557163
vt 0.8820893 0.03877029
vt 0.8540115 0.1261251
vt 0.8545873 0.2087675
vt 0.8828166 0.105063
vt 0.8538599 0.1050478
vt 0.8533902 0.03896727
vt 0.8846198 0.2967285
vt 0.8551782 0.2918039
vt 0.8531477 0.004737509
vt 0.3441107 0.3016531
vt 0.1719921 0.2696507
vt 0.1719921 0.3019561
vt 0.3418984 0.2696507
vt 0.3516718 0.3789466
vt 0.1719921 0.3789466
vt 0.1719921 0.4347385
vt 0.3854319 0.3013652
vt 0.40063 0.3252002
vt 0.4233589 0.3403377
vt 0.4501487 0.3456108
vt 0.448285 0.3789466
vt 0.5650207 0.3789466
vt 0.5656117 0.5162141
vt 0.3694913 0.5162141
vt 0.4769234 0.3402316
vt 0.4995917 0.3250335
vt 0.5147292 0.3011379
vt 0.5650965 0.3282459
vt 0.1719921 0.5162141
vt 0.5751427 0.3204726
vt 0.5751427 0.2853488
vt 0.5651874 0.2690446
vt 0.5179264 0.2691355
vt 0.5870678 0.2690143
vt 0.586992 0.2853186
vt 0.3758858 0.5577626
vt 0.5172142 0.5756276
vt 0.5171081 0.556808
vt 0.3760221 0.5765822
vt 0.196403 0.5589748
vt 0.1962363 0.5778095
vt 0.008525664 0.5790672
vt 0.00775288 0.5602628
vt 0.440542 0.7031065
vt 0.3519295 0.6667251
vt 0.3481868 0.7031065
vt 0.4405571 0.66671
vt 0.5531865 0.66671
vt 0.5538078 0.7031065
vt 0.6724528 0.7031065
vt 0.6715891 0.66671
vt 0.6726195 0.7505797
vt 0.5543684 0.7505797
vt 0.440542 0.7505797
vt 0.3475655 0.7505797
vt 0.5538078 0.7980528
vt 0.6724528 0.7980528
vt 0.5531865 0.8344494
vt 0.6715891 0.8344494
vt 0.440542 0.798068
vt 0.4405571 0.8344494
vt 0.3519295 0.8344343
vt 0.3481868 0.798068
vt 0.06934828 0.6086603
vt 0.01496553 0.5892346
vt 0.01626865 0.6071299
vt 0.06919675 0.5888709
vt 0.1384291 0.5883709
vt 0.1385806 0.6081602
vt 0.2077978 0.6076602
vt 0.2076614 0.5878557
vt 0.2618926 0.5874314
vt 0.2608471 0.6053419
vt 0.09894133 0.8318735
vt 0.108245 0.8581481
vt 0.1083057 0.831828
vt 0.09906255 0.8581784
vt 0.07339402 0.8339191
vt 0.07351524 0.8582997
vt 0.1100785 0.831828
vt 0.1100634 0.858133
vt 0.1166093 0.8317977
vt 0.1166851 0.8581178
vt 0.3844773 0.2696507
vt 0.7396547 0.2588621
vt 0.7025156 0.2244202
vt 0.7025156 0.2588621
vt 0.7396547 0.2244202
vt 0.6521786 0.2244202
vt 0.6521786 0.2588621
vt 0.6521786 0.1767652
vt 0.7025156 0.1767652
vt 0.6521786 0.1568395
vt 0.7025156 0.1568395
vt 0.7396547 0.1767652
vt 0.7396547 0.1568395
vt 0.601781 0.2588621
vt 0.601781 0.2244202
vt 0.5645055 0.2588621
vt 0.5645055 0.2244202
vt 0.601781 0.1767652
vt 0.601781 0.1568395
vt 0.5645055 0.1767652
vt 0.5645055 0.1568395
vt 0.9756415 0.01881429
vt 0.9099549 0.0550139
vt 0.9756415 0.0550139
vt 0.9099549 0.01881429
vt 0.9099549 0.08683439
vt 0.9756415 0.08683439
vt 0.9099549 0.1175639
vt 0.9756415 0.1175639
vt 0.9099549 0.1482934
vt 0.9756415 0.1474449
vt 0.9099549 0.147854
vt 0.9756415 0.147854
vt 0.9099549 0.2115101
vt 0.9756415 0.2115101
vt 0.9099549 0.2416335
vt 0.9756415 0.2416335
vt 0.9099549 0.2782726
vt 0.9756415 0.2782726
vt 0.9099549 0.147854
vt 0.9756415 0.1474449
vt 0.9099549 0.1482934
vt 0.8594816 0.2636352
vt 0.9882485 0.04269482
vt 0.8594816 0.04269482
vt 0.9882485 0.2636352
vt 0.1719921 0.3019561
vt 0.007298302 0.2696507
vt 0.1719921 0.2696507
vt 0.007464981 0.302244
vt 0.3441107 0.3016531
vt 0.3418984 0.2696507
vt 0.1719921 0.3789466
vt 0.007843796 0.3789466
vt 0.3516718 0.3789466
vt 0.1719921 0.4347385
vt 0.3854319 0.3013652
vt 0.40063 0.3252002
vt 0.4233589 0.3403377
vt 0.4501487 0.3456108
vt 0.448285 0.3789466
vt 0.5650207 0.3789466
vt 0.5656117 0.5162141
vt 0.3694913 0.5162141
vt 0.4769234 0.3402316
vt 0.4995917 0.3250335
vt 0.5147292 0.3011379
vt 0.5650965 0.3282459
vt 0.1719921 0.5162141
vt 0.04751335 0.5162141
vt 0.008268069 0.4347385
vt 0.5751427 0.3204726
vt 0.5751427 0.2853488
vt 0.5651874 0.2690446
vt 0.5179264 0.2691355
vt 0.5870678 0.2690143
vt 0.586992 0.2853186
vt 0.3758858 0.5318062
vt 0.5172142 0.5496711
vt 0.3760221 0.5506257
vt 0.5171081 0.5308364
vt 0.196403 0.5330184
vt 0.1962363 0.5518531
vt 0.008525664 0.5531108
vt 0.00775288 0.5342912
vt 0.09118319 0.8325099
vt 0.08186433 0.85883
vt 0.09106197 0.8588755
vt 0.08178857 0.8324645
vt 0.116776 0.8345555
vt 0.1166699 0.8589815
vt 0.08003087 0.8324645
vt 0.08003087 0.8588148
vt 0.07346979 0.8324341
vt 0.07340918 0.8587997
vt 0.3844773 0.2696507
vt 0.9756415 0.01881429
vt 0.9099549 0.0550139
vt 0.9099549 0.01881429
vt 0.9756415 0.0550139
vt 0.9099549 0.08683439
vt 0.9756415 0.08683439
vt 0.9099549 0.1175639
vt 0.9756415 0.1175639
vt 0.9099549 0.1482934
vt 0.9756415 0.1474449
vt 0.9099549 0.147854
vt 0.9756415 0.147854
vt 0.9099549 0.2115101
vt 0.9756415 0.2115101
vt 0.9099549 0.2416335
vt 0.9756415 0.2416335
vt 0.9099549 0.2782726
vt 0.9756415 0.2782726
vt 0.9756415 0.1474449
vt 0.9099549 0.147854
vt 0.9099549 0.1482934
vt 0.8594816 0.2636352
vt 0.9882485 0.04269482
vt 0.9882485 0.2636352
vt 0.8594816 0.04269482
vt 0.8428137 0.4977885
vt 0.9426846 0.4085548
vt 0.8420106 0.4116914
vt 0.958019 0.4947732
vt 0.9314413 0.3559752
vt 0.8415105 0.3582329
vt 0.9263803 0.3420348
vt 0.8412833 0.3340039
vt 0.9741717 0.4935155
vt 0.957822 0.407191
vt 0.9452757 0.3567177
vt 0.9401692 0.3406256
vt 0.9870514 0.4669984
vt 0.972217 0.4029029
vt 0.9573371 0.3541417
vt 0.9543521 0.336004
vt 0.841162 0.3205635
vt 0.9271683 0.3289884
vt 0.8410711 0.311578
vt 0.9282593 0.321503
vt 0.9472455 0.3239577
vt 0.9390934 0.3366404
vt 0.9452302 0.312472
vt 0.9912487 0.4942428
vt 0.97549 0.5087439
vt 0.958807 0.5101834
vt 0.8429652 0.5130776
vt 0.9921882 0.5066226
vt 0.7553073 0.3305946
vt 0.7563528 0.3436258
vt 0.7515494 0.3576571
vt 0.7413063 0.4104488
vt 0.727578 0.4969248
vt 0.7114102 0.4959702
vt 0.7261385 0.409373
vt 0.7377303 0.3586572
vt 0.7425336 0.3424742
vt 0.6980304 0.4697108
vt 0.7116678 0.4053576
vt 0.7256233 0.3563237
vt 0.728275 0.3381254
vt 0.6943483 0.4970309
vt 0.7270931 0.5123654
vt 0.7103798 0.5112289
vt 0.6936513 0.5094258
vt 0.6184791 0.9620951
vt 0.6354198 0.9678076
vt 0.6285253 0.952852
vt 0.6297527 0.9782175
vt 0.6623763 0.9677773
vt 0.6691344 0.977172
vt 0.6718163 0.9530489
vt 0.6828929 0.9605343
vt 0.6681798 0.9002572
vt 0.6781502 0.8939689
vt 0.6247069 0.8952872
vt 0.6317831 0.9013331
vt 0.6504209 0.8844834
vt 0.6512997 0.8921203
vt 0.7805516 0.675953
vt 0.7698538 0.7181531
vt 0.7986135 0.7043945
vt 0.7656869 0.6910905
vt 0.8291612 0.7282296
vt 0.8047655 0.766793
vt 0.8571783 0.7740057
vt 0.852375 0.7876278
vt 0.8004621 0.7791424
vt 0.9265622 0.79181
vt 0.9282896 0.7803546
vt 0.7526404 0.7685204
vt 0.7550648 0.7555952
vt 0.9565492 0.7855368
vt 0.968444 0.7215472
vt 0.9406693 0.7181985
vt 0.9551401 0.8000833
vt 0.8493748 0.8024168
vt 0.7946889 0.7985983
vt 0.8485717 0.8063565
vt 0.7897795 0.8048412
vt 0.7445641 0.7893401
vt 0.8672094 0.7395183
vt 0.9107732 0.7366847
vt 0.8685883 0.7283962
vt 0.840465 0.7188804
vt 0.906288 0.7255476
vt 0.9320474 0.7113344
vt 0.9516701 0.6830596
vt 0.96258 0.6872721
vt 0.7690356 0.8074172
vt 0.7538072 0.7967346
vt 0.962383 0.646754
vt 0.9754446 0.6498602
vt 0.9734444 0.6898025
vt 0.9851422 0.6908329
vt 0.9933853 0.6537241
vt 0.9798994 0.7232595
vt 0.9705957 0.7872945
vt 0.9691713 0.8017652
vt 0.9240469 0.7984468
vt 0.709016 0.7163802
vt 0.7402911 0.777218
vt 0.7250627 0.732048
vt 0.7255476 0.772157
vt 0.715259 0.794098
vt 0.733336 0.7915675
vt 0.7046975 0.6515118
vt 0.7372909 0.7177743
vt 0.7203957 0.646754
vt 0.694409 0.6563153
vt 0.7389424 0.6415414
vt 0.755474 0.7177894
vt 0.7445641 0.7893401
vt 0.7539738 0.6377533
vt 0.769672 0.6349955
vt 0.7818395 0.6327226
vt 0.7920372 0.6709224
vt 0.8113114 0.6981213
vt 0.9527611 0.2011306
vt 0.9139249 0.1609155
vt 0.9059698 0.1745832
vt 0.932896 0.1558546
vt 0.9056667 0.191039
vt 0.9495942 0.1579305
vt 0.9587464 0.1655068
vt 0.9813238 0.2017064
vt 0.8980449 0.2015246
vt 0.9707321 0.05180154
vt 0.8730886 0.0885921
vt 0.9706109 0.0885618
vt 0.8735432 0.05237734
vt 0.8725128 0.2636352
vt 0.9700351 0.2636352
vt 0.3190331 0.9929458
vt 0.3502778 0.9800964
vt 0.3176239 0.9828542
vt 0.3475655 0.988991
vt 0.1788714 0.9840057
vt 0.1789472 0.9945217
vt 0.315351 0.9316232
vt 0.178432 0.9326535
vt 0.3466412 0.9306383
vt 0.03949761 0.9952338
vt 0.04075528 0.9851422
vt 0.007965017 0.9829602
vt 0.01082886 0.9917791
vt 0.04211902 0.9339263
vt 0.01073795 0.9335021
vt 0.9756415 0.2416335
vt 0.9099549 0.2115101
vt 0.9099549 0.2416335
vt 0.9756415 0.2115101
vt 0.9099549 0.147854
vt 0.9756415 0.147854
vt 0.9756415 0.2782726
vt 0.9099549 0.2782726
vt 0.9756415 0.147854
vt 0.9099549 0.1506421
vt 0.9099549 0.147854
vt 0.9756415 0.1506421
vt 0.9756415 0.1506421
vt 0.9099549 0.1175639
vt 0.9099549 0.1506421
vt 0.9756415 0.1175639
vt 0.9099549 0.08683439
vt 0.9756415 0.08683439
vt 0.9099549 0.0550139
vt 0.9756415 0.0550139
vt 0.9099549 0.01881429
vt 0.9756415 0.01881429
vt 0.9882485 0.2636352
vt 0.8594816 0.04269482
vt 0.8594816 0.2636352
vt 0.9882485 0.04269482
vt 0.7351543 0.3259427
vt 0.7435489 0.3384739
vt 0.7540951 0.3231395
vt 0.7369575 0.3144267
vt 0.6184791 0.9620951
vt 0.6354198 0.9678076
vt 0.6297527 0.9782175
vt 0.6285253 0.952852
vt 0.6623763 0.9677773
vt 0.6691344 0.977172
vt 0.6718163 0.9530489
vt 0.6828929 0.9605343
vt 0.6681798 0.9002572
vt 0.6781502 0.8939689
vt 0.6247069 0.8952872
vt 0.6317831 0.9013331
vt 0.6504209 0.8844834
vt 0.6512997 0.8921203
vt 0.7839457 0.8612544
vt 0.773248 0.9034544
vt 0.7690811 0.8763919
vt 0.8020077 0.8896959
vt 0.8325554 0.9135309
vt 0.8081596 0.9520944
vt 0.8605574 0.959307
vt 0.8557692 0.9729444
vt 0.8038563 0.9644437
vt 0.9299412 0.9771265
vt 0.9316838 0.9656711
vt 0.7560195 0.9538218
vt 0.758459 0.9408966
vt 0.9599434 0.9708381
vt 0.971823 0.9068486
vt 0.9440635 0.9034999
vt 0.9585342 0.9853846
vt 0.852769 0.9877182
vt 0.7980831 0.9838997
vt 0.8519658 0.9916579
vt 0.7931737 0.9901426
vt 0.7479431 0.9746414
vt 0.8705884 0.9248196
vt 0.9141522 0.9219861
vt 0.8719825 0.9136976
vt 0.8438592 0.9041818
vt 0.909667 0.9108489
vt 0.9354416 0.8966358
vt 0.9550491 0.868361
vt 0.965959 0.8725734
vt 0.7724298 0.9927185
vt 0.7572014 0.9820359
vt 0.9657772 0.8320705
vt 0.9788387 0.8351616
vt 0.9768386 0.8751039
vt 0.9885364 0.8761343
vt 0.9967794 0.8390255
vt 0.9832936 0.908576
vt 0.9739748 0.9725959
vt 0.9725504 0.9870666
vt 0.9274259 0.9837482
vt 0.7124102 0.9016816
vt 0.7436852 0.9625193
vt 0.7289417 0.9574584
vt 0.7284569 0.9173494
vt 0.7186531 0.9794145
vt 0.7367302 0.9768841
vt 0.7080917 0.8368132
vt 0.740685 0.9030756
vt 0.7237899 0.8320553
vt 0.6978031 0.8416166
vt 0.7423366 0.8268428
vt 0.758853 0.9030908
vt 0.7479431 0.9746414
vt 0.757368 0.8230547
vt 0.773051 0.8202969
vt 0.7852337 0.818024
vt 0.7954163 0.8562238
vt 0.8147056 0.8834378
vt 0.9527611 0.2011306
vt 0.9139249 0.1609155
vt 0.932896 0.1558546
vt 0.9059698 0.1745832
vt 0.9056667 0.191039
vt 0.9495942 0.1579305
vt 0.9587464 0.1655068
vt 0.9813238 0.2017064
vt 0.8980449 0.2015246
vt 0.9707321 0.05180154
vt 0.8730886 0.0885921
vt 0.8735432 0.05237734
vt 0.9706109 0.0885618
vt 0.8725128 0.2636352
vt 0.9700351 0.2636352
vt 0.9756415 0.2416335
vt 0.9099549 0.2115101
vt 0.9756415 0.2115101
vt 0.9099549 0.2416335
vt 0.9099549 0.147854
vt 0.9756415 0.147854
vt 0.9756415 0.2782726
vt 0.9099549 0.2782726
vt 0.9756415 0.147854
vt 0.9099549 0.1506421
vt 0.9756415 0.1506421
vt 0.9099549 0.147854
vt 0.9756415 0.1506421
vt 0.9099549 0.1175639
vt 0.9756415 0.1175639
vt 0.9099549 0.1506421
vt 0.9099549 0.08683439
vt 0.9756415 0.08683439
vt 0.9099549 0.0550139
vt 0.9756415 0.0550139
vt 0.9099549 0.01881429
vt 0.9756415 0.01881429
vt 0.9882485 0.2636352
vt 0.8594816 0.04269482
vt 0.9882485 0.04269482
vt 0.8594816 0.2636352
vt 0.4798478 0.8716188
vt 0.3640364 0.8536781
vt 0.3695368 0.8766646
vt 0.4798933 0.861906
vt 0.4798478 0.876604
vt 0.3777798 0.8912414
vt 0.4798478 0.8877715
vt 0.3705975 0.9311686
vt 0.4796963 0.9377145
vt 0.366779 0.9905517
vt 0.4794084 0.9923094
vt 0.4799236 0.8535872
vt 0.5968412 0.8542994
vt 0.591159 0.8774526
vt 0.5924621 0.9919609
vt 0.5893861 0.9323202
vt 0.5826584 0.8920748
vt 0.4279956 0.3191998
vt 0.4279198 0.3195029
vt 0.4279198 0.3195029
vt 0.4279956 0.3191998
vt 0.4279956 0.3191998
vt 0.4279653 0.3238971
vt 0.4279198 0.3195029
vt 0.4279956 0.3242002
vt 0.4281774 0.3232304
vt 0.4279501 0.3194726
vt 0.4281774 0.323488
vt 0.4279501 0.3194726
vt 0.4281774 0.3232304
vt 0.4279501 0.3194726
vt 0.4279956 0.3191998
vt 0.4279198 0.3195029
vt 0.4279956 0.3191998
vt 0.4279198 0.3195029
vt 0.4279956 0.3191998
vt 0.4279653 0.3238971
vt 0.4279956 0.3242002
vt 0.4279198 0.3195029
vt 0.4281774 0.3232304
vt 0.4279501 0.3194726
vt 0.4279501 0.3194726
vt 0.4279501 0.3194726
vt 0.4281774 0.3232304
vt 0.4281774 0.323488
vt 0.8440562 0.2567862
vt 0.8315401 0.2818486
vt 0.8440562 0.2818486
vt 0.8315401 0.2567862
vt 0.4143128 0.2714539
vt 0.4294048 0.3104416
vt 0.4143128 0.3104416
vt 0.4294048 0.2714539
vt 0.3992056 0.2714539
vt 0.3992056 0.3104416
vt 0.4513761 0.3104416
vt 0.4294048 0.3104416
vt 0.4403904 0.320806
vt 0.4513761 0.3104416
vt 0.4403904 0.320806
vt 0.4294048 0.3104416
vt 0.4212224 0.3232304
vt 0.4209799 0.3194726
vt 0.4209799 0.3194726
vt 0.4209799 0.3194726
vt 0.4212224 0.3232304
vt 0.4212224 0.323488
vt 0.4210254 0.3191998
vt 0.4209648 0.3195029
vt 0.4210254 0.3191998
vt 0.4209648 0.3195029
vt 0.4210254 0.3191998
vt 0.4210102 0.3238971
vt 0.4210254 0.3242002
vt 0.4209648 0.3195029
vt 0.4212224 0.3232304
vt 0.4209799 0.3194726
vt 0.4212224 0.323488
vt 0.4209799 0.3194726
vt 0.4212224 0.3232304
vt 0.4209799 0.3194726
vt 0.4210254 0.3191998
vt 0.4209648 0.3195029
vt 0.4209648 0.3195029
vt 0.4210254 0.3191998
vt 0.4210254 0.3191998
vt 0.4210102 0.3238971
vt 0.4209648 0.3195029
vt 0.4210254 0.3242002
vt 0.7748997 0.286455
vt 0.8144783 0.2631503
vt 0.8137358 0.286061
vt 0.7757482 0.2635594
vt 0.8198575 0.2573619
vt 0.8196756 0.2921372
vt 0.7696265 0.2923191
vt 0.7698387 0.2575135
vt 0.8295248 0.2358301
vt 0.8455866 0.2613471
vt 0.8295248 0.2613471
vt 0.8455866 0.2358301
vt 0.7889158 0.1248978
vt 0.8154329 0.1086996
vt 0.8146449 0.1233219
vt 0.7897492 0.11023
vt 0.8238881 0.1010476
vt 0.8244336 0.1310194
vt 0.7804455 0.1325195
vt 0.7800061 0.102487
vt 0.8378285 0.2087827
vt 0.8333887 0.1709769
vt 0.8342221 0.2087827
vt 0.8369193 0.1702193
vt 0.8263579 0.1542939
vt 0.840465 0.1697192
vt 0.8369193 0.1702193
vt 0.8414196 0.2087827
vt 0.7991135 0.1473388
vt 0.828555 0.151127
vt 0.7982953 0.1513845
vt 0.7774756 0.1477328
vt 0.7759603 0.1515967
vt 0.7989165 0.1575062
vt 0.7755057 0.1574759
vt 0.7659596 0.1462478
vt 0.7688537 0.1437931
vt 0.7774756 0.1477328
vt 0.763414 0.1499754
vt 0.8248578 0.1590972
vt 0.8333887 0.1709769
vt 0.763414 0.1499754
vt 0.777021 0.1535968
vt 0.7663081 0.1475206
vt 0.7688537 0.1437931
vt 0.7991135 0.1473388
vt 0.7997348 0.1534605
vt 0.7755057 0.1574759
vt 0.7989165 0.1575062
vt 0.8270701 0.1559303
vt 0.8248578 0.1590972
vt 0.828555 0.151127
vt 0.8369344 0.1704769
vt 0.840465 0.1697192
vt 0.8414196 0.2087827
vt 0.8378285 0.2087827
vt 0.840465 0.1697192
vt 0.8333887 0.1709769
vt 0.8369344 0.1704769
vt 0.8342221 0.2087827
vt 0.840465 0.1697192
vt 0.8369193 0.1702193
vt 0.7547315 0.1220945
vt 0.761535 0.1323377
vt 0.7548982 0.1332772
vt 0.7614744 0.1220945
vt 0.7613077 0.1351409
vt 0.7613077 0.1351409
vt 0.7577924 0.1357167
vt 0.7614744 0.1220945
vt 0.7681416 0.1309134
vt 0.761535 0.1323377
vt 0.7682173 0.1220945
vt 0.7647929 0.1342772
vt 0.7613077 0.1351409
vt 0.7688537 0.1437931
vt 0.7613077 0.1351409
vt 0.7682173 0.1220945
vt 0.7614896 0.1318528
vt 0.7681416 0.1309134
vt 0.7614744 0.1220945
vt 0.7612774 0.134853
vt 0.7647929 0.1342772
vt 0.7614896 0.1318528
vt 0.7688537 0.1437931
vt 0.7612774 0.134853
vt 0.7612774 0.134853
vt 0.763414 0.1499754
vt 0.7577924 0.1357167
vt 0.7614744 0.1220945
vt 0.7548982 0.1332772
vt 0.7614896 0.1318528
vt 0.7547315 0.1220945
vt 0.7614896 0.1318528
vt 0.7577924 0.1357167
vt 0.7612774 0.134853
vt 0.7548982 0.1332772
vt 0.7577924 0.1357167
vt 0.7663081 0.1475206
vt 0.763414 0.1499754
vt 0.7613077 0.1351409
vt 0.7613077 0.1351409
vt 0.7663081 0.1475206
vt 0.7748997 0.286455
vt 0.8144783 0.2631503
vt 0.7757482 0.2635594
vt 0.8137358 0.286061
vt 0.8198575 0.2573619
vt 0.8196756 0.2921372
vt 0.7696265 0.2923191
vt 0.7698387 0.2575135
vt 0.8295248 0.2358301
vt 0.8455866 0.2613471
vt 0.8455866 0.2358301
vt 0.8295248 0.2613471
vt 0.7889158 0.1248978
vt 0.8154329 0.1086996
vt 0.7897492 0.11023
vt 0.8146449 0.1233219
vt 0.8238881 0.1010476
vt 0.8244336 0.1310194
vt 0.7804455 0.1325195
vt 0.7800061 0.102487
vt 0.8369193 0.1702193
vt 0.8342221 0.2087827
vt 0.8333887 0.1709769
vt 0.8378285 0.2087827
vt 0.8263579 0.1542939
vt 0.840465 0.1697192
vt 0.8369193 0.1702193
vt 0.8414196 0.2087827
vt 0.7991135 0.1473388
vt 0.7982953 0.1513845
vt 0.7774756 0.1477328
vt 0.7759603 0.1515967
vt 0.7989165 0.1575062
vt 0.7755057 0.1574759
vt 0.7659596 0.1462478
vt 0.7688537 0.1437931
vt 0.7774756 0.1477328
vt 0.763414 0.1499754
vt 0.828555 0.151127
vt 0.8248578 0.1590972
vt 0.8333887 0.1709769
vt 0.777021 0.1535968
vt 0.763414 0.1499754
vt 0.7663081 0.1475206
vt 0.7688537 0.1437931
vt 0.7991135 0.1473388
vt 0.7997348 0.1534605
vt 0.7755057 0.1574759
vt 0.7989165 0.1575062
vt 0.8270701 0.1559303
vt 0.8248578 0.1590972
vt 0.828555 0.151127
vt 0.8369344 0.1704769
vt 0.840465 0.1697192
vt 0.840465 0.1697192
vt 0.8378285 0.2087827
vt 0.8414196 0.2087827
vt 0.8333887 0.1709769
vt 0.8369344 0.1704769
vt 0.8342221 0.2087827
vt 0.8369193 0.1702193
vt 0.840465 0.1697192
vt 0.7547315 0.1220945
vt 0.761535 0.1323377
vt 0.7614744 0.1220945
vt 0.7548982 0.1332772
vt 0.7613077 0.1351409
vt 0.7613077 0.1351409
vt 0.7577924 0.1357167
vt 0.7614744 0.1220945
vt 0.7681416 0.1309134
vt 0.7682173 0.1220945
vt 0.761535 0.1323377
vt 0.7647929 0.1342772
vt 0.7613077 0.1351409
vt 0.7613077 0.1351409
vt 0.7688537 0.1437931
vt 0.7682173 0.1220945
vt 0.7614896 0.1318528
vt 0.7614744 0.1220945
vt 0.7681416 0.1309134
vt 0.7612774 0.134853
vt 0.7614896 0.1318528
vt 0.7647929 0.1342772
vt 0.7612774 0.134853
vt 0.7688537 0.1437931
vt 0.763414 0.1499754
vt 0.7612774 0.134853
vt 0.7577924 0.1357167
vt 0.7614744 0.1220945
vt 0.7548982 0.1332772
vt 0.7547315 0.1220945
vt 0.7614896 0.1318528
vt 0.7614896 0.1318528
vt 0.7577924 0.1357167
vt 0.7548982 0.1332772
vt 0.7612774 0.134853
vt 0.7577924 0.1357167
vt 0.7663081 0.1475206
vt 0.7613077 0.1351409
vt 0.763414 0.1499754
vt 0.7613077 0.1351409
vt 0.7663081 0.1475206
vt 0.5841585 0.6256615
vt 0.532685 0.6472843
vt 0.5841433 0.647254
vt 0.5327002 0.6256918
vt 0.6313437 0.621146
vt 0.5963412 0.6516786
vt 0.6313892 0.6516634
vt 0.5963563 0.621146
vt 0.3529295 0.6474661
vt 0.4506033 0.62551
vt 0.4506033 0.6470267
vt 0.3702187 0.6250706
vt 0.4502699 0.62551
vt 0.3525962 0.6474661
vt 0.4502699 0.6470267
vt 0.3698853 0.6250706
vt 0.5247602 0.6483904
vt 0.4571492 0.6253887
vt 0.4571795 0.6483904
vt 0.524745 0.6253887
vt 0.6356471 0.6502239
vt 0.6748772 0.6231462
vt 0.6358138 0.6229037
vt 0.6747105 0.6504663
vt 0.5473376 0.6081754
vt 0.5302606 0.5885679
vt 0.5249724 0.6027962
vt 0.5501257 0.593841
vt 0.5379279 0.5842949
vt 0.5526562 0.5870072
vt 0.5404887 0.5293818
vt 0.5542169 0.5299879
vt 0.60466 0.6039326
vt 0.5744153 0.5948108
vt 0.5755215 0.6093876
vt 0.5996596 0.5901437
vt 0.5737638 0.587492
vt 0.5937955 0.5846585
vt 0.5724758 0.5301242
vt 0.590659 0.5292757
vt 0.5755215 0.6093876
vt 0.5501257 0.593841
vt 0.5473376 0.6081754
vt 0.5744153 0.5948108
vt 0.5526562 0.5870072
vt 0.5737638 0.587492
vt 0.5542169 0.5299879
vt 0.5724758 0.5301242
vt 0.6674676 0.344838
vt 0.6674676 0.5835524
vt 0.6674676 0.5835524
vt 0.6674676 0.344838
vt 0.6674676 0.5835524
vt 0.6359349 0.3560964
vt 0.6359349 0.572294
vt 0.6674676 0.344838
vt 0.6169033 0.2834548
vt 0.6636946 0.334216
vt 0.6169033 0.3196544
vt 0.6636946 0.2689083
vt 0.6636946 0.334216
vt 0.6169033 0.2834548
vt 0.6169033 0.3196544
vt 0.6636946 0.2689083
vt 0.6324953 0.5693998
vt 0.6122666 0.3578844
vt 0.6122666 0.5693998
vt 0.6324953 0.3578844
vt 0.6359349 0.572294
vt 0.6674676 0.344838
vt 0.6674676 0.5835524
vt 0.6359349 0.3560964
vt 0.458816 0.2891825
vt 0.4395874 0.3032289
vt 0.4395874 0.290228
vt 0.458816 0.3042593
vt 0.4655438 0.3032289
vt 0.4848331 0.2892734
vt 0.4847724 0.3043502
vt 0.4656044 0.290228
vt 0.4934398 0.3244881
vt 0.4580432 0.3108658
vt 0.4875454 0.3108658
vt 0.4521489 0.3244881
vt 0.5040769 0.2676657
vt 0.4904547 0.3030471
vt 0.4904547 0.273545
vt 0.5040769 0.3089415
vt 0.458816 0.2891825
vt 0.4395874 0.3032289
vt 0.458816 0.3042593
vt 0.4395874 0.290228
vt 0.4655438 0.3032289
vt 0.4848331 0.2892734
vt 0.4656044 0.290228
vt 0.4847724 0.3043502
vt 0.4934398 0.3244881
vt 0.4580432 0.3108658
vt 0.4521489 0.3244881
vt 0.4875454 0.3108658
vt 0.5040769 0.2676657
vt 0.4904547 0.3030471
vt 0.5040769 0.3089415
vt 0.4904547 0.273545
vt 0.05292283 0.7555497
vt 0.06186288 0.7114708
vt 0.05292283 0.7067886
vt 0.06186288 0.7570499
vt 0.05292283 0.8886655
vt 0.06186288 0.881468
vt 0.06186288 0.7029247
vt 0.05292283 0.6976364
vt 0.06186288 0.6711042
vt 0.05292283 0.6636037
vt 0.1695828 0.9047727
vt 0.03590645 0.8965297
vt 0.02657243 0.9047576
vt 0.1695828 0.89656
vt 0.3125781 0.9047576
vt 0.3032441 0.8965297
vt 0.04677087 0.6714073
vt 0.1702344 0.6779683
vt 0.1702193 0.6714073
vt 0.05484722 0.6779683
vt 0.2856216 0.6775895
vt 0.2936676 0.6710133
vt 0.2863035 0.7083342
vt 0.2781817 0.7564286
vt 0.2863035 0.7547315
vt 0.2781817 0.7130618
vt 0.2781817 0.8750433
vt 0.2863035 0.8816347
vt 0.2863035 0.6996669
vt 0.2781817 0.7049703
vt 0.2863035 0.667316
vt 0.2781817 0.6747257
vt 0.01940524 0.7612926
vt 0.1700526 0.7074402
vt 0.1698707 0.7617926
vt 0.01940524 0.7058188
vt 0.01940524 0.9126067
vt 0.169401 0.9130915
vt 0.1703859 0.6592852
vt 0.01940524 0.6585276
vt 0.01940524 0.7612926
vt 0.1700526 0.7074402
vt 0.01940524 0.7058188
vt 0.1698707 0.7617926
vt 0.01940524 0.9126067
vt 0.169401 0.9130915
vt 0.1703859 0.6592852
vt 0.01940524 0.6585276
vt 0.1698707 0.7617926
vt 0.1700526 0.7074402
vt 0.1700526 0.7074402
vt 0.1698707 0.7617926
vt 0.169401 0.9130915
vt 0.169401 0.9130915
vt 0.01940524 0.9126067
vt 0.01940524 0.9126067
vt 0.01940524 0.7612926
vt 0.01940524 0.7612926
vt 0.01940524 0.7058188
vt 0.01940524 0.7058188
vt 0.01940524 0.6585276
vt 0.01940524 0.6585276
vt 0.1703859 0.6592852
vt 0.1703859 0.6592852
vt 0.3201393 0.7612926
vt 0.1695071 0.7074402
vt 0.3201393 0.7058188
vt 0.1696738 0.7617926
vt 0.3201393 0.9126067
vt 0.1701586 0.9130915
vt 0.1691737 0.6592852
vt 0.3201393 0.6585276
vt 0.3201393 0.7612926
vt 0.1695071 0.7074402
vt 0.1696738 0.7617926
vt 0.3201393 0.7058188
vt 0.3201393 0.9126067
vt 0.1701586 0.9130915
vt 0.1691737 0.6592852
vt 0.3201393 0.6585276
vt 0.1696738 0.7617926
vt 0.1695071 0.7074402
vt 0.1696738 0.7617926
vt 0.1695071 0.7074402
vt 0.1701586 0.9130915
vt 0.1701586 0.9130915
vt 0.3201393 0.9126067
vt 0.3201393 0.9126067
vt 0.3201393 0.7612926
vt 0.3201393 0.7612926
vt 0.3201393 0.7058188
vt 0.3201393 0.7058188
vt 0.3201393 0.6585276
vt 0.3201393 0.6585276
vt 0.1691737 0.6592852
vt 0.1691737 0.6592852
vn 0.3333308 -0.01176465 -0.9427365
vn 0.6235247 0.6784261 -0.3885293
vn 0.3333308 0.8196015 -0.465987
vn 0.6235247 -0.01176465 -0.7817152
vn 0.6235247 0.6784261 0.3885293
vn 0.3333308 0.8196015 0.465987
vn 0.6235247 -0.01176465 0.7817152
vn 0.3333308 -0.01176465 0.9427365
vn 0.6235247 -0.6941124 0.3597569
vn 0.3333308 -0.8352877 0.437247
vn 0.6235247 -0.6941124 -0.3597569
vn 0.3333308 -0.8352877 -0.437247
vn 0.9999924 -0.003921568 0
vn -0.3176446 -0.01176465 -0.9481369
vn -0.6078384 0.6784261 -0.4126384
vn -0.6078384 -0.01176465 -0.7939736
vn -0.3176446 0.8196015 -0.4768178
vn -0.6078384 0.6784261 0.4126384
vn -0.3176446 0.8196015 0.4768178
vn -0.6078384 -0.01176465 0.7939736
vn -0.3176446 -0.01176465 0.9481369
vn -0.6078384 -0.6941124 0.3856689
vn -0.3176446 -0.8352877 0.448772
vn -0.6078384 -0.6941124 -0.3856689
vn -0.3176446 -0.8352877 -0.448772
vn -0.9999923 -0.003921568 -0.0003442513
vn -0.8901892 -0.4196047 -0.1774687
vn -0.86666 0.4901923 0.09280082
vn -0.874503 0.4352907 0.213931
vn -0.8807224 -0.473633 0
vn -0.8823462 0.4196045 -0.2130665
vn -0.8901892 -0.4274477 0.1576441
vn -0.8431307 0.3490169 -0.409045
vn -0.8980323 -0.3098016 0.3123475
vn -0.9294046 -0.15294 0.3358815
vn -0.7646999 0.1686261 -0.6219319
vn -0.8901892 -0.07450926 0.449457
vn -0.7333276 0.05097997 -0.6779613
vn -0.8901892 -0.3333308 -0.3105701
vn -0.86666 0.3254876 0.3780982
vn -0.9137185 -0.145097 -0.3795595
vn -0.8509738 0.1450969 0.5047677
vn -0.8588169 -0.0274508 -0.5115467
vn -0.8352877 0.01960766 0.5494634
vn 0.1206802 -0.9926914 0
vn 0.09019542 -0.9372478 -0.3367959
vn 0.09019542 -0.9294047 0.3578711
vn 0.1058816 -0.7097985 0.6964016
vn 0.1294108 -0.3333308 0.9338862
vn 0.145097 -0.1137246 0.9828599
vn 0.09019542 -0.3019585 -0.9490447
vn 0.09019542 -0.7019554 -0.7064866
vn 0.06666619 -0.04313695 -0.9968424
vn 0.9058754 -0.4196047 -0.05763322
vn 0.8745031 0.4823492 -0.05082877
vn 0.8856788 -0.4642986 0
vn 0.8901893 0.4352907 0.1344807
vn 0.8980324 0.4196045 -0.1321739
vn 0.9043746 -0.4267395 0
vn 0.858817 0.3490169 -0.3749942
vn 0.9137185 -0.3098016 0.2629476
vn 0.9450908 -0.15294 0.2888125
vn 0.7803862 0.1686261 -0.6021317
vn 0.9058754 -0.07450926 0.4169389
vn 0.7490139 0.05097997 -0.6605901
vn 0.9058754 -0.3333308 -0.2613049
vn 0.8823462 0.3254876 0.3398867
vn 0.9294047 -0.145097 -0.3393432
vn 0.8666601 0.1450969 0.4773335
vn 0.8745031 -0.0274508 -0.4842424
vn 0.8509739 0.01960766 0.5248418
vn -0.1052937 -0.9944412 0
vn -0.07450914 -0.9372478 -0.3406098
vn -0.0901953 -0.7097985 0.6986064
vn -0.07450914 -0.9294047 0.3614627
vn -0.07450914 -0.7019554 -0.7083127
vn -0.07450914 -0.3019585 -0.9504049
vn -0.05097997 -0.04313695 -0.9977676
vn -0.1137246 -0.3333308 0.9359259
vn -0.1294107 -0.1137246 0.985048
vn 0.1215677 -0.5058785 0.8539954
vn 0.2156847 0.2235277 0.9505343
vn 0.1215677 0.2235277 0.9670867
vn 0.4745062 -0.8196016 0.3210873
vn 0.01176465 0.2235277 0.9746266
vn 0.01176465 -0.4980354 0.8670769
vn -0.1058815 -0.5058785 0.8560818
vn -0.1058815 0.2235277 0.9689296
vn -0.7254846 0.1921554 0.6608694
vn -0.7411708 -0.6156816 0.2675856
vn 0.06666619 -0.6705831 0.7388328
vn 0.01176465 -0.4980354 0.8670769
vn 0.01176465 -0.6784262 0.7345744
vn 0.1215677 -0.5058785 0.8539954
vn 0.4745062 -0.8196016 0.3210873
vn 0.6470539 -0.5450939 0.5330984
vn 0.8888779 -0.4581441 0
vn 0.7842831 -0.6204031 0
vn 0.8888779 -0.4581441 0
vn 0.8905047 -0.4549741 0
vn 0.6470539 -0.4980354 -0.5773057
vn 0.552937 -0.7411708 -0.3806922
vn 0.01960772 -0.6235247 -0.7815578
vn 0.01176465 -0.6156816 -0.7879072
vn 0.01176465 -0.6313677 -0.7753943
vn -0.05097997 -0.6705831 0.7400807
vn -0.1058815 -0.5058785 0.8560818
vn -0.7411708 -0.6156816 0.2675856
vn -0.6313677 -0.5450939 0.5515863
vn -0.003921509 -0.6235247 -0.7817939
vn -0.8823462 -0.4666631 -0.06075215
vn -0.8823462 -0.45882 -0.1046397
vn -0.5372508 -0.7411708 -0.4025264
vn -0.6313677 -0.4980354 -0.5944204
vn -0.8823462 -0.45882 -0.1046397
vn -0.8823462 -0.4666631 -0.06075215
vn 0.07450926 0.6862692 0.7235213
vn 0.6470539 -0.5450939 0.5330984
vn 0.06666619 -0.6705831 0.7388328
vn 0.6156816 0.5843092 0.5286955
vn 0.01176465 0.6941123 0.7197706
vn 0.01176465 -0.6784262 0.7345744
vn -0.05097997 -0.6705831 0.7400807
vn -0.05882299 0.6862692 0.7249652
vn -0.6313677 -0.5450939 0.5515863
vn -0.5999954 0.5843092 0.5464324
vn 0.01176465 0.7019553 -0.7121239
vn 0.7176416 0.003921509 -0.6964016
vn 0.5921524 0.5764661 -0.5630652
vn 0.01176465 -0.01176465 -0.9998616
vn 0.01176465 0.7097985 -0.7043065
vn 0.9137185 0.3019584 -0.2719183
vn -0.7019553 0.003921509 -0.7122102
vn -0.5764661 0.5764661 -0.5791146
vn -0.8980323 0.3019584 -0.319936
vn 0.003921568 -0.9999924 0
vn 0.003921568 -0.9999924 0
vn 0.003921568 -0.9999924 0
vn 0.01176465 -0.960777 0.2770725
vn 0.01176465 -0.756857 0.6534747
vn 0.01176465 -0.960777 -0.2770725
vn 0.003921568 -0.9999924 0
vn 0.003921568 -0.9999924 0
vn 0.003921568 -0.9999924 0
vn 0.003921568 -0.9999924 0
vn -0.003921509 -0.7254847 -0.6882271
vn 0.003921568 -0.9999924 0
vn 0.003921568 -0.9999924 0
vn 0.003921568 -0.9999924 0
vn 0.003921568 -0.9999924 0
vn 0.003921568 -0.9999924 0
vn 0.003921568 -0.9999924 0
vn 0.01176465 -0.960777 0.2770725
vn 0.003921568 -0.9999924 0
vn 0.003921568 -0.9999924 0
vn 0.01176465 -0.960777 -0.2770725
vn 0.01960772 -0.7254847 -0.687959
vn 0.01176465 -0.756857 0.6534747
vn 0.003921568 -0.9999924 0
vn 0.003921568 -0.9999924 0
vn 0.003921568 -0.9999924 0
vn 0.9999924 -0.003921568 0
vn 0.9999924 -0.003921568 0
vn 0.9999924 -0.003921568 0
vn 0.9999924 -0.003921568 0
vn 0.9998079 0.01960405 0
vn 0.9996234 0.02744055 0
vn 0.9982743 0.05872193 0
vn 0.9999924 -0.003921568 0
vn 0.9999924 -0.003921568 0
vn 0.9999924 -0.003921568 0
vn 0.9999924 -0.003921568 0
vn 0.9998079 0.01960405 0
vn 0.7333277 0.01960766 -0.6795925
vn 0.552937 -0.7411708 -0.3806922
vn 0.8905047 -0.4549741 0
vn 0.9999924 -0.003921568 0
vn 0.9999924 -0.003921568 0
vn 0.9999924 -0.003921568 0
vn 0.858817 0.1999984 -0.4716291
vn 0.7842831 -0.6204031 0
vn 0.6941124 0.1372538 -0.7066607
vn 0.9137185 0.3019584 -0.2719183
vn 0.9999924 -0.003921568 0
vn 0.9999924 -0.003921568 0
vn 0.7176416 0.003921509 -0.6964016
vn 0.5921524 0.5764661 -0.5630652
vn 0.7097985 0.7019553 -0.05869259
vn 0.6470539 -0.5450939 0.5330984
vn 0.6156816 0.5843092 0.5286955
vn 0.8888779 -0.4581441 0
vn 0.7097985 0.7019553 -0.05869259
vn 0.8888779 -0.4581441 0
vn 0.6470539 -0.4980354 -0.5773057
vn 0.5921524 0.5686231 -0.5709846
vn 0.03529388 0.9921492 0.1199759
vn 0.6156816 0.5843092 0.5286955
vn 0.07450926 0.6862692 0.7235213
vn 0.7097985 0.7019553 -0.05869259
vn 0.7097985 0.7019553 -0.05869259
vn 0.03529388 0.9921492 -0.1199759
vn 0.04313695 0.6941123 -0.7185731
vn 0.5921524 0.5686231 -0.5709846
vn 0.01176465 0.6941123 -0.7197706
vn 0.003921568 0.9999923 -0.000345267
vn 0.003921568 0.9999923 -0.000345267
vn 0.01176465 0.6941123 0.7197706
vn -0.01960766 0.9921492 -0.123513
vn -0.02745068 0.6941123 -0.7193432
vn -0.7019553 0.7097985 -0.05869336
vn -0.5764661 0.5686231 -0.5868174
vn -0.01960766 0.9921492 0.123513
vn -0.7019553 0.7097985 0.05869336
vn -0.5999954 0.5843092 0.5464324
vn -0.05882299 0.6862692 0.7249652
vn 0.04313695 0.6941123 -0.7185731
vn 0.6470539 -0.4980354 -0.5773057
vn 0.5921524 0.5686231 -0.5709846
vn 0.01960772 -0.6235247 -0.7815578
vn 0.01176465 -0.6313677 -0.7753943
vn 0.01176465 0.6941123 -0.7197706
vn -0.02745068 0.6941123 -0.7193432
vn -0.003921509 -0.6235247 -0.7817939
vn -0.6313677 -0.4980354 -0.5944204
vn -0.5764661 0.5686231 -0.5868174
vn 0.0274508 -0.01176465 -0.9995539
vn 0.01176465 0.2862723 -0.9580761
vn 0.08235234 0.2549 -0.9634542
vn 0.01176465 -0.01176465 -0.9998616
vn 0.01960772 0.003921509 -0.9998001
vn 0.01176465 0.003921509 -0.9999231
vn 0.1215677 0.3411738 -0.9321061
vn 0.01176465 0.2862723 -0.9580761
vn -0.003921509 0.003921509 -0.9999846
vn 0.01176465 0.003921509 -0.9999231
vn 0.9999924 -0.003921568 0
vn 0.2156847 0.2235277 0.9505343
vn 0.1215677 -0.01176465 0.9925134
vn 0.1215677 0.2235277 0.9670867
vn 0.1999985 0.003921509 0.9797884
vn 0.01176465 -0.01176465 0.9998616
vn 0.01176465 0.2235277 0.9746266
vn 0.01176465 -0.01176465 0.9998616
vn 0.1137246 -0.01176465 0.9934427
vn 0.01176465 -0.01176465 0.9998616
vn 0.1137246 -0.01176465 0.9934427
vn 0.1999985 -0.01176465 0.9797255
vn 0.1999985 -0.01176465 0.9797255
vn -0.1058815 0.2235277 0.9689296
vn -0.1058815 -0.01176465 0.9943092
vn -0.7254846 0.1921554 0.6608694
vn -0.7725431 0.02745068 0.6343687
vn -0.09803843 -0.01176465 0.9951131
vn -0.09803843 -0.01176465 0.9951131
vn -0.7646999 -0.01176465 0.6442792
vn -0.7646999 -0.01176465 0.6442792
vn 0.01176465 -0.756857 0.6534747
vn 0.01176465 -0.3411739 0.9399266
vn 0.01176465 -0.3411739 0.9399266
vn 0.01176465 -0.960777 0.2770725
vn 0.01176465 -0.7097985 0.7043065
vn 0.01176465 -0.7097985 0.7043065
vn 0.01176465 -0.9372478 0.3484656
vn 0.01176465 -0.9372478 0.3484656
vn 0.003921568 -0.9999924 0
vn 0.003921568 -0.9999924 0
vn 0.01176465 -0.9372478 -0.3484656
vn 0.01176465 -0.9372478 -0.3484656
vn 0.01176465 -0.7097985 -0.7043065
vn 0.01176465 -0.7097985 -0.7043065
vn 0.01176465 -0.3098016 -0.9507285
vn 0.01176465 -0.3098016 -0.9507285
vn 0.01176465 -0.960777 -0.2770725
vn -0.003921509 -0.7254847 -0.6882271
vn 0.01176465 -0.9372478 -0.3484656
vn 0.003921568 -0.9999924 0
vn 0.003921568 -0.9999924 0
vn 0.9999924 -0.003921568 0
vn 0.9999924 -0.003921568 0
vn 0.9999924 -0.003921568 0
vn 0.9999924 -0.003921568 0
vn -0.9999923 -0.003921568 -0.0003442513
vn -0.7646999 -0.01176465 0.6442792
vn -0.9999923 -0.003921568 -0.0003442513
vn -0.7646999 -0.01176465 0.6442792
vn -0.9999923 -0.003921568 -0.0003442513
vn -0.9999923 -0.003921568 -0.0003442513
vn -0.9921492 0.03529382 0.119976
vn -0.7725431 0.02745068 0.6343687
vn -0.9921492 0.02745068 0.1220097
vn -0.9921492 0.06666613 0.1058089
vn -0.9999923 -0.003921568 -0.0003442513
vn -0.9999923 -0.003921568 -0.0003442513
vn -0.9999923 -0.003921568 -0.0003442513
vn -0.9999923 -0.003921568 -0.0003442513
vn -0.9921492 0.02745068 0.1220097
vn -0.7176415 0.01960766 -0.6961367
vn -0.5372508 -0.7411708 -0.4025264
vn -0.8823462 -0.45882 -0.1046397
vn -0.9999923 -0.003921568 -0.0003442513
vn -0.9999923 -0.003921568 -0.0003442513
vn -0.9999923 -0.003921568 -0.0003442513
vn -0.8431307 0.1999984 -0.4991305
vn -0.8823462 -0.45882 -0.1046397
vn -0.7411708 -0.6156816 0.2675856
vn -0.7254846 0.1921554 0.6608694
vn -0.6784261 0.1372538 -0.7217336
vn -0.8980323 0.3019584 -0.319936
vn -0.9999923 -0.003921568 -0.0003442513
vn -0.9999923 -0.003921568 -0.0003442513
vn -0.7019553 0.003921509 -0.7122102
vn -0.5764661 0.5764661 -0.5791146
vn -0.7019553 0.7097985 0.05869336
vn -0.6313677 -0.5450939 0.5515863
vn -0.8823462 -0.4666631 -0.06075215
vn -0.5999954 0.5843092 0.5464324
vn -0.7019553 0.7097985 -0.05869336
vn -0.8823462 -0.4666631 -0.06075215
vn -0.6313677 -0.4980354 -0.5944204
vn -0.5764661 0.5686231 -0.5868174
vn -0.01176453 -0.01176465 -0.9998616
vn 0.01176465 0.2862723 -0.9580761
vn 0.01176465 -0.01176465 -0.9998616
vn -0.06666613 0.2549 -0.9646666
vn -0.003921509 0.003921509 -0.9999846
vn 0.01176465 0.003921509 -0.9999231
vn -0.1058815 0.3411738 -0.934018
vn 0.01176465 0.2862723 -0.9580761
vn 0.01960772 0.003921509 -0.9998001
vn 0.01176465 0.003921509 -0.9999231
vn -0.9999923 -0.003921568 -0.0003442513
vn 0.01176465 -0.756857 0.6534747
vn 0.01176465 -0.3411739 0.9399266
vn 0.01176465 -0.960777 0.2770725
vn 0.01176465 -0.3411739 0.9399266
vn 0.01176465 -0.7097985 0.7043065
vn 0.01176465 -0.7097985 0.7043065
vn 0.01176465 -0.9372478 0.3484656
vn 0.01176465 -0.9372478 0.3484656
vn 0.003921568 -0.9999924 0
vn 0.003921568 -0.9999924 0
vn 0.01176465 -0.9372478 -0.3484656
vn 0.01176465 -0.9372478 -0.3484656
vn 0.01176465 -0.7097985 -0.7043065
vn 0.01176465 -0.7097985 -0.7043065
vn 0.01176465 -0.3098016 -0.9507285
vn 0.01176465 -0.3098016 -0.9507285
vn 0.01176465 -0.960777 -0.2770725
vn 0.01960772 -0.7254847 -0.687959
vn 0.003921568 -0.9999924 0
vn 0.01176465 -0.9372478 -0.3484656
vn 0.003921568 -0.9999924 0
vn -0.9921492 -0.01176465 0.124505
vn -0.9921492 -0.01176465 0.124505
vn -0.9921492 -0.01176465 0.124505
vn -0.9921492 -0.01176465 0.124505
vn 0.01176465 0.9921492 0.124505
vn 0.2862723 0.9450908 0.1576438
vn 0.01176465 0.9921492 0.124505
vn 0.3098016 0.9450908 0.10405
vn 0.3254877 0.8980323 0.2959657
vn 0.01176465 0.9686199 0.248268
vn 0.2627431 0.7725431 0.5780513
vn 0.01176465 0.7646999 0.6442792
vn 0.7774268 0.6289734 0
vn 0.7882293 0.5843092 0.1930734
vn 0.7725431 0.5529369 0.3121504
vn 0.6784262 0.4196045 0.6030505
vn 0.858817 0.5058784 0.08074894
vn 0.552937 0.8196015 0.1500468
vn 0.5215647 0.7568569 0.3938755
vn -0.2078415 0.7490138 0.6291107
vn 0.01176465 0.02745068 0.9995539
vn 0.3411739 0.3490169 0.8728044
vn 0.01176465 -0.4901924 0.8715349
vn 0.3019585 -0.450977 0.8399053
vn -0.2078415 0.7490138 0.6291107
vn 0.6784262 0.4196045 0.6030505
vn -0.2078415 0.7490138 0.6291107
vn 0.9529339 0.3019584 -0.02716757
vn 0.7842832 0.6204031 0
vn 0.3019585 0.9529338 -0.027171
vn 0.003921568 0.9999923 -0.000345267
vn 0.9604816 0.2783436 0
vn -0.3254876 0.3490169 0.8787747
vn -0.2470568 0.7725431 0.5849274
vn -0.3098015 0.8980323 0.3123476
vn -0.2705861 0.9450908 0.1832664
vn -0.2941153 0.9450908 0.1424767
vn -0.7646999 0.6313677 0.1288754
vn -0.7725431 0.5843092 0.2485155
vn -0.7568569 0.5529369 0.3484657
vn -0.66274 0.4196045 0.6202481
vn -0.8431307 0.5058784 0.182257
vn -0.5372508 0.8196015 0.1990351
vn -0.5058784 0.7568569 0.4138291
vn 0.2235277 0.7490138 0.6237096
vn -0.9450908 0.3098015 -0.1040504
vn -0.2862723 0.9529338 -0.09982695
vn -0.7725431 0.6235245 -0.1199764
vn -0.9529338 0.2862723 -0.09982684
vn -0.9058753 0.2470568 0.3440244
vn -0.3333308 0.5843092 0.7399144
vn -0.5372508 0.05882299 0.8413688
vn -0.4352907 0.8509738 0.2938801
vn 0.3411739 0.5686231 0.7485107
vn 0.4823493 0.8274446 0.2875321
vn 0.5372508 0.1137246 0.8357202
vn 0.8901893 0.2862723 0.3544167
vn 0.4352908 -0.2078416 0.8759702
vn 0.7176416 -0.09803849 0.6894773
vn -0.5529369 -0.1137246 0.8254256
vn -0.3960754 -0.1843123 0.8995295
vn 0.03529388 -0.1686262 0.985048
vn 0.01960772 -0.2235277 0.9745003
vn 0.9686201 0.05097997 0.2432616
vn 0.960777 0.04313684 0.2739467
vn 0.9764631 0.1450969 0.1595827
vn 0.960777 0.01960766 0.2766281
vn 0.9686201 0.2313707 0.09078961
vn 0.888878 0.4581441 0
vn 0.8856788 0.4642985 0
vn 0.35686 0.9294046 0.09411676
vn 0.3803893 0.9215615 0.07764286
vn 0.7647001 0.6392107 -0.08150788
vn 0.9158888 0.401432 0
vn 0.4823493 0.8274446 0.2875321
vn 0.8901893 0.2862723 0.3544167
vn 0.9799753 0.1991184 0
vn 0.9921493 0.06666613 -0.1058084
vn 0.9372478 0.1999984 -0.2855999
vn 0.9529339 0.3019584 -0.02716757
vn -0.09803843 0.9921492 0.07764248
vn -0.1137246 0.9843061 0.134938
vn 0.552937 0.8196015 0.1500468
vn 0.5215647 0.7568569 0.3938755
vn -0.4352907 0.8509738 0.2938801
vn 0.9604816 0.2783436 0
vn 0.9686201 0.2470568 -0.02716736
vn 0.8745031 0.4823492 -0.05082877
vn 0.8823462 0.4431338 0.1584222
vn 0.9058754 0.4196045 -0.05763413
vn 0.9058754 0.3254876 -0.2710119
vn 0.7725431 0.1686261 -0.612162
vn 0.8431308 0.1137246 -0.5255446
vn -0.2078415 0.7490138 0.6291107
vn -0.6862692 0.7176415 0.1184286
vn 0.654897 0.03529382 -0.7548935
vn 0.8509739 0.01176453 -0.5250762
vn 0.960777 0.05097997 -0.2725961
vn 0.9921493 0.03529382 -0.1199755
vn 0.9764631 -0.01176465 -0.2153633
vn 0.9996234 0.02744055 0
vn 0.9858624 0.1675575 0
vn 0.9604816 0.2783436 0
vn 0.858817 0.5058784 0.08074894
vn -0.66274 -0.01176465 0.7487572
vn -0.9058753 0.2470568 0.3440244
vn -0.5529369 -0.1137246 0.8254256
vn -0.9607769 0.1686261 0.2201657
vn -0.2078415 0.7490138 0.6291107
vn -0.6862692 0.7176415 0.1184286
vn -0.3176446 -0.6784262 0.6624498
vn 0.03529388 -0.1686262 0.985048
vn 0.07450926 -0.6784262 0.7308804
vn -0.3333308 -0.9058754 0.2613049
vn 0.5058785 -0.6313677 0.5877599
vn 0.7176416 -0.09803849 0.6894773
vn -0.4352907 0.8509738 0.2938801
vn 0.7333277 -0.6784262 0.0443658
vn 0.6068687 -0.7948022 0
vn 0.7333277 -0.5294077 0.4265652
vn 0.858817 0.1058815 0.501221
vn 0.9058754 0.3019584 0.2970029
vn 0.003921568 -0.9999924 0
vn 0.5058785 -0.6313677 0.5877599
vn 0.7333277 -0.6784262 0.0443658
vn 0.07450926 -0.6784262 0.7308804
vn 0.6068687 -0.7948022 0
vn -0.3176446 -0.6784262 0.6624498
vn -0.3333308 -0.9058754 0.2613049
vn 0.3326154 -0.9430625 0
vn 0.7333277 -0.5294077 0.4265652
vn 0.003921568 -0.9999924 0
vn 0.3326154 -0.9430625 0
vn 0.003921568 -0.9999924 0
vn -0.3333308 -0.9058754 0.2613049
vn 0.6913113 -0.722557 0
vn 0.003921568 -0.9999924 0
vn 0.2392139 0.6548969 0.716859
vn 0.4117616 -0.01176465 0.9112157
vn 0.2862723 0.3176446 0.9039635
vn 0.2705862 -0.01176465 0.9626238
vn 0.01176465 0.3098015 0.9507285
vn 0.01176465 0.6862692 0.7272525
vn 0.2941154 -0.1294108 0.9469683
vn 0.01176465 -0.1137246 0.9934427
vn 0.4901924 -0.1372539 0.8607397
vn -0.2235277 0.6548969 0.721904
vn -0.2705861 0.3176446 0.9087822
vn -0.3960754 -0.01176465 0.9181426
vn -0.2549 -0.01176465 0.9668959
vn -0.2784292 -0.1294108 0.9516985
vn -0.4745061 -0.1372539 0.8694856
vn 0.01176465 -0.2784293 -0.9603847
vn 0.01176465 -0.6941124 -0.7197706
vn 0.01176465 -0.2784293 -0.9603847
vn 0.01176465 -0.7019554 -0.7121237
vn 0.01176465 -0.9294047 -0.3688747
vn 0.01176465 -0.9372478 -0.3484656
vn 0.01176465 -0.03529388 -0.9993077
vn 0.01176465 -0.03529388 -0.9993077
vn 0.01176465 -0.9372478 -0.3484656
vn 0.003921568 -0.9999924 0
vn 0.01176465 -0.9294047 -0.3688747
vn 0.003921568 -0.9999924 0
vn 0.003921568 -0.9999924 0
vn 0.01176465 -0.9294047 0.3688747
vn 0.003921568 -0.9999924 0
vn 0.01176465 -0.9294047 0.3688747
vn 0.01176465 -0.6784262 0.7345744
vn 0.01176465 -0.6705831 0.7417411
vn 0.01176465 -0.3098016 0.9507285
vn 0.01176465 -0.3098016 0.9507285
vn 0.01176465 -0.1137246 0.9934427
vn 0.01176465 -0.1137246 0.9934427
vn 0.6913113 -0.722557 0
vn 0.9999309 -0.01176392 0
vn 0.9999309 -0.01176392 0
vn 0.3326154 -0.9430625 0
vn 0.2235277 0.7490138 0.6237096
vn -0.66274 0.4196045 0.6202481
vn -0.2862723 -0.450977 0.8453804
vn 0.2235277 0.7490138 0.6237096
vn 0.9215616 0.2470568 0.2994781
vn 0.349017 0.5843092 0.7326459
vn 0.450977 0.8509738 0.26919
vn 0.552937 0.05882299 0.8311441
vn -0.3254876 0.5686231 0.7554638
vn -0.466663 0.8274446 0.3123478
vn -0.5215646 0.1137246 0.8455987
vn -0.874503 0.2862723 0.391526
vn -0.4196045 -0.2078416 0.8835915
vn -0.7019553 -0.09803849 0.7054412
vn 0.5686231 -0.1137246 0.814699
vn 0.4117616 -0.1843123 0.892458
vn -0.01960766 -0.1686262 0.985485
vn -0.003921509 -0.2235277 0.9746897
vn -0.9529338 0.05097997 0.2988616
vn -0.9450908 0.04313684 0.3239485
vn -0.9450908 0.01960766 0.3262192
vn -0.9607769 0.1450969 0.2363357
vn -0.9529338 0.2313707 0.1959205
vn -0.874503 0.45882 0.1572535
vn -0.874503 0.466663 0.1321745
vn -0.3411738 0.9294046 0.1407392
vn -0.3647031 0.9215615 0.1331019
vn -0.7568569 0.6470538 0.09213535
vn -0.9058753 0.4039184 -0.1274356
vn -0.466663 0.8274446 0.3123478
vn -0.874503 0.2862723 0.391526
vn -0.9686199 0.1999984 -0.147567
vn -0.9764631 0.06666613 -0.2051231
vn -0.9215615 0.1999984 -0.3327537
vn -0.9450908 0.3098015 -0.1040504
vn 0.1137246 0.9921492 0.05202487
vn 0.1294108 0.9843061 0.1199764
vn -0.5372508 0.8196015 0.1990351
vn -0.5058784 0.7568569 0.4138291
vn 0.450977 0.8509738 0.26919
vn -0.9529338 0.2862723 0.09982684
vn -0.9607769 0.2549 -0.1092414
vn -0.9058753 -0.4196047 0.05763529
vn -0.8980323 -0.4117616 -0.1548882
vn -0.8980323 -0.3882324 0.2069145
vn -0.8980323 -0.2627431 0.3528512
vn -0.9450908 -0.1294108 0.3000938
vn -0.8274446 0.1137246 -0.5499111
vn 0.2235277 0.7490138 0.6237096
vn 0.6992508 0.7148764 0
vn -0.9529338 -0.09803849 0.2868896
vn -0.8352877 0.01176453 -0.5496873
vn -0.9450908 0.05097997 -0.3228072
vn -0.9764631 0.03529382 -0.2127774
vn -0.9607769 -0.01176465 -0.2770727
vn -0.9921492 0.03529382 0.119976
vn -0.9764631 0.1686261 -0.1344809
vn -0.9529338 0.2862723 -0.09982684
vn -0.8431307 0.5058784 0.182257
vn 0.6784262 -0.01176465 0.7345744
vn 0.9215616 0.2470568 0.2994781
vn 0.9764631 0.1686261 0.1344805
vn 0.5686231 -0.1137246 0.814699
vn 0.2235277 0.7490138 0.6237096
vn 0.6992508 0.7148764 0
vn 0.3333308 -0.6784262 0.6546972
vn -0.01960766 -0.1686262 0.985485
vn -0.05882299 -0.6784262 0.7323098
vn 0.349017 -0.9058754 0.2399517
vn -0.4901923 -0.6313677 0.6009045
vn -0.7019553 -0.09803849 0.7054412
vn 0.450977 0.8509738 0.26919
vn -0.7176415 -0.6784262 0.1572533
vn -0.5921522 -0.7960724 0.1249983
vn -0.7333276 -0.56078 -0.3843908
vn -0.9294046 -0.15294 -0.3358815
vn -0.9058753 -0.3098016 -0.2888129
vn 0.003921568 -0.9999924 0
vn -0.4901923 -0.6313677 0.6009045
vn -0.05882299 -0.6784262 0.7323098
vn -0.7176415 -0.6784262 0.1572533
vn -0.5921522 -0.7960724 0.1249983
vn 0.3333308 -0.6784262 0.6546972
vn 0.349017 -0.9058754 0.2399517
vn -0.3232288 -0.9463209 0
vn -0.7333276 -0.56078 -0.3843908
vn 0.003921568 -0.9999924 0
vn -0.3232288 -0.9463209 0
vn 0.349017 -0.9058754 0.2399517
vn 0.003921568 -0.9999924 0
vn -0.6832914 -0.7301458 0
vn 0.003921568 -0.9999924 0
vn -0.9294046 -0.15294 -0.3358815
vn 0.01176465 -0.6941124 -0.7197706
vn -0.9058753 -0.3098016 -0.2888129
vn 0.01176465 -0.2784293 -0.9603847
vn 0.01176465 -0.9294047 -0.3688747
vn -0.8980323 -0.4117616 -0.1548882
vn -0.7333276 -0.56078 -0.3843908
vn 0.01176465 -0.03529388 -0.9993077
vn -0.8980323 -0.4117616 -0.1548882
vn 0.003921568 -0.9999924 0
vn -0.9058753 -0.4196047 0.05763529
vn 0.01176465 -0.9294047 -0.3688747
vn -0.9058753 -0.4196047 0.05763529
vn 0.01176465 -0.9294047 0.3688747
vn -0.8980323 -0.3882324 0.2069145
vn 0.003921568 -0.9999924 0
vn 0.01176465 -0.6784262 0.7345744
vn -0.8980323 -0.2627431 0.3528512
vn 0.01176465 -0.3098016 0.9507285
vn -0.9450908 -0.1294108 0.3000938
vn 0.01176465 -0.1137246 0.9934427
vn -0.9529338 -0.09803849 0.2868896
vn -0.6832914 -0.7301458 0
vn -0.9921492 -0.01960772 -0.1235129
vn -0.3232288 -0.9463209 0
vn -0.9921492 -0.01960772 -0.1235129
vn 0.01176465 -0.05882311 0.9981991
vn 0.15294 0.7254846 0.6710302
vn 0.2392139 0.5686231 0.787048
vn 0.01176465 0.66274 0.7487572
vn 0.01176465 -0.35686 0.9340838
vn 0.349017 0.1843122 0.9188124
vn 0.01176465 0.02745068 0.9995539
vn 0.09019542 0.01176453 0.9958546
vn 0.01176465 -0.01176465 0.9998616
vn 0.04313695 -0.01176465 0.9989999
vn 0.01176465 -0.05098003 0.9986304
vn 0.01176465 0.7882292 0.6152693
vn -0.1372538 0.7254846 0.6744134
vn -0.2235277 0.5686231 0.7916459
vn -0.02745068 -0.01176465 0.9995539
vn -0.07450914 0.01176453 0.9971509
vn -0.3333308 0.1843122 0.9246186
vn 0.06666619 -0.01176465 -0.997706
vn 0.05098003 0.06666613 -0.9964721
vn 0.06666619 -0.01176465 -0.997706
vn 0.05882311 0.04313684 -0.997336
vn 0.05882311 0.04313684 -0.997336
vn 0.0274508 0.4117615 -0.9108781
vn 0.05098003 0.06666613 -0.9964721
vn 0.0274508 0.4274477 -0.9036233
vn 0.1137246 0.3490169 -0.9301902
vn 0.145097 0.03529382 -0.9887877
vn 0.1137246 0.3725461 -0.9210191
vn 0.145097 0.03529382 -0.9887877
vn 0.1137246 0.3490169 -0.9301902
vn 0.145097 -0.01176465 -0.9893475
vn -0.05097997 -0.01176465 0.9986304
vn -0.02745068 -0.08235234 0.9962251
vn -0.04313684 -0.05882311 0.997336
vn -0.05097997 -0.01176465 0.9986304
vn -0.04313684 -0.05882311 0.997336
vn -0.003921509 -0.4274477 0.9040315
vn -0.003921509 -0.4431339 0.8964469
vn -0.02745068 -0.08235234 0.9962251
vn -0.0901953 -0.3647031 0.9267451
vn -0.1215676 -0.05098003 0.9912731
vn -0.1215676 -0.01176465 0.9925134
vn -0.1215676 -0.05098003 0.9912731
vn -0.0901953 -0.3647031 0.9267451
vn -0.0901953 -0.3882324 0.9171371
vn -0.3960754 -0.56078 -0.7270833
vn 0.8117585 0.5450938 0.2095731
vn -0.3960754 0.5450938 -0.7389161
vn 0.8117585 -0.56078 0.1630149
vn -0.4980353 0.5764661 0.6478022
vn 0.8117585 -0.56078 0.1630149
vn -0.4980353 -0.5921524 0.6334954
vn 0.8117585 0.5450938 0.2095731
vn -0.3960754 0.5450938 -0.7389161
vn -0.3960754 -0.56078 -0.7270833
vn -0.3960754 0.5450938 -0.7389161
vn 0.8117585 0.5450938 0.2095731
vn -0.4980353 0.5764661 0.6478022
vn -0.3960754 -0.56078 -0.7270833
vn -0.4980353 -0.5921524 0.6334954
vn 0.8117585 -0.56078 0.1630149
vn -0.6784261 0.2392138 -0.6946328
vn -0.6941123 -0.09019542 -0.7141939
vn -0.6941123 -0.1058816 -0.7120374
vn -0.6941123 -0.09019542 -0.7141939
vn -0.6784261 0.2392138 -0.6946328
vn -0.6784261 0.2549 -0.6890311
vn -0.7019553 -0.15294 -0.6956063
vn -0.7019553 -0.09019542 -0.7064868
vn -0.7097985 -0.1137246 -0.6951639
vn -0.7019553 -0.1607831 -0.6938354
vn -0.7097985 -0.1137246 -0.6951639
vn -0.66274 0.3254876 -0.6744134
vn -0.66274 0.3333308 -0.6705716
vn -0.7019553 -0.09019542 -0.7064868
vn 0.6941124 -0.2627431 0.6702045
vn 0.7097985 0.07450914 0.700453
vn 0.6941124 -0.2705862 0.6670766
vn 0.7097985 0.07450914 0.700453
vn 0.6941124 -0.2627431 0.6702045
vn 0.7097985 0.0901953 0.6986064
vn 0.7176416 0.1450969 0.6811295
vn 0.7176416 0.08235228 0.6915263
vn 0.7176416 0.1450969 0.6811295
vn 0.7254847 0.1058815 0.6800449
vn 0.7254847 0.1058815 0.6800449
vn 0.6862693 -0.3411739 0.6423666
vn 0.7176416 0.08235228 0.6915263
vn 0.6784262 -0.349017 0.6464712
vn 0.552937 -0.5137216 0.6560113
vn -0.5372508 0.4980353 0.680678
vn 0.552937 0.4980353 0.6679981
vn -0.5372508 -0.5137216 0.6689184
vn -0.5999954 0.6313677 -0.4913048
vn 0.6156816 0.6313677 -0.4714987
vn 0.6156816 -0.6470539 -0.4497304
vn -0.5999954 -0.6470539 -0.4704539
vn 0.6156816 0.6313677 -0.4714987
vn -0.5999954 -0.6470539 -0.4704539
vn 0.6156816 -0.6470539 -0.4497304
vn -0.5999954 0.6313677 -0.4913048
vn 0.4980354 -0.4117616 0.7631599
vn -0.4823492 0.3960754 0.7813217
vn 0.4980354 0.3960754 0.7714176
vn -0.4823492 -0.4117616 0.7731699
vn -0.5686231 0.6235245 0.5365491
vn 0.5843093 0.6235245 0.5194226
vn 0.5843093 -0.6392108 0.4999922
vn -0.5686231 -0.6392108 0.5177619
vn -0.01176453 -0.01960772 -0.9997385
vn 0.9137185 0.4039184 -0.04436664
vn 0.9998079 0.01960405 0
vn -0.1137246 -0.1764693 -0.9777144
vn 0.05882311 -0.3333308 -0.9409731
vn -0.9371324 -0.3489741 0
vn -0.1137246 -0.1764693 -0.9777144
vn -0.9921492 -0.04313695 -0.1173844
vn -0.07450914 -0.9921493 0.1004398
vn -0.466663 -0.8823462 -0.06075178
vn 0.2078416 -0.2313708 -0.9504049
vn -0.1999984 -0.9764631 0.08074894
vn 0.2078416 -0.1372539 -0.968485
vn 0.08235234 0.9764631 -0.1993438
vn 0.247057 0.9607769 -0.1259785
vn 0.1921554 -0.05098003 -0.9800395
vn -0.6374876 -0.7704606 0
vn -0.1999984 -0.9764631 0.08074894
vn 0.7071068 0.7071068 0
vn 0.450977 0.8823462 -0.1344807
vn 0.9137185 0.4039184 -0.04436664
vn 0.7071068 0.7071068 0
vn -0.1372538 0.2784292 0.9505991
vn 0.03529388 0.262743 0.9642201
vn -0.6374876 -0.7704606 0
vn -0.07450914 -0.9921493 0.1004398
vn -0.2078415 0.1764692 0.9621125
vn 0.247057 0.9607769 -0.1259785
vn 0.08235234 0.9764631 -0.1993438
vn -0.1999984 0.01176453 0.9797256
vn 0.450977 0.8823462 -0.1344807
vn -0.466663 -0.8823462 -0.06075178
vn -0.1607831 -0.03529388 0.9863585
vn -0.9371324 -0.3489741 0
vn -0.9921492 -0.04313695 -0.1173844
vn -0.01176453 0.003921509 0.9999231
vn -0.9371324 -0.3489741 0
vn 0.9137185 0.4039184 -0.04436664
vn -0.1607831 -0.03529388 0.9863585
vn 0.9998079 0.01960405 0
vn -0.9371324 -0.3489741 0
vn -0.1137246 -0.1764693 -0.9777144
vn 0.9999924 0.003921509 0
vn -0.02745068 0.4352907 0.8998713
vn 0.9043746 0.4267395 0
vn 0.01176465 0.05097997 0.9986304
vn 0.03529388 0.66274 0.7480174
vn 0.03529388 0.66274 0.7480174
vn 0.6913114 0.722557 0
vn 0.01176465 0.05097997 0.9986304
vn -0.9294046 0.3647031 -0.0565573
vn -0.02745068 0.4352907 0.8998713
vn -0.9921492 0.003921509 0.1249981
vn -0.9294046 0.3568599 0.09411716
vn 0.03529388 0.66274 0.7480174
vn -0.6374876 -0.7704606 0
vn 0.03529388 0.66274 0.7480174
vn -0.9921492 0.003921509 0.1249981
vn -0.01960766 0.3725461 -0.9278065
vn -0.9294046 0.3647031 -0.0565573
vn 0.01960772 -0.05882311 -0.9980758
vn 0.05098003 0.5999954 -0.7983775
vn -0.9294046 0.3568599 0.09411716
vn -0.01960766 0.3725461 -0.9278065
vn -0.6374876 -0.7704606 0
vn 0.05098003 0.5999954 -0.7983775
vn 0.05098003 0.5999954 -0.7983775
vn 0.7071068 0.7071068 0
vn 0.6913114 0.722557 0
vn 0.01960772 -0.05882311 -0.9980758
vn 0.9043746 0.4267395 0
vn -0.01960766 0.3725461 -0.9278065
vn 0.9999924 0.003921509 0
vn -0.01960766 0.3725461 -0.9278065
vn 0.6913114 0.722557 0
vn 0.05098003 0.5999954 -0.7983775
vn 0.9043746 0.4267395 0
vn 0.6913114 0.722557 0
vn 0.03529388 0.262743 0.9642201
vn 0.7071068 0.7071068 0
vn 0.03529388 0.66274 0.7480174
vn 0.03529388 0.66274 0.7480174
vn 0.03529388 0.262743 0.9642201
vn -0.5372508 -0.5137216 0.6689184
vn 0.552937 0.4980353 0.6679981
vn 0.552937 -0.5137216 0.6560113
vn -0.5372508 0.4980353 0.680678
vn 0.6156816 0.6313677 -0.4714987
vn -0.5999954 0.6313677 -0.4913048
vn -0.5999954 -0.6470539 -0.4704539
vn 0.6156816 -0.6470539 -0.4497304
vn -0.5999954 0.6313677 -0.4913048
vn 0.6156816 -0.6470539 -0.4497304
vn 0.6156816 0.6313677 -0.4714987
vn -0.5999954 -0.6470539 -0.4704539
vn -0.4823492 -0.4117616 0.7731699
vn 0.4980354 0.3960754 0.7714176
vn 0.4980354 -0.4117616 0.7631599
vn -0.4823492 0.3960754 0.7813217
vn 0.5843093 0.6235245 0.5194226
vn -0.5686231 0.6235245 0.5365491
vn -0.5686231 -0.6392108 0.5177619
vn 0.5843093 -0.6392108 0.4999922
vn 0.1294108 -0.1764693 -0.975762
vn -0.9921492 0.02745068 -0.1220097
vn -0.9058753 0.4117615 -0.09920855
vn 0.0274508 -0.01960772 -0.9994308
vn -0.04313684 -0.3333308 -0.9418226
vn 0.9405885 -0.3395486 0
vn 0.1294108 -0.1764693 -0.975762
vn 0.9993777 -0.03527218 0
vn 0.09019542 -0.9921493 0.086629
vn -0.1921554 -0.2313708 -0.9537001
vn 0.2156847 -0.9764631 0
vn -0.1921554 -0.1372539 -0.9717189
vn -0.06666613 0.9764631 -0.2051232
vn -0.2313707 0.9607769 -0.1528897
vn -0.1764692 -0.05098003 -0.9829851
vn 0.6459422 -0.7633862 0
vn 0.2156847 -0.9764631 0
vn -0.6941123 0.7097985 -0.1199762
vn 0.4796717 -0.8774481 0
vn -0.4352907 0.8823462 -0.17885
vn -0.9058753 0.4117615 -0.09920855
vn 0.15294 0.2784292 0.9482017
vn -0.6941123 0.7097985 -0.1199762
vn -0.01960766 0.262743 0.9646666
vn 0.6459422 -0.7633862 0
vn 0.09019542 -0.9921493 0.086629
vn 0.2235277 0.1764692 0.9585896
vn -0.2313707 0.9607769 -0.1528897
vn -0.06666613 0.9764631 -0.2051232
vn 0.2156847 0.01176453 0.9763922
vn -0.4352907 0.8823462 -0.17885
vn 0.4796717 -0.8774481 0
vn 0.1843123 -0.03529388 0.9822338
vn 0.9405885 -0.3395486 0
vn 0.9405885 -0.3395486 0
vn 0.0274508 0.003921509 0.9996155
vn 0.9993777 -0.03527218 0
vn -0.9058753 0.4117615 -0.09920855
vn 0.1843123 -0.03529388 0.9822338
vn -0.9921492 0.02745068 -0.1220097
vn 0.1294108 -0.1764693 -0.975762
vn 0.9405885 -0.3395486 0
vn -0.9921492 0.01176453 0.124505
vn 0.04313695 0.4352907 0.8992559
vn 0.01176465 0.05097997 0.9986304
vn -0.8980323 0.4352907 -0.06371778
vn -0.01960766 0.66274 0.7485929
vn -0.01960766 0.66274 0.7485929
vn -0.6784261 0.7254846 0.1158017
vn 0.01176465 0.05097997 0.9986304
vn 0.9345497 0.3558326 0
vn 0.9999924 0.003921509 0
vn 0.04313695 0.4352907 0.8992559
vn 0.9371325 0.348974 0
vn -0.01960766 0.66274 0.7485929
vn -0.01960766 0.66274 0.7485929
vn 0.6459422 -0.7633862 0
vn 0.9999924 0.003921509 0
vn 0.03529388 0.3725461 -0.9273423
vn -0.003921509 -0.05882311 -0.9982607
vn 0.9345497 0.3558326 0
vn -0.03529382 0.5999954 -0.7992246
vn 0.03529388 0.3725461 -0.9273423
vn 0.9371325 0.348974 0
vn -0.03529382 0.5999954 -0.7992246
vn 0.6459422 -0.7633862 0
vn -0.6941123 0.7097985 -0.1199762
vn -0.03529382 0.5999954 -0.7992246
vn -0.6784261 0.7254846 0.1158017
vn -0.003921509 -0.05882311 -0.9982607
vn -0.8980323 0.4352907 -0.06371778
vn -0.9921492 0.01176453 0.124505
vn 0.03529388 0.3725461 -0.9273423
vn 0.03529388 0.3725461 -0.9273423
vn -0.6784261 0.7254846 0.1158017
vn -0.8980323 0.4352907 -0.06371778
vn -0.03529382 0.5999954 -0.7992246
vn -0.6784261 0.7254846 0.1158017
vn -0.01960766 0.262743 0.9646666
vn -0.01960766 0.66274 0.7485929
vn -0.6941123 0.7097985 -0.1199762
vn -0.01960766 0.66274 0.7485929
vn -0.01960766 0.262743 0.9646666
vn -0.1843122 -0.5843093 -0.7903237
vn 0.349017 -0.7176416 0.6026423
vn 0.8039154 -0.5921524 -0.05545755
vn -0.7071068 -0.7071068 0
vn 0.349017 -0.7176416 0.6026423
vn -0.8509738 0.3882322 0.353722
vn 0.09019542 0.3725461 0.9236202
vn -0.7071068 -0.7071068 0
vn -0.8509738 0.3882322 0.353722
vn -0.1843122 -0.5843093 -0.7903237
vn -0.1843122 0.5686231 -0.8016837
vn -0.7071068 -0.7071068 0
vn 0.8039154 -0.5921524 -0.05545755
vn 0.09019542 0.3725461 0.9236202
vn 0.8039154 0.5764661 -0.1463106
vn 0.349017 -0.7176416 0.6026423
vn 0.09019542 0.3725461 0.9236202
vn -0.1843122 0.5686231 -0.8016837
vn 0.8039154 0.5764661 -0.1463106
vn -0.8509738 0.3882322 0.353722
vn 0.8039154 0.5764661 -0.1463106
vn -0.1843122 -0.5843093 -0.7903237
vn 0.8039154 -0.5921524 -0.05545755
vn -0.1843122 0.5686231 -0.8016837
vn 0.8666601 -0.01176465 -0.4987604
vn -0.7882292 0.3725461 -0.4898001
vn -0.8509738 -0.01176465 -0.5250763
vn 0.8039154 0.3725461 -0.4636047
vn -0.6784261 0.6078384 -0.4126384
vn 0.6941124 0.6078384 -0.3856689
vn -0.8509738 -0.01176465 -0.5250763
vn 0.8666601 -0.01176465 -0.4987604
vn -0.8509738 -0.01176465 -0.5250763
vn 0.01176465 0.3803892 0.9247517
vn 0.01176465 -0.01176465 0.9998616
vn -0.7882292 0.3725461 -0.4898001
vn 0.01176465 0.6392107 0.7689416
vn -0.6784261 0.6078384 -0.4126384
vn 0.01176465 -0.01176465 0.9998616
vn -0.8509738 -0.01176465 -0.5250763
vn 0.01176465 -0.01176465 0.9998616
vn 0.8039154 0.3725461 -0.4636047
vn 0.8666601 -0.01176465 -0.4987604
vn 0.01176465 0.3803892 0.9247517
vn 0.6941124 0.6078384 -0.3856689
vn 0.01176465 0.6392107 0.7689416
vn 0.8666601 -0.01176465 -0.4987604
vn 0.01176465 -0.01176465 0.9998616
vn -0.6470538 -0.4117616 -0.641696
vn 0.6627401 -0.4117616 0.6254822
vn 0.6627401 -0.4117616 -0.6254822
vn -0.6470538 -0.4117616 0.641696
vn 0.6627401 -0.4117616 0.6254822
vn -0.45882 0.7490138 0.4779776
vn 0.4745062 0.7490138 0.4624092
vn -0.6470538 -0.4117616 0.641696
vn -0.45882 0.7490138 0.4779776
vn -0.6470538 -0.4117616 -0.641696
vn -0.45882 0.7490138 -0.4779776
vn -0.6470538 -0.4117616 0.641696
vn 0.6627401 -0.4117616 -0.6254822
vn 0.4745062 0.7490138 0.4624092
vn 0.4745062 0.7490138 -0.4624092
vn 0.6627401 -0.4117616 0.6254822
vn 0.4745062 0.7490138 0.4624092
vn -0.45882 0.7490138 -0.4779776
vn 0.4745062 0.7490138 -0.4624092
vn -0.45882 0.7490138 0.4779776
vn 0.4745062 0.7490138 -0.4624092
vn -0.6470538 -0.4117616 -0.641696
vn 0.6627401 -0.4117616 -0.6254822
vn -0.45882 0.7490138 -0.4779776
vn 0.6156816 0.3411738 0.7103074
vn -0.7568569 0.2862723 0.5875506
vn 0.7725431 0.2862723 0.5667674
vn -0.5999954 0.3411738 0.7236063
vn 0.7725431 0.2862723 -0.5667674
vn -0.5999954 0.3411738 -0.7236063
vn 0.6156816 0.3411738 -0.7103074
vn -0.7568569 0.2862723 -0.5875506
vn -0.5999954 0.3411738 0.7236063
vn -0.7568569 0.2862723 -0.5875506
vn -0.7568569 0.2862723 0.5875506
vn -0.5999954 0.3411738 -0.7236063
vn 0.6156816 0.3411738 -0.7103074
vn 0.7725431 0.2862723 0.5667674
vn 0.7725431 0.2862723 -0.5667674
vn 0.6156816 0.3411738 0.7103074
vn -0.5999954 0.3411738 0.7236063
vn 0.7725431 0.2862723 0.5667674
vn 0.6156816 0.3411738 0.7103074
vn -0.7568569 0.2862723 0.5875506
vn -0.7568569 0.2862723 -0.5875506
vn 0.6156816 0.3411738 -0.7103074
vn 0.7725431 0.2862723 -0.5667674
vn -0.5999954 0.3411738 -0.7236063
vn 0.6156816 0.3411738 0.7103074
vn 0.7725431 0.2862723 -0.5667674
vn 0.6156816 0.3411738 -0.7103074
vn 0.7725431 0.2862723 0.5667674
vn -0.5999954 0.3411738 -0.7236063
vn -0.7568569 0.2862723 0.5875506
vn -0.5999954 0.3411738 0.7236063
vn -0.7568569 0.2862723 -0.5875506
vn 0.7333277 0.01960766 -0.6795925
vn 0.08235234 0.2549 -0.9634542
vn 0.858817 0.1999984 -0.4716291
vn 0.0274508 -0.01176465 -0.9995539
vn 0.552937 -0.7411708 -0.3806922
vn 0.01960772 0.003921509 -0.9998001
vn 0.1215677 0.3411738 -0.9321061
vn 0.6941124 0.1372538 -0.7066607
vn -0.003921509 0.003921509 -0.9999846
vn 0.9137185 0.3019584 -0.2719183
vn 0.01176465 -0.6156816 -0.7879072
vn 0.01960772 0.003921509 -0.9998001
vn 0.552937 -0.7411708 -0.3806922
vn 0.01176465 0.003921509 -0.9999231
vn -0.5372508 -0.7411708 -0.4025264
vn -0.003921509 0.003921509 -0.9999846
vn 0.9137185 0.3019584 -0.2719183
vn 0.01176465 0.003921509 -0.9999231
vn 0.01176465 0.7097985 -0.7043065
vn -0.003921509 0.003921509 -0.9999846
vn 0.01960772 0.003921509 -0.9998001
vn -0.8980323 0.3019584 -0.319936
vn -0.8431307 0.1999984 -0.4991305
vn -0.01176453 -0.01176465 -0.9998616
vn -0.7176415 0.01960766 -0.6961367
vn -0.06666613 0.2549 -0.9646666
vn -0.003921509 0.003921509 -0.9999846
vn -0.5372508 -0.7411708 -0.4025264
vn -0.6784261 0.1372538 -0.7217336
vn -0.1058815 0.3411738 -0.934018
vn -0.8980323 0.3019584 -0.319936
vn 0.01960772 0.003921509 -0.9998001
vn 0.6156816 -0.01176465 0.7879072
vn -0.7882292 -0.01176465 0.6152693
vn -0.7882292 -0.01176465 0.6152693
vn 0.6156816 -0.01176465 0.7879072
vn 0.5058785 0.5764661 0.641696
vn -0.6470538 0.5764661 0.4990072
vn -0.6470538 -0.5921524 0.4802884
vn 0.5058785 -0.5921524 0.62725
vn 0.8039154 -0.01176465 -0.5946273
vn -0.5999954 -0.01176465 -0.799917
vn 0.8039154 -0.01176465 -0.5946273
vn -0.5999954 -0.01176465 -0.799917
vn 0.6627401 0.5764661 -0.4779775
vn -0.4901923 0.5686231 -0.6605901
vn -0.4901923 -0.5843093 -0.6467566
vn 0.6627401 -0.5921524 -0.4584007
vn -0.5999954 -0.01176465 -0.799917
vn -0.7882292 -0.01176465 0.6152693
vn -0.5999954 -0.01176465 -0.799917
vn -0.7882292 -0.01176465 0.6152693
vn -0.4901923 0.5686231 -0.6605901
vn -0.6470538 0.5764661 0.4990072
vn 0.6627401 0.5764661 -0.4779775
vn 0.5058785 0.5764661 0.641696
vn 0.8039154 -0.01176465 -0.5946273
vn 0.6156816 -0.01176465 0.7879072
vn 0.8039154 -0.01176465 -0.5946273
vn 0.6156816 -0.01176465 0.7879072
vn 0.6627401 -0.5921524 -0.4584007
vn 0.5058785 -0.5921524 0.62725
vn -0.4901923 -0.5843093 -0.6467566
vn -0.6470538 -0.5921524 0.4802884
vn -0.45882 -0.01176465 0.8884513
vn 0.8980324 -0.01176465 0.4397721
vn -0.45882 -0.01176465 0.8884513
vn 0.8980324 -0.01176465 0.4397721
vn -0.3725461 0.5686231 0.7334011
vn 0.7333277 0.5764661 0.3604404
vn 0.7333277 -0.5921524 0.334045
vn -0.3725461 -0.5843093 0.7209661
vn -0.8823462 -0.01176465 -0.4704539
vn 0.4745062 -0.01176465 -0.8801736
vn 0.4745062 -0.01176465 -0.8801736
vn -0.8823462 -0.01176465 -0.4704539
vn -0.7176415 0.5764661 -0.3907398
vn 0.3882324 0.5686231 -0.7252196
vn 0.3882324 -0.5843093 -0.7126418
vn -0.7176415 -0.5921524 -0.3665328
vn 0.4745062 -0.01176465 -0.8801736
vn 0.8980324 -0.01176465 0.4397721
vn 0.8980324 -0.01176465 0.4397721
vn 0.4745062 -0.01176465 -0.8801736
vn 0.3882324 0.5686231 -0.7252196
vn 0.7333277 0.5764661 0.3604404
vn -0.7176415 0.5764661 -0.3907398
vn -0.3725461 0.5686231 0.7334011
vn -0.8823462 -0.01176465 -0.4704539
vn -0.45882 -0.01176465 0.8884513
vn -0.8823462 -0.01176465 -0.4704539
vn -0.45882 -0.01176465 0.8884513
vn -0.7176415 -0.5921524 -0.3665328
vn -0.3725461 -0.5843093 0.7209661
vn 0.3882324 -0.5843093 -0.7126418
vn 0.7333277 -0.5921524 0.334045
g mx_jingChe2_cheshen_0
f 3/3/3 2/2/2 1/1/1
f 4/4/4 1/1/1 2/2/2
f 2/2/2 3/3/3 5/5/5
f 6/6/6 5/5/5 3/3/3
f 5/5/5 6/6/6 7/7/7
f 8/8/8 7/7/7 6/6/6
f 7/7/7 8/8/8 9/9/9
f 10/10/10 9/9/9 8/8/8
f 9/9/9 10/10/10 11/11/11
f 12/12/12 11/11/11 10/10/10
f 1/1/1 4/4/4 12/12/12
f 11/11/11 12/12/12 4/4/4
f 2/2/2 13/13/13 4/4/4
f 5/5/5 13/13/13 2/2/2
f 7/7/7 13/13/13 5/5/5
f 9/9/9 13/13/13 7/7/7
f 11/11/11 13/13/13 9/9/9
f 4/4/4 13/13/13 11/11/11
f 16/16/16 15/15/15 14/14/14
f 17/17/17 14/14/14 15/15/15
f 15/15/15 18/18/18 17/17/17
f 19/19/19 17/17/17 18/18/18
f 18/18/18 20/20/20 19/19/19
f 21/21/21 19/19/19 20/20/20
f 20/20/20 22/22/22 21/21/21
f 23/23/23 21/21/21 22/22/22
f 22/22/22 24/24/24 23/23/23
f 25/25/25 23/23/23 24/24/24
f 24/24/24 16/16/16 25/25/25
f 14/14/14 25/25/25 16/16/16
f 26/26/26 15/15/15 16/16/16
f 26/26/26 18/18/18 15/15/15
f 26/26/26 20/20/20 18/18/18
f 26/26/26 22/22/22 20/20/20
f 26/26/26 24/24/24 22/22/22
f 26/26/26 16/16/16 24/24/24
f 29/29/29 28/28/28 27/27/27
f 30/30/30 27/27/27 28/28/28
f 28/28/28 31/31/31 30/30/30
f 32/32/32 30/30/30 31/31/31
f 31/31/31 33/33/33 32/32/32
f 34/34/34 32/32/32 33/33/33
f 34/34/34 33/33/33 35/35/35
f 36/36/36 35/35/35 33/33/33
f 35/35/35 36/36/36 37/37/37
f 38/38/38 37/37/37 36/36/36
f 27/27/27 39/39/39 29/29/29
f 40/40/40 29/29/29 39/39/39
f 39/39/39 41/41/41 40/40/40
f 42/42/42 40/40/40 41/41/41
f 41/41/41 43/43/43 42/42/42
f 44/44/44 42/42/42 43/43/43
f 30/30/30 32/32/32 45/45/45
f 45/45/45 46/46/46 30/30/30
f 47/47/47 45/45/45 32/32/32
f 32/32/32 34/34/34 47/47/47
f 48/48/48 47/47/47 34/34/34
f 34/34/34 35/35/35 48/48/48
f 49/49/49 48/48/48 35/35/35
f 35/35/35 37/37/37 49/49/49
f 50/50/50 49/49/49 37/37/37
f 41/41/41 39/39/39 51/51/51
f 52/52/52 51/51/51 39/39/39
f 46/46/46 52/52/52 27/27/27
f 39/39/39 27/27/27 52/52/52
f 27/27/27 30/30/30 46/46/46
f 51/51/51 53/53/53 41/41/41
f 43/43/43 41/41/41 53/53/53
f 56/56/56 55/55/55 54/54/54
f 57/57/57 54/54/54 55/55/55
f 55/55/55 56/56/56 58/58/58
f 59/59/59 58/58/58 56/56/56
f 58/58/58 59/59/59 60/60/60
f 61/61/61 60/60/60 59/59/59
f 61/61/61 62/62/62 60/60/60
f 63/63/63 60/60/60 62/62/62
f 62/62/62 64/64/64 63/63/63
f 65/65/65 63/63/63 64/64/64
f 54/54/54 57/57/57 66/66/66
f 67/67/67 66/66/66 57/57/57
f 66/66/66 67/67/67 68/68/68
f 69/69/69 68/68/68 67/67/67
f 68/68/68 69/69/69 70/70/70
f 71/71/71 70/70/70 69/69/69
f 56/56/56 72/72/72 59/59/59
f 72/72/72 56/56/56 73/73/73
f 54/54/54 73/73/73 56/56/56
f 61/61/61 74/74/74 62/62/62
f 74/74/74 61/61/61 75/75/75
f 75/75/75 59/59/59 72/72/72
f 59/59/59 75/75/75 61/61/61
f 66/66/66 76/76/76 54/54/54
f 73/73/73 54/54/54 76/76/76
f 68/68/68 77/77/77 66/66/66
f 76/76/76 66/66/66 77/77/77
f 70/70/70 78/78/78 68/68/68
f 77/77/77 68/68/68 78/78/78
f 79/79/79 62/62/62 74/74/74
f 62/62/62 79/79/79 64/64/64
f 80/80/80 64/64/64 79/79/79
f 83/83/83 82/82/82 81/81/81
f 84/84/84 81/81/81 82/82/82
f 83/83/83 81/81/81 85/85/85
f 86/86/86 85/85/85 81/81/81
f 86/86/86 87/87/87 85/85/85
f 88/88/88 85/85/85 87/87/87
f 88/88/88 87/87/87 89/89/89
f 90/90/90 89/89/89 87/87/87
f 93/93/93 92/92/92 91/91/91
f 94/94/94 91/91/91 92/92/92
f 94/94/94 95/95/95 91/91/91
f 96/96/96 91/91/91 95/95/95
f 96/96/96 95/95/95 97/97/97
f 98/98/98 97/97/97 95/95/95
f 97/97/97 98/98/98 99/99/99
f 100/100/100 99/99/99 98/98/98
f 99/99/99 100/100/100 101/101/101
f 102/102/102 101/101/101 100/100/100
f 101/101/101 102/102/102 103/103/103
f 104/104/104 103/103/103 102/102/102
f 105/105/105 103/103/103 104/104/104
f 93/93/93 106/106/106 92/92/92
f 107/107/107 92/92/92 106/106/106
f 107/107/107 106/106/106 108/108/108
f 109/109/109 108/108/108 106/106/106
f 110/110/110 105/105/105 104/104/104
f 109/109/109 111/111/111 108/108/108
f 112/112/112 108/108/108 111/111/111
f 104/104/104 113/113/113 110/110/110
f 114/114/114 110/110/110 113/113/113
f 113/113/113 115/115/115 114/114/114
f 116/116/116 114/114/114 115/115/115
f 115/115/115 112/112/112 116/116/116
f 111/111/111 116/116/116 112/112/112
f 119/119/119 118/118/118 117/117/117
f 120/120/120 117/117/117 118/118/118
f 117/117/117 121/121/121 119/119/119
f 122/122/122 119/119/119 121/121/121
f 122/122/122 121/121/121 123/123/123
f 124/124/124 123/123/123 121/121/121
f 123/123/123 124/124/124 125/125/125
f 126/126/126 125/125/125 124/124/124
f 129/129/129 128/128/128 127/127/127
f 130/130/130 127/127/127 128/128/128
f 127/127/127 131/131/131 129/129/129
f 132/132/132 129/129/129 131/131/131
f 130/130/130 133/133/133 127/127/127
f 134/134/134 127/127/127 133/133/133
f 127/127/127 134/134/134 131/131/131
f 135/135/135 131/131/131 134/134/134
f 138/138/138 137/137/137 136/136/136
f 139/139/139 136/136/136 137/137/137
f 137/137/137 140/140/140 139/139/139
f 139/139/139 141/141/141 136/136/136
f 142/142/142 136/136/136 141/141/141
f 141/141/141 143/143/143 142/142/142
f 142/142/142 143/143/143 144/144/144
f 145/145/145 144/144/144 143/143/143
f 146/146/146 143/143/143 141/141/141
f 145/145/145 147/147/147 144/144/144
f 147/147/147 145/145/145 148/148/148
f 149/149/149 144/144/144 147/147/147
f 138/138/138 150/150/150 137/137/137
f 151/151/151 137/137/137 150/150/150
f 138/138/138 136/136/136 152/152/152
f 138/138/138 152/152/152 150/150/150
f 153/153/153 152/152/152 136/136/136
f 142/142/142 144/144/144 154/154/154
f 155/155/155 154/154/154 144/144/144
f 154/154/154 156/156/156 142/142/142
f 142/142/142 156/156/156 136/136/136
f 153/153/153 136/136/136 156/156/156
f 154/154/154 157/157/157 156/156/156
f 158/158/158 152/152/152 153/153/153
f 149/149/149 159/159/159 144/144/144
f 155/155/155 159/159/159 160/160/160
f 155/155/155 144/144/144 159/159/159
f 161/161/161 150/150/150 152/152/152
f 164/164/164 163/163/163 162/162/162
f 165/165/165 162/162/162 163/163/163
f 162/162/162 166/166/166 164/164/164
f 167/167/167 164/164/164 166/166/166
f 167/167/167 166/166/166 168/168/168
f 162/162/162 169/169/169 166/166/166
f 162/162/162 165/165/165 169/169/169
f 170/170/170 166/166/166 169/169/169
f 171/171/171 166/166/166 170/170/170
f 171/171/171 172/172/172 166/166/166
f 173/173/173 166/166/166 172/172/172
f 173/173/173 172/172/172 174/174/174
f 174/174/174 175/175/175 173/173/173
f 175/175/175 176/176/176 173/173/173
f 166/166/166 176/176/176 168/168/168
f 166/166/166 173/173/173 176/176/176
f 177/177/177 174/174/174 172/172/172
f 178/178/178 174/174/174 177/177/177
f 179/179/179 174/174/174 178/178/178
f 180/180/180 174/174/174 179/179/179
f 181/181/181 168/168/168 176/176/176
f 182/182/182 180/180/180 179/179/179
f 183/183/183 182/182/182 179/179/179
f 183/183/183 179/179/179 184/184/184
f 185/185/185 184/184/184 179/179/179
f 184/184/184 186/186/186 183/183/183
f 187/187/187 183/183/183 186/186/186
f 190/190/190 189/189/189 188/188/188
f 191/191/191 188/188/188 189/189/189
f 188/188/188 191/191/191 192/192/192
f 193/193/193 192/192/192 191/191/191
f 193/193/193 194/194/194 192/192/192
f 195/195/195 192/192/192 194/194/194
f 198/198/198 197/197/197 196/196/196
f 199/199/199 196/196/196 197/197/197
f 199/199/199 200/200/200 196/196/196
f 201/201/201 196/196/196 200/200/200
f 201/201/201 200/200/200 202/202/202
f 203/203/203 202/202/202 200/200/200
f 202/202/202 204/204/204 201/201/201
f 205/205/205 201/201/201 204/204/204
f 196/196/196 206/206/206 198/198/198
f 196/196/196 201/201/201 206/206/206
f 205/205/205 206/206/206 201/201/201
f 207/207/207 198/198/198 206/206/206
f 205/205/205 204/204/204 208/208/208
f 205/205/205 208/208/208 206/206/206
f 209/209/209 208/208/208 204/204/204
f 208/208/208 209/209/209 210/210/210
f 211/211/211 210/210/210 209/209/209
f 208/208/208 210/210/210 212/212/212
f 212/212/212 206/206/206 208/208/208
f 213/213/213 212/212/212 210/210/210
f 213/213/213 214/214/214 212/212/212
f 215/215/215 212/212/212 214/214/214
f 212/212/212 215/215/215 206/206/206
f 207/207/207 206/206/206 215/215/215
f 218/218/218 217/217/217 216/216/216
f 219/219/219 216/216/216 217/217/217
f 219/219/219 220/220/220 216/216/216
f 221/221/221 216/216/216 220/220/220
f 221/221/221 220/220/220 222/222/222
f 223/223/223 222/222/222 220/220/220
f 223/223/223 224/224/224 222/222/222
f 225/225/225 222/222/222 224/224/224
f 228/228/228 227/227/227 226/226/226
f 229/229/229 226/226/226 227/227/227
f 226/226/226 229/229/229 230/230/230
f 231/231/231 230/230/230 229/229/229
f 228/228/228 232/232/232 227/227/227
f 233/233/233 227/227/227 232/232/232
f 232/232/232 234/234/234 233/233/233
f 235/235/235 233/233/233 234/234/234
f 236/236/236 169/169/169 165/165/165
f 239/239/239 238/238/238 237/237/237
f 240/240/240 237/237/237 238/238/238
f 238/238/238 239/239/239 241/241/241
f 242/242/242 241/241/241 239/239/239
f 241/241/241 243/243/243 238/238/238
f 244/244/244 238/238/238 243/243/243
f 238/238/238 244/244/244 240/240/240
f 243/243/243 245/245/245 244/244/244
f 246/246/246 244/244/244 245/245/245
f 244/244/244 246/246/246 247/247/247
f 247/247/247 240/240/240 244/244/244
f 248/248/248 247/247/247 246/246/246
f 242/242/242 249/249/249 241/241/241
f 250/250/250 241/241/241 249/249/249
f 241/241/241 250/250/250 243/243/243
f 249/249/249 251/251/251 250/250/250
f 252/252/252 250/250/250 251/251/251
f 243/243/243 253/253/253 245/245/245
f 253/253/253 243/243/243 250/250/250
f 250/250/250 252/252/252 253/253/253
f 254/254/254 245/245/245 253/253/253
f 253/253/253 255/255/255 254/254/254
f 255/255/255 253/253/253 252/252/252
f 256/256/256 254/254/254 255/255/255
f 259/259/259 258/258/258 257/257/257
f 260/260/260 257/257/257 258/258/258
f 258/258/258 259/259/259 261/261/261
f 262/262/262 261/261/261 259/259/259
f 261/261/261 262/262/262 263/263/263
f 264/264/264 263/263/263 262/262/262
f 263/263/263 264/264/264 265/265/265
f 266/266/266 265/265/265 264/264/264
f 268/268/268 267/267/267 266/266/266
f 267/267/267 268/268/268 269/269/269
f 270/270/270 269/269/269 268/268/268
f 269/269/269 270/270/270 271/271/271
f 272/272/272 271/271/271 270/270/270
f 271/271/271 272/272/272 273/273/273
f 274/274/274 273/273/273 272/272/272
f 277/277/277 276/276/276 275/275/275
f 280/280/280 279/279/279 278/278/278
f 281/281/281 278/278/278 279/279/279
f 284/284/284 283/283/283 282/282/282
f 285/285/285 282/282/282 283/283/283
f 282/282/282 286/286/286 284/284/284
f 287/287/287 284/284/284 286/286/286
f 282/282/282 285/285/285 288/288/288
f 289/289/289 288/288/288 285/285/285
f 286/286/286 282/282/282 290/290/290
f 288/288/288 290/290/290 282/282/282
f 290/290/290 288/288/288 291/291/291
f 288/288/288 289/289/289 291/291/291
f 286/286/286 290/290/290 292/292/292
f 286/286/286 292/292/292 287/287/287
f 293/293/293 292/292/292 290/290/290
f 290/290/290 294/294/294 293/293/293
f 294/294/294 290/290/290 295/295/295
f 296/296/296 295/295/295 290/290/290
f 296/296/296 297/297/297 295/295/295
f 298/298/298 297/297/297 296/296/296
f 299/299/299 298/298/298 296/296/296
f 299/299/299 290/290/290 291/291/291
f 296/296/296 290/290/290 299/299/299
f 300/300/300 295/295/295 297/297/297
f 297/297/297 301/301/301 300/300/300
f 297/297/297 302/302/302 301/301/301
f 297/297/297 303/303/303 302/302/302
f 291/291/291 304/304/304 299/299/299
f 304/304/304 291/291/291 305/305/305
f 306/306/306 305/305/305 291/291/291
f 306/306/306 291/291/291 289/289/289
f 303/303/303 307/307/307 302/302/302
f 307/307/307 308/308/308 302/302/302
f 308/308/308 309/309/309 302/302/302
f 310/310/310 302/302/302 309/309/309
f 309/309/309 308/308/308 311/311/311
f 312/312/312 311/311/311 308/308/308
f 315/315/315 314/314/314 313/313/313
f 316/316/316 313/313/313 314/314/314
f 313/313/313 317/317/317 315/315/315
f 318/318/318 315/315/315 317/317/317
f 318/318/318 317/317/317 319/319/319
f 320/320/320 319/319/319 317/317/317
f 323/323/323 322/322/322 321/321/321
f 324/324/324 321/321/321 322/322/322
f 321/321/321 325/325/325 323/323/323
f 326/326/326 323/323/323 325/325/325
f 324/324/324 322/322/322 327/327/327
f 328/328/328 327/327/327 322/322/322
f 327/327/327 328/328/328 329/329/329
f 330/330/330 329/329/329 328/328/328
f 331/331/331 287/287/287 292/292/292
f 334/334/334 333/333/333 332/332/332
f 335/335/335 332/332/332 333/333/333
f 333/333/333 336/336/336 335/335/335
f 337/337/337 335/335/335 336/336/336
f 336/336/336 338/338/338 337/337/337
f 339/339/339 337/337/337 338/338/338
f 338/338/338 340/340/340 339/339/339
f 341/341/341 339/339/339 340/340/340
f 343/343/343 341/341/341 342/342/342
f 342/342/342 344/344/344 343/343/343
f 345/345/345 343/343/343 344/344/344
f 344/344/344 346/346/346 345/345/345
f 347/347/347 345/345/345 346/346/346
f 346/346/346 348/348/348 347/347/347
f 349/349/349 347/347/347 348/348/348
f 352/352/352 351/351/351 350/350/350
f 355/355/355 354/354/354 353/353/353
f 356/356/356 353/353/353 354/354/354
f 359/359/359 358/358/358 357/357/357
f 360/360/360 357/357/357 358/358/358
f 358/358/358 359/359/359 361/361/361
f 362/362/362 361/361/361 359/359/359
f 361/361/361 362/362/362 363/363/363
f 364/364/364 363/363/363 362/362/362
f 360/360/360 358/358/358 365/365/365
f 366/366/366 365/365/365 358/358/358
f 358/358/358 361/361/361 366/366/366
f 367/367/367 366/366/366 361/361/361
f 367/367/367 361/361/361 368/368/368
f 363/363/363 368/368/368 361/361/361
f 365/365/365 366/366/366 369/369/369
f 370/370/370 369/369/369 366/366/366
f 367/367/367 371/371/371 366/366/366
f 370/370/370 366/366/366 371/371/371
f 367/367/367 368/368/368 371/371/371
f 372/372/372 371/371/371 368/368/368
f 364/364/364 373/373/373 363/363/363
f 374/374/374 363/363/363 373/373/373
f 373/373/373 375/375/375 374/374/374
f 376/376/376 374/374/374 375/375/375
f 376/376/376 377/377/377 374/374/374
f 378/378/378 374/374/374 377/377/377
f 363/363/363 374/374/374 378/378/378
f 375/375/375 379/379/379 376/376/376
f 365/365/365 369/369/369 380/380/380
f 365/365/365 380/380/380 381/381/381
f 381/381/381 382/382/382 365/365/365
f 360/360/360 365/365/365 382/382/382
f 382/382/382 383/383/383 360/360/360
f 357/357/357 360/360/360 383/383/383
f 384/384/384 381/381/381 380/380/380
f 373/373/373 385/385/385 375/375/375
f 385/385/385 373/373/373 386/386/386
f 364/364/364 386/386/386 373/373/373
f 364/364/364 362/362/362 386/386/386
f 387/387/387 386/386/386 362/362/362
f 362/362/362 359/359/359 387/387/387
f 359/359/359 357/357/357 388/388/388
f 388/388/388 387/387/387 359/359/359
f 389/389/389 388/388/388 357/357/357
f 357/357/357 383/383/383 389/389/389
f 389/389/389 390/390/390 388/388/388
f 391/391/391 388/388/388 390/390/390
f 388/388/388 391/391/391 387/387/387
f 392/392/392 387/387/387 391/391/391
f 386/386/386 387/387/387 393/393/393
f 392/392/392 393/393/393 387/387/387
f 390/390/390 394/394/394 391/391/391
f 395/395/395 391/391/391 394/394/394
f 395/395/395 396/396/396 391/391/391
f 392/392/392 391/391/391 396/396/396
f 392/392/392 396/396/396 393/393/393
f 397/397/397 393/393/393 396/396/396
f 394/394/394 390/390/390 398/398/398
f 389/389/389 399/399/399 390/390/390
f 399/399/399 389/389/389 383/383/383
f 400/400/400 390/390/390 399/399/399
f 390/390/390 400/400/400 398/398/398
f 401/401/401 398/398/398 400/400/400
f 404/404/404 403/403/403 402/402/402
f 405/405/405 402/402/402 403/403/403
f 403/403/403 406/406/406 405/405/405
f 407/407/407 405/405/405 406/406/406
f 406/406/406 408/408/408 407/407/407
f 404/404/404 408/408/408 403/403/403
f 406/406/406 403/403/403 408/408/408
f 409/409/409 407/407/407 408/408/408
f 408/408/408 410/410/410 409/409/409
f 408/408/408 404/404/404 410/410/410
f 411/411/411 409/409/409 410/410/410
f 402/402/402 412/412/412 404/404/404
f 413/413/413 404/404/404 412/412/412
f 413/413/413 410/410/410 404/404/404
f 412/412/412 414/414/414 413/413/413
f 411/411/411 410/410/410 414/414/414
f 415/415/415 413/413/413 414/414/414
f 415/415/415 414/414/414 410/410/410
f 410/410/410 413/413/413 415/415/415
f 418/418/418 417/417/417 416/416/416
f 419/419/419 416/416/416 417/417/417
f 420/420/420 417/417/417 418/418/418
f 420/420/420 421/421/421 417/417/417
f 421/421/421 420/420/420 422/422/422
f 422/422/422 423/423/423 421/421/421
f 424/424/424 421/421/421 423/423/423
f 423/423/423 422/422/422 425/425/425
f 426/426/426 425/425/425 422/422/422
f 424/424/424 427/427/427 421/421/421
f 428/428/428 421/421/421 427/427/427
f 428/428/428 417/417/417 421/421/421
f 426/426/426 429/429/429 425/425/425
f 429/429/429 426/426/426 430/430/430
f 431/431/431 430/430/430 426/426/426
f 432/432/432 425/425/425 429/429/429
f 423/423/423 433/433/433 424/424/424
f 423/423/423 425/425/425 433/433/433
f 434/434/434 424/424/424 433/433/433
f 424/424/424 434/434/434 427/427/427
f 433/433/433 435/435/435 434/434/434
f 436/436/436 434/434/434 435/435/435
f 437/437/437 427/427/427 434/434/434
f 422/422/422 438/438/438 426/426/426
f 439/439/439 426/426/426 438/438/438
f 426/426/426 439/439/439 431/431/431
f 438/438/438 440/440/440 439/439/439
f 440/440/440 438/438/438 441/441/441
f 420/420/420 441/441/441 438/438/438
f 438/438/438 422/422/422 420/420/420
f 442/442/442 439/439/439 440/440/440
f 439/439/439 442/442/442 431/431/431
f 443/443/443 431/431/431 442/442/442
f 443/443/443 444/444/444 431/431/431
f 445/445/445 431/431/431 444/444/444
f 436/436/436 446/446/446 434/434/434
f 447/447/447 434/434/434 446/446/446
f 437/437/437 434/434/434 447/447/447
f 444/444/444 448/448/448 445/445/445
f 449/449/449 445/445/445 448/448/448
f 449/449/449 450/450/450 445/445/445
f 450/450/450 449/449/449 451/451/451
f 452/452/452 451/451/451 449/449/449
f 445/445/445 450/450/450 431/431/431
f 430/430/430 431/431/431 450/450/450
f 450/450/450 451/451/451 430/430/430
f 453/453/453 430/430/430 451/451/451
f 453/453/453 454/454/454 430/430/430
f 429/429/429 430/430/430 454/454/454
f 454/454/454 455/455/455 429/429/429
f 432/432/432 429/429/429 455/455/455
f 456/456/456 425/425/425 432/432/432
f 456/456/456 433/433/433 425/425/425
f 456/456/456 435/435/435 433/433/433
f 459/459/459 458/458/458 457/457/457
f 460/460/460 457/457/457 458/458/458
f 460/460/460 458/458/458 461/461/461
f 462/462/462 461/461/461 458/458/458
f 459/459/459 457/457/457 463/463/463
f 459/459/459 463/463/463 464/464/464
f 465/465/465 464/464/464 463/463/463
f 466/466/466 463/463/463 457/457/457
f 465/465/465 467/467/467 464/464/464
f 468/468/468 464/464/464 467/467/467
f 458/458/458 469/469/469 462/462/462
f 467/467/467 470/470/470 468/468/468
f 419/419/419 468/468/468 470/470/470
f 417/417/417 468/468/468 419/419/419
f 468/468/468 417/417/417 428/428/428
f 470/470/470 471/471/471 419/419/419
f 416/416/416 419/419/419 471/471/471
f 471/471/471 472/472/472 416/416/416
f 473/473/473 416/416/416 472/472/472
f 416/416/416 473/473/473 418/418/418
f 474/474/474 418/418/418 473/473/473
f 418/418/418 474/474/474 420/420/420
f 441/441/441 420/420/420 474/474/474
f 477/477/477 476/476/476 475/475/475
f 478/478/478 475/475/475 476/476/476
f 475/475/475 479/479/479 477/477/477
f 475/475/475 478/478/478 480/480/480
f 475/475/475 480/480/480 481/481/481
f 475/475/475 481/481/481 482/482/482
f 483/483/483 479/479/479 475/475/475
f 486/486/486 485/485/485 484/484/484
f 487/487/487 484/484/484 485/485/485
f 485/485/485 486/486/486 488/488/488
f 489/489/489 488/488/488 486/486/486
f 492/492/492 491/491/491 490/490/490
f 493/493/493 490/490/490 491/491/491
f 492/492/492 490/490/490 494/494/494
f 495/495/495 494/494/494 490/490/490
f 492/492/492 494/494/494 496/496/496
f 497/497/497 496/496/496 494/494/494
f 496/496/496 498/498/498 492/492/492
f 491/491/491 492/492/492 498/498/498
f 495/495/495 499/499/499 494/494/494
f 500/500/500 494/494/494 499/499/499
f 500/500/500 499/499/499 501/501/501
f 502/502/502 501/501/501 499/499/499
f 500/500/500 503/503/503 494/494/494
f 497/497/497 494/494/494 503/503/503
f 501/501/501 504/504/504 500/500/500
f 503/503/503 500/500/500 504/504/504
f 507/507/507 506/506/506 505/505/505
f 508/508/508 505/505/505 506/506/506
f 506/506/506 509/509/509 508/508/508
f 510/510/510 508/508/508 509/509/509
f 505/505/505 511/511/511 507/507/507
f 512/512/512 507/507/507 511/511/511
f 515/515/515 514/514/514 513/513/513
f 516/516/516 513/513/513 514/514/514
f 519/519/519 518/518/518 517/517/517
f 520/520/520 517/517/517 518/518/518
f 518/518/518 521/521/521 520/520/520
f 522/522/522 520/520/520 521/521/521
f 521/521/521 523/523/523 522/522/522
f 524/524/524 522/522/522 523/523/523
f 523/523/523 525/525/525 524/524/524
f 526/526/526 524/524/524 525/525/525
f 529/529/529 528/528/528 527/527/527
f 530/530/530 527/527/527 528/528/528
f 532/532/532 531/531/531 385/385/385
f 533/533/533 385/385/385 531/531/531
f 533/533/533 375/375/375 385/385/385
f 385/385/385 386/386/386 532/532/532
f 534/534/534 375/375/375 533/533/533
f 537/537/537 536/536/536 535/535/535
f 538/538/538 535/535/535 536/536/536
f 536/536/536 537/537/537 539/539/539
f 540/540/540 539/539/539 537/537/537
f 539/539/539 540/540/540 541/541/541
f 539/539/539 541/541/541 536/536/536
f 538/538/538 536/536/536 541/541/541
f 542/542/542 541/541/541 540/540/540
f 541/541/541 542/542/542 543/543/543
f 541/541/541 543/543/543 538/538/538
f 544/544/544 543/543/543 542/542/542
f 535/535/535 538/538/538 545/545/545
f 546/546/546 545/545/545 538/538/538
f 546/546/546 538/538/538 543/543/543
f 545/545/545 546/546/546 547/547/547
f 544/544/544 547/547/547 543/543/543
f 548/548/548 547/547/547 546/546/546
f 548/548/548 543/543/543 547/547/547
f 546/546/546 543/543/543 548/548/548
f 551/551/551 550/550/550 549/549/549
f 552/552/552 549/549/549 550/550/550
f 550/550/550 553/553/553 552/552/552
f 553/553/553 550/550/550 554/554/554
f 554/554/554 555/555/555 553/553/553
f 555/555/555 554/554/554 556/556/556
f 557/557/557 556/556/556 554/554/554
f 556/556/556 558/558/558 555/555/555
f 559/559/559 555/555/555 558/558/558
f 557/557/557 554/554/554 560/560/560
f 561/561/561 560/560/560 554/554/554
f 561/561/561 554/554/554 550/550/550
f 559/559/559 558/558/558 562/562/562
f 562/562/562 563/563/563 559/559/559
f 564/564/564 559/559/559 563/563/563
f 565/565/565 562/562/562 558/558/558
f 556/556/556 557/557/557 566/566/566
f 556/556/556 566/566/566 558/558/558
f 567/567/567 566/566/566 557/557/557
f 557/557/557 560/560/560 567/567/567
f 566/566/566 567/567/567 568/568/568
f 569/569/569 568/568/568 567/567/567
f 570/570/570 567/567/567 560/560/560
f 555/555/555 559/559/559 571/571/571
f 572/572/572 571/571/571 559/559/559
f 572/572/572 559/559/559 564/564/564
f 571/571/571 572/572/572 573/573/573
f 573/573/573 574/574/574 571/571/571
f 553/553/553 571/571/571 574/574/574
f 571/571/571 553/553/553 555/555/555
f 575/575/575 573/573/573 572/572/572
f 572/572/572 564/564/564 575/575/575
f 576/576/576 575/575/575 564/564/564
f 576/576/576 564/564/564 577/577/577
f 578/578/578 577/577/577 564/564/564
f 569/569/569 567/567/567 579/579/579
f 580/580/580 579/579/579 567/567/567
f 567/567/567 570/570/570 580/580/580
f 577/577/577 578/578/578 581/581/581
f 582/582/582 581/581/581 578/578/578
f 583/583/583 582/582/582 578/578/578
f 583/583/583 584/584/584 582/582/582
f 585/585/585 582/582/582 584/584/584
f 578/578/578 564/564/564 583/583/583
f 563/563/563 583/583/583 564/564/564
f 583/583/583 563/563/563 584/584/584
f 586/586/586 584/584/584 563/563/563
f 586/586/586 563/563/563 587/587/587
f 562/562/562 587/587/587 563/563/563
f 587/587/587 562/562/562 588/588/588
f 565/565/565 588/588/588 562/562/562
f 558/558/558 589/589/589 565/565/565
f 589/589/589 558/558/558 566/566/566
f 568/568/568 589/589/589 566/566/566
f 592/592/592 591/591/591 590/590/590
f 593/593/593 590/590/590 591/591/591
f 592/592/592 594/594/594 591/591/591
f 595/595/595 591/591/591 594/594/594
f 593/593/593 596/596/596 590/590/590
f 593/593/593 597/597/597 596/596/596
f 598/598/598 596/596/596 597/597/597
f 599/599/599 590/590/590 596/596/596
f 598/598/598 597/597/597 600/600/600
f 601/601/601 600/600/600 597/597/597
f 602/602/602 591/591/591 595/595/595
f 600/600/600 601/601/601 603/603/603
f 551/551/551 603/603/603 601/601/601
f 601/601/601 550/550/550 551/551/551
f 550/550/550 601/601/601 561/561/561
f 603/603/603 551/551/551 604/604/604
f 549/549/549 604/604/604 551/551/551
f 604/604/604 549/549/549 605/605/605
f 606/606/606 605/605/605 549/549/549
f 549/549/549 552/552/552 606/606/606
f 607/607/607 606/606/606 552/552/552
f 552/552/552 553/553/553 607/607/607
f 574/574/574 607/607/607 553/553/553
f 610/610/610 609/609/609 608/608/608
f 611/611/611 608/608/608 609/609/609
f 612/612/612 608/608/608 611/611/611
f 610/610/610 608/608/608 613/613/613
f 613/613/613 608/608/608 614/614/614
f 614/614/614 608/608/608 615/615/615
f 612/612/612 616/616/616 608/608/608
f 619/619/619 618/618/618 617/617/617
f 620/620/620 617/617/617 618/618/618
f 618/618/618 621/621/621 620/620/620
f 622/622/622 620/620/620 621/621/621
f 625/625/625 624/624/624 623/623/623
f 626/626/626 623/623/623 624/624/624
f 624/624/624 625/625/625 627/627/627
f 628/628/628 627/627/627 625/625/625
f 623/623/623 626/626/626 629/629/629
f 630/630/630 629/629/629 626/626/626
f 633/633/633 632/632/632 631/631/631
f 634/634/634 631/631/631 632/632/632
f 637/637/637 636/636/636 635/635/635
f 638/638/638 635/635/635 636/636/636
f 636/636/636 637/637/637 639/639/639
f 640/640/640 639/639/639 637/637/637
f 639/639/639 640/640/640 641/641/641
f 642/642/642 641/641/641 640/640/640
f 641/641/641 642/642/642 643/643/643
f 644/644/644 643/643/643 642/642/642
f 647/647/647 646/646/646 645/645/645
f 648/648/648 645/645/645 646/646/646
f 651/651/651 650/650/650 649/649/649
f 652/652/652 649/649/649 650/650/650
f 653/653/653 651/651/651 649/649/649
f 651/651/651 653/653/653 654/654/654
f 655/655/655 654/654/654 653/653/653
f 654/654/654 655/655/655 656/656/656
f 656/656/656 651/651/651 654/654/654
f 657/657/657 656/656/656 655/655/655
f 656/656/656 657/657/657 658/658/658
f 659/659/659 658/658/658 657/657/657
f 660/660/660 652/652/652 650/650/650
f 652/652/652 661/661/661 649/649/649
f 652/652/652 660/660/660 661/661/661
f 662/662/662 649/649/649 661/661/661
f 662/662/662 653/653/653 649/649/649
f 659/659/659 657/657/657 663/663/663
f 664/664/664 663/663/663 657/657/657
f 657/657/657 655/655/655 664/664/664
f 665/665/665 664/664/664 655/655/655
f 655/655/655 653/653/653 665/665/665
f 662/662/662 665/665/665 653/653/653
f 662/662/662 664/664/664 665/665/665
f 668/668/668 667/667/667 666/666/666
f 669/669/669 666/666/666 667/667/667
f 672/672/672 671/671/671 670/670/670
f 673/673/673 670/670/670 671/671/671
f 676/676/676 675/675/675 674/674/674
f 679/679/679 678/678/678 677/677/677
f 682/682/682 681/681/681 680/680/680
f 683/683/683 680/680/680 681/681/681
f 686/686/686 685/685/685 684/684/684
f 687/687/687 684/684/684 685/685/685
f 690/690/690 689/689/689 688/688/688
f 693/693/693 692/692/692 691/691/691
f 696/696/696 695/695/695 694/694/694
f 697/697/697 694/694/694 695/695/695
f 700/700/700 699/699/699 698/698/698
f 701/701/701 698/698/698 699/699/699
f 698/698/698 702/702/702 700/700/700
f 703/703/703 700/700/700 702/702/702
f 706/706/706 705/705/705 704/704/704
f 709/709/709 708/708/708 707/707/707
f 712/712/712 711/711/711 710/710/710
f 715/715/715 714/714/714 713/713/713
f 718/718/718 717/717/717 716/716/716
f 719/719/719 716/716/716 717/717/717
f 722/722/722 721/721/721 720/720/720
f 723/723/723 720/720/720 721/721/721
f 726/726/726 725/725/725 724/724/724
f 729/729/729 728/728/728 727/727/727
f 732/732/732 731/731/731 730/730/730
f 733/733/733 730/730/730 731/731/731
f 736/736/736 735/735/735 734/734/734
f 737/737/737 734/734/734 735/735/735
f 740/740/740 739/739/739 738/738/738
f 741/741/741 738/738/738 739/739/739
f 739/739/739 740/740/740 742/742/742
f 739/739/739 742/742/742 741/741/741
f 743/743/743 742/742/742 740/740/740
f 738/738/738 741/741/741 744/744/744
f 743/743/743 740/740/740 744/744/744
f 738/738/738 744/744/744 740/740/740
f 745/745/745 744/744/744 741/741/741
f 745/745/745 741/741/741 742/742/742
f 748/748/748 747/747/747 746/746/746
f 749/749/749 746/746/746 747/747/747
f 752/752/752 751/751/751 750/750/750
f 753/753/753 750/750/750 751/751/751
f 751/751/751 752/752/752 754/754/754
f 751/751/751 754/754/754 753/753/753
f 755/755/755 754/754/754 752/752/752
f 750/750/750 753/753/753 756/756/756
f 755/755/755 752/752/752 756/756/756
f 750/750/750 756/756/756 752/752/752
f 757/757/757 756/756/756 753/753/753
f 757/757/757 753/753/753 754/754/754
f 760/760/760 759/759/759 758/758/758
f 761/761/761 758/758/758 759/759/759
f 761/761/761 759/759/759 762/762/762
f 764/764/764 763/763/763 758/758/758
f 765/765/765 758/758/758 763/763/763
f 767/767/767 762/762/762 766/766/766
f 768/768/768 766/766/766 762/762/762
f 766/766/766 768/768/768 769/769/769
f 770/770/770 769/769/769 768/768/768
f 768/768/768 771/771/771 770/770/770
f 772/772/772 770/770/770 771/771/771
f 770/770/770 772/772/772 773/773/773
f 773/773/773 774/774/774 770/770/770
f 775/775/775 770/770/770 774/774/774
f 776/776/776 773/773/773 772/772/772
f 762/762/762 777/777/777 768/768/768
f 771/771/771 768/768/768 777/777/777
f 777/777/777 762/762/762 778/778/778
f 772/772/772 780/780/780 779/779/779
f 781/781/781 779/779/779 780/780/780
f 780/780/780 775/775/775 781/781/781
f 782/782/782 781/781/781 775/775/775
f 775/775/775 780/780/780 783/783/783
f 784/784/784 783/783/783 780/780/780
f 780/780/780 785/785/785 784/784/784
f 786/786/786 784/784/784 785/785/785
f 784/784/784 786/786/786 787/787/787
f 788/788/788 787/787/787 786/786/786
f 787/787/787 789/789/789 784/784/784
f 783/783/783 784/784/784 789/789/789
f 787/787/787 777/777/777 790/790/790
f 790/790/790 791/791/791 787/787/787
f 791/791/791 790/790/790 792/792/792
f 793/793/793 792/792/792 790/790/790
f 789/789/789 787/787/787 794/794/794
f 796/796/796 795/795/795 793/793/793
f 797/797/797 793/793/793 795/795/795
f 795/795/795 796/796/796 777/777/777
f 798/798/798 764/764/764 789/789/789
f 762/762/762 789/789/789 799/799/799
f 802/802/802 801/801/801 800/800/800
f 803/803/803 800/800/800 801/801/801
f 801/801/801 802/802/802 804/804/804
f 806/806/806 805/805/805 802/802/802
f 809/809/809 808/808/808 807/807/807
f 810/810/810 807/807/807 808/808/808
f 808/808/808 809/809/809 811/811/811
f 812/812/812 811/811/811 809/809/809
f 811/811/811 814/814/814 813/813/813
f 817/817/817 816/816/816 815/815/815
f 818/818/818 815/815/815 816/816/816
f 820/820/820 819/819/819 817/817/817
f 821/821/821 817/817/817 819/819/819
f 822/822/822 773/773/773 820/820/820
f 823/823/823 820/820/820 773/773/773
f 773/773/773 825/825/825 824/824/824
f 826/826/826 824/824/824 825/825/825
f 829/829/829 828/828/828 827/827/827
f 830/830/830 827/827/827 828/828/828
f 833/833/833 832/832/832 831/831/831
f 834/834/834 831/831/831 832/832/832
f 837/837/837 836/836/836 835/835/835
f 838/838/838 835/835/835 836/836/836
f 840/840/840 782/782/782 839/839/839
f 843/843/843 842/842/842 841/841/841
f 844/844/844 841/841/841 842/842/842
f 842/842/842 845/845/845 844/844/844
f 842/842/842 843/843/843 845/845/845
f 846/846/846 844/844/844 845/845/845
f 841/841/841 847/847/847 843/843/843
f 841/841/841 844/844/844 847/847/847
f 846/846/846 847/847/847 844/844/844
f 848/848/848 843/843/843 847/847/847
f 848/848/848 845/845/845 843/843/843
f 851/851/851 850/850/850 849/849/849
f 852/852/852 849/849/849 850/850/850
f 855/855/855 854/854/854 853/853/853
f 856/856/856 853/853/853 854/854/854
f 854/854/854 857/857/857 856/856/856
f 854/854/854 855/855/855 857/857/857
f 858/858/858 856/856/856 857/857/857
f 853/853/853 859/859/859 855/855/855
f 853/853/853 856/856/856 859/859/859
f 858/858/858 859/859/859 856/856/856
f 860/860/860 855/855/855 859/859/859
f 860/860/860 857/857/857 855/855/855
f 863/863/863 862/862/862 861/861/861
f 864/864/864 861/861/861 862/862/862
f 861/861/861 865/865/865 863/863/863
f 867/867/867 864/864/864 866/866/866
f 868/868/868 866/866/866 864/864/864
f 870/870/870 865/865/865 869/869/869
f 869/869/869 871/871/871 870/870/870
f 872/872/872 870/870/870 871/871/871
f 870/870/870 872/872/872 873/873/873
f 874/874/874 873/873/873 872/872/872
f 872/872/872 875/875/875 874/874/874
f 875/875/875 872/872/872 876/876/876
f 877/877/877 876/876/876 872/872/872
f 878/878/878 874/874/874 875/875/875
f 879/879/879 869/869/869 865/865/865
f 873/873/873 880/880/880 870/870/870
f 865/865/865 870/870/870 880/880/880
f 880/880/880 881/881/881 865/865/865
f 874/874/874 883/883/883 882/882/882
f 884/884/884 882/882/882 883/883/883
f 882/882/882 884/884/884 877/877/877
f 885/885/885 877/877/877 884/884/884
f 877/877/877 886/886/886 882/882/882
f 887/887/887 882/882/882 886/886/886
f 882/882/882 887/887/887 888/888/888
f 889/889/889 888/888/888 887/887/887
f 887/887/887 890/890/890 889/889/889
f 891/891/891 889/889/889 890/890/890
f 886/886/886 892/892/892 887/887/887
f 890/890/890 887/887/887 892/892/892
f 890/890/890 893/893/893 880/880/880
f 892/892/892 894/894/894 890/890/890
f 893/893/893 890/890/890 895/895/895
f 893/893/893 895/895/895 896/896/896
f 897/897/897 896/896/896 895/895/895
f 899/899/899 896/896/896 898/898/898
f 900/900/900 898/898/898 896/896/896
f 898/898/898 880/880/880 899/899/899
f 865/865/865 901/901/901 892/892/892
f 902/902/902 892/892/892 867/867/867
f 905/905/905 904/904/904 903/903/903
f 906/906/906 903/903/903 904/904/904
f 904/904/904 907/907/907 906/906/906
f 909/909/909 906/906/906 908/908/908
f 912/912/912 911/911/911 910/910/910
f 913/913/913 910/910/910 911/911/911
f 911/911/911 914/914/914 913/913/913
f 915/915/915 913/913/913 914/914/914
f 914/914/914 917/917/917 916/916/916
f 920/920/920 919/919/919 918/918/918
f 921/921/921 918/918/918 919/919/919
f 923/923/923 922/922/922 921/921/921
f 924/924/924 921/921/921 922/922/922
f 925/925/925 875/875/875 924/924/924
f 926/926/926 924/924/924 875/875/875
f 875/875/875 928/928/928 927/927/927
f 929/929/929 927/927/927 928/928/928
f 932/932/932 931/931/931 930/930/930
f 933/933/933 930/930/930 931/931/931
f 936/936/936 935/935/935 934/934/934
f 937/937/937 934/934/934 935/935/935
f 940/940/940 939/939/939 938/938/938
f 941/941/941 938/938/938 939/939/939
f 943/943/943 942/942/942 885/885/885
f 946/946/946 945/945/945 944/944/944
f 947/947/947 944/944/944 945/945/945
f 950/950/950 949/949/949 948/948/948
f 951/951/951 948/948/948 949/949/949
f 954/954/954 953/953/953 952/952/952
f 955/955/955 952/952/952 953/953/953
f 958/958/958 957/957/957 956/956/956
f 959/959/959 956/956/956 957/957/957
f 962/962/962 961/961/961 960/960/960
f 963/963/963 960/960/960 961/961/961
f 966/966/966 965/965/965 964/964/964
f 967/967/967 964/964/964 965/965/965
f 970/970/970 969/969/969 968/968/968
f 971/971/971 968/968/968 969/969/969
f 969/969/969 972/972/972 971/971/971
f 973/973/973 971/971/971 972/972/972
f 972/972/972 974/974/974 973/973/973
f 975/975/975 973/973/973 974/974/974
f 978/978/978 977/977/977 976/976/976
f 979/979/979 976/976/976 977/977/977
f 977/977/977 980/980/980 979/979/979
f 981/981/981 979/979/979 980/980/980
f 980/980/980 982/982/982 981/981/981
f 983/983/983 981/981/981 982/982/982
f 986/986/986 985/985/985 984/984/984
f 987/987/987 984/984/984 985/985/985
f 985/985/985 988/988/988 987/987/987
f 989/989/989 987/987/987 988/988/988
f 988/988/988 990/990/990 989/989/989
f 991/991/991 989/989/989 990/990/990
f 994/994/994 993/993/993 992/992/992
f 995/995/995 992/992/992 993/993/993
f 998/998/998 997/997/997 996/996/996
f 999/999/999 996/996/996 997/997/997
f 1002/1002/1002 1001/1001/1001 1000/1000/1000
f 1003/1003/1003 1000/1000/1000 1001/1001/1001
f 1006/1006/1006 1005/1005/1005 1004/1004/1004
f 1007/1007/1007 1004/1004/1004 1005/1005/1005
f 1010/1010/1010 1009/1009/1009 1008/1008/1008
f 1011/1011/1011 1008/1008/1008 1009/1009/1009
f 1014/1014/1014 1013/1013/1013 1012/1012/1012
f 1015/1015/1015 1012/1012/1012 1013/1013/1013
f 1018/1018/1018 1017/1017/1017 1016/1016/1016
f 1019/1019/1019 1016/1016/1016 1017/1017/1017
f 1022/1022/1022 1021/1021/1021 1020/1020/1020
f 1023/1023/1023 1020/1020/1020 1021/1021/1021
f 1026/1026/1026 1025/1025/1025 1024/1024/1024
f 1027/1027/1027 1024/1024/1024 1025/1025/1025
f 1030/1030/1030 1029/1029/1029 1028/1028/1028
f 1031/1031/1031 1028/1028/1028 1029/1029/1029
f 1034/1034/1034 1033/1033/1033 1032/1032/1032
f 1035/1035/1035 1032/1032/1032 1033/1033/1033
f 1038/1038/1038 1037/1037/1037 1036/1036/1036
f 1039/1039/1039 1036/1036/1036 1037/1037/1037
f 1042/1042/1042 1041/1041/1041 1040/1040/1040
f 1043/1043/1043 1040/1040/1040 1041/1041/1041
f 1046/1046/1046 1045/1045/1045 1044/1044/1044
f 1047/1047/1047 1044/1044/1044 1045/1045/1045
f 1050/1050/1050 1049/1049/1049 1048/1048/1048
f 1051/1051/1051 1048/1048/1048 1049/1049/1049
f 1048/1048/1048 1051/1051/1051 1052/1052/1052
f 1053/1053/1053 1052/1052/1052 1051/1051/1051
f 1049/1049/1049 1050/1050/1050 1054/1054/1054
f 1055/1055/1055 1054/1054/1054 1050/1050/1050
f 1054/1054/1054 1055/1055/1055 1056/1056/1056
f 1057/1057/1057 1056/1056/1056 1055/1055/1055
f 1060/1060/1060 1059/1059/1059 1058/1058/1058
f 1061/1061/1061 1058/1058/1058 1059/1059/1059
f 1058/1058/1058 1061/1061/1061 1062/1062/1062
f 1063/1063/1063 1062/1062/1062 1061/1061/1061
f 1066/1066/1066 1065/1065/1065 1064/1064/1064
f 1067/1067/1067 1064/1064/1064 1065/1065/1065
f 1065/1065/1065 1066/1066/1066 1068/1068/1068
f 1069/1069/1069 1068/1068/1068 1066/1066/1066
f 1072/1072/1072 1071/1071/1071 1070/1070/1070
f 1073/1073/1073 1070/1070/1070 1071/1071/1071
f 1071/1071/1071 1072/1072/1072 1074/1074/1074
f 1075/1075/1075 1074/1074/1074 1072/1072/1072
f 1070/1070/1070 1073/1073/1073 1076/1076/1076
f 1077/1077/1077 1076/1076/1076 1073/1073/1073
f 1076/1076/1076 1077/1077/1077 1078/1078/1078
f 1079/1079/1079 1078/1078/1078 1077/1077/1077
f 1082/1082/1082 1081/1081/1081 1080/1080/1080
f 1083/1083/1083 1080/1080/1080 1081/1081/1081
f 1080/1080/1080 1084/1084/1084 1082/1082/1082
f 1085/1085/1085 1082/1082/1082 1084/1084/1084
f 1081/1081/1081 1086/1086/1086 1083/1083/1083
f 1087/1087/1087 1083/1083/1083 1086/1086/1086
f 1090/1090/1090 1089/1089/1089 1088/1088/1088
f 1091/1091/1091 1088/1088/1088 1089/1089/1089
f 1088/1088/1088 1091/1091/1091 1092/1092/1092
f 1093/1093/1093 1092/1092/1092 1091/1091/1091
f 1089/1089/1089 1090/1090/1090 1094/1094/1094
f 1095/1095/1095 1094/1094/1094 1090/1090/1090
f 1098/1098/1098 1097/1097/1097 1096/1096/1096
f 1099/1099/1099 1096/1096/1096 1097/1097/1097
f 1096/1096/1096 1099/1099/1099 1100/1100/1100
f 1101/1101/1101 1100/1100/1100 1099/1099/1099
f 1100/1100/1100 1101/1101/1101 1102/1102/1102
f 1103/1103/1103 1102/1102/1102 1101/1101/1101
f 1102/1102/1102 1103/1103/1103 1104/1104/1104
f 1105/1105/1105 1104/1104/1104 1103/1103/1103
f 1104/1104/1104 1105/1105/1105 1106/1106/1106
f 1107/1107/1107 1106/1106/1106 1105/1105/1105
f 1106/1106/1106 1107/1107/1107 1108/1108/1108
f 1109/1109/1109 1108/1108/1108 1107/1107/1107
f 1108/1108/1108 1109/1109/1109 1110/1110/1110
f 1111/1111/1111 1110/1110/1110 1109/1109/1109
f 1110/1110/1110 1111/1111/1111 1098/1098/1098
f 1097/1097/1097 1098/1098/1098 1111/1111/1111
f 1114/1114/1114 1113/1113/1113 1112/1112/1112
f 1115/1115/1115 1112/1112/1112 1113/1113/1113
f 1112/1112/1112 1115/1115/1115 1116/1116/1116
f 1117/1117/1117 1116/1116/1116 1115/1115/1115
f 1113/1113/1113 1114/1114/1114 1118/1118/1118
f 1119/1119/1119 1118/1118/1118 1114/1114/1114
f 1122/1122/1122 1121/1121/1121 1120/1120/1120
f 1123/1123/1123 1120/1120/1120 1121/1121/1121
f 1120/1120/1120 1124/1124/1124 1122/1122/1122
f 1125/1125/1125 1122/1122/1122 1124/1124/1124
f 1121/1121/1121 1126/1126/1126 1123/1123/1123
f 1127/1127/1127 1123/1123/1123 1126/1126/1126
f 1130/1130/1130 1129/1129/1129 1128/1128/1128
f 1131/1131/1131 1128/1128/1128 1129/1129/1129
f 1128/1128/1128 1132/1132/1132 1130/1130/1130
f 1133/1133/1133 1130/1130/1130 1132/1132/1132
f 1132/1132/1132 1134/1134/1134 1133/1133/1133
f 1135/1135/1135 1133/1133/1133 1134/1134/1134
f 1134/1134/1134 1136/1136/1136 1135/1135/1135
f 1137/1137/1137 1135/1135/1135 1136/1136/1136
f 1136/1136/1136 1138/1138/1138 1137/1137/1137
f 1139/1139/1139 1137/1137/1137 1138/1138/1138
f 1138/1138/1138 1140/1140/1140 1139/1139/1139
f 1141/1141/1141 1139/1139/1139 1140/1140/1140
f 1140/1140/1140 1142/1142/1142 1141/1141/1141
f 1143/1143/1143 1141/1141/1141 1142/1142/1142
f 1129/1129/1129 1143/1143/1143 1131/1131/1131
f 1142/1142/1142 1131/1131/1131 1143/1143/1143
