g mx_jingChe_cheshen
v 0.8075418 0.1677778 2.088798
v 0.8416852 0.3437533 2.096892
v 0.8690424 0.1649325 1.927048
v 0.7678146 0.3459444 2.211692
v 0.8405896 0.4941218 2.070083
v 0.8983725 0.3994567 1.896405
v 0.9187306 0.5242176 1.853507
v 0.8607247 0.6704221 2.024117
v 0.9327389 0.6292746 1.774271
v 0.8752806 0.7833657 1.917965
v 0.9476196 0.7045703 1.654988
v 0.8892889 0.8696012 1.66998
v 0.9568146 0.7365227 1.521143
v 0.9211448 0.9043379 1.30188
v 0.9539695 0.7245939 1.40153
v 0.9511242 0.6838877 1.287932
v 0.8166255 0.9602747 1.255914
v 0.8369786 1.010774 1.070921
v 0.7835727 1.015369 1.166676
v 0.7279809 1.226696 0.8050983
v 0.7616879 0.9869218 1.291107
v 0.8309584 0.9228954 1.555509
v 0.8443123 0.8602996 1.86784
v 0.8354468 0.8258266 1.959548
v 0.7522748 0.9517896 1.522021
v 0.7797434 0.8935654 1.842999
v 0.5006785 1.040759 1.211876
v 0.3076313 1.259089 0.8058641
v 0.6450267 1.411314 0.3663635
v -0.0002565384 1.452243 0.3259819
v -0.0002565384 1.519327 -0.01546597
v 0.5997205 1.481243 0.02437305
v 0.6039858 1.513312 -0.5354102
v -0.0002565384 1.547019 -0.5372207
v 0.587898 1.516705 -0.74771
v -0.0002565384 1.550301 -0.6907995
v 0.4604034 1.519657 -1.022068
v -0.0002565384 1.527539 -1.066609
v 0.306206 1.494486 -1.259874
v -0.0002565384 1.487923 -1.314046
v 0.6334274 1.456949 -1.238207
v 0.339695 1.374985 -1.597488
v -0.0002565384 1.370384 -1.643889
v 0.6834404 1.356488 -1.56444
v 0.4331529 1.16344 -2.113709
v -0.0002565384 1.177667 -2.173566
v 0.738596 1.185325 -1.975594
v 0.7539179 1.135535 -2.128701
v 0.4199154 1.143741 -2.468501
v -0.0002565384 1.143853 -2.487322
v 0.677968 1.128313 -2.414334
v 0.7881677 1.094606 -2.353265
v 0.8631338 1.052469 -2.306645
v 0.6810312 0.7623532 -2.444978
v 0.309381 0.7115746 -2.456907
v -0.0002565384 1.143853 -2.487322
v -0.0002565384 0.7086177 -2.48645
v 0.8405896 0.7655282 -2.378654
v 0.8993565 0.9868102 -2.259254
v 0.8936659 0.8660967 -2.270529
v 0.3587396 0.6383584 -2.571702
v -0.0002565384 0.6176755 -2.581333
v 0.3615849 0.4878833 -2.595783
v -0.0002565384 0.4639192 -2.604202
v 0.283885 0.2794077 -2.567766
v -6.389618E-05 0.2798338 -2.588378
v 0.6543283 0.4029615 -2.521577
v 0.6464467 0.2873957 -2.500129
v 0.6484196 0.5223563 -2.539095
v 0.6231368 0.6422989 -2.524534
v 0.8159661 0.3956277 -2.43097
v 0.7985648 0.2866299 -2.416196
v 0.8301924 0.5334077 -2.436331
v 0.8421214 0.6551054 -2.426263
v 0.8946549 0.7300663 -2.269651
v 0.9096471 0.3751631 -2.227196
v 0.8886347 0.2722919 -2.244049
v 0.9309841 0.5357053 -2.203662
v 0.9605323 0.6945028 -2.114805
v 0.9223418 1.013838 -1.966293
v 0.8620383 1.10336 -1.935979
v 0.8390579 1.167817 -1.763944
v 0.8075418 1.30297 -1.456315
v 0.746366 1.427401 -1.087951
v 0.8509868 1.142976 -1.313828
v 0.964255 0.3443012 -1.907744
v 0.9457582 0.2321284 -1.909276
v 0.992378 0.5613179 -1.83431
v 0.9217941 1.019204 -1.429282
v 0.996537 0.645474 -1.758689
v 0.9918303 0.696907 -1.643565
v 0.9912876 0.7235034 -1.530403
v 0.9908464 0.717047 -1.412104
v 0.9890966 0.6690021 -1.29807
v 0.6637416 1.476866 -0.8232188
v 0.6554086 1.486944 -0.5521472
v 0.8781259 1.095696 -0.6022918
v 0.9492983 0.9818449 -0.5714097
v 0.6530199 1.452395 0.02764416
v 0.7023885 1.373463 0.3301408
v 0.8026019 1.18567 0.7326174
v 0.8556833 1.009958 0.9328058
v 0.9311666 0.9213283 0.9569628
v 0.9564394 0.6405392 0.9822404
v 0.9510126 0.5656948 1.15814
v 0.9302182 0.4502356 1.104734
v 0.9179648 0.2862496 0.9382885
v 0.9064722 0.289257 1.06523
v 0.9110671 0.175 1.072341
v 0.9198211 0.2133071 0.8388054
v 0.9645289 0.3132517 -0.4691322
v 0.9605577 0.2271278 -0.473438
v 0.956485 0.1880243 -1.056212
v 0.9502467 0.3074191 -1.079963
v 0.974921 0.6435924 -0.4734836
v 0.9847196 0.4576809 -1.096157
v 0.9871287 0.5736828 -1.174404
v 0.9813266 0.4528627 -1.884434
v 0.808962 1.28743 -0.5778003
v -0.0002565384 1.07972 1.205201
v -0.0002565384 1.267295 0.8146181
v 0.4705827 0.9602137 1.730938
v -0.0002565384 0.980572 1.764097
v -0.0002565384 0.8686173 2.20907
v 0.4619353 0.8677399 2.204581
v 0.6454628 0.8481526 2.16595
v 0.7750368 0.8666444 1.992383
v -0.0002565384 0.7860994 2.362497
v 0.4555905 0.7928853 2.296837
v 0.6844244 0.7993417 2.192435
v 0.4276855 0.6077144 2.364469
v 0.6665869 0.6174574 2.275713
v -0.0002565384 0.5914087 2.411855
v -0.0002565384 0.5914087 2.411855
v 0.2917616 0.4993761 2.402335
v 0.5516753 0.5221384 2.345754
v 0.4277921 0.3828213 2.382961
v -6.389618E-05 0.1517 2.40757
v -0.0002565384 0.4912765 2.429038
v 0.4142249 0.1663575 2.364251
v 0.6931782 0.5179794 2.280967
v 0.6513715 0.3608251 2.310186
v 0.6106653 0.1681073 2.279
v 0.7672669 0.5970993 2.183133
v 0.7779937 0.7144198 2.139353
v 0.7847797 0.7921195 2.085841
v 0.7705483 0.50036 2.2013
v 0.7345438 0.1718299 2.197248
v -0.0002565384 0.5914087 2.411855
v -0.0002565384 0.4912765 2.429038
v -0.0002565384 0.5914087 2.411855
v -0.3026314 0.4993761 2.402335
v -0.0002565384 0.5914087 2.411855
v -0.4385502 0.6077144 2.364469
v -0.4664602 0.7928853 2.296837
v -0.6952941 0.7993417 2.192435
v -0.6563327 0.8481526 2.166056
v -0.472805 0.8677399 2.204581
v -0.4814525 0.9602137 1.730938
v -0.0002565384 0.8686173 2.20907
v -0.0002565384 0.980572 1.764097
v -0.0002565384 1.07972 1.205201
v -0.5115483 1.040759 1.211876
v -0.318501 1.259089 0.8058641
v -0.7388456 1.226696 0.8050983
v -0.6558964 1.411314 0.3663635
v -0.8139231 1.201306 0.6943457
v -0.7202423 1.421711 0.1405928
v -0.8198318 1.28743 -0.5778003
v -0.8889956 1.095696 -0.5367644
v -0.7572308 1.427401 -1.123955
v -0.8618567 1.142976 -1.313828
v -0.8184066 1.30297 -1.456315
v -0.6442921 1.456949 -1.238207
v -0.6943052 1.356488 -1.56444
v -0.3505647 1.374985 -1.597488
v -0.3170757 1.494486 -1.259874
v -0.4712734 1.519657 -1.022068
v -0.0002565384 1.527539 -1.066609
v -0.0002565384 1.550301 -0.6907995
v -0.5976725 1.516705 -0.7388446
v -0.0002565384 1.547019 -0.5372207
v -0.639261 1.513312 -0.5354102
v -0.0002565384 1.519327 -0.01546597
v -0.6203279 1.481243 0.02437305
v -0.0002565384 1.452243 0.3259819
v -0.0002565384 1.487923 -1.314046
v -0.0002565384 1.370384 -1.643889
v -0.4440227 1.16344 -2.10528
v -0.0002565384 1.177667 -2.173566
v -0.7494607 1.185325 -1.975594
v -0.7647827 1.135535 -2.14588
v -0.4307802 1.143741 -2.468501
v -0.0002565384 1.143853 -2.487322
v -0.6888328 1.128313 -2.414334
v -0.7990375 1.094606 -2.353265
v -0.8740036 1.052469 -2.306645
v -0.691901 0.7623532 -2.444978
v -0.3202507 0.7115746 -2.456907
v -0.0002565384 1.143853 -2.487322
v -0.0002565384 0.7086177 -2.48645
v -0.8514595 0.7655282 -2.378654
v -0.9102263 0.9868102 -2.259254
v -0.9045358 0.8660967 -2.270529
v -0.3696043 0.6383584 -2.571702
v -0.0002565384 0.6176755 -2.581333
v -0.3724496 0.4878833 -2.595783
v -0.0002565384 0.4639192 -2.604202
v -0.2893128 0.2794077 -2.567766
v -6.389618E-05 0.2798338 -2.588378
v -0.6651981 0.4029615 -2.521577
v -0.6518795 0.2873957 -2.500129
v -0.6592844 0.5223563 -2.539095
v -0.6340067 0.6422989 -2.524534
v -0.8268359 0.3956277 -2.43097
v -0.8093231 0.2866299 -2.416196
v -0.8410623 0.5334077 -2.436331
v -0.8529911 0.6551054 -2.426263
v -0.9055197 0.7300663 -2.269651
v -0.9205117 0.3751631 -2.227196
v -0.8994994 0.2722919 -2.244049
v -0.941854 0.5357053 -2.203662
v -0.9714022 0.6945028 -2.114805
v -0.9332066 1.013838 -1.966293
v -0.8729081 1.10336 -1.935979
v -0.8499277 1.167817 -1.763944
v -0.9751248 0.3443012 -1.907744
v -0.9566281 0.2321284 -1.909276
v -1.003248 0.5613179 -1.83431
v -0.9921963 0.4528627 -1.884434
v -0.9326587 1.019204 -1.429282
v -1.007407 0.645474 -1.758689
v -1.0027 0.696907 -1.643565
v -1.002152 0.7235034 -1.530403
v -1.001716 0.717047 -1.412104
v -0.9999664 0.6690021 -1.29807
v -0.9347484 1.016369 -1.340652
v -0.9556999 0.8834422 -1.291563
v -0.9942048 0.6677392 -1.12673
v -0.9979935 0.5736828 -1.174404
v -0.996345 0.4714661 -1.028804
v -0.9955895 0.4576809 -1.096157
v -0.9611166 0.3074191 -1.079963
v -0.9625468 0.29829 -0.9859927
v -0.9673548 0.1880243 -1.056212
v -0.9681258 0.1929541 -0.9578544
v 0.8854598 0.2863002 1.917528
v -0.8184066 0.1677778 2.088798
v -0.8799121 0.1649325 1.927048
v -0.852555 0.3437533 2.096892
v -0.7786844 0.3459444 2.211692
v -0.8514595 0.4941218 2.070083
v -0.9092424 0.3994567 1.896405
v -0.9295955 0.5242176 1.853507
v -0.8715944 0.6704221 2.024117
v -0.9436038 0.6292746 1.774271
v -0.8861504 0.7833657 1.917965
v -0.9584894 0.7045703 1.654988
v -0.7956445 0.7921195 2.085841
v -0.8463166 0.8258266 1.959548
v -0.8551822 0.8602996 1.86784
v -0.7859066 0.8666444 1.992383
v -0.7906132 0.8935654 1.842999
v -0.7631445 0.9517896 1.522021
v -0.7725527 0.9807899 1.291107
v -0.8274901 0.9583523 1.235734
v -0.7944424 1.015369 1.166676
v -0.8478484 1.010774 1.070921
v -0.8729081 1.009679 0.8858614
v -0.9454651 0.923007 0.8543453
v -0.9303613 0.9156733 1.3026
v -0.9619889 0.6838877 1.287932
v -0.9692111 0.6250093 0.8727305
v -0.9618824 0.5656948 1.15814
v -0.941088 0.4502356 1.104734
v -0.9173419 0.289257 1.06523
v -0.930691 0.2133071 0.8388054
v -0.921937 0.175 1.072341
v -0.9648342 0.7245939 1.40153
v -0.9676795 0.7365227 1.521143
v -0.7888584 0.7144198 2.139353
v -0.7781367 0.5970993 2.183133
v -0.6774516 0.6174574 2.275713
v -0.5625453 0.5221384 2.345754
v -0.4386618 0.3828213 2.382961
v -6.389618E-05 0.1517 2.40757
v -0.0002565384 0.4912765 2.429038
v -0.4196527 0.1663575 2.364251
v -0.7040479 0.5179794 2.280967
v -0.6622412 0.3608251 2.310186
v -0.6215301 0.1681073 2.279106
v -0.7814181 0.50036 2.2013
v -0.7454135 0.1718299 2.197248
v -0.696496 1.476866 -0.8232188
v -0.7312987 1.462752 -0.5258043
v -0.0002565384 1.267295 0.8146181
v -0.8618567 1.142976 -1.313828
v -0.9604571 0.9814444 -0.5589738
v -0.9347484 1.016369 -1.340652
v -0.8889956 1.095696 -0.5367644
v -0.9454651 0.923007 0.8543453
v -0.9692111 0.6250093 0.8727305
v -0.9863944 0.6442668 -0.519145
v -0.9942048 0.6677392 -1.12673
v -0.9556999 0.8834422 -1.291563
v -0.996345 0.4714661 -1.028804
v -0.9625468 0.29829 -0.9859927
v -0.9735932 0.2278631 -0.5289943
v -0.9681258 0.1929541 -0.9578544
v -0.930691 0.2133071 0.8388054
v -0.8729081 1.009679 0.8858614
v -0.9676795 0.7365227 1.521143
v -0.9001586 0.8696012 1.66998
v -0.9584894 0.7045703 1.654988
v -0.9303613 0.9156733 1.3026
v -0.8274901 0.9583523 1.235734
v -0.8418281 0.9228954 1.555509
v -0.8551822 0.8602996 1.86784
v -0.8861504 0.7833657 1.917965
v -0.7631445 0.9517896 1.522021
v -0.7906132 0.8935654 1.842999
v -0.0002565384 0.7860994 2.362497
v -0.0002565384 0.5914087 2.411855
v -0.8963296 0.2863002 1.917528
v 0.5342588 0.2230399 -1.08687
v 2.145767E-06 0.2653182 -0.09717751
v 0.5187342 0.2088642 1.06523
v 0.5185161 0.1793516 1.924751
v 0.5342588 0.244169 -1.867581
v -6.389618E-05 0.1517 2.40757
v -6.389618E-05 0.2798338 -2.588378
v 0.283885 0.2794077 -2.567766
v 0.6464467 0.2873957 -2.500129
v 0.7985648 0.2866299 -2.416196
v 0.8886347 0.2722919 -2.244049
v 0.9457582 0.2321284 -1.909276
v 0.9605577 0.2271278 -0.473438
v 0.956485 0.1880243 -1.056212
v 0.9198211 0.2133071 0.8388054
v 0.9110671 0.175 1.072341
v 0.4142249 0.1663575 2.364251
v 0.6106653 0.1681073 2.279
v 0.7345438 0.1718299 2.197248
v 0.8075418 0.1677778 2.088798
v 0.8690424 0.1649325 1.927048
v 0.8854598 0.2863002 1.917528
v 0.5185161 0.4919307 1.881301
v 0.8983725 0.3994567 1.896405
v 0.9187306 0.5242176 1.853507
v 0.5185161 0.6594467 1.778881
v 0.9327389 0.6292746 1.774271
v 0.9476196 0.7045703 1.654988
v 0.5187342 0.7446222 1.461499
v 0.9568146 0.7365227 1.521143
v 0.9539695 0.7245939 1.40153
v 0.5187342 0.6893551 1.264186
v 0.9511242 0.6838877 1.287932
v 0.9510126 0.5656948 1.15814
v 0.5186276 0.5179794 1.096528
v 0.9302182 0.4502356 1.104734
v 0.9064722 0.289257 1.06523
v 0.9110671 0.175 1.072341
v 0.5187342 0.2088642 1.06523
v 0.5342588 0.6755548 -1.519899
v 0.9912876 0.7235034 -1.530403
v 0.9918303 0.696907 -1.643565
v 0.5342588 0.6027644 -1.722167
v 0.9908464 0.717047 -1.412104
v 0.996537 0.645474 -1.758689
v 0.992378 0.5613179 -1.83431
v 0.5342588 0.6184108 -1.303263
v 0.9890966 0.6690021 -1.29807
v 0.9871287 0.5736828 -1.174404
v 0.5342588 0.5052745 -1.170083
v 0.9847196 0.4576809 -1.096157
v 0.5342588 0.3888416 -1.106904
v 0.9502467 0.3074191 -1.079963
v 0.5342588 0.2230399 -1.08687
v 0.956485 0.1880243 -1.056212
v 0.5342588 0.4260483 -1.841243
v 0.9813266 0.4528627 -1.884434
v 0.964255 0.3443012 -1.907744
v 0.5342588 0.244169 -1.867581
v 0.9457582 0.2321284 -1.909276
v 0.5342588 0.244169 -1.867581
v 0.5342588 0.6184108 -1.303263
v 0.5342588 0.6027644 -1.722167
v 0.5342588 0.4260483 -1.841243
v 0.5342588 0.5052745 -1.170083
v 0.5342588 0.3888416 -1.106904
v 0.5342588 0.244169 -1.867581
v 0.5342588 0.2230399 -1.08687
v 0.5342588 0.6755548 -1.519899
v 0.5185161 0.4919307 1.881301
v 0.5185161 0.6594467 1.778881
v 0.5187342 0.6893551 1.264186
v 0.5186276 0.5179794 1.096528
v 0.5187342 0.2088642 1.06523
v 0.5185161 0.1793516 1.924751
v 0.5187342 0.7446222 1.461499
v -0.5342548 0.2230399 -1.08687
v -0.5187299 0.2088642 1.06523
v 2.145767E-06 0.2653182 -0.09717751
v -0.518512 0.1793516 1.924751
v -0.5342548 0.244169 -1.867581
v -6.389618E-05 0.1517 2.40757
v -6.389618E-05 0.2798338 -2.588378
v -0.2893128 0.2794077 -2.567766
v -0.6518795 0.2873957 -2.500129
v -0.8093231 0.2866299 -2.416196
v -0.8994994 0.2722919 -2.244049
v -0.9566281 0.2321284 -1.909276
v -0.9735932 0.2278631 -0.5289943
v -0.9673548 0.1880243 -1.056212
v -0.930691 0.2133071 0.8388054
v -0.921937 0.175 1.072341
v -0.4196527 0.1663575 2.364251
v -0.6215301 0.1681073 2.279106
v -0.7454135 0.1718299 2.197248
v -0.8184066 0.1677778 2.088798
v -0.8799121 0.1649325 1.927048
v -0.8963296 0.2863002 1.917528
v -0.518512 0.4919307 1.881301
v -0.9092424 0.3994567 1.896405
v -0.9295955 0.5242176 1.853507
v -0.518512 0.6594467 1.778881
v -0.9436038 0.6292746 1.774271
v -0.9584894 0.7045703 1.654988
v -0.5187299 0.7446222 1.461499
v -0.9676795 0.7365227 1.521143
v -0.9648342 0.7245939 1.40153
v -0.5187299 0.6893551 1.264186
v -0.9619889 0.6838877 1.287932
v -0.9618824 0.5656948 1.15814
v -0.5186183 0.5179794 1.096528
v -0.941088 0.4502356 1.104734
v -0.9173419 0.289257 1.06523
v -0.5187299 0.2088642 1.06523
v -0.921937 0.175 1.072341
v -0.5342548 0.6755548 -1.519899
v -1.0027 0.696907 -1.643565
v -1.002152 0.7235034 -1.530403
v -0.5342548 0.6027644 -1.722167
v -1.001716 0.717047 -1.412104
v -1.007407 0.645474 -1.758689
v -1.003248 0.5613179 -1.83431
v -0.5342548 0.6184108 -1.303263
v -0.9999664 0.6690021 -1.29807
v -0.9979935 0.5736828 -1.174404
v -0.5342548 0.5052745 -1.170083
v -0.9955895 0.4576809 -1.096157
v -0.5342548 0.3888416 -1.106904
v -0.9611166 0.3074191 -1.079963
v -0.5342548 0.2230399 -1.08687
v -0.9673548 0.1880243 -1.056212
v -0.5342548 0.4260483 -1.841243
v -0.9921963 0.4528627 -1.884434
v -0.9751248 0.3443012 -1.907744
v -0.5342548 0.244169 -1.867581
v -0.5342548 0.244169 -1.867581
v -0.9566281 0.2321284 -1.909276
v -0.5342548 0.4260483 -1.841243
v -0.5342548 0.6027644 -1.722167
v -0.5342548 0.6184108 -1.303263
v -0.5342548 0.5052745 -1.170083
v -0.5342548 0.3888416 -1.106904
v -0.5342548 0.244169 -1.867581
v -0.5342548 0.2230399 -1.08687
v -0.5342548 0.6755548 -1.519899
v -0.5186183 0.5179794 1.096528
v -0.5187299 0.6893551 1.264186
v -0.518512 0.4919307 1.881301
v -0.518512 0.6594467 1.778881
v -0.5187299 0.2088642 1.06523
v -0.518512 0.1793516 1.924751
v -0.5187299 0.7446222 1.461499
v -0.8133552 1.193562 0.702075
v -0.879765 1.131158 0.7510331
v -0.8389423 1.029053 0.8824685
v -0.8806374 1.101828 0.6620638
v -0.8673949 1.142757 0.7025518
v -0.8389423 1.029053 0.8824685
v -0.879765 1.131158 0.7510331
v -0.9148922 1.067462 0.708354
v -0.879765 1.131158 0.7510331
v -0.9252894 1.214873 0.7150285
v -0.9148922 1.067462 0.708354
v -0.9148922 1.067462 0.708354
v -0.9252894 1.214873 0.7150285
v -0.9957669 1.075779 0.6789174
v -0.9921558 1.221771 0.6768379
v -1.068435 1.09701 0.6409397
v -1.078285 1.162238 0.6426895
v -1.067888 1.212576 0.6342654
v -1.074451 1.213889 0.6122689
v -1.067888 1.212576 0.6342654
v -0.9946713 1.223029 0.6352491
v -0.9921558 1.221771 0.6768379
v -0.9107893 1.218758 0.658123
v -0.9252894 1.214873 0.7150285
v -1.074451 1.213889 0.6122689
v -1.080471 1.163552 0.6145666
v -1.067888 1.212576 0.6342654
v -1.078285 1.162238 0.6426895
v -1.074562 1.097994 0.6170821
v -1.068435 1.09701 0.6409397
v -0.8806374 1.101828 0.6620638
v -0.9747546 1.080156 0.6401739
v -0.9107893 1.218758 0.658123
v -0.9946713 1.223029 0.6352491
v -1.074562 1.097994 0.6170821
v -1.080471 1.163552 0.6145666
v -1.074451 1.213889 0.6122689
v -1.074562 1.097994 0.6170821
v -0.9747546 1.080156 0.6401739
v -1.068435 1.09701 0.6409397
v -0.9957669 1.075779 0.6789174
v -0.9148922 1.067462 0.708354
v -0.8806374 1.101828 0.6620638
v -0.8738565 0.9928253 0.6774921
v -0.869586 0.9887781 0.8531382
v -0.8389423 1.029053 0.8824685
v -0.8673949 1.142757 0.7025518
v -0.879765 1.131158 0.7510331
v -0.8133552 1.193562 0.702075
v -0.9107893 1.218758 0.658123
v -0.8673949 1.142757 0.7025518
v -0.8806374 1.101828 0.6620638
v -0.879765 1.131158 0.7510331
v -0.8673949 1.142757 0.7025518
v -0.9252894 1.214873 0.7150285
v -0.9107893 1.218758 0.658123
v -0.8806374 1.101828 0.6620638
v -0.8133552 1.193562 0.702075
v -0.8738565 0.9928253 0.6774921
v 0.2003071 0.8329525 -2.488438
v 0.1928618 0.823869 -2.488874
v 0.008573294 0.8225553 -2.493911
v 0.2004137 0.9367011 -2.48965
v 0.1894689 0.9478641 -2.48965
v 0.005398512 0.9454548 -2.493033
v -0.1883082 0.826278 -2.499058
v -0.1989236 0.8390791 -2.499058
v -0.1862288 0.9497201 -2.497309
v -0.1983757 0.9379029 -2.497851
v -0.2105532 0.3719881 2.416998
v -0.2031128 0.3629045 2.416232
v -0.01947856 0.3589637 2.428927
v -0.2094626 0.474859 2.430458
v -0.1982996 0.4858041 2.431554
v -0.01422429 0.4810975 2.431336
v 0.1781688 0.3599527 2.419843
v 0.1888905 0.3725357 2.421045
v 0.1775095 0.4826291 2.432649
v 0.1895499 0.4708118 2.43166
v 0.5155795 1.661474 -0.3688831
v -0.0106132 1.6615 -0.1038265
v -0.0106132 1.6615 -0.3687665
v 0.5163605 1.661469 -0.1038926
v -0.5341737 1.661474 -0.3688629
v -0.5344982 1.661469 -0.1038926
v 0.5155795 1.661474 -0.3688831
v -0.0106132 1.6615 -0.3687665
v -0.0106132 1.561159 -0.3687665
v 0.5155795 1.561134 -0.3688831
v -0.5341737 1.661474 -0.3688629
v -0.5341737 1.561134 -0.3688629
v 0.5163605 1.661469 -0.1038926
v -0.0106132 1.561155 -0.1038265
v -0.0106132 1.6615 -0.1038265
v 0.5163605 1.561129 -0.1038926
v -0.5344982 1.661469 -0.1038926
v -0.5344982 1.561129 -0.1038926
v 0.5163605 1.661469 -0.1038926
v 0.5155795 1.661474 -0.3688831
v 0.5155795 1.561134 -0.3688831
v 0.5163605 1.561129 -0.1038926
v -0.5344982 1.661469 -0.1038926
v -0.5341737 1.561134 -0.3688629
v -0.5341737 1.661474 -0.3688629
v -0.5344982 1.561129 -0.1038926
v -0.0106132 1.561155 -0.1038265
v 0.5163605 1.561129 -0.1038926
v 0.5155795 1.561134 -0.3688831
v -0.0106132 1.561159 -0.3687665
v -0.5341737 1.561134 -0.3688629
v -0.5344982 1.561129 -0.1038926
v 0.3757098 1.602089 -0.2842453
v 0.3757555 1.602089 -0.1884797
v 0.3161569 1.602089 -0.1884797
v 0.3161721 1.602089 -0.2842402
v 0.3161569 1.602089 -0.1884797
v 0.3757555 1.602089 -0.1884797
v 0.3161569 1.501749 -0.1884797
v 0.3757555 1.501749 -0.1884797
v 0.3757555 1.602089 -0.1884797
v 0.3757098 1.602089 -0.2842453
v 0.3757098 1.501749 -0.2842453
v 0.3757555 1.501749 -0.1884797
v 0.3757098 1.602089 -0.2842453
v 0.3161721 1.602089 -0.2842402
v 0.3757098 1.501749 -0.2842453
v 0.3161721 1.501749 -0.2842402
v 0.3161721 1.602089 -0.2842402
v 0.3161569 1.602089 -0.1884797
v 0.3161721 1.501749 -0.2842402
v 0.3161569 1.501749 -0.1884797
v 0.3161569 1.501749 -0.1884797
v 0.3757555 1.501749 -0.1884797
v 0.3757098 1.501749 -0.2842453
v 0.3161721 1.501749 -0.2842402
v -0.3133583 1.602089 -0.2842453
v -0.3133175 1.602089 -0.1884797
v -0.3729162 1.602089 -0.1884797
v -0.372896 1.602089 -0.2842402
v -0.3729162 1.501749 -0.1884797
v -0.3729162 1.602089 -0.1884797
v -0.3133175 1.602089 -0.1884797
v -0.3133175 1.501749 -0.1884797
v -0.3133175 1.602089 -0.1884797
v -0.3133583 1.602089 -0.2842453
v -0.3133583 1.501749 -0.2842453
v -0.3133175 1.501749 -0.1884797
v -0.3133583 1.602089 -0.2842453
v -0.372896 1.602089 -0.2842402
v -0.3133583 1.501749 -0.2842453
v -0.372896 1.501749 -0.2842402
v -0.372896 1.602089 -0.2842402
v -0.3729162 1.602089 -0.1884797
v -0.372896 1.501749 -0.2842402
v -0.3729162 1.501749 -0.1884797
v -0.3729162 1.501749 -0.1884797
v -0.3133175 1.501749 -0.1884797
v -0.3133583 1.501749 -0.2842453
v -0.372896 1.501749 -0.2842402
v 0.4436514 0.2064958 2.521406
v 0.4448128 0.5159912 2.561899
v 0.5199006 0.5159051 2.561666
v 0.5208795 0.2065616 2.514812
v 0.4433472 0.8097947 2.47051
v 0.4979448 0.8097136 2.470495
v 0.4448128 0.5159912 2.561899
v 0.5199006 0.5159051 2.561666
v 0.4436514 0.2064958 2.521406
v 0.5208795 0.2065616 2.514812
v 0.4436514 0.180655 2.353032
v 0.5208795 0.1807208 2.330316
v 0.4448128 0.5159912 2.561899
v 0.4436514 0.2064958 2.521406
v 0.4436514 0.3068409 2.378838
v 0.4448128 0.495415 2.400672
v 0.4433472 0.8097947 2.47051
v 0.436693 0.8196442 2.40866
v 0.4436514 0.2223248 2.358763
v 0.4436514 0.180655 2.353032
v 0.5199006 0.5159051 2.561666
v 0.5208795 0.3069069 2.362238
v 0.5208795 0.2065616 2.514812
v 0.5199006 0.4953289 2.390432
v 0.5208795 0.2223907 2.336047
v 0.5208795 0.1807208 2.330316
v 0.5199006 0.4953289 2.390432
v 0.4979448 0.8097136 2.470495
v 0.4912908 0.8195629 2.39842
v 0.5199006 0.5159051 2.561666
v 0.4912908 0.8195629 2.39842
v 0.4433472 0.8097947 2.47051
v 0.436693 0.8196442 2.40866
v 0.4979448 0.8097136 2.470495
v 0.4436514 0.2223248 2.358763
v 0.5208795 0.1807208 2.330316
v 0.5208795 0.2223907 2.336047
v 0.4436514 0.180655 2.353032
v 0.4912908 0.8195629 2.39842
v 0.436693 0.8196442 2.40866
v 0.4448128 0.495415 2.400672
v 0.5199006 0.4953289 2.390432
v 0.4448128 0.495415 2.400672
v 0.4436514 0.3068409 2.378838
v 0.5208795 0.3069069 2.362238
v 0.5199006 0.4953289 2.390432
v -0.4725819 0.2064958 2.521406
v -0.4714205 0.5159912 2.561899
v -0.3963327 0.5159051 2.561666
v -0.3953538 0.2065616 2.514812
v -0.4624434 0.8097947 2.47051
v -0.4075718 0.8097136 2.470495
v -0.4714205 0.5159912 2.561899
v -0.3963327 0.5159051 2.561666
v -0.4725819 0.2064958 2.521406
v -0.3953538 0.2065616 2.514812
v -0.4725819 0.180655 2.353032
v -0.3953538 0.1807208 2.330316
v -0.4714205 0.5159912 2.561899
v -0.4725819 0.2064958 2.521406
v -0.4725819 0.3068409 2.378838
v -0.4714205 0.495415 2.400672
v -0.4624434 0.8097947 2.47051
v -0.4691331 0.8196442 2.40866
v -0.4725819 0.2223248 2.358763
v -0.4725819 0.180655 2.353032
v -0.3963327 0.5159051 2.561666
v -0.3953538 0.3069069 2.362238
v -0.3953538 0.2065616 2.514812
v -0.3963327 0.4953289 2.390432
v -0.3953538 0.2223907 2.336047
v -0.3953538 0.1807208 2.330316
v -0.3963327 0.4953289 2.390432
v -0.4075718 0.8097136 2.470495
v -0.4142563 0.8195629 2.39842
v -0.3963327 0.5159051 2.561666
v -0.4142563 0.8195629 2.39842
v -0.4624434 0.8097947 2.47051
v -0.4691331 0.8196442 2.40866
v -0.4075718 0.8097136 2.470495
v -0.4725819 0.2223248 2.358763
v -0.3953538 0.1807208 2.330316
v -0.3953538 0.2223907 2.336047
v -0.4725819 0.180655 2.353032
v -0.4142563 0.8195629 2.39842
v -0.4691331 0.8196442 2.40866
v -0.4714205 0.495415 2.400672
v -0.3963327 0.4953289 2.390432
v -0.4714205 0.495415 2.400672
v -0.4725819 0.3068409 2.378838
v -0.3953538 0.3069069 2.362238
v -0.3963327 0.4953289 2.390432
v -0.4027028 0.6105142 2.504603
v -0.4118574 0.6417766 2.473092
v 0.4435146 0.6471224 2.464358
v -0.4027028 0.5703709 2.479558
v 0.4526691 0.5703051 2.479502
v -0.4118574 0.6417766 2.473092
v 0.4435146 0.6069791 2.439319
v 0.4435146 0.6471224 2.464358
v -0.4118574 0.6016335 2.448053
v -0.4027028 0.5703709 2.479558
v 0.4526691 0.5703051 2.479502
v 0.4435146 0.6069791 2.439319
v -0.4118574 0.6016335 2.448053
v -0.4027028 0.3255405 2.504603
v -0.4118574 0.3568032 2.473092
v 0.4435146 0.3621488 2.464358
v -0.4027028 0.2853923 2.479558
v 0.4526691 0.2853315 2.479502
v -0.4118574 0.3568032 2.473092
v 0.4435146 0.3220055 2.439319
v 0.4435146 0.3621488 2.464358
v -0.4118574 0.3166549 2.448053
v -0.4027028 0.2853923 2.479558
v 0.4526691 0.2853315 2.479502
v 0.4435146 0.3220055 2.439319
v -0.4118574 0.3166549 2.448053
v -0.3953538 0.307759 -2.715766
v -0.3965151 0.6172545 -2.756249
v -0.4716082 0.6171684 -2.756026
v -0.4725819 0.3078249 -2.709167
v -0.3950546 0.9110579 -2.664865
v -0.4496522 0.9109769 -2.66485
v -0.3965151 0.6172545 -2.756249
v -0.4716082 0.6171684 -2.756026
v -0.4725819 0.2819841 -2.524676
v -0.3953538 0.2819183 -2.547393
v -0.4725819 0.3078249 -2.709167
v -0.3953538 0.307759 -2.715766
v -0.3965151 0.6172545 -2.756249
v -0.3953538 0.307759 -2.715766
v -0.3953538 0.4081042 -2.573198
v -0.3965151 0.5966783 -2.595027
v -0.3950546 0.9110579 -2.664865
v -0.3884003 0.9209075 -2.60302
v -0.3953538 0.3235879 -2.553124
v -0.3953538 0.2819183 -2.547393
v -0.4716082 0.6171684 -2.756026
v -0.4725819 0.4081702 -2.556588
v -0.4725819 0.3078249 -2.709167
v -0.4716082 0.5965922 -2.584792
v -0.4725819 0.3236539 -2.530407
v -0.4725819 0.2819841 -2.524676
v -0.4716082 0.5965922 -2.584792
v -0.4496522 0.9109769 -2.66485
v -0.4429982 0.9208262 -2.592775
v -0.4716082 0.6171684 -2.756026
v -0.4496522 0.9109769 -2.66485
v -0.3950546 0.9110579 -2.664865
v -0.4429982 0.9208262 -2.592775
v -0.3884003 0.9209075 -2.60302
v -0.3953538 0.3235879 -2.553124
v -0.4725819 0.2819841 -2.524676
v -0.4725819 0.3236539 -2.530407
v -0.3953538 0.2819183 -2.547393
v -0.4429982 0.9208262 -2.592775
v -0.3884003 0.9209075 -2.60302
v -0.3965151 0.5966783 -2.595027
v -0.4716082 0.5965922 -2.584792
v -0.3965151 0.5966783 -2.595027
v -0.3953538 0.4081042 -2.573198
v -0.4725819 0.4081702 -2.556588
v -0.4716082 0.5965922 -2.584792
v 0.5208745 0.307759 -2.715766
v 0.5197129 0.6172545 -2.756249
v 0.4446251 0.6171684 -2.756026
v 0.4436514 0.3078249 -2.709167
v 0.510736 0.9110579 -2.664865
v 0.4558642 0.9109769 -2.66485
v 0.5197129 0.6172545 -2.756249
v 0.4446251 0.6171684 -2.756026
v 0.4436514 0.2819841 -2.524676
v 0.5208745 0.2819183 -2.547393
v 0.4436514 0.3078249 -2.709167
v 0.5208745 0.307759 -2.715766
v 0.5197129 0.6172545 -2.756249
v 0.5208745 0.307759 -2.715766
v 0.5208745 0.4081042 -2.573198
v 0.5197129 0.5966783 -2.595027
v 0.510736 0.9110579 -2.664865
v 0.5174255 0.9209075 -2.60302
v 0.5208745 0.3235879 -2.553124
v 0.5208745 0.2819183 -2.547393
v 0.4446251 0.6171684 -2.756026
v 0.4436514 0.4081702 -2.556588
v 0.4436514 0.3078249 -2.709167
v 0.4446251 0.5965922 -2.584792
v 0.4436514 0.3236539 -2.530407
v 0.4436514 0.2819841 -2.524676
v 0.4446251 0.5965922 -2.584792
v 0.4558642 0.9109769 -2.66485
v 0.462554 0.9208262 -2.592775
v 0.4446251 0.6171684 -2.756026
v 0.4558642 0.9109769 -2.66485
v 0.510736 0.9110579 -2.664865
v 0.462554 0.9208262 -2.592775
v 0.5174255 0.9209075 -2.60302
v 0.5208745 0.3235879 -2.553124
v 0.4436514 0.2819841 -2.524676
v 0.4436514 0.3236539 -2.530407
v 0.5208745 0.2819183 -2.547393
v 0.462554 0.9208262 -2.592775
v 0.5174255 0.9209075 -2.60302
v 0.5197129 0.5966783 -2.595027
v 0.4446251 0.5965922 -2.584792
v 0.5197129 0.5966783 -2.595027
v 0.5208745 0.4081042 -2.573198
v 0.4436514 0.4081702 -2.556588
v 0.4446251 0.5965922 -2.584792
v 0.4509954 0.7117774 -2.698963
v 0.46015 0.7430398 -2.667452
v -0.3952219 0.7483907 -2.658713
v 0.4509954 0.6716342 -2.673923
v -0.4043765 0.6715684 -2.673857
v 0.46015 0.7430398 -2.667452
v -0.3952219 0.7082424 -2.633679
v -0.3952219 0.7483907 -2.658713
v 0.46015 0.7028966 -2.642407
v -0.3952219 0.7082424 -2.633679
v 0.46015 0.7028966 -2.642407
v 0.4509954 0.6716342 -2.673923
v -0.4043765 0.6715684 -2.673857
v 0.4509954 0.4268038 -2.698963
v 0.46015 0.4580665 -2.667452
v -0.3952219 0.463412 -2.658713
v 0.4509954 0.3866608 -2.673923
v -0.4043765 0.3865948 -2.673857
v 0.46015 0.4580665 -2.667452
v -0.3952219 0.4232688 -2.633679
v -0.3952219 0.463412 -2.658713
v 0.46015 0.4179182 -2.642407
v -0.3952219 0.4232688 -2.633679
v 0.46015 0.4179182 -2.642407
v 0.4509954 0.3866608 -2.673923
v -0.4043765 0.3865948 -2.673857
v -0.0002565384 1.486523 -0.01546597
v -0.0002565384 1.419439 0.3259819
v 0.6450267 1.378509 0.3663635
v 0.5997205 1.448439 0.02437305
v 0.6039858 1.480503 -0.5354102
v -0.0002565384 1.51421 -0.5372207
v 0.3076313 1.226285 0.8058641
v 0.7279809 1.193891 0.8050983
v 0.5006785 1.007954 1.211876
v 0.7835727 0.9825652 1.166676
v -0.0002565384 1.046916 1.205201
v -0.0002565384 1.234491 0.8146181
v -0.6558964 1.378509 0.3663635
v -0.0002565384 1.419439 0.3259819
v -0.0002565384 1.486523 -0.01546597
v -0.6203279 1.448439 0.02437305
v -0.639261 1.480503 -0.5354102
v -0.0002565384 1.51421 -0.5372207
v -0.318501 1.226285 0.8058641
v -0.7388456 1.193891 0.8050983
v -0.5115483 1.007954 1.211876
v -0.7944424 0.9825652 1.166676
v -0.0002565384 1.046916 1.205201
v -0.0002565384 1.234491 0.8146181
v -0.5805247 1.516705 -0.7388446
v -0.6793485 1.476866 -0.8232188
v -0.7141459 1.462752 -0.5258043
v -0.6221082 1.513312 -0.5354102
v -0.7030945 1.421711 0.1405928
v -0.6031752 1.481243 0.02437305
v -0.740083 1.427401 -1.123955
v -0.8026841 1.28743 -0.5778003
v -0.8718481 1.095696 -0.5367644
v -0.8447039 1.142976 -1.313828
v -0.7967703 1.201306 0.6943457
v -0.8557603 1.009679 0.8858614
v -0.6387436 1.411314 0.3663635
v -0.7216978 1.226696 0.8050983
vt 0.8881217 0.05330714
vt 0.8743165 0.11279
vt 0.8581976 0.03488998
vt 0.8953972 0.1286957
vt 0.8637837 0.1588633
vt 0.8381367 0.1116484
vt 0.8271929 0.1526532
vt 0.8507242 0.2171741
vt 0.8122765 0.181664
vt 0.8314548 0.2481028
vt 0.7924591 0.2014967
vt 0.7912109 0.2642977
vt 0.7706781 0.2068392
vt 0.7325348 0.2642673
vt 0.7506628 0.2008575
vt 0.733235 0.184556
vt 0.7225652 0.3062158
vt 0.6944524 0.3062766
vt 0.7099167 0.3250439
vt 0.6475876 0.3790472
vt 0.7315911 0.3267182
vt 0.7733418 0.292654
vt 0.8222309 0.2755611
vt 0.8370864 0.2702034
vt 0.7688364 0.3222585
vt 0.8189128 0.3016191
vt 0.7233719 0.4227005
vt 0.6585314 0.5214529
vt 0.5745278 0.4418026
vt 0.5787287 0.6768876
vt 0.5249385 0.6846045
vt 0.5187132 0.4737053
vt 0.4600371 0.4847861
vt 0.4667342 0.6912104
vt 0.3800062 0.5090936
vt 0.4088191 0.6961876
vt 0.349595 0.5447407
vt 0.3431718 0.7030674
vt 0.3054395 0.5948476
vt 0.299823 0.7025042
vt 0.3094578 0.4805242
vt 0.2490313 0.5772675
vt 0.2241453 0.6777704
vt 0.258666 0.4524419
vt 0.1613291 0.5138577
vt 0.1249971 0.6133256
vt 0.1971436 0.4102499
vt 0.1795788 0.3956531
vt 0.1055144 0.4735075
vt 0.06193733 0.5640559
vt 0.1326074 0.4089409
vt 0.1446471 0.3711172
vt 0.154084 0.3440851
vt 0.1099285 0.2729888
vt 0.06365728 0.3483926
vt 0.06193733 0.5640559
vt 0.03006499 0.4099455
vt 0.1334141 0.2455305
vt 0.1597005 0.3136435
vt 0.1541905 0.2715276
vt 0.05662527 0.2969007
vt 0.01883205 0.3700518
vt 0.0455902 0.2455305
vt 0.008847215 0.3123193
vt 0.02291122 0.1865195
vt 0.002302276 0.2438714
vt 0.07851277 0.1582392
vt 0.07108502 0.1191066
vt 0.08493594 0.2002943
vt 0.09044586 0.2441454
vt 0.1056058 0.1309179
vt 0.09878685 0.08980659
vt 0.1146469 0.1718619
vt 0.1236728 0.2086962
vt 0.1499744 0.2227297
vt 0.1414355 0.1011765
vt 0.1314963 0.06569687
vt 0.1544797 0.1472498
vt 0.17346 0.1958346
vt 0.200964 0.3067029
vt 0.2064739 0.3481947
vt 0.2265501 0.368621
vt 0.2745261 0.4026851
vt 0.3323346 0.437008
vt 0.2921822 0.3377685
vt 0.1979046 0.06324631
vt 0.190279 0.02656421
vt 0.2157738 0.1257429
vt 0.2774333 0.291269
vt 0.2286658 0.1563823
vt 0.2463372 0.1716031
vt 0.261284 0.1835514
vt 0.2807362 0.1805225
vt 0.2972051 0.1713748
vt 0.380615 0.4601588
vt 0.4542227 0.4618483
vt 0.4673583 0.3087729
vt 0.468515 0.2653327
vt 0.5110267 0.4520462
vt 0.5685461 0.4185148
vt 0.6351979 0.3515585
vt 0.6713168 0.2989098
vt 0.6758678 0.2604925
vt 0.6818496 0.1675848
vt 0.713661 0.1456364
vt 0.707588 0.1124399
vt 0.679947 0.05253088
vt 0.7014692 0.06504237
vt 0.7123216 0.0389996
vt 0.6642087 0.01878639
vt 0.4773888 0.0475689
vt 0.4772518 0.01793403
vt 0.3367335 0.001739106
vt 0.3344503 0.03880173
vt 0.475197 0.1609333
vt 0.3310104 0.1011765
vt 0.3174792 0.1413898
vt 0.2052258 0.09085683
vt 0.4615135 0.376064
vt 0.7371163 0.6005554
vt 0.6599317 0.6477702
vt 0.807071 0.4141464
vt 0.8349707 0.5483785
vt 0.9135557 0.5053645
vt 0.8887762 0.3828677
vt 0.8738142 0.326429
vt 0.8425964 0.2964136
vt 0.945017 0.4901895
vt 0.9039209 0.3626392
vt 0.8765235 0.3004471
vt 0.9218966 0.3054395
vt 0.8947884 0.2408729
vt 0.9648802 0.4338877
vt 0.9648802 0.4338877
vt 0.943571 0.3087881
vt 0.9158692 0.2407359
vt 0.9388526 0.2261392
vt 0.9992183 0.2774941
vt 0.9747128 0.4056075
vt 0.9592332 0.1529272
vt 0.899309 0.2011162
vt 0.9159757 0.1566411
vt 0.9351844 0.09536218
vt 0.8786392 0.2105074
vt 0.8679999 0.2499141
vt 0.858152 0.274176
vt 0.8852602 0.1785286
vt 0.9101919 0.06936507
vt 0.9648802 0.4338877
vt 0.9747128 0.4056075
vt 0.9648802 0.4338877
vt 0.943571 0.3087881
vt 0.9648802 0.4338877
vt 0.9218966 0.3054395
vt 0.9039209 0.3626392
vt 0.8765235 0.3004471
vt 0.8738142 0.326429
vt 0.8887762 0.3828677
vt 0.807071 0.4141464
vt 0.9135557 0.5053645
vt 0.8349707 0.5483785
vt 0.7371163 0.6005554
vt 0.7233719 0.4227005
vt 0.6585314 0.5214529
vt 0.6475876 0.3790472
vt 0.5745278 0.4418026
vt 0.628516 0.3547244
vt 0.5361866 0.4290932
vt 0.4615135 0.376064
vt 0.4673583 0.3087729
vt 0.3323346 0.437008
vt 0.2921822 0.3377685
vt 0.2745261 0.4026851
vt 0.3094578 0.4805242
vt 0.258666 0.4524419
vt 0.2490313 0.5772675
vt 0.3054395 0.5948476
vt 0.349595 0.5447407
vt 0.3431718 0.7030674
vt 0.4088191 0.6961876
vt 0.3800062 0.5090936
vt 0.4667342 0.6912104
vt 0.4600371 0.4847861
vt 0.5249385 0.6846045
vt 0.5187132 0.4737053
vt 0.5787287 0.6768876
vt 0.299823 0.7025042
vt 0.2241453 0.6777704
vt 0.1613291 0.5138577
vt 0.1249971 0.6133256
vt 0.1971436 0.4102499
vt 0.1795788 0.3956531
vt 0.1055144 0.4735075
vt 0.06193733 0.5640559
vt 0.1326074 0.4089409
vt 0.1446471 0.3711172
vt 0.154084 0.3440851
vt 0.1099285 0.2729888
vt 0.06365728 0.3483926
vt 0.06193733 0.5640559
vt 0.03006499 0.4099455
vt 0.1334141 0.2455305
vt 0.1597005 0.3136435
vt 0.1541905 0.2715276
vt 0.05662527 0.2969007
vt 0.01883205 0.3700518
vt 0.0455902 0.2455305
vt 0.008847215 0.3123193
vt 0.02291122 0.1865195
vt 0.002302276 0.2438714
vt 0.07851277 0.1582392
vt 0.07108502 0.1191066
vt 0.08493594 0.2002943
vt 0.09044586 0.2441454
vt 0.1056058 0.1309179
vt 0.09878685 0.08980659
vt 0.1146469 0.1718619
vt 0.1236728 0.2086962
vt 0.1499744 0.2227297
vt 0.1414355 0.1011765
vt 0.1314963 0.06569687
vt 0.1544797 0.1472498
vt 0.17346 0.1958346
vt 0.200964 0.3067029
vt 0.2064739 0.3481947
vt 0.2265501 0.368621
vt 0.1979046 0.06324631
vt 0.190279 0.02656421
vt 0.2157738 0.1257429
vt 0.2052258 0.09085683
vt 0.2774333 0.291269
vt 0.2286658 0.1563823
vt 0.2463372 0.1716031
vt 0.261284 0.1835514
vt 0.2807362 0.1805225
vt 0.2972051 0.1713748
vt 0.2919235 0.2893055
vt 0.2989859 0.2451347
vt 0.3246025 0.1716183
vt 0.3174792 0.1413898
vt 0.3416193 0.1057428
vt 0.3310104 0.1011765
vt 0.3344503 0.03880173
vt 0.3497016 0.03639684
vt 0.3367335 0.001739106
vt 0.3528979 0.00373303
vt 0.8481519 0.07065884
vt 0.8881217 0.05330714
vt 0.8581976 0.03488998
vt 0.8743165 0.11279
vt 0.8953972 0.1286957
vt 0.8637837 0.1588633
vt 0.8381367 0.1116484
vt 0.8271929 0.1526532
vt 0.8507242 0.2171741
vt 0.8122765 0.181664
vt 0.8314548 0.2481028
vt 0.7924591 0.2014967
vt 0.858152 0.274176
vt 0.8370864 0.2702034
vt 0.8222309 0.2755611
vt 0.8425964 0.2964136
vt 0.8189128 0.3016191
vt 0.7688364 0.3222585
vt 0.7315911 0.3267182
vt 0.7225652 0.3062158
vt 0.7099167 0.3250439
vt 0.6944524 0.3062766
vt 0.6634477 0.2964136
vt 0.6590337 0.2588791
vt 0.7325348 0.2642673
vt 0.733235 0.184556
vt 0.6634477 0.1615117
vt 0.713661 0.1456364
vt 0.707588 0.1124399
vt 0.7014692 0.06504237
vt 0.6642087 0.01878639
vt 0.7123216 0.0389996
vt 0.7506628 0.2008575
vt 0.7706781 0.2068392
vt 0.8679999 0.2499141
vt 0.8786392 0.2105074
vt 0.8947884 0.2408729
vt 0.9158692 0.2407359
vt 0.9388526 0.2261392
vt 0.9992183 0.2774941
vt 0.9747128 0.4056075
vt 0.9592332 0.1529272
vt 0.899309 0.2011162
vt 0.9159757 0.1566411
vt 0.9351844 0.09536218
vt 0.8852602 0.1785286
vt 0.9101919 0.06936507
vt 0.380615 0.4601588
vt 0.4584846 0.4407067
vt 0.6599317 0.6477702
vt 0.6127625 0.9894161
vt 0.7868426 0.9167064
vt 0.6124884 0.9409531
vt 0.7868426 0.9604205
vt 0.9908925 0.9105268
vt 0.9953065 0.8131593
vt 0.7896737 0.8125961
vt 0.6470549 0.823266
vt 0.6214383 0.8967823
vt 0.6640717 0.7573904
vt 0.6721539 0.6880444
vt 0.789765 0.669536
vt 0.6753503 0.6553807
vt 0.9883963 0.670434
vt 0.9859 0.9480612
vt 0.767634 0.03152619
vt 0.7873144 0.08770612
vt 0.7894149 0.02616847
vt 0.7295516 0.09058286
vt 0.7243156 0.1308875
vt 0.7702976 0.117341
vt 0.8191867 0.1002328
vt 0.8264927 0.07492066
vt 0.7649703 0.1384218
vt 0.8158686 0.126306
vt 0.945017 0.4901895
vt 0.9648802 0.4338877
vt 0.8481519 0.07065884
vt 0.03228723 0.05275919
vt 0.04027814 0.03234811
vt 0.04808641 0.05215036
vt 0.05467701 0.05275919
vt 0.02568141 0.05275919
vt 0.05747763 0.03265253
vt 0.02198276 0.03286562
vt 0.02207408 0.04015638
vt 0.02218063 0.04855825
vt 0.02307865 0.05388553
vt 0.02408323 0.05985208
vt 0.02598582 0.06094798
vt 0.03408328 0.0667471
vt 0.03298739 0.06665577
vt 0.04502703 0.06540766
vt 0.04797987 0.06505759
vt 0.05758418 0.04004983
vt 0.05758418 0.04744714
vt 0.05758418 0.05355067
vt 0.055986 0.05965421
vt 0.05478356 0.0634594
vt 0.05438782 0.06545333
vt 0.05458568 0.05285051
vt 0.05418995 0.06575774
vt 0.05368766 0.06615349
vt 0.05358111 0.05295706
vt 0.0532767 0.0664579
vt 0.05257654 0.06654923
vt 0.0521808 0.05275919
vt 0.05178506 0.06665577
vt 0.05088703 0.06665577
vt 0.05038475 0.05234823
vt 0.05018688 0.06665577
vt 0.04918231 0.06654923
vt 0.0485887 0.0522569
vt 0.04868002 0.06615349
vt 0.04839082 0.06554466
vt 0.04797987 0.06505759
vt 0.04808641 0.05215036
vt 0.02898432 0.05295706
vt 0.02898432 0.06595562
vt 0.02738614 0.06464662
vt 0.02727959 0.05295706
vt 0.02988235 0.06604694
vt 0.02718827 0.06435743
vt 0.02688385 0.06405301
vt 0.0305825 0.05295706
vt 0.03049118 0.06615349
vt 0.03088692 0.06615349
vt 0.03088692 0.05285051
vt 0.03198281 0.06604694
vt 0.03218069 0.05285051
vt 0.03237855 0.06635135
vt 0.03228723 0.05275919
vt 0.03298739 0.06665577
vt 0.02598582 0.05285051
vt 0.02657943 0.06225696
vt 0.02629024 0.06114585
vt 0.02568141 0.05275919
vt 0.02598582 0.06094798
vt 0.02568141 0.05275919
vt 0.04864958 0.06094798
vt 0.04823862 0.07934991
vt 0.03425071 0.08285069
vt 0.03963887 0.05685358
vt 0.02814718 0.05714278
vt 0.02154135 0.08324643
vt 0.02184577 0.05755374
vt 0.0544487 0.06934985
vt 0.03444858 0.02854292
vt 0.04764501 0.03434204
vt 0.04775155 0.04635124
vt 0.03434204 0.05324626
vt 0.0216479 0.05434215
vt 0.02294167 0.02834505
vt 0.05094792 0.0402477
vt 0.03228723 0.05275919
vt 0.04808641 0.05215036
vt 0.04027814 0.03234811
vt 0.05467701 0.05275919
vt 0.02568141 0.05275919
vt 0.05747763 0.03265253
vt 0.02198276 0.03286562
vt 0.02207408 0.04015638
vt 0.02218063 0.04855825
vt 0.02307865 0.05388553
vt 0.02408323 0.05985208
vt 0.02598582 0.06094798
vt 0.03408328 0.0667471
vt 0.03298739 0.06665577
vt 0.04502703 0.06540766
vt 0.04797987 0.06505759
vt 0.05758418 0.04004983
vt 0.05758418 0.04744714
vt 0.05758418 0.05355067
vt 0.055986 0.05965421
vt 0.05478356 0.0634594
vt 0.05438782 0.06545333
vt 0.05458568 0.05285051
vt 0.05418995 0.06575774
vt 0.05368766 0.06615349
vt 0.05358111 0.05295706
vt 0.0532767 0.0664579
vt 0.05257654 0.06654923
vt 0.0521808 0.05275919
vt 0.05178506 0.06665577
vt 0.05088703 0.06665577
vt 0.05038475 0.05234823
vt 0.05018688 0.06665577
vt 0.04918231 0.06654923
vt 0.0485887 0.0522569
vt 0.04868002 0.06615349
vt 0.04839082 0.06554466
vt 0.04808641 0.05215036
vt 0.04797987 0.06505759
vt 0.02898432 0.05295706
vt 0.02738614 0.06464662
vt 0.02898432 0.06595562
vt 0.02727959 0.05295706
vt 0.02988235 0.06604694
vt 0.02718827 0.06435743
vt 0.02688385 0.06405301
vt 0.0305825 0.05295706
vt 0.03049118 0.06615349
vt 0.03088692 0.06615349
vt 0.03088692 0.05285051
vt 0.03198281 0.06604694
vt 0.03218069 0.05285051
vt 0.03237855 0.06635135
vt 0.03228723 0.05275919
vt 0.03298739 0.06665577
vt 0.02598582 0.05285051
vt 0.02657943 0.06225696
vt 0.02629024 0.06114585
vt 0.02568141 0.05275919
vt 0.02568141 0.05275919
vt 0.02598582 0.06094798
vt 0.03425071 0.08285069
vt 0.04823862 0.07934991
vt 0.04864958 0.06094798
vt 0.03963887 0.05685358
vt 0.02814718 0.05714278
vt 0.02154135 0.08324643
vt 0.02184577 0.05755374
vt 0.0544487 0.06934985
vt 0.03434204 0.05324626
vt 0.04775155 0.04635124
vt 0.03444858 0.02854292
vt 0.04764501 0.03434204
vt 0.0216479 0.05434215
vt 0.02294167 0.02834505
vt 0.05094792 0.0402477
vt 0.1702484 0.9752607
vt 0.158772 0.9723231
vt 0.1480261 0.980177
vt 0.1605224 0.9677417
vt 0.1605071 0.9732516
vt 0.08441843 0.611149
vt 0.0590606 0.6135996
vt 0.06245483 0.5892463
vt 0.0590606 0.6135996
vt 0.04545321 0.6288965
vt 0.06245483 0.5892463
vt 0.04282002 0.5666891
vt 0.04044557 0.6417428
vt 0.02539221 0.5709814
vt 0.02603149 0.6451827
vt 0.009699578 0.5815142
vt 0.007538227 0.6148629
vt 0.00991267 0.640449
vt 0.1775544 0.9822167
vt 0.1770826 0.9803749
vt 0.1717705 0.9803749
vt 0.1715727 0.9768894
vt 0.1657431 0.9785028
vt 0.1667172 0.9737691
vt 0.1569303 0.9913491
vt 0.1572956 0.9816078
vt 0.1606289 0.9911056
vt 0.1621206 0.9813643
vt 0.1578435 0.9689137
vt 0.1619227 0.9686701
vt 0.03686869 0.5069627
vt 0.02228717 0.5058668
vt 0.03190671 0.5569174
vt 0.01918213 0.5583177
vt 0.006914174 0.5123813
vt 0.005985706 0.5364454
vt 0.006914174 0.5549082
vt 0.1614356 0.9845911
vt 0.1608877 0.9759153
vt 0.159807 0.9837844
vt 0.157874 0.9770568
vt 0.1568542 0.9699487
vt 0.1605224 0.9677417
vt 0.1531707 0.9642713
vt 0.1466867 0.9768894
vt 0.1480261 0.980177
vt 0.1605071 0.9732516
vt 0.158772 0.9723231
vt 0.1702484 0.9752607
vt 0.1623945 0.9913948
vt 0.1544341 0.9765697
vt 0.1612834 0.9686245
vt 0.158772 0.9723231
vt 0.1605071 0.9732516
vt 0.1667172 0.9737691
vt 0.1657431 0.9785028
vt 0.03686869 0.5069627
vt 0.05425083 0.5738276
vt 0.03965409 0.48678
vt 0.391026 0.8929011
vt 0.3957749 0.8866758
vt 0.4709047 0.8866758
vt 0.3907368 0.984241
vt 0.3968708 0.9929777
vt 0.4718788 0.9929777
vt 0.5492309 0.8866758
vt 0.5535079 0.8969498
vt 0.5480893 0.9929777
vt 0.5530665 0.9875896
vt 0.391026 0.8929011
vt 0.3957749 0.8866758
vt 0.4709047 0.8866758
vt 0.3907368 0.984241
vt 0.3968708 0.9929777
vt 0.4718788 0.9929777
vt 0.5492309 0.8866758
vt 0.5535079 0.8969498
vt 0.5480893 0.9929777
vt 0.5530665 0.9875896
vt 0.5964609 0.7732657
vt 0.5821534 0.881455
vt 0.5964609 0.881455
vt 0.5821534 0.7732657
vt 0.5964609 0.9890507
vt 0.5821534 0.9890507
vt 0.5964609 0.7732657
vt 0.5964609 0.881455
vt 0.6018796 0.881455
vt 0.6018796 0.7732657
vt 0.5964609 0.9890507
vt 0.6018796 0.9890507
vt 0.5821534 0.7732657
vt 0.5767348 0.881455
vt 0.5821534 0.881455
vt 0.5767348 0.7732657
vt 0.5821534 0.9890507
vt 0.5767348 0.9890507
vt 0.5755019 0.7563706
vt 0.6130364 0.7563706
vt 0.6130364 0.7406018
vt 0.5755019 0.7406018
vt 0.5755019 0.7034479
vt 0.6130364 0.7195819
vt 0.6130364 0.7034783
vt 0.5755019 0.7195819
vt 0.5755019 0.7300538
vt 0.5755019 0.7406018
vt 0.6130364 0.7406018
vt 0.6130364 0.730069
vt 0.6130364 0.7195819
vt 0.5755019 0.7195819
vt 0.9666914 0.657542
vt 0.9720492 0.657542
vt 0.9925668 0.657542
vt 0.9871938 0.657542
vt 0.9925668 0.657542
vt 0.9720492 0.657542
vt 0.9925668 0.622519
vt 0.9720492 0.622519
vt 0.9720492 0.657542
vt 0.9666914 0.657542
vt 0.9666914 0.622519
vt 0.9720492 0.622519
vt 0.9666914 0.657542
vt 0.9871938 0.657542
vt 0.9666914 0.622519
vt 0.9871938 0.622519
vt 0.9871938 0.657542
vt 0.9925668 0.657542
vt 0.9871938 0.622519
vt 0.9925668 0.622519
vt 0.9925668 0.622519
vt 0.9720492 0.622519
vt 0.9666914 0.622519
vt 0.9871938 0.622519
vt 0.9666914 0.657542
vt 0.9720492 0.657542
vt 0.9925668 0.657542
vt 0.9871938 0.657542
vt 0.9925668 0.622519
vt 0.9925668 0.657542
vt 0.9720492 0.657542
vt 0.9720492 0.622519
vt 0.9720492 0.657542
vt 0.9666914 0.657542
vt 0.9666914 0.622519
vt 0.9720492 0.622519
vt 0.9666914 0.657542
vt 0.9871938 0.657542
vt 0.9666914 0.622519
vt 0.9871938 0.622519
vt 0.9871938 0.657542
vt 0.9925668 0.657542
vt 0.9871938 0.622519
vt 0.9925668 0.622519
vt 0.9925668 0.622519
vt 0.9720492 0.622519
vt 0.9666914 0.622519
vt 0.9871938 0.622519
vt 0.5404637 0.7964926
vt 0.4711939 0.7964926
vt 0.4711939 0.8145596
vt 0.5404637 0.8145596
vt 0.4049226 0.7964926
vt 0.4049226 0.8145596
vt 0.4711939 0.7964926
vt 0.4711939 0.8145596
vt 0.5404637 0.7964926
vt 0.5404637 0.8145596
vt 0.5567499 0.7964926
vt 0.5567499 0.8145596
vt 0.4711939 0.7964926
vt 0.5404637 0.7964926
vt 0.5086066 0.7546049
vt 0.4711939 0.7546049
vt 0.4049226 0.7964926
vt 0.4049226 0.7756249
vt 0.5256082 0.7546049
vt 0.5404637 0.7546049
vt 0.4711939 0.8145596
vt 0.5086066 0.8541794
vt 0.5404637 0.8145596
vt 0.4711939 0.8541794
vt 0.5256082 0.8541794
vt 0.5404637 0.8541794
vt 0.4711939 0.8541794
vt 0.4049226 0.8145596
vt 0.4049226 0.8258687
vt 0.4711939 0.8145596
vt 0.3943442 0.8145596
vt 0.4049226 0.7964926
vt 0.3943442 0.7964926
vt 0.4049226 0.8145596
vt 0.516354 0.7265226
vt 0.5352734 0.7381817
vt 0.5383328 0.7246961
vt 0.5132946 0.7400082
vt 0.5500984 0.7787756
vt 0.5549082 0.7787908
vt 0.5549995 0.7506323
vt 0.5484242 0.7506475
vt 0.5549995 0.7506323
vt 0.5547712 0.7341482
vt 0.5479219 0.7341178
vt 0.5484242 0.7506475
vt 0.5404637 0.8145596
vt 0.4711939 0.8145596
vt 0.4711939 0.7964926
vt 0.5404637 0.7964926
vt 0.4049226 0.8145596
vt 0.4049226 0.7964926
vt 0.4711939 0.8145596
vt 0.4711939 0.7964926
vt 0.5404637 0.8145596
vt 0.5404637 0.7964926
vt 0.5567499 0.8145596
vt 0.5567499 0.7964926
vt 0.4711939 0.8145596
vt 0.5404637 0.8145596
vt 0.5086066 0.8541794
vt 0.4711939 0.8541794
vt 0.4049226 0.8145596
vt 0.4049226 0.8258687
vt 0.5256082 0.8541794
vt 0.5404637 0.8541794
vt 0.4711939 0.7964926
vt 0.5086066 0.7546049
vt 0.5404637 0.7964926
vt 0.4711939 0.7546049
vt 0.5256082 0.7546049
vt 0.5404637 0.7546049
vt 0.4711939 0.7546049
vt 0.4049226 0.7964926
vt 0.4049226 0.7756249
vt 0.4711939 0.7964926
vt 0.3943442 0.7964926
vt 0.4049226 0.8145596
vt 0.3943442 0.8145596
vt 0.4049226 0.7964926
vt 0.516354 0.7265226
vt 0.5352734 0.7381817
vt 0.5383328 0.7246809
vt 0.5132946 0.7400082
vt 0.550068 0.7787756
vt 0.5549082 0.7787908
vt 0.5549995 0.7506323
vt 0.5484242 0.7506475
vt 0.5549995 0.7506323
vt 0.5547712 0.7341482
vt 0.5479219 0.7341178
vt 0.5484242 0.7506475
vt 0.9951695 0.5769784
vt 0.9951695 0.5598245
vt 0.8602524 0.5598245
vt 0.9951695 0.5923818
vt 0.8602524 0.5923818
vt 0.9951695 0.5598245
vt 0.8602524 0.5449843
vt 0.8602524 0.5598245
vt 0.9951695 0.5449843
vt 0.9951695 0.5923818
vt 0.8602524 0.5923818
vt 0.8602524 0.6091247
vt 0.9951695 0.6091247
vt 0.9951695 0.5769784
vt 0.9951695 0.5598245
vt 0.8602524 0.5598245
vt 0.9951695 0.5923818
vt 0.8602524 0.5923818
vt 0.9951695 0.5598245
vt 0.8602524 0.5449843
vt 0.8602524 0.5598245
vt 0.9951695 0.5449843
vt 0.9951695 0.5923818
vt 0.8602524 0.5923818
vt 0.8602524 0.6091247
vt 0.9951695 0.6091247
vt 0.5404637 0.7964926
vt 0.4711939 0.7964926
vt 0.4711939 0.8145596
vt 0.5404637 0.8145596
vt 0.4049226 0.7964926
vt 0.4049226 0.8145596
vt 0.4711939 0.7964926
vt 0.4711939 0.8145596
vt 0.5567499 0.8145596
vt 0.5567499 0.7964926
vt 0.5404637 0.8145596
vt 0.5404637 0.7964926
vt 0.4711939 0.7964926
vt 0.5404637 0.7964926
vt 0.5086066 0.7546049
vt 0.4711939 0.7546049
vt 0.4049226 0.7964926
vt 0.4049226 0.7756249
vt 0.5256082 0.7546049
vt 0.5404637 0.7546049
vt 0.4711939 0.8145596
vt 0.5086066 0.8541794
vt 0.5404637 0.8145596
vt 0.4711939 0.8541794
vt 0.5256082 0.8541794
vt 0.5404637 0.8541794
vt 0.4711939 0.8541794
vt 0.4049226 0.8145596
vt 0.4049226 0.8258687
vt 0.4711939 0.8145596
vt 0.4049226 0.8145596
vt 0.4049226 0.7964926
vt 0.3943442 0.8145596
vt 0.3943442 0.7964926
vt 0.516354 0.7265226
vt 0.5352734 0.7381817
vt 0.5383328 0.7246961
vt 0.5132946 0.7400082
vt 0.5500984 0.7787756
vt 0.5549082 0.7787908
vt 0.5549995 0.7506323
vt 0.5484242 0.7506475
vt 0.5549995 0.7506323
vt 0.5547712 0.7341482
vt 0.5479219 0.7341178
vt 0.5484242 0.7506475
vt 0.5404637 0.8145596
vt 0.4711939 0.8145596
vt 0.4711939 0.7964926
vt 0.5404637 0.7964926
vt 0.4049226 0.8145596
vt 0.4049226 0.7964926
vt 0.4711939 0.8145596
vt 0.4711939 0.7964926
vt 0.5567499 0.7964926
vt 0.5567499 0.8145596
vt 0.5404637 0.7964926
vt 0.5404637 0.8145596
vt 0.4711939 0.8145596
vt 0.5404637 0.8145596
vt 0.5086066 0.8541794
vt 0.4711939 0.8541794
vt 0.4049226 0.8145596
vt 0.4049226 0.8258687
vt 0.5256082 0.8541794
vt 0.5404637 0.8541794
vt 0.4711939 0.7964926
vt 0.5086066 0.7546049
vt 0.5404637 0.7964926
vt 0.4711939 0.7546049
vt 0.5256082 0.7546049
vt 0.5404637 0.7546049
vt 0.4711939 0.7546049
vt 0.4049226 0.7964926
vt 0.4049226 0.7756249
vt 0.4711939 0.7964926
vt 0.4049226 0.7964926
vt 0.4049226 0.8145596
vt 0.3943442 0.7964926
vt 0.3943442 0.8145596
vt 0.516354 0.7265226
vt 0.5352734 0.7381817
vt 0.5383328 0.7246809
vt 0.5132946 0.7400082
vt 0.550068 0.7787756
vt 0.5549082 0.7787908
vt 0.5549995 0.7506323
vt 0.5484242 0.7506475
vt 0.5549995 0.7506323
vt 0.5547712 0.7341482
vt 0.5479219 0.7341178
vt 0.5484242 0.7506475
vt 0.9951695 0.5769784
vt 0.9951695 0.5598245
vt 0.8602524 0.5598245
vt 0.9951695 0.5923818
vt 0.8602524 0.5923818
vt 0.9951695 0.5598245
vt 0.8602524 0.5449843
vt 0.8602524 0.5598245
vt 0.9951695 0.5449843
vt 0.8602524 0.6091247
vt 0.9951695 0.6091247
vt 0.9951695 0.5923818
vt 0.8602524 0.5923818
vt 0.9951695 0.5769784
vt 0.9951695 0.5598245
vt 0.8602524 0.5598245
vt 0.9951695 0.5923818
vt 0.8602524 0.5923818
vt 0.9951695 0.5598245
vt 0.8602524 0.5449843
vt 0.8602524 0.5598245
vt 0.9951695 0.5449843
vt 0.8602524 0.6091247
vt 0.9951695 0.6091247
vt 0.9951695 0.5923818
vt 0.8602524 0.5923818
vt 0.5249385 0.6846045
vt 0.5787287 0.6768876
vt 0.5745278 0.4418026
vt 0.5187132 0.4737053
vt 0.4600371 0.4847861
vt 0.4667342 0.6912104
vt 0.6585314 0.5214529
vt 0.6475876 0.3790472
vt 0.7233719 0.4227005
vt 0.7099167 0.3250439
vt 0.7371163 0.6005554
vt 0.6599317 0.6477702
vt 0.5745278 0.4418026
vt 0.5787287 0.6768876
vt 0.5249385 0.6846045
vt 0.5187132 0.4737053
vt 0.4600371 0.4847861
vt 0.4667342 0.6912104
vt 0.6585314 0.5214529
vt 0.6475876 0.3790472
vt 0.7233719 0.4227005
vt 0.7099167 0.3250439
vt 0.7371163 0.6005554
vt 0.6599317 0.6477702
vt 0.3800062 0.5090936
vt 0.380615 0.4601588
vt 0.4584846 0.4407067
vt 0.4600371 0.4847861
vt 0.5361866 0.4290932
vt 0.5187132 0.4737053
vt 0.3323346 0.437008
vt 0.4615135 0.376064
vt 0.4673583 0.3087729
vt 0.2921822 0.3377685
vt 0.628516 0.3547244
vt 0.6634477 0.2964136
vt 0.5745278 0.4418026
vt 0.6475876 0.3790472
vn 0.5764662 -0.7725431 0.2662025
vn 0.9137185 -0.05882311 0.4020675
vn 0.6235247 -0.6705831 -0.4019145
vn 0.7647001 -0.09803849 0.6368849
vn 0.9215616 0.03529382 0.3866246
vn 0.8196016 -0.2862723 -0.4962876
vn 0.8274447 -0.4039185 -0.3901092
vn 0.9137185 0.1294107 0.38519
vn 0.8274447 -0.4901924 -0.2739467
vn 0.9137185 0.3176446 0.2534174
vn 0.8547257 -0.51908 0
vn 0.7725431 0.6235245 0.1199759
vn 0.8512577 -0.5247479 0
vn 0.8117585 0.5764661 -0.09346107
vn 0.7880839 -0.615568 0
vn 0.7882293 -0.5372508 0.3000936
vn 0.4745062 0.8509738 0.2251386
vn 0.6941124 0.7019553 0.1595831
vn 0.4117616 0.8509738 0.3260305
vn 0.3960754 0.8509738 0.3449171
vn 0.349017 0.9215615 0.1700341
vn 0.45882 0.8823462 0.1046395
vn 0.6627401 0.7176415 0.2139307
vn 0.7647001 0.5372508 0.3558026
vn 0.2392139 0.9607769 0.1403012
vn 0.2862723 0.9450908 0.1576438
vn 0.1137246 0.9372476 0.3295961
vn 0.06666619 0.9137185 0.4008419
vn 0.3333308 0.9137185 0.2323987
vn 0.01176465 0.9607769 0.2770727
vn 0.01176465 0.9843061 0.176077
vn 0.2862723 0.9529338 0.09982665
vn 0.2783437 0.9604815 0
vn 0.01176465 0.9921492 0.124505
vn 0.2705862 0.9607769 -0.06075178
vn 0.01176465 0.9921492 -0.124505
vn 0.1294108 0.9843061 -0.1199764
vn 0.01176465 0.9921492 -0.124505
vn 0.08235234 0.9686199 -0.2345068
vn 0.01176465 0.9607769 -0.2770727
vn 0.3098016 0.9294046 -0.2005743
vn 0.07450926 0.9294046 -0.3614629
vn 0.01176465 0.9294046 -0.3688748
vn 0.3411739 0.8901892 -0.3019331
vn 0.08235234 0.9686199 -0.2345068
vn 0.01176465 0.9764631 -0.2153636
vn 0.3647031 0.8823462 -0.2974171
vn 0.3333308 0.9294046 -0.1584222
vn 0.1058816 0.66274 -0.7413264
vn 0.01176465 0.6470538 -0.7623535
vn 0.3411739 0.6784261 -0.6506445
vn 0.5686231 0.6156815 -0.5455309
vn 0.7647001 0.4901923 -0.4182647
vn 0.2549 0.2549 -0.9327658
vn 0.06666619 0.45882 -0.8860247
vn 0.01176465 0.6470538 -0.7623535
vn 0.01176465 0.4196045 -0.9076308
vn 0.7019554 0.1764692 -0.6900125
vn 0.960777 0.1764692 -0.2139304
vn 0.9529339 0.03529382 -0.3011168
vn 0.09803849 0.5372508 -0.8377052
vn 0.01176465 0.4431338 -0.8963783
vn 0.1215677 -0.01960772 -0.9923894
vn 0.01176465 0.01176453 -0.9998616
vn 0.08235234 -0.7411708 -0.6662461
vn 0.01176465 -0.7254847 -0.6881378
vn 0.35686 -0.1686262 -0.9188123
vn 0.2549 -0.7333277 -0.6302828
vn 0.3411739 0.01176453 -0.9399266
vn 0.2078416 0.3725461 -0.9044397
vn 0.7254847 -0.1607831 -0.6691941
vn 0.5215647 -0.7019554 -0.485004
vn 0.7411708 -0.06666619 -0.6679981
vn 0.7176416 0.1607831 -0.6775982
vn 0.9294047 0.04313684 -0.3665326
vn 0.9529339 -0.1372539 -0.2703301
vn 0.654897 -0.7254847 -0.2116174
vn 0.9686201 -0.05882311 -0.241485
vn 0.9921493 0.05097997 -0.1141964
vn 0.9294047 0.3647031 -0.05655624
vn 0.7411708 0.670583 -0.03137278
vn 0.7960724 0.5999954 -0.07921094
vn 0.8116088 0.5842015 0
vn 0.7071068 0.7071068 0
vn 0.9158888 0.401432 0
vn 0.9843062 -0.145097 -0.1004398
vn 0.6235247 -0.7725431 -0.1199754
vn 0.9993777 0.03527213 0
vn 0.9371325 0.348974 0
vn 0.9916005 0.1293392 0
vn 0.9845476 0.1751171 0
vn 0.9799753 0.1991184 0
vn 0.9764631 0.2156845 0
vn 0.9905663 0.1370348 0
vn 0.56078 0.8274446 -0.02934769
vn 0.5999954 0.7960722 -0.0792115
vn 0.9013404 0.4331115 0
vn 0.960777 0.2705861 -0.06075129
vn 0.5215647 0.8509738 0.061756
vn 0.5921524 0.7960722 0.1249983
vn 0.6784262 0.7097985 0.1895363
vn 0.8581837 0.5133427 0
vn 0.8980324 0.4352907 -0.06371731
vn 0.9998079 -0.01960411 0
vn 0.7411708 -0.450977 0.4972782
vn 0.6784262 -0.3333308 0.6546972
vn 0.9982743 -0.05872205 0
vn 0.6862693 -0.1372539 0.7142799
vn 0.5294077 -0.6862693 0.4987604
vn 0.7071068 -0.7071068 0
vn 0.9996234 -0.02744067 0
vn 0.7148765 -0.6992508 0
vn 0.6992508 -0.7148765 0
vn 0.9952286 -0.09757146 0
vn 0.9999924 0.003921509 0
vn 0.9935954 -0.1129971 0
vn 0.9999309 -0.01176392 0
vn 0.9921493 -0.07450926 -0.1004398
vn 0.8901893 0.4509768 -0.0646755
vn 0.01176465 0.9450908 0.3265961
vn 0.01176465 0.9137185 0.4061775
vn 0.1058816 0.9764631 0.1879068
vn 0.01176465 0.9764631 0.2153636
vn 0.01176465 0.9294046 0.3688748
vn 0.1215677 0.8980323 0.4227993
vn 0.3254877 0.8274446 0.4575951
vn 0.4352908 0.8431307 0.3156779
vn 0.01176465 0.5843092 0.8114458
vn 0.2313708 0.5294076 0.8162078
vn 0.5294077 0.4901923 0.6924153
vn 0.2235277 0.2313707 0.9468384
vn 0.5137216 0.262743 0.8167351
vn 0.01176465 0.2156845 0.9763922
vn 0.01176465 0.2156845 0.9763922
vn 0.1294108 0.07450914 0.9887877
vn 0.3333308 0.1215676 0.9349395
vn 0.2156847 -0.04313695 0.9755098
vn 0.01176465 -0.7411708 0.6712134
vn 0.01176465 0.05097997 0.9986304
vn 0.1843123 -0.7333277 0.6544153
vn 0.5999954 0.1058815 0.7929657
vn 0.4980354 -0.1058816 0.8606682
vn 0.3176447 -0.7882293 0.527064
vn 0.7882293 0.1529399 0.5960738
vn 0.756857 0.2392138 0.6082305
vn 0.7254847 0.4745061 0.4985137
vn 0.8196016 0.07450914 0.5680683
vn 0.4901924 -0.756857 0.432295
vn 0.01176465 0.2156845 0.9763922
vn 0.01176465 0.05097997 0.9986304
vn 0.01176465 0.2156845 0.9763922
vn -0.1137246 0.07450914 0.9907144
vn 0.01176465 0.2156845 0.9763922
vn -0.1999984 0.2313707 0.9520863
vn -0.2156845 0.5294076 0.8204924
vn -0.5137215 0.4901923 0.7041319
vn -0.3098015 0.8274446 0.4683573
vn -0.1058815 0.8980323 0.4269978
vn -0.0901953 0.9764631 0.1959201
vn 0.01176465 0.9294046 0.3688748
vn 0.01176465 0.9764631 0.2153636
vn 0.01176465 0.9450908 0.3265961
vn -0.1058815 0.9372476 0.3321988
vn -0.05097997 0.9137185 0.4031372
vn -0.3725461 0.8509738 0.3702066
vn -0.3098015 0.9137185 0.2629479
vn -0.7960722 0.5764661 0.1842711
vn -0.6548969 0.7411708 0.147567
vn -0.9137185 0.3960754 0.09079028
vn -0.8901892 0.4352907 0.1344813
vn -0.6941123 0.7097985 -0.1199762
vn -0.9058753 0.4039184 0.1274356
vn -0.7960722 0.5843092 -0.1576443
vn -0.2784292 0.9294046 -0.2422483
vn -0.3254876 0.8901892 -0.3187805
vn -0.05882299 0.9294046 -0.3643444
vn -0.06666613 0.9686199 -0.239439
vn -0.1137246 0.9843061 -0.134938
vn 0.01176465 0.9921492 -0.124505
vn 0.01176465 0.9921492 -0.124505
vn -0.2156845 0.9686199 -0.1235134
vn 0.01176465 0.9921492 0.124505
vn -0.2784292 0.9529338 0.1199767
vn 0.01176465 0.9843061 0.176077
vn -0.2235277 0.9607769 0.1641435
vn 0.01176465 0.9607769 0.2770727
vn 0.01176465 0.9607769 -0.2770727
vn 0.01176465 0.9294046 -0.3688748
vn -0.06666613 0.9686199 -0.239439
vn 0.01176465 0.9764631 -0.2153636
vn -0.3490169 0.8901892 -0.2928317
vn -0.3098015 0.9372476 -0.1599686
vn -0.0901953 0.66274 -0.743398
vn 0.01176465 0.6470538 -0.7623535
vn -0.3254876 0.6784261 -0.6586317
vn -0.5529369 0.6078384 -0.5699064
vn -0.7490138 0.4901923 -0.4457465
vn -0.2392138 0.2549 -0.9369113
vn -0.05097997 0.45882 -0.8870655
vn 0.01176465 0.6470538 -0.7623535
vn 0.01176465 0.4196045 -0.9076308
vn -0.6862692 0.1764692 -0.7056155
vn -0.9450908 0.1764692 -0.2750673
vn -0.9372476 0.03529382 -0.3468735
vn -0.08235228 0.5372508 -0.8393925
vn 0.01176465 0.4431338 -0.8963783
vn -0.1058815 -0.01960772 -0.9941854
vn 0.01176465 0.01176453 -0.9998616
vn -0.06666613 -0.7411708 -0.6679981
vn 0.01176465 -0.7254847 -0.6881378
vn -0.3411738 -0.1764693 -0.9232871
vn -0.2313707 -0.7333277 -0.6392949
vn -0.3254876 0.01176453 -0.9454731
vn -0.1921554 0.3725461 -0.9079018
vn -0.7097985 -0.1686262 -0.6839235
vn -0.4980353 -0.7019554 -0.5091359
vn -0.7254846 -0.06666619 -0.685002
vn -0.7019553 0.1607831 -0.6938354
vn -0.9137185 0.04313684 -0.4040517
vn -0.9372476 -0.1372539 -0.3205125
vn -0.6392107 -0.7254847 -0.2551111
vn -0.9529338 -0.05882311 -0.2974173
vn -0.9764631 0.05097997 -0.2095732
vn -0.9215615 0.3725461 -0.1092421
vn -0.7254846 0.670583 -0.1548887
vn -0.7803861 0.5999954 -0.1760769
vn -0.9686199 -0.145097 -0.2017976
vn -0.6156815 -0.7725431 -0.1552848
vn -0.9843061 0.03529382 -0.1729042
vn -0.9764631 -0.07450926 -0.2024061
vn -0.9294046 0.3490169 0.119976
vn -0.9843061 0.1372538 -0.1109185
vn -0.9764631 0.1764692 -0.1240101
vn -0.9764631 0.2078415 -0.0576349
vn -0.9686199 0.2235277 0.1086774
vn -0.9764631 0.1686261 0.1344809
vn -0.9372476 0.3254876 -0.1249988
vn -0.9843061 0.1607831 0.07273465
vn -0.9921492 0.07450914 0.1004405
vn -0.9921492 0.01176453 0.124505
vn -0.9921492 -0.07450926 0.1004404
vn -0.9921492 -0.1058816 0.06655069
vn -0.9921492 -0.1137246 -0.05202504
vn -0.9921492 -0.05098003 -0.1141969
vn -0.7071068 -0.7071068 0
vn -0.9921492 0.04313684 -0.1173845
vn 0.8117585 -0.1999985 -0.5486791
vn -0.5607799 -0.7725431 0.2978305
vn -0.6078384 -0.6705831 -0.4252655
vn -0.8980323 -0.05882311 0.4359791
vn -0.7490138 -0.09803849 0.6552609
vn -0.9058753 0.03529382 0.4220714
vn -0.8039154 -0.2862723 -0.5213139
vn -0.8117584 -0.4039185 -0.4217797
vn -0.8980323 0.1294107 0.420465
vn -0.8117584 -0.4901924 -0.3174268
vn -0.8980323 0.3176446 0.304368
vn -0.8431307 -0.5215647 -0.1307705
vn -0.7097985 0.4745061 0.5206055
vn -0.7490138 0.5372508 0.387737
vn -0.6470538 0.7176415 0.2575113
vn -0.4196045 0.8431307 0.336248
vn -0.2705861 0.9450908 0.1832664
vn -0.2156845 0.9607769 0.1743212
vn -0.3333308 0.9137185 0.2323988
vn -0.4039184 0.86666 0.2928317
vn -0.4196045 0.8274446 0.3731857
vn -0.670583 0.7097985 0.2156492
vn -0.8509738 0.5058784 0.1411754
vn -0.9215615 0.3725461 0.1092421
vn -0.7568569 0.6392107 0.1362985
vn -0.7725431 -0.5372508 0.3384357
vn -0.9921492 -0.0274508 0.1220096
vn -0.7254846 -0.45882 0.5129876
vn -0.670583 -0.349017 0.6546034
vn -0.6862692 -0.1294108 0.7157426
vn -0.6832914 -0.7301458 0
vn -0.5215646 -0.6784262 0.5174053
vn -0.7803861 -0.6235247 0.0470587
vn -0.8431307 -0.5372508 0.02218525
vn -0.7411708 0.2392138 0.6272501
vn -0.7725431 0.1529399 0.6162683
vn -0.4980353 0.262743 0.826394
vn -0.3176446 0.1215676 0.9403846
vn -0.1999984 -0.05098003 0.9784691
vn 0.01176465 -0.7411708 0.6712134
vn 0.01176465 0.05097997 0.9986304
vn -0.1607831 -0.7333277 0.6605901
vn -0.5843092 0.1058815 0.8045942
vn -0.4745061 -0.1058816 0.873861
vn -0.3019584 -0.7882293 0.5362049
vn -0.8039154 0.07450914 0.590058
vn -0.4745061 -0.756857 0.4494569
vn -0.4431338 0.8901892 -0.1058093
vn -0.7019553 0.7019553 0.1204887
vn 0.01176465 0.9137185 0.4061775
vn -0.9058753 0.4039184 0.1274356
vn -0.9450908 0.3176446 0.07684615
vn -0.9372476 0.3254876 -0.1249988
vn -0.8901892 0.4352907 0.1344813
vn -0.9215615 0.3725461 0.1092421
vn -0.9921492 -0.0274508 0.1220096
vn -0.9921492 0.01960766 0.1235129
vn -0.9921492 0.07450914 0.1004405
vn -0.9843061 0.1607831 0.07273465
vn -0.9921492 -0.07450926 0.1004404
vn -0.9921492 -0.05098003 -0.1141969
vn -0.6913112 -0.722557 0
vn -0.9921492 0.04313684 -0.1173845
vn -0.6832914 -0.7301458 0
vn -0.8509738 0.5058784 0.1411754
vn -0.8431307 -0.5372508 0.02218525
vn -0.7568569 0.6235245 0.1959202
vn -0.8431307 -0.5215647 -0.1307705
vn -0.7568569 0.6392107 0.1362985
vn -0.4039184 0.86666 0.2928317
vn -0.4431338 0.8823462 0.1584224
vn -0.6470538 0.7176415 0.2575113
vn -0.8980323 0.3176446 0.304368
vn -0.2156845 0.9607769 0.1743212
vn -0.2705861 0.9450908 0.1832664
vn 0.01176465 0.5843092 0.8114458
vn 0.01176465 0.2156845 0.9763922
vn -0.7960722 -0.1999985 -0.5712001
vn -0.08983131 -0.995957 0
vn 0.003921568 -0.9999924 0
vn 0.2784293 -0.9372478 0.2098661
vn 0.2784293 -0.9215616 -0.2705575
vn -0.02744055 -0.9996234 0
vn 0.01176465 -0.7411708 0.6712134
vn 0.01176465 -0.7254847 -0.6881378
vn 0.08235234 -0.7411708 -0.6662461
vn 0.2549 -0.7333277 -0.6302828
vn 0.5215647 -0.7019554 -0.485004
vn 0.654897 -0.7254847 -0.2116174
vn 0.6235247 -0.7725431 -0.1199754
vn 0.7148765 -0.6992508 0
vn 0.6992508 -0.7148765 0
vn 0.7071068 -0.7071068 0
vn 0.5294077 -0.6862693 0.4987604
vn 0.1843123 -0.7333277 0.6544153
vn 0.3176447 -0.7882293 0.527064
vn 0.4901924 -0.756857 0.432295
vn 0.5764662 -0.7725431 0.2662025
vn 0.6235247 -0.6705831 -0.4019145
vn 0.8117585 -0.1999985 -0.5486791
vn 0.6705831 -0.247057 -0.6994863
vn 0.8196016 -0.2862723 -0.4962876
vn 0.8274447 -0.4039185 -0.3901092
vn 0.6470539 -0.6078385 -0.4602756
vn 0.8274447 -0.4901924 -0.2739467
vn 0.8547257 -0.51908 0
vn 0.6504706 -0.7595315 0
vn 0.8512577 -0.5247479 0
vn 0.7880839 -0.615568 0
vn 0.654897 -0.6705831 0.3484655
vn 0.7882293 -0.5372508 0.3000936
vn 0.7411708 -0.450977 0.4972782
vn 0.6392108 -0.349017 0.6852713
vn 0.6784262 -0.3333308 0.6546972
vn 0.6862693 -0.1372539 0.7142799
vn 0.5294077 -0.6862693 0.4987604
vn 0.2784293 -0.9372478 0.2098661
vn 0.1370349 -0.9905663 0
vn 0.1283416 -0.9917301 0
vn 0.1294108 -0.9450908 0.3000935
vn 0.15294 -0.8039154 0.5747428
vn 0.1294108 -0.9843062 -0.1199754
vn 0.1294108 -0.8117585 0.5694743
vn 0.1372539 -0.5686231 0.8110666
vn 0.1294108 -0.8823462 -0.4524577
vn 0.1294108 -0.8901893 -0.4368248
vn 0.1058816 -0.6784262 -0.7269986
vn 0.1058816 -0.654897 -0.748264
vn 0.08235234 -0.3725462 -0.9243524
vn 0.07450926 -0.3333308 -0.9398611
vn 0.05882311 -0.145097 -0.9876673
vn 0.05882311 -0.1607831 -0.9852353
vn 0.05882311 -0.1607831 -0.9852353
vn 0.145097 -0.3411739 0.9287342
vn 0.1215677 -0.349017 0.9291977
vn 0.1215677 -0.1764693 0.9767701
vn 0.1294108 -0.1137246 0.985048
vn 0.1294108 -0.1137246 0.985048
vn 0.1294108 -0.1137246 0.985048
vn 0.9999924 -0.003921568 0
vn 0.9999924 -0.003921568 0
vn 0.9999924 -0.003921568 0
vn 0.9999924 -0.003921568 0
vn 0.9999924 -0.003921568 0
vn 0.9999924 -0.003921568 0
vn 0.9999924 -0.003921568 0
vn 0.9999924 -0.003921568 0
vn 0.6705831 -0.247057 -0.6994863
vn 0.6470539 -0.6078385 -0.4602756
vn 0.654897 -0.6705831 0.3484655
vn 0.6392108 -0.349017 0.6852713
vn 0.2784293 -0.9372478 0.2098661
vn 0.2784293 -0.9215616 -0.2705575
vn 0.6504706 -0.7595315 0
vn 0.1052938 -0.9944412 0
vn -0.262743 -0.9372478 0.2292003
vn 0.003921568 -0.9999924 0
vn -0.262743 -0.9215616 -0.2858153
vn 0.04309721 -0.9990709 0
vn 0.01176465 -0.7411708 0.6712134
vn 0.01176465 -0.7254847 -0.6881378
vn -0.06666613 -0.7411708 -0.6679981
vn -0.2313707 -0.7333277 -0.6392949
vn -0.4980353 -0.7019554 -0.5091359
vn -0.6392107 -0.7254847 -0.2551111
vn -0.6156815 -0.7725431 -0.1552848
vn -0.6913112 -0.722557 0
vn -0.7071068 -0.7071068 0
vn -0.6832914 -0.7301458 0
vn -0.5215646 -0.6784262 0.5174053
vn -0.1607831 -0.7333277 0.6605901
vn -0.3019584 -0.7882293 0.5362049
vn -0.4745061 -0.756857 0.4494569
vn -0.5607799 -0.7725431 0.2978305
vn -0.6078384 -0.6705831 -0.4252655
vn -0.7960722 -0.1999985 -0.5712001
vn -0.6548969 -0.247057 -0.7141939
vn -0.8039154 -0.2862723 -0.5213139
vn -0.8117584 -0.4039185 -0.4217797
vn -0.6313677 -0.6078385 -0.4815675
vn -0.8117584 -0.4901924 -0.3174268
vn -0.8431307 -0.5215647 -0.1307705
vn -0.6392107 -0.7647001 -0.08150788
vn -0.8431307 -0.5372508 0.02218525
vn -0.7803861 -0.6235247 0.0470587
vn -0.6392107 -0.6705831 0.3764677
vn -0.7725431 -0.5372508 0.3384357
vn -0.7254846 -0.45882 0.5129876
vn -0.6313677 -0.349017 0.6925042
vn -0.670583 -0.349017 0.6546034
vn -0.6862692 -0.1294108 0.7157426
vn -0.262743 -0.9372478 0.2292003
vn -0.5215646 -0.6784262 0.5174053
vn -0.12068 -0.9926914 0
vn -0.1137246 -0.9450908 0.3063822
vn -0.1052937 -0.9944412 0
vn -0.1372538 -0.8039154 0.5786893
vn -0.1137246 -0.9843062 -0.1349371
vn -0.1137246 -0.8117585 0.5728131
vn -0.1137246 -0.5686231 0.814699
vn -0.1137246 -0.8823462 -0.4566529
vn -0.1137246 -0.8901893 -0.4411687
vn -0.0901953 -0.6784262 -0.7291109
vn -0.0901953 -0.654897 -0.7503164
vn -0.06666613 -0.3725462 -0.925616
vn -0.05882299 -0.3333308 -0.9409731
vn -0.04313684 -0.145097 -0.9884766
vn -0.04313684 -0.1607831 -0.9860467
vn -0.04313684 -0.1607831 -0.9860467
vn -0.1294107 -0.3411739 0.9310495
vn -0.1058815 -0.349017 0.9311156
vn -0.1058815 -0.1764693 0.9785948
vn -0.1058815 -0.1137246 0.9878541
vn -0.1058815 -0.1137246 0.9878541
vn -0.1058815 -0.1137246 0.9878541
vn -0.9999923 -0.003921568 -0.0003442513
vn -0.9999923 -0.003921568 -0.0003442513
vn -0.9999923 -0.003921568 -0.0003442513
vn -0.9999923 -0.003921568 -0.0003442513
vn -0.9999923 -0.003921568 -0.0003442513
vn -0.9999923 -0.003921568 -0.0003442513
vn -0.9999923 -0.003921568 -0.0003442513
vn -0.9999923 -0.003921568 -0.0003442513
vn -0.6313677 -0.349017 0.6925042
vn -0.6392107 -0.6705831 0.3764677
vn -0.6548969 -0.247057 -0.7141939
vn -0.6313677 -0.6078385 -0.4815675
vn -0.262743 -0.9372478 0.2292003
vn -0.262743 -0.9215616 -0.2858153
vn -0.6392107 -0.7647001 -0.08150788
vn 0.5573959 -0.830247 0
vn 0.3725462 -0.7960724 -0.4769467
vn 0.2313708 -0.7490139 -0.6208428
vn 0.6235247 -0.6627401 0.41472
vn 0.6784262 -0.7176416 0.1572527
vn 0.8901893 -0.2078416 -0.4054194
vn 0.8901893 -0.2078416 -0.4054194
vn 0.8901893 -0.2078416 -0.4054194
vn 0.7176416 0.07450914 -0.6924153
vn 0.5294077 0.01960766 -0.8481409
vn 0.4901924 0.06666613 -0.8690611
vn 0.4901924 0.06666613 -0.8690611
vn 0.5294077 0.01960766 -0.8481409
vn 0.4352908 0.003921509 -0.9002814
vn 0.4823493 -0.05882311 -0.8740017
vn 0.4196047 0.01176453 -0.9076307
vn 0.3960754 -0.03529388 -0.9175394
vn 0.5058785 -0.2549 -0.8240831
vn 0.1447058 -0.9894748 0
vn 0.1447058 -0.9894748 0
vn 0.07430387 -0.9972357 0
vn 0.01960411 -0.9998079 0
vn -0.2783436 -0.9604816 0
vn -0.04309709 -0.9990709 0
vn 0.960777 -0.1372539 -0.240975
vn 0.9972357 -0.07430387 0
vn 0.9764631 -0.1686262 -0.1344803
vn 0.998703 -0.0509143 0
vn 0.9843062 0.1294107 -0.1199756
vn 0.9686201 0.1450969 -0.201797
vn -0.2156845 -0.03529388 0.975825
vn -0.2313707 -0.01960772 0.9726681
vn -0.2470568 -0.01960772 0.9688026
vn -0.2549 0.01176453 0.9668959
vn -0.2313707 0.003921509 0.9728578
vn -0.2549 0.02745068 0.9665777
vn -0.2784292 0.07450914 0.9575623
vn 0.1921554 0.9764631 -0.09796004
vn 0.03529388 0.9686199 0.2460279
vn 0.1921554 0.9764631 0.09796004
vn 0.1294108 0.9764631 0.1725477
vn 0.6392108 0.7411708 0.205123
vn 0.45882 0.8274446 0.3237586
vn 0.9829165 0.184052 0
vn 0.9829165 0.184052 0
vn 0.9829165 0.184052 0
vn 0.6784262 -0.7176416 0.1572527
vn 0.3725462 -0.7960724 -0.4769467
vn 0.5573959 -0.830247 0
vn -0.2783436 -0.9604816 0
vn -0.8509738 -0.2156847 0.4788775
vn -0.8509738 -0.2156847 0.4788775
vn -0.7568569 -0.5686231 -0.3222349
vn -0.7646999 -0.5764662 -0.2879596
vn -0.7725431 -0.5843093 -0.2485153
vn -0.7725431 -0.5921524 -0.2292003
vn -0.5843092 0.07450914 0.8081034
vn -0.5843092 0.07450914 0.8081034
vn -0.5843092 0.07450914 0.8081034
vn -0.02745068 -0.01176465 0.9995539
vn -0.01960766 -0.03529388 0.9991846
vn -0.01960766 -0.01960772 0.9996155
vn -0.01960766 -0.01176465 0.9997385
vn -0.01176453 -0.0274508 0.9995539
vn -0.01960766 -0.01960772 0.9996155
vn -0.01960766 -0.0274508 0.9994308
vn -0.01960766 -0.0274508 0.9994308
vn -0.01960766 -0.0274508 0.9994308
vn -0.02745068 -0.0274508 0.9992462
vn 0.08235234 0.1294107 -0.9881654
vn 0.08235234 0.1372538 -0.9871066
vn -0.003921509 0.03529382 -0.9993693
vn 0.05882311 0.0901953 -0.9941854
vn 0.03529388 0.05097997 -0.9980758
vn -0.01176453 0.03529382 -0.9993077
vn -0.003921509 0.07450914 -0.9972126
vn 0.01176465 0.09803843 -0.9951131
vn 0.01960772 0.1058815 -0.9941854
vn 0.03529388 0.1058815 -0.9937522
vn 0.003921568 0.9999923 -0.000345267
vn 0.003921568 0.9999923 -0.000345267
vn 0.003921568 0.9999923 -0.000345267
vn 0.003921568 0.9999923 -0.000345267
vn 0.003921568 0.9999923 -0.000345267
vn 0.003921568 0.9999923 -0.000345267
vn 0.01176465 -0.01176465 -0.9998616
vn 0.01176465 -0.01176465 -0.9998616
vn 0.01176465 -0.01176465 -0.9998616
vn 0.01176465 -0.01176465 -0.9998616
vn 0.01176465 -0.01176465 -0.9998616
vn 0.01176465 -0.01176465 -0.9998616
vn 0.01176465 -0.01176465 0.9998616
vn 0.01176465 -0.01176465 0.9998616
vn 0.01176465 -0.01176465 0.9998616
vn 0.01176465 -0.01176465 0.9998616
vn 0.01176465 -0.01176465 0.9998616
vn 0.01176465 -0.01176465 0.9998616
vn 0.9999924 -0.003921568 0
vn 0.9999924 -0.003921568 0
vn 0.9999924 -0.003921568 0
vn 0.9999924 -0.003921568 0
vn -0.9921492 -0.01176465 -0.124505
vn -0.9921492 -0.01176465 -0.124505
vn -0.9921492 -0.01176465 -0.124505
vn -0.9921492 -0.01176465 -0.124505
vn 0.003921568 -0.9999924 0
vn 0.003921568 -0.9999924 0
vn 0.003921568 -0.9999924 0
vn 0.003921568 -0.9999924 0
vn 0.003921568 -0.9999924 0
vn 0.003921568 -0.9999924 0
vn 0.003921568 0.9999923 -0.000345267
vn 0.003921568 0.9999923 -0.000345267
vn 0.003921568 0.9999923 -0.000345267
vn 0.003921568 0.9999923 -0.000345267
vn 0.01176465 -0.01176465 0.9998616
vn 0.01176465 -0.01176465 0.9998616
vn 0.01176465 -0.01176465 0.9998616
vn 0.01176465 -0.01176465 0.9998616
vn 0.9999924 -0.003921568 0
vn 0.9999924 -0.003921568 0
vn 0.9999924 -0.003921568 0
vn 0.9999924 -0.003921568 0
vn 0.01176465 -0.01176465 -0.9998616
vn 0.01176465 -0.01176465 -0.9998616
vn 0.01176465 -0.01176465 -0.9998616
vn 0.01176465 -0.01176465 -0.9998616
vn -0.9999923 -0.003921568 -0.0003442513
vn -0.9999923 -0.003921568 -0.0003442513
vn -0.9999923 -0.003921568 -0.0003442513
vn -0.9999923 -0.003921568 -0.0003442513
vn 0.003921568 -0.9999924 0
vn 0.003921568 -0.9999924 0
vn 0.003921568 -0.9999924 0
vn 0.003921568 -0.9999924 0
vn 0.003921568 0.9999923 -0.000345267
vn 0.003921568 0.9999923 -0.000345267
vn 0.003921568 0.9999923 -0.000345267
vn 0.003921568 0.9999923 -0.000345267
vn 0.01176465 -0.01176465 0.9998616
vn 0.01176465 -0.01176465 0.9998616
vn 0.01176465 -0.01176465 0.9998616
vn 0.01176465 -0.01176465 0.9998616
vn 0.9999924 -0.003921568 0
vn 0.9999924 -0.003921568 0
vn 0.9999924 -0.003921568 0
vn 0.9999924 -0.003921568 0
vn 0.01176465 -0.01176465 -0.9998616
vn 0.01176465 -0.01176465 -0.9998616
vn 0.01176465 -0.01176465 -0.9998616
vn 0.01176465 -0.01176465 -0.9998616
vn -0.9999923 -0.003921568 -0.0003442513
vn -0.9999923 -0.003921568 -0.0003442513
vn -0.9999923 -0.003921568 -0.0003442513
vn -0.9999923 -0.003921568 -0.0003442513
vn 0.003921568 -0.9999924 0
vn 0.003921568 -0.9999924 0
vn 0.003921568 -0.9999924 0
vn 0.003921568 -0.9999924 0
vn 0.08235234 -0.1607831 0.9835481
vn 0.01176465 -0.145097 0.9893475
vn 0.0274508 -0.145097 0.9890366
vn 0.09803849 -0.1607831 0.9821086
vn 0.01176465 0.2941153 0.9556975
vn 0.01176465 0.2941153 0.9556975
vn 0.01176465 0.2941153 0.9556975
vn 0.01176465 0.2941153 0.9556975
vn 0.04309721 -0.9990709 0
vn 0.04309721 -0.9990709 0
vn 0.04309721 -0.9990709 0
vn 0.04309721 -0.9990709 0
vn -0.9921492 0.003921509 0.1249981
vn -0.9921492 0.003921509 0.1249981
vn -0.9921492 0.003921509 0.1249981
vn -0.9921492 0.003921509 0.1249981
vn -0.9921492 -0.01960772 0.1235129
vn -0.9921492 -0.01960772 0.1235129
vn -0.9999923 -0.003921568 -0.0003442513
vn -0.9999923 -0.003921568 -0.0003442513
vn 0.9999924 -0.003921568 0
vn 0.9999924 -0.003921568 0
vn 0.9999924 -0.003921568 0
vn 0.9999924 -0.003921568 0
vn 0.9999924 -0.003921568 0
vn 0.9999924 -0.003921568 0
vn 0.9977852 0.06651898 0
vn 0.9977852 0.06651898 0
vn 0.9977852 0.06651898 0
vn 0.9977852 0.06651898 0
vn 0.0274508 0.9843061 0.1743215
vn 0.0274508 0.9843061 0.1743215
vn 0.0274508 0.9843061 0.1743215
vn 0.0274508 0.9843061 0.1743215
vn -0.2784292 0.1294107 -0.9516985
vn -0.2784292 0.1294107 -0.9516985
vn -0.2784292 0.1294107 -0.9516985
vn -0.2784292 0.1294107 -0.9516985
vn -0.1529399 0.01176453 -0.9881655
vn -0.1529399 0.01176453 -0.9881655
vn -0.1529399 0.01176453 -0.9881655
vn -0.1529399 0.01176453 -0.9881655
vn -0.1686261 0.1294107 -0.9771479
vn -0.1686261 0.1294107 -0.9771479
vn -0.1686261 0.1294107 -0.9771479
vn -0.1686261 0.1294107 -0.9771479
vn 0.08235234 -0.1607831 0.9835481
vn 0.01176465 -0.145097 0.9893475
vn 0.0274508 -0.145097 0.9890366
vn 0.09803849 -0.1607831 0.9821086
vn 0.01176465 0.2941153 0.9556975
vn 0.01176465 0.2941153 0.9556975
vn 0.01176465 0.2941153 0.9556975
vn 0.01176465 0.2941153 0.9556975
vn 0.04309721 -0.9990709 0
vn 0.04309721 -0.9990709 0
vn 0.04309721 -0.9990709 0
vn 0.04309721 -0.9990709 0
vn -0.9921492 0.003921509 0.1249981
vn -0.9921492 0.003921509 0.1249981
vn -0.9921492 0.003921509 0.1249981
vn -0.9921492 0.003921509 0.1249981
vn -0.9921492 0.01960766 0.1235129
vn -0.9921492 0.01960766 0.1235129
vn -0.9999923 -0.003921568 -0.0003442513
vn -0.9999923 -0.003921568 -0.0003442513
vn 0.9999924 -0.003921568 0
vn 0.9999924 -0.003921568 0
vn 0.9999924 -0.003921568 0
vn 0.9999924 -0.003921568 0
vn 0.9999924 -0.003921568 0
vn 0.9999924 -0.003921568 0
vn 0.9993777 0.03527213 0
vn 0.9993777 0.03527213 0
vn 0.9993777 0.03527213 0
vn 0.9993777 0.03527213 0
vn 0.0274508 0.9843061 0.1743215
vn 0.0274508 0.9843061 0.1743215
vn 0.0274508 0.9843061 0.1743215
vn 0.0274508 0.9843061 0.1743215
vn -0.2784292 0.1294107 -0.9516985
vn -0.2784292 0.1294107 -0.9516985
vn -0.2784292 0.1294107 -0.9516985
vn -0.2784292 0.1294107 -0.9516985
vn -0.1529399 0.01960766 -0.988041
vn -0.1529399 0.01960766 -0.988041
vn -0.1529399 0.01960766 -0.988041
vn -0.1529399 0.01960766 -0.988041
vn -0.1686261 0.1294107 -0.9771479
vn -0.1686261 0.1294107 -0.9771479
vn -0.1686261 0.1294107 -0.9771479
vn -0.1686261 0.1294107 -0.9771479
vn 0.03529388 0.1450969 0.9887877
vn 0.03529388 0.1450969 0.9887877
vn 0.03529388 0.1450969 0.9887877
vn 0.03529388 0.1450969 0.9887877
vn 0.03529388 0.1450969 0.9887877
vn -0.01176453 0.5215646 -0.8531307
vn -0.01176453 0.5215646 -0.8531307
vn -0.01176453 0.5215646 -0.8531307
vn -0.01176453 0.5215646 -0.8531307
vn 0.01176465 -0.7411708 -0.6712134
vn 0.01176465 -0.7411708 -0.6712134
vn 0.01176465 -0.7411708 -0.6712134
vn 0.01176465 -0.7411708 -0.6712134
vn 0.03529388 0.1450969 0.9887877
vn 0.03529388 0.1450969 0.9887877
vn 0.03529388 0.1450969 0.9887877
vn 0.03529388 0.1450969 0.9887877
vn 0.03529388 0.1450969 0.9887877
vn -0.01176453 0.5215646 -0.8531307
vn -0.01176453 0.5215646 -0.8531307
vn -0.01176453 0.5215646 -0.8531307
vn -0.01176453 0.5215646 -0.8531307
vn 0.01176465 -0.7411708 -0.6712134
vn 0.01176465 -0.7411708 -0.6712134
vn 0.01176465 -0.7411708 -0.6712134
vn 0.01176465 -0.7411708 -0.6712134
vn -0.06666613 -0.1607831 -0.9847357
vn 0.01176465 -0.145097 -0.9893475
vn -0.01176453 -0.145097 -0.9893475
vn -0.08235228 -0.1607831 -0.9835482
vn 0.01176465 0.2941153 -0.9556975
vn 0.01176465 0.2941153 -0.9556975
vn 0.01176465 0.2941153 -0.9556975
vn 0.01176465 0.2941153 -0.9556975
vn -0.02744055 -0.9996234 0
vn -0.02744055 -0.9996234 0
vn -0.02744055 -0.9996234 0
vn -0.02744055 -0.9996234 0
vn 0.9999924 0.003921509 0
vn 0.9999924 0.003921509 0
vn 0.9999924 0.003921509 0
vn 0.9999924 0.003921509 0
vn 0.9999309 -0.01176392 0
vn 0.9999309 -0.01176392 0
vn 0.9999924 -0.003921568 0
vn 0.9999924 -0.003921568 0
vn -0.9921492 -0.01176465 -0.124505
vn -0.9921492 -0.01176465 -0.124505
vn -0.9921492 -0.01176465 -0.124505
vn -0.9921492 -0.01176465 -0.124505
vn -0.9999923 -0.003921568 -0.0003442513
vn -0.9999923 -0.003921568 -0.0003442513
vn -0.9921492 0.07450914 0.1004405
vn -0.9921492 0.07450914 0.1004405
vn -0.9921492 0.07450914 0.1004405
vn -0.9921492 0.07450914 0.1004405
vn -0.01176453 0.9843061 -0.176077
vn -0.01176453 0.9843061 -0.176077
vn -0.01176453 0.9843061 -0.176077
vn -0.01176453 0.9843061 -0.176077
vn 0.2941154 0.1294107 0.9469683
vn 0.2941154 0.1294107 0.9469683
vn 0.2941154 0.1294107 0.9469683
vn 0.2941154 0.1294107 0.9469683
vn 0.1686262 0.01176453 0.9856098
vn 0.1686262 0.01176453 0.9856098
vn 0.1686262 0.01176453 0.9856098
vn 0.1686262 0.01176453 0.9856098
vn 0.1843123 0.1294107 0.9743109
vn 0.1843123 0.1294107 0.9743109
vn 0.1843123 0.1294107 0.9743109
vn 0.1843123 0.1294107 0.9743109
vn -0.06666613 -0.1607831 -0.9847357
vn 0.01176465 -0.145097 -0.9893475
vn -0.01176453 -0.145097 -0.9893475
vn -0.08235228 -0.1607831 -0.9835482
vn 0.01176465 0.2941153 -0.9556975
vn 0.01176465 0.2941153 -0.9556975
vn 0.01176465 0.2941153 -0.9556975
vn 0.01176465 0.2941153 -0.9556975
vn -0.02744055 -0.9996234 0
vn -0.02744055 -0.9996234 0
vn -0.02744055 -0.9996234 0
vn -0.02744055 -0.9996234 0
vn 0.9999924 0.003921509 0
vn 0.9999924 0.003921509 0
vn 0.9999924 0.003921509 0
vn 0.9999924 0.003921509 0
vn 0.9999309 0.0117638 0
vn 0.9999309 0.0117638 0
vn 0.9999924 -0.003921568 0
vn 0.9999924 -0.003921568 0
vn -0.9921492 -0.01176465 -0.124505
vn -0.9921492 -0.01176465 -0.124505
vn -0.9921492 -0.01176465 -0.124505
vn -0.9921492 -0.01176465 -0.124505
vn -0.9999923 -0.003921568 -0.0003442513
vn -0.9999923 -0.003921568 -0.0003442513
vn -0.9921492 0.04313684 0.1173845
vn -0.9921492 0.04313684 0.1173845
vn -0.9921492 0.04313684 0.1173845
vn -0.9921492 0.04313684 0.1173845
vn -0.01176453 0.9843061 -0.176077
vn -0.01176453 0.9843061 -0.176077
vn -0.01176453 0.9843061 -0.176077
vn -0.01176453 0.9843061 -0.176077
vn 0.2941154 0.1294107 0.9469683
vn 0.2941154 0.1294107 0.9469683
vn 0.2941154 0.1294107 0.9469683
vn 0.2941154 0.1294107 0.9469683
vn 0.1686262 0.01960766 0.985485
vn 0.1686262 0.01960766 0.985485
vn 0.1686262 0.01960766 0.985485
vn 0.1686262 0.01960766 0.985485
vn 0.1843123 0.1294107 0.9743109
vn 0.1843123 0.1294107 0.9743109
vn 0.1843123 0.1294107 0.9743109
vn 0.1843123 0.1294107 0.9743109
vn -0.01960766 0.1450969 -0.9892231
vn -0.01960766 0.1450969 -0.9892231
vn -0.01960766 0.1450969 -0.9892231
vn -0.01960766 0.1450969 -0.9892231
vn -0.01960766 0.1450969 -0.9892231
vn 0.0274508 0.5215646 0.8527701
vn 0.0274508 0.5215646 0.8527701
vn 0.0274508 0.5215646 0.8527701
vn 0.0274508 0.5215646 0.8527701
vn 0.01176465 -0.7411708 0.6712134
vn 0.01176465 -0.7411708 0.6712134
vn 0.01176465 -0.7411708 0.6712134
vn 0.01176465 -0.7411708 0.6712134
vn -0.01960766 0.1450969 -0.9892231
vn -0.01960766 0.1450969 -0.9892231
vn -0.01960766 0.1450969 -0.9892231
vn -0.01960766 0.1450969 -0.9892231
vn -0.01960766 0.1450969 -0.9892231
vn 0.0274508 0.5215646 0.8527701
vn 0.0274508 0.5215646 0.8527701
vn 0.0274508 0.5215646 0.8527701
vn 0.0274508 0.5215646 0.8527701
vn 0.01176465 -0.7411708 0.6712134
vn 0.01176465 -0.7411708 0.6712134
vn 0.01176465 -0.7411708 0.6712134
vn 0.01176465 -0.7411708 0.6712134
vn 0.01176392 -0.9999309 0
vn 0.01176465 -0.9764631 -0.2153633
vn -0.05097997 -0.9686201 -0.2432616
vn -0.05091424 -0.998703 0
vn -0.04309709 -0.9990709 0
vn 0.003921568 -0.9999924 0
vn -0.05097997 -0.9294047 -0.3655243
vn -0.08235228 -0.9137185 -0.3979153
vn -0.0901953 -0.8980324 -0.4305841
vn -0.1529399 -0.8745031 -0.4602757
vn 0.01176465 -0.9058754 -0.4233807
vn 0.01176465 -0.9294047 -0.3688747
vn 0.05882311 -0.9686201 -0.2414849
vn 0.01176465 -0.9764631 -0.2153633
vn 0.01176392 -0.9999309 0
vn 0.06651904 -0.9977852 0
vn 0.05872205 -0.9982743 0
vn 0.003921568 -0.9999924 0
vn 0.06666619 -0.9294047 -0.3629911
vn 0.09803849 -0.9137185 -0.3943436
vn 0.1058816 -0.8980324 -0.4269976
vn 0.1686262 -0.8745031 -0.4547631
vn 0.01176465 -0.9058754 -0.4233807
vn 0.01176465 -0.9294047 -0.3688747
vn 0.3854446 -0.922731 0
vn 0.5282393 -0.8490956 0
vn 0.7071068 -0.7071068 0
vn 0.4796717 -0.8774481 0
vn 0.6626585 -0.7489218 0
vn 0.4237366 -0.9057855 0
vn 0.9117018 -0.4108528 0
vn 0.9158888 -0.4014321 0
vn 0.938077 -0.3464268 0
vn 0.9345496 -0.3558327 0
vn 0.8205087 -0.5716341 0
vn 0.9430625 -0.3326154 0
vn 0.5842015 -0.8116088 0
vn 0.5999954 -0.7960724 -0.07921037
g mx_jingChe_cheshen_0
f 3/3/3 2/2/2 1/1/1
f 4/4/4 1/1/1 2/2/2
f 5/5/5 4/4/4 2/2/2
f 2/2/2 6/6/6 5/5/5
f 5/5/5 6/6/6 7/7/7
f 5/5/5 7/7/7 8/8/8
f 8/8/8 7/7/7 9/9/9
f 8/8/8 9/9/9 10/10/10
f 10/10/10 9/9/9 11/11/11
f 10/10/10 11/11/11 12/12/12
f 12/12/12 11/11/11 13/13/13
f 12/12/12 13/13/13 14/14/14
f 14/14/14 13/13/13 15/15/15
f 14/14/14 15/15/15 16/16/16
f 12/12/12 14/14/14 17/17/17
f 14/14/14 18/18/18 17/17/17
f 19/19/19 17/17/17 18/18/18
f 19/19/19 18/18/18 20/20/20
f 17/17/17 19/19/19 21/21/21
f 12/12/12 17/17/17 22/22/22
f 23/23/23 10/10/10 12/12/12
f 23/23/23 12/12/12 22/22/22
f 10/10/10 23/23/23 24/24/24
f 25/25/25 22/22/22 17/17/17
f 25/25/25 17/17/17 21/21/21
f 26/26/26 23/23/23 22/22/22
f 26/26/26 22/22/22 25/25/25
f 27/27/27 19/19/19 20/20/20
f 27/27/27 21/21/21 19/19/19
f 27/27/27 20/20/20 28/28/28
f 28/28/28 20/20/20 29/29/29
f 28/28/28 29/29/29 30/30/30
f 30/30/30 29/29/29 31/31/31
f 29/29/29 32/32/32 31/31/31
f 33/33/33 31/31/31 32/32/32
f 33/33/33 34/34/34 31/31/31
f 33/33/33 35/35/35 34/34/34
f 35/35/35 36/36/36 34/34/34
f 35/35/35 37/37/37 36/36/36
f 36/36/36 37/37/37 38/38/38
f 39/39/39 38/38/38 37/37/37
f 38/38/38 39/39/39 40/40/40
f 41/41/41 39/39/39 37/37/37
f 41/41/41 37/37/37 35/35/35
f 42/42/42 40/40/40 39/39/39
f 41/41/41 42/42/42 39/39/39
f 40/40/40 42/42/42 43/43/43
f 42/42/42 41/41/41 44/44/44
f 42/42/42 45/45/45 43/43/43
f 43/43/43 45/45/45 46/46/46
f 47/47/47 45/45/45 42/42/42
f 47/47/47 42/42/42 44/44/44
f 48/48/48 45/45/45 47/47/47
f 45/45/45 49/49/49 46/46/46
f 49/49/49 50/50/50 46/46/46
f 45/45/45 51/51/51 49/49/49
f 48/48/48 51/51/51 45/45/45
f 48/48/48 52/52/52 51/51/51
f 53/53/53 52/52/52 48/48/48
f 54/54/54 49/49/49 51/51/51
f 52/52/52 54/54/54 51/51/51
f 54/54/54 55/55/55 49/49/49
f 49/49/49 55/55/55 56/56/56
f 55/55/55 57/57/57 56/56/56
f 53/53/53 58/58/58 52/52/52
f 54/54/54 52/52/52 58/58/58
f 58/58/58 53/53/53 59/59/59
f 58/58/58 59/59/59 60/60/60
f 61/61/61 57/57/57 55/55/55
f 61/61/61 62/62/62 57/57/57
f 63/63/63 62/62/62 61/61/61
f 63/63/63 64/64/64 62/62/62
f 63/63/63 65/65/65 64/64/64
f 65/65/65 66/66/66 64/64/64
f 67/67/67 65/65/65 63/63/63
f 67/67/67 68/68/68 65/65/65
f 69/69/69 67/67/67 63/63/63
f 70/70/70 69/69/69 63/63/63
f 70/70/70 63/63/63 61/61/61
f 70/70/70 61/61/61 55/55/55
f 70/70/70 55/55/55 54/54/54
f 71/71/71 68/68/68 67/67/67
f 71/71/71 72/72/72 68/68/68
f 73/73/73 71/71/71 67/67/67
f 73/73/73 67/67/67 69/69/69
f 73/73/73 69/69/69 74/74/74
f 74/74/74 69/69/69 70/70/70
f 74/74/74 70/70/70 54/54/54
f 74/74/74 54/54/54 58/58/58
f 75/75/75 74/74/74 58/58/58
f 60/60/60 75/75/75 58/58/58
f 76/76/76 72/72/72 71/71/71
f 76/76/76 71/71/71 73/73/73
f 76/76/76 77/77/77 72/72/72
f 78/78/78 76/76/76 73/73/73
f 78/78/78 73/73/73 74/74/74
f 78/78/78 74/74/74 75/75/75
f 79/79/79 78/78/78 75/75/75
f 79/79/79 75/75/75 60/60/60
f 80/80/80 79/79/79 60/60/60
f 80/80/80 60/60/60 59/59/59
f 81/81/81 80/80/80 59/59/59
f 81/81/81 59/59/59 53/53/53
f 81/81/81 53/53/53 48/48/48
f 81/81/81 48/48/48 47/47/47
f 82/82/82 81/81/81 47/47/47
f 82/82/82 47/47/47 44/44/44
f 83/83/83 82/82/82 44/44/44
f 83/83/83 44/44/44 41/41/41
f 84/84/84 83/83/83 41/41/41
f 85/85/85 82/82/82 83/83/83
f 85/85/85 83/83/83 84/84/84
f 86/86/86 77/77/77 76/76/76
f 86/86/86 87/87/87 77/77/77
f 88/88/88 78/78/78 79/79/79
f 88/88/88 79/79/79 80/80/80
f 89/89/89 80/80/80 81/81/81
f 89/89/89 81/81/81 82/82/82
f 89/89/89 82/82/82 85/85/85
f 80/80/80 90/90/90 88/88/88
f 91/91/91 90/90/90 80/80/80
f 92/92/92 91/91/91 80/80/80
f 89/89/89 92/92/92 80/80/80
f 89/89/89 93/93/93 92/92/92
f 94/94/94 93/93/93 89/89/89
f 95/95/95 84/84/84 41/41/41
f 35/35/35 95/95/95 41/41/41
f 95/95/95 35/35/35 96/96/96
f 33/33/33 96/96/96 35/35/35
f 97/97/97 85/85/85 84/84/84
f 98/98/98 94/94/94 89/89/89
f 99/99/99 96/96/96 33/33/33
f 33/33/33 32/32/32 99/99/99
f 100/100/100 99/99/99 32/32/32
f 32/32/32 29/29/29 100/100/100
f 101/101/101 100/100/100 29/29/29
f 29/29/29 20/20/20 101/101/101
f 20/20/20 18/18/18 101/101/101
f 18/18/18 102/102/102 101/101/101
f 103/103/103 102/102/102 18/18/18
f 18/18/18 14/14/14 103/103/103
f 85/85/85 97/97/97 98/98/98
f 89/89/89 85/85/85 98/98/98
f 14/14/14 16/16/16 103/103/103
f 16/16/16 104/104/104 103/103/103
f 16/16/16 105/105/105 104/104/104
f 104/104/104 105/105/105 106/106/106
f 106/106/106 107/107/107 104/104/104
f 106/106/106 108/108/108 107/107/107
f 108/108/108 109/109/109 107/107/107
f 107/107/107 109/109/109 110/110/110
f 111/111/111 107/107/107 110/110/110
f 110/110/110 112/112/112 111/111/111
f 111/111/111 112/112/112 113/113/113
f 113/113/113 114/114/114 111/111/111
f 111/111/111 114/114/114 115/115/115
f 114/114/114 116/116/116 115/115/115
f 116/116/116 117/117/117 115/115/115
f 115/115/115 117/117/117 94/94/94
f 115/115/115 94/94/94 98/98/98
f 118/118/118 86/86/86 76/76/76
f 118/118/118 76/76/76 78/78/78
f 88/88/88 118/118/118 78/78/78
f 119/119/119 97/97/97 84/84/84
f 84/84/84 95/95/95 119/119/119
f 119/119/119 95/95/95 96/96/96
f 120/120/120 27/27/27 28/28/28
f 120/120/120 28/28/28 121/121/121
f 120/120/120 122/122/122 27/27/27
f 122/122/122 21/21/21 27/27/27
f 122/122/122 25/25/25 21/21/21
f 122/122/122 26/26/26 25/25/25
f 123/123/123 122/122/122 120/120/120
f 124/124/124 122/122/122 123/123/123
f 125/125/125 122/122/122 124/124/124
f 122/122/122 125/125/125 126/126/126
f 122/122/122 127/127/127 26/26/26
f 126/126/126 127/127/127 122/122/122
f 128/128/128 125/125/125 124/124/124
f 129/129/129 125/125/125 128/128/128
f 129/129/129 126/126/126 125/125/125
f 129/129/129 130/130/130 126/126/126
f 131/131/131 130/130/130 129/129/129
f 131/131/131 132/132/132 130/130/130
f 133/133/133 131/131/131 129/129/129
f 134/134/134 129/129/129 128/128/128
f 135/135/135 131/131/131 133/133/133
f 135/135/135 136/136/136 131/131/131
f 136/136/136 132/132/132 131/131/131
f 137/137/137 136/136/136 135/135/135
f 138/138/138 137/137/137 135/135/135
f 138/138/138 135/135/135 139/139/139
f 137/137/137 138/138/138 140/140/140
f 136/136/136 141/141/141 132/132/132
f 142/142/142 141/141/141 136/136/136
f 137/137/137 142/142/142 136/136/136
f 142/142/142 137/137/137 140/140/140
f 143/143/143 142/142/142 140/140/140
f 144/144/144 130/130/130 132/132/132
f 141/141/141 144/144/144 132/132/132
f 130/130/130 144/144/144 145/145/145
f 130/130/130 145/145/145 146/146/146
f 130/130/130 146/146/146 126/126/126
f 126/126/126 146/146/146 127/127/127
f 146/146/146 24/24/24 127/127/127
f 127/127/127 24/24/24 23/23/23
f 127/127/127 23/23/23 26/26/26
f 146/146/146 10/10/10 24/24/24
f 146/146/146 8/8/8 10/10/10
f 8/8/8 146/146/146 145/145/145
f 144/144/144 8/8/8 145/145/145
f 144/144/144 5/5/5 8/8/8
f 144/144/144 147/147/147 5/5/5
f 141/141/141 147/147/147 144/144/144
f 141/141/141 4/4/4 147/147/147
f 4/4/4 5/5/5 147/147/147
f 142/142/142 4/4/4 141/141/141
f 142/142/142 148/148/148 4/4/4
f 148/148/148 142/142/142 143/143/143
f 1/1/1 4/4/4 148/148/148
f 150/150/150 135/135/135 149/149/149
f 152/152/152 150/150/150 151/151/151
f 154/154/154 152/152/152 153/153/153
f 154/154/154 153/153/153 155/155/155
f 156/156/156 154/154/154 155/155/155
f 156/156/156 155/155/155 157/157/157
f 157/157/157 155/155/155 158/158/158
f 158/158/158 159/159/159 157/157/157
f 159/159/159 158/158/158 160/160/160
f 159/159/159 160/160/160 161/161/161
f 159/159/159 161/161/161 162/162/162
f 159/159/159 162/162/162 163/163/163
f 163/163/163 162/162/162 164/164/164
f 165/165/165 163/163/163 164/164/164
f 165/165/165 164/164/164 166/166/166
f 165/165/165 166/166/166 167/167/167
f 167/167/167 166/166/166 168/168/168
f 169/169/169 167/167/167 168/168/168
f 170/170/170 167/167/167 169/169/169
f 170/170/170 169/169/169 171/171/171
f 172/172/172 170/170/170 171/171/171
f 173/173/173 172/172/172 171/171/171
f 173/173/173 171/171/171 174/174/174
f 175/175/175 173/173/173 174/174/174
f 174/174/174 176/176/176 175/175/175
f 176/176/176 174/174/174 177/177/177
f 177/177/177 174/174/174 178/178/178
f 179/179/179 177/177/177 178/178/178
f 178/178/178 180/180/180 179/179/179
f 178/178/178 181/181/181 180/180/180
f 178/178/178 174/174/174 181/181/181
f 180/180/180 181/181/181 182/182/182
f 181/181/181 183/183/183 182/182/182
f 182/182/182 183/183/183 184/184/184
f 184/184/184 183/183/183 185/185/185
f 185/185/185 166/166/166 184/184/184
f 186/186/186 184/184/184 166/166/166
f 177/177/177 179/179/179 187/187/187
f 187/187/187 176/176/176 177/177/177
f 176/176/176 187/187/187 188/188/188
f 189/189/189 176/176/176 188/188/188
f 189/189/189 188/188/188 190/190/190
f 189/189/189 191/191/191 176/176/176
f 189/189/189 192/192/192 191/191/191
f 193/193/193 189/189/189 190/190/190
f 194/194/194 193/193/193 190/190/190
f 195/195/195 189/189/189 193/193/193
f 195/195/195 192/192/192 189/189/189
f 196/196/196 192/192/192 195/195/195
f 196/196/196 197/197/197 192/192/192
f 193/193/193 198/198/198 195/195/195
f 198/198/198 196/196/196 195/195/195
f 199/199/199 198/198/198 193/193/193
f 199/199/199 193/193/193 200/200/200
f 201/201/201 199/199/199 200/200/200
f 202/202/202 197/197/197 196/196/196
f 196/196/196 198/198/198 202/202/202
f 197/197/197 202/202/202 203/203/203
f 203/203/203 202/202/202 204/204/204
f 201/201/201 205/205/205 199/199/199
f 206/206/206 205/205/205 201/201/201
f 206/206/206 207/207/207 205/205/205
f 208/208/208 207/207/207 206/206/206
f 209/209/209 207/207/207 208/208/208
f 210/210/210 209/209/209 208/208/208
f 209/209/209 211/211/211 207/207/207
f 212/212/212 211/211/211 209/209/209
f 211/211/211 213/213/213 207/207/207
f 213/213/213 214/214/214 207/207/207
f 207/207/207 214/214/214 205/205/205
f 205/205/205 214/214/214 199/199/199
f 199/199/199 214/214/214 198/198/198
f 212/212/212 215/215/215 211/211/211
f 216/216/216 215/215/215 212/212/212
f 215/215/215 217/217/217 211/211/211
f 211/211/211 217/217/217 213/213/213
f 213/213/213 217/217/217 218/218/218
f 213/213/213 218/218/218 214/214/214
f 214/214/214 218/218/218 198/198/198
f 198/198/198 218/218/218 202/202/202
f 218/218/218 219/219/219 202/202/202
f 219/219/219 204/204/204 202/202/202
f 216/216/216 220/220/220 215/215/215
f 215/215/215 220/220/220 217/217/217
f 221/221/221 220/220/220 216/216/216
f 220/220/220 222/222/222 217/217/217
f 217/217/217 222/222/222 218/218/218
f 218/218/218 222/222/222 219/219/219
f 222/222/222 223/223/223 219/219/219
f 219/219/219 223/223/223 204/204/204
f 223/223/223 224/224/224 204/204/204
f 204/204/204 224/224/224 203/203/203
f 224/224/224 225/225/225 203/203/203
f 203/203/203 225/225/225 197/197/197
f 197/197/197 225/225/225 192/192/192
f 192/192/192 225/225/225 191/191/191
f 225/225/225 226/226/226 191/191/191
f 191/191/191 226/226/226 175/175/175
f 176/176/176 191/191/191 175/175/175
f 226/226/226 173/173/173 175/175/175
f 226/226/226 172/172/172 173/173/173
f 221/221/221 227/227/227 220/220/220
f 228/228/228 227/227/227 221/221/221
f 222/222/222 229/229/229 223/223/223
f 223/223/223 229/229/229 224/224/224
f 230/230/230 229/229/229 222/222/222
f 227/227/227 230/230/230 220/220/220
f 220/220/220 230/230/230 222/222/222
f 225/225/225 231/231/231 226/226/226
f 226/226/226 231/231/231 172/172/172
f 224/224/224 231/231/231 225/225/225
f 232/232/232 224/224/224 229/229/229
f 232/232/232 233/233/233 224/224/224
f 233/233/233 234/234/234 224/224/224
f 234/234/234 231/231/231 224/224/224
f 235/235/235 231/231/231 234/234/234
f 235/235/235 236/236/236 231/231/231
f 231/231/231 237/237/237 172/172/172
f 231/231/231 238/238/238 237/237/237
f 231/231/231 236/236/236 238/238/238
f 236/236/236 239/239/239 238/238/238
f 236/236/236 240/240/240 239/239/239
f 241/241/241 239/239/239 240/240/240
f 240/240/240 242/242/242 241/241/241
f 241/241/241 242/242/242 243/243/243
f 243/243/243 244/244/244 241/241/241
f 245/245/245 244/244/244 243/243/243
f 245/245/245 246/246/246 244/244/244
f 2/2/2 247/247/247 6/6/6
f 2/2/2 3/3/3 247/247/247
f 250/250/250 249/249/249 248/248/248
f 248/248/248 251/251/251 250/250/250
f 251/251/251 252/252/252 250/250/250
f 253/253/253 250/250/250 252/252/252
f 253/253/253 252/252/252 254/254/254
f 254/254/254 252/252/252 255/255/255
f 254/254/254 255/255/255 256/256/256
f 256/256/256 255/255/255 257/257/257
f 256/256/256 257/257/257 258/258/258
f 255/255/255 259/259/259 257/257/257
f 257/257/257 259/259/259 260/260/260
f 261/261/261 257/257/257 260/260/260
f 260/260/260 262/262/262 261/261/261
f 260/260/260 259/259/259 262/262/262
f 261/261/261 262/262/262 263/263/263
f 262/262/262 159/159/159 263/263/263
f 263/263/263 159/159/159 264/264/264
f 264/264/264 159/159/159 265/265/265
f 266/266/266 264/264/264 265/265/265
f 267/267/267 266/266/266 265/265/265
f 266/266/266 267/267/267 268/268/268
f 268/268/268 267/267/267 165/165/165
f 167/167/167 268/268/268 165/165/165
f 269/269/269 268/268/268 167/167/167
f 167/167/167 170/170/170 269/269/269
f 270/270/270 268/268/268 269/269/269
f 271/271/271 268/268/268 270/270/270
f 268/268/268 271/271/271 266/266/266
f 272/272/272 271/271/271 270/270/270
f 272/272/272 270/270/270 273/273/273
f 274/274/274 272/272/272 273/273/273
f 275/275/275 274/274/274 273/273/273
f 276/276/276 275/275/275 273/273/273
f 276/276/276 273/273/273 277/277/277
f 278/278/278 276/276/276 277/277/277
f 279/279/279 271/271/271 272/272/272
f 280/280/280 271/271/271 279/279/279
f 267/267/267 163/163/163 165/165/165
f 265/265/265 163/163/163 267/267/267
f 265/265/265 159/159/159 163/163/163
f 262/262/262 157/157/157 159/159/159
f 259/259/259 157/157/157 262/262/262
f 259/259/259 156/156/156 157/157/157
f 281/281/281 156/156/156 259/259/259
f 282/282/282 156/156/156 281/281/281
f 156/156/156 282/282/282 283/283/283
f 283/283/283 154/154/154 156/156/156
f 283/283/283 284/284/284 154/154/154
f 284/284/284 152/152/152 154/154/154
f 284/284/284 285/285/285 152/152/152
f 285/285/285 286/286/286 152/152/152
f 152/152/152 286/286/286 287/287/287
f 286/286/286 285/285/285 288/288/288
f 289/289/289 284/284/284 283/283/283
f 282/282/282 289/289/289 283/283/283
f 289/289/289 290/290/290 284/284/284
f 290/290/290 285/285/285 284/284/284
f 285/285/285 290/290/290 288/288/288
f 290/290/290 291/291/291 288/288/288
f 259/259/259 255/255/255 281/281/281
f 255/255/255 282/282/282 281/281/281
f 252/252/252 282/282/282 255/255/255
f 292/292/292 282/282/282 252/252/252
f 292/292/292 289/289/289 282/282/282
f 251/251/251 289/289/289 292/292/292
f 251/251/251 290/290/290 289/289/289
f 252/252/252 251/251/251 292/292/292
f 293/293/293 290/290/290 251/251/251
f 290/290/290 293/293/293 291/291/291
f 251/251/251 248/248/248 293/293/293
f 171/171/171 294/294/294 174/174/174
f 294/294/294 181/181/181 174/174/174
f 294/294/294 295/295/295 181/181/181
f 171/171/171 295/295/295 294/294/294
f 181/181/181 295/295/295 183/183/183
f 295/295/295 168/168/168 183/183/183
f 183/183/183 168/168/168 185/185/185
f 169/169/169 295/295/295 171/171/171
f 169/169/169 168/168/168 295/295/295
f 168/168/168 166/166/166 185/185/185
f 164/164/164 186/186/186 166/166/166
f 296/296/296 186/186/186 164/164/164
f 164/164/164 162/162/162 296/296/296
f 299/299/299 298/298/298 297/297/297
f 297/297/297 298/298/298 300/300/300
f 301/301/301 300/300/300 298/298/298
f 302/302/302 301/301/301 298/298/298
f 302/302/302 298/298/298 303/303/303
f 304/304/304 303/303/303 298/298/298
f 305/305/305 304/304/304 298/298/298
f 299/299/299 305/305/305 298/298/298
f 303/303/303 304/304/304 306/306/306
f 303/303/303 306/306/306 307/307/307
f 307/307/307 308/308/308 303/303/303
f 308/308/308 302/302/302 303/303/303
f 308/308/308 307/307/307 309/309/309
f 310/310/310 302/302/302 308/308/308
f 300/300/300 301/301/301 311/311/311
f 314/314/314 313/313/313 312/312/312
f 312/312/312 313/313/313 315/315/315
f 315/315/315 313/313/313 316/316/316
f 316/316/316 313/313/313 317/317/317
f 313/313/313 318/318/318 317/317/317
f 319/319/319 318/318/318 313/313/313
f 314/314/314 319/319/319 313/313/313
f 317/317/317 320/320/320 316/316/316
f 318/318/318 321/321/321 317/317/317
f 317/317/317 321/321/321 320/320/320
f 158/158/158 322/322/322 160/160/160
f 158/158/158 155/155/155 322/322/322
f 155/155/155 323/323/323 322/322/322
f 324/324/324 250/250/250 253/253/253
f 249/249/249 250/250/250 324/324/324
f 121/121/121 28/28/28 30/30/30
f 327/327/327 326/326/326 325/325/325
f 328/328/328 326/326/326 327/327/327
f 325/325/325 326/326/326 329/329/329
f 330/330/330 326/326/326 328/328/328
f 331/331/331 329/329/329 326/326/326
f 331/331/331 332/332/332 329/329/329
f 332/332/332 333/333/333 329/329/329
f 333/333/333 334/334/334 329/329/329
f 335/335/335 329/329/329 334/334/334
f 336/336/336 329/329/329 335/335/335
f 325/325/325 337/337/337 327/327/327
f 338/338/338 337/337/337 325/325/325
f 339/339/339 327/327/327 337/337/337
f 340/340/340 327/327/327 339/339/339
f 341/341/341 330/330/330 328/328/328
f 342/342/342 341/341/341 328/328/328
f 328/328/328 343/343/343 342/342/342
f 344/344/344 343/343/343 328/328/328
f 344/344/344 328/328/328 345/345/345
f 328/328/328 346/346/346 345/345/345
f 346/346/346 328/328/328 347/347/347
f 347/347/347 348/348/348 346/346/346
f 347/347/347 349/349/349 348/348/348
f 349/349/349 347/347/347 350/350/350
f 349/349/349 350/350/350 351/351/351
f 352/352/352 351/351/351 350/350/350
f 352/352/352 350/350/350 353/353/353
f 353/353/353 354/354/354 352/352/352
f 355/355/355 354/354/354 353/353/353
f 353/353/353 356/356/356 355/355/355
f 356/356/356 357/357/357 355/355/355
f 358/358/358 357/357/357 356/356/356
f 356/356/356 359/359/359 358/358/358
f 358/358/358 359/359/359 360/360/360
f 359/359/359 361/361/361 360/360/360
f 359/359/359 327/327/327 361/361/361
f 363/363/363 362/362/362 361/361/361
f 366/366/366 365/365/365 364/364/364
f 364/364/364 367/367/367 366/366/366
f 368/368/368 364/364/364 365/365/365
f 369/369/369 366/366/366 367/367/367
f 369/369/369 367/367/367 370/370/370
f 368/368/368 371/371/371 364/364/364
f 371/371/371 368/368/368 372/372/372
f 371/371/371 372/372/372 373/373/373
f 374/374/374 371/371/371 373/373/373
f 373/373/373 375/375/375 374/374/374
f 375/375/375 376/376/376 374/374/374
f 376/376/376 375/375/375 377/377/377
f 378/378/378 376/376/376 377/377/377
f 377/377/377 379/379/379 378/378/378
f 367/367/367 380/380/380 370/370/370
f 380/380/380 381/381/381 370/370/370
f 382/382/382 381/381/381 380/380/380
f 382/382/382 380/380/380 383/383/383
f 385/385/385 384/384/384 382/382/382
f 388/388/388 387/387/387 386/386/386
f 386/386/386 389/389/389 388/388/388
f 389/389/389 390/390/390 388/388/388
f 391/391/391 388/388/388 390/390/390
f 390/390/390 392/392/392 391/391/391
f 387/387/387 393/393/393 386/386/386
f 396/396/396 395/395/395 394/394/394
f 394/394/394 397/397/397 396/396/396
f 398/398/398 397/397/397 394/394/394
f 394/394/394 399/399/399 398/398/398
f 396/396/396 400/400/400 395/395/395
f 403/403/403 402/402/402 401/401/401
f 403/403/403 404/404/404 402/402/402
f 403/403/403 401/401/401 405/405/405
f 403/403/403 406/406/406 404/404/404
f 405/405/405 407/407/407 403/403/403
f 408/408/408 407/407/407 405/405/405
f 409/409/409 408/408/408 405/405/405
f 410/410/410 409/409/409 405/405/405
f 405/405/405 411/411/411 410/410/410
f 405/405/405 412/412/412 411/411/411
f 402/402/402 413/413/413 401/401/401
f 413/413/413 414/414/414 401/401/401
f 402/402/402 415/415/415 413/413/413
f 402/402/402 416/416/416 415/415/415
f 406/406/406 417/417/417 404/404/404
f 417/417/417 418/418/418 404/404/404
f 419/419/419 404/404/404 418/418/418
f 419/419/419 420/420/420 404/404/404
f 404/404/404 420/420/420 421/421/421
f 404/404/404 421/421/421 422/422/422
f 423/423/423 404/404/404 422/422/422
f 424/424/424 423/423/423 422/422/422
f 423/423/423 424/424/424 425/425/425
f 426/426/426 423/423/423 425/425/425
f 426/426/426 425/425/425 427/427/427
f 427/427/427 428/428/428 426/426/426
f 426/426/426 428/428/428 429/429/429
f 430/430/430 429/429/429 428/428/428
f 430/430/430 431/431/431 429/429/429
f 432/432/432 429/429/429 431/431/431
f 431/431/431 433/433/433 432/432/432
f 433/433/433 434/434/434 432/432/432
f 434/434/434 435/435/435 432/432/432
f 435/435/435 434/434/434 436/436/436
f 437/437/437 435/435/435 436/436/436
f 402/402/402 435/435/435 437/437/437
f 437/437/437 439/439/439 438/438/438
f 442/442/442 441/441/441 440/440/440
f 441/441/441 443/443/443 440/440/440
f 440/440/440 444/444/444 442/442/442
f 441/441/441 445/445/445 443/443/443
f 443/443/443 445/445/445 446/446/446
f 444/444/444 440/440/440 447/447/447
f 448/448/448 444/444/444 447/447/447
f 449/449/449 448/448/448 447/447/447
f 447/447/447 450/450/450 449/449/449
f 450/450/450 451/451/451 449/449/449
f 451/451/451 450/450/450 452/452/452
f 451/451/451 452/452/452 453/453/453
f 453/453/453 452/452/452 454/454/454
f 454/454/454 455/455/455 453/453/453
f 456/456/456 443/443/443 446/446/446
f 457/457/457 456/456/456 446/446/446
f 457/457/457 458/458/458 456/456/456
f 459/459/459 456/456/456 458/458/458
f 458/458/458 461/461/461 460/460/460
f 464/464/464 463/463/463 462/462/462
f 462/462/462 465/465/465 464/464/464
f 466/466/466 465/465/465 462/462/462
f 466/466/466 462/462/462 467/467/467
f 467/467/467 468/468/468 466/466/466
f 469/469/469 463/463/463 464/464/464
f 472/472/472 471/471/471 470/470/470
f 472/472/472 473/473/473 471/471/471
f 470/470/470 474/474/474 472/472/472
f 474/474/474 475/475/475 472/472/472
f 476/476/476 471/471/471 473/473/473
f 479/479/479 478/478/478 477/477/477
f 477/477/477 481/481/481 480/480/480
f 484/484/484 483/483/483 482/482/482
f 487/487/487 486/486/486 485/485/485
f 490/490/490 489/489/489 488/488/488
f 490/490/490 491/491/491 489/489/489
f 492/492/492 491/491/491 490/490/490
f 493/493/493 491/491/491 492/492/492
f 491/491/491 493/493/493 494/494/494
f 497/497/497 496/496/496 495/495/495
f 497/497/497 498/498/498 496/496/496
f 499/499/499 498/498/498 497/497/497
f 498/498/498 499/499/499 500/500/500
f 503/503/503 502/502/502 501/501/501
f 504/504/504 502/502/502 503/503/503
f 504/504/504 505/505/505 502/502/502
f 506/506/506 505/505/505 504/504/504
f 509/509/509 508/508/508 507/507/507
f 510/510/510 508/508/508 509/509/509
f 510/510/510 511/511/511 508/508/508
f 510/510/510 512/512/512 511/511/511
f 512/512/512 510/510/510 513/513/513
f 516/516/516 515/515/515 514/514/514
f 517/517/517 515/515/515 516/516/516
f 515/515/515 517/517/517 518/518/518
f 515/515/515 518/518/518 519/519/519
f 519/519/519 518/518/518 520/520/520
f 521/521/521 520/520/520 518/518/518
f 518/518/518 522/522/522 521/521/521
f 525/525/525 524/524/524 523/523/523
f 528/528/528 527/527/527 526/526/526
f 531/531/531 530/530/530 529/529/529
f 530/530/530 531/531/531 532/532/532
f 535/535/535 534/534/534 533/533/533
f 538/538/538 537/537/537 536/536/536
f 538/538/538 536/536/536 539/539/539
f 538/538/538 539/539/539 540/540/540
f 538/538/538 540/540/540 541/541/541
f 542/542/542 538/538/538 541/541/541
f 543/543/543 542/542/542 541/541/541
f 541/541/541 544/544/544 543/543/543
f 544/544/544 545/545/545 543/543/543
f 548/548/548 547/547/547 546/546/546
f 548/548/548 546/546/546 549/549/549
f 548/548/548 549/549/549 550/550/550
f 548/548/548 550/550/550 551/551/551
f 552/552/552 548/548/548 551/551/551
f 553/553/553 552/552/552 551/551/551
f 551/551/551 554/554/554 553/553/553
f 554/554/554 555/555/555 553/553/553
f 558/558/558 557/557/557 556/556/556
f 557/557/557 559/559/559 556/556/556
f 557/557/557 558/558/558 560/560/560
f 560/560/560 561/561/561 557/557/557
f 564/564/564 563/563/563 562/562/562
f 562/562/562 565/565/565 564/564/564
f 563/563/563 564/564/564 566/566/566
f 564/564/564 567/567/567 566/566/566
f 570/570/570 569/569/569 568/568/568
f 569/569/569 571/571/571 568/568/568
f 569/569/569 570/570/570 572/572/572
f 572/572/572 573/573/573 569/569/569
f 576/576/576 575/575/575 574/574/574
f 574/574/574 577/577/577 576/576/576
f 580/580/580 579/579/579 578/578/578
f 579/579/579 581/581/581 578/578/578
f 584/584/584 583/583/583 582/582/582
f 582/582/582 585/585/585 584/584/584
f 586/586/586 585/585/585 582/582/582
f 582/582/582 587/587/587 586/586/586
f 590/590/590 589/589/589 588/588/588
f 588/588/588 591/591/591 590/590/590
f 594/594/594 593/593/593 592/592/592
f 594/594/594 595/595/595 593/593/593
f 598/598/598 597/597/597 596/596/596
f 596/596/596 599/599/599 598/598/598
f 602/602/602 601/601/601 600/600/600
f 602/602/602 603/603/603 601/601/601
f 606/606/606 605/605/605 604/604/604
f 606/606/606 607/607/607 605/605/605
f 610/610/610 609/609/609 608/608/608
f 608/608/608 611/611/611 610/610/610
f 614/614/614 613/613/613 612/612/612
f 612/612/612 615/615/615 614/614/614
f 618/618/618 617/617/617 616/616/616
f 616/616/616 619/619/619 618/618/618
f 622/622/622 621/621/621 620/620/620
f 620/620/620 623/623/623 622/622/622
f 626/626/626 625/625/625 624/624/624
f 626/626/626 627/627/627 625/625/625
f 630/630/630 629/629/629 628/628/628
f 630/630/630 631/631/631 629/629/629
f 634/634/634 633/633/633 632/632/632
f 632/632/632 635/635/635 634/634/634
f 638/638/638 637/637/637 636/636/636
f 639/639/639 638/638/638 636/636/636
f 642/642/642 641/641/641 640/640/640
f 643/643/643 641/641/641 642/642/642
f 646/646/646 645/645/645 644/644/644
f 646/646/646 647/647/647 645/645/645
f 650/650/650 649/649/649 648/648/648
f 648/648/648 651/651/651 650/650/650
f 651/651/651 648/648/648 652/652/652
f 652/652/652 653/653/653 651/651/651
f 649/649/649 650/650/650 654/654/654
f 654/654/654 655/655/655 649/649/649
f 658/658/658 657/657/657 656/656/656
f 657/657/657 659/659/659 656/656/656
f 660/660/660 657/657/657 658/658/658
f 658/658/658 661/661/661 660/660/660
f 664/664/664 663/663/663 662/662/662
f 665/665/665 662/662/662 663/663/663
f 668/668/668 667/667/667 666/666/666
f 667/667/667 669/669/669 666/666/666
f 672/672/672 671/671/671 670/670/670
f 671/671/671 673/673/673 670/670/670
f 676/676/676 675/675/675 674/674/674
f 674/674/674 677/677/677 676/676/676
f 680/680/680 679/679/679 678/678/678
f 678/678/678 681/681/681 680/680/680
f 684/684/684 683/683/683 682/682/682
f 685/685/685 684/684/684 682/682/682
f 688/688/688 687/687/687 686/686/686
f 688/688/688 689/689/689 687/687/687
f 692/692/692 691/691/691 690/690/690
f 692/692/692 693/693/693 691/691/691
f 696/696/696 695/695/695 694/694/694
f 694/694/694 697/697/697 696/696/696
f 697/697/697 694/694/694 698/698/698
f 698/698/698 699/699/699 697/697/697
f 695/695/695 696/696/696 700/700/700
f 700/700/700 701/701/701 695/695/695
f 704/704/704 703/703/703 702/702/702
f 703/703/703 705/705/705 702/702/702
f 706/706/706 703/703/703 704/704/704
f 704/704/704 707/707/707 706/706/706
f 710/710/710 709/709/709 708/708/708
f 711/711/711 708/708/708 709/709/709
f 714/714/714 713/713/713 712/712/712
f 713/713/713 715/715/715 712/712/712
f 718/718/718 717/717/717 716/716/716
f 717/717/717 719/719/719 716/716/716
f 722/722/722 721/721/721 720/720/720
f 720/720/720 723/723/723 722/722/722
f 726/726/726 725/725/725 724/724/724
f 724/724/724 727/727/727 726/726/726
f 730/730/730 729/729/729 728/728/728
f 730/730/730 728/728/728 731/731/731
f 731/731/731 732/732/732 730/730/730
f 735/735/735 734/734/734 733/733/733
f 734/734/734 736/736/736 733/733/733
f 739/739/739 738/738/738 737/737/737
f 737/737/737 740/740/740 739/739/739
f 743/743/743 742/742/742 741/741/741
f 743/743/743 741/741/741 744/744/744
f 744/744/744 745/745/745 743/743/743
f 748/748/748 747/747/747 746/746/746
f 747/747/747 749/749/749 746/746/746
f 752/752/752 751/751/751 750/750/750
f 750/750/750 753/753/753 752/752/752
f 756/756/756 755/755/755 754/754/754
f 757/757/757 756/756/756 754/754/754
f 760/760/760 759/759/759 758/758/758
f 761/761/761 759/759/759 760/760/760
f 764/764/764 763/763/763 762/762/762
f 764/764/764 765/765/765 763/763/763
f 768/768/768 767/767/767 766/766/766
f 766/766/766 769/769/769 768/768/768
f 769/769/769 766/766/766 770/770/770
f 770/770/770 771/771/771 769/769/769
f 767/767/767 768/768/768 772/772/772
f 772/772/772 773/773/773 767/767/767
f 776/776/776 775/775/775 774/774/774
f 775/775/775 777/777/777 774/774/774
f 778/778/778 775/775/775 776/776/776
f 776/776/776 779/779/779 778/778/778
f 782/782/782 781/781/781 780/780/780
f 783/783/783 780/780/780 781/781/781
f 786/786/786 785/785/785 784/784/784
f 786/786/786 787/787/787 785/785/785
f 790/790/790 789/789/789 788/788/788
f 789/789/789 791/791/791 788/788/788
f 794/794/794 793/793/793 792/792/792
f 792/792/792 795/795/795 794/794/794
f 798/798/798 797/797/797 796/796/796
f 796/796/796 799/799/799 798/798/798
f 802/802/802 801/801/801 800/800/800
f 803/803/803 802/802/802 800/800/800
f 806/806/806 805/805/805 804/804/804
f 806/806/806 807/807/807 805/805/805
f 810/810/810 809/809/809 808/808/808
f 810/810/810 811/811/811 809/809/809
f 814/814/814 813/813/813 812/812/812
f 812/812/812 815/815/815 814/814/814
f 815/815/815 812/812/812 816/816/816
f 816/816/816 817/817/817 815/815/815
f 813/813/813 814/814/814 818/818/818
f 818/818/818 819/819/819 813/813/813
f 822/822/822 821/821/821 820/820/820
f 821/821/821 823/823/823 820/820/820
f 824/824/824 821/821/821 822/822/822
f 822/822/822 825/825/825 824/824/824
f 828/828/828 827/827/827 826/826/826
f 829/829/829 826/826/826 827/827/827
f 832/832/832 831/831/831 830/830/830
f 832/832/832 833/833/833 831/831/831
f 836/836/836 835/835/835 834/834/834
f 835/835/835 837/837/837 834/834/834
f 840/840/840 839/839/839 838/838/838
f 838/838/838 841/841/841 840/840/840
f 844/844/844 843/843/843 842/842/842
f 842/842/842 845/845/845 844/844/844
f 848/848/848 847/847/847 846/846/846
f 848/848/848 846/846/846 849/849/849
f 849/849/849 850/850/850 848/848/848
f 853/853/853 852/852/852 851/851/851
f 852/852/852 854/854/854 851/851/851
f 857/857/857 856/856/856 855/855/855
f 855/855/855 858/858/858 857/857/857
f 861/861/861 860/860/860 859/859/859
f 861/861/861 859/859/859 862/862/862
f 862/862/862 863/863/863 861/861/861
f 866/866/866 865/865/865 864/864/864
f 865/865/865 867/867/867 864/864/864
f 870/870/870 869/869/869 868/868/868
f 868/868/868 871/871/871 870/870/870
f 874/874/874 873/873/873 872/872/872
f 875/875/875 874/874/874 872/872/872
f 872/872/872 876/876/876 875/875/875
f 877/877/877 876/876/876 872/872/872
f 874/874/874 878/878/878 873/873/873
f 879/879/879 878/878/878 874/874/874
f 879/879/879 880/880/880 878/878/878
f 881/881/881 880/880/880 879/879/879
f 880/880/880 882/882/882 878/878/878
f 878/878/878 882/882/882 883/883/883
f 878/878/878 883/883/883 873/873/873
f 886/886/886 885/885/885 884/884/884
f 884/884/884 887/887/887 886/886/886
f 888/888/888 886/886/886 887/887/887
f 888/888/888 889/889/889 886/886/886
f 885/885/885 890/890/890 884/884/884
f 890/890/890 891/891/891 884/884/884
f 892/892/892 891/891/891 890/890/890
f 892/892/892 893/893/893 891/891/891
f 894/894/894 892/892/892 890/890/890
f 894/894/894 890/890/890 895/895/895
f 885/885/885 895/895/895 890/890/890
f 898/898/898 897/897/897 896/896/896
f 898/898/898 896/896/896 899/899/899
f 900/900/900 898/898/898 899/899/899
f 900/900/900 899/899/899 901/901/901
f 898/898/898 902/902/902 897/897/897
f 898/898/898 903/903/903 902/902/902
f 900/900/900 903/903/903 898/898/898
f 903/903/903 904/904/904 902/902/902
f 904/904/904 905/905/905 902/902/902
f 906/906/906 904/904/904 903/903/903
f 906/906/906 903/903/903 900/900/900
f 904/904/904 906/906/906 907/907/907
f 908/908/908 900/900/900 901/901/901
f 908/908/908 906/906/906 900/900/900
f 908/908/908 909/909/909 906/906/906
