g mx_jiaoChe5_cheshen
v 5.245209E-06 1.021813 1.415846
v 0.478672 0.9637363 1.652348
v 5.245209E-06 0.9817176 1.723468
v 0.5127337 1.017675 1.30036
v 0.8294255 0.932153 1.616977
v 0.7456067 1.016787 1.14548
v 0.9014297 0.9942482 1.109216
v 0.8325952 1.008413 0.9856329
v 0.8849245 1.020252 0.8412247
v 1.003111 0.9595003 1.324419
v 0.9953204 0.9244707 1.572893
v 1.082462 0.8170817 1.491459
v 1.074814 0.7094705 1.665466
v 1.026514 0.7683022 1.775274
v 1.084491 0.8418369 1.314307
v 1.011835 0.9280207 1.072276
v 1.081455 0.7589955 1.116192
v 1.052291 0.8405235 1.005214
v 1.06532 0.6772306 0.875469
v 1.076058 0.6578519 0.9937446
v 1.009268 0.9178252 0.8661475
v 1.062891 0.525234 1.758883
v 1.009623 0.5681086 1.891002
v 0.9689705 0.785918 1.888287
v 0.9540009 0.5672741 1.993217
v 0.9946736 0.323411 1.935555
v 0.9242939 0.4308295 2.049289
v 0.9101043 0.314203 2.070558
v 0.8998349 0.3827167 2.081711
v 0.8012143 0.3103175 2.192803
v 0.7913696 0.3574777 2.192833
v 0.6670607 0.3166618 2.308003
v 0.633384 0.3451297 2.31573
v 0.487396 0.3088214 2.432011
v 0.4749494 0.3327324 2.426229
v 0.3953073 0.3542042 2.468057
v 1.03744 0.3217866 1.776829
v 0.3204544 0.3099422 2.499897
v 0.3167713 0.3308117 2.490862
v 5.245209E-06 0.3101299 2.516387
v 5.245209E-06 0.3262401 2.502361
v 0.3673725 0.40013 2.479265
v 0.4197612 0.5698612 2.447351
v 0.4552548 0.5304575 2.431023
v 0.4897361 0.3639009 2.345229
v 0.5077472 0.5352218 2.358047
v 0.5675762 0.7167726 2.311642
v 0.4219286 0.6783957 2.424205
v 0.3413782 0.7130153 2.435995
v 0.3619714 0.7573614 2.383187
v 5.245209E-06 0.7615235 2.406964
v 5.245209E-06 0.7223516 2.4592
v 0.4361627 0.8865926 2.037331
v 0.7489787 0.8415308 1.993133
v 0.4557486 0.9286475 1.859937
v 5.245209E-06 0.9389861 1.922501
v 5.245209E-06 0.8948822 2.101495
v 0.7884171 0.8928876 1.808719
v 0.8129698 0.7603879 2.078576
v 0.9496512 0.8719833 1.774094
v 5.245209E-06 0.7615235 2.406964
v 1.068781 0.5025721 0.9313433
v 1.050336 0.3488474 0.8558438
v 1.047645 0.3048275 0.9181364
v 1.048193 0.3045855 0.8570533
v 1.013474 0.2033432 0.9204025
v 1.073141 0.3168592 0.4482381
v 1.038462 0.2061722 0.4487863
v 1.030147 0.2040739 -0.3860352
v 1.071047 0.3324163 -0.3884544
v 1.005605 0.2023706 -0.840149
v 1.056877 0.340627 -0.925933
v 1.064066 0.354387 -1.29572
v 1.014916 0.2050366 -1.310215
v 1.07043 0.5118442 -1.036906
v 1.07873 0.4601073 -0.4852188
v 1.085997 0.528532 -1.325906
v 1.067102 0.7311842 -1.13885
v 1.070415 0.7359684 -0.6051087
v 1.091082 0.6175842 -1.361616
v 1.010636 0.9719617 -1.251892
v 1.089152 0.7495506 -1.477028
v 1.012334 1.001535 -1.506459
v 1.099174 0.8163805 -1.611295
v 1.007372 1.01141 -1.760256
v 1.098824 0.8310983 -1.806261
v 0.9852041 0.9988842 -2.007042
v 1.097911 0.7978957 -1.936855
v 1.096849 0.7609062 -2.065607
v 1.031851 0.8697221 -2.134417
v 1.079495 0.5814686 -2.190118
v 1.030271 0.6315811 -2.259673
v 1.027876 0.330807 -2.226515
v 0.9838117 0.3708229 -2.310413
v 0.9142565 0.2311494 -2.214913
v 0.9010988 0.2695413 -2.300963
v 0.7634941 1.085325 -1.725093
v 0.8504777 1.082047 -1.289444
v 0.8831275 0.5136857 -2.443876
v 0.9056609 0.4420519 -2.424833
v 0.8662866 0.3930354 -2.434826
v 0.6381781 1.272662 -1.225522
v 0.6250057 1.375356 -0.8240242
v 0.9697359 0.9419434 -2.214424
v 0.8904394 0.5936832 -2.424225
v 0.6588008 0.5610385 -2.540412
v 0.7266675 0.5293713 -2.528203
v 0.7625511 0.2076929 -2.192582
v 0.7578608 0.2358496 -2.322341
v 0.7395141 0.2928052 -2.414464
v 0.2932701 1.308812 -1.265825
v 0.2999749 1.399276 -0.8359969
v 5.245209E-06 1.413046 -0.8456343
v 5.245209E-06 1.317734 -1.283964
v 0.638504 1.116197 -1.775028
v 0.2828379 1.110504 -1.955749
v 5.245209E-06 1.111981 -1.990932
v 0.2941983 1.096261 -2.137394
v 5.245209E-06 1.103612 -2.144306
v 0.6424191 1.064638 -2.084901
v 0.7797967 1.043349 -2.054824
v 0.8100914 0.9817374 -2.305728
v 0.6351171 0.9929054 -2.380106
v 0.2851484 1.033642 -2.422295
v 5.245209E-06 1.037513 -2.447331
v 0.2457793 0.8707442 -2.55202
v 5.245209E-06 0.8736966 -2.564299
v 0.4884279 0.9850008 -2.439516
v 0.4586713 0.8639505 -2.508123
v 0.2633111 0.8661773 -2.477794
v 0.4459186 0.7644362 -2.542541
v 0.2547107 0.6516066 -2.548144
v 5.245209E-06 0.868784 -2.46986
v 5.245209E-06 0.6523025 -2.551003
v 5.245209E-06 0.6259034 -2.619511
v 0.2582605 0.6313639 -2.599945
v 5.245209E-06 0.5689578 -2.626547
v 0.2534764 0.5684788 -2.610738
v 0.2508695 0.551801 -2.644662
v 5.245209E-06 0.5556471 -2.659142
v 0.2365811 0.4716504 -2.648058
v 5.245209E-06 0.4542122 -2.660638
v 5.245209E-06 0.3758044 -2.611933
v 0.2230632 0.3701415 -2.597837
v 0.337147 0.364064 -2.579406
v 0.475517 0.5550249 -2.602745
v 0.5127978 0.4657307 -2.59483
v 0.3999679 0.5725124 -2.586309
v 0.3928092 0.6455731 -2.578305
v 0.6608003 0.4887824 -2.550484
v 0.6570382 0.4352286 -2.544866
v 0.4896474 0.3746641 -2.559273
v 0.6002653 0.363348 -2.522569
v 0.7077779 0.3884931 -2.507605
v 0.6977553 0.3391113 -2.474619
v 0.5579782 0.5950756 -2.447159
v 0.4299664 0.3340557 -2.397229
v 0.6074686 0.3326929 -2.367423
v 0.7087554 0.3049309 -2.341404
v 0.6188638 0.287957 -2.191836
v 0.7083999 0.2786701 -2.19747
v 0.2953537 0.2766211 -2.48162
v 0.2189357 0.2928743 -2.510172
v 0.2958918 0.2145259 -2.287717
v 0.447217 0.2739551 -2.206455
v 0.2189357 0.2928743 -2.510172
v 0.1831853 0.2380369 -2.414326
v 0.1704128 0.2145209 -2.292012
v 5.245209E-06 0.2388465 -2.422823
v 5.245209E-06 0.2142987 -2.285534
v 5.245209E-06 0.3067627 -2.381326
v 0.2336338 0.4132483 -2.528879
v 5.245209E-06 0.4228806 -2.546283
v 0.1914454 0.3055878 -2.372785
v 5.245209E-06 0.3067627 -2.381326
v 0.2336338 0.4132483 -2.528879
v 0.2189357 0.2928743 -2.510172
v 0.2336338 0.4132483 -2.528879
v 1.048272 0.854007 -0.651711
v 1.013163 0.9603641 -0.7050327
v 0.8952384 1.075998 -0.7545381
v 0.7910881 1.22287 -0.797156
v 0.7183039 1.311029 -0.8178378
v 0.6805047 1.383265 -0.3490851
v 0.6078291 1.439505 -0.3550987
v 0.3357596 1.484483 -0.3584757
v 0.3017671 1.431511 -0.8391469
v 0.6878908 1.373233 0.2091937
v 5.245209E-06 1.442753 -0.8447357
v 5.245209E-06 1.499497 -0.3556516
v 0.611774 1.41114 0.2230327
v 0.3322198 1.450554 0.2576129
v 5.245209E-06 1.458567 0.2818201
v 0.6250994 1.370656 0.3855062
v 5.245209E-06 1.404747 0.4898934
v 0.3450565 1.398151 0.4645259
v 5.245209E-06 1.264861 0.8340361
v 0.3933127 1.251876 0.7936151
v 0.4201958 1.107103 1.065872
v 5.245209E-06 1.116474 1.112998
v 0.4221163 0.9863486 1.260571
v 5.245209E-06 0.9630599 1.345046
v 0.7183088 1.226682 0.6620536
v 0.6250994 1.370656 0.3855062
v 0.782221 1.202154 0.6073396
v 0.6903594 0.9809129 1.134119
v 0.7129866 1.327114 0.3832104
v 5.245209E-06 1.021813 1.415846
v 5.245209E-06 0.9630599 1.345046
v 5.245209E-06 0.868784 -2.46986
v 0.2457793 0.8707442 -2.55202
v 5.245209E-06 0.8736966 -2.564299
v 0.2633111 0.8661773 -2.477794
v 0.4586713 0.8639505 -2.508123
v 0.6813391 0.5807428 -2.402961
v 0.8511097 0.6010544 -2.327279
v 0.8904394 0.5936832 -2.424225
v 0.9697359 0.9419434 -2.214424
v 0.2230632 0.3701415 -2.597837
v 0.2336338 0.4132483 -2.528879
v 0.2189357 0.2928743 -2.510172
v 0.1914454 0.3055878 -2.372785
v 0.1831853 0.2380369 -2.414326
v 1.07873 0.4601073 -0.4852188
v 1.071047 0.3324163 -0.3884544
v 1.02168 0.436532 -0.4814219
v 1.002509 0.7256546 -0.6015835
v 1.070415 0.7359684 -0.6051087
v 0.9930937 0.826571 -0.6346135
v 1.048272 0.854007 -0.651711
v 0.8952384 1.075998 -0.7545381
v 0.820578 1.070938 -0.7676069
v 0.7910881 1.22287 -0.797156
v 0.751709 1.180351 -0.8083091
v 0.6855209 1.285094 -0.8161494
v 0.7910881 1.22287 -0.797156
v 0.7183039 1.311029 -0.8178378
v 0.6745209 1.370192 -0.3485174
v 0.6805047 1.383265 -0.3490851
v 0.7183039 1.311029 -0.8178378
v 0.6878908 1.373233 0.2091937
v 0.6250057 1.375356 -0.8240242
v 0.3017671 1.431511 -0.8391469
v 0.2999749 1.399276 -0.8359969
v 5.245209E-06 1.442753 -0.8447357
v 5.245209E-06 1.413046 -0.8456343
v 0.5059302 0.2782307 2.418522
v 0.2925692 0.2633846 2.434045
v 0.3168404 0.2789466 2.494496
v 0.4888673 0.2616119 2.363951
v 0.6919936 0.2736192 2.28584
v 0.6872144 0.2528977 2.22211
v 5.245209E-06 0.2617106 2.450954
v 5.245209E-06 0.2768433 2.516333
v 0.7941295 0.2136915 2.173785
v 0.7640224 0.2136965 2.124566
v 0.2925692 0.2134545 2.434045
v 0.4857321 0.2134693 2.363951
v 0.6840842 0.2136028 2.22211
v 5.245209E-06 0.2135434 2.450954
v 0.902338 0.2127633 2.041547
v 0.9703283 0.2132175 1.925128
v 1.017528 0.2171919 1.766224
v 5.245209E-06 1.021813 1.415846
v -0.4786661 0.9637363 1.652348
v -0.512723 1.017675 1.30036
v 5.245209E-06 0.9817176 1.723468
v -0.8294148 0.932153 1.616977
v -0.7456009 1.016787 1.14548
v -0.9014239 0.9942482 1.109216
v -0.8325846 1.008413 0.9856329
v -0.8849189 1.020252 0.8412247
v -1.003096 0.9595003 1.324419
v -0.9953048 0.9244707 1.572893
v -1.082451 0.8170817 1.491459
v -1.074804 0.7094705 1.665466
v -1.026498 0.7683022 1.775274
v -1.084481 0.8418369 1.314307
v -1.01182 0.9280207 1.072276
v -1.081444 0.7589955 1.116192
v -1.05228 0.8405235 1.005214
v -1.065314 0.6772306 0.875469
v -1.076048 0.6578519 0.9937446
v -1.009252 0.9178252 0.8661475
v -1.06289 0.525234 1.758883
v -1.009608 0.5681086 1.891002
v -0.9689598 0.785918 1.888287
v -0.9539902 0.5672741 1.993217
v -0.994658 0.323411 1.935555
v -0.924283 0.4308295 2.049289
v -0.9100935 0.314203 2.070558
v -0.8998241 0.3827167 2.081711
v -0.8012085 0.3103175 2.192803
v -0.7913637 0.3574777 2.192833
v -0.6670451 0.3166618 2.308003
v -0.6333735 0.3451297 2.31573
v -0.4873853 0.3088214 2.432011
v -0.4749484 0.3327324 2.426229
v -0.3952916 0.3542042 2.468057
v -1.037424 0.3217866 1.776829
v -0.3204436 0.3099422 2.499897
v -0.3167605 0.3308117 2.490862
v 5.245209E-06 0.3101299 2.516387
v 5.245209E-06 0.3262401 2.502361
v -0.367357 0.40013 2.479265
v -0.4197505 0.5698612 2.447351
v -0.4552491 0.5304575 2.431023
v -0.4897304 0.3639009 2.345229
v -0.5077364 0.5352218 2.358047
v -0.5675704 0.7167726 2.311642
v -0.4219229 0.6783957 2.424205
v -0.3413627 0.7130153 2.435995
v -0.3619556 0.7573614 2.383187
v 5.245209E-06 0.7615235 2.406964
v 5.245209E-06 0.7223516 2.4592
v -0.4361618 0.8865926 2.037331
v -0.7489729 0.8415308 1.993133
v -0.4557476 0.9286475 1.859937
v 5.245209E-06 0.9389861 1.922501
v 5.245209E-06 0.8948822 2.101495
v -0.7884114 0.8928876 1.808719
v -0.812964 0.7603879 2.078576
v -0.9496405 0.8719833 1.774094
v 5.245209E-06 0.7615235 2.406964
v -1.068775 0.5025721 0.9313433
v -1.05033 0.3488474 0.8558438
v -1.047639 0.3048275 0.9181364
v -1.036195 0.3764415 0.4493392
v -1.061957 0.6842809 0.5018513
v -1.045551 0.8366132 0.5168259
v -1.07313 0.3168592 0.4482381
v -1.048182 0.3045855 0.8570533
v -1.013459 0.2033432 0.9204025
v -1.038446 0.2061722 0.4487863
v -1.030132 0.2040739 -0.3860352
v -1.071041 0.3324163 -0.3884544
v -1.005589 0.2023706 -0.840149
v -1.056867 0.340627 -0.925933
v -1.064055 0.354387 -1.29572
v -1.0149 0.2050366 -1.310215
v -1.070424 0.5118442 -1.036906
v -1.078719 0.4601073 -0.4852188
v -1.085991 0.528532 -1.325906
v -1.067101 0.7311842 -1.13885
v -1.070415 0.7359684 -0.6051087
v -1.091077 0.6175842 -1.361616
v -1.01062 0.9719617 -1.251892
v -1.089146 0.7495506 -1.477028
v -1.012318 1.001535 -1.506459
v -1.099164 0.8163805 -1.611295
v -1.007356 1.01141 -1.760256
v -1.098818 0.8310983 -1.806261
v -0.9851885 0.9988842 -2.007042
v -1.097905 0.7978957 -1.936855
v -1.096843 0.7609062 -2.065607
v -1.03184 0.8697221 -2.134417
v -1.079489 0.5814686 -2.190118
v -1.03026 0.6315811 -2.259673
v -1.027866 0.330807 -2.226515
v -0.9837961 0.3708229 -2.310413
v -0.9142458 0.2311494 -2.214913
v -0.9010882 0.2695413 -2.300963
v -0.7634933 1.085325 -1.725093
v -0.850467 1.082047 -1.289444
v -0.8831217 0.5136857 -2.443876
v -0.9056501 0.4420519 -2.424833
v -0.866276 0.3930354 -2.434826
v -0.6381624 1.272662 -1.225522
v -0.62499 1.375356 -0.8240242
v -0.7182884 1.311029 -0.8178378
v -0.9697201 0.9419434 -2.214424
v -0.8904386 0.5936832 -2.424225
v -0.6587851 0.5610385 -2.540412
v -0.7266617 0.5293713 -2.528203
v -0.7625504 0.2076929 -2.192582
v -0.7578549 0.2358496 -2.322341
v -0.7395084 0.2928052 -2.414464
v -0.2932644 1.308812 -1.265825
v -0.2999642 1.399276 -0.8359969
v 5.245209E-06 1.413046 -0.8456343
v 5.245209E-06 1.317734 -1.283964
v -0.6384933 1.116197 -1.775028
v -0.2828271 1.110504 -1.955749
v 5.245209E-06 1.111981 -1.990932
v -0.2941878 1.096261 -2.137394
v 5.245209E-06 1.103612 -2.144306
v -0.6424084 1.064638 -2.084901
v -0.7797959 1.043349 -2.054824
v -0.8100808 0.9817374 -2.305728
v -0.6351113 0.9929054 -2.380106
v -0.2851379 1.033642 -2.422295
v 5.245209E-06 1.037513 -2.447331
v -0.2457783 0.8707442 -2.55202
v 5.245209E-06 0.8736966 -2.564299
v -0.4884222 0.9850008 -2.439516
v -0.4586656 0.8639505 -2.508123
v -0.2633004 0.8661773 -2.477794
v -0.4459128 0.7644362 -2.542541
v -0.2546999 0.6516066 -2.548144
v 5.245209E-06 0.868784 -2.46986
v 5.245209E-06 0.6523025 -2.551003
v 5.245209E-06 0.6259034 -2.619511
v -0.2582498 0.6313639 -2.599945
v 5.245209E-06 0.5689578 -2.626547
v -0.2534657 0.5684788 -2.610738
v -0.2508638 0.551801 -2.644662
v 5.245209E-06 0.5556471 -2.659142
v -0.2365754 0.4716504 -2.648058
v 5.245209E-06 0.4542122 -2.660638
v 5.245209E-06 0.3758044 -2.611933
v -0.2230525 0.3701415 -2.597837
v -0.3371315 0.364064 -2.579406
v -0.4755113 0.5550249 -2.602745
v -0.5127871 0.4657307 -2.59483
v -0.3999574 0.5725124 -2.586309
v -0.3927934 0.6455731 -2.578305
v -0.6607847 0.4887824 -2.550484
v -0.6570225 0.4352286 -2.544866
v -0.4896367 0.3746641 -2.559273
v -0.6002545 0.363348 -2.522569
v -0.7077622 0.3884931 -2.507605
v -0.6977446 0.3391113 -2.474619
v -0.5579724 0.5950756 -2.447159
v -0.4299607 0.3340557 -2.397229
v -0.6074581 0.3326929 -2.367423
v -0.7087448 0.3049309 -2.341404
v -0.6188531 0.287957 -2.191836
v -0.7083843 0.2786701 -2.19747
v -0.2953429 0.2766211 -2.48162
v -0.218925 0.2928743 -2.510172
v -0.295881 0.2145259 -2.287717
v -0.4472163 0.2739551 -2.206455
v -0.218925 0.2928743 -2.510172
v -0.1831746 0.2380369 -2.414326
v -0.1704021 0.2145209 -2.292012
v 5.245209E-06 0.2388465 -2.422823
v 5.245209E-06 0.2142987 -2.285534
v 5.245209E-06 0.3067627 -2.381326
v -0.233623 0.4132483 -2.528879
v 5.245209E-06 0.4228806 -2.546283
v -0.1914396 0.3055878 -2.372785
v 5.245209E-06 0.3067627 -2.381326
v -0.233623 0.4132483 -2.528879
v -0.218925 0.2928743 -2.510172
v -0.233623 0.4132483 -2.528879
v -1.048266 0.854007 -0.651711
v -1.013148 0.9603641 -0.7050327
v -0.8952327 1.075998 -0.7545381
v -0.9032557 1.058684 -0.335103
v -1.022538 0.941983 -0.3305066
v -0.9137719 1.022089 0.5016291
v -1.024395 0.9102221 0.5109062
v -1.045457 0.8475244 -0.3146482
v -0.993078 0.826571 -0.6346135
v -1.012032 0.8287828 -0.312155
v -1.002493 0.7256546 -0.6015835
v -1.023284 0.6955526 -0.3013918
v -1.021665 0.436532 -0.4814219
v -0.8850274 1.028557 0.496218
v -0.8096561 1.163639 0.4601121
v -0.8717117 1.056358 -0.3370237
v -0.773185 1.198663 -0.3430173
v -0.68788 1.373233 0.2091937
v -0.6745052 1.370192 -0.3485174
v -0.6855054 1.285094 -0.8161494
v -0.7517083 1.180351 -0.8083091
v -0.8205674 1.070938 -0.7676069
v -0.712971 1.327114 0.3832104
v -0.7822151 1.202154 0.6073396
v -0.7182932 1.226682 0.6620536
v -0.4201899 1.107103 1.065872
v -0.393297 1.251876 0.7936151
v 5.245209E-06 1.264861 0.8340361
v -0.3450408 1.398151 0.4645259
v 5.245209E-06 1.404747 0.4898934
v -0.3322041 1.450554 0.2576129
v 5.245209E-06 1.458567 0.2818201
v 5.245209E-06 1.499497 -0.3556516
v -0.3357441 1.484483 -0.3584757
v 5.245209E-06 1.442753 -0.8447357
v -0.3017564 1.431511 -0.8391469
v -0.6078184 1.439505 -0.3550987
v -0.6804891 1.383265 -0.3490851
v -0.6117632 1.41114 0.2230327
v -0.6250887 1.370656 0.3855062
v -0.6250887 1.370656 0.3855062
v -0.7910774 1.22287 -0.797156
v 5.245209E-06 0.868784 -2.46986
v -0.2457783 0.8707442 -2.55202
v -0.2633004 0.8661773 -2.477794
v 5.245209E-06 0.8736966 -2.564299
v -0.4586656 0.8639505 -2.508123
v -0.6813235 0.5807428 -2.402961
v -0.851099 0.6010544 -2.327279
v -0.8904386 0.5936832 -2.424225
v -0.9697201 0.9419434 -2.214424
v -0.2230525 0.3701415 -2.597837
v -0.218925 0.2928743 -2.510172
v -0.233623 0.4132483 -2.528879
v -0.1831746 0.2380369 -2.414326
v -0.1914396 0.3055878 -2.372785
v -1.078719 0.4601073 -0.4852188
v -1.021665 0.436532 -0.4814219
v -1.071041 0.3324163 -0.3884544
v -1.002493 0.7256546 -0.6015835
v -1.070415 0.7359684 -0.6051087
v -0.993078 0.826571 -0.6346135
v -1.048266 0.854007 -0.651711
v -0.8952327 1.075998 -0.7545381
v -0.7910774 1.22287 -0.797156
v -0.8205674 1.070938 -0.7676069
v -0.7517083 1.180351 -0.8083091
v -0.6855054 1.285094 -0.8161494
v -0.7910774 1.22287 -0.797156
v -0.7182884 1.311029 -0.8178378
v -0.6745052 1.370192 -0.3485174
v -0.6804891 1.383265 -0.3490851
v -0.68788 1.373233 0.2091937
v -0.7182884 1.311029 -0.8178378
v -0.6855054 1.285094 -0.8161494
v -0.62499 1.375356 -0.8240242
v -0.2999642 1.399276 -0.8359969
v -0.3017564 1.431511 -0.8391469
v 5.245209E-06 1.442753 -0.8447357
v 5.245209E-06 1.413046 -0.8456343
v 5.245209E-06 1.116474 1.112998
v -0.4221106 0.9863486 1.260571
v 5.245209E-06 0.9630599 1.345046
v -0.6903439 0.9809129 1.134119
v 5.245209E-06 1.021813 1.415846
v 5.245209E-06 0.9630599 1.345046
v -0.9962034 1.091388 0.7190337
v -1.076038 1.03579 0.6913905
v -1.076665 1.092133 0.6959722
v -0.9893751 1.034886 0.7247856
v -1.106041 1.118345 0.6337438
v -0.9968352 1.130915 0.6563709
v -1.094592 1.142725 0.5599868
v -1.165125 1.094774 0.5856357
v -1.164527 1.10417 0.5356069
v -1.168635 1.035479 0.5753069
v -1.137067 1.034945 0.6397521
v -1.132124 1.093521 0.6449807
v -1.17413 1.0358 0.5294502
v -0.9952109 1.153824 0.592133
v -0.9640522 1.090544 0.7188265
v -0.9570365 1.037513 0.7187178
v -0.9640522 1.090544 0.7188265
v -0.9641857 1.12347 0.6559858
v -0.9647682 1.14347 0.6015878
v -0.9450886 1.088588 0.6060214
v -0.9444664 1.07669 0.6350026
v -0.9471867 1.067363 0.6806076
v -0.9640522 1.090544 0.7188265
v -0.9570365 1.037513 0.7187178
v -1.154544 1.018282 0.5329261
v -0.956212 1.014392 0.6837821
v -0.9569626 1.006705 0.5983341
v -0.956212 1.014392 0.6837821
v -1.040223 1.013726 0.6590321
v -0.9569626 1.006705 0.5983341
v -1.062599 1.004893 0.5626035
v -1.17413 1.0358 0.5294502
v -1.154544 1.018282 0.5329261
v -1.164527 1.10417 0.5356069
v -1.094592 1.142725 0.5599868
v -1.062599 1.004893 0.5626035
v -0.9952109 1.153824 0.592133
v -0.9450886 1.088588 0.6060214
v -0.9569626 1.006705 0.5983341
v -0.9647682 1.14347 0.6015878
v -1.03065 1.029702 0.6348348
v -0.9727962 0.9159145 0.6531124
v -0.9572439 0.9355152 0.6268711
v -1.015054 1.039587 0.6826122
v -0.9518573 0.9330566 0.7116971
v -0.9221256 0.9581227 0.7240796
v -0.9861364 1.060782 0.6905956
v -1.03065 1.029702 0.6348348
v -0.9915526 1.050888 0.6387253
v -1.03065 1.029702 0.6348348
v -0.9326615 0.9553332 0.6431391
v -0.9915526 1.050888 0.6387253
v -0.9221256 0.9581227 0.7240796
v -0.9861364 1.060782 0.6905956
v -0.9326615 0.9553332 0.6431391
v -0.5059195 0.2782307 2.418522
v -0.2925584 0.2633846 2.434045
v -0.4888566 0.2616119 2.363951
v -0.3168247 0.2789466 2.494496
v -0.691978 0.2736192 2.28584
v -0.6871986 0.2528977 2.22211
v 5.245209E-06 0.2617106 2.450954
v 5.245209E-06 0.2768433 2.516333
v -0.7941236 0.2136915 2.173785
v -0.7640166 0.2136965 2.124566
v -0.2925584 0.2134545 2.434045
v -0.4857264 0.2134693 2.363951
v -0.6840687 0.2136028 2.22211
v 5.245209E-06 0.2135434 2.450954
v -0.9023273 0.2127633 2.041547
v -0.9703126 0.2132175 1.925128
v -1.017512 0.2171919 1.766224
v 1.017528 0.2171919 1.766224
v 0.6890658 0.3217866 1.776829
v 0.6826574 0.2111144 1.766184
v 1.03744 0.3217866 1.776829
v 0.6890707 0.525234 1.758883
v 1.062891 0.525234 1.758883
v 0.6890707 0.7094705 1.665466
v 1.074814 0.7094705 1.665466
v 0.6890707 0.8170817 1.491459
v 1.082462 0.8170817 1.491459
v 0.6890707 0.8418369 1.314307
v 1.084491 0.8418369 1.314307
v 0.6890707 0.7589955 1.116192
v 1.081455 0.7589955 1.116192
v 0.6890707 0.6415741 0.9937446
v 1.076058 0.6578519 0.9937446
v 0.6890707 0.4900365 0.9313433
v 1.068781 0.5025721 0.9313433
v 0.6890658 0.3048275 0.9181364
v 1.047645 0.3048275 0.9181364
v 0.6826574 0.2039061 0.9201508
v 1.013474 0.2033432 0.9204025
v 1.014916 0.2050366 -1.310215
v 0.6766192 0.4414594 -1.310808
v 0.6762488 0.2050366 -1.310215
v 1.064066 0.354387 -1.29572
v 1.085997 0.528532 -1.325906
v 0.676713 0.6835649 -1.419322
v 1.091082 0.6175842 -1.361616
v 1.089152 0.7495506 -1.477028
v 0.6767672 0.8237371 -1.708786
v 1.099174 0.8163805 -1.611295
v 1.098824 0.8310983 -1.806261
v 0.6767573 0.7794011 -2.001235
v 0.6767573 0.7794011 -2.001235
v 1.097911 0.7978957 -1.936855
v 1.096849 0.7609062 -2.065607
v 0.6766487 0.5814686 -2.190118
v 1.079495 0.5814686 -2.190118
v 0.7083999 0.2786701 -2.19747
v 1.027876 0.330807 -2.226515
v 0.9142565 0.2311494 -2.214913
v 0.7625511 0.2076929 -2.192582
v 0.6762488 0.2050366 -1.310215
v 0.6766192 0.4414594 -1.310808
v 0.6765697 0.2204309 -1.865127
v 0.676713 0.6835649 -1.419322
v 0.6767672 0.8237371 -1.708786
v 0.6767573 0.7794011 -2.001235
v 0.6766487 0.5814686 -2.190118
v 0.7083999 0.2786701 -2.19747
v 0.6826574 0.2111144 1.766184
v 0.6890658 0.3217866 1.776829
v 0.6826574 0.2083445 1.337867
v 0.6890707 0.525234 1.758883
v 0.6890707 0.7094705 1.665466
v 0.6890707 0.8170817 1.491459
v 0.6890707 0.8418369 1.314307
v 0.6890707 0.7589955 1.116192
v 0.6890707 0.6415741 0.9937446
v 0.6890707 0.4900365 0.9313433
v 0.6890658 0.3048275 0.9181364
v 0.6826574 0.2039061 0.9201508
v 0.4197612 0.5698612 2.447351
v 0.3413782 0.7130153 2.435995
v 0.4219286 0.6783957 2.424205
v 5.245209E-06 0.7223516 2.4592
v 0.3673725 0.40013 2.479265
v 0.3167713 0.3308117 2.490862
v 5.245209E-06 0.3262401 2.502361
v 0.5675762 0.7167726 2.311642
v 0.633384 0.3451297 2.31573
v 0.5077472 0.5352218 2.358047
v 0.7913696 0.3574777 2.192833
v 0.4897361 0.3639009 2.345229
v 0.8998349 0.3827167 2.081711
v 0.9242939 0.4308295 2.049289
v 0.9540009 0.5672741 1.993217
v 0.8129698 0.7603879 2.078576
v 0.9689705 0.785918 1.888287
v 0.9697359 0.9419434 -2.214424
v 0.8100914 0.9817374 -2.305728
v 0.5953183 0.8606672 -2.445302
v 0.8511097 0.6010544 -2.327279
v 0.5740242 0.7253633 -2.459763
v 0.4459186 0.7644362 -2.542541
v 0.4586713 0.8639505 -2.508123
v 0.3928092 0.6455731 -2.578305
v 0.5579782 0.5950756 -2.447159
v 0.4884279 0.9850008 -2.439516
v 0.6351171 0.9929054 -2.380106
v 0.6813391 0.5807428 -2.402961
v 0.9056609 0.4420519 -2.424833
v 0.7077779 0.3884931 -2.507605
v 0.8662866 0.3930354 -2.434826
v 0.7266675 0.5293713 -2.528203
v 0.8831275 0.5136857 -2.443876
v 0.6570382 0.4352286 -2.544866
v 0.6608003 0.4887824 -2.550484
v -1.017512 0.2171919 1.766224
v -0.6890502 0.3217866 1.776829
v -1.037424 0.3217866 1.776829
v -0.6829576 0.2111144 1.766184
v -0.6890552 0.525234 1.758883
v -1.06289 0.525234 1.758883
v -0.6890552 0.7094705 1.665466
v -1.074804 0.7094705 1.665466
v -0.6890552 0.8170817 1.491459
v -1.082451 0.8170817 1.491459
v -0.6890552 0.8418369 1.314307
v -1.084481 0.8418369 1.314307
v -0.6890552 0.7589955 1.116192
v -1.081444 0.7589955 1.116192
v -0.6890552 0.6415741 0.9937446
v -1.076048 0.6578519 0.9937446
v -0.6890552 0.4900365 0.9313433
v -1.068775 0.5025721 0.9313433
v -0.6890552 0.3048275 0.9181364
v -1.047639 0.3048275 0.9181364
v -0.6817827 0.2040937 0.9200618
v -1.013459 0.2033432 0.9204025
v -1.0149 0.2050366 -1.310215
v -0.6766036 0.4414594 -1.310808
v -1.064055 0.354387 -1.29572
v -0.6765492 0.2050366 -1.310215
v -1.085991 0.528532 -1.325906
v -0.6766973 0.6835649 -1.419322
v -1.091077 0.6175842 -1.361616
v -1.089146 0.7495506 -1.477028
v -0.6767516 0.8237371 -1.708786
v -1.099164 0.8163805 -1.611295
v -1.098818 0.8310983 -1.806261
v -0.6767418 0.7794011 -2.001235
v -0.6767418 0.7794011 -2.001235
v -1.097905 0.7978957 -1.936855
v -1.096843 0.7609062 -2.065607
v -0.6766331 0.5814686 -2.190118
v -1.079489 0.5814686 -2.190118
v -0.7083843 0.2786701 -2.19747
v -1.027866 0.330807 -2.226515
v -0.9142458 0.2311494 -2.214913
v -0.7625504 0.2076929 -2.192582
v -0.6765492 0.2050366 -1.310215
v -0.6768651 0.2204309 -1.865127
v -0.6766036 0.4414594 -1.310808
v -0.6766973 0.6835649 -1.419322
v -0.6767516 0.8237371 -1.708786
v -0.6767418 0.7794011 -2.001235
v -0.6766331 0.5814686 -2.190118
v -0.7083843 0.2786701 -2.19747
v -0.6829576 0.2111144 1.766184
v -0.6829627 0.2083445 1.337867
v -0.6890502 0.3217866 1.776829
v -0.6890552 0.525234 1.758883
v -0.6890552 0.7094705 1.665466
v -0.6890552 0.8170817 1.491459
v -0.6890552 0.8418369 1.314307
v -0.6890552 0.7589955 1.116192
v -0.6890552 0.6415741 0.9937446
v -0.6890552 0.4900365 0.9313433
v -0.6890552 0.3048275 0.9181364
v -0.6817827 0.2040937 0.9200618
v -0.4197505 0.5698612 2.447351
v -0.3413627 0.7130153 2.435995
v 5.245209E-06 0.7223516 2.4592
v -0.4219229 0.6783957 2.424205
v -0.367357 0.40013 2.479265
v -0.3167605 0.3308117 2.490862
v 5.245209E-06 0.3262401 2.502361
v -0.5675704 0.7167726 2.311642
v -0.5077364 0.5352218 2.358047
v -0.6333735 0.3451297 2.31573
v -0.7913637 0.3574777 2.192833
v -0.4897304 0.3639009 2.345229
v -0.8998241 0.3827167 2.081711
v -0.924283 0.4308295 2.049289
v -0.9539902 0.5672741 1.993217
v -0.812964 0.7603879 2.078576
v -0.9689598 0.785918 1.888287
v -0.9697201 0.9419434 -2.214424
v -0.5953076 0.8606672 -2.445302
v -0.8100808 0.9817374 -2.305728
v -0.851099 0.6010544 -2.327279
v -0.5740182 0.7253633 -2.459763
v -0.4459128 0.7644362 -2.542541
v -0.4586656 0.8639505 -2.508123
v -0.3927934 0.6455731 -2.578305
v -0.5579724 0.5950756 -2.447159
v -0.4884222 0.9850008 -2.439516
v -0.6351113 0.9929054 -2.380106
v -0.6813235 0.5807428 -2.402961
v -0.9056501 0.4420519 -2.424833
v -0.7266617 0.5293713 -2.528203
v -0.8831217 0.5136857 -2.443876
v -0.7077622 0.3884931 -2.507605
v -0.866276 0.3930354 -2.434826
v -0.6607847 0.4887824 -2.550484
v -0.6570225 0.4352286 -2.544866
v 0.6762488 0.2050366 -1.310215
v -0.6768651 0.2204309 -1.865127
v -0.6765492 0.2050366 -1.310215
v 0.6765697 0.2204309 -1.865127
v -0.6817827 0.2040937 0.9200618
v 0.6826574 0.2039061 0.9201508
v -0.6829627 0.2083445 1.337867
v 0.6826574 0.2083445 1.337867
v -0.6829576 0.2111144 1.766184
v 0.6826574 0.2111144 1.766184
v -0.9033148 0.2171919 1.989445
v 0.9033256 0.2171919 1.989445
v 1.017528 0.2171919 1.766224
v 0.7083999 0.2786701 -2.19747
v -0.7083843 0.2786701 -2.19747
v -0.5235848 0.2171919 2.335404
v 0.5235956 0.2171919 2.335404
v 5.245209E-06 0.2171919 2.436701
v -1.030132 0.2040739 -0.3860352
v -1.038446 0.2061722 0.4487863
v -1.005589 0.2023706 -0.840149
v -1.0149 0.2050366 -1.310215
v -1.013459 0.2033432 0.9204025
v 1.038462 0.2061722 0.4487863
v 1.013474 0.2033432 0.9204025
v 1.030147 0.2040739 -0.3860352
v 1.005605 0.2023706 -0.840149
v 1.014916 0.2050366 -1.310215
v -0.6829576 0.2111144 1.766184
v -1.017512 0.2171919 1.766224
v -0.9033148 0.2171919 1.989445
vt 0.2987132 0.1725866
vt 0.213665 0.1966881
vt 0.264059 0.1344148
vt 0.2494669 0.2447122
vt 0.1737641 0.2392122
vt 0.2363505 0.2898149
vt 0.216959 0.3077904
vt 0.2420293 0.3204746
vt 0.2488856 0.3472143
vt 0.1839592 0.2935561
vt 0.1580542 0.2625089
vt 0.1450719 0.2852689
vt 0.1164542 0.2633435
vt 0.1215368 0.2418057
vt 0.165775 0.3082674
vt 0.2063317 0.3288364
vt 0.1771774 0.3404474
vt 0.1988941 0.347259
vt 0.1872234 0.3799309
vt 0.1717669 0.3667548
vt 0.2234874 0.3589446
vt 0.08179994 0.2526417
vt 0.08603297 0.2284061
vt 0.1210599 0.2205511
vt 0.08390155 0.2092382
vt 0.04529745 0.2233234
vt 0.0619613 0.2005634
vt 0.04332998 0.1970757
vt 0.05455349 0.1947654
vt 0.04431372 0.1700826
vt 0.05218359 0.1693671
vt 0.04778659 0.1410922
vt 0.05373371 0.136263
vt 0.05169172 0.1052009
vt 0.0557459 0.104083
vt 0.06015779 0.08902889
vt 0.04653457 0.2503761
vt 0.05206434 0.07556962
vt 0.05562665 0.07516719
vt 0.04447767 0.0230442
vt 0.04799527 0.02280572
vt 0.0675507 0.0831712
vt 0.09776326 0.08889474
vt 0.09139879 0.09569145
vt 0.06556833 0.1143526
vt 0.09278496 0.1105667
vt 0.1213132 0.1233105
vt 0.1179298 0.0925912
vt 0.130614 0.08150183
vt 0.1387372 0.09177142
vt 0.1787573 0.04738416
vt 0.1707384 0.0398571
vt 0.1739728 0.1439838
vt 0.1398998 0.1839294
vt 0.1926339 0.1681747
vt 0.2406282 0.109106
vt 0.2187178 0.08648013
vt 0.1569512 0.2110417
vt 0.1182726 0.1795771
vt 0.1407494 0.2329223
vt 0.1787573 0.04738416
vt 0.1558184 0.3884417
vt 0.1421505 0.4114253
vt 0.130614 0.4064768
vt 0.1358904 0.415241
vt 0.1151425 0.4151068
vt 0.1712601 0.4734452
vt 0.1547304 0.483223
vt 0.2232936 0.6050718
vt 0.2425659 0.594057
vt 0.2633137 0.6701919
vt 0.2918867 0.6697598
vt 0.3257212 0.7210779
vt 0.3045113 0.7365046
vt 0.3264367 0.6711608
vt 0.2691714 0.6006449
vt 0.3537576 0.7104058
vt 0.3669486 0.665944
vt 0.3190139 0.5938483
vt 0.370019 0.707395
vt 0.4120513 0.6592815
vt 0.3985175 0.7120603
vt 0.4379265 0.693414
vt 0.4186692 0.7262797
vt 0.4614318 0.727636
vt 0.4382395 0.7533026
vt 0.4844154 0.7600546
vt 0.4482259 0.7760775
vt 0.4600903 0.7988822
vt 0.482582 0.7908931
vt 0.4649792 0.8385297
vt 0.4809127 0.8353102
vt 0.4671255 0.8845118
vt 0.4830292 0.8796676
vt 0.478036 0.9100143
vt 0.4899302 0.9001323
vt 0.4947595 0.7006281
vt 0.4440674 0.6470295
vt 0.5134802 0.8645241
vt 0.5072052 0.871768
vt 0.5116767 0.8786094
vt 0.478349 0.6115853
vt 0.451818 0.5486561
vt 0.5055805 0.7911018
vt 0.5126604 0.8525553
vt 0.5542604 0.8619306
vt 0.5426047 0.8654184
vt 0.4967418 0.9308218
vt 0.5100371 0.9138747
vt 0.5233921 0.902219
vt 0.5333039 0.5917466
vt 0.5013475 0.5266861
vt 0.5461819 0.5049694
vt 0.5785706 0.5732048
vt 0.5181156 0.6972297
vt 0.5850394 0.6989737
vt 0.630321 0.6846499
vt 0.5965312 0.727174
vt 0.6417382 0.7089004
vt 0.5406521 0.7437186
vt 0.5184287 0.7499042
vt 0.532186 0.7902671
vt 0.5618918 0.788717
vt 0.6170554 0.7710396
vt 0.6625308 0.7585045
vt 0.6326312 0.8012372
vt 0.6722339 0.7937549
vt 0.587141 0.7886872
vt 0.5981111 0.8093903
vt 0.6302166 0.8124757
vt 0.598126 0.8270379
vt 0.6269077 0.8493358
vt 0.6732773 0.8127589
vt 0.6690443 0.8530771
vt 0.6667638 0.8659252
vt 0.6243739 0.8584726
vt 0.6645728 0.8756582
vt 0.6226746 0.8694875
vt 0.6223468 0.8764333
vt 0.6635592 0.8816053
vt 0.6221679 0.8906527
vt 0.6609061 0.8982096
vt 0.6595051 0.913055
vt 0.6201557 0.9099398
vt 0.5995867 0.9064372
vt 0.5858443 0.8671623
vt 0.5766925 0.8813221
vt 0.5984688 0.8620201
vt 0.6030745 0.8495147
vt 0.5523675 0.8729455
vt 0.5508472 0.8808153
vt 0.5748741 0.8978071
vt 0.5551845 0.8954372
vt 0.5393255 0.8861961
vt 0.5364191 0.8957353
vt 0.5674961 0.8439999
vt 0.5705964 0.9267378
vt 0.5420085 0.9181078
vt 0.5242416 0.9151566
vt 0.5264774 0.9438339
vt 0.512407 0.9363963
vt 0.5977236 0.9294506
vt 0.6091111 0.9292568
vt 0.5828931 0.959842
vt 0.5529041 0.9552065
vt 0.6091111 0.9292568
vt 0.6104972 0.9514355
vt 0.6005853 0.9700072
vt 0.6368791 0.9707972
vt 0.6218548 0.9881914
vt 0.6462246 0.9599612
vt 0.6237478 0.9189126
vt 0.6594305 0.9273042
vt 0.6196638 0.947113
vt 0.6462246 0.9599612
vt 0.6237478 0.9189126
vt 0.6091111 0.9292568
vt 0.6237478 0.9189126
vt 0.3402686 0.5856654
vt 0.3608375 0.5834743
vt 0.3889485 0.576782
vt 0.419951 0.5694636
vt 0.4366148 0.558091
vt 0.4042411 0.4852352
vt 0.4169998 0.4787664
vt 0.4557082 0.4551716
vt 0.4995738 0.522304
vt 0.3558592 0.4071625
vt 0.5437673 0.4986944
vt 0.5025548 0.4256149
vt 0.3658456 0.3986815
vt 0.4007682 0.3685136
vt 0.4433519 0.334083
vt 0.3478254 0.3786342
vt 0.4194591 0.3032891
vt 0.3772182 0.3415355
vt 0.3772331 0.2553246
vt 0.3313702 0.3020371
vt 0.2929003 0.268143
vt 0.3407902 0.2165565
vt 0.2665481 0.2406133
vt 0.3092958 0.1830202
vt 0.3018731 0.351656
vt 0.3474677 0.3789472
vt 0.2972675 0.3650407
vt 0.245845 0.2855819
vt 0.3348133 0.3872791
vt 0.2987132 0.1725866
vt 0.3092958 0.1830202
vt 0.6732773 0.8127589
vt 0.6326312 0.8012372
vt 0.6722339 0.7937549
vt 0.6302166 0.8124757
vt 0.5981111 0.8093903
vt 0.5456304 0.8406909
vt 0.5150452 0.8353102
vt 0.5126604 0.8525553
vt 0.5055805 0.7911018
vt 0.6201557 0.9099398
vt 0.6237478 0.9189126
vt 0.6091111 0.9292568
vt 0.6196638 0.947113
vt 0.6104972 0.9514355
vt 0.2691714 0.6006449
vt 0.2425659 0.594057
vt 0.2658923 0.5936694
vt 0.3163906 0.5849649
vt 0.3190139 0.5938483
vt 0.3328011 0.581969
vt 0.3402686 0.5856654
vt 0.3889485 0.576782
vt 0.3957899 0.5693145
vt 0.419951 0.5694636
vt 0.4156881 0.5638146
vt 0.432665 0.5563322
vt 0.419951 0.5694636
vt 0.4366148 0.558091
vt 0.4027357 0.4851755
vt 0.4042411 0.4852352
vt 0.4366148 0.558091
vt 0.3558592 0.4071625
vt 0.451818 0.5486561
vt 0.4995738 0.522304
vt 0.5013475 0.5266861
vt 0.5437673 0.4986944
vt 0.5461819 0.5049694
vt 0.04622156 0.1087036
vt 0.03589236 0.07451136
vt 0.0469072 0.07546528
vt 0.03635442 0.1096724
vt 0.03997634 0.1459662
vt 0.02948318 0.1499011
vt 0.02811192 0.02624878
vt 0.0389628 0.02374474
vt 0.0280672 0.1704999
vt 0.01875154 0.1687262
vt 0.02764986 0.07524171
vt 0.02841002 0.1087483
vt 0.02311872 0.1484106
vt 0.02027186 0.0274859
vt 0.02618917 0.1998927
vt 0.02666613 0.223547
vt 0.02845473 0.2515686
vt 0.2987132 0.1725866
vt 0.213665 0.1966881
vt 0.2494669 0.2447122
vt 0.264059 0.1344148
vt 0.1737641 0.2392122
vt 0.2363505 0.2898149
vt 0.216959 0.3077904
vt 0.2420293 0.3204746
vt 0.2488856 0.3472143
vt 0.1839592 0.2935561
vt 0.1580542 0.2625089
vt 0.1450719 0.2852689
vt 0.1164542 0.2633435
vt 0.1215368 0.2418057
vt 0.165775 0.3082674
vt 0.2063317 0.3288364
vt 0.1771774 0.3404474
vt 0.198909 0.347259
vt 0.1872234 0.3799309
vt 0.1717669 0.3667548
vt 0.2234874 0.3589446
vt 0.08179994 0.2526417
vt 0.08603297 0.2284061
vt 0.1210599 0.2205511
vt 0.08390155 0.2092382
vt 0.04529745 0.2233234
vt 0.0619613 0.2005634
vt 0.04332998 0.1970757
vt 0.05455349 0.1947654
vt 0.04431372 0.1700826
vt 0.05218359 0.1693671
vt 0.04778659 0.1410922
vt 0.05373371 0.136263
vt 0.05169172 0.1052009
vt 0.0557459 0.104083
vt 0.06015779 0.08902889
vt 0.04653457 0.2503761
vt 0.05206434 0.07556962
vt 0.05562665 0.07516719
vt 0.04447767 0.0230442
vt 0.04799527 0.02280572
vt 0.0675507 0.0831712
vt 0.09776326 0.08889474
vt 0.09139879 0.09569145
vt 0.06556833 0.1143526
vt 0.09278496 0.1105667
vt 0.1213132 0.1233105
vt 0.1179298 0.0925912
vt 0.130614 0.08150183
vt 0.1387372 0.09177142
vt 0.1787573 0.04738416
vt 0.1707384 0.0398571
vt 0.1739728 0.1439838
vt 0.1398998 0.1839294
vt 0.1926339 0.1681747
vt 0.2406282 0.109106
vt 0.2187178 0.08648013
vt 0.1569512 0.2110417
vt 0.1182726 0.1795771
vt 0.1407494 0.2329223
vt 0.1787573 0.04738416
vt 0.1558184 0.3884417
vt 0.1421505 0.4114253
vt 0.130614 0.4064768
vt 0.1804565 0.4664846
vt 0.2197015 0.4321284
vt 0.2404196 0.4169402
vt 0.1712601 0.4734452
vt 0.1358904 0.415241
vt 0.1151425 0.4151068
vt 0.1547304 0.483223
vt 0.2232936 0.6050718
vt 0.2425659 0.594057
vt 0.2633137 0.6701919
vt 0.2918867 0.6697598
vt 0.3257212 0.7210779
vt 0.3045113 0.7365046
vt 0.3264367 0.6711608
vt 0.2691714 0.6006449
vt 0.3537576 0.7104058
vt 0.3669486 0.665944
vt 0.3190139 0.5938483
vt 0.370019 0.707395
vt 0.4120513 0.6592815
vt 0.3985175 0.7120603
vt 0.4379265 0.693414
vt 0.4186692 0.7262797
vt 0.4614318 0.727636
vt 0.4382395 0.7533026
vt 0.4844154 0.7600546
vt 0.4482259 0.7760775
vt 0.4600903 0.7988822
vt 0.482582 0.7908931
vt 0.4649792 0.8385297
vt 0.4809127 0.8353102
vt 0.4671255 0.8845118
vt 0.4830292 0.8796676
vt 0.478036 0.9100143
vt 0.4899302 0.9001323
vt 0.4947595 0.7006281
vt 0.4440674 0.6470295
vt 0.5134802 0.8645241
vt 0.5072052 0.871768
vt 0.5116767 0.8786094
vt 0.478349 0.6115853
vt 0.451818 0.5486561
vt 0.4366148 0.558091
vt 0.5055805 0.7911018
vt 0.5126604 0.8525553
vt 0.5542604 0.8619306
vt 0.5426047 0.8654184
vt 0.4967418 0.9308218
vt 0.5100371 0.9138747
vt 0.5233921 0.902219
vt 0.5333039 0.5917466
vt 0.5013475 0.5266861
vt 0.5461819 0.5049694
vt 0.5785706 0.5732048
vt 0.5181156 0.6972297
vt 0.5850394 0.6989737
vt 0.630321 0.6846499
vt 0.5965312 0.727174
vt 0.6417382 0.7089004
vt 0.5406521 0.7437186
vt 0.5184287 0.7499042
vt 0.532186 0.7902671
vt 0.5618918 0.788717
vt 0.6170554 0.7710396
vt 0.6625308 0.7585045
vt 0.6326312 0.8012372
vt 0.6722339 0.7937549
vt 0.587141 0.7886872
vt 0.5981111 0.8093903
vt 0.6302166 0.8124757
vt 0.598126 0.8270379
vt 0.6269077 0.8493358
vt 0.6732773 0.8127589
vt 0.6690443 0.8530771
vt 0.6667638 0.8659252
vt 0.6243739 0.8584726
vt 0.6645728 0.8756582
vt 0.6226746 0.8694875
vt 0.6223468 0.8764333
vt 0.6635592 0.8816053
vt 0.6221679 0.8906527
vt 0.6609061 0.8982096
vt 0.6595051 0.913055
vt 0.6201557 0.9099398
vt 0.5995867 0.9064372
vt 0.5858443 0.8671623
vt 0.5766925 0.8813221
vt 0.5984688 0.8620201
vt 0.6030745 0.8495147
vt 0.5523675 0.8729455
vt 0.5508472 0.8808153
vt 0.5748741 0.8978071
vt 0.5551845 0.8954372
vt 0.5393255 0.8861961
vt 0.5364191 0.8957353
vt 0.5674961 0.8439999
vt 0.5705964 0.9267378
vt 0.5420085 0.9181078
vt 0.5242416 0.9151566
vt 0.5264774 0.9438339
vt 0.512407 0.9363963
vt 0.5977236 0.9294506
vt 0.6091111 0.9292568
vt 0.5828931 0.959842
vt 0.5529041 0.9552065
vt 0.6091111 0.9292568
vt 0.6104972 0.9514355
vt 0.6005853 0.9700072
vt 0.6368791 0.9707972
vt 0.6218548 0.9881914
vt 0.6462246 0.9599612
vt 0.6237478 0.9189126
vt 0.6594305 0.9273042
vt 0.6196638 0.947113
vt 0.6462246 0.9599612
vt 0.6237478 0.9189126
vt 0.6091111 0.9292568
vt 0.6237478 0.9189126
vt 0.3402686 0.5856654
vt 0.3608375 0.5834743
vt 0.3889485 0.576782
vt 0.3469758 0.518056
vt 0.324663 0.5313514
vt 0.273941 0.3991435
vt 0.251181 0.4113657
vt 0.310205 0.5362253
vt 0.3328011 0.581969
vt 0.3053162 0.5379096
vt 0.3163906 0.5849649
vt 0.2862377 0.5466589
vt 0.2658923 0.5936694
vt 0.2777269 0.3970866
vt 0.301575 0.3900515
vt 0.3500015 0.5149409
vt 0.3745502 0.5006469
vt 0.3558592 0.4071625
vt 0.4027357 0.4851755
vt 0.432665 0.5563322
vt 0.4156881 0.5638146
vt 0.3957899 0.5693145
vt 0.3348133 0.3872791
vt 0.2972675 0.3650407
vt 0.3018731 0.351656
vt 0.292945 0.2681579
vt 0.3313702 0.3020371
vt 0.3772331 0.2553246
vt 0.3772182 0.3415355
vt 0.4194591 0.3032891
vt 0.4007831 0.3685285
vt 0.4433519 0.334083
vt 0.5025548 0.4256149
vt 0.4557082 0.4551716
vt 0.5437673 0.4986944
vt 0.4995738 0.522304
vt 0.4169998 0.4787664
vt 0.4042411 0.4852352
vt 0.3658456 0.3986815
vt 0.3478254 0.3786342
vt 0.3474677 0.3789472
vt 0.419951 0.5694636
vt 0.6732773 0.8127589
vt 0.6326312 0.8012372
vt 0.6302166 0.8124757
vt 0.6722339 0.7937549
vt 0.5981111 0.8093903
vt 0.5456304 0.8406909
vt 0.5150452 0.8353102
vt 0.5126604 0.8525553
vt 0.5055805 0.7911018
vt 0.6201557 0.9099398
vt 0.6091111 0.9292568
vt 0.6237478 0.9189126
vt 0.6104972 0.9514355
vt 0.6196638 0.947113
vt 0.2691714 0.6006449
vt 0.2658923 0.5936694
vt 0.2425659 0.594057
vt 0.3163906 0.5849649
vt 0.3190139 0.5938483
vt 0.3328011 0.581969
vt 0.3402686 0.5856654
vt 0.3889485 0.576782
vt 0.419951 0.5694636
vt 0.3957899 0.5693145
vt 0.4156881 0.5638146
vt 0.432665 0.5563322
vt 0.419951 0.5694636
vt 0.4366148 0.558091
vt 0.4027357 0.4851755
vt 0.4042411 0.4852352
vt 0.3558592 0.4071625
vt 0.4366148 0.558091
vt 0.432665 0.5563322
vt 0.451818 0.5486561
vt 0.5013475 0.5266861
vt 0.4995738 0.522304
vt 0.5437673 0.4986944
vt 0.5461819 0.5049694
vt 0.3407902 0.2165565
vt 0.2665481 0.2406133
vt 0.3092958 0.1830202
vt 0.245845 0.2855819
vt 0.2987132 0.1725866
vt 0.3092958 0.1830202
vt 0.3143785 0.934086
vt 0.3019626 0.9296443
vt 0.3071942 0.9258137
vt 0.3091021 0.9396903
vt 0.3058379 0.9163192
vt 0.3185817 0.9246511
vt 0.3087443 0.906616
vt 0.2961794 0.9111471
vt 0.2946442 0.9048274
vt 0.2886672 0.9155442
vt 0.295449 0.9215211
vt 0.3016197 0.9178842
vt 0.2845385 0.9112366
vt 0.3223974 0.9158571
vt 0.3176427 0.9367839
vt 0.3108609 0.9433271
vt 0.3176427 0.9367839
vt 0.3220248 0.9273638
vt 0.326064 0.9201051
vt 0.3308784 0.9270508
vt 0.3287171 0.9308516
vt 0.324499 0.9357852
vt 0.3176427 0.9367839
vt 0.322621 0.9423285
vt 0.2823624 0.9166173
vt 0.3285085 0.9420304
vt 0.3386737 0.9357107
vt 0.3037512 0.9453542
vt 0.2983853 0.9346077
vt 0.2909477 0.9463678
vt 0.2853285 0.9310156
vt 0.8812476 0.9569504
vt 0.8822463 0.953403
vt 0.8876567 0.9641197
vt 0.8991933 0.9631211
vt 0.8925605 0.9446388
vt 0.9122501 0.9566225
vt 0.9134574 0.9451008
vt 0.9057515 0.9365305
vt 0.9152162 0.9530303
vt 0.7094817 0.9369478
vt 0.702685 0.9534924
vt 0.6991227 0.9499301
vt 0.7157567 0.9402865
vt 0.7108232 0.9572335
vt 0.7163678 0.9583663
vt 0.7207052 0.9414938
vt 0.7094817 0.9369478
vt 0.7040861 0.9339072
vt 0.7094817 0.9369478
vt 0.6953368 0.9467852
vt 0.7280385 0.9421645
vt 0.7163678 0.9583663
vt 0.7207052 0.9414938
vt 0.7276808 0.9577404
vt 0.04622156 0.1087036
vt 0.03589236 0.07451136
vt 0.03635442 0.1096724
vt 0.0469072 0.07546528
vt 0.03997634 0.1459662
vt 0.02948318 0.1499011
vt 0.02811192 0.02624878
vt 0.0389628 0.02374474
vt 0.0280672 0.1704999
vt 0.01875154 0.1687262
vt 0.02764986 0.07524171
vt 0.02841002 0.1087483
vt 0.02311872 0.1484106
vt 0.02027186 0.0274859
vt 0.02618917 0.1998927
vt 0.02666613 0.223547
vt 0.02845473 0.2515686
vt 0.9405548 0.8614388
vt 0.8947814 0.811641
vt 0.9123545 0.7967806
vt 0.9193449 0.8773574
vt 0.8618114 0.8301232
vt 0.8763736 0.8998193
vt 0.8288265 0.8383657
vt 0.8244146 0.9087623
vt 0.797675 0.8308238
vt 0.7691914 0.8965998
vt 0.7760477 0.8139811
vt 0.7259518 0.8639279
vt 0.7603676 0.7814135
vt 0.6946065 0.8104635
vt 0.7579678 0.7532877
vt 0.6867366 0.7587578
vt 0.76548 0.7261456
vt 0.6950685 0.7114342
vt 0.7816669 0.6950238
vt 0.7157716 0.6687462
vt 0.7920855 0.6785388
vt 0.7327038 0.6504279
vt 0.2442054 0.8296612
vt 0.1950337 0.7680288
vt 0.2428044 0.756537
vt 0.2078073 0.8442681
vt 0.164672 0.8478006
vt 0.1506613 0.7616941
vt 0.1345638 0.8415554
vt 0.09294892 0.8200325
vt 0.1132347 0.7259369
vt 0.05968083 0.7898498
vt 0.03283682 0.7447172
vt 0.102205 0.6809832
vt 0.102205 0.6809832
vt 0.02396831 0.7034302
vt 0.02563768 0.6642747
vt 0.115381 0.6403819
vt 0.04625137 0.6129864
vt 0.1484255 0.5967547
vt 0.08662917 0.5692698
vt 0.1195395 0.564694
vt 0.1391844 0.5706709
vt 0.2428044 0.756537
vt 0.1950337 0.7680288
vt 0.202203 0.646791
vt 0.1506613 0.7616941
vt 0.1132347 0.7259369
vt 0.102205 0.6809832
vt 0.115381 0.6403819
vt 0.1484255 0.5967547
vt 0.9123545 0.7967806
vt 0.8947814 0.811641
vt 0.8578914 0.7244613
vt 0.8618114 0.8301232
vt 0.8288265 0.8383657
vt 0.797675 0.8308238
vt 0.7760477 0.8139811
vt 0.7603676 0.7814135
vt 0.7579678 0.7532877
vt 0.76548 0.7261456
vt 0.7816669 0.6950238
vt 0.7920855 0.6785388
vt 0.3774567 0.8511245
vt 0.4029145 0.8300934
vt 0.3994565 0.847577
vt 0.3906924 0.76235
vt 0.3414908 0.8474131
vt 0.3257212 0.840214
vt 0.3121129 0.7780002
vt 0.05030555 0.9543122
vt 0.1255314 0.9444152
vt 0.08659936 0.9699625
vt 0.1231615 0.904261
vt 0.1210897 0.9737931
vt 0.1176615 0.8732883
vt 0.1081968 0.8656867
vt 0.08127826 0.8540012
vt 0.03949938 0.8858681
vt 0.0369059 0.8355636
vt 0.6056679 0.4073562
vt 0.5688823 0.3986815
vt 0.5328419 0.3545476
vt 0.6063089 0.3315491
vt 0.5397727 0.32748
vt 0.5086808 0.3212646
vt 0.5050141 0.3423254
vt 0.5073095 0.2940629
vt 0.5498337 0.3028121
vt 0.5044478 0.3713456
vt 0.5330654 0.3852818
vt 0.5744717 0.3119788
vt 0.3701085 0.9528217
vt 0.3829119 0.9102379
vt 0.3804079 0.945235
vt 0.3540408 0.9107149
vt 0.3558891 0.9465168
vt 0.3737602 0.8973898
vt 0.3629093 0.897196
vt 0.9405548 0.8614388
vt 0.8947814 0.811641
vt 0.9193449 0.8773574
vt 0.9123545 0.7967806
vt 0.8618114 0.8301232
vt 0.8763736 0.8998193
vt 0.8288265 0.8383657
vt 0.8244146 0.9087623
vt 0.797675 0.8308238
vt 0.7691914 0.8965998
vt 0.7760477 0.8139811
vt 0.7259518 0.8639279
vt 0.7603676 0.7814135
vt 0.6946065 0.8104635
vt 0.7579678 0.7532877
vt 0.6867366 0.7587578
vt 0.76548 0.7261456
vt 0.6950685 0.7114342
vt 0.7816669 0.6950238
vt 0.7157716 0.6687462
vt 0.7920855 0.6785388
vt 0.7327038 0.6504279
vt 0.2442054 0.8296612
vt 0.1950337 0.7680288
vt 0.2078073 0.8442681
vt 0.2428044 0.756537
vt 0.164672 0.8478006
vt 0.1506613 0.7616941
vt 0.1345638 0.8415554
vt 0.09294892 0.8200325
vt 0.1132347 0.7259369
vt 0.05968083 0.7898498
vt 0.03283682 0.7447172
vt 0.102205 0.6809832
vt 0.102205 0.6809832
vt 0.02396831 0.7034302
vt 0.02563768 0.6642747
vt 0.115381 0.6403819
vt 0.04625137 0.6129864
vt 0.1491112 0.5972615
vt 0.08662917 0.5692698
vt 0.1195395 0.564694
vt 0.1393484 0.5714161
vt 0.2428044 0.756537
vt 0.202203 0.646791
vt 0.1950337 0.7680288
vt 0.1506613 0.7616941
vt 0.1132347 0.7259369
vt 0.102205 0.6809832
vt 0.115381 0.6403819
vt 0.1491112 0.5972615
vt 0.9123545 0.7967806
vt 0.8578914 0.7244613
vt 0.8947814 0.811641
vt 0.8618114 0.8301232
vt 0.8288265 0.8383657
vt 0.797675 0.8308238
vt 0.7760477 0.8139811
vt 0.7603676 0.7814135
vt 0.7579678 0.7532877
vt 0.76548 0.7261456
vt 0.7816669 0.6950238
vt 0.7920855 0.6785388
vt 0.3774567 0.8511245
vt 0.4029145 0.8300934
vt 0.3906924 0.76235
vt 0.3994565 0.847577
vt 0.3414908 0.8474131
vt 0.3257212 0.840214
vt 0.3121129 0.7780002
vt 0.05030555 0.9543122
vt 0.08659936 0.9699625
vt 0.1255314 0.9444152
vt 0.1231615 0.904261
vt 0.1210897 0.9737931
vt 0.1176615 0.8732883
vt 0.1081968 0.8656867
vt 0.08127826 0.8540012
vt 0.03949938 0.8858681
vt 0.0369059 0.8355636
vt 0.6056679 0.4073562
vt 0.5328419 0.3545476
vt 0.5688823 0.3986815
vt 0.6063089 0.3315491
vt 0.5397727 0.32748
vt 0.5086808 0.3212646
vt 0.5050141 0.3423254
vt 0.5073095 0.2940629
vt 0.5498337 0.3028121
vt 0.5044478 0.3713456
vt 0.5330654 0.3852818
vt 0.5744717 0.3119788
vt 0.3701085 0.9528217
vt 0.3540408 0.9107149
vt 0.3558891 0.9465168
vt 0.3829119 0.9102379
vt 0.3804079 0.945235
vt 0.3629093 0.897196
vt 0.3737602 0.8973898
vt 0.8638981 0.2394358
vt 0.9381402 0.06044099
vt 0.8645986 0.0601876
vt 0.9374248 0.2397637
vt 0.5691655 0.05850333
vt 0.5684351 0.2391377
vt 0.5137932 0.05796675
vt 0.5130926 0.2389141
vt 0.4570497 0.05775808
vt 0.456364 0.2386906
vt 0.4275824 0.02849945
vt 0.4266732 0.2678151
vt 0.4561852 0.2830629
vt 0.9820505 0.2441607
vt 0.9828554 0.05647624
vt 0.3815556 0.07862516
vt 0.3810339 0.2173465
vt 0.3678727 0.1479337
vt 0.7423474 0.01292366
vt 0.6317667 0.01138844
vt 0.8025042 0.01639654
vt 0.8647775 0.01541281
vt 0.5693145 0.01438436
vt 0.6306936 0.286506
vt 0.5682563 0.2830182
vt 0.7412891 0.2858353
vt 0.8014459 0.2828245
vt 0.8637192 0.2843001
vt 0.4570497 0.05775808
vt 0.4423086 0.04312131
vt 0.4275824 0.02849945
vn 0.01176465 0.9764631 -0.2153636
vn 0.09803849 0.9764631 0.1921154
vn 0.01176465 0.9843061 0.176077
vn -0.01960766 0.9921492 -0.123513
vn 0.1294108 0.9686199 0.2121985
vn -0.1137246 0.9843061 -0.134938
vn 0.3176447 0.9450908 0.07684576
vn 0.1999985 0.9529338 0.2278548
vn 0.5764662 0.8039154 0.1463105
vn 0.5215647 0.8509738 0.061756
vn 0.5372508 0.8117584 0.2289319
vn 0.8431308 0.5215646 0.1307698
vn 0.9294047 0.2862723 0.2329272
vn 0.8901893 0.3490169 0.2928314
vn 0.8581837 0.5133427 0
vn 0.7633864 0.6459423 0
vn 0.9631258 0.2690513 0
vn 0.9529339 0.3019584 -0.02716757
vn 0.9972357 0.07430375 0
vn 0.9999309 0.0117638 0
vn 0.830247 0.5573958 0
vn 0.9372478 0.01176453 0.3484656
vn 0.9215616 0.07450914 0.3810153
vn 0.7254847 0.4901923 0.4830978
vn 0.8039154 0.1294107 0.5804936
vn 0.9215616 -0.1215677 0.3687079
vn 0.7803862 0.07450914 0.6208428
vn 0.8117585 -0.1215677 0.5712
vn 0.7411708 0.07450914 0.6671688
vn 0.7097985 -0.04313695 0.7030827
vn 0.6705831 0.1607831 0.724201
vn 0.5999954 0.1764692 0.7802974
vn 0.5058785 0.2941153 0.810915
vn 0.4901924 0.1215676 0.8630949
vn 0.4666631 0.6470538 0.6029485
vn 0.4823493 0.07450914 0.8728044
vn 0.960777 -0.1294108 0.2452762
vn 0.1999985 0.08235228 0.9763292
vn 0.1137246 0.262743 0.9581403
vn 0.01176465 0.3333308 0.9427366
vn 0.01176465 0.4039184 0.9147193
vn 0.2549 0.05882299 0.9651766
vn 0.349017 0.1372538 0.9270106
vn 0.6627401 -0.01960772 0.7485928
vn 0.5058785 0.3882322 0.7703004
vn 0.654897 -0.06666619 0.7527719
vn 0.5137216 0.5215646 0.6812199
vn 0.4117616 0.3568599 0.8385126
vn 0.1764693 0.4745061 0.8623819
vn 0.2156847 0.8039154 0.5542564
vn 0.01176465 0.8588169 0.5121476
vn 0.01176465 0.4980353 0.8670769
vn 0.145097 0.9294046 0.3393433
vn 0.2862723 0.86666 0.4085935
vn 0.1137246 0.9686199 0.2210024
vn 0.01176465 0.9686199 0.248268
vn 0.01176465 0.9450908 0.3265961
vn 0.1686262 0.9529338 0.2519571
vn 0.5764662 0.5215646 0.6290128
vn 0.4980354 0.8039154 0.3250858
vn 0.01176465 0.8588169 0.5121476
vn 0.998703 -0.0509143 0
vn 0.9966261 -0.08207512 0
vn 0.9784256 -0.2065998 0
vn 0.9747855 -0.2231437 0
vn 0.9510053 -0.3091746 0
vn 0.9539937 -0.2998266 0
vn 0.9539937 -0.2998266 0
vn 0.9510053 -0.3091746 0
vn 0.9651236 -0.2617947 0
vn 0.9371325 -0.348974 0
vn 0.9730572 -0.2305638 0
vn 0.9747855 -0.2231437 0
vn 0.9486833 -0.3162278 0
vn 0.9996234 -0.02744067 0
vn 0.998703 -0.0509143 0
vn 0.9977852 -0.06651904 0
vn 0.9916005 0.1293392 0
vn 0.9972357 0.07430375 0
vn 0.9952286 0.0975714 0
vn 0.830247 0.5573958 0
vn 0.9686201 0.2392138 0.06746773
vn 0.7301458 0.6832914 0
vn 0.9254848 0.3787849 0
vn 0.6459423 0.7633862 0
vn 0.8936454 0.4487738 0
vn 0.6078385 0.7803861 -0.1467308
vn 0.8967645 0.4425082 0
vn 0.8980324 0.3411738 -0.2777379
vn 0.8901893 0.3647031 -0.2730471
vn 0.8509739 0.06666613 -0.5209598
vn 0.8196016 0.1294107 -0.5581273
vn 0.7254847 -0.4039185 -0.5572448
vn 0.7490139 -0.3333308 -0.5725983
vn 0.349017 -0.8274447 -0.4399119
vn 0.45882 -0.7411708 -0.490051
vn 0.349017 0.9294046 -0.1199759
vn 0.6068687 0.7948022 0
vn 0.6156816 0.05097997 -0.7863442
vn 0.7097985 -0.1372539 -0.6909034
vn 0.5058785 -0.4352908 -0.7447206
vn 0.3960754 0.8901892 -0.2251388
vn 0.3803893 0.9137185 -0.1429076
vn 0.6313677 0.5764661 -0.5187114
vn 0.349017 0.5607799 -0.7508083
vn 0.2313708 0.670583 -0.7048304
vn 0.4431339 0.2470568 -0.8617397
vn -0.3254876 -0.9294047 -0.1739676
vn -0.2470568 -0.9058754 -0.3440241
vn -0.09803843 -0.858817 -0.5028139
vn 0.09803849 0.9607769 -0.259415
vn 0.07450926 0.9686199 -0.2371155
vn 0.01176465 0.9764631 -0.2153636
vn 0.01176465 0.9686199 -0.248268
vn 0.2235277 0.9529338 -0.2048232
vn 0.07450926 0.9764631 -0.2024061
vn 0.01176465 0.9843061 -0.176077
vn 0.08235234 0.9843061 -0.1560756
vn 0.01176465 0.9843061 -0.176077
vn 0.1607831 0.9686199 -0.1895368
vn 0.2392139 0.9529338 -0.1862631
vn 0.4431339 0.6392107 -0.6285237
vn 0.3019585 0.7176415 -0.6275442
vn 0.09803849 0.8431307 -0.5286956
vn 0.01176465 0.8274446 -0.5614242
vn 0.09803849 0.5764661 -0.8112184
vn 0.01176465 0.5764661 -0.8170364
vn 0.2392139 0.6313677 -0.7376663
vn 0.2313708 0.3568599 -0.9050516
vn -0.08235228 0.3176446 -0.9446269
vn 0.2313708 0.1999984 -0.9520862
vn -0.05097997 0.670583 -0.7400807
vn 0.01176465 0.3254876 -0.9454731
vn 0.01176465 0.7019553 -0.7121239
vn 0.01176465 0.5921522 -0.8057402
vn 0.06666619 0.6078384 -0.7912573
vn 0.01176465 0.6156815 -0.7879073
vn 0.09019542 0.5999954 -0.7949027
vn 0.1137246 0.5137215 -0.8503863
vn 0.01176465 0.5529369 -0.8331401
vn 0.1215677 -0.2235277 -0.9670867
vn 0.01176465 -0.2862723 -0.9580761
vn 0.01176465 -0.9843062 -0.1760763
vn -0.1999984 -0.8039154 -0.5601076
vn 0.2078416 -0.6862693 -0.6970196
vn 0.2313708 0.5529369 -0.800455
vn 0.247057 -0.1921554 -0.9497575
vn 0.2784293 0.6156815 -0.7371658
vn 0.2627431 0.2313707 -0.9367143
vn 0.3254877 -0.01960772 -0.945343
vn 0.3333308 -0.2862723 -0.8982977
vn 0.1372539 -0.756857 -0.6390062
vn 0.1215677 -0.7960724 -0.592866
vn 0.3647031 -0.4274477 -0.8272122
vn 0.1137246 -0.8274447 -0.5499109
vn 0.4196047 0.4901923 -0.7639656
vn 0.2784293 -0.9372478 -0.2098661
vn -0.07450914 -0.9843062 -0.1599676
vn -0.5058784 -0.8509739 -0.1411752
vn -0.04313684 -0.9843062 -0.1711154
vn -0.5058784 -0.858817 -0.08074894
vn 0.247057 -0.8823462 -0.4005347
vn -0.6156815 -0.5921524 -0.519896
vn 0.3254877 -0.9215616 -0.2116175
vn 0.2705862 -0.9215616 -0.2784013
vn -0.6156815 -0.5921524 -0.519896
vn -0.1921554 -0.6784262 -0.7090939
vn 0.01176465 -0.9921493 -0.1245045
vn 0.01176465 -0.4117616 -0.9112157
vn 0.01176392 -0.9999309 0
vn 0.01176465 -0.2235277 -0.9746265
vn -0.6751943 -0.73764 0
vn 0.003921568 -0.9999924 0
vn -0.4980353 -0.1372539 -0.8562256
vn 0.01176465 -0.2235277 -0.9746265
vn -0.6751943 -0.73764 0
vn -0.6156815 -0.5921524 -0.519896
vn -0.6751943 -0.73764 0
vn 0.9764631 0.2156845 0
vn 0.8745031 0.4823492 -0.05082877
vn 0.7647001 0.6392107 -0.08150788
vn 0.8078915 0.5893313 0
vn 0.6392108 0.7568569 -0.136298
vn 0.6156816 0.7803861 -0.1092414
vn 0.3960754 0.9137185 -0.09079012
vn 0.1215677 0.9921492 -0.02934566
vn 0.1137246 0.9843061 -0.1349378
vn 0.4745062 0.874503 0.1004407
vn 0.01176465 0.9921492 -0.124505
vn 0.01176465 0.9921492 -0.124505
vn 0.3176447 0.9372476 0.1437663
vn 0.1058816 0.9764631 0.1879068
vn 0.01176465 0.9843061 0.176077
vn 0.450977 0.86666 0.2133547
vn 0.01176465 0.9450908 0.3265961
vn 0.1294108 0.9372476 0.3237587
vn 0.01176465 0.8980323 0.4397722
vn 0.1686262 0.8901892 0.4232357
vn 0.1843123 0.8509738 0.4918053
vn 0.01176465 0.8588169 0.5121476
vn 0.01960772 0.9921492 0.123513
vn 0.01176465 0.9921492 -0.124505
vn 0.4117616 0.8352877 0.3643444
vn 0.1921554 0.9294046 0.3150926
vn 0.5686231 0.7725431 0.2825685
vn -0.09803843 0.9921492 -0.07764248
vn 0.45882 0.8588169 0.2278546
vn 0.01176465 0.9764631 -0.2153636
vn 0.01176465 0.9921492 -0.124505
vn 0.003921568 -0.9999924 0
vn -0.003921509 -0.9999924 0
vn 0.003921568 -0.9999924 0
vn -0.003921509 -0.9999924 0
vn -0.0117638 -0.9999309 0
vn 0.2705862 0.66274 -0.6982541
vn -0.1607831 0.6548969 -0.7384165
vn 0.349017 0.5607799 -0.7508083
vn 0.6313677 0.5764661 -0.5187114
vn -0.1999984 -0.8039154 -0.5601076
vn -0.6751943 -0.73764 0
vn -0.6156815 -0.5921524 -0.519896
vn -0.4980353 -0.1372539 -0.8562256
vn -0.1921554 -0.6784262 -0.7090939
vn -0.1215676 0.466663 0.8760405
vn -0.1921554 0.5921522 0.7825804
vn -0.1450969 0.5058784 0.850314
vn -0.003921509 0.3490169 0.9371082
vn 0.01960772 0.3647031 0.9309174
vn 0.08235234 0.3568599 0.9305208
vn 0.1058816 0.3803892 0.9187454
vn -0.1764692 0.1529399 0.9723518
vn -0.2156845 0.1450969 0.9656226
vn -0.2470568 0.04313684 0.9680403
vn -0.3019584 0.02745068 0.9529258
vn 0.3411739 -0.450977 0.8247546
vn -0.2470568 0.04313684 0.9680403
vn 0.3960754 -0.4352908 0.8084839
vn 0.9043746 -0.4267395 0
vn 0.9087568 -0.4173261 0
vn 0.3960754 -0.4352908 0.8084839
vn 0.9087568 -0.4173261 0
vn 0.04313695 -0.1137246 -0.9925754
vn 0.03529388 -0.1137246 -0.9928852
vn 0.03529388 -0.1058816 -0.9937522
vn 0.01176465 0.01960766 -0.9997385
vn 0.01176465 0.02745068 -0.9995539
vn 0.4039185 -0.6156816 0.6765988
vn 0.1607831 -0.654897 0.7384164
vn 0.1764693 -0.6784262 0.7131595
vn 0.3647031 -0.6470539 0.6695617
vn 0.4823493 -0.5764662 0.6595649
vn 0.3333308 -0.7097985 0.6205454
vn 0.01176465 -0.6470539 0.7623535
vn 0.01176465 -0.6313677 0.7753943
vn 0.4431339 -0.654897 0.612162
vn -0.07450914 -0.9529339 0.2938798
vn 0.2078416 -0.01176465 0.9780918
vn 0.4745062 -0.04313695 0.8791946
vn 0.6941124 -0.06666619 0.7167731
vn 0.01176465 -0.01176465 0.9998616
vn 0.8196016 -0.2313708 0.5241381
vn 0.9058754 -0.2392139 0.3495231
vn 0.9529339 -0.2313708 0.1959197
vn 0.01176465 0.9764631 -0.2153636
vn -0.08235228 0.9764631 0.1993439
vn 0.03529388 0.9921492 -0.1199759
vn 0.01176465 0.9843061 0.176077
vn -0.1137246 0.9686199 0.2210026
vn 0.1294108 0.9843061 -0.1199764
vn -0.3019584 0.9450908 0.1249981
vn -0.1843122 0.9529338 0.2407202
vn -0.6156815 0.7725431 0.1552851
vn -0.5058784 0.8509738 0.1411754
vn -0.5215646 0.8117584 0.262714
vn -0.8274446 0.5215646 0.2081006
vn -0.9137185 0.2862723 0.2883865
vn -0.874503 0.3490169 0.3367962
vn -0.8509738 0.5215646 -0.06175648
vn -0.7490138 0.6470538 -0.142477
vn -0.9529338 0.2705861 -0.1367493
vn -0.9450908 0.3098015 -0.1040504
vn -0.9921492 0.07450914 -0.1004405
vn -0.9921492 0.01960766 -0.1235129
vn -0.8352877 0.5450938 -0.07188377
vn -0.9215615 0.01176453 0.3880541
vn -0.9058753 0.07450914 0.4169392
vn -0.7097985 0.4901923 0.5058632
vn -0.7882292 0.1294107 0.6016208
vn -0.9058753 -0.1215677 0.405723
vn -0.7646999 0.07450914 0.6400644
vn -0.7960722 -0.1215677 0.5928662
vn -0.7254846 0.07450914 0.6841933
vn -0.6941123 -0.04313695 0.7185732
vn -0.6548969 0.1607831 0.7384165
vn -0.5843092 0.1764692 0.7921119
vn -0.4901923 0.2941153 0.8204923
vn -0.4745061 0.1215676 0.8718172
vn -0.4509768 0.6470538 0.6147692
vn -0.466663 0.07450914 0.8812911
vn -0.9450908 -0.1294108 0.3000938
vn -0.1843122 0.08235228 0.9794116
vn -0.09803843 0.262743 0.9598722
vn 0.01176465 0.3333308 0.9427366
vn 0.01176465 0.4039184 0.9147193
vn -0.2392138 0.05882299 0.9691834
vn -0.3333308 0.1372538 0.9327658
vn -0.6470538 -0.01960772 0.7621922
vn -0.4901923 0.3882322 0.7803763
vn -0.6392107 -0.06666619 0.7661366
vn -0.4980353 0.5215646 0.6927707
vn -0.3960754 0.3568599 0.846035
vn -0.1607831 0.4745061 0.8654436
vn -0.1999984 0.8039154 0.5601078
vn 0.01176465 0.8588169 0.5121476
vn 0.01176465 0.4980353 0.8670769
vn -0.1294107 0.9294046 0.3456298
vn -0.2705861 0.86666 0.4191463
vn -0.09803843 0.9686199 0.228394
vn 0.01176465 0.9686199 0.248268
vn 0.01176465 0.9450908 0.3265961
vn -0.1529399 0.9529338 0.2617759
vn -0.5607799 0.5215646 0.6430367
vn -0.4823492 0.8039154 0.3479359
vn 0.01176465 0.8588169 0.5121476
vn -0.9843061 -0.05098003 -0.1689454
vn -0.9921492 -0.05882311 -0.1103619
vn -0.9764631 -0.2156847 -8.631674E-05
vn -0.9686199 0.2392138 -0.0674695
vn -0.9921492 0.01176453 -0.124505
vn -0.9764631 0.1921554 0.09796015
vn -0.9921492 0.1137246 0.05202518
vn -0.9764631 -0.1921554 0.09796004
vn -0.9450908 -0.3176447 0.07684591
vn -0.9510053 -0.3091746 0
vn -0.9450908 -0.3176447 -0.07684591
vn -0.9921492 -0.01960772 -0.1235129
vn -0.9294046 -0.35686 -0.09411669
vn -0.9686199 -0.2392139 -0.06746928
vn -0.9686199 -0.2313708 0.09079061
vn -0.9450908 -0.3254877 0.02934541
vn -0.9921492 -0.03529388 0.119976
vn -0.9921492 -0.05882311 -0.1103619
vn -0.9921492 -0.07450926 0.1004404
vn -0.9843061 0.1372538 0.1109185
vn -0.9921492 0.08235228 -0.09411696
vn -0.9843061 0.09803843 0.146731
vn -0.8196015 0.5607799 0.1173848
vn -0.9529338 0.2392138 0.1862632
vn -0.7176415 0.6862692 0.1184287
vn -0.9137185 0.3803892 0.1429077
vn -0.6313677 0.7646999 -0.1288755
vn -0.8823462 0.4509768 -0.1344811
vn -0.5921522 0.7803861 -0.2008813
vn -0.8823462 0.4431338 -0.1584225
vn -0.8823462 0.3411738 -0.3241385
vn -0.874503 0.3647031 -0.3197439
vn -0.8352877 0.06666613 -0.5457565
vn -0.8039154 0.1294107 -0.5804937
vn -0.7097985 -0.4039185 -0.5770927
vn -0.7333276 -0.3333308 -0.5925547
vn -0.3333308 -0.8274447 -0.4519137
vn -0.4431338 -0.7411708 -0.5042799
vn -0.3333308 0.9294046 -0.1584224
vn -0.5921522 0.7960722 -0.124999
vn -0.5999954 0.05097997 -0.7983775
vn -0.6941123 -0.1372539 -0.7066608
vn -0.4901923 -0.4352908 -0.755138
vn -0.3803892 0.8901892 -0.2507335
vn -0.3647031 0.9137185 -0.1791934
vn -0.6235245 0.7568569 -0.1959202
vn -0.6156815 0.5764661 -0.5372366
vn -0.3333308 0.5607799 -0.7579027
vn -0.2156845 0.670583 -0.7097877
vn -0.4196045 0.2470568 -0.8734386
vn 0.3411739 -0.9294047 -0.1407383
vn 0.2627431 -0.9058754 -0.3321983
vn 0.1137246 -0.858817 -0.4994999
vn -0.08235228 0.9607769 -0.2648128
vn -0.05882299 0.9686199 -0.2414854
vn 0.01176465 0.9764631 -0.2153636
vn 0.01176465 0.9686199 -0.248268
vn -0.2078415 0.9529338 -0.2207241
vn -0.05882299 0.9764631 -0.2075083
vn 0.01176465 0.9843061 -0.176077
vn -0.06666613 0.9843061 -0.1633926
vn 0.01176465 0.9843061 -0.176077
vn -0.1450969 0.9686199 -0.2017975
vn -0.2235277 0.9529338 -0.2048234
vn -0.4274477 0.6392107 -0.6392951
vn -0.2862723 0.7176415 -0.6348535
vn -0.08235228 0.8431307 -0.531365
vn 0.01176465 0.8274446 -0.5614242
vn -0.08235228 0.5764661 -0.8129606
vn 0.01176465 0.5764661 -0.8170364
vn -0.2235277 0.6313677 -0.74257
vn -0.2156845 0.3568599 -0.9089176
vn 0.09803849 0.3176446 -0.943128
vn -0.2156845 0.1999984 -0.9557619
vn 0.06666619 0.670583 -0.7388329
vn 0.01176465 0.3254876 -0.9454731
vn 0.01176465 0.7019553 -0.7121239
vn 0.01176465 0.5921522 -0.8057402
vn -0.05097997 0.6078384 -0.7924226
vn 0.01176465 0.6156815 -0.7879073
vn -0.07450914 0.5999954 -0.7965261
vn -0.09803843 0.5137215 -0.8523372
vn 0.01176465 0.5529369 -0.8331401
vn -0.1058815 -0.2235277 -0.9689295
vn 0.01176465 -0.2862723 -0.9580761
vn 0.01176465 -0.9843062 -0.1760763
vn 0.2156847 -0.8039154 -0.5542563
vn -0.1921554 -0.6862693 -0.7015061
vn -0.2156845 0.5529369 -0.8048236
vn -0.2313707 -0.1921554 -0.9537001
vn -0.262743 0.6156815 -0.7429013
vn -0.2470568 0.2313707 -0.9409732
vn -0.3254876 -0.03529388 -0.9448873
vn -0.3490169 -0.2705862 -0.8972014
vn -0.1215676 -0.756857 -0.6421751
vn -0.1058815 -0.7960724 -0.5958674
vn -0.3490169 -0.4196047 -0.8379255
vn -0.09803843 -0.8274447 -0.552923
vn -0.4039184 0.4901923 -0.7723739
vn -0.262743 -0.9372478 -0.2292003
vn 0.09019542 -0.9843062 -0.1516776
vn 0.5215647 -0.8509739 -0.06175552
vn 0.05882311 -0.9843062 -0.1663764
vn -0.03527213 -0.9993777 0
vn -0.2313707 -0.8823462 -0.409796
vn 0.6313677 -0.5921524 -0.5007298
vn -0.3098015 -0.9215616 -0.2339814
vn -0.2549 -0.9215616 -0.2928314
vn 0.6313677 -0.5921524 -0.5007298
vn 0.2078416 -0.6784262 -0.7046558
vn 0.01176465 -0.9921493 -0.1245045
vn 0.01176465 -0.4117616 -0.9112157
vn 0.01176392 -0.9999309 0
vn 0.01176465 -0.2235277 -0.9746265
vn 0.6832914 -0.7301457 0
vn 0.003921568 -0.9999924 0
vn 0.5137216 -0.1372539 -0.846907
vn 0.01176465 -0.2235277 -0.9746265
vn 0.6832914 -0.7301457 0
vn 0.6313677 -0.5921524 -0.5007298
vn 0.6832914 -0.7301457 0
vn -0.9921492 0.02745068 -0.1220097
vn -0.8431307 0.5294076 -0.09411803
vn -0.5529369 0.8274446 -0.09796064
vn -0.3411738 0.9372476 0.07188439
vn -0.86666 0.4901923 0.09280082
vn -0.4823492 0.86666 0.1274353
vn -0.8588169 0.5058784 0.08075004
vn -0.9117017 -0.4108528 0
vn -0.7960722 -0.5999954 -0.0792115
vn -0.874503 -0.4823493 -0.05082935
vn -0.9921492 0.05882299 -0.1103619
vn -0.9921492 0.03529382 -0.119976
vn -0.9843061 0.1450969 -0.1004411
vn -0.5843092 0.8039154 0.1109181
vn -0.8588169 0.4980353 0.1199767
vn -0.4196045 0.9058753 -0.05763632
vn -0.8431307 0.5294076 -0.09411803
vn -0.6784261 0.7254846 0.1158017
vn -0.8588169 0.4901923 -0.1488123
vn -0.8431307 0.5215646 -0.1307708
vn -0.8431307 0.5215646 -0.1307708
vn -0.5607799 0.8196015 -0.1173849
vn -0.66274 0.7254846 0.1856012
vn -0.7176415 0.670583 0.1879072
vn -0.3960754 0.8352877 0.3813381
vn -0.1686261 0.8509738 0.497402
vn -0.1529399 0.8901892 0.4291534
vn 0.01176465 0.8980323 0.4397722
vn -0.1137246 0.9372476 0.3295962
vn 0.01176465 0.9450908 0.3265961
vn -0.0901953 0.9764631 0.1959201
vn 0.01176465 0.9843061 0.176077
vn 0.01176465 0.9921492 -0.124505
vn -0.1058815 0.9921492 -0.06655105
vn 0.01176465 0.9921492 -0.124505
vn -0.09803843 0.9843061 -0.146731
vn -0.3803892 0.9137185 -0.1429078
vn -0.6078384 0.7882292 -0.0960584
vn -0.3019584 0.9372476 0.1743215
vn -0.4352907 0.86666 0.2437673
vn -0.1764692 0.9294046 0.3241383
vn -0.7960722 0.5921522 -0.1249989
vn 0.003921568 -0.9999924 0
vn 0.01960411 -0.9998079 0
vn 0.01960411 -0.9998079 0
vn 0.003921568 -0.9999924 0
vn 0.02744067 -0.9996234 0
vn -0.2549 0.66274 -0.7041318
vn 0.1764693 0.6548969 -0.7348257
vn -0.3333308 0.5607799 -0.7579027
vn -0.6156815 0.5764661 -0.5372366
vn 0.2156847 -0.8039154 -0.5542563
vn 0.6313677 -0.5921524 -0.5007298
vn 0.6832914 -0.7301457 0
vn 0.2078416 -0.6784262 -0.7046558
vn 0.5137216 -0.1372539 -0.846907
vn 0.1372539 0.466663 0.8737202
vn 0.1607831 0.5058784 0.8474879
vn 0.2078416 0.5921522 0.7785613
vn 0.01960772 0.3490169 0.9369113
vn -0.003921509 0.3647031 0.9311156
vn -0.06666613 0.3568599 0.931776
vn -0.0901953 0.3803892 0.9204178
vn 0.1921554 0.1529399 0.9693739
vn 0.2627431 0.04313684 0.9639011
vn 0.2313708 0.1450969 0.9619846
vn 0.3176447 0.02745068 0.9478124
vn -0.3254876 -0.450977 0.8310701
vn 0.2627431 0.04313684 0.9639011
vn -0.3803892 -0.4352908 0.8159816
vn -0.8980323 -0.4352908 0.06371696
vn -0.9043746 -0.4267396 0
vn -0.9043746 -0.4267396 0
vn -0.3803892 -0.4352908 0.8159816
vn -0.3254876 -0.450977 0.8310701
vn -0.02745068 -0.1137246 -0.993133
vn -0.01960766 -0.1058816 -0.9941854
vn -0.01960766 -0.1137246 -0.9933188
vn 0.01176465 0.01960766 -0.9997385
vn 0.01176465 0.02745068 -0.9995539
vn 0.01176465 0.8588169 0.5121476
vn -0.003921509 0.9921492 0.1249981
vn 0.01176465 0.9921492 -0.124505
vn 0.1137246 0.9921492 -0.05202487
vn 0.01176465 0.9764631 -0.2153636
vn 0.01176465 0.9921492 -0.124505
vn -0.1372538 0.4901923 0.8607398
vn -0.4274477 -0.5372508 0.7270833
vn -0.4039184 0.4352907 0.8045943
vn -0.08235228 -0.4901924 0.8677151
vn -0.3647031 0.8509738 0.3779354
vn -0.003921509 0.8980323 0.439912
vn -0.05882299 0.8274446 -0.558458
vn -0.8588169 0.4274477 0.282351
vn -0.5529369 0.5058784 -0.6620784
vn -0.8274446 -0.5058785 0.2437672
vn -0.6548969 -0.5764662 0.4886684
vn -0.7097985 0.3882322 0.58776
vn -0.6941123 -0.2627431 -0.6702046
vn 0.2235277 0.8509738 -0.4752671
vn 0.5215647 0.466663 0.71428
vn 0.6470539 -0.35686 0.6737745
vn 0.5215647 0.466663 0.71428
vn 0.6470539 0.7019553 0.2976239
vn 0.6470539 0.66274 -0.3769575
vn 0.8666601 0.1294107 -0.4818228
vn 0.9977852 0.06651898 0
vn 0.9966261 0.08207506 0
vn 0.5215647 0.466663 0.71428
vn 0.6470539 -0.35686 0.6737745
vn -0.1764692 -0.7490139 -0.638621
vn 0.6078385 -0.7803862 0.1467301
vn 0.6078385 -0.654897 -0.449046
vn 0.6078385 -0.7803862 0.1467301
vn -0.1372538 -0.9686201 0.2072114
vn 0.6078385 -0.654897 -0.449046
vn 0.15294 -0.7647001 -0.6259738
vn -0.6941123 -0.2627431 -0.6702046
vn -0.1764692 -0.7490139 -0.638621
vn -0.5529369 0.5058784 -0.6620784
vn -0.05882299 0.8274446 -0.558458
vn 0.15294 -0.7647001 -0.6259738
vn 0.2235277 0.8509738 -0.4752671
vn 0.8666601 0.1294107 -0.4818228
vn 0.6078385 -0.654897 -0.449046
vn 0.6470539 0.66274 -0.3769575
vn -0.7568569 -0.2941154 -0.5836641
vn -0.874503 -0.4823493 -0.05082935
vn -0.1921554 -0.1686262 -0.9667686
vn -0.670583 -0.1921554 0.7165157
vn -0.6548969 -0.2078416 0.7265756
vn 0.3019585 0.4431338 0.8440696
vn 0.552937 0.5450938 0.6301853
vn -0.7568569 -0.2941154 -0.5836641
vn 0.6078385 0.3803892 -0.6970197
vn -0.7568569 -0.2941154 -0.5836641
vn 0.7176416 0.4039184 -0.5673099
vn 0.6078385 0.3803892 -0.6970197
vn 0.3019585 0.4431338 0.8440696
vn 0.552937 0.5450938 0.6301853
vn 0.7176416 0.4039184 -0.5673099
vn -0.3882322 -0.6156816 0.68572
vn -0.1450969 -0.654897 0.7416582
vn -0.3490169 -0.6470539 0.6778705
vn -0.1607831 -0.6784262 0.7168589
vn -0.466663 -0.5764662 0.670755
vn -0.3176446 -0.7097985 0.6287193
vn 0.01176465 -0.6470539 0.7623535
vn 0.01176465 -0.6313677 0.7753943
vn -0.4274477 -0.654897 0.6232162
vn 0.09019542 -0.9529339 0.2894508
vn -0.1921554 -0.01176465 0.981294
vn -0.45882 -0.04313695 0.8874815
vn -0.6784261 -0.06666619 0.7316376
vn 0.01176465 -0.01176465 0.9998616
vn -0.8039154 -0.2313708 0.5478938
vn -0.8901892 -0.2392139 0.3877369
vn -0.9372476 -0.2313708 0.2608341
vn 0.01960772 -0.4745062 -0.8800338
vn 0.01176465 0.003921509 -0.9999231
vn 0.01176465 -0.9686201 -0.2482675
vn 0.01176465 -0.01176465 -0.9998616
vn 0.01176465 -0.2862723 -0.9580761
vn 0.01176465 -0.2941154 -0.9556975
vn 0.01176465 -0.6862693 -0.7272524
vn 0.01176465 -0.6941124 -0.7197706
vn 0.01176465 -0.9529339 -0.3029498
vn 0.01176465 -0.9529339 -0.3029498
vn 0.01176392 -0.9999309 0
vn 0.01176392 -0.9999309 0
vn 0.01176465 -0.8509739 0.5250762
vn 0.0274508 -0.8666601 0.4981434
vn 0.0274508 -0.5764662 0.8166597
vn 0.03529388 -0.6156816 0.7872043
vn 0.01960772 -0.2392139 0.9707689
vn 0.01960772 -0.247057 0.9688026
vn 0.01176465 -0.03529388 0.9993077
vn 0.01176465 -0.04313695 0.9989999
vn 0.01176465 -0.960777 0.2770725
vn 0.01176465 -0.654897 0.7556266
vn 0.04313695 -0.6235247 -0.7806127
vn 0.04313695 -0.2078416 -0.9772109
vn 0.01176465 -0.960777 -0.2770725
vn 0.04313695 -0.05882311 -0.997336
vn 0.05098003 -0.3098016 -0.9494336
vn 0.07450926 -0.7019554 -0.7083127
vn 0.05098003 -0.5215647 -0.8516874
vn 0.05882311 -0.8196016 -0.5699062
vn 0.07430387 -0.9972357 0
vn 0.05882311 -0.9686201 -0.2414849
vn 0.01960411 -0.9998079 0
vn 0.06666619 -0.9058754 0.4182646
vn 0.06666619 -0.9058754 0.4182646
vn 0.01176465 -0.9764631 0.2153633
vn 0.0274508 -0.8274447 0.560876
vn 0.04313695 -0.3803893 0.9238199
vn 0.04313695 -0.3803893 0.9238199
vn 0.07450926 -0.5372508 0.840125
vn 0.1215677 -0.1372539 0.9830476
vn 0.1058816 0.03529382 0.9937522
vn 0.1294108 0.1529399 0.9797256
vn 0.9999924 -0.003921568 0
vn 0.9999924 -0.003921568 0
vn 0.9999309 0.0117638 0
vn 0.9999924 -0.003921568 0
vn 0.9999924 -0.003921568 0
vn 0.9999924 -0.003921568 0
vn 0.9998079 0.01960405 0
vn 0.9952286 0.0975714 0
vn 0.9982743 -0.05872205 0
vn 0.9996234 -0.02744067 0
vn 0.9998079 -0.01960411 0
vn 0.9999309 -0.01176392 0
vn 0.9999309 -0.01176392 0
vn 0.9999309 -0.01176392 0
vn 0.9999309 -0.01176392 0
vn 0.9999309 -0.01176392 0
vn 0.9999309 -0.01176392 0
vn 0.9999924 -0.003921568 0
vn 0.9993777 -0.03527218 0
vn 0.9977852 -0.06651904 0
vn 0.349017 0.1372538 0.9270106
vn 0.1764693 0.4745061 0.8623819
vn 0.4117616 0.3568599 0.8385126
vn 0.01176465 0.4980353 0.8670769
vn 0.2549 0.05882299 0.9651766
vn 0.1137246 0.262743 0.9581403
vn 0.01176465 0.4039184 0.9147193
vn 0.5137216 0.5215646 0.6812199
vn 0.5058785 0.2941153 0.810915
vn 0.654897 -0.06666619 0.7527719
vn 0.6705831 0.1607831 0.724201
vn 0.5058785 0.3882322 0.7703004
vn 0.7411708 0.07450914 0.6671688
vn 0.7803862 0.07450914 0.6208428
vn 0.8039154 0.1294107 0.5804936
vn 0.5764662 0.5215646 0.6290128
vn 0.7254847 0.4901923 0.4830978
vn 0.6313677 0.5764661 -0.5187114
vn 0.4431339 0.6392107 -0.6285237
vn 0.450977 0.1921554 -0.8716055
vn -0.1607831 0.6548969 -0.7384165
vn 0.4980354 -0.05098003 -0.8656569
vn 0.2313708 0.1999984 -0.9520862
vn 0.2313708 0.3568599 -0.9050516
vn 0.2627431 0.2313707 -0.9367143
vn 0.4196047 0.4901923 -0.7639656
vn 0.2392139 0.6313677 -0.7376663
vn 0.3019585 0.7176415 -0.6275442
vn 0.2705862 0.66274 -0.6982541
vn 0.7097985 -0.1372539 -0.6909034
vn 0.3647031 -0.4274477 -0.8272122
vn 0.5058785 -0.4352908 -0.7447206
vn 0.4431339 0.2470568 -0.8617397
vn 0.6156816 0.05097997 -0.7863442
vn 0.3333308 -0.2862723 -0.8982977
vn 0.3254877 -0.01960772 -0.945343
vn -0.003921509 -0.4745062 -0.8802434
vn 0.01176465 0.003921509 -0.9999231
vn 0.01176465 -0.01176465 -0.9998616
vn 0.01176465 -0.9686201 -0.2482675
vn 0.01176465 -0.2862723 -0.9580761
vn 0.01176465 -0.2941154 -0.9556975
vn 0.01176465 -0.6862693 -0.7272524
vn 0.01176465 -0.6941124 -0.7197706
vn 0.01176465 -0.9529339 -0.3029498
vn 0.01176465 -0.9529339 -0.3029498
vn 0.01176392 -0.9999309 0
vn 0.01176392 -0.9999309 0
vn 0.01176465 -0.8509739 0.5250762
vn -0.01176453 -0.8666601 0.4987604
vn -0.01176453 -0.5764662 0.8170363
vn -0.01960766 -0.6156816 0.787751
vn -0.003921509 -0.2392139 0.970959
vn -0.003921509 -0.247057 0.968993
vn 0.01176465 -0.03529388 0.9993077
vn 0.01176465 -0.04313695 0.9989999
vn 0.01176465 -0.960777 0.2770725
vn 0.01176465 -0.654897 0.7556266
vn -0.02745068 -0.6235247 -0.7813216
vn -0.02745068 -0.2078416 -0.9777772
vn -0.02745068 -0.05882311 -0.9978909
vn 0.01176465 -0.960777 -0.2770725
vn -0.03529382 -0.3098016 -0.950146
vn -0.05882299 -0.7019554 -0.7097875
vn -0.03529382 -0.5215647 -0.8524814
vn -0.04313684 -0.8196016 -0.5713077
vn -0.05872193 -0.9982743 0
vn -0.04313684 -0.9686201 -0.2447741
vn -0.003921509 -0.9999924 0
vn -0.05097997 -0.9058754 0.4204649
vn -0.05097997 -0.9058754 0.4204649
vn 0.01176465 -0.9764631 0.2153633
vn -0.01176453 -0.8274447 0.561424
vn -0.02745068 -0.3803893 0.924419
vn -0.02745068 -0.3803893 0.924419
vn -0.05882299 -0.5372508 0.8413687
vn -0.1058815 -0.1372539 0.9848607
vn -0.0901953 0.03529382 0.9952985
vn -0.1137246 0.1529399 0.9816701
vn -0.9921492 -0.01176465 0.124505
vn -0.9921492 0.01960766 0.1235129
vn -0.9921492 -0.01176465 0.124505
vn -0.9999923 -0.003921568 -0.0003442513
vn -0.9999923 -0.003921568 -0.0003442513
vn -0.9999923 -0.003921568 -0.0003442513
vn -0.9921492 0.02745068 0.1220097
vn -0.03527213 -0.9993777 0
vn -0.9921492 -0.06666619 0.1058089
vn -0.9921492 -0.0274508 0.1220096
vn -0.9921492 -0.03529388 -0.119976
vn -0.9921492 -0.01176465 -0.124505
vn -0.9921492 -0.01960772 -0.1235129
vn -0.9921492 -0.01960772 -0.1235129
vn -0.9921492 -0.01960772 0.1235129
vn -0.9921492 -0.01960772 0.1235129
vn -0.9921492 -0.01960772 0.1235129
vn -0.9921492 -0.01176465 0.124505
vn -0.9921492 -0.04313695 0.1173844
vn -0.9921492 -0.08235234 -0.09411691
vn -0.3333308 0.1372538 0.9327658
vn -0.1607831 0.4745061 0.8654436
vn 0.01176465 0.4980353 0.8670769
vn -0.3960754 0.3568599 0.846035
vn -0.2392138 0.05882299 0.9691834
vn -0.09803843 0.262743 0.9598722
vn 0.01176465 0.4039184 0.9147193
vn -0.4980353 0.5215646 0.6927707
vn -0.6392107 -0.06666619 0.7661366
vn -0.4901923 0.2941153 0.8204923
vn -0.6548969 0.1607831 0.7384165
vn -0.4901923 0.3882322 0.7803763
vn -0.7254846 0.07450914 0.6841933
vn -0.7646999 0.07450914 0.6400644
vn -0.7882292 0.1294107 0.6016208
vn -0.5607799 0.5215646 0.6430367
vn -0.7097985 0.4901923 0.5058632
vn -0.6156815 0.5764661 -0.5372366
vn -0.4352907 0.1921554 -0.8795444
vn -0.4274477 0.6392107 -0.6392951
vn 0.1764693 0.6548969 -0.7348257
vn -0.4823492 -0.05098003 -0.8744943
vn -0.2156845 0.1999984 -0.9557619
vn -0.2156845 0.3568599 -0.9089176
vn -0.2470568 0.2313707 -0.9409732
vn -0.4039184 0.4901923 -0.7723739
vn -0.2235277 0.6313677 -0.74257
vn -0.2862723 0.7176415 -0.6348535
vn -0.2549 0.66274 -0.7041318
vn -0.6941123 -0.1372539 -0.7066608
vn -0.4196045 0.2470568 -0.8734386
vn -0.5999954 0.05097997 -0.7983775
vn -0.3490169 -0.4196047 -0.8379255
vn -0.4901923 -0.4352908 -0.755138
vn -0.3254876 -0.03529388 -0.9448873
vn -0.3490169 -0.2705862 -0.8972014
vn 0.01176465 -0.960777 -0.2770725
vn 0.003921568 -0.9999924 0
vn 0.01176465 -0.960777 -0.2770725
vn 0.003921568 -0.9999924 0
vn 0.01176465 -0.960777 0.2770725
vn 0.01176465 -0.960777 0.2770725
vn 0.003921568 -0.9999924 0
vn 0.003921568 -0.9999924 0
vn 0.01176465 -0.9686201 -0.2482675
vn 0.01176465 -0.9686201 -0.2482675
vn -0.003921509 -0.9999924 0
vn 0.01176392 -0.9999309 0
vn 0.01960772 -0.4745062 -0.8800338
vn 0.07450926 -0.5372508 0.840125
vn -0.05882299 -0.5372508 0.8413687
vn 0.003921568 -0.9999924 0
vn 0.003921568 -0.9999924 0
vn 0.003921568 -0.9999924 0
vn 0.003921568 -0.9999924 0
vn -0.003921509 -0.9999924 0
vn 0.01176392 -0.9999309 0
vn -0.02745068 -0.6235247 -0.7813216
vn 0.01176465 -0.654897 0.7556266
vn 0.01176392 -0.9999309 0
vn 0.01176465 -0.654897 0.7556266
vn 0.003921568 -0.9999924 0
vn -0.003921509 -0.9999924 0
vn 0.04313695 -0.6235247 -0.7806127
vn 0.01176465 -0.9686201 -0.2482675
vn -0.003921509 -0.4745062 -0.8802434
vn -0.003921509 -0.9999924 0
g mx_jiaoChe5_cheshen_0
f 3/3/3 2/2/2 1/1/1
f 4/4/4 1/1/1 2/2/2
f 2/2/2 5/5/5 4/4/4
f 6/6/6 4/4/4 5/5/5
f 7/7/7 6/6/6 5/5/5
f 6/6/6 7/7/7 8/8/8
f 7/7/7 9/9/9 8/8/8
f 7/7/7 5/5/5 10/10/10
f 11/11/11 10/10/10 5/5/5
f 11/11/11 12/12/12 10/10/10
f 12/12/12 11/11/11 13/13/13
f 14/14/14 13/13/13 11/11/11
f 15/15/15 10/10/10 12/12/12
f 10/10/10 15/15/15 16/16/16
f 10/10/10 16/16/16 7/7/7
f 16/16/16 9/9/9 7/7/7
f 17/17/17 16/16/16 15/15/15
f 17/17/17 18/18/18 16/16/16
f 18/18/18 17/17/17 19/19/19
f 20/20/20 19/19/19 17/17/17
f 19/19/19 21/21/21 18/18/18
f 18/18/18 21/21/21 16/16/16
f 9/9/9 16/16/16 21/21/21
f 13/13/13 14/14/14 22/22/22
f 23/23/23 22/22/22 14/14/14
f 14/14/14 24/24/24 23/23/23
f 25/25/25 23/23/23 24/24/24
f 23/23/23 25/25/25 26/26/26
f 27/27/27 26/26/26 25/25/25
f 26/26/26 27/27/27 28/28/28
f 29/29/29 28/28/28 27/27/27
f 28/28/28 29/29/29 30/30/30
f 31/31/31 30/30/30 29/29/29
f 30/30/30 31/31/31 32/32/32
f 33/33/33 32/32/32 31/31/31
f 32/32/32 33/33/33 34/34/34
f 35/35/35 34/34/34 33/33/33
f 34/34/34 35/35/35 36/36/36
f 22/22/22 23/23/23 37/37/37
f 26/26/26 37/37/37 23/23/23
f 34/34/34 36/36/36 38/38/38
f 39/39/39 38/38/38 36/36/36
f 38/38/38 39/39/39 40/40/40
f 41/41/41 40/40/40 39/39/39
f 42/42/42 39/39/39 36/36/36
f 42/42/42 36/36/36 43/43/43
f 44/44/44 43/43/43 36/36/36
f 36/36/36 45/45/45 44/44/44
f 45/45/45 35/35/35 33/33/33
f 45/45/45 36/36/36 35/35/35
f 46/46/46 44/44/44 45/45/45
f 47/47/47 44/44/44 46/46/46
f 43/43/43 44/44/44 48/48/48
f 47/47/47 48/48/48 44/44/44
f 48/48/48 47/47/47 49/49/49
f 49/49/49 47/47/47 50/50/50
f 50/50/50 51/51/51 49/49/49
f 52/52/52 49/49/49 51/51/51
f 50/50/50 47/47/47 53/53/53
f 54/54/54 53/53/53 47/47/47
f 53/53/53 54/54/54 55/55/55
f 55/55/55 56/56/56 53/53/53
f 57/57/57 53/53/53 56/56/56
f 53/53/53 57/57/57 50/50/50
f 58/58/58 55/55/55 54/54/54
f 47/47/47 59/59/59 54/54/54
f 54/54/54 60/60/60 58/58/58
f 54/54/54 59/59/59 24/24/24
f 24/24/24 60/60/60 54/54/54
f 24/24/24 14/14/14 60/60/60
f 61/61/61 50/50/50 57/57/57
f 11/11/11 60/60/60 14/14/14
f 11/11/11 5/5/5 60/60/60
f 58/58/58 60/60/60 5/5/5
f 5/5/5 2/2/2 58/58/58
f 55/55/55 58/58/58 2/2/2
f 2/2/2 3/3/3 55/55/55
f 56/56/56 55/55/55 3/3/3
f 62/62/62 19/19/19 20/20/20
f 63/63/63 19/19/19 62/62/62
f 63/63/63 62/62/62 64/64/64
f 65/65/65 63/63/63 64/64/64
f 65/65/65 64/64/64 66/66/66
f 65/65/65 66/66/66 67/67/67
f 68/68/68 67/67/67 66/66/66
f 68/68/68 69/69/69 67/67/67
f 70/70/70 67/67/67 69/69/69
f 69/69/69 71/71/71 70/70/70
f 72/72/72 70/70/70 71/71/71
f 72/72/72 71/71/71 73/73/73
f 74/74/74 73/73/73 71/71/71
f 72/72/72 75/75/75 70/70/70
f 76/76/76 70/70/70 75/75/75
f 73/73/73 77/77/77 72/72/72
f 75/75/75 72/72/72 77/77/77
f 75/75/75 78/78/78 76/76/76
f 79/79/79 76/76/76 78/78/78
f 77/77/77 80/80/80 75/75/75
f 78/78/78 75/75/75 80/80/80
f 78/78/78 80/80/80 81/81/81
f 82/82/82 81/81/81 80/80/80
f 81/81/81 82/82/82 83/83/83
f 84/84/84 83/83/83 82/82/82
f 83/83/83 84/84/84 85/85/85
f 86/86/86 85/85/85 84/84/84
f 85/85/85 86/86/86 87/87/87
f 88/88/88 87/87/87 86/86/86
f 88/88/88 89/89/89 87/87/87
f 90/90/90 87/87/87 89/89/89
f 89/89/89 91/91/91 90/90/90
f 92/92/92 90/90/90 91/91/91
f 91/91/91 93/93/93 92/92/92
f 94/94/94 92/92/92 93/93/93
f 93/93/93 95/95/95 94/94/94
f 96/96/96 94/94/94 95/95/95
f 85/85/85 97/97/97 83/83/83
f 98/98/98 83/83/83 97/97/97
f 92/92/92 94/94/94 99/99/99
f 100/100/100 99/99/99 94/94/94
f 94/94/94 96/96/96 100/100/100
f 101/101/101 100/100/100 96/96/96
f 102/102/102 98/98/98 97/97/97
f 102/102/102 103/103/103 98/98/98
f 90/90/90 92/92/92 104/104/104
f 92/92/92 105/105/105 104/104/104
f 99/99/99 105/105/105 92/92/92
f 105/105/105 99/99/99 106/106/106
f 107/107/107 106/106/106 99/99/99
f 95/95/95 108/108/108 96/96/96
f 109/109/109 96/96/96 108/108/108
f 96/96/96 109/109/109 101/101/101
f 110/110/110 101/101/101 109/109/109
f 102/102/102 111/111/111 103/103/103
f 112/112/112 103/103/103 111/111/111
f 112/112/112 111/111/111 113/113/113
f 114/114/114 113/113/113 111/111/111
f 102/102/102 115/115/115 111/111/111
f 116/116/116 111/111/111 115/115/115
f 111/111/111 116/116/116 114/114/114
f 117/117/117 114/114/114 116/116/116
f 116/116/116 118/118/118 117/117/117
f 119/119/119 117/117/117 118/118/118
f 115/115/115 120/120/120 116/116/116
f 118/118/118 116/116/116 120/120/120
f 115/115/115 97/97/97 120/120/120
f 121/121/121 120/120/120 97/97/97
f 121/121/121 122/122/122 120/120/120
f 123/123/123 120/120/120 122/122/122
f 120/120/120 123/123/123 118/118/118
f 97/97/97 85/85/85 121/121/121
f 87/87/87 121/121/121 85/85/85
f 87/87/87 104/104/104 121/121/121
f 122/122/122 121/121/121 104/104/104
f 87/87/87 90/90/90 104/104/104
f 118/118/118 124/124/124 119/119/119
f 124/124/124 118/118/118 123/123/123
f 125/125/125 119/119/119 124/124/124
f 124/124/124 126/126/126 125/125/125
f 127/127/127 125/125/125 126/126/126
f 124/124/124 128/128/128 126/126/126
f 123/123/123 128/128/128 124/124/124
f 129/129/129 126/126/126 128/128/128
f 129/129/129 131/131/131 130/130/130
f 130/130/130 131/131/131 132/132/132
f 130/130/130 132/132/132 133/133/133
f 134/134/134 133/133/133 132/132/132
f 134/134/134 132/132/132 135/135/135
f 136/136/136 135/135/135 132/132/132
f 135/135/135 136/136/136 137/137/137
f 138/138/138 137/137/137 136/136/136
f 138/138/138 139/139/139 137/137/137
f 140/140/140 137/137/137 139/139/139
f 139/139/139 141/141/141 140/140/140
f 142/142/142 140/140/140 141/141/141
f 142/142/142 141/141/141 143/143/143
f 144/144/144 143/143/143 141/141/141
f 144/144/144 141/141/141 145/145/145
f 139/139/139 146/146/146 141/141/141
f 147/147/147 141/141/141 146/146/146
f 141/141/141 147/147/147 145/145/145
f 138/138/138 148/148/148 139/139/139
f 146/146/146 139/139/139 148/148/148
f 136/136/136 149/149/149 138/138/138
f 148/148/148 138/138/138 149/149/149
f 132/132/132 149/149/149 136/136/136
f 149/149/149 132/132/132 131/131/131
f 146/146/146 106/106/106 147/147/147
f 147/147/147 106/106/106 150/150/150
f 151/151/151 147/147/147 150/150/150
f 147/147/147 151/151/151 152/152/152
f 152/152/152 145/145/145 147/147/147
f 153/153/153 152/152/152 151/151/151
f 151/151/151 154/154/154 153/153/153
f 155/155/155 153/153/153 154/154/154
f 155/155/155 154/154/154 110/110/110
f 101/101/101 110/110/110 154/154/154
f 107/107/107 150/150/150 106/106/106
f 149/149/149 156/156/156 148/148/148
f 148/148/148 156/156/156 146/146/146
f 146/146/146 156/156/156 106/106/106
f 152/152/152 153/153/153 157/157/157
f 158/158/158 157/157/157 153/153/153
f 153/153/153 155/155/155 158/158/158
f 159/159/159 158/158/158 155/155/155
f 155/155/155 110/110/110 159/159/159
f 109/109/109 159/159/159 110/110/110
f 157/157/157 158/158/158 160/160/160
f 158/158/158 159/159/159 160/160/160
f 161/161/161 160/160/160 159/159/159
f 159/159/159 109/109/109 161/161/161
f 108/108/108 161/161/161 109/109/109
f 152/152/152 157/157/157 145/145/145
f 157/157/157 162/162/162 145/145/145
f 145/145/145 162/162/162 144/144/144
f 163/163/163 144/144/144 162/162/162
f 162/162/162 164/164/164 163/163/163
f 162/162/162 157/157/157 164/164/164
f 165/165/165 164/164/164 157/157/157
f 165/165/165 157/157/157 160/160/160
f 167/167/167 166/166/166 164/164/164
f 167/167/167 164/164/164 168/168/168
f 167/167/167 168/168/168 169/169/169
f 170/170/170 169/169/169 168/168/168
f 169/169/169 171/171/171 167/167/167
f 144/144/144 172/172/172 143/143/143
f 173/173/173 143/143/143 172/172/172
f 171/171/171 173/173/173 174/174/174
f 174/174/174 167/167/167 175/175/175
f 176/176/176 174/174/174 173/173/173
f 174/174/174 178/178/178 177/177/177
f 179/179/179 79/79/79 78/78/78
f 81/81/81 179/179/179 78/78/78
f 180/180/180 179/179/179 81/81/81
f 81/81/81 98/98/98 180/180/180
f 181/181/181 180/180/180 98/98/98
f 182/182/182 181/181/181 98/98/98
f 83/83/83 98/98/98 81/81/81
f 183/183/183 182/182/182 98/98/98
f 103/103/103 183/183/183 98/98/98
f 183/183/183 103/103/103 184/184/184
f 185/185/185 184/184/184 103/103/103
f 185/185/185 103/103/103 186/186/186
f 187/187/187 186/186/186 103/103/103
f 185/185/185 188/188/188 184/184/184
f 187/187/187 189/189/189 186/186/186
f 190/190/190 186/186/186 189/189/189
f 188/188/188 185/185/185 191/191/191
f 186/186/186 190/190/190 192/192/192
f 191/191/191 185/185/185 192/192/192
f 186/186/186 192/192/192 185/185/185
f 193/193/193 192/192/192 190/190/190
f 188/188/188 191/191/191 194/194/194
f 193/193/193 195/195/195 192/192/192
f 196/196/196 192/192/192 195/195/195
f 195/195/195 197/197/197 196/196/196
f 198/198/198 196/196/196 197/197/197
f 198/198/198 197/197/197 199/199/199
f 200/200/200 199/199/199 197/197/197
f 199/199/199 200/200/200 201/201/201
f 202/202/202 201/201/201 200/200/200
f 198/198/198 203/203/203 196/196/196
f 198/198/198 199/199/199 203/203/203
f 203/203/203 204/204/204 196/196/196
f 196/196/196 204/204/204 192/192/192
f 191/191/191 192/192/192 204/204/204
f 8/8/8 203/203/203 199/199/199
f 8/8/8 9/9/9 203/203/203
f 205/205/205 203/203/203 9/9/9
f 206/206/206 8/8/8 199/199/199
f 201/201/201 206/206/206 199/199/199
f 201/201/201 4/4/4 206/206/206
f 4/4/4 201/201/201 1/1/1
f 6/6/6 206/206/206 4/4/4
f 6/6/6 8/8/8 206/206/206
f 203/203/203 205/205/205 207/207/207
f 203/203/203 207/207/207 194/194/194
f 194/194/194 207/207/207 188/188/188
f 209/209/209 208/208/208 201/201/201
f 212/212/212 211/211/211 210/210/210
f 213/213/213 210/210/210 211/211/211
f 211/211/211 214/214/214 213/213/213
f 215/215/215 105/105/105 106/106/106
f 156/156/156 215/215/215 106/106/106
f 216/216/216 105/105/105 215/215/215
f 216/216/216 218/218/218 217/217/217
f 221/221/221 220/220/220 219/219/219
f 223/223/223 222/222/222 221/221/221
f 226/226/226 225/225/225 224/224/224
f 226/226/226 224/224/224 227/227/227
f 228/228/228 227/227/227 224/224/224
f 228/228/228 229/229/229 227/227/227
f 229/229/229 228/228/228 230/230/230
f 233/233/233 232/232/232 231/231/231
f 234/234/234 232/232/232 233/233/233
f 234/234/234 233/233/233 235/235/235
f 237/237/237 235/235/235 236/236/236
f 239/239/239 238/238/238 237/237/237
f 235/235/235 240/240/240 238/238/238
f 239/239/239 241/241/241 238/238/238
f 244/244/244 243/243/243 242/242/242
f 243/243/243 244/244/244 245/245/245
f 246/246/246 245/245/245 244/244/244
f 115/115/115 102/102/102 97/97/97
f 249/249/249 248/248/248 247/247/247
f 250/250/250 247/247/247 248/248/248
f 247/247/247 250/250/250 251/251/251
f 252/252/252 251/251/251 250/250/250
f 248/248/248 249/249/249 253/253/253
f 254/254/254 253/253/253 249/249/249
f 252/252/252 255/255/255 251/251/251
f 252/252/252 256/256/256 255/255/255
f 248/248/248 257/257/257 250/250/250
f 258/258/258 250/250/250 257/257/257
f 250/250/250 258/258/258 252/252/252
f 259/259/259 252/252/252 258/258/258
f 259/259/259 256/256/256 252/252/252
f 253/253/253 260/260/260 248/248/248
f 257/257/257 248/248/248 260/260/260
f 249/249/249 38/38/38 254/254/254
f 40/40/40 254/254/254 38/38/38
f 247/247/247 34/34/34 249/249/249
f 38/38/38 249/249/249 34/34/34
f 251/251/251 32/32/32 247/247/247
f 34/34/34 247/247/247 32/32/32
f 255/255/255 30/30/30 251/251/251
f 32/32/32 251/251/251 30/30/30
f 30/30/30 255/255/255 28/28/28
f 261/261/261 28/28/28 255/255/255
f 261/261/261 262/262/262 28/28/28
f 26/26/26 28/28/28 262/262/262
f 262/262/262 263/263/263 26/26/26
f 37/37/37 26/26/26 263/263/263
f 266/266/266 265/265/265 264/264/264
f 267/267/267 264/264/264 265/265/265
f 265/265/265 266/266/266 268/268/268
f 269/269/269 268/268/268 266/266/266
f 269/269/269 270/270/270 268/268/268
f 270/270/270 269/269/269 271/271/271
f 272/272/272 270/270/270 271/271/271
f 270/270/270 273/273/273 268/268/268
f 274/274/274 268/268/268 273/273/273
f 274/274/274 273/273/273 275/275/275
f 275/275/275 276/276/276 274/274/274
f 277/277/277 274/274/274 276/276/276
f 278/278/278 275/275/275 273/273/273
f 273/273/273 279/279/279 278/278/278
f 279/279/279 273/273/273 270/270/270
f 279/279/279 270/270/270 272/272/272
f 280/280/280 278/278/278 279/279/279
f 281/281/281 280/280/280 279/279/279
f 281/281/281 282/282/282 280/280/280
f 283/283/283 280/280/280 282/282/282
f 284/284/284 282/282/282 281/281/281
f 284/284/284 281/281/281 279/279/279
f 279/279/279 272/272/272 284/284/284
f 276/276/276 285/285/285 277/277/277
f 286/286/286 277/277/277 285/285/285
f 277/277/277 286/286/286 287/287/287
f 288/288/288 287/287/287 286/286/286
f 286/286/286 289/289/289 288/288/288
f 290/290/290 288/288/288 289/289/289
f 289/289/289 291/291/291 290/290/290
f 292/292/292 290/290/290 291/291/291
f 291/291/291 293/293/293 292/292/292
f 294/294/294 292/292/292 293/293/293
f 293/293/293 295/295/295 294/294/294
f 296/296/296 294/294/294 295/295/295
f 295/295/295 297/297/297 296/296/296
f 298/298/298 296/296/296 297/297/297
f 298/298/298 297/297/297 299/299/299
f 289/289/289 286/286/286 300/300/300
f 285/285/285 300/300/300 286/286/286
f 297/297/297 301/301/301 299/299/299
f 302/302/302 299/299/299 301/301/301
f 301/301/301 303/303/303 302/302/302
f 304/304/304 302/302/302 303/303/303
f 302/302/302 305/305/305 299/299/299
f 305/305/305 306/306/306 299/299/299
f 307/307/307 299/299/299 306/306/306
f 299/299/299 307/307/307 308/308/308
f 298/298/298 308/308/308 296/296/296
f 299/299/299 308/308/308 298/298/298
f 309/309/309 308/308/308 307/307/307
f 307/307/307 310/310/310 309/309/309
f 310/310/310 307/307/307 311/311/311
f 306/306/306 311/311/311 307/307/307
f 310/310/310 311/311/311 312/312/312
f 310/310/310 312/312/312 313/313/313
f 313/313/313 312/312/312 314/314/314
f 315/315/315 314/314/314 312/312/312
f 313/313/313 316/316/316 310/310/310
f 317/317/317 310/310/310 316/316/316
f 316/316/316 318/318/318 317/317/317
f 318/318/318 316/316/316 319/319/319
f 320/320/320 319/319/319 316/316/316
f 316/316/316 313/313/313 320/320/320
f 321/321/321 317/317/317 318/318/318
f 322/322/322 310/310/310 317/317/317
f 323/323/323 317/317/317 321/321/321
f 322/322/322 317/317/317 287/287/287
f 323/323/323 287/287/287 317/317/317
f 277/277/277 287/287/287 323/323/323
f 324/324/324 320/320/320 313/313/313
f 323/323/323 274/274/274 277/277/277
f 321/321/321 268/268/268 323/323/323
f 274/274/274 323/323/323 268/268/268
f 318/318/318 265/265/265 321/321/321
f 268/268/268 321/321/321 265/265/265
f 319/319/319 267/267/267 318/318/318
f 265/265/265 318/318/318 267/267/267
f 282/282/282 325/325/325 283/283/283
f 282/282/282 326/326/326 325/325/325
f 325/325/325 326/326/326 327/327/327
f 326/326/326 282/282/282 328/328/328
f 329/329/329 328/328/328 282/282/282
f 282/282/282 330/330/330 329/329/329
f 328/328/328 331/331/331 326/326/326
f 332/332/332 326/326/326 331/331/331
f 326/326/326 332/332/332 327/327/327
f 327/327/327 332/332/332 333/333/333
f 332/332/332 331/331/331 333/333/333
f 334/334/334 333/333/333 331/331/331
f 334/334/334 331/331/331 335/335/335
f 336/336/336 335/335/335 331/331/331
f 331/331/331 328/328/328 336/336/336
f 335/335/335 336/336/336 337/337/337
f 338/338/338 337/337/337 336/336/336
f 338/338/338 339/339/339 337/337/337
f 340/340/340 337/337/337 339/339/339
f 338/338/338 336/336/336 341/341/341
f 342/342/342 341/341/341 336/336/336
f 341/341/341 343/343/343 338/338/338
f 339/339/339 338/338/338 343/343/343
f 341/341/341 342/342/342 344/344/344
f 345/345/345 344/344/344 342/342/342
f 344/344/344 346/346/346 341/341/341
f 343/343/343 341/341/341 346/346/346
f 344/344/344 347/347/347 346/346/346
f 348/348/348 346/346/346 347/347/347
f 347/347/347 349/349/349 348/348/348
f 350/350/350 348/348/348 349/349/349
f 349/349/349 351/351/351 350/350/350
f 352/352/352 350/350/350 351/351/351
f 351/351/351 353/353/353 352/352/352
f 354/354/354 352/352/352 353/353/353
f 354/354/354 353/353/353 355/355/355
f 356/356/356 355/355/355 353/353/353
f 355/355/355 356/356/356 357/357/357
f 358/358/358 357/357/357 356/356/356
f 357/357/357 358/358/358 359/359/359
f 360/360/360 359/359/359 358/358/358
f 359/359/359 360/360/360 361/361/361
f 362/362/362 361/361/361 360/360/360
f 351/351/351 349/349/349 363/363/363
f 364/364/364 363/363/363 349/349/349
f 358/358/358 365/365/365 360/360/360
f 366/366/366 360/360/360 365/365/365
f 360/360/360 366/366/366 362/362/362
f 367/367/367 362/362/362 366/366/366
f 364/364/364 368/368/368 363/363/363
f 369/369/369 368/368/368 364/364/364
f 370/370/370 369/369/369 364/364/364
f 358/358/358 356/356/356 371/371/371
f 372/372/372 358/358/358 371/371/371
f 372/372/372 365/365/365 358/358/358
f 372/372/372 373/373/373 365/365/365
f 374/374/374 365/365/365 373/373/373
f 361/361/361 362/362/362 375/375/375
f 376/376/376 375/375/375 362/362/362
f 362/362/362 367/367/367 376/376/376
f 377/377/377 376/376/376 367/367/367
f 368/368/368 369/369/369 378/378/378
f 379/379/379 378/378/378 369/369/369
f 379/379/379 380/380/380 378/378/378
f 381/381/381 378/378/378 380/380/380
f 368/368/368 378/378/378 382/382/382
f 383/383/383 382/382/382 378/378/378
f 378/378/378 381/381/381 383/383/383
f 384/384/384 383/383/383 381/381/381
f 383/383/383 384/384/384 385/385/385
f 386/386/386 385/385/385 384/384/384
f 385/385/385 387/387/387 383/383/383
f 382/382/382 383/383/383 387/387/387
f 382/382/382 387/387/387 363/363/363
f 388/388/388 363/363/363 387/387/387
f 388/388/388 387/387/387 389/389/389
f 390/390/390 389/389/389 387/387/387
f 387/387/387 385/385/385 390/390/390
f 363/363/363 388/388/388 351/351/351
f 353/353/353 351/351/351 388/388/388
f 389/389/389 371/371/371 388/388/388
f 353/353/353 388/388/388 371/371/371
f 356/356/356 353/353/353 371/371/371
f 385/385/385 386/386/386 391/391/391
f 391/391/391 390/390/390 385/385/385
f 392/392/392 391/391/391 386/386/386
f 391/391/391 392/392/392 393/393/393
f 394/394/394 393/393/393 392/392/392
f 391/391/391 393/393/393 395/395/395
f 395/395/395 390/390/390 391/391/391
f 396/396/396 395/395/395 393/393/393
f 398/398/398 396/396/396 397/397/397
f 397/397/397 399/399/399 398/398/398
f 397/397/397 400/400/400 399/399/399
f 401/401/401 399/399/399 400/400/400
f 401/401/401 402/402/402 399/399/399
f 403/403/403 399/399/399 402/402/402
f 402/402/402 404/404/404 403/403/403
f 405/405/405 403/403/403 404/404/404
f 405/405/405 404/404/404 406/406/406
f 407/407/407 406/406/406 404/404/404
f 406/406/406 407/407/407 408/408/408
f 409/409/409 408/408/408 407/407/407
f 409/409/409 410/410/410 408/408/408
f 411/411/411 408/408/408 410/410/410
f 408/408/408 411/411/411 412/412/412
f 406/406/406 408/408/408 413/413/413
f 414/414/414 413/413/413 408/408/408
f 408/408/408 412/412/412 414/414/414
f 413/413/413 415/415/415 406/406/406
f 405/405/405 406/406/406 415/415/415
f 415/415/415 416/416/416 405/405/405
f 403/403/403 405/405/405 416/416/416
f 416/416/416 399/399/399 403/403/403
f 416/416/416 398/398/398 399/399/399
f 373/373/373 413/413/413 414/414/414
f 414/414/414 417/417/417 373/373/373
f 414/414/414 418/418/418 417/417/417
f 414/414/414 419/419/419 418/418/418
f 419/419/419 414/414/414 412/412/412
f 420/420/420 418/418/418 419/419/419
f 418/418/418 420/420/420 421/421/421
f 422/422/422 421/421/421 420/420/420
f 422/422/422 377/377/377 421/421/421
f 367/367/367 421/421/421 377/377/377
f 374/374/374 373/373/373 417/417/417
f 423/423/423 416/416/416 415/415/415
f 423/423/423 415/415/415 413/413/413
f 423/423/423 413/413/413 373/373/373
f 419/419/419 424/424/424 420/420/420
f 425/425/425 420/420/420 424/424/424
f 420/420/420 425/425/425 422/422/422
f 426/426/426 422/422/422 425/425/425
f 422/422/422 426/426/426 377/377/377
f 376/376/376 377/377/377 426/426/426
f 425/425/425 424/424/424 427/427/427
f 425/425/425 427/427/427 426/426/426
f 428/428/428 426/426/426 427/427/427
f 426/426/426 428/428/428 376/376/376
f 375/375/375 376/376/376 428/428/428
f 424/424/424 419/419/419 412/412/412
f 429/429/429 424/424/424 412/412/412
f 412/412/412 411/411/411 429/429/429
f 430/430/430 429/429/429 411/411/411
f 429/429/429 430/430/430 431/431/431
f 429/429/429 431/431/431 424/424/424
f 432/432/432 424/424/424 431/431/431
f 424/424/424 432/432/432 427/427/427
f 434/434/434 431/431/431 433/433/433
f 431/431/431 434/434/434 435/435/435
f 434/434/434 436/436/436 435/435/435
f 437/437/437 435/435/435 436/436/436
f 436/436/436 434/434/434 438/438/438
f 411/411/411 410/410/410 439/439/439
f 440/440/440 439/439/439 410/410/410
f 438/438/438 441/441/441 440/440/440
f 441/441/441 442/442/442 434/434/434
f 443/443/443 440/440/440 441/441/441
f 445/445/445 441/441/441 444/444/444
f 345/345/345 446/446/446 344/344/344
f 446/446/446 347/347/347 344/344/344
f 446/446/446 447/447/447 347/347/347
f 347/347/347 447/447/447 364/364/364
f 448/448/448 364/364/364 447/447/447
f 364/364/364 349/349/349 347/347/347
f 449/449/449 448/448/448 447/447/447
f 447/447/447 450/450/450 449/449/449
f 447/447/447 446/446/446 450/450/450
f 449/449/449 450/450/450 451/451/451
f 452/452/452 451/451/451 450/450/450
f 451/451/451 452/452/452 272/272/272
f 284/284/284 272/272/272 452/452/452
f 453/453/453 450/450/450 446/446/446
f 450/450/450 453/453/453 452/452/452
f 446/446/446 454/454/454 453/453/453
f 455/455/455 453/453/453 454/454/454
f 330/330/330 453/453/453 455/455/455
f 330/330/330 452/452/452 453/453/453
f 284/284/284 452/452/452 330/330/330
f 455/455/455 329/329/329 330/330/330
f 454/454/454 456/456/456 455/455/455
f 457/457/457 455/455/455 456/456/456
f 457/457/457 329/329/329 455/455/455
f 458/458/458 457/457/457 456/456/456
f 458/458/458 328/328/328 457/457/457
f 329/329/329 457/457/457 328/328/328
f 458/458/458 336/336/336 328/328/328
f 459/459/459 451/451/451 272/272/272
f 460/460/460 459/459/459 272/272/272
f 459/459/459 460/460/460 461/461/461
f 462/462/462 461/461/461 460/460/460
f 460/460/460 463/463/463 462/462/462
f 464/464/464 462/462/462 463/463/463
f 464/464/464 465/465/465 462/462/462
f 466/466/466 462/462/462 465/465/465
f 461/461/461 462/462/462 467/467/467
f 466/466/466 467/467/467 462/462/462
f 461/461/461 449/449/449 459/459/459
f 467/467/467 449/449/449 461/461/461
f 449/449/449 467/467/467 448/448/448
f 451/451/451 459/459/459 449/449/449
f 468/468/468 463/463/463 460/460/460
f 460/460/460 469/469/469 468/468/468
f 460/460/460 272/272/272 469/469/469
f 469/469/469 272/272/272 470/470/470
f 469/469/469 470/470/470 468/468/468
f 271/271/271 470/470/470 272/272/272
f 271/271/271 471/471/471 470/470/470
f 472/472/472 470/470/470 471/471/471
f 472/472/472 471/471/471 473/473/473
f 472/472/472 473/473/473 474/474/474
f 470/470/470 472/472/472 474/474/474
f 475/475/475 474/474/474 473/473/473
f 474/474/474 475/475/475 476/476/476
f 477/477/477 476/476/476 475/475/475
f 477/477/477 478/478/478 476/476/476
f 479/479/479 476/476/476 478/478/478
f 478/478/478 480/480/480 479/479/479
f 481/481/481 479/479/479 480/480/480
f 481/481/481 369/369/369 479/479/479
f 482/482/482 479/479/479 369/369/369
f 479/479/479 482/482/482 476/476/476
f 482/482/482 369/369/369 483/483/483
f 370/370/370 483/483/483 369/369/369
f 463/463/463 482/482/482 483/483/483
f 482/482/482 463/463/463 484/484/484
f 484/484/484 476/476/476 482/482/482
f 463/463/463 485/485/485 484/484/484
f 468/468/468 485/485/485 463/463/463
f 468/468/468 470/470/470 485/485/485
f 484/484/484 486/486/486 476/476/476
f 486/486/486 470/470/470 474/474/474
f 474/474/474 476/476/476 486/486/486
f 487/487/487 370/370/370 364/364/364
f 448/448/448 487/487/487 364/364/364
f 490/490/490 489/489/489 488/488/488
f 491/491/491 488/488/488 489/489/489
f 492/492/492 489/489/489 490/490/490
f 372/372/372 493/493/493 373/373/373
f 493/493/493 423/423/423 373/373/373
f 372/372/372 494/494/494 493/493/493
f 496/496/496 494/494/494 495/495/495
f 499/499/499 498/498/498 497/497/497
f 501/501/501 500/500/500 498/498/498
f 504/504/504 503/503/503 502/502/502
f 503/503/503 505/505/505 502/502/502
f 506/506/506 502/502/502 505/505/505
f 507/507/507 506/506/506 505/505/505
f 506/506/506 507/507/507 508/508/508
f 511/511/511 510/510/510 509/509/509
f 511/511/511 512/512/512 510/510/510
f 512/512/512 513/513/513 510/510/510
f 515/515/515 514/514/514 513/513/513
f 517/517/517 515/515/515 516/516/516
f 518/518/518 517/517/517 516/516/516
f 520/520/520 516/516/516 519/519/519
f 523/523/523 522/522/522 521/521/521
f 523/523/523 524/524/524 522/522/522
f 525/525/525 522/522/522 524/524/524
f 526/526/526 473/473/473 471/471/471
f 471/471/471 527/527/527 526/526/526
f 528/528/528 526/526/526 527/527/527
f 529/529/529 527/527/527 471/471/471
f 271/271/271 529/529/529 471/471/471
f 527/527/527 529/529/529 266/266/266
f 266/266/266 264/264/264 527/527/527
f 269/269/269 266/266/266 529/529/529
f 271/271/271 269/269/269 529/529/529
f 531/531/531 527/527/527 530/530/530
f 282/282/282 284/284/284 330/330/330
f 368/368/368 382/382/382 363/363/363
f 534/534/534 533/533/533 532/532/532
f 535/535/535 532/532/532 533/533/533
f 534/534/534 532/532/532 536/536/536
f 537/537/537 536/536/536 532/532/532
f 536/536/536 537/537/537 538/538/538
f 536/536/536 538/538/538 539/539/539
f 540/540/540 539/539/539 538/538/538
f 539/539/539 540/540/540 541/541/541
f 541/541/541 542/542/542 539/539/539
f 543/543/543 539/539/539 542/542/542
f 536/536/536 539/539/539 543/543/543
f 543/543/543 534/534/534 536/536/536
f 542/542/542 533/533/533 543/543/543
f 534/534/534 543/543/543 533/533/533
f 544/544/544 541/541/541 540/540/540
f 545/545/545 538/538/538 537/537/537
f 532/532/532 535/535/535 546/546/546
f 547/547/547 546/546/546 535/535/535
f 532/532/532 548/548/548 537/537/537
f 549/549/549 537/537/537 548/548/548
f 550/550/550 537/537/537 549/549/549
f 550/550/550 545/545/545 537/537/537
f 550/550/550 549/549/549 551/551/551
f 552/552/552 551/551/551 549/549/549
f 553/553/553 552/552/552 549/549/549
f 549/549/549 554/554/554 553/553/553
f 555/555/555 553/553/553 554/554/554
f 544/544/544 556/556/556 541/541/541
f 557/557/557 553/553/553 555/555/555
f 557/557/557 558/558/558 553/553/553
f 552/552/552 553/553/553 558/558/558
f 558/558/558 551/551/551 552/552/552
f 547/547/547 535/535/535 559/559/559
f 560/560/560 559/559/559 535/535/535
f 535/535/535 533/533/533 560/560/560
f 533/533/533 542/542/542 560/560/560
f 560/560/560 542/542/542 541/541/541
f 556/556/556 560/560/560 541/541/541
f 560/560/560 561/561/561 559/559/559
f 560/560/560 562/562/562 561/561/561
f 556/556/556 562/562/562 560/560/560
f 565/565/565 564/564/564 563/563/563
f 565/565/565 566/566/566 564/564/564
f 566/566/566 567/567/567 564/564/564
f 566/566/566 568/568/568 567/567/567
f 568/568/568 569/569/569 567/567/567
f 569/569/569 570/570/570 567/567/567
f 568/568/568 571/571/571 569/569/569
f 574/574/574 573/573/573 572/572/572
f 576/576/576 575/575/575 573/573/573
f 576/576/576 577/577/577 575/575/575
f 578/578/578 575/575/575 577/577/577
f 579/579/579 573/573/573 575/575/575
f 581/581/581 580/580/580 574/574/574
f 580/580/580 582/582/582 574/574/574
f 585/585/585 584/584/584 583/583/583
f 586/586/586 583/583/583 584/584/584
f 589/589/589 588/588/588 587/587/587
f 590/590/590 587/587/587 588/588/588
f 587/587/587 591/591/591 589/589/589
f 592/592/592 589/589/589 591/591/591
f 588/588/588 593/593/593 590/590/590
f 594/594/594 590/590/590 593/593/593
f 595/595/595 592/592/592 591/591/591
f 596/596/596 592/592/592 595/595/595
f 588/588/588 589/589/589 597/597/597
f 598/598/598 597/597/597 589/589/589
f 589/589/589 592/592/592 598/598/598
f 599/599/599 598/598/598 592/592/592
f 596/596/596 599/599/599 592/592/592
f 597/597/597 600/600/600 588/588/588
f 593/593/593 588/588/588 600/600/600
f 590/590/590 594/594/594 301/301/301
f 303/303/303 301/301/301 594/594/594
f 301/301/301 297/297/297 590/590/590
f 587/587/587 590/590/590 297/297/297
f 297/297/297 295/295/295 587/587/587
f 591/591/591 587/587/587 295/295/295
f 295/295/295 293/293/293 591/591/591
f 595/595/595 591/591/591 293/293/293
f 293/293/293 291/291/291 595/595/595
f 601/601/601 595/595/595 291/291/291
f 601/601/601 291/291/291 602/602/602
f 289/289/289 602/602/602 291/291/291
f 602/602/602 289/289/289 603/603/603
f 300/300/300 603/603/603 289/289/289
f 606/606/606 605/605/605 604/604/604
f 607/607/607 604/604/604 605/605/605
f 605/605/605 608/608/608 607/607/607
f 609/609/609 607/607/607 608/608/608
f 608/608/608 610/610/610 609/609/609
f 611/611/611 609/609/609 610/610/610
f 610/610/610 612/612/612 611/611/611
f 613/613/613 611/611/611 612/612/612
f 612/612/612 614/614/614 613/613/613
f 615/615/615 613/613/613 614/614/614
f 614/614/614 616/616/616 615/615/615
f 617/617/617 615/615/615 616/616/616
f 616/616/616 618/618/618 617/617/617
f 619/619/619 617/617/617 618/618/618
f 618/618/618 620/620/620 619/619/619
f 621/621/621 619/619/619 620/620/620
f 620/620/620 622/622/622 621/621/621
f 623/623/623 621/621/621 622/622/622
f 622/622/622 624/624/624 623/623/623
f 625/625/625 623/623/623 624/624/624
f 628/628/628 627/627/627 626/626/626
f 629/629/629 626/626/626 627/627/627
f 627/627/627 630/630/630 629/629/629
f 627/627/627 631/631/631 630/630/630
f 632/632/632 630/630/630 631/631/631
f 631/631/631 633/633/633 632/632/632
f 631/631/631 634/634/634 633/633/633
f 635/635/635 633/633/633 634/634/634
f 634/634/634 636/636/636 635/635/635
f 634/634/634 637/637/637 636/636/636
f 639/639/639 636/636/636 638/638/638
f 638/638/638 640/640/640 639/639/639
f 637/637/637 641/641/641 640/640/640
f 642/642/642 640/640/640 641/641/641
f 641/641/641 643/643/643 642/642/642
f 644/644/644 642/642/642 643/643/643
f 643/643/643 645/645/645 644/644/644
f 643/643/643 646/646/646 645/645/645
f 649/649/649 648/648/648 647/647/647
f 649/649/649 650/650/650 648/648/648
f 649/649/649 651/651/651 650/650/650
f 649/649/649 652/652/652 651/651/651
f 649/649/649 653/653/653 652/652/652
f 649/649/649 654/654/654 653/653/653
f 657/657/657 656/656/656 655/655/655
f 657/657/657 658/658/658 656/656/656
f 657/657/657 659/659/659 658/658/658
f 657/657/657 660/660/660 659/659/659
f 657/657/657 661/661/661 660/660/660
f 657/657/657 662/662/662 661/661/661
f 657/657/657 663/663/663 662/662/662
f 657/657/657 664/664/664 663/663/663
f 657/657/657 665/665/665 664/664/664
f 657/657/657 666/666/666 665/665/665
f 669/669/669 668/668/668 667/667/667
f 670/670/670 667/667/667 668/668/668
f 671/671/671 667/667/667 670/670/670
f 672/672/672 671/671/671 670/670/670
f 673/673/673 672/672/672 670/670/670
f 676/676/676 675/675/675 674/674/674
f 675/675/675 677/677/677 674/674/674
f 676/676/676 678/678/678 675/675/675
f 677/677/677 679/679/679 674/674/674
f 679/679/679 680/680/680 674/674/674
f 680/680/680 681/681/681 674/674/674
f 674/674/674 681/681/681 682/682/682
f 683/683/683 682/682/682 681/681/681
f 686/686/686 685/685/685 684/684/684
f 687/687/687 686/686/686 684/684/684
f 688/688/688 686/686/686 687/687/687
f 688/688/688 689/689/689 686/686/686
f 690/690/690 686/686/686 689/689/689
f 689/689/689 688/688/688 691/691/691
f 692/692/692 691/691/691 688/688/688
f 690/690/690 693/693/693 686/686/686
f 694/694/694 686/686/686 693/693/693
f 694/694/694 685/685/685 686/686/686
f 695/695/695 688/688/688 687/687/687
f 692/692/692 688/688/688 695/695/695
f 698/698/698 697/697/697 696/696/696
f 697/697/697 699/699/699 696/696/696
f 699/699/699 700/700/700 696/696/696
f 697/697/697 701/701/701 699/699/699
f 702/702/702 699/699/699 701/701/701
f 705/705/705 704/704/704 703/703/703
f 706/706/706 703/703/703 704/704/704
f 704/704/704 705/705/705 707/707/707
f 708/708/708 707/707/707 705/705/705
f 707/707/707 708/708/708 709/709/709
f 710/710/710 709/709/709 708/708/708
f 709/709/709 710/710/710 711/711/711
f 712/712/712 711/711/711 710/710/710
f 711/711/711 712/712/712 713/713/713
f 714/714/714 713/713/713 712/712/712
f 713/713/713 714/714/714 715/715/715
f 716/716/716 715/715/715 714/714/714
f 715/715/715 716/716/716 717/717/717
f 718/718/718 717/717/717 716/716/716
f 717/717/717 718/718/718 719/719/719
f 720/720/720 719/719/719 718/718/718
f 719/719/719 720/720/720 721/721/721
f 722/722/722 721/721/721 720/720/720
f 721/721/721 722/722/722 723/723/723
f 724/724/724 723/723/723 722/722/722
f 727/727/727 726/726/726 725/725/725
f 728/728/728 725/725/725 726/726/726
f 729/729/729 726/726/726 727/727/727
f 726/726/726 729/729/729 730/730/730
f 731/731/731 730/730/730 729/729/729
f 732/732/732 730/730/730 731/731/731
f 730/730/730 732/732/732 733/733/733
f 734/734/734 733/733/733 732/732/732
f 735/735/735 733/733/733 734/734/734
f 733/733/733 735/735/735 736/736/736
f 738/738/738 737/737/737 735/735/735
f 739/739/739 737/737/737 738/738/738
f 736/736/736 739/739/739 740/740/740
f 741/741/741 740/740/740 739/739/739
f 740/740/740 741/741/741 742/742/742
f 743/743/743 742/742/742 741/741/741
f 744/744/744 742/742/742 743/743/743
f 744/744/744 745/745/745 742/742/742
f 748/748/748 747/747/747 746/746/746
f 749/749/749 747/747/747 748/748/748
f 750/750/750 747/747/747 749/749/749
f 751/751/751 747/747/747 750/750/750
f 752/752/752 747/747/747 751/751/751
f 753/753/753 747/747/747 752/752/752
f 756/756/756 755/755/755 754/754/754
f 757/757/757 755/755/755 756/756/756
f 758/758/758 755/755/755 757/757/757
f 759/759/759 755/755/755 758/758/758
f 760/760/760 755/755/755 759/759/759
f 761/761/761 755/755/755 760/760/760
f 762/762/762 755/755/755 761/761/761
f 763/763/763 755/755/755 762/762/762
f 764/764/764 755/755/755 763/763/763
f 765/765/765 755/755/755 764/764/764
f 768/768/768 767/767/767 766/766/766
f 769/769/769 766/766/766 767/767/767
f 766/766/766 770/770/770 768/768/768
f 770/770/770 771/771/771 768/768/768
f 771/771/771 772/772/772 768/768/768
f 775/775/775 774/774/774 773/773/773
f 776/776/776 775/775/775 773/773/773
f 777/777/777 774/774/774 775/775/775
f 778/778/778 776/776/776 773/773/773
f 779/779/779 778/778/778 773/773/773
f 780/780/780 779/779/779 773/773/773
f 773/773/773 781/781/781 780/780/780
f 782/782/782 780/780/780 781/781/781
f 785/785/785 784/784/784 783/783/783
f 784/784/784 786/786/786 783/783/783
f 784/784/784 787/787/787 786/786/786
f 787/787/787 784/784/784 788/788/788
f 789/789/789 788/788/788 784/784/784
f 788/788/788 790/790/790 787/787/787
f 791/791/791 787/787/787 790/790/790
f 789/789/789 784/784/784 792/792/792
f 793/793/793 792/792/792 784/784/784
f 785/785/785 793/793/793 784/784/784
f 787/787/787 794/794/794 786/786/786
f 787/787/787 791/791/791 794/794/794
f 797/797/797 796/796/796 795/795/795
f 796/796/796 798/798/798 795/795/795
f 798/798/798 799/799/799 795/795/795
f 796/796/796 800/800/800 798/798/798
f 801/801/801 798/798/798 800/800/800
f 804/804/804 803/803/803 802/802/802
f 805/805/805 802/802/802 803/803/803
f 804/804/804 802/802/802 806/806/806
f 807/807/807 806/806/806 802/802/802
f 806/806/806 807/807/807 808/808/808
f 809/809/809 808/808/808 807/807/807
f 808/808/808 809/809/809 810/810/810
f 811/811/811 810/810/810 809/809/809
f 810/810/810 811/811/811 812/812/812
f 813/813/813 812/812/812 811/811/811
f 813/813/813 811/811/811 814/814/814
f 805/805/805 803/803/803 815/815/815
f 816/816/816 815/815/815 803/803/803
f 812/812/812 813/813/813 817/817/817
f 818/818/818 817/817/817 813/813/813
f 819/819/819 817/817/817 818/818/818
f 804/804/804 806/806/806 820/820/820
f 821/821/821 820/820/820 806/806/806
f 820/820/820 822/822/822 804/804/804
f 822/822/822 823/823/823 804/804/804
f 824/824/824 821/821/821 806/806/806
f 826/826/826 807/807/807 825/825/825
f 825/825/825 807/807/807 827/827/827
f 802/802/802 827/827/827 807/807/807
f 828/828/828 827/827/827 802/802/802
f 829/829/829 828/828/828 802/802/802
f 832/832/832 831/831/831 830/830/830
