g NPC_Nan_036
v 1.013279E-06 0.1070641 1.702307
v 0.04827991 0.1005999 1.69111
v 0.04354244 0.09635639 1.69849
v 1.013279E-06 0.1154112 1.696803
v 0.04220486 0.09465533 1.688759
v 1.013279E-06 0.1076699 1.692327
v 0.04354244 0.09635639 1.69849
v 1.013279E-06 0.1070641 1.702307
v 0.08234873 0.04661644 1.677473
v 0.07815188 0.04978329 1.669094
v 0.07843849 -0.004941195 1.654336
v 0.07279688 0.00107795 1.64913
v 0.08688578 0.0487929 1.669385
v 0.08000213 -0.002356946 1.646101
v 0.07843849 -0.004941195 1.654336
v 0.08234873 0.04661644 1.677473
v 0.07843849 -0.004941195 1.654336
v 0.08000213 -0.002356946 1.646101
v 0.07279688 0.00107795 1.64913
v 0.07843849 -0.004941195 1.654336
v 0.03989786 -0.05101568 1.623222
v 0.03901702 -0.04421821 1.616895
v 1.013279E-06 -0.06286052 1.61628
v 1.013279E-06 -0.05553642 1.609475
v 0.04276878 -0.05044243 1.614588
v 1.013279E-06 -0.06390914 1.606337
v 1.013279E-06 -0.06286052 1.61628
v 0.03989786 -0.05101568 1.623222
v 0.0611594 -0.05546886 1.619321
v 0.05639631 -0.05044243 1.612927
v 0.05737969 -0.1017833 1.552824
v 0.05211788 -0.09506744 1.549265
v 0.03410244 -0.1485522 1.425385
v 0.02933002 -0.1407155 1.423714
v 1.013279E-06 -0.1521432 1.40833
v 1.013279E-06 -0.1421556 1.407861
v 0.03491804 -0.1423187 1.418781
v 1.013279E-06 -0.1465248 1.400059
v 1.013279E-06 -0.1521432 1.40833
v 0.03410244 -0.1485522 1.425385
v 0.05888972 -0.09682915 1.5457
v 0.05737969 -0.1017833 1.552824
v 0.0645127 -0.0499787 1.613388
v 0.0611594 -0.05546886 1.619321
v 1.013279E-06 0.1070641 1.702307
v -0.04827559 0.1005999 1.69111
v 1.013279E-06 0.1154112 1.696803
v -0.04353809 0.09635639 1.69849
v -0.04220051 0.09465533 1.688759
v 1.013279E-06 0.1076699 1.692327
v -0.04353809 0.09635639 1.69849
v 1.013279E-06 0.1070641 1.702307
v -0.08234441 0.04661644 1.677473
v -0.07814986 0.04978329 1.669094
v -0.07843417 -0.004941195 1.654336
v -0.07279485 0.00107795 1.64913
v -0.08688378 0.0487929 1.669385
v -0.07999778 -0.002356946 1.646101
v -0.07843417 -0.004941195 1.654336
v -0.08234441 0.04661644 1.677473
v -0.06115508 -0.05546886 1.619321
v -0.05639195 -0.05044243 1.612927
v -0.0645107 -0.0499787 1.613388
v -0.06115508 -0.05546886 1.619321
v -0.07843417 -0.004941195 1.654336
v -0.07999778 -0.002356946 1.646101
v -0.07279485 0.00107795 1.64913
v -0.07843417 -0.004941195 1.654336
v -0.03989351 -0.05101568 1.623222
v -0.039015 -0.04421821 1.616895
v 1.013279E-06 -0.06286052 1.61628
v 1.013279E-06 -0.05553642 1.609475
v -0.04276443 -0.05044243 1.614588
v 1.013279E-06 -0.06390914 1.606337
v 1.013279E-06 -0.06286052 1.61628
v -0.03989351 -0.05101568 1.623222
v -0.05737537 -0.1017833 1.552824
v -0.05888772 -0.09682915 1.5457
v -0.05211592 -0.09506744 1.549265
v -0.03409809 -0.1485522 1.425385
v -0.02932566 -0.1407155 1.423714
v 1.013279E-06 -0.1521432 1.40833
v 1.013279E-06 -0.1421556 1.407861
v -0.03491604 -0.1423187 1.418781
v 1.013279E-06 -0.1465248 1.400059
v 1.013279E-06 -0.1521432 1.40833
v -0.03409809 -0.1485522 1.425385
v -0.05737537 -0.1017833 1.552824
v -0.3878312 -0.01177827 1.134943
v -0.3286163 -0.02003217 1.284836
v -0.2991638 0.01888132 1.256854
v -0.4151399 -0.03365734 1.146422
v -0.2984111 -0.002144873 1.333842
v -0.3774241 -0.007798135 1.309824
v -0.3371195 0.008162022 1.358389
v -0.3561137 0.05927223 1.364721
v -0.3980868 0.04390395 1.30713
v -0.4533053 0.01107019 1.144059
v -0.4449256 -0.02233449 1.148852
v -0.3406452 0.108686 1.344778
v -0.3480415 0.0844906 1.271383
v -0.2922055 0.09256971 1.328289
v -0.2700468 0.041583 1.316784
v -0.2991638 0.01888132 1.256854
v -0.3878312 -0.01177827 1.134943
v -0.4207139 0.03396761 1.12746
v -0.2700468 0.041583 1.316784
v -0.4151399 -0.03365734 1.146422
v -0.4580172 -0.03836685 1.125386
v -0.4449256 -0.02233449 1.148852
v -0.4150769 -0.05242082 1.126626
v -0.3827022 -0.02584389 1.115177
v -0.3878312 -0.01177827 1.134943
v -0.4708593 0.004538417 1.110761
v -0.4533053 0.01107019 1.144059
v -0.4277117 0.03640276 1.094608
v -0.4207139 0.03396761 1.12746
v -0.3823783 -0.05646154 1.093412
v -0.4160277 -0.07683527 1.104094
v -0.385713 -0.08114398 1.060986
v -0.4143103 -0.09495324 1.071051
v -0.3944376 -0.09829488 1.023392
v -0.4154568 -0.1075694 1.027892
v -0.4926522 -0.005875647 1.02753
v -0.4480132 -0.06603438 1.098725
v -0.4160277 -0.07683527 1.104094
v -0.4955534 -0.04880422 1.041643
v -0.4982659 -0.0223811 0.982304
v -0.4735975 0.01534861 0.9751267
v -0.4580498 0.03020418 1.020241
v -0.500757 -0.0639511 0.994622
v -0.4853538 -0.008543849 0.9331886
v -0.4931509 -0.04049441 0.9306532
v -0.5034275 -0.0776765 0.945588
v -0.4247733 -0.05753115 1.08229
v -0.4115862 -0.08871973 1.017967
v -0.487493 -0.07261744 1.050139
v -0.500757 -0.0639511 0.994622
v -0.4935284 -0.08740079 1.001349
v -0.5034275 -0.0776765 0.945588
v -0.4990466 -0.09984219 0.9519007
v -0.4518698 -0.06714591 1.055466
v -0.4247733 -0.05753115 1.08229
v -0.478519 -0.08319229 0.9969848
v -0.4990466 -0.09984219 0.9519007
v -0.4877633 -0.09425417 0.944798
v -0.4898093 -0.07585189 0.9442527
v -0.4990466 -0.09984219 0.9519007
v -0.4207139 0.03396761 1.12746
v -0.3827022 -0.02584389 1.115177
v -0.3878312 -0.01177827 1.134943
v -0.4277117 0.03640276 1.094608
v -0.4052338 -0.03403717 1.086501
v -0.3823783 -0.05646154 1.093412
v -0.385713 -0.08114398 1.060986
v -0.4104466 -0.06587592 1.052255
v -0.3944376 -0.09829488 1.023392
v -0.4115862 -0.08871973 1.017967
v -0.4572831 -0.01710299 1.029124
v -0.4247733 -0.05753115 1.08229
v -0.4583993 -0.04740837 1.042523
v -0.4518698 -0.06714591 1.055466
v -0.478519 -0.08319229 0.9969848
v -0.4847991 -0.06246904 0.9925014
v -0.4877633 -0.09425417 0.944798
v -0.4898093 -0.07585189 0.9442527
v -0.4826366 -0.02866587 0.9811692
v -0.4847991 -0.06246904 0.9925014
v -0.4898093 -0.07585189 0.9442527
v -0.4735975 0.01534861 0.9751267
v -0.4853538 -0.008543849 0.9331886
v -0.4931509 -0.04049441 0.9306532
v -0.4898093 -0.07585189 0.9442527
v -0.4580498 0.03020418 1.020241
v -0.5034275 -0.0776765 0.945588
v -0.4898093 -0.07585189 0.9442527
v -0.4104466 -0.06587592 1.052255
v -0.4115862 -0.08871973 1.017967
v -0.4143103 -0.09495324 1.071051
v -0.4247733 -0.05753115 1.08229
v -0.4052338 -0.03403717 1.086501
v -0.4247733 -0.05753115 1.08229
v -0.2037081 0.1303553 1.402306
v -0.2193583 0.1157631 1.390974
v -0.2005506 0.07304657 1.382752
v -0.2140453 0.1588151 1.440795
v -0.1847606 0.1657361 1.473265
v -0.2122813 0.1600385 1.525914
v -0.268136 0.1427711 1.480245
v -0.2370242 0.1499507 1.412634
v -0.3166059 0.1384671 1.413946
v -0.3436047 0.06154656 1.439493
v -0.2961926 0.05874324 1.521831
v -0.2730878 -0.0156745 1.51145
v -0.3117776 -0.01284322 1.427466
v -0.2526488 0.138008 1.37334
v -0.2306044 -0.04006797 1.452733
v -0.2568434 -0.03086567 1.393532
v -0.2318417 0.04837346 1.355751
v -0.2141036 0.07605028 1.386812
v -0.2189202 -0.05244645 1.484199
v -0.2115612 -0.05103663 1.453561
v -0.2059848 -0.04643199 1.424576
v -0.2154458 -0.01795354 1.43417
v -0.208914 0.01434427 1.407756
v -0.2011285 0.002289653 1.401285
v -0.1835092 -0.08518234 1.432569
v -0.210156 -0.05576712 1.525655
v -0.2411582 -0.01275 1.58023
v -0.208914 0.01434427 1.407756
v -0.2011285 0.002289653 1.401285
v -0.2318417 0.04837346 1.355751
v -0.1865013 -0.07438612 1.330999
v -0.1964563 -0.0007979274 1.320776
v -0.1964563 -0.0007979274 1.320776
v -0.1870186 0.07538384 1.307176
v -0.1880975 0.1118878 1.378029
v -0.1694599 0.1534858 1.428876
v -0.2599427 0.05653644 1.58995
v -0.2390376 0.1291878 1.578998
v -0.2154458 -0.01795354 1.43417
v -0.208914 0.01434427 1.407756
v -0.2932867 -0.02061239 1.323796
v -0.3371195 0.008162022 1.358389
v -0.3496797 -0.005917609 1.359979
v -0.2984111 -0.002144873 1.333842
v -0.2700468 0.041583 1.316784
v -0.261695 0.03845572 1.304657
v -0.3738844 0.05514526 1.369139
v -0.3561137 0.05927223 1.364721
v -0.351805 0.1261701 1.339046
v -0.3406452 0.108686 1.344778
v -0.2893672 0.1019911 1.303346
v -0.2922055 0.09256971 1.328289
v -0.261695 0.03845572 1.304657
v -0.2700468 0.041583 1.316784
v 0.03217295 -0.02774307 1.634584
v 1.013279E-06 -0.01670682 1.653849
v 0.03634882 -0.004155904 1.662991
v 1.013279E-06 -0.02699506 1.626258
v 0.06689191 0.00383234 1.652397
v 0.08913919 0.04869503 1.665055
v 0.06363183 0.04870439 1.684984
v 0.0586054 0.1192305 1.6643
v 0.04051307 0.09435469 1.697863
v 1.013279E-06 0.1263565 1.665929
v 1.013279E-06 0.1055191 1.702801
v 0.03888419 0.08909988 1.727861
v 1.013279E-06 0.100008 1.731426
v 1.013279E-06 0.1027787 1.761711
v 0.03956464 0.08938652 1.763757
v 1.013279E-06 0.1136192 1.802987
v 0.04610807 0.08979201 1.802102
v 0.05781078 0.05818629 1.777624
v 0.06590387 0.053069 1.807508
v 0.06678474 0.04628783 1.790658
v 0.06548211 0.03668004 1.780062
v 0.05732608 0.0720259 1.834034
v 0.06805009 0.04697764 1.823999
v 0.05920896 0.03387439 1.855216
v 0.06423306 0.03395832 1.830079
v 0.05584168 0.05369115 1.721525
v 0.05585802 0.03085899 1.744329
v 0.03034833 -0.001734734 1.718908
v 0.05913439 0.01599407 1.744276
v 0.05158192 -0.001872241 1.732426
v 0.06313083 0.01560491 1.773866
v 0.05051231 -0.02227622 1.75908
v 0.06173265 -0.01626408 1.807121
v 0.05687869 -0.03906363 1.795057
v 0.05239287 -0.03417933 1.826735
v 0.04728022 -0.0487949 1.812395
v 0.04120749 -0.07316041 1.82251
v 0.01727077 -0.07840353 1.81854
v 0.01350269 -0.08704191 1.825393
v 0.009105444 -0.07963395 1.815217
v 1.013279E-06 -0.08584183 1.825712
v 1.013279E-06 -0.08227181 1.855619
v 0.03207275 -0.07119828 1.852732
v 1.013279E-06 -0.07552099 1.882911
v 0.03420728 -0.06102893 1.882492
v 1.013279E-06 -0.0835861 1.816288
v 1.013279E-06 -0.09357604 1.79207
v 0.0157584 -0.06825981 1.810519
v 0.009494603 -0.08717009 1.790292
v 1.013279E-06 -0.09357604 1.79207
v 1.013279E-06 -0.1031629 1.778848
v 0.01070866 -0.09456408 1.775196
v 1.013279E-06 -0.101266 1.772824
v 0.01490784 -0.07398531 1.787169
v 0.03519768 -0.06069568 1.804472
v 0.03992581 -0.05814868 1.780225
v 0.05486065 -0.02190337 1.863922
v 0.06207523 0.006474853 1.828635
v 0.06967428 0.05218112 1.888961
v 0.05537564 -0.01442549 1.91469
v 0.03605989 -0.05964005 1.914363
v 0.0269368 -0.01905575 1.938556
v 1.013279E-06 -0.02045393 1.939747
v 1.013279E-06 -0.0647597 1.929587
v 0.01836601 -0.07911894 1.915435
v 1.013279E-06 -0.08626127 1.901113
v 1.013279E-06 -0.08970079 1.931573
v 0.02813223 0.03761685 1.937767
v 1.013279E-06 0.0425967 1.939906
v 1.013279E-06 0.08304113 1.935562
v 0.0298287 0.07712919 1.930393
v 0.05522418 0.05522215 1.913967
v 0.04068783 0.0994091 1.898142
v 1.013279E-06 0.1154438 1.903695
v 1.013279E-06 0.08304113 1.935562
v 0.04420888 0.1022241 1.852215
v 1.013279E-06 0.1229427 1.872821
v 1.013279E-06 0.1126591 1.847869
v 0.06512091 0.02288944 1.822893
v 0.07083011 0.02323198 1.824109
v 0.07713121 0.03166997 1.831195
v 0.07985765 0.04291594 1.82269
v 0.0632194 0.0185318 1.806767
v 0.06714126 0.0235256 1.79491
v 0.0702056 0.02511019 1.770843
v 0.07527164 0.04037124 1.810509
v 0.07985765 0.04291594 1.82269
v 0.08178711 0.04948503 1.804115
v 0.07918653 0.04573792 1.781963
v 0.0735985 0.03767043 1.788176
v 0.07382452 0.03809458 1.773087
v 0.07713121 0.03166997 1.831195
v 0.07121462 0.02593976 1.76134
v 0.07295066 0.03406781 1.763039
v 0.06729507 0.02701169 1.757125
v 0.06754905 0.01878345 1.763617
v 0.06499973 0.02653635 1.765244
v 0.07918653 0.04573792 1.781963
v 0.07918653 0.04573792 1.781963
v 0.08178711 0.04948503 1.804115
v 0.07985765 0.04291594 1.82269
v 0.06754905 0.01878345 1.763617
v 0.06313083 0.01560491 1.773866
v 0.06729507 0.02701169 1.757125
v 0.07295066 0.03406781 1.763039
v 0.06499973 0.02653635 1.765244
v 0.2037101 0.1303553 1.402306
v 0.2005526 0.07304657 1.382752
v 0.2193627 0.1157631 1.390974
v 0.2140496 0.1588151 1.440795
v 0.1847649 0.1657361 1.473265
v 0.2122833 0.1600385 1.525914
v 0.2681379 0.1427711 1.480245
v 0.2370286 0.1499507 1.412634
v 0.316608 0.1384671 1.413946
v 0.343609 0.06154656 1.439493
v 0.2961946 0.05874324 1.521831
v 0.2730922 -0.0156745 1.51145
v 0.3117796 -0.01284322 1.427466
v 0.2526532 0.138008 1.37334
v 0.2306063 -0.04006797 1.452733
v 0.2568477 -0.03086567 1.393532
v 0.231846 0.04837346 1.355751
v 0.2141055 0.07605028 1.386812
v 0.2189246 -0.05244645 1.484199
v 0.2115632 -0.05103663 1.453561
v 0.2059892 -0.04643199 1.424576
v 0.2154501 -0.01795354 1.43417
v 0.2089183 0.01434427 1.407756
v 0.2011305 0.002289653 1.401285
v 0.1835112 -0.08518234 1.432569
v 0.2101581 -0.05576712 1.525655
v 0.2411602 -0.01275 1.58023
v 0.2089183 0.01434427 1.407756
v 0.2011305 0.002289653 1.401285
v 0.231846 0.04837346 1.355751
v 0.1865056 -0.07438612 1.330999
v 0.1964606 -0.0007979274 1.320776
v 0.1964606 -0.0007979274 1.320776
v 0.1870206 0.07538384 1.307176
v 0.1880995 0.1118878 1.378029
v 0.1694642 0.1534858 1.428876
v 0.259947 0.05653644 1.58995
v 0.239042 0.1291878 1.578998
v 0.2089183 0.01434427 1.407756
v 0.2154501 -0.01795354 1.43417
v 0.09038588 -0.08965883 1.545069
v 0.1675231 -0.074992 1.533252
v 0.1286096 -0.1087509 1.420906
v 0.0669758 -0.1362809 1.415383
v 0.1835112 -0.08518234 1.432569
v 0.1865056 -0.07438612 1.330999
v 0.0935038 -0.1339063 1.309306
v 1.013279E-06 -0.1456394 1.416099
v 0.2101581 -0.05576712 1.525655
v 0.1909495 -0.02129516 1.604144
v 0.2411602 -0.01275 1.58023
v 0.1906535 0.04886281 1.634419
v 0.1162334 -0.03716677 1.614542
v 0.1362063 0.04990911 1.654457
v 0.2542214 0.05332762 1.616832
v 0.259947 0.05653644 1.58995
v 0.08912987 -0.005136967 1.637569
v 0.08913919 0.04869503 1.665055
v 0.04168287 -0.05226469 1.611906
v 1.013279E-06 -0.1418829 1.311919
v 0.09461769 -0.1384527 1.20507
v 1.013279E-06 -0.1479347 1.206002
v 1.013279E-06 -0.103072 1.549871
v 1.013279E-06 -0.06240612 1.605847
v 1.013279E-06 -0.02699506 1.626258
v 0.03217295 -0.02774307 1.634584
v 0.06689191 0.00383234 1.652397
v 0.1001521 -0.1321283 1.114343
v 0.1857063 -0.08687648 1.109692
v 0.1758096 -0.08644304 1.220702
v 0.1911429 0.03228748 1.113837
v 0.1843874 0.03190297 1.21819
v 1.013279E-06 -0.1441456 1.102402
v 0.2087133 -0.0899711 1.007261
v 0.2268313 -0.002692461 1.019332
v 0.12318 -0.1414239 1.0162
v 0.1115216 -0.1381848 1.063002
v 0.09823662 -0.1230892 1.079291
v 0.1964606 -0.0007979274 1.320776
v 1.013279E-06 -0.1356308 1.070391
v -0.1001478 -0.1321283 1.114343
v -0.0946157 -0.1384527 1.20507
v -0.1857044 -0.08687648 1.109692
v -0.1758076 -0.08644304 1.220702
v -0.1911386 0.03228748 1.113837
v -0.184383 0.03190297 1.21819
v -0.09349948 -0.1339063 1.309306
v -0.06697148 -0.1362809 1.415383
v -0.1286053 -0.1087509 1.420906
v -0.1865013 -0.07438612 1.330999
v -0.1835092 -0.08518234 1.432569
v -0.09038389 -0.08965883 1.545069
v -0.1675187 -0.074992 1.533252
v -0.210156 -0.05576712 1.525655
v -0.1909451 -0.02129516 1.604144
v -0.2411582 -0.01275 1.58023
v -0.1906492 0.04886281 1.634419
v -0.1162291 -0.03716677 1.614542
v -0.136202 0.04990911 1.654457
v -0.2542195 0.05332762 1.616832
v -0.2599427 0.05653644 1.58995
v -0.08912784 -0.005136967 1.637569
v -0.0891372 0.04869503 1.665055
v -0.04168087 -0.05226469 1.611906
v -0.03216863 -0.02774307 1.634584
v -0.06688994 0.00383234 1.652397
v 0.1543453 0.1399701 1.385936
v 0.07447001 0.1783942 1.447448
v 0.07841986 0.1634128 1.342434
v 0.1694642 0.1534858 1.428876
v 1.013279E-06 0.1600152 1.341292
v 1.013279E-06 0.175486 1.447956
v 0.1880995 0.1118878 1.378029
v 1.013279E-06 0.1549049 1.202323
v 0.1091424 0.1344473 1.208589
v 1.013279E-06 0.1580112 1.144965
v 0.1077139 0.1356871 1.143742
v 0.07201156 0.1628349 1.083238
v 1.013279E-06 0.1712658 1.084226
v 0.138793 0.1179302 1.083982
v 0.1911429 0.03228748 1.113837
v 0.07114002 0.1750852 1.025778
v 1.013279E-06 0.18573 1.028558
v 0.1459703 0.1267667 1.01961
v 0.196202 0.06083816 1.020805
v 0.2268313 -0.002692461 1.019332
v 0.1843874 0.03190297 1.21819
v 0.1870206 0.07538384 1.307176
v 0.1964606 -0.0007979274 1.320776
v 0.1480768 0.1227936 1.305205
v -0.07113802 0.1750852 1.025778
v -0.07200956 0.1628349 1.083238
v -0.1077119 0.1356871 1.143742
v -0.1091381 0.1344473 1.208589
v -0.1387886 0.1179302 1.083982
v -0.1911386 0.03228748 1.113837
v -0.1459683 0.1267667 1.01961
v -0.1962 0.06083816 1.020805
v -0.2268269 -0.002692461 1.019332
v -0.07841784 0.1634128 1.342434
v -0.1480749 0.1227936 1.305205
v -0.07446802 0.1783942 1.447448
v -0.1543433 0.1399701 1.385936
v -0.1694599 0.1534858 1.428876
v -0.1880975 0.1118878 1.378029
v -0.1870186 0.07538384 1.307176
v -0.08086467 0.1778839 1.529728
v 1.013279E-06 0.1755163 1.533802
v 0.08086666 0.1778839 1.529728
v 0.08843777 0.1572189 1.613896
v 1.013279E-06 0.1583095 1.620775
v 0.1528026 0.172417 1.514458
v 0.1780979 0.1472452 1.593588
v 0.1903972 0.111226 1.632308
v 0.1251048 0.108644 1.655273
v 0.1362063 0.04990911 1.654457
v 0.1906535 0.04886281 1.634419
v 0.2542214 0.05332762 1.616832
v 0.08913919 0.04869503 1.665055
v 0.0586054 0.1192305 1.6643
v 0.239042 0.1291878 1.578998
v 0.259947 0.05653644 1.58995
v 1.013279E-06 0.1263565 1.665929
v 0.2122833 0.1600385 1.525914
v 0.1847649 0.1657361 1.473265
v -0.05860341 0.1192305 1.6643
v -0.08843577 0.1572189 1.613896
v -0.1251029 0.108644 1.655273
v -0.0891372 0.04869503 1.665055
v -0.136202 0.04990911 1.654457
v -0.1903929 0.111226 1.632308
v -0.1906492 0.04886281 1.634419
v -0.2542195 0.05332762 1.616832
v -0.1780936 0.1472452 1.593588
v -0.2390376 0.1291878 1.578998
v -0.2599427 0.05653644 1.58995
v -0.1527984 0.172417 1.514458
v -0.2122813 0.1600385 1.525914
v -0.1847606 0.1657361 1.473265
v 0.2932911 -0.02061239 1.323796
v 0.3371238 0.008162022 1.358389
v 0.298413 -0.002144873 1.333842
v 0.3496841 -0.005917609 1.359979
v 0.2700488 0.041583 1.316784
v 0.261697 0.03845572 1.304657
v 0.3738887 0.05514526 1.369139
v 0.3561156 0.05927223 1.364721
v 0.3518093 0.1261701 1.339046
v 0.3406495 0.108686 1.344778
v 0.2893715 0.1019911 1.303346
v 0.2922075 0.09256971 1.328289
v 0.261697 0.03845572 1.304657
v 0.2700488 0.041583 1.316784
v 1.013279E-06 0.18573 1.028558
v 0.04966176 0.1237559 1.106711
v 0.07114002 0.1750852 1.025778
v 1.013279E-06 0.1334406 1.105388
v 0.1155646 0.09581113 1.10786
v 0.1459703 0.1267667 1.01961
v 0.1610425 0.0103851 1.10899
v 0.196202 0.06083816 1.020805
v 0.2268313 -0.002692461 1.019332
v 0.1378073 -0.08135137 1.093037
v 0.2087133 -0.0899711 1.007261
v 0.09823662 -0.1230892 1.079291
v 0.12318 -0.1414239 1.0162
v -0.03216863 -0.02774307 1.634584
v 1.013279E-06 -0.01670682 1.653849
v 1.013279E-06 -0.02699506 1.626258
v -0.03634453 -0.004155904 1.662991
v -0.06688994 0.00383234 1.652397
v -0.0891372 0.04869503 1.665055
v -0.06362754 0.04870439 1.684984
v -0.05860341 0.1192305 1.6643
v -0.04051107 0.09435469 1.697863
v 1.013279E-06 0.1263565 1.665929
v 1.013279E-06 0.1055191 1.702801
v -0.0388822 0.08909988 1.727861
v 1.013279E-06 0.100008 1.731426
v 1.013279E-06 0.1027787 1.761711
v -0.03956032 0.08938652 1.763757
v 1.013279E-06 0.1136192 1.802987
v -0.0461061 0.08979201 1.802102
v -0.05780882 0.05818629 1.777624
v -0.06590188 0.053069 1.807508
v -0.06678271 0.04628783 1.790658
v -0.06548011 0.03668004 1.780062
v -0.05732179 0.0720259 1.834034
v -0.06804806 0.04697764 1.823999
v -0.05920464 0.03387439 1.855216
v -0.06423104 0.03395832 1.830079
v -0.05583739 0.05369115 1.721525
v -0.05585366 0.03085899 1.744329
v -0.03034401 -0.001734734 1.718908
v -0.0591324 0.01599407 1.744276
v -0.05157763 -0.001872241 1.732426
v -0.06312883 0.01560491 1.773866
v -0.05050802 -0.02227622 1.75908
v -0.06173068 -0.01626408 1.807121
v -0.05687433 -0.03906363 1.795057
v -0.05238855 -0.03417933 1.826735
v -0.04727823 -0.0487949 1.812395
v -0.04120314 -0.07316041 1.82251
v -0.01726878 -0.07840353 1.81854
v -0.01349837 -0.08704191 1.825393
v -0.009103417 -0.07963395 1.815217
v 1.013279E-06 -0.08584183 1.825712
v 1.013279E-06 -0.08227181 1.855619
v -0.03206843 -0.07119828 1.852732
v 1.013279E-06 -0.07552099 1.882911
v -0.03420299 -0.06102893 1.882492
v 1.013279E-06 -0.0835861 1.816288
v 1.013279E-06 -0.09357604 1.79207
v -0.009490252 -0.08717009 1.790292
v -0.0157541 -0.06825981 1.810519
v -0.01490355 -0.07398531 1.787169
v -0.03519565 -0.06069568 1.804472
v -0.03992385 -0.05814868 1.780225
v -0.05485862 -0.02190337 1.863922
v -0.06207323 0.006474853 1.828635
v -0.06966996 0.05218112 1.888961
v -0.05537367 -0.01442549 1.91469
v -0.03605789 -0.05964005 1.914363
v -0.01836169 -0.07911894 1.915435
v 1.013279E-06 -0.08626127 1.901113
v 1.013279E-06 -0.08970079 1.931573
v -0.02693248 -0.01905575 1.938556
v 1.013279E-06 -0.0647597 1.929587
v 1.013279E-06 -0.02045393 1.939747
v -0.02812791 0.03761685 1.937767
v 1.013279E-06 0.0425967 1.939906
v 1.013279E-06 0.08304113 1.935562
v -0.02982438 0.07712919 1.930393
v -0.05522215 0.05522215 1.913967
v -0.04068583 0.0994091 1.898142
v 1.013279E-06 0.1154438 1.903695
v 1.013279E-06 0.08304113 1.935562
v -0.04420692 0.1022241 1.852215
v 1.013279E-06 0.1229427 1.872821
v 1.013279E-06 0.1126591 1.847869
v -0.06511891 0.02288944 1.822893
v -0.07082814 0.02323198 1.824109
v -0.07712686 0.03166997 1.831195
v -0.07985562 0.04291594 1.82269
v -0.06321508 0.0185318 1.806767
v -0.06713694 0.0235256 1.79491
v -0.0702036 0.02511019 1.770843
v -0.07712686 0.03166997 1.831195
v -0.07526731 0.04037124 1.810509
v -0.07985562 0.04291594 1.82269
v -0.08178282 0.04948503 1.804115
v -0.07918453 0.04573792 1.781963
v -0.07359648 0.03767043 1.788176
v -0.07382017 0.03809458 1.773087
v -0.07121027 0.02593976 1.76134
v -0.07294869 0.03406781 1.763039
v -0.06729305 0.02701169 1.757125
v -0.06754708 0.01878345 1.763617
v -0.06499773 0.02653635 1.765244
v -0.07918453 0.04573792 1.781963
v -0.07918453 0.04573792 1.781963
v -0.08178282 0.04948503 1.804115
v -0.07985562 0.04291594 1.82269
v -0.06754708 0.01878345 1.763617
v -0.06312883 0.01560491 1.773866
v -0.06729305 0.02701169 1.757125
v -0.06499773 0.02653635 1.765244
v -0.07294869 0.03406781 1.763039
v -0.1115173 -0.1381848 1.063002
v -0.09823233 -0.1230892 1.079291
v -0.1231757 -0.1414239 1.0162
v -0.2087089 -0.0899711 1.007261
v -0.2268269 -0.002692461 1.019332
v -0.1231757 -0.1414239 1.0162
v -0.1964563 -0.0007979274 1.320776
v -0.184383 0.03190297 1.21819
v -0.1964563 -0.0007979274 1.320776
v 1.013279E-06 0.18573 1.028558
v -0.04965979 0.1237559 1.106711
v 1.013279E-06 0.1334406 1.105388
v -0.07113802 0.1750852 1.025778
v -0.1155604 0.09581113 1.10786
v -0.1459683 0.1267667 1.01961
v -0.1610382 0.0103851 1.10899
v -0.1962 0.06083816 1.020805
v -0.2268269 -0.002692461 1.019332
v -0.1378053 -0.08135137 1.093037
v -0.2087089 -0.0899711 1.007261
v -0.09823233 -0.1230892 1.079291
v -0.1231757 -0.1414239 1.0162
v 0.1610425 0.0103851 1.10899
v 0.1396995 0.1087885 1.041701
v 0.1871604 0.004489481 1.047711
v 0.1155646 0.09581113 1.10786
v 0.06075627 0.1526911 1.03856
v 0.04966176 0.1237559 1.106711
v 0.1530986 0.1042095 0.973717
v 0.2064576 -3.361702E-05 0.9813929
v 0.1679798 -0.09040686 1.038406
v 0.1889058 -0.09317291 0.9756674
v 0.1203744 -0.131117 1.0162
v 0.1374414 -0.130891 0.9588101
v 1.013279E-06 0.1334406 1.105388
v 1.013279E-06 0.1542804 1.03742
v 0.04709613 -0.141587 0.9971107
v 0.0758985 -0.1318673 0.9352136
v 0.03358978 -0.1248835 0.931569
v 0.06475738 0.147462 0.9688116
v 0.1576007 0.09460169 0.9105055
v 1.013279E-06 0.1311686 0.9822271
v 1.013279E-06 0.09451318 0.941503
v 0.03940618 0.1072156 0.9203906
v 0.07587519 0.1129737 0.9128498
v 0.08357444 0.1006791 0.8870955
v 0.1708531 0.08784854 0.7726619
v 0.2285091 -0.003018737 0.7797065
v 0.227493 0.01097465 0.6178772
v 0.1792165 0.08117461 0.6665081
v 0.1041136 0.04942441 0.6650213
v 0.07447934 0.06752843 0.7640655
v 0.07557458 -0.02778503 0.6501122
v 0.05873591 -0.03067225 0.7682787
v 0.09379977 0.02213907 0.5831723
v 0.1694036 -0.07889757 0.6115831
v 0.199222 -0.09223613 0.7739483
v 0.1330535 -0.1121275 0.7699565
v 0.1740758 -0.05510998 0.5374451
v 0.2408176 0.0113312 0.5578957
v 0.09379977 0.02213907 0.5831723
v 0.07557458 -0.02778503 0.6501122
v 0.05873591 -0.03067225 0.7682787
v 0.08840981 0.02794147 0.5526454
v 0.1878106 0.0889554 0.5795929
v 0.02893385 0.001427472 0.8609869
v 0.04482874 -0.08732855 0.8811206
v 0.02893385 0.001427472 0.8609869
v 0.02281451 -0.08684385 0.9073503
v 0.01347706 0.0002856255 0.8847163
v 1.013279E-06 -0.08890381 0.9182444
v 1.013279E-06 -0.1266894 0.9363438
v 1.013279E-06 -0.002429187 0.8863614
v 0.1236391 -0.1261558 0.9127799
v 0.1973834 -0.09584808 0.9252865
v 0.2195864 -0.006120324 0.9299122
v 1.013279E-06 -0.1430737 0.9942142
v -0.03358775 -0.1248835 0.931569
v -0.02281022 -0.08684385 0.9073503
v -0.0758965 -0.1318673 0.9352136
v -0.01347274 0.0002856255 0.8847163
v -0.02893186 0.001427472 0.8609869
v -0.04482675 -0.08732855 0.8811206
v -0.05873162 -0.03067225 0.7682787
v -0.1330515 -0.1121275 0.7699565
v -0.07557255 -0.02778503 0.6501122
v -0.1236371 -0.1261558 0.9127799
v -0.19922 -0.09223613 0.7739483
v -0.1693993 -0.07889757 0.6115831
v -0.2285047 -0.003018737 0.7797065
v -0.2274911 0.01097465 0.6178772
v -0.1708487 0.08784854 0.7726619
v -0.1792145 0.08117461 0.6665081
v -0.1041093 0.04942441 0.6650213
v -0.07447731 0.06752843 0.7640655
v -0.07557255 -0.02778503 0.6501122
v -0.05873162 -0.03067225 0.7682787
v -0.09379542 0.02213907 0.5831723
v -0.09379542 0.02213907 0.5831723
v -0.1740739 -0.05510998 0.5374451
v -0.2386788 0.02399629 0.55629
v -0.08840549 0.02794147 0.5526454
v -0.1878062 0.0889554 0.5795929
v -0.02893186 0.001427472 0.8609869
v -0.04290891 0.06933904 0.8722003
v -0.01347274 0.0002856255 0.8847163
v -0.02584422 0.06071931 0.8992059
v 1.013279E-06 -0.002429187 0.8863614
v 1.013279E-06 0.06165379 0.9049968
v 0.02584621 0.06071931 0.8992059
v 0.01347706 0.0002856255 0.8847163
v 0.04291326 0.06933904 0.8722003
v -0.0758732 0.1129737 0.9128498
v -0.03940183 0.1072156 0.9203906
v -0.06475306 0.147462 0.9688116
v -0.1575987 0.09460169 0.9105055
v -0.1530943 0.1042095 0.973717
v -0.08357245 0.1006791 0.8870955
v -0.2195844 -0.006120324 0.9299122
v -0.1973814 -0.09584808 0.9252865
v -0.0607543 0.1526911 1.03856
v -0.1396951 0.1087885 1.041701
v -0.1155604 0.09581113 1.10786
v -0.1610382 0.0103851 1.10899
v -0.1871561 0.004489481 1.047711
v -0.2064532 -3.361702E-05 0.9813929
v -0.04965979 0.1237559 1.106711
v -0.1679755 -0.09040686 1.038406
v -0.1889038 -0.09317291 0.9756674
v -0.1203724 -0.131117 1.0162
v -0.09823233 -0.1230892 1.079291
v -0.1378053 -0.08135137 1.093037
v -0.137437 -0.130891 0.9588101
v -0.04709178 -0.141587 0.9971107
v 1.013279E-06 -0.1356308 1.070391
v 0.09823662 -0.1230892 1.079291
v 0.1378073 -0.08135137 1.093037
v 0.1879993 -0.01368678 0.3735791
v 0.1806519 -0.02628899 0.457882
v 0.2542867 0.02884328 0.4318527
v 0.1133532 0.05407333 0.4118798
v 0.1361061 0.05421782 0.3300587
v 0.2502739 0.0242433 0.2986138
v 0.2447861 0.09601384 0.4265676
v 0.2031905 0.1008935 0.5236894
v 0.171918 0.1237397 0.406082
v 0.1054792 0.0423823 0.5086986
v 0.1133532 0.05407333 0.4118798
v 0.2457066 0.02299196 0.5199306
v 0.1774618 0.1287754 0.2546226
v 0.1361061 0.05421782 0.3300587
v 0.248687 0.08897406 0.2807311
v 0.2691912 0.09846532 0.2457116
v 0.264554 0.02240241 0.2321097
v 0.126016 0.07323295 0.2624221
v 0.17649 -0.04702854 0.4802831
v 0.1054792 0.0423823 0.5086986
v 0.2513762 0.1054236 0.2145253
v 0.1943587 0.129612 0.2077302
v 0.2616854 0.08960557 0.1784897
v 0.2612822 0.02971017 0.1990173
v 0.2617763 0.02356285 0.144859
v 0.2227229 -0.01209754 0.1337808
v 0.2188337 -0.02709293 0.166109
v 0.217559 -0.004859656 0.207397
v 0.1697159 0.01127529 0.1438104
v 0.1875426 0.002142847 0.1767444
v 0.2600145 0.06323367 0.1357802
v 0.2363388 0.1079077 0.1259977
v 0.1994993 0.1362906 0.1613482
v 0.1831477 0.1235602 0.1229963
v 0.1381312 0.08901834 0.1761711
v 0.1516701 0.0743655 0.1247114
v 0.2718315 0.01464719 0.2145277
v 0.1842802 -0.005801082 0.191586
v 0.1766485 -0.01287118 0.203263
v 0.1505073 0.0105086 0.2216537
v 0.1484357 0.03672665 0.1743348
v 0.1516701 0.0743655 0.1247114
v 0.1381312 0.08901834 0.1761711
v 0.1328507 0.02942586 0.1890972
v 0.1380846 0.08296192 0.1924109
v 0.1378189 0.07628101 0.2098741
v 0.1380846 0.08296192 0.1924109
v 0.1378189 0.07628101 0.2098741
v 0.2304549 -0.02680165 0.2149122
v 0.1428966 -0.007269174 0.2534342
v 0.126016 0.07323295 0.2624221
v 0.19307 0.002075315 0.260446
v 0.217559 -0.004859656 0.207397
v 0.2304549 -0.02680165 0.2149122
v 0.08840981 0.02794147 0.5526454
v -0.187995 -0.01368678 0.3735791
v -0.2542847 0.02884328 0.4318527
v -0.1806499 -0.02628899 0.457882
v -0.1133489 0.05407333 0.4118798
v -0.1361042 0.05421782 0.3300587
v -0.2502697 0.0242433 0.2986138
v -0.2083477 0.1098768 0.416326
v -0.2031862 0.1008935 0.5236894
v -0.1054772 0.0423823 0.5086986
v -0.1133489 0.05407333 0.4118798
v -0.2457023 0.02299196 0.5199306
v -0.1774575 0.1287754 0.2546226
v -0.1361042 0.05421782 0.3300587
v -0.2486827 0.08897406 0.2807311
v -0.2691869 0.09846532 0.2457116
v -0.2645519 0.02240241 0.2321097
v -0.1930657 0.002075315 0.260446
v -0.1260117 0.07323295 0.2624221
v -0.1764857 -0.04702854 0.4802831
v -0.1054772 0.0423823 0.5086986
v -0.2513719 0.1054236 0.2145253
v -0.1943544 0.129612 0.2077302
v -0.261681 0.08960557 0.1784897
v -0.2612779 0.02971017 0.1990173
v -0.2617742 0.02356285 0.144859
v -0.222721 -0.01209754 0.1337808
v -0.2188317 -0.02709293 0.166109
v -0.2175547 -0.004859656 0.207397
v -0.1697116 0.01127529 0.1438104
v -0.1875406 0.002142847 0.1767444
v -0.2600102 0.06323367 0.1357802
v -0.2363368 0.1079077 0.1259977
v -0.1994973 0.1362906 0.1613482
v -0.1831433 0.1235602 0.1229963
v -0.1381269 0.08901834 0.1761711
v -0.1516681 0.0743655 0.1247114
v -0.2718271 0.01464719 0.2145277
v -0.1484337 0.03672665 0.1743348
v -0.1516681 0.0743655 0.1247114
v -0.1381269 0.08901834 0.1761711
v -0.1328487 0.02942586 0.1890972
v -0.1842759 -0.005801082 0.191586
v -0.2175547 -0.004859656 0.207397
v -0.2304505 -0.02680165 0.2149122
v -0.150503 0.0105086 0.2216537
v -0.1766441 -0.01287118 0.203263
v -0.1380802 0.08296192 0.1924109
v -0.1378146 0.07628101 0.2098741
v -0.1260117 0.07323295 0.2624221
v -0.1428946 -0.007269174 0.2534342
v -0.2304505 -0.02680165 0.2149122
v -0.2645519 0.02240241 0.2321097
v -0.2718271 0.01464719 0.2145277
v -0.2718271 0.01464719 0.2145277
v -0.1380802 0.08296192 0.1924109
v -0.1378146 0.07628101 0.2098741
v -0.2645519 0.02240241 0.2321097
v -0.2645519 0.02240241 0.2321097
v -0.08840549 0.02794147 0.5526454
v 0.3286206 -0.02003217 1.284836
v 0.3878355 -0.01177827 1.134943
v 0.2991681 0.01888132 1.256854
v 0.4151442 -0.03365734 1.146422
v 0.298413 -0.002144873 1.333842
v 0.3774285 -0.007798135 1.309824
v 0.3371238 0.008162022 1.358389
v 0.3561156 0.05927223 1.364721
v 0.3980911 0.04390395 1.30713
v 0.4533096 0.01107019 1.144059
v 0.4449299 -0.02233449 1.148852
v 0.3406495 0.108686 1.344778
v 0.3480459 0.0844906 1.271383
v 0.2922075 0.09256971 1.328289
v 0.2700488 0.041583 1.316784
v 0.2991681 0.01888132 1.256854
v 0.3878355 -0.01177827 1.134943
v 0.4207182 0.03396761 1.12746
v 0.2700488 0.041583 1.316784
v 0.4151442 -0.03365734 1.146422
v 0.4580191 -0.03836685 1.125386
v 0.4150813 -0.05242082 1.126626
v 0.4449299 -0.02233449 1.148852
v 0.3827042 -0.02584389 1.115177
v 0.3878355 -0.01177827 1.134943
v 0.4708637 0.004538417 1.110761
v 0.4533096 0.01107019 1.144059
v 0.4277161 0.03640276 1.094608
v 0.4207182 0.03396761 1.12746
v 0.3823826 -0.05646154 1.093412
v 0.4160297 -0.07683527 1.104094
v 0.3857149 -0.08114398 1.060986
v 0.4143122 -0.09495324 1.071051
v 0.3944396 -0.09829488 1.023392
v 0.4154611 -0.1075694 1.027892
v 0.4926542 -0.005875647 1.02753
v 0.4480152 -0.06603438 1.098725
v 0.4160297 -0.07683527 1.104094
v 0.4955578 -0.04880422 1.041643
v 0.4982725 -0.0223811 0.982304
v 0.4736018 0.01534861 0.9751267
v 0.4580518 0.03020418 1.020241
v 0.5009081 -0.0639511 0.994622
v 0.4853558 -0.008543849 0.9331886
v 0.4931529 -0.04049441 0.9306532
v 0.5035763 -0.0776765 0.945588
v 0.4247752 -0.05753115 1.08229
v 0.4115882 -0.08871973 1.017967
v 0.5009081 -0.0639511 0.994622
v 0.4874949 -0.07261744 1.050139
v 0.4935327 -0.08740079 1.001349
v 0.5035763 -0.0776765 0.945588
v 0.4990509 -0.09984219 0.9519007
v 0.4518718 -0.06714591 1.055466
v 0.4247752 -0.05753115 1.08229
v 0.478521 -0.08319229 0.9969848
v 0.4990509 -0.09984219 0.9519007
v 0.4877676 -0.09425417 0.944798
v 0.4990509 -0.09984219 0.9519007
v 0.4899581 -0.07585189 0.9442527
v 0.4207182 0.03396761 1.12746
v 0.3827042 -0.02584389 1.115177
v 0.4277161 0.03640276 1.094608
v 0.3878355 -0.01177827 1.134943
v 0.4052381 -0.03403717 1.086501
v 0.3823826 -0.05646154 1.093412
v 0.3857149 -0.08114398 1.060986
v 0.410451 -0.06587592 1.052255
v 0.3944396 -0.09829488 1.023392
v 0.4115882 -0.08871973 1.017967
v 0.4572851 -0.01710299 1.029124
v 0.4247752 -0.05753115 1.08229
v 0.4584013 -0.04740837 1.042523
v 0.4518718 -0.06714591 1.055466
v 0.478521 -0.08319229 0.9969848
v 0.4849503 -0.06246904 0.9925014
v 0.4877676 -0.09425417 0.944798
v 0.4899581 -0.07585189 0.9442527
v 0.4826386 -0.02866587 0.9811692
v 0.4849503 -0.06246904 0.9925014
v 0.4899581 -0.07585189 0.9442527
v 0.4736018 0.01534861 0.9751267
v 0.4853558 -0.008543849 0.9331886
v 0.4931529 -0.04049441 0.9306532
v 0.4899581 -0.07585189 0.9442527
v 0.4580518 0.03020418 1.020241
v 0.5035763 -0.0776765 0.945588
v 0.4899581 -0.07585189 0.9442527
v 0.410451 -0.06587592 1.052255
v 0.4143122 -0.09495324 1.071051
v 0.4115882 -0.08871973 1.017967
v 0.4247752 -0.05753115 1.08229
v 0.4052381 -0.03403717 1.086501
v 0.4247752 -0.05753115 1.08229
v 0.2240675 -0.1258156 0.06746083
v 0.259891 -0.1019208 0.08066195
v 0.2689652 -0.1217469 0.06916195
v 0.227274 -0.1046752 0.0781126
v 0.2000632 -0.09496257 0.0714829
v 0.2059821 -0.08862418 0.08622664
v 0.2207142 -0.07976443 0.09357637
v 0.2906439 -0.06561026 0.07459152
v 0.2721437 -0.06584328 0.09334338
v 0.272929 -0.1970735 0.046938
v 0.2210451 -0.1796522 0.0383299
v 0.3084589 -0.1595791 0.03865147
v 0.219605 -0.1877057 0.006225526
v 0.2748748 -0.2095242 0.01491749
v 0.3123738 -0.167812 0.00697124
v 0.308925 -0.05984747 0.02941191
v 0.3137976 -0.05725151 -0.006131977
v 0.1895653 -0.1175244 -0.006155282
v 0.1931819 -0.1225532 0.03039527
v 0.1883139 -0.04623857 0.1118715
v 0.2012959 -0.04593796 0.1194029
v 0.1592506 -0.005796432 0.1534997
v 0.1760589 -0.01084617 0.1595888
v 0.1548417 0.03104311 0.1333568
v 0.1834529 -0.03790545 0.1001734
v 0.1932588 -0.0567342 -0.004319012
v 0.1871208 -0.06805706 0.04892105
v 0.189253 0.01357061 -0.005526125
v 0.1718597 0.01474971 0.07810563
v 0.1692708 0.09388399 0.06486493
v 0.1676582 0.09132302 -0.004999459
v 0.2002916 0.1308284 0.06537992
v 0.2025706 0.1361694 -0.003421843
v 0.1825488 0.1356404 0.08910221
v 0.2040993 0.1429039 0.08915818
v 0.1756744 0.1198504 0.1062858
v 0.1760589 -0.01084617 0.1595888
v 0.1422045 0.0049299 0.1745515
v 0.1570997 0.000348568 0.182372
v 0.1592506 -0.005796432 0.1534997
v 0.1446024 0.04165292 0.1518708
v 0.1548417 0.03104311 0.1333568
v 0.1647244 0.1041093 0.1295421
v 0.1756744 0.1198504 0.1062858
v 0.1702332 0.117569 0.1494753
v 0.1656402 0.1052255 0.152027
v 0.1406525 0.0544765 0.1737429
v 0.1335521 0.02281022 0.1912318
v 0.1362646 0.00849992 0.1997187
v 0.1932681 0.1344193 0.1473758
v 0.1939975 0.1354144 0.1014877
v 0.2182418 0.1368755 0.1514142
v 0.216846 0.1366844 0.1039532
v 0.2040993 0.1429039 0.08915818
v 0.1825488 0.1356404 0.08910221
v 0.2536319 0.1064512 0.1331331
v 0.2251744 0.1199576 0.1546742
v 0.2522128 0.09954894 0.1683274
v 0.2875819 0.05426675 0.1626601
v 0.2764734 0.07214475 0.184432
v 0.286927 0.04591501 0.1974653
v 0.2873139 0.0334363 0.155632
v 0.276012 0.0139178 0.1759987
v 0.2596953 0.1000476 0.1109347
v 0.1974953 0.1205332 0.1525746
v 0.1719926 0.1094317 0.1524301
v 0.2788922 -0.008858413 0.1172847
v 0.276012 0.0139178 0.1759987
v 0.2873139 0.0334363 0.155632
v 0.2650037 -0.02344137 0.1335945
v 0.2596953 0.1000476 0.1109347
v 0.2796659 0.03117126 0.06534493
v 0.2704216 0.03843242 -0.005999148
v 0.243127 0.1215748 0.06448972
v 0.216846 0.1366844 0.1039532
v 0.2002916 0.1308284 0.06537992
v 0.2539558 0.1164389 -0.004645258
v 0.2025706 0.1361694 -0.003421843
v 0.2040993 0.1429039 0.08915818
v 0.2032557 0.1068054 0.1403872
v 0.1974953 0.1205332 0.1525746
v 0.2251744 0.1199576 0.1546742
v 0.2522128 0.09954894 0.1683274
v 0.2440451 0.06466913 0.1398582
v 0.2764734 0.07214475 0.184432
v 0.1973927 0.06622815 0.08249122
v 0.2299002 0.06194973 0.08231175
v 0.2694266 0.02461851 0.1656405
v 0.286927 0.04591501 0.1974653
v 0.276012 0.0139178 0.1759987
v 0.2650037 -0.02344137 0.1335945
v 0.2611051 -0.01206955 0.1202255
v 0.2435767 0.01411819 0.08011198
v 0.2721437 -0.06584328 0.09334338
v 0.2527487 -0.04558143 0.07421404
v 0.259891 -0.1019208 0.08066195
v 0.2493721 -0.08495399 0.07485253
v 0.227274 -0.1046752 0.0781126
v 0.2207142 -0.07976443 0.09357637
v 0.2328131 -0.06011546 0.07326794
v 0.2012959 -0.04593796 0.1194029
v 0.1970828 -0.01270106 0.1005393
v 0.1760589 -0.01084617 0.1595888
v 0.1757513 0.01812398 0.1255503
v 0.1570997 0.000348568 0.182372
v 0.1542404 0.0337882 0.1587592
v 0.1973927 0.06622815 0.08249122
v 0.1715172 0.08386606 0.1408346
v 0.1406525 0.0544765 0.1737429
v 0.1656402 0.1052255 0.152027
v 0.2032557 0.1068054 0.1403872
v 0.1719926 0.1094317 0.1524301
v 0.1974953 0.1205332 0.1525746
v 0.1847905 0.04067183 0.08011431
v 0.2033606 -0.01037776 0.07340074
v 0.1362646 0.00849992 0.1997187
v 0.1335521 0.02281022 0.1912318
v 0.2025706 0.1361694 -0.003421843
v 0.1676582 0.09132302 -0.004999459
v 0.2539558 0.1164389 -0.004645258
v 0.189253 0.01357061 -0.005526125
v 0.2704216 0.03843242 -0.005999148
v 0.1932588 -0.0567342 -0.004319012
v 0.3137976 -0.05725151 -0.006131977
v 0.1895653 -0.1175244 -0.006155282
v 0.219605 -0.1877057 0.006225526
v 0.3123738 -0.167812 0.00697124
v 0.2748748 -0.2095242 0.01491749
v 0.2397084 -0.1297025 0.05736601
v 0.2662597 -0.1198198 0.05859876
v 0.244101 -0.08845875 0.07189536
v 0.2151192 -0.1257527 0.04824299
v 0.2850884 -0.1027341 0.0480752
v 0.2677115 -0.04763442 0.07562149
v 0.2348171 -0.01731503 0.1224347
v 0.2590638 0.008252859 0.1244294
v 0.2283692 -0.01380098 0.1709163
v 0.2770793 0.009844482 0.1807665
v 0.2793653 -0.01419011 0.2147118
v 0.2429802 -0.02616781 0.2026828
v 0.1779698 -0.007224888 0.1876641
v 0.1814186 -0.02372798 0.2122673
v 0.1936713 -0.002284706 0.1255946
v 0.207089 -0.06015274 0.06797349
v 0.2585744 -0.09508374 0.07985097
v 0.2677115 -0.04763442 0.07562149
v 0.2494234 -0.0440644 0.110168
v 0.2203018 -0.04888347 0.1078937
v 0.2325498 -0.1019931 0.07909828
v 0.2500689 -0.01866427 0.1700611
v 0.2156435 -0.02602333 0.1649298
v 0.2632676 -0.0355542 0.1984114
v 0.2166456 -0.0392617 0.1981388
v 0.1779698 -0.007224888 0.1876641
v 0.1814186 -0.02372798 0.2122673
v 0.2793653 -0.01419011 0.2147118
v 0.2770793 0.009844482 0.1807665
v 0.2590638 0.008252859 0.1244294
v 0.1936713 -0.002284706 0.1255946
v 0.207089 -0.06015274 0.06797349
v 0.2429802 -0.02616781 0.2026828
v 0.3130123 0.01662093 0.1492773
v 0.2948966 -0.001084566 0.1850985
v 0.2945844 -0.00267148 0.1559466
v 0.3121175 0.02350926 0.1777604
v 0.3146085 0.02150059 0.1782474
v 0.294123 -0.002692461 0.1850355
v 0.327262 0.04512036 0.1503865
v 0.3271152 0.05315751 0.1676586
v 0.331601 0.05138421 0.1678147
v 0.2191343 0.1368778 0.145896
v 0.1717083 0.1139244 0.1435005
v 0.169103 0.1170657 0.1430088
v 0.2187615 0.1325201 0.1456653
v 0.1737123 0.1171263 0.1163969
v 0.2181975 0.1364467 0.119375
v 0.1509594 0.09372783 0.144097
v 0.1549162 0.09174478 0.1454882
v 0.1281902 0.04042715 0.1615765
v 0.1319769 0.03960925 0.1636365
v 0.1362599 -0.01027757 0.1739527
v 0.1402447 -0.0083341 0.1752647
v 0.1653489 -0.05246043 0.1794568
v 0.1682315 -0.04945204 0.1805893
v 0.2132294 -0.06930843 0.182407
v 0.213001 -0.07319769 0.1820062
v 0.259129 -0.06251565 0.184919
v 0.2575794 -0.05884776 0.1850425
v 0.2962645 -0.01793256 0.1862985
v 0.2892014 -0.01803043 0.1864337
v 0.2931699 -0.01098365 0.1861727
v 0.1579246 0.09229475 0.1171868
v 0.1422371 0.0370273 0.1353654
v 0.1488971 -0.009932697 0.1468957
v 0.1722699 -0.04805622 0.1511951
v 0.2130826 -0.06638858 0.1526772
v 0.2579965 -0.05878019 0.1551822
v 0.29619 -0.0191583 0.1564918
v 0.2890779 -0.01829144 0.1566713
v 0.2931326 -0.01224667 0.156366
v 0.294123 -0.002692461 0.1850355
v 0.2956866 0.03587145 0.1808923
v 0.2948966 -0.001084566 0.1850985
v 0.292063 0.03450823 0.1801699
v 0.2945844 -0.00267148 0.1559466
v 0.2956353 0.03260207 0.1523905
v 0.2846946 0.08081108 0.1698514
v 0.2807471 0.07838523 0.1694296
v 0.2471817 0.1191117 0.1493449
v 0.2450494 0.1148193 0.1495709
v 0.2852329 0.07477564 0.1422258
v 0.2506748 0.1147983 0.1226211
v 0.2890779 -0.01829144 0.1566713
v 0.2931326 -0.01224667 0.156366
v 0.2831869 -0.01747116 0.1567179
v 0.2832359 -0.01656002 0.1865293
v 0.2931699 -0.01098365 0.1861727
v 0.2892014 -0.01803043 0.1864337
v 0.2657844 -0.0434632 0.1855016
v 0.266036 -0.04353544 0.1577479
v 0.327262 0.04512036 0.1503865
v 0.3146085 0.02150059 0.1782474
v 0.331601 0.05138421 0.1678147
v 0.3130123 0.01662093 0.1492773
v 0.2945844 -0.00267148 0.1559466
v 0.294123 -0.002692461 0.1850355
v 0.2579965 -0.05878019 0.1551822
v 0.2132294 -0.06930843 0.182407
v 0.2130826 -0.06638858 0.1526772
v 0.2575794 -0.05884776 0.1850425
v 0.1682315 -0.04945204 0.1805893
v 0.1722699 -0.04805622 0.1511951
v 0.1402447 -0.0083341 0.1752647
v 0.1488971 -0.009932697 0.1468957
v 0.1319769 0.03960925 0.1636365
v 0.1422371 0.0370273 0.1353654
v 0.1549162 0.09174478 0.1454882
v 0.1579246 0.09229475 0.1171868
v 0.2890779 -0.01829144 0.1566713
v 0.2892014 -0.01803043 0.1864337
v 0.1717083 0.1139244 0.1435005
v 0.1737123 0.1171263 0.1163969
v 0.2187615 0.1325201 0.1456653
v 0.2181975 0.1364467 0.119375
v 0.2450494 0.1148193 0.1495709
v 0.2506748 0.1147983 0.1226211
v 0.2807471 0.07838523 0.1694296
v 0.2852329 0.07477564 0.1422258
v 0.292063 0.03450823 0.1801699
v 0.2956353 0.03260207 0.1523905
v 0.294123 -0.002692461 0.1850355
v 0.2945844 -0.00267148 0.1559466
v 0.327262 0.04512036 0.1503865
v 0.331601 0.05138421 0.1678147
v 0.3271152 0.05315751 0.1676586
v 0.2892014 -0.01803043 0.1864337
v 0.266036 -0.04353544 0.1577479
v 0.2657844 -0.0434632 0.1855016
v 0.2890779 -0.01829144 0.1566713
v 0.2886049 -0.01837531 0.152789
v 0.2909771 -0.01821452 0.1897497
v 0.2911192 -0.0192585 0.1527401
v 0.2884627 -0.01733369 0.1896285
v 0.2886049 -0.01837531 0.152789
v 0.2954792 -0.001159132 0.1552055
v 0.2911216 -0.01539722 0.1555714
v 0.2950178 0.002573967 0.1522507
v 0.2884627 -0.01733369 0.1896285
v 0.2910028 -0.0145117 0.186711
v 0.2948617 0.003564358 0.189046
v 0.2953464 -0.0003225803 0.1863009
v 0.2884627 -0.01733369 0.1896285
v 0.297439 0.002890885 0.1891578
v 0.2909771 -0.01821452 0.1897497
v 0.2948617 0.003564358 0.189046
v 0.2953464 -0.0003225803 0.1863009
v 0.2910028 -0.0145117 0.186711
v 0.2911192 -0.0192585 0.1527401
v 0.2911216 -0.01539722 0.1555714
v 0.2975951 0.001895845 0.1521971
v 0.2954792 -0.001159132 0.1552055
v 0.2950178 0.002573967 0.1522507
v 0.2886049 -0.01837531 0.152789
v 0.2948617 0.003564358 0.189046
v 0.2975951 0.001895845 0.1521971
v 0.297439 0.002890885 0.1891578
v 0.2950178 0.002573967 0.1522507
v -0.2240655 -0.1258156 0.06746083
v -0.2598867 -0.1019208 0.08066195
v -0.2272697 -0.1046752 0.0781126
v -0.2689609 -0.1217469 0.06916195
v -0.2000589 -0.09496257 0.0714829
v -0.2059779 -0.08862418 0.08622664
v -0.2207099 -0.07976443 0.09357637
v -0.2906418 -0.06561026 0.07459152
v -0.2721417 -0.06584328 0.09334338
v -0.272927 -0.1970735 0.046938
v -0.2210432 -0.1796522 0.0383299
v -0.3084546 -0.1595791 0.03865147
v -0.2196031 -0.1877057 0.006225526
v -0.2748705 -0.2095242 0.01491749
v -0.3123718 -0.167812 0.00697124
v -0.308923 -0.05984747 0.02941191
v -0.3137933 -0.05725151 -0.006131977
v -0.1895633 -0.1175244 -0.006155282
v -0.1931776 -0.1225532 0.03039527
v -0.1883096 -0.04623857 0.1118715
v -0.2012916 -0.04593796 0.1194029
v -0.1592486 -0.005796432 0.1534997
v -0.1760569 -0.01084617 0.1595888
v -0.1548396 0.03104311 0.1333568
v -0.1834486 -0.03790545 0.1001734
v -0.1932545 -0.0567342 -0.004319012
v -0.1871188 -0.06805706 0.04892105
v -0.189251 0.01357061 -0.005526125
v -0.1718578 0.01474971 0.07810563
v -0.1692688 0.09388399 0.06486493
v -0.1676562 0.09132302 -0.004999459
v -0.2002896 0.1308284 0.06537992
v -0.2025663 0.1361694 -0.003421843
v -0.1825445 0.1356404 0.08910221
v -0.2040973 0.1429039 0.08915818
v -0.1756724 0.1198504 0.1062858
v -0.1760569 -0.01084617 0.1595888
v -0.1422025 0.0049299 0.1745515
v -0.1592486 -0.005796432 0.1534997
v -0.1570954 0.000348568 0.182372
v -0.1446004 0.04165292 0.1518708
v -0.1548396 0.03104311 0.1333568
v -0.1647201 0.1041093 0.1295421
v -0.1756724 0.1198504 0.1062858
v -0.1702289 0.117569 0.1494753
v -0.1656359 0.1052255 0.152027
v -0.1406505 0.0544765 0.1737429
v -0.1335478 0.02281022 0.1912318
v -0.1362603 0.00849992 0.1997187
v -0.1932661 0.1344193 0.1473758
v -0.1939955 0.1354144 0.1014877
v -0.2182375 0.1368755 0.1514142
v -0.216844 0.1366844 0.1039532
v -0.2040973 0.1429039 0.08915818
v -0.1825445 0.1356404 0.08910221
v -0.2536276 0.1064512 0.1331331
v -0.2251701 0.1199576 0.1546742
v -0.2522084 0.09954894 0.1683274
v -0.2875799 0.05426675 0.1626601
v -0.2764714 0.07214475 0.184432
v -0.2869251 0.04591501 0.1974653
v -0.2873095 0.0334363 0.155632
v -0.27601 0.0139178 0.1759987
v -0.259691 0.1000476 0.1109347
v -0.1974909 0.1205332 0.1525746
v -0.1719882 0.1094317 0.1524301
v -0.2788903 -0.008858413 0.1172847
v -0.27601 0.0139178 0.1759987
v -0.2650017 -0.02344137 0.1335945
v -0.2873095 0.0334363 0.155632
v -0.259691 0.1000476 0.1109347
v -0.2796615 0.03117126 0.06534493
v -0.2704173 0.03843242 -0.005999148
v -0.243125 0.1215748 0.06448972
v -0.216844 0.1366844 0.1039532
v -0.2002896 0.1308284 0.06537992
v -0.2539538 0.1164389 -0.004645258
v -0.2025663 0.1361694 -0.003421843
v -0.2040973 0.1429039 0.08915818
v -0.2032514 0.1068054 0.1403872
v -0.2251701 0.1199576 0.1546742
v -0.1974909 0.1205332 0.1525746
v -0.2522084 0.09954894 0.1683274
v -0.2440431 0.06466913 0.1398582
v -0.2764714 0.07214475 0.184432
v -0.1973884 0.06622815 0.08249122
v -0.2298983 0.06194973 0.08231175
v -0.2694246 0.02461851 0.1656405
v -0.2869251 0.04591501 0.1974653
v -0.27601 0.0139178 0.1759987
v -0.2650017 -0.02344137 0.1335945
v -0.2611032 -0.01206955 0.1202255
v -0.2435724 0.01411819 0.08011198
v -0.2721417 -0.06584328 0.09334338
v -0.2527444 -0.04558143 0.07421404
v -0.2598867 -0.1019208 0.08066195
v -0.2493678 -0.08495399 0.07485253
v -0.2272697 -0.1046752 0.0781126
v -0.2207099 -0.07976443 0.09357637
v -0.2328111 -0.06011546 0.07326794
v -0.2012916 -0.04593796 0.1194029
v -0.1970785 -0.01270106 0.1005393
v -0.1760569 -0.01084617 0.1595888
v -0.1757494 0.01812398 0.1255503
v -0.1570954 0.000348568 0.182372
v -0.1542385 0.0337882 0.1587592
v -0.1973884 0.06622815 0.08249122
v -0.1715129 0.08386606 0.1408346
v -0.1406505 0.0544765 0.1737429
v -0.1656359 0.1052255 0.152027
v -0.2032514 0.1068054 0.1403872
v -0.1719882 0.1094317 0.1524301
v -0.1974909 0.1205332 0.1525746
v -0.1847862 0.04067183 0.08011431
v -0.2033586 -0.01037776 0.07340074
v -0.1362603 0.00849992 0.1997187
v -0.1335478 0.02281022 0.1912318
v -0.2025663 0.1361694 -0.003421843
v -0.2539538 0.1164389 -0.004645258
v -0.1676562 0.09132302 -0.004999459
v -0.189251 0.01357061 -0.005526125
v -0.2704173 0.03843242 -0.005999148
v -0.1932545 -0.0567342 -0.004319012
v -0.3137933 -0.05725151 -0.006131977
v -0.1895633 -0.1175244 -0.006155282
v -0.2196031 -0.1877057 0.006225526
v -0.3123718 -0.167812 0.00697124
v -0.2748705 -0.2095242 0.01491749
v -0.2397065 -0.1297025 0.05736601
v -0.2440967 -0.08845875 0.07189536
v -0.2662554 -0.1198198 0.05859876
v -0.2151172 -0.1257527 0.04824299
v -0.2850841 -0.1027341 0.0480752
v -0.2677095 -0.04763442 0.07562149
v -0.2348128 -0.01731503 0.1224347
v -0.2590595 0.008252859 0.1244294
v -0.2283673 -0.01380098 0.1709163
v -0.2770773 0.009844482 0.1807665
v -0.2793633 -0.01419011 0.2147118
v -0.2429782 -0.02616781 0.2026828
v -0.1779678 -0.007224888 0.1876641
v -0.1814166 -0.02372798 0.2122673
v -0.1936693 -0.002284706 0.1255946
v -0.2070847 -0.06015274 0.06797349
v -0.2585725 -0.09508374 0.07985097
v -0.2325478 -0.1019931 0.07909828
v -0.2202998 -0.04888347 0.1078937
v -0.2494191 -0.0440644 0.110168
v -0.2500669 -0.01866427 0.1700611
v -0.2156392 -0.02602333 0.1649298
v -0.2632633 -0.0355542 0.1984114
v -0.2166412 -0.0392617 0.1981388
v -0.1779678 -0.007224888 0.1876641
v -0.1814166 -0.02372798 0.2122673
v -0.2793633 -0.01419011 0.2147118
v -0.2770773 0.009844482 0.1807665
v -0.2590595 0.008252859 0.1244294
v -0.1936693 -0.002284706 0.1255946
v -0.2677095 -0.04763442 0.07562149
v -0.2070847 -0.06015274 0.06797349
v -0.2429782 -0.02616781 0.2026828
v -0.3130103 0.01662093 0.1492773
v -0.2948946 -0.001084566 0.1850985
v -0.3121155 0.02350926 0.1777604
v -0.29458 -0.00267148 0.1559466
v -0.3146042 0.02150059 0.1782474
v -0.2941186 -0.002692461 0.1850355
v -0.3272577 0.04512036 0.1503865
v -0.3271132 0.05315751 0.1676586
v -0.3315967 0.05138421 0.1678147
v -0.2191323 0.1368778 0.145896
v -0.1717063 0.1139244 0.1435005
v -0.2187595 0.1325201 0.1456653
v -0.169101 0.1170657 0.1430088
v -0.173708 0.1171263 0.1163969
v -0.2181932 0.1364467 0.119375
v -0.1509551 0.09372783 0.144097
v -0.1549119 0.09174478 0.1454882
v -0.1281881 0.04042715 0.1615765
v -0.1319726 0.03960925 0.1636365
v -0.1362556 -0.01027757 0.1739527
v -0.1402404 -0.0083341 0.1752647
v -0.1653469 -0.05246043 0.1794568
v -0.1682295 -0.04945204 0.1805893
v -0.213225 -0.06930843 0.182407
v -0.2129967 -0.07319769 0.1820062
v -0.2591247 -0.06251565 0.184919
v -0.2575774 -0.05884776 0.1850425
v -0.2962625 -0.01793256 0.1862985
v -0.2891994 -0.01803043 0.1864337
v -0.2931656 -0.01098365 0.1861727
v -0.1579226 0.09229475 0.1171868
v -0.1422352 0.0370273 0.1353654
v -0.1488928 -0.009932697 0.1468957
v -0.1722655 -0.04805622 0.1511951
v -0.2130782 -0.06638858 0.1526772
v -0.2579922 -0.05878019 0.1551822
v -0.2961856 -0.0191583 0.1564918
v -0.2890736 -0.01829144 0.1566713
v -0.2931283 -0.01224667 0.156366
v -0.2941186 -0.002692461 0.1850355
v -0.2956823 0.03587145 0.1808923
v -0.2920587 0.03450823 0.1801699
v -0.2948946 -0.001084566 0.1850985
v -0.29458 -0.00267148 0.1559466
v -0.295631 0.03260207 0.1523905
v -0.2846903 0.08081108 0.1698514
v -0.2807428 0.07838523 0.1694296
v -0.2471774 0.1191117 0.1493449
v -0.2450451 0.1148193 0.1495709
v -0.2852309 0.07477564 0.1422258
v -0.2506704 0.1147983 0.1226211
v -0.2931283 -0.01224667 0.156366
v -0.2890736 -0.01829144 0.1566713
v -0.2831849 -0.01747116 0.1567179
v -0.2832316 -0.01656002 0.1865293
v -0.2931656 -0.01098365 0.1861727
v -0.2891994 -0.01803043 0.1864337
v -0.2657824 -0.0434632 0.1855016
v -0.266034 -0.04353544 0.1577479
v -0.3272577 0.04512036 0.1503865
v -0.3146042 0.02150059 0.1782474
v -0.3130103 0.01662093 0.1492773
v -0.3315967 0.05138421 0.1678147
v -0.29458 -0.00267148 0.1559466
v -0.2941186 -0.002692461 0.1850355
v -0.2579922 -0.05878019 0.1551822
v -0.213225 -0.06930843 0.182407
v -0.2575774 -0.05884776 0.1850425
v -0.2130782 -0.06638858 0.1526772
v -0.1682295 -0.04945204 0.1805893
v -0.1722655 -0.04805622 0.1511951
v -0.1402404 -0.0083341 0.1752647
v -0.1488928 -0.009932697 0.1468957
v -0.1319726 0.03960925 0.1636365
v -0.1422352 0.0370273 0.1353654
v -0.1549119 0.09174478 0.1454882
v -0.1579226 0.09229475 0.1171868
v -0.2890736 -0.01829144 0.1566713
v -0.2891994 -0.01803043 0.1864337
v -0.1717063 0.1139244 0.1435005
v -0.173708 0.1171263 0.1163969
v -0.2187595 0.1325201 0.1456653
v -0.2181932 0.1364467 0.119375
v -0.2450451 0.1148193 0.1495709
v -0.2506704 0.1147983 0.1226211
v -0.2807428 0.07838523 0.1694296
v -0.2852309 0.07477564 0.1422258
v -0.2920587 0.03450823 0.1801699
v -0.295631 0.03260207 0.1523905
v -0.2941186 -0.002692461 0.1850355
v -0.29458 -0.00267148 0.1559466
v -0.3272577 0.04512036 0.1503865
v -0.3271132 0.05315751 0.1676586
v -0.3315967 0.05138421 0.1678147
v -0.2891994 -0.01803043 0.1864337
v -0.266034 -0.04353544 0.1577479
v -0.2890736 -0.01829144 0.1566713
v -0.2657824 -0.0434632 0.1855016
v -0.2886006 -0.01837531 0.152789
v -0.2909728 -0.01821452 0.1897497
v -0.2884607 -0.01733369 0.1896285
v -0.2911173 -0.0192585 0.1527401
v -0.2886006 -0.01837531 0.152789
v -0.2954772 -0.001159132 0.1552055
v -0.2950158 0.002573967 0.1522507
v -0.2911173 -0.01539722 0.1555714
v -0.2884607 -0.01733369 0.1896285
v -0.2909984 -0.0145117 0.186711
v -0.2948574 0.003564358 0.189046
v -0.2953444 -0.0003225803 0.1863009
v -0.2884607 -0.01733369 0.1896285
v -0.2974347 0.002890885 0.1891578
v -0.2948574 0.003564358 0.189046
v -0.2909728 -0.01821452 0.1897497
v -0.2953444 -0.0003225803 0.1863009
v -0.2909984 -0.0145117 0.186711
v -0.2911173 -0.0192585 0.1527401
v -0.2911173 -0.01539722 0.1555714
v -0.2975931 0.001895845 0.1521971
v -0.2954772 -0.001159132 0.1552055
v -0.2950158 0.002573967 0.1522507
v -0.2886006 -0.01837531 0.152789
v -0.2948574 0.003564358 0.189046
v -0.2975931 0.001895845 0.1521971
v -0.2950158 0.002573967 0.1522507
v -0.2974347 0.002890885 0.1891578
v 0.01803976 -0.07525298 1.779258
v 0.01457462 -0.08013961 1.774975
v 0.01444411 -0.08248621 1.783033
v 0.01810035 -0.07303688 1.772439
v 0.006812423 -0.08116728 1.774425
v 1.013279E-06 -0.101266 1.772824
v 0.01243308 -0.07762057 1.770219
v 1.013279E-06 -0.07992521 1.766744
v 0.009904712 -0.07696575 1.760222
v 1.013279E-06 -0.0780004 1.759602
v 1.013279E-06 -0.08076179 1.751283
v 0.01698413 -0.07361713 1.753068
v 0.03083304 -0.05750784 1.752271
v 0.01630837 -0.06751645 1.748279
v 1.013279E-06 -0.07427195 1.745765
v 1.013279E-06 -0.07549301 1.739527
v 0.01556498 -0.07005644 1.743166
v 1.013279E-06 -0.06783801 1.731294
v 0.01684666 -0.05977988 1.730417
v 1.013279E-06 -0.06956011 1.703845
v 0.02116701 -0.06054887 1.707842
v 1.013279E-06 -0.06181654 1.697062
v 0.01956841 -0.05281466 1.698131
v 0.03695703 -0.02614683 1.716941
v 0.03383446 -0.0447472 1.726179
v 1.013279E-06 -0.02003449 1.698707
v 1.013279E-06 -0.06181654 1.697062
v 1.013279E-06 -0.01902547 1.678389
v 0.03137368 0.003822982 1.690917
v 1.013279E-06 -0.02003449 1.698707
v 1.013279E-06 -0.02003449 1.698707
v -0.01956409 -0.05281466 1.698131
v -0.03695273 -0.02614683 1.716941
v -0.02116501 -0.06054887 1.707842
v 1.013279E-06 -0.06181654 1.697062
v 1.013279E-06 -0.06956011 1.703845
v -0.01684231 -0.05977988 1.730417
v 1.013279E-06 -0.06783801 1.731294
v -0.01556301 -0.07005644 1.743166
v 1.013279E-06 -0.07549301 1.739527
v -0.01630402 -0.06751645 1.748279
v 1.013279E-06 -0.07427195 1.745765
v -0.01697981 -0.07361713 1.753068
v -0.03083104 -0.05750784 1.752271
v -0.01809603 -0.07303688 1.772439
v 1.013279E-06 -0.08076179 1.751283
v -0.009900391 -0.07696575 1.760222
v 1.013279E-06 -0.0780004 1.759602
v 1.013279E-06 -0.07992521 1.766744
v -0.01242876 -0.07762057 1.770219
v -0.006808102 -0.08116728 1.774425
v -0.0145703 -0.08013961 1.774975
v -0.01803541 -0.07525298 1.779258
v -0.01070434 -0.09456408 1.775196
v -0.01443982 -0.08248621 1.783033
v 1.013279E-06 -0.101266 1.772824
v 1.013279E-06 -0.1031629 1.778848
v 1.013279E-06 -0.09357604 1.79207
v 1.013279E-06 -0.101266 1.772824
v 1.013279E-06 -0.101266 1.772824
v 1.013279E-06 -0.0922268 1.768508
v 1.013279E-06 -0.07992521 1.766744
v 1.013279E-06 -0.07992521 1.766744
v -0.03383011 -0.0447472 1.726179
v 1.013279E-06 -0.01902547 1.678389
v 1.013279E-06 -0.02003449 1.698707
v -0.03136933 0.003822982 1.690917
v 0.06313083 0.01560491 1.773866
v 0.06729507 0.02701169 1.757125
v 0.06499973 0.02653635 1.765244
v 1.013279E-06 -0.08970079 1.931573
v -0.06312883 0.01560491 1.773866
v -0.06499773 0.02653635 1.765244
v -0.06729305 0.02701169 1.757125
v 1.013279E-06 -0.08970079 1.931573
v 0.09081233 -0.02123925 1.662462
v 0.05595589 -0.02327824 1.637127
v 0.08677161 -0.03041127 1.634976
v 0.05999893 -0.01410624 1.664613
v 0.04941943 -0.04656017 1.620666
v 0.08023283 -0.05369318 1.618515
v 0.04288062 -0.07506192 1.621514
v 0.07369402 -0.08219492 1.619365
v 0.03883991 -0.0978964 1.63935
v 0.0696533 -0.1050294 1.637199
v 0.03883991 -0.1063414 1.66736
v 0.0696533 -0.1134744 1.665209
v 0.04288062 -0.09716937 1.694843
v 0.07369402 -0.1043024 1.692692
v 0.04941943 -0.07388744 1.711304
v 0.08023283 -0.08102044 1.709154
v 0.05595589 -0.04538569 1.710456
v 0.08677161 -0.0525187 1.708305
v 0.05999893 -0.02255121 1.69262
v 0.09081233 -0.02968422 1.690469
v 0.05999893 -0.01410624 1.664613
v 0.09081233 -0.02123925 1.662462
v 0.05595589 -0.02327824 1.637127
v 0.05999893 -0.01410624 1.664613
v 0.04941943 -0.06022263 1.665985
v 0.04941943 -0.04656017 1.620666
v 0.04288062 -0.07506192 1.621514
v 0.03883991 -0.0978964 1.63935
v 0.03883991 -0.1063414 1.66736
v 0.04288062 -0.09716937 1.694843
v 0.04941943 -0.07388744 1.711304
v 0.05595589 -0.04538569 1.710456
v 0.05999893 -0.02255121 1.69262
v 0.08023283 -0.06735799 1.663834
v 0.09081233 -0.02123925 1.662462
v 0.08677161 -0.03041127 1.634976
v 0.08023283 -0.05369318 1.618515
v 0.07369402 -0.08219492 1.619365
v 0.0696533 -0.1050294 1.637199
v 0.0696533 -0.1134744 1.665209
v 0.07369402 -0.1043024 1.692692
v 0.08023283 -0.08102044 1.709154
v 0.08677161 -0.0525187 1.708305
v 0.09081233 -0.02968422 1.690469
v 0.04749459 0.09342957 1.733174
v 0.07577264 0.05705142 1.681554
v 0.04749459 0.1044239 1.696712
v 0.07577264 0.04605716 1.718016
v 1.013279E-06 0.1091543 1.739095
v 1.013279E-06 0.1201463 1.702636
v 0.07577264 0.04605716 1.718016
v 0.07972017 0.02487016 1.671752
v 0.07577264 0.05705142 1.681554
v 0.07972017 0.01387584 1.708215
v 0.07498267 -0.009741604 1.701093
v 0.06165576 -0.02493742 1.64752
v 0.07498267 0.001252711 1.664631
v 0.06165576 -0.0410234 1.700876
v 0.07269201 0.009108126 1.706777
v 0.07269201 0.02010006 1.670315
v 0.05008355 0.09873098 1.734773
v 0.07577264 0.04605716 1.718016
v 0.04749459 0.09342957 1.733174
v 0.08120456 0.0489397 1.718885
v 0.07972017 0.01387584 1.708215
v 0.08593503 0.01471478 1.708466
v 1.013279E-06 0.1154368 1.74099
v 1.013279E-06 0.1091543 1.739095
v 0.08593503 0.02570909 1.672004
v 0.08120456 0.0599317 1.682423
v 0.07577264 0.05705142 1.681554
v 0.04749459 0.1044239 1.696712
v 0.05008355 0.109723 1.698311
v 0.07972017 0.02487016 1.671752
v 1.013279E-06 0.1201463 1.702636
v 1.013279E-06 0.1264288 1.70453
v 0.07498267 -0.009741604 1.701093
v 0.08903664 -0.01194605 1.700429
v 0.06165576 -0.0410234 1.700876
v 0.07505959 -0.04701224 1.699073
v 0.07505959 -0.03092626 1.645716
v 0.08903664 -0.000951767 1.663967
v 0.07498267 0.001252711 1.664631
v 0.06165576 -0.02493742 1.64752
v 0.07972017 0.01387584 1.708215
v 0.07269201 0.02010006 1.670315
v 0.07972017 0.02487016 1.671752
v 0.07269201 0.009108126 1.706777
v 0.07972017 0.02487016 1.671752
v 0.07269201 0.02010006 1.670315
v 0.07498267 0.001252711 1.664631
v 0.07498267 -0.009741604 1.701093
v 0.07269201 0.009108126 1.706777
v 0.07972017 0.01387584 1.708215
v -0.0474903 0.09342957 1.733174
v -0.07399499 0.07080948 1.685802
v -0.07399499 0.05981749 1.722264
v -0.0474903 0.1044239 1.696712
v 1.013279E-06 0.1091543 1.739095
v 1.013279E-06 0.1201463 1.702636
v -0.07862991 0.0230875 1.71099
v -0.07862991 0.03407949 1.67453
v -0.07498068 -0.009741604 1.701093
v -0.06165141 -0.02493742 1.64752
v -0.06165141 -0.0410234 1.700876
v -0.07498068 0.001252711 1.664631
v -0.07268769 0.009108126 1.706777
v -0.07268769 0.02010006 1.670315
v -0.05008155 0.09873098 1.734773
v -0.07399499 0.05981749 1.722264
v -0.07876742 0.06339681 1.723343
v -0.0474903 0.09342957 1.733174
v 1.013279E-06 0.1154368 1.74099
v 1.013279E-06 0.1091543 1.739095
v -0.07876742 0.0743888 1.686881
v -0.05008155 0.109723 1.698311
v -0.0474903 0.1044239 1.696712
v -0.07399499 0.07080948 1.685802
v 1.013279E-06 0.1201463 1.702636
v 1.013279E-06 0.1264288 1.70453
v -0.07862991 0.0230875 1.71099
v -0.08478421 0.02459985 1.711447
v -0.07498068 -0.009741604 1.701093
v -0.08903235 -0.01194605 1.700429
v -0.06165141 -0.0410234 1.700876
v -0.07505524 -0.04701224 1.699073
v -0.07505524 -0.03092626 1.645716
v -0.08903235 -0.000951767 1.663967
v -0.07498068 0.001252711 1.664631
v -0.06165141 -0.02493742 1.64752
v -0.08478421 0.03559184 1.674984
v -0.07862991 0.03407949 1.67453
v -0.07862991 0.0230875 1.71099
v -0.07268769 0.02010006 1.670315
v -0.07268769 0.009108126 1.706777
v -0.07862991 0.03407949 1.67453
v -0.07862991 0.03407949 1.67453
v -0.07498068 0.001252711 1.664631
v -0.07268769 0.02010006 1.670315
v -0.07498068 -0.009741604 1.701093
v -0.07862991 0.0230875 1.71099
v -0.07268769 0.009108126 1.706777
v -0.09081036 -0.02123925 1.662462
v -0.05595386 -0.02327824 1.637127
v -0.05999458 -0.01410624 1.664613
v -0.08676726 -0.03041127 1.634976
v -0.04941511 -0.04656017 1.620666
v -0.08023083 -0.05369318 1.618515
v -0.0428763 -0.07506192 1.621514
v -0.07369202 -0.08219492 1.619365
v -0.03883559 -0.0978964 1.63935
v -0.06965131 -0.1050294 1.637199
v -0.03883559 -0.1063414 1.66736
v -0.06965131 -0.1134744 1.665209
v -0.0428763 -0.09716937 1.694843
v -0.07369202 -0.1043024 1.692692
v -0.04941511 -0.07388744 1.711304
v -0.08023083 -0.08102044 1.709154
v -0.05595386 -0.04538569 1.710456
v -0.08676726 -0.0525187 1.708305
v -0.05999458 -0.02255121 1.69262
v -0.09081036 -0.02968422 1.690469
v -0.05999458 -0.01410624 1.664613
v -0.09081036 -0.02123925 1.662462
v -0.05595386 -0.02327824 1.637127
v -0.04941511 -0.06022263 1.665985
v -0.05999458 -0.01410624 1.664613
v -0.04941511 -0.04656017 1.620666
v -0.0428763 -0.07506192 1.621514
v -0.03883559 -0.0978964 1.63935
v -0.03883559 -0.1063414 1.66736
v -0.0428763 -0.09716937 1.694843
v -0.04941511 -0.07388744 1.711304
v -0.05595386 -0.04538569 1.710456
v -0.05999458 -0.02255121 1.69262
v -0.08023083 -0.06735799 1.663834
v -0.08676726 -0.03041127 1.634976
v -0.09081036 -0.02123925 1.662462
v -0.08023083 -0.05369318 1.618515
v -0.07369202 -0.08219492 1.619365
v -0.06965131 -0.1050294 1.637199
v -0.06965131 -0.1134744 1.665209
v -0.07369202 -0.1043024 1.692692
v -0.08023083 -0.08102044 1.709154
v -0.08676726 -0.0525187 1.708305
v -0.09081036 -0.02968422 1.690469
vt 0.3893896 0.3641874
vt 0.4083928 0.368641
vt 0.408453 0.3642024
vt 0.3893745 0.3684755
vt 0.4083627 0.3716201
vt 0.3893294 0.3712741
vt 0.4083326 0.3745391
vt 0.3892391 0.3741178
vt 0.4189251 0.3745541
vt 0.4184586 0.3716502
vt 0.4279979 0.3745391
vt 0.4278775 0.3716954
vt 0.4179621 0.3687162
vt 0.4276969 0.3688065
vt 0.4279527 0.3645485
vt 0.4187445 0.364398
vt 0.4279527 0.3645485
vt 0.4276969 0.3688065
vt 0.4278775 0.3716954
vt 0.4279979 0.3745391
vt 0.4593991 0.3744488
vt 0.4595044 0.3718007
vt 0.4702623 0.3744338
vt 0.4703376 0.3718007
vt 0.4594593 0.368972
vt 0.4703526 0.3690473
vt 0.4704429 0.365045
vt 0.4594893 0.3648945
vt 0.4361528 0.374524
vt 0.4361077 0.3717104
vt 0.4443078 0.374494
vt 0.4443229 0.3717405
vt 0.4593991 0.3744488
vt 0.4595044 0.3718007
vt 0.4702623 0.3744338
vt 0.4703376 0.3718007
vt 0.4594593 0.368972
vt 0.4703526 0.3690473
vt 0.4704429 0.365045
vt 0.4594893 0.3648945
vt 0.4442025 0.3688968
vt 0.4443379 0.364729
vt 0.4359422 0.3688517
vt 0.4361528 0.3646387
vt 0.3893896 0.3641874
vt 0.4083928 0.368641
vt 0.3893745 0.3684755
vt 0.408453 0.3642024
vt 0.4083627 0.3716201
vt 0.3893294 0.3712741
vt 0.4083326 0.3745391
vt 0.3892391 0.3741178
vt 0.4189251 0.3745541
vt 0.4184586 0.3716502
vt 0.4279979 0.3745391
vt 0.4278775 0.3716954
vt 0.4179621 0.3687162
vt 0.4276969 0.3688065
vt 0.4279527 0.3645485
vt 0.4187445 0.364398
vt 0.4361528 0.374524
vt 0.4361077 0.3717104
vt 0.4359422 0.3688517
vt 0.4361528 0.3646387
vt 0.4279527 0.3645485
vt 0.4276969 0.3688065
vt 0.4278775 0.3716954
vt 0.4279979 0.3745391
vt 0.4593991 0.3744488
vt 0.4595044 0.3718007
vt 0.4702623 0.3744338
vt 0.4703376 0.3718007
vt 0.4594593 0.368972
vt 0.4703526 0.3690473
vt 0.4704429 0.365045
vt 0.4594893 0.3648945
vt 0.4443078 0.374494
vt 0.4442025 0.3688968
vt 0.4443229 0.3717405
vt 0.4593991 0.3744488
vt 0.4595044 0.3718007
vt 0.4702623 0.3744338
vt 0.4703376 0.3718007
vt 0.4594593 0.368972
vt 0.4703526 0.3690473
vt 0.4704429 0.365045
vt 0.4594893 0.3648945
vt 0.4443379 0.364729
vt 0.01644194 0.5663769
vt 0.1547005 0.5355173
vt 0.1399704 0.5663769
vt 0.01641185 0.529544
vt 0.2148548 0.534449
vt 0.1577097 0.501799
vt 0.2149 0.5052746
vt 0.214915 0.4701721
vt 0.1557538 0.4683064
vt 0.01638176 0.4671177
vt 0.01632158 0.5002492
vt 0.2149602 0.4340614
vt 0.1552121 0.4180374
vt 0.2149451 0.3985075
vt 0.2148699 0.3589513
vt 0.155513 0.3588611
vt 0.01644194 0.358846
vt 0.01644194 0.4187144
vt 0.2147646 0.5663769
vt 0.5787297 0.7786622
vt 0.5564013 0.8003888
vt 0.556326 0.7781507
vt 0.5834993 0.7970486
vt 0.6073173 0.7908797
vt 0.6001704 0.7791287
vt 0.525963 0.8019987
vt 0.5308229 0.7775639
vt 0.4955398 0.797515
vt 0.5061774 0.7769921
vt 0.6143739 0.8124558
vt 0.5903904 0.8198133
vt 0.6250265 0.8378084
vt 0.6037965 0.8413443
vt 0.6250115 0.8684423
vt 0.6152616 0.8640037
vt 0.5091565 0.8576392
vt 0.5705897 0.8239209
vt 0.5903904 0.8198133
vt 0.5383911 0.8608591
vt 0.5078475 0.8897777
vt 0.4784926 0.8830972
vt 0.4778606 0.8504622
vt 0.5368564 0.8933586
vt 0.4831418 0.9150551
vt 0.5068244 0.9278594
vt 0.5303264 0.9273779
vt 0.5826266 0.8364694
vt 0.6084608 0.8757396
vt 0.555002 0.8609794
vt 0.5388124 0.895766
vt 0.5560703 0.8943065
vt 0.5476745 0.9302517
vt 0.5566119 0.9251812
vt 0.5748177 0.853336
vt 0.5826266 0.8364694
vt 0.566753 0.8951491
vt 0.5566119 0.9251812
vt 0.5643005 0.930041
vt 0.5584325 0.9351116
vt 0.5566119 0.9251812
vt 0.4510635 0.9718542
vt 0.4657335 0.9151905
vt 0.4720829 0.9311845
vt 0.4328879 0.9618334
vt 0.4473622 0.8979176
vt 0.469179 0.8889953
vt 0.4712404 0.8586022
vt 0.4522823 0.8594146
vt 0.4671779 0.8268098
vt 0.4541329 0.8271859
vt 0.3955585 0.9012127
vt 0.4371609 0.8761008
vt 0.4037436 0.8731066
vt 0.4195721 0.8643347
vt 0.4120791 0.8219498
vt 0.3996209 0.8248538
vt 0.4091602 0.7813103
vt 0.4030514 0.7837478
vt 0.3614791 0.8976769
vt 0.3627429 0.8716621
vt 0.3326658 0.8780869
vt 0.358515 0.9379101
vt 0.3313116 0.9231198
vt 0.3245108 0.8981884
vt 0.3326658 0.8780869
vt 0.3876292 0.9456438
vt 0.3271439 0.8687131
vt 0.3326658 0.8780869
vt 0.5881786 0.8579702
vt 0.6084608 0.8757396
vt 0.6037965 0.8413443
vt 0.5826266 0.8364694
vt 0.4473622 0.8979176
vt 0.4371609 0.8761008
vt 0.525301 0.6122674
vt 0.5315451 0.6608814
vt 0.5449061 0.6080094
vt 0.5108868 0.615382
vt 0.5037399 0.5672495
vt 0.4905445 0.5663016
vt 0.4820284 0.6374395
vt 0.5114887 0.6608814
vt 0.4762507 0.7116469
vt 0.4409977 0.7116469
vt 0.440787 0.6367926
vt 0.4055341 0.6363412
vt 0.4057598 0.7116469
vt 0.5114887 0.7117071
vt 0.3683702 0.6604902
vt 0.3694836 0.7102326
vt 0.5644208 0.7115867
vt 0.5467417 0.6608814
vt 0.374178 0.6079342
vt 0.3495776 0.622243
vt 0.3171533 0.6246805
vt 0.336969 0.6687806
vt 0.5819947 0.6608814
vt 0.5819947 0.6138021
vt 0.3323348 0.5776313
vt 0.3711838 0.5616975
vt 0.4062713 0.5640447
vt 0.3048606 0.6960291
vt 0.2958179 0.6580979
vt 0.3337642 0.7241803
vt 0.282472 0.6031796
vt 0.2716238 0.6479718
vt 0.5819947 0.5654139
vt 0.5605239 0.567731
vt 0.5276933 0.5618179
vt 0.5156414 0.5645562
vt 0.4414792 0.5646766
vt 0.4767021 0.5653086
vt 0.336969 0.6687806
vt 0.3048606 0.6960291
vt 0.3705067 0.7550248
vt 0.4057598 0.7623673
vt 0.4057598 0.7550248
vt 0.3705067 0.7623673
vt 0.3352688 0.7623673
vt 0.3352688 0.7550248
vt 0.4409977 0.7550248
vt 0.4409977 0.7623673
vt 0.4762507 0.7550248
vt 0.476356 0.7624275
vt 0.5114436 0.7556568
vt 0.5120604 0.7629992
vt 0.5651731 0.7542123
vt 0.563819 0.7601856
vt 0.03014894 0.5924668
vt 0.008888803 0.6342648
vt 0.06164042 0.6251168
vt 0.008557789 0.6044585
vt 0.07369234 0.5968753
vt 0.1260678 0.5817841
vt 0.1441532 0.6151563
vt 0.1929477 0.5770746
vt 0.1980634 0.6091529
vt 0.2558404 0.584056
vt 0.2465871 0.6116806
vt 0.2069406 0.6539903
vt 0.2519134 0.6502889
vt 0.2666134 0.6840975
vt 0.222754 0.6984816
vt 0.2907474 0.733885
vt 0.2343696 0.7490214
vt 0.186824 0.7262567
vt 0.1903297 0.7664298
vt 0.1789849 0.7464184
vt 0.1648566 0.7358711
vt 0.2175782 0.7954838
vt 0.1852441 0.7894653
vt 0.1750429 0.8331141
vt 0.171507 0.804376
vt 0.1576646 0.6635746
vt 0.1386614 0.6966309
vt 0.07438447 0.6797943
vt 0.1234799 0.7073287
vt 0.09611104 0.7035822
vt 0.1327483 0.7418294
vt 0.08878358 0.7412877
vt 0.109803 0.793934
vt 0.08514243 0.7878855
vt 0.09337264 0.8233943
vt 0.07438447 0.8117937
vt 0.05321461 0.8339567
vt 0.02984802 0.8287055
vt 0.02271617 0.8392529
vt 0.02121156 0.8248387
vt 0.00932514 0.8421116
vt 0.00932514 0.8768982
vt 0.04856537 0.8691043
vt 0.00932514 0.9077879
vt 0.06052701 0.9005206
vt 0.00932514 0.8287657
vt 0.00932514 0.8146976
vt 0.0376118 0.816774
vt 0.01916529 0.7973495
vt 0.00932514 0.8146976
vt 0.00932514 0.7859445
vt 0.0169836 0.7833115
vt 0.00932514 0.7795951
vt 0.03082601 0.791647
vt 0.05644952 0.8045565
vt 0.05789394 0.7772178
vt 0.1127821 0.8626947
vt 0.1382702 0.8120345
vt 0.2020506 0.8665766
vt 0.1321464 0.9185157
vt 0.07271435 0.9360144
vt 0.1294833 0.9620441
vt 0.1275875 0.9893227
vt 0.05539629 0.9788806
vt 0.03881549 0.9488938
vt 0.00932514 0.9335016
vt 0.00932514 0.9723958
vt 0.2041571 0.9445755
vt 0.2226788 0.9701539
vt 0.2747985 0.9368719
vt 0.2487838 0.9171465
vt 0.2126581 0.8976017
vt 0.2639051 0.868322
vt 0.3090133 0.8783426
vt 0.2747985 0.9368719
vt 0.2582026 0.8108007
vt 0.3151822 0.8337008
vt 0.3068016 0.7948368
vt 0.1537226 0.8001782
vt 0.1568371 0.7969282
vt 0.1671286 0.7941597
vt 0.1746968 0.7848763
vt 0.1421972 0.7825742
vt 0.1449958 0.768461
vt 0.142769 0.7426569
vt 0.1659249 0.7760292
vt 0.1746968 0.7848763
vt 0.1744711 0.7672724
vt 0.1653682 0.7486603
vt 0.157469 0.7569959
vt 0.1570778 0.7405354
vt 0.1671286 0.7941597
vt 0.145041 0.7362322
vt 0.1497203 0.736804
vt 0.1472076 0.7306802
vt 0.1432354 0.7363225
vt 0.1449356 0.7273551
vt 0.1653682 0.7486603
vt 0.1653682 0.7486603
vt 0.1744711 0.7672724
vt 0.1746968 0.7848763
vt 0.1432354 0.7363225
vt 0.1327483 0.7418294
vt 0.1472076 0.7306802
vt 0.1497203 0.736804
vt 0.1449356 0.7273551
vt 0.525301 0.6122674
vt 0.5449061 0.6080094
vt 0.5315451 0.6608814
vt 0.5108868 0.615382
vt 0.5037399 0.5672495
vt 0.4905445 0.5663016
vt 0.4820284 0.6374395
vt 0.5114887 0.6608814
vt 0.4762507 0.7116469
vt 0.4409977 0.7116469
vt 0.440787 0.6367926
vt 0.4055341 0.6363412
vt 0.4057598 0.7116469
vt 0.5114887 0.7117071
vt 0.3683702 0.6604902
vt 0.3694836 0.7102326
vt 0.5644208 0.7115867
vt 0.5467417 0.6608814
vt 0.374178 0.6079342
vt 0.3495776 0.622243
vt 0.3171533 0.6246805
vt 0.336969 0.6687806
vt 0.5819947 0.6608814
vt 0.5819947 0.6138021
vt 0.3323348 0.5776313
vt 0.3711838 0.5616975
vt 0.4062713 0.5640447
vt 0.3048606 0.6960291
vt 0.2958179 0.6580979
vt 0.3337642 0.7241803
vt 0.282472 0.6031796
vt 0.2716238 0.6479718
vt 0.5819947 0.5654139
vt 0.5605239 0.567731
vt 0.5276933 0.5618179
vt 0.5156414 0.5645562
vt 0.4414792 0.5646766
vt 0.4767021 0.5653086
vt 0.3048606 0.6960291
vt 0.336969 0.6687806
vt 0.7265726 0.8706841
vt 0.6773719 0.8668926
vt 0.6984364 0.7911354
vt 0.7410169 0.7845753
vt 0.661092 0.8032175
vt 0.6450077 0.7380227
vt 0.7195612 0.718523
vt 0.783492 0.7834168
vt 0.6479117 0.8676448
vt 0.6607911 0.9214948
vt 0.6273286 0.91176
vt 0.6509058 0.9677315
vt 0.7084722 0.9242633
vt 0.6904169 0.9827174
vt 0.6109133 0.9568381
vt 0.5976126 0.9458094
vt 0.7216676 0.9511507
vt 0.7138286 0.9906768
vt 0.7566799 0.9214497
vt 0.7834168 0.7189443
vt 0.7190647 0.6544868
vt 0.7833717 0.653268
vt 0.7834469 0.8713161
vt 0.7833416 0.9158525
vt 0.7832664 0.9356683
vt 0.761946 0.9382863
vt 0.7360216 0.96072
vt 0.715258 0.5989065
vt 0.6498827 0.5964991
vt 0.6511165 0.666975
vt 0.5947086 0.6015396
vt 0.5947387 0.6680884
vt 0.7803173 0.598079
vt 0.6446617 0.5329444
vt 0.5946635 0.5395797
vt 0.7028449 0.5374733
vt 0.7074491 0.5677611
vt 0.7256398 0.576232
vt 0.5947538 0.7326362
vt 0.7784817 0.5790156
vt 0.8510641 0.599418
vt 0.8485062 0.6539752
vt 0.9257529 0.5964991
vt 0.9243837 0.666975
vt 0.9872313 0.6015396
vt 0.9871861 0.6680884
vt 0.8480999 0.718523
vt 0.8241917 0.7845753
vt 0.8716471 0.7911354
vt 0.9311845 0.7380227
vt 0.9132496 0.8032175
vt 0.8403061 0.8706841
vt 0.8951341 0.8668926
vt 0.9279496 0.8676448
vt 0.9135956 0.9214948
vt 0.9508949 0.91176
vt 0.9246094 0.9677315
vt 0.8604528 0.9242633
vt 0.8805845 0.9827174
vt 0.9691759 0.9568381
vt 0.9839963 0.9458094
vt 0.8457679 0.9511507
vt 0.8544946 0.9906768
vt 0.8067533 0.9214497
vt 0.8008853 0.9382863
vt 0.8297588 0.96072
vt 0.4073998 0.5062075
vt 0.4381841 0.4777854
vt 0.3853873 0.4799069
vt 0.4302698 0.5094575
vt 0.3838376 0.4541329
vt 0.437507 0.4538621
vt 0.4026452 0.5197791
vt 0.3144299 0.454464
vt 0.3178755 0.4928315
vt 0.2857972 0.4546144
vt 0.2853759 0.4919889
vt 0.2547721 0.4781616
vt 0.255058 0.4547649
vt 0.2556749 0.5042816
vt 0.2708113 0.5388425
vt 0.2239878 0.4769127
vt 0.2238223 0.4549003
vt 0.2243489 0.5048383
vt 0.2241684 0.5307176
vt 0.2241985 0.5515865
vt 0.3211405 0.5380601
vt 0.3660531 0.5259931
vt 0.3691977 0.5508342
vt 0.3663991 0.5061473
vt 0.224063 0.4329029
vt 0.2542305 0.4313682
vt 0.2845183 0.4172399
vt 0.3170028 0.4160663
vt 0.2545464 0.4052331
vt 0.2689305 0.3710333
vt 0.2244994 0.4049924
vt 0.2243941 0.3790981
vt 0.2244994 0.3592974
vt 0.3848005 0.4283289
vt 0.3652105 0.4022841
vt 0.4376424 0.4299388
vt 0.4062111 0.4018176
vt 0.429006 0.3983571
vt 0.4011406 0.3883063
vt 0.3644131 0.3824533
vt 0.478312 0.4279979
vt 0.4805388 0.4536515
vt 0.4788988 0.4793201
vt 0.522036 0.4816071
vt 0.5256771 0.4534258
vt 0.4730008 0.5025814
vt 0.5144377 0.5105408
vt 0.5395195 0.5156865
vt 0.5517972 0.4950884
vt 0.57885 0.5018441
vt 0.5681222 0.5227432
vt 0.5526849 0.542273
vt 0.5853199 0.4896568
vt 0.5569128 0.4734672
vt 0.5121657 0.5316805
vt 0.5417915 0.547825
vt 0.5568075 0.4532753
vt 0.4812009 0.5222166
vt 0.4536515 0.5135951
vt 0.5564464 0.4330834
vt 0.521389 0.4253046
vt 0.5508493 0.4115224
vt 0.5844773 0.416623
vt 0.5777366 0.4044959
vt 0.5380902 0.3910446
vt 0.5665273 0.3837022
vt 0.5506386 0.3643378
vt 0.5131437 0.3964462
vt 0.5103753 0.3753215
vt 0.5396399 0.3588911
vt 0.4718874 0.4047968
vt 0.479621 0.3850864
vt 0.4522823 0.3939787
vt 0.3705067 0.7550248
vt 0.4057598 0.7623673
vt 0.3705067 0.7623673
vt 0.4057598 0.7550248
vt 0.3352688 0.7623673
vt 0.3352688 0.7550248
vt 0.4409977 0.7550248
vt 0.4409977 0.7623673
vt 0.4762507 0.7550248
vt 0.476356 0.7624275
vt 0.5114436 0.7556568
vt 0.5120604 0.7629992
vt 0.5651731 0.7542123
vt 0.563819 0.7601856
vt 0.9664827 0.9094429
vt 0.984869 0.8784178
vt 0.9530014 0.8902441
vt 0.9946038 0.8918239
vt 0.9758714 0.857263
vt 0.9419726 0.8635824
vt 0.9736145 0.8246431
vt 0.9380305 0.837658
vt 0.9356532 0.8155102
vt 0.9789258 0.7943854
vt 0.9405131 0.7874792
vt 0.9869002 0.7771727
vt 0.9658808 0.7655872
vt 0.03014894 0.5924668
vt 0.008888803 0.6342648
vt 0.008557789 0.6044585
vt 0.06164042 0.6251168
vt 0.07369234 0.5968753
vt 0.1260678 0.5817841
vt 0.1441532 0.6151563
vt 0.1929477 0.5770746
vt 0.1980634 0.6091529
vt 0.2558404 0.584056
vt 0.2465871 0.6116806
vt 0.2069406 0.6539903
vt 0.2519134 0.6502889
vt 0.2666134 0.6840975
vt 0.222754 0.6984816
vt 0.2907474 0.733885
vt 0.2343696 0.7490214
vt 0.186824 0.7262567
vt 0.1903297 0.7664298
vt 0.1789849 0.7464184
vt 0.1648566 0.7358711
vt 0.2175782 0.7954838
vt 0.1852441 0.7894653
vt 0.1750429 0.8331141
vt 0.171507 0.804376
vt 0.1576646 0.6635746
vt 0.1386614 0.6966309
vt 0.07438447 0.6797943
vt 0.1234799 0.7073287
vt 0.09611104 0.7035822
vt 0.1327483 0.7418294
vt 0.08878358 0.7412877
vt 0.109803 0.793934
vt 0.08514243 0.7878855
vt 0.09337264 0.8233943
vt 0.07438447 0.8117937
vt 0.05321461 0.8339567
vt 0.02984802 0.8287055
vt 0.02271617 0.8392529
vt 0.02121156 0.8248387
vt 0.00932514 0.8421116
vt 0.00932514 0.8768982
vt 0.04856537 0.8691043
vt 0.00932514 0.9077879
vt 0.06052701 0.9005206
vt 0.00932514 0.8287657
vt 0.00932514 0.8146976
vt 0.01818729 0.8128921
vt 0.0376118 0.816774
vt 0.03082601 0.791647
vt 0.05644952 0.8045565
vt 0.05789394 0.7772178
vt 0.1127821 0.8626947
vt 0.1382702 0.8120345
vt 0.2020506 0.8665766
vt 0.1321464 0.9185157
vt 0.07271435 0.9360144
vt 0.03881549 0.9488938
vt 0.00932514 0.9335016
vt 0.00932514 0.9723958
vt 0.1294833 0.9620441
vt 0.05539629 0.9788806
vt 0.1275875 0.9893227
vt 0.2041571 0.9445755
vt 0.2226788 0.9701539
vt 0.2747985 0.9368719
vt 0.2487838 0.9171465
vt 0.2126581 0.8976017
vt 0.2639051 0.868322
vt 0.3090133 0.8783426
vt 0.2747985 0.9368719
vt 0.2582026 0.8108007
vt 0.3151822 0.8337008
vt 0.3068016 0.7948368
vt 0.1537226 0.8001782
vt 0.1568371 0.7969282
vt 0.1671286 0.7941597
vt 0.1746968 0.7848763
vt 0.1421972 0.7825742
vt 0.1449958 0.768461
vt 0.142769 0.7426569
vt 0.1671286 0.7941597
vt 0.1659249 0.7760292
vt 0.1746968 0.7848763
vt 0.1744711 0.7672724
vt 0.1653682 0.7486603
vt 0.157469 0.7569959
vt 0.1570778 0.7405354
vt 0.145041 0.7362322
vt 0.1497203 0.736804
vt 0.1472076 0.7306802
vt 0.1432354 0.7363225
vt 0.1449356 0.7273551
vt 0.1653682 0.7486603
vt 0.1653682 0.7486603
vt 0.1744711 0.7672724
vt 0.1746968 0.7848763
vt 0.1432354 0.7363225
vt 0.1327483 0.7418294
vt 0.1472076 0.7306802
vt 0.1449356 0.7273551
vt 0.1497203 0.736804
vt 0.8616114 0.5677611
vt 0.8423524 0.5809113
vt 0.8667421 0.5374733
vt 0.9315757 0.5329444
vt 0.9872764 0.5395797
vt 0.8667421 0.5374733
vt 0.9871861 0.7326362
vt 0.3192597 0.3715599
vt 0.3669859 0.3593425
vt 0.9664827 0.9094429
vt 0.984869 0.8784178
vt 0.9946038 0.8918239
vt 0.9530014 0.8902441
vt 0.9758714 0.857263
vt 0.9419726 0.8635824
vt 0.9736145 0.8246431
vt 0.9380305 0.837658
vt 0.9356532 0.8155102
vt 0.9789258 0.7943854
vt 0.9405131 0.7874792
vt 0.9869002 0.7771727
vt 0.9658808 0.7655872
vt 0.3388347 0.1843263
vt 0.3396171 0.226004
vt 0.3522709 0.1846874
vt 0.3291901 0.212312
vt 0.3209148 0.2478209
vt 0.3152876 0.2221673
vt 0.3497882 0.2383117
vt 0.3622615 0.1837696
vt 0.3453497 0.1464553
vt 0.3571909 0.1406776
vt 0.3345766 0.1224116
vt 0.3448531 0.1149487
vt 0.3063803 0.2264704
vt 0.3060041 0.253749
vt 0.317379 0.09940613
vt 0.331748 0.08937038
vt 0.3158894 0.07658119
vt 0.3261358 0.2698483
vt 0.3590416 0.247866
vt 0.3045146 0.2743622
vt 0.30304 0.2942381
vt 0.3214715 0.2932902
vt 0.336307 0.2835704
vt 0.3436946 0.2878284
vt 0.3919324 0.2534782
vt 0.3985376 0.1836342
vt 0.4362732 0.1813923
vt 0.4216033 0.2541703
vt 0.4123499 0.313467
vt 0.375502 0.3133917
vt 0.4120039 0.351022
vt 0.3682498 0.351022
vt 0.4358971 0.351022
vt 0.4273359 0.09728463
vt 0.3936025 0.1266546
vt 0.3833711 0.08762503
vt 0.4505971 0.09919548
vt 0.4543586 0.1780671
vt 0.4372964 0.01150682
vt 0.4098222 0.01150682
vt 0.3669257 0.02810267
vt 0.4471515 0.01150682
vt 0.4476029 0.2577513
vt 0.3258198 0.351022
vt 0.3297017 0.0569009
vt 0.3234726 0.01150682
vt 0.3145804 0.0578789
vt 0.3105029 0.01150682
vt 0.3034463 0.05912773
vt 0.3035666 0.07625018
vt 0.3037923 0.01150682
vt 0.3475464 0.1004594
vt 0.3658575 0.1354867
vt 0.3709732 0.1825509
vt 0.3035516 0.09707399
vt 0.2924777 0.08022235
vt 0.2935008 0.06102353
vt 0.2784848 0.0906493
vt 0.2970818 0.01150682
vt 0.284112 0.01150682
vt 0.278876 0.06009068
vt 0.2414413 0.02793716
vt 0.2239577 0.08655676
vt 0.1976571 0.01150682
vt 0.2601135 0.09922557
vt 0.2153814 0.1256917
vt 0.1774352 0.09656242
vt 0.2099047 0.1820393
vt 0.1719283 0.179647
vt 0.216224 0.2526055
vt 0.1869594 0.2521541
vt 0.1964234 0.3125792
vt 0.2324738 0.3131059
vt 0.1962428 0.351022
vt 0.2399668 0.351022
vt 0.1722142 0.351022
vt 0.1701529 0.01150682
vt 0.1534367 0.1006098
vt 0.1532862 0.1867788
vt 0.1602977 0.01150682
vt 0.1608694 0.2569087
vt 0.2823516 0.351022
vt 0.2757163 0.313813
vt 0.296811 0.351022
vt 0.290943 0.3162054
vt 0.3040782 0.351022
vt 0.3035817 0.3161903
vt 0.3168223 0.3167771
vt 0.3113455 0.351022
vt 0.3325153 0.3143246
vt 0.2720451 0.2819605
vt 0.285075 0.2911536
vt 0.2838262 0.2669444
vt 0.2488289 0.2483475
vt 0.2587593 0.2386277
vt 0.2652292 0.2868504
vt 0.2376798 0.183228
vt 0.2447364 0.1360735
vt 0.2907474 0.2463463
vt 0.2701041 0.2274635
vt 0.2820808 0.2138467
vt 0.2708715 0.1856804
vt 0.2578415 0.1856654
vt 0.2466924 0.1852441
vt 0.2957878 0.2232506
vt 0.2632882 0.1467412
vt 0.2521541 0.1423176
vt 0.2726469 0.1222612
vt 0.2808169 0.1343883
vt 0.2740612 0.1531809
vt 0.2621447 0.1137451
vt 0.2910483 0.1036491
vt 0.3044544 0.1194927
vt 0.3284228 0.1354265
vt 0.3352387 0.1527897
vt 0.5055605 0.09967696
vt 0.4779208 0.09964687
vt 0.4914021 0.1740197
vt 0.4901684 0.01150682
vt 0.512888 0.01150682
vt 0.5320868 0.1670684
vt 0.4956903 0.226335
vt 0.4660194 0.2529215
vt 0.4996474 0.285421
vt 0.4625738 0.351022
vt 0.4950433 0.351022
vt 0.4661096 0.1810011
vt 0.5279341 0.2881895
vt 0.5220962 0.351022
vt 0.5367962 0.2227841
vt 0.5507289 0.2162842
vt 0.5561305 0.1612907
vt 0.5439281 0.351022
vt 0.4686524 0.09779619
vt 0.4630854 0.01150682
vt 0.562194 0.2257482
vt 0.5647368 0.2774917
vt 0.5753593 0.2084001
vt 0.5694914 0.1635928
vt 0.5921357 0.1546403
vt 0.5921357 0.1172508
vt 0.5797227 0.1134592
vt 0.565128 0.1171756
vt 0.5921357 0.07312059
vt 0.5768188 0.08663199
vt 0.5921357 0.1838749
vt 0.5921357 0.222408
vt 0.5798431 0.2667789
vt 0.5921357 0.2660718
vt 0.5714173 0.351022
vt 0.5921357 0.351022
vt 0.5622392 0.1578151
vt 0.5695967 0.08905441
vt 0.5634729 0.08604519
vt 0.5509245 0.06294943
vt 0.5724705 0.04853527
vt 0.5921357 0.01150682
vt 0.5584325 0.01150682
vt 0.5629764 0.04818921
vt 0.5532566 0.01150682
vt 0.548156 0.01150682
vt 0.5662565 0.351022
vt 0.5607195 0.351022
vt 0.5611559 0.1245783
vt 0.5420924 0.07083359
vt 0.5327337 0.01150682
vt 0.5437024 0.1095322
vt 0.565128 0.1171756
vt 0.5611559 0.1245783
vt 0.446324 0.351022
vt 0.1008656 0.1023552
vt 0.1136096 0.1789398
vt 0.1285805 0.1020693
vt 0.1172358 0.01150682
vt 0.09448606 0.01150682
vt 0.07300023 0.1696413
vt 0.1091259 0.2573902
vt 0.1434009 0.2538995
vt 0.1455224 0.351022
vt 0.1130529 0.351022
vt 0.1413998 0.1819641
vt 0.05592291 0.2910182
vt 0.08596996 0.351022
vt 0.06398761 0.2238373
vt 0.05035585 0.2151708
vt 0.05715669 0.1789097
vt 0.06690656 0.1048528
vt 0.06413807 0.351022
vt 0.1357575 0.1023853
vt 0.1443488 0.01150682
vt 0.04059093 0.2265156
vt 0.04006432 0.2796584
vt 0.03060032 0.2069857
vt 0.0387854 0.1614412
vt 0.01531349 0.154836
vt 0.01531349 0.1187404
vt 0.02744064 0.1149337
vt 0.04266729 0.1171906
vt 0.01531349 0.07436942
vt 0.02998343 0.0877755
vt 0.01531349 0.1839351
vt 0.01531349 0.2235063
vt 0.02619182 0.2687048
vt 0.01531349 0.2682835
vt 0.03658867 0.351022
vt 0.01531349 0.351022
vt 0.04545082 0.1569725
vt 0.03409102 0.04859545
vt 0.01531349 0.01150682
vt 0.04883619 0.01150682
vt 0.04254692 0.04874592
vt 0.0368595 0.09096527
vt 0.04266729 0.1171906
vt 0.04778297 0.1247889
vt 0.05325975 0.06386724
vt 0.04203536 0.08590978
vt 0.0540271 0.01150682
vt 0.05914277 0.01150682
vt 0.07458007 0.01150682
vt 0.06663573 0.06797484
vt 0.04778297 0.1247889
vt 0.05715669 0.1789097
vt 0.04545082 0.1569725
vt 0.04545082 0.1569725
vt 0.04176453 0.351022
vt 0.04731654 0.351022
vt 0.05715669 0.1789097
vt 0.05715669 0.1789097
vt 0.1618023 0.351022
vt 0.1547005 0.5355173
vt 0.01644194 0.5663769
vt 0.1399704 0.5663769
vt 0.01641185 0.529544
vt 0.2148548 0.534449
vt 0.1577097 0.501799
vt 0.2149 0.5052746
vt 0.214915 0.4701721
vt 0.1557538 0.4683064
vt 0.01638176 0.4671177
vt 0.01632158 0.5002492
vt 0.2149602 0.4340614
vt 0.1552121 0.4180374
vt 0.2149451 0.3985075
vt 0.2148699 0.3589513
vt 0.155513 0.3588611
vt 0.01644194 0.358846
vt 0.01644194 0.4187144
vt 0.2147646 0.5663769
vt 0.5787297 0.7786622
vt 0.5564013 0.8003888
vt 0.5834993 0.7970486
vt 0.556326 0.7781507
vt 0.6073173 0.7908797
vt 0.6001704 0.7791287
vt 0.525963 0.8019987
vt 0.5308229 0.7775639
vt 0.4955398 0.797515
vt 0.5061774 0.7769921
vt 0.6143739 0.8124558
vt 0.5903904 0.8198133
vt 0.6250265 0.8378084
vt 0.6037965 0.8413443
vt 0.6250115 0.8684423
vt 0.6152616 0.8640037
vt 0.5091565 0.8576392
vt 0.5705897 0.8239209
vt 0.5903904 0.8198133
vt 0.5383911 0.8608591
vt 0.5078475 0.8897777
vt 0.4784926 0.8830972
vt 0.4778606 0.8504622
vt 0.5368564 0.8933586
vt 0.4831418 0.9150551
vt 0.5068244 0.9278594
vt 0.5303264 0.9273779
vt 0.5826266 0.8364694
vt 0.6084608 0.8757396
vt 0.5388124 0.895766
vt 0.555002 0.8609794
vt 0.5560703 0.8943065
vt 0.5476745 0.9302517
vt 0.5566119 0.9251812
vt 0.5748177 0.853336
vt 0.5826266 0.8364694
vt 0.566753 0.8951491
vt 0.5566119 0.9251812
vt 0.5643005 0.930041
vt 0.5566119 0.9251812
vt 0.5584325 0.9351116
vt 0.4510635 0.9718542
vt 0.4657335 0.9151905
vt 0.4328879 0.9618334
vt 0.4720829 0.9311845
vt 0.4473622 0.8979176
vt 0.469179 0.8889953
vt 0.4712404 0.8586022
vt 0.4522823 0.8594146
vt 0.4671779 0.8268098
vt 0.4541329 0.8271859
vt 0.3955585 0.9012127
vt 0.4371609 0.8761008
vt 0.4037436 0.8731066
vt 0.4195721 0.8643347
vt 0.4120791 0.8219498
vt 0.3996209 0.8248538
vt 0.4091602 0.7813103
vt 0.4030514 0.7837478
vt 0.3614791 0.8976769
vt 0.3627429 0.8716621
vt 0.3326658 0.8780869
vt 0.358515 0.9379101
vt 0.3313116 0.9231198
vt 0.3245108 0.8981884
vt 0.3326658 0.8780869
vt 0.3876292 0.9456438
vt 0.3271439 0.8687131
vt 0.3326658 0.8780869
vt 0.5881786 0.8579702
vt 0.6037965 0.8413443
vt 0.6084608 0.8757396
vt 0.5826266 0.8364694
vt 0.4473622 0.8979176
vt 0.4371609 0.8761008
vt 0.6747539 0.4759347
vt 0.6632737 0.4489872
vt 0.6514325 0.4587521
vt 0.6812839 0.4624986
vt 0.6990383 0.4703677
vt 0.6988728 0.4599407
vt 0.6947953 0.4496793
vt 0.6509811 0.4207908
vt 0.6667945 0.4242965
vt 0.6274189 0.4979923
vt 0.6546673 0.5074563
vt 0.6154271 0.4740389
vt 0.6511315 0.5269561
vt 0.6146899 0.5143324
vt 0.5963336 0.4821036
vt 0.6210393 0.4151184
vt 0.5994331 0.4122145
vt 0.6984214 0.5216599
vt 0.6912143 0.5011971
vt 0.7248273 0.4380788
vt 0.7181318 0.4322559
vt 0.7503304 0.4055341
vt 0.7398433 0.4027505
vt 0.7737722 0.4128013
vt 0.7320645 0.4436157
vt 0.7330425 0.5088105
vt 0.7200426 0.4790944
vt 0.7743891 0.4994367
vt 0.7675582 0.448596
vt 0.8174962 0.4461435
vt 0.8224163 0.488423
vt 0.8476034 0.4397489
vt 0.8591739 0.4790794
vt 0.8434958 0.4226716
vt 0.8567214 0.4256507
vt 0.8301048 0.4177214
vt 0.7537007 0.3904879
vt 0.74529 0.3557917
vt 0.7350587 0.3676028
vt 0.7620212 0.3755171
vt 0.7744192 0.330785
vt 0.789676 0.3464932
vt 0.8176617 0.2836757
vt 0.8449403 0.2768749
vt 0.8076711 0.2653646
vt 0.7994409 0.2740763
vt 0.7588916 0.3130306
vt 0.7329071 0.3358255
vt 0.7205542 0.3454249
vt 0.8189256 0.2448417
vt 0.8591288 0.2570892
vt 0.8244174 0.2260792
vt 0.8630859 0.2343696
vt 0.8748369 0.2499273
vt 0.8671634 0.270706
vt 0.8407274 0.1863274
vt 0.8161421 0.2111686
vt 0.8085137 0.178669
vt 0.8201895 0.1272414
vt 0.7976504 0.1432354
vt 0.788382 0.1160321
vt 0.8284498 0.1092914
vt 0.809913 0.08610538
vt 0.8620778 0.1806852
vt 0.8070542 0.2388985
vt 0.7999524 0.2662674
vt 0.6831948 0.3883815
vt 0.721788 0.3784059
vt 0.7104132 0.3641121
vt 0.6936969 0.4004635
vt 0.691756 0.3193951
vt 0.6553143 0.3600346
vt 0.6120869 0.3503901
vt 0.6609114 0.2997901
vt 0.6884158 0.2855715
vt 0.6658316 0.273339
vt 0.6187072 0.3030852
vt 0.620618 0.2770855
vt 0.6817955 0.2755959
vt 0.7638418 0.1752084
vt 0.7761947 0.1801886
vt 0.777925 0.1613058
vt 0.7726287 0.1373223
vt 0.7401142 0.1410688
vt 0.7662643 0.1113678
vt 0.7179061 0.1884489
vt 0.7082164 0.168558
vt 0.7318388 0.1037093
vt 0.7581243 0.09183794
vt 0.7311918 0.09239465
vt 0.6919366 0.09749527
vt 0.6914099 0.1099384
vt 0.6851507 0.1444391
vt 0.6511616 0.09477193
vt 0.6523352 0.1182438
vt 0.6222581 0.09110069
vt 0.6286376 0.1042058
vt 0.6085059 0.1090808
vt 0.6155626 0.1287009
vt 0.6361757 0.1236303
vt 0.620272 0.1607641
vt 0.6458052 0.1682571
vt 0.6178946 0.2006965
vt 0.6490852 0.2000495
vt 0.6107779 0.2206476
vt 0.6386132 0.2280202
vt 0.6958485 0.1982289
vt 0.6762585 0.2398916
vt 0.6393654 0.2483023
vt 0.6802758 0.2567432
vt 0.7034468 0.2446762
vt 0.685241 0.2575256
vt 0.7041088 0.2577362
vt 0.6817052 0.1853043
vt 0.6603698 0.1552573
vt 0.6040071 0.238733
vt 0.6147801 0.2432468
vt 0.8677803 0.2865796
vt 0.845166 0.2902208
vt 0.8787489 0.3068918
vt 0.8301349 0.319019
vt 0.8626044 0.3345014
vt 0.8120646 0.3408208
vt 0.8478442 0.3741328
vt 0.7944607 0.3579583
vt 0.7839133 0.3873885
vt 0.816774 0.4068581
vt 0.7940544 0.4093558
vt 0.91501 0.3055226
vt 0.9473441 0.3034011
vt 0.9317412 0.2600684
vt 0.8852338 0.3055527
vt 0.9800091 0.3007681
vt 0.9797383 0.2267714
vt 0.9387377 0.179662
vt 0.9797834 0.1716274
vt 0.9322829 0.1250898
vt 0.9801145 0.1220956
vt 0.9800994 0.08581951
vt 0.9377597 0.08580445
vt 0.8851435 0.09967696
vt 0.885324 0.0858496
vt 0.8852338 0.1679261
vt 0.8852488 0.2315109
vt 0.9436728 0.3428069
vt 0.9801746 0.3760587
vt 0.9487433 0.396702
vt 0.9177484 0.397364
vt 0.9189821 0.3407756
vt 0.9505338 0.4654476
vt 0.9192229 0.4615958
vt 0.9529262 0.5000687
vt 0.9181697 0.4973453
vt 0.8849779 0.4892806
vt 0.8851284 0.5124516
vt 0.9801145 0.5124366
vt 0.98031 0.4811858
vt 0.9801446 0.4299238
vt 0.8851284 0.4282085
vt 0.8851736 0.3724627
vt 0.935578 0.5124366
vt 0.9609457 0.07644578
vt 0.9489088 0.04186985
vt 0.949616 0.0786726
vt 0.9629167 0.04307354
vt 0.9628265 0.03708519
vt 0.9493151 0.03335376
vt 0.9760821 0.06281402
vt 0.9767441 0.04472861
vt 0.9768795 0.04044047
vt 0.8588429 0.04186985
vt 0.8268098 0.0333688
vt 0.826584 0.04186985
vt 0.8590385 0.0333688
vt 0.8283294 0.0786726
vt 0.8582711 0.0786726
vt 0.8105299 0.04186985
vt 0.8108609 0.03335376
vt 0.7787375 0.0418548
vt 0.7783763 0.03330862
vt 0.7520758 0.0418548
vt 0.7521209 0.03329358
vt 0.7259708 0.0418548
vt 0.7258655 0.03330862
vt 0.6983311 0.03332367
vt 0.6984665 0.0418548
vt 0.6733245 0.04186985
vt 0.6730537 0.03333871
vt 0.6423596 0.04186985
vt 0.6363863 0.0333688
vt 0.6384326 0.04186985
vt 0.8139604 0.0786726
vt 0.780859 0.0786726
vt 0.7524219 0.0786726
vt 0.7264222 0.0786726
vt 0.7001818 0.0786726
vt 0.6744229 0.0786726
vt 0.643142 0.07506154
vt 0.6360704 0.08229872
vt 0.6388388 0.07506154
vt 0.9493151 0.03335376
vt 0.9313802 0.04186985
vt 0.9489088 0.04186985
vt 0.9319669 0.03333871
vt 0.949616 0.0786726
vt 0.9311394 0.0786726
vt 0.9067346 0.04186985
vt 0.9069001 0.03333871
vt 0.8759202 0.04186985
vt 0.876191 0.03335376
vt 0.9056513 0.0786726
vt 0.8748369 0.0786726
vt 0.6360704 0.08229872
vt 0.6388388 0.07506154
vt 0.632023 0.07506154
vt 0.6321283 0.04186985
vt 0.6384326 0.04186985
vt 0.6363863 0.0333688
vt 0.6175035 0.04203536
vt 0.6177292 0.07725827
vt 0.9839662 0.009385324
vt 0.9616078 0.02486776
vt 0.981604 0.02482262
vt 0.9575453 0.009204771
vt 0.9444401 0.00924991
vt 0.9445003 0.02486776
vt 0.6743627 0.00924991
vt 0.6980453 0.02486776
vt 0.6995198 0.00924991
vt 0.6733997 0.02486776
vt 0.724722 0.02486776
vt 0.7249928 0.00924991
vt 0.7503304 0.02486776
vt 0.7506765 0.00924991
vt 0.775984 0.02486776
vt 0.7785419 0.00924991
vt 0.8077614 0.02486776
vt 0.8114026 0.00924991
vt 0.6404036 0.00924991
vt 0.6407648 0.02486776
vt 0.8232288 0.02486776
vt 0.82526 0.00924991
vt 0.8546601 0.02486776
vt 0.8538626 0.00924991
vt 0.8715268 0.02486776
vt 0.8695256 0.00924991
vt 0.9013932 0.02486776
vt 0.899994 0.00924991
vt 0.9260387 0.02486776
vt 0.9251511 0.00924991
vt 0.9445003 0.02486776
vt 0.9444401 0.00924991
vt 0.9839662 0.009385324
vt 0.981604 0.02482262
vt 0.9839512 0.02480757
vt 0.6407648 0.02486776
vt 0.6205428 0.00924991
vt 0.6207083 0.02486776
vt 0.6404036 0.00924991
vt 0.7532343 0.2048642
vt 0.7566348 0.2499724
vt 0.7564692 0.2047589
vt 0.7533998 0.2498822
vt 0.7473212 0.2057971
vt 0.7261513 0.2092727
vt 0.743003 0.2093179
vt 0.7219083 0.2056767
vt 0.7470654 0.2481067
vt 0.7428224 0.2445257
vt 0.7217128 0.2479412
vt 0.7260159 0.2444204
vt 0.7567852 0.2532074
vt 0.7837478 0.249837
vt 0.7566348 0.2499724
vt 0.7836275 0.2530719
vt 0.7791889 0.2461206
vt 0.7611787 0.246241
vt 0.7564692 0.2047589
vt 0.7610282 0.2084753
vt 0.7836124 0.2046686
vt 0.7790986 0.2084151
vt 0.7834619 0.2014488
vt 0.7566047 0.201524
vt 0.7869677 0.2497317
vt 0.7836124 0.2046686
vt 0.7837478 0.249837
vt 0.7868473 0.204774
vt 0.6747539 0.4759347
vt 0.6632737 0.4489872
vt 0.6812839 0.4624986
vt 0.6514325 0.4587521
vt 0.6990383 0.4703677
vt 0.6988728 0.4599407
vt 0.6947953 0.4496793
vt 0.6509811 0.4207908
vt 0.6667945 0.4242965
vt 0.6274189 0.4979923
vt 0.6546673 0.5074563
vt 0.6154271 0.4740389
vt 0.6511315 0.5269561
vt 0.6146899 0.5143324
vt 0.5963336 0.4821036
vt 0.6210393 0.4151184
vt 0.5994331 0.4122145
vt 0.6984214 0.5216599
vt 0.6912143 0.5011971
vt 0.7248273 0.4380788
vt 0.7181318 0.4322559
vt 0.7503304 0.4055341
vt 0.7398433 0.4027505
vt 0.7737722 0.4128013
vt 0.7320645 0.4436157
vt 0.7330425 0.5088105
vt 0.7200426 0.4790944
vt 0.7743891 0.4994367
vt 0.7675582 0.448596
vt 0.8174962 0.4461435
vt 0.8224163 0.488423
vt 0.8476034 0.4397489
vt 0.8591739 0.4790794
vt 0.8434958 0.4226716
vt 0.8567214 0.4256507
vt 0.8301048 0.4177214
vt 0.7537007 0.3904879
vt 0.74529 0.3557917
vt 0.7620212 0.3755171
vt 0.7350587 0.3676028
vt 0.7744192 0.330785
vt 0.789676 0.3464932
vt 0.8176617 0.2836757
vt 0.8449403 0.2768749
vt 0.8076711 0.2653646
vt 0.7994409 0.2740763
vt 0.7588916 0.3130306
vt 0.7329071 0.3358255
vt 0.7205542 0.3454249
vt 0.8189256 0.2448417
vt 0.8591288 0.2570892
vt 0.8244174 0.2260792
vt 0.8630859 0.2343696
vt 0.8748369 0.2499273
vt 0.8671634 0.270706
vt 0.8407274 0.1863274
vt 0.8161421 0.2111686
vt 0.8085137 0.178669
vt 0.8201895 0.1272414
vt 0.7976504 0.1432354
vt 0.788382 0.1160321
vt 0.8284498 0.1092914
vt 0.809913 0.08610538
vt 0.8620778 0.1806852
vt 0.8070542 0.2388985
vt 0.7999524 0.2662674
vt 0.6831948 0.3883815
vt 0.721788 0.3784059
vt 0.6936969 0.4004635
vt 0.7104132 0.3641121
vt 0.691756 0.3193951
vt 0.6553143 0.3600346
vt 0.6120869 0.3503901
vt 0.6609114 0.2997901
vt 0.6884158 0.2855715
vt 0.6658316 0.273339
vt 0.6187072 0.3030852
vt 0.620618 0.2770855
vt 0.6817955 0.2755959
vt 0.7638418 0.1752084
vt 0.777925 0.1613058
vt 0.7761947 0.1801886
vt 0.7726287 0.1373223
vt 0.7401142 0.1410688
vt 0.7662643 0.1113678
vt 0.7179061 0.1884489
vt 0.7082164 0.168558
vt 0.7318388 0.1037093
vt 0.7581243 0.09183794
vt 0.7311918 0.09239465
vt 0.6919366 0.09749527
vt 0.6914099 0.1099384
vt 0.6851507 0.1444391
vt 0.6511616 0.09477193
vt 0.6523352 0.1182438
vt 0.6222581 0.09110069
vt 0.6286376 0.1042058
vt 0.6085059 0.1090808
vt 0.6155626 0.1287009
vt 0.6361757 0.1236303
vt 0.620272 0.1607641
vt 0.6458052 0.1682571
vt 0.6178946 0.2006965
vt 0.6490852 0.2000495
vt 0.6107779 0.2206476
vt 0.6386132 0.2280202
vt 0.6958485 0.1982289
vt 0.6762585 0.2398916
vt 0.6393654 0.2483023
vt 0.6802758 0.2567432
vt 0.7034468 0.2446762
vt 0.685241 0.2575256
vt 0.7041088 0.2577362
vt 0.6817052 0.1853043
vt 0.6603698 0.1552573
vt 0.6040071 0.238733
vt 0.6147801 0.2432468
vt 0.8677803 0.2865796
vt 0.8787489 0.3068918
vt 0.845166 0.2902208
vt 0.8301349 0.319019
vt 0.8626044 0.3345014
vt 0.8120646 0.3408208
vt 0.8478442 0.3741328
vt 0.7944607 0.3579583
vt 0.7839133 0.3873885
vt 0.816774 0.4068581
vt 0.7940544 0.4093558
vt 0.91501 0.3055226
vt 0.9317412 0.2600684
vt 0.9473441 0.3034011
vt 0.8852338 0.3055527
vt 0.9800091 0.3007681
vt 0.9797383 0.2267714
vt 0.9387377 0.179662
vt 0.9797834 0.1716274
vt 0.9322829 0.1250898
vt 0.9801145 0.1220956
vt 0.9800994 0.08581951
vt 0.9377597 0.08580445
vt 0.8851435 0.09967696
vt 0.885324 0.0858496
vt 0.8852338 0.1679261
vt 0.8852488 0.2315109
vt 0.9436728 0.3428069
vt 0.9189821 0.3407756
vt 0.9177484 0.397364
vt 0.9487433 0.396702
vt 0.9505338 0.4654476
vt 0.9192229 0.4615958
vt 0.9529262 0.5000687
vt 0.9181697 0.4973453
vt 0.8849779 0.4892806
vt 0.8851284 0.5124516
vt 0.9801145 0.5124366
vt 0.98031 0.4811858
vt 0.9801446 0.4299238
vt 0.8851284 0.4282085
vt 0.9801746 0.3760587
vt 0.8851736 0.3724627
vt 0.935578 0.5124366
vt 0.9609457 0.07644578
vt 0.9489088 0.04186985
vt 0.9629167 0.04307354
vt 0.949616 0.0786726
vt 0.9628265 0.03708519
vt 0.9493151 0.03335376
vt 0.9760821 0.06281402
vt 0.9767441 0.04472861
vt 0.9768795 0.04044047
vt 0.8588429 0.04186985
vt 0.8268098 0.0333688
vt 0.8590385 0.0333688
vt 0.826584 0.04186985
vt 0.8283294 0.0786726
vt 0.8582711 0.0786726
vt 0.8105299 0.04186985
vt 0.8108609 0.03335376
vt 0.7787375 0.0418548
vt 0.7783763 0.03330862
vt 0.7520758 0.0418548
vt 0.7521209 0.03329358
vt 0.7259708 0.0418548
vt 0.7258655 0.03330862
vt 0.6983311 0.03332367
vt 0.6984665 0.0418548
vt 0.6733245 0.04186985
vt 0.6730537 0.03333871
vt 0.6423596 0.04186985
vt 0.6363863 0.0333688
vt 0.6384326 0.04186985
vt 0.8139604 0.0786726
vt 0.780859 0.0786726
vt 0.7524219 0.0786726
vt 0.7264222 0.0786726
vt 0.7001818 0.0786726
vt 0.6744229 0.0786726
vt 0.643142 0.07506154
vt 0.6360704 0.08229872
vt 0.6388388 0.07506154
vt 0.9493151 0.03335376
vt 0.9313802 0.04186985
vt 0.9319669 0.03333871
vt 0.9489088 0.04186985
vt 0.949616 0.0786726
vt 0.9311394 0.0786726
vt 0.9067346 0.04186985
vt 0.9069001 0.03333871
vt 0.8759202 0.04186985
vt 0.876191 0.03335376
vt 0.9056513 0.0786726
vt 0.8748369 0.0786726
vt 0.6388388 0.07506154
vt 0.6360704 0.08229872
vt 0.632023 0.07506154
vt 0.6321283 0.04186985
vt 0.6384326 0.04186985
vt 0.6363863 0.0333688
vt 0.6175035 0.04203536
vt 0.6177292 0.07725827
vt 0.9839662 0.009385324
vt 0.9616078 0.02486776
vt 0.9575453 0.009204771
vt 0.981604 0.02482262
vt 0.9444401 0.00924991
vt 0.9445003 0.02486776
vt 0.6743627 0.00924991
vt 0.6980453 0.02486776
vt 0.6733997 0.02486776
vt 0.6995198 0.00924991
vt 0.724722 0.02486776
vt 0.7249928 0.00924991
vt 0.7503304 0.02486776
vt 0.7506765 0.00924991
vt 0.775984 0.02486776
vt 0.7785419 0.00924991
vt 0.8077614 0.02486776
vt 0.8114026 0.00924991
vt 0.6404036 0.00924991
vt 0.6407648 0.02486776
vt 0.8232288 0.02486776
vt 0.82526 0.00924991
vt 0.8546601 0.02486776
vt 0.8538626 0.00924991
vt 0.8715268 0.02486776
vt 0.8695256 0.00924991
vt 0.9013932 0.02486776
vt 0.899994 0.00924991
vt 0.9260387 0.02486776
vt 0.9251511 0.00924991
vt 0.9445003 0.02486776
vt 0.9444401 0.00924991
vt 0.9839662 0.009385324
vt 0.9839512 0.02480757
vt 0.981604 0.02482262
vt 0.6407648 0.02486776
vt 0.6205428 0.00924991
vt 0.6404036 0.00924991
vt 0.6207083 0.02486776
vt 0.7532343 0.2048642
vt 0.7566348 0.2499724
vt 0.7533998 0.2498822
vt 0.7564692 0.2047589
vt 0.7473212 0.2057971
vt 0.7261513 0.2092727
vt 0.7219083 0.2056767
vt 0.743003 0.2093179
vt 0.7470654 0.2481067
vt 0.7428224 0.2445257
vt 0.7217128 0.2479412
vt 0.7260159 0.2444204
vt 0.7567852 0.2532074
vt 0.7837478 0.249837
vt 0.7836275 0.2530719
vt 0.7566348 0.2499724
vt 0.7791889 0.2461206
vt 0.7611787 0.246241
vt 0.7564692 0.2047589
vt 0.7610282 0.2084753
vt 0.7836124 0.2046686
vt 0.7790986 0.2084151
vt 0.7834619 0.2014488
vt 0.7566047 0.201524
vt 0.7869677 0.2497317
vt 0.7836124 0.2046686
vt 0.7868473 0.204774
vt 0.7837478 0.249837
vt 0.03139777 0.7814307
vt 0.0254696 0.7770373
vt 0.02495804 0.7872385
vt 0.03114198 0.7729899
vt 0.01800674 0.774013
vt 0.00932514 0.7795951
vt 0.02379949 0.770101
vt 0.00932514 0.7640675
vt 0.01957153 0.7595387
vt 0.00932514 0.7578835
vt 0.00932514 0.7500295
vt 0.02640246 0.7526626
vt 0.04642882 0.7476372
vt 0.02795221 0.7453051
vt 0.00932514 0.7424011
vt 0.00932514 0.7365181
vt 0.02509345 0.7402345
vt 0.00932514 0.7261664
vt 0.02808762 0.7253088
vt 0.00932514 0.6969017
vt 0.02688394 0.7053276
vt 0.00932514 0.6860083
vt 0.02852396 0.6950661
vt 0.060196 0.6991436
vt 0.04981419 0.7179362
vt 0.00932514 0.66696
vt 0.00932514 0.6860083
vt 0.00932514 0.6568189
vt 0.06853154 0.6526211
vt 0.00932514 0.66696
vt 0.00932514 0.66696
vt 0.02852396 0.6950661
vt 0.060196 0.6991436
vt 0.02688394 0.7053276
vt 0.00932514 0.6860083
vt 0.00932514 0.6969017
vt 0.02808762 0.7253088
vt 0.00932514 0.7261664
vt 0.02509345 0.7402345
vt 0.00932514 0.7365181
vt 0.02795221 0.7453051
vt 0.00932514 0.7424011
vt 0.02640246 0.7526626
vt 0.04642882 0.7476372
vt 0.03114198 0.7729899
vt 0.00932514 0.7500295
vt 0.01957153 0.7595387
vt 0.00932514 0.7578835
vt 0.00932514 0.7640675
vt 0.02379949 0.770101
vt 0.01800674 0.774013
vt 0.0254696 0.7770373
vt 0.03139777 0.7814307
vt 0.0169836 0.7833115
vt 0.02495804 0.7872385
vt 0.00932514 0.7795951
vt 0.00932514 0.7859445
vt 0.00932514 0.8146976
vt 0.00932514 0.7795951
vt 0.00932514 0.7795951
vt 0.00932514 0.7715003
vt 0.00932514 0.7640675
vt 0.00932514 0.7640675
vt 0.04981419 0.7179362
vt 0.00932514 0.6568189
vt 0.00932514 0.66696
vt 0.06853154 0.6526211
vt 0.1327483 0.7418294
vt 0.1472076 0.7306802
vt 0.1449356 0.7273551
vt 0.00932514 0.9723958
vt 0.1327483 0.7418294
vt 0.1449356 0.7273551
vt 0.1472076 0.7306802
vt 0.00932514 0.9723958
vt 0.4746859 0.5266852
vt 0.4664406 0.5559348
vt 0.4664105 0.5267454
vt 0.474701 0.5558746
vt 0.4581653 0.555995
vt 0.4581503 0.5268056
vt 0.44989 0.5560552
vt 0.4498749 0.5268658
vt 0.4416146 0.5561154
vt 0.4415995 0.526926
vt 0.4333543 0.5561756
vt 0.4333242 0.5269861
vt 0.4250789 0.5562358
vt 0.4250488 0.5270463
vt 0.4168036 0.5562959
vt 0.4167885 0.5270915
vt 0.4085282 0.5563561
vt 0.4085132 0.5271516
vt 0.4002529 0.5564013
vt 0.4002378 0.5272118
vt 0.3919926 0.5564615
vt 0.3919625 0.527272
vt 0.2789663 0.1641495
vt 0.2918608 0.1488175
vt 0.3042889 0.181287
vt 0.2757464 0.1860265
vt 0.283435 0.206098
vt 0.2990829 0.2166754
vt 0.316732 0.2137414
vt 0.3296115 0.1984095
vt 0.3328313 0.1765324
vt 0.3251578 0.156476
vt 0.3094948 0.1458835
vt 0.7273851 0.2865796
vt 0.7317334 0.318703
vt 0.7497737 0.3100214
vt 0.7592829 0.2923874
vt 0.7566047 0.2725265
vt 0.7427623 0.2580522
vt 0.7230518 0.2544562
vt 0.7049965 0.2631378
vt 0.6955025 0.2807868
vt 0.6981807 0.3006327
vt 0.7120231 0.315122
vt 0.7641277 0.5433864
vt 0.7837178 0.5295741
vt 0.7837178 0.5434165
vt 0.7641277 0.529544
vt 0.7641277 0.5533469
vt 0.7837178 0.553377
vt 0.8294729 0.5112931
vt 0.8773646 0.4903339
vt 0.8773646 0.5114135
vt 0.8294729 0.4902135
vt 0.3290397 0.810891
vt 0.3740426 0.7743289
vt 0.3740426 0.8110114
vt 0.3290397 0.7741334
vt 0.3290397 0.8330539
vt 0.3740426 0.8331742
vt 0.7461025 0.5522636
vt 0.7850418 0.5539638
vt 0.7461025 0.5539638
vt 0.7850418 0.5522636
vt 0.8132231 0.5539638
vt 0.8132231 0.5522636
vt 0.7179964 0.5522636
vt 0.7179964 0.5539638
vt 0.8132231 0.5188763
vt 0.7850418 0.5188763
vt 0.7850418 0.5169353
vt 0.7461025 0.5169353
vt 0.7461025 0.5188763
vt 0.8132231 0.5169353
vt 0.7179964 0.5169353
vt 0.7179964 0.5188763
vt 0.8282843 0.5539638
vt 0.8297889 0.5522636
vt 0.8541786 0.5539638
vt 0.8541786 0.5522636
vt 0.8541786 0.5188763
vt 0.8298039 0.5188763
vt 0.8280134 0.5169353
vt 0.8541786 0.5169353
vt 0.7641277 0.5208173
vt 0.7837178 0.5185152
vt 0.7837178 0.5208473
vt 0.7641277 0.5184851
vt 0.8132231 0.5169353
vt 0.8132231 0.5169353
vt 0.8280134 0.5169353
vt 0.8282843 0.5539638
vt 0.8132231 0.5539638
vt 0.8132231 0.5539638
vt 0.7641277 0.5433864
vt 0.7837178 0.5330798
vt 0.7641277 0.5330497
vt 0.7837178 0.5434165
vt 0.7641277 0.5533469
vt 0.7837178 0.553377
vt 0.7641277 0.5260382
vt 0.7837178 0.5260683
vt 0.3290397 0.810891
vt 0.3740426 0.7743289
vt 0.3290397 0.7741334
vt 0.3740426 0.8110114
vt 0.3290397 0.8330539
vt 0.3740426 0.8331742
vt 0.7461025 0.5522636
vt 0.7751866 0.5539638
vt 0.7751866 0.5522636
vt 0.7461025 0.5539638
vt 0.7179964 0.5522636
vt 0.7179964 0.5539638
vt 0.7751866 0.5188763
vt 0.7461025 0.5188763
vt 0.7461025 0.5169353
vt 0.7751866 0.5169353
vt 0.7179964 0.5169353
vt 0.7179964 0.5188763
vt 0.80406 0.5539638
vt 0.80406 0.5522636
vt 0.8282843 0.5539638
vt 0.8297889 0.5522636
vt 0.8541786 0.5539638
vt 0.8541786 0.5522636
vt 0.8541786 0.5188763
vt 0.8298039 0.5188763
vt 0.8280134 0.5169353
vt 0.8541786 0.5169353
vt 0.80406 0.5188763
vt 0.80406 0.5169353
vt 0.7641277 0.5208173
vt 0.7837178 0.5185152
vt 0.7641277 0.5184851
vt 0.7837178 0.5208473
vt 0.80406 0.5169353
vt 0.8280134 0.5169353
vt 0.8132231 0.5169353
vt 0.8282843 0.5539638
vt 0.80406 0.5539638
vt 0.8132231 0.5539638
vt 0.4746859 0.5266852
vt 0.4664406 0.5559348
vt 0.474701 0.5558746
vt 0.4664105 0.5267454
vt 0.4581653 0.555995
vt 0.4581503 0.5268056
vt 0.44989 0.5560552
vt 0.4498749 0.5268658
vt 0.4416146 0.5561154
vt 0.4415995 0.526926
vt 0.4333543 0.5561756
vt 0.4333242 0.5269861
vt 0.4250789 0.5562358
vt 0.4250488 0.5270463
vt 0.4168036 0.5562959
vt 0.4167885 0.5270915
vt 0.4085282 0.5563561
vt 0.4085132 0.5271516
vt 0.4002529 0.5564013
vt 0.4002378 0.5272118
vt 0.3919926 0.5564615
vt 0.3919625 0.527272
vt 0.2789663 0.1641495
vt 0.3042889 0.181287
vt 0.2918608 0.1488175
vt 0.2757464 0.1860265
vt 0.283435 0.206098
vt 0.2990829 0.2166754
vt 0.316732 0.2137414
vt 0.3296115 0.1984095
vt 0.3328313 0.1765324
vt 0.3251578 0.156476
vt 0.3094948 0.1458835
vt 0.7273851 0.2865796
vt 0.7497737 0.3100214
vt 0.7317334 0.318703
vt 0.7592829 0.2923874
vt 0.7566047 0.2725265
vt 0.7427623 0.2580522
vt 0.7230518 0.2544562
vt 0.7049965 0.2631378
vt 0.6955025 0.2807868
vt 0.6981807 0.3006327
vt 0.7120231 0.315122
vn 0.003920794 -0.364702 0.931116
vn 0.5607789 0.8117586 -0.1630185
vn 0.08235151 -0.1294099 0.9881656
vn 0.003920794 0.9921492 0.1249981
vn -0.5137219 -0.3725451 -0.7728518
vn 0.003920794 -0.3725451 -0.9280058
vn 0.08235151 -0.1294099 0.9881656
vn 0.003920794 -0.364702 0.931116
vn 0.1686253 -0.2784283 0.9455386
vn -0.6941125 0.05098069 -0.7180591
vn 0.3254867 -0.5215635 0.7886888
vn -0.8666601 0.4588203 -0.1959187
vn 0.8901878 0.3411744 -0.3019366
vn 0.7646987 0.03529453 -0.6434207
vn 0.3254867 -0.5215635 0.7886888
vn 0.1686253 -0.2784283 0.9455386
vn 0.2548991 -0.5058774 0.8240841
vn 0.7725418 0.1843129 -0.6076249
vn -0.9215616 0.3098021 -0.2339806
vn 0.2548991 -0.5058774 0.8240841
vn 0.01960695 -0.5686219 0.8223653
vn -0.3803897 0.8196017 -0.4284354
vn 0.003920794 -0.5294065 0.8483592
vn 0.003920794 0.9372478 -0.3486421
vn 0.5686219 -0.4509758 -0.6879607
vn 0.003920794 -0.6548957 -0.7557091
vn 0.003920794 -0.5294065 0.8483592
vn 0.01960695 -0.5686219 0.8223653
vn 0.003920794 -0.7019541 0.7122114
vn -0.9058754 0.3725467 -0.201491
vn 0.1999975 -0.8745017 0.4418685
vn -0.9058754 0.3882327 -0.1693075
vn 0.3019575 -0.9450893 0.1250114
vn -0.5529373 0.7725432 0.3121496
vn 0.003920794 -0.9764616 0.2156557
vn 0.003920794 0.9686201 0.2485151
vn 0.694111 0.2313713 -0.6816723
vn 0.003920794 -0.01176387 -0.9999231
vn 0.003920794 -0.9764616 0.2156557
vn 0.3019575 -0.9450893 0.1250114
vn 0.8352863 0.4431343 -0.325467
vn 0.1999975 -0.8745017 0.4418685
vn 0.8509725 0.2392144 -0.4675706
vn 0.003920794 -0.7019541 0.7122114
vn 0.003920794 -0.364702 0.931116
vn -0.5529373 0.8117586 -0.187905
vn 0.003920794 0.9921492 0.1249981
vn -0.07450986 -0.1294099 0.9887878
vn 0.5215635 -0.3725451 -0.7675817
vn 0.003920794 -0.3725451 -0.9280058
vn -0.07450986 -0.1294099 0.9887878
vn 0.003920794 -0.364702 0.931116
vn -0.1607836 -0.2784283 0.9469036
vn 0.7019541 0.05098069 -0.7103953
vn -0.2470574 -0.5058774 0.8264688
vn 0.9294032 0.3098021 -0.2005802
vn -0.8823463 0.3411744 -0.3241375
vn -0.7647002 0.1843129 -0.6174645
vn -0.2470574 -0.5058774 0.8264688
vn -0.1607836 -0.2784283 0.9469036
vn 0.003920794 -0.7097972 0.7043952
vn 0.913717 0.3725467 -0.1622657
vn -0.8431308 0.2235283 -0.4890455
vn 0.003920794 -0.7097972 0.7043952
vn -0.3176451 -0.5215635 0.7918795
vn -0.7568572 0.03529453 -0.6526266
vn 0.8745017 0.4588203 -0.1572599
vn -0.3176451 -0.5215635 0.7918795
vn -0.01176536 -0.5686219 0.8225149
vn 0.3882313 0.8196017 -0.4213426
vn 0.003920794 -0.5294065 0.8483592
vn 0.003920794 0.9372478 -0.3486421
vn -0.5607803 -0.4509758 -0.6943675
vn 0.003920794 -0.6548957 -0.7557091
vn 0.003920794 -0.5294065 0.8483592
vn -0.01176536 -0.5686219 0.8225149
vn -0.1999991 -0.8666586 0.4570592
vn -0.8274448 0.4431343 -0.344916
vn 0.913717 0.3882327 -0.1199857
vn -0.2941159 -0.9450893 0.1424851
vn 0.5607789 0.7725432 0.2978323
vn 0.003920794 -0.9764616 0.2156557
vn 0.003920794 0.9686201 0.2485151
vn -0.6862694 0.2313713 -0.6895663
vn 0.003920794 -0.01176387 -0.9999231
vn 0.003920794 -0.9764616 0.2156557
vn -0.2941159 -0.9450893 0.1424851
vn -0.1999991 -0.8666586 0.4570592
vn 0.9843047 -0.06666535 -0.1634015
vn 0.3162273 -0.9486834 0
vn 0.8588156 -0.09019458 -0.5042825
vn 0.137253 -0.905874 0.4006919
vn -0.2941159 -0.4431328 -0.8468348
vn -0.5294081 -0.7254833 0.4397739
vn -0.7176417 -0.3882313 -0.5781581
vn -0.8274448 -0.1215668 -0.5482304
vn -0.9058754 0.2313713 0.3547633
vn -0.858817 0.3960758 0.3248959
vn -0.6705834 -0.5215635 0.5275315
vn -0.5529373 -0.01176387 -0.8331398
vn 0.01176387 0.8980324 -0.439772
vn -0.3490174 -0.1529391 -0.9245521
vn -0.2705867 0.01176536 -0.9626237
vn 0.8588156 -0.09019458 -0.5042825
vn 0.9843047 -0.06666535 -0.1634015
vn 0.1450961 0.9764631 -0.159584
vn -0.2705867 0.01176536 -0.9626237
vn 0.137253 -0.905874 0.4006919
vn -0.6470541 -0.466662 0.6029491
vn -0.6705834 -0.5215635 0.5275315
vn 0.1921545 -0.686268 0.7015076
vn 0.9999908 0.003922224 0.001724642
vn 0.9843047 -0.06666535 -0.1634015
vn -0.858817 0.4039189 0.315092
vn -0.858817 0.3960758 0.3248959
vn 0.247056 0.9372478 -0.2460285
vn 0.1450961 0.9764631 -0.159584
vn 0.9921477 -0.1137238 0.0520555
vn -0.05098069 -0.8823447 0.4678341
vn 0.9829166 -0.1840515 0
vn -0.4352912 -0.8666586 0.2437712
vn 0.7725418 -0.3176436 -0.5498015
vn -0.521565 -0.8117571 -0.2627174
vn -0.8901893 0.4352912 0.1344792
vn -0.2313713 -0.9215601 0.31176
vn -0.05098069 -0.8823447 0.4678341
vn -0.9607769 -0.05882227 0.2710122
vn -0.9529339 0.2941159 -0.07357185
vn 0.2156837 0.7647002 -0.6072184
vn 0.2941144 0.9137186 -0.2803838
vn -0.9843062 -0.09803766 0.1467307
vn 0.1137238 0.4666635 -0.877093
vn -0.01960838 0.1686268 -0.9854849
vn -0.8039155 -0.1607822 -0.5725985
vn -0.2549006 -0.576465 -0.7763464
vn -0.3411744 0.3647035 -0.8663668
vn -0.5843096 -0.7333264 0.3475841
vn -0.9843062 -0.09803766 0.1467307
vn -0.4823496 -0.8431294 0.2376376
vn -0.8039155 -0.1607822 -0.5725985
vn -0.4431343 -0.8666586 -0.2292048
vn 0.6156803 -0.7411695 -0.2675922
vn -0.2549006 -0.576465 -0.7763464
vn 0.8352863 -0.5450927 -0.0719076
vn -0.4431343 -0.8666586 -0.2292048
vn 0.5372496 -0.5058774 -0.674871
vn 0.6705818 -0.1058807 -0.7342406
vn -0.4431343 -0.8666586 -0.2292048
vn 0.1450961 0.9764631 -0.159584
vn 0.9999908 0.003922224 0.001724642
vn 0.9843047 -0.06666535 -0.1634015
vn 0.247056 0.9372478 -0.2460285
vn 0.6235234 0.3411744 -0.7034335
vn 0.9921477 -0.1137238 0.0520555
vn 0.9829166 -0.1840515 0
vn -0.3490174 0.6392111 -0.6852708
vn 0.7725418 -0.3176436 -0.5498015
vn -0.3411744 0.3647035 -0.8663668
vn 0.8745017 -0.1215668 -0.4695405
vn -0.2549006 -0.576465 -0.7763464
vn 0.8274432 -0.1686253 -0.5356334
vn 0.6156803 -0.7411695 -0.2675922
vn 0.8352863 -0.5450927 -0.0719076
vn 0.9529324 0.01176536 -0.3029544
vn 0.5372496 -0.5058774 -0.674871
vn 0.6705818 -0.1058807 -0.7342406
vn 0.9529324 -0.1843114 -0.2407261
vn 0.9529324 0.01176536 -0.3029544
vn 0.6705818 -0.1058807 -0.7342406
vn 0.2156837 0.7647002 -0.6072184
vn 0.1137238 0.4666635 -0.877093
vn -0.01960838 0.1686268 -0.9854849
vn 0.6705818 -0.1058807 -0.7342406
vn 0.2941144 0.9137186 -0.2803838
vn -0.8039155 -0.1607822 -0.5725985
vn 0.6705818 -0.1058807 -0.7342406
vn -0.3490174 0.6392111 -0.6852708
vn -0.3411744 0.3647035 -0.8663668
vn -0.4352912 -0.8666586 0.2437712
vn -0.2549006 -0.576465 -0.7763464
vn 0.6235234 0.3411744 -0.7034335
vn -0.2549006 -0.576465 -0.7763464
vn -0.1450976 0.7176417 -0.6811292
vn 0.4509758 0.4352912 -0.7791934
vn -0.7647002 0.05882382 -0.6416957
vn 0.02745003 0.9450908 -0.325653
vn -0.06666684 0.9764631 -0.2051229
vn -0.301959 0.9294046 0.2121975
vn -0.5529373 0.7882293 0.2701015
vn 0.1686253 0.9215616 -0.3496995
vn -0.5372511 0.8117586 0.2289305
vn -0.8901893 0.03529453 0.4542217
vn -0.8666601 0.082353 0.4920551
vn -0.7097987 -0.6470526 0.2784039
vn -0.6078387 -0.7568556 0.2402115
vn 0.364702 0.7882293 -0.4956681
vn -0.3882327 -0.8980309 -0.2069201
vn 0.2705852 -0.9215601 -0.2784072
vn 0.8352863 -0.08235151 -0.5436129
vn 0.3411729 0.01176536 -0.9399269
vn -0.5999957 -0.796071 -0.07922166
vn -0.6705834 -0.7097972 -0.2156522
vn -0.8901893 -0.356859 -0.283222
vn -0.2549006 -0.5607789 -0.7877517
vn -0.2235283 -0.5294065 -0.818391
vn -0.9372478 -0.09019458 -0.3367961
vn -0.5921526 -0.8039141 -0.05547475
vn -0.4901927 -0.8352863 0.2490139
vn -0.5999957 -0.584308 0.5464332
vn -0.2235283 -0.5294065 -0.818391
vn -0.9372478 -0.09019458 -0.3367961
vn 0.8352863 -0.08235151 -0.5436129
vn -0.8274448 -0.5529358 -0.09796491
vn -0.9843062 -0.04313612 -0.1711156
vn -0.9843062 -0.04313612 -0.1711156
vn -0.8980324 0.3803897 -0.221001
vn -0.6705834 0.5450941 -0.5031802
vn -0.2313713 0.9058754 -0.3547633
vn -0.9450908 0.03529453 0.3248965
vn -0.6392111 0.6235249 0.4501399
vn -0.2549006 -0.5607789 -0.7877517
vn -0.2235283 -0.5294065 -0.818391
vn -0.1058822 -0.6392095 -0.7617087
vn -0.7176417 -0.3882313 -0.5781581
vn -0.749014 -0.5372496 -0.3877381
vn -0.2941159 -0.4431328 -0.8468348
vn -0.2705867 0.01176536 -0.9626237
vn 0.2156837 -0.1215668 -0.9688663
vn -0.9450908 -0.06666535 -0.3199362
vn -0.8274448 -0.1215668 -0.5482304
vn -0.6862694 0.4980358 -0.5300893
vn -0.5529373 -0.01176387 -0.8331398
vn -0.06666684 0.1450976 -0.9871688
vn -0.3490174 -0.1529391 -0.9245521
vn 0.2156837 -0.1215668 -0.9688663
vn -0.2705867 0.01176536 -0.9626237
vn 0.07450843 -0.7568556 0.6493212
vn 0.003920794 -0.9450893 0.3267886
vn 0.4039174 -0.7646987 0.5020823
vn 0.003920794 -0.7803848 0.6252872
vn 0.3490159 -0.5372496 0.7678221
vn 0.3725451 -0.1921545 0.9079024
vn 0.8274432 -0.1607822 0.5380397
vn 0.2627422 0.6078387 0.7493321
vn 0.6078373 0.6705834 0.4252668
vn 0.003920794 0.8196017 0.5729204
vn 0.003920794 0.9372478 0.3486421
vn 0.6627388 0.741171 -0.1069712
vn 0.003920794 0.9921492 0.1249981
vn 0.003920794 0.9843062 -0.1764254
vn 0.6627388 0.741171 -0.1069712
vn 0.003920794 0.9843062 -0.1764254
vn 0.7254833 0.6705834 -0.1548933
vn 0.913717 0.3725467 -0.1622657
vn 0.694111 0.7176417 -0.05657008
vn 0.466662 0.7960725 -0.3853507
vn 0.3411729 0.749014 -0.5679604
vn 0.9371321 0.3489749 0
vn 0.7333264 0.5294081 0.426567
vn 0.9977852 -0.06651831 0
vn 0.7490126 -0.1450961 0.646473
vn 0.9993777 0.03527289 0
vn 0.9372463 0.003922224 -0.348646
vn 0.7882279 -0.1764684 -0.5895385
vn 0.8901878 -0.02745003 -0.454766
vn 0.8274432 -0.01960695 -0.5612069
vn 0.9087569 -0.4173258 0
vn 0.9215601 -0.3254867 -0.2116255
vn 0.9829166 -0.1840515 0
vn 0.9087569 -0.4173258 0
vn 0.9215601 -0.3803882 0.07766464
vn 0.830247 -0.5573956 0
vn 0.7019541 -0.6470526 -0.2976295
vn 0.3333298 -0.5999942 -0.7272539
vn 0.2078406 -0.9607755 -0.1836101
vn 0.5215635 -0.8196002 -0.2371226
vn 0.003920794 -0.9921477 -0.12501
vn 0.003920794 -0.9686185 0.2485213
vn 0.6548957 -0.7254833 0.2116263
vn 0.003920794 -0.9921477 -0.12501
vn 0.73764 -0.6751942 0
vn 0.003920794 -0.9999908 0.001726335
vn 0.003920794 -0.8901878 0.4555769
vn 0.6470526 -0.7254833 -0.2345142
vn 0.7725418 -0.576465 0.2662092
vn 0.003920794 -0.8901878 0.4555769
vn 0.003920794 -0.9921477 0.12501
vn 0.7411695 -0.4980343 -0.4501441
vn 0.003920794 -0.7097972 -0.7043952
vn 0.7803848 -0.584308 0.2226738
vn 0.5529358 -0.8039141 0.2190529
vn 0.7411695 -0.6705818 -0.03143068
vn 0.9539939 -0.2998261 0
vn 0.9921477 -0.09803766 0.07766272
vn 0.9843047 0.1450976 0.100454
vn 0.8823447 -0.2156837 0.4182683
vn 0.7333264 -0.5058774 0.4542251
vn 0.3411729 -0.2235268 0.9130372
vn 0.003920794 -0.2078406 0.9781548
vn 0.003920794 -0.1764684 0.9842985
vn 0.6470526 -0.694111 0.3154881
vn 0.003920794 -0.9607755 -0.2772996
vn 0.003920794 -0.686268 0.7273383
vn 0.3882313 0.05098069 0.9201508
vn 0.003920794 0.05882382 0.9982607
vn 0.003920794 0.4588203 0.8885204
vn 0.4588189 0.4039189 0.7914131
vn 0.7803848 0.1999991 0.5924524
vn 0.6235234 0.7097987 0.3277261
vn 0.003920794 0.8980324 0.4399118
vn 0.003920794 0.4588203 0.8885204
vn 0.6627388 0.741171 -0.1069712
vn 0.003920794 0.9999923 -0.000345267
vn 0.003920794 0.9764631 -0.215649
vn 0.6784249 -0.6156803 0.4008459
vn 0.4039174 -0.8196002 0.4063327
vn 0.6313665 -0.247056 0.735078
vn 0.8901878 0.3098021 0.3340484
vn 0.9043748 -0.4267392 0
vn 0.8490956 -0.528239 0
vn 0.9043748 -0.4267392 0
vn 0.8745017 -0.4745051 -0.1004576
vn 0.8901878 0.3098021 0.3340484
vn 0.896764 0.4425091 0
vn 0.7097972 0.4509773 -0.5411168
vn 0.9227312 -0.3854442 0
vn 0.5686219 0.6078387 -0.5542573
vn 0.6313665 -0.247056 0.735078
vn 0.8666586 -0.3254867 -0.3781021
vn 0.466662 0.7254848 -0.5058639
vn -0.2627436 0.1058822 -0.9590384
vn 0.137253 -0.8823447 -0.4501438
vn 0.1450961 0.6313679 -0.7617885
vn 0.7097972 0.4509773 -0.5411168
vn 0.7097972 0.4509773 -0.5411168
vn 0.896764 0.4425091 0
vn 0.8901878 0.3098021 0.3340484
vn 0.137253 -0.8823447 -0.4501438
vn 0.9087569 -0.4173258 0
vn -0.2627436 0.1058822 -0.9590384
vn 0.466662 0.7254848 -0.5058639
vn 0.1450961 0.6313679 -0.7617885
vn 0.1529391 0.7176417 -0.6794115
vn 0.7725418 0.05882382 -0.6322333
vn -0.4431343 0.4352912 -0.7836795
vn -0.01960838 0.9450908 -0.3262191
vn 0.07450843 0.9764631 -0.2024064
vn 0.3098006 0.9294046 0.2005758
vn 0.5607789 0.7882293 0.2534197
vn -0.1607836 0.9215616 -0.3533736
vn 0.5450927 0.8117586 0.2095755
vn 0.8980309 0.03529453 0.4385144
vn 0.8745017 0.082353 0.4779799
vn 0.7176403 -0.6470526 0.2575176
vn 0.6156803 -0.7568556 0.2193337
vn -0.3568605 0.7882293 -0.5013433
vn 0.3960744 -0.8980309 -0.1914828
vn -0.2627436 -0.9215601 -0.2858194
vn -0.8274448 -0.08235151 -0.5554758
vn -0.3333312 0.01176536 -0.9427364
vn 0.61178 -0.791028 0
vn 0.6784249 -0.7097972 -0.1895458
vn 0.8980309 -0.356859 -0.2572786
vn 0.2627422 -0.5607789 -0.7851711
vn 0.2313699 -0.5294065 -0.8162087
vn 0.9450893 -0.09019458 -0.3141195
vn 0.6031082 -0.7976595 0
vn 0.4980343 -0.8352863 0.2329347
vn 0.6078373 -0.584308 0.537697
vn 0.2313699 -0.5294065 -0.8162087
vn 0.9450893 -0.09019458 -0.3141195
vn -0.8274448 -0.08235151 -0.5554758
vn 0.8338528 -0.5519868 0
vn 0.9921477 -0.04313612 -0.1173974
vn 0.9921477 -0.04313612 -0.1173974
vn 0.905874 0.3803897 -0.1862689
vn 0.6784249 0.5450941 -0.4925567
vn 0.2392129 0.9058754 -0.3495237
vn 0.9529324 0.03529453 0.3011214
vn 0.6470526 0.6235249 0.4387934
vn 0.2313699 -0.5294065 -0.8162087
vn 0.2627422 -0.5607789 -0.7851711
vn 0.2078406 -0.8901878 0.4054231
vn 0.3333298 -0.8823447 0.3322033
vn 0.4039174 -0.913717 0.04440609
vn 0.247056 -0.9607755 0.1259912
vn 0.6031082 -0.7976595 0
vn 0.8338528 -0.5519868 0
vn 0.3232285 -0.946321 0
vn 0.003920794 -0.9921477 0.12501
vn 0.4980343 -0.8352863 0.2329347
vn 0.3411729 -0.6078373 0.717032
vn 0.6078373 -0.584308 0.537697
vn 0.3176436 -0.2156837 0.9233543
vn 0.1999975 -0.6627388 0.7216497
vn 0.2862713 -0.2156837 0.9335573
vn 0.7333264 -0.08235151 0.6748708
vn 0.9529324 0.03529453 0.3011214
vn 0.2156837 -0.5137204 0.8304046
vn 0.3725451 -0.1921545 0.9079024
vn 0.09019458 -0.7176403 0.6905486
vn 0.003920794 -0.9999908 0.001726335
vn 0.3091741 -0.9510055 0
vn 0.003920794 -0.9999908 0.001726335
vn 0.003920794 -0.8980309 0.439915
vn 0.003920794 -0.7019541 0.7122114
vn 0.003920794 -0.7803848 0.6252872
vn 0.07450843 -0.7568556 0.6493212
vn 0.3490159 -0.5372496 0.7678221
vn 0.2379433 -0.971279 0
vn 0.8431294 -0.5294065 0.09413576
vn 0.8455815 -0.5338461 0
vn 0.9450893 0.2862729 0.1576515
vn 0.9686185 0.2392144 -0.06748813
vn 0.003920794 -0.9921477 -0.12501
vn 0.4823481 -0.2705852 -0.833141
vn 0.6392095 0.01176536 -0.7689427
vn -0.2941159 -0.4901912 -0.8204928
vn -0.2231446 -0.9747854 0
vn -0.2941159 -0.9450893 -0.1424851
vn 0.9921477 -0.04313612 -0.1173974
vn 0.003920794 -0.9999908 -0.001726335
vn -0.2231446 -0.9747854 0
vn -0.301959 -0.9529324 0.02721265
vn -0.8352878 -0.5294065 0.1484013
vn -0.8431308 -0.5372496 0.02220875
vn -0.9372478 0.2862729 0.1990339
vn -0.9607769 0.2392144 -0.1403002
vn -0.3091755 -0.951005 0
vn -0.2392144 -0.9607755 0.1403099
vn -0.3960758 -0.913717 0.09080259
vn -0.8274448 -0.5529358 -0.09796491
vn -0.5921526 -0.8039141 -0.05547475
vn -0.1999991 -0.8901878 0.4093482
vn -0.3254882 -0.8823447 0.33989
vn -0.4901927 -0.8352863 0.2490139
vn -0.3333312 -0.6078373 0.7207109
vn -0.5999957 -0.584308 0.5464332
vn -0.3098021 -0.2156837 0.9260147
vn -0.192156 -0.6627388 0.7237772
vn -0.2784297 -0.2156837 0.935926
vn -0.7254848 -0.08235151 0.6832935
vn -0.9450908 0.03529453 0.3248965
vn -0.2078421 -0.5137204 0.832402
vn -0.3647035 -0.1921545 0.9110807
vn -0.082353 -0.7176403 0.6915276
vn -0.06666684 -0.7568556 0.6501731
vn -0.3411744 -0.5372496 0.7713384
vn 0.4431328 0.8431308 -0.3045714
vn 0.09019458 0.9843062 -0.151678
vn 0.1999975 0.9686201 -0.1475674
vn 0.2392129 0.9058754 -0.3495237
vn 0.003920794 0.9921492 -0.1249981
vn 0.003920794 0.9921492 -0.1249981
vn 0.6784249 0.5450941 -0.4925567
vn 0.003920794 0.9921492 -0.1249981
vn 0.5215635 0.8431308 -0.1307744
vn 0.003920794 0.9843062 0.1764254
vn 0.5372496 0.8352878 0.1168636
vn 0.3254867 0.9215616 0.2116191
vn 0.003920794 0.9686201 0.2485151
vn 0.7176403 0.6784264 0.157258
vn 0.9450893 0.2862729 0.1576515
vn 0.1607822 0.4431343 -0.881919
vn 0.003920794 0.4901927 -0.8716053
vn 0.2235268 0.3568605 -0.9070206
vn 0.3725451 0.2313713 -0.8987088
vn 0.6392095 0.01176536 -0.7689427
vn 0.9686185 0.2392144 -0.06748813
vn 0.905874 0.3803897 -0.1862689
vn 0.9921477 -0.04313612 -0.1173974
vn 0.6392095 0.741171 -0.2051262
vn -0.1529406 0.4431343 -0.8833126
vn -0.3176451 0.9215616 0.223217
vn -0.5294081 0.8352878 0.1483957
vn -0.5137219 0.8431308 -0.1588085
vn -0.7097987 0.6784264 0.1895349
vn -0.9372478 0.2862729 0.1990339
vn -0.2156852 0.3568605 -0.9089172
vn -0.3647035 0.2313713 -0.9019194
vn -0.6313679 0.01176536 -0.7753941
vn -0.192156 0.9686201 -0.1576428
vn -0.6313679 0.741171 -0.2281229
vn -0.082353 0.9843062 -0.1560746
vn -0.4352912 0.8431308 -0.315677
vn -0.2313713 0.9058754 -0.3547633
vn -0.6705834 0.5450941 -0.5031802
vn -0.8980324 0.3803897 -0.221001
vn -0.04313767 0.9843062 0.1711152
vn 0.003920794 0.9921492 0.1249981
vn 0.0509792 0.9843062 0.168945
vn 0.1294099 0.8823463 0.4524578
vn 0.003920794 0.9058754 0.423526
vn 0.1450961 0.9843062 0.1004412
vn 0.2548991 0.858817 0.4443646
vn 0.3725451 0.4431343 0.8153785
vn 0.247056 0.3803897 0.8912166
vn 0.2862713 -0.2156837 0.9335573
vn 0.3176436 -0.2156837 0.9233543
vn 0.7333264 -0.08235151 0.6748708
vn 0.3725451 -0.1921545 0.9079024
vn 0.2627422 0.6078387 0.7493321
vn 0.6470526 0.6235249 0.4387934
vn 0.9529324 0.03529453 0.3011214
vn 0.003920794 0.8196017 0.5729204
vn 0.3098006 0.9294046 0.2005758
vn 0.07450843 0.9764631 -0.2024064
vn -0.2549006 0.6078387 0.7520357
vn -0.1215683 0.8823463 0.4546275
vn -0.2392144 0.3803897 0.8933533
vn -0.3647035 -0.1921545 0.9110807
vn -0.2784297 -0.2156837 0.935926
vn -0.3647035 0.4431343 0.8189159
vn -0.3098021 -0.2156837 0.9260147
vn -0.7254848 -0.08235151 0.6832935
vn -0.2470574 0.858817 0.4487717
vn -0.6392111 0.6235249 0.4501399
vn -0.9450908 0.03529453 0.3248965
vn -0.1372545 0.9843062 0.1109167
vn -0.301959 0.9294046 0.2121975
vn -0.06666684 0.9764631 -0.2051229
vn 0.1137238 -0.6392095 -0.7605775
vn 0.7254833 -0.3882313 -0.5682873
vn 0.3019575 -0.4431328 -0.8440705
vn 0.7568556 -0.5372496 -0.3721994
vn 0.2784283 0.01176536 -0.960385
vn -0.2078421 -0.1215668 -0.9705788
vn 0.9529324 -0.06666535 -0.2957626
vn 0.8352863 -0.1215668 -0.5362073
vn 0.694111 0.4980358 -0.519779
vn 0.5607789 -0.01176387 -0.8278821
vn 0.07450843 0.1450976 -0.9866079
vn 0.356859 -0.1529391 -0.9215538
vn -0.2078421 -0.1215668 -0.9705788
vn 0.2784283 0.01176536 -0.960385
vn 0.003920794 0.4901927 -0.8716053
vn 0.1607822 0.4039189 -0.9005547
vn 0.1607822 0.4431343 -0.881919
vn 0.003920794 0.3725467 -0.9280052
vn -0.1294115 0.411762 -0.9020559
vn 0.2235268 0.3568605 -0.9070206
vn 0.3333298 -0.01176387 -0.9427369
vn 0.3725451 0.2313713 -0.8987088
vn 0.6392095 0.01176536 -0.7689427
vn 0.4980343 0.05098069 -0.8656574
vn 0.4823481 -0.2705852 -0.833141
vn -0.2941159 -0.9450893 -0.1424851
vn -0.2941159 -0.4901912 -0.8204928
vn -0.06666684 -0.7568556 0.6501731
vn 0.003920794 -0.9450893 0.3267886
vn 0.003920794 -0.7803848 0.6252872
vn -0.3960758 -0.7646987 0.5082911
vn -0.3411744 -0.5372496 0.7713384
vn -0.3647035 -0.1921545 0.9110807
vn -0.8196017 -0.1607822 0.5499111
vn -0.2549006 0.6078387 0.7520357
vn -0.5999957 0.6705834 0.4362603
vn 0.003920794 0.8196017 0.5729204
vn 0.003920794 0.9372478 0.3486421
vn -0.6548972 0.749014 0.1004374
vn 0.003920794 0.9921492 0.1249981
vn 0.003920794 0.9843062 -0.1764254
vn -0.6548972 0.741171 -0.1475642
vn 0.003920794 0.9843062 -0.1764254
vn -0.7176417 0.6705834 -0.187905
vn -0.9058754 0.3725467 -0.201491
vn -0.6862694 0.7176417 -0.1184258
vn -0.4588203 0.7960725 -0.3946549
vn -0.3333312 0.749014 -0.5725979
vn -0.9294046 0.3568605 -0.09411486
vn -0.7254848 0.5294081 0.4397713
vn -0.9921492 -0.06666535 -0.1058094
vn -0.741171 -0.1450961 0.6554484
vn -0.9921492 0.04313767 0.1173842
vn -0.9294046 0.003922224 -0.3690416
vn -0.7803863 -0.1764684 -0.5998801
vn -0.8823463 -0.02745003 -0.4697995
vn -0.8196017 -0.01960695 -0.5725982
vn -0.9058754 -0.4196036 -0.05764098
vn -0.9137186 -0.3254867 -0.2432627
vn -0.9764631 -0.1843114 0.1120231
vn -0.9058754 -0.4196036 -0.05764098
vn -0.9137186 -0.3803882 0.1429096
vn -0.8274448 -0.5607789 -0.02936292
vn -0.6941125 -0.6470526 -0.3154848
vn -0.3254882 -0.5999942 -0.7307971
vn -0.1999991 -0.9607755 -0.1921218
vn -0.5137219 -0.8196002 -0.2536639
vn 0.003920794 -0.9921477 -0.12501
vn 0.003920794 -0.9686185 0.2485213
vn -0.6470541 -0.7254833 0.2345101
vn 0.003920794 -0.9921477 -0.12501
vn -0.7333279 -0.6784249 0.04438393
vn 0.003920794 -0.9999908 0.001726335
vn 0.003920794 -0.8901878 0.4555769
vn -0.7647002 -0.576465 0.2879614
vn -0.6392111 -0.7254833 -0.2551141
vn -0.7725432 -0.584308 0.2485179
vn -0.5450941 -0.8039141 0.2378961
vn -0.7333279 -0.6705818 -0.1120281
vn -0.9529339 -0.3019575 0.02717813
vn -0.9843062 -0.09803766 0.1467307
vn -0.9764631 0.1450976 0.1595825
vn -0.8745031 -0.2156837 0.4344247
vn -0.7254848 -0.5058774 0.4666474
vn -0.6392111 -0.694111 0.3310877
vn 0.003920794 -0.9607755 -0.2772996
vn 0.003920794 -0.686268 0.7273383
vn -0.3333312 -0.2235268 0.9159291
vn 0.003920794 -0.1764684 0.9842985
vn 0.003920794 -0.2078406 0.9781548
vn -0.3803897 0.05098069 0.9234201
vn 0.003920794 0.05882382 0.9982607
vn 0.003920794 0.4588203 0.8885204
vn -0.4509773 0.4039189 0.7959077
vn -0.7725432 0.1999991 0.602642
vn -0.6156818 0.7097987 0.3422306
vn 0.003920794 0.8980324 0.4399118
vn 0.003920794 0.4588203 0.8885204
vn -0.6548972 0.749014 -0.1004374
vn 0.003920794 0.9999923 -0.000345267
vn 0.003920794 0.9764631 -0.215649
vn -0.6705834 -0.6156803 0.4138305
vn -0.3960758 -0.8196002 0.4139801
vn -0.6235249 -0.247056 0.7417412
vn -0.8823463 0.3098021 0.3542425
vn -0.8980324 -0.4274466 -0.1040537
vn -0.8431308 -0.5294065 0.09412278
vn -0.8980324 -0.4274466 0.1040537
vn -0.6235249 -0.247056 0.7417412
vn -0.8666601 -0.4745051 -0.1540947
vn -0.8823463 0.3098021 0.3542425
vn -0.8901893 0.4509773 -0.06467216
vn -0.7019556 0.4509773 -0.5512512
vn -0.9215616 -0.3882313 -0.0008368719
vn -0.5607803 0.6078387 -0.5621899
vn -0.858817 -0.3254867 -0.3955905
vn -0.4588203 0.7254848 -0.512987
vn 0.2705852 0.1058822 -0.9568556
vn -0.1294115 -0.8823447 -0.4524604
vn -0.1372545 0.6313679 -0.7632403
vn -0.7019556 0.4509773 -0.5512512
vn -0.7019556 0.4509773 -0.5512512
vn -0.8901893 0.4509773 -0.06467216
vn -0.8823463 0.3098021 0.3542425
vn -0.1294115 -0.8823447 -0.4524604
vn -0.9058754 -0.4196036 -0.05764098
vn 0.2705852 0.1058822 -0.9568556
vn -0.1372545 0.6313679 -0.7632403
vn -0.4588203 0.7254848 -0.512987
vn 0.2379433 -0.971279 0
vn 0.3019575 -0.9529324 -0.02723016
vn 0.3019575 -0.4901912 -0.8176395
vn -0.4745065 -0.2705852 -0.8376319
vn -0.6313679 0.01176536 -0.7753941
vn 0.3019575 -0.4901912 -0.8176395
vn -0.9843062 -0.04313612 -0.1711156
vn -0.9607769 0.2392144 -0.1403002
vn -0.9843062 -0.04313612 -0.1711156
vn 0.003920794 0.4901927 -0.8716053
vn -0.1529406 0.4039189 -0.9019195
vn 0.003920794 0.3725467 -0.9280052
vn -0.1529406 0.4431343 -0.8833126
vn 0.137253 0.411762 -0.900896
vn -0.2156852 0.3568605 -0.9089172
vn -0.3254882 -0.01176387 -0.9454729
vn -0.3647035 0.2313713 -0.9019194
vn -0.6313679 0.01176536 -0.7753941
vn -0.4901927 0.05098069 -0.8701219
vn -0.4745065 -0.2705852 -0.8376319
vn 0.3019575 -0.9529324 -0.02723016
vn 0.3019575 -0.4901912 -0.8176395
vn 0.3333298 -0.01176387 -0.9427369
vn 0.7019541 0.6784264 0.2167904
vn 0.9450893 0.1058822 0.3091846
vn -0.1294115 0.411762 -0.9020559
vn 0.2548991 0.9529339 0.1641446
vn 0.1607822 0.4039189 -0.9005547
vn 0.7019541 0.7097987 0.05870503
vn 0.9607755 0.1294115 0.2452817
vn 0.7725418 -0.5294065 0.3505823
vn 0.8117571 -0.5607789 0.1630262
vn 0.3490159 -0.9294032 0.1199901
vn 0.4039174 -0.913717 -0.04440609
vn 0.003920794 0.3725467 -0.9280052
vn 0.003920794 0.9921492 0.1249981
vn 0.05872131 -0.9982744 0
vn -0.082353 -0.913717 -0.3979186
vn -0.04313767 -0.796071 -0.6036639
vn 0.05882227 0.9450908 -0.3214706
vn 0.5921512 0.7960725 -0.1250021
vn 0.003920794 0.8431308 -0.5376942
vn 0.003920794 0.7803863 -0.6252854
vn -0.3490174 0.6705834 -0.6546028
vn -0.09803915 0.8352878 -0.5410014
vn -0.1764698 0.9294046 -0.324138
vn 0.4039174 0.9058754 -0.1274377
vn 0.9966261 0.0820759 0
vn 0.9993777 -0.03527147 0
vn 0.3098006 0.9450908 0.1040529
vn -0.6627402 0.7176417 -0.2139293
vn -0.6627402 0.6784264 -0.3170379
vn -0.8901893 -0.3176436 -0.3265969
vn -0.9215616 -0.2784283 -0.2705586
vn -0.9764631 0.1294115 -0.1725472
vn 0.1686253 -0.9294032 -0.3282914
vn 0.722557 -0.6913113 0
vn -0.1999991 -0.9607755 -0.1921218
vn 0.01176387 -0.9843047 -0.176085
vn 0.9764616 -0.1999975 0.08076953
vn -0.9764631 0.1294115 -0.1725472
vn -0.8901893 -0.3176436 -0.3265969
vn -0.9215616 -0.2784283 -0.2705586
vn -0.9921492 0.07450986 -0.1004399
vn 0.2078406 0.9607769 0.1836027
vn -0.9058754 0.01960838 -0.42309
vn -0.6313679 -0.6784249 -0.3756517
vn -0.9058754 0.01960838 -0.42309
vn -0.419605 -0.4980343 -0.7588764
vn -0.5450941 0.003922224 -0.8383657
vn 0.003920794 -0.3803882 -0.9248186
vn 0.003920794 -0.8196002 -0.5729225
vn 0.003920794 -0.08235151 -0.9965956
vn 0.09019458 -0.9843047 -0.151688
vn 0.7633863 -0.6459422 0
vn 0.9921477 0.1137253 0.05205224
vn 0.003920794 -0.9999908 -0.001726335
vn 0.0509792 -0.796071 -0.6030523
vn 0.4274466 -0.4980343 -0.7544874
vn 0.09019458 -0.913717 -0.3962147
vn 0.5529358 0.003922224 -0.8332146
vn 0.913717 0.01960838 -0.4058777
vn 0.6392095 -0.6784249 -0.3621476
vn 0.9294032 -0.2784283 -0.2422549
vn 0.2078406 -0.9607755 -0.1836101
vn 0.8980309 -0.3176436 -0.3043733
vn -0.082353 -0.9843047 -0.1560844
vn -0.7176417 -0.694111 -0.05657034
vn -0.1607836 -0.9294032 -0.3322023
vn -0.9921492 0.09019601 0.08662898
vn -0.9921492 -0.0509792 0.1141973
vn -0.3960758 0.9058754 -0.1500452
vn -0.301959 0.9450908 0.1249967
vn 0.6705818 0.7176417 -0.1879106
vn 0.6705818 0.6784264 -0.3000961
vn 0.8980309 -0.3176436 -0.3043733
vn 0.9294032 -0.2784283 -0.2422549
vn 0.9843047 0.1294115 -0.1199875
vn 0.9843047 0.1294115 -0.1199875
vn -0.01960838 -0.9843047 -0.1753848
vn -0.9764631 -0.04313612 0.2113271
vn 0.9977851 0.06651979 0
vn -0.1843129 0.9607769 0.2072111
vn 0.913717 0.01960838 -0.4058777
vn 0.7646987 0.5607803 -0.3174294
vn 0.5529358 0.003922224 -0.8332146
vn 0.5137204 0.4588203 -0.7249657
vn 0.003920794 -0.08235151 -0.9965956
vn 0.003920794 0.4509773 -0.8925267
vn -0.5058788 0.4588203 -0.7304591
vn -0.5450941 0.003922224 -0.8383657
vn -0.7568572 0.5607803 -0.3356974
vn 0.1058807 0.8352878 -0.5395216
vn 0.356859 0.6705834 -0.6503612
vn -0.05098069 0.9450908 -0.3228071
vn -0.5843096 0.7960725 -0.1576417
vn -0.6941125 0.7097987 0.1199734
vn 0.1843114 0.9294046 -0.3197442
vn -0.9843062 0.1137253 0.1349364
vn -0.7568572 -0.6470526 0.09214182
vn -0.2470574 0.9529339 0.175726
vn -0.6941125 0.6784264 0.2407186
vn 0.137253 0.411762 -0.900896
vn -0.3254882 -0.01176387 -0.9454729
vn -0.9372478 0.1058822 0.3321981
vn -0.9529339 0.1294115 0.2741708
vn -0.1529406 0.4039189 -0.9019195
vn -0.7647002 -0.5294065 0.3673723
vn -0.8039155 -0.5607789 0.1981085
vn -0.3411744 -0.9294032 0.1407472
vn 0.3019575 -0.9529324 -0.02723016
vn -0.4901927 0.05098069 -0.8701219
vn -0.3960758 -0.913717 -0.09080259
vn -0.04309798 -0.9990709 0
vn 0.003920794 -0.9999908 -0.001726335
vn -0.2941159 -0.9450893 -0.1424851
vn 0.4980343 0.05098069 -0.8656574
vn -0.0820759 -0.9966261 0
vn -0.03529453 -0.9372463 -0.3468772
vn 0.9405887 -0.3395481 0
vn -0.9843062 -0.02745003 -0.1743209
vn -0.9921492 -0.1137238 -0.05202687
vn 0.8980309 -0.4352897 0.06374537
vn 0.796071 0.5921526 0.125005
vn 0.2941144 0.9058754 0.3047727
vn -0.2392144 0.9607769 0.1403002
vn -0.9686201 0.1843129 -0.166745
vn -0.9843062 -0.02745003 -0.1743209
vn 0.9921477 -0.1215668 0.02940045
vn -0.2784297 0.9529339 -0.1199744
vn -0.9921492 -0.1137238 -0.05202687
vn 0.7490126 0.5764664 0.3265985
vn 0.8588156 0.5058788 -0.08076185
vn 0.8823447 -0.3411729 0.3241433
vn -0.9686201 0.2313713 0.09078809
vn -0.04313767 -0.905874 -0.4213449
vn -0.9686201 0.1843129 -0.166745
vn 0.694111 0.7097987 -0.1199819
vn -0.09803915 0.9921492 0.07764171
vn 0.905874 0.419605 -0.05765442
vn 0.9294032 -0.2627422 -0.2591839
vn 0.9043748 -0.4267392 0
vn 0.2941144 -0.913717 -0.2803889
vn 0.1206795 -0.9926915 0
vn 0.09019458 -0.8823447 -0.4618796
vn -0.7333279 -0.6784249 -0.04438393
vn -0.5450941 -0.8352863 -0.07189682
vn 0.9764616 0.1843129 -0.1120334
vn 0.6392095 0.741171 -0.2051262
vn 0.01960695 0.9921492 -0.123513
vn -0.3803897 0.8823463 -0.2770717
vn -0.9058754 0.419605 -0.05763064
vn -0.9372478 0.1137253 -0.3295955
vn 0.905874 -0.3960744 -0.1500583
vn -0.09803915 -0.8431294 -0.5286976
vn -0.2078421 -0.9764616 0.05765752
vn -0.8274448 -0.5529358 -0.09796491
vn -0.749014 -0.4274466 -0.5062286
vn -0.9372478 0.1137253 -0.3295955
vn -0.9058754 0.419605 -0.05763064
vn -0.9372478 -0.2941144 -0.1872521
vn -0.9372478 0.3176451 0.1437646
vn -0.9607769 0.2549006 -0.1092401
vn -0.9372478 0.3176451 0.1437646
vn -0.9607769 0.2549006 -0.1092401
vn 0.3098006 -0.9215601 -0.2339884
vn -0.7176417 -0.686268 -0.1184341
vn -0.9686201 0.2313713 0.09078809
vn 0.2235268 -0.9529324 0.2048306
vn 0.09019458 -0.8823447 -0.4618796
vn 0.3098006 -0.9215601 -0.2339884
vn -0.9921492 0.07450986 -0.1004399
vn 0.09757078 -0.9952286 0
vn -0.9764631 -0.1999975 0.08075182
vn 0.04313612 -0.9372463 -0.3459895
vn 0.9921477 0.1137253 -0.05205224
vn 0.9935954 -0.1129965 0
vn -0.8980324 -0.3882313 0.206916
vn -0.2862729 0.9450908 0.1576428
vn -0.2705867 0.9450908 0.1832656
vn 0.9607755 0.2313713 -0.1528979
vn 0.9921477 0.1137253 -0.05205224
vn -0.9764631 -0.1607822 0.143767
vn 0.2941144 0.9529339 0.07357793
vn 0.9935954 -0.1129965 0
vn -0.741171 0.5450941 0.3918392
vn -0.850974 0.5137219 0.1092387
vn -0.8745031 -0.3411729 0.3447395
vn -0.2156852 -0.9529324 0.213072
vn 0.9747854 0.2231446 0
vn 0.0509792 -0.905874 -0.4204682
vn 0.9607755 0.2313713 -0.1528979
vn -0.6862694 0.7097987 -0.1588085
vn 0.1058807 0.9921492 0.06655195
vn -0.8980324 0.4274482 -0.1040473
vn -0.9215616 -0.2627422 -0.285816
vn -0.8980324 -0.4274466 0.1040537
vn -0.2862729 -0.913717 -0.2883904
vn -0.1052945 -0.9944411 0
vn -0.082353 -0.8823447 -0.463342
vn 0.73764 -0.6751942 0
vn 0.5519868 -0.8338528 0
vn -0.9686201 0.1843129 -0.166745
vn -0.6313679 0.741171 -0.2281229
vn -0.01176536 0.9921492 -0.124505
vn 0.3882313 0.8823463 -0.2659728
vn 0.9117014 0.4108537 0
vn 0.9450893 0.1137253 -0.3063865
vn -0.8980324 -0.3960744 -0.1914755
vn 0.7568556 -0.4274466 -0.4944279
vn 0.9450893 0.1137253 -0.3063865
vn 0.9117014 0.4108537 0
vn 0.9450893 -0.2941144 -0.1424881
vn 0.1058807 -0.8431294 -0.5271832
vn -0.082353 -0.8823447 -0.463342
vn -0.301959 -0.9215601 -0.244024
vn 0.8338528 -0.5519868 0
vn 0.2156837 -0.9764616 0.001810595
vn 0.9450893 0.3176451 0.076862
vn 0.9686185 0.2470574 -0.02721785
vn 0.9747854 0.2231446 0
vn 0.7254833 -0.686268 -0.05206038
vn -0.301959 -0.9215601 -0.244024
vn -0.8745031 -0.3411729 0.3447395
vn -0.8980324 -0.3960744 -0.1914755
vn -0.8980324 -0.3960744 -0.1914755
vn 0.9450893 0.3176451 0.076862
vn 0.9686185 0.2470574 -0.02721785
vn -0.8745031 -0.3411729 0.3447395
vn -0.8745031 -0.3411729 0.3447395
vn 0.9977851 0.06651979 0
vn -0.301959 -0.9529324 -0.02721265
vn -0.9764631 -0.06666535 -0.2051234
vn -0.850974 -0.09019458 -0.5174053
vn -0.1294115 -0.905874 0.4032927
vn 0.3019575 -0.4431328 -0.8440705
vn 0.5372496 -0.7254833 0.4301591
vn 0.7254833 -0.3882313 -0.5682873
vn 0.8352863 -0.1215668 -0.5362073
vn 0.913717 0.2313713 0.3340487
vn 0.8666586 0.3960758 0.3033591
vn 0.6784249 -0.5215635 0.5174082
vn 0.5607789 -0.01176387 -0.8278821
vn -0.003922224 0.8980324 -0.4399118
vn 0.356859 -0.1529391 -0.9215538
vn 0.2784283 0.01176536 -0.960385
vn -0.850974 -0.09019458 -0.5174053
vn -0.9764631 -0.06666535 -0.2051234
vn -0.1372545 0.9764631 -0.1663764
vn 0.2784283 0.01176536 -0.960385
vn -0.1294115 -0.905874 0.4032927
vn 0.6548957 -0.466662 0.5944226
vn -0.1843129 -0.686268 0.7036086
vn 0.6784249 -0.5215635 0.5174082
vn -0.9921492 0.003922224 0.1249981
vn -0.9764631 -0.06666535 -0.2051234
vn 0.8666586 0.4039189 0.292835
vn 0.8666586 0.3960758 0.3033591
vn -0.2392144 0.9372478 -0.2536594
vn -0.1372545 0.9764631 -0.1663764
vn -0.9843062 -0.1137238 0.1349377
vn 0.05882227 -0.8823447 0.466913
vn -0.9764631 -0.1843114 -0.1120231
vn 0.4431328 -0.8666586 0.2292076
vn -0.7647002 -0.3176436 -0.5606569
vn 0.5294065 -0.8117571 -0.2465343
vn 0.8980309 0.4352912 0.0637352
vn 0.2392129 -0.9215601 0.3057845
vn 0.05882227 -0.8823447 0.466913
vn 0.9686185 -0.05882227 0.2414915
vn 0.9583626 0.2855539 0
vn -0.2078421 0.7647002 -0.609947
vn -0.2862729 0.9137186 -0.2883855
vn 0.9921477 -0.09803766 0.07766272
vn -0.1058822 0.4666635 -0.8780741
vn 0.02745003 0.1686268 -0.9852977
vn 0.8117571 -0.1686253 -0.5591207
vn 0.2627422 -0.576465 -0.7737278
vn 0.3490159 0.3647035 -0.8632376
vn 0.9921477 -0.09803766 0.07766272
vn 0.5921512 -0.7333264 0.3340499
vn 0.4823481 -0.8431294 0.2376408
vn 0.8117571 -0.1686253 -0.5591207
vn 0.4509758 -0.8666586 -0.2133626
vn -0.6078387 -0.7411695 -0.2849559
vn 0.2627422 -0.576465 -0.7737278
vn -0.8274448 -0.5450927 -0.1349409
vn 0.4509758 -0.8666586 -0.2133626
vn -0.5372511 -0.5058774 -0.6748698
vn 0.4509758 -0.8666586 -0.2133626
vn -0.6627402 -0.1058807 -0.7413263
vn -0.1372545 0.9764631 -0.1663764
vn -0.9921492 0.003922224 0.1249981
vn -0.2392144 0.9372478 -0.2536594
vn -0.9764631 -0.06666535 -0.2051234
vn -0.6156818 0.3411744 -0.7103069
vn -0.9843062 -0.1137238 0.1349377
vn -0.9764631 -0.1843114 -0.1120231
vn 0.356859 0.6392111 -0.6812202
vn -0.7647002 -0.3176436 -0.5606569
vn 0.3490159 0.3647035 -0.8632376
vn -0.8666601 -0.1215668 -0.4838613
vn 0.2627422 -0.576465 -0.7737278
vn -0.8196017 -0.1686253 -0.547557
vn -0.6078387 -0.7411695 -0.2849559
vn -0.8274448 -0.5450927 -0.1349409
vn -0.9450908 0.01960838 -0.3262191
vn -0.5372511 -0.5058774 -0.6748698
vn -0.6627402 -0.1058807 -0.7413263
vn -0.9450908 -0.1843114 -0.2698753
vn -0.9450908 0.01960838 -0.3262191
vn -0.6627402 -0.1058807 -0.7413263
vn -0.2078421 0.7647002 -0.609947
vn -0.1058822 0.4666635 -0.8780741
vn 0.02745003 0.1686268 -0.9852977
vn -0.6627402 -0.1058807 -0.7413263
vn -0.2862729 0.9137186 -0.2883855
vn 0.8117571 -0.1686253 -0.5591207
vn -0.6627402 -0.1058807 -0.7413263
vn 0.356859 0.6392111 -0.6812202
vn 0.4431328 -0.8666586 0.2292076
vn 0.3490159 0.3647035 -0.8632376
vn 0.2627422 -0.576465 -0.7737278
vn -0.6156818 0.3411744 -0.7103069
vn 0.2627422 -0.576465 -0.7737278
vn -0.3725467 -0.4431328 0.8153787
vn 0.09803766 -0.2392129 0.9660051
vn 0.3803882 -0.2705852 0.8843576
vn -0.06666684 -0.4196036 0.905256
vn -0.749014 -0.4745051 0.4624099
vn -0.4274482 -0.6078373 0.669195
vn 0.3725451 -0.2862713 0.8827564
vn 0.8352863 -0.2941144 0.4645357
vn -0.01960838 -0.4901912 0.8713943
vn 0.1843114 -0.7254833 0.6631013
vn -0.6156818 -0.6156803 0.4918065
vn 0.8196002 -0.2548991 0.5131102
vn -0.5294081 -0.6784249 -0.5093787
vn 0.2078406 -0.9294032 -0.3049786
vn 0.7646987 -0.3803882 -0.5201353
vn 0.9686185 0.09803915 0.2283999
vn 0.7725418 0.1372545 -0.619952
vn -0.7333279 -0.1764684 -0.6565738
vn -0.9215616 -0.3019575 0.2440203
vn -0.6862694 -0.6392095 0.3470526
vn 0.4588189 -0.356859 0.813718
vn -0.7333279 -0.6784249 -0.04438393
vn 0.5294065 -0.4039174 0.7460425
vn -0.9294046 -0.1137238 -0.3511039
vn -0.9294046 -0.3490159 -0.119979
vn -0.6627402 -0.02745003 -0.7483461
vn -0.9843062 -0.1686253 0.05202682
vn -0.6235249 -0.08235151 -0.7774541
vn -0.9764631 -0.1215668 -0.1781611
vn -0.9686201 0.2078421 -0.1362967
vn -0.7725432 0.1529406 -0.616268
vn -0.2392144 0.9294046 -0.28104
vn -0.1999991 0.8039155 -0.5601074
vn -0.6470541 0.7568572 -0.09213164
vn 0.1999975 0.9686201 -0.1475674
vn -0.8745031 0.4745065 -0.1004383
vn 0.5294065 -0.4039174 0.7460425
vn -0.7647002 -0.6078373 -0.2139335
vn 0.4823481 -0.5215635 0.7037839
vn -0.7333279 -0.6784249 -0.04438393
vn -0.9294046 0.003922224 -0.3690416
vn -0.9294046 -0.1137238 -0.3511039
vn -0.9372478 0.2862729 -0.1990339
vn -0.8745031 0.4745065 -0.1004383
vn -0.6392111 0.5686234 0.5177611
vn -0.5529373 0.1058822 0.826468
vn -0.4666635 0.419605 0.7785608
vn -0.5921526 0.5607803 0.5786889
vn -0.3411744 -0.247056 0.9069528
vn -0.3333312 0.7882293 0.5172859
vn -0.3411744 0.9058754 0.2509775
vn 0.247056 0.7647002 0.5951446
vn 0.3411729 0.9372478 0.07188687
vn 0.1999975 0.9686201 -0.1475674
vn -0.6470541 0.7568572 -0.09213164
vn 0.7490126 0.6548972 0.1004481
vn 0.1529391 0.2235283 0.9626239
vn 0.1450961 0.4039189 0.9032147
vn 0.9450893 0.2705867 -0.183273
vn 0.1294099 0.5921526 0.7953668
vn 0.3019575 -0.04313612 0.952345
vn 0.9921477 -0.08235151 -0.09413347
vn 0.003920794 -0.6313665 0.7754747
vn 0.8666586 0.4980358 -0.02937941
vn -0.03529453 -0.1450961 0.9887878
vn 0.02745003 -0.1058807 0.9939998
vn 0.9764616 -0.09803766 0.1921233
vn 0.003920794 -0.6313665 0.7754747
vn 0.9921477 -0.08235151 -0.09413347
vn -0.2705867 -0.6784249 0.6830245
vn 0.8666586 0.4980358 -0.02937941
vn 0.9604813 0.2783445 0
vn 0.6392095 0.2235283 -0.7358304
vn 0.6548957 0.749014 -0.1004475
vn 0.3411729 0.9372478 0.07188687
vn -0.2392144 0.9294046 -0.28104
vn 0.6392095 0.521565 -0.5651382
vn -0.1999991 0.8039155 -0.5601074
vn 0.1999975 0.9686201 -0.1475674
vn -0.07450986 -0.6392095 0.7654146
vn -0.03529453 -0.1450961 0.9887878
vn 0.1529391 0.2235283 0.9626239
vn 0.1450961 0.4039189 0.9032147
vn -0.749014 -0.4274466 0.5062286
vn 0.1294099 0.5921526 0.7953668
vn 0.4588189 -0.7882279 0.4100999
vn -0.5999957 -0.7803848 0.1760813
vn -0.8666601 -0.1607822 0.472281
vn 0.3019575 -0.04313612 0.952345
vn 0.003920794 -0.6313665 0.7754747
vn -0.2705867 -0.6784249 0.6830245
vn -0.9372478 -0.2235268 0.2675863
vn -0.9294046 -0.247056 0.2741722
vn -0.01960838 -0.4901912 0.8713943
vn -0.7176417 -0.1843114 0.67158
vn 0.09803766 -0.2392129 0.9660051
vn -0.03529453 0.09019601 0.9952984
vn -0.06666684 -0.4196036 0.905256
vn 0.3725451 -0.2862713 0.8827564
vn 0.5372496 0.2392144 0.8087888
vn 0.4588189 -0.356859 0.813718
vn 0.8745017 0.3882327 0.2907269
vn 0.5294065 -0.4039174 0.7460425
vn 0.8980309 0.2313713 0.3741763
vn 0.4823481 -0.5215635 0.7037839
vn 0.8274432 0.1686268 0.535633
vn 0.4588189 -0.7882279 0.4100999
vn 0.7097972 -0.3254867 0.624697
vn -0.4666635 0.419605 0.7785608
vn -0.5529373 0.1058822 0.826468
vn -0.07450986 -0.6392095 0.7654146
vn 0.02745003 -0.1058807 0.9939998
vn -0.03529453 -0.1450961 0.9887878
vn 0.9843047 -0.1686253 0.05205603
vn 0.8745017 0.419605 0.2432661
vn -0.3411744 -0.247056 0.9069528
vn -0.5921526 0.5607803 0.5786889
vn -0.1999991 0.8039155 -0.5601074
vn -0.7725432 0.1529406 -0.616268
vn 0.6392095 0.521565 -0.5651382
vn -0.6235249 -0.08235151 -0.7774541
vn 0.6392095 0.2235283 -0.7358304
vn -0.6627402 -0.02745003 -0.7483461
vn 0.7725418 0.1372545 -0.619952
vn -0.7333279 -0.1764684 -0.6565738
vn -0.5294081 -0.6784249 -0.5093787
vn 0.7646987 -0.3803882 -0.5201353
vn 0.2078406 -0.9294032 -0.3049786
vn 0.2235268 -0.9294032 -0.2936759
vn 0.364702 -0.8745017 -0.3197486
vn -0.04313767 0.3803897 -0.9238197
vn -0.5607803 -0.5999942 -0.5705546
vn 0.7568556 -0.2078406 -0.6196546
vn 0.6156803 0.5607803 -0.5535912
vn -0.2705867 0.7882293 -0.5527
vn 0.4196036 0.8196017 -0.3901102
vn -0.1372545 0.9686201 0.207211
vn 0.7254833 0.6784264 0.1158086
vn 0.6784249 0.1529406 0.7185742
vn -0.1137253 0.2392144 0.9642837
vn -0.8745031 0.4431343 0.1971706
vn -0.7333279 -0.1215668 0.6689184
vn -0.5764664 0.7019556 -0.4182641
vn -0.6235249 0.3568605 -0.6956056
vn 0.4745051 -0.3882313 0.7900136
vn 0.6156803 0.5607803 -0.5535912
vn 0.5999942 -0.5529358 0.57816
vn -0.2392144 -0.7019541 0.6708478
vn -0.301959 -0.5294065 0.7928111
vn 0.6313665 -0.7411695 -0.228132
vn -0.1293401 -0.9916003 0
vn 0.5215635 -0.8509725 0.06178495
vn -0.1294115 -0.9686185 0.2122047
vn -0.8745031 0.4431343 0.1971706
vn -0.7333279 -0.1215668 0.6689184
vn 0.6784249 0.1529406 0.7185742
vn 0.7254833 0.6784264 0.1158086
vn 0.4196036 0.8196017 -0.3901102
vn -0.5764664 0.7019556 -0.4182641
vn -0.6235249 0.3568605 -0.6956056
vn -0.1137253 0.2392144 0.9642837
vn -0.192156 -0.5137204 -0.8361624
vn 0.2862713 0.05098069 0.9567914
vn 0.8666586 0.3647035 -0.3404323
vn -0.5686234 0.5529373 0.6090384
vn 0.6548957 -0.2313699 0.7194301
vn -0.2784297 -0.7803848 0.5598896
vn 0.1686253 0.1529406 -0.9737426
vn -0.2784297 0.9137186 0.2959649
vn 0.8509725 0.4039189 0.3357013
vn 0.0509792 0.7882293 0.6132663
vn 0.3882313 -0.4588189 0.7992257
vn -0.5294081 0.6392111 0.5577959
vn -0.1529406 -0.6392095 0.7536712
vn -0.07450986 0.1372545 -0.9877295
vn 0.08235151 0.3333312 -0.9392064
vn -0.749014 0.5058788 0.4278605
vn 0.5529358 -0.07450843 0.8298858
vn -0.9372478 0.1686268 0.3051748
vn 0.2784283 0.2313713 0.9321722
vn -0.8666601 -0.2784283 0.4139782
vn 0.3254867 0.2862729 0.9011694
vn -0.5999957 -0.6627388 0.4480875
vn 0.247056 0.3803897 0.8912166
vn 0.01176387 0.5372511 0.8433403
vn -0.09803915 -0.8588156 0.5028163
vn 0.3803882 -0.7176403 0.5833501
vn -0.3490174 0.4823496 0.8034461
vn 0.796071 -0.1058807 0.5958693
vn 0.01176387 -0.0352931 0.9993078
vn 0.2627422 0.7960725 0.5451927
vn 0.08235151 0.01176536 -0.9965339
vn 0.1921545 -0.576465 -0.794207
vn 0.3019575 -0.1529391 -0.9409736
vn 0.01960695 0.02745152 -0.9994308
vn 0.1764684 -0.0352931 -0.9836733
vn -0.2470574 -0.356859 -0.9008964
vn 0.7882279 -0.1294099 -0.6016226
vn -0.03529453 -0.01960695 -0.9991846
vn 0.2627422 0.749014 -0.6082307
vn -0.2784297 -0.7803848 0.5598896
vn 0.6313665 0.192156 0.7513005
vn 0.2862713 0.05098069 0.9567914
vn -0.7960725 -0.01176387 0.6050869
vn 0.8666586 0.3647035 -0.3404323
vn 0.1686253 -0.3882313 -0.9060033
vn 0.5607789 0.521565 0.6430374
vn -0.7254848 -0.137253 0.6744133
vn 0.4039174 0.6784264 0.613668
vn -0.6156818 -0.4901912 0.6169672
vn 0.1999975 -0.09019458 -0.9756362
vn 0.3098006 -0.1294099 -0.9419537
vn -0.03529453 -0.01960695 -0.9991846
vn 0.2627422 0.749014 -0.6082307
vn -0.5137219 0.5372511 -0.6689178
vn -0.5058788 0.5450941 0.66855
vn 0.2627422 0.7960725 0.5451927
vn 0.01176387 -0.0352931 0.9993078
vn -0.521565 -0.6784249 0.5174067
vn -0.5137219 -0.6784249 -0.5251946
vn 0.1686253 0.1529406 -0.9737426
vn 0.6548957 -0.2313699 0.7194301
vn 0.8509725 0.4039189 0.3357013
vn -0.192156 -0.5137204 -0.8361624
vn 0.8666586 0.3647035 -0.3404323
vn -0.2784297 -0.7803848 0.5598896
vn -0.2470574 -0.356859 -0.9008964
vn 0.01176387 0.5372511 0.8433403
vn 0.1764684 -0.0352931 -0.9836733
vn -0.3490174 0.4823496 0.8034461
vn 0.247056 0.3803897 0.8912166
vn 0.01960695 0.02745152 -0.9994308
vn 0.3254867 0.2862729 0.9011694
vn 0.3019575 -0.1529391 -0.9409736
vn 0.2784283 0.2313713 0.9321722
vn 0.1921545 -0.576465 -0.794207
vn 0.5529358 -0.07450843 0.8298858
vn 0.08235151 0.01176536 -0.9965339
vn -0.03529453 -0.01960695 -0.9991846
vn 0.01176387 -0.0352931 0.9993078
vn 0.3882313 -0.4588189 0.7992257
vn -0.07450986 0.1372545 -0.9877295
vn -0.1529406 -0.6392095 0.7536712
vn 0.08235151 0.3333312 -0.9392064
vn -0.6156818 -0.4901912 0.6169672
vn 0.3098006 -0.1294099 -0.9419537
vn -0.7254848 -0.137253 0.6744133
vn 0.1999975 -0.09019458 -0.9756362
vn -0.7960725 -0.01176387 0.6050869
vn 0.1686253 -0.3882313 -0.9060033
vn -0.2784297 -0.7803848 0.5598896
vn 0.8666586 0.3647035 -0.3404323
vn 0.1686253 0.1529406 -0.9737426
vn 0.8509725 0.4039189 0.3357013
vn -0.2784297 0.9137186 0.2959649
vn 0.01176387 -0.0352931 0.9993078
vn -0.5137219 -0.6784249 -0.5251946
vn -0.521565 -0.6784249 0.5174067
vn -0.03529453 -0.01960695 -0.9991846
vn -0.7960725 -0.3098006 -0.5198963
vn 0.4352897 -0.7019541 0.5637227
vn 0.4352897 -0.7333264 -0.5222598
vn -0.7960725 -0.2784283 0.5373512
vn -0.7960725 -0.3098006 -0.5198963
vn -0.06666684 -0.5999942 0.7972218
vn 0.2862713 0.5607803 0.7769004
vn -0.4980358 0.6705834 -0.5497984
vn -0.7960725 -0.2784283 0.5373512
vn 0.2941144 0.5137219 -0.8059693
vn -0.4980358 0.7019556 0.5091352
vn -0.05882382 -0.6392095 -0.7667796
vn -0.7960725 -0.2784283 0.5373512
vn 0.7568556 0.3568605 0.5475583
vn 0.4352897 -0.7019541 0.5637227
vn -0.4980358 0.7019556 0.5091352
vn -0.05882382 -0.6392095 -0.7667796
vn 0.2941144 0.5137219 -0.8059693
vn 0.4352897 -0.7333264 -0.5222598
vn 0.2862713 0.5607803 0.7769004
vn 0.7646987 0.3254882 -0.5561415
vn -0.06666684 -0.5999942 0.7972218
vn -0.4980358 0.6705834 -0.5497984
vn -0.7960725 -0.3098006 -0.5198963
vn -0.4980358 0.7019556 0.5091352
vn 0.7646987 0.3254882 -0.5561415
vn 0.7568556 0.3568605 0.5475583
vn -0.4980358 0.6705834 -0.5497984
vn 0.3803882 -0.4431328 0.8117501
vn -0.09019601 -0.2392129 0.9667687
vn 0.07450843 -0.4196036 0.9046443
vn -0.3725467 -0.2705852 0.8876895
vn 0.7568556 -0.4745051 0.4494602
vn 0.4352897 -0.6078373 0.6641211
vn -0.3647035 -0.2862713 0.8860249
vn -0.8274448 -0.2941144 0.4783637
vn 0.02745003 -0.4901912 0.8711826
vn -0.1764698 -0.7254833 0.6652311
vn 0.6235234 -0.6156803 0.481826
vn -0.8117586 -0.2548991 0.5254278
vn 0.5372496 -0.6784249 -0.5011013
vn -0.1999991 -0.9294032 -0.3101775
vn -0.7568572 -0.3803882 -0.531481
vn -0.9607769 0.09803915 0.2594148
vn -0.7647002 0.1372545 -0.629599
vn 0.7411695 -0.1764684 -0.6477089
vn 0.9294032 -0.3019575 0.212206
vn 0.694111 -0.6392095 0.3310907
vn -0.4509773 -0.356859 0.8180899
vn 0.73764 -0.6751942 0
vn -0.521565 -0.4039174 0.7515455
vn 0.9372463 -0.1137238 -0.3296003
vn 0.9380772 -0.3464263 0
vn 0.6705818 -0.02745003 -0.7413275
vn 0.9858624 -0.167557 0
vn 0.6313665 -0.08235151 -0.7710996
vn 0.9843047 -0.1215668 -0.127929
vn 0.9764616 0.2078421 -0.05765755
vn 0.7803848 0.1529406 -0.6063074
vn 0.247056 0.9294046 -0.2741722
vn 0.2078406 0.8039155 -0.5572451
vn 0.6548957 0.749014 -0.1004475
vn -0.192156 0.9686201 -0.1576428
vn 0.8823447 0.4666635 -0.06076993
vn -0.521565 -0.4039174 0.7515455
vn 0.7725418 -0.6078373 -0.1836113
vn 0.73764 -0.6751942 0
vn -0.4745065 -0.5215635 0.7090946
vn 0.9372463 0.003922224 -0.348646
vn 0.9372463 -0.1137238 -0.3296003
vn 0.9450893 0.2862729 -0.1576515
vn 0.8823447 0.4666635 -0.06076993
vn 0.6470526 0.5686234 0.5079275
vn 0.5607789 0.1058822 0.8211675
vn 0.4745051 0.419605 0.7738066
vn 0.5999942 0.5607803 0.5705546
vn 0.3490159 -0.247056 0.9039642
vn 0.3411729 0.7882293 0.512148
vn 0.3490159 0.9058754 0.2399532
vn -0.2392144 0.7647002 0.5983394
vn -0.3333312 0.9372478 0.1022591
vn -0.192156 0.9686201 -0.1576428
vn 0.6548957 0.749014 -0.1004475
vn -0.741171 0.6548972 0.1475642
vn -0.1450976 0.2235283 0.963837
vn -0.1372545 0.4039189 0.9044395
vn -0.9372478 0.2705867 -0.2198851
vn -0.1215683 0.5921526 0.7966031
vn -0.2941159 -0.04313612 0.9547958
vn -0.9843062 -0.08235151 -0.1560753
vn 0.003920794 -0.6313665 0.7754747
vn -0.858817 0.5058788 -0.08074672
vn 0.04313612 -0.1450961 0.9884768
vn -0.01960838 -0.1058807 0.9941854
vn -0.9686201 -0.09803766 0.2283939
vn 0.003920794 -0.6313665 0.7754747
vn 0.2784283 -0.6784249 0.6798657
vn -0.9843062 -0.08235151 -0.1560753
vn -0.858817 0.5058788 -0.08074672
vn -0.9529339 0.2862729 0.09982393
vn -0.6313679 0.2235283 -0.7425696
vn -0.6470541 0.7568572 -0.09213164
vn -0.3333312 0.9372478 0.1022591
vn 0.247056 0.9294046 -0.2741722
vn -0.6313679 0.521565 -0.5738854
vn 0.2078406 0.8039155 -0.5572451
vn -0.192156 0.9686201 -0.1576428
vn 0.08235151 -0.6392095 0.7646106
vn -0.1450976 0.2235283 0.963837
vn 0.04313612 -0.1450961 0.9884768
vn -0.1372545 0.4039189 0.9044395
vn 0.7568556 -0.4274466 0.4944279
vn -0.1215683 0.5921526 0.7966031
vn -0.4509773 -0.7882279 0.4187077
vn 0.6078373 -0.7803848 0.1467425
vn 0.8745017 -0.1607822 0.4575979
vn -0.2941159 -0.04313612 0.9547958
vn 0.003920794 -0.6313665 0.7754747
vn 0.2784283 -0.6784249 0.6798657
vn 0.9450893 -0.2235268 0.2384155
vn 0.9372463 -0.247056 0.2460341
vn 0.02745003 -0.4901912 0.8711826
vn 0.7254833 -0.1843114 0.6631013
vn -0.09019601 -0.2392129 0.9667687
vn 0.04313612 0.09019601 0.9949894
vn 0.07450843 -0.4196036 0.9046443
vn -0.3647035 -0.2862713 0.8860249
vn -0.5294081 0.2392144 0.8139431
vn -0.4509773 -0.356859 0.8180899
vn -0.8666601 0.3882327 0.3133298
vn -0.521565 -0.4039174 0.7515455
vn -0.8901893 0.2313713 0.392467
vn -0.4745065 -0.5215635 0.7090946
vn -0.8196017 0.1686268 0.5475565
vn -0.4509773 -0.7882279 0.4187077
vn -0.7019556 -0.3254867 0.6334957
vn 0.4745051 0.419605 0.7738066
vn 0.5607789 0.1058822 0.8211675
vn 0.08235151 -0.6392095 0.7646106
vn -0.01960838 -0.1058807 0.9941854
vn 0.04313612 -0.1450961 0.9884768
vn -0.9764631 -0.1686253 0.1344819
vn -0.8666601 0.419605 0.2698738
vn 0.3490159 -0.247056 0.9039642
vn 0.5999942 0.5607803 0.5705546
vn 0.2078406 0.8039155 -0.5572451
vn -0.6313679 0.521565 -0.5738854
vn 0.7803848 0.1529406 -0.6063074
vn 0.6313665 -0.08235151 -0.7710996
vn -0.6313679 0.2235283 -0.7425696
vn 0.6705818 -0.02745003 -0.7413275
vn -0.7647002 0.1372545 -0.629599
vn 0.7411695 -0.1764684 -0.6477089
vn 0.5372496 -0.6784249 -0.5011013
vn -0.7568572 -0.3803882 -0.531481
vn -0.1999991 -0.9294032 -0.3101775
vn -0.2156852 -0.9294032 -0.2994822
vn 0.0509792 0.3803897 -0.9234202
vn -0.3568605 -0.8745017 -0.3284773
vn 0.5686219 -0.5999942 -0.5627398
vn -0.749014 -0.2078406 -0.6291107
vn -0.6078387 0.5607803 -0.5621899
vn 0.2784283 0.7882293 -0.5487916
vn -0.411762 0.8196017 -0.3983783
vn 0.1450961 0.9686201 0.2017977
vn -0.7176417 0.6784264 0.1572514
vn -0.6705834 0.1529406 0.7258974
vn 0.1215668 0.2392144 0.9633265
vn 0.8823447 0.4431343 0.1584291
vn 0.7411695 -0.1215668 0.6602192
vn 0.584308 0.7019556 -0.4072376
vn 0.6313665 0.3568605 -0.6884961
vn -0.4666635 -0.3882313 0.7946708
vn 0.3098006 -0.5294065 0.7897799
vn 0.247056 -0.7019541 0.6679998
vn -0.5921526 -0.5529358 0.5861888
vn -0.6235249 -0.7411695 -0.248766
vn 0.1447052 -0.9894749 0
vn -0.5137219 -0.8509725 0.1092501
vn 0.137253 -0.9686185 0.2072192
vn 0.8823447 0.4431343 0.1584291
vn 0.7411695 -0.1215668 0.6602192
vn -0.6705834 0.1529406 0.7258974
vn -0.7176417 0.6784264 0.1572514
vn -0.411762 0.8196017 -0.3983783
vn 0.584308 0.7019556 -0.4072376
vn -0.6078387 0.5607803 -0.5621899
vn 0.6313665 0.3568605 -0.6884961
vn 0.1215668 0.2392144 0.9633265
vn 0.1999975 -0.5137204 -0.8343215
vn -0.2784297 0.05098069 0.9591026
vn 0.576465 0.5529373 0.6016216
vn -0.858817 0.3647035 -0.3597565
vn -0.6470541 -0.2313699 0.7264909
vn 0.2862713 -0.7803848 0.5559211
vn -0.1607836 0.1529406 -0.9750681
vn 0.2862713 0.9137186 0.288387
vn -0.8431308 0.4039189 0.3549365
vn -0.04313767 0.7882293 0.6138678
vn -0.3803897 -0.4588189 0.8029875
vn 0.1607822 -0.6392095 0.7520375
vn 0.5372496 0.6392111 0.5502473
vn 0.08235151 0.1372545 -0.9871066
vn -0.07450986 0.3333312 -0.9398609
vn 0.7568556 0.5058788 0.4138311
vn -0.5450941 -0.07450843 0.8350574
vn 0.9450893 0.1686268 0.2799485
vn -0.2705867 0.2313713 0.9344786
vn 0.8745017 -0.2784283 0.3971454
vn -0.3176451 0.2862729 0.9039632
vn 0.6078373 -0.6627388 0.4373913
vn -0.2392144 0.3803897 0.8933533
vn -0.003922224 0.5372511 0.8434132
vn 0.1058807 -0.8588156 0.5012236
vn -0.3725467 -0.7176403 0.5883889
vn 0.356859 0.4823496 0.7999941
vn -0.7882293 -0.1058807 0.6062044
vn -0.003922224 -0.0352931 0.9993693
vn -0.2549006 0.7960725 0.5489028
vn -0.07450986 0.01176536 -0.9971509
vn -0.1843129 -0.576465 -0.7960633
vn -0.2941159 -0.1529391 -0.943454
vn -0.01176536 0.02745152 -0.9995539
vn -0.1686268 -0.0352931 -0.9850479
vn 0.2548991 -0.356859 -0.8987092
vn -0.7803863 -0.1294099 -0.61176
vn 0.04313612 -0.01960695 -0.9988768
vn -0.2549006 0.749014 -0.6115584
vn 0.2862713 -0.7803848 0.5559211
vn -0.6235249 0.192156 0.7578211
vn 0.8039141 -0.01176387 0.5946291
vn -0.2784297 0.05098069 0.9591026
vn -0.858817 0.3647035 -0.3597565
vn -0.1607836 -0.3882313 -0.9074277
vn -0.5529373 0.521565 0.6497926
vn 0.7333264 -0.137253 0.6658784
vn -0.3960758 0.6784264 0.6187581
vn 0.6235234 -0.4901912 0.6090412
vn -0.192156 -0.09019458 -0.9772108
vn -0.301959 -0.1294099 -0.9444966
vn -0.2549006 0.749014 -0.6115584
vn 0.04313612 -0.01960695 -0.9988768
vn 0.5215635 0.5372511 -0.6628218
vn 0.5137204 0.5450941 0.6625434
vn -0.2549006 0.7960725 0.5489028
vn -0.003922224 -0.0352931 0.9993693
vn 0.5294065 -0.6784249 0.5093804
vn 0.5215635 -0.6784249 -0.5174082
vn -0.1607836 0.1529406 -0.9750681
vn -0.6470541 -0.2313699 0.7264909
vn 0.1999975 -0.5137204 -0.8343215
vn -0.8431308 0.4039189 0.3549365
vn -0.858817 0.3647035 -0.3597565
vn 0.2862713 -0.7803848 0.5559211
vn 0.2548991 -0.356859 -0.8987092
vn -0.003922224 0.5372511 0.8434132
vn 0.356859 0.4823496 0.7999941
vn -0.1686268 -0.0352931 -0.9850479
vn -0.2392144 0.3803897 0.8933533
vn -0.01176536 0.02745152 -0.9995539
vn -0.3176451 0.2862729 0.9039632
vn -0.2941159 -0.1529391 -0.943454
vn -0.2705867 0.2313713 0.9344786
vn -0.1843129 -0.576465 -0.7960633
vn -0.5450941 -0.07450843 0.8350574
vn -0.07450986 0.01176536 -0.9971509
vn 0.04313612 -0.01960695 -0.9988768
vn -0.003922224 -0.0352931 0.9993693
vn -0.3803897 -0.4588189 0.8029875
vn 0.08235151 0.1372545 -0.9871066
vn 0.1607822 -0.6392095 0.7520375
vn -0.07450986 0.3333312 -0.9398609
vn 0.6235234 -0.4901912 0.6090412
vn -0.301959 -0.1294099 -0.9444966
vn 0.7333264 -0.137253 0.6658784
vn -0.192156 -0.09019458 -0.9772108
vn 0.8039141 -0.01176387 0.5946291
vn -0.1607836 -0.3882313 -0.9074277
vn 0.2862713 -0.7803848 0.5559211
vn -0.858817 0.3647035 -0.3597565
vn -0.1607836 0.1529406 -0.9750681
vn 0.2862713 0.9137186 0.288387
vn -0.8431308 0.4039189 0.3549365
vn -0.003922224 -0.0352931 0.9993693
vn 0.5215635 -0.6784249 -0.5174082
vn 0.04313612 -0.01960695 -0.9988768
vn 0.5294065 -0.6784249 0.5093804
vn 0.8039141 -0.3098006 -0.5076867
vn -0.4274482 -0.7019541 0.5696915
vn 0.8039141 -0.2784283 0.5255472
vn -0.4274482 -0.7333264 -0.5286969
vn 0.8039141 -0.3098006 -0.5076867
vn 0.07450843 -0.5999942 0.7965271
vn 0.5058774 0.6705834 -0.5425919
vn -0.2784297 0.5607803 0.779745
vn 0.8039141 -0.2784283 0.5255472
vn -0.2862729 0.5137219 -0.8087878
vn 0.5058774 0.7019556 0.5013446
vn 0.06666535 -0.6392095 -0.7661377
vn 0.8039141 -0.2784283 0.5255472
vn -0.749014 0.3568605 0.558237
vn 0.5058774 0.7019556 0.5013446
vn -0.4274482 -0.7019541 0.5696915
vn 0.06666535 -0.6392095 -0.7661377
vn -0.2862729 0.5137219 -0.8087878
vn -0.4274482 -0.7333264 -0.5286969
vn -0.2784297 0.5607803 0.779745
vn -0.7568572 0.3254882 -0.5667669
vn 0.07450843 -0.5999942 0.7965271
vn 0.5058774 0.6705834 -0.5425919
vn 0.8039141 -0.3098006 -0.5076867
vn 0.5058774 0.7019556 0.5013446
vn -0.7568572 0.3254882 -0.5667669
vn 0.5058774 0.6705834 -0.5425919
vn -0.749014 0.3568605 0.558237
vn 0.8078914 -0.5893313 0
vn 0.6627388 -0.4509758 -0.5978278
vn 0.8980309 -0.3176436 0.3043733
vn 0.6548957 -0.7411695 -0.1475789
vn 0.3882313 -0.4745051 -0.7900136
vn 0.003920794 -0.7097972 -0.7043952
vn 0.466662 -0.8117571 -0.3511083
vn 0.003920794 -0.8588156 -0.5122699
vn 0.3395481 -0.9405887 0
vn 0.003920794 -0.9999908 0.001726335
vn 0.003920794 -0.9450893 -0.3267886
vn 0.5215635 -0.7568556 -0.3938796
vn 0.7725418 -0.5921512 -0.2292078
vn 0.5137204 -0.8352863 -0.1959289
vn 0.003920794 -0.9450893 -0.3267886
vn 0.003920794 -0.9607755 -0.2772996
vn 0.4736327 -0.8807225 0
vn 0.003920794 -0.9372463 -0.3486461
vn 0.5607789 -0.8117571 -0.1630262
vn 0.003920794 -0.9294032 -0.3690452
vn 0.6470526 -0.7176403 -0.2575177
vn 0.003920794 -0.4352897 -0.9002819
vn 0.5215635 -0.2392129 -0.8189925
vn 0.7803848 -0.06666535 -0.6217356
vn 0.8431294 -0.4980343 -0.2027182
vn 0.003920794 -0.5450927 -0.8383666
vn 0.003920794 -0.4352897 -0.9002819
vn 0.003920794 -0.9999908 -0.001726335
vn 0.7176403 -0.694111 0.05658877
vn 0.003920794 -0.5450927 -0.8383666
vn 0.003920794 -0.5450927 -0.8383666
vn -0.5137219 -0.2392129 -0.8239338
vn -0.7725432 -0.06666535 -0.6314529
vn -0.6392111 -0.7176403 -0.2764085
vn 0.003920794 -0.4352897 -0.9002819
vn 0.003920794 -0.9294032 -0.3690452
vn -0.5529373 -0.8117571 -0.1879117
vn 0.003920794 -0.9372463 -0.3486461
vn -0.4666635 -0.8823447 -0.06076993
vn 0.003920794 -0.9607755 -0.2772996
vn -0.5058788 -0.8352863 -0.215368
vn 0.003920794 -0.9450893 -0.3267886
vn -0.5137219 -0.7568556 -0.4040536
vn -0.7647002 -0.5921512 -0.2541469
vn -0.6470541 -0.7411695 -0.1788543
vn 0.003920794 -0.9450893 -0.3267886
vn -0.3254882 -0.9450893 -0.02938626
vn 0.003920794 -0.9999908 0.001726335
vn 0.003920794 -0.8588156 -0.5122699
vn -0.4588203 -0.8117571 -0.3612954
vn -0.3803897 -0.4745051 -0.793819
vn -0.6548972 -0.4509758 -0.6064078
vn -0.8039155 -0.5921512 0.05546964
vn -0.7333279 -0.4980343 -0.4628089
vn -0.8901893 -0.3176436 0.3265969
vn 0.003920794 -0.7097972 -0.7043952
vn 0.003920794 -0.9921477 0.12501
vn 0.003920794 -0.8901878 0.4555769
vn 0.003920794 -0.7097972 -0.7043952
vn 0.003920794 -0.7097972 -0.7043952
vn 0.003920794 -0.3490159 -0.9371086
vn 0.003920794 -0.8588156 -0.5122699
vn 0.003920794 -0.8588156 -0.5122699
vn -0.8352878 -0.4980343 -0.2329294
vn 0.003920794 -0.9999908 -0.001726335
vn 0.003920794 -0.5450927 -0.8383666
vn -0.7097987 -0.694111 0.119982
vn 0.9087569 -0.4173258 0
vn -0.2627436 0.1058822 -0.9590384
vn 0.1450961 0.6313679 -0.7617885
vn 0.003920794 -0.686268 0.7273383
vn -0.9058754 -0.4196036 -0.05764098
vn -0.1372545 0.6313679 -0.7632403
vn 0.2705852 0.1058822 -0.9568556
vn 0.003920794 -0.686268 0.7273383
vn 0.8039141 0.5921526 -0.05547475
vn -0.5137219 0.741171 -0.4321519
vn 0.7333264 0.4509773 -0.5087748
vn -0.4509773 0.8901893 0.06467193
vn -0.6235249 0.3647035 -0.6915259
vn 0.6313665 0.07450986 -0.7718968
vn -0.7254848 -0.09803766 -0.6812198
vn 0.5215635 -0.3882313 -0.7597684
vn -0.7960725 -0.466662 -0.3853507
vn 0.4588189 -0.7568556 -0.4654619
vn -0.7882293 -0.6078373 -0.09606429
vn 0.4549738 -0.8905049 0
vn -0.7254848 -0.4588189 0.5129883
vn 0.5215635 -0.7490126 0.4085973
vn -0.6235249 -0.08235151 0.7774541
vn 0.6313665 -0.3725451 0.6801371
vn -0.5137219 0.3803897 0.7690211
vn 0.7333264 0.09019601 0.6738672
vn -0.4509773 0.749014 0.4853838
vn 0.8039141 0.4588203 0.3784257
vn -0.4509773 0.8901893 0.06467193
vn 0.8039141 0.5921526 -0.05547475
vn -0.5137219 0.741171 -0.4321519
vn -0.4509773 0.8901893 0.06467193
vn -0.9686201 0.2235283 0.108675
vn -0.6235249 0.3647035 -0.6915259
vn -0.7254848 -0.09803766 -0.6812198
vn -0.7960725 -0.466662 -0.3853507
vn -0.7882293 -0.6078373 -0.09606429
vn -0.7254848 -0.4588189 0.5129883
vn -0.6235249 -0.08235151 0.7774541
vn -0.5137219 0.3803897 0.7690211
vn -0.4509773 0.749014 0.4853838
vn 0.9730573 -0.2305632 0
vn 0.8039141 0.5921526 -0.05547475
vn 0.7333264 0.4509773 -0.5087748
vn 0.6313665 0.07450986 -0.7718968
vn 0.5215635 -0.3882313 -0.7597684
vn 0.4588189 -0.7568556 -0.4654619
vn 0.4549738 -0.8905049 0
vn 0.5215635 -0.7490126 0.4085973
vn 0.6313665 -0.3725451 0.6801371
vn 0.7333264 0.09019601 0.6738672
vn 0.8039141 0.4588203 0.3784257
vn -0.3725467 -0.686268 0.6246961
vn -0.6235249 0.02745152 -0.7813213
vn -0.3960758 -0.2078406 -0.8943859
vn -0.6156818 -0.4196036 0.6669848
vn 0.003920794 -0.8117571 0.5839821
vn 0.003920794 -0.3725451 -0.9280058
vn -0.6156818 -0.4196036 0.6669848
vn -0.4901927 0.4509773 -0.7458757
vn -0.6235249 0.02745152 -0.7813213
vn -0.4901927 -0.0352931 0.8708993
vn -0.6392111 -0.01176387 0.7689413
vn -0.4901927 0.6313679 -0.600904
vn -0.6392111 0.4039189 -0.6544148
vn -0.5058788 0.192156 0.8409297
vn -0.7176417 0.1294115 0.6842828
vn -0.7176417 0.4823496 -0.5023237
vn 0.4980343 0.3803897 0.7792724
vn -0.6156818 -0.4196036 0.6669848
vn -0.3725467 -0.686268 0.6246961
vn 0.7097972 0.03529453 0.7035213
vn -0.4901927 -0.0352931 0.8708993
vn 0.7097972 -0.1294099 0.6924168
vn 0.003920794 0.5450941 0.8383657
vn 0.003920794 -0.8117571 0.5839821
vn 0.7097972 0.2862729 -0.6436115
vn 0.7097972 0.4274482 -0.5598893
vn -0.6235249 0.02745152 -0.7813213
vn -0.3960758 -0.2078406 -0.8943859
vn 0.4823481 0.7568572 -0.4410301
vn -0.4901927 0.4509773 -0.7458757
vn 0.003920794 -0.3725451 -0.9280058
vn 0.003920794 0.9215616 -0.3882124
vn -0.6392111 -0.01176387 0.7689413
vn 0.7882279 -0.2235268 0.573352
vn -0.5058788 0.192156 0.8409297
vn 0.686268 -0.3019575 0.6617084
vn 0.686268 0.1372545 -0.7142811
vn 0.7882279 0.1294115 -0.6016223
vn -0.6392111 0.4039189 -0.6544148
vn -0.4901927 0.6313679 -0.600904
vn -0.4901927 -0.0352931 0.8708993
vn -0.7176417 0.4823496 -0.5023237
vn -0.4901927 0.4509773 -0.7458757
vn -0.7176417 0.1294115 0.6842828
vn -0.4901927 0.4509773 -0.7458757
vn -0.7176417 0.4823496 -0.5023237
vn -0.6392111 0.4039189 -0.6544148
vn -0.6392111 -0.01176387 0.7689413
vn -0.7176417 0.1294115 0.6842828
vn -0.4901927 -0.0352931 0.8708993
vn 0.356859 -0.7254833 0.5884944
vn 0.5999942 -0.003920794 -0.7999948
vn 0.5921512 -0.4588189 0.6624516
vn 0.3882313 -0.2548991 -0.8856088
vn 0.003920794 -0.8117571 0.5839821
vn 0.003920794 -0.3725451 -0.9280058
vn 0.6392095 -0.1450961 0.7552208
vn 0.6392095 0.301959 -0.7072708
vn 0.6470526 -0.01176387 0.7623546
vn 0.4980343 0.6313679 -0.594421
vn 0.5137204 0.192156 0.8361624
vn 0.6470526 0.4039189 -0.6466626
vn 0.7490126 -0.09803766 0.6552624
vn 0.7490126 0.2862729 -0.5975182
vn -0.4509773 0.3960758 0.7998396
vn 0.5921512 -0.4588189 0.6624516
vn -0.6941125 0.09019601 0.7141936
vn 0.356859 -0.7254833 0.5884944
vn 0.003920794 0.5450941 0.8383657
vn 0.003920794 -0.8117571 0.5839821
vn -0.6862694 0.4745065 -0.5512512
vn -0.4352912 0.7803863 -0.4489084
vn 0.3882313 -0.2548991 -0.8856088
vn 0.5999942 -0.003920794 -0.7999948
vn 0.003920794 -0.3725451 -0.9280058
vn 0.003920794 0.9215616 -0.3882124
vn 0.6392095 -0.1450961 0.7552208
vn -0.7019556 -0.1215668 0.7017691
vn 0.6470526 -0.01176387 0.7623546
vn -0.7803863 -0.2235268 0.5839803
vn 0.5137204 0.192156 0.8361624
vn -0.6784264 -0.3019575 0.6697457
vn -0.6784264 0.1372545 -0.7217333
vn -0.7803863 0.1294115 -0.6117596
vn 0.6470526 0.4039189 -0.6466626
vn 0.4980343 0.6313679 -0.594421
vn -0.7019556 0.2862729 -0.6521551
vn 0.6392095 0.301959 -0.7072708
vn 0.6392095 -0.1450961 0.7552208
vn 0.7490126 0.2862729 -0.5975182
vn 0.7490126 -0.09803766 0.6552624
vn 0.6392095 0.301959 -0.7072708
vn 0.6392095 0.301959 -0.7072708
vn 0.6470526 0.4039189 -0.6466626
vn 0.7490126 0.2862729 -0.5975182
vn 0.6470526 -0.01176387 0.7623546
vn 0.6392095 -0.1450961 0.7552208
vn 0.7490126 -0.09803766 0.6552624
vn -0.7960725 0.5999957 -0.07920661
vn 0.5215635 0.741171 -0.4226548
vn 0.4588189 0.8823463 -0.1046435
vn -0.7254848 0.4509773 -0.5198954
vn 0.6313665 0.3647035 -0.6843739
vn -0.6235249 0.07450986 -0.7782448
vn 0.7333264 -0.09803766 -0.6727711
vn -0.5137219 -0.3882313 -0.7650923
vn 0.8039141 -0.466662 -0.3687123
vn -0.4509773 -0.7568556 -0.4730634
vn 0.7976595 -0.6031082 0
vn -0.4425091 -0.896764 0
vn 0.7333264 -0.4588189 0.5017146
vn -0.5137219 -0.7490126 0.4184136
vn 0.6313665 -0.08235151 0.7710996
vn -0.6235249 -0.3725451 0.6873331
vn 0.5215635 0.3803897 0.7637246
vn -0.7254848 0.09019601 0.6823023
vn 0.4588189 0.749014 0.4779783
vn -0.7960725 0.4588203 0.3946549
vn 0.4588189 0.8823463 -0.1046435
vn -0.7960725 0.5999957 -0.07920661
vn 0.5215635 0.741171 -0.4226548
vn 0.9764616 0.2156852 -0.001615991
vn 0.4588189 0.8823463 -0.1046435
vn 0.6313665 0.3647035 -0.6843739
vn 0.7333264 -0.09803766 -0.6727711
vn 0.8039141 -0.466662 -0.3687123
vn 0.7976595 -0.6031082 0
vn 0.7333264 -0.4588189 0.5017146
vn 0.6313665 -0.08235151 0.7710996
vn 0.5215635 0.3803897 0.7637246
vn 0.4588189 0.749014 0.4779783
vn -0.9686201 -0.2313699 -0.09079174
vn -0.7254848 0.4509773 -0.5198954
vn -0.7960725 0.5999957 -0.07920661
vn -0.6235249 0.07450986 -0.7782448
vn -0.5137219 -0.3882313 -0.7650923
vn -0.4509773 -0.7568556 -0.4730634
vn -0.4425091 -0.896764 0
vn -0.5137219 -0.7490126 0.4184136
vn -0.6235249 -0.3725451 0.6873331
vn -0.7254848 0.09019601 0.6823023
vn -0.7960725 0.4588203 0.3946549
g NPC_Nan_036_0
f 3/3/3 2/2/2 1/1/1
f 3/3/3 2/2/2 1/1/1
f 4/4/4 1/1/1 2/2/2
f 4/4/4 1/1/1 2/2/2
f 2/2/2 5/5/5 4/4/4
f 2/2/2 5/5/5 4/4/4
f 6/6/6 4/4/4 5/5/5
f 6/6/6 4/4/4 5/5/5
f 5/5/5 7/7/7 6/6/6
f 5/5/5 7/7/7 6/6/6
f 8/8/8 6/6/6 7/7/7
f 8/8/8 6/6/6 7/7/7
f 7/7/7 5/5/5 9/9/9
f 7/7/7 5/5/5 9/9/9
f 10/10/10 9/9/9 5/5/5
f 5/5/5 2/2/2 10/10/10
f 10/10/10 9/9/9 5/5/5
f 5/5/5 2/2/2 10/10/10
f 9/9/9 10/10/10 11/11/11
f 12/12/12 11/11/11 10/10/10
f 10/10/10 13/13/13 12/12/12
f 13/13/13 10/10/10 2/2/2
f 2/2/2 3/3/3 13/13/13
f 13/13/13 10/10/10 2/2/2
f 2/2/2 3/3/3 13/13/13
f 14/14/14 12/12/12 13/13/13
f 14/14/14 13/13/13 15/15/15
f 16/16/16 15/15/15 13/13/13
f 16/16/16 13/13/13 3/3/3
f 16/16/16 13/13/13 3/3/3
f 16/16/16 17/17/17 13/13/13
f 18/18/18 13/13/13 17/17/17
f 18/18/18 19/19/19 13/13/13
f 10/10/10 13/13/13 19/19/19
f 19/19/19 20/20/20 10/10/10
f 9/9/9 10/10/10 20/20/20
f 11/11/11 12/12/12 21/21/21
f 22/22/22 21/21/21 12/12/12
f 12/12/12 14/14/14 22/22/22
f 21/21/21 22/22/22 23/23/23
f 24/24/24 23/23/23 22/22/22
f 22/22/22 25/25/25 24/24/24
f 25/25/25 22/22/22 14/14/14
f 14/14/14 15/15/15 25/25/25
f 26/26/26 24/24/24 25/25/25
f 26/26/26 25/25/25 27/27/27
f 28/28/28 27/27/27 25/25/25
f 28/28/28 25/25/25 15/15/15
f 20/20/20 19/19/19 29/29/29
f 30/30/30 29/29/29 19/19/19
f 19/19/19 18/18/18 30/30/30
f 29/29/29 30/30/30 31/31/31
f 32/32/32 31/31/31 30/30/30
f 31/31/31 32/32/32 33/33/33
f 34/34/34 33/33/33 32/32/32
f 33/33/33 34/34/34 35/35/35
f 36/36/36 35/35/35 34/34/34
f 34/34/34 37/37/37 36/36/36
f 38/38/38 36/36/36 37/37/37
f 38/38/38 37/37/37 39/39/39
f 40/40/40 39/39/39 37/37/37
f 37/37/37 34/34/34 41/41/41
f 32/32/32 41/41/41 34/34/34
f 37/37/37 41/41/41 40/40/40
f 42/42/42 40/40/40 41/41/41
f 41/41/41 32/32/32 43/43/43
f 30/30/30 43/43/43 32/32/32
f 41/41/41 43/43/43 42/42/42
f 44/44/44 42/42/42 43/43/43
f 43/43/43 30/30/30 18/18/18
f 44/44/44 43/43/43 17/17/17
f 18/18/18 17/17/17 43/43/43
f 47/47/47 46/46/46 45/45/45
f 47/47/47 46/46/46 45/45/45
f 48/48/48 45/45/45 46/46/46
f 48/48/48 45/45/45 46/46/46
f 46/46/46 47/47/47 49/49/49
f 46/46/46 47/47/47 49/49/49
f 50/50/50 49/49/49 47/47/47
f 50/50/50 49/49/49 47/47/47
f 49/49/49 50/50/50 51/51/51
f 49/49/49 50/50/50 51/51/51
f 52/52/52 51/51/51 50/50/50
f 52/52/52 51/51/51 50/50/50
f 51/51/51 53/53/53 49/49/49
f 51/51/51 53/53/53 49/49/49
f 54/54/54 49/49/49 53/53/53
f 49/49/49 54/54/54 46/46/46
f 54/54/54 49/49/49 53/53/53
f 49/49/49 54/54/54 46/46/46
f 53/53/53 55/55/55 54/54/54
f 56/56/56 54/54/54 55/55/55
f 54/54/54 56/56/56 57/57/57
f 57/57/57 46/46/46 54/54/54
f 46/46/46 57/57/57 48/48/48
f 57/57/57 46/46/46 54/54/54
f 46/46/46 57/57/57 48/48/48
f 58/58/58 57/57/57 56/56/56
f 58/58/58 59/59/59 57/57/57
f 60/60/60 57/57/57 59/59/59
f 60/60/60 48/48/48 57/57/57
f 60/60/60 48/48/48 57/57/57
f 55/55/55 61/61/61 56/56/56
f 62/62/62 56/56/56 61/61/61
f 56/56/56 62/62/62 58/58/58
f 63/63/63 58/58/58 62/62/62
f 58/58/58 63/63/63 59/59/59
f 64/64/64 59/59/59 63/63/63
f 60/60/60 57/57/57 65/65/65
f 66/66/66 65/65/65 57/57/57
f 54/54/54 67/67/67 57/57/57
f 66/66/66 57/57/57 67/67/67
f 53/53/53 68/68/68 54/54/54
f 67/67/67 54/54/54 68/68/68
f 68/68/68 69/69/69 67/67/67
f 70/70/70 67/67/67 69/69/69
f 67/67/67 70/70/70 66/66/66
f 69/69/69 71/71/71 70/70/70
f 72/72/72 70/70/70 71/71/71
f 70/70/70 72/72/72 73/73/73
f 73/73/73 66/66/66 70/70/70
f 66/66/66 73/73/73 65/65/65
f 74/74/74 73/73/73 72/72/72
f 74/74/74 75/75/75 73/73/73
f 76/76/76 73/73/73 75/75/75
f 76/76/76 65/65/65 73/73/73
f 61/61/61 77/77/77 62/62/62
f 63/63/63 78/78/78 64/64/64
f 78/78/78 63/63/63 79/79/79
f 77/77/77 80/80/80 79/79/79
f 81/81/81 79/79/79 80/80/80
f 79/79/79 81/81/81 78/78/78
f 80/80/80 82/82/82 81/81/81
f 83/83/83 81/81/81 82/82/82
f 81/81/81 83/83/83 84/84/84
f 84/84/84 78/78/78 81/81/81
f 85/85/85 84/84/84 83/83/83
f 85/85/85 86/86/86 84/84/84
f 87/87/87 84/84/84 86/86/86
f 84/84/84 87/87/87 78/78/78
f 88/88/88 78/78/78 87/87/87
f 79/79/79 62/62/62 77/77/77
f 62/62/62 79/79/79 63/63/63
f 88/88/88 64/64/64 78/78/78
f 91/91/91 90/90/90 89/89/89
f 92/92/92 89/89/89 90/90/90
f 90/90/90 91/91/91 93/93/93
f 90/90/90 93/93/93 94/94/94
f 95/95/95 94/94/94 93/93/93
f 95/95/95 96/96/96 94/94/94
f 97/97/97 94/94/94 96/96/96
f 97/97/97 98/98/98 94/94/94
f 99/99/99 94/94/94 98/98/98
f 94/94/94 99/99/99 90/90/90
f 92/92/92 90/90/90 99/99/99
f 96/96/96 100/100/100 97/97/97
f 101/101/101 97/97/97 100/100/100
f 102/102/102 101/101/101 100/100/100
f 102/102/102 103/103/103 101/101/101
f 104/104/104 101/101/101 103/103/103
f 104/104/104 105/105/105 101/101/101
f 106/106/106 101/101/101 105/105/105
f 101/101/101 106/106/106 97/97/97
f 98/98/98 97/97/97 106/106/106
f 107/107/107 93/93/93 91/91/91
f 110/110/110 109/109/109 108/108/108
f 111/111/111 108/108/108 109/109/109
f 111/111/111 112/112/112 108/108/108
f 113/113/113 108/108/108 112/112/112
f 109/109/109 110/110/110 114/114/114
f 115/115/115 114/114/114 110/110/110
f 114/114/114 115/115/115 116/116/116
f 117/117/117 116/116/116 115/115/115
f 112/112/112 111/111/111 118/118/118
f 119/119/119 118/118/118 111/111/111
f 118/118/118 119/119/119 120/120/120
f 121/121/121 120/120/120 119/119/119
f 120/120/120 121/121/121 122/122/122
f 123/123/123 122/122/122 121/121/121
f 114/114/114 116/116/116 124/124/124
f 125/125/125 111/111/111 109/109/109
f 125/125/125 126/126/126 111/111/111
f 127/127/127 114/114/114 124/124/124
f 124/124/124 128/128/128 127/127/127
f 128/128/128 124/124/124 129/129/129
f 130/130/130 129/129/129 124/124/124
f 124/124/124 116/116/116 130/130/130
f 131/131/131 127/127/127 128/128/128
f 132/132/132 128/128/128 129/129/129
f 132/132/132 133/133/133 128/128/128
f 133/133/133 134/134/134 128/128/128
f 128/128/128 134/134/134 131/131/131
f 126/126/126 125/125/125 135/135/135
f 123/123/123 136/136/136 122/122/122
f 127/127/127 138/138/138 137/137/137
f 139/139/139 137/137/137 138/138/138
f 138/138/138 140/140/140 139/139/139
f 141/141/141 139/139/139 140/140/140
f 137/137/137 109/109/109 127/127/127
f 109/109/109 137/137/137 125/125/125
f 142/142/142 125/125/125 137/137/137
f 137/137/137 139/139/139 142/142/142
f 143/143/143 125/125/125 142/142/142
f 144/144/144 142/142/142 139/139/139
f 139/139/139 145/145/145 144/144/144
f 146/146/146 144/144/144 145/145/145
f 147/147/147 146/146/146 140/140/140
f 148/148/148 140/140/140 146/146/146
f 127/127/127 109/109/109 114/114/114
f 151/151/151 150/150/150 149/149/149
f 152/152/152 149/149/149 150/150/150
f 152/152/152 150/150/150 153/153/153
f 150/150/150 154/154/154 153/153/153
f 154/154/154 155/155/155 153/153/153
f 153/153/153 155/155/155 156/156/156
f 155/155/155 157/157/157 156/156/156
f 158/158/158 156/156/156 157/157/157
f 152/152/152 153/153/153 159/159/159
f 159/159/159 153/153/153 160/160/160
f 160/160/160 161/161/161 159/159/159
f 162/162/162 161/161/161 160/160/160
f 161/161/161 162/162/162 163/163/163
f 164/164/164 161/161/161 163/163/163
f 163/163/163 165/165/165 164/164/164
f 166/166/166 164/164/164 165/165/165
f 159/159/159 161/161/161 167/167/167
f 168/168/168 167/167/167 161/161/161
f 167/167/167 168/168/168 169/169/169
f 167/167/167 170/170/170 159/159/159
f 171/171/171 170/170/170 167/167/167
f 167/167/167 172/172/172 171/171/171
f 167/167/167 173/173/173 172/172/172
f 174/174/174 159/159/159 170/170/170
f 174/174/174 152/152/152 159/159/159
f 172/172/172 176/176/176 175/175/175
f 178/178/178 123/123/123 177/177/177
f 179/179/179 177/177/177 123/123/123
f 179/179/179 180/180/180 177/177/177
f 126/126/126 180/180/180 179/179/179
f 156/156/156 182/182/182 181/181/181
f 185/185/185 184/184/184 183/183/183
f 183/183/183 184/184/184 186/186/186
f 186/186/186 187/187/187 183/183/183
f 187/187/187 186/186/186 188/188/188
f 189/189/189 188/188/188 186/186/186
f 189/189/189 186/186/186 190/190/190
f 190/190/190 186/186/186 184/184/184
f 189/189/189 190/190/190 191/191/191
f 191/191/191 192/192/192 189/189/189
f 193/193/193 189/189/189 192/192/192
f 193/193/193 192/192/192 194/194/194
f 195/195/195 194/194/194 192/192/192
f 196/196/196 191/191/191 190/190/190
f 190/190/190 184/184/184 196/196/196
f 194/194/194 195/195/195 197/197/197
f 198/198/198 197/197/197 195/195/195
f 196/196/196 184/184/184 199/199/199
f 200/200/200 199/199/199 184/184/184
f 194/194/194 197/197/197 201/201/201
f 202/202/202 201/201/201 197/197/197
f 202/202/202 197/197/197 203/203/203
f 204/204/204 203/203/203 197/197/197
f 197/197/197 198/198/198 204/204/204
f 205/205/205 199/199/199 200/200/200
f 205/205/205 200/200/200 206/206/206
f 185/185/185 206/206/206 200/200/200
f 203/203/203 207/207/207 202/202/202
f 202/202/202 207/207/207 201/201/201
f 207/207/207 208/208/208 201/201/201
f 201/201/201 208/208/208 194/194/194
f 209/209/209 194/194/194 208/208/208
f 204/204/204 210/210/210 203/203/203
f 211/211/211 203/203/203 210/210/210
f 198/198/198 212/212/212 204/204/204
f 203/203/203 213/213/213 207/207/207
f 213/213/213 203/203/203 214/214/214
f 211/211/211 214/214/214 203/203/203
f 206/206/206 185/185/185 215/215/215
f 216/216/216 215/215/215 185/185/185
f 185/185/185 217/217/217 216/216/216
f 185/185/185 183/183/183 217/217/217
f 183/183/183 218/218/218 217/217/217
f 218/218/218 183/183/183 187/187/187
f 194/194/194 209/209/209 193/193/193
f 219/219/219 193/193/193 209/209/209
f 193/193/193 219/219/219 189/189/189
f 220/220/220 189/189/189 219/219/219
f 220/220/220 188/188/188 189/189/189
f 222/222/222 221/221/221 212/212/212
f 225/225/225 224/224/224 223/223/223
f 226/226/226 223/223/223 224/224/224
f 226/226/226 227/227/227 223/223/223
f 228/228/228 223/223/223 227/227/227
f 225/225/225 229/229/229 224/224/224
f 230/230/230 224/224/224 229/229/229
f 229/229/229 231/231/231 230/230/230
f 232/232/232 230/230/230 231/231/231
f 231/231/231 233/233/233 232/232/232
f 234/234/234 232/232/232 233/233/233
f 233/233/233 235/235/235 234/234/234
f 236/236/236 234/234/234 235/235/235
f 223/223/223 198/198/198 225/225/225
f 223/223/223 228/228/228 198/198/198
f 195/195/195 225/225/225 198/198/198
f 229/229/229 225/225/225 192/192/192
f 195/195/195 192/192/192 225/225/225
f 231/231/231 229/229/229 191/191/191
f 192/192/192 191/191/191 229/229/229
f 233/233/233 231/231/231 196/196/196
f 191/191/191 196/196/196 231/231/231
f 235/235/235 233/233/233 199/199/199
f 196/196/196 199/199/199 233/233/233
f 212/212/212 198/198/198 228/228/228
f 200/200/200 184/184/184 185/185/185
f 239/239/239 238/238/238 237/237/237
f 240/240/240 237/237/237 238/238/238
f 241/241/241 239/239/239 237/237/237
f 241/241/241 242/242/242 239/239/239
f 243/243/243 239/239/239 242/242/242
f 242/242/242 244/244/244 243/243/243
f 245/245/245 243/243/243 244/244/244
f 244/244/244 246/246/246 245/245/245
f 247/247/247 245/245/245 246/246/246
f 245/245/245 247/247/247 248/248/248
f 245/245/245 248/248/248 243/243/243
f 249/249/249 248/248/248 247/247/247
f 249/249/249 250/250/250 248/248/248
f 251/251/251 248/248/248 250/250/250
f 250/250/250 252/252/252 251/251/251
f 253/253/253 251/251/251 252/252/252
f 251/251/251 253/253/253 254/254/254
f 253/253/253 255/255/255 254/254/254
f 256/256/256 254/254/254 255/255/255
f 257/257/257 254/254/254 256/256/256
f 253/253/253 258/258/258 255/255/255
f 259/259/259 255/255/255 258/258/258
f 258/258/258 260/260/260 259/259/259
f 261/261/261 259/259/259 260/260/260
f 248/248/248 251/251/251 262/262/262
f 262/262/262 251/251/251 254/254/254
f 263/263/263 262/262/262 254/254/254
f 263/263/263 264/264/264 262/262/262
f 263/263/263 265/265/265 264/264/264
f 266/266/266 264/264/264 265/265/265
f 265/265/265 267/267/267 266/266/266
f 268/268/268 266/266/266 267/267/267
f 267/267/267 269/269/269 268/268/268
f 270/270/270 268/268/268 269/269/269
f 270/270/270 269/269/269 271/271/271
f 270/270/270 271/271/271 272/272/272
f 273/273/273 272/272/272 271/271/271
f 273/273/273 274/274/274 272/272/272
f 275/275/275 274/274/274 273/273/273
f 276/276/276 274/274/274 275/275/275
f 275/275/275 277/277/277 276/276/276
f 277/277/277 275/275/275 278/278/278
f 279/279/279 278/278/278 275/275/275
f 279/279/279 275/275/275 273/273/273
f 273/273/273 271/271/271 279/279/279
f 278/278/278 279/279/279 280/280/280
f 281/281/281 280/280/280 279/279/279
f 282/282/282 276/276/276 277/277/277
f 282/282/282 283/283/283 276/276/276
f 284/284/284 272/272/272 274/274/274
f 284/284/284 274/274/274 276/276/276
f 276/276/276 285/285/285 284/284/284
f 285/285/285 276/276/276 286/286/286
f 286/286/286 287/287/287 285/285/285
f 288/288/288 285/285/285 287/287/287
f 287/287/287 289/289/289 288/288/288
f 290/290/290 284/284/284 285/285/285
f 284/284/284 290/290/290 291/291/291
f 292/292/292 291/291/291 290/290/290
f 281/281/281 279/279/279 293/293/293
f 293/293/293 279/279/279 271/271/271
f 271/271/271 269/269/269 293/293/293
f 294/294/294 293/293/293 269/269/269
f 294/294/294 260/260/260 293/293/293
f 260/260/260 295/295/295 293/293/293
f 296/296/296 293/293/293 295/295/295
f 293/293/293 296/296/296 297/297/297
f 296/296/296 298/298/298 297/297/297
f 298/298/298 299/299/299 297/297/297
f 300/300/300 297/297/297 299/299/299
f 301/301/301 297/297/297 300/300/300
f 281/281/281 297/297/297 301/301/301
f 281/281/281 293/293/293 297/297/297
f 301/301/301 302/302/302 281/281/281
f 280/280/280 281/281/281 302/302/302
f 303/303/303 302/302/302 301/301/301
f 296/296/296 304/304/304 298/298/298
f 304/304/304 305/305/305 298/298/298
f 299/299/299 298/298/298 305/305/305
f 305/305/305 304/304/304 306/306/306
f 307/307/307 306/306/306 304/304/304
f 307/307/307 304/304/304 308/308/308
f 308/308/308 304/304/304 296/296/296
f 308/308/308 296/296/296 295/295/295
f 307/307/307 308/308/308 309/309/309
f 309/309/309 310/310/310 307/307/307
f 311/311/311 307/307/307 310/310/310
f 295/295/295 309/309/309 308/308/308
f 309/309/309 312/312/312 310/310/310
f 295/295/295 312/312/312 309/309/309
f 295/295/295 258/258/258 312/312/312
f 258/258/258 295/295/295 260/260/260
f 313/313/313 310/310/310 312/312/312
f 313/313/313 312/312/312 314/314/314
f 314/314/314 312/312/312 252/252/252
f 253/253/253 252/252/252 312/312/312
f 312/312/312 258/258/258 253/253/253
f 294/294/294 261/261/261 260/260/260
f 294/294/294 315/315/315 261/261/261
f 315/315/315 316/316/316 261/261/261
f 316/316/316 317/317/317 261/261/261
f 261/261/261 317/317/317 259/259/259
f 318/318/318 259/259/259 317/317/317
f 315/315/315 294/294/294 319/319/319
f 319/319/319 316/316/316 315/315/315
f 319/319/319 320/320/320 316/316/316
f 319/319/319 267/267/267 320/320/320
f 321/321/321 320/320/320 267/267/267
f 322/322/322 317/317/317 320/320/320
f 320/320/320 321/321/321 322/322/322
f 317/317/317 322/322/322 323/323/323
f 324/324/324 323/323/323 322/322/322
f 324/324/324 322/322/322 325/325/325
f 326/326/326 325/325/325 322/322/322
f 326/326/326 322/322/322 321/321/321
f 321/321/321 327/327/327 326/326/326
f 325/325/325 326/326/326 327/327/327
f 316/316/316 320/320/320 328/328/328
f 267/267/267 319/319/319 269/269/269
f 269/269/269 319/319/319 294/294/294
f 321/321/321 329/329/329 327/327/327
f 330/330/330 327/327/327 329/329/329
f 330/330/330 329/329/329 331/331/331
f 329/329/329 332/332/332 331/331/331
f 329/329/329 321/321/321 332/332/332
f 327/327/327 330/330/330 333/333/333
f 257/257/257 327/327/327 333/333/333
f 257/257/257 333/333/333 254/254/254
f 263/263/263 254/254/254 333/333/333
f 265/265/265 263/263/263 333/333/333
f 327/327/327 257/257/257 334/334/334
f 267/267/267 265/265/265 333/333/333
f 256/256/256 335/335/335 257/257/257
f 335/335/335 256/256/256 336/336/336
f 255/255/255 336/336/336 256/256/256
f 336/336/336 255/255/255 337/337/337
f 259/259/259 337/337/337 255/255/255
f 267/267/267 338/338/338 321/321/321
f 340/340/340 338/338/338 339/339/339
f 340/340/340 342/342/342 341/341/341
f 345/345/345 344/344/344 343/343/343
f 343/343/343 346/346/346 345/345/345
f 346/346/346 343/343/343 347/347/347
f 347/347/347 348/348/348 346/346/346
f 349/349/349 346/346/346 348/348/348
f 346/346/346 349/349/349 350/350/350
f 350/350/350 345/345/345 346/346/346
f 349/349/349 351/351/351 350/350/350
f 351/351/351 349/349/349 352/352/352
f 353/353/353 352/352/352 349/349/349
f 353/353/353 354/354/354 352/352/352
f 355/355/355 352/352/352 354/354/354
f 356/356/356 350/350/350 351/351/351
f 345/345/345 350/350/350 356/356/356
f 354/354/354 357/357/357 355/355/355
f 358/358/358 355/355/355 357/357/357
f 356/356/356 359/359/359 345/345/345
f 360/360/360 345/345/345 359/359/359
f 357/357/357 354/354/354 361/361/361
f 361/361/361 362/362/362 357/357/357
f 362/362/362 363/363/363 357/357/357
f 364/364/364 357/357/357 363/363/363
f 358/358/358 357/357/357 364/364/364
f 359/359/359 365/365/365 360/360/360
f 365/365/365 366/366/366 360/360/360
f 344/344/344 360/360/360 366/366/366
f 367/367/367 363/363/363 362/362/362
f 367/367/367 362/362/362 361/361/361
f 368/368/368 367/367/367 361/361/361
f 361/361/361 354/354/354 368/368/368
f 369/369/369 368/368/368 354/354/354
f 364/364/364 363/363/363 370/370/370
f 371/371/371 370/370/370 363/363/363
f 372/372/372 358/358/358 364/364/364
f 373/373/373 363/363/363 367/367/367
f 371/371/371 363/363/363 374/374/374
f 373/373/373 374/374/374 363/363/363
f 366/366/366 375/375/375 344/344/344
f 376/376/376 344/344/344 375/375/375
f 377/377/377 344/344/344 376/376/376
f 343/343/343 344/344/344 377/377/377
f 378/378/378 343/343/343 377/377/377
f 378/378/378 347/347/347 343/343/343
f 379/379/379 369/369/369 353/353/353
f 354/354/354 353/353/353 369/369/369
f 353/353/353 349/349/349 379/379/379
f 380/380/380 379/379/379 349/349/349
f 380/380/380 349/349/349 348/348/348
f 382/382/382 381/381/381 372/372/372
f 385/385/385 384/384/384 383/383/383
f 386/386/386 385/385/385 383/383/383
f 387/387/387 384/384/384 385/385/385
f 387/387/387 385/385/385 388/388/388
f 389/389/389 388/388/388 385/385/385
f 386/386/386 389/389/389 385/385/385
f 383/383/383 390/390/390 386/386/386
f 391/391/391 384/384/384 387/387/387
f 383/383/383 384/384/384 392/392/392
f 392/392/392 384/384/384 391/391/391
f 391/391/391 393/393/393 392/392/392
f 392/392/392 393/393/393 394/394/394
f 392/392/392 394/394/394 395/395/395
f 392/392/392 395/395/395 383/383/383
f 396/396/396 395/395/395 394/394/394
f 394/394/394 393/393/393 397/397/397
f 397/397/397 393/393/393 398/398/398
f 399/399/399 395/395/395 396/396/396
f 400/400/400 399/399/399 396/396/396
f 399/399/399 401/401/401 395/395/395
f 390/390/390 402/402/402 386/386/386
f 389/389/389 402/402/402 403/403/403
f 404/404/404 403/403/403 402/402/402
f 383/383/383 395/395/395 401/401/401
f 405/405/405 390/390/390 383/383/383
f 383/383/383 401/401/401 405/405/405
f 405/405/405 401/401/401 406/406/406
f 406/406/406 401/401/401 407/407/407
f 408/408/408 407/407/407 401/401/401
f 401/401/401 399/399/399 408/408/408
f 399/399/399 400/400/400 409/409/409
f 409/409/409 408/408/408 399/399/399
f 403/403/403 404/404/404 410/410/410
f 410/410/410 411/411/411 403/403/403
f 412/412/412 403/403/403 411/411/411
f 411/411/411 413/413/413 412/412/412
f 414/414/414 412/412/412 413/413/413
f 415/415/415 410/410/410 404/404/404
f 411/411/411 416/416/416 413/413/413
f 417/417/417 413/413/413 416/416/416
f 416/416/416 411/411/411 418/418/418
f 419/419/419 418/418/418 411/411/411
f 410/410/410 419/419/419 411/411/411
f 420/420/420 419/419/419 410/410/410
f 419/419/419 420/420/420 418/418/418
f 412/412/412 414/414/414 388/388/388
f 388/388/388 389/389/389 412/412/412
f 403/403/403 412/412/412 389/389/389
f 421/421/421 388/388/388 414/414/414
f 420/420/420 410/410/410 422/422/422
f 415/415/415 422/422/422 410/410/410
f 415/415/415 423/423/423 422/422/422
f 415/415/415 404/404/404 423/423/423
f 424/424/424 423/423/423 404/404/404
f 423/423/423 424/424/424 425/425/425
f 426/426/426 425/425/425 424/424/424
f 425/425/425 426/426/426 427/427/427
f 428/428/428 427/427/427 426/426/426
f 404/404/404 402/402/402 424/424/424
f 429/429/429 424/424/424 402/402/402
f 424/424/424 429/429/429 426/426/426
f 402/402/402 430/430/430 429/429/429
f 429/429/429 430/430/430 431/431/431
f 429/429/429 431/431/431 432/432/432
f 432/432/432 426/426/426 429/429/429
f 426/426/426 432/432/432 428/428/428
f 433/433/433 432/432/432 431/431/431
f 431/431/431 430/430/430 434/434/434
f 435/435/435 431/431/431 434/434/434
f 435/435/435 433/433/433 431/431/431
f 390/390/390 434/434/434 430/430/430
f 402/402/402 390/390/390 430/430/430
f 435/435/435 436/436/436 433/433/433
f 435/435/435 434/434/434 437/437/437
f 435/435/435 437/437/437 436/436/436
f 438/438/438 436/436/436 437/437/437
f 438/438/438 437/437/437 439/439/439
f 437/437/437 440/440/440 439/439/439
f 440/440/440 437/437/437 434/434/434
f 441/441/441 439/439/439 440/440/440
f 438/438/438 439/439/439 442/442/442
f 438/438/438 442/442/442 443/443/443
f 440/440/440 444/444/444 441/441/441
f 444/444/444 445/445/445 441/441/441
f 390/390/390 405/405/405 434/434/434
f 446/446/446 434/434/434 405/405/405
f 446/446/446 444/444/444 440/440/440
f 440/440/440 434/434/434 446/446/446
f 446/446/446 405/405/405 406/406/406
f 406/406/406 407/407/407 446/446/446
f 447/447/447 446/446/446 407/407/407
f 446/446/446 447/447/447 444/444/444
f 445/445/445 444/444/444 448/448/448
f 448/448/448 444/444/444 447/447/447
f 451/451/451 450/450/450 449/449/449
f 452/452/452 449/449/449 450/450/450
f 451/451/451 453/453/453 450/450/450
f 454/454/454 450/450/450 453/453/453
f 455/455/455 449/449/449 452/452/452
f 453/453/453 451/451/451 456/456/456
f 457/457/457 456/456/456 451/451/451
f 456/456/456 457/457/457 458/458/458
f 459/459/459 458/458/458 457/457/457
f 459/459/459 460/460/460 458/458/458
f 461/461/461 458/458/458 460/460/460
f 460/460/460 459/459/459 462/462/462
f 462/462/462 459/459/459 463/463/463
f 459/459/459 457/457/457 463/463/463
f 460/460/460 464/464/464 461/461/461
f 465/465/465 461/461/461 464/464/464
f 464/464/464 460/460/460 466/466/466
f 462/462/462 466/466/466 460/460/460
f 462/462/462 463/463/463 466/466/466
f 467/467/467 466/466/466 463/463/463
f 463/463/463 468/468/468 467/467/467
f 469/469/469 463/463/463 457/457/457
f 469/469/469 457/457/457 470/470/470
f 470/470/470 471/471/471 469/469/469
f 472/472/472 470/470/470 457/457/457
f 472/472/472 457/457/457 451/451/451
f 472/472/472 449/449/449 470/470/470
f 449/449/449 472/472/472 451/451/451
f 455/455/455 470/470/470 449/449/449
f 465/465/465 473/473/473 461/461/461
f 474/474/474 461/461/461 473/473/473
f 461/461/461 474/474/474 458/458/458
f 475/475/475 458/458/458 474/474/474
f 475/475/475 476/476/476 458/458/458
f 456/456/456 458/458/458 476/476/476
f 475/475/475 474/474/474 477/477/477
f 477/477/477 478/478/478 475/475/475
f 475/475/475 478/478/478 476/476/476
f 477/477/477 474/474/474 479/479/479
f 473/473/473 479/479/479 474/474/474
f 477/477/477 479/479/479 478/478/478
f 480/480/480 478/478/478 479/479/479
f 481/481/481 478/478/478 480/480/480
f 476/476/476 482/482/482 456/456/456
f 476/476/476 483/483/483 482/482/482
f 453/453/453 456/456/456 482/482/482
f 482/482/482 484/484/484 453/453/453
f 482/482/482 485/485/485 484/484/484
f 483/483/483 485/485/485 482/482/482
f 486/486/486 484/484/484 485/485/485
f 454/454/454 453/453/453 484/484/484
f 485/485/485 487/487/487 486/486/486
f 483/483/483 488/488/488 485/485/485
f 487/487/487 485/485/485 488/488/488
f 483/483/483 476/476/476 488/488/488
f 484/484/484 489/489/489 454/454/454
f 490/490/490 454/454/454 489/489/489
f 490/490/490 491/491/491 454/454/454
f 491/491/491 490/490/490 492/492/492
f 493/493/493 492/492/492 490/490/490
f 450/450/450 454/454/454 491/491/491
f 450/450/450 491/491/491 494/494/494
f 494/494/494 491/491/491 495/495/495
f 492/492/492 495/495/495 491/491/491
f 495/495/495 492/492/492 496/496/496
f 492/492/492 497/497/497 496/496/496
f 497/497/497 498/498/498 496/496/496
f 499/499/499 496/496/496 498/498/498
f 499/499/499 500/500/500 496/496/496
f 498/498/498 497/497/497 501/501/501
f 502/502/502 501/501/501 497/497/497
f 492/492/492 502/502/502 497/497/497
f 492/492/492 493/493/493 502/502/502
f 503/503/503 496/496/496 500/500/500
f 503/503/503 495/495/495 496/496/496
f 500/500/500 504/504/504 503/503/503
f 493/493/493 505/505/505 502/502/502
f 494/494/494 495/495/495 506/506/506
f 503/503/503 506/506/506 495/495/495
f 506/506/506 507/507/507 494/494/494
f 450/450/450 494/494/494 452/452/452
f 507/507/507 452/452/452 494/494/494
f 505/505/505 493/493/493 508/508/508
f 493/493/493 509/509/509 508/508/508
f 508/508/508 509/509/509 510/510/510
f 508/508/508 510/510/510 511/511/511
f 512/512/512 511/511/511 510/510/510
f 510/510/510 513/513/513 512/512/512
f 510/510/510 509/509/509 513/513/513
f 514/514/514 512/512/512 513/513/513
f 515/515/515 514/514/514 513/513/513
f 509/509/509 516/516/516 513/513/513
f 513/513/513 517/517/517 515/515/515
f 516/516/516 517/517/517 513/513/513
f 518/518/518 515/515/515 517/517/517
f 493/493/493 490/490/490 509/509/509
f 489/489/489 509/509/509 490/490/490
f 509/509/509 489/489/489 516/516/516
f 519/519/519 516/516/516 489/489/489
f 489/489/489 484/484/484 519/519/519
f 517/517/517 516/516/516 520/520/520
f 519/519/519 520/520/520 516/516/516
f 521/521/521 520/520/520 519/519/519
f 521/521/521 519/519/519 486/486/486
f 484/484/484 486/486/486 519/519/519
f 524/524/524 523/523/523 522/522/522
f 525/525/525 522/522/522 523/523/523
f 524/524/524 522/522/522 526/526/526
f 527/527/527 526/526/526 522/522/522
f 525/525/525 523/523/523 528/528/528
f 529/529/529 528/528/528 523/523/523
f 528/528/528 529/529/529 530/530/530
f 531/531/531 530/530/530 529/529/529
f 530/530/530 531/531/531 532/532/532
f 533/533/533 532/532/532 531/531/531
f 532/532/532 533/533/533 534/534/534
f 535/535/535 534/534/534 533/533/533
f 522/522/522 525/525/525 358/358/358
f 522/522/522 358/358/358 527/527/527
f 355/355/355 358/358/358 525/525/525
f 355/355/355 525/525/525 352/352/352
f 528/528/528 352/352/352 525/525/525
f 352/352/352 528/528/528 351/351/351
f 530/530/530 351/351/351 528/528/528
f 351/351/351 530/530/530 356/356/356
f 532/532/532 356/356/356 530/530/530
f 356/356/356 532/532/532 359/359/359
f 534/534/534 359/359/359 532/532/532
f 372/372/372 527/527/527 358/358/358
f 345/345/345 360/360/360 344/344/344
f 538/538/538 537/537/537 536/536/536
f 539/539/539 536/536/536 537/537/537
f 537/537/537 538/538/538 540/540/540
f 541/541/541 540/540/540 538/538/538
f 540/540/540 541/541/541 542/542/542
f 543/543/543 542/542/542 541/541/541
f 544/544/544 542/542/542 543/543/543
f 542/542/542 544/544/544 545/545/545
f 546/546/546 545/545/545 544/544/544
f 545/545/545 546/546/546 547/547/547
f 548/548/548 547/547/547 546/546/546
f 551/551/551 550/550/550 549/549/549
f 552/552/552 549/549/549 550/550/550
f 552/552/552 553/553/553 549/549/549
f 553/553/553 552/552/552 554/554/554
f 555/555/555 554/554/554 552/552/552
f 554/554/554 555/555/555 556/556/556
f 557/557/557 556/556/556 555/555/555
f 556/556/556 557/557/557 558/558/558
f 559/559/559 558/558/558 557/557/557
f 557/557/557 560/560/560 559/559/559
f 557/557/557 555/555/555 560/560/560
f 561/561/561 559/559/559 560/560/560
f 561/561/561 560/560/560 562/562/562
f 563/563/563 562/562/562 560/560/560
f 562/562/562 563/563/563 564/564/564
f 565/565/565 564/564/564 563/563/563
f 565/565/565 563/563/563 566/566/566
f 567/567/567 565/565/565 566/566/566
f 566/566/566 568/568/568 567/567/567
f 566/566/566 569/569/569 568/568/568
f 565/565/565 567/567/567 570/570/570
f 571/571/571 570/570/570 567/567/567
f 570/570/570 571/571/571 572/572/572
f 573/573/573 572/572/572 571/571/571
f 563/563/563 560/560/560 574/574/574
f 563/563/563 574/574/574 566/566/566
f 574/574/574 575/575/575 566/566/566
f 575/575/575 574/574/574 576/576/576
f 575/575/575 576/576/576 577/577/577
f 578/578/578 577/577/577 576/576/576
f 577/577/577 578/578/578 579/579/579
f 580/580/580 579/579/579 578/578/578
f 579/579/579 580/580/580 581/581/581
f 582/582/582 581/581/581 580/580/580
f 581/581/581 582/582/582 583/583/583
f 583/583/583 582/582/582 584/584/584
f 584/584/584 585/585/585 583/583/583
f 585/585/585 584/584/584 586/586/586
f 587/587/587 585/585/585 586/586/586
f 586/586/586 588/588/588 587/587/587
f 587/587/587 588/588/588 589/589/589
f 589/589/589 590/590/590 587/587/587
f 591/591/591 587/587/587 590/590/590
f 587/587/587 591/591/591 585/585/585
f 585/585/585 591/591/591 583/583/583
f 590/590/590 592/592/592 591/591/591
f 593/593/593 591/591/591 592/592/592
f 594/594/594 589/589/589 588/588/588
f 594/594/594 588/588/588 595/595/595
f 596/596/596 595/595/595 588/588/588
f 588/588/588 597/597/597 596/596/596
f 597/597/597 586/586/586 584/584/584
f 586/586/586 597/597/597 588/588/588
f 597/597/597 598/598/598 596/596/596
f 597/597/597 599/599/599 598/598/598
f 599/599/599 597/597/597 584/584/584
f 600/600/600 598/598/598 599/599/599
f 593/593/593 601/601/601 591/591/591
f 601/601/601 583/583/583 591/591/591
f 583/583/583 601/601/601 581/581/581
f 602/602/602 581/581/581 601/601/601
f 572/572/572 602/602/602 601/601/601
f 572/572/572 601/601/601 603/603/603
f 604/604/604 603/603/603 601/601/601
f 604/604/604 601/601/601 605/605/605
f 601/601/601 593/593/593 605/605/605
f 605/605/605 593/593/593 606/606/606
f 606/606/606 593/593/593 607/607/607
f 592/592/592 607/607/607 593/593/593
f 607/607/607 608/608/608 606/606/606
f 609/609/609 604/604/604 605/605/605
f 605/605/605 606/606/606 610/610/610
f 610/610/610 611/611/611 605/605/605
f 609/609/609 605/605/605 611/611/611
f 612/612/612 604/604/604 609/609/609
f 611/611/611 613/613/613 609/609/609
f 612/612/612 609/609/609 613/613/613
f 613/613/613 614/614/614 612/612/612
f 615/615/615 612/612/612 614/614/614
f 612/612/612 615/615/615 616/616/616
f 612/612/612 616/616/616 604/604/604
f 604/604/604 616/616/616 603/603/603
f 603/603/603 616/616/616 617/617/617
f 615/615/615 617/617/617 616/616/616
f 617/617/617 615/615/615 618/618/618
f 619/619/619 618/618/618 615/615/615
f 617/617/617 618/618/618 620/620/620
f 620/620/620 603/603/603 617/617/617
f 570/570/570 603/603/603 620/620/620
f 603/603/603 570/570/570 572/572/572
f 621/621/621 620/620/620 618/618/618
f 621/621/621 622/622/622 620/620/620
f 622/622/622 564/564/564 620/620/620
f 565/565/565 620/620/620 564/564/564
f 570/570/570 620/620/620 565/565/565
f 573/573/573 602/602/602 572/572/572
f 623/623/623 602/602/602 573/573/573
f 624/624/624 623/623/623 573/573/573
f 625/625/625 624/624/624 573/573/573
f 573/573/573 571/571/571 625/625/625
f 626/626/626 625/625/625 571/571/571
f 623/623/623 627/627/627 602/602/602
f 624/624/624 627/627/627 623/623/623
f 628/628/628 627/627/627 624/624/624
f 627/627/627 628/628/628 579/579/579
f 629/629/629 579/579/579 628/628/628
f 624/624/624 630/630/630 628/628/628
f 631/631/631 628/628/628 625/625/625
f 628/628/628 631/631/631 629/629/629
f 631/631/631 625/625/625 632/632/632
f 632/632/632 633/633/633 631/631/631
f 633/633/633 634/634/634 631/631/631
f 635/635/635 631/631/631 634/634/634
f 635/635/635 629/629/629 631/631/631
f 634/634/634 636/636/636 635/635/635
f 629/629/629 635/635/635 636/636/636
f 627/627/627 579/579/579 581/581/581
f 581/581/581 602/602/602 627/627/627
f 629/629/629 636/636/636 637/637/637
f 638/638/638 637/637/637 636/636/636
f 637/637/637 638/638/638 639/639/639
f 640/640/640 637/637/637 639/639/639
f 637/637/637 640/640/640 629/629/629
f 636/636/636 641/641/641 638/638/638
f 636/636/636 569/569/569 641/641/641
f 569/569/569 566/566/566 641/641/641
f 575/575/575 641/641/641 566/566/566
f 575/575/575 577/577/577 641/641/641
f 636/636/636 642/642/642 569/569/569
f 577/577/577 579/579/579 641/641/641
f 568/568/568 569/569/569 643/643/643
f 643/643/643 644/644/644 568/568/568
f 567/567/567 568/568/568 644/644/644
f 644/644/644 645/645/645 567/567/567
f 571/571/571 567/567/567 645/645/645
f 579/579/579 629/629/629 646/646/646
f 646/646/646 648/648/648 647/647/647
f 648/648/648 650/650/650 649/649/649
f 652/652/652 423/423/423 651/651/651
f 651/651/651 423/423/423 425/425/425
f 651/651/651 425/425/425 653/653/653
f 654/654/654 653/653/653 425/425/425
f 425/425/425 427/427/427 654/654/654
f 655/655/655 654/654/654 427/427/427
f 652/652/652 422/422/422 423/423/423
f 652/652/652 651/651/651 656/656/656
f 657/657/657 428/428/428 432/432/432
f 659/659/659 488/488/488 658/658/658
f 658/658/658 488/488/488 476/476/476
f 658/658/658 476/476/476 478/478/478
f 662/662/662 661/661/661 660/660/660
f 663/663/663 660/660/660 661/661/661
f 661/661/661 664/664/664 663/663/663
f 665/665/665 663/663/663 664/664/664
f 664/664/664 666/666/666 665/665/665
f 667/667/667 665/665/665 666/666/666
f 666/666/666 668/668/668 667/667/667
f 666/666/666 669/669/669 668/668/668
f 670/670/670 668/668/668 669/669/669
f 669/669/669 671/671/671 670/670/670
f 672/672/672 670/670/670 671/671/671
f 386/386/386 402/402/402 389/389/389
f 675/675/675 674/674/674 673/673/673
f 676/676/676 673/673/673 674/674/674
f 674/674/674 677/677/677 676/676/676
f 678/678/678 676/676/676 677/677/677
f 674/674/674 679/679/679 677/677/677
f 679/679/679 674/674/674 675/675/675
f 675/675/675 680/680/680 679/679/679
f 675/675/675 681/681/681 680/680/680
f 675/675/675 673/673/673 681/681/681
f 682/682/682 680/680/680 681/681/681
f 681/681/681 683/683/683 682/682/682
f 684/684/684 682/682/682 683/683/683
f 678/678/678 677/677/677 685/685/685
f 686/686/686 685/685/685 677/677/677
f 683/683/683 687/687/687 684/684/684
f 688/688/688 684/684/684 687/687/687
f 689/689/689 688/688/688 687/687/687
f 686/686/686 677/677/677 690/690/690
f 677/677/677 679/679/679 690/690/690
f 679/679/679 691/691/691 690/690/690
f 692/692/692 686/686/686 690/690/690
f 692/692/692 690/690/690 693/693/693
f 694/694/694 693/693/693 690/690/690
f 695/695/695 694/694/694 690/690/690
f 691/691/691 695/695/695 690/690/690
f 696/696/696 695/695/695 691/691/691
f 691/691/691 697/697/697 696/696/696
f 697/697/697 691/691/691 698/698/698
f 698/698/698 699/699/699 697/697/697
f 700/700/700 697/697/697 699/699/699
f 697/697/697 700/700/700 701/701/701
f 701/701/701 702/702/702 697/697/697
f 696/696/696 697/697/697 702/702/702
f 701/701/701 703/703/703 702/702/702
f 704/704/704 702/702/702 703/703/703
f 703/703/703 701/701/701 705/705/705
f 699/699/699 698/698/698 706/706/706
f 707/707/707 706/706/706 698/698/698
f 707/707/707 708/708/708 706/706/706
f 699/699/699 706/706/706 709/709/709
f 710/710/710 699/699/699 709/709/709
f 711/711/711 709/709/709 706/706/706
f 711/711/711 706/706/706 712/712/712
f 706/706/706 708/708/708 712/712/712
f 713/713/713 712/712/712 708/708/708
f 711/711/711 714/714/714 709/709/709
f 700/700/700 715/715/715 701/701/701
f 705/705/705 701/701/701 715/715/715
f 700/700/700 699/699/699 715/715/715
f 715/715/715 699/699/699 710/710/710
f 704/704/704 716/716/716 702/702/702
f 713/713/713 708/708/708 717/717/717
f 718/718/718 713/713/713 717/717/717
f 717/717/717 719/719/719 718/718/718
f 720/720/720 718/718/718 719/719/719
f 719/719/719 721/721/721 720/720/720
f 721/721/721 719/719/719 722/722/722
f 689/689/689 722/722/722 719/719/719
f 723/723/723 720/720/720 721/721/721
f 717/717/717 724/724/724 719/719/719
f 724/724/724 717/717/717 708/708/708
f 708/708/708 707/707/707 724/724/724
f 725/725/725 724/724/724 707/707/707
f 725/725/725 707/707/707 726/726/726
f 698/698/698 726/726/726 707/707/707
f 726/726/726 698/698/698 691/691/691
f 726/726/726 691/691/691 679/679/679
f 680/680/680 726/726/726 679/679/679
f 726/726/726 680/680/680 725/725/725
f 682/682/682 725/725/725 680/680/680
f 725/725/725 682/682/682 724/724/724
f 684/684/684 724/724/724 682/682/682
f 724/724/724 684/684/684 688/688/688
f 688/688/688 719/719/719 724/724/724
f 689/689/689 719/719/719 688/688/688
f 722/722/722 689/689/689 727/727/727
f 722/722/722 727/727/727 728/728/728
f 728/728/728 729/729/729 722/722/722
f 721/721/721 722/722/722 729/729/729
f 730/730/730 729/729/729 728/728/728
f 729/729/729 731/731/731 721/721/721
f 723/723/723 721/721/721 731/731/731
f 731/731/731 729/729/729 732/732/732
f 733/733/733 732/732/732 729/729/729
f 734/734/734 732/732/732 733/733/733
f 734/734/734 733/733/733 735/735/735
f 736/736/736 734/734/734 735/735/735
f 737/737/737 735/735/735 733/733/733
f 730/730/730 737/737/737 729/729/729
f 733/733/733 729/729/729 737/737/737
f 735/735/735 737/737/737 738/738/738
f 738/738/738 739/739/739 735/735/735
f 735/735/735 739/739/739 736/736/736
f 738/738/738 740/740/740 739/739/739
f 741/741/741 739/739/739 740/740/740
f 740/740/740 742/742/742 741/741/741
f 743/743/743 741/741/741 742/742/742
f 743/743/743 742/742/742 744/744/744
f 745/745/745 744/744/744 742/742/742
f 744/744/744 745/745/745 746/746/746
f 747/747/747 746/746/746 745/745/745
f 744/744/744 746/746/746 748/748/748
f 739/739/739 749/749/749 736/736/736
f 750/750/750 749/749/749 739/739/739
f 739/739/739 741/741/741 750/750/750
f 741/741/741 751/751/751 750/750/750
f 752/752/752 749/749/749 750/750/750
f 748/748/748 753/753/753 744/744/744
f 743/743/743 744/744/744 753/753/753
f 743/743/743 753/753/753 741/741/741
f 741/741/741 753/753/753 751/751/751
f 747/747/747 745/745/745 754/754/754
f 755/755/755 754/754/754 745/745/745
f 754/754/754 755/755/755 756/756/756
f 757/757/757 756/756/756 755/755/755
f 756/756/756 757/757/757 758/758/758
f 759/759/759 758/758/758 757/757/757
f 759/759/759 760/760/760 758/758/758
f 761/761/761 758/758/758 760/760/760
f 760/760/760 762/762/762 761/761/761
f 716/716/716 761/761/761 762/762/762
f 762/762/762 702/702/702 716/716/716
f 762/762/762 760/760/760 695/695/695
f 760/760/760 759/759/759 694/694/694
f 760/760/760 694/694/694 695/695/695
f 693/693/693 694/694/694 759/759/759
f 762/762/762 695/695/695 696/696/696
f 762/762/762 696/696/696 702/702/702
f 757/757/757 755/755/755 763/763/763
f 693/693/693 759/759/759 764/764/764
f 757/757/757 764/764/764 759/759/759
f 764/764/764 757/757/757 763/763/763
f 764/764/764 763/763/763 765/765/765
f 764/764/764 765/765/765 693/693/693
f 692/692/692 693/693/693 765/765/765
f 686/686/686 692/692/692 765/765/765
f 763/763/763 766/766/766 765/765/765
f 766/766/766 767/767/767 765/765/765
f 763/763/763 768/768/768 766/766/766
f 742/742/742 766/766/766 768/768/768
f 742/742/742 740/740/740 766/766/766
f 769/769/769 766/766/766 740/740/740
f 766/766/766 769/769/769 767/767/767
f 740/740/740 738/738/738 769/769/769
f 770/770/770 769/769/769 738/738/738
f 770/770/770 738/738/738 737/737/737
f 763/763/763 755/755/755 768/768/768
f 768/768/768 755/755/755 745/745/745
f 742/742/742 768/768/768 745/745/745
f 771/771/771 686/686/686 765/765/765
f 767/767/767 771/771/771 765/765/765
f 767/767/767 772/772/772 771/771/771
f 772/772/772 773/773/773 771/771/771
f 773/773/773 772/772/772 774/774/774
f 775/775/775 774/774/774 772/772/772
f 772/772/772 767/767/767 775/775/775
f 776/776/776 775/775/775 767/767/767
f 769/769/769 776/776/776 767/767/767
f 769/769/769 770/770/770 776/776/776
f 777/777/777 771/771/771 773/773/773
f 775/775/775 776/776/776 778/778/778
f 775/775/775 778/778/778 774/774/774
f 779/779/779 778/778/778 776/776/776
f 779/779/779 776/776/776 770/770/770
f 770/770/770 737/737/737 779/779/779
f 778/778/778 779/779/779 780/780/780
f 780/780/780 781/781/781 778/778/778
f 782/782/782 778/778/778 781/781/781
f 782/782/782 774/774/774 778/778/778
f 783/783/783 780/780/780 779/779/779
f 783/783/783 779/779/779 737/737/737
f 777/777/777 685/685/685 771/771/771
f 686/686/686 771/771/771 685/685/685
f 780/780/780 783/783/783 784/784/784
f 730/730/730 784/784/784 783/783/783
f 783/783/783 737/737/737 730/730/730
f 781/781/781 780/780/780 785/785/785
f 784/784/784 785/785/785 780/780/780
f 727/727/727 785/785/785 784/784/784
f 785/785/785 727/727/727 687/687/687
f 785/785/785 687/687/687 786/786/786
f 683/683/683 786/786/786 687/687/687
f 683/683/683 681/681/681 786/786/786
f 787/787/787 786/786/786 681/681/681
f 787/787/787 681/681/681 673/673/673
f 687/687/687 727/727/727 689/689/689
f 784/784/784 728/728/728 727/727/727
f 730/730/730 728/728/728 784/784/784
f 790/790/790 789/789/789 788/788/788
f 788/788/788 789/789/789 791/791/791
f 788/788/788 791/791/791 792/792/792
f 793/793/793 790/790/790 788/788/788
f 790/790/790 793/793/793 794/794/794
f 794/794/794 795/795/795 790/790/790
f 796/796/796 795/795/795 794/794/794
f 795/795/795 796/796/796 797/797/797
f 798/798/798 797/797/797 796/796/796
f 799/799/799 790/790/790 795/795/795
f 790/790/790 799/799/799 789/789/789
f 796/796/796 800/800/800 798/798/798
f 801/801/801 798/798/798 800/800/800
f 794/794/794 802/802/802 796/796/796
f 800/800/800 796/796/796 802/802/802
f 802/802/802 794/794/794 793/793/793
f 802/802/802 793/793/793 803/803/803
f 800/800/800 802/802/802 803/803/803
f 804/804/804 803/803/803 793/793/793
f 801/801/801 800/800/800 805/805/805
f 795/795/795 797/797/797 715/715/715
f 715/715/715 710/710/710 795/795/795
f 795/795/795 710/710/710 799/799/799
f 710/710/710 709/709/709 799/799/799
f 806/806/806 799/799/799 709/709/709
f 807/807/807 806/806/806 709/709/709
f 803/803/803 808/808/808 800/800/800
f 803/803/803 804/804/804 808/808/808
f 809/809/809 800/800/800 808/808/808
f 800/800/800 809/809/809 805/805/805
f 808/808/808 810/810/810 809/809/809
f 810/810/810 808/808/808 811/811/811
f 811/811/811 812/812/812 810/810/810
f 812/812/812 811/811/811 813/813/813
f 814/814/814 813/813/813 811/811/811
f 811/811/811 815/815/815 814/814/814
f 813/813/813 814/814/814 816/816/816
f 817/817/817 816/816/816 814/814/814
f 814/814/814 815/815/815 817/817/817
f 818/818/818 810/810/810 812/812/812
f 818/818/818 819/819/819 810/810/810
f 810/810/810 819/819/819 820/820/820
f 820/820/820 809/809/809 810/810/810
f 821/821/821 820/820/820 819/819/819
f 820/820/820 821/821/821 822/822/822
f 823/823/823 822/822/822 821/821/821
f 808/808/808 824/824/824 811/811/811
f 811/811/811 824/824/824 815/815/815
f 825/825/825 817/817/817 815/815/815
f 815/815/815 826/826/826 825/825/825
f 827/827/827 826/826/826 815/815/815
f 828/828/828 816/816/816 817/817/817
f 817/817/817 825/825/825 828/828/828
f 825/825/825 826/826/826 828/828/828
f 829/829/829 816/816/816 828/828/828
f 830/830/830 829/829/829 828/828/828
f 828/828/828 831/831/831 830/830/830
f 831/831/831 828/828/828 826/826/826
f 831/831/831 826/826/826 827/827/827
f 831/831/831 827/827/827 830/830/830
f 832/832/832 830/830/830 827/827/827
f 833/833/833 832/832/832 827/827/827
f 822/822/822 834/834/834 820/820/820
f 809/809/809 820/820/820 834/834/834
f 835/835/835 809/809/809 834/834/834
f 835/835/835 805/805/805 809/809/809
f 824/824/824 808/808/808 804/804/804
f 804/804/804 836/836/836 824/824/824
f 837/837/837 827/827/827 836/836/836
f 837/837/837 792/792/792 827/827/827
f 827/827/827 792/792/792 838/838/838
f 827/827/827 838/838/838 833/833/833
f 839/839/839 837/837/837 836/836/836
f 804/804/804 839/839/839 836/836/836
f 788/788/788 839/839/839 804/804/804
f 839/839/839 788/788/788 837/837/837
f 788/788/788 792/792/792 837/837/837
f 793/793/793 788/788/788 804/804/804
f 841/841/841 840/840/840 824/824/824
f 840/840/840 841/841/841 827/827/827
f 799/799/799 806/806/806 789/789/789
f 806/806/806 807/807/807 789/789/789
f 791/791/791 789/789/789 807/807/807
f 807/807/807 709/709/709 714/714/714
f 797/797/797 842/842/842 715/715/715
f 715/715/715 842/842/842 705/705/705
f 845/845/845 844/844/844 843/843/843
f 845/845/845 843/843/843 846/846/846
f 846/846/846 843/843/843 847/847/847
f 844/844/844 848/848/848 843/843/843
f 844/844/844 849/849/849 848/848/848
f 849/849/849 844/844/844 850/850/850
f 850/850/850 851/851/851 849/849/849
f 852/852/852 849/849/849 851/851/851
f 853/853/853 850/850/850 844/844/844
f 853/853/853 844/844/844 845/845/845
f 849/849/849 852/852/852 854/854/854
f 855/855/855 854/854/854 852/852/852
f 854/854/854 856/856/856 849/849/849
f 856/856/856 848/848/848 849/849/849
f 856/856/856 857/857/857 848/848/848
f 856/856/856 854/854/854 857/857/857
f 858/858/858 848/848/848 857/857/857
f 843/843/843 848/848/848 858/858/858
f 859/859/859 843/843/843 858/858/858
f 855/855/855 860/860/860 854/854/854
f 851/851/851 850/850/850 753/753/753
f 751/751/751 753/753/753 850/850/850
f 751/751/751 850/850/850 853/853/853
f 751/751/751 853/853/853 750/750/750
f 861/861/861 750/750/750 853/853/853
f 861/861/861 862/862/862 750/750/750
f 857/857/857 854/854/854 863/863/863
f 864/864/864 863/863/863 854/854/854
f 854/854/854 860/860/860 864/864/864
f 863/863/863 864/864/864 865/865/865
f 863/863/863 865/865/865 866/866/866
f 866/866/866 865/865/865 867/867/867
f 867/867/867 868/868/868 866/866/866
f 869/869/869 866/866/866 868/868/868
f 870/870/870 866/866/866 869/869/869
f 868/868/868 871/871/871 869/869/869
f 872/872/872 869/869/869 871/871/871
f 869/869/869 872/872/872 870/870/870
f 873/873/873 867/867/867 865/865/865
f 874/874/874 873/873/873 865/865/865
f 865/865/865 875/875/875 874/874/874
f 875/875/875 865/865/865 864/864/864
f 876/876/876 874/874/874 875/875/875
f 875/875/875 877/877/877 876/876/876
f 878/878/878 876/876/876 877/877/877
f 879/879/879 863/863/863 866/866/866
f 871/871/871 880/880/880 872/872/872
f 871/871/871 881/881/881 880/880/880
f 881/881/881 882/882/882 880/880/880
f 883/883/883 880/880/880 882/882/882
f 884/884/884 872/872/872 880/880/880
f 884/884/884 885/885/885 872/872/872
f 886/886/886 879/879/879 885/885/885
f 886/886/886 885/885/885 887/887/887
f 883/883/883 882/882/882 887/887/887
f 888/888/888 885/885/885 884/884/884
f 883/883/883 888/888/888 880/880/880
f 884/884/884 880/880/880 888/888/888
f 888/888/888 883/883/883 887/887/887
f 888/888/888 887/887/887 870/870/870
f 889/889/889 887/887/887 882/882/882
f 889/889/889 890/890/890 887/887/887
f 891/891/891 887/887/887 890/890/890
f 847/847/847 887/887/887 891/891/891
f 847/847/847 892/892/892 887/887/887
f 887/887/887 892/892/892 893/893/893
f 892/892/892 859/859/859 893/893/893
f 843/843/843 859/859/859 892/892/892
f 847/847/847 843/843/843 892/892/892
f 859/859/859 894/894/894 893/893/893
f 866/866/866 885/885/885 895/895/895
f 893/893/893 858/858/858 896/896/896
f 864/864/864 898/898/898 897/897/897
f 864/864/864 897/897/897 875/875/875
f 877/877/877 875/875/875 897/897/897
f 898/898/898 864/864/864 860/860/860
f 861/861/861 845/845/845 862/862/862
f 846/846/846 862/862/862 845/845/845
f 861/861/861 853/853/853 845/845/845
f 750/750/750 862/862/862 752/752/752
f 879/879/879 899/899/899 863/863/863
f 857/857/857 863/863/863 900/900/900
f 901/901/901 851/851/851 753/753/753
f 901/901/901 753/753/753 748/748/748
f 904/904/904 903/903/903 902/902/902
f 905/905/905 902/902/902 903/903/903
f 902/902/902 906/906/906 904/904/904
f 902/902/902 907/907/907 906/906/906
f 908/908/908 906/906/906 907/907/907
f 908/908/908 907/907/907 909/909/909
f 910/910/910 909/909/909 907/907/907
f 910/910/910 907/907/907 911/911/911
f 912/912/912 911/911/911 907/907/907
f 905/905/905 912/912/912 902/902/902
f 907/907/907 902/902/902 912/912/912
f 909/909/909 910/910/910 913/913/913
f 914/914/914 913/913/913 910/910/910
f 915/915/915 913/913/913 914/914/914
f 915/915/915 914/914/914 916/916/916
f 917/917/917 916/916/916 914/914/914
f 917/917/917 914/914/914 918/918/918
f 919/919/919 918/918/918 914/914/914
f 911/911/911 919/919/919 910/910/910
f 914/914/914 910/910/910 919/919/919
f 920/920/920 904/904/904 906/906/906
f 923/923/923 922/922/922 921/921/921
f 924/924/924 921/921/921 922/922/922
f 923/923/923 921/921/921 925/925/925
f 926/926/926 925/925/925 921/921/921
f 922/922/922 927/927/927 924/924/924
f 928/928/928 924/924/924 927/927/927
f 927/927/927 929/929/929 928/928/928
f 930/930/930 928/928/928 929/929/929
f 925/925/925 931/931/931 923/923/923
f 932/932/932 923/923/923 931/931/931
f 931/931/931 933/933/933 932/932/932
f 934/934/934 932/932/932 933/933/933
f 933/933/933 935/935/935 934/934/934
f 936/936/936 934/934/934 935/935/935
f 929/929/929 927/927/927 937/937/937
f 923/923/923 938/938/938 922/922/922
f 939/939/939 938/938/938 923/923/923
f 927/927/927 940/940/940 937/937/937
f 937/937/937 940/940/940 941/941/941
f 941/941/941 942/942/942 937/937/937
f 943/943/943 937/937/937 942/942/942
f 929/929/929 937/937/937 943/943/943
f 944/944/944 941/941/941 940/940/940
f 941/941/941 945/945/945 942/942/942
f 946/946/946 945/945/945 941/941/941
f 947/947/947 946/946/946 941/941/941
f 947/947/947 941/941/941 944/944/944
f 938/938/938 939/939/939 948/948/948
f 949/949/949 936/936/936 935/935/935
f 940/940/940 951/951/951 950/950/950
f 952/952/952 950/950/950 951/951/951
f 950/950/950 952/952/952 953/953/953
f 954/954/954 953/953/953 952/952/952
f 922/922/922 951/951/951 940/940/940
f 951/951/951 922/922/922 938/938/938
f 938/938/938 955/955/955 951/951/951
f 951/951/951 955/955/955 952/952/952
f 938/938/938 956/956/956 955/955/955
f 957/957/957 952/952/952 955/955/955
f 952/952/952 957/957/957 958/958/958
f 959/959/959 958/958/958 957/957/957
f 960/960/960 959/959/959 953/953/953
f 961/961/961 953/953/953 959/959/959
f 922/922/922 940/940/940 927/927/927
f 964/964/964 963/963/963 962/962/962
f 965/965/965 962/962/962 963/963/963
f 963/963/963 964/964/964 966/966/966
f 967/967/967 963/963/963 966/966/966
f 968/968/968 967/967/967 966/966/966
f 968/968/968 966/966/966 969/969/969
f 968/968/968 969/969/969 970/970/970
f 971/971/971 970/970/970 969/969/969
f 966/966/966 964/964/964 972/972/972
f 966/966/966 972/972/972 973/973/973
f 974/974/974 973/973/973 972/972/972
f 974/974/974 975/975/975 973/973/973
f 975/975/975 974/974/974 976/976/976
f 974/974/974 977/977/977 976/976/976
f 976/976/976 977/977/977 978/978/978
f 979/979/979 978/978/978 977/977/977
f 972/972/972 980/980/980 974/974/974
f 981/981/981 974/974/974 980/980/980
f 981/981/981 980/980/980 982/982/982
f 980/980/980 972/972/972 983/983/983
f 983/983/983 984/984/984 980/980/980
f 985/985/985 980/980/980 984/984/984
f 986/986/986 980/980/980 985/985/985
f 987/987/987 983/983/983 972/972/972
f 964/964/964 987/987/987 972/972/972
f 989/989/989 985/985/985 988/988/988
f 991/991/991 936/936/936 990/990/990
f 992/992/992 990/990/990 936/936/936
f 993/993/993 991/991/991 990/990/990
f 993/993/993 939/939/939 991/991/991
f 995/995/995 969/969/969 994/994/994
f 998/998/998 997/997/997 996/996/996
f 999/999/999 996/996/996 997/997/997
f 996/996/996 999/999/999 1000/1000/1000
f 1001/1001/1001 1000/1000/1000 999/999/999
f 1002/1002/1002 1001/1001/1001 999/999/999
f 998/998/998 1003/1003/1003 997/997/997
f 997/997/997 1003/1003/1003 1004/1004/1004
f 998/998/998 996/996/996 1005/1005/1005
f 1006/1006/1006 1005/1005/1005 996/996/996
f 1005/1005/1005 1007/1007/1007 998/998/998
f 1006/1006/1006 1008/1008/1008 1005/1005/1005
f 1009/1009/1009 1005/1005/1005 1008/1008/1008
f 1005/1005/1005 1009/1009/1009 1007/1007/1007
f 1010/1010/1010 1007/1007/1007 1009/1009/1009
f 1007/1007/1007 1010/1010/1010 1011/1011/1011
f 1007/1007/1007 1011/1011/1011 998/998/998
f 1003/1003/1003 998/998/998 1011/1011/1011
f 1012/1012/1012 1011/1011/1011 1010/1010/1010
f 1008/1008/1008 1006/1006/1006 1013/1013/1013
f 1014/1014/1014 1013/1013/1013 1006/1006/1006
f 1006/1006/1006 996/996/996 1014/1014/1014
f 1000/1000/1000 1014/1014/1014 996/996/996
f 1001/1001/1001 1002/1002/1002 1015/1015/1015
f 1016/1016/1016 1015/1015/1015 1002/1002/1002
f 1015/1015/1015 1016/1016/1016 1017/1017/1017
f 1018/1018/1018 1017/1017/1017 1016/1016/1016
f 1017/1017/1017 1019/1019/1019 1015/1015/1015
f 1020/1020/1020 1015/1015/1015 1019/1019/1019
f 1015/1015/1015 1020/1020/1020 1001/1001/1001
f 1000/1000/1000 1001/1001/1001 1020/1020/1020
f 1013/1013/1013 1014/1014/1014 1021/1021/1021
f 1014/1014/1014 1000/1000/1000 1022/1022/1022
f 1021/1021/1021 1014/1014/1014 1022/1022/1022
f 1021/1021/1021 1022/1022/1022 1023/1023/1023
f 1024/1024/1024 1023/1023/1023 1022/1022/1022
f 1022/1022/1022 1000/1000/1000 1024/1024/1024
f 1020/1020/1020 1024/1024/1024 1000/1000/1000
f 1024/1024/1024 1020/1020/1020 1019/1019/1019
f 1024/1024/1024 1025/1025/1025 1023/1023/1023
f 1026/1026/1026 1023/1023/1023 1025/1025/1025
f 1025/1025/1025 1027/1027/1027 1026/1026/1026
f 1028/1028/1028 1026/1026/1026 1027/1027/1027
f 1027/1027/1027 1025/1025/1025 1029/1029/1029
f 1029/1029/1029 1030/1030/1030 1027/1027/1027
f 1031/1031/1031 1029/1029/1029 1025/1025/1025
f 1025/1025/1025 1024/1024/1024 1031/1031/1031
f 1019/1019/1019 1031/1031/1031 1024/1024/1024
f 1034/1034/1034 1033/1033/1033 1032/1032/1032
f 1035/1035/1035 1032/1032/1032 1033/1033/1033
f 1033/1033/1033 1036/1036/1036 1035/1035/1035
f 1037/1037/1037 1035/1035/1035 1036/1036/1036
f 1036/1036/1036 1038/1038/1038 1037/1037/1037
f 1039/1039/1039 1037/1037/1037 1038/1038/1038
f 1039/1039/1039 1038/1038/1038 1040/1040/1040
f 1041/1041/1041 1040/1040/1040 1038/1038/1038
f 1038/1038/1038 1036/1036/1036 1041/1041/1041
f 1042/1042/1042 1041/1041/1041 1036/1036/1036
f 1036/1036/1036 1033/1033/1033 1042/1042/1042
f 1043/1043/1043 1042/1042/1042 1033/1033/1033
f 1043/1043/1043 1033/1033/1033 1044/1044/1044
f 1034/1034/1034 1044/1044/1044 1033/1033/1033
f 1040/1040/1040 1045/1045/1045 1039/1039/1039
f 1046/1046/1046 1039/1039/1039 1045/1045/1045
f 1045/1045/1045 1047/1047/1047 1046/1046/1046
f 1048/1048/1048 1046/1046/1046 1047/1047/1047
f 1048/1048/1048 1049/1049/1049 1046/1046/1046
f 1050/1050/1050 1046/1046/1046 1049/1049/1049
f 1050/1050/1050 1039/1039/1039 1046/1046/1046
f 1048/1048/1048 1047/1047/1047 1051/1051/1051
f 1052/1052/1052 1051/1051/1051 1047/1047/1047
f 1053/1053/1053 1051/1051/1051 1052/1052/1052
f 1051/1051/1051 1053/1053/1053 1054/1054/1054
f 1055/1055/1055 1054/1054/1054 1053/1053/1053
f 1055/1055/1055 1056/1056/1056 1054/1054/1054
f 1057/1057/1057 1054/1054/1054 1056/1056/1056
f 1054/1054/1054 1057/1057/1057 1051/1051/1051
f 1058/1058/1058 1057/1057/1057 1056/1056/1056
f 1059/1059/1059 1051/1051/1051 1057/1057/1057
f 1051/1051/1051 1059/1059/1059 1048/1048/1048
f 1052/1052/1052 1047/1047/1047 1060/1060/1060
f 1045/1045/1045 1060/1060/1060 1047/1047/1047
f 1060/1060/1060 1045/1045/1045 1061/1061/1061
f 1040/1040/1040 1061/1061/1061 1045/1045/1045
f 1061/1061/1061 1040/1040/1040 1041/1041/1041
f 1064/1064/1064 1063/1063/1063 1062/1062/1062
f 1065/1065/1065 1062/1062/1062 1063/1063/1063
f 1062/1062/1062 1065/1065/1065 1003/1003/1003
f 1004/1004/1004 1003/1003/1003 1065/1065/1065
f 1064/1064/1064 1062/1062/1062 1066/1066/1066
f 1067/1067/1067 1066/1066/1066 1062/1062/1062
f 1067/1067/1067 1062/1062/1062 1011/1011/1011
f 1003/1003/1003 1011/1011/1011 1062/1062/1062
f 1067/1067/1067 1011/1011/1011 1068/1068/1068
f 1012/1012/1012 1068/1068/1068 1011/1011/1011
f 1067/1067/1067 1069/1069/1069 1066/1066/1066
f 1067/1067/1067 1068/1068/1068 1069/1069/1069
f 1070/1070/1070 1066/1066/1066 1069/1069/1069
f 1069/1069/1069 1071/1071/1071 1070/1070/1070
f 1069/1069/1069 1072/1072/1072 1071/1071/1071
f 1072/1072/1072 1069/1069/1069 1068/1068/1068
f 1073/1073/1073 1071/1071/1071 1072/1072/1072
f 1074/1074/1074 1070/1070/1070 1071/1071/1071
f 1077/1077/1077 1076/1076/1076 1075/1075/1075
f 1077/1077/1077 1075/1075/1075 1078/1078/1078
f 1079/1079/1079 1078/1078/1078 1075/1075/1075
f 1080/1080/1080 1078/1078/1078 1079/1079/1079
f 1081/1081/1081 1079/1079/1079 1075/1075/1075
f 1079/1079/1079 1081/1081/1081 1082/1082/1082
f 1079/1079/1079 1083/1083/1083 1080/1080/1080
f 1084/1084/1084 1080/1080/1080 1083/1083/1083
f 1084/1084/1084 1083/1083/1083 1085/1085/1085
f 1085/1085/1085 1083/1083/1083 1086/1086/1086
f 1087/1087/1087 1086/1086/1086 1083/1083/1083
f 1083/1083/1083 1079/1079/1079 1087/1087/1087
f 1088/1088/1088 1087/1087/1087 1079/1079/1079
f 1088/1088/1088 1079/1079/1079 1082/1082/1082
f 1086/1086/1086 1087/1087/1087 1089/1089/1089
f 1090/1090/1090 1089/1089/1089 1087/1087/1087
f 1087/1087/1087 1088/1088/1088 1090/1090/1090
f 1089/1089/1089 1090/1090/1090 1091/1091/1091
f 1092/1092/1092 1091/1091/1091 1090/1090/1090
f 1092/1092/1092 1093/1093/1093 1091/1091/1091
f 1093/1093/1093 1092/1092/1092 1094/1094/1094
f 1095/1095/1095 1094/1094/1094 1092/1092/1092
f 1092/1092/1092 1090/1090/1090 1095/1095/1095
f 1094/1094/1094 1095/1095/1095 1096/1096/1096
f 1097/1097/1097 1096/1096/1096 1095/1095/1095
f 1096/1096/1096 1097/1097/1097 1098/1098/1098
f 1099/1099/1099 1098/1098/1098 1097/1097/1097
f 1098/1098/1098 1099/1099/1099 1100/1100/1100
f 1101/1101/1101 1100/1100/1100 1099/1099/1099
f 1099/1099/1099 1102/1102/1102 1101/1101/1101
f 1103/1103/1103 1101/1101/1101 1102/1102/1102
f 1101/1101/1101 1103/1103/1103 1104/1104/1104
f 1105/1105/1105 1104/1104/1104 1103/1103/1103
f 1103/1103/1103 1106/1106/1106 1105/1105/1105
f 1106/1106/1106 1103/1103/1103 1102/1102/1102
f 1107/1107/1107 1105/1105/1105 1106/1106/1106
f 1106/1106/1106 1108/1108/1108 1107/1107/1107
f 1109/1109/1109 1102/1102/1102 1099/1099/1099
f 1110/1110/1110 1097/1097/1097 1095/1095/1095
f 1109/1109/1109 1099/1099/1099 1110/1110/1110
f 1097/1097/1097 1110/1110/1110 1099/1099/1099
f 1100/1100/1100 1101/1101/1101 1111/1111/1111
f 1112/1112/1112 1111/1111/1111 1101/1101/1101
f 1112/1112/1112 1101/1101/1101 1104/1104/1104
f 1115/1115/1115 1114/1114/1114 1113/1113/1113
f 1114/1114/1114 1115/1115/1115 1116/1116/1116
f 1117/1117/1117 1116/1116/1116 1115/1115/1115
f 1116/1116/1116 1117/1117/1117 1118/1118/1118
f 1119/1119/1119 1118/1118/1118 1117/1117/1117
f 1118/1118/1118 1119/1119/1119 1120/1120/1120
f 1120/1120/1120 1119/1119/1119 1121/1121/1121
f 1122/1122/1122 1121/1121/1121 1119/1119/1119
f 1121/1121/1121 1122/1122/1122 1123/1123/1123
f 1126/1126/1126 1125/1125/1125 1124/1124/1124
f 1124/1124/1124 1127/1127/1127 1126/1126/1126
f 1126/1126/1126 1128/1128/1128 1125/1125/1125
f 1129/1129/1129 1128/1128/1128 1126/1126/1126
f 1126/1126/1126 1130/1130/1130 1129/1129/1129
f 1131/1131/1131 1129/1129/1129 1130/1130/1130
f 1130/1130/1130 1132/1132/1132 1131/1131/1131
f 1133/1133/1133 1131/1131/1131 1132/1132/1132
f 1133/1133/1133 1132/1132/1132 1134/1134/1134
f 1135/1135/1135 1134/1134/1134 1132/1132/1132
f 1132/1132/1132 1136/1136/1136 1135/1135/1135
f 1132/1132/1132 1130/1130/1130 1136/1136/1136
f 1137/1137/1137 1135/1135/1135 1136/1136/1136
f 1138/1138/1138 1136/1136/1136 1130/1130/1130
f 1130/1130/1130 1126/1126/1126 1138/1138/1138
f 1139/1139/1139 1138/1138/1138 1126/1126/1126
f 1127/1127/1127 1139/1139/1139 1126/1126/1126
f 1125/1125/1125 1140/1140/1140 1124/1124/1124
f 1125/1125/1125 1128/1128/1128 1140/1140/1140
f 1141/1141/1141 1140/1140/1140 1128/1128/1128
f 1140/1140/1140 1141/1141/1141 1142/1142/1142
f 1142/1142/1142 1143/1143/1143 1140/1140/1140
f 1144/1144/1144 1140/1140/1140 1143/1143/1143
f 1144/1144/1144 1124/1124/1124 1140/1140/1140
f 1142/1142/1142 1145/1145/1145 1143/1143/1143
f 1146/1146/1146 1143/1143/1143 1145/1145/1145
f 1145/1145/1145 1147/1147/1147 1146/1146/1146
f 1148/1148/1148 1146/1146/1146 1147/1147/1147
f 1146/1146/1146 1148/1148/1148 1149/1149/1149
f 1146/1146/1146 1149/1149/1149 1143/1143/1143
f 1150/1150/1150 1149/1149/1149 1148/1148/1148
f 1147/1147/1147 1145/1145/1145 1151/1151/1151
f 1152/1152/1152 1151/1151/1151 1145/1145/1145
f 1152/1152/1152 1145/1145/1145 1153/1153/1153
f 1142/1142/1142 1153/1153/1153 1145/1145/1145
f 1153/1153/1153 1142/1142/1142 1141/1141/1141
f 1154/1154/1154 1143/1143/1143 1149/1149/1149
f 1143/1143/1143 1154/1154/1154 1144/1144/1144
f 1155/1155/1155 1144/1144/1144 1154/1154/1154
f 1155/1155/1155 1127/1127/1127 1144/1144/1144
f 1124/1124/1124 1144/1144/1144 1127/1127/1127
f 1147/1147/1147 1156/1156/1156 1148/1148/1148
f 1148/1148/1148 1156/1156/1156 1150/1150/1150
f 1151/1151/1151 1156/1156/1156 1147/1147/1147
f 1159/1159/1159 1158/1158/1158 1157/1157/1157
f 1160/1160/1160 1157/1157/1157 1158/1158/1158
f 1160/1160/1160 1158/1158/1158 1161/1161/1161
f 1162/1162/1162 1161/1161/1161 1158/1158/1158
f 1157/1157/1157 1160/1160/1160 1163/1163/1163
f 1164/1164/1164 1163/1163/1163 1160/1160/1160
f 1161/1161/1161 1165/1165/1165 1160/1160/1160
f 1164/1164/1164 1160/1160/1160 1165/1165/1165
f 1168/1168/1168 1167/1167/1167 1166/1166/1166
f 1169/1169/1169 1166/1166/1166 1167/1167/1167
f 1168/1168/1168 1166/1166/1166 1170/1170/1170
f 1171/1171/1171 1170/1170/1170 1166/1166/1166
f 1168/1168/1168 1172/1172/1172 1167/1167/1167
f 1173/1173/1173 1167/1167/1167 1172/1172/1172
f 1172/1172/1172 1174/1174/1174 1173/1173/1173
f 1175/1175/1175 1173/1173/1173 1174/1174/1174
f 1174/1174/1174 1176/1176/1176 1175/1175/1175
f 1177/1177/1177 1175/1175/1175 1176/1176/1176
f 1176/1176/1176 1178/1178/1178 1177/1177/1177
f 1179/1179/1179 1177/1177/1177 1178/1178/1178
f 1179/1179/1179 1178/1178/1178 1180/1180/1180
f 1181/1181/1181 1180/1180/1180 1178/1178/1178
f 1181/1181/1181 1182/1182/1182 1180/1180/1180
f 1183/1183/1183 1180/1180/1180 1182/1182/1182
f 1182/1182/1182 1184/1184/1184 1183/1183/1183
f 1185/1185/1185 1183/1183/1183 1184/1184/1184
f 1184/1184/1184 1186/1186/1186 1185/1185/1185
f 1172/1172/1172 1187/1187/1187 1174/1174/1174
f 1188/1188/1188 1174/1174/1174 1187/1187/1187
f 1174/1174/1174 1188/1188/1188 1176/1176/1176
f 1189/1189/1189 1176/1176/1176 1188/1188/1188
f 1176/1176/1176 1189/1189/1189 1178/1178/1178
f 1190/1190/1190 1178/1178/1178 1189/1189/1189
f 1178/1178/1178 1190/1190/1190 1181/1181/1181
f 1191/1191/1191 1181/1181/1181 1190/1190/1190
f 1181/1181/1181 1191/1191/1191 1182/1182/1182
f 1192/1192/1192 1182/1182/1182 1191/1191/1191
f 1184/1184/1184 1182/1182/1182 1193/1193/1193
f 1192/1192/1192 1193/1193/1193 1182/1182/1182
f 1184/1184/1184 1193/1193/1193 1186/1186/1186
f 1193/1193/1193 1192/1192/1192 1194/1194/1194
f 1193/1193/1193 1194/1194/1194 1195/1195/1195
f 1195/1195/1195 1186/1186/1186 1193/1193/1193
f 1172/1172/1172 1168/1168/1168 1187/1187/1187
f 1170/1170/1170 1187/1187/1187 1168/1168/1168
f 1198/1198/1198 1197/1197/1197 1196/1196/1196
f 1199/1199/1199 1196/1196/1196 1197/1197/1197
f 1198/1198/1198 1200/1200/1200 1197/1197/1197
f 1201/1201/1201 1197/1197/1197 1200/1200/1200
f 1197/1197/1197 1202/1202/1202 1199/1199/1199
f 1197/1197/1197 1201/1201/1201 1202/1202/1202
f 1203/1203/1203 1199/1199/1199 1202/1202/1202
f 1202/1202/1202 1204/1204/1204 1203/1203/1203
f 1205/1205/1205 1203/1203/1203 1204/1204/1204
f 1202/1202/1202 1206/1206/1206 1204/1204/1204
f 1206/1206/1206 1202/1202/1202 1201/1201/1201
f 1207/1207/1207 1204/1204/1204 1206/1206/1206
f 1204/1204/1204 1207/1207/1207 1166/1166/1166
f 1204/1204/1204 1166/1166/1166 1205/1205/1205
f 1171/1171/1171 1166/1166/1166 1207/1207/1207
f 1169/1169/1169 1205/1205/1205 1166/1166/1166
f 1210/1210/1210 1209/1209/1209 1208/1208/1208
f 1210/1210/1210 1211/1211/1211 1209/1209/1209
f 1212/1212/1212 1209/1209/1209 1211/1211/1211
f 1211/1211/1211 1213/1213/1213 1212/1212/1212
f 1213/1213/1213 1211/1211/1211 1214/1214/1214
f 1214/1214/1214 1211/1211/1211 1215/1215/1215
f 1210/1210/1210 1215/1215/1215 1211/1211/1211
f 1210/1210/1210 1208/1208/1208 1215/1215/1215
f 1218/1218/1218 1217/1217/1217 1216/1216/1216
f 1219/1219/1219 1216/1216/1216 1217/1217/1217
f 1219/1219/1219 1217/1217/1217 1220/1220/1220
f 1221/1221/1221 1220/1220/1220 1217/1217/1217
f 1224/1224/1224 1223/1223/1223 1222/1222/1222
f 1225/1225/1225 1222/1222/1222 1223/1223/1223
f 1223/1223/1223 1224/1224/1224 1226/1226/1226
f 1227/1227/1227 1226/1226/1226 1224/1224/1224
f 1226/1226/1226 1227/1227/1227 1228/1228/1228
f 1229/1229/1229 1228/1228/1228 1227/1227/1227
f 1228/1228/1228 1229/1229/1229 1230/1230/1230
f 1231/1231/1231 1230/1230/1230 1229/1229/1229
f 1230/1230/1230 1231/1231/1231 1232/1232/1232
f 1233/1233/1233 1232/1232/1232 1231/1231/1231
f 1222/1222/1222 1225/1225/1225 1234/1234/1234
f 1235/1235/1235 1234/1234/1234 1225/1225/1225
f 1232/1232/1232 1233/1233/1233 1236/1236/1236
f 1237/1237/1237 1236/1236/1236 1233/1233/1233
f 1236/1236/1236 1237/1237/1237 1238/1238/1238
f 1239/1239/1239 1238/1238/1238 1237/1237/1237
f 1238/1238/1238 1239/1239/1239 1240/1240/1240
f 1241/1241/1241 1240/1240/1240 1239/1239/1239
f 1240/1240/1240 1241/1241/1241 1242/1242/1242
f 1243/1243/1243 1242/1242/1242 1241/1241/1241
f 1242/1242/1242 1243/1243/1243 1244/1244/1244
f 1245/1245/1245 1244/1244/1244 1243/1243/1243
f 1244/1244/1244 1245/1245/1245 1246/1246/1246
f 1247/1247/1247 1246/1246/1246 1245/1245/1245
f 1250/1250/1250 1249/1249/1249 1248/1248/1248
f 1253/1253/1253 1252/1252/1252 1251/1251/1251
f 1254/1254/1254 1251/1251/1251 1252/1252/1252
f 1257/1257/1257 1256/1256/1256 1255/1255/1255
f 1258/1258/1258 1255/1255/1255 1256/1256/1256
f 1261/1261/1261 1260/1260/1260 1259/1259/1259
f 1262/1262/1262 1259/1259/1259 1260/1260/1260
f 1259/1259/1259 1263/1263/1263 1261/1261/1261
f 1264/1264/1264 1261/1261/1261 1263/1263/1263
f 1263/1263/1263 1265/1265/1265 1264/1264/1264
f 1266/1266/1266 1264/1264/1264 1265/1265/1265
f 1265/1265/1265 1262/1262/1262 1266/1266/1266
f 1260/1260/1260 1266/1266/1266 1262/1262/1262
f 1269/1269/1269 1268/1268/1268 1267/1267/1267
f 1270/1270/1270 1267/1267/1267 1268/1268/1268
f 1268/1268/1268 1269/1269/1269 1271/1271/1271
f 1272/1272/1272 1271/1271/1271 1269/1269/1269
f 1269/1269/1269 1273/1273/1273 1272/1272/1272
f 1274/1274/1274 1272/1272/1272 1273/1273/1273
f 1273/1273/1273 1275/1275/1275 1274/1274/1274
f 1268/1268/1268 1271/1271/1271 1275/1275/1275
f 1276/1276/1276 1274/1274/1274 1275/1275/1275
f 1276/1276/1276 1275/1275/1275 1271/1271/1271
f 1275/1275/1275 1273/1273/1273 1277/1277/1277
f 1278/1278/1278 1277/1277/1277 1273/1273/1273
f 1281/1281/1281 1280/1280/1280 1279/1279/1279
f 1282/1282/1282 1279/1279/1279 1280/1280/1280
f 1285/1285/1285 1284/1284/1284 1283/1283/1283
f 1286/1286/1286 1283/1283/1283 1284/1284/1284
f 1283/1283/1283 1287/1287/1287 1285/1285/1285
f 1288/1288/1288 1285/1285/1285 1287/1287/1287
f 1288/1288/1288 1289/1289/1289 1285/1285/1285
f 1286/1286/1286 1284/1284/1284 1290/1290/1290
f 1290/1290/1290 1284/1284/1284 1291/1291/1291
f 1286/1286/1286 1292/1292/1292 1283/1283/1283
f 1293/1293/1293 1283/1283/1283 1292/1292/1292
f 1294/1294/1294 1292/1292/1292 1286/1286/1286
f 1293/1293/1293 1292/1292/1292 1295/1295/1295
f 1296/1296/1296 1295/1295/1295 1292/1292/1292
f 1292/1292/1292 1294/1294/1294 1296/1296/1296
f 1297/1297/1297 1296/1296/1296 1294/1294/1294
f 1294/1294/1294 1298/1298/1298 1297/1297/1297
f 1290/1290/1290 1298/1298/1298 1286/1286/1286
f 1294/1294/1294 1286/1286/1286 1298/1298/1298
f 1299/1299/1299 1297/1297/1297 1298/1298/1298
f 1295/1295/1295 1300/1300/1300 1293/1293/1293
f 1301/1301/1301 1293/1293/1293 1300/1300/1300
f 1287/1287/1287 1283/1283/1283 1301/1301/1301
f 1293/1293/1293 1301/1301/1301 1283/1283/1283
f 1288/1288/1288 1302/1302/1302 1289/1289/1289
f 1303/1303/1303 1289/1289/1289 1302/1302/1302
f 1302/1302/1302 1304/1304/1304 1303/1303/1303
f 1305/1305/1305 1303/1303/1303 1304/1304/1304
f 1304/1304/1304 1302/1302/1302 1306/1306/1306
f 1307/1307/1307 1306/1306/1306 1302/1302/1302
f 1302/1302/1302 1288/1288/1288 1307/1307/1307
f 1287/1287/1287 1307/1307/1307 1288/1288/1288
f 1301/1301/1301 1300/1300/1300 1308/1308/1308
f 1287/1287/1287 1301/1301/1301 1309/1309/1309
f 1301/1301/1301 1308/1308/1308 1309/1309/1309
f 1308/1308/1308 1310/1310/1310 1309/1309/1309
f 1311/1311/1311 1309/1309/1309 1310/1310/1310
f 1307/1307/1307 1287/1287/1287 1311/1311/1311
f 1309/1309/1309 1311/1311/1311 1287/1287/1287
f 1307/1307/1307 1311/1311/1311 1306/1306/1306
f 1311/1311/1311 1310/1310/1310 1312/1312/1312
f 1313/1313/1313 1312/1312/1312 1310/1310/1310
f 1312/1312/1312 1313/1313/1313 1314/1314/1314
f 1315/1315/1315 1314/1314/1314 1313/1313/1313
f 1314/1314/1314 1316/1316/1316 1312/1312/1312
f 1317/1317/1317 1316/1316/1316 1314/1314/1314
f 1318/1318/1318 1312/1312/1312 1316/1316/1316
f 1306/1306/1306 1311/1311/1311 1318/1318/1318
f 1312/1312/1312 1318/1318/1318 1311/1311/1311
f 1321/1321/1321 1320/1320/1320 1319/1319/1319
f 1322/1322/1322 1319/1319/1319 1320/1320/1320
f 1320/1320/1320 1321/1321/1321 1323/1323/1323
f 1324/1324/1324 1323/1323/1323 1321/1321/1321
f 1323/1323/1323 1324/1324/1324 1325/1325/1325
f 1326/1326/1326 1325/1325/1325 1324/1324/1324
f 1326/1326/1326 1327/1327/1327 1325/1325/1325
f 1328/1328/1328 1325/1325/1325 1327/1327/1327
f 1325/1325/1325 1328/1328/1328 1323/1323/1323
f 1329/1329/1329 1323/1323/1323 1328/1328/1328
f 1323/1323/1323 1329/1329/1329 1320/1320/1320
f 1330/1330/1330 1320/1320/1320 1329/1329/1329
f 1322/1322/1322 1320/1320/1320 1331/1331/1331
f 1330/1330/1330 1331/1331/1331 1320/1320/1320
f 1327/1327/1327 1326/1326/1326 1332/1332/1332
f 1333/1333/1333 1332/1332/1332 1326/1326/1326
f 1332/1332/1332 1333/1333/1333 1334/1334/1334
f 1335/1335/1335 1334/1334/1334 1333/1333/1333
f 1335/1335/1335 1333/1333/1333 1336/1336/1336
f 1337/1337/1337 1336/1336/1336 1333/1333/1333
f 1326/1326/1326 1337/1337/1337 1333/1333/1333
f 1335/1335/1335 1338/1338/1338 1334/1334/1334
f 1339/1339/1339 1334/1334/1334 1338/1338/1338
f 1338/1338/1338 1340/1340/1340 1339/1339/1339
f 1338/1338/1338 1341/1341/1341 1340/1340/1340
f 1342/1342/1342 1340/1340/1340 1341/1341/1341
f 1342/1342/1342 1341/1341/1341 1343/1343/1343
f 1344/1344/1344 1343/1343/1343 1341/1341/1341
f 1341/1341/1341 1338/1338/1338 1344/1344/1344
f 1344/1344/1344 1345/1345/1345 1343/1343/1343
f 1346/1346/1346 1344/1344/1344 1338/1338/1338
f 1346/1346/1346 1338/1338/1338 1335/1335/1335
f 1332/1332/1332 1334/1334/1334 1347/1347/1347
f 1339/1339/1339 1347/1347/1347 1334/1334/1334
f 1347/1347/1347 1348/1348/1348 1332/1332/1332
f 1327/1327/1327 1332/1332/1332 1348/1348/1348
f 1327/1327/1327 1348/1348/1348 1328/1328/1328
f 1351/1351/1351 1350/1350/1350 1349/1349/1349
f 1352/1352/1352 1349/1349/1349 1350/1350/1350
f 1349/1349/1349 1290/1290/1290 1351/1351/1351
f 1291/1291/1291 1351/1351/1351 1290/1290/1290
f 1352/1352/1352 1353/1353/1353 1349/1349/1349
f 1354/1354/1354 1349/1349/1349 1353/1353/1353
f 1290/1290/1290 1349/1349/1349 1298/1298/1298
f 1354/1354/1354 1298/1298/1298 1349/1349/1349
f 1354/1354/1354 1355/1355/1355 1298/1298/1298
f 1299/1299/1299 1298/1298/1298 1355/1355/1355
f 1354/1354/1354 1353/1353/1353 1356/1356/1356
f 1354/1354/1354 1356/1356/1356 1355/1355/1355
f 1357/1357/1357 1356/1356/1356 1353/1353/1353
f 1356/1356/1356 1357/1357/1357 1358/1358/1358
f 1356/1356/1356 1358/1358/1358 1359/1359/1359
f 1359/1359/1359 1355/1355/1355 1356/1356/1356
f 1360/1360/1360 1359/1359/1359 1358/1358/1358
f 1361/1361/1361 1358/1358/1358 1357/1357/1357
f 1364/1364/1364 1363/1363/1363 1362/1362/1362
f 1363/1363/1363 1365/1365/1365 1362/1362/1362
f 1366/1366/1366 1362/1362/1362 1365/1365/1365
f 1365/1365/1365 1367/1367/1367 1366/1366/1366
f 1366/1366/1366 1368/1368/1368 1362/1362/1362
f 1368/1368/1368 1366/1366/1366 1369/1369/1369
f 1366/1366/1366 1367/1367/1367 1370/1370/1370
f 1371/1371/1371 1370/1370/1370 1367/1367/1367
f 1370/1370/1370 1371/1371/1371 1372/1372/1372
f 1372/1372/1372 1373/1373/1373 1370/1370/1370
f 1374/1374/1374 1370/1370/1370 1373/1373/1373
f 1370/1370/1370 1374/1374/1374 1366/1366/1366
f 1375/1375/1375 1366/1366/1366 1374/1374/1374
f 1366/1366/1366 1375/1375/1375 1369/1369/1369
f 1373/1373/1373 1376/1376/1376 1374/1374/1374
f 1377/1377/1377 1374/1374/1374 1376/1376/1376
f 1375/1375/1375 1374/1374/1374 1377/1377/1377
f 1376/1376/1376 1378/1378/1378 1377/1377/1377
f 1379/1379/1379 1377/1377/1377 1378/1378/1378
f 1380/1380/1380 1379/1379/1379 1378/1378/1378
f 1380/1380/1380 1381/1381/1381 1379/1379/1379
f 1382/1382/1382 1379/1379/1379 1381/1381/1381
f 1377/1377/1377 1379/1379/1379 1382/1382/1382
f 1381/1381/1381 1383/1383/1383 1382/1382/1382
f 1384/1384/1384 1382/1382/1382 1383/1383/1383
f 1383/1383/1383 1385/1385/1385 1384/1384/1384
f 1386/1386/1386 1384/1384/1384 1385/1385/1385
f 1385/1385/1385 1387/1387/1387 1386/1386/1386
f 1388/1388/1388 1386/1386/1386 1387/1387/1387
f 1386/1386/1386 1388/1388/1388 1389/1389/1389
f 1390/1390/1390 1389/1389/1389 1388/1388/1388
f 1388/1388/1388 1391/1391/1391 1390/1390/1390
f 1392/1392/1392 1390/1390/1390 1391/1391/1391
f 1390/1390/1390 1392/1392/1392 1393/1393/1393
f 1390/1390/1390 1393/1393/1393 1389/1389/1389
f 1394/1394/1394 1393/1393/1393 1392/1392/1392
f 1395/1395/1395 1393/1393/1393 1394/1394/1394
f 1389/1389/1389 1396/1396/1396 1386/1386/1386
f 1384/1384/1384 1397/1397/1397 1382/1382/1382
f 1384/1384/1384 1386/1386/1386 1397/1397/1397
f 1396/1396/1396 1397/1397/1397 1386/1386/1386
f 1387/1387/1387 1398/1398/1398 1388/1388/1388
f 1399/1399/1399 1388/1388/1388 1398/1398/1398
f 1388/1388/1388 1399/1399/1399 1391/1391/1391
f 1402/1402/1402 1401/1401/1401 1400/1400/1400
f 1402/1402/1402 1403/1403/1403 1401/1401/1401
f 1404/1404/1404 1401/1401/1401 1403/1403/1403
f 1403/1403/1403 1405/1405/1405 1404/1404/1404
f 1406/1406/1406 1404/1404/1404 1405/1405/1405
f 1406/1406/1406 1405/1405/1405 1407/1407/1407
f 1407/1407/1407 1408/1408/1408 1406/1406/1406
f 1409/1409/1409 1406/1406/1406 1408/1408/1408
f 1409/1409/1409 1408/1408/1408 1410/1410/1410
f 1413/1413/1413 1412/1412/1412 1411/1411/1411
f 1414/1414/1414 1411/1411/1411 1412/1412/1412
f 1415/1415/1415 1412/1412/1412 1413/1413/1413
f 1415/1415/1415 1416/1416/1416 1412/1412/1412
f 1412/1412/1412 1416/1416/1416 1417/1417/1417
f 1418/1418/1418 1417/1417/1417 1416/1416/1416
f 1417/1417/1417 1418/1418/1418 1419/1419/1419
f 1420/1420/1420 1419/1419/1419 1418/1418/1418
f 1420/1420/1420 1421/1421/1421 1419/1419/1419
f 1422/1422/1422 1419/1419/1419 1421/1421/1421
f 1419/1419/1419 1422/1422/1422 1423/1423/1423
f 1419/1419/1419 1423/1423/1423 1417/1417/1417
f 1424/1424/1424 1423/1423/1423 1422/1422/1422
f 1425/1425/1425 1417/1417/1417 1423/1423/1423
f 1417/1417/1417 1425/1425/1425 1412/1412/1412
f 1426/1426/1426 1412/1412/1412 1425/1425/1425
f 1426/1426/1426 1414/1414/1414 1412/1412/1412
f 1413/1413/1413 1411/1411/1411 1427/1427/1427
f 1413/1413/1413 1427/1427/1427 1415/1415/1415
f 1428/1428/1428 1427/1427/1427 1411/1411/1411
f 1411/1411/1411 1414/1414/1414 1428/1428/1428
f 1428/1428/1428 1429/1429/1429 1427/1427/1427
f 1430/1430/1430 1427/1427/1427 1429/1429/1429
f 1430/1430/1430 1429/1429/1429 1431/1431/1431
f 1432/1432/1432 1431/1431/1431 1429/1429/1429
f 1431/1431/1431 1432/1432/1432 1433/1433/1433
f 1434/1434/1434 1433/1433/1433 1432/1432/1432
f 1432/1432/1432 1435/1435/1435 1434/1434/1434
f 1432/1432/1432 1429/1429/1429 1435/1435/1435
f 1436/1436/1436 1434/1434/1434 1435/1435/1435
f 1433/1433/1433 1437/1437/1437 1431/1431/1431
f 1438/1438/1438 1431/1431/1431 1437/1437/1437
f 1430/1430/1430 1431/1431/1431 1439/1439/1439
f 1438/1438/1438 1439/1439/1439 1431/1431/1431
f 1440/1440/1440 1435/1435/1435 1429/1429/1429
f 1429/1429/1429 1428/1428/1428 1440/1440/1440
f 1439/1439/1439 1441/1441/1441 1430/1430/1430
f 1427/1427/1427 1430/1430/1430 1441/1441/1441
f 1442/1442/1442 1440/1440/1440 1428/1428/1428
f 1442/1442/1442 1428/1428/1428 1414/1414/1414
f 1443/1443/1443 1433/1433/1433 1434/1434/1434
f 1443/1443/1443 1434/1434/1434 1436/1436/1436
f 1443/1443/1443 1437/1437/1437 1433/1433/1433
f 1441/1441/1441 1415/1415/1415 1427/1427/1427
f 1446/1446/1446 1445/1445/1445 1444/1444/1444
f 1447/1447/1447 1444/1444/1444 1445/1445/1445
f 1446/1446/1446 1448/1448/1448 1445/1445/1445
f 1449/1449/1449 1445/1445/1445 1448/1448/1448
f 1444/1444/1444 1450/1450/1450 1446/1446/1446
f 1451/1451/1451 1446/1446/1446 1450/1450/1450
f 1451/1451/1451 1452/1452/1452 1446/1446/1446
f 1448/1448/1448 1446/1446/1446 1452/1452/1452
f 1455/1455/1455 1454/1454/1454 1453/1453/1453
f 1456/1456/1456 1453/1453/1453 1454/1454/1454
f 1456/1456/1456 1457/1457/1457 1453/1453/1453
f 1458/1458/1458 1453/1453/1453 1457/1457/1457
f 1456/1456/1456 1454/1454/1454 1459/1459/1459
f 1460/1460/1460 1459/1459/1459 1454/1454/1454
f 1459/1459/1459 1460/1460/1460 1461/1461/1461
f 1462/1462/1462 1461/1461/1461 1460/1460/1460
f 1461/1461/1461 1462/1462/1462 1463/1463/1463
f 1464/1464/1464 1463/1463/1463 1462/1462/1462
f 1463/1463/1463 1464/1464/1464 1465/1465/1465
f 1466/1466/1466 1465/1465/1465 1464/1464/1464
f 1466/1466/1466 1467/1467/1467 1465/1465/1465
f 1468/1468/1468 1465/1465/1465 1467/1467/1467
f 1468/1468/1468 1467/1467/1467 1469/1469/1469
f 1470/1470/1470 1469/1469/1469 1467/1467/1467
f 1469/1469/1469 1470/1470/1470 1471/1471/1471
f 1472/1472/1472 1471/1471/1471 1470/1470/1470
f 1471/1471/1471 1472/1472/1472 1473/1473/1473
f 1459/1459/1459 1461/1461/1461 1474/1474/1474
f 1475/1475/1475 1474/1474/1474 1461/1461/1461
f 1461/1461/1461 1463/1463/1463 1475/1475/1475
f 1476/1476/1476 1475/1475/1475 1463/1463/1463
f 1463/1463/1463 1465/1465/1465 1476/1476/1476
f 1477/1477/1477 1476/1476/1476 1465/1465/1465
f 1465/1465/1465 1468/1468/1468 1477/1477/1477
f 1478/1478/1478 1477/1477/1477 1468/1468/1468
f 1468/1468/1468 1469/1469/1469 1478/1478/1478
f 1479/1479/1479 1478/1478/1478 1469/1469/1469
f 1479/1479/1479 1469/1469/1469 1480/1480/1480
f 1471/1471/1471 1480/1480/1480 1469/1469/1469
f 1471/1471/1471 1473/1473/1473 1480/1480/1480
f 1479/1479/1479 1480/1480/1480 1481/1481/1481
f 1480/1480/1480 1482/1482/1482 1481/1481/1481
f 1482/1482/1482 1480/1480/1480 1473/1473/1473
f 1457/1457/1457 1456/1456/1456 1474/1474/1474
f 1459/1459/1459 1474/1474/1474 1456/1456/1456
f 1485/1485/1485 1484/1484/1484 1483/1483/1483
f 1486/1486/1486 1483/1483/1483 1484/1484/1484
f 1486/1486/1486 1484/1484/1484 1487/1487/1487
f 1488/1488/1488 1487/1487/1487 1484/1484/1484
f 1484/1484/1484 1485/1485/1485 1489/1489/1489
f 1484/1484/1484 1489/1489/1489 1488/1488/1488
f 1490/1490/1490 1489/1489/1489 1485/1485/1485
f 1489/1489/1489 1490/1490/1490 1491/1491/1491
f 1492/1492/1492 1491/1491/1491 1490/1490/1490
f 1489/1489/1489 1491/1491/1491 1493/1493/1493
f 1493/1493/1493 1488/1488/1488 1489/1489/1489
f 1494/1494/1494 1493/1493/1493 1491/1491/1491
f 1491/1491/1491 1453/1453/1453 1494/1494/1494
f 1491/1491/1491 1492/1492/1492 1453/1453/1453
f 1458/1458/1458 1494/1494/1494 1453/1453/1453
f 1455/1455/1455 1453/1453/1453 1492/1492/1492
f 1497/1497/1497 1496/1496/1496 1495/1495/1495
f 1497/1497/1497 1495/1495/1495 1498/1498/1498
f 1499/1499/1499 1498/1498/1498 1495/1495/1495
f 1498/1498/1498 1499/1499/1499 1500/1500/1500
f 1498/1498/1498 1500/1500/1500 1501/1501/1501
f 1497/1497/1497 1498/1498/1498 1502/1502/1502
f 1501/1501/1501 1502/1502/1502 1498/1498/1498
f 1496/1496/1496 1497/1497/1497 1502/1502/1502
f 1505/1505/1505 1504/1504/1504 1503/1503/1503
f 1506/1506/1506 1503/1503/1503 1504/1504/1504
f 1505/1505/1505 1507/1507/1507 1504/1504/1504
f 1508/1508/1508 1504/1504/1504 1507/1507/1507
f 1511/1511/1511 1510/1510/1510 1509/1509/1509
f 1512/1512/1512 1509/1509/1509 1510/1510/1510
f 1510/1510/1510 1513/1513/1513 1512/1512/1512
f 1514/1514/1514 1512/1512/1512 1513/1513/1513
f 1513/1513/1513 1515/1515/1515 1514/1514/1514
f 1516/1516/1516 1514/1514/1514 1515/1515/1515
f 1515/1515/1515 1517/1517/1517 1516/1516/1516
f 1518/1518/1518 1516/1516/1516 1517/1517/1517
f 1517/1517/1517 1519/1519/1519 1518/1518/1518
f 1520/1520/1520 1518/1518/1518 1519/1519/1519
f 1509/1509/1509 1521/1521/1521 1511/1511/1511
f 1522/1522/1522 1511/1511/1511 1521/1521/1521
f 1519/1519/1519 1523/1523/1523 1520/1520/1520
f 1524/1524/1524 1520/1520/1520 1523/1523/1523
f 1523/1523/1523 1525/1525/1525 1524/1524/1524
f 1526/1526/1526 1524/1524/1524 1525/1525/1525
f 1525/1525/1525 1527/1527/1527 1526/1526/1526
f 1528/1528/1528 1526/1526/1526 1527/1527/1527
f 1527/1527/1527 1529/1529/1529 1528/1528/1528
f 1530/1530/1530 1528/1528/1528 1529/1529/1529
f 1529/1529/1529 1531/1531/1531 1530/1530/1530
f 1532/1532/1532 1530/1530/1530 1531/1531/1531
f 1531/1531/1531 1533/1533/1533 1532/1532/1532
f 1534/1534/1534 1532/1532/1532 1533/1533/1533
f 1537/1537/1537 1536/1536/1536 1535/1535/1535
f 1540/1540/1540 1539/1539/1539 1538/1538/1538
f 1541/1541/1541 1538/1538/1538 1539/1539/1539
f 1544/1544/1544 1543/1543/1543 1542/1542/1542
f 1545/1545/1545 1542/1542/1542 1543/1543/1543
f 1548/1548/1548 1547/1547/1547 1546/1546/1546
f 1549/1549/1549 1546/1546/1546 1547/1547/1547
f 1546/1546/1546 1549/1549/1549 1550/1550/1550
f 1551/1551/1551 1550/1550/1550 1549/1549/1549
f 1550/1550/1550 1551/1551/1551 1552/1552/1552
f 1553/1553/1553 1552/1552/1552 1551/1551/1551
f 1547/1547/1547 1548/1548/1548 1553/1553/1553
f 1552/1552/1552 1553/1553/1553 1548/1548/1548
f 1556/1556/1556 1555/1555/1555 1554/1554/1554
f 1557/1557/1557 1554/1554/1554 1555/1555/1555
f 1555/1555/1555 1558/1558/1558 1557/1557/1557
f 1559/1559/1559 1557/1557/1557 1558/1558/1558
f 1557/1557/1557 1559/1559/1559 1560/1560/1560
f 1561/1561/1561 1560/1560/1560 1559/1559/1559
f 1560/1560/1560 1561/1561/1561 1562/1562/1562
f 1555/1555/1555 1562/1562/1562 1558/1558/1558
f 1563/1563/1563 1562/1562/1562 1561/1561/1561
f 1563/1563/1563 1558/1558/1558 1562/1562/1562
f 1562/1562/1562 1564/1564/1564 1560/1560/1560
f 1565/1565/1565 1560/1560/1560 1564/1564/1564
f 1568/1568/1568 1567/1567/1567 1566/1566/1566
f 1569/1569/1569 1566/1566/1566 1567/1567/1567
f 1571/1571/1571 1570/1570/1570 288/288/288
f 1572/1572/1572 288/288/288 1570/1570/1570
f 1570/1570/1570 1571/1571/1571 1573/1573/1573
f 288/288/288 1574/1574/1574 1571/1571/1571
f 288/288/288 1575/1575/1575 1574/1574/1574
f 1576/1576/1576 1571/1571/1571 1574/1574/1574
f 1576/1576/1576 1573/1573/1573 1571/1571/1571
f 1576/1576/1576 1574/1574/1574 1577/1577/1577
f 1576/1576/1576 1577/1577/1577 1578/1578/1578
f 1576/1576/1576 1578/1578/1578 1573/1573/1573
f 1579/1579/1579 1578/1578/1578 1577/1577/1577
f 1579/1579/1579 1580/1580/1580 1578/1578/1578
f 1581/1581/1581 1578/1578/1578 1580/1580/1580
f 1581/1581/1581 1573/1573/1573 1578/1578/1578
f 1573/1573/1573 1581/1581/1581 292/292/292
f 1573/1573/1573 292/292/292 1570/1570/1570
f 1582/1582/1582 292/292/292 1581/1581/1581
f 1581/1581/1581 1583/1583/1583 1582/1582/1582
f 1580/1580/1580 1584/1584/1584 1581/1581/1581
f 1583/1583/1583 1581/1581/1581 1584/1584/1584
f 1584/1584/1584 1585/1585/1585 1583/1583/1583
f 1586/1586/1586 1583/1583/1583 1585/1585/1585
f 1583/1583/1583 1586/1586/1586 1582/1582/1582
f 1585/1585/1585 1587/1587/1587 1586/1586/1586
f 1588/1588/1588 1586/1586/1586 1587/1587/1587
f 1586/1586/1586 1588/1588/1588 1582/1582/1582
f 1582/1582/1582 268/268/268 292/292/292
f 1587/1587/1587 1589/1589/1589 1588/1588/1588
f 1590/1590/1590 1588/1588/1588 1589/1589/1589
f 1589/1589/1589 1591/1591/1591 1590/1590/1590
f 1592/1592/1592 1590/1590/1590 1591/1591/1591
f 1592/1592/1592 1593/1593/1593 1590/1590/1590
f 1594/1594/1594 1590/1590/1590 1593/1593/1593
f 1588/1588/1588 1590/1590/1590 1594/1594/1594
f 1594/1594/1594 1582/1582/1582 1588/1588/1588
f 1594/1594/1594 268/268/268 1582/1582/1582
f 264/264/264 1593/1593/1593 1592/1592/1592
f 264/264/264 1592/1592/1592 1595/1595/1595
f 1596/1596/1596 1595/1595/1595 1592/1592/1592
f 1593/1593/1593 264/264/264 266/266/266
f 1593/1593/1593 266/266/266 1594/1594/1594
f 268/268/268 1594/1594/1594 266/266/266
f 1598/1598/1598 264/264/264 1597/1597/1597
f 1599/1599/1599 1597/1597/1597 264/264/264
f 1598/1598/1598 262/262/262 264/264/264
f 1598/1598/1598 239/239/239 262/262/262
f 243/243/243 262/262/262 239/239/239
f 262/262/262 243/243/243 248/248/248
f 239/239/239 1598/1598/1598 238/238/238
f 1597/1597/1597 238/238/238 1598/1598/1598
f 1596/1596/1596 1601/1601/1601 1600/1600/1600
f 576/576/576 1600/1600/1600 1601/1601/1601
f 1602/1602/1602 576/576/576 1601/1601/1601
f 1601/1601/1601 1603/1603/1603 1602/1602/1602
f 1601/1601/1601 1604/1604/1604 1603/1603/1603
f 1605/1605/1605 1603/1603/1603 1604/1604/1604
f 1603/1603/1603 1605/1605/1605 1606/1606/1606
f 1607/1607/1607 1606/1606/1606 1605/1605/1605
f 1606/1606/1606 1607/1607/1607 1608/1608/1608
f 1609/1609/1609 1608/1608/1608 1607/1607/1607
f 1608/1608/1608 1609/1609/1609 1610/1610/1610
f 1611/1611/1611 1610/1610/1610 1609/1609/1609
f 1610/1610/1610 1611/1611/1611 1612/1612/1612
f 1610/1610/1610 1612/1612/1612 1613/1613/1613
f 1608/1608/1608 1610/1610/1610 1613/1613/1613
f 1608/1608/1608 1613/1613/1613 1606/1606/1606
f 1613/1613/1613 1612/1612/1612 600/600/600
f 1614/1614/1614 600/600/600 1612/1612/1612
f 1615/1615/1615 1612/1612/1612 1611/1611/1611
f 1612/1612/1612 1615/1615/1615 1616/1616/1616
f 1612/1612/1612 1616/1616/1616 1614/1614/1614
f 1617/1617/1617 1616/1616/1616 1615/1615/1615
f 1617/1617/1617 1618/1618/1618 1616/1616/1616
f 1619/1619/1619 1616/1616/1616 1618/1618/1618
f 1619/1619/1619 1614/1614/1614 1616/1616/1616
f 1619/1619/1619 1618/1618/1618 1620/1620/1620
f 1619/1619/1619 1620/1620/1620 1621/1621/1621
f 1614/1614/1614 1619/1619/1619 1621/1621/1621
f 1621/1621/1621 1622/1622/1622 1614/1614/1614
f 1614/1614/1614 1622/1622/1622 600/600/600
f 1621/1621/1621 1623/1623/1623 1622/1622/1622
f 1623/1623/1623 1621/1621/1621 1620/1620/1620
f 1624/1624/1624 1622/1622/1622 1623/1623/1623
f 1623/1623/1623 1620/1620/1620 1625/1625/1625
f 580/580/580 1613/1613/1613 600/600/600
f 596/596/596 1624/1624/1624 1623/1623/1623
f 1624/1624/1624 596/596/596 1622/1622/1622
f 1623/1623/1623 1626/1626/1626 596/596/596
f 1627/1627/1627 596/596/596 1626/1626/1626
f 1628/1628/1628 1626/1626/1626 1623/1623/1623
f 598/598/598 1622/1622/1622 596/596/596
f 598/598/598 600/600/600 1622/1622/1622
f 582/582/582 580/580/580 600/600/600
f 600/600/600 599/599/599 582/582/582
f 584/584/584 582/582/582 599/599/599
f 1630/1630/1630 1629/1629/1629 1620/1620/1620
f 1630/1630/1630 1574/1574/1574 1629/1629/1629
f 1630/1630/1630 1631/1631/1631 1574/1574/1574
f 1630/1630/1630 1620/1620/1620 1632/1632/1632
f 580/580/580 1633/1633/1633 1613/1613/1613
f 1633/1633/1633 1606/1606/1606 1613/1613/1613
f 1603/1603/1603 1606/1606/1606 1633/1633/1633
f 1633/1633/1633 1602/1602/1602 1603/1603/1603
f 580/580/580 578/578/578 1633/1633/1633
f 1602/1602/1602 1633/1633/1633 578/578/578
f 576/576/576 1602/1602/1602 578/578/578
f 1635/1635/1635 576/576/576 1634/1634/1634
f 1636/1636/1636 1634/1634/1634 576/576/576
f 1636/1636/1636 576/576/576 574/574/574
f 1636/1636/1636 574/574/574 552/552/552
f 555/555/555 552/552/552 574/574/574
f 574/574/574 560/560/560 555/555/555
f 1634/1634/1634 1636/1636/1636 550/550/550
f 552/552/552 550/550/550 1636/1636/1636
f 1572/1572/1572 285/285/285 288/288/288
f 1572/1572/1572 1570/1570/1570 285/285/285
f 290/290/290 285/285/285 1570/1570/1570
f 290/290/290 1570/1570/1570 292/292/292
f 268/268/268 270/270/270 292/292/292
f 292/292/292 270/270/270 291/291/291
f 272/272/272 291/291/291 270/270/270
f 291/291/291 272/272/272 284/284/284
f 1639/1639/1639 1638/1638/1638 1637/1637/1637
f 1640/1640/1640 301/301/301 300/300/300
f 1643/1643/1643 1642/1642/1642 1641/1641/1641
f 606/606/606 1644/1644/1644 610/610/610
f 1647/1647/1647 1646/1646/1646 1645/1645/1645
f 1648/1648/1648 1645/1645/1645 1646/1646/1646
f 1646/1646/1646 1647/1647/1647 1649/1649/1649
f 1650/1650/1650 1649/1649/1649 1647/1647/1647
f 1649/1649/1649 1650/1650/1650 1651/1651/1651
f 1652/1652/1652 1651/1651/1651 1650/1650/1650
f 1651/1651/1651 1652/1652/1652 1653/1653/1653
f 1654/1654/1654 1653/1653/1653 1652/1652/1652
f 1653/1653/1653 1654/1654/1654 1655/1655/1655
f 1656/1656/1656 1655/1655/1655 1654/1654/1654
f 1655/1655/1655 1656/1656/1656 1657/1657/1657
f 1658/1658/1658 1657/1657/1657 1656/1656/1656
f 1657/1657/1657 1658/1658/1658 1659/1659/1659
f 1660/1660/1660 1659/1659/1659 1658/1658/1658
f 1659/1659/1659 1660/1660/1660 1661/1661/1661
f 1662/1662/1662 1661/1661/1661 1660/1660/1660
f 1661/1661/1661 1662/1662/1662 1663/1663/1663
f 1664/1664/1664 1663/1663/1663 1662/1662/1662
f 1663/1663/1663 1664/1664/1664 1665/1665/1665
f 1666/1666/1666 1665/1665/1665 1664/1664/1664
f 1669/1669/1669 1668/1668/1668 1667/1667/1667
f 1669/1669/1669 1667/1667/1667 1670/1670/1670
f 1669/1669/1669 1670/1670/1670 1671/1671/1671
f 1669/1669/1669 1671/1671/1671 1672/1672/1672
f 1669/1669/1669 1672/1672/1672 1673/1673/1673
f 1669/1669/1669 1673/1673/1673 1674/1674/1674
f 1669/1669/1669 1674/1674/1674 1675/1675/1675
f 1669/1669/1669 1675/1675/1675 1676/1676/1676
f 1669/1669/1669 1676/1676/1676 1677/1677/1677
f 1669/1669/1669 1677/1677/1677 1668/1668/1668
f 1680/1680/1680 1679/1679/1679 1678/1678/1678
f 1681/1681/1681 1680/1680/1680 1678/1678/1678
f 1682/1682/1682 1681/1681/1681 1678/1678/1678
f 1683/1683/1683 1682/1682/1682 1678/1678/1678
f 1684/1684/1684 1683/1683/1683 1678/1678/1678
f 1685/1685/1685 1684/1684/1684 1678/1678/1678
f 1686/1686/1686 1685/1685/1685 1678/1678/1678
f 1687/1687/1687 1686/1686/1686 1678/1678/1678
f 1688/1688/1688 1687/1687/1687 1678/1678/1678
f 1679/1679/1679 1688/1688/1688 1678/1678/1678
f 1691/1691/1691 1690/1690/1690 1689/1689/1689
f 1692/1692/1692 1689/1689/1689 1690/1690/1690
f 1689/1689/1689 1693/1693/1693 1691/1691/1691
f 1694/1694/1694 1691/1691/1691 1693/1693/1693
f 1697/1697/1697 1696/1696/1696 1695/1695/1695
f 1698/1698/1698 1695/1695/1695 1696/1696/1696
f 1701/1701/1701 1700/1700/1700 1699/1699/1699
f 1702/1702/1702 1699/1699/1699 1700/1700/1700
f 1699/1699/1699 1703/1703/1703 1701/1701/1701
f 1704/1704/1704 1701/1701/1701 1703/1703/1703
f 1707/1707/1707 1706/1706/1706 1705/1705/1705
f 1708/1708/1708 1705/1705/1705 1706/1706/1706
f 1706/1706/1706 1709/1709/1709 1708/1708/1708
f 1710/1710/1710 1708/1708/1708 1709/1709/1709
f 1705/1705/1705 1711/1711/1711 1707/1707/1707
f 1712/1712/1712 1707/1707/1707 1711/1711/1711
f 1710/1710/1710 1713/1713/1713 1708/1708/1708
f 1714/1714/1714 1708/1708/1708 1713/1713/1713
f 1708/1708/1708 1714/1714/1714 1705/1705/1705
f 1714/1714/1714 1713/1713/1713 1715/1715/1715
f 1715/1715/1715 1716/1716/1716 1714/1714/1714
f 1717/1717/1717 1714/1714/1714 1716/1716/1716
f 1717/1717/1717 1705/1705/1705 1714/1714/1714
f 1705/1705/1705 1717/1717/1717 1711/1711/1711
f 1718/1718/1718 1715/1715/1715 1713/1713/1713
f 1716/1716/1716 1719/1719/1719 1717/1717/1717
f 1720/1720/1720 1717/1717/1717 1719/1719/1719
f 1720/1720/1720 1711/1711/1711 1717/1717/1717
f 1709/1709/1709 1721/1721/1721 1710/1710/1710
f 1722/1722/1722 1710/1710/1710 1721/1721/1721
f 1721/1721/1721 1723/1723/1723 1722/1722/1722
f 1724/1724/1724 1722/1722/1722 1723/1723/1723
f 1724/1724/1724 1725/1725/1725 1722/1722/1722
f 1726/1726/1726 1722/1722/1722 1725/1725/1725
f 1713/1713/1713 1726/1726/1726 1718/1718/1718
f 1726/1726/1726 1725/1725/1725 1727/1727/1727
f 1727/1727/1727 1718/1718/1718 1726/1726/1726
f 1728/1728/1728 1727/1727/1727 1725/1725/1725
f 1713/1713/1713 1710/1710/1710 1726/1726/1726
f 1722/1722/1722 1726/1726/1726 1710/1710/1710
f 1731/1731/1731 1730/1730/1730 1729/1729/1729
f 1732/1732/1732 1729/1729/1729 1730/1730/1730
f 1735/1735/1735 1734/1734/1734 1733/1733/1733
f 1738/1738/1738 1737/1737/1737 1736/1736/1736
f 1741/1741/1741 1740/1740/1740 1739/1739/1739
f 1742/1742/1742 1739/1739/1739 1740/1740/1740
f 1739/1739/1739 1742/1742/1742 1743/1743/1743
f 1744/1744/1744 1743/1743/1743 1742/1742/1742
f 1741/1741/1741 1745/1745/1745 1740/1740/1740
f 1746/1746/1746 1740/1740/1740 1745/1745/1745
f 1749/1749/1749 1748/1748/1748 1747/1747/1747
f 1750/1750/1750 1747/1747/1747 1748/1748/1748
f 1747/1747/1747 1750/1750/1750 1751/1751/1751
f 1752/1752/1752 1751/1751/1751 1750/1750/1750
f 1755/1755/1755 1754/1754/1754 1753/1753/1753
f 1756/1756/1756 1753/1753/1753 1754/1754/1754
f 1753/1753/1753 1756/1756/1756 1757/1757/1757
f 1758/1758/1758 1757/1757/1757 1756/1756/1756
f 1755/1755/1755 1753/1753/1753 1759/1759/1759
f 1760/1760/1760 1759/1759/1759 1753/1753/1753
f 1753/1753/1753 1757/1757/1757 1760/1760/1760
f 1760/1760/1760 1761/1761/1761 1759/1759/1759
f 1762/1762/1762 1759/1759/1759 1761/1761/1761
f 1761/1761/1761 1760/1760/1760 1763/1763/1763
f 1764/1764/1764 1763/1763/1763 1760/1760/1760
f 1764/1764/1764 1760/1760/1760 1757/1757/1757
f 1754/1754/1754 1755/1755/1755 1765/1765/1765
f 1766/1766/1766 1765/1765/1765 1755/1755/1755
f 1765/1765/1765 1766/1766/1766 1767/1767/1767
f 1768/1768/1768 1767/1767/1767 1766/1766/1766
f 1767/1767/1767 1768/1768/1768 1769/1769/1769
f 1770/1770/1770 1769/1769/1769 1768/1768/1768
f 1770/1770/1770 1768/1768/1768 1771/1771/1771
f 1772/1772/1772 1771/1771/1771 1768/1768/1768
f 1768/1768/1768 1766/1766/1766 1772/1772/1772
f 1772/1772/1772 1773/1773/1773 1771/1771/1771
f 1774/1774/1774 1771/1771/1771 1773/1773/1773
f 1775/1775/1775 1772/1772/1772 1766/1766/1766
f 1775/1775/1775 1776/1776/1776 1772/1772/1772
f 1773/1773/1773 1772/1772/1772 1776/1776/1776
f 1776/1776/1776 1775/1775/1775 1762/1762/1762
f 1759/1759/1759 1762/1762/1762 1775/1775/1775
f 1766/1766/1766 1755/1755/1755 1775/1775/1775
f 1759/1759/1759 1775/1775/1775 1755/1755/1755
f 1779/1779/1779 1778/1778/1778 1777/1777/1777
f 1780/1780/1780 1777/1777/1777 1778/1778/1778
f 1783/1783/1783 1782/1782/1782 1781/1781/1781
f 1786/1786/1786 1785/1785/1785 1784/1784/1784
f 1789/1789/1789 1788/1788/1788 1787/1787/1787
f 1790/1790/1790 1787/1787/1787 1788/1788/1788
f 1788/1788/1788 1791/1791/1791 1790/1790/1790
f 1792/1792/1792 1790/1790/1790 1791/1791/1791
f 1791/1791/1791 1793/1793/1793 1792/1792/1792
f 1794/1794/1794 1792/1792/1792 1793/1793/1793
f 1793/1793/1793 1795/1795/1795 1794/1794/1794
f 1796/1796/1796 1794/1794/1794 1795/1795/1795
f 1795/1795/1795 1797/1797/1797 1796/1796/1796
f 1798/1798/1798 1796/1796/1796 1797/1797/1797
f 1797/1797/1797 1799/1799/1799 1798/1798/1798
f 1800/1800/1800 1798/1798/1798 1799/1799/1799
f 1799/1799/1799 1801/1801/1801 1800/1800/1800
f 1802/1802/1802 1800/1800/1800 1801/1801/1801
f 1801/1801/1801 1803/1803/1803 1802/1802/1802
f 1804/1804/1804 1802/1802/1802 1803/1803/1803
f 1803/1803/1803 1805/1805/1805 1804/1804/1804
f 1806/1806/1806 1804/1804/1804 1805/1805/1805
f 1805/1805/1805 1807/1807/1807 1806/1806/1806
f 1808/1808/1808 1806/1806/1806 1807/1807/1807
f 1811/1811/1811 1810/1810/1810 1809/1809/1809
f 1809/1809/1809 1810/1810/1810 1812/1812/1812
f 1812/1812/1812 1810/1810/1810 1813/1813/1813
f 1813/1813/1813 1810/1810/1810 1814/1814/1814
f 1814/1814/1814 1810/1810/1810 1815/1815/1815
f 1815/1815/1815 1810/1810/1810 1816/1816/1816
f 1816/1816/1816 1810/1810/1810 1817/1817/1817
f 1817/1817/1817 1810/1810/1810 1818/1818/1818
f 1818/1818/1818 1810/1810/1810 1819/1819/1819
f 1819/1819/1819 1810/1810/1810 1811/1811/1811
f 1822/1822/1822 1821/1821/1821 1820/1820/1820
f 1821/1821/1821 1823/1823/1823 1820/1820/1820
f 1823/1823/1823 1824/1824/1824 1820/1820/1820
f 1824/1824/1824 1825/1825/1825 1820/1820/1820
f 1825/1825/1825 1826/1826/1826 1820/1820/1820
f 1826/1826/1826 1827/1827/1827 1820/1820/1820
f 1827/1827/1827 1828/1828/1828 1820/1820/1820
f 1828/1828/1828 1829/1829/1829 1820/1820/1820
f 1829/1829/1829 1830/1830/1830 1820/1820/1820
f 1830/1830/1830 1822/1822/1822 1820/1820/1820
