g NPC_Nan_005
v 0.338451 0.09189218 1.254531
v 0.3259508 0.1278283 1.163925
v 0.3630021 0.07880402 1.194488
v 0.2971511 0.1353639 1.224215
v 0.3233752 0.03009009 1.16857
v 0.2897261 0.02303392 1.226621
v 0.2857597 0.09259957 1.138271
v 0.2374949 0.08697546 1.191173
v 0.4051134 0.07184333 1.142019
v 0.3539346 0.01006508 1.121677
v 0.3627613 0.1344678 1.105403
v 0.3630021 0.07880402 1.194488
v 0.4427484 0.05842537 1.04514
v 0.3982764 0.01545918 1.036371
v 0.3539346 0.01006508 1.121677
v 0.3084558 0.08055723 1.083317
v 0.4080231 0.09923047 1.017917
v 0.4427484 0.05842537 1.04514
v 0.3641998 0.05821705 1.012645
v 0.2374949 0.08697546 1.191173
v 0.2897261 0.02303392 1.226621
v 0.2857597 0.09259957 1.138271
v 0.3539346 0.01006508 1.121677
v 0.3084558 0.08055723 1.083317
v 0.3641998 0.05821705 1.012645
v 0.4304804 0.07747394 0.9723735
v 0.4427484 0.05842537 1.04514
v 0.4080231 0.09923047 1.017917
v 0.4621984 0.04727483 0.9939564
v 0.398131 0.04807115 0.9667537
v 0.3641998 0.05821705 1.012645
v 0.3982764 0.01545918 1.036371
v 0.4234438 0.01333493 0.9850668
v 0.398131 0.04807115 0.9667537
v 0.3641998 0.05821705 1.012645
v 0.4091622 -0.01384166 0.9385877
v 0.4023947 -0.009517282 0.9030769
v 0.3997236 0.002371013 0.9316987
v 0.4080491 -0.02884793 0.9077029
v 0.4454628 -0.01356611 0.9320393
v 0.4354037 -0.02733558 0.9084407
v 0.4122173 -0.01968491 0.8626733
v 0.4168389 -0.03211346 0.857444
v 0.4331666 -0.02992415 0.8561943
v 0.4279721 -0.0149309 0.8606315
v 0.4339499 0.009032249 0.9091501
v 0.4234438 0.01333493 0.9850668
v 0.4747984 -0.002610832 0.933556
v 0.4454628 -0.01356611 0.9320393
v 0.4621984 0.04727483 0.9939564
v 0.4942592 0.02139139 0.8648908
v 0.488863 0.03467482 0.9288388
v 0.4837835 -0.0161525 0.8723158
v 0.4858925 0.06134158 0.8627948
v 0.4806742 0.07414985 0.9159894
v 0.4558301 0.07319945 0.9022003
v 0.4651884 0.06204891 0.8628664
v 0.4584837 -0.01984113 0.8217402
v 0.4659001 0.04773045 0.8263619
v 0.4645591 0.01644212 0.8163939
v 0.4621984 0.04727483 0.9939564
v 0.4304804 0.07747394 0.9723735
v 0.4621984 0.04727483 0.9939564
v 0.4122173 -0.01968491 0.8626733
v 0.4168389 -0.03211346 0.857444
v 0.4279721 -0.0149309 0.8606315
v 0.4080491 -0.02884793 0.9077029
v 0.4331666 -0.02992415 0.8561943
v 0.4747984 -0.002610832 0.933556
v 0.4837835 -0.0161525 0.8723158
v 0.4647024 -0.01004019 0.9177186
v 0.4454628 -0.01356611 0.9320393
v 0.4339499 0.009032249 0.9091501
v 0.4651884 0.06204891 0.8628664
v 0.4558301 0.07319945 0.9022003
v 0.4616126 -0.007657766 0.868191
v 0.4645591 0.01644212 0.8163939
v 0.4659001 0.04773045 0.8263619
v 0.4584837 -0.01984113 0.8217402
v 0.4304804 0.07747394 0.9723735
v 0.398131 0.04807115 0.9667537
v 0.3997236 0.002371013 0.9316987
v 0.4023947 -0.009517282 0.9030769
v 0.4122173 -0.01968491 0.8626733
v 0.4279721 -0.0149309 0.8606315
v 0.4234438 0.01333493 0.9850668
v 0.4837835 -0.0161525 0.8723158
v 0.4339499 0.009032249 0.9091501
v 0.4647024 -0.01004019 0.9177186
v 0.4616126 -0.007657766 0.868191
v 0.4584837 -0.01984113 0.8217402
v 0.4454628 -0.01356611 0.9320393
v -0.3384476 0.09189218 1.254531
v -0.3259475 0.1278283 1.163925
v -0.2971479 0.1353639 1.224215
v -0.3629966 0.07880402 1.194488
v -0.2857565 0.09259957 1.138271
v -0.2374873 0.08697546 1.191173
v -0.3627536 0.1344678 1.105403
v -0.3629966 0.07880402 1.194488
v -0.4051079 0.07184333 1.142019
v -0.3233719 0.03009009 1.16857
v -0.2897228 0.02303392 1.226621
v -0.3384476 0.09189218 1.254531
v -0.3539291 0.01006508 1.121677
v -0.4427429 0.05842537 1.04514
v -0.3982731 0.01545918 1.036371
v -0.3539291 0.01006508 1.121677
v -0.3084503 0.08055723 1.083317
v -0.408022 0.09923047 1.017917
v -0.4427429 0.05842537 1.04514
v -0.3641965 0.05821705 1.012645
v -0.2374873 0.08697546 1.191173
v -0.2857565 0.09259957 1.138271
v -0.2897228 0.02303392 1.226621
v -0.3539291 0.01006508 1.121677
v -0.3084503 0.08055723 1.083317
v -0.3641965 0.05821705 1.012645
v -0.4304749 0.07747394 0.9723735
v -0.4427429 0.05842537 1.04514
v -0.462193 0.04727483 0.9939564
v -0.408022 0.09923047 1.017917
v -0.3981255 0.04807115 0.9667537
v -0.3641965 0.05821705 1.012645
v -0.3982731 0.01545918 1.036371
v -0.4234427 0.01333493 0.9850668
v -0.3981255 0.04807115 0.9667537
v -0.3641965 0.05821705 1.012645
v -0.4091611 -0.01276761 0.9385877
v -0.4023892 -0.008443236 0.9030769
v -0.4080458 -0.02777389 0.9077029
v -0.3997203 0.003442883 0.9316987
v -0.4454595 -0.01249206 0.9320393
v -0.4353982 -0.02626154 0.9084407
v -0.4122162 -0.01861086 0.8626733
v -0.4168378 -0.03104159 0.857444
v -0.4331633 -0.02885011 0.8561943
v -0.4279689 -0.01385468 0.8606315
v -0.4339445 0.01010633 0.9091501
v -0.4234427 0.01333493 0.9850668
v -0.4747929 -0.001536787 0.933556
v -0.4454595 -0.01249206 0.9320393
v -0.462193 0.04727483 0.9939564
v -0.4942581 0.02246761 0.8648908
v -0.4837824 -0.01507846 0.8723158
v -0.4888618 0.03575104 0.9288388
v -0.4858892 0.0624156 0.8627948
v -0.4806709 0.07522172 0.9159894
v -0.4558224 0.07427567 0.9022003
v -0.4651851 0.06312299 0.8628664
v -0.4584783 -0.01876491 0.8217402
v -0.4658946 0.04880452 0.8263619
v -0.4645537 0.01751614 0.8163939
v -0.462193 0.04727483 0.9939564
v -0.4304749 0.07747394 0.9723735
v -0.462193 0.04727483 0.9939564
v -0.4122162 -0.01861086 0.8626733
v -0.4279689 -0.01385468 0.8606315
v -0.4168378 -0.03104159 0.857444
v -0.4080458 -0.02777389 0.9077029
v -0.4331633 -0.02885011 0.8561943
v -0.4747929 -0.001536787 0.933556
v -0.464699 -0.008963972 0.9177186
v -0.4837824 -0.01507846 0.8723158
v -0.4454595 -0.01249206 0.9320393
v -0.4339445 0.01010633 0.9091501
v -0.4651851 0.06312299 0.8628664
v -0.461605 -0.00658372 0.868191
v -0.4558224 0.07427567 0.9022003
v -0.4645537 0.01751614 0.8163939
v -0.4658946 0.04880452 0.8263619
v -0.4584783 -0.01876491 0.8217402
v -0.4304749 0.07747394 0.9723735
v -0.3981255 0.04807115 0.9667537
v -0.3997203 0.003442883 0.9316987
v -0.4023892 -0.008443236 0.9030769
v -0.4122162 -0.01861086 0.8626733
v -0.4279689 -0.01385468 0.8606315
v -0.4234427 0.01333493 0.9850668
v -0.4837824 -0.01507846 0.8723158
v -0.4339445 0.01010633 0.9091501
v -0.461605 -0.00658372 0.868191
v -0.464699 -0.008963972 0.9177186
v -0.4584783 -0.01876491 0.8217402
v -0.4454595 -0.01249206 0.9320393
v 1.358986E-05 0.03220999 0.7181609
v 0.07056433 0.1535316 0.7713619
v 1.358986E-05 0.1326799 0.7599337
v 0.0328013 0.02059722 0.597002
v 0.1100719 0.1336455 0.589347
v 0.049743 0.04834884 0.4674069
v 0.1148193 0.1212625 0.4767935
v 0.09307373 0.1287569 0.2997364
v 0.07110676 0.06090111 0.3103489
v 0.0777832 0.05977499 0.1852822
v 0.08931997 0.1172267 0.1413504
v 0.09804037 0.006205022 0.08451056
v 0.1116146 0.1028366 0.05879855
v 0.1612876 0.1546751 0.1116546
v 0.1542228 0.1393694 0.054919
v 0.2542284 0.1320225 0.1402286
v 0.2325912 0.1097778 0.0660435
v 0.2590843 0.04145759 0.1847202
v 0.2556626 0.01507729 0.09277749
v 0.1795008 -0.04502153 0.1282904
v 0.1540036 0.1368199 0.1590038
v 0.1779516 -0.02517882 0.1962504
v 0.09804037 0.006205022 0.08451056
v 0.0777832 0.05977499 0.1852822
v 0.275642 0.05140829 0.2442093
v 0.1604088 0.1590646 0.3190215
v 0.2073175 -0.04961282 0.2492107
v 0.2444079 0.1400833 0.3075932
v 0.07110676 0.06090111 0.3103489
v 0.2303846 0.04227781 0.487662
v 0.1554378 -0.05196488 0.4190271
v 0.2094114 0.1105719 0.4780194
v 0.049743 0.04834884 0.4674069
v 0.148041 -0.08358306 0.5214174
v 0.2066253 0.1140566 0.5862854
v 0.2238383 0.02182102 0.5928186
v 0.06344742 -0.05672538 0.6106761
v 0.0328013 0.02059722 0.597002
v 0.1387695 -0.0956254 0.6209239
v 0.1463529 0.1537573 0.8055753
v 1.358986E-05 -0.1419678 0.7838665
v 0.2381112 0.0192281 0.8099734
v 0.1934677 -0.07157978 0.7855872
v 0.1215175 -0.1245747 0.7849036
v 0.2136294 0.1060913 0.8592168
v 0.1153661 0.1715474 0.9042009
v 4.917383E-06 0.1894937 0.8306558
v 1.358986E-05 0.1914443 0.9149479
v 0.0977366 0.1535837 0.9781582
v 1.358986E-05 0.1709399 0.9726425
v 0.1833413 0.09436142 0.9726708
v 0.2219093 0.009503126 0.8813964
v 0.1774916 -0.07937801 0.8665007
v 0.2057075 -0.000217557 0.9528129
v 0.1615197 -0.08717623 0.9474101
v 0.1079563 -0.1345645 0.8676746
v 0.09439945 -0.144552 0.9504435
v 2.008677E-05 -0.1521528 0.867807
v 2.44379E-05 -0.1623378 0.9517453
v 0.2291369 0.04417634 1.096145
v 0.2154889 0.09685236 0.9925612
v 0.2312828 -0.01250723 0.9780302
v 0.1378669 0.1424787 1.118865
v 0.1304787 0.1728058 0.996341
v 1.358986E-05 0.1796255 1.144644
v 0.1912524 0.08886755 1.153981
v 0.2025136 0.0273366 1.179543
v 0.1856934 0.1450759 1.260828
v 0.1753109 0.1623496 1.325422
v 0.200129 -0.003187984 1.267406
v 1.358986E-05 0.1862065 1.338074
v 0.1642928 0.1613147 1.416601
v 1.358986E-05 0.1802027 1.413281
v 1.358986E-05 0.1530065 1.486243
v 0.1323512 0.1294014 1.485835
v 0.1890609 0.06338984 1.490962
v 0.2284469 0.06813085 1.465864
v 0.05797303 0.09900695 1.544437
v 1.358986E-05 0.1059003 1.546105
v 1.358986E-05 0.2042809 0.9970245
v 0.1408503 0.0636003 1.500576
v 0.0878402 0.03732198 1.522261
v 1.358986E-05 0.1709399 0.9726425
v 0.0977366 0.1535837 0.9781582
v 0.1833413 0.09436142 0.9726708
v 0.2057075 -0.000217557 0.9528129
v 1.358986E-05 0.03220999 0.7181609
v 1.358986E-05 -0.1419678 0.7838665
v -0.0327915 0.02059722 0.597002
v -0.06343544 -0.05672538 0.6106761
v -0.04973102 0.04834884 0.4674069
v -0.148029 -0.08358306 0.5214174
v -0.1554258 -0.05196488 0.4190271
v -0.07109696 0.06090111 0.3103489
v -0.2073033 -0.04961282 0.2492107
v -0.07776904 0.05977499 0.1852822
v -0.1779396 -0.02517882 0.1962504
v -0.09802622 0.006205022 0.08451056
v -0.1794866 -0.04502153 0.1282904
v -0.2590702 0.04145759 0.1847202
v -0.2556484 0.01507729 0.09277749
v -0.2325792 0.1097778 0.0660435
v -0.2542142 0.1320225 0.1402286
v -0.1542107 0.1393694 0.054919
v -0.1612734 0.1546751 0.1116546
v -0.1116048 0.1028366 0.05879855
v -0.08930582 0.1172267 0.1413526
v -0.09802622 0.006205022 0.08451056
v -0.07776904 0.05977499 0.1852822
v -0.1539894 0.1368199 0.1590038
v -0.2756301 0.05140829 0.2442093
v -0.1603925 0.1590646 0.3190215
v -0.09305954 0.1287569 0.2997364
v -0.2443938 0.1400833 0.3075932
v -0.07109696 0.06090111 0.3103489
v -0.2303725 0.04227781 0.487662
v -0.2093993 0.1105719 0.4780194
v -0.04973102 0.04834884 0.4674069
v -0.1148095 0.1212625 0.4767935
v -0.1100621 0.1336455 0.589347
v -0.2066134 0.1140566 0.5862854
v -0.2238263 0.02182102 0.5928186
v -0.0327915 0.02059722 0.597002
v -0.1387575 -0.0956254 0.6209239
v -0.1463388 0.1537573 0.8055753
v -0.07055449 0.1535316 0.7713619
v -0.238097 0.0192281 0.8099734
v -0.1934536 -0.07157978 0.7855872
v 1.358986E-05 0.03220999 0.7181609
v 1.358986E-05 0.1326799 0.7599337
v -0.1215077 -0.1245747 0.7849036
v -0.2136174 0.1060913 0.8592168
v -0.1153542 0.1715474 0.9042009
v 4.917383E-06 0.1894937 0.8306558
v 1.358986E-05 0.1914443 0.9149479
v -0.09772027 0.1535837 0.9781582
v 1.358986E-05 0.1709399 0.9726425
v -0.1833293 0.09436142 0.9726708
v -0.1773776 -0.07937801 0.8665007
v -0.1079443 -0.1345645 0.8676746
v -0.1612995 -0.08717623 0.9474101
v -0.09438533 -0.144552 0.9504435
v 2.008677E-05 -0.1521528 0.867807
v 2.44379E-05 -0.1623378 0.9517453
v -0.2054937 -0.0002197325 0.9528129
v -0.2217932 0.009503126 0.8813964
v 0.11539 0.09110457 0.001062632
v 0.2241182 0.09671134 0.001069129
v 0.1555702 0.1316167 0.004202306
v 0.131735 0.007122874 0.008589625
v 0.2358155 0.01579332 0.00971359
v 0.252818 -0.07400343 0.00107348
v 0.1167158 -0.08308184 0.001062632
v 0.1345991 -0.1554313 0.006957948
v 0.2362582 -0.1491064 0.008693755
v 0.1810652 -0.1980633 0.01359099
v 0.1167158 -0.08308184 0.001062632
v 0.1193672 -0.08992103 0.03532797
v 0.1345991 -0.1554313 0.006957948
v 0.1426534 -0.1592111 0.04124498
v 0.1810652 -0.1980633 0.01359099
v 0.1286431 0.007198811 0.05022359
v 0.131735 0.007122874 0.008589625
v 0.11539 0.09110457 0.001062632
v 0.1163838 0.09140617 0.03808361
v 0.1536911 0.1376357 0.041143
v 0.1555702 0.1316167 0.004202306
v 0.1798545 -0.1897964 0.05338711
v 0.2289698 -0.1492084 0.04165292
v 0.2362582 -0.1491064 0.008693755
v 0.2510475 -0.07410759 0.03593981
v 0.252818 -0.07400343 0.00107348
v 0.2396322 0.01438516 0.05063367
v 0.2358155 0.01579332 0.00971359
v 0.2241182 0.09671134 0.001069129
v 0.2218009 0.1026348 0.0383895
v 0.1536911 0.1376357 0.041143
v 0.1555702 0.1316167 0.004202306
v 0.2320618 -0.07808048 0.05992037
v 0.1748857 -0.09308675 0.08471453
v 0.1327223 0.09681547 0.1130846
v 0.2179365 0.114675 0.1133905
v 0.2343813 0.02987963 0.1153303
v 0.1640693 0.1343724 0.1183919
v 0.1264277 0.02518636 0.123391
v 0.1374698 -0.08951309 0.05961442
v 0.1748857 -0.09308675 0.08471453
v 0.1798545 -0.1897964 0.05338711
v 0.1801843 -0.0308398 0.1323718
v 0.1801843 -0.0308398 0.1323718
v 0.1640693 0.1343724 0.1183919
v 0.2534472 0.0195666 1.152935
v 0.248435 0.1083501 1.154894
v 0.1856934 0.1450759 1.260828
v 0.200129 -0.003187984 1.267406
v 0.2417998 0.07478774 1.217556
v 0.334797 0.1517133 1.201325
v 0.1856934 0.1450759 1.260828
v 0.2417998 0.07478774 1.217556
v 0.2478318 0.1475278 1.342668
v 0.1856934 0.1450759 1.260828
v 0.1753109 0.1623496 1.325422
v 0.2920218 0.07568824 1.35542
v 0.3711019 0.0822193 1.226836
v 0.2768549 0.008648217 1.32583
v 0.3338011 0.008314073 1.195406
v 0.200129 -0.003187984 1.267406
v 0.2534472 0.0195666 1.152935
v 0.2163807 -0.01115328 1.375931
v 0.1642928 0.1613147 1.416601
v 0.2284469 0.06813085 1.465864
v 0.2417998 0.07478774 1.217556
v 0.2417998 0.07478774 1.217556
v 0.2417998 0.07478774 1.217556
v 0.2534472 0.0195666 1.152935
v 0.1004662 -0.1811759 0.9875382
v 0.1615197 -0.08717623 0.9474101
v 0.09439945 -0.144552 0.9504435
v 0.1864854 -0.10215 0.9794145
v 0.2312828 -0.01250723 0.9780302
v 0.2057075 -0.000217557 0.9528129
v 0.1851791 -0.111953 1.105733
v 0.09296739 -0.1698105 1.114545
v 0.2291369 0.04417634 1.096145
v 0.2025136 0.0273366 1.179543
v 0.0801613 -0.1226176 1.278702
v 5.915761E-05 -0.1875442 1.115311
v 0.09669077 -0.1638111 0.9890614
v 2.44379E-05 -0.1623378 0.9517453
v 5.915761E-05 -0.1899028 1.001375
v 0.1004662 -0.1811759 0.9875382
v 0.09439945 -0.144552 0.9504435
v 0.1610966 -0.07193562 1.275111
v 6.133318E-05 -0.128923 1.276454
v 0.200129 -0.003187984 1.267406
v 0.2163807 -0.01115328 1.375931
v 6.133318E-05 -0.1219319 1.338165
v 0.1019785 -0.09906667 1.361614
v 0.162711 0.006274462 1.477058
v 0.1890609 0.06338984 1.490962
v 0.2284469 0.06813085 1.465864
v 0.04427296 -0.02216497 1.474628
v 4.395843E-05 -0.05255941 1.437909
v 0.1408503 0.0636003 1.500576
v 0.0878402 0.03732198 1.522261
v -0.07973272 -0.1225894 1.278702
v -0.09254098 -0.1697953 1.114545
v -0.09626865 -0.1638111 0.9890614
v -0.1000506 -0.1811759 0.9875382
v -0.09438533 -0.144552 0.9504435
v -0.1847506 -0.111953 1.105733
v -0.1000506 -0.1811759 0.9875382
v -0.1860741 -0.10215 0.9794145
v -0.1612995 -0.08717623 0.9474101
v -0.09438533 -0.144552 0.9504435
v -0.2312708 -0.01250723 0.9780302
v -0.2054937 -0.0002197325 0.9528129
v -0.2291228 0.04417634 1.096145
v -0.2024994 0.0273388 1.179543
v -0.1606811 -0.07193562 1.275111
v -0.1999825 -0.003187984 1.267406
v -0.2162386 -0.01115328 1.375931
v -0.1015456 -0.09906018 1.364305
v -0.1622672 0.006274462 1.477058
v -0.1890511 0.06338984 1.490962
v -0.2284349 0.06813085 1.465864
v -0.04407871 -0.02216497 1.474628
v -0.1408405 0.0636003 1.500576
v -0.08785206 0.03732413 1.522261
v 0.046727 -0.1290423 1.276454
v -0.04698187 -0.1805987 1.145679
v -0.04639173 -0.1290618 1.276457
v 0.04711756 -0.1805987 1.145679
v -0.1209652 -0.1204695 0.935025
v -0.1333005 -0.1443198 0.942207
v -0.1155017 -0.124974 0.934962
v -0.1403545 -0.1385221 0.9414713
v -0.1306533 -0.1372246 0.969427
v -0.1128632 -0.1201419 0.9635012
v -0.1412333 -0.1357969 0.9352072
v -0.1262292 -0.1213982 0.9302124
v -0.1458787 -0.1492626 0.8837159
v -0.130879 -0.1348639 0.878721
v -0.1508476 -0.1348509 0.8726413
v -0.1449544 -0.09017053 0.9583545
v -0.1686312 -0.1174622 0.9381407
v -0.1475886 -0.09726575 0.9311323
v -0.1659884 -0.1103669 0.9653608
v -0.1463822 -0.103224 0.9270748
v -0.162636 -0.1188291 0.9324863
v -0.1510277 -0.1166897 0.8755814
v -0.1672837 -0.132297 0.880995
v -0.1508476 -0.1348509 0.8726413
v -0.1306533 -0.1372246 0.969427
v -0.1377095 -0.1314204 0.9686892
v -0.1128632 -0.1201419 0.9635012
v -0.1199194 -0.1143398 0.9627635
v -0.1659884 -0.1103669 0.9653608
v -0.1388356 -0.1332561 0.9690797
v -0.1449544 -0.09017053 0.9583545
v -0.1403545 -0.1385221 0.9414713
v -0.1412333 -0.1357969 0.9352072
v -0.1414828 -0.1403556 0.9418597
v -0.1388356 -0.1332561 0.9690797
v -0.1377095 -0.1314204 0.9686892
v -0.170469 -0.1483361 0.900471
v -0.1437697 -0.1145959 0.9353764
v -0.1617334 -0.1387066 0.8922302
v -0.1522623 -0.1242232 0.9437844
v -0.1679152 -0.145038 0.8925383
v -0.162213 -0.1387066 0.8918917
v -0.1270016 -0.1348313 0.9394209
v -0.1304602 -0.1437101 0.8952374
v -0.1262443 -0.1323729 0.9387201
v -0.1312153 -0.1461663 0.8959383
v -0.1237382 -0.1344907 0.9390607
v -0.1279563 -0.1458148 0.8955781
v -0.1235733 -0.1315441 0.9382796
v -0.1279563 -0.1458148 0.8955781
v -0.1237382 -0.1344907 0.9390607
v -0.1277914 -0.1428704 0.894797
v -0.1262443 -0.1323729 0.9387201
v -0.1304602 -0.1437101 0.8952374
v -0.1463822 -0.103224 0.9270748
v -0.1209652 -0.1204695 0.935025
v -0.1475886 -0.09726575 0.9311323
v -0.1262292 -0.1213982 0.9302124
v -0.1510277 -0.1166897 0.8755814
v -0.130879 -0.1348639 0.878721
v -0.1508476 -0.1348509 0.8726413
v -0.1388356 -0.1332561 0.9690797
v -0.1686312 -0.1174622 0.9381407
v -0.1659884 -0.1103669 0.9653608
v -0.1414828 -0.1403556 0.9418597
v -0.162636 -0.1188291 0.9324863
v -0.1412333 -0.1357969 0.9352072
v -0.1672837 -0.132297 0.880995
v -0.1458787 -0.1492626 0.8837159
v -0.1508476 -0.1348509 0.8726413
v -0.1377095 -0.1314204 0.9686892
v -0.1333005 -0.1443198 0.942207
v -0.1403545 -0.1385221 0.9414713
v -0.1306533 -0.1372246 0.969427
v -0.1921018 -0.02450401 0.9606436
v -0.1999868 -0.02000386 0.9490157
v -0.1990516 -0.01939198 0.9487076
v -0.1930348 -0.02511588 0.960954
v -0.2024539 -0.02089998 0.9464815
v -0.2119532 -0.02419809 0.9531773
v -0.2008721 -0.01607221 0.9510314
v -0.2128407 -0.02025774 0.955191
v -0.1999868 -0.02000386 0.9490157
v -0.1939244 -0.02119073 0.9629697
v -0.2058908 -0.02537194 0.9671291
v -0.2024539 -0.02089998 0.9464815
v -0.2125412 -0.02443892 0.9499899
v -0.2157134 -0.01112944 0.9240024
v -0.2257987 -0.01467487 0.9275088
v -0.2210295 -0.01783624 0.9191377
v -0.2050055 -0.02931225 0.9651155
v -0.2128407 -0.02025774 0.955191
v -0.2058908 -0.02537194 0.9671291
v -0.2119532 -0.02419809 0.9531773
v -0.2032567 -0.04478288 0.9575039
v -0.1960552 -0.03471288 0.9406469
v -0.2102109 -0.03967085 0.9455658
v -0.1891053 -0.03982708 0.9525828
v -0.2107143 -0.03633371 0.9439362
v -0.1997807 -0.03250185 0.9401369
v -0.2239652 -0.02656749 0.9214572
v -0.2130381 -0.02273998 0.9176557
v -0.2210295 -0.01783624 0.9191377
v -0.2062597 -0.02946198 0.9655647
v -0.2102109 -0.03967085 0.9455658
v -0.2132095 -0.02434996 0.9536287
v -0.2032567 -0.04478288 0.9575039
v -0.2125412 -0.02443892 0.9499899
v -0.2107143 -0.03633371 0.9439362
v -0.2257987 -0.01467487 0.9275088
v -0.2239652 -0.02656749 0.9214572
v -0.2210295 -0.01783624 0.9191377
v -0.2132095 -0.02434996 0.9536287
v -0.2050055 -0.02931225 0.9651155
v -0.2062597 -0.02946198 0.9655647
v -0.2119532 -0.02419809 0.9531773
v -0.2125412 -0.02443892 0.9499899
v -0.1939244 -0.02119073 0.9629697
v -0.1930348 -0.02511588 0.960954
v -0.2058908 -0.02537194 0.9671291
v -0.2050055 -0.02931225 0.9651155
v -0.1891053 -0.03982708 0.9525828
v -0.1921018 -0.02450401 0.9606436
v -0.2032567 -0.04478288 0.9575039
v -0.2062597 -0.02946198 0.9655647
v -0.1997807 -0.03250185 0.9401369
v -0.1990516 -0.01939198 0.9487076
v -0.2024539 -0.02089998 0.9464815
v -0.1960552 -0.03471288 0.9406469
v -0.2130381 -0.02273998 0.9176557
v -0.2157134 -0.01112944 0.9240024
v -0.2210295 -0.01783624 0.9191377
v -0.1884479 -0.03251922 0.9615268
v -0.1994335 -0.02546304 0.9445307
v -0.1967973 -0.03099385 0.9431856
v -0.1910864 -0.02699059 0.962872
v -0.1872957 -0.03155148 0.9610255
v -0.1967973 -0.03099385 0.9431856
v -0.1956494 -0.03002179 0.9426843
v -0.1884479 -0.03251922 0.9615268
v -0.1993749 -0.03354117 0.939805
v -0.2125759 -0.03842974 0.9487076
v -0.1994335 -0.02546304 0.9445307
v -0.2152122 -0.03289893 0.9500529
v -0.1967973 -0.03099385 0.9431856
v -0.1910864 -0.02699059 0.962872
v -0.2068629 -0.03442213 0.9683942
v -0.1993749 -0.03354117 0.939805
v -0.2126779 -0.03981405 0.9444592
v -0.215362 -0.03054905 0.9052076
v -0.2286584 -0.03681758 0.9098619
v -0.2197623 -0.04213572 0.9002259
v -0.2042266 -0.03994641 0.9670489
v -0.2152122 -0.03289893 0.9500529
v -0.2068629 -0.03442213 0.9683942
v -0.2125759 -0.03842974 0.9487076
v -0.1962678 -0.06207177 0.9619759
v -0.185957 -0.05175006 0.9371058
v -0.2046193 -0.06054422 0.9436346
v -0.1776076 -0.05328193 0.955447
v -0.2058561 -0.05674925 0.9403474
v -0.1914465 -0.04995781 0.9353049
v -0.2218431 -0.05374843 0.9057479
v -0.2074335 -0.04695916 0.9007053
v -0.2197623 -0.04213572 0.9002259
v -0.2059603 -0.04034349 0.9675545
v -0.2046193 -0.06054422 0.9436346
v -0.2143118 -0.03881377 0.9492131
v -0.1962678 -0.06207177 0.9619759
v -0.2126779 -0.03981405 0.9444592
v -0.2058561 -0.05674925 0.9403474
v -0.2286584 -0.03681758 0.9098619
v -0.2218431 -0.05374843 0.9057479
v -0.2197623 -0.04213572 0.9002259
v -0.2143118 -0.03881377 0.9492131
v -0.2042266 -0.03994641 0.9670489
v -0.2059603 -0.04034349 0.9675545
v -0.2125759 -0.03842974 0.9487076
v -0.2126779 -0.03981405 0.9444592
v -0.1910864 -0.02699059 0.962872
v -0.1884479 -0.03251922 0.9615268
v -0.2068629 -0.03442213 0.9683942
v -0.2042266 -0.03994641 0.9670489
v -0.1776076 -0.05328193 0.955447
v -0.1872957 -0.03155148 0.9610255
v -0.1962678 -0.06207177 0.9619759
v -0.2059603 -0.04034349 0.9675545
v -0.1914465 -0.04995781 0.9353049
v -0.1956494 -0.03002179 0.9426843
v -0.1993749 -0.03354117 0.939805
v -0.185957 -0.05175006 0.9371058
v -0.2074335 -0.04695916 0.9007053
v -0.215362 -0.03054905 0.9052076
v -0.2197623 -0.04213572 0.9002259
v -0.2291228 0.04417634 1.096145
v -0.2312708 -0.01250723 0.9780302
v -0.2154791 0.09685236 0.9925612
v -0.1378549 0.1424787 1.118867
v -0.1304668 0.1728058 0.996341
v 1.358986E-05 0.1796255 1.144644
v -0.1912382 0.08886755 1.153981
v -0.2024994 0.0273388 1.179543
v -0.1856835 0.1450759 1.260828
v -0.1752989 0.1623496 1.325422
v -0.1999825 -0.003187984 1.267406
v 1.358986E-05 0.1862065 1.338074
v -0.1642786 0.1613147 1.416601
v 1.358986E-05 0.1802027 1.413281
v 1.358986E-05 0.1530065 1.486243
v -0.1323393 0.1293992 1.485835
v -0.1890511 0.06338984 1.490962
v -0.2284349 0.06813085 1.465864
v -0.1833293 0.09436142 0.9726708
v -0.05796969 0.09900695 1.544437
v 1.358986E-05 0.1059003 1.546105
v -0.2054937 -0.0002197325 0.9528129
v -0.09772027 0.1535837 0.9781582
v 1.358986E-05 0.1709399 0.9726425
v 1.358986E-05 0.2042809 0.9970245
v -0.1323393 0.1293992 1.485835
v -0.1408405 0.0636003 1.500576
v -0.08785206 0.03732413 1.522261
v -0.115378 0.09110457 0.001062632
v -0.155556 0.1316167 0.004202306
v -0.224104 0.09671134 0.001069129
v -0.1317209 0.007122874 0.008589625
v -0.2357992 0.01579332 0.00971359
v -0.2528039 -0.07400343 0.00107348
v -0.116706 -0.08308184 0.001062632
v -0.1345872 -0.1554313 0.006957948
v -0.236244 -0.1491064 0.008693755
v -0.1810532 -0.1980633 0.01359099
v -0.116706 -0.08308184 0.001062632
v -0.1345872 -0.1554313 0.006957948
v -0.1193531 -0.08992103 0.03532797
v -0.1426414 -0.1592111 0.04124498
v -0.1810532 -0.1980633 0.01359099
v -0.1286311 0.007198811 0.05022359
v -0.1317209 0.007122874 0.008589625
v -0.115378 0.09110457 0.001062632
v -0.116374 0.09140617 0.03808361
v -0.1536791 0.1376357 0.041143
v -0.155556 0.1316167 0.004202306
v -0.1798447 -0.1897964 0.05338711
v -0.2289578 -0.1492084 0.04165292
v -0.236244 -0.1491064 0.008693755
v -0.2510377 -0.07410759 0.03593981
v -0.2528039 -0.07400343 0.00107348
v -0.2396181 0.01438516 0.05063367
v -0.2357992 0.01579332 0.00971359
v -0.224104 0.09671134 0.001069129
v -0.2217867 0.1026348 0.0383895
v -0.1536791 0.1376357 0.041143
v -0.155556 0.1316167 0.004202306
v -0.2320498 -0.07808048 0.05992037
v -0.1748737 -0.09308675 0.08471453
v -0.1327103 0.09681547 0.1130846
v -0.2179223 0.114675 0.1133905
v -0.2343693 0.02987963 0.1153303
v -0.1640551 0.1343724 0.1183919
v -0.1801701 -0.0308398 0.1323718
v -0.1640551 0.1343724 0.1183919
v -0.1264179 0.02518636 0.123391
v -0.1374556 -0.08951309 0.05961442
v -0.1748737 -0.09308675 0.08471453
v -0.1798447 -0.1897964 0.05338711
v -0.1801701 -0.0308398 0.1323718
v -0.2534396 0.0195666 1.152935
v -0.1856835 0.1450759 1.260828
v -0.2484274 0.1083501 1.154894
v -0.1999825 -0.003187984 1.267406
v -0.2417943 0.07478774 1.217556
v -0.1856835 0.1450759 1.260828
v -0.3347894 0.1517133 1.201325
v -0.2417943 0.07478774 1.217556
v -0.2478177 0.1475278 1.342668
v -0.1856835 0.1450759 1.260828
v -0.1752989 0.1623496 1.325422
v -0.2920076 0.07568824 1.35542
v -0.3710943 0.0822193 1.226836
v -0.2768451 0.008648217 1.32583
v -0.3337935 0.008314073 1.195406
v -0.1999825 -0.003187984 1.267406
v -0.2534396 0.0195666 1.152935
v -0.2162386 -0.01115328 1.375931
v -0.1642786 0.1613147 1.416601
v -0.2284349 0.06813085 1.465864
v -0.2417943 0.07478774 1.217556
v -0.2417943 0.07478774 1.217556
v -0.2534396 0.0195666 1.152935
v -0.2417943 0.07478774 1.217556
v 0.07886809 -0.005841643 1.521532
v 0.0878402 0.03732198 1.522261
v 0.1063333 -0.004515916 1.483587
v 0.07314202 0.0602892 1.568142
v 0.05797303 0.09900695 1.544437
v 0.05042216 0.02509737 1.553569
v 0.0449239 0.004148066 1.528285
v 0.04427296 -0.02216497 1.474628
v 0.04377827 0.093346 1.581388
v 1.358986E-05 0.1059003 1.546105
v 9.23872E-06 0.09906119 1.585266
v 0.05430609 0.05499059 1.576178
v 0.02956614 0.07700527 1.583104
v 9.23872E-06 0.09906119 1.585266
v 9.23872E-06 0.08301562 1.582979
v 0.0449239 0.004148066 1.528285
v 0.04427296 -0.02216497 1.474628
v 4.395843E-05 -0.05255941 1.437909
v 0.0449239 0.004148066 1.528285
v 4.395843E-05 -0.05255941 1.437909
v 9.23872E-06 -0.01558834 1.510269
v -0.04494882 0.004152417 1.528285
v 0.0449239 0.004148066 1.528285
v 9.23872E-06 -0.02134696 1.530936
v 0.03807387 0.001704872 1.565197
v 0.05042216 0.02509737 1.553569
v 0.05333185 0.005289376 1.590885
v 0.06540889 0.01722759 1.616309
v 0.06239507 0.02826309 1.621677
v 0.05430609 0.05499059 1.576178
v 0.03975111 0.06430984 1.622458
v 0.02956614 0.07700527 1.583104
v 9.23872E-06 0.08316964 1.620191
v 0.06605765 0.03433204 1.64252
v 0.06214988 0.0588029 1.678187
v 0.03096566 0.08504868 1.649187
v 9.23872E-06 0.08316964 1.620191
v 9.23872E-06 0.09197032 1.651793
v 0.06925592 0.03262872 1.659177
v 0.07078564 0.006352603 1.699129
v 0.07363024 0.009965301 1.659004
v 9.23872E-06 0.08316964 1.620191
v 9.23872E-06 0.08301562 1.582979
v -0.02959102 0.07700962 1.583104
v 9.23872E-06 0.08316964 1.620191
v -0.03977603 0.06431198 1.622458
v -0.0543288 0.05499274 1.576178
v -0.06241995 0.0282653 1.621677
v -0.06608254 0.03433418 1.64252
v -0.06217474 0.05880511 1.678187
v -0.0309884 0.08505088 1.649187
v 9.23872E-06 0.08316964 1.620191
v 9.23872E-06 0.09197032 1.651793
v -0.0692808 0.03263092 1.659177
v -0.0708127 0.006354749 1.699129
v -0.0504449 0.02509958 1.553569
v -0.0654338 0.01722974 1.616309
v -0.07365727 0.009967446 1.659004
v -0.05335456 0.005293727 1.590885
v -0.03810096 0.001704872 1.565197
v -0.04494882 0.004152417 1.528285
v -0.02646869 -0.02443025 1.569604
v 9.23872E-06 -0.03634673 1.555683
v 9.23872E-06 0.0981347 1.639426
v 9.23872E-06 0.08985692 1.640547
v 0.04254365 0.08638531 1.647625
v 9.23872E-06 0.1084282 1.667813
v 0.05659956 0.0867303 1.679933
v 9.23872E-06 0.108081 1.699069
v 0.03399467 0.08903241 1.734362
v 0.06724453 0.06117451 1.732876
v 0.07542247 0.04546952 1.686896
v 0.06665435 0.05512512 1.657799
v 0.07825622 0.01423979 1.671517
v 0.07137364 0.01548088 1.671133
v 0.0605095 0.05107415 1.658398
v 0.07780489 -0.003166288 1.678024
v 0.07933679 0.0005765855 1.686977
v 0.06492069 0.0162273 1.747681
v 0.06108668 -0.04475465 1.706509
v 9.23872E-06 0.09959716 1.735254
v 0.04366109 -0.05096459 1.748586
v 0.03138441 -0.0677067 1.712576
v 9.23872E-06 -0.06719464 1.748054
v 9.23872E-06 -0.0781152 1.716215
v 0.03413138 0.05964482 1.7605
v 0.03696296 -0.02066565 1.764115
v 9.23872E-06 -0.04137197 1.76965
v 9.23872E-06 -0.06719464 1.748054
v 0.03402722 0.01290965 1.772097
v 9.23872E-06 0.0654707 1.766564
v 9.23872E-06 0.09959716 1.735254
v 9.23872E-06 0.008327067 1.780928
v 9.23872E-06 -0.1466111 1.72232
v 0.04455721 -0.05218184 1.702117
v 9.23872E-06 -0.07162535 1.714448
v 0.0464406 -0.1279401 1.712762
v 0.07264948 -0.08408862 1.700952
v 0.07818678 -0.04428166 1.692227
v 0.07780489 -0.003166288 1.678024
v 0.06902811 0.0008716881 1.67761
v -0.04458213 -0.05217969 1.702117
v 9.23872E-06 -0.1466111 1.72232
v -0.04646546 -0.1279379 1.712762
v -0.07267654 -0.08408645 1.700952
v -0.07821167 -0.04428166 1.692227
v -0.07782978 -0.003166288 1.678024
v -0.0690552 0.0008716881 1.67761
v 9.23872E-06 -0.1466111 1.72232
v 9.23872E-06 -0.0781152 1.716215
v 0.0464406 -0.1279401 1.712762
v 0.03138441 -0.0677067 1.712576
v 0.07264948 -0.08408862 1.700952
v 0.06108668 -0.04475465 1.706509
v 0.07818678 -0.04428166 1.692227
v 0.07933679 0.0005765855 1.686977
v 0.07780489 -0.003166288 1.678024
v 0.06902811 0.0008716881 1.67761
v 0.07844716 0.03601795 1.637774
v 0.06605765 0.03433204 1.64252
v 0.06239507 0.02826309 1.621677
v 0.06925592 0.03262872 1.659177
v 0.08285183 0.03362465 1.658144
v 0.07916754 0.02190781 1.664747
v 0.07363024 0.009965301 1.659004
v 0.07368013 0.02447897 1.623067
v 0.07844716 0.03601795 1.637774
v 0.06540889 0.01722759 1.616309
v 0.07363024 0.009965301 1.659004
v 0.06641352 0.008711159 1.617871
v 0.08285183 0.03362465 1.658144
v 0.07916754 0.02190781 1.664747
v 0.06540889 0.01722759 1.616309
v 0.05333185 0.005289376 1.590885
v 0.06641352 0.008711159 1.617871
v 0.06447372 -0.00327912 1.599413
v 0.06259251 -0.03576306 1.619416
v 0.06483173 -0.02593824 1.653668
v 0.07363024 0.009965301 1.659004
v 0.06585371 -0.01427561 1.673519
v 0.07078564 0.006352603 1.699129
v 0.06036848 -0.04429466 1.699129
v 0.05408043 -0.04639935 1.672181
v 0.03331986 -0.06877208 1.685547
v 0.03345656 -0.06304815 1.714238
v 0.03053385 -0.05805114 1.671059
v 0.0412049 -0.06065488 1.648419
v 0.0114831 -0.06460389 1.669043
v 0.008269638 -0.07063159 1.681507
v 0.01534966 -0.06843793 1.646378
v 9.23872E-06 -0.07431805 1.698958
v 0.01880398 -0.066982 1.637781
v 9.23872E-06 -0.072669 1.717607
v 9.23872E-06 -0.0717577 1.681936
v 9.23872E-06 -0.07719955 1.668872
v 0.01835915 -0.07687622 1.640892
v 9.23872E-06 -0.07719955 1.668872
v 0.01389372 -0.07316589 1.633932
v 0.01273289 -0.08813095 1.64562
v 0.01295421 -0.08168665 1.6218
v 0.03220025 -0.06509644 1.61024
v 0.01591381 -0.07826707 1.610051
v 0.01025283 -0.08912471 1.638013
v 9.23872E-06 -0.07967961 1.629879
v 9.23872E-06 -0.08573982 1.61965
v 9.23872E-06 -0.08258712 1.610446
v 9.23872E-06 -0.09556246 1.646393
v 9.23872E-06 -0.09455568 1.637041
v 0.0479334 -0.05667767 1.593298
v 0.05280024 -0.03795236 1.579585
v 0.03108498 -0.06337145 1.5774
v 0.02154875 -0.0612863 1.556893
v 0.02644381 -0.02443025 1.569604
v 0.02224091 -0.07367796 1.576098
v 0.02476656 -0.06966385 1.599042
v 9.23872E-06 -0.07346314 1.554012
v 0.01731983 -0.07856217 1.600819
v 0.009786338 -0.07530531 1.594246
v 9.23872E-06 -0.08109429 1.574809
v 9.23872E-06 -0.07346314 1.554012
v 9.23872E-06 -0.07818028 1.593819
v 9.23872E-06 -0.08441627 1.59976
v 0.01591381 -0.07826707 1.610051
v 9.23872E-06 -0.08258712 1.610446
v 9.23872E-06 -0.06196761 1.549703
v 9.23872E-06 -0.03634673 1.555683
v 9.23872E-06 -0.07346314 1.554012
v 0.02644381 -0.02443025 1.569604
v 9.23872E-06 -0.02134696 1.530936
v 9.23872E-06 -0.03634673 1.555683
v -0.0788908 -0.005839467 1.521532
v -0.1063582 -0.004513741 1.483587
v -0.08785206 0.03732413 1.522261
v -0.07316911 0.0602892 1.568142
v -0.05796969 0.09900695 1.544437
v -0.0504449 0.02509958 1.553569
v -0.04494882 0.004152417 1.528285
v -0.04407871 -0.02216497 1.474628
v -0.04380316 0.09334815 1.581388
v 1.358986E-05 0.1059003 1.546105
v 9.23872E-06 0.09906119 1.585266
v -0.0543288 0.05499274 1.576178
v -0.02959102 0.07700962 1.583104
v 9.23872E-06 0.09906119 1.585266
v 9.23872E-06 0.08301562 1.582979
v -0.04494882 0.004152417 1.528285
v 4.395843E-05 -0.05255941 1.437909
v -0.04407871 -0.02216497 1.474628
v 9.23872E-06 0.0981347 1.639426
v -0.04256856 0.08638746 1.647625
v 9.23872E-06 0.08985692 1.640547
v 9.23872E-06 0.1084282 1.667813
v -0.05662447 0.08673245 1.679933
v 9.23872E-06 0.108081 1.699069
v -0.03402174 0.08903676 1.734362
v -0.06726944 0.06117666 1.732876
v -0.07544738 0.04547173 1.686896
v -0.06667709 0.05512726 1.657799
v -0.0782811 0.01424193 1.671517
v -0.07139856 0.01548308 1.671133
v -0.06053656 0.05107629 1.658398
v -0.07782978 -0.003166288 1.678024
v -0.07936168 0.0005787611 1.686977
v -0.06494343 0.0162273 1.747681
v -0.06110942 -0.04475248 1.706509
v 9.23872E-06 0.09959716 1.735254
v -0.04368818 -0.05096242 1.748586
v -0.03140712 -0.06770453 1.712576
v 9.23872E-06 -0.06719464 1.748054
v 9.23872E-06 -0.0781152 1.716215
v -0.03415841 0.05964696 1.7605
v -0.03698999 -0.02066347 1.764115
v 9.23872E-06 -0.04137197 1.76965
v 9.23872E-06 -0.06719464 1.748054
v -0.03405428 0.01291186 1.772097
v 9.23872E-06 0.0654707 1.766564
v 9.23872E-06 0.09959716 1.735254
v 9.23872E-06 0.008327067 1.780928
v 9.23872E-06 -0.1466111 1.72232
v -0.04646546 -0.1279379 1.712762
v 9.23872E-06 -0.0781152 1.716215
v -0.03140712 -0.06770453 1.712576
v -0.07267654 -0.08408645 1.700952
v -0.06110942 -0.04475248 1.706509
v -0.07821167 -0.04428166 1.692227
v -0.07936168 0.0005787611 1.686977
v -0.07782978 -0.003166288 1.678024
v -0.0690552 0.0008716881 1.67761
v -0.07847208 0.0360201 1.637774
v -0.06241995 0.0282653 1.621677
v -0.06608254 0.03433418 1.64252
v -0.0692808 0.03263092 1.659177
v -0.08287674 0.03362685 1.658144
v -0.07919461 0.02190995 1.664747
v -0.07365727 0.009967446 1.659004
v -0.07370722 0.02448118 1.623067
v -0.07847208 0.0360201 1.637774
v -0.0654338 0.01722974 1.616309
v -0.07365727 0.009967446 1.659004
v -0.06643838 0.008713305 1.617871
v -0.08287674 0.03362685 1.658144
v -0.07919461 0.02190995 1.664747
v -0.0654338 0.01722974 1.616309
v -0.06643838 0.008713305 1.617871
v -0.05335456 0.005293727 1.590885
v -0.0644986 -0.003276944 1.599413
v -0.06261742 -0.03576088 1.619416
v -0.06485665 -0.02593607 1.653668
v -0.07365727 0.009967446 1.659004
v -0.06587642 -0.01427346 1.673519
v -0.0708127 0.006354749 1.699129
v -0.06039119 -0.04429251 1.699129
v -0.05410314 -0.04639718 1.672181
v -0.03334695 -0.06876773 1.685547
v -0.03348362 -0.06304598 1.714238
v -0.03055876 -0.05804679 1.671059
v -0.04122978 -0.0606527 1.648419
v -0.01150799 -0.06460172 1.669043
v -0.008294523 -0.07062942 1.681507
v -0.0153724 -0.06843793 1.646378
v 9.23872E-06 -0.07431805 1.698958
v -0.01882672 -0.06697765 1.637781
v 9.23872E-06 -0.072669 1.717607
v 9.23872E-06 -0.0717577 1.681936
v 9.23872E-06 -0.07719955 1.668872
v -0.01838189 -0.07687408 1.640892
v 9.23872E-06 -0.07719955 1.668872
v -0.01391864 -0.07316372 1.633932
v -0.01275778 -0.0881266 1.64562
v -0.01297909 -0.08168665 1.6218
v -0.03222513 -0.06509426 1.61024
v -0.01593655 -0.07826275 1.610051
v -0.01027554 -0.08912253 1.638013
v 9.23872E-06 -0.07967961 1.629879
v 9.23872E-06 -0.08573982 1.61965
v 9.23872E-06 -0.08258712 1.610446
v 9.23872E-06 -0.09556246 1.646393
v 9.23872E-06 -0.09455568 1.637041
v -0.04795831 -0.05667549 1.593298
v -0.05282295 -0.03795019 1.579585
v -0.03110772 -0.0633693 1.5774
v -0.02157366 -0.06128412 1.556893
v -0.02646869 -0.02443025 1.569604
v -0.02226579 -0.07367578 1.576098
v -0.02479148 -0.06966168 1.599042
v 9.23872E-06 -0.07346314 1.554012
v -0.009811223 -0.07530096 1.594246
v -0.01734257 -0.07855999 1.600819
v 9.23872E-06 -0.08109429 1.574809
v 9.23872E-06 -0.07346314 1.554012
v 9.23872E-06 -0.07818028 1.593819
v 9.23872E-06 -0.08441627 1.59976
v -0.01593655 -0.07826275 1.610051
v 9.23872E-06 -0.08258712 1.610446
v 9.23872E-06 -0.06196761 1.549703
v 9.23872E-06 -0.03634673 1.555683
v 9.23872E-06 -0.07346314 1.554012
v -0.4287695 0.1636841 0.6932604
v -0.4646817 -0.1231231 0.9236096
v -0.4238896 -0.1440204 0.7269789
v -0.4695659 0.1845835 0.8898933
v -0.429006 -0.1217453 0.9308633
v -0.4287695 0.1636841 0.6932604
v -0.3882118 -0.1426426 0.7342325
v -0.4238896 -0.1440204 0.7269789
v -0.4646817 -0.1231231 0.9236096
v -0.3882118 -0.1426426 0.7342325
v -0.4238896 -0.1440204 0.7269789
v -0.429006 -0.1217453 0.9308633
vt 0.5559443 0.7782829
vt 0.6212256 0.7179064
vt 0.5548911 0.7275353
vt 0.6234523 0.7770191
vt 0.4797702 0.7173196
vt 0.4779798 0.7675406
vt 0.6841298 0.7138742
vt 0.7005291 0.7700983
vt 0.5526945 0.6780365
vt 0.4821925 0.6677154
vt 0.6236027 0.6655188
vt 0.5548911 0.7275353
vt 0.5528299 0.5971683
vt 0.4910993 0.5962656
vt 0.4821925 0.6677154
vt 0.6966324 0.6546411
vt 0.6121082 0.5871632
vt 0.5528299 0.5971683
vt 0.6726503 0.5752774
vt 0.3878888 0.7627111
vt 0.4779798 0.7675406
vt 0.3946893 0.7068331
vt 0.4821925 0.6677154
vt 0.3987816 0.6526701
vt 0.4321069 0.5813557
vt 0.988766 0.2627876
vt 0.948866 0.3007468
vt 0.9561779 0.2573413
vt 0.9826877 0.3013636
vt 0.9954761 0.2269649
vt 0.9648741 0.2130179
vt 0.9494979 0.3459427
vt 0.983455 0.3415044
vt 0.9915493 0.3794936
vt 0.9604207 0.3891376
vt 0.6178254 0.8016783
vt 0.5944902 0.8112922
vt 0.6069627 0.7935689
vt 0.6055785 0.8190104
vt 0.6354885 0.8210265
vt 0.6175846 0.829843
vt 0.583447 0.8427669
vt 0.583447 0.8427669
vt 0.5882915 0.8502293
vt 0.5975444 0.8564881
vt 0.6337432 0.8450387
vt 0.6392498 0.7827514
vt 0.6520232 0.8257808
vt 0.6354885 0.8210265
vt 0.674907 0.7860764
vt 0.6879814 0.8706307
vt 0.679556 0.8234488
vt 0.6616522 0.8742716
vt 0.7137539 0.8670048
vt 0.7078411 0.8227266
vt 0.7237439 0.8246675
vt 0.7213216 0.8658914
vt 0.667896 0.9127122
vt 0.7165673 0.8936048
vt 0.6960456 0.9085898
vt 0.674907 0.7860764
vt 0.7119184 0.7804344
vt 0.674907 0.7860764
vt 0.583447 0.8427669
vt 0.583447 0.8427669
vt 0.583447 0.8427669
vt 0.6055785 0.8190104
vt 0.5882915 0.8502293
vt 0.6520232 0.8257808
vt 0.6616522 0.8742716
vt 0.6520232 0.8257808
vt 0.6354885 0.8210265
vt 0.7861817 0.8244718
vt 0.7376457 0.8690359
vt 0.7350881 0.831844
vt 0.7916732 0.8717139
vt 0.768353 0.9074765
vt 0.7455896 0.8958766
vt 0.7958558 0.906649
vt 0.7338393 0.7842258
vt 0.7610862 0.7776962
vt 0.7928016 0.7934636
vt 0.809577 0.8084938
vt 0.827526 0.8350186
vt 0.8206804 0.8436395
vt 0.791598 0.7629669
vt 0.6616522 0.8742716
vt 0.6337432 0.8450387
vt 0.6520232 0.8257808
vt 0.6490744 0.8787401
vt 0.667896 0.9127122
vt 0.6354885 0.8210265
vt 0.5559443 0.7782829
vt 0.6212256 0.7179064
vt 0.6234523 0.7770191
vt 0.5548911 0.7275353
vt 0.6841298 0.7138742
vt 0.7005291 0.7700983
vt 0.6236027 0.6655188
vt 0.5548911 0.7275353
vt 0.5526945 0.6780365
vt 0.4797702 0.7173196
vt 0.4779798 0.7675406
vt 0.5559443 0.7782829
vt 0.4821925 0.6677154
vt 0.5528299 0.5971683
vt 0.4910993 0.5962656
vt 0.4821925 0.6677154
vt 0.6966324 0.6546411
vt 0.6121082 0.5871632
vt 0.5528299 0.5971683
vt 0.6726503 0.5752774
vt 0.3878888 0.7627111
vt 0.3946893 0.7068331
vt 0.4779798 0.7675406
vt 0.4821925 0.6677154
vt 0.3987816 0.6526701
vt 0.4321069 0.5813557
vt 0.988766 0.2627876
vt 0.948866 0.3007468
vt 0.9826877 0.3013636
vt 0.9561779 0.2573413
vt 0.9954761 0.2269649
vt 0.9648741 0.2130179
vt 0.9494979 0.3459427
vt 0.983455 0.3415044
vt 0.9915493 0.3794936
vt 0.9604207 0.3891376
vt 0.6178254 0.8016783
vt 0.5944902 0.8112922
vt 0.6055785 0.8190104
vt 0.6069627 0.7935689
vt 0.6354885 0.8210265
vt 0.6175846 0.829843
vt 0.583447 0.8427669
vt 0.583447 0.8427669
vt 0.5882915 0.8502293
vt 0.5975444 0.8564881
vt 0.6337432 0.8450387
vt 0.6392498 0.7827514
vt 0.6520232 0.8257808
vt 0.6354885 0.8210265
vt 0.674907 0.7860764
vt 0.6879814 0.8706307
vt 0.6616522 0.8742716
vt 0.679556 0.8234488
vt 0.7137539 0.8670048
vt 0.7078411 0.8227266
vt 0.7237439 0.8246675
vt 0.7213216 0.8658914
vt 0.667896 0.9127122
vt 0.7165673 0.8936048
vt 0.6960456 0.9085898
vt 0.674907 0.7860764
vt 0.7119184 0.7804344
vt 0.674907 0.7860764
vt 0.583447 0.8427669
vt 0.583447 0.8427669
vt 0.583447 0.8427669
vt 0.6055785 0.8190104
vt 0.5882915 0.8502293
vt 0.6520232 0.8257808
vt 0.6520232 0.8257808
vt 0.6616522 0.8742716
vt 0.6354885 0.8210265
vt 0.7861817 0.8244718
vt 0.7376457 0.8690359
vt 0.7916732 0.8717139
vt 0.7350881 0.831844
vt 0.768353 0.9074765
vt 0.7455896 0.8958766
vt 0.7958558 0.906649
vt 0.7338393 0.7842258
vt 0.7610862 0.7776962
vt 0.7928016 0.7934636
vt 0.809577 0.8084938
vt 0.827526 0.8350186
vt 0.8206804 0.8436395
vt 0.791598 0.7629669
vt 0.6616522 0.8742716
vt 0.6337432 0.8450387
vt 0.6490744 0.8787401
vt 0.6520232 0.8257808
vt 0.667896 0.9127122
vt 0.6354885 0.8210265
vt 0.4042731 0.011863
vt 0.4462193 0.06724455
vt 0.4474079 0.03086514
vt 0.3160328 0.03119614
vt 0.3205915 0.1005096
vt 0.25525 0.04931062
vt 0.2597635 0.09939624
vt 0.1684991 0.08313233
vt 0.1752995 0.04732465
vt 0.08912034 0.04712906
vt 0.0699226 0.07967193
vt 0.02680293 0.03146695
vt 0.02362838 0.08558471
vt 0.05394455 0.1180373
vt 0.02269557 0.1179771
vt 0.07205904 0.1600135
vt 0.03208381 0.1632182
vt 0.09255066 0.2075565
vt 0.04389433 0.2166739
vt 0.0626407 0.2657515
vt 0.07997283 0.1121697
vt 0.1020893 0.2627124
vt 0.04860349 0.3126927
vt 0.1009158 0.3315895
vt 0.1273202 0.1985595
vt 0.1790608 0.1156902
vt 0.1351738 0.251925
vt 0.1723356 0.1519794
vt 0.1794219 0.3346738
vt 0.2675871 0.1923909
vt 0.2412278 0.2629682
vt 0.260245 0.149527
vt 0.2505408 0.3403158
vt 0.2951349 0.2667295
vt 0.3192675 0.1480225
vt 0.3259626 0.1993268
vt 0.3378183 0.3144079
vt 0.3149645 0.3522166
vt 0.3474322 0.2728679
vt 0.4653117 0.1064073
vt 0.4672074 0.3404813
vt 0.4695093 0.1903899
vt 0.4614601 0.239964
vt 0.4648754 0.2824518
vt 0.4925286 0.1459161
vt 0.5209791 0.09378437
vt 0.4909187 0.03647702
vt 0.5390334 0.04055429
vt 0.5614057 0.09450654
vt 0.5662804 0.04664761
vt 0.5539132 0.1457506
vt 0.5074835 0.19376
vt 0.5042488 0.2439961
vt 0.5454878 0.1971151
vt 0.5470676 0.2480132
vt 0.5096802 0.287176
vt 0.5544849 0.2919152
vt 0.5133512 0.3392927
vt 0.5594799 0.3381342
vt 0.8046422 0.5314205
vt 0.84048 0.4653869
vt 0.7733782 0.4477389
vt 0.8929879 0.5627598
vt 0.9075517 0.4661693
vt 0.9824169 0.5648962
vt 0.8482434 0.5819725
vt 0.7973904 0.5763456
vt 0.8660569 0.6503833
vt 0.876047 0.6924498
vt 0.7670742 0.6385878
vt 0.9824169 0.6973245
vt 0.8745725 0.7456197
vt 0.9824169 0.7492908
vt 0.9824169 0.8033634
vt 0.8792516 0.8015429
vt 0.8246825 0.8176413
vt 0.8038147 0.7928768
vt 0.9401096 0.847792
vt 0.9824169 0.8504249
vt 0.9824169 0.460091
vt 0.865079 0.8425111
vt 0.8984042 0.8688554
vt 0.9824169 0.4325582
vt 0.915962 0.4488823
vt 0.8492965 0.4540428
vt 0.784948 0.4344238
vt 0.3944486 0.4036112
vt 0.4672074 0.3404813
vt 0.3149645 0.3522166
vt 0.3378183 0.3144079
vt 0.2505408 0.3403158
vt 0.2951349 0.2667295
vt 0.2412278 0.2629682
vt 0.1794219 0.3346738
vt 0.1351738 0.251925
vt 0.1009158 0.3315895
vt 0.1020893 0.2627124
vt 0.04860349 0.3126927
vt 0.0626407 0.2657515
vt 0.09255066 0.2075565
vt 0.04389433 0.2166739
vt 0.03208381 0.1632182
vt 0.07205904 0.1600135
vt 0.02269557 0.1179771
vt 0.05394455 0.1180373
vt 0.02362838 0.08558471
vt 0.0699226 0.07967193
vt 0.02680293 0.03146695
vt 0.08912034 0.04712906
vt 0.07997283 0.1121697
vt 0.1273202 0.1985595
vt 0.1790608 0.1156902
vt 0.1684991 0.08313233
vt 0.1723356 0.1519794
vt 0.1752995 0.04732465
vt 0.2675871 0.1923909
vt 0.260245 0.149527
vt 0.25525 0.04931062
vt 0.2597635 0.09939624
vt 0.3205915 0.1005096
vt 0.3192675 0.1480225
vt 0.3259626 0.1993268
vt 0.3160328 0.03119614
vt 0.3474322 0.2728679
vt 0.4653117 0.1064073
vt 0.4462193 0.06724455
vt 0.4695093 0.1903899
vt 0.4614601 0.239964
vt 0.4042731 0.011863
vt 0.4474079 0.03086514
vt 0.4648754 0.2824518
vt 0.4925286 0.1459161
vt 0.5209791 0.09378437
vt 0.4909187 0.03647702
vt 0.5390334 0.04055429
vt 0.5614057 0.09450654
vt 0.5662804 0.04664761
vt 0.5539132 0.1457506
vt 0.5042488 0.2439961
vt 0.5096802 0.287176
vt 0.5470676 0.2480132
vt 0.5544849 0.2919152
vt 0.5133512 0.3392927
vt 0.5594799 0.3381342
vt 0.5454878 0.1971151
vt 0.5074835 0.19376
vt 0.7168532 0.4236664
vt 0.7622748 0.4211389
vt 0.7336286 0.4053564
vt 0.7236687 0.4616407
vt 0.7671795 0.4577138
vt 0.7742809 0.4983059
vt 0.7174098 0.5024133
vt 0.7248874 0.5351066
vt 0.7673601 0.532263
vt 0.7442957 0.5543796
vt 0.8426616 0.9880739
vt 0.8419394 0.9686354
vt 0.8873008 0.980145
vt 0.8852697 0.9613987
vt 0.9257113 0.9630386
vt 0.7911165 0.9599242
vt 0.7898226 0.9835151
vt 0.7424001 0.9873968
vt 0.7390901 0.9662432
vt 0.6977608 0.9652051
vt 0.7007397 0.9864339
vt 0.9143371 0.9416292
vt 0.8852697 0.9613987
vt 0.8873008 0.980145
vt 0.8419394 0.9686354
vt 0.8426616 0.9880739
vt 0.7911165 0.9599242
vt 0.7898226 0.9835151
vt 0.7424001 0.9873968
vt 0.7390901 0.9662432
vt 0.6977608 0.9652051
vt 0.7007397 0.9864339
vt 0.8445422 0.9513484
vt 0.859753 0.9196029
vt 0.7329366 0.922928
vt 0.7329366 0.922928
vt 0.7814124 0.9230032
vt 0.7023345 0.9207464
vt 0.7814124 0.9230032
vt 0.8445422 0.9513484
vt 0.859753 0.9196029
vt 0.9143371 0.9416292
vt 0.8200636 0.8999689
vt 0.8200636 0.8999689
vt 0.7023345 0.9207464
vt 0.6895009 0.5308488
vt 0.6101974 0.5245448
vt 0.6066468 0.4486115
vt 0.7139494 0.4611291
vt 0.5222279 0.4536366
vt 0.5515059 0.5143592
vt 0.6066468 0.4486115
vt 0.5222279 0.4536366
vt 0.5393193 0.4238771
vt 0.6066468 0.4486115
vt 0.5862905 0.4047997
vt 0.4778293 0.436801
vt 0.4955376 0.5140282
vt 0.4269162 0.4583307
vt 0.440818 0.5330153
vt 0.3687513 0.4929649
vt 0.4008729 0.560503
vt 0.3999702 0.4159934
vt 0.5534167 0.3593781
vt 0.4631151 0.3715046
vt 0.5222279 0.4536366
vt 0.5222279 0.4536366
vt 0.5222279 0.4536366
vt 0.4008729 0.560503
vt 0.845129 0.04774591
vt 0.9152549 0.02392928
vt 0.8503798 0.02072465
vt 0.9135096 0.0521993
vt 0.9740968 0.05571989
vt 0.9783847 0.03810191
vt 0.8812376 0.1315931
vt 0.8353496 0.1216331
vt 0.9813035 0.1461117
vt 0.9674619 0.1939105
vt 0.8235842 0.2348486
vt 0.7801636 0.1160814
vt 0.8407357 0.04443596
vt 0.7837895 0.01732442
vt 0.7826009 0.04991243
vt 0.845129 0.04774591
vt 0.8503798 0.02072465
vt 0.8812075 0.2475317
vt 0.7755898 0.2277623
vt 0.9322861 0.2544074
vt 0.9195879 0.3275725
vt 0.7730472 0.273891
vt 0.8345522 0.2965642
vt 0.8786047 0.3915749
vt 0.923605 0.408892
vt 0.9480385 0.3908828
vt 0.7981427 0.3783803
vt 0.7700231 0.347041
vt 0.8834643 0.4290075
vt 0.8445422 0.4284509
vt 0.7271893 0.2309368
vt 0.7247218 0.1173452
vt 0.7250378 0.04014806
vt 0.720434 0.04302171
vt 0.7171541 0.01577476
vt 0.6782471 0.1236041
vt 0.720434 0.04302171
vt 0.6518728 0.04235971
vt 0.6522338 0.01413483
vt 0.7171541 0.01577476
vt 0.5911803 0.04138177
vt 0.5882314 0.02359829
vt 0.5773537 0.1304496
vt 0.5873437 0.1784741
vt 0.6687987 0.2385798
vt 0.617359 0.2408366
vt 0.6229408 0.3139715
vt 0.710489 0.2911931
vt 0.6571537 0.3814044
vt 0.6104081 0.3941025
vt 0.5879154 0.3736711
vt 0.7388794 0.3760934
vt 0.6482469 0.4179944
vt 0.6870185 0.4215451
vt 0.3814044 0.7382175
vt 0.3310178 0.6611557
vt 0.3310178 0.7382175
vt 0.3814044 0.6611557
vt 0.8904001 0.9045577
vt 0.906965 0.8928826
vt 0.8962076 0.912953
vt 0.901684 0.8831784
vt 0.9416894 0.9040161
vt 0.930917 0.9240263
vt 0.8929428 0.8831633
vt 0.8839608 0.9002698
vt 0.8258259 0.8670048
vt 0.816889 0.8842165
vt 0.8064476 0.8658463
vt 0.01402951 0.558171
vt 0.03883912 0.5926697
vt 0.01538358 0.5972886
vt 0.03734965 0.5534016
vt 0.01902453 0.6051422
vt 0.03736469 0.6018323
vt 0.01330734 0.6786533
vt 0.03179795 0.6755089
vt 0.02934558 0.6924498
vt 0.8020845 0.6803685
vt 0.8017234 0.6900125
vt 0.8259914 0.6809402
vt 0.8259012 0.6906143
vt 0.8000835 0.7298824
vt 0.7998278 0.6899673
vt 0.8283836 0.7305744
vt 0.9483694 0.9516042
vt 0.9519051 0.9432691
vt 0.9516493 0.9521007
vt 0.9505661 0.9915192
vt 0.9472712 0.9910077
vt 0.8516135 0.7519989
vt 0.8365833 0.6557695
vt 0.8342212 0.7515776
vt 0.8539756 0.6562058
vt 0.8420898 0.7599127
vt 0.8342212 0.7515776
vt 0.8625965 0.6981519
vt 0.8643116 0.7328312
vt 0.8651542 0.6982272
vt 0.8617239 0.732771
vt 0.8651542 0.6982272
vt 0.8643116 0.7328312
vt 0.8625965 0.6981519
vt 0.8643116 0.7328312
vt 0.8651542 0.6982272
vt 0.8617239 0.732771
vt 0.8651542 0.6982272
vt 0.8643116 0.7328312
vt 0.9790467 0.9421107
vt 0.9516493 0.9521007
vt 0.9832143 0.95022
vt 0.9519051 0.9432691
vt 0.980807 0.8675765
vt 0.9536654 0.8687199
vt 0.9690717 0.8555704
vt 0.9505661 0.9915192
vt 0.9832143 0.95022
vt 0.982131 0.9896386
vt 0.9516493 0.9521007
vt 0.9790467 0.9421107
vt 0.9519051 0.9432691
vt 0.980807 0.8675765
vt 0.9536654 0.8687199
vt 0.9690717 0.8555704
vt 0.9472712 0.9910077
vt 0.9393122 0.9517245
vt 0.9483694 0.9516042
vt 0.9382139 0.991128
vt 0.9505661 0.9915192
vt 0.9483694 0.9516042
vt 0.9516493 0.9521007
vt 0.9472712 0.9910077
vt 0.9519051 0.9432691
vt 0.8904001 0.9045577
vt 0.906965 0.8928826
vt 0.8962076 0.912953
vt 0.901684 0.8831784
vt 0.9416894 0.9040161
vt 0.930917 0.9240263
vt 0.8929428 0.8831633
vt 0.8839608 0.9002698
vt 0.8258259 0.8670048
vt 0.816889 0.8842165
vt 0.8064476 0.8658463
vt 0.9472712 0.9910077
vt 0.9393122 0.9517245
vt 0.9382139 0.991128
vt 0.9483694 0.9516042
vt 0.03734965 0.5534016
vt 0.01538358 0.5972886
vt 0.03883912 0.5926697
vt 0.01402951 0.558171
vt 0.03736469 0.6018323
vt 0.01902453 0.6051422
vt 0.03179795 0.6755089
vt 0.01330734 0.6786533
vt 0.02934558 0.6924498
vt 0.9505661 0.9915192
vt 0.9832143 0.95022
vt 0.9516493 0.9521007
vt 0.982131 0.9896386
vt 0.9519051 0.9432691
vt 0.9790467 0.9421107
vt 0.9536654 0.8687199
vt 0.980807 0.8675765
vt 0.9690717 0.8555704
vt 0.9516493 0.9521007
vt 0.9472712 0.9910077
vt 0.9505661 0.9915192
vt 0.9483694 0.9516042
vt 0.9519051 0.9432691
vt 0.8020845 0.6803685
vt 0.8017234 0.6900125
vt 0.8259914 0.6809402
vt 0.8259012 0.6906143
vt 0.8000835 0.7298824
vt 0.7998278 0.6899673
vt 0.8283836 0.7305744
vt 0.827842 0.6906745
vt 0.9790467 0.9421107
vt 0.9516493 0.9521007
vt 0.9519051 0.9432691
vt 0.9832143 0.95022
vt 0.980807 0.8675765
vt 0.9536654 0.8687199
vt 0.9690717 0.8555704
vt 0.9472712 0.9910077
vt 0.9393122 0.9517245
vt 0.9483694 0.9516042
vt 0.9382139 0.991128
vt 0.9505661 0.9915192
vt 0.9483694 0.9516042
vt 0.9516493 0.9521007
vt 0.9472712 0.9910077
vt 0.9519051 0.9432691
vt 0.8904001 0.9045577
vt 0.906965 0.8928826
vt 0.8962076 0.912953
vt 0.901684 0.8831784
vt 0.9416894 0.9040161
vt 0.930917 0.9240263
vt 0.8929428 0.8831633
vt 0.8839608 0.9002698
vt 0.8258259 0.8670048
vt 0.816889 0.8842165
vt 0.8064476 0.8658463
vt 0.9472712 0.9910077
vt 0.9393122 0.9517245
vt 0.9382139 0.991128
vt 0.9483694 0.9516042
vt 0.03734965 0.5534016
vt 0.01538358 0.5972886
vt 0.03883912 0.5926697
vt 0.01402951 0.558171
vt 0.03736469 0.6018323
vt 0.01902453 0.6051422
vt 0.03179795 0.6755089
vt 0.01330734 0.6786533
vt 0.02934558 0.6924498
vt 0.9505661 0.9915192
vt 0.9832143 0.95022
vt 0.9516493 0.9521007
vt 0.982131 0.9896386
vt 0.9519051 0.9432691
vt 0.9790467 0.9421107
vt 0.9536654 0.8687199
vt 0.980807 0.8675765
vt 0.9690717 0.8555704
vt 0.9516493 0.9521007
vt 0.9472712 0.9910077
vt 0.9505661 0.9915192
vt 0.9483694 0.9516042
vt 0.9519051 0.9432691
vt 0.8020845 0.6803685
vt 0.8017234 0.6900125
vt 0.8259914 0.6809402
vt 0.8259012 0.6906143
vt 0.8000835 0.7298824
vt 0.7998278 0.6899673
vt 0.8283836 0.7305744
vt 0.827842 0.6906745
vt 0.9790467 0.9421107
vt 0.9516493 0.9521007
vt 0.9519051 0.9432691
vt 0.9832143 0.95022
vt 0.980807 0.8675765
vt 0.9536654 0.8687199
vt 0.9690717 0.8555704
vt 0.8046422 0.5314205
vt 0.7733782 0.4477389
vt 0.84048 0.4653869
vt 0.8929879 0.5627598
vt 0.9075517 0.4661693
vt 0.9824169 0.5648962
vt 0.8482434 0.5819725
vt 0.7973904 0.5763456
vt 0.8660569 0.6503833
vt 0.876047 0.6924498
vt 0.7670742 0.6385878
vt 0.9824169 0.6973245
vt 0.8745725 0.7456197
vt 0.9824169 0.7492908
vt 0.9824169 0.8033634
vt 0.8721653 0.8220195
vt 0.8246825 0.8176413
vt 0.8038147 0.7928768
vt 0.8492965 0.4540428
vt 0.9401096 0.847792
vt 0.9824169 0.8504249
vt 0.784948 0.4344238
vt 0.915962 0.4488823
vt 0.9824169 0.4325582
vt 0.9824169 0.460091
vt 0.8792516 0.8015429
vt 0.865079 0.8425111
vt 0.8984042 0.8688554
vt 0.7168532 0.4236664
vt 0.7336286 0.4053564
vt 0.7622748 0.4211389
vt 0.7236687 0.4616407
vt 0.7671795 0.4577138
vt 0.7742809 0.4983059
vt 0.7174098 0.5024133
vt 0.7248874 0.5351066
vt 0.7673601 0.532263
vt 0.7442957 0.5543796
vt 0.8426616 0.9880739
vt 0.8873008 0.980145
vt 0.8419394 0.9686354
vt 0.8852697 0.9613987
vt 0.9257113 0.9630386
vt 0.7911165 0.9599242
vt 0.7898226 0.9835151
vt 0.7424001 0.9873968
vt 0.7390901 0.9662432
vt 0.6977608 0.9652051
vt 0.7007397 0.9864339
vt 0.9143371 0.9416292
vt 0.8852697 0.9613987
vt 0.8873008 0.980145
vt 0.8419394 0.9686354
vt 0.8426616 0.9880739
vt 0.7911165 0.9599242
vt 0.7898226 0.9835151
vt 0.7424001 0.9873968
vt 0.7390901 0.9662432
vt 0.6977608 0.9652051
vt 0.7007397 0.9864339
vt 0.8445422 0.9513484
vt 0.859753 0.9196029
vt 0.7329366 0.922928
vt 0.7329366 0.922928
vt 0.7814124 0.9230032
vt 0.7023345 0.9207464
vt 0.8200636 0.8999689
vt 0.7023345 0.9207464
vt 0.7814124 0.9230032
vt 0.8445422 0.9513484
vt 0.859753 0.9196029
vt 0.9143371 0.9416292
vt 0.8200636 0.8999689
vt 0.6895009 0.5308488
vt 0.6066468 0.4486115
vt 0.6101974 0.5245448
vt 0.7139494 0.4611291
vt 0.5222279 0.4536366
vt 0.6066468 0.4486115
vt 0.5515059 0.5143592
vt 0.5222279 0.4536366
vt 0.5393193 0.4238771
vt 0.6066468 0.4486115
vt 0.5862905 0.4047997
vt 0.4778293 0.436801
vt 0.4955376 0.5140282
vt 0.4269162 0.4583307
vt 0.440818 0.5330153
vt 0.3687513 0.4929649
vt 0.4008729 0.560503
vt 0.3999702 0.4159934
vt 0.5534167 0.3593781
vt 0.4631151 0.3715046
vt 0.5222279 0.4536366
vt 0.5222279 0.4536366
vt 0.4008729 0.560503
vt 0.5222279 0.4536366
vt 0.7250077 0.6029456
vt 0.758032 0.6275898
vt 0.7734534 0.5746756
vt 0.7278513 0.6685429
vt 0.7583029 0.6997317
vt 0.7063817 0.6460051
vt 0.700168 0.6185777
vt 0.6960456 0.5604278
vt 0.7296266 0.7139344
vt 0.7573099 0.7492306
vt 0.7216676 0.7470641
vt 0.7103988 0.6770134
vt 0.7096014 0.7072242
vt 0.7216676 0.7470641
vt 0.7013566 0.7376909
vt 0.3507722 0.474053
vt 0.3766651 0.4075379
vt 0.3363439 0.3905218
vt 0.3507722 0.474053
vt 0.3363439 0.3905218
vt 0.3164239 0.4210636
vt 0.3507722 0.474053
vt 0.3507722 0.474053
vt 0.3000396 0.4356726
vt 0.3092022 0.4889929
vt 0.3436258 0.5063702
vt 0.2998892 0.5193392
vt 0.2941269 0.5499111
vt 0.2997989 0.560172
vt 0.3551053 0.5418469
vt 0.3351101 0.5899315
vt 0.3695186 0.5717719
vt 0.3712338 0.6207442
vt 0.2901098 0.5775342
vt 0.2812782 0.6199618
vt 0.3273318 0.6239939
vt 0.3712338 0.6207442
vt 0.3498996 0.6471335
vt 0.2766744 0.5866516
vt 0.2287703 0.5945504
vt 0.2606211 0.5692744
vt 0.3712338 0.6207442
vt 0.3953964 0.5988834
vt 0.3695186 0.5717719
vt 0.3712338 0.6207442
vt 0.3351101 0.5899315
vt 0.3551053 0.5418469
vt 0.2997989 0.560172
vt 0.2901098 0.5775342
vt 0.2812782 0.6199618
vt 0.3273318 0.6239939
vt 0.3712338 0.6207442
vt 0.3498996 0.6471335
vt 0.2766744 0.5866516
vt 0.2287703 0.5945504
vt 0.3436258 0.5063702
vt 0.2941269 0.5499111
vt 0.2606211 0.5692744
vt 0.2998892 0.5193392
vt 0.3092022 0.4889929
vt 0.3507722 0.474053
vt 0.2800746 0.4785214
vt 0.2711528 0.4466857
vt 0.3033647 0.9658821
vt 0.3093978 0.9807318
vt 0.3529237 0.9624518
vt 0.3063286 0.9241015
vt 0.370331 0.9339561
vt 0.3246838 0.8830129
vt 0.3849851 0.8712475
vt 0.4209884 0.8946278
vt 0.4232301 0.9496483
vt 0.3975028 0.9745632
vt 0.4519515 0.9775271
vt 0.4478141 0.9846135
vt 0.3967355 0.9832293
vt 0.4736317 0.9798141
vt 0.4763399 0.9663485
vt 0.4736769 0.890686
vt 0.542885 0.9436452
vt 0.3581896 0.8440758
vt 0.5512953 0.8912427
vt 0.5859596 0.9209269
vt 0.5937831 0.8641763
vt 0.6167873 0.8972006
vt 0.4263596 0.8532233
vt 0.5215358 0.866749
vt 0.5579904 0.8345823
vt 0.5937831 0.8641763
vt 0.4829598 0.8523206
vt 0.4148198 0.8164979
vt 0.3581896 0.8440758
vt 0.4927542 0.8151137
vt 0.2930436 0.9587356
vt 0.2119798 0.9700346
vt 0.2549039 0.9901501
vt 0.2568899 0.9354155
vt 0.2139207 0.9371156
vt 0.1829876 0.9496483
vt 0.1510767 0.9772263
vt 0.1526715 0.9862083
vt 0.2119798 0.9700346
vt 0.2930436 0.9587356
vt 0.2568899 0.9354155
vt 0.2139207 0.9371156
vt 0.1829876 0.9496483
vt 0.1510767 0.9772263
vt 0.1526715 0.9862083
vt 0.6750124 0.9372661
vt 0.627018 0.9139008
vt 0.6408747 0.9746084
vt 0.6013207 0.9404707
vt 0.5933167 0.9882845
vt 0.5649413 0.9595631
vt 0.5546052 0.9868702
vt 0.5059038 0.9689513
vt 0.5052418 0.9799795
vt 0.4671924 0.9893076
vt 0.3278132 0.7987595
vt 0.3098943 0.8013473
vt 0.3199596 0.765013
vt 0.3154911 0.8296023
vt 0.3369758 0.8279172
vt 0.3302957 0.8492514
vt 0.3156717 0.8668543
vt 0.335396 0.7722498
vt 0.3278132 0.7987595
vt 0.3379838 0.7519989
vt 0.377297 0.8157306
vt 0.3548645 0.7522547
vt 0.3369758 0.8279172
vt 0.3596038 0.8311971
vt 0.3061029 0.7398273
vt 0.2751699 0.6807597
vt 0.2869653 0.7469286
vt 0.2596432 0.7139494
vt 0.1911271 0.7567682
vt 0.215681 0.8271198
vt 0.2962784 0.8346876
vt 0.2411827 0.8695474
vt 0.2899593 0.9211376
vt 0.1790909 0.9295779
vt 0.1658661 0.8771904
vt 0.1112369 0.9099289
vt 0.1211366 0.9665592
vt 0.1115829 0.868419
vt 0.1270795 0.8131428
vt 0.07035892 0.8717741
vt 0.06224953 0.8982236
vt 0.08406514 0.8154748
vt 0.04666265 0.9399893
vt 0.08763086 0.7923051
vt 0.0512665 0.9799043
vt 0.04342793 0.9027372
vt 0.03530349 0.8735645
vt 0.06685337 0.8018287
vt 0.03530349 0.8735645
vt 0.05865372 0.7781024
vt 0.0384329 0.8211167
vt 0.05376401 0.7485084
vt 0.1092358 0.7339596
vt 0.06929071 0.7296717
vt 0.03223426 0.8066131
vt 0.02880394 0.7730472
vt 0.02651707 0.7405494
vt 0.03259535 0.7222244
vt 0.01013279 0.8255852
vt 0.009485847 0.8056051
vt 0.1416132 0.7019734
vt 0.1820398 0.6731618
vt 0.1216783 0.6696412
vt 0.1193312 0.6247913
vt 0.1977621 0.6159146
vt 0.09700406 0.6623894
vt 0.09584557 0.7062613
vt 0.06972702 0.6044953
vt 0.07198381 0.70748
vt 0.06554444 0.6879362
vt 0.05292148 0.647615
vt 0.06972702 0.6044953
vt 0.04548912 0.6816323
vt 0.03715406 0.696843
vt 0.06590553 0.7265574
vt 0.03366356 0.7170337
vt 0.09367906 0.5885172
vt 0.1489553 0.5639032
vt 0.06972702 0.6044953
vt 0.2800746 0.4785214
vt 0.3000396 0.4356726
vt 0.2711528 0.4466857
vt 0.7250077 0.6029456
vt 0.7734534 0.5746756
vt 0.758032 0.6275898
vt 0.7278513 0.6685429
vt 0.7583029 0.6997317
vt 0.7063817 0.6460051
vt 0.700168 0.6185777
vt 0.6960456 0.5604278
vt 0.7296266 0.7139344
vt 0.7573099 0.7492306
vt 0.7216676 0.7470641
vt 0.7103988 0.6770134
vt 0.7096014 0.7072242
vt 0.7216676 0.7470641
vt 0.7013566 0.7376909
vt 0.3507722 0.474053
vt 0.3363439 0.3905218
vt 0.3766651 0.4075379
vt 0.3033647 0.9658821
vt 0.3529237 0.9624518
vt 0.3093978 0.9807318
vt 0.3063286 0.9241015
vt 0.370331 0.9339561
vt 0.3246838 0.8830129
vt 0.3849851 0.8712475
vt 0.4209884 0.8946278
vt 0.4232301 0.9496483
vt 0.3975028 0.9745632
vt 0.4519515 0.9775271
vt 0.4478141 0.9846135
vt 0.3967355 0.9832293
vt 0.4736317 0.9798141
vt 0.4763399 0.9663485
vt 0.4736769 0.890686
vt 0.542885 0.9436452
vt 0.3581896 0.8440758
vt 0.5512953 0.8912427
vt 0.5859596 0.9209269
vt 0.5937831 0.8641763
vt 0.6167873 0.8972006
vt 0.4263596 0.8532233
vt 0.5215358 0.866749
vt 0.5579904 0.8345823
vt 0.5937831 0.8641763
vt 0.4829598 0.8523206
vt 0.4148198 0.8164979
vt 0.3581896 0.8440758
vt 0.4927542 0.8151137
vt 0.6750124 0.9372661
vt 0.6408747 0.9746084
vt 0.627018 0.9139008
vt 0.6013207 0.9404707
vt 0.5933167 0.9882845
vt 0.5649413 0.9595631
vt 0.5546052 0.9868702
vt 0.5059038 0.9689513
vt 0.5052418 0.9799795
vt 0.4671924 0.9893076
vt 0.3278132 0.7987595
vt 0.3199596 0.765013
vt 0.3098943 0.8013473
vt 0.3154911 0.8296023
vt 0.3369758 0.8279172
vt 0.3302957 0.8492514
vt 0.3156717 0.8668543
vt 0.335396 0.7722498
vt 0.3278132 0.7987595
vt 0.3379838 0.7519989
vt 0.377297 0.8157306
vt 0.3548645 0.7522547
vt 0.3369758 0.8279172
vt 0.3596038 0.8311971
vt 0.3061029 0.7398273
vt 0.2869653 0.7469286
vt 0.2751699 0.6807597
vt 0.2596432 0.7139494
vt 0.1911271 0.7567682
vt 0.215681 0.8271198
vt 0.2962784 0.8346876
vt 0.2411827 0.8695474
vt 0.2899593 0.9211376
vt 0.1790909 0.9295779
vt 0.1658661 0.8771904
vt 0.1112369 0.9099289
vt 0.1211366 0.9665592
vt 0.1115829 0.868419
vt 0.1270795 0.8131428
vt 0.07035892 0.8717741
vt 0.06224953 0.8982236
vt 0.08406514 0.8154748
vt 0.04666265 0.9399893
vt 0.08763086 0.7923051
vt 0.0512665 0.9799043
vt 0.04342793 0.9027372
vt 0.03530349 0.8735645
vt 0.06685337 0.8018287
vt 0.03530349 0.8735645
vt 0.05865372 0.7781024
vt 0.0384329 0.8211167
vt 0.05376401 0.7485084
vt 0.1092358 0.7339596
vt 0.06929071 0.7296717
vt 0.03223426 0.8066131
vt 0.02880394 0.7730472
vt 0.02651707 0.7405494
vt 0.03259535 0.7222244
vt 0.01013279 0.8255852
vt 0.009485847 0.8056051
vt 0.1416132 0.7019734
vt 0.1820398 0.6731618
vt 0.1216783 0.6696412
vt 0.1193312 0.6247913
vt 0.1977621 0.6159146
vt 0.09700406 0.6623894
vt 0.09584557 0.7062613
vt 0.06972702 0.6044953
vt 0.06554444 0.6879362
vt 0.07198381 0.70748
vt 0.05292148 0.647615
vt 0.06972702 0.6044953
vt 0.04548912 0.6816323
vt 0.03715406 0.696843
vt 0.06590553 0.7265574
vt 0.03366356 0.7170337
vt 0.09367906 0.5885172
vt 0.1489553 0.5639032
vt 0.06972702 0.6044953
vt 0.01624116 0.3640722
vt 0.2598989 0.4449103
vt 0.2498788 0.3602808
vt 0.02632148 0.4489425
vt 0.2587706 0.4597751
vt 0.009907114 0.5328047
vt 0.2424013 0.5434567
vt 0.2421907 0.5586675
vt 0.2671357 0.4724281
vt 0.2424013 0.5434567
vt 0.2508568 0.5562451
vt 0.2587706 0.4597751
vn 0.9372311 0.0822891 0.3388605
vn 0.0588752 0.9920149 0.1115354
vn 0.8588064 -0.04319024 0.5104764
vn 0.1451423 0.9841725 -0.1016775
vn -0.06645895 -0.9977892 0
vn 0.1130464 -0.9935897 0
vn -0.8351656 0.1920836 -0.5153662
vn -0.7645835 0.04307687 -0.6430836
vn 0.8666489 -0.01182044 0.4987784
vn -0.06660426 -0.9921283 0.1060436
vn 0.1216149 0.9841725 -0.1288968
vn 0.8588064 -0.04319024 0.5104764
vn 0.9450735 -0.003977954 0.3268336
vn -0.003864527 -0.9999708 -0.006591797
vn -0.06660426 -0.9921283 0.1060436
vn -0.858693 0.05876172 -0.5091104
vn 0.1608272 0.9214327 -0.3536896
vn 0.9450735 -0.003977954 0.3268336
vn -0.7881109 -0.05103272 -0.6134142
vn -0.7645835 0.04307687 -0.6430836
vn 0.1130464 -0.9935897 0
vn -0.8351656 0.1920836 -0.5153662
vn -0.06660426 -0.9921283 0.1060436
vn -0.858693 0.05876172 -0.5091104
vn -0.7881109 -0.05103272 -0.6134142
vn -0.01170695 0.9606451 -0.277532
vn 0.9450735 -0.003977954 0.3268336
vn 0.1608272 0.9214327 -0.3536896
vn 0.8823339 0.03523433 0.4693032
vn -0.8351656 0.1685562 -0.5235333
vn -0.7881109 -0.05103272 -0.6134142
vn -0.003864527 -0.9999708 -0.006591797
vn -0.113659 -0.9137037 0.3901631
vn -0.8351656 0.1685562 -0.5235333
vn -0.7881109 -0.05103272 -0.6134142
vn -0.5057821 -0.749012 0.4279784
vn -0.9214327 0.3097206 -0.234595
vn -0.9841725 0.07444668 -0.1608174
vn -0.5685219 -0.8117517 0.1335744
vn 0.2941491 -0.9450735 0.1425213
vn 0.6784298 -0.733327 0.04432279
vn -0.7488985 0.333248 -0.5727974
vn -0.4195151 -0.6235325 -0.6597077
vn 0.6470599 -0.3882586 -0.6561773
vn 0.3725737 0.6626314 -0.6496987
vn -0.5528369 0.2705083 -0.7881603
vn -0.113659 -0.9137037 0.3901631
vn 0.6627449 -0.6549024 0.3631419
vn 0.2941491 -0.9450735 0.1425213
vn 0.8823339 0.03523433 0.4693032
vn 0.9921283 -0.06671762 -0.1059724
vn 0.9842859 -0.02750534 0.1744269
vn 0.5282546 -0.849086 0
vn 0.6784298 0.6704739 -0.3003294
vn 0.631375 0.7724259 0.06872981
vn -0.5057821 0.8037958 -0.313204
vn -0.5685219 0.7253711 -0.3880974
vn -0.3175631 -0.6549024 -0.6857526
vn -0.2312959 0.5136247 -0.8262517
vn -0.1920836 0.04307687 -0.9804327
vn 0.8823339 0.03523433 0.4693032
vn -0.01170695 0.9606451 -0.277532
vn 0.8823339 0.03523433 0.4693032
vn -0.7488985 0.333248 -0.5727974
vn -0.4195151 -0.6235325 -0.6597077
vn 0.3725737 0.6626314 -0.6496987
vn -0.5685219 -0.8117517 0.1335744
vn 0.6470599 -0.3882586 -0.6561773
vn 0.6627449 -0.6549024 0.3631419
vn 0.5282546 -0.849086 0
vn -0.003864527 -0.9999708 0.006591797
vn 0.2941491 -0.9450735 0.1425213
vn -0.5528369 0.2705083 -0.7881603
vn -0.5685219 0.7253711 -0.3880974
vn -0.5057821 0.8037958 -0.313204
vn -0.7881109 -0.6078476 -0.09696671
vn -0.1920836 0.04307687 -0.9804327
vn -0.2312959 0.5136247 -0.8262517
vn -0.3175631 -0.6549024 -0.6857526
vn -0.01170695 0.9606451 -0.277532
vn -0.8351656 0.1685562 -0.5235333
vn -0.9841725 0.07444668 -0.1608174
vn -0.9214327 0.3097206 -0.234595
vn -0.7488985 0.333248 -0.5727974
vn 0.3725737 0.6626314 -0.6496987
vn -0.113659 -0.9137037 0.3901631
vn 0.5282546 -0.849086 0
vn -0.5528369 0.2705083 -0.7881603
vn -0.003864527 -0.9999708 0.006591797
vn -0.7881109 -0.6078476 -0.09696671
vn -0.3175631 -0.6549024 -0.6857526
vn 0.2941491 -0.9450735 0.1425213
vn -0.9214327 0.0822891 0.3797238
vn -0.05091929 0.9920149 0.1153848
vn -0.1371864 0.9841725 -0.1121804
vn -0.8508506 -0.04319024 0.5236295
vn 0.8431215 0.1920836 -0.5022449
vn 0.7803818 0.04307687 -0.6238178
vn -0.1215014 0.9841725 -0.1290038
vn -0.8508506 -0.04319024 0.5236295
vn -0.858693 -0.01182044 0.512354
vn 0.08212662 -0.9966219 0
vn -0.09751002 -0.9952345 0
vn -0.9214327 0.0822891 0.3797238
vn 0.07456011 -0.9921283 0.100609
vn -0.9371177 -0.003977954 0.3489909
vn 0.01181995 -0.9999301 0
vn 0.07456011 -0.9921283 0.100609
vn 0.8666489 0.05876172 -0.495446
vn -0.1528714 0.9214327 -0.3572003
vn -0.9371177 -0.003977954 0.3489909
vn 0.8039092 -0.05103272 -0.5925586
vn 0.7803818 0.04307687 -0.6238178
vn 0.8431215 0.1920836 -0.5022449
vn -0.09751002 -0.9952345 0
vn 0.07456011 -0.9921283 0.100609
vn 0.8666489 0.05876172 -0.495446
vn 0.8039092 -0.05103272 -0.5925586
vn 0.01966286 0.9606451 -0.2770819
vn -0.9371177 -0.003977954 0.3489909
vn -0.8665355 0.03523433 0.4978701
vn -0.1528714 0.9214327 -0.3572003
vn 0.8431215 0.1685562 -0.510622
vn 0.8039092 -0.05103272 -0.5925586
vn 0.01181995 -0.9999301 0
vn 0.1216149 -0.9137037 0.3877569
vn 0.8431215 0.1685562 -0.510622
vn 0.8039092 -0.05103272 -0.5925586
vn 0.5215805 -0.749012 0.4085766
vn 0.9372311 0.3097206 -0.1602219
vn 0.5764778 -0.8117517 0.09344815
vn 0.9921283 0.0822891 -0.09439222
vn -0.2861933 -0.9450735 0.1578907
vn -0.6704739 -0.733327 0.1126774
vn 0.7568544 0.333248 -0.562243
vn 0.427471 -0.6235325 -0.6545806
vn -0.6312616 -0.3882586 -0.6713896
vn -0.3646178 0.6626314 -0.6541969
vn 0.5607928 0.2705083 -0.7825195
vn 0.1216149 -0.9137037 0.3877569
vn -0.654789 -0.6549024 0.3772986
vn -0.2861933 -0.9450735 0.1578907
vn -0.8665355 0.03523433 0.4978701
vn -0.9763299 -0.06671762 -0.2057392
vn -0.5190137 -0.854766 0
vn -0.9684875 -0.02750534 0.2475388
vn -0.6626314 0.6704739 -0.3337429
vn -0.6155766 0.7802684 0.1106641
vn 0.5215805 0.8037958 -0.2861225
vn 0.5764778 0.7253711 -0.3761782
vn 0.325519 -0.6549024 -0.682012
vn 0.2392519 0.5136247 -0.8239832
vn 0.2000395 0.04307687 -0.9788404
vn -0.8665355 0.03523433 0.4978701
vn 0.01966286 0.9606451 -0.2770819
vn -0.8665355 0.03523433 0.4978701
vn 0.7568544 0.333248 -0.562243
vn -0.3646178 0.6626314 -0.6541969
vn 0.427471 -0.6235325 -0.6545806
vn 0.5764778 -0.8117517 0.09344815
vn -0.6312616 -0.3882586 -0.6713896
vn -0.654789 -0.6549024 0.3772986
vn 0.01181995 -0.9999301 0
vn -0.5190137 -0.854766 0
vn -0.2861933 -0.9450735 0.1578907
vn 0.5607928 0.2705083 -0.7825195
vn 0.5764778 0.7253711 -0.3761782
vn 0.7976527 -0.603117 0
vn 0.5215805 0.8037958 -0.2861225
vn 0.2000395 0.04307687 -0.9788404
vn 0.2392519 0.5136247 -0.8239832
vn 0.325519 -0.6549024 -0.682012
vn 0.01966286 0.9606451 -0.2770819
vn 0.8431215 0.1685562 -0.510622
vn 0.9921283 0.0822891 -0.09439222
vn 0.9372311 0.3097206 -0.1602219
vn 0.7568544 0.333248 -0.562243
vn -0.3646178 0.6626314 -0.6541969
vn 0.1216149 -0.9137037 0.3877569
vn -0.5190137 -0.854766 0
vn 0.5607928 0.2705083 -0.7825195
vn 0.7976527 -0.603117 0
vn 0.01181995 -0.9999301 0
vn 0.325519 -0.6549024 -0.682012
vn -0.2861933 -0.9450735 0.1578907
vn 0.003977954 0.6077342 -0.7941306
vn -0.113659 0.8900629 -0.4414404
vn 0.003977954 0.5528369 -0.83328
vn -0.9606451 0.0822891 -0.2653102
vn -0.3489329 0.9214327 -0.1709021
vn -0.9841725 0.003864527 -0.1771712
vn -0.3724602 0.9214327 0.1106121
vn -0.7253711 0.6783164 -0.1171479
vn -0.9606451 -0.2470943 -0.1269071
vn -0.9528025 -0.2784641 -0.120934
vn -0.8037958 0.5685219 -0.1752005
vn -0.8979053 -0.427471 0.1050455
vn -0.8194807 0.4900973 -0.2970793
vn -0.1058165 0.9920149 -0.06862436
vn -0.2391384 0.9371177 -0.2542111
vn 0.7568544 0.6234192 -0.196265
vn 0.7568544 0.5685219 -0.3224195
vn 0.9215462 -0.3725737 -0.1092771
vn 0.9604709 -0.2783808 0
vn 0.01966286 -0.9686009 0.2478418
vn -0.1371864 0.9841725 0.1121804
vn -0.1292762 -0.9916087 0
vn -0.8979053 -0.427471 0.1050455
vn -0.9528025 -0.2784641 -0.120934
vn 0.9858546 -0.1676031 0
vn -0.07444668 0.9920149 0.1018046
vn 0.207882 -0.9686009 -0.1363719
vn 0.7019572 0.7018437 0.1211255
vn -0.9606451 -0.2470943 -0.1269071
vn 0.9871146 -0.1600145 0
vn -0.003864527 -0.9999708 -0.006591797
vn 0.6549024 0.7488985 0.1012616
vn -0.9841725 0.003864527 -0.1771712
vn 0.1451423 -0.9686009 -0.2018563
vn 0.7097996 0.7018437 -0.05999852
vn 0.9730476 -0.2306046 0
vn -0.6469465 -0.6470599 -0.4034521
vn -0.9606451 0.0822891 -0.2653102
vn 0.2863066 -0.9372311 -0.199064
vn 0.3725737 0.9214327 -0.1102294
vn 0.003977954 -0.9686009 -0.2485889
vn 0.9935897 -0.1130464 0
vn 0.7736058 -0.6336672 0
vn 0.3882586 -0.9215462 -0.002804962
vn 0.8431215 0.5214671 0.1312179
vn 0.3882586 0.9057478 0.1699299
vn 0.003977954 0.9606451 -0.2777503
vn 0.003977954 0.9841725 0.1771687
vn 0.3333614 0.858693 -0.3892512
vn 0.003977954 0.9528025 -0.3035647
vn 0.7568544 0.5371521 -0.3723427
vn 0.9686009 -0.1686697 0.1826547
vn 0.763382 -0.6459473 0
vn 0.9686009 -0.06671762 -0.2395015
vn 0.733327 -0.6078476 -0.3045533
vn 0.4108785 -0.9116901 0
vn 0.3490463 -0.8823339 -0.3156796
vn 0.003977954 -0.9999708 -0.006528195
vn 0.003977954 -0.9607584 -0.2773579
vn 0.9686009 0.1763988 0.1752019
vn 0.8039092 0.4822547 -0.348081
vn 0.9215462 -0.1294574 -0.3660512
vn 0.529423 0.843008 -0.09512497
vn 0.427471 0.8194807 -0.3817329
vn 0.003977954 0.9920149 0.1260581
vn 0.8889129 0.4580763 0
vn 0.9921283 -0.01182044 0.1246662
vn 0.2784641 0.9135903 -0.2963283
vn 0.207882 0.9684875 -0.1371753
vn 0.5843202 -0.7803818 -0.2226524
vn 0.003977954 0.9998573 0.01641925
vn 0.3333614 0.874378 0.3526094
vn 0.003977954 0.9763299 0.21625
vn 0.003977954 0.8665355 0.4990995
vn 0.3882586 0.6312616 0.6713896
vn 0.5058956 -0.01966286 0.8623706
vn 0.6862723 -0.01182044 0.7272487
vn 0.4666833 0.6861588 0.5580258
vn 0.003977954 0.9057478 0.4237985
vn 0.003977954 0.9292752 -0.3693669
vn 0.3647313 -0.01182044 0.9310378
vn 0.6784298 -0.2470943 0.6918652
vn 0.003977954 0.9528025 -0.3035647
vn 0.3333614 0.858693 -0.3892512
vn 0.7568544 0.5371521 -0.3723427
vn 0.9686009 -0.06671762 -0.2395015
vn 0.003977954 0.6077342 -0.7941306
vn 0.003977954 -0.9686009 -0.2485889
vn 0.9686009 0.0822891 -0.2346076
vn 0.6549024 -0.6470599 -0.3904053
vn 0.9921283 0.003864527 -0.1251657
vn -0.1371864 -0.9686009 -0.2073454
vn 0.01965963 -0.9998068 0
vn 0.9686009 -0.2470943 -0.02750662
vn -0.1999261 -0.9686009 -0.1477896
vn 0.9610716 -0.2762995 0
vn 0.144753 -0.9894677 0
vn 0.904363 -0.426764 0
vn -0.01170695 -0.9686009 0.2483449
vn -0.9135903 -0.3725737 -0.1629159
vn -0.9528025 -0.2784641 0.120934
vn -0.7488985 0.5685219 -0.3404908
vn -0.7488985 0.6234192 -0.2247211
vn 0.2470943 0.9371177 -0.246485
vn 0.1137725 0.9920149 -0.05442693
vn 0.835279 0.4900973 -0.2492259
vn 0.8117517 0.5685219 -0.1335744
vn 0.904363 -0.426764 0
vn 0.9610716 -0.2762995 0
vn 0.1451423 0.9841725 0.1016775
vn -0.9841725 -0.1686697 0.05436071
vn 0.08240259 0.9920149 0.09547927
vn 0.733327 0.6783164 -0.04602585
vn -0.6940013 0.7018437 0.1605538
vn 0.9686009 -0.2470943 -0.02750662
vn -0.9841725 -0.1608272 0.07442553
vn -0.6469465 0.7488985 0.1435659
vn 0.9921283 0.003864527 -0.1251657
vn 0.3882586 0.9214327 0.01472757
vn 0.3568888 0.9214327 -0.1535973
vn -0.7018437 0.7018437 -0.1217814
vn -0.9684875 -0.2314094 -0.09209608
vn 0.9686009 0.0822891 -0.2346076
vn -0.2783507 -0.9372311 -0.2100448
vn -0.3646178 0.9214327 -0.1342221
vn 0.1216149 0.8900629 -0.4393152
vn -0.9920149 -0.1137725 0.05442685
vn -0.7645835 -0.6392175 -0.08254156
vn 0.003977954 0.6077342 -0.7941306
vn 0.003977954 0.5528369 -0.83328
vn -0.3803028 -0.9215462 -0.07824621
vn -0.8351656 0.5214671 0.1748441
vn -0.3803028 0.9057478 0.1870582
vn 0.003977954 0.9606451 -0.2777503
vn 0.003977954 0.9841725 0.1771687
vn -0.3254055 0.858693 -0.3959262
vn 0.003977954 0.9528025 -0.3035647
vn -0.7410561 0.5371521 -0.4028692
vn -0.7561537 -0.6543941 0
vn -0.4038302 -0.9137037 -0.04546198
vn -0.7175287 -0.6078476 -0.3401085
vn -0.333248 -0.8823339 -0.3323141
vn 0.003977954 -0.9999708 -0.006528195
vn 0.003977954 -0.9607584 -0.2773579
vn -0.9449601 -0.06671762 -0.320311
vn -0.9606451 -0.1686697 0.2207069
vn -0.7410561 0.1920836 -0.6433815
vn 0.6470599 0.3959876 -0.6515422
vn -0.1058165 0.7645835 -0.635779
vn -0.6469465 -0.01182044 -0.7624437
vn 0.7019572 0.1058165 -0.7043145
vn 0.749012 -0.02750534 -0.6619853
vn -0.7410561 -0.03534782 -0.6705121
vn -0.6704739 -0.4509984 -0.5891224
vn 0.7019572 -0.4666833 -0.5380174
vn 0.01966286 -0.9058613 -0.4231179
vn -0.7410561 -0.03534782 -0.6705121
vn -0.9371177 -0.1137725 0.3299489
vn -0.6704739 -0.4509984 -0.5891224
vn -0.7488985 -0.4902107 0.4459199
vn 0.01966286 -0.9058613 -0.4231179
vn -0.9920149 -0.07456011 0.1017214
vn -0.6469465 -0.01182044 -0.7624437
vn -0.7410561 0.1920836 -0.6433815
vn -0.9528025 0.2783507 0.1211949
vn -0.2312959 0.9684875 -0.0923807
vn -0.1058165 0.7645835 -0.635779
vn -0.01170695 -0.7882243 0.6152767
vn 0.733327 -0.4666833 0.4944069
vn 0.7019572 -0.4666833 -0.5380174
vn 0.9450735 -0.07456011 0.3182402
vn 0.749012 -0.02750534 -0.6619853
vn 0.9959624 0.08977035 0
vn 0.7019572 0.1058165 -0.7043145
vn 0.6470599 0.3959876 -0.6515422
vn 0.8014525 0.5980585 0
vn -0.2312959 0.9684875 -0.0923807
vn -0.1058165 0.7645835 -0.635779
vn 0.7019572 -0.2392519 0.6708313
vn -0.06660426 -0.4666833 0.881913
vn -0.8979053 0.3959876 0.1922493
vn 0.749012 0.654789 -0.1011556
vn 0.9842859 -0.01966286 0.175484
vn -0.2077686 0.9684875 0.1373471
vn -0.9528025 -0.1686697 0.2524239
vn -0.7253711 -0.2392519 0.6454419
vn -0.06660426 -0.4666833 0.881913
vn -0.01170695 -0.7882243 0.6152767
vn 0.01966286 -0.545108 0.8381352
vn 0.01966286 -0.545108 0.8381352
vn -0.2077686 0.9684875 0.1373471
vn -0.07444668 -0.2784641 -0.957557
vn -0.01954949 0.09797406 -0.994997
vn 0.2784641 0.9135903 -0.2963283
vn 0.5843202 -0.7803818 -0.2226524
vn 0.7568544 -0.003977954 -0.6535714
vn 0.6000051 0.6155766 -0.5109395
vn 0.2784641 0.9135903 -0.2963283
vn 0.7568544 -0.003977954 -0.6535714
vn 0.4745257 0.8351656 0.2780715
vn 0.2784641 0.9135903 -0.2963283
vn 0.207882 0.9684875 -0.1371753
vn 0.8588064 0.0822891 0.5056481
vn 0.9686009 0.04307687 -0.2448604
vn 0.5764778 -0.7803818 0.2422346
vn 0.631375 -0.529423 -0.5666364
vn 0.5843202 -0.7803818 -0.2226524
vn -0.07444668 -0.2784641 -0.957557
vn 0.6000051 -0.7568544 0.2591625
vn 0.3333614 0.874378 0.3526094
vn 0.6862723 -0.01182044 0.7272487
vn 0.7568544 -0.003977954 -0.6535714
vn 0.7568544 -0.003977954 -0.6535714
vn 0.7568544 -0.003977954 -0.6535714
vn -0.07444668 -0.2784641 -0.957557
vn -0.2548233 -0.9215462 -0.2929467
vn 0.733327 -0.6078476 -0.3045533
vn 0.3490463 -0.8823339 -0.3156796
vn 0.749012 -0.5764778 -0.3265799
vn 0.9215462 -0.1294574 -0.3660512
vn 0.9686009 -0.06671762 -0.2395015
vn 0.8013983 -0.5981311 0
vn 0.3490053 -0.9371208 0
vn 0.9686009 0.1763988 0.1752019
vn 0.9921283 -0.01182044 0.1246662
vn 0.3176765 -0.9372311 0.143804
vn 0.003977954 -0.9921283 0.1251623
vn -0.5998918 -0.7803818 -0.1764487
vn 0.003977954 -0.9607584 -0.2773579
vn 0.003977954 -0.9921283 -0.1251623
vn -0.2548233 -0.9215462 -0.2929467
vn 0.3490463 -0.8823339 -0.3156796
vn 0.733327 -0.6784298 0.04432245
vn 0.003977954 -0.9842859 0.1765375
vn 0.5843202 -0.7803818 -0.2226524
vn 0.6000051 -0.7568544 0.2591625
vn 0.003977954 -0.9450735 0.3268336
vn 0.3333614 -0.8823339 0.3322004
vn 0.4666833 -0.5843202 0.66391
vn 0.5058956 -0.01966286 0.8623706
vn 0.6862723 -0.01182044 0.7272487
vn 0.1608272 -0.8588064 0.4864012
vn 0.01182044 -0.835279 0.5496992
vn 0.3647313 -0.01182044 0.9310378
vn 0.6784298 -0.2470943 0.6918652
vn -0.3097206 -0.9372311 0.1602219
vn -0.3410904 -0.9372311 0.07249332
vn 0.6078476 -0.7803818 -0.1467159
vn 0.2627792 -0.9215462 -0.2858316
vn -0.333248 -0.8823339 -0.3323141
vn -0.7881109 -0.6000051 0.1373866
vn 0.2627792 -0.9215462 -0.2858316
vn -0.7332137 -0.5764778 -0.3606537
vn -0.7175287 -0.6078476 -0.3401085
vn -0.333248 -0.8823339 -0.3323141
vn -0.9135903 -0.1294574 -0.3854783
vn -0.9449601 -0.06671762 -0.320311
vn -0.9606451 0.1763988 0.2145798
vn -0.9763299 -0.01182044 0.2159633
vn -0.7253711 -0.6784298 0.1164892
vn -0.5763644 -0.7803818 -0.2425044
vn -0.5842068 -0.7568544 0.2930423
vn -0.3254055 -0.8823339 0.3399974
vn -0.4508849 -0.5843202 0.6747389
vn -0.4979397 -0.01966286 0.8669887
vn -0.6783164 -0.01182044 0.7346749
vn -0.1528714 -0.8588064 0.48896
vn -0.3567754 -0.01182044 0.9341154
vn -0.6704739 -0.2470943 0.6995778
vn 0.003977954 -0.9372311 0.3486863
vn 0.003977954 -0.9372311 0.3486863
vn 0.003977954 -0.9372311 0.3486863
vn 0.003977954 -0.9372311 0.3486863
vn 0.2941491 -0.2235669 -0.9292438
vn 0.01182044 -0.9372311 -0.3485086
vn 0.411786 -0.6549024 -0.633668
vn 0.4666833 -0.8117517 -0.3510925
vn 0.1137725 -0.6549024 0.7471002
vn 0.6000051 -0.3882586 0.6994634
vn 0.08240259 -0.9686009 -0.2345678
vn 0.8666489 -0.08240259 -0.4920665
vn 0.02750534 -0.9842859 -0.1744268
vn 0.8431215 -0.1216149 -0.5237899
vn -0.113659 -0.2627792 -0.9581382
vn -0.4352 0.6626314 0.6095249
vn -0.9528025 -0.1137725 -0.2814661
vn -0.4430425 0.6940013 -0.5675169
vn -0.7645835 0.1215014 0.6329688
vn 0.01966286 0.7724259 -0.6348004
vn -0.8822204 -0.1765121 -0.4364982
vn -0.05876172 0.7410561 -0.6688669
vn -0.9214327 -0.1451423 -0.3604101
vn -0.113659 -0.2627792 -0.9581382
vn 0.1137725 -0.6549024 0.7471002
vn 0.1137725 -0.1529847 0.9816576
vn 0.6000051 -0.3882586 0.6994634
vn 0.09024507 0.2391384 0.9667826
vn -0.7645835 0.1215014 0.6329688
vn 0.1843546 -0.6784298 0.7111585
vn -0.4352 0.6626314 0.6095249
vn 0.4666833 -0.8117517 -0.3510925
vn 0.08240259 -0.9686009 -0.2345678
vn 0.1137725 -0.9921283 -0.05231849
vn 0.1843546 -0.6784298 0.7111585
vn 0.1137725 -0.1529847 0.9816576
vn -0.6155766 -0.733327 0.2886119
vn -0.2861933 -0.5764778 0.765354
vn 0.7489185 -0.6626621 0
vn -0.7645835 0.639104 -0.08341575
vn -0.8665355 -0.2941491 -0.4032275
vn -0.756741 0.639104 -0.1374375
vn -0.7488985 -0.6235325 0.2244064
vn -0.7175287 0.6783164 -0.1582386
vn -0.7096863 0.6861588 -0.1597859
vn -0.756741 -0.6078476 0.24055
vn 0.733327 -0.6784298 0.04432245
vn 0.733327 -0.6784298 0.04432245
vn 0.6078476 0.7488985 -0.2639552
vn 0.733327 -0.6784298 0.04432245
vn 0.733327 -0.6784298 0.04432245
vn 0.6000051 0.756741 -0.2594934
vn -0.7096863 0.6861588 -0.1597859
vn -0.7175287 0.6783164 -0.1582386
vn 0.01966286 0.7724259 -0.6348004
vn 0.2941491 -0.2235669 -0.9292438
vn -0.4430425 0.6940013 -0.5675169
vn 0.8666489 -0.08240259 -0.4920665
vn -0.05876172 0.7410561 -0.6688669
vn 0.8431215 -0.1216149 -0.5237899
vn -0.113659 -0.2627792 -0.9581382
vn 0.1843546 -0.6784298 0.7111585
vn -0.9528025 -0.1137725 -0.2814661
vn -0.7645835 0.1215014 0.6329688
vn 0.1137725 -0.9921283 -0.05231849
vn -0.8822204 -0.1765121 -0.4364982
vn 0.08240259 -0.9686009 -0.2345678
vn -0.9214327 -0.1451423 -0.3604101
vn 0.02750534 -0.9842859 -0.1744268
vn -0.113659 -0.2627792 -0.9581382
vn 0.1137725 -0.1529847 0.9816576
vn 0.01182044 -0.9372311 -0.3485086
vn 0.4666833 -0.8117517 -0.3510925
vn 0.1137725 -0.6549024 0.7471002
vn 0.06671762 0.3724602 0.9256469
vn -0.4900973 0.8665355 -0.09444993
vn -0.215611 0.9684875 0.1246751
vn 0.3176765 -0.09808749 0.9431121
vn 0.1765121 0.9449601 -0.2754883
vn -0.5057821 0.8508506 -0.1422594
vn -0.3959876 0.874378 -0.2804585
vn -0.858693 0.4979397 -0.1212533
vn -0.4900973 0.8665355 -0.09444993
vn 0.2000395 0.3410904 0.9184996
vn -0.3489329 0.1058165 0.9311545
vn 0.1765121 0.9449601 -0.2754883
vn -0.8273232 0.5136247 0.2274335
vn 0.2314094 0.9292752 -0.287919
vn -0.843008 0.5136247 0.1597722
vn -0.4038302 0.333248 -0.8519782
vn 0.1216149 -0.1921971 0.9737916
vn -0.858693 0.4979397 -0.1212533
vn -0.3489329 0.1058165 0.9311545
vn -0.5057821 0.8508506 -0.1422594
vn -0.1528714 -0.9137037 0.3765314
vn 0.1843546 -0.5058956 -0.8426642
vn -0.6077342 -0.7097996 -0.356151
vn 0.411786 -0.8823339 0.2278579
vn -0.7018437 -0.6235325 -0.3444162
vn 0.3961011 -0.1294574 -0.909035
vn -0.6704739 -0.6000051 -0.4364156
vn 0.4666833 -0.1765121 -0.8666315
vn -0.4038302 0.333248 -0.8519782
vn -0.3254055 0.1920836 0.9258592
vn -0.6077342 -0.7097996 -0.356151
vn -0.7881109 0.5449945 0.2861159
vn -0.1528714 -0.9137037 0.3765314
vn -0.8273232 0.5136247 0.2274335
vn -0.7018437 -0.6235325 -0.3444162
vn -0.843008 0.5136247 0.1597722
vn -0.6704739 -0.6000051 -0.4364156
vn -0.4038302 0.333248 -0.8519782
vn -0.7881109 0.5449945 0.2861159
vn 0.1216149 -0.1921971 0.9737916
vn -0.3254055 0.1920836 0.9258592
vn -0.5057821 0.8508506 -0.1422594
vn -0.8273232 0.5136247 0.2274335
vn 0.2000395 0.3410904 0.9184996
vn 0.3176765 -0.09808749 0.9431121
vn -0.3489329 0.1058165 0.9311545
vn 0.1216149 -0.1921971 0.9737916
vn 0.411786 -0.8823339 0.2278579
vn 0.06671762 0.3724602 0.9256469
vn -0.1528714 -0.9137037 0.3765314
vn -0.3254055 0.1920836 0.9258592
vn 0.3961011 -0.1294574 -0.909035
vn -0.215611 0.9684875 0.1246751
vn 0.1765121 0.9449601 -0.2754883
vn 0.1843546 -0.5058956 -0.8426642
vn 0.4666833 -0.1765121 -0.8666315
vn 0.2314094 0.9292752 -0.287919
vn -0.4038302 0.333248 -0.8519782
vn 0.4509984 0.3097206 0.8370625
vn 0.04319024 0.8037958 -0.5933354
vn -0.3646178 0.858693 -0.3601391
vn 0.4902107 0.7253711 0.4832496
vn -0.113659 0.5606794 0.8201952
vn -0.3646178 0.858693 -0.3601391
vn -0.3803028 0.8900629 -0.2513121
vn 0.4509984 0.3097206 0.8370625
vn 0.04319024 0.8900629 -0.453787
vn -0.6312616 0.7096863 -0.3128166
vn 0.04319024 0.8037958 -0.5933354
vn -0.9214327 0.3018781 -0.2446044
vn -0.3646178 0.858693 -0.3601391
vn 0.4902107 0.7253711 0.4832496
vn -0.4900973 0.2234535 0.8425397
vn 0.04319024 0.8900629 -0.453787
vn -0.9292752 0.3567754 -0.09570258
vn 0.09808749 0.874378 -0.4752284
vn -0.9292752 0.3410904 -0.141792
vn -0.3410904 0.05876172 -0.9381921
vn 0.03534782 0.04307687 0.9984462
vn -0.9214327 0.3018781 -0.2446044
vn -0.4900973 0.2234535 0.8425397
vn -0.6312616 0.7096863 -0.3128166
vn -0.04307687 -0.8274366 0.5599046
vn 0.3647313 -0.6235325 -0.6915044
vn -0.4195151 -0.8823339 -0.2132931
vn 0.5215805 -0.7097996 0.4734324
vn -0.5293095 -0.8117517 -0.2467604
vn 0.5215805 -0.2314094 -0.8212208
vn -0.4900973 -0.8039092 -0.3369491
vn 0.6000051 -0.2549368 -0.7582883
vn -0.3410904 0.05876172 -0.9381921
vn -0.4744123 0.3018781 0.8269235
vn -0.4195151 -0.8823339 -0.2132931
vn -0.8979053 0.4195151 0.1333156
vn -0.04307687 -0.8274366 0.5599046
vn -0.9292752 0.3567754 -0.09570258
vn -0.5293095 -0.8117517 -0.2467604
vn -0.9292752 0.3410904 -0.141792
vn -0.4900973 -0.8039092 -0.3369491
vn -0.3410904 0.05876172 -0.9381921
vn -0.8979053 0.4195151 0.1333156
vn 0.03534782 0.04307687 0.9984462
vn -0.4744123 0.3018781 0.8269235
vn -0.6312616 0.7096863 -0.3128166
vn -0.9292752 0.3567754 -0.09570258
vn 0.4902107 0.7253711 0.4832496
vn 0.4509984 0.3097206 0.8370625
vn -0.4900973 0.2234535 0.8425397
vn 0.03534782 0.04307687 0.9984462
vn 0.5215805 -0.7097996 0.4734324
vn -0.113659 0.5606794 0.8201952
vn -0.04307687 -0.8274366 0.5599046
vn -0.4744123 0.3018781 0.8269235
vn 0.5215805 -0.2314094 -0.8212208
vn -0.3803028 0.8900629 -0.2513121
vn 0.04319024 0.8900629 -0.453787
vn 0.3647313 -0.6235325 -0.6915044
vn 0.6000051 -0.2549368 -0.7582883
vn 0.09808749 0.874378 -0.4752284
vn -0.3410904 0.05876172 -0.9381921
vn -0.9606451 0.1763988 0.2145798
vn -0.9135903 -0.1294574 -0.3854783
vn -0.7881109 0.4822547 -0.3825071
vn -0.5214671 0.8508506 0.06422894
vn -0.4195151 0.8194807 -0.3904593
vn 0.003977954 0.9920149 0.1260581
vn -0.8822204 0.4665699 -0.06324338
vn -0.9763299 -0.01182044 0.2159633
vn -0.2705083 0.9135903 -0.3036084
vn -0.1999261 0.9684875 -0.1485312
vn -0.5763644 -0.7803818 -0.2425044
vn 0.003977954 0.9998573 0.01641925
vn -0.3254055 0.874378 0.3599645
vn 0.003977954 0.9763299 0.21625
vn 0.003977954 0.8665355 0.4990995
vn -0.3803028 0.6312616 0.6759279
vn -0.4979397 -0.01966286 0.8669887
vn -0.6783164 -0.01182044 0.7346749
vn -0.7410561 0.5371521 -0.4028692
vn -0.4587274 0.6861588 0.5645842
vn 0.003977954 0.9057478 0.4237985
vn -0.9449601 -0.06671762 -0.320311
vn -0.3254055 0.858693 -0.3959262
vn 0.003977954 0.9528025 -0.3035647
vn 0.003977954 0.9292752 -0.3693669
vn -0.3803028 0.6312616 0.6759279
vn -0.3567754 -0.01182044 0.9341154
vn -0.6704739 -0.2470943 0.6995778
vn 0.7568544 0.1920836 -0.6247202
vn 0.1137725 0.7645835 -0.6344036
vn -0.6312616 0.3959876 -0.6668602
vn 0.6549024 -0.01182044 -0.755621
vn -0.6861588 0.1058165 -0.7197145
vn -0.7332137 -0.02750534 -0.6794418
vn 0.7568544 -0.03534782 -0.6526269
vn 0.6784298 -0.4509984 -0.5799427
vn -0.6940013 -0.4666833 -0.5482416
vn -0.01170695 -0.9058613 -0.4234128
vn 0.7568544 -0.03534782 -0.6526269
vn 0.6784298 -0.4509984 -0.5799427
vn 0.9450735 -0.1137725 0.3064178
vn 0.7568544 -0.4902107 0.4322788
vn -0.01170695 -0.9058613 -0.4234128
vn 0.9972318 -0.07435588 0
vn 0.6549024 -0.01182044 -0.755621
vn 0.7568544 0.1920836 -0.6247202
vn 0.9607584 0.2705083 -0.06138796
vn 0.2392519 0.9684875 -0.06921376
vn 0.1137725 0.7645835 -0.6344036
vn 0.01966286 -0.7882243 0.6150738
vn -0.7253711 -0.4666833 0.5060074
vn -0.6940013 -0.4666833 -0.5482416
vn -0.9371177 -0.07456011 0.3409564
vn -0.7332137 -0.02750534 -0.6794418
vn -0.9920149 0.09797406 0.07942
vn -0.6861588 0.1058165 -0.7197145
vn -0.6312616 0.3959876 -0.6668602
vn -0.7881109 0.5998918 -0.1378809
vn 0.2392519 0.9684875 -0.06921376
vn 0.1137725 0.7645835 -0.6344036
vn -0.6940013 -0.2392519 0.6790587
vn 0.07456011 -0.4666833 0.8812761
vn 0.9137037 0.3959876 0.09132018
vn -0.7410561 0.6626314 -0.1084229
vn -0.9684875 -0.01966286 0.2482848
vn 0.2157245 0.9684875 0.1244787
vn -0.01170695 -0.545108 0.8382841
vn 0.2157245 0.9684875 0.1244787
vn 0.9686009 -0.1686697 0.1826547
vn 0.733327 -0.2392519 0.6363882
vn 0.07456011 -0.4666833 0.8812761
vn 0.01966286 -0.7882243 0.6150738
vn -0.01170695 -0.545108 0.8382841
vn 0.08240259 -0.2784641 -0.9569052
vn -0.2705083 0.9135903 -0.3036084
vn 0.02750534 0.09797406 -0.9948088
vn -0.5763644 -0.7803818 -0.2425044
vn -0.7410561 -0.003977954 -0.6714314
vn -0.2705083 0.9135903 -0.3036084
vn -0.5842068 0.6155766 -0.5289308
vn -0.7410561 -0.003977954 -0.6714314
vn -0.4665699 0.8351656 0.2912231
vn -0.2705083 0.9135903 -0.3036084
vn -0.1999261 0.9684875 -0.1485312
vn -0.8508506 0.0822891 0.5189237
vn -0.9606451 0.04307687 -0.2744183
vn -0.5685219 -0.7803818 0.2603597
vn -0.6234192 -0.529423 -0.5753779
vn -0.5763644 -0.7803818 -0.2425044
vn 0.08240259 -0.2784641 -0.9569052
vn -0.5842068 -0.7568544 0.2930423
vn -0.3254055 0.874378 0.3599645
vn -0.6783164 -0.01182044 0.7346749
vn -0.7410561 -0.003977954 -0.6714314
vn -0.7410561 -0.003977954 -0.6714314
vn 0.08240259 -0.2784641 -0.9569052
vn -0.7410561 -0.003977954 -0.6714314
vn 0.411786 -0.733327 0.540984
vn 0.6784298 -0.2470943 0.6918652
vn 0.5764778 -0.733327 0.3604231
vn 0.8039092 0.01170695 0.5946369
vn 0.4666833 0.6861588 0.5580258
vn 0.749012 -0.5607928 0.3528349
vn 0.2549368 -0.9058613 0.3382642
vn 0.1608272 -0.8588064 0.4864012
vn 0.3882586 0.5685219 0.7252849
vn 0.003977954 0.9057478 0.4237985
vn 0.003977954 0.6234192 0.7818777
vn 0.835279 0.02739191 0.5491436
vn 0.3961011 0.5136247 0.7611134
vn 0.003977954 0.6234192 0.7818777
vn 0.003977954 0.5920492 0.805892
vn 0.2549368 -0.9058613 0.3382642
vn 0.1608272 -0.8588064 0.4864012
vn 0.01182044 -0.835279 0.5496992
vn 0.2549368 -0.9058613 0.3382642
vn 0.01182044 -0.835279 0.5496992
vn 0.003977954 -0.9921283 0.1251623
vn -0.2469809 -0.9058613 0.344116
vn 0.2549368 -0.9058613 0.3382642
vn 0.003977954 -0.9450735 -0.3268336
vn 0.7882243 -0.5764778 -0.2153505
vn 0.749012 -0.5607928 0.3528349
vn 0.8588064 -0.1216149 -0.4976559
vn 0.835279 0.129344 -0.534396
vn 0.7254846 0.5842068 -0.3638331
vn 0.835279 0.02739191 0.5491436
vn 0.7019572 0.7096863 -0.06001193
vn 0.3961011 0.5136247 0.7611134
vn 0.003977954 0.9841725 -0.1771687
vn 0.4509984 0.874378 -0.1790633
vn 0.9058613 0.4195151 -0.05850174
vn 0.5215805 0.7802684 -0.3451593
vn 0.003977954 0.9841725 -0.1771687
vn 0.003977954 0.9606451 -0.2777503
vn 0.733327 0.6155766 0.2886119
vn 0.9972318 -0.07435588 0
vn 0.9799666 -0.1991617 0
vn 0.003977954 0.9841725 -0.1771687
vn 0.003977954 0.5920492 0.805892
vn -0.3881452 0.5136247 0.7652013
vn 0.003977954 0.9841725 -0.1771687
vn -0.6861588 0.7096863 -0.1597859
vn -0.8273232 0.02739191 0.5610579
vn -0.7096863 0.5842068 -0.3937611
vn -0.4430425 0.874378 -0.1979306
vn -0.8900629 0.4195151 -0.1783116
vn -0.5136247 0.7802684 -0.3568906
vn 0.003977954 0.9841725 -0.1771687
vn 0.003977954 0.9606451 -0.2777503
vn -0.7253711 0.6155766 0.3080619
vn -0.9920149 -0.07456011 0.1017214
vn -0.7332137 -0.5607928 0.3845896
vn -0.8194807 0.129344 -0.5583203
vn -0.9763299 -0.2000395 0.08224394
vn -0.843008 -0.1216149 -0.5239726
vn -0.7802684 -0.5764778 -0.2425996
vn -0.2469809 -0.9058613 0.344116
vn -0.6155766 -0.1137725 -0.7798213
vn 0.003977954 -0.309834 -0.9507824
vn 0.003977954 0.5528369 -0.83328
vn 0.003977954 -0.1608272 -0.9869746
vn 0.4666833 0.4508849 -0.760861
vn 0.003977954 0.9841725 -0.1771687
vn 0.6993079 0.7148206 0
vn 0.003977954 0.9920149 0.1260581
vn 0.427471 0.7802684 0.4565629
vn 0.835279 0.3881452 0.3894255
vn 0.9764434 0.215611 -0.008376505
vn 0.6784298 0.0822891 -0.7300422
vn 0.7254846 -0.1608272 -0.6691836
vn -0.01170695 -0.3490463 -0.9370323
vn 0.10593 -0.2784641 -0.9545871
vn 0.6000051 -0.309834 -0.7375613
vn 0.9987003 -0.05096788 0
vn 0.8431215 -0.02750534 0.5370191
vn 0.7568544 -0.2157245 0.6169557
vn 0.003977954 0.8665355 0.4990995
vn 0.6000051 -0.6000051 0.5291386
vn 0.3961011 -0.4902107 0.7764003
vn 0.003977954 -0.8431215 0.5377083
vn 0.003977954 -0.4902107 0.8715949
vn 0.411786 0.4038302 0.8169171
vn 0.4902107 -0.2392519 0.8381242
vn 0.003977954 -0.4353134 0.9002702
vn 0.003977954 -0.8431215 0.5377083
vn 0.427471 0.01954949 0.9038177
vn 0.003977954 0.4744123 0.8802938
vn 0.003977954 0.8665355 0.4990995
vn 0.003977954 -0.01182044 0.9999222
vn 0.003977954 -0.9921283 0.1251623
vn -0.1999261 -0.1921971 -0.9607756
vn 0.003977954 -0.10593 -0.9943656
vn 0.509926 -0.8602183 0
vn 0.7568544 -0.6470599 -0.09211335
vn 0.8823339 -0.3490463 -0.3156796
vn 0.6000051 -0.309834 -0.7375613
vn -0.129344 -0.3882586 -0.9124283
vn 0.207882 -0.1921971 -0.9590857
vn 0.003977954 -0.9921283 0.1251623
vn -0.4979397 -0.8666489 -0.03123664
vn -0.756741 -0.6470599 -0.09304016
vn -0.874378 -0.3490463 -0.3370903
vn -0.5920492 -0.309834 -0.7439628
vn 0.1372998 -0.3882586 -0.9112651
vn 0.003977954 -0.9921283 0.1251623
vn 0.003977954 -0.4902107 0.8715949
vn 0.509926 -0.8602183 0
vn 0.3961011 -0.4902107 0.7764003
vn 0.7568544 -0.6470599 -0.09211335
vn 0.7568544 -0.2157245 0.6169557
vn 0.8823339 -0.3490463 -0.3156796
vn 0.9987003 -0.05096788 0
vn 0.6000051 -0.309834 -0.7375613
vn -0.129344 -0.3882586 -0.9124283
vn 0.6784298 0.6861588 -0.2625246
vn 0.4509984 0.874378 -0.1790633
vn 0.7254846 0.5842068 -0.3638331
vn 0.733327 0.6155766 0.2886119
vn 0.7882243 0.5214671 0.3267637
vn 0.4666833 -0.2470943 0.8492061
vn 0.9799666 -0.1991617 0
vn 0.7882243 0.1763988 -0.5895642
vn 0.6784298 0.6861588 -0.2625246
vn 0.835279 0.129344 -0.534396
vn 0.9799666 -0.1991617 0
vn 0.9607584 -0.08240259 -0.2648642
vn 0.7882243 0.5214671 0.3267637
vn 0.4666833 -0.2470943 0.8492061
vn 0.835279 0.129344 -0.534396
vn 0.8588064 -0.1216149 -0.4976559
vn 0.9607584 -0.08240259 -0.2648642
vn 0.9137037 0.1528714 -0.3765314
vn 0.9158772 -0.4014587 0
vn 0.925473 -0.3788135 0
vn 0.9799666 -0.1991617 0
vn 0.9610716 -0.2762995 0
vn 0.9972318 -0.07435588 0
vn 0.8397706 -0.5429415 0
vn 0.7019572 -0.6549024 -0.2799266
vn 0.3961011 -0.9058613 -0.1500643
vn 0.426764 -0.904363 0
vn 0.427471 -0.8901763 -0.1576538
vn 0.5843202 -0.8039092 0.1109046
vn 0.5716455 -0.8205007 0
vn 0.2783808 -0.9604709 0
vn 0.7803818 -0.5764778 0.2422347
vn 0.003977954 -0.9999708 0.006528195
vn 0.6626621 -0.7489185 0
vn 0.003977954 -0.9999708 0.006528195
vn 0.003977954 -0.9999708 0.006528195
vn 0.003977954 -0.8823339 0.4706072
vn 0.9694415 -0.2453225 0
vn 0.003977954 -0.8823339 0.4706072
vn 0.7186639 -0.6953577 0
vn 0.7568544 -0.631375 0.168929
vn 0.4353134 -0.8901763 0.1344931
vn 0.6068771 -0.7947958 0
vn 0.4796913 -0.8774373 0
vn 0.6000051 -0.6549024 -0.4594525
vn 0.003977954 -0.9842859 -0.1765375
vn 0.003977954 -0.9999708 0.006528195
vn 0.003977954 -0.9999708 -0.006528195
vn 0.003977954 -0.9686009 0.2485889
vn 0.003977954 -0.8588064 -0.5122848
vn 0.7301438 -0.6832933 0
vn 0.7803818 -0.1451423 -0.6082253
vn 0.7019572 -0.6784298 -0.2167696
vn 0.545108 -0.2706217 -0.7934867
vn 0.6235325 -0.1137725 -0.7734746
vn 0.5529504 -0.8274366 -0.09795213
vn 0.5842119 -0.8116012 0
vn 0.003977954 -0.7254846 -0.6882269
vn 0.5058956 -0.8117517 -0.2917685
vn 0.3490463 -0.9058613 -0.2399627
vn 0.003977954 -0.9999708 -0.006528195
vn 0.003977954 -0.7254846 -0.6882269
vn 0.003977954 -0.9450735 -0.3268336
vn 0.003977954 -0.9607584 -0.2773579
vn 0.4796913 -0.8774373 0
vn 0.003977954 -0.9999708 -0.006528195
vn 0.003977954 -0.05103272 -0.9986891
vn 0.003977954 -0.309834 -0.9507824
vn 0.003977954 -0.7254846 -0.6882269
vn 0.6235325 -0.1137725 -0.7734746
vn 0.003977954 -0.9450735 -0.3268336
vn 0.003977954 -0.309834 -0.9507824
vn -0.4038302 -0.733327 0.5469485
vn -0.5606794 -0.733327 0.3845387
vn -0.6704739 -0.2470943 0.6995778
vn -0.7881109 0.01170695 0.615422
vn -0.4587274 0.6861588 0.5645842
vn -0.7332137 -0.5607928 0.3845896
vn -0.2469809 -0.9058613 0.344116
vn -0.1528714 -0.8588064 0.48896
vn -0.3724602 0.5685219 0.7335232
vn 0.003977954 0.9057478 0.4237985
vn 0.003977954 0.6234192 0.7818777
vn -0.8273232 0.02739191 0.5610579
vn -0.3881452 0.5136247 0.7652013
vn 0.003977954 0.6234192 0.7818777
vn 0.003977954 0.5920492 0.805892
vn -0.2469809 -0.9058613 0.344116
vn 0.01182044 -0.835279 0.5496992
vn -0.1528714 -0.8588064 0.48896
vn 0.003977954 0.5528369 -0.83328
vn -0.4587274 0.4508849 -0.765684
vn 0.003977954 -0.1608272 -0.9869746
vn 0.003977954 0.9841725 -0.1771687
vn -0.6861588 0.7175287 -0.1197442
vn 0.003977954 0.9920149 0.1260581
vn -0.4195151 0.7802684 0.4638838
vn -0.8194807 0.3881452 0.4216571
vn -0.9684875 0.2234535 -0.1100023
vn -0.6626314 0.0822891 -0.7444113
vn -0.7096863 -0.1608272 -0.6859155
vn 0.01966286 -0.3490463 -0.9368991
vn -0.09797406 -0.2784641 -0.9554365
vn -0.5920492 -0.309834 -0.7439628
vn -0.9920149 -0.05103272 0.1153348
vn -0.8351656 -0.02750534 0.5493104
vn -0.7410561 -0.2157245 0.635845
vn 0.003977954 0.8665355 0.4990995
vn -0.5920492 -0.6000051 0.5380256
vn -0.3881452 -0.4902107 0.7804081
vn 0.003977954 -0.8431215 0.5377083
vn 0.003977954 -0.4902107 0.8715949
vn -0.3959876 0.4038302 0.8246908
vn -0.4744123 -0.2392519 0.8471668
vn 0.003977954 -0.4353134 0.9002702
vn 0.003977954 -0.8431215 0.5377083
vn -0.4195151 0.01954949 0.9075378
vn 0.003977954 0.4744123 0.8802938
vn 0.003977954 0.8665355 0.4990995
vn 0.003977954 -0.01182044 0.9999222
vn 0.003977954 -0.9921283 0.1251623
vn -0.4979397 -0.8666489 -0.03123664
vn 0.003977954 -0.4902107 0.8715949
vn -0.3881452 -0.4902107 0.7804081
vn -0.756741 -0.6470599 -0.09304016
vn -0.7410561 -0.2157245 0.635845
vn -0.874378 -0.3490463 -0.3370903
vn -0.9920149 -0.05103272 0.1153348
vn -0.5920492 -0.309834 -0.7439628
vn 0.1372998 -0.3882586 -0.9112651
vn -0.6704739 0.6861588 -0.2822249
vn -0.7096863 0.5842068 -0.3937611
vn -0.4430425 0.874378 -0.1979306
vn -0.7253711 0.6155766 0.3080619
vn -0.7802684 0.5214671 0.3453306
vn -0.4587274 -0.2470943 0.8535301
vn -0.9763299 -0.2000395 0.08224394
vn -0.7802684 0.1763988 -0.6000539
vn -0.6704739 0.6861588 -0.2822249
vn -0.8194807 0.129344 -0.5583203
vn -0.9763299 -0.2000395 0.08224394
vn -0.9449601 -0.08240259 -0.3166389
vn -0.7802684 0.5214671 0.3453306
vn -0.4587274 -0.2470943 0.8535301
vn -0.8194807 0.129344 -0.5583203
vn -0.9449601 -0.08240259 -0.3166389
vn -0.843008 -0.1216149 -0.5239726
vn -0.8979053 0.1528714 -0.4127909
vn -0.911671 -0.4109209 0
vn -0.9214327 -0.3882586 0.01472858
vn -0.9763299 -0.2000395 0.08224394
vn -0.9528025 -0.2784641 -0.120934
vn -0.9920149 -0.07456011 0.1017214
vn -0.8351656 -0.545108 -0.07318275
vn -0.6861588 -0.6549024 -0.3166844
vn -0.3881452 -0.9058613 -0.1695839
vn -0.4195151 -0.9058613 0.05850162
vn -0.4116726 -0.8901763 -0.1952226
vn -0.5763644 -0.8039092 0.1467452
vn -0.5573308 -0.8302904 0
vn -0.2705083 -0.9607584 -0.06138814
vn -0.7724259 -0.5764778 0.2665175
vn 0.003977954 -0.9999708 0.006528195
vn -0.6542733 -0.7562583 0
vn 0.003977954 -0.9999708 0.006528195
vn 0.003977954 -0.9999708 0.006528195
vn 0.003977954 -0.8823339 0.4706072
vn -0.9684875 -0.2470943 -0.03124702
vn 0.003977954 -0.8823339 0.4706072
vn -0.7096863 -0.7019572 -0.06001218
vn -0.7410561 -0.631375 0.2284764
vn -0.4273576 -0.8901763 0.1579611
vn -0.5980585 -0.8014525 0
vn -0.4665699 -0.8823339 -0.06163958
vn -0.5842068 -0.6549024 -0.47938
vn 0.003977954 -0.9842859 -0.1765375
vn 0.003977954 -0.9999708 0.006528195
vn 0.003977954 -0.9999708 -0.006528195
vn 0.003977954 -0.9686009 0.2485889
vn 0.003977954 -0.8588064 -0.5122848
vn -0.7175287 -0.6862723 -0.1190921
vn -0.7724259 -0.1451423 -0.6182976
vn -0.6940013 -0.6784298 -0.2410294
vn -0.5371521 -0.2706217 -0.798894
vn -0.6155766 -0.1137725 -0.7798213
vn -0.5449945 -0.8274366 -0.1353874
vn -0.5763644 -0.8117517 -0.09414526
vn 0.003977954 -0.7254846 -0.6882269
vn -0.333248 -0.9058613 -0.2614597
vn -0.4979397 -0.8117517 -0.3051479
vn 0.003977954 -0.9999708 -0.006528195
vn 0.003977954 -0.7254846 -0.6882269
vn 0.003977954 -0.9450735 -0.3268336
vn 0.003977954 -0.9607584 -0.2773579
vn -0.4665699 -0.8823339 -0.06163958
vn 0.003977954 -0.9999708 -0.006528195
vn 0.003977954 -0.05103272 -0.9986891
vn 0.003977954 -0.309834 -0.9507824
vn 0.003977954 -0.7254846 -0.6882269
vn 0.05103272 0.7724259 -0.6330512
vn -0.6704739 -0.545108 0.5033111
vn -0.4352 -0.6627449 -0.6094015
vn -0.1685562 0.8900629 0.423529
vn 0.5058956 -0.4666833 0.7254491
vn 0.05103272 0.7724259 -0.6330512
vn 0.733327 -0.5843202 -0.3475648
vn -0.4352 -0.6627449 -0.6094015
vn -0.6704739 -0.545108 0.5033111
vn 0.733327 -0.5843202 -0.3475648
vn -0.4352 -0.6627449 -0.6094015
vn 0.5058956 -0.4666833 0.7254491
g NPC_Nan_005_0
f 3/3/3 2/2/2 1/1/1
f 4/4/4 1/1/1 2/2/2
f 3/3/3 1/1/1 5/5/5
f 6/6/6 5/5/5 1/1/1
f 2/2/2 7/7/7 4/4/4
f 8/8/8 4/4/4 7/7/7
f 3/3/3 5/5/5 9/9/9
f 10/10/10 9/9/9 5/5/5
f 9/9/9 11/11/11 3/3/3
f 2/2/2 11/11/11 7/7/7
f 2/2/2 12/12/12 11/11/11
f 9/9/9 13/13/13 11/11/11
f 13/13/13 9/9/9 14/14/14
f 15/15/15 14/14/14 9/9/9
f 11/11/11 16/16/16 7/7/7
f 11/11/11 17/17/17 16/16/16
f 17/17/17 11/11/11 18/18/18
f 19/19/19 16/16/16 17/17/17
f 21/21/21 20/20/20 5/5/5
f 22/22/22 5/5/5 20/20/20
f 5/5/5 22/22/22 23/23/23
f 24/24/24 23/23/23 22/22/22
f 24/24/24 25/25/25 23/23/23
f 14/14/14 23/23/23 25/25/25
f 28/28/28 27/27/27 26/26/26
f 29/29/29 26/26/26 27/27/27
f 26/26/26 30/30/30 28/28/28
f 31/31/31 28/28/28 30/30/30
f 27/27/27 32/32/32 29/29/29
f 33/33/33 29/29/29 32/32/32
f 33/33/33 32/32/32 34/34/34
f 35/35/35 34/34/34 32/32/32
f 38/38/38 37/37/37 36/36/36
f 39/39/39 36/36/36 37/37/37
f 36/36/36 39/39/39 40/40/40
f 41/41/41 40/40/40 39/39/39
f 37/37/37 42/42/42 39/39/39
f 39/39/39 43/43/43 41/41/41
f 44/44/44 41/41/41 43/43/43
f 44/44/44 45/45/45 41/41/41
f 46/46/46 41/41/41 45/45/45
f 36/36/36 40/40/40 47/47/47
f 36/36/36 47/47/47 38/38/38
f 48/48/48 47/47/47 40/40/40
f 41/41/41 46/46/46 49/49/49
f 48/48/48 50/50/50 47/47/47
f 52/52/52 48/48/48 51/51/51
f 53/53/53 51/51/51 48/48/48
f 51/51/51 54/54/54 52/52/52
f 55/55/55 52/52/52 54/54/54
f 55/55/55 54/54/54 56/56/56
f 57/57/57 56/56/56 54/54/54
f 51/51/51 53/53/53 58/58/58
f 54/54/54 51/51/51 59/59/59
f 59/59/59 57/57/57 54/54/54
f 60/60/60 59/59/59 51/51/51
f 51/51/51 58/58/58 60/60/60
f 55/55/55 61/61/61 52/52/52
f 61/61/61 48/48/48 52/52/52
f 56/56/56 62/62/62 55/55/55
f 55/55/55 62/62/62 63/63/63
f 66/66/66 65/65/65 64/64/64
f 65/65/65 67/67/67 64/64/64
f 65/65/65 66/66/66 68/68/68
f 71/71/71 70/70/70 69/69/69
f 72/72/72 71/71/71 69/69/69
f 75/75/75 74/74/74 73/73/73
f 76/76/76 73/73/73 74/74/74
f 76/76/76 74/74/74 77/77/77
f 77/77/77 74/74/74 78/78/78
f 76/76/76 77/77/77 79/79/79
f 75/75/75 73/73/73 80/80/80
f 81/81/81 80/80/80 73/73/73
f 82/82/82 81/81/81 73/73/73
f 82/82/82 73/73/73 83/83/83
f 83/83/83 73/73/73 84/84/84
f 85/85/85 84/84/84 73/73/73
f 82/82/82 86/86/86 81/81/81
f 89/89/89 88/88/88 87/87/87
f 90/90/90 87/87/87 88/88/88
f 91/91/91 87/87/87 90/90/90
f 92/92/92 88/88/88 89/89/89
f 95/95/95 94/94/94 93/93/93
f 96/96/96 93/93/93 94/94/94
f 94/94/94 95/95/95 97/97/97
f 98/98/98 97/97/97 95/95/95
f 99/99/99 94/94/94 97/97/97
f 94/94/94 99/99/99 100/100/100
f 101/101/101 96/96/96 99/99/99
f 96/96/96 101/101/101 102/102/102
f 103/103/103 93/93/93 102/102/102
f 96/96/96 102/102/102 104/104/104
f 105/105/105 102/102/102 101/101/101
f 101/101/101 99/99/99 106/106/106
f 106/106/106 107/107/107 101/101/101
f 108/108/108 101/101/101 107/107/107
f 109/109/109 99/99/99 97/97/97
f 99/99/99 109/109/109 110/110/110
f 110/110/110 111/111/111 99/99/99
f 112/112/112 110/110/110 109/109/109
f 114/114/114 113/113/113 102/102/102
f 115/115/115 102/102/102 113/113/113
f 102/102/102 116/116/116 114/114/114
f 117/117/117 114/114/114 116/116/116
f 107/107/107 118/118/118 116/116/116
f 117/117/117 116/116/116 118/118/118
f 121/121/121 120/120/120 119/119/119
f 122/122/122 119/119/119 120/120/120
f 119/119/119 122/122/122 123/123/123
f 124/124/124 123/123/123 122/122/122
f 120/120/120 121/121/121 125/125/125
f 126/126/126 125/125/125 121/121/121
f 126/126/126 127/127/127 125/125/125
f 128/128/128 125/125/125 127/127/127
f 131/131/131 130/130/130 129/129/129
f 132/132/132 129/129/129 130/130/130
f 129/129/129 133/133/133 131/131/131
f 134/134/134 131/131/131 133/133/133
f 130/130/130 131/131/131 135/135/135
f 131/131/131 134/134/134 136/136/136
f 137/137/137 136/136/136 134/134/134
f 137/137/137 134/134/134 138/138/138
f 139/139/139 138/138/138 134/134/134
f 133/133/133 129/129/129 140/140/140
f 140/140/140 129/129/129 132/132/132
f 140/140/140 141/141/141 133/133/133
f 139/139/139 134/134/134 142/142/142
f 143/143/143 141/141/141 140/140/140
f 145/145/145 141/141/141 144/144/144
f 146/146/146 144/144/144 141/141/141
f 144/144/144 146/146/146 147/147/147
f 148/148/148 147/147/147 146/146/146
f 148/148/148 149/149/149 147/147/147
f 150/150/150 147/147/147 149/149/149
f 145/145/145 144/144/144 151/151/151
f 147/147/147 152/152/152 144/144/144
f 150/150/150 152/152/152 147/147/147
f 153/153/153 144/144/144 152/152/152
f 151/151/151 144/144/144 153/153/153
f 154/154/154 148/148/148 146/146/146
f 141/141/141 154/154/154 146/146/146
f 155/155/155 149/149/149 148/148/148
f 155/155/155 148/148/148 156/156/156
f 159/159/159 158/158/158 157/157/157
f 159/159/159 157/157/157 160/160/160
f 158/158/158 159/159/159 161/161/161
f 164/164/164 163/163/163 162/162/162
f 163/163/163 165/165/165 162/162/162
f 168/168/168 167/167/167 166/166/166
f 169/169/169 166/166/166 167/167/167
f 167/167/167 168/168/168 170/170/170
f 167/167/167 170/170/170 171/171/171
f 170/170/170 168/168/168 172/172/172
f 169/169/169 173/173/173 166/166/166
f 174/174/174 166/166/166 173/173/173
f 174/174/174 175/175/175 166/166/166
f 166/166/166 175/175/175 176/176/176
f 176/176/176 177/177/177 166/166/166
f 178/178/178 166/166/166 177/177/177
f 179/179/179 175/175/175 174/174/174
f 182/182/182 181/181/181 180/180/180
f 183/183/183 180/180/180 181/181/181
f 180/180/180 184/184/184 182/182/182
f 181/181/181 185/185/185 183/183/183
f 188/188/188 187/187/187 186/186/186
f 189/189/189 186/186/186 187/187/187
f 190/190/190 189/189/189 187/187/187
f 189/189/189 190/190/190 191/191/191
f 190/190/190 192/192/192 191/191/191
f 191/191/191 192/192/192 193/193/193
f 193/193/193 194/194/194 191/191/191
f 193/193/193 195/195/195 194/194/194
f 193/193/193 196/196/196 195/195/195
f 196/196/196 197/197/197 195/195/195
f 196/196/196 198/198/198 197/197/197
f 199/199/199 198/198/198 196/196/196
f 200/200/200 198/198/198 199/199/199
f 201/201/201 200/200/200 199/199/199
f 202/202/202 200/200/200 201/201/201
f 201/201/201 203/203/203 202/202/202
f 204/204/204 202/202/202 203/203/203
f 204/204/204 203/203/203 205/205/205
f 201/201/201 199/199/199 206/206/206
f 196/196/196 206/206/206 199/199/199
f 207/207/207 205/205/205 203/203/203
f 208/208/208 205/205/205 207/207/207
f 209/209/209 208/208/208 207/207/207
f 203/203/203 201/201/201 210/210/210
f 201/201/201 206/206/206 211/211/211
f 196/196/196 211/211/211 206/206/206
f 203/203/203 212/212/212 207/207/207
f 207/207/207 212/212/212 209/209/209
f 212/212/212 203/203/203 210/210/210
f 201/201/201 213/213/213 210/210/210
f 213/213/213 201/201/201 211/211/211
f 209/209/209 212/212/212 214/214/214
f 210/210/210 215/215/215 212/212/212
f 214/214/214 212/212/212 216/216/216
f 216/216/216 212/212/212 215/215/215
f 210/210/210 213/213/213 217/217/217
f 217/217/217 213/213/213 211/211/211
f 215/215/215 210/210/210 217/217/217
f 214/214/214 216/216/216 218/218/218
f 217/217/217 211/211/211 192/192/192
f 193/193/193 192/192/192 211/211/211
f 193/193/193 211/211/211 196/196/196
f 216/216/216 219/219/219 218/218/218
f 219/219/219 216/216/216 215/215/215
f 192/192/192 190/190/190 217/217/217
f 217/217/217 220/220/220 215/215/215
f 220/220/220 217/217/217 190/190/190
f 215/215/215 221/221/221 219/219/219
f 220/220/220 221/221/221 215/215/215
f 222/222/222 218/218/218 219/219/219
f 218/218/218 222/222/222 223/223/223
f 224/224/224 219/219/219 221/221/221
f 219/219/219 224/224/224 222/222/222
f 190/190/190 225/225/225 220/220/220
f 226/226/226 222/222/222 224/224/224
f 222/222/222 226/226/226 223/223/223
f 220/220/220 227/227/227 221/221/221
f 228/228/228 221/221/221 227/227/227
f 224/224/224 221/221/221 228/228/228
f 225/225/225 190/190/190 187/187/187
f 228/228/228 229/229/229 224/224/224
f 229/229/229 226/226/226 224/224/224
f 225/225/225 230/230/230 220/220/220
f 227/227/227 220/220/220 230/230/230
f 225/225/225 231/231/231 230/230/230
f 225/225/225 232/232/232 231/231/231
f 187/187/187 232/232/232 225/225/225
f 233/233/233 231/231/231 232/232/232
f 188/188/188 232/232/232 187/187/187
f 231/231/231 233/233/233 234/234/234
f 235/235/235 234/234/234 233/233/233
f 236/236/236 231/231/231 234/234/234
f 230/230/230 231/231/231 236/236/236
f 237/237/237 230/230/230 236/236/236
f 227/227/227 237/237/237 228/228/228
f 227/227/227 230/230/230 237/237/237
f 228/228/228 238/238/238 229/229/229
f 238/238/238 228/228/228 237/237/237
f 237/237/237 239/239/239 238/238/238
f 239/239/239 237/237/237 236/236/236
f 240/240/240 238/238/238 239/239/239
f 238/238/238 240/240/240 241/241/241
f 241/241/241 229/229/229 238/238/238
f 242/242/242 241/241/241 240/240/240
f 241/241/241 242/242/242 243/243/243
f 244/244/244 243/243/243 242/242/242
f 243/243/243 226/226/226 241/241/241
f 229/229/229 241/241/241 226/226/226
f 247/247/247 246/246/246 245/245/245
f 246/246/246 248/248/248 245/245/245
f 248/248/248 246/246/246 249/249/249
f 249/249/249 250/250/250 248/248/248
f 251/251/251 245/245/245 248/248/248
f 251/251/251 252/252/252 245/245/245
f 253/253/253 251/251/251 248/248/248
f 250/250/250 254/254/254 248/248/248
f 253/253/253 248/248/248 254/254/254
f 252/252/252 251/251/251 255/255/255
f 251/251/251 253/253/253 255/255/255
f 256/256/256 254/254/254 250/250/250
f 257/257/257 254/254/254 256/256/256
f 256/256/256 258/258/258 257/257/257
f 259/259/259 257/257/257 258/258/258
f 260/260/260 257/257/257 259/259/259
f 257/257/257 260/260/260 261/261/261
f 257/257/257 261/261/261 262/262/262
f 263/263/263 260/260/260 259/259/259
f 264/264/264 263/263/263 259/259/259
f 265/265/265 250/250/250 249/249/249
f 260/260/260 266/266/266 261/261/261
f 263/263/263 266/266/266 260/260/260
f 267/267/267 266/266/266 263/263/263
f 268/268/268 265/265/265 249/249/249
f 269/269/269 268/268/268 249/249/249
f 269/269/269 249/249/249 270/270/270
f 270/270/270 249/249/249 246/246/246
f 246/246/246 247/247/247 270/270/270
f 271/271/271 270/270/270 247/247/247
f 273/273/273 272/272/272 223/223/223
f 272/272/272 273/273/273 274/274/274
f 273/273/273 275/275/275 274/274/274
f 275/275/275 276/276/276 274/274/274
f 276/276/276 275/275/275 277/277/277
f 277/277/277 278/278/278 276/276/276
f 278/278/278 279/279/279 276/276/276
f 280/280/280 279/279/279 278/278/278
f 280/280/280 281/281/281 279/279/279
f 280/280/280 282/282/282 281/281/281
f 283/283/283 281/281/281 282/282/282
f 284/284/284 283/283/283 282/282/282
f 284/284/284 282/282/282 285/285/285
f 280/280/280 285/285/285 282/282/282
f 285/285/285 286/286/286 284/284/284
f 287/287/287 286/286/286 285/285/285
f 285/285/285 288/288/288 287/287/287
f 289/289/289 287/287/287 288/288/288
f 289/289/289 288/288/288 290/290/290
f 291/291/291 289/289/289 290/290/290
f 291/291/291 290/290/290 292/292/292
f 291/291/291 292/292/292 293/293/293
f 293/293/293 292/292/292 294/294/294
f 290/290/290 288/288/288 295/295/295
f 295/295/295 292/292/292 290/290/290
f 288/288/288 285/285/285 296/296/296
f 295/295/295 288/288/288 297/297/297
f 297/297/297 292/292/292 295/295/295
f 292/292/292 298/298/298 294/294/294
f 297/297/297 298/298/298 292/292/292
f 285/285/285 280/280/280 296/296/296
f 299/299/299 288/288/288 296/296/296
f 288/288/288 299/299/299 297/297/297
f 294/294/294 298/298/298 300/300/300
f 301/301/301 296/296/296 280/280/280
f 299/299/299 296/296/296 302/302/302
f 299/299/299 302/302/302 297/297/297
f 296/296/296 301/301/301 302/302/302
f 300/300/300 298/298/298 303/303/303
f 304/304/304 298/298/298 297/297/297
f 304/304/304 303/303/303 298/298/298
f 297/297/297 302/302/302 304/304/304
f 280/280/280 278/278/278 301/301/301
f 278/278/278 277/277/277 301/301/301
f 305/305/305 304/304/304 302/302/302
f 304/304/304 305/305/305 303/303/303
f 306/306/306 302/302/302 301/301/301
f 302/302/302 306/306/306 305/305/305
f 307/307/307 301/301/301 277/277/277
f 307/307/307 306/306/306 301/301/301
f 305/305/305 308/308/308 303/303/303
f 277/277/277 309/309/309 307/307/307
f 309/309/309 277/277/277 275/275/275
f 310/310/310 305/305/305 306/306/306
f 308/308/308 305/305/305 311/311/311
f 305/305/305 310/310/310 311/311/311
f 275/275/275 273/273/273 309/309/309
f 312/312/312 306/306/306 307/307/307
f 307/307/307 313/313/313 312/312/312
f 307/307/307 309/309/309 313/313/313
f 314/314/314 308/308/308 311/311/311
f 311/311/311 315/315/315 314/314/314
f 316/316/316 313/313/313 309/309/309
f 273/273/273 316/316/316 309/309/309
f 317/317/317 310/310/310 306/306/306
f 306/306/306 312/312/312 317/317/317
f 318/318/318 310/310/310 317/317/317
f 319/319/319 310/310/310 318/318/318
f 319/319/319 311/311/311 310/310/310
f 319/319/319 315/315/315 311/311/311
f 318/318/318 320/320/320 319/319/319
f 318/318/318 321/321/321 320/320/320
f 322/322/322 320/320/320 321/321/321
f 318/318/318 323/323/323 321/321/321
f 317/317/317 323/323/323 318/318/318
f 313/313/313 316/316/316 324/324/324
f 313/313/313 324/324/324 312/312/312
f 325/325/325 324/324/324 316/316/316
f 316/316/316 273/273/273 325/325/325
f 324/324/324 325/325/325 326/326/326
f 327/327/327 326/326/326 325/325/325
f 325/325/325 328/328/328 327/327/327
f 329/329/329 327/327/327 328/328/328
f 326/326/326 330/330/330 324/324/324
f 331/331/331 324/324/324 330/330/330
f 331/331/331 330/330/330 323/323/323
f 317/317/317 331/331/331 323/323/323
f 328/328/328 325/325/325 273/273/273
f 331/331/331 312/312/312 324/324/324
f 312/312/312 331/331/331 317/317/317
f 334/334/334 333/333/333 332/332/332
f 332/332/332 333/333/333 335/335/335
f 336/336/336 335/335/335 333/333/333
f 335/335/335 336/336/336 337/337/337
f 337/337/337 338/338/338 335/335/335
f 337/337/337 339/339/339 338/338/338
f 339/339/339 337/337/337 340/340/340
f 339/339/339 340/340/340 341/341/341
f 344/344/344 343/343/343 342/342/342
f 343/343/343 344/344/344 345/345/345
f 346/346/346 345/345/345 344/344/344
f 347/347/347 342/342/342 343/343/343
f 342/342/342 347/347/347 348/348/348
f 349/349/349 348/348/348 347/347/347
f 347/347/347 350/350/350 349/349/349
f 351/351/351 349/349/349 350/350/350
f 349/349/349 351/351/351 352/352/352
f 345/345/345 346/346/346 353/353/353
f 346/346/346 354/354/354 353/353/353
f 354/354/354 346/346/346 355/355/355
f 355/355/355 356/356/356 354/354/354
f 356/356/356 355/355/355 357/357/357
f 357/357/357 358/358/358 356/356/356
f 358/358/358 357/357/357 359/359/359
f 358/358/358 359/359/359 360/360/360
f 360/360/360 361/361/361 358/358/358
f 360/360/360 362/362/362 361/361/361
f 362/362/362 360/360/360 363/363/363
f 364/364/364 354/354/354 356/356/356
f 364/364/364 356/356/356 358/358/358
f 365/365/365 353/353/353 354/354/354
f 354/354/354 364/364/364 365/365/365
f 350/350/350 366/366/366 351/351/351
f 367/367/367 361/361/361 362/362/362
f 358/358/358 361/361/361 368/368/368
f 368/368/368 364/364/364 358/358/358
f 367/367/367 368/368/368 361/361/361
f 369/369/369 367/367/367 362/362/362
f 370/370/370 366/366/366 350/350/350
f 350/350/350 347/347/347 370/370/370
f 371/371/371 370/370/370 347/347/347
f 343/343/343 371/371/371 347/347/347
f 345/345/345 371/371/371 343/343/343
f 371/371/371 345/345/345 372/372/372
f 373/373/373 372/372/372 345/345/345
f 372/372/372 374/374/374 371/371/371
f 370/370/370 371/371/371 374/374/374
f 375/375/375 365/365/365 364/364/364
f 364/364/364 368/368/368 375/375/375
f 366/366/366 376/376/376 351/351/351
f 379/379/379 378/378/378 377/377/377
f 380/380/380 379/379/379 377/377/377
f 378/378/378 381/381/381 377/377/377
f 383/383/383 382/382/382 378/378/378
f 382/382/382 384/384/384 378/378/378
f 382/382/382 386/386/386 385/385/385
f 385/385/385 386/386/386 387/387/387
f 388/388/388 382/382/382 385/385/385
f 388/388/388 389/389/389 382/382/382
f 389/389/389 388/388/388 390/390/390
f 391/391/391 389/389/389 390/390/390
f 391/391/391 390/390/390 392/392/392
f 392/392/392 393/393/393 391/391/391
f 394/394/394 392/392/392 390/390/390
f 387/387/387 395/395/395 385/385/385
f 388/388/388 396/396/396 390/390/390
f 390/390/390 396/396/396 394/394/394
f 385/385/385 396/396/396 388/388/388
f 396/396/396 385/385/385 395/395/395
f 389/389/389 391/391/391 397/397/397
f 389/389/389 398/398/398 382/382/382
f 400/400/400 399/399/399 391/391/391
f 403/403/403 402/402/402 401/401/401
f 404/404/404 401/401/401 402/402/402
f 402/402/402 405/405/405 404/404/404
f 406/406/406 405/405/405 402/402/402
f 401/401/401 404/404/404 407/407/407
f 407/407/407 404/404/404 405/405/405
f 401/401/401 407/407/407 408/408/408
f 405/405/405 409/409/409 407/407/407
f 410/410/410 407/407/407 409/409/409
f 407/407/407 411/411/411 408/408/408
f 408/408/408 411/411/411 412/412/412
f 412/412/412 413/413/413 408/408/408
f 414/414/414 403/403/403 413/413/413
f 415/415/415 414/414/414 413/413/413
f 415/415/415 413/413/413 412/412/412
f 416/416/416 408/408/408 413/413/413
f 413/413/413 417/417/417 416/416/416
f 407/407/407 410/410/410 418/418/418
f 418/418/418 411/411/411 407/407/407
f 411/411/411 419/419/419 412/412/412
f 420/420/420 418/418/418 410/410/410
f 418/418/418 420/420/420 421/421/421
f 419/419/419 411/411/411 422/422/422
f 423/423/423 422/422/422 411/411/411
f 423/423/423 418/418/418 421/421/421
f 423/423/423 411/411/411 418/418/418
f 421/421/421 424/424/424 423/423/423
f 425/425/425 424/424/424 421/421/421
f 426/426/426 425/425/425 421/421/421
f 424/424/424 427/427/427 423/423/423
f 423/423/423 427/427/427 428/428/428
f 422/422/422 423/423/423 428/428/428
f 429/429/429 424/424/424 425/425/425
f 427/427/427 424/424/424 430/430/430
f 424/424/424 429/429/429 430/430/430
f 419/419/419 422/422/422 431/431/431
f 419/419/419 431/431/431 412/412/412
f 431/431/431 432/432/432 412/412/412
f 433/433/433 412/412/412 432/432/432
f 432/432/432 434/434/434 433/433/433
f 435/435/435 433/433/433 434/434/434
f 431/431/431 436/436/436 432/432/432
f 436/436/436 437/437/437 432/432/432
f 438/438/438 437/437/437 436/436/436
f 437/437/437 438/438/438 439/439/439
f 439/439/439 440/440/440 437/437/437
f 440/440/440 414/414/414 433/433/433
f 414/414/414 415/415/415 433/433/433
f 433/433/433 415/415/415 412/412/412
f 441/441/441 439/439/439 438/438/438
f 438/438/438 436/436/436 441/441/441
f 441/441/441 442/442/442 439/439/439
f 443/443/443 441/441/441 436/436/436
f 436/436/436 444/444/444 443/443/443
f 444/444/444 436/436/436 445/445/445
f 431/431/431 445/445/445 436/436/436
f 445/445/445 446/446/446 444/444/444
f 446/446/446 445/445/445 447/447/447
f 447/447/447 445/445/445 448/448/448
f 445/445/445 431/431/431 448/448/448
f 448/448/448 431/431/431 422/422/422
f 449/449/449 447/447/447 448/448/448
f 449/449/449 450/450/450 447/447/447
f 450/450/450 451/451/451 447/447/447
f 452/452/452 449/449/449 448/448/448
f 452/452/452 448/448/448 428/428/428
f 422/422/422 428/428/428 448/448/448
f 449/449/449 453/453/453 450/450/450
f 449/449/449 452/452/452 454/454/454
f 453/453/453 449/449/449 454/454/454
f 457/457/457 456/456/456 455/455/455
f 458/458/458 455/455/455 456/456/456
f 461/461/461 460/460/460 459/459/459
f 462/462/462 459/459/459 460/460/460
f 460/460/460 461/461/461 463/463/463
f 464/464/464 463/463/463 461/461/461
f 462/462/462 465/465/465 459/459/459
f 466/466/466 459/459/459 465/465/465
f 465/465/465 467/467/467 466/466/466
f 468/468/468 466/466/466 467/467/467
f 467/467/467 469/469/469 468/468/468
f 472/472/472 471/471/471 470/470/470
f 473/473/473 470/470/470 471/471/471
f 472/472/472 474/474/474 471/471/471
f 475/475/475 471/471/471 474/474/474
f 474/474/474 476/476/476 475/475/475
f 477/477/477 475/475/475 476/476/476
f 476/476/476 478/478/478 477/477/477
f 481/481/481 480/480/480 479/479/479
f 482/482/482 480/480/480 481/481/481
f 482/482/482 483/483/483 480/480/480
f 484/484/484 480/480/480 483/483/483
f 485/485/485 483/483/483 482/482/482
f 488/488/488 487/487/487 486/486/486
f 488/488/488 486/486/486 489/489/489
f 490/490/490 489/489/489 486/486/486
f 493/493/493 492/492/492 491/491/491
f 494/494/494 491/491/491 492/492/492
f 494/494/494 492/492/492 491/491/491
f 491/491/491 495/495/495 493/493/493
f 496/496/496 491/491/491 492/492/492
f 495/495/495 491/491/491 496/496/496
f 499/499/499 498/498/498 497/497/497
f 500/500/500 497/497/497 498/498/498
f 497/497/497 500/500/500 501/501/501
f 502/502/502 501/501/501 500/500/500
f 505/505/505 504/504/504 503/503/503
f 506/506/506 503/503/503 504/504/504
f 503/503/503 506/506/506 507/507/507
f 508/508/508 507/507/507 506/506/506
f 511/511/511 510/510/510 509/509/509
f 512/512/512 509/509/509 510/510/510
f 509/509/509 512/512/512 513/513/513
f 514/514/514 513/513/513 512/512/512
f 515/515/515 513/513/513 514/514/514
f 518/518/518 517/517/517 516/516/516
f 519/519/519 516/516/516 517/517/517
f 517/517/517 520/520/520 519/519/519
f 521/521/521 519/519/519 520/520/520
f 520/520/520 522/522/522 521/521/521
f 523/523/523 521/521/521 522/522/522
f 522/522/522 524/524/524 523/523/523
f 527/527/527 526/526/526 525/525/525
f 528/528/528 525/525/525 526/526/526
f 531/531/531 530/530/530 529/529/529
f 532/532/532 529/529/529 530/530/530
f 531/531/531 533/533/533 530/530/530
f 536/536/536 535/535/535 534/534/534
f 537/537/537 534/534/534 535/535/535
f 535/535/535 536/536/536 538/538/538
f 539/539/539 538/538/538 536/536/536
f 537/537/537 540/540/540 534/534/534
f 541/541/541 534/534/534 540/540/540
f 540/540/540 542/542/542 541/541/541
f 543/543/543 541/541/541 542/542/542
f 542/542/542 544/544/544 543/543/543
f 547/547/547 546/546/546 545/545/545
f 548/548/548 545/545/545 546/546/546
f 551/551/551 550/550/550 549/549/549
f 552/552/552 549/549/549 550/550/550
f 551/551/551 553/553/553 550/550/550
f 554/554/554 550/550/550 553/553/553
f 553/553/553 555/555/555 554/554/554
f 556/556/556 554/554/554 555/555/555
f 555/555/555 557/557/557 556/556/556
f 560/560/560 559/559/559 558/558/558
f 561/561/561 558/558/558 559/559/559
f 560/560/560 562/562/562 559/559/559
f 563/563/563 559/559/559 562/562/562
f 562/562/562 564/564/564 563/563/563
f 565/565/565 563/563/563 564/564/564
f 564/564/564 566/566/566 565/565/565
f 569/569/569 568/568/568 567/567/567
f 570/570/570 567/567/567 568/568/568
f 570/570/570 571/571/571 567/567/567
f 574/574/574 573/573/573 572/572/572
f 575/575/575 573/573/573 574/574/574
f 575/575/575 576/576/576 573/573/573
f 577/577/577 573/573/573 576/576/576
f 578/578/578 576/576/576 575/575/575
f 579/579/579 578/578/578 575/575/575
f 582/582/582 581/581/581 580/580/580
f 583/583/583 580/580/580 581/581/581
f 580/580/580 584/584/584 582/582/582
f 585/585/585 582/582/582 584/584/584
f 584/584/584 586/586/586 585/585/585
f 589/589/589 588/588/588 587/587/587
f 590/590/590 587/587/587 588/588/588
f 593/593/593 592/592/592 591/591/591
f 594/594/594 591/591/591 592/592/592
f 593/593/593 595/595/595 592/592/592
f 598/598/598 597/597/597 596/596/596
f 599/599/599 596/596/596 597/597/597
f 597/597/597 598/598/598 600/600/600
f 601/601/601 600/600/600 598/598/598
f 599/599/599 602/602/602 596/596/596
f 603/603/603 596/596/596 602/602/602
f 602/602/602 604/604/604 603/603/603
f 605/605/605 603/603/603 604/604/604
f 604/604/604 606/606/606 605/605/605
f 609/609/609 608/608/608 607/607/607
f 610/610/610 607/607/607 608/608/608
f 613/613/613 612/612/612 611/611/611
f 614/614/614 611/611/611 612/612/612
f 613/613/613 615/615/615 612/612/612
f 616/616/616 612/612/612 615/615/615
f 615/615/615 617/617/617 616/616/616
f 618/618/618 616/616/616 617/617/617
f 617/617/617 619/619/619 618/618/618
f 622/622/622 621/621/621 620/620/620
f 623/623/623 620/620/620 621/621/621
f 622/622/622 624/624/624 621/621/621
f 625/625/625 621/621/621 624/624/624
f 624/624/624 626/626/626 625/625/625
f 627/627/627 625/625/625 626/626/626
f 626/626/626 628/628/628 627/627/627
f 631/631/631 630/630/630 629/629/629
f 632/632/632 629/629/629 630/630/630
f 632/632/632 633/633/633 629/629/629
f 636/636/636 635/635/635 634/634/634
f 637/637/637 635/635/635 636/636/636
f 637/637/637 638/638/638 635/635/635
f 639/639/639 635/635/635 638/638/638
f 640/640/640 638/638/638 637/637/637
f 641/641/641 640/640/640 637/637/637
f 644/644/644 643/643/643 642/642/642
f 645/645/645 642/642/642 643/643/643
f 642/642/642 646/646/646 644/644/644
f 647/647/647 644/644/644 646/646/646
f 646/646/646 648/648/648 647/647/647
f 651/651/651 650/650/650 649/649/649
f 652/652/652 651/651/651 649/649/649
f 651/651/651 652/652/652 653/653/653
f 654/654/654 653/653/653 652/652/652
f 649/649/649 655/655/655 652/652/652
f 656/656/656 655/655/655 649/649/649
f 655/655/655 657/657/657 652/652/652
f 658/658/658 654/654/654 652/652/652
f 652/652/652 657/657/657 658/658/658
f 655/655/655 656/656/656 659/659/659
f 657/657/657 655/655/655 659/659/659
f 658/658/658 660/660/660 654/654/654
f 658/658/658 661/661/661 660/660/660
f 662/662/662 660/660/660 661/661/661
f 661/661/661 663/663/663 662/662/662
f 661/661/661 664/664/664 663/663/663
f 664/664/664 661/661/661 665/665/665
f 665/665/665 661/661/661 666/666/666
f 653/653/653 667/667/667 651/651/651
f 664/664/664 668/668/668 663/663/663
f 668/668/668 669/669/669 663/663/663
f 651/651/651 667/667/667 650/650/650
f 670/670/670 650/650/650 667/667/667
f 653/653/653 671/671/671 667/667/667
f 672/672/672 671/671/671 653/653/653
f 673/673/673 672/672/672 653/653/653
f 654/654/654 673/673/673 653/653/653
f 675/675/675 674/674/674 665/665/665
f 675/675/675 668/668/668 674/674/674
f 675/675/675 676/676/676 668/668/668
f 679/679/679 678/678/678 677/677/677
f 679/679/679 677/677/677 680/680/680
f 680/680/680 681/681/681 679/679/679
f 681/681/681 680/680/680 682/682/682
f 683/683/683 682/682/682 680/680/680
f 684/684/684 682/682/682 683/683/683
f 682/682/682 684/684/684 685/685/685
f 685/685/685 684/684/684 686/686/686
f 689/689/689 688/688/688 687/687/687
f 688/688/688 689/689/689 690/690/690
f 690/690/690 691/691/691 688/688/688
f 687/687/687 692/692/692 689/689/689
f 692/692/692 687/687/687 693/693/693
f 693/693/693 694/694/694 692/692/692
f 695/695/695 692/692/692 694/694/694
f 694/694/694 696/696/696 695/695/695
f 696/696/696 694/694/694 697/697/697
f 691/691/691 690/690/690 698/698/698
f 699/699/699 691/691/691 698/698/698
f 691/691/691 699/699/699 700/700/700
f 701/701/701 700/700/700 699/699/699
f 700/700/700 701/701/701 702/702/702
f 703/703/703 702/702/702 701/701/701
f 702/702/702 703/703/703 704/704/704
f 704/704/704 703/703/703 705/705/705
f 706/706/706 705/705/705 703/703/703
f 707/707/707 705/705/705 706/706/706
f 705/705/705 707/707/707 708/708/708
f 699/699/699 709/709/709 701/701/701
f 701/701/701 709/709/709 703/703/703
f 698/698/698 710/710/710 699/699/699
f 709/709/709 699/699/699 710/710/710
f 711/711/711 695/695/695 696/696/696
f 706/706/706 712/712/712 707/707/707
f 706/706/706 703/703/703 713/713/713
f 709/709/709 713/713/713 703/703/703
f 713/713/713 712/712/712 706/706/706
f 712/712/712 714/714/714 707/707/707
f 710/710/710 715/715/715 709/709/709
f 713/713/713 709/709/709 715/715/715
f 716/716/716 711/711/711 696/696/696
f 711/711/711 717/717/717 695/695/695
f 692/692/692 695/695/695 717/717/717
f 717/717/717 718/718/718 692/692/692
f 718/718/718 689/689/689 692/692/692
f 718/718/718 690/690/690 689/689/689
f 690/690/690 718/718/718 719/719/719
f 719/719/719 720/720/720 690/690/690
f 721/721/721 719/719/719 718/718/718
f 718/718/718 717/717/717 721/721/721
f 724/724/724 723/723/723 722/722/722
f 723/723/723 725/725/725 722/722/722
f 726/726/726 724/724/724 722/722/722
f 728/728/728 727/727/727 724/724/724
f 729/729/729 728/728/728 724/724/724
f 731/731/731 728/728/728 730/730/730
f 731/731/731 730/730/730 732/732/732
f 728/728/728 733/733/733 730/730/730
f 734/734/734 733/733/733 728/728/728
f 733/733/733 734/734/734 735/735/735
f 734/734/734 736/736/736 735/735/735
f 735/735/735 736/736/736 737/737/737
f 738/738/738 737/737/737 736/736/736
f 737/737/737 739/739/739 735/735/735
f 740/740/740 732/732/732 730/730/730
f 741/741/741 733/733/733 735/735/735
f 741/741/741 735/735/735 739/739/739
f 741/741/741 730/730/730 733/733/733
f 730/730/730 741/741/741 740/740/740
f 736/736/736 734/734/734 742/742/742
f 743/743/743 734/734/734 728/728/728
f 745/745/745 744/744/744 736/736/736
f 748/748/748 747/747/747 746/746/746
f 749/749/749 746/746/746 747/747/747
f 750/750/750 749/749/749 747/747/747
f 749/749/749 751/751/751 746/746/746
f 752/752/752 746/746/746 751/751/751
f 752/752/752 753/753/753 746/746/746
f 753/753/753 748/748/748 746/746/746
f 750/750/750 754/754/754 749/749/749
f 754/754/754 750/750/750 755/755/755
f 756/756/756 754/754/754 755/755/755
f 749/749/749 757/757/757 751/751/751
f 749/749/749 754/754/754 757/757/757
f 754/754/754 758/758/758 757/757/757
f 759/759/759 758/758/758 754/754/754
f 760/760/760 758/758/758 759/759/759
f 763/763/763 762/762/762 761/761/761
f 766/766/766 765/765/765 764/764/764
f 765/765/765 766/766/766 767/767/767
f 769/769/769 766/766/766 768/768/768
f 768/768/768 770/770/770 769/769/769
f 771/771/771 770/770/770 768/768/768
f 770/770/770 771/771/771 772/772/772
f 771/771/771 773/773/773 772/772/772
f 774/774/774 773/773/773 771/771/771
f 771/771/771 775/775/775 774/774/774
f 774/774/774 775/775/775 776/776/776
f 777/777/777 776/776/776 775/775/775
f 776/776/776 777/777/777 778/778/778
f 776/776/776 779/779/779 774/774/774
f 779/779/779 776/776/776 780/780/780
f 780/780/780 776/776/776 781/781/781
f 781/781/781 776/776/776 782/782/782
f 781/781/781 782/782/782 783/783/783
f 780/780/780 784/784/784 779/779/779
f 785/785/785 784/784/784 780/780/780
f 785/785/785 786/786/786 784/784/784
f 788/788/788 787/787/787 777/777/777
f 787/787/787 788/788/788 789/789/789
f 789/789/789 791/791/791 790/790/790
f 791/791/791 789/789/789 792/792/792
f 792/792/792 793/793/793 791/791/791
f 794/794/794 791/791/791 793/793/793
f 791/791/791 794/794/794 795/795/795
f 791/791/791 795/795/795 796/796/796
f 791/791/791 796/796/796 797/797/797
f 797/797/797 796/796/796 798/798/798
f 799/799/799 795/795/795 794/794/794
f 799/799/799 800/800/800 795/795/795
f 792/792/792 801/801/801 793/793/793
f 802/802/802 793/793/793 801/801/801
f 803/803/803 800/800/800 799/799/799
f 802/802/802 801/801/801 804/804/804
f 801/801/801 805/805/805 804/804/804
f 805/805/805 801/801/801 806/806/806
f 805/805/805 806/806/806 769/769/769
f 766/766/766 769/769/769 806/806/806
f 805/805/805 769/769/769 807/807/807
f 805/805/805 807/807/807 804/804/804
f 769/769/769 808/808/808 807/807/807
f 811/811/811 810/810/810 809/809/809
f 811/811/811 809/809/809 812/812/812
f 811/811/811 812/812/812 813/813/813
f 814/814/814 813/813/813 812/812/812
f 815/815/815 813/813/813 814/814/814
f 816/816/816 813/813/813 815/815/815
f 816/816/816 817/817/817 813/813/813
f 813/813/813 817/817/817 818/818/818
f 813/813/813 818/818/818 811/811/811
f 818/818/818 817/817/817 819/819/819
f 820/820/820 818/818/818 819/819/819
f 818/818/818 820/820/820 821/821/821
f 821/821/821 811/811/811 818/818/818
f 811/811/811 821/821/821 810/810/810
f 822/822/822 820/820/820 819/819/819
f 819/819/819 823/823/823 822/822/822
f 817/817/817 823/823/823 819/819/819
f 824/824/824 823/823/823 817/817/817
f 816/816/816 824/824/824 817/817/817
f 824/824/824 825/825/825 823/823/823
f 815/815/815 814/814/814 826/826/826
f 825/825/825 824/824/824 827/827/827
f 828/828/828 825/825/825 827/827/827
f 827/827/827 829/829/829 828/828/828
f 828/828/828 829/829/829 830/830/830
f 831/831/831 816/816/816 815/815/815
f 831/831/831 824/824/824 816/816/816
f 824/824/824 832/832/832 827/827/827
f 827/827/827 832/832/832 833/833/833
f 834/834/834 827/827/827 833/833/833
f 831/831/831 835/835/835 824/824/824
f 835/835/835 832/832/832 824/824/824
f 833/833/833 832/832/832 835/835/835
f 831/831/831 836/836/836 835/835/835
f 831/831/831 815/815/815 836/836/836
f 836/836/836 815/815/815 837/837/837
f 836/836/836 838/838/838 835/835/835
f 835/835/835 838/838/838 833/833/833
f 841/841/841 840/840/840 839/839/839
f 840/840/840 842/842/842 839/839/839
f 842/842/842 840/840/840 843/843/843
f 843/843/843 840/840/840 844/844/844
f 844/844/844 840/840/840 845/845/845
f 846/846/846 845/845/845 840/840/840
f 847/847/847 841/841/841 839/839/839
f 849/849/849 847/847/847 848/848/848
f 847/847/847 849/849/849 850/850/850
f 847/847/847 850/850/850 851/851/851
f 847/847/847 851/851/851 852/852/852
f 852/852/852 853/853/853 847/847/847
f 856/856/856 855/855/855 854/854/854
f 857/857/857 855/855/855 856/856/856
f 856/856/856 858/858/858 857/857/857
f 857/857/857 858/858/858 859/859/859
f 858/858/858 860/860/860 859/859/859
f 860/860/860 861/861/861 859/859/859
f 862/862/862 861/861/861 860/860/860
f 820/820/820 822/822/822 863/863/863
f 866/866/866 865/865/865 864/864/864
f 865/865/865 867/867/867 864/864/864
f 868/868/868 864/864/864 867/867/867
f 867/867/867 869/869/869 868/868/868
f 867/867/867 870/870/870 869/869/869
f 866/866/866 872/872/872 871/871/871
f 871/871/871 873/873/873 866/866/866
f 872/872/872 874/874/874 871/871/871
f 875/875/875 873/873/873 871/871/871
f 874/874/874 875/875/875 871/871/871
f 872/872/872 876/876/876 874/874/874
f 874/874/874 876/876/876 877/877/877
f 880/880/880 879/879/879 878/878/878
f 881/881/881 879/879/879 880/880/880
f 881/881/881 880/880/880 882/882/882
f 882/882/882 880/880/880 883/883/883
f 880/880/880 884/884/884 883/883/883
f 885/885/885 883/883/883 884/884/884
f 886/886/886 885/885/885 884/884/884
f 887/887/887 885/885/885 886/886/886
f 885/885/885 888/888/888 883/883/883
f 885/885/885 887/887/887 888/888/888
f 889/889/889 888/888/888 887/887/887
f 887/887/887 890/890/890 889/889/889
f 888/888/888 891/891/891 883/883/883
f 889/889/889 891/891/891 888/888/888
f 883/883/883 891/891/891 892/892/892
f 892/892/892 882/882/882 883/883/883
f 892/892/892 891/891/891 893/893/893
f 894/894/894 893/893/893 891/891/891
f 889/889/889 894/894/894 891/891/891
f 892/892/892 893/893/893 895/895/895
f 896/896/896 889/889/889 890/890/890
f 889/889/889 896/896/896 894/894/894
f 897/897/897 892/892/892 895/895/895
f 896/896/896 890/890/890 898/898/898
f 899/899/899 894/894/894 896/896/896
f 899/899/899 900/900/900 894/894/894
f 897/897/897 895/895/895 901/901/901
f 894/894/894 902/902/902 893/893/893
f 897/897/897 901/901/901 903/903/903
f 895/895/895 893/893/893 904/904/904
f 895/895/895 904/904/904 901/901/901
f 904/904/904 893/893/893 902/902/902
f 903/903/903 905/905/905 897/897/897
f 905/905/905 906/906/906 897/897/897
f 906/906/906 892/892/892 897/897/897
f 907/907/907 906/906/906 905/905/905
f 908/908/908 903/903/903 901/901/901
f 908/908/908 901/901/901 904/904/904
f 903/903/903 908/908/908 909/909/909
f 903/903/903 909/909/909 910/910/910
f 903/903/903 910/910/910 905/905/905
f 907/907/907 905/905/905 911/911/911
f 905/905/905 910/910/910 911/911/911
f 904/904/904 900/900/900 912/912/912
f 909/909/909 908/908/908 913/913/913
f 908/908/908 904/904/904 913/913/913
f 904/904/904 912/912/912 913/913/913
f 914/914/914 882/882/882 906/906/906
f 914/914/914 915/915/915 882/882/882
f 916/916/916 915/915/915 914/914/914
f 916/916/916 917/917/917 915/915/915
f 918/918/918 915/915/915 917/917/917
f 915/915/915 918/918/918 879/879/879
f 916/916/916 919/919/919 917/917/917
f 906/906/906 920/920/920 914/914/914
f 914/914/914 920/920/920 916/916/916
f 920/920/920 919/919/919 916/916/916
f 919/919/919 921/921/921 917/917/917
f 906/906/906 922/922/922 920/920/920
f 923/923/923 919/919/919 920/920/920
f 922/922/922 923/923/923 920/920/920
f 924/924/924 919/919/919 923/923/923
f 919/919/919 924/924/924 925/925/925
f 926/926/926 924/924/924 923/923/923
f 927/927/927 923/923/923 922/922/922
f 926/926/926 923/923/923 927/927/927
f 927/927/927 922/922/922 928/928/928
f 922/922/922 906/906/906 928/928/928
f 927/927/927 928/928/928 929/929/929
f 917/917/917 930/930/930 918/918/918
f 930/930/930 931/931/931 918/918/918
f 932/932/932 930/930/930 917/917/917
f 906/906/906 882/882/882 892/892/892
f 915/915/915 881/881/881 882/882/882
f 915/915/915 879/879/879 881/881/881
f 934/934/934 770/770/770 933/933/933
f 935/935/935 934/934/934 933/933/933
f 933/933/933 770/770/770 772/772/772
f 938/938/938 937/937/937 936/936/936
f 936/936/936 939/939/939 938/938/938
f 939/939/939 940/940/940 938/938/938
f 941/941/941 939/939/939 936/936/936
f 936/936/936 942/942/942 941/941/941
f 943/943/943 942/942/942 936/936/936
f 937/937/937 943/943/943 936/936/936
f 944/944/944 940/940/940 939/939/939
f 940/940/940 944/944/944 945/945/945
f 944/944/944 946/946/946 945/945/945
f 947/947/947 939/939/939 941/941/941
f 944/944/944 939/939/939 947/947/947
f 948/948/948 944/944/944 947/947/947
f 948/948/948 949/949/949 944/944/944
f 948/948/948 950/950/950 949/949/949
f 953/953/953 952/952/952 951/951/951
f 956/956/956 955/955/955 954/954/954
f 954/954/954 955/955/955 957/957/957
f 957/957/957 955/955/955 958/958/958
f 958/958/958 959/959/959 957/957/957
f 958/958/958 960/960/960 959/959/959
f 958/958/958 961/961/961 960/960/960
f 962/962/962 961/961/961 958/958/958
f 962/962/962 958/958/958 963/963/963
f 963/963/963 958/958/958 955/955/955
f 962/962/962 963/963/963 964/964/964
f 963/963/963 965/965/965 964/964/964
f 965/965/965 963/963/963 966/966/966
f 955/955/955 966/966/966 963/963/963
f 966/966/966 955/955/955 956/956/956
f 965/965/965 967/967/967 964/964/964
f 968/968/968 964/964/964 967/967/967
f 968/968/968 962/962/962 964/964/964
f 968/968/968 969/969/969 962/962/962
f 969/969/969 961/961/961 962/962/962
f 970/970/970 969/969/969 968/968/968
f 959/959/959 960/960/960 971/971/971
f 969/969/969 970/970/970 972/972/972
f 970/970/970 973/973/973 972/972/972
f 974/974/974 972/972/972 973/973/973
f 974/974/974 973/973/973 975/975/975
f 961/961/961 976/976/976 960/960/960
f 969/969/969 976/976/976 961/961/961
f 977/977/977 969/969/969 972/972/972
f 977/977/977 972/972/972 978/978/978
f 972/972/972 979/979/979 978/978/978
f 980/980/980 976/976/976 969/969/969
f 977/977/977 980/980/980 969/969/969
f 977/977/977 978/978/978 980/980/980
f 981/981/981 976/976/976 980/980/980
f 960/960/960 976/976/976 981/981/981
f 960/960/960 981/981/981 982/982/982
f 983/983/983 981/981/981 980/980/980
f 983/983/983 980/980/980 978/978/978
f 986/986/986 985/985/985 984/984/984
f 986/986/986 987/987/987 985/985/985
f 988/988/988 985/985/985 987/987/987
f 988/988/988 987/987/987 989/989/989
f 990/990/990 988/988/988 989/989/989
f 991/991/991 990/990/990 989/989/989
f 992/992/992 990/990/990 991/991/991
f 967/967/967 965/965/965 993/993/993
f 996/996/996 995/995/995 994/994/994
f 996/996/996 994/994/994 997/997/997
f 998/998/998 997/997/997 994/994/994
f 999/999/999 997/997/997 998/998/998
f 1000/1000/1000 997/997/997 999/999/999
f 1002/1002/1002 995/995/995 1001/1001/1001
f 1003/1003/1003 1001/1001/1001 995/995/995
f 1004/1004/1004 1002/1002/1002 1001/1001/1001
f 1003/1003/1003 1005/1005/1005 1001/1001/1001
f 1005/1005/1005 1004/1004/1004 1001/1001/1001
f 1006/1006/1006 1002/1002/1002 1004/1004/1004
f 1006/1006/1006 1004/1004/1004 1007/1007/1007
f 1010/1010/1010 1009/1009/1009 1008/1008/1008
f 1010/1010/1010 1011/1011/1011 1009/1009/1009
f 1009/1009/1009 1011/1011/1011 1012/1012/1012
f 1009/1009/1009 1012/1012/1012 1013/1013/1013
f 1014/1014/1014 1009/1009/1009 1013/1013/1013
f 1013/1013/1013 1015/1015/1015 1014/1014/1014
f 1015/1015/1015 1016/1016/1016 1014/1014/1014
f 1015/1015/1015 1017/1017/1017 1016/1016/1016
f 1018/1018/1018 1015/1015/1015 1013/1013/1013
f 1017/1017/1017 1015/1015/1015 1018/1018/1018
f 1018/1018/1018 1019/1019/1019 1017/1017/1017
f 1020/1020/1020 1017/1017/1017 1019/1019/1019
f 1021/1021/1021 1018/1018/1018 1013/1013/1013
f 1021/1021/1021 1019/1019/1019 1018/1018/1018
f 1021/1021/1021 1013/1013/1013 1022/1022/1022
f 1012/1012/1012 1022/1022/1022 1013/1013/1013
f 1021/1021/1021 1022/1022/1022 1023/1023/1023
f 1023/1023/1023 1024/1024/1024 1021/1021/1021
f 1024/1024/1024 1019/1019/1019 1021/1021/1021
f 1023/1023/1023 1022/1022/1022 1025/1025/1025
f 1019/1019/1019 1026/1026/1026 1020/1020/1020
f 1026/1026/1026 1019/1019/1019 1024/1024/1024
f 1022/1022/1022 1027/1027/1027 1025/1025/1025
f 1020/1020/1020 1026/1026/1026 1028/1028/1028
f 1024/1024/1024 1029/1029/1029 1026/1026/1026
f 1030/1030/1030 1029/1029/1029 1024/1024/1024
f 1025/1025/1025 1027/1027/1027 1031/1031/1031
f 1032/1032/1032 1024/1024/1024 1023/1023/1023
f 1031/1031/1031 1027/1027/1027 1033/1033/1033
f 1023/1023/1023 1025/1025/1025 1034/1034/1034
f 1034/1034/1034 1025/1025/1025 1031/1031/1031
f 1023/1023/1023 1034/1034/1034 1032/1032/1032
f 1035/1035/1035 1033/1033/1033 1027/1027/1027
f 1036/1036/1036 1035/1035/1035 1027/1027/1027
f 1022/1022/1022 1036/1036/1036 1027/1027/1027
f 1036/1036/1036 1037/1037/1037 1035/1035/1035
f 1033/1033/1033 1038/1038/1038 1031/1031/1031
f 1031/1031/1031 1038/1038/1038 1034/1034/1034
f 1038/1038/1038 1033/1033/1033 1039/1039/1039
f 1039/1039/1039 1033/1033/1033 1040/1040/1040
f 1040/1040/1040 1033/1033/1033 1035/1035/1035
f 1035/1035/1035 1037/1037/1037 1041/1041/1041
f 1040/1040/1040 1035/1035/1035 1041/1041/1041
f 1030/1030/1030 1034/1034/1034 1042/1042/1042
f 1038/1038/1038 1039/1039/1039 1043/1043/1043
f 1034/1034/1034 1038/1038/1038 1043/1043/1043
f 1042/1042/1042 1034/1034/1034 1043/1043/1043
f 1012/1012/1012 1044/1044/1044 1036/1036/1036
f 1045/1045/1045 1044/1044/1044 1012/1012/1012
f 1045/1045/1045 1046/1046/1046 1044/1044/1044
f 1047/1047/1047 1046/1046/1046 1045/1045/1045
f 1045/1045/1045 1048/1048/1048 1047/1047/1047
f 1048/1048/1048 1045/1045/1045 1010/1010/1010
f 1049/1049/1049 1046/1046/1046 1047/1047/1047
f 1050/1050/1050 1036/1036/1036 1044/1044/1044
f 1050/1050/1050 1044/1044/1044 1046/1046/1046
f 1049/1049/1049 1050/1050/1050 1046/1046/1046
f 1051/1051/1051 1049/1049/1049 1047/1047/1047
f 1049/1049/1049 1052/1052/1052 1050/1050/1050
f 1052/1052/1052 1053/1053/1053 1050/1050/1050
f 1053/1053/1053 1036/1036/1036 1050/1050/1050
f 1049/1049/1049 1054/1054/1054 1052/1052/1052
f 1054/1054/1054 1049/1049/1049 1055/1055/1055
f 1054/1054/1054 1056/1056/1056 1052/1052/1052
f 1052/1052/1052 1057/1057/1057 1053/1053/1053
f 1052/1052/1052 1056/1056/1056 1057/1057/1057
f 1053/1053/1053 1057/1057/1057 1058/1058/1058
f 1036/1036/1036 1053/1053/1053 1058/1058/1058
f 1058/1058/1058 1057/1057/1057 1059/1059/1059
f 1060/1060/1060 1047/1047/1047 1048/1048/1048
f 1061/1061/1061 1060/1060/1060 1048/1048/1048
f 1060/1060/1060 1062/1062/1062 1047/1047/1047
f 1012/1012/1012 1036/1036/1036 1022/1022/1022
f 1011/1011/1011 1045/1045/1045 1012/1012/1012
f 1010/1010/1010 1045/1045/1045 1011/1011/1011
f 1065/1065/1065 1064/1064/1064 1063/1063/1063
f 1066/1066/1066 1063/1063/1063 1064/1064/1064
f 1064/1064/1064 1067/1067/1067 1066/1066/1066
f 1066/1066/1066 1067/1067/1067 1068/1068/1068
f 1069/1069/1069 1068/1068/1068 1067/1067/1067
f 1068/1068/1068 1069/1069/1069 1070/1070/1070
f 1073/1073/1073 1072/1072/1072 1071/1071/1071
f 1074/1074/1074 1071/1071/1071 1072/1072/1072
